# Blender 5.0.1
# www.blender.org
mtllib bamboo_h.mtl
o bamboo_h_culms
usemtl bamboo_h_culms
v 0.091398 0.002600 0.087634
v 0.139959 0.001298 0.059457
v 0.138438 0.001573 0.004246
v 0.091412 0.003070 -0.024813
v 0.042851 0.004372 0.003364
v 0.044372 0.004096 0.058575
v 0.093520 0.074265 0.082530
v 0.137406 0.073102 0.057066
v 0.136032 0.073343 0.007171
v 0.093532 0.074676 -0.019091
v 0.049646 0.075839 0.006373
v 0.051020 0.075598 0.056269
v 0.098912 0.265978 0.079612
v 0.139654 0.264945 0.055973
v 0.138377 0.265135 0.009654
v 0.098922 0.266294 -0.014725
v 0.058180 0.267327 0.008914
v 0.059457 0.267137 0.055233
v 0.099544 0.289188 0.092034
v 0.150948 0.287885 0.062209
v 0.149337 0.288125 0.003768
v 0.099556 0.289587 -0.026992
v 0.048153 0.290890 0.002834
v 0.049763 0.290650 0.061274
v 0.100073 0.308585 0.086021
v 0.146227 0.307414 0.059242
v 0.144781 0.307630 0.006769
v 0.100083 0.308943 -0.020849
v 0.053929 0.310113 0.005930
v 0.055375 0.309897 0.058403
v 0.109834 0.660431 0.078935
v 0.148969 0.659315 0.056226
v 0.147741 0.659469 0.011729
v 0.109841 0.660670 -0.011690
v 0.070706 0.661786 0.011019
v 0.071934 0.661631 0.055515
v 0.110530 0.683649 0.090842
v 0.159895 0.682241 0.062196
v 0.158347 0.682436 0.006068
v 0.110539 0.683950 -0.023475
v 0.061173 0.685358 0.005171
v 0.062721 0.685163 0.061299
v 0.111111 0.703039 0.085046
v 0.155427 0.701775 0.059331
v 0.154037 0.701950 0.008943
v 0.111119 0.703310 -0.017577
v 0.066802 0.704573 0.008138
v 0.068192 0.704398 0.058526
v 0.126381 1.127016 0.077786
v 0.163519 1.125395 0.056222
v 0.162353 1.125538 0.013972
v 0.126386 1.127200 -0.008264
v 0.089248 1.128820 0.013300
v 0.090414 1.128678 0.055549
v 0.127421 1.150229 0.089071
v 0.174258 1.148185 0.061876
v 0.172788 1.148364 0.008593
v 0.127428 1.150460 -0.019450
v 0.080591 1.152504 0.007745
v 0.082061 1.152325 0.061028
v 0.128289 1.169605 0.083554
v 0.170327 1.167770 0.059145
v 0.169008 1.167931 0.011320
v 0.128295 1.169812 -0.013850
v 0.086257 1.171647 0.010559
v 0.087576 1.171486 0.058384
v 0.155808 1.635670 0.075974
v 0.190675 1.633148 0.055694
v 0.189577 1.633249 0.015962
v 0.155806 1.635713 -0.004948
v 0.120939 1.638235 0.015332
v 0.122037 1.638134 0.055064
v 0.157579 1.658877 0.086534
v 0.201523 1.655470 0.060964
v 0.200138 1.655584 0.010867
v 0.157573 1.658891 -0.015497
v 0.113629 1.662297 0.010073
v 0.115014 1.662184 0.060170
v 0.159077 1.678203 0.081302
v 0.198512 1.675146 0.058355
v 0.197269 1.675248 0.013400
v 0.159071 1.678215 -0.010259
v 0.119637 1.681273 0.012687
v 0.120880 1.681170 0.057643
v 0.206420 2.158433 0.072294
v 0.238814 2.154498 0.053367
v 0.237776 2.154452 0.016280
v 0.206381 2.158093 -0.003241
v 0.173987 2.162028 0.015686
v 0.175025 2.162074 0.052773
v 0.209290 2.181607 0.082011
v 0.250087 2.176351 0.058154
v 0.248774 2.176257 0.011406
v 0.209230 2.181086 -0.013202
v 0.168433 2.186342 0.010655
v 0.169746 2.186436 0.057404
v 0.211701 2.200812 0.077010
v 0.248303 2.196097 0.055606
v 0.247125 2.196012 0.013664
v 0.211646 2.200345 -0.008413
v 0.175044 2.205060 0.012991
v 0.176222 2.205145 0.054933
v 0.283296 2.669408 0.064629
v 0.313093 2.663795 0.047068
v 0.312084 2.663455 0.012624
v 0.283152 2.668371 -0.005522
v 0.253356 2.673983 0.012039
v 0.254365 2.674324 0.046483
v 0.287511 2.692497 0.073391
v 0.324994 2.685071 0.051267
v 0.323711 2.684577 0.007863
v 0.287301 2.691037 -0.015007
v 0.249819 2.698463 0.007116
v 0.251102 2.698958 0.050520
v 0.291082 2.711468 0.068514
v 0.324703 2.704808 0.048670
v 0.323551 2.704364 0.009739
v 0.290893 2.710159 -0.010776
v 0.257273 2.716820 0.009068
v 0.258424 2.717264 0.048000
v 0.386369 3.145667 0.050880
v 0.413480 3.138139 0.034659
v 0.412438 3.137333 0.002745
v 0.385989 3.143577 -0.014115
v 0.358878 3.151105 0.002105
v 0.359920 3.151911 0.034020
v 0.392214 3.168453 0.058565
v 0.426367 3.158969 0.038131
v 0.425054 3.157954 -0.002074
v 0.391734 3.165819 -0.023314
v 0.357581 3.175302 -0.002879
v 0.358894 3.176318 0.037325
v 0.397018 3.187078 0.053707
v 0.427645 3.178574 0.035383
v 0.426467 3.177663 -0.000670
v 0.396588 3.184717 -0.019717
v 0.365962 3.193220 -0.001392
v 0.367140 3.194131 0.034660
v 0.510774 3.568086 0.029964
v 0.535337 3.559073 0.015000
v 0.534217 3.557810 -0.014596
v 0.510079 3.564987 -0.030304
v 0.485516 3.574000 -0.015340
v 0.486636 3.575263 0.014255
v 0.518478 3.590591 0.036483
v 0.549248 3.578763 0.017665
v 0.547794 3.577042 -0.019598
v 0.517503 3.586397 -0.039400
v 0.486733 3.598225 -0.020582
v 0.488187 3.599946 0.016682
v 0.524783 3.608654 0.031465
v 0.552368 3.598049 0.014595
v 0.551064 3.596507 -0.018811
v 0.523909 3.604893 -0.036563
v 0.496324 3.615497 -0.019693
v 0.497627 3.617040 0.013714
v 0.647568 3.922993 0.002480
v 0.669589 3.912274 -0.011311
v 0.668293 3.910436 -0.038863
v 0.646358 3.918634 -0.053618
v 0.624336 3.929353 -0.039828
v 0.625633 3.931191 -0.012276
v 0.657076 3.944988 0.007848
v 0.684559 3.930948 -0.009464
v 0.682855 3.928471 -0.044136
v 0.655392 3.939136 -0.062743
v 0.627909 3.953176 -0.045431
v 0.629614 3.955653 -0.010759
v 0.664938 3.962286 0.002539
v 0.689569 3.949703 -0.012977
v 0.688041 3.947482 -0.044051
v 0.663428 3.957041 -0.060728
v 0.638797 3.969624 -0.045212
v 0.640325 3.971845 -0.014138
v 0.783715 4.202977 -0.028780
v 0.803370 4.190731 -0.041519
v 0.801824 4.188330 -0.067357
v 0.781855 4.197392 -0.081375
v 0.762200 4.209639 -0.068636
v 0.763746 4.212040 -0.042799
v 0.794965 4.224030 -0.024526
v 0.819702 4.208616 -0.040559
v 0.817756 4.205595 -0.073077
v 0.792624 4.217000 -0.090720
v 0.767887 4.232413 -0.074687
v 0.769832 4.235435 -0.042169
v 0.804269 4.240707 -0.030173
v 0.826138 4.226364 -0.044469
v 0.824299 4.223484 -0.073584
v 0.801961 4.234030 -0.089434
v 0.780092 4.248374 -0.075138
v 0.781931 4.251254 -0.046024
v 0.904529 4.407830 -0.059341
v 0.922108 4.394309 -0.071186
v 0.920269 4.391408 -0.095674
v 0.901951 4.401164 -0.109174
v 0.884372 4.414685 -0.097329
v 0.886211 4.417585 -0.072841
v 0.917494 4.427954 -0.056134
v 0.939612 4.410941 -0.071037
v 0.937298 4.407291 -0.101849
v 0.914250 4.419566 -0.118835
v 0.892131 4.436578 -0.103932
v 0.894445 4.440228 -0.073120
v 0.927851 4.443569 -0.062089
v 0.947665 4.428329 -0.075440
v 0.945592 4.425059 -0.103041
v 0.924945 4.436055 -0.118258
v 0.905131 4.451295 -0.104907
v 0.907204 4.454565 -0.077306
v 1.010632 4.561202 -0.089315
v 1.026231 4.548167 -0.100018
v 1.024393 4.545286 -0.122353
v 1.007931 4.554605 -0.134760
v 0.992332 4.567640 -0.124058
v 0.994169 4.570521 -0.101722
v 0.203271 2.176843 0.069504
v 0.207977 2.183983 0.067015
v 0.200464 2.188067 0.064526
v 0.195758 2.180927 0.067015
v 0.192291 2.220849 0.169723
v 0.195424 2.226099 0.169104
v 0.190174 2.229103 0.168016
v 0.187042 2.223852 0.168634
v 0.180627 2.217364 0.279035
v 0.182979 2.221525 0.279444
v 0.178827 2.223905 0.279105
v 0.176475 2.219744 0.278695
v 0.185734 2.186203 0.011744
v 0.192467 2.185744 0.006753
v 0.186812 2.179541 0.006753
v 0.155153 2.214072 -0.034193
v 0.159882 2.213737 -0.037662
v 0.156150 2.209211 -0.037339
v 0.121394 2.232523 -0.082564
v 0.126141 2.232177 -0.086008
v 0.122643 2.227503 -0.085349
v 0.316786 2.686195 0.039911
v 0.317434 2.680331 0.034116
v 0.318345 2.686160 0.028320
v 0.317697 2.692024 0.034116
v 0.414475 2.683997 0.051224
v 0.414140 2.680047 0.047119
v 0.415546 2.683974 0.043225
v 0.415881 2.687924 0.047329
v 0.503724 2.644262 0.062581
v 0.502812 2.641150 0.059046
v 0.504620 2.644244 0.055856
v 0.505531 2.647356 0.059391
v 0.266763 2.695247 0.052539
v 0.264095 2.701012 0.047053
v 0.260706 2.693334 0.047053
v 0.224437 2.713947 0.090830
v 0.222035 2.718147 0.087497
v 0.220374 2.712552 0.086822
v 0.180957 2.711108 0.132143
v 0.178009 2.715340 0.129330
v 0.177076 2.709703 0.127962
v 0.408850 3.164515 -0.004134
v 0.407172 3.157923 -0.007662
v 0.401275 3.161313 -0.011191
v 0.402953 3.167905 -0.007662
v 0.485953 3.197084 -0.104267
v 0.484212 3.192388 -0.105963
v 0.480443 3.194803 -0.108778
v 0.482185 3.199498 -0.107082
v 0.565698 3.177515 -0.205695
v 0.563581 3.173297 -0.206555
v 0.560438 3.175466 -0.209458
v 0.562554 3.179685 -0.208597
v 0.494843 3.597724 -0.010857
v 0.500550 3.597572 -0.015094
v 0.497280 3.592892 -0.019331
v 0.491573 3.593045 -0.015094
v 0.444857 3.696790 -0.083612
v 0.448806 3.696666 -0.086519
v 0.446904 3.692846 -0.088939
v 0.442955 3.692971 -0.086032
v 0.377935 3.760790 -0.178632
v 0.381810 3.760653 -0.181456
v 0.380349 3.756454 -0.183257
v 0.376474 3.756591 -0.180432
v 0.542817 3.579163 -0.006546
v 0.538931 3.576258 -0.013395
v 0.542224 3.583978 -0.013395
v 0.621605 3.545557 -0.038537
v 0.618603 3.543671 -0.043222
v 0.621657 3.548682 -0.043511
v 0.687561 3.487606 -0.064026
v 0.684302 3.485914 -0.068612
v 0.688040 3.490412 -0.069165
v 0.645274 3.946014 -0.002053
v 0.650456 3.948214 -0.005960
v 0.646033 3.951698 -0.009867
v 0.640850 3.949498 -0.005960
v 0.669422 4.126703 0.129906
v 0.673084 4.128468 0.127359
v 0.670042 4.131264 0.124921
v 0.666380 4.129498 0.127468
v 0.700122 4.270869 0.299955
v 0.703822 4.272835 0.297619
v 0.700840 4.275949 0.295517
v 0.697140 4.273983 0.297852
v 0.660074 3.941774 -0.050802
v 0.655404 3.935146 -0.052971
v 0.652036 3.942833 -0.052971
v 0.691539 3.955537 -0.165517
v 0.688024 3.950875 -0.166180
v 0.685951 3.956282 -0.167172
v 0.723389 3.924579 -0.276710
v 0.719633 3.920064 -0.276529
v 0.717840 3.925300 -0.278501
v 0.805734 4.215119 -0.036394
v 0.807790 4.209920 -0.040358
v 0.811250 4.214311 -0.044321
v 0.809195 4.219510 -0.040358
v 0.931583 4.196676 0.051278
v 0.932510 4.193169 0.048140
v 0.935365 4.196131 0.045673
v 0.934438 4.199638 0.048811
v 1.043862 4.126768 0.131083
v 1.044303 4.123500 0.127599
v 1.047568 4.126260 0.125423
v 1.047127 4.129528 0.128907
v 0.775510 4.230920 -0.046087
v 0.776809 4.235403 -0.053063
v 0.771182 4.229174 -0.053063
v 0.688034 4.309949 -0.013121
v 0.688618 4.313350 -0.017876
v 0.685131 4.308624 -0.018054
v 0.587298 4.367027 0.026587
v 0.587532 4.370652 0.021970
v 0.584532 4.365614 0.021600
v 0.925129 4.416372 -0.105059
v 0.920716 4.411985 -0.107931
v 0.917370 4.417231 -0.110803
v 0.921783 4.421618 -0.107931
v 1.066223 4.400758 -0.300458
v 1.062791 4.397782 -0.301999
v 1.060859 4.401341 -0.304570
v 1.064290 4.404318 -0.303029
v 1.194693 4.296065 -0.476141
v 1.190935 4.293292 -0.477236
v 1.189392 4.296607 -0.480340
v 1.193150 4.299381 -0.479245
v 0.178496 0.001439 0.268518
v 0.224121 0.000757 0.243932
v 0.224115 0.002202 0.191297
v 0.178579 0.004231 0.166682
v 0.132954 0.004913 0.191268
v 0.132960 0.003468 0.243903
v 0.180660 0.074310 0.265577
v 0.221861 0.073692 0.243375
v 0.221855 0.074993 0.195845
v 0.180735 0.076826 0.173618
v 0.139535 0.077444 0.195819
v 0.139541 0.076142 0.243350
v 0.186464 0.269389 0.267473
v 0.224618 0.268810 0.246912
v 0.224612 0.269988 0.202896
v 0.186532 0.271665 0.182311
v 0.148378 0.272244 0.202871
v 0.148385 0.271066 0.246888
v 0.187144 0.292333 0.279224
v 0.235269 0.291603 0.253290
v 0.235261 0.293088 0.197769
v 0.187229 0.295204 0.171805
v 0.139103 0.295934 0.197738
v 0.139112 0.294448 0.253259
v 0.187719 0.311864 0.274242
v 0.230920 0.311209 0.250962
v 0.230913 0.312526 0.201121
v 0.187795 0.314409 0.177813
v 0.144593 0.315063 0.201094
v 0.144601 0.313747 0.250934
v 0.198048 0.673883 0.275816
v 0.234479 0.673352 0.256185
v 0.234470 0.674352 0.214153
v 0.198106 0.675816 0.194494
v 0.161674 0.676348 0.214126
v 0.161684 0.675348 0.256158
v 0.198677 0.696876 0.286983
v 0.244619 0.696205 0.262227
v 0.244606 0.697466 0.209223
v 0.198750 0.699313 0.184433
v 0.152809 0.699983 0.209189
v 0.152822 0.698722 0.262193
v 0.199211 0.716391 0.282185
v 0.240443 0.715794 0.259968
v 0.240431 0.716905 0.212397
v 0.199275 0.718538 0.190148
v 0.158044 0.719136 0.212366
v 0.158056 0.718025 0.259937
v 0.210705 1.150566 0.284191
v 0.245021 1.150060 0.265699
v 0.245010 1.150932 0.226105
v 0.210756 1.152252 0.207587
v 0.176440 1.152759 0.226079
v 0.176451 1.151886 0.265672
v 0.211316 1.173592 0.294687
v 0.254578 1.172954 0.271375
v 0.254565 1.174054 0.221459
v 0.211380 1.175718 0.198113
v 0.168118 1.176357 0.221425
v 0.168132 1.175256 0.271341
v 0.211837 1.193064 0.290154
v 0.250655 1.192479 0.269236
v 0.250643 1.193476 0.224448
v 0.211895 1.194990 0.203501
v 0.173077 1.195575 0.224419
v 0.173089 1.194578 0.269207
v 0.226312 1.664209 0.294151
v 0.258278 1.663501 0.276915
v 0.258278 1.664611 0.240032
v 0.226378 1.666354 0.222791
v 0.194411 1.667062 0.240026
v 0.194412 1.665952 0.276910
v 0.227192 1.687163 0.304137
v 0.267480 1.686270 0.282414
v 0.267479 1.687669 0.235929
v 0.227275 1.689865 0.214200
v 0.186988 1.690758 0.235922
v 0.186988 1.689359 0.282407
v 0.227938 1.706662 0.300088
v 0.264078 1.705862 0.280602
v 0.264077 1.707116 0.238902
v 0.228012 1.709087 0.219410
v 0.191872 1.709887 0.238896
v 0.191872 1.708633 0.280596
v 0.253423 2.182767 0.312152
v 0.282943 2.181526 0.296194
v 0.282984 2.183317 0.262128
v 0.253565 2.186228 0.246243
v 0.224045 2.187469 0.262201
v 0.224004 2.185678 0.296267
v 0.255109 2.205312 0.321985
v 0.292291 2.203612 0.301872
v 0.292356 2.206041 0.258962
v 0.255312 2.210006 0.238965
v 0.218130 2.211706 0.259078
v 0.218066 2.209277 0.301988
v 0.256591 2.224851 0.318794
v 0.289936 2.223326 0.300757
v 0.289994 2.225504 0.262275
v 0.256773 2.229060 0.244341
v 0.223428 2.230584 0.262378
v 0.223370 2.228406 0.300860
v 0.304201 2.676508 0.346319
v 0.331246 2.674152 0.331536
v 0.331438 2.677260 0.300290
v 0.304630 2.682514 0.285864
v 0.277586 2.684871 0.300647
v 0.277393 2.681763 0.331893
v 0.307396 2.698646 0.356458
v 0.341456 2.695678 0.337841
v 0.341699 2.699593 0.298488
v 0.307936 2.706210 0.280320
v 0.273875 2.709178 0.298937
v 0.273633 2.705264 0.338290
v 0.310099 2.717910 0.354411
v 0.340605 2.715044 0.337698
v 0.340857 2.718786 0.302441
v 0.310650 2.725142 0.286197
v 0.280144 2.728007 0.302909
v 0.279892 2.724265 0.338166
v 0.386002 3.119213 0.400335
v 0.410641 3.115683 0.386555
v 0.411095 3.120033 0.357986
v 0.386931 3.127618 0.345060
v 0.362293 3.131148 0.358840
v 0.361839 3.126798 0.387409
v 0.391263 3.140144 0.411111
v 0.422212 3.135409 0.393716
v 0.422855 3.141189 0.357799
v 0.392572 3.151312 0.341618
v 0.361622 3.156047 0.359013
v 0.360979 3.150267 0.394930
v 0.395897 3.159310 0.410576
v 0.423635 3.155066 0.394987
v 0.424212 3.160246 0.362796
v 0.397070 3.169318 0.348295
v 0.369333 3.173562 0.363884
v 0.368756 3.168382 0.396075
v 0.494840 3.489063 0.470039
v 0.517133 3.484132 0.456977
v 0.518040 3.489825 0.430886
v 0.496641 3.500062 0.419556
v 0.474348 3.504993 0.432617
v 0.473441 3.499300 0.458709
v 0.502119 3.508742 0.481424
v 0.530048 3.502198 0.464907
v 0.531309 3.509686 0.432149
v 0.504614 3.523208 0.418043
v 0.476685 3.529752 0.434560
v 0.475424 3.522264 0.467318
v 0.508930 3.527175 0.482423
v 0.533953 3.521312 0.467625
v 0.535082 3.528021 0.438276
v 0.511165 3.540136 0.425638
v 0.486142 3.546000 0.440436
v 0.485013 3.539291 0.469785
v 0.614940 3.774721 0.544617
v 0.635056 3.768517 0.531994
v 0.636538 3.775313 0.508048
v 0.617846 3.787848 0.498285
v 0.597730 3.794050 0.510908
v 0.596249 3.787255 0.534854
v 0.624671 3.793010 0.556886
v 0.649977 3.785207 0.541007
v 0.651840 3.793755 0.510884
v 0.628328 3.809523 0.498603
v 0.603022 3.817326 0.514482
v 0.601159 3.808778 0.544605
v 0.633284 3.810523 0.559090
v 0.655949 3.803534 0.544868
v 0.657618 3.811190 0.517888
v 0.636559 3.825313 0.506888
v 0.613894 3.832301 0.521111
v 0.612225 3.824645 0.548090
v 0.726398 3.976073 0.611997
v 0.744796 3.969099 0.599669
v 0.746748 3.976494 0.577357
v 0.730212 3.990357 0.568825
v 0.711815 3.997331 0.581152
v 0.709862 3.989936 0.603464
v 0.737803 3.992872 0.624773
v 0.760939 3.984103 0.609270
v 0.763395 3.993401 0.581212
v 0.742600 4.010836 0.570482
v 0.719464 4.019606 0.585984
v 0.717008 4.010307 0.614043
v 0.747968 4.009345 0.627948
v 0.768684 4.001492 0.614066
v 0.770882 4.009818 0.588942
v 0.752262 4.025429 0.579334
v 0.731546 4.033282 0.593216
v 0.729348 4.024956 0.618340
v 0.818125 4.111614 0.665283
v 0.834668 4.104856 0.653868
v 0.836672 4.111940 0.633624
v 0.822035 4.125299 0.626113
v 0.805493 4.132056 0.637528
v 0.803489 4.124971 0.657771
v 0.234114 2.206809 0.303126
v 0.233760 2.213478 0.298632
v 0.227975 2.210142 0.294138
v 0.228329 2.203473 0.298632
v 0.144055 2.255717 0.380532
v 0.143142 2.260587 0.378021
v 0.139485 2.258151 0.374625
v 0.140398 2.253281 0.377135
v 0.047526 2.257225 0.465215
v 0.046138 2.261515 0.463577
v 0.043279 2.259369 0.460378
v 0.044667 2.255079 0.462016
v 0.271137 2.209534 0.254728
v 0.265992 2.203710 0.251556
v 0.263699 2.211784 0.251556
v 0.296387 2.216696 0.197275
v 0.292536 2.212591 0.195588
v 0.291276 2.218282 0.194848
v 0.322709 2.206150 0.140852
v 0.318611 2.202102 0.139697
v 0.317695 2.207714 0.138220
v 0.319458 2.695708 0.344904
v 0.325692 2.693740 0.341421
v 0.325809 2.700275 0.337938
v 0.319575 2.702243 0.341421
v 0.399554 2.753328 0.453248
v 0.403785 2.751925 0.450747
v 0.404098 2.756582 0.448666
v 0.399867 2.757985 0.451166
v 0.483377 2.786191 0.568854
v 0.487280 2.784843 0.566413
v 0.487799 2.789321 0.564770
v 0.483896 2.790669 0.567211
v 0.282317 2.708345 0.309059
v 0.287205 2.709998 0.302440
v 0.282305 2.703184 0.302440
v 0.233335 2.743552 0.280082
v 0.236567 2.744820 0.275342
v 0.233920 2.739593 0.275780
v 0.176129 2.757014 0.248105
v 0.179157 2.758353 0.243251
v 0.177352 2.752836 0.244160
v 0.413254 3.144587 0.364331
v 0.413677 3.139344 0.359938
v 0.409626 3.142699 0.355545
v 0.409203 3.147942 0.359938
v 0.531565 3.206146 0.300636
v 0.531571 3.202343 0.297713
v 0.528920 3.204777 0.294541
v 0.528914 3.208580 0.297464
v 0.658136 3.243682 0.234209
v 0.657844 3.239774 0.231443
v 0.655384 3.242275 0.228170
v 0.655677 3.246183 0.230936
v 0.386511 3.142331 0.401248
v 0.381751 3.148988 0.399386
v 0.378393 3.141295 0.399386
v 0.358559 3.154549 0.510658
v 0.355048 3.159225 0.510089
v 0.352904 3.153821 0.509241
v 0.332402 3.129709 0.618352
v 0.328714 3.134280 0.618510
v 0.326774 3.128998 0.616822
v 0.503112 3.524287 0.431025
v 0.506872 3.520347 0.426865
v 0.501479 3.519593 0.422704
v 0.497719 3.523532 0.426865
v 0.553110 3.667970 0.338484
v 0.555658 3.664985 0.335725
v 0.551866 3.664414 0.332842
v 0.549318 3.667399 0.335601
v 0.611440 3.798625 0.232496
v 0.613897 3.795424 0.229902
v 0.610088 3.794811 0.227051
v 0.607631 3.798012 0.229644
v 0.519264 3.507218 0.465532
v 0.521080 3.501925 0.459276
v 0.524288 3.509681 0.459276
v 0.593412 3.476537 0.511321
v 0.594215 3.473075 0.506642
v 0.597147 3.478147 0.507081
v 0.655578 3.420997 0.551126
v 0.655950 3.417862 0.546171
v 0.659514 3.422456 0.547015
v 0.610334 3.803373 0.542558
v 0.612851 3.808936 0.539447
v 0.606825 3.809923 0.536336
v 0.604308 3.804360 0.539447
v 0.545748 3.924010 0.703643
v 0.547212 3.928351 0.702220
v 0.542940 3.929121 0.700177
v 0.541477 3.924780 0.701599
v 0.469714 3.967704 0.895946
v 0.470853 3.972326 0.895345
v 0.466524 3.973145 0.893447
v 0.465386 3.968524 0.894048
v 0.642511 3.800535 0.514089
v 0.639000 3.795752 0.508153
v 0.637729 3.804049 0.508153
v 0.716742 3.811900 0.459234
v 0.713869 3.808527 0.455375
v 0.713699 3.814378 0.454862
v 0.791179 3.795386 0.406012
v 0.787894 3.792066 0.402448
v 0.788439 3.797825 0.401423
v 0.736866 3.992184 0.619323
v 0.742813 3.989713 0.616980
v 0.744475 3.995935 0.614636
v 0.738528 3.998406 0.616980
v 0.826837 4.036540 0.797836
v 0.830930 4.034783 0.796053
v 0.832271 4.039207 0.794771
v 0.828178 4.040964 0.796554
v 0.917721 4.043363 0.981196
v 0.921742 4.041593 0.979268
v 0.923262 4.046049 0.978349
v 0.919242 4.047819 0.980276
v 0.724098 4.014166 0.597321
v 0.727922 4.015897 0.590052
v 0.720345 4.012288 0.590052
v 0.668061 4.131802 0.594412
v 0.670610 4.133251 0.589321
v 0.665571 4.130230 0.589328
v 0.590698 4.236662 0.592403
v 0.593098 4.238335 0.587308
v 0.588370 4.234847 0.587323
v -0.122836 0.000904 0.164267
v -0.082679 0.003678 0.142614
v -0.082852 0.005670 0.096237
v -0.123013 0.004766 0.074537
v -0.163170 0.001992 0.096190
v -0.162996 0.000000 0.142567
v -0.125711 0.063848 0.162609
v -0.089449 0.066367 0.143057
v -0.089606 0.068179 0.101178
v -0.125872 0.067361 0.081582
v -0.162134 0.064843 0.101135
v -0.161976 0.063031 0.143013
v -0.133399 0.228989 0.166937
v -0.099808 0.231391 0.148826
v -0.099957 0.233139 0.110032
v -0.133554 0.232378 0.091878
v -0.167145 0.229976 0.109989
v -0.166996 0.228227 0.148783
v -0.134472 0.251757 0.177778
v -0.092119 0.254786 0.154942
v -0.092307 0.256990 0.106028
v -0.134668 0.256030 0.083138
v -0.177021 0.253002 0.105974
v -0.176833 0.250797 0.154888
v -0.135397 0.271295 0.173804
v -0.097391 0.274035 0.153313
v -0.097561 0.276037 0.109420
v -0.135575 0.275175 0.088879
v -0.173581 0.272435 0.109370
v -0.173411 0.270434 0.153263
v -0.150122 0.577750 0.181618
v -0.118052 0.580154 0.164330
v -0.118201 0.581951 0.127292
v -0.150282 0.581233 0.109957
v -0.182352 0.578828 0.127245
v -0.182204 0.577031 0.164283
v -0.151232 0.600501 0.192081
v -0.110808 0.603532 0.170289
v -0.110995 0.605797 0.123604
v -0.151434 0.604891 0.101754
v -0.191857 0.601860 0.123546
v -0.191670 0.599595 0.170231
v -0.152184 0.620044 0.188380
v -0.115919 0.622781 0.168830
v -0.116088 0.624833 0.126947
v -0.152367 0.624022 0.107344
v -0.188632 0.621286 0.126894
v -0.188464 0.619234 0.168777
v -0.170565 0.988639 0.200430
v -0.140364 0.991069 0.184153
v -0.140513 0.992939 0.149273
v -0.170733 0.992264 0.132944
v -0.200934 0.989834 0.149221
v -0.200786 0.987964 0.184101
v -0.171735 1.011364 0.210454
v -0.133680 1.014425 0.189944
v -0.133867 1.016782 0.145992
v -0.171947 1.015931 0.125416
v -0.210003 1.012870 0.145926
v -0.209816 1.010513 0.189878
v -0.172743 1.030892 0.207118
v -0.138612 1.033676 0.188723
v -0.138782 1.035828 0.149304
v -0.172937 1.035061 0.130849
v -0.207068 1.032277 0.149243
v -0.206898 1.030125 0.188662
v -0.194954 1.431206 0.224289
v -0.166841 1.433964 0.209152
v -0.167005 1.436159 0.176679
v -0.195160 1.435458 0.161459
v -0.223273 1.432699 0.176596
v -0.223109 1.430505 0.209069
v -0.196352 1.453817 0.234017
v -0.160939 1.457291 0.214950
v -0.161146 1.460056 0.174044
v -0.196612 1.459173 0.154873
v -0.232024 1.455698 0.173940
v -0.231818 1.452934 0.214845
v -0.197553 1.473396 0.231236
v -0.165799 1.476512 0.214139
v -0.165985 1.478990 0.177461
v -0.197785 1.478199 0.160271
v -0.229539 1.475083 0.177367
v -0.229354 1.472605 0.214046
v -0.226657 1.877577 0.257707
v -0.200735 1.881080 0.243791
v -0.200947 1.883947 0.213837
v -0.226965 1.883133 0.199753
v -0.252887 1.879630 0.213669
v -0.252675 1.876763 0.243622
v -0.228572 1.899739 0.267482
v -0.195951 1.904362 0.249980
v -0.196234 1.908160 0.212282
v -0.228992 1.907098 0.194544
v -0.261613 1.902475 0.212046
v -0.261330 1.898677 0.249743
v -0.230270 1.919333 0.265648
v -0.201028 1.923476 0.249960
v -0.201282 1.926881 0.216169
v -0.230645 1.925929 0.200269
v -0.259887 1.921786 0.215957
v -0.259633 1.918381 0.249748
v -0.270841 2.301841 0.307844
v -0.247173 2.306901 0.295267
v -0.247543 2.311176 0.267900
v -0.271462 2.310125 0.254896
v -0.295129 2.305065 0.267474
v -0.294760 2.300790 0.294841
v -0.273716 2.323560 0.318287
v -0.243928 2.329927 0.302457
v -0.244393 2.335308 0.268013
v -0.274498 2.333985 0.251646
v -0.304287 2.327617 0.267476
v -0.303821 2.322237 0.301920
v -0.276202 2.342821 0.317801
v -0.249551 2.348830 0.303665
v -0.250004 2.353925 0.272846
v -0.276974 2.352694 0.258173
v -0.303625 2.346684 0.272308
v -0.303172 2.341589 0.303127
v -0.330417 2.681749 0.379819
v -0.308947 2.688402 0.368635
v -0.309575 2.694159 0.343804
v -0.331546 2.692904 0.331778
v -0.353016 2.686251 0.342963
v -0.352388 2.680494 0.367793
v -0.334508 2.702119 0.391414
v -0.307579 2.710911 0.377446
v -0.308444 2.718545 0.346303
v -0.336074 2.716910 0.331160
v -0.363003 2.708119 0.345128
v -0.362138 2.700485 0.376271
v -0.338216 2.721362 0.392896
v -0.314096 2.729236 0.380385
v -0.314871 2.736074 0.352490
v -0.339619 2.734610 0.338926
v -0.363740 2.726736 0.351437
v -0.362965 2.719898 0.379333
v -0.402232 2.998785 0.471115
v -0.382922 3.007334 0.461477
v -0.384011 3.014906 0.439178
v -0.404260 3.013454 0.427973
v -0.423569 3.004904 0.437611
v -0.422480 2.997333 0.459911
v -0.407523 3.017726 0.484005
v -0.383374 3.028960 0.472061
v -0.384869 3.038939 0.444186
v -0.410317 3.037061 0.430078
v -0.434466 3.025828 0.442022
v -0.432971 3.015848 0.469897
v -0.412596 3.036304 0.487733
v -0.390974 3.046361 0.477038
v -0.392312 3.055297 0.452080
v -0.415098 3.053615 0.439448
v -0.436720 3.043558 0.450143
v -0.435382 3.034622 0.475100
v -0.477289 3.243762 0.570451
v -0.459837 3.253608 0.562219
v -0.461397 3.262463 0.542140
v -0.480236 3.260919 0.531606
v -0.497688 3.251073 0.539838
v -0.496128 3.242218 0.559917
v -0.483888 3.260954 0.584993
v -0.462126 3.273824 0.574884
v -0.464257 3.285435 0.549877
v -0.487920 3.283448 0.536615
v -0.509682 3.270578 0.546724
v -0.507551 3.258967 0.571731
v -0.490071 3.278662 0.590632
v -0.470593 3.290181 0.581584
v -0.472500 3.300574 0.559202
v -0.493680 3.298795 0.547332
v -0.513157 3.287276 0.556380
v -0.511250 3.276884 0.578762
v -0.544286 3.415707 0.661906
v -0.528525 3.426927 0.655153
v -0.530731 3.437166 0.637170
v -0.548488 3.435543 0.627117
v -0.564250 3.424323 0.633870
v -0.562044 3.414084 0.651854
v -0.551954 3.431631 0.677882
v -0.532151 3.445729 0.669398
v -0.534922 3.458594 0.646802
v -0.557234 3.456555 0.634172
v -0.577038 3.442457 0.642656
v -0.574266 3.429592 0.665252
v -0.559071 3.448333 0.685178
v -0.541352 3.460947 0.677587
v -0.543832 3.472458 0.657369
v -0.563795 3.470633 0.646068
v -0.581515 3.458019 0.653660
v -0.579035 3.446508 0.673878
v -0.599683 3.534269 0.738341
v -0.585547 3.545040 0.732527
v -0.587804 3.554909 0.716460
v -0.603988 3.553387 0.707262
v -0.618123 3.542616 0.713076
v -0.615867 3.532747 0.729142
v -0.241825 1.907741 0.210435
v -0.235730 1.907792 0.206801
v -0.237848 1.902076 0.203167
v -0.243943 1.902025 0.206801
v -0.280430 1.962709 0.144305
v -0.276226 1.962747 0.141795
v -0.277512 1.958574 0.139579
v -0.281716 1.958537 0.142089
v -0.323875 2.005100 0.072207
v -0.319758 2.005139 0.069745
v -0.320836 2.000855 0.067874
v -0.324953 2.000817 0.070335
v -0.203304 1.905151 0.239468
v -0.201102 1.901346 0.232319
v -0.202947 1.909534 0.232319
v -0.153338 1.916411 0.247387
v -0.152118 1.913695 0.242322
v -0.152718 1.919538 0.242452
v -0.102440 1.915114 0.256959
v -0.101545 1.912386 0.251833
v -0.101445 1.918255 0.252095
v -0.288725 2.323469 0.304583
v -0.291344 2.328714 0.301033
v -0.295264 2.324355 0.297484
v -0.292646 2.319110 0.301033
v -0.382467 2.336185 0.390524
v -0.384802 2.339859 0.388510
v -0.387129 2.336806 0.385634
v -0.384794 2.333130 0.387648
v -0.472180 2.301487 0.474671
v -0.475008 2.305038 0.473120
v -0.476925 2.302088 0.469860
v -0.474097 2.298537 0.471411
v -0.260093 2.336503 0.266788
v -0.260711 2.329397 0.262365
v -0.267045 2.334904 0.262365
v -0.235850 2.364336 0.216210
v -0.236730 2.358963 0.214002
v -0.240817 2.363127 0.213314
v -0.207845 2.370259 0.160542
v -0.209197 2.364684 0.159273
v -0.212918 2.369004 0.157858
v -0.328622 2.703677 0.382838
v -0.322034 2.702761 0.381188
v -0.321525 2.709394 0.379538
v -0.328113 2.710310 0.381188
v -0.290794 2.734169 0.512692
v -0.286210 2.733514 0.511442
v -0.285658 2.738256 0.510980
v -0.290243 2.738911 0.512230
v -0.253318 2.721556 0.645573
v -0.248760 2.720902 0.644225
v -0.248011 2.725635 0.644463
v -0.252569 2.726288 0.645810
v -0.357287 2.706167 0.362259
v -0.357135 2.710361 0.354991
v -0.357390 2.701972 0.354991
v -0.454603 2.709125 0.360478
v -0.455059 2.712024 0.355388
v -0.454114 2.706225 0.355392
v -0.545949 2.675417 0.360170
v -0.546949 2.678173 0.355078
v -0.544915 2.672661 0.355086
v -0.389589 3.033155 0.460135
v -0.385903 3.029939 0.455337
v -0.388571 3.034040 0.450538
v -0.392257 3.037257 0.455337
v -0.231001 3.170853 0.488184
v -0.228607 3.168452 0.484790
v -0.230237 3.171513 0.481475
v -0.232631 3.173913 0.484869
v -0.052729 3.280458 0.521364
v -0.050533 3.277924 0.517934
v -0.051911 3.281154 0.514666
v -0.054107 3.283688 0.518096
v -0.409006 3.020753 0.477434
v -0.416831 3.022373 0.474870
v -0.413964 3.014485 0.474870
v -0.437714 3.010299 0.554328
v -0.443257 3.011393 0.552716
v -0.440934 3.006071 0.551824
v -0.462364 2.972918 0.623892
v -0.467969 2.973937 0.622453
v -0.465346 2.968975 0.620715
v -0.487208 3.283355 0.547287
v -0.481668 3.282559 0.543332
v -0.485125 3.278157 0.539377
v -0.490664 3.278954 0.543332
v -0.551371 3.443443 0.423366
v -0.547449 3.442791 0.420682
v -0.549623 3.439188 0.418380
v -0.553546 3.439840 0.421064
v -0.635810 3.553593 0.262630
v -0.631837 3.552862 0.260042
v -0.633732 3.548826 0.258273
v -0.637704 3.549557 0.260860
v -0.475932 3.271012 0.576916
v -0.470330 3.266230 0.572892
v -0.469489 3.274581 0.572892
v -0.422653 3.265644 0.654862
v -0.419015 3.262366 0.651617
v -0.417931 3.268091 0.652366
v -0.373941 3.231860 0.728528
v -0.370577 3.228729 0.724868
v -0.369013 3.234197 0.726342
v -0.569878 3.437346 0.659313
v -0.571820 3.442123 0.654799
v -0.573402 3.437216 0.650286
v -0.571460 3.432438 0.654799
v -0.721944 3.431705 0.717210
v -0.723890 3.434967 0.714280
v -0.724396 3.431615 0.710885
v -0.722450 3.428353 0.713815
v -0.860737 3.366148 0.771478
v -0.863244 3.369211 0.768767
v -0.863173 3.366064 0.765147
v -0.860666 3.363002 0.767858
v -0.547286 3.457443 0.647355
v -0.543864 3.453259 0.640934
v -0.552084 3.454955 0.640934
v -0.526040 3.560412 0.589913
v -0.523773 3.556933 0.585756
v -0.529475 3.558343 0.585619
v -0.496955 3.647998 0.513529
v -0.494838 3.644012 0.509767
v -0.500479 3.645627 0.509470
v -0.103267 0.003346 -0.015088
v -0.062372 0.005348 -0.043067
v -0.078791 0.003822 -0.090036
v -0.127958 0.000991 -0.090481
v -0.143798 0.000668 -0.043172
v -0.106634 0.061419 -0.019817
v -0.069705 0.063199 -0.045082
v -0.084532 0.061838 -0.087496
v -0.128933 0.059319 -0.087899
v -0.143237 0.059035 -0.045178
v -0.114845 0.212554 -0.024364
v -0.080616 0.214044 -0.047774
v -0.094361 0.212882 -0.087078
v -0.135516 0.210761 -0.087453
v -0.148773 0.210537 -0.047867
v -0.116046 0.235885 -0.015632
v -0.072898 0.237764 -0.045142
v -0.090224 0.236299 -0.094687
v -0.142103 0.233625 -0.095160
v -0.158814 0.233342 -0.045259
v -0.117012 0.255181 -0.020328
v -0.078296 0.256807 -0.046804
v -0.093843 0.255531 -0.091256
v -0.140393 0.253212 -0.091681
v -0.155387 0.252973 -0.046910
v -0.129718 0.535788 -0.029387
v -0.097018 0.536903 -0.051738
v -0.110153 0.535994 -0.089272
v -0.149471 0.534384 -0.089635
v -0.162134 0.534241 -0.051834
v -0.130672 0.559112 -0.021036
v -0.089465 0.560517 -0.049202
v -0.106016 0.559372 -0.096499
v -0.155563 0.557343 -0.096957
v -0.171520 0.557163 -0.049323
v -0.131452 0.578431 -0.025510
v -0.094490 0.579656 -0.050773
v -0.109336 0.578651 -0.093197
v -0.153780 0.576877 -0.093608
v -0.168093 0.576724 -0.050882
v -0.144387 0.916924 -0.034998
v -0.113581 0.917898 -0.056052
v -0.125954 0.917062 -0.091409
v -0.162996 0.915631 -0.091751
v -0.174925 0.915532 -0.056144
v -0.145286 0.940247 -0.027162
v -0.106478 0.941474 -0.053684
v -0.122065 0.940422 -0.098225
v -0.168728 0.938619 -0.098656
v -0.183755 0.938494 -0.053800
v -0.146037 0.959585 -0.031404
v -0.111238 0.960708 -0.055187
v -0.125214 0.959739 -0.095127
v -0.167056 0.958086 -0.095513
v -0.180531 0.957976 -0.055290
v -0.162914 1.327981 -0.042197
v -0.134224 1.329242 -0.061820
v -0.145738 1.328105 -0.094762
v -0.180228 1.326220 -0.095074
v -0.191344 1.326127 -0.061894
v -0.164264 1.351357 -0.035075
v -0.128142 1.353044 -0.059788
v -0.142635 1.351513 -0.101268
v -0.186058 1.348985 -0.101659
v -0.200056 1.348867 -0.059877
v -0.165382 1.370643 -0.039172
v -0.133001 1.372155 -0.061325
v -0.145993 1.370782 -0.098509
v -0.184919 1.368516 -0.098860
v -0.197467 1.368410 -0.061405
v -0.194600 1.743265 -0.053801
v -0.168145 1.745344 -0.071965
v -0.178718 1.743361 -0.102399
v -0.210496 1.740189 -0.102655
v -0.220773 1.740103 -0.071979
v -0.197002 1.766680 -0.047614
v -0.163720 1.769467 -0.070483
v -0.177010 1.766792 -0.108786
v -0.216982 1.762528 -0.109099
v -0.229919 1.762424 -0.070486
v -0.199042 1.785830 -0.051747
v -0.169217 1.788328 -0.072239
v -0.181127 1.785930 -0.106564
v -0.216946 1.782110 -0.106844
v -0.228539 1.782016 -0.072242
v -0.247569 2.139143 -0.072855
v -0.223396 2.142382 -0.089634
v -0.232933 2.139115 -0.117589
v -0.261897 2.134070 -0.117731
v -0.271366 2.134047 -0.089493
v -0.251582 2.162381 -0.067818
v -0.221168 2.166456 -0.088929
v -0.233167 2.162347 -0.124100
v -0.269608 2.155999 -0.124279
v -0.281521 2.155970 -0.088751
v -0.254933 2.181358 -0.072160
v -0.227724 2.185203 -0.091082
v -0.238433 2.181302 -0.122575
v -0.271019 2.175299 -0.122716
v -0.281693 2.175287 -0.090892
v -0.322831 2.494917 -0.100451
v -0.300833 2.499089 -0.115982
v -0.309317 2.494699 -0.141613
v -0.335561 2.488092 -0.141602
v -0.344300 2.488178 -0.115617
v -0.328779 2.517962 -0.096695
v -0.301176 2.523440 -0.116247
v -0.311773 2.517641 -0.148454
v -0.344676 2.508946 -0.148405
v -0.355672 2.509080 -0.115731
v -0.333674 2.536360 -0.101403
v -0.308958 2.541265 -0.118910
v -0.318446 2.536073 -0.147748
v -0.347908 2.528287 -0.147704
v -0.357754 2.528407 -0.118447
v -0.413328 2.795452 -0.134707
v -0.393363 2.800562 -0.149203
v -0.400744 2.794957 -0.172736
v -0.424376 2.786733 -0.172497
v -0.432507 2.786980 -0.148489
v -0.421113 2.818045 -0.132180
v -0.396104 2.824706 -0.150432
v -0.405273 2.817357 -0.179971
v -0.434831 2.806611 -0.179617
v -0.445064 2.806961 -0.149445
v -0.427640 2.835761 -0.137371
v -0.405257 2.841722 -0.153706
v -0.413463 2.835144 -0.180144
v -0.439918 2.825526 -0.179827
v -0.449077 2.825839 -0.152823
v -0.506595 3.032159 -0.171152
v -0.488319 3.037837 -0.184814
v -0.494745 3.031426 -0.206603
v -0.516185 3.022179 -0.206149
v -0.523835 3.022569 -0.183766
v -0.516273 3.054011 -0.169846
v -0.493418 3.061383 -0.187050
v -0.501351 3.053012 -0.214370
v -0.528102 3.040981 -0.213730
v -0.537734 3.041516 -0.185618
v -0.524089 3.071040 -0.175445
v -0.503641 3.077635 -0.190837
v -0.510739 3.070146 -0.215279
v -0.534672 3.059382 -0.214706
v -0.543290 3.059860 -0.189555
v -0.589505 3.203636 -0.204431
v -0.572563 3.209738 -0.217489
v -0.578177 3.202693 -0.237921
v -0.597850 3.192665 -0.237256
v -0.605158 3.193182 -0.216109
v -0.600651 3.224757 -0.204093
v -0.579498 3.232656 -0.220541
v -0.586378 3.223485 -0.246132
v -0.610864 3.210476 -0.245210
v -0.620068 3.211175 -0.218665
v -0.609569 3.241077 -0.210081
v -0.590651 3.248142 -0.224792
v -0.596804 3.239940 -0.247680
v -0.618704 3.228305 -0.246855
v -0.626935 3.228930 -0.223114
v -0.658305 3.325670 -0.233468
v -0.643089 3.331667 -0.245471
v -0.647885 3.324649 -0.263976
v -0.665411 3.314739 -0.263204
v -0.672127 3.315306 -0.243939
v -0.181601 1.769091 -0.099611
v -0.180940 1.762832 -0.102321
v -0.187214 1.763344 -0.105032
v -0.187874 1.769603 -0.102321
v -0.143851 1.807705 -0.182279
v -0.143737 1.803051 -0.183437
v -0.148100 1.803432 -0.185395
v -0.148214 1.808086 -0.184237
v -0.101802 1.812754 -0.271466
v -0.102052 1.807979 -0.271853
v -0.106385 1.808370 -0.273874
v -0.106135 1.813145 -0.273487
v -0.194327 1.762303 -0.055357
v -0.188904 1.768159 -0.057954
v -0.197140 1.769772 -0.057954
v -0.189560 1.786674 0.005402
v -0.185719 1.790954 0.004199
v -0.191472 1.792133 0.004368
v -0.184758 1.790886 0.070712
v -0.180870 1.795253 0.070142
v -0.186610 1.796457 0.070486
v -0.273149 2.156947 -0.104709
v -0.270308 2.161413 -0.109062
v -0.268941 2.156301 -0.113415
v -0.271781 2.151834 -0.109062
v -0.393408 2.175434 -0.165832
v -0.391993 2.178583 -0.169163
v -0.390379 2.174978 -0.171885
v -0.391794 2.171829 -0.168554
v -0.511036 2.139188 -0.224035
v -0.510187 2.142230 -0.227646
v -0.507925 2.138747 -0.230048
v -0.508775 2.135705 -0.226437
v -0.229536 2.164478 -0.092096
v -0.227483 2.160799 -0.099355
v -0.230905 2.168463 -0.099355
v -0.155064 2.197735 -0.089344
v -0.154010 2.195020 -0.094447
v -0.155607 2.200674 -0.094402
v -0.074283 2.208273 -0.084780
v -0.073628 2.205477 -0.089906
v -0.074394 2.211301 -0.089813
v -0.337665 2.512604 -0.104432
v -0.338400 2.518242 -0.108259
v -0.343093 2.515033 -0.112085
v -0.342358 2.509395 -0.108259
v -0.466145 2.570103 0.003093
v -0.467265 2.574236 0.000930
v -0.470205 2.571883 -0.002042
v -0.469085 2.567751 0.000121
v -0.600740 2.558703 0.117665
v -0.602483 2.562863 0.116032
v -0.605069 2.560495 0.112758
v -0.603327 2.556335 0.114392
v -0.329093 2.509504 -0.145298
v -0.329776 2.517844 -0.145941
v -0.322195 2.514242 -0.145941
v -0.332236 2.502939 -0.244164
v -0.332752 2.508605 -0.245628
v -0.327429 2.506158 -0.245190
v -0.335664 2.461422 -0.334108
v -0.336218 2.466742 -0.336539
v -0.330879 2.464444 -0.335683
v -0.414042 2.816064 -0.137180
v -0.409621 2.819901 -0.140743
v -0.414823 2.822586 -0.144306
v -0.419244 2.818749 -0.140743
v -0.429716 2.947054 -0.017603
v -0.426679 2.950150 -0.019652
v -0.430360 2.952317 -0.021834
v -0.433398 2.949221 -0.019786
v -0.449609 3.033677 0.136672
v -0.446637 3.037110 0.135127
v -0.450364 3.039512 0.133296
v -0.453336 3.036079 0.134842
v -0.438980 2.807655 -0.156475
v -0.438848 2.812053 -0.163622
v -0.436560 2.803978 -0.163622
v -0.533247 2.780951 -0.176123
v -0.533556 2.783886 -0.181203
v -0.531219 2.778498 -0.181061
v -0.617279 2.729379 -0.192320
v -0.617966 2.732117 -0.197473
v -0.614935 2.727091 -0.197197
v -0.498727 3.058077 -0.196370
v -0.495602 3.053734 -0.200653
v -0.500939 3.054116 -0.204935
v -0.504064 3.058459 -0.200653
v -0.424733 3.190558 -0.278402
v -0.422757 3.187175 -0.281170
v -0.426474 3.187472 -0.284187
v -0.428450 3.190856 -0.281419
v -0.334419 3.299966 -0.376518
v -0.332676 3.296271 -0.379033
v -0.336373 3.296596 -0.382073
v -0.338116 3.300291 -0.379558
v -0.515708 3.049579 -0.174749
v -0.520239 3.055913 -0.177878
v -0.523358 3.048121 -0.177878
v -0.562448 3.068300 -0.072558
v -0.565824 3.072787 -0.074287
v -0.567756 3.067267 -0.074854
v -0.608467 3.060891 0.031381
v -0.612048 3.065373 0.030115
v -0.613728 3.059860 0.028978
v -0.607727 3.214551 -0.239989
v -0.604091 3.219841 -0.242387
v -0.599359 3.215503 -0.244784
v -0.602996 3.210212 -0.242387
v -0.704362 3.203561 -0.413754
v -0.702094 3.207190 -0.415923
v -0.698554 3.204214 -0.417199
v -0.700823 3.200586 -0.415031
v -0.796028 3.132916 -0.575797
v -0.794028 3.136384 -0.578441
v -0.790269 3.133540 -0.579328
v -0.792268 3.130072 -0.576685
v -0.589862 3.226568 -0.213298
v -0.584093 3.227059 -0.219374
v -0.590645 3.232304 -0.219374
v -0.535873 3.294033 -0.158326
v -0.531805 3.294409 -0.162549
v -0.536080 3.298426 -0.162222
v -0.473112 3.340949 -0.092402
v -0.469013 3.341352 -0.096592
v -0.472951 3.345659 -0.095910
v 0.092289 0.004254 -0.197177
v 0.129151 0.003420 -0.224683
v 0.115941 0.001765 -0.269169
v 0.069616 0.001618 -0.267854
v 0.054479 0.003118 -0.224372
v 0.092072 0.054447 -0.202782
v 0.125423 0.053692 -0.227668
v 0.113472 0.052195 -0.267918
v 0.071558 0.052061 -0.266728
v 0.057863 0.053418 -0.227387
v 0.091569 0.181996 -0.209606
v 0.122662 0.181352 -0.232809
v 0.111519 0.180091 -0.270338
v 0.072443 0.179987 -0.269228
v 0.059676 0.181134 -0.232548
v 0.091484 0.205526 -0.201660
v 0.130701 0.204715 -0.230926
v 0.116647 0.203124 -0.278262
v 0.067361 0.202992 -0.276862
v 0.051258 0.204440 -0.230598
v 0.091415 0.224759 -0.206589
v 0.126618 0.224031 -0.232860
v 0.114002 0.222603 -0.275350
v 0.069761 0.222485 -0.274094
v 0.055306 0.223784 -0.232565
v 0.090706 0.453844 -0.218828
v 0.120837 0.453296 -0.241317
v 0.110038 0.452242 -0.277690
v 0.072170 0.452165 -0.276616
v 0.059798 0.453131 -0.241065
v 0.090643 0.477301 -0.211040
v 0.128638 0.476626 -0.239398
v 0.115020 0.475334 -0.285267
v 0.067269 0.475243 -0.283913
v 0.051668 0.476429 -0.239082
v 0.090591 0.496563 -0.215742
v 0.124691 0.495957 -0.241193
v 0.112470 0.494797 -0.282359
v 0.069614 0.494716 -0.281144
v 0.055612 0.495780 -0.240909
v 0.089922 0.776455 -0.228643
v 0.118865 0.775950 -0.250245
v 0.108491 0.775006 -0.285187
v 0.072117 0.774951 -0.284155
v 0.060233 0.775825 -0.250005
v 0.089869 0.799938 -0.221173
v 0.126359 0.799288 -0.248408
v 0.113281 0.798077 -0.292460
v 0.067421 0.798010 -0.291159
v 0.052439 0.799133 -0.248105
v 0.089827 0.819207 -0.225705
v 0.122570 0.818623 -0.250143
v 0.110834 0.817536 -0.289672
v 0.069684 0.817477 -0.288505
v 0.056240 0.818484 -0.249871
v 0.089122 1.133831 -0.240587
v 0.116715 1.133165 -0.261175
v 0.106826 1.131957 -0.294476
v 0.072149 1.131909 -0.293493
v 0.060819 1.133040 -0.260946
v 0.089066 1.157350 -0.233715
v 0.123845 1.156510 -0.259666
v 0.111381 1.154988 -0.301641
v 0.067671 1.154928 -0.300402
v 0.053390 1.156352 -0.259376
v 0.089020 1.176585 -0.238232
v 0.120223 1.175831 -0.261514
v 0.109040 1.174466 -0.299172
v 0.069826 1.174412 -0.298060
v 0.057014 1.175690 -0.261254
v 0.088134 1.510933 -0.258813
v 0.114274 1.509922 -0.278299
v 0.104908 1.508136 -0.309817
v 0.072057 1.508093 -0.308886
v 0.061323 1.509781 -0.278081
v 0.088064 1.534723 -0.252863
v 0.121005 1.533339 -0.277413
v 0.109203 1.530906 -0.317120
v 0.067806 1.530853 -0.315947
v 0.054278 1.533156 -0.277138
v 0.088007 1.553852 -0.257659
v 0.117554 1.552610 -0.279680
v 0.106968 1.550428 -0.315296
v 0.069836 1.550381 -0.314243
v 0.057702 1.552447 -0.279433
v 0.086928 1.893771 -0.288927
v 0.111571 1.892102 -0.307241
v 0.102746 1.889243 -0.336862
v 0.071780 1.889225 -0.335986
v 0.061657 1.891958 -0.307035
v 0.086850 1.917578 -0.284307
v 0.117896 1.915475 -0.307380
v 0.106778 1.911873 -0.344698
v 0.067765 1.911851 -0.343594
v 0.055012 1.915294 -0.307120
v 0.086787 1.936749 -0.289673
v 0.114629 1.934716 -0.310350
v 0.104659 1.931249 -0.343792
v 0.069674 1.931236 -0.342803
v 0.058236 1.934556 -0.310117
v 0.085770 2.268828 -0.335939
v 0.108924 2.266262 -0.353020
v 0.100638 2.261995 -0.380650
v 0.071547 2.262046 -0.379836
v 0.062033 2.266171 -0.352832
v 0.085708 2.292795 -0.333108
v 0.114869 2.289564 -0.354621
v 0.104433 2.284190 -0.389421
v 0.067794 2.284254 -0.388395
v 0.055811 2.289450 -0.354384
v 0.085660 2.311464 -0.339243
v 0.111805 2.308566 -0.358531
v 0.102449 2.303748 -0.389732
v 0.069599 2.303805 -0.388812
v 0.058856 2.308464 -0.358318
v 0.085176 2.623367 -0.402404
v 0.106892 2.619906 -0.418227
v 0.099124 2.614290 -0.443841
v 0.071840 2.614444 -0.443096
v 0.062914 2.619926 -0.418070
v 0.085164 2.647379 -0.401492
v 0.112508 2.643022 -0.421416
v 0.102726 2.635951 -0.453666
v 0.068372 2.636144 -0.452729
v 0.057134 2.643046 -0.421218
v 0.085166 2.665931 -0.408831
v 0.109675 2.661801 -0.426638
v 0.100908 2.655126 -0.455469
v 0.070115 2.655326 -0.454635
v 0.060042 2.661852 -0.426467
v 0.085686 2.946779 -0.487183
v 0.106058 2.942314 -0.501712
v 0.098766 2.935239 -0.525272
v 0.073169 2.935542 -0.524615
v 0.064799 2.942513 -0.501611
v 0.085774 2.970679 -0.488489
v 0.111416 2.965060 -0.506777
v 0.102238 2.956154 -0.536432
v 0.070019 2.956535 -0.535606
v 0.059483 2.965310 -0.506650
v 0.085859 2.988719 -0.497019
v 0.108836 2.983428 -0.513328
v 0.100610 2.975077 -0.539787
v 0.071738 2.975455 -0.539057
v 0.062299 2.983697 -0.513228
v 0.087640 3.230286 -0.585709
v 0.106792 3.224958 -0.598985
v 0.099923 3.216676 -0.620584
v 0.075851 3.217135 -0.620026
v 0.067990 3.225359 -0.598964
v 0.087869 3.254267 -0.589369
v 0.111964 3.247256 -0.605952
v 0.103316 3.236395 -0.632955
v 0.073026 3.237024 -0.632274
v 0.063140 3.247824 -0.605951
v 0.088077 3.271216 -0.599148
v 0.109662 3.264934 -0.614004
v 0.101915 3.255204 -0.638196
v 0.074780 3.255768 -0.637585
v 0.065924 3.265443 -0.614004
v 0.091016 3.468728 -0.690847
v 0.109094 3.462472 -0.702854
v 0.102578 3.452921 -0.722505
v 0.079837 3.453568 -0.722071
v 0.072436 3.463122 -0.702954
v 0.091420 3.491804 -0.696628
v 0.114159 3.483934 -0.711732
v 0.105964 3.471920 -0.736451
v 0.077357 3.472734 -0.735906
v 0.068048 3.484752 -0.711857
v 0.091747 3.508069 -0.707470
v 0.112113 3.501020 -0.720997
v 0.104773 3.490260 -0.743136
v 0.079153 3.490989 -0.742648
v 0.070815 3.501752 -0.721109
v 0.095394 3.659702 -0.793711
v 0.112565 3.652711 -0.804567
v 0.106333 3.642187 -0.822477
v 0.084706 3.643001 -0.822172
v 0.077702 3.653588 -0.804803
v 0.095990 3.682101 -0.801560
v 0.117583 3.673309 -0.815212
v 0.109746 3.660075 -0.837733
v 0.082549 3.661098 -0.837350
v 0.073741 3.674412 -0.815508
v 0.096468 3.697490 -0.813581
v 0.115802 3.689618 -0.825805
v 0.108784 3.677768 -0.845971
v 0.084432 3.678684 -0.845628
v 0.076546 3.690606 -0.826070
v 0.100097 3.804194 -0.885643
v 0.116543 3.796682 -0.895538
v 0.110526 3.785485 -0.912011
v 0.089783 3.786427 -0.911823
v 0.083103 3.797738 -0.895903
v 0.100866 3.825891 -0.895153
v 0.121542 3.816447 -0.907595
v 0.113978 3.802370 -0.928304
v 0.087899 3.803555 -0.928068
v 0.079501 3.817775 -0.908053
v 0.101477 3.840480 -0.908111
v 0.119986 3.832026 -0.919249
v 0.113215 3.819424 -0.937788
v 0.089869 3.820484 -0.937577
v 0.082351 3.833215 -0.919659
v 0.105873 3.937382 -0.984936
v 0.120872 3.930142 -0.993697
v 0.115357 3.919402 -1.008363
v 0.096422 3.920342 -1.008249
v 0.090346 3.931212 -0.994106
v 0.102527 1.915297 -0.333542
v 0.103803 1.909407 -0.336806
v 0.097798 1.909914 -0.340069
v 0.096522 1.915804 -0.336806
v 0.154876 1.974857 -0.422761
v 0.155462 1.970438 -0.424533
v 0.151285 1.970819 -0.426862
v 0.150699 1.975238 -0.425089
v 0.214449 2.004543 -0.521834
v 0.214708 1.999914 -0.523064
v 0.210560 2.000313 -0.525440
v 0.210300 2.004942 -0.524209
v 0.091918 1.915572 -0.293836
v 0.099251 1.912869 -0.296895
v 0.097471 1.921071 -0.296895
v 0.120252 1.921732 -0.234793
v 0.125231 1.919844 -0.237276
v 0.124456 1.925574 -0.236239
v 0.146139 1.901872 -0.177695
v 0.150966 1.900061 -0.180513
v 0.150651 1.905556 -0.178460
v 0.063943 2.286913 -0.371020
v 0.067683 2.291030 -0.375024
v 0.069265 2.285697 -0.379028
v 0.065525 2.281581 -0.375024
v -0.041652 2.311029 -0.446631
v -0.039444 2.313960 -0.449721
v -0.037804 2.310163 -0.452151
v -0.040012 2.307232 -0.449061
v -0.148526 2.290118 -0.521378
v -0.146730 2.293012 -0.524756
v -0.144558 2.289263 -0.526813
v -0.146353 2.286369 -0.523435
v 0.108641 2.287490 -0.363132
v 0.106877 2.283329 -0.370205
v 0.107052 2.291721 -0.370205
v 0.168236 2.286248 -0.378759
v 0.166526 2.283386 -0.383598
v 0.167607 2.289157 -0.383825
v 0.224381 2.264670 -0.392075
v 0.222211 2.261941 -0.396804
v 0.224220 2.267444 -0.397251
v 0.073192 2.642842 -0.410328
v 0.075373 2.647696 -0.414645
v 0.070283 2.646142 -0.418963
v 0.068103 2.641287 -0.414645
v -0.023506 2.752565 -0.337469
v -0.022469 2.756429 -0.340115
v -0.025875 2.755192 -0.343258
v -0.026913 2.751327 -0.340613
v -0.143093 2.815083 -0.245348
v -0.142601 2.819304 -0.247574
v -0.145833 2.817952 -0.250852
v -0.146325 2.813731 -0.248626
v 0.077484 2.640130 -0.448600
v 0.085358 2.637991 -0.450567
v 0.079305 2.632176 -0.450567
v 0.062827 2.655372 -0.529227
v 0.068370 2.653852 -0.530447
v 0.064216 2.649719 -0.530019
v 0.046898 2.654057 -0.611021
v 0.052471 2.652531 -0.612082
v 0.048402 2.648381 -0.611222
v 0.097791 2.965559 -0.496548
v 0.102519 2.963515 -0.501068
v 0.100182 2.968105 -0.505588
v 0.095454 2.970149 -0.501068
v 0.181816 3.055057 -0.450688
v 0.184897 3.053421 -0.453981
v 0.183774 3.057093 -0.456856
v 0.180693 3.058729 -0.453563
v 0.286637 3.106866 -0.391534
v 0.289463 3.105073 -0.394971
v 0.288913 3.109098 -0.397522
v 0.286087 3.110891 -0.394085
v 0.065458 2.962906 -0.510627
v 0.067959 2.966537 -0.517769
v 0.065547 2.958498 -0.517769
v -0.029242 2.991316 -0.530826
v -0.027764 2.993924 -0.535879
v -0.028849 2.988151 -0.535760
v -0.127982 2.998435 -0.550344
v -0.126782 3.001077 -0.555452
v -0.127252 2.995226 -0.555211
v 0.106323 3.241537 -0.619113
v 0.104486 3.235944 -0.622621
v 0.099910 3.239647 -0.626129
v 0.101747 3.245240 -0.622621
v 0.209038 3.271802 -0.723176
v 0.207385 3.267813 -0.725266
v 0.204425 3.270454 -0.727963
v 0.206077 3.274442 -0.725872
v 0.314794 3.263555 -0.828251
v 0.312770 3.259561 -0.829974
v 0.310055 3.262205 -0.832915
v 0.312078 3.266199 -0.831192
v 0.086472 3.248262 -0.592771
v 0.090069 3.253507 -0.598248
v 0.081735 3.252506 -0.598248
v 0.075427 3.340215 -0.513915
v 0.077892 3.344275 -0.517372
v 0.072069 3.343500 -0.517444
v 0.062291 3.413643 -0.417847
v 0.064701 3.418054 -0.420890
v 0.058888 3.417212 -0.421041
v 0.079987 3.475527 -0.731235
v 0.085826 3.478779 -0.732751
v 0.088773 3.472780 -0.734267
v 0.082934 3.469528 -0.732751
v 0.021096 3.493933 -0.923195
v 0.025102 3.496218 -0.924513
v 0.027314 3.492002 -0.925101
v 0.023307 3.489717 -0.923783
v -0.038769 3.465408 -1.113605
v -0.034843 3.467671 -1.115179
v -0.032483 3.463496 -1.115295
v -0.036409 3.461233 -1.113721
v 0.108710 3.481818 -0.711437
v 0.108762 3.477612 -0.718700
v 0.108090 3.485978 -0.718700
v 0.203113 3.489394 -0.716604
v 0.202730 3.486446 -0.721672
v 0.203095 3.492310 -0.721705
v 0.295900 3.470125 -0.720253
v 0.295100 3.467233 -0.725304
v 0.296293 3.472985 -0.725370
v 0.083976 3.676598 -0.806948
v 0.088288 3.678831 -0.811784
v 0.084293 3.676071 -0.816620
v 0.079981 3.673838 -0.811784
v -0.014306 3.840116 -0.820528
v -0.011401 3.841855 -0.823927
v -0.014057 3.839706 -0.827295
v -0.016962 3.837968 -0.823895
v -0.134174 3.988417 -0.835313
v -0.131395 3.990323 -0.838728
v -0.133896 3.987967 -0.842077
v -0.136674 3.986062 -0.838662
v 0.100927 3.657887 -0.834294
v 0.093494 3.661408 -0.835968
v 0.100454 3.666099 -0.835968
v 0.115695 3.636001 -0.952299
v 0.110535 3.638378 -0.953797
v 0.115465 3.641545 -0.954231
v 0.129872 3.581936 -1.059520
v 0.124753 3.584182 -1.061329
v 0.129737 3.587174 -1.062177
v 0.108112 3.820064 -0.897314
v 0.112515 3.817850 -0.902076
v 0.109202 3.821499 -0.906837
v 0.104799 3.823713 -0.902076
v 0.259535 4.019367 -0.851417
v 0.262318 4.017489 -0.854844
v 0.260492 4.020584 -0.858022
v 0.257709 4.022461 -0.854596
v 0.468634 4.148799 -0.785995
v 0.471066 4.146657 -0.789531
v 0.469818 4.150188 -0.792529
v 0.467385 4.152330 -0.788993
v 0.082713 3.812393 -0.911757
v 0.086944 3.816133 -0.917966
v 0.085992 3.807794 -0.917966
v -0.001581 3.822017 -0.965116
v 0.000990 3.824640 -0.969702
v 0.001196 3.818792 -0.969167
v -0.084321 3.796993 -1.015821
v -0.082136 3.799541 -1.020643
v -0.081070 3.793862 -1.019581
vn 0.5023 0.0466 0.8635
vn 0.9990 0.0346 -0.0273
vn 0.5261 0.0522 -0.8488
vn -0.4985 0.0837 -0.8629
vn -0.9952 0.0934 0.0279
vn -0.5224 0.0760 0.8493
vn 0.8733 -0.0075 0.4871
vn -0.0132 0.0156 0.9998
vn -0.0131 0.0156 0.9998
vn 0.8667 -0.0041 -0.4988
vn 0.8734 -0.0075 0.4870
vn 0.0148 0.0224 -0.9996
vn -0.8722 0.0453 -0.4870
vn 0.0146 0.0224 -0.9996
vn -0.8655 0.0408 0.4993
vn -0.8723 0.0453 -0.4869
vn 0.4444 -0.4321 0.7847
vn 0.8997 -0.4357 -0.0266
vn 0.4676 -0.4218 -0.7768
vn -0.4671 -0.4020 -0.7875
vn -0.9221 -0.3863 0.0238
vn -0.4900 -0.4009 0.7740
vn 0.4911 0.2457 0.8357
vn 0.9726 0.2312 -0.0259
vn 0.5146 0.2466 -0.8212
vn -0.4769 0.2776 -0.8340
vn -0.9585 0.2836 0.0276
vn -0.5006 0.2687 0.8229
vn -0.0133 0.0205 0.9997
vn 0.8732 -0.0026 0.4873
vn -0.0141 0.0205 0.9997
vn 0.8667 -0.0003 -0.4989
vn 0.0143 0.0256 -0.9996
vn 0.8665 -0.0003 -0.4991
vn -0.8721 0.0487 -0.4868
vn 0.0139 0.0256 -0.9996
vn -0.8654 0.0448 0.4991
vn -0.8724 0.0487 -0.4864
vn -0.8655 0.0448 0.4988
vn 0.4468 -0.4188 0.7906
vn 0.9051 -0.4245 -0.0264
vn 0.4701 -0.4098 -0.7817
vn -0.4710 -0.3871 -0.7927
vn -0.9289 -0.3696 0.0243
vn -0.4939 -0.3850 0.7796
vn 0.4928 0.2356 0.8377
vn 0.9753 0.2193 -0.0261
vn 0.5163 0.2354 -0.8234
vn -0.4776 0.2691 -0.8363
vn -0.9604 0.2771 0.0275
vn -0.5014 0.2615 0.8248
vn -0.0151 0.0177 0.9997
vn 0.8726 -0.0131 0.4882
vn -0.0160 0.0177 0.9997
vn 0.8661 -0.0111 -0.4998
vn 0.8727 -0.0131 0.4880
vn 0.0125 0.0215 -0.9997
vn 0.8659 -0.0111 -0.5000
vn -0.8724 0.0521 -0.4861
vn 0.0119 0.0215 -0.9997
vn -0.8656 0.0488 0.4983
vn -0.8726 0.0521 -0.4856
vn -0.8658 0.0488 0.4980
vn 0.4452 -0.4076 0.7973
vn 0.9068 -0.4207 -0.0264
vn 0.4686 -0.3998 -0.7878
vn -0.4797 -0.3627 -0.7989
vn -0.9408 -0.3381 0.0248
vn -0.5026 -0.3597 0.7861
vn 0.4972 0.2169 0.8401
vn 0.9808 0.1931 -0.0264
vn 0.5207 0.2157 -0.8261
vn -0.4757 0.2641 -0.8390
vn -0.9596 0.2800 0.0274
vn -0.4994 0.2579 0.8271
vn 0.8715 -0.0345 0.4893
vn -0.0171 0.0173 0.9997
vn -0.0175 0.0173 0.9997
vn 0.8649 -0.0333 -0.5008
vn 0.8717 -0.0345 0.4889
vn 0.0107 0.0185 -0.9998
vn 0.8651 -0.0332 -0.5005
vn 0.0100 0.0185 -0.9998
vn -0.8718 0.0698 -0.4848
vn -0.8649 0.0674 0.4973
vn -0.8719 0.0698 -0.4848
vn -0.8648 0.0674 0.4976
vn 0.4391 -0.3997 0.8046
vn 0.9015 -0.4320 -0.0259
vn 0.4615 -0.3990 -0.7924
vn -0.4939 -0.3287 -0.8050
vn -0.9581 -0.2854 0.0258
vn -0.5156 -0.3194 0.7951
vn 0.5048 0.1889 0.8423
vn 0.9887 0.1477 -0.0270
vn 0.5279 0.1838 -0.8292
vn -0.4696 0.2647 -0.8423
vn -0.9541 0.2984 0.0271
vn -0.4932 0.2627 0.8293
vn 0.8688 -0.0680 0.4905
vn -0.0182 0.0205 0.9996
vn -0.0189 0.0206 0.9996
vn 0.8624 -0.0699 -0.5014
vn 0.8690 -0.0680 0.4900
vn 0.0090 0.0138 -0.9999
vn 0.8626 -0.0699 -0.5010
vn 0.0080 0.0138 -0.9999
vn -0.8694 0.1013 -0.4836
vn -0.8619 0.1021 0.4967
vn -0.8695 0.1013 -0.4834
vn -0.8617 0.1021 0.4971
vn 0.4275 -0.3941 0.8136
vn 0.8906 -0.4542 -0.0241
vn 0.4486 -0.4045 -0.7970
vn -0.5108 -0.2877 -0.8101
vn -0.9757 -0.2171 0.0279
vn -0.5309 -0.2679 0.8040
vn 0.5135 0.1553 0.8439
vn 0.9959 0.0863 -0.0282
vn 0.5354 0.1399 -0.8329
vn -0.4603 0.2682 -0.8463
vn -0.9436 0.3301 0.0258
vn -0.4831 0.2769 0.8306
vn 0.8635 -0.1107 0.4920
vn -0.0181 0.0292 0.9994
vn -0.0189 0.0293 0.9994
vn 0.8568 -0.1202 -0.5015
vn 0.8638 -0.1107 0.4915
vn 0.0070 0.0051 -1.0000
vn 0.8570 -0.1202 -0.5011
vn 0.0059 0.0053 -1.0000
vn -0.8640 0.1433 -0.4826
vn -0.8550 0.1514 0.4960
vn -0.8642 0.1433 -0.4823
vn -0.8548 0.1513 0.4964
vn 0.4102 -0.3881 0.8253
vn 0.8743 -0.4850 -0.0203
vn 0.4308 -0.4175 -0.8000
vn -0.5283 -0.2437 -0.8133
vn -0.9901 -0.1369 0.0308
vn -0.5448 -0.2054 0.8130
vn 0.5220 0.1188 0.8446
vn 0.9995 0.0109 -0.0297
vn 0.5407 0.0837 -0.8371
vn -0.4484 0.2726 -0.8512
vn -0.9271 0.3740 0.0232
vn -0.4682 0.3016 0.8306
vn -0.0162 0.0442 0.9989
vn 0.8546 -0.1591 0.4943
vn -0.0175 0.0444 0.9989
vn 0.8549 -0.1592 0.4937
vn 0.8464 -0.1819 -0.5006
vn 0.0033 -0.0084 -1.0000
vn 0.8464 -0.1818 -0.5005
vn -0.8547 0.1923 -0.4822
vn 0.0024 -0.0083 -1.0000
vn -0.8425 0.2127 0.4949
vn -0.8552 0.1924 -0.4812
vn -0.8426 0.2127 0.4948
vn 0.3937 -0.3829 0.8357
vn 0.8514 -0.5243 -0.0146
vn 0.4079 -0.4369 -0.8017
vn -0.5431 -0.1972 -0.8162
vn -0.9983 -0.0465 0.0338
vn -0.5550 -0.1345 0.8209
vn 0.5287 0.0839 0.8447
vn 0.9971 -0.0693 -0.0308
vn 0.5410 0.0211 -0.8408
vn -0.4362 0.2751 -0.8567
vn -0.9063 0.4223 0.0189
vn -0.4500 0.3323 0.8289
vn 0.8415 -0.2116 0.4972
vn -0.0094 0.0651 0.9978
vn -0.0122 0.0658 0.9978
vn 0.8290 -0.2533 -0.4985
vn 0.8425 -0.2119 0.4953
vn -0.0000 -0.0278 -0.9996
vn 0.8295 -0.2533 -0.4978
vn -0.0030 -0.0270 -0.9996
vn -0.8398 0.2460 -0.4839
vn -0.8407 0.2463 -0.4822
vn -0.8225 0.2843 0.4926
vn -0.8229 0.2843 0.4919
vn 0.3782 -0.3747 0.8465
vn 0.8171 -0.5765 -0.0053
vn 0.3773 -0.4734 -0.7960
vn -0.5577 -0.1531 -0.8158
vn -0.9977 0.0579 0.0363
vn -0.5546 -0.0468 0.8308
vn 0.5345 0.0479 0.8438
vn 0.9859 -0.1644 -0.0309
vn 0.5342 -0.0557 -0.8435
vn -0.4210 0.2782 -0.8633
vn -0.8744 0.4850 0.0117
vn -0.4226 0.3766 0.8244
vn 0.8240 -0.2662 0.5002
vn -0.0001 0.0919 0.9958
vn -0.0014 0.0923 0.9957
vn 0.8037 -0.3317 -0.4940
vn 0.8246 -0.2664 0.4991
vn -0.0078 -0.0512 -0.9987
vn 0.8039 -0.3317 -0.4936
vn -0.0095 -0.0507 -0.9987
vn -0.8194 0.3031 -0.4865
vn -0.7939 0.3638 0.4872
vn -0.8198 0.3032 -0.4857
vn -0.7937 0.3638 0.4875
vn 0.3562 -0.3640 0.8606
vn 0.7799 -0.6258 0.0064
vn 0.3422 -0.5075 -0.7907
vn -0.5665 -0.1136 -0.8162
vn -0.9869 0.1568 0.0373
vn -0.5481 0.0374 0.8356
vn 0.5381 0.0141 0.8428
vn 0.9644 -0.2630 -0.0286
vn 0.5184 -0.1377 -0.8440
vn -0.4053 0.2799 -0.8703
vn -0.8339 0.5519 0.0016
vn -0.3877 0.4269 0.8169
vn 0.0148 0.1219 0.9924
vn 0.8025 -0.3193 0.5040
vn 0.0142 0.1221 0.9924
vn 0.8026 -0.3193 0.5039
vn 0.7706 -0.4113 -0.4868
vn -0.0179 -0.0768 -0.9969
vn 0.7706 -0.4112 -0.4869
vn -0.7928 0.3597 -0.4920
vn -0.0181 -0.0768 -0.9969
vn -0.7558 0.4457 0.4797
vn -0.7931 0.3598 -0.4914
vn -0.7558 0.4456 0.4797
vn 0.3406 -0.3577 0.8695
vn 0.7378 -0.6747 0.0186
vn 0.3048 -0.5410 -0.7839
vn -0.5742 -0.0733 -0.8154
vn -0.9674 0.2508 0.0346
vn -0.5347 0.1166 0.8370
vn 0.5397 -0.0161 0.8417
vn 0.9381 -0.3455 -0.0240
vn 0.4995 -0.2065 -0.8413
vn -0.3923 0.2812 -0.8758
vn -0.7944 0.6073 -0.0089
vn -0.3538 0.4679 0.8099
vn 0.0365 0.1506 0.9879
vn 0.7794 -0.3645 0.5095
vn 0.0323 0.1529 0.9877
vn 0.7808 -0.3655 0.5067
vn 0.7338 -0.4824 -0.4784
vn -0.0257 -0.1020 -0.9945
vn 0.7341 -0.4824 -0.4779
vn -0.7614 0.4106 -0.5016
vn -0.0293 -0.1000 -0.9946
vn -0.7117 0.5221 0.4700
vn -0.7630 0.4119 -0.4981
vn -0.7121 0.5221 0.4694
vn 0.3241 -0.3490 0.8793
vn 0.6883 -0.7247 0.0341
vn 0.2605 -0.5795 -0.7722
vn -0.5794 -0.0401 -0.8141
vn -0.9392 0.3419 0.0300
vn -0.5118 0.1964 0.8364
vn 0.5389 -0.0365 0.8415
vn 0.9055 -0.4239 -0.0178
vn 0.4707 -0.2760 -0.8380
vn -0.3807 0.2778 -0.8820
vn -0.7500 0.6611 -0.0220
vn -0.3149 0.5133 0.7983
vn 0.7624 -0.3948 0.5127
vn 0.0664 0.1805 0.9813
vn 0.0585 0.1858 0.9809
vn 0.7016 -0.5354 -0.4702
vn 0.7654 -0.3981 0.5056
vn -0.0263 -0.1197 -0.9925
vn 0.7023 -0.5356 -0.4690
vn -0.0346 -0.1141 -0.9929
vn -0.7243 0.4582 -0.5151
vn -0.7271 0.4612 -0.5084
vn -0.6621 0.5932 0.4580
vn -0.6628 0.5933 0.4568
vn -0.0292 -0.9996 -0.0042
vn 0.5708 0.8071 -0.1511
vn 0.9683 0.2494 0.0167
vn 0.2706 -0.9391 0.2119
vn 0.2209 -0.8839 0.4123
vn -0.2245 0.8978 -0.3790
vn 0.9373 0.3451 0.0488
vn -0.9848 -0.1629 -0.0597
vn -0.2232 0.9573 -0.1835
vn -0.9716 -0.2359 0.0168
vn 0.9577 0.2621 0.1185
vn 0.2643 -0.9644 -0.0025
vn -0.2660 0.9638 0.0188
vn -0.9593 -0.2631 -0.1023
vn 0.0959 -0.3835 -0.9186
vn -0.1038 -0.0391 0.9938
vn -0.5492 0.5007 0.6691
vn 0.8173 0.4513 -0.3582
vn -0.5433 0.5449 0.6387
vn 0.8398 0.4060 -0.3605
vn -0.2779 -0.9174 -0.2848
vn -0.3268 -0.8736 -0.3606
vn -0.5891 0.5272 0.6124
vn 0.8103 0.4253 -0.4031
vn -0.2209 -0.9527 -0.2088
vn 0.5074 -0.4625 0.7271
vn -0.5462 0.2984 -0.7827
vn -0.1145 0.0024 0.9934
vn -0.2027 -0.9789 -0.0239
vn -0.1010 0.0862 0.9911
vn 0.1519 -0.0036 -0.9884
vn -0.0033 -1.0000 0.0026
vn 0.0408 0.9992 0.0024
vn 0.1633 0.0804 -0.9833
vn 0.2268 0.9735 0.0277
vn -0.1266 0.0001 0.9920
vn 0.1377 -0.0053 -0.9905
vn -0.3955 -0.9171 -0.0502
vn 0.4067 0.9121 0.0517
vn -0.9908 0.0223 -0.1333
vn 0.9066 -0.4040 0.1219
vn 0.0331 0.9318 -0.3615
vn 0.6510 -0.1790 0.7377
vn 0.5829 -0.2576 0.7707
vn -0.6023 -0.6265 -0.4948
vn -0.0663 0.9686 -0.2394
vn -0.6666 -0.6522 -0.3609
vn -0.1982 0.9698 -0.1419
vn 0.6713 -0.2781 0.6870
vn -0.4727 -0.6922 -0.5454
vn 0.6905 -0.3048 -0.6560
vn -0.7241 -0.0470 0.6881
vn 0.7069 0.2988 0.6411
vn 0.2997 -0.9401 0.1623
vn 0.7165 0.3834 0.5827
vn -0.6910 -0.2923 -0.6612
vn 0.3974 -0.9176 -0.0103
vn -0.3815 0.9243 -0.0098
vn -0.7534 -0.2175 -0.6205
vn -0.2484 0.9584 -0.1404
vn 0.7768 0.3016 0.5528
vn -0.7738 -0.3026 -0.5564
vn 0.1527 -0.9419 0.2993
vn -0.1498 0.9412 -0.3030
vn -0.5998 -0.2536 0.7589
vn 0.6131 -0.1493 -0.7757
vn -0.2468 0.4896 0.8363
vn 0.8240 0.5656 -0.0331
vn -0.2558 0.5978 0.7598
vn 0.8883 0.4593 -0.0064
vn 0.3410 -0.5323 -0.7748
vn -0.8974 -0.4412 -0.0066
vn 0.2377 -0.4716 -0.8492
vn -0.8631 -0.4922 0.1135
vn -0.3560 0.6395 0.6814
vn 0.7863 0.5991 -0.1511
vn -0.7867 -0.5987 0.1505
vn 0.3556 -0.6391 -0.6820
vn 0.3795 -0.7525 0.5382
vn -0.5047 0.4825 -0.7159
vn 0.3220 -0.1375 0.9367
vn -0.5868 -0.6499 -0.4830
vn 0.3396 -0.0527 0.9391
vn 0.1995 0.8563 -0.4764
vn -0.4797 -0.7368 -0.4764
vn 0.3256 0.8045 -0.4968
vn 0.2730 -0.1093 0.9558
vn 0.4144 0.7178 -0.5595
vn -0.6878 -0.6083 -0.3961
vn -0.8667 0.3697 0.3349
vn 0.7215 -0.6338 -0.2788
vn 0.9919 -0.1273 0.0039
vn -0.1031 -0.6678 0.7372
vn -0.0777 -0.5812 0.8100
vn 0.0790 0.5916 -0.8024
vn 0.9920 -0.1148 -0.0516
vn -0.9821 0.1874 -0.0182
vn 0.0811 0.6759 -0.7325
vn -0.9905 0.1377 0.0039
vn 0.9850 -0.1692 -0.0344
vn -0.1058 -0.7490 0.6541
vn 0.1058 0.7489 -0.6542
vn -0.9850 0.1691 0.0343
vn -0.1068 -0.7991 -0.5917
vn 0.1364 0.6408 0.7555
vn 0.8776 0.3845 0.2864
vn -0.1547 -0.9877 0.0216
vn 0.8601 0.4667 0.2059
vn -0.7812 0.6031 -0.1612
vn -0.0860 -0.9831 -0.1614
vn -0.7035 0.6629 -0.2564
vn 0.9143 0.3728 0.1585
vn -0.7216 0.5855 -0.3694
vn -0.1930 -0.9580 0.2122
vn -0.2734 -0.1198 0.9544
vn 0.2660 -0.2587 -0.9286
vn -0.5615 0.0822 0.8234
vn -0.2845 -0.9545 -0.0900
vn -0.5300 0.1528 0.8341
vn 0.5770 -0.0846 -0.8124
vn -0.1370 -0.9906 0.0056
vn 0.1526 0.9883 0.0055
vn 0.5819 -0.0060 -0.8132
vn 0.2843 0.9528 0.1063
vn -0.5465 0.0749 0.8341
vn 0.5462 -0.0749 -0.8343
vn -0.4165 -0.8884 -0.1930
vn 0.4162 0.8886 0.1928
vn -0.8093 0.1186 -0.5753
vn 0.7269 -0.4526 0.5165
vn 0.4679 0.7443 -0.4766
vn 0.2574 -0.1533 0.9541
vn 0.1997 -0.1805 0.9631
vn -0.6276 -0.5652 -0.5354
vn 0.4029 0.8050 -0.4356
vn -0.6932 -0.5408 -0.4764
vn 0.3178 0.8513 -0.4174
vn 0.2489 -0.2174 0.9438
vn -0.5666 -0.6339 -0.5263
vn 0.7122 -0.6433 -0.2808
vn -0.8230 0.4663 0.3243
vn 0.8042 -0.0891 0.5877
vn -0.2261 -0.9634 0.1439
vn 0.8086 -0.0032 0.5884
vn -0.7969 0.0882 -0.5976
vn -0.1063 -0.9943 -0.0051
vn 0.1136 0.9935 -0.0049
vn -0.7675 0.1662 -0.6191
vn 0.2172 0.9632 -0.1580
vn 0.7812 -0.0800 0.6191
vn -0.7814 0.0800 -0.6189
vn -0.3267 -0.8975 0.2963
vn 0.3265 0.8976 -0.2961
vn -0.5890 0.0652 0.8055
vn 0.5319 -0.4335 -0.7274
vn 0.4745 0.0214 0.8800
vn 0.9995 0.0310 0.0007
vn 0.4768 0.0696 -0.8763
vn -0.4710 0.0977 -0.8767
vn -0.9959 0.0902 0.0026
vn -0.4732 0.0496 0.8795
vn -0.0008 -0.0097 1.0000
vn 0.8584 -0.0214 0.5125
vn -0.0007 -0.0097 1.0000
vn 0.8585 -0.0214 0.5124
vn 0.8591 0.0064 -0.5118
vn 0.0018 0.0445 -0.9990
vn 0.8591 0.0064 -0.5117
vn -0.8574 0.0574 -0.5114
vn -0.8580 0.0296 0.5128
vn -0.8575 0.0574 -0.5113
vn -0.8579 0.0296 0.5130
vn 0.4250 -0.4226 0.8005
vn 0.9071 -0.4207 -0.0114
vn 0.4271 -0.3791 -0.8209
vn -0.4479 -0.3533 -0.8213
vn -0.9304 -0.3664 -0.0097
vn -0.4500 -0.3965 0.8002
vn 0.4667 0.2057 0.8602
vn 0.9761 0.2172 0.0057
vn 0.4688 0.2510 -0.8469
vn -0.4524 0.2784 -0.8473
vn -0.9615 0.2746 0.0075
vn -0.4545 0.2329 0.8598
vn -0.0004 -0.0043 1.0000
vn 0.8584 -0.0158 0.5127
vn -0.0003 -0.0043 1.0000
vn 0.8585 -0.0158 0.5126
vn 0.8593 0.0100 -0.5113
vn 0.0021 0.0460 -0.9989
vn 0.8594 0.0100 -0.5112
vn -0.8574 0.0590 -0.5113
vn -0.8577 0.0331 0.5132
vn -0.8575 0.0590 -0.5111
vn -0.8575 0.0331 0.5134
vn 0.4294 -0.4040 0.8077
vn 0.9150 -0.4033 -0.0098
vn 0.4313 -0.3651 -0.8250
vn -0.4498 -0.3411 -0.8254
vn -0.9357 -0.3527 -0.0082
vn -0.4517 -0.3797 0.8073
vn 0.4671 0.1990 0.8615
vn 0.9779 0.2090 0.0047
vn 0.4692 0.2396 -0.8500
vn -0.4544 0.2652 -0.8504
vn -0.9649 0.2626 0.0065
vn -0.4564 0.2244 0.8610
vn -0.0005 -0.0046 1.0000
vn -0.0007 -0.0046 1.0000
vn 0.8593 0.0071 -0.5115
vn 0.8585 -0.0158 0.5125
vn 0.0018 0.0401 -0.9992
vn 0.8590 0.0071 -0.5119
vn -0.8576 0.0526 -0.5116
vn 0.0016 0.0401 -0.9992
vn -0.8577 0.0526 -0.5114
vn -0.8580 0.0296 0.5129
vn 0.4338 -0.3832 0.8155
vn 0.9236 -0.3834 -0.0087
vn 0.4357 -0.3469 -0.8306
vn -0.4526 -0.3235 -0.8310
vn -0.9426 -0.3338 -0.0071
vn -0.4545 -0.3595 0.8150
vn 0.4681 0.1885 0.8634
vn 0.9803 0.1974 0.0041
vn 0.4700 0.2262 -0.8532
vn -0.4563 0.2508 -0.8537
vn -0.9685 0.2490 0.0058
vn -0.4583 0.2129 0.8629
vn -0.0019 -0.0084 1.0000
vn 0.8586 -0.0223 0.5122
vn -0.0029 -0.0084 1.0000
vn 0.8584 0.0031 -0.5130
vn 0.8586 -0.0222 0.5122
vn 0.0005 0.0409 -0.9992
vn 0.8576 0.0031 -0.5143
vn -0.8575 0.0557 -0.5115
vn -0.0005 0.0409 -0.9992
vn -0.8593 0.0305 0.5106
vn -0.8573 0.0557 -0.5118
vn -0.8587 0.0305 0.5116
vn 0.4339 -0.3734 0.8200
vn 0.9280 -0.3723 -0.0112
vn 0.4362 -0.3235 -0.8397
vn -0.4592 -0.2893 -0.8399
vn -0.9538 -0.3004 -0.0090
vn -0.4616 -0.3389 0.8198
vn 0.4711 0.1620 0.8671
vn 0.9852 0.1715 0.0051
vn 0.4735 0.2135 -0.8545
vn -0.4553 0.2491 -0.8547
vn -0.9692 0.2463 0.0074
vn -0.4577 0.1975 0.8669
vn -0.0058 -0.0250 0.9997
vn 0.8579 -0.0508 0.5114
vn -0.0059 -0.0250 0.9997
vn 0.8560 -0.0088 -0.5169
vn 0.8580 -0.0508 0.5112
vn -0.0021 0.0563 -0.9984
vn 0.8559 -0.0088 -0.5171
vn -0.8557 0.0826 -0.5109
vn -0.0022 0.0563 -0.9984
vn -0.8558 0.0826 -0.5107
vn -0.8601 0.0412 0.5084
vn -0.8601 0.0413 0.5084
vn 0.4255 -0.3883 0.8174
vn 0.9226 -0.3852 -0.0204
vn 0.4291 -0.2959 -0.8534
vn -0.4705 -0.2265 -0.8528
vn -0.9710 -0.2387 -0.0137
vn -0.4765 -0.3185 0.8195
vn 0.4768 0.1063 0.8725
vn 0.9929 0.1191 0.0082
vn 0.4819 0.2035 -0.8523
vn -0.4478 0.2744 -0.8510
vn -0.9633 0.2679 0.0137
vn -0.4528 0.1771 0.8739
vn -0.0118 -0.0596 0.9982
vn 0.8538 -0.1130 0.5082
vn -0.0131 -0.0595 0.9981
vn 0.8523 -0.0342 -0.5219
vn 0.8539 -0.1129 0.5080
vn -0.0030 0.0915 -0.9958
vn 0.8515 -0.0341 -0.5232
vn -0.8500 0.1440 -0.5067
vn -0.0044 0.0916 -0.9958
vn -0.8605 0.0679 0.5050
vn -0.8499 0.1440 -0.5068
vn -0.8597 0.0678 0.5062
vn 0.4043 -0.4284 0.8080
vn 0.9070 -0.4196 -0.0362
vn 0.4170 -0.2618 -0.8704
vn -0.4843 -0.1347 -0.8645
vn -0.9881 -0.1523 -0.0212
vn -0.4970 -0.3011 0.8139
vn 0.4821 0.0254 0.8757
vn 0.9990 0.0440 0.0105
vn 0.4942 0.1961 -0.8469
vn -0.4311 0.3233 -0.8424
vn -0.9501 0.3108 0.0262
vn -0.4432 0.1517 0.8835
vn -0.0199 -0.1099 0.9937
vn 0.8410 -0.2080 0.4995
vn -0.0200 -0.1100 0.9937
vn 0.8466 -0.0752 -0.5269
vn 0.8411 -0.2079 0.4993
vn 0.0039 0.1440 -0.9896
vn 0.8465 -0.0753 -0.5271
vn -0.8349 0.2390 -0.4958
vn 0.0037 0.1440 -0.9896
vn -0.8531 0.1113 0.5097
vn -0.8349 0.2389 -0.4959
vn -0.8531 0.1114 0.5098
vn 0.3682 -0.4971 0.7857
vn 0.8707 -0.4878 -0.0629
vn 0.3980 -0.2291 -0.8883
vn -0.4892 -0.0102 -0.8721
vn -0.9994 -0.0268 -0.0199
vn -0.5233 -0.2774 0.8058
vn 0.4773 -0.0911 0.8740
vn 0.9973 -0.0726 0.0062
vn 0.5103 0.1840 -0.8401
vn -0.4002 0.4048 -0.8222
vn -0.9190 0.3916 0.0466
vn -0.4332 0.1296 0.8919
vn -0.0365 -0.1668 0.9853
vn 0.8146 -0.3223 0.4822
vn -0.0349 -0.1672 0.9853
vn 0.8148 -0.3223 0.4819
vn 0.8343 -0.1266 -0.5366
vn 0.8334 -0.1262 -0.5380
vn 0.0173 0.2057 -0.9785
vn 0.0157 0.2060 -0.9784
vn -0.8053 0.3539 -0.4756
vn -0.8400 0.1681 0.5158
vn -0.8053 0.3538 -0.4756
vn -0.8391 0.1676 0.5175
vn 0.3228 -0.5606 0.7626
vn 0.8287 -0.5522 -0.0917
vn 0.3789 -0.1956 -0.9045
vn -0.4842 0.1101 -0.8680
vn -0.9953 0.0952 -0.0165
vn -0.5487 -0.2515 0.7973
vn 0.4590 -0.2163 0.8617
vn 0.9800 -0.1990 -0.0078
vn 0.5264 0.1701 -0.8331
vn -0.3542 0.4935 -0.7944
vn -0.8735 0.4808 0.0763
vn -0.4216 0.1070 0.9004
vn -0.0523 -0.2222 0.9736
vn 0.7751 -0.4362 0.4571
vn -0.0554 -0.2210 0.9737
vn 0.8173 -0.1809 -0.5471
vn 0.7754 -0.4361 0.4568
vn 0.0417 0.2647 -0.9634
vn 0.8156 -0.1795 -0.5501
vn -0.7614 0.4696 -0.4470
vn 0.0380 0.2661 -0.9632
vn -0.8169 0.2274 0.5300
vn -0.7615 0.4695 -0.4469
vn -0.8152 0.2258 0.5333
vn 0.2638 -0.6302 0.7302
vn 0.7728 -0.6215 -0.1286
vn 0.3678 -0.1644 -0.9153
vn -0.4631 0.2365 -0.8542
vn -0.9752 0.2213 0.0025
vn -0.5670 -0.2291 0.7912
vn 0.4315 -0.3184 0.8441
vn 0.9521 -0.3045 -0.0275
vn 0.5371 0.1551 -0.8291
vn -0.3078 0.5629 -0.7671
vn -0.8264 0.5531 0.1058
vn -0.4134 0.0893 0.9061
vn -0.0722 -0.2665 0.9611
vn 0.7293 -0.5334 0.4286
vn -0.0727 -0.2665 0.9611
vn 0.7964 -0.2278 -0.5602
vn 0.7295 -0.5332 0.4283
vn 0.0691 0.3160 -0.9462
vn 0.7961 -0.2277 -0.5607
vn -0.7087 0.5713 -0.4139
vn 0.0685 0.3161 -0.9462
vn -0.7863 0.2799 0.5508
vn -0.7088 0.5712 -0.4140
vn -0.7860 0.2798 0.5512
vn 0.2133 -0.6790 0.7025
vn 0.7214 -0.6737 -0.1601
vn 0.3576 -0.1416 -0.9231
vn -0.4354 0.3311 -0.8371
vn -0.9471 0.3202 0.0232
vn -0.5796 -0.2061 0.7884
vn 0.3983 -0.4044 0.8233
vn 0.9174 -0.3947 -0.0505
vn 0.5447 0.1409 -0.8267
vn -0.2602 0.6209 -0.7395
vn -0.7770 0.6147 0.1357
vn -0.4066 0.0754 0.9105
vn 0.6918 -0.5977 0.4052
vn -0.0738 -0.2969 0.9521
vn -0.0823 -0.2916 0.9530
vn 0.7866 -0.2621 -0.5591
vn 0.6920 -0.5977 0.4050
vn 0.7829 -0.2566 -0.5667
vn 0.1125 0.3561 -0.9277
vn 0.1037 0.3615 -0.9266
vn -0.6505 0.6577 -0.3799
vn -0.7496 0.3292 0.5742
vn -0.6511 0.6575 -0.3791
vn -0.7457 0.3233 0.5826
vn -0.0297 -0.9992 -0.0274
vn 0.5411 0.7756 0.3250
vn 0.4674 0.8840 0.0084
vn 0.6021 -0.2296 0.7647
vn 0.5295 -0.2876 0.7981
vn -0.5597 0.3820 -0.7354
vn 0.3294 0.9388 0.1003
vn -0.5490 0.2980 -0.7809
vn -0.3739 -0.9184 -0.1293
vn -0.4869 -0.8734 0.0088
vn 0.2137 0.9488 0.2328
vn 0.6230 -0.3162 0.7155
vn -0.6289 0.3160 -0.7103
vn -0.2196 -0.9487 -0.2276
vn 0.6940 -0.3767 -0.6136
vn -0.7491 0.0106 0.6624
vn 0.8752 0.2484 0.4150
vn -0.2703 -0.9560 -0.1142
vn 0.8668 0.3189 0.3834
vn -0.6594 0.7127 -0.2391
vn -0.1861 -0.9529 -0.2395
vn -0.5869 0.7496 -0.3059
vn 0.8953 0.2441 0.3726
vn -0.5829 0.7053 -0.4036
vn -0.3129 -0.9492 0.0322
vn -0.4198 -0.1192 0.8998
vn 0.4169 -0.1672 -0.8935
vn -0.6002 -0.4317 0.6733
vn 0.5578 -0.8274 -0.0652
vn -0.6439 -0.4184 0.6405
vn 0.6122 0.4403 -0.6568
vn 0.5899 -0.8074 0.0083
vn -0.5779 0.8161 0.0082
vn 0.6137 0.4801 -0.6268
vn -0.5275 0.8480 0.0515
vn -0.6511 -0.4610 0.6030
vn 0.6527 0.4615 -0.6007
vn 0.4997 -0.8583 -0.1165
vn -0.4981 0.8590 0.1187
vn -0.5399 -0.3884 -0.7468
vn 0.5710 0.2236 0.7899
vn 0.6567 0.5941 -0.4644
vn -0.3412 0.3480 0.8732
vn -0.3522 0.2531 0.9011
vn -0.1973 -0.8921 -0.4065
vn 0.5617 0.6846 -0.4646
vn -0.3546 -0.8114 -0.4645
vn 0.4753 0.6736 -0.5661
vn -0.4171 0.2788 0.8650
vn -0.0565 -0.9529 -0.2979
vn 0.7393 -0.5317 0.4132
vn -0.8551 0.2010 -0.4780
vn 0.3824 0.1990 0.9023
vn 0.3993 -0.9158 0.0426
vn 0.3787 0.2384 0.8943
vn -0.3664 -0.1907 -0.9107
vn 0.4696 -0.8829 -0.0042
vn -0.4537 0.8912 -0.0042
vn -0.4006 -0.1642 -0.9014
vn -0.3845 0.9226 -0.0316
vn 0.4056 0.2075 0.8902
vn -0.4057 -0.2075 -0.8901
vn 0.3192 -0.9447 0.0747
vn -0.3193 0.9447 -0.0747
vn -0.8042 -0.4185 0.4221
vn 0.8564 0.2540 -0.4495
vn -0.0995 0.9883 -0.1159
vn 0.9272 -0.3077 0.2134
vn 0.8828 -0.3854 0.2687
vn -0.8117 -0.5399 -0.2229
vn -0.1263 0.9914 0.0355
vn -0.7923 -0.5991 -0.1155
vn -0.1717 0.9683 0.1816
vn 0.9154 -0.3794 0.1347
vn -0.7436 -0.5890 -0.3165
vn 0.2348 -0.1025 -0.9666
vn -0.2303 -0.2186 0.9482
vn 0.1708 0.4908 0.8544
vn 0.9397 -0.3402 0.0353
vn 0.1705 0.5325 0.8291
vn 0.9467 -0.3220 -0.0042
vn -0.1969 -0.5152 -0.8342
vn -0.9421 0.3352 -0.0042
vn -0.1662 -0.4775 -0.8628
vn -0.9289 0.3704 -0.0020
vn 0.1992 0.5622 0.8027
vn 0.9236 -0.3816 0.0380
vn -0.9236 0.3815 -0.0380
vn -0.1992 -0.5622 -0.8026
vn -0.2821 -0.8109 0.5127
vn 0.3276 0.7337 -0.5953
vn -0.4577 0.1892 0.8688
vn -0.1837 -0.8339 -0.5205
vn -0.3981 0.2479 0.8832
vn 0.5789 0.6976 -0.4221
vn -0.0829 -0.9028 -0.4220
vn 0.6527 0.6830 -0.3279
vn -0.4236 0.1649 0.8907
vn 0.7369 0.5949 -0.3211
vn -0.3141 -0.7592 -0.5700
vn -0.7953 0.3290 -0.5092
vn 0.6729 -0.6013 0.4309
vn 0.8793 0.4762 0.0054
vn 0.4597 -0.7210 0.5185
vn 0.3598 -0.6719 0.6474
vn -0.3641 0.6798 -0.6366
vn 0.8145 0.5771 0.0598
vn -0.8762 -0.4646 -0.1280
vn -0.3760 0.7779 -0.5035
vn -0.8836 -0.4682 0.0054
vn 0.8059 0.5603 0.1910
vn 0.4702 -0.8021 0.3682
vn -0.4701 0.8020 -0.3685
vn -0.8058 -0.5604 -0.1913
vn 0.3031 -0.5659 -0.7667
vn -0.3597 0.2070 0.9098
vn 0.5834 0.0892 0.8073
vn -0.2790 -0.8891 -0.3628
vn 0.5833 0.1692 0.7945
vn -0.4036 0.8142 -0.4174
vn -0.1411 -0.8977 -0.4175
vn -0.2883 0.8423 -0.4554
vn 0.5918 0.0866 0.8014
vn -0.2158 0.8056 -0.5517
vn -0.3766 -0.8922 -0.2492
vn -0.8072 -0.1236 0.5771
vn 0.8005 -0.1777 -0.5724
vn -0.7819 -0.3855 0.4899
vn 0.4209 -0.9037 -0.0783
vn -0.8143 -0.3572 0.4575
vn 0.7881 0.3885 -0.4774
vn 0.4452 -0.8954 0.0063
vn -0.4390 0.8984 0.0062
vn 0.7869 0.4267 -0.4457
vn -0.3917 0.9175 0.0699
vn -0.8168 -0.3959 0.4196
vn 0.8168 0.3959 -0.4196
vn 0.3685 -0.9177 -0.1485
vn -0.3685 0.9177 0.1485
vn -0.4339 -0.2139 -0.8752
vn 0.4438 0.0334 0.8955
vn 0.7794 0.3775 -0.5001
vn 0.0364 0.0439 0.9984
vn -0.0097 0.0202 0.9997
vn -0.7308 -0.4395 -0.5224
vn 0.7536 0.4506 -0.4786
vn -0.7842 -0.3673 -0.5001
vn 0.7005 0.5072 -0.5021
vn -0.0071 0.0138 0.9999
vn -0.6933 -0.5211 -0.4977
vn 0.4300 -0.9028 0.0113
vn -0.5936 0.8046 -0.0153
vn 0.4717 0.0447 0.8806
vn 0.9942 0.1074 0.0009
vn 0.4699 0.1199 -0.8746
vn -0.4773 0.0767 -0.8754
vn -0.9999 0.0161 0.0045
vn -0.4754 0.0015 0.8798
vn 0.0005 -0.0262 0.9997
vn 0.8582 0.0360 0.5120
vn 0.8555 0.0811 -0.5114
vn 0.8583 0.0360 0.5119
vn -0.0018 0.0622 -0.9981
vn 0.8554 0.0811 -0.5115
vn -0.8596 0.0013 -0.5110
vn -0.8597 0.0013 -0.5108
vn -0.8573 -0.0440 0.5129
vn -0.8574 -0.0440 0.5127
vn 0.4621 -0.3634 0.8089
vn 0.9512 -0.3080 -0.0175
vn 0.4602 -0.2886 -0.8396
vn -0.4294 -0.3307 -0.8404
vn -0.9180 -0.3963 -0.0143
vn -0.4275 -0.4050 0.8082
vn 0.4541 0.1982 0.8687
vn 0.9643 0.2648 0.0082
vn 0.4521 0.2758 -0.8483
vn -0.4745 0.2321 -0.8491
vn -0.9850 0.1724 0.0115
vn -0.4724 0.1541 0.8678
vn 0.0005 -0.0255 0.9997
vn 0.8580 0.0395 0.5121
vn 0.0004 -0.0255 0.9997
vn 0.8551 0.0876 -0.5111
vn 0.8581 0.0395 0.5119
vn -0.0021 0.0686 -0.9976
vn 0.8549 0.0876 -0.5113
vn -0.8596 0.0052 -0.5109
vn -0.8597 0.0052 -0.5107
vn -0.8574 -0.0430 0.5129
vn -0.8575 -0.0430 0.5127
vn 0.4646 -0.3512 0.8129
vn 0.9563 -0.2917 -0.0180
vn 0.4624 -0.2703 -0.8445
vn -0.4322 -0.3141 -0.8453
vn -0.9234 -0.3835 -0.0149
vn -0.4300 -0.3945 0.8121
vn 0.4552 0.1871 0.8705
vn 0.9663 0.2572 0.0086
vn 0.4530 0.2704 -0.8495
vn -0.4754 0.2253 -0.8504
vn -0.9868 0.1618 0.0118
vn -0.4730 0.1416 0.8696
vn 0.0009 -0.0326 0.9995
vn 0.8585 0.0357 0.5116
vn 0.0010 -0.0326 0.9995
vn 0.8550 0.0877 -0.5111
vn 0.8584 0.0357 0.5117
vn -0.0021 0.0693 -0.9976
vn 0.8549 0.0877 -0.5114
vn -0.8594 0.0023 -0.5113
vn -0.0019 0.0693 -0.9976
vn -0.8596 0.0023 -0.5110
vn -0.8573 -0.0499 0.5125
vn -0.8573 -0.0499 0.5124
vn 0.4676 -0.3365 0.8174
vn 0.9624 -0.2708 -0.0186
vn 0.4650 -0.2466 -0.8503
vn -0.4352 -0.2931 -0.8513
vn -0.9296 -0.3682 -0.0158
vn -0.4326 -0.3824 0.8165
vn 0.4563 0.1727 0.8729
vn 0.9685 0.2487 0.0092
vn 0.4538 0.2651 -0.8508
vn -0.4768 0.2172 -0.8518
vn -0.9890 0.1475 0.0121
vn -0.4738 0.1245 0.8718
vn 0.8591 0.0345 0.5107
vn 0.0027 -0.0427 0.9991
vn 0.0021 -0.0427 0.9991
vn 0.8543 0.0952 -0.5109
vn 0.8596 0.0346 0.5098
vn -0.0018 0.0761 -0.9971
vn 0.8540 0.0952 -0.5114
vn -0.8583 0.0003 -0.5132
vn -0.0011 0.0762 -0.9971
vn -0.8589 0.0002 -0.5121
vn -0.8572 -0.0608 0.5114
vn -0.8571 -0.0608 0.5116
vn 0.4730 -0.3233 0.8196
vn 0.9705 -0.2403 -0.0211
vn 0.4690 -0.2096 -0.8580
vn -0.4367 -0.2654 -0.8595
vn -0.9337 -0.3575 -0.0194
vn -0.4328 -0.3787 0.8181
vn 0.4569 0.1525 0.8764
vn 0.9693 0.2456 0.0117
vn 0.4528 0.2691 -0.8500
vn -0.4793 0.2120 -0.8516
vn -0.9921 0.1248 0.0134
vn -0.4752 0.0951 0.8747
vn 0.8606 0.0371 0.5080
vn 0.0053 -0.0650 0.9979
vn 0.0054 -0.0650 0.9979
vn 0.8518 0.1194 -0.5100
vn 0.8605 0.0370 0.5081
vn -0.0011 0.0970 -0.9953
vn 0.8518 0.1194 -0.5102
vn -0.8570 -0.0032 -0.5153
vn -0.8571 -0.0032 -0.5152
vn -0.8563 -0.0867 0.5092
vn -0.8564 -0.0867 0.5090
vn 0.4814 -0.3185 0.8166
vn 0.9806 -0.1943 -0.0269
vn 0.4746 -0.1481 -0.8676
vn -0.4368 -0.2262 -0.8706
vn -0.9331 -0.3584 -0.0277
vn -0.4273 -0.3958 0.8128
vn 0.4557 0.1220 0.8817
vn 0.9663 0.2567 0.0186
vn 0.4474 0.2959 -0.8440
vn -0.4852 0.2150 -0.8476
vn -0.9962 0.0858 0.0161
vn -0.4768 0.0409 0.8781
vn 0.8617 0.0440 0.5054
vn 0.0119 -0.1084 0.9940
vn 0.0111 -0.1085 0.9940
vn 0.8459 0.1699 -0.5056
vn 0.8625 0.0442 0.5042
vn -0.0029 0.1405 -0.9901
vn 0.8454 0.1699 -0.5064
vn -0.8539 -0.0086 -0.5204
vn -0.0020 0.1406 -0.9901
vn -0.8548 -0.0088 -0.5189
vn -0.8535 -0.1377 0.5026
vn -0.8532 -0.1377 0.5030
vn 0.4970 -0.3217 0.8059
vn 0.9911 -0.1292 -0.0336
vn 0.4788 -0.0584 -0.8760
vn -0.4325 -0.1755 -0.8844
vn -0.9255 -0.3758 -0.0462
vn -0.4144 -0.4384 0.7976
vn 0.4527 0.0809 0.8880
vn 0.9586 0.2831 0.0313
vn 0.4362 0.3470 -0.8303
vn -0.4958 0.2269 -0.8383
vn -0.9994 0.0297 0.0196
vn -0.4760 -0.0388 0.8786
vn 0.8609 0.0538 0.5060
vn 0.0205 -0.1768 0.9840
vn 0.8339 0.2488 -0.4927
vn 0.8610 0.0538 0.5058
vn -0.0116 0.2097 -0.9777
vn 0.8337 0.2488 -0.4931
vn -0.8531 -0.0156 -0.5215
vn -0.0115 0.2097 -0.9777
vn -0.8534 -0.0157 -0.5210
vn -0.8442 -0.2162 0.4905
vn 0.5154 -0.3434 0.7851
vn 0.9982 -0.0455 -0.0389
vn 0.4764 0.0677 -0.8766
vn -0.4337 -0.1049 -0.8949
vn -0.9099 -0.4085 -0.0717
vn -0.3887 -0.5139 0.7647
vn 0.4554 0.0192 0.8901
vn 0.9435 0.3269 0.0539
vn 0.4131 0.4340 -0.8006
vn -0.5099 0.2580 -0.8207
vn -0.9988 -0.0452 0.0167
vn -0.4675 -0.1571 0.8699
vn 0.0388 -0.2629 0.9640
vn 0.8596 0.0650 0.5069
vn 0.0377 -0.2631 0.9640
vn 0.8604 0.0655 0.5053
vn 0.8123 0.3472 -0.4686
vn -0.0270 0.2985 -0.9540
vn 0.8121 0.3472 -0.4690
vn -0.8512 -0.0207 -0.5244
vn -0.0280 0.2982 -0.9541
vn -0.8276 -0.3129 0.4659
vn -0.8505 -0.0201 -0.5256
vn -0.8272 -0.3130 0.4666
vn 0.5401 -0.3651 0.7582
vn 0.9986 0.0384 -0.0357
vn 0.4643 0.1965 -0.8636
vn -0.4352 -0.0314 -0.8998
vn -0.8909 -0.4407 -0.1100
vn -0.3569 -0.5920 0.7226
vn 0.4619 -0.0515 0.8854
vn 0.9218 0.3780 0.0859
vn 0.3786 0.5363 -0.7543
vn -0.5306 0.2963 -0.7941
vn -0.9916 -0.1292 0.0069
vn -0.4472 -0.2918 0.8455
vn 0.0605 -0.3534 0.9335
vn 0.8542 0.0723 0.5149
vn 0.0590 -0.3538 0.9335
vn 0.8555 0.0735 0.5125
vn 0.7843 0.4482 -0.4291
vn -0.0551 0.3911 -0.9187
vn 0.7837 0.4483 -0.4299
vn -0.8521 -0.0245 -0.5228
vn -0.0567 0.3907 -0.9188
vn -0.8019 -0.4116 0.4330
vn -0.8534 -0.0256 -0.5207
vn -0.8012 -0.4118 0.4341
vn 0.5683 -0.3932 0.7228
vn 0.9915 0.1280 -0.0250
vn 0.4390 0.3354 -0.8335
vn -0.4473 0.0460 -0.8932
vn -0.8649 -0.4807 -0.1448
vn -0.3138 -0.6808 0.6619
vn 0.4728 -0.1132 0.8738
vn 0.9008 0.4182 0.1174
vn 0.3429 0.6209 -0.7049
vn -0.5508 0.3289 -0.7671
vn -0.9800 -0.1988 -0.0088
vn -0.4208 -0.4053 0.8116
vn 0.8512 0.0818 0.5185
vn 0.0872 -0.4324 0.8974
vn 0.0870 -0.4323 0.8975
vn 0.7498 0.5389 -0.3839
vn 0.8515 0.0820 0.5178
vn -0.0867 0.4760 -0.8752
vn 0.7494 0.5390 -0.3846
vn -0.8530 -0.0234 -0.5213
vn -0.0862 0.4761 -0.8752
vn -0.8536 -0.0238 -0.5204
vn -0.7736 -0.4964 0.3938
vn -0.7736 -0.4963 0.3940
vn 0.5905 -0.4119 0.6940
vn 0.9806 0.1958 -0.0088
vn 0.4118 0.4394 -0.7984
vn -0.4551 0.1073 -0.8839
vn -0.8431 -0.5053 -0.1843
vn -0.2765 -0.7437 0.6086
vn 0.4865 -0.1673 0.8575
vn 0.8797 0.4516 0.1492
vn 0.3058 0.6936 -0.6522
vn -0.5712 0.3579 -0.7386
vn -0.9658 -0.2578 -0.0283
vn -0.3904 -0.5032 0.7710
vn 0.1073 -0.4860 0.8674
vn 0.8365 0.0862 0.5411
vn 0.1014 -0.4883 0.8668
vn 0.8416 0.0946 0.5318
vn 0.7165 0.6164 -0.3266
vn -0.1230 0.5507 -0.8256
vn 0.7133 0.6177 -0.3311
vn -0.8606 -0.0151 -0.5090
vn -0.1292 0.5484 -0.8262
vn -0.7500 -0.5530 0.3629
vn -0.8656 -0.0231 -0.5003
vn -0.7465 -0.5545 0.3677
vn 0.0457 -0.9980 -0.0430
vn -0.3697 0.7677 0.5235
vn 0.8114 0.5844 -0.0114
vn -0.4044 0.6171 0.6750
vn -0.4032 0.5742 0.7126
vn 0.4396 -0.5752 -0.6899
vn 0.7781 0.6274 -0.0312
vn 0.3893 -0.5545 -0.7355
vn -0.8080 -0.5866 0.0547
vn -0.8252 -0.5647 -0.0115
vn 0.7655 0.6374 -0.0875
vn -0.4482 0.6260 0.6381
vn 0.4475 -0.6254 -0.6392
vn -0.7662 -0.6368 0.0865
vn 0.4161 -0.5926 0.6897
vn -0.4613 0.4502 -0.7646
vn -0.1486 -0.0336 0.9883
vn 0.1973 -0.8179 -0.5404
vn -0.1735 0.0282 0.9844
vn -0.0753 0.8704 -0.4865
vn 0.3057 -0.8186 -0.4863
vn 0.0090 0.8956 -0.4447
vn -0.1860 -0.0407 0.9817
vn 0.1076 0.8853 -0.4523
vn 0.0777 -0.8448 -0.5294
vn -0.9595 -0.2162 -0.1805
vn 0.9825 -0.0250 0.1848
vn 0.1261 0.9920 0.0077
vn 0.6804 -0.0081 0.7328
vn 0.6662 -0.0904 0.7403
vn -0.6890 0.1725 -0.7039
vn -0.0096 0.9920 0.1257
vn -0.6830 0.0925 -0.7245
vn -0.0094 -0.9916 -0.1292
vn -0.1430 -0.9897 0.0081
vn -0.1343 0.9584 0.2520
vn 0.6996 -0.0886 0.7090
vn -0.6993 0.0884 -0.7093
vn 0.1346 -0.9583 -0.2522
vn 0.7258 -0.0984 -0.6808
vn -0.7020 -0.2714 0.6584
vn 0.5302 0.6097 0.5892
vn 0.3432 -0.9277 -0.1471
vn 0.5286 0.6982 0.4827
vn -0.9039 0.2798 -0.3236
vn 0.4028 -0.8562 -0.3237
vn -0.8664 0.3798 -0.3242
vn 0.6311 0.6711 0.3890
vn -0.8647 0.3011 -0.4021
vn 0.2323 -0.9725 0.0152
vn -0.3992 -0.4592 0.7936
vn 0.4474 0.0940 -0.8894
vn -0.7294 -0.5875 0.3505
vn 0.6296 -0.7672 -0.1222
vn -0.7891 -0.5546 0.2641
vn 0.7350 0.5920 -0.3305
vn 0.6300 -0.7765 0.0101
vn -0.6244 0.7811 0.0099
vn 0.7267 0.6431 -0.2413
vn -0.5636 0.8185 0.1112
vn -0.7822 -0.6013 0.1635
vn 0.7821 0.6013 -0.1637
vn 0.5613 -0.7939 -0.2337
vn -0.5614 0.7940 0.2334
vn -0.2652 -0.2136 -0.9402
vn 0.2703 -0.0908 0.9585
vn 0.0130 0.8659 -0.5000
vn -0.0276 0.1027 0.9943
vn -0.0188 0.0004 0.9998
vn 0.1280 -0.8244 -0.5514
vn -0.1481 0.8756 -0.4597
vn -0.0401 -0.8652 -0.4998
vn -0.2981 0.8124 -0.5011
vn -0.0029 0.0001 1.0000
vn 0.3020 -0.8124 -0.4988
vn 0.9995 -0.0304 0.0034
vn -0.9382 -0.3462 -0.0031
vn -0.0999 -0.0868 0.9912
vn 0.5965 -0.8025 -0.0157
vn -0.1315 -0.0657 0.9891
vn 0.1103 0.0957 -0.9893
vn 0.6608 -0.7506 0.0010
vn -0.6505 0.7595 0.0009
vn 0.0938 0.1283 -0.9873
vn -0.5900 0.8074 0.0080
vn -0.1206 -0.1027 0.9874
vn 0.1206 0.1026 -0.9874
vn 0.5268 -0.8497 -0.0240
vn -0.5268 0.8496 0.0240
vn -0.7477 -0.6492 -0.1392
vn 0.8414 0.5173 0.1566
vn -0.7415 0.6518 -0.1595
vn 0.8208 0.3831 0.4237
vn 0.8732 0.3174 0.3698
vn -0.1116 -0.9370 -0.3309
vn -0.7378 0.6741 -0.0350
vn -0.1498 -0.9758 -0.1592
vn -0.8084 0.5879 0.0291
vn 0.8439 0.2875 0.4529
vn -0.0349 -0.8747 -0.4834
vn 0.3316 0.1205 -0.9357
vn -0.2979 -0.4521 0.8408
vn -0.2170 0.5416 0.8121
vn 0.8821 0.4708 -0.0182
vn -0.2252 0.6450 0.7302
vn 0.9261 0.3772 -0.0040
vn 0.2956 -0.6051 -0.7392
vn -0.9303 -0.3667 -0.0041
vn 0.2127 -0.5311 -0.8202
vn -0.9141 -0.3931 0.0991
vn -0.3062 0.7026 0.6423
vn 0.8650 0.4872 -0.1205
vn -0.8649 -0.4873 0.1206
vn 0.3063 -0.7027 -0.6422
vn 0.3036 -0.7576 0.5778
vn -0.3976 0.5186 -0.7569
vn -0.8199 0.0825 0.5666
vn 0.2882 -0.8686 -0.4030
vn -0.7990 0.1618 0.5792
vn 0.5096 0.8190 -0.2639
vn 0.3362 -0.9042 -0.2635
vn 0.5465 0.8255 -0.1412
vn -0.8149 0.0781 0.5743
vn 0.6378 0.7670 -0.0700
vn 0.1767 -0.8450 -0.5048
vn -0.5507 0.0555 -0.8328
vn 0.5151 -0.3573 0.7791
vn -0.0454 0.9990 0.0033
vn 0.3379 0.0949 0.9364
vn 0.3552 0.0131 0.9347
vn -0.3822 0.0690 -0.9215
vn -0.2156 0.9739 0.0709
vn -0.3722 -0.0139 -0.9281
vn 0.2083 -0.9759 -0.0656
vn 0.0284 -0.9996 0.0034
vn -0.3799 0.9153 0.1341
vn 0.3593 0.0123 0.9332
vn -0.3589 -0.0124 -0.9333
vn 0.3802 -0.9151 -0.1342
vn 0.9308 0.0345 -0.3640
vn -0.8525 -0.4027 0.3334
vn 0.0968 0.4695 0.8776
vn 0.8070 -0.4609 -0.3691
vn 0.0935 0.5553 0.8264
vn -0.8932 -0.0439 -0.4475
vn 0.8029 -0.3938 -0.4475
vn -0.9189 -0.0227 -0.3937
vn 0.1384 0.6246 0.7686
vn -0.9007 -0.0743 -0.4280
vn 0.7623 -0.5504 -0.3405
vn -0.1785 -0.8652 0.4686
vn 0.2428 0.7310 -0.6377
vn 0.5586 0.0995 0.8235
vn 0.9374 0.1073 -0.3312
vn 0.0065 0.0444 -0.9990
vn -0.9483 -0.0018 -0.3175
vn -0.5707 0.0337 0.8205
vn -0.0052 0.0298 0.9995
vn 0.9473 0.0741 0.3116
vn -0.0054 0.0298 0.9995
vn 0.5800 0.0400 -0.8136
vn 0.9473 0.0741 0.3115
vn -0.5806 -0.0228 -0.8139
vn 0.5799 0.0400 -0.8137
vn -0.9486 -0.0291 0.3152
vn 0.5519 -0.2672 0.7899
vn 0.9132 -0.2626 -0.3116
vn 0.0248 -0.3129 -0.9495
vn -0.8856 -0.3558 -0.2986
vn -0.5262 -0.3217 0.7872
vn 0.5437 0.2241 0.8088
vn 0.9162 0.2312 -0.3272
vn 0.0002 0.1757 -0.9845
vn -0.9394 0.1377 -0.3139
vn -0.5681 0.1670 0.8058
vn -0.0060 0.0320 0.9995
vn 0.9477 0.0688 0.3117
vn -0.0059 0.0320 0.9995
vn 0.5796 0.0395 -0.8139
vn -0.5812 -0.0128 -0.8137
vn -0.5814 -0.0129 -0.8135
vn -0.9490 -0.0172 0.3148
vn -0.9491 -0.0173 0.3146
vn 0.5507 -0.2613 0.7927
vn 0.9137 -0.2586 -0.3135
vn 0.0210 -0.2987 -0.9541
vn -0.8937 -0.3330 -0.3006
vn -0.5324 -0.3046 0.7898
vn 0.5470 0.2098 0.8104
vn 0.9202 0.2147 -0.3272
vn 0.0024 0.1692 -0.9856
vn -0.9391 0.1396 -0.3141
vn -0.5669 0.1637 0.8074
vn -0.0046 0.0278 0.9996
vn 0.9484 0.0584 0.3117
vn -0.0039 0.0279 0.9996
vn 0.5814 0.0328 -0.8130
vn 0.5809 0.0328 -0.8133
vn -0.5802 -0.0113 -0.8144
vn -0.5807 -0.0113 -0.8140
vn -0.9487 -0.0142 0.3157
vn -0.9489 -0.0142 0.3152
vn 0.5522 -0.2463 0.7965
vn 0.9170 -0.2446 -0.3151
vn 0.0198 -0.2831 -0.9589
vn -0.8996 -0.3151 -0.3023
vn -0.5364 -0.2873 0.7936
vn 0.5485 0.1994 0.8120
vn 0.9228 0.2028 -0.3277
vn 0.0029 0.1588 -0.9873
vn -0.9401 0.1315 -0.3146
vn -0.5671 0.1557 0.8088
vn 0.9480 0.0648 0.3115
vn -0.0012 0.0292 0.9996
vn -0.0018 0.0292 0.9996
vn 0.5836 0.0333 -0.8114
vn 0.9480 0.0647 0.3115
vn 0.5831 0.0333 -0.8117
vn -0.5784 -0.0197 -0.8155
vn -0.5789 -0.0197 -0.8152
vn -0.9480 -0.0222 0.3175
vn -0.9482 -0.0222 0.3170
vn 0.5580 -0.2122 0.8022
vn 0.9255 -0.2095 -0.3156
vn 0.0235 -0.2706 -0.9624
vn -0.8989 -0.3176 -0.3020
vn -0.5345 -0.2757 0.7990
vn 0.5462 0.2042 0.8124
vn 0.9210 0.2077 -0.3295
vn 0.0007 0.1418 -0.9899
vn -0.9435 0.1003 -0.3158
vn -0.5705 0.1389 0.8094
vn 0.0023 0.0394 0.9992
vn 0.9454 0.0979 0.3108
vn 0.0020 0.0394 0.9992
vn 0.5863 0.0431 -0.8089
vn 0.9454 0.0979 0.3107
vn -0.5750 -0.0479 -0.8167
vn 0.5861 0.0430 -0.8091
vn -0.9459 -0.0502 0.3205
vn 0.5674 -0.1555 0.8086
vn 0.9369 -0.1525 -0.3144
vn 0.0342 -0.2651 -0.9636
vn -0.8898 -0.3446 -0.2991
vn -0.5258 -0.2694 0.8068
vn 0.5376 0.2322 0.8106
vn 0.9131 0.2351 -0.3332
vn -0.0044 0.1144 -0.9934
vn -0.9475 0.0383 -0.3174
vn -0.5768 0.1132 0.8090
vn 0.9378 0.1587 0.3086
vn 0.0041 0.0602 0.9982
vn 0.0030 0.0601 0.9982
vn 0.5877 0.0610 -0.8068
vn 0.9378 0.1587 0.3088
vn 0.5868 0.0609 -0.8075
vn -0.5682 -0.0979 -0.8170
vn -0.9408 -0.0986 0.3244
vn -0.5688 -0.0979 -0.8167
vn -0.9404 -0.0985 0.3254
vn 0.5755 -0.0771 0.8142
vn 0.9463 -0.0784 -0.3137
vn 0.0516 -0.2690 -0.9618
vn -0.8714 -0.3938 -0.2925
vn -0.5136 -0.2655 0.8159
vn 0.5220 0.2768 0.8068
vn 0.8995 0.2756 -0.3391
vn -0.0099 0.0775 -0.9969
vn -0.9472 -0.0435 -0.3177
vn -0.5830 0.0844 0.8080
vn 0.9223 0.2390 0.3038
vn -0.0031 0.0892 0.9960
vn 0.5821 0.0825 -0.8089
vn 0.9222 0.2389 0.3039
vn 0.5821 0.0826 -0.8089
vn -0.5583 -0.1644 -0.8132
vn -0.9309 -0.1603 0.3281
vn -0.5583 -0.1643 -0.8132
vn -0.9309 -0.1604 0.3283
vn 0.5748 0.0150 0.8182
vn 0.9493 0.0099 -0.3141
vn 0.0696 -0.2782 -0.9580
vn -0.8421 -0.4600 -0.2817
vn -0.4969 -0.2659 0.8261
vn 0.4987 0.3370 0.7985
vn 0.8771 0.3309 -0.3482
vn -0.0106 0.0345 -0.9994
vn -0.9379 -0.1453 -0.3150
vn -0.5880 0.0501 0.8073
vn -0.0105 0.1243 0.9922
vn 0.8976 0.3268 0.2957
vn -0.0120 0.1239 0.9922
vn 0.5776 0.1055 -0.8095
vn 0.8977 0.3268 0.2957
vn -0.5395 -0.2372 -0.8079
vn 0.5763 0.1050 -0.8105
vn -0.9148 -0.2256 0.3349
vn -0.5402 -0.2373 -0.8074
vn -0.9145 -0.2254 0.3358
vn 0.5668 0.1039 0.8173
vn 0.9444 0.0911 -0.3158
vn 0.0936 -0.2888 -0.9528
vn -0.8095 -0.5220 -0.2688
vn -0.4814 -0.2625 0.8363
vn 0.4672 0.4027 0.7871
vn 0.8488 0.3873 -0.3598
vn -0.0072 -0.0131 -0.9999
vn -0.9178 -0.2502 -0.3084
vn -0.5904 0.0189 0.8069
vn -0.0274 0.1587 0.9869
vn 0.8659 0.4119 0.2838
vn -0.0294 0.1580 0.9870
vn 0.5666 0.1248 -0.8145
vn 0.8659 0.4118 0.2839
vn -0.5177 -0.3077 -0.7983
vn 0.5648 0.1240 -0.8158
vn -0.8956 -0.2869 0.3400
vn -0.5185 -0.3079 -0.7977
vn -0.8952 -0.2866 0.3413
vn 0.5480 0.1941 0.8137
vn 0.9309 0.1710 -0.3227
vn 0.1119 -0.3059 -0.9454
vn -0.7681 -0.5886 -0.2523
vn -0.4683 -0.2611 0.8441
vn 0.4369 0.4555 0.7756
vn 0.8226 0.4310 -0.3709
vn -0.0001 -0.0530 -0.9986
vn -0.8933 -0.3349 -0.2997
vn -0.5901 -0.0054 0.8073
vn -0.0443 0.1924 0.9803
vn 0.8303 0.4878 0.2697
vn -0.0491 0.1902 0.9805
vn 0.5565 0.1433 -0.8184
vn 0.8302 0.4876 0.2702
vn -0.4930 -0.3672 -0.7887
vn 0.5524 0.1408 -0.8216
vn -0.8756 -0.3375 0.3456
vn -0.4951 -0.3678 -0.7871
vn -0.8746 -0.3364 0.3491
vn 0.5269 0.2651 0.8075
vn 0.9144 0.2326 -0.3314
vn 0.1309 -0.3191 -0.9386
vn -0.7310 -0.6399 -0.2370
vn -0.4577 -0.2584 0.8507
vn 0.4062 0.5021 0.7635
vn 0.7964 0.4687 -0.3821
vn 0.0092 -0.0878 -0.9961
vn -0.8661 -0.4075 -0.2895
vn -0.5887 -0.0252 0.8080
vn -0.0681 0.2292 0.9710
vn 0.7899 0.5587 0.2528
vn -0.0764 0.2247 0.9714
vn 0.5398 0.1667 -0.8251
vn 0.7896 0.5586 0.2540
vn -0.4758 -0.4049 -0.7808
vn 0.5327 0.1615 -0.8307
vn -0.8629 -0.3680 0.3463
vn -0.4795 -0.4062 -0.7779
vn -0.8613 -0.3657 0.3528
vn 0.0574 -0.9983 0.0124
vn -0.4892 0.8500 -0.1955
vn 0.5849 0.5990 0.5468
vn 0.6982 -0.7026 0.1373
vn 0.5904 0.6730 0.4456
vn -0.5731 -0.5870 -0.5718
vn 0.7212 -0.6926 -0.0126
vn -0.7094 0.7047 -0.0124
vn -0.6660 -0.5768 -0.4730
vn -0.6260 0.7731 -0.1018
vn 0.6754 0.6463 0.3551
vn -0.6756 -0.6464 -0.3546
vn 0.6016 -0.7615 0.2412
vn -0.6018 0.7615 -0.2407
vn -0.3908 -0.4002 0.8289
vn 0.4259 0.0508 -0.9034
vn 0.9410 0.2995 -0.1575
vn -0.2073 -0.9504 0.2319
vn -0.1779 -0.9084 0.3783
vn -0.7584 0.6324 -0.1577
vn 0.9168 0.3750 -0.1372
vn -0.7147 0.6941 -0.0862
vn 0.9462 0.3108 -0.0903
vn -0.2001 -0.9767 0.0777
vn -0.7461 0.6657 0.0112
vn -0.0687 -0.3506 -0.9340
vn 0.0732 0.0647 0.9952
vn 0.1425 0.9898 -0.0047
vn -0.4521 0.1562 0.8782
vn -0.4439 0.0681 0.8935
vn 0.4371 0.0239 -0.8991
vn -0.0361 0.9955 -0.0871
vn 0.4244 -0.0654 -0.9031
vn 0.0210 -0.9954 0.0935
vn -0.1619 -0.9868 -0.0049
vn -0.2082 0.9617 -0.1782
vn -0.4583 0.0649 0.8864
vn 0.4588 -0.0651 -0.8861
vn 0.2086 -0.9616 0.1784
vn 0.8879 -0.1365 0.4393
vn -0.8639 -0.2662 -0.4275
vn -0.0304 -0.0137 0.9994
vn 0.2650 -0.7957 -0.5446
vn -0.0632 0.0574 0.9964
vn -0.3133 0.8084 -0.4984
vn 0.3932 -0.7728 -0.4982
vn -0.2084 0.8623 -0.4615
vn -0.0537 -0.0229 0.9983
vn -0.0861 0.8699 -0.4856
vn 0.1392 -0.8472 -0.5126
vn -0.9119 -0.4072 -0.0515
vn 0.9900 0.1292 0.0559
vn 0.4024 0.9154 0.0050
vn 0.6166 -0.1769 0.7672
vn 0.5539 -0.2480 0.7948
vn -0.5776 0.3404 -0.7420
vn 0.2529 0.9617 0.1060
vn -0.5661 0.2532 -0.7845
vn -0.2875 -0.9480 -0.1366
vn -0.4145 -0.9100 0.0052
vn 0.1244 0.9623 0.2417
vn 0.6381 -0.2643 0.7231
vn -0.6379 0.2641 -0.7234
vn -0.1241 -0.9623 -0.2419
vn 0.7208 -0.3225 -0.6136
vn -0.7599 -0.0643 0.6468
vn -0.5689 0.8203 -0.0589
vn -0.4648 -0.8542 0.2331
vn -0.4280 -0.9008 0.0734
vn 0.9823 0.1654 -0.0882
vn -0.5332 0.8216 -0.2017
vn 0.9953 0.0768 -0.0592
vn -0.5790 0.7486 -0.3230
vn -0.4158 -0.8196 0.3942
vn 0.9950 0.0712 -0.0703
vn 0.0380 0.0799 0.9961
vn -0.0346 -0.4184 -0.9076
vn 0.9922 0.1249 0.0056
vn 0.1079 -0.7713 0.6272
vn 0.0798 -0.6668 0.7409
vn -0.0813 0.6789 -0.7297
vn 0.9813 0.1915 -0.0192
vn -0.9950 -0.0800 -0.0600
vn -0.0844 0.7797 -0.6204
vn -0.9936 -0.1129 0.0057
vn 0.9875 0.1519 0.0419
vn 0.1112 -0.8604 0.4974
vn -0.1112 0.8602 -0.4976
vn -0.9875 -0.1521 -0.0420
vn 0.0874 -0.7300 -0.6778
vn -0.1117 0.4867 0.8664
vn -0.1621 0.8541 -0.4942
vn -0.2049 0.0187 0.9786
vn -0.1894 -0.0537 0.9804
vn 0.4192 -0.7505 -0.5109
vn -0.2767 0.8278 -0.4880
vn 0.3097 -0.8123 -0.4942
vn -0.3654 0.7628 -0.5335
vn -0.1626 -0.0442 0.9857
vn 0.5284 -0.7186 -0.4521
vn 0.9460 0.2680 0.1823
vn -0.8410 -0.5161 -0.1621
vn 0.2319 0.4152 0.8797
vn 0.8485 -0.5258 0.0598
vn 0.2315 0.4749 0.8490
vn -0.2245 -0.4021 -0.8876
vn 0.8767 -0.4810 -0.0040
vn -0.8694 0.4941 -0.0040
vn -0.2837 -0.4325 -0.8558
vn -0.8300 0.5575 -0.0161
vn 0.2879 0.4967 0.8188
vn -0.2879 -0.4967 -0.8187
vn 0.8018 -0.5926 0.0775
vn -0.8018 0.5925 -0.0774
vn -0.4308 -0.7715 0.4681
vn 0.5236 0.6342 -0.5689
vn -0.1022 0.9737 -0.2037
vn 0.8690 -0.2818 0.4067
vn 0.8327 -0.3335 0.4421
vn -0.7424 -0.6040 -0.2898
vn -0.1351 0.9853 -0.1048
vn -0.7459 -0.6342 -0.2036
vn -0.1868 0.9823 -0.0127
vn 0.8689 -0.3392 0.3605
vn -0.6821 -0.6432 -0.3479
vn 0.3996 -0.1600 -0.9026
vn -0.4040 -0.0650 0.9125
vn -0.1166 0.9932 -0.0064
vn -0.8688 -0.0294 0.4943
vn -0.8671 -0.0987 0.4883
vn 0.8397 0.1613 -0.5186
vn -0.1838 0.9733 -0.1376
vn 0.8598 0.0978 -0.5012
vn 0.1920 -0.9735 0.1244
vn 0.1093 -0.9940 -0.0066
vn -0.2594 0.9304 -0.2588
vn -0.8489 -0.0920 0.5205
vn 0.8490 0.0920 -0.5203
vn 0.2595 -0.9304 0.2590
vn 0.4916 0.0559 0.8690
vn -0.4603 -0.3547 -0.8138
vn 0.8549 -0.3177 -0.4101
vn -0.4157 -0.4251 0.8041
vn -0.3354 -0.4191 0.8437
vn -0.4972 0.7645 -0.4102
vn 0.8203 -0.3073 -0.4824
vn -0.4335 0.8305 -0.3499
vn 0.7897 -0.3837 -0.4788
vn -0.4187 -0.5027 0.7563
vn -0.3710 0.8862 -0.2776
vn -0.5224 -0.6527 -0.5487
vn 0.6129 0.4583 0.6437
vn 0.5969 0.0916 0.7971
vn 0.9567 0.0540 -0.2861
vn -0.0285 0.0234 -0.9993
vn -0.9430 0.0437 -0.3298
vn -0.5834 0.0876 0.8074
vn 0.9490 0.0332 0.3136
vn 0.0085 0.0534 0.9985
vn 0.0084 0.0535 0.9985
vn 0.5861 -0.0064 -0.8102
vn 0.9490 0.0332 0.3135
vn -0.5906 -0.0117 -0.8069
vn 0.5862 -0.0064 -0.8101
vn -0.9537 0.0256 0.2998
vn -0.9536 0.0257 0.3000
vn 0.5740 -0.2601 0.7764
vn 0.9186 -0.2950 -0.2628
vn -0.0260 -0.3200 -0.9471
vn -0.9036 -0.3008 -0.3051
vn -0.5579 -0.2673 0.7857
vn 0.5884 0.2027 0.7828
vn 0.9430 0.1707 -0.2857
vn -0.0285 0.1440 -0.9892
vn -0.9305 0.1613 -0.3289
vn -0.5756 0.2011 0.7926
vn 0.9491 0.0355 0.3131
vn 0.0086 0.0534 0.9985
vn 0.0084 0.0534 0.9985
vn 0.5861 0.0019 -0.8102
vn 0.9489 0.0355 0.3137
vn -0.5904 -0.0027 -0.8071
vn 0.5858 0.0019 -0.8104
vn -0.9535 0.0298 0.2998
vn -0.5906 -0.0027 -0.8069
vn -0.9537 0.0298 0.2994
vn 0.5752 -0.2564 0.7768
vn 0.9208 -0.2861 -0.2651
vn -0.0264 -0.3065 -0.9515
vn -0.9064 -0.2897 -0.3075
vn -0.5597 -0.2623 0.7861
vn 0.5891 0.1931 0.7847
vn 0.9440 0.1663 -0.2849
vn -0.0283 0.1441 -0.9892
vn -0.9311 0.1588 -0.3282
vn -0.5759 0.1924 0.7945
vn 0.9490 0.0299 0.3139
vn 0.0087 0.0461 0.9989
vn 0.0085 0.0461 0.9989
vn 0.5865 0.0002 -0.8099
vn 0.9488 0.0299 0.3144
vn -0.5907 -0.0034 -0.8069
vn 0.5863 0.0002 -0.8101
vn -0.9534 0.0255 0.3006
vn -0.5909 -0.0034 -0.8068
vn -0.9535 0.0255 0.3003
vn 0.5769 -0.2464 0.7788
vn 0.9235 -0.2756 -0.2667
vn -0.0266 -0.2955 -0.9550
vn -0.9091 -0.2790 -0.3092
vn -0.5616 -0.2521 0.7881
vn 0.5898 0.1861 0.7858
vn 0.9451 0.1596 -0.2850
vn -0.0283 0.1383 -0.9900
vn -0.9321 0.1531 -0.3283
vn -0.5765 0.1859 0.7957
vn 0.0086 0.0473 0.9988
vn 0.9483 0.0287 0.3162
vn 0.0087 0.0473 0.9988
vn 0.9486 0.0287 0.3152
vn 0.5877 -0.0049 -0.8091
vn -0.5913 -0.0082 -0.8064
vn 0.5872 -0.0049 -0.8095
vn -0.9531 0.0245 0.3017
vn -0.5918 -0.0082 -0.8061
vn -0.9528 0.0245 0.3026
vn 0.5788 -0.2274 0.7831
vn 0.9267 -0.2659 -0.2655
vn -0.0267 -0.2921 -0.9560
vn -0.9122 -0.2699 -0.3082
vn -0.5636 -0.2329 0.7925
vn 0.5905 0.1858 0.7854
vn 0.9463 0.1500 -0.2864
vn -0.0283 0.1223 -0.9921
vn -0.9332 0.1428 -0.3298
vn -0.5772 0.1854 0.7953
vn 0.9478 0.0328 0.3171
vn 0.0087 0.0615 0.9981
vn 0.0086 0.0615 0.9981
vn 0.5885 -0.0185 -0.8083
vn 0.9478 0.0328 0.3172
vn -0.5925 -0.0222 -0.8053
vn 0.5885 -0.0185 -0.8082
vn -0.9523 0.0276 0.3038
vn 0.5807 -0.1959 0.7902
vn 0.9301 -0.2575 -0.2618
vn -0.0266 -0.3007 -0.9533
vn -0.9149 -0.2653 -0.3043
vn -0.5652 -0.2026 0.7997
vn 0.5911 0.1978 0.7820
vn 0.9474 0.1355 -0.2899
vn -0.0283 0.0898 -0.9956
vn -0.9344 0.1262 -0.3332
vn -0.5781 0.1968 0.7919
vn 0.0085 0.0916 0.9958
vn 0.9468 0.0426 0.3189
vn 0.9471 0.0425 0.3182
vn 0.5901 -0.0440 -0.8062
vn -0.5935 -0.0481 -0.8034
vn 0.5898 -0.0440 -0.8064
vn -0.9517 0.0359 0.3051
vn -0.5939 -0.0482 -0.8031
vn -0.9515 0.0359 0.3056
vn 0.5828 -0.1530 0.7981
vn 0.9334 -0.2541 -0.2535
vn -0.0266 -0.3228 -0.9461
vn -0.9183 -0.2626 -0.2963
vn -0.5675 -0.1586 0.8079
vn 0.5915 0.2191 0.7759
vn 0.9486 0.1156 -0.2948
vn -0.0283 0.0436 -0.9986
vn -0.9352 0.1058 -0.3380
vn -0.5786 0.2191 0.7856
vn 0.0082 0.1380 0.9904
vn 0.9457 0.0574 0.3200
vn 0.0081 0.1380 0.9904
vn 0.9464 0.0572 0.3178
vn 0.5918 -0.0822 -0.8019
vn -0.5944 -0.0861 -0.7996
vn 0.5907 -0.0823 -0.8027
vn -0.9511 0.0502 0.3047
vn -0.5955 -0.0861 -0.7987
vn -0.9504 0.0504 0.3068
vn 0.5843 -0.0937 0.8061
vn 0.9362 -0.2555 -0.2413
vn -0.0267 -0.3634 -0.9312
vn -0.9214 -0.2652 -0.2841
vn -0.5697 -0.0979 0.8160
vn 0.5924 0.2529 0.7649
vn 0.9498 0.0916 -0.2990
vn -0.0280 -0.0187 -0.9994
vn -0.9364 0.0792 -0.3420
vn -0.5796 0.2531 0.7746
vn 0.9451 0.0759 0.3180
vn 0.0078 0.1985 0.9801
vn 0.0077 0.1985 0.9801
vn 0.5927 -0.1321 -0.7945
vn 0.9454 0.0757 0.3169
vn -0.5963 -0.1340 -0.7915
vn 0.5921 -0.1322 -0.7950
vn -0.9503 0.0706 0.3033
vn -0.5958 -0.1341 -0.7919
vn -0.9499 0.0708 0.3046
vn 0.5855 -0.0305 0.8101
vn 0.9385 -0.2594 -0.2278
vn -0.0272 -0.4092 -0.9120
vn -0.9245 -0.2680 -0.2710
vn -0.5720 -0.0314 0.8197
vn 0.5929 0.2961 0.7489
vn 0.9512 0.0592 -0.3030
vn -0.0277 -0.0962 -0.9950
vn -0.9366 0.0507 -0.3467
vn -0.5795 0.3010 0.7573
vn 0.0075 0.2687 0.9632
vn 0.9449 0.0959 0.3131
vn 0.0074 0.2687 0.9632
vn 0.9455 0.0956 0.3114
vn 0.5928 -0.1905 -0.7825
vn -0.5959 -0.1885 -0.7806
vn 0.5921 -0.1906 -0.7830
vn -0.9502 0.0956 0.2967
vn -0.5968 -0.1883 -0.7800
vn -0.9497 0.0959 0.2982
vn 0.5862 0.0421 0.8091
vn 0.9401 -0.2683 -0.2104
vn -0.0282 -0.4669 -0.8838
vn -0.9277 -0.2727 -0.2549
vn -0.5742 0.0468 0.8174
vn 0.5942 0.3415 0.7282
vn 0.9523 0.0253 -0.3041
vn -0.0273 -0.1768 -0.9839
vn -0.9368 0.0214 -0.3492
vn -0.5796 0.3517 0.7351
vn 0.0078 0.3446 0.9387
vn 0.9454 0.1160 0.3047
vn 0.0077 0.3446 0.9387
vn 0.9456 0.1158 0.3039
vn 0.5920 -0.2542 -0.7648
vn -0.5961 -0.2459 -0.7643
vn 0.5917 -0.2542 -0.7651
vn -0.9500 0.1240 0.2864
vn -0.5966 -0.2459 -0.7640
vn -0.9498 0.1242 0.2871
vn 0.5859 0.1168 0.8019
vn 0.9410 -0.2784 -0.1925
vn -0.0301 -0.5275 -0.8490
vn -0.9303 -0.2789 -0.2383
vn -0.5763 0.1267 0.8073
vn 0.5960 0.3958 0.6986
vn 0.9537 -0.0126 -0.3004
vn -0.0273 -0.2702 -0.9624
vn -0.9376 -0.0108 -0.3477
vn -0.5790 0.4128 0.7031
vn 0.0084 0.4210 0.9070
vn 0.9449 0.1366 0.2977
vn 0.0082 0.4210 0.9070
vn 0.9456 0.1358 0.2958
vn 0.5923 -0.3178 -0.7404
vn -0.5973 -0.3021 -0.7430
vn 0.5915 -0.3180 -0.7410
vn -0.9492 0.1546 0.2740
vn -0.5984 -0.3018 -0.7422
vn -0.9486 0.1553 0.2757
vn 0.5876 0.1870 0.7873
vn 0.9411 -0.2924 -0.1699
vn -0.0321 -0.5877 -0.8084
vn -0.9340 -0.2806 -0.2213
vn -0.5773 0.2079 0.7896
vn 0.5977 0.4363 0.6726
vn 0.9546 -0.0454 -0.2944
vn -0.0277 -0.3439 -0.9386
vn -0.9378 -0.0353 -0.3454
vn -0.5779 0.4607 0.6736
vn 0.0095 0.4943 0.8693
vn 0.9452 0.1553 0.2872
vn 0.0096 0.4942 0.8693
vn 0.9450 0.1558 0.2877
vn 0.5913 -0.3782 -0.7123
vn -0.5998 -0.3536 -0.7178
vn 0.5917 -0.3779 -0.7121
vn -0.9475 0.1864 0.2600
vn -0.5995 -0.3538 -0.7179
vn -0.9477 0.1859 0.2593
vn 0.5886 0.2534 0.7677
vn 0.9406 -0.3055 -0.1478
vn -0.0350 -0.6447 -0.7637
vn -0.9368 -0.2835 -0.2049
vn -0.5778 0.2835 0.7654
vn 0.6000 0.4808 0.6394
vn 0.9551 -0.0808 -0.2849
vn -0.0287 -0.4232 -0.9056
vn -0.9380 -0.0603 -0.3415
vn -0.5761 0.5142 0.6354
vn 0.0117 0.5595 0.8288
vn 0.9463 0.1717 0.2738
vn 0.0117 0.5594 0.8288
vn 0.9466 0.1714 0.2730
vn 0.5892 -0.4294 -0.6845
vn -0.5993 -0.3972 -0.6950
vn 0.5889 -0.4293 -0.6847
vn -0.9474 0.2136 0.2384
vn -0.5997 -0.3972 -0.6947
vn -0.9472 0.2137 0.2391
vn 0.5897 0.3066 0.7472
vn 0.9400 -0.3161 -0.1284
vn -0.0379 -0.6899 -0.7229
vn -0.9392 -0.2850 -0.1916
vn -0.5777 0.3448 0.7399
vn 0.6023 0.5159 0.6092
vn 0.9554 -0.1098 -0.2743
vn -0.0300 -0.4868 -0.8730
vn -0.9382 -0.0800 -0.3368
vn -0.5740 0.5571 0.6001
vn 0.9470 0.1886 0.2599
vn 0.0159 0.6209 0.7838
vn 0.0142 0.6208 0.7838
vn 0.5876 -0.4751 -0.6550
vn 0.9507 0.1820 0.2511
vn -0.5947 -0.4381 -0.6741
vn 0.5826 -0.4770 -0.6581
vn -0.6009 -0.4352 -0.6705
vn -0.9492 0.2358 0.2083
vn -0.9456 0.2421 0.2173
vn 0.0042 -0.9993 0.0359
vn 0.0361 0.7998 -0.5992
vn 0.4933 0.5616 0.6643
vn 0.7274 -0.6784 0.1032
vn 0.4998 0.6290 0.5955
vn -0.4823 -0.5491 -0.6826
vn 0.7567 -0.6537 -0.0092
vn -0.7457 0.6662 -0.0091
vn -0.5616 -0.5558 -0.6129
vn -0.6787 0.7317 -0.0637
vn 0.5732 0.6236 0.5316
vn -0.5733 -0.6237 -0.5313
vn 0.6497 -0.7412 0.1689
vn -0.6498 0.7412 -0.1687
vn -0.4445 -0.5059 0.7392
vn 0.4991 0.2485 -0.8301
vn -0.8769 -0.1905 0.4413
vn 0.6268 -0.6941 -0.3541
vn -0.9066 -0.0846 0.4134
vn 0.2686 0.9442 -0.1905
vn 0.6359 -0.7481 -0.1896
vn 0.3148 0.9490 -0.0181
vn -0.9179 -0.1842 0.3515
vn 0.4125 0.9021 0.1268
vn 0.5048 -0.7180 -0.4791
vn -0.4113 -0.0892 -0.9071
vn 0.3937 -0.3018 0.8683
vn 0.2138 0.9769 -0.0062
vn -0.5636 0.2022 0.8009
vn -0.5582 0.1274 0.8199
vn 0.5673 -0.0501 -0.8220
vn 0.0745 0.9929 -0.0929
vn 0.5401 -0.1235 -0.8325
vn -0.0949 -0.9902 0.1029
vn -0.2319 -0.9727 -0.0064
vn -0.0556 0.9793 -0.1946
vn -0.5848 0.1260 0.8013
vn 0.5852 -0.1261 -0.8011
vn 0.0559 -0.9792 0.1948
vn 0.8055 -0.1840 0.5633
vn -0.8091 -0.1584 -0.5659
vn 0.2541 -0.0055 0.9671
vn -0.2674 -0.8229 -0.5013
vn 0.2572 0.0845 0.9626
vn -0.0742 0.8675 -0.4918
vn -0.1096 -0.8638 -0.4918
vn 0.0668 0.8702 -0.4881
vn 0.2285 -0.0045 0.9735
vn 0.1815 0.8134 -0.5526
vn -0.4112 -0.8088 -0.4205
vn -0.9728 0.0203 0.2307
vn 0.9114 -0.3503 -0.2161
vn 0.7448 0.6673 0.0041
vn 0.3920 -0.3301 0.8587
vn 0.2947 -0.3345 0.8951
vn -0.3092 0.4372 -0.8446
vn 0.6407 0.7662 0.0484
vn -0.3055 0.3465 -0.8869
vn -0.6712 -0.7340 -0.1040
vn -0.7555 -0.6552 0.0042
vn 0.5490 0.8214 0.1549
vn 0.4038 -0.4230 0.8112
vn -0.4036 0.4229 -0.8113
vn -0.5487 -0.8215 -0.1550
vn 0.5892 -0.6684 -0.4539
vn -0.7319 0.3828 0.5637
vn -0.6701 0.6976 0.2536
vn 0.9366 0.3105 -0.1626
vn -0.6546 0.7327 0.1864
vn 0.9545 0.2562 -0.1524
vn -0.2891 -0.9564 -0.0413
vn -0.2943 -0.9435 -0.1524
vn -0.6955 0.7078 0.1241
vn 0.9476 0.2577 -0.1885
vn -0.2520 -0.9655 0.0650
vn 0.1875 -0.1952 0.9627
vn -0.1911 -0.0159 -0.9814
vn -0.2394 -0.2551 0.9368
vn 0.6326 -0.7695 -0.0871
vn -0.3298 -0.2379 0.9136
vn 0.2539 0.2703 -0.9287
vn 0.7362 -0.6767 0.0042
vn -0.7218 0.6921 0.0040
vn 0.2493 0.3562 -0.9006
vn -0.6086 0.7924 0.0412
vn -0.3355 -0.3293 0.8826
vn 0.3353 0.3290 -0.8828
vn 0.4974 -0.8576 -0.1307
vn -0.4977 0.8575 0.1305
vn -0.6386 -0.6800 -0.3604
vn 0.7998 0.3955 0.4515
vn 0.3243 0.8067 -0.4939
vn -0.1796 0.1142 0.9771
vn -0.1919 0.0576 0.9797
vn -0.0679 -0.8637 -0.4994
vn 0.2431 0.8407 -0.4838
vn -0.1735 -0.8520 -0.4939
vn 0.1641 0.8347 -0.5257
vn -0.1896 0.0555 0.9803
vn 0.0258 -0.8904 -0.4545
vn 0.9411 -0.2823 0.1860
vn -0.9786 0.0705 -0.1934
vn 0.6686 0.1970 0.7171
vn 0.2051 -0.9741 0.0948
vn 0.6714 0.2540 0.6962
vn -0.6549 -0.1931 -0.7306
vn 0.2896 -0.9571 -0.0069
vn -0.2759 0.9612 -0.0067
vn -0.6867 -0.1407 -0.7132
vn -0.1822 0.9796 -0.0849
vn 0.6985 0.1989 0.6874
vn -0.6986 -0.1990 -0.6873
vn 0.1019 -0.9785 0.1796
vn -0.1020 0.9785 -0.1795
vn -0.6944 -0.2046 0.6899
vn 0.7083 -0.0553 -0.7038
vn 0.8195 0.4386 -0.3688
vn 0.0975 -0.7162 0.6910
vn 0.0773 -0.6437 0.7614
vn -0.8807 0.2848 -0.3785
vn 0.7909 0.5008 -0.3518
vn -0.9001 0.2320 -0.3688
vn 0.8080 0.5161 -0.2843
vn 0.0977 -0.7842 0.6128
vn -0.9056 0.2679 -0.3288
vn 0.0899 -0.7481 -0.6575
vn -0.1080 0.6038 0.7898
vn 0.2962 0.9551 -0.0068
vn -0.9034 0.3317 0.2718
vn -0.9087 0.2841 0.3060
vn 0.9280 -0.2345 -0.2896
vn 0.2507 0.9622 -0.1069
vn 0.9043 -0.2828 -0.3198
vn -0.2806 -0.9537 0.1085
vn -0.3006 -0.9537 -0.0070
vn 0.2309 0.9490 -0.2148
vn -0.9266 0.2818 0.2491
vn 0.9266 -0.2818 -0.2490
vn -0.2308 -0.9490 0.2149
vn 0.2986 -0.0934 0.9498
vn -0.2969 -0.1415 -0.9444
vn 0.0546 0.0042 0.9985
vn -0.0654 -0.8440 -0.5323
vn 0.0519 0.0809 0.9954
vn -0.0735 0.8628 -0.5001
vn 0.0654 -0.8635 -0.5001
vn 0.0435 0.8797 -0.4734
vn 0.0397 0.0030 0.9992
vn 0.1557 0.8464 -0.5092
vn -0.1960 -0.8495 -0.4899
vn -0.9960 -0.0799 0.0392
vn 0.9784 -0.2032 -0.0385
vn 0.8532 0.5216 -0.0004
vn -0.0134 0.0813 0.9966
vn -0.0366 0.0608 0.9975
vn 0.0601 -0.0394 -0.9974
vn 0.8173 0.5762 -0.0017
vn 0.0287 -0.0478 -0.9984
vn -0.8219 -0.5695 0.0078
vn -0.8610 -0.5086 -0.0005
vn 0.7781 0.6280 -0.0098
vn -0.0410 0.0662 0.9970
vn 0.0410 -0.0663 -0.9970
vn -0.7781 -0.6280 0.0097
vn 0.5141 -0.8554 0.0634
vn -0.6267 0.7754 -0.0772
vn -0.9884 -0.0829 -0.1270
vn 0.5692 -0.7543 0.3272
vn 0.5453 -0.8093 0.2183
vn 0.4477 0.8851 -0.1268
vn -0.9909 -0.0085 -0.1345
vn 0.4367 0.8656 -0.2451
vn -0.9929 -0.0733 -0.0941
vn 0.5162 -0.7354 0.4391
vn 0.4766 0.8088 -0.3446
vn -0.1287 0.1909 0.9731
vn 0.1173 -0.4469 -0.8869
vn -0.1090 -0.1436 0.9836
vn 0.6846 -0.7266 -0.0574
vn -0.1940 -0.1170 0.9740
vn 0.1160 0.1526 -0.9815
vn 0.7997 -0.6004 0.0011
vn -0.7928 0.6095 0.0010
vn 0.0903 0.2373 -0.9672
vn -0.6750 0.7375 0.0202
vn -0.1746 -0.2049 0.9631
vn 0.1746 0.2046 -0.9631
vn 0.5424 -0.8364 -0.0794
vn -0.5425 0.8363 0.0794
vn -0.5944 -0.7823 -0.1860
vn 0.8217 0.5087 0.2571
vn 0.3442 0.8322 -0.4347
vn -0.5326 0.1528 0.8324
vn -0.5294 0.0604 0.8462
vn 0.3077 -0.8689 -0.3877
vn 0.2040 0.8569 -0.4735
vn 0.1473 -0.8884 -0.4347
vn 0.1099 0.8084 -0.5782
vn -0.5338 0.0574 0.8436
vn 0.4246 -0.8658 -0.2648
vn 0.8486 -0.0969 0.5201
vn -0.8256 -0.2497 -0.5059
vn 0.5262 0.0522 -0.8488
vn -0.4984 0.0837 -0.8629
vn 0.5147 0.2466 -0.8212
vn 0.4928 0.2356 0.8376
vn 0.4369 -0.4023 0.8045
vn 0.9014 -0.4322 -0.0260
vn 0.4609 -0.3965 -0.7939
vn -0.4928 -0.3260 -0.8067
vn -0.9581 -0.2853 0.0258
vn -0.5165 -0.3217 0.7936
vn 0.4246 -0.3973 0.8136
vn 0.8904 -0.4546 -0.0244
vn 0.4480 -0.4015 -0.7988
vn -0.5092 -0.2844 -0.8123
vn -0.9758 -0.2167 0.0276
vn -0.5322 -0.2705 0.8022
vn 0.4111 -0.3923 0.8229
vn 0.8739 -0.4857 -0.0208
vn 0.4302 -0.4144 -0.8020
vn -0.5261 -0.2401 -0.8159
vn -0.9902 -0.1361 0.0304
vn -0.5465 -0.2081 0.8112
vn 0.5221 0.1188 0.8446
vn -0.4362 0.2751 -0.8568
vn 0.3728 -0.3781 0.8474
vn 0.8162 -0.5778 -0.0062
vn 0.3768 -0.4698 -0.7983
vn -0.5539 -0.1494 -0.8191
vn -0.9976 0.0592 0.0352
vn -0.5571 -0.0494 0.8290
vn 0.5344 0.0479 0.8438
vn 0.5342 -0.0556 -0.8435
vn 0.3566 -0.3707 0.8576
vn 0.7788 -0.6273 0.0052
vn 0.3419 -0.5037 -0.7933
vn -0.5684 -0.1066 -0.8158
vn -0.9867 0.1584 0.0359
vn -0.5513 0.0349 0.8336
vn -0.8339 0.5519 0.0015
vn -0.3877 0.4269 0.8170
vn 0.3407 -0.3578 0.8695
vn 0.7378 -0.6747 0.0185
vn 0.5394 -0.0101 0.8420
vn 0.9386 -0.3440 -0.0253
vn 0.4967 -0.2087 -0.8425
vn -0.3928 0.2756 -0.8774
vn -0.7954 0.6060 -0.0097
vn -0.3536 0.4709 0.8082
vn 0.3241 -0.3489 0.8793
vn -0.5794 -0.0401 -0.8140
vn 0.5390 -0.0365 0.8415
vn -0.3149 0.5134 0.7983
vn -0.1037 -0.0391 0.9938
vn 0.9066 -0.4040 0.1220
vn 0.3795 -0.7525 0.5383
vn 0.1364 0.6407 0.7556
vn -0.8094 0.1186 -0.5752
vn 0.7267 -0.4526 0.5167
vn 0.5320 -0.4335 -0.7274
vn 0.4667 0.2056 0.8602
vn 0.9761 0.2174 0.0056
vn 0.4688 0.2512 -0.8469
vn -0.4523 0.2784 -0.8473
vn -0.9616 0.2744 0.0074
vn -0.4546 0.2327 0.8598
vn 0.4293 -0.4040 0.8077
vn 0.4671 0.1989 0.8615
vn 0.9778 0.2093 0.0047
vn 0.4690 0.2398 -0.8500
vn -0.9649 0.2624 0.0064
vn -0.4566 0.2241 0.8610
vn -0.4545 -0.3594 0.8150
vn 0.4680 0.1886 0.8634
vn 0.9803 0.1973 0.0041
vn 0.4701 0.2260 -0.8532
vn -0.4564 0.2507 -0.8537
vn -0.9685 0.2491 0.0058
vn -0.4582 0.2131 0.8629
vn 0.4338 -0.3734 0.8200
vn -0.4593 -0.2893 -0.8399
vn 0.4243 -0.3897 0.8174
vn 0.9234 -0.3835 -0.0190
vn 0.4317 -0.2929 -0.8532
vn -0.4715 -0.2250 -0.8527
vn -0.9705 -0.2406 -0.0151
vn -0.4743 -0.3219 0.8194
vn 0.4769 0.1063 0.8725
vn 0.4044 -0.4284 0.8080
vn 0.4813 0.0276 0.8761
vn 0.9991 0.0414 0.0115
vn 0.4958 0.1919 -0.8470
vn -0.4324 0.3217 -0.8424
vn -0.9494 0.3129 0.0253
vn -0.4442 0.1561 0.8822
vn 0.3652 -0.4994 0.7857
vn 0.8722 -0.4854 -0.0601
vn 0.4038 -0.2249 -0.8868
vn -0.4908 -0.0072 -0.8713
vn -0.9993 -0.0294 -0.0226
vn -0.5201 -0.2840 0.8055
vn 0.3191 -0.5628 0.7625
vn 0.8306 -0.5490 -0.0935
vn 0.3859 -0.1919 -0.9023
vn -0.4858 0.1139 -0.8666
vn -0.9957 0.0915 -0.0146
vn -0.5458 -0.2591 0.7968
vn 0.4589 -0.2163 0.8617
vn -0.8735 0.4809 0.0763
vn 0.2639 -0.6302 0.7302
vn -0.4631 0.2364 -0.8542
vn 0.2133 -0.6790 0.7024
vn 0.7214 -0.6737 -0.1602
vn 0.3983 -0.4045 0.8233
vn 0.6939 -0.3767 -0.6137
vn -0.5399 -0.3883 -0.7468
vn 0.5711 0.2236 0.7898
vn -0.8042 -0.4184 0.4221
vn -0.2822 -0.8109 0.5127
vn 0.3276 0.7337 -0.5952
vn -0.4338 -0.2138 -0.8753
vn 0.4439 0.0333 0.8954
vn -0.9999 0.0161 0.0044
vn 0.4542 0.1979 0.8686
vn 0.9643 0.2645 0.0083
vn -0.4744 0.2324 -0.8491
vn -0.9849 0.1726 0.0117
vn 0.4553 0.1869 0.8705
vn 0.9664 0.2570 0.0087
vn -0.4754 0.2255 -0.8504
vn -0.9867 0.1620 0.0119
vn 0.4566 0.1723 0.8728
vn 0.9686 0.2483 0.0094
vn -0.4766 0.2176 -0.8518
vn -0.9889 0.1479 0.0123
vn 0.4829 -0.3163 0.8166
vn 0.9810 -0.1926 -0.0254
vn 0.4744 -0.1485 -0.8677
vn -0.4350 -0.2281 -0.8711
vn -0.9325 -0.3601 -0.0293
vn -0.4277 -0.3955 0.8128
vn -0.4852 0.2151 -0.8476
vn 0.4547 0.0785 0.8872
vn 0.9592 0.2807 0.0323
vn 0.4359 0.3473 -0.8303
vn -0.4946 0.2296 -0.8383
vn -0.9993 0.0324 0.0186
vn -0.4762 -0.0393 0.8785
vn 0.5180 -0.3389 0.7854
vn 0.9985 -0.0427 -0.0352
vn 0.4761 0.0672 -0.8768
vn -0.4299 -0.1076 -0.8965
vn -0.9085 -0.4110 -0.0755
vn -0.3893 -0.5134 0.7648
vn 0.5428 -0.3600 0.7588
vn 0.9983 0.0435 -0.0379
vn 0.4640 0.1960 -0.8639
vn -0.4304 -0.0340 -0.9020
vn -0.8888 -0.4454 -0.1079
vn -0.3574 -0.5916 0.7226
vn 0.5639 -0.3916 0.7271
vn 0.9913 0.1300 -0.0197
vn 0.4388 0.3350 -0.8338
vn -0.4423 0.0443 -0.8958
vn -0.8629 -0.4824 -0.1505
vn -0.3143 -0.6805 0.6619
vn 0.9008 0.4181 0.1174
vn -0.9800 -0.1989 -0.0088
vn -0.4208 -0.4054 0.8116
vn 0.4118 0.4394 -0.7983
vn -0.4613 0.4502 -0.7645
vn -0.7020 -0.2715 0.6584
vn -0.2652 -0.2136 -0.9403
vn -0.7477 -0.6493 -0.1392
vn 0.3035 -0.7576 0.5779
vn -0.3976 0.5185 -0.7570
vn 0.9308 0.0345 -0.3639
vn -0.8525 -0.4027 0.3333
vn 0.5585 0.0995 0.8235
vn 0.9375 0.1073 -0.3312
vn 0.0065 0.0443 -0.9990
vn 0.5434 0.2246 0.8089
vn 0.9164 0.2308 -0.3271
vn -0.0000 0.1749 -0.9846
vn -0.9395 0.1376 -0.3138
vn -0.5679 0.1677 0.8059
vn 0.5468 0.2101 0.8105
vn 0.9203 0.2145 -0.3272
vn 0.0022 0.1688 -0.9857
vn -0.9391 0.1395 -0.3141
vn -0.5667 0.1641 0.8074
vn 0.5486 0.1992 0.8120
vn 0.9227 0.2030 -0.3278
vn 0.0030 0.1591 -0.9873
vn -0.5673 0.1554 0.8087
vn 0.5586 -0.2112 0.8021
vn 0.9251 -0.2105 -0.3161
vn 0.0245 -0.2720 -0.9620
vn -0.8988 -0.3176 -0.3020
vn -0.5355 -0.2743 0.7987
vn 0.5683 -0.1539 0.8083
vn 0.9364 -0.1542 -0.3153
vn 0.0361 -0.2673 -0.9629
vn -0.5277 -0.2672 0.8063
vn 0.5230 0.2756 0.8066
vn 0.8987 0.2770 -0.3399
vn -0.0091 0.0801 -0.9967
vn -0.9472 -0.0436 -0.3177
vn -0.5839 0.0817 0.8077
vn 0.5757 0.0170 0.8175
vn 0.9489 0.0075 -0.3154
vn 0.0727 -0.2805 -0.9571
vn -0.8422 -0.4598 -0.2816
vn -0.5000 -0.2635 0.8249
vn 0.5676 0.1060 0.8164
vn 0.9442 0.0884 -0.3172
vn 0.0922 -0.2925 -0.9518
vn -0.8097 -0.5217 -0.2686
vn -0.4849 -0.2605 0.8349
vn 0.5486 0.1960 0.8128
vn 0.9309 0.1683 -0.3241
vn 0.1157 -0.3075 -0.9445
vn -0.7684 -0.5883 -0.2521
vn -0.4721 -0.2595 0.8425
vn 0.5275 0.2670 0.8065
vn 0.9156 0.2312 -0.3290
vn 0.1349 -0.3203 -0.9377
vn -0.7313 -0.6396 -0.2367
vn -0.4617 -0.2572 0.8490
vn 0.7965 0.4687 -0.3821
vn 0.0092 -0.0879 -0.9961
vn -0.3908 -0.4001 0.8289
vn 0.4259 0.0508 -0.9033
vn -0.7599 -0.0643 0.6469
vn 0.0874 -0.7301 -0.6777
vn -0.1117 0.4868 0.8663
vn -0.4308 -0.7715 0.4682
vn -0.4604 -0.3548 -0.8137
vn 0.5752 -0.2562 0.7769
vn 0.9208 -0.2857 -0.2653
vn -0.0264 -0.3064 -0.9515
vn -0.9062 -0.2901 -0.3077
vn -0.5595 -0.2625 0.7861
vn 0.5769 -0.2466 0.7787
vn 0.9235 -0.2758 -0.2666
vn -0.9092 -0.2788 -0.3091
vn -0.5617 -0.2519 0.7881
vn 0.5811 -0.1969 0.7897
vn 0.9301 -0.2590 -0.2606
vn -0.9156 -0.2637 -0.3035
vn -0.5659 -0.2016 0.7995
vn 0.9334 -0.2541 -0.2536
vn 0.5919 0.2202 0.7754
vn 0.9486 0.1175 -0.2939
vn -0.0282 0.0435 -0.9987
vn -0.9357 0.1042 -0.3370
vn -0.5792 0.2180 0.7855
vn 0.5923 0.2529 0.7650
vn 0.5854 -0.0305 0.8101
vn 0.5935 0.2975 0.7478
vn 0.9513 0.0618 -0.3021
vn -0.0276 -0.0964 -0.9950
vn -0.9374 0.0487 -0.3450
vn -0.5803 0.2996 0.7573
vn 0.5949 0.3428 0.7270
vn 0.9525 0.0282 -0.3033
vn -0.0272 -0.1770 -0.9838
vn -0.9376 0.0194 -0.3471
vn -0.5804 0.3503 0.7351
vn 0.5873 0.1142 0.8013
vn 0.9412 -0.2803 -0.1887
vn -0.0297 -0.5272 -0.8492
vn -0.9318 -0.2749 -0.2371
vn -0.5752 0.1288 0.8078
vn 0.5876 0.1870 0.7872
vn -0.0321 -0.5877 -0.8085
vn -0.5760 0.5142 0.6354
vn -0.5740 0.5571 0.6002
vn 0.0360 0.7998 -0.5992
vn -0.7319 0.3828 0.5638
vn -0.6385 -0.6800 -0.3604
vn 0.7999 0.3955 0.4514
vn -0.6943 -0.2046 0.6899
vn 0.5141 -0.8554 0.0635
vn -0.6268 0.7754 -0.0772
vn -0.5945 -0.7823 -0.1859
vt 0.333333 0.000000
vt 0.000000 0.246493
vt 0.000000 0.000000
vt 0.666667 0.000000
vt 0.333333 0.246493
vt 1.000000 0.246493
vt 0.666667 0.246493
vt 1.000000 0.000000
vt 1.333333 0.246493
vt 1.666667 0.000000
vt 1.333333 0.000000
vt 2.000000 0.246493
vt 1.666667 0.246493
vt 0.000000 0.905973
vt 0.333333 0.905973
vt 1.000000 0.905973
vt 0.666667 0.905973
vt 1.333333 0.905973
vt 2.000000 0.905973
vt 1.666667 0.905973
vt 0.333333 0.985973
vt 0.000000 0.985973
vt 0.666667 0.985973
vt 1.333333 0.985973
vt 1.000000 0.985973
vt 1.666667 0.985973
vt 0.000000 1.052639
vt 0.333333 1.052639
vt 1.000000 1.052639
vt 0.666667 1.052639
vt 1.333333 1.052639
vt 2.000000 1.052639
vt 1.666667 1.052639
vt 0.333333 2.263043
vt 0.000000 2.263043
vt 0.666667 2.263043
vt 1.000000 2.263043
vt 1.333333 2.263043
vt 2.000000 2.263043
vt 1.666667 2.263043
vt 0.333333 2.343043
vt 0.000000 2.343043
vt 0.666667 2.343043
vt 1.333333 2.343043
vt 1.000000 2.343043
vt 1.666667 2.343043
vt 0.000000 2.409710
vt 0.333333 2.409710
vt 1.000000 2.409710
vt 0.666667 2.409710
vt 1.333333 2.409710
vt 2.000000 2.409710
vt 1.666667 2.409710
vt 0.333333 3.868733
vt 0.000000 3.868733
vt 0.666667 3.868733
vt 1.000000 3.868733
vt 1.333333 3.868733
vt 2.000000 3.868733
vt 1.666667 3.868733
vt 0.333333 3.948733
vt 0.000000 3.948733
vt 0.666667 3.948733
vt 1.333333 3.948733
vt 1.000000 3.948733
vt 1.666667 3.948733
vt 0.000000 4.015399
vt 0.333333 4.015399
vt 1.000000 4.015399
vt 0.666667 4.015399
vt 1.333333 4.015399
vt 2.000000 4.015399
vt 1.666667 4.015399
vt 0.000000 5.620891
vt 0.333333 5.620891
vt 1.000000 5.620891
vt 0.666667 5.620891
vt 1.333333 5.620891
vt 2.000000 5.620891
vt 1.666667 5.620891
vt 0.000000 5.700891
vt 0.666667 5.700891
vt 0.333333 5.700891
vt 1.333333 5.700891
vt 1.000000 5.700891
vt 1.666667 5.700891
vt 0.000000 5.767558
vt 0.333333 5.767558
vt 1.000000 5.767558
vt 0.666667 5.767558
vt 1.333333 5.767558
vt 2.000000 5.767558
vt 1.666667 5.767558
vt 0.000000 7.426660
vt 0.333333 7.426660
vt 1.000000 7.426660
vt 0.666667 7.426660
vt 1.333333 7.426660
vt 2.000000 7.426660
vt 1.666667 7.426660
vt 0.000000 7.506659
vt 0.666667 7.506659
vt 0.333333 7.506659
vt 1.333333 7.506659
vt 1.000000 7.506659
vt 1.666667 7.506659
vt 0.000000 7.573326
vt 0.333333 7.573326
vt 1.000000 7.573326
vt 0.666667 7.573326
vt 1.333333 7.573326
vt 2.000000 7.573326
vt 1.666667 7.573326
vt 0.000000 9.202804
vt 0.333333 9.202804
vt 1.000000 9.202804
vt 0.666667 9.202804
vt 1.333333 9.202804
vt 2.000000 9.202804
vt 1.666667 9.202804
vt 0.333333 9.282803
vt 0.000000 9.282803
vt 0.666667 9.282803
vt 1.333333 9.282803
vt 1.000000 9.282803
vt 1.666667 9.282803
vt 0.000000 9.349469
vt 0.333333 9.349469
vt 1.000000 9.349469
vt 0.666667 9.349469
vt 1.333333 9.349469
vt 2.000000 9.349469
vt 1.666667 9.349469
vt 0.333333 10.877430
vt 0.000000 10.877430
vt 0.666667 10.877430
vt 1.000000 10.877430
vt 1.333333 10.877430
vt 2.000000 10.877430
vt 1.666667 10.877430
vt 0.333333 10.957430
vt 0.000000 10.957430
vt 0.666667 10.957430
vt 1.333333 10.957430
vt 1.000000 10.957430
vt 1.666667 10.957430
vt 0.000000 11.024096
vt 0.333333 11.024096
vt 1.000000 11.024096
vt 0.666667 11.024096
vt 1.333333 11.024096
vt 2.000000 11.024096
vt 1.666667 11.024096
vt 0.000000 12.391622
vt 0.333333 12.391622
vt 1.000000 12.391622
vt 0.666667 12.391622
vt 1.333333 12.391622
vt 1.666667 12.391622
vt 0.000000 12.471621
vt 0.666667 12.471621
vt 0.333333 12.471621
vt 1.333333 12.471621
vt 1.000000 12.471621
vt 1.666667 12.471621
vt 2.000000 12.391622
vt 0.000000 12.538287
vt 0.333333 12.538287
vt 1.000000 12.538287
vt 0.666667 12.538287
vt 1.333333 12.538287
vt 2.000000 12.538287
vt 1.666667 12.538287
vt 0.000000 13.700507
vt 0.333333 13.700507
vt 1.000000 13.700507
vt 0.666667 13.700507
vt 1.333333 13.700507
vt 1.666667 13.700507
vt 0.333333 13.780504
vt 0.000000 13.780504
vt 0.666667 13.780504
vt 1.000000 13.780504
vt 1.666667 13.780504
vt 1.333333 13.780504
vt 2.000000 13.700507
vt 0.000000 13.847172
vt 0.333333 13.847172
vt 1.000000 13.847172
vt 0.666667 13.847172
vt 1.333333 13.847172
vt 2.000000 13.847172
vt 1.666667 13.847172
vt 0.333333 14.773843
vt 0.000000 14.773843
vt 0.666667 14.773843
vt 1.000000 14.773843
vt 1.333333 14.773843
vt 2.000000 14.773843
vt 1.666667 14.773843
vt 0.333333 14.853841
vt 0.000000 14.853841
vt 0.666667 14.853841
vt 1.333333 14.853841
vt 1.000000 14.853841
vt 1.666667 14.853841
vt 0.333333 14.920506
vt 0.000000 14.920506
vt 1.000000 14.920506
vt 0.666667 14.920506
vt 1.333333 14.920506
vt 2.000000 14.920506
vt 1.666667 14.920506
vt 0.333333 15.595842
vt 0.000000 15.595842
vt 0.666667 15.595842
vt 1.000000 15.595842
vt 1.333333 15.595842
vt 2.000000 15.595842
vt 1.666667 15.595842
vt 0.333333 15.675843
vt 0.000000 15.675843
vt 0.666667 15.675843
vt 1.333333 15.675843
vt 1.000000 15.675843
vt 1.666667 15.675843
vt 0.000000 15.742510
vt 0.333333 15.742510
vt 1.000000 15.742510
vt 0.666667 15.742510
vt 1.333333 15.742510
vt 2.000000 15.742510
vt 1.666667 15.742510
vt 0.000000 16.244394
vt 0.333333 16.244394
vt 1.000000 16.244394
vt 0.666667 16.244394
vt 1.333333 16.244394
vt 1.666667 16.244394
vt 0.500000 0.000000
vt 0.500000 16.244394
vt 0.250000 0.000000
vt 0.000000 0.520057
vt 0.250000 0.520057
vt 0.750000 0.520057
vt 0.500000 0.520057
vt 0.750000 0.000000
vt 1.000000 0.520057
vt 0.250000 1.040114
vt 0.000000 1.040114
vt 0.500000 1.040114
vt 0.750000 1.040114
vt 0.333333 0.289090
vt 0.000000 0.289090
vt 0.666667 0.289090
vt 0.000000 0.578180
vt 0.333333 0.578180
vt 1.000000 0.578180
vt 0.666667 0.578180
vt 0.500000 0.578180
vt 0.250000 0.461257
vt 0.000000 0.461257
vt 0.500000 0.461257
vt 1.000000 0.461257
vt 0.750000 0.461257
vt 0.000000 0.922515
vt 0.500000 0.922515
vt 0.250000 0.922515
vt 0.750000 0.922515
vt 0.000000 0.282397
vt 0.666667 0.282397
vt 0.333333 0.282397
vt 0.333333 0.564794
vt 0.000000 0.564794
vt 1.000000 0.564794
vt 0.666667 0.564794
vt 0.500000 0.564794
vt 0.250000 0.610961
vt 0.000000 0.610961
vt 0.500000 0.610961
vt 1.000000 0.610961
vt 0.750000 0.610961
vt 0.000000 1.221923
vt 0.500000 1.221923
vt 0.250000 1.221923
vt 0.750000 1.221923
vt 0.250000 0.620212
vt 0.000000 0.620212
vt 0.500000 0.620212
vt 0.750000 0.620212
vt 0.000000 1.240424
vt 0.250000 1.240424
vt 0.750000 1.240424
vt 0.500000 1.240424
vt 1.000000 1.240424
vt 0.333333 0.429128
vt 0.000000 0.429128
vt 1.000000 0.429128
vt 0.666667 0.429128
vt 0.000000 0.858256
vt 0.666667 0.858256
vt 0.333333 0.858256
vt 0.500000 0.858256
vt 0.000000 1.057237
vt 0.250000 1.057237
vt 0.750000 1.057237
vt 0.500000 1.057237
vt 1.000000 1.057237
vt 0.250000 2.114474
vt 0.000000 2.114474
vt 0.500000 2.114474
vt 0.750000 2.114474
vt 0.333333 0.560410
vt 0.000000 0.560410
vt 1.000000 0.560410
vt 0.666667 0.560410
vt 0.000000 1.120819
vt 0.666667 1.120819
vt 0.333333 1.120819
vt 0.500000 1.120819
vt 0.250000 0.724265
vt 0.000000 0.724265
vt 0.500000 0.724265
vt 1.000000 0.724265
vt 0.750000 0.724265
vt 0.000000 1.448530
vt 0.500000 1.448530
vt 0.250000 1.448530
vt 0.750000 1.448530
vt 0.000000 0.574493
vt 0.666667 0.574493
vt 0.333333 0.574493
vt 0.333333 1.148985
vt 0.000000 1.148985
vt 1.000000 1.148985
vt 0.666667 1.148985
vt 0.500000 1.148985
vt 0.250000 1.132996
vt 0.000000 1.132996
vt 0.500000 1.132996
vt 1.000000 1.132996
vt 0.750000 1.132996
vt 0.000000 2.265993
vt 0.500000 2.265993
vt 0.250000 2.265993
vt 0.750000 2.265993
vt 0.333333 0.250361
vt 0.000000 0.250361
vt 0.666667 0.250361
vt 1.333333 0.250361
vt 1.000000 0.250361
vt 2.000000 0.000000
vt 1.666667 0.250361
vt 0.333333 0.921446
vt 0.000000 0.921446
vt 0.666667 0.921446
vt 1.333333 0.921446
vt 1.000000 0.921446
vt 2.000000 0.250361
vt 1.666667 0.921446
vt 0.000000 1.001446
vt 0.666667 1.001446
vt 0.333333 1.001446
vt 1.000000 1.001446
vt 1.666667 1.001446
vt 1.333333 1.001446
vt 2.000000 1.001446
vt 0.333333 1.068112
vt 0.000000 1.068112
vt 0.666667 1.068112
vt 1.333333 1.068112
vt 1.000000 1.068112
vt 1.666667 1.068112
vt 0.333333 2.313088
vt 0.000000 2.313088
vt 0.666667 2.313088
vt 1.333333 2.313088
vt 1.000000 2.313088
vt 2.000000 1.068112
vt 1.666667 2.313088
vt 0.000000 2.393088
vt 0.666667 2.393088
vt 0.333333 2.393088
vt 1.000000 2.393088
vt 1.666667 2.393088
vt 1.333333 2.393088
vt 2.000000 2.393088
vt 0.333333 2.459755
vt 0.000000 2.459755
vt 0.666667 2.459755
vt 1.333333 2.459755
vt 1.000000 2.459755
vt 1.666667 2.459755
vt 0.333333 3.953157
vt 0.000000 3.953157
vt 0.666667 3.953157
vt 1.333333 3.953157
vt 1.000000 3.953157
vt 1.666667 3.953157
vt 2.000000 2.459755
vt 0.000000 4.033157
vt 0.666667 4.033157
vt 0.333333 4.033157
vt 1.000000 4.033157
vt 1.666667 4.033157
vt 1.333333 4.033157
vt 2.000000 4.033157
vt 0.333333 4.099823
vt 0.000000 4.099823
vt 0.666667 4.099823
vt 1.333333 4.099823
vt 1.000000 4.099823
vt 1.666667 4.099823
vt 0.333333 5.721912
vt 0.000000 5.721912
vt 0.666667 5.721912
vt 1.000000 5.721912
vt 1.666667 5.721912
vt 1.333333 5.721912
vt 2.000000 5.721912
vt 0.000000 5.801912
vt 0.666667 5.801912
vt 0.333333 5.801912
vt 1.000000 5.801912
vt 1.666667 5.801912
vt 1.333333 5.801912
vt 2.000000 5.801912
vt 0.333333 5.868579
vt 0.000000 5.868579
vt 0.666667 5.868579
vt 1.333333 5.868579
vt 1.000000 5.868579
vt 1.666667 5.868579
vt 0.333333 7.511583
vt 0.000000 7.511583
vt 0.666667 7.511583
vt 1.333333 7.511583
vt 1.000000 7.511583
vt 1.666667 7.511583
vt 2.000000 7.511583
vt 0.000000 7.591583
vt 0.666667 7.591583
vt 0.333333 7.591583
vt 1.000000 7.591583
vt 1.333333 7.591583
vt 2.000000 7.591583
vt 1.666667 7.591583
vt 0.333333 7.658249
vt 0.000000 7.658249
vt 0.666667 7.658249
vt 1.333333 7.658249
vt 1.000000 7.658249
vt 1.666667 7.658249
vt 0.333333 9.227900
vt 0.000000 9.227900
vt 0.666667 9.227900
vt 1.000000 9.227900
vt 1.666667 9.227900
vt 1.333333 9.227900
vt 2.000000 9.227900
vt 0.000000 9.307899
vt 0.666667 9.307899
vt 0.333333 9.307899
vt 1.000000 9.307899
vt 1.666667 9.307899
vt 1.333333 9.307899
vt 2.000000 9.307899
vt 0.333333 9.374565
vt 0.000000 9.374565
vt 0.666667 9.374565
vt 1.333333 9.374565
vt 1.000000 9.374565
vt 1.666667 9.374565
vt 2.000000 9.374565
vt 0.333333 10.792874
vt 0.000000 10.792874
vt 0.666667 10.792874
vt 1.000000 10.792874
vt 1.666667 10.792874
vt 1.333333 10.792874
vt 2.000000 10.792874
vt 0.000000 10.872873
vt 0.666667 10.872873
vt 0.333333 10.872873
vt 1.000000 10.872873
vt 1.333333 10.872873
vt 2.000000 10.872873
vt 1.666667 10.872873
vt 0.333333 10.939541
vt 0.000000 10.939541
vt 0.666667 10.939541
vt 1.333333 10.939541
vt 1.000000 10.939541
vt 1.666667 10.939541
vt 0.333333 12.146704
vt 0.000000 12.146704
vt 0.666667 12.146704
vt 1.000000 12.146704
vt 1.333333 12.146704
vt 2.000000 10.939541
vt 1.666667 12.146704
vt 0.000000 12.226704
vt 0.333333 12.226704
vt 1.000000 12.226704
vt 0.666667 12.226704
vt 1.666667 12.226704
vt 1.333333 12.226704
vt 2.000000 12.226704
vt 0.333333 12.293371
vt 0.000000 12.293371
vt 0.666667 12.293371
vt 1.333333 12.293371
vt 1.000000 12.293371
vt 1.666667 12.293371
vt 0.333333 13.248845
vt 0.000000 13.248845
vt 0.666667 13.248845
vt 1.000000 13.248845
vt 1.666667 13.248845
vt 1.333333 13.248845
vt 2.000000 13.248845
vt 0.000000 13.328846
vt 0.666667 13.328846
vt 0.333333 13.328846
vt 1.000000 13.328846
vt 1.666667 13.328846
vt 1.333333 13.328846
vt 2.000000 13.328846
vt 0.333333 13.395512
vt 0.000000 13.395512
vt 0.666667 13.395512
vt 1.333333 13.395512
vt 1.000000 13.395512
vt 1.666667 13.395512
vt 0.333333 14.077701
vt 0.000000 14.077701
vt 0.666667 14.077701
vt 1.000000 14.077701
vt 1.666667 14.077701
vt 1.333333 14.077701
vt 2.000000 14.077701
vt 0.000000 14.157700
vt 0.666667 14.157700
vt 0.333333 14.157700
vt 1.000000 14.157700
vt 1.666667 14.157700
vt 1.333333 14.157700
vt 2.000000 14.157700
vt 0.333333 14.224366
vt 0.000000 14.224366
vt 0.666667 14.224366
vt 1.333333 14.224366
vt 1.000000 14.224366
vt 1.666667 14.224366
vt 0.000000 14.671207
vt 0.666667 14.671207
vt 0.333333 14.671207
vt 1.000000 14.671207
vt 1.333333 14.671207
vt 2.000000 14.224366
vt 1.666667 14.671207
vt 0.500000 14.671207
vt 0.000000 0.603376
vt 0.500000 0.603376
vt 0.250000 0.603376
vt 0.750000 0.603376
vt 0.250000 1.206752
vt 0.000000 1.206752
vt 0.500000 1.206752
vt 1.000000 1.206752
vt 0.750000 1.206752
vt 0.333333 0.295604
vt 0.000000 0.295604
vt 1.000000 0.295604
vt 0.666667 0.295604
vt 0.000000 0.591208
vt 0.666667 0.591208
vt 0.333333 0.591208
vt 0.500000 0.591208
vt 0.250000 0.687931
vt 0.000000 0.687931
vt 0.500000 0.687931
vt 1.000000 0.687931
vt 0.750000 0.687931
vt 0.000000 1.375862
vt 0.500000 1.375862
vt 0.250000 1.375862
vt 0.750000 1.375862
vt 0.000000 0.312982
vt 0.666667 0.312982
vt 0.333333 0.312982
vt 0.333333 0.625964
vt 0.000000 0.625964
vt 1.000000 0.625964
vt 0.666667 0.625964
vt 0.500000 0.625964
vt 0.250000 0.692848
vt 0.000000 0.692848
vt 0.500000 0.692848
vt 1.000000 0.692848
vt 0.750000 0.692848
vt 0.000000 1.385697
vt 0.500000 1.385697
vt 0.250000 1.385697
vt 0.750000 1.385697
vt 0.000000 0.533669
vt 0.666667 0.533669
vt 0.333333 0.533669
vt 0.333333 1.067337
vt 0.000000 1.067337
vt 1.000000 1.067337
vt 0.666667 1.067337
vt 0.500000 1.067337
vt 0.250000 0.834330
vt 0.000000 0.834330
vt 0.500000 0.834330
vt 0.750000 0.834330
vt 0.000000 1.668659
vt 0.250000 1.668659
vt 0.750000 1.668659
vt 0.500000 1.668659
vt 1.000000 1.668659
vt 0.333333 0.432757
vt 0.000000 0.432757
vt 1.000000 0.432757
vt 0.666667 0.432757
vt 0.000000 0.865513
vt 0.666667 0.865513
vt 0.333333 0.865513
vt 0.500000 0.865513
vt 0.000000 0.993817
vt 0.250000 0.993817
vt 0.750000 0.993817
vt 0.500000 0.993817
vt 1.000000 0.993817
vt 0.250000 1.987634
vt 0.000000 1.987634
vt 0.500000 1.987634
vt 0.750000 1.987634
vt 0.333333 0.435897
vt 0.000000 0.435897
vt 1.000000 0.435897
vt 0.666667 0.435897
vt 0.000000 0.871794
vt 0.666667 0.871794
vt 0.333333 0.871794
vt 0.500000 0.871794
vt 0.250000 0.960917
vt 0.000000 0.960917
vt 0.500000 0.960917
vt 1.000000 0.960917
vt 0.750000 0.960917
vt 0.000000 1.921835
vt 0.500000 1.921835
vt 0.250000 1.921835
vt 0.750000 1.921835
vt 0.000000 0.611200
vt 0.666667 0.611200
vt 0.333333 0.611200
vt 0.333333 1.222400
vt 0.000000 1.222400
vt 1.000000 1.222400
vt 0.666667 1.222400
vt 0.500000 1.222400
vt 0.333333 0.216314
vt 0.000000 0.216314
vt 0.666667 0.216314
vt 1.333333 0.216314
vt 1.000000 0.216314
vt 1.666667 0.216314
vt 0.333333 0.785254
vt 0.000000 0.785254
vt 0.666667 0.785254
vt 1.333333 0.785254
vt 1.000000 0.785254
vt 1.666667 0.785254
vt 2.000000 0.216314
vt 0.000000 0.865254
vt 0.666667 0.865254
vt 0.333333 0.865254
vt 1.000000 0.865254
vt 1.666667 0.865254
vt 1.333333 0.865254
vt 2.000000 0.865254
vt 0.333333 0.931921
vt 0.000000 0.931921
vt 0.666667 0.931921
vt 1.333333 0.931921
vt 1.000000 0.931921
vt 1.666667 0.931921
vt 0.333333 1.987641
vt 0.000000 1.987641
vt 0.666667 1.987641
vt 1.333333 1.987641
vt 1.000000 1.987641
vt 1.666667 1.987641
vt 2.000000 0.931921
vt 0.000000 2.067641
vt 0.666667 2.067641
vt 0.333333 2.067641
vt 1.000000 2.067641
vt 1.666667 2.067641
vt 1.333333 2.067641
vt 2.000000 2.067641
vt 0.333333 2.134308
vt 0.000000 2.134308
vt 0.666667 2.134308
vt 1.333333 2.134308
vt 1.000000 2.134308
vt 1.666667 2.134308
vt 0.333333 3.404668
vt 0.000000 3.404668
vt 0.666667 3.404668
vt 1.333333 3.404668
vt 1.000000 3.404668
vt 1.666667 3.404668
vt 2.000000 2.134308
vt 0.000000 3.484668
vt 0.666667 3.484668
vt 0.333333 3.484668
vt 1.000000 3.484668
vt 1.666667 3.484668
vt 1.333333 3.484668
vt 2.000000 3.484668
vt 0.333333 3.551334
vt 0.000000 3.551334
vt 0.666667 3.551334
vt 1.333333 3.551334
vt 1.000000 3.551334
vt 1.666667 3.551334
vt 0.000000 4.932877
vt 0.333333 4.932877
vt 0.666667 4.932877
vt 1.333333 4.932877
vt 1.000000 4.932877
vt 1.666667 4.932877
vt 2.000000 3.551334
vt 0.000000 5.012877
vt 0.666667 5.012877
vt 0.333333 5.012877
vt 1.000000 5.012877
vt 1.666667 5.012877
vt 1.333333 5.012877
vt 2.000000 5.012877
vt 0.333333 5.079544
vt 0.000000 5.079544
vt 0.666667 5.079544
vt 1.333333 5.079544
vt 1.000000 5.079544
vt 1.666667 5.079544
vt 0.000000 6.479184
vt 0.333333 6.479184
vt 0.666667 6.479184
vt 1.333333 6.479184
vt 1.000000 6.479184
vt 1.666667 6.479184
vt 2.000000 5.079544
vt 0.000000 6.559185
vt 0.666667 6.559185
vt 0.333333 6.559185
vt 1.000000 6.559185
vt 1.333333 6.559185
vt 2.000000 6.559185
vt 1.666667 6.559185
vt 0.333333 6.625851
vt 0.000000 6.625851
vt 0.666667 6.625851
vt 1.333333 6.625851
vt 1.000000 6.625851
vt 1.666667 6.625851
vt 0.000000 7.962171
vt 0.333333 7.962171
vt 0.666667 7.962171
vt 1.333333 7.962171
vt 1.000000 7.962171
vt 1.666667 7.962171
vt 2.000000 6.625851
vt 0.000000 8.042171
vt 0.666667 8.042171
vt 0.333333 8.042171
vt 1.000000 8.042171
vt 1.666667 8.042171
vt 1.333333 8.042171
vt 2.000000 8.042171
vt 0.333333 8.108837
vt 0.000000 8.108837
vt 0.666667 8.108837
vt 1.333333 8.108837
vt 1.000000 8.108837
vt 1.666667 8.108837
vt 0.000000 9.314413
vt 0.333333 9.314413
vt 0.666667 9.314413
vt 1.333333 9.314413
vt 1.000000 9.314413
vt 1.666667 9.314413
vt 2.000000 8.108837
vt 0.000000 9.394412
vt 0.666667 9.394412
vt 0.333333 9.394412
vt 1.000000 9.394412
vt 1.333333 9.394412
vt 2.000000 9.394412
vt 1.666667 9.394412
vt 0.333333 9.461080
vt 0.000000 9.461080
vt 0.666667 9.461080
vt 1.333333 9.461080
vt 1.000000 9.461080
vt 1.666667 9.461080
vt 0.333333 10.484209
vt 0.000000 10.484209
vt 0.666667 10.484209
vt 1.333333 10.484209
vt 1.000000 10.484209
vt 2.000000 9.461080
vt 1.666667 10.484209
vt 0.000000 10.564208
vt 0.333333 10.564208
vt 1.000000 10.564208
vt 0.666667 10.564208
vt 1.666667 10.564208
vt 1.333333 10.564208
vt 2.000000 10.564208
vt 0.333333 10.630876
vt 0.000000 10.630876
vt 0.666667 10.630876
vt 1.333333 10.630876
vt 1.000000 10.630876
vt 1.666667 10.630876
vt 0.333333 11.436503
vt 0.000000 11.436503
vt 0.666667 11.436503
vt 1.000000 11.436503
vt 1.333333 11.436503
vt 2.000000 10.630876
vt 1.666667 11.436503
vt 0.333333 11.516501
vt 0.000000 11.516501
vt 0.666667 11.516501
vt 1.000000 11.516501
vt 1.333333 11.516501
vt 2.000000 11.516501
vt 1.666667 11.516501
vt 0.333333 11.583168
vt 0.000000 11.583168
vt 0.666667 11.583168
vt 1.333333 11.583168
vt 1.000000 11.583168
vt 1.666667 11.583168
vt 0.000000 12.152663
vt 0.333333 12.152663
vt 0.666667 12.152663
vt 1.333333 12.152663
vt 1.000000 12.152663
vt 1.666667 12.152663
vt 2.000000 11.583168
vt 0.000000 12.232663
vt 0.666667 12.232663
vt 0.333333 12.232663
vt 1.000000 12.232663
vt 1.666667 12.232663
vt 1.333333 12.232663
vt 2.000000 12.232663
vt 0.333333 12.299331
vt 0.000000 12.299331
vt 0.666667 12.299331
vt 1.333333 12.299331
vt 1.000000 12.299331
vt 1.666667 12.299331
vt 0.333333 12.676343
vt 0.000000 12.676343
vt 0.666667 12.676343
vt 1.000000 12.676343
vt 1.333333 12.676343
vt 2.000000 12.299331
vt 1.666667 12.676343
vt 0.500000 12.676343
vt 0.000000 0.441077
vt 0.500000 0.441077
vt 0.250000 0.441077
vt 0.750000 0.441077
vt 0.250000 0.882154
vt 0.000000 0.882154
vt 0.500000 0.882154
vt 1.000000 0.882154
vt 0.750000 0.882154
vt 0.333333 0.243056
vt 0.000000 0.243056
vt 1.000000 0.243056
vt 0.666667 0.243056
vt 0.000000 0.486113
vt 0.666667 0.486113
vt 0.333333 0.486113
vt 0.500000 0.486113
vt 0.000000 0.599666
vt 0.500000 0.599666
vt 0.250000 0.599666
vt 0.750000 0.599666
vt 0.250000 1.199332
vt 0.000000 1.199332
vt 0.500000 1.199332
vt 1.000000 1.199332
vt 0.750000 1.199332
vt 0.333333 0.291540
vt 0.000000 0.291540
vt 0.666667 0.291540
vt 0.000000 0.583080
vt 0.666667 0.583080
vt 0.333333 0.583080
vt 1.000000 0.583080
vt 0.500000 0.583080
vt 0.250000 0.651692
vt 0.000000 0.651692
vt 0.500000 0.651692
vt 1.000000 0.651692
vt 0.750000 0.651692
vt 0.000000 1.303384
vt 0.500000 1.303384
vt 0.250000 1.303384
vt 0.750000 1.303384
vt 0.000000 0.456659
vt 0.666667 0.456659
vt 0.333333 0.456659
vt 0.333333 0.913318
vt 0.000000 0.913318
vt 1.000000 0.913318
vt 0.666667 0.913318
vt 0.500000 0.913318
vt 0.250000 0.993911
vt 0.000000 0.993911
vt 0.500000 0.993911
vt 1.000000 0.993911
vt 0.750000 0.993911
vt 0.000000 1.987823
vt 0.500000 1.987823
vt 0.250000 1.987823
vt 0.750000 1.987823
vt 0.000000 0.387118
vt 0.666667 0.387118
vt 0.333333 0.387118
vt 0.333333 0.774235
vt 0.000000 0.774235
vt 1.000000 0.774235
vt 0.666667 0.774235
vt 0.500000 0.774235
vt 0.250000 0.993965
vt 0.000000 0.993965
vt 0.500000 0.993965
vt 0.750000 0.993965
vt 0.000000 1.987930
vt 0.250000 1.987930
vt 0.750000 1.987930
vt 0.500000 1.987930
vt 1.000000 1.987930
vt 0.333333 0.443274
vt 0.000000 0.443274
vt 1.000000 0.443274
vt 0.666667 0.443274
vt 0.000000 0.886548
vt 0.666667 0.886548
vt 0.333333 0.886548
vt 0.500000 0.886548
vt 0.000000 0.763537
vt 0.500000 0.763537
vt 0.250000 0.763537
vt 0.750000 0.763537
vt 0.250000 1.527074
vt 0.000000 1.527074
vt 0.500000 1.527074
vt 1.000000 1.527074
vt 0.750000 1.527074
vt 0.333333 0.560221
vt 0.000000 0.560221
vt 0.666667 0.560221
vt 0.000000 1.120443
vt 0.666667 1.120443
vt 0.333333 1.120443
vt 1.000000 1.120443
vt 0.500000 1.120443
vt 0.400000 0.200273
vt 0.000000 0.200273
vt 0.800000 0.000000
vt 0.400000 0.000000
vt 1.200000 0.000000
vt 0.800000 0.200273
vt 1.600000 0.200273
vt 1.200000 0.200273
vt 1.600000 0.000000
vt 0.400000 0.721091
vt 0.000000 0.721091
vt 0.800000 0.721091
vt 1.600000 0.721091
vt 1.200000 0.721091
vt 2.000000 0.200273
vt 0.000000 0.801091
vt 0.800000 0.801091
vt 0.400000 0.801091
vt 1.200000 0.801091
vt 2.000000 0.801091
vt 1.600000 0.801091
vt 0.400000 0.867757
vt 0.000000 0.867757
vt 1.200000 0.867757
vt 0.800000 0.867757
vt 1.600000 0.867757
vt 0.400000 1.834311
vt 0.000000 1.834311
vt 1.200000 1.834311
vt 0.800000 1.834311
vt 1.600000 1.834311
vt 2.000000 0.867757
vt 0.000000 1.914311
vt 0.800000 1.914311
vt 0.400000 1.914311
vt 1.200000 1.914311
vt 2.000000 1.914311
vt 1.600000 1.914311
vt 0.400000 1.980978
vt 0.000000 1.980978
vt 1.200000 1.980978
vt 0.800000 1.980978
vt 1.600000 1.980978
vt 0.400000 3.146260
vt 0.000000 3.146260
vt 0.800000 3.146260
vt 1.200000 3.146260
vt 1.600000 3.146260
vt 2.000000 1.980978
vt 0.000000 3.226260
vt 0.800000 3.226260
vt 0.400000 3.226260
vt 1.200000 3.226260
vt 2.000000 3.226260
vt 1.600000 3.226260
vt 0.400000 3.292926
vt 0.000000 3.292926
vt 1.200000 3.292926
vt 0.800000 3.292926
vt 1.600000 3.292926
vt 0.000000 4.561140
vt 0.800000 4.561140
vt 0.400000 4.561140
vt 1.200000 4.561140
vt 1.600000 4.561140
vt 2.000000 3.292926
vt 0.000000 4.641140
vt 0.800000 4.641140
vt 0.400000 4.641140
vt 1.200000 4.641140
vt 2.000000 4.641140
vt 1.600000 4.641140
vt 0.400000 4.707807
vt 0.000000 4.707807
vt 1.200000 4.707807
vt 0.800000 4.707807
vt 1.600000 4.707807
vt 0.400000 5.992747
vt 0.000000 5.992747
vt 1.200000 5.992747
vt 0.800000 5.992747
vt 1.600000 5.992747
vt 2.000000 4.707807
vt 0.000000 6.072746
vt 0.800000 6.072746
vt 0.400000 6.072746
vt 1.200000 6.072746
vt 2.000000 6.072746
vt 1.600000 6.072746
vt 0.400000 6.139413
vt 0.000000 6.139413
vt 1.200000 6.139413
vt 0.800000 6.139413
vt 1.600000 6.139413
vt 0.000000 7.365757
vt 0.800000 7.365757
vt 0.400000 7.365757
vt 1.200000 7.365757
vt 2.000000 6.139413
vt 1.600000 7.365757
vt 0.000000 7.445756
vt 0.800000 7.445756
vt 0.400000 7.445756
vt 1.200000 7.445756
vt 2.000000 7.445756
vt 1.600000 7.445756
vt 0.400000 7.512423
vt 0.000000 7.512423
vt 1.200000 7.512423
vt 0.800000 7.512423
vt 1.600000 7.512423
vt 0.000000 8.617826
vt 0.800000 8.617826
vt 0.400000 8.617826
vt 1.200000 8.617826
vt 2.000000 7.512423
vt 1.600000 8.617826
vt 0.000000 8.697825
vt 0.800000 8.697825
vt 0.400000 8.697825
vt 1.200000 8.697825
vt 2.000000 8.697825
vt 1.600000 8.697825
vt 0.400000 8.764493
vt 0.000000 8.764493
vt 1.200000 8.764493
vt 0.800000 8.764493
vt 1.600000 8.764493
vt 0.400000 9.701077
vt 0.000000 9.701077
vt 0.800000 9.701077
vt 1.600000 9.701077
vt 1.200000 9.701077
vt 2.000000 9.701077
vt 0.000000 9.781075
vt 0.800000 9.781075
vt 0.400000 9.781075
vt 1.200000 9.781075
vt 2.000000 9.781075
vt 1.600000 9.781075
vt 0.400000 9.847743
vt 0.000000 9.847743
vt 1.200000 9.847743
vt 0.800000 9.847743
vt 1.600000 9.847743
vt 0.400000 10.582921
vt 0.000000 10.582921
vt 0.800000 10.582921
vt 1.600000 10.582921
vt 1.200000 10.582921
vt 2.000000 10.582921
vt 0.000000 10.662920
vt 0.800000 10.662920
vt 0.400000 10.662920
vt 1.200000 10.662920
vt 2.000000 10.662920
vt 1.600000 10.662920
vt 0.400000 10.729587
vt 0.000000 10.729587
vt 1.200000 10.729587
vt 0.800000 10.729587
vt 1.600000 10.729587
vt 0.400000 11.246062
vt 0.000000 11.246062
vt 0.800000 11.246062
vt 1.600000 11.246062
vt 1.200000 11.246062
vt 2.000000 11.246062
vt 0.000000 11.326061
vt 0.400000 11.326061
vt 0.800000 11.326061
vt 1.200000 11.326061
vt 2.000000 11.326061
vt 1.600000 11.326061
vt 0.400000 11.392728
vt 0.000000 11.392728
vt 1.200000 11.392728
vt 0.800000 11.392728
vt 1.600000 11.392728
vt 0.400000 11.736869
vt 0.000000 11.736869
vt 0.800000 11.736869
vt 1.600000 11.736869
vt 1.200000 11.736869
vt 2.000000 11.736869
vt 0.500000 11.736869
vt 0.250000 0.461212
vt 0.000000 0.461212
vt 0.500000 0.461212
vt 1.000000 0.461212
vt 0.750000 0.461212
vt 0.000000 0.922425
vt 0.500000 0.922425
vt 0.250000 0.922425
vt 0.750000 0.922425
vt 0.000000 0.310046
vt 0.333333 0.310046
vt 1.000000 0.310046
vt 0.666667 0.310046
vt 0.333333 0.620091
vt 0.000000 0.620091
vt 0.666667 0.620091
vt 0.500000 0.620091
vt 0.000000 0.638355
vt 0.500000 0.638355
vt 0.250000 0.638355
vt 0.750000 0.638355
vt 0.250000 1.276709
vt 0.000000 1.276709
vt 0.500000 1.276709
vt 1.000000 1.276709
vt 0.750000 1.276709
vt 0.333333 0.382733
vt 0.000000 0.382733
vt 1.000000 0.382733
vt 0.666667 0.382733
vt 0.000000 0.765466
vt 0.666667 0.765466
vt 0.333333 0.765466
vt 0.500000 0.765466
vt 0.000000 0.831545
vt 0.500000 0.831545
vt 0.250000 0.831545
vt 0.750000 0.831545
vt 0.250000 1.663090
vt 0.000000 1.663090
vt 0.500000 1.663090
vt 1.000000 1.663090
vt 0.750000 1.663090
vt 0.000000 0.467405
vt 0.666667 0.467405
vt 0.333333 0.467405
vt 1.000000 0.467405
vt 0.333333 0.934809
vt 0.000000 0.934809
vt 0.666667 0.934809
vt 0.500000 0.934809
vt 0.000000 0.837467
vt 0.250000 0.837467
vt 0.750000 0.837467
vt 0.500000 0.837467
vt 1.000000 0.837467
vt 0.250000 1.674934
vt 0.000000 1.674934
vt 0.500000 1.674934
vt 0.750000 1.674934
vt 0.000000 0.468729
vt 0.666667 0.468729
vt 0.333333 0.468729
vt 0.333333 0.937457
vt 0.000000 0.937457
vt 1.000000 0.937457
vt 0.666667 0.937457
vt 0.500000 0.937457
vt 0.250000 0.808009
vt 0.000000 0.808009
vt 0.500000 0.808009
vt 1.000000 0.808009
vt 0.750000 0.808009
vt 0.000000 1.616018
vt 0.500000 1.616018
vt 0.250000 1.616018
vt 0.750000 1.616018
vt 0.000000 0.534864
vt 0.666667 0.534864
vt 0.333333 0.534864
vt 0.333333 1.069729
vt 0.000000 1.069729
vt 1.000000 1.069729
vt 0.666667 1.069729
vt 0.500000 1.069729
vt 0.000000 0.934158
vt 0.500000 0.934158
vt 0.250000 0.934158
vt 0.750000 0.934158
vt 0.250000 1.868315
vt 0.000000 1.868315
vt 0.500000 1.868315
vt 1.000000 1.868315
vt 0.750000 1.868315
vt 0.000000 0.481325
vt 0.333333 0.481325
vt 1.000000 0.481325
vt 0.666667 0.481325
vt 0.333333 0.962649
vt 0.000000 0.962649
vt 0.666667 0.962649
vt 0.500000 0.962649
vt 0.000000 0.173215
vt 0.800000 0.173215
vt 0.400000 0.173215
vt 1.600000 0.173215
vt 1.200000 0.173215
vt 2.000000 0.173215
vt 0.000000 0.612860
vt 0.800000 0.612860
vt 0.400000 0.612860
vt 1.600000 0.612860
vt 1.200000 0.612860
vt 2.000000 0.612860
vt 0.400000 0.692860
vt 0.000000 0.692860
vt 1.200000 0.692860
vt 0.800000 0.692860
vt 2.000000 0.692860
vt 1.600000 0.692860
vt 0.000000 0.759527
vt 0.800000 0.759527
vt 0.400000 0.759527
vt 1.600000 0.759527
vt 1.200000 0.759527
vt 0.000000 1.548885
vt 0.800000 1.548885
vt 0.400000 1.548885
vt 1.600000 1.548885
vt 1.200000 1.548885
vt 2.000000 0.759527
vt 0.400000 1.628885
vt 0.000000 1.628885
vt 1.200000 1.628885
vt 0.800000 1.628885
vt 2.000000 1.628885
vt 1.600000 1.628885
vt 0.000000 1.695552
vt 0.800000 1.695552
vt 0.400000 1.695552
vt 1.600000 1.695552
vt 1.200000 1.695552
vt 0.000000 2.659176
vt 0.800000 2.659176
vt 0.400000 2.659176
vt 1.600000 2.659176
vt 1.200000 2.659176
vt 2.000000 1.695552
vt 0.400000 2.739176
vt 0.000000 2.739176
vt 1.200000 2.739176
vt 0.800000 2.739176
vt 2.000000 2.739176
vt 1.600000 2.739176
vt 0.000000 2.805843
vt 0.800000 2.805843
vt 0.400000 2.805843
vt 1.600000 2.805843
vt 1.200000 2.805843
vt 0.400000 3.888064
vt 0.000000 3.888064
vt 0.800000 3.888064
vt 1.200000 3.888064
vt 2.000000 2.805843
vt 1.600000 3.888064
vt 0.400000 3.968064
vt 0.000000 3.968064
vt 1.200000 3.968064
vt 0.800000 3.968064
vt 2.000000 3.968064
vt 1.600000 3.968064
vt 0.000000 4.034730
vt 0.800000 4.034730
vt 0.400000 4.034730
vt 1.600000 4.034730
vt 1.200000 4.034730
vt 0.000000 5.184588
vt 0.800000 5.184588
vt 0.400000 5.184588
vt 1.600000 5.184588
vt 1.200000 5.184588
vt 2.000000 4.034730
vt 0.400000 5.264588
vt 0.000000 5.264588
vt 1.200000 5.264588
vt 0.800000 5.264588
vt 2.000000 5.264588
vt 1.600000 5.264588
vt 0.000000 5.331255
vt 0.800000 5.331255
vt 0.400000 5.331255
vt 1.600000 5.331255
vt 1.200000 5.331255
vt 0.400000 6.501710
vt 0.000000 6.501710
vt 0.800000 6.501710
vt 1.200000 6.501710
vt 2.000000 5.331255
vt 1.600000 6.501710
vt 0.400000 6.581710
vt 0.000000 6.581710
vt 1.200000 6.581710
vt 0.800000 6.581710
vt 2.000000 6.581710
vt 1.600000 6.581710
vt 0.000000 6.648376
vt 0.800000 6.648376
vt 0.400000 6.648376
vt 1.600000 6.648376
vt 1.200000 6.648376
vt 0.400000 7.796792
vt 0.000000 7.796792
vt 0.800000 7.796792
vt 1.200000 7.796792
vt 2.000000 6.648376
vt 1.600000 7.796792
vt 0.400000 7.876791
vt 0.000000 7.876791
vt 1.200000 7.876791
vt 0.800000 7.876791
vt 2.000000 7.876791
vt 1.600000 7.876791
vt 0.000000 7.943458
vt 0.800000 7.943458
vt 0.400000 7.943458
vt 1.600000 7.943458
vt 1.200000 7.943458
vt 0.000000 9.032279
vt 0.400000 9.032279
vt 0.800000 9.032279
vt 1.600000 9.032279
vt 1.200000 9.032279
vt 2.000000 9.032279
vt 0.400000 9.112280
vt 0.000000 9.112280
vt 1.200000 9.112280
vt 0.800000 9.112280
vt 2.000000 9.112280
vt 1.600000 9.112280
vt 0.000000 9.178945
vt 0.800000 9.178945
vt 0.400000 9.178945
vt 1.600000 9.178945
vt 1.200000 9.178945
vt 0.400000 10.176316
vt 0.000000 10.176316
vt 0.800000 10.176316
vt 1.200000 10.176316
vt 2.000000 9.178945
vt 1.600000 10.176316
vt 0.400000 10.256316
vt 0.000000 10.256316
vt 1.200000 10.256316
vt 0.800000 10.256316
vt 2.000000 10.256316
vt 1.600000 10.256316
vt 0.000000 10.322981
vt 0.800000 10.322981
vt 0.400000 10.322981
vt 1.600000 10.322981
vt 1.200000 10.322981
vt 0.400000 11.203194
vt 0.000000 11.203194
vt 0.800000 11.203194
vt 1.200000 11.203194
vt 2.000000 10.322981
vt 1.600000 11.203194
vt 0.400000 11.283192
vt 0.000000 11.283192
vt 1.200000 11.283192
vt 0.800000 11.283192
vt 2.000000 11.203194
vt 1.600000 11.283192
vt 0.000000 11.349858
vt 0.800000 11.349858
vt 0.400000 11.349858
vt 1.600000 11.349858
vt 1.200000 11.349858
vt 2.000000 11.283192
vt 0.400000 12.093576
vt 0.000000 12.093576
vt 0.800000 12.093576
vt 1.200000 12.093576
vt 2.000000 11.349858
vt 1.600000 12.093576
vt 0.400000 12.173576
vt 0.000000 12.173576
vt 1.200000 12.173576
vt 0.800000 12.173576
vt 2.000000 12.173576
vt 1.600000 12.173576
vt 0.000000 12.240243
vt 0.800000 12.240243
vt 0.400000 12.240243
vt 1.600000 12.240243
vt 1.200000 12.240243
vt 0.400000 12.834615
vt 0.000000 12.834615
vt 0.800000 12.834615
vt 1.200000 12.834615
vt 2.000000 12.240243
vt 1.600000 12.834615
vt 0.400000 12.914615
vt 0.000000 12.914615
vt 1.200000 12.914615
vt 0.800000 12.914615
vt 2.000000 12.914615
vt 1.600000 12.914615
vt 0.000000 12.981281
vt 0.800000 12.981281
vt 0.400000 12.981281
vt 1.600000 12.981281
vt 1.200000 12.981281
vt 0.400000 13.419719
vt 0.000000 13.419719
vt 0.800000 13.419719
vt 1.200000 13.419719
vt 2.000000 12.981281
vt 1.600000 13.419719
vt 0.400000 13.499719
vt 0.000000 13.499719
vt 1.200000 13.499719
vt 0.800000 13.499719
vt 2.000000 13.499719
vt 1.600000 13.499719
vt 0.000000 13.566386
vt 0.800000 13.566386
vt 0.400000 13.566386
vt 1.600000 13.566386
vt 1.200000 13.566386
vt 0.000000 13.989334
vt 0.400000 13.989334
vt 1.200000 13.989334
vt 0.800000 13.989334
vt 1.600000 13.989334
vt 2.000000 13.989334
vt 0.500000 13.989334
vt 0.250000 0.558361
vt 0.000000 0.558361
vt 0.500000 0.558361
vt 1.000000 0.558361
vt 0.750000 0.558361
vt 0.000000 1.116722
vt 0.500000 1.116722
vt 0.250000 1.116722
vt 0.750000 1.116722
vt 0.333333 0.309036
vt 0.000000 0.309036
vt 1.000000 0.309036
vt 0.666667 0.309036
vt 0.000000 0.618073
vt 0.666667 0.618073
vt 0.333333 0.618073
vt 0.500000 0.618073
vt 0.000000 0.619143
vt 0.500000 0.619143
vt 0.250000 0.619143
vt 0.750000 0.619143
vt 0.250000 1.238287
vt 0.000000 1.238287
vt 0.500000 1.238287
vt 1.000000 1.238287
vt 0.750000 1.238287
vt 0.333333 0.288946
vt 0.000000 0.288946
vt 1.000000 0.288946
vt 0.666667 0.288946
vt 0.000000 0.577891
vt 0.666667 0.577891
vt 0.333333 0.577891
vt 0.500000 0.577891
vt 0.000000 0.767536
vt 0.500000 0.767536
vt 0.250000 0.767536
vt 0.750000 0.767536
vt 0.250000 1.535072
vt 0.000000 1.535072
vt 0.500000 1.535072
vt 1.000000 1.535072
vt 0.750000 1.535072
vt 0.333333 0.389682
vt 0.000000 0.389682
vt 0.666667 0.389682
vt 0.000000 0.779363
vt 0.333333 0.779363
vt 1.000000 0.779363
vt 0.666667 0.779363
vt 0.500000 0.779363
vt 0.250000 0.615546
vt 0.000000 0.615546
vt 0.500000 0.615546
vt 1.000000 0.615546
vt 0.750000 0.615546
vt 0.000000 1.231093
vt 0.500000 1.231093
vt 0.250000 1.231093
vt 0.750000 1.231093
vt 0.000000 0.473143
vt 0.666667 0.473143
vt 0.333333 0.473143
vt 0.333333 0.946285
vt 0.000000 0.946285
vt 1.000000 0.946285
vt 0.666667 0.946285
vt 0.500000 0.946285
vt 0.250000 0.699858
vt 0.000000 0.699858
vt 0.500000 0.699858
vt 1.000000 0.699858
vt 0.750000 0.699858
vt 0.000000 1.399715
vt 0.500000 1.399715
vt 0.250000 1.399715
vt 0.750000 1.399715
vt 0.000000 0.571984
vt 0.666667 0.571984
vt 0.333333 0.571984
vt 1.000000 0.571984
vt 0.333333 1.143968
vt 0.000000 1.143968
vt 0.666667 1.143968
vt 0.500000 1.143968
vt 0.000000 0.945116
vt 0.500000 0.945116
vt 0.250000 0.945116
vt 0.750000 0.945116
vt 0.250000 1.890232
vt 0.000000 1.890232
vt 0.500000 1.890232
vt 1.000000 1.890232
vt 0.750000 1.890232
vt 0.333333 0.444784
vt 0.000000 0.444784
vt 1.000000 0.444784
vt 0.666667 0.444784
vt 0.000000 0.889568
vt 0.666667 0.889568
vt 0.333333 0.889568
vt 0.500000 0.889568
vt 0.000000 0.896903
vt 0.500000 0.896903
vt 0.250000 0.896903
vt 0.750000 0.896903
vt 0.250000 1.793807
vt 0.000000 1.793807
vt 0.500000 1.793807
vt 1.000000 1.793807
vt 0.750000 1.793807
vt 0.000000 0.568865
vt 0.333333 0.568865
vt 1.000000 0.568865
vt 0.666667 0.568865
vt 0.333333 1.137730
vt 0.000000 1.137730
vt 0.666667 1.137730
vt 0.500000 1.137730
vt 0.250000 1.194171
vt 0.000000 1.194171
vt 0.500000 1.194171
vt 1.000000 1.194171
vt 0.750000 1.194171
vt 0.000000 2.388343
vt 0.500000 2.388343
vt 0.250000 2.388343
vt 0.750000 2.388343
vt 0.000000 0.469852
vt 0.666667 0.469852
vt 0.333333 0.469852
vt 0.333333 0.939704
vt 0.000000 0.939704
vt 1.000000 0.939704
vt 0.666667 0.939704
vt 0.500000 0.939704
vt 2.000000 0.985973
vt 2.000000 2.343043
vt 2.000000 3.948733
vt 2.000000 5.700891
vt 2.000000 7.506659
vt 2.000000 9.282803
vt 2.000000 10.957430
vt 2.000000 12.471621
vt 2.000000 13.780504
vt 2.000000 14.853841
vt 2.000000 15.675843
vt 2.000000 16.244394
vt 1.000000 1.040114
vt 1.000000 0.289090
vt 1.000000 0.922515
vt 1.000000 0.282397
vt 1.000000 1.221923
vt 1.000000 0.620212
vt 1.000000 0.858256
vt 1.000000 2.114474
vt 1.000000 1.120819
vt 1.000000 1.448530
vt 1.000000 0.574493
vt 1.000000 2.265993
vt 2.000000 0.921446
vt 2.000000 2.313088
vt 2.000000 3.953157
vt 2.000000 4.099823
vt 2.000000 5.868579
vt 2.000000 7.658249
vt 2.000000 12.146704
vt 2.000000 12.293371
vt 2.000000 13.395512
vt 2.000000 14.671207
vt 1.000000 0.603376
vt 1.000000 0.591208
vt 1.000000 1.375862
vt 1.000000 0.312982
vt 1.000000 1.385697
vt 1.000000 0.533669
vt 1.000000 0.834330
vt 1.000000 0.865513
vt 1.000000 1.987634
vt 1.000000 0.871794
vt 1.000000 1.921835
vt 1.000000 0.611200
vt 2.000000 0.785254
vt 2.000000 1.987641
vt 2.000000 3.404668
vt 2.000000 4.932877
vt 2.000000 6.479184
vt 2.000000 7.962171
vt 2.000000 9.314413
vt 2.000000 10.484209
vt 2.000000 11.436503
vt 2.000000 12.152663
vt 2.000000 12.676343
vt 1.000000 0.441077
vt 1.000000 0.486113
vt 1.000000 0.599666
vt 1.000000 0.291540
vt 1.000000 1.303384
vt 1.000000 0.456659
vt 1.000000 1.987823
vt 1.000000 0.387118
vt 1.000000 0.993965
vt 1.000000 0.886548
vt 1.000000 0.763537
vt 1.000000 0.560221
vt 2.000000 0.721091
vt 2.000000 1.834311
vt 2.000000 3.146260
vt 2.000000 4.561140
vt 2.000000 5.992747
vt 2.000000 7.365757
vt 2.000000 8.617826
vt 2.000000 8.764493
vt 2.000000 9.847743
vt 2.000000 10.729587
vt 2.000000 11.392728
vt 1.000000 0.922425
vt 1.000000 0.620091
vt 1.000000 0.638355
vt 1.000000 0.765466
vt 1.000000 0.831545
vt 1.000000 0.934809
vt 1.000000 1.674934
vt 1.000000 0.468729
vt 1.000000 1.616018
vt 1.000000 0.534864
vt 1.000000 0.934158
vt 1.000000 0.962649
vt 2.000000 1.548885
vt 2.000000 2.659176
vt 2.000000 3.888064
vt 2.000000 5.184588
vt 2.000000 6.501710
vt 2.000000 7.796792
vt 2.000000 7.943458
vt 2.000000 10.176316
vt 2.000000 12.093576
vt 2.000000 12.834615
vt 2.000000 13.419719
vt 2.000000 13.566386
vt 1.000000 1.116722
vt 1.000000 0.618073
vt 1.000000 0.619143
vt 1.000000 0.577891
vt 1.000000 0.767536
vt 1.000000 0.389682
vt 1.000000 1.231093
vt 1.000000 0.473143
vt 1.000000 1.399715
vt 1.000000 1.143968
vt 1.000000 0.945116
vt 1.000000 0.889568
vt 1.000000 0.896903
vt 1.000000 1.137730
vt 1.000000 2.388343
vt 1.000000 0.469852
s 0
f 2/1/1 7/2/1 1/3/1
f 3/4/2 8/5/2 2/1/2
f 3/4/3 10/6/3 9/7/3
f 4/8/4 11/9/4 10/6/4
f 6/10/5 11/9/5 5/11/5
f 6/10/6 7/12/6 12/13/6
s 1
f 8/5/7 13/14/8 7/2/9
f 9/7/10 14/15/11 8/5/7
f 9/7/10 16/16/12 15/17/10
f 11/9/13 16/16/12 10/6/14
f 12/13/15 17/18/16 11/9/13
f 12/13/15 13/19/8 18/20/15
s 0
f 13/14/17 20/21/17 19/22/17
f 14/15/18 21/23/18 20/21/18
f 16/16/19 21/23/19 15/17/19
f 16/16/20 23/24/20 22/25/20
f 17/18/21 24/26/21 23/24/21
f 13/19/22 24/26/22 18/20/22
f 20/21/23 25/27/23 19/22/23
f 21/23/24 26/28/24 20/21/24
f 21/23/25 28/29/25 27/30/25
f 23/24/26 28/29/26 22/25/26
f 24/26/27 29/31/27 23/24/27
f 24/26/28 25/32/28 30/33/28
s 1
f 25/27/29 32/34/30 31/35/31
f 27/30/32 32/34/30 26/28/30
f 28/29/33 33/36/34 27/30/32
f 29/31/35 34/37/36 28/29/33
f 30/33/37 35/38/38 29/31/35
f 30/33/37 31/39/31 36/40/39
s 0
f 31/35/40 38/41/40 37/42/40
f 32/34/41 39/43/41 38/41/41
f 34/37/42 39/43/42 33/36/42
f 34/37/43 41/44/43 40/45/43
f 35/38/44 42/46/44 41/44/44
f 31/39/45 42/46/45 36/40/45
f 38/41/46 43/47/46 37/42/46
f 39/43/47 44/48/47 38/41/47
f 39/43/48 46/49/48 45/50/48
f 41/44/49 46/49/49 40/45/49
f 42/46/50 47/51/50 41/44/50
f 42/46/51 43/52/51 48/53/51
s 1
f 43/47/52 50/54/53 49/55/54
f 45/50/55 50/54/53 44/48/56
f 46/49/57 51/56/58 45/50/55
f 47/51/59 52/57/60 46/49/57
f 48/53/61 53/58/62 47/51/59
f 48/53/61 49/59/54 54/60/63
s 0
f 49/55/64 56/61/64 55/62/64
f 50/54/65 57/63/65 56/61/65
f 52/57/66 57/63/66 51/56/66
f 52/57/67 59/64/67 58/65/67
f 53/58/68 60/66/68 59/64/68
f 49/59/69 60/66/69 54/60/69
f 56/61/70 61/67/70 55/62/70
f 57/63/71 62/68/71 56/61/71
f 57/63/72 64/69/72 63/70/72
f 59/64/73 64/69/73 58/65/73
f 60/66/74 65/71/74 59/64/74
f 60/66/75 61/72/75 66/73/75
s 1
f 62/68/76 67/74/77 61/67/78
f 63/70/79 68/75/80 62/68/76
f 63/70/79 70/76/81 69/77/82
f 64/69/83 71/78/84 70/76/81
f 66/73/85 71/78/84 65/71/86
f 66/73/85 67/79/77 72/80/87
s 0
f 68/75/88 73/81/88 67/74/88
f 68/75/89 75/82/89 74/83/89
f 70/76/90 75/82/90 69/77/90
f 70/76/91 77/84/91 76/85/91
f 71/78/92 78/86/92 77/84/92
f 67/79/93 78/86/93 72/80/93
f 74/83/94 79/87/94 73/81/94
f 75/82/95 80/88/95 74/83/95
f 75/82/96 82/89/96 81/90/96
f 77/84/97 82/89/97 76/85/97
f 78/86/98 83/91/98 77/84/98
f 78/86/99 79/92/99 84/93/99
s 1
f 80/88/100 85/94/101 79/87/102
f 81/90/103 86/95/104 80/88/100
f 81/90/103 88/96/105 87/97/106
f 82/89/107 89/98/108 88/96/105
f 84/93/109 89/98/108 83/91/110
f 84/93/109 85/99/101 90/100/111
s 0
f 86/95/112 91/101/112 85/94/112
f 86/95/113 93/102/113 92/103/113
f 88/96/114 93/102/114 87/97/114
f 88/96/115 95/104/115 94/105/115
f 89/98/116 96/106/116 95/104/116
f 85/99/117 96/106/117 90/100/117
f 92/103/118 97/107/118 91/101/118
f 93/102/119 98/108/119 92/103/119
f 93/102/120 100/109/120 99/110/120
f 95/104/121 100/109/121 94/105/121
f 96/106/122 101/111/122 95/104/122
f 96/106/123 97/112/123 102/113/123
s 1
f 98/108/124 103/114/125 97/107/126
f 99/110/127 104/115/128 98/108/124
f 99/110/127 106/116/129 105/117/130
f 100/109/131 107/118/132 106/116/129
f 102/113/133 107/118/132 101/111/134
f 102/113/133 103/119/125 108/120/135
s 0
f 103/114/136 110/121/136 109/122/136
f 104/115/137 111/123/137 110/121/137
f 106/116/138 111/123/138 105/117/138
f 106/116/139 113/124/139 112/125/139
f 107/118/140 114/126/140 113/124/140
f 103/119/141 114/126/141 108/120/141
f 110/121/142 115/127/142 109/122/142
f 111/123/143 116/128/143 110/121/143
f 111/123/144 118/129/144 117/130/144
f 113/124/145 118/129/145 112/125/145
f 114/126/146 119/131/146 113/124/146
f 114/126/147 115/132/147 120/133/147
s 1
f 115/127/148 122/134/149 121/135/150
f 116/128/151 123/136/152 122/134/149
f 118/129/153 123/136/152 117/130/154
f 119/131/155 124/137/156 118/129/153
f 120/133/157 125/138/158 119/131/155
f 120/133/157 121/139/150 126/140/159
s 0
f 121/135/160 128/141/160 127/142/160
f 122/134/161 129/143/161 128/141/161
f 124/137/162 129/143/162 123/136/162
f 124/137/163 131/144/163 130/145/163
f 125/138/164 132/146/164 131/144/164
f 121/139/165 132/146/165 126/140/165
f 128/141/166 133/147/166 127/142/166
f 129/143/167 134/148/167 128/141/167
f 129/143/168 136/149/168 135/150/168
f 131/144/169 136/149/169 130/145/169
f 132/146/170 137/151/170 131/144/170
f 132/146/171 133/152/171 138/153/171
s 1
f 134/148/172 139/154/173 133/147/174
f 135/150/175 140/155/176 134/148/172
f 135/150/175 142/156/177 141/157/178
f 136/149/179 143/158/180 142/156/177
f 137/151/181 144/159/182 143/158/180
f 133/152/174 144/159/182 138/153/183
s 0
f 140/155/184 145/160/184 139/154/184
f 140/155/185 147/161/185 146/162/185
f 142/156/186 147/161/186 141/157/186
f 142/156/187 149/163/187 148/164/187
f 143/158/188 150/165/188 149/163/188
f 139/166/189 150/165/189 144/159/189
f 146/162/190 151/167/190 145/160/190
f 147/161/191 152/168/191 146/162/191
f 147/161/192 154/169/192 153/170/192
f 149/163/193 154/169/193 148/164/193
f 150/165/194 155/171/194 149/163/194
f 150/165/195 151/172/195 156/173/195
s 1
f 152/168/196 157/174/197 151/167/198
f 153/170/199 158/175/200 152/168/196
f 153/170/199 160/176/201 159/177/202
f 154/169/203 161/178/204 160/176/201
f 156/173/205 161/178/204 155/171/206
f 151/172/198 162/179/207 156/173/205
s 0
f 157/174/208 164/180/208 163/181/208
f 158/175/209 165/182/209 164/180/209
f 160/176/210 165/182/210 159/177/210
f 161/178/211 166/183/211 160/176/211
f 161/178/212 168/184/212 167/185/212
f 157/186/213 168/184/213 162/179/213
f 164/180/214 169/187/214 163/181/214
f 165/182/215 170/188/215 164/180/215
f 165/182/216 172/189/216 171/190/216
f 167/185/217 172/189/217 166/183/217
f 168/184/218 173/191/218 167/185/218
f 168/184/219 169/192/219 174/193/219
s 1
f 169/187/220 176/194/221 175/195/222
f 170/188/223 177/196/224 176/194/221
f 172/189/225 177/196/224 171/190/226
f 173/191/227 178/197/228 172/189/225
f 174/193/229 179/198/230 173/191/227
f 174/193/229 175/199/222 180/200/231
s 0
f 175/195/232 182/201/232 181/202/232
f 176/194/233 183/203/233 182/201/233
f 178/197/234 183/203/234 177/196/234
f 178/197/235 185/204/235 184/205/235
f 179/198/236 186/206/236 185/204/236
f 175/199/237 186/206/237 180/200/237
f 181/202/238 188/207/238 187/208/238
f 183/203/239 188/207/239 182/201/239
f 183/203/240 190/209/240 189/210/240
f 185/204/241 190/209/241 184/205/241
f 186/206/242 191/211/242 185/204/242
f 186/206/243 187/212/243 192/213/243
s 1
f 187/208/244 194/214/245 193/215/246
f 188/207/247 195/216/248 194/214/245
f 190/209/249 195/216/248 189/210/250
f 191/211/251 196/217/252 190/209/249
f 192/213/253 197/218/254 191/211/251
f 192/213/253 193/219/246 198/220/255
s 0
f 193/215/256 200/221/256 199/222/256
f 194/214/257 201/223/257 200/221/257
f 196/217/258 201/223/258 195/216/258
f 196/217/259 203/224/259 202/225/259
f 197/218/260 204/226/260 203/224/260
f 193/219/261 204/226/261 198/220/261
f 200/221/262 205/227/262 199/222/262
f 201/223/263 206/228/263 200/221/263
f 201/223/264 208/229/264 207/230/264
f 203/224/265 208/229/265 202/225/265
f 204/226/266 209/231/266 203/224/266
f 204/226/267 205/232/267 210/233/267
s 1
f 206/228/268 211/234/269 205/227/270
f 207/230/271 212/235/272 206/228/268
f 207/230/271 214/236/273 213/237/274
f 208/229/275 215/238/276 214/236/273
f 209/231/277 216/239/278 215/238/276
f 205/232/270 216/239/278 210/233/279
s 0
f 3/240/280 2/240/280 1/240/280
f 214/241/281 215/241/281 211/241/281
s 1
f 218/242/282 221/243/283 217/3/284
f 219/240/285 222/244/286 218/242/282
f 219/240/285 224/245/287 223/246/288
f 220/247/289 221/248/283 224/245/287
f 221/243/283 226/249/290 225/250/291
f 222/244/286 227/251/292 226/249/290
f 224/245/287 227/251/292 223/246/288
f 221/248/283 228/252/293 224/245/287
s 0
f 219/240/294 217/240/294 220/240/294
f 226/251/295 228/251/295 225/251/295
s 1
f 229/3/296 233/253/297 232/254/298
f 230/1/299 234/255/300 233/253/297
f 229/8/296 234/255/300 231/4/301
f 233/253/297 235/256/302 232/254/298
f 234/255/300 236/257/303 233/253/297
f 234/255/300 235/258/302 237/259/304
s 0
f 231/240/305 230/240/305 229/240/305
f 235/260/306 236/260/306 237/260/306
s 1
f 238/3/307 243/261/308 242/262/309
f 240/240/310 243/261/308 239/242/311
f 241/247/312 244/263/313 240/240/310
f 241/247/312 242/264/309 245/265/314
f 243/261/308 246/266/315 242/262/309
f 243/261/308 248/267/316 247/268/317
f 244/263/313 249/269/318 248/267/316
f 242/264/309 249/269/318 245/265/314
s 0
f 240/240/319 238/240/319 241/240/319
f 246/267/320 248/267/320 249/267/320
s 1
f 251/1/321 253/270/322 250/3/323
f 251/1/321 255/271/324 254/272/325
f 250/8/323 255/271/324 252/4/326
f 253/270/322 257/273/327 256/274/328
f 255/271/324 257/273/327 254/272/325
f 255/271/324 256/275/328 258/276/329
s 0
f 252/240/330 251/240/330 250/240/330
f 256/277/331 257/277/331 258/277/331
s 1
f 259/3/332 264/278/333 263/279/334
f 261/240/335 264/278/333 260/242/336
f 262/247/337 265/280/338 261/240/335
f 262/247/337 263/281/334 266/282/339
f 264/278/333 267/283/340 263/279/334
f 264/278/333 269/284/341 268/285/342
f 265/280/338 270/286/343 269/284/341
f 263/281/334 270/286/343 266/282/339
s 0
f 262/240/344 260/240/344 259/240/344
f 268/284/345 270/284/345 267/284/345
s 1
f 271/3/346 276/287/347 275/288/348
f 272/242/349 277/289/350 276/287/347
f 274/247/351 277/289/350 273/240/352
f 271/8/346 278/290/353 274/247/351
f 276/287/347 279/291/354 275/288/348
f 277/289/350 280/292/355 276/287/347
f 277/289/350 282/293/356 281/294/357
f 278/290/353 279/295/354 282/293/356
s 0
f 273/240/358 271/240/358 274/240/358
f 280/294/359 282/294/359 279/294/359
s 1
f 283/3/360 287/296/361 286/297/362
f 285/4/363 287/296/361 284/1/364
f 285/4/363 286/298/362 288/299/365
f 287/296/361 289/300/366 286/297/362
f 287/296/361 291/301/367 290/302/368
f 286/298/362 291/301/367 288/299/365
s 0
f 285/240/369 284/240/369 283/240/369
f 289/303/370 290/303/370 291/303/370
s 1
f 293/242/371 296/304/372 292/3/373
f 294/240/374 297/305/375 293/242/371
f 294/240/374 299/306/376 298/307/377
f 295/247/378 296/308/372 299/306/376
f 296/304/372 301/309/379 300/310/380
f 297/305/375 302/311/381 301/309/379
f 299/306/376 302/311/381 298/307/377
f 296/308/372 303/312/382 299/306/376
s 0
f 294/240/383 292/240/383 295/240/383
f 301/311/384 303/311/384 300/311/384
s 1
f 304/3/385 308/313/386 307/314/387
f 306/4/388 308/313/386 305/1/389
f 306/4/388 307/315/387 309/316/390
f 308/313/386 310/317/391 307/314/387
f 308/313/386 312/318/392 311/319/393
f 307/315/387 312/318/392 309/316/390
s 0
f 306/240/394 305/240/394 304/240/394
f 310/320/395 311/320/395 312/320/395
s 1
f 313/3/396 318/321/397 317/322/398
f 315/240/399 318/321/397 314/242/400
f 316/247/401 319/323/402 315/240/399
f 316/247/401 317/324/398 320/325/403
f 318/321/397 321/326/404 317/322/398
f 318/321/397 323/327/405 322/328/406
f 319/323/402 324/329/407 323/327/405
f 317/324/398 324/329/407 320/325/403
s 0
f 315/240/408 313/240/408 316/240/408
f 322/327/409 324/327/409 321/327/409
s 1
f 326/1/410 328/330/411 325/3/412
f 326/1/410 330/331/413 329/332/414
f 325/8/412 330/331/413 327/4/415
f 328/330/411 332/333/416 331/334/417
f 330/331/413 332/333/416 329/332/414
f 330/331/413 331/335/417 333/336/418
s 0
f 327/240/419 326/240/419 325/240/419
f 331/337/420 332/337/420 333/337/420
s 1
f 334/3/421 339/338/422 338/339/423
f 336/240/424 339/338/422 335/242/425
f 337/247/426 340/340/427 336/240/424
f 337/247/426 338/341/423 341/342/428
f 339/338/422 342/343/429 338/339/423
f 339/338/422 344/344/430 343/345/431
f 340/340/427 345/346/432 344/344/430
f 338/341/423 345/346/432 341/342/428
s 0
f 336/240/433 334/240/433 337/240/433
f 343/344/434 345/344/434 342/344/434
f 346/3/435 353/347/435 352/348/435
f 348/4/436 353/347/436 347/1/436
f 349/8/437 354/349/437 348/4/437
f 349/8/438 356/350/438 355/351/438
f 351/10/439 356/350/439 350/11/439
f 346/352/440 357/353/440 351/10/440
s 1
f 352/348/441 359/354/442 358/355/443
f 353/347/444 360/356/445 359/354/442
f 355/351/446 360/356/445 354/349/447
f 355/351/446 362/357/448 361/358/446
f 357/353/449 362/357/448 356/350/450
f 352/359/441 363/360/451 357/353/449
s 0
f 359/354/452 364/361/452 358/355/452
f 359/354/453 366/362/453 365/363/453
f 360/356/454 367/364/454 366/362/454
f 362/357/455 367/364/455 361/358/455
f 362/357/456 369/365/456 368/366/456
f 363/360/457 364/367/457 369/365/457
f 364/361/458 371/368/458 370/369/458
f 366/362/459 371/368/459 365/363/459
f 367/364/460 372/370/460 366/362/460
f 367/364/461 374/371/461 373/372/461
f 369/365/462 374/371/462 368/366/462
f 364/367/463 375/373/463 369/365/463
s 1
f 370/369/464 377/374/465 376/375/466
f 371/368/467 378/376/468 377/374/465
f 373/372/469 378/376/468 372/370/470
f 373/372/469 380/377/471 379/378/469
f 375/373/472 380/377/471 374/371/473
f 370/379/464 381/380/474 375/373/472
s 0
f 377/374/475 382/381/475 376/375/475
f 377/374/476 384/382/476 383/383/476
f 378/376/477 385/384/477 384/382/477
f 380/377/478 385/384/478 379/378/478
f 380/377/479 387/385/479 386/386/479
f 381/380/480 382/387/480 387/385/480
f 382/381/481 389/388/481 388/389/481
f 384/382/482 389/388/482 383/383/482
f 385/384/483 390/390/483 384/382/483
f 385/384/484 392/391/484 391/392/484
f 387/385/485 392/391/485 386/386/485
f 382/387/486 393/393/486 387/385/486
s 1
f 388/389/487 395/394/467 394/395/488
f 390/390/489 395/394/467 389/388/490
f 391/392/491 396/396/492 390/390/489
f 391/392/491 398/397/493 397/398/494
f 392/391/495 399/399/496 398/397/493
f 388/400/487 399/399/496 393/393/451
s 0
f 395/394/497 400/401/497 394/395/497
f 395/394/498 402/402/498 401/403/498
f 396/396/499 403/404/499 402/402/499
f 398/397/500 403/404/500 397/398/500
f 398/397/501 405/405/501 404/406/501
f 399/399/502 400/407/502 405/405/502
f 400/401/503 407/408/503 406/409/503
f 402/402/504 407/408/504 401/403/504
f 403/404/505 408/410/505 402/402/505
f 403/404/506 410/411/506 409/412/506
f 405/405/507 410/411/507 404/406/507
f 400/407/508 411/413/508 405/405/508
s 1
f 406/409/509 413/414/510 412/415/511
f 408/410/512 413/414/510 407/408/513
f 409/412/514 414/416/515 408/410/512
f 410/411/516 415/417/517 409/412/514
f 410/411/516 417/418/518 416/419/519
f 411/413/520 412/420/511 417/418/518
s 0
f 413/414/521 418/421/521 412/415/521
f 413/414/522 420/422/522 419/423/522
f 414/416/523 421/424/523 420/422/523
f 416/419/524 421/424/524 415/417/524
f 416/419/525 423/425/525 422/426/525
f 417/418/526 418/427/526 423/425/526
f 418/421/527 425/428/527 424/429/527
f 420/422/528 425/428/528 419/423/528
f 421/424/529 426/430/529 420/422/529
f 421/424/530 428/431/530 427/432/530
f 423/425/531 428/431/531 422/426/531
f 418/427/532 429/433/532 423/425/532
s 1
f 424/429/533 431/434/534 430/435/535
f 426/430/536 431/434/534 425/428/537
f 427/432/538 432/436/539 426/430/536
f 427/432/538 434/437/540 433/438/541
f 428/431/542 435/439/543 434/437/540
f 429/433/544 430/440/535 435/439/543
s 0
f 431/434/545 436/441/545 430/435/545
f 431/434/546 438/442/546 437/443/546
f 432/436/547 439/444/547 438/442/547
f 434/437/548 439/444/548 433/438/548
f 435/439/549 440/445/549 434/437/549
f 435/439/550 436/446/550 441/447/550
f 436/441/551 443/448/551 442/449/551
f 438/442/552 443/448/552 437/443/552
f 439/444/553 444/450/553 438/442/553
f 439/444/554 446/451/554 445/452/554
f 441/447/555 446/451/555 440/445/555
f 436/446/556 447/453/556 441/447/556
s 1
f 442/449/557 449/454/558 448/455/559
f 444/450/560 449/454/558 443/448/561
f 445/452/562 450/456/563 444/450/560
f 446/451/564 451/457/565 445/452/562
f 446/451/564 453/458/566 452/459/567
f 447/453/568 448/460/559 453/458/566
s 0
f 449/454/569 454/461/569 448/455/569
f 449/454/570 456/462/570 455/463/570
f 450/456/571 457/464/571 456/462/571
f 452/459/572 457/464/572 451/457/572
f 452/459/573 459/465/573 458/466/573
f 453/458/574 454/467/574 459/465/574
f 454/461/575 461/468/575 460/469/575
f 456/462/576 461/468/576 455/463/576
f 457/464/577 462/470/577 456/462/577
f 457/464/578 464/471/578 463/472/578
f 458/466/579 465/473/579 464/471/579
f 459/465/580 460/474/580 465/473/580
s 1
f 460/469/581 467/475/582 466/476/583
f 462/470/584 467/475/582 461/468/585
f 463/472/586 468/477/587 462/470/584
f 464/471/588 469/478/589 463/472/586
f 464/471/588 471/479/590 470/480/591
f 465/473/592 466/481/583 471/479/590
s 0
f 467/475/593 472/482/593 466/476/593
f 467/475/594 474/483/594 473/484/594
f 468/477/595 475/485/595 474/483/595
f 470/480/596 475/485/596 469/478/596
f 471/479/597 476/486/597 470/480/597
f 471/479/598 472/487/598 477/488/598
f 472/482/599 479/489/599 478/490/599
f 474/483/600 479/489/600 473/484/600
f 475/485/601 480/491/601 474/483/601
f 475/485/602 482/492/602 481/493/602
f 477/488/603 482/492/603 476/486/603
f 472/487/604 483/494/604 477/488/604
s 1
f 478/490/605 485/495/606 484/496/607
f 479/489/608 486/497/609 485/495/606
f 480/491/610 487/498/611 486/497/609
f 481/493/612 488/499/613 487/498/611
f 483/494/614 488/499/613 482/492/615
f 478/500/605 489/501/616 483/494/614
s 0
f 485/495/617 490/502/617 484/496/617
f 486/497/618 491/503/618 485/495/618
f 486/497/619 493/504/619 492/505/619
f 488/499/620 493/504/620 487/498/620
f 488/499/621 495/506/621 494/507/621
f 489/501/622 490/508/622 495/506/622
f 490/502/623 497/509/623 496/510/623
f 492/505/624 497/509/624 491/503/624
f 493/504/625 498/511/625 492/505/625
f 493/504/626 500/512/626 499/513/626
f 495/506/627 500/512/627 494/507/627
f 490/508/628 501/514/628 495/506/628
s 1
f 496/510/629 503/515/630 502/516/631
f 498/511/632 503/515/630 497/509/633
f 499/513/634 504/517/635 498/511/632
f 500/512/636 505/518/637 499/513/634
f 500/512/636 507/519/638 506/520/639
f 501/514/640 502/521/631 507/519/638
s 0
f 503/515/641 508/522/641 502/516/641
f 503/515/642 510/523/642 509/524/642
f 504/517/643 511/525/643 510/523/643
f 506/520/644 511/525/644 505/518/644
f 506/520/645 513/526/645 512/527/645
f 507/519/646 508/528/646 513/526/646
f 508/522/647 515/529/647 514/530/647
f 510/523/648 515/529/648 509/524/648
f 511/525/649 516/531/649 510/523/649
f 511/525/650 518/532/650 517/533/650
f 513/526/651 518/532/651 512/527/651
f 508/528/652 519/534/652 513/526/652
s 1
f 514/530/653 521/535/654 520/536/655
f 516/531/656 521/535/654 515/529/657
f 517/533/658 522/537/659 516/531/656
f 518/532/660 523/538/661 517/533/658
f 518/532/660 525/539/662 524/540/663
f 519/534/664 520/541/655 525/539/662
s 0
f 521/535/665 526/542/665 520/536/665
f 521/535/666 528/543/666 527/544/666
f 522/537/667 529/545/667 528/543/667
f 524/540/668 529/545/668 523/538/668
f 524/540/669 531/546/669 530/547/669
f 525/539/670 526/548/670 531/546/670
f 526/542/671 533/549/671 532/550/671
f 528/543/672 533/549/672 527/544/672
f 529/545/673 534/551/673 528/543/673
f 529/545/674 536/552/674 535/553/674
f 531/546/675 536/552/675 530/547/675
f 526/548/676 537/554/676 531/546/676
s 1
f 533/549/677 538/555/678 532/550/679
f 533/549/677 540/556/680 539/557/681
f 534/551/682 541/558/683 540/556/680
f 535/553/684 542/559/685 541/558/683
f 537/554/686 542/559/685 536/552/687
f 532/560/679 543/561/688 537/554/686
s 0
f 348/240/689 347/240/689 346/240/689
f 541/562/690 542/562/690 543/562/690
s 1
f 545/242/691 548/563/692 544/3/693
f 545/242/691 550/564/694 549/565/695
f 546/240/696 551/566/697 550/564/694
f 544/8/693 551/566/697 547/247/698
f 548/563/692 553/567/699 552/568/700
f 550/564/694 553/567/699 549/565/695
f 551/566/697 554/569/701 550/564/694
f 551/566/697 552/570/700 555/571/702
s 0
f 547/240/703 545/240/703 544/240/703
f 553/569/704 555/569/704 552/569/704
s 1
f 556/3/705 560/572/706 559/573/707
f 558/4/708 560/572/706 557/1/709
f 558/4/708 559/574/707 561/575/710
f 560/572/706 562/576/711 559/573/707
f 560/572/706 564/577/712 563/578/713
f 559/574/707 564/577/712 561/575/710
s 0
f 558/240/714 557/240/714 556/240/714
f 562/579/715 563/579/715 564/579/715
s 1
f 565/3/716 570/580/717 569/581/718
f 567/240/719 570/580/717 566/242/720
f 568/247/721 571/582/722 567/240/719
f 568/247/721 569/583/718 572/584/723
f 570/580/717 573/585/724 569/581/718
f 570/580/717 575/586/725 574/587/726
f 571/582/722 576/588/727 575/586/725
f 569/583/718 576/588/727 572/584/723
s 0
f 567/240/728 565/240/728 568/240/728
f 573/586/729 575/586/729 576/586/729
s 1
f 578/1/730 580/589/731 577/3/732
f 578/1/730 582/590/733 581/591/734
f 577/8/732 582/590/733 579/4/735
f 580/589/731 584/592/736 583/593/737
f 582/590/733 584/592/736 581/591/734
f 582/590/733 583/594/737 585/595/738
s 0
f 579/240/739 578/240/739 577/240/739
f 583/596/740 584/596/740 585/596/740
s 1
f 586/3/741 591/597/742 590/598/743
f 588/240/744 591/597/742 587/242/745
f 589/247/746 592/599/747 588/240/744
f 589/247/746 590/600/743 593/601/748
f 591/597/742 594/602/749 590/598/743
f 591/597/742 596/603/750 595/604/751
f 592/599/747 597/605/752 596/603/750
f 590/600/743 597/605/752 593/601/748
s 0
f 588/240/753 586/240/753 589/240/753
f 595/603/754 597/603/754 594/603/754
s 1
f 599/1/755 601/606/756 598/3/757
f 599/1/755 603/607/758 602/608/759
f 598/8/757 603/607/758 600/4/760
f 601/606/756 605/609/761 604/610/762
f 603/607/758 605/609/761 602/608/759
f 603/607/758 604/611/762 606/612/763
s 0
f 600/240/764 599/240/764 598/240/764
f 604/613/765 605/613/765 606/613/765
s 1
f 607/3/766 612/614/767 611/615/768
f 608/242/769 613/616/770 612/614/767
f 610/247/771 613/616/770 609/240/772
f 607/8/766 614/617/773 610/247/771
f 612/614/767 615/618/774 611/615/768
f 613/616/770 616/619/775 612/614/767
f 613/616/770 618/620/776 617/621/777
f 614/617/773 615/622/774 618/620/776
s 0
f 609/240/778 607/240/778 610/240/778
f 615/621/779 617/621/779 618/621/779
s 1
f 619/3/780 623/623/781 622/624/782
f 621/4/783 623/623/781 620/1/784
f 621/4/783 622/625/782 624/626/785
f 623/623/781 625/627/786 622/624/782
f 623/623/781 627/628/787 626/629/788
f 622/625/782 627/628/787 624/626/785
s 0
f 621/240/789 620/240/789 619/240/789
f 625/630/790 626/630/790 627/630/790
s 1
f 629/242/791 632/631/792 628/3/793
f 630/240/794 633/632/795 629/242/791
f 630/240/794 635/633/796 634/634/797
f 631/247/798 632/635/792 635/633/796
f 632/631/792 637/636/799 636/637/800
f 633/632/795 638/638/801 637/636/799
f 635/633/796 638/638/801 634/634/797
f 632/635/792 639/639/802 635/633/796
s 0
f 631/240/803 629/240/803 628/240/803
f 636/638/804 638/638/804 639/638/804
s 1
f 640/3/805 644/640/806 643/641/807
f 642/4/808 644/640/806 641/1/809
f 642/4/808 643/642/807 645/643/810
f 644/640/806 646/644/811 643/641/807
f 644/640/806 648/645/812 647/646/813
f 643/642/807 648/645/812 645/643/810
s 0
f 642/240/814 641/240/814 640/240/814
f 646/647/815 647/647/815 648/647/815
s 1
f 649/3/816 654/648/817 653/649/818
f 651/240/819 654/648/817 650/242/820
f 652/247/821 655/650/822 651/240/819
f 652/247/821 653/651/818 656/652/823
f 654/648/817 657/653/824 653/649/818
f 654/648/817 659/654/825 658/655/826
f 655/650/822 660/656/827 659/654/825
f 653/651/818 660/656/827 656/652/823
s 0
f 651/240/828 649/240/828 652/240/828
f 657/654/829 659/654/829 660/654/829
s 1
f 662/1/830 664/657/831 661/3/832
f 662/1/830 666/658/833 665/659/834
f 661/8/832 666/658/833 663/4/835
f 664/657/831 668/660/836 667/661/837
f 666/658/833 668/660/836 665/659/834
f 666/658/833 667/662/837 669/663/838
s 0
f 663/240/839 662/240/839 661/240/839
f 667/664/840 668/664/840 669/664/840
f 670/3/841 677/665/841 676/666/841
f 672/4/842 677/665/842 671/1/842
f 673/8/843 678/667/843 672/4/843
f 673/8/844 680/668/844 679/669/844
f 674/11/845 681/670/845 680/668/845
f 670/352/846 681/670/846 675/10/846
s 1
f 676/666/847 683/671/848 682/672/847
f 678/667/849 683/671/848 677/665/850
f 679/669/851 684/673/852 678/667/849
f 679/669/851 686/674/853 685/675/851
f 680/668/854 687/676/855 686/674/853
f 676/677/847 687/676/855 681/670/856
s 0
f 683/671/857 688/678/857 682/672/857
f 683/671/858 690/679/858 689/680/858
f 684/673/859 691/681/859 690/679/859
f 686/674/860 691/681/860 685/675/860
f 686/674/861 693/682/861 692/683/861
f 687/676/862 688/684/862 693/682/862
f 688/678/863 695/685/863 694/686/863
f 690/679/864 695/685/864 689/680/864
f 691/681/865 696/687/865 690/679/865
f 691/681/866 698/688/866 697/689/866
f 693/682/867 698/688/867 692/683/867
f 688/684/868 699/690/868 693/682/868
s 1
f 694/686/869 701/691/870 700/692/871
f 696/687/872 701/691/870 695/685/873
f 697/689/874 702/693/875 696/687/872
f 697/689/874 704/694/876 703/695/874
f 698/688/877 705/696/878 704/694/876
f 694/697/869 705/696/878 699/690/879
s 0
f 701/691/880 706/698/880 700/692/880
f 701/691/881 708/699/881 707/700/881
f 702/693/882 709/701/882 708/699/882
f 704/694/883 709/701/883 703/695/883
f 704/694/884 711/702/884 710/703/884
f 705/696/885 706/704/885 711/702/885
f 706/698/886 713/705/886 712/706/886
f 708/699/887 713/705/887 707/700/887
f 709/701/888 714/707/888 708/699/888
f 709/701/889 716/708/889 715/709/889
f 711/702/890 716/708/890 710/703/890
f 706/704/891 717/710/891 711/702/891
s 1
f 712/706/892 719/711/893 718/712/894
f 714/707/895 719/711/893 713/705/896
f 715/709/897 720/713/898 714/707/895
f 715/709/897 722/714/899 721/715/900
f 716/708/901 723/716/902 722/714/899
f 712/717/892 723/716/902 717/710/903
s 0
f 719/711/904 724/718/904 718/712/904
f 719/711/905 726/719/905 725/720/905
f 720/713/906 727/721/906 726/719/906
f 722/714/907 727/721/907 721/715/907
f 722/714/908 729/722/908 728/723/908
f 723/716/909 724/724/909 729/722/909
f 724/718/910 731/725/910 730/726/910
f 726/719/911 731/725/911 725/720/911
f 727/721/912 732/727/912 726/719/912
f 727/721/913 734/728/913 733/729/913
f 729/722/914 734/728/914 728/723/914
f 724/724/915 735/730/915 729/722/915
s 1
f 731/725/916 736/731/917 730/726/918
f 732/727/919 737/732/920 731/725/916
f 733/729/921 738/733/922 732/727/919
f 733/729/921 740/734/923 739/735/924
f 734/728/925 741/736/926 740/734/923
f 730/737/918 741/736/926 735/730/927
s 0
f 737/732/928 742/738/928 736/731/928
f 737/732/929 744/739/929 743/740/929
f 738/733/930 745/741/930 744/739/930
f 740/734/931 745/741/931 739/735/931
f 740/734/932 747/742/932 746/743/932
f 741/736/933 742/744/933 747/742/933
f 742/738/934 749/745/934 748/746/934
f 744/739/935 749/745/935 743/740/935
f 745/741/936 750/747/936 744/739/936
f 745/741/937 752/748/937 751/749/937
f 747/742/938 752/748/938 746/743/938
f 742/744/939 753/750/939 747/742/939
s 1
f 749/745/940 754/751/941 748/746/942
f 750/747/943 755/752/944 749/745/940
f 751/749/945 756/753/946 750/747/943
f 751/749/945 758/754/947 757/755/945
f 752/748/948 759/756/949 758/754/947
f 748/757/942 759/756/949 753/750/950
s 0
f 755/752/951 760/758/951 754/751/951
f 755/752/952 762/759/952 761/760/952
f 756/753/953 763/761/953 762/759/953
f 758/754/954 763/761/954 757/755/954
f 759/756/955 764/762/955 758/754/955
f 759/756/956 760/763/956 765/764/956
f 760/758/957 767/765/957 766/766/957
f 762/759/958 767/765/958 761/760/958
f 763/761/959 768/767/959 762/759/959
f 763/761/960 770/768/960 769/769/960
f 765/764/961 770/768/961 764/762/961
f 760/763/962 771/770/962 765/764/962
s 1
f 767/765/963 772/771/964 766/766/965
f 768/767/966 773/772/967 767/765/963
f 769/769/968 774/773/969 768/767/966
f 769/769/968 776/774/970 775/775/971
f 770/768/972 777/776/973 776/774/970
f 766/777/965 777/776/973 771/770/974
s 0
f 773/772/975 778/778/975 772/771/975
f 773/772/976 780/779/976 779/780/976
f 774/773/977 781/781/977 780/779/977
f 776/774/978 781/781/978 775/775/978
f 776/774/979 783/782/979 782/783/979
f 777/776/980 778/784/980 783/782/980
f 778/778/981 785/785/981 784/786/981
f 780/779/982 785/785/982 779/780/982
f 781/781/983 786/787/983 780/779/983
f 781/781/984 788/788/984 787/789/984
f 782/783/985 789/790/985 788/788/985
f 778/784/986 789/790/986 783/782/986
s 1
f 785/785/987 790/791/988 784/786/988
f 786/787/989 791/792/990 785/785/987
f 787/789/991 792/793/992 786/787/989
f 787/789/991 794/794/993 793/795/994
f 788/788/995 795/796/996 794/794/993
f 784/797/988 795/796/996 789/790/996
s 0
f 791/792/997 796/798/997 790/791/997
f 791/792/998 798/799/998 797/800/998
f 792/793/999 799/801/999 798/799/999
f 794/794/1000 799/801/1000 793/795/1000
f 795/796/1001 800/802/1001 794/794/1001
f 795/796/1002 796/803/1002 801/804/1002
f 796/798/1003 803/805/1003 802/806/1003
f 798/799/1004 803/805/1004 797/800/1004
f 799/801/1005 804/807/1005 798/799/1005
f 799/801/1006 806/808/1006 805/809/1006
f 801/804/1007 806/808/1007 800/802/1007
f 796/803/1008 807/810/1008 801/804/1008
s 1
f 802/806/1009 809/811/1010 808/812/1011
f 803/805/1012 810/813/1013 809/811/1010
f 805/809/1014 810/813/1013 804/807/1015
f 805/809/1014 812/814/1016 811/815/1017
f 807/810/1018 812/814/1016 806/808/1019
f 802/816/1009 813/817/1020 807/810/1018
s 0
f 809/811/1021 814/818/1021 808/812/1021
f 810/813/1022 815/819/1022 809/811/1022
f 810/813/1023 817/820/1023 816/821/1023
f 812/814/1024 817/820/1024 811/815/1024
f 812/814/1025 819/822/1025 818/823/1025
f 813/817/1026 814/824/1026 819/822/1026
f 814/818/1027 821/825/1027 820/826/1027
f 816/821/1028 821/825/1028 815/819/1028
f 817/820/1029 822/827/1029 816/821/1029
f 817/820/1030 824/828/1030 823/829/1030
f 819/822/1031 824/828/1031 818/823/1031
f 814/824/1032 825/830/1032 819/822/1032
s 1
f 820/826/1033 827/831/1034 826/832/1035
f 821/825/1036 828/833/1037 827/831/1034
f 823/829/1038 828/833/1037 822/827/1039
f 824/828/1040 829/834/1041 823/829/1038
f 825/830/1042 830/835/1043 824/828/1040
f 820/836/1033 831/837/1044 825/830/1042
s 0
f 826/832/1045 833/838/1045 832/839/1045
f 827/831/1046 834/840/1046 833/838/1046
f 828/833/1047 835/841/1047 834/840/1047
f 830/835/1048 835/841/1048 829/834/1048
f 831/837/1049 836/842/1049 830/835/1049
f 831/837/1050 832/843/1050 837/844/1050
f 832/839/1051 839/845/1051 838/846/1051
f 834/840/1052 839/845/1052 833/838/1052
f 835/841/1053 840/847/1053 834/840/1053
f 835/841/1054 842/848/1054 841/849/1054
f 837/844/1055 842/848/1055 836/842/1055
f 832/843/1056 843/850/1056 837/844/1056
s 1
f 839/845/1057 844/851/1058 838/846/1059
f 840/847/1060 845/852/1061 839/845/1057
f 841/849/1062 846/853/1063 840/847/1060
f 841/849/1062 848/854/1064 847/855/1065
f 842/848/1066 849/856/1067 848/854/1064
f 838/857/1059 849/856/1067 843/850/1068
s 0
f 845/852/1069 850/858/1069 844/851/1069
f 845/852/1070 852/859/1070 851/860/1070
f 846/853/1071 853/861/1071 852/859/1071
f 848/854/1072 853/861/1072 847/855/1072
f 848/854/1073 855/862/1073 854/863/1073
f 849/856/1074 850/864/1074 855/862/1074
f 850/858/1075 857/865/1075 856/866/1075
f 852/859/1076 857/865/1076 851/860/1076
f 853/861/1077 858/867/1077 852/859/1077
f 853/861/1078 860/868/1078 859/869/1078
f 855/862/1079 860/868/1079 854/863/1079
f 850/864/1080 861/870/1080 855/862/1080
s 1
f 856/866/1081 863/871/1082 862/872/1083
f 857/865/1084 864/873/1085 863/871/1082
f 859/869/1086 864/873/1085 858/867/1087
f 860/868/1088 865/874/1089 859/869/1086
f 861/870/1090 866/875/1091 860/868/1088
f 856/876/1081 867/877/1092 861/870/1090
s 0
f 672/240/1093 671/240/1093 670/240/1093
f 864/878/1094 865/878/1094 863/878/1094
s 1
f 869/242/1095 872/879/1096 868/3/1097
f 869/242/1095 874/880/1098 873/881/1099
f 870/240/1100 875/882/1101 874/880/1098
f 868/8/1097 875/882/1101 871/247/1102
f 872/879/1096 877/883/1103 876/884/1104
f 874/880/1098 877/883/1103 873/881/1099
f 875/882/1101 878/885/1105 874/880/1098
f 875/882/1101 876/886/1104 879/887/1106
s 0
f 870/240/1107 868/240/1107 871/240/1107
f 876/885/1108 878/885/1108 879/885/1108
s 1
f 880/3/1109 884/888/1110 883/889/1111
f 882/4/1112 884/888/1110 881/1/1113
f 882/4/1112 883/890/1111 885/891/1114
f 884/888/1110 886/892/1115 883/889/1111
f 884/888/1110 888/893/1116 887/894/1117
f 883/890/1111 888/893/1116 885/891/1114
s 0
f 882/240/1118 881/240/1118 880/240/1118
f 886/895/1119 887/895/1119 888/895/1119
s 1
f 890/242/1120 893/896/1121 889/3/1122
f 890/242/1120 895/897/1123 894/898/1124
f 891/240/1125 896/899/1126 895/897/1123
f 889/8/1122 896/899/1126 892/247/1127
f 893/896/1121 898/900/1128 897/901/1129
f 895/897/1123 898/900/1128 894/898/1124
f 896/899/1126 899/902/1130 895/897/1123
f 896/899/1126 897/903/1129 900/904/1131
s 0
f 892/240/1132 890/240/1132 889/240/1132
f 897/902/1133 899/902/1133 900/902/1133
s 1
f 901/3/1134 905/905/1135 904/906/1136
f 903/4/1137 905/905/1135 902/1/1138
f 901/8/1134 906/907/1139 903/4/1137
f 905/905/1135 907/908/1140 904/906/1136
f 905/905/1135 909/909/1141 908/910/1142
f 906/907/1139 907/911/1140 909/909/1141
s 0
f 903/240/1143 902/240/1143 901/240/1143
f 907/912/1144 908/912/1144 909/912/1144
s 1
f 910/3/1145 915/913/1146 914/914/1147
f 912/240/1148 915/913/1146 911/242/1149
f 913/247/1150 916/915/1151 912/240/1148
f 913/247/1150 914/916/1147 917/917/1152
f 915/913/1146 918/918/1153 914/914/1147
f 915/913/1146 920/919/1154 919/920/1155
f 916/915/1151 921/921/1156 920/919/1154
f 914/916/1147 921/921/1156 917/917/1152
s 0
f 913/240/1157 911/240/1157 910/240/1157
f 918/919/1158 920/919/1158 921/919/1158
s 1
f 923/1/1159 925/922/1160 922/3/1161
f 923/1/1159 927/923/1162 926/924/1163
f 922/8/1161 927/923/1162 924/4/1164
f 925/922/1160 929/925/1165 928/926/1166
f 927/923/1162 929/925/1165 926/924/1163
f 927/923/1162 928/927/1166 930/928/1167
s 0
f 924/240/1168 923/240/1168 922/240/1168
f 928/929/1169 929/929/1169 930/929/1169
s 1
f 931/3/1170 936/930/1171 935/931/1172
f 933/240/1173 936/930/1171 932/242/1174
f 934/247/1175 937/932/1176 933/240/1173
f 934/247/1175 935/933/1172 938/934/1177
f 936/930/1171 939/935/1178 935/931/1172
f 936/930/1171 941/936/1179 940/937/1180
f 937/932/1176 942/938/1181 941/936/1179
f 935/933/1172 942/938/1181 938/934/1177
s 0
f 934/240/1182 932/240/1182 931/240/1182
f 939/936/1183 941/936/1183 942/936/1183
s 1
f 944/1/1184 946/939/1185 943/3/1186
f 944/1/1184 948/940/1187 947/941/1188
f 943/8/1186 948/940/1187 945/4/1189
f 946/939/1185 950/942/1190 949/943/1191
f 948/940/1187 950/942/1190 947/941/1188
f 948/940/1187 949/944/1191 951/945/1192
s 0
f 945/240/1193 944/240/1193 943/240/1193
f 949/946/1194 950/946/1194 951/946/1194
s 1
f 952/3/1195 957/947/1196 956/948/1197
f 953/242/1198 958/949/1199 957/947/1196
f 955/247/1200 958/949/1199 954/240/1201
f 952/8/1195 959/950/1202 955/247/1200
f 957/947/1196 960/951/1203 956/948/1197
f 958/949/1199 961/952/1204 957/947/1196
f 958/949/1199 963/953/1205 962/954/1206
f 959/950/1202 960/955/1203 963/953/1205
s 0
f 955/240/1207 953/240/1207 952/240/1207
f 961/954/1208 963/954/1208 960/954/1208
s 1
f 964/3/1209 968/956/1210 967/957/1211
f 966/4/1212 968/956/1210 965/1/1213
f 966/4/1212 967/958/1211 969/959/1214
f 968/956/1210 970/960/1215 967/957/1211
f 968/956/1210 972/961/1216 971/962/1217
f 967/958/1211 972/961/1216 969/959/1214
s 0
f 966/240/1218 965/240/1218 964/240/1218
f 970/963/1219 971/963/1219 972/963/1219
s 1
f 974/242/1220 977/964/1221 973/3/1222
f 974/242/1220 979/965/1223 978/966/1224
f 975/240/1225 980/967/1226 979/965/1223
f 973/8/1222 980/967/1226 976/247/1227
f 977/964/1221 982/968/1228 981/969/1229
f 979/965/1223 982/968/1228 978/966/1224
f 980/967/1226 983/970/1230 979/965/1223
f 980/967/1226 981/971/1229 984/972/1231
s 0
f 976/240/1232 974/240/1232 973/240/1232
f 982/970/1233 984/970/1233 981/970/1233
s 1
f 985/3/1234 989/973/1235 988/974/1236
f 987/4/1237 989/973/1235 986/1/1238
f 985/8/1234 990/975/1239 987/4/1237
f 989/973/1235 991/976/1240 988/974/1236
f 989/973/1235 993/977/1241 992/978/1242
f 990/975/1239 991/979/1240 993/977/1241
s 0
f 987/240/1243 986/240/1243 985/240/1243
f 991/980/1244 992/980/1244 993/980/1244
f 994/3/1245 1000/981/1245 999/982/1245
f 996/983/1246 1000/981/1246 995/984/1246
f 997/985/1247 1001/986/1247 996/983/1247
f 997/985/1248 1003/987/1248 1002/988/1248
f 994/352/1249 1003/987/1249 998/989/1249
s 1
f 999/982/1250 1005/990/1251 1004/991/1252
f 1001/986/1253 1005/990/1251 1000/981/1254
f 1002/988/1255 1006/992/1256 1001/986/1253
f 1002/988/1255 1008/993/1257 1007/994/1255
f 999/995/1250 1008/993/1257 1003/987/1257
s 0
f 1005/990/1258 1009/996/1258 1004/991/1258
f 1005/990/1259 1011/997/1259 1010/998/1259
f 1007/994/1260 1011/997/1260 1006/992/1260
f 1008/993/1261 1012/999/1261 1007/994/1261
f 1008/993/1262 1009/1000/1262 1013/1001/1262
f 1009/996/1263 1015/1002/1263 1014/1003/1263
f 1011/997/1264 1015/1002/1264 1010/998/1264
f 1011/997/1265 1017/1004/1265 1016/1005/1265
f 1012/999/1266 1018/1006/1266 1017/1004/1266
f 1009/1000/1267 1018/1006/1267 1013/1001/1267
s 1
f 1014/1003/1268 1020/1007/1269 1019/1008/1270
f 1016/1005/1271 1020/1007/1269 1015/1002/1269
f 1016/1005/1271 1022/1009/1272 1021/1010/1271
f 1017/1004/1273 1023/1011/1274 1022/1009/1272
f 1014/1012/1268 1023/1011/1274 1018/1006/1275
s 0
f 1020/1007/1276 1024/1013/1276 1019/1008/1276
f 1020/1007/1277 1026/1014/1277 1025/1015/1277
f 1022/1009/1278 1026/1014/1278 1021/1010/1278
f 1023/1011/1279 1027/1016/1279 1022/1009/1279
f 1023/1011/1280 1024/1017/1280 1028/1018/1280
f 1024/1013/1281 1030/1019/1281 1029/1020/1281
f 1026/1014/1282 1030/1019/1282 1025/1015/1282
f 1026/1014/1283 1032/1021/1283 1031/1022/1283
f 1027/1016/1284 1033/1023/1284 1032/1021/1284
f 1024/1017/1285 1033/1023/1285 1028/1018/1285
s 1
f 1029/1020/1286 1035/1024/1287 1034/1025/1288
f 1030/1019/1287 1036/1026/1289 1035/1024/1287
f 1031/1022/1290 1037/1027/1291 1036/1026/1289
f 1032/1021/1292 1038/1028/1293 1037/1027/1291
f 1029/1029/1286 1038/1028/1293 1033/1023/1294
s 0
f 1035/1024/1295 1039/1030/1295 1034/1025/1295
f 1035/1024/1296 1041/1031/1296 1040/1032/1296
f 1037/1027/1297 1041/1031/1297 1036/1026/1297
f 1038/1028/1298 1042/1033/1298 1037/1027/1298
f 1038/1028/1299 1039/1034/1299 1043/1035/1299
f 1039/1030/1300 1045/1036/1300 1044/1037/1300
f 1041/1031/1301 1045/1036/1301 1040/1032/1301
f 1041/1031/1302 1047/1038/1302 1046/1039/1302
f 1042/1033/1303 1048/1040/1303 1047/1038/1303
f 1039/1034/1304 1048/1040/1304 1043/1035/1304
s 1
f 1045/1036/1305 1049/1041/1306 1044/1037/1307
f 1045/1036/1305 1051/1042/1308 1050/1043/1309
f 1046/1039/1310 1052/1044/1311 1051/1042/1308
f 1047/1038/1312 1053/1045/1313 1052/1044/1311
f 1044/1046/1307 1053/1045/1313 1048/1040/1314
s 0
f 1050/1043/1315 1054/1047/1315 1049/1041/1315
f 1050/1043/1316 1056/1048/1316 1055/1049/1316
f 1052/1044/1317 1056/1048/1317 1051/1042/1317
f 1053/1045/1318 1057/1050/1318 1052/1044/1318
f 1053/1045/1319 1054/1051/1319 1058/1052/1319
f 1054/1047/1320 1060/1053/1320 1059/1054/1320
f 1056/1048/1321 1060/1053/1321 1055/1049/1321
f 1056/1048/1322 1062/1055/1322 1061/1056/1322
f 1057/1050/1323 1063/1057/1323 1062/1055/1323
f 1054/1051/1324 1063/1057/1324 1058/1052/1324
s 1
f 1059/1054/1325 1065/1058/1326 1064/1059/1327
f 1061/1056/1328 1065/1058/1326 1060/1053/1329
f 1061/1056/1328 1067/1060/1330 1066/1061/1331
f 1062/1055/1330 1068/1062/1332 1067/1060/1330
f 1059/1063/1325 1068/1062/1332 1063/1057/1332
s 0
f 1065/1058/1333 1069/1064/1333 1064/1059/1333
f 1065/1058/1334 1071/1065/1334 1070/1066/1334
f 1067/1060/1335 1071/1065/1335 1066/1061/1335
f 1068/1062/1336 1072/1067/1336 1067/1060/1336
f 1068/1062/1337 1069/1068/1337 1073/1069/1337
f 1069/1064/1338 1075/1070/1338 1074/1071/1338
f 1071/1065/1339 1075/1070/1339 1070/1066/1339
f 1071/1065/1340 1077/1072/1340 1076/1073/1340
f 1072/1067/1341 1078/1074/1341 1077/1072/1341
f 1069/1068/1342 1078/1074/1342 1073/1069/1342
s 1
f 1075/1070/1343 1079/1075/1344 1074/1071/1345
f 1075/1070/1343 1081/1076/1346 1080/1077/1347
f 1076/1073/1348 1082/1078/1349 1081/1076/1346
f 1078/1074/1350 1082/1078/1349 1077/1072/1351
f 1074/1079/1345 1083/1080/1352 1078/1074/1350
s 0
f 1080/1077/1353 1084/1081/1353 1079/1075/1353
f 1080/1077/1354 1086/1082/1354 1085/1083/1354
f 1082/1078/1355 1086/1082/1355 1081/1076/1355
f 1083/1080/1356 1087/1084/1356 1082/1078/1356
f 1083/1080/1357 1084/1085/1357 1088/1086/1357
f 1084/1081/1358 1090/1087/1358 1089/1088/1358
f 1086/1082/1359 1090/1087/1359 1085/1083/1359
f 1086/1082/1360 1092/1089/1360 1091/1090/1360
f 1087/1084/1361 1093/1091/1361 1092/1089/1361
f 1084/1085/1362 1093/1091/1362 1088/1086/1362
s 1
f 1090/1087/1363 1094/1092/1364 1089/1088/1364
f 1090/1087/1363 1096/1093/1365 1095/1094/1366
f 1091/1090/1367 1097/1095/1368 1096/1093/1365
f 1093/1091/1369 1097/1095/1368 1092/1089/1370
f 1089/1096/1364 1098/1097/1371 1093/1091/1369
s 0
f 1095/1094/1372 1099/1098/1372 1094/1092/1372
f 1095/1094/1373 1101/1099/1373 1100/1100/1373
f 1097/1095/1374 1101/1099/1374 1096/1093/1374
f 1098/1097/1375 1102/1101/1375 1097/1095/1375
f 1098/1097/1376 1099/1102/1376 1103/1103/1376
f 1099/1098/1377 1105/1104/1377 1104/1105/1377
f 1101/1099/1378 1105/1104/1378 1100/1100/1378
f 1101/1099/1379 1107/1106/1379 1106/1107/1379
f 1102/1101/1380 1108/1108/1380 1107/1106/1380
f 1099/1102/1381 1108/1108/1381 1103/1103/1381
s 1
f 1104/1105/1382 1110/1109/1383 1109/1110/1384
f 1106/1107/1385 1110/1109/1383 1105/1104/1386
f 1107/1106/1387 1111/1111/1388 1106/1107/1385
f 1107/1106/1387 1113/1112/1389 1112/1113/1390
f 1108/1108/1391 1109/1114/1384 1113/1112/1389
s 0
f 1110/1109/1392 1114/1115/1392 1109/1110/1392
f 1110/1109/1393 1116/1116/1393 1115/1117/1393
f 1111/1111/1394 1117/1118/1394 1116/1116/1394
f 1113/1112/1395 1117/1118/1395 1112/1113/1395
f 1113/1112/1396 1114/1119/1396 1118/1120/1396
f 1114/1115/1397 1120/1121/1397 1119/1122/1397
f 1116/1116/1398 1120/1121/1398 1115/1117/1398
f 1116/1116/1399 1122/1123/1399 1121/1124/1399
f 1117/1118/1400 1123/1125/1400 1122/1123/1400
f 1114/1119/1401 1123/1125/1401 1118/1120/1401
s 1
f 1119/1122/1402 1125/1126/1403 1124/1127/1404
f 1121/1124/1405 1125/1126/1403 1120/1121/1406
f 1122/1123/1407 1126/1128/1408 1121/1124/1405
f 1122/1123/1407 1128/1129/1409 1127/1130/1410
f 1123/1125/1411 1124/1131/1404 1128/1129/1409
s 0
f 1125/1126/1412 1129/1132/1412 1124/1127/1412
f 1125/1126/1413 1131/1133/1413 1130/1134/1413
f 1127/1130/1414 1131/1133/1414 1126/1128/1414
f 1128/1129/1415 1132/1135/1415 1127/1130/1415
f 1128/1129/1416 1129/1136/1416 1133/1137/1416
f 1129/1132/1417 1135/1138/1417 1134/1139/1417
f 1131/1133/1418 1135/1138/1418 1130/1134/1418
f 1131/1133/1419 1137/1140/1419 1136/1141/1419
f 1132/1135/1420 1138/1142/1420 1137/1140/1420
f 1129/1136/1421 1138/1142/1421 1133/1137/1421
s 1
f 1134/1139/1422 1140/1143/1423 1139/1144/1424
f 1136/1141/1425 1140/1143/1423 1135/1138/1426
f 1137/1140/1427 1141/1145/1428 1136/1141/1425
f 1137/1140/1427 1143/1146/1429 1142/1147/1430
f 1138/1142/1431 1139/1148/1424 1143/1146/1429
s 0
f 1140/1143/1432 1144/1149/1432 1139/1144/1432
f 1141/1145/1433 1145/1150/1433 1140/1143/1433
f 1142/1147/1434 1146/1151/1434 1141/1145/1434
f 1143/1146/1435 1147/1152/1435 1142/1147/1435
f 1143/1146/1436 1144/1153/1436 1148/1154/1436
f 1144/1149/1437 1150/1155/1437 1149/1156/1437
f 1146/1151/1438 1150/1155/1438 1145/1150/1438
f 1146/1151/1439 1152/1157/1439 1151/1158/1439
f 1147/1152/1440 1153/1159/1440 1152/1157/1440
f 1144/1153/1441 1153/1159/1441 1148/1154/1441
s 1
f 1149/1156/1442 1155/1160/1443 1154/1161/1444
f 1151/1158/1445 1155/1160/1443 1150/1155/1446
f 1152/1157/1447 1156/1162/1448 1151/1158/1445
f 1152/1157/1447 1158/1163/1449 1157/1164/1450
f 1153/1159/1451 1154/1165/1444 1158/1163/1449
s 0
f 997/240/1452 996/240/1452 994/240/1452
f 1157/1166/1453 1154/1166/1453 1156/1166/1453
s 1
f 1159/3/1454 1164/1167/1455 1163/1168/1456
f 1161/240/1457 1164/1167/1455 1160/242/1458
f 1162/247/1459 1165/1169/1460 1161/240/1457
f 1162/247/1459 1163/1170/1456 1166/1171/1461
f 1164/1167/1455 1167/1172/1462 1163/1168/1456
f 1164/1167/1455 1169/1173/1463 1168/1174/1464
f 1165/1169/1460 1170/1175/1465 1169/1173/1463
f 1163/1170/1456 1170/1175/1465 1166/1171/1461
s 0
f 1161/240/1466 1159/240/1466 1162/240/1466
f 1168/1173/1467 1170/1173/1467 1167/1173/1467
s 1
f 1172/1/1468 1174/1176/1469 1171/3/1470
f 1173/4/1471 1175/1177/1472 1172/1/1468
f 1173/4/1471 1174/1178/1469 1176/1179/1473
f 1174/1176/1469 1178/1180/1474 1177/1181/1475
f 1175/1177/1472 1179/1182/1476 1178/1180/1474
f 1174/1178/1469 1179/1182/1476 1176/1179/1473
s 0
f 1173/240/1477 1172/240/1477 1171/240/1477
f 1177/1183/1478 1178/1183/1478 1179/1183/1478
s 1
f 1181/242/1479 1184/1184/1480 1180/3/1481
f 1181/242/1479 1186/1185/1482 1185/1186/1483
f 1182/240/1484 1187/1187/1485 1186/1185/1482
f 1180/8/1481 1187/1187/1485 1183/247/1486
f 1184/1184/1480 1189/1188/1487 1188/1189/1488
f 1186/1185/1482 1189/1188/1487 1185/1186/1483
f 1187/1187/1485 1190/1190/1489 1186/1185/1482
f 1187/1187/1485 1188/1191/1488 1191/1192/1490
s 0
f 1182/240/1491 1180/240/1491 1183/240/1491
f 1189/1190/1492 1191/1190/1492 1188/1190/1492
s 1
f 1192/3/1493 1196/1193/1494 1195/1194/1495
f 1194/4/1496 1196/1193/1494 1193/1/1497
f 1194/4/1496 1195/1195/1495 1197/1196/1498
f 1196/1193/1494 1198/1197/1499 1195/1194/1495
f 1196/1193/1494 1200/1198/1500 1199/1199/1501
f 1195/1195/1495 1200/1198/1500 1197/1196/1498
s 0
f 1194/240/1502 1193/240/1502 1192/240/1502
f 1198/1200/1503 1199/1200/1503 1200/1200/1503
s 1
f 1202/242/1504 1205/1201/1505 1201/3/1506
f 1202/242/1504 1207/1202/1507 1206/1203/1508
f 1203/240/1509 1208/1204/1510 1207/1202/1507
f 1201/8/1506 1208/1204/1510 1204/247/1511
f 1205/1201/1505 1210/1205/1512 1209/1206/1513
f 1207/1202/1507 1210/1205/1512 1206/1203/1508
f 1208/1204/1510 1211/1207/1514 1207/1202/1507
f 1208/1204/1510 1209/1208/1513 1212/1209/1515
s 0
f 1203/240/1516 1201/240/1516 1204/240/1516
f 1210/1207/1517 1212/1207/1517 1209/1207/1517
s 1
f 1214/1/1518 1216/1210/1519 1213/3/1520
f 1214/1/1518 1218/1211/1521 1217/1212/1522
f 1215/4/1523 1216/1213/1519 1218/1211/1521
f 1216/1210/1519 1220/1214/1524 1219/1215/1525
f 1218/1211/1521 1220/1214/1524 1217/1212/1522
f 1216/1213/1519 1221/1216/1526 1218/1211/1521
s 0
f 1215/240/1527 1214/240/1527 1213/240/1527
f 1219/1217/1528 1220/1217/1528 1221/1217/1528
s 1
f 1223/242/1529 1226/1218/1530 1222/3/1531
f 1224/240/1532 1227/1219/1533 1223/242/1529
f 1224/240/1532 1229/1220/1534 1228/1221/1535
f 1225/247/1536 1226/1222/1530 1229/1220/1534
f 1226/1218/1530 1231/1223/1537 1230/1224/1538
f 1227/1219/1533 1232/1225/1539 1231/1223/1537
f 1229/1220/1534 1232/1225/1539 1228/1221/1535
f 1226/1222/1530 1233/1226/1540 1229/1220/1534
s 0
f 1225/240/1541 1223/240/1541 1222/240/1541
f 1230/1225/1542 1232/1225/1542 1233/1225/1542
s 1
f 1235/1/1543 1237/1227/1544 1234/3/1545
f 1235/1/1543 1239/1228/1546 1238/1229/1547
f 1234/8/1545 1239/1228/1546 1236/4/1548
f 1237/1227/1544 1241/1230/1549 1240/1231/1550
f 1239/1228/1546 1241/1230/1549 1238/1229/1547
f 1239/1228/1546 1240/1232/1550 1242/1233/1551
s 0
f 1236/240/1552 1235/240/1552 1234/240/1552
f 1240/1234/1553 1241/1234/1553 1242/1234/1553
s 1
f 1243/3/1554 1248/1235/1555 1247/1236/1556
f 1245/240/1557 1248/1235/1555 1244/242/1558
f 1246/247/1559 1249/1237/1560 1245/240/1557
f 1246/247/1559 1247/1238/1556 1250/1239/1561
f 1248/1235/1555 1251/1240/1562 1247/1236/1556
f 1248/1235/1555 1253/1241/1563 1252/1242/1564
f 1249/1237/1560 1254/1243/1565 1253/1241/1563
f 1247/1238/1556 1254/1243/1565 1250/1239/1561
s 0
f 1246/240/1566 1244/240/1566 1243/240/1566
f 1252/1241/1567 1254/1241/1567 1251/1241/1567
s 1
f 1256/1/1568 1258/1244/1569 1255/3/1570
f 1256/1/1568 1260/1245/1571 1259/1246/1572
f 1255/8/1570 1260/1245/1571 1257/4/1573
f 1258/1244/1569 1262/1247/1574 1261/1248/1575
f 1260/1245/1571 1262/1247/1574 1259/1246/1572
f 1260/1245/1571 1261/1249/1575 1263/1250/1576
s 0
f 1257/240/1577 1256/240/1577 1255/240/1577
f 1261/1251/1578 1262/1251/1578 1263/1251/1578
s 1
f 1265/242/1579 1268/1252/1580 1264/3/1581
f 1265/242/1579 1270/1253/1582 1269/1254/1583
f 1266/240/1584 1271/1255/1585 1270/1253/1582
f 1264/8/1581 1271/1255/1585 1267/247/1586
f 1268/1252/1580 1273/1256/1587 1272/1257/1588
f 1270/1253/1582 1273/1256/1587 1269/1254/1583
f 1271/1255/1585 1274/1258/1589 1270/1253/1582
f 1271/1255/1585 1272/1259/1588 1275/1260/1590
s 0
f 1267/240/1591 1265/240/1591 1264/240/1591
f 1273/1258/1592 1275/1258/1592 1272/1258/1592
s 1
f 1277/1/1593 1279/1261/1594 1276/3/1595
f 1278/4/1596 1280/1262/1597 1277/1/1593
f 1278/4/1596 1279/1263/1594 1281/1264/1598
f 1279/1261/1594 1283/1265/1599 1282/1266/1600
f 1280/1262/1597 1284/1267/1601 1283/1265/1599
f 1279/1263/1594 1284/1267/1601 1281/1264/1598
s 0
f 1278/240/1602 1277/240/1602 1276/240/1602
f 1282/1268/1603 1283/1268/1603 1284/1268/1603
f 1286/984/1604 1290/1269/1604 1285/3/1604
f 1286/984/1605 1292/1270/1605 1291/1271/1605
f 1288/985/1606 1292/1270/1606 1287/983/1606
f 1288/985/1607 1294/1272/1607 1293/1273/1607
f 1289/989/1608 1290/1274/1608 1294/1272/1608
s 1
f 1291/1271/1609 1295/1275/1610 1290/1269/1611
f 1291/1271/1609 1297/1276/1612 1296/1277/1613
f 1293/1273/1614 1297/1276/1612 1292/1270/1615
f 1293/1273/1614 1299/1278/1616 1298/1279/1614
f 1294/1272/1617 1295/1280/1610 1299/1278/1616
s 0
f 1295/1275/1618 1301/1281/1618 1300/1282/1618
f 1297/1276/1619 1301/1281/1619 1296/1277/1619
f 1297/1276/1620 1303/1283/1620 1302/1284/1620
f 1299/1278/1621 1303/1283/1621 1298/1279/1621
f 1299/1278/1622 1300/1285/1622 1304/1286/1622
f 1301/1281/1623 1305/1287/1623 1300/1282/1623
f 1301/1281/1624 1307/1288/1624 1306/1289/1624
f 1303/1283/1625 1307/1288/1625 1302/1284/1625
f 1303/1283/1626 1309/1290/1626 1308/1291/1626
f 1300/1285/1627 1309/1290/1627 1304/1286/1627
s 1
f 1306/1289/1628 1310/1292/1629 1305/1287/1630
f 1306/1289/1628 1312/1293/1631 1311/1294/1632
f 1308/1291/1633 1312/1293/1631 1307/1288/1634
f 1308/1291/1633 1314/1295/1635 1313/1296/1636
f 1305/1297/1630 1314/1295/1635 1309/1290/1637
s 0
f 1310/1292/1638 1316/1298/1638 1315/1299/1638
f 1312/1293/1639 1316/1298/1639 1311/1294/1639
f 1312/1293/1640 1318/1300/1640 1317/1301/1640
f 1314/1295/1641 1318/1300/1641 1313/1296/1641
f 1314/1295/1642 1315/1302/1642 1319/1303/1642
f 1316/1298/1643 1320/1304/1643 1315/1299/1643
f 1316/1298/1644 1322/1305/1644 1321/1306/1644
f 1318/1300/1645 1322/1305/1645 1317/1301/1645
f 1318/1300/1646 1324/1307/1646 1323/1308/1646
f 1315/1302/1647 1324/1307/1647 1319/1303/1647
s 1
f 1321/1306/1648 1325/1309/1649 1320/1304/1650
f 1321/1306/1648 1327/1310/1651 1326/1311/1652
f 1323/1308/1653 1327/1310/1651 1322/1305/1654
f 1323/1308/1653 1329/1312/1655 1328/1313/1656
f 1320/1314/1650 1329/1312/1655 1324/1307/1657
s 0
f 1325/1309/1658 1331/1315/1658 1330/1316/1658
f 1327/1310/1659 1331/1315/1659 1326/1311/1659
f 1327/1310/1660 1333/1317/1660 1332/1318/1660
f 1329/1312/1661 1333/1317/1661 1328/1313/1661
f 1329/1312/1662 1330/1319/1662 1334/1320/1662
f 1331/1315/1663 1335/1321/1663 1330/1316/1663
f 1331/1315/1664 1337/1322/1664 1336/1323/1664
f 1333/1317/1665 1337/1322/1665 1332/1318/1665
f 1333/1317/1666 1339/1324/1666 1338/1325/1666
f 1330/1319/1667 1339/1324/1667 1334/1320/1667
s 1
f 1335/1321/1668 1341/1326/1669 1340/1327/1670
f 1336/1323/1671 1342/1328/1672 1341/1326/1669
f 1338/1325/1673 1342/1328/1672 1337/1322/1674
f 1339/1324/1675 1343/1329/1676 1338/1325/1673
f 1335/1330/1668 1344/1331/1677 1339/1324/1675
s 0
f 1340/1327/1678 1346/1332/1678 1345/1333/1678
f 1342/1328/1679 1346/1332/1679 1341/1326/1679
f 1342/1328/1680 1348/1334/1680 1347/1335/1680
f 1344/1331/1681 1348/1334/1681 1343/1329/1681
f 1344/1331/1682 1345/1336/1682 1349/1337/1682
f 1346/1332/1683 1350/1338/1683 1345/1333/1683
f 1346/1332/1684 1352/1339/1684 1351/1340/1684
f 1348/1334/1685 1352/1339/1685 1347/1335/1685
f 1348/1334/1686 1354/1341/1686 1353/1342/1686
f 1345/1336/1687 1354/1341/1687 1349/1337/1687
s 1
f 1351/1340/1688 1355/1343/1689 1350/1338/1690
f 1351/1340/1688 1357/1344/1691 1356/1345/1692
f 1353/1342/1693 1357/1344/1691 1352/1339/1694
f 1353/1342/1693 1359/1346/1695 1358/1347/1693
f 1350/1348/1690 1359/1346/1695 1354/1341/1695
s 0
f 1355/1343/1696 1361/1349/1696 1360/1350/1696
f 1357/1344/1697 1361/1349/1697 1356/1345/1697
f 1357/1344/1698 1363/1351/1698 1362/1352/1698
f 1359/1346/1699 1363/1351/1699 1358/1347/1699
f 1359/1346/1700 1360/1353/1700 1364/1354/1700
f 1361/1349/1701 1365/1355/1701 1360/1350/1701
f 1361/1349/1702 1367/1356/1702 1366/1357/1702
f 1363/1351/1703 1367/1356/1703 1362/1352/1703
f 1363/1351/1704 1369/1358/1704 1368/1359/1704
f 1360/1353/1705 1369/1358/1705 1364/1354/1705
s 1
f 1365/1355/1706 1371/1360/1707 1370/1361/1706
f 1366/1357/1708 1372/1362/1709 1371/1360/1707
f 1368/1359/1710 1372/1362/1709 1367/1356/1711
f 1369/1358/1712 1373/1363/1713 1368/1359/1710
f 1365/1364/1706 1374/1365/1714 1369/1358/1712
s 0
f 1370/1361/1715 1376/1366/1715 1375/1367/1715
f 1372/1362/1716 1376/1366/1716 1371/1360/1716
f 1372/1362/1717 1378/1368/1717 1377/1369/1717
f 1374/1365/1718 1378/1368/1718 1373/1363/1718
f 1374/1365/1719 1375/1370/1719 1379/1371/1719
f 1376/1366/1720 1380/1372/1720 1375/1367/1720
f 1376/1366/1721 1382/1373/1721 1381/1374/1721
f 1378/1368/1722 1382/1373/1722 1377/1369/1722
f 1378/1368/1723 1384/1375/1723 1383/1376/1723
f 1375/1370/1724 1384/1375/1724 1379/1371/1724
s 1
f 1380/1372/1725 1386/1377/1726 1385/1378/1727
f 1381/1374/1728 1387/1379/1729 1386/1377/1726
f 1383/1376/1730 1387/1379/1729 1382/1373/1731
f 1384/1375/1732 1388/1380/1733 1383/1376/1730
f 1380/1381/1725 1389/1382/1734 1384/1375/1732
s 0
f 1385/1378/1735 1391/1383/1735 1390/1384/1735
f 1387/1379/1736 1391/1383/1736 1386/1377/1736
f 1387/1379/1737 1393/1385/1737 1392/1386/1737
f 1389/1382/1738 1393/1385/1738 1388/1380/1738
f 1389/1382/1739 1390/1387/1739 1394/1388/1739
f 1391/1383/1740 1395/1389/1740 1390/1384/1740
f 1391/1383/1741 1397/1390/1741 1396/1391/1741
f 1393/1385/1742 1397/1390/1742 1392/1386/1742
f 1393/1385/1743 1399/1392/1743 1398/1393/1743
f 1390/1387/1744 1399/1392/1744 1394/1388/1744
s 1
f 1396/1391/1745 1400/1394/1746 1395/1389/1747
f 1397/1390/1748 1401/1395/1749 1396/1391/1745
f 1398/1393/1750 1402/1396/1751 1397/1390/1748
f 1398/1393/1750 1404/1397/1752 1403/1398/1753
f 1399/1392/1754 1400/1399/1746 1404/1397/1752
s 0
f 1400/1394/1755 1406/1400/1755 1405/1401/1755
f 1402/1396/1756 1406/1400/1756 1401/1395/1756
f 1402/1396/1757 1408/1402/1757 1407/1403/1757
f 1404/1397/1758 1408/1402/1758 1403/1398/1758
f 1404/1397/1759 1405/1404/1759 1409/1405/1759
f 1406/1400/1760 1410/1406/1760 1405/1401/1760
f 1406/1400/1761 1412/1407/1761 1411/1408/1761
f 1408/1402/1762 1412/1407/1762 1407/1403/1762
f 1408/1402/1763 1414/1409/1763 1413/1410/1763
f 1405/1404/1764 1414/1409/1764 1409/1405/1764
s 1
f 1410/1406/1765 1416/1411/1766 1415/1412/1767
f 1411/1408/1768 1417/1413/1769 1416/1411/1766
f 1413/1410/1770 1417/1413/1769 1412/1407/1771
f 1414/1409/1772 1418/1414/1773 1413/1410/1770
f 1410/1415/1765 1419/1416/1774 1414/1409/1772
s 0
f 1415/1412/1775 1421/1417/1775 1420/1418/1775
f 1417/1413/1776 1421/1417/1776 1416/1411/1776
f 1417/1413/1777 1423/1419/1777 1422/1420/1777
f 1419/1416/1778 1423/1419/1778 1418/1414/1778
f 1419/1416/1779 1420/1421/1779 1424/1422/1779
f 1421/1417/1780 1425/1423/1780 1420/1418/1780
f 1421/1417/1781 1427/1424/1781 1426/1425/1781
f 1423/1419/1782 1427/1424/1782 1422/1420/1782
f 1423/1419/1783 1429/1426/1783 1428/1427/1783
f 1420/1421/1784 1429/1426/1784 1424/1422/1784
s 1
f 1425/1423/1785 1431/1428/1786 1430/1429/1787
f 1426/1425/1788 1432/1430/1789 1431/1428/1786
f 1428/1427/1790 1432/1430/1789 1427/1424/1791
f 1429/1426/1792 1433/1431/1793 1428/1427/1790
f 1425/1432/1785 1434/1433/1794 1429/1426/1792
s 0
f 1430/1429/1795 1436/1434/1795 1435/1435/1795
f 1432/1430/1796 1436/1434/1796 1431/1428/1796
f 1432/1430/1797 1438/1436/1797 1437/1437/1797
f 1434/1433/1798 1438/1436/1798 1433/1431/1798
f 1430/1438/1799 1439/1439/1799 1434/1433/1799
f 1436/1434/1800 1440/1440/1800 1435/1435/1800
f 1436/1434/1801 1442/1441/1801 1441/1442/1801
f 1438/1436/1802 1442/1441/1802 1437/1437/1802
f 1438/1436/1803 1444/1443/1803 1443/1444/1803
f 1435/1445/1804 1444/1443/1804 1439/1439/1804
s 1
f 1440/1440/1805 1446/1446/1806 1445/1447/1807
f 1441/1442/1808 1447/1448/1809 1446/1446/1806
f 1443/1444/1810 1447/1448/1809 1442/1441/1811
f 1444/1443/1812 1448/1449/1813 1443/1444/1810
f 1440/1450/1805 1449/1451/1814 1444/1443/1812
s 0
f 1445/1447/1815 1451/1452/1815 1450/1453/1815
f 1447/1448/1816 1451/1452/1816 1446/1446/1816
f 1447/1448/1817 1453/1454/1817 1452/1455/1817
f 1449/1451/1818 1453/1454/1818 1448/1449/1818
f 1449/1451/1819 1450/1456/1819 1454/1457/1819
f 1451/1452/1820 1455/1458/1820 1450/1453/1820
f 1451/1452/1821 1457/1459/1821 1456/1460/1821
f 1453/1454/1822 1457/1459/1822 1452/1455/1822
f 1453/1454/1823 1459/1461/1823 1458/1462/1823
f 1450/1456/1824 1459/1461/1824 1454/1457/1824
s 1
f 1455/1458/1825 1461/1463/1826 1460/1464/1827
f 1456/1460/1828 1462/1465/1829 1461/1463/1826
f 1458/1462/1830 1462/1465/1829 1457/1459/1831
f 1459/1461/1832 1463/1466/1833 1458/1462/1830
f 1455/1467/1825 1464/1468/1834 1459/1461/1832
s 0
f 1460/1464/1835 1466/1469/1835 1465/1470/1835
f 1462/1465/1836 1466/1469/1836 1461/1463/1836
f 1462/1465/1837 1468/1471/1837 1467/1472/1837
f 1464/1468/1838 1468/1471/1838 1463/1466/1838
f 1464/1468/1839 1465/1473/1839 1469/1474/1839
f 1466/1469/1840 1470/1475/1840 1465/1470/1840
f 1466/1469/1841 1472/1476/1841 1471/1477/1841
f 1468/1471/1842 1472/1476/1842 1467/1472/1842
f 1468/1471/1843 1474/1478/1843 1473/1479/1843
f 1465/1473/1844 1474/1478/1844 1469/1474/1844
s 1
f 1470/1475/1845 1476/1480/1846 1475/1481/1847
f 1471/1477/1848 1477/1482/1849 1476/1480/1846
f 1473/1479/1850 1477/1482/1849 1472/1476/1851
f 1474/1478/1852 1478/1483/1853 1473/1479/1850
f 1470/1484/1845 1479/1485/1854 1474/1478/1852
s 0
f 1475/1481/1855 1481/1486/1855 1480/1487/1855
f 1477/1482/1856 1481/1486/1856 1476/1480/1856
f 1477/1482/1857 1483/1488/1857 1482/1489/1857
f 1479/1485/1858 1483/1488/1858 1478/1483/1858
f 1479/1485/1859 1480/1490/1859 1484/1491/1859
f 1481/1486/1860 1485/1492/1860 1480/1487/1860
f 1481/1486/1861 1487/1493/1861 1486/1494/1861
f 1483/1488/1862 1487/1493/1862 1482/1489/1862
f 1483/1488/1863 1489/1495/1863 1488/1496/1863
f 1480/1490/1864 1489/1495/1864 1484/1491/1864
s 1
f 1486/1494/1865 1490/1497/1866 1485/1492/1867
f 1487/1493/1868 1491/1498/1869 1486/1494/1865
f 1487/1493/1868 1493/1499/1870 1492/1500/1871
f 1488/1496/1872 1494/1501/1873 1493/1499/1870
f 1489/1495/1874 1490/1502/1866 1494/1501/1873
s 0
f 1288/240/1875 1287/240/1875 1285/240/1875
f 1493/1503/1876 1490/1503/1876 1492/1503/1876
s 1
f 1495/3/1877 1500/1504/1878 1499/1505/1879
f 1497/240/1880 1500/1504/1878 1496/242/1881
f 1498/247/1882 1501/1506/1883 1497/240/1880
f 1498/247/1882 1499/1507/1879 1502/1508/1884
f 1500/1504/1878 1503/1509/1885 1499/1505/1879
f 1500/1504/1878 1505/1510/1886 1504/1511/1887
f 1501/1506/1883 1506/1512/1888 1505/1510/1886
f 1499/1507/1879 1506/1512/1888 1502/1508/1884
s 0
f 1498/240/1889 1496/240/1889 1495/240/1889
f 1504/1510/1890 1506/1510/1890 1503/1510/1890
s 1
f 1507/3/1891 1511/1513/1892 1510/1514/1893
f 1509/4/1894 1511/1513/1892 1508/1/1895
f 1509/4/1894 1510/1515/1893 1512/1516/1896
f 1511/1513/1892 1513/1517/1897 1510/1514/1893
f 1511/1513/1892 1515/1518/1898 1514/1519/1899
f 1510/1515/1893 1515/1518/1898 1512/1516/1896
s 0
f 1509/240/1900 1508/240/1900 1507/240/1900
f 1513/1520/1901 1514/1520/1901 1515/1520/1901
s 1
f 1517/242/1902 1520/1521/1903 1516/3/1904
f 1517/242/1902 1522/1522/1905 1521/1523/1906
f 1518/240/1907 1523/1524/1908 1522/1522/1905
f 1516/8/1904 1523/1524/1908 1519/247/1909
f 1520/1521/1903 1525/1525/1910 1524/1526/1911
f 1522/1522/1905 1525/1525/1910 1521/1523/1906
f 1523/1524/1908 1526/1527/1912 1522/1522/1905
f 1523/1524/1908 1524/1528/1911 1527/1529/1913
s 0
f 1518/240/1914 1516/240/1914 1519/240/1914
f 1524/1527/1915 1526/1527/1915 1527/1527/1915
s 1
f 1528/3/1916 1532/1530/1917 1531/1531/1918
f 1530/4/1919 1532/1530/1917 1529/1/1920
f 1530/4/1919 1531/1532/1918 1533/1533/1921
f 1532/1530/1917 1534/1534/1922 1531/1531/1918
f 1532/1530/1917 1536/1535/1923 1535/1536/1924
f 1531/1532/1918 1536/1535/1923 1533/1533/1921
s 0
f 1530/240/1925 1529/240/1925 1528/240/1925
f 1534/1537/1926 1535/1537/1926 1536/1537/1926
s 1
f 1538/242/1927 1541/1538/1928 1537/3/1929
f 1538/242/1927 1543/1539/1930 1542/1540/1931
f 1539/240/1932 1544/1541/1933 1543/1539/1930
f 1537/8/1929 1544/1541/1933 1540/247/1934
f 1541/1538/1928 1546/1542/1935 1545/1543/1936
f 1543/1539/1930 1546/1542/1935 1542/1540/1931
f 1544/1541/1933 1547/1544/1937 1543/1539/1930
f 1544/1541/1933 1545/1545/1936 1548/1546/1938
s 0
f 1539/240/1939 1537/240/1939 1540/240/1939
f 1545/1544/1940 1547/1544/1940 1548/1544/1940
s 1
f 1549/3/1941 1553/1547/1942 1552/1548/1943
f 1550/1/1944 1554/1549/1945 1553/1547/1942
f 1549/8/1941 1554/1549/1945 1551/4/1946
f 1553/1547/1942 1555/1550/1947 1552/1548/1943
f 1554/1549/1945 1556/1551/1948 1553/1547/1942
f 1554/1549/1945 1555/1552/1947 1557/1553/1949
s 0
f 1551/240/1950 1550/240/1950 1549/240/1950
f 1555/1554/1951 1556/1554/1951 1557/1554/1951
s 1
f 1558/3/1952 1563/1555/1953 1562/1556/1954
f 1560/240/1955 1563/1555/1953 1559/242/1956
f 1561/247/1957 1564/1557/1958 1560/240/1955
f 1561/247/1957 1562/1558/1954 1565/1559/1959
f 1563/1555/1953 1566/1560/1960 1562/1556/1954
f 1563/1555/1953 1568/1561/1961 1567/1562/1962
f 1564/1557/1958 1569/1563/1963 1568/1561/1961
f 1562/1558/1954 1569/1563/1963 1565/1559/1959
s 0
f 1560/240/1964 1558/240/1964 1561/240/1964
f 1567/1561/1965 1569/1561/1965 1566/1561/1965
s 1
f 1571/1/1966 1573/1564/1967 1570/3/1968
f 1571/1/1966 1575/1565/1969 1574/1566/1970
f 1570/8/1968 1575/1565/1969 1572/4/1971
f 1573/1564/1967 1577/1567/1972 1576/1568/1973
f 1575/1565/1969 1577/1567/1972 1574/1566/1970
f 1575/1565/1969 1576/1569/1973 1578/1570/1974
s 0
f 1572/240/1975 1571/240/1975 1570/240/1975
f 1576/1571/1976 1577/1571/1976 1578/1571/1976
s 1
f 1579/3/1977 1584/1572/1978 1583/1573/1979
f 1581/240/1980 1584/1572/1978 1580/242/1981
f 1582/247/1982 1585/1574/1983 1581/240/1980
f 1582/247/1982 1583/1575/1979 1586/1576/1984
f 1584/1572/1978 1587/1577/1985 1583/1573/1979
f 1584/1572/1978 1589/1578/1986 1588/1579/1987
f 1585/1574/1983 1590/1580/1988 1589/1578/1986
f 1583/1575/1979 1590/1580/1988 1586/1576/1984
s 0
f 1581/240/1989 1579/240/1989 1582/240/1989
f 1587/1578/1990 1589/1578/1990 1590/1578/1990
s 1
f 1592/1/1991 1594/1581/1992 1591/3/1993
f 1592/1/1991 1596/1582/1994 1595/1583/1995
f 1593/4/1996 1594/1584/1992 1596/1582/1994
f 1594/1581/1992 1598/1585/1997 1597/1586/1998
f 1596/1582/1994 1598/1585/1997 1595/1583/1995
f 1594/1584/1992 1599/1587/1999 1596/1582/1994
s 0
f 1593/240/2000 1592/240/2000 1591/240/2000
f 1597/1588/2001 1598/1588/2001 1599/1588/2001
s 1
f 1601/242/2002 1604/1589/2003 1600/3/2004
f 1601/242/2002 1606/1590/2005 1605/1591/2006
f 1602/240/2007 1607/1592/2008 1606/1590/2005
f 1600/8/2004 1607/1592/2008 1603/247/2009
f 1604/1589/2003 1609/1593/2010 1608/1594/2011
f 1606/1590/2005 1609/1593/2010 1605/1591/2006
f 1607/1592/2008 1610/1595/2012 1606/1590/2005
f 1607/1592/2008 1608/1596/2011 1611/1597/2013
s 0
f 1602/240/2014 1600/240/2014 1603/240/2014
f 1609/1595/2015 1611/1595/2015 1608/1595/2015
s 1
f 1612/3/2016 1616/1598/2017 1615/1599/2018
f 1614/4/2019 1616/1598/2017 1613/1/2020
f 1614/4/2019 1615/1600/2018 1617/1601/2021
f 1616/1598/2017 1618/1602/2022 1615/1599/2018
f 1616/1598/2017 1620/1603/2023 1619/1604/2024
f 1615/1600/2018 1620/1603/2023 1617/1601/2021
s 0
f 1614/240/2025 1613/240/2025 1612/240/2025
f 1618/1605/2026 1619/1605/2026 1620/1605/2026
s 1
f 1622/242/2027 1625/1606/2028 1621/3/2029
f 1622/242/2027 1627/1607/2030 1626/1608/2031
f 1623/240/2032 1628/1609/2033 1627/1607/2030
f 1621/8/2029 1628/1609/2033 1624/247/2034
f 1625/1606/2028 1630/1610/2035 1629/1611/2036
f 1627/1607/2030 1630/1610/2035 1626/1608/2031
f 1628/1609/2033 1631/1612/2037 1627/1607/2030
f 1628/1609/2033 1629/1613/2036 1632/1614/2038
s 0
f 1623/240/2039 1621/240/2039 1624/240/2039
f 1629/1612/2040 1631/1612/2040 1632/1612/2040
s 1
f 1634/1/2041 1636/1615/2042 1633/3/2043
f 1635/4/2044 1637/1616/2045 1634/1/2041
f 1635/4/2044 1636/1617/2042 1638/1618/2046
f 1636/1615/2042 1640/1619/2047 1639/1620/2048
f 1637/1616/2045 1641/1621/2049 1640/1619/2047
f 1636/1617/2042 1641/1621/2049 1638/1618/2046
s 0
f 1635/240/2050 1634/240/2050 1633/240/2050
f 1639/1622/2051 1640/1622/2051 1641/1622/2051
s 1
f 1642/3/2052 1647/1623/2053 1646/1624/2054
f 1644/240/2055 1647/1623/2053 1643/242/2056
f 1645/247/2057 1648/1625/2058 1644/240/2055
f 1645/247/2057 1646/1626/2054 1649/1627/2059
f 1647/1623/2053 1650/1628/2060 1646/1624/2054
f 1647/1623/2053 1652/1629/2061 1651/1630/2062
f 1648/1625/2058 1653/1631/2063 1652/1629/2061
f 1646/1626/2054 1653/1631/2063 1649/1627/2059
s 0
f 1644/240/2064 1642/240/2064 1645/240/2064
f 1651/1629/2065 1653/1629/2065 1650/1629/2065
s 1
f 1655/1/2066 1657/1632/2067 1654/3/2068
f 1655/1/2066 1659/1633/2069 1658/1634/2070
f 1654/8/2068 1659/1633/2069 1656/4/2071
f 1657/1632/2067 1661/1635/2072 1660/1636/2073
f 1659/1633/2069 1661/1635/2072 1658/1634/2070
f 1659/1633/2069 1660/1637/2073 1662/1638/2074
s 0
f 1656/240/2075 1655/240/2075 1654/240/2075
f 1660/1639/2076 1661/1639/2076 1662/1639/2076
f 2/1/1 8/5/1 7/2/1
f 3/4/2 9/7/2 8/5/2
f 3/4/2077 4/8/2077 10/6/2077
f 4/8/2078 5/11/2078 11/9/2078
f 6/10/5 12/13/5 11/9/5
f 6/10/6 1/352/6 7/12/6
s 1
f 8/5/7 14/15/11 13/14/8
f 9/7/10 15/17/10 14/15/11
f 9/7/10 10/6/14 16/16/12
f 11/9/13 17/18/16 16/16/12
f 12/13/15 18/20/15 17/18/16
f 12/13/15 7/12/9 13/19/8
s 0
f 13/14/17 14/15/17 20/21/17
f 14/15/18 15/17/18 21/23/18
f 16/16/19 22/25/19 21/23/19
f 16/16/20 17/18/20 23/24/20
f 17/18/21 18/20/21 24/26/21
f 13/19/22 19/1640/22 24/26/22
f 20/21/23 26/28/23 25/27/23
f 21/23/24 27/30/24 26/28/24
f 21/23/2079 22/25/2079 28/29/2079
f 23/24/26 29/31/26 28/29/26
f 24/26/27 30/33/27 29/31/27
f 24/26/28 19/1640/28 25/32/28
s 1
f 25/27/29 26/28/30 32/34/30
f 27/30/32 33/36/34 32/34/30
f 28/29/33 34/37/36 33/36/34
f 29/31/35 35/38/38 34/37/36
f 30/33/37 36/40/39 35/38/38
f 30/33/37 25/32/29 31/39/31
s 0
f 31/35/40 32/34/40 38/41/40
f 32/34/41 33/36/41 39/43/41
f 34/37/42 40/45/42 39/43/42
f 34/37/43 35/38/43 41/44/43
f 35/38/44 36/40/44 42/46/44
f 31/39/45 37/1641/45 42/46/45
f 38/41/2080 44/48/2080 43/47/2080
f 39/43/47 45/50/47 44/48/47
f 39/43/48 40/45/48 46/49/48
f 41/44/49 47/51/49 46/49/49
f 42/46/50 48/53/50 47/51/50
f 42/46/51 37/1641/51 43/52/51
s 1
f 43/47/52 44/48/56 50/54/53
f 45/50/55 51/56/58 50/54/53
f 46/49/57 52/57/60 51/56/58
f 47/51/59 53/58/62 52/57/60
f 48/53/61 54/60/63 53/58/62
f 48/53/61 43/52/52 49/59/54
s 0
f 49/55/64 50/54/64 56/61/64
f 50/54/65 51/56/65 57/63/65
f 52/57/66 58/65/66 57/63/66
f 52/57/67 53/58/67 59/64/67
f 53/58/68 54/60/68 60/66/68
f 49/59/69 55/1642/69 60/66/69
f 56/61/70 62/68/70 61/67/70
f 57/63/71 63/70/71 62/68/71
f 57/63/72 58/65/72 64/69/72
f 59/64/73 65/71/73 64/69/73
f 60/66/74 66/73/74 65/71/74
f 60/66/75 55/1642/75 61/72/75
s 1
f 62/68/76 68/75/80 67/74/77
f 63/70/79 69/77/82 68/75/80
f 63/70/79 64/69/83 70/76/81
f 64/69/83 65/71/86 71/78/84
f 66/73/85 72/80/87 71/78/84
f 66/73/85 61/72/78 67/79/77
s 0
f 68/75/2081 74/83/2081 73/81/2081
f 68/75/2082 69/77/2082 75/82/2082
f 70/76/2083 76/85/2083 75/82/2083
f 70/76/2084 71/78/2084 77/84/2084
f 71/78/2085 72/80/2085 78/86/2085
f 67/79/2086 73/1643/2086 78/86/2086
f 74/83/94 80/88/94 79/87/94
f 75/82/95 81/90/95 80/88/95
f 75/82/96 76/85/96 82/89/96
f 77/84/97 83/91/97 82/89/97
f 78/86/98 84/93/98 83/91/98
f 78/86/99 73/1643/99 79/92/99
s 1
f 80/88/100 86/95/104 85/94/101
f 81/90/103 87/97/106 86/95/104
f 81/90/103 82/89/107 88/96/105
f 82/89/107 83/91/110 89/98/108
f 84/93/109 90/100/111 89/98/108
f 84/93/109 79/92/102 85/99/101
s 0
f 86/95/2087 92/103/2087 91/101/2087
f 86/95/2088 87/97/2088 93/102/2088
f 88/96/2089 94/105/2089 93/102/2089
f 88/96/2090 89/98/2090 95/104/2090
f 89/98/2091 90/100/2091 96/106/2091
f 85/99/2092 91/1644/2092 96/106/2092
f 92/103/118 98/108/118 97/107/118
f 93/102/119 99/110/119 98/108/119
f 93/102/120 94/105/120 100/109/120
f 95/104/121 101/111/121 100/109/121
f 96/106/122 102/113/122 101/111/122
f 96/106/123 91/1644/123 97/112/123
s 1
f 98/108/124 104/115/128 103/114/125
f 99/110/127 105/117/130 104/115/128
f 99/110/127 100/109/131 106/116/129
f 100/109/131 101/111/134 107/118/132
f 102/113/133 108/120/135 107/118/132
f 102/113/133 97/112/126 103/119/125
s 0
f 103/114/2093 104/115/2093 110/121/2093
f 104/115/2094 105/117/2094 111/123/2094
f 106/116/2095 112/125/2095 111/123/2095
f 106/116/2096 107/118/2096 113/124/2096
f 107/118/2097 108/120/2097 114/126/2097
f 103/119/2098 109/1645/2098 114/126/2098
f 110/121/2099 116/128/2099 115/127/2099
f 111/123/143 117/130/143 116/128/143
f 111/123/144 112/125/144 118/129/144
f 113/124/145 119/131/145 118/129/145
f 114/126/146 120/133/146 119/131/146
f 114/126/147 109/1645/147 115/132/147
s 1
f 115/127/148 116/128/151 122/134/149
f 116/128/151 117/130/154 123/136/152
f 118/129/153 124/137/156 123/136/152
f 119/131/155 125/138/158 124/137/156
f 120/133/157 126/140/159 125/138/158
f 120/133/157 115/132/148 121/139/150
s 0
f 121/135/160 122/134/160 128/141/160
f 122/134/161 123/136/161 129/143/161
f 124/137/162 130/145/162 129/143/162
f 124/137/163 125/138/163 131/144/163
f 125/138/164 126/140/164 132/146/164
f 121/139/165 127/1646/165 132/146/165
f 128/141/166 134/148/166 133/147/166
f 129/143/167 135/150/167 134/148/167
f 129/143/168 130/145/168 136/149/168
f 131/144/2100 137/151/2100 136/149/2100
f 132/146/170 138/153/170 137/151/170
f 132/146/171 127/1646/171 133/152/171
s 1
f 134/148/172 140/155/176 139/154/173
f 135/150/175 141/157/178 140/155/176
f 135/150/175 136/149/179 142/156/177
f 136/149/179 137/151/181 143/158/180
f 137/151/181 138/153/183 144/159/182
f 133/152/174 139/166/173 144/159/182
s 0
f 140/155/2101 146/162/2101 145/160/2101
f 140/155/2102 141/157/2102 147/161/2102
f 142/156/2103 148/164/2103 147/161/2103
f 142/156/2104 143/158/2104 149/163/2104
f 143/158/2105 144/159/2105 150/165/2105
f 139/166/2106 145/1647/2106 150/165/2106
f 146/162/2107 152/168/2107 151/167/2107
f 147/161/191 153/170/191 152/168/191
f 147/161/2108 148/164/2108 154/169/2108
f 149/163/193 155/171/193 154/169/193
f 150/165/194 156/173/194 155/171/194
f 150/165/195 145/1647/195 151/172/195
s 1
f 152/168/196 158/175/200 157/174/197
f 153/170/199 159/177/202 158/175/200
f 153/170/199 154/169/203 160/176/201
f 154/169/203 155/171/206 161/178/204
f 156/173/205 162/179/207 161/178/204
f 151/172/198 157/186/197 162/179/207
s 0
f 157/174/2109 158/175/2109 164/180/2109
f 158/175/2110 159/177/2110 165/182/2110
f 160/176/2111 166/183/2111 165/182/2111
f 161/178/2112 167/185/2112 166/183/2112
f 161/178/2113 162/179/2113 168/184/2113
f 157/186/2114 163/1648/2114 168/184/2114
f 164/180/214 170/188/214 169/187/214
f 165/182/215 171/190/215 170/188/215
f 165/182/216 166/183/216 172/189/216
f 167/185/217 173/191/217 172/189/217
f 168/184/2115 174/193/2115 173/191/2115
f 168/184/2116 163/1648/2116 169/192/2116
s 1
f 169/187/220 170/188/223 176/194/221
f 170/188/223 171/190/226 177/196/224
f 172/189/225 178/197/228 177/196/224
f 173/191/227 179/198/230 178/197/228
f 174/193/229 180/200/231 179/198/230
f 174/193/229 169/192/220 175/199/222
s 0
f 175/195/2117 176/194/2117 182/201/2117
f 176/194/2118 177/196/2118 183/203/2118
f 178/197/234 184/205/234 183/203/234
f 178/197/235 179/198/235 185/204/235
f 179/198/236 180/200/236 186/206/236
f 175/199/237 181/1649/237 186/206/237
f 181/202/2119 182/201/2119 188/207/2119
f 183/203/2120 189/210/2120 188/207/2120
f 183/203/2121 184/205/2121 190/209/2121
f 185/204/2122 191/211/2122 190/209/2122
f 186/206/2123 192/213/2123 191/211/2123
f 186/206/2124 181/1649/2124 187/212/2124
s 1
f 187/208/244 188/207/247 194/214/245
f 188/207/247 189/210/250 195/216/248
f 190/209/249 196/217/252 195/216/248
f 191/211/251 197/218/254 196/217/252
f 192/213/253 198/220/255 197/218/254
f 192/213/253 187/212/244 193/219/246
s 0
f 193/215/2125 194/214/2125 200/221/2125
f 194/214/257 195/216/257 201/223/257
f 196/217/258 202/225/258 201/223/258
f 196/217/2126 197/218/2126 203/224/2126
f 197/218/260 198/220/260 204/226/260
f 193/219/261 199/1650/261 204/226/261
f 200/221/2127 206/228/2127 205/227/2127
f 201/223/263 207/230/263 206/228/263
f 201/223/264 202/225/264 208/229/264
f 203/224/265 209/231/265 208/229/265
f 204/226/266 210/233/266 209/231/266
f 204/226/2128 199/1650/2128 205/232/2128
s 1
f 206/228/268 212/235/272 211/234/269
f 207/230/271 213/237/274 212/235/272
f 207/230/271 208/229/275 214/236/273
f 208/229/275 209/231/277 215/238/276
f 209/231/277 210/233/279 216/239/278
f 205/232/270 211/1651/269 216/239/278
s 0
f 1/240/280 6/240/280 4/240/280
f 6/240/280 5/240/280 4/240/280
f 4/240/280 3/240/280 1/240/280
f 216/241/281 211/241/281 215/241/281
f 211/241/281 212/241/281 214/241/281
f 212/241/281 213/241/281 214/241/281
s 1
f 218/242/282 222/244/286 221/243/283
f 219/240/285 223/246/288 222/244/286
f 219/240/285 220/247/289 224/245/287
f 220/247/289 217/8/284 221/248/283
f 221/243/283 222/244/286 226/249/290
f 222/244/286 223/246/288 227/251/292
f 224/245/287 228/252/293 227/251/292
f 221/248/283 225/1652/291 228/252/293
s 0
f 219/240/294 218/240/294 217/240/294
f 226/251/2129 227/251/2129 228/251/2129
s 1
f 229/3/296 230/1/299 233/253/297
f 230/1/299 231/4/301 234/255/300
f 229/8/296 232/1653/298 234/255/300
f 233/253/297 236/257/303 235/256/302
f 234/255/300 237/259/304 236/257/303
f 234/255/300 232/1653/298 235/258/302
f 238/3/307 239/242/311 243/261/308
f 240/240/310 244/263/313 243/261/308
f 241/247/312 245/265/314 244/263/313
f 241/247/312 238/8/307 242/264/309
f 243/261/308 247/268/317 246/266/315
f 243/261/308 244/263/313 248/267/316
f 244/263/313 245/265/314 249/269/318
f 242/264/309 246/1654/315 249/269/318
s 0
f 240/240/319 239/240/319 238/240/319
f 246/267/2130 247/267/2130 248/267/2130
s 1
f 251/1/321 254/272/325 253/270/322
f 251/1/321 252/4/326 255/271/324
f 250/8/323 253/1655/322 255/271/324
f 253/270/322 254/272/325 257/273/327
f 255/271/324 258/276/329 257/273/327
f 255/271/324 253/1655/322 256/275/328
f 259/3/332 260/242/336 264/278/333
f 261/240/335 265/280/338 264/278/333
f 262/247/337 266/282/339 265/280/338
f 262/247/337 259/8/332 263/281/334
f 264/278/333 268/285/342 267/283/340
f 264/278/333 265/280/338 269/284/341
f 265/280/338 266/282/339 270/286/343
f 263/281/334 267/1656/340 270/286/343
s 0
f 262/240/344 261/240/344 260/240/344
f 268/284/345 269/284/345 270/284/345
s 1
f 271/3/346 272/242/349 276/287/347
f 272/242/349 273/240/352 277/289/350
f 274/247/351 278/290/353 277/289/350
f 271/8/346 275/1657/348 278/290/353
f 276/287/347 280/292/355 279/291/354
f 277/289/350 281/294/357 280/292/355
f 277/289/350 278/290/353 282/293/356
f 278/290/353 275/1657/348 279/295/354
s 0
f 273/240/2131 272/240/2131 271/240/2131
f 280/294/359 281/294/359 282/294/359
s 1
f 283/3/360 284/1/364 287/296/361
f 285/4/363 288/299/365 287/296/361
f 285/4/363 283/8/360 286/298/362
f 287/296/361 290/302/368 289/300/366
f 287/296/361 288/299/365 291/301/367
f 286/298/362 289/1658/366 291/301/367
f 293/242/371 297/305/375 296/304/372
f 294/240/374 298/307/377 297/305/375
f 294/240/374 295/247/378 299/306/376
f 295/247/378 292/8/373 296/308/372
f 296/304/372 297/305/375 301/309/379
f 297/305/375 298/307/377 302/311/381
f 299/306/376 303/312/382 302/311/381
f 296/308/372 300/1659/380 303/312/382
s 0
f 294/240/383 293/240/383 292/240/383
f 301/311/2132 302/311/2132 303/311/2132
s 1
f 304/3/385 305/1/389 308/313/386
f 306/4/388 309/316/390 308/313/386
f 306/4/388 304/8/385 307/315/387
f 308/313/386 311/319/393 310/317/391
f 308/313/386 309/316/390 312/318/392
f 307/315/387 310/1660/391 312/318/392
f 313/3/396 314/242/400 318/321/397
f 315/240/399 319/323/402 318/321/397
f 316/247/401 320/325/403 319/323/402
f 316/247/401 313/8/396 317/324/398
f 318/321/397 322/328/406 321/326/404
f 318/321/397 319/323/402 323/327/405
f 319/323/402 320/325/403 324/329/407
f 317/324/398 321/1661/404 324/329/407
s 0
f 315/240/2133 314/240/2133 313/240/2133
f 322/327/2134 323/327/2134 324/327/2134
s 1
f 326/1/410 329/332/414 328/330/411
f 326/1/410 327/4/415 330/331/413
f 325/8/412 328/1662/411 330/331/413
f 328/330/411 329/332/414 332/333/416
f 330/331/413 333/336/418 332/333/416
f 330/331/413 328/1662/411 331/335/417
f 334/3/421 335/242/425 339/338/422
f 336/240/424 340/340/427 339/338/422
f 337/247/426 341/342/428 340/340/427
f 337/247/426 334/8/421 338/341/423
f 339/338/422 343/345/431 342/343/429
f 339/338/422 340/340/427 344/344/430
f 340/340/427 341/342/428 345/346/432
f 338/341/423 342/1663/429 345/346/432
s 0
f 336/240/433 335/240/433 334/240/433
f 343/344/2135 344/344/2135 345/344/2135
f 346/3/435 347/1/435 353/347/435
f 348/4/436 354/349/436 353/347/436
f 349/8/437 355/351/437 354/349/437
f 349/8/438 350/11/438 356/350/438
f 351/10/439 357/353/439 356/350/439
f 346/352/440 352/359/440 357/353/440
s 1
f 352/348/441 353/347/444 359/354/442
f 353/347/444 354/349/447 360/356/445
f 355/351/446 361/358/446 360/356/445
f 355/351/446 356/350/450 362/357/448
f 357/353/449 363/360/451 362/357/448
f 352/359/441 358/1664/443 363/360/451
s 0
f 359/354/452 365/363/452 364/361/452
f 359/354/453 360/356/453 366/362/453
f 360/356/454 361/358/454 367/364/454
f 362/357/455 368/366/455 367/364/455
f 362/357/456 363/360/456 369/365/456
f 363/360/457 358/1664/457 364/367/457
f 364/361/2136 365/363/2136 371/368/2136
f 366/362/2137 372/370/2137 371/368/2137
f 367/364/2138 373/372/2138 372/370/2138
f 367/364/2139 368/366/2139 374/371/2139
f 369/365/2140 375/373/2140 374/371/2140
f 364/367/2141 370/379/2141 375/373/2141
s 1
f 370/369/464 371/368/467 377/374/465
f 371/368/467 372/370/470 378/376/468
f 373/372/469 379/378/469 378/376/468
f 373/372/469 374/371/473 380/377/471
f 375/373/472 381/380/474 380/377/471
f 370/379/464 376/1665/466 381/380/474
s 0
f 377/374/2142 383/383/2142 382/381/2142
f 377/374/476 378/376/476 384/382/476
f 378/376/477 379/378/477 385/384/477
f 380/377/478 386/386/478 385/384/478
f 380/377/479 381/380/479 387/385/479
f 381/380/480 376/1665/480 382/387/480
f 382/381/2143 383/383/2143 389/388/2143
f 384/382/2144 390/390/2144 389/388/2144
f 385/384/2145 391/392/2145 390/390/2145
f 385/384/484 386/386/484 392/391/484
f 387/385/2146 393/393/2146 392/391/2146
f 382/387/2147 388/400/2147 393/393/2147
s 1
f 388/389/487 389/388/490 395/394/467
f 390/390/489 396/396/492 395/394/467
f 391/392/491 397/398/494 396/396/492
f 391/392/491 392/391/495 398/397/493
f 392/391/495 393/393/451 399/399/496
f 388/400/487 394/1666/488 399/399/496
s 0
f 395/394/497 401/403/497 400/401/497
f 395/394/498 396/396/498 402/402/498
f 396/396/499 397/398/499 403/404/499
f 398/397/500 404/406/500 403/404/500
f 398/397/501 399/399/501 405/405/501
f 399/399/2148 394/1666/2148 400/407/2148
f 400/401/2149 401/403/2149 407/408/2149
f 402/402/2150 408/410/2150 407/408/2150
f 403/404/2151 409/412/2151 408/410/2151
f 403/404/2152 404/406/2152 410/411/2152
f 405/405/2153 411/413/2153 410/411/2153
f 400/407/2154 406/1667/2154 411/413/2154
s 1
f 406/409/509 407/408/513 413/414/510
f 408/410/512 414/416/515 413/414/510
f 409/412/514 415/417/517 414/416/515
f 410/411/516 416/419/519 415/417/517
f 410/411/516 411/413/520 417/418/518
f 411/413/520 406/1667/509 412/420/511
s 0
f 413/414/2155 419/423/2155 418/421/2155
f 413/414/522 414/416/522 420/422/522
f 414/416/523 415/417/523 421/424/523
f 416/419/2156 422/426/2156 421/424/2156
f 416/419/525 417/418/525 423/425/525
f 417/418/526 412/420/526 418/427/526
f 418/421/527 419/423/527 425/428/527
f 420/422/528 426/430/528 425/428/528
f 421/424/529 427/432/529 426/430/529
f 421/424/530 422/426/530 428/431/530
f 423/425/531 429/433/531 428/431/531
f 418/427/532 424/1668/532 429/433/532
s 1
f 424/429/533 425/428/537 431/434/534
f 426/430/536 432/436/539 431/434/534
f 427/432/538 433/438/541 432/436/539
f 427/432/538 428/431/542 434/437/540
f 428/431/542 429/433/544 435/439/543
f 429/433/544 424/1668/533 430/440/535
s 0
f 431/434/2157 437/443/2157 436/441/2157
f 431/434/2158 432/436/2158 438/442/2158
f 432/436/2159 433/438/2159 439/444/2159
f 434/437/2160 440/445/2160 439/444/2160
f 435/439/2161 441/447/2161 440/445/2161
f 435/439/2162 430/440/2162 436/446/2162
f 436/441/2163 437/443/2163 443/448/2163
f 438/442/552 444/450/552 443/448/552
f 439/444/553 445/452/553 444/450/553
f 439/444/554 440/445/554 446/451/554
f 441/447/555 447/453/555 446/451/555
f 436/446/556 442/1669/556 447/453/556
s 1
f 442/449/557 443/448/561 449/454/558
f 444/450/560 450/456/563 449/454/558
f 445/452/562 451/457/565 450/456/563
f 446/451/564 452/459/567 451/457/565
f 446/451/564 447/453/568 453/458/566
f 447/453/568 442/1669/557 448/460/559
s 0
f 449/454/2164 455/463/2164 454/461/2164
f 449/454/570 450/456/570 456/462/570
f 450/456/571 451/457/571 457/464/571
f 452/459/572 458/466/572 457/464/572
f 452/459/573 453/458/573 459/465/573
f 453/458/574 448/460/574 454/467/574
f 454/461/2165 455/463/2165 461/468/2165
f 456/462/2166 462/470/2166 461/468/2166
f 457/464/2167 463/472/2167 462/470/2167
f 457/464/2168 458/466/2168 464/471/2168
f 458/466/2169 459/465/2169 465/473/2169
f 459/465/2170 454/467/2170 460/474/2170
s 1
f 460/469/581 461/468/585 467/475/582
f 462/470/584 468/477/587 467/475/582
f 463/472/586 469/478/589 468/477/587
f 464/471/588 470/480/591 469/478/589
f 464/471/588 465/473/592 471/479/590
f 465/473/592 460/474/581 466/481/583
s 0
f 467/475/2171 473/484/2171 472/482/2171
f 467/475/2172 468/477/2172 474/483/2172
f 468/477/2173 469/478/2173 475/485/2173
f 470/480/2174 476/486/2174 475/485/2174
f 471/479/2175 477/488/2175 476/486/2175
f 471/479/2176 466/481/2176 472/487/2176
f 472/482/599 473/484/599 479/489/599
f 474/483/600 480/491/600 479/489/600
f 475/485/601 481/493/601 480/491/601
f 475/485/602 476/486/602 482/492/602
f 477/488/603 483/494/603 482/492/603
f 472/487/604 478/500/604 483/494/604
s 1
f 478/490/605 479/489/608 485/495/606
f 479/489/608 480/491/610 486/497/609
f 480/491/610 481/493/612 487/498/611
f 481/493/612 482/492/615 488/499/613
f 483/494/614 489/501/616 488/499/613
f 478/500/605 484/1670/607 489/501/616
s 0
f 485/495/2177 491/503/2177 490/502/2177
f 486/497/2178 492/505/2178 491/503/2178
f 486/497/2179 487/498/2179 493/504/2179
f 488/499/2180 494/507/2180 493/504/2180
f 488/499/2181 489/501/2181 495/506/2181
f 489/501/2182 484/1670/2182 490/508/2182
f 490/502/2183 491/503/2183 497/509/2183
f 492/505/624 498/511/624 497/509/624
f 493/504/625 499/513/625 498/511/625
f 493/504/626 494/507/626 500/512/626
f 495/506/2184 501/514/2184 500/512/2184
f 490/508/628 496/1671/628 501/514/628
s 1
f 496/510/629 497/509/633 503/515/630
f 498/511/632 504/517/635 503/515/630
f 499/513/634 505/518/637 504/517/635
f 500/512/636 506/520/639 505/518/637
f 500/512/636 501/514/640 507/519/638
f 501/514/640 496/1671/629 502/521/631
s 0
f 503/515/2185 509/524/2185 508/522/2185
f 503/515/642 504/517/642 510/523/642
f 504/517/643 505/518/643 511/525/643
f 506/520/2186 512/527/2186 511/525/2186
f 506/520/645 507/519/645 513/526/645
f 507/519/646 502/521/646 508/528/646
f 508/522/647 509/524/647 515/529/647
f 510/523/648 516/531/648 515/529/648
f 511/525/649 517/533/649 516/531/649
f 511/525/650 512/527/650 518/532/650
f 513/526/651 519/534/651 518/532/651
f 508/528/652 514/1672/652 519/534/652
s 1
f 514/530/653 515/529/657 521/535/654
f 516/531/656 522/537/659 521/535/654
f 517/533/658 523/538/661 522/537/659
f 518/532/660 524/540/663 523/538/661
f 518/532/660 519/534/664 525/539/662
f 519/534/664 514/1672/653 520/541/655
s 0
f 521/535/2187 527/544/2187 526/542/2187
f 521/535/2188 522/537/2188 528/543/2188
f 522/537/667 523/538/667 529/545/667
f 524/540/668 530/547/668 529/545/668
f 524/540/669 525/539/669 531/546/669
f 525/539/670 520/541/670 526/548/670
f 526/542/2189 527/544/2189 533/549/2189
f 528/543/672 534/551/672 533/549/672
f 529/545/673 535/553/673 534/551/673
f 529/545/674 530/547/674 536/552/674
f 531/546/675 537/554/675 536/552/675
f 526/548/676 532/560/676 537/554/676
s 1
f 533/549/677 539/557/681 538/555/678
f 533/549/677 534/551/682 540/556/680
f 534/551/682 535/553/684 541/558/683
f 535/553/684 536/552/687 542/559/685
f 537/554/686 543/561/688 542/559/685
f 532/560/679 538/1673/678 543/561/688
s 0
f 346/240/689 351/240/689 349/240/689
f 351/240/689 350/240/689 349/240/689
f 349/240/689 348/240/689 346/240/689
f 543/562/690 538/562/690 541/562/690
f 538/562/690 539/562/690 540/562/690
f 541/562/690 538/562/690 540/562/690
s 1
f 545/242/691 549/565/695 548/563/692
f 545/242/691 546/240/696 550/564/694
f 546/240/696 547/247/698 551/566/697
f 544/8/693 548/1674/692 551/566/697
f 548/563/692 549/565/695 553/567/699
f 550/564/694 554/569/701 553/567/699
f 551/566/697 555/571/702 554/569/701
f 551/566/697 548/1674/692 552/570/700
s 0
f 547/240/2190 546/240/2190 545/240/2190
f 553/569/704 554/569/704 555/569/704
s 1
f 556/3/705 557/1/709 560/572/706
f 558/4/708 561/575/710 560/572/706
f 558/4/708 556/8/705 559/574/707
f 560/572/706 563/578/713 562/576/711
f 560/572/706 561/575/710 564/577/712
f 559/574/707 562/1675/711 564/577/712
f 565/3/716 566/242/720 570/580/717
f 567/240/719 571/582/722 570/580/717
f 568/247/721 572/584/723 571/582/722
f 568/247/721 565/8/716 569/583/718
f 570/580/717 574/587/726 573/585/724
f 570/580/717 571/582/722 575/586/725
f 571/582/722 572/584/723 576/588/727
f 569/583/718 573/1676/724 576/588/727
s 0
f 567/240/2191 566/240/2191 565/240/2191
f 573/586/2192 574/586/2192 575/586/2192
s 1
f 578/1/730 581/591/734 580/589/731
f 578/1/730 579/4/735 582/590/733
f 577/8/732 580/1677/731 582/590/733
f 580/589/731 581/591/734 584/592/736
f 582/590/733 585/595/738 584/592/736
f 582/590/733 580/1677/731 583/594/737
f 586/3/741 587/242/745 591/597/742
f 588/240/744 592/599/747 591/597/742
f 589/247/746 593/601/748 592/599/747
f 589/247/746 586/8/741 590/600/743
f 591/597/742 595/604/751 594/602/749
f 591/597/742 592/599/747 596/603/750
f 592/599/747 593/601/748 597/605/752
f 590/600/743 594/1678/749 597/605/752
s 0
f 588/240/2193 587/240/2193 586/240/2193
f 595/603/754 596/603/754 597/603/754
s 1
f 599/1/755 602/608/759 601/606/756
f 599/1/755 600/4/760 603/607/758
f 598/8/757 601/1679/756 603/607/758
f 601/606/756 602/608/759 605/609/761
f 603/607/758 606/612/763 605/609/761
f 603/607/758 601/1679/756 604/611/762
f 607/3/766 608/242/769 612/614/767
f 608/242/769 609/240/772 613/616/770
f 610/247/771 614/617/773 613/616/770
f 607/8/766 611/1680/768 614/617/773
f 612/614/767 616/619/775 615/618/774
f 613/616/770 617/621/777 616/619/775
f 613/616/770 614/617/773 618/620/776
f 614/617/773 611/1680/768 615/622/774
s 0
f 609/240/2194 608/240/2194 607/240/2194
f 615/621/2195 616/621/2195 617/621/2195
s 1
f 619/3/780 620/1/784 623/623/781
f 621/4/783 624/626/785 623/623/781
f 621/4/783 619/8/780 622/625/782
f 623/623/781 626/629/788 625/627/786
f 623/623/781 624/626/785 627/628/787
f 622/625/782 625/1681/786 627/628/787
f 629/242/791 633/632/795 632/631/792
f 630/240/794 634/634/797 633/632/795
f 630/240/794 631/247/798 635/633/796
f 631/247/798 628/8/793 632/635/792
f 632/631/792 633/632/795 637/636/799
f 633/632/795 634/634/797 638/638/801
f 635/633/796 639/639/802 638/638/801
f 632/635/792 636/1682/800 639/639/802
s 0
f 631/240/803 630/240/803 629/240/803
f 636/638/804 637/638/804 638/638/804
s 1
f 640/3/805 641/1/809 644/640/806
f 642/4/808 645/643/810 644/640/806
f 642/4/808 640/8/805 643/642/807
f 644/640/806 647/646/813 646/644/811
f 644/640/806 645/643/810 648/645/812
f 643/642/807 646/1683/811 648/645/812
f 649/3/816 650/242/820 654/648/817
f 651/240/819 655/650/822 654/648/817
f 652/247/821 656/652/823 655/650/822
f 652/247/821 649/8/816 653/651/818
f 654/648/817 658/655/826 657/653/824
f 654/648/817 655/650/822 659/654/825
f 655/650/822 656/652/823 660/656/827
f 653/651/818 657/1684/824 660/656/827
s 0
f 651/240/2196 650/240/2196 649/240/2196
f 657/654/2197 658/654/2197 659/654/2197
s 1
f 662/1/830 665/659/834 664/657/831
f 662/1/830 663/4/835 666/658/833
f 661/8/832 664/1685/831 666/658/833
f 664/657/831 665/659/834 668/660/836
f 666/658/833 669/663/838 668/660/836
f 666/658/833 664/1685/831 667/662/837
s 0
f 670/3/841 671/1/841 677/665/841
f 672/4/842 678/667/842 677/665/842
f 673/8/843 679/669/843 678/667/843
f 673/8/844 674/11/844 680/668/844
f 674/11/2198 675/10/2198 681/670/2198
f 670/352/846 676/677/846 681/670/846
s 1
f 676/666/847 677/665/850 683/671/848
f 678/667/849 684/673/852 683/671/848
f 679/669/851 685/675/851 684/673/852
f 679/669/851 680/668/854 686/674/853
f 680/668/854 681/670/856 687/676/855
f 676/677/847 682/1686/847 687/676/855
s 0
f 683/671/857 689/680/857 688/678/857
f 683/671/858 684/673/858 690/679/858
f 684/673/859 685/675/859 691/681/859
f 686/674/860 692/683/860 691/681/860
f 686/674/861 687/676/861 693/682/861
f 687/676/862 682/1686/862 688/684/862
f 688/678/2199 689/680/2199 695/685/2199
f 690/679/2200 696/687/2200 695/685/2200
f 691/681/865 697/689/865 696/687/865
f 691/681/2201 692/683/2201 698/688/2201
f 693/682/2202 699/690/2202 698/688/2202
f 688/684/868 694/697/868 699/690/868
s 1
f 694/686/869 695/685/873 701/691/870
f 696/687/872 702/693/875 701/691/870
f 697/689/874 703/695/874 702/693/875
f 697/689/874 698/688/877 704/694/876
f 698/688/877 699/690/879 705/696/878
f 694/697/869 700/1687/871 705/696/878
s 0
f 701/691/880 707/700/880 706/698/880
f 701/691/881 702/693/881 708/699/881
f 702/693/882 703/695/882 709/701/882
f 704/694/883 710/703/883 709/701/883
f 704/694/884 705/696/884 711/702/884
f 705/696/885 700/1687/885 706/704/885
f 706/698/2203 707/700/2203 713/705/2203
f 708/699/2204 714/707/2204 713/705/2204
f 709/701/888 715/709/888 714/707/888
f 709/701/2205 710/703/2205 716/708/2205
f 711/702/2206 717/710/2206 716/708/2206
f 706/704/891 712/717/891 717/710/891
s 1
f 712/706/892 713/705/896 719/711/893
f 714/707/895 720/713/898 719/711/893
f 715/709/897 721/715/900 720/713/898
f 715/709/897 716/708/901 722/714/899
f 716/708/901 717/710/903 723/716/902
f 712/717/892 718/1688/894 723/716/902
s 0
f 719/711/904 725/720/904 724/718/904
f 719/711/905 720/713/905 726/719/905
f 720/713/906 721/715/906 727/721/906
f 722/714/907 728/723/907 727/721/907
f 722/714/908 723/716/908 729/722/908
f 723/716/909 718/1688/909 724/724/909
f 724/718/2207 725/720/2207 731/725/2207
f 726/719/2208 732/727/2208 731/725/2208
f 727/721/912 733/729/912 732/727/912
f 727/721/2209 728/723/2209 734/728/2209
f 729/722/2210 735/730/2210 734/728/2210
f 724/724/915 730/737/915 735/730/915
s 1
f 731/725/916 737/732/920 736/731/917
f 732/727/919 738/733/922 737/732/920
f 733/729/921 739/735/924 738/733/922
f 733/729/921 734/728/925 740/734/923
f 734/728/925 735/730/927 741/736/926
f 730/737/918 736/1689/917 741/736/926
s 0
f 737/732/928 743/740/928 742/738/928
f 737/732/929 738/733/929 744/739/929
f 738/733/930 739/735/930 745/741/930
f 740/734/931 746/743/931 745/741/931
f 740/734/932 741/736/932 747/742/932
f 741/736/933 736/1689/933 742/744/933
f 742/738/934 743/740/934 749/745/934
f 744/739/935 750/747/935 749/745/935
f 745/741/936 751/749/936 750/747/936
f 745/741/937 746/743/937 752/748/937
f 747/742/938 753/750/938 752/748/938
f 742/744/939 748/757/939 753/750/939
s 1
f 749/745/940 755/752/944 754/751/941
f 750/747/943 756/753/946 755/752/944
f 751/749/945 757/755/945 756/753/946
f 751/749/945 752/748/948 758/754/947
f 752/748/948 753/750/950 759/756/949
f 748/757/942 754/1690/941 759/756/949
s 0
f 755/752/2211 761/760/2211 760/758/2211
f 755/752/2212 756/753/2212 762/759/2212
f 756/753/2213 757/755/2213 763/761/2213
f 758/754/2214 764/762/2214 763/761/2214
f 759/756/2215 765/764/2215 764/762/2215
f 759/756/2216 754/1690/2216 760/763/2216
f 760/758/957 761/760/957 767/765/957
f 762/759/958 768/767/958 767/765/958
f 763/761/959 769/769/959 768/767/959
f 763/761/2217 764/762/2217 770/768/2217
f 765/764/961 771/770/961 770/768/961
f 760/763/962 766/777/962 771/770/962
s 1
f 767/765/963 773/772/967 772/771/964
f 768/767/966 774/773/969 773/772/967
f 769/769/968 775/775/971 774/773/969
f 769/769/968 770/768/972 776/774/970
f 770/768/972 771/770/974 777/776/973
f 766/777/965 772/1691/964 777/776/973
s 0
f 773/772/975 779/780/975 778/778/975
f 773/772/976 774/773/976 780/779/976
f 774/773/977 775/775/977 781/781/977
f 776/774/978 782/783/978 781/781/978
f 776/774/979 777/776/979 783/782/979
f 777/776/980 772/1691/980 778/784/980
f 778/778/2218 779/780/2218 785/785/2218
f 780/779/2219 786/787/2219 785/785/2219
f 781/781/2220 787/789/2220 786/787/2220
f 781/781/2221 782/783/2221 788/788/2221
f 782/783/2222 783/782/2222 789/790/2222
f 778/784/2223 784/797/2223 789/790/2223
s 1
f 785/785/987 791/792/990 790/791/988
f 786/787/989 792/793/992 791/792/990
f 787/789/991 793/795/994 792/793/992
f 787/789/991 788/788/995 794/794/993
f 788/788/995 789/790/996 795/796/996
f 784/797/988 790/1692/988 795/796/996
s 0
f 791/792/2224 797/800/2224 796/798/2224
f 791/792/2225 792/793/2225 798/799/2225
f 792/793/2226 793/795/2226 799/801/2226
f 794/794/2227 800/802/2227 799/801/2227
f 795/796/2228 801/804/2228 800/802/2228
f 795/796/2229 790/1692/2229 796/803/2229
f 796/798/1003 797/800/1003 803/805/1003
f 798/799/1004 804/807/1004 803/805/1004
f 799/801/1005 805/809/1005 804/807/1005
f 799/801/1006 800/802/1006 806/808/1006
f 801/804/1007 807/810/1007 806/808/1007
f 796/803/1008 802/816/1008 807/810/1008
s 1
f 802/806/1009 803/805/1012 809/811/1010
f 803/805/1012 804/807/1015 810/813/1013
f 805/809/1014 811/815/1017 810/813/1013
f 805/809/1014 806/808/1019 812/814/1016
f 807/810/1018 813/817/1020 812/814/1016
f 802/816/1009 808/1693/1011 813/817/1020
s 0
f 809/811/2230 815/819/2230 814/818/2230
f 810/813/2231 816/821/2231 815/819/2231
f 810/813/2232 811/815/2232 817/820/2232
f 812/814/2233 818/823/2233 817/820/2233
f 812/814/2234 813/817/2234 819/822/2234
f 813/817/2235 808/1693/2235 814/824/2235
f 814/818/1027 815/819/1027 821/825/1027
f 816/821/1028 822/827/1028 821/825/1028
f 817/820/1029 823/829/1029 822/827/1029
f 817/820/1030 818/823/1030 824/828/1030
f 819/822/1031 825/830/1031 824/828/1031
f 814/824/1032 820/836/1032 825/830/1032
s 1
f 820/826/1033 821/825/1036 827/831/1034
f 821/825/1036 822/827/1039 828/833/1037
f 823/829/1038 829/834/1041 828/833/1037
f 824/828/1040 830/835/1043 829/834/1041
f 825/830/1042 831/837/1044 830/835/1043
f 820/836/1033 826/1694/1035 831/837/1044
s 0
f 826/832/2236 827/831/2236 833/838/2236
f 827/831/2237 828/833/2237 834/840/2237
f 828/833/2238 829/834/2238 835/841/2238
f 830/835/2239 836/842/2239 835/841/2239
f 831/837/2240 837/844/2240 836/842/2240
f 831/837/2241 826/1694/2241 832/843/2241
f 832/839/1051 833/838/1051 839/845/1051
f 834/840/2242 840/847/2242 839/845/2242
f 835/841/1053 841/849/1053 840/847/1053
f 835/841/1054 836/842/1054 842/848/1054
f 837/844/2243 843/850/2243 842/848/2243
f 832/843/2244 838/857/2244 843/850/2244
s 1
f 839/845/1057 845/852/1061 844/851/1058
f 840/847/1060 846/853/1063 845/852/1061
f 841/849/1062 847/855/1065 846/853/1063
f 841/849/1062 842/848/1066 848/854/1064
f 842/848/1066 843/850/1068 849/856/1067
f 838/857/1059 844/1695/1058 849/856/1067
s 0
f 845/852/1069 851/860/1069 850/858/1069
f 845/852/1070 846/853/1070 852/859/1070
f 846/853/2245 847/855/2245 853/861/2245
f 848/854/1072 854/863/1072 853/861/1072
f 848/854/1073 849/856/1073 855/862/1073
f 849/856/1074 844/1695/1074 850/864/1074
f 850/858/1075 851/860/1075 857/865/1075
f 852/859/1076 858/867/1076 857/865/1076
f 853/861/1077 859/869/1077 858/867/1077
f 853/861/1078 854/863/1078 860/868/1078
f 855/862/1079 861/870/1079 860/868/1079
f 850/864/1080 856/876/1080 861/870/1080
s 1
f 856/866/1081 857/865/1084 863/871/1082
f 857/865/1084 858/867/1087 864/873/1085
f 859/869/1086 865/874/1089 864/873/1085
f 860/868/1088 866/875/1091 865/874/1089
f 861/870/1090 867/877/1092 866/875/1091
f 856/876/1081 862/1696/1083 867/877/1092
s 0
f 670/240/1093 675/240/1093 673/240/1093
f 675/240/1093 674/240/1093 673/240/1093
f 673/240/1093 672/240/1093 670/240/1093
f 867/878/1094 862/878/1094 866/878/1094
f 862/878/1094 863/878/1094 865/878/1094
f 866/878/1094 862/878/1094 865/878/1094
s 1
f 869/242/1095 873/881/1099 872/879/1096
f 869/242/1095 870/240/1100 874/880/1098
f 870/240/1100 871/247/1102 875/882/1101
f 868/8/1097 872/1697/1096 875/882/1101
f 872/879/1096 873/881/1099 877/883/1103
f 874/880/1098 878/885/1105 877/883/1103
f 875/882/1101 879/887/1106 878/885/1105
f 875/882/1101 872/1697/1096 876/886/1104
s 0
f 870/240/1107 869/240/1107 868/240/1107
f 876/885/2246 877/885/2246 878/885/2246
s 1
f 880/3/1109 881/1/1113 884/888/1110
f 882/4/1112 885/891/1114 884/888/1110
f 882/4/1112 880/8/1109 883/890/1111
f 884/888/1110 887/894/1117 886/892/1115
f 884/888/1110 885/891/1114 888/893/1116
f 883/890/1111 886/1698/1115 888/893/1116
f 890/242/1120 894/898/1124 893/896/1121
f 890/242/1120 891/240/1125 895/897/1123
f 891/240/1125 892/247/1127 896/899/1126
f 889/8/1122 893/1699/1121 896/899/1126
f 893/896/1121 894/898/1124 898/900/1128
f 895/897/1123 899/902/1130 898/900/1128
f 896/899/1126 900/904/1131 899/902/1130
f 896/899/1126 893/1699/1121 897/903/1129
s 0
f 892/240/1132 891/240/1132 890/240/1132
f 897/902/2247 898/902/2247 899/902/2247
s 1
f 901/3/1134 902/1/1138 905/905/1135
f 903/4/1137 906/907/1139 905/905/1135
f 901/8/1134 904/1700/1136 906/907/1139
f 905/905/1135 908/910/1142 907/908/1140
f 905/905/1135 906/907/1139 909/909/1141
f 906/907/1139 904/1700/1136 907/911/1140
f 910/3/1145 911/242/1149 915/913/1146
f 912/240/1148 916/915/1151 915/913/1146
f 913/247/1150 917/917/1152 916/915/1151
f 913/247/1150 910/8/1145 914/916/1147
f 915/913/1146 919/920/1155 918/918/1153
f 915/913/1146 916/915/1151 920/919/1154
f 916/915/1151 917/917/1152 921/921/1156
f 914/916/1147 918/1701/1153 921/921/1156
s 0
f 913/240/2248 912/240/2248 911/240/2248
f 918/919/1158 919/919/1158 920/919/1158
s 1
f 923/1/1159 926/924/1163 925/922/1160
f 923/1/1159 924/4/1164 927/923/1162
f 922/8/1161 925/1702/1160 927/923/1162
f 925/922/1160 926/924/1163 929/925/1165
f 927/923/1162 930/928/1167 929/925/1165
f 927/923/1162 925/1702/1160 928/927/1166
f 931/3/1170 932/242/1174 936/930/1171
f 933/240/1173 937/932/1176 936/930/1171
f 934/247/1175 938/934/1177 937/932/1176
f 934/247/1175 931/8/1170 935/933/1172
f 936/930/1171 940/937/1180 939/935/1178
f 936/930/1171 937/932/1176 941/936/1179
f 937/932/1176 938/934/1177 942/938/1181
f 935/933/1172 939/1703/1178 942/938/1181
s 0
f 934/240/2249 933/240/2249 932/240/2249
f 939/936/1183 940/936/1183 941/936/1183
s 1
f 944/1/1184 947/941/1188 946/939/1185
f 944/1/1184 945/4/1189 948/940/1187
f 943/8/1186 946/1704/1185 948/940/1187
f 946/939/1185 947/941/1188 950/942/1190
f 948/940/1187 951/945/1192 950/942/1190
f 948/940/1187 946/1704/1185 949/944/1191
f 952/3/1195 953/242/1198 957/947/1196
f 953/242/1198 954/240/1201 958/949/1199
f 955/247/1200 959/950/1202 958/949/1199
f 952/8/1195 956/1705/1197 959/950/1202
f 957/947/1196 961/952/1204 960/951/1203
f 958/949/1199 962/954/1206 961/952/1204
f 958/949/1199 959/950/1202 963/953/1205
f 959/950/1202 956/1705/1197 960/955/1203
s 0
f 955/240/2250 954/240/2250 953/240/2250
f 961/954/2251 962/954/2251 963/954/2251
s 1
f 964/3/1209 965/1/1213 968/956/1210
f 966/4/1212 969/959/1214 968/956/1210
f 966/4/1212 964/8/1209 967/958/1211
f 968/956/1210 971/962/1217 970/960/1215
f 968/956/1210 969/959/1214 972/961/1216
f 967/958/1211 970/1706/1215 972/961/1216
f 974/242/1220 978/966/1224 977/964/1221
f 974/242/1220 975/240/1225 979/965/1223
f 975/240/1225 976/247/1227 980/967/1226
f 973/8/1222 977/1707/1221 980/967/1226
f 977/964/1221 978/966/1224 982/968/1228
f 979/965/1223 983/970/1230 982/968/1228
f 980/967/1226 984/972/1231 983/970/1230
f 980/967/1226 977/1707/1221 981/971/1229
s 0
f 976/240/2252 975/240/2252 974/240/2252
f 982/970/2253 983/970/2253 984/970/2253
s 1
f 985/3/1234 986/1/1238 989/973/1235
f 987/4/1237 990/975/1239 989/973/1235
f 985/8/1234 988/1708/1236 990/975/1239
f 989/973/1235 992/978/1242 991/976/1240
f 989/973/1235 990/975/1239 993/977/1241
f 990/975/1239 988/1708/1236 991/979/1240
s 0
f 994/3/2254 995/984/2254 1000/981/2254
f 996/983/2255 1001/986/2255 1000/981/2255
f 997/985/2256 1002/988/2256 1001/986/2256
f 997/985/1248 998/989/1248 1003/987/1248
f 994/352/1249 999/995/1249 1003/987/1249
s 1
f 999/982/1250 1000/981/1254 1005/990/1251
f 1001/986/1253 1006/992/1256 1005/990/1251
f 1002/988/1255 1007/994/1255 1006/992/1256
f 1002/988/1255 1003/987/1257 1008/993/1257
f 999/995/1250 1004/1709/1252 1008/993/1257
s 0
f 1005/990/1258 1010/998/1258 1009/996/1258
f 1005/990/1259 1006/992/1259 1011/997/1259
f 1007/994/1260 1012/999/1260 1011/997/1260
f 1008/993/1261 1013/1001/1261 1012/999/1261
f 1008/993/1262 1004/1709/1262 1009/1000/1262
f 1009/996/2257 1010/998/2257 1015/1002/2257
f 1011/997/2258 1016/1005/2258 1015/1002/2258
f 1011/997/2259 1012/999/2259 1017/1004/2259
f 1012/999/2260 1013/1001/2260 1018/1006/2260
f 1009/1000/2261 1014/1012/2261 1018/1006/2261
s 1
f 1014/1003/1268 1015/1002/1269 1020/1007/1269
f 1016/1005/1271 1021/1010/1271 1020/1007/1269
f 1016/1005/1271 1017/1004/1273 1022/1009/1272
f 1017/1004/1273 1018/1006/1275 1023/1011/1274
f 1014/1012/1268 1019/1710/1270 1023/1011/1274
s 0
f 1020/1007/1276 1025/1015/1276 1024/1013/1276
f 1020/1007/1277 1021/1010/1277 1026/1014/1277
f 1022/1009/1278 1027/1016/1278 1026/1014/1278
f 1023/1011/1279 1028/1018/1279 1027/1016/1279
f 1023/1011/1280 1019/1710/1280 1024/1017/1280
f 1024/1013/2262 1025/1015/2262 1030/1019/2262
f 1026/1014/2263 1031/1022/2263 1030/1019/2263
f 1026/1014/2264 1027/1016/2264 1032/1021/2264
f 1027/1016/2265 1028/1018/2265 1033/1023/2265
f 1024/1017/2266 1029/1029/2266 1033/1023/2266
s 1
f 1029/1020/1286 1030/1019/1287 1035/1024/1287
f 1030/1019/1287 1031/1022/1290 1036/1026/1289
f 1031/1022/1290 1032/1021/1292 1037/1027/1291
f 1032/1021/1292 1033/1023/1294 1038/1028/1293
f 1029/1029/1286 1034/1711/1288 1038/1028/1293
s 0
f 1035/1024/1295 1040/1032/1295 1039/1030/1295
f 1035/1024/1296 1036/1026/1296 1041/1031/1296
f 1037/1027/1297 1042/1033/1297 1041/1031/1297
f 1038/1028/1298 1043/1035/1298 1042/1033/1298
f 1038/1028/1299 1034/1711/1299 1039/1034/1299
f 1039/1030/2267 1040/1032/2267 1045/1036/2267
f 1041/1031/2268 1046/1039/2268 1045/1036/2268
f 1041/1031/2269 1042/1033/2269 1047/1038/2269
f 1042/1033/1303 1043/1035/1303 1048/1040/1303
f 1039/1034/2270 1044/1046/2270 1048/1040/2270
s 1
f 1045/1036/1305 1050/1043/1309 1049/1041/1306
f 1045/1036/1305 1046/1039/1310 1051/1042/1308
f 1046/1039/1310 1047/1038/1312 1052/1044/1311
f 1047/1038/1312 1048/1040/1314 1053/1045/1313
f 1044/1046/1307 1049/1712/1306 1053/1045/1313
s 0
f 1050/1043/2271 1055/1049/2271 1054/1047/2271
f 1050/1043/2272 1051/1042/2272 1056/1048/2272
f 1052/1044/2273 1057/1050/2273 1056/1048/2273
f 1053/1045/2274 1058/1052/2274 1057/1050/2274
f 1053/1045/2275 1049/1712/2275 1054/1051/2275
f 1054/1047/1320 1055/1049/1320 1060/1053/1320
f 1056/1048/1321 1061/1056/1321 1060/1053/1321
f 1056/1048/1322 1057/1050/1322 1062/1055/1322
f 1057/1050/1323 1058/1052/1323 1063/1057/1323
f 1054/1051/1324 1059/1063/1324 1063/1057/1324
s 1
f 1059/1054/1325 1060/1053/1329 1065/1058/1326
f 1061/1056/1328 1066/1061/1331 1065/1058/1326
f 1061/1056/1328 1062/1055/1330 1067/1060/1330
f 1062/1055/1330 1063/1057/1332 1068/1062/1332
f 1059/1063/1325 1064/1713/1327 1068/1062/1332
s 0
f 1065/1058/2276 1070/1066/2276 1069/1064/2276
f 1065/1058/2277 1066/1061/2277 1071/1065/2277
f 1067/1060/2278 1072/1067/2278 1071/1065/2278
f 1068/1062/1336 1073/1069/1336 1072/1067/1336
f 1068/1062/2279 1064/1713/2279 1069/1068/2279
f 1069/1064/1338 1070/1066/1338 1075/1070/1338
f 1071/1065/1339 1076/1073/1339 1075/1070/1339
f 1071/1065/1340 1072/1067/1340 1077/1072/1340
f 1072/1067/1341 1073/1069/1341 1078/1074/1341
f 1069/1068/1342 1074/1079/1342 1078/1074/1342
s 1
f 1075/1070/1343 1080/1077/1347 1079/1075/1344
f 1075/1070/1343 1076/1073/1348 1081/1076/1346
f 1076/1073/1348 1077/1072/1351 1082/1078/1349
f 1078/1074/1350 1083/1080/1352 1082/1078/1349
f 1074/1079/1345 1079/1714/1344 1083/1080/1352
s 0
f 1080/1077/1353 1085/1083/1353 1084/1081/1353
f 1080/1077/1354 1081/1076/1354 1086/1082/1354
f 1082/1078/1355 1087/1084/1355 1086/1082/1355
f 1083/1080/1356 1088/1086/1356 1087/1084/1356
f 1083/1080/1357 1079/1714/1357 1084/1085/1357
f 1084/1081/2280 1085/1083/2280 1090/1087/2280
f 1086/1082/2281 1091/1090/2281 1090/1087/2281
f 1086/1082/2282 1087/1084/2282 1092/1089/2282
f 1087/1084/2283 1088/1086/2283 1093/1091/2283
f 1084/1085/2284 1089/1096/2284 1093/1091/2284
s 1
f 1090/1087/1363 1095/1094/1366 1094/1092/1364
f 1090/1087/1363 1091/1090/1367 1096/1093/1365
f 1091/1090/1367 1092/1089/1370 1097/1095/1368
f 1093/1091/1369 1098/1097/1371 1097/1095/1368
f 1089/1096/1364 1094/1715/1364 1098/1097/1371
s 0
f 1095/1094/2285 1100/1100/2285 1099/1098/2285
f 1095/1094/2286 1096/1093/2286 1101/1099/2286
f 1097/1095/2287 1102/1101/2287 1101/1099/2287
f 1098/1097/2288 1103/1103/2288 1102/1101/2288
f 1098/1097/2289 1094/1715/2289 1099/1102/2289
f 1099/1098/1377 1100/1100/1377 1105/1104/1377
f 1101/1099/1378 1106/1107/1378 1105/1104/1378
f 1101/1099/1379 1102/1101/1379 1107/1106/1379
f 1102/1101/1380 1103/1103/1380 1108/1108/1380
f 1099/1102/1381 1104/1716/1381 1108/1108/1381
s 1
f 1104/1105/1382 1105/1104/1386 1110/1109/1383
f 1106/1107/1385 1111/1111/1388 1110/1109/1383
f 1107/1106/1387 1112/1113/1390 1111/1111/1388
f 1107/1106/1387 1108/1108/1391 1113/1112/1389
f 1108/1108/1391 1104/1716/1382 1109/1114/1384
s 0
f 1110/1109/2290 1115/1117/2290 1114/1115/2290
f 1110/1109/2291 1111/1111/2291 1116/1116/2291
f 1111/1111/2292 1112/1113/2292 1117/1118/2292
f 1113/1112/2293 1118/1120/2293 1117/1118/2293
f 1113/1112/2294 1109/1114/2294 1114/1119/2294
f 1114/1115/1397 1115/1117/1397 1120/1121/1397
f 1116/1116/1398 1121/1124/1398 1120/1121/1398
f 1116/1116/1399 1117/1118/1399 1122/1123/1399
f 1117/1118/1400 1118/1120/1400 1123/1125/1400
f 1114/1119/1401 1119/1717/1401 1123/1125/1401
s 1
f 1119/1122/1402 1120/1121/1406 1125/1126/1403
f 1121/1124/1405 1126/1128/1408 1125/1126/1403
f 1122/1123/1407 1127/1130/1410 1126/1128/1408
f 1122/1123/1407 1123/1125/1411 1128/1129/1409
f 1123/1125/1411 1119/1717/1402 1124/1131/1404
s 0
f 1125/1126/2295 1130/1134/2295 1129/1132/2295
f 1125/1126/2296 1126/1128/2296 1131/1133/2296
f 1127/1130/2297 1132/1135/2297 1131/1133/2297
f 1128/1129/2298 1133/1137/2298 1132/1135/2298
f 1128/1129/2299 1124/1131/2299 1129/1136/2299
f 1129/1132/1417 1130/1134/1417 1135/1138/1417
f 1131/1133/1418 1136/1141/1418 1135/1138/1418
f 1131/1133/1419 1132/1135/1419 1137/1140/1419
f 1132/1135/1420 1133/1137/1420 1138/1142/1420
f 1129/1136/1421 1134/1718/1421 1138/1142/1421
s 1
f 1134/1139/1422 1135/1138/1426 1140/1143/1423
f 1136/1141/1425 1141/1145/1428 1140/1143/1423
f 1137/1140/1427 1142/1147/1430 1141/1145/1428
f 1137/1140/1427 1138/1142/1431 1143/1146/1429
f 1138/1142/1431 1134/1718/1422 1139/1148/1424
s 0
f 1140/1143/2300 1145/1150/2300 1144/1149/2300
f 1141/1145/2301 1146/1151/2301 1145/1150/2301
f 1142/1147/2302 1147/1152/2302 1146/1151/2302
f 1143/1146/2303 1148/1154/2303 1147/1152/2303
f 1143/1146/2304 1139/1148/2304 1144/1153/2304
f 1144/1149/1437 1145/1150/1437 1150/1155/1437
f 1146/1151/2305 1151/1158/2305 1150/1155/2305
f 1146/1151/2306 1147/1152/2306 1152/1157/2306
f 1147/1152/1440 1148/1154/1440 1153/1159/1440
f 1144/1153/1441 1149/1719/1441 1153/1159/1441
s 1
f 1149/1156/1442 1150/1155/1446 1155/1160/1443
f 1151/1158/1445 1156/1162/1448 1155/1160/1443
f 1152/1157/1447 1157/1164/1450 1156/1162/1448
f 1152/1157/1447 1153/1159/1451 1158/1163/1449
f 1153/1159/1451 1149/1719/1442 1154/1165/1444
s 0
f 994/240/1452 998/240/1452 997/240/1452
f 996/240/1452 995/240/1452 994/240/1452
f 1158/1166/1453 1154/1166/1453 1157/1166/1453
f 1154/1166/1453 1155/1166/1453 1156/1166/1453
s 1
f 1159/3/1454 1160/242/1458 1164/1167/1455
f 1161/240/1457 1165/1169/1460 1164/1167/1455
f 1162/247/1459 1166/1171/1461 1165/1169/1460
f 1162/247/1459 1159/8/1454 1163/1170/1456
f 1164/1167/1455 1168/1174/1464 1167/1172/1462
f 1164/1167/1455 1165/1169/1460 1169/1173/1463
f 1165/1169/1460 1166/1171/1461 1170/1175/1465
f 1163/1170/1456 1167/1720/1462 1170/1175/1465
s 0
f 1161/240/2307 1160/240/2307 1159/240/2307
f 1168/1173/2308 1169/1173/2308 1170/1173/2308
s 1
f 1172/1/1468 1175/1177/1472 1174/1176/1469
f 1173/4/1471 1176/1179/1473 1175/1177/1472
f 1173/4/1471 1171/8/1470 1174/1178/1469
f 1174/1176/1469 1175/1177/1472 1178/1180/1474
f 1175/1177/1472 1176/1179/1473 1179/1182/1476
f 1174/1178/1469 1177/1721/1475 1179/1182/1476
f 1181/242/1479 1185/1186/1483 1184/1184/1480
f 1181/242/1479 1182/240/1484 1186/1185/1482
f 1182/240/1484 1183/247/1486 1187/1187/1485
f 1180/8/1481 1184/1722/1480 1187/1187/1485
f 1184/1184/1480 1185/1186/1483 1189/1188/1487
f 1186/1185/1482 1190/1190/1489 1189/1188/1487
f 1187/1187/1485 1191/1192/1490 1190/1190/1489
f 1187/1187/1485 1184/1722/1480 1188/1191/1488
s 0
f 1182/240/1491 1181/240/1491 1180/240/1491
f 1189/1190/1492 1190/1190/1492 1191/1190/1492
s 1
f 1192/3/1493 1193/1/1497 1196/1193/1494
f 1194/4/1496 1197/1196/1498 1196/1193/1494
f 1194/4/1496 1192/8/1493 1195/1195/1495
f 1196/1193/1494 1199/1199/1501 1198/1197/1499
f 1196/1193/1494 1197/1196/1498 1200/1198/1500
f 1195/1195/1495 1198/1723/1499 1200/1198/1500
f 1202/242/1504 1206/1203/1508 1205/1201/1505
f 1202/242/1504 1203/240/1509 1207/1202/1507
f 1203/240/1509 1204/247/1511 1208/1204/1510
f 1201/8/1506 1205/1724/1505 1208/1204/1510
f 1205/1201/1505 1206/1203/1508 1210/1205/1512
f 1207/1202/1507 1211/1207/1514 1210/1205/1512
f 1208/1204/1510 1212/1209/1515 1211/1207/1514
f 1208/1204/1510 1205/1724/1505 1209/1208/1513
s 0
f 1203/240/1516 1202/240/1516 1201/240/1516
f 1210/1207/2309 1211/1207/2309 1212/1207/2309
s 1
f 1214/1/1518 1217/1212/1522 1216/1210/1519
f 1214/1/1518 1215/4/1523 1218/1211/1521
f 1215/4/1523 1213/8/1520 1216/1213/1519
f 1216/1210/1519 1217/1212/1522 1220/1214/1524
f 1218/1211/1521 1221/1216/1526 1220/1214/1524
f 1216/1213/1519 1219/1725/1525 1221/1216/1526
f 1223/242/1529 1227/1219/1533 1226/1218/1530
f 1224/240/1532 1228/1221/1535 1227/1219/1533
f 1224/240/1532 1225/247/1536 1229/1220/1534
f 1225/247/1536 1222/8/1531 1226/1222/1530
f 1226/1218/1530 1227/1219/1533 1231/1223/1537
f 1227/1219/1533 1228/1221/1535 1232/1225/1539
f 1229/1220/1534 1233/1226/1540 1232/1225/1539
f 1226/1222/1530 1230/1726/1538 1233/1226/1540
s 0
f 1225/240/2310 1224/240/2310 1223/240/2310
f 1230/1225/2311 1231/1225/2311 1232/1225/2311
s 1
f 1235/1/1543 1238/1229/1547 1237/1227/1544
f 1235/1/1543 1236/4/1548 1239/1228/1546
f 1234/8/1545 1237/1727/1544 1239/1228/1546
f 1237/1227/1544 1238/1229/1547 1241/1230/1549
f 1239/1228/1546 1242/1233/1551 1241/1230/1549
f 1239/1228/1546 1237/1727/1544 1240/1232/1550
f 1243/3/1554 1244/242/1558 1248/1235/1555
f 1245/240/1557 1249/1237/1560 1248/1235/1555
f 1246/247/1559 1250/1239/1561 1249/1237/1560
f 1246/247/1559 1243/8/1554 1247/1238/1556
f 1248/1235/1555 1252/1242/1564 1251/1240/1562
f 1248/1235/1555 1249/1237/1560 1253/1241/1563
f 1249/1237/1560 1250/1239/1561 1254/1243/1565
f 1247/1238/1556 1251/1728/1562 1254/1243/1565
s 0
f 1246/240/2312 1245/240/2312 1244/240/2312
f 1252/1241/1567 1253/1241/1567 1254/1241/1567
s 1
f 1256/1/1568 1259/1246/1572 1258/1244/1569
f 1256/1/1568 1257/4/1573 1260/1245/1571
f 1255/8/1570 1258/1729/1569 1260/1245/1571
f 1258/1244/1569 1259/1246/1572 1262/1247/1574
f 1260/1245/1571 1263/1250/1576 1262/1247/1574
f 1260/1245/1571 1258/1729/1569 1261/1249/1575
f 1265/242/1579 1269/1254/1583 1268/1252/1580
f 1265/242/1579 1266/240/1584 1270/1253/1582
f 1266/240/1584 1267/247/1586 1271/1255/1585
f 1264/8/1581 1268/1730/1580 1271/1255/1585
f 1268/1252/1580 1269/1254/1583 1273/1256/1587
f 1270/1253/1582 1274/1258/1589 1273/1256/1587
f 1271/1255/1585 1275/1260/1590 1274/1258/1589
f 1271/1255/1585 1268/1730/1580 1272/1259/1588
s 0
f 1267/240/1591 1266/240/1591 1265/240/1591
f 1273/1258/2313 1274/1258/2313 1275/1258/2313
s 1
f 1277/1/1593 1280/1262/1597 1279/1261/1594
f 1278/4/1596 1281/1264/1598 1280/1262/1597
f 1278/4/1596 1276/8/1595 1279/1263/1594
f 1279/1261/1594 1280/1262/1597 1283/1265/1599
f 1280/1262/1597 1281/1264/1598 1284/1267/1601
f 1279/1263/1594 1282/1731/1600 1284/1267/1601
s 0
f 1286/984/1604 1291/1271/1604 1290/1269/1604
f 1286/984/1605 1287/983/1605 1292/1270/1605
f 1288/985/1606 1293/1273/1606 1292/1270/1606
f 1288/985/1607 1289/989/1607 1294/1272/1607
f 1289/989/1608 1285/352/1608 1290/1274/1608
s 1
f 1291/1271/1609 1296/1277/1613 1295/1275/1610
f 1291/1271/1609 1292/1270/1615 1297/1276/1612
f 1293/1273/1614 1298/1279/1614 1297/1276/1612
f 1293/1273/1614 1294/1272/1617 1299/1278/1616
f 1294/1272/1617 1290/1274/1611 1295/1280/1610
s 0
f 1295/1275/1618 1296/1277/1618 1301/1281/1618
f 1297/1276/1619 1302/1284/1619 1301/1281/1619
f 1297/1276/1620 1298/1279/1620 1303/1283/1620
f 1299/1278/1621 1304/1286/1621 1303/1283/1621
f 1299/1278/1622 1295/1280/1622 1300/1285/1622
f 1301/1281/1623 1306/1289/1623 1305/1287/1623
f 1301/1281/1624 1302/1284/1624 1307/1288/1624
f 1303/1283/1625 1308/1291/1625 1307/1288/1625
f 1303/1283/1626 1304/1286/1626 1309/1290/1626
f 1300/1285/1627 1305/1297/1627 1309/1290/1627
s 1
f 1306/1289/1628 1311/1294/1632 1310/1292/1629
f 1306/1289/1628 1307/1288/1634 1312/1293/1631
f 1308/1291/1633 1313/1296/1636 1312/1293/1631
f 1308/1291/1633 1309/1290/1637 1314/1295/1635
f 1305/1297/1630 1310/1732/1629 1314/1295/1635
s 0
f 1310/1292/2314 1311/1294/2314 1316/1298/2314
f 1312/1293/2315 1317/1301/2315 1316/1298/2315
f 1312/1293/2316 1313/1296/2316 1318/1300/2316
f 1314/1295/2317 1319/1303/2317 1318/1300/2317
f 1314/1295/2318 1310/1732/2318 1315/1302/2318
f 1316/1298/1643 1321/1306/1643 1320/1304/1643
f 1316/1298/1644 1317/1301/1644 1322/1305/1644
f 1318/1300/1645 1323/1308/1645 1322/1305/1645
f 1318/1300/1646 1319/1303/1646 1324/1307/1646
f 1315/1302/1647 1320/1314/1647 1324/1307/1647
s 1
f 1321/1306/1648 1326/1311/1652 1325/1309/1649
f 1321/1306/1648 1322/1305/1654 1327/1310/1651
f 1323/1308/1653 1328/1313/1656 1327/1310/1651
f 1323/1308/1653 1324/1307/1657 1329/1312/1655
f 1320/1314/1650 1325/1733/1649 1329/1312/1655
s 0
f 1325/1309/2319 1326/1311/2319 1331/1315/2319
f 1327/1310/2320 1332/1318/2320 1331/1315/2320
f 1327/1310/1660 1328/1313/1660 1333/1317/1660
f 1329/1312/2321 1334/1320/2321 1333/1317/2321
f 1329/1312/2322 1325/1733/2322 1330/1319/2322
f 1331/1315/1663 1336/1323/1663 1335/1321/1663
f 1331/1315/1664 1332/1318/1664 1337/1322/1664
f 1333/1317/1665 1338/1325/1665 1337/1322/1665
f 1333/1317/1666 1334/1320/1666 1339/1324/1666
f 1330/1319/1667 1335/1330/1667 1339/1324/1667
s 1
f 1335/1321/1668 1336/1323/1671 1341/1326/1669
f 1336/1323/1671 1337/1322/1674 1342/1328/1672
f 1338/1325/1673 1343/1329/1676 1342/1328/1672
f 1339/1324/1675 1344/1331/1677 1343/1329/1676
f 1335/1330/1668 1340/1734/1670 1344/1331/1677
s 0
f 1340/1327/1678 1341/1326/1678 1346/1332/1678
f 1342/1328/1679 1347/1335/1679 1346/1332/1679
f 1342/1328/1680 1343/1329/1680 1348/1334/1680
f 1344/1331/1681 1349/1337/1681 1348/1334/1681
f 1344/1331/1682 1340/1734/1682 1345/1336/1682
f 1346/1332/1683 1351/1340/1683 1350/1338/1683
f 1346/1332/1684 1347/1335/1684 1352/1339/1684
f 1348/1334/1685 1353/1342/1685 1352/1339/1685
f 1348/1334/1686 1349/1337/1686 1354/1341/1686
f 1345/1336/1687 1350/1348/1687 1354/1341/1687
s 1
f 1351/1340/1688 1356/1345/1692 1355/1343/1689
f 1351/1340/1688 1352/1339/1694 1357/1344/1691
f 1353/1342/1693 1358/1347/1693 1357/1344/1691
f 1353/1342/1693 1354/1341/1695 1359/1346/1695
f 1350/1348/1690 1355/1735/1689 1359/1346/1695
s 0
f 1355/1343/2323 1356/1345/2323 1361/1349/2323
f 1357/1344/2324 1362/1352/2324 1361/1349/2324
f 1357/1344/1698 1358/1347/1698 1363/1351/1698
f 1359/1346/2325 1364/1354/2325 1363/1351/2325
f 1359/1346/2326 1355/1735/2326 1360/1353/2326
f 1361/1349/1701 1366/1357/1701 1365/1355/1701
f 1361/1349/1702 1362/1352/1702 1367/1356/1702
f 1363/1351/1703 1368/1359/1703 1367/1356/1703
f 1363/1351/1704 1364/1354/1704 1369/1358/1704
f 1360/1353/1705 1365/1364/1705 1369/1358/1705
s 1
f 1365/1355/1706 1366/1357/1708 1371/1360/1707
f 1366/1357/1708 1367/1356/1711 1372/1362/1709
f 1368/1359/1710 1373/1363/1713 1372/1362/1709
f 1369/1358/1712 1374/1365/1714 1373/1363/1713
f 1365/1364/1706 1370/1736/1706 1374/1365/1714
s 0
f 1370/1361/1715 1371/1360/1715 1376/1366/1715
f 1372/1362/2327 1377/1369/2327 1376/1366/2327
f 1372/1362/1717 1373/1363/1717 1378/1368/1717
f 1374/1365/1718 1379/1371/1718 1378/1368/1718
f 1374/1365/1719 1370/1736/1719 1375/1370/1719
f 1376/1366/2328 1381/1374/2328 1380/1372/2328
f 1376/1366/2329 1377/1369/2329 1382/1373/2329
f 1378/1368/2330 1383/1376/2330 1382/1373/2330
f 1378/1368/2331 1379/1371/2331 1384/1375/2331
f 1375/1370/2332 1380/1381/2332 1384/1375/2332
s 1
f 1380/1372/1725 1381/1374/1728 1386/1377/1726
f 1381/1374/1728 1382/1373/1731 1387/1379/1729
f 1383/1376/1730 1388/1380/1733 1387/1379/1729
f 1384/1375/1732 1389/1382/1734 1388/1380/1733
f 1380/1381/1725 1385/1737/1727 1389/1382/1734
s 0
f 1385/1378/1735 1386/1377/1735 1391/1383/1735
f 1387/1379/1736 1392/1386/1736 1391/1383/1736
f 1387/1379/1737 1388/1380/1737 1393/1385/1737
f 1389/1382/1738 1394/1388/1738 1393/1385/1738
f 1389/1382/1739 1385/1737/1739 1390/1387/1739
f 1391/1383/2333 1396/1391/2333 1395/1389/2333
f 1391/1383/1741 1392/1386/1741 1397/1390/1741
f 1393/1385/1742 1398/1393/1742 1397/1390/1742
f 1393/1385/1743 1394/1388/1743 1399/1392/1743
f 1390/1387/1744 1395/1738/1744 1399/1392/1744
s 1
f 1396/1391/1745 1401/1395/1749 1400/1394/1746
f 1397/1390/1748 1402/1396/1751 1401/1395/1749
f 1398/1393/1750 1403/1398/1753 1402/1396/1751
f 1398/1393/1750 1399/1392/1754 1404/1397/1752
f 1399/1392/1754 1395/1738/1747 1400/1399/1746
s 0
f 1400/1394/2334 1401/1395/2334 1406/1400/2334
f 1402/1396/1756 1407/1403/1756 1406/1400/1756
f 1402/1396/1757 1403/1398/1757 1408/1402/1757
f 1404/1397/1758 1409/1405/1758 1408/1402/1758
f 1404/1397/1759 1400/1399/1759 1405/1404/1759
f 1406/1400/2335 1411/1408/2335 1410/1406/2335
f 1406/1400/2336 1407/1403/2336 1412/1407/2336
f 1408/1402/2337 1413/1410/2337 1412/1407/2337
f 1408/1402/2338 1409/1405/2338 1414/1409/2338
f 1405/1404/2339 1410/1415/2339 1414/1409/2339
s 1
f 1410/1406/1765 1411/1408/1768 1416/1411/1766
f 1411/1408/1768 1412/1407/1771 1417/1413/1769
f 1413/1410/1770 1418/1414/1773 1417/1413/1769
f 1414/1409/1772 1419/1416/1774 1418/1414/1773
f 1410/1415/1765 1415/1739/1767 1419/1416/1774
s 0
f 1415/1412/1775 1416/1411/1775 1421/1417/1775
f 1417/1413/1776 1422/1420/1776 1421/1417/1776
f 1417/1413/1777 1418/1414/1777 1423/1419/1777
f 1419/1416/1778 1424/1422/1778 1423/1419/1778
f 1419/1416/1779 1415/1739/1779 1420/1421/1779
f 1421/1417/2340 1426/1425/2340 1425/1423/2340
f 1421/1417/2341 1422/1420/2341 1427/1424/2341
f 1423/1419/2342 1428/1427/2342 1427/1424/2342
f 1423/1419/2343 1424/1422/2343 1429/1426/2343
f 1420/1421/2344 1425/1432/2344 1429/1426/2344
s 1
f 1425/1423/1785 1426/1425/1788 1431/1428/1786
f 1426/1425/1788 1427/1424/1791 1432/1430/1789
f 1428/1427/1790 1433/1431/1793 1432/1430/1789
f 1429/1426/1792 1434/1433/1794 1433/1431/1793
f 1425/1432/1785 1430/1438/1787 1434/1433/1794
s 0
f 1430/1429/2345 1431/1428/2345 1436/1434/2345
f 1432/1430/2346 1437/1437/2346 1436/1434/2346
f 1432/1430/2347 1433/1431/2347 1438/1436/2347
f 1434/1433/2348 1439/1439/2348 1438/1436/2348
f 1430/1438/2349 1435/1445/2349 1439/1439/2349
f 1436/1434/1800 1441/1442/1800 1440/1440/1800
f 1436/1434/1801 1437/1437/1801 1442/1441/1801
f 1438/1436/1802 1443/1444/1802 1442/1441/1802
f 1438/1436/1803 1439/1439/1803 1444/1443/1803
f 1435/1445/1804 1440/1450/1804 1444/1443/1804
s 1
f 1440/1440/1805 1441/1442/1808 1446/1446/1806
f 1441/1442/1808 1442/1441/1811 1447/1448/1809
f 1443/1444/1810 1448/1449/1813 1447/1448/1809
f 1444/1443/1812 1449/1451/1814 1448/1449/1813
f 1440/1450/1805 1445/1740/1807 1449/1451/1814
s 0
f 1445/1447/2350 1446/1446/2350 1451/1452/2350
f 1447/1448/1816 1452/1455/1816 1451/1452/1816
f 1447/1448/2351 1448/1449/2351 1453/1454/2351
f 1449/1451/1818 1454/1457/1818 1453/1454/1818
f 1449/1451/1819 1445/1740/1819 1450/1456/1819
f 1451/1452/1820 1456/1460/1820 1455/1458/1820
f 1451/1452/1821 1452/1455/1821 1457/1459/1821
f 1453/1454/1822 1458/1462/1822 1457/1459/1822
f 1453/1454/1823 1454/1457/1823 1459/1461/1823
f 1450/1456/1824 1455/1467/1824 1459/1461/1824
s 1
f 1455/1458/1825 1456/1460/1828 1461/1463/1826
f 1456/1460/1828 1457/1459/1831 1462/1465/1829
f 1458/1462/1830 1463/1466/1833 1462/1465/1829
f 1459/1461/1832 1464/1468/1834 1463/1466/1833
f 1455/1467/1825 1460/1741/1827 1464/1468/1834
s 0
f 1460/1464/1835 1461/1463/1835 1466/1469/1835
f 1462/1465/1836 1467/1472/1836 1466/1469/1836
f 1462/1465/1837 1463/1466/1837 1468/1471/1837
f 1464/1468/1838 1469/1474/1838 1468/1471/1838
f 1464/1468/1839 1460/1741/1839 1465/1473/1839
f 1466/1469/1840 1471/1477/1840 1470/1475/1840
f 1466/1469/1841 1467/1472/1841 1472/1476/1841
f 1468/1471/1842 1473/1479/1842 1472/1476/1842
f 1468/1471/1843 1469/1474/1843 1474/1478/1843
f 1465/1473/2352 1470/1484/2352 1474/1478/2352
s 1
f 1470/1475/1845 1471/1477/1848 1476/1480/1846
f 1471/1477/1848 1472/1476/1851 1477/1482/1849
f 1473/1479/1850 1478/1483/1853 1477/1482/1849
f 1474/1478/1852 1479/1485/1854 1478/1483/1853
f 1470/1484/1845 1475/1742/1847 1479/1485/1854
s 0
f 1475/1481/1855 1476/1480/1855 1481/1486/1855
f 1477/1482/1856 1482/1489/1856 1481/1486/1856
f 1477/1482/1857 1478/1483/1857 1483/1488/1857
f 1479/1485/1858 1484/1491/1858 1483/1488/1858
f 1479/1485/1859 1475/1742/1859 1480/1490/1859
f 1481/1486/1860 1486/1494/1860 1485/1492/1860
f 1481/1486/1861 1482/1489/1861 1487/1493/1861
f 1483/1488/1862 1488/1496/1862 1487/1493/1862
f 1483/1488/1863 1484/1491/1863 1489/1495/1863
f 1480/1490/2353 1485/1743/2353 1489/1495/2353
s 1
f 1486/1494/1865 1491/1498/1869 1490/1497/1866
f 1487/1493/1868 1492/1500/1871 1491/1498/1869
f 1487/1493/1868 1488/1496/1872 1493/1499/1870
f 1488/1496/1872 1489/1495/1874 1494/1501/1873
f 1489/1495/1874 1485/1743/1867 1490/1502/1866
s 0
f 1285/240/1875 1289/240/1875 1288/240/1875
f 1287/240/1875 1286/240/1875 1285/240/1875
f 1494/1503/2354 1490/1503/2354 1493/1503/2354
f 1490/1503/2354 1491/1503/2354 1492/1503/2354
s 1
f 1495/3/1877 1496/242/1881 1500/1504/1878
f 1497/240/1880 1501/1506/1883 1500/1504/1878
f 1498/247/1882 1502/1508/1884 1501/1506/1883
f 1498/247/1882 1495/8/1877 1499/1507/1879
f 1500/1504/1878 1504/1511/1887 1503/1509/1885
f 1500/1504/1878 1501/1506/1883 1505/1510/1886
f 1501/1506/1883 1502/1508/1884 1506/1512/1888
f 1499/1507/1879 1503/1744/1885 1506/1512/1888
s 0
f 1498/240/1889 1497/240/1889 1496/240/1889
f 1504/1510/1890 1505/1510/1890 1506/1510/1890
s 1
f 1507/3/1891 1508/1/1895 1511/1513/1892
f 1509/4/1894 1512/1516/1896 1511/1513/1892
f 1509/4/1894 1507/8/1891 1510/1515/1893
f 1511/1513/1892 1514/1519/1899 1513/1517/1897
f 1511/1513/1892 1512/1516/1896 1515/1518/1898
f 1510/1515/1893 1513/1745/1897 1515/1518/1898
f 1517/242/1902 1521/1523/1906 1520/1521/1903
f 1517/242/1902 1518/240/1907 1522/1522/1905
f 1518/240/1907 1519/247/1909 1523/1524/1908
f 1516/8/1904 1520/1746/1903 1523/1524/1908
f 1520/1521/1903 1521/1523/1906 1525/1525/1910
f 1522/1522/1905 1526/1527/1912 1525/1525/1910
f 1523/1524/1908 1527/1529/1913 1526/1527/1912
f 1523/1524/1908 1520/1746/1903 1524/1528/1911
s 0
f 1518/240/1914 1517/240/1914 1516/240/1914
f 1524/1527/1915 1525/1527/1915 1526/1527/1915
s 1
f 1528/3/1916 1529/1/1920 1532/1530/1917
f 1530/4/1919 1533/1533/1921 1532/1530/1917
f 1530/4/1919 1528/8/1916 1531/1532/1918
f 1532/1530/1917 1535/1536/1924 1534/1534/1922
f 1532/1530/1917 1533/1533/1921 1536/1535/1923
f 1531/1532/1918 1534/1747/1922 1536/1535/1923
f 1538/242/1927 1542/1540/1931 1541/1538/1928
f 1538/242/1927 1539/240/1932 1543/1539/1930
f 1539/240/1932 1540/247/1934 1544/1541/1933
f 1537/8/1929 1541/1748/1928 1544/1541/1933
f 1541/1538/1928 1542/1540/1931 1546/1542/1935
f 1543/1539/1930 1547/1544/1937 1546/1542/1935
f 1544/1541/1933 1548/1546/1938 1547/1544/1937
f 1544/1541/1933 1541/1748/1928 1545/1545/1936
s 0
f 1539/240/1939 1538/240/1939 1537/240/1939
f 1545/1544/2355 1546/1544/2355 1547/1544/2355
s 1
f 1549/3/1941 1550/1/1944 1553/1547/1942
f 1550/1/1944 1551/4/1946 1554/1549/1945
f 1549/8/1941 1552/1749/1943 1554/1549/1945
f 1553/1547/1942 1556/1551/1948 1555/1550/1947
f 1554/1549/1945 1557/1553/1949 1556/1551/1948
f 1554/1549/1945 1552/1749/1943 1555/1552/1947
f 1558/3/1952 1559/242/1956 1563/1555/1953
f 1560/240/1955 1564/1557/1958 1563/1555/1953
f 1561/247/1957 1565/1559/1959 1564/1557/1958
f 1561/247/1957 1558/8/1952 1562/1558/1954
f 1563/1555/1953 1567/1562/1962 1566/1560/1960
f 1563/1555/1953 1564/1557/1958 1568/1561/1961
f 1564/1557/1958 1565/1559/1959 1569/1563/1963
f 1562/1558/1954 1566/1750/1960 1569/1563/1963
s 0
f 1560/240/2356 1559/240/2356 1558/240/2356
f 1567/1561/2357 1568/1561/2357 1569/1561/2357
s 1
f 1571/1/1966 1574/1566/1970 1573/1564/1967
f 1571/1/1966 1572/4/1971 1575/1565/1969
f 1570/8/1968 1573/1751/1967 1575/1565/1969
f 1573/1564/1967 1574/1566/1970 1577/1567/1972
f 1575/1565/1969 1578/1570/1974 1577/1567/1972
f 1575/1565/1969 1573/1751/1967 1576/1569/1973
f 1579/3/1977 1580/242/1981 1584/1572/1978
f 1581/240/1980 1585/1574/1983 1584/1572/1978
f 1582/247/1982 1586/1576/1984 1585/1574/1983
f 1582/247/1982 1579/8/1977 1583/1575/1979
f 1584/1572/1978 1588/1579/1987 1587/1577/1985
f 1584/1572/1978 1585/1574/1983 1589/1578/1986
f 1585/1574/1983 1586/1576/1984 1590/1580/1988
f 1583/1575/1979 1587/1752/1985 1590/1580/1988
s 0
f 1581/240/2358 1580/240/2358 1579/240/2358
f 1587/1578/1990 1588/1578/1990 1589/1578/1990
s 1
f 1592/1/1991 1595/1583/1995 1594/1581/1992
f 1592/1/1991 1593/4/1996 1596/1582/1994
f 1593/4/1996 1591/8/1993 1594/1584/1992
f 1594/1581/1992 1595/1583/1995 1598/1585/1997
f 1596/1582/1994 1599/1587/1999 1598/1585/1997
f 1594/1584/1992 1597/1753/1998 1599/1587/1999
f 1601/242/2002 1605/1591/2006 1604/1589/2003
f 1601/242/2002 1602/240/2007 1606/1590/2005
f 1602/240/2007 1603/247/2009 1607/1592/2008
f 1600/8/2004 1604/1754/2003 1607/1592/2008
f 1604/1589/2003 1605/1591/2006 1609/1593/2010
f 1606/1590/2005 1610/1595/2012 1609/1593/2010
f 1607/1592/2008 1611/1597/2013 1610/1595/2012
f 1607/1592/2008 1604/1754/2003 1608/1596/2011
s 0
f 1602/240/2014 1601/240/2014 1600/240/2014
f 1609/1595/2015 1610/1595/2015 1611/1595/2015
s 1
f 1612/3/2016 1613/1/2020 1616/1598/2017
f 1614/4/2019 1617/1601/2021 1616/1598/2017
f 1614/4/2019 1612/8/2016 1615/1600/2018
f 1616/1598/2017 1619/1604/2024 1618/1602/2022
f 1616/1598/2017 1617/1601/2021 1620/1603/2023
f 1615/1600/2018 1618/1755/2022 1620/1603/2023
f 1622/242/2027 1626/1608/2031 1625/1606/2028
f 1622/242/2027 1623/240/2032 1627/1607/2030
f 1623/240/2032 1624/247/2034 1628/1609/2033
f 1621/8/2029 1625/1756/2028 1628/1609/2033
f 1625/1606/2028 1626/1608/2031 1630/1610/2035
f 1627/1607/2030 1631/1612/2037 1630/1610/2035
f 1628/1609/2033 1632/1614/2038 1631/1612/2037
f 1628/1609/2033 1625/1756/2028 1629/1613/2036
s 0
f 1623/240/2359 1622/240/2359 1621/240/2359
f 1629/1612/2360 1630/1612/2360 1631/1612/2360
s 1
f 1634/1/2041 1637/1616/2045 1636/1615/2042
f 1635/4/2044 1638/1618/2046 1637/1616/2045
f 1635/4/2044 1633/8/2043 1636/1617/2042
f 1636/1615/2042 1637/1616/2045 1640/1619/2047
f 1637/1616/2045 1638/1618/2046 1641/1621/2049
f 1636/1617/2042 1639/1757/2048 1641/1621/2049
f 1642/3/2052 1643/242/2056 1647/1623/2053
f 1644/240/2055 1648/1625/2058 1647/1623/2053
f 1645/247/2057 1649/1627/2059 1648/1625/2058
f 1645/247/2057 1642/8/2052 1646/1626/2054
f 1647/1623/2053 1651/1630/2062 1650/1628/2060
f 1647/1623/2053 1648/1625/2058 1652/1629/2061
f 1648/1625/2058 1649/1627/2059 1653/1631/2063
f 1646/1626/2054 1650/1758/2060 1653/1631/2063
s 0
f 1644/240/2361 1643/240/2361 1642/240/2361
f 1651/1629/2065 1652/1629/2065 1653/1629/2065
s 1
f 1655/1/2066 1658/1634/2070 1657/1632/2067
f 1655/1/2066 1656/4/2071 1659/1633/2069
f 1654/8/2068 1657/1759/2067 1659/1633/2069
f 1657/1632/2067 1658/1634/2070 1661/1635/2072
f 1659/1633/2069 1662/1638/2074 1661/1635/2072
f 1659/1633/2069 1657/1759/2067 1660/1637/2073
o bamboo_h_leaves
usemtl bamboo_h_leaves
v 0.189243 2.213839 0.307788
v 0.231937 2.184058 0.369649
v 0.190821 2.186445 0.383838
v 0.253227 2.040359 0.522384
v 0.179796 2.219187 0.283103
v 0.202143 2.179519 0.336081
v 0.152004 2.198946 0.343911
v 0.145760 2.062907 0.452916
v 0.176689 2.221793 0.294149
v 0.186032 2.232706 0.366165
v 0.150185 2.206664 0.360943
v 0.181983 2.165991 0.536075
v 0.177667 2.219408 0.283808
v 0.177958 2.185820 0.342796
v 0.125799 2.212644 0.327071
v 0.075648 2.110523 0.436464
v 0.161904 2.217243 0.302533
v 0.146087 2.188918 0.363365
v 0.099464 2.214053 0.331584
v 0.014450 2.106067 0.430928
v 0.102473 2.235969 -0.101547
v 0.037906 2.245807 -0.113138
v 0.072432 2.230912 -0.160470
v -0.073725 2.185597 -0.214220
v 0.107739 2.236193 -0.102405
v 0.042348 2.259691 -0.133112
v 0.077906 2.234309 -0.172243
v -0.068356 2.239656 -0.264661
v 0.113189 2.230217 -0.102388
v 0.066989 2.213380 -0.141785
v 0.105498 2.236556 -0.164603
v 0.035052 2.187424 -0.277720
v 0.114146 2.235013 -0.114122
v 0.070371 2.248695 -0.170862
v 0.112678 2.229775 -0.186877
v 0.023270 2.214620 -0.330097
v 0.117545 2.233232 -0.117364
v 0.089287 2.211113 -0.185028
v 0.135119 2.248250 -0.190384
v 0.145655 2.162899 -0.364507
v 0.504722 2.643901 0.059089
v 0.548673 2.614542 0.022445
v 0.552620 2.602735 0.071237
v 0.639123 2.499032 0.013160
v 0.520509 2.634515 0.057095
v 0.560663 2.584575 0.039975
v 0.583403 2.616580 0.068149
v 0.685228 2.504074 0.072327
v 0.508270 2.641748 0.059758
v 0.581757 2.611458 0.038597
v 0.556078 2.579034 0.083146
v 0.687128 2.438120 0.014653
v 0.508101 2.640589 0.059541
v 0.567540 2.601025 0.040986
v 0.541797 2.576154 0.072008
v 0.636948 2.434756 0.001444
v 0.504885 2.643959 0.059454
v 0.559345 2.607400 0.059584
v 0.552808 2.623124 0.099098
v 0.653985 2.506486 0.138822
v 0.519487 2.635717 0.066675
v 0.582308 2.603580 0.066963
v 0.555998 2.595367 0.111598
v 0.667791 2.467448 0.123127
v 0.172888 2.706073 0.150251
v 0.185448 2.679687 0.219006
v 0.127274 2.676820 0.201679
v 0.125789 2.549800 0.334239
v 0.171816 2.707900 0.139105
v 0.158731 2.676931 0.198621
v 0.114880 2.687446 0.170924
v 0.055974 2.592448 0.278675
v 0.173247 2.709873 0.134116
v 0.130160 2.666704 0.188434
v 0.099171 2.686436 0.159295
v -0.026987 2.531396 0.226204
v 0.161032 2.703616 0.139699
v 0.125137 2.662340 0.179424
v 0.095970 2.687859 0.149126
v -0.007114 2.579328 0.196887
v 0.165487 2.709694 0.133953
v 0.108264 2.694987 0.176327
v 0.095861 2.688767 0.133271
v -0.037355 2.608564 0.206998
v 0.564513 3.174022 -0.211434
v 0.566791 3.121679 -0.259658
v 0.609103 3.145953 -0.259334
v 0.665751 2.999228 -0.336885
v 0.570090 3.169720 -0.219529
v 0.578201 3.128973 -0.286299
v 0.627043 3.134402 -0.260679
v 0.672974 3.003857 -0.380519
v 0.578305 3.180213 -0.225926
v 0.596991 3.201926 -0.279632
v 0.625185 3.168619 -0.262977
v 0.670624 3.173266 -0.396101
v 0.569378 3.177313 -0.213368
v 0.607148 3.183928 -0.289277
v 0.642262 3.161443 -0.254215
v 0.734347 3.080422 -0.440722
v 0.577156 3.175191 -0.215573
v 0.618088 3.160663 -0.270815
v 0.645904 3.162157 -0.222053
v 0.756685 3.071409 -0.314806
v 0.493228 3.168478 -0.124135
v 0.478627 3.155669 -0.204343
v 0.526587 3.125664 -0.186301
v 0.493766 3.030951 -0.354292
v 0.501887 3.164140 -0.146236
v 0.501425 3.160909 -0.206894
v 0.533832 3.137628 -0.190584
v 0.538169 3.091610 -0.321852
v 0.498925 3.168252 -0.122989
v 0.526715 3.152331 -0.181401
v 0.558753 3.141891 -0.135773
v 0.630216 3.050681 -0.242077
v 0.500495 3.169129 -0.121728
v 0.555395 3.133621 -0.170416
v 0.581872 3.165972 -0.125352
v 0.737515 3.041028 -0.169024
v 0.377839 3.758827 -0.181519
v 0.318824 3.776053 -0.183913
v 0.327247 3.745513 -0.213898
v 0.172952 3.724254 -0.203858
v 0.375862 3.762052 -0.183773
v 0.319127 3.815325 -0.198395
v 0.326804 3.788217 -0.240160
v 0.140681 3.851980 -0.285377
v 0.376845 3.761438 -0.185312
v 0.321030 3.796033 -0.226622
v 0.369870 3.786654 -0.258347
v 0.255462 3.824373 -0.390782
v 0.371082 3.762552 -0.194114
v 0.319670 3.781225 -0.232171
v 0.349160 3.758753 -0.256925
v 0.213744 3.734844 -0.356401
v 0.377018 3.767092 -0.206358
v 0.343660 3.797999 -0.257265
v 0.387257 3.760224 -0.273497
v 0.293301 3.760123 -0.415000
v 0.416562 3.695458 -0.110628
v 0.361549 3.735044 -0.098515
v 0.359669 3.712701 -0.145357
v 0.196163 3.749076 -0.127359
v 0.422544 3.693867 -0.112362
v 0.362097 3.753346 -0.120150
v 0.358973 3.720987 -0.162116
v 0.151290 3.795997 -0.170919
v 0.424600 3.692761 -0.119678
v 0.383181 3.701505 -0.171961
v 0.420060 3.730768 -0.174998
v 0.370646 3.739006 -0.329220
v 0.435075 3.700534 -0.134225
v 0.416721 3.727750 -0.184930
v 0.462382 3.716606 -0.185650
v 0.441645 3.739699 -0.323635
v 0.696297 3.478597 -0.076210
v 0.724984 3.409270 -0.113691
v 0.767365 3.444443 -0.104793
v 0.883816 3.263346 -0.118467
v 0.697856 3.463474 -0.077568
v 0.707989 3.418447 -0.122929
v 0.723528 3.404301 -0.072350
v 0.725523 3.272990 -0.139342
v 0.706432 3.467848 -0.084017
v 0.728183 3.403582 -0.125554
v 0.771056 3.424148 -0.099594
v 0.841928 3.229356 -0.118850
v 0.707356 3.472694 -0.077648
v 0.750257 3.420051 -0.127977
v 0.777920 3.426368 -0.082054
v 0.877483 3.270791 -0.152357
v 0.693190 3.476695 -0.068173
v 0.717298 3.410660 -0.094494
v 0.724588 3.411251 -0.049045
v 0.733943 3.226790 -0.071459
v 0.692949 3.482117 -0.068398
v 0.717977 3.428192 -0.088161
v 0.746191 3.452123 -0.054593
v 0.807486 3.319379 -0.048650
v 0.712516 3.470194 -0.067775
v 0.765506 3.416832 -0.090865
v 0.775802 3.430458 -0.043188
v 0.885931 3.285002 -0.052298
v 0.715632 4.294923 0.311982
v 0.780478 4.332738 0.351161
v 0.730054 4.358107 0.366478
v 0.846389 4.422804 0.530640
v 0.700879 4.274080 0.298928
v 0.743507 4.301881 0.344336
v 0.696684 4.295497 0.363547
v 0.775771 4.322543 0.497564
v 0.707154 4.294106 0.319510
v 0.742792 4.335705 0.350966
v 0.708739 4.318501 0.377755
v 0.809476 4.364193 0.494593
v 0.700138 4.282388 0.314996
v 0.728549 4.322401 0.380479
v 0.681031 4.295642 0.393453
v 0.755605 4.314807 0.585008
v 0.698830 4.275311 0.302113
v 0.694018 4.280115 0.362753
v 0.658908 4.301055 0.340413
v 0.597119 4.287643 0.473527
v 0.679448 4.129011 0.167407
v 0.738291 4.151763 0.214967
v 0.708913 4.119917 0.240148
v 0.881769 4.088824 0.352626
v 0.678046 4.130772 0.167920
v 0.712925 4.171177 0.208999
v 0.687389 4.137094 0.234323
v 0.782447 4.186428 0.348100
v 0.675398 4.130557 0.164573
v 0.694349 4.174664 0.213042
v 0.647492 4.164780 0.216571
v 0.667240 4.237123 0.354714
v 0.661895 4.136480 0.186395
v 0.640438 4.143766 0.259340
v 0.610236 4.164066 0.235434
v 0.519840 4.164326 0.389508
v 0.717309 3.918765 -0.297665
v 0.684909 3.894772 -0.354207
v 0.732423 3.895319 -0.361260
v 0.691366 3.773964 -0.483665
v 0.720268 3.923232 -0.277694
v 0.686783 3.909834 -0.337644
v 0.745813 3.899451 -0.338330
v 0.698629 3.812865 -0.469410
v 0.722205 3.921217 -0.288495
v 0.708102 3.894683 -0.354992
v 0.761405 3.904591 -0.347755
v 0.773953 3.786075 -0.484613
v 0.723083 3.921163 -0.284823
v 0.719943 3.891745 -0.353957
v 0.773894 3.903862 -0.337490
v 0.807116 3.806328 -0.475634
v 0.725447 3.918964 -0.284913
v 0.747992 3.862763 -0.346293
v 0.790343 3.885029 -0.330424
v 0.888513 3.699424 -0.412067
v 0.720408 3.923280 -0.277436
v 0.738785 3.914122 -0.347598
v 0.771288 3.899355 -0.324160
v 0.820022 3.828781 -0.475115
v 1.050466 4.124631 0.128549
v 1.103006 4.101255 0.101479
v 1.095238 4.090546 0.158101
v 1.191791 3.974155 0.119479
v 1.056962 4.114439 0.130801
v 1.090015 4.038986 0.128630
v 1.113548 4.069791 0.170740
v 1.161634 3.882754 0.241797
v 1.064176 4.117107 0.136013
v 1.148129 4.098110 0.144719
v 1.115928 4.059278 0.174253
v 1.291116 3.963086 0.180939
v 1.052365 4.123942 0.134462
v 1.110110 4.079184 0.170201
v 1.089651 4.112199 0.205785
v 1.169937 3.979715 0.335875
v 1.059839 4.108258 0.138688
v 1.111821 4.063374 0.143545
v 1.072738 4.049581 0.172316
v 1.148815 3.894753 0.157199
v 1.052069 4.119222 0.135752
v 1.110774 4.089365 0.166969
v 1.065596 4.061517 0.178171
v 1.179944 3.949135 0.228642
v 1.052909 4.115769 0.144222
v 1.083081 4.065530 0.173997
v 1.051503 4.089958 0.204660
v 1.056749 3.944589 0.284552
v 0.950227 4.163907 0.053255
v 1.025771 4.147281 0.034611
v 1.020063 4.136554 0.079820
v 1.184076 4.044604 0.054474
v 0.965519 4.148068 0.059931
v 1.015964 4.098758 0.050131
v 1.008268 4.108727 0.101125
v 1.081066 3.944154 0.117231
v 0.939108 4.166049 0.052488
v 0.976914 4.100616 0.066894
v 0.970905 4.125055 0.109292
v 0.998004 3.947158 0.187006
v 0.954131 4.150805 0.070179
v 0.997219 4.108859 0.087001
v 0.964610 4.115935 0.120907
v 1.015773 3.976101 0.165924
v 0.947874 4.156443 0.065992
v 0.978212 4.103130 0.089478
v 0.959196 4.140454 0.128685
v 0.972957 4.010662 0.216938
v 0.941499 4.143178 0.076756
v 0.979149 4.100418 0.130460
v 0.925583 4.075216 0.112223
v 1.014475 3.913882 0.179274
v 0.576600 4.369127 0.033151
v 0.543937 4.363937 0.105960
v 0.502478 4.375053 0.062574
v 0.389463 4.324868 0.200638
v 0.572896 4.381886 0.033283
v 0.553872 4.430355 0.083945
v 0.508055 4.408090 0.052950
v 0.424775 4.472788 0.186937
v 0.576528 4.376064 0.028334
v 0.542599 4.431821 0.078782
v 0.500643 4.397038 0.052963
v 0.389255 4.457196 0.223354
v 0.570677 4.377679 0.026700
v 0.512314 4.404556 0.060689
v 0.506945 4.410956 0.015988
v 0.341900 4.438571 0.062896
v 0.554864 4.369181 0.027829
v 0.484832 4.377315 0.069307
v 0.476367 4.348193 0.018412
v 0.309586 4.282598 0.118170
v 0.565410 4.377979 0.023927
v 0.485058 4.397189 0.050665
v 0.492774 4.416019 -0.004661
v 0.287770 4.427701 0.002130
v 1.194379 4.292299 -0.493421
v 1.181073 4.263566 -0.562097
v 1.226443 4.261374 -0.554532
v 1.218546 4.114317 -0.689937
v 1.200916 4.288655 -0.494188
v 1.216389 4.259906 -0.572366
v 1.244717 4.237936 -0.546022
v 1.255134 4.100926 -0.709049
v 1.204144 4.286223 -0.500231
v 1.206247 4.259800 -0.565854
v 1.251089 4.246205 -0.534925
v 1.258162 4.113830 -0.654326
v 1.207031 4.285804 -0.492258
v 1.236952 4.241726 -0.548565
v 1.269791 4.248862 -0.518814
v 1.350796 4.105302 -0.607644
v 1.192392 4.296242 -0.478405
v 1.252191 4.247720 -0.520277
v 1.279419 4.293048 -0.488392
v 1.449642 4.166113 -0.513087
v 1.075965 4.340769 -0.340758
v 1.067479 4.307617 -0.417245
v 1.113516 4.308908 -0.408553
v 1.122710 4.182477 -0.564820
v 1.079955 4.326765 -0.329631
v 1.070370 4.275610 -0.372712
v 1.123636 4.278461 -0.347612
v 1.124975 4.134908 -0.403380
v 1.072080 4.349112 -0.313762
v 1.097677 4.298007 -0.359277
v 1.132722 4.323503 -0.345466
v 1.233741 4.169495 -0.392404
v 1.082560 4.338458 -0.317001
v 1.113611 4.304960 -0.359118
v 1.115577 4.286041 -0.312264
v 1.147521 4.158334 -0.392457
v 0.995857 4.539447 -0.108850
v 0.993343 4.589378 -0.156764
v 1.043486 4.559327 -0.155017
v 1.058157 4.632652 -0.293773
v 0.998252 4.548375 -0.117952
v 0.995144 4.581677 -0.188666
v 1.040452 4.602007 -0.156189
v 1.100110 4.654930 -0.326749
v 1.005463 4.560895 -0.123316
v 1.019483 4.611585 -0.183476
v 1.055363 4.612574 -0.158308
v 1.148241 4.681195 -0.331594
v 1.007521 4.566172 -0.110637
v 1.046389 4.614447 -0.136305
v 1.029019 4.626011 -0.089255
v 1.144494 4.731794 -0.100775
v 1.003868 4.557934 -0.111149
v 1.029805 4.622425 -0.143542
v 1.047692 4.620433 -0.103770
v 1.158700 4.750000 -0.171164
v 1.014084 4.552622 -0.103333
v 1.079838 4.579168 -0.111229
v 1.058690 4.589584 -0.061683
v 1.222716 4.617811 -0.027986
v 1.008427 4.558182 -0.100867
v 1.060853 4.609221 -0.098242
v 1.046930 4.602420 -0.057040
v 1.219930 4.671782 -0.010646
v 1.011676 4.553056 -0.091249
v 1.077558 4.574227 -0.040725
v 1.038101 4.598839 -0.023818
v 1.154945 4.610197 0.159927
v 0.039052 2.261861 0.483030
v 0.041255 2.271287 0.568371
v -0.003135 2.254196 0.557450
v -0.000986 2.180927 0.772423
v 0.042254 2.257281 0.466511
v 0.012170 2.215168 0.532591
v -0.032336 2.245640 0.503197
v -0.156217 2.093362 0.597095
v 0.021866 2.248822 0.482351
v -0.020448 2.210414 0.538509
v -0.049639 2.228001 0.511895
v -0.171365 2.103994 0.598591
v 0.026173 2.262902 0.474278
v -0.029495 2.249497 0.521157
v -0.041576 2.290935 0.484302
v -0.211587 2.245190 0.532301
v 0.043590 2.257443 0.463873
v -0.000990 2.237863 0.526547
v -0.017789 2.208341 0.474845
v -0.100802 2.095544 0.603233
v 0.029343 2.250510 0.470536
v -0.019041 2.191842 0.506670
v -0.052901 2.235196 0.480027
v -0.195610 2.088202 0.492316
v 0.123721 2.226857 0.412548
v 0.135344 2.199563 0.493241
v 0.093285 2.176289 0.475061
v 0.138842 2.026212 0.634432
v 0.120777 2.230675 0.400977
v 0.104227 2.210346 0.465728
v 0.073360 2.195692 0.438497
v 0.033543 2.102303 0.568938
v 0.108579 2.238226 0.403137
v 0.073867 2.234209 0.461985
v 0.041262 2.244950 0.413503
v -0.066906 2.213152 0.515597
v 0.101341 2.241253 0.402666
v 0.046013 2.259995 0.457016
v 0.024921 2.234551 0.424608
v -0.111314 2.214579 0.562011
v 0.124723 2.235274 0.389273
v 0.049009 2.198489 0.405431
v 0.040645 2.238010 0.372836
v -0.140064 2.141433 0.343437
v 0.315388 2.191919 0.117667
v 0.272545 2.143111 0.064666
v 0.333623 2.139084 0.055194
v 0.276490 1.947014 -0.029043
v 0.321017 2.206108 0.124442
v 0.319851 2.183214 0.042322
v 0.354874 2.219219 0.047299
v 0.437123 2.129539 -0.138650
v 0.333458 2.206182 0.111349
v 0.338322 2.215814 0.030889
v 0.380823 2.180644 0.050566
v 0.376298 2.113039 -0.147667
v 0.321253 2.203390 0.136313
v 0.332069 2.179510 0.067199
v 0.356815 2.154295 0.094016
v 0.373109 2.058393 -0.047873
v 0.327459 2.205492 0.127534
v 0.356320 2.183023 0.061418
v 0.384687 2.219609 0.080260
v 0.501354 2.158117 -0.042277
v 0.328003 2.204424 0.131809
v 0.371263 2.211413 0.060719
v 0.391868 2.174578 0.087036
v 0.478244 2.131703 -0.087603
v 0.331175 2.200687 0.130042
v 0.370924 2.182360 0.061560
v 0.391661 2.155869 0.099408
v 0.457915 2.035830 -0.054787
v 0.498976 2.791289 0.577359
v 0.566212 2.789283 0.600873
v 0.531578 2.810091 0.637867
v 0.661996 2.786548 0.732647
v 0.509513 2.792112 0.582345
v 0.593358 2.794003 0.601458
v 0.562916 2.789142 0.649711
v 0.753039 2.706123 0.727319
v 0.501623 2.789546 0.582795
v 0.574192 2.803516 0.621953
v 0.551268 2.773934 0.648266
v 0.736622 2.739338 0.731084
v 0.498143 2.787212 0.588771
v 0.555625 2.801575 0.637963
v 0.520892 2.759126 0.656771
v 0.664708 2.728753 0.764432
v 0.489556 2.788441 0.581625
v 0.535455 2.796524 0.652879
v 0.502976 2.767069 0.662941
v 0.646605 2.697894 0.823487
v 0.488380 2.788996 0.574893
v 0.520392 2.774644 0.633101
v 0.484749 2.805879 0.640625
v 0.495105 2.741628 0.803396
v 0.434283 2.752446 0.477648
v 0.503095 2.747022 0.490792
v 0.474844 2.767719 0.532955
v 0.614974 2.717168 0.616036
v 0.422721 2.747885 0.475647
v 0.489034 2.755689 0.503680
v 0.459190 2.729490 0.535445
v 0.616950 2.678951 0.601273
v 0.424737 2.749192 0.480520
v 0.485178 2.763537 0.512733
v 0.456894 2.731096 0.539976
v 0.615936 2.690585 0.609233
v 0.416226 2.748429 0.483996
v 0.439815 2.727756 0.538090
v 0.406879 2.767405 0.542839
v 0.408909 2.718830 0.680379
v 0.412215 2.746719 0.481548
v 0.425808 2.727189 0.536339
v 0.391631 2.752980 0.537273
v 0.378244 2.695074 0.664508
v 0.173594 2.757410 0.245315
v 0.117291 2.788865 0.275193
v 0.104679 2.756782 0.227921
v -0.046130 2.773463 0.293040
v 0.151385 2.759399 0.240203
v 0.077972 2.752292 0.247131
v 0.088402 2.766722 0.201894
v -0.079571 2.703030 0.168969
v 0.159507 2.765641 0.230682
v 0.102719 2.795796 0.217670
v 0.122672 2.771388 0.176703
v -0.020594 2.792309 0.127074
v 0.163224 2.761898 0.227404
v 0.095239 2.774061 0.190946
v 0.141716 2.773088 0.153166
v 0.006989 2.760089 0.035251
v 0.174754 2.757110 0.240818
v 0.128169 2.751935 0.195839
v 0.162064 2.773897 0.179359
v 0.092707 2.735135 0.042782
v 0.670654 3.251193 0.211375
v 0.712178 3.252330 0.139856
v 0.729912 3.288329 0.167216
v 0.890444 3.274569 0.038160
v 0.669143 3.242235 0.216476
v 0.690588 3.242113 0.148336
v 0.730273 3.227778 0.182459
v 0.799342 3.186308 0.041563
v 0.667893 3.243701 0.220686
v 0.694357 3.245479 0.158306
v 0.730640 3.236315 0.196130
v 0.813295 3.196125 0.069680
v 0.674663 3.250872 0.224536
v 0.727250 3.260952 0.181550
v 0.738051 3.276812 0.229426
v 0.889280 3.269925 0.169807
v 0.683482 3.248044 0.224698
v 0.739230 3.274037 0.189385
v 0.753148 3.236782 0.217604
v 0.888897 3.241768 0.115100
v 0.675437 3.240987 0.229010
v 0.736998 3.245538 0.199952
v 0.737465 3.212963 0.233712
v 0.874080 3.168339 0.156167
v 0.681815 3.246262 0.232662
v 0.749728 3.253644 0.211320
v 0.749624 3.235754 0.253003
v 0.918690 3.172751 0.201706
v 0.560509 3.199558 0.263993
v 0.570195 3.180801 0.201737
v 0.612436 3.216280 0.227314
v 0.678770 3.172191 0.106641
v 0.550981 3.200629 0.284397
v 0.585836 3.213128 0.216375
v 0.618244 3.213853 0.248358
v 0.741412 3.166086 0.092214
v 0.569464 3.214142 0.275672
v 0.600254 3.263918 0.230945
v 0.638201 3.226934 0.252481
v 0.732002 3.296829 0.131278
v 0.547956 3.198991 0.288624
v 0.597646 3.224359 0.239480
v 0.621485 3.209034 0.293146
v 0.771622 3.199839 0.189512
v 0.560672 3.199734 0.285923
v 0.632127 3.184301 0.257738
v 0.637903 3.209361 0.294924
v 0.825117 3.121943 0.297270
v 0.576304 3.196937 0.286491
v 0.636714 3.176921 0.258804
v 0.642030 3.197412 0.308771
v 0.786132 3.118079 0.296506
v 0.330889 3.125827 0.625191
v 0.353803 3.057222 0.669016
v 0.316490 3.090240 0.700547
v 0.281989 2.901802 0.801912
v 0.329849 3.114820 0.647345
v 0.351442 3.057413 0.707333
v 0.301674 3.075464 0.718181
v 0.288120 2.889533 0.830802
v 0.329071 3.130826 0.619603
v 0.328650 3.102386 0.689966
v 0.298842 3.133862 0.689152
v 0.238639 3.050990 0.843867
v 0.325435 3.129653 0.639030
v 0.341427 3.111270 0.705089
v 0.283897 3.120728 0.695177
v 0.273221 3.019350 0.836831
v 0.326878 3.129811 0.623013
v 0.328660 3.119958 0.684934
v 0.284174 3.102341 0.659839
v 0.278574 3.019739 0.785918
v 0.313266 3.127072 0.645057
v 0.297659 3.125670 0.716109
v 0.265807 3.101233 0.693780
v 0.229171 3.047462 0.852143
v 0.311516 3.127758 0.635375
v 0.277203 3.126564 0.705921
v 0.250420 3.096053 0.673027
v 0.180821 3.026314 0.835880
v 0.609124 3.802986 0.221096
v 0.582312 3.818927 0.167604
v 0.624524 3.845606 0.178897
v 0.608749 3.879136 0.042593
v 0.614810 3.817232 0.205964
v 0.596109 3.848165 0.153924
v 0.648940 3.845806 0.160870
v 0.643646 3.869882 0.004515
v 0.615709 3.801059 0.223461
v 0.627454 3.827484 0.163493
v 0.670860 3.814854 0.188814
v 0.731580 3.810236 0.029403
v 0.619196 3.803981 0.223050
v 0.634112 3.845316 0.179555
v 0.673316 3.813986 0.194877
v 0.725493 3.854901 0.055182
v 0.627754 3.810866 0.223074
v 0.663494 3.849773 0.175977
v 0.694310 3.834938 0.222801
v 0.826584 3.865407 0.109497
v 0.556721 3.684341 0.307884
v 0.511231 3.745624 0.275874
v 0.542317 3.722509 0.235874
v 0.423203 3.824018 0.123399
v 0.562845 3.675115 0.316677
v 0.556037 3.732675 0.260560
v 0.610360 3.709818 0.261480
v 0.612274 3.782616 0.068958
v 0.572924 3.693161 0.310596
v 0.586914 3.736281 0.269303
v 0.616808 3.735989 0.310237
v 0.694455 3.815489 0.222716
v 0.572551 3.678984 0.312293
v 0.612592 3.710665 0.258370
v 0.643168 3.694001 0.294903
v 0.765887 3.711542 0.165332
v 0.661840 3.417994 0.548419
v 0.730728 3.385324 0.522499
v 0.718107 3.367266 0.575721
v 0.844811 3.225286 0.526423
v 0.678088 3.410851 0.551722
v 0.734151 3.386045 0.538680
v 0.723202 3.377397 0.579543
v 0.832913 3.279260 0.565355
v 0.665183 3.415578 0.552533
v 0.724595 3.384529 0.557808
v 0.699280 3.372104 0.590862
v 0.806088 3.237302 0.593435
v 0.659314 3.417451 0.549571
v 0.713529 3.360079 0.552054
v 0.679662 3.352274 0.589255
v 0.751334 3.169449 0.581308
v 0.666065 3.392106 0.563388
v 0.683652 3.320590 0.565350
v 0.666603 3.344344 0.619479
v 0.637158 3.169917 0.651789
v 0.659496 3.413483 0.551955
v 0.704404 3.355833 0.572328
v 0.655300 3.345266 0.584883
v 0.722147 3.179112 0.599735
v 0.664689 3.398763 0.565582
v 0.704970 3.345301 0.598224
v 0.662234 3.335603 0.604964
v 0.728775 3.168755 0.640970
v 0.468181 3.970065 0.928418
v 0.497838 3.965898 1.004678
v 0.444747 3.951177 1.004618
v 0.498357 3.860216 1.181718
v 0.467427 3.973051 0.918910
v 0.492890 3.965644 0.981387
v 0.435483 3.974594 0.978775
v 0.446493 3.900205 1.129366
v 0.466667 3.971486 0.898949
v 0.457633 3.967446 0.968479
v 0.425051 3.994655 0.950560
v 0.351760 3.966113 1.099727
v 0.453114 3.967084 0.921888
v 0.438761 3.963664 1.004083
v 0.399996 3.938392 0.979586
v 0.368161 3.862729 1.163971
v 0.451554 3.972451 0.915124
v 0.418532 3.958441 0.993830
v 0.376532 3.976833 0.957947
v 0.248826 3.883033 1.106580
v 0.535385 3.901571 0.759229
v 0.574356 3.904771 0.823450
v 0.517986 3.908908 0.832007
v 0.569086 3.865725 0.998543
v 0.527539 3.907636 0.765649
v 0.541605 3.919896 0.845324
v 0.491370 3.933987 0.834159
v 0.476150 3.930374 1.025570
v 0.527135 3.897207 0.743156
v 0.513328 3.892287 0.826037
v 0.468364 3.893771 0.803307
v 0.403427 3.827953 0.983359
v 0.508659 3.897741 0.751388
v 0.456347 3.881247 0.809695
v 0.433069 3.906399 0.776277
v 0.277986 3.840255 0.868803
v 0.789994 3.794478 0.401558
v 0.795894 3.786254 0.340202
v 0.822189 3.758296 0.362554
v 0.823411 3.689524 0.230970
v 0.801806 3.791424 0.386294
v 0.822584 3.760225 0.336325
v 0.854804 3.792732 0.353257
v 0.947124 3.706887 0.272061
v 0.809774 3.797021 0.377380
v 0.846496 3.772292 0.314541
v 0.874902 3.813952 0.340226
v 1.027106 3.730704 0.244586
v 0.808854 3.780301 0.383789
v 0.838058 3.754163 0.319178
v 0.853992 3.726208 0.356454
v 0.885092 3.601182 0.216874
v 0.793953 3.793996 0.401582
v 0.838406 3.757508 0.370490
v 0.859232 3.794223 0.405149
v 0.981538 3.695486 0.393218
v 0.822051 3.795090 0.395254
v 0.874072 3.785928 0.356362
v 0.886472 3.791489 0.407072
v 1.017194 3.731299 0.354531
v 0.812092 3.784854 0.401157
v 0.856222 3.737518 0.384722
v 0.874327 3.770548 0.420662
v 0.975293 3.641293 0.450883
v 0.929554 4.038870 0.987674
v 0.982781 4.013949 1.001903
v 0.950139 3.999383 1.028584
v 1.048229 3.878048 1.045063
v 0.921395 4.044759 0.980910
v 0.990080 4.038547 1.019141
v 0.943456 4.037041 1.056220
v 1.075385 3.957322 1.170990
v 0.925430 4.045735 0.986577
v 0.978776 4.060432 1.021875
v 0.953685 4.032466 1.044312
v 1.095436 4.003256 1.123744
v 0.920979 4.044747 0.981757
v 0.965475 4.041722 1.050241
v 0.913985 4.038700 1.062958
v 0.985929 3.988989 1.231477
v 0.925704 4.042634 1.007720
v 0.969605 4.033057 1.072028
v 0.909722 4.025797 1.082658
v 0.977809 3.945352 1.234810
v 0.921427 4.044193 0.986592
v 0.950562 4.015757 1.050359
v 0.903546 4.052848 1.059592
v 0.915302 3.979430 1.215564
v 0.864458 4.026319 0.838768
v 0.927544 4.032250 0.853177
v 0.888739 4.020974 0.898806
v 1.020849 3.979618 0.960230
v 0.846586 4.018633 0.822350
v 0.912063 3.983934 0.842313
v 0.878482 3.989164 0.885627
v 0.990418 3.858271 0.953227
v 0.844247 4.018606 0.829128
v 0.895217 3.992310 0.892148
v 0.846687 3.992181 0.910102
v 0.929366 3.883803 1.058248
v 0.840806 4.020768 0.840036
v 0.871092 4.027742 0.905947
v 0.830243 3.992517 0.906372
v 0.916064 3.936096 1.055827
v 0.839153 4.019359 0.825287
v 0.859602 4.008047 0.902916
v 0.819916 3.977860 0.892221
v 0.868637 3.898196 1.057878
v 0.580980 4.241270 0.591947
v 0.509627 4.249484 0.624253
v 0.515829 4.285339 0.587984
v 0.328103 4.297390 0.604182
v 0.571265 4.260668 0.600459
v 0.534809 4.292235 0.645927
v 0.523204 4.306171 0.596917
v 0.385777 4.352894 0.670604
v 0.582402 4.245571 0.591815
v 0.545292 4.280201 0.627529
v 0.531878 4.280999 0.585174
v 0.397807 4.322940 0.651732
v 0.589506 4.239468 0.588579
v 0.543421 4.293560 0.596078
v 0.575292 4.300915 0.554990
v 0.459271 4.415406 0.519053
v 0.584742 4.245819 0.584645
v 0.548069 4.296017 0.584537
v 0.554456 4.280336 0.542740
v 0.444757 4.369605 0.516816
v 0.581886 4.242017 0.584877
v 0.519305 4.260025 0.583681
v 0.543765 4.264296 0.536997
v 0.388715 4.253685 0.484735
v 0.828478 4.118257 0.629052
v 0.872702 4.165640 0.580590
v 0.901506 4.150177 0.614994
v 1.039273 4.213794 0.495513
v 0.816652 4.109022 0.638459
v 0.876693 4.134642 0.624973
v 0.859533 4.156254 0.657785
v 1.009354 4.205778 0.675510
v 0.827014 4.122454 0.643958
v 0.899798 4.165342 0.648408
v 0.869410 4.184144 0.683374
v 1.047723 4.258509 0.762609
v 0.808944 4.103096 0.638760
v 0.840933 4.153936 0.618219
v 0.850410 4.143421 0.664921
v 0.972496 4.230862 0.634336
v 0.827372 4.116111 0.651627
v 0.903519 4.146347 0.668545
v 0.867363 4.151621 0.715958
v 1.042515 4.175998 0.809027
v 0.810962 4.109297 0.644966
v 0.842017 4.165345 0.666745
v 0.821297 4.139906 0.704434
v 0.906844 4.239390 0.785490
v 0.808865 4.115846 0.654195
v 0.828104 4.144132 0.719598
v 0.782505 4.163097 0.704397
v 0.761474 4.192348 0.891801
v 0.809055 4.106362 0.647800
v 0.833660 4.118615 0.716835
v 0.788969 4.144472 0.708344
v 0.798369 4.163407 0.877749
v -0.340328 2.018106 0.057979
v -0.386590 2.059843 0.052675
v -0.381873 2.034904 0.014367
v -0.517024 2.089965 -0.010555
v -0.322943 2.003299 0.069238
v -0.383242 2.028701 0.034680
v -0.344912 2.009294 -0.001167
v -0.478527 2.020308 -0.106330
v -0.332080 2.017182 0.056499
v -0.370578 2.065286 0.038474
v -0.354604 2.040641 0.001152
v -0.461270 2.118026 -0.065383
v -0.322407 2.003294 0.069635
v -0.337537 2.029827 -0.002484
v -0.306209 2.056023 0.014034
v -0.267905 2.095989 -0.180725
v -0.324905 2.009138 0.058450
v -0.363011 2.042765 0.002976
v -0.326374 2.023318 -0.015421
v -0.432706 2.030566 -0.178882
v -0.068991 1.908608 0.250004
v 0.000090 1.911344 0.214939
v -0.004585 1.865877 0.255937
v 0.140145 1.801396 0.154957
v -0.070974 1.908361 0.247251
v -0.008801 1.868085 0.221159
v 0.007111 1.907383 0.255631
v 0.163164 1.806481 0.255322
v -0.088241 1.915462 0.254090
v -0.030054 1.908993 0.234421
v -0.031659 1.915245 0.278845
v 0.103343 1.876101 0.266549
v -0.076704 1.905166 0.261794
v -0.022677 1.864811 0.264858
v -0.026524 1.885764 0.302565
v 0.069557 1.756937 0.359080
v -0.094034 1.912223 0.257503
v -0.027083 1.901299 0.264092
v -0.052653 1.869061 0.290211
v 0.092904 1.779955 0.277255
v -0.073392 1.907010 0.266674
v -0.024262 1.874300 0.276047
v -0.031694 1.900907 0.309048
v 0.056797 1.806900 0.376706
v -0.076465 1.911965 0.269894
v -0.020418 1.882469 0.286309
v -0.039468 1.919062 0.323388
v 0.060213 1.842575 0.408594
v -0.481820 2.299407 0.488840
v -0.494737 2.271191 0.558495
v -0.533338 2.292697 0.544657
v -0.612702 2.187438 0.679938
v -0.474978 2.301385 0.473210
v -0.479244 2.282348 0.556670
v -0.518513 2.248193 0.524410
v -0.511033 2.132004 0.696432
v -0.490829 2.289243 0.498086
v -0.496100 2.272681 0.560899
v -0.535284 2.250052 0.525205
v -0.548594 2.157568 0.644975
v -0.492448 2.285241 0.486851
v -0.515422 2.253633 0.539080
v -0.537391 2.238709 0.495195
v -0.581242 2.126415 0.585314
v -0.496684 2.295869 0.483114
v -0.544998 2.256042 0.531346
v -0.574849 2.284522 0.485987
v -0.709262 2.152257 0.532842
v -0.485855 2.297768 0.476983
v -0.533161 2.274888 0.523225
v -0.544313 2.259857 0.483702
v -0.631573 2.130043 0.581885
v -0.475659 2.300869 0.472688
v -0.514748 2.253412 0.513106
v -0.529823 2.251217 0.468856
v -0.600581 2.098388 0.525290
v -0.394069 2.303059 0.411241
v -0.375722 2.262296 0.467982
v -0.422832 2.260772 0.462253
v -0.405234 2.100780 0.556880
v -0.399415 2.303036 0.412658
v -0.393157 2.277354 0.484636
v -0.439643 2.251916 0.453255
v -0.412951 2.113077 0.586685
v -0.410602 2.302807 0.417624
v -0.437111 2.262388 0.466395
v -0.468126 2.295460 0.454394
v -0.573498 2.190280 0.528522
v -0.393775 2.311606 0.396252
v -0.444596 2.313602 0.462440
v -0.462792 2.284519 0.434599
v -0.568849 2.228416 0.597578
v -0.401628 2.309232 0.397809
v -0.466403 2.289050 0.447980
v -0.479628 2.277934 0.390276
v -0.627690 2.184642 0.473618
v -0.401037 2.309247 0.397928
v -0.456644 2.302750 0.444570
v -0.462370 2.269940 0.396231
v -0.578942 2.197838 0.494624
v -0.209774 2.367644 0.157717
v -0.228815 2.357306 0.081378
v -0.178139 2.332232 0.094139
v -0.213436 2.245086 -0.068560
v -0.208904 2.368206 0.147962
v -0.222416 2.352656 0.081449
v -0.177012 2.372352 0.086203
v -0.158187 2.302659 -0.064821
v -0.207915 2.370702 0.152171
v -0.198041 2.377692 0.073528
v -0.165334 2.400579 0.091960
v -0.079201 2.379673 -0.087361
v -0.205228 2.368059 0.151958
v -0.182517 2.371548 0.075738
v -0.148489 2.354303 0.097838
v -0.086391 2.312234 -0.074574
v -0.208913 2.368340 0.158097
v -0.189525 2.382075 0.093613
v -0.147035 2.364433 0.128457
v -0.078630 2.325494 -0.022468
v -0.203711 2.366696 0.152766
v -0.181406 2.367205 0.092554
v -0.154818 2.336049 0.124597
v -0.114793 2.270719 -0.014335
v -0.191173 2.359181 0.146061
v -0.153341 2.321094 0.095174
v -0.123231 2.335985 0.128250
v -0.018402 2.219349 0.051736
v -0.241208 2.722642 0.655290
v -0.173035 2.735460 0.694969
v -0.202456 2.691788 0.718000
v -0.041356 2.666203 0.803567
v -0.241812 2.717715 0.658585
v -0.186918 2.696138 0.693964
v -0.231356 2.684634 0.717973
v -0.132202 2.588683 0.799636
v -0.247373 2.717919 0.656935
v -0.211117 2.682587 0.694573
v -0.260139 2.697704 0.715311
v -0.221019 2.597312 0.807141
v -0.249211 2.725020 0.654131
v -0.212603 2.734635 0.710589
v -0.257498 2.714899 0.720832
v -0.172190 2.659156 0.864806
v -0.252435 2.724517 0.659008
v -0.231608 2.719168 0.725123
v -0.290331 2.725255 0.717292
v -0.285587 2.674287 0.868546
v -0.250997 2.719105 0.672160
v -0.227473 2.699772 0.726972
v -0.276224 2.700681 0.726526
v -0.254932 2.592286 0.843539
v -0.269078 2.703003 0.543988
v -0.220177 2.647234 0.570220
v -0.245510 2.679311 0.615212
v -0.179783 2.539696 0.710696
v -0.282796 2.714890 0.528940
v -0.232527 2.672101 0.573630
v -0.278667 2.694323 0.605850
v -0.220709 2.557810 0.726192
v -0.277038 2.710160 0.557462
v -0.239443 2.685792 0.614057
v -0.288895 2.695294 0.627094
v -0.245903 2.592993 0.760959
v -0.284528 2.708285 0.540643
v -0.266472 2.651864 0.597329
v -0.316595 2.676100 0.608897
v -0.342732 2.503474 0.717558
v -0.285163 2.715401 0.528823
v -0.287422 2.693033 0.601322
v -0.332361 2.690411 0.582762
v -0.359086 2.567085 0.728760
v -0.568600 2.661026 0.368872
v -0.608298 2.609641 0.420595
v -0.640883 2.620340 0.372263
v -0.733838 2.451282 0.433842
v -0.567582 2.673310 0.360022
v -0.623183 2.644388 0.389324
v -0.633448 2.672166 0.338882
v -0.769155 2.562486 0.340013
v -0.560932 2.661903 0.355371
v -0.611882 2.612345 0.381348
v -0.601660 2.607106 0.322734
v -0.678215 2.447551 0.354076
v -0.549665 2.671937 0.355645
v -0.599834 2.619306 0.364955
v -0.588825 2.622873 0.317791
v -0.668849 2.469198 0.312491
v -0.562475 2.657877 0.347050
v -0.594976 2.598263 0.339113
v -0.600777 2.624832 0.301071
v -0.645623 2.481881 0.236815
v -0.039058 3.285785 0.513635
v 0.021272 3.284951 0.475699
v 0.025802 3.313986 0.522428
v 0.200004 3.277348 0.495698
v -0.049170 3.281287 0.517542
v 0.020128 3.269885 0.484504
v 0.023393 3.300464 0.537305
v 0.197880 3.249561 0.520640
v -0.024310 3.286038 0.517307
v 0.050397 3.298530 0.491676
v 0.054203 3.283650 0.532282
v 0.241639 3.243132 0.476662
v -0.021896 3.286995 0.520951
v 0.041806 3.298399 0.495919
v 0.037427 3.291087 0.556707
v 0.189649 3.282374 0.535631
v -0.049371 3.283412 0.519052
v -0.004329 3.322821 0.511873
v -0.006877 3.309307 0.553069
v 0.117574 3.370720 0.558021
v -0.027458 3.283749 0.534449
v 0.039531 3.269359 0.561951
v 0.016174 3.299477 0.591893
v 0.142151 3.245046 0.705685
v -0.033603 3.290786 0.537485
v 0.023869 3.294628 0.576741
v -0.009189 3.314653 0.598256
v 0.093100 3.278586 0.743519
v -0.196741 3.172944 0.487426
v -0.123602 3.182087 0.446137
v -0.120270 3.208364 0.493369
v 0.096216 3.179686 0.463008
v -0.171539 3.173796 0.487696
v -0.093552 3.160449 0.462105
v -0.093195 3.183540 0.513815
v 0.101602 3.089166 0.523600
v -0.192263 3.180317 0.492695
v -0.120474 3.216027 0.484605
v -0.147817 3.231729 0.536003
v 0.031957 3.284954 0.580009
v -0.184186 3.178310 0.495707
v -0.119871 3.208195 0.491012
v -0.122411 3.187960 0.529504
v 0.051727 3.200572 0.522975
v -0.201513 3.171816 0.490967
v -0.129330 3.203620 0.510246
v -0.168249 3.231702 0.534564
v -0.020085 3.298575 0.634947
v -0.191130 3.183199 0.499952
v -0.133284 3.230518 0.506068
v -0.155548 3.211507 0.559577
v 0.004231 3.270258 0.612165
v -0.463097 2.967577 0.641472
v -0.436943 2.941604 0.701373
v -0.478258 2.953650 0.708724
v -0.456070 2.866405 0.846733
v -0.465415 2.971713 0.623381
v -0.453279 2.950478 0.704102
v -0.494885 2.933803 0.692723
v -0.458060 2.790760 0.861677
v -0.471264 2.969412 0.636104
v -0.472357 2.952776 0.715319
v -0.522702 2.938909 0.690662
v -0.536453 2.816520 0.855196
v -0.471657 2.968388 0.632899
v -0.482330 2.930948 0.703985
v -0.535481 2.941953 0.675284
v -0.597256 2.785501 0.795374
v -0.466466 2.970780 0.623311
v -0.492534 2.908117 0.662098
v -0.533471 2.934993 0.641757
v -0.622804 2.768615 0.670834
v -0.655327 3.567238 0.252570
v -0.728455 3.604463 0.247616
v -0.707333 3.611475 0.206782
v -0.885725 3.666345 0.150407
v -0.642127 3.560179 0.253553
v -0.694531 3.612380 0.237287
v -0.677450 3.594776 0.196185
v -0.820676 3.677116 0.129267
v -0.636440 3.554536 0.257130
v -0.679043 3.608084 0.231882
v -0.654140 3.579807 0.191040
v -0.788990 3.651728 0.096825
v -0.636078 3.552527 0.256442
v -0.683427 3.572359 0.200038
v -0.638789 3.556703 0.180338
v -0.746091 3.531214 0.024111
v -0.636747 3.557407 0.233423
v -0.663040 3.562271 0.168569
v -0.619452 3.563847 0.165744
v -0.650464 3.515825 -0.001413
v -0.592099 3.443907 0.374098
v -0.662611 3.487707 0.361318
v -0.656220 3.462143 0.323013
v -0.851512 3.507854 0.288136
v -0.570595 3.429978 0.385095
v -0.634134 3.425759 0.352352
v -0.601219 3.435357 0.320594
v -0.724410 3.380249 0.210643
v -0.575418 3.446323 0.372601
v -0.624456 3.480696 0.332717
v -0.568150 3.492626 0.318011
v -0.647578 3.543995 0.175561
v -0.569275 3.429813 0.376656
v -0.600360 3.439699 0.300955
v -0.566629 3.412877 0.296028
v -0.646500 3.380071 0.118756
v -0.367933 3.230813 0.729223
v -0.309378 3.213134 0.743742
v -0.341926 3.213796 0.783869
v -0.234043 3.127007 0.839539
v -0.354181 3.228214 0.740721
v -0.295980 3.187320 0.775503
v -0.315297 3.232642 0.809554
v -0.235510 3.118829 0.953636
v -0.357798 3.211989 0.741524
v -0.301042 3.172473 0.761672
v -0.352995 3.153481 0.783266
v -0.258064 3.026762 0.818564
v -0.369455 3.229326 0.729884
v -0.318351 3.204374 0.777545
v -0.356512 3.172043 0.775237
v -0.231475 3.058229 0.845261
v -0.368323 3.229786 0.733337
v -0.313308 3.207755 0.795167
v -0.357483 3.192805 0.809821
v -0.243937 3.064619 0.939793
v -0.368272 3.225274 0.733767
v -0.320720 3.192279 0.776020
v -0.375588 3.169496 0.778158
v -0.292971 3.055351 0.855523
v -0.367474 3.217167 0.754785
v -0.352942 3.167332 0.795779
v -0.382757 3.201629 0.817236
v -0.418028 3.072675 0.915488
v -0.868486 3.360348 0.778821
v -0.882556 3.343323 0.853174
v -0.903490 3.303536 0.818360
v -0.886775 3.191360 0.982944
v -0.865361 3.362714 0.770901
v -0.897039 3.318174 0.826280
v -0.915895 3.305089 0.784313
v -0.969930 3.157131 0.881982
v -0.879481 3.359229 0.774353
v -0.926777 3.330542 0.813805
v -0.942152 3.333084 0.772088
v -1.051396 3.233359 0.830043
v -0.878776 3.353571 0.770864
v -0.924606 3.290664 0.801843
v -0.949771 3.314002 0.750580
v -1.051463 3.147782 0.761949
v -0.880290 3.357218 0.766440
v -0.933921 3.311240 0.786827
v -0.935689 3.327158 0.728581
v -1.030189 3.168615 0.719446
v -0.739453 3.392192 0.730537
v -0.744465 3.364198 0.793647
v -0.788947 3.356161 0.762846
v -0.808085 3.220950 0.874332
v -0.746766 3.386280 0.731209
v -0.768956 3.332966 0.776563
v -0.812803 3.365717 0.755865
v -0.899504 3.238155 0.820395
v -0.750424 3.387393 0.721863
v -0.806012 3.346099 0.760469
v -0.814917 3.341941 0.714082
v -0.923297 3.193942 0.772386
v -0.746619 3.394944 0.715646
v -0.811350 3.359366 0.732916
v -0.810837 3.384928 0.676533
v -0.946420 3.259721 0.652524
v -0.499315 3.655003 0.504502
v -0.536757 3.709004 0.458263
v -0.491366 3.710333 0.446783
v -0.562079 3.792930 0.272303
v -0.498085 3.651408 0.505815
v -0.523365 3.681892 0.451026
v -0.476124 3.701824 0.466495
v -0.478808 3.755641 0.312629
v -0.494628 3.661145 0.502484
v -0.504536 3.728504 0.457267
v -0.460532 3.721520 0.459215
v -0.456249 3.849069 0.309197
v -0.497026 3.648740 0.509372
v -0.512628 3.711786 0.468570
v -0.465119 3.704763 0.467821
v -0.474193 3.822742 0.325879
v -0.495381 3.647965 0.508294
v -0.486262 3.683785 0.458512
v -0.448993 3.660741 0.469187
v -0.415676 3.688905 0.318401
v -0.484511 3.664479 0.494489
v -0.475345 3.710022 0.436870
v -0.427866 3.698525 0.461166
v -0.365780 3.759493 0.307430
v -0.482201 3.658669 0.494527
v -0.463468 3.704816 0.443874
v -0.427247 3.671221 0.451299
v -0.374449 3.733149 0.305861
v -0.589240 3.537210 0.729770
v -0.544117 3.549536 0.789708
v -0.595522 3.567252 0.799331
v -0.534153 3.568750 0.965995
v -0.595357 3.533560 0.718682
v -0.575421 3.575538 0.782106
v -0.621042 3.562350 0.787192
v -0.592215 3.616620 0.962249
v -0.595212 3.530854 0.714203
v -0.587881 3.564297 0.775133
v -0.630110 3.568036 0.761996
v -0.653496 3.610028 0.924100
v -0.596087 3.532530 0.714835
v -0.593527 3.574900 0.761169
v -0.639949 3.572634 0.735241
v -0.675047 3.651942 0.845770
v -0.597990 3.534459 0.715642
v -0.611896 3.585114 0.761295
v -0.652481 3.572190 0.736871
v -0.724393 3.652720 0.863101
v -0.610891 3.541254 0.719655
v -0.647487 3.576994 0.762128
v -0.674350 3.558448 0.729550
v -0.795097 3.580205 0.849371
v -0.596051 3.530178 0.713043
v -0.652474 3.533480 0.737697
v -0.652268 3.543187 0.691300
v -0.799008 3.507035 0.707297
v -0.102193 1.804328 -0.295874
v -0.121207 1.789837 -0.373838
v -0.089627 1.760198 -0.363288
v -0.175090 1.644535 -0.526581
v -0.100126 1.804542 -0.299190
v -0.119134 1.793895 -0.358170
v -0.071000 1.775624 -0.346821
v -0.103917 1.689230 -0.468760
v -0.103189 1.811096 -0.274303
v -0.091756 1.810230 -0.342998
v -0.050653 1.838330 -0.311028
v 0.021318 1.827743 -0.449010
v -0.096306 1.807054 -0.282888
v -0.072707 1.773000 -0.342932
v -0.036646 1.790350 -0.321405
v 0.051622 1.674170 -0.423591
v -0.097632 1.806198 -0.279649
v -0.073712 1.752703 -0.325666
v -0.031432 1.788134 -0.308677
v 0.073999 1.636824 -0.353552
v -0.181403 1.794843 0.073979
v -0.122231 1.790963 0.118899
v -0.159057 1.805984 0.144056
v -0.053603 1.763735 0.279637
v -0.177761 1.794004 0.100009
v -0.140318 1.806354 0.159163
v -0.181903 1.773108 0.167832
v -0.102653 1.754099 0.307277
v -0.183624 1.793921 0.073617
v -0.144780 1.786894 0.130962
v -0.203059 1.778000 0.138544
v -0.145667 1.715221 0.273062
v -0.184123 1.794078 0.071098
v -0.166761 1.770344 0.124574
v -0.212777 1.781992 0.123608
v -0.215900 1.682317 0.237226
v -0.188756 1.797778 0.101893
v -0.173520 1.801173 0.164742
v -0.216158 1.788551 0.159838
v -0.191188 1.723914 0.313170
v -0.186435 1.793905 0.078177
v -0.181215 1.779671 0.138087
v -0.227274 1.791494 0.124497
v -0.255233 1.724281 0.250763
v -0.198496 1.785672 0.097864
v -0.211767 1.751907 0.150638
v -0.244043 1.780633 0.142601
v -0.313242 1.697734 0.244356
v -0.540256 2.131189 -0.222561
v -0.609998 2.121100 -0.185633
v -0.607524 2.088767 -0.224770
v -0.748118 1.989255 -0.118445
v -0.514780 2.135236 -0.228482
v -0.565984 2.073177 -0.222287
v -0.569414 2.098431 -0.275088
v -0.648069 1.919698 -0.322915
v -0.509485 2.138965 -0.227043
v -0.572813 2.084476 -0.236884
v -0.566120 2.107888 -0.280924
v -0.681976 1.960990 -0.347875
v -0.510865 2.138715 -0.228508
v -0.568488 2.148947 -0.253457
v -0.533624 2.107843 -0.279269
v -0.658678 2.081952 -0.337773
v -0.511272 2.136540 -0.229672
v -0.553599 2.070416 -0.257732
v -0.522810 2.093925 -0.300397
v -0.549415 1.906175 -0.384127
v -0.409740 2.142206 -0.173077
v -0.466387 2.106924 -0.140442
v -0.462178 2.091501 -0.187149
v -0.563199 1.956460 -0.125571
v -0.403048 2.146352 -0.174310
v -0.469520 2.098764 -0.171759
v -0.447347 2.096907 -0.222086
v -0.554439 1.922619 -0.232755
v -0.418840 2.144794 -0.186210
v -0.483016 2.115897 -0.208579
v -0.456922 2.147189 -0.249440
v -0.569328 2.058191 -0.348635
v -0.415558 2.131557 -0.196433
v -0.449411 2.078484 -0.233788
v -0.431550 2.105759 -0.263043
v -0.460563 1.971698 -0.372951
v -0.070013 2.207175 -0.089930
v -0.012044 2.164548 -0.130608
v 0.011848 2.201722 -0.099986
v 0.167944 2.099295 -0.144632
v -0.069640 2.208832 -0.089499
v -0.015219 2.207507 -0.129620
v -0.002188 2.204699 -0.087004
v 0.138456 2.138223 -0.157783
v -0.068485 2.208783 -0.087305
v -0.010633 2.189943 -0.087714
v -0.017960 2.225466 -0.057794
v 0.108565 2.169887 0.002236
v -0.057225 2.206007 -0.085010
v 0.014465 2.205148 -0.093460
v 0.004468 2.177811 -0.060301
v 0.165591 2.122397 -0.086762
v -0.046454 2.200208 -0.077607
v 0.013442 2.181042 -0.078919
v -0.003621 2.173221 -0.040276
v 0.115424 2.073049 -0.031867
v -0.610732 2.553812 0.128265
v -0.611707 2.526415 0.188121
v -0.664692 2.531248 0.158490
v -0.698925 2.441870 0.267706
v -0.612000 2.559016 0.125613
v -0.631810 2.544147 0.192786
v -0.677797 2.552353 0.153036
v -0.758656 2.469401 0.276781
v -0.611154 2.558841 0.125861
v -0.634125 2.550326 0.195619
v -0.670785 2.543331 0.166725
v -0.740545 2.464792 0.312799
v -0.617722 2.550583 0.125526
v -0.653888 2.502117 0.179739
v -0.691754 2.521906 0.142642
v -0.797086 2.390991 0.223471
v -0.617817 2.550743 0.124670
v -0.657972 2.512625 0.179717
v -0.676548 2.501700 0.140200
v -0.741075 2.335347 0.242155
v -0.631117 2.543912 0.124965
v -0.693482 2.519206 0.167441
v -0.689591 2.490808 0.133021
v -0.811679 2.390429 0.231179
v -0.489491 2.540325 0.029088
v -0.494129 2.524504 0.114840
v -0.544417 2.553054 0.095768
v -0.619566 2.477716 0.278349
v -0.488494 2.538286 0.020060
v -0.514027 2.507111 0.075027
v -0.544589 2.542089 0.058583
v -0.660705 2.446507 0.144901
v -0.498659 2.531634 0.025527
v -0.534225 2.494486 0.091879
v -0.572492 2.496351 0.044272
v -0.668304 2.369526 0.155536
v -0.498148 2.536748 0.019907
v -0.549248 2.525716 0.068261
v -0.562998 2.507895 0.025640
v -0.672294 2.405524 0.130960
v -0.512176 2.539527 0.016580
v -0.578091 2.544483 0.046417
v -0.581616 2.524743 0.001776
v -0.737281 2.481654 0.059945
v -0.342747 2.457856 -0.361291
v -0.395675 2.446884 -0.424409
v -0.346172 2.416282 -0.433162
v -0.468495 2.311687 -0.561432
v -0.338309 2.458383 -0.355502
v -0.359547 2.414958 -0.421936
v -0.331778 2.445281 -0.436347
v -0.312019 2.318994 -0.598132
v -0.337598 2.445529 -0.357669
v -0.364185 2.397840 -0.395565
v -0.322374 2.400276 -0.403903
v -0.346840 2.246396 -0.462186
v -0.330630 2.453235 -0.354352
v -0.345395 2.426409 -0.421876
v -0.302637 2.401062 -0.398978
v -0.339170 2.284239 -0.525479
v -0.331682 2.459593 -0.343322
v -0.345702 2.427262 -0.397198
v -0.292288 2.420281 -0.375682
v -0.307249 2.285042 -0.460611
v -0.331853 2.458462 -0.341656
v -0.332454 2.424145 -0.409311
v -0.306471 2.393078 -0.370569
v -0.335434 2.264803 -0.494545
v -0.444355 3.037941 0.147817
v -0.392117 3.039273 0.194174
v -0.440816 3.027443 0.216786
v -0.334218 2.951762 0.339927
v -0.446920 3.041501 0.145497
v -0.402750 3.076120 0.195262
v -0.439855 3.046261 0.220019
v -0.308352 3.050216 0.363693
v -0.450001 3.037824 0.137819
v -0.431375 3.046205 0.206182
v -0.476477 3.070847 0.195258
v -0.487168 3.069814 0.363426
v -0.456460 3.047544 0.161226
v -0.445183 3.076427 0.215695
v -0.483334 3.048743 0.217835
v -0.449568 3.054382 0.372536
v -0.459500 3.051820 0.155111
v -0.474885 3.075752 0.233556
v -0.512278 3.101617 0.196316
v -0.618117 3.128893 0.367906
v -0.450857 3.037125 0.136986
v -0.456468 3.061551 0.218474
v -0.499310 3.034223 0.207074
v -0.512961 3.017927 0.416397
v -0.432927 2.939105 0.013868
v -0.396764 2.922433 0.084446
v -0.430602 2.953202 0.093635
v -0.412458 2.880572 0.285236
v -0.431551 2.949348 0.030984
v -0.400023 2.990115 0.069011
v -0.439157 2.950420 0.094569
v -0.351614 2.987207 0.212184
v -0.435308 2.944492 0.016296
v -0.423524 2.984063 0.066359
v -0.468830 2.983253 0.056107
v -0.477021 3.048755 0.192393
v -0.441433 2.950986 0.028868
v -0.431995 2.990540 0.077450
v -0.482713 2.962234 0.075593
v -0.479525 3.007145 0.213230
v -0.446160 2.939239 0.032592
v -0.452463 2.945624 0.097176
v -0.494514 2.925039 0.073965
v -0.525304 2.893530 0.216522
v -0.624388 2.725521 -0.193631
v -0.691570 2.699718 -0.150649
v -0.684138 2.667108 -0.186952
v -0.802312 2.543395 -0.066458
v -0.626626 2.719513 -0.195516
v -0.671597 2.684707 -0.168135
v -0.650474 2.663197 -0.211116
v -0.705247 2.532505 -0.140566
v -0.625569 2.721572 -0.198024
v -0.672345 2.683362 -0.180254
v -0.653803 2.678925 -0.234738
v -0.729808 2.560995 -0.220422
v -0.627899 2.711634 -0.203229
v -0.655359 2.654976 -0.200577
v -0.642069 2.664373 -0.242430
v -0.643191 2.500963 -0.255383
v -0.630709 2.714951 -0.210194
v -0.669681 2.659765 -0.220852
v -0.645881 2.686374 -0.270451
v -0.674960 2.532277 -0.329425
v -0.326499 3.303104 -0.397846
v -0.313511 3.293184 -0.467759
v -0.275444 3.331601 -0.439514
v -0.187556 3.297743 -0.577812
v -0.333467 3.299809 -0.382760
v -0.320362 3.321307 -0.458743
v -0.278140 3.312121 -0.439282
v -0.220195 3.287621 -0.634257
v -0.333654 3.299547 -0.380866
v -0.300727 3.316503 -0.437925
v -0.274411 3.326428 -0.400742
v -0.148151 3.318613 -0.517247
v -0.311716 3.316420 -0.390952
v -0.264892 3.348380 -0.441922
v -0.242095 3.346566 -0.398433
v -0.080833 3.357813 -0.510257
v -0.334188 3.299663 -0.379781
v -0.298093 3.359872 -0.421054
v -0.265780 3.339210 -0.399474
v -0.139757 3.423152 -0.552679
v -0.409921 3.196943 -0.314327
v -0.434888 3.225613 -0.362953
v -0.394361 3.208155 -0.372996
v -0.445296 3.227536 -0.510265
v -0.394041 3.206626 -0.316811
v -0.369613 3.228243 -0.373811
v -0.347828 3.249963 -0.334113
v -0.252344 3.292639 -0.441628
v -0.401895 3.192141 -0.305046
v -0.376820 3.215192 -0.364422
v -0.336825 3.192062 -0.326295
v -0.254074 3.192138 -0.460109
v -0.405189 3.190540 -0.299840
v -0.337633 3.209637 -0.343890
v -0.323256 3.200111 -0.291820
v -0.144458 3.190084 -0.371914
v -0.612768 3.063230 0.061732
v -0.593078 3.056712 0.131854
v -0.637681 3.055109 0.130002
v -0.619205 2.972773 0.294970
v -0.611499 3.061831 0.030585
v -0.599703 3.020560 0.098964
v -0.650088 3.024511 0.090886
v -0.656124 2.890540 0.225151
v -0.619010 3.064490 0.056301
v -0.622605 3.046212 0.121717
v -0.659599 3.083442 0.107483
v -0.725212 3.030887 0.244423
v -0.616477 3.057749 0.039832
v -0.619305 3.024155 0.108381
v -0.673083 3.029320 0.082530
v -0.712168 2.918449 0.211064
v -0.611750 3.061646 0.030945
v -0.610241 3.027727 0.110652
v -0.656371 3.005892 0.080000
v -0.636623 2.837446 0.228090
v -0.614433 3.061639 0.034631
v -0.634202 3.035257 0.109195
v -0.683103 3.053761 0.077863
v -0.779131 2.927297 0.212341
v -0.634108 3.063270 0.046468
v -0.666335 3.080415 0.098312
v -0.688362 3.041062 0.070626
v -0.757567 3.021238 0.204438
v -0.810465 3.122692 -0.585532
v -0.873471 3.073922 -0.592457
v -0.861044 3.086036 -0.635475
v -0.974408 2.941379 -0.683949
v -0.813784 3.126642 -0.594007
v -0.872193 3.120603 -0.611348
v -0.843148 3.095359 -0.637686
v -0.968018 3.030866 -0.672293
v -0.795074 3.132619 -0.580258
v -0.849023 3.118675 -0.609487
v -0.806337 3.110864 -0.638216
v -0.904818 3.022534 -0.713386
v -0.798614 3.127238 -0.586447
v -0.838169 3.066111 -0.625776
v -0.811692 3.094959 -0.661513
v -0.827136 2.917372 -0.776988
v -0.794881 3.130805 -0.588788
v -0.823853 3.129924 -0.644259
v -0.788539 3.101022 -0.643469
v -0.850233 3.058353 -0.765043
v -0.793124 3.133016 -0.578197
v -0.819452 3.095828 -0.648613
v -0.760986 3.096680 -0.646618
v -0.783184 2.929223 -0.782413
v -0.718204 3.167487 -0.431636
v -0.771509 3.134478 -0.443045
v -0.763631 3.166369 -0.476316
v -0.864871 3.082141 -0.548170
v -0.726635 3.166347 -0.442593
v -0.785554 3.162015 -0.459976
v -0.754765 3.142653 -0.491986
v -0.878260 3.081870 -0.537336
v -0.723858 3.160116 -0.451017
v -0.774525 3.123068 -0.480574
v -0.729281 3.138071 -0.516576
v -0.789709 2.997447 -0.601565
v -0.713413 3.157167 -0.442352
v -0.749959 3.112300 -0.475709
v -0.706618 3.111006 -0.490147
v -0.752096 2.955591 -0.540414
v -0.705311 3.164911 -0.437404
v -0.714798 3.131328 -0.507813
v -0.667953 3.124476 -0.493481
v -0.668932 3.004718 -0.632895
v -0.465244 3.346679 -0.092500
v -0.401617 3.374813 -0.100866
v -0.417099 3.365466 -0.045181
v -0.244788 3.369985 -0.027294
v -0.451729 3.350028 -0.085026
v -0.383046 3.369915 -0.084205
v -0.401020 3.351742 -0.034636
v -0.222838 3.322069 -0.012280
v -0.461338 3.352546 -0.087372
v -0.404209 3.390594 -0.083529
v -0.433546 3.381322 -0.031465
v -0.298658 3.436402 0.019228
v -0.459612 3.346462 -0.074658
v -0.416431 3.331645 -0.026840
v -0.449721 3.372506 -0.014703
v -0.396145 3.338941 0.124744
v -0.467669 3.351184 -0.076753
v -0.427259 3.366775 -0.026782
v -0.485211 3.372487 -0.016657
v -0.430201 3.372678 0.125565
v -0.668081 3.318980 -0.233982
v -0.713687 3.348670 -0.170468
v -0.745860 3.336092 -0.208425
v -0.889704 3.326725 -0.048703
v -0.657010 3.314138 -0.244141
v -0.698645 3.358675 -0.202443
v -0.726237 3.339808 -0.246249
v -0.858861 3.398601 -0.153380
v -0.667600 3.328801 -0.248099
v -0.735468 3.370924 -0.241028
v -0.713941 3.387747 -0.276529
v -0.899325 3.456874 -0.327921
v -0.665589 3.333882 -0.249593
v -0.721402 3.389170 -0.241634
v -0.699463 3.399076 -0.278533
v -0.842070 3.514798 -0.305954
v -0.650479 3.314017 -0.247741
v -0.689728 3.363621 -0.243916
v -0.646770 3.368120 -0.280526
v -0.733586 3.475020 -0.325476
v -0.662511 3.325336 -0.263467
v -0.725785 3.363294 -0.299521
v -0.683501 3.364347 -0.332618
v -0.832958 3.390843 -0.479143
v -0.652072 3.331163 -0.270947
v -0.681725 3.385619 -0.314235
v -0.645961 3.365564 -0.338013
v -0.724837 3.448726 -0.479548
v -0.661519 3.317380 -0.267387
v -0.710371 3.333537 -0.306497
v -0.673484 3.334172 -0.328641
v -0.769547 3.336463 -0.446794
v 0.216066 1.999625 -0.538931
v 0.206852 1.972283 -0.603017
v 0.257823 1.994646 -0.595243
v 0.283218 1.913202 -0.730621
v 0.214478 2.004101 -0.536044
v 0.211426 1.984961 -0.603819
v 0.251172 2.026562 -0.591885
v 0.316904 1.964956 -0.740718
v 0.212552 2.002437 -0.523726
v 0.225338 1.994100 -0.600814
v 0.272057 2.013867 -0.573766
v 0.345342 1.974174 -0.732438
v 0.221240 2.003169 -0.532654
v 0.242630 2.004137 -0.594069
v 0.281641 2.000218 -0.556597
v 0.357226 1.970097 -0.677685
v 0.214580 2.003013 -0.525277
v 0.240912 2.028267 -0.582970
v 0.277610 1.992500 -0.549284
v 0.352118 1.989483 -0.689477
v 0.220151 2.002658 -0.527924
v 0.268918 1.983606 -0.579900
v 0.292665 2.013626 -0.535937
v 0.434572 1.950427 -0.608077
v 0.165485 1.972076 -0.468498
v 0.153305 1.976731 -0.547947
v 0.203131 2.002017 -0.533063
v 0.235762 1.982549 -0.721538
v 0.164355 1.969481 -0.460240
v 0.147647 1.984125 -0.534375
v 0.197070 1.982825 -0.529097
v 0.191880 1.946252 -0.723716
v 0.178185 1.962946 -0.465409
v 0.197940 1.967356 -0.545128
v 0.237750 1.950466 -0.520735
v 0.297932 1.906600 -0.699862
v 0.182859 1.966302 -0.463297
v 0.215993 1.964831 -0.538360
v 0.253802 1.967778 -0.504519
v 0.365621 1.896983 -0.661456
v 0.188374 1.969130 -0.452742
v 0.229800 1.976674 -0.499692
v 0.250863 1.969697 -0.461231
v 0.370554 1.918737 -0.561657
v 0.172754 1.891604 -0.163500
v 0.240857 1.876302 -0.147118
v 0.212677 1.845342 -0.125997
v 0.364375 1.745301 -0.122297
v 0.154474 1.899833 -0.171706
v 0.198158 1.865380 -0.137118
v 0.172714 1.889703 -0.109607
v 0.233944 1.794282 -0.004889
v 0.151051 1.900021 -0.176277
v 0.185031 1.852814 -0.155851
v 0.162268 1.870755 -0.123192
v 0.205734 1.753458 -0.057652
v 0.149509 1.901934 -0.178097
v 0.181646 1.848651 -0.146496
v 0.137581 1.869320 -0.117561
v 0.143384 1.707136 -0.048269
v 0.156408 1.901634 -0.147681
v 0.194766 1.914226 -0.089627
v 0.158011 1.874774 -0.082289
v 0.259703 1.841919 0.048658
v 0.149372 1.902216 -0.178339
v 0.184406 1.869773 -0.123141
v 0.141785 1.862818 -0.117373
v 0.198194 1.748900 -0.002478
v 0.145810 1.894553 -0.155923
v 0.152844 1.852693 -0.096915
v 0.110296 1.873650 -0.096044
v 0.066786 1.726979 0.015713
v -0.162601 2.289252 -0.529053
v -0.235119 2.297454 -0.522547
v -0.220253 2.266165 -0.567935
v -0.385942 2.226509 -0.558954
v -0.153408 2.286389 -0.526335
v -0.210290 2.243237 -0.523356
v -0.202888 2.259853 -0.570541
v -0.303148 2.121666 -0.607833
v -0.156263 2.286766 -0.531989
v -0.213063 2.250468 -0.562713
v -0.195989 2.277812 -0.593872
v -0.285853 2.166739 -0.708334
v -0.155755 2.286598 -0.532313
v -0.223511 2.280923 -0.561167
v -0.190593 2.250853 -0.586758
v -0.335437 2.191364 -0.651540
v -0.152650 2.286043 -0.529569
v -0.225411 2.259914 -0.556466
v -0.187275 2.232126 -0.580504
v -0.342405 2.093143 -0.607614
v -0.154412 2.286134 -0.534199
v -0.216799 2.260278 -0.572522
v -0.176631 2.256973 -0.602647
v -0.289320 2.141252 -0.698180
v -0.076479 2.271874 -0.461820
v -0.149344 2.246145 -0.451447
v -0.122076 2.211438 -0.480454
v -0.262994 2.096795 -0.427669
v -0.062329 2.288745 -0.459350
v -0.135942 2.269864 -0.464967
v -0.128283 2.298869 -0.496152
v -0.288119 2.221650 -0.577203
v -0.054303 2.287337 -0.460517
v -0.122842 2.257835 -0.491624
v -0.087551 2.279450 -0.533783
v -0.206448 2.180990 -0.642399
v -0.067375 2.282620 -0.481179
v -0.122598 2.277473 -0.518446
v -0.091216 2.248726 -0.533597
v -0.231454 2.164003 -0.595969
v -0.050834 2.287765 -0.457631
v -0.095702 2.252482 -0.515348
v -0.056255 2.228901 -0.513263
v -0.162516 2.087557 -0.608972
v 0.237984 2.245690 -0.412697
v 0.243602 2.186869 -0.445319
v 0.294393 2.219354 -0.438775
v 0.353298 2.077245 -0.471537
v 0.240242 2.254180 -0.403726
v 0.276320 2.231370 -0.448625
v 0.285511 2.211943 -0.405868
v 0.352067 2.115149 -0.490934
v 0.237109 2.255681 -0.399019
v 0.292416 2.213617 -0.440763
v 0.299877 2.204927 -0.391608
v 0.411793 2.068773 -0.458580
v 0.246922 2.261718 -0.401573
v 0.313252 2.259381 -0.449471
v 0.319969 2.225338 -0.407891
v 0.457029 2.130075 -0.543298
v 0.247609 2.250066 -0.390302
v 0.297347 2.210892 -0.404773
v 0.291982 2.219766 -0.353820
v 0.385974 2.105015 -0.350468
v 0.241443 2.259438 -0.390674
v 0.301212 2.234444 -0.400490
v 0.289119 2.237068 -0.351687
v 0.406511 2.132102 -0.342925
v -0.151235 2.819756 -0.236067
v -0.164752 2.827664 -0.150906
v -0.215720 2.823173 -0.178381
v -0.284945 2.753816 0.022751
v -0.157256 2.831738 -0.223732
v -0.168590 2.855588 -0.152324
v -0.210181 2.858737 -0.176126
v -0.284712 2.855372 0.002109
v -0.146183 2.817777 -0.246057
v -0.177298 2.819424 -0.187055
v -0.194003 2.859753 -0.225974
v -0.309240 2.866258 -0.125830
v -0.159584 2.824540 -0.241004
v -0.216976 2.838981 -0.197286
v -0.222546 2.862196 -0.235400
v -0.381482 2.883479 -0.172676
v -0.164026 2.816012 -0.242077
v -0.229294 2.806072 -0.197107
v -0.243626 2.809440 -0.243374
v -0.405338 2.745946 -0.172427
v -0.168601 2.820503 -0.243200
v -0.238886 2.825612 -0.204032
v -0.249002 2.819834 -0.249163
v -0.428620 2.761216 -0.177331
v -0.056198 2.744090 -0.298248
v -0.066506 2.732639 -0.223023
v -0.106817 2.763684 -0.243934
v -0.202204 2.697216 -0.086384
v -0.050766 2.743081 -0.318524
v -0.078321 2.757042 -0.261946
v -0.097421 2.783823 -0.300675
v -0.221866 2.795372 -0.197979
v -0.056306 2.742738 -0.313904
v -0.103925 2.739463 -0.247580
v -0.121198 2.779822 -0.280876
v -0.271006 2.773451 -0.165290
v -0.050472 2.741395 -0.321400
v -0.086257 2.771720 -0.269854
v -0.114361 2.769207 -0.322708
v -0.230815 2.811444 -0.228834
v -0.068989 2.744307 -0.321605
v -0.142909 2.773452 -0.292032
v -0.153443 2.738880 -0.326732
v -0.340557 2.738864 -0.233743
v 0.034208 2.651803 -0.636704
v -0.008386 2.628359 -0.686440
v 0.022650 2.660448 -0.704742
v -0.016787 2.575660 -0.856682
v 0.042019 2.653492 -0.628707
v -0.005347 2.640007 -0.685849
v 0.042661 2.659578 -0.703894
v -0.013687 2.571372 -0.865969
v 0.046776 2.648142 -0.620363
v 0.012916 2.639553 -0.668978
v 0.044114 2.609090 -0.665656
v -0.043437 2.540780 -0.757701
v 0.048423 2.649472 -0.622745
v 0.020628 2.632105 -0.686251
v 0.062546 2.622903 -0.687566
v 0.012579 2.514934 -0.823811
v 0.050998 2.647901 -0.631314
v 0.029431 2.640167 -0.697109
v 0.077016 2.618427 -0.688831
v 0.036659 2.540784 -0.830218
v 0.048557 2.653008 -0.623051
v 0.019048 2.663192 -0.694368
v 0.063229 2.645293 -0.699115
v 0.003730 2.608682 -0.873112
v 0.051571 2.648339 -0.626786
v 0.040883 2.617053 -0.681755
v 0.086469 2.641573 -0.680181
v 0.116107 2.539084 -0.793837
v 0.310773 3.115760 -0.390187
v 0.395801 3.122743 -0.396758
v 0.379251 3.144157 -0.347454
v 0.578896 3.123757 -0.303660
v 0.313345 3.121708 -0.389753
v 0.381712 3.146092 -0.399833
v 0.372270 3.148120 -0.355104
v 0.548844 3.160440 -0.341794
v 0.303658 3.115624 -0.387733
v 0.372548 3.121671 -0.373210
v 0.346410 3.147985 -0.341707
v 0.494195 3.130751 -0.242278
v 0.289002 3.108690 -0.393620
v 0.354081 3.125764 -0.377742
v 0.318399 3.135263 -0.336975
v 0.454247 3.149708 -0.258543
v 0.298943 3.111087 -0.385458
v 0.360481 3.112077 -0.363847
v 0.331285 3.115172 -0.328958
v 0.463720 3.051775 -0.242305
v 0.302565 3.112552 -0.376970
v 0.361986 3.113643 -0.340425
v 0.324618 3.125932 -0.312146
v 0.435406 3.100070 -0.196010
v 0.295323 3.110155 -0.384316
v 0.360605 3.111128 -0.334740
v 0.322012 3.114460 -0.306923
v 0.451661 3.049147 -0.160101
v 0.216711 3.049278 -0.444504
v 0.285204 3.054803 -0.478929
v 0.284284 3.080248 -0.424967
v 0.456424 3.079054 -0.454456
v 0.227145 3.042811 -0.440305
v 0.295503 3.054188 -0.460610
v 0.288810 3.014107 -0.416056
v 0.444190 2.985612 -0.459159
v 0.223105 3.061323 -0.429695
v 0.287107 3.076435 -0.403943
v 0.247584 3.107530 -0.382223
v 0.369197 3.121648 -0.250214
v 0.216365 3.044969 -0.430670
v 0.287805 3.056329 -0.398609
v 0.270321 3.023025 -0.377118
v 0.465438 2.977966 -0.331872
v 0.204761 3.045118 -0.440409
v 0.259610 3.037682 -0.404298
v 0.226116 3.069939 -0.383002
v 0.316135 3.041294 -0.259452
v 0.212931 3.052532 -0.428944
v 0.260341 3.088500 -0.408088
v 0.240789 3.053124 -0.372376
v 0.386900 3.073873 -0.312560
v -0.127520 2.998222 -0.553627
v -0.195718 2.973869 -0.513511
v -0.209126 2.987817 -0.562876
v -0.374154 2.890099 -0.517188
v -0.137910 2.999193 -0.553136
v -0.200786 3.015694 -0.529129
v -0.205174 2.985912 -0.563196
v -0.356076 2.976527 -0.505223
v -0.141591 3.000662 -0.554637
v -0.218858 3.017253 -0.530367
v -0.220467 2.989228 -0.576601
v -0.416310 2.940691 -0.508727
v -0.141736 2.997609 -0.558377
v -0.221002 2.998905 -0.560575
v -0.208445 2.977047 -0.596015
v -0.391089 2.922544 -0.600423
v -0.150297 2.991082 -0.565174
v -0.212204 2.964524 -0.565313
v -0.187990 2.969159 -0.616521
v -0.300922 2.857074 -0.648530
v -0.153157 3.003409 -0.573227
v -0.224584 2.994159 -0.615794
v -0.201694 3.024866 -0.637904
v -0.332359 2.980324 -0.790809
v 0.314992 3.263742 -0.838887
v 0.320110 3.284088 -0.920726
v 0.348175 3.250822 -0.915501
v 0.347149 3.247387 -1.115751
v 0.323901 3.257663 -0.846271
v 0.350271 3.220818 -0.914367
v 0.387635 3.232432 -0.890895
v 0.479150 3.081512 -1.006251
v 0.328571 3.257777 -0.845421
v 0.362088 3.250442 -0.907624
v 0.382060 3.222735 -0.876362
v 0.444737 3.146654 -1.018123
v 0.321618 3.259306 -0.839967
v 0.347272 3.257934 -0.899212
v 0.363329 3.219296 -0.868766
v 0.395007 3.154818 -1.011274
v 0.338631 3.262877 -0.843323
v 0.395309 3.243232 -0.886497
v 0.411437 3.270726 -0.853324
v 0.567238 3.203926 -0.905611
v 0.314978 3.261929 -0.831941
v 0.369215 3.215974 -0.878514
v 0.394242 3.233675 -0.843838
v 0.531685 3.058658 -0.884580
v 0.218479 3.252769 -0.737550
v 0.222425 3.248512 -0.821210
v 0.266152 3.218553 -0.797459
v 0.268061 3.129535 -0.984288
v 0.226408 3.253523 -0.751801
v 0.237477 3.252219 -0.824104
v 0.279068 3.243309 -0.801545
v 0.324373 3.177775 -0.962337
v 0.236977 3.244740 -0.758373
v 0.258416 3.236769 -0.817823
v 0.282471 3.210301 -0.786686
v 0.323279 3.140179 -0.913931
v 0.219662 3.253006 -0.737915
v 0.261319 3.266528 -0.792694
v 0.282279 3.236865 -0.765071
v 0.374416 3.199786 -0.912493
v 0.229755 3.245637 -0.741331
v 0.285421 3.211335 -0.785589
v 0.289938 3.194736 -0.745925
v 0.401270 3.074927 -0.832308
v 0.063886 3.421042 -0.408633
v 0.092609 3.425274 -0.333558
v 0.046576 3.459503 -0.340074
v 0.043842 3.444717 -0.142654
v 0.065371 3.436721 -0.403316
v 0.103224 3.494190 -0.351856
v 0.052639 3.491995 -0.338770
v 0.121329 3.583565 -0.162389
v 0.061996 3.421391 -0.415825
v 0.087819 3.475806 -0.385027
v 0.048876 3.454576 -0.358354
v 0.123276 3.538467 -0.233174
v 0.054783 3.435905 -0.404358
v 0.065652 3.494033 -0.354785
v 0.009425 3.472857 -0.354042
v 0.011681 3.558028 -0.185487
v 0.052000 3.419309 -0.400903
v 0.041233 3.412572 -0.333309
v -0.000741 3.422720 -0.356890
v -0.071625 3.344161 -0.213201
v -0.044962 3.458644 -1.126921
v -0.111028 3.442633 -1.165264
v -0.062721 3.412783 -1.187523
v -0.196617 3.315691 -1.264336
v -0.040696 3.459493 -1.122598
v -0.100822 3.426242 -1.167670
v -0.053937 3.410768 -1.187427
v -0.165081 3.286732 -1.282465
v -0.048378 3.454529 -1.136248
v -0.082183 3.404933 -1.174647
v -0.060012 3.445122 -1.205913
v -0.072306 3.317674 -1.329129
v -0.040724 3.457890 -1.133564
v -0.076791 3.415428 -1.190376
v -0.031993 3.438451 -1.210228
v -0.056273 3.304340 -1.346731
v -0.039985 3.459840 -1.130976
v -0.073995 3.420621 -1.195683
v -0.035027 3.435094 -1.210000
v -0.055569 3.277237 -1.357978
v -0.033852 3.464881 -1.133833
v -0.053237 3.447689 -1.202633
v 0.003720 3.466567 -1.197001
v 0.016772 3.377605 -1.353280
v -0.035406 3.461836 -1.121286
v -0.057810 3.429487 -1.174016
v -0.006851 3.440371 -1.176538
v -0.016723 3.335944 -1.287128
v 0.012472 3.464758 -0.946314
v -0.064694 3.433720 -0.962950
v -0.031658 3.400241 -0.979251
v -0.202262 3.256350 -0.953471
v 0.013303 3.469498 -0.951658
v -0.037935 3.484054 -0.993299
v -0.004348 3.452533 -1.014680
v -0.127184 3.430100 -1.114263
v 0.014304 3.468561 -0.956712
v -0.022064 3.446011 -1.006396
v 0.026717 3.471560 -1.021028
v 0.002782 3.377634 -1.153891
v 0.017359 3.467704 -0.946064
v -0.032623 3.444173 -1.001452
v 0.025218 3.430209 -1.014271
v -0.062334 3.305875 -1.129377
v 0.018020 3.464248 -0.958394
v -0.007468 3.430748 -1.032824
v 0.038557 3.428017 -1.033075
v 0.005092 3.267078 -1.183256
v 0.022557 3.458245 -0.970350
v 0.003232 3.419780 -1.035976
v 0.062779 3.425002 -1.028975
v 0.060339 3.268445 -1.150126
v 0.314983 3.463095 -0.734992
v 0.361137 3.454533 -0.791792
v 0.370979 3.418695 -0.752962
v 0.453187 3.334352 -0.888840
v 0.310501 3.465098 -0.729212
v 0.351529 3.434690 -0.775402
v 0.373465 3.438518 -0.720811
v 0.465876 3.304273 -0.780366
v 0.325005 3.463366 -0.730322
v 0.375278 3.432765 -0.764890
v 0.391123 3.453543 -0.716518
v 0.513566 3.352038 -0.744270
v 0.303255 3.467351 -0.723152
v 0.367919 3.446788 -0.749098
v 0.357453 3.428005 -0.695010
v 0.485101 3.319932 -0.739158
v 0.298552 3.469150 -0.723164
v 0.360860 3.466387 -0.739437
v 0.340027 3.426804 -0.697839
v 0.466647 3.364939 -0.738144
v 0.300759 3.470195 -0.721799
v 0.373252 3.487660 -0.725342
v 0.360364 3.440193 -0.688333
v 0.541995 3.400718 -0.726897
v -0.134242 3.988430 -0.838551
v -0.168190 4.012263 -0.792797
v -0.180314 4.029554 -0.838755
v -0.312472 4.058970 -0.764993
v -0.136977 3.989925 -0.837728
v -0.179652 4.020746 -0.796886
v -0.201784 4.005353 -0.836645
v -0.334162 4.020778 -0.739908
v -0.149664 4.002580 -0.840605
v -0.209520 4.035830 -0.824071
v -0.195584 4.044357 -0.873887
v -0.361938 4.086262 -0.885666
v -0.146046 4.009338 -0.839894
v -0.212470 4.065659 -0.833454
v -0.176196 4.083979 -0.873737
v -0.361338 4.193079 -0.950199
v -0.157259 4.002475 -0.846178
v -0.215058 4.054093 -0.837773
v -0.223549 4.015515 -0.885055
v -0.387080 4.085547 -0.872687
v -0.140138 3.998055 -0.845385
v -0.199340 4.045781 -0.873139
v -0.163698 4.044757 -0.907165
v -0.322996 4.096921 -1.039903
v -0.039410 3.853909 -0.821750
v -0.048285 3.886705 -0.768675
v -0.083540 3.896234 -0.806503
v -0.145764 3.959147 -0.696119
v -0.042634 3.856567 -0.825292
v -0.089677 3.900783 -0.789898
v -0.091913 3.907325 -0.845687
v -0.249945 3.978820 -0.802644
v -0.037071 3.849602 -0.826808
v -0.080604 3.900829 -0.808266
v -0.075074 3.898153 -0.859391
v -0.200384 3.996608 -0.852168
v -0.036355 3.849064 -0.826957
v -0.087543 3.902733 -0.852116
v -0.040009 3.919626 -0.860737
v -0.131677 4.035258 -0.987670
v -0.046275 3.852602 -0.835891
v -0.112772 3.861112 -0.863131
v -0.074292 3.878066 -0.897560
v -0.204034 3.879066 -0.999187
v 0.122272 3.572497 -1.078566
v 0.095005 3.524170 -1.114264
v 0.124504 3.546092 -1.138991
v 0.106700 3.422459 -1.230164
v 0.126290 3.558234 -1.082003
v 0.100458 3.499419 -1.116817
v 0.144678 3.497638 -1.118452
v 0.114117 3.319460 -1.151190
v 0.128921 3.577995 -1.069543
v 0.106511 3.527732 -1.135808
v 0.155601 3.514393 -1.121144
v 0.109805 3.333958 -1.227527
v 0.128567 3.583987 -1.062732
v 0.123083 3.570848 -1.131682
v 0.162215 3.555386 -1.117565
v 0.161327 3.482643 -1.264533
v 0.129120 3.581743 -1.064646
v 0.118887 3.525804 -1.115677
v 0.172561 3.538729 -1.110481
v 0.194004 3.358999 -1.180755
v 0.132550 3.574000 -1.074466
v 0.121222 3.539697 -1.140391
v 0.163791 3.513284 -1.105909
v 0.118122 3.367318 -1.214972
v 0.135595 3.571841 -1.069628
v 0.146961 3.501739 -1.113532
v 0.185647 3.507862 -1.088930
v 0.210347 3.292779 -1.117716
v 0.488676 4.165330 -0.796909
v 0.532689 4.192119 -0.841528
v 0.546949 4.199846 -0.789254
v 0.694306 4.222878 -0.861510
v 0.473415 4.151210 -0.788854
v 0.531848 4.171032 -0.808394
v 0.529134 4.166021 -0.759440
v 0.678060 4.174444 -0.775131
v 0.473076 4.153383 -0.787830
v 0.532954 4.172302 -0.780811
v 0.493020 4.201024 -0.751428
v 0.620147 4.231634 -0.664440
v 0.469364 4.149559 -0.789185
v 0.548159 4.161929 -0.764071
v 0.523091 4.175191 -0.730458
v 0.703294 4.138314 -0.610285
v 0.470281 4.150213 -0.788519
v 0.542702 4.175683 -0.770355
v 0.511060 4.176698 -0.726398
v 0.687447 4.172252 -0.632703
v 0.488716 4.163858 -0.773785
v 0.545300 4.203743 -0.764704
v 0.526299 4.177679 -0.716588
v 0.673759 4.221746 -0.669356
v 0.331466 4.014953 -0.846465
v 0.376069 4.059556 -0.885096
v 0.404819 4.023606 -0.850415
v 0.535519 4.070535 -0.958006
v 0.327547 4.010592 -0.836177
v 0.398029 4.039459 -0.852174
v 0.395546 4.023020 -0.800419
v 0.584565 4.026267 -0.818867
v 0.310665 4.004387 -0.838797
v 0.354005 4.053751 -0.850752
v 0.365335 4.017954 -0.802946
v 0.497311 4.088046 -0.820386
v 0.328307 4.004523 -0.827161
v 0.398642 3.985738 -0.803595
v 0.372488 4.031136 -0.770636
v 0.505803 3.989027 -0.664970
v 0.318080 4.003829 -0.826627
v 0.387130 4.018004 -0.786457
v 0.352258 3.994655 -0.753619
v 0.512733 3.963553 -0.648555
v -0.084043 3.795880 -1.018569
v -0.122453 3.746083 -1.005850
v -0.141144 3.773427 -1.037334
v -0.223551 3.637078 -1.073669
v -0.085780 3.795715 -1.020123
v -0.163643 3.764373 -1.026941
v -0.142961 3.760191 -1.070717
v -0.294504 3.616001 -1.101563
v -0.083319 3.796621 -1.018986
v -0.156563 3.794061 -1.016203
v -0.133780 3.758068 -1.055679
v -0.294305 3.680679 -1.035040
v -0.092694 3.796004 -1.026432
v -0.166325 3.769908 -1.055546
v -0.136038 3.788914 -1.097293
v -0.266177 3.662168 -1.213226
v -0.086371 3.793894 -1.021827
v -0.136557 3.738553 -1.044550
v -0.121524 3.759869 -1.082689
v -0.183126 3.595188 -1.171023
v -0.084843 3.795496 -1.021123
v -0.138718 3.767462 -1.041957
v -0.103540 3.770945 -1.077428
v -0.194735 3.673737 -1.142065
v -0.099901 3.791344 -1.044376
v -0.156808 3.787528 -1.082898
v -0.121387 3.757957 -1.100595
v -0.258173 3.678626 -1.172817
v 0.096807 3.917292 -0.991875
v 0.026048 3.953925 -1.017009
v 0.045634 3.941357 -1.053379
v -0.143538 3.963839 -1.137391
v 0.100659 3.917748 -0.991072
v 0.040569 3.964552 -1.019772
v 0.081585 3.957520 -1.059479
v -0.061318 4.019524 -1.176416
v 0.101490 3.917377 -0.993643
v 0.063210 3.936375 -1.063135
v 0.102502 3.967504 -1.057998
v 0.084593 3.984382 -1.270471
v 0.103398 3.924811 -0.991102
v 0.073701 3.969132 -1.027194
v 0.124895 3.981699 -1.012329
v 0.105494 4.077941 -1.127768
v 0.105927 3.924223 -1.000207
v 0.085003 3.955760 -1.068519
v 0.141080 3.969889 -1.052911
v 0.154723 4.000922 -1.244961
v 0.107669 3.917124 -0.989465
v 0.114491 3.964705 -1.043943
v 0.155368 3.964619 -1.016803
v 0.215579 4.048904 -1.151578
v 0.117978 3.920776 -1.002630
v 0.131982 3.959426 -1.073127
v 0.179185 3.923830 -1.056521
v 0.217996 3.933565 -1.259509
v 0.120176 3.923871 -0.993241
v 0.159868 3.973206 -1.044870
v 0.194799 3.948799 -1.015257
v 0.323118 3.996425 -1.172840
v 0.189243 2.213839 0.307788
v 0.231937 2.184058 0.369649
v 0.190821 2.186445 0.383838
v 0.253227 2.040359 0.522384
v 0.179796 2.219187 0.283103
v 0.202143 2.179519 0.336081
v 0.152004 2.198946 0.343911
v 0.145760 2.062907 0.452916
v 0.176689 2.221793 0.294149
v 0.186032 2.232706 0.366165
v 0.150185 2.206664 0.360943
v 0.181983 2.165991 0.536075
v 0.177667 2.219408 0.283808
v 0.177958 2.185820 0.342796
v 0.125799 2.212644 0.327071
v 0.075648 2.110523 0.436464
v 0.161904 2.217243 0.302533
v 0.146087 2.188918 0.363365
v 0.099464 2.214053 0.331584
v 0.014450 2.106067 0.430928
v 0.102473 2.235969 -0.101547
v 0.037906 2.245807 -0.113138
v 0.072432 2.230912 -0.160470
v -0.073725 2.185597 -0.214220
v 0.107739 2.236193 -0.102405
v 0.042348 2.259691 -0.133112
v 0.077906 2.234309 -0.172243
v -0.068356 2.239656 -0.264661
v 0.113189 2.230217 -0.102388
v 0.066989 2.213380 -0.141785
v 0.105498 2.236556 -0.164603
v 0.035052 2.187424 -0.277720
v 0.114146 2.235013 -0.114122
v 0.070371 2.248695 -0.170862
v 0.112678 2.229775 -0.186877
v 0.023270 2.214620 -0.330097
v 0.117545 2.233232 -0.117364
v 0.089287 2.211113 -0.185028
v 0.135119 2.248250 -0.190384
v 0.145655 2.162899 -0.364507
v 0.504722 2.643901 0.059089
v 0.548673 2.614542 0.022445
v 0.552620 2.602735 0.071237
v 0.639123 2.499032 0.013160
v 0.520509 2.634515 0.057095
v 0.560663 2.584575 0.039975
v 0.583403 2.616580 0.068149
v 0.685228 2.504074 0.072327
v 0.508270 2.641748 0.059758
v 0.581757 2.611458 0.038597
v 0.556078 2.579034 0.083146
v 0.687128 2.438120 0.014653
v 0.508101 2.640589 0.059541
v 0.567540 2.601025 0.040986
v 0.541797 2.576154 0.072008
v 0.636948 2.434756 0.001444
v 0.504885 2.643959 0.059454
v 0.559345 2.607400 0.059584
v 0.552808 2.623124 0.099098
v 0.653985 2.506486 0.138822
v 0.519487 2.635717 0.066675
v 0.582308 2.603580 0.066963
v 0.555998 2.595367 0.111598
v 0.667791 2.467448 0.123127
v 0.172888 2.706073 0.150251
v 0.185448 2.679687 0.219006
v 0.127274 2.676820 0.201679
v 0.125789 2.549800 0.334239
v 0.171816 2.707900 0.139105
v 0.158731 2.676931 0.198621
v 0.114880 2.687446 0.170924
v 0.055974 2.592448 0.278675
v 0.173247 2.709873 0.134116
v 0.130160 2.666704 0.188434
v 0.099171 2.686436 0.159295
v -0.026987 2.531396 0.226204
v 0.161032 2.703616 0.139699
v 0.125137 2.662340 0.179424
v 0.095970 2.687859 0.149126
v -0.007114 2.579328 0.196887
v 0.165487 2.709694 0.133953
v 0.108264 2.694987 0.176327
v 0.095861 2.688767 0.133271
v -0.037355 2.608564 0.206998
v 0.564513 3.174022 -0.211434
v 0.566791 3.121679 -0.259658
v 0.609103 3.145953 -0.259334
v 0.665751 2.999228 -0.336885
v 0.570090 3.169720 -0.219529
v 0.578201 3.128973 -0.286299
v 0.627043 3.134402 -0.260679
v 0.672974 3.003857 -0.380519
v 0.578305 3.180213 -0.225926
v 0.596991 3.201926 -0.279632
v 0.625185 3.168619 -0.262977
v 0.670624 3.173266 -0.396101
v 0.569378 3.177313 -0.213368
v 0.607148 3.183928 -0.289277
v 0.642262 3.161443 -0.254215
v 0.734347 3.080422 -0.440722
v 0.577156 3.175191 -0.215573
v 0.618088 3.160663 -0.270815
v 0.645904 3.162157 -0.222053
v 0.756685 3.071409 -0.314806
v 0.493228 3.168478 -0.124135
v 0.478627 3.155669 -0.204343
v 0.526587 3.125664 -0.186301
v 0.493766 3.030951 -0.354292
v 0.501887 3.164140 -0.146236
v 0.501425 3.160909 -0.206894
v 0.533832 3.137628 -0.190584
v 0.538169 3.091610 -0.321852
v 0.498925 3.168252 -0.122989
v 0.526715 3.152331 -0.181401
v 0.558753 3.141891 -0.135773
v 0.630216 3.050681 -0.242077
v 0.500495 3.169129 -0.121728
v 0.555395 3.133621 -0.170416
v 0.581872 3.165972 -0.125352
v 0.737515 3.041028 -0.169024
v 0.377839 3.758827 -0.181519
v 0.318824 3.776053 -0.183913
v 0.327247 3.745513 -0.213898
v 0.172952 3.724254 -0.203858
v 0.375862 3.762052 -0.183773
v 0.319127 3.815325 -0.198395
v 0.326804 3.788217 -0.240160
v 0.140681 3.851980 -0.285377
v 0.376845 3.761438 -0.185312
v 0.321030 3.796033 -0.226622
v 0.369870 3.786654 -0.258347
v 0.255462 3.824373 -0.390782
v 0.371082 3.762552 -0.194114
v 0.319670 3.781225 -0.232171
v 0.349160 3.758753 -0.256925
v 0.213744 3.734844 -0.356401
v 0.377018 3.767092 -0.206358
v 0.343660 3.797999 -0.257265
v 0.387257 3.760224 -0.273497
v 0.293301 3.760123 -0.415000
v 0.416562 3.695458 -0.110628
v 0.361549 3.735044 -0.098515
v 0.359669 3.712701 -0.145357
v 0.196163 3.749076 -0.127359
v 0.422544 3.693867 -0.112362
v 0.362097 3.753346 -0.120150
v 0.358973 3.720987 -0.162116
v 0.151290 3.795997 -0.170919
v 0.424600 3.692761 -0.119678
v 0.383181 3.701505 -0.171961
v 0.420060 3.730768 -0.174998
v 0.370646 3.739006 -0.329220
v 0.435075 3.700534 -0.134225
v 0.416721 3.727750 -0.184930
v 0.462382 3.716606 -0.185650
v 0.441645 3.739699 -0.323635
v 0.696297 3.478597 -0.076210
v 0.724984 3.409270 -0.113691
v 0.767365 3.444443 -0.104793
v 0.883816 3.263346 -0.118467
v 0.697856 3.463474 -0.077568
v 0.707989 3.418447 -0.122929
v 0.723528 3.404301 -0.072350
v 0.725523 3.272990 -0.139342
v 0.706432 3.467848 -0.084017
v 0.728183 3.403582 -0.125554
v 0.771056 3.424148 -0.099594
v 0.841928 3.229356 -0.118850
v 0.707356 3.472694 -0.077648
v 0.750257 3.420051 -0.127977
v 0.777920 3.426368 -0.082054
v 0.877483 3.270791 -0.152357
v 0.693190 3.476695 -0.068173
v 0.717298 3.410660 -0.094494
v 0.724588 3.411251 -0.049045
v 0.733943 3.226790 -0.071459
v 0.692949 3.482117 -0.068398
v 0.717977 3.428192 -0.088161
v 0.746191 3.452123 -0.054593
v 0.807486 3.319379 -0.048650
v 0.712516 3.470194 -0.067775
v 0.765506 3.416832 -0.090865
v 0.775802 3.430458 -0.043188
v 0.885931 3.285002 -0.052298
v 0.715632 4.294923 0.311982
v 0.780478 4.332738 0.351161
v 0.730054 4.358107 0.366478
v 0.846389 4.422804 0.530640
v 0.700879 4.274080 0.298928
v 0.743507 4.301881 0.344336
v 0.696684 4.295497 0.363547
v 0.775771 4.322543 0.497564
v 0.707154 4.294106 0.319510
v 0.742792 4.335705 0.350966
v 0.708739 4.318501 0.377755
v 0.809476 4.364193 0.494593
v 0.700138 4.282388 0.314996
v 0.728549 4.322401 0.380479
v 0.681031 4.295642 0.393453
v 0.755605 4.314807 0.585008
v 0.698830 4.275311 0.302113
v 0.694018 4.280115 0.362753
v 0.658908 4.301055 0.340413
v 0.597119 4.287643 0.473527
v 0.679448 4.129011 0.167407
v 0.738291 4.151763 0.214967
v 0.708913 4.119917 0.240148
v 0.881769 4.088824 0.352626
v 0.678046 4.130772 0.167920
v 0.712925 4.171177 0.208999
v 0.687389 4.137094 0.234323
v 0.782447 4.186428 0.348100
v 0.675398 4.130557 0.164573
v 0.694349 4.174664 0.213042
v 0.647492 4.164780 0.216571
v 0.667240 4.237123 0.354714
v 0.661895 4.136480 0.186395
v 0.640438 4.143766 0.259340
v 0.610236 4.164066 0.235434
v 0.519840 4.164326 0.389508
v 0.717309 3.918765 -0.297665
v 0.684909 3.894772 -0.354207
v 0.732423 3.895319 -0.361260
v 0.691366 3.773964 -0.483665
v 0.720268 3.923232 -0.277694
v 0.686783 3.909834 -0.337644
v 0.745813 3.899451 -0.338330
v 0.698629 3.812865 -0.469410
v 0.722205 3.921217 -0.288495
v 0.708102 3.894683 -0.354992
v 0.761405 3.904591 -0.347755
v 0.773953 3.786075 -0.484613
v 0.723083 3.921163 -0.284823
v 0.719943 3.891745 -0.353957
v 0.773894 3.903862 -0.337490
v 0.807116 3.806328 -0.475634
v 0.725447 3.918964 -0.284913
v 0.747992 3.862763 -0.346293
v 0.790343 3.885029 -0.330424
v 0.888513 3.699424 -0.412067
v 0.720408 3.923280 -0.277436
v 0.738785 3.914122 -0.347598
v 0.771288 3.899355 -0.324160
v 0.820022 3.828781 -0.475115
v 1.050466 4.124631 0.128549
v 1.103006 4.101255 0.101479
v 1.095238 4.090546 0.158101
v 1.191791 3.974155 0.119479
v 1.056962 4.114439 0.130801
v 1.090015 4.038986 0.128630
v 1.113548 4.069791 0.170740
v 1.161634 3.882754 0.241797
v 1.064176 4.117107 0.136013
v 1.148129 4.098110 0.144719
v 1.115928 4.059278 0.174253
v 1.291116 3.963086 0.180939
v 1.052365 4.123942 0.134462
v 1.110110 4.079184 0.170201
v 1.089651 4.112199 0.205785
v 1.169937 3.979715 0.335875
v 1.059839 4.108258 0.138688
v 1.111821 4.063374 0.143545
v 1.072738 4.049581 0.172316
v 1.148815 3.894753 0.157199
v 1.052069 4.119222 0.135752
v 1.110774 4.089365 0.166969
v 1.065596 4.061517 0.178171
v 1.179944 3.949135 0.228642
v 1.052909 4.115769 0.144222
v 1.083081 4.065530 0.173997
v 1.051503 4.089958 0.204660
v 1.056749 3.944589 0.284552
v 0.950227 4.163907 0.053255
v 1.025771 4.147281 0.034611
v 1.020063 4.136554 0.079820
v 1.184076 4.044604 0.054474
v 0.965519 4.148068 0.059931
v 1.015964 4.098758 0.050131
v 1.008268 4.108727 0.101125
v 1.081066 3.944154 0.117231
v 0.939108 4.166049 0.052488
v 0.976914 4.100616 0.066894
v 0.970905 4.125055 0.109292
v 0.998004 3.947158 0.187006
v 0.954131 4.150805 0.070179
v 0.997219 4.108859 0.087001
v 0.964610 4.115935 0.120907
v 1.015773 3.976101 0.165924
v 0.947874 4.156443 0.065992
v 0.978212 4.103130 0.089478
v 0.959196 4.140454 0.128685
v 0.972957 4.010662 0.216938
v 0.941499 4.143178 0.076756
v 0.979149 4.100418 0.130460
v 0.925583 4.075216 0.112223
v 1.014475 3.913882 0.179274
v 0.576600 4.369127 0.033151
v 0.543937 4.363937 0.105960
v 0.502478 4.375053 0.062574
v 0.389463 4.324868 0.200638
v 0.572896 4.381886 0.033283
v 0.553872 4.430355 0.083945
v 0.508055 4.408090 0.052950
v 0.424775 4.472788 0.186937
v 0.576528 4.376064 0.028334
v 0.542599 4.431821 0.078782
v 0.500643 4.397038 0.052963
v 0.389255 4.457196 0.223354
v 0.570677 4.377679 0.026700
v 0.512314 4.404556 0.060689
v 0.506945 4.410956 0.015988
v 0.341900 4.438571 0.062896
v 0.554864 4.369181 0.027829
v 0.484832 4.377315 0.069307
v 0.476367 4.348193 0.018412
v 0.309586 4.282598 0.118170
v 0.565410 4.377979 0.023927
v 0.485058 4.397189 0.050665
v 0.492774 4.416019 -0.004661
v 0.287770 4.427701 0.002130
v 1.194379 4.292299 -0.493421
v 1.181073 4.263566 -0.562097
v 1.226443 4.261374 -0.554532
v 1.218546 4.114317 -0.689937
v 1.200916 4.288655 -0.494188
v 1.216389 4.259906 -0.572366
v 1.244717 4.237936 -0.546022
v 1.255134 4.100926 -0.709049
v 1.204144 4.286223 -0.500231
v 1.206247 4.259800 -0.565854
v 1.251089 4.246205 -0.534925
v 1.258162 4.113830 -0.654326
v 1.207031 4.285804 -0.492258
v 1.236952 4.241726 -0.548565
v 1.269791 4.248862 -0.518814
v 1.350796 4.105302 -0.607644
v 1.192392 4.296242 -0.478405
v 1.252191 4.247720 -0.520277
v 1.279419 4.293048 -0.488392
v 1.449642 4.166113 -0.513087
v 1.075965 4.340769 -0.340758
v 1.067479 4.307617 -0.417245
v 1.113516 4.308908 -0.408553
v 1.122710 4.182477 -0.564820
v 1.079955 4.326765 -0.329631
v 1.070370 4.275610 -0.372712
v 1.123636 4.278461 -0.347612
v 1.124975 4.134908 -0.403380
v 1.072080 4.349112 -0.313762
v 1.097677 4.298007 -0.359277
v 1.132722 4.323503 -0.345466
v 1.233741 4.169495 -0.392404
v 1.082560 4.338458 -0.317001
v 1.113611 4.304960 -0.359118
v 1.115577 4.286041 -0.312264
v 1.147521 4.158334 -0.392457
v 0.995857 4.539447 -0.108850
v 0.993343 4.589378 -0.156764
v 1.043486 4.559327 -0.155017
v 1.058157 4.632652 -0.293773
v 0.998252 4.548375 -0.117952
v 0.995144 4.581677 -0.188666
v 1.040452 4.602007 -0.156189
v 1.100110 4.654930 -0.326749
v 1.005463 4.560895 -0.123316
v 1.019483 4.611585 -0.183476
v 1.055363 4.612574 -0.158308
v 1.148241 4.681195 -0.331594
v 1.007521 4.566172 -0.110637
v 1.046389 4.614447 -0.136305
v 1.029019 4.626011 -0.089255
v 1.144494 4.731794 -0.100775
v 1.003868 4.557934 -0.111149
v 1.029805 4.622425 -0.143542
v 1.047692 4.620433 -0.103770
v 1.158700 4.750000 -0.171164
v 1.014084 4.552622 -0.103333
v 1.079838 4.579168 -0.111229
v 1.058690 4.589584 -0.061683
v 1.222716 4.617811 -0.027986
v 1.008427 4.558182 -0.100867
v 1.060853 4.609221 -0.098242
v 1.046930 4.602420 -0.057040
v 1.219930 4.671782 -0.010646
v 1.011676 4.553056 -0.091249
v 1.077558 4.574227 -0.040725
v 1.038101 4.598839 -0.023818
v 1.154945 4.610197 0.159927
v 0.039052 2.261861 0.483030
v 0.041255 2.271287 0.568371
v -0.003135 2.254196 0.557450
v -0.000986 2.180927 0.772423
v 0.042254 2.257281 0.466511
v 0.012170 2.215168 0.532591
v -0.032336 2.245640 0.503197
v -0.156217 2.093362 0.597095
v 0.021866 2.248822 0.482351
v -0.020448 2.210414 0.538509
v -0.049639 2.228001 0.511895
v -0.171365 2.103994 0.598591
v 0.026173 2.262902 0.474278
v -0.029495 2.249497 0.521157
v -0.041576 2.290935 0.484302
v -0.211587 2.245190 0.532301
v 0.043590 2.257443 0.463873
v -0.000990 2.237863 0.526547
v -0.017789 2.208341 0.474845
v -0.100802 2.095544 0.603233
v 0.029343 2.250510 0.470536
v -0.019041 2.191842 0.506670
v -0.052901 2.235196 0.480027
v -0.195610 2.088202 0.492316
v 0.123721 2.226857 0.412548
v 0.135344 2.199563 0.493241
v 0.093285 2.176289 0.475061
v 0.138842 2.026212 0.634432
v 0.120777 2.230675 0.400977
v 0.104227 2.210346 0.465728
v 0.073360 2.195692 0.438497
v 0.033543 2.102303 0.568938
v 0.108579 2.238226 0.403137
v 0.073867 2.234209 0.461985
v 0.041262 2.244950 0.413503
v -0.066906 2.213152 0.515597
v 0.101341 2.241253 0.402666
v 0.046013 2.259995 0.457016
v 0.024921 2.234551 0.424608
v -0.111314 2.214579 0.562011
v 0.124723 2.235274 0.389273
v 0.049009 2.198489 0.405431
v 0.040645 2.238010 0.372836
v -0.140064 2.141433 0.343437
v 0.315388 2.191919 0.117667
v 0.272545 2.143111 0.064666
v 0.333623 2.139084 0.055194
v 0.276490 1.947014 -0.029043
v 0.321017 2.206108 0.124442
v 0.319851 2.183214 0.042322
v 0.354874 2.219219 0.047299
v 0.437123 2.129539 -0.138650
v 0.333458 2.206182 0.111349
v 0.338322 2.215814 0.030889
v 0.380823 2.180644 0.050566
v 0.376298 2.113039 -0.147667
v 0.321253 2.203390 0.136313
v 0.332069 2.179510 0.067199
v 0.356815 2.154295 0.094016
v 0.373109 2.058393 -0.047873
v 0.327459 2.205492 0.127534
v 0.356320 2.183023 0.061418
v 0.384687 2.219609 0.080260
v 0.501354 2.158117 -0.042277
v 0.328003 2.204424 0.131809
v 0.371263 2.211413 0.060719
v 0.391868 2.174578 0.087036
v 0.478244 2.131703 -0.087603
v 0.331175 2.200687 0.130042
v 0.370924 2.182360 0.061560
v 0.391661 2.155869 0.099408
v 0.457915 2.035830 -0.054787
v 0.498976 2.791289 0.577359
v 0.566212 2.789283 0.600873
v 0.531578 2.810091 0.637867
v 0.661996 2.786548 0.732647
v 0.509513 2.792112 0.582345
v 0.593358 2.794003 0.601458
v 0.562916 2.789142 0.649711
v 0.753039 2.706123 0.727319
v 0.501623 2.789546 0.582795
v 0.574192 2.803516 0.621953
v 0.551268 2.773934 0.648266
v 0.736622 2.739338 0.731084
v 0.498143 2.787212 0.588771
v 0.555625 2.801575 0.637963
v 0.520892 2.759126 0.656771
v 0.664708 2.728753 0.764432
v 0.489556 2.788441 0.581625
v 0.535455 2.796524 0.652879
v 0.502976 2.767069 0.662941
v 0.646605 2.697894 0.823487
v 0.488380 2.788996 0.574893
v 0.520392 2.774644 0.633101
v 0.484749 2.805879 0.640625
v 0.495105 2.741628 0.803396
v 0.434283 2.752446 0.477648
v 0.503095 2.747022 0.490792
v 0.474844 2.767719 0.532955
v 0.614974 2.717168 0.616036
v 0.422721 2.747885 0.475647
v 0.489034 2.755689 0.503680
v 0.459190 2.729490 0.535445
v 0.616950 2.678951 0.601273
v 0.424737 2.749192 0.480520
v 0.485178 2.763537 0.512733
v 0.456894 2.731096 0.539976
v 0.615936 2.690585 0.609233
v 0.416226 2.748429 0.483996
v 0.439815 2.727756 0.538090
v 0.406879 2.767405 0.542839
v 0.408909 2.718830 0.680379
v 0.412215 2.746719 0.481548
v 0.425808 2.727189 0.536339
v 0.391631 2.752980 0.537273
v 0.378244 2.695074 0.664508
v 0.173594 2.757410 0.245315
v 0.117291 2.788865 0.275193
v 0.104679 2.756782 0.227921
v -0.046130 2.773463 0.293040
v 0.151385 2.759399 0.240203
v 0.077972 2.752292 0.247131
v 0.088402 2.766722 0.201894
v -0.079571 2.703030 0.168969
v 0.159507 2.765641 0.230682
v 0.102719 2.795796 0.217670
v 0.122672 2.771388 0.176703
v -0.020594 2.792309 0.127074
v 0.163224 2.761898 0.227404
v 0.095239 2.774061 0.190946
v 0.141716 2.773088 0.153166
v 0.006989 2.760089 0.035251
v 0.174754 2.757110 0.240818
v 0.128169 2.751935 0.195839
v 0.162064 2.773897 0.179359
v 0.092707 2.735135 0.042782
v 0.670654 3.251193 0.211375
v 0.712178 3.252330 0.139856
v 0.729912 3.288329 0.167216
v 0.890444 3.274569 0.038160
v 0.669143 3.242235 0.216476
v 0.690588 3.242113 0.148336
v 0.730273 3.227778 0.182459
v 0.799342 3.186308 0.041563
v 0.667893 3.243701 0.220686
v 0.694357 3.245479 0.158306
v 0.730640 3.236315 0.196130
v 0.813295 3.196125 0.069680
v 0.674663 3.250872 0.224536
v 0.727250 3.260952 0.181550
v 0.738051 3.276812 0.229426
v 0.889280 3.269925 0.169807
v 0.683482 3.248044 0.224698
v 0.739230 3.274037 0.189385
v 0.753148 3.236782 0.217604
v 0.888897 3.241768 0.115100
v 0.675437 3.240987 0.229010
v 0.736998 3.245538 0.199952
v 0.737465 3.212963 0.233712
v 0.874080 3.168339 0.156167
v 0.681815 3.246262 0.232662
v 0.749728 3.253644 0.211320
v 0.749624 3.235754 0.253003
v 0.918690 3.172751 0.201706
v 0.560509 3.199558 0.263993
v 0.570195 3.180801 0.201737
v 0.612436 3.216280 0.227314
v 0.678770 3.172191 0.106641
v 0.550981 3.200629 0.284397
v 0.585836 3.213128 0.216375
v 0.618244 3.213853 0.248358
v 0.741412 3.166086 0.092214
v 0.569464 3.214142 0.275672
v 0.600254 3.263918 0.230945
v 0.638201 3.226934 0.252481
v 0.732002 3.296829 0.131278
v 0.547956 3.198991 0.288624
v 0.597646 3.224359 0.239480
v 0.621485 3.209034 0.293146
v 0.771622 3.199839 0.189512
v 0.560672 3.199734 0.285923
v 0.632127 3.184301 0.257738
v 0.637903 3.209361 0.294924
v 0.825117 3.121943 0.297270
v 0.576304 3.196937 0.286491
v 0.636714 3.176921 0.258804
v 0.642030 3.197412 0.308771
v 0.786132 3.118079 0.296506
v 0.330889 3.125827 0.625191
v 0.353803 3.057222 0.669016
v 0.316490 3.090240 0.700547
v 0.281989 2.901802 0.801912
v 0.329849 3.114820 0.647345
v 0.351442 3.057413 0.707333
v 0.301674 3.075464 0.718181
v 0.288120 2.889533 0.830802
v 0.329071 3.130826 0.619603
v 0.328650 3.102386 0.689966
v 0.298842 3.133862 0.689152
v 0.238639 3.050990 0.843867
v 0.325435 3.129653 0.639030
v 0.341427 3.111270 0.705089
v 0.283897 3.120728 0.695177
v 0.273221 3.019350 0.836831
v 0.326878 3.129811 0.623013
v 0.328660 3.119958 0.684934
v 0.284174 3.102341 0.659839
v 0.278574 3.019739 0.785918
v 0.313266 3.127072 0.645057
v 0.297659 3.125670 0.716109
v 0.265807 3.101233 0.693780
v 0.229171 3.047462 0.852143
v 0.311516 3.127758 0.635375
v 0.277203 3.126564 0.705921
v 0.250420 3.096053 0.673027
v 0.180821 3.026314 0.835880
v 0.609124 3.802986 0.221096
v 0.582312 3.818927 0.167604
v 0.624524 3.845606 0.178897
v 0.608749 3.879136 0.042593
v 0.614810 3.817232 0.205964
v 0.596109 3.848165 0.153924
v 0.648940 3.845806 0.160870
v 0.643646 3.869882 0.004515
v 0.615709 3.801059 0.223461
v 0.627454 3.827484 0.163493
v 0.670860 3.814854 0.188814
v 0.731580 3.810236 0.029403
v 0.619196 3.803981 0.223050
v 0.634112 3.845316 0.179555
v 0.673316 3.813986 0.194877
v 0.725493 3.854901 0.055182
v 0.627754 3.810866 0.223074
v 0.663494 3.849773 0.175977
v 0.694310 3.834938 0.222801
v 0.826584 3.865407 0.109497
v 0.556721 3.684341 0.307884
v 0.511231 3.745624 0.275874
v 0.542317 3.722509 0.235874
v 0.423203 3.824018 0.123399
v 0.562845 3.675115 0.316677
v 0.556037 3.732675 0.260560
v 0.610360 3.709818 0.261480
v 0.612274 3.782616 0.068958
v 0.572924 3.693161 0.310596
v 0.586914 3.736281 0.269303
v 0.616808 3.735989 0.310237
v 0.694455 3.815489 0.222716
v 0.572551 3.678984 0.312293
v 0.612592 3.710665 0.258370
v 0.643168 3.694001 0.294903
v 0.765887 3.711542 0.165332
v 0.661840 3.417994 0.548419
v 0.730728 3.385324 0.522499
v 0.718107 3.367266 0.575721
v 0.844811 3.225286 0.526423
v 0.678088 3.410851 0.551722
v 0.734151 3.386045 0.538680
v 0.723202 3.377397 0.579543
v 0.832913 3.279260 0.565355
v 0.665183 3.415578 0.552533
v 0.724595 3.384529 0.557808
v 0.699280 3.372104 0.590862
v 0.806088 3.237302 0.593435
v 0.659314 3.417451 0.549571
v 0.713529 3.360079 0.552054
v 0.679662 3.352274 0.589255
v 0.751334 3.169449 0.581308
v 0.666065 3.392106 0.563388
v 0.683652 3.320590 0.565350
v 0.666603 3.344344 0.619479
v 0.637158 3.169917 0.651789
v 0.659496 3.413483 0.551955
v 0.704404 3.355833 0.572328
v 0.655300 3.345266 0.584883
v 0.722147 3.179112 0.599735
v 0.664689 3.398763 0.565582
v 0.704970 3.345301 0.598224
v 0.662234 3.335603 0.604964
v 0.728775 3.168755 0.640970
v 0.468181 3.970065 0.928418
v 0.497838 3.965898 1.004678
v 0.444747 3.951177 1.004618
v 0.498357 3.860216 1.181718
v 0.467427 3.973051 0.918910
v 0.492890 3.965644 0.981387
v 0.435483 3.974594 0.978775
v 0.446493 3.900205 1.129366
v 0.466667 3.971486 0.898949
v 0.457633 3.967446 0.968479
v 0.425051 3.994655 0.950560
v 0.351760 3.966113 1.099727
v 0.453114 3.967084 0.921888
v 0.438761 3.963664 1.004083
v 0.399996 3.938392 0.979586
v 0.368161 3.862729 1.163971
v 0.451554 3.972451 0.915124
v 0.418532 3.958441 0.993830
v 0.376532 3.976833 0.957947
v 0.248826 3.883033 1.106580
v 0.535385 3.901571 0.759229
v 0.574356 3.904771 0.823450
v 0.517986 3.908908 0.832007
v 0.569086 3.865725 0.998543
v 0.527539 3.907636 0.765649
v 0.541605 3.919896 0.845324
v 0.491370 3.933987 0.834159
v 0.476150 3.930374 1.025570
v 0.527135 3.897207 0.743156
v 0.513328 3.892287 0.826037
v 0.468364 3.893771 0.803307
v 0.403427 3.827953 0.983359
v 0.508659 3.897741 0.751388
v 0.456347 3.881247 0.809695
v 0.433069 3.906399 0.776277
v 0.277986 3.840255 0.868803
v 0.789994 3.794478 0.401558
v 0.795894 3.786254 0.340202
v 0.822189 3.758296 0.362554
v 0.823411 3.689524 0.230970
v 0.801806 3.791424 0.386294
v 0.822584 3.760225 0.336325
v 0.854804 3.792732 0.353257
v 0.947124 3.706887 0.272061
v 0.809774 3.797021 0.377380
v 0.846496 3.772292 0.314541
v 0.874902 3.813952 0.340226
v 1.027106 3.730704 0.244586
v 0.808854 3.780301 0.383789
v 0.838058 3.754163 0.319178
v 0.853992 3.726208 0.356454
v 0.885092 3.601182 0.216874
v 0.793953 3.793996 0.401582
v 0.838406 3.757508 0.370490
v 0.859232 3.794223 0.405149
v 0.981538 3.695486 0.393218
v 0.822051 3.795090 0.395254
v 0.874072 3.785928 0.356362
v 0.886472 3.791489 0.407072
v 1.017194 3.731299 0.354531
v 0.812092 3.784854 0.401157
v 0.856222 3.737518 0.384722
v 0.874327 3.770548 0.420662
v 0.975293 3.641293 0.450883
v 0.929554 4.038870 0.987674
v 0.982781 4.013949 1.001903
v 0.950139 3.999383 1.028584
v 1.048229 3.878048 1.045063
v 0.921395 4.044759 0.980910
v 0.990080 4.038547 1.019141
v 0.943456 4.037041 1.056220
v 1.075385 3.957322 1.170990
v 0.925430 4.045735 0.986577
v 0.978776 4.060432 1.021875
v 0.953685 4.032466 1.044312
v 1.095436 4.003256 1.123744
v 0.920979 4.044747 0.981757
v 0.965475 4.041722 1.050241
v 0.913985 4.038700 1.062958
v 0.985929 3.988989 1.231477
v 0.925704 4.042634 1.007720
v 0.969605 4.033057 1.072028
v 0.909722 4.025797 1.082658
v 0.977809 3.945352 1.234810
v 0.921427 4.044193 0.986592
v 0.950562 4.015757 1.050359
v 0.903546 4.052848 1.059592
v 0.915302 3.979430 1.215564
v 0.864458 4.026319 0.838768
v 0.927544 4.032250 0.853177
v 0.888739 4.020974 0.898806
v 1.020849 3.979618 0.960230
v 0.846586 4.018633 0.822350
v 0.912063 3.983934 0.842313
v 0.878482 3.989164 0.885627
v 0.990418 3.858271 0.953227
v 0.844247 4.018606 0.829128
v 0.895217 3.992310 0.892148
v 0.846687 3.992181 0.910102
v 0.929366 3.883803 1.058248
v 0.840806 4.020768 0.840036
v 0.871092 4.027742 0.905947
v 0.830243 3.992517 0.906372
v 0.916064 3.936096 1.055827
v 0.839153 4.019359 0.825287
v 0.859602 4.008047 0.902916
v 0.819916 3.977860 0.892221
v 0.868637 3.898196 1.057878
v 0.580980 4.241270 0.591947
v 0.509627 4.249484 0.624253
v 0.515829 4.285339 0.587984
v 0.328103 4.297390 0.604182
v 0.571265 4.260668 0.600459
v 0.534809 4.292235 0.645927
v 0.523204 4.306171 0.596917
v 0.385777 4.352894 0.670604
v 0.582402 4.245571 0.591815
v 0.545292 4.280201 0.627529
v 0.531878 4.280999 0.585174
v 0.397807 4.322940 0.651732
v 0.589506 4.239468 0.588579
v 0.543421 4.293560 0.596078
v 0.575292 4.300915 0.554990
v 0.459271 4.415406 0.519053
v 0.584742 4.245819 0.584645
v 0.548069 4.296017 0.584537
v 0.554456 4.280336 0.542740
v 0.444757 4.369605 0.516816
v 0.581886 4.242017 0.584877
v 0.519305 4.260025 0.583681
v 0.543765 4.264296 0.536997
v 0.388715 4.253685 0.484735
v 0.828478 4.118257 0.629052
v 0.872702 4.165640 0.580590
v 0.901506 4.150177 0.614994
v 1.039273 4.213794 0.495513
v 0.816652 4.109022 0.638459
v 0.876693 4.134642 0.624973
v 0.859533 4.156254 0.657785
v 1.009354 4.205778 0.675510
v 0.827014 4.122454 0.643958
v 0.899798 4.165342 0.648408
v 0.869410 4.184144 0.683374
v 1.047723 4.258509 0.762609
v 0.808944 4.103096 0.638760
v 0.840933 4.153936 0.618219
v 0.850410 4.143421 0.664921
v 0.972496 4.230862 0.634336
v 0.827372 4.116111 0.651627
v 0.903519 4.146347 0.668545
v 0.867363 4.151621 0.715958
v 1.042515 4.175998 0.809027
v 0.810962 4.109297 0.644966
v 0.842017 4.165345 0.666745
v 0.821297 4.139906 0.704434
v 0.906844 4.239390 0.785490
v 0.808865 4.115846 0.654195
v 0.828104 4.144132 0.719598
v 0.782505 4.163097 0.704397
v 0.761474 4.192348 0.891801
v 0.809055 4.106362 0.647800
v 0.833660 4.118615 0.716835
v 0.788969 4.144472 0.708344
v 0.798369 4.163407 0.877749
v -0.340328 2.018106 0.057979
v -0.386590 2.059843 0.052675
v -0.381873 2.034904 0.014367
v -0.517024 2.089965 -0.010555
v -0.322943 2.003299 0.069238
v -0.383242 2.028701 0.034680
v -0.344912 2.009294 -0.001167
v -0.478527 2.020308 -0.106330
v -0.332080 2.017182 0.056499
v -0.370578 2.065286 0.038474
v -0.354604 2.040641 0.001152
v -0.461270 2.118026 -0.065383
v -0.322407 2.003294 0.069635
v -0.337537 2.029827 -0.002484
v -0.306209 2.056023 0.014034
v -0.267905 2.095989 -0.180725
v -0.324905 2.009138 0.058450
v -0.363011 2.042765 0.002976
v -0.326374 2.023318 -0.015421
v -0.432706 2.030566 -0.178882
v -0.068991 1.908608 0.250004
v 0.000090 1.911344 0.214939
v -0.004585 1.865877 0.255937
v 0.140145 1.801396 0.154957
v -0.070974 1.908361 0.247251
v -0.008801 1.868085 0.221159
v 0.007111 1.907383 0.255631
v 0.163164 1.806481 0.255322
v -0.088241 1.915462 0.254090
v -0.030054 1.908993 0.234421
v -0.031659 1.915245 0.278845
v 0.103343 1.876101 0.266549
v -0.076704 1.905166 0.261794
v -0.022677 1.864811 0.264858
v -0.026524 1.885764 0.302565
v 0.069557 1.756937 0.359080
v -0.094034 1.912223 0.257503
v -0.027083 1.901299 0.264092
v -0.052653 1.869061 0.290211
v 0.092904 1.779955 0.277255
v -0.073392 1.907010 0.266674
v -0.024262 1.874300 0.276047
v -0.031694 1.900907 0.309048
v 0.056797 1.806900 0.376706
v -0.076465 1.911965 0.269894
v -0.020418 1.882469 0.286309
v -0.039468 1.919062 0.323388
v 0.060213 1.842575 0.408594
v -0.481820 2.299407 0.488840
v -0.494737 2.271191 0.558495
v -0.533338 2.292697 0.544657
v -0.612702 2.187438 0.679938
v -0.474978 2.301385 0.473210
v -0.479244 2.282348 0.556670
v -0.518513 2.248193 0.524410
v -0.511033 2.132004 0.696432
v -0.490829 2.289243 0.498086
v -0.496100 2.272681 0.560899
v -0.535284 2.250052 0.525205
v -0.548594 2.157568 0.644975
v -0.492448 2.285241 0.486851
v -0.515422 2.253633 0.539080
v -0.537391 2.238709 0.495195
v -0.581242 2.126415 0.585314
v -0.496684 2.295869 0.483114
v -0.544998 2.256042 0.531346
v -0.574849 2.284522 0.485987
v -0.709262 2.152257 0.532842
v -0.485855 2.297768 0.476983
v -0.533161 2.274888 0.523225
v -0.544313 2.259857 0.483702
v -0.631573 2.130043 0.581885
v -0.475659 2.300869 0.472688
v -0.514748 2.253412 0.513106
v -0.529823 2.251217 0.468856
v -0.600581 2.098388 0.525290
v -0.394069 2.303059 0.411241
v -0.375722 2.262296 0.467982
v -0.422832 2.260772 0.462253
v -0.405234 2.100780 0.556880
v -0.399415 2.303036 0.412658
v -0.393157 2.277354 0.484636
v -0.439643 2.251916 0.453255
v -0.412951 2.113077 0.586685
v -0.410602 2.302807 0.417624
v -0.437111 2.262388 0.466395
v -0.468126 2.295460 0.454394
v -0.573498 2.190280 0.528522
v -0.393775 2.311606 0.396252
v -0.444596 2.313602 0.462440
v -0.462792 2.284519 0.434599
v -0.568849 2.228416 0.597578
v -0.401628 2.309232 0.397809
v -0.466403 2.289050 0.447980
v -0.479628 2.277934 0.390276
v -0.627690 2.184642 0.473618
v -0.401037 2.309247 0.397928
v -0.456644 2.302750 0.444570
v -0.462370 2.269940 0.396231
v -0.578942 2.197838 0.494624
v -0.209774 2.367644 0.157717
v -0.228815 2.357306 0.081378
v -0.178139 2.332232 0.094139
v -0.213436 2.245086 -0.068560
v -0.208904 2.368206 0.147962
v -0.222416 2.352656 0.081449
v -0.177012 2.372352 0.086203
v -0.158187 2.302659 -0.064821
v -0.207915 2.370702 0.152171
v -0.198041 2.377692 0.073528
v -0.165334 2.400579 0.091960
v -0.079201 2.379673 -0.087361
v -0.205228 2.368059 0.151958
v -0.182517 2.371548 0.075738
v -0.148489 2.354303 0.097838
v -0.086391 2.312234 -0.074574
v -0.208913 2.368340 0.158097
v -0.189525 2.382075 0.093613
v -0.147035 2.364433 0.128457
v -0.078630 2.325494 -0.022468
v -0.203711 2.366696 0.152766
v -0.181406 2.367205 0.092554
v -0.154818 2.336049 0.124597
v -0.114793 2.270719 -0.014335
v -0.191173 2.359181 0.146061
v -0.153341 2.321094 0.095174
v -0.123231 2.335985 0.128250
v -0.018402 2.219349 0.051736
v -0.241208 2.722642 0.655290
v -0.173035 2.735460 0.694969
v -0.202456 2.691788 0.718000
v -0.041356 2.666203 0.803567
v -0.241812 2.717715 0.658585
v -0.186918 2.696138 0.693964
v -0.231356 2.684634 0.717973
v -0.132202 2.588683 0.799636
v -0.247373 2.717919 0.656935
v -0.211117 2.682587 0.694573
v -0.260139 2.697704 0.715311
v -0.221019 2.597312 0.807141
v -0.249211 2.725020 0.654131
v -0.212603 2.734635 0.710589
v -0.257498 2.714899 0.720832
v -0.172190 2.659156 0.864806
v -0.252435 2.724517 0.659008
v -0.231608 2.719168 0.725123
v -0.290331 2.725255 0.717292
v -0.285587 2.674287 0.868546
v -0.250997 2.719105 0.672160
v -0.227473 2.699772 0.726972
v -0.276224 2.700681 0.726526
v -0.254932 2.592286 0.843539
v -0.269078 2.703003 0.543988
v -0.220177 2.647234 0.570220
v -0.245510 2.679311 0.615212
v -0.179783 2.539696 0.710696
v -0.282796 2.714890 0.528940
v -0.232527 2.672101 0.573630
v -0.278667 2.694323 0.605850
v -0.220709 2.557810 0.726192
v -0.277038 2.710160 0.557462
v -0.239443 2.685792 0.614057
v -0.288895 2.695294 0.627094
v -0.245903 2.592993 0.760959
v -0.284528 2.708285 0.540643
v -0.266472 2.651864 0.597329
v -0.316595 2.676100 0.608897
v -0.342732 2.503474 0.717558
v -0.285163 2.715401 0.528823
v -0.287422 2.693033 0.601322
v -0.332361 2.690411 0.582762
v -0.359086 2.567085 0.728760
v -0.568600 2.661026 0.368872
v -0.608298 2.609641 0.420595
v -0.640883 2.620340 0.372263
v -0.733838 2.451282 0.433842
v -0.567582 2.673310 0.360022
v -0.623183 2.644388 0.389324
v -0.633448 2.672166 0.338882
v -0.769155 2.562486 0.340013
v -0.560932 2.661903 0.355371
v -0.611882 2.612345 0.381348
v -0.601660 2.607106 0.322734
v -0.678215 2.447551 0.354076
v -0.549665 2.671937 0.355645
v -0.599834 2.619306 0.364955
v -0.588825 2.622873 0.317791
v -0.668849 2.469198 0.312491
v -0.562475 2.657877 0.347050
v -0.594976 2.598263 0.339113
v -0.600777 2.624832 0.301071
v -0.645623 2.481881 0.236815
v -0.039058 3.285785 0.513635
v 0.021272 3.284951 0.475699
v 0.025802 3.313986 0.522428
v 0.200004 3.277348 0.495698
v -0.049170 3.281287 0.517542
v 0.020128 3.269885 0.484504
v 0.023393 3.300464 0.537305
v 0.197880 3.249561 0.520640
v -0.024310 3.286038 0.517307
v 0.050397 3.298530 0.491676
v 0.054203 3.283650 0.532282
v 0.241639 3.243132 0.476662
v -0.021896 3.286995 0.520951
v 0.041806 3.298399 0.495919
v 0.037427 3.291087 0.556707
v 0.189649 3.282374 0.535631
v -0.049371 3.283412 0.519052
v -0.004329 3.322821 0.511873
v -0.006877 3.309307 0.553069
v 0.117574 3.370720 0.558021
v -0.027458 3.283749 0.534449
v 0.039531 3.269359 0.561951
v 0.016174 3.299477 0.591893
v 0.142151 3.245046 0.705685
v -0.033603 3.290786 0.537485
v 0.023869 3.294628 0.576741
v -0.009189 3.314653 0.598256
v 0.093100 3.278586 0.743519
v -0.196741 3.172944 0.487426
v -0.123602 3.182087 0.446137
v -0.120270 3.208364 0.493369
v 0.096216 3.179686 0.463008
v -0.171539 3.173796 0.487696
v -0.093552 3.160449 0.462105
v -0.093195 3.183540 0.513815
v 0.101602 3.089166 0.523600
v -0.192263 3.180317 0.492695
v -0.120474 3.216027 0.484605
v -0.147817 3.231729 0.536003
v 0.031957 3.284954 0.580009
v -0.184186 3.178310 0.495707
v -0.119871 3.208195 0.491012
v -0.122411 3.187960 0.529504
v 0.051727 3.200572 0.522975
v -0.201513 3.171816 0.490967
v -0.129330 3.203620 0.510246
v -0.168249 3.231702 0.534564
v -0.020085 3.298575 0.634947
v -0.191130 3.183199 0.499952
v -0.133284 3.230518 0.506068
v -0.155548 3.211507 0.559577
v 0.004231 3.270258 0.612165
v -0.463097 2.967577 0.641472
v -0.436943 2.941604 0.701373
v -0.478258 2.953650 0.708724
v -0.456070 2.866405 0.846733
v -0.465415 2.971713 0.623381
v -0.453279 2.950478 0.704102
v -0.494885 2.933803 0.692723
v -0.458060 2.790760 0.861677
v -0.471264 2.969412 0.636104
v -0.472357 2.952776 0.715319
v -0.522702 2.938909 0.690662
v -0.536453 2.816520 0.855196
v -0.471657 2.968388 0.632899
v -0.482330 2.930948 0.703985
v -0.535481 2.941953 0.675284
v -0.597256 2.785501 0.795374
v -0.466466 2.970780 0.623311
v -0.492534 2.908117 0.662098
v -0.533471 2.934993 0.641757
v -0.622804 2.768615 0.670834
v -0.655327 3.567238 0.252570
v -0.728455 3.604463 0.247616
v -0.707333 3.611475 0.206782
v -0.885725 3.666345 0.150407
v -0.642127 3.560179 0.253553
v -0.694531 3.612380 0.237287
v -0.677450 3.594776 0.196185
v -0.820676 3.677116 0.129267
v -0.636440 3.554536 0.257130
v -0.679043 3.608084 0.231882
v -0.654140 3.579807 0.191040
v -0.788990 3.651728 0.096825
v -0.636078 3.552527 0.256442
v -0.683427 3.572359 0.200038
v -0.638789 3.556703 0.180338
v -0.746091 3.531214 0.024111
v -0.636747 3.557407 0.233423
v -0.663040 3.562271 0.168569
v -0.619452 3.563847 0.165744
v -0.650464 3.515825 -0.001413
v -0.592099 3.443907 0.374098
v -0.662611 3.487707 0.361318
v -0.656220 3.462143 0.323013
v -0.851512 3.507854 0.288136
v -0.570595 3.429978 0.385095
v -0.634134 3.425759 0.352352
v -0.601219 3.435357 0.320594
v -0.724410 3.380249 0.210643
v -0.575418 3.446323 0.372601
v -0.624456 3.480696 0.332717
v -0.568150 3.492626 0.318011
v -0.647578 3.543995 0.175561
v -0.569275 3.429813 0.376656
v -0.600360 3.439699 0.300955
v -0.566629 3.412877 0.296028
v -0.646500 3.380071 0.118756
v -0.367933 3.230813 0.729223
v -0.309378 3.213134 0.743742
v -0.341926 3.213796 0.783869
v -0.234043 3.127007 0.839539
v -0.354181 3.228214 0.740721
v -0.295980 3.187320 0.775503
v -0.315297 3.232642 0.809554
v -0.235510 3.118829 0.953636
v -0.357798 3.211989 0.741524
v -0.301042 3.172473 0.761672
v -0.352995 3.153481 0.783266
v -0.258064 3.026762 0.818564
v -0.369455 3.229326 0.729884
v -0.318351 3.204374 0.777545
v -0.356512 3.172043 0.775237
v -0.231475 3.058229 0.845261
v -0.368323 3.229786 0.733337
v -0.313308 3.207755 0.795167
v -0.357483 3.192805 0.809821
v -0.243937 3.064619 0.939793
v -0.368272 3.225274 0.733767
v -0.320720 3.192279 0.776020
v -0.375588 3.169496 0.778158
v -0.292971 3.055351 0.855523
v -0.367474 3.217167 0.754785
v -0.352942 3.167332 0.795779
v -0.382757 3.201629 0.817236
v -0.418028 3.072675 0.915488
v -0.868486 3.360348 0.778821
v -0.882556 3.343323 0.853174
v -0.903490 3.303536 0.818360
v -0.886775 3.191360 0.982944
v -0.865361 3.362714 0.770901
v -0.897039 3.318174 0.826280
v -0.915895 3.305089 0.784313
v -0.969930 3.157131 0.881982
v -0.879481 3.359229 0.774353
v -0.926777 3.330542 0.813805
v -0.942152 3.333084 0.772088
v -1.051396 3.233359 0.830043
v -0.878776 3.353571 0.770864
v -0.924606 3.290664 0.801843
v -0.949771 3.314002 0.750580
v -1.051463 3.147782 0.761949
v -0.880290 3.357218 0.766440
v -0.933921 3.311240 0.786827
v -0.935689 3.327158 0.728581
v -1.030189 3.168615 0.719446
v -0.739453 3.392192 0.730537
v -0.744465 3.364198 0.793647
v -0.788947 3.356161 0.762846
v -0.808085 3.220950 0.874332
v -0.746766 3.386280 0.731209
v -0.768956 3.332966 0.776563
v -0.812803 3.365717 0.755865
v -0.899504 3.238155 0.820395
v -0.750424 3.387393 0.721863
v -0.806012 3.346099 0.760469
v -0.814917 3.341941 0.714082
v -0.923297 3.193942 0.772386
v -0.746619 3.394944 0.715646
v -0.811350 3.359366 0.732916
v -0.810837 3.384928 0.676533
v -0.946420 3.259721 0.652524
v -0.499315 3.655003 0.504502
v -0.536757 3.709004 0.458263
v -0.491366 3.710333 0.446783
v -0.562079 3.792930 0.272303
v -0.498085 3.651408 0.505815
v -0.523365 3.681892 0.451026
v -0.476124 3.701824 0.466495
v -0.478808 3.755641 0.312629
v -0.494628 3.661145 0.502484
v -0.504536 3.728504 0.457267
v -0.460532 3.721520 0.459215
v -0.456249 3.849069 0.309197
v -0.497026 3.648740 0.509372
v -0.512628 3.711786 0.468570
v -0.465119 3.704763 0.467821
v -0.474193 3.822742 0.325879
v -0.495381 3.647965 0.508294
v -0.486262 3.683785 0.458512
v -0.448993 3.660741 0.469187
v -0.415676 3.688905 0.318401
v -0.484511 3.664479 0.494489
v -0.475345 3.710022 0.436870
v -0.427866 3.698525 0.461166
v -0.365780 3.759493 0.307430
v -0.482201 3.658669 0.494527
v -0.463468 3.704816 0.443874
v -0.427247 3.671221 0.451299
v -0.374449 3.733149 0.305861
v -0.589240 3.537210 0.729770
v -0.544117 3.549536 0.789708
v -0.595522 3.567252 0.799331
v -0.534153 3.568750 0.965995
v -0.595357 3.533560 0.718682
v -0.575421 3.575538 0.782106
v -0.621042 3.562350 0.787192
v -0.592215 3.616620 0.962249
v -0.595212 3.530854 0.714203
v -0.587881 3.564297 0.775133
v -0.630110 3.568036 0.761996
v -0.653496 3.610028 0.924100
v -0.596087 3.532530 0.714835
v -0.593527 3.574900 0.761169
v -0.639949 3.572634 0.735241
v -0.675047 3.651942 0.845770
v -0.597990 3.534459 0.715642
v -0.611896 3.585114 0.761295
v -0.652481 3.572190 0.736871
v -0.724393 3.652720 0.863101
v -0.610891 3.541254 0.719655
v -0.647487 3.576994 0.762128
v -0.674350 3.558448 0.729550
v -0.795097 3.580205 0.849371
v -0.596051 3.530178 0.713043
v -0.652474 3.533480 0.737697
v -0.652268 3.543187 0.691300
v -0.799008 3.507035 0.707297
v -0.102193 1.804328 -0.295874
v -0.121207 1.789837 -0.373838
v -0.089627 1.760198 -0.363288
v -0.175090 1.644535 -0.526581
v -0.100126 1.804542 -0.299190
v -0.119134 1.793895 -0.358170
v -0.071000 1.775624 -0.346821
v -0.103917 1.689230 -0.468760
v -0.103189 1.811096 -0.274303
v -0.091756 1.810230 -0.342998
v -0.050653 1.838330 -0.311028
v 0.021318 1.827743 -0.449010
v -0.096306 1.807054 -0.282888
v -0.072707 1.773000 -0.342932
v -0.036646 1.790350 -0.321405
v 0.051622 1.674170 -0.423591
v -0.097632 1.806198 -0.279649
v -0.073712 1.752703 -0.325666
v -0.031432 1.788134 -0.308677
v 0.073999 1.636824 -0.353552
v -0.181403 1.794843 0.073979
v -0.122231 1.790963 0.118899
v -0.159057 1.805984 0.144056
v -0.053603 1.763735 0.279637
v -0.177761 1.794004 0.100009
v -0.140318 1.806354 0.159163
v -0.181903 1.773108 0.167832
v -0.102653 1.754099 0.307277
v -0.183624 1.793921 0.073617
v -0.144780 1.786894 0.130962
v -0.203059 1.778000 0.138544
v -0.145667 1.715221 0.273062
v -0.184123 1.794078 0.071098
v -0.166761 1.770344 0.124574
v -0.212777 1.781992 0.123608
v -0.215900 1.682317 0.237226
v -0.188756 1.797778 0.101893
v -0.173520 1.801173 0.164742
v -0.216158 1.788551 0.159838
v -0.191188 1.723914 0.313170
v -0.186435 1.793905 0.078177
v -0.181215 1.779671 0.138087
v -0.227274 1.791494 0.124497
v -0.255233 1.724281 0.250763
v -0.198496 1.785672 0.097864
v -0.211767 1.751907 0.150638
v -0.244043 1.780633 0.142601
v -0.313242 1.697734 0.244356
v -0.540256 2.131189 -0.222561
v -0.609998 2.121100 -0.185633
v -0.607524 2.088767 -0.224770
v -0.748118 1.989255 -0.118445
v -0.514780 2.135236 -0.228482
v -0.565984 2.073177 -0.222287
v -0.569414 2.098431 -0.275088
v -0.648069 1.919698 -0.322915
v -0.509485 2.138965 -0.227043
v -0.572813 2.084476 -0.236884
v -0.566120 2.107888 -0.280924
v -0.681976 1.960990 -0.347875
v -0.510865 2.138715 -0.228508
v -0.568488 2.148947 -0.253457
v -0.533624 2.107843 -0.279269
v -0.658678 2.081952 -0.337773
v -0.511272 2.136540 -0.229672
v -0.553599 2.070416 -0.257732
v -0.522810 2.093925 -0.300397
v -0.549415 1.906175 -0.384127
v -0.409740 2.142206 -0.173077
v -0.466387 2.106924 -0.140442
v -0.462178 2.091501 -0.187149
v -0.563199 1.956460 -0.125571
v -0.403048 2.146352 -0.174310
v -0.469520 2.098764 -0.171759
v -0.447347 2.096907 -0.222086
v -0.554439 1.922619 -0.232755
v -0.418840 2.144794 -0.186210
v -0.483016 2.115897 -0.208579
v -0.456922 2.147189 -0.249440
v -0.569328 2.058191 -0.348635
v -0.415558 2.131557 -0.196433
v -0.449411 2.078484 -0.233788
v -0.431550 2.105759 -0.263043
v -0.460563 1.971698 -0.372951
v -0.070013 2.207175 -0.089930
v -0.012044 2.164548 -0.130608
v 0.011848 2.201722 -0.099986
v 0.167944 2.099295 -0.144632
v -0.069640 2.208832 -0.089499
v -0.015219 2.207507 -0.129620
v -0.002188 2.204699 -0.087004
v 0.138456 2.138223 -0.157783
v -0.068485 2.208783 -0.087305
v -0.010633 2.189943 -0.087714
v -0.017960 2.225466 -0.057794
v 0.108565 2.169887 0.002236
v -0.057225 2.206007 -0.085010
v 0.014465 2.205148 -0.093460
v 0.004468 2.177811 -0.060301
v 0.165591 2.122397 -0.086762
v -0.046454 2.200208 -0.077607
v 0.013442 2.181042 -0.078919
v -0.003621 2.173221 -0.040276
v 0.115424 2.073049 -0.031867
v -0.610732 2.553812 0.128265
v -0.611707 2.526415 0.188121
v -0.664692 2.531248 0.158490
v -0.698925 2.441870 0.267706
v -0.612000 2.559016 0.125613
v -0.631810 2.544147 0.192786
v -0.677797 2.552353 0.153036
v -0.758656 2.469401 0.276781
v -0.611154 2.558841 0.125861
v -0.634125 2.550326 0.195619
v -0.670785 2.543331 0.166725
v -0.740545 2.464792 0.312799
v -0.617722 2.550583 0.125526
v -0.653888 2.502117 0.179739
v -0.691754 2.521906 0.142642
v -0.797086 2.390991 0.223471
v -0.617817 2.550743 0.124670
v -0.657972 2.512625 0.179717
v -0.676548 2.501700 0.140200
v -0.741075 2.335347 0.242155
v -0.631117 2.543912 0.124965
v -0.693482 2.519206 0.167441
v -0.689591 2.490808 0.133021
v -0.811679 2.390429 0.231179
v -0.489491 2.540325 0.029088
v -0.494129 2.524504 0.114840
v -0.544417 2.553054 0.095768
v -0.619566 2.477716 0.278349
v -0.488494 2.538286 0.020060
v -0.514027 2.507111 0.075027
v -0.544589 2.542089 0.058583
v -0.660705 2.446507 0.144901
v -0.498659 2.531634 0.025527
v -0.534225 2.494486 0.091879
v -0.572492 2.496351 0.044272
v -0.668304 2.369526 0.155536
v -0.498148 2.536748 0.019907
v -0.549248 2.525716 0.068261
v -0.562998 2.507895 0.025640
v -0.672294 2.405524 0.130960
v -0.512176 2.539527 0.016580
v -0.578091 2.544483 0.046417
v -0.581616 2.524743 0.001776
v -0.737281 2.481654 0.059945
v -0.342747 2.457856 -0.361291
v -0.395675 2.446884 -0.424409
v -0.346172 2.416282 -0.433162
v -0.468495 2.311687 -0.561432
v -0.338309 2.458383 -0.355502
v -0.359547 2.414958 -0.421936
v -0.331778 2.445281 -0.436347
v -0.312019 2.318994 -0.598132
v -0.337598 2.445529 -0.357669
v -0.364185 2.397840 -0.395565
v -0.322374 2.400276 -0.403903
v -0.346840 2.246396 -0.462186
v -0.330630 2.453235 -0.354352
v -0.345395 2.426409 -0.421876
v -0.302637 2.401062 -0.398978
v -0.339170 2.284239 -0.525479
v -0.331682 2.459593 -0.343322
v -0.345702 2.427262 -0.397198
v -0.292288 2.420281 -0.375682
v -0.307249 2.285042 -0.460611
v -0.331853 2.458462 -0.341656
v -0.332454 2.424145 -0.409311
v -0.306471 2.393078 -0.370569
v -0.335434 2.264803 -0.494545
v -0.444355 3.037941 0.147817
v -0.392117 3.039273 0.194174
v -0.440816 3.027443 0.216786
v -0.334218 2.951762 0.339927
v -0.446920 3.041501 0.145497
v -0.402750 3.076120 0.195262
v -0.439855 3.046261 0.220019
v -0.308352 3.050216 0.363693
v -0.450001 3.037824 0.137819
v -0.431375 3.046205 0.206182
v -0.476477 3.070847 0.195258
v -0.487168 3.069814 0.363426
v -0.456460 3.047544 0.161226
v -0.445183 3.076427 0.215695
v -0.483334 3.048743 0.217835
v -0.449568 3.054382 0.372536
v -0.459500 3.051820 0.155111
v -0.474885 3.075752 0.233556
v -0.512278 3.101617 0.196316
v -0.618117 3.128893 0.367906
v -0.450857 3.037125 0.136986
v -0.456468 3.061551 0.218474
v -0.499310 3.034223 0.207074
v -0.512961 3.017927 0.416397
v -0.432927 2.939105 0.013868
v -0.396764 2.922433 0.084446
v -0.430602 2.953202 0.093635
v -0.412458 2.880572 0.285236
v -0.431551 2.949348 0.030984
v -0.400023 2.990115 0.069011
v -0.439157 2.950420 0.094569
v -0.351614 2.987207 0.212184
v -0.435308 2.944492 0.016296
v -0.423524 2.984063 0.066359
v -0.468830 2.983253 0.056107
v -0.477021 3.048755 0.192393
v -0.441433 2.950986 0.028868
v -0.431995 2.990540 0.077450
v -0.482713 2.962234 0.075593
v -0.479525 3.007145 0.213230
v -0.446160 2.939239 0.032592
v -0.452463 2.945624 0.097176
v -0.494514 2.925039 0.073965
v -0.525304 2.893530 0.216522
v -0.624388 2.725521 -0.193631
v -0.691570 2.699718 -0.150649
v -0.684138 2.667108 -0.186952
v -0.802312 2.543395 -0.066458
v -0.626626 2.719513 -0.195516
v -0.671597 2.684707 -0.168135
v -0.650474 2.663197 -0.211116
v -0.705247 2.532505 -0.140566
v -0.625569 2.721572 -0.198024
v -0.672345 2.683362 -0.180254
v -0.653803 2.678925 -0.234738
v -0.729808 2.560995 -0.220422
v -0.627899 2.711634 -0.203229
v -0.655359 2.654976 -0.200577
v -0.642069 2.664373 -0.242430
v -0.643191 2.500963 -0.255383
v -0.630709 2.714951 -0.210194
v -0.669681 2.659765 -0.220852
v -0.645881 2.686374 -0.270451
v -0.674960 2.532277 -0.329425
v -0.326499 3.303104 -0.397846
v -0.313511 3.293184 -0.467759
v -0.275444 3.331601 -0.439514
v -0.187556 3.297743 -0.577812
v -0.333467 3.299809 -0.382760
v -0.320362 3.321307 -0.458743
v -0.278140 3.312121 -0.439282
v -0.220195 3.287621 -0.634257
v -0.333654 3.299547 -0.380866
v -0.300727 3.316503 -0.437925
v -0.274411 3.326428 -0.400742
v -0.148151 3.318613 -0.517247
v -0.311716 3.316420 -0.390952
v -0.264892 3.348380 -0.441922
v -0.242095 3.346566 -0.398433
v -0.080833 3.357813 -0.510257
v -0.334188 3.299663 -0.379781
v -0.298093 3.359872 -0.421054
v -0.265780 3.339210 -0.399474
v -0.139757 3.423152 -0.552679
v -0.409921 3.196943 -0.314327
v -0.434888 3.225613 -0.362953
v -0.394361 3.208155 -0.372996
v -0.445296 3.227536 -0.510265
v -0.394041 3.206626 -0.316811
v -0.369613 3.228243 -0.373811
v -0.347828 3.249963 -0.334113
v -0.252344 3.292639 -0.441628
v -0.401895 3.192141 -0.305046
v -0.376820 3.215192 -0.364422
v -0.336825 3.192062 -0.326295
v -0.254074 3.192138 -0.460109
v -0.405189 3.190540 -0.299840
v -0.337633 3.209637 -0.343890
v -0.323256 3.200111 -0.291820
v -0.144458 3.190084 -0.371914
v -0.612768 3.063230 0.061732
v -0.593078 3.056712 0.131854
v -0.637681 3.055109 0.130002
v -0.619205 2.972773 0.294970
v -0.611499 3.061831 0.030585
v -0.599703 3.020560 0.098964
v -0.650088 3.024511 0.090886
v -0.656124 2.890540 0.225151
v -0.619010 3.064490 0.056301
v -0.622605 3.046212 0.121717
v -0.659599 3.083442 0.107483
v -0.725212 3.030887 0.244423
v -0.616477 3.057749 0.039832
v -0.619305 3.024155 0.108381
v -0.673083 3.029320 0.082530
v -0.712168 2.918449 0.211064
v -0.611750 3.061646 0.030945
v -0.610241 3.027727 0.110652
v -0.656371 3.005892 0.080000
v -0.636623 2.837446 0.228090
v -0.614433 3.061639 0.034631
v -0.634202 3.035257 0.109195
v -0.683103 3.053761 0.077863
v -0.779131 2.927297 0.212341
v -0.634108 3.063270 0.046468
v -0.666335 3.080415 0.098312
v -0.688362 3.041062 0.070626
v -0.757567 3.021238 0.204438
v -0.810465 3.122692 -0.585532
v -0.873471 3.073922 -0.592457
v -0.861044 3.086036 -0.635475
v -0.974408 2.941379 -0.683949
v -0.813784 3.126642 -0.594007
v -0.872193 3.120603 -0.611348
v -0.843148 3.095359 -0.637686
v -0.968018 3.030866 -0.672293
v -0.795074 3.132619 -0.580258
v -0.849023 3.118675 -0.609487
v -0.806337 3.110864 -0.638216
v -0.904818 3.022534 -0.713386
v -0.798614 3.127238 -0.586447
v -0.838169 3.066111 -0.625776
v -0.811692 3.094959 -0.661513
v -0.827136 2.917372 -0.776988
v -0.794881 3.130805 -0.588788
v -0.823853 3.129924 -0.644259
v -0.788539 3.101022 -0.643469
v -0.850233 3.058353 -0.765043
v -0.793124 3.133016 -0.578197
v -0.819452 3.095828 -0.648613
v -0.760986 3.096680 -0.646618
v -0.783184 2.929223 -0.782413
v -0.718204 3.167487 -0.431636
v -0.771509 3.134478 -0.443045
v -0.763631 3.166369 -0.476316
v -0.864871 3.082141 -0.548170
v -0.726635 3.166347 -0.442593
v -0.785554 3.162015 -0.459976
v -0.754765 3.142653 -0.491986
v -0.878260 3.081870 -0.537336
v -0.723858 3.160116 -0.451017
v -0.774525 3.123068 -0.480574
v -0.729281 3.138071 -0.516576
v -0.789709 2.997447 -0.601565
v -0.713413 3.157167 -0.442352
v -0.749959 3.112300 -0.475709
v -0.706618 3.111006 -0.490147
v -0.752096 2.955591 -0.540414
v -0.705311 3.164911 -0.437404
v -0.714798 3.131328 -0.507813
v -0.667953 3.124476 -0.493481
v -0.668932 3.004718 -0.632895
v -0.465244 3.346679 -0.092500
v -0.401617 3.374813 -0.100866
v -0.417099 3.365466 -0.045181
v -0.244788 3.369985 -0.027294
v -0.451729 3.350028 -0.085026
v -0.383046 3.369915 -0.084205
v -0.401020 3.351742 -0.034636
v -0.222838 3.322069 -0.012280
v -0.461338 3.352546 -0.087372
v -0.404209 3.390594 -0.083529
v -0.433546 3.381322 -0.031465
v -0.298658 3.436402 0.019228
v -0.459612 3.346462 -0.074658
v -0.416431 3.331645 -0.026840
v -0.449721 3.372506 -0.014703
v -0.396145 3.338941 0.124744
v -0.467669 3.351184 -0.076753
v -0.427259 3.366775 -0.026782
v -0.485211 3.372487 -0.016657
v -0.430201 3.372678 0.125565
v -0.668081 3.318980 -0.233982
v -0.713687 3.348670 -0.170468
v -0.745860 3.336092 -0.208425
v -0.889704 3.326725 -0.048703
v -0.657010 3.314138 -0.244141
v -0.698645 3.358675 -0.202443
v -0.726237 3.339808 -0.246249
v -0.858861 3.398601 -0.153380
v -0.667600 3.328801 -0.248099
v -0.735468 3.370924 -0.241028
v -0.713941 3.387747 -0.276529
v -0.899325 3.456874 -0.327921
v -0.665589 3.333882 -0.249593
v -0.721402 3.389170 -0.241634
v -0.699463 3.399076 -0.278533
v -0.842070 3.514798 -0.305954
v -0.650479 3.314017 -0.247741
v -0.689728 3.363621 -0.243916
v -0.646770 3.368120 -0.280526
v -0.733586 3.475020 -0.325476
v -0.662511 3.325336 -0.263467
v -0.725785 3.363294 -0.299521
v -0.683501 3.364347 -0.332618
v -0.832958 3.390843 -0.479143
v -0.652072 3.331163 -0.270947
v -0.681725 3.385619 -0.314235
v -0.645961 3.365564 -0.338013
v -0.724837 3.448726 -0.479548
v -0.661519 3.317380 -0.267387
v -0.710371 3.333537 -0.306497
v -0.673484 3.334172 -0.328641
v -0.769547 3.336463 -0.446794
v 0.216066 1.999625 -0.538931
v 0.206852 1.972283 -0.603017
v 0.257823 1.994646 -0.595243
v 0.283218 1.913202 -0.730621
v 0.214478 2.004101 -0.536044
v 0.211426 1.984961 -0.603819
v 0.251172 2.026562 -0.591885
v 0.316904 1.964956 -0.740718
v 0.212552 2.002437 -0.523726
v 0.225338 1.994100 -0.600814
v 0.272057 2.013867 -0.573766
v 0.345342 1.974174 -0.732438
v 0.221240 2.003169 -0.532654
v 0.242630 2.004137 -0.594069
v 0.281641 2.000218 -0.556597
v 0.357226 1.970097 -0.677685
v 0.214580 2.003013 -0.525277
v 0.240912 2.028267 -0.582970
v 0.277610 1.992500 -0.549284
v 0.352118 1.989483 -0.689477
v 0.220151 2.002658 -0.527924
v 0.268918 1.983606 -0.579900
v 0.292665 2.013626 -0.535937
v 0.434572 1.950427 -0.608077
v 0.165485 1.972076 -0.468498
v 0.153305 1.976731 -0.547947
v 0.203131 2.002017 -0.533063
v 0.235762 1.982549 -0.721538
v 0.164355 1.969481 -0.460240
v 0.147647 1.984125 -0.534375
v 0.197070 1.982825 -0.529097
v 0.191880 1.946252 -0.723716
v 0.178185 1.962946 -0.465409
v 0.197940 1.967356 -0.545128
v 0.237750 1.950466 -0.520735
v 0.297932 1.906600 -0.699862
v 0.182859 1.966302 -0.463297
v 0.215993 1.964831 -0.538360
v 0.253802 1.967778 -0.504519
v 0.365621 1.896983 -0.661456
v 0.188374 1.969130 -0.452742
v 0.229800 1.976674 -0.499692
v 0.250863 1.969697 -0.461231
v 0.370554 1.918737 -0.561657
v 0.172754 1.891604 -0.163500
v 0.240857 1.876302 -0.147118
v 0.212677 1.845342 -0.125997
v 0.364375 1.745301 -0.122297
v 0.154474 1.899833 -0.171706
v 0.198158 1.865380 -0.137118
v 0.172714 1.889703 -0.109607
v 0.233944 1.794282 -0.004889
v 0.151051 1.900021 -0.176277
v 0.185031 1.852814 -0.155851
v 0.162268 1.870755 -0.123192
v 0.205734 1.753458 -0.057652
v 0.149509 1.901934 -0.178097
v 0.181646 1.848651 -0.146496
v 0.137581 1.869320 -0.117561
v 0.143384 1.707136 -0.048269
v 0.156408 1.901634 -0.147681
v 0.194766 1.914226 -0.089627
v 0.158011 1.874774 -0.082289
v 0.259703 1.841919 0.048658
v 0.149372 1.902216 -0.178339
v 0.184406 1.869773 -0.123141
v 0.141785 1.862818 -0.117373
v 0.198194 1.748900 -0.002478
v 0.145810 1.894553 -0.155923
v 0.152844 1.852693 -0.096915
v 0.110296 1.873650 -0.096044
v 0.066786 1.726979 0.015713
v -0.162601 2.289252 -0.529053
v -0.235119 2.297454 -0.522547
v -0.220253 2.266165 -0.567935
v -0.385942 2.226509 -0.558954
v -0.153408 2.286389 -0.526335
v -0.210290 2.243237 -0.523356
v -0.202888 2.259853 -0.570541
v -0.303148 2.121666 -0.607833
v -0.156263 2.286766 -0.531989
v -0.213063 2.250468 -0.562713
v -0.195989 2.277812 -0.593872
v -0.285853 2.166739 -0.708334
v -0.155755 2.286598 -0.532313
v -0.223511 2.280923 -0.561167
v -0.190593 2.250853 -0.586758
v -0.335437 2.191364 -0.651540
v -0.152650 2.286043 -0.529569
v -0.225411 2.259914 -0.556466
v -0.187275 2.232126 -0.580504
v -0.342405 2.093143 -0.607614
v -0.154412 2.286134 -0.534199
v -0.216799 2.260278 -0.572522
v -0.176631 2.256973 -0.602647
v -0.289320 2.141252 -0.698180
v -0.076479 2.271874 -0.461820
v -0.149344 2.246145 -0.451447
v -0.122076 2.211438 -0.480454
v -0.262994 2.096795 -0.427669
v -0.062329 2.288745 -0.459350
v -0.135942 2.269864 -0.464967
v -0.128283 2.298869 -0.496152
v -0.288119 2.221650 -0.577203
v -0.054303 2.287337 -0.460517
v -0.122842 2.257835 -0.491624
v -0.087551 2.279450 -0.533783
v -0.206448 2.180990 -0.642399
v -0.067375 2.282620 -0.481179
v -0.122598 2.277473 -0.518446
v -0.091216 2.248726 -0.533597
v -0.231454 2.164003 -0.595969
v -0.050834 2.287765 -0.457631
v -0.095702 2.252482 -0.515348
v -0.056255 2.228901 -0.513263
v -0.162516 2.087557 -0.608972
v 0.237984 2.245690 -0.412697
v 0.243602 2.186869 -0.445319
v 0.294393 2.219354 -0.438775
v 0.353298 2.077245 -0.471537
v 0.240242 2.254180 -0.403726
v 0.276320 2.231370 -0.448625
v 0.285511 2.211943 -0.405868
v 0.352067 2.115149 -0.490934
v 0.237109 2.255681 -0.399019
v 0.292416 2.213617 -0.440763
v 0.299877 2.204927 -0.391608
v 0.411793 2.068773 -0.458580
v 0.246922 2.261718 -0.401573
v 0.313252 2.259381 -0.449471
v 0.319969 2.225338 -0.407891
v 0.457029 2.130075 -0.543298
v 0.247609 2.250066 -0.390302
v 0.297347 2.210892 -0.404773
v 0.291982 2.219766 -0.353820
v 0.385974 2.105015 -0.350468
v 0.241443 2.259438 -0.390674
v 0.301212 2.234444 -0.400490
v 0.289119 2.237068 -0.351687
v 0.406511 2.132102 -0.342925
v -0.151235 2.819756 -0.236067
v -0.164752 2.827664 -0.150906
v -0.215720 2.823173 -0.178381
v -0.284945 2.753816 0.022751
v -0.157256 2.831738 -0.223732
v -0.168590 2.855588 -0.152324
v -0.210181 2.858737 -0.176126
v -0.284712 2.855372 0.002109
v -0.146183 2.817777 -0.246057
v -0.177298 2.819424 -0.187055
v -0.194003 2.859753 -0.225974
v -0.309240 2.866258 -0.125830
v -0.159584 2.824540 -0.241004
v -0.216976 2.838981 -0.197286
v -0.222546 2.862196 -0.235400
v -0.381482 2.883479 -0.172676
v -0.164026 2.816012 -0.242077
v -0.229294 2.806072 -0.197107
v -0.243626 2.809440 -0.243374
v -0.405338 2.745946 -0.172427
v -0.168601 2.820503 -0.243200
v -0.238886 2.825612 -0.204032
v -0.249002 2.819834 -0.249163
v -0.428620 2.761216 -0.177331
v -0.056198 2.744090 -0.298248
v -0.066506 2.732639 -0.223023
v -0.106817 2.763684 -0.243934
v -0.202204 2.697216 -0.086384
v -0.050766 2.743081 -0.318524
v -0.078321 2.757042 -0.261946
v -0.097421 2.783823 -0.300675
v -0.221866 2.795372 -0.197979
v -0.056306 2.742738 -0.313904
v -0.103925 2.739463 -0.247580
v -0.121198 2.779822 -0.280876
v -0.271006 2.773451 -0.165290
v -0.050472 2.741395 -0.321400
v -0.086257 2.771720 -0.269854
v -0.114361 2.769207 -0.322708
v -0.230815 2.811444 -0.228834
v -0.068989 2.744307 -0.321605
v -0.142909 2.773452 -0.292032
v -0.153443 2.738880 -0.326732
v -0.340557 2.738864 -0.233743
v 0.034208 2.651803 -0.636704
v -0.008386 2.628359 -0.686440
v 0.022650 2.660448 -0.704742
v -0.016787 2.575660 -0.856682
v 0.042019 2.653492 -0.628707
v -0.005347 2.640007 -0.685849
v 0.042661 2.659578 -0.703894
v -0.013687 2.571372 -0.865969
v 0.046776 2.648142 -0.620363
v 0.012916 2.639553 -0.668978
v 0.044114 2.609090 -0.665656
v -0.043437 2.540780 -0.757701
v 0.048423 2.649472 -0.622745
v 0.020628 2.632105 -0.686251
v 0.062546 2.622903 -0.687566
v 0.012579 2.514934 -0.823811
v 0.050998 2.647901 -0.631314
v 0.029431 2.640167 -0.697109
v 0.077016 2.618427 -0.688831
v 0.036659 2.540784 -0.830218
v 0.048557 2.653008 -0.623051
v 0.019048 2.663192 -0.694368
v 0.063229 2.645293 -0.699115
v 0.003730 2.608682 -0.873112
v 0.051571 2.648339 -0.626786
v 0.040883 2.617053 -0.681755
v 0.086469 2.641573 -0.680181
v 0.116107 2.539084 -0.793837
v 0.310773 3.115760 -0.390187
v 0.395801 3.122743 -0.396758
v 0.379251 3.144157 -0.347454
v 0.578896 3.123757 -0.303660
v 0.313345 3.121708 -0.389753
v 0.381712 3.146092 -0.399833
v 0.372270 3.148120 -0.355104
v 0.548844 3.160440 -0.341794
v 0.303658 3.115624 -0.387733
v 0.372548 3.121671 -0.373210
v 0.346410 3.147985 -0.341707
v 0.494195 3.130751 -0.242278
v 0.289002 3.108690 -0.393620
v 0.354081 3.125764 -0.377742
v 0.318399 3.135263 -0.336975
v 0.454247 3.149708 -0.258543
v 0.298943 3.111087 -0.385458
v 0.360481 3.112077 -0.363847
v 0.331285 3.115172 -0.328958
v 0.463720 3.051775 -0.242305
v 0.302565 3.112552 -0.376970
v 0.361986 3.113643 -0.340425
v 0.324618 3.125932 -0.312146
v 0.435406 3.100070 -0.196010
v 0.295323 3.110155 -0.384316
v 0.360605 3.111128 -0.334740
v 0.322012 3.114460 -0.306923
v 0.451661 3.049147 -0.160101
v 0.216711 3.049278 -0.444504
v 0.285204 3.054803 -0.478929
v 0.284284 3.080248 -0.424967
v 0.456424 3.079054 -0.454456
v 0.227145 3.042811 -0.440305
v 0.295503 3.054188 -0.460610
v 0.288810 3.014107 -0.416056
v 0.444190 2.985612 -0.459159
v 0.223105 3.061323 -0.429695
v 0.287107 3.076435 -0.403943
v 0.247584 3.107530 -0.382223
v 0.369197 3.121648 -0.250214
v 0.216365 3.044969 -0.430670
v 0.287805 3.056329 -0.398609
v 0.270321 3.023025 -0.377118
v 0.465438 2.977966 -0.331872
v 0.204761 3.045118 -0.440409
v 0.259610 3.037682 -0.404298
v 0.226116 3.069939 -0.383002
v 0.316135 3.041294 -0.259452
v 0.212931 3.052532 -0.428944
v 0.260341 3.088500 -0.408088
v 0.240789 3.053124 -0.372376
v 0.386900 3.073873 -0.312560
v -0.127520 2.998222 -0.553627
v -0.195718 2.973869 -0.513511
v -0.209126 2.987817 -0.562876
v -0.374154 2.890099 -0.517188
v -0.137910 2.999193 -0.553136
v -0.200786 3.015694 -0.529129
v -0.205174 2.985912 -0.563196
v -0.356076 2.976527 -0.505223
v -0.141591 3.000662 -0.554637
v -0.218858 3.017253 -0.530367
v -0.220467 2.989228 -0.576601
v -0.416310 2.940691 -0.508727
v -0.141736 2.997609 -0.558377
v -0.221002 2.998905 -0.560575
v -0.208445 2.977047 -0.596015
v -0.391089 2.922544 -0.600423
v -0.150297 2.991082 -0.565174
v -0.212204 2.964524 -0.565313
v -0.187990 2.969159 -0.616521
v -0.300922 2.857074 -0.648530
v -0.153157 3.003409 -0.573227
v -0.224584 2.994159 -0.615794
v -0.201694 3.024866 -0.637904
v -0.332359 2.980324 -0.790809
v 0.314992 3.263742 -0.838887
v 0.320110 3.284088 -0.920726
v 0.348175 3.250822 -0.915501
v 0.347149 3.247387 -1.115751
v 0.323901 3.257663 -0.846271
v 0.350271 3.220818 -0.914367
v 0.387635 3.232432 -0.890895
v 0.479150 3.081512 -1.006251
v 0.328571 3.257777 -0.845421
v 0.362088 3.250442 -0.907624
v 0.382060 3.222735 -0.876362
v 0.444737 3.146654 -1.018123
v 0.321618 3.259306 -0.839967
v 0.347272 3.257934 -0.899212
v 0.363329 3.219296 -0.868766
v 0.395007 3.154818 -1.011274
v 0.338631 3.262877 -0.843323
v 0.395309 3.243232 -0.886497
v 0.411437 3.270726 -0.853324
v 0.567238 3.203926 -0.905611
v 0.314978 3.261929 -0.831941
v 0.369215 3.215974 -0.878514
v 0.394242 3.233675 -0.843838
v 0.531685 3.058658 -0.884580
v 0.218479 3.252769 -0.737550
v 0.222425 3.248512 -0.821210
v 0.266152 3.218553 -0.797459
v 0.268061 3.129535 -0.984288
v 0.226408 3.253523 -0.751801
v 0.237477 3.252219 -0.824104
v 0.279068 3.243309 -0.801545
v 0.324373 3.177775 -0.962337
v 0.236977 3.244740 -0.758373
v 0.258416 3.236769 -0.817823
v 0.282471 3.210301 -0.786686
v 0.323279 3.140179 -0.913931
v 0.219662 3.253006 -0.737915
v 0.261319 3.266528 -0.792694
v 0.282279 3.236865 -0.765071
v 0.374416 3.199786 -0.912493
v 0.229755 3.245637 -0.741331
v 0.285421 3.211335 -0.785589
v 0.289938 3.194736 -0.745925
v 0.401270 3.074927 -0.832308
v 0.063886 3.421042 -0.408633
v 0.092609 3.425274 -0.333558
v 0.046576 3.459503 -0.340074
v 0.043842 3.444717 -0.142654
v 0.065371 3.436721 -0.403316
v 0.103224 3.494190 -0.351856
v 0.052639 3.491995 -0.338770
v 0.121329 3.583565 -0.162389
v 0.061996 3.421391 -0.415825
v 0.087819 3.475806 -0.385027
v 0.048876 3.454576 -0.358354
v 0.123276 3.538467 -0.233174
v 0.054783 3.435905 -0.404358
v 0.065652 3.494033 -0.354785
v 0.009425 3.472857 -0.354042
v 0.011681 3.558028 -0.185487
v 0.052000 3.419309 -0.400903
v 0.041233 3.412572 -0.333309
v -0.000741 3.422720 -0.356890
v -0.071625 3.344161 -0.213201
v -0.044962 3.458644 -1.126921
v -0.111028 3.442633 -1.165264
v -0.062721 3.412783 -1.187523
v -0.196617 3.315691 -1.264336
v -0.040696 3.459493 -1.122598
v -0.100822 3.426242 -1.167670
v -0.053937 3.410768 -1.187427
v -0.165081 3.286732 -1.282465
v -0.048378 3.454529 -1.136248
v -0.082183 3.404933 -1.174647
v -0.060012 3.445122 -1.205913
v -0.072306 3.317674 -1.329129
v -0.040724 3.457890 -1.133564
v -0.076791 3.415428 -1.190376
v -0.031993 3.438451 -1.210228
v -0.056273 3.304340 -1.346731
v -0.039985 3.459840 -1.130976
v -0.073995 3.420621 -1.195683
v -0.035027 3.435094 -1.210000
v -0.055569 3.277237 -1.357978
v -0.033852 3.464881 -1.133833
v -0.053237 3.447689 -1.202633
v 0.003720 3.466567 -1.197001
v 0.016772 3.377605 -1.353280
v -0.035406 3.461836 -1.121286
v -0.057810 3.429487 -1.174016
v -0.006851 3.440371 -1.176538
v -0.016723 3.335944 -1.287128
v 0.012472 3.464758 -0.946314
v -0.064694 3.433720 -0.962950
v -0.031658 3.400241 -0.979251
v -0.202262 3.256350 -0.953471
v 0.013303 3.469498 -0.951658
v -0.037935 3.484054 -0.993299
v -0.004348 3.452533 -1.014680
v -0.127184 3.430100 -1.114263
v 0.014304 3.468561 -0.956712
v -0.022064 3.446011 -1.006396
v 0.026717 3.471560 -1.021028
v 0.002782 3.377634 -1.153891
v 0.017359 3.467704 -0.946064
v -0.032623 3.444173 -1.001452
v 0.025218 3.430209 -1.014271
v -0.062334 3.305875 -1.129377
v 0.018020 3.464248 -0.958394
v -0.007468 3.430748 -1.032824
v 0.038557 3.428017 -1.033075
v 0.005092 3.267078 -1.183256
v 0.022557 3.458245 -0.970350
v 0.003232 3.419780 -1.035976
v 0.062779 3.425002 -1.028975
v 0.060339 3.268445 -1.150126
v 0.314983 3.463095 -0.734992
v 0.361137 3.454533 -0.791792
v 0.370979 3.418695 -0.752962
v 0.453187 3.334352 -0.888840
v 0.310501 3.465098 -0.729212
v 0.351529 3.434690 -0.775402
v 0.373465 3.438518 -0.720811
v 0.465876 3.304273 -0.780366
v 0.325005 3.463366 -0.730322
v 0.375278 3.432765 -0.764890
v 0.391123 3.453543 -0.716518
v 0.513566 3.352038 -0.744270
v 0.303255 3.467351 -0.723152
v 0.367919 3.446788 -0.749098
v 0.357453 3.428005 -0.695010
v 0.485101 3.319932 -0.739158
v 0.298552 3.469150 -0.723164
v 0.360860 3.466387 -0.739437
v 0.340027 3.426804 -0.697839
v 0.466647 3.364939 -0.738144
v 0.300759 3.470195 -0.721799
v 0.373252 3.487660 -0.725342
v 0.360364 3.440193 -0.688333
v 0.541995 3.400718 -0.726897
v -0.134242 3.988430 -0.838551
v -0.168190 4.012263 -0.792797
v -0.180314 4.029554 -0.838755
v -0.312472 4.058970 -0.764993
v -0.136977 3.989925 -0.837728
v -0.179652 4.020746 -0.796886
v -0.201784 4.005353 -0.836645
v -0.334162 4.020778 -0.739908
v -0.149664 4.002580 -0.840605
v -0.209520 4.035830 -0.824071
v -0.195584 4.044357 -0.873887
v -0.361938 4.086262 -0.885666
v -0.146046 4.009338 -0.839894
v -0.212470 4.065659 -0.833454
v -0.176196 4.083979 -0.873737
v -0.361338 4.193079 -0.950199
v -0.157259 4.002475 -0.846178
v -0.215058 4.054093 -0.837773
v -0.223549 4.015515 -0.885055
v -0.387080 4.085547 -0.872687
v -0.140138 3.998055 -0.845385
v -0.199340 4.045781 -0.873139
v -0.163698 4.044757 -0.907165
v -0.322996 4.096921 -1.039903
v -0.039410 3.853909 -0.821750
v -0.048285 3.886705 -0.768675
v -0.083540 3.896234 -0.806503
v -0.145764 3.959147 -0.696119
v -0.042634 3.856567 -0.825292
v -0.089677 3.900783 -0.789898
v -0.091913 3.907325 -0.845687
v -0.249945 3.978820 -0.802644
v -0.037071 3.849602 -0.826808
v -0.080604 3.900829 -0.808266
v -0.075074 3.898153 -0.859391
v -0.200384 3.996608 -0.852168
v -0.036355 3.849064 -0.826957
v -0.087543 3.902733 -0.852116
v -0.040009 3.919626 -0.860737
v -0.131677 4.035258 -0.987670
v -0.046275 3.852602 -0.835891
v -0.112772 3.861112 -0.863131
v -0.074292 3.878066 -0.897560
v -0.204034 3.879066 -0.999187
v 0.122272 3.572497 -1.078566
v 0.095005 3.524170 -1.114264
v 0.124504 3.546092 -1.138991
v 0.106700 3.422459 -1.230164
v 0.126290 3.558234 -1.082003
v 0.100458 3.499419 -1.116817
v 0.144678 3.497638 -1.118452
v 0.114117 3.319460 -1.151190
v 0.128921 3.577995 -1.069543
v 0.106511 3.527732 -1.135808
v 0.155601 3.514393 -1.121144
v 0.109805 3.333958 -1.227527
v 0.128567 3.583987 -1.062732
v 0.123083 3.570848 -1.131682
v 0.162215 3.555386 -1.117565
v 0.161327 3.482643 -1.264533
v 0.129120 3.581743 -1.064646
v 0.118887 3.525804 -1.115677
v 0.172561 3.538729 -1.110481
v 0.194004 3.358999 -1.180755
v 0.132550 3.574000 -1.074466
v 0.121222 3.539697 -1.140391
v 0.163791 3.513284 -1.105909
v 0.118122 3.367318 -1.214972
v 0.135595 3.571841 -1.069628
v 0.146961 3.501739 -1.113532
v 0.185647 3.507862 -1.088930
v 0.210347 3.292779 -1.117716
v 0.488676 4.165330 -0.796909
v 0.532689 4.192119 -0.841528
v 0.546949 4.199846 -0.789254
v 0.694306 4.222878 -0.861510
v 0.473415 4.151210 -0.788854
v 0.531848 4.171032 -0.808394
v 0.529134 4.166021 -0.759440
v 0.678060 4.174444 -0.775131
v 0.473076 4.153383 -0.787830
v 0.532954 4.172302 -0.780811
v 0.493020 4.201024 -0.751428
v 0.620147 4.231634 -0.664440
v 0.469364 4.149559 -0.789185
v 0.548159 4.161929 -0.764071
v 0.523091 4.175191 -0.730458
v 0.703294 4.138314 -0.610285
v 0.470281 4.150213 -0.788519
v 0.542702 4.175683 -0.770355
v 0.511060 4.176698 -0.726398
v 0.687447 4.172252 -0.632703
v 0.488716 4.163858 -0.773785
v 0.545300 4.203743 -0.764704
v 0.526299 4.177679 -0.716588
v 0.673759 4.221746 -0.669356
v 0.331466 4.014953 -0.846465
v 0.376069 4.059556 -0.885096
v 0.404819 4.023606 -0.850415
v 0.535519 4.070535 -0.958006
v 0.327547 4.010592 -0.836177
v 0.398029 4.039459 -0.852174
v 0.395546 4.023020 -0.800419
v 0.584565 4.026267 -0.818867
v 0.310665 4.004387 -0.838797
v 0.354005 4.053751 -0.850752
v 0.365335 4.017954 -0.802946
v 0.497311 4.088046 -0.820386
v 0.328307 4.004523 -0.827161
v 0.398642 3.985738 -0.803595
v 0.372488 4.031136 -0.770636
v 0.505803 3.989027 -0.664970
v 0.318080 4.003829 -0.826627
v 0.387130 4.018004 -0.786457
v 0.352258 3.994655 -0.753619
v 0.512733 3.963553 -0.648555
v -0.084043 3.795880 -1.018569
v -0.122453 3.746083 -1.005850
v -0.141144 3.773427 -1.037334
v -0.223551 3.637078 -1.073669
v -0.085780 3.795715 -1.020123
v -0.163643 3.764373 -1.026941
v -0.142961 3.760191 -1.070717
v -0.294504 3.616001 -1.101563
v -0.083319 3.796621 -1.018986
v -0.156563 3.794061 -1.016203
v -0.133780 3.758068 -1.055679
v -0.294305 3.680679 -1.035040
v -0.092694 3.796004 -1.026432
v -0.166325 3.769908 -1.055546
v -0.136038 3.788914 -1.097293
v -0.266177 3.662168 -1.213226
v -0.086371 3.793894 -1.021827
v -0.136557 3.738553 -1.044550
v -0.121524 3.759869 -1.082689
v -0.183126 3.595188 -1.171023
v -0.084843 3.795496 -1.021123
v -0.138718 3.767462 -1.041957
v -0.103540 3.770945 -1.077428
v -0.194735 3.673737 -1.142065
v -0.099901 3.791344 -1.044376
v -0.156808 3.787528 -1.082898
v -0.121387 3.757957 -1.100595
v -0.258173 3.678626 -1.172817
v 0.096807 3.917292 -0.991875
v 0.026048 3.953925 -1.017009
v 0.045634 3.941357 -1.053379
v -0.143538 3.963839 -1.137391
v 0.100659 3.917748 -0.991072
v 0.040569 3.964552 -1.019772
v 0.081585 3.957520 -1.059479
v -0.061318 4.019524 -1.176416
v 0.101490 3.917377 -0.993643
v 0.063210 3.936375 -1.063135
v 0.102502 3.967504 -1.057998
v 0.084593 3.984382 -1.270471
v 0.103398 3.924811 -0.991102
v 0.073701 3.969132 -1.027194
v 0.124895 3.981699 -1.012329
v 0.105494 4.077941 -1.127768
v 0.105927 3.924223 -1.000207
v 0.085003 3.955760 -1.068519
v 0.141080 3.969889 -1.052911
v 0.154723 4.000922 -1.244961
v 0.107669 3.917124 -0.989465
v 0.114491 3.964705 -1.043943
v 0.155368 3.964619 -1.016803
v 0.215579 4.048904 -1.151578
v 0.117978 3.920776 -1.002630
v 0.131982 3.959426 -1.073127
v 0.179185 3.923830 -1.056521
v 0.217996 3.933565 -1.259509
v 0.120176 3.923871 -0.993241
v 0.159868 3.973206 -1.044870
v 0.194799 3.948799 -1.015257
v 0.323118 3.996425 -1.172840
vn -0.1681 -0.9285 -0.3310
vn -0.2632 -0.7207 -0.6414
vn -0.3831 -0.8096 -0.4446
vn -0.3399 -0.5785 -0.7415
vn 0.5826 -0.8114 0.0474
vn 0.5904 -0.7560 -0.2828
vn -0.2859 -0.8333 -0.4731
vn -0.1413 -0.6905 -0.7094
vn -0.1652 -0.8770 -0.4513
vn 0.0908 -0.7120 -0.6963
vn -0.1788 -0.9683 0.1743
vn 0.1396 -0.9109 0.3884
vn -0.4133 -0.8882 0.2005
vn -0.2554 -0.9005 0.3520
vn 0.4457 -0.8834 -0.1451
vn 0.5312 -0.8464 0.0368
vn -0.3836 -0.9205 0.0740
vn -0.3000 -0.9108 0.2836
vn 0.6289 -0.7774 -0.0085
vn 0.6090 -0.6970 0.3785
vn -0.6259 -0.7681 -0.1353
vn -0.7878 -0.6102 -0.0839
vn -0.2878 -0.5094 0.8110
vn -0.4561 -0.3830 0.8033
vn -0.4381 -0.5877 -0.6802
vn -0.6921 -0.3322 -0.6408
vn -0.5103 -0.4128 -0.7544
vn -0.7087 -0.1310 -0.6932
vn -0.5426 -0.8075 0.2315
vn -0.7699 -0.6264 0.1219
vn -0.4167 -0.8182 -0.3962
vn -0.6362 -0.5997 -0.4854
vn 0.1578 -0.9119 -0.3788
vn 0.2346 -0.7032 -0.6712
vn 0.0695 -0.8911 -0.4484
vn 0.1850 -0.7851 -0.5911
vn 0.0507 -0.8011 -0.5964
vn 0.3255 -0.5854 -0.7426
vn 0.0765 -0.7251 -0.6844
vn 0.2711 -0.5916 -0.7593
vn 0.2869 -0.9563 0.0555
vn 0.5069 -0.8617 -0.0215
vn 0.3535 -0.6255 0.6956
vn 0.2166 -0.3895 0.8952
vn -0.1671 -0.8505 0.4987
vn -0.2686 -0.7010 0.6606
vn -0.5436 -0.6953 -0.4702
vn -0.6720 -0.6957 -0.2537
vn -0.3360 -0.9090 -0.2464
vn -0.5828 -0.8101 0.0642
vn -0.1730 -0.9765 0.1286
vn -0.4536 -0.8446 0.2846
vn -0.5769 -0.7837 0.2302
vn -0.5879 -0.6501 0.4814
vn -0.5983 -0.7998 0.0472
vn -0.6423 -0.7297 0.2346
vn -0.3908 -0.9182 0.0643
vn -0.6009 -0.7599 0.2481
vn -0.0054 -0.8108 0.5853
vn -0.3397 -0.6580 0.6720
vn -0.2350 -0.7132 0.6604
vn 0.1400 -0.6738 0.7256
vn -0.6931 -0.6562 0.2985
vn -0.3854 -0.8048 0.4515
vn -0.3508 -0.8950 -0.2755
vn -0.2341 -0.9694 -0.0738
vn -0.4706 -0.8555 0.2160
vn -0.2191 -0.8380 0.4997
vn -0.6597 -0.7512 -0.0238
vn -0.5333 -0.7679 0.3547
vn -0.4782 -0.7851 0.3937
vn -0.1506 -0.8899 0.4305
vn -0.6397 -0.5849 0.4986
vn -0.2948 -0.7460 0.5972
vn 0.5058 -0.6911 -0.5163
vn 0.5930 -0.7713 -0.2312
vn -0.2235 -0.8902 -0.3969
vn -0.2371 -0.9633 -0.1256
vn 0.1590 -0.4178 0.8945
vn -0.0947 -0.1354 0.9863
vn -0.9090 -0.3791 0.1732
vn -0.9565 -0.1439 0.2536
vn -0.2009 -0.5788 0.7903
vn -0.4168 -0.2384 0.8772
vn -0.4856 -0.7776 0.3995
vn -0.6340 -0.6166 0.4667
vn -0.9078 -0.3915 0.1507
vn -0.9849 -0.0693 0.1589
vn -0.4659 -0.4870 0.7388
vn -0.6384 -0.2624 0.7236
vn -0.5911 -0.7328 0.3371
vn -0.7434 -0.5833 0.3272
vn -0.0892 -0.6388 0.7642
vn -0.2592 -0.8217 0.5075
vn 0.2553 -0.9127 0.3191
vn 0.1729 -0.9803 0.0958
vn 0.6049 -0.7402 0.2936
vn 0.4358 -0.8997 -0.0239
vn 0.5270 -0.8075 0.2648
vn 0.4687 -0.8783 -0.0946
vn -0.5241 -0.8512 0.0258
vn -0.3670 -0.8931 -0.2603
vn 0.5560 -0.7667 -0.3211
vn 0.2698 -0.7380 -0.6186
vn 0.7809 -0.6226 -0.0506
vn 0.6707 -0.6950 -0.2590
vn 0.2070 -0.7625 0.6129
vn 0.2173 -0.8771 0.4283
vn -0.5192 -0.8520 -0.0676
vn -0.4060 -0.8827 -0.2367
vn 0.0639 -0.9313 0.3586
vn 0.1094 -0.7240 0.6811
vn -0.1618 -0.9400 0.3005
vn -0.1347 -0.8038 0.5794
vn 0.1262 -0.9303 0.3445
vn 0.0508 -0.7527 0.6564
vn 0.0882 -0.9180 0.3866
vn 0.0069 -0.8161 0.5779
vn 0.1142 -0.7114 0.6934
vn -0.0999 -0.4444 0.8902
vn -0.4189 -0.9080 0.0088
vn -0.5277 -0.8220 0.2139
vn -0.4910 -0.8412 -0.2264
vn -0.7855 -0.5795 -0.2174
vn -0.7032 -0.3262 0.6317
vn -0.8630 -0.0302 0.5044
vn -0.0468 -0.5798 -0.8134
vn -0.2232 -0.4661 -0.8561
vn -0.6840 -0.6873 0.2444
vn -0.8527 -0.5223 -0.0057
vn -0.3788 -0.5215 -0.7646
vn -0.5395 -0.1849 -0.8215
vn 0.1458 -0.5636 -0.8131
vn 0.0163 -0.3958 -0.9182
vn -0.7419 -0.6102 -0.2779
vn -0.7761 -0.3250 -0.5404
vn -0.2673 -0.9295 -0.2543
vn -0.5025 -0.8248 -0.2592
vn -0.6950 -0.7181 0.0355
vn -0.9109 -0.4086 -0.0576
vn -0.8701 -0.4702 0.1477
vn -0.9848 -0.1685 -0.0424
vn -0.5612 -0.7317 -0.3870
vn -0.6919 -0.4379 -0.5740
vn -0.8751 -0.4826 0.0350
vn -0.9431 -0.2495 -0.2199
vn 0.4789 -0.4917 -0.7272
vn 0.3863 -0.1643 -0.9076
vn -0.1295 -0.9833 -0.1282
vn 0.0576 -0.9525 -0.2991
vn -0.0948 -0.7369 0.6694
vn 0.0977 -0.8711 0.4813
vn 0.0681 -0.6463 0.7601
vn 0.3452 -0.7911 0.5050
vn -0.4519 -0.8891 -0.0730
vn -0.1959 -0.9738 -0.1159
vn 0.1758 -0.8668 0.4667
vn 0.5192 -0.7762 0.3577
vn -0.3253 -0.8804 -0.3450
vn -0.0646 -0.9419 -0.3296
vn -0.1109 -0.9090 0.4018
vn -0.1540 -0.6648 0.7310
vn -0.6805 -0.7210 0.1305
vn -0.7623 -0.5187 0.3872
vn -0.4686 -0.8246 0.3170
vn -0.5780 -0.5634 0.5904
vn -0.2731 -0.8226 0.4988
vn -0.4359 -0.6385 0.6343
vn 0.0693 -0.6015 0.7959
vn -0.2242 -0.4670 0.8553
vn -0.0502 -0.9143 0.4019
vn -0.0958 -0.7766 0.6227
vn -0.3240 -0.5732 0.7527
vn -0.3865 -0.3371 0.8585
vn 0.1440 -0.6170 0.7737
vn -0.1084 -0.3542 0.9289
vn -0.8246 -0.5358 -0.1817
vn -0.9755 -0.2152 -0.0459
vn -0.3685 -0.6533 -0.6614
vn -0.4462 -0.7709 -0.4546
vn 0.5866 -0.7225 -0.3660
vn 0.4701 -0.8761 -0.1074
vn 0.3964 -0.7455 -0.5358
vn 0.2091 -0.9424 -0.2611
vn 0.8054 -0.4337 0.4040
vn 0.6410 -0.6564 0.3980
vn 0.7791 -0.5020 -0.3755
vn 0.6312 -0.7069 -0.3193
vn 0.3867 -0.8553 0.3449
vn 0.1139 -0.9613 0.2507
vn 0.6899 -0.7146 0.1152
vn 0.3778 -0.9255 -0.0251
vn -0.2182 -0.7656 0.6053
vn -0.4040 -0.8606 0.3101
vn 0.3373 -0.9366 0.0947
vn 0.4060 -0.8638 -0.2985
vn -0.1617 -0.7972 -0.5817
vn 0.1220 -0.5910 -0.7974
vn 0.0104 -0.8290 -0.5592
vn 0.2128 -0.6915 -0.6903
vn -0.3734 -0.6749 -0.6364
vn -0.0296 -0.6691 -0.7426
vn 0.6331 -0.7426 0.2183
vn 0.8297 -0.5561 0.0479
vn -0.0007 -0.5240 -0.8517
vn 0.2728 -0.3401 -0.9000
vn 0.5631 -0.7548 -0.3364
vn 0.5640 -0.5146 -0.6458
vn 0.5182 -0.8449 -0.1328
vn 0.6223 -0.7139 -0.3212
vn -0.1194 -0.9833 -0.1375
vn 0.0502 -0.9674 -0.2481
vn 0.2194 -0.8316 0.5101
vn 0.4635 -0.8180 0.3406
vn 0.1322 -0.6139 -0.7783
vn 0.4043 -0.5295 -0.7458
vn 0.0516 -0.7551 0.6536
vn 0.1111 -0.4267 0.8976
vn 0.6916 -0.6983 0.1848
vn 0.5607 -0.6211 0.5476
vn -0.5954 -0.7927 -0.1309
vn -0.6833 -0.6861 0.2496
vn -0.7620 -0.6396 0.1017
vn -0.8127 -0.5218 0.2593
vn 0.5599 -0.6788 0.4751
vn 0.3731 -0.6368 0.6748
vn -0.6140 -0.6565 -0.4382
vn -0.7680 -0.5964 -0.2334
vn -0.6412 -0.7478 -0.1721
vn -0.8320 -0.5502 0.0708
vn -0.1564 -0.9162 0.3689
vn -0.3231 -0.9214 0.2158
vn 0.0397 -0.9964 -0.0754
vn -0.2885 -0.9173 -0.2744
vn 0.4146 -0.7628 -0.4963
vn 0.1644 -0.7237 -0.6703
vn 0.5701 -0.6744 -0.4693
vn 0.3834 -0.6179 -0.6865
vn 0.5902 -0.7515 -0.2949
vn 0.3982 -0.6576 -0.6396
vn -0.6313 -0.7589 0.1600
vn -0.6682 -0.7056 -0.2360
vn -0.1412 -0.9228 0.3584
vn -0.4173 -0.8946 0.1595
vn 0.2849 -0.8535 -0.4363
vn 0.0133 -0.7775 -0.6288
vn 0.4325 -0.7704 -0.4684
vn 0.1273 -0.7006 -0.7021
vn -0.7612 -0.6427 0.0863
vn -0.7649 -0.6109 -0.2045
vn -0.5993 -0.7894 -0.1327
vn -0.5612 -0.7295 -0.3910
vn -0.1394 -0.8017 0.5813
vn 0.1368 -0.8362 0.5310
vn 0.0651 -0.9549 -0.2896
vn 0.3814 -0.9025 -0.2000
vn -0.4982 -0.8297 0.2517
vn -0.2652 -0.8796 0.3949
vn -0.1146 -0.9867 -0.1155
vn 0.0355 -0.9970 0.0693
vn 0.4020 -0.8588 -0.3176
vn 0.5330 -0.8456 -0.0307
vn 0.6786 -0.6261 0.3840
vn 0.4288 -0.6710 0.6049
vn -0.2736 -0.9581 -0.0844
vn -0.3956 -0.9153 0.0755
vn -0.1520 -0.9840 -0.0926
vn -0.3268 -0.9412 0.0855
vn 0.3547 -0.9085 0.2209
vn 0.0743 -0.9515 0.2985
vn -0.1792 -0.6357 -0.7509
vn -0.4478 -0.6401 -0.6242
vn -0.2638 -0.6960 -0.6679
vn -0.5318 -0.6131 -0.5842
vn -0.0241 -0.9186 -0.3944
vn -0.4196 -0.8337 -0.3589
vn 0.4879 -0.8119 0.3205
vn 0.3669 -0.7904 0.4905
vn 0.1332 -0.9847 -0.1127
vn -0.1528 -0.9723 0.1769
vn -0.1499 -0.6079 -0.7797
vn -0.3136 -0.6972 -0.6447
vn 0.1477 -0.9318 -0.3317
vn -0.1904 -0.9631 -0.1904
vn 0.0390 -0.8314 0.5543
vn -0.3564 -0.7482 0.5596
vn -0.1249 -0.9133 0.3878
vn -0.4205 -0.8229 0.3822
vn -0.7724 -0.5045 -0.3858
vn -0.7337 -0.2128 -0.6453
vn -0.3876 -0.7317 -0.5607
vn -0.3468 -0.4673 -0.8132
vn -0.6950 -0.6652 -0.2730
vn -0.6010 -0.5833 -0.5463
vn -0.1171 -0.9637 -0.2398
vn -0.0329 -0.8116 -0.5833
vn 0.4375 -0.8860 -0.1536
vn 0.5356 -0.7171 -0.4460
vn 0.5573 -0.8235 0.1062
vn 0.6506 -0.7522 -0.1049
vn 0.5670 -0.7808 0.2625
vn 0.7372 -0.6751 0.0260
vn 0.5567 -0.6773 -0.4809
vn 0.5646 -0.7840 -0.2582
vn 0.0300 -0.8544 -0.5187
vn -0.0242 -0.9882 -0.1513
vn -0.0278 -0.9127 -0.4076
vn -0.2438 -0.9677 -0.0648
vn -0.2483 -0.6582 -0.7107
vn -0.4689 -0.7849 -0.4050
vn 0.3000 -0.8347 -0.4619
vn -0.0251 -0.9576 -0.2869
vn -0.7353 -0.6486 -0.1967
vn -0.6272 -0.7779 -0.0379
vn -0.2778 -0.6872 -0.6712
vn -0.3609 -0.8711 -0.3330
vn 0.6194 -0.6385 -0.4569
vn 0.4577 -0.8215 -0.3401
vn 0.0734 -0.8827 -0.4641
vn -0.1695 -0.9425 -0.2881
vn -0.5095 -0.7709 -0.3824
vn -0.7541 -0.5465 -0.3642
vn -0.4433 -0.8455 -0.2977
vn -0.6542 -0.6851 -0.3203
vn -0.3475 -0.7585 -0.5513
vn -0.5967 -0.4850 -0.6393
vn -0.5557 -0.5520 -0.6217
vn -0.6918 -0.2416 -0.6805
vn -0.9512 -0.2393 -0.1946
vn -0.9366 0.0957 -0.3370
vn -0.1377 -0.4237 -0.8953
vn -0.2095 -0.1704 -0.9629
vn -0.0139 -0.5287 -0.8487
vn -0.0962 -0.2465 -0.9644
vn 0.2641 -0.9520 -0.1547
vn 0.2321 -0.8349 -0.4991
vn -0.1514 -0.9869 -0.0553
vn -0.1196 -0.8936 -0.4327
vn -0.5952 -0.7940 -0.1235
vn -0.4609 -0.8021 -0.3799
vn 0.5205 -0.8521 0.0554
vn 0.6216 -0.7566 -0.2031
vn -0.1992 -0.9470 -0.2522
vn 0.0504 -0.8636 -0.5017
vn -0.0599 -0.9945 0.0859
vn -0.1045 -0.9700 -0.2195
vn -0.3052 -0.9317 0.1972
vn -0.2618 -0.9643 -0.0390
vn -0.0028 -0.9982 -0.0597
vn 0.1214 -0.9456 -0.3019
vn -0.2503 -0.8493 -0.4648
vn -0.0128 -0.8032 -0.5956
vn -0.7362 -0.6765 0.0199
vn -0.8000 -0.5348 0.2721
vn 0.3906 -0.6991 0.5989
vn 0.1642 -0.5788 0.7987
vn 0.4902 -0.6746 0.5519
vn 0.1664 -0.5972 0.7846
vn -0.7903 -0.6020 -0.1137
vn -0.9232 -0.3648 0.1210
vn -0.0379 -0.6745 0.7373
vn -0.3519 -0.5292 0.7721
vn -0.0787 -0.9887 0.1277
vn -0.3483 -0.9188 0.1859
vn -0.3619 -0.5884 0.7231
vn -0.6581 -0.3593 0.6617
vn -0.1825 -0.7517 -0.6337
vn -0.4327 -0.4555 -0.7780
vn -0.0397 -0.9951 -0.0903
vn -0.2460 -0.9054 -0.3461
vn 0.4863 -0.7691 -0.4147
vn 0.2187 -0.7225 -0.6559
vn 0.0410 -0.9967 -0.0707
vn -0.0123 -0.9605 -0.2781
vn 0.0825 -0.9760 -0.2017
vn 0.0223 -0.8797 -0.4751
vn -0.6256 -0.7778 -0.0610
vn -0.6270 -0.7220 -0.2926
vn 0.1238 -0.9827 -0.1376
vn -0.1321 -0.9303 -0.3422
vn -0.4075 -0.8890 -0.2086
vn -0.5979 -0.7067 -0.3782
vn -0.1105 -0.9458 -0.3053
vn -0.1865 -0.8396 -0.5102
vn 0.6366 -0.7408 -0.2141
vn 0.5418 -0.6349 -0.5508
vn 0.6280 -0.7293 -0.2717
vn 0.6090 -0.6299 -0.4820
vn -0.3807 -0.6242 -0.6822
vn -0.1059 -0.6980 -0.7082
vn -0.6851 -0.7271 -0.0445
vn -0.3950 -0.9040 -0.1635
vn -0.5807 -0.7964 0.1689
vn -0.2676 -0.9612 0.0667
vn -0.6526 -0.4741 -0.5911
vn -0.5129 -0.6830 -0.5201
vn -0.8037 -0.5870 0.0974
vn -0.6461 -0.7418 0.1796
vn -0.2655 -0.9375 -0.2249
vn 0.0840 -0.9954 -0.0470
vn 0.2399 -0.7945 -0.5579
vn 0.0375 -0.8993 -0.4356
vn 0.4184 -0.6425 0.6420
vn 0.1841 -0.7739 0.6060
vn 0.3504 -0.6633 0.6612
vn 0.1071 -0.8338 0.5415
vn 0.7547 -0.5904 -0.2861
vn 0.5095 -0.8115 -0.2861
vn 0.2875 -0.9029 0.3197
vn 0.0562 -0.9867 0.1526
vn 0.8484 -0.5160 0.1181
vn 0.7642 -0.6448 -0.0151
vn -0.4676 -0.7529 0.4631
vn -0.4093 -0.9074 0.0957
vn -0.5191 -0.7904 0.3253
vn -0.5144 -0.8486 0.1234
vn -0.6478 -0.6725 0.3580
vn -0.4063 -0.7878 0.4629
vn -0.4125 -0.9095 0.0513
vn -0.2590 -0.9379 0.2308
vn -0.7907 -0.6089 0.0637
vn -0.6544 -0.7289 0.2013
vn 0.7030 -0.6069 -0.3708
vn 0.6499 -0.7595 -0.0280
vn -0.5215 -0.8398 -0.1508
vn -0.3766 -0.9034 0.2049
vn -0.3391 -0.6105 -0.7157
vn -0.6357 -0.4799 -0.6047
vn -0.0902 -0.6358 0.7665
vn -0.3451 -0.5361 0.7704
vn -0.0637 -0.9885 0.1368
vn -0.2658 -0.9559 0.1249
vn -0.5727 -0.7400 0.3528
vn -0.8256 -0.5248 0.2074
vn -0.0235 -0.6180 -0.7858
vn -0.3325 -0.4203 -0.8443
vn -0.5538 -0.7047 0.4435
vn -0.7902 -0.5517 0.2669
vn -0.5155 -0.7274 0.4530
vn -0.7192 -0.6425 0.2646
vn -0.3292 -0.8524 -0.4063
vn -0.1674 -0.7281 -0.6647
vn 0.7068 -0.6967 -0.1228
vn 0.7650 -0.5178 -0.3830
vn 0.5974 -0.7864 -0.1572
vn 0.6993 -0.6012 -0.3866
vn 0.7043 -0.7007 -0.1143
vn 0.8245 -0.5132 -0.2383
vn 0.0969 -0.8130 -0.5742
vn 0.3965 -0.6371 -0.6610
vn 0.5500 -0.8203 0.1568
vn 0.8238 -0.5666 -0.0170
vn 0.6704 -0.7165 -0.1929
vn 0.8358 -0.4832 -0.2608
vn 0.0988 -0.7928 -0.6015
vn 0.1206 -0.4955 -0.8602
vn 0.6097 -0.7283 -0.3129
vn 0.6557 -0.4538 -0.6034
vn -0.3726 -0.6048 -0.7038
vn -0.1540 -0.4615 -0.8737
vn 0.5256 -0.7365 0.4258
vn 0.7090 -0.6659 0.2322
vn 0.3627 -0.9270 0.0954
vn 0.5471 -0.8363 0.0357
vn 0.4711 -0.7548 0.4565
vn 0.6883 -0.6355 0.3498
vn -0.4778 -0.8467 0.2339
vn -0.4824 -0.7243 0.4926
vn 0.3822 -0.9140 0.1360
vn 0.3212 -0.8440 0.4295
vn 0.5736 -0.8191 -0.0008
vn 0.4254 -0.8525 0.3037
vn -0.3669 -0.9179 -0.1513
vn -0.4741 -0.8794 0.0438
vn -0.1831 -0.9489 -0.2572
vn -0.4152 -0.9086 0.0462
vn -0.6091 -0.7584 -0.2320
vn -0.7890 -0.6114 0.0602
vn -0.1519 -0.8422 0.5174
vn -0.3335 -0.7081 0.6224
vn 0.4732 -0.6387 -0.6067
vn 0.3010 -0.5956 -0.7448
vn -0.0336 -0.8756 -0.4818
vn -0.1664 -0.7332 -0.6594
vn -0.4150 -0.8279 -0.3774
vn -0.4517 -0.6916 -0.5636
vn 0.3831 -0.9191 -0.0919
vn 0.2596 -0.8388 -0.4786
vn -0.0964 -0.9941 -0.0501
vn -0.0558 -0.9467 -0.3173
vn -0.0146 -0.9449 -0.3270
vn -0.0075 -0.7343 -0.6788
vn -0.7596 -0.6494 0.0353
vn -0.8593 -0.4944 -0.1314
vn -0.5315 -0.8250 -0.1921
vn -0.6199 -0.6503 -0.4392
vn -0.2442 -0.9390 -0.2421
vn -0.2914 -0.8029 -0.5200
vn -0.4634 -0.6975 -0.5466
vn -0.3998 -0.4442 -0.8018
vn 0.1729 -0.9427 -0.2855
vn 0.2866 -0.7571 -0.5871
vn 0.4200 -0.7842 -0.4568
vn 0.6327 -0.5474 -0.5478
vn 0.1759 -0.8468 -0.5021
vn 0.5467 -0.6815 -0.4865
vn 0.7322 -0.6551 0.1862
vn 0.8990 -0.3936 0.1920
vn 0.7291 -0.6739 0.1192
vn 0.8718 -0.4598 0.1687
vn 0.8252 -0.3963 -0.4026
vn 0.9471 -0.1767 -0.2678
vn 0.2929 -0.8246 0.4840
vn -0.0953 -0.8413 0.5320
vn 0.0936 -0.8641 0.4946
vn -0.1981 -0.8428 0.5004
vn 0.0377 -0.9371 -0.3469
vn -0.2870 -0.9078 -0.3058
vn 0.1336 -0.9850 -0.1089
vn -0.0739 -0.9895 -0.1243
vn 0.6251 -0.7523 -0.2081
vn 0.4359 -0.8628 -0.2561
vn -0.3725 -0.7834 0.4974
vn -0.5907 -0.7511 0.2947
vn -0.2406 -0.8667 0.4370
vn -0.4630 -0.8798 0.1076
vn 0.3500 -0.8289 0.4364
vn -0.0470 -0.8715 0.4882
vn -0.0224 -0.9128 0.4078
vn -0.4197 -0.8277 0.3725
vn 0.4355 -0.7697 0.4668
vn 0.1783 -0.9105 0.3730
vn 0.3581 -0.8360 -0.4158
vn 0.0468 -0.8854 -0.4624
vn 0.0563 -0.6079 0.7920
vn -0.1172 -0.7380 0.6646
vn 0.6338 -0.7734 -0.0111
vn 0.3870 -0.9078 -0.1615
vn -0.3126 -0.9137 -0.2597
vn -0.3231 -0.8225 -0.4680
vn 0.4233 -0.8585 -0.2895
vn 0.4306 -0.6404 -0.6360
vn 0.3454 -0.9194 -0.1883
vn 0.4510 -0.7338 -0.5081
vn 0.0635 -0.8869 -0.4576
vn 0.2525 -0.6499 -0.7168
vn 0.0595 -0.5432 -0.8375
vn 0.2594 -0.2997 -0.9181
vn -0.4051 -0.8429 -0.3543
vn -0.2050 -0.9415 -0.2677
vn -0.7071 -0.7071 0.0090
vn -0.5396 -0.8315 0.1319
vn -0.7741 -0.6321 -0.0344
vn -0.5683 -0.7968 0.2052
vn -0.3460 -0.9374 -0.0391
vn -0.2002 -0.9358 0.2902
vn 0.0304 -0.9957 -0.0870
vn 0.0521 -0.9623 0.2668
vn -0.5342 -0.7416 0.4058
vn -0.2810 -0.8192 0.4999
vn 0.1417 -0.9786 -0.1489
vn 0.3480 -0.9342 0.0783
vn -0.0076 -0.7621 -0.6474
vn 0.0944 -0.9186 -0.3839
vn -0.6027 -0.7846 0.1450
vn -0.5403 -0.7497 0.3822
vn -0.2428 -0.9530 -0.1812
vn -0.4634 -0.8086 -0.3625
vn -0.6763 -0.6045 0.4209
vn -0.8777 -0.4640 0.1196
vn -0.1208 -0.5831 -0.8034
vn -0.2182 -0.4101 -0.8856
vn 0.4571 -0.4863 -0.7447
vn 0.2784 -0.2626 -0.9239
vn 0.1499 -0.8816 -0.4475
vn 0.0062 -0.7093 -0.7049
vn 0.2301 -0.6243 -0.7465
vn 0.1617 -0.4708 -0.8673
vn -0.8050 -0.4989 -0.3211
vn -0.7446 -0.2636 -0.6133
vn 0.8654 -0.4987 0.0496
vn 0.9292 -0.2545 -0.2679
vn 0.7324 -0.6702 -0.1201
vn 0.8517 -0.4674 -0.2369
vn 0.3836 -0.9024 -0.1963
vn 0.5729 -0.7778 -0.2585
vn 0.5207 -0.6512 -0.5521
vn 0.6943 -0.4625 -0.5514
vn 0.5812 -0.7803 -0.2309
vn 0.8517 -0.4983 -0.1620
vn 0.3937 -0.8515 -0.3464
vn 0.5313 -0.5825 -0.6152
vn -0.0969 -0.6212 -0.7776
vn 0.0547 -0.4801 -0.8755
vn 0.5787 -0.8146 -0.0381
vn 0.7847 -0.6124 -0.0958
vn 0.3649 -0.8492 -0.3817
vn 0.6754 -0.6739 -0.2994
vn -0.1551 -0.7024 -0.6947
vn -0.0749 -0.9127 -0.4017
vn 0.4703 -0.6609 -0.5848
vn 0.4527 -0.8392 -0.3014
vn -0.0526 -0.5619 -0.8255
vn -0.0916 -0.7574 -0.6465
vn -0.0954 -0.5574 -0.8248
vn -0.1233 -0.7670 -0.6297
vn -0.2936 -0.7496 -0.5932
vn -0.4531 -0.8529 -0.2594
vn 0.1183 -0.7881 -0.6041
vn -0.0301 -0.9249 -0.3789
vn -0.4091 -0.5941 -0.6926
vn -0.5377 -0.6876 -0.4880
vn -0.2411 -0.8987 0.3663
vn -0.3033 -0.9453 0.1202
vn 0.2935 -0.8370 0.4618
vn 0.2941 -0.9255 0.2385
vn -0.2268 -0.8420 0.4895
vn -0.1556 -0.9615 0.2266
vn -0.3280 -0.6881 0.6473
vn -0.2460 -0.8228 0.5123
vn -0.2024 -0.6857 0.6992
vn -0.0416 -0.8529 0.5204
vn -0.1310 -0.8113 0.5698
vn 0.1931 -0.9126 0.3603
vn -0.1455 -0.9683 -0.2032
vn 0.2139 -0.9563 -0.1991
vn -0.7046 -0.6467 0.2920
vn -0.6281 -0.4410 0.6411
vn -0.3982 -0.8717 0.2857
vn -0.4037 -0.6916 0.5990
vn 0.5100 -0.8548 0.0957
vn 0.3905 -0.8798 0.2712
vn 0.0980 -0.8486 0.5198
vn -0.0907 -0.6957 0.7126
vn 0.1820 -0.5932 0.7842
vn -0.0906 -0.3406 0.9358
vn -0.2326 -0.9463 0.2246
vn -0.3757 -0.9267 0.0034
vn 0.5845 -0.7848 -0.2061
vn 0.5205 -0.7550 -0.3987
vn 0.1221 -0.9718 -0.2018
vn 0.0775 -0.8904 -0.4486
vn -0.2248 -0.9156 -0.3334
vn -0.1731 -0.7380 -0.6522
vn 0.2857 -0.9582 -0.0175
vn 0.3019 -0.8599 -0.4116
vn -0.1838 -0.9598 -0.2120
vn -0.0816 -0.8722 -0.4823
vn -0.4708 -0.6847 -0.5564
vn -0.3499 -0.5955 -0.7231
vn 0.4146 -0.6885 0.5950
vn 0.7184 -0.5133 0.4695
vn 0.7079 -0.6182 -0.3417
vn 0.9129 -0.3421 -0.2229
vn 0.6511 -0.7067 -0.2768
vn 0.8102 -0.5596 -0.1743
vn -0.3842 -0.7023 0.5994
vn -0.2117 -0.6422 0.7367
vn 0.7720 -0.5922 0.2309
vn 0.8435 -0.3139 0.4358
vn 0.6219 -0.7252 0.2955
vn 0.8266 -0.5079 0.2422
vn 0.5662 -0.7760 0.2781
vn 0.7835 -0.5037 0.3638
vn 0.4794 -0.8173 -0.3197
vn 0.6794 -0.7238 -0.1205
vn 0.8405 -0.5418 0.0080
vn 0.9058 -0.3681 0.2099
vn 0.0492 -0.6537 0.7552
vn -0.1445 -0.5721 0.8073
vn -0.0593 -0.9971 -0.0476
vn -0.4007 -0.9141 0.0623
vn -0.2081 -0.6548 0.7265
vn -0.5424 -0.6038 0.5841
vn -0.0856 -0.7560 -0.6490
vn -0.3394 -0.6730 -0.6572
vn -0.2956 -0.9025 -0.3132
vn -0.5740 -0.7155 -0.3982
vn 0.1470 -0.9003 -0.4097
vn 0.2452 -0.7865 -0.5668
vn 0.0100 -0.9769 -0.2133
vn 0.2232 -0.8709 -0.4380
vn 0.2219 -0.9740 -0.0458
vn 0.3909 -0.8755 -0.2841
vn 0.1683 -0.7880 -0.5922
vn 0.3123 -0.6682 -0.6752
vn 0.6264 -0.7754 -0.0801
vn 0.8361 -0.4833 -0.2594
vn 0.6028 -0.5807 0.5472
vn 0.7546 -0.4618 0.4663
vn -0.4307 -0.8831 -0.1862
vn -0.2965 -0.8336 -0.4660
vn -0.4503 -0.6706 -0.5895
vn -0.1711 -0.5377 -0.8256
vn 0.3442 -0.8858 -0.3114
vn 0.4980 -0.7532 -0.4298
vn 0.4124 -0.8802 0.2350
vn 0.7133 -0.6981 0.0617
vn 0.1101 -0.9122 0.3947
vn 0.3694 -0.8603 0.3513
vn -0.4013 -0.7844 0.4729
vn -0.2511 -0.6190 0.7442
vn 0.7650 -0.6232 0.1628
vn 0.7529 -0.4710 0.4596
vn 0.1823 -0.6720 0.7178
vn 0.2023 -0.3748 0.9048
vn -0.6167 -0.6760 0.4034
vn -0.6180 -0.4805 0.6222
vn -0.3215 -0.7727 0.5473
vn -0.3828 -0.4606 0.8008
vn -0.8684 -0.4390 0.2304
vn -0.8815 -0.2098 0.4230
vn 0.1638 -0.9740 -0.1567
vn -0.0261 -0.8616 -0.5069
vn 0.6232 -0.7820 -0.0091
vn 0.4237 -0.8290 -0.3650
vn -0.5096 -0.8262 0.2401
vn -0.4725 -0.8806 -0.0354
vn 0.5729 -0.7673 0.2882
vn 0.5809 -0.8081 -0.0973
vn -0.6362 -0.7639 0.1083
vn -0.4610 -0.8755 -0.1452
vn 0.4609 -0.8409 0.2838
vn 0.5432 -0.8391 -0.0299
vn -0.6422 -0.7514 0.1515
vn -0.6883 -0.6975 -0.1992
vn 0.7399 -0.6653 0.0997
vn 0.6179 -0.7536 -0.2242
vn -0.1297 -0.7628 0.6335
vn -0.0807 -0.9002 0.4278
vn 0.3979 -0.7478 0.5315
vn 0.4625 -0.8460 0.2653
vn 0.3784 -0.9168 0.1276
vn 0.4775 -0.8740 -0.0900
vn 0.5913 -0.5360 0.6025
vn 0.8209 -0.3309 0.4654
vn 0.6919 -0.4495 0.5650
vn 0.8706 -0.1054 0.4806
vn 0.6690 -0.6870 0.2836
vn 0.8143 -0.4864 0.3167
vn 0.8874 -0.4213 0.1872
vn 0.9546 -0.0300 0.2964
vn 0.8078 -0.5848 0.0739
vn 0.9151 -0.2827 0.2874
vn 0.6066 -0.7636 0.2210
vn 0.4340 -0.7718 0.4648
vn -0.0772 -0.9558 -0.2837
vn -0.2352 -0.9706 0.0521
vn 0.4017 -0.9149 -0.0401
vn 0.1090 -0.9769 0.1836
vn 0.3659 -0.9019 -0.2294
vn 0.0299 -0.9979 -0.0573
vn 0.1294 -0.6123 -0.7800
vn -0.1436 -0.8134 -0.5638
vn -0.4374 -0.8548 -0.2794
vn -0.3923 -0.9197 0.0157
vn 0.6878 -0.7256 0.0196
vn 0.5426 -0.8258 0.1541
vn -0.1341 -0.9034 -0.4074
vn -0.3342 -0.9194 -0.2072
vn 0.1340 -0.9676 -0.2140
vn -0.1206 -0.9819 -0.1463
vn 0.0400 -0.9938 -0.1036
vn 0.0507 -0.8913 -0.4505
vn 0.0161 -0.8548 -0.5187
vn 0.0573 -0.7080 -0.7039
vn -0.6416 -0.7289 -0.2389
vn -0.5051 -0.6967 -0.5094
vn 0.1222 -0.8932 -0.4327
vn 0.2143 -0.7709 -0.5998
vn 0.5739 -0.7495 -0.3298
vn 0.6320 -0.4686 -0.6173
vn -0.1200 -0.9255 -0.3593
vn 0.1175 -0.7639 -0.6345
vn 0.5134 -0.6671 0.5398
vn 0.7344 -0.6142 0.2888
vn 0.6145 -0.7876 -0.0443
vn 0.7782 -0.6261 0.0485
vn -0.1056 -0.7735 0.6250
vn 0.1238 -0.6446 0.7544
vn 0.0578 -0.9383 0.3410
vn 0.2500 -0.7739 0.5819
vn 0.7987 -0.5907 0.1149
vn 0.8663 -0.3231 0.3810
vn -0.6030 -0.7279 0.3265
vn -0.5512 -0.6595 0.5112
vn -0.0031 -0.8838 0.4679
vn -0.0174 -0.6284 0.7777
vn 0.5275 -0.6722 -0.5195
vn 0.7352 -0.5678 -0.3702
vn -0.0721 -0.8826 0.4645
vn 0.1542 -0.7727 0.6157
vn 0.4751 -0.8451 0.2449
vn 0.6151 -0.5843 0.5295
vn 0.2108 -0.6880 0.6944
vn 0.2838 -0.3693 0.8849
vn -0.2612 -0.8571 0.4440
vn -0.2966 -0.7234 0.6235
vn 0.3993 -0.9158 -0.0427
vn 0.0419 -0.9872 -0.1541
vn 0.2725 -0.9311 -0.2426
vn -0.1061 -0.9205 -0.3760
vn 0.5401 -0.8268 0.1571
vn 0.3648 -0.9302 0.0399
vn -0.6540 -0.6485 0.3896
vn -0.7491 -0.6493 0.1315
vn -0.0365 -0.9452 0.3244
vn -0.0917 -0.9951 0.0368
vn -0.0803 -0.9239 0.3742
vn 0.2157 -0.9667 0.1375
vn -0.3083 -0.7876 0.5334
vn -0.0879 -0.8936 0.4402
vn -0.4680 -0.6544 -0.5939
vn -0.1746 -0.8446 -0.5061
vn -0.6343 -0.5642 -0.5286
vn -0.4922 -0.7219 -0.4864
vn -0.5711 -0.3964 -0.7188
vn -0.4614 -0.6352 -0.6194
vn -0.2923 -0.8682 -0.4011
vn -0.0643 -0.9914 -0.1137
vn -0.6355 -0.6620 -0.3975
vn -0.5627 -0.8105 -0.1627
vn -0.1270 -0.9627 -0.2391
vn 0.0038 -0.9997 -0.0224
vn 0.3371 -0.8825 0.3280
vn 0.2705 -0.8017 0.5330
vn 0.6882 -0.7058 0.1683
vn 0.5415 -0.6649 0.5144
vn 0.3088 -0.9388 0.1527
vn 0.2028 -0.9238 0.3248
vn -0.0638 -0.9972 -0.0379
vn -0.2062 -0.9720 0.1130
vn -0.3243 -0.8033 -0.4996
vn -0.5354 -0.8012 -0.2673
vn 0.1829 -0.8551 0.4851
vn -0.0623 -0.8082 0.5855
vn 0.4783 -0.8694 -0.1243
vn 0.4072 -0.8986 0.1633
vn -0.0052 -0.9813 -0.1926
vn -0.0457 -0.9816 0.1857
vn -0.3182 -0.9390 -0.1308
vn -0.4287 -0.9002 0.0764
vn 0.0432 -0.9983 0.0386
vn -0.1867 -0.9385 0.2903
vn -0.0143 -0.9852 -0.1709
vn -0.3680 -0.9292 0.0330
vn 0.0579 -0.5980 -0.7994
vn -0.2365 -0.3915 -0.8893
vn -0.6503 -0.7567 0.0676
vn -0.7581 -0.6374 -0.1376
vn -0.7580 -0.6255 -0.1847
vn -0.8218 -0.4779 -0.3103
vn -0.6077 -0.6430 -0.4661
vn -0.6211 -0.3266 -0.7125
vn 0.6709 -0.6800 -0.2958
vn 0.5425 -0.6124 -0.5750
vn 0.0649 -0.8418 -0.5359
vn 0.0192 -0.7053 -0.7087
vn -0.3906 -0.7722 -0.5012
vn -0.2770 -0.5290 -0.8021
vn -0.0438 -0.8292 0.5573
vn 0.2167 -0.7692 0.6012
vn 0.5878 -0.7876 -0.1851
vn 0.8165 -0.5726 -0.0735
vn 0.6227 -0.7248 -0.2949
vn 0.8091 -0.5837 -0.0688
vn -0.2029 -0.7539 0.6248
vn -0.0494 -0.6781 0.7333
vn -0.0291 -0.6765 0.7359
vn 0.2345 -0.4316 0.8710
vn 0.1765 -0.9249 0.3368
vn 0.3388 -0.7729 0.5365
vn 0.2855 -0.4725 0.8338
vn 0.5213 -0.2677 0.8103
vn 0.2378 -0.7397 -0.6296
vn 0.5671 -0.6679 -0.4820
vn 0.4310 -0.8969 -0.0990
vn 0.5901 -0.8032 0.0822
vn -0.3497 -0.7062 0.6157
vn -0.0648 -0.5198 0.8518
vn -0.4005 -0.6096 0.6841
vn -0.2776 -0.3867 0.8794
vn 0.1845 -0.4631 0.8669
vn 0.0144 -0.2190 0.9756
vn -0.6756 -0.7150 -0.1796
vn -0.8460 -0.5299 -0.0589
vn -0.6251 -0.7794 -0.0429
vn -0.7714 -0.6363 0.0046
vn -0.4130 -0.7362 -0.5361
vn -0.7422 -0.5723 -0.3487
vn -0.6035 -0.7939 0.0747
vn -0.7737 -0.6329 0.0288
vn -0.3920 -0.9187 -0.0477
vn -0.6564 -0.7444 -0.1226
vn 0.0349 -0.9946 0.0979
vn 0.2180 -0.9433 -0.2502
vn -0.2284 -0.9337 0.2756
vn -0.0523 -0.9978 -0.0407
vn -0.6967 -0.6263 -0.3499
vn -0.4893 -0.7020 -0.5174
vn -0.4968 -0.7716 -0.3973
vn -0.2953 -0.8345 -0.4651
vn 0.0835 -0.9917 -0.0980
vn 0.2987 -0.9407 -0.1610
vn -0.0012 -0.9919 0.1272
vn 0.3270 -0.9438 0.0475
vn -0.5315 -0.8236 -0.1982
vn -0.3283 -0.7826 -0.5289
vn -0.6829 -0.7135 -0.1566
vn -0.3939 -0.8354 -0.3834
vn -0.6058 -0.6443 -0.4668
vn -0.4315 -0.6768 -0.5965
vn -0.3908 -0.8859 0.2499
vn -0.2185 -0.9623 0.1619
vn 0.0027 -0.7088 0.7054
vn 0.3094 -0.7190 0.6224
vn 0.6434 -0.7381 -0.2031
vn 0.7536 -0.6375 0.1602
vn 0.3530 -0.9328 -0.0725
vn 0.4544 -0.8392 0.2987
vn -0.6194 -0.5762 0.5332
vn -0.4861 -0.4139 0.7696
vn -0.1919 -0.9221 0.3361
vn -0.1442 -0.7491 0.6465
vn -0.4378 -0.8650 0.2452
vn -0.4274 -0.7354 0.5258
vn -0.3733 -0.9274 0.0220
vn -0.3301 -0.8946 0.3011
vn 0.4273 -0.8190 0.3831
vn 0.3298 -0.6567 0.6782
vn 0.1067 -0.8984 0.4260
vn -0.1698 -0.9235 0.3441
vn 0.3488 -0.9300 0.1158
vn 0.0651 -0.9961 0.0589
vn -0.0594 -0.7898 0.6105
vn -0.3662 -0.8409 0.3985
vn 0.1563 -0.9229 0.3519
vn -0.0183 -0.9772 0.2117
vn -0.0116 -0.9968 0.0787
vn -0.3219 -0.9281 -0.1870
vn -0.1320 -0.9610 0.2432
vn -0.2772 -0.9595 0.0507
vn -0.0369 -0.9970 0.0682
vn -0.2358 -0.9481 -0.2135
vn 0.2778 -0.8670 0.4136
vn 0.0668 -0.9020 0.4265
vn -0.0776 -0.7354 -0.6732
vn -0.3088 -0.6836 -0.6613
vn -0.1325 -0.6752 0.7256
vn -0.3896 -0.8062 0.4452
vn 0.3979 -0.6357 -0.6614
vn 0.0609 -0.5636 -0.8238
vn -0.4245 -0.7628 0.4877
vn -0.5857 -0.7717 0.2478
vn 0.6578 -0.6833 -0.3168
vn 0.3375 -0.7546 -0.5627
vn 0.1546 -0.9390 -0.3073
vn 0.4042 -0.8456 -0.3487
vn 0.0514 -0.7551 0.6535
vn 0.2807 -0.7402 0.6110
vn -0.0206 -0.8547 0.5188
vn 0.3630 -0.8024 0.4737
vn -0.0283 -0.8552 0.5174
vn 0.2228 -0.7925 0.5677
vn 0.3920 -0.9142 0.1026
vn 0.6483 -0.7221 0.2412
vn 0.4236 -0.7157 -0.5553
vn 0.6271 -0.7054 -0.3304
vn -0.7314 -0.6496 -0.2073
vn -0.7654 -0.6434 0.0150
vn -0.0206 -0.8826 0.4696
vn -0.2303 -0.6752 0.7007
vn -0.6280 -0.7365 -0.2515
vn -0.7960 -0.6047 -0.0274
vn -0.7613 -0.5658 -0.3166
vn -0.9166 -0.3992 -0.0232
vn 0.1657 -0.7974 0.5803
vn -0.0962 -0.7429 0.6625
vn -0.2032 -0.8049 0.5575
vn -0.5134 -0.5555 0.6541
vn -0.5706 -0.8211 0.0149
vn -0.6479 -0.6902 0.3222
vn -0.2025 -0.9792 -0.0133
vn -0.3400 -0.9005 0.2712
vn -0.6498 -0.7482 -0.1340
vn -0.7855 -0.6129 0.0858
vn -0.4135 -0.7596 -0.5020
vn -0.6709 -0.7005 -0.2431
vn -0.6382 -0.7334 -0.2342
vn -0.7789 -0.6052 -0.1646
vn -0.5987 -0.7535 0.2715
vn -0.5890 -0.8052 -0.0685
vn 0.2021 -0.7238 0.6597
vn 0.1453 -0.9001 0.4107
vn 0.6508 -0.5837 0.4856
vn 0.5696 -0.7981 0.1963
vn 0.2559 -0.6545 0.7114
vn 0.3242 -0.8461 0.4232
vn -0.1668 -0.9782 -0.1241
vn 0.0453 -0.8858 -0.4619
vn -0.1799 -0.7583 0.6266
vn -0.0120 -0.6102 0.7922
vn -0.0098 -0.7984 0.6021
vn 0.0970 -0.6587 0.7462
vn 0.8490 -0.5236 -0.0711
vn 0.9168 -0.3197 0.2392
vn 0.5310 -0.8050 0.2646
vn 0.5614 -0.6380 0.5270
vn 0.4259 -0.8554 0.2946
vn 0.4630 -0.6375 0.6158
vn 0.2974 -0.9426 0.1517
vn 0.2286 -0.8377 0.4960
vn 0.2080 -0.8707 0.4457
vn 0.1873 -0.7225 0.6655
vn -0.0126 -0.4478 0.8940
vn 0.2887 -0.1736 0.9416
vn -0.5103 -0.7838 0.3539
vn -0.3321 -0.7457 0.5776
vn 0.4753 -0.8784 0.0508
vn 0.5167 -0.7402 0.4302
vn -0.1076 -0.8764 0.4694
vn -0.0012 -0.6789 0.7342
vn -0.0513 -0.9040 0.4244
vn -0.0362 -0.6778 0.7344
vn 0.0168 -0.8648 0.5019
vn -0.0394 -0.6111 0.7905
vn -0.6421 -0.6376 -0.4257
vn -0.8522 -0.4740 -0.2214
vn -0.4043 -0.8866 0.2246
vn -0.7043 -0.6300 0.3272
vn -0.2218 -0.8675 0.4453
vn -0.4954 -0.7274 0.4748
vn -0.4129 -0.8327 -0.3690
vn -0.6725 -0.6491 -0.3555
vn -0.2189 -0.6498 -0.7279
vn -0.4761 -0.5056 -0.7195
vn 0.1142 -0.6300 -0.7682
vn -0.2855 -0.5399 -0.7919
vn -0.6620 -0.7422 -0.1046
vn -0.3415 -0.9058 -0.2507
vn -0.1999 -0.8711 0.4485
vn 0.1119 -0.9461 0.3040
vn -0.5244 -0.8027 -0.2841
vn -0.2230 -0.9485 -0.2248
vn -0.5056 -0.5173 -0.6905
vn -0.2312 -0.7902 -0.5676
vn -0.4798 -0.6357 0.6048
vn -0.2619 -0.7242 0.6379
vn -0.4348 -0.7904 -0.4316
vn -0.1825 -0.9698 -0.1620
vn -0.5799 -0.7328 0.3559
vn -0.4695 -0.8545 0.2223
vn -0.7054 -0.7067 -0.0546
vn -0.4304 -0.8983 -0.0881
vn -0.7699 -0.6362 -0.0500
vn -0.6185 -0.7853 -0.0258
vn -0.0099 -0.4322 -0.9017
vn 0.1162 -0.6910 -0.7134
vn 0.0463 -0.9157 -0.3992
vn 0.1911 -0.9483 -0.2534
vn 0.7183 -0.6274 0.3007
vn 0.7457 -0.4617 0.4804
vn 0.0111 -0.5129 0.8583
vn 0.0288 -0.1854 0.9822
vn -0.3735 -0.6739 0.6375
vn -0.3609 -0.4040 0.8406
vn -0.4221 -0.8838 0.2020
vn -0.4575 -0.7958 0.3967
vn 0.0934 -0.6803 0.7270
vn -0.0024 -0.3644 0.9312
vn -0.6994 -0.5778 0.4208
vn -0.7020 -0.2721 0.6582
vn -0.3923 -0.5331 0.7496
vn -0.5092 -0.1714 0.8434
vn 0.5108 -0.8596 -0.0123
vn 0.1970 -0.9762 0.0905
vn 0.2958 -0.9518 -0.0811
vn 0.0458 -0.9940 -0.0992
vn 0.1098 -0.6321 0.7671
vn -0.1807 -0.8148 0.5508
vn 0.0233 -0.9239 0.3819
vn -0.2947 -0.9434 0.1524
vn 0.2743 -0.9363 0.2191
vn -0.0271 -0.9996 0.0036
vn 0.5858 -0.7867 -0.1948
vn 0.3653 -0.8713 -0.3277
vn 0.0403 -0.6769 -0.7350
vn -0.2243 -0.7635 -0.6055
vn 0.3105 -0.9102 -0.2742
vn -0.0132 -0.9528 -0.3033
vn 0.5346 -0.6108 -0.5841
vn 0.3044 -0.7265 -0.6161
vn -0.3899 -0.6775 0.6237
vn -0.5793 -0.6704 0.4637
vn 0.3437 -0.8983 -0.2738
vn 0.1396 -0.8710 -0.4711
vn 0.4453 -0.5281 -0.7230
vn 0.7149 -0.2590 -0.6494
vn 0.3429 -0.9059 0.2485
vn 0.6058 -0.7124 0.3542
vn 0.0514 -0.7230 0.6889
vn 0.3694 -0.5706 0.7335
vn 0.3797 -0.9143 -0.1408
vn 0.6379 -0.7613 0.1162
vn 0.7529 -0.6545 -0.0690
vn 0.9042 -0.4073 0.1288
vn 0.3604 -0.8930 0.2697
vn 0.5024 -0.7534 0.4243
vn -0.3376 -0.7471 0.5727
vn -0.0860 -0.5855 0.8061
vn -0.4729 -0.8797 0.0493
vn -0.2095 -0.9535 0.2167
vn -0.4704 -0.8136 -0.3418
vn -0.2964 -0.9449 -0.1388
vn 0.5782 -0.6480 -0.4957
vn 0.6261 -0.7714 -0.1140
vn 0.3484 -0.4404 -0.8275
vn 0.3530 -0.6886 -0.6334
vn 0.3373 -0.8111 -0.4778
vn 0.2770 -0.9515 -0.1341
vn 0.3835 -0.7189 -0.5798
vn 0.2758 -0.8655 -0.4181
vn -0.4022 -0.7668 -0.5003
vn -0.5622 -0.8139 -0.1465
vn 0.0500 -0.7410 -0.6697
vn -0.2266 -0.8658 -0.4462
vn 0.1681 0.9285 0.3310
vn 0.2632 0.7207 0.6414
vn 0.3831 0.8096 0.4446
vn 0.3399 0.5785 0.7415
vn -0.5826 0.8114 -0.0474
vn -0.5904 0.7560 0.2828
vn 0.2859 0.8333 0.4731
vn 0.1413 0.6905 0.7094
vn 0.1652 0.8770 0.4513
vn -0.0908 0.7120 0.6963
vn 0.1788 0.9683 -0.1743
vn -0.1396 0.9109 -0.3884
vn 0.4133 0.8882 -0.2005
vn 0.2554 0.9005 -0.3520
vn -0.4457 0.8834 0.1451
vn -0.5312 0.8464 -0.0368
vn 0.3836 0.9205 -0.0740
vn 0.3000 0.9108 -0.2836
vn -0.6289 0.7774 0.0085
vn -0.6090 0.6970 -0.3785
vn 0.6259 0.7681 0.1353
vn 0.7878 0.6102 0.0839
vn 0.2878 0.5094 -0.8110
vn 0.4561 0.3830 -0.8033
vn 0.4381 0.5877 0.6802
vn 0.6921 0.3322 0.6408
vn 0.5103 0.4128 0.7544
vn 0.7087 0.1310 0.6932
vn 0.5426 0.8075 -0.2315
vn 0.7699 0.6264 -0.1219
vn 0.4167 0.8182 0.3962
vn 0.6362 0.5997 0.4854
vn -0.1578 0.9119 0.3788
vn -0.2346 0.7032 0.6712
vn -0.0695 0.8911 0.4484
vn -0.1850 0.7851 0.5911
vn -0.0507 0.8011 0.5964
vn -0.3255 0.5854 0.7426
vn -0.0765 0.7251 0.6844
vn -0.2711 0.5916 0.7593
vn -0.2869 0.9563 -0.0555
vn -0.5069 0.8617 0.0215
vn -0.3535 0.6255 -0.6956
vn -0.2166 0.3895 -0.8952
vn 0.1671 0.8505 -0.4987
vn 0.2686 0.7010 -0.6606
vn 0.5436 0.6953 0.4702
vn 0.6720 0.6957 0.2537
vn 0.3360 0.9090 0.2464
vn 0.5828 0.8101 -0.0642
vn 0.1730 0.9765 -0.1286
vn 0.4536 0.8446 -0.2846
vn 0.5769 0.7837 -0.2302
vn 0.5879 0.6501 -0.4814
vn 0.5983 0.7998 -0.0472
vn 0.6423 0.7297 -0.2346
vn 0.3908 0.9182 -0.0643
vn 0.6009 0.7599 -0.2481
vn 0.0054 0.8108 -0.5853
vn 0.3397 0.6580 -0.6720
vn 0.2350 0.7132 -0.6604
vn -0.1400 0.6738 -0.7256
vn 0.6931 0.6562 -0.2985
vn 0.3854 0.8048 -0.4515
vn 0.3508 0.8950 0.2755
vn 0.2341 0.9694 0.0738
vn 0.4706 0.8555 -0.2160
vn 0.2191 0.8380 -0.4997
vn 0.6597 0.7512 0.0238
vn 0.5333 0.7679 -0.3547
vn 0.4782 0.7851 -0.3937
vn 0.1506 0.8899 -0.4305
vn 0.6397 0.5849 -0.4986
vn 0.2948 0.7460 -0.5972
vn -0.5058 0.6911 0.5163
vn -0.5930 0.7713 0.2312
vn 0.2235 0.8902 0.3969
vn 0.2371 0.9633 0.1256
vn -0.1590 0.4178 -0.8945
vn 0.0947 0.1354 -0.9863
vn 0.9090 0.3791 -0.1732
vn 0.9565 0.1439 -0.2536
vn 0.2009 0.5788 -0.7903
vn 0.4168 0.2384 -0.8772
vn 0.4856 0.7776 -0.3995
vn 0.6340 0.6166 -0.4667
vn 0.9078 0.3915 -0.1507
vn 0.9849 0.0693 -0.1589
vn 0.4659 0.4870 -0.7388
vn 0.6384 0.2624 -0.7236
vn 0.5911 0.7328 -0.3371
vn 0.7434 0.5833 -0.3272
vn 0.0892 0.6388 -0.7642
vn 0.2592 0.8217 -0.5075
vn -0.2553 0.9127 -0.3191
vn -0.1729 0.9803 -0.0958
vn -0.6049 0.7402 -0.2936
vn -0.4358 0.8997 0.0239
vn -0.5270 0.8075 -0.2648
vn -0.4687 0.8783 0.0946
vn 0.5241 0.8512 -0.0258
vn 0.3670 0.8931 0.2603
vn -0.5560 0.7667 0.3211
vn -0.2698 0.7380 0.6186
vn -0.7809 0.6226 0.0506
vn -0.6707 0.6950 0.2590
vn -0.2070 0.7625 -0.6129
vn -0.2173 0.8771 -0.4283
vn 0.5192 0.8520 0.0676
vn 0.4060 0.8827 0.2367
vn -0.0639 0.9313 -0.3586
vn -0.1094 0.7240 -0.6811
vn 0.1618 0.9400 -0.3005
vn 0.1347 0.8038 -0.5794
vn -0.1262 0.9303 -0.3445
vn -0.0508 0.7527 -0.6564
vn -0.0882 0.9180 -0.3866
vn -0.0069 0.8161 -0.5779
vn -0.1142 0.7114 -0.6934
vn 0.0999 0.4444 -0.8902
vn 0.4189 0.9080 -0.0088
vn 0.5277 0.8220 -0.2139
vn 0.4910 0.8412 0.2264
vn 0.7855 0.5795 0.2174
vn 0.7032 0.3262 -0.6317
vn 0.8630 0.0302 -0.5044
vn 0.0468 0.5798 0.8134
vn 0.2232 0.4661 0.8561
vn 0.6840 0.6873 -0.2444
vn 0.8527 0.5223 0.0057
vn 0.3788 0.5215 0.7646
vn 0.5395 0.1849 0.8215
vn -0.1458 0.5636 0.8131
vn -0.0163 0.3958 0.9182
vn 0.7419 0.6102 0.2779
vn 0.7761 0.3250 0.5404
vn 0.2673 0.9295 0.2543
vn 0.5025 0.8248 0.2592
vn 0.6950 0.7181 -0.0355
vn 0.9109 0.4086 0.0576
vn 0.8701 0.4702 -0.1477
vn 0.9848 0.1685 0.0424
vn 0.5612 0.7317 0.3870
vn 0.6919 0.4379 0.5740
vn 0.8751 0.4826 -0.0350
vn 0.9431 0.2495 0.2199
vn -0.4789 0.4917 0.7272
vn -0.3863 0.1643 0.9076
vn 0.1295 0.9833 0.1282
vn -0.0576 0.9525 0.2991
vn 0.0948 0.7369 -0.6694
vn -0.0977 0.8711 -0.4813
vn -0.0681 0.6463 -0.7601
vn -0.3452 0.7911 -0.5050
vn 0.4519 0.8891 0.0730
vn 0.1959 0.9738 0.1159
vn -0.1758 0.8668 -0.4667
vn -0.5192 0.7762 -0.3577
vn 0.3253 0.8804 0.3450
vn 0.0646 0.9419 0.3296
vn 0.1109 0.9090 -0.4018
vn 0.1540 0.6648 -0.7310
vn 0.6805 0.7210 -0.1305
vn 0.7623 0.5187 -0.3872
vn 0.4686 0.8246 -0.3170
vn 0.5780 0.5634 -0.5904
vn 0.2731 0.8226 -0.4988
vn 0.4359 0.6385 -0.6343
vn -0.0693 0.6015 -0.7959
vn 0.2242 0.4670 -0.8553
vn 0.0502 0.9143 -0.4019
vn 0.0958 0.7766 -0.6227
vn 0.3240 0.5732 -0.7527
vn 0.3865 0.3371 -0.8585
vn -0.1440 0.6170 -0.7737
vn 0.1084 0.3542 -0.9289
vn 0.8246 0.5358 0.1817
vn 0.9755 0.2152 0.0459
vn 0.3685 0.6533 0.6614
vn 0.4462 0.7709 0.4546
vn -0.5866 0.7225 0.3660
vn -0.4701 0.8761 0.1074
vn -0.3964 0.7455 0.5358
vn -0.2091 0.9424 0.2611
vn -0.8054 0.4337 -0.4040
vn -0.6410 0.6564 -0.3980
vn -0.7791 0.5020 0.3755
vn -0.6312 0.7069 0.3193
vn -0.3867 0.8553 -0.3449
vn -0.1139 0.9613 -0.2507
vn -0.6899 0.7146 -0.1152
vn -0.3778 0.9255 0.0251
vn 0.2182 0.7655 -0.6053
vn 0.4040 0.8606 -0.3101
vn -0.3373 0.9366 -0.0947
vn -0.4060 0.8638 0.2985
vn 0.1617 0.7972 0.5817
vn -0.1220 0.5910 0.7974
vn -0.0104 0.8290 0.5592
vn -0.2128 0.6915 0.6903
vn 0.3734 0.6749 0.6364
vn 0.0296 0.6691 0.7426
vn -0.6331 0.7426 -0.2183
vn -0.8297 0.5561 -0.0479
vn 0.0007 0.5240 0.8517
vn -0.2728 0.3401 0.9000
vn -0.5631 0.7548 0.3364
vn -0.5640 0.5146 0.6458
vn -0.5182 0.8449 0.1328
vn -0.6223 0.7139 0.3212
vn 0.1194 0.9833 0.1375
vn -0.0502 0.9674 0.2481
vn -0.2194 0.8316 -0.5101
vn -0.4635 0.8180 -0.3406
vn -0.1322 0.6139 0.7783
vn -0.4043 0.5295 0.7458
vn -0.0516 0.7551 -0.6536
vn -0.1111 0.4267 -0.8976
vn -0.6916 0.6983 -0.1848
vn -0.5607 0.6211 -0.5476
vn 0.5954 0.7927 0.1309
vn 0.6833 0.6861 -0.2496
vn 0.7620 0.6396 -0.1017
vn 0.8127 0.5218 -0.2593
vn -0.5599 0.6788 -0.4751
vn -0.3731 0.6368 -0.6748
vn 0.6140 0.6565 0.4382
vn 0.7680 0.5964 0.2334
vn 0.6412 0.7478 0.1721
vn 0.8320 0.5502 -0.0708
vn 0.1564 0.9162 -0.3689
vn 0.3231 0.9214 -0.2158
vn -0.0397 0.9964 0.0754
vn 0.2885 0.9173 0.2744
vn -0.4146 0.7628 0.4963
vn -0.1644 0.7237 0.6703
vn -0.5701 0.6744 0.4693
vn -0.3834 0.6179 0.6865
vn -0.5902 0.7515 0.2949
vn -0.3982 0.6576 0.6396
vn 0.6313 0.7589 -0.1600
vn 0.6682 0.7056 0.2360
vn 0.1412 0.9228 -0.3584
vn 0.4173 0.8946 -0.1595
vn -0.2849 0.8535 0.4363
vn -0.0133 0.7775 0.6288
vn -0.4325 0.7704 0.4684
vn -0.1273 0.7006 0.7021
vn 0.7612 0.6427 -0.0863
vn 0.7649 0.6109 0.2045
vn 0.5993 0.7894 0.1327
vn 0.5612 0.7295 0.3910
vn 0.1394 0.8017 -0.5813
vn -0.1368 0.8362 -0.5310
vn -0.0651 0.9549 0.2896
vn -0.3814 0.9025 0.2000
vn 0.4982 0.8297 -0.2517
vn 0.2652 0.8796 -0.3949
vn 0.1146 0.9867 0.1155
vn -0.0355 0.9970 -0.0693
vn -0.4020 0.8588 0.3176
vn -0.5330 0.8456 0.0307
vn -0.6786 0.6261 -0.3840
vn -0.4288 0.6710 -0.6049
vn 0.2736 0.9581 0.0844
vn 0.3956 0.9153 -0.0755
vn 0.1520 0.9840 0.0926
vn 0.3268 0.9412 -0.0855
vn -0.3547 0.9085 -0.2209
vn -0.0743 0.9515 -0.2985
vn 0.1792 0.6357 0.7509
vn 0.4478 0.6401 0.6242
vn 0.2638 0.6960 0.6679
vn 0.5318 0.6131 0.5842
vn 0.0241 0.9186 0.3944
vn 0.4196 0.8337 0.3589
vn -0.4879 0.8119 -0.3205
vn -0.3669 0.7904 -0.4905
vn -0.1332 0.9847 0.1127
vn 0.1528 0.9723 -0.1769
vn 0.1499 0.6079 0.7797
vn 0.3136 0.6972 0.6447
vn -0.1477 0.9318 0.3317
vn 0.1904 0.9631 0.1904
vn -0.0390 0.8314 -0.5543
vn 0.3564 0.7482 -0.5596
vn 0.1249 0.9133 -0.3878
vn 0.4205 0.8229 -0.3822
vn 0.7724 0.5045 0.3858
vn 0.7337 0.2128 0.6453
vn 0.3876 0.7317 0.5607
vn 0.3468 0.4673 0.8132
vn 0.6950 0.6652 0.2730
vn 0.6010 0.5833 0.5463
vn 0.1171 0.9637 0.2398
vn 0.0329 0.8116 0.5833
vn -0.4375 0.8860 0.1536
vn -0.5356 0.7171 0.4460
vn -0.5573 0.8235 -0.1062
vn -0.6506 0.7522 0.1049
vn -0.5670 0.7808 -0.2625
vn -0.7372 0.6751 -0.0260
vn -0.5567 0.6773 0.4809
vn -0.5646 0.7840 0.2582
vn -0.0300 0.8544 0.5187
vn 0.0242 0.9882 0.1513
vn 0.0278 0.9127 0.4076
vn 0.2438 0.9677 0.0648
vn 0.2483 0.6582 0.7107
vn 0.4689 0.7849 0.4050
vn -0.3000 0.8347 0.4619
vn 0.0251 0.9576 0.2869
vn 0.7353 0.6486 0.1967
vn 0.6272 0.7779 0.0379
vn 0.2778 0.6872 0.6712
vn 0.3609 0.8711 0.3330
vn -0.6194 0.6385 0.4569
vn -0.4577 0.8215 0.3401
vn -0.0734 0.8827 0.4641
vn 0.1695 0.9425 0.2881
vn 0.5095 0.7709 0.3824
vn 0.7541 0.5465 0.3642
vn 0.4433 0.8455 0.2977
vn 0.6542 0.6851 0.3203
vn 0.3475 0.7585 0.5513
vn 0.5967 0.4850 0.6393
vn 0.5557 0.5520 0.6217
vn 0.6918 0.2416 0.6805
vn 0.9512 0.2393 0.1946
vn 0.9366 -0.0957 0.3370
vn 0.1377 0.4237 0.8953
vn 0.2095 0.1704 0.9629
vn 0.0139 0.5287 0.8487
vn 0.0962 0.2465 0.9644
vn -0.2641 0.9520 0.1547
vn -0.2321 0.8349 0.4991
vn 0.1514 0.9869 0.0553
vn 0.1196 0.8936 0.4327
vn 0.5952 0.7940 0.1235
vn 0.4609 0.8021 0.3799
vn -0.5205 0.8521 -0.0554
vn -0.6216 0.7566 0.2031
vn 0.1992 0.9470 0.2522
vn -0.0504 0.8636 0.5017
vn 0.0599 0.9945 -0.0859
vn 0.1045 0.9700 0.2195
vn 0.3052 0.9317 -0.1972
vn 0.2618 0.9643 0.0390
vn 0.0028 0.9982 0.0597
vn -0.1214 0.9456 0.3019
vn 0.2503 0.8493 0.4648
vn 0.0128 0.8032 0.5956
vn 0.7362 0.6765 -0.0199
vn 0.8000 0.5348 -0.2721
vn -0.3906 0.6991 -0.5989
vn -0.1642 0.5788 -0.7987
vn -0.4902 0.6746 -0.5519
vn -0.1664 0.5972 -0.7846
vn 0.7903 0.6020 0.1137
vn 0.9232 0.3648 -0.1210
vn 0.0379 0.6745 -0.7373
vn 0.3519 0.5292 -0.7721
vn 0.0787 0.9887 -0.1277
vn 0.3483 0.9188 -0.1859
vn 0.3619 0.5884 -0.7231
vn 0.6581 0.3593 -0.6617
vn 0.1825 0.7517 0.6337
vn 0.4327 0.4555 0.7780
vn 0.0397 0.9951 0.0903
vn 0.2460 0.9054 0.3461
vn -0.4863 0.7691 0.4147
vn -0.2187 0.7225 0.6559
vn -0.0410 0.9967 0.0707
vn 0.0123 0.9605 0.2781
vn -0.0825 0.9760 0.2017
vn -0.0223 0.8797 0.4751
vn 0.6256 0.7778 0.0610
vn 0.6270 0.7220 0.2926
vn -0.1238 0.9827 0.1376
vn 0.1321 0.9303 0.3422
vn 0.4075 0.8890 0.2086
vn 0.5979 0.7067 0.3782
vn 0.1105 0.9458 0.3053
vn 0.1865 0.8396 0.5102
vn -0.6366 0.7408 0.2141
vn -0.5418 0.6349 0.5508
vn -0.6280 0.7293 0.2717
vn -0.6090 0.6299 0.4820
vn 0.3807 0.6242 0.6822
vn 0.1059 0.6980 0.7082
vn 0.6851 0.7271 0.0445
vn 0.3950 0.9040 0.1635
vn 0.5807 0.7964 -0.1689
vn 0.2676 0.9612 -0.0667
vn 0.6526 0.4741 0.5911
vn 0.5129 0.6830 0.5201
vn 0.8037 0.5870 -0.0974
vn 0.6461 0.7418 -0.1796
vn 0.2655 0.9375 0.2249
vn -0.0840 0.9954 0.0470
vn -0.2399 0.7945 0.5579
vn -0.0375 0.8993 0.4356
vn -0.4184 0.6425 -0.6420
vn -0.1841 0.7739 -0.6060
vn -0.3504 0.6633 -0.6612
vn -0.1071 0.8338 -0.5415
vn -0.7547 0.5904 0.2861
vn -0.5095 0.8115 0.2861
vn -0.2875 0.9029 -0.3197
vn -0.0562 0.9867 -0.1526
vn -0.8484 0.5160 -0.1181
vn -0.7642 0.6448 0.0151
vn 0.4676 0.7529 -0.4631
vn 0.4093 0.9074 -0.0957
vn 0.5191 0.7904 -0.3253
vn 0.5144 0.8486 -0.1234
vn 0.6478 0.6725 -0.3580
vn 0.4063 0.7878 -0.4629
vn 0.4125 0.9095 -0.0513
vn 0.2590 0.9379 -0.2308
vn 0.7907 0.6089 -0.0637
vn 0.6544 0.7289 -0.2013
vn -0.7030 0.6069 0.3708
vn -0.6499 0.7595 0.0280
vn 0.5215 0.8398 0.1508
vn 0.3766 0.9034 -0.2049
vn 0.3391 0.6105 0.7157
vn 0.6357 0.4799 0.6047
vn 0.0902 0.6358 -0.7665
vn 0.3451 0.5361 -0.7704
vn 0.0637 0.9885 -0.1368
vn 0.2658 0.9559 -0.1249
vn 0.5727 0.7400 -0.3528
vn 0.8256 0.5248 -0.2074
vn 0.0235 0.6180 0.7858
vn 0.3325 0.4203 0.8443
vn 0.5538 0.7047 -0.4435
vn 0.7902 0.5517 -0.2669
vn 0.5155 0.7274 -0.4530
vn 0.7192 0.6425 -0.2646
vn 0.3292 0.8524 0.4063
vn 0.1674 0.7281 0.6647
vn -0.7068 0.6967 0.1228
vn -0.7650 0.5178 0.3830
vn -0.5974 0.7864 0.1572
vn -0.6993 0.6012 0.3866
vn -0.7043 0.7007 0.1143
vn -0.8245 0.5132 0.2383
vn -0.0969 0.8130 0.5742
vn -0.3965 0.6371 0.6610
vn -0.5500 0.8203 -0.1568
vn -0.8238 0.5666 0.0170
vn -0.6704 0.7165 0.1929
vn -0.8358 0.4832 0.2608
vn -0.0988 0.7928 0.6015
vn -0.1206 0.4955 0.8602
vn -0.6097 0.7283 0.3129
vn -0.6557 0.4538 0.6034
vn 0.3726 0.6048 0.7038
vn 0.1540 0.4615 0.8737
vn -0.5256 0.7365 -0.4258
vn -0.7090 0.6659 -0.2322
vn -0.3627 0.9270 -0.0954
vn -0.5471 0.8363 -0.0357
vn -0.4711 0.7548 -0.4565
vn -0.6883 0.6355 -0.3498
vn 0.4778 0.8467 -0.2339
vn 0.4824 0.7243 -0.4926
vn -0.3822 0.9140 -0.1360
vn -0.3212 0.8440 -0.4295
vn -0.5736 0.8191 0.0008
vn -0.4254 0.8525 -0.3037
vn 0.3669 0.9179 0.1513
vn 0.4741 0.8794 -0.0438
vn 0.1831 0.9489 0.2572
vn 0.4152 0.9086 -0.0462
vn 0.6091 0.7584 0.2320
vn 0.7890 0.6114 -0.0602
vn 0.1519 0.8422 -0.5174
vn 0.3335 0.7081 -0.6224
vn -0.4732 0.6387 0.6067
vn -0.3010 0.5956 0.7448
vn 0.0336 0.8756 0.4818
vn 0.1664 0.7332 0.6594
vn 0.4150 0.8279 0.3774
vn 0.4517 0.6916 0.5636
vn -0.3831 0.9191 0.0919
vn -0.2596 0.8388 0.4786
vn 0.0964 0.9941 0.0501
vn 0.0558 0.9467 0.3173
vn 0.0146 0.9449 0.3270
vn 0.0075 0.7343 0.6788
vn 0.7596 0.6494 -0.0353
vn 0.8593 0.4944 0.1314
vn 0.5315 0.8250 0.1921
vn 0.6199 0.6503 0.4392
vn 0.2442 0.9390 0.2421
vn 0.2914 0.8029 0.5200
vn 0.4634 0.6975 0.5466
vn 0.3998 0.4442 0.8018
vn -0.1729 0.9427 0.2855
vn -0.2866 0.7571 0.5871
vn -0.4200 0.7842 0.4568
vn -0.6327 0.5474 0.5478
vn -0.1759 0.8468 0.5021
vn -0.5467 0.6815 0.4865
vn -0.7322 0.6551 -0.1862
vn -0.8990 0.3936 -0.1920
vn -0.7291 0.6739 -0.1192
vn -0.8718 0.4598 -0.1687
vn -0.8252 0.3963 0.4026
vn -0.9471 0.1767 0.2678
vn -0.2929 0.8246 -0.4840
vn 0.0953 0.8413 -0.5320
vn -0.0936 0.8641 -0.4946
vn 0.1981 0.8428 -0.5004
vn -0.0377 0.9371 0.3469
vn 0.2870 0.9078 0.3058
vn -0.1336 0.9850 0.1089
vn 0.0739 0.9895 0.1243
vn -0.6251 0.7523 0.2081
vn -0.4359 0.8628 0.2561
vn 0.3725 0.7834 -0.4974
vn 0.5907 0.7511 -0.2947
vn 0.2406 0.8667 -0.4370
vn 0.4630 0.8798 -0.1076
vn -0.3500 0.8289 -0.4364
vn 0.0470 0.8715 -0.4882
vn 0.0224 0.9128 -0.4078
vn 0.4197 0.8277 -0.3725
vn -0.4355 0.7697 -0.4668
vn -0.1783 0.9105 -0.3730
vn -0.3581 0.8360 0.4158
vn -0.0468 0.8854 0.4624
vn -0.0563 0.6079 -0.7920
vn 0.1172 0.7380 -0.6646
vn -0.6338 0.7734 0.0111
vn -0.3870 0.9078 0.1615
vn 0.3126 0.9137 0.2597
vn 0.3231 0.8225 0.4680
vn -0.4233 0.8585 0.2895
vn -0.4306 0.6404 0.6360
vn -0.3454 0.9194 0.1883
vn -0.4510 0.7338 0.5081
vn -0.0635 0.8869 0.4576
vn -0.2525 0.6499 0.7168
vn -0.0595 0.5432 0.8375
vn -0.2594 0.2997 0.9181
vn 0.4051 0.8429 0.3543
vn 0.2050 0.9415 0.2677
vn 0.7071 0.7071 -0.0090
vn 0.5396 0.8315 -0.1319
vn 0.7741 0.6321 0.0344
vn 0.5683 0.7968 -0.2052
vn 0.3460 0.9374 0.0391
vn 0.2002 0.9358 -0.2902
vn -0.0304 0.9957 0.0870
vn -0.0521 0.9623 -0.2668
vn 0.5342 0.7416 -0.4058
vn 0.2810 0.8192 -0.4999
vn -0.1417 0.9786 0.1489
vn -0.3480 0.9342 -0.0783
vn 0.0076 0.7621 0.6474
vn -0.0944 0.9186 0.3839
vn 0.6027 0.7846 -0.1450
vn 0.5403 0.7497 -0.3822
vn 0.2428 0.9530 0.1812
vn 0.4634 0.8086 0.3625
vn 0.6763 0.6045 -0.4209
vn 0.8777 0.4640 -0.1196
vn 0.1208 0.5831 0.8034
vn 0.2182 0.4101 0.8856
vn -0.4571 0.4863 0.7447
vn -0.2784 0.2626 0.9239
vn -0.1499 0.8816 0.4475
vn -0.0062 0.7093 0.7049
vn -0.2301 0.6243 0.7465
vn -0.1617 0.4708 0.8673
vn 0.8050 0.4989 0.3211
vn 0.7446 0.2636 0.6133
vn -0.8654 0.4987 -0.0496
vn -0.9292 0.2545 0.2679
vn -0.7324 0.6702 0.1201
vn -0.8517 0.4674 0.2369
vn -0.3836 0.9024 0.1963
vn -0.5729 0.7778 0.2585
vn -0.5207 0.6512 0.5521
vn -0.6943 0.4625 0.5514
vn -0.5812 0.7803 0.2309
vn -0.8517 0.4983 0.1620
vn -0.3937 0.8515 0.3464
vn -0.5313 0.5825 0.6152
vn 0.0969 0.6212 0.7776
vn -0.0547 0.4801 0.8755
vn -0.5787 0.8146 0.0381
vn -0.7847 0.6124 0.0958
vn -0.3649 0.8492 0.3817
vn -0.6754 0.6739 0.2994
vn 0.1551 0.7024 0.6947
vn 0.0749 0.9127 0.4017
vn -0.4703 0.6609 0.5848
vn -0.4527 0.8392 0.3014
vn 0.0526 0.5619 0.8255
vn 0.0916 0.7574 0.6465
vn 0.0954 0.5574 0.8248
vn 0.1233 0.7670 0.6297
vn 0.2936 0.7496 0.5932
vn 0.4531 0.8529 0.2594
vn -0.1183 0.7881 0.6041
vn 0.0301 0.9249 0.3789
vn 0.4091 0.5941 0.6926
vn 0.5377 0.6876 0.4880
vn 0.2411 0.8987 -0.3663
vn 0.3033 0.9453 -0.1202
vn -0.2935 0.8370 -0.4618
vn -0.2941 0.9255 -0.2385
vn 0.2268 0.8420 -0.4895
vn 0.1556 0.9615 -0.2266
vn 0.3280 0.6881 -0.6473
vn 0.2460 0.8228 -0.5123
vn 0.2024 0.6857 -0.6992
vn 0.0416 0.8529 -0.5204
vn 0.1310 0.8113 -0.5698
vn -0.1931 0.9126 -0.3603
vn 0.1455 0.9683 0.2032
vn -0.2139 0.9563 0.1991
vn 0.7046 0.6467 -0.2920
vn 0.6281 0.4410 -0.6411
vn 0.3982 0.8717 -0.2857
vn 0.4037 0.6916 -0.5990
vn -0.5100 0.8548 -0.0957
vn -0.3905 0.8798 -0.2712
vn -0.0980 0.8486 -0.5198
vn 0.0907 0.6957 -0.7126
vn -0.1820 0.5932 -0.7842
vn 0.0906 0.3406 -0.9358
vn 0.2326 0.9463 -0.2246
vn 0.3757 0.9267 -0.0034
vn -0.5845 0.7848 0.2061
vn -0.5205 0.7550 0.3987
vn -0.1221 0.9718 0.2018
vn -0.0775 0.8904 0.4486
vn 0.2248 0.9156 0.3334
vn 0.1731 0.7380 0.6522
vn -0.2857 0.9582 0.0175
vn -0.3019 0.8599 0.4116
vn 0.1838 0.9598 0.2120
vn 0.0816 0.8722 0.4823
vn 0.4708 0.6847 0.5564
vn 0.3499 0.5955 0.7231
vn -0.4146 0.6885 -0.5950
vn -0.7184 0.5133 -0.4695
vn -0.7079 0.6182 0.3417
vn -0.9129 0.3421 0.2229
vn -0.6511 0.7067 0.2768
vn -0.8102 0.5596 0.1743
vn 0.3842 0.7023 -0.5994
vn 0.2117 0.6422 -0.7367
vn -0.7720 0.5922 -0.2309
vn -0.8435 0.3139 -0.4358
vn -0.6219 0.7252 -0.2955
vn -0.8266 0.5079 -0.2422
vn -0.5662 0.7760 -0.2781
vn -0.7835 0.5037 -0.3638
vn -0.4794 0.8173 0.3197
vn -0.6794 0.7238 0.1205
vn -0.8405 0.5418 -0.0080
vn -0.9058 0.3681 -0.2099
vn -0.0492 0.6537 -0.7552
vn 0.1445 0.5721 -0.8073
vn 0.0593 0.9971 0.0476
vn 0.4007 0.9141 -0.0623
vn 0.2081 0.6548 -0.7265
vn 0.5424 0.6038 -0.5841
vn 0.0856 0.7560 0.6490
vn 0.3394 0.6730 0.6572
vn 0.2956 0.9025 0.3132
vn 0.5740 0.7155 0.3982
vn -0.1470 0.9003 0.4097
vn -0.2452 0.7865 0.5668
vn -0.0100 0.9769 0.2133
vn -0.2232 0.8709 0.4380
vn -0.2219 0.9740 0.0458
vn -0.3909 0.8755 0.2841
vn -0.1683 0.7880 0.5922
vn -0.3123 0.6682 0.6752
vn -0.6264 0.7754 0.0801
vn -0.8361 0.4833 0.2594
vn -0.6028 0.5807 -0.5472
vn -0.7546 0.4618 -0.4663
vn 0.4307 0.8831 0.1862
vn 0.2965 0.8336 0.4660
vn 0.4503 0.6706 0.5895
vn 0.1711 0.5377 0.8256
vn -0.3442 0.8858 0.3114
vn -0.4980 0.7532 0.4298
vn -0.4124 0.8802 -0.2350
vn -0.7133 0.6981 -0.0617
vn -0.1101 0.9122 -0.3947
vn -0.3694 0.8603 -0.3513
vn 0.4013 0.7844 -0.4729
vn 0.2511 0.6190 -0.7442
vn -0.7650 0.6232 -0.1628
vn -0.7529 0.4710 -0.4596
vn -0.1823 0.6720 -0.7178
vn -0.2023 0.3748 -0.9048
vn 0.6167 0.6760 -0.4034
vn 0.6180 0.4805 -0.6222
vn 0.3215 0.7727 -0.5473
vn 0.3828 0.4606 -0.8008
vn 0.8684 0.4390 -0.2304
vn 0.8815 0.2098 -0.4230
vn -0.1638 0.9740 0.1567
vn 0.0261 0.8616 0.5069
vn -0.6232 0.7820 0.0091
vn -0.4237 0.8290 0.3650
vn 0.5096 0.8262 -0.2401
vn 0.4725 0.8806 0.0354
vn -0.5729 0.7673 -0.2882
vn -0.5809 0.8081 0.0973
vn 0.6362 0.7639 -0.1083
vn 0.4610 0.8755 0.1452
vn -0.4609 0.8409 -0.2838
vn -0.5432 0.8391 0.0299
vn 0.6422 0.7514 -0.1515
vn 0.6883 0.6975 0.1992
vn -0.7399 0.6653 -0.0997
vn -0.6179 0.7536 0.2242
vn 0.1297 0.7628 -0.6335
vn 0.0807 0.9002 -0.4278
vn -0.3979 0.7478 -0.5315
vn -0.4625 0.8460 -0.2653
vn -0.3784 0.9168 -0.1276
vn -0.4775 0.8740 0.0900
vn -0.5913 0.5360 -0.6025
vn -0.8209 0.3309 -0.4654
vn -0.6919 0.4495 -0.5650
vn -0.8706 0.1054 -0.4806
vn -0.6690 0.6870 -0.2836
vn -0.8143 0.4864 -0.3167
vn -0.8874 0.4213 -0.1872
vn -0.9546 0.0300 -0.2964
vn -0.8078 0.5848 -0.0739
vn -0.9151 0.2827 -0.2874
vn -0.6066 0.7636 -0.2210
vn -0.4340 0.7718 -0.4648
vn 0.0772 0.9558 0.2837
vn 0.2352 0.9706 -0.0521
vn -0.4017 0.9149 0.0401
vn -0.1090 0.9769 -0.1836
vn -0.3659 0.9019 0.2294
vn -0.0299 0.9979 0.0573
vn -0.1294 0.6123 0.7800
vn 0.1436 0.8134 0.5638
vn 0.4374 0.8548 0.2794
vn 0.3923 0.9197 -0.0157
vn -0.6878 0.7256 -0.0196
vn -0.5426 0.8258 -0.1541
vn 0.1341 0.9034 0.4074
vn 0.3342 0.9194 0.2072
vn -0.1340 0.9676 0.2140
vn 0.1206 0.9819 0.1463
vn -0.0400 0.9938 0.1036
vn -0.0507 0.8913 0.4505
vn -0.0161 0.8548 0.5187
vn -0.0573 0.7080 0.7039
vn 0.6416 0.7289 0.2389
vn 0.5051 0.6967 0.5094
vn -0.1222 0.8932 0.4327
vn -0.2143 0.7709 0.5998
vn -0.5739 0.7495 0.3298
vn -0.6320 0.4686 0.6173
vn 0.1200 0.9255 0.3593
vn -0.1175 0.7639 0.6345
vn -0.5134 0.6671 -0.5398
vn -0.7344 0.6142 -0.2888
vn -0.6145 0.7876 0.0443
vn -0.7782 0.6261 -0.0485
vn 0.1056 0.7735 -0.6250
vn -0.1238 0.6446 -0.7544
vn -0.0578 0.9383 -0.3410
vn -0.2500 0.7739 -0.5819
vn -0.7987 0.5907 -0.1149
vn -0.8663 0.3231 -0.3810
vn 0.6030 0.7279 -0.3265
vn 0.5512 0.6595 -0.5112
vn 0.0031 0.8838 -0.4679
vn 0.0174 0.6284 -0.7777
vn -0.5275 0.6722 0.5195
vn -0.7352 0.5678 0.3702
vn 0.0721 0.8826 -0.4645
vn -0.1542 0.7727 -0.6157
vn -0.4751 0.8451 -0.2449
vn -0.6151 0.5843 -0.5295
vn -0.2108 0.6880 -0.6944
vn -0.2838 0.3693 -0.8849
vn 0.2612 0.8571 -0.4440
vn 0.2966 0.7234 -0.6235
vn -0.3993 0.9158 0.0427
vn -0.0419 0.9872 0.1541
vn -0.2725 0.9311 0.2426
vn 0.1061 0.9205 0.3760
vn -0.5401 0.8268 -0.1571
vn -0.3648 0.9302 -0.0399
vn 0.6540 0.6485 -0.3896
vn 0.7491 0.6493 -0.1315
vn 0.0365 0.9452 -0.3244
vn 0.0917 0.9951 -0.0368
vn 0.0803 0.9239 -0.3742
vn -0.2157 0.9667 -0.1375
vn 0.3083 0.7876 -0.5334
vn 0.0879 0.8936 -0.4402
vn 0.4680 0.6544 0.5939
vn 0.1746 0.8446 0.5061
vn 0.6343 0.5642 0.5286
vn 0.4922 0.7219 0.4864
vn 0.5711 0.3964 0.7188
vn 0.4614 0.6352 0.6194
vn 0.2923 0.8682 0.4011
vn 0.0643 0.9914 0.1137
vn 0.6355 0.6620 0.3975
vn 0.5627 0.8105 0.1627
vn 0.1270 0.9627 0.2391
vn -0.0038 0.9997 0.0224
vn -0.3371 0.8825 -0.3280
vn -0.2705 0.8017 -0.5330
vn -0.6882 0.7058 -0.1683
vn -0.5415 0.6649 -0.5144
vn -0.3088 0.9388 -0.1527
vn -0.2028 0.9238 -0.3248
vn 0.0638 0.9972 0.0379
vn 0.2062 0.9720 -0.1130
vn 0.3243 0.8033 0.4996
vn 0.5354 0.8012 0.2673
vn -0.1829 0.8551 -0.4851
vn 0.0623 0.8082 -0.5855
vn -0.4783 0.8694 0.1243
vn -0.4072 0.8986 -0.1633
vn 0.0052 0.9813 0.1926
vn 0.0457 0.9816 -0.1857
vn 0.3182 0.9390 0.1308
vn 0.4287 0.9002 -0.0764
vn -0.0432 0.9983 -0.0386
vn 0.1867 0.9385 -0.2903
vn 0.0143 0.9852 0.1709
vn 0.3680 0.9292 -0.0330
vn -0.0579 0.5980 0.7994
vn 0.2365 0.3915 0.8893
vn 0.6503 0.7567 -0.0676
vn 0.7581 0.6374 0.1376
vn 0.7580 0.6255 0.1847
vn 0.8218 0.4779 0.3103
vn 0.6077 0.6430 0.4661
vn 0.6211 0.3266 0.7125
vn -0.6709 0.6800 0.2958
vn -0.5425 0.6124 0.5750
vn -0.0649 0.8418 0.5359
vn -0.0192 0.7053 0.7087
vn 0.3906 0.7722 0.5012
vn 0.2770 0.5290 0.8021
vn 0.0438 0.8292 -0.5573
vn -0.2167 0.7692 -0.6012
vn -0.5878 0.7876 0.1851
vn -0.8165 0.5726 0.0735
vn -0.6227 0.7248 0.2949
vn -0.8091 0.5836 0.0688
vn 0.2029 0.7539 -0.6248
vn 0.0494 0.6781 -0.7333
vn 0.0291 0.6765 -0.7359
vn -0.2345 0.4316 -0.8710
vn -0.1765 0.9249 -0.3368
vn -0.3388 0.7729 -0.5365
vn -0.2855 0.4725 -0.8338
vn -0.5213 0.2677 -0.8103
vn -0.2378 0.7397 0.6296
vn -0.5671 0.6679 0.4820
vn -0.4310 0.8969 0.0990
vn -0.5901 0.8032 -0.0822
vn 0.3497 0.7062 -0.6157
vn 0.0648 0.5198 -0.8518
vn 0.4005 0.6096 -0.6841
vn 0.2776 0.3867 -0.8794
vn -0.1845 0.4631 -0.8669
vn -0.0144 0.2190 -0.9756
vn 0.6756 0.7150 0.1796
vn 0.8460 0.5299 0.0589
vn 0.6251 0.7794 0.0429
vn 0.7714 0.6363 -0.0046
vn 0.4130 0.7362 0.5361
vn 0.7422 0.5723 0.3487
vn 0.6035 0.7939 -0.0747
vn 0.7737 0.6329 -0.0288
vn 0.3920 0.9187 0.0477
vn 0.6564 0.7444 0.1226
vn -0.0349 0.9946 -0.0979
vn -0.2180 0.9433 0.2502
vn 0.2284 0.9337 -0.2756
vn 0.0523 0.9978 0.0407
vn 0.6967 0.6263 0.3499
vn 0.4893 0.7020 0.5174
vn 0.4968 0.7716 0.3973
vn 0.2953 0.8345 0.4651
vn -0.0835 0.9917 0.0980
vn -0.2987 0.9407 0.1610
vn 0.0012 0.9919 -0.1272
vn -0.3270 0.9438 -0.0475
vn 0.5315 0.8236 0.1982
vn 0.3283 0.7826 0.5289
vn 0.6829 0.7135 0.1566
vn 0.3939 0.8354 0.3834
vn 0.6058 0.6443 0.4668
vn 0.4315 0.6768 0.5965
vn 0.3908 0.8859 -0.2499
vn 0.2185 0.9623 -0.1619
vn -0.0027 0.7088 -0.7054
vn -0.3094 0.7190 -0.6224
vn -0.6434 0.7381 0.2031
vn -0.7536 0.6375 -0.1602
vn -0.3530 0.9328 0.0725
vn -0.4544 0.8392 -0.2987
vn 0.6194 0.5762 -0.5332
vn 0.4861 0.4139 -0.7696
vn 0.1919 0.9221 -0.3361
vn 0.1442 0.7491 -0.6465
vn 0.4378 0.8650 -0.2452
vn 0.4274 0.7354 -0.5258
vn 0.3733 0.9274 -0.0220
vn 0.3301 0.8946 -0.3011
vn -0.4273 0.8190 -0.3831
vn -0.3298 0.6567 -0.6782
vn -0.1067 0.8984 -0.4260
vn 0.1698 0.9235 -0.3441
vn -0.3488 0.9300 -0.1158
vn -0.0651 0.9961 -0.0589
vn 0.0594 0.7898 -0.6105
vn 0.3662 0.8409 -0.3985
vn -0.1563 0.9229 -0.3519
vn 0.0183 0.9772 -0.2117
vn 0.0116 0.9968 -0.0787
vn 0.3219 0.9281 0.1870
vn 0.1320 0.9610 -0.2432
vn 0.2772 0.9595 -0.0507
vn 0.0369 0.9970 -0.0682
vn 0.2358 0.9481 0.2135
vn -0.2778 0.8670 -0.4136
vn -0.0668 0.9020 -0.4265
vn 0.0776 0.7354 0.6732
vn 0.3088 0.6836 0.6613
vn 0.1325 0.6752 -0.7256
vn 0.3896 0.8062 -0.4452
vn -0.3979 0.6357 0.6614
vn -0.0609 0.5636 0.8238
vn 0.4245 0.7628 -0.4877
vn 0.5857 0.7717 -0.2478
vn -0.6578 0.6833 0.3168
vn -0.3375 0.7546 0.5627
vn -0.1546 0.9390 0.3073
vn -0.4042 0.8456 0.3487
vn -0.0514 0.7551 -0.6535
vn -0.2807 0.7402 -0.6110
vn 0.0206 0.8547 -0.5188
vn -0.3630 0.8024 -0.4737
vn 0.0283 0.8552 -0.5174
vn -0.2228 0.7925 -0.5677
vn -0.3920 0.9142 -0.1026
vn -0.6483 0.7221 -0.2412
vn -0.4236 0.7157 0.5553
vn -0.6271 0.7054 0.3304
vn 0.7314 0.6496 0.2073
vn 0.7654 0.6434 -0.0150
vn 0.0206 0.8826 -0.4696
vn 0.2303 0.6752 -0.7007
vn 0.6280 0.7365 0.2515
vn 0.7960 0.6047 0.0274
vn 0.7613 0.5658 0.3166
vn 0.9166 0.3992 0.0232
vn -0.1657 0.7974 -0.5803
vn 0.0962 0.7429 -0.6625
vn 0.2032 0.8049 -0.5575
vn 0.5134 0.5555 -0.6541
vn 0.5706 0.8211 -0.0149
vn 0.6479 0.6902 -0.3222
vn 0.2025 0.9792 0.0133
vn 0.3400 0.9005 -0.2712
vn 0.6498 0.7482 0.1340
vn 0.7855 0.6129 -0.0858
vn 0.4135 0.7596 0.5020
vn 0.6709 0.7005 0.2431
vn 0.6382 0.7334 0.2342
vn 0.7789 0.6052 0.1646
vn 0.5987 0.7535 -0.2715
vn 0.5890 0.8052 0.0685
vn -0.2021 0.7238 -0.6597
vn -0.1453 0.9001 -0.4107
vn -0.6508 0.5837 -0.4856
vn -0.5696 0.7981 -0.1963
vn -0.2559 0.6545 -0.7114
vn -0.3242 0.8461 -0.4232
vn 0.1668 0.9782 0.1241
vn -0.0453 0.8858 0.4619
vn 0.1799 0.7583 -0.6266
vn 0.0120 0.6102 -0.7922
vn 0.0098 0.7984 -0.6021
vn -0.0970 0.6587 -0.7462
vn -0.8490 0.5236 0.0711
vn -0.9168 0.3197 -0.2392
vn -0.5310 0.8050 -0.2646
vn -0.5614 0.6380 -0.5270
vn -0.4259 0.8554 -0.2946
vn -0.4630 0.6375 -0.6158
vn -0.2974 0.9426 -0.1517
vn -0.2286 0.8377 -0.4960
vn -0.2080 0.8707 -0.4457
vn -0.1873 0.7225 -0.6655
vn 0.0126 0.4478 -0.8940
vn -0.2887 0.1736 -0.9416
vn 0.5103 0.7838 -0.3539
vn 0.3321 0.7457 -0.5776
vn -0.4753 0.8784 -0.0508
vn -0.5167 0.7402 -0.4302
vn 0.1076 0.8764 -0.4694
vn 0.0012 0.6789 -0.7342
vn 0.0513 0.9040 -0.4244
vn 0.0362 0.6778 -0.7344
vn -0.0168 0.8648 -0.5019
vn 0.0394 0.6111 -0.7905
vn 0.6421 0.6376 0.4257
vn 0.8522 0.4740 0.2214
vn 0.4043 0.8866 -0.2246
vn 0.7043 0.6300 -0.3272
vn 0.2218 0.8675 -0.4453
vn 0.4954 0.7274 -0.4748
vn 0.4129 0.8327 0.3690
vn 0.6725 0.6491 0.3555
vn 0.2189 0.6498 0.7279
vn 0.4761 0.5056 0.7195
vn -0.1142 0.6300 0.7682
vn 0.2855 0.5399 0.7919
vn 0.6620 0.7422 0.1046
vn 0.3415 0.9058 0.2507
vn 0.1999 0.8711 -0.4485
vn -0.1119 0.9461 -0.3040
vn 0.5244 0.8027 0.2841
vn 0.2230 0.9485 0.2248
vn 0.5056 0.5173 0.6905
vn 0.2312 0.7902 0.5676
vn 0.4798 0.6357 -0.6048
vn 0.2619 0.7242 -0.6379
vn 0.4348 0.7904 0.4316
vn 0.1825 0.9698 0.1620
vn 0.5799 0.7328 -0.3559
vn 0.4695 0.8545 -0.2223
vn 0.7054 0.7067 0.0546
vn 0.4304 0.8983 0.0881
vn 0.7699 0.6362 0.0500
vn 0.6185 0.7853 0.0258
vn 0.0099 0.4322 0.9017
vn -0.1162 0.6910 0.7134
vn -0.0463 0.9157 0.3992
vn -0.1911 0.9483 0.2534
vn -0.7183 0.6274 -0.3007
vn -0.7457 0.4617 -0.4804
vn -0.0111 0.5129 -0.8583
vn -0.0288 0.1854 -0.9822
vn 0.3735 0.6739 -0.6375
vn 0.3609 0.4040 -0.8406
vn 0.4221 0.8838 -0.2020
vn 0.4575 0.7958 -0.3967
vn -0.0934 0.6803 -0.7270
vn 0.0024 0.3644 -0.9312
vn 0.6994 0.5778 -0.4208
vn 0.7020 0.2721 -0.6582
vn 0.3923 0.5331 -0.7496
vn 0.5092 0.1714 -0.8434
vn -0.5108 0.8596 0.0123
vn -0.1970 0.9762 -0.0905
vn -0.2958 0.9518 0.0811
vn -0.0458 0.9940 0.0992
vn -0.1098 0.6321 -0.7671
vn 0.1807 0.8148 -0.5508
vn -0.0233 0.9239 -0.3819
vn 0.2947 0.9434 -0.1524
vn -0.2743 0.9363 -0.2191
vn 0.0271 0.9996 -0.0036
vn -0.5858 0.7867 0.1948
vn -0.3653 0.8713 0.3277
vn -0.0403 0.6769 0.7350
vn 0.2243 0.7635 0.6055
vn -0.3105 0.9102 0.2742
vn 0.0132 0.9528 0.3033
vn -0.5346 0.6108 0.5841
vn -0.3044 0.7265 0.6161
vn 0.3899 0.6775 -0.6237
vn 0.5793 0.6704 -0.4637
vn -0.3437 0.8983 0.2738
vn -0.1396 0.8710 0.4711
vn -0.4453 0.5281 0.7230
vn -0.7149 0.2590 0.6494
vn -0.3429 0.9059 -0.2485
vn -0.6058 0.7124 -0.3542
vn -0.0514 0.7230 -0.6889
vn -0.3694 0.5706 -0.7335
vn -0.3797 0.9143 0.1408
vn -0.6379 0.7613 -0.1162
vn -0.7529 0.6545 0.0690
vn -0.9042 0.4073 -0.1288
vn -0.3604 0.8930 -0.2697
vn -0.5024 0.7534 -0.4243
vn 0.3376 0.7471 -0.5727
vn 0.0860 0.5855 -0.8061
vn 0.4729 0.8797 -0.0493
vn 0.2095 0.9535 -0.2167
vn 0.4704 0.8136 0.3418
vn 0.2964 0.9449 0.1388
vn -0.5782 0.6480 0.4957
vn -0.6261 0.7714 0.1140
vn -0.3484 0.4404 0.8275
vn -0.3530 0.6886 0.6334
vn -0.3373 0.8111 0.4778
vn -0.2770 0.9515 0.1341
vn -0.3835 0.7189 0.5798
vn -0.2758 0.8655 0.4181
vn 0.4022 0.7668 0.5003
vn 0.5622 0.8139 0.1465
vn -0.0500 0.7410 0.6697
vn 0.2266 0.8658 0.4462
vt 0.500000 0.000000
vt 0.040000 0.300000
vt 0.960000 0.300000
vt 0.500000 1.000000
s 0
f 1663/1760/2362 1664/1761/2362 1665/1762/2362
f 1664/1761/2363 1666/1763/2363 1665/1762/2363
f 1667/1760/2364 1668/1761/2364 1669/1762/2364
f 1668/1761/2365 1670/1763/2365 1669/1762/2365
f 1671/1760/2366 1672/1761/2366 1673/1762/2366
f 1672/1761/2367 1674/1763/2367 1673/1762/2367
f 1675/1760/2368 1676/1761/2368 1677/1762/2368
f 1676/1761/2369 1678/1763/2369 1677/1762/2369
f 1679/1760/2370 1680/1761/2370 1681/1762/2370
f 1680/1761/2371 1682/1763/2371 1681/1762/2371
f 1683/1760/2372 1684/1761/2372 1685/1762/2372
f 1684/1761/2373 1686/1763/2373 1685/1762/2373
f 1687/1760/2374 1688/1761/2374 1689/1762/2374
f 1688/1761/2375 1690/1763/2375 1689/1762/2375
f 1691/1760/2376 1692/1761/2376 1693/1762/2376
f 1692/1761/2377 1694/1763/2377 1693/1762/2377
f 1695/1760/2378 1696/1761/2378 1697/1762/2378
f 1696/1761/2379 1698/1763/2379 1697/1762/2379
f 1699/1760/2380 1700/1761/2380 1701/1762/2380
f 1700/1761/2381 1702/1763/2381 1701/1762/2381
f 1703/1760/2382 1704/1761/2382 1705/1762/2382
f 1704/1761/2383 1706/1763/2383 1705/1762/2383
f 1707/1760/2384 1708/1761/2384 1709/1762/2384
f 1708/1761/2385 1710/1763/2385 1709/1762/2385
f 1711/1760/2386 1712/1761/2386 1713/1762/2386
f 1712/1761/2387 1714/1763/2387 1713/1762/2387
f 1715/1760/2388 1716/1761/2388 1717/1762/2388
f 1716/1761/2389 1718/1763/2389 1717/1762/2389
f 1719/1760/2390 1720/1761/2390 1721/1762/2390
f 1720/1761/2391 1722/1763/2391 1721/1762/2391
f 1723/1760/2392 1724/1761/2392 1725/1762/2392
f 1724/1761/2393 1726/1763/2393 1725/1762/2393
f 1727/1760/2394 1728/1761/2394 1729/1762/2394
f 1728/1761/2395 1730/1763/2395 1729/1762/2395
f 1731/1760/2396 1732/1761/2396 1733/1762/2396
f 1732/1761/2397 1734/1763/2397 1733/1762/2397
f 1735/1760/2398 1736/1761/2398 1737/1762/2398
f 1736/1761/2399 1738/1763/2399 1737/1762/2399
f 1739/1760/2400 1740/1761/2400 1741/1762/2400
f 1740/1761/2401 1742/1763/2401 1741/1762/2401
f 1743/1760/2402 1744/1761/2402 1745/1762/2402
f 1744/1761/2403 1746/1763/2403 1745/1762/2403
f 1747/1760/2404 1748/1761/2404 1749/1762/2404
f 1748/1761/2405 1750/1763/2405 1749/1762/2405
f 1751/1760/2406 1752/1761/2406 1753/1762/2406
f 1752/1761/2407 1754/1763/2407 1753/1762/2407
f 1755/1760/2408 1756/1761/2408 1757/1762/2408
f 1756/1761/2409 1758/1763/2409 1757/1762/2409
f 1759/1760/2410 1760/1761/2410 1761/1762/2410
f 1760/1761/2411 1762/1763/2411 1761/1762/2411
f 1763/1760/2412 1764/1761/2412 1765/1762/2412
f 1764/1761/2413 1766/1763/2413 1765/1762/2413
f 1767/1760/2414 1768/1761/2414 1769/1762/2414
f 1768/1761/2415 1770/1763/2415 1769/1762/2415
f 1771/1760/2416 1772/1761/2416 1773/1762/2416
f 1772/1761/2417 1774/1763/2417 1773/1762/2417
f 1775/1760/2418 1776/1761/2418 1777/1762/2418
f 1776/1761/2419 1778/1763/2419 1777/1762/2419
f 1779/1760/2420 1780/1761/2420 1781/1762/2420
f 1780/1761/2421 1782/1763/2421 1781/1762/2421
f 1783/1760/2422 1784/1761/2422 1785/1762/2422
f 1784/1761/2423 1786/1763/2423 1785/1762/2423
f 1787/1760/2424 1788/1761/2424 1789/1762/2424
f 1788/1761/2425 1790/1763/2425 1789/1762/2425
f 1791/1760/2426 1792/1761/2426 1793/1762/2426
f 1792/1761/2427 1794/1763/2427 1793/1762/2427
f 1795/1760/2428 1796/1761/2428 1797/1762/2428
f 1796/1761/2429 1798/1763/2429 1797/1762/2429
f 1799/1760/2430 1800/1761/2430 1801/1762/2430
f 1800/1761/2431 1802/1763/2431 1801/1762/2431
f 1803/1760/2432 1804/1761/2432 1805/1762/2432
f 1804/1761/2433 1806/1763/2433 1805/1762/2433
f 1807/1760/2434 1808/1761/2434 1809/1762/2434
f 1808/1761/2435 1810/1763/2435 1809/1762/2435
f 1811/1760/2436 1812/1761/2436 1813/1762/2436
f 1812/1761/2437 1814/1763/2437 1813/1762/2437
f 1815/1760/2438 1816/1761/2438 1817/1762/2438
f 1816/1761/2439 1818/1763/2439 1817/1762/2439
f 1819/1760/2440 1820/1761/2440 1821/1762/2440
f 1820/1761/2441 1822/1763/2441 1821/1762/2441
f 1823/1760/2442 1824/1761/2442 1825/1762/2442
f 1824/1761/2443 1826/1763/2443 1825/1762/2443
f 1827/1760/2444 1828/1761/2444 1829/1762/2444
f 1828/1761/2445 1830/1763/2445 1829/1762/2445
f 1831/1760/2446 1832/1761/2446 1833/1762/2446
f 1832/1761/2447 1834/1763/2447 1833/1762/2447
f 1835/1760/2448 1836/1761/2448 1837/1762/2448
f 1836/1761/2449 1838/1763/2449 1837/1762/2449
f 1839/1760/2450 1840/1761/2450 1841/1762/2450
f 1840/1761/2451 1842/1763/2451 1841/1762/2451
f 1843/1760/2452 1844/1761/2452 1845/1762/2452
f 1844/1761/2453 1846/1763/2453 1845/1762/2453
f 1847/1760/2454 1848/1761/2454 1849/1762/2454
f 1848/1761/2455 1850/1763/2455 1849/1762/2455
f 1851/1760/2456 1852/1761/2456 1853/1762/2456
f 1852/1761/2457 1854/1763/2457 1853/1762/2457
f 1855/1760/2458 1856/1761/2458 1857/1762/2458
f 1856/1761/2459 1858/1763/2459 1857/1762/2459
f 1859/1760/2460 1860/1761/2460 1861/1762/2460
f 1860/1761/2461 1862/1763/2461 1861/1762/2461
f 1863/1760/2462 1864/1761/2462 1865/1762/2462
f 1864/1761/2463 1866/1763/2463 1865/1762/2463
f 1867/1760/2464 1868/1761/2464 1869/1762/2464
f 1868/1761/2465 1870/1763/2465 1869/1762/2465
f 1871/1760/2466 1872/1761/2466 1873/1762/2466
f 1872/1761/2467 1874/1763/2467 1873/1762/2467
f 1875/1760/2468 1876/1761/2468 1877/1762/2468
f 1876/1761/2469 1878/1763/2469 1877/1762/2469
f 1879/1760/2470 1880/1761/2470 1881/1762/2470
f 1880/1761/2471 1882/1763/2471 1881/1762/2471
f 1883/1760/2472 1884/1761/2472 1885/1762/2472
f 1884/1761/2473 1886/1763/2473 1885/1762/2473
f 1887/1760/2474 1888/1761/2474 1889/1762/2474
f 1888/1761/2475 1890/1763/2475 1889/1762/2475
f 1891/1760/2476 1892/1761/2476 1893/1762/2476
f 1892/1761/2477 1894/1763/2477 1893/1762/2477
f 1895/1760/2478 1896/1761/2478 1897/1762/2478
f 1896/1761/2479 1898/1763/2479 1897/1762/2479
f 1899/1760/2480 1900/1761/2480 1901/1762/2480
f 1900/1761/2481 1902/1763/2481 1901/1762/2481
f 1903/1760/2482 1904/1761/2482 1905/1762/2482
f 1904/1761/2483 1906/1763/2483 1905/1762/2483
f 1907/1760/2484 1908/1761/2484 1909/1762/2484
f 1908/1761/2485 1910/1763/2485 1909/1762/2485
f 1911/1760/2486 1912/1761/2486 1913/1762/2486
f 1912/1761/2487 1914/1763/2487 1913/1762/2487
f 1915/1760/2488 1916/1761/2488 1917/1762/2488
f 1916/1761/2489 1918/1763/2489 1917/1762/2489
f 1919/1760/2490 1920/1761/2490 1921/1762/2490
f 1920/1761/2491 1922/1763/2491 1921/1762/2491
f 1923/1760/2492 1924/1761/2492 1925/1762/2492
f 1924/1761/2493 1926/1763/2493 1925/1762/2493
f 1927/1760/2494 1928/1761/2494 1929/1762/2494
f 1928/1761/2495 1930/1763/2495 1929/1762/2495
f 1931/1760/2496 1932/1761/2496 1933/1762/2496
f 1932/1761/2497 1934/1763/2497 1933/1762/2497
f 1935/1760/2498 1936/1761/2498 1937/1762/2498
f 1936/1761/2499 1938/1763/2499 1937/1762/2499
f 1939/1760/2500 1940/1761/2500 1941/1762/2500
f 1940/1761/2501 1942/1763/2501 1941/1762/2501
f 1943/1760/2502 1944/1761/2502 1945/1762/2502
f 1944/1761/2503 1946/1763/2503 1945/1762/2503
f 1947/1760/2504 1948/1761/2504 1949/1762/2504
f 1948/1761/2505 1950/1763/2505 1949/1762/2505
f 1951/1760/2506 1952/1761/2506 1953/1762/2506
f 1952/1761/2507 1954/1763/2507 1953/1762/2507
f 1955/1760/2508 1956/1761/2508 1957/1762/2508
f 1956/1761/2509 1958/1763/2509 1957/1762/2509
f 1959/1760/2510 1960/1761/2510 1961/1762/2510
f 1960/1761/2511 1962/1763/2511 1961/1762/2511
f 1963/1760/2512 1964/1761/2512 1965/1762/2512
f 1964/1761/2513 1966/1763/2513 1965/1762/2513
f 1967/1760/2514 1968/1761/2514 1969/1762/2514
f 1968/1761/2515 1970/1763/2515 1969/1762/2515
f 1971/1760/2516 1972/1761/2516 1973/1762/2516
f 1972/1761/2517 1974/1763/2517 1973/1762/2517
f 1975/1760/2518 1976/1761/2518 1977/1762/2518
f 1976/1761/2519 1978/1763/2519 1977/1762/2519
f 1979/1760/2520 1980/1761/2520 1981/1762/2520
f 1980/1761/2521 1982/1763/2521 1981/1762/2521
f 1983/1760/2522 1984/1761/2522 1985/1762/2522
f 1984/1761/2523 1986/1763/2523 1985/1762/2523
f 1987/1760/2524 1988/1761/2524 1989/1762/2524
f 1988/1761/2525 1990/1763/2525 1989/1762/2525
f 1991/1760/2526 1992/1761/2526 1993/1762/2526
f 1992/1761/2527 1994/1763/2527 1993/1762/2527
f 1995/1760/2528 1996/1761/2528 1997/1762/2528
f 1996/1761/2529 1998/1763/2529 1997/1762/2529
f 1999/1760/2530 2000/1761/2530 2001/1762/2530
f 2000/1761/2531 2002/1763/2531 2001/1762/2531
f 2003/1760/2532 2004/1761/2532 2005/1762/2532
f 2004/1761/2533 2006/1763/2533 2005/1762/2533
f 2007/1760/2534 2008/1761/2534 2009/1762/2534
f 2008/1761/2535 2010/1763/2535 2009/1762/2535
f 2011/1760/2536 2012/1761/2536 2013/1762/2536
f 2012/1761/2537 2014/1763/2537 2013/1762/2537
f 2015/1760/2538 2016/1761/2538 2017/1762/2538
f 2016/1761/2539 2018/1763/2539 2017/1762/2539
f 2019/1760/2540 2020/1761/2540 2021/1762/2540
f 2020/1761/2541 2022/1763/2541 2021/1762/2541
f 2023/1760/2542 2024/1761/2542 2025/1762/2542
f 2024/1761/2543 2026/1763/2543 2025/1762/2543
f 2027/1760/2544 2028/1761/2544 2029/1762/2544
f 2028/1761/2545 2030/1763/2545 2029/1762/2545
f 2031/1760/2546 2032/1761/2546 2033/1762/2546
f 2032/1761/2547 2034/1763/2547 2033/1762/2547
f 2035/1760/2548 2036/1761/2548 2037/1762/2548
f 2036/1761/2549 2038/1763/2549 2037/1762/2549
f 2039/1760/2550 2040/1761/2550 2041/1762/2550
f 2040/1761/2551 2042/1763/2551 2041/1762/2551
f 2043/1760/2552 2044/1761/2552 2045/1762/2552
f 2044/1761/2553 2046/1763/2553 2045/1762/2553
f 2047/1760/2554 2048/1761/2554 2049/1762/2554
f 2048/1761/2555 2050/1763/2555 2049/1762/2555
f 2051/1760/2556 2052/1761/2556 2053/1762/2556
f 2052/1761/2557 2054/1763/2557 2053/1762/2557
f 2055/1760/2558 2056/1761/2558 2057/1762/2558
f 2056/1761/2559 2058/1763/2559 2057/1762/2559
f 2059/1760/2560 2060/1761/2560 2061/1762/2560
f 2060/1761/2561 2062/1763/2561 2061/1762/2561
f 2063/1760/2562 2064/1761/2562 2065/1762/2562
f 2064/1761/2563 2066/1763/2563 2065/1762/2563
f 2067/1760/2564 2068/1761/2564 2069/1762/2564
f 2068/1761/2565 2070/1763/2565 2069/1762/2565
f 2071/1760/2566 2072/1761/2566 2073/1762/2566
f 2072/1761/2567 2074/1763/2567 2073/1762/2567
f 2075/1760/2568 2076/1761/2568 2077/1762/2568
f 2076/1761/2569 2078/1763/2569 2077/1762/2569
f 2079/1760/2570 2080/1761/2570 2081/1762/2570
f 2080/1761/2571 2082/1763/2571 2081/1762/2571
f 2083/1760/2572 2084/1761/2572 2085/1762/2572
f 2084/1761/2573 2086/1763/2573 2085/1762/2573
f 2087/1760/2574 2088/1761/2574 2089/1762/2574
f 2088/1761/2575 2090/1763/2575 2089/1762/2575
f 2091/1760/2576 2092/1761/2576 2093/1762/2576
f 2092/1761/2577 2094/1763/2577 2093/1762/2577
f 2095/1760/2578 2096/1761/2578 2097/1762/2578
f 2096/1761/2579 2098/1763/2579 2097/1762/2579
f 2099/1760/2580 2100/1761/2580 2101/1762/2580
f 2100/1761/2581 2102/1763/2581 2101/1762/2581
f 2103/1760/2582 2104/1761/2582 2105/1762/2582
f 2104/1761/2583 2106/1763/2583 2105/1762/2583
f 2107/1760/2584 2108/1761/2584 2109/1762/2584
f 2108/1761/2585 2110/1763/2585 2109/1762/2585
f 2111/1760/2586 2112/1761/2586 2113/1762/2586
f 2112/1761/2587 2114/1763/2587 2113/1762/2587
f 2115/1760/2588 2116/1761/2588 2117/1762/2588
f 2116/1761/2589 2118/1763/2589 2117/1762/2589
f 2119/1760/2590 2120/1761/2590 2121/1762/2590
f 2120/1761/2591 2122/1763/2591 2121/1762/2591
f 2123/1760/2592 2124/1761/2592 2125/1762/2592
f 2124/1761/2593 2126/1763/2593 2125/1762/2593
f 2127/1760/2594 2128/1761/2594 2129/1762/2594
f 2128/1761/2595 2130/1763/2595 2129/1762/2595
f 2131/1760/2596 2132/1761/2596 2133/1762/2596
f 2132/1761/2597 2134/1763/2597 2133/1762/2597
f 2135/1760/2598 2136/1761/2598 2137/1762/2598
f 2136/1761/2599 2138/1763/2599 2137/1762/2599
f 2139/1760/2600 2140/1761/2600 2141/1762/2600
f 2140/1761/2601 2142/1763/2601 2141/1762/2601
f 2143/1760/2602 2144/1761/2602 2145/1762/2602
f 2144/1761/2603 2146/1763/2603 2145/1762/2603
f 2147/1760/2604 2148/1761/2604 2149/1762/2604
f 2148/1761/2605 2150/1763/2605 2149/1762/2605
f 2151/1760/2606 2152/1761/2606 2153/1762/2606
f 2152/1761/2607 2154/1763/2607 2153/1762/2607
f 2155/1760/2608 2156/1761/2608 2157/1762/2608
f 2156/1761/2609 2158/1763/2609 2157/1762/2609
f 2159/1760/2610 2160/1761/2610 2161/1762/2610
f 2160/1761/2611 2162/1763/2611 2161/1762/2611
f 2163/1760/2612 2164/1761/2612 2165/1762/2612
f 2164/1761/2613 2166/1763/2613 2165/1762/2613
f 2167/1760/2614 2168/1761/2614 2169/1762/2614
f 2168/1761/2615 2170/1763/2615 2169/1762/2615
f 2171/1760/2616 2172/1761/2616 2173/1762/2616
f 2172/1761/2617 2174/1763/2617 2173/1762/2617
f 2175/1760/2618 2176/1761/2618 2177/1762/2618
f 2176/1761/2619 2178/1763/2619 2177/1762/2619
f 2179/1760/2620 2180/1761/2620 2181/1762/2620
f 2180/1761/2621 2182/1763/2621 2181/1762/2621
f 2183/1760/2622 2184/1761/2622 2185/1762/2622
f 2184/1761/2623 2186/1763/2623 2185/1762/2623
f 2187/1760/2624 2188/1761/2624 2189/1762/2624
f 2188/1761/2625 2190/1763/2625 2189/1762/2625
f 2191/1760/2626 2192/1761/2626 2193/1762/2626
f 2192/1761/2627 2194/1763/2627 2193/1762/2627
f 2195/1760/2628 2196/1761/2628 2197/1762/2628
f 2196/1761/2629 2198/1763/2629 2197/1762/2629
f 2199/1760/2630 2200/1761/2630 2201/1762/2630
f 2200/1761/2631 2202/1763/2631 2201/1762/2631
f 2203/1760/2632 2204/1761/2632 2205/1762/2632
f 2204/1761/2633 2206/1763/2633 2205/1762/2633
f 2207/1760/2634 2208/1761/2634 2209/1762/2634
f 2208/1761/2635 2210/1763/2635 2209/1762/2635
f 2211/1760/2636 2212/1761/2636 2213/1762/2636
f 2212/1761/2637 2214/1763/2637 2213/1762/2637
f 2215/1760/2638 2216/1761/2638 2217/1762/2638
f 2216/1761/2639 2218/1763/2639 2217/1762/2639
f 2219/1760/2640 2220/1761/2640 2221/1762/2640
f 2220/1761/2641 2222/1763/2641 2221/1762/2641
f 2223/1760/2642 2224/1761/2642 2225/1762/2642
f 2224/1761/2643 2226/1763/2643 2225/1762/2643
f 2227/1760/2644 2228/1761/2644 2229/1762/2644
f 2228/1761/2645 2230/1763/2645 2229/1762/2645
f 2231/1760/2646 2232/1761/2646 2233/1762/2646
f 2232/1761/2647 2234/1763/2647 2233/1762/2647
f 2235/1760/2648 2236/1761/2648 2237/1762/2648
f 2236/1761/2649 2238/1763/2649 2237/1762/2649
f 2239/1760/2650 2240/1761/2650 2241/1762/2650
f 2240/1761/2651 2242/1763/2651 2241/1762/2651
f 2243/1760/2652 2244/1761/2652 2245/1762/2652
f 2244/1761/2653 2246/1763/2653 2245/1762/2653
f 2247/1760/2654 2248/1761/2654 2249/1762/2654
f 2248/1761/2655 2250/1763/2655 2249/1762/2655
f 2251/1760/2656 2252/1761/2656 2253/1762/2656
f 2252/1761/2657 2254/1763/2657 2253/1762/2657
f 2255/1760/2658 2256/1761/2658 2257/1762/2658
f 2256/1761/2659 2258/1763/2659 2257/1762/2659
f 2259/1760/2660 2260/1761/2660 2261/1762/2660
f 2260/1761/2661 2262/1763/2661 2261/1762/2661
f 2263/1760/2662 2264/1761/2662 2265/1762/2662
f 2264/1761/2663 2266/1763/2663 2265/1762/2663
f 2267/1760/2664 2268/1761/2664 2269/1762/2664
f 2268/1761/2665 2270/1763/2665 2269/1762/2665
f 2271/1760/2666 2272/1761/2666 2273/1762/2666
f 2272/1761/2667 2274/1763/2667 2273/1762/2667
f 2275/1760/2668 2276/1761/2668 2277/1762/2668
f 2276/1761/2669 2278/1763/2669 2277/1762/2669
f 2279/1760/2670 2280/1761/2670 2281/1762/2670
f 2280/1761/2671 2282/1763/2671 2281/1762/2671
f 2283/1760/2672 2284/1761/2672 2285/1762/2672
f 2284/1761/2673 2286/1763/2673 2285/1762/2673
f 2287/1760/2674 2288/1761/2674 2289/1762/2674
f 2288/1761/2675 2290/1763/2675 2289/1762/2675
f 2291/1760/2676 2292/1761/2676 2293/1762/2676
f 2292/1761/2677 2294/1763/2677 2293/1762/2677
f 2295/1760/2678 2296/1761/2678 2297/1762/2678
f 2296/1761/2679 2298/1763/2679 2297/1762/2679
f 2299/1760/2680 2300/1761/2680 2301/1762/2680
f 2300/1761/2681 2302/1763/2681 2301/1762/2681
f 2303/1760/2682 2304/1761/2682 2305/1762/2682
f 2304/1761/2683 2306/1763/2683 2305/1762/2683
f 2307/1760/2684 2308/1761/2684 2309/1762/2684
f 2308/1761/2685 2310/1763/2685 2309/1762/2685
f 2311/1760/2686 2312/1761/2686 2313/1762/2686
f 2312/1761/2687 2314/1763/2687 2313/1762/2687
f 2315/1760/2688 2316/1761/2688 2317/1762/2688
f 2316/1761/2689 2318/1763/2689 2317/1762/2689
f 2319/1760/2690 2320/1761/2690 2321/1762/2690
f 2320/1761/2691 2322/1763/2691 2321/1762/2691
f 2323/1760/2692 2324/1761/2692 2325/1762/2692
f 2324/1761/2693 2326/1763/2693 2325/1762/2693
f 2327/1760/2694 2328/1761/2694 2329/1762/2694
f 2328/1761/2695 2330/1763/2695 2329/1762/2695
f 2331/1760/2696 2332/1761/2696 2333/1762/2696
f 2332/1761/2697 2334/1763/2697 2333/1762/2697
f 2335/1760/2698 2336/1761/2698 2337/1762/2698
f 2336/1761/2699 2338/1763/2699 2337/1762/2699
f 2339/1760/2700 2340/1761/2700 2341/1762/2700
f 2340/1761/2701 2342/1763/2701 2341/1762/2701
f 2343/1760/2702 2344/1761/2702 2345/1762/2702
f 2344/1761/2703 2346/1763/2703 2345/1762/2703
f 2347/1760/2704 2348/1761/2704 2349/1762/2704
f 2348/1761/2705 2350/1763/2705 2349/1762/2705
f 2351/1760/2706 2352/1761/2706 2353/1762/2706
f 2352/1761/2707 2354/1763/2707 2353/1762/2707
f 2355/1760/2708 2356/1761/2708 2357/1762/2708
f 2356/1761/2709 2358/1763/2709 2357/1762/2709
f 2359/1760/2710 2360/1761/2710 2361/1762/2710
f 2360/1761/2711 2362/1763/2711 2361/1762/2711
f 2363/1760/2712 2364/1761/2712 2365/1762/2712
f 2364/1761/2713 2366/1763/2713 2365/1762/2713
f 2367/1760/2714 2368/1761/2714 2369/1762/2714
f 2368/1761/2715 2370/1763/2715 2369/1762/2715
f 2371/1760/2716 2372/1761/2716 2373/1762/2716
f 2372/1761/2717 2374/1763/2717 2373/1762/2717
f 2375/1760/2718 2376/1761/2718 2377/1762/2718
f 2376/1761/2719 2378/1763/2719 2377/1762/2719
f 2379/1760/2720 2380/1761/2720 2381/1762/2720
f 2380/1761/2721 2382/1763/2721 2381/1762/2721
f 2383/1760/2722 2384/1761/2722 2385/1762/2722
f 2384/1761/2723 2386/1763/2723 2385/1762/2723
f 2387/1760/2724 2388/1761/2724 2389/1762/2724
f 2388/1761/2725 2390/1763/2725 2389/1762/2725
f 2391/1760/2726 2392/1761/2726 2393/1762/2726
f 2392/1761/2727 2394/1763/2727 2393/1762/2727
f 2395/1760/2728 2396/1761/2728 2397/1762/2728
f 2396/1761/2729 2398/1763/2729 2397/1762/2729
f 2399/1760/2730 2400/1761/2730 2401/1762/2730
f 2400/1761/2731 2402/1763/2731 2401/1762/2731
f 2403/1760/2732 2404/1761/2732 2405/1762/2732
f 2404/1761/2733 2406/1763/2733 2405/1762/2733
f 2407/1760/2734 2408/1761/2734 2409/1762/2734
f 2408/1761/2735 2410/1763/2735 2409/1762/2735
f 2411/1760/2736 2412/1761/2736 2413/1762/2736
f 2412/1761/2737 2414/1763/2737 2413/1762/2737
f 2415/1760/2738 2416/1761/2738 2417/1762/2738
f 2416/1761/2739 2418/1763/2739 2417/1762/2739
f 2419/1760/2740 2420/1761/2740 2421/1762/2740
f 2420/1761/2741 2422/1763/2741 2421/1762/2741
f 2423/1760/2742 2424/1761/2742 2425/1762/2742
f 2424/1761/2743 2426/1763/2743 2425/1762/2743
f 2427/1760/2744 2428/1761/2744 2429/1762/2744
f 2428/1761/2745 2430/1763/2745 2429/1762/2745
f 2431/1760/2746 2432/1761/2746 2433/1762/2746
f 2432/1761/2747 2434/1763/2747 2433/1762/2747
f 2435/1760/2748 2436/1761/2748 2437/1762/2748
f 2436/1761/2749 2438/1763/2749 2437/1762/2749
f 2439/1760/2750 2440/1761/2750 2441/1762/2750
f 2440/1761/2751 2442/1763/2751 2441/1762/2751
f 2443/1760/2752 2444/1761/2752 2445/1762/2752
f 2444/1761/2753 2446/1763/2753 2445/1762/2753
f 2447/1760/2754 2448/1761/2754 2449/1762/2754
f 2448/1761/2755 2450/1763/2755 2449/1762/2755
f 2451/1760/2756 2452/1761/2756 2453/1762/2756
f 2452/1761/2757 2454/1763/2757 2453/1762/2757
f 2455/1760/2758 2456/1761/2758 2457/1762/2758
f 2456/1761/2759 2458/1763/2759 2457/1762/2759
f 2459/1760/2760 2460/1761/2760 2461/1762/2760
f 2460/1761/2761 2462/1763/2761 2461/1762/2761
f 2463/1760/2762 2464/1761/2762 2465/1762/2762
f 2464/1761/2763 2466/1763/2763 2465/1762/2763
f 2467/1760/2764 2468/1761/2764 2469/1762/2764
f 2468/1761/2765 2470/1763/2765 2469/1762/2765
f 2471/1760/2766 2472/1761/2766 2473/1762/2766
f 2472/1761/2767 2474/1763/2767 2473/1762/2767
f 2475/1760/2768 2476/1761/2768 2477/1762/2768
f 2476/1761/2769 2478/1763/2769 2477/1762/2769
f 2479/1760/2770 2480/1761/2770 2481/1762/2770
f 2480/1761/2771 2482/1763/2771 2481/1762/2771
f 2483/1760/2772 2484/1761/2772 2485/1762/2772
f 2484/1761/2773 2486/1763/2773 2485/1762/2773
f 2487/1760/2774 2488/1761/2774 2489/1762/2774
f 2488/1761/2775 2490/1763/2775 2489/1762/2775
f 2491/1760/2776 2492/1761/2776 2493/1762/2776
f 2492/1761/2777 2494/1763/2777 2493/1762/2777
f 2495/1760/2778 2496/1761/2778 2497/1762/2778
f 2496/1761/2779 2498/1763/2779 2497/1762/2779
f 2499/1760/2780 2500/1761/2780 2501/1762/2780
f 2500/1761/2781 2502/1763/2781 2501/1762/2781
f 2503/1760/2782 2504/1761/2782 2505/1762/2782
f 2504/1761/2783 2506/1763/2783 2505/1762/2783
f 2507/1760/2784 2508/1761/2784 2509/1762/2784
f 2508/1761/2785 2510/1763/2785 2509/1762/2785
f 2511/1760/2786 2512/1761/2786 2513/1762/2786
f 2512/1761/2787 2514/1763/2787 2513/1762/2787
f 2515/1760/2788 2516/1761/2788 2517/1762/2788
f 2516/1761/2789 2518/1763/2789 2517/1762/2789
f 2519/1760/2790 2520/1761/2790 2521/1762/2790
f 2520/1761/2791 2522/1763/2791 2521/1762/2791
f 2523/1760/2792 2524/1761/2792 2525/1762/2792
f 2524/1761/2793 2526/1763/2793 2525/1762/2793
f 2527/1760/2794 2528/1761/2794 2529/1762/2794
f 2528/1761/2795 2530/1763/2795 2529/1762/2795
f 2531/1760/2796 2532/1761/2796 2533/1762/2796
f 2532/1761/2797 2534/1763/2797 2533/1762/2797
f 2535/1760/2798 2536/1761/2798 2537/1762/2798
f 2536/1761/2799 2538/1763/2799 2537/1762/2799
f 2539/1760/2800 2540/1761/2800 2541/1762/2800
f 2540/1761/2801 2542/1763/2801 2541/1762/2801
f 2543/1760/2802 2544/1761/2802 2545/1762/2802
f 2544/1761/2803 2546/1763/2803 2545/1762/2803
f 2547/1760/2804 2548/1761/2804 2549/1762/2804
f 2548/1761/2805 2550/1763/2805 2549/1762/2805
f 2551/1760/2806 2552/1761/2806 2553/1762/2806
f 2552/1761/2807 2554/1763/2807 2553/1762/2807
f 2555/1760/2808 2556/1761/2808 2557/1762/2808
f 2556/1761/2809 2558/1763/2809 2557/1762/2809
f 2559/1760/2810 2560/1761/2810 2561/1762/2810
f 2560/1761/2811 2562/1763/2811 2561/1762/2811
f 2563/1760/2812 2564/1761/2812 2565/1762/2812
f 2564/1761/2813 2566/1763/2813 2565/1762/2813
f 2567/1760/2814 2568/1761/2814 2569/1762/2814
f 2568/1761/2815 2570/1763/2815 2569/1762/2815
f 2571/1760/2816 2572/1761/2816 2573/1762/2816
f 2572/1761/2817 2574/1763/2817 2573/1762/2817
f 2575/1760/2818 2576/1761/2818 2577/1762/2818
f 2576/1761/2819 2578/1763/2819 2577/1762/2819
f 2579/1760/2820 2580/1761/2820 2581/1762/2820
f 2580/1761/2821 2582/1763/2821 2581/1762/2821
f 2583/1760/2822 2584/1761/2822 2585/1762/2822
f 2584/1761/2823 2586/1763/2823 2585/1762/2823
f 2587/1760/2824 2588/1761/2824 2589/1762/2824
f 2588/1761/2825 2590/1763/2825 2589/1762/2825
f 2591/1760/2826 2592/1761/2826 2593/1762/2826
f 2592/1761/2827 2594/1763/2827 2593/1762/2827
f 2595/1760/2828 2596/1761/2828 2597/1762/2828
f 2596/1761/2829 2598/1763/2829 2597/1762/2829
f 2599/1760/2830 2600/1761/2830 2601/1762/2830
f 2600/1761/2831 2602/1763/2831 2601/1762/2831
f 2603/1760/2832 2604/1761/2832 2605/1762/2832
f 2604/1761/2833 2606/1763/2833 2605/1762/2833
f 2607/1760/2834 2608/1761/2834 2609/1762/2834
f 2608/1761/2835 2610/1763/2835 2609/1762/2835
f 2611/1760/2836 2612/1761/2836 2613/1762/2836
f 2612/1761/2837 2614/1763/2837 2613/1762/2837
f 2615/1760/2838 2616/1761/2838 2617/1762/2838
f 2616/1761/2839 2618/1763/2839 2617/1762/2839
f 2619/1760/2840 2620/1761/2840 2621/1762/2840
f 2620/1761/2841 2622/1763/2841 2621/1762/2841
f 2623/1760/2842 2624/1761/2842 2625/1762/2842
f 2624/1761/2843 2626/1763/2843 2625/1762/2843
f 2627/1760/2844 2628/1761/2844 2629/1762/2844
f 2628/1761/2845 2630/1763/2845 2629/1762/2845
f 2631/1760/2846 2632/1761/2846 2633/1762/2846
f 2632/1761/2847 2634/1763/2847 2633/1762/2847
f 2635/1760/2848 2636/1761/2848 2637/1762/2848
f 2636/1761/2849 2638/1763/2849 2637/1762/2849
f 2639/1760/2850 2640/1761/2850 2641/1762/2850
f 2640/1761/2851 2642/1763/2851 2641/1762/2851
f 2643/1760/2852 2644/1761/2852 2645/1762/2852
f 2644/1761/2853 2646/1763/2853 2645/1762/2853
f 2647/1760/2854 2648/1761/2854 2649/1762/2854
f 2648/1761/2855 2650/1763/2855 2649/1762/2855
f 2651/1760/2856 2652/1761/2856 2653/1762/2856
f 2652/1761/2857 2654/1763/2857 2653/1762/2857
f 2655/1760/2858 2656/1761/2858 2657/1762/2858
f 2656/1761/2859 2658/1763/2859 2657/1762/2859
f 2659/1760/2860 2660/1761/2860 2661/1762/2860
f 2660/1761/2861 2662/1763/2861 2661/1762/2861
f 2663/1760/2862 2664/1761/2862 2665/1762/2862
f 2664/1761/2863 2666/1763/2863 2665/1762/2863
f 2667/1760/2864 2668/1761/2864 2669/1762/2864
f 2668/1761/2865 2670/1763/2865 2669/1762/2865
f 2671/1760/2866 2672/1761/2866 2673/1762/2866
f 2672/1761/2867 2674/1763/2867 2673/1762/2867
f 2675/1760/2868 2676/1761/2868 2677/1762/2868
f 2676/1761/2869 2678/1763/2869 2677/1762/2869
f 2679/1760/2870 2680/1761/2870 2681/1762/2870
f 2680/1761/2871 2682/1763/2871 2681/1762/2871
f 2683/1760/2872 2684/1761/2872 2685/1762/2872
f 2684/1761/2873 2686/1763/2873 2685/1762/2873
f 2687/1760/2874 2688/1761/2874 2689/1762/2874
f 2688/1761/2875 2690/1763/2875 2689/1762/2875
f 2691/1760/2876 2692/1761/2876 2693/1762/2876
f 2692/1761/2877 2694/1763/2877 2693/1762/2877
f 2695/1760/2878 2696/1761/2878 2697/1762/2878
f 2696/1761/2879 2698/1763/2879 2697/1762/2879
f 2699/1760/2880 2700/1761/2880 2701/1762/2880
f 2700/1761/2881 2702/1763/2881 2701/1762/2881
f 2703/1760/2882 2704/1761/2882 2705/1762/2882
f 2704/1761/2883 2706/1763/2883 2705/1762/2883
f 2707/1760/2884 2708/1761/2884 2709/1762/2884
f 2708/1761/2885 2710/1763/2885 2709/1762/2885
f 2711/1760/2886 2712/1761/2886 2713/1762/2886
f 2712/1761/2887 2714/1763/2887 2713/1762/2887
f 2715/1760/2888 2716/1761/2888 2717/1762/2888
f 2716/1761/2889 2718/1763/2889 2717/1762/2889
f 2719/1760/2890 2720/1761/2890 2721/1762/2890
f 2720/1761/2891 2722/1763/2891 2721/1762/2891
f 2723/1760/2892 2724/1761/2892 2725/1762/2892
f 2724/1761/2893 2726/1763/2893 2725/1762/2893
f 2727/1760/2894 2728/1761/2894 2729/1762/2894
f 2728/1761/2895 2730/1763/2895 2729/1762/2895
f 2731/1760/2896 2732/1761/2896 2733/1762/2896
f 2732/1761/2897 2734/1763/2897 2733/1762/2897
f 2735/1760/2898 2736/1761/2898 2737/1762/2898
f 2736/1761/2899 2738/1763/2899 2737/1762/2899
f 2739/1760/2900 2740/1761/2900 2741/1762/2900
f 2740/1761/2901 2742/1763/2901 2741/1762/2901
f 2743/1760/2902 2744/1761/2902 2745/1762/2902
f 2744/1761/2903 2746/1763/2903 2745/1762/2903
f 2747/1760/2904 2748/1761/2904 2749/1762/2904
f 2748/1761/2905 2750/1763/2905 2749/1762/2905
f 2751/1760/2906 2752/1761/2906 2753/1762/2906
f 2752/1761/2907 2754/1763/2907 2753/1762/2907
f 2755/1760/2908 2756/1761/2908 2757/1762/2908
f 2756/1761/2909 2758/1763/2909 2757/1762/2909
f 2759/1760/2910 2760/1761/2910 2761/1762/2910
f 2760/1761/2911 2762/1763/2911 2761/1762/2911
f 2763/1760/2912 2764/1761/2912 2765/1762/2912
f 2764/1761/2913 2766/1763/2913 2765/1762/2913
f 2767/1760/2914 2768/1761/2914 2769/1762/2914
f 2768/1761/2915 2770/1763/2915 2769/1762/2915
f 2771/1760/2916 2772/1761/2916 2773/1762/2916
f 2772/1761/2917 2774/1763/2917 2773/1762/2917
f 2775/1760/2918 2776/1761/2918 2777/1762/2918
f 2776/1761/2919 2778/1763/2919 2777/1762/2919
f 2779/1760/2920 2780/1761/2920 2781/1762/2920
f 2780/1761/2921 2782/1763/2921 2781/1762/2921
f 2783/1760/2922 2784/1761/2922 2785/1762/2922
f 2784/1761/2923 2786/1763/2923 2785/1762/2923
f 2787/1760/2924 2788/1761/2924 2789/1762/2924
f 2788/1761/2925 2790/1763/2925 2789/1762/2925
f 2791/1760/2926 2792/1761/2926 2793/1762/2926
f 2792/1761/2927 2794/1763/2927 2793/1762/2927
f 2795/1760/2928 2796/1761/2928 2797/1762/2928
f 2796/1761/2929 2798/1763/2929 2797/1762/2929
f 2799/1760/2930 2800/1761/2930 2801/1762/2930
f 2800/1761/2931 2802/1763/2931 2801/1762/2931
f 2803/1760/2932 2804/1761/2932 2805/1762/2932
f 2804/1761/2933 2806/1763/2933 2805/1762/2933
f 2807/1760/2934 2808/1761/2934 2809/1762/2934
f 2808/1761/2935 2810/1763/2935 2809/1762/2935
f 2811/1760/2936 2812/1761/2936 2813/1762/2936
f 2812/1761/2937 2814/1763/2937 2813/1762/2937
f 2815/1760/2938 2816/1761/2938 2817/1762/2938
f 2816/1761/2939 2818/1763/2939 2817/1762/2939
f 2819/1760/2940 2820/1761/2940 2821/1762/2940
f 2820/1761/2941 2822/1763/2941 2821/1762/2941
f 2823/1760/2942 2824/1761/2942 2825/1762/2942
f 2824/1761/2943 2826/1763/2943 2825/1762/2943
f 2827/1760/2944 2828/1761/2944 2829/1762/2944
f 2828/1761/2945 2830/1763/2945 2829/1762/2945
f 2831/1760/2946 2832/1761/2946 2833/1762/2946
f 2832/1761/2947 2834/1763/2947 2833/1762/2947
f 2835/1760/2948 2836/1761/2948 2837/1762/2948
f 2836/1761/2949 2838/1763/2949 2837/1762/2949
f 2839/1760/2950 2840/1761/2950 2841/1762/2950
f 2840/1761/2951 2842/1763/2951 2841/1762/2951
f 2843/1760/2952 2844/1761/2952 2845/1762/2952
f 2844/1761/2953 2846/1763/2953 2845/1762/2953
f 2847/1760/2954 2848/1761/2954 2849/1762/2954
f 2848/1761/2955 2850/1763/2955 2849/1762/2955
f 2851/1760/2956 2852/1761/2956 2853/1762/2956
f 2852/1761/2957 2854/1763/2957 2853/1762/2957
f 2855/1760/2958 2856/1761/2958 2857/1762/2958
f 2856/1761/2959 2858/1763/2959 2857/1762/2959
f 2859/1760/2960 2860/1761/2960 2861/1762/2960
f 2860/1761/2961 2862/1763/2961 2861/1762/2961
f 2863/1760/2962 2864/1761/2962 2865/1762/2962
f 2864/1761/2963 2866/1763/2963 2865/1762/2963
f 2867/1760/2964 2868/1761/2964 2869/1762/2964
f 2868/1761/2965 2870/1763/2965 2869/1762/2965
f 2871/1760/2966 2872/1761/2966 2873/1762/2966
f 2872/1761/2967 2874/1763/2967 2873/1762/2967
f 2875/1760/2968 2876/1761/2968 2877/1762/2968
f 2876/1761/2969 2878/1763/2969 2877/1762/2969
f 2879/1760/2970 2880/1761/2970 2881/1762/2970
f 2880/1761/2971 2882/1763/2971 2881/1762/2971
f 2883/1760/2972 2884/1761/2972 2885/1762/2972
f 2884/1761/2973 2886/1763/2973 2885/1762/2973
f 2887/1760/2974 2888/1761/2974 2889/1762/2974
f 2888/1761/2975 2890/1763/2975 2889/1762/2975
f 2891/1760/2976 2892/1761/2976 2893/1762/2976
f 2892/1761/2977 2894/1763/2977 2893/1762/2977
f 2895/1760/2978 2896/1761/2978 2897/1762/2978
f 2896/1761/2979 2898/1763/2979 2897/1762/2979
f 2899/1760/2980 2900/1761/2980 2901/1762/2980
f 2900/1761/2981 2902/1763/2981 2901/1762/2981
f 2903/1760/2982 2904/1761/2982 2905/1762/2982
f 2904/1761/2983 2906/1763/2983 2905/1762/2983
f 2907/1760/2984 2908/1761/2984 2909/1762/2984
f 2908/1761/2985 2910/1763/2985 2909/1762/2985
f 2911/1760/2986 2912/1761/2986 2913/1762/2986
f 2912/1761/2987 2914/1763/2987 2913/1762/2987
f 2915/1760/2988 2916/1761/2988 2917/1762/2988
f 2916/1761/2989 2918/1763/2989 2917/1762/2989
f 2919/1760/2990 2920/1761/2990 2921/1762/2990
f 2920/1761/2991 2922/1763/2991 2921/1762/2991
f 2923/1760/2992 2924/1761/2992 2925/1762/2992
f 2924/1761/2993 2926/1763/2993 2925/1762/2993
f 2927/1760/2994 2928/1761/2994 2929/1762/2994
f 2928/1761/2995 2930/1763/2995 2929/1762/2995
f 2931/1760/2996 2932/1761/2996 2933/1762/2996
f 2932/1761/2997 2934/1763/2997 2933/1762/2997
f 2935/1760/2998 2936/1761/2998 2937/1762/2998
f 2936/1761/2999 2938/1763/2999 2937/1762/2999
f 2939/1760/3000 2940/1761/3000 2941/1762/3000
f 2940/1761/3001 2942/1763/3001 2941/1762/3001
f 2943/1760/3002 2944/1761/3002 2945/1762/3002
f 2944/1761/3003 2946/1763/3003 2945/1762/3003
f 2947/1760/3004 2948/1761/3004 2949/1762/3004
f 2948/1761/3005 2950/1763/3005 2949/1762/3005
f 2951/1760/3006 2952/1761/3006 2953/1762/3006
f 2952/1761/3007 2954/1763/3007 2953/1762/3007
f 2955/1760/3008 2956/1761/3008 2957/1762/3008
f 2956/1761/3009 2958/1763/3009 2957/1762/3009
f 2959/1760/3010 2960/1761/3010 2961/1762/3010
f 2960/1761/3011 2962/1763/3011 2961/1762/3011
f 2963/1760/3012 2964/1761/3012 2965/1762/3012
f 2964/1761/3013 2966/1763/3013 2965/1762/3013
f 2967/1760/3014 2968/1761/3014 2969/1762/3014
f 2968/1761/3015 2970/1763/3015 2969/1762/3015
f 2971/1760/3016 2972/1761/3016 2973/1762/3016
f 2972/1761/3017 2974/1763/3017 2973/1762/3017
f 2975/1760/3018 2976/1761/3018 2977/1762/3018
f 2976/1761/3019 2978/1763/3019 2977/1762/3019
f 2979/1760/3020 2980/1761/3020 2981/1762/3020
f 2980/1761/3021 2982/1763/3021 2981/1762/3021
f 2983/1760/3022 2984/1761/3022 2985/1762/3022
f 2984/1761/3023 2986/1763/3023 2985/1762/3023
f 2987/1760/3024 2988/1761/3024 2989/1762/3024
f 2988/1761/3025 2990/1763/3025 2989/1762/3025
f 2991/1760/3026 2992/1761/3026 2993/1762/3026
f 2992/1761/3027 2994/1763/3027 2993/1762/3027
f 2995/1760/3028 2996/1761/3028 2997/1762/3028
f 2996/1761/3029 2998/1763/3029 2997/1762/3029
f 2999/1760/3030 3000/1761/3030 3001/1762/3030
f 3000/1761/3031 3002/1763/3031 3001/1762/3031
f 3003/1760/3032 3004/1761/3032 3005/1762/3032
f 3004/1761/3033 3006/1763/3033 3005/1762/3033
f 3007/1760/3034 3008/1761/3034 3009/1762/3034
f 3008/1761/3035 3010/1763/3035 3009/1762/3035
f 3011/1760/3036 3012/1761/3036 3013/1762/3036
f 3012/1761/3037 3014/1763/3037 3013/1762/3037
f 3015/1760/3038 3016/1761/3038 3017/1762/3038
f 3016/1761/3039 3018/1763/3039 3017/1762/3039
f 3019/1760/3040 3020/1761/3040 3021/1762/3040
f 3020/1761/3041 3022/1763/3041 3021/1762/3041
f 3023/1760/3042 3024/1761/3042 3025/1762/3042
f 3024/1761/3043 3026/1763/3043 3025/1762/3043
f 3027/1760/3044 3028/1761/3044 3029/1762/3044
f 3028/1761/3045 3030/1763/3045 3029/1762/3045
f 3031/1760/3046 3032/1761/3046 3033/1762/3046
f 3032/1761/3047 3034/1763/3047 3033/1762/3047
f 3035/1760/3048 3036/1761/3048 3037/1762/3048
f 3036/1761/3049 3038/1763/3049 3037/1762/3049
f 3039/1760/3050 3040/1761/3050 3041/1762/3050
f 3040/1761/3051 3042/1763/3051 3041/1762/3051
f 3043/1760/3052 3044/1761/3052 3045/1762/3052
f 3044/1761/3053 3046/1763/3053 3045/1762/3053
f 3047/1760/3054 3048/1761/3054 3049/1762/3054
f 3048/1761/3055 3050/1763/3055 3049/1762/3055
f 3051/1760/3056 3052/1761/3056 3053/1762/3056
f 3052/1761/3057 3054/1763/3057 3053/1762/3057
f 3055/1760/3058 3056/1761/3058 3057/1762/3058
f 3056/1761/3059 3058/1763/3059 3057/1762/3059
f 3059/1760/3060 3060/1761/3060 3061/1762/3060
f 3060/1761/3061 3062/1763/3061 3061/1762/3061
f 3063/1760/3062 3064/1761/3062 3065/1762/3062
f 3064/1761/3063 3066/1763/3063 3065/1762/3063
f 3067/1760/3064 3068/1761/3064 3069/1762/3064
f 3068/1761/3065 3070/1763/3065 3069/1762/3065
f 3071/1760/3066 3072/1761/3066 3073/1762/3066
f 3072/1761/3067 3074/1763/3067 3073/1762/3067
f 3075/1760/3068 3076/1761/3068 3077/1762/3068
f 3076/1761/3069 3078/1763/3069 3077/1762/3069
f 3079/1760/3070 3080/1761/3070 3081/1762/3070
f 3080/1761/3071 3082/1763/3071 3081/1762/3071
f 3083/1760/3072 3084/1761/3072 3085/1762/3072
f 3084/1761/3073 3086/1763/3073 3085/1762/3073
f 3087/1760/3074 3088/1761/3074 3089/1762/3074
f 3088/1761/3075 3090/1763/3075 3089/1762/3075
f 3091/1760/3076 3092/1761/3076 3093/1762/3076
f 3092/1761/3077 3094/1763/3077 3093/1762/3077
f 3095/1760/3078 3096/1761/3078 3097/1762/3078
f 3096/1761/3079 3098/1763/3079 3097/1762/3079
f 3099/1760/3080 3100/1761/3080 3101/1762/3080
f 3100/1761/3081 3102/1763/3081 3101/1762/3081
f 3103/1760/3082 3104/1761/3082 3105/1762/3082
f 3104/1761/3083 3106/1763/3083 3105/1762/3083
f 3107/1760/3084 3108/1761/3084 3109/1762/3084
f 3108/1761/3085 3110/1763/3085 3109/1762/3085
f 3111/1760/3086 3112/1761/3086 3113/1762/3086
f 3112/1761/3087 3114/1763/3087 3113/1762/3087
f 3115/1760/3088 3116/1761/3088 3117/1762/3088
f 3116/1761/3089 3118/1763/3089 3117/1762/3089
f 3119/1760/3090 3120/1761/3090 3121/1762/3090
f 3120/1761/3091 3122/1763/3091 3121/1762/3091
f 3123/1760/3092 3124/1761/3092 3125/1762/3092
f 3124/1761/3093 3126/1763/3093 3125/1762/3093
f 3127/1760/3094 3128/1761/3094 3129/1762/3094
f 3128/1761/3095 3130/1763/3095 3129/1762/3095
f 3131/1760/3096 3132/1761/3096 3133/1762/3096
f 3132/1761/3097 3134/1763/3097 3133/1762/3097
f 3135/1760/3098 3136/1761/3098 3137/1762/3098
f 3136/1761/3099 3138/1763/3099 3137/1762/3099
f 3139/1760/3100 3140/1761/3100 3141/1762/3100
f 3140/1761/3101 3142/1763/3101 3141/1762/3101
f 3143/1760/3102 3144/1761/3102 3145/1762/3102
f 3144/1761/3103 3146/1763/3103 3145/1762/3103
f 3147/1760/3104 3148/1761/3104 3149/1762/3104
f 3148/1761/3105 3150/1763/3105 3149/1762/3105
f 3151/1760/3106 3152/1761/3106 3153/1762/3106
f 3152/1761/3107 3154/1763/3107 3153/1762/3107
f 3155/1760/3108 3156/1761/3108 3157/1762/3108
f 3156/1761/3109 3158/1763/3109 3157/1762/3109
f 3159/1760/3110 3160/1761/3110 3161/1762/3110
f 3160/1761/3111 3162/1763/3111 3161/1762/3111
f 3163/1760/3112 3164/1761/3112 3165/1762/3112
f 3164/1761/3113 3166/1763/3113 3165/1762/3113
f 3167/1760/3114 3168/1761/3114 3169/1762/3114
f 3168/1761/3115 3170/1763/3115 3169/1762/3115
f 3171/1760/3116 3172/1761/3116 3173/1762/3116
f 3172/1761/3117 3174/1763/3117 3173/1762/3117
f 3175/1760/3118 3176/1761/3118 3177/1762/3118
f 3176/1761/3119 3178/1763/3119 3177/1762/3119
f 3179/1760/3120 3180/1761/3120 3181/1762/3120
f 3180/1761/3121 3182/1763/3121 3181/1762/3121
f 3183/1760/3122 3184/1761/3122 3185/1762/3122
f 3184/1761/3123 3186/1763/3123 3185/1762/3123
f 3187/1760/3124 3188/1761/3124 3189/1762/3124
f 3188/1761/3125 3190/1763/3125 3189/1762/3125
f 3191/1760/3126 3192/1761/3126 3193/1762/3126
f 3192/1761/3127 3194/1763/3127 3193/1762/3127
f 3195/1760/3128 3196/1761/3128 3197/1762/3128
f 3196/1761/3129 3198/1763/3129 3197/1762/3129
f 3199/1760/3130 3200/1761/3130 3201/1762/3130
f 3200/1761/3131 3202/1763/3131 3201/1762/3131
f 3203/1760/3132 3204/1761/3132 3205/1762/3132
f 3204/1761/3133 3206/1763/3133 3205/1762/3133
f 3207/1760/3134 3208/1761/3134 3209/1762/3134
f 3208/1761/3135 3210/1763/3135 3209/1762/3135
f 3211/1760/3136 3212/1761/3136 3213/1762/3136
f 3212/1761/3137 3214/1763/3137 3213/1762/3137
f 3215/1760/3138 3216/1761/3138 3217/1762/3138
f 3216/1761/3139 3218/1763/3139 3217/1762/3139
f 3219/1760/3140 3220/1761/3140 3221/1762/3140
f 3220/1761/3141 3222/1763/3141 3221/1762/3141
f 3223/1760/3142 3224/1761/3142 3225/1762/3142
f 3224/1761/3143 3226/1763/3143 3225/1762/3143
f 3227/1760/3144 3228/1761/3144 3229/1762/3144
f 3228/1761/3145 3230/1763/3145 3229/1762/3145
f 3231/1760/3146 3232/1761/3146 3233/1762/3146
f 3232/1761/3147 3234/1763/3147 3233/1762/3147
f 3235/1760/3148 3236/1761/3148 3237/1762/3148
f 3236/1761/3149 3238/1763/3149 3237/1762/3149
f 3239/1760/3150 3240/1761/3150 3241/1762/3150
f 3240/1761/3151 3242/1763/3151 3241/1762/3151
f 3243/1760/3152 3244/1761/3152 3245/1762/3152
f 3244/1761/3153 3246/1763/3153 3245/1762/3153
f 3247/1760/3154 3248/1761/3154 3249/1762/3154
f 3248/1761/3155 3250/1763/3155 3249/1762/3155
f 3251/1760/3156 3252/1761/3156 3253/1762/3156
f 3252/1761/3157 3254/1763/3157 3253/1762/3157
f 3255/1760/3158 3256/1761/3158 3257/1762/3158
f 3256/1761/3159 3258/1763/3159 3257/1762/3159
f 3259/1760/3160 3260/1761/3160 3261/1762/3160
f 3260/1761/3161 3262/1763/3161 3261/1762/3161
f 3263/1760/3162 3264/1761/3162 3265/1762/3162
f 3264/1761/3163 3266/1763/3163 3265/1762/3163
f 3267/1760/3164 3268/1761/3164 3269/1762/3164
f 3268/1761/3165 3270/1763/3165 3269/1762/3165
f 3271/1760/3166 3272/1761/3166 3273/1762/3166
f 3272/1761/3167 3274/1763/3167 3273/1762/3167
f 3275/1760/3168 3276/1761/3168 3277/1762/3168
f 3276/1761/3169 3278/1763/3169 3277/1762/3169
f 3279/1760/3170 3280/1761/3170 3281/1762/3170
f 3280/1761/3171 3282/1763/3171 3281/1762/3171
f 3283/1760/3172 3284/1761/3172 3285/1762/3172
f 3284/1761/3173 3286/1763/3173 3285/1762/3173
f 3287/1760/3174 3288/1761/3174 3289/1762/3174
f 3288/1761/3175 3290/1763/3175 3289/1762/3175
f 3291/1760/3176 3292/1761/3176 3293/1762/3176
f 3292/1761/3177 3294/1763/3177 3293/1762/3177
f 3295/1760/3178 3296/1761/3178 3297/1762/3178
f 3296/1761/3179 3298/1763/3179 3297/1762/3179
f 3299/1760/3180 3300/1761/3180 3301/1762/3180
f 3300/1761/3181 3302/1763/3181 3301/1762/3181
f 3303/1760/3182 3304/1761/3182 3305/1762/3182
f 3304/1761/3183 3306/1763/3183 3305/1762/3183
f 3307/1760/3184 3308/1761/3184 3309/1762/3184
f 3308/1761/3185 3310/1763/3185 3309/1762/3185
f 3311/1760/3186 3312/1761/3186 3313/1762/3186
f 3312/1761/3187 3314/1763/3187 3313/1762/3187
f 3315/1760/3188 3316/1761/3188 3317/1762/3188
f 3316/1761/3189 3318/1763/3189 3317/1762/3189
f 3319/1760/3190 3320/1761/3190 3321/1762/3190
f 3320/1761/3191 3322/1763/3191 3321/1762/3191
f 3323/1760/3192 3324/1761/3192 3325/1762/3192
f 3324/1761/3193 3326/1763/3193 3325/1762/3193
f 3327/1760/3194 3328/1761/3194 3329/1762/3194
f 3328/1761/3195 3330/1763/3195 3329/1762/3195
f 3331/1760/3196 3332/1761/3196 3333/1762/3196
f 3332/1761/3197 3334/1763/3197 3333/1762/3197
f 3335/1760/3198 3336/1761/3198 3337/1762/3198
f 3336/1761/3199 3338/1763/3199 3337/1762/3199
f 3339/1760/3200 3340/1761/3200 3341/1762/3200
f 3340/1761/3201 3342/1763/3201 3341/1762/3201
f 3343/1760/3202 3344/1761/3202 3345/1762/3202
f 3344/1761/3203 3346/1763/3203 3345/1762/3203
f 3347/1760/3204 3348/1761/3204 3349/1762/3204
f 3348/1761/3205 3350/1763/3205 3349/1762/3205
f 3351/1760/3206 3352/1761/3206 3353/1762/3206
f 3352/1761/3207 3354/1763/3207 3353/1762/3207
f 3355/1760/3208 3356/1761/3208 3357/1762/3208
f 3356/1761/3209 3358/1763/3209 3357/1762/3209
f 3359/1760/3210 3360/1761/3210 3361/1762/3210
f 3360/1761/3211 3362/1763/3211 3361/1762/3211
f 3363/1760/3212 3364/1761/3212 3365/1762/3212
f 3364/1761/3213 3366/1763/3213 3365/1762/3213
f 3367/1760/3214 3368/1761/3214 3369/1762/3214
f 3368/1761/3215 3370/1763/3215 3369/1762/3215
f 3371/1760/3216 3372/1761/3216 3373/1762/3216
f 3372/1761/3217 3374/1763/3217 3373/1762/3217
f 3375/1760/3218 3376/1761/3218 3377/1762/3218
f 3376/1761/3219 3378/1763/3219 3377/1762/3219
f 3379/1760/3220 3380/1761/3220 3381/1762/3220
f 3380/1761/3221 3382/1763/3221 3381/1762/3221
f 3383/1760/3222 3384/1761/3222 3385/1762/3222
f 3384/1761/3223 3386/1763/3223 3385/1762/3223
f 3387/1760/3224 3388/1761/3224 3389/1762/3224
f 3388/1761/3225 3390/1763/3225 3389/1762/3225
f 3391/1760/3226 3392/1761/3226 3393/1762/3226
f 3392/1761/3227 3394/1763/3227 3393/1762/3227
f 3395/1760/3228 3396/1761/3228 3397/1762/3228
f 3396/1761/3229 3398/1763/3229 3397/1762/3229
f 3399/1760/3230 3400/1761/3230 3401/1762/3230
f 3400/1761/3231 3402/1763/3231 3401/1762/3231
f 3403/1760/3232 3404/1761/3232 3405/1762/3232
f 3404/1761/3233 3406/1763/3233 3405/1762/3233
f 3407/1760/3234 3408/1761/3234 3409/1762/3234
f 3408/1761/3235 3410/1763/3235 3409/1762/3235
f 3411/1760/3236 3412/1761/3236 3413/1762/3236
f 3412/1761/3237 3414/1763/3237 3413/1762/3237
f 3415/1760/3238 3416/1761/3238 3417/1762/3238
f 3416/1761/3239 3418/1763/3239 3417/1762/3239
f 3419/1760/3240 3420/1761/3240 3421/1762/3240
f 3420/1761/3241 3422/1763/3241 3421/1762/3241
f 3423/1760/3242 3424/1761/3242 3425/1762/3242
f 3424/1761/3243 3426/1763/3243 3425/1762/3243
f 3427/1760/3244 3428/1761/3244 3429/1762/3244
f 3428/1761/3245 3430/1763/3245 3429/1762/3245
f 3431/1760/3246 3432/1761/3246 3433/1762/3246
f 3432/1761/3247 3434/1763/3247 3433/1762/3247
f 3435/1760/3248 3436/1761/3248 3437/1762/3248
f 3436/1761/3249 3438/1763/3249 3437/1762/3249
f 3439/1760/3250 3440/1761/3250 3441/1762/3250
f 3440/1761/3251 3442/1763/3251 3441/1762/3251
f 3443/1760/3252 3444/1761/3252 3445/1762/3252
f 3444/1761/3253 3446/1763/3253 3445/1762/3253
f 3447/1760/3254 3448/1761/3254 3449/1762/3254
f 3448/1761/3255 3450/1763/3255 3449/1762/3255
f 3451/1760/3256 3452/1761/3256 3453/1762/3256
f 3452/1761/3257 3454/1763/3257 3453/1762/3257
f 3455/1760/3258 3456/1761/3258 3457/1762/3258
f 3456/1761/3259 3458/1763/3259 3457/1762/3259
f 3459/1760/3260 3460/1761/3260 3461/1762/3260
f 3460/1761/3261 3462/1763/3261 3461/1762/3261
f 3463/1760/3262 3464/1761/3262 3465/1762/3262
f 3464/1761/3263 3466/1763/3263 3465/1762/3263
f 3467/1760/3264 3468/1761/3264 3469/1762/3264
f 3468/1761/3265 3470/1763/3265 3469/1762/3265
f 3471/1760/3266 3472/1761/3266 3473/1762/3266
f 3472/1761/3267 3474/1763/3267 3473/1762/3267
f 3475/1760/3268 3476/1761/3268 3477/1762/3268
f 3476/1761/3269 3478/1763/3269 3477/1762/3269
f 3479/1760/3270 3480/1761/3270 3481/1762/3270
f 3480/1761/3271 3482/1763/3271 3481/1762/3271
f 3483/1760/3272 3484/1761/3272 3485/1762/3272
f 3484/1761/3273 3486/1763/3273 3485/1762/3273
f 3487/1760/3274 3488/1761/3274 3489/1762/3274
f 3488/1761/3275 3490/1763/3275 3489/1762/3275
f 3491/1760/3276 3492/1761/3276 3493/1762/3276
f 3492/1761/3277 3494/1763/3277 3493/1762/3277
f 3495/1760/3278 3496/1761/3278 3497/1762/3278
f 3496/1761/3279 3498/1763/3279 3497/1762/3279
f 3499/1760/3280 3500/1761/3280 3501/1762/3280
f 3500/1761/3281 3502/1763/3281 3501/1762/3281
f 3503/1760/3282 3504/1761/3282 3505/1762/3282
f 3504/1761/3283 3506/1763/3283 3505/1762/3283
f 3507/1760/3284 3508/1761/3284 3509/1762/3284
f 3508/1761/3285 3510/1763/3285 3509/1762/3285
f 3511/1760/3286 3512/1761/3286 3513/1762/3286
f 3512/1761/3287 3514/1763/3287 3513/1762/3287
f 3515/1760/3288 3516/1761/3288 3517/1762/3288
f 3516/1761/3289 3518/1763/3289 3517/1762/3289
f 3519/1760/3290 3520/1761/3290 3521/1762/3290
f 3520/1761/3291 3522/1763/3291 3521/1762/3291
f 3523/1760/3292 3524/1761/3292 3525/1762/3292
f 3524/1761/3293 3526/1763/3293 3525/1762/3293
f 3527/1760/3294 3528/1761/3294 3529/1762/3294
f 3528/1761/3295 3530/1763/3295 3529/1762/3295
f 3531/1760/3296 3532/1761/3296 3533/1762/3296
f 3532/1761/3297 3534/1763/3297 3533/1762/3297
f 3535/1760/3298 3536/1761/3298 3537/1762/3298
f 3536/1761/3299 3538/1763/3299 3537/1762/3299
f 3539/1760/3300 3540/1761/3300 3541/1762/3300
f 3540/1761/3301 3542/1763/3301 3541/1762/3301
f 3543/1760/3302 3544/1761/3302 3545/1762/3302
f 3544/1761/3303 3546/1763/3303 3545/1762/3303
f 3547/1760/3304 3548/1761/3304 3549/1762/3304
f 3548/1761/3305 3550/1763/3305 3549/1762/3305
f 3551/1760/3306 3552/1761/3306 3553/1762/3306
f 3552/1761/3307 3554/1763/3307 3553/1762/3307
f 3555/1760/3308 3556/1761/3308 3557/1762/3308
f 3556/1761/3309 3558/1763/3309 3557/1762/3309
f 3559/1760/3310 3560/1761/3310 3561/1762/3310
f 3560/1761/3311 3562/1763/3311 3561/1762/3311
f 3563/1760/3312 3564/1761/3312 3565/1762/3312
f 3564/1761/3313 3566/1763/3313 3565/1762/3313
f 3567/1760/3314 3568/1761/3314 3569/1762/3314
f 3568/1761/3315 3570/1763/3315 3569/1762/3315
f 3571/1760/3316 3572/1761/3316 3573/1762/3316
f 3572/1761/3317 3574/1763/3317 3573/1762/3317
f 3575/1760/3318 3576/1761/3318 3577/1762/3318
f 3576/1761/3319 3578/1763/3319 3577/1762/3319
f 3579/1760/3320 3580/1761/3320 3581/1762/3320
f 3580/1761/3321 3582/1763/3321 3581/1762/3321
f 3583/1760/3322 3584/1761/3322 3585/1762/3322
f 3584/1761/3323 3586/1763/3323 3585/1762/3323
f 3587/1760/3324 3588/1761/3324 3589/1762/3324
f 3588/1761/3325 3590/1763/3325 3589/1762/3325
f 3591/1760/3326 3592/1761/3326 3593/1762/3326
f 3592/1761/3327 3594/1763/3327 3593/1762/3327
f 3595/1760/3328 3596/1761/3328 3597/1762/3328
f 3596/1761/3329 3598/1763/3329 3597/1762/3329
f 3599/1760/3330 3600/1761/3330 3601/1762/3330
f 3600/1761/3331 3602/1763/3331 3601/1762/3331
f 3603/1760/3332 3604/1761/3332 3605/1762/3332
f 3604/1761/3333 3606/1763/3333 3605/1762/3333
f 3607/1760/3334 3608/1761/3334 3609/1762/3334
f 3608/1761/3335 3610/1763/3335 3609/1762/3335
f 3611/1760/3336 3612/1761/3336 3613/1762/3336
f 3612/1761/3337 3614/1763/3337 3613/1762/3337
f 3615/1760/3338 3616/1761/3338 3617/1762/3338
f 3616/1761/3339 3618/1763/3339 3617/1762/3339
f 3619/1760/3340 3620/1761/3340 3621/1762/3340
f 3620/1761/3341 3622/1763/3341 3621/1762/3341
f 3623/1760/3342 3624/1761/3342 3625/1762/3342
f 3624/1761/3343 3626/1763/3343 3625/1762/3343
f 3627/1760/3344 3628/1761/3344 3629/1762/3344
f 3628/1761/3345 3630/1763/3345 3629/1762/3345
f 3631/1760/3346 3632/1761/3346 3633/1762/3346
f 3632/1761/3347 3634/1763/3347 3633/1762/3347
f 3635/1760/3348 3636/1761/3348 3637/1762/3348
f 3636/1761/3349 3638/1763/3349 3637/1762/3349
f 3639/1760/3350 3640/1761/3350 3641/1762/3350
f 3640/1761/3351 3642/1763/3351 3641/1762/3351
f 3643/1760/3352 3644/1761/3352 3645/1762/3352
f 3644/1761/3353 3646/1763/3353 3645/1762/3353
f 3647/1760/3354 3648/1761/3354 3649/1762/3354
f 3648/1761/3355 3650/1763/3355 3649/1762/3355
f 3651/1760/3356 3652/1761/3356 3653/1762/3356
f 3652/1761/3357 3654/1763/3357 3653/1762/3357
f 3655/1760/3358 3656/1761/3358 3657/1762/3358
f 3656/1761/3359 3658/1763/3359 3657/1762/3359
f 3659/1760/3360 3660/1761/3360 3661/1762/3360
f 3660/1761/3361 3662/1763/3361 3661/1762/3361
f 3663/1760/3362 3664/1761/3362 3665/1762/3362
f 3664/1761/3363 3666/1763/3363 3665/1762/3363
f 3667/1760/3364 3668/1761/3364 3669/1762/3364
f 3668/1761/3365 3670/1763/3365 3669/1762/3365
f 3671/1760/3366 3672/1761/3366 3673/1762/3366
f 3672/1761/3367 3674/1763/3367 3673/1762/3367
f 3675/1760/3368 3676/1761/3368 3677/1762/3368
f 3676/1761/3369 3678/1763/3369 3677/1762/3369
f 3679/1760/3370 3680/1761/3370 3681/1762/3370
f 3680/1761/3371 3682/1763/3371 3681/1762/3371
f 3683/1760/3372 3684/1761/3372 3685/1762/3372
f 3684/1761/3373 3686/1763/3373 3685/1762/3373
f 3687/1760/3374 3688/1761/3374 3689/1762/3374
f 3688/1761/3375 3690/1763/3375 3689/1762/3375
f 3691/1760/3376 3692/1761/3376 3693/1762/3376
f 3692/1761/3377 3694/1763/3377 3693/1762/3377
f 3695/1760/3378 3696/1761/3378 3697/1762/3378
f 3696/1761/3379 3698/1763/3379 3697/1762/3379
f 3699/1760/3380 3700/1761/3380 3701/1762/3380
f 3700/1761/3381 3702/1763/3381 3701/1762/3381
f 3703/1760/3382 3704/1761/3382 3705/1762/3382
f 3704/1761/3383 3706/1763/3383 3705/1762/3383
f 3707/1760/3384 3708/1761/3384 3709/1762/3384
f 3708/1761/3385 3710/1763/3385 3709/1762/3385
f 3711/1760/3386 3712/1761/3386 3713/1762/3386
f 3712/1761/3387 3714/1763/3387 3713/1762/3387
f 3715/1760/3388 3716/1761/3388 3717/1762/3388
f 3716/1761/3389 3718/1763/3389 3717/1762/3389
f 3719/1760/3390 3720/1761/3390 3721/1762/3390
f 3720/1761/3391 3722/1763/3391 3721/1762/3391
f 3723/1760/3392 3724/1761/3392 3725/1762/3392
f 3724/1761/3393 3726/1763/3393 3725/1762/3393
f 3727/1760/3394 3728/1761/3394 3729/1762/3394
f 3728/1761/3395 3730/1763/3395 3729/1762/3395
f 3731/1760/3396 3732/1761/3396 3733/1762/3396
f 3732/1761/3397 3734/1763/3397 3733/1762/3397
f 3735/1760/3398 3736/1761/3398 3737/1762/3398
f 3736/1761/3399 3738/1763/3399 3737/1762/3399
f 3739/1760/3400 3740/1761/3400 3741/1762/3400
f 3740/1761/3401 3742/1763/3401 3741/1762/3401
f 3743/1760/3402 3744/1761/3402 3745/1762/3402
f 3744/1761/3403 3746/1763/3403 3745/1762/3403
f 3747/1760/3404 3748/1761/3404 3749/1762/3404
f 3748/1761/3405 3750/1763/3405 3749/1762/3405
f 3751/1760/3406 3752/1761/3406 3753/1762/3406
f 3752/1761/3407 3754/1763/3407 3753/1762/3407
f 3755/1760/3408 3756/1761/3408 3757/1762/3408
f 3756/1761/3409 3758/1763/3409 3757/1762/3409
f 3759/1760/3410 3760/1761/3410 3761/1762/3410
f 3760/1761/3411 3762/1763/3411 3761/1762/3411
f 3763/1760/3412 3764/1761/3412 3765/1762/3412
f 3764/1761/3413 3766/1763/3413 3765/1762/3413
f 3767/1760/3414 3768/1761/3414 3769/1762/3414
f 3768/1761/3415 3770/1763/3415 3769/1762/3415
f 3771/1760/3416 3772/1761/3416 3773/1762/3416
f 3772/1761/3417 3774/1763/3417 3773/1762/3417
f 3775/1760/3418 3776/1761/3418 3777/1762/3418
f 3776/1761/3419 3778/1763/3419 3777/1762/3419
f 3779/1760/3420 3780/1761/3420 3781/1762/3420
f 3780/1761/3421 3782/1763/3421 3781/1762/3421
f 3783/1760/3422 3784/1761/3422 3785/1762/3422
f 3784/1761/3423 3786/1763/3423 3785/1762/3423
f 3787/1760/3424 3788/1761/3424 3789/1762/3424
f 3788/1761/3425 3790/1763/3425 3789/1762/3425
f 3791/1760/3426 3792/1761/3426 3793/1762/3426
f 3792/1761/3427 3794/1763/3427 3793/1762/3427
f 3795/1760/3428 3796/1761/3428 3797/1762/3428
f 3796/1761/3429 3798/1763/3429 3797/1762/3429
f 3799/1760/3430 3800/1761/3430 3801/1762/3430
f 3800/1761/3431 3802/1763/3431 3801/1762/3431
f 3803/1760/3432 3804/1761/3432 3805/1762/3432
f 3804/1761/3433 3806/1763/3433 3805/1762/3433
f 3807/1760/3434 3808/1761/3434 3809/1762/3434
f 3808/1761/3435 3810/1763/3435 3809/1762/3435
f 3811/1760/3436 3812/1761/3436 3813/1762/3436
f 3812/1761/3437 3814/1763/3437 3813/1762/3437
f 3815/1760/3438 3816/1761/3438 3817/1762/3438
f 3816/1761/3439 3818/1763/3439 3817/1762/3439
f 3819/1760/3440 3820/1761/3440 3821/1762/3440
f 3820/1761/3441 3822/1763/3441 3821/1762/3441
f 3823/1760/3442 3824/1761/3442 3825/1762/3442
f 3824/1761/3443 3826/1763/3443 3825/1762/3443
f 3827/1760/3444 3828/1761/3444 3829/1762/3444
f 3828/1761/3445 3830/1763/3445 3829/1762/3445
f 3831/1760/3446 3832/1761/3446 3833/1762/3446
f 3832/1761/3447 3834/1763/3447 3833/1762/3447
f 3835/1760/3448 3836/1761/3448 3837/1762/3448
f 3836/1761/3449 3838/1763/3449 3837/1762/3449
f 3839/1760/3450 3840/1761/3450 3841/1762/3450
f 3840/1761/3451 3842/1763/3451 3841/1762/3451
f 3843/1760/3452 3844/1761/3452 3845/1762/3452
f 3844/1761/3453 3846/1763/3453 3845/1762/3453
f 3847/1760/3454 3848/1761/3454 3849/1762/3454
f 3848/1761/3455 3850/1763/3455 3849/1762/3455
f 3851/1760/3456 3852/1761/3456 3853/1762/3456
f 3852/1761/3457 3854/1763/3457 3853/1762/3457
f 3855/1760/3458 3856/1761/3458 3857/1762/3458
f 3856/1761/3459 3858/1763/3459 3857/1762/3459
f 3859/1760/3460 3860/1761/3460 3861/1762/3460
f 3860/1761/3461 3862/1763/3461 3861/1762/3461
f 3863/1760/3462 3864/1761/3462 3865/1762/3462
f 3864/1761/3463 3866/1763/3463 3865/1762/3463
f 3867/1760/3464 3868/1761/3464 3869/1762/3464
f 3868/1761/3465 3870/1763/3465 3869/1762/3465
f 3871/1760/3466 3872/1761/3466 3873/1762/3466
f 3872/1761/3467 3874/1763/3467 3873/1762/3467
f 3875/1760/3468 3876/1761/3468 3877/1762/3468
f 3876/1761/3469 3878/1763/3469 3877/1762/3469
f 3879/1760/3470 3880/1761/3470 3881/1762/3470
f 3880/1761/3471 3882/1763/3471 3881/1762/3471
f 3883/1760/3472 3884/1761/3472 3885/1762/3472
f 3884/1761/3473 3886/1763/3473 3885/1762/3473
f 3887/1760/3474 3888/1761/3474 3889/1762/3474
f 3888/1761/3475 3890/1763/3475 3889/1762/3475
f 3891/1760/3476 3892/1761/3476 3893/1762/3476
f 3892/1761/3477 3894/1763/3477 3893/1762/3477
f 3895/1760/3478 3896/1761/3478 3897/1762/3478
f 3896/1761/3479 3898/1763/3479 3897/1762/3479
f 3899/1760/3480 3900/1761/3480 3901/1762/3480
f 3900/1761/3481 3902/1763/3481 3901/1762/3481
f 3903/1760/3482 3904/1761/3482 3905/1762/3482
f 3904/1761/3483 3906/1763/3483 3905/1762/3483
f 3907/1760/3484 3908/1761/3484 3909/1762/3484
f 3908/1761/3485 3910/1763/3485 3909/1762/3485
f 3911/1760/3486 3912/1761/3486 3913/1762/3486
f 3912/1761/3487 3914/1763/3487 3913/1762/3487
f 3915/1760/3488 3917/1762/3488 3916/1761/3488
f 3916/1761/3489 3917/1762/3489 3918/1763/3489
f 3919/1760/3490 3921/1762/3490 3920/1761/3490
f 3920/1761/3491 3921/1762/3491 3922/1763/3491
f 3923/1760/3492 3925/1762/3492 3924/1761/3492
f 3924/1761/3493 3925/1762/3493 3926/1763/3493
f 3927/1760/3494 3929/1762/3494 3928/1761/3494
f 3928/1761/3495 3929/1762/3495 3930/1763/3495
f 3931/1760/3496 3933/1762/3496 3932/1761/3496
f 3932/1761/3497 3933/1762/3497 3934/1763/3497
f 3935/1760/3498 3937/1762/3498 3936/1761/3498
f 3936/1761/3499 3937/1762/3499 3938/1763/3499
f 3939/1760/3500 3941/1762/3500 3940/1761/3500
f 3940/1761/3501 3941/1762/3501 3942/1763/3501
f 3943/1760/3502 3945/1762/3502 3944/1761/3502
f 3944/1761/3503 3945/1762/3503 3946/1763/3503
f 3947/1760/3504 3949/1762/3504 3948/1761/3504
f 3948/1761/3505 3949/1762/3505 3950/1763/3505
f 3951/1760/3506 3953/1762/3506 3952/1761/3506
f 3952/1761/3507 3953/1762/3507 3954/1763/3507
f 3955/1760/3508 3957/1762/3508 3956/1761/3508
f 3956/1761/3509 3957/1762/3509 3958/1763/3509
f 3959/1760/3510 3961/1762/3510 3960/1761/3510
f 3960/1761/3511 3961/1762/3511 3962/1763/3511
f 3963/1760/3512 3965/1762/3512 3964/1761/3512
f 3964/1761/3513 3965/1762/3513 3966/1763/3513
f 3967/1760/3514 3969/1762/3514 3968/1761/3514
f 3968/1761/3515 3969/1762/3515 3970/1763/3515
f 3971/1760/3516 3973/1762/3516 3972/1761/3516
f 3972/1761/3517 3973/1762/3517 3974/1763/3517
f 3975/1760/3518 3977/1762/3518 3976/1761/3518
f 3976/1761/3519 3977/1762/3519 3978/1763/3519
f 3979/1760/3520 3981/1762/3520 3980/1761/3520
f 3980/1761/3521 3981/1762/3521 3982/1763/3521
f 3983/1760/3522 3985/1762/3522 3984/1761/3522
f 3984/1761/3523 3985/1762/3523 3986/1763/3523
f 3987/1760/3524 3989/1762/3524 3988/1761/3524
f 3988/1761/3525 3989/1762/3525 3990/1763/3525
f 3991/1760/3526 3993/1762/3526 3992/1761/3526
f 3992/1761/3527 3993/1762/3527 3994/1763/3527
f 3995/1760/3528 3997/1762/3528 3996/1761/3528
f 3996/1761/3529 3997/1762/3529 3998/1763/3529
f 3999/1760/3530 4001/1762/3530 4000/1761/3530
f 4000/1761/3531 4001/1762/3531 4002/1763/3531
f 4003/1760/3532 4005/1762/3532 4004/1761/3532
f 4004/1761/3533 4005/1762/3533 4006/1763/3533
f 4007/1760/3534 4009/1762/3534 4008/1761/3534
f 4008/1761/3535 4009/1762/3535 4010/1763/3535
f 4011/1760/3536 4013/1762/3536 4012/1761/3536
f 4012/1761/3537 4013/1762/3537 4014/1763/3537
f 4015/1760/3538 4017/1762/3538 4016/1761/3538
f 4016/1761/3539 4017/1762/3539 4018/1763/3539
f 4019/1760/3540 4021/1762/3540 4020/1761/3540
f 4020/1761/3541 4021/1762/3541 4022/1763/3541
f 4023/1760/3542 4025/1762/3542 4024/1761/3542
f 4024/1761/3543 4025/1762/3543 4026/1763/3543
f 4027/1760/3544 4029/1762/3544 4028/1761/3544
f 4028/1761/3545 4029/1762/3545 4030/1763/3545
f 4031/1760/3546 4033/1762/3546 4032/1761/3546
f 4032/1761/3547 4033/1762/3547 4034/1763/3547
f 4035/1760/3548 4037/1762/3548 4036/1761/3548
f 4036/1761/3549 4037/1762/3549 4038/1763/3549
f 4039/1760/3550 4041/1762/3550 4040/1761/3550
f 4040/1761/3551 4041/1762/3551 4042/1763/3551
f 4043/1760/3552 4045/1762/3552 4044/1761/3552
f 4044/1761/3553 4045/1762/3553 4046/1763/3553
f 4047/1760/3554 4049/1762/3554 4048/1761/3554
f 4048/1761/3555 4049/1762/3555 4050/1763/3555
f 4051/1760/3556 4053/1762/3556 4052/1761/3556
f 4052/1761/3557 4053/1762/3557 4054/1763/3557
f 4055/1760/3558 4057/1762/3558 4056/1761/3558
f 4056/1761/3559 4057/1762/3559 4058/1763/3559
f 4059/1760/3560 4061/1762/3560 4060/1761/3560
f 4060/1761/3561 4061/1762/3561 4062/1763/3561
f 4063/1760/3562 4065/1762/3562 4064/1761/3562
f 4064/1761/3563 4065/1762/3563 4066/1763/3563
f 4067/1760/3564 4069/1762/3564 4068/1761/3564
f 4068/1761/3565 4069/1762/3565 4070/1763/3565
f 4071/1760/3566 4073/1762/3566 4072/1761/3566
f 4072/1761/3567 4073/1762/3567 4074/1763/3567
f 4075/1760/3568 4077/1762/3568 4076/1761/3568
f 4076/1761/3569 4077/1762/3569 4078/1763/3569
f 4079/1760/3570 4081/1762/3570 4080/1761/3570
f 4080/1761/3571 4081/1762/3571 4082/1763/3571
f 4083/1760/3572 4085/1762/3572 4084/1761/3572
f 4084/1761/3573 4085/1762/3573 4086/1763/3573
f 4087/1760/3574 4089/1762/3574 4088/1761/3574
f 4088/1761/3575 4089/1762/3575 4090/1763/3575
f 4091/1760/3576 4093/1762/3576 4092/1761/3576
f 4092/1761/3577 4093/1762/3577 4094/1763/3577
f 4095/1760/3578 4097/1762/3578 4096/1761/3578
f 4096/1761/3579 4097/1762/3579 4098/1763/3579
f 4099/1760/3580 4101/1762/3580 4100/1761/3580
f 4100/1761/3581 4101/1762/3581 4102/1763/3581
f 4103/1760/3582 4105/1762/3582 4104/1761/3582
f 4104/1761/3583 4105/1762/3583 4106/1763/3583
f 4107/1760/3584 4109/1762/3584 4108/1761/3584
f 4108/1761/3585 4109/1762/3585 4110/1763/3585
f 4111/1760/3586 4113/1762/3586 4112/1761/3586
f 4112/1761/3587 4113/1762/3587 4114/1763/3587
f 4115/1760/3588 4117/1762/3588 4116/1761/3588
f 4116/1761/3589 4117/1762/3589 4118/1763/3589
f 4119/1760/3590 4121/1762/3590 4120/1761/3590
f 4120/1761/3591 4121/1762/3591 4122/1763/3591
f 4123/1760/3592 4125/1762/3592 4124/1761/3592
f 4124/1761/3593 4125/1762/3593 4126/1763/3593
f 4127/1760/3594 4129/1762/3594 4128/1761/3594
f 4128/1761/3595 4129/1762/3595 4130/1763/3595
f 4131/1760/3596 4133/1762/3596 4132/1761/3596
f 4132/1761/3597 4133/1762/3597 4134/1763/3597
f 4135/1760/3598 4137/1762/3598 4136/1761/3598
f 4136/1761/3599 4137/1762/3599 4138/1763/3599
f 4139/1760/3600 4141/1762/3600 4140/1761/3600
f 4140/1761/3601 4141/1762/3601 4142/1763/3601
f 4143/1760/3602 4145/1762/3602 4144/1761/3602
f 4144/1761/3603 4145/1762/3603 4146/1763/3603
f 4147/1760/3604 4149/1762/3604 4148/1761/3604
f 4148/1761/3605 4149/1762/3605 4150/1763/3605
f 4151/1760/3606 4153/1762/3606 4152/1761/3606
f 4152/1761/3607 4153/1762/3607 4154/1763/3607
f 4155/1760/3608 4157/1762/3608 4156/1761/3608
f 4156/1761/3609 4157/1762/3609 4158/1763/3609
f 4159/1760/3610 4161/1762/3610 4160/1761/3610
f 4160/1761/3611 4161/1762/3611 4162/1763/3611
f 4163/1760/3612 4165/1762/3612 4164/1761/3612
f 4164/1761/3613 4165/1762/3613 4166/1763/3613
f 4167/1760/3614 4169/1762/3614 4168/1761/3614
f 4168/1761/3615 4169/1762/3615 4170/1763/3615
f 4171/1760/3616 4173/1762/3616 4172/1761/3616
f 4172/1761/3617 4173/1762/3617 4174/1763/3617
f 4175/1760/3618 4177/1762/3618 4176/1761/3618
f 4176/1761/3619 4177/1762/3619 4178/1763/3619
f 4179/1760/3620 4181/1762/3620 4180/1761/3620
f 4180/1761/3621 4181/1762/3621 4182/1763/3621
f 4183/1760/3622 4185/1762/3622 4184/1761/3622
f 4184/1761/3623 4185/1762/3623 4186/1763/3623
f 4187/1760/3624 4189/1762/3624 4188/1761/3624
f 4188/1761/3625 4189/1762/3625 4190/1763/3625
f 4191/1760/3626 4193/1762/3626 4192/1761/3626
f 4192/1761/3627 4193/1762/3627 4194/1763/3627
f 4195/1760/3628 4197/1762/3628 4196/1761/3628
f 4196/1761/3629 4197/1762/3629 4198/1763/3629
f 4199/1760/3630 4201/1762/3630 4200/1761/3630
f 4200/1761/3631 4201/1762/3631 4202/1763/3631
f 4203/1760/3632 4205/1762/3632 4204/1761/3632
f 4204/1761/3633 4205/1762/3633 4206/1763/3633
f 4207/1760/3634 4209/1762/3634 4208/1761/3634
f 4208/1761/3635 4209/1762/3635 4210/1763/3635
f 4211/1760/3636 4213/1762/3636 4212/1761/3636
f 4212/1761/3637 4213/1762/3637 4214/1763/3637
f 4215/1760/3638 4217/1762/3638 4216/1761/3638
f 4216/1761/3639 4217/1762/3639 4218/1763/3639
f 4219/1760/3640 4221/1762/3640 4220/1761/3640
f 4220/1761/3641 4221/1762/3641 4222/1763/3641
f 4223/1760/3642 4225/1762/3642 4224/1761/3642
f 4224/1761/3643 4225/1762/3643 4226/1763/3643
f 4227/1760/3644 4229/1762/3644 4228/1761/3644
f 4228/1761/3645 4229/1762/3645 4230/1763/3645
f 4231/1760/3646 4233/1762/3646 4232/1761/3646
f 4232/1761/3647 4233/1762/3647 4234/1763/3647
f 4235/1760/3648 4237/1762/3648 4236/1761/3648
f 4236/1761/3649 4237/1762/3649 4238/1763/3649
f 4239/1760/3650 4241/1762/3650 4240/1761/3650
f 4240/1761/3651 4241/1762/3651 4242/1763/3651
f 4243/1760/3652 4245/1762/3652 4244/1761/3652
f 4244/1761/3653 4245/1762/3653 4246/1763/3653
f 4247/1760/3654 4249/1762/3654 4248/1761/3654
f 4248/1761/3655 4249/1762/3655 4250/1763/3655
f 4251/1760/3656 4253/1762/3656 4252/1761/3656
f 4252/1761/3657 4253/1762/3657 4254/1763/3657
f 4255/1760/3658 4257/1762/3658 4256/1761/3658
f 4256/1761/3659 4257/1762/3659 4258/1763/3659
f 4259/1760/3660 4261/1762/3660 4260/1761/3660
f 4260/1761/3661 4261/1762/3661 4262/1763/3661
f 4263/1760/3662 4265/1762/3662 4264/1761/3662
f 4264/1761/3663 4265/1762/3663 4266/1763/3663
f 4267/1760/3664 4269/1762/3664 4268/1761/3664
f 4268/1761/3665 4269/1762/3665 4270/1763/3665
f 4271/1760/3666 4273/1762/3666 4272/1761/3666
f 4272/1761/3667 4273/1762/3667 4274/1763/3667
f 4275/1760/3668 4277/1762/3668 4276/1761/3668
f 4276/1761/3669 4277/1762/3669 4278/1763/3669
f 4279/1760/3670 4281/1762/3670 4280/1761/3670
f 4280/1761/3671 4281/1762/3671 4282/1763/3671
f 4283/1760/3672 4285/1762/3672 4284/1761/3672
f 4284/1761/3673 4285/1762/3673 4286/1763/3673
f 4287/1760/3674 4289/1762/3674 4288/1761/3674
f 4288/1761/3675 4289/1762/3675 4290/1763/3675
f 4291/1760/3676 4293/1762/3676 4292/1761/3676
f 4292/1761/3677 4293/1762/3677 4294/1763/3677
f 4295/1760/3678 4297/1762/3678 4296/1761/3678
f 4296/1761/3679 4297/1762/3679 4298/1763/3679
f 4299/1760/3680 4301/1762/3680 4300/1761/3680
f 4300/1761/3681 4301/1762/3681 4302/1763/3681
f 4303/1760/3682 4305/1762/3682 4304/1761/3682
f 4304/1761/3683 4305/1762/3683 4306/1763/3683
f 4307/1760/3684 4309/1762/3684 4308/1761/3684
f 4308/1761/3685 4309/1762/3685 4310/1763/3685
f 4311/1760/3686 4313/1762/3686 4312/1761/3686
f 4312/1761/3687 4313/1762/3687 4314/1763/3687
f 4315/1760/3688 4317/1762/3688 4316/1761/3688
f 4316/1761/3689 4317/1762/3689 4318/1763/3689
f 4319/1760/3690 4321/1762/3690 4320/1761/3690
f 4320/1761/3691 4321/1762/3691 4322/1763/3691
f 4323/1760/3692 4325/1762/3692 4324/1761/3692
f 4324/1761/3693 4325/1762/3693 4326/1763/3693
f 4327/1760/3694 4329/1762/3694 4328/1761/3694
f 4328/1761/3695 4329/1762/3695 4330/1763/3695
f 4331/1760/3696 4333/1762/3696 4332/1761/3696
f 4332/1761/3697 4333/1762/3697 4334/1763/3697
f 4335/1760/3698 4337/1762/3698 4336/1761/3698
f 4336/1761/3699 4337/1762/3699 4338/1763/3699
f 4339/1760/3700 4341/1762/3700 4340/1761/3700
f 4340/1761/3701 4341/1762/3701 4342/1763/3701
f 4343/1760/3702 4345/1762/3702 4344/1761/3702
f 4344/1761/3703 4345/1762/3703 4346/1763/3703
f 4347/1760/3704 4349/1762/3704 4348/1761/3704
f 4348/1761/3705 4349/1762/3705 4350/1763/3705
f 4351/1760/3706 4353/1762/3706 4352/1761/3706
f 4352/1761/3707 4353/1762/3707 4354/1763/3707
f 4355/1760/3708 4357/1762/3708 4356/1761/3708
f 4356/1761/3709 4357/1762/3709 4358/1763/3709
f 4359/1760/3710 4361/1762/3710 4360/1761/3710
f 4360/1761/3711 4361/1762/3711 4362/1763/3711
f 4363/1760/3712 4365/1762/3712 4364/1761/3712
f 4364/1761/3713 4365/1762/3713 4366/1763/3713
f 4367/1760/3714 4369/1762/3714 4368/1761/3714
f 4368/1761/3715 4369/1762/3715 4370/1763/3715
f 4371/1760/3716 4373/1762/3716 4372/1761/3716
f 4372/1761/3717 4373/1762/3717 4374/1763/3717
f 4375/1760/3718 4377/1762/3718 4376/1761/3718
f 4376/1761/3719 4377/1762/3719 4378/1763/3719
f 4379/1760/3720 4381/1762/3720 4380/1761/3720
f 4380/1761/3721 4381/1762/3721 4382/1763/3721
f 4383/1760/3722 4385/1762/3722 4384/1761/3722
f 4384/1761/3723 4385/1762/3723 4386/1763/3723
f 4387/1760/3724 4389/1762/3724 4388/1761/3724
f 4388/1761/3725 4389/1762/3725 4390/1763/3725
f 4391/1760/3726 4393/1762/3726 4392/1761/3726
f 4392/1761/3727 4393/1762/3727 4394/1763/3727
f 4395/1760/3728 4397/1762/3728 4396/1761/3728
f 4396/1761/3729 4397/1762/3729 4398/1763/3729
f 4399/1760/3730 4401/1762/3730 4400/1761/3730
f 4400/1761/3731 4401/1762/3731 4402/1763/3731
f 4403/1760/3732 4405/1762/3732 4404/1761/3732
f 4404/1761/3733 4405/1762/3733 4406/1763/3733
f 4407/1760/3734 4409/1762/3734 4408/1761/3734
f 4408/1761/3735 4409/1762/3735 4410/1763/3735
f 4411/1760/3736 4413/1762/3736 4412/1761/3736
f 4412/1761/3737 4413/1762/3737 4414/1763/3737
f 4415/1760/3738 4417/1762/3738 4416/1761/3738
f 4416/1761/3739 4417/1762/3739 4418/1763/3739
f 4419/1760/3740 4421/1762/3740 4420/1761/3740
f 4420/1761/3741 4421/1762/3741 4422/1763/3741
f 4423/1760/3742 4425/1762/3742 4424/1761/3742
f 4424/1761/3743 4425/1762/3743 4426/1763/3743
f 4427/1760/3744 4429/1762/3744 4428/1761/3744
f 4428/1761/3745 4429/1762/3745 4430/1763/3745
f 4431/1760/3746 4433/1762/3746 4432/1761/3746
f 4432/1761/3747 4433/1762/3747 4434/1763/3747
f 4435/1760/3748 4437/1762/3748 4436/1761/3748
f 4436/1761/3749 4437/1762/3749 4438/1763/3749
f 4439/1760/3750 4441/1762/3750 4440/1761/3750
f 4440/1761/3751 4441/1762/3751 4442/1763/3751
f 4443/1760/3752 4445/1762/3752 4444/1761/3752
f 4444/1761/3753 4445/1762/3753 4446/1763/3753
f 4447/1760/3754 4449/1762/3754 4448/1761/3754
f 4448/1761/3755 4449/1762/3755 4450/1763/3755
f 4451/1760/3756 4453/1762/3756 4452/1761/3756
f 4452/1761/3757 4453/1762/3757 4454/1763/3757
f 4455/1760/3758 4457/1762/3758 4456/1761/3758
f 4456/1761/3759 4457/1762/3759 4458/1763/3759
f 4459/1760/3760 4461/1762/3760 4460/1761/3760
f 4460/1761/3761 4461/1762/3761 4462/1763/3761
f 4463/1760/3762 4465/1762/3762 4464/1761/3762
f 4464/1761/3763 4465/1762/3763 4466/1763/3763
f 4467/1760/3764 4469/1762/3764 4468/1761/3764
f 4468/1761/3765 4469/1762/3765 4470/1763/3765
f 4471/1760/3766 4473/1762/3766 4472/1761/3766
f 4472/1761/3767 4473/1762/3767 4474/1763/3767
f 4475/1760/3768 4477/1762/3768 4476/1761/3768
f 4476/1761/3769 4477/1762/3769 4478/1763/3769
f 4479/1760/3770 4481/1762/3770 4480/1761/3770
f 4480/1761/3771 4481/1762/3771 4482/1763/3771
f 4483/1760/3772 4485/1762/3772 4484/1761/3772
f 4484/1761/3773 4485/1762/3773 4486/1763/3773
f 4487/1760/3774 4489/1762/3774 4488/1761/3774
f 4488/1761/3775 4489/1762/3775 4490/1763/3775
f 4491/1760/3776 4493/1762/3776 4492/1761/3776
f 4492/1761/3777 4493/1762/3777 4494/1763/3777
f 4495/1760/3778 4497/1762/3778 4496/1761/3778
f 4496/1761/3779 4497/1762/3779 4498/1763/3779
f 4499/1760/3780 4501/1762/3780 4500/1761/3780
f 4500/1761/3781 4501/1762/3781 4502/1763/3781
f 4503/1760/3782 4505/1762/3782 4504/1761/3782
f 4504/1761/3783 4505/1762/3783 4506/1763/3783
f 4507/1760/3784 4509/1762/3784 4508/1761/3784
f 4508/1761/3785 4509/1762/3785 4510/1763/3785
f 4511/1760/3786 4513/1762/3786 4512/1761/3786
f 4512/1761/3787 4513/1762/3787 4514/1763/3787
f 4515/1760/3788 4517/1762/3788 4516/1761/3788
f 4516/1761/3789 4517/1762/3789 4518/1763/3789
f 4519/1760/3790 4521/1762/3790 4520/1761/3790
f 4520/1761/3791 4521/1762/3791 4522/1763/3791
f 4523/1760/3792 4525/1762/3792 4524/1761/3792
f 4524/1761/3793 4525/1762/3793 4526/1763/3793
f 4527/1760/3794 4529/1762/3794 4528/1761/3794
f 4528/1761/3795 4529/1762/3795 4530/1763/3795
f 4531/1760/3796 4533/1762/3796 4532/1761/3796
f 4532/1761/3797 4533/1762/3797 4534/1763/3797
f 4535/1760/3798 4537/1762/3798 4536/1761/3798
f 4536/1761/3799 4537/1762/3799 4538/1763/3799
f 4539/1760/3800 4541/1762/3800 4540/1761/3800
f 4540/1761/3801 4541/1762/3801 4542/1763/3801
f 4543/1760/3802 4545/1762/3802 4544/1761/3802
f 4544/1761/3803 4545/1762/3803 4546/1763/3803
f 4547/1760/3804 4549/1762/3804 4548/1761/3804
f 4548/1761/3805 4549/1762/3805 4550/1763/3805
f 4551/1760/3806 4553/1762/3806 4552/1761/3806
f 4552/1761/3807 4553/1762/3807 4554/1763/3807
f 4555/1760/3808 4557/1762/3808 4556/1761/3808
f 4556/1761/3809 4557/1762/3809 4558/1763/3809
f 4559/1760/3810 4561/1762/3810 4560/1761/3810
f 4560/1761/3811 4561/1762/3811 4562/1763/3811
f 4563/1760/3812 4565/1762/3812 4564/1761/3812
f 4564/1761/3813 4565/1762/3813 4566/1763/3813
f 4567/1760/3814 4569/1762/3814 4568/1761/3814
f 4568/1761/3815 4569/1762/3815 4570/1763/3815
f 4571/1760/3816 4573/1762/3816 4572/1761/3816
f 4572/1761/3817 4573/1762/3817 4574/1763/3817
f 4575/1760/3818 4577/1762/3818 4576/1761/3818
f 4576/1761/3819 4577/1762/3819 4578/1763/3819
f 4579/1760/3820 4581/1762/3820 4580/1761/3820
f 4580/1761/3821 4581/1762/3821 4582/1763/3821
f 4583/1760/3822 4585/1762/3822 4584/1761/3822
f 4584/1761/3823 4585/1762/3823 4586/1763/3823
f 4587/1760/3824 4589/1762/3824 4588/1761/3824
f 4588/1761/3825 4589/1762/3825 4590/1763/3825
f 4591/1760/3826 4593/1762/3826 4592/1761/3826
f 4592/1761/3827 4593/1762/3827 4594/1763/3827
f 4595/1760/3828 4597/1762/3828 4596/1761/3828
f 4596/1761/3829 4597/1762/3829 4598/1763/3829
f 4599/1760/3830 4601/1762/3830 4600/1761/3830
f 4600/1761/3831 4601/1762/3831 4602/1763/3831
f 4603/1760/3832 4605/1762/3832 4604/1761/3832
f 4604/1761/3833 4605/1762/3833 4606/1763/3833
f 4607/1760/3834 4609/1762/3834 4608/1761/3834
f 4608/1761/3835 4609/1762/3835 4610/1763/3835
f 4611/1760/3836 4613/1762/3836 4612/1761/3836
f 4612/1761/3837 4613/1762/3837 4614/1763/3837
f 4615/1760/3838 4617/1762/3838 4616/1761/3838
f 4616/1761/3839 4617/1762/3839 4618/1763/3839
f 4619/1760/3840 4621/1762/3840 4620/1761/3840
f 4620/1761/3841 4621/1762/3841 4622/1763/3841
f 4623/1760/3842 4625/1762/3842 4624/1761/3842
f 4624/1761/3843 4625/1762/3843 4626/1763/3843
f 4627/1760/3844 4629/1762/3844 4628/1761/3844
f 4628/1761/3845 4629/1762/3845 4630/1763/3845
f 4631/1760/3846 4633/1762/3846 4632/1761/3846
f 4632/1761/3847 4633/1762/3847 4634/1763/3847
f 4635/1760/3848 4637/1762/3848 4636/1761/3848
f 4636/1761/3849 4637/1762/3849 4638/1763/3849
f 4639/1760/3850 4641/1762/3850 4640/1761/3850
f 4640/1761/3851 4641/1762/3851 4642/1763/3851
f 4643/1760/3852 4645/1762/3852 4644/1761/3852
f 4644/1761/3853 4645/1762/3853 4646/1763/3853
f 4647/1760/3854 4649/1762/3854 4648/1761/3854
f 4648/1761/3855 4649/1762/3855 4650/1763/3855
f 4651/1760/3856 4653/1762/3856 4652/1761/3856
f 4652/1761/3857 4653/1762/3857 4654/1763/3857
f 4655/1760/3858 4657/1762/3858 4656/1761/3858
f 4656/1761/3859 4657/1762/3859 4658/1763/3859
f 4659/1760/3860 4661/1762/3860 4660/1761/3860
f 4660/1761/3861 4661/1762/3861 4662/1763/3861
f 4663/1760/3862 4665/1762/3862 4664/1761/3862
f 4664/1761/3863 4665/1762/3863 4666/1763/3863
f 4667/1760/3864 4669/1762/3864 4668/1761/3864
f 4668/1761/3865 4669/1762/3865 4670/1763/3865
f 4671/1760/3866 4673/1762/3866 4672/1761/3866
f 4672/1761/3867 4673/1762/3867 4674/1763/3867
f 4675/1760/3868 4677/1762/3868 4676/1761/3868
f 4676/1761/3869 4677/1762/3869 4678/1763/3869
f 4679/1760/3870 4681/1762/3870 4680/1761/3870
f 4680/1761/3871 4681/1762/3871 4682/1763/3871
f 4683/1760/3872 4685/1762/3872 4684/1761/3872
f 4684/1761/3873 4685/1762/3873 4686/1763/3873
f 4687/1760/3874 4689/1762/3874 4688/1761/3874
f 4688/1761/3875 4689/1762/3875 4690/1763/3875
f 4691/1760/3876 4693/1762/3876 4692/1761/3876
f 4692/1761/3877 4693/1762/3877 4694/1763/3877
f 4695/1760/3878 4697/1762/3878 4696/1761/3878
f 4696/1761/3879 4697/1762/3879 4698/1763/3879
f 4699/1760/3880 4701/1762/3880 4700/1761/3880
f 4700/1761/3881 4701/1762/3881 4702/1763/3881
f 4703/1760/3882 4705/1762/3882 4704/1761/3882
f 4704/1761/3883 4705/1762/3883 4706/1763/3883
f 4707/1760/3884 4709/1762/3884 4708/1761/3884
f 4708/1761/3885 4709/1762/3885 4710/1763/3885
f 4711/1760/3886 4713/1762/3886 4712/1761/3886
f 4712/1761/3887 4713/1762/3887 4714/1763/3887
f 4715/1760/3888 4717/1762/3888 4716/1761/3888
f 4716/1761/3889 4717/1762/3889 4718/1763/3889
f 4719/1760/3890 4721/1762/3890 4720/1761/3890
f 4720/1761/3891 4721/1762/3891 4722/1763/3891
f 4723/1760/3892 4725/1762/3892 4724/1761/3892
f 4724/1761/3893 4725/1762/3893 4726/1763/3893
f 4727/1760/3894 4729/1762/3894 4728/1761/3894
f 4728/1761/3895 4729/1762/3895 4730/1763/3895
f 4731/1760/3896 4733/1762/3896 4732/1761/3896
f 4732/1761/3897 4733/1762/3897 4734/1763/3897
f 4735/1760/3898 4737/1762/3898 4736/1761/3898
f 4736/1761/3899 4737/1762/3899 4738/1763/3899
f 4739/1760/3900 4741/1762/3900 4740/1761/3900
f 4740/1761/3901 4741/1762/3901 4742/1763/3901
f 4743/1760/3902 4745/1762/3902 4744/1761/3902
f 4744/1761/3903 4745/1762/3903 4746/1763/3903
f 4747/1760/3904 4749/1762/3904 4748/1761/3904
f 4748/1761/3905 4749/1762/3905 4750/1763/3905
f 4751/1760/3906 4753/1762/3906 4752/1761/3906
f 4752/1761/3907 4753/1762/3907 4754/1763/3907
f 4755/1760/3908 4757/1762/3908 4756/1761/3908
f 4756/1761/3909 4757/1762/3909 4758/1763/3909
f 4759/1760/3910 4761/1762/3910 4760/1761/3910
f 4760/1761/3911 4761/1762/3911 4762/1763/3911
f 4763/1760/3912 4765/1762/3912 4764/1761/3912
f 4764/1761/3913 4765/1762/3913 4766/1763/3913
f 4767/1760/3914 4769/1762/3914 4768/1761/3914
f 4768/1761/3915 4769/1762/3915 4770/1763/3915
f 4771/1760/3916 4773/1762/3916 4772/1761/3916
f 4772/1761/3917 4773/1762/3917 4774/1763/3917
f 4775/1760/3918 4777/1762/3918 4776/1761/3918
f 4776/1761/3919 4777/1762/3919 4778/1763/3919
f 4779/1760/3920 4781/1762/3920 4780/1761/3920
f 4780/1761/3921 4781/1762/3921 4782/1763/3921
f 4783/1760/3922 4785/1762/3922 4784/1761/3922
f 4784/1761/3923 4785/1762/3923 4786/1763/3923
f 4787/1760/3924 4789/1762/3924 4788/1761/3924
f 4788/1761/3925 4789/1762/3925 4790/1763/3925
f 4791/1760/3926 4793/1762/3926 4792/1761/3926
f 4792/1761/3927 4793/1762/3927 4794/1763/3927
f 4795/1760/3928 4797/1762/3928 4796/1761/3928
f 4796/1761/3929 4797/1762/3929 4798/1763/3929
f 4799/1760/3930 4801/1762/3930 4800/1761/3930
f 4800/1761/3931 4801/1762/3931 4802/1763/3931
f 4803/1760/3932 4805/1762/3932 4804/1761/3932
f 4804/1761/3933 4805/1762/3933 4806/1763/3933
f 4807/1760/3934 4809/1762/3934 4808/1761/3934
f 4808/1761/3935 4809/1762/3935 4810/1763/3935
f 4811/1760/3936 4813/1762/3936 4812/1761/3936
f 4812/1761/3937 4813/1762/3937 4814/1763/3937
f 4815/1760/3938 4817/1762/3938 4816/1761/3938
f 4816/1761/3939 4817/1762/3939 4818/1763/3939
f 4819/1760/3940 4821/1762/3940 4820/1761/3940
f 4820/1761/3941 4821/1762/3941 4822/1763/3941
f 4823/1760/3942 4825/1762/3942 4824/1761/3942
f 4824/1761/3943 4825/1762/3943 4826/1763/3943
f 4827/1760/3944 4829/1762/3944 4828/1761/3944
f 4828/1761/3945 4829/1762/3945 4830/1763/3945
f 4831/1760/3946 4833/1762/3946 4832/1761/3946
f 4832/1761/3947 4833/1762/3947 4834/1763/3947
f 4835/1760/3948 4837/1762/3948 4836/1761/3948
f 4836/1761/3949 4837/1762/3949 4838/1763/3949
f 4839/1760/3950 4841/1762/3950 4840/1761/3950
f 4840/1761/3951 4841/1762/3951 4842/1763/3951
f 4843/1760/3952 4845/1762/3952 4844/1761/3952
f 4844/1761/3953 4845/1762/3953 4846/1763/3953
f 4847/1760/3954 4849/1762/3954 4848/1761/3954
f 4848/1761/3955 4849/1762/3955 4850/1763/3955
f 4851/1760/3956 4853/1762/3956 4852/1761/3956
f 4852/1761/3957 4853/1762/3957 4854/1763/3957
f 4855/1760/3958 4857/1762/3958 4856/1761/3958
f 4856/1761/3959 4857/1762/3959 4858/1763/3959
f 4859/1760/3960 4861/1762/3960 4860/1761/3960
f 4860/1761/3961 4861/1762/3961 4862/1763/3961
f 4863/1760/3962 4865/1762/3962 4864/1761/3962
f 4864/1761/3963 4865/1762/3963 4866/1763/3963
f 4867/1760/3964 4869/1762/3964 4868/1761/3964
f 4868/1761/3965 4869/1762/3965 4870/1763/3965
f 4871/1760/3966 4873/1762/3966 4872/1761/3966
f 4872/1761/3967 4873/1762/3967 4874/1763/3967
f 4875/1760/3968 4877/1762/3968 4876/1761/3968
f 4876/1761/3969 4877/1762/3969 4878/1763/3969
f 4879/1760/3970 4881/1762/3970 4880/1761/3970
f 4880/1761/3971 4881/1762/3971 4882/1763/3971
f 4883/1760/3972 4885/1762/3972 4884/1761/3972
f 4884/1761/3973 4885/1762/3973 4886/1763/3973
f 4887/1760/3974 4889/1762/3974 4888/1761/3974
f 4888/1761/3975 4889/1762/3975 4890/1763/3975
f 4891/1760/3976 4893/1762/3976 4892/1761/3976
f 4892/1761/3977 4893/1762/3977 4894/1763/3977
f 4895/1760/3978 4897/1762/3978 4896/1761/3978
f 4896/1761/3979 4897/1762/3979 4898/1763/3979
f 4899/1760/3980 4901/1762/3980 4900/1761/3980
f 4900/1761/3981 4901/1762/3981 4902/1763/3981
f 4903/1760/3982 4905/1762/3982 4904/1761/3982
f 4904/1761/3983 4905/1762/3983 4906/1763/3983
f 4907/1760/3984 4909/1762/3984 4908/1761/3984
f 4908/1761/3985 4909/1762/3985 4910/1763/3985
f 4911/1760/3986 4913/1762/3986 4912/1761/3986
f 4912/1761/3987 4913/1762/3987 4914/1763/3987
f 4915/1760/3988 4917/1762/3988 4916/1761/3988
f 4916/1761/3989 4917/1762/3989 4918/1763/3989
f 4919/1760/3990 4921/1762/3990 4920/1761/3990
f 4920/1761/3991 4921/1762/3991 4922/1763/3991
f 4923/1760/3992 4925/1762/3992 4924/1761/3992
f 4924/1761/3993 4925/1762/3993 4926/1763/3993
f 4927/1760/3994 4929/1762/3994 4928/1761/3994
f 4928/1761/3995 4929/1762/3995 4930/1763/3995
f 4931/1760/3996 4933/1762/3996 4932/1761/3996
f 4932/1761/3997 4933/1762/3997 4934/1763/3997
f 4935/1760/3998 4937/1762/3998 4936/1761/3998
f 4936/1761/3999 4937/1762/3999 4938/1763/3999
f 4939/1760/4000 4941/1762/4000 4940/1761/4000
f 4940/1761/4001 4941/1762/4001 4942/1763/4001
f 4943/1760/4002 4945/1762/4002 4944/1761/4002
f 4944/1761/4003 4945/1762/4003 4946/1763/4003
f 4947/1760/4004 4949/1762/4004 4948/1761/4004
f 4948/1761/4005 4949/1762/4005 4950/1763/4005
f 4951/1760/4006 4953/1762/4006 4952/1761/4006
f 4952/1761/4007 4953/1762/4007 4954/1763/4007
f 4955/1760/4008 4957/1762/4008 4956/1761/4008
f 4956/1761/4009 4957/1762/4009 4958/1763/4009
f 4959/1760/4010 4961/1762/4010 4960/1761/4010
f 4960/1761/4011 4961/1762/4011 4962/1763/4011
f 4963/1760/4012 4965/1762/4012 4964/1761/4012
f 4964/1761/4013 4965/1762/4013 4966/1763/4013
f 4967/1760/4014 4969/1762/4014 4968/1761/4014
f 4968/1761/4015 4969/1762/4015 4970/1763/4015
f 4971/1760/4016 4973/1762/4016 4972/1761/4016
f 4972/1761/4017 4973/1762/4017 4974/1763/4017
f 4975/1760/4018 4977/1762/4018 4976/1761/4018
f 4976/1761/4019 4977/1762/4019 4978/1763/4019
f 4979/1760/4020 4981/1762/4020 4980/1761/4020
f 4980/1761/4021 4981/1762/4021 4982/1763/4021
f 4983/1760/4022 4985/1762/4022 4984/1761/4022
f 4984/1761/4023 4985/1762/4023 4986/1763/4023
f 4987/1760/4024 4989/1762/4024 4988/1761/4024
f 4988/1761/4025 4989/1762/4025 4990/1763/4025
f 4991/1760/4026 4993/1762/4026 4992/1761/4026
f 4992/1761/4027 4993/1762/4027 4994/1763/4027
f 4995/1760/4028 4997/1762/4028 4996/1761/4028
f 4996/1761/4029 4997/1762/4029 4998/1763/4029
f 4999/1760/4030 5001/1762/4030 5000/1761/4030
f 5000/1761/4031 5001/1762/4031 5002/1763/4031
f 5003/1760/4032 5005/1762/4032 5004/1761/4032
f 5004/1761/4033 5005/1762/4033 5006/1763/4033
f 5007/1760/4034 5009/1762/4034 5008/1761/4034
f 5008/1761/4035 5009/1762/4035 5010/1763/4035
f 5011/1760/4036 5013/1762/4036 5012/1761/4036
f 5012/1761/4037 5013/1762/4037 5014/1763/4037
f 5015/1760/4038 5017/1762/4038 5016/1761/4038
f 5016/1761/4039 5017/1762/4039 5018/1763/4039
f 5019/1760/4040 5021/1762/4040 5020/1761/4040
f 5020/1761/4041 5021/1762/4041 5022/1763/4041
f 5023/1760/4042 5025/1762/4042 5024/1761/4042
f 5024/1761/4043 5025/1762/4043 5026/1763/4043
f 5027/1760/4044 5029/1762/4044 5028/1761/4044
f 5028/1761/4045 5029/1762/4045 5030/1763/4045
f 5031/1760/4046 5033/1762/4046 5032/1761/4046
f 5032/1761/4047 5033/1762/4047 5034/1763/4047
f 5035/1760/4048 5037/1762/4048 5036/1761/4048
f 5036/1761/4049 5037/1762/4049 5038/1763/4049
f 5039/1760/4050 5041/1762/4050 5040/1761/4050
f 5040/1761/4051 5041/1762/4051 5042/1763/4051
f 5043/1760/4052 5045/1762/4052 5044/1761/4052
f 5044/1761/4053 5045/1762/4053 5046/1763/4053
f 5047/1760/4054 5049/1762/4054 5048/1761/4054
f 5048/1761/4055 5049/1762/4055 5050/1763/4055
f 5051/1760/4056 5053/1762/4056 5052/1761/4056
f 5052/1761/4057 5053/1762/4057 5054/1763/4057
f 5055/1760/4058 5057/1762/4058 5056/1761/4058
f 5056/1761/4059 5057/1762/4059 5058/1763/4059
f 5059/1760/4060 5061/1762/4060 5060/1761/4060
f 5060/1761/4061 5061/1762/4061 5062/1763/4061
f 5063/1760/4062 5065/1762/4062 5064/1761/4062
f 5064/1761/4063 5065/1762/4063 5066/1763/4063
f 5067/1760/4064 5069/1762/4064 5068/1761/4064
f 5068/1761/4065 5069/1762/4065 5070/1763/4065
f 5071/1760/4066 5073/1762/4066 5072/1761/4066
f 5072/1761/4067 5073/1762/4067 5074/1763/4067
f 5075/1760/4068 5077/1762/4068 5076/1761/4068
f 5076/1761/4069 5077/1762/4069 5078/1763/4069
f 5079/1760/4070 5081/1762/4070 5080/1761/4070
f 5080/1761/4071 5081/1762/4071 5082/1763/4071
f 5083/1760/4072 5085/1762/4072 5084/1761/4072
f 5084/1761/4073 5085/1762/4073 5086/1763/4073
f 5087/1760/4074 5089/1762/4074 5088/1761/4074
f 5088/1761/4075 5089/1762/4075 5090/1763/4075
f 5091/1760/4076 5093/1762/4076 5092/1761/4076
f 5092/1761/4077 5093/1762/4077 5094/1763/4077
f 5095/1760/4078 5097/1762/4078 5096/1761/4078
f 5096/1761/4079 5097/1762/4079 5098/1763/4079
f 5099/1760/4080 5101/1762/4080 5100/1761/4080
f 5100/1761/4081 5101/1762/4081 5102/1763/4081
f 5103/1760/4082 5105/1762/4082 5104/1761/4082
f 5104/1761/4083 5105/1762/4083 5106/1763/4083
f 5107/1760/4084 5109/1762/4084 5108/1761/4084
f 5108/1761/4085 5109/1762/4085 5110/1763/4085
f 5111/1760/4086 5113/1762/4086 5112/1761/4086
f 5112/1761/4087 5113/1762/4087 5114/1763/4087
f 5115/1760/4088 5117/1762/4088 5116/1761/4088
f 5116/1761/4089 5117/1762/4089 5118/1763/4089
f 5119/1760/4090 5121/1762/4090 5120/1761/4090
f 5120/1761/4091 5121/1762/4091 5122/1763/4091
f 5123/1760/4092 5125/1762/4092 5124/1761/4092
f 5124/1761/4093 5125/1762/4093 5126/1763/4093
f 5127/1760/4094 5129/1762/4094 5128/1761/4094
f 5128/1761/4095 5129/1762/4095 5130/1763/4095
f 5131/1760/4096 5133/1762/4096 5132/1761/4096
f 5132/1761/4097 5133/1762/4097 5134/1763/4097
f 5135/1760/4098 5137/1762/4098 5136/1761/4098
f 5136/1761/4099 5137/1762/4099 5138/1763/4099
f 5139/1760/4100 5141/1762/4100 5140/1761/4100
f 5140/1761/4101 5141/1762/4101 5142/1763/4101
f 5143/1760/4102 5145/1762/4102 5144/1761/4102
f 5144/1761/4103 5145/1762/4103 5146/1763/4103
f 5147/1760/4104 5149/1762/4104 5148/1761/4104
f 5148/1761/4105 5149/1762/4105 5150/1763/4105
f 5151/1760/4106 5153/1762/4106 5152/1761/4106
f 5152/1761/4107 5153/1762/4107 5154/1763/4107
f 5155/1760/4108 5157/1762/4108 5156/1761/4108
f 5156/1761/4109 5157/1762/4109 5158/1763/4109
f 5159/1760/4110 5161/1762/4110 5160/1761/4110
f 5160/1761/4111 5161/1762/4111 5162/1763/4111
f 5163/1760/4112 5165/1762/4112 5164/1761/4112
f 5164/1761/4113 5165/1762/4113 5166/1763/4113
f 5167/1760/4114 5169/1762/4114 5168/1761/4114
f 5168/1761/4115 5169/1762/4115 5170/1763/4115
f 5171/1760/4116 5173/1762/4116 5172/1761/4116
f 5172/1761/4117 5173/1762/4117 5174/1763/4117
f 5175/1760/4118 5177/1762/4118 5176/1761/4118
f 5176/1761/4119 5177/1762/4119 5178/1763/4119
f 5179/1760/4120 5181/1762/4120 5180/1761/4120
f 5180/1761/4121 5181/1762/4121 5182/1763/4121
f 5183/1760/4122 5185/1762/4122 5184/1761/4122
f 5184/1761/4123 5185/1762/4123 5186/1763/4123
f 5187/1760/4124 5189/1762/4124 5188/1761/4124
f 5188/1761/4125 5189/1762/4125 5190/1763/4125
f 5191/1760/4126 5193/1762/4126 5192/1761/4126
f 5192/1761/4127 5193/1762/4127 5194/1763/4127
f 5195/1760/4128 5197/1762/4128 5196/1761/4128
f 5196/1761/4129 5197/1762/4129 5198/1763/4129
f 5199/1760/4130 5201/1762/4130 5200/1761/4130
f 5200/1761/4131 5201/1762/4131 5202/1763/4131
f 5203/1760/4132 5205/1762/4132 5204/1761/4132
f 5204/1761/4133 5205/1762/4133 5206/1763/4133
f 5207/1760/4134 5209/1762/4134 5208/1761/4134
f 5208/1761/4135 5209/1762/4135 5210/1763/4135
f 5211/1760/4136 5213/1762/4136 5212/1761/4136
f 5212/1761/4137 5213/1762/4137 5214/1763/4137
f 5215/1760/4138 5217/1762/4138 5216/1761/4138
f 5216/1761/4139 5217/1762/4139 5218/1763/4139
f 5219/1760/4140 5221/1762/4140 5220/1761/4140
f 5220/1761/4141 5221/1762/4141 5222/1763/4141
f 5223/1760/4142 5225/1762/4142 5224/1761/4142
f 5224/1761/4143 5225/1762/4143 5226/1763/4143
f 5227/1760/4144 5229/1762/4144 5228/1761/4144
f 5228/1761/4145 5229/1762/4145 5230/1763/4145
f 5231/1760/4146 5233/1762/4146 5232/1761/4146
f 5232/1761/4147 5233/1762/4147 5234/1763/4147
f 5235/1760/4148 5237/1762/4148 5236/1761/4148
f 5236/1761/4149 5237/1762/4149 5238/1763/4149
f 5239/1760/4150 5241/1762/4150 5240/1761/4150
f 5240/1761/4151 5241/1762/4151 5242/1763/4151
f 5243/1760/4152 5245/1762/4152 5244/1761/4152
f 5244/1761/4153 5245/1762/4153 5246/1763/4153
f 5247/1760/4154 5249/1762/4154 5248/1761/4154
f 5248/1761/4155 5249/1762/4155 5250/1763/4155
f 5251/1760/4156 5253/1762/4156 5252/1761/4156
f 5252/1761/4157 5253/1762/4157 5254/1763/4157
f 5255/1760/4158 5257/1762/4158 5256/1761/4158
f 5256/1761/4159 5257/1762/4159 5258/1763/4159
f 5259/1760/4160 5261/1762/4160 5260/1761/4160
f 5260/1761/4161 5261/1762/4161 5262/1763/4161
f 5263/1760/4162 5265/1762/4162 5264/1761/4162
f 5264/1761/4163 5265/1762/4163 5266/1763/4163
f 5267/1760/4164 5269/1762/4164 5268/1761/4164
f 5268/1761/4165 5269/1762/4165 5270/1763/4165
f 5271/1760/4166 5273/1762/4166 5272/1761/4166
f 5272/1761/4167 5273/1762/4167 5274/1763/4167
f 5275/1760/4168 5277/1762/4168 5276/1761/4168
f 5276/1761/4169 5277/1762/4169 5278/1763/4169
f 5279/1760/4170 5281/1762/4170 5280/1761/4170
f 5280/1761/4171 5281/1762/4171 5282/1763/4171
f 5283/1760/4172 5285/1762/4172 5284/1761/4172
f 5284/1761/4173 5285/1762/4173 5286/1763/4173
f 5287/1760/4174 5289/1762/4174 5288/1761/4174
f 5288/1761/4175 5289/1762/4175 5290/1763/4175
f 5291/1760/4176 5293/1762/4176 5292/1761/4176
f 5292/1761/4177 5293/1762/4177 5294/1763/4177
f 5295/1760/4178 5297/1762/4178 5296/1761/4178
f 5296/1761/4179 5297/1762/4179 5298/1763/4179
f 5299/1760/4180 5301/1762/4180 5300/1761/4180
f 5300/1761/4181 5301/1762/4181 5302/1763/4181
f 5303/1760/4182 5305/1762/4182 5304/1761/4182
f 5304/1761/4183 5305/1762/4183 5306/1763/4183
f 5307/1760/4184 5309/1762/4184 5308/1761/4184
f 5308/1761/4185 5309/1762/4185 5310/1763/4185
f 5311/1760/4186 5313/1762/4186 5312/1761/4186
f 5312/1761/4187 5313/1762/4187 5314/1763/4187
f 5315/1760/4188 5317/1762/4188 5316/1761/4188
f 5316/1761/4189 5317/1762/4189 5318/1763/4189
f 5319/1760/4190 5321/1762/4190 5320/1761/4190
f 5320/1761/4191 5321/1762/4191 5322/1763/4191
f 5323/1760/4192 5325/1762/4192 5324/1761/4192
f 5324/1761/4193 5325/1762/4193 5326/1763/4193
f 5327/1760/4194 5329/1762/4194 5328/1761/4194
f 5328/1761/4195 5329/1762/4195 5330/1763/4195
f 5331/1760/4196 5333/1762/4196 5332/1761/4196
f 5332/1761/4197 5333/1762/4197 5334/1763/4197
f 5335/1760/4198 5337/1762/4198 5336/1761/4198
f 5336/1761/4199 5337/1762/4199 5338/1763/4199
f 5339/1760/4200 5341/1762/4200 5340/1761/4200
f 5340/1761/4201 5341/1762/4201 5342/1763/4201
f 5343/1760/4202 5345/1762/4202 5344/1761/4202
f 5344/1761/4203 5345/1762/4203 5346/1763/4203
f 5347/1760/4204 5349/1762/4204 5348/1761/4204
f 5348/1761/4205 5349/1762/4205 5350/1763/4205
f 5351/1760/4206 5353/1762/4206 5352/1761/4206
f 5352/1761/4207 5353/1762/4207 5354/1763/4207
f 5355/1760/4208 5357/1762/4208 5356/1761/4208
f 5356/1761/4209 5357/1762/4209 5358/1763/4209
f 5359/1760/4210 5361/1762/4210 5360/1761/4210
f 5360/1761/4211 5361/1762/4211 5362/1763/4211
f 5363/1760/4212 5365/1762/4212 5364/1761/4212
f 5364/1761/4213 5365/1762/4213 5366/1763/4213
f 5367/1760/4214 5369/1762/4214 5368/1761/4214
f 5368/1761/4215 5369/1762/4215 5370/1763/4215
f 5371/1760/4216 5373/1762/4216 5372/1761/4216
f 5372/1761/4217 5373/1762/4217 5374/1763/4217
f 5375/1760/4218 5377/1762/4218 5376/1761/4218
f 5376/1761/4219 5377/1762/4219 5378/1763/4219
f 5379/1760/4220 5381/1762/4220 5380/1761/4220
f 5380/1761/4221 5381/1762/4221 5382/1763/4221
f 5383/1760/4222 5385/1762/4222 5384/1761/4222
f 5384/1761/4223 5385/1762/4223 5386/1763/4223
f 5387/1760/4224 5389/1762/4224 5388/1761/4224
f 5388/1761/4225 5389/1762/4225 5390/1763/4225
f 5391/1760/4226 5393/1762/4226 5392/1761/4226
f 5392/1761/4227 5393/1762/4227 5394/1763/4227
f 5395/1760/4228 5397/1762/4228 5396/1761/4228
f 5396/1761/4229 5397/1762/4229 5398/1763/4229
f 5399/1760/4230 5401/1762/4230 5400/1761/4230
f 5400/1761/4231 5401/1762/4231 5402/1763/4231
f 5403/1760/4232 5405/1762/4232 5404/1761/4232
f 5404/1761/4233 5405/1762/4233 5406/1763/4233
f 5407/1760/4234 5409/1762/4234 5408/1761/4234
f 5408/1761/4235 5409/1762/4235 5410/1763/4235
f 5411/1760/4236 5413/1762/4236 5412/1761/4236
f 5412/1761/4237 5413/1762/4237 5414/1763/4237
f 5415/1760/4238 5417/1762/4238 5416/1761/4238
f 5416/1761/4239 5417/1762/4239 5418/1763/4239
f 5419/1760/4240 5421/1762/4240 5420/1761/4240
f 5420/1761/4241 5421/1762/4241 5422/1763/4241
f 5423/1760/4242 5425/1762/4242 5424/1761/4242
f 5424/1761/4243 5425/1762/4243 5426/1763/4243
f 5427/1760/4244 5429/1762/4244 5428/1761/4244
f 5428/1761/4245 5429/1762/4245 5430/1763/4245
f 5431/1760/4246 5433/1762/4246 5432/1761/4246
f 5432/1761/4247 5433/1762/4247 5434/1763/4247
f 5435/1760/4248 5437/1762/4248 5436/1761/4248
f 5436/1761/4249 5437/1762/4249 5438/1763/4249
f 5439/1760/4250 5441/1762/4250 5440/1761/4250
f 5440/1761/4251 5441/1762/4251 5442/1763/4251
f 5443/1760/4252 5445/1762/4252 5444/1761/4252
f 5444/1761/4253 5445/1762/4253 5446/1763/4253
f 5447/1760/4254 5449/1762/4254 5448/1761/4254
f 5448/1761/4255 5449/1762/4255 5450/1763/4255
f 5451/1760/4256 5453/1762/4256 5452/1761/4256
f 5452/1761/4257 5453/1762/4257 5454/1763/4257
f 5455/1760/4258 5457/1762/4258 5456/1761/4258
f 5456/1761/4259 5457/1762/4259 5458/1763/4259
f 5459/1760/4260 5461/1762/4260 5460/1761/4260
f 5460/1761/4261 5461/1762/4261 5462/1763/4261
f 5463/1760/4262 5465/1762/4262 5464/1761/4262
f 5464/1761/4263 5465/1762/4263 5466/1763/4263
f 5467/1760/4264 5469/1762/4264 5468/1761/4264
f 5468/1761/4265 5469/1762/4265 5470/1763/4265
f 5471/1760/4266 5473/1762/4266 5472/1761/4266
f 5472/1761/4267 5473/1762/4267 5474/1763/4267
f 5475/1760/4268 5477/1762/4268 5476/1761/4268
f 5476/1761/4269 5477/1762/4269 5478/1763/4269
f 5479/1760/4270 5481/1762/4270 5480/1761/4270
f 5480/1761/4271 5481/1762/4271 5482/1763/4271
f 5483/1760/4272 5485/1762/4272 5484/1761/4272
f 5484/1761/4273 5485/1762/4273 5486/1763/4273
f 5487/1760/4274 5489/1762/4274 5488/1761/4274
f 5488/1761/4275 5489/1762/4275 5490/1763/4275
f 5491/1760/4276 5493/1762/4276 5492/1761/4276
f 5492/1761/4277 5493/1762/4277 5494/1763/4277
f 5495/1760/4278 5497/1762/4278 5496/1761/4278
f 5496/1761/4279 5497/1762/4279 5498/1763/4279
f 5499/1760/4280 5501/1762/4280 5500/1761/4280
f 5500/1761/4281 5501/1762/4281 5502/1763/4281
f 5503/1760/4282 5505/1762/4282 5504/1761/4282
f 5504/1761/4283 5505/1762/4283 5506/1763/4283
f 5507/1760/4284 5509/1762/4284 5508/1761/4284
f 5508/1761/4285 5509/1762/4285 5510/1763/4285
f 5511/1760/4286 5513/1762/4286 5512/1761/4286
f 5512/1761/4287 5513/1762/4287 5514/1763/4287
f 5515/1760/4288 5517/1762/4288 5516/1761/4288
f 5516/1761/4289 5517/1762/4289 5518/1763/4289
f 5519/1760/4290 5521/1762/4290 5520/1761/4290
f 5520/1761/4291 5521/1762/4291 5522/1763/4291
f 5523/1760/4292 5525/1762/4292 5524/1761/4292
f 5524/1761/4293 5525/1762/4293 5526/1763/4293
f 5527/1760/4294 5529/1762/4294 5528/1761/4294
f 5528/1761/4295 5529/1762/4295 5530/1763/4295
f 5531/1760/4296 5533/1762/4296 5532/1761/4296
f 5532/1761/4297 5533/1762/4297 5534/1763/4297
f 5535/1760/4298 5537/1762/4298 5536/1761/4298
f 5536/1761/4299 5537/1762/4299 5538/1763/4299
f 5539/1760/4300 5541/1762/4300 5540/1761/4300
f 5540/1761/4301 5541/1762/4301 5542/1763/4301
f 5543/1760/4302 5545/1762/4302 5544/1761/4302
f 5544/1761/4303 5545/1762/4303 5546/1763/4303
f 5547/1760/4304 5549/1762/4304 5548/1761/4304
f 5548/1761/4305 5549/1762/4305 5550/1763/4305
f 5551/1760/4306 5553/1762/4306 5552/1761/4306
f 5552/1761/4307 5553/1762/4307 5554/1763/4307
f 5555/1760/4308 5557/1762/4308 5556/1761/4308
f 5556/1761/4309 5557/1762/4309 5558/1763/4309
f 5559/1760/4310 5561/1762/4310 5560/1761/4310
f 5560/1761/4311 5561/1762/4311 5562/1763/4311
f 5563/1760/4312 5565/1762/4312 5564/1761/4312
f 5564/1761/4313 5565/1762/4313 5566/1763/4313
f 5567/1760/4314 5569/1762/4314 5568/1761/4314
f 5568/1761/4315 5569/1762/4315 5570/1763/4315
f 5571/1760/4316 5573/1762/4316 5572/1761/4316
f 5572/1761/4317 5573/1762/4317 5574/1763/4317
f 5575/1760/4318 5577/1762/4318 5576/1761/4318
f 5576/1761/4319 5577/1762/4319 5578/1763/4319
f 5579/1760/4320 5581/1762/4320 5580/1761/4320
f 5580/1761/4321 5581/1762/4321 5582/1763/4321
f 5583/1760/4322 5585/1762/4322 5584/1761/4322
f 5584/1761/4323 5585/1762/4323 5586/1763/4323
f 5587/1760/4324 5589/1762/4324 5588/1761/4324
f 5588/1761/4325 5589/1762/4325 5590/1763/4325
f 5591/1760/4326 5593/1762/4326 5592/1761/4326
f 5592/1761/4327 5593/1762/4327 5594/1763/4327
f 5595/1760/4328 5597/1762/4328 5596/1761/4328
f 5596/1761/4329 5597/1762/4329 5598/1763/4329
f 5599/1760/4330 5601/1762/4330 5600/1761/4330
f 5600/1761/4331 5601/1762/4331 5602/1763/4331
f 5603/1760/4332 5605/1762/4332 5604/1761/4332
f 5604/1761/4333 5605/1762/4333 5606/1763/4333
f 5607/1760/4334 5609/1762/4334 5608/1761/4334
f 5608/1761/4335 5609/1762/4335 5610/1763/4335
f 5611/1760/4336 5613/1762/4336 5612/1761/4336
f 5612/1761/4337 5613/1762/4337 5614/1763/4337
f 5615/1760/4338 5617/1762/4338 5616/1761/4338
f 5616/1761/4339 5617/1762/4339 5618/1763/4339
f 5619/1760/4340 5621/1762/4340 5620/1761/4340
f 5620/1761/4341 5621/1762/4341 5622/1763/4341
f 5623/1760/4342 5625/1762/4342 5624/1761/4342
f 5624/1761/4343 5625/1762/4343 5626/1763/4343
f 5627/1760/4344 5629/1762/4344 5628/1761/4344
f 5628/1761/4345 5629/1762/4345 5630/1763/4345
f 5631/1760/4346 5633/1762/4346 5632/1761/4346
f 5632/1761/4347 5633/1762/4347 5634/1763/4347
f 5635/1760/4348 5637/1762/4348 5636/1761/4348
f 5636/1761/4349 5637/1762/4349 5638/1763/4349
f 5639/1760/4350 5641/1762/4350 5640/1761/4350
f 5640/1761/4351 5641/1762/4351 5642/1763/4351
f 5643/1760/4352 5645/1762/4352 5644/1761/4352
f 5644/1761/4353 5645/1762/4353 5646/1763/4353
f 5647/1760/4354 5649/1762/4354 5648/1761/4354
f 5648/1761/4355 5649/1762/4355 5650/1763/4355
f 5651/1760/4356 5653/1762/4356 5652/1761/4356
f 5652/1761/4357 5653/1762/4357 5654/1763/4357
f 5655/1760/4358 5657/1762/4358 5656/1761/4358
f 5656/1761/4359 5657/1762/4359 5658/1763/4359
f 5659/1760/4360 5661/1762/4360 5660/1761/4360
f 5660/1761/4361 5661/1762/4361 5662/1763/4361
f 5663/1760/4362 5665/1762/4362 5664/1761/4362
f 5664/1761/4363 5665/1762/4363 5666/1763/4363
f 5667/1760/4364 5669/1762/4364 5668/1761/4364
f 5668/1761/4365 5669/1762/4365 5670/1763/4365
f 5671/1760/4366 5673/1762/4366 5672/1761/4366
f 5672/1761/4367 5673/1762/4367 5674/1763/4367
f 5675/1760/4368 5677/1762/4368 5676/1761/4368
f 5676/1761/4369 5677/1762/4369 5678/1763/4369
f 5679/1760/4370 5681/1762/4370 5680/1761/4370
f 5680/1761/4371 5681/1762/4371 5682/1763/4371
f 5683/1760/4372 5685/1762/4372 5684/1761/4372
f 5684/1761/4373 5685/1762/4373 5686/1763/4373
f 5687/1760/4374 5689/1762/4374 5688/1761/4374
f 5688/1761/4375 5689/1762/4375 5690/1763/4375
f 5691/1760/4376 5693/1762/4376 5692/1761/4376
f 5692/1761/4377 5693/1762/4377 5694/1763/4377
f 5695/1760/4378 5697/1762/4378 5696/1761/4378
f 5696/1761/4379 5697/1762/4379 5698/1763/4379
f 5699/1760/4380 5701/1762/4380 5700/1761/4380
f 5700/1761/4381 5701/1762/4381 5702/1763/4381
f 5703/1760/4382 5705/1762/4382 5704/1761/4382
f 5704/1761/4383 5705/1762/4383 5706/1763/4383
f 5707/1760/4384 5709/1762/4384 5708/1761/4384
f 5708/1761/4385 5709/1762/4385 5710/1763/4385
f 5711/1760/4386 5713/1762/4386 5712/1761/4386
f 5712/1761/4387 5713/1762/4387 5714/1763/4387
f 5715/1760/4388 5717/1762/4388 5716/1761/4388
f 5716/1761/4389 5717/1762/4389 5718/1763/4389
f 5719/1760/4390 5721/1762/4390 5720/1761/4390
f 5720/1761/4391 5721/1762/4391 5722/1763/4391
f 5723/1760/4392 5725/1762/4392 5724/1761/4392
f 5724/1761/4393 5725/1762/4393 5726/1763/4393
f 5727/1760/4394 5729/1762/4394 5728/1761/4394
f 5728/1761/4395 5729/1762/4395 5730/1763/4395
f 5731/1760/4396 5733/1762/4396 5732/1761/4396
f 5732/1761/4397 5733/1762/4397 5734/1763/4397
f 5735/1760/4398 5737/1762/4398 5736/1761/4398
f 5736/1761/4399 5737/1762/4399 5738/1763/4399
f 5739/1760/4400 5741/1762/4400 5740/1761/4400
f 5740/1761/4401 5741/1762/4401 5742/1763/4401
f 5743/1760/4402 5745/1762/4402 5744/1761/4402
f 5744/1761/4403 5745/1762/4403 5746/1763/4403
f 5747/1760/4404 5749/1762/4404 5748/1761/4404
f 5748/1761/4405 5749/1762/4405 5750/1763/4405
f 5751/1760/4406 5753/1762/4406 5752/1761/4406
f 5752/1761/4407 5753/1762/4407 5754/1763/4407
f 5755/1760/4408 5757/1762/4408 5756/1761/4408
f 5756/1761/4409 5757/1762/4409 5758/1763/4409
f 5759/1760/4410 5761/1762/4410 5760/1761/4410
f 5760/1761/4411 5761/1762/4411 5762/1763/4411
f 5763/1760/4412 5765/1762/4412 5764/1761/4412
f 5764/1761/4413 5765/1762/4413 5766/1763/4413
f 5767/1760/4414 5769/1762/4414 5768/1761/4414
f 5768/1761/4415 5769/1762/4415 5770/1763/4415
f 5771/1760/4416 5773/1762/4416 5772/1761/4416
f 5772/1761/4417 5773/1762/4417 5774/1763/4417
f 5775/1760/4418 5777/1762/4418 5776/1761/4418
f 5776/1761/4419 5777/1762/4419 5778/1763/4419
f 5779/1760/4420 5781/1762/4420 5780/1761/4420
f 5780/1761/4421 5781/1762/4421 5782/1763/4421
f 5783/1760/4422 5785/1762/4422 5784/1761/4422
f 5784/1761/4423 5785/1762/4423 5786/1763/4423
f 5787/1760/4424 5789/1762/4424 5788/1761/4424
f 5788/1761/4425 5789/1762/4425 5790/1763/4425
f 5791/1760/4426 5793/1762/4426 5792/1761/4426
f 5792/1761/4427 5793/1762/4427 5794/1763/4427
f 5795/1760/4428 5797/1762/4428 5796/1761/4428
f 5796/1761/4429 5797/1762/4429 5798/1763/4429
f 5799/1760/4430 5801/1762/4430 5800/1761/4430
f 5800/1761/4431 5801/1762/4431 5802/1763/4431
f 5803/1760/4432 5805/1762/4432 5804/1761/4432
f 5804/1761/4433 5805/1762/4433 5806/1763/4433
f 5807/1760/4434 5809/1762/4434 5808/1761/4434
f 5808/1761/4435 5809/1762/4435 5810/1763/4435
f 5811/1760/4436 5813/1762/4436 5812/1761/4436
f 5812/1761/4437 5813/1762/4437 5814/1763/4437
f 5815/1760/4438 5817/1762/4438 5816/1761/4438
f 5816/1761/4439 5817/1762/4439 5818/1763/4439
f 5819/1760/4440 5821/1762/4440 5820/1761/4440
f 5820/1761/4441 5821/1762/4441 5822/1763/4441
f 5823/1760/4442 5825/1762/4442 5824/1761/4442
f 5824/1761/4443 5825/1762/4443 5826/1763/4443
f 5827/1760/4444 5829/1762/4444 5828/1761/4444
f 5828/1761/4445 5829/1762/4445 5830/1763/4445
f 5831/1760/4446 5833/1762/4446 5832/1761/4446
f 5832/1761/4447 5833/1762/4447 5834/1763/4447
f 5835/1760/4448 5837/1762/4448 5836/1761/4448
f 5836/1761/4449 5837/1762/4449 5838/1763/4449
f 5839/1760/4450 5841/1762/4450 5840/1761/4450
f 5840/1761/4451 5841/1762/4451 5842/1763/4451
f 5843/1760/4452 5845/1762/4452 5844/1761/4452
f 5844/1761/4453 5845/1762/4453 5846/1763/4453
f 5847/1760/4454 5849/1762/4454 5848/1761/4454
f 5848/1761/4455 5849/1762/4455 5850/1763/4455
f 5851/1760/4456 5853/1762/4456 5852/1761/4456
f 5852/1761/4457 5853/1762/4457 5854/1763/4457
f 5855/1760/4458 5857/1762/4458 5856/1761/4458
f 5856/1761/4459 5857/1762/4459 5858/1763/4459
f 5859/1760/4460 5861/1762/4460 5860/1761/4460
f 5860/1761/4461 5861/1762/4461 5862/1763/4461
f 5863/1760/4462 5865/1762/4462 5864/1761/4462
f 5864/1761/4463 5865/1762/4463 5866/1763/4463
f 5867/1760/4464 5869/1762/4464 5868/1761/4464
f 5868/1761/4465 5869/1762/4465 5870/1763/4465
f 5871/1760/4466 5873/1762/4466 5872/1761/4466
f 5872/1761/4467 5873/1762/4467 5874/1763/4467
f 5875/1760/4468 5877/1762/4468 5876/1761/4468
f 5876/1761/4469 5877/1762/4469 5878/1763/4469
f 5879/1760/4470 5881/1762/4470 5880/1761/4470
f 5880/1761/4471 5881/1762/4471 5882/1763/4471
f 5883/1760/4472 5885/1762/4472 5884/1761/4472
f 5884/1761/4473 5885/1762/4473 5886/1763/4473
f 5887/1760/4474 5889/1762/4474 5888/1761/4474
f 5888/1761/4475 5889/1762/4475 5890/1763/4475
f 5891/1760/4476 5893/1762/4476 5892/1761/4476
f 5892/1761/4477 5893/1762/4477 5894/1763/4477
f 5895/1760/4478 5897/1762/4478 5896/1761/4478
f 5896/1761/4479 5897/1762/4479 5898/1763/4479
f 5899/1760/4480 5901/1762/4480 5900/1761/4480
f 5900/1761/4481 5901/1762/4481 5902/1763/4481
f 5903/1760/4482 5905/1762/4482 5904/1761/4482
f 5904/1761/4483 5905/1762/4483 5906/1763/4483
f 5907/1760/4484 5909/1762/4484 5908/1761/4484
f 5908/1761/4485 5909/1762/4485 5910/1763/4485
f 5911/1760/4486 5913/1762/4486 5912/1761/4486
f 5912/1761/4487 5913/1762/4487 5914/1763/4487
f 5915/1760/4488 5917/1762/4488 5916/1761/4488
f 5916/1761/4489 5917/1762/4489 5918/1763/4489
f 5919/1760/4490 5921/1762/4490 5920/1761/4490
f 5920/1761/4491 5921/1762/4491 5922/1763/4491
f 5923/1760/4492 5925/1762/4492 5924/1761/4492
f 5924/1761/4493 5925/1762/4493 5926/1763/4493
f 5927/1760/4494 5929/1762/4494 5928/1761/4494
f 5928/1761/4495 5929/1762/4495 5930/1763/4495
f 5931/1760/4496 5933/1762/4496 5932/1761/4496
f 5932/1761/4497 5933/1762/4497 5934/1763/4497
f 5935/1760/4498 5937/1762/4498 5936/1761/4498
f 5936/1761/4499 5937/1762/4499 5938/1763/4499
f 5939/1760/4500 5941/1762/4500 5940/1761/4500
f 5940/1761/4501 5941/1762/4501 5942/1763/4501
f 5943/1760/4502 5945/1762/4502 5944/1761/4502
f 5944/1761/4503 5945/1762/4503 5946/1763/4503
f 5947/1760/4504 5949/1762/4504 5948/1761/4504
f 5948/1761/4505 5949/1762/4505 5950/1763/4505
f 5951/1760/4506 5953/1762/4506 5952/1761/4506
f 5952/1761/4507 5953/1762/4507 5954/1763/4507
f 5955/1760/4508 5957/1762/4508 5956/1761/4508
f 5956/1761/4509 5957/1762/4509 5958/1763/4509
f 5959/1760/4510 5961/1762/4510 5960/1761/4510
f 5960/1761/4511 5961/1762/4511 5962/1763/4511
f 5963/1760/4512 5965/1762/4512 5964/1761/4512
f 5964/1761/4513 5965/1762/4513 5966/1763/4513
f 5967/1760/4514 5969/1762/4514 5968/1761/4514
f 5968/1761/4515 5969/1762/4515 5970/1763/4515
f 5971/1760/4516 5973/1762/4516 5972/1761/4516
f 5972/1761/4517 5973/1762/4517 5974/1763/4517
f 5975/1760/4518 5977/1762/4518 5976/1761/4518
f 5976/1761/4519 5977/1762/4519 5978/1763/4519
f 5979/1760/4520 5981/1762/4520 5980/1761/4520
f 5980/1761/4521 5981/1762/4521 5982/1763/4521
f 5983/1760/4522 5985/1762/4522 5984/1761/4522
f 5984/1761/4523 5985/1762/4523 5986/1763/4523
f 5987/1760/4524 5989/1762/4524 5988/1761/4524
f 5988/1761/4525 5989/1762/4525 5990/1763/4525
f 5991/1760/4526 5993/1762/4526 5992/1761/4526
f 5992/1761/4527 5993/1762/4527 5994/1763/4527
f 5995/1760/4528 5997/1762/4528 5996/1761/4528
f 5996/1761/4529 5997/1762/4529 5998/1763/4529
f 5999/1760/4530 6001/1762/4530 6000/1761/4530
f 6000/1761/4531 6001/1762/4531 6002/1763/4531
f 6003/1760/4532 6005/1762/4532 6004/1761/4532
f 6004/1761/4533 6005/1762/4533 6006/1763/4533
f 6007/1760/4534 6009/1762/4534 6008/1761/4534
f 6008/1761/4535 6009/1762/4535 6010/1763/4535
f 6011/1760/4536 6013/1762/4536 6012/1761/4536
f 6012/1761/4537 6013/1762/4537 6014/1763/4537
f 6015/1760/4538 6017/1762/4538 6016/1761/4538
f 6016/1761/4539 6017/1762/4539 6018/1763/4539
f 6019/1760/4540 6021/1762/4540 6020/1761/4540
f 6020/1761/4541 6021/1762/4541 6022/1763/4541
f 6023/1760/4542 6025/1762/4542 6024/1761/4542
f 6024/1761/4543 6025/1762/4543 6026/1763/4543
f 6027/1760/4544 6029/1762/4544 6028/1761/4544
f 6028/1761/4545 6029/1762/4545 6030/1763/4545
f 6031/1760/4546 6033/1762/4546 6032/1761/4546
f 6032/1761/4547 6033/1762/4547 6034/1763/4547
f 6035/1760/4548 6037/1762/4548 6036/1761/4548
f 6036/1761/4549 6037/1762/4549 6038/1763/4549
f 6039/1760/4550 6041/1762/4550 6040/1761/4550
f 6040/1761/4551 6041/1762/4551 6042/1763/4551
f 6043/1760/4552 6045/1762/4552 6044/1761/4552
f 6044/1761/4553 6045/1762/4553 6046/1763/4553
f 6047/1760/4554 6049/1762/4554 6048/1761/4554
f 6048/1761/4555 6049/1762/4555 6050/1763/4555
f 6051/1760/4556 6053/1762/4556 6052/1761/4556
f 6052/1761/4557 6053/1762/4557 6054/1763/4557
f 6055/1760/4558 6057/1762/4558 6056/1761/4558
f 6056/1761/4559 6057/1762/4559 6058/1763/4559
f 6059/1760/4560 6061/1762/4560 6060/1761/4560
f 6060/1761/4561 6061/1762/4561 6062/1763/4561
f 6063/1760/4562 6065/1762/4562 6064/1761/4562
f 6064/1761/4563 6065/1762/4563 6066/1763/4563
f 6067/1760/4564 6069/1762/4564 6068/1761/4564
f 6068/1761/4565 6069/1762/4565 6070/1763/4565
f 6071/1760/4566 6073/1762/4566 6072/1761/4566
f 6072/1761/4567 6073/1762/4567 6074/1763/4567
f 6075/1760/4568 6077/1762/4568 6076/1761/4568
f 6076/1761/4569 6077/1762/4569 6078/1763/4569
f 6079/1760/4570 6081/1762/4570 6080/1761/4570
f 6080/1761/4571 6081/1762/4571 6082/1763/4571
f 6083/1760/4572 6085/1762/4572 6084/1761/4572
f 6084/1761/4573 6085/1762/4573 6086/1763/4573
f 6087/1760/4574 6089/1762/4574 6088/1761/4574
f 6088/1761/4575 6089/1762/4575 6090/1763/4575
f 6091/1760/4576 6093/1762/4576 6092/1761/4576
f 6092/1761/4577 6093/1762/4577 6094/1763/4577
f 6095/1760/4578 6097/1762/4578 6096/1761/4578
f 6096/1761/4579 6097/1762/4579 6098/1763/4579
f 6099/1760/4580 6101/1762/4580 6100/1761/4580
f 6100/1761/4581 6101/1762/4581 6102/1763/4581
f 6103/1760/4582 6105/1762/4582 6104/1761/4582
f 6104/1761/4583 6105/1762/4583 6106/1763/4583
f 6107/1760/4584 6109/1762/4584 6108/1761/4584
f 6108/1761/4585 6109/1762/4585 6110/1763/4585
f 6111/1760/4586 6113/1762/4586 6112/1761/4586
f 6112/1761/4587 6113/1762/4587 6114/1763/4587
f 6115/1760/4588 6117/1762/4588 6116/1761/4588
f 6116/1761/4589 6117/1762/4589 6118/1763/4589
f 6119/1760/4590 6121/1762/4590 6120/1761/4590
f 6120/1761/4591 6121/1762/4591 6122/1763/4591
f 6123/1760/4592 6125/1762/4592 6124/1761/4592
f 6124/1761/4593 6125/1762/4593 6126/1763/4593
f 6127/1760/4594 6129/1762/4594 6128/1761/4594
f 6128/1761/4595 6129/1762/4595 6130/1763/4595
f 6131/1760/4596 6133/1762/4596 6132/1761/4596
f 6132/1761/4597 6133/1762/4597 6134/1763/4597
f 6135/1760/4598 6137/1762/4598 6136/1761/4598
f 6136/1761/4599 6137/1762/4599 6138/1763/4599
f 6139/1760/4600 6141/1762/4600 6140/1761/4600
f 6140/1761/4601 6141/1762/4601 6142/1763/4601
f 6143/1760/4602 6145/1762/4602 6144/1761/4602
f 6144/1761/4603 6145/1762/4603 6146/1763/4603
f 6147/1760/4604 6149/1762/4604 6148/1761/4604
f 6148/1761/4605 6149/1762/4605 6150/1763/4605
f 6151/1760/4606 6153/1762/4606 6152/1761/4606
f 6152/1761/4607 6153/1762/4607 6154/1763/4607
f 6155/1760/4608 6157/1762/4608 6156/1761/4608
f 6156/1761/4609 6157/1762/4609 6158/1763/4609
f 6159/1760/4610 6161/1762/4610 6160/1761/4610
f 6160/1761/4611 6161/1762/4611 6162/1763/4611
f 6163/1760/4612 6165/1762/4612 6164/1761/4612
f 6164/1761/4613 6165/1762/4613 6166/1763/4613
