# Blender 5.0.1
# www.blender.org
o bamboo_c_culms
v 0.236797 0.000000 -0.027178
v 0.204774 0.000000 0.040803
v 0.136792 0.000000 0.068647
v 0.066301 0.000000 0.043313
v 0.036788 0.000000 -0.027178
v 0.068811 0.000000 -0.095159
v 0.136792 0.000000 -0.123003
v 0.207284 0.000000 -0.097669
v 0.276648 0.051813 -0.027198
v 0.231956 0.051813 0.067679
v 0.137079 0.051813 0.106539
v 0.038699 0.051813 0.071182
v -0.002491 0.051813 -0.027198
v 0.042202 0.051813 -0.122075
v 0.137079 0.051813 -0.160935
v 0.235459 0.051813 -0.125578
v 0.242073 0.103626 -0.027243
v 0.208658 0.103626 0.043692
v 0.137723 0.103626 0.072746
v 0.064169 0.103626 0.046311
v 0.033374 0.103626 -0.027243
v 0.066788 0.103626 -0.098178
v 0.137723 0.103626 -0.127232
v 0.211277 0.103626 -0.100797
v 0.274433 0.996400 -0.030244
v 0.244331 0.996400 0.033658
v 0.180429 0.996400 0.059832
v 0.114167 0.996400 0.036018
v 0.086425 0.996400 -0.030244
v 0.116527 0.996400 -0.094146
v 0.180429 0.996400 -0.120320
v 0.246691 0.996400 -0.096506
v 0.315526 1.048213 -0.030520
v 0.273523 1.048213 0.058647
v 0.184356 1.048213 0.095168
v 0.091898 1.048213 0.061939
v 0.053187 1.048213 -0.030520
v 0.095190 1.048213 -0.119686
v 0.184356 1.048213 -0.156208
v 0.276815 1.048213 -0.122979
v 0.286471 1.100026 -0.030806
v 0.255074 1.100026 0.035847
v 0.188422 1.100026 0.063146
v 0.119309 1.100026 0.038307
v 0.090373 1.100026 -0.030806
v 0.121770 1.100026 -0.097458
v 0.188422 1.100026 -0.124757
v 0.257535 1.100026 -0.099919
v 0.366572 1.992800 -0.037140
v 0.338392 1.992800 0.022684
v 0.278568 1.992800 0.047187
v 0.216536 1.992800 0.024893
v 0.190564 1.992800 -0.037140
v 0.218745 1.992800 -0.096963
v 0.278568 1.992800 -0.121466
v 0.340601 1.992800 -0.099172
v 0.407660 2.044613 -0.037584
v 0.368348 2.044613 0.045872
v 0.284892 2.044613 0.080054
v 0.198354 2.044613 0.048953
v 0.162123 2.044613 -0.037584
v 0.201435 2.044613 -0.121040
v 0.284892 2.044613 -0.155222
v 0.371429 2.044613 -0.124121
v 0.383077 2.096426 -0.038036
v 0.353697 2.096426 0.024333
v 0.291328 2.096426 0.049878
v 0.226656 2.096426 0.026636
v 0.199579 2.096426 -0.038036
v 0.228959 2.096426 -0.100406
v 0.291328 2.096426 -0.125951
v 0.356000 2.096426 -0.102708
v 0.501256 2.989200 -0.047025
v 0.474997 2.989200 0.008720
v 0.419252 2.989200 0.031552
v 0.361450 2.989200 0.010778
v 0.337249 2.989200 -0.047025
v 0.363508 2.989200 -0.102770
v 0.419252 2.989200 -0.125602
v 0.477055 2.989200 -0.104828
v 0.541994 3.041013 -0.047613
v 0.505372 3.041013 0.030132
v 0.427626 3.041013 0.061976
v 0.347010 3.041013 0.033003
v 0.313258 3.041013 -0.047613
v 0.349880 3.041013 -0.125359
v 0.427626 3.041013 -0.157202
v 0.508242 3.041013 -0.128229
v 0.521549 3.092826 -0.048209
v 0.494187 3.092826 0.009878
v 0.436100 3.092826 0.033669
v 0.375869 3.092826 0.012022
v 0.350651 3.092826 -0.048209
v 0.378013 3.092826 -0.106295
v 0.436100 3.092826 -0.130087
v 0.496331 3.092826 -0.108440
v 0.671906 3.985600 -0.059544
v 0.648055 3.985600 -0.008912
v 0.597423 3.985600 0.011827
v 0.544921 3.985600 -0.007042
v 0.522940 3.985600 -0.059544
v 0.546791 3.985600 -0.110177
v 0.597423 3.985600 -0.130915
v 0.649925 3.985600 -0.112046
v -0.085197 0.000000 0.267315
v -0.112596 0.000000 0.329078
v -0.174360 0.000000 0.351744
v -0.235344 0.000000 0.328299
v -0.263523 0.000000 0.267315
v -0.236123 0.000000 0.205551
v -0.174360 0.000000 0.182886
v -0.113375 0.000000 0.206330
v -0.050088 0.056461 0.267541
v -0.088327 0.056461 0.353740
v -0.174526 0.056461 0.385373
v -0.259638 0.056461 0.352653
v -0.298965 0.056461 0.267541
v -0.260725 0.056461 0.181342
v -0.174526 0.056461 0.149710
v -0.089414 0.056461 0.182429
v -0.081864 0.112921 0.268051
v -0.110454 0.112921 0.332498
v -0.174901 0.112921 0.356148
v -0.238535 0.112921 0.331685
v -0.267938 0.112921 0.268051
v -0.239348 0.112921 0.203604
v -0.174901 0.112921 0.179954
v -0.111267 0.112921 0.204417
v -0.115938 1.085783 0.301845
v -0.141693 1.085783 0.359903
v -0.199751 1.085783 0.381208
v -0.257077 1.085783 0.359170
v -0.283564 1.085783 0.301845
v -0.257809 1.085783 0.243787
v -0.199751 1.085783 0.222482
v -0.142426 1.085783 0.244520
v -0.085087 1.142244 0.304953
v -0.121025 1.142244 0.385964
v -0.202036 1.142244 0.415692
v -0.282026 1.142244 0.384942
v -0.318985 1.142244 0.304953
v -0.283047 1.142244 0.223942
v -0.202036 1.142244 0.194213
v -0.122047 1.142244 0.224964
v -0.116982 1.198704 0.308170
v -0.143846 1.198704 0.368726
v -0.204402 1.198704 0.390948
v -0.264194 1.198704 0.367962
v -0.291822 1.198704 0.308170
v -0.264958 1.198704 0.247614
v -0.204402 1.198704 0.225392
v -0.144610 1.198704 0.248378
v -0.178394 2.171566 0.379504
v -0.202505 2.171566 0.433856
v -0.256857 2.171566 0.453802
v -0.310523 2.171566 0.433170
v -0.335320 2.171566 0.379504
v -0.311209 2.171566 0.325152
v -0.256857 2.171566 0.305207
v -0.203191 2.171566 0.325838
v -0.151077 2.228027 0.384508
v -0.184714 2.228027 0.460331
v -0.260537 2.228027 0.488155
v -0.335403 2.228027 0.459374
v -0.369996 2.228027 0.384508
v -0.336359 2.228027 0.308685
v -0.260537 2.228027 0.280860
v -0.185670 2.228027 0.309641
v -0.182479 2.284487 0.389601
v -0.207617 2.284487 0.446266
v -0.264282 2.284487 0.467060
v -0.320232 2.284487 0.445551
v -0.346084 2.284487 0.389601
v -0.320947 2.284487 0.332936
v -0.264282 2.284487 0.312142
v -0.208332 2.284487 0.333651
v -0.265606 3.257349 0.490830
v -0.288073 3.257349 0.541476
v -0.338719 3.257349 0.560062
v -0.388727 3.257349 0.540837
v -0.411833 3.257349 0.490830
v -0.389365 3.257349 0.440184
v -0.338719 3.257349 0.421598
v -0.288712 3.257349 0.440823
v -0.241622 3.313809 0.497456
v -0.272957 3.313809 0.568091
v -0.343592 3.313809 0.594012
v -0.413336 3.313809 0.567200
v -0.445562 3.313809 0.497456
v -0.414227 3.313809 0.426821
v -0.343592 3.313809 0.400900
v -0.273848 3.313809 0.427712
v -0.272338 3.370270 0.504162
v -0.295749 3.370270 0.556935
v -0.348523 3.370270 0.576302
v -0.400631 3.370270 0.556270
v -0.424708 3.370270 0.504162
v -0.401297 3.370270 0.451388
v -0.348523 3.370270 0.432022
v -0.296415 3.370270 0.452054
v -0.375986 4.343132 0.631819
v -0.396393 4.343132 0.677821
v -0.442395 4.343132 0.694702
v -0.487816 4.343132 0.677240
v -0.508803 4.343132 0.631819
v -0.488396 4.343132 0.585818
v -0.442395 4.343132 0.568937
v -0.396973 4.343132 0.586398
v -0.056291 0.000000 -0.337272
v -0.084251 0.000000 -0.277271
v -0.144252 0.000000 -0.250916
v -0.207512 0.000000 -0.274012
v -0.232213 0.000000 -0.337272
v -0.204253 0.000000 -0.397272
v -0.144252 0.000000 -0.423627
v -0.080992 0.000000 -0.400532
v -0.021568 0.056137 -0.337407
v -0.060591 0.056137 -0.253668
v -0.144330 0.056137 -0.216887
v -0.232617 0.056137 -0.249120
v -0.267091 0.056137 -0.337407
v -0.228069 0.056137 -0.421146
v -0.144330 0.056137 -0.457928
v -0.056042 0.056137 -0.425695
v -0.052721 0.112274 -0.337712
v -0.081896 0.112274 -0.275105
v -0.144504 0.112274 -0.247605
v -0.210512 0.112274 -0.271704
v -0.236287 0.112274 -0.337712
v -0.207112 0.112274 -0.400320
v -0.144504 0.112274 -0.427820
v -0.078496 0.112274 -0.403721
v -0.073376 1.079558 -0.357925
v -0.099659 1.079558 -0.301525
v -0.156060 1.079558 -0.276751
v -0.215524 1.079558 -0.298461
v -0.238744 1.079558 -0.357925
v -0.212461 1.079558 -0.414326
v -0.156060 1.079558 -0.439100
v -0.096596 1.079558 -0.417390
v -0.041750 1.135695 -0.359784
v -0.078424 1.135695 -0.281085
v -0.157123 1.135695 -0.246517
v -0.240097 1.135695 -0.276810
v -0.272495 1.135695 -0.359784
v -0.235822 1.135695 -0.438483
v -0.157123 1.135695 -0.473051
v -0.074149 1.135695 -0.442758
v -0.071981 1.191832 -0.361708
v -0.099395 1.191832 -0.302881
v -0.158223 1.191832 -0.277041
v -0.220246 1.191832 -0.299685
v -0.244464 1.191832 -0.361708
v -0.217050 1.191832 -0.420536
v -0.158223 1.191832 -0.446376
v -0.096200 1.191832 -0.423732
v -0.105210 2.159116 -0.404375
v -0.129815 2.159116 -0.351575
v -0.182616 2.159116 -0.328382
v -0.238285 2.159116 -0.348707
v -0.260022 2.159116 -0.404375
v -0.235417 2.159116 -0.457176
v -0.182616 2.159116 -0.480368
v -0.126947 2.159116 -0.460044
v -0.076343 2.215252 -0.407368
v -0.110668 2.215252 -0.333710
v -0.184327 2.215252 -0.301355
v -0.261987 2.215252 -0.329708
v -0.292311 2.215252 -0.407368
v -0.257986 2.215252 -0.481027
v -0.184327 2.215252 -0.513381
v -0.106667 2.215252 -0.485028
v -0.105369 2.271389 -0.410415
v -0.131021 2.271389 -0.355367
v -0.186069 2.271389 -0.331188
v -0.244106 2.271389 -0.352377
v -0.266769 2.271389 -0.410415
v -0.241116 2.271389 -0.465462
v -0.186069 2.271389 -0.489642
v -0.128031 2.271389 -0.468453
v -0.148556 3.238673 -0.470963
v -0.171484 3.238673 -0.421762
v -0.220684 3.238673 -0.400151
v -0.272558 3.238673 -0.419090
v -0.292813 3.238673 -0.470963
v -0.269885 3.238673 -0.520163
v -0.220684 3.238673 -0.541774
v -0.168811 3.238673 -0.522836
v -0.122355 3.294810 -0.474926
v -0.154332 3.294810 -0.406307
v -0.222950 3.294810 -0.376167
v -0.295296 3.294810 -0.402580
v -0.323546 3.294810 -0.474926
v -0.291569 3.294810 -0.543545
v -0.222950 3.294810 -0.573685
v -0.150604 3.294810 -0.547272
v -0.150085 3.350947 -0.478937
v -0.173976 3.350947 -0.427669
v -0.225243 3.350947 -0.405150
v -0.279296 3.350947 -0.424884
v -0.300402 3.350947 -0.478937
v -0.276511 3.350947 -0.530204
v -0.225243 3.350947 -0.552723
v -0.171191 3.350947 -0.532989
v -0.203383 4.318231 -0.555292
v -0.224208 4.318231 -0.510604
v -0.268896 4.318231 -0.490975
v -0.316013 4.318231 -0.508177
v -0.334410 4.318231 -0.555292
v -0.313585 4.318231 -0.599981
v -0.268896 4.318231 -0.619610
v -0.221780 4.318231 -0.602409
v 0.440711 0.000000 0.106922
v 0.420407 0.000000 0.139159
v 0.383070 0.000000 0.139355
v 0.362880 0.000000 0.106922
v 0.383183 0.000000 0.074685
v 0.420521 0.000000 0.074489
v 0.456181 0.036827 0.106948
v 0.427845 0.036827 0.151938
v 0.375736 0.036827 0.152212
v 0.347558 0.036827 0.106948
v 0.375894 0.036827 0.061957
v 0.428003 0.036827 0.061683
v 0.442642 0.073655 0.107006
v 0.421457 0.073655 0.140643
v 0.382497 0.073655 0.140848
v 0.361430 0.073655 0.107006
v 0.382616 0.073655 0.073368
v 0.421575 0.073655 0.073164
v 0.456001 0.944290 0.113334
v 0.437322 0.944290 0.142992
v 0.402972 0.944290 0.143172
v 0.384397 0.944290 0.113334
v 0.403076 0.944290 0.083676
v 0.437426 0.944290 0.083496
v 0.471389 0.981117 0.113765
v 0.445327 0.981117 0.155145
v 0.397399 0.981117 0.155397
v 0.371483 0.981117 0.113765
v 0.397545 0.981117 0.072385
v 0.445472 0.981117 0.072133
v 0.460043 1.017944 0.114207
v 0.440563 1.017944 0.145137
v 0.404740 1.017944 0.145325
v 0.385368 1.017944 0.114207
v 0.404848 1.017944 0.083278
v 0.440671 1.017944 0.083090
v 0.494278 1.888579 0.127755
v 0.477223 1.888579 0.154834
v 0.445860 1.888579 0.154999
v 0.428900 1.888579 0.127755
v 0.445955 1.888579 0.100677
v 0.477318 1.888579 0.100512
v 0.509179 1.925406 0.128451
v 0.485391 1.925406 0.166220
v 0.441646 1.925406 0.166450
v 0.417990 1.925406 0.128451
v 0.441778 1.925406 0.090681
v 0.485524 1.925406 0.090451
v 0.499675 1.962234 0.129155
v 0.481901 1.962234 0.157377
v 0.449214 1.962234 0.157549
v 0.431539 1.962234 0.129155
v 0.449313 1.962234 0.100934
v 0.482000 1.962234 0.100762
v 0.549906 2.832869 0.148429
v 0.534784 2.832869 0.172439
v 0.506976 2.832869 0.172585
v 0.491938 2.832869 0.148429
v 0.507060 2.832869 0.124419
v 0.534869 2.832869 0.124272
v 0.050572 0.000000 0.288249
v 0.026305 0.000000 0.329464
v -0.022401 0.000000 0.331396
v -0.045552 0.000000 0.288249
v -0.021285 0.000000 0.247035
v 0.027421 0.000000 0.245103
v 0.069578 0.032572 0.288330
v 0.035710 0.032572 0.345850
v -0.032266 0.032572 0.348547
v -0.064576 0.032572 0.288330
v -0.030709 0.032572 0.230809
v 0.037267 0.032572 0.228113
v 0.052631 0.065144 0.288510
v 0.027310 0.065144 0.331516
v -0.023513 0.065144 0.333532
v -0.047670 0.065144 0.288510
v -0.022349 0.065144 0.245505
v 0.028474 0.065144 0.243489
v 0.044494 0.835177 0.308198
v 0.022168 0.835177 0.346116
v -0.022642 0.835177 0.347893
v -0.043941 0.835177 0.308198
v -0.021615 0.835177 0.270281
v 0.023194 0.835177 0.268503
v 0.061821 0.867749 0.309539
v 0.030671 0.867749 0.362443
v -0.031850 0.867749 0.364924
v -0.061568 0.867749 0.309539
v -0.030418 0.867749 0.256635
v 0.032103 0.867749 0.254154
v 0.046085 0.900321 0.310915
v 0.022803 0.900321 0.350459
v -0.023928 0.900321 0.352312
v -0.046141 0.900321 0.310915
v -0.022858 0.900321 0.271372
v 0.023873 0.900321 0.269518
v 0.035626 1.670355 0.353064
v 0.015242 1.670355 0.387684
v -0.025672 1.670355 0.389307
v -0.045119 1.670355 0.353064
v -0.024734 1.670355 0.318444
v 0.016179 1.670355 0.316821
v 0.051323 1.702927 0.355227
v 0.022891 1.702927 0.403515
v -0.034175 1.702927 0.405779
v -0.061300 1.702927 0.355227
v -0.032868 1.702927 0.306939
v 0.024198 1.702927 0.304675
v 0.036842 1.735499 0.357420
v 0.015597 1.735499 0.393501
v -0.027042 1.735499 0.395192
v -0.047310 1.735499 0.357420
v -0.026066 1.735499 0.321338
v 0.016574 1.735499 0.319647
v 0.023850 2.505532 0.417379
v 0.005776 2.505532 0.448076
v -0.030500 2.505532 0.449515
v -0.047744 2.505532 0.417379
v -0.029670 2.505532 0.386683
v 0.006607 2.505532 0.385244
v -0.202323 0.000000 -0.000456
v -0.219862 0.000000 0.030936
v -0.255264 0.000000 0.029469
v -0.273651 0.000000 -0.000456
v -0.256111 0.000000 -0.031849
v -0.220710 0.000000 -0.030382
v -0.188288 0.031033 -0.000451
v -0.212767 0.031033 0.043361
v -0.262174 0.031033 0.041313
v -0.287836 0.031033 -0.000451
v -0.263357 0.031033 -0.044263
v -0.213949 0.031033 -0.042215
v -0.201017 0.062067 -0.000439
v -0.219318 0.062067 0.032317
v -0.256258 0.062067 0.030786
v -0.275444 0.062067 -0.000439
v -0.257142 0.062067 -0.033195
v -0.220202 0.062067 -0.031664
v -0.223788 0.795726 0.000878
v -0.239924 0.795726 0.029759
v -0.272494 0.795726 0.028409
v -0.289409 0.795726 0.000878
v -0.273273 0.795726 -0.028003
v -0.240703 0.795726 -0.026654
v -0.212070 0.826759 0.000967
v -0.234584 0.826759 0.041263
v -0.280027 0.826759 0.039380
v -0.303629 0.826759 0.000967
v -0.281114 0.826759 -0.039329
v -0.235672 0.826759 -0.037446
v -0.224915 0.857792 0.001059
v -0.241744 0.857792 0.031179
v -0.275710 0.857792 0.029771
v -0.293351 0.857792 0.001059
v -0.276523 0.857792 -0.029060
v -0.242557 0.857792 -0.027652
v -0.268498 1.591451 0.003878
v -0.283232 1.591451 0.030247
v -0.312969 1.591451 0.029015
v -0.328414 1.591451 0.003878
v -0.313681 1.591451 -0.022492
v -0.283943 1.591451 -0.021259
v -0.258689 1.622485 0.004022
v -0.279239 1.622485 0.040803
v -0.320717 1.622485 0.039084
v -0.342259 1.622485 0.004022
v -0.321709 1.622485 -0.032758
v -0.280232 1.622485 -0.031039
v -0.271298 1.653518 0.004169
v -0.286653 1.653518 0.031651
v -0.317645 1.653518 0.030367
v -0.333742 1.653518 0.004169
v -0.318387 1.653518 -0.023313
v -0.287394 1.653518 -0.022029
v -0.331897 2.387177 0.008178
v -0.344961 2.387177 0.031559
v -0.371328 2.387177 0.030467
v -0.385023 2.387177 0.008178
v -0.371959 2.387177 -0.015203
v -0.345592 2.387177 -0.014110
v -0.070629 0.000000 -0.288682
v -0.090064 0.000000 -0.258044
v -0.125979 0.000000 -0.257114
v -0.144877 0.000000 -0.288682
v -0.125442 0.000000 -0.319320
v -0.089527 0.000000 -0.320250
v -0.055981 0.044079 -0.288756
v -0.083105 0.044079 -0.245996
v -0.133230 0.044079 -0.244698
v -0.159605 0.044079 -0.288756
v -0.132480 0.044079 -0.331516
v -0.082356 0.044079 -0.332813
v -0.069145 0.088159 -0.288921
v -0.089424 0.088159 -0.256951
v -0.126900 0.088159 -0.255981
v -0.146619 0.088159 -0.288921
v -0.126340 0.088159 -0.320891
v -0.088864 0.088159 -0.321861
v -0.083457 1.130240 -0.306964
v -0.101337 1.130240 -0.278776
v -0.134379 1.130240 -0.277921
v -0.151766 1.130240 -0.306964
v -0.133885 1.130240 -0.335151
v -0.100843 1.130240 -0.336006
v -0.070620 1.174319 -0.308192
v -0.095568 1.174319 -0.268864
v -0.141669 1.174319 -0.267670
v -0.165928 1.174319 -0.308192
v -0.140980 1.174319 -0.347521
v -0.094878 1.174319 -0.348714
v -0.083335 1.218399 -0.309453
v -0.101982 1.218399 -0.280057
v -0.136441 1.218399 -0.279165
v -0.154573 1.218399 -0.309453
v -0.135926 1.218399 -0.338849
v -0.101467 1.218399 -0.339742
v -0.108598 2.260480 -0.348079
v -0.124923 2.260480 -0.322343
v -0.155092 2.260480 -0.321562
v -0.170967 2.260480 -0.348079
v -0.154641 2.260480 -0.373816
v -0.124473 2.260480 -0.374597
v -0.097355 2.304559 -0.350062
v -0.120126 2.304559 -0.314165
v -0.162205 2.304559 -0.313075
v -0.184347 2.304559 -0.350062
v -0.161576 2.304559 -0.385959
v -0.119497 2.304559 -0.387048
v -0.109434 2.348639 -0.352071
v -0.126449 2.348639 -0.325249
v -0.157891 2.348639 -0.324435
v -0.174435 2.348639 -0.352071
v -0.157421 2.348639 -0.378893
v -0.125979 2.348639 -0.379707
v -0.143915 3.390720 -0.407019
v -0.158390 3.390720 -0.384200
v -0.185140 3.390720 -0.383507
v -0.199215 3.390720 -0.407019
v -0.184740 3.390720 -0.429839
v -0.157990 3.390720 -0.430531
v 0.347586 0.000000 -0.120610
v 0.325744 0.000000 -0.078969
v 0.277938 0.000000 -0.079450
v 0.255818 0.000000 -0.120610
v 0.277661 0.000000 -0.162251
v 0.325466 0.000000 -0.161770
v 0.365799 0.041963 -0.120633
v 0.335315 0.041963 -0.062517
v 0.268597 0.041963 -0.063188
v 0.237725 0.041963 -0.120633
v 0.268209 0.041963 -0.178748
v 0.334928 0.041963 -0.178077
v 0.349774 0.083925 -0.120684
v 0.326983 0.083925 -0.077234
v 0.277101 0.083925 -0.077735
v 0.254020 0.083925 -0.120684
v 0.276811 0.083925 -0.164134
v 0.326694 0.083925 -0.163632
v 0.358838 1.075966 -0.126273
v 0.338743 1.075966 -0.087963
v 0.294762 1.075966 -0.088406
v 0.274412 1.075966 -0.126273
v 0.294507 1.075966 -0.164583
v 0.338488 1.075966 -0.164141
v 0.376525 1.117929 -0.126654
v 0.348488 1.117929 -0.073202
v 0.287124 1.117929 -0.073819
v 0.258730 1.117929 -0.126654
v 0.286767 1.117929 -0.180106
v 0.348132 1.117929 -0.179488
v 0.362680 1.159892 -0.127044
v 0.341724 1.159892 -0.087092
v 0.295857 1.159892 -0.087553
v 0.274634 1.159892 -0.127044
v 0.295591 1.159892 -0.166997
v 0.341457 1.159892 -0.166535
v 0.388728 2.151932 -0.139010
v 0.370381 2.151932 -0.104031
v 0.330225 2.151932 -0.104435
v 0.311644 2.151932 -0.139010
v 0.329991 2.151932 -0.173988
v 0.370148 2.151932 -0.173584
v 0.405563 2.193895 -0.139624
v 0.379972 2.193895 -0.090836
v 0.323962 2.193895 -0.091399
v 0.298046 2.193895 -0.139624
v 0.323637 2.193895 -0.188412
v 0.379647 2.193895 -0.187849
v 0.393613 2.235858 -0.140246
v 0.374492 2.235858 -0.103792
v 0.332640 2.235858 -0.104213
v 0.313276 2.235858 -0.140246
v 0.332397 2.235858 -0.176701
v 0.374248 2.235858 -0.176280
v 0.432471 3.227899 -0.157268
v 0.416203 3.227899 -0.126254
v 0.380598 3.227899 -0.126612
v 0.364123 3.227899 -0.157268
v 0.380391 3.227899 -0.188282
v 0.415997 3.227899 -0.187924
vn 0.7426 -0.5711 0.3498
vn 0.3136 -0.5617 0.7656
vn -0.2789 -0.5659 0.7759
vn -0.7560 -0.5730 0.3165
vn -0.7460 -0.5657 -0.3514
vn -0.3141 -0.5597 -0.7669
vn 0.2783 -0.5684 -0.7743
vn 0.7523 -0.5787 -0.3150
vn 0.7743 0.5171 0.3648
vn 0.3252 0.5138 0.7939
vn -0.2877 0.5257 0.8005
vn -0.7773 0.5384 0.3255
vn -0.7669 0.5305 -0.3612
vn -0.3241 0.5187 -0.7912
vn 0.2890 0.5195 -0.8041
vn 0.7856 0.5240 -0.3289
vn 0.9991 -0.0361 0.0229
vn 0.6946 -0.0197 0.7191
vn 0.6823 -0.0191 0.7308
vn 0.0329 0.0129 0.9994
vn 0.0109 0.0139 0.9998
vn -0.6817 0.0466 0.7301
vn -0.6938 0.0471 0.7186
vn -0.9980 0.0592 -0.0230
vn -0.9980 0.0592 -0.0206
vn -0.6942 0.0419 -0.7186
vn -0.6817 0.0413 -0.7304
vn -0.0327 0.0093 -0.9994
vn -0.0110 0.0083 -0.9999
vn 0.6824 -0.0236 -0.7306
vn 0.6944 -0.0241 -0.7192
vn 0.7358 -0.5817 0.3466
vn 0.3164 -0.5507 0.7724
vn -0.2879 -0.5246 0.8012
vn -0.7946 -0.5079 0.3327
vn -0.7817 -0.5034 -0.3682
vn -0.3233 -0.5221 -0.7892
vn 0.2800 -0.5609 -0.7791
vn 0.7437 -0.5915 -0.3114
vn 0.8060 0.4541 0.3797
vn 0.3332 0.4766 0.8135
vn -0.2890 0.5196 0.8041
vn -0.7684 0.5532 0.3217
vn -0.7596 0.5432 -0.3578
vn -0.3262 0.5091 -0.7965
vn 0.2970 0.4783 -0.8264
vn 0.8200 0.4579 -0.3433
vn 0.9957 -0.0892 0.0242
vn 0.7002 -0.0549 0.7118
vn 0.6744 -0.0521 0.7365
vn 0.0450 0.0133 0.9989
vn -0.0011 0.0180 0.9998
vn -0.6730 0.0843 0.7348
vn -0.6982 0.0867 0.7106
vn -0.9935 0.1113 -0.0243
vn -0.9936 0.1114 -0.0194
vn -0.6992 0.0763 -0.7108
vn -0.6733 0.0735 -0.7357
vn -0.0447 0.0082 -0.9990
vn 0.0011 0.0036 -1.0000
vn 0.6744 -0.0621 -0.7358
vn 0.6994 -0.0645 -0.7118
vn 0.7363 -0.5809 0.3469
vn 0.3202 -0.5350 0.7818
vn -0.2956 -0.4857 0.8226
vn -0.8240 -0.4494 0.3450
vn -0.8091 -0.4474 -0.3811
vn -0.3312 -0.4864 -0.8086
vn 0.2830 -0.5476 -0.7875
vn 0.7433 -0.5921 -0.3112
vn 0.8302 0.3973 0.3911
vn 0.3401 0.4414 0.8304
vn -0.2913 0.5082 0.8105
vn -0.7662 0.5567 0.3208
vn -0.7584 0.5451 -0.3573
vn -0.3293 0.4951 -0.8040
vn 0.3038 0.4397 -0.8452
vn 0.8461 0.3983 -0.3542
vn 0.9911 -0.1309 0.0251
vn 0.7039 -0.0833 0.7054
vn 0.6676 -0.0777 0.7405
vn 0.0546 0.0127 0.9984
vn -0.0105 0.0220 0.9997
vn -0.6654 0.1136 0.7378
vn -0.7007 0.1183 0.7036
vn -0.9880 0.1521 -0.0252
vn -0.9882 0.1522 -0.0184
vn -0.7024 0.1040 -0.7041
vn -0.6661 0.0984 -0.7393
vn -0.0542 0.0082 -0.9985
vn 0.0106 -0.0011 -0.9999
vn 0.6671 -0.0922 -0.7392
vn 0.7024 -0.0969 -0.7052
vn 0.7389 -0.5770 0.3481
vn 0.3243 -0.5174 0.7919
vn -0.3028 -0.4457 0.8424
vn -0.8496 -0.3894 0.3557
vn -0.8330 -0.3901 -0.3924
vn -0.3386 -0.4495 -0.8267
vn 0.2863 -0.5322 -0.7967
vn 0.7451 -0.5894 -0.3120
vn 0.8507 0.3403 0.4007
vn 0.3465 0.4055 0.8459
vn -0.2939 0.4948 0.8178
vn -0.7663 0.5567 0.3208
vn -0.7592 0.5438 -0.3576
vn -0.3326 0.4794 -0.8121
vn 0.3099 0.4006 -0.8623
vn 0.8680 0.3383 -0.3634
vn 0.9858 -0.1657 0.0259
vn 0.7065 -0.1070 0.6995
vn 0.6612 -0.0983 0.7437
vn 0.0630 0.0130 0.9979
vn -0.0187 0.0278 0.9994
vn -0.6580 0.1404 0.7398
vn -0.7019 0.1478 0.6968
vn -0.9816 0.1891 -0.0260
vn -0.9818 0.1892 -0.0175
vn -0.7044 0.1301 -0.6977
vn -0.6593 0.1214 -0.7420
vn -0.0625 0.0104 -0.9980
vn 0.0189 -0.0043 -0.9998
vn 0.6603 -0.1166 -0.7419
vn 0.7043 -0.1240 -0.6990
vn -0.0000 -1.0000 -0.0000
vn -0.0000 1.0000 -0.0000
vn 0.7941 -0.4952 0.3523
vn 0.3008 -0.4874 0.8197
vn -0.3135 -0.4866 0.8154
vn -0.7881 -0.4962 0.3642
vn -0.7934 -0.4966 -0.3520
vn -0.3015 -0.4837 -0.8217
vn 0.3148 -0.4802 -0.8188
vn 0.7911 -0.4905 -0.3655
vn 0.8140 0.4549 0.3611
vn 0.3096 0.4387 0.8436
vn -0.3234 0.4333 0.8412
vn -0.8135 0.4437 0.3759
vn -0.8156 0.4515 -0.3618
vn -0.3081 0.4476 -0.8395
vn 0.3206 0.4489 -0.8341
vn 0.8071 0.4576 -0.3729
vn 0.9994 0.0350 0.0015
vn 0.6911 0.0018 0.7227
vn 0.9992 0.0356 -0.0166
vn 0.6757 0.0009 0.7372
vn -0.0019 -0.0258 0.9997
vn -0.0133 -0.0261 0.9996
vn -0.6840 -0.0336 0.7287
vn -0.9997 -0.0166 0.0167
vn -0.9999 -0.0160 -0.0015
vn -0.6910 0.0167 -0.7227
vn -0.6757 0.0176 -0.7369
vn 0.0019 0.0437 -0.9990
vn 0.0132 0.0440 -0.9989
vn 0.6834 0.0519 -0.7282
vn 0.6817 0.0519 -0.7298
vn 0.8104 -0.4626 0.3595
vn 0.3007 -0.4882 0.8193
vn -0.3098 -0.5047 0.8058
vn -0.7810 -0.5098 0.3608
vn -0.8006 -0.4827 -0.3551
vn -0.3101 -0.4356 -0.8450
vn 0.3269 -0.4125 -0.8503
vn 0.8206 -0.4275 -0.3792
vn 0.8198 0.4424 0.3637
vn 0.3170 0.3918 0.8637
vn -0.3338 0.3666 0.8684
vn -0.8391 0.3816 0.3877
vn -0.8295 0.4201 -0.3680
vn -0.3076 0.4501 -0.8383
vn 0.3170 0.4686 -0.8246
vn 0.7999 0.4729 -0.3696
vn 0.9980 0.0621 0.0118
vn 0.6995 -0.0057 0.7146
vn 0.9975 0.0649 -0.0262
vn 0.6671 -0.0096 0.7449
vn 0.0045 -0.0642 0.9979
vn -0.0193 -0.0655 0.9977
vn -0.6832 -0.0812 0.7257
vn -0.9986 -0.0466 0.0264
vn -0.9990 -0.0438 -0.0118
vn -0.6993 0.0237 -0.7144
vn -0.6671 0.0276 -0.7445
vn -0.0045 0.0815 -0.9967
vn 0.0191 0.0828 -0.9964
vn 0.6820 0.0988 -0.7247
vn 0.6784 0.0988 -0.7281
vn 0.8247 -0.4314 0.3658
vn 0.3020 -0.4811 0.8230
vn -0.3089 -0.5090 0.8034
vn -0.7802 -0.5111 0.3605
vn -0.8092 -0.4651 -0.3590
vn -0.3168 -0.3929 -0.8633
vn 0.3355 -0.3545 -0.8728
vn 0.8423 -0.3730 -0.3892
vn 0.8267 0.4267 0.3667
vn 0.3227 0.3500 0.8794
vn -0.3413 0.3090 0.8877
vn -0.8577 0.3275 0.3963
vn -0.8417 0.3901 -0.3734
vn -0.3085 0.4453 -0.8406
vn 0.3156 0.4758 -0.8210
vn 0.7978 0.4770 -0.3687
vn 0.9963 0.0830 0.0201
vn 0.7061 -0.0109 0.7080
vn 0.9955 0.0886 -0.0336
vn 0.6602 -0.0189 0.7508
vn 0.0097 -0.0944 0.9955
vn -0.0239 -0.0969 0.9950
vn -0.6814 -0.1187 0.7222
vn -0.9969 -0.0709 0.0339
vn -0.9977 -0.0653 -0.0200
vn -0.7059 0.0284 -0.7077
vn -0.6602 0.0363 -0.7503
vn -0.0097 0.1111 -0.9938
vn 0.0237 0.1136 -0.9932
vn 0.6798 0.1356 -0.7207
vn 0.6747 0.1357 -0.7255
vn 0.8379 -0.3996 0.3717
vn 0.3038 -0.4716 0.8278
vn -0.3087 -0.5096 0.8031
vn -0.7813 -0.5091 0.3610
vn -0.8181 -0.4461 -0.3629
vn -0.3227 -0.3502 -0.8793
vn 0.3426 -0.2971 -0.8912
vn 0.8604 -0.3188 -0.3976
vn 0.8339 0.4097 0.3699
vn 0.3277 0.3087 0.8929
vn -0.3472 0.2529 0.9031
vn -0.8729 0.2745 0.4033
vn -0.8528 0.3599 -0.3783
vn -0.3097 0.4381 -0.8439
vn 0.3150 0.4791 -0.8193
vn 0.7975 0.4776 -0.3685
vn 0.9944 0.1023 0.0275
vn 0.7118 -0.0136 0.7022
vn 0.9930 0.1110 -0.0399
vn 0.6541 -0.0263 0.7559
vn 0.0143 -0.1194 0.9927
vn -0.0278 -0.1234 0.9920
vn -0.6792 -0.1502 0.7184
vn -0.9950 -0.0913 0.0403
vn -0.9962 -0.0825 -0.0273
vn -0.7116 0.0333 -0.7018
vn -0.6540 0.0458 -0.7551
vn -0.0143 0.1380 -0.9903
vn 0.0275 0.1419 -0.9895
vn 0.6770 0.1689 -0.7163
vn 0.6706 0.1691 -0.7223
vn 0.7910 -0.4884 0.3686
vn 0.3517 -0.4849 0.8007
vn -0.2980 -0.4951 0.8161
vn -0.8065 -0.5003 0.3149
vn -0.7894 -0.4914 -0.3679
vn -0.3509 -0.4886 -0.7988
vn 0.2975 -0.4975 -0.8149
vn 0.8068 -0.4998 -0.3150
vn 0.8090 0.4510 0.3770
vn 0.3594 0.4488 0.8182
vn -0.3051 0.4564 0.8358
vn -0.8288 0.4565 0.3236
vn -0.8123 0.4437 -0.3785
vn -0.3612 0.4399 -0.8222
vn 0.3061 0.4507 -0.8385
vn 0.8282 0.4578 -0.3234
vn 0.9991 0.0221 0.0369
vn 0.6998 0.0323 0.7136
vn 0.6979 0.0324 0.7155
vn 0.0345 0.0305 0.9989
vn 0.0293 0.0305 0.9991
vn -0.6948 0.0163 0.7190
vn -0.7035 0.0160 0.7106
vn -0.9996 -0.0031 -0.0267
vn -0.9993 -0.0033 -0.0371
vn -0.7001 -0.0142 -0.7139
vn -0.0346 -0.0121 -0.9993
vn -0.0291 -0.0120 -0.9995
vn 0.6948 0.0028 -0.7192
vn 0.7035 0.0031 -0.7106
vn 0.9994 0.0219 0.0268
vn 0.8118 -0.4448 0.3783
vn 0.3618 -0.4367 0.8236
vn -0.3052 -0.4560 0.8360
vn -0.8169 -0.4806 0.3190
vn -0.7912 -0.4879 -0.3687
vn -0.3507 -0.4895 -0.7984
vn 0.2990 -0.4897 -0.8190
vn 0.8207 -0.4730 -0.3205
vn 0.8099 0.4491 0.3774
vn 0.3589 0.4513 0.8170
vn -0.3062 0.4501 0.8388
vn -0.8406 0.4310 0.3282
vn -0.8302 0.4013 -0.3869
vn -0.3698 0.3928 -0.8420
vn 0.3124 0.4127 -0.8556
vn 0.8368 0.4394 -0.3267
vn 0.9984 0.0362 0.0425
vn 0.7001 0.0578 0.7117
vn 0.6960 0.0579 0.7157
vn 0.0373 0.0539 0.9978
vn 0.0262 0.0536 0.9982
vn -0.6899 0.0238 0.7235
vn -0.7082 0.0226 0.7057
vn -0.9996 -0.0170 -0.0209
vn -0.9989 -0.0180 -0.0427
vn -0.7007 -0.0403 -0.7123
vn -0.0375 -0.0360 -0.9986
vn -0.0261 -0.0358 -0.9990
vn 0.6900 -0.0052 -0.7238
vn 0.7083 -0.0040 -0.7059
vn 0.9992 0.0353 0.0210
vn 0.8286 -0.4055 0.3861
vn 0.3696 -0.3939 0.8415
vn -0.3112 -0.4199 0.8525
vn -0.8277 -0.4588 0.3232
vn -0.7963 -0.4778 -0.3711
vn -0.3523 -0.4824 -0.8020
vn 0.3015 -0.4765 -0.8259
vn 0.8337 -0.4461 -0.3255
vn 0.8134 0.4412 0.3791
vn 0.3598 0.4465 0.8192
vn -0.3081 0.4390 0.8440
vn -0.8515 0.4055 0.3325
vn -0.8446 0.3629 -0.3936
vn -0.3766 0.3509 -0.8574
vn 0.3176 0.3777 -0.8698
vn 0.8457 0.4193 -0.3302
vn 0.9978 0.0475 0.0468
vn 0.7000 0.0780 0.7098
vn 0.6943 0.0782 0.7155
vn 0.0395 0.0725 0.9966
vn 0.0237 0.0719 0.9971
vn -0.6860 0.0300 0.7270
vn -0.7119 0.0275 0.7017
vn -0.9995 -0.0279 -0.0163
vn -0.9984 -0.0298 -0.0471
vn -0.7009 -0.0610 -0.7107
vn -0.0397 -0.0552 -0.9977
vn -0.0237 -0.0546 -0.9982
vn 0.6861 -0.0120 -0.7274
vn 0.7121 -0.0094 -0.7020
vn 0.9988 0.0456 0.0164
vn 0.8435 -0.3660 0.3931
vn 0.3766 -0.3511 0.8573
vn -0.3167 -0.3834 0.8676
vn -0.8384 -0.4359 0.3274
vn -0.8022 -0.4656 -0.3738
vn -0.3544 -0.4729 -0.8067
vn 0.3043 -0.4614 -0.8334
vn 0.8461 -0.4182 -0.3304
vn 0.8178 0.4312 0.3811
vn 0.3613 0.4394 0.8225
vn -0.3103 0.4261 0.8498
vn -0.8619 0.3794 0.3365
vn -0.8572 0.3249 -0.3995
vn -0.3824 0.3095 -0.8706
vn 0.3222 0.3427 -0.8825
vn 0.8545 0.3982 -0.3336
vn 0.9970 0.0589 0.0506
vn 0.6996 0.0970 0.7079
vn 0.6924 0.0973 0.7150
vn 0.0414 0.0902 0.9951
vn 0.0215 0.0893 0.9958
vn -0.6825 0.0370 0.7300
vn -0.7152 0.0330 0.6982
vn -0.9993 -0.0361 -0.0122
vn -0.9979 -0.0391 -0.0510
vn -0.7008 -0.0780 -0.7090
vn -0.0417 -0.0708 -0.9966
vn -0.0215 -0.0699 -0.9973
vn 0.6827 -0.0167 -0.7305
vn 0.7154 -0.0127 -0.6986
vn 0.9984 0.0560 0.0122
vn 0.7972 -0.3352 0.5021
vn 0.0050 -0.3287 0.9444
vn -0.8004 -0.3334 0.4983
vn -0.7982 -0.3318 -0.5027
vn -0.0050 -0.3275 -0.9448
vn 0.7997 -0.3356 -0.4978
vn 0.8082 0.2963 0.5090
vn 0.0050 0.2940 0.9558
vn -0.8088 0.3039 0.5035
vn -0.8060 0.3044 -0.5076
vn -0.0050 0.2968 -0.9549
vn 0.8102 0.2986 -0.5044
vn 0.9999 -0.0153 0.0002
vn 0.4894 -0.0113 0.8720
vn 0.4816 -0.0111 0.8763
vn -0.4773 0.0089 0.8787
vn -0.4891 0.0092 0.8722
vn -0.9997 0.0264 -0.0002
vn -0.9996 0.0264 -0.0050
vn -0.4894 0.0218 -0.8718
vn -0.4814 0.0217 -0.8762
vn 0.4774 0.0017 -0.8787
vn 0.4891 0.0014 -0.8722
vn 0.7962 -0.3385 0.5015
vn 0.0050 -0.3144 0.9493
vn -0.8123 -0.2908 0.5056
vn -0.8126 -0.2790 -0.5118
vn -0.0050 -0.2938 -0.9558
vn 0.8017 -0.3291 -0.4990
vn 0.8201 0.2464 0.5165
vn 0.0051 0.2629 0.9648
vn -0.8100 0.2994 0.5042
vn -0.8046 0.3095 -0.5068
vn -0.0050 0.2846 -0.9586
vn 0.8200 0.2588 -0.5105
vn 0.9992 -0.0392 -0.0027
vn 0.4936 -0.0305 0.8692
vn 0.4768 -0.0299 0.8785
vn -0.4704 0.0124 0.8824
vn -0.4958 0.0138 0.8683
vn -0.9988 0.0499 0.0027
vn -0.9987 0.0501 -0.0077
vn -0.4934 0.0407 -0.8688
vn -0.4766 0.0401 -0.8782
vn 0.4706 -0.0021 -0.8824
vn 0.4958 -0.0035 -0.8684
vn 0.7980 -0.3324 0.5026
vn 0.0050 -0.2964 0.9551
vn -0.8213 -0.2530 0.5113
vn -0.8227 -0.2339 -0.5181
vn -0.0051 -0.2625 -0.9649
vn 0.8053 -0.3164 -0.5013
vn 0.8284 0.2038 0.5217
vn 0.0051 0.2339 0.9722
vn -0.8126 0.2893 0.5059
vn -0.8056 0.3061 -0.5074
vn -0.0051 0.2692 -0.9631
vn 0.8275 0.2234 -0.5151
vn 0.9983 -0.0575 -0.0050
vn 0.4967 -0.0452 0.8667
vn 0.4729 -0.0439 0.8800
vn -0.4649 0.0156 0.8852
vn -0.5009 0.0183 0.8653
vn -0.9976 0.0691 0.0050
vn -0.9975 0.0694 -0.0097
vn -0.4964 0.0563 -0.8663
vn -0.4725 0.0551 -0.8796
vn 0.4651 -0.0043 -0.8852
vn 0.5011 -0.0071 -0.8654
vn 0.7695 -0.4501 0.4531
vn 0.0353 -0.4572 0.8886
vn -0.7831 -0.4584 0.4202
vn -0.7701 -0.4487 -0.4534
vn -0.0353 -0.4538 -0.8904
vn 0.7840 -0.4564 -0.4207
vn 0.7871 0.4070 0.4635
vn 0.0361 0.4103 0.9112
vn -0.8021 0.4140 0.4304
vn -0.7858 0.4104 -0.4627
vn -0.0360 0.4187 -0.9074
vn 0.8002 0.4187 -0.4294
vn 0.9996 0.0098 0.0279
vn 0.5174 -0.0128 0.8556
vn 0.9999 0.0103 0.0118
vn 0.5093 -0.0129 0.8605
vn -0.4993 -0.0156 0.8663
vn -0.9999 0.0051 -0.0119
vn -0.9996 0.0056 -0.0278
vn -0.5174 0.0280 -0.8553
vn -0.5091 0.0282 -0.8602
vn 0.4991 0.0316 -0.8660
vn 0.4931 0.0316 -0.8694
vn 0.7771 -0.4322 0.4575
vn 0.0353 -0.4552 0.8897
vn -0.7893 -0.4446 0.4235
vn -0.7872 -0.4069 -0.4635
vn -0.0364 -0.3945 -0.9182
vn 0.8038 -0.4098 -0.4313
vn 0.8015 0.3673 0.4719
vn 0.0371 0.3530 0.9349
vn -0.8189 0.3693 0.4394
vn -0.7918 0.3947 -0.4662
vn -0.0360 0.4189 -0.9073
vn 0.8049 0.4071 -0.4319
vn 0.9992 0.0115 0.0371
vn 0.5219 -0.0361 0.8523
vn 0.9999 0.0134 0.0028
vn 0.5045 -0.0367 0.8626
vn -0.5024 -0.0426 0.8636
vn -1.0000 0.0015 -0.0028
vn -0.9993 0.0033 -0.0368
vn -0.5217 0.0508 -0.8516
vn -0.5042 0.0515 -0.8621
vn 0.5020 0.0580 -0.8629
vn 0.4893 0.0583 -0.8702
vn 0.7861 -0.4096 0.4629
vn 0.0355 -0.4436 0.8955
vn -0.7977 -0.4247 0.4280
vn -0.8016 -0.3669 -0.4720
vn -0.0373 -0.3411 -0.9393
vn 0.8200 -0.3660 -0.4400
vn 0.8136 0.3295 0.4790
vn 0.0378 0.3014 0.9527
vn -0.8326 0.3275 0.4467
vn -0.7989 0.3748 -0.4704
vn -0.0361 0.4104 -0.9112
vn 0.8114 0.3900 -0.4354
vn 0.9989 0.0134 0.0443
vn 0.5253 -0.0535 0.8493
vn 0.9998 0.0172 -0.0043
vn 0.5005 -0.0548 0.8640
vn -0.5047 -0.0630 0.8610
vn -1.0000 -0.0009 0.0044
vn -0.9990 0.0029 -0.0440
vn -0.5249 0.0695 -0.8483
vn -0.5001 0.0709 -0.8631
vn 0.5041 0.0798 -0.8600
vn 0.4860 0.0804 -0.8703
vn 0.8120 -0.3673 0.4537
vn -0.0386 -0.3638 0.9307
vn -0.7939 -0.3630 0.4878
vn -0.8108 -0.3705 -0.4530
vn 0.0386 -0.3634 -0.9308
vn 0.7951 -0.3595 -0.4885
vn 0.8219 0.3369 0.4592
vn -0.0391 0.3277 0.9440
vn -0.8067 0.3219 0.4956
vn -0.8243 0.3293 -0.4605
vn 0.0391 0.3287 -0.9436
vn 0.8043 0.3301 -0.4942
vn 0.9993 0.0311 -0.0203
vn 0.4946 0.0169 0.8689
vn 0.9993 0.0311 -0.0211
vn 0.4813 0.0166 0.8764
vn -0.5007 -0.0083 0.8656
vn -0.5114 -0.0085 0.8593
vn -0.9996 -0.0191 0.0203
vn -0.4947 -0.0047 -0.8691
vn -0.4815 -0.0044 -0.8764
vn 0.5006 0.0199 -0.8655
vn 0.5112 0.0202 -0.8592
vn 0.8288 -0.3143 0.4630
vn -0.0389 -0.3415 0.9391
vn -0.7933 -0.3649 0.4874
vn -0.8109 -0.3703 -0.4531
vn 0.0390 -0.3339 -0.9418
vn 0.8114 -0.3050 -0.4986
vn 0.8214 0.3386 0.4589
vn -0.0395 0.3006 0.9529
vn -0.8203 0.2702 0.5040
vn -0.8383 0.2790 -0.4684
vn 0.0394 0.3086 -0.9504
vn 0.8031 0.3339 -0.4935
vn 0.9980 0.0594 -0.0198
vn 0.5018 0.0295 0.8645
vn 0.9980 0.0594 -0.0215
vn 0.4735 0.0279 0.8803
vn -0.4943 -0.0242 0.8689
vn -0.5172 -0.0254 0.8555
vn -0.9987 -0.0478 0.0198
vn -0.5020 -0.0177 -0.8647
vn -0.4738 -0.0161 -0.8805
vn 0.4941 0.0354 -0.8687
vn 0.5169 0.0366 -0.8553
vn 0.8410 -0.2680 0.4699
vn -0.0393 -0.3172 0.9475
vn -0.7958 -0.3573 0.4889
vn -0.8141 -0.3611 -0.4548
vn 0.0394 -0.3046 -0.9517
vn 0.8232 -0.2578 -0.5058
vn 0.8234 0.3323 0.4600
vn -0.0398 0.2739 0.9609
vn -0.8301 0.2254 0.5100
vn -0.8485 0.2351 -0.4741
vn 0.0397 0.2870 -0.9571
vn 0.8045 0.3292 -0.4943
vn 0.9964 0.0824 -0.0194
vn 0.5073 0.0404 0.8608
vn 0.9964 0.0824 -0.0218
vn 0.4672 0.0372 0.8834
vn -0.4892 -0.0359 0.8714
vn -0.5216 -0.0383 0.8524
vn -0.9974 -0.0698 0.0193
vn -0.5076 -0.0275 -0.8611
vn -0.4675 -0.0244 -0.8836
vn 0.4889 0.0482 -0.8710
vn 0.5212 0.0505 -0.8520
vn 0.8132 -0.2694 0.5159
vn 0.0249 -0.2672 0.9633
vn -0.8250 -0.2748 0.4939
vn -0.8125 -0.2723 -0.5154
vn -0.0249 -0.2703 -0.9625
vn 0.8249 -0.2750 -0.4938
vn 0.8184 0.2464 0.5191
vn 0.0251 0.2445 0.9693
vn -0.8315 0.2468 0.4978
vn -0.8198 0.2396 -0.5201
vn -0.0251 0.2376 -0.9710
vn 0.8315 0.2465 -0.4978
vn 0.9997 0.0141 0.0186
vn 0.4931 0.0239 0.8696
vn 0.4929 0.0239 0.8698
vn -0.4772 0.0151 0.8787
vn -0.4864 0.0149 0.8736
vn -1.0000 -0.0051 -0.0072
vn -0.9998 -0.0053 -0.0187
vn -0.4932 -0.0155 -0.8698
vn 0.4772 -0.0064 -0.8788
vn 0.4865 -0.0063 -0.8737
vn 0.9999 0.0139 0.0072
vn 0.8228 -0.2251 0.5219
vn 0.0252 -0.2225 0.9746
vn -0.8301 -0.2529 0.4970
vn -0.8118 -0.2752 -0.5150
vn -0.0249 -0.2738 -0.9615
vn 0.8295 -0.2554 -0.4966
vn 0.8175 0.2506 0.5186
vn 0.0251 0.2495 0.9681
vn -0.8351 0.2294 0.4999
vn -0.8277 0.1982 -0.5250
vn -0.0254 0.1958 -0.9803
vn 0.8357 0.2267 -0.5003
vn 0.9994 0.0252 0.0250
vn 0.4928 0.0461 0.8689
vn 0.4924 0.0461 0.8691
vn -0.4718 0.0274 0.8813
vn -0.4917 0.0266 0.8704
vn -0.9999 -0.0157 -0.0005
vn -0.9995 -0.0167 -0.0251
vn -0.4930 -0.0380 -0.8692
vn 0.4718 -0.0191 -0.8815
vn 0.4918 -0.0183 -0.8705
vn 0.9997 0.0243 0.0005
vn 0.8294 -0.1879 0.5261
vn 0.0254 -0.1850 0.9824
vn -0.8348 -0.2309 0.4998
vn -0.8131 -0.2700 -0.5158
vn -0.0249 -0.2692 -0.9628
vn 0.8339 -0.2352 -0.4992
vn 0.8181 0.2478 0.5189
vn 0.0251 0.2472 0.9686
vn -0.8386 0.2115 0.5020
vn -0.8331 0.1633 -0.5285
vn -0.0255 0.1606 -0.9867
vn 0.8394 0.2071 -0.5025
vn 0.9989 0.0346 0.0301
vn 0.4925 0.0642 0.8680
vn 0.4918 0.0642 0.8683
vn -0.4676 0.0378 0.8831
vn -0.4958 0.0362 0.8677
vn -0.9997 -0.0235 0.0048
vn -0.9992 -0.0254 -0.0302
vn -0.4927 -0.0554 -0.8684
vn 0.4676 -0.0287 -0.8835
vn 0.4959 -0.0271 -0.8679
vn 0.9994 0.0328 -0.0048
vn 0.8267 -0.3586 0.4336
vn -0.0094 -0.3631 0.9317
vn -0.8235 -0.3548 0.4426
vn -0.8272 -0.3569 -0.4339
vn 0.0094 -0.3640 -0.9313
vn 0.8227 -0.3573 -0.4421
vn 0.8388 0.3208 0.4400
vn -0.0095 0.3292 0.9442
vn -0.8333 0.3241 0.4478
vn -0.8376 0.3247 -0.4393
vn 0.0095 0.3271 -0.9449
vn 0.8350 0.3183 -0.4488
vn 1.0000 -0.0092 -0.0033
vn 0.5176 0.0031 0.8556
vn 0.5086 0.0033 0.8610
vn -0.5147 0.0184 0.8572
vn -0.5200 0.0184 0.8540
vn -0.9998 0.0206 0.0034
vn -0.9998 0.0206 0.0067
vn -0.5175 0.0088 -0.8556
vn -0.5087 0.0087 -0.8609
vn 0.5147 -0.0066 -0.8574
vn 0.5202 -0.0066 -0.8540
vn 0.8308 -0.3462 0.4358
vn -0.0095 -0.3299 0.9440
vn -0.8378 -0.3090 0.4502
vn -0.8397 -0.3178 -0.4404
vn 0.0094 -0.3454 -0.9384
vn 0.8246 -0.3516 -0.4432
vn 0.8490 0.2843 0.4453
vn -0.0096 0.3128 0.9498
vn -0.8344 0.3204 0.4484
vn -0.8406 0.3145 -0.4409
vn 0.0096 0.2963 -0.9550
vn 0.8469 0.2752 -0.4551
vn 0.9997 -0.0263 -0.0014
vn 0.5227 -0.0005 0.8525
vn 0.5035 0.0002 0.8640
vn -0.5113 0.0323 0.8588
vn -0.5228 0.0326 0.8518
vn -0.9993 0.0373 0.0014
vn -0.9993 0.0374 0.0085
vn -0.5225 0.0121 -0.8525
vn -0.5035 0.0114 -0.8639
vn 0.5114 -0.0209 -0.8591
vn 0.5231 -0.0212 -0.8520
vn 0.8362 -0.3291 0.4386
vn -0.0096 -0.2980 0.9545
vn -0.8486 -0.2683 0.4560
vn -0.8497 -0.2819 -0.4457
vn 0.0095 -0.3238 -0.9461
vn 0.8287 -0.3390 -0.4454
vn 0.8573 0.2508 0.4497
vn -0.0096 0.2938 0.9558
vn -0.8373 0.3106 0.4500
vn -0.8448 0.3000 -0.4431
vn 0.0097 0.2669 -0.9637
vn 0.8558 0.2369 -0.4599
vn 0.9992 -0.0391 0.0001
vn 0.5266 -0.0029 0.8501
vn 0.4995 -0.0014 0.8663
vn -0.5085 0.0440 0.8599
vn -0.5249 0.0446 0.8500
vn -0.9987 0.0512 -0.0001
vn -0.9986 0.0514 0.0099
vn -0.5264 0.0155 -0.8501
vn -0.4994 0.0140 -0.8663
vn 0.5088 -0.0315 -0.8603
vn 0.5253 -0.0321 -0.8503
vn 0.9991 -0.0361 0.0208
vn 0.9958 -0.0892 0.0195
vn 0.2830 -0.5476 -0.7874
vn 0.3038 0.4398 -0.8452
vn 0.9912 -0.1310 0.0185
vn 0.7452 -0.5894 -0.3120
vn 0.9860 -0.1658 0.0177
vn -0.6821 -0.0336 0.7304
vn -0.6793 -0.0812 0.7293
vn -0.6760 -0.1188 0.7272
vn 0.8380 -0.3996 0.3717
vn -0.3088 -0.5096 0.8031
vn 0.3426 -0.2972 -0.8912
vn -0.6725 -0.1504 0.7247
vn -0.6982 -0.0142 -0.7158
vn -0.6966 -0.0404 -0.7163
vn 0.3696 -0.3939 0.8416
vn -0.6950 -0.0612 -0.7164
vn -0.6935 -0.0782 -0.7162
vn -0.8004 -0.3333 0.4983
vn 0.9999 -0.0154 0.0050
vn 0.9992 -0.0394 0.0077
vn 0.9983 -0.0578 0.0098
vn -0.4933 -0.0157 0.8697
vn -0.4896 -0.0429 0.8709
vn 0.8136 0.3295 0.4791
vn -0.4865 -0.0637 0.8714
vn -0.9996 -0.0191 0.0212
vn -0.9986 -0.0478 0.0216
vn -0.9973 -0.0698 0.0219
vn -0.4930 -0.0155 -0.8699
vn -0.4925 -0.0380 -0.8695
vn -0.4921 -0.0554 -0.8688
vn 0.9999 -0.0092 -0.0067
vn 0.9996 -0.0264 -0.0085
vn 0.9992 -0.0393 -0.0100
vt 0.511164 0.000000
vt 0.365218 0.172709
vt 0.389021 0.000000
vt 0.212736 0.172709
vt 0.268443 0.000000
vt 0.137488 0.000000
vt 2.005785 0.172709
vt 1.011372 0.000000
vt 2.137488 0.000000
vt 0.983885 0.172709
vt 0.872434 0.000000
vt 0.754840 0.000000
vt 0.803329 0.172709
vt 0.635980 0.000000
vt 0.655440 0.172709
vt 0.510979 0.345419
vt 0.509335 0.172709
vt 0.262769 0.345419
vt 0.123337 0.345419
vt 0.005785 0.172709
vt 1.152140 0.345419
vt 1.443981 0.172709
vt 0.884029 0.345419
vt 0.637957 0.345419
vt 0.419132 3.321334
vt 0.386609 0.345419
vt 0.338011 3.321334
vt 0.299597 3.321334
vt 2.123337 0.345419
vt 2.564059 3.321334
vt 0.564060 3.321334
vt 0.738576 3.321334
vt 0.759770 0.345419
vt 0.694069 3.321334
vt 0.611151 3.321334
vt 0.513501 3.321334
vt 0.397599 3.494043
vt 0.288569 3.494043
vt 0.187492 3.494043
vt 0.681443 3.494043
vt 0.831672 3.494043
vt 0.737336 3.494043
vt 0.628936 3.494043
vt 0.511826 3.494043
vt 0.419955 3.666752
vt 0.339853 3.666752
vt 0.303309 3.666752
vt 0.562661 3.666752
vt 0.735389 3.666752
vt 0.692445 3.666752
vt 0.610468 3.666752
vt 0.513566 3.666752
vt 0.455038 6.642667
vt 0.413432 6.642667
vt 0.421709 6.642667
vt 0.535044 6.642667
vt 0.627280 6.642667
vt 0.626406 6.642667
vt 0.581044 6.642667
vt 0.516379 6.642667
vt 0.437371 6.815377
vt 0.377685 6.815377
vt 0.371141 6.815377
vt 0.544035 6.815377
vt 0.675181 6.815377
vt 0.658809 6.815377
vt 0.595939 6.815377
vt 0.514946 6.815377
vt 0.455557 6.988086
vt 0.414440 6.988086
vt 0.422969 6.988086
vt 0.534851 6.988086
vt 0.626048 6.988086
vt 0.625483 6.988086
vt 0.580603 6.988086
vt 0.516421 6.988086
vt 0.479034 9.964001
vt 0.457187 9.964001
vt 0.469727 9.964001
vt 0.528400 9.964001
vt 0.578881 9.964001
vt 0.585675 9.964001
vt 0.560503 9.964001
vt 0.518395 9.964001
vt 0.465943 10.136710
vt 0.434018 10.136710
vt 0.445924 10.136710
vt 0.531523 10.136710
vt 0.603249 10.136710
vt 0.607405 10.136710
vt 0.571757 10.136710
vt 0.517283 10.136710
vt 0.479109 10.309420
vt 0.457314 10.309420
vt 0.469849 10.309420
vt 0.528385 10.309420
vt 0.578754 10.309420
vt 0.585554 10.309420
vt 0.560439 10.309420
vt 0.518401 10.309420
vt 0.494136 13.285335
vt 0.481846 13.285335
vt 0.491775 13.285335
vt 0.525738 13.285335
vt 0.555631 13.285335
vt 0.562106 13.285335
vt 0.547365 13.285335
vt 1.872029 0.000000
vt 1.897025 0.188202
vt 1.871152 0.000000
vt 1.846943 0.188202
vt 1.835476 0.000000
vt 1.788815 0.000000
vt 1.786048 0.188202
vt 1.742922 0.000000
vt 1.689378 0.188202
vt 1.719821 0.000000
vt 1.715351 0.188202
vt 1.743593 0.000000
vt 1.813403 0.000000
vt 1.822386 0.188202
vt 1.875455 0.376405
vt 1.906402 0.188202
vt 1.873913 0.376405
vt 1.788510 0.376405
vt 1.741011 0.376405
vt 1.725403 0.188202
vt 1.716638 0.376405
vt 1.814229 0.376405
vt 1.858830 3.619276
vt 1.860080 3.619276
vt 1.836734 0.376405
vt 1.830343 3.619276
vt 1.750699 3.619276
vt 1.732421 3.619276
vt 1.753891 3.619276
vt 1.740874 0.376405
vt 1.810344 3.619276
vt 1.885624 3.807479
vt 1.881858 3.807479
vt 1.840304 3.807479
vt 1.790068 3.619276
vt 1.735569 3.807479
vt 1.707392 3.807479
vt 1.732683 3.807479
vt 1.816763 3.807479
vt 1.860384 3.995681
vt 1.861420 3.995681
vt 1.830973 3.995681
vt 1.787645 3.807479
vt 1.749747 3.995681
vt 1.730909 3.995681
vt 1.752693 3.995681
vt 1.810695 3.995681
vt 1.842636 7.238553
vt 1.845466 7.238553
vt 1.823323 7.238553
vt 1.789914 3.995681
vt 1.761257 7.238553
vt 1.748657 7.238553
vt 1.766167 7.238553
vt 1.806823 7.238553
vt 1.861491 7.426755
vt 1.862370 7.426755
vt 1.831417 7.426755
vt 1.791798 7.238553
vt 1.749075 7.426755
vt 1.729836 7.426755
vt 1.751837 7.426755
vt 1.810946 7.426755
vt 1.843453 7.614957
vt 1.846233 7.614957
vt 1.823699 7.614957
vt 1.789805 7.426755
vt 1.760694 7.614957
vt 1.747815 7.614957
vt 1.765556 7.614957
vt 1.806995 7.614957
vt 1.829797 10.857829
vt 1.832974 10.857829
vt 1.817071 10.857829
vt 1.791705 7.614957
vt 1.770574 10.857829
vt 1.762180 10.857829
vt 1.775645 10.857829
vt 1.804188 10.857829
vt 1.842802 11.046031
vt 1.845623 11.046031
vt 1.823400 11.046031
vt 1.793355 10.857829
vt 1.761142 11.046031
vt 1.748485 11.046031
vt 1.766042 11.046031
vt 1.806858 11.046031
vt 1.830320 11.234234
vt 1.833500 11.234234
vt 1.817340 11.234234
vt 1.791779 11.046031
vt 1.770175 11.234234
vt 1.761617 11.234234
vt 1.775263 11.234234
vt 1.804293 11.234234
vt 1.820258 14.477105
vt 1.823116 14.477105
vt 1.811955 14.477105
vt 1.793288 11.234234
vt 1.778134 14.477105
vt 1.772624 14.477105
vt 1.782557 14.477105
vt 1.802308 14.477105
vt 1.091112 0.000000
vt 1.126058 0.187123
vt 1.140311 0.000000
vt 1.211975 0.000000
vt 1.237084 0.187123
vt 1.244066 0.000000
vt 1.243286 0.187123
vt 1.224081 0.000000
vt 1.185949 0.187123
vt 1.181185 0.000000
vt 1.134424 0.000000
vt 1.125026 0.187123
vt 1.095776 0.000000
vt 1.058149 0.187123
vt 1.087688 0.374247
vt 1.214430 0.374247
vt 1.247459 0.374247
vt 1.275928 0.187123
vt 1.226223 0.374247
vt 1.133362 0.374247
vt 1.093130 0.374247
vt 1.071818 0.187123
vt 1.143961 3.598526
vt 1.138947 0.374247
vt 1.205357 3.598526
vt 1.234584 3.598526
vt 1.217956 3.598526
vt 1.181724 0.374247
vt 1.137480 3.598526
vt 1.103300 3.598526
vt 1.100572 3.598526
vt 1.132614 3.785649
vt 1.225683 3.785649
vt 1.262215 3.785649
vt 1.183977 3.785649
vt 1.179631 3.598526
vt 1.081894 3.785649
vt 1.072562 3.785649
vt 1.098351 3.972772
vt 1.206890 3.972772
vt 1.236824 3.972772
vt 1.235260 3.785649
vt 1.219422 3.972772
vt 1.136746 3.972772
vt 1.128922 3.785649
vt 1.101505 3.972772
vt 1.148466 7.197052
vt 1.143119 3.972772
vt 1.197091 7.197052
vt 1.222021 7.197052
vt 1.209502 7.197052
vt 1.180004 3.972772
vt 1.141751 7.197052
vt 1.113586 7.197052
vt 1.112870 7.197052
vt 1.140137 7.384175
vt 1.212287 7.384175
vt 1.244501 7.384175
vt 1.224357 7.384175
vt 1.177454 7.197052
vt 1.181255 7.384175
vt 1.095435 7.384175
vt 1.090674 7.384175
vt 1.147933 7.571298
vt 1.198075 7.571298
vt 1.223561 7.571298
vt 1.210560 7.571298
vt 1.141213 7.571298
vt 1.134287 7.384175
vt 1.112305 7.571298
vt 1.111377 7.571298
vt 1.152444 10.795577
vt 1.189706 10.795577
vt 1.210080 10.795577
vt 1.201074 10.795577
vt 1.177729 7.571298
vt 1.146076 10.795577
vt 1.123721 10.795577
vt 1.124318 10.795577
vt 1.146461 10.982700
vt 1.200783 10.982700
vt 1.227735 10.982700
vt 1.213397 10.982700
vt 1.175243 10.795577
vt 1.178462 10.982700
vt 1.108862 10.982700
vt 1.107309 10.982700
vt 1.152090 11.169824
vt 1.190367 11.169824
vt 1.211177 11.169824
vt 1.201865 11.169824
vt 1.145667 11.169824
vt 1.139776 10.982700
vt 1.122775 11.169824
vt 1.123276 11.169824
vt 1.155797 14.394104
vt 1.183424 14.394104
vt 1.199355 14.394104
vt 1.193144 14.394104
vt 1.175453 11.169824
vt 1.150212 14.394104
vt 1.133146 14.394104
vt 1.134408 14.394104
vt 1.173123 14.394104
vt 0.402912 0.000000
vt 0.367955 0.122758
vt 0.374624 0.000000
vt 0.362500 0.000000
vt 0.350145 0.122758
vt 0.381624 0.000000
vt 0.424313 0.122758
vt 0.414864 0.000000
vt 0.422969 0.000000
vt 0.434308 0.122758
vt 0.403286 0.245515
vt 0.406270 0.122758
vt 0.361167 0.245515
vt 0.381071 0.245515
vt 0.376319 0.122758
vt 0.415859 0.245515
vt 0.376798 3.147632
vt 0.373885 0.245515
vt 0.366364 3.147632
vt 0.383202 3.147632
vt 0.412008 3.147632
vt 0.424208 0.245515
vt 0.419357 3.147632
vt 0.401808 3.147632
vt 0.370900 3.270389
vt 0.355694 3.270389
vt 0.378753 3.270389
vt 0.420007 3.270389
vt 0.429254 3.270389
vt 0.402091 3.393147
vt 0.404792 3.270389
vt 0.365381 3.393147
vt 0.382804 3.393147
vt 0.412730 3.393147
vt 0.420279 3.393147
vt 0.379549 6.295263
vt 0.376241 3.393147
vt 0.371146 6.295263
vt 0.385105 6.295263
vt 0.408535 6.295263
vt 0.414843 6.295263
vt 0.400404 6.295263
vt 0.374591 6.418021
vt 0.362440 6.418021
vt 0.381600 6.418021
vt 0.414908 6.418021
vt 0.423025 6.418021
vt 0.400620 6.540779
vt 0.402929 6.418021
vt 0.370421 6.540779
vt 0.384820 6.540779
vt 0.409057 6.540779
vt 0.415531 6.540779
vt 0.382476 9.442895
vt 0.379127 6.540779
vt 0.376101 9.442895
vt 0.387022 9.442895
vt 0.405006 9.442895
vt 0.410113 9.442895
vt 2.013959 0.000000
vt 1.998845 0.108573
vt 1.990231 0.000000
vt 1.946687 0.000000
vt 1.898716 0.108573
vt 1.916714 0.000000
vt 1.916078 0.108573
vt 1.931594 0.000000
vt 1.988464 0.000000
vt 2.033451 0.108573
vt 2.016065 0.217146
vt 1.946031 0.217146
vt 1.940860 0.108573
vt 1.914747 0.217146
vt 1.989664 0.217146
vt 2.000293 0.108573
vt 2.007226 2.783925
vt 1.991197 0.217146
vt 1.987084 2.783925
vt 1.923037 2.783925
vt 1.936573 2.783925
vt 1.929998 0.217146
vt 1.984746 2.783925
vt 2.023880 2.892498
vt 1.994703 2.892498
vt 1.948833 2.783925
vt 1.907498 2.892498
vt 1.923912 2.892498
vt 1.994273 2.892498
vt 2.008696 3.001070
vt 1.948358 3.001070
vt 1.943654 2.892498
vt 1.921651 3.001070
vt 1.935501 3.001070
vt 1.985544 3.001070
vt 1.998795 5.567849
vt 1.987780 3.001070
vt 1.983005 5.567849
vt 1.931033 5.567849
vt 1.942563 5.567849
vt 1.980322 5.567849
vt 2.012106 5.676422
vt 1.989375 5.676422
vt 1.951628 5.567849
vt 1.918448 5.676422
vt 1.932982 5.676422
vt 1.987424 5.676422
vt 1.999834 5.784995
vt 1.951276 5.784995
vt 1.947270 5.676422
vt 1.930042 5.784995
vt 1.941838 5.784995
vt 1.980854 5.784995
vt 1.990408 8.351773
vt 1.983516 5.784995
vt 1.978779 8.351773
vt 1.939077 8.351773
vt 1.948270 8.351773
vt 1.976151 8.351773
vt 1.954540 8.351773
vt 1.527784 0.103444
vt 1.562505 0.000000
vt 1.526155 0.000000
vt 1.564508 0.103444
vt 1.553543 0.000000
vt 1.520169 0.000000
vt 1.519296 0.103444
vt 1.487324 0.000000
vt 1.472111 0.103444
vt 1.487394 0.000000
vt 1.564282 0.206889
vt 1.579271 0.103444
vt 1.520071 0.206889
vt 1.485914 0.206889
vt 1.474523 0.103444
vt 1.526321 0.206889
vt 1.525629 2.652419
vt 1.556771 2.652419
vt 1.554754 0.206889
vt 1.549551 2.652419
vt 1.491965 2.652419
vt 1.492569 2.652419
vt 1.485785 0.206889
vt 1.526943 2.755863
vt 1.570800 2.755863
vt 1.559094 2.755863
vt 1.520493 2.652419
vt 1.480853 2.755863
vt 1.479861 2.755863
vt 1.525739 2.859308
vt 1.557978 2.859308
vt 1.550402 2.859308
vt 1.519723 2.755863
vt 1.490976 2.859308
vt 1.491482 2.859308
vt 1.525000 5.304838
vt 1.549700 5.304838
vt 1.544438 5.304838
vt 1.520424 2.859308
vt 1.497891 5.304838
vt 1.498918 5.304838
vt 1.525980 5.408283
vt 1.560619 5.408283
vt 1.552245 5.408283
vt 1.520914 5.304838
vt 1.488834 5.408283
vt 1.489098 5.408283
vt 1.525073 5.511727
vt 1.550530 5.511727
vt 1.545050 5.511727
vt 1.520274 5.408283
vt 1.497184 5.511727
vt 1.498175 5.511727
vt 1.524409 7.957257
vt 1.542843 7.957257
vt 1.539268 7.957257
vt 1.520864 5.511727
vt 1.503865 7.957257
vt 1.505040 7.957257
vt 1.521347 7.957257
vt 1.121387 0.000000
vt 1.155632 0.146931
vt 1.156204 0.000000
vt 1.191821 0.000000
vt 1.206524 0.146931
vt 1.189541 0.000000
vt 1.158705 0.146931
vt 1.158378 0.000000
vt 1.127048 0.000000
vt 1.116118 0.146931
vt 1.119771 0.293862
vt 1.106125 0.146931
vt 1.193374 0.293862
vt 1.190820 0.293862
vt 1.201163 0.146931
vt 1.125844 0.293862
vt 1.156391 3.767467
vt 1.156145 0.293862
vt 1.186810 3.767467
vt 1.185322 3.767467
vt 1.158415 0.293862
vt 1.131023 3.767467
vt 1.126608 3.767467
vt 1.155927 3.914398
vt 1.199061 3.914398
vt 1.195399 3.914398
vt 1.158257 3.767467
vt 1.121535 3.914398
vt 1.113860 3.914398
vt 1.156352 4.061329
vt 1.187859 4.061329
vt 1.186216 4.061329
vt 1.158544 3.914398
vt 1.130179 4.061329
vt 1.125514 4.061329
vt 1.156615 7.534934
vt 1.180647 7.534934
vt 1.179935 7.534934
vt 1.158283 4.061329
vt 1.136103 7.534934
vt 1.133042 7.534934
vt 1.156267 7.681865
vt 1.190137 7.681865
vt 1.188138 7.681865
vt 1.158100 7.534934
vt 1.128369 7.681865
vt 1.123140 7.681865
vt 1.156590 7.828796
vt 1.181366 7.828796
vt 1.180575 7.828796
vt 1.158338 7.681865
vt 1.135499 7.828796
vt 1.132292 7.828796
vt 1.156827 11.302401
vt 1.174696 11.302401
vt 1.174516 11.302401
vt 1.158119 7.828796
vt 1.141221 11.302401
vt 1.139268 11.302401
vt 1.157940 11.302401
vt 0.594402 0.139876
vt 0.563955 0.000000
vt 0.599572 0.000000
vt 0.558470 0.139876
vt 0.576804 0.000000
vt 0.647736 0.139876
vt 0.636998 0.000000
vt 0.669783 0.000000
vt 0.655154 0.139876
vt 0.645269 0.000000
vt 0.561857 0.279751
vt 0.544893 0.139876
vt 0.574916 0.279751
vt 0.672120 0.279751
vt 0.691386 0.139876
vt 0.646382 0.279751
vt 0.598987 0.279751
vt 0.570357 3.586554
vt 0.582388 3.586554
vt 0.633802 3.586554
vt 0.638087 0.279751
vt 0.662712 3.586554
vt 0.641828 3.586554
vt 0.601381 3.586554
vt 0.553686 3.726429
vt 0.567267 3.726429
vt 0.642535 3.726429
vt 0.681318 3.726429
vt 0.596749 3.726429
vt 0.568823 3.866305
vt 0.581074 3.866305
vt 0.634551 3.866305
vt 0.664398 3.866305
vt 0.650657 3.726429
vt 0.642659 3.866305
vt 0.600944 3.866305
vt 0.578453 7.173108
vt 0.589086 7.173108
vt 0.630009 7.173108
vt 0.653902 7.173108
vt 0.637382 7.173108
vt 0.603727 7.173108
vt 0.564688 7.312984
vt 0.577457 7.312984
vt 0.636623 7.312984
vt 0.668969 7.312984
vt 0.599777 7.312984
vt 0.577322 7.452859
vt 0.588174 7.452859
vt 0.630523 7.452859
vt 0.655124 7.452859
vt 0.644878 7.312984
vt 0.638010 7.452859
vt 0.603395 7.452859
vt 0.586838 10.759662
vt 0.595635 10.759662
vt 0.626341 10.759662
vt 0.644930 10.759662
vt 0.632655 10.759662
vt 0.606232 10.759662
vt 0.519717 13.285335
vt 1.794643 14.477105
vt 0.398903 9.442895
s 0
f 1/1/1 10/2/1 2/3/1
f 2/3/2 11/4/2 3/5/2
f 11/4/3 4/6/3 3/5/3
f 12/7/4 5/8/4 4/9/4
f 5/8/5 14/10/5 6/11/5
f 14/10/6 7/12/6 6/11/6
f 15/13/7 8/14/7 7/12/7
f 16/15/8 1/1/8 8/14/8
f 17/16/9 10/2/9 9/17/9
f 10/2/10 19/18/10 11/4/10
f 11/4/11 20/19/11 12/20/11
f 12/7/12 21/21/12 13/22/12
f 21/21/13 14/10/13 13/22/13
f 22/23/14 15/13/14 14/10/14
f 15/13/15 24/24/15 16/15/15
f 24/24/16 9/17/16 16/15/16
s 1
f 17/16/17 26/25/18 18/26/19
f 18/26/19 27/27/20 19/18/21
f 19/18/21 28/28/22 20/19/23
f 20/29/23 29/30/24 21/21/25
f 29/31/24 22/23/26 21/21/25
f 30/32/27 23/33/28 22/23/26
f 31/34/29 24/24/30 23/33/28
f 32/35/31 17/16/17 24/24/30
s 0
f 25/36/32 34/37/32 26/25/32
f 26/25/33 35/38/33 27/27/33
f 27/27/34 36/39/34 28/28/34
f 28/28/35 37/40/35 29/31/35
f 37/40/36 30/32/36 29/31/36
f 38/41/37 31/34/37 30/32/37
f 39/42/38 32/35/38 31/34/38
f 40/43/39 25/36/39 32/35/39
f 33/44/40 42/45/40 34/37/40
f 34/37/41 43/46/41 35/38/41
f 35/38/42 44/47/42 36/39/42
f 36/39/43 45/48/43 37/40/43
f 45/48/44 38/41/44 37/40/44
f 46/49/45 39/42/45 38/41/45
f 47/50/46 40/43/46 39/42/46
f 48/51/47 33/44/47 40/43/47
s 1
f 41/52/48 50/53/49 42/45/50
f 42/45/50 51/54/51 43/46/52
f 43/46/52 52/55/53 44/47/54
f 44/47/54 53/56/55 45/48/56
f 53/56/55 46/49/57 45/48/56
f 54/57/58 47/50/59 46/49/57
f 55/58/60 48/51/61 47/50/59
f 56/59/62 41/52/48 48/51/61
s 0
f 49/60/63 58/61/63 50/53/63
f 50/53/64 59/62/64 51/54/64
f 51/54/65 60/63/65 52/55/65
f 52/55/66 61/64/66 53/56/66
f 61/64/67 54/57/67 53/56/67
f 62/65/68 55/58/68 54/57/68
f 63/66/69 56/59/69 55/58/69
f 64/67/70 49/60/70 56/59/70
f 57/68/71 66/69/71 58/61/71
f 58/61/72 67/70/72 59/62/72
f 59/62/73 68/71/73 60/63/73
f 60/63/74 69/72/74 61/64/74
f 69/72/75 62/65/75 61/64/75
f 70/73/76 63/66/76 62/65/76
f 71/74/77 64/67/77 63/66/77
f 72/75/78 57/68/78 64/67/78
s 1
f 65/76/79 74/77/80 66/69/81
f 66/69/81 75/78/82 67/70/83
f 67/70/83 76/79/84 68/71/85
f 68/71/85 77/80/86 69/72/87
f 77/80/86 70/73/88 69/72/87
f 78/81/89 71/74/90 70/73/88
f 79/82/91 72/75/92 71/74/90
f 80/83/93 65/76/79 72/75/92
s 0
f 73/84/94 82/85/94 74/77/94
f 74/77/95 83/86/95 75/78/95
f 75/78/96 84/87/96 76/79/96
f 76/79/97 85/88/97 77/80/97
f 85/88/98 78/81/98 77/80/98
f 86/89/99 79/82/99 78/81/99
f 87/90/100 80/83/100 79/82/100
f 88/91/101 73/84/101 80/83/101
f 81/92/102 90/93/102 82/85/102
f 82/85/103 91/94/103 83/86/103
f 83/86/104 92/95/104 84/87/104
f 84/87/105 93/96/105 85/88/105
f 93/96/106 86/89/106 85/88/106
f 94/97/107 87/90/107 86/89/107
f 95/98/108 88/91/108 87/90/108
f 96/99/109 81/92/109 88/91/109
s 1
f 89/100/110 98/101/111 90/93/112
f 90/93/112 99/102/113 91/94/114
f 91/94/114 100/103/115 92/95/116
f 92/95/116 101/104/117 93/96/118
f 101/104/117 94/97/119 93/96/118
f 102/105/120 95/98/121 94/97/119
f 103/106/122 96/99/123 95/98/121
f 104/107/124 89/100/110 96/99/123
s 0
f 7/12/125 8/14/125 2/3/125
f 100/103/126 99/102/126 102/105/126
f 105/108/127 114/109/127 106/110/127
f 106/110/128 115/111/128 107/112/128
f 115/111/129 108/113/129 107/112/129
f 116/114/130 109/115/130 108/113/130
f 109/115/131 118/116/131 110/117/131
f 110/117/132 119/118/132 111/119/132
f 119/118/133 112/120/133 111/119/133
f 120/121/134 105/108/134 112/120/134
f 121/122/135 114/109/135 113/123/135
f 122/124/136 115/111/136 114/109/136
f 115/111/137 124/125/137 116/114/137
f 116/114/138 125/126/138 117/127/138
f 125/126/139 118/116/139 117/127/139
f 126/128/140 119/118/140 118/116/140
f 119/118/141 128/129/141 120/121/141
f 120/121/142 121/122/142 113/123/142
s 1
f 129/130/143 122/124/144 121/122/145
f 130/131/146 123/132/147 122/124/144
f 131/133/148 124/125/149 123/132/147
f 124/125/149 133/134/150 125/126/151
f 125/126/151 134/135/152 126/128/153
f 126/128/153 135/136/154 127/137/155
f 127/137/155 136/138/156 128/129/157
f 136/138/156 121/122/145 128/129/157
s 0
f 137/139/158 130/131/158 129/130/158
f 138/140/159 131/133/159 130/131/159
f 139/141/160 132/142/160 131/133/160
f 132/142/161 141/143/161 133/134/161
f 133/134/162 142/144/162 134/135/162
f 134/135/163 143/145/163 135/136/163
f 135/136/164 144/146/164 136/138/164
f 144/146/165 129/130/165 136/138/165
f 145/147/166 138/140/166 137/139/166
f 146/148/167 139/141/167 138/140/167
f 147/149/168 140/150/168 139/141/168
f 140/150/169 149/151/169 141/143/169
f 141/143/170 150/152/170 142/144/170
f 142/144/171 151/153/171 143/145/171
f 143/145/172 152/154/172 144/146/172
f 152/154/173 137/139/173 144/146/173
s 1
f 153/155/174 146/148/175 145/147/176
f 154/156/177 147/149/178 146/148/175
f 155/157/179 148/158/180 147/149/178
f 148/158/180 157/159/181 149/151/182
f 149/151/182 158/160/183 150/152/184
f 150/152/184 159/161/185 151/153/186
f 151/153/186 160/162/187 152/154/188
f 160/162/187 145/147/176 152/154/188
s 0
f 161/163/189 154/156/189 153/155/189
f 162/164/190 155/157/190 154/156/190
f 163/165/191 156/166/191 155/157/191
f 156/166/192 165/167/192 157/159/192
f 157/159/193 166/168/193 158/160/193
f 158/160/194 167/169/194 159/161/194
f 159/161/195 168/170/195 160/162/195
f 168/170/196 153/155/196 160/162/196
f 169/171/197 162/164/197 161/163/197
f 170/172/198 163/165/198 162/164/198
f 171/173/199 164/174/199 163/165/199
f 164/174/200 173/175/200 165/167/200
f 165/167/201 174/176/201 166/168/201
f 166/168/202 175/177/202 167/169/202
f 167/169/203 176/178/203 168/170/203
f 176/178/204 161/163/204 168/170/204
s 1
f 177/179/205 170/172/206 169/171/207
f 178/180/208 171/173/209 170/172/206
f 179/181/210 172/182/211 171/173/209
f 172/182/211 181/183/212 173/175/213
f 173/175/213 182/184/214 174/176/215
f 174/176/215 183/185/216 175/177/217
f 175/177/217 184/186/218 176/178/219
f 184/186/218 169/171/207 176/178/219
s 0
f 185/187/220 178/180/220 177/179/220
f 186/188/221 179/181/221 178/180/221
f 187/189/222 180/190/222 179/181/222
f 180/190/223 189/191/223 181/183/223
f 181/183/224 190/192/224 182/184/224
f 182/184/225 191/193/225 183/185/225
f 183/185/226 192/194/226 184/186/226
f 192/194/227 177/179/227 184/186/227
f 193/195/228 186/188/228 185/187/228
f 194/196/229 187/189/229 186/188/229
f 195/197/230 188/198/230 187/189/230
f 188/198/231 197/199/231 189/191/231
f 189/191/232 198/200/232 190/192/232
f 190/192/233 199/201/233 191/193/233
f 191/193/234 200/202/234 192/194/234
f 200/202/235 185/187/235 192/194/235
s 1
f 201/203/236 194/196/237 193/195/238
f 202/204/239 195/197/240 194/196/237
f 203/205/241 196/206/242 195/197/240
f 196/206/242 205/207/243 197/199/244
f 197/199/244 206/208/245 198/200/246
f 198/200/246 207/209/247 199/201/248
f 199/201/248 208/210/249 200/202/250
f 208/210/249 193/195/238 200/202/250
s 0
f 110/117/125 111/119/125 108/113/125
f 203/205/126 202/204/126 208/210/126
f 209/211/251 218/212/251 210/213/251
f 218/212/252 211/214/252 210/213/252
f 219/215/253 212/216/253 211/214/253
f 212/216/254 221/217/254 213/218/254
f 213/218/255 222/219/255 214/220/255
f 222/219/256 215/221/256 214/220/256
f 223/222/257 216/223/257 215/221/257
f 216/223/258 217/224/258 209/211/258
f 225/225/259 218/212/259 217/224/259
f 218/212/260 227/226/260 219/215/260
f 219/215/261 228/227/261 220/228/261
f 228/227/262 221/217/262 220/228/262
f 229/229/263 222/219/263 221/217/263
f 222/219/264 231/230/264 223/222/264
f 223/222/265 232/231/265 224/232/265
f 232/231/266 217/224/266 224/232/266
s 1
f 225/225/267 234/233/268 226/234/269
f 234/233/268 227/226/270 226/234/269
f 235/235/271 228/227/272 227/226/270
f 236/236/273 229/229/274 228/227/272
f 237/237/275 230/238/276 229/229/274
f 230/238/276 239/239/277 231/230/278
f 231/230/278 240/240/279 232/231/280
f 232/231/280 233/241/281 225/225/267
s 0
f 233/241/282 242/242/282 234/233/282
f 242/242/283 235/235/283 234/233/283
f 243/243/284 236/236/284 235/235/284
f 244/244/285 237/237/285 236/236/285
f 237/237/286 246/245/286 238/246/286
f 246/245/287 239/239/287 238/246/287
f 239/239/288 248/247/288 240/240/288
f 240/240/289 241/248/289 233/241/289
f 249/249/290 242/242/290 241/248/290
f 242/242/291 251/250/291 243/243/291
f 251/250/292 244/244/292 243/243/292
f 252/251/293 245/252/293 244/244/293
f 253/253/294 246/245/294 245/252/294
f 246/245/295 255/254/295 247/255/295
f 247/255/296 256/256/296 248/247/296
f 248/247/297 249/249/297 241/248/297
s 1
f 249/249/298 258/257/299 250/258/300
f 258/257/299 251/250/301 250/258/300
f 259/259/302 252/251/303 251/250/301
f 260/260/304 253/253/305 252/251/303
f 261/261/306 254/262/307 253/253/305
f 254/262/307 263/263/308 255/254/309
f 255/254/309 264/264/310 256/256/311
f 256/256/311 257/265/312 249/249/298
s 0
f 257/265/313 266/266/313 258/257/313
f 266/266/314 259/259/314 258/257/314
f 267/267/315 260/260/315 259/259/315
f 268/268/316 261/261/316 260/260/316
f 269/269/317 262/270/317 261/261/317
f 270/271/318 263/263/318 262/270/318
f 263/263/319 272/272/319 264/264/319
f 264/264/320 265/273/320 257/265/320
f 265/273/321 274/274/321 266/266/321
f 266/266/322 275/275/322 267/267/322
f 275/275/323 268/268/323 267/267/323
f 276/276/324 269/269/324 268/268/324
f 277/277/325 270/271/325 269/269/325
f 270/271/326 279/278/326 271/279/326
f 271/279/327 280/280/327 272/272/327
f 272/272/328 273/281/328 265/273/328
s 1
f 273/281/329 282/282/330 274/274/331
f 282/282/330 275/275/332 274/274/331
f 283/283/333 276/276/334 275/275/332
f 284/284/335 277/277/336 276/276/334
f 285/285/337 278/286/338 277/277/336
f 278/286/338 287/287/339 279/278/340
f 279/278/340 288/288/341 280/280/342
f 280/280/342 281/289/343 273/281/329
s 0
f 281/289/344 290/290/344 282/282/344
f 290/290/345 283/283/345 282/282/345
f 291/291/346 284/284/346 283/283/346
f 292/292/347 285/285/347 284/284/347
f 293/293/348 286/294/348 285/285/348
f 294/295/349 287/287/349 286/294/349
f 287/287/350 296/296/350 288/288/350
f 288/288/351 289/297/351 281/289/351
f 289/297/352 298/298/352 290/290/352
f 290/290/353 299/299/353 291/291/353
f 299/299/354 292/292/354 291/291/354
f 300/300/355 293/293/355 292/292/355
f 301/301/356 294/295/356 293/293/356
f 294/295/357 303/302/357 295/303/357
f 295/303/358 304/304/358 296/296/358
f 296/296/359 297/305/359 289/297/359
s 1
f 297/305/360 306/306/361 298/298/362
f 306/306/361 299/299/363 298/298/362
f 307/307/364 300/300/365 299/299/363
f 308/308/366 301/301/367 300/300/365
f 309/309/368 302/310/369 301/301/367
f 302/310/369 311/311/370 303/302/371
f 303/302/371 312/312/372 304/304/373
f 304/304/373 305/313/374 297/305/360
s 0
f 214/220/125 215/221/125 210/213/125
f 307/307/126 306/306/126 310/314/126
f 313/315/375 320/316/375 314/317/375
f 320/316/376 315/318/376 314/317/376
f 321/319/377 316/320/377 315/318/377
f 316/320/378 323/321/378 317/322/378
f 323/321/379 318/323/379 317/322/379
f 324/324/380 313/315/380 318/323/380
f 325/325/381 320/316/381 319/326/381
f 320/316/382 327/327/382 321/319/382
f 321/319/383 328/328/383 322/329/383
f 328/328/384 323/321/384 322/329/384
f 329/330/385 324/324/385 323/321/385
f 324/324/386 325/325/386 319/326/386
s 1
f 325/325/387 332/331/388 326/332/389
f 326/332/389 333/333/390 327/327/391
f 327/327/391 334/334/392 328/328/393
f 334/334/392 329/330/394 328/328/393
f 335/335/395 330/336/396 329/330/394
f 336/337/397 325/325/387 330/336/396
s 0
f 331/338/398 338/339/398 332/331/398
f 332/331/399 339/340/399 333/333/399
f 333/333/400 340/341/400 334/334/400
f 334/334/401 341/342/401 335/335/401
f 341/342/402 336/337/402 335/335/402
f 342/343/403 331/338/403 336/337/403
f 343/344/404 338/339/404 337/345/404
f 338/339/405 345/346/405 339/340/405
f 339/340/406 346/347/406 340/341/406
f 346/347/407 341/342/407 340/341/407
f 347/348/408 342/343/408 341/342/408
f 348/349/409 337/345/409 342/343/409
s 1
f 343/344/410 350/350/411 344/351/412
f 344/351/412 351/352/413 345/346/414
f 345/346/414 352/353/415 346/347/416
f 352/353/415 347/348/417 346/347/416
f 353/354/418 348/349/419 347/348/417
f 354/355/420 343/344/410 348/349/419
s 0
f 349/356/421 356/357/421 350/350/421
f 350/350/422 357/358/422 351/352/422
f 351/352/423 358/359/423 352/353/423
f 352/353/424 359/360/424 353/354/424
f 359/360/425 354/355/425 353/354/425
f 360/361/426 349/356/426 354/355/426
f 361/362/427 356/357/427 355/363/427
f 356/357/428 363/364/428 357/358/428
f 357/358/429 364/365/429 358/359/429
f 364/365/430 359/360/430 358/359/430
f 365/366/431 360/361/431 359/360/431
f 366/367/432 355/363/432 360/361/432
s 1
f 361/362/433 368/368/434 362/369/435
f 362/369/435 369/370/436 363/364/437
f 363/364/437 370/371/438 364/365/439
f 370/371/438 365/366/440 364/365/439
f 371/372/441 366/367/442 365/366/440
f 372/373/443 361/362/433 366/367/442
s 0
f 317/322/125 318/323/125 314/317/125
f 368/368/126 371/372/126 369/370/126
f 373/374/444 380/375/444 374/376/444
f 380/375/445 375/377/445 374/376/445
f 375/377/446 382/378/446 376/379/446
f 376/379/447 383/380/447 377/381/447
f 383/380/448 378/382/448 377/381/448
f 378/382/449 379/383/449 373/374/449
f 385/384/450 380/375/450 379/383/450
f 380/375/451 387/385/451 381/386/451
f 387/385/452 382/378/452 381/386/452
f 388/387/453 383/380/453 382/378/453
f 383/380/454 390/388/454 384/389/454
f 390/388/455 379/383/455 384/389/455
s 1
f 391/390/456 386/391/457 385/384/458
f 392/392/459 387/385/460 386/391/457
f 387/385/460 394/393/461 388/387/462
f 388/387/462 395/394/463 389/395/464
f 389/395/464 396/396/465 390/388/466
f 396/396/465 385/384/458 390/388/466
s 0
f 397/397/467 392/392/467 391/390/467
f 398/398/468 393/399/468 392/392/468
f 393/399/469 400/400/469 394/393/469
f 394/393/470 401/401/470 395/394/470
f 401/401/471 396/396/471 395/394/471
f 402/402/472 391/390/472 396/396/472
f 403/403/473 398/398/473 397/397/473
f 398/398/474 405/404/474 399/405/474
f 399/405/475 406/406/475 400/400/475
f 400/400/476 407/407/476 401/401/476
f 401/401/477 408/408/477 402/402/477
f 408/408/478 397/397/478 402/402/478
s 1
f 409/409/479 404/410/480 403/403/481
f 410/411/482 405/404/483 404/410/480
f 405/404/483 412/412/484 406/406/485
f 406/406/485 413/413/486 407/407/487
f 407/407/487 414/414/488 408/408/489
f 414/414/488 403/403/481 408/408/489
s 0
f 415/415/490 410/411/490 409/409/490
f 416/416/491 411/417/491 410/411/491
f 411/417/492 418/418/492 412/412/492
f 412/412/493 419/419/493 413/413/493
f 419/419/494 414/414/494 413/413/494
f 420/420/495 409/409/495 414/414/495
f 421/421/496 416/416/496 415/415/496
f 416/416/497 423/422/497 417/423/497
f 417/423/498 424/424/498 418/418/498
f 418/418/499 425/425/499 419/419/499
f 419/419/500 426/426/500 420/420/500
f 426/426/501 415/415/501 420/420/501
s 1
f 427/427/502 422/428/503 421/421/504
f 428/429/505 423/422/506 422/428/503
f 423/422/506 430/430/507 424/424/508
f 424/424/508 431/431/509 425/425/510
f 425/425/510 432/432/511 426/426/512
f 432/432/511 421/421/504 426/426/512
s 0
f 376/379/125 377/381/125 374/376/125
f 430/430/126 429/433/126 428/429/126
f 439/434/513 434/435/513 433/436/513
f 434/435/514 441/437/514 435/438/514
f 441/437/515 436/439/515 435/438/515
f 442/440/516 437/441/516 436/439/516
f 437/441/517 444/442/517 438/443/517
f 444/442/518 433/436/518 438/443/518
f 439/434/519 446/444/519 440/445/519
f 446/444/520 441/437/520 440/445/520
f 441/437/521 448/446/521 442/440/521
f 442/440/522 449/447/522 443/448/522
f 449/447/523 444/442/523 443/448/523
f 444/442/524 445/449/524 439/434/524
s 1
f 451/450/525 446/444/526 445/449/527
f 452/451/528 447/452/529 446/444/526
f 453/453/530 448/446/531 447/452/529
f 448/446/531 455/454/532 449/447/533
f 449/447/533 456/455/534 450/456/535
f 450/456/535 451/450/525 445/449/527
s 0
f 457/457/536 452/451/536 451/450/536
f 458/458/537 453/453/537 452/451/537
f 459/459/538 454/460/538 453/453/538
f 454/460/539 461/461/539 455/454/539
f 455/454/540 462/462/540 456/455/540
f 456/455/541 457/457/541 451/450/541
f 463/463/542 458/458/542 457/457/542
f 464/464/543 459/459/543 458/458/543
f 465/465/544 460/466/544 459/459/544
f 460/466/545 467/467/545 461/461/545
f 461/461/546 468/468/546 462/462/546
f 462/462/547 463/463/547 457/457/547
s 1
f 469/469/548 464/464/549 463/463/550
f 470/470/551 465/465/552 464/464/549
f 471/471/553 466/472/554 465/465/552
f 466/472/554 473/473/555 467/467/556
f 467/467/556 474/474/557 468/468/558
f 468/468/558 469/469/548 463/463/550
s 0
f 475/475/559 470/470/559 469/469/559
f 476/476/560 471/471/560 470/470/560
f 477/477/561 472/478/561 471/471/561
f 472/478/562 479/479/562 473/473/562
f 473/473/563 480/480/563 474/474/563
f 474/474/564 475/475/564 469/469/564
f 481/481/565 476/476/565 475/475/565
f 482/482/566 477/477/566 476/476/566
f 483/483/567 478/484/567 477/477/567
f 478/484/568 485/485/568 479/479/568
f 479/479/569 486/486/569 480/480/569
f 480/480/570 481/481/570 475/475/570
s 1
f 487/487/571 482/482/572 481/481/573
f 488/488/574 483/483/575 482/482/572
f 489/489/576 484/490/577 483/483/575
f 484/490/577 491/491/578 485/485/579
f 485/485/579 492/492/580 486/486/581
f 486/486/581 487/487/571 481/481/573
s 0
f 436/439/125 437/441/125 438/443/125
f 490/493/126 489/489/126 492/492/126
f 493/494/582 500/495/582 494/496/582
f 500/495/583 495/497/583 494/496/583
f 501/498/584 496/499/584 495/497/584
f 496/499/585 503/500/585 497/501/585
f 503/500/586 498/502/586 497/501/586
f 504/503/587 493/494/587 498/502/587
f 505/504/588 500/495/588 499/505/588
f 500/495/589 507/506/589 501/498/589
f 501/498/590 508/507/590 502/508/590
f 508/507/591 503/500/591 502/508/591
f 503/500/592 510/509/592 504/503/592
f 504/503/593 505/504/593 499/505/593
s 1
f 505/504/594 512/510/595 506/511/596
f 512/510/595 507/506/597 506/511/596
f 513/512/598 508/507/599 507/506/597
f 514/513/600 509/514/601 508/507/599
f 509/514/601 516/515/602 510/509/603
f 510/509/603 511/516/604 505/504/594
s 0
f 511/516/605 518/517/605 512/510/605
f 518/517/606 513/512/606 512/510/606
f 519/518/607 514/513/607 513/512/607
f 520/519/608 515/520/608 514/513/608
f 515/520/609 522/521/609 516/515/609
f 516/515/610 517/522/610 511/516/610
f 517/522/611 524/523/611 518/517/611
f 524/523/612 519/518/612 518/517/612
f 525/524/613 520/519/613 519/518/613
f 526/525/614 521/526/614 520/519/614
f 521/526/615 528/527/615 522/521/615
f 522/521/616 523/528/616 517/522/616
s 1
f 523/528/617 530/529/618 524/523/619
f 530/529/618 525/524/620 524/523/619
f 531/530/621 526/525/622 525/524/620
f 532/531/623 527/532/624 526/525/622
f 527/532/624 534/533/625 528/527/626
f 528/527/626 529/534/627 523/528/617
s 0
f 529/534/628 536/535/628 530/529/628
f 536/535/629 531/530/629 530/529/629
f 537/536/630 532/531/630 531/530/630
f 538/537/631 533/538/631 532/531/631
f 533/538/632 540/539/632 534/533/632
f 534/533/633 535/540/633 529/534/633
f 535/540/634 542/541/634 536/535/634
f 542/541/635 537/536/635 536/535/635
f 543/542/636 538/537/636 537/536/636
f 544/543/637 539/544/637 538/537/637
f 539/544/638 546/545/638 540/539/638
f 540/539/639 541/546/639 535/540/639
s 1
f 541/546/640 548/547/641 542/541/642
f 548/547/641 543/542/643 542/541/642
f 549/548/644 544/543/645 543/542/643
f 550/549/646 545/550/647 544/543/645
f 545/550/647 552/551/648 546/545/649
f 546/545/649 547/552/650 541/546/640
s 0
f 497/501/125 498/502/125 494/496/125
f 548/547/126 551/553/126 549/548/126
f 559/554/651 554/555/651 553/556/651
f 554/555/652 561/557/652 555/558/652
f 555/558/653 562/559/653 556/560/653
f 562/559/654 557/561/654 556/560/654
f 557/561/655 564/562/655 558/563/655
f 558/563/656 559/554/656 553/556/656
f 559/554/657 566/564/657 560/565/657
f 566/564/658 561/557/658 560/565/658
f 567/566/659 562/559/659 561/557/659
f 562/559/660 569/567/660 563/568/660
f 569/567/661 564/562/661 563/568/661
f 570/569/662 559/554/662 564/562/662
s 1
f 565/570/663 572/571/664 566/564/665
f 566/564/665 573/572/666 567/566/667
f 567/566/667 574/573/668 568/574/669
f 574/573/668 569/567/670 568/574/669
f 575/575/671 570/569/672 569/567/670
f 576/576/673 565/570/663 570/569/672
s 0
f 571/577/674 578/578/674 572/571/674
f 572/571/675 579/579/675 573/572/675
f 573/572/676 580/580/676 574/573/676
f 580/580/677 575/575/677 574/573/677
f 581/581/678 576/576/678 575/575/678
f 576/576/679 577/582/679 571/577/679
f 577/582/680 584/583/680 578/578/680
f 578/578/681 585/584/681 579/579/681
f 585/584/682 580/580/682 579/579/682
f 586/585/683 581/581/683 580/580/683
f 587/586/684 582/587/684 581/581/684
f 588/588/685 577/582/685 582/587/685
s 1
f 583/589/686 590/590/687 584/583/688
f 584/583/688 591/591/689 585/584/690
f 585/584/690 592/592/691 586/585/692
f 592/592/691 587/586/693 586/585/692
f 593/593/694 588/588/695 587/586/693
f 594/594/696 583/589/686 588/588/695
s 0
f 589/595/697 596/596/697 590/590/697
f 590/590/698 597/597/698 591/591/698
f 591/591/699 598/598/699 592/592/699
f 598/598/700 593/593/700 592/592/700
f 599/599/701 594/594/701 593/593/701
f 594/594/702 595/600/702 589/595/702
f 595/600/703 602/601/703 596/596/703
f 596/596/704 603/602/704 597/597/704
f 603/602/705 598/598/705 597/597/705
f 604/603/706 599/599/706 598/598/706
f 605/604/707 600/605/707 599/599/707
f 606/606/708 595/600/708 600/605/708
s 1
f 601/607/709 608/608/710 602/601/711
f 602/601/711 609/609/712 603/602/713
f 603/602/713 610/610/714 604/603/715
f 610/610/714 605/604/716 604/603/715
f 611/611/717 606/606/718 605/604/716
f 612/612/719 601/607/709 606/606/718
s 0
f 556/560/125 557/561/125 558/563/125
f 610/610/126 609/609/126 607/613/126
f 1/1/1 9/17/1 10/2/1
f 2/3/2 10/2/2 11/4/2
f 11/4/3 12/20/3 4/6/3
f 12/7/4 13/22/4 5/8/4
f 5/8/5 13/22/5 14/10/5
f 14/10/6 15/13/6 7/12/6
f 15/13/7 16/15/7 8/14/7
f 16/15/8 9/17/8 1/1/8
f 17/16/9 18/26/9 10/2/9
f 10/2/10 18/26/10 19/18/10
f 11/4/11 19/18/11 20/19/11
f 12/7/12 20/29/12 21/21/12
f 21/21/13 22/23/13 14/10/13
f 22/23/14 23/33/14 15/13/14
f 15/13/15 23/33/15 24/24/15
f 24/24/16 17/16/16 9/17/16
s 1
f 17/16/17 25/36/720 26/25/18
f 18/26/19 26/25/18 27/27/20
f 19/18/21 27/27/20 28/28/22
f 20/19/23 28/28/22 29/31/24
f 29/31/24 30/32/27 22/23/26
f 30/32/27 31/34/29 23/33/28
f 31/34/29 32/35/31 24/24/30
f 32/35/31 25/36/720 17/16/17
s 0
f 25/36/32 33/44/32 34/37/32
f 26/25/33 34/37/33 35/38/33
f 27/27/34 35/38/34 36/39/34
f 28/28/35 36/39/35 37/40/35
f 37/40/36 38/41/36 30/32/36
f 38/41/37 39/42/37 31/34/37
f 39/42/38 40/43/38 32/35/38
f 40/43/39 33/44/39 25/36/39
f 33/44/40 41/52/40 42/45/40
f 34/37/41 42/45/41 43/46/41
f 35/38/42 43/46/42 44/47/42
f 36/39/43 44/47/43 45/48/43
f 45/48/44 46/49/44 38/41/44
f 46/49/45 47/50/45 39/42/45
f 47/50/46 48/51/46 40/43/46
f 48/51/47 41/52/47 33/44/47
s 1
f 41/52/48 49/60/721 50/53/49
f 42/45/50 50/53/49 51/54/51
f 43/46/52 51/54/51 52/55/53
f 44/47/54 52/55/53 53/56/55
f 53/56/55 54/57/58 46/49/57
f 54/57/58 55/58/60 47/50/59
f 55/58/60 56/59/62 48/51/61
f 56/59/62 49/60/721 41/52/48
s 0
f 49/60/63 57/68/63 58/61/63
f 50/53/64 58/61/64 59/62/64
f 51/54/65 59/62/65 60/63/65
f 52/55/66 60/63/66 61/64/66
f 61/64/67 62/65/67 54/57/67
f 62/65/68 63/66/68 55/58/68
f 63/66/722 64/67/722 56/59/722
f 64/67/70 57/68/70 49/60/70
f 57/68/71 65/76/71 66/69/71
f 58/61/72 66/69/72 67/70/72
f 59/62/73 67/70/73 68/71/73
f 60/63/74 68/71/74 69/72/74
f 69/72/75 70/73/75 62/65/75
f 70/73/76 71/74/76 63/66/76
f 71/74/723 72/75/723 64/67/723
f 72/75/78 65/76/78 57/68/78
s 1
f 65/76/79 73/84/724 74/77/80
f 66/69/81 74/77/80 75/78/82
f 67/70/83 75/78/82 76/79/84
f 68/71/85 76/79/84 77/80/86
f 77/80/86 78/81/89 70/73/88
f 78/81/89 79/82/91 71/74/90
f 79/82/91 80/83/93 72/75/92
f 80/83/93 73/84/724 65/76/79
s 0
f 73/84/94 81/92/94 82/85/94
f 74/77/95 82/85/95 83/86/95
f 75/78/96 83/86/96 84/87/96
f 76/79/97 84/87/97 85/88/97
f 85/88/98 86/89/98 78/81/98
f 86/89/99 87/90/99 79/82/99
f 87/90/100 88/91/100 80/83/100
f 88/91/725 81/92/725 73/84/725
f 81/92/102 89/100/102 90/93/102
f 82/85/103 90/93/103 91/94/103
f 83/86/104 91/94/104 92/95/104
f 84/87/105 92/95/105 93/96/105
f 93/96/106 94/97/106 86/89/106
f 94/97/107 95/98/107 87/90/107
f 95/98/108 96/99/108 88/91/108
f 96/99/109 89/100/109 81/92/109
s 1
f 89/100/110 97/614/726 98/101/111
f 90/93/112 98/101/111 99/102/113
f 91/94/114 99/102/113 100/103/115
f 92/95/116 100/103/115 101/104/117
f 101/104/117 102/105/120 94/97/119
f 102/105/120 103/106/122 95/98/121
f 103/106/122 104/107/124 96/99/123
f 104/107/124 97/614/726 89/100/110
s 0
f 8/14/125 1/1/125 2/3/125
f 2/3/125 3/5/125 7/12/125
f 3/5/125 4/6/125 6/11/125
f 4/6/125 5/8/125 6/11/125
f 6/11/125 7/12/125 3/5/125
f 98/101/126 97/614/126 104/107/126
f 104/107/126 103/106/126 98/101/126
f 103/106/126 102/105/126 99/102/126
f 98/101/126 103/106/126 99/102/126
f 102/105/126 101/104/126 100/103/126
f 105/108/127 113/123/127 114/109/127
f 106/110/128 114/109/128 115/111/128
f 115/111/129 116/114/129 108/113/129
f 116/114/130 117/127/130 109/115/130
f 109/115/131 117/127/131 118/116/131
f 110/117/132 118/116/132 119/118/132
f 119/118/133 120/121/133 112/120/133
f 120/121/134 113/123/134 105/108/134
f 121/122/135 122/124/135 114/109/135
f 122/124/136 123/132/136 115/111/136
f 115/111/137 123/132/137 124/125/137
f 116/114/138 124/125/138 125/126/138
f 125/126/139 126/128/139 118/116/139
f 126/128/140 127/137/140 119/118/140
f 119/118/141 127/137/141 128/129/141
f 120/121/142 128/129/142 121/122/142
s 1
f 129/130/143 130/131/146 122/124/144
f 130/131/146 131/133/148 123/132/147
f 131/133/148 132/142/727 124/125/149
f 124/125/149 132/142/727 133/134/150
f 125/126/151 133/134/150 134/135/152
f 126/128/153 134/135/152 135/136/154
f 127/137/155 135/136/154 136/138/156
f 136/138/156 129/130/143 121/122/145
s 0
f 137/139/158 138/140/158 130/131/158
f 138/140/159 139/141/159 131/133/159
f 139/141/160 140/150/160 132/142/160
f 132/142/161 140/150/161 141/143/161
f 133/134/162 141/143/162 142/144/162
f 134/135/163 142/144/163 143/145/163
f 135/136/164 143/145/164 144/146/164
f 144/146/165 137/139/165 129/130/165
f 145/147/166 146/148/166 138/140/166
f 146/148/167 147/149/167 139/141/167
f 147/149/168 148/158/168 140/150/168
f 140/150/169 148/158/169 149/151/169
f 141/143/170 149/151/170 150/152/170
f 142/144/171 150/152/171 151/153/171
f 143/145/172 151/153/172 152/154/172
f 152/154/173 145/147/173 137/139/173
s 1
f 153/155/174 154/156/177 146/148/175
f 154/156/177 155/157/179 147/149/178
f 155/157/179 156/166/728 148/158/180
f 148/158/180 156/166/728 157/159/181
f 149/151/182 157/159/181 158/160/183
f 150/152/184 158/160/183 159/161/185
f 151/153/186 159/161/185 160/162/187
f 160/162/187 153/155/174 145/147/176
s 0
f 161/163/189 162/164/189 154/156/189
f 162/164/190 163/165/190 155/157/190
f 163/165/191 164/174/191 156/166/191
f 156/166/192 164/174/192 165/167/192
f 157/159/193 165/167/193 166/168/193
f 158/160/194 166/168/194 167/169/194
f 159/161/195 167/169/195 168/170/195
f 168/170/196 161/163/196 153/155/196
f 169/171/197 170/172/197 162/164/197
f 170/172/198 171/173/198 163/165/198
f 171/173/199 172/182/199 164/174/199
f 164/174/200 172/182/200 173/175/200
f 165/167/201 173/175/201 174/176/201
f 166/168/202 174/176/202 175/177/202
f 167/169/203 175/177/203 176/178/203
f 176/178/204 169/171/204 161/163/204
s 1
f 177/179/205 178/180/208 170/172/206
f 178/180/208 179/181/210 171/173/209
f 179/181/210 180/190/729 172/182/211
f 172/182/211 180/190/729 181/183/212
f 173/175/213 181/183/212 182/184/214
f 174/176/215 182/184/214 183/185/216
f 175/177/217 183/185/216 184/186/218
f 184/186/218 177/179/205 169/171/207
s 0
f 185/187/730 186/188/730 178/180/730
f 186/188/221 187/189/221 179/181/221
f 187/189/731 188/198/731 180/190/731
f 180/190/223 188/198/223 189/191/223
f 181/183/224 189/191/224 190/192/224
f 182/184/225 190/192/225 191/193/225
f 183/185/732 191/193/732 192/194/732
f 192/194/227 185/187/227 177/179/227
f 193/195/228 194/196/228 186/188/228
f 194/196/229 195/197/229 187/189/229
f 195/197/230 196/206/230 188/198/230
f 188/198/231 196/206/231 197/199/231
f 189/191/232 197/199/232 198/200/232
f 190/192/233 198/200/233 199/201/233
f 191/193/234 199/201/234 200/202/234
f 200/202/235 193/195/235 185/187/235
s 1
f 201/203/236 202/204/239 194/196/237
f 202/204/239 203/205/241 195/197/240
f 203/205/241 204/615/733 196/206/242
f 196/206/242 204/615/733 205/207/243
f 197/199/244 205/207/243 206/208/245
f 198/200/246 206/208/245 207/209/247
f 199/201/248 207/209/247 208/210/249
f 208/210/249 201/203/236 193/195/238
s 0
f 112/120/125 105/108/125 106/110/125
f 106/110/125 107/112/125 112/120/125
f 107/112/125 108/113/125 111/119/125
f 112/120/125 107/112/125 111/119/125
f 108/113/125 109/115/125 110/117/125
f 202/204/126 201/203/126 208/210/126
f 208/210/126 207/209/126 203/205/126
f 207/209/126 206/208/126 204/615/126
f 203/205/126 207/209/126 204/615/126
f 206/208/126 205/207/126 204/615/126
f 209/211/251 217/224/251 218/212/251
f 218/212/252 219/215/252 211/214/252
f 219/215/253 220/228/253 212/216/253
f 212/216/254 220/228/254 221/217/254
f 213/218/255 221/217/255 222/219/255
f 222/219/256 223/222/256 215/221/256
f 223/222/257 224/232/257 216/223/257
f 216/223/258 224/232/258 217/224/258
f 225/225/259 226/234/259 218/212/259
f 218/212/260 226/234/260 227/226/260
f 219/215/261 227/226/261 228/227/261
f 228/227/262 229/229/262 221/217/262
f 229/229/263 230/238/263 222/219/263
f 222/219/264 230/238/264 231/230/264
f 223/222/265 231/230/265 232/231/265
f 232/231/266 225/225/266 217/224/266
s 1
f 225/225/267 233/241/281 234/233/268
f 234/233/268 235/235/271 227/226/270
f 235/235/271 236/236/273 228/227/272
f 236/236/273 237/237/275 229/229/274
f 237/237/275 238/246/734 230/238/276
f 230/238/276 238/246/734 239/239/277
f 231/230/278 239/239/277 240/240/279
f 232/231/280 240/240/279 233/241/281
s 0
f 233/241/282 241/248/282 242/242/282
f 242/242/283 243/243/283 235/235/283
f 243/243/284 244/244/284 236/236/284
f 244/244/285 245/252/285 237/237/285
f 237/237/286 245/252/286 246/245/286
f 246/245/287 247/255/287 239/239/287
f 239/239/288 247/255/288 248/247/288
f 240/240/289 248/247/289 241/248/289
f 249/249/290 250/258/290 242/242/290
f 242/242/291 250/258/291 251/250/291
f 251/250/292 252/251/292 244/244/292
f 252/251/293 253/253/293 245/252/293
f 253/253/294 254/262/294 246/245/294
f 246/245/295 254/262/295 255/254/295
f 247/255/296 255/254/296 256/256/296
f 248/247/297 256/256/297 249/249/297
s 1
f 249/249/298 257/265/312 258/257/299
f 258/257/299 259/259/302 251/250/301
f 259/259/302 260/260/304 252/251/303
f 260/260/304 261/261/306 253/253/305
f 261/261/306 262/270/735 254/262/307
f 254/262/307 262/270/735 263/263/308
f 255/254/309 263/263/308 264/264/310
f 256/256/311 264/264/310 257/265/312
s 0
f 257/265/313 265/273/313 266/266/313
f 266/266/736 267/267/736 259/259/736
f 267/267/315 268/268/315 260/260/315
f 268/268/316 269/269/316 261/261/316
f 269/269/317 270/271/317 262/270/317
f 270/271/318 271/279/318 263/263/318
f 263/263/319 271/279/319 272/272/319
f 264/264/320 272/272/320 265/273/320
f 265/273/321 273/281/321 274/274/321
f 266/266/322 274/274/322 275/275/322
f 275/275/323 276/276/323 268/268/323
f 276/276/324 277/277/324 269/269/324
f 277/277/325 278/286/325 270/271/325
f 270/271/326 278/286/326 279/278/326
f 271/279/327 279/278/327 280/280/327
f 272/272/328 280/280/328 273/281/328
s 1
f 273/281/329 281/289/343 282/282/330
f 282/282/330 283/283/333 275/275/332
f 283/283/333 284/284/335 276/276/334
f 284/284/335 285/285/337 277/277/336
f 285/285/337 286/294/737 278/286/338
f 278/286/338 286/294/737 287/287/339
f 279/278/340 287/287/339 288/288/341
f 280/280/342 288/288/341 281/289/343
s 0
f 281/289/344 289/297/344 290/290/344
f 290/290/345 291/291/345 283/283/345
f 291/291/346 292/292/346 284/284/346
f 292/292/347 293/293/347 285/285/347
f 293/293/348 294/295/348 286/294/348
f 294/295/349 295/303/349 287/287/349
f 287/287/350 295/303/350 296/296/350
f 288/288/351 296/296/351 289/297/351
f 289/297/352 297/305/352 298/298/352
f 290/290/353 298/298/353 299/299/353
f 299/299/354 300/300/354 292/292/354
f 300/300/355 301/301/355 293/293/355
f 301/301/356 302/310/356 294/295/356
f 294/295/357 302/310/357 303/302/357
f 295/303/358 303/302/358 304/304/358
f 296/296/359 304/304/359 297/305/359
s 1
f 297/305/360 305/313/374 306/306/361
f 306/306/361 307/307/364 299/299/363
f 307/307/364 308/308/366 300/300/365
f 308/308/366 309/309/368 301/301/367
f 309/309/368 310/314/738 302/310/369
f 302/310/369 310/314/738 311/311/370
f 303/302/371 311/311/370 312/312/372
f 304/304/373 312/312/372 305/313/374
s 0
f 216/223/125 209/211/125 215/221/125
f 209/211/125 210/213/125 215/221/125
f 210/213/125 211/214/125 214/220/125
f 211/214/125 212/216/125 213/218/125
f 214/220/125 211/214/125 213/218/125
f 306/306/126 305/313/126 311/311/126
f 305/313/126 312/312/126 311/311/126
f 311/311/126 310/314/126 306/306/126
f 310/314/126 309/309/126 307/307/126
f 309/309/126 308/308/126 307/307/126
f 313/315/375 319/326/375 320/316/375
f 320/316/376 321/319/376 315/318/376
f 321/319/739 322/329/739 316/320/739
f 316/320/378 322/329/378 323/321/378
f 323/321/379 324/324/379 318/323/379
f 324/324/380 319/326/380 313/315/380
f 325/325/381 326/332/381 320/316/381
f 320/316/382 326/332/382 327/327/382
f 321/319/383 327/327/383 328/328/383
f 328/328/384 329/330/384 323/321/384
f 329/330/385 330/336/385 324/324/385
f 324/324/386 330/336/386 325/325/386
s 1
f 325/325/387 331/338/740 332/331/388
f 326/332/389 332/331/388 333/333/390
f 327/327/391 333/333/390 334/334/392
f 334/334/392 335/335/395 329/330/394
f 335/335/395 336/337/397 330/336/396
f 336/337/397 331/338/740 325/325/387
s 0
f 331/338/398 337/345/398 338/339/398
f 332/331/399 338/339/399 339/340/399
f 333/333/400 339/340/400 340/341/400
f 334/334/401 340/341/401 341/342/401
f 341/342/402 342/343/402 336/337/402
f 342/343/403 337/345/403 331/338/403
f 343/344/404 344/351/404 338/339/404
f 338/339/405 344/351/405 345/346/405
f 339/340/406 345/346/406 346/347/406
f 346/347/407 347/348/407 341/342/407
f 347/348/408 348/349/408 342/343/408
f 348/349/409 343/344/409 337/345/409
s 1
f 343/344/410 349/356/741 350/350/411
f 344/351/412 350/350/411 351/352/413
f 345/346/414 351/352/413 352/353/415
f 352/353/415 353/354/418 347/348/417
f 353/354/418 354/355/420 348/349/419
f 354/355/420 349/356/741 343/344/410
s 0
f 349/356/421 355/363/421 356/357/421
f 350/350/422 356/357/422 357/358/422
f 351/352/423 357/358/423 358/359/423
f 352/353/424 358/359/424 359/360/424
f 359/360/425 360/361/425 354/355/425
f 360/361/426 355/363/426 349/356/426
f 361/362/427 362/369/427 356/357/427
f 356/357/428 362/369/428 363/364/428
f 357/358/429 363/364/429 364/365/429
f 364/365/430 365/366/430 359/360/430
f 365/366/431 366/367/431 360/361/431
f 366/367/432 361/362/432 355/363/432
s 1
f 361/362/433 367/616/742 368/368/434
f 362/369/435 368/368/434 369/370/436
f 363/364/437 369/370/436 370/371/438
f 370/371/438 371/372/441 365/366/440
f 371/372/441 372/373/443 366/367/442
f 372/373/443 367/616/742 361/362/433
s 0
f 318/323/125 313/315/125 314/317/125
f 314/317/125 315/318/125 317/322/125
f 315/318/125 316/320/125 317/322/125
f 368/368/126 367/616/126 372/373/126
f 372/373/126 371/372/126 368/368/126
f 371/372/126 370/371/126 369/370/126
f 373/374/444 379/383/444 380/375/444
f 380/375/445 381/386/445 375/377/445
f 375/377/446 381/386/446 382/378/446
f 376/379/447 382/378/447 383/380/447
f 383/380/448 384/389/448 378/382/448
f 378/382/449 384/389/449 379/383/449
f 385/384/450 386/391/450 380/375/450
f 380/375/451 386/391/451 387/385/451
f 387/385/452 388/387/452 382/378/452
f 388/387/453 389/395/453 383/380/453
f 383/380/454 389/395/454 390/388/454
f 390/388/455 385/384/455 379/383/455
s 1
f 391/390/456 392/392/459 386/391/457
f 392/392/459 393/399/743 387/385/460
f 387/385/460 393/399/743 394/393/461
f 388/387/462 394/393/461 395/394/463
f 389/395/464 395/394/463 396/396/465
f 396/396/465 391/390/456 385/384/458
s 0
f 397/397/467 398/398/467 392/392/467
f 398/398/468 399/405/468 393/399/468
f 393/399/469 399/405/469 400/400/469
f 394/393/470 400/400/470 401/401/470
f 401/401/471 402/402/471 396/396/471
f 402/402/472 397/397/472 391/390/472
f 403/403/473 404/410/473 398/398/473
f 398/398/474 404/410/474 405/404/474
f 399/405/475 405/404/475 406/406/475
f 400/400/476 406/406/476 407/407/476
f 401/401/477 407/407/477 408/408/477
f 408/408/478 403/403/478 397/397/478
s 1
f 409/409/479 410/411/482 404/410/480
f 410/411/482 411/417/744 405/404/483
f 405/404/483 411/417/744 412/412/484
f 406/406/485 412/412/484 413/413/486
f 407/407/487 413/413/486 414/414/488
f 414/414/488 409/409/479 403/403/481
s 0
f 415/415/490 416/416/490 410/411/490
f 416/416/491 417/423/491 411/417/491
f 411/417/492 417/423/492 418/418/492
f 412/412/493 418/418/493 419/419/493
f 419/419/494 420/420/494 414/414/494
f 420/420/495 415/415/495 409/409/495
f 421/421/745 422/428/745 416/416/745
f 416/416/497 422/428/497 423/422/497
f 417/423/498 423/422/498 424/424/498
f 418/418/499 424/424/499 425/425/499
f 419/419/500 425/425/500 426/426/500
f 426/426/501 421/421/501 415/415/501
s 1
f 427/427/502 428/429/505 422/428/503
f 428/429/505 429/433/746 423/422/506
f 423/422/506 429/433/746 430/430/507
f 424/424/508 430/430/507 431/431/509
f 425/425/510 431/431/509 432/432/511
f 432/432/511 427/427/502 421/421/504
s 0
f 378/382/125 373/374/125 377/381/125
f 373/374/125 374/376/125 377/381/125
f 374/376/125 375/377/125 376/379/125
f 428/429/126 427/427/126 431/431/126
f 427/427/126 432/432/126 431/431/126
f 431/431/126 430/430/126 428/429/126
f 439/434/513 440/445/513 434/435/513
f 434/435/514 440/445/514 441/437/514
f 441/437/515 442/440/515 436/439/515
f 442/440/516 443/448/516 437/441/516
f 437/441/517 443/448/517 444/442/517
f 444/442/518 439/434/518 433/436/518
f 439/434/519 445/449/519 446/444/519
f 446/444/520 447/452/520 441/437/520
f 441/437/521 447/452/521 448/446/521
f 442/440/522 448/446/522 449/447/522
f 449/447/523 450/456/523 444/442/523
f 444/442/524 450/456/524 445/449/524
s 1
f 451/450/525 452/451/528 446/444/526
f 452/451/528 453/453/530 447/452/529
f 453/453/530 454/460/747 448/446/531
f 448/446/531 454/460/747 455/454/532
f 449/447/533 455/454/532 456/455/534
f 450/456/535 456/455/534 451/450/525
s 0
f 457/457/536 458/458/536 452/451/536
f 458/458/537 459/459/537 453/453/537
f 459/459/538 460/466/538 454/460/538
f 454/460/539 460/466/539 461/461/539
f 455/454/540 461/461/540 462/462/540
f 456/455/541 462/462/541 457/457/541
f 463/463/542 464/464/542 458/458/542
f 464/464/543 465/465/543 459/459/543
f 465/465/544 466/472/544 460/466/544
f 460/466/545 466/472/545 467/467/545
f 461/461/546 467/467/546 468/468/546
f 462/462/547 468/468/547 463/463/547
s 1
f 469/469/548 470/470/551 464/464/549
f 470/470/551 471/471/553 465/465/552
f 471/471/553 472/478/748 466/472/554
f 466/472/554 472/478/748 473/473/555
f 467/467/556 473/473/555 474/474/557
f 468/468/558 474/474/557 469/469/548
s 0
f 475/475/559 476/476/559 470/470/559
f 476/476/560 477/477/560 471/471/560
f 477/477/561 478/484/561 472/478/561
f 472/478/562 478/484/562 479/479/562
f 473/473/563 479/479/563 480/480/563
f 474/474/564 480/480/564 475/475/564
f 481/481/565 482/482/565 476/476/565
f 482/482/566 483/483/566 477/477/566
f 483/483/567 484/490/567 478/484/567
f 478/484/568 484/490/568 485/485/568
f 479/479/569 485/485/569 486/486/569
f 480/480/570 486/486/570 481/481/570
s 1
f 487/487/571 488/488/574 482/482/572
f 488/488/574 489/489/576 483/483/575
f 489/489/576 490/493/749 484/490/577
f 484/490/577 490/493/749 491/491/578
f 485/485/579 491/491/578 492/492/580
f 486/486/581 492/492/580 487/487/571
s 0
f 438/443/125 433/436/125 435/438/125
f 433/436/125 434/435/125 435/438/125
f 435/438/125 436/439/125 438/443/125
f 488/488/126 487/487/126 489/489/126
f 487/487/126 492/492/126 489/489/126
f 492/492/126 491/491/126 490/493/126
f 493/494/582 499/505/582 500/495/582
f 500/495/583 501/498/583 495/497/583
f 501/498/584 502/508/584 496/499/584
f 496/499/585 502/508/585 503/500/585
f 503/500/586 504/503/586 498/502/586
f 504/503/587 499/505/587 493/494/587
f 505/504/588 506/511/588 500/495/588
f 500/495/589 506/511/589 507/506/589
f 501/498/590 507/506/590 508/507/590
f 508/507/591 509/514/591 503/500/591
f 503/500/592 509/514/592 510/509/592
f 504/503/593 510/509/593 505/504/593
s 1
f 505/504/594 511/516/604 512/510/595
f 512/510/595 513/512/598 507/506/597
f 513/512/598 514/513/600 508/507/599
f 514/513/600 515/520/750 509/514/601
f 509/514/601 515/520/750 516/515/602
f 510/509/603 516/515/602 511/516/604
s 0
f 511/516/605 517/522/605 518/517/605
f 518/517/606 519/518/606 513/512/606
f 519/518/607 520/519/607 514/513/607
f 520/519/608 521/526/608 515/520/608
f 515/520/609 521/526/609 522/521/609
f 516/515/610 522/521/610 517/522/610
f 517/522/611 523/528/611 524/523/611
f 524/523/612 525/524/612 519/518/612
f 525/524/613 526/525/613 520/519/613
f 526/525/614 527/532/614 521/526/614
f 521/526/615 527/532/615 528/527/615
f 522/521/616 528/527/616 523/528/616
s 1
f 523/528/617 529/534/627 530/529/618
f 530/529/618 531/530/621 525/524/620
f 531/530/621 532/531/623 526/525/622
f 532/531/623 533/538/751 527/532/624
f 527/532/624 533/538/751 534/533/625
f 528/527/626 534/533/625 529/534/627
s 0
f 529/534/628 535/540/628 536/535/628
f 536/535/629 537/536/629 531/530/629
f 537/536/630 538/537/630 532/531/630
f 538/537/631 539/544/631 533/538/631
f 533/538/632 539/544/632 540/539/632
f 534/533/633 540/539/633 535/540/633
f 535/540/634 541/546/634 542/541/634
f 542/541/635 543/542/635 537/536/635
f 543/542/636 544/543/636 538/537/636
f 544/543/637 545/550/637 539/544/637
f 539/544/638 545/550/638 546/545/638
f 540/539/639 546/545/639 541/546/639
s 1
f 541/546/640 547/552/650 548/547/641
f 548/547/641 549/548/644 543/542/643
f 549/548/644 550/549/646 544/543/645
f 550/549/646 551/553/752 545/550/647
f 545/550/647 551/553/752 552/551/648
f 546/545/649 552/551/648 547/552/650
s 0
f 498/502/125 493/494/125 494/496/125
f 494/496/125 495/497/125 497/501/125
f 495/497/125 496/499/125 497/501/125
f 548/547/126 547/552/126 552/551/126
f 552/551/126 551/553/126 548/547/126
f 551/553/126 550/549/126 549/548/126
f 559/554/651 560/565/651 554/555/651
f 554/555/652 560/565/652 561/557/652
f 555/558/653 561/557/653 562/559/653
f 562/559/654 563/568/654 557/561/654
f 557/561/655 563/568/655 564/562/655
f 558/563/656 564/562/656 559/554/656
f 559/554/657 565/570/657 566/564/657
f 566/564/658 567/566/658 561/557/658
f 567/566/659 568/574/659 562/559/659
f 562/559/660 568/574/660 569/567/660
f 569/567/661 570/569/661 564/562/661
f 570/569/662 565/570/662 559/554/662
s 1
f 565/570/663 571/577/753 572/571/664
f 566/564/665 572/571/664 573/572/666
f 567/566/667 573/572/666 574/573/668
f 574/573/668 575/575/671 569/567/670
f 575/575/671 576/576/673 570/569/672
f 576/576/673 571/577/753 565/570/663
s 0
f 571/577/674 577/582/674 578/578/674
f 572/571/675 578/578/675 579/579/675
f 573/572/676 579/579/676 580/580/676
f 580/580/677 581/581/677 575/575/677
f 581/581/678 582/587/678 576/576/678
f 576/576/679 582/587/679 577/582/679
f 577/582/680 583/589/680 584/583/680
f 578/578/681 584/583/681 585/584/681
f 585/584/682 586/585/682 580/580/682
f 586/585/683 587/586/683 581/581/683
f 587/586/684 588/588/684 582/587/684
f 588/588/685 583/589/685 577/582/685
s 1
f 583/589/686 589/595/754 590/590/687
f 584/583/688 590/590/687 591/591/689
f 585/584/690 591/591/689 592/592/691
f 592/592/691 593/593/694 587/586/693
f 593/593/694 594/594/696 588/588/695
f 594/594/696 589/595/754 583/589/686
s 0
f 589/595/697 595/600/697 596/596/697
f 590/590/698 596/596/698 597/597/698
f 591/591/699 597/597/699 598/598/699
f 598/598/700 599/599/700 593/593/700
f 599/599/701 600/605/701 594/594/701
f 594/594/702 600/605/702 595/600/702
f 595/600/703 601/607/703 602/601/703
f 596/596/704 602/601/704 603/602/704
f 603/602/705 604/603/705 598/598/705
f 604/603/706 605/604/706 599/599/706
f 605/604/707 606/606/707 600/605/707
f 606/606/708 601/607/708 595/600/708
s 1
f 601/607/709 607/613/755 608/608/710
f 602/601/711 608/608/710 609/609/712
f 603/602/713 609/609/712 610/610/714
f 610/610/714 611/611/717 605/604/716
f 611/611/717 612/612/719 606/606/718
f 612/612/719 607/613/755 601/607/709
s 0
f 558/563/125 553/556/125 556/560/125
f 553/556/125 554/555/125 555/558/125
f 556/560/125 553/556/125 555/558/125
f 608/608/126 607/613/126 609/609/126
f 607/613/126 612/612/126 610/610/126
f 612/612/126 611/611/126 610/610/126
o bamboo_c_leaves
v 0.417585 3.036855 -0.209214
v 0.397161 3.045171 -0.234158
v 1.069408 2.862061 -0.820160
v 1.066489 2.862616 -0.824048
v 0.644720 3.046743 -0.373710
v 0.607805 3.059078 -0.420169
v 0.417585 3.036855 -0.209214
v 0.397161 3.045171 -0.234158
v 1.069408 2.862061 -0.820160
v 1.066489 2.862616 -0.824048
v 0.644720 3.046743 -0.373710
v 0.607805 3.059078 -0.420169
v 0.408454 3.044916 -0.207449
v 0.406292 3.037110 -0.235922
v 1.176444 3.060828 -0.283271
v 1.175841 3.060221 -0.287535
v 0.643461 3.104856 -0.229135
v 0.638308 3.092910 -0.281427
v 0.408454 3.044916 -0.207449
v 0.406292 3.037110 -0.235922
v 1.176444 3.060828 -0.283271
v 1.175841 3.060221 -0.287535
v 0.643461 3.104856 -0.229135
v 0.638308 3.092910 -0.281427
v 0.399158 3.042602 -0.204974
v 0.415588 3.039424 -0.238397
v 1.005015 2.574188 0.119515
v 1.007394 2.573473 0.114672
v 0.599483 2.969351 -0.082437
v 0.629312 2.962501 -0.143126
v 0.399158 3.042602 -0.204974
v 0.415588 3.039424 -0.238397
v 1.005015 2.574188 0.119515
v 1.007394 2.573473 0.114672
v 0.599483 2.969351 -0.082437
v 0.629312 2.962501 -0.143126
v 0.367990 3.086590 0.094942
v 0.385643 3.099061 0.130378
v -0.495654 3.241426 0.491476
v -0.493431 3.242649 0.497010
v 0.101500 3.195607 0.169446
v 0.132130 3.215770 0.235488
v 0.367990 3.086590 0.094942
v 0.385643 3.099061 0.130378
v -0.495654 3.241426 0.491476
v -0.493431 3.242649 0.497010
v 0.101500 3.195607 0.169446
v 0.132130 3.215770 0.235488
v 0.382621 3.098454 0.098565
v 0.371012 3.087198 0.126756
v -0.268682 2.971149 -0.204462
v -0.270207 2.970160 -0.200035
v 0.182652 3.120897 0.009853
v 0.162242 3.103186 0.062497
v 0.382621 3.098454 0.098565
v 0.371012 3.087198 0.126756
v -0.268682 2.971149 -0.204462
v -0.270207 2.970160 -0.200035
v 0.182652 3.120897 0.009853
v 0.162242 3.103186 0.062497
v 0.386806 3.102881 0.102017
v 0.366827 3.082771 0.123304
v 0.123042 2.589402 -0.605403
v 0.120418 2.586040 -0.602455
v 0.263331 3.009030 -0.126684
v 0.228203 2.970609 -0.088611
v 0.386806 3.102881 0.102017
v 0.366827 3.082771 0.123304
v 0.123042 2.589402 -0.605403
v 0.120418 2.586040 -0.602455
v 0.263331 3.009030 -0.126684
v 0.228203 2.970609 -0.088611
v 0.680664 3.984599 -0.067144
v 0.711010 3.986602 -0.093600
v 1.194724 3.613752 0.468179
v 1.199110 3.614212 0.464312
v 0.823812 3.946670 0.119304
v 0.878867 3.951032 0.071121
v 0.680664 3.984599 -0.067144
v 0.711010 3.986602 -0.093600
v 1.194724 3.613752 0.468179
v 1.199110 3.614212 0.464312
v 0.823812 3.946670 0.119304
v 0.878867 3.951032 0.071121
v 0.677826 3.987782 -0.078721
v 0.713849 3.983419 -0.082022
v 0.738120 3.775788 0.687419
v 0.743294 3.774513 0.687062
v 0.684771 3.980057 0.171749
v 0.749985 3.969406 0.166266
v 0.677826 3.987782 -0.078721
v 0.713849 3.983419 -0.082022
v 0.738120 3.775788 0.687419
v 0.743294 3.774513 0.687062
v 0.684771 3.980057 0.171749
v 0.749985 3.969406 0.166266
v 0.676630 3.979909 -0.086155
v 0.715045 3.991292 -0.074588
v 0.549401 3.718695 0.657661
v 0.555182 3.719522 0.659519
v 0.596842 3.950273 0.146478
v 0.667507 3.967444 0.168255
v 0.676630 3.979909 -0.086155
v 0.715045 3.991292 -0.074588
v 0.549401 3.718695 0.657661
v 0.555182 3.719522 0.659519
v 0.596842 3.950273 0.146478
v 0.667507 3.967444 0.168255
v -0.474238 3.320212 0.410559
v -0.500926 3.307406 0.408904
v -0.315798 3.048708 -0.270591
v -0.319829 3.047146 -0.270766
v -0.439537 3.303851 0.194815
v -0.488691 3.281846 0.192084
v -0.474238 3.320212 0.410559
v -0.500926 3.307406 0.408904
v -0.315798 3.048708 -0.270591
v -0.319829 3.047146 -0.270766
v -0.439537 3.303851 0.194815
v -0.488691 3.281846 0.192084
v -0.470758 3.307479 0.417006
v -0.504406 3.320140 0.402458
v -0.220661 2.915751 -0.546514
v -0.225574 2.917507 -0.548660
v -0.343939 3.271782 0.134920
v -0.405197 3.294438 0.108339
v -0.470758 3.307479 0.417006
v -0.504406 3.320140 0.402458
v -0.220661 2.915751 -0.546514
v -0.225574 2.917507 -0.548660
v -0.343939 3.271782 0.134920
v -0.405197 3.294438 0.108339
v -0.480930 3.315022 0.423576
v -0.494233 3.312596 0.395888
v 0.153757 2.920372 0.138547
v 0.151798 2.920343 0.134504
v -0.263564 3.258128 0.338148
v -0.287857 3.255092 0.287737
v -0.480930 3.315022 0.423576
v -0.494233 3.312596 0.395888
v 0.153757 2.920372 0.138547
v 0.151798 2.920343 0.134504
v -0.263564 3.258128 0.338148
v -0.287857 3.255092 0.287737
v -0.475156 3.362098 0.453486
v -0.499217 3.378442 0.466212
v -0.817600 3.402739 -0.212335
v -0.820715 3.405583 -0.210355
v -0.542946 3.409610 0.231890
v -0.585056 3.441308 0.255576
v -0.475156 3.362098 0.453486
v -0.499217 3.378442 0.466212
v -0.817600 3.402739 -0.212335
v -0.820715 3.405583 -0.210355
v -0.542946 3.409610 0.231890
v -0.585056 3.441308 0.255576
v -0.467726 3.372839 0.465344
v -0.506648 3.367702 0.454354
v -0.257399 2.998595 -0.169192
v -0.263162 2.998680 -0.170821
v -0.382554 3.313525 0.253306
v -0.453751 3.307719 0.233194
v -0.467726 3.372839 0.465344
v -0.506648 3.367702 0.454354
v -0.257399 2.998595 -0.169192
v -0.263162 2.998680 -0.170821
v -0.382554 3.313525 0.253306
v -0.453751 3.307719 0.233194
v -0.477298 3.359962 0.471164
v -0.497076 3.380579 0.448534
v -0.069299 3.035323 -0.206234
v -0.072012 3.038734 -0.209292
v -0.301577 3.304045 0.290665
v -0.336843 3.343283 0.250511
v -0.477298 3.359962 0.471164
v -0.497076 3.380579 0.448534
v -0.069299 3.035323 -0.206234
v -0.072012 3.038734 -0.209292
v -0.301577 3.304045 0.290665
v -0.336843 3.343283 0.250511
v -0.425802 4.347593 0.487967
v -0.441147 4.338670 0.451238
v 0.329168 4.016932 0.233502
v 0.326886 4.015795 0.228142
v -0.187291 4.326693 0.411927
v -0.215402 4.311152 0.345070
v -0.425802 4.347593 0.487967
v -0.441147 4.338670 0.451238
v 0.329168 4.016932 0.233502
v 0.326886 4.015795 0.228142
v -0.187291 4.326693 0.411927
v -0.215402 4.311152 0.345070
v -0.434622 4.348904 0.483323
v -0.432327 4.337359 0.455881
v 0.226193 4.077260 0.638984
v 0.226420 4.076180 0.634731
v -0.223125 4.329276 0.522562
v -0.219409 4.310835 0.471557
v -0.434622 4.348904 0.483323
v -0.432327 4.337359 0.455881
v 0.226193 4.077260 0.638984
v 0.226420 4.076180 0.634731
v -0.223125 4.329276 0.522562
v -0.219409 4.310835 0.471557
v -0.442525 4.335264 0.484153
v -0.424425 4.350999 0.455051
v 0.286514 3.909290 0.686367
v 0.289174 3.911408 0.682058
v -0.215560 4.249184 0.598760
v -0.182534 4.277069 0.545527
v -0.442525 4.335264 0.484153
v -0.424425 4.350999 0.455051
v 0.286514 3.909290 0.686367
v 0.289174 3.911408 0.682058
v -0.215560 4.249184 0.598760
v -0.182534 4.277069 0.545527
v -0.141575 3.286676 -0.375053
v -0.109308 3.302944 -0.368848
v -0.199490 3.153630 0.367565
v -0.194654 3.155670 0.368582
v -0.201481 3.283522 -0.143877
v -0.142208 3.311714 -0.132111
v -0.141575 3.286676 -0.375053
v -0.109308 3.302944 -0.368848
v -0.199490 3.153630 0.367565
v -0.194654 3.155670 0.368582
v -0.201481 3.283522 -0.143877
v -0.142208 3.311714 -0.132111
v -0.136647 3.304954 -0.384994
v -0.114236 3.284666 -0.358908
v -0.979819 2.942349 0.083477
v -0.976361 2.939804 0.087417
v -0.397071 3.272089 -0.211826
v -0.355483 3.236927 -0.163780
v -0.136647 3.304954 -0.384994
v -0.114236 3.284666 -0.358908
v -0.979819 2.942349 0.083477
v -0.976361 2.939804 0.087417
v -0.397071 3.272089 -0.211826
v -0.355483 3.236927 -0.163780
v -0.126879 3.289580 -0.385215
v -0.124004 3.300040 -0.358687
v -0.745342 2.757550 -0.095148
v -0.744979 2.759285 -0.091368
v -0.357129 3.174452 -0.327524
v -0.352134 3.194380 -0.279625
v -0.126879 3.289580 -0.385215
v -0.124004 3.300040 -0.358687
v -0.745342 2.757550 -0.095148
v -0.744979 2.759285 -0.091368
v -0.357129 3.174452 -0.327524
v -0.352134 3.194380 -0.279625
v -0.280069 3.349958 -0.594946
v -0.316484 3.351937 -0.613956
v 0.186777 3.418098 -1.520133
v 0.181548 3.418142 -1.523052
v -0.122883 3.451210 -0.849107
v -0.188808 3.453773 -0.884323
v -0.280069 3.349958 -0.594946
v -0.316484 3.351937 -0.613956
v 0.186777 3.418098 -1.520133
v 0.181548 3.418142 -1.523052
v -0.122883 3.451210 -0.849107
v -0.188808 3.453773 -0.884323
v -0.290717 3.357058 -0.587017
v -0.305837 3.344836 -0.621885
v 0.365431 3.119525 -0.807828
v 0.363080 3.118430 -0.813073
v -0.070756 3.334701 -0.655868
v -0.098895 3.315379 -0.720000
v -0.290717 3.357058 -0.587017
v -0.305837 3.344836 -0.621885
v 0.365431 3.119525 -0.807828
v 0.363080 3.118430 -0.813073
v -0.070756 3.334701 -0.655868
v -0.098895 3.315379 -0.720000
v -0.297554 3.351201 -0.584074
v -0.299000 3.350693 -0.624829
v 0.669474 2.981628 -0.631204
v 0.669246 2.981658 -0.637133
v 0.016402 3.318827 -0.578110
v 0.013700 3.318344 -0.652213
v -0.297554 3.351201 -0.584074
v -0.299000 3.350693 -0.624829
v 0.669474 2.981628 -0.631204
v 0.669246 2.981658 -0.637133
v 0.016402 3.318827 -0.578110
v 0.013700 3.318344 -0.652213
v -0.136726 4.307525 -0.553750
v -0.121375 4.328937 -0.585127
v 0.663786 4.459876 -0.080995
v 0.666283 4.462766 -0.085583
v 0.060844 4.403550 -0.369675
v 0.089879 4.441527 -0.426825
v -0.136726 4.307525 -0.553750
v -0.121375 4.328937 -0.585127
v 0.663786 4.459876 -0.080995
v 0.666283 4.462766 -0.085583
v 0.060844 4.403550 -0.369675
v 0.089879 4.441527 -0.426825
v -0.143260 4.308478 -0.569193
v -0.114841 4.327984 -0.569684
v 0.065348 4.045728 0.033614
v 0.069500 4.048538 0.033543
v -0.122263 4.258122 -0.363972
v -0.070514 4.293474 -0.364863
v -0.143260 4.308478 -0.569193
v -0.114841 4.327984 -0.569684
v 0.065348 4.045728 0.033614
v 0.069500 4.048538 0.033543
v -0.122263 4.258122 -0.363972
v -0.070514 4.293474 -0.364863
v -0.142311 4.326232 -0.575508
v -0.115790 4.310230 -0.563369
v -0.534681 4.042468 -0.053345
v -0.530859 4.040068 -0.051597
v -0.266320 4.287481 -0.392947
v -0.218249 4.258079 -0.370951
v -0.142311 4.326232 -0.575508
v -0.115790 4.310230 -0.563369
v -0.534681 4.042468 -0.053345
v -0.530859 4.040068 -0.051597
v -0.266320 4.287481 -0.392947
v -0.218249 4.258079 -0.370951
v 0.506695 1.955006 0.057609
v 0.499919 1.969461 0.020302
v 1.398781 1.524637 -0.290036
v 1.397717 1.527300 -0.295231
v 0.799207 1.905256 0.003260
v 0.786555 1.933920 -0.063588
v 0.506695 1.955006 0.057609
v 0.499919 1.969461 0.020302
v 1.398781 1.524637 -0.290036
v 1.397717 1.527300 -0.295231
v 0.799207 1.905256 0.003260
v 0.786555 1.933920 -0.063588
v 0.496462 1.963570 0.056076
v 0.510153 1.960898 0.021835
v 1.159925 1.721481 0.323195
v 1.161990 1.720487 0.318291
v 0.706704 1.946342 0.157818
v 0.731910 1.938913 0.095889
v 0.496462 1.963570 0.056076
v 0.510153 1.960898 0.021835
v 1.159925 1.721481 0.323195
v 1.161990 1.720487 0.318291
v 0.706704 1.946342 0.157818
v 0.731910 1.938913 0.095889
v 0.494784 1.971318 0.046850
v 0.511831 1.953149 0.031061
v 0.540710 1.461492 0.659583
v 0.543521 1.459233 0.657203
v 0.552691 1.867978 0.250833
v 0.585093 1.836575 0.221770
v 0.494784 1.971318 0.046850
v 0.511831 1.953149 0.031061
v 0.540710 1.461492 0.659583
v 0.543521 1.459233 0.657203
v 0.552691 1.867978 0.250833
v 0.585093 1.836575 0.221770
v 0.425068 1.969812 0.109198
v 0.396647 1.954655 0.103862
v 0.663715 1.875849 -0.980405
v 0.659734 1.873407 -0.981322
v 0.462855 2.037941 -0.203895
v 0.411831 2.009373 -0.214195
v 0.425068 1.969812 0.109198
v 0.396647 1.954655 0.103862
v 0.663715 1.875849 -0.980405
v 0.659734 1.873407 -0.981322
v 0.462855 2.037941 -0.203895
v 0.411831 2.009373 -0.214195
v 0.426508 1.956819 0.113303
v 0.395206 1.967648 0.099757
v 0.640137 1.509103 -0.778648
v 0.635767 1.511330 -0.780520
v 0.540099 1.882572 -0.169859
v 0.483963 1.905032 -0.194073
v 0.426508 1.956819 0.113303
v 0.395206 1.967648 0.099757
v 0.640137 1.509103 -0.778648
v 0.635767 1.511330 -0.780520
v 0.540099 1.882572 -0.169859
v 0.483963 1.905032 -0.194073
v 0.420727 1.966654 0.121295
v 0.400987 1.957813 0.091765
v 1.187668 1.726165 -0.338792
v 1.184620 1.725548 -0.343169
v 0.675788 1.952702 -0.026474
v 0.639144 1.939470 -0.080513
v 0.420727 1.966654 0.121295
v 0.400987 1.957813 0.091765
v 1.187668 1.726165 -0.338792
v 1.184620 1.725548 -0.343169
v 0.675788 1.952702 -0.026474
v 0.639144 1.939470 -0.080513
v 0.563231 2.827465 0.229110
v 0.590450 2.838272 0.237149
v 0.498863 2.477141 0.966950
v 0.502673 2.479178 0.967997
v 0.500816 2.782045 0.454540
v 0.549673 2.803674 0.468636
v 0.563231 2.827465 0.229110
v 0.590450 2.838272 0.237149
v 0.498863 2.477141 0.966950
v 0.502673 2.479178 0.967997
v 0.500816 2.782045 0.454540
v 0.549673 2.803674 0.468636
v 0.570595 2.845441 0.218831
v 0.583086 2.820297 0.247428
v -0.140489 2.753875 0.472917
v -0.138766 2.750077 0.476994
v 0.349670 2.870166 0.314094
v 0.371984 2.823850 0.365736
v 0.570595 2.845441 0.218831
v 0.583086 2.820297 0.247428
v -0.140489 2.753875 0.472917
v -0.138766 2.750077 0.476994
v 0.349670 2.870166 0.314094
v 0.371984 2.823850 0.365736
v 0.578192 2.837995 0.218332
v 0.575489 2.827742 0.247927
v -0.267041 2.704858 0.109296
v -0.267474 2.703196 0.113538
v 0.305354 2.854709 0.185547
v 0.300272 2.835343 0.239090
v 0.578192 2.837995 0.218332
v 0.575489 2.827742 0.247927
v -0.267041 2.704858 0.109296
v -0.267474 2.703196 0.113538
v 0.305354 2.854709 0.185547
v 0.300272 2.835343 0.239090
v 0.074062 1.744359 0.385215
v 0.108913 1.726638 0.380022
v 0.049408 1.441978 1.123657
v 0.054143 1.438676 1.123127
v 0.081598 1.727640 0.615404
v 0.143542 1.692343 0.606922
v 0.074062 1.744359 0.385215
v 0.108913 1.726638 0.380022
v 0.049408 1.441978 1.123657
v 0.054143 1.438676 1.123127
v 0.081598 1.727640 0.615404
v 0.143542 1.692343 0.606922
v 0.076304 1.731900 0.379858
v 0.106672 1.739097 0.385379
v 0.051621 1.271438 1.193583
v 0.055954 1.272874 1.194342
v 0.031114 1.663558 0.643080
v 0.085971 1.678296 0.652932
v 0.076304 1.731900 0.379858
v 0.106672 1.739097 0.385379
v 0.051621 1.271438 1.193583
v 0.055954 1.272874 1.194342
v 0.031114 1.663558 0.643080
v 0.085971 1.678296 0.652932
v 0.080064 1.729803 0.372508
v 0.102912 1.741194 0.392729
v -0.353396 1.245930 1.157252
v -0.350013 1.247330 1.160270
v -0.102798 1.656855 0.598758
v -0.061003 1.676472 0.635851
v 0.080064 1.729803 0.372508
v 0.102912 1.741194 0.392729
v -0.353396 1.245930 1.157252
v -0.350013 1.247330 1.160270
v -0.102798 1.656855 0.598758
v -0.061003 1.676472 0.635851
v 0.038582 1.739747 0.255749
v 0.035916 1.731250 0.218580
v 0.787074 1.514201 0.236821
v 0.786565 1.513297 0.231347
v 0.267206 1.742962 0.254691
v 0.261846 1.728920 0.186826
v 0.038582 1.739747 0.255749
v 0.035916 1.731250 0.218580
v 0.787074 1.514201 0.236821
v 0.786565 1.513297 0.231347
v 0.267206 1.742962 0.254691
v 0.261846 1.728920 0.186826
v 0.029908 1.741681 0.251246
v 0.044590 1.729316 0.223083
v 0.752890 1.319408 0.795946
v 0.755014 1.317260 0.791998
v 0.270731 1.701761 0.411198
v 0.297378 1.677790 0.360621
v 0.029908 1.741681 0.251246
v 0.044590 1.729316 0.223083
v 0.752890 1.319408 0.795946
v 0.755014 1.317260 0.791998
v 0.270731 1.701761 0.411198
v 0.297378 1.677790 0.360621
v 0.026221 1.744922 0.244729
v 0.048277 1.726075 0.229600
v 0.249792 1.250529 1.156294
v 0.252800 1.247427 1.154251
v 0.141696 1.680359 0.522445
v 0.180946 1.644559 0.495606
v 0.026221 1.744922 0.244729
v 0.048277 1.726075 0.229600
v 0.249792 1.250529 1.156294
v 0.252800 1.247427 1.154251
v 0.141696 1.680359 0.522445
v 0.180946 1.644559 0.495606
v -0.077877 2.510314 0.479359
v -0.086292 2.500750 0.513737
v -0.937102 2.513565 0.286656
v -0.938531 2.511769 0.291493
v -0.332242 2.582222 0.421108
v -0.348412 2.563111 0.482920
v -0.077877 2.510314 0.479359
v -0.086292 2.500750 0.513737
v -0.937102 2.513565 0.286656
v -0.938531 2.511769 0.291493
v -0.332242 2.582222 0.421108
v -0.348412 2.563111 0.482920
v -0.070551 2.504584 0.479900
v -0.093618 2.506480 0.513196
v -0.808232 2.326559 0.000076
v -0.811747 2.326430 0.004831
v -0.274350 2.529713 0.317078
v -0.316969 2.531437 0.377242
v -0.070551 2.504584 0.479900
v -0.093618 2.506480 0.513196
v -0.808232 2.326559 0.000076
v -0.811747 2.326430 0.004831
v -0.274350 2.529713 0.317078
v -0.316969 2.531437 0.377242
v -0.066981 2.498461 0.494924
v -0.097188 2.512603 0.498172
v -0.416021 1.925246 -0.107880
v -0.420460 1.927199 -0.107374
v -0.137216 2.368982 0.263995
v -0.192329 2.394253 0.270045
v -0.066981 2.498461 0.494924
v -0.097188 2.512603 0.498172
v -0.416021 1.925246 -0.107880
v -0.420460 1.927199 -0.107374
v -0.137216 2.368982 0.263995
v -0.192329 2.394253 0.270045
v -0.258385 1.656715 0.033509
v -0.226559 1.650321 0.032766
v -0.218966 1.682993 0.888536
v -0.214236 1.682604 0.888092
v -0.251082 1.731111 0.286274
v -0.192788 1.721786 0.283496
v -0.258385 1.656715 0.033509
v -0.226559 1.650321 0.032766
v -0.218966 1.682993 0.888536
v -0.214236 1.682604 0.888092
v -0.251082 1.731111 0.286274
v -0.192788 1.721786 0.283496
v -0.255913 1.645983 0.026722
v -0.229031 1.661053 0.039553
v -0.367112 1.222309 0.794448
v -0.363301 1.224716 0.796270
v -0.343609 1.569295 0.265006
v -0.295155 1.597606 0.288145
v -0.255913 1.645983 0.026722
v -0.229031 1.661053 0.039553
v -0.367112 1.222309 0.794448
v -0.363301 1.224716 0.796270
v -0.343609 1.569295 0.265006
v -0.295155 1.597606 0.288145
v -0.252975 1.649598 0.019638
v -0.231969 1.657438 0.046637
v -0.708489 1.336396 0.484477
v -0.705394 1.336842 0.488576
v -0.423390 1.608343 0.145544
v -0.385032 1.619648 0.195360
v -0.252975 1.649598 0.019638
v -0.231969 1.657438 0.046637
v -0.708489 1.336396 0.484477
v -0.705394 1.336842 0.488576
v -0.423390 1.608343 0.145544
v -0.385032 1.619648 0.195360
v -0.322031 1.644722 -0.091961
v -0.349768 1.662314 -0.102398
v -0.008584 1.689853 -0.897556
v -0.012741 1.691919 -0.899578
v -0.184892 1.711212 -0.297804
v -0.235845 1.741103 -0.318920
v -0.322031 1.644722 -0.091961
v -0.349768 1.662314 -0.102398
v -0.008584 1.689853 -0.897556
v -0.012741 1.691919 -0.899578
v -0.184892 1.711212 -0.297804
v -0.235845 1.741103 -0.318920
v -0.330609 1.661231 -0.080581
v -0.341191 1.645805 -0.113777
v 0.458386 1.290389 -0.178455
v 0.456858 1.287961 -0.183202
v -0.059913 1.600304 -0.120668
v -0.079107 1.571474 -0.180677
v -0.330609 1.661231 -0.080581
v -0.341191 1.645805 -0.113777
v 0.458386 1.290389 -0.178455
v 0.456858 1.287961 -0.183202
v -0.059913 1.600304 -0.120668
v -0.079107 1.571474 -0.180677
v -0.340053 1.653396 -0.081337
v -0.331747 1.653641 -0.113022
v 0.560192 1.295928 0.137425
v 0.561473 1.295657 0.132833
v -0.062305 1.631579 0.005158
v -0.046894 1.630724 -0.052381
v -0.340053 1.653396 -0.081337
v -0.331747 1.653641 -0.113022
v 0.560192 1.295928 0.137425
v 0.561473 1.295657 0.132833
v -0.062305 1.631579 0.005158
v -0.046894 1.630724 -0.052381
v -0.297768 2.393287 -0.084004
v -0.295743 2.381067 -0.115810
v 0.549311 2.304203 -0.011485
v 0.549344 2.302879 -0.016303
v -0.052228 2.441443 -0.071886
v -0.049659 2.421155 -0.130527
v -0.297768 2.393287 -0.084004
v -0.295743 2.381067 -0.115810
v 0.549311 2.304203 -0.011485
v 0.549344 2.302879 -0.016303
v -0.052228 2.441443 -0.071886
v -0.049659 2.421155 -0.130527
v -0.306730 2.397561 -0.088350
v -0.286782 2.376793 -0.111463
v 0.264774 2.404234 0.373702
v 0.267672 2.401048 0.370485
v -0.122496 2.450823 0.046932
v -0.086244 2.412360 0.005525
v -0.306730 2.397561 -0.088350
v -0.286782 2.376793 -0.111463
v 0.264774 2.404234 0.373702
v 0.267672 2.401048 0.370485
v -0.122496 2.450823 0.046932
v -0.086244 2.412360 0.005525
v -0.310569 2.379591 -0.094883
v -0.282943 2.394764 -0.104931
v 0.274723 1.764581 0.539098
v 0.278795 1.766661 0.537594
v -0.166080 2.253574 0.156647
v -0.115619 2.280620 0.138198
v -0.310569 2.379591 -0.094883
v -0.282943 2.394764 -0.104931
v 0.274723 1.764581 0.539098
v 0.278795 1.766661 0.537594
v -0.166080 2.253574 0.156647
v -0.115619 2.280620 0.138198
v -0.046811 2.354804 -0.297279
v -0.020795 2.342474 -0.290233
v -0.303471 2.379193 0.746403
v -0.299802 2.377228 0.747553
v -0.092807 2.452899 -0.006783
v -0.045995 2.429752 0.006559
v -0.046811 2.354804 -0.297279
v -0.020795 2.342474 -0.290233
v -0.303471 2.379193 0.746403
v -0.299802 2.377228 0.747553
v -0.092807 2.452899 -0.006783
v -0.045995 2.429752 0.006559
v -0.044387 2.358400 -0.299903
v -0.023220 2.338878 -0.287609
v -0.506536 2.095921 0.113023
v -0.503629 2.092813 0.114681
v -0.187948 2.319568 -0.147027
v -0.150193 2.282933 -0.125228
v -0.044387 2.358400 -0.299903
v -0.023220 2.338878 -0.287609
v -0.506536 2.095921 0.113023
v -0.503629 2.092813 0.114681
v -0.187948 2.319568 -0.147027
v -0.150193 2.282933 -0.125228
v -0.042084 2.343282 -0.308123
v -0.025523 2.353995 -0.279388
v -0.600618 1.985377 0.165257
v -0.598151 1.986431 0.169591
v -0.249502 2.288100 -0.185307
v -0.219146 2.305436 -0.132405
v -0.042084 2.343282 -0.308123
v -0.025523 2.353995 -0.279388
v -0.600618 1.985377 0.165257
v -0.598151 1.986431 0.169591
v -0.249502 2.288100 -0.185307
v -0.219146 2.305436 -0.132405
v -0.092901 2.349321 -0.459119
v -0.098381 2.347956 -0.493146
v 0.686504 2.165806 -0.592232
v 0.685563 2.166009 -0.597174
v 0.148883 2.361079 -0.484231
v 0.138308 2.360304 -0.546068
v -0.092901 2.349321 -0.459119
v -0.098381 2.347956 -0.493146
v 0.686504 2.165806 -0.592232
v 0.685563 2.166009 -0.597174
v 0.148883 2.361079 -0.484231
v 0.138308 2.360304 -0.546068
v -0.101247 2.340279 -0.460857
v -0.090035 2.356999 -0.491408
v 0.815963 1.965346 -0.348150
v 0.817430 1.968257 -0.352392
v 0.174110 2.291866 -0.368369
v 0.193799 2.324301 -0.423060
v -0.101247 2.340279 -0.460857
v -0.090035 2.356999 -0.491408
v 0.815963 1.965346 -0.348150
v 0.817430 1.968257 -0.352392
v 0.174110 2.291866 -0.368369
v 0.193799 2.324301 -0.423060
v -0.107682 2.346588 -0.467991
v -0.083600 2.350690 -0.484274
v 0.335076 1.745706 0.012833
v 0.338592 1.745786 0.010354
v 0.027296 2.228616 -0.276431
v 0.071136 2.233878 -0.306508
v -0.107682 2.346588 -0.467991
v -0.083600 2.350690 -0.484274
v 0.335076 1.745706 0.012833
v 0.338592 1.745786 0.010354
v 0.027296 2.228616 -0.276431
v 0.071136 2.233878 -0.306508
v -0.263468 3.383416 -0.410691
v -0.282881 3.398024 -0.384203
v -0.838301 3.599928 -0.930567
v -0.840556 3.602617 -0.926609
v -0.408658 3.488165 -0.594825
v -0.441540 3.517125 -0.546218
v -0.263468 3.383416 -0.410691
v -0.282881 3.398024 -0.384203
v -0.838301 3.599928 -0.930567
v -0.840556 3.602617 -0.926609
v -0.408658 3.488165 -0.594825
v -0.441540 3.517125 -0.546218
v -0.254985 3.381680 -0.399842
v -0.291364 3.399760 -0.395052
v -0.653735 2.845606 -1.255606
v -0.658877 2.848536 -1.254912
v -0.318656 3.293756 -0.694440
v -0.384166 3.327903 -0.685743
v -0.254985 3.381680 -0.399842
v -0.291364 3.399760 -0.395052
v -0.653735 2.845606 -1.255606
v -0.658877 2.848536 -1.254912
v -0.318656 3.293756 -0.694440
v -0.384166 3.327903 -0.685743
v -0.258182 3.387936 -0.390344
v -0.288167 3.393504 -0.404550
v -0.008619 3.103932 -1.062442
v -0.012962 3.105035 -1.064433
v -0.152052 3.362103 -0.591880
v -0.206490 3.373470 -0.617387
v -0.258182 3.387936 -0.390344
v -0.288167 3.393504 -0.404550
v -0.008619 3.103932 -1.062442
v -0.012962 3.105035 -1.064433
v -0.152052 3.362103 -0.591880
v -0.206490 3.373470 -0.617387
v 0.385335 2.228846 -0.221414
v 0.372334 2.242869 -0.246528
v 1.150338 2.213217 -0.643142
v 1.148341 2.215678 -0.646504
v 0.638141 2.273347 -0.311214
v 0.614051 2.300635 -0.355642
v 0.385335 2.228846 -0.221414
v 0.372334 2.242869 -0.246528
v 1.150338 2.213217 -0.643142
v 1.148341 2.215678 -0.646504
v 0.638141 2.273347 -0.311214
v 0.614051 2.300635 -0.355642
v 0.378760 2.225935 -0.220800
v 0.378909 2.245780 -0.247142
v 1.373812 1.997365 -0.405043
v 1.373958 1.999922 -0.409121
v 0.686863 2.216488 -0.209291
v 0.687664 2.251172 -0.258235
v 0.378760 2.225935 -0.220800
v 0.378909 2.245780 -0.247142
v 1.373812 1.997365 -0.405043
v 1.373958 1.999922 -0.409121
v 0.686863 2.216488 -0.209291
v 0.687664 2.251172 -0.258235
v 0.367940 2.238743 -0.224386
v 0.389729 2.232973 -0.243557
v 0.819687 1.773298 0.409620
v 0.822736 1.771896 0.406864
v 0.524585 2.154656 -0.002360
v 0.563691 2.141778 -0.037076
v 0.367940 2.238743 -0.224386
v 0.389729 2.232973 -0.243557
v 0.819687 1.773298 0.409620
v 0.822736 1.771896 0.406864
v 0.524585 2.154656 -0.002360
v 0.563691 2.141778 -0.037076
v 0.425343 2.243531 -0.172087
v 0.450924 2.228184 -0.189576
v 0.988634 2.334658 0.542634
v 0.992339 2.332822 0.539719
v 0.600343 2.339913 0.027269
v 0.646784 2.313692 -0.006108
v 0.425343 2.243531 -0.172087
v 0.450924 2.228184 -0.189576
v 0.988634 2.334658 0.542634
v 0.992339 2.332822 0.539719
v 0.600343 2.339913 0.027269
v 0.646784 2.313692 -0.006108
v 0.422972 2.240652 -0.172138
v 0.453295 2.231064 -0.189526
v 0.745001 1.951101 0.516831
v 0.749557 1.950423 0.514161
v 0.527555 2.206080 0.060220
v 0.583308 2.191697 0.028005
v 0.422972 2.240652 -0.172138
v 0.453295 2.231064 -0.189526
v 0.745001 1.951101 0.516831
v 0.749557 1.950423 0.514161
v 0.527555 2.206080 0.060220
v 0.583308 2.191697 0.028005
v 0.424007 2.243950 -0.182021
v 0.452260 2.227766 -0.179643
v 0.082091 1.728900 0.566150
v 0.085858 1.725932 0.566375
v 0.334225 2.153553 0.086010
v 0.384141 2.121517 0.089819
v 0.424007 2.243950 -0.182021
v 0.452260 2.227766 -0.179643
v 0.082091 1.728900 0.566150
v 0.085858 1.725932 0.566375
v 0.334225 2.153553 0.086010
v 0.384141 2.121517 0.089819
v 0.435211 3.218686 -0.247268
v 0.413739 3.237111 -0.272165
v 1.220643 3.378283 -0.830935
v 1.217393 3.381456 -0.834081
v 0.700309 3.316422 -0.380234
v 0.660727 3.352018 -0.423483
v 0.435211 3.218686 -0.247268
v 0.413739 3.237111 -0.272165
v 1.220643 3.378283 -0.830935
v 1.217393 3.381456 -0.834081
v 0.700309 3.316422 -0.380234
v 0.660727 3.352018 -0.423483
v 0.421255 3.225106 -0.239630
v 0.427695 3.230691 -0.279803
v 1.151333 3.010406 -0.170378
v 1.152343 3.010910 -0.176252
v 0.650324 3.214198 -0.187252
v 0.662346 3.223041 -0.260425
v 0.421255 3.225106 -0.239630
v 0.427695 3.230691 -0.279803
v 1.151333 3.010406 -0.170378
v 1.152343 3.010910 -0.176252
v 0.650324 3.214198 -0.187252
v 0.662346 3.223041 -0.260425
v 0.411656 3.232591 -0.247425
v 0.437295 3.223206 -0.272008
v 0.876417 2.830814 0.367221
v 0.880080 2.829192 0.363674
v 0.570713 3.160643 -0.031608
v 0.617049 3.142487 -0.076179
v 0.411656 3.232591 -0.247425
v 0.437295 3.223206 -0.272008
v 0.876417 2.830814 0.367221
v 0.880080 2.829192 0.363674
v 0.570713 3.160643 -0.031608
v 0.617049 3.142487 -0.076179
vn -0.1201 -0.9671 -0.2240
vn -0.3623 -0.9312 0.0406
vn -0.0968 -0.9784 -0.1828
vn -0.3147 -0.9437 0.1016
vn 0.1201 0.9671 0.2240
vn 0.3623 0.9312 -0.0406
vn 0.0968 0.9784 0.1828
vn 0.3147 0.9437 -0.1016
vn 0.2606 -0.9360 0.2368
vn -0.0572 -0.9721 0.2277
vn 0.2646 -0.9455 0.1899
vn -0.0583 -0.9872 0.1487
vn -0.2606 0.9360 -0.2368
vn 0.0572 0.9721 -0.2277
vn -0.2646 0.9455 -0.1899
vn 0.0583 0.9872 -0.1487
vn -0.3092 -0.9490 -0.0618
vn -0.6220 -0.7512 -0.2209
vn -0.3185 -0.9466 -0.0497
vn -0.6328 -0.7479 -0.2006
vn 0.3092 0.9490 0.0618
vn 0.6220 0.7512 0.2209
vn 0.3185 0.9466 0.0497
vn 0.6328 0.7479 0.2006
vn -0.2381 -0.8729 0.4258
vn 0.0341 -0.9787 0.2025
vn -0.2486 -0.8882 0.3865
vn 0.0683 -0.9626 0.2622
vn 0.2381 0.8729 -0.4258
vn -0.0341 0.9787 -0.2025
vn 0.2486 0.8882 -0.3865
vn -0.0683 0.9626 -0.2622
vn 0.0300 -0.9508 -0.3082
vn 0.3785 -0.9117 -0.1600
vn 0.0384 -0.9334 -0.3569
vn 0.3428 -0.9350 -0.0908
vn -0.0300 0.9508 0.3082
vn -0.3785 0.9117 0.1600
vn -0.0384 0.9334 0.3569
vn -0.3428 0.9350 0.0908
vn 0.6744 -0.7358 -0.0622
vn 0.8193 -0.5282 0.2229
vn 0.6962 -0.7136 -0.0777
vn 0.8481 -0.4939 0.1917
vn -0.6744 0.7358 0.0622
vn -0.8193 0.5282 -0.2229
vn -0.6962 0.7136 0.0777
vn -0.8481 0.4939 -0.1917
vn -0.0658 -0.9865 -0.1502
vn -0.3260 -0.8325 -0.4479
vn -0.0572 -0.9863 -0.1547
vn -0.3150 -0.8322 -0.4563
vn 0.0658 0.9865 0.1502
vn 0.3260 0.8325 0.4479
vn 0.0572 0.9863 0.1547
vn 0.3150 0.8322 0.4563
vn -0.1226 -0.9921 -0.0272
vn -0.1795 -0.9208 -0.3462
vn -0.1637 -0.9860 -0.0318
vn -0.2470 -0.9065 -0.3424
vn 0.1226 0.9921 0.0272
vn 0.1795 0.9208 0.3462
vn 0.1637 0.9860 0.0318
vn 0.2470 0.9065 0.3424
vn 0.2902 -0.9567 -0.0223
vn 0.3246 -0.8725 -0.3652
vn 0.2493 -0.9673 -0.0462
vn 0.2518 -0.8859 -0.3895
vn -0.2902 0.9567 0.0223
vn -0.3246 0.8725 0.3652
vn -0.2493 0.9673 0.0462
vn -0.2518 0.8859 0.3895
vn 0.3988 -0.9074 0.1330
vn 0.3249 -0.7902 0.5196
vn 0.4224 -0.8971 0.1296
vn 0.2902 -0.8067 0.5149
vn -0.3988 0.9074 -0.1330
vn -0.3249 0.7902 -0.5196
vn -0.4224 0.8971 -0.1296
vn -0.2902 0.8067 -0.5149
vn -0.3392 -0.9401 -0.0335
vn -0.4540 -0.8208 0.3467
vn -0.3350 -0.9417 -0.0307
vn -0.4471 -0.8231 0.3500
vn 0.3392 0.9401 0.0335
vn 0.4540 0.8208 -0.3467
vn 0.3350 0.9417 0.0307
vn 0.4471 0.8231 -0.3500
vn -0.1849 -0.9673 0.1736
vn -0.5118 -0.8068 0.2952
vn -0.1913 -0.9699 0.1506
vn -0.5257 -0.8098 0.2606
vn 0.1849 0.9673 -0.1736
vn 0.5118 0.8068 -0.2952
vn 0.1913 0.9699 -0.1506
vn 0.5257 0.8098 -0.2606
vn -0.5636 -0.8260 -0.0047
vn -0.4613 -0.8356 0.2981
vn -0.5995 -0.8004 0.0054
vn -0.5181 -0.7921 0.3228
vn 0.5636 0.8260 0.0047
vn 0.4613 0.8356 -0.2981
vn 0.5995 0.8004 -0.0054
vn 0.5181 0.7921 -0.3228
vn 0.0456 -0.9571 0.2860
vn -0.0966 -0.8115 0.5763
vn 0.0045 -0.9649 0.2628
vn -0.1670 -0.8195 0.5481
vn -0.0456 0.9571 -0.2860
vn 0.0966 0.8115 -0.5763
vn -0.0045 0.9649 -0.2628
vn 0.1670 0.8195 -0.5481
vn -0.5464 -0.7863 -0.2884
vn -0.7483 -0.6633 0.0090
vn -0.5259 -0.8052 -0.2739
vn -0.7719 -0.6353 -0.0238
vn 0.5464 0.7863 0.2884
vn 0.7483 0.6633 -0.0090
vn 0.5259 0.8052 0.2739
vn 0.7719 0.6353 0.0238
vn -0.0087 -0.9709 0.2395
vn -0.3854 -0.8498 0.3596
vn -0.0102 -0.9730 0.2305
vn -0.3898 -0.8531 0.3469
vn 0.0087 0.9709 -0.2395
vn 0.3854 0.8498 -0.3596
vn 0.0102 0.9730 -0.2305
vn 0.3898 0.8531 -0.3469
vn -0.1540 -0.9153 0.3721
vn -0.5225 -0.8133 0.2560
vn -0.1405 -0.9343 0.3276
vn -0.5101 -0.8397 0.1861
vn 0.1540 0.9153 -0.3721
vn 0.5225 0.8133 -0.2560
vn 0.1405 0.9343 -0.3276
vn 0.5101 0.8397 -0.1861
vn -0.0694 -0.8588 -0.5076
vn -0.3732 -0.7063 -0.6015
vn -0.0768 -0.8628 -0.4996
vn -0.3830 -0.7133 -0.5870
vn 0.0694 0.8588 0.5076
vn 0.3732 0.7063 0.6015
vn 0.0768 0.8628 0.4996
vn 0.3830 0.7133 0.5870
vn 0.4326 -0.8960 0.0999
vn 0.4543 -0.8630 -0.2209
vn 0.4130 -0.9062 0.0910
vn 0.4189 -0.8785 -0.2299
vn -0.4326 0.8960 -0.0999
vn -0.4543 0.8630 0.2209
vn -0.4130 0.9062 -0.0910
vn -0.4189 0.8785 0.2299
vn -0.2118 -0.8513 -0.4801
vn 0.1028 -0.7582 -0.6438
vn -0.2005 -0.8652 -0.4596
vn 0.1250 -0.7797 -0.6135
vn 0.2118 0.8513 0.4801
vn -0.1028 0.7582 0.6438
vn 0.2005 0.8652 0.4596
vn -0.1250 0.7797 0.6135
vn 0.4842 -0.8306 0.2750
vn 0.7675 -0.6163 0.1764
vn 0.4835 -0.8249 0.2928
vn 0.7689 -0.6059 0.2042
vn -0.4842 0.8306 -0.2750
vn -0.7675 0.6163 -0.1764
vn -0.4835 0.8249 -0.2928
vn -0.7689 0.6059 -0.2042
vn 0.1097 -0.9449 -0.3085
vn -0.0286 -0.9989 0.0361
vn 0.1227 -0.9465 -0.2986
vn -0.0523 -0.9983 0.0253
vn -0.1097 0.9449 0.3085
vn 0.0286 0.9989 -0.0361
vn -0.1227 0.9465 0.2986
vn 0.0523 0.9983 -0.0253
vn 0.0067 -0.9446 0.3282
vn -0.2937 -0.8720 0.3916
vn 0.0004 -0.9575 0.2883
vn -0.3141 -0.8913 0.3270
vn -0.0067 0.9446 -0.3282
vn 0.2937 0.8720 -0.3916
vn -0.0004 0.9575 -0.2883
vn 0.3141 0.8913 -0.3270
vn -0.1029 -0.9946 0.0160
vn -0.4572 -0.8891 0.0225
vn -0.1020 -0.9947 0.0102
vn -0.4571 -0.8893 0.0131
vn 0.1029 0.9946 -0.0160
vn 0.4572 0.8891 -0.0225
vn 0.1020 0.9947 -0.0102
vn 0.4571 0.8893 -0.0131
vn 0.5933 -0.7699 -0.2351
vn 0.2843 -0.8588 -0.4262
vn 0.5833 -0.7811 -0.2228
vn 0.2709 -0.8741 -0.4032
vn -0.5933 0.7699 0.2351
vn -0.2843 0.8588 0.4262
vn -0.5833 0.7811 0.2228
vn -0.2709 0.8741 0.4032
vn 0.5447 -0.7999 -0.2520
vn 0.4539 -0.6790 -0.5769
vn 0.5428 -0.8010 -0.2524
vn 0.4510 -0.6809 -0.5771
vn -0.5447 0.7999 0.2520
vn -0.4539 0.6790 0.5769
vn -0.5428 0.8010 0.2524
vn -0.4510 0.6809 0.5771
vn -0.3294 -0.8530 -0.4048
vn -0.1530 -0.7401 -0.6549
vn -0.3333 -0.8500 -0.4079
vn -0.1602 -0.7351 -0.6587
vn 0.3294 0.8530 0.4048
vn 0.1530 0.7401 0.6549
vn 0.3333 0.8500 0.4079
vn 0.1602 0.7351 0.6587
vn -0.2161 -0.9230 -0.3184
vn -0.5969 -0.7721 -0.2181
vn -0.2155 -0.9116 -0.3501
vn -0.6016 -0.7541 -0.2634
vn 0.2161 0.9230 0.3184
vn 0.5969 0.7721 0.2181
vn 0.2155 0.9116 0.3501
vn 0.6016 0.7541 0.2634
vn -0.0997 -0.9943 0.0377
vn -0.4245 -0.9031 -0.0645
vn -0.1213 -0.9902 0.0694
vn -0.4494 -0.8933 -0.0083
vn 0.0997 0.9943 -0.0377
vn 0.4245 0.9031 0.0645
vn 0.1213 0.9902 -0.0694
vn 0.4494 0.8933 0.0083
vn -0.7682 -0.6320 -0.1021
vn -0.7595 -0.4500 -0.4698
vn -0.7433 -0.6586 -0.1170
vn -0.7966 -0.4171 -0.4375
vn 0.7682 0.6320 0.1021
vn 0.7595 0.4500 0.4698
vn 0.7433 0.6586 0.1170
vn 0.7966 0.4171 0.4375
vn 0.4854 -0.8646 -0.1296
vn 0.4227 -0.8591 0.2887
vn 0.5036 -0.8551 -0.1231
vn 0.4494 -0.8433 0.2947
vn -0.4854 0.8646 0.1296
vn -0.4227 0.8591 -0.2887
vn -0.5036 0.8551 0.1231
vn -0.4494 0.8433 -0.2947
vn -0.3628 -0.9268 0.0975
vn -0.4837 -0.7792 0.3986
vn -0.3980 -0.9143 0.0746
vn -0.5424 -0.7558 0.3669
vn 0.3628 0.9268 -0.0975
vn 0.4837 0.7792 -0.3986
vn 0.3980 0.9143 -0.0746
vn 0.5424 0.7558 -0.3669
vn 0.0612 -0.9783 0.1980
vn -0.1900 -0.9161 0.3531
vn 0.0912 -0.9691 0.2292
vn -0.2260 -0.9304 0.2885
vn -0.0612 0.9783 -0.1980
vn 0.1900 0.9161 -0.3531
vn -0.0912 0.9691 -0.2292
vn 0.2260 0.9304 -0.2885
vn 0.3876 -0.9185 -0.0777
vn 0.4669 -0.7607 -0.4509
vn 0.4189 -0.9060 -0.0616
vn 0.5147 -0.7402 -0.4326
vn -0.3876 0.9185 0.0777
vn -0.4669 0.7607 0.4509
vn -0.4189 0.9060 0.0616
vn -0.5147 0.7402 0.4326
vn -0.3235 -0.7696 -0.5505
vn -0.0421 -0.7398 -0.6715
vn -0.3179 -0.7766 -0.5439
vn -0.0350 -0.7515 -0.6588
vn 0.3235 0.7696 0.5505
vn 0.0421 0.7398 0.6715
vn 0.3179 0.7766 0.5439
vn 0.0350 0.7515 0.6588
vn -0.0183 -0.9442 -0.3288
vn 0.2789 -0.9112 -0.3031
vn -0.0150 -0.9398 -0.3414
vn 0.2820 -0.9027 -0.3250
vn 0.0183 0.9442 0.3288
vn -0.2789 0.9112 0.3031
vn 0.0150 0.9398 0.3414
vn -0.2820 0.9027 0.3250
vn -0.4585 -0.8873 -0.0494
vn -0.4877 -0.7475 -0.4510
vn -0.5000 -0.8643 -0.0543
vn -0.5454 -0.7110 -0.4438
vn 0.4585 0.8873 0.0494
vn 0.4877 0.7475 0.4510
vn 0.5000 0.8643 0.0543
vn 0.5454 0.7110 0.4438
vn 0.2603 -0.9445 -0.2005
vn 0.3073 -0.7696 -0.5597
vn 0.2866 -0.9388 -0.1912
vn 0.3480 -0.7596 -0.5495
vn -0.2603 0.9445 0.2005
vn -0.3073 0.7696 0.5597
vn -0.2866 0.9388 0.1912
vn -0.3480 0.7596 0.5495
vn 0.4025 -0.9149 0.0303
vn 0.5796 -0.7585 -0.2980
vn 0.4174 -0.9078 0.0398
vn 0.6008 -0.7483 -0.2812
vn -0.4025 0.9149 -0.0303
vn -0.5796 0.7585 0.2980
vn -0.4174 0.9078 -0.0398
vn -0.6008 0.7483 0.2812
vn 0.0147 -0.9750 0.2218
vn -0.3905 -0.9018 0.1853
vn 0.0182 -0.9794 0.2012
vn -0.3867 -0.8965 0.2160
vn -0.0147 0.9750 -0.2218
vn 0.3905 0.9018 -0.1853
vn -0.0182 0.9794 -0.2012
vn 0.3867 0.8965 -0.2160
vn -0.3122 -0.9190 0.2407
vn -0.6359 -0.7712 0.0305
vn -0.3262 -0.9091 0.2590
vn -0.6522 -0.7556 0.0603
vn 0.3122 0.9190 -0.2407
vn 0.6359 0.7712 -0.0305
vn 0.3262 0.9091 -0.2590
vn 0.6522 0.7556 -0.0603
vn -0.6177 -0.7829 0.0748
vn -0.7447 -0.6044 -0.2829
vn -0.6393 -0.7643 0.0846
vn -0.7735 -0.5766 -0.2632
vn 0.6177 0.7829 -0.0748
vn 0.7447 0.6044 0.2829
vn 0.6393 0.7643 -0.0846
vn 0.7735 0.5766 0.2632
vn -0.1933 -0.9320 -0.3066
vn 0.1643 -0.9537 -0.2519
vn -0.1809 -0.9253 -0.3334
vn 0.1777 -0.9385 -0.2961
vn 0.1933 0.9320 0.3066
vn -0.1643 0.9537 0.2519
vn 0.1809 0.9253 0.3334
vn -0.1777 0.9385 0.2961
vn -0.1080 -0.9940 -0.0182
vn 0.2429 -0.9494 0.1993
vn -0.0898 -0.9953 -0.0351
vn 0.2652 -0.9491 0.1701
vn 0.1080 0.9940 0.0182
vn -0.2429 0.9494 -0.1993
vn 0.0898 0.9953 0.0351
vn -0.2652 0.9491 -0.1701
vn -0.3103 -0.7858 0.5350
vn -0.1717 -0.5672 0.8055
vn -0.3028 -0.7885 0.5353
vn -0.1599 -0.5720 0.8045
vn 0.3103 0.7858 -0.5350
vn 0.1717 0.5672 -0.8055
vn 0.3028 0.7885 -0.5353
vn 0.1599 0.5720 -0.8045
vn -0.1826 -0.9417 0.2825
vn -0.0886 -0.9933 -0.0746
vn -0.1378 -0.9475 0.2886
vn -0.1608 -0.9845 -0.0695
vn 0.1826 0.9417 -0.2825
vn 0.0886 0.9933 0.0746
vn 0.1378 0.9475 -0.2886
vn 0.1608 0.9845 0.0695
vn 0.5301 -0.8445 -0.0767
vn 0.5990 -0.6817 -0.4202
vn 0.5163 -0.8526 -0.0803
vn 0.6189 -0.6705 -0.4091
vn -0.5301 0.8445 0.0767
vn -0.5990 0.6817 0.4202
vn -0.5163 0.8526 0.0803
vn -0.6189 0.6705 0.4091
vn 0.2779 -0.9586 0.0621
vn 0.4775 -0.8363 -0.2694
vn 0.2582 -0.9659 0.0203
vn 0.5258 -0.8221 -0.2184
vn -0.2779 0.9586 -0.0621
vn -0.4775 0.8363 0.2694
vn -0.2582 0.9659 -0.0203
vn -0.5258 0.8221 0.2184
vn -0.3321 -0.8102 -0.4830
vn -0.4698 -0.8763 -0.1069
vn -0.2989 -0.8354 -0.4613
vn -0.4116 -0.9077 -0.0813
vn 0.3321 0.8102 0.4830
vn 0.4698 0.8763 0.1069
vn 0.2989 0.8354 0.4613
vn 0.4116 0.9077 0.0813
vn -0.1316 -0.8823 0.4520
vn -0.4035 -0.7677 0.4979
vn -0.1305 -0.8767 0.4629
vn -0.3986 -0.7581 0.5161
vn 0.1316 0.8823 -0.4520
vn 0.4035 0.7677 -0.4979
vn 0.1305 0.8767 -0.4629
vn 0.3986 0.7581 -0.5161
vn -0.0702 -0.9972 -0.0261
vn -0.4539 -0.8845 -0.1084
vn -0.0789 -0.9969 -0.0063
vn -0.4629 -0.8831 -0.0771
vn 0.0702 0.9972 0.0261
vn 0.4539 0.8845 0.1084
vn 0.0789 0.9969 0.0063
vn 0.4629 0.8831 0.0771
vn 0.1661 -0.9296 0.3289
vn -0.2394 -0.9367 0.2555
vn 0.1709 -0.9160 0.3628
vn -0.2405 -0.9205 0.3079
vn -0.1661 0.9296 -0.3289
vn 0.2394 0.9367 -0.2555
vn -0.1709 0.9160 -0.3628
vn 0.2405 0.9205 -0.3079
vn -0.1825 -0.8044 0.5653
vn -0.4368 -0.8042 0.4031
vn -0.1924 -0.7973 0.5722
vn -0.4255 -0.8179 0.3873
vn 0.1825 0.8044 -0.5653
vn 0.4368 0.8042 -0.4031
vn 0.1924 0.7973 -0.5722
vn 0.4255 0.8179 -0.3873
vn 0.2440 -0.8037 -0.5428
vn 0.0289 -0.5995 -0.7998
vn 0.2351 -0.8076 -0.5409
vn 0.0157 -0.6060 -0.7953
vn -0.2440 0.8037 0.5428
vn -0.0289 0.5995 0.7998
vn -0.2351 0.8076 0.5409
vn -0.0157 0.6060 0.7953
vn -0.4653 -0.8583 0.2162
vn -0.3889 -0.9000 -0.1969
vn -0.4807 -0.8515 0.2096
vn -0.4118 -0.8882 -0.2039
vn 0.4653 0.8583 -0.2162
vn 0.3889 0.9000 0.1969
vn 0.4807 0.8515 -0.2096
vn 0.4118 0.8882 0.2039
vn -0.3761 -0.7502 -0.5438
vn -0.1749 -0.6303 -0.7564
vn -0.3897 -0.7332 -0.5573
vn -0.2016 -0.6011 -0.7734
vn 0.3761 0.7502 0.5438
vn 0.1749 0.6303 0.7564
vn 0.3897 0.7332 0.5573
vn 0.2016 0.6011 0.7734
vn 0.3372 -0.9291 0.1520
vn 0.6010 -0.7948 -0.0844
vn 0.3263 -0.9376 0.1200
vn 0.5752 -0.8074 -0.1310
vn -0.3372 0.9291 -0.1520
vn -0.6010 0.7948 0.0844
vn -0.3263 0.9376 -0.1200
vn -0.5752 0.8074 0.1310
vn 0.0518 -0.9982 0.0317
vn -0.3285 -0.9421 0.0680
vn 0.0529 -0.9986 0.0035
vn -0.3324 -0.9428 0.0245
vn -0.0518 0.9982 -0.0317
vn 0.3285 0.9421 -0.0680
vn -0.0529 0.9986 -0.0035
vn 0.3324 0.9428 -0.0245
vn 0.0063 -0.8782 -0.4783
vn -0.3588 -0.7405 -0.5683
vn 0.0219 -0.8634 -0.5041
vn -0.3400 -0.7165 -0.6091
vn -0.0063 0.8782 0.4783
vn 0.3588 0.7405 0.5683
vn -0.0219 0.8634 0.5041
vn 0.3400 0.7165 0.6091
vn -0.1475 -0.8852 -0.4412
vn -0.3802 -0.6414 -0.6663
vn -0.1838 -0.8873 -0.4231
vn -0.4304 -0.6455 -0.6310
vn 0.1475 0.8852 0.4412
vn 0.3802 0.6414 0.6663
vn 0.1838 0.8873 0.4231
vn 0.4304 0.6455 0.6310
vn -0.5929 -0.8052 0.0095
vn -0.4162 -0.8768 0.2408
vn -0.6260 -0.7788 0.0405
vn -0.4651 -0.8326 0.3008
vn 0.5929 0.8052 -0.0095
vn 0.4162 0.8768 -0.2408
vn 0.6260 0.7788 -0.0405
vn 0.4651 0.8326 -0.3008
vn -0.3825 -0.8595 0.3392
vn -0.2591 -0.6734 0.6924
vn -0.3993 -0.8522 0.3381
vn -0.2833 -0.6618 0.6941
vn 0.3825 0.8595 -0.3392
vn 0.2591 0.6734 -0.6924
vn 0.3993 0.8522 -0.3381
vn 0.2833 0.6618 -0.6941
vn -0.2108 -0.9774 0.0143
vn -0.3513 -0.8619 0.3658
vn -0.1912 -0.9814 0.0190
vn -0.3782 -0.8567 0.3507
vn 0.2108 0.9774 -0.0143
vn 0.3513 0.8619 -0.3658
vn 0.1912 0.9814 -0.0190
vn 0.3782 0.8567 -0.3507
vn -0.0165 -0.8766 -0.4809
vn -0.3331 -0.8732 -0.3557
vn -0.0264 -0.8581 -0.5128
vn -0.3548 -0.8423 -0.4058
vn 0.0165 0.8766 0.4809
vn 0.3331 0.8732 0.3557
vn 0.0264 0.8581 0.5128
vn 0.3548 0.8423 0.4058
vn -0.0020 -0.7987 -0.6017
vn -0.3914 -0.7478 -0.5363
vn -0.0065 -0.8158 -0.5782
vn -0.3926 -0.7728 -0.4987
vn 0.0020 0.7987 0.6017
vn 0.3914 0.7478 0.5363
vn 0.0065 0.8158 0.5782
vn 0.3926 0.7728 0.4987
vn -0.3441 -0.9324 -0.1104
vn -0.5947 -0.7559 -0.2738
vn -0.3801 -0.9209 -0.0865
vn -0.5442 -0.7729 -0.3264
vn 0.3441 0.9324 0.1104
vn 0.5947 0.7559 0.2738
vn 0.3801 0.9209 0.0865
vn 0.5442 0.7729 0.3264
vn -0.1410 -0.8372 0.5285
vn -0.3373 -0.9090 0.2448
vn -0.1105 -0.8504 0.5143
vn -0.2911 -0.9318 0.2170
vn 0.1410 0.8372 -0.5285
vn 0.3373 0.9090 -0.2448
vn 0.1105 0.8504 -0.5143
vn 0.2911 0.9318 -0.2170
vn -0.3040 -0.9527 -0.0049
vn -0.3957 -0.8691 -0.2969
vn -0.2602 -0.9654 -0.0192
vn -0.3247 -0.8867 -0.3290
vn 0.3040 0.9527 0.0049
vn 0.3957 0.8691 0.2969
vn 0.2602 0.9654 0.0192
vn 0.3247 0.8867 0.3290
vn -0.4260 -0.8045 -0.4140
vn -0.3370 -0.6104 -0.7168
vn -0.4660 -0.7766 -0.4240
vn -0.4020 -0.5649 -0.7206
vn 0.4260 0.8045 0.4140
vn 0.3370 0.6104 0.7168
vn 0.4660 0.7766 0.4240
vn 0.4020 0.5649 0.7206
vn -0.0014 -0.8044 -0.5941
vn -0.2821 -0.8513 -0.4425
vn -0.0195 -0.7807 -0.6247
vn -0.3183 -0.8117 -0.4897
vn 0.0014 0.8044 0.5941
vn 0.2821 0.8513 0.4425
vn 0.0195 0.7807 0.6247
vn 0.3183 0.8117 0.4897
vn -0.0151 -0.9900 -0.1400
vn -0.3663 -0.9147 -0.1707
vn -0.0221 -0.9921 -0.1235
vn -0.3725 -0.9170 -0.1428
vn 0.0151 0.9900 0.1400
vn 0.3663 0.9147 0.1707
vn 0.0221 0.9921 0.1235
vn 0.3725 0.9170 0.1428
vn -0.3726 -0.9274 -0.0346
vn -0.5474 -0.8009 -0.2428
vn -0.3861 -0.9221 -0.0257
vn -0.5679 -0.7919 -0.2244
vn 0.3726 0.9274 0.0346
vn 0.5474 0.8009 0.2428
vn 0.3861 0.9221 0.0257
vn 0.5679 0.7919 0.2244
vt 0.637500 0.000000
vt 0.250000 0.340000
vt 0.362500 0.000000
vt 0.750000 0.340000
vt 0.480000 1.000000
vt 0.520000 1.000000
vt 0.362500 0.000000
vt 0.250000 0.340000
vt 0.250000 0.340000
vt 0.750000 0.340000
vt 0.480000 1.000000
vt 0.520000 1.000000
vt 0.750000 0.340000
vt 0.250000 0.340000
s 0
f 614/617/756 617/618/756 613/619/756
f 618/620/757 615/621/757 617/618/757
f 614/617/758 618/620/758 617/618/758
f 618/620/759 616/622/759 615/621/759
f 620/617/760 619/619/760 623/618/760
f 624/620/761 623/618/761 621/621/761
f 620/617/762 623/618/762 624/620/762
f 624/620/763 621/621/763 622/622/763
f 626/617/764 629/618/764 625/623/764
f 630/620/765 627/621/765 629/618/765
f 626/617/766 630/620/766 629/618/766
f 630/620/767 628/622/767 627/621/767
f 632/617/768 631/623/768 635/618/768
f 636/620/769 635/618/769 633/621/769
f 632/617/770 635/618/770 636/620/770
f 636/620/771 633/621/771 634/622/771
f 638/617/772 641/624/772 637/623/772
f 642/620/773 639/621/773 641/624/773
f 638/617/774 642/620/774 641/624/774
f 642/620/775 640/622/775 639/621/775
f 644/617/776 643/623/776 647/624/776
f 648/620/777 647/624/777 645/621/777
f 644/617/778 647/624/778 648/620/778
f 648/620/779 645/621/779 646/622/779
f 650/617/780 653/624/780 649/619/780
f 653/624/781 652/622/781 651/621/781
f 650/617/782 654/620/782 653/624/782
f 653/624/783 654/620/783 652/622/783
f 656/617/784 655/619/784 659/624/784
f 659/624/785 657/621/785 658/622/785
f 656/617/786 659/624/786 660/620/786
f 659/624/787 658/622/787 660/620/787
f 661/623/788 666/620/788 665/618/788
f 666/620/789 663/621/789 665/618/789
f 661/623/790 662/617/790 666/620/790
f 666/620/791 664/622/791 663/621/791
f 667/623/792 671/618/792 672/620/792
f 672/620/793 671/618/793 669/621/793
f 667/623/794 672/620/794 668/617/794
f 672/620/795 669/621/795 670/622/795
f 674/617/796 677/625/796 673/619/796
f 678/626/797 675/627/797 677/625/797
f 674/617/798 678/626/798 677/625/798
f 678/626/799 676/628/799 675/627/799
f 680/617/800 679/619/800 683/625/800
f 684/626/801 683/625/801 681/627/801
f 680/617/802 683/625/802 684/626/802
f 684/626/803 681/627/803 682/628/803
f 686/617/804 689/618/804 685/623/804
f 690/620/805 687/621/805 689/618/805
f 686/617/806 690/620/806 689/618/806
f 690/620/807 688/622/807 687/621/807
f 692/617/808 691/623/808 695/618/808
f 696/620/809 695/618/809 693/621/809
f 692/617/810 695/618/810 696/620/810
f 696/620/811 693/621/811 694/622/811
f 698/617/812 701/618/812 697/623/812
f 702/620/813 699/621/813 701/618/813
f 698/617/814 702/620/814 701/618/814
f 702/620/815 700/622/815 699/621/815
f 704/617/816 703/623/816 707/618/816
f 708/620/817 707/618/817 705/621/817
f 704/617/818 707/618/818 708/620/818
f 708/620/819 705/621/819 706/622/819
f 710/617/820 713/618/820 709/623/820
f 714/620/821 711/621/821 713/618/821
f 710/617/822 714/620/822 713/618/822
f 714/620/823 712/622/823 711/621/823
f 716/617/824 715/623/824 719/618/824
f 720/620/825 719/618/825 717/621/825
f 716/617/826 719/618/826 720/620/826
f 720/620/827 717/621/827 718/622/827
f 721/623/828 726/620/828 725/618/828
f 726/620/829 723/627/829 725/618/829
f 721/623/830 722/617/830 726/620/830
f 726/620/831 724/628/831 723/627/831
f 727/623/832 731/618/832 732/620/832
f 732/620/833 731/618/833 729/627/833
f 727/623/834 732/620/834 728/617/834
f 732/620/835 729/627/835 730/628/835
f 734/617/836 737/624/836 733/619/836
f 738/620/837 735/621/837 737/624/837
f 734/617/838 738/620/838 737/624/838
f 738/620/839 736/622/839 735/621/839
f 740/617/840 739/619/840 743/624/840
f 744/620/841 743/624/841 741/621/841
f 740/617/842 743/624/842 744/620/842
f 744/620/843 741/621/843 742/622/843
f 746/617/844 749/618/844 745/623/844
f 750/620/845 747/627/845 749/618/845
f 746/617/846 750/620/846 749/618/846
f 750/620/847 748/628/847 747/627/847
f 752/617/848 751/623/848 755/618/848
f 756/620/849 755/618/849 753/627/849
f 752/617/850 755/618/850 756/620/850
f 756/620/851 753/627/851 754/628/851
f 758/617/852 761/618/852 757/623/852
f 762/620/853 759/621/853 761/618/853
f 758/617/854 762/620/854 761/618/854
f 762/620/855 760/622/855 759/621/855
f 764/617/856 763/623/856 767/618/856
f 768/620/857 767/618/857 765/621/857
f 764/617/858 767/618/858 768/620/858
f 768/620/859 765/621/859 766/622/859
f 770/617/860 773/618/860 769/623/860
f 774/620/861 771/621/861 773/618/861
f 770/617/862 774/620/862 773/618/862
f 774/620/863 772/622/863 771/621/863
f 776/617/864 775/623/864 779/618/864
f 780/620/865 779/618/865 777/621/865
f 776/617/866 779/618/866 780/620/866
f 780/620/867 777/621/867 778/622/867
f 781/623/868 786/620/868 785/624/868
f 786/620/869 783/621/869 785/624/869
f 781/623/870 782/617/870 786/620/870
f 786/620/871 784/622/871 783/621/871
f 787/623/872 791/624/872 792/620/872
f 792/620/873 791/624/873 789/621/873
f 787/623/874 792/620/874 788/617/874
f 792/620/875 789/621/875 790/622/875
f 794/617/876 797/618/876 793/623/876
f 798/620/877 795/627/877 797/618/877
f 794/617/878 798/620/878 797/618/878
f 798/620/879 796/628/879 795/627/879
f 800/617/880 799/623/880 803/618/880
f 804/620/881 803/618/881 801/627/881
f 800/617/882 803/618/882 804/620/882
f 804/620/883 801/627/883 802/628/883
f 806/617/884 809/618/884 805/623/884
f 810/620/885 807/627/885 809/618/885
f 806/617/886 810/620/886 809/618/886
f 810/620/887 808/628/887 807/627/887
f 812/617/888 811/623/888 815/618/888
f 816/620/889 815/618/889 813/627/889
f 812/617/890 815/618/890 816/620/890
f 816/620/891 813/627/891 814/628/891
f 818/617/892 821/618/892 817/619/892
f 822/620/893 819/621/893 821/618/893
f 818/617/894 822/620/894 821/618/894
f 822/620/895 820/622/895 819/621/895
f 824/617/896 823/619/896 827/618/896
f 828/620/897 827/618/897 825/621/897
f 824/617/898 827/618/898 828/620/898
f 828/620/899 825/621/899 826/622/899
f 830/617/900 833/618/900 829/619/900
f 834/620/901 831/621/901 833/618/901
f 830/617/902 834/620/902 833/618/902
f 834/620/903 832/622/903 831/621/903
f 836/617/904 835/619/904 839/618/904
f 840/620/905 839/618/905 837/621/905
f 836/617/906 839/618/906 840/620/906
f 840/620/907 837/621/907 838/622/907
f 842/617/908 845/618/908 841/619/908
f 846/620/909 843/621/909 845/618/909
f 842/617/910 846/620/910 845/618/910
f 846/620/911 844/622/911 843/621/911
f 848/617/912 847/619/912 851/618/912
f 852/620/913 851/618/913 849/621/913
f 848/617/914 851/618/914 852/620/914
f 852/620/915 849/621/915 850/622/915
f 854/617/916 857/618/916 853/619/916
f 858/620/917 855/621/917 857/618/917
f 854/617/918 858/620/918 857/618/918
f 858/620/919 856/622/919 855/621/919
f 860/617/920 859/619/920 863/618/920
f 864/620/921 863/618/921 861/621/921
f 860/617/922 863/618/922 864/620/922
f 864/620/923 861/621/923 862/622/923
f 866/617/924 869/618/924 865/623/924
f 869/618/925 868/622/925 867/621/925
f 866/617/926 870/620/926 869/618/926
f 869/618/927 870/620/927 868/622/927
f 872/617/928 871/623/928 875/618/928
f 875/618/929 873/621/929 874/622/929
f 872/617/930 875/618/930 876/620/930
f 875/618/931 874/622/931 876/620/931
f 878/617/932 881/624/932 877/623/932
f 882/620/933 879/621/933 881/624/933
f 878/617/934 882/620/934 881/624/934
f 882/620/935 880/622/935 879/621/935
f 884/617/936 883/623/936 887/624/936
f 888/620/937 887/624/937 885/621/937
f 884/617/938 887/624/938 888/620/938
f 888/620/939 885/621/939 886/622/939
f 890/617/940 893/618/940 889/619/940
f 894/620/941 891/621/941 893/618/941
f 890/617/942 894/620/942 893/618/942
f 894/620/943 892/622/943 891/621/943
f 896/617/944 895/619/944 899/618/944
f 900/620/945 899/618/945 897/621/945
f 896/617/946 899/618/946 900/620/946
f 900/620/947 897/621/947 898/622/947
f 902/617/948 905/624/948 901/619/948
f 906/620/949 903/621/949 905/624/949
f 902/617/950 906/620/950 905/624/950
f 906/620/951 904/622/951 903/621/951
f 908/617/952 907/619/952 911/624/952
f 912/620/953 911/624/953 909/621/953
f 908/617/954 911/624/954 912/620/954
f 912/620/955 909/621/955 910/622/955
f 914/617/956 917/618/956 913/619/956
f 918/620/957 915/621/957 917/618/957
f 914/617/958 918/620/958 917/618/958
f 918/620/959 916/622/959 915/621/959
f 920/617/960 919/619/960 923/618/960
f 924/620/961 923/618/961 921/621/961
f 920/617/962 923/618/962 924/620/962
f 924/620/963 921/621/963 922/622/963
f 926/617/964 929/618/964 925/623/964
f 930/620/965 927/621/965 929/618/965
f 926/617/966 930/620/966 929/618/966
f 930/620/967 928/622/967 927/621/967
f 932/617/968 931/623/968 935/618/968
f 936/620/969 935/618/969 933/621/969
f 932/617/970 935/618/970 936/620/970
f 936/620/971 933/621/971 934/622/971
f 938/617/972 941/618/972 937/623/972
f 942/620/973 939/621/973 941/618/973
f 938/617/974 942/620/974 941/618/974
f 942/620/975 940/622/975 939/621/975
f 944/617/976 943/623/976 947/618/976
f 948/620/977 947/618/977 945/621/977
f 944/617/978 947/618/978 948/620/978
f 948/620/979 945/621/979 946/622/979
f 950/617/980 953/618/980 949/623/980
f 954/620/981 951/621/981 953/618/981
f 950/617/982 954/620/982 953/618/982
f 954/620/983 952/622/983 951/621/983
f 956/617/984 955/623/984 959/618/984
f 960/620/985 959/618/985 957/621/985
f 956/617/986 959/618/986 960/620/986
f 960/620/987 957/621/987 958/622/987
f 962/617/988 965/618/988 961/623/988
f 965/618/989 964/622/989 963/621/989
f 962/617/990 966/620/990 965/618/990
f 965/618/991 966/620/991 964/622/991
f 968/617/992 967/623/992 971/618/992
f 971/618/993 969/621/993 970/622/993
f 968/617/994 971/618/994 972/620/994
f 971/618/995 970/622/995 972/620/995
f 974/617/996 977/618/996 973/619/996
f 978/620/997 975/621/997 977/618/997
f 974/617/998 978/620/998 977/618/998
f 978/620/999 976/622/999 975/621/999
f 980/617/1000 979/619/1000 983/618/1000
f 984/620/1001 983/618/1001 981/621/1001
f 980/617/1002 983/618/1002 984/620/1002
f 984/620/1003 981/621/1003 982/622/1003
f 986/617/1004 989/618/1004 985/623/1004
f 990/620/1005 987/621/1005 989/618/1005
f 986/617/1006 990/620/1006 989/618/1006
f 990/620/1007 988/622/1007 987/621/1007
f 992/617/1008 991/623/1008 995/618/1008
f 996/620/1009 995/618/1009 993/621/1009
f 992/617/1010 995/618/1010 996/620/1010
f 996/620/1011 993/621/1011 994/622/1011
f 997/623/1012 1002/629/1012 1001/630/1012
f 1002/629/1013 999/621/1013 1001/630/1013
f 997/623/1014 998/617/1014 1002/629/1014
f 1002/629/1015 1000/622/1015 999/621/1015
f 1003/623/1016 1007/630/1016 1008/629/1016
f 1008/629/1017 1007/630/1017 1005/621/1017
f 1003/623/1018 1008/629/1018 1004/617/1018
f 1008/629/1019 1005/621/1019 1006/622/1019
f 1010/617/1020 1013/618/1020 1009/623/1020
f 1014/620/1021 1011/621/1021 1013/618/1021
f 1010/617/1022 1014/620/1022 1013/618/1022
f 1014/620/1023 1012/622/1023 1011/621/1023
f 1016/617/1024 1015/623/1024 1019/618/1024
f 1020/620/1025 1019/618/1025 1017/621/1025
f 1016/617/1026 1019/618/1026 1020/620/1026
f 1020/620/1027 1017/621/1027 1018/622/1027
f 1021/623/1028 1026/620/1028 1025/618/1028
f 1025/618/1029 1024/622/1029 1023/621/1029
f 1021/623/1030 1022/617/1030 1026/620/1030
f 1025/618/1031 1026/620/1031 1024/622/1031
f 1027/623/1032 1031/618/1032 1032/620/1032
f 1031/618/1033 1029/621/1033 1030/622/1033
f 1027/623/1034 1032/620/1034 1028/617/1034
f 1031/618/1035 1030/622/1035 1032/620/1035
f 1034/617/1036 1037/624/1036 1033/623/1036
f 1038/620/1037 1035/621/1037 1037/624/1037
f 1034/617/1038 1038/620/1038 1037/624/1038
f 1038/620/1039 1036/622/1039 1035/621/1039
f 1040/617/1040 1039/623/1040 1043/624/1040
f 1044/620/1041 1043/624/1041 1041/621/1041
f 1040/617/1042 1043/624/1042 1044/620/1042
f 1044/620/1043 1041/621/1043 1042/622/1043
f 1046/617/1044 1049/624/1044 1045/623/1044
f 1050/620/1045 1047/621/1045 1049/624/1045
f 1046/617/1046 1050/620/1046 1049/624/1046
f 1050/620/1047 1048/622/1047 1047/621/1047
f 1052/617/1048 1051/623/1048 1055/624/1048
f 1056/620/1049 1055/624/1049 1053/621/1049
f 1052/617/1050 1055/624/1050 1056/620/1050
f 1056/620/1051 1053/621/1051 1054/622/1051
f 1058/617/1052 1061/618/1052 1057/623/1052
f 1062/620/1053 1059/621/1053 1061/618/1053
f 1058/617/1054 1062/620/1054 1061/618/1054
f 1062/620/1055 1060/622/1055 1059/621/1055
f 1064/617/1056 1063/623/1056 1067/618/1056
f 1068/620/1057 1067/618/1057 1065/621/1057
f 1064/617/1058 1067/618/1058 1068/620/1058
f 1068/620/1059 1065/621/1059 1066/622/1059
f 1069/623/1060 1074/620/1060 1073/618/1060
f 1073/618/1061 1072/622/1061 1071/621/1061
f 1069/623/1062 1070/617/1062 1074/620/1062
f 1073/618/1063 1074/620/1063 1072/622/1063
f 1075/623/1064 1079/618/1064 1080/620/1064
f 1079/618/1065 1077/621/1065 1078/622/1065
f 1075/623/1066 1080/620/1066 1076/617/1066
f 1079/618/1067 1078/622/1067 1080/620/1067
f 1082/617/1068 1085/618/1068 1081/619/1068
f 1085/618/1069 1084/622/1069 1083/621/1069
f 1082/617/1070 1086/620/1070 1085/618/1070
f 1085/618/1071 1086/620/1071 1084/622/1071
f 1088/617/1072 1087/619/1072 1091/618/1072
f 1091/618/1073 1089/621/1073 1090/622/1073
f 1088/617/1074 1091/618/1074 1092/620/1074
f 1091/618/1075 1090/622/1075 1092/620/1075
f 1094/617/1076 1097/618/1076 1093/619/1076
f 1098/620/1077 1095/621/1077 1097/618/1077
f 1094/617/1078 1098/620/1078 1097/618/1078
f 1098/620/1079 1096/622/1079 1095/621/1079
f 1100/617/1080 1099/619/1080 1103/618/1080
f 1104/620/1081 1103/618/1081 1101/621/1081
f 1100/617/1082 1103/618/1082 1104/620/1082
f 1104/620/1083 1101/621/1083 1102/622/1083
f 1106/617/1084 1109/618/1084 1105/623/1084
f 1110/620/1085 1107/621/1085 1109/618/1085
f 1106/617/1086 1110/620/1086 1109/618/1086
f 1110/620/1087 1108/622/1087 1107/621/1087
f 1112/617/1088 1111/623/1088 1115/618/1088
f 1116/620/1089 1115/618/1089 1113/621/1089
f 1112/617/1090 1115/618/1090 1116/620/1090
f 1116/620/1091 1113/621/1091 1114/622/1091
f 1118/617/1092 1121/618/1092 1117/623/1092
f 1122/620/1093 1119/621/1093 1121/618/1093
f 1118/617/1094 1122/620/1094 1121/618/1094
f 1122/620/1095 1120/622/1095 1119/621/1095
f 1124/617/1096 1123/623/1096 1127/618/1096
f 1128/620/1097 1127/618/1097 1125/621/1097
f 1124/617/1098 1127/618/1098 1128/620/1098
f 1128/620/1099 1125/621/1099 1126/622/1099
f 1130/617/1100 1133/618/1100 1129/619/1100
f 1134/620/1101 1131/621/1101 1133/618/1101
f 1130/617/1102 1134/620/1102 1133/618/1102
f 1134/620/1103 1132/622/1103 1131/621/1103
f 1136/617/1104 1135/619/1104 1139/618/1104
f 1140/620/1105 1139/618/1105 1137/621/1105
f 1136/617/1106 1139/618/1106 1140/620/1106
f 1140/620/1107 1137/621/1107 1138/622/1107
f 1142/617/1108 1145/618/1108 1141/623/1108
f 1146/620/1109 1143/621/1109 1145/618/1109
f 1142/617/1110 1146/620/1110 1145/618/1110
f 1146/620/1111 1144/622/1111 1143/621/1111
f 1148/617/1112 1147/623/1112 1151/618/1112
f 1152/620/1113 1151/618/1113 1149/621/1113
f 1148/617/1114 1151/618/1114 1152/620/1114
f 1152/620/1115 1149/621/1115 1150/622/1115
f 1154/617/1116 1157/618/1116 1153/623/1116
f 1157/618/1117 1156/622/1117 1155/621/1117
f 1154/617/1118 1158/620/1118 1157/618/1118
f 1157/618/1119 1158/620/1119 1156/622/1119
f 1160/617/1120 1159/623/1120 1163/618/1120
f 1163/618/1121 1161/621/1121 1162/622/1121
f 1160/617/1122 1163/618/1122 1164/620/1122
f 1163/618/1123 1162/622/1123 1164/620/1123
f 1165/619/1124 1170/626/1124 1169/625/1124
f 1170/626/1125 1167/621/1125 1169/625/1125
f 1165/619/1126 1166/617/1126 1170/626/1126
f 1170/626/1127 1168/622/1127 1167/621/1127
f 1171/619/1128 1175/625/1128 1176/626/1128
f 1176/626/1129 1175/625/1129 1173/621/1129
f 1171/619/1130 1176/626/1130 1172/617/1130
f 1176/626/1131 1173/621/1131 1174/622/1131
f 1178/617/1132 1181/618/1132 1177/623/1132
f 1181/618/1133 1180/628/1133 1179/627/1133
f 1178/617/1134 1182/620/1134 1181/618/1134
f 1181/618/1135 1182/620/1135 1180/628/1135
f 1184/617/1136 1183/623/1136 1187/618/1136
f 1187/618/1137 1185/627/1137 1186/628/1137
f 1184/617/1138 1187/618/1138 1188/620/1138
f 1187/618/1139 1186/628/1139 1188/620/1139
f 1190/617/1140 1193/624/1140 1189/623/1140
f 1194/620/1141 1191/621/1141 1193/624/1141
f 1190/617/1142 1194/620/1142 1193/624/1142
f 1194/620/1143 1192/622/1143 1191/621/1143
f 1196/617/1144 1195/623/1144 1199/624/1144
f 1200/620/1145 1199/624/1145 1197/621/1145
f 1196/617/1146 1199/624/1146 1200/620/1146
f 1200/620/1147 1197/621/1147 1198/622/1147
f 1202/617/1148 1205/618/1148 1201/623/1148
f 1206/620/1149 1203/621/1149 1205/618/1149
f 1202/617/1150 1206/620/1150 1205/618/1150
f 1206/620/1151 1204/622/1151 1203/621/1151
f 1208/617/1152 1207/623/1152 1211/618/1152
f 1212/620/1153 1211/618/1153 1209/621/1153
f 1208/617/1154 1211/618/1154 1212/620/1154
f 1212/620/1155 1209/621/1155 1210/622/1155
f 1214/617/1156 1217/618/1156 1213/623/1156
f 1218/620/1157 1215/621/1157 1217/618/1157
f 1214/617/1158 1218/620/1158 1217/618/1158
f 1218/620/1159 1216/622/1159 1215/621/1159
f 1220/617/1160 1219/623/1160 1223/618/1160
f 1224/620/1161 1223/618/1161 1221/621/1161
f 1220/617/1162 1223/618/1162 1224/620/1162
f 1224/620/1163 1221/621/1163 1222/622/1163
f 1225/623/1164 1230/620/1164 1229/618/1164
f 1229/618/1165 1228/622/1165 1227/621/1165
f 1225/623/1166 1226/617/1166 1230/620/1166
f 1229/618/1167 1230/620/1167 1228/622/1167
f 1231/623/1168 1235/618/1168 1236/620/1168
f 1235/618/1169 1233/621/1169 1234/622/1169
f 1231/623/1170 1236/620/1170 1232/617/1170
f 1235/618/1171 1234/622/1171 1236/620/1171
f 1238/617/1172 1241/618/1172 1237/623/1172
f 1241/618/1173 1240/622/1173 1239/621/1173
f 1238/617/1174 1242/620/1174 1241/618/1174
f 1241/618/1175 1242/620/1175 1240/622/1175
f 1244/617/1176 1243/623/1176 1247/618/1176
f 1247/618/1177 1245/621/1177 1246/622/1177
f 1244/617/1178 1247/618/1178 1248/620/1178
f 1247/618/1179 1246/622/1179 1248/620/1179
f 1250/617/1180 1253/618/1180 1249/623/1180
f 1254/620/1181 1251/621/1181 1253/618/1181
f 1250/617/1182 1254/620/1182 1253/618/1182
f 1254/620/1183 1252/622/1183 1251/621/1183
f 1256/617/1184 1255/623/1184 1259/618/1184
f 1260/620/1185 1259/618/1185 1257/621/1185
f 1256/617/1186 1259/618/1186 1260/620/1186
f 1260/620/1187 1257/621/1187 1258/622/1187
f 1262/617/1188 1265/630/1188 1261/623/1188
f 1266/629/1189 1263/621/1189 1265/630/1189
f 1262/617/1190 1266/629/1190 1265/630/1190
f 1266/629/1191 1264/622/1191 1263/621/1191
f 1268/617/1192 1267/623/1192 1271/630/1192
f 1272/629/1193 1271/630/1193 1269/621/1193
f 1268/617/1194 1271/630/1194 1272/629/1194
f 1272/629/1195 1269/621/1195 1270/622/1195
f 1274/617/1196 1277/618/1196 1273/623/1196
f 1278/620/1197 1275/621/1197 1277/618/1197
f 1274/617/1198 1278/620/1198 1277/618/1198
f 1278/620/1199 1276/622/1199 1275/621/1199
f 1280/617/1200 1279/623/1200 1283/618/1200
f 1284/620/1201 1283/618/1201 1281/621/1201
f 1280/617/1202 1283/618/1202 1284/620/1202
f 1284/620/1203 1281/621/1203 1282/622/1203
f 1286/617/1204 1289/618/1204 1285/619/1204
f 1290/620/1205 1287/621/1205 1289/618/1205
f 1286/617/1206 1290/620/1206 1289/618/1206
f 1290/620/1207 1288/622/1207 1287/621/1207
f 1292/617/1208 1291/619/1208 1295/618/1208
f 1296/620/1209 1295/618/1209 1293/621/1209
f 1292/617/1210 1295/618/1210 1296/620/1210
f 1296/620/1211 1293/621/1211 1294/622/1211
f 1298/617/1212 1301/618/1212 1297/619/1212
f 1302/620/1213 1299/621/1213 1301/618/1213
f 1298/617/1214 1302/620/1214 1301/618/1214
f 1302/620/1215 1300/622/1215 1299/621/1215
f 1304/617/1216 1303/619/1216 1307/618/1216
f 1308/620/1217 1307/618/1217 1305/621/1217
f 1304/617/1218 1307/618/1218 1308/620/1218
f 1308/620/1219 1305/621/1219 1306/622/1219
f 1310/617/1220 1313/618/1220 1309/623/1220
f 1314/620/1221 1311/621/1221 1313/618/1221
f 1310/617/1222 1314/620/1222 1313/618/1222
f 1314/620/1223 1312/622/1223 1311/621/1223
f 1316/617/1224 1315/623/1224 1319/618/1224
f 1320/620/1225 1319/618/1225 1317/621/1225
f 1316/617/1226 1319/618/1226 1320/620/1226
f 1320/620/1227 1317/621/1227 1318/622/1227
f 1322/617/1228 1325/618/1228 1321/623/1228
f 1326/620/1229 1323/621/1229 1325/618/1229
f 1322/617/1230 1326/620/1230 1325/618/1230
f 1326/620/1231 1324/622/1231 1323/621/1231
f 1328/617/1232 1327/623/1232 1331/618/1232
f 1332/620/1233 1331/618/1233 1329/621/1233
f 1328/617/1234 1331/618/1234 1332/620/1234
f 1332/620/1235 1329/621/1235 1330/622/1235
f 1334/617/1236 1337/618/1236 1333/623/1236
f 1338/620/1237 1335/627/1237 1337/618/1237
f 1334/617/1238 1338/620/1238 1337/618/1238
f 1338/620/1239 1336/628/1239 1335/627/1239
f 1340/617/1240 1339/623/1240 1343/618/1240
f 1344/620/1241 1343/618/1241 1341/627/1241
f 1340/617/1242 1343/618/1242 1344/620/1242
f 1344/620/1243 1341/627/1243 1342/628/1243
f 1346/617/1244 1349/618/1244 1345/623/1244
f 1350/620/1245 1347/621/1245 1349/618/1245
f 1346/617/1246 1350/620/1246 1349/618/1246
f 1350/620/1247 1348/622/1247 1347/621/1247
f 1352/617/1248 1351/623/1248 1355/618/1248
f 1356/620/1249 1355/618/1249 1353/621/1249
f 1352/617/1250 1355/618/1250 1356/620/1250
f 1356/620/1251 1353/621/1251 1354/622/1251
f 1357/623/1252 1362/620/1252 1361/618/1252
f 1362/620/1253 1359/621/1253 1361/618/1253
f 1357/623/1254 1358/617/1254 1362/620/1254
f 1362/620/1255 1360/622/1255 1359/621/1255
f 1363/623/1256 1367/618/1256 1368/620/1256
f 1368/620/1257 1367/618/1257 1365/621/1257
f 1363/623/1258 1368/620/1258 1364/617/1258
f 1368/620/1259 1365/621/1259 1366/622/1259
f 1370/617/1260 1373/618/1260 1369/623/1260
f 1374/620/1261 1371/621/1261 1373/618/1261
f 1370/617/1262 1374/620/1262 1373/618/1262
f 1374/620/1263 1372/622/1263 1371/621/1263
f 1376/617/1264 1375/623/1264 1379/618/1264
f 1380/620/1265 1379/618/1265 1377/621/1265
f 1376/617/1266 1379/618/1266 1380/620/1266
f 1380/620/1267 1377/621/1267 1378/622/1267
f 1382/617/1268 1385/618/1268 1381/623/1268
f 1386/620/1269 1383/621/1269 1385/618/1269
f 1382/617/1270 1386/620/1270 1385/618/1270
f 1386/620/1271 1384/622/1271 1383/621/1271
f 1388/617/1272 1387/623/1272 1391/618/1272
f 1392/620/1273 1391/618/1273 1389/621/1273
f 1388/617/1274 1391/618/1274 1392/620/1274
f 1392/620/1275 1389/621/1275 1390/622/1275
f 1394/617/1276 1397/618/1276 1393/623/1276
f 1397/618/1277 1396/622/1277 1395/621/1277
f 1394/617/1278 1398/620/1278 1397/618/1278
f 1397/618/1279 1398/620/1279 1396/622/1279
f 1400/617/1280 1399/623/1280 1403/618/1280
f 1403/618/1281 1401/621/1281 1402/622/1281
f 1400/617/1282 1403/618/1282 1404/620/1282
f 1403/618/1283 1402/622/1283 1404/620/1283
f 1406/617/1284 1409/618/1284 1405/623/1284
f 1410/620/1285 1407/627/1285 1409/618/1285
f 1406/617/1286 1410/620/1286 1409/618/1286
f 1410/620/1287 1408/628/1287 1407/627/1287
f 1412/617/1288 1411/623/1288 1415/618/1288
f 1416/620/1289 1415/618/1289 1413/627/1289
f 1412/617/1290 1415/618/1290 1416/620/1290
f 1416/620/1291 1413/627/1291 1414/628/1291
f 1418/617/1292 1421/618/1292 1417/623/1292
f 1422/620/1293 1419/621/1293 1421/618/1293
f 1418/617/1294 1422/620/1294 1421/618/1294
f 1422/620/1295 1420/622/1295 1419/621/1295
f 1424/617/1296 1423/623/1296 1427/618/1296
f 1428/620/1297 1427/618/1297 1425/621/1297
f 1424/617/1298 1427/618/1298 1428/620/1298
f 1428/620/1299 1425/621/1299 1426/622/1299
f 1430/617/1300 1433/618/1300 1429/623/1300
f 1434/620/1301 1431/621/1301 1433/618/1301
f 1430/617/1302 1434/620/1302 1433/618/1302
f 1434/620/1303 1432/622/1303 1431/621/1303
f 1436/617/1304 1435/623/1304 1439/618/1304
f 1440/620/1305 1439/618/1305 1437/621/1305
f 1436/617/1306 1439/618/1306 1440/620/1306
f 1440/620/1307 1437/621/1307 1438/622/1307
f 1442/617/1308 1445/618/1308 1441/623/1308
f 1446/620/1309 1443/621/1309 1445/618/1309
f 1442/617/1310 1446/620/1310 1445/618/1310
f 1446/620/1311 1444/622/1311 1443/621/1311
f 1448/617/1312 1447/623/1312 1451/618/1312
f 1452/620/1313 1451/618/1313 1449/621/1313
f 1448/617/1314 1451/618/1314 1452/620/1314
f 1452/620/1315 1449/621/1315 1450/622/1315
f 1454/617/1316 1457/618/1316 1453/623/1316
f 1458/620/1317 1455/621/1317 1457/618/1317
f 1454/617/1318 1458/620/1318 1457/618/1318
f 1458/620/1319 1456/622/1319 1455/621/1319
f 1460/617/1320 1459/623/1320 1463/618/1320
f 1464/620/1321 1463/618/1321 1461/621/1321
f 1460/617/1322 1463/618/1322 1464/620/1322
f 1464/620/1323 1461/621/1323 1462/622/1323
f 1466/617/1324 1469/624/1324 1465/623/1324
f 1470/620/1325 1467/621/1325 1469/624/1325
f 1466/617/1326 1470/620/1326 1469/624/1326
f 1470/620/1327 1468/622/1327 1467/621/1327
f 1472/617/1328 1471/623/1328 1475/624/1328
f 1476/620/1329 1475/624/1329 1473/621/1329
f 1472/617/1330 1475/624/1330 1476/620/1330
f 1476/620/1331 1473/621/1331 1474/622/1331
