# Blender 5.0.1
# www.blender.org
mtllib boss_a.mtl
o body
usemtl body
v 0.197531 1.827161 5.871605
v 0.182495 1.895193 5.871605
v 0.139675 1.952868 5.871605
v 0.075592 1.991406 5.871605
v 0.000000 2.004938 5.871605
v -0.075592 1.991406 5.871605
v -0.139675 1.952868 5.871605
v -0.182495 1.895193 5.871605
v -0.197531 1.827161 5.871605
v -0.182495 1.774246 5.871605
v -0.139675 1.729388 5.871605
v -0.075592 1.699414 5.871605
v -0.000000 1.688889 5.871605
v 0.075592 1.699414 5.871605
v 0.139675 1.729388 5.871605
v 0.182495 1.774246 5.871605
v 0.434568 1.846914 5.575309
v 0.401488 1.990538 5.575309
v 0.307286 2.112297 5.575309
v 0.166302 2.193654 5.575309
v 0.000000 2.222222 5.575309
v -0.166302 2.193654 5.575309
v -0.307286 2.112297 5.575309
v -0.401488 1.990538 5.575309
v -0.434568 1.846914 5.575309
v -0.401488 1.748644 5.575309
v -0.307286 1.665336 5.575309
v -0.166302 1.609671 5.575309
v -0.000000 1.590124 5.575309
v 0.166302 1.609671 5.575309
v 0.307286 1.665336 5.575309
v 0.401488 1.748644 5.575309
v 0.691358 1.827161 5.180247
v 0.638732 2.061495 5.180247
v 0.488864 2.260154 5.180247
v 0.264571 2.392894 5.180247
v 0.000000 2.439506 5.180247
v -0.264571 2.392894 5.180247
v -0.488864 2.260154 5.180247
v -0.638732 2.061495 5.180247
v -0.691358 1.827161 5.180247
v -0.638732 1.691095 5.180247
v -0.488864 1.575745 5.180247
v -0.264571 1.498670 5.180247
v -0.000000 1.471605 5.180247
v 0.264571 1.498670 5.180247
v 0.488864 1.575745 5.180247
v 0.638732 1.691095 5.180247
v 0.908642 1.767901 4.686420
v 0.839476 2.092946 4.686420
v 0.642507 2.368505 4.686420
v 0.347722 2.552629 4.686420
v 0.000000 2.617284 4.686420
v -0.347722 2.552629 4.686420
v -0.642507 2.368505 4.686420
v -0.839476 2.092946 4.686420
v -0.908642 1.767901 4.686420
v -0.839476 1.594040 4.686420
v -0.642507 1.446648 4.686420
v -0.347722 1.348163 4.686420
v -0.000000 1.313580 4.686420
v 0.347722 1.348163 4.686420
v 0.642507 1.446648 4.686420
v 0.839476 1.594040 4.686420
v 1.066667 1.649383 3.995062
v 0.985472 2.050019 3.995062
v 0.754247 2.389663 3.995062
v 0.408196 2.616605 3.995062
v 0.000000 2.696296 3.995062
v -0.408196 2.616605 3.995062
v -0.754247 2.389663 3.995062
v -0.985472 2.050019 3.995062
v -1.066667 1.649383 3.995062
v -0.985472 1.384812 3.995062
v -0.754247 1.160519 3.995062
v -0.408196 1.010651 3.995062
v -0.000000 0.958025 3.995062
v 0.408196 1.010651 3.995062
v 0.754247 1.160519 3.995062
v 0.985472 1.384812 3.995062
v 1.155555 1.570370 3.106173
v 1.067594 2.031480 3.106173
v 0.817101 2.422390 3.106173
v 0.442212 2.683588 3.106173
v 0.000000 2.775309 3.106173
v -0.442212 2.683588 3.106173
v -0.817101 2.422390 3.106173
v -1.067594 2.031480 3.106173
v -1.155555 1.570370 3.106173
v -1.067594 1.199971 3.106173
v -0.817101 0.885961 3.106173
v -0.442212 0.676146 3.106173
v -0.000000 0.602469 3.106173
v 0.442212 0.676146 3.106173
v 0.817101 0.885961 3.106173
v 1.067594 1.199971 3.106173
v 1.195062 1.530864 1.920988
v 1.104093 2.025990 1.920988
v 0.845036 2.445738 1.920988
v 0.457330 2.726205 1.920988
v 0.000000 2.824691 1.920988
v -0.457330 2.726205 1.920988
v -0.845036 2.445738 1.920988
v -1.104093 2.025990 1.920988
v -1.195062 1.530864 1.920988
v -1.104093 1.084873 1.920988
v -0.845036 0.706779 1.920988
v -0.457330 0.454145 1.920988
v -0.000000 0.365432 1.920988
v 0.457330 0.454145 1.920988
v 0.845036 0.706779 1.920988
v 1.104093 1.084873 1.920988
v 1.155555 1.530864 0.735802
v 1.067594 2.010872 0.735802
v 0.817101 2.417803 0.735802
v 0.442212 2.689706 0.735802
v 0.000000 2.785185 0.735802
v -0.442212 2.689706 0.735802
v -0.817101 2.417803 0.735802
v -1.067594 2.010872 0.735802
v -1.155555 1.530864 0.735802
v -1.067594 1.092432 0.735802
v -0.817101 0.720747 0.735802
v -0.442212 0.472395 0.735802
v -0.000000 0.385185 0.735802
v 0.442212 0.472395 0.735802
v 0.817101 0.720747 0.735802
v 1.067594 1.092432 0.735802
v 0.997531 1.530864 -0.548148
v 0.921598 1.954178 -0.548148
v 0.705361 2.313046 -0.548148
v 0.381739 2.552835 -0.548148
v 0.000000 2.637037 -0.548148
v -0.381739 2.552835 -0.548148
v -0.705361 2.313046 -0.548148
v -0.921598 1.954178 -0.548148
v -0.997531 1.530864 -0.548148
v -0.921598 1.152905 -0.548148
v -0.705361 0.832487 -0.548148
v -0.381739 0.618391 -0.548148
v -0.000000 0.543210 -0.548148
v 0.381739 0.618391 -0.548148
v 0.705361 0.832487 -0.548148
v 0.921598 1.152905 -0.548148
v 0.780247 1.530864 -1.832099
v 0.720854 1.863468 -1.832099
v 0.551718 2.145436 -1.832099
v 0.298588 2.333841 -1.832099
v 0.000000 2.400000 -1.832099
v -0.298588 2.333841 -1.832099
v -0.551718 2.145436 -1.832099
v -0.720854 1.863468 -1.832099
v -0.780247 1.530864 -1.832099
v -0.720854 1.243615 -1.832099
v -0.551718 1.000098 -1.832099
v -0.298588 0.837384 -1.832099
v -0.000000 0.780247 -1.832099
v 0.298588 0.837384 -1.832099
v 0.551718 1.000098 -1.832099
v 0.720854 1.243615 -1.832099
v 0.562963 1.530864 -2.918519
v 0.520110 1.772758 -2.918519
v 0.398075 1.977826 -2.918519
v 0.215437 2.114847 -2.918519
v 0.000000 2.162963 -2.918519
v -0.215437 2.114847 -2.918519
v -0.398075 1.977826 -2.918519
v -0.520110 1.772758 -2.918519
v -0.562963 1.530864 -2.918519
v -0.520110 1.326766 -2.918519
v -0.398075 1.153741 -2.918519
v -0.215437 1.038128 -2.918519
v -0.000000 0.997531 -2.918519
v 0.215437 1.038128 -2.918519
v 0.398075 1.153741 -2.918519
v 0.520110 1.326766 -2.918519
v 0.365432 1.550617 -3.807407
v 0.337615 1.716919 -3.807407
v 0.258400 1.857903 -3.807407
v 0.139845 1.952106 -3.807407
v 0.000000 1.985185 -3.807407
v -0.139845 1.952106 -3.807407
v -0.258400 1.857903 -3.807407
v -0.337615 1.716919 -3.807407
v -0.365432 1.550617 -3.807407
v -0.337615 1.422111 -3.807407
v -0.258400 1.313169 -3.807407
v -0.139845 1.240376 -3.807407
v -0.000000 1.214815 -3.807407
v 0.139845 1.240376 -3.807407
v 0.258400 1.313169 -3.807407
v 0.337615 1.422111 -3.807407
v 0.217284 1.570370 -4.449383
v 0.200744 1.683758 -4.449383
v 0.153643 1.779884 -4.449383
v 0.083151 1.844113 -4.449383
v 0.000000 1.866667 -4.449383
v -0.083151 1.844113 -4.449383
v -0.153643 1.779884 -4.449383
v -0.200744 1.683758 -4.449383
v -0.217284 1.570370 -4.449383
v -0.200744 1.487219 -4.449383
v -0.153643 1.416727 -4.449383
v -0.083151 1.369626 -4.449383
v -0.000000 1.353086 -4.449383
v 0.083151 1.369626 -4.449383
v 0.153643 1.416727 -4.449383
v 0.200744 1.487219 -4.449383
v 0.128395 1.590124 -4.874074
v 0.118622 1.673275 -4.874074
v 0.090789 1.743766 -4.874074
v 0.049135 1.790868 -4.874074
v 0.000000 1.807407 -4.874074
v -0.049135 1.790868 -4.874074
v -0.090789 1.743766 -4.874074
v -0.118622 1.673275 -4.874074
v -0.128395 1.590124 -4.874074
v -0.118622 1.533430 -4.874074
v -0.090789 1.485367 -4.874074
v -0.049135 1.453252 -4.874074
v -0.000000 1.441975 -4.874074
v 0.049135 1.453252 -4.874074
v 0.090789 1.485367 -4.874074
v 0.118622 1.533430 -4.874074
v 0.000000 1.827161 5.664197
v 0.157228 1.723314 5.757010
v -0.060055 1.659131 5.757010
v -0.194344 1.827161 5.757011
v -0.060055 1.995190 5.757010
v 0.157228 1.931008 5.757010
v 0.060055 1.659131 5.907187
v -0.157228 1.723314 5.907187
v -0.157228 1.931008 5.907187
v 0.060055 1.995190 5.907187
v 0.194344 1.827161 5.907187
v 0.000000 1.827161 6.000000
v -0.035299 1.728396 5.689273
v 0.092416 1.766121 5.689273
v 0.057117 1.667356 5.743826
v 0.184832 1.827161 5.743827
v 0.092416 1.888200 5.689273
v -0.114233 1.827161 5.689273
v -0.149532 1.728396 5.743827
v -0.035299 1.925925 5.689273
v -0.149532 1.925925 5.743827
v 0.057117 1.986965 5.743826
v 0.206650 1.766121 5.832098
v 0.206650 1.888200 5.832098
v 0.000000 1.629630 5.832098
v 0.127716 1.667355 5.832098
v -0.206650 1.766121 5.832098
v -0.127716 1.667355 5.832098
v -0.127716 1.986966 5.832098
v -0.206650 1.888200 5.832098
v 0.127716 1.986966 5.832098
v 0.000000 2.024691 5.832098
v 0.149532 1.728396 5.920370
v -0.057117 1.667356 5.920371
v -0.184832 1.827161 5.920370
v -0.057117 1.986965 5.920371
v 0.149532 1.925925 5.920370
v 0.035299 1.728396 5.974925
v 0.114233 1.827161 5.974924
v -0.092416 1.766121 5.974925
v -0.092416 1.888200 5.974925
v 0.035299 1.925925 5.974925
v -0.770370 2.074074 4.735802
v -0.648876 1.990997 4.828615
v -0.816776 1.939651 4.828615
v -0.920546 2.074074 4.828616
v -0.816776 2.208498 4.828615
v -0.648876 2.157152 4.828615
v -0.723964 1.939651 4.978792
v -0.891865 1.990997 4.978792
v -0.891865 2.157152 4.978792
v -0.723964 2.208498 4.978792
v -0.620195 2.074074 4.978791
v -0.770370 2.074074 5.071605
v -0.797647 1.995063 4.760878
v -0.698958 2.025243 4.760878
v -0.726234 1.946230 4.815432
v -0.627545 2.074074 4.815432
v -0.698958 2.122905 4.760878
v -0.858641 2.074074 4.760878
v -0.885918 1.995062 4.815432
v -0.797647 2.153086 4.760878
v -0.885918 2.153086 4.815432
v -0.726234 2.201918 4.815432
v -0.610687 2.025243 4.903704
v -0.610687 2.122906 4.903704
v -0.770370 1.916049 4.903704
v -0.671680 1.946229 4.903704
v -0.930054 2.025243 4.903704
v -0.869060 1.946229 4.903704
v -0.869060 2.201919 4.903704
v -0.930054 2.122906 4.903704
v -0.671680 2.201919 4.903704
v -0.770370 2.232099 4.903704
v -0.654823 1.995062 4.991975
v -0.814506 1.946230 4.991976
v -0.913195 2.074074 4.991975
v -0.814506 2.201918 4.991976
v -0.654823 2.153086 4.991975
v -0.743094 1.995062 5.046530
v -0.682100 2.074074 5.046529
v -0.841783 2.025243 5.046530
v -0.841783 2.122905 5.046530
v -0.743094 2.153086 5.046530
v 0.770370 2.074074 4.735802
v 0.891865 1.990997 4.828615
v 0.723964 1.939651 4.828615
v 0.620195 2.074074 4.828616
v 0.723964 2.208498 4.828615
v 0.891865 2.157152 4.828615
v 0.816776 1.939651 4.978792
v 0.648876 1.990997 4.978792
v 0.648876 2.157152 4.978792
v 0.816776 2.208498 4.978792
v 0.920546 2.074074 4.978791
v 0.770370 2.074074 5.071605
v 0.743094 1.995063 4.760878
v 0.841783 2.025243 4.760878
v 0.814506 1.946230 4.815432
v 0.913195 2.074074 4.815432
v 0.841783 2.122905 4.760878
v 0.682100 2.074074 4.760878
v 0.654823 1.995062 4.815432
v 0.743094 2.153086 4.760878
v 0.654823 2.153086 4.815432
v 0.814506 2.201918 4.815432
v 0.930054 2.025243 4.903704
v 0.930054 2.122906 4.903704
v 0.770370 1.916049 4.903704
v 0.869060 1.946229 4.903704
v 0.610687 2.025243 4.903704
v 0.671680 1.946229 4.903704
v 0.671680 2.201919 4.903704
v 0.610687 2.122906 4.903704
v 0.869060 2.201919 4.903704
v 0.770370 2.232099 4.903704
v 0.885918 1.995062 4.991975
v 0.726234 1.946230 4.991976
v 0.627545 2.074074 4.991975
v 0.726234 2.201918 4.991976
v 0.885918 2.153086 4.991975
v 0.797647 1.995062 5.046530
v 0.858641 2.074074 5.046529
v 0.698958 2.025243 5.046530
v 0.698958 2.122905 5.046530
v 0.797647 2.153086 5.046530
v -0.647089 1.094635 3.919563
v -0.684738 1.179276 3.900943
v -0.772452 1.214336 3.898610
v -0.858849 1.179276 3.913931
v -0.893319 1.094635 3.937930
v -0.855670 1.009994 3.956550
v -0.767956 0.974934 3.958883
v -0.681559 1.009994 3.943562
v -0.618314 1.195267 4.308946
v -0.657091 1.279944 4.292995
v -0.744759 1.315019 4.296520
v -0.829964 1.279944 4.317456
v -0.862793 1.195267 4.343538
v -0.824016 1.110590 4.359489
v -0.736348 1.075515 4.355964
v -0.651144 1.110590 4.335029
v -0.543319 1.288675 4.660357
v -0.583824 1.373506 4.650798
v -0.669980 1.408644 4.667252
v -0.751319 1.373506 4.700079
v -0.780193 1.288675 4.730051
v -0.739688 1.203844 4.739609
v -0.653532 1.168706 4.723156
v -0.572193 1.203844 4.690329
v -0.428796 1.368660 4.955578
v -0.469750 1.453809 4.954664
v -0.551294 1.489078 4.986836
v -0.625659 1.453809 5.033249
v -0.649285 1.368660 5.066714
v -0.608331 1.283512 5.067628
v -0.526787 1.248242 5.035455
v -0.452422 1.283512 4.989042
v -0.287360 1.429914 5.172124
v -0.325403 1.515660 5.183473
v -0.395751 1.551177 5.235607
v -0.457195 1.515660 5.297989
v -0.473742 1.429914 5.334075
v -0.435700 1.344169 5.322727
v -0.365352 1.308652 5.270592
v -0.303908 1.344169 5.208210
v -0.138546 1.468372 5.296163
v -0.164740 1.555053 5.323156
v -0.209718 1.590957 5.398098
v -0.247132 1.555053 5.477087
v -0.255066 1.468372 5.513854
v -0.228872 1.381691 5.486861
v -0.183894 1.345787 5.411920
v -0.146480 1.381691 5.332930
v 0.000000 1.481482 5.333333
v 0.000000 1.568779 5.369493
v 0.000000 1.604938 5.456790
v 0.000000 1.568779 5.544087
v 0.000000 1.481482 5.580247
v 0.000000 1.394184 5.544087
v 0.000000 1.358025 5.456790
v 0.000000 1.394184 5.369493
v 0.138546 1.468372 5.296163
v 0.164740 1.555053 5.323156
v 0.209718 1.590957 5.398098
v 0.247132 1.555053 5.477087
v 0.255066 1.468372 5.513854
v 0.228872 1.381691 5.486861
v 0.183894 1.345787 5.411920
v 0.146480 1.381691 5.332930
v 0.287360 1.429914 5.172124
v 0.325403 1.515660 5.183473
v 0.395751 1.551177 5.235607
v 0.457195 1.515660 5.297989
v 0.473742 1.429914 5.334075
v 0.435700 1.344169 5.322727
v 0.365352 1.308652 5.270592
v 0.303908 1.344169 5.208210
v 0.428796 1.368660 4.955578
v 0.469750 1.453809 4.954664
v 0.551294 1.489078 4.986836
v 0.625659 1.453809 5.033249
v 0.649285 1.368660 5.066714
v 0.608331 1.283512 5.067628
v 0.526787 1.248242 5.035455
v 0.452422 1.283512 4.989042
v 0.543319 1.288675 4.660357
v 0.583824 1.373506 4.650798
v 0.669980 1.408644 4.667252
v 0.751319 1.373506 4.700079
v 0.780193 1.288675 4.730051
v 0.739688 1.203844 4.739609
v 0.653532 1.168706 4.723156
v 0.572193 1.203844 4.690329
v 0.618314 1.195267 4.308946
v 0.657091 1.279944 4.292995
v 0.744759 1.315019 4.296520
v 0.829964 1.279944 4.317456
v 0.862793 1.195267 4.343538
v 0.824016 1.110590 4.359489
v 0.736348 1.075515 4.355964
v 0.651144 1.110590 4.335029
v 0.647089 1.094635 3.919563
v 0.684738 1.179276 3.900943
v 0.772452 1.214336 3.898610
v 0.858849 1.179276 3.913931
v 0.893319 1.094635 3.937930
v 0.855670 1.009994 3.956550
v 0.767956 0.974934 3.958883
v 0.681559 1.009994 3.943562
v -0.528753 0.663800 3.932159
v -0.579015 0.822586 3.977543
v -0.706567 0.888358 4.004350
v -0.836690 0.822586 3.996876
v -0.893161 0.663800 3.959500
v -0.842900 0.505015 3.914116
v -0.715348 0.439243 3.887310
v -0.585224 0.505015 3.894783
v -0.502695 0.568200 4.284876
v -0.549870 0.727059 4.333221
v -0.675375 0.792861 4.368327
v -0.805691 0.727059 4.369629
v -0.864481 0.568200 4.336364
v -0.817306 0.409342 4.288018
v -0.691801 0.343540 4.252913
v -0.561484 0.409342 4.251610
v -0.435647 0.479463 4.597374
v -0.475613 0.638632 4.650915
v -0.594800 0.704563 4.703465
v -0.723390 0.638632 4.724242
v -0.786057 0.479463 4.701074
v -0.746091 0.320293 4.647533
v -0.626904 0.254362 4.594983
v -0.498314 0.320293 4.574206
v -0.334608 0.403477 4.856548
v -0.365448 0.563287 4.914065
v -0.473688 0.629483 4.986289
v -0.595920 0.563287 5.030912
v -0.660544 0.403477 5.021793
v -0.629703 0.243666 4.964276
v -0.521464 0.177470 4.892053
v -0.399232 0.243666 4.847430
v -0.213701 0.345285 5.040977
v -0.233088 0.506299 5.100117
v -0.321709 0.572993 5.195049
v -0.427651 0.506299 5.270163
v -0.488855 0.345285 5.281458
v -0.469468 0.184271 5.222317
v -0.380847 0.117577 5.127385
v -0.274905 0.184271 5.052271
v -0.095832 0.308750 5.139328
v -0.103270 0.471639 5.195992
v -0.156631 0.539110 5.313950
v -0.224658 0.471639 5.424104
v -0.267502 0.308750 5.461926
v -0.260065 0.145861 5.405263
v -0.206703 0.078391 5.287304
v -0.138676 0.145861 5.177150
v 0.000000 0.296296 5.165432
v 0.000000 0.460415 5.218949
v 0.000000 0.528395 5.348148
v 0.000000 0.460415 5.477348
v 0.000000 0.296296 5.530864
v 0.000000 0.132178 5.477348
v 0.000000 0.064198 5.348148
v 0.000000 0.132178 5.218949
v 0.095832 0.308750 5.139328
v 0.103270 0.471639 5.195992
v 0.156631 0.539110 5.313950
v 0.224658 0.471639 5.424104
v 0.267502 0.308750 5.461926
v 0.260065 0.145861 5.405263
v 0.206703 0.078391 5.287304
v 0.138676 0.145861 5.177150
v 0.213701 0.345285 5.040977
v 0.233088 0.506299 5.100117
v 0.321709 0.572993 5.195049
v 0.427651 0.506299 5.270163
v 0.488855 0.345285 5.281458
v 0.469468 0.184271 5.222317
v 0.380847 0.117577 5.127385
v 0.274905 0.184271 5.052271
v 0.334608 0.403477 4.856548
v 0.365448 0.563287 4.914065
v 0.473688 0.629483 4.986289
v 0.595920 0.563287 5.030912
v 0.660544 0.403477 5.021793
v 0.629703 0.243666 4.964276
v 0.521464 0.177470 4.892053
v 0.399232 0.243666 4.847430
v 0.435647 0.479463 4.597374
v 0.475613 0.638632 4.650915
v 0.594800 0.704563 4.703465
v 0.723390 0.638632 4.724242
v 0.786057 0.479463 4.701074
v 0.746091 0.320293 4.647533
v 0.626904 0.254362 4.594983
v 0.498314 0.320293 4.574206
v 0.502695 0.568200 4.284876
v 0.549870 0.727059 4.333221
v 0.675375 0.792861 4.368327
v 0.805691 0.727059 4.369629
v 0.864481 0.568200 4.336364
v 0.817306 0.409342 4.288018
v 0.691801 0.343540 4.252913
v 0.561484 0.409342 4.251610
v 0.528753 0.663800 3.932159
v 0.579015 0.822586 3.977543
v 0.706567 0.888358 4.004350
v 0.836690 0.822586 3.996876
v 0.893161 0.663800 3.959500
v 0.842900 0.505015 3.914116
v 0.715348 0.439243 3.887310
v 0.585224 0.505015 3.894783
v 0.000000 0.207407 4.143209
v 0.371630 0.098368 4.470783
v -0.141947 0.030977 4.470783
v -0.459360 0.207407 4.470785
v -0.141947 0.383838 4.470783
v 0.371630 0.316447 4.470783
v 0.141947 0.030977 5.000822
v -0.371630 0.098368 5.000821
v -0.371630 0.316447 5.000821
v 0.141947 0.383838 5.000822
v 0.459360 0.207407 5.000819
v 0.000000 0.207407 5.328395
v -0.083434 0.103705 4.231710
v 0.218437 0.143316 4.231711
v 0.135004 0.039612 4.424254
v 0.436876 0.207407 4.424255
v 0.218437 0.271499 4.231711
v -0.270004 0.207407 4.231712
v -0.353440 0.103704 4.424255
v -0.083434 0.311110 4.231710
v -0.353440 0.311110 4.424255
v 0.135004 0.375202 4.424254
v 0.488445 0.143316 4.735802
v 0.488445 0.271499 4.735802
v 0.000000 0.000000 4.735802
v 0.301875 0.039611 4.735802
v -0.488445 0.143316 4.735802
v -0.301875 0.039611 4.735802
v -0.301875 0.375203 4.735802
v -0.488445 0.271499 4.735802
v 0.301875 0.375203 4.735802
v 0.000000 0.414815 4.735802
v 0.353440 0.103704 5.047349
v -0.135004 0.039612 5.047350
v -0.436876 0.207407 5.047349
v -0.135004 0.375202 5.047350
v 0.353440 0.311110 5.047349
v 0.083434 0.103705 5.239894
v 0.270004 0.207407 5.239892
v -0.218437 0.143316 5.239894
v -0.218437 0.271499 5.239894
v 0.083434 0.311110 5.239894
v 0.000000 0.958025 2.730864
v 0.528859 0.688023 3.211305
v -0.202002 0.521148 3.211305
v -0.653704 0.958025 3.211309
v -0.202002 1.394901 3.211305
v 0.528859 1.228027 3.211305
v 0.202002 0.521148 3.988695
v -0.528859 0.688023 3.988694
v -0.528859 1.228027 3.988694
v 0.202002 1.394901 3.988695
v 0.653704 0.958025 3.988691
v 0.000000 0.958025 4.469136
v -0.118733 0.701237 2.860666
v 0.310853 0.799323 2.860666
v 0.192121 0.542532 3.143063
v 0.621708 0.958025 3.143064
v 0.310853 1.116727 2.860666
v -0.384237 0.958025 2.860668
v -0.502973 0.701236 3.143064
v -0.118733 1.214813 2.860666
v -0.502973 1.214813 3.143064
v 0.192121 1.373517 3.143063
v 0.695094 0.799322 3.600000
v 0.695094 1.116728 3.600000
v 0.000000 0.444445 3.600000
v 0.429591 0.542530 3.600000
v -0.695094 0.799322 3.600000
v -0.429591 0.542530 3.600000
v -0.429591 1.373520 3.600000
v -0.695094 1.116728 3.600000
v 0.429591 1.373520 3.600000
v 0.000000 1.471605 3.600000
v 0.502973 0.701236 4.056936
v -0.192121 0.542532 4.056937
v -0.621708 0.958025 4.056936
v -0.192121 1.373517 4.056937
v 0.502973 1.214813 4.056936
v 0.118733 0.701237 4.339334
v 0.384237 0.958025 4.339332
v -0.310853 0.799323 4.339334
v -0.310853 1.116727 4.339334
v 0.118733 1.214813 4.339334
v -0.743979 0.713524 2.372146
v -0.722101 0.733145 2.353756
v -0.726603 0.725651 2.320210
v -0.751263 0.701398 2.317867
v -0.762002 0.693904 2.349966
v -0.983909 0.954641 2.379652
v -0.932776 0.987637 2.344716
v -0.941658 0.975034 2.276261
v -0.998280 0.934249 2.268890
v -1.024392 0.921645 2.332789
v -1.143001 1.251281 2.362633
v -1.065561 1.271981 2.333630
v -1.066238 1.264074 2.248755
v -1.144098 1.238488 2.225303
v -1.191539 1.230581 2.295684
v -1.233809 1.582246 2.239762
v -1.208959 1.588362 2.321074
v -1.123765 1.586026 2.322831
v -1.095960 1.578467 2.242603
v -1.163972 1.576131 2.191264
v -1.115762 1.953868 2.176115
v -1.158303 1.971809 2.228956
v -1.122491 1.964956 2.288909
v -1.057817 1.942780 2.273121
v -1.053658 1.935927 2.203411
v -0.941288 2.288850 2.178566
v -0.962848 2.301368 2.202654
v -0.948169 2.296587 2.233694
v -0.917537 2.281113 2.228789
v -0.913284 2.276332 2.194718
v 0.738400 0.713524 2.313432
v 0.720377 0.733145 2.335612
v 0.731116 0.725651 2.367711
v 0.755776 0.701398 2.365368
v 0.760278 0.693904 2.331822
v 0.968497 0.954641 2.261271
v 0.928014 0.987637 2.308135
v 0.954126 0.975034 2.372033
v 1.010748 0.934249 2.364662
v 1.019629 0.921645 2.296207
v 1.101174 1.251281 2.223768
v 1.052635 1.271981 2.290718
v 1.100077 1.264074 2.361099
v 1.177936 1.238488 2.337647
v 1.178614 1.230581 2.252772
v 1.096777 1.582246 2.287252
v 1.166614 1.588362 2.335750
v 1.234625 1.586026 2.284410
v 1.206821 1.578467 2.204183
v 1.121626 1.576131 2.205939
v 1.087450 1.953868 2.292089
v 1.149554 1.971809 2.264794
v 1.145395 1.964956 2.195084
v 1.080721 1.942780 2.179296
v 1.044909 1.935927 2.239248
v 0.931963 2.288850 2.236803
v 0.959966 2.301368 2.220651
v 0.955713 2.296587 2.186580
v 0.925082 2.281113 2.181674
v 0.910403 2.276332 2.212714
v -0.735745 0.776680 2.767205
v -0.714359 0.796812 2.748789
v -0.718630 0.789122 2.715257
v -0.742656 0.764238 2.712949
v -0.753234 0.756549 2.745054
v -0.973116 1.003135 2.774703
v -0.922750 1.037255 2.739733
v -0.931221 1.024223 2.671306
v -0.986822 0.982048 2.663986
v -1.012715 0.969016 2.727889
v -1.130720 1.281874 2.757630
v -1.053483 1.303520 2.728776
v -1.053788 1.295252 2.643933
v -1.131214 1.268496 2.620353
v -1.178760 1.260228 2.690621
v -1.220933 1.594481 2.635081
v -1.195771 1.600831 2.716280
v -1.110573 1.598406 2.717724
v -1.083079 1.590557 2.637417
v -1.151285 1.588131 2.586341
v -1.103667 1.957414 2.571214
v -1.146001 1.975566 2.624149
v -1.110059 1.968633 2.684015
v -1.045512 1.946195 2.668079
v -1.041561 1.939262 2.598365
v -0.930935 2.284590 2.573636
v -0.952390 2.297235 2.597752
v -0.937680 2.292405 2.628770
v -0.907135 2.276774 2.623823
v -0.902966 2.271945 2.589749
v 0.730105 0.776680 2.708496
v 0.712616 0.796812 2.730647
v 0.723193 0.789122 2.762753
v 0.747219 0.764238 2.760445
v 0.751491 0.756549 2.726912
v 0.957534 1.003135 2.656344
v 0.917935 1.037255 2.703158
v 0.943827 1.024223 2.767060
v 0.999428 0.982048 2.759740
v 1.007900 0.969016 2.691314
v 1.088466 1.281874 2.618895
v 1.040426 1.303520 2.685904
v 1.087972 1.295252 2.756173
v 1.165398 1.268496 2.732592
v 1.165703 1.260228 2.647749
v 1.083724 1.594481 2.682056
v 1.153371 1.600831 2.730796
v 1.221577 1.598406 2.679720
v 1.194083 1.590557 2.599413
v 1.108885 1.588131 2.600857
v 1.075053 1.957414 2.687114
v 1.137159 1.975566 2.659964
v 1.133209 1.968633 2.590250
v 1.068661 1.946195 2.574314
v 1.032719 1.939262 2.634179
v 0.921507 2.284590 2.631856
v 0.949476 2.297235 2.615743
v 0.945308 2.292405 2.581669
v 0.914762 2.276774 2.576722
v 0.900053 2.271945 2.607740
v -0.726383 0.844254 3.162265
v -0.705775 0.865127 3.143787
v -0.709720 0.857154 3.110281
v -0.732766 0.831353 3.108050
v -0.743064 0.823380 3.140178
v -0.962058 1.052217 3.169756
v -0.912791 1.087810 3.134690
v -0.920754 1.074214 3.066312
v -0.974943 1.030219 3.059118
v -1.000470 1.016623 3.123050
v -1.118418 1.312467 3.152633
v -1.041458 1.335212 3.123883
v -1.041392 1.326524 3.039082
v -1.118310 1.298409 3.015422
v -1.165915 1.289721 3.085601
v -1.208056 1.606716 3.030401
v -1.182581 1.613320 3.111482
v -1.097381 1.610798 3.112613
v -1.070200 1.602635 3.032232
v -1.138601 1.600112 2.981422
v -1.091575 1.960960 2.966314
v -1.133696 1.979333 3.019343
v -1.097622 1.972315 3.079120
v -1.033207 1.949605 3.063035
v -1.029470 1.942587 2.993317
v -0.920583 2.280329 2.968706
v -0.941928 2.293106 2.992850
v -0.927188 2.288226 3.023845
v -0.896734 2.272432 3.018858
v -0.892652 2.267552 2.984780
v 0.720700 0.844254 3.103560
v 0.704019 0.865127 3.125647
v 0.714317 0.857154 3.157774
v 0.737363 0.831353 3.155543
v 0.741308 0.823380 3.122037
v 0.946349 1.052217 3.051414
v 0.907936 1.087810 3.098120
v 0.933464 1.074214 3.162052
v 0.987652 1.030219 3.154859
v 0.995616 1.016623 3.086481
v 1.075779 1.312467 3.014015
v 1.028282 1.335212 3.081048
v 1.075887 1.326524 3.151227
v 1.152806 1.298409 3.127566
v 1.152739 1.289721 3.042765
v 1.070671 1.606716 3.076859
v 1.140127 1.613320 3.125839
v 1.208528 1.610798 3.075029
v 1.181346 1.602635 2.994647
v 1.096146 1.600112 2.995778
v 1.062653 1.960960 3.082137
v 1.124758 1.979333 3.055135
v 1.121021 1.972315 2.985417
v 1.056606 1.949605 2.969332
v 1.020532 1.942587 3.029108
v 0.911051 2.280329 3.026909
v 0.938982 2.293106 3.010836
v 0.934900 2.288226 2.976758
v 0.904446 2.272432 2.971770
v 0.889706 2.267552 3.002765
v -0.701688 0.972679 3.557317
v -0.682138 0.994511 3.538797
v -0.685542 0.986172 3.505321
v -0.707196 0.959187 3.503151
v -0.717174 0.950848 3.535286
v -0.929663 1.153274 3.564785
v -0.882312 1.191303 3.529637
v -0.889212 1.176777 3.461335
v -0.940828 1.129770 3.454270
v -0.965828 1.115244 3.518206
v -1.082680 1.377966 3.547602
v -1.006517 1.403304 3.518898
v -1.005732 1.393625 3.434207
v -1.081410 1.362306 3.410571
v -1.128966 1.352628 3.480652
v -1.174029 1.636871 3.430180
v -1.143097 1.643936 3.509300
v -1.058021 1.641237 3.504662
v -1.036374 1.632504 3.422675
v -1.108071 1.629805 3.376643
v -1.060549 1.971450 3.361537
v -1.102023 1.990020 3.415005
v -1.065325 1.982927 3.474392
v -1.001170 1.959973 3.457626
v -0.998218 1.952880 3.387878
v -0.895262 2.274663 3.363799
v -0.916382 2.287583 3.388065
v -0.901474 2.282648 3.418971
v -0.871141 2.266678 3.413806
v -0.867302 2.261743 3.379708
v 0.695807 0.972679 3.498632
v 0.680321 0.994511 3.520663
v 0.690299 0.986172 3.552798
v 0.711953 0.959187 3.550628
v 0.715357 0.950848 3.517152
v 0.913475 1.153274 3.446508
v 0.877309 1.191303 3.493087
v 0.902309 1.176777 3.557023
v 0.953925 1.129770 3.549959
v 0.960825 1.115244 3.481657
v 1.039442 1.377966 3.409170
v 0.993156 1.403304 3.476120
v 1.040712 1.393625 3.546201
v 1.116390 1.362306 3.522564
v 1.115605 1.352628 3.437874
v 1.033808 1.636871 3.467204
v 1.099766 1.643936 3.520741
v 1.171463 1.641237 3.474709
v 1.149816 1.632504 3.392722
v 1.064740 1.629805 3.388084
v 1.030365 1.971450 3.477038
v 1.092695 1.990020 3.450697
v 1.089744 1.982927 3.380949
v 1.025589 1.959973 3.364184
v 0.988891 1.952880 3.423570
v 0.885362 2.274663 3.421940
v 0.913322 2.287583 3.406032
v 0.909483 2.282648 3.371933
v 0.879151 2.266678 3.366768
v 0.864243 2.261743 3.397675
v -0.680086 1.085052 3.902986
v -0.661667 1.107796 3.884405
v -0.664511 1.099109 3.850965
v -0.684688 1.070995 3.848879
v -0.694313 1.062308 3.881030
v -0.901358 1.241699 3.910430
v -0.855991 1.281987 3.875181
v -0.861787 1.266598 3.806966
v -0.910737 1.216799 3.800054
v -0.935193 1.201410 3.863999
v -1.050490 1.437152 3.893089
v -0.975008 1.464836 3.864755
v -0.973123 1.454262 3.780190
v -1.047441 1.420042 3.756259
v -1.095255 1.409468 3.826034
v -1.140185 1.665661 3.776585
v -1.108420 1.673326 3.855319
v -1.023403 1.670398 3.849824
v -1.002625 1.660924 3.767695
v -1.074800 1.657996 3.722431
v -1.028861 1.982219 3.707337
v -1.069767 2.001211 3.761095
v -1.032653 1.993957 3.820203
v -0.968810 1.970480 3.802976
v -0.966467 1.963226 3.733222
v -0.868106 2.269240 3.709504
v -0.888968 2.282407 3.733860
v -0.873945 2.277378 3.764695
v -0.843798 2.261103 3.759397
v -0.840190 2.256073 3.725287
v 0.674020 1.085052 3.844320
v 0.659793 1.107796 3.866277
v 0.669418 1.099109 3.898427
v 0.689595 1.070995 3.896341
v 0.692439 1.062308 3.862901
v 0.884668 1.241699 3.792222
v 0.850833 1.281987 3.838653
v 0.875290 1.266598 3.902597
v 0.924239 1.216799 3.895686
v 0.930035 1.201410 3.827470
v 1.006037 1.437152 3.755042
v 0.961271 1.464836 3.822096
v 1.009086 1.454262 3.891872
v 1.083403 1.420042 3.867941
v 1.081519 1.409468 3.783376
v 0.999588 1.665661 3.812157
v 1.064973 1.673326 3.866311
v 1.137149 1.670398 3.821047
v 1.116370 1.660924 3.738918
v 1.031353 1.657996 3.733423
v 0.997762 1.982219 3.822596
v 1.060156 2.001211 3.796711
v 1.057813 1.993957 3.726957
v 0.993970 1.970480 3.709730
v 0.956856 1.963226 3.768838
v 0.857897 2.269240 3.767593
v 0.885813 2.282407 3.751810
v 0.882205 2.277378 3.717700
v 0.852058 2.261103 3.712402
v 0.837035 2.256073 3.743237
v 0.935877 2.273315 2.092812
v 0.957631 2.291448 2.086943
v 0.979903 2.284522 2.104047
v 0.971912 2.262108 2.120488
v 0.944702 2.255182 2.113544
v 1.036128 2.040462 1.829432
v 1.079383 2.075761 1.811815
v 1.127374 2.062278 1.842514
v 1.113779 2.018646 1.879104
v 1.057386 2.005164 1.871019
v 1.089059 1.783167 1.580579
v 1.136688 1.823809 1.546845
v 1.201086 1.808285 1.572731
v 1.193257 1.758050 1.622464
v 1.124021 1.742526 1.627314
v 1.103209 1.519424 1.335718
v 1.143303 1.560626 1.293849
v 1.211524 1.544888 1.306356
v 1.213593 1.493959 1.355956
v 1.146651 1.478221 1.374103
v 1.078929 1.282117 1.087852
v 1.105248 1.317754 1.049582
v 1.162175 1.304142 1.048382
v 1.171038 1.260092 1.085911
v 1.119589 1.246480 1.110305
v 1.019014 1.057464 0.827350
v 1.030454 1.075464 0.807814
v 1.058362 1.068589 0.804589
v 1.064171 1.046339 0.822131
v 1.039852 1.039463 0.836198
v 0.932444 2.270207 1.655094
v 0.955131 2.289011 1.647877
v 0.979084 2.281829 1.665052
v 0.971202 2.258586 1.682884
v 0.942377 2.251404 1.676730
v 1.020217 2.034700 1.391580
v 1.065230 2.071608 1.372028
v 1.116217 2.057510 1.403207
v 1.102716 2.011890 1.442029
v 1.043384 1.997793 1.434843
v 1.071949 1.780296 1.142222
v 1.121789 1.823156 1.106956
v 1.189410 1.806785 1.133866
v 1.181362 1.753807 1.185763
v 1.108766 1.737436 1.190928
v 1.085852 1.519496 0.898835
v 1.127202 1.563011 0.854547
v 1.198954 1.546390 0.866381
v 1.201950 1.492602 0.917982
v 1.132049 1.475981 0.938039
v 1.054664 1.285934 0.652883
v 1.080521 1.324170 0.612386
v 1.139987 1.309566 0.607794
v 1.150882 1.262303 0.645452
v 1.098149 1.247698 0.673319
v 0.976713 1.076033 0.391281
v 0.987663 1.095597 0.370845
v 1.016526 1.088124 0.365240
v 1.023414 1.063941 0.382212
v 0.998808 1.056468 0.398306
v 0.920844 2.263220 1.289976
v 0.945167 2.283494 1.282189
v 0.970999 2.275750 1.300518
v 0.962642 2.250690 1.319634
v 0.931645 2.242946 1.313118
v 1.005430 2.029907 1.026040
v 1.053686 2.069722 1.005010
v 1.108626 2.054514 1.038274
v 1.094325 2.005299 1.079861
v 1.030546 1.990091 1.072301
v 1.055130 1.777906 0.779536
v 1.107260 1.824086 0.739801
v 1.180960 1.806447 0.765994
v 1.174380 1.749366 0.821917
v 1.096612 1.731727 0.830287
v 1.051231 1.519772 0.538808
v 1.092779 1.567215 0.489292
v 1.170502 1.549094 0.497023
v 1.176989 1.490451 0.551317
v 1.103275 1.472329 0.577142
v 1.007864 1.295625 0.290502
v 1.035149 1.337502 0.247397
v 1.098858 1.321506 0.240956
v 1.110947 1.269743 0.280079
v 1.054709 1.253748 0.310700
v 0.934457 1.094544 0.027310
v 0.946591 1.115866 0.005830
v 0.977617 1.107722 -0.000025
v 0.984659 1.081366 0.017836
v 0.957985 1.073222 0.034731
v -1.111002 1.197320 0.690442
v -1.094702 1.215512 0.703109
v -1.068584 1.208564 0.697949
v -1.068742 1.186077 0.682092
v -1.094958 1.179129 0.677453
v -1.138498 1.455036 0.321440
v -1.107673 1.491845 0.349667
v -1.054137 1.477786 0.343497
v -1.051875 1.432287 0.311456
v -1.104012 1.418227 0.297824
v -1.092181 1.714571 -0.053098
v -1.059910 1.760135 -0.014884
v -0.994580 1.742731 -0.012285
v -0.986474 1.686411 -0.048893
v -1.046795 1.669007 -0.074116
v -0.983571 1.953382 -0.425555
v -0.955096 2.001299 -0.387203
v -0.891122 1.982997 -0.374948
v -0.880059 1.923768 -0.405727
v -0.937196 1.905465 -0.437004
v -0.816186 2.143441 -0.791635
v -0.793585 2.185339 -0.762728
v -0.742940 2.169335 -0.745970
v -0.734241 2.117547 -0.764521
v -0.779509 2.101544 -0.792743
v -0.607509 2.272751 -1.147597
v -0.596149 2.293982 -1.134283
v -0.571681 2.285872 -1.124657
v -0.567920 2.259629 -1.132022
v -0.590063 2.251520 -1.146200
v -0.965485 1.242388 -0.558224
v -0.949903 1.261416 -0.545685
v -0.923447 1.254148 -0.548750
v -0.922679 1.230628 -0.563183
v -0.948660 1.223360 -0.569038
v -0.969768 1.467260 -0.928182
v -0.939991 1.506033 -0.901121
v -0.886162 1.491223 -0.903478
v -0.882673 1.443297 -0.931996
v -0.934344 1.428487 -0.947264
v -0.908659 1.683797 -1.301681
v -0.876136 1.732210 -1.266946
v -0.811084 1.713717 -1.261086
v -0.803402 1.653876 -1.292200
v -0.863707 1.635384 -1.317289
v -0.796696 1.870421 -1.672228
v -0.765962 1.921087 -1.639115
v -0.702323 1.901735 -1.625567
v -0.693725 1.839108 -1.650307
v -0.752051 1.819755 -1.679146
v -0.642482 2.007393 -2.036984
v -0.616765 2.050987 -2.013309
v -0.565951 2.034336 -1.997090
v -0.560264 1.980450 -2.010741
v -0.607562 1.963799 -2.035398
v -0.459153 2.087717 -2.393602
v -0.446078 2.109612 -2.383031
v -0.421372 2.101249 -2.373988
v -0.419178 2.074184 -2.378970
v -0.442528 2.065821 -2.391092
v 0.952136 1.820886 -0.691899
v 0.937222 1.839439 -0.710978
v 0.907574 1.832352 -0.709767
v 0.904165 1.809419 -0.689940
v 0.931706 1.802332 -0.678897
v 0.926717 2.062650 -0.408957
v 0.904522 2.097103 -0.450144
v 0.848248 2.083943 -0.456157
v 0.835665 2.041356 -0.418686
v 0.884161 2.028196 -0.389515
v 0.811500 2.281485 -0.182022
v 0.811603 2.322350 -0.241454
v 0.752247 2.306741 -0.279339
v 0.715459 2.256228 -0.243322
v 0.752079 2.240619 -0.183177
v 0.602445 2.458353 -0.087901
v 0.640824 2.507039 -0.132943
v 0.626165 2.488442 -0.205822
v 0.578725 2.428263 -0.205822
v 0.564065 2.409666 -0.132943
v 0.363231 2.575281 -0.173921
v 0.401041 2.630783 -0.200227
v 0.431726 2.609583 -0.261961
v 0.412880 2.540979 -0.273809
v 0.370548 2.519779 -0.219397
v 0.134618 2.623939 -0.390604
v 0.160448 2.670918 -0.413003
v 0.200044 2.652974 -0.451555
v 0.198685 2.594903 -0.452982
v 0.158249 2.576959 -0.415312
v -0.072230 2.597330 -0.679848
v -0.059543 2.621940 -0.692656
v -0.036650 2.612540 -0.710495
v -0.035189 2.582120 -0.708712
v -0.057179 2.572720 -0.689771
vn 0.8142 -0.0372 0.5794
vn 0.4328 0.2004 0.8789
vn 0.4881 -0.0231 0.8725
vn 0.5446 0.6263 0.5578
vn 0.3209 0.3602 0.8760
vn 0.2851 0.7908 0.5416
vn 0.1690 0.4581 0.8727
vn -0.0000 0.8448 0.5350
vn -0.0000 0.4907 0.8713
vn -0.1690 0.4581 0.8727
vn -0.2851 0.7908 0.5416
vn -0.3209 0.3602 0.8760
vn -0.5446 0.6263 0.5578
vn -0.4328 0.2004 0.8789
vn -0.8142 -0.0372 0.5794
vn -0.4881 -0.0231 0.8725
vn -0.7078 -0.4756 0.5223
vn -0.4455 -0.2866 0.8481
vn -0.4741 -0.7771 0.4140
vn -0.3143 -0.4833 0.8171
vn -0.2311 -0.9144 0.3324
vn -0.1589 -0.5855 0.7949
vn -0.0000 -0.9528 0.3035
vn -0.0000 -0.6166 0.7873
vn 0.1589 -0.5855 0.7949
vn 0.2311 -0.9144 0.3324
vn 0.3143 -0.4833 0.8171
vn 0.4741 -0.7771 0.4140
vn 0.4455 -0.2866 0.8481
vn 0.7078 -0.4756 0.5223
vn 0.8113 0.3772 0.4466
vn 0.7379 0.3537 0.5748
vn 0.6034 0.6743 0.4258
vn 0.3163 0.8543 0.4124
vn -0.0000 0.9130 0.4079
vn -0.3163 0.8543 0.4124
vn -0.6034 0.6743 0.4258
vn -0.7379 0.3537 0.5748
vn -0.8113 0.3772 0.4466
vn -0.7187 -0.5306 0.4495
vn -0.4444 -0.8139 0.3743
vn -0.2077 -0.9251 0.3180
vn -0.0000 -0.9545 0.2983
vn 0.2077 -0.9251 0.3180
vn 0.4444 -0.8139 0.3743
vn 0.7187 -0.5306 0.4495
vn 0.8792 -0.0588 0.4729
vn 0.8808 0.3912 0.2667
vn 0.6635 0.7090 0.2390
vn 0.3516 0.9084 0.2264
vn -0.0000 0.9748 0.2232
vn -0.3516 0.9084 0.2264
vn -0.6635 0.7090 0.2390
vn -0.8808 0.3912 0.2667
vn -0.8792 -0.0588 0.4729
vn -0.7537 -0.5504 0.3592
vn -0.4465 -0.8143 0.3708
vn -0.2038 -0.9035 0.3770
vn -0.0000 -0.9249 0.3801
vn 0.2038 -0.9035 0.3770
vn 0.4465 -0.8143 0.3708
vn 0.7537 -0.5504 0.3592
vn 0.9453 -0.0715 0.3181
vn 0.9167 0.3797 0.1246
vn 0.7003 0.7060 0.1053
vn 0.3766 0.9210 0.0998
vn -0.0000 0.9951 0.0993
vn -0.3766 0.9210 0.0998
vn -0.7003 0.7060 0.1053
vn -0.9167 0.3797 0.1246
vn -0.9453 -0.0715 0.3181
vn -0.9833 -0.0561 0.1731
vn -0.8255 -0.5047 0.2529
vn -0.5298 -0.7797 0.3337
vn -0.2510 -0.8866 0.3886
vn 0.2510 -0.8866 0.3886
vn 0.5298 -0.7797 0.3337
vn 0.8255 -0.5047 0.2529
vn 0.9833 -0.0561 0.1731
vn 0.9286 0.3673 0.0527
vn 0.7192 0.6929 0.0509
vn 0.3945 0.9171 0.0571
vn -0.0000 0.9981 0.0618
vn -0.3945 0.9171 0.0571
vn -0.7192 0.6929 0.0509
vn -0.9286 0.3673 0.0527
vn -0.9969 -0.0290 0.0730
vn -0.8878 -0.4419 0.1287
vn -0.6310 -0.7490 0.2021
vn -0.3210 -0.9113 0.2581
vn -0.0000 -0.9130 0.4079
vn 0.3210 -0.9113 0.2581
vn 0.6310 -0.7490 0.2021
vn 0.8878 -0.4419 0.1287
vn 0.9969 -0.0290 0.0730
vn 0.9335 0.3586 -0.0035
vn 0.7312 0.6821 -0.0012
vn 0.4064 0.9137 0.0030
vn -0.4064 0.9137 0.0030
vn -0.7312 0.6821 -0.0012
vn -0.9335 0.3586 -0.0035
vn -0.9999 -0.0133 0.0024
vn -0.9173 -0.3975 0.0231
vn -0.6922 -0.7197 0.0542
vn -0.3703 -0.9255 0.0794
vn -0.0000 -0.9604 0.2786
vn 0.3703 -0.9255 0.0794
vn 0.6922 -0.7197 0.0542
vn 0.9173 -0.3975 0.0231
vn 0.9999 -0.0133 0.0024
vn 0.9310 0.3569 -0.0763
vn 0.7316 0.6776 -0.0750
vn 0.4069 0.9105 -0.0740
vn -0.0000 0.9973 -0.0737
vn -0.0000 1.0000 0.0041
vn -0.4069 0.9105 -0.0740
vn -0.7316 0.6776 -0.0750
vn -0.9310 0.3569 -0.0763
vn -0.9970 -0.0087 -0.0769
vn -0.9198 -0.3849 -0.0756
vn -0.7017 -0.7087 -0.0726
vn -0.3786 -0.9229 -0.0700
vn -0.0000 -0.9961 0.0886
vn 0.3786 -0.9229 -0.0700
vn 0.7017 -0.7087 -0.0726
vn 0.9198 -0.3849 -0.0756
vn 0.9970 -0.0087 -0.0769
vn 0.9258 0.3491 -0.1447
vn 0.7312 0.6663 -0.1462
vn 0.4089 0.9006 -0.1476
vn -0.0000 0.9890 -0.1481
vn -0.4089 0.9006 -0.1476
vn -0.7312 0.6663 -0.1462
vn -0.9258 0.3491 -0.1447
vn -0.9895 -0.0105 -0.1444
vn -0.9125 -0.3822 -0.1459
vn -0.6955 -0.7031 -0.1485
vn -0.3749 -0.9147 -0.1506
vn -0.0000 -0.9976 -0.0690
vn 0.3749 -0.9147 -0.1506
vn 0.6955 -0.7031 -0.1485
vn 0.9125 -0.3822 -0.1459
vn 0.9895 -0.0105 -0.1444
vn 0.9206 0.3449 -0.1831
vn 0.7281 0.6591 -0.1885
vn 0.4079 0.8921 -0.1944
vn -0.0000 0.9804 -0.1971
vn -0.4079 0.8921 -0.1944
vn -0.7281 0.6591 -0.1885
vn -0.9206 0.3449 -0.1831
vn -0.9038 -0.3874 -0.1818
vn -0.6832 -0.7067 -0.1838
vn -0.3653 -0.9120 -0.1865
vn -0.0000 -0.9822 -0.1878
vn -0.0000 -0.9885 -0.1514
vn 0.3653 -0.9120 -0.1865
vn 0.6832 -0.7067 -0.1838
vn 0.9038 -0.3874 -0.1818
vn 0.9834 -0.0134 -0.1811
vn 0.9181 0.3397 -0.2043
vn 0.7301 0.6524 -0.2035
vn 0.4107 0.8887 -0.2040
vn -0.0000 0.9787 -0.2051
vn -0.4107 0.8887 -0.2040
vn -0.7301 0.6524 -0.2035
vn -0.9181 0.3397 -0.2043
vn -0.9834 -0.0134 -0.1811
vn -0.9782 -0.0167 -0.2068
vn -0.8957 -0.3912 -0.2111
vn -0.6726 -0.7083 -0.2143
vn -0.3575 -0.9086 -0.2159
vn 0.3575 -0.9086 -0.2159
vn 0.6726 -0.7083 -0.2143
vn 0.8957 -0.3912 -0.2111
vn 0.9782 -0.0167 -0.2068
vn 0.9752 -0.0227 -0.2203
vn 0.9220 0.3248 -0.2109
vn 0.4296 0.8817 -0.1951
vn -0.0000 0.9817 -0.1904
vn -0.4296 0.8817 -0.1951
vn -0.9220 0.3248 -0.2109
vn -0.9752 -0.0227 -0.2203
vn -0.8897 -0.3966 -0.2260
vn -0.6624 -0.7140 -0.2271
vn -0.3502 -0.9090 -0.2260
vn -0.0000 -0.9744 -0.2247
vn -0.0000 -0.9763 -0.2163
vn 0.3502 -0.9090 -0.2260
vn 0.6624 -0.7140 -0.2271
vn 0.8897 -0.3966 -0.2260
vn 0.9765 -0.0244 -0.2141
vn 0.9358 0.2904 -0.1997
vn 0.7467 0.6334 -0.2029
vn 0.7867 0.5895 -0.1833
vn -0.0000 0.9865 -0.1637
vn -0.7867 0.5895 -0.1833
vn -0.7467 0.6334 -0.2029
vn -0.9358 0.2904 -0.1997
vn -0.9765 -0.0244 -0.2141
vn -0.9009 -0.3732 -0.2215
vn -0.6888 -0.6917 -0.2171
vn -0.3738 -0.9035 -0.2099
vn 0.3738 -0.9035 -0.2099
vn 0.6888 -0.6917 -0.2171
vn 0.9009 -0.3732 -0.2215
vn 0.6636 -0.0138 -0.7480
vn 0.6472 0.1686 -0.7434
vn 0.5825 0.3638 -0.7269
vn 0.4780 0.8619 -0.1692
vn -0.0000 0.7174 -0.6967
vn -0.4780 0.8619 -0.1692
vn -0.5825 0.3638 -0.7269
vn -0.6472 0.1686 -0.7434
vn -0.6636 -0.0138 -0.7480
vn -0.6262 -0.2252 -0.7465
vn -0.5020 -0.4408 -0.7441
vn -0.2862 -0.6103 -0.7387
vn -0.0000 -0.6773 -0.7357
vn -0.0000 -0.9782 -0.2078
vn 0.2862 -0.6103 -0.7387
vn 0.5020 -0.4408 -0.7441
vn 0.6262 -0.2252 -0.7465
vn 0.3911 0.5891 -0.7071
vn -0.3911 0.5890 -0.7071
vn 0.0001 -0.0000 -1.0000
vn 0.3590 -0.2820 -0.8897
vn -0.1360 -0.4527 -0.8813
vn 0.6759 -0.5307 -0.5113
vn 0.8008 -0.0000 -0.5989
vn -0.4460 -0.0000 -0.8950
vn -0.1360 0.4527 -0.8813
vn 0.3590 0.2820 -0.8897
vn 0.9440 -0.3298 -0.0008
vn -0.2498 -0.8316 -0.4960
vn 0.2351 -0.7839 -0.5746
vn -0.0000 -1.0000 -0.0000
vn -0.8534 -0.0000 -0.5212
vn -0.6350 -0.4994 -0.5894
vn -0.9440 -0.3298 0.0008
vn -0.2498 0.8316 -0.4960
vn -0.6350 0.4994 -0.5894
vn -0.5590 0.8291 -0.0012
vn 0.6759 0.5307 -0.5114
vn 0.2351 0.7839 -0.5746
vn 0.5590 0.8291 0.0012
vn 0.5590 -0.8291 0.0012
vn -0.5590 -0.8291 -0.0012
vn -0.9440 0.3298 0.0008
vn -0.0000 1.0000 -0.0000
vn 0.9440 0.3298 -0.0008
vn 0.2498 -0.8316 0.4960
vn 0.6350 -0.4994 0.5894
vn 0.1360 -0.4527 0.8813
vn -0.6759 -0.5307 0.5114
vn -0.2351 -0.7839 0.5746
vn -0.3590 -0.2820 0.8897
vn -0.6759 0.5307 0.5114
vn -0.8008 -0.0000 0.5989
vn -0.3590 0.2820 0.8897
vn 0.2498 0.8316 0.4960
vn -0.2351 0.7839 0.5746
vn 0.1360 0.4527 0.8813
vn 0.8534 -0.0000 0.5212
vn 0.6350 0.4994 0.5894
vn 0.4460 -0.0000 0.8950
vn -0.0001 -0.0000 1.0000
vn 0.4238 -0.3222 -0.8465
vn -0.1609 -0.5184 -0.8399
vn 0.7136 -0.5443 -0.4410
vn 0.8506 -0.0000 -0.5257
vn -0.5257 -0.0000 -0.8506
vn -0.1609 0.5184 -0.8399
vn 0.4238 0.3222 -0.8465
vn 0.9467 -0.3222 -0.0004
vn -0.2666 -0.8619 -0.4314
vn 0.2541 -0.8219 -0.5097
vn -0.8945 -0.0000 -0.4472
vn -0.6793 -0.5184 -0.5195
vn -0.9467 -0.3222 0.0004
vn -0.2666 0.8619 -0.4314
vn -0.6793 0.5184 -0.5195
vn -0.5696 0.8219 -0.0007
vn 0.7136 0.5443 -0.4410
vn 0.2541 0.8219 -0.5097
vn 0.5696 0.8219 0.0007
vn 0.5696 -0.8219 0.0007
vn -0.5696 -0.8219 -0.0007
vn -0.9467 0.3222 0.0004
vn 0.9467 0.3222 -0.0004
vn 0.2666 -0.8619 0.4314
vn 0.6793 -0.5184 0.5195
vn 0.1609 -0.5184 0.8399
vn -0.7136 -0.5443 0.4410
vn -0.2541 -0.8219 0.5097
vn -0.4238 -0.3222 0.8465
vn -0.7136 0.5443 0.4410
vn -0.8506 -0.0000 0.5257
vn -0.4237 0.3222 0.8465
vn 0.2666 0.8619 0.4314
vn -0.2541 0.8219 0.5097
vn 0.1609 0.5184 0.8399
vn 0.8945 -0.0000 0.4472
vn 0.6793 0.5184 0.5195
vn 0.5257 -0.0000 0.8507
vn -0.5257 -0.0000 -0.8507
vn -0.4237 -0.3222 0.8465
vn 0.4918 0.3776 -0.7846
vn 0.9896 -0.0009 -0.1435
vn 0.7290 -0.1551 -0.6667
vn -0.0596 0.5979 -0.7994
vn 0.6670 0.6935 -0.2722
vn -0.6027 0.3775 -0.7030
vn -0.0500 0.9697 -0.2393
vn -0.8198 -0.1551 -0.5513
vn -0.7313 0.6786 -0.0677
vn -0.6845 -0.6782 0.2674
vn -0.9901 0.0001 0.1405
vn -0.5834 -0.6867 -0.4337
vn 0.0178 -0.9705 0.2404
vn -0.0312 -0.9074 -0.4191
vn 0.7160 -0.6945 0.0703
vn 0.5126 -0.6868 -0.5154
vn 0.9579 0.0002 -0.2870
vn 0.6197 0.6963 -0.3621
vn -0.0848 0.9716 -0.2211
vn -0.7323 0.6793 0.0466
vn -0.9583 0.0022 0.2856
vn -0.6407 -0.6768 0.3626
vn 0.0482 -0.9717 0.2312
vn 0.7164 -0.6967 -0.0383
vn 0.8887 0.0008 -0.4584
vn 0.5446 0.7020 -0.4590
vn -0.1211 0.9752 -0.1853
vn -0.7074 0.6804 0.1914
vn -0.8897 0.0044 0.4566
vn -0.5724 -0.6752 0.4653
vn 0.0763 -0.9754 0.2071
vn 0.6894 -0.7022 -0.1778
vn 0.7447 0.0033 -0.6673
vn 0.4222 0.7134 -0.5593
vn -0.1481 0.9821 -0.1163
vn -0.6215 0.6825 0.3846
vn -0.7453 0.0083 0.6667
vn -0.4581 -0.6723 0.5816
vn 0.0944 -0.9819 0.1641
vn 0.6031 -0.7118 -0.3599
vn 0.4586 0.0110 -0.8886
vn 0.2345 0.7334 -0.6381
vn -0.1217 0.9925 -0.0069
vn -0.3975 0.6851 0.6105
vn -0.4539 0.0130 0.8910
vn -0.2644 -0.6692 0.6945
vn 0.0794 -0.9915 0.1032
vn 0.3896 -0.7245 -0.5686
vn -0.0000 0.0192 -0.9998
vn -0.0000 0.7477 -0.6641
vn -0.0000 0.9982 0.0606
vn -0.0000 0.6856 0.7280
vn -0.0000 0.0140 0.9999
vn -0.0000 -0.6693 0.7430
vn -0.0000 -0.9979 0.0643
vn -0.0000 -0.7319 -0.6814
vn -0.2345 0.7334 -0.6381
vn -0.4586 0.0110 -0.8886
vn 0.1217 0.9925 -0.0069
vn 0.3975 0.6851 0.6105
vn 0.4539 0.0130 0.8910
vn 0.2644 -0.6692 0.6945
vn -0.0794 -0.9915 0.1032
vn -0.3896 -0.7245 -0.5686
vn -0.4222 0.7134 -0.5593
vn -0.7447 0.0033 -0.6673
vn 0.1481 0.9821 -0.1163
vn 0.6215 0.6825 0.3846
vn 0.7453 0.0083 0.6667
vn 0.4581 -0.6723 0.5816
vn -0.0944 -0.9819 0.1641
vn -0.6031 -0.7118 -0.3599
vn -0.5446 0.7020 -0.4590
vn -0.8887 0.0008 -0.4584
vn 0.1211 0.9752 -0.1853
vn 0.7074 0.6804 0.1914
vn 0.8897 0.0044 0.4566
vn 0.5724 -0.6752 0.4653
vn -0.0763 -0.9754 0.2071
vn -0.6894 -0.7022 -0.1778
vn -0.6197 0.6963 -0.3621
vn -0.9579 0.0002 -0.2870
vn 0.0848 0.9716 -0.2211
vn 0.7323 0.6793 0.0466
vn 0.9583 0.0022 0.2856
vn 0.6407 -0.6768 0.3626
vn -0.0482 -0.9717 0.2312
vn -0.7164 -0.6967 -0.0383
vn -0.6670 0.6935 -0.2722
vn -0.9896 -0.0009 -0.1435
vn 0.0500 0.9697 -0.2393
vn 0.7313 0.6786 -0.0677
vn 0.9901 0.0001 0.1405
vn 0.6845 -0.6782 0.2674
vn -0.0178 -0.9705 0.2404
vn -0.7160 -0.6945 0.0703
vn -0.4918 0.3775 -0.7846
vn -0.7290 -0.1551 -0.6667
vn 0.0596 0.5979 -0.7994
vn 0.6027 0.3775 -0.7030
vn 0.8198 -0.1551 -0.5512
vn 0.5833 -0.6867 -0.4338
vn 0.0312 -0.9074 -0.4191
vn -0.5126 -0.6868 -0.5154
vn 0.5553 0.6434 -0.5269
vn 0.9894 0.0014 -0.1454
vn 0.7171 0.1638 -0.6774
vn -0.0303 0.9185 -0.3942
vn 0.7720 0.6339 0.0471
vn -0.6284 0.6437 -0.4368
vn 0.0148 0.9688 0.2475
vn -0.8100 0.1648 -0.5628
vn -0.7406 0.6165 0.2671
vn -0.7855 -0.6167 -0.0523
vn -0.9901 0.0012 0.1406
vn -0.6454 -0.3230 -0.6922
vn -0.0542 -0.9674 -0.2475
vn -0.0586 -0.6057 -0.7935
vn 0.7264 -0.6324 -0.2691
vn 0.5358 -0.3240 -0.7797
vn 0.7683 0.6363 -0.0702
vn 0.9574 -0.0002 -0.2886
vn 0.0464 0.9697 0.2400
vn -0.6947 0.6144 0.3740
vn -0.9579 -0.0018 0.2871
vn -0.7837 -0.6173 0.0688
vn -0.0910 -0.9694 -0.2278
vn 0.6794 -0.6357 -0.3665
vn 0.7340 0.6422 -0.2209
vn 0.8877 -0.0007 -0.4604
vn 0.0746 0.9734 0.2164
vn -0.6215 0.6125 0.4886
vn -0.8885 -0.0037 0.4588
vn -0.7540 -0.6185 0.2212
vn -0.1291 -0.9733 -0.1900
vn 0.6033 -0.6417 -0.4736
vn 0.6348 0.6520 -0.4147
vn 0.7443 -0.0027 -0.6678
vn 0.0931 0.9801 0.1751
vn -0.4961 0.6092 0.6187
vn -0.7428 -0.0075 0.6695
vn -0.6598 -0.6210 0.4231
vn -0.1576 -0.9806 -0.1165
vn 0.4778 -0.6533 -0.5873
vn 0.4049 0.6621 -0.6306
vn 0.4623 -0.0081 -0.8867
vn 0.0811 0.9901 0.1149
vn -0.2835 0.6063 0.7430
vn -0.4499 -0.0124 0.8930
vn -0.4196 -0.6249 0.6583
vn -0.1299 -0.9915 0.0016
vn 0.2758 -0.6731 -0.6863
vn -0.0000 0.6643 -0.7474
vn -0.0000 -0.0169 -0.9999
vn -0.0000 0.9974 0.0724
vn -0.0000 0.6075 0.7943
vn -0.0000 -0.0133 0.9999
vn -0.0000 -0.6262 0.7797
vn -0.0000 -0.9971 0.0755
vn -0.0000 -0.6885 -0.7252
vn -0.4623 -0.0081 -0.8867
vn -0.4049 0.6621 -0.6306
vn -0.0811 0.9901 0.1149
vn 0.2835 0.6063 0.7430
vn 0.4499 -0.0124 0.8930
vn 0.4196 -0.6249 0.6583
vn 0.1299 -0.9915 0.0016
vn -0.2758 -0.6731 -0.6863
vn -0.7443 -0.0027 -0.6678
vn -0.6348 0.6520 -0.4147
vn -0.0931 0.9801 0.1751
vn 0.4961 0.6092 0.6187
vn 0.7428 -0.0075 0.6695
vn 0.6598 -0.6210 0.4231
vn 0.1576 -0.9806 -0.1165
vn -0.4778 -0.6533 -0.5873
vn -0.8877 -0.0007 -0.4604
vn -0.7340 0.6422 -0.2209
vn -0.0746 0.9734 0.2164
vn 0.6215 0.6125 0.4886
vn 0.8885 -0.0037 0.4588
vn 0.7540 -0.6185 0.2212
vn 0.1291 -0.9733 -0.1900
vn -0.6033 -0.6417 -0.4736
vn -0.9574 -0.0002 -0.2886
vn -0.7683 0.6363 -0.0702
vn -0.0464 0.9697 0.2400
vn 0.6947 0.6144 0.3740
vn 0.9579 -0.0018 0.2871
vn 0.7837 -0.6173 0.0688
vn 0.0910 -0.9694 -0.2278
vn -0.6794 -0.6357 -0.3665
vn -0.9894 0.0014 -0.1454
vn -0.7720 0.6339 0.0471
vn -0.0148 0.9688 0.2475
vn 0.7406 0.6165 0.2671
vn 0.9901 0.0012 0.1406
vn 0.7855 -0.6167 -0.0523
vn 0.0542 -0.9674 -0.2475
vn -0.7264 -0.6324 -0.2691
vn -0.5553 0.6434 -0.5269
vn -0.7171 0.1638 -0.6774
vn 0.0303 0.9185 -0.3942
vn 0.6284 0.6437 -0.4368
vn 0.8100 0.1648 -0.5628
vn 0.6454 -0.3230 -0.6922
vn 0.0586 -0.6057 -0.7935
vn -0.5358 -0.3240 -0.7797
vn 0.0104 -0.0000 -0.9999
vn 0.4308 -0.5116 -0.7435
vn -0.1416 -0.7834 -0.6052
vn 0.5385 -0.7911 -0.2903
vn 0.8742 -0.0000 -0.4856
vn -0.5709 -0.0000 -0.8210
vn -0.1416 0.7834 -0.6052
vn 0.4308 0.5116 -0.7435
vn 0.8692 -0.4945 -0.0072
vn -0.1421 -0.9692 -0.2011
vn 0.1413 -0.9567 -0.2543
vn -0.9188 -0.0000 -0.3946
vn -0.5307 -0.7631 -0.3687
vn -0.8692 -0.4945 0.0072
vn -0.1421 0.9692 -0.2011
vn -0.5307 0.7631 -0.3687
vn -0.3191 0.9477 -0.0033
vn 0.5385 0.7911 -0.2903
vn 0.1413 0.9567 -0.2543
vn 0.3191 0.9477 0.0033
vn 0.3191 -0.9477 0.0033
vn -0.3191 -0.9477 -0.0033
vn -0.8692 0.4945 0.0072
vn 0.8692 0.4945 -0.0072
vn 0.1421 -0.9692 0.2011
vn 0.5307 -0.7631 0.3687
vn 0.1416 -0.7834 0.6052
vn -0.5385 -0.7911 0.2903
vn -0.1413 -0.9567 0.2543
vn -0.4308 -0.5116 0.7435
vn -0.5385 0.7911 0.2903
vn -0.8742 -0.0000 0.4856
vn -0.4308 0.5116 0.7435
vn 0.1421 0.9692 0.2011
vn -0.1413 0.9567 0.2543
vn 0.1416 0.7834 0.6052
vn 0.9188 -0.0000 0.3946
vn 0.5307 0.7631 0.3687
vn 0.5709 -0.0000 0.8210
vn -0.0104 -0.0000 0.9999
vn 0.0020 -0.0000 -1.0000
vn 0.4571 -0.4161 -0.7861
vn -0.1672 -0.6525 -0.7391
vn 0.6745 -0.6455 -0.3583
vn 0.8797 -0.0000 -0.4756
vn -0.5793 -0.0000 -0.8151
vn -0.1672 0.6525 -0.7391
vn 0.4571 0.4161 -0.7861
vn 0.9224 -0.3863 -0.0024
vn -0.2238 -0.9239 -0.3104
vn 0.2181 -0.8983 -0.3814
vn -0.9189 -0.0000 -0.3946
vn -0.6512 -0.6215 -0.4356
vn -0.9224 -0.3863 0.0024
vn -0.2238 0.9239 -0.3104
vn -0.6512 0.6215 -0.4356
vn -0.4801 0.8772 -0.0025
vn 0.6745 0.6455 -0.3583
vn 0.2181 0.8983 -0.3814
vn 0.4801 0.8772 0.0025
vn 0.4801 -0.8772 0.0025
vn -0.4801 -0.8772 -0.0025
vn -0.9224 0.3863 0.0024
vn 0.9224 0.3863 -0.0024
vn 0.2238 -0.9239 0.3104
vn 0.6512 -0.6215 0.4356
vn 0.1672 -0.6525 0.7391
vn -0.6745 -0.6455 0.3583
vn -0.2181 -0.8983 0.3814
vn -0.4571 -0.4161 0.7861
vn -0.6745 0.6455 0.3583
vn -0.8797 -0.0000 0.4756
vn -0.4571 0.4161 0.7861
vn 0.2238 0.9239 0.3104
vn -0.2181 0.8983 0.3814
vn 0.1672 0.6525 0.7391
vn 0.9189 -0.0000 0.3946
vn 0.6512 0.6215 0.4356
vn 0.5793 -0.0000 0.8151
vn -0.0020 -0.0000 1.0000
vn 0.3701 0.3413 0.8640
vn 0.7523 0.6143 -0.2382
vn 0.1435 -0.0504 -0.9884
vn -0.5987 -0.7122 -0.3666
vn -0.4665 -0.4815 0.7420
vn 0.2930 0.2106 0.9326
vn 0.9058 0.4212 -0.0465
vn 0.2795 0.0291 -0.9597
vn -0.7274 -0.4257 -0.5382
vn -0.7195 -0.3149 0.6190
vn -0.9427 -0.1476 0.2992
vn -0.0198 0.0307 0.9993
vn 0.9433 0.0954 0.3179
vn 0.6029 -0.0448 -0.7966
vn -0.5709 -0.1954 -0.7974
vn -0.7510 0.1276 -0.6479
vn -0.8229 0.2332 0.5182
vn 0.2637 0.0851 0.9608
vn 0.9915 -0.1097 0.0699
vn 0.3801 -0.0854 -0.9210
vn -0.6144 0.3252 -0.7189
vn -0.7315 0.4730 0.4910
vn 0.2472 0.0313 0.9685
vn 0.9185 -0.3592 0.1651
vn 0.4224 -0.1968 -0.8848
vn 0.6965 -0.7145 0.0662
vn 0.4407 0.8949 -0.0706
vn -0.5573 0.3711 -0.7427
vn -0.6977 0.6099 0.3758
vn 0.0414 -0.0543 0.9977
vn 0.6537 -0.7151 0.2475
vn 0.2834 -0.4548 -0.8443
vn -0.6640 0.2061 -0.7187
vn -0.8245 0.3867 0.4132
vn 0.1147 -0.0203 0.9932
vn 0.8665 -0.4587 0.1969
vn 0.3851 -0.3199 -0.8657
vn -0.5529 -0.1640 0.8169
vn 0.5655 -0.3124 0.7633
vn 0.8672 -0.4245 -0.2605
vn -0.0092 -0.3647 -0.9311
vn -0.9424 -0.1925 -0.2735
vn -0.5687 -0.0250 0.8221
vn 0.5973 0.1716 0.7835
vn 0.9314 0.1401 -0.3360
vn -0.0185 -0.0745 -0.9970
vn -0.9450 -0.1760 -0.2756
vn 0.3651 0.3141 0.8764
vn 0.8682 0.4861 -0.0996
vn 0.2060 0.0928 -0.9741
vn -0.7835 -0.3568 -0.5088
vn -0.6717 -0.2101 0.7104
vn -0.6965 -0.7145 0.0662
vn -0.4407 0.8949 -0.0706
vn 0.3620 0.3508 0.8636
vn 0.7383 0.6309 -0.2387
vn 0.1478 -0.0510 -0.9877
vn -0.5779 -0.7299 -0.3652
vn -0.4530 -0.4932 0.7427
vn 0.2869 0.2193 0.9325
vn 0.8974 0.4387 -0.0460
vn 0.2816 0.0305 -0.9591
vn -0.7173 -0.4434 -0.5375
vn -0.7143 -0.3282 0.6181
vn -0.9406 -0.1525 0.3034
vn -0.0160 0.0344 0.9993
vn 0.9443 0.1006 0.3134
vn 0.5998 -0.0473 -0.7987
vn -0.5737 -0.2042 -0.7932
vn -0.7523 0.1294 -0.6460
vn -0.8206 0.2369 0.5201
vn 0.2672 0.0870 0.9597
vn 0.9916 -0.1105 0.0672
vn 0.3777 -0.0865 -0.9219
vn -0.6132 0.3291 -0.7181
vn -0.7274 0.4782 0.4921
vn 0.2500 0.0320 0.9677
vn 0.9176 -0.3622 0.1636
vn 0.4205 -0.1981 -0.8854
vn 0.7145 -0.6962 0.0686
vn 0.4451 0.8926 -0.0721
vn -0.5500 0.3812 -0.7431
vn -0.6833 0.6264 0.3751
vn 0.0390 -0.0549 0.9977
vn 0.6335 -0.7327 0.2487
vn 0.2693 -0.4662 -0.8427
vn -0.6628 0.2150 -0.7173
vn -0.8169 0.4026 0.4131
vn 0.1147 -0.0211 0.9932
vn 0.8563 -0.4775 0.1969
vn 0.3752 -0.3328 -0.8651
vn -0.5541 -0.1729 0.8143
vn 0.5589 -0.3274 0.7619
vn 0.8607 -0.4427 -0.2514
vn -0.0048 -0.3818 -0.9242
vn -0.9398 -0.2022 -0.2754
vn -0.5716 -0.0251 0.8201
vn 0.5942 0.1741 0.7852
vn 0.9322 0.1420 -0.3330
vn -0.0147 -0.0756 -0.9970
vn -0.9437 -0.1783 -0.2785
vn 0.3614 0.3177 0.8766
vn 0.8654 0.4915 -0.0979
vn 0.2075 0.0946 -0.9737
vn -0.7809 -0.3598 -0.5105
vn -0.6724 -0.2118 0.7092
vn -0.7145 -0.6962 0.0686
vn -0.4451 0.8926 -0.0721
vn 0.3499 0.3655 0.8626
vn 0.7158 0.6556 -0.2403
vn 0.1529 -0.0513 -0.9869
vn -0.5466 -0.7549 -0.3625
vn -0.4322 -0.5097 0.7439
vn 0.2803 0.2297 0.9320
vn 0.8871 0.4593 -0.0464
vn 0.2832 0.0319 -0.9585
vn -0.7052 -0.4643 -0.5358
vn -0.7072 -0.3437 0.6178
vn -0.9383 -0.1580 0.3077
vn -0.0121 0.0384 0.9992
vn 0.9452 0.1063 0.3088
vn 0.5967 -0.0501 -0.8009
vn -0.5765 -0.2140 -0.7886
vn -0.7536 0.1313 -0.6441
vn -0.8182 0.2407 0.5221
vn 0.2707 0.0890 0.9585
vn 0.9917 -0.1114 0.0644
vn 0.3753 -0.0875 -0.9228
vn -0.6120 0.3330 -0.7173
vn -0.7231 0.4836 0.4932
vn 0.2530 0.0327 0.9669
vn 0.9167 -0.3653 0.1621
vn 0.4186 -0.1995 -0.8860
vn 0.7408 -0.6679 0.0717
vn 0.4496 0.8902 -0.0736
vn -0.5375 0.3966 -0.7442
vn -0.6607 0.6512 0.3734
vn 0.0350 -0.0550 0.9979
vn 0.6026 -0.7575 0.2512
vn 0.2492 -0.4824 -0.8397
vn -0.6609 0.2258 -0.7157
vn -0.8078 0.4214 0.4122
vn 0.1141 -0.0218 0.9932
vn 0.8436 -0.4994 0.1975
vn 0.3639 -0.3477 -0.8641
vn -0.5549 -0.1830 0.8116
vn 0.5517 -0.3442 0.7597
vn 0.3257 0.1000 0.9402
vn -0.0003 -0.4003 -0.9164
vn -0.9370 -0.2128 -0.2771
vn -0.5745 -0.0252 0.8181
vn 0.5911 0.1768 0.7870
vn 0.9329 0.1440 -0.3301
vn -0.0110 -0.0767 -0.9970
vn -0.9424 -0.1807 -0.2814
vn 0.3576 0.3214 0.8768
vn 0.8624 0.4970 -0.0963
vn 0.2090 0.0965 -0.9731
vn -0.7783 -0.3630 -0.5123
vn -0.6731 -0.2136 0.7081
vn -0.7408 -0.6679 0.0717
vn -0.4496 0.8902 -0.0736
vn 0.3319 0.3833 0.8619
vn 0.6860 0.6866 -0.2408
vn 0.1638 -0.0523 -0.9851
vn -0.5000 -0.7878 -0.3597
vn -0.4023 -0.5310 0.7458
vn 0.2665 0.2526 0.9301
vn 0.8629 0.5030 -0.0495
vn 0.2853 0.0335 -0.9578
vn -0.6778 -0.5094 -0.5303
vn -0.6896 -0.3760 0.6190
vn -0.9154 -0.1544 0.3717
vn 0.0566 0.0718 0.9958
vn 0.9615 0.1349 0.2395
vn 0.5409 -0.0526 -0.8394
vn -0.6279 -0.2315 -0.7431
vn -0.7616 0.1280 -0.6352
vn -0.8125 0.2411 0.5309
vn 0.2820 0.0906 0.9551
vn 0.9922 -0.1124 0.0534
vn 0.3643 -0.0917 -0.9267
vn -0.6126 0.3393 -0.7138
vn -0.7139 0.4906 0.4997
vn 0.2640 0.0339 0.9639
vn 0.9172 -0.3665 0.1563
vn 0.4136 -0.1988 -0.8885
vn 0.7745 -0.6278 0.0776
vn 0.4541 0.8876 -0.0773
vn -0.5227 0.4150 -0.7447
vn -0.6293 0.6821 0.3724
vn 0.0303 -0.0559 0.9980
vn 0.5578 -0.7903 0.2536
vn 0.2164 -0.5036 -0.8364
vn -0.6558 0.2492 -0.7126
vn -0.7853 0.4621 0.4120
vn 0.1145 -0.0235 0.9931
vn 0.8143 -0.5456 0.1983
vn 0.3363 -0.3783 -0.8624
vn -0.7960 0.1159 -0.5941
vn -0.7867 0.2433 0.5674
vn 0.3325 0.0953 0.9383
vn 0.9927 -0.1206 0.0046
vn 0.3180 -0.1108 -0.9416
vn -0.6280 -0.0293 0.7776
vn 0.5364 0.1779 0.8250
vn 0.9511 0.1541 -0.2675
vn 0.0564 -0.0654 -0.9963
vn -0.9217 -0.1786 -0.3444
vn 0.3489 0.3265 0.8784
vn 0.8589 0.5046 -0.0877
vn 0.2174 0.1015 -0.9708
vn -0.7721 -0.3643 -0.5207
vn -0.6774 -0.2144 0.7037
vn -0.7745 -0.6278 0.0776
vn -0.4541 0.8876 -0.0773
vn 0.3128 0.4010 0.8610
vn 0.6540 0.7168 -0.2418
vn 0.1747 -0.0525 -0.9832
vn -0.4510 -0.8184 -0.3562
vn -0.3708 -0.5505 0.7479
vn 0.2490 0.2724 0.9294
vn 0.8384 0.5429 -0.0492
vn 0.2911 0.0363 -0.9560
vn -0.6480 -0.5495 -0.5274
vn -0.6739 -0.4058 0.6174
vn -0.9096 -0.1619 0.3827
vn 0.0673 0.0880 0.9938
vn 0.9623 0.1510 0.2260
vn 0.5321 -0.0589 -0.8446
vn -0.6346 -0.2523 -0.7305
vn -0.7659 0.1317 -0.6293
vn -0.8061 0.2493 0.5367
vn 0.2919 0.0955 0.9517
vn 0.9925 -0.1136 0.0452
vn 0.3570 -0.0938 -0.9294
vn -0.6110 0.3476 -0.7113
vn -0.7038 0.5013 0.5034
vn 0.2726 0.0357 0.9615
vn 0.9160 -0.3713 0.1517
vn 0.4088 -0.2004 -0.8903
vn 0.8067 -0.5851 0.0834
vn 0.4624 0.8830 -0.0812
vn -0.5066 0.4334 -0.7453
vn -0.5959 0.7123 0.3709
vn 0.0253 -0.0559 0.9981
vn 0.5106 -0.8206 0.2566
vn 0.1822 -0.5232 -0.8325
vn -0.6516 0.2698 -0.7089
vn -0.7631 0.4982 0.4117
vn 0.1147 -0.0250 0.9931
vn 0.7846 -0.5872 0.1991
vn 0.3076 -0.4063 -0.8604
vn -0.8009 0.1238 -0.5858
vn -0.7763 0.2648 0.5721
vn 0.3465 0.1003 0.9327
vn 0.9904 -0.1381 -0.0048
vn 0.3072 -0.1275 -0.9431
vn -0.6356 -0.0291 0.7715
vn 0.5276 0.1838 0.8294
vn 0.9528 0.1582 -0.2593
vn 0.0667 -0.0675 -0.9955
vn -0.9177 -0.1831 -0.3524
vn 0.3396 0.3340 0.8793
vn 0.8528 0.5156 -0.0823
vn 0.2225 0.1062 -0.9691
vn -0.7660 -0.3692 -0.5263
vn -0.6803 -0.2171 0.7001
vn -0.8067 -0.5851 0.0834
vn -0.4624 0.8829 -0.0813
vn -0.5816 0.4868 -0.6517
vn 0.5231 0.7676 -0.3703
vn 0.8970 0.0845 0.4340
vn 0.0597 -0.6851 0.7260
vn -0.8858 -0.4598 0.0625
vn -0.7304 0.3913 -0.5599
vn 0.4042 0.7049 -0.5829
vn 0.9755 0.0579 0.2120
vn 0.1982 -0.6564 0.7279
vn -0.8574 -0.4498 0.2503
vn -0.8250 0.3601 -0.4356
vn 0.2805 0.6688 -0.6884
vn 0.9935 -0.0588 0.0970
vn 0.3373 -0.6557 0.6755
vn -0.7917 -0.4566 0.4059
vn -0.8897 0.3701 -0.2672
vn 0.1499 0.6893 -0.7088
vn 0.9782 0.0208 -0.2066
vn 0.4461 -0.7101 0.5447
vn -0.7096 -0.4917 0.5047
vn -0.8995 0.4112 -0.1478
vn 0.0870 0.6901 -0.7185
vn 0.9325 -0.0395 -0.3589
vn 0.4244 -0.7799 0.4600
vn -0.7017 -0.4553 0.5480
vn -0.3388 0.6320 0.6970
vn -0.2418 -0.6389 -0.7303
vn -0.6031 0.4844 -0.6338
vn 0.5124 0.7620 -0.3960
vn 0.9093 0.0787 0.4087
vn 0.0721 -0.6768 0.7326
vn -0.8899 -0.4460 0.0960
vn -0.7322 0.3949 -0.5548
vn 0.4021 0.7093 -0.5790
vn 0.9758 0.0583 0.2109
vn 0.2002 -0.6590 0.7251
vn -0.8567 -0.4505 0.2512
vn -0.8314 0.3548 -0.4277
vn 0.2695 0.6735 -0.6883
vn 0.9938 -0.0595 0.0934
vn 0.3481 -0.6576 0.6682
vn -0.7851 -0.4653 0.4087
vn -0.9019 0.3645 -0.2317
vn 0.1162 0.6959 -0.7087
vn 0.9689 0.0273 -0.2460
vn 0.4709 -0.7153 0.5162
vn -0.6882 -0.5035 0.5223
vn -0.9012 0.4270 -0.0741
vn 0.0500 0.7157 -0.6966
vn 0.9047 -0.0399 -0.4241
vn 0.4343 -0.8079 0.3984
vn -0.6774 -0.4663 0.5689
vn -0.3097 0.6427 0.7007
vn -0.2998 -0.6038 -0.7387
vn -0.6076 0.4883 -0.6264
vn 0.5082 0.7667 -0.3923
vn 0.9091 0.0811 0.4086
vn 0.0744 -0.6762 0.7329
vn -0.8902 -0.4443 0.1009
vn -0.7498 0.3811 -0.5408
vn 0.3796 0.7157 -0.5862
vn 0.9786 0.0750 0.1917
vn 0.2262 -0.6555 0.7206
vn -0.8440 -0.4654 0.2664
vn -0.8553 0.3603 -0.3725
vn 0.2270 0.6734 -0.7036
vn 0.9962 -0.0789 0.0367
vn 0.3873 -0.6643 0.6393
vn -0.7592 -0.4644 0.4559
vn -0.9011 0.3883 -0.1931
vn 0.1072 0.7081 -0.6980
vn 0.9600 0.0127 -0.2799
vn 0.4729 -0.7363 0.4840
vn -0.6794 -0.5017 0.5354
vn -0.8986 0.4316 -0.0791
vn 0.0605 0.7243 -0.6868
vn 0.9069 -0.0418 -0.4192
vn 0.4372 -0.8169 0.3762
vn -0.6745 -0.4869 0.5549
vn -0.3079 0.6398 0.7042
vn -0.2965 -0.5888 -0.7519
vn -0.8326 0.4231 0.3575
vn 0.2682 0.7637 0.5872
vn 0.9986 0.0137 0.0511
vn 0.3036 -0.8000 -0.5176
vn -0.8114 -0.5031 -0.2975
vn -0.8277 0.5039 0.2468
vn 0.1840 0.7800 0.5981
vn 0.9830 0.0233 0.1819
vn 0.4206 -0.7756 -0.4706
vn -0.7266 -0.5127 -0.4575
vn -0.8466 0.5246 0.0895
vn 0.1255 0.8162 0.5640
vn 0.9563 0.0274 0.2910
vn 0.4672 -0.7940 -0.3888
vn -0.7127 -0.4695 -0.5212
vn -0.8245 0.5593 -0.0866
vn 0.1527 0.8599 0.4871
vn 0.9251 0.0195 0.3793
vn 0.4649 -0.8442 -0.2670
vn -0.6253 -0.5323 -0.5706
vn -0.7803 0.5737 -0.2490
vn 0.1711 0.9175 0.3592
vn 0.9106 0.0049 0.4133
vn 0.4247 -0.8924 -0.1528
vn -0.6195 -0.5462 -0.5638
vn 0.0081 -0.5763 0.8172
vn 0.4338 0.3006 -0.8494
vn -0.8459 0.4513 0.2841
vn 0.2432 0.7958 0.5545
vn 0.9940 0.0073 0.1094
vn 0.3328 -0.8321 -0.4437
vn -0.7927 -0.5228 -0.3135
vn -0.8349 0.5244 0.1674
vn 0.1848 0.8212 0.5400
vn 0.9768 0.0142 0.2139
vn 0.4143 -0.8225 -0.3897
vn -0.7252 -0.5327 -0.4363
vn -0.8372 0.5464 0.0223
vn 0.1587 0.8607 0.4838
vn 0.9559 0.0154 0.2932
vn 0.4327 -0.8480 -0.3061
vn -0.7147 -0.5089 -0.4798
vn -0.8092 0.5737 -0.1267
vn 0.1912 0.9011 0.3891
vn 0.9375 0.0108 0.3480
vn 0.4146 -0.8889 -0.1950
vn -0.6691 -0.5540 -0.4954
vn -0.7673 0.5850 -0.2627
vn 0.2271 0.9402 0.2539
vn 0.9332 0.0075 0.3593
vn 0.3730 -0.9232 -0.0921
vn -0.6738 -0.5660 -0.4750
vn -0.0453 -0.5235 0.8508
vn 0.3952 0.1972 -0.8972
vn 0.9166 0.3408 -0.2089
vn -0.0890 0.7030 -0.7056
vn -0.9792 -0.0283 -0.2010
vn -0.4049 -0.7429 0.5330
vn 0.7364 -0.4693 0.4873
vn 0.9370 0.2870 0.1990
vn 0.2358 0.7110 -0.6624
vn -0.7847 0.1410 -0.6037
vn -0.7243 -0.6314 0.2771
vn 0.3504 -0.5313 0.7713
vn 0.5734 0.2652 0.7752
vn 0.6009 0.7372 -0.3090
vn -0.2578 0.2033 -0.9446
vn -0.7779 -0.5534 -0.2977
vn -0.2653 -0.5337 0.8030
vn -0.0842 0.4730 0.8770
vn 0.4724 0.8789 -0.0670
vn 0.3196 0.0753 -0.9445
vn -0.3078 -0.7808 -0.5437
vn -0.5820 -0.5599 0.5897
vn -0.4675 0.6180 0.6320
vn 0.3062 0.9368 -0.1695
vn 0.6285 -0.0385 -0.7768
vn 0.0718 -0.9282 -0.3651
vn -0.6293 -0.5854 0.5111
vn -0.6862 0.5813 0.4372
vn 0.1515 0.9465 -0.2850
vn 0.7382 -0.0007 -0.6746
vn 0.2503 -0.9510 -0.1814
vn -0.6311 -0.5893 0.5044
vn 0.1274 -0.6595 -0.7409
vn -0.6320 -0.0756 -0.7713
vn 0.3935 0.3558 0.8477
vn 0.7583 0.6165 -0.2119
vn 0.1576 -0.0404 -0.9867
vn -0.5914 -0.7102 -0.3818
vn -0.4415 -0.4632 0.7685
vn 0.4383 0.2384 0.8666
vn 0.9085 0.3738 -0.1867
vn 0.1706 -0.0591 -0.9836
vn -0.7799 -0.4714 -0.4117
vn -0.6151 -0.2878 0.7340
vn 0.3040 0.1749 0.9365
vn 0.9831 0.1814 -0.0247
vn 0.2859 0.0083 -0.9582
vn -0.8191 -0.1051 -0.5639
vn -0.8090 -0.0038 0.5877
vn -0.9428 0.1903 0.2738
vn -0.0181 0.0892 0.9958
vn 0.9336 -0.1258 0.3354
vn 0.5984 -0.1570 -0.7856
vn -0.5676 0.0395 -0.8223
vn -0.6704 0.3452 -0.6569
vn -0.7652 0.4746 0.4350
vn 0.1837 0.0525 0.9816
vn 0.9214 -0.3776 0.0921
vn 0.3527 -0.1770 -0.9188
vn -0.5421 0.3603 -0.7592
vn -0.6865 0.6070 0.4003
vn 0.0736 -0.0776 0.9943
vn 0.6607 -0.7183 0.2180
vn 0.2921 -0.4601 -0.8384
vn -0.7327 0.2832 -0.6188
vn -0.7408 0.3946 0.5437
vn 0.2690 -0.0625 0.9611
vn 0.8909 -0.4516 0.0492
vn 0.2824 -0.2436 -0.9279
vn -0.7070 0.3428 -0.6186
vn -0.7251 0.4310 0.5372
vn 0.3667 0.3128 0.8762
vn 0.9868 0.1618 -0.0072
vn 0.3866 0.1787 -0.9048
vn 0.3500 0.1855 0.9182
vn 0.9743 0.2108 -0.0789
vn 0.2326 0.0141 -0.9725
vn -0.8443 -0.1319 -0.5194
vn -0.7740 -0.0277 0.6325
vn 0.3101 0.2993 0.9024
vn 0.8566 0.4854 -0.1750
vn 0.1258 0.0648 -0.9899
vn -0.8211 -0.3590 -0.4436
vn -0.7199 -0.2259 0.6563
vn 0.3852 0.3658 0.8472
vn 0.7442 0.6332 -0.2127
vn 0.1610 -0.0411 -0.9861
vn -0.5709 -0.7279 -0.3798
vn -0.4282 -0.4743 0.7692
vn 0.4333 0.2484 0.8664
vn 0.9022 0.3892 -0.1858
vn 0.1757 -0.0611 -0.9825
vn -0.7682 -0.4906 -0.4113
vn -0.6095 -0.2997 0.7340
vn 0.2988 0.1824 0.9367
vn 0.9817 0.1892 -0.0220
vn 0.2890 0.0075 -0.9573
vn -0.8169 -0.1115 -0.5659
vn -0.8119 -0.0054 0.5838
vn -0.9414 0.1930 0.2766
vn -0.0143 0.0907 0.9958
vn 0.9345 -0.1274 0.3324
vn 0.5954 -0.1591 -0.7875
vn -0.5705 0.0400 -0.8204
vn -0.6697 0.3493 -0.6554
vn -0.7615 0.4798 0.4358
vn 0.1862 0.0534 0.9811
vn 0.9202 -0.3810 0.0900
vn 0.3500 -0.1780 -0.9197
vn -0.5353 0.3703 -0.7592
vn -0.6721 0.6234 0.3995
vn 0.0710 -0.0790 0.9943
vn 0.6404 -0.7360 0.2195
vn 0.2773 -0.4713 -0.8372
vn -0.7288 0.2952 -0.6178
vn -0.7318 0.4111 0.5436
vn 0.2700 -0.0654 0.9606
vn 0.8812 -0.4702 0.0490
vn 0.2753 -0.2539 -0.9272
vn -0.6997 0.3591 -0.6176
vn -0.7142 0.4500 0.5362
vn 0.3766 0.3252 0.8675
vn 0.9855 0.1689 -0.0129
vn 0.3895 0.1881 -0.9016
vn 0.3465 0.1887 0.9189
vn 0.9738 0.2140 -0.0765
vn 0.2350 0.0143 -0.9719
vn -0.8428 -0.1333 -0.5214
vn -0.7761 -0.0273 0.6300
vn 0.3061 0.3027 0.9026
vn 0.8537 0.4908 -0.1740
vn 0.1265 0.0661 -0.9898
vn -0.8192 -0.3620 -0.4448
vn -0.7209 -0.2277 0.6546
vn 0.3727 0.3810 0.8461
vn 0.7216 0.6581 -0.2149
vn 0.1648 -0.0418 -0.9854
vn -0.5402 -0.7529 -0.3758
vn -0.4077 -0.4897 0.7707
vn 0.4279 0.2604 0.8655
vn 0.8942 0.4076 -0.1852
vn 0.1814 -0.0629 -0.9814
vn -0.7540 -0.5130 -0.4102
vn -0.6022 -0.3135 0.7342
vn 0.2936 0.1907 0.9367
vn 0.9800 0.1981 -0.0195
vn 0.2918 0.0067 -0.9565
vn -0.8148 -0.1187 -0.5674
vn -0.8147 -0.0074 0.5798
vn -0.9400 0.1959 0.2794
vn -0.0105 0.0922 0.9957
vn 0.9353 -0.1290 0.3294
vn 0.5923 -0.1613 -0.7894
vn -0.5733 0.0404 -0.8184
vn -0.6689 0.3536 -0.6538
vn -0.7576 0.4851 0.4367
vn 0.1888 0.0544 0.9805
vn 0.9189 -0.3846 0.0880
vn 0.3473 -0.1790 -0.9205
vn -0.5236 0.3855 -0.7598
vn -0.6497 0.6481 0.3972
vn 0.0667 -0.0805 0.9945
vn 0.6094 -0.7611 0.2223
vn 0.2557 -0.4869 -0.8352
vn -0.7233 0.3092 -0.6174
vn -0.7213 0.4305 0.5426
vn 0.2703 -0.0687 0.9603
vn 0.8691 -0.4921 0.0497
vn 0.2673 -0.2661 -0.9261
vn -0.6905 0.3771 -0.6172
vn -0.7020 0.4708 0.5344
vn 0.9315 -0.2154 -0.2931
vn 0.9841 0.1766 -0.0189
vn 0.3939 0.1985 -0.8975
vn 0.3430 0.1920 0.9195
vn 0.9733 0.2172 -0.0740
vn 0.2374 0.0145 -0.9713
vn -0.8413 -0.1348 -0.5235
vn -0.7782 -0.0270 0.6274
vn 0.3019 0.3062 0.9028
vn 0.8507 0.4964 -0.1730
vn 0.1271 0.0674 -0.9896
vn -0.8171 -0.3651 -0.4461
vn -0.7218 -0.2297 0.6529
vn 0.3543 0.3998 0.8453
vn 0.6916 0.6891 -0.2164
vn 0.1742 -0.0434 -0.9838
vn -0.4941 -0.7859 -0.3718
vn -0.3789 -0.5103 0.7720
vn 0.4127 0.2856 0.8649
vn 0.8753 0.4474 -0.1836
vn 0.1944 -0.0664 -0.9787
vn -0.7206 -0.5599 -0.4090
vn -0.5857 -0.3427 0.7345
vn 0.2866 0.2000 0.9369
vn 0.9774 0.2107 -0.0150
vn 0.3009 -0.0074 -0.9536
vn -0.8078 -0.1527 -0.5693
vn -0.8174 -0.0274 0.5755
vn -0.9182 0.2019 0.3409
vn 0.0570 0.0893 0.9944
vn 0.9550 -0.1311 0.2661
vn 0.5379 -0.1541 -0.8288
vn -0.6259 0.0527 -0.7781
vn -0.6721 0.3608 -0.6466
vn -0.7508 0.4919 0.4407
vn 0.1965 0.0566 0.9789
vn 0.9186 -0.3873 0.0783
vn 0.3378 -0.1773 -0.9244
vn 0.7745 -0.6277 0.0776
vn -0.5101 0.4042 -0.7592
vn -0.6183 0.6789 0.3960
vn 0.0610 -0.0826 0.9947
vn 0.5644 -0.7940 0.2259
vn 0.2218 -0.5076 -0.8325
vn -0.7094 0.3381 -0.6184
vn -0.6977 0.4722 0.5387
vn 0.2690 -0.0748 0.9602
vn 0.8410 -0.5384 0.0537
vn 0.2501 -0.2935 -0.9227
vn -0.6330 0.1392 0.7615
vn 0.5387 -0.0415 0.8415
vn 0.9475 -0.2259 -0.2261
vn 0.0589 -0.1660 -0.9844
vn -0.9276 0.0624 -0.3682
vn 0.3324 0.1936 0.9231
vn 0.9744 0.2157 -0.0632
vn 0.2494 0.0102 -0.9683
vn -0.8352 -0.1376 -0.5325
vn -0.7855 -0.0263 0.6184
vn 0.2900 0.3107 0.9052
vn 0.8470 0.5043 -0.1683
vn 0.1310 0.0709 -0.9888
vn -0.8139 -0.3663 -0.4511
vn -0.7283 -0.2310 0.6452
vn 0.3350 0.4184 0.8442
vn 0.6594 0.7194 -0.2183
vn 0.1836 -0.0442 -0.9820
vn -0.4456 -0.8166 -0.3669
vn -0.3485 -0.5290 0.7738
vn 0.3978 0.3082 0.8642
vn 0.8569 0.4825 -0.1816
vn 0.2087 -0.0698 -0.9755
vn -0.6864 -0.6024 -0.4075
vn -0.5691 -0.3690 0.7349
vn 0.2724 0.2167 0.9375
vn 0.9735 0.2287 -0.0069
vn 0.3119 -0.0129 -0.9500
vn -0.7999 -0.1736 -0.5745
vn -0.8243 -0.0355 0.5650
vn -0.9140 0.2079 0.3485
vn 0.0674 0.0929 0.9934
vn 0.9569 -0.1339 0.2576
vn 0.5292 -0.1584 -0.8336
vn -0.6332 0.0538 -0.7721
vn -0.6718 0.3698 -0.6418
vn -0.7422 0.5025 0.4435
vn 0.2036 0.0590 0.9773
vn 0.9166 -0.3933 0.0717
vn 0.3303 -0.1780 -0.9269
vn 0.4624 0.8829 -0.0813
vn -0.4953 0.4228 -0.7589
vn -0.5848 0.7089 0.3943
vn 0.0550 -0.0840 0.9949
vn 0.5170 -0.8245 0.2299
vn 0.1865 -0.5266 -0.8294
vn -0.6974 0.3654 -0.6165
vn -0.6718 0.5097 0.5376
vn 0.2713 -0.0815 0.9590
vn 0.8127 -0.5802 0.0544
vn 0.2291 -0.3173 -0.9202
vn -0.6407 0.1594 0.7510
vn 0.5299 -0.0363 0.8473
vn 0.9467 -0.2429 -0.2115
vn 0.0697 -0.1830 -0.9806
vn -0.9228 0.0687 -0.3790
vn 0.3225 0.2011 0.9250
vn 0.9733 0.2224 -0.0558
vn 0.2569 0.0105 -0.9664
vn -0.8307 -0.1402 -0.5388
vn -0.7913 -0.0247 0.6109
vn 0.2792 0.3178 0.9061
vn 0.8408 0.5156 -0.1650
vn 0.1336 0.0743 -0.9882
vn -0.8096 -0.3710 -0.4549
vn -0.7320 -0.2341 0.6398
vn -0.6276 0.4532 -0.6330
vn 0.4753 0.7844 -0.3985
vn 0.8776 0.0376 0.4779
vn -0.0053 -0.6975 0.7166
vn -0.9088 -0.4167 0.0224
vn -0.6386 0.4840 -0.5983
vn 0.5179 0.6889 -0.5071
vn 0.9470 -0.0265 0.3202
vn 0.0547 -0.6717 0.7388
vn -0.9198 -0.3537 0.1700
vn -0.7397 0.4566 -0.4943
vn 0.4123 0.6558 -0.6324
vn 0.9981 0.0584 0.0183
vn 0.2001 -0.6688 0.7160
vn -0.8697 -0.3600 0.3375
vn -0.8221 0.4626 -0.3319
vn 0.2808 0.6743 -0.6830
vn 0.9927 -0.0608 -0.1038
vn 0.3338 -0.7249 0.6026
vn -0.7901 -0.4022 0.4625
vn -0.8740 0.4508 -0.1813
vn 0.1473 0.6792 -0.7190
vn 0.9448 -0.0805 -0.3176
vn 0.4709 -0.7644 0.4404
vn -0.6619 -0.4856 0.5710
vn -0.3387 0.6320 0.6970
vn -0.6419 0.4566 -0.6160
vn 0.4708 0.7766 -0.4187
vn 0.8936 0.0399 0.4470
vn 0.0160 -0.6868 0.7267
vn -0.9104 -0.4091 0.0624
vn -0.6498 0.4805 -0.5890
vn 0.5047 0.6960 -0.5107
vn 0.9507 -0.0178 0.3097
vn 0.0705 -0.6725 0.7367
vn -0.9143 -0.3626 0.1803
vn -0.7413 0.4594 -0.4894
vn 0.4101 0.6608 -0.6286
vn 0.9977 0.0667 0.0116
vn 0.2022 -0.6715 0.7129
vn -0.8687 -0.3619 0.3382
vn -0.8261 0.4726 -0.3069
vn 0.2699 0.6787 -0.6831
vn 0.9894 -0.0678 -0.1281
vn 0.3429 -0.7327 0.5879
vn -0.7821 -0.3993 0.4784
vn -0.8740 0.4729 -0.1115
vn 0.1184 0.7026 -0.7017
vn 0.9212 -0.0894 -0.3787
vn 0.4849 -0.7904 0.3744
vn -0.6320 -0.5016 0.5908
vn -0.2998 -0.6038 -0.7386
vn -0.6457 0.4612 -0.6085
vn 0.4670 0.7813 -0.4141
vn 0.8936 0.0429 0.4469
vn 0.0184 -0.6858 0.7276
vn -0.9107 -0.4073 0.0682
vn -0.6534 0.4850 -0.5812
vn 0.5009 0.7019 -0.5064
vn 0.9508 -0.0146 0.3096
vn 0.0728 -0.6718 0.7371
vn -0.9139 -0.3613 0.1852
vn -0.7595 0.4756 -0.4438
vn 0.3870 0.6587 -0.6453
vn 0.9967 0.0632 -0.0508
vn 0.2288 -0.6769 0.6996
vn -0.8558 -0.3459 0.3848
vn -0.8428 0.4759 -0.2512
vn 0.2298 0.6946 -0.6817
vn 0.9804 -0.0642 -0.1865
vn 0.3754 -0.7490 0.5460
vn -0.7539 -0.4167 0.5079
vn -0.8790 0.4652 -0.1045
vn 0.1099 0.7154 -0.6900
vn 0.9189 -0.0777 -0.3867
vn 0.4734 -0.8039 0.3600
vn -0.6432 -0.5113 0.5700
vn -0.8044 0.4534 0.3840
vn 0.3145 0.7497 0.5823
vn 0.9993 -0.0266 0.0278
vn 0.3454 -0.7903 -0.5060
vn -0.7850 -0.5338 -0.3143
vn -0.8723 0.4413 0.2105
vn 0.2668 0.7510 0.6039
vn 0.9884 -0.0516 0.1430
vn 0.3439 -0.8022 -0.4880
vn -0.7812 -0.4637 -0.4179
vn -0.8784 0.4741 0.0598
vn 0.1883 0.7932 0.5792
vn 0.9637 -0.0336 0.2650
vn 0.4068 -0.8167 -0.4093
vn -0.6693 -0.5213 -0.5294
vn -0.8434 0.5270 -0.1045
vn 0.1149 0.8685 0.4821
vn 0.9296 -0.0177 0.3682
vn 0.4294 -0.8578 -0.2825
vn -0.6576 -0.5023 -0.5615
vn -0.7750 0.5843 -0.2410
vn 0.1642 0.9195 0.3572
vn 0.9090 0.0134 0.4166
vn 0.4151 -0.8960 -0.1577
vn -0.6290 -0.5357 -0.5634
vn -0.8254 0.4755 0.3042
vn 0.2796 0.7844 0.5536
vn 0.9953 -0.0249 0.0936
vn 0.3643 -0.8243 -0.4333
vn -0.7724 -0.5466 -0.3233
vn -0.8662 0.4783 0.1445
vn 0.2440 0.7996 0.5487
vn 0.9807 -0.0423 0.1911
vn 0.3601 -0.8419 -0.4020
vn -0.7645 -0.4955 -0.4124
vn -0.8572 0.5150 0.0076
vn 0.1960 0.8464 0.4951
vn 0.9592 -0.0233 0.2817
vn 0.3961 -0.8618 -0.3169
vn -0.6893 -0.5417 -0.4811
vn -0.8200 0.5564 -0.1338
vn 0.1733 0.9057 0.3869
vn 0.9387 -0.0073 0.3447
vn 0.3967 -0.8956 -0.2012
vn -0.6856 -0.5370 -0.4915
vn -0.7638 0.5912 -0.2589
vn 0.2256 0.9406 0.2535
vn 0.9330 0.0094 0.3599
vn 0.3768 -0.9220 -0.0896
vn -0.6783 -0.5606 -0.4750
vn -0.0453 -0.5236 0.8508
vn 0.3951 0.1972 -0.8972
vn 0.8690 0.4021 -0.2883
vn -0.1903 0.6743 -0.7135
vn -0.9601 0.0402 -0.2768
vn -0.4887 -0.7249 0.4855
vn 0.6688 -0.5345 0.5168
vn 0.8853 0.4548 -0.0967
vn -0.0568 0.6055 -0.7938
vn -0.8853 -0.1311 -0.4462
vn -0.4799 -0.7463 0.4611
vn 0.6216 -0.3819 0.6839
vn 0.7811 0.5139 0.3547
vn 0.3434 0.5471 -0.7634
vn -0.5084 -0.2228 -0.8318
vn -0.6287 -0.7548 0.1869
vn 0.1798 -0.2880 0.9406
vn 0.1078 0.6280 0.7707
vn 0.5656 0.7647 -0.3089
vn 0.2527 -0.1992 -0.9468
vn -0.3677 -0.8807 -0.2987
vn -0.4695 -0.3711 0.8012
vn -0.4838 0.5789 0.6563
vn 0.2921 0.9460 -0.1404
vn 0.6422 0.0038 -0.7666
vn 0.0495 -0.9431 -0.3289
vn -0.6378 -0.5367 0.5524
vn -0.6844 0.5842 0.4361
vn 0.1591 0.9429 -0.2927
vn 0.7380 -0.0041 -0.6748
vn 0.2515 -0.9504 -0.1828
vn -0.6333 -0.5850 0.5067
vt -1.038605 0.062708
vt -1.097394 0.072287
vt -1.097394 0.058789
vt -1.038605 0.115364
vt -1.097394 0.083731
vt 0.027713 1.097394
vt 0.032996 1.038605
vt 0.014998 1.097394
vt 0.000000 1.038605
vt 0.000000 1.097394
vt -0.014998 1.097394
vt -0.032996 1.038605
vt -0.027713 1.097394
vt 1.038605 0.115364
vt 1.097394 0.072287
vt 1.097394 0.083731
vt 1.038605 0.062708
vt 1.097394 0.058789
vt 1.038605 0.043210
vt 1.097394 0.048290
vt 1.038605 0.026681
vt 1.097394 0.039390
vt -0.027713 -1.097394
vt -0.032996 -1.038605
vt -0.014998 -1.097394
vt -0.000000 -1.038605
vt -0.000000 -1.097394
vt 0.014998 -1.097394
vt 0.032996 -1.038605
vt 0.027713 -1.097394
vt -1.038605 0.026681
vt -1.097394 0.048290
vt -1.097394 0.039390
vt -1.038605 0.043210
vt -0.960220 0.105284
vt -1.038605 0.091205
vt -0.960220 0.144700
vt 0.060969 1.038605
vt 0.052494 0.960220
vt 0.000000 0.960220
vt -0.052494 0.960220
vt -0.060969 1.038605
vt 0.960220 0.144700
vt 1.038605 0.091205
vt 0.960220 0.105284
vt 0.960220 0.031792
vt -0.079660 -1.038605
vt -0.096997 -0.960220
vt -0.060969 -1.038605
vt -0.052494 -0.960220
vt -0.000000 -0.960220
vt 0.052494 -0.960220
vt 0.060969 -1.038605
vt 0.096997 -0.960220
vt 0.079660 -1.038605
vt -0.960220 0.031792
vt -0.960220 0.058789
vt -0.862238 0.111524
vt -0.862238 0.166199
vt 0.096997 0.960220
vt 0.068993 0.862238
vt 0.000000 0.862238
vt -0.068993 0.862238
vt -0.096997 0.960220
vt 0.862238 0.166199
vt 0.862238 0.111524
vt 0.960220 0.058789
vt 0.862238 0.012535
vt -0.126732 -0.960220
vt -0.127482 -0.862238
vt -0.068993 -0.862238
vt -0.000000 -0.862238
vt 0.068993 -0.862238
vt 0.127482 -0.862238
vt 0.126732 -0.960220
vt -0.862238 0.012535
vt -0.862238 0.047031
vt -0.725064 0.103007
vt -0.725064 0.170396
vt 0.127482 0.862238
vt 0.080991 0.725064
vt 0.000000 0.725064
vt -0.080991 0.725064
vt -0.127482 0.862238
vt 0.725064 0.170396
vt 0.725064 0.103007
vt 0.862238 0.047031
vt 0.725064 0.023516
vt -0.195530 -0.725064
vt -0.166563 -0.862238
vt -0.149652 -0.725064
vt -0.080991 -0.725064
vt 0.080991 -0.725064
vt 0.149652 -0.725064
vt 0.195530 -0.725064
vt 0.166563 -0.862238
vt -0.725064 0.023516
vt -0.548697 0.099329
vt -0.548697 0.176890
vt 0.149652 0.725064
vt 0.087740 0.548697
vt 0.000000 0.548697
vt -0.087740 0.548697
vt -0.149652 0.725064
vt 0.548697 0.176890
vt 0.548697 0.099329
vt 0.548697 0.007839
vt 0.725064 -0.028979
vt -0.211824 -0.548697
vt -0.162123 -0.548697
vt -0.087740 -0.548697
vt -0.000000 -0.725064
vt 0.087740 -0.548697
vt 0.162123 -0.548697
vt 0.211824 -0.548697
vt -0.725064 -0.028979
vt -0.548697 0.007839
vt -0.313541 0.098239
vt -0.313541 0.181523
vt 0.167666 0.313541
vt 0.162123 0.548697
vt 0.090740 0.313541
vt -0.090740 0.313541
vt -0.167666 0.313541
vt -0.162123 0.548697
vt 0.313541 0.181523
vt 0.313541 0.098239
vt 0.313541 0.000000
vt 0.548697 -0.065653
vt 0.313541 -0.088490
vt 0.548697 -0.127957
vt -0.167666 -0.313541
vt -0.090740 -0.313541
vt -0.000000 -0.548697
vt 0.090740 -0.313541
vt 0.167666 -0.313541
vt -0.548697 -0.127957
vt -0.313541 -0.088490
vt -0.548697 -0.065653
vt -0.313541 0.000000
vt -0.078385 0.095240
vt -0.078385 0.175980
vt 0.087740 0.078385
vt 0.000000 0.078385
vt 0.000000 0.313541
vt -0.087740 0.078385
vt 0.078385 0.175980
vt 0.078385 0.095240
vt 0.078385 0.000000
vt 0.078385 -0.086991
vt 0.313541 -0.163509
vt -0.162123 -0.078385
vt -0.087740 -0.078385
vt -0.000000 -0.313541
vt 0.087740 -0.078385
vt 0.162123 -0.078385
vt -0.313541 -0.163509
vt -0.078385 -0.086991
vt -0.078385 0.000000
vt 0.176367 0.083991
vt 0.176367 0.155195
vt 0.162123 0.078385
vt 0.075742 -0.176367
vt 0.000000 -0.176367
vt -0.075742 -0.176367
vt -0.162123 0.078385
vt -0.176367 0.155195
vt -0.176367 0.083991
vt -0.176367 0.000000
vt -0.176367 -0.074992
vt 0.078385 -0.160738
vt -0.139953 0.176367
vt -0.075742 0.176367
vt -0.000000 -0.078385
vt 0.075742 0.176367
vt 0.139953 0.176367
vt -0.078385 -0.160738
vt 0.176367 -0.074992
vt 0.176367 0.000000
vt 0.431119 0.065993
vt 0.431119 0.121939
vt 0.139953 -0.176367
vt 0.059244 -0.431119
vt 0.000000 -0.431119
vt -0.059244 -0.431119
vt -0.139953 -0.176367
vt -0.431119 0.121939
vt -0.431119 0.065993
vt -0.431119 -0.056994
vt -0.431119 -0.105311
vt -0.176367 -0.138567
vt -0.059244 0.431119
vt -0.000000 0.431119
vt -0.000000 0.176367
vt 0.059244 0.431119
vt 0.431119 -0.105311
vt 0.176367 -0.138567
vt 0.431119 -0.056994
vt 0.431119 0.000000
vt 0.646678 0.047995
vt 0.646678 0.088683
vt 0.109468 -0.431119
vt 0.042745 -0.646678
vt 0.000000 -0.646678
vt -0.042745 -0.646678
vt -0.109468 -0.431119
vt -0.646678 0.088683
vt -0.646678 0.047995
vt -0.431119 0.000000
vt -0.646678 0.000000
vt -0.646678 -0.040496
vt -0.078983 0.646678
vt -0.109468 0.431119
vt -0.042745 0.646678
vt 0.042745 0.646678
vt 0.078983 0.646678
vt 0.109468 0.431119
vt 0.646678 -0.040496
vt 0.646678 0.000000
vt 0.823045 0.003919
vt 0.823045 0.036916
vt 0.078983 -0.646678
vt 0.027747 -0.823045
vt 0.000000 -0.823045
vt -0.027747 -0.823045
vt -0.078983 -0.646678
vt -0.823045 0.036916
vt -0.823045 0.003919
vt -0.823045 -0.021578
vt -0.823045 -0.043193
vt -0.646678 -0.074826
vt -0.027747 0.823045
vt -0.000000 0.823045
vt -0.000000 0.646678
vt 0.027747 0.823045
vt 0.823045 -0.043193
vt 0.646678 -0.074826
vt 0.823045 -0.021578
vt 0.950421 0.007839
vt 0.950421 0.030336
vt 0.823045 0.064889
vt 0.030485 -0.950421
vt 0.051270 -0.823045
vt 0.000000 -0.950421
vt -0.030485 -0.950421
vt -0.051270 -0.823045
vt -0.823045 0.064889
vt -0.950421 0.030336
vt -0.950421 0.007839
vt -0.950421 -0.008660
vt -0.950421 -0.022646
vt -0.030485 0.950421
vt -0.051270 0.823045
vt -0.016498 0.950421
vt 0.016498 0.950421
vt 0.030485 0.950421
vt 0.051270 0.823045
vt 0.950421 -0.022646
vt 0.950421 -0.008660
vt 1.034685 0.011758
vt 1.034685 0.028256
vt 0.950421 0.049409
vt 0.018014 -1.034685
vt 0.016498 -0.950421
vt 0.000000 -1.034685
vt -0.016498 -0.950421
vt -0.018014 -1.034685
vt -0.950421 0.049409
vt -1.034685 0.028256
vt -1.034685 0.011758
vt -1.034685 0.000509
vt -1.034685 -0.009027
vt -0.009749 1.034685
vt -0.000000 1.034685
vt -0.000000 0.950421
vt 0.009749 1.034685
vt 1.034685 -0.009027
vt 1.034685 0.000509
vt 0.014998 0.033442
vt 0.027713 0.039390
vt 0.027713 0.083731
vt -0.009749 0.051588
vt -0.018014 0.042243
vt 0.009749 0.051588
vt -0.000000 0.058789
vt -0.018336 0.046678
vt 0.007004 0.039193
vt -0.031196 0.038184
vt -0.036673 0.058789
vt 0.022665 0.058789
vt 0.007004 0.078385
vt -0.018336 0.070900
vt -1.074657 0.038184
vt -1.072041 0.058789
vt -1.089555 0.046678
vt -0.011916 -1.074657
vt 0.011333 -1.072041
vt 0.000000 -1.089555
vt 1.074657 0.058789
vt 1.072041 0.039193
vt 1.089555 0.046678
vt -0.011916 1.074657
vt -0.029669 1.072041
vt -0.025341 1.089555
vt 0.031196 1.074657
vt 0.011333 1.072041
vt 0.025341 1.089555
vt -1.089555 0.027081
vt -0.025341 -1.089555
vt 1.089555 0.070900
vt 0.000000 1.089555
vt -1.074657 0.079394
vt -1.089555 0.090496
vt -1.089555 0.070900
vt 0.011916 0.025450
vt 0.029669 0.039193
vt 0.007004 0.039193
vt -0.011333 0.027082
vt -0.031196 0.079394
vt 0.011916 0.092128
vt -0.011333 0.090496
vt 0.007004 0.078385
vt 0.038560 0.058789
vt 0.029669 0.078385
vt -1.107069 0.078385
vt -1.104454 0.058789
vt 0.011916 1.104454
vt 0.029669 1.107069
vt -0.011333 1.107069
vt -0.031196 1.104454
vt 1.107069 0.058789
vt 1.104454 0.079394
vt 1.104454 0.038184
vt -0.011333 -1.107069
vt -0.031196 -1.104454
vt 0.011916 -1.104454
vt 0.025341 -1.089555
vt 0.029669 -1.107069
vt -1.107069 0.039193
vt 1.089555 0.090496
vt 1.072041 0.078385
vt 1.089555 0.027081
vt -0.029669 -1.072041
vt 0.031196 -1.074657
vt 0.152851 0.107780
vt 0.138682 0.098091
vt 0.158263 0.092103
vt -0.890451 0.091296
vt -0.877011 0.098091
vt -0.887836 0.107780
vt 0.170365 0.107780
vt 0.158263 0.123457
vt 0.138682 0.117469
vt -0.905350 0.098091
vt -0.162059 -0.890451
vt -0.144094 -0.887836
vt -0.152851 -0.905350
vt 0.890451 0.107780
vt 0.887836 0.092103
vt 0.905350 0.098091
vt -0.162059 0.890451
vt -0.175777 0.887836
vt -0.172433 0.905350
vt -0.128745 0.890451
vt -0.144094 0.887836
vt -0.133270 0.905350
vt -0.905350 0.082414
vt -0.172433 -0.905350
vt 0.905350 0.117469
vt -0.152851 0.905350
vt -0.890451 0.124263
vt -0.905350 0.133146
vt -0.905350 0.117469
vt -0.143644 -0.920248
vt -0.129925 -0.922864
vt -0.147439 -0.933688
vt -0.176957 0.091296
vt -0.161608 0.082414
vt -0.167020 0.098091
vt 0.920248 0.124263
vt 0.922864 0.107780
vt 0.933688 0.117469
vt -0.143644 0.920248
vt -0.161608 0.922864
vt -0.147439 0.933688
vt -0.920248 0.107780
vt -0.922864 0.123457
vt -0.933688 0.107780
vt -0.135337 0.107780
vt -0.147439 0.123457
vt -0.152851 0.107780
vt -0.129925 0.123457
vt -0.129925 0.922864
vt -0.167020 0.117469
vt -0.161608 0.133146
vt -0.176957 0.124263
vt -0.181190 0.107780
vt 0.920248 0.091296
vt 0.933688 0.098091
vt -0.147439 0.092103
vt -0.161608 -0.922864
vt -0.129925 0.092103
vt -0.922864 0.092103
vt -0.176957 0.920248
vt -0.176957 -0.920248
vt -0.133270 -0.905350
vt 0.905350 0.133146
vt 0.887836 0.123457
vt 0.905350 0.082414
vt -0.175777 -0.887836
vt -0.128745 -0.890451
vt 0.144094 0.133146
vt 0.128745 0.124263
vt -0.158263 0.877011
vt 0.175777 0.123457
vt 0.877011 0.107780
vt 0.175777 0.092103
vt -0.158263 -0.877011
vt -0.877011 0.117469
vt 0.124513 0.107780
vt 0.144094 0.082414
vt 0.128745 0.091296
vt 0.143644 -0.890451
vt 0.161608 -0.887836
vt 0.152851 -0.905350
vt 0.143644 0.890451
vt 0.129925 0.887836
vt 0.133270 0.905350
vt 0.176957 0.890451
vt 0.161608 0.887836
vt 0.172433 0.905350
vt 0.133270 -0.905350
vt 0.152851 0.905350
vt 0.162059 -0.920248
vt 0.175777 -0.922864
vt 0.158263 -0.933688
vt 0.162059 0.920248
vt 0.144094 0.922864
vt 0.158263 0.933688
vt 0.175777 0.922864
vt 0.144094 -0.922864
vt 0.128745 0.920248
vt 0.128745 -0.920248
vt 0.172433 -0.905350
vt 0.129925 -0.887836
vt 0.176957 -0.890451
vt 0.147439 0.877011
vt 0.147439 -0.877011
vt -0.706389 -0.069759
vt -0.787342 -0.066587
vt -0.710084 -0.086553
vt -0.153264 0.705926
vt -0.130375 0.784178
vt -0.135861 0.706389
vt -0.170406 0.708966
vt -0.147770 0.784877
vt 0.713728 -0.086553
vt 0.789031 -0.049786
vt 0.708966 -0.069759
vt 0.797371 -0.083388
vt 0.794206 -0.066587
vt -0.169776 -0.717422
vt -0.146101 -0.796671
vt -0.163495 -0.797371
vt -0.152372 -0.717885
vt -0.129195 -0.792517
vt -0.714846 -0.103347
vt -0.792517 -0.083388
vt -0.784178 -0.049786
vt -0.857067 -0.048053
vt -0.115838 0.855170
vt -0.164675 0.789031
vt -0.132933 0.858435
vt 0.864948 -0.031222
vt 0.870895 -0.048053
vt -0.146764 -0.872791
vt -0.129669 -0.869527
vt -0.863014 -0.064885
vt -0.855170 -0.031222
vt -0.915642 -0.032183
vt -0.093204 0.915461
vt -0.149071 0.864948
vt -0.109384 0.921844
vt 0.931053 -0.015289
vt 0.872791 -0.064885
vt 0.937693 -0.032183
vt -0.120701 -0.937874
vt -0.113530 -0.863014
vt -0.104521 -0.931491
vt -0.922282 -0.049078
vt -0.915461 -0.015289
vt -0.958608 -0.020030
vt -0.064564 0.960860
vt -0.124139 0.931053
vt -0.078522 0.971204
vt 0.983581 -0.003017
vt 0.937874 -0.049078
vt 0.990741 -0.020030
vt -0.086448 -0.988489
vt -0.089766 -0.922282
vt -0.072490 -0.978145
vt -0.965768 -0.037043
vt 0.064564 -0.003017
vt 0.027489 -0.012399
vt 0.057016 -0.020030
vt -0.032687 0.988574
vt -0.090713 0.983581
vt -0.041611 1.003444
vt -0.093996 -0.020030
vt -0.049034 0.004799
vt -0.090713 -0.003017
vt -0.086448 -0.037043
vt -0.050608 -0.012399
vt -0.045411 -1.021056
vt -0.060299 -0.965768
vt -0.036487 -1.006186
vt 0.029064 -0.029598
vt 0.060299 -0.037043
vt 0.032687 0.004799
vt -0.000000 -0.009798
vt 0.000000 0.997768
vt -0.049034 1.019116
vt 0.000000 1.015089
vt 0.000000 0.007523
vt -0.045411 -0.029598
vt 0.000000 -1.032410
vt -0.029064 -0.990514
vt 0.000000 -1.015089
vt -0.000000 -0.027119
vt -0.032687 0.004799
vt -0.027489 -0.012399
vt 0.041611 1.003444
vt 0.032687 0.988574
vt 0.049034 1.019116
vt 0.050608 -0.012399
vt 0.049034 0.004799
vt 0.045411 -0.029598
vt 0.036487 -1.006186
vt 0.045411 -1.021056
vt 0.029064 -0.990514
vt -0.029064 -0.029598
vt -0.064564 -0.003017
vt -0.057016 -0.020030
vt 0.078522 0.971204
vt 0.064564 0.960860
vt 0.090713 0.983581
vt 0.093996 -0.020030
vt 0.090713 -0.003017
vt 0.086448 -0.037043
vt 0.072490 -0.978145
vt 0.086448 -0.988489
vt 0.060299 -0.965768
vt -0.060299 -0.037043
vt 0.958608 -0.020030
vt 0.915461 -0.015289
vt 0.915642 -0.032183
vt 0.109384 0.921844
vt 0.093204 0.915461
vt 0.124139 0.931053
vt -0.983581 -0.003017
vt -0.937693 -0.032183
vt -0.931053 -0.015289
vt -0.990741 -0.020030
vt -0.937874 -0.049078
vt 0.104521 -0.931491
vt 0.120701 -0.937874
vt 0.089766 -0.922282
vt 0.965768 -0.037043
vt 0.922282 -0.049078
vt 0.855170 -0.031222
vt 0.857067 -0.048053
vt 0.132933 0.858435
vt 0.115838 0.855170
vt 0.149071 0.864948
vt -0.870895 -0.048053
vt -0.864948 -0.031222
vt -0.872791 -0.064885
vt 0.129669 -0.869527
vt 0.146764 -0.872791
vt 0.113530 -0.863014
vt 0.863014 -0.064885
vt 0.784178 -0.049786
vt 0.787342 -0.066587
vt 0.147770 0.784877
vt 0.130375 0.784178
vt 0.164675 0.789031
vt -0.794206 -0.066587
vt -0.789031 -0.049786
vt -0.797371 -0.083388
vt 0.146101 -0.796671
vt 0.163495 -0.797371
vt 0.129195 -0.792517
vt 0.792517 -0.083388
vt 0.706389 -0.069759
vt 0.710084 -0.086553
vt 0.153264 0.705926
vt 0.135861 0.706389
vt 0.170406 0.708966
vt -0.713728 -0.086553
vt -0.708966 -0.069759
vt 0.169776 -0.717422
vt 0.152372 -0.717885
vt 0.714846 -0.103347
vt 0.153264 -0.062803
vt 0.135861 -0.069759
vt 0.169776 -0.103347
vt -0.135861 -0.069759
vt -0.170406 -0.069759
vt -0.169776 -0.103347
vt -0.721588 -0.140531
vt -0.782566 -0.191005
vt -0.712583 -0.172036
vt -0.140192 0.726906
vt -0.109101 0.792159
vt -0.114884 0.721588
vt -0.166010 0.725424
vt -0.134003 0.799124
vt 0.718008 -0.172036
vt 0.799383 -0.159485
vt 0.725424 -0.140531
vt 0.783190 -0.222524
vt 0.792782 -0.191005
vt -0.167242 -0.709003
vt -0.137262 -0.776225
vt -0.162164 -0.783190
vt -0.141934 -0.703684
vt -0.111406 -0.775966
vt -0.705167 -0.203542
vt -0.775966 -0.222524
vt -0.855193 -0.177030
vt -0.844570 -0.208611
vt -0.118016 0.865620
vt -0.094368 0.855193
vt -0.143530 0.869742
vt 0.865146 -0.208611
vt 0.869742 -0.177030
vt 0.854522 -0.240193
vt -0.124386 -0.844096
vt -0.148034 -0.854522
vt -0.098872 -0.839973
vt -0.839973 -0.240193
vt -0.907406 -0.191980
vt -0.895994 -0.223688
vt -0.093986 0.921736
vt -0.072510 0.907406
vt -0.118238 0.930590
vt 0.928780 -0.223688
vt 0.930590 -0.191980
vt 0.917368 -0.255397
vt -0.103465 -0.903038
vt -0.124941 -0.917368
vt -0.079213 -0.894184
vt -0.894184 -0.255397
vt -0.944321 -0.203287
vt -0.932586 -0.235234
vt -0.063831 0.963156
vt -0.046248 0.944321
vt -0.084851 0.978060
vt 0.980301 -0.235234
vt 0.978060 -0.203287
vt 0.968567 -0.267181
vt -0.075565 -0.949731
vt -0.093148 -0.968567
vt -0.054545 -0.934828
vt -0.934828 -0.267181
vt 0.042401 -0.235234
vt 0.020490 -0.210164
vt 0.019014 -0.242483
vt -0.031078 0.986748
vt -0.020490 0.963343
vt -0.044575 1.008604
vt -0.084851 -0.203287
vt -0.053076 -0.242483
vt -0.044575 -0.210164
vt -0.096995 -0.235234
vt -0.051600 -0.274802
vt -0.041013 -0.981461
vt -0.051600 -1.004866
vt -0.027515 -0.959605
vt 0.054545 -0.267181
vt 0.027515 -0.274802
vt -0.000000 -0.212391
vt -0.000000 -0.244954
vt 0.000000 0.993533
vt 0.000000 0.967898
vt 0.000000 1.019168
vt 0.000000 -0.277517
vt 0.000000 -0.993533
vt 0.000000 -1.019168
vt 0.000000 -0.967898
vt -0.019014 -0.242483
vt 0.020490 0.963343
vt 0.031078 0.986748
vt 0.044575 -0.210164
vt 0.053076 -0.242483
vt 0.051600 -1.004866
vt 0.041013 -0.981461
vt -0.027515 -0.274802
vt -0.020490 -0.210164
vt -0.042401 -0.235234
vt 0.046248 0.944321
vt 0.044575 1.008604
vt 0.063831 0.963156
vt 0.084851 -0.203287
vt 0.051600 -0.274802
vt 0.096995 -0.235234
vt 0.093148 -0.968567
vt 0.027515 -0.959605
vt 0.075565 -0.949731
vt -0.054545 -0.267181
vt 0.944321 -0.203287
vt 0.895994 -0.223688
vt 0.932586 -0.235234
vt 0.072510 0.907406
vt 0.084851 0.978060
vt 0.093986 0.921736
vt -0.980301 -0.235234
vt -0.930590 -0.191980
vt -0.978060 -0.203287
vt -0.968567 -0.267181
vt -0.928780 -0.223688
vt 0.124941 -0.917368
vt 0.054545 -0.934828
vt 0.103465 -0.903038
vt 0.894184 -0.255397
vt 0.934828 -0.267181
vt 0.907406 -0.191980
vt 0.844570 -0.208611
vt 0.094368 0.855193
vt 0.118238 0.930590
vt 0.118016 0.865620
vt -0.869742 -0.177030
vt -0.917368 -0.255397
vt -0.865146 -0.208611
vt 0.148034 -0.854522
vt 0.079213 -0.894184
vt 0.124386 -0.844096
vt 0.839973 -0.240193
vt 0.855193 -0.177030
vt 0.782566 -0.191005
vt 0.109101 0.792159
vt 0.143530 0.869742
vt 0.134003 0.799124
vt -0.799383 -0.159485
vt -0.854522 -0.240193
vt -0.792782 -0.191005
vt 0.162164 -0.783190
vt 0.098872 -0.839973
vt 0.137262 -0.776225
vt 0.775966 -0.222524
vt 0.721588 -0.140531
vt 0.712583 -0.172036
vt 0.140192 0.726906
vt 0.114884 0.721588
vt 0.166010 0.725424
vt -0.718008 -0.172036
vt -0.725424 -0.140531
vt -0.783190 -0.222524
vt 0.167242 -0.709003
vt 0.111406 -0.775966
vt 0.141934 -0.703684
vt 0.705167 -0.203542
vt 0.166010 -0.140531
vt 0.140192 -0.127481
vt 0.114884 -0.140531
vt -0.167242 -0.203542
vt -0.141934 -0.216591
vt -0.116116 -0.203542
vt -0.000000 -0.262591
vt -0.043341 -0.275307
vt 0.016554 -0.283167
vt -0.819453 -0.284225
vt -0.772018 -0.275307
vt -0.810221 -0.262591
vt 0.053572 -0.262591
vt 0.016554 -0.242015
vt -0.043341 -0.249874
vt -0.872036 -0.275307
vt -0.028164 -0.819453
vt 0.026787 -0.810221
vt 0.000000 -0.872036
vt 0.819453 -0.262591
vt 0.810221 -0.283167
vt 0.872036 -0.275307
vt -0.028164 0.819453
vt -0.070127 0.810221
vt -0.059896 0.872036
vt 0.073736 0.819453
vt 0.026787 0.810221
vt 0.059896 0.872036
vt 0.073736 -0.819453
vt 0.096914 -0.872036
vt 0.059896 -0.872036
vt -0.059896 -0.872036
vt 0.872036 -0.249874
vt 0.000000 0.872036
vt 0.096914 0.872036
vt 0.028164 -0.924619
vt 0.070127 -0.933851
vt 0.016554 -0.972054
vt -0.073736 -0.924619
vt -0.026787 -0.933851
vt -0.043341 -0.972054
vt 0.924619 -0.240956
vt 0.933851 -0.262591
vt 0.972054 -0.249874
vt 0.028164 0.924619
vt -0.026787 0.933851
vt 0.016554 0.972054
vt -0.924619 -0.262591
vt -0.933851 -0.242015
vt -0.972054 -0.262591
vt 0.016554 -0.242015
vt 0.053572 0.972054
vt 0.070127 0.933851
vt -0.043341 0.972054
vt -0.073736 0.924619
vt -0.086682 -0.262591
vt 0.924619 -0.284225
vt 0.972054 -0.275307
vt 0.016554 -0.283167
vt 0.053572 -0.972054
vt -0.933851 -0.283167
vt -0.872036 -0.249874
vt -0.096914 0.872036
vt 0.810221 -0.242015
vt -0.096914 -0.872036
vt -0.070127 -0.810221
vt -0.819453 -0.240956
vt 0.043341 0.772018
vt -0.016554 0.772018
vt -0.053572 0.772018
vt 0.772018 -0.262591
vt -0.053572 -0.772018
vt -0.016554 -0.772018
vt -0.772018 -0.249874
vt 0.043341 -0.772018
vt -0.000000 -0.113659
vt -0.061677 -0.145147
vt 0.023558 -0.164609
vt -0.569556 -0.167230
vt -0.499985 -0.145147
vt -0.556017 -0.113659
vt 0.076238 -0.113659
vt 0.023558 -0.062709
vt -0.061677 -0.082170
vt -0.646678 -0.145147
vt -0.040080 -0.569556
vt 0.038119 -0.556016
vt 0.000000 -0.646678
vt 0.569557 -0.113659
vt 0.556017 -0.164609
vt 0.646678 -0.145147
vt -0.040080 0.569556
vt -0.099796 0.556017
vt -0.085236 0.646678
vt 0.104932 0.569556
vt 0.038119 0.556016
vt 0.085236 0.646678
vt 0.104932 -0.569556
vt 0.137916 -0.646678
vt 0.085236 -0.646678
vt -0.085236 -0.646678
vt 0.646678 -0.082170
vt 0.000000 0.646678
vt 0.137916 0.646678
vt 0.040080 -0.723800
vt 0.099796 -0.737340
vt 0.023558 -0.793372
vt -0.104932 -0.723800
vt -0.038119 -0.737341
vt -0.061677 -0.793372
vt 0.723800 -0.060087
vt 0.737340 -0.113659
vt 0.793372 -0.082170
vt 0.040080 0.723800
vt -0.038119 0.737341
vt 0.023558 0.793372
vt -0.723800 -0.113659
vt -0.737340 -0.062709
vt -0.793371 -0.113659
vt 0.023558 -0.062709
vt 0.099796 -0.062709
vt 0.099796 0.737340
vt -0.061677 0.793372
vt -0.104932 0.723800
vt -0.123355 -0.113659
vt 0.723800 -0.167230
vt 0.793372 -0.145147
vt 0.023558 -0.164609
vt 0.099796 -0.164609
vt -0.737340 -0.164609
vt -0.646678 -0.082170
vt -0.137916 0.646678
vt 0.556017 -0.062709
vt -0.137916 -0.646678
vt -0.099796 -0.556017
vt -0.569556 -0.060087
vt 0.061677 0.499985
vt -0.023558 0.499985
vt 0.499986 -0.113659
vt -0.023558 -0.499985
vt -0.499985 -0.082170
vt 0.061677 -0.499985
vt -0.147615 -0.162171
vt -0.185075 -0.107783
vt -0.195220 -0.114330
vt -0.392752 -0.159765
vt -0.397614 -0.107783
vt -0.399408 -0.158278
vt 0.149060 -0.164577
vt 0.186837 -0.110284
vt 0.144167 -0.159765
vt -0.151191 -0.398656
vt -0.198071 -0.382569
vt -0.149060 -0.392287
vt -0.151191 -0.166064
vt -0.203252 -0.120877
vt -0.211421 -0.051366
vt -0.226786 -0.055473
vt -0.378574 -0.052935
vt -0.395414 -0.051366
vt 0.227003 -0.058011
vt 0.211555 -0.052935
vt 0.382569 -0.118376
vt 0.387886 -0.059580
vt 0.373921 -0.058011
vt 0.395248 -0.120877
vt 0.401169 -0.055473
vt 0.392923 0.011408
vt 0.376790 0.010195
vt -0.222969 0.010945
vt -0.239873 0.011408
vt -0.377354 0.009445
vt -0.393272 0.010945
vt 0.230947 0.008982
vt 0.217452 0.009445
vt 0.236417 -0.059580
vt 0.244803 0.010195
vt 0.374646 0.087489
vt 0.364162 0.083929
vt 0.386541 0.086129
vt -0.209884 0.081729
vt -0.222716 0.086129
vt -0.369577 0.080370
vt -0.383409 0.081729
vt 0.221381 0.083929
vt 0.209059 0.080370
vt 0.191041 0.152878
vt 0.186763 0.150394
vt 0.369427 0.152878
vt -0.188129 0.151929
vt -0.367853 0.147910
vt -0.374613 0.148859
vt 0.181207 0.147910
vt -0.144167 -0.392752
vt -0.191041 0.369427
vt -0.188129 0.375586
vt -0.182051 0.374613
vt -0.146508 -0.162171
vt -0.184130 -0.107783
vt -0.192162 -0.114330
vt 0.402177 -0.159765
vt 0.390356 -0.107783
vt 0.395808 -0.158278
vt 0.149956 -0.164577
vt 0.189311 -0.110284
vt 0.145063 -0.159765
vt 0.150849 -0.395056
vt 0.200545 -0.401572
vt 0.149956 -0.401712
vt -0.150849 -0.166064
vt -0.202307 -0.120877
vt -0.218487 -0.055473
vt 0.403034 -0.110284
vt 0.386900 -0.051366
vt 0.200545 -0.118376
vt 0.218269 -0.052935
vt -0.387989 -0.120877
vt -0.396212 -0.058011
vt -0.401572 -0.118376
vt -0.233852 -0.059580
vt 0.218487 -0.055473
vt 0.231471 0.011408
vt 0.217615 0.010195
vt 0.208856 -0.051366
vt 0.244965 0.010945
vt -0.400865 -0.052935
vt -0.369731 0.009445
vt -0.385649 0.010945
vt -0.233718 -0.058011
vt -0.222545 0.008982
vt -0.239449 0.009445
vt 0.379371 -0.059580
vt 0.386213 0.010195
vt 0.370079 0.008982
vt 0.215764 0.083929
vt 0.228086 0.087489
vt -0.367925 0.086129
vt -0.214429 0.081729
vt 0.376688 0.080370
vt 0.190469 0.152878
vt 0.184913 0.150394
vt -0.372998 0.152878
vt -0.381757 0.087489
vt -0.189626 0.151929
vt -0.227261 0.086129
vt 0.365265 0.148859
vt 0.364793 0.081729
vt 0.207323 0.080370
vt 0.180635 0.147910
vt 0.145063 -0.402177
vt 0.142932 -0.395808
vt 0.190469 0.372998
vt 0.189626 0.366238
vt 0.183548 0.365265
vt -0.145981 -0.149640
vt -0.183085 -0.097938
vt -0.193078 -0.104708
vt -0.471134 -0.147171
vt -0.475990 -0.097938
vt -0.477787 -0.145645
vt 0.147352 -0.152108
vt 0.184766 -0.100524
vt 0.142585 -0.147171
vt -0.149451 -0.477046
vt -0.195798 -0.460961
vt -0.147352 -0.470676
vt -0.149451 -0.153634
vt -0.200935 -0.111478
vt -0.209024 -0.045108
vt -0.224349 -0.049403
vt -0.456983 -0.046748
vt -0.473816 -0.045108
vt 0.224447 -0.052057
vt 0.209085 -0.046748
vt 0.460961 -0.108892
vt 0.466246 -0.053698
vt 0.452304 -0.052057
vt 0.473641 -0.111478
vt 0.479542 -0.049403
vt 0.471337 0.013882
vt 0.455226 0.012622
vt -0.220352 0.013401
vt -0.237256 0.013882
vt -0.455690 0.011844
vt -0.471624 0.013401
vt 0.228430 0.011363
vt 0.214897 0.011844
vt 0.233881 -0.053698
vt 0.242249 0.012622
vt 0.453057 0.088235
vt 0.442554 0.084633
vt 0.464935 0.086859
vt -0.207443 0.082407
vt -0.220250 0.086859
vt -0.447941 0.081031
vt -0.461773 0.082407
vt 0.218982 0.084633
vt 0.206659 0.081031
vt 0.188966 0.152058
vt 0.184709 0.149549
vt 0.447820 0.152058
vt -0.186048 0.151099
vt -0.446232 0.147040
vt -0.452993 0.147998
vt 0.179160 0.147040
vt -0.470676 -0.152108
vt -0.186048 0.453974
vt -0.179987 0.452993
vt -0.179160 0.446232
vt -0.144862 -0.149640
vt -0.182130 -0.097938
vt -0.189987 -0.104708
vt 0.480558 -0.147171
vt 0.468734 -0.097938
vt 0.474188 -0.145645
vt 0.148258 -0.152108
vt 0.187267 -0.100524
vt 0.143491 -0.147171
vt 0.149105 -0.473447
vt 0.198299 -0.479960
vt 0.148258 -0.480100
vt -0.149105 -0.153634
vt -0.199980 -0.111478
vt -0.215965 -0.049403
vt 0.481413 -0.100524
vt 0.465310 -0.045108
vt 0.198299 -0.108892
vt 0.215868 -0.046748
vt -0.466384 -0.111478
vt -0.474574 -0.052057
vt -0.479960 -0.108892
vt -0.231290 -0.053698
vt 0.215965 -0.049403
vt 0.228844 0.013882
vt 0.215025 0.012622
vt 0.206434 -0.045108
vt 0.242376 0.013401
vt -0.479252 -0.046748
vt -0.448149 0.011844
vt -0.464083 0.013401
vt -0.231230 -0.052057
vt -0.220017 0.011363
vt -0.236921 0.011844
vt 0.457740 -0.053698
vt 0.464547 0.012622
vt 0.448436 0.011363
vt 0.213304 0.084633
vt 0.225627 0.088235
vt -0.446331 0.086859
vt -0.212036 0.082407
vt 0.455047 0.081031
vt 0.188388 0.152058
vt 0.182839 0.149549
vt -0.451389 0.152058
vt -0.460163 0.088235
vt -0.187561 0.151099
vt -0.224843 0.086859
vt 0.443647 0.147998
vt 0.443169 0.082407
vt 0.204905 0.081031
vt 0.178582 0.147040
vt 0.473447 -0.153634
vt 0.187561 0.444629
vt 0.181500 0.443647
vt 0.178582 0.449801
vt -0.144124 -0.136232
vt -0.181109 -0.087908
vt -0.190885 -0.094970
vt -0.549512 -0.133673
vt -0.554355 -0.087908
vt -0.556160 -0.132091
vt 0.145390 -0.138792
vt 0.182689 -0.090605
vt 0.140817 -0.133673
vt -0.147433 -0.555444
vt -0.193441 -0.539361
vt -0.145390 -0.549069
vt -0.147433 -0.140374
vt -0.198506 -0.102032
vt -0.206639 -0.038820
vt -0.221908 -0.043333
vt -0.535385 -0.040544
vt -0.552211 -0.038820
vt 0.221887 -0.046122
vt 0.206625 -0.040544
vt 0.539361 -0.099334
vt 0.544615 -0.047846
vt 0.530691 -0.046122
vt 0.552046 -0.102032
vt 0.557915 -0.043333
vt 0.549750 0.016360
vt 0.533663 0.015050
vt -0.217734 0.015860
vt -0.234639 0.016360
vt -0.534026 0.014240
vt -0.549975 0.015860
vt 0.225913 0.013740
vt 0.212341 0.014240
vt 0.231332 -0.047846
vt 0.239694 0.015050
vt 0.531469 0.088982
vt 0.520947 0.085336
vt 0.543329 0.087589
vt -0.205001 0.083083
vt -0.217782 0.087589
vt -0.526305 0.081691
vt -0.540138 0.083083
vt 0.216582 0.085336
vt 0.204260 0.081691
vt 0.186890 0.151239
vt 0.182655 0.148703
vt 0.526212 0.151239
vt -0.183966 0.150270
vt -0.524611 0.146168
vt -0.531372 0.147136
vt 0.177113 0.146168
vt -0.555444 -0.140374
vt -0.183966 0.532362
vt -0.177923 0.531372
vt -0.177113 0.524611
vt -0.142996 -0.136232
vt -0.180146 -0.087908
vt -0.187768 -0.094970
vt 0.558935 -0.133673
vt 0.547099 -0.087908
vt 0.552561 -0.132091
vt 0.146302 -0.138792
vt 0.185211 -0.090605
vt 0.141730 -0.133673
vt 0.147085 -0.551845
vt 0.195963 -0.558357
vt 0.146302 -0.558493
vt -0.147085 -0.140374
vt -0.197543 -0.102032
vt -0.213448 -0.043333
vt 0.559784 -0.090605
vt 0.543712 -0.038820
vt 0.195963 -0.099334
vt 0.213470 -0.040544
vt -0.544790 -0.102032
vt -0.552942 -0.046122
vt -0.558357 -0.099334
vt -0.228718 -0.047846
vt 0.213448 -0.043333
vt 0.226216 0.016360
vt 0.212435 0.015050
vt 0.204024 -0.038820
vt 0.239787 0.015860
vt 0.228731 -0.046122
vt -0.228731 -0.046122
vt -0.217489 0.013740
vt -0.234394 0.014240
vt 0.536116 -0.047846
vt 0.542881 0.015050
vt 0.526793 0.013740
vt 0.210844 0.085336
vt 0.223166 0.088982
vt -0.526569 0.014240
vt -0.524737 0.087589
vt -0.542517 0.015860
vt -0.209644 0.083083
vt 0.533406 0.081691
vt 0.186306 0.151239
vt 0.180764 0.148703
vt -0.529781 0.151239
vt -0.538570 0.088982
vt -0.185496 0.150270
vt -0.222425 0.087589
vt 0.522030 0.147136
vt 0.521546 0.083083
vt 0.202487 0.081691
vt 0.176529 0.146168
vt 0.558493 -0.138792
vt 0.186306 0.529781
vt 0.185496 0.523019
vt 0.179454 0.522030
vt -0.139224 -0.110751
vt -0.175062 -0.067373
vt -0.184457 -0.074919
vt -0.136020 0.627893
vt -0.175062 0.632717
vt -0.135345 0.634535
vt 0.140317 -0.113428
vt 0.176431 -0.070255
vt 0.136020 -0.108074
vt -0.142297 -0.633838
vt -0.186672 -0.617764
vt -0.140317 -0.627462
vt -0.142297 -0.115083
vt -0.191633 -0.082464
vt -0.199706 -0.025310
vt -0.214817 -0.030337
vt -0.632717 -0.067373
vt -0.613783 -0.027230
vt -0.630587 -0.025310
vt 0.214565 -0.033444
vt 0.199550 -0.027230
vt 0.617764 -0.079582
vt 0.622998 -0.035364
vt 0.609093 -0.033444
vt 0.630449 -0.082464
vt 0.636282 -0.030337
vt 0.628682 0.022435
vt 0.612984 0.021033
vt -0.209925 0.021899
vt -0.226805 0.022435
vt -0.611495 0.020167
vt -0.627762 0.021899
vt 0.219855 0.019631
vt 0.205630 0.020167
vt 0.224001 -0.035364
vt 0.232942 0.021033
vt 0.609973 0.091102
vt 0.599364 0.087418
vt 0.621756 0.089695
vt -0.198645 0.085141
vt -0.211374 0.089695
vt -0.604591 0.083733
vt -0.618430 0.085141
vt 0.210426 0.087418
vt 0.198059 0.083733
vt 0.181822 0.150143
vt 0.177631 0.147579
vt 0.604628 0.150143
vt -0.178864 0.149163
vt -0.602970 0.145016
vt -0.609735 0.145995
vt 0.172084 0.145016
vt -0.633838 -0.115083
vt -0.627462 -0.113428
vt -0.627893 -0.108074
vt -0.181822 0.604628
vt -0.178864 0.610760
vt -0.172845 0.609735
vt -0.138057 -0.110751
vt -0.174069 -0.067373
vt -0.181245 -0.074919
vt 0.136964 0.637313
vt 0.174069 0.625466
vt 0.134984 0.630937
vt 0.141261 -0.113428
vt 0.179030 -0.070255
vt 0.136964 -0.108074
vt 0.141936 -0.630240
vt 0.189271 -0.636750
vt 0.141261 -0.636882
vt -0.141936 -0.115083
vt -0.190640 -0.082464
vt -0.206239 -0.030337
vt 0.638151 -0.070255
vt 0.622099 -0.025310
vt 0.625466 -0.067373
vt 0.189271 -0.079582
vt 0.206491 -0.027230
vt -0.623198 -0.082464
vt -0.631314 -0.033444
vt -0.636750 -0.079582
vt -0.221350 -0.035364
vt 0.620330 0.021033
vt 0.608815 -0.030337
vt 0.636004 -0.027230
vt 0.630952 0.022435
vt 0.221506 -0.033444
vt 0.232433 0.021899
vt -0.614511 -0.035364
vt -0.605552 0.020167
vt -0.211258 0.019631
vt 0.218208 0.022435
vt 0.204437 0.087418
vt 0.205121 0.021033
vt 0.216805 0.091102
vt -0.603216 0.089695
vt -0.621819 0.021899
vt -0.203490 0.085141
vt -0.228138 0.020167
vt 0.611672 0.083733
vt 0.604632 0.019631
vt 0.181215 0.150143
vt 0.175667 0.147579
vt -0.608193 0.150143
vt -0.617055 0.091102
vt -0.180453 0.149163
vt -0.216219 0.089695
vt 0.600402 0.145995
vt 0.599889 0.085141
vt 0.196209 0.083733
vt 0.171477 0.145016
vt 0.630240 -0.115083
vt 0.636882 -0.113428
vt 0.637313 -0.108074
vt 0.181215 0.608193
vt 0.180453 0.601427
vt 0.174435 0.600402
vt -0.134938 -0.088455
vt -0.169839 -0.049380
vt -0.178841 -0.057374
vt -0.131848 0.696473
vt -0.169839 0.701278
vt -0.131283 0.703108
vt 0.135851 -0.091244
vt 0.170990 -0.052434
vt 0.131848 -0.085666
vt -0.137761 -0.702438
vt -0.180702 -0.686372
vt -0.135851 -0.696059
vt -0.137761 -0.092968
vt -0.185554 -0.065368
vt -0.193454 -0.013101
vt -0.208430 -0.018594
vt -0.701278 -0.049380
vt -0.682430 -0.015199
vt -0.699209 -0.013101
vt 0.207826 -0.021988
vt 0.193080 -0.015199
vt 0.686372 -0.062314
vt 0.691526 -0.024087
vt 0.677682 -0.021988
vt 0.699059 -0.065368
vt 0.704831 -0.018594
vt 0.697337 0.028266
vt 0.681715 0.026745
vt -0.203056 0.027685
vt -0.219925 0.028266
vt -0.679951 0.025805
vt -0.696247 0.027685
vt 0.213254 0.025225
vt 0.198933 0.025805
vt 0.217313 -0.024087
vt 0.226227 0.026745
vt 0.678642 0.093323
vt 0.667976 0.089554
vt 0.690369 0.091883
vt -0.192224 0.087225
vt -0.204891 0.091883
vt -0.673111 0.085786
vt -0.686951 0.087225
vt 0.204139 0.089554
vt 0.191759 0.085786
vt 0.176383 0.149116
vt 0.172243 0.146503
vt 0.673238 0.149116
vt -0.173402 0.148118
vt -0.671537 0.143891
vt -0.678305 0.144889
vt 0.166704 0.143891
vt -0.696059 -0.091244
vt -0.696473 -0.085666
vt -0.703108 -0.083942
vt -0.176383 0.673238
vt -0.173402 0.679356
vt -0.167420 0.678305
vt -0.133734 -0.088455
vt -0.168816 -0.049380
vt -0.175529 -0.057374
vt 0.132821 0.705890
vt 0.168816 0.694030
vt 0.130911 0.699511
vt 0.136824 -0.091244
vt 0.173669 -0.052434
vt 0.132821 -0.085666
vt 0.137389 -0.698841
vt 0.183381 -0.705346
vt 0.136824 -0.705476
vt -0.137389 -0.092968
vt -0.184531 -0.065368
vt -0.199611 -0.018594
vt 0.706718 -0.052434
vt 0.690745 -0.013101
vt 0.694030 -0.049380
vt 0.183381 -0.062314
vt 0.200216 -0.015199
vt -0.691811 -0.065368
vt -0.699841 -0.021988
vt -0.705346 -0.062314
vt -0.214587 -0.024087
vt 0.688773 0.026745
vt 0.677441 -0.018594
vt 0.704589 -0.015199
vt 0.699518 0.028266
vt 0.214961 -0.021988
vt 0.225625 0.027685
vt -0.683062 -0.024087
vt -0.674241 0.025805
vt -0.204634 0.025225
vt 0.211304 0.028266
vt 0.197969 0.089554
vt 0.198331 0.026745
vt 0.210348 0.093323
vt -0.671868 0.091883
vt -0.690537 0.027685
vt -0.197216 0.087225
vt -0.221502 0.025805
vt 0.680178 0.085786
vt 0.673151 0.025225
vt 0.175757 0.149116
vt 0.170218 0.146503
vt -0.676800 0.149116
vt -0.685708 0.093323
vt -0.175041 0.148118
vt -0.209883 0.091883
vt 0.668980 0.144889
vt 0.668450 0.087225
vt 0.189852 0.085786
vt 0.166078 0.143891
vt 0.698841 -0.092968
vt 0.705476 -0.091244
vt 0.705890 -0.085666
vt 0.175041 0.670032
vt 0.169059 0.668980
vt 0.166078 0.675098
vt -0.190006 0.150910
vt -0.205581 0.101111
vt -0.185690 0.147312
vt 0.194425 0.349862
vt 0.214163 0.291880
vt 0.190006 0.346469
vt -0.349862 0.149535
vt -0.305231 0.096782
vt -0.297971 0.105439
vt 0.192840 0.145088
vt 0.209799 0.094107
vt 0.220988 0.096782
vt 0.351747 0.143714
vt 0.295375 0.101111
vt 0.303627 0.094107
vt 0.239306 0.058124
vt 0.246000 0.050060
vt 0.238311 0.244443
vt 0.225533 0.239306
vt -0.254310 0.045076
vt -0.244443 0.055044
vt 0.223020 0.041996
vt 0.236757 0.045076
vt 0.255272 0.041996
vt 0.189109 0.005905
vt 0.197416 -0.002270
vt -0.225533 0.058124
vt -0.240382 0.002783
vt -0.226846 0.005905
vt -0.191590 0.002783
vt 0.227510 -0.010445
vt 0.240792 -0.007322
vt 0.205032 -0.010445
vt 0.140643 -0.042284
vt 0.148236 -0.049355
vt -0.230590 -0.044985
vt -0.219295 -0.042284
vt -0.147851 -0.053725
vt -0.140405 -0.044985
vt 0.240792 -0.201432
vt 0.222141 -0.152691
vt 0.232349 -0.147851
vt 0.152691 -0.056425
vt 0.092673 -0.090357
vt 0.096549 -0.093929
vt -0.209993 -0.091721
vt -0.204455 -0.090357
vt -0.095514 -0.096136
vt -0.092033 -0.091721
vt 0.211145 -0.095514
vt 0.098305 -0.097500
vt 0.194425 0.149535
vt 0.190006 0.150910
vt -0.211145 -0.096136
vt -0.206320 -0.097500
vt -0.189510 0.150426
vt -0.202424 0.099967
vt -0.185009 0.146695
vt 0.194263 0.262760
vt 0.211355 0.204620
vt 0.189510 0.259352
vt -0.262760 0.149001
vt -0.218510 0.095442
vt -0.210807 0.104493
vt 0.192699 0.144389
vt 0.207021 0.092645
vt 0.218793 0.095442
vt 0.265077 0.142964
vt 0.208500 0.099967
vt 0.217084 0.092645
vt 0.152027 0.057994
vt 0.159024 0.049490
vt 0.235994 0.157366
vt 0.222577 0.152027
vt -0.167663 0.044235
vt -0.157366 0.054746
vt 0.219993 0.040986
vt 0.234397 0.044235
vt 0.168688 0.040986
vt 0.101946 0.006378
vt 0.110733 -0.002256
vt -0.222577 0.057994
vt -0.237888 0.003080
vt -0.223651 0.006378
vt -0.104294 0.003080
vt 0.224613 -0.010890
vt 0.238482 -0.007592
vt 0.118512 -0.010890
vt 0.053898 -0.041011
vt 0.061933 -0.048597
vt -0.226188 -0.043908
vt -0.214389 -0.041011
vt -0.060459 -0.053286
vt -0.052987 -0.043908
vt 0.238482 -0.114532
vt 0.217887 -0.065988
vt 0.228350 -0.060459
vt 0.065988 -0.056184
vt 0.005973 -0.086362
vt 0.010028 -0.090244
vt 0.214389 0.053898
vt 0.201692 0.004861
vt 0.195965 0.005973
vt -0.008228 -0.092643
vt -0.004861 -0.087845
vt 0.203058 -0.008228
vt 0.011422 -0.094126
vt 0.194263 0.149001
vt 0.189510 0.150426
vt -0.195965 -0.086362
vt -0.201692 -0.087845
vt -0.203058 -0.092643
vt -0.187533 0.149331
vt -0.199490 0.099016
vt -0.182707 0.145309
vt 0.192659 0.190432
vt 0.209065 0.131799
vt 0.187533 0.186795
vt -0.190432 0.147795
vt -0.146651 0.094134
vt -0.138399 0.103899
vt 0.191000 0.142823
vt 0.204473 0.091116
vt 0.217128 0.094134
vt 0.192932 0.141286
vt 0.135972 0.099016
vt 0.145151 0.091116
vt 0.079179 0.058179
vt 0.087063 0.049016
vt 0.234317 0.084376
vt 0.219694 0.079179
vt -0.095471 0.043354
vt -0.084376 0.054679
vt 0.217582 0.039854
vt 0.233012 0.043354
vt 0.097132 0.039854
vt 0.029475 0.007213
vt 0.039299 -0.002201
vt -0.219694 0.058179
vt -0.232242 0.003617
vt -0.216821 0.007213
vt -0.031008 0.003617
vt 0.233012 -0.095471
vt 0.218904 -0.046905
vt 0.233530 -0.041781
vt 0.046905 -0.011614
vt -0.018520 -0.038366
vt -0.009968 -0.046674
vt 0.216821 0.029475
vt 0.218027 -0.019799
vt 0.205387 -0.018520
vt 0.012036 -0.051810
vt 0.019799 -0.041539
vt 0.209268 0.005961
vt 0.220426 0.012036
vt -0.005961 -0.054983
vt -0.066451 -0.082341
vt -0.062189 -0.086571
vt 0.193972 -0.067612
vt 0.187816 -0.066451
vt 0.064068 -0.089186
vt 0.067612 -0.083957
vt 0.195369 0.064068
vt -0.060716 -0.090802
vt 0.192659 0.147795
vt 0.187533 0.149331
vt -0.187816 -0.082341
vt -0.195369 -0.089186
vt -0.190076 -0.090802
vt 0.069385 -0.066179
vt 0.001771 -0.007742
vt -0.003830 -0.015045
vt -0.217203 0.071899
vt -0.209154 0.000547
vt -0.219776 0.001771
vt -0.070875 -0.063949
vt 0.005810 -0.019559
vt -0.000547 -0.010531
vt -0.217254 -0.066808
vt -0.208705 0.005810
vt -0.212052 -0.067728
vt -0.008515 -0.022349
vt 0.066808 -0.069789
vt -0.078143 0.036450
vt -0.197337 -0.070045
vt -0.210300 -0.070560
vt 0.077308 0.030862
vt 0.070045 0.042037
vt -0.207697 0.082313
vt -0.195729 0.077308
vt -0.082313 0.027409
vt -0.070560 0.045490
vt -0.152043 0.083833
vt -0.176810 -0.142002
vt -0.189503 -0.144433
vt 0.148109 0.077957
vt 0.142002 0.089709
vt -0.185952 0.154314
vt -0.174615 0.148109
vt -0.154314 0.074326
vt -0.144433 0.093340
vt -0.224678 0.121543
vt -0.157457 -0.218942
vt 0.219298 0.116405
vt 0.215617 0.126681
vt -0.154665 0.224898
vt -0.145683 0.219298
vt -0.224898 0.113230
vt -0.292663 0.151412
vt -0.295305 0.147200
vt -0.147409 -0.215617
vt -0.118284 -0.292663
vt 0.290753 0.149803
vt -0.117076 0.295028
vt -0.112683 0.292215
vt -0.295028 0.142987
vt -0.217254 -0.069789
vt -0.212052 -0.068410
vt -0.212021 -0.063949
vt 0.113429 0.149803
vt 0.112683 0.144596
vt 0.117076 0.142987
vt -0.178366 -0.057237
vt -0.246401 -0.004927
vt -0.251770 -0.012620
vt -0.188473 -0.175878
vt -0.175826 -0.246869
vt -0.186506 -0.246401
vt 0.176486 -0.054904
vt 0.252527 -0.017374
vt 0.246869 -0.007865
vt -0.188226 0.180512
vt -0.175133 0.252527
vt -0.183071 0.179350
vt -0.255556 -0.020313
vt -0.180512 -0.061013
vt -0.325877 0.030344
vt -0.160929 -0.317823
vt -0.173837 -0.318985
vt 0.323996 0.024407
vt 0.317823 0.036280
vt -0.171371 0.328974
vt -0.159405 0.323996
vt -0.328974 0.020738
vt -0.318985 0.039949
vt -0.399399 0.067372
vt -0.139350 -0.390140
vt -0.151977 -0.392828
vt 0.395049 0.061159
vt 0.390140 0.073585
vt -0.149216 0.400771
vt -0.137644 0.395049
vt -0.400771 0.057320
vt -0.392828 0.077425
vt -0.471771 0.094549
vt -0.122374 -0.467073
vt 0.466564 0.089204
vt 0.463855 0.099895
vt -0.120548 0.471456
vt -0.111163 0.466564
vt -0.471456 0.085900
vt -0.540431 0.114831
vt -0.542528 0.110487
vt -0.112292 -0.463855
vt -0.088508 -0.540431
vt 0.538637 0.113171
vt -0.083170 0.539625
vt -0.542030 0.106142
vt -0.188226 -0.061013
vt -0.183071 -0.059571
vt -0.183224 -0.054904
vt 0.083606 0.113171
vt 0.083170 0.107802
vt 0.087803 0.106142
vt 0.204889 0.057544
vt 0.156921 0.112349
vt 0.148749 0.105513
vt -0.185957 0.061225
vt -0.168303 0.109738
vt -0.179469 0.112349
vt -0.204500 0.055269
vt -0.158115 0.109738
vt -0.208434 0.059819
vt 0.184862 0.202309
vt 0.165807 0.150680
vt 0.179398 0.204500
vt 0.144892 0.098677
vt 0.202309 0.053863
vt 0.115515 0.157041
vt 0.103723 0.148933
vt 0.179469 -0.156921
vt 0.149255 -0.123032
vt 0.161032 -0.115515
vt -0.115885 0.143921
vt -0.123032 0.153944
vt -0.150680 0.101288
vt -0.103952 0.140824
vt 0.175429 0.098677
vt 0.161012 0.148933
vt 0.149222 0.140824
vt 0.127148 0.193685
vt 0.119533 0.184025
vt 0.124239 -0.108445
vt 0.127148 -0.093985
vt -0.149255 0.153944
vt -0.114826 0.178055
vt -0.124239 0.189996
vt -0.093985 0.174366
vt -0.108445 0.178055
vt 0.111918 0.174366
vt 0.079572 0.218238
vt 0.072070 0.207226
vt 0.085660 -0.119584
vt 0.079572 -0.107335
vt -0.081921 0.200420
vt -0.085660 0.214032
vt 0.114826 0.108445
vt 0.073521 0.111138
vt 0.081921 0.121934
vt 0.073521 0.196213
vt 0.026710 0.216880
vt 0.031835 -0.149552
vt -0.039691 0.222641
vt 0.031399 0.150011
vt 0.039422 0.157485
vt -0.111138 0.196213
vt -0.145108 0.216880
vt -0.150011 0.207558
vt -0.205039 0.216483
vt -0.202498 0.211600
vt 0.039691 -0.157202
vt -0.011814 -0.205039
vt 0.157485 0.211119
vt 0.208578 0.214618
vt 0.157202 0.222641
vt -0.011345 0.204467
vt -0.006982 0.208225
vt -0.204467 0.206717
vt -0.179398 0.055269
vt -0.180074 0.059819
vt 0.011814 0.216483
vt 0.007272 0.214618
vt 0.006982 0.208583
vt -0.036209 -1.097394
vt 0.036209 -1.097394
vt 0.725064 -0.073481
vt -0.725064 -0.073481
vt 1.034685 0.042243
vt 1.034685 0.051588
vt 0.950421 0.062152
vt 0.009749 -1.034685
vt -0.009749 -1.034685
vt -0.950421 0.062152
vt -1.034685 0.051588
vt -1.034685 0.042243
vt -0.018014 1.034685
vt 0.018014 1.034685
vt 0.036209 0.048290
vt 0.039193 0.058789
vt 0.036209 0.072287
vt 0.014998 0.091377
vt 0.000000 0.094062
vt -0.000000 0.031354
vt -0.014998 0.091377
vt -0.014998 0.033442
vt -0.027713 0.083731
vt -0.036209 0.072287
vt -0.027713 0.039390
vt -0.039193 0.058789
vt -0.036209 0.048290
vt -0.023536 0.028256
vt -0.025475 0.011758
vt 0.025475 0.011758
vt -0.023536 0.000509
vt 0.023536 0.000509
vt -0.018014 -0.009027
vt -0.009749 -0.015399
vt 0.018014 -0.009027
vt 0.000000 -0.017637
vt 0.009749 -0.015399
vt 0.023536 0.028256
vt 0.018014 0.042243
vt -0.000000 0.054870
vt 0.717422 -0.103347
vt -0.135230 -0.714846
vt -0.960860 -0.003017
vt 0.988489 -0.037043
vt 0.000000 1.032410
vt 0.000000 -0.997768
vt 0.960860 -0.003017
vt -0.988489 -0.037043
vt -0.717422 -0.103347
vt 0.135230 -0.714846
vt 0.128391 -0.086553
vt 0.135230 -0.103347
vt 0.152372 -0.110304
vt 0.177246 -0.086553
vt 0.170406 -0.069759
vt -0.135230 -0.103347
vt -0.128391 -0.086553
vt -0.153264 -0.062803
vt -0.177246 -0.086553
vt -0.152372 -0.110304
vt -0.792159 -0.159485
vt -0.159859 0.799383
vt 0.709003 -0.203542
vt -0.116116 -0.705167
vt 0.046248 -0.203287
vt -0.093148 -0.267181
vt -0.046248 -0.203287
vt 0.093148 -0.267181
vt 0.792159 -0.159485
vt 0.159859 0.799383
vt -0.709003 -0.203542
vt 0.116116 -0.705167
vt 0.104911 -0.172036
vt 0.177215 -0.172036
vt 0.116116 -0.203542
vt 0.167242 -0.203542
vt 0.141934 -0.216591
vt -0.104911 -0.172036
vt -0.177215 -0.172036
vt -0.114884 -0.140531
vt -0.166010 -0.140531
vt -0.140192 -0.127481
vt -0.143274 -0.158278
vt -0.384032 -0.110284
vt 0.198071 -0.118376
vt -0.203252 -0.395248
vt 0.367167 0.008982
vt 0.375586 0.151929
vt -0.182051 0.148859
vt -0.143274 -0.399408
vt -0.147615 -0.403057
vt -0.181207 0.367853
vt -0.186763 0.364648
vt -0.142932 -0.158278
vt 0.202307 -0.387989
vt 0.373617 -0.055473
vt 0.400865 -0.052935
vt 0.233718 -0.058011
vt -0.379371 -0.059580
vt 0.395835 0.011408
vt 0.385649 0.010945
vt 0.239449 0.009445
vt -0.370079 0.008982
vt -0.217615 0.010195
vt 0.387172 0.083929
vt -0.366238 0.151929
vt -0.183548 0.148859
vt 0.371423 0.147910
vt 0.376203 0.150394
vt 0.146508 -0.391407
vt 0.180635 0.371423
vt 0.184913 0.376203
vt -0.141738 -0.145645
vt -0.462414 -0.100524
vt 0.195798 -0.108892
vt -0.200935 -0.473641
vt 0.445556 0.011363
vt 0.453974 0.151099
vt -0.179987 0.147998
vt -0.481441 -0.149640
vt -0.477046 -0.153634
vt -0.184709 0.443035
vt -0.188966 0.447820
vt -0.141392 -0.145645
vt 0.199980 -0.466384
vt 0.452015 -0.049403
vt 0.479252 -0.046748
vt 0.231230 -0.052057
vt -0.457740 -0.053698
vt 0.474217 0.013882
vt 0.464083 0.013401
vt 0.236921 0.011844
vt -0.448436 0.011363
vt -0.215025 0.012622
vt 0.465550 0.084633
vt -0.444629 0.151099
vt -0.181500 0.147998
vt 0.449801 0.147040
vt 0.454586 0.149549
vt 0.469793 -0.149640
vt 0.480100 -0.152108
vt 0.182839 0.454586
vt 0.188388 0.451389
vt -0.140035 -0.132091
vt -0.540788 -0.090605
vt 0.193441 -0.099334
vt -0.198506 -0.552046
vt 0.523945 0.013740
vt 0.532362 0.150270
vt -0.177923 0.147136
vt -0.559826 -0.136232
vt -0.549069 -0.138792
vt -0.182655 0.521422
vt -0.186890 0.526212
vt -0.139686 -0.132091
vt 0.197543 -0.544790
vt 0.530412 -0.043333
vt 0.557636 -0.040544
vt -0.536116 -0.047846
vt 0.552599 0.016360
vt 0.542517 0.015860
vt -0.526793 0.013740
vt -0.212435 0.015050
vt 0.543928 0.085336
vt -0.523019 0.150270
vt -0.179454 0.147136
vt 0.528179 0.146168
vt 0.532970 0.148703
vt 0.548178 -0.136232
vt 0.551845 -0.140374
vt 0.176529 0.528179
vt 0.180764 0.532970
vt -0.135345 -0.106419
vt -0.619165 -0.070255
vt 0.186672 -0.079582
vt -0.191633 -0.630449
vt 0.602362 0.019631
vt 0.610760 0.149163
vt -0.172845 0.145995
vt -0.634535 -0.106419
vt -0.638210 -0.110751
vt -0.172084 0.602970
vt -0.177631 0.599813
vt -0.134984 -0.106419
vt 0.179030 0.638151
vt 0.190640 -0.623198
vt 0.197055 -0.025310
vt 0.622281 0.087418
vt -0.601427 0.149163
vt -0.174435 0.145995
vt 0.606534 0.145016
vt 0.611349 0.147579
vt 0.630937 -0.106419
vt 0.626566 -0.110751
vt 0.171477 0.606534
vt 0.175667 0.611349
vt -0.131283 -0.083942
vt -0.170990 0.687743
vt 0.180702 -0.062314
vt -0.185554 -0.699059
vt -0.687743 -0.052434
vt 0.670970 0.025225
vt 0.679356 0.148118
vt -0.167420 0.144889
vt -0.706795 -0.088455
vt -0.702438 -0.092968
vt -0.166704 0.671537
vt -0.172243 0.668405
vt -0.130911 -0.083942
vt 0.173669 0.706718
vt 0.184531 -0.691811
vt 0.190728 -0.013101
vt 0.690844 0.089554
vt -0.670032 0.148118
vt -0.169059 0.144889
vt 0.675098 0.143891
vt 0.679931 0.146503
vt 0.699511 -0.083942
vt 0.695155 -0.088455
vt 0.170218 0.679931
vt 0.175757 0.676800
vt -0.214163 0.108114
vt 0.223685 0.297971
vt -0.353125 0.145088
vt 0.187441 0.143714
vt 0.347633 0.147312
vt 0.291880 0.108114
vt 0.240382 0.191590
vt -0.201432 -0.007322
vt 0.227510 -0.205032
vt 0.206320 -0.098305
vt 0.185690 0.147312
vt -0.202185 -0.093929
vt 0.259352 0.150426
vt 0.204620 0.107290
vt 0.221472 0.210807
vt -0.266298 0.144389
vt 0.186980 0.142964
vt 0.260784 0.146695
vt 0.237888 0.104294
vt -0.114532 -0.007592
vt 0.224613 -0.118512
vt 0.226188 0.052987
vt 0.198176 -0.011422
vt 0.185009 0.146695
vt -0.198176 -0.094126
vt -0.193792 -0.090244
vt 0.186795 0.149331
vt 0.131799 0.106916
vt 0.219966 0.138399
vt -0.194225 0.142823
vt 0.184850 0.141286
vt 0.188340 0.145309
vt 0.232242 0.031008
vt -0.041781 -0.008019
vt 0.218904 -0.011614
vt 0.190076 0.060716
vt 0.182707 0.145309
vt -0.185408 -0.086571
vt -0.193972 -0.083957
vt 0.071899 -0.062570
vt -0.212021 0.070875
vt -0.067728 -0.068410
vt -0.219050 0.008515
vt -0.218942 0.129856
vt -0.113429 -0.290753
vt 0.292215 0.144596
vt -0.217203 -0.062570
vt -0.220437 -0.066179
vt 0.120538 0.147200
vt 0.118284 0.151412
vt -0.175878 -0.053462
vt -0.183224 -0.176486
vt 0.179350 -0.059571
vt -0.185386 0.255556
vt -0.467073 0.103199
vt -0.083606 -0.538637
vt 0.539625 0.107802
vt -0.087803 0.542030
vt -0.188473 -0.053462
vt -0.191564 -0.057237
vt 0.091102 0.110487
vt 0.088508 0.114831
vt 0.208674 0.061225
vt 0.175429 0.144892
vt 0.149222 0.103952
vt 0.183872 0.105513
vt 0.093985 0.193685
vt -0.161032 0.157041
vt -0.141956 0.143921
vt 0.141956 0.115885
vt 0.111918 0.093985
vt 0.031835 0.226201
vt -0.039422 0.211119
vt -0.102115 0.207226
vt -0.149552 0.226201
vt -0.007272 -0.208578
vt 0.208225 0.208583
vt -0.188916 0.057544
vt -0.184862 0.053863
vt 0.011345 0.206717
vt 0.014331 0.211600
s 1
f 17/1/1 2/2/2 1/3/3
f 2/2/2 19/4/4 3/5/5
f 3/6/5 20/7/6 4/8/7
f 4/8/7 21/9/8 5/10/9
f 21/9/8 6/11/10 5/10/9
f 22/12/11 7/13/12 6/11/10
f 23/14/13 8/15/14 7/16/12
f 8/15/14 25/17/15 9/18/16
f 9/18/16 26/19/17 10/20/18
f 10/20/18 27/21/19 11/22/20
f 11/23/20 28/24/21 12/25/22
f 12/25/22 29/26/23 13/27/24
f 29/26/23 14/28/25 13/27/24
f 30/29/26 15/30/27 14/28/25
f 31/31/28 16/32/29 15/33/27
f 32/34/30 1/3/3 16/32/29
f 17/1/1 34/35/31 18/36/32
f 18/36/32 35/37/33 19/4/4
f 19/38/4 36/39/34 20/7/6
f 20/7/6 37/40/35 21/9/8
f 37/40/35 22/12/11 21/9/8
f 38/41/36 23/42/13 22/12/11
f 39/43/37 24/44/38 23/14/13
f 40/45/39 25/17/15 24/44/38
f 25/17/15 42/46/40 26/19/17
f 26/47/17 43/48/41 27/49/19
f 27/49/19 44/50/42 28/24/21
f 28/24/21 45/51/43 29/26/23
f 45/51/43 30/29/26 29/26/23
f 46/52/44 31/53/28 30/29/26
f 47/54/45 32/55/30 31/53/28
f 48/56/46 17/1/1 32/34/30
f 33/57/47 50/58/48 34/35/31
f 34/35/31 51/59/49 35/37/33
f 35/60/33 52/61/50 36/39/34
f 36/39/34 53/62/51 37/40/35
f 53/62/51 38/41/36 37/40/35
f 54/63/52 39/64/37 38/41/36
f 55/65/53 40/45/39 39/43/37
f 56/66/54 41/67/55 40/45/39
f 41/67/55 58/68/56 42/46/40
f 42/69/40 59/70/57 43/48/41
f 43/48/41 60/71/58 44/50/42
f 44/50/42 61/72/59 45/51/43
f 61/72/59 46/52/44 45/51/43
f 62/73/60 47/54/45 46/52/44
f 63/74/61 48/75/46 47/54/45
f 64/76/62 33/57/47 48/56/46
f 49/77/63 66/78/64 50/58/48
f 50/58/48 67/79/65 51/59/49
f 51/80/49 68/81/66 52/61/50
f 52/61/50 69/82/67 53/62/51
f 69/82/67 54/63/52 53/62/51
f 70/83/68 55/84/53 54/63/52
f 71/85/69 56/66/54 55/65/53
f 72/86/70 57/87/71 56/66/54
f 73/88/72 58/68/56 57/87/71
f 74/89/73 59/70/57 58/90/56
f 75/91/74 60/71/58 59/70/57
f 76/92/75 61/72/59 60/71/58
f 61/72/59 78/93/76 62/73/60
f 62/73/60 79/94/77 63/74/61
f 63/74/61 80/95/78 64/96/62
f 64/76/62 65/97/79 49/77/63
f 65/97/79 82/98/80 66/78/64
f 66/78/64 83/99/81 67/79/65
f 67/100/65 84/101/82 68/81/66
f 68/81/66 85/102/83 69/82/67
f 85/102/83 70/83/68 69/82/67
f 86/103/84 71/104/69 70/83/68
f 87/105/85 72/86/70 71/85/69
f 88/106/86 73/88/72 72/86/70
f 89/107/87 74/108/73 73/88/72
f 90/109/88 75/91/74 74/89/73
f 91/110/89 76/92/75 75/91/74
f 92/111/90 77/112/91 76/92/75
f 77/112/91 94/113/92 78/93/76
f 78/93/76 95/114/93 79/94/77
f 79/94/77 96/115/94 80/95/78
f 80/116/78 81/117/95 65/97/79
f 81/117/95 98/118/96 82/98/80
f 82/98/80 99/119/97 83/99/81
f 99/120/97 84/101/82 83/121/81
f 100/122/98 85/102/83 84/101/82
f 85/102/83 102/123/99 86/103/84
f 86/103/84 103/124/100 87/125/85
f 103/126/100 88/106/86 87/105/85
f 104/127/101 89/107/87 88/106/86
f 105/128/102 90/129/88 89/107/87
f 106/130/103 91/131/89 90/129/88
f 107/132/104 92/111/90 91/110/89
f 108/133/105 93/134/106 92/111/90
f 93/134/106 110/135/107 94/113/92
f 94/113/92 111/136/108 95/114/93
f 95/137/93 112/138/109 96/139/94
f 96/139/94 97/140/110 81/117/95
f 97/140/110 114/141/111 98/118/96
f 98/118/96 115/142/112 99/119/97
f 99/120/97 116/143/113 100/122/98
f 100/122/98 117/144/114 101/145/115
f 117/144/114 102/123/99 101/145/115
f 118/146/116 103/124/100 102/123/99
f 119/147/117 104/127/101 103/126/100
f 120/148/118 105/128/102 104/127/101
f 121/149/119 106/130/103 105/128/102
f 122/150/120 107/151/104 106/130/103
f 123/152/121 108/133/105 107/132/104
f 124/153/122 109/154/123 108/133/105
f 109/154/123 126/155/124 110/135/107
f 110/135/107 127/156/125 111/136/108
f 111/157/108 128/158/126 112/138/109
f 112/138/109 113/159/127 97/140/110
f 113/159/127 130/160/128 114/141/111
f 114/141/111 131/161/129 115/142/112
f 115/162/112 132/163/130 116/143/113
f 116/143/113 133/164/131 117/144/114
f 133/164/131 118/146/116 117/144/114
f 134/165/132 119/166/117 118/146/116
f 135/167/133 120/148/118 119/147/117
f 136/168/134 121/149/119 120/148/118
f 137/169/135 122/150/120 121/149/119
f 138/170/136 123/171/121 122/150/120
f 139/172/137 124/153/122 123/152/121
f 140/173/138 125/174/139 124/153/122
f 125/174/139 142/175/140 126/155/124
f 126/155/124 143/176/141 127/156/125
f 127/177/125 144/178/142 128/158/126
f 128/158/126 129/179/143 113/159/127
f 129/179/143 146/180/144 130/160/128
f 130/160/128 147/181/145 131/161/129
f 131/182/129 148/183/146 132/163/130
f 132/163/130 149/184/147 133/164/131
f 149/184/147 134/165/132 133/164/131
f 150/185/148 135/186/133 134/165/132
f 151/187/149 136/168/134 135/167/133
f 152/188/150 137/169/135 136/168/134
f 137/169/135 154/189/151 138/170/136
f 138/170/136 155/190/152 139/191/137
f 139/172/137 156/192/153 140/173/138
f 140/173/138 157/193/154 141/194/155
f 157/193/154 142/175/140 141/194/155
f 158/195/156 143/176/141 142/175/140
f 159/196/157 144/178/142 143/197/141
f 160/198/158 129/179/143 144/178/142
f 145/199/159 162/200/160 146/180/144
f 146/180/144 163/201/161 147/181/145
f 147/202/145 164/203/162 148/183/146
f 148/183/146 165/204/163 149/184/147
f 165/204/163 150/185/148 149/184/147
f 166/205/164 151/206/149 150/185/148
f 167/207/165 152/188/150 151/187/149
f 168/208/166 153/209/167 152/188/150
f 169/210/168 154/189/151 153/209/167
f 170/211/169 155/190/152 154/189/151
f 171/212/170 156/192/153 155/213/152
f 172/214/171 157/193/154 156/192/153
f 157/193/154 174/215/172 158/195/156
f 158/195/156 175/216/173 159/217/157
f 159/196/157 176/218/174 160/198/158
f 160/198/158 161/219/175 145/199/159
f 177/220/176 162/200/160 161/219/175
f 178/221/177 163/201/161 162/200/160
f 163/222/161 180/223/178 164/203/162
f 164/203/162 181/224/179 165/204/163
f 181/224/179 166/205/164 165/204/163
f 182/225/180 167/226/165 166/205/164
f 167/207/165 184/227/181 168/208/166
f 168/208/166 185/228/182 169/210/168
f 169/210/168 186/229/183 170/211/169
f 170/211/169 187/230/184 171/231/170
f 171/212/170 188/232/185 172/214/171
f 172/214/171 189/233/186 173/234/187
f 189/233/186 174/215/172 173/234/187
f 190/235/188 175/216/173 174/215/172
f 191/236/189 176/218/174 175/237/173
f 192/238/190 161/219/175 176/218/174
f 193/239/191 178/221/177 177/220/176
f 194/240/192 179/241/193 178/221/177
f 195/242/194 180/223/178 179/243/193
f 180/223/178 197/244/195 181/224/179
f 197/244/195 182/225/180 181/224/179
f 182/225/180 199/245/196 183/246/197
f 183/247/197 200/248/198 184/227/181
f 184/227/181 201/249/199 185/228/182
f 185/228/182 202/250/200 186/229/183
f 186/229/183 203/251/201 187/230/184
f 203/252/201 188/232/185 187/253/184
f 204/254/202 189/233/186 188/232/185
f 189/233/186 206/255/203 190/235/188
f 190/235/188 207/256/204 191/257/189
f 207/258/204 192/238/190 191/236/189
f 208/259/205 177/220/176 192/238/190
f 209/260/206 194/240/192 193/239/191
f 210/261/207 195/262/194 194/240/192
f 211/263/208 196/264/209 195/242/194
f 196/264/209 213/265/210 197/244/195
f 213/265/210 198/266/211 197/244/195
f 198/266/211 215/267/212 199/245/196
f 199/268/196 216/269/213 200/248/198
f 200/248/198 217/270/214 201/249/199
f 201/249/199 218/271/215 202/250/200
f 202/250/200 219/272/216 203/251/201
f 203/252/201 220/273/217 204/254/202
f 204/254/202 221/274/218 205/275/219
f 221/274/218 206/255/203 205/275/219
f 222/276/220 207/256/204 206/255/203
f 223/277/221 208/259/205 207/258/204
f 224/278/222 193/239/191 208/259/205
f 14/279/25 15/280/27 3/281/5
f 212/282/223 211/283/208 214/284/224
f 225/285/225 238/286/226 237/287/227
f 226/288/228 238/286/226 240/289/229
f 225/285/225 237/287/227 242/290/230
f 225/285/225 242/290/230 244/291/231
f 225/285/225 244/291/231 241/292/232
f 226/293/228 240/294/229 247/295/233
f 227/296/234 239/297/235 249/298/236
f 228/299/237 243/300/238 251/301/239
f 229/302/240 245/303/241 253/304/242
f 230/305/243 246/306/244 255/307/245
f 226/293/228 247/295/233 250/308/246
f 227/296/234 249/298/236 252/309/247
f 228/299/237 251/301/239 254/310/248
f 229/302/240 253/304/242 256/311/249
f 230/312/243 255/313/245 248/314/250
f 231/315/251 257/316/252 262/317/253
f 232/288/254 258/318/255 264/286/256
f 233/319/257 259/289/258 265/292/259
f 234/320/260 260/321/261 266/322/262
f 235/323/263 261/324/264 263/290/265
f 263/290/265 266/322/262 236/285/266
f 263/290/265 261/324/264 266/322/262
f 261/324/264 234/320/260 266/322/262
f 266/322/262 265/292/259 236/285/266
f 266/322/262 260/321/261 265/292/259
f 260/321/261 233/319/257 265/292/259
f 265/292/259 264/286/256 236/285/266
f 265/292/259 259/289/258 264/286/256
f 259/289/258 232/288/254 264/286/256
f 264/286/256 262/317/253 236/285/266
f 264/286/256 258/318/255 262/317/253
f 258/318/255 231/315/251 262/317/253
f 262/317/253 263/290/265 236/285/266
f 262/317/253 257/316/252 263/290/265
f 257/316/252 235/323/263 263/290/265
f 248/314/250 261/325/264 235/326/263
f 248/314/250 255/313/245 261/325/264
f 255/307/245 234/327/260 261/328/264
f 256/311/249 260/329/261 234/327/260
f 256/311/249 253/304/242 260/329/261
f 253/304/242 233/330/257 260/329/261
f 254/310/248 259/331/258 233/332/257
f 254/310/248 251/301/239 259/331/258
f 251/301/239 232/333/254 259/331/258
f 252/309/247 258/334/255 232/335/254
f 252/309/247 249/298/236 258/334/255
f 249/298/236 231/336/251 258/334/255
f 250/337/246 257/338/252 231/336/251
f 250/308/246 247/295/233 257/339/252
f 247/295/233 235/326/263 257/339/252
f 255/307/245 256/311/249 234/327/260
f 255/307/245 246/306/244 256/311/249
f 246/306/244 229/302/240 256/311/249
f 253/340/242 254/310/248 233/332/257
f 253/340/242 245/341/241 254/310/248
f 245/341/241 228/299/237 254/310/248
f 251/301/239 252/342/247 232/333/254
f 251/301/239 243/300/238 252/342/247
f 243/343/238 227/296/234 252/309/247
f 249/298/236 250/337/246 231/336/251
f 249/298/236 239/297/235 250/337/246
f 239/297/235 226/344/228 250/337/246
f 247/295/233 248/314/250 235/326/263
f 247/295/233 240/294/229 248/314/250
f 240/294/229 230/312/243 248/314/250
f 241/292/232 246/321/244 230/319/243
f 241/292/232 244/291/231 246/321/244
f 244/291/231 229/320/240 246/321/244
f 244/291/231 245/324/241 229/320/240
f 244/291/231 242/290/230 245/324/241
f 242/290/230 228/323/237 245/324/241
f 242/290/230 243/316/238 228/323/237
f 242/290/230 237/287/227 243/316/238
f 237/287/227 227/315/234 243/316/238
f 240/289/229 241/292/232 230/319/243
f 240/289/229 238/286/226 241/292/232
f 238/286/226 225/285/225 241/292/232
f 237/287/227 239/318/235 227/315/234
f 237/287/227 238/286/226 239/318/235
f 238/286/226 226/288/228 239/318/235
f 267/345/225 280/346/267 279/347/268
f 268/348/269 280/349/267 282/350/270
f 267/345/225 279/347/268 284/351/271
f 267/345/225 284/351/271 286/352/272
f 267/345/225 286/352/272 283/353/273
f 268/348/269 282/350/270 289/354/274
f 269/355/275 281/356/276 291/357/236
f 270/358/277 285/359/278 293/360/279
f 271/361/280 287/362/281 295/363/282
f 272/364/283 288/365/284 297/366/285
f 268/348/269 289/354/274 292/367/286
f 269/355/275 291/357/236 294/368/287
f 270/358/277 293/360/279 296/369/288
f 271/361/280 295/363/282 298/370/249
f 272/371/283 297/372/285 290/373/289
f 273/374/290 299/375/291 304/376/292
f 274/377/293 300/378/294 306/379/295
f 275/380/296 301/381/297 307/382/298
f 276/383/299 302/384/300 308/385/301
f 277/386/302 303/387/303 305/388/304
f 305/389/304 308/390/301 278/391/266
f 305/389/304 303/392/303 308/390/301
f 303/393/303 276/383/299 308/385/301
f 308/390/301 307/394/298 278/391/266
f 308/390/301 302/395/300 307/394/298
f 302/395/300 275/396/296 307/394/298
f 307/394/298 306/379/295 278/391/266
f 307/394/298 301/397/297 306/379/295
f 301/381/297 274/398/293 306/399/295
f 306/379/295 304/400/292 278/391/266
f 306/379/295 300/378/294 304/400/292
f 300/401/294 273/374/290 304/376/292
f 304/400/292 305/389/304 278/391/266
f 304/400/292 299/402/291 305/389/304
f 299/403/291 277/386/302 305/388/304
f 290/373/289 303/387/303 277/386/302
f 290/373/289 297/372/285 303/387/303
f 297/366/285 276/383/299 303/393/303
f 298/370/249 302/384/300 276/383/299
f 298/370/249 295/363/282 302/384/300
f 295/363/282 275/404/296 302/384/300
f 296/369/288 301/381/297 275/380/296
f 296/369/288 293/360/279 301/381/297
f 293/360/279 274/398/293 301/381/297
f 294/368/287 300/401/294 274/405/293
f 294/368/287 291/357/236 300/401/294
f 291/357/236 273/374/290 300/401/294
f 292/406/286 299/375/291 273/374/290
f 292/367/286 289/354/274 299/403/291
f 289/354/274 277/386/302 299/403/291
f 297/366/285 298/370/249 276/383/299
f 297/366/285 288/365/284 298/370/249
f 288/365/284 271/361/280 298/370/249
f 295/407/282 296/369/288 275/380/296
f 295/407/282 287/408/281 296/369/288
f 287/408/281 270/358/277 296/369/288
f 293/360/279 294/409/287 274/398/293
f 293/360/279 285/359/278 294/409/287
f 285/410/278 269/355/275 294/368/287
f 291/357/236 292/406/286 273/374/290
f 291/357/236 281/356/276 292/406/286
f 281/356/276 268/411/269 292/406/286
f 289/354/274 290/373/289 277/386/302
f 289/354/274 282/350/270 290/373/289
f 282/350/270 272/371/283 290/373/289
f 283/353/273 288/412/284 272/413/283
f 283/353/273 286/352/272 288/412/284
f 286/414/272 271/361/280 288/365/284
f 286/414/272 287/362/281 271/361/280
f 286/352/272 284/351/271 287/415/281
f 284/416/271 270/358/277 287/408/281
f 284/416/271 285/359/278 270/358/277
f 284/351/271 279/347/268 285/417/278
f 279/418/268 269/355/275 285/410/278
f 282/350/270 283/419/273 272/371/283
f 282/420/270 280/346/267 283/353/273
f 280/346/267 267/345/225 283/353/273
f 279/418/268 281/356/276 269/355/275
f 279/347/268 280/346/267 281/421/276
f 280/346/267 268/422/269 281/421/276
f 309/391/225 322/379/267 321/400/268
f 310/348/269 322/349/267 324/350/270
f 309/391/225 321/400/268 326/389/305
f 309/391/225 326/389/305 328/390/272
f 309/391/225 328/390/272 325/394/273
f 310/348/269 324/350/270 331/354/274
f 311/423/275 323/424/276 333/425/236
f 312/358/277 327/359/278 335/360/279
f 313/426/280 329/427/281 337/428/282
f 314/429/283 330/430/284 339/431/285
f 310/348/269 331/354/274 334/367/286
f 311/423/275 333/425/236 336/432/287
f 312/358/277 335/360/279 338/369/288
f 313/426/280 337/428/282 340/433/249
f 314/371/283 339/372/285 332/373/289
f 315/434/290 341/435/291 346/436/292
f 316/422/293 342/421/294 348/346/306
f 317/380/296 343/381/297 349/382/298
f 318/437/299 344/438/300 350/439/301
f 319/386/302 345/387/303 347/388/304
f 347/351/304 350/352/301 320/345/266
f 347/351/304 345/415/303 350/352/301
f 345/440/303 318/437/299 350/439/301
f 350/352/301 349/353/298 320/345/266
f 350/352/301 344/412/300 349/353/298
f 344/412/300 317/413/296 349/353/298
f 349/353/298 348/346/306 320/345/266
f 349/353/298 343/420/297 348/346/306
f 343/381/297 316/398/293 348/399/306
f 348/346/306 346/347/292 320/345/266
f 348/346/306 342/421/294 346/347/292
f 342/441/294 315/434/290 346/436/292
f 346/347/292 347/351/304 320/345/266
f 346/347/292 341/417/291 347/351/304
f 341/403/291 319/386/302 347/388/304
f 332/373/289 345/387/303 319/386/302
f 332/373/289 339/372/285 345/387/303
f 339/431/285 318/437/299 345/440/303
f 340/433/249 344/438/300 318/437/299
f 340/433/249 337/428/282 344/438/300
f 337/428/282 317/442/296 344/438/300
f 338/369/288 343/381/297 317/380/296
f 338/369/288 335/360/279 343/381/297
f 335/360/279 316/398/293 343/381/297
f 336/432/287 342/441/294 316/443/293
f 336/432/287 333/425/236 342/441/294
f 333/425/236 315/434/290 342/441/294
f 334/444/286 341/435/291 315/434/290
f 334/367/286 331/354/274 341/403/291
f 331/354/274 319/386/302 341/403/291
f 339/431/285 340/433/249 318/437/299
f 339/431/285 330/430/284 340/433/249
f 330/430/284 313/426/280 340/433/249
f 337/407/282 338/369/288 317/380/296
f 337/407/282 329/408/281 338/369/288
f 329/408/281 312/358/277 338/369/288
f 335/360/279 336/409/287 316/398/293
f 335/360/279 327/359/278 336/409/287
f 327/445/278 311/423/275 336/432/287
f 333/425/236 334/444/286 315/434/290
f 333/425/236 323/424/276 334/444/286
f 323/424/276 310/446/269 334/444/286
f 331/354/274 332/373/289 319/386/302
f 331/354/274 324/350/270 332/373/289
f 324/350/270 314/371/283 332/373/289
f 325/394/273 330/395/284 314/396/283
f 325/394/273 328/390/272 330/395/284
f 328/447/272 313/426/280 330/430/284
f 328/447/272 329/427/281 313/426/280
f 328/390/272 326/389/305 329/392/281
f 326/416/305 312/358/277 329/408/281
f 326/416/305 327/359/278 312/358/277
f 326/389/305 321/400/268 327/402/278
f 321/448/268 311/423/275 327/445/278
f 324/350/270 325/419/273 314/371/283
f 324/397/270 322/379/267 325/394/273
f 322/379/267 309/391/225 325/394/273
f 321/448/268 323/424/276 311/423/275
f 321/400/268 322/379/267 323/378/276
f 322/379/267 310/377/269 323/378/276
f 352/449/307 359/450/308 351/451/309
f 353/452/310 360/453/311 352/454/307
f 354/455/312 361/456/313 353/452/310
f 355/457/314 362/458/315 354/459/312
f 355/457/314 364/460/316 363/461/317
f 356/462/318 365/463/319 364/464/316
f 357/465/320 366/466/321 365/463/319
f 358/467/322 359/450/308 366/468/321
f 360/469/311 367/470/323 359/450/308
f 361/456/313 368/471/324 360/453/311
f 362/472/315 369/473/325 361/456/313
f 363/461/317 370/474/326 362/458/315
f 364/460/316 371/475/327 363/461/317
f 365/463/319 372/476/328 364/464/316
f 366/466/321 373/477/329 365/463/319
f 359/450/308 374/478/330 366/468/321
f 368/479/324 375/480/331 367/470/323
f 369/473/325 376/481/332 368/471/324
f 370/482/326 377/483/333 369/473/325
f 371/475/327 378/484/334 370/474/326
f 372/485/328 379/486/335 371/475/327
f 373/477/329 380/487/336 372/476/328
f 374/488/330 381/489/337 373/477/329
f 367/470/323 382/490/338 374/478/330
f 376/491/332 383/492/339 375/480/331
f 377/483/333 384/493/340 376/481/332
f 378/494/334 385/495/341 377/483/333
f 379/486/335 386/496/342 378/484/334
f 380/497/336 387/498/343 379/486/335
f 381/489/337 388/499/344 380/487/336
f 382/500/338 389/501/345 381/489/337
f 375/480/331 390/502/346 382/490/338
f 384/503/340 391/504/347 383/505/339
f 385/495/341 392/506/348 384/493/340
f 386/507/342 393/508/349 385/495/341
f 387/509/343 394/510/350 386/511/342
f 388/512/344 395/513/351 387/509/343
f 389/501/345 396/514/352 388/499/344
f 390/515/346 397/516/353 389/501/345
f 383/505/339 398/517/354 390/518/346
f 392/519/348 399/520/355 391/504/347
f 393/508/349 400/521/356 392/506/348
f 394/522/350 401/523/357 393/508/349
f 395/513/351 402/524/358 394/510/350
f 396/525/352 403/520/359 395/513/351
f 397/516/353 404/526/360 396/514/352
f 398/527/354 405/528/361 397/516/353
f 391/504/347 406/529/362 398/517/354
f 399/520/355 408/530/363 407/531/364
f 400/521/356 409/532/365 408/533/363
f 401/523/357 410/534/366 409/532/365
f 402/524/358 411/535/367 410/536/366
f 403/520/359 412/537/368 411/535/367
f 404/526/360 413/538/369 412/539/368
f 405/528/361 414/540/370 413/538/369
f 406/529/362 407/531/364 414/541/370
f 407/531/364 416/542/371 415/543/372
f 408/533/363 417/544/373 416/545/371
f 409/532/365 418/546/374 417/544/373
f 410/536/366 419/547/375 418/548/374
f 411/535/367 420/549/376 419/547/375
f 412/539/368 421/550/377 420/551/376
f 413/538/369 422/552/378 421/550/377
f 414/541/370 415/543/372 422/553/378
f 415/554/372 424/555/379 423/556/380
f 416/545/371 425/557/381 424/558/379
f 417/544/373 426/559/382 425/557/381
f 418/560/374 427/561/383 426/562/382
f 419/563/375 428/564/384 427/561/383
f 420/551/376 429/565/385 428/566/384
f 421/550/377 430/567/386 429/565/385
f 422/568/378 423/556/380 430/569/386
f 423/556/380 432/570/387 431/571/388
f 424/558/379 433/572/389 432/573/387
f 425/557/381 434/574/390 433/572/389
f 426/562/382 435/575/391 434/576/390
f 427/561/383 436/577/392 435/575/391
f 428/566/384 437/578/393 436/579/392
f 429/565/385 438/580/394 437/578/393
f 430/569/386 431/571/388 438/581/394
f 431/571/388 440/582/395 439/583/396
f 432/573/387 441/584/397 440/585/395
f 433/572/389 442/586/398 441/584/397
f 434/576/390 443/587/399 442/588/398
f 435/575/391 444/589/400 443/587/399
f 436/579/392 445/590/401 444/591/400
f 437/578/393 446/592/402 445/590/401
f 438/581/394 439/583/396 446/593/402
f 439/583/396 448/594/403 447/595/404
f 440/585/395 449/596/405 448/597/403
f 441/584/397 450/598/406 449/596/405
f 442/588/398 451/599/407 450/600/406
f 444/589/400 451/599/407 443/587/399
f 445/590/401 452/601/408 444/591/400
f 446/592/402 453/602/409 445/590/401
f 439/583/396 454/603/410 446/593/402
f 353/604/310 352/605/307 356/606/318
f 448/607/403 450/608/406 452/609/408
f 456/610/411 463/611/412 455/612/413
f 457/613/414 464/614/415 456/615/411
f 458/616/416 465/617/417 457/613/414
f 459/618/418 466/619/419 458/620/416
f 459/618/418 468/621/420 467/622/421
f 460/623/422 469/624/423 468/625/420
f 461/626/424 470/627/425 469/624/423
f 462/628/426 463/611/412 470/629/425
f 463/611/412 472/630/427 471/631/428
f 464/614/415 473/632/429 472/633/427
f 465/617/417 474/634/430 473/632/429
f 466/619/419 475/635/431 474/636/430
f 467/622/421 476/637/432 475/635/431
f 468/625/420 477/638/433 476/639/432
f 469/624/423 478/640/434 477/638/433
f 470/629/425 471/631/428 478/641/434
f 471/631/428 480/642/435 479/643/436
f 472/633/427 481/644/437 480/645/435
f 473/632/429 482/646/438 481/644/437
f 474/636/430 483/647/439 482/648/438
f 475/635/431 484/649/440 483/647/439
f 476/639/432 485/650/441 484/651/440
f 477/638/433 486/652/442 485/650/441
f 478/641/434 479/643/436 486/653/442
f 479/643/436 488/654/443 487/655/444
f 480/645/435 489/656/445 488/657/443
f 481/644/437 490/658/446 489/656/445
f 482/648/438 491/659/447 490/660/446
f 483/647/439 492/661/448 491/659/447
f 484/651/440 493/662/449 492/663/448
f 485/650/441 494/664/450 493/662/449
f 486/653/442 487/655/444 494/665/450
f 487/666/444 496/667/451 495/668/452
f 488/657/443 497/669/453 496/670/451
f 489/656/445 498/671/454 497/669/453
f 490/672/446 499/673/455 498/674/454
f 491/675/447 500/676/456 499/673/455
f 492/663/448 501/677/457 500/678/456
f 493/662/449 502/679/458 501/677/457
f 494/680/450 495/668/452 502/681/458
f 495/668/452 504/682/459 503/683/460
f 496/670/451 505/684/461 504/685/459
f 497/669/453 506/686/462 505/684/461
f 498/674/454 507/683/463 506/682/462
f 499/673/455 508/687/464 507/683/463
f 500/678/456 509/688/465 508/689/464
f 501/677/457 510/690/466 509/688/465
f 502/681/458 503/683/460 510/687/466
f 504/682/459 511/691/467 503/683/460
f 505/684/461 512/692/468 504/685/459
f 506/686/462 513/693/469 505/684/461
f 507/683/463 514/694/470 506/682/462
f 508/687/464 515/695/471 507/683/463
f 509/688/465 516/696/472 508/689/464
f 510/690/466 517/697/473 509/688/465
f 503/683/460 518/698/474 510/687/466
f 512/699/468 519/700/475 511/691/467
f 513/693/469 520/701/476 512/692/468
f 514/702/470 521/703/477 513/693/469
f 515/695/471 522/704/478 514/694/470
f 516/705/472 523/706/479 515/695/471
f 517/697/473 524/707/480 516/696/472
f 518/708/474 525/709/481 517/697/473
f 511/691/467 526/710/482 518/698/474
f 520/711/476 527/712/483 519/713/475
f 521/703/477 528/714/484 520/701/476
f 522/715/478 529/716/485 521/703/477
f 523/717/479 530/718/486 522/719/478
f 524/720/480 531/721/487 523/717/479
f 525/709/481 532/722/488 524/707/480
f 526/723/482 533/724/489 525/709/481
f 519/713/475 534/725/490 526/726/482
f 528/727/484 535/728/491 527/712/483
f 529/716/485 536/729/492 528/714/484
f 530/730/486 537/731/493 529/716/485
f 531/721/487 538/732/494 530/718/486
f 532/733/488 539/734/495 531/721/487
f 533/724/489 540/735/496 532/722/488
f 534/736/490 541/737/497 533/724/489
f 527/712/483 542/738/498 534/725/490
f 536/739/492 543/740/499 535/728/491
f 537/731/493 544/741/500 536/729/492
f 538/742/494 545/743/501 537/731/493
f 539/734/495 546/744/502 538/732/494
f 540/745/496 547/746/503 539/734/495
f 541/737/497 548/747/504 540/735/496
f 542/748/498 549/749/505 541/737/497
f 535/728/491 550/750/506 542/738/498
f 543/740/499 552/751/507 551/752/508
f 544/741/500 553/753/509 552/754/507
f 545/743/501 554/755/510 553/753/509
f 546/744/502 555/756/511 554/757/510
f 548/758/504 555/756/511 547/746/503
f 549/749/505 556/759/512 548/747/504
f 550/760/506 557/761/513 549/749/505
f 543/740/499 558/762/514 550/750/506
f 458/763/416 457/764/414 456/765/411
f 556/766/512 557/767/513 558/768/514
f 559/769/515 572/770/516 571/771/517
f 560/772/518 572/773/516 574/774/519
f 559/769/515 571/771/517 576/775/520
f 559/769/515 576/775/520 578/776/521
f 559/769/515 578/776/521 575/777/522
f 560/772/518 574/774/519 581/778/523
f 561/779/524 573/780/525 583/781/236
f 562/782/526 577/783/527 585/784/528
f 563/785/529 579/786/530 587/787/531
f 564/788/532 580/789/533 589/790/534
f 560/791/518 581/792/523 584/793/535
f 561/779/524 583/781/236 586/794/536
f 562/782/526 585/784/528 588/795/537
f 563/785/529 587/787/531 590/796/249
f 564/788/532 589/790/534 582/797/538
f 565/798/539 591/799/540 596/800/541
f 566/801/542 592/802/543 598/803/544
f 567/804/545 593/805/546 599/806/547
f 568/807/548 594/808/549 600/809/550
f 569/810/551 595/811/552 597/812/553
f 597/775/553 600/813/550 570/769/554
f 597/814/553 595/815/552 600/809/550
f 595/815/552 568/807/548 600/809/550
f 600/813/550 599/777/547 570/769/554
f 600/809/550 594/808/549 599/816/547
f 594/808/549 567/817/545 599/816/547
f 599/777/547 598/770/544 570/769/554
f 599/777/547 593/818/546 598/770/544
f 593/805/546 566/819/542 598/820/544
f 598/770/544 596/821/541 570/769/554
f 598/803/544 592/802/543 596/800/541
f 592/802/543 565/798/539 596/800/541
f 596/821/541 597/775/553 570/769/554
f 596/800/541 591/799/540 597/822/553
f 591/823/540 569/810/551 597/812/553
f 582/824/538 595/811/552 569/810/551
f 582/797/538 589/790/534 595/815/552
f 589/790/534 568/807/548 595/815/552
f 590/796/249 594/808/549 568/807/548
f 590/796/249 587/787/531 594/808/549
f 587/787/531 567/817/545 594/808/549
f 588/795/537 593/805/546 567/804/545
f 588/795/537 585/784/528 593/805/546
f 585/784/528 566/819/542 593/805/546
f 586/794/536 592/802/543 566/801/542
f 586/794/536 583/781/236 592/802/543
f 583/781/236 565/798/539 592/802/543
f 584/793/535 591/799/540 565/798/539
f 584/793/535 581/792/523 591/799/540
f 581/778/523 569/810/551 591/823/540
f 589/790/534 590/796/249 568/807/548
f 589/790/534 580/789/533 590/796/249
f 580/789/533 563/785/529 590/796/249
f 587/787/531 588/825/537 567/817/545
f 587/787/531 579/786/530 588/825/537
f 579/826/530 562/782/526 588/795/537
f 585/827/528 586/794/536 566/801/542
f 585/827/528 577/828/527 586/794/536
f 577/828/527 561/779/524 586/794/536
f 583/781/236 584/793/535 565/798/539
f 583/781/236 573/780/525 584/793/535
f 573/780/525 560/791/518 584/793/535
f 581/778/523 582/824/538 569/810/551
f 581/778/523 574/774/519 582/824/538
f 574/774/519 564/829/532 582/824/538
f 575/830/522 580/789/533 564/788/532
f 575/830/522 578/831/521 580/789/533
f 578/831/521 563/785/529 580/789/533
f 578/831/521 579/786/530 563/785/529
f 578/831/521 576/832/520 579/786/530
f 576/833/520 562/782/526 579/826/530
f 576/833/520 577/783/527 562/782/526
f 576/834/520 571/835/517 577/828/527
f 571/835/517 561/779/524 577/828/527
f 574/774/519 575/836/522 564/829/532
f 574/818/519 572/770/516 575/777/522
f 572/770/516 559/769/515 575/777/522
f 571/835/517 573/780/525 561/779/524
f 571/835/517 572/837/516 573/780/525
f 572/837/516 560/791/518 573/780/525
f 601/838/555 614/839/556 613/840/557
f 602/841/558 614/842/556 616/843/559
f 601/838/555 613/840/557 618/844/560
f 601/838/555 618/844/560 620/845/561
f 601/838/555 620/845/561 617/846/562
f 602/841/558 616/843/559 623/847/563
f 603/848/564 615/849/565 625/850/236
f 604/851/566 619/852/567 627/853/568
f 605/854/569 621/855/570 629/856/571
f 606/857/572 622/858/573 631/859/574
f 602/860/558 623/861/563 626/862/575
f 603/848/564 625/850/236 628/863/576
f 604/851/566 627/853/568 630/864/577
f 605/854/569 629/856/571 632/865/249
f 606/857/572 631/859/574 624/866/578
f 607/867/579 633/868/580 638/869/581
f 608/870/582 634/871/583 640/872/584
f 609/873/585 635/874/586 641/875/587
f 610/876/588 636/877/589 642/878/590
f 611/879/591 637/880/592 639/881/593
f 639/844/593 642/882/590 612/838/594
f 639/844/593 637/883/592 642/882/590
f 637/884/592 610/876/588 642/878/590
f 642/882/590 641/846/587 612/838/594
f 642/878/590 636/877/589 641/885/587
f 636/877/589 609/886/585 641/885/587
f 641/846/587 640/839/584 612/838/594
f 641/846/587 635/887/586 640/839/584
f 635/874/586 608/888/582 640/889/584
f 640/839/584 638/890/581 612/838/594
f 640/872/584 634/871/583 638/869/581
f 634/871/583 607/867/579 638/869/581
f 638/890/581 639/844/593 612/838/594
f 638/890/581 633/891/580 639/844/593
f 633/892/580 611/879/591 639/881/593
f 624/893/578 637/880/592 611/879/591
f 624/866/578 631/859/574 637/884/592
f 631/859/574 610/876/588 637/884/592
f 632/865/249 636/877/589 610/876/588
f 632/865/249 629/856/571 636/877/589
f 629/856/571 609/886/585 636/877/589
f 630/864/577 635/874/586 609/873/585
f 630/864/577 627/853/568 635/874/586
f 627/853/568 608/888/582 635/874/586
f 628/863/576 634/871/583 608/870/582
f 628/863/576 625/850/236 634/871/583
f 625/850/236 607/867/579 634/871/583
f 626/862/575 633/868/580 607/867/579
f 626/862/575 623/861/563 633/868/580
f 623/847/563 611/879/591 633/892/580
f 631/859/574 632/865/249 610/876/588
f 631/859/574 622/858/573 632/865/249
f 622/858/573 605/854/569 632/865/249
f 629/856/571 630/894/577 609/886/585
f 629/856/571 621/855/570 630/894/577
f 621/895/570 604/851/566 630/864/577
f 627/896/568 628/863/576 608/870/582
f 627/896/568 619/897/567 628/863/576
f 619/897/567 603/848/564 628/863/576
f 625/850/236 626/862/575 607/867/579
f 625/850/236 615/849/565 626/862/575
f 615/849/565 602/860/558 626/862/575
f 623/847/563 624/893/578 611/879/591
f 623/847/563 616/843/559 624/893/578
f 616/843/559 606/898/572 624/893/578
f 617/899/562 622/858/573 606/857/572
f 617/899/562 620/900/561 622/858/573
f 620/900/561 605/854/569 622/858/573
f 620/900/561 621/855/570 605/854/569
f 620/845/561 618/844/560 621/883/570
f 618/901/560 604/851/566 621/895/570
f 618/901/560 619/852/567 604/851/566
f 618/844/560 613/840/557 619/891/567
f 613/902/557 603/848/564 619/897/567
f 616/843/559 617/903/562 606/898/572
f 616/887/559 614/839/556 617/846/562
f 614/839/556 601/838/555 617/846/562
f 613/902/557 615/849/565 603/848/564
f 613/902/557 614/904/556 615/849/565
f 614/904/556 602/860/558 615/849/565
s 0
f 643/905/595 649/906/595 648/907/595
f 645/908/596 649/909/596 644/910/596
f 646/911/597 650/912/597 645/913/597
f 647/914/598 651/915/598 646/916/598
f 647/917/599 648/907/599 652/918/599
f 648/907/600 654/919/600 653/920/600
f 649/909/601 655/921/601 654/922/601
f 650/912/602 656/923/602 655/924/602
f 651/925/603 657/926/603 656/927/603
f 652/928/604 653/929/604 657/926/604
f 653/929/605 659/930/605 658/931/605
f 654/919/606 660/932/606 659/933/606
f 655/921/607 661/934/607 660/935/607
f 656/923/608 662/936/608 661/937/608
f 657/938/609 658/939/609 662/936/609
f 658/931/610 664/940/610 663/941/610
f 659/930/611 665/942/611 664/940/611
f 660/932/612 666/943/612 665/944/612
f 661/934/613 667/945/613 666/946/613
f 662/936/614 663/947/614 667/948/614
f 663/947/615 669/949/615 668/950/615
f 665/942/616 669/951/616 664/940/616
f 666/943/617 670/952/617 665/944/617
f 666/946/618 672/953/618 671/954/618
f 667/948/619 668/950/619 672/955/619
f 647/914/620 646/916/620 645/956/620
f 669/957/621 670/958/621 671/959/621
f 673/960/622 679/961/622 678/962/622
f 675/963/623 679/964/623 674/965/623
f 676/966/624 680/967/624 675/968/624
f 677/969/625 681/970/625 676/971/625
f 677/972/626 678/962/626 682/973/626
f 679/961/627 683/974/627 678/962/627
f 680/975/628 684/976/628 679/964/628
f 681/977/629 685/978/629 680/967/629
f 682/979/630 686/980/630 681/981/630
f 678/962/631 687/982/631 682/973/631
f 683/983/632 689/984/632 688/985/632
f 684/986/633 690/987/633 689/984/633
f 685/988/634 691/989/634 690/990/634
f 686/991/635 692/992/635 691/993/635
f 687/994/636 688/995/636 692/996/636
f 689/984/637 693/997/637 688/985/637
f 690/987/638 694/998/638 689/984/638
f 691/989/639 695/999/639 690/990/639
f 692/992/640 696/1000/640 691/993/640
f 688/995/641 697/1001/641 692/996/641
f 693/997/642 699/1002/642 698/1003/642
f 695/999/643 699/1004/643 694/1005/643
f 696/1000/644 700/1006/644 695/1007/644
f 697/1001/645 701/1008/645 696/1009/645
f 697/1010/646 698/1003/646 702/1011/646
f 676/971/647 675/1012/647 674/1013/647
f 699/1014/648 700/1015/648 701/1016/648
f 703/1017/649 709/1018/649 708/1019/649
f 705/1020/650 709/1021/650 704/1022/650
f 706/1023/651 710/1024/651 705/1025/651
f 707/1026/652 711/1027/652 706/1028/652
f 707/1029/653 708/1019/653 712/1030/653
f 708/1019/654 714/1031/654 713/1032/654
f 709/1021/655 715/1033/655 714/1034/655
f 710/1024/656 716/1035/656 715/1036/656
f 711/1037/657 717/1038/657 716/1039/657
f 712/1040/658 713/1041/658 717/1038/658
f 713/1041/659 719/1042/659 718/1043/659
f 714/1031/660 720/1044/660 719/1045/660
f 715/1033/661 721/1046/661 720/1047/661
f 716/1035/662 722/1048/662 721/1049/662
f 717/1050/663 718/1051/663 722/1048/663
f 718/1043/664 724/1052/664 723/1053/664
f 719/1042/665 725/1054/665 724/1052/665
f 720/1044/666 726/1055/666 725/1056/666
f 721/1046/667 727/1057/667 726/1058/667
f 722/1048/668 723/1059/668 727/1060/668
f 723/1059/669 729/1061/669 728/1062/669
f 725/1054/670 729/1063/670 724/1052/670
f 726/1055/671 730/1064/671 725/1056/671
f 726/1058/672 732/1065/672 731/1066/672
f 727/1060/673 728/1062/673 732/1067/673
f 706/1068/674 705/1020/674 704/1022/674
f 730/1069/675 731/1070/675 732/1071/675
f 733/1072/676 739/1073/676 738/1074/676
f 735/1075/677 739/1076/677 734/1077/677
f 736/1078/678 740/1079/678 735/1080/678
f 737/1081/679 741/1082/679 736/1083/679
f 737/1084/680 738/1074/680 742/1085/680
f 739/1073/681 743/1086/681 738/1074/681
f 740/1087/682 744/1088/682 739/1076/682
f 741/1089/683 745/1090/683 740/1079/683
f 742/1091/684 746/1092/684 741/1093/684
f 738/1074/685 747/1094/685 742/1085/685
f 743/1095/686 749/1096/686 748/1097/686
f 744/1098/687 750/1099/687 749/1096/687
f 745/1100/688 751/1101/688 750/1102/688
f 746/1103/689 752/1104/689 751/1105/689
f 747/1106/690 748/1107/690 752/1108/690
f 749/1096/691 753/1109/691 748/1097/691
f 750/1099/692 754/1110/692 749/1096/692
f 751/1101/693 755/1111/693 750/1102/693
f 752/1104/694 756/1112/694 751/1105/694
f 748/1107/695 757/1113/695 752/1108/695
f 753/1109/696 759/1114/696 758/1115/696
f 755/1111/697 759/1116/697 754/1117/697
f 756/1112/698 760/1118/698 755/1119/698
f 757/1113/699 761/1120/699 756/1121/699
f 757/1122/700 758/1115/700 762/1123/700
f 737/1124/701 735/1075/701 734/1077/701
f 760/1125/702 761/1126/702 762/1127/702
f 763/1128/703 769/1129/703 768/1130/703
f 765/1131/704 769/1132/704 764/1133/704
f 766/1134/705 770/1135/705 765/1136/705
f 767/1137/706 771/1138/706 766/1139/706
f 767/1140/707 768/1130/707 772/1141/707
f 768/1130/708 774/1142/708 773/1143/708
f 769/1132/709 775/1144/709 774/1145/709
f 770/1135/710 776/1146/710 775/1147/710
f 771/1148/711 777/1149/711 776/1150/711
f 772/1151/712 773/1152/712 777/1149/712
f 773/1152/713 779/1153/713 778/1154/713
f 774/1142/714 780/1155/714 779/1156/714
f 775/1144/715 781/1157/715 780/1158/715
f 776/1146/716 782/1159/716 781/1160/716
f 777/1161/717 778/1162/717 782/1159/717
f 778/1154/718 784/1163/718 783/1164/718
f 779/1153/719 785/1165/719 784/1163/719
f 780/1155/720 786/1166/720 785/1167/720
f 781/1157/721 787/1168/721 786/1169/721
f 782/1159/722 783/1170/722 787/1171/722
f 783/1170/723 789/1172/723 788/1173/723
f 785/1165/724 789/1174/724 784/1163/724
f 786/1166/725 790/1175/725 785/1167/725
f 786/1169/726 792/1176/726 791/1177/726
f 787/1171/727 788/1173/727 792/1178/727
f 767/1179/728 765/1131/728 764/1133/728
f 790/1180/729 791/1181/729 792/1182/729
f 793/1183/730 799/1184/730 798/1185/730
f 795/1186/731 799/1187/731 794/1188/731
f 796/1189/732 800/1190/732 795/1191/732
f 797/1192/733 801/1193/733 796/1194/733
f 797/1195/734 798/1185/734 802/1196/734
f 799/1184/735 803/1197/735 798/1185/735
f 800/1198/736 804/1199/736 799/1187/736
f 801/1200/737 805/1201/737 800/1190/737
f 802/1202/738 806/1203/738 801/1204/738
f 798/1185/739 807/1205/739 802/1196/739
f 803/1206/740 809/1207/740 808/1208/740
f 804/1209/741 810/1210/741 809/1207/741
f 806/1211/742 810/1210/742 805/1201/742
f 806/1212/743 812/1213/743 811/1214/743
f 807/1215/744 808/1216/744 812/1217/744
f 809/1207/745 813/1218/745 808/1208/745
f 810/1210/746 814/1219/746 809/1207/746
f 811/1220/747 815/1221/747 810/1222/747
f 812/1213/748 816/1223/748 811/1214/748
f 808/1216/749 817/1224/749 812/1217/749
f 813/1218/750 819/1225/750 818/1226/750
f 815/1221/751 819/1227/751 814/1228/751
f 816/1223/752 820/1229/752 815/1230/752
f 817/1224/753 821/1231/753 816/1232/753
f 817/1233/754 818/1226/754 822/1234/754
f 796/1235/755 795/1186/755 794/1188/755
f 819/1236/756 820/1237/756 821/1238/756
f 823/1239/757 829/1240/757 828/1241/757
f 825/1242/758 829/1243/758 824/1244/758
f 826/1245/759 830/1246/759 825/1247/759
f 827/1248/760 831/1249/760 826/1250/760
f 827/1251/761 828/1241/761 832/1252/761
f 828/1241/762 834/1253/762 833/1254/762
f 829/1255/763 835/1256/763 834/1257/763
f 830/1246/764 836/1258/764 835/1259/764
f 831/1260/765 837/1261/765 836/1262/765
f 832/1263/766 833/1264/766 837/1261/766
f 833/1264/767 839/1265/767 838/1266/767
f 834/1253/768 840/1267/768 839/1268/768
f 835/1256/769 841/1269/769 840/1270/769
f 836/1258/770 842/1271/770 841/1272/770
f 837/1273/771 838/1274/771 842/1271/771
f 838/1266/772 844/1275/772 843/1276/772
f 839/1265/773 845/1277/773 844/1275/773
f 840/1267/774 846/1278/774 845/1279/774
f 841/1269/775 847/1280/775 846/1281/775
f 842/1271/776 843/1282/776 847/1283/776
f 843/1282/777 849/1284/777 848/1285/777
f 845/1277/778 849/1286/778 844/1275/778
f 846/1278/779 850/1287/779 845/1279/779
f 846/1281/780 852/1288/780 851/1289/780
f 847/1283/781 848/1285/781 852/1290/781
f 827/1291/782 826/1292/782 825/1293/782
f 849/1294/783 850/1295/783 851/1296/783
f 853/1297/784 859/1298/784 858/1299/784
f 855/1300/785 859/1301/785 854/1302/785
f 856/1303/786 860/1304/786 855/1305/786
f 857/1306/787 861/1307/787 856/1308/787
f 857/1309/788 858/1299/788 862/1310/788
f 859/1298/789 863/1311/789 858/1299/789
f 860/1312/790 864/1313/790 859/1314/790
f 861/1315/791 865/1316/791 860/1304/791
f 862/1317/792 866/1318/792 861/1319/792
f 858/1299/793 867/1320/793 862/1310/793
f 864/1313/794 868/1321/794 863/1322/794
f 865/1323/795 869/1324/795 864/1313/795
f 866/1325/796 870/1326/796 865/1316/796
f 867/1327/797 871/1328/797 866/1318/797
f 863/1311/798 872/1329/798 867/1320/798
f 869/1330/799 873/1331/799 868/1332/799
f 870/1326/800 874/1333/800 869/1330/800
f 871/1328/801 875/1334/801 870/1335/801
f 872/1329/802 876/1336/802 871/1337/802
f 868/1321/803 877/1338/803 872/1339/803
f 873/1331/804 879/1340/804 878/1341/804
f 875/1334/805 879/1342/805 874/1343/805
f 876/1336/806 880/1344/806 875/1345/806
f 877/1338/807 881/1346/807 876/1347/807
f 877/1348/808 878/1341/808 882/1349/808
f 857/1350/809 856/1351/809 855/1352/809
f 879/1353/810 880/1354/810 881/1355/810
f 883/1356/811 889/1357/811 888/1358/811
f 885/1359/812 889/1360/812 884/1361/812
f 886/1362/813 890/1363/813 885/1364/813
f 887/1365/814 891/1366/814 886/1367/814
f 887/1368/815 888/1358/815 892/1369/815
f 888/1358/816 894/1370/816 893/1371/816
f 889/1372/817 895/1373/817 894/1374/817
f 890/1363/818 896/1375/818 895/1376/818
f 891/1377/819 897/1378/819 896/1379/819
f 892/1380/820 893/1381/820 897/1378/820
f 893/1381/821 899/1382/821 898/1383/821
f 894/1370/822 900/1384/822 899/1385/822
f 895/1373/823 901/1386/823 900/1387/823
f 896/1375/824 902/1388/824 901/1389/824
f 897/1390/825 898/1391/825 902/1388/825
f 898/1383/826 904/1392/826 903/1393/826
f 899/1382/827 905/1394/827 904/1392/827
f 900/1384/828 906/1395/828 905/1396/828
f 901/1386/829 907/1397/829 906/1398/829
f 902/1388/830 903/1399/830 907/1400/830
f 903/1399/831 909/1401/831 908/1402/831
f 905/1394/832 909/1403/832 904/1392/832
f 906/1395/833 910/1404/833 905/1396/833
f 906/1398/834 912/1405/834 911/1406/834
f 907/1400/835 908/1402/835 912/1407/835
f 886/1408/836 885/1409/836 884/1410/836
f 909/1411/837 910/1412/837 911/1413/837
f 913/1414/838 919/1415/838 918/1416/838
f 915/1417/839 919/1418/839 914/1419/839
f 916/1420/840 920/1421/840 915/1422/840
f 917/1423/841 921/1424/841 916/1425/841
f 917/1426/842 918/1416/842 922/1427/842
f 919/1415/843 923/1428/843 918/1416/843
f 920/1429/844 924/1430/844 919/1431/844
f 921/1432/845 925/1433/845 920/1421/845
f 922/1434/846 926/1435/846 921/1436/846
f 918/1416/847 927/1437/847 922/1427/847
f 924/1430/848 928/1438/848 923/1439/848
f 925/1440/849 929/1441/849 924/1430/849
f 926/1442/850 930/1443/850 925/1433/850
f 927/1444/851 931/1445/851 926/1435/851
f 923/1428/852 932/1446/852 927/1437/852
f 929/1447/853 933/1448/853 928/1449/853
f 930/1443/854 934/1450/854 929/1447/854
f 931/1445/855 935/1451/855 930/1452/855
f 932/1446/856 936/1453/856 931/1454/856
f 928/1438/857 937/1455/857 932/1456/857
f 933/1448/858 939/1457/858 938/1458/858
f 935/1451/859 939/1459/859 934/1460/859
f 936/1453/860 940/1461/860 935/1462/860
f 937/1455/861 941/1463/861 936/1464/861
f 937/1465/862 938/1458/862 942/1466/862
f 917/1467/863 916/1468/863 915/1469/863
f 940/1470/864 941/1471/864 942/1472/864
f 944/1473/865 948/1474/865 943/1475/865
f 945/1476/866 949/1477/866 944/1478/866
f 945/1479/867 951/1480/867 950/1481/867
f 946/1482/868 952/1483/868 951/1484/868
f 947/1485/869 948/1486/869 952/1487/869
f 948/1486/870 954/1488/870 953/1489/870
f 949/1477/871 955/1490/871 954/1491/871
f 950/1481/872 956/1492/872 955/1493/872
f 951/1484/873 957/1494/873 956/1495/873
f 952/1487/874 953/1489/874 957/1496/874
f 953/1489/875 959/1497/875 958/1498/875
f 954/1499/876 960/1500/876 959/1501/876
f 956/1492/877 960/1502/877 955/1493/877
f 956/1495/878 962/1503/878 961/1504/878
f 957/1496/879 958/1498/879 962/1505/879
f 958/1498/880 964/1506/880 963/1507/880
f 959/1501/881 965/1508/881 964/1509/881
f 960/1502/882 966/1510/882 965/1511/882
f 961/1512/883 967/1513/883 966/1514/883
f 962/1505/884 963/1507/884 967/1515/884
f 963/1507/885 969/1516/885 968/1517/885
f 964/1509/886 970/1518/886 969/1519/886
f 965/1511/887 971/1520/887 970/1521/887
f 967/1513/888 971/1522/888 966/1514/888
f 963/1507/889 972/1523/889 967/1515/889
f 946/1482/890 945/1524/890 944/1525/890
f 970/1518/891 971/1526/891 972/1527/891
f 974/1528/892 978/1529/892 973/1530/892
f 975/1531/893 979/1532/893 974/1533/893
f 975/1534/894 981/1535/894 980/1536/894
f 976/1537/895 982/1538/895 981/1539/895
f 977/1540/896 978/1541/896 982/1542/896
f 978/1541/897 984/1543/897 983/1544/897
f 979/1532/898 985/1545/898 984/1546/898
f 980/1536/899 986/1547/899 985/1548/899
f 981/1539/900 987/1549/900 986/1550/900
f 982/1542/901 983/1544/901 987/1551/901
f 983/1544/902 989/1552/902 988/1553/902
f 984/1554/903 990/1555/903 989/1556/903
f 986/1547/904 990/1557/904 985/1548/904
f 986/1550/905 992/1558/905 991/1559/905
f 987/1551/906 988/1553/906 992/1560/906
f 988/1553/907 994/1561/907 993/1562/907
f 989/1556/908 995/1563/908 994/1564/908
f 990/1557/909 996/1565/909 995/1566/909
f 991/1567/910 997/1568/910 996/1569/910
f 992/1560/911 993/1562/911 997/1570/911
f 993/1562/912 999/1571/912 998/1572/912
f 994/1573/913 1000/1574/913 999/1575/913
f 995/1566/914 1001/1576/914 1000/1577/914
f 997/1568/915 1001/1578/915 996/1569/915
f 993/1562/916 1002/1579/916 997/1570/916
f 976/1537/917 975/1580/917 974/1581/917
f 999/1582/918 1000/1583/918 1001/1584/918
f 1004/1585/919 1008/1586/919 1003/1587/919
f 1005/1588/920 1009/1589/920 1004/1590/920
f 1005/1591/921 1011/1592/921 1010/1593/921
f 1006/1594/922 1012/1595/922 1011/1596/922
f 1007/1597/923 1008/1598/923 1012/1599/923
f 1008/1598/924 1014/1600/924 1013/1601/924
f 1009/1589/925 1015/1602/925 1014/1603/925
f 1010/1593/926 1016/1604/926 1015/1605/926
f 1011/1596/927 1017/1606/927 1016/1607/927
f 1012/1599/928 1013/1601/928 1017/1608/928
f 1013/1601/929 1019/1609/929 1018/1610/929
f 1014/1611/930 1020/1612/930 1019/1613/930
f 1016/1604/931 1020/1614/931 1015/1605/931
f 1016/1615/932 1022/1616/932 1021/1617/932
f 1017/1608/933 1018/1610/933 1022/1618/933
f 1018/1610/934 1024/1619/934 1023/1620/934
f 1019/1621/935 1025/1622/935 1024/1623/935
f 1020/1614/936 1026/1624/936 1025/1625/936
f 1021/1617/937 1027/1626/937 1026/1627/937
f 1022/1618/938 1023/1620/938 1027/1628/938
f 1023/1620/939 1029/1629/939 1028/1630/939
f 1024/1623/940 1030/1631/940 1029/1632/940
f 1025/1625/941 1031/1633/941 1030/1634/941
f 1027/1626/942 1031/1635/942 1026/1627/942
f 1023/1620/943 1032/1636/943 1027/1628/943
f 1006/1594/944 1005/1637/944 1004/1638/944
f 1029/1639/945 1031/1640/945 1032/1641/945
f 1033/1642/946 1039/1643/946 1038/1644/946
f 1034/1645/947 1040/1646/947 1039/1647/947
f 1035/1648/948 1041/1649/948 1040/1650/948
f 1037/1651/949 1041/1652/949 1036/1653/949
f 1033/1642/950 1042/1654/950 1037/1655/950
f 1039/1643/951 1043/1656/951 1038/1644/951
f 1039/1647/952 1045/1657/952 1044/1658/952
f 1040/1650/953 1046/1659/953 1045/1660/953
f 1041/1652/954 1047/1661/954 1046/1662/954
f 1042/1654/955 1043/1656/955 1047/1663/955
f 1044/1664/956 1048/1665/956 1043/1656/956
f 1044/1658/957 1050/1666/957 1049/1667/957
f 1045/1660/958 1051/1668/958 1050/1669/958
f 1046/1662/959 1052/1670/959 1051/1671/959
f 1043/1656/960 1052/1672/960 1047/1663/960
f 1049/1673/961 1053/1674/961 1048/1665/961
f 1050/1666/962 1054/1675/962 1049/1667/962
f 1050/1669/963 1056/1676/963 1055/1677/963
f 1051/1671/964 1057/1678/964 1056/1679/964
f 1052/1672/965 1053/1674/965 1057/1680/965
f 1053/1674/966 1059/1681/966 1058/1682/966
f 1055/1683/967 1059/1684/967 1054/1675/967
f 1056/1676/968 1060/1685/968 1055/1677/968
f 1056/1679/969 1062/1686/969 1061/1687/969
f 1057/1680/970 1058/1682/970 1062/1688/970
f 1037/1689/971 1036/1690/971 1035/1691/971
f 1060/1692/972 1061/1693/972 1062/1694/972
f 1063/1695/973 1069/1696/973 1068/1697/973
f 1064/1698/974 1070/1699/974 1069/1700/974
f 1065/1701/975 1071/1702/975 1070/1703/975
f 1067/1704/976 1071/1705/976 1066/1706/976
f 1063/1695/977 1072/1707/977 1067/1708/977
f 1069/1696/978 1073/1709/978 1068/1697/978
f 1069/1700/979 1075/1710/979 1074/1711/979
f 1070/1703/980 1076/1712/980 1075/1713/980
f 1071/1705/981 1077/1714/981 1076/1715/981
f 1072/1707/982 1073/1709/982 1077/1716/982
f 1074/1717/983 1078/1718/983 1073/1709/983
f 1074/1711/984 1080/1719/984 1079/1720/984
f 1075/1713/985 1081/1721/985 1080/1722/985
f 1076/1715/986 1082/1723/986 1081/1724/986
f 1073/1709/987 1082/1725/987 1077/1716/987
f 1079/1726/988 1083/1727/988 1078/1718/988
f 1080/1719/989 1084/1728/989 1079/1720/989
f 1080/1722/990 1086/1729/990 1085/1730/990
f 1081/1724/991 1087/1731/991 1086/1732/991
f 1082/1725/992 1083/1727/992 1087/1733/992
f 1083/1727/993 1089/1734/993 1088/1735/993
f 1085/1736/994 1089/1737/994 1084/1728/994
f 1086/1729/995 1090/1738/995 1085/1730/995
f 1087/1731/996 1091/1739/996 1086/1732/996
f 1087/1733/997 1088/1735/997 1092/1740/997
f 1067/1741/998 1066/1742/998 1065/1743/998
f 1090/1744/999 1091/1745/999 1092/1746/999
f 1093/1747/1000 1099/1748/1000 1098/1749/1000
f 1094/1750/1001 1100/1751/1001 1099/1752/1001
f 1096/1753/1002 1100/1754/1002 1095/1755/1002
f 1097/1756/1003 1101/1757/1003 1096/1758/1003
f 1093/1747/1004 1102/1759/1004 1097/1760/1004
f 1098/1749/1005 1104/1761/1005 1103/1762/1005
f 1099/1763/1006 1105/1764/1006 1104/1765/1006
f 1100/1754/1007 1106/1766/1007 1105/1767/1007
f 1101/1768/1008 1107/1769/1008 1106/1766/1008
f 1102/1770/1009 1103/1771/1009 1107/1772/1009
f 1103/1771/1010 1109/1773/1010 1108/1774/1010
f 1104/1765/1011 1110/1775/1011 1109/1776/1011
f 1105/1777/1012 1111/1778/1012 1110/1779/1012
f 1106/1766/1013 1112/1780/1013 1111/1781/1013
f 1107/1772/1014 1108/1774/1014 1112/1782/1014
f 1108/1774/1015 1114/1783/1015 1113/1784/1015
f 1109/1776/1016 1115/1785/1016 1114/1786/1016
f 1110/1779/1017 1116/1787/1017 1115/1788/1017
f 1111/1789/1018 1117/1790/1018 1116/1791/1018
f 1112/1782/1019 1113/1784/1019 1117/1792/1019
f 1114/1783/1020 1118/1793/1020 1113/1784/1020
f 1115/1785/1021 1119/1794/1021 1114/1786/1021
f 1116/1787/1022 1120/1795/1022 1115/1788/1022
f 1116/1791/1023 1122/1796/1023 1121/1797/1023
f 1117/1798/1024 1118/1799/1024 1122/1800/1024
f 1118/1799/1025 1124/1801/1025 1123/1802/1025
f 1120/1803/1026 1124/1804/1026 1119/1794/1026
f 1121/1805/1027 1125/1806/1027 1120/1807/1027
f 1121/1797/1028 1127/1808/1028 1126/1809/1028
f 1122/1800/1029 1123/1802/1029 1127/1810/1029
f 1096/1811/1030 1095/1812/1030 1094/1750/1030
f 1124/1813/1031 1125/1814/1031 1126/1815/1031
s 1
f 17/1/1 18/36/32 2/2/2
f 2/2/2 18/36/32 19/4/4
f 3/6/5 19/38/4 20/7/6
f 4/8/7 20/7/6 21/9/8
f 21/9/8 22/12/11 6/11/10
f 22/12/11 23/42/13 7/13/12
f 23/14/13 24/44/38 8/15/14
f 8/15/14 24/44/38 25/17/15
f 9/18/16 25/17/15 26/19/17
f 10/1816/18 26/47/17 27/49/19
f 11/23/20 27/49/19 28/24/21
f 12/25/22 28/24/21 29/26/23
f 29/26/23 30/29/26 14/28/25
f 30/29/26 31/53/28 15/30/27
f 31/53/28 32/55/30 16/1817/29
f 32/34/30 17/1/1 1/3/3
f 17/1/1 33/57/47 34/35/31
f 18/36/32 34/35/31 35/37/33
f 19/38/4 35/60/33 36/39/34
f 20/7/6 36/39/34 37/40/35
f 37/40/35 38/41/36 22/12/11
f 38/41/36 39/64/37 23/42/13
f 39/43/37 40/45/39 24/44/38
f 40/45/39 41/67/55 25/17/15
f 25/17/15 41/67/55 42/46/40
f 26/47/17 42/69/40 43/48/41
f 27/49/19 43/48/41 44/50/42
f 28/24/21 44/50/42 45/51/43
f 45/51/43 46/52/44 30/29/26
f 46/52/44 47/54/45 31/53/28
f 47/54/45 48/75/46 32/55/30
f 48/56/46 33/57/47 17/1/1
f 33/57/47 49/77/63 50/58/48
f 34/35/31 50/58/48 51/59/49
f 35/60/33 51/80/49 52/61/50
f 36/39/34 52/61/50 53/62/51
f 53/62/51 54/63/52 38/41/36
f 54/63/52 55/84/53 39/64/37
f 55/65/53 56/66/54 40/45/39
f 56/66/54 57/87/71 41/67/55
f 41/67/55 57/87/71 58/68/56
f 42/69/40 58/90/56 59/70/57
f 43/48/41 59/70/57 60/71/58
f 44/50/42 60/71/58 61/72/59
f 61/72/59 62/73/60 46/52/44
f 62/73/60 63/74/61 47/54/45
f 63/74/61 64/96/62 48/75/46
f 64/76/62 49/77/63 33/57/47
f 49/77/63 65/97/79 66/78/64
f 50/58/48 66/78/64 67/79/65
f 51/80/49 67/100/65 68/81/66
f 52/61/50 68/81/66 69/82/67
f 69/82/67 70/83/68 54/63/52
f 70/83/68 71/104/69 55/84/53
f 71/85/69 72/86/70 56/66/54
f 72/86/70 73/88/72 57/87/71
f 73/88/72 74/108/73 58/68/56
f 74/89/73 75/91/74 59/70/57
f 75/91/74 76/92/75 60/71/58
f 76/92/75 77/112/91 61/72/59
f 61/72/59 77/112/91 78/93/76
f 62/73/60 78/93/76 79/94/77
f 63/74/61 79/94/77 80/95/78
f 64/76/62 80/116/78 65/97/79
f 65/97/79 81/117/95 82/98/80
f 66/78/64 82/98/80 83/99/81
f 67/100/65 83/121/81 84/101/82
f 68/81/66 84/101/82 85/102/83
f 85/102/83 86/103/84 70/83/68
f 86/103/84 87/125/85 71/104/69
f 87/105/85 88/106/86 72/86/70
f 88/106/86 89/107/87 73/88/72
f 89/107/87 90/129/88 74/108/73
f 90/129/88 91/131/89 75/1818/74
f 91/110/89 92/111/90 76/92/75
f 92/111/90 93/134/106 77/112/91
f 77/112/91 93/134/106 94/113/92
f 78/93/76 94/113/92 95/114/93
f 79/1819/77 95/137/93 96/139/94
f 80/116/78 96/139/94 81/117/95
f 81/117/95 97/140/110 98/118/96
f 82/98/80 98/118/96 99/119/97
f 99/120/97 100/122/98 84/101/82
f 100/122/98 101/145/115 85/102/83
f 85/102/83 101/145/115 102/123/99
f 86/103/84 102/123/99 103/124/100
f 103/126/100 104/127/101 88/106/86
f 104/127/101 105/128/102 89/107/87
f 105/128/102 106/130/103 90/129/88
f 106/130/103 107/151/104 91/131/89
f 107/132/104 108/133/105 92/111/90
f 108/133/105 109/154/123 93/134/106
f 93/134/106 109/154/123 110/135/107
f 94/113/92 110/135/107 111/136/108
f 95/137/93 111/157/108 112/138/109
f 96/139/94 112/138/109 97/140/110
f 97/140/110 113/159/127 114/141/111
f 98/118/96 114/141/111 115/142/112
f 99/120/97 115/162/112 116/143/113
f 100/122/98 116/143/113 117/144/114
f 117/144/114 118/146/116 102/123/99
f 118/146/116 119/166/117 103/124/100
f 119/147/117 120/148/118 104/127/101
f 120/148/118 121/149/119 105/128/102
f 121/149/119 122/150/120 106/130/103
f 122/150/120 123/171/121 107/151/104
f 123/152/121 124/153/122 108/133/105
f 124/153/122 125/174/139 109/154/123
f 109/154/123 125/174/139 126/155/124
f 110/135/107 126/155/124 127/156/125
f 111/157/108 127/177/125 128/158/126
f 112/138/109 128/158/126 113/159/127
f 113/159/127 129/179/143 130/160/128
f 114/141/111 130/160/128 131/161/129
f 115/162/112 131/182/129 132/163/130
f 116/143/113 132/163/130 133/164/131
f 133/164/131 134/165/132 118/146/116
f 134/165/132 135/186/133 119/166/117
f 135/167/133 136/168/134 120/148/118
f 136/168/134 137/169/135 121/149/119
f 137/169/135 138/170/136 122/150/120
f 138/170/136 139/191/137 123/171/121
f 139/172/137 140/173/138 124/153/122
f 140/173/138 141/194/155 125/174/139
f 125/174/139 141/194/155 142/175/140
f 126/155/124 142/175/140 143/176/141
f 127/177/125 143/197/141 144/178/142
f 128/158/126 144/178/142 129/179/143
f 129/179/143 145/199/159 146/180/144
f 130/160/128 146/180/144 147/181/145
f 131/182/129 147/202/145 148/183/146
f 132/163/130 148/183/146 149/184/147
f 149/184/147 150/185/148 134/165/132
f 150/185/148 151/206/149 135/186/133
f 151/187/149 152/188/150 136/168/134
f 152/188/150 153/209/167 137/169/135
f 137/169/135 153/209/167 154/189/151
f 138/170/136 154/189/151 155/190/152
f 139/172/137 155/213/152 156/192/153
f 140/173/138 156/192/153 157/193/154
f 157/193/154 158/195/156 142/175/140
f 158/195/156 159/217/157 143/176/141
f 159/196/157 160/198/158 144/178/142
f 160/198/158 145/199/159 129/179/143
f 145/199/159 161/219/175 162/200/160
f 146/180/144 162/200/160 163/201/161
f 147/202/145 163/222/161 164/203/162
f 148/183/146 164/203/162 165/204/163
f 165/204/163 166/205/164 150/185/148
f 166/205/164 167/226/165 151/206/149
f 167/207/165 168/208/166 152/188/150
f 168/208/166 169/210/168 153/209/167
f 169/210/168 170/211/169 154/189/151
f 170/211/169 171/231/170 155/190/152
f 171/212/170 172/214/171 156/192/153
f 172/214/171 173/234/187 157/193/154
f 157/193/154 173/234/187 174/215/172
f 158/195/156 174/215/172 175/216/173
f 159/196/157 175/237/173 176/218/174
f 160/198/158 176/218/174 161/219/175
f 177/220/176 178/221/177 162/200/160
f 178/221/177 179/241/193 163/201/161
f 163/222/161 179/243/193 180/223/178
f 164/203/162 180/223/178 181/224/179
f 181/224/179 182/225/180 166/205/164
f 182/225/180 183/246/197 167/226/165
f 167/207/165 183/247/197 184/227/181
f 168/208/166 184/227/181 185/228/182
f 169/210/168 185/228/182 186/229/183
f 170/211/169 186/229/183 187/230/184
f 171/212/170 187/253/184 188/232/185
f 172/214/171 188/232/185 189/233/186
f 189/233/186 190/235/188 174/215/172
f 190/235/188 191/257/189 175/216/173
f 191/236/189 192/238/190 176/218/174
f 192/238/190 177/220/176 161/219/175
f 193/239/191 194/240/192 178/221/177
f 194/240/192 195/262/194 179/241/193
f 195/242/194 196/264/209 180/223/178
f 180/223/178 196/264/209 197/244/195
f 197/244/195 198/266/211 182/225/180
f 182/225/180 198/266/211 199/245/196
f 183/247/197 199/268/196 200/248/198
f 184/227/181 200/248/198 201/249/199
f 185/228/182 201/249/199 202/250/200
f 186/229/183 202/250/200 203/251/201
f 203/252/201 204/254/202 188/232/185
f 204/254/202 205/275/219 189/233/186
f 189/233/186 205/275/219 206/255/203
f 190/235/188 206/255/203 207/256/204
f 207/258/204 208/259/205 192/238/190
f 208/259/205 193/239/191 177/220/176
f 209/260/206 210/261/207 194/240/192
f 210/261/207 211/1820/208 195/262/194
f 211/1820/208 212/1821/223 196/1822/209
f 196/264/209 212/1823/223 213/265/210
f 213/265/210 214/1824/224 198/266/211
f 198/1825/211 214/1826/224 215/1827/212
f 199/268/196 215/1827/212 216/269/213
f 200/248/198 216/269/213 217/270/214
f 201/249/199 217/270/214 218/271/215
f 202/250/200 218/271/215 219/272/216
f 203/252/201 219/1828/216 220/273/217
f 204/254/202 220/273/217 221/274/218
f 221/274/218 222/276/220 206/255/203
f 222/276/220 223/1829/221 207/256/204
f 223/277/221 224/278/222 208/259/205
f 224/278/222 209/260/206 193/239/191
f 16/1830/29 1/1831/3 15/280/27
f 1/1831/3 2/1832/2 15/280/27
f 2/1832/2 3/281/5 15/280/27
f 3/281/5 4/1833/7 14/279/25
f 4/1833/7 5/1834/9 13/1835/24
f 5/1834/9 6/1836/10 13/1835/24
f 13/1835/24 6/1836/10 12/1837/22
f 6/1836/10 7/1838/12 12/1837/22
f 7/1838/12 8/1839/14 11/1840/20
f 12/1837/22 7/1838/12 11/1840/20
f 8/1839/14 9/1841/16 11/1840/20
f 9/1841/16 10/1842/18 11/1840/20
f 13/1835/24 14/279/25 4/1833/7
f 210/1843/207 209/1844/206 217/1845/214
f 209/1844/206 224/1846/222 218/1847/215
f 224/1846/222 223/1848/221 218/1847/215
f 223/1848/221 222/1849/220 219/1850/216
f 218/1847/215 223/1848/221 219/1850/216
f 222/1849/220 221/1851/218 220/1852/217
f 220/1852/217 219/1850/216 222/1849/220
f 218/1847/215 217/1845/214 209/1844/206
f 217/1845/214 216/1853/213 210/1843/207
f 216/1853/213 215/1854/212 210/1843/207
f 215/1854/212 214/284/224 211/283/208
f 210/1843/207 215/1854/212 211/283/208
f 214/284/224 213/1855/210 212/282/223
f 352/449/307 360/469/311 359/450/308
f 353/452/310 361/456/313 360/453/311
f 354/455/312 362/472/315 361/456/313
f 355/457/314 363/461/317 362/458/315
f 355/457/314 356/1856/318 364/460/316
f 356/462/318 357/465/320 365/463/319
f 357/465/320 358/1857/322 366/466/321
f 358/467/322 351/451/309 359/450/308
f 360/469/311 368/479/324 367/470/323
f 361/456/313 369/473/325 368/471/324
f 362/472/315 370/482/326 369/473/325
f 363/461/317 371/475/327 370/474/326
f 364/460/316 372/485/328 371/475/327
f 365/463/319 373/477/329 372/476/328
f 366/466/321 374/488/330 373/477/329
f 359/450/308 367/470/323 374/478/330
f 368/479/324 376/491/332 375/480/331
f 369/473/325 377/483/333 376/481/332
f 370/482/326 378/494/334 377/483/333
f 371/475/327 379/486/335 378/484/334
f 372/485/328 380/497/336 379/486/335
f 373/477/329 381/489/337 380/487/336
f 374/488/330 382/500/338 381/489/337
f 367/470/323 375/480/331 382/490/338
f 376/491/332 384/1858/340 383/492/339
f 377/483/333 385/495/341 384/493/340
f 378/494/334 386/507/342 385/495/341
f 379/486/335 387/498/343 386/496/342
f 380/497/336 388/1859/344 387/498/343
f 381/489/337 389/501/345 388/499/344
f 382/500/338 390/515/346 389/501/345
f 375/480/331 383/492/339 390/502/346
f 384/503/340 392/519/348 391/504/347
f 385/495/341 393/508/349 392/506/348
f 386/507/342 394/522/350 393/508/349
f 387/509/343 395/513/351 394/510/350
f 388/512/344 396/525/352 395/513/351
f 389/501/345 397/516/353 396/514/352
f 390/515/346 398/527/354 397/516/353
f 383/505/339 391/504/347 398/517/354
f 392/519/348 400/524/356 399/520/355
f 393/508/349 401/523/357 400/521/356
f 394/522/350 402/1860/358 401/523/357
f 395/513/351 403/520/359 402/524/358
f 396/525/352 404/529/360 403/520/359
f 397/516/353 405/528/361 404/526/360
f 398/527/354 406/1861/362 405/528/361
f 391/504/347 399/520/355 406/529/362
f 399/520/355 400/524/356 408/530/363
f 400/521/356 401/523/357 409/532/365
f 401/523/357 402/1860/358 410/534/366
f 402/524/358 403/520/359 411/535/367
f 403/520/359 404/529/360 412/537/368
f 404/526/360 405/528/361 413/538/369
f 405/528/361 406/1861/362 414/540/370
f 406/529/362 399/520/355 407/531/364
f 407/531/364 408/530/363 416/542/371
f 408/533/363 409/532/365 417/544/373
f 409/532/365 410/534/366 418/546/374
f 410/536/366 411/535/367 419/547/375
f 411/535/367 412/537/368 420/549/376
f 412/539/368 413/538/369 421/550/377
f 413/538/369 414/540/370 422/552/378
f 414/541/370 407/531/364 415/543/372
f 415/554/372 416/1862/371 424/555/379
f 416/545/371 417/544/373 425/557/381
f 417/544/373 418/546/374 426/559/382
f 418/560/374 419/563/375 427/561/383
f 419/563/375 420/1863/376 428/564/384
f 420/551/376 421/550/377 429/565/385
f 421/550/377 422/552/378 430/567/386
f 422/568/378 415/554/372 423/556/380
f 423/556/380 424/555/379 432/570/387
f 424/558/379 425/557/381 433/572/389
f 425/557/381 426/559/382 434/574/390
f 426/562/382 427/561/383 435/575/391
f 427/561/383 428/564/384 436/577/392
f 428/566/384 429/565/385 437/578/393
f 429/565/385 430/567/386 438/580/394
f 430/569/386 423/556/380 431/571/388
f 431/571/388 432/570/387 440/582/395
f 432/573/387 433/572/389 441/584/397
f 433/572/389 434/574/390 442/586/398
f 434/576/390 435/575/391 443/587/399
f 435/575/391 436/577/392 444/589/400
f 436/579/392 437/578/393 445/590/401
f 437/578/393 438/580/394 446/592/402
f 438/581/394 431/571/388 439/583/396
f 439/583/396 440/582/395 448/594/403
f 440/585/395 441/584/397 449/596/405
f 441/584/397 442/586/398 450/598/406
f 442/588/398 443/587/399 451/599/407
f 444/589/400 452/1864/408 451/599/407
f 445/590/401 453/602/409 452/601/408
f 446/592/402 454/1865/410 453/602/409
f 439/583/396 447/595/404 454/603/410
f 352/605/307 351/1866/309 358/1867/322
f 358/1867/322 357/1868/320 352/605/307
f 357/1868/320 356/606/318 352/605/307
f 356/606/318 355/1869/314 354/1870/312
f 354/1870/312 353/604/310 356/606/318
f 454/1871/410 447/1872/404 448/607/403
f 448/607/403 449/1873/405 450/608/406
f 450/608/406 451/1874/407 452/609/408
f 452/609/408 453/1875/409 454/1871/410
f 454/1871/410 448/607/403 452/609/408
f 456/610/411 464/1876/415 463/611/412
f 457/613/414 465/617/417 464/614/415
f 458/616/416 466/1877/419 465/617/417
f 459/618/418 467/622/421 466/619/419
f 459/618/418 460/1878/422 468/621/420
f 460/623/422 461/626/424 469/624/423
f 461/626/424 462/1879/426 470/627/425
f 462/628/426 455/612/413 463/611/412
f 463/611/412 464/1876/415 472/630/427
f 464/614/415 465/617/417 473/632/429
f 465/617/417 466/1877/419 474/634/430
f 466/619/419 467/622/421 475/635/431
f 467/622/421 468/621/420 476/637/432
f 468/625/420 469/624/423 477/638/433
f 469/624/423 470/627/425 478/640/434
f 470/629/425 463/611/412 471/631/428
f 471/631/428 472/630/427 480/642/435
f 472/633/427 473/632/429 481/644/437
f 473/632/429 474/634/430 482/646/438
f 474/636/430 475/635/431 483/647/439
f 475/635/431 476/637/432 484/649/440
f 476/639/432 477/638/433 485/650/441
f 477/638/433 478/640/434 486/652/442
f 478/641/434 471/631/428 479/643/436
f 479/643/436 480/642/435 488/654/443
f 480/645/435 481/644/437 489/656/445
f 481/644/437 482/646/438 490/658/446
f 482/648/438 483/647/439 491/659/447
f 483/647/439 484/649/440 492/661/448
f 484/651/440 485/650/441 493/662/449
f 485/650/441 486/652/442 494/664/450
f 486/653/442 479/643/436 487/655/444
f 487/666/444 488/1880/443 496/667/451
f 488/657/443 489/656/445 497/669/453
f 489/656/445 490/658/446 498/671/454
f 490/672/446 491/675/447 499/673/455
f 491/675/447 492/1881/448 500/676/456
f 492/663/448 493/662/449 501/677/457
f 493/662/449 494/664/450 502/679/458
f 494/680/450 487/666/444 495/668/452
f 495/668/452 496/667/451 504/682/459
f 496/670/451 497/669/453 505/684/461
f 497/669/453 498/671/454 506/686/462
f 498/674/454 499/673/455 507/683/463
f 499/673/455 500/676/456 508/687/464
f 500/678/456 501/677/457 509/688/465
f 501/677/457 502/679/458 510/690/466
f 502/681/458 495/668/452 503/683/460
f 504/682/459 512/699/468 511/691/467
f 505/684/461 513/693/469 512/692/468
f 506/686/462 514/702/470 513/693/469
f 507/683/463 515/695/471 514/694/470
f 508/687/464 516/705/472 515/695/471
f 509/688/465 517/697/473 516/696/472
f 510/690/466 518/708/474 517/697/473
f 503/683/460 511/691/467 518/698/474
f 512/699/468 520/1882/476 519/700/475
f 513/693/469 521/703/477 520/701/476
f 514/702/470 522/715/478 521/703/477
f 515/695/471 523/706/479 522/704/478
f 516/705/472 524/1883/480 523/706/479
f 517/697/473 525/709/481 524/707/480
f 518/708/474 526/723/482 525/709/481
f 511/691/467 519/700/475 526/710/482
f 520/711/476 528/727/484 527/712/483
f 521/703/477 529/716/485 528/714/484
f 522/715/478 530/730/486 529/716/485
f 523/717/479 531/721/487 530/718/486
f 524/720/480 532/733/488 531/721/487
f 525/709/481 533/724/489 532/722/488
f 526/723/482 534/736/490 533/724/489
f 519/713/475 527/712/483 534/725/490
f 528/727/484 536/739/492 535/728/491
f 529/716/485 537/731/493 536/729/492
f 530/730/486 538/742/494 537/731/493
f 531/721/487 539/734/495 538/732/494
f 532/733/488 540/745/496 539/734/495
f 533/724/489 541/737/497 540/735/496
f 534/736/490 542/748/498 541/737/497
f 527/712/483 535/728/491 542/738/498
f 536/739/492 544/1884/500 543/740/499
f 537/731/493 545/743/501 544/741/500
f 538/742/494 546/1885/502 545/743/501
f 539/734/495 547/746/503 546/744/502
f 540/745/496 548/758/504 547/746/503
f 541/737/497 549/749/505 548/747/504
f 542/748/498 550/760/506 549/749/505
f 535/728/491 543/740/499 550/750/506
f 543/740/499 544/1884/500 552/751/507
f 544/741/500 545/743/501 553/753/509
f 545/743/501 546/1885/502 554/755/510
f 546/744/502 547/746/503 555/756/511
f 548/758/504 556/1886/512 555/756/511
f 549/749/505 557/761/513 556/759/512
f 550/760/506 558/1887/514 557/761/513
f 543/740/499 551/752/508 558/762/514
f 456/765/411 455/1888/413 459/1889/418
f 455/1888/413 462/1890/426 460/1891/422
f 462/1890/426 461/1892/424 460/1891/422
f 460/1891/422 459/1889/418 455/1888/413
f 459/1889/418 458/763/416 456/765/411
f 558/768/514 551/1893/508 555/1894/511
f 551/1893/508 552/1895/507 554/1896/510
f 552/1895/507 553/1897/509 554/1896/510
f 554/1896/510 555/1894/511 551/1893/508
f 555/1894/511 556/766/512 558/768/514
s 0
f 643/905/1032 644/1898/1032 649/906/1032
f 645/908/1033 650/1899/1033 649/909/1033
f 646/911/1034 651/1900/1034 650/912/1034
f 647/914/1035 652/1901/1035 651/915/1035
f 647/917/1036 643/905/1036 648/907/1036
f 648/907/1037 649/906/1037 654/919/1037
f 649/909/1038 650/1899/1038 655/921/1038
f 650/912/1039 651/1900/1039 656/923/1039
f 651/925/1040 652/928/1040 657/926/1040
f 652/918/1041 648/907/1041 653/920/1041
f 653/920/1042 654/919/1042 659/933/1042
f 654/922/1043 655/921/1043 660/935/1043
f 655/924/1044 656/923/1044 661/937/1044
f 656/927/1045 657/926/1045 662/1902/1045
f 657/926/1046 653/929/1046 658/931/1046
f 658/931/1047 659/930/1047 664/940/1047
f 659/933/1048 660/932/1048 665/944/1048
f 660/935/1049 661/934/1049 666/946/1049
f 661/937/1050 662/936/1050 667/948/1050
f 662/936/1051 658/939/1051 663/947/1051
f 663/941/1052 664/940/1052 669/951/1052
f 665/942/1053 670/1903/1053 669/951/1053
f 666/943/1054 671/1904/1054 670/952/1054
f 666/946/1055 667/945/1055 672/953/1055
f 667/948/1056 663/947/1056 668/950/1056
f 644/1905/620 643/1906/620 645/956/620
f 643/1906/620 647/914/620 645/956/620
f 672/1907/621 668/1908/621 671/959/621
f 668/1908/621 669/957/621 671/959/621
f 673/960/1057 674/1909/1057 679/961/1057
f 675/963/1058 680/975/1058 679/964/1058
f 676/966/1059 681/977/1059 680/967/1059
f 677/969/1060 682/1910/1060 681/970/1060
f 677/972/1061 673/960/1061 678/962/1061
f 679/964/1062 684/976/1062 683/1911/1062
f 680/975/1063 685/1912/1063 684/976/1063
f 681/977/1064 686/1913/1064 685/978/1064
f 682/979/1065 687/1914/1065 686/980/1065
f 678/962/1066 683/974/1066 687/982/1066
f 683/1911/1067 684/976/1067 689/1915/1067
f 684/976/1068 685/1912/1068 690/1916/1068
f 685/978/1069 686/1913/1069 691/1917/1069
f 686/980/1070 687/1914/1070 692/1918/1070
f 687/982/1071 683/974/1071 688/1919/1071
f 689/984/1072 694/998/1072 693/997/1072
f 690/990/1073 695/999/1073 694/1005/1073
f 691/993/1074 696/1000/1074 695/1007/1074
f 692/996/1075 697/1001/1075 696/1009/1075
f 688/995/1076 693/1920/1076 697/1001/1076
f 693/997/1077 694/998/1077 699/1002/1077
f 695/999/1078 700/1921/1078 699/1004/1078
f 696/1000/1079 701/1922/1079 700/1006/1079
f 697/1001/1080 702/1923/1080 701/1008/1080
f 697/1001/1081 693/1920/1081 698/1924/1081
f 674/1013/647 673/1925/647 677/969/647
f 677/969/647 676/971/647 674/1013/647
f 702/1926/648 698/1927/648 701/1016/648
f 698/1927/648 699/1014/648 701/1016/648
f 703/1017/1082 704/1928/1082 709/1018/1082
f 705/1020/1083 710/1929/1083 709/1021/1083
f 706/1023/1084 711/1930/1084 710/1024/1084
f 707/1026/1085 712/1931/1085 711/1027/1085
f 707/1029/1086 703/1017/1086 708/1019/1086
f 708/1019/1087 709/1018/1087 714/1031/1087
f 709/1021/1088 710/1929/1088 715/1033/1088
f 710/1024/1089 711/1930/1089 716/1035/1089
f 711/1037/1090 712/1040/1090 717/1038/1090
f 712/1030/1091 708/1019/1091 713/1032/1091
f 713/1032/1092 714/1031/1092 719/1045/1092
f 714/1034/1093 715/1033/1093 720/1047/1093
f 715/1036/1094 716/1035/1094 721/1049/1094
f 716/1039/1095 717/1038/1095 722/1932/1095
f 717/1038/1096 713/1041/1096 718/1043/1096
f 718/1043/1097 719/1042/1097 724/1052/1097
f 719/1045/1098 720/1044/1098 725/1056/1098
f 720/1047/1099 721/1046/1099 726/1058/1099
f 721/1049/1100 722/1048/1100 727/1060/1100
f 722/1048/1101 718/1051/1101 723/1059/1101
f 723/1053/1102 724/1052/1102 729/1063/1102
f 725/1054/1103 730/1933/1103 729/1063/1103
f 726/1055/1104 731/1934/1104 730/1064/1104
f 726/1058/1105 727/1057/1105 732/1065/1105
f 727/1060/1106 723/1059/1106 728/1062/1106
f 704/1022/674 703/1935/674 707/1936/674
f 707/1936/674 706/1068/674 704/1022/674
f 732/1071/675 728/1937/675 729/1938/675
f 729/1938/675 730/1069/675 732/1071/675
f 733/1072/1107 734/1939/1107 739/1073/1107
f 735/1075/1108 740/1087/1108 739/1076/1108
f 736/1078/1109 741/1089/1109 740/1079/1109
f 737/1081/1110 742/1940/1110 741/1082/1110
f 737/1084/1111 733/1072/1111 738/1074/1111
f 739/1076/1112 744/1088/1112 743/1941/1112
f 740/1087/1113 745/1942/1113 744/1088/1113
f 741/1089/1114 746/1943/1114 745/1090/1114
f 742/1091/1115 747/1944/1115 746/1092/1115
f 738/1074/1116 743/1086/1116 747/1094/1116
f 743/1941/1117 744/1088/1117 749/1945/1117
f 744/1088/1118 745/1942/1118 750/1946/1118
f 745/1090/1119 746/1943/1119 751/1947/1119
f 746/1092/1120 747/1944/1120 752/1948/1120
f 747/1094/1121 743/1086/1121 748/1949/1121
f 749/1096/1122 754/1110/1122 753/1109/1122
f 750/1102/1123 755/1111/1123 754/1117/1123
f 751/1105/1124 756/1112/1124 755/1119/1124
f 752/1108/1125 757/1113/1125 756/1121/1125
f 748/1107/1126 753/1950/1126 757/1113/1126
f 753/1109/1127 754/1110/1127 759/1114/1127
f 755/1111/1128 760/1951/1128 759/1116/1128
f 756/1112/1129 761/1952/1129 760/1118/1129
f 757/1113/1130 762/1953/1130 761/1120/1130
f 757/1113/1131 753/1950/1131 758/1954/1131
f 734/1077/701 733/1955/701 737/1124/701
f 737/1124/701 736/1956/701 735/1075/701
f 762/1127/702 758/1957/702 759/1958/702
f 759/1958/702 760/1125/702 762/1127/702
f 763/1128/1132 764/1959/1132 769/1129/1132
f 765/1131/1133 770/1960/1133 769/1132/1133
f 766/1134/1134 771/1961/1134 770/1135/1134
f 767/1137/1135 772/1962/1135 771/1138/1135
f 767/1140/1136 763/1128/1136 768/1130/1136
f 768/1130/1137 769/1129/1137 774/1142/1137
f 769/1132/1138 770/1960/1138 775/1144/1138
f 770/1135/1139 771/1961/1139 776/1146/1139
f 771/1148/1140 772/1151/1140 777/1149/1140
f 772/1141/1141 768/1130/1141 773/1143/1141
f 773/1143/1142 774/1142/1142 779/1156/1142
f 774/1145/1143 775/1144/1143 780/1158/1143
f 775/1147/1144 776/1146/1144 781/1160/1144
f 776/1150/1145 777/1149/1145 782/1963/1145
f 777/1149/1146 773/1152/1146 778/1154/1146
f 778/1154/1147 779/1153/1147 784/1163/1147
f 779/1156/1148 780/1155/1148 785/1167/1148
f 780/1158/1149 781/1157/1149 786/1169/1149
f 781/1160/1150 782/1159/1150 787/1171/1150
f 782/1159/1151 778/1162/1151 783/1170/1151
f 783/1164/1152 784/1163/1152 789/1174/1152
f 785/1165/1153 790/1964/1153 789/1174/1153
f 786/1166/1154 791/1965/1154 790/1175/1154
f 786/1169/1155 787/1168/1155 792/1176/1155
f 787/1171/1156 783/1170/1156 788/1173/1156
f 764/1133/728 763/1966/728 767/1179/728
f 767/1179/728 766/1967/728 765/1131/728
f 792/1182/729 788/1968/729 789/1969/729
f 789/1969/729 790/1180/729 792/1182/729
f 793/1183/1157 794/1970/1157 799/1184/1157
f 795/1186/1158 800/1198/1158 799/1187/1158
f 796/1189/1159 801/1200/1159 800/1190/1159
f 797/1192/1160 802/1971/1160 801/1193/1160
f 797/1195/1161 793/1183/1161 798/1185/1161
f 799/1187/1162 804/1199/1162 803/1972/1162
f 800/1198/1163 805/1973/1163 804/1199/1163
f 801/1200/1164 806/1211/1164 805/1201/1164
f 802/1202/1165 807/1974/1165 806/1203/1165
f 798/1185/1166 803/1197/1166 807/1205/1166
f 803/1972/1167 804/1199/1167 809/1975/1167
f 804/1199/1168 805/1973/1168 810/1976/1168
f 806/1203/1169 811/1220/1169 810/1222/1169
f 806/1203/1170 807/1974/1170 812/1977/1170
f 807/1205/1171 803/1197/1171 808/1978/1171
f 809/1207/1172 814/1219/1172 813/1218/1172
f 810/1222/1173 815/1221/1173 814/1228/1173
f 811/1214/1174 816/1223/1174 815/1230/1174
f 812/1217/1175 817/1224/1175 816/1232/1175
f 808/1216/1176 813/1979/1176 817/1224/1176
f 813/1218/1177 814/1219/1177 819/1225/1177
f 815/1221/1178 820/1980/1178 819/1227/1178
f 816/1223/1179 821/1981/1179 820/1229/1179
f 817/1224/1180 822/1982/1180 821/1231/1180
f 817/1224/1181 813/1979/1181 818/1983/1181
f 794/1188/755 793/1984/755 797/1985/755
f 797/1985/755 796/1235/755 794/1188/755
f 822/1986/756 818/1987/756 821/1238/756
f 818/1987/756 819/1236/756 821/1238/756
f 823/1239/1182 824/1988/1182 829/1240/1182
f 825/1293/1183 830/1989/1183 829/1255/1183
f 826/1245/1184 831/1990/1184 830/1246/1184
f 827/1248/1185 832/1991/1185 831/1249/1185
f 827/1251/1186 823/1239/1186 828/1241/1186
f 828/1241/1187 829/1240/1187 834/1253/1187
f 829/1255/1188 830/1989/1188 835/1256/1188
f 830/1246/1189 831/1990/1189 836/1258/1189
f 831/1260/1190 832/1263/1190 837/1261/1190
f 832/1252/1191 828/1241/1191 833/1254/1191
f 833/1254/1192 834/1253/1192 839/1268/1192
f 834/1257/1193 835/1256/1193 840/1270/1193
f 835/1259/1194 836/1258/1194 841/1272/1194
f 836/1262/1195 837/1261/1195 842/1992/1195
f 837/1261/1196 833/1264/1196 838/1266/1196
f 838/1266/1197 839/1265/1197 844/1275/1197
f 839/1268/1198 840/1267/1198 845/1279/1198
f 840/1270/1199 841/1269/1199 846/1281/1199
f 841/1272/1200 842/1271/1200 847/1283/1200
f 842/1271/1201 838/1274/1201 843/1282/1201
f 843/1276/1202 844/1275/1202 849/1286/1202
f 845/1277/1203 850/1993/1203 849/1286/1203
f 846/1278/1204 851/1994/1204 850/1287/1204
f 846/1281/1205 847/1280/1205 852/1288/1205
f 847/1283/1206 843/1282/1206 848/1285/1206
f 824/1995/782 823/1996/782 825/1293/782
f 823/1996/1207 827/1291/1207 825/1293/1207
f 852/1997/783 848/1998/783 851/1296/783
f 848/1998/783 849/1294/783 851/1296/783
f 853/1297/1208 854/1999/1208 859/1298/1208
f 855/1300/1209 860/2000/1209 859/1301/1209
f 856/1303/1210 861/1315/1210 860/1304/1210
f 857/1306/1211 862/2001/1211 861/1307/1211
f 857/1309/1212 853/1297/1212 858/1299/1212
f 859/1314/1213 864/1313/1213 863/1322/1213
f 860/1312/1214 865/1323/1214 864/1313/1214
f 861/1315/1215 866/1325/1215 865/1316/1215
f 862/1317/1216 867/1327/1216 866/1318/1216
f 858/1299/1217 863/1311/1217 867/1320/1217
f 864/2002/1218 869/1330/1218 868/1332/1218
f 865/1316/1219 870/1326/1219 869/1330/1219
f 866/1318/1220 871/1328/1220 870/1335/1220
f 867/1320/1221 872/1329/1221 871/1337/1221
f 863/1322/1222 868/1321/1222 872/1339/1222
f 869/1330/1223 874/1333/1223 873/1331/1223
f 870/1335/1224 875/1334/1224 874/1343/1224
f 871/1337/1225 876/1336/1225 875/1345/1225
f 872/1339/1226 877/1338/1226 876/1347/1226
f 868/1321/1227 873/2003/1227 877/1338/1227
f 873/1331/1228 874/1333/1228 879/1340/1228
f 875/1334/1229 880/2004/1229 879/1342/1229
f 876/1336/1230 881/2005/1230 880/1344/1230
f 877/1338/1231 882/2006/1231 881/1346/1231
f 877/1338/1232 873/2003/1232 878/2007/1232
f 854/2008/809 853/2009/809 855/1352/809
f 853/2009/809 857/1350/809 855/1352/809
f 882/2010/810 878/2011/810 881/1355/810
f 878/2011/810 879/1353/810 881/1355/810
f 883/1356/1233 884/2012/1233 889/1357/1233
f 885/1359/1234 890/2013/1234 889/1360/1234
f 886/1362/1235 891/2014/1235 890/1363/1235
f 887/1365/1236 892/2015/1236 891/1366/1236
f 887/1368/1237 883/1356/1237 888/1358/1237
f 888/1358/1238 889/1357/1238 894/1370/1238
f 889/1372/1239 890/2016/1239 895/1373/1239
f 890/1363/1240 891/2014/1240 896/1375/1240
f 891/1377/1241 892/1380/1241 897/1378/1241
f 892/1369/1242 888/1358/1242 893/1371/1242
f 893/1371/1243 894/1370/1243 899/1385/1243
f 894/1374/1244 895/1373/1244 900/1387/1244
f 895/1376/1245 896/1375/1245 901/1389/1245
f 896/1379/1246 897/1378/1246 902/2017/1246
f 897/1378/1247 893/1381/1247 898/1383/1247
f 898/1383/1248 899/1382/1248 904/1392/1248
f 899/1385/1249 900/1384/1249 905/1396/1249
f 900/1387/1250 901/1386/1250 906/1398/1250
f 901/1389/1251 902/1388/1251 907/1400/1251
f 902/1388/1252 898/1391/1252 903/1399/1252
f 903/1393/1253 904/1392/1253 909/1403/1253
f 905/1394/1254 910/2018/1254 909/1403/1254
f 906/1395/1255 911/2019/1255 910/1404/1255
f 906/1398/1256 907/1397/1256 912/1405/1256
f 907/1400/1257 903/1399/1257 908/1402/1257
f 884/1410/836 883/2020/836 887/2021/836
f 887/2021/836 886/1408/836 884/1410/836
f 912/2022/1258 908/2023/1258 911/1413/1258
f 908/2023/1258 909/1411/1258 911/1413/1258
f 913/1414/1259 914/2024/1259 919/1415/1259
f 915/1417/1260 920/2025/1260 919/1418/1260
f 916/1420/1261 921/1432/1261 920/1421/1261
f 917/1423/1262 922/2026/1262 921/1424/1262
f 917/1426/1263 913/1414/1263 918/1416/1263
f 919/1431/1264 924/1430/1264 923/1439/1264
f 920/1429/1265 925/1440/1265 924/1430/1265
f 921/1432/1266 926/1442/1266 925/1433/1266
f 922/1434/1267 927/1444/1267 926/1435/1267
f 918/1416/1268 923/1428/1268 927/1437/1268
f 924/2027/1269 929/1447/1269 928/1449/1269
f 925/1433/1270 930/1443/1270 929/1447/1270
f 926/1435/1271 931/1445/1271 930/1452/1271
f 927/1437/1272 932/1446/1272 931/1454/1272
f 923/1439/1273 928/1438/1273 932/1456/1273
f 929/1447/1274 934/1450/1274 933/1448/1274
f 930/1452/1275 935/1451/1275 934/1460/1275
f 931/1454/1276 936/1453/1276 935/1462/1276
f 932/1456/1277 937/1455/1277 936/1464/1277
f 928/1438/1278 933/2028/1278 937/1455/1278
f 933/1448/1279 934/1450/1279 939/1457/1279
f 935/1451/1280 940/2029/1280 939/1459/1280
f 936/1453/1281 941/2030/1281 940/1461/1281
f 937/1455/1282 942/2031/1282 941/1463/1282
f 937/1455/1283 933/2028/1283 938/2032/1283
f 914/2033/863 913/2034/863 915/1469/863
f 913/2034/863 917/1467/863 915/1469/863
f 942/1472/864 938/2035/864 939/2036/864
f 939/2036/864 940/1470/864 942/1472/864
f 944/1473/1284 949/2037/1284 948/1474/1284
f 945/1476/1285 950/2038/1285 949/1477/1285
f 945/1479/1286 946/2039/1286 951/1480/1286
f 946/1482/1287 947/2040/1287 952/1483/1287
f 947/1485/1288 943/2041/1288 948/1486/1288
f 948/1486/1289 949/2042/1289 954/1488/1289
f 949/1477/1290 950/2038/1290 955/1490/1290
f 950/1481/1291 951/1480/1291 956/1492/1291
f 951/1484/1292 952/1483/1292 957/1494/1292
f 952/1487/1293 948/1486/1293 953/1489/1293
f 953/1489/1294 954/1488/1294 959/1497/1294
f 954/1491/1295 955/1490/1295 960/2043/1295
f 956/1492/1296 961/2044/1296 960/1502/1296
f 956/1495/1297 957/1494/1297 962/1503/1297
f 957/1496/1298 953/1489/1298 958/1498/1298
f 958/1498/1299 959/1497/1299 964/1506/1299
f 959/1501/1300 960/1500/1300 965/1508/1300
f 960/1502/1301 961/2044/1301 966/1510/1301
f 961/1512/1302 962/2045/1302 967/1513/1302
f 962/1505/1303 958/1498/1303 963/1507/1303
f 963/1507/1304 964/1506/1304 969/1516/1304
f 964/1509/1305 965/1508/1305 970/1518/1305
f 965/1511/1306 966/1510/1306 971/1520/1306
f 967/1513/1307 972/2046/1307 971/1522/1307
f 963/1507/1308 968/1517/1308 972/1523/1308
f 944/1525/890 943/2047/890 947/2040/890
f 947/2040/1309 946/1482/1309 944/1525/1309
f 972/1527/891 968/2048/891 969/1519/891
f 969/1519/891 970/1518/891 972/1527/891
f 974/2049/1310 979/2050/1310 978/1541/1310
f 975/1531/1311 980/2051/1311 979/1532/1311
f 975/1534/1312 976/2052/1312 981/1535/1312
f 976/1537/1313 977/2053/1313 982/1538/1313
f 977/1540/1314 973/2054/1314 978/1541/1314
f 978/1541/1315 979/2050/1315 984/1543/1315
f 979/1532/1316 980/2051/1316 985/1545/1316
f 980/1536/1317 981/1535/1317 986/1547/1317
f 981/1539/1318 982/1538/1318 987/1549/1318
f 982/1542/1319 978/1541/1319 983/1544/1319
f 983/1544/1320 984/1543/1320 989/1552/1320
f 984/1546/1321 985/1545/1321 990/2055/1321
f 986/1547/1322 991/2056/1322 990/1557/1322
f 986/1550/1323 987/1549/1323 992/1558/1323
f 987/1551/1324 983/1544/1324 988/1553/1324
f 988/1553/1325 989/1552/1325 994/1561/1325
f 989/1556/1326 990/1555/1326 995/1563/1326
f 990/1557/1327 991/2056/1327 996/1565/1327
f 991/1567/1328 992/2057/1328 997/1568/1328
f 992/1560/1329 988/1553/1329 993/1562/1329
f 993/1562/1330 994/1561/1330 999/1571/1330
f 994/1573/1331 995/2058/1331 1000/1574/1331
f 995/1566/1332 996/1565/1332 1001/1576/1332
f 997/1568/1333 1002/2059/1333 1001/1578/1333
f 993/1562/1334 998/1572/1334 1002/1579/1334
f 974/1581/917 973/2060/917 977/2053/917
f 977/2053/917 976/1537/917 974/1581/917
f 1002/2061/1335 998/2062/1335 1001/1584/1335
f 998/2062/1335 999/1582/1335 1001/1584/1335
f 1004/2063/1336 1009/2064/1336 1008/1598/1336
f 1005/1588/1337 1010/2065/1337 1009/1589/1337
f 1005/1591/1338 1006/2066/1338 1011/1592/1338
f 1006/1594/1339 1007/2067/1339 1012/1595/1339
f 1007/1597/1340 1003/2068/1340 1008/1598/1340
f 1008/1598/1341 1009/2064/1341 1014/1600/1341
f 1009/1589/1342 1010/2065/1342 1015/1602/1342
f 1010/1593/1343 1011/1592/1343 1016/1604/1343
f 1011/1596/1344 1012/1595/1344 1017/1606/1344
f 1012/1599/1345 1008/1598/1345 1013/1601/1345
f 1013/1601/1346 1014/1600/1346 1019/1609/1346
f 1014/1603/1347 1015/1602/1347 1020/2069/1347
f 1016/1604/1348 1021/2070/1348 1020/1614/1348
f 1016/1607/1349 1017/1606/1349 1022/2071/1349
f 1017/1608/1350 1013/1601/1350 1018/1610/1350
f 1018/1610/1351 1019/1609/1351 1024/1619/1351
f 1019/1621/1352 1020/2069/1352 1025/1622/1352
f 1020/1614/1353 1021/2070/1353 1026/1624/1353
f 1021/1617/1354 1022/1616/1354 1027/1626/1354
f 1022/1618/1355 1018/1610/1355 1023/1620/1355
f 1023/1620/1356 1024/1619/1356 1029/1629/1356
f 1024/1623/1357 1025/1622/1357 1030/1631/1357
f 1025/1625/1358 1026/1624/1358 1031/1633/1358
f 1027/1626/1359 1032/2072/1359 1031/1635/1359
f 1023/1620/1360 1028/1630/1360 1032/1636/1360
f 1004/1638/944 1003/2073/944 1007/2067/944
f 1007/2067/944 1006/1594/944 1004/1638/944
f 1032/1641/945 1028/2074/945 1029/1639/945
f 1029/1639/945 1030/2075/945 1031/1640/945
f 1033/1642/1361 1034/2076/1361 1039/1643/1361
f 1034/1645/1362 1035/2077/1362 1040/1646/1362
f 1035/1648/1363 1036/2078/1363 1041/1649/1363
f 1037/1651/1364 1042/2079/1364 1041/1652/1364
f 1033/1642/1365 1038/1644/1365 1042/1654/1365
f 1039/1643/1366 1044/1664/1366 1043/1656/1366
f 1039/1647/1367 1040/1646/1367 1045/1657/1367
f 1040/1650/1368 1041/1649/1368 1046/1659/1368
f 1041/1652/1369 1042/2079/1369 1047/1661/1369
f 1042/1654/1370 1038/1644/1370 1043/1656/1370
f 1044/1664/1371 1049/1673/1371 1048/1665/1371
f 1044/1658/1372 1045/1657/1372 1050/1666/1372
f 1045/1660/1373 1046/1659/1373 1051/1668/1373
f 1046/1662/1374 1047/1661/1374 1052/1670/1374
f 1043/1656/1375 1048/1665/1375 1052/1672/1375
f 1049/1673/1376 1054/2080/1376 1053/1674/1376
f 1050/1666/1377 1055/1683/1377 1054/1675/1377
f 1050/1669/1378 1051/1668/1378 1056/1676/1378
f 1051/1671/1379 1052/1670/1379 1057/1678/1379
f 1052/1672/1380 1048/1665/1380 1053/1674/1380
f 1053/1674/1381 1054/2080/1381 1059/1681/1381
f 1055/1683/1382 1060/2081/1382 1059/1684/1382
f 1056/1676/1383 1061/2082/1383 1060/1685/1383
f 1056/1679/1384 1057/1678/1384 1062/1686/1384
f 1057/1680/1385 1053/1674/1385 1058/1682/1385
f 1034/2083/971 1033/2084/971 1035/1691/971
f 1033/2084/971 1037/1689/971 1035/1691/971
f 1062/1694/972 1058/2085/972 1059/2086/972
f 1059/2086/972 1060/1692/972 1062/1694/972
f 1063/1695/1386 1064/2087/1386 1069/1696/1386
f 1064/1698/1387 1065/2088/1387 1070/1699/1387
f 1065/1701/1388 1066/2089/1388 1071/1702/1388
f 1067/1704/1389 1072/2090/1389 1071/1705/1389
f 1063/1695/1390 1068/1697/1390 1072/1707/1390
f 1069/1696/1391 1074/1717/1391 1073/1709/1391
f 1069/1700/1392 1070/1699/1392 1075/1710/1392
f 1070/1703/1393 1071/1702/1393 1076/1712/1393
f 1071/1705/1394 1072/2090/1394 1077/1714/1394
f 1072/1707/1395 1068/1697/1395 1073/1709/1395
f 1074/1717/1396 1079/1726/1396 1078/1718/1396
f 1074/1711/1397 1075/1710/1397 1080/1719/1397
f 1075/1713/1398 1076/1712/1398 1081/1721/1398
f 1076/1715/1399 1077/1714/1399 1082/1723/1399
f 1073/1709/1400 1078/1718/1400 1082/1725/1400
f 1079/1726/1401 1084/2091/1401 1083/1727/1401
f 1080/1719/1402 1085/1736/1402 1084/1728/1402
f 1080/1722/1403 1081/1721/1403 1086/1729/1403
f 1081/1724/1404 1082/1723/1404 1087/1731/1404
f 1082/1725/1405 1078/1718/1405 1083/1727/1405
f 1083/1727/1406 1084/2091/1406 1089/1734/1406
f 1085/1736/1407 1090/2092/1407 1089/1737/1407
f 1086/1729/1408 1091/2093/1408 1090/1738/1408
f 1087/1731/1409 1092/2094/1409 1091/1739/1409
f 1087/1733/1410 1083/1727/1410 1088/1735/1410
f 1064/2095/1411 1063/2096/1411 1065/1743/1411
f 1063/2096/998 1067/1741/998 1065/1743/998
f 1092/1746/1412 1088/2097/1412 1089/2098/1412
f 1089/2098/1412 1090/1744/1412 1092/1746/1412
f 1093/1747/1413 1094/2099/1413 1099/1748/1413
f 1094/1750/1414 1095/1812/1414 1100/1751/1414
f 1096/1753/1415 1101/1768/1415 1100/1754/1415
f 1097/1756/1416 1102/2100/1416 1101/1757/1416
f 1093/1747/1417 1098/1749/1417 1102/1759/1417
f 1098/1749/1418 1099/1748/1418 1104/1761/1418
f 1099/1752/1419 1100/1751/1419 1105/1777/1419
f 1100/1754/1420 1101/1768/1420 1106/1766/1420
f 1101/1757/1421 1102/2100/1421 1107/2101/1421
f 1102/1770/1422 1098/2102/1422 1103/1771/1422
f 1103/1762/1423 1104/1761/1423 1109/2103/1423
f 1104/2104/1424 1105/1777/1424 1110/1779/1424
f 1105/1777/1425 1106/2105/1425 1111/1778/1425
f 1106/2106/1426 1107/2101/1426 1112/2107/1426
f 1107/1772/1427 1103/1771/1427 1108/1774/1427
f 1108/1774/1428 1109/1773/1428 1114/1783/1428
f 1109/1776/1429 1110/1775/1429 1115/1785/1429
f 1110/1779/1430 1111/1778/1430 1116/1787/1430
f 1111/1789/1431 1112/2107/1431 1117/1790/1431
f 1112/1782/1432 1108/1774/1432 1113/1784/1432
f 1114/1783/1433 1119/2108/1433 1118/1793/1433
f 1115/1785/1434 1120/1803/1434 1119/1794/1434
f 1116/1787/1435 1121/2109/1435 1120/1795/1435
f 1116/1791/1436 1117/1790/1436 1122/1796/1436
f 1117/1798/1437 1113/2110/1437 1118/1799/1437
f 1118/1799/1438 1119/2111/1438 1124/1801/1438
f 1120/1803/1439 1125/2112/1439 1124/1804/1439
f 1121/1805/1440 1126/2113/1440 1125/1806/1440
f 1121/1797/1441 1122/1796/1441 1127/1808/1441
f 1122/1800/1442 1118/1799/1442 1123/1802/1442
f 1094/1750/1030 1093/2114/1030 1097/2115/1030
f 1097/2115/1030 1096/1811/1030 1094/1750/1030
f 1127/2116/1031 1123/2117/1031 1126/1815/1031
f 1123/2117/1031 1124/1813/1031 1126/1815/1031
o fin
usemtl fin
v -0.079012 2.518518 2.661728
v -0.079012 3.259259 2.167901
v -0.079012 3.851852 1.674074
v -0.079012 4.217284 1.249383
v -0.079012 4.355556 0.883951
v -0.079012 4.098765 0.617284
v -0.079012 3.723457 0.953086
v -0.079012 3.555556 0.498765
v -0.079012 3.130864 0.093827
v -0.079012 2.795062 -0.370370
v -0.079012 2.567901 -0.795062
v -0.079012 2.419753 -0.449383
v 0.079012 2.518518 2.661728
v 0.079012 3.259259 2.167901
v 0.079012 3.851852 1.674074
v 0.079012 4.217284 1.249383
v 0.079012 4.355556 0.883951
v 0.079012 4.098765 0.617284
v 0.079012 3.723457 0.953086
v 0.079012 3.555556 0.498765
v 0.079012 3.130864 0.093827
v 0.079012 2.795062 -0.370370
v 0.079012 2.567901 -0.795062
v 0.079012 2.419753 -0.449383
v -0.044444 2.074074 -2.572840
v -0.044444 2.172840 -2.572840
v -0.044444 2.405033 -2.712757
v -0.044444 2.488182 -2.852675
v -0.044444 2.471315 -2.992593
v -0.044444 2.411628 -3.132510
v -0.044444 2.311825 -3.272428
v -0.044444 2.153086 -3.412346
v -0.044444 2.074074 -3.412346
v 0.044445 2.074074 -2.572840
v 0.044445 2.172840 -2.572840
v 0.044445 2.405033 -2.712757
v 0.044445 2.488182 -2.852675
v 0.044445 2.471315 -2.992593
v 0.044445 2.411628 -3.132510
v 0.044445 2.311825 -3.272428
v 0.044445 2.153086 -3.412346
v 0.044445 2.074074 -3.412346
v -0.044444 1.056790 -2.720988
v -0.044444 0.977778 -2.720988
v -0.044444 0.789120 -2.852675
v -0.044444 0.721562 -2.984362
v -0.044444 0.735460 -3.116050
v -0.044444 0.784615 -3.247737
v -0.044444 0.866805 -3.379424
v -0.044444 0.997531 -3.511111
v -0.044444 1.056790 -3.511111
v 0.044445 1.056790 -2.720988
v 0.044445 0.977778 -2.720988
v 0.044445 0.789120 -2.852675
v 0.044445 0.721562 -2.984362
v 0.044445 0.735460 -3.116050
v 0.044445 0.784615 -3.247737
v 0.044445 0.866805 -3.379424
v 0.044445 0.997531 -3.511111
v 0.044445 1.056790 -3.511111
v 0.705696 0.938030 2.424772
v 0.801325 0.826123 2.701831
v 0.959404 0.714217 2.904464
v 1.175609 0.602311 3.037826
v 1.448883 0.490404 3.103176
v 1.777580 0.378498 3.102475
v 2.160420 0.266591 3.037249
v 2.611046 0.154685 2.891239
v 2.698642 0.154685 2.786845
v 2.533752 0.266591 2.592329
v 2.335395 0.378498 2.437697
v 2.115208 0.490404 2.309081
v 1.873609 0.602310 2.205983
v 1.611298 0.714217 2.127567
v 1.330627 0.826123 2.071034
v 1.035733 0.938030 2.031451
v 0.739547 1.037279 2.453176
v 0.835176 0.925373 2.730235
v 0.993255 0.813466 2.932868
v 1.209459 0.701560 3.066230
v 1.482733 0.589654 3.131580
v 1.811430 0.477747 3.130879
v 2.194270 0.365841 3.065653
v 2.644896 0.253934 2.919642
v 2.732492 0.253934 2.815249
v 2.567602 0.365841 2.620733
v 2.369245 0.477747 2.466101
v 2.149059 0.589653 2.337485
v 1.907459 0.701560 2.234387
v 1.645149 0.813466 2.155971
v 1.364477 0.925373 2.099438
v 1.069583 1.037279 2.059855
v -0.705696 0.938030 2.424772
v -0.801325 0.826123 2.701831
v -0.959404 0.714217 2.904464
v -1.175609 0.602311 3.037826
v -1.448883 0.490404 3.103176
v -1.777580 0.378498 3.102475
v -2.160420 0.266591 3.037249
v -2.611046 0.154685 2.891239
v -2.698642 0.154685 2.786845
v -2.533752 0.266591 2.592329
v -2.335395 0.378498 2.437697
v -2.115208 0.490404 2.309081
v -1.873609 0.602310 2.205983
v -1.611298 0.714217 2.127567
v -1.330627 0.826123 2.071034
v -1.035733 0.938030 2.031451
v -0.739547 1.037279 2.453176
v -0.835176 0.925373 2.730235
v -0.993255 0.813466 2.932868
v -1.209459 0.701560 3.066230
v -1.482733 0.589654 3.131580
v -1.811430 0.477747 3.130879
v -2.194270 0.365841 3.065653
v -2.644896 0.253934 2.919642
v -2.732492 0.253934 2.815249
v -2.567602 0.365841 2.620733
v -2.369245 0.477747 2.466101
v -2.149059 0.589653 2.337485
v -1.907459 0.701560 2.234387
v -1.645149 0.813466 2.155971
v -1.364477 0.925373 2.099438
v -1.069583 1.037279 2.059855
v 0.401016 0.793273 -1.364910
v 0.480270 0.689157 -1.229843
v 0.589714 0.585041 -1.169498
v 0.728284 0.480925 -1.181242
v 0.895081 0.376810 -1.262850
v 1.093656 0.272694 -1.423113
v 1.118717 0.272694 -1.485140
v 1.025672 0.376809 -1.586076
v 0.914447 0.480925 -1.642011
v 0.788546 0.585041 -1.661624
v 0.648319 0.689157 -1.645779
v 0.495437 0.793273 -1.598611
v 0.442220 0.846234 -1.348262
v 0.521474 0.742118 -1.213196
v 0.630918 0.638002 -1.152851
v 0.769488 0.533886 -1.164594
v 0.936284 0.429771 -1.246202
v 1.134859 0.325655 -1.406465
v 1.159920 0.325655 -1.468493
v 1.066876 0.429771 -1.569428
v 0.955650 0.533886 -1.625363
v 0.829750 0.638002 -1.644977
v 0.689523 0.742118 -1.629131
v 0.536641 0.846234 -1.581963
v -0.401016 0.793273 -1.364910
v -0.480270 0.689157 -1.229843
v -0.589714 0.585041 -1.169498
v -0.728284 0.480925 -1.181242
v -0.895081 0.376810 -1.262850
v -1.093656 0.272694 -1.423113
v -1.118717 0.272694 -1.485140
v -1.025672 0.376809 -1.586076
v -0.914447 0.480925 -1.642011
v -0.788546 0.585041 -1.661624
v -0.648319 0.689157 -1.645779
v -0.495437 0.793273 -1.598611
v -0.442220 0.846234 -1.348262
v -0.521474 0.742118 -1.213196
v -0.630918 0.638002 -1.152851
v -0.769488 0.533886 -1.164594
v -0.936284 0.429771 -1.246202
v -1.134859 0.325655 -1.406465
v -1.159920 0.325655 -1.468493
v -1.066876 0.429771 -1.569428
v -0.955650 0.533886 -1.625363
v -0.829750 0.638002 -1.644977
v -0.689523 0.742118 -1.629131
v -0.536641 0.846234 -1.581963
v -0.069136 1.827161 -4.153087
v -0.069136 2.567901 -4.597531
v -0.069136 3.358025 -5.071605
v -0.069136 3.980247 -5.535802
v -0.069136 4.217284 -6.000000
v -0.069136 3.743210 -5.881482
v -0.069136 3.130864 -5.506173
v -0.069136 2.439506 -5.140741
v -0.069136 1.748148 -4.913580
v -0.069136 1.254321 -5.288889
v -0.069136 0.691358 -5.634568
v -0.069136 0.246914 -5.782716
v -0.069136 0.345679 -5.446914
v -0.069136 0.720988 -4.943210
v -0.069136 1.116049 -4.498765
v -0.069136 1.313580 -4.202469
v 0.069136 1.827161 -4.153087
v 0.069136 2.567901 -4.597531
v 0.069136 3.358025 -5.071605
v 0.069136 3.980247 -5.535802
v 0.069136 4.217284 -6.000000
v 0.069136 3.743210 -5.881482
v 0.069136 3.130864 -5.506173
v 0.069136 2.439506 -5.140741
v 0.069136 1.748148 -4.913580
v 0.069136 1.254321 -5.288889
v 0.069136 0.691358 -5.634568
v 0.069136 0.246914 -5.782716
v 0.069136 0.345679 -5.446914
v 0.069136 0.720988 -4.943210
v 0.069136 1.116049 -4.498765
v 0.069136 1.313580 -4.202469
v -0.789818 1.041075 3.987185
v -0.746790 1.041075 4.270354
v -0.695854 0.713367 4.117761
v -0.737408 1.052930 3.979221
v -0.694380 1.052930 4.262390
v -0.643444 0.725221 4.109797
v -0.778627 1.118548 4.297889
v -0.679432 1.118548 4.566583
v -0.660283 0.790839 4.406856
v -0.728896 1.130402 4.279529
v -0.629701 1.130402 4.548223
v -0.610552 0.802693 4.388497
v -0.735505 1.190409 4.592124
v -0.584211 1.190409 4.835323
v -0.597634 0.862700 4.675014
v -0.690493 1.202264 4.564121
v -0.539198 1.202264 4.807321
v -0.552621 0.874555 4.647012
v -0.662220 1.253713 4.857822
v -0.465031 1.253713 5.065554
v -0.510476 0.926004 4.911236
v -0.623772 1.265567 4.821326
v -0.426583 1.265567 5.029058
v -0.472028 0.937858 4.874740
v -0.561777 1.305862 5.084089
v -0.326779 1.305862 5.247834
v -0.402383 0.978153 5.105836
v -0.531470 1.317716 5.040595
v -0.296473 1.317716 5.204340
v -0.372077 0.990007 5.062342
v -0.438295 1.344718 5.261644
v -0.175127 1.344718 5.374687
v -0.277789 1.017009 5.250833
v -0.417373 1.356573 5.212936
v -0.154205 1.356573 5.325979
v -0.256866 1.028864 5.202124
v -0.296839 1.368688 5.383206
v -0.016293 1.368688 5.440911
v -0.141802 1.040979 5.340279
v -0.286159 1.380543 5.331281
v -0.005612 1.380543 5.388986
v -0.131122 1.052834 5.288354
v -0.143210 1.376789 5.443790
v 0.143210 1.376789 5.443790
v 0.000000 1.049080 5.370508
v -0.143210 1.388643 5.390778
v 0.143210 1.388643 5.390778
v 0.000000 1.060935 5.317496
v 0.016293 1.368688 5.440911
v 0.296839 1.368688 5.383206
v 0.141802 1.040979 5.340279
v 0.005612 1.380543 5.388986
v 0.286159 1.380543 5.331281
v 0.131122 1.052834 5.288354
v 0.175127 1.344718 5.374687
v 0.438295 1.344718 5.261644
v 0.277789 1.017009 5.250833
v 0.154205 1.356573 5.325979
v 0.417373 1.356573 5.212936
v 0.256866 1.028864 5.202124
v 0.326779 1.305862 5.247834
v 0.561777 1.305862 5.084089
v 0.402383 0.978153 5.105836
v 0.296473 1.317716 5.204340
v 0.531470 1.317716 5.040595
v 0.372077 0.990007 5.062342
v 0.465031 1.253713 5.065554
v 0.662220 1.253713 4.857822
v 0.510476 0.926004 4.911236
v 0.426583 1.265567 5.029058
v 0.623772 1.265567 4.821326
v 0.472028 0.937858 4.874740
v 0.584211 1.190409 4.835323
v 0.735505 1.190409 4.592124
v 0.597634 0.862700 4.675014
v 0.539198 1.202264 4.807321
v 0.690493 1.202264 4.564121
v 0.552621 0.874555 4.647012
v 0.679432 1.118548 4.566583
v 0.778627 1.118548 4.297889
v 0.660283 0.790839 4.406856
v 0.629701 1.130402 4.548223
v 0.728896 1.130402 4.279529
v 0.610552 0.802693 4.388497
v 0.746790 1.041075 4.270354
v 0.789818 1.041075 3.987185
v 0.695854 0.713367 4.117761
v 0.694380 1.052930 4.262390
v 0.737408 1.052930 3.979221
v 0.643444 0.725221 4.109797
v -0.679881 1.199498 3.898471
v -0.636484 1.199498 4.101287
v -0.595392 0.991919 3.986443
v -0.638362 1.212632 3.889586
v -0.594964 1.212632 4.092403
v -0.553873 1.005053 3.977559
v -0.653630 1.271496 4.194247
v -0.565764 1.271496 4.382123
v -0.551532 1.063916 4.260983
v -0.615169 1.284630 4.176260
v -0.527303 1.284630 4.364135
v -0.513071 1.077051 4.242994
v -0.593941 1.336215 4.465686
v -0.466100 1.336215 4.629010
v -0.479457 1.128636 4.507770
v -0.560506 1.349349 4.439516
v -0.432665 1.349349 4.602839
v -0.446022 1.141770 4.481599
v -0.503866 1.390346 4.698902
v -0.342592 1.390346 4.829319
v -0.382853 1.182767 4.714180
v -0.477168 1.403480 4.665886
v -0.315894 1.403480 4.796303
v -0.356155 1.195901 4.681165
v -0.388015 1.431119 4.881963
v -0.201557 1.431119 4.972799
v -0.266663 1.223540 4.869655
v -0.369419 1.444253 4.843792
v -0.182961 1.444253 4.934629
v -0.248068 1.236674 4.831485
v -0.252313 1.456448 5.005504
v -0.050211 1.456448 5.052114
v -0.136832 1.248869 4.966240
v -0.242771 1.469583 4.964131
v -0.040669 1.469583 5.010742
v -0.127290 1.262003 4.924867
v -0.103704 1.465038 5.063205
v 0.103704 1.465038 5.063205
v 0.000000 1.257459 4.998993
v -0.103704 1.478172 5.020746
v 0.103704 1.478172 5.020746
v 0.000000 1.270593 4.956534
v 0.050211 1.456448 5.052114
v 0.252313 1.456448 5.005504
v 0.136832 1.248869 4.966240
v 0.040669 1.469583 5.010742
v 0.242771 1.469583 4.964131
v 0.127290 1.262003 4.924867
v 0.201557 1.431119 4.972799
v 0.388015 1.431119 4.881963
v 0.266663 1.223540 4.869655
v 0.182961 1.444253 4.934629
v 0.369419 1.444253 4.843792
v 0.248068 1.236674 4.831485
v 0.342592 1.390346 4.829319
v 0.503866 1.390346 4.698902
v 0.382853 1.182767 4.714180
v 0.315894 1.403480 4.796303
v 0.477168 1.403480 4.665886
v 0.356155 1.195901 4.681165
v 0.466100 1.336215 4.629010
v 0.593941 1.336215 4.465686
v 0.479457 1.128636 4.507770
v 0.432665 1.349349 4.602839
v 0.560506 1.349349 4.439516
v 0.446022 1.141770 4.481599
v 0.565764 1.271496 4.382123
v 0.653630 1.271496 4.194247
v 0.551532 1.063916 4.260983
v 0.527303 1.284630 4.364135
v 0.615169 1.284630 4.176260
v 0.513071 1.077051 4.242994
v 0.636484 1.199498 4.101287
v 0.679881 1.199498 3.898471
v 0.595392 0.991919 3.986443
v 0.594964 1.212632 4.092403
v 0.638362 1.212632 3.889586
v 0.553873 1.005053 3.977559
v -0.726969 0.760868 4.032009
v -0.683323 0.760868 4.285063
v -0.647137 1.051259 4.148531
v -0.679274 0.751058 4.023783
v -0.635629 0.751058 4.276837
v -0.599443 1.041448 4.140305
v -0.708403 0.677080 4.358990
v -0.607428 0.677080 4.595094
v -0.603792 0.967470 4.453895
v -0.663903 0.667269 4.339959
v -0.562928 0.667269 4.576063
v -0.559293 0.957659 4.434864
v -0.651443 0.601290 4.661964
v -0.498612 0.601290 4.868322
v -0.527723 0.891680 4.730109
v -0.612550 0.591480 4.633159
v -0.459719 0.591480 4.839518
v -0.488830 0.881870 4.701305
v -0.559177 0.537607 4.924511
v -0.362773 0.537607 5.089940
v -0.423053 0.827997 4.962203
v -0.527997 0.527796 4.887494
v -0.331594 0.527796 5.052922
v -0.391874 0.818186 4.925186
v -0.436604 0.489480 5.132402
v -0.207272 0.489480 5.247935
v -0.295454 0.779871 5.137597
v -0.414829 0.479670 5.089179
v -0.185497 0.479670 5.204711
v -0.273679 0.770060 5.094374
v -0.290368 0.459520 5.274369
v -0.040537 0.459520 5.333744
v -0.151842 0.749911 5.246787
v -0.279177 0.449710 5.227282
v -0.029346 0.449710 5.286658
v -0.140651 0.740100 5.199700
v -0.128395 0.449350 5.342718
v 0.128395 0.449350 5.342718
v -0.000000 0.739740 5.283853
v -0.128395 0.439539 5.294319
v 0.128395 0.439539 5.294319
v -0.000000 0.729929 5.235454
v 0.040537 0.459520 5.333744
v 0.290368 0.459520 5.274369
v 0.151842 0.749911 5.246787
v 0.029346 0.449710 5.286658
v 0.279177 0.449710 5.227282
v 0.140651 0.740100 5.199700
v 0.207272 0.489480 5.247935
v 0.436604 0.489480 5.132402
v 0.295454 0.779871 5.137597
v 0.185497 0.479670 5.204711
v 0.414829 0.479670 5.089179
v 0.273679 0.770060 5.094374
v 0.362773 0.537607 5.089940
v 0.559177 0.537607 4.924511
v 0.423053 0.827997 4.962203
v 0.331594 0.527796 5.052922
v 0.527997 0.527796 4.887494
v 0.391874 0.818186 4.925186
v 0.498612 0.601290 4.868322
v 0.651443 0.601290 4.661964
v 0.527723 0.891680 4.730109
v 0.459719 0.591480 4.839518
v 0.612550 0.591480 4.633159
v 0.488830 0.881870 4.701304
v 0.607428 0.677080 4.595094
v 0.708403 0.677080 4.358990
v 0.603792 0.967470 4.453895
v 0.562928 0.667269 4.576063
v 0.663903 0.667269 4.339959
v 0.559293 0.957659 4.434864
v 0.683323 0.760868 4.285063
v 0.726969 0.760868 4.032009
v 0.647137 1.051259 4.148531
v 0.635629 0.751058 4.276837
v 0.679274 0.751058 4.023783
v 0.599443 1.041448 4.140305
vn -0.9446 0.0791 -0.3184
vn -0.7283 0.5162 -0.4507
vn -0.6953 0.4300 0.5759
vn 0.7282 0.5162 -0.4507
vn 0.6597 0.6280 -0.4129
vn 0.9446 0.0791 -0.3184
vn 0.5536 -0.3813 0.7404
vn -0.5536 -0.3813 0.7404
vn 0.6953 0.4300 0.5759
vn -0.6890 0.5084 0.5165
vn 0.6890 0.5084 0.5165
vn -0.6701 0.6381 0.3792
vn 0.6701 0.6381 0.3792
vn -0.6043 0.7805 -0.1602
vn 0.5793 0.0303 -0.8145
vn -0.5793 0.0303 -0.8146
vn -0.6597 0.6280 -0.4129
vn 0.7226 0.5861 -0.3664
vn -0.7226 0.5861 -0.3664
vn -0.5500 -0.0360 -0.8344
vn 0.6615 -0.7370 -0.1391
vn -0.6615 -0.7370 -0.1391
vn -1.0000 -0.0000 -0.0000
vn 1.0000 -0.0000 -0.0000
vn -0.0000 -0.0000 1.0000
vn -0.0000 0.5161 0.8565
vn -0.0000 0.8597 0.5109
vn -0.0000 0.9928 -0.1197
vn -0.0000 0.9198 -0.3924
vn -0.0000 0.8141 -0.5807
vn -0.0000 0.6612 -0.7502
vn -0.0000 -0.0000 -1.0000
vn -0.0000 -1.0000 -0.0000
vn -0.0000 -0.5724 0.8200
vn -0.0000 -0.8897 0.4565
vn -0.0000 -0.9945 -0.1050
vn -0.0000 -0.9369 -0.3497
vn -0.0000 -0.8483 -0.5295
vn -0.0000 -0.7097 -0.7045
vn -0.0000 1.0000 -0.0000
vn -0.5230 -0.7001 0.4861
vn -0.7005 -0.6053 0.3781
vn -0.0507 -0.5021 -0.8633
vn 0.4950 0.7282 -0.4741
vn 0.4340 0.7558 -0.4903
vn 0.0741 0.4700 0.8796
vn -0.8323 -0.5137 0.2084
vn -0.5483 0.8335 0.0679
vn -0.9274 -0.2781 -0.2502
vn -0.4122 0.7179 0.5609
vn -0.2815 0.6232 0.7296
vn -0.1021 0.5340 0.8393
vn -0.2173 -0.8279 0.5170
vn -0.3511 -0.7768 0.5228
vn -0.1105 -0.8607 0.4969
vn 0.2120 0.4308 0.8772
vn 0.5664 0.2938 0.7700
vn 0.3200 0.4015 0.8581
vn 0.1637 -0.8868 0.4321
vn 0.9521 0.2849 0.1111
vn 0.5870 -0.7857 -0.1953
vn 0.7115 0.6092 -0.3503
vn 0.1976 -0.6062 -0.7704
vn 0.2836 -0.6453 -0.7093
vn 0.1294 -0.5725 -0.8096
vn 0.6298 0.6611 -0.4077
vn 0.5621 0.6961 -0.4466
vn 0.0616 -0.5425 -0.8378
vn -0.0006 -0.5186 -0.8550
vn -0.4160 -0.2781 -0.8658
vn 0.3857 0.7772 -0.4972
vn -0.0358 0.8365 -0.5468
vn 0.0507 -0.5021 -0.8633
vn 0.4160 -0.2781 -0.8658
vn 0.8323 -0.5137 0.2084
vn 0.2815 0.6232 0.7296
vn 0.4122 0.7179 0.5609
vn -0.3857 0.7772 -0.4972
vn 0.5483 0.8335 0.0679
vn 0.9274 -0.2781 -0.2502
vn 0.7005 -0.6053 0.3781
vn 0.5230 -0.7001 0.4861
vn -0.0741 0.4700 0.8796
vn 0.3511 -0.7768 0.5228
vn 0.2173 -0.8279 0.5170
vn -0.2120 0.4308 0.8772
vn 0.1105 -0.8607 0.4969
vn -0.5664 0.2938 0.7700
vn -0.1637 -0.8868 0.4321
vn -0.5870 -0.7857 -0.1953
vn -0.9521 0.2849 0.1111
vn -0.2836 -0.6453 -0.7093
vn -0.6298 0.6612 -0.4077
vn -0.1976 -0.6062 -0.7704
vn -0.1294 -0.5725 -0.8096
vn -0.4950 0.7282 -0.4741
vn -0.0616 -0.5425 -0.8378
vn 0.0006 -0.5186 -0.8550
vn -0.4340 0.7558 -0.4903
vn 0.0358 0.8365 -0.5468
vn -0.5960 -0.7660 -0.2408
vn 0.5960 0.7660 0.2408
vn -0.6835 0.3266 0.6528
vn -0.4383 0.0591 0.8969
vn -0.0925 -0.2324 0.9682
vn 0.1759 -0.4171 0.8917
vn 0.3545 -0.5201 0.7771
vn 0.7103 -0.6428 0.2870
vn 0.5943 -0.2191 -0.7738
vn 0.4185 -0.0404 -0.9073
vn 0.2437 0.1132 -0.9632
vn 0.0737 0.2464 -0.9664
vn -0.0580 0.3401 -0.9386
vn -0.7103 0.6428 -0.2870
vn 0.5960 -0.7660 -0.2408
vn -0.5960 0.7660 0.2408
vn 0.6835 0.3266 0.6528
vn 0.4383 0.0591 0.8969
vn 0.0925 -0.2324 0.9682
vn -0.1759 -0.4171 0.8917
vn -0.3545 -0.5201 0.7771
vn -0.7103 -0.6428 0.2870
vn -0.5943 -0.2191 -0.7738
vn -0.4185 -0.0404 -0.9073
vn -0.2437 0.1132 -0.9632
vn -0.0737 0.2464 -0.9664
vn 0.0580 0.3401 -0.9386
vn 0.7103 0.6428 -0.2870
vn -0.5519 -0.5790 -0.6001
vn -0.6695 -0.6645 0.3319
vn -0.6823 0.3089 -0.6626
vn 0.7266 -0.2687 -0.6323
vn 0.7143 -0.3465 -0.6080
vn 0.6960 0.3999 0.5964
vn 0.6430 0.1688 0.7470
vn -0.7071 0.3638 0.6063
vn -0.6430 0.1688 0.7470
vn 0.7071 0.3638 0.6063
vn -0.6960 0.3999 0.5964
vn -0.6594 0.5745 0.4849
vn 0.5488 0.6543 -0.5203
vn -0.5487 0.6543 -0.5203
vn -0.6745 -0.2858 -0.6808
vn 0.6745 -0.2858 -0.6808
vn -0.7143 -0.3465 -0.6080
vn -0.7266 -0.2687 -0.6323
vn -0.8281 0.0927 -0.5528
vn 0.8281 0.0927 -0.5528
vn -0.6961 0.4055 -0.5924
vn 0.6961 0.4055 -0.5924
vn 0.5520 -0.5790 -0.6001
vn 0.6695 -0.6645 0.3319
vn -0.6975 -0.5556 0.4525
vn 0.6975 -0.5556 0.4525
vn -0.7230 -0.5469 0.4221
vn 0.7231 -0.5469 0.4221
vn -0.6221 -0.4021 0.6718
vn 0.6221 -0.4021 0.6718
vn -0.9648 -0.2182 0.1466
vn 0.9648 0.2182 -0.1466
vn -0.2158 0.9759 0.0328
vn 0.2228 -0.3828 0.8965
vn -0.0535 -0.3828 -0.9223
vn -0.9155 -0.2182 0.3380
vn 0.9155 0.2182 -0.3380
vn -0.2047 0.9759 0.0756
vn 0.3989 -0.3828 0.8333
vn -0.2382 -0.3828 -0.8926
vn -0.8286 -0.2182 0.5155
vn 0.8286 0.2182 -0.5155
vn -0.1853 0.9759 0.1153
vn 0.5586 -0.3828 0.7358
vn -0.4132 -0.3828 -0.8263
vn -0.7078 -0.2182 0.6719
vn 0.7078 0.2182 -0.6719
vn -0.1583 0.9759 0.1502
vn 0.6954 -0.3828 0.6082
vn -0.5712 -0.3828 -0.7261
vn -0.5579 -0.2182 0.8007
vn 0.5579 0.2182 -0.8007
vn -0.1248 0.9759 0.1790
vn 0.8036 -0.3828 0.4556
vn -0.7058 -0.3828 -0.5961
vn -0.3852 -0.2182 0.8967
vn 0.3852 0.2182 -0.8967
vn -0.0861 0.9759 0.2005
vn 0.8790 -0.3828 0.2844
vn -0.8114 -0.3828 -0.4417
vn -0.1966 -0.2182 0.9559
vn 0.1966 0.2182 -0.9559
vn -0.0440 0.9759 0.2138
vn 0.9182 -0.3828 0.1015
vn -0.8837 -0.3828 -0.2692
vn -0.0000 -0.2182 0.9759
vn -0.0000 0.2182 -0.9759
vn -0.0000 0.9759 0.2182
vn 0.9198 -0.3828 -0.0856
vn -0.9198 -0.3828 -0.0856
vn 0.1966 -0.2182 0.9559
vn -0.1966 0.2182 -0.9559
vn 0.0440 0.9759 0.2138
vn 0.8837 -0.3828 -0.2692
vn -0.9182 -0.3828 0.1015
vn 0.3852 -0.2182 0.8967
vn -0.3852 0.2182 -0.8967
vn 0.0861 0.9759 0.2005
vn 0.8114 -0.3828 -0.4417
vn -0.8790 -0.3828 0.2844
vn 0.5579 -0.2182 0.8007
vn -0.5579 0.2182 -0.8007
vn 0.1248 0.9759 0.1790
vn 0.7057 -0.3828 -0.5961
vn -0.8036 -0.3828 0.4556
vn 0.7078 -0.2182 0.6719
vn -0.7078 0.2182 -0.6719
vn 0.1583 0.9759 0.1502
vn 0.5712 -0.3828 -0.7261
vn -0.6954 -0.3828 0.6082
vn 0.8286 -0.2182 0.5155
vn -0.8286 0.2182 -0.5155
vn 0.1853 0.9759 0.1153
vn 0.4132 -0.3828 -0.8263
vn -0.5586 -0.3828 0.7358
vn 0.9155 -0.2182 0.3380
vn -0.9155 0.2182 -0.3380
vn 0.2047 0.9759 0.0756
vn 0.2383 -0.3828 -0.8926
vn -0.3989 -0.3828 0.8333
vn 0.9648 -0.2182 0.1466
vn -0.9648 0.2182 -0.1466
vn 0.2158 0.9759 0.0328
vn 0.0535 -0.3828 -0.9223
vn -0.2228 -0.3828 0.8965
vn -0.9342 -0.2955 0.1999
vn 0.9342 0.2955 -0.1999
vn -0.2890 0.9553 0.0618
vn 0.3133 -0.4115 0.8559
vn -0.0644 -0.4115 -0.9091
vn -0.8654 -0.2955 0.4047
vn 0.8654 0.2955 -0.4047
vn -0.2677 0.9553 0.1252
vn 0.4976 -0.4115 0.7636
vn -0.2670 -0.4115 -0.8714
vn -0.7523 -0.2955 0.5888
vn 0.7523 0.2955 -0.5888
vn -0.2327 0.9553 0.1822
vn 0.6565 -0.4115 0.6322
vn -0.4560 -0.4115 -0.7891
vn -0.6007 -0.2955 0.7428
vn 0.6007 0.2955 -0.7428
vn -0.1858 0.9553 0.2298
vn 0.7818 -0.4115 0.4685
vn -0.6217 -0.4115 -0.6664
vn -0.4184 -0.2955 0.8588
vn 0.4184 0.2955 -0.8588
vn -0.1294 0.9553 0.2657
vn 0.8671 -0.4115 0.2808
vn -0.7556 -0.4115 -0.5097
vn -0.2147 -0.2955 0.9309
vn 0.2147 0.2955 -0.9309
vn -0.0664 0.9553 0.2880
vn 0.9080 -0.4115 0.0788
vn -0.8508 -0.4115 -0.3268
vn -0.0000 -0.2955 0.9553
vn -0.0000 0.2955 -0.9553
vn -0.0000 0.9553 0.2955
vn 0.9025 -0.4115 -0.1273
vn -0.9025 -0.4115 -0.1273
vn 0.2147 -0.2955 0.9309
vn -0.2147 0.2955 -0.9309
vn 0.0664 0.9553 0.2880
vn 0.8508 -0.4115 -0.3269
vn -0.9080 -0.4115 0.0788
vn 0.4184 -0.2955 0.8588
vn -0.4184 0.2955 -0.8588
vn 0.1294 0.9553 0.2657
vn 0.7556 -0.4115 -0.5097
vn -0.8671 -0.4115 0.2808
vn 0.6007 -0.2955 0.7428
vn -0.6007 0.2955 -0.7428
vn 0.1858 0.9553 0.2298
vn 0.6217 -0.4115 -0.6664
vn -0.7818 -0.4115 0.4685
vn 0.7523 -0.2955 0.5888
vn -0.7523 0.2955 -0.5888
vn 0.2327 0.9553 0.1822
vn 0.4560 -0.4115 -0.7891
vn -0.6565 -0.4115 0.6322
vn 0.8654 -0.2955 0.4047
vn -0.8654 0.2955 -0.4047
vn 0.2677 0.9553 0.1252
vn 0.2670 -0.4115 -0.8714
vn -0.4976 -0.4115 0.7636
vn 0.9342 -0.2955 0.1999
vn -0.9342 0.2955 -0.1999
vn 0.2890 0.9553 0.0618
vn 0.0644 -0.4115 -0.9091
vn -0.3133 -0.4115 0.8559
vn -0.9658 0.1987 0.1666
vn 0.9658 -0.1987 -0.1666
vn -0.1958 -0.9801 0.0338
vn 0.2338 0.3897 0.8908
vn -0.0781 0.3897 -0.9176
vn -0.9011 0.1987 0.3854
vn 0.9011 -0.1987 -0.3854
vn -0.1827 -0.9801 0.0781
vn 0.4334 0.3897 0.8126
vn -0.2882 0.3897 -0.8747
vn -0.7876 0.1987 0.5833
vn 0.7876 -0.1987 -0.5833
vn -0.1597 -0.9801 0.1182
vn 0.6096 0.3897 0.6904
vn -0.4826 0.3897 -0.7844
vn -0.6314 0.1987 0.7496
vn 0.6314 -0.1987 -0.7496
vn -0.1280 -0.9801 0.1519
vn 0.7527 0.3897 0.5307
vn -0.6509 0.3897 -0.6515
vn -0.4409 0.1987 0.8753
vn 0.4409 -0.1987 -0.8753
vn -0.0894 -0.9801 0.1774
vn 0.8550 0.3897 0.3423
vn -0.7839 0.3897 -0.4834
vn -0.2266 0.1987 0.9535
vn 0.2266 -0.1987 -0.9535
vn -0.0459 -0.9801 0.1933
vn 0.9110 0.3897 0.1353
vn -0.8744 0.3897 -0.2890
vn -0.0000 0.1987 0.9801
vn -0.0000 -0.1987 -0.9801
vn -0.0000 -0.9801 0.1987
vn 0.9176 0.3897 -0.0790
vn -0.9176 0.3897 -0.0790
vn 0.2266 0.1987 0.9535
vn -0.2266 -0.1987 -0.9535
vn 0.0459 -0.9801 0.1933
vn 0.8744 0.3897 -0.2890
vn -0.9110 0.3897 0.1353
vn 0.4409 0.1987 0.8753
vn -0.4409 -0.1987 -0.8753
vn 0.0894 -0.9801 0.1774
vn 0.7839 0.3897 -0.4834
vn -0.8550 0.3897 0.3423
vn 0.6314 0.1987 0.7496
vn -0.6314 -0.1987 -0.7496
vn 0.1280 -0.9801 0.1520
vn 0.6509 0.3897 -0.6515
vn -0.7527 0.3897 0.5307
vn 0.7876 0.1987 0.5833
vn -0.7876 -0.1987 -0.5833
vn 0.1597 -0.9801 0.1182
vn 0.4826 0.3897 -0.7844
vn -0.6096 0.3897 0.6903
vn 0.9011 0.1987 0.3854
vn -0.9011 -0.1987 -0.3854
vn 0.1827 -0.9801 0.0781
vn 0.2882 0.3897 -0.8747
vn -0.4334 0.3897 0.8126
vn 0.9658 0.1987 0.1666
vn -0.9658 -0.1987 -0.1666
vn 0.1958 -0.9801 0.0338
vn 0.0781 0.3897 -0.9176
vn -0.2338 0.3897 0.8908
vn 0.5499 -0.0360 -0.8344
vn 0.6043 0.7805 -0.1602
vn 0.1021 0.5340 0.8393
vn -0.5621 0.6961 -0.4466
vn -0.3200 0.4015 0.8581
vn -0.7115 0.6092 -0.3503
vn 0.6823 0.3089 -0.6626
vn 0.6594 0.5745 0.4849
vn -0.0536 -0.3828 -0.9223
vn -0.2383 -0.3828 -0.8926
vn -0.7057 -0.3828 -0.5961
vn -0.0440 0.9759 0.2137
vn 0.7058 -0.3828 -0.5961
vn 0.2382 -0.3828 -0.8926
vn 0.0536 -0.3828 -0.9223
vn -0.8508 -0.4115 -0.3269
vn 0.8508 -0.4115 -0.3268
vn 0.6096 0.3897 0.6903
vn -0.1280 -0.9801 0.1520
vt 0.170096 0.609053
vt -0.068587 0.444444
vt 0.507545 0.480110
vt 0.068587 0.444444
vt -0.043896 0.562414
vt -0.170096 0.609053
vt 0.021948 0.274348
vt -0.021948 0.480110
vt -0.021948 0.274348
vt 0.021948 0.480110
vt -0.021948 0.644719
vt 0.021948 0.370370
vt -0.021948 0.252401
vt -0.021948 0.370370
vt 0.021948 0.252401
vt -0.021948 0.150892
vt 0.021948 0.076818
vt -0.021948 0.076818
vt -0.021948 0.713306
vt 0.021948 0.609053
vt 0.021948 0.713306
vt 0.021948 0.170096
vt -0.021948 0.043896
vt -0.021948 0.170096
vt -0.021948 0.562414
vt 0.021948 0.444444
vt 0.021948 0.562414
vt -0.021948 -0.068587
vt 0.021948 -0.197531
vt -0.021948 -0.197531
vt -0.021948 -0.315501
vt -0.021948 0.315501
vt 0.021948 0.219479
vt -0.021948 0.219479
vt -0.021948 -0.644719
vt -0.964792 0.244656
vt -0.809328 0.150892
vt -0.848194 0.242825
vt 0.848194 0.242825
vt 0.809328 0.178326
vt 0.809328 0.150892
vt 0.012346 0.150892
vt -0.012346 0.178326
vt -0.012346 0.150892
vt 0.012346 0.178326
vt -0.012346 0.242825
vt 0.012346 -0.848194
vt -0.012346 -0.887060
vt -0.012346 -0.848194
vt 0.012346 -0.925926
vt -0.012346 -0.925926
vt -0.012346 -0.964792
vt 0.012346 -0.964792
vt -0.012346 -1.003658
vt -0.012346 0.216934
vt 0.012346 0.172840
vt 0.012346 0.216934
vt -0.012346 0.172840
vt 0.012346 0.150892
vt -0.012346 1.042524
vt 0.012346 0.809328
vt -0.012346 0.809328
vt -0.850480 -0.131687
vt -0.960220 -0.220946
vt -0.887060 -0.206040
vt 0.850480 -0.131687
vt 0.887060 -0.206040
vt 0.960220 -0.220946
vt -0.012346 -0.153635
vt 0.012346 -0.131687
vt -0.012346 -0.131687
vt -0.012346 -0.206040
vt 0.012346 -0.153635
vt -0.012346 0.923640
vt 0.012346 0.887060
vt -0.012346 0.887060
vt -0.012346 0.960220
vt 0.012346 0.923640
vt -0.012346 0.996799
vt 0.012346 0.960220
vt -0.012346 1.033379
vt 0.012346 0.996799
vt -0.012346 1.069959
vt 0.012346 1.033379
vt 0.012346 -0.131687
vt -0.012346 -0.148148
vt 0.012346 -0.148148
vt -0.012346 -0.850480
vt 0.012346 -1.069959
vt -0.012346 -1.069959
vt 0.326558 -0.749190
vt 0.266501 -0.712146
vt 0.369619 -0.480637
vt 0.529850 0.526013
vt 0.456986 0.504231
vt 0.411870 0.775233
vt 0.655858 -0.195761
vt 0.586788 -0.137107
vt 0.578898 -0.164676
vt 0.712146 -0.226846
vt 0.663748 -0.168192
vt 0.326558 -0.257932
vt 0.275904 -0.199277
vt 0.266501 -0.226846
vt 0.411870 -0.261447
vt 0.335961 -0.230362
vt 0.493772 -0.320102
vt 0.402467 -0.289017
vt 0.600117 -0.351187
vt 0.503175 -0.292533
vt 0.734693 -0.354703
vt 0.609520 -0.323618
vt -0.708472 -0.382272
vt -0.687364 -0.354703
vt -0.716362 -0.354703
vt -0.679474 -0.382272
vt -0.633331 -0.323618
vt -0.648721 -0.320102
vt -0.713223 -0.323618
vt -0.703820 -0.351187
vt -0.587558 -0.289017
vt -0.658124 -0.292533
vt -0.529850 -0.230362
vt -0.596961 -0.261447
vt -0.520447 -0.257932
vt -0.456986 -0.199277
vt -0.369619 -0.195761
vt -0.447583 -0.226847
vt -0.287703 -0.164676
vt -0.379021 -0.168192
vt 0.477532 -0.137107
vt 0.469642 -0.164676
vt -0.369619 -0.480637
vt -0.287703 -0.469642
vt -0.222590 -0.655858
vt -0.275904 0.720035
vt -0.231993 0.663748
vt -0.379021 0.488527
vt -0.586788 -0.137107
vt -0.655858 -0.195761
vt -0.578898 -0.164676
vt -0.663748 -0.168192
vt -0.712146 -0.226846
vt -0.275904 -0.199277
vt -0.326558 -0.257932
vt -0.266501 -0.226846
vt -0.411870 -0.261447
vt -0.402467 -0.289017
vt -0.493772 -0.320102
vt -0.503175 -0.292533
vt -0.600117 -0.351187
vt -0.734693 -0.354703
vt -0.725290 -0.382272
vt 0.716362 -0.354703
vt 0.679474 -0.382272
vt 0.708472 -0.382272
vt 0.687364 -0.354703
vt 0.625441 -0.351187
vt 0.703820 -0.351187
vt 0.658124 -0.292533
vt 0.648721 -0.320102
vt 0.587558 -0.289017
vt 0.529850 -0.230362
vt 0.520447 -0.257932
vt 0.447583 -0.226847
vt 0.456986 -0.199277
vt 0.369619 -0.195761
vt 0.379021 -0.168192
vt 0.287703 -0.164676
vt -0.477532 -0.137107
vt -0.469642 -0.164676
vt 0.202301 0.422773
vt 0.163810 0.419511
vt 0.180089 0.551811
vt 0.265458 -0.546140
vt 0.230486 -0.551588
vt 0.260079 -0.440818
vt -0.436273 -0.233808
vt -0.469167 -0.190175
vt -0.473792 -0.204887
vt 0.133408 -0.233808
vt 0.175255 -0.248017
vt 0.144854 -0.219096
vt 0.163810 -0.262729
vt 0.213747 -0.276938
vt 0.248633 -0.320571
vt 0.202301 -0.291650
vt 0.315239 -0.334780
vt 0.260079 -0.305859
vt 0.507189 -0.349492
vt 0.485335 -0.334780
vt 0.489959 -0.349492
vt -0.284909 -0.320571
vt -0.322200 -0.334780
vt -0.310755 -0.349492
vt -0.254013 -0.291650
vt -0.296354 -0.305859
vt -0.219041 -0.262729
vt -0.265458 -0.276938
vt -0.180089 -0.233808
vt -0.230486 -0.248017
vt -0.137621 -0.204887
vt -0.191534 -0.219096
vt -0.538709 -0.204887
vt -0.534084 -0.190175
vt -0.180089 0.551811
vt -0.137621 0.538709
vt -0.133408 0.436273
vt -0.175255 -0.414886
vt -0.144854 -0.431649
vt -0.191534 -0.547187
vt 0.469167 -0.190175
vt 0.436273 -0.233808
vt 0.473792 -0.204887
vt -0.133408 -0.233808
vt -0.175255 -0.248017
vt -0.163810 -0.262729
vt -0.213747 -0.276938
vt -0.202301 -0.291650
vt -0.260079 -0.305859
vt -0.248633 -0.320571
vt -0.315239 -0.334780
vt -0.303793 -0.349492
vt -0.489959 -0.349492
vt -0.502565 -0.334780
vt -0.507189 -0.349492
vt 0.322200 -0.334780
vt 0.284909 -0.320571
vt 0.310755 -0.349492
vt 0.296354 -0.305859
vt 0.254013 -0.291650
vt 0.265458 -0.276938
vt 0.219041 -0.262729
vt 0.191534 -0.219096
vt 0.180089 -0.233808
vt 0.149067 -0.190175
vt 0.137621 -0.204887
vt 0.534084 -0.190175
vt 0.538709 -0.204887
vt -1.700960 -0.356653
vt -1.607682 -0.329218
vt -1.659808 -0.233196
vt 1.522634 0.252401
vt 1.624143 0.444444
vt 1.503429 0.507545
vt 0.019204 0.082305
vt -0.019204 0.288066
vt -0.019204 0.082305
vt 0.019204 0.288066
vt -0.019204 0.507545
vt 0.019204 0.507545
vt -0.019204 0.680384
vt -0.019204 -1.632373
vt 0.019204 -1.761317
vt -0.019204 -1.761317
vt -0.019204 0.746228
vt 0.019204 0.614540
vt 0.019204 0.746228
vt -0.019204 0.614540
vt 0.019204 0.444444
vt -0.019204 0.444444
vt 0.019204 0.252401
vt -0.019204 0.252401
vt 0.019204 0.060357
vt -0.019204 0.060357
vt 0.019204 -0.076818
vt -0.019204 -0.076818
vt 0.019204 -0.233196
vt -0.019204 -0.356653
vt 0.019204 -0.356653
vt 0.019204 1.700960
vt -0.019204 1.607682
vt -0.019204 1.700960
vt 0.019204 1.607682
vt -0.019204 1.467764
vt 0.019204 1.467764
vt -0.019204 1.344307
vt 0.019204 1.344307
vt -0.019204 1.262003
vt 0.019204 -0.060357
vt -0.019204 -0.060357
vt 1.012901 -0.136052
vt 1.049172 -0.227083
vt 1.091559 -0.136052
vt -1.046960 -0.223790
vt -1.010689 -0.132760
vt -1.089347 -0.132760
vt -0.207442 1.091559
vt -0.204835 1.010689
vt -0.219394 1.012901
vt -0.193293 -0.227083
vt -0.192883 -0.132760
vt -0.207442 -0.136052
vt 0.193293 -0.227083
vt 0.204835 -0.132760
vt 0.178734 -0.223790
vt 1.099208 -0.114532
vt 1.129477 -0.205563
vt 1.173845 -0.114532
vt -1.124377 -0.202270
vt -1.094108 -0.111239
vt -1.168745 -0.111239
vt -0.216285 1.099208
vt -0.174917 1.168745
vt -0.202471 1.094108
vt -0.188731 -0.114532
vt -0.169598 -0.202270
vt -0.174917 -0.111239
vt 0.216285 -0.114532
vt 0.169598 -0.202270
vt 0.183412 -0.205563
vt 1.180940 -0.094571
vt 1.203965 -0.185601
vt 1.248495 -0.094571
vt -1.196186 -0.182308
vt -1.173161 -0.091278
vt -1.240717 -0.091278
vt -0.162281 1.248495
vt -0.191804 1.173161
vt -0.204307 1.180940
vt -0.166009 -0.185601
vt -0.149777 -0.091278
vt -0.162281 -0.094571
vt 0.166009 -0.185601
vt 0.191804 -0.091278
vt 0.153506 -0.182308
vt 1.254745 -0.076987
vt 1.269582 -0.168017
vt 1.312448 -0.076987
vt -1.259444 -0.164724
vt -1.244607 -0.073694
vt -1.302310 -0.073694
vt -0.129175 1.312448
vt -0.173270 1.244607
vt -0.183950 1.254745
vt -1.312448 -0.076987
vt 0.141799 -0.168017
vt 0.173270 -0.073694
vt 0.131119 -0.164724
vt -0.156049 -0.062501
vt -0.111773 -0.153531
vt -0.090772 -0.062501
vt 0.103355 -0.150238
vt 0.147631 -0.059208
vt 0.082354 -0.059208
vt -0.090772 1.363081
vt -0.147631 1.305515
vt -0.156049 1.317597
vt -1.363081 -0.062501
vt -1.311556 -0.150238
vt -1.351000 -0.059208
vt 1.323638 -0.153531
vt 1.305515 -0.059208
vt 1.311556 -0.150238
vt -0.121749 -0.051707
vt -0.077164 -0.142737
vt -0.048646 -0.051707
vt 0.071352 -0.139445
vt 0.115937 -0.048414
vt 0.042835 -0.048414
vt -0.121749 1.366918
vt -0.042835 1.384788
vt -0.115937 1.353388
vt -1.398318 -0.051707
vt -1.350384 -0.139445
vt -1.384788 -0.048414
vt 1.366918 -0.051707
vt 1.350384 -0.139445
vt 1.363914 -0.142737
vt -0.082455 -0.045049
vt -0.039389 -0.136079
vt -0.004526 -0.045049
vt 0.036423 -0.132786
vt 0.079489 -0.041756
vt 0.001559 -0.041756
vt -0.004526 1.416714
vt -0.079489 1.386261
vt -0.082455 1.400685
vt -1.388761 -0.136079
vt -1.402290 -0.041756
vt -1.416714 -0.045049
vt 1.388761 -0.136079
vt 1.386261 -0.041756
vt 1.374337 -0.132786
vt -0.039781 -0.042799
vt 0.000000 -0.133829
vt 0.039781 -0.042799
vt -0.000000 -0.130536
vt 0.039781 -0.039506
vt -0.039781 -0.039506
vt 0.039781 1.417514
vt -0.039781 1.402788
vt -0.039781 1.417514
vt -1.397158 -0.133829
vt -1.402788 -0.039506
vt -1.417514 -0.042799
vt 1.397158 -0.133829
vt 1.402788 -0.039506
vt 1.382432 -0.130536
vt 0.004526 -0.045049
vt 0.039389 -0.136079
vt 0.082455 -0.045049
vt -0.036423 -0.132786
vt -0.001559 -0.041756
vt -0.079489 -0.041756
vt 0.082455 1.400685
vt 0.001559 1.402290
vt 0.004526 1.416714
vt -1.386261 -0.041756
vt -1.400685 -0.045049
vt 1.402290 -0.041756
vt 0.048646 -0.051707
vt 0.077164 -0.142737
vt 0.121749 -0.051707
vt -0.071352 -0.139445
vt -0.042835 -0.048414
vt -0.115937 -0.048414
vt 0.121749 1.366918
vt 0.042835 1.384788
vt 0.048646 1.398318
vt -1.363914 -0.142737
vt -1.353388 -0.048414
vt -1.366918 -0.051707
vt 1.398318 -0.051707
vt 0.090772 -0.062501
vt 0.111773 -0.153531
vt 0.156049 -0.062501
vt -0.103355 -0.150238
vt -0.082354 -0.059208
vt -0.147631 -0.059208
vt 0.090772 1.363081
vt 0.147631 1.305515
vt 0.082354 1.351000
vt -1.323638 -0.153531
vt -1.305515 -0.059208
vt -1.317597 -0.062501
vt 1.363081 -0.062501
vt -1.269582 -0.168017
vt -1.254745 -0.076987
vt 1.259444 -0.164724
vt 1.302310 -0.073694
vt 1.244607 -0.073694
vt 0.129175 1.312448
vt 0.173270 1.244607
vt 0.118495 1.302310
vt -0.141799 -0.168017
vt -0.173270 -0.073694
vt -0.183950 -0.076987
vt -1.248495 -0.094571
vt -1.203965 -0.185601
vt -1.180940 -0.094571
vt 1.196186 -0.182308
vt 1.240717 -0.091278
vt 1.173161 -0.091278
vt 0.162281 1.248495
vt 0.191804 1.173161
vt 0.149777 1.240717
vt -0.191804 -0.091278
vt -0.204307 -0.094571
vt 0.149777 -0.091278
vt -1.173845 -0.114532
vt -1.129477 -0.205563
vt -1.099208 -0.114532
vt 1.124377 -0.202270
vt 1.168745 -0.111239
vt 1.094108 -0.111239
vt 0.216285 1.099208
vt 0.174917 1.168745
vt 0.188731 1.173845
vt -0.216285 -0.114532
vt -0.202471 -0.111239
vt 0.174917 -0.111239
vt -1.091559 -0.136052
vt -1.049172 -0.227083
vt -1.012901 -0.136052
vt 1.046960 -0.223790
vt 1.089347 -0.132760
vt 1.010689 -0.132760
vt 0.207442 1.091559
vt 0.204836 1.010689
vt 0.192883 1.089347
vt -0.219394 -0.136052
vt -0.178734 -0.223790
vt -0.204836 -0.132760
vt 0.192883 -0.132760
vt 0.988258 -0.092046
vt 1.012695 -0.149707
vt 1.044596 -0.092046
vt -1.010227 -0.146059
vt -0.985790 -0.088398
vt -1.042128 -0.088398
vt -0.188856 0.988258
vt -0.165268 1.042128
vt -0.177323 0.985790
vt -0.176801 -0.092046
vt -0.153854 -0.146059
vt -0.165268 -0.088398
vt 0.188856 -0.092046
vt 0.153854 -0.146059
vt 0.165387 -0.149707
vt 1.070418 -0.072047
vt 1.088956 -0.129708
vt 1.122606 -0.072047
vt -1.083959 -0.126059
vt -1.065422 -0.068398
vt -1.117610 -0.068398
vt -0.157157 1.122606
vt -0.170880 1.065422
vt -0.181564 1.070418
vt -0.153203 -0.129708
vt -0.146473 -0.068398
vt -0.157157 -0.072047
vt 0.153203 -0.129708
vt 0.170880 -0.068398
vt 0.142520 -0.126059
vt 1.145818 -0.054069
vt 1.157508 -0.111730
vt 1.191186 -0.054069
vt -1.150238 -0.108082
vt -1.138549 -0.050421
vt -1.183916 -0.050421
vt -0.129472 1.191186
vt -0.155696 1.138549
vt -0.164984 1.145818
vt -1.157508 -0.111730
vt -1.191186 -0.054069
vt 0.164984 -0.054069
vt 0.123895 -0.108082
vt 0.133182 -0.111730
vt -0.139963 -0.039033
vt -0.106348 -0.096694
vt -0.095164 -0.039033
vt 0.098932 -0.093045
vt 0.132547 -0.035384
vt 0.087748 -0.035384
vt -0.139963 1.210600
vt -0.087748 1.237656
vt -0.132547 1.201429
vt -1.246827 -0.039033
vt -1.205673 -0.093045
vt -1.237656 -0.035384
vt 0.139963 -0.039033
vt 0.106348 -0.096694
vt -0.107782 -0.027707
vt -0.074073 -0.085368
vt -0.055988 -0.027707
vt 0.068908 -0.081719
vt 0.102616 -0.024059
vt 0.050823 -0.024059
vt -0.055988 1.286683
vt -0.102616 1.250848
vt -0.107782 1.261451
vt -1.286683 -0.027707
vt -1.247429 -0.081719
vt -1.276080 -0.024059
vt 1.258032 -0.085368
vt 1.250848 -0.024059
vt 1.247429 -0.081719
vt -0.070087 -0.020671
vt -0.038009 -0.078332
vt -0.013948 -0.020671
vt 0.035358 -0.074684
vt 0.067436 -0.017023
vt 0.011297 -0.017023
vt -0.013948 1.308715
vt -0.067436 1.284275
vt -0.070087 1.295768
vt -1.308715 -0.020671
vt -1.273368 -0.074684
vt -1.297222 -0.017023
vt 1.295768 -0.020671
vt 1.273368 -0.074684
vt 1.284861 -0.078332
vt -0.028807 -0.018285
vt 0.000000 -0.075946
vt 0.028807 -0.018285
vt -0.000000 -0.072298
vt 0.028807 -0.014637
vt -0.028807 -0.014637
vt 0.028807 1.311796
vt -0.028807 1.300002
vt -0.028807 1.311796
vt -1.293959 -0.075946
vt -1.300002 -0.014637
vt -1.311796 -0.018285
vt 1.293959 -0.075946
vt 1.300002 -0.014637
vt 1.282165 -0.072298
vt 0.013948 -0.020671
vt 0.038009 -0.078332
vt 0.070087 -0.020671
vt -0.035358 -0.074684
vt -0.011297 -0.017023
vt -0.067436 -0.017023
vt 0.013948 1.308715
vt 0.067436 1.284275
vt 0.011297 1.297222
vt -1.295768 -0.020671
vt -1.284275 -0.017023
vt 1.308715 -0.020671
vt 0.055988 -0.027707
vt 0.074073 -0.085368
vt 0.107782 -0.027707
vt -0.068908 -0.081719
vt -0.050823 -0.024059
vt -0.102616 -0.024059
vt 0.055988 1.286683
vt 0.102616 1.250848
vt 0.050823 1.276080
vt -1.258032 -0.085368
vt -1.250848 -0.024059
vt -1.261451 -0.027707
vt 1.286683 -0.027707
vt 0.095164 -0.039033
vt -0.098932 -0.093045
vt -0.087748 -0.035384
vt -0.132547 -0.035384
vt 0.139963 1.210600
vt 0.087748 1.237656
vt 0.095164 1.246827
vt 1.214844 -0.096694
vt 1.237656 -0.035384
vt 1.205673 -0.093045
vt -1.145818 -0.054069
vt 1.150238 -0.108082
vt 1.183916 -0.050421
vt 1.138549 -0.050421
vt 0.164984 1.145818
vt 0.120185 1.183916
vt 0.129472 1.191186
vt -0.164984 -0.054069
vt -0.123895 -0.108082
vt -0.155696 -0.050421
vt -1.122606 -0.072047
vt -1.088956 -0.129708
vt -1.070418 -0.072047
vt 1.083959 -0.126059
vt 1.117610 -0.068398
vt 1.065422 -0.068398
vt 0.157157 1.122606
vt 0.170880 1.065422
vt 0.146473 1.117610
vt -0.181564 -0.072047
vt -0.142520 -0.126059
vt -0.170880 -0.068398
vt 0.146473 -0.068398
vt -1.044596 -0.092046
vt -1.012695 -0.149707
vt -0.988258 -0.092046
vt 1.010227 -0.146059
vt 1.042128 -0.088398
vt 0.985790 -0.088398
vt 0.188856 0.988258
vt 0.165268 1.042128
vt 0.176801 1.044596
vt -0.188856 -0.092046
vt -0.177323 -0.088398
vt 0.176801 -0.092046
vt 1.025352 -0.213888
vt 1.095645 -0.213888
vt 1.057719 -0.133224
vt -1.055435 -0.135949
vt -1.093360 -0.216613
vt -1.023067 -0.216613
vt -0.188687 -1.023067
vt -0.189812 -1.095645
vt -0.201936 -1.025352
vt -0.189812 -0.213888
vt -0.166512 -0.135949
vt -0.179760 -0.133224
vt 0.179760 -0.133224
vt 0.188687 -0.216613
vt 0.201936 -0.213888
vt 1.116180 -0.237162
vt 1.181765 -0.237162
vt 1.142543 -0.156498
vt -1.137257 -0.159224
vt -1.176479 -0.239887
vt -1.110894 -0.239887
vt -0.184418 -1.110894
vt -0.168730 -1.181765
vt -0.196779 -1.116180
vt -0.168730 -0.237162
vt -0.155359 -0.159224
vt -0.167720 -0.156498
vt 0.167720 -0.156498
vt 0.184418 -0.239887
vt 0.196779 -0.237162
vt 1.200340 -0.258215
vt 1.257662 -0.258215
vt 1.219269 -0.177551
vt -1.211268 -0.180276
vt -1.249660 -0.260940
vt -1.192338 -0.260940
vt -0.170153 -1.192338
vt -0.138503 -1.257662
vt -0.180956 -1.200340
vt -0.138503 -0.258215
vt -0.135786 -0.180276
vt -0.146590 -0.177551
vt 0.146590 -0.177551
vt 0.170153 -0.260940
vt 0.180956 -0.258215
vt -0.155327 -0.275905
vt -0.100770 -0.275905
vt -0.117515 -0.195241
vt 0.108854 -0.197966
vt 0.092109 -0.278630
vt 0.146666 -0.278630
vt -0.155327 -1.273270
vt -0.092109 -1.308939
vt -0.100770 -1.319222
vt -1.319222 -0.275905
vt -1.273457 -0.197966
vt -1.283739 -0.195241
vt 0.155327 -0.275905
vt 0.117515 -0.195241
vt -0.121279 -0.289273
vt -0.057575 -0.289273
vt -0.082070 -0.208609
vt 0.076022 -0.211335
vt 0.051527 -0.291998
vt 0.115230 -0.291998
vt -0.115230 -1.319010
vt -0.057575 -1.363109
vt -0.121279 -1.331017
vt -1.351103 -0.291998
vt -1.332460 -0.208609
vt -1.363109 -0.289273
vt 1.320454 -0.211335
vt 1.331017 -0.289273
vt 1.332460 -0.208609
vt -0.080658 -0.297596
vt -0.011260 -0.297596
vt -0.042178 -0.216932
vt 0.039070 -0.219657
vt 0.008152 -0.300321
vt 0.077549 -0.300321
vt -0.077549 -1.357373
vt -0.011260 -1.386945
vt -0.080658 -1.370452
vt -1.373866 -0.300321
vt -1.362791 -0.216932
vt -1.386945 -0.297596
vt 1.349711 -0.219657
vt 1.370452 -0.297596
vt 1.362791 -0.216932
vt -0.035665 -0.300421
vt 0.035665 -0.300421
vt -0.000000 -0.219757
vt 0.000000 -0.222482
vt -0.035665 -0.303146
vt 0.035665 -0.303146
vt -0.035665 -1.375994
vt 0.035665 -1.389438
vt -0.035665 -1.389438
vt -1.375994 -0.303146
vt -1.373087 -0.219757
vt -1.389438 -0.300421
vt 1.359643 -0.222482
vt 1.389438 -0.300421
vt 1.373087 -0.219757
vt 0.011260 -0.297596
vt 0.080658 -0.297596
vt 0.042178 -0.216932
vt -0.039070 -0.219657
vt -0.077549 -0.300321
vt -0.008152 -0.300321
vt 0.008152 -1.373866
vt 0.080658 -1.370452
vt 0.011260 -1.386945
vt -1.370452 -0.297596
vt -1.349711 -0.219657
vt 1.386945 -0.297596
vt 0.057575 -0.289273
vt 0.121279 -0.289273
vt 0.082070 -0.208609
vt -0.076022 -0.211335
vt -0.115230 -0.291998
vt -0.051527 -0.291998
vt 0.051527 -1.351103
vt 0.121279 -1.331017
vt 0.057575 -1.363109
vt -1.319010 -0.291998
vt -1.331017 -0.289273
vt 1.351103 -0.291998
vt 1.363109 -0.289273
vt 0.100770 -0.275905
vt -0.108854 -0.197966
vt -0.146666 -0.278630
vt -0.092109 -0.278630
vt 0.092109 -1.308939
vt 0.155327 -1.273270
vt 0.100770 -1.319222
vt 1.283739 -0.195241
vt 1.308939 -0.278630
vt 1.319222 -0.275905
vt -1.257662 -0.258215
vt -1.200340 -0.258215
vt -1.219269 -0.177551
vt 1.211268 -0.180276
vt 1.192338 -0.260940
vt 1.249660 -0.260940
vt 0.127700 -1.249660
vt 0.180956 -1.200340
vt 0.138503 -1.257662
vt -0.170153 -0.260940
vt -0.180956 -0.258215
vt 0.127700 -0.260940
vt 0.138503 -0.258215
vt -1.181765 -0.237162
vt -1.116180 -0.237162
vt -1.142543 -0.156498
vt 1.137257 -0.159224
vt 1.110894 -0.239887
vt 1.176479 -0.239887
vt 0.168730 -1.181765
vt 0.184418 -1.110894
vt 0.196779 -1.116180
vt -0.184418 -0.239887
vt -0.196779 -0.237162
vt 0.155359 -0.159224
vt 0.168730 -0.237162
vt -1.095645 -0.213888
vt -1.025352 -0.213888
vt -1.057719 -0.133224
vt 1.055435 -0.135949
vt 1.023067 -0.216613
vt 1.093360 -0.216613
vt 0.189812 -1.095645
vt 0.188687 -1.023067
vt 0.201936 -1.025352
vt -0.188687 -0.216613
vt -0.201936 -0.213888
vt 0.166512 -0.135949
vt 0.189812 -0.213888
vt -0.219479 0.246914
vt 0.644719 0.274348
vt 0.370370 0.644719
vt 0.252401 0.746228
vt 0.150892 0.784636
vt 0.076818 0.713306
vt 0.043896 0.562414
vt -0.315501 0.288066
vt -0.197531 0.351166
vt -0.644719 0.274348
vt 0.219479 0.246914
vt 0.315501 0.288066
vt 0.197531 0.351166
vt -0.370370 0.644719
vt -0.507545 0.480110
vt -0.150892 0.784636
vt -0.252401 0.746228
vt -0.076818 0.713306
vt 0.021948 0.644719
vt 0.021948 0.150892
vt -0.021948 0.609053
vt 0.021948 0.043896
vt -0.021948 0.444444
vt 0.021948 -0.068587
vt 0.021948 -0.315501
vt 0.021948 0.315501
vt 0.021948 -0.644719
vt -1.042524 0.150892
vt -1.003658 0.216934
vt -0.809328 0.178326
vt -0.887060 0.265922
vt -0.925926 0.261236
vt -1.042524 0.172840
vt 1.042524 0.150892
vt 1.003658 0.216934
vt 1.042524 0.172840
vt 0.964792 0.244656
vt 0.925926 0.261236
vt 0.887060 0.265922
vt 0.012346 0.242825
vt 0.012346 -0.887060
vt 0.012346 -1.003658
vt -0.012346 0.150892
vt 0.012346 1.042524
vt -0.850480 -0.153635
vt -1.069959 -0.131687
vt -1.033379 -0.184461
vt -0.996799 -0.207292
vt -1.069959 -0.148148
vt -0.923640 -0.224806
vt 1.069959 -0.148148
vt 1.069959 -0.131687
vt 1.033379 -0.184461
vt 0.850480 -0.153635
vt 0.923640 -0.224806
vt 0.996799 -0.207292
vt 0.012346 -0.206040
vt 0.012346 1.069959
vt -0.012346 -0.131687
vt 0.012346 -0.850480
vt 0.222590 -0.655858
vt 0.196027 -0.578898
vt 0.287703 -0.469642
vt 0.447583 -0.496341
vt 0.520447 -0.518123
vt 0.402467 -0.767343
vt 0.587558 -0.546761
vt 0.493772 -0.767149
vt 0.648721 -0.582488
vt 0.600117 -0.749030
vt 0.703820 -0.625441
vt 0.749623 -0.679474
vt 0.725290 -0.708472
vt 0.379021 0.488527
vt 0.297106 0.477532
vt 0.231993 0.663748
vt 0.205430 0.586788
vt 0.275904 0.720035
vt 0.335961 0.757080
vt 0.503175 0.775038
vt 0.609520 0.756920
vt 0.596961 0.554651
vt 0.734693 0.716362
vt 0.713223 0.633331
vt 0.759026 0.687364
vt 0.658124 0.590378
vt 0.720035 -0.199277
vt 0.725290 -0.382272
vt -0.625441 -0.351187
vt -0.297106 -0.137107
vt -0.196027 -0.578898
vt -0.266501 -0.712146
vt -0.326558 -0.749190
vt -0.402467 -0.767343
vt -0.447583 -0.496341
vt -0.493772 -0.767149
vt -0.520447 -0.518123
vt -0.600117 -0.749030
vt -0.587558 -0.546761
vt -0.725290 -0.708472
vt -0.703820 -0.625441
vt -0.648721 -0.582488
vt -0.749623 -0.679474
vt -0.205430 0.586788
vt -0.297106 0.477532
vt -0.456986 0.504231
vt -0.335961 0.757080
vt -0.529850 0.526013
vt -0.411870 0.775233
vt -0.596961 0.554651
vt -0.503175 0.775038
vt -0.658124 0.590378
vt -0.609520 0.756920
vt -0.713223 0.633331
vt -0.759026 0.687364
vt -0.734693 0.716362
vt -0.720035 -0.199277
vt -0.335961 -0.230362
vt -0.609520 -0.323618
vt 0.633331 -0.323618
vt 0.713223 -0.323618
vt 0.596961 -0.261447
vt 0.297106 -0.137107
vt 0.133408 0.436273
vt 0.111393 0.473792
vt 0.137621 0.538709
vt 0.219041 0.556213
vt 0.254013 0.550764
vt 0.248633 0.445442
vt 0.284909 0.535227
vt 0.310755 0.507189
vt 0.303793 0.489959
vt 0.191534 -0.547187
vt 0.149067 -0.534084
vt 0.144854 -0.431649
vt 0.122839 -0.469167
vt 0.175255 -0.414886
vt 0.213747 -0.418149
vt 0.315239 -0.485335
vt 0.296354 -0.530603
vt 0.322200 -0.502565
vt -0.431649 -0.219096
vt 0.303793 -0.349492
vt 0.502565 -0.334780
vt -0.149067 -0.190175
vt -0.111393 0.473792
vt -0.163810 0.419511
vt -0.202301 0.422773
vt -0.248633 0.445442
vt -0.219041 0.556213
vt -0.303793 0.489959
vt -0.284909 0.535227
vt -0.310755 0.507189
vt -0.254013 0.550764
vt -0.122839 -0.469167
vt -0.149067 -0.534084
vt -0.230486 -0.551588
vt -0.213747 -0.418149
vt -0.265458 -0.546140
vt -0.260079 -0.440818
vt -0.296354 -0.530603
vt -0.322200 -0.502565
vt -0.315239 -0.485335
vt 0.431649 -0.219096
vt -0.144854 -0.219096
vt -0.485335 -0.334780
vt 0.230486 -0.248017
vt -1.262003 -0.060357
vt -1.248285 0.082305
vt -1.459534 0.060357
vt -1.371742 0.288066
vt -1.503429 0.507545
vt -1.522634 0.252401
vt -1.632373 0.680384
vt -1.624143 0.444444
vt -1.761317 0.746228
vt -1.728395 0.614540
vt -1.467764 -0.224966
vt -1.344307 -0.115226
vt -1.563786 -0.076818
vt 1.248285 0.082305
vt 1.262003 -0.060357
vt 1.459534 0.060357
vt 1.344307 -0.115226
vt 1.467764 -0.224966
vt 1.563786 -0.076818
vt 1.607682 -0.329218
vt 1.659808 -0.233196
vt 1.700960 -0.356653
vt 1.371742 0.288066
vt 1.761317 0.746228
vt 1.632373 0.680384
vt 1.728395 0.614540
vt 0.019204 0.680384
vt 0.019204 -1.632373
vt -0.019204 -0.233196
vt 0.019204 1.262003
vt -0.192883 1.089347
vt 0.219394 -0.136052
vt -0.188731 1.173845
vt -0.183412 -0.205563
vt 0.202471 -0.111239
vt -0.149777 1.240717
vt -0.153506 -0.182308
vt 0.204307 -0.094571
vt -0.118495 1.302310
vt 0.183950 -0.076987
vt -0.082354 1.351000
vt 1.317597 -0.062501
vt -0.048646 1.398318
vt 1.353388 -0.048414
vt -0.001559 1.402290
vt -1.374337 -0.132786
vt 1.400685 -0.045049
vt 0.039781 1.402788
vt -1.382432 -0.130536
vt 1.417514 -0.042799
vt 0.079489 1.386261
vt 1.416714 -0.045049
vt 0.115937 1.353388
vt 1.384788 -0.048414
vt 0.156049 1.317597
vt 1.351000 -0.059208
vt 0.183950 1.254745
vt -0.131119 -0.164724
vt 0.204307 1.180940
vt 0.162281 -0.094571
vt 0.202471 1.094108
vt 0.188731 -0.114532
vt 0.219394 1.012901
vt 0.207442 -0.136052
vt -0.176801 1.044596
vt -0.165387 -0.149707
vt 0.177323 -0.088398
vt -0.146473 1.117610
vt 0.181564 -0.072047
vt -0.120185 1.183916
vt 0.155696 -0.050421
vt -0.095164 1.246827
vt -1.214844 -0.096694
vt -0.050823 1.276080
vt 1.261451 -0.027707
vt -0.011297 1.297222
vt -1.284861 -0.078332
vt 1.284275 -0.017023
vt 0.028807 1.300002
vt -1.282165 -0.072298
vt 1.311796 -0.018285
vt 0.070087 1.295768
vt 1.297222 -0.017023
vt 0.107782 1.261451
vt 1.276080 -0.024059
vt 0.132547 1.201429
vt 1.246827 -0.039033
vt 0.155696 1.138549
vt -0.133182 -0.111730
vt 0.181564 1.070418
vt 0.157157 -0.072047
vt 0.177323 0.985790
vt 0.165268 -0.088398
vt -0.176564 -1.093360
vt -0.176564 -0.216613
vt -0.156369 -1.176479
vt -0.156369 -0.239887
vt -0.127700 -1.249660
vt -0.127700 -0.260940
vt 0.135786 -0.180276
vt -0.146666 -1.262987
vt -1.308939 -0.278630
vt -0.051527 -1.351103
vt -1.320454 -0.211335
vt 1.319010 -0.291998
vt -0.008152 -1.373866
vt 1.357373 -0.300321
vt 0.035665 -1.375994
vt -1.359643 -0.222482
vt 1.375994 -0.303146
vt 0.077549 -1.357373
vt -1.357373 -0.300321
vt 1.373866 -0.300321
vt 0.115230 -1.319010
vt 0.146666 -1.262987
vt 1.273457 -0.197966
vt 0.170153 -1.192338
vt 0.156369 -1.176479
vt 0.156369 -0.239887
vt 0.176563 -1.093360
vt 0.176563 -0.216613
s 1
f 1134/2118/1443 1136/2119/1444 1129/2120/1445
f 1148/2121/1446 1147/2122/1447 1146/2123/1448
f 1140/2124/1449 1129/2125/1445 1128/2126/1450
f 1141/2127/1451 1130/2128/1452 1129/2125/1445
f 1142/2129/1453 1131/2130/1454 1130/2131/1452
f 1143/2132/1455 1132/2133/1456 1131/2130/1454
f 1132/2133/1456 1145/2134/1457 1133/2135/1458
f 1145/2136/1457 1134/2137/1443 1133/2138/1458
f 1146/2139/1448 1135/2140/1459 1134/2141/1443
f 1147/2142/1447 1136/2143/1444 1135/2144/1459
f 1136/2145/1444 1149/2146/1460 1137/2147/1461
f 1149/2146/1460 1138/2148/1462 1137/2147/1461
f 1138/2149/1462 1151/2150/1463 1139/2151/1464
f 1151/2150/1463 1128/2152/1450 1139/2151/1464
s 0
f 1157/2153/1465 1152/2154/1465 1154/2155/1465
f 1163/2156/1466 1162/2157/1466 1161/2158/1466
f 1161/2159/1467 1153/2160/1467 1152/2161/1467
f 1162/2162/1468 1154/2163/1468 1153/2160/1468
f 1163/2164/1469 1155/2165/1469 1154/2166/1469
f 1155/2165/1470 1165/2167/1470 1156/2168/1470
f 1165/2167/1471 1157/2169/1471 1156/2168/1471
f 1166/2170/1472 1158/2171/1472 1157/2169/1472
f 1167/2172/1473 1159/2173/1473 1158/2174/1473
f 1168/2175/1474 1160/2176/1474 1159/2173/1474
f 1160/2177/1475 1161/2178/1475 1152/2179/1475
f 1170/2180/1465 1174/2181/1465 1172/2182/1465
f 1179/2183/1466 1181/2184/1466 1183/2185/1466
f 1171/2186/1467 1179/2187/1467 1170/2188/1467
f 1172/2189/1476 1180/2190/1476 1171/2186/1476
f 1173/2191/1477 1181/2192/1477 1172/2193/1477
f 1174/2194/1478 1182/2195/1478 1173/2191/1478
f 1175/2196/1479 1183/2197/1479 1174/2194/1479
f 1176/2198/1480 1184/2199/1480 1175/2196/1480
f 1177/2200/1481 1185/2201/1481 1176/2198/1481
f 1178/2202/1474 1186/2203/1474 1177/2204/1474
f 1170/2205/1482 1187/2206/1482 1178/2207/1482
s 1
f 1191/2208/1483 1190/2209/1484 1202/2210/1485
f 1216/2211/1486 1217/2212/1487 1208/2213/1488
f 1189/2214/1489 1204/2215/1490 1188/2216/1491
f 1190/2217/1484 1205/2218/1492 1189/2214/1489
f 1191/2219/1483 1206/2220/1493 1190/2221/1484
f 1191/2219/1483 1208/2222/1488 1207/2223/1494
f 1193/2224/1495 1208/2222/1488 1192/2225/1496
f 1194/2226/1497 1209/2227/1498 1193/2224/1495
f 1194/2226/1497 1211/2228/1499 1210/2229/1500
f 1195/2230/1501 1212/2231/1502 1211/2232/1499
f 1196/2233/1503 1213/2234/1504 1212/2231/1502
f 1198/2235/1505 1213/2236/1504 1197/2237/1506
f 1199/2238/1507 1214/2239/1508 1198/2235/1505
f 1199/2238/1507 1216/2240/1486 1215/2241/1509
f 1200/2242/1510 1217/2243/1487 1216/2240/1486
f 1202/2244/1485 1217/2243/1487 1201/2245/1511
f 1203/2246/1512 1218/2247/1513 1202/2244/1485
f 1188/2216/1491 1219/2248/1514 1203/2249/1512
f 1234/2250/1515 1235/2251/1516 1221/2252/1517
f 1238/2253/1518 1237/2254/1519 1250/2255/1520
f 1236/2256/1521 1221/2257/1517 1220/2258/1522
f 1237/2259/1519 1222/2260/1523 1221/2257/1517
f 1238/2261/1518 1223/2262/1524 1222/2263/1523
f 1223/2262/1524 1240/2264/1525 1224/2265/1526
f 1240/2264/1525 1225/2266/1527 1224/2265/1526
f 1241/2267/1528 1226/2268/1529 1225/2266/1527
f 1226/2268/1529 1243/2269/1530 1227/2270/1531
f 1243/2271/1530 1228/2272/1532 1227/2273/1531
f 1244/2274/1533 1229/2275/1534 1228/2272/1532
f 1229/2276/1534 1246/2277/1535 1230/2278/1536
f 1246/2277/1535 1231/2279/1537 1230/2278/1536
f 1231/2279/1537 1248/2280/1538 1232/2281/1539
f 1248/2280/1538 1233/2282/1540 1232/2281/1539
f 1249/2283/1541 1234/2284/1515 1233/2282/1540
f 1250/2285/1520 1235/2286/1516 1234/2284/1515
f 1251/2287/1542 1220/2258/1522 1235/2288/1516
s 0
f 1255/2289/1543 1254/2290/1543 1262/2291/1543
f 1272/2292/1544 1273/2293/1544 1268/2294/1544
f 1253/2295/1545 1264/2296/1545 1252/2297/1545
f 1253/2298/1546 1266/2299/1546 1265/2300/1546
f 1254/2301/1547 1267/2302/1547 1266/2299/1547
f 1256/2303/1548 1267/2302/1548 1255/2304/1548
f 1256/2303/1549 1269/2305/1549 1268/2306/1549
f 1258/2307/1550 1269/2308/1550 1257/2309/1550
f 1259/2310/1551 1270/2311/1551 1258/2312/1551
f 1260/2313/1552 1271/2314/1552 1259/2310/1552
f 1261/2315/1553 1272/2316/1553 1260/2313/1553
f 1262/2317/1554 1273/2318/1554 1261/2315/1554
f 1263/2319/1555 1274/2320/1555 1262/2317/1555
f 1263/2321/1556 1264/2296/1556 1275/2322/1556
f 1286/2323/1557 1287/2324/1557 1277/2325/1557
f 1290/2326/1558 1289/2327/1558 1298/2328/1558
f 1288/2329/1559 1277/2330/1559 1276/2331/1559
f 1277/2332/1560 1290/2333/1560 1278/2334/1560
f 1278/2334/1561 1291/2335/1561 1279/2336/1561
f 1279/2336/1562 1292/2337/1562 1280/2338/1562
f 1280/2338/1563 1293/2339/1563 1281/2340/1563
f 1281/2341/1564 1294/2342/1564 1282/2343/1564
f 1294/2344/1565 1283/2345/1565 1282/2346/1565
f 1295/2347/1566 1284/2348/1566 1283/2345/1566
f 1296/2349/1567 1285/2350/1567 1284/2348/1567
f 1285/2350/1568 1298/2351/1568 1286/2352/1568
f 1286/2352/1569 1299/2353/1569 1287/2354/1569
f 1299/2355/1570 1276/2331/1570 1287/2356/1570
s 1
f 1311/2357/1571 1312/2358/1572 1310/2359/1573
f 1323/2360/1574 1322/2361/1575 1318/2362/1576
f 1316/2363/1577 1301/2364/1578 1300/2365/1579
f 1317/2366/1580 1302/2367/1581 1301/2364/1578
f 1318/2368/1576 1303/2369/1582 1302/2367/1581
f 1303/2370/1582 1320/2371/1583 1304/2372/1584
f 1320/2373/1583 1305/2374/1585 1304/2375/1584
f 1321/2376/1586 1306/2377/1587 1305/2374/1585
f 1322/2378/1575 1307/2379/1588 1306/2377/1587
f 1323/2380/1574 1308/2381/1589 1307/2379/1588
f 1324/2382/1590 1309/2383/1591 1308/2381/1589
f 1325/2384/1592 1310/2385/1573 1309/2383/1591
f 1310/2385/1573 1327/2386/1593 1311/2387/1571
f 1327/2388/1593 1312/2389/1572 1311/2390/1571
f 1328/2391/1594 1313/2392/1595 1312/2389/1572
f 1329/2393/1596 1314/2394/1597 1313/2392/1595
f 1330/2395/1598 1315/2396/1599 1314/2394/1597
f 1331/2397/1600 1300/2365/1579 1315/2398/1599
s 0
f 1332/2399/1601 1334/2400/1601 1333/2401/1601
f 1337/2402/1602 1335/2403/1602 1336/2404/1602
f 1333/2405/1603 1335/2406/1603 1332/2407/1603
f 1334/2408/1604 1336/2409/1604 1333/2410/1604
f 1334/2411/1605 1335/2412/1605 1337/2413/1605
f 1338/2414/1606 1340/2415/1606 1339/2416/1606
f 1343/2417/1607 1341/2418/1607 1342/2419/1607
f 1338/2420/1608 1342/2421/1608 1341/2422/1608
f 1339/2423/1609 1343/2424/1609 1342/2425/1609
f 1338/2426/1610 1343/2427/1610 1340/2428/1610
f 1344/2429/1611 1346/2430/1611 1345/2431/1611
f 1349/2432/1612 1347/2433/1612 1348/2434/1612
f 1345/2435/1613 1347/2436/1613 1344/2437/1613
f 1346/2438/1614 1348/2439/1614 1345/2440/1614
f 1346/2441/1615 1347/2442/1615 1349/2443/1615
f 1350/2444/1616 1352/2445/1616 1351/2446/1616
f 1355/2447/1617 1353/2448/1617 1354/2449/1617
f 1351/2450/1618 1353/2451/1618 1350/2452/1618
f 1351/2453/1619 1355/2447/1619 1354/2449/1619
f 1352/2454/1620 1353/2455/1620 1355/2456/1620
f 1356/2457/1621 1358/2458/1621 1357/2459/1621
f 1361/2460/1622 1359/2461/1622 1360/2462/1622
f 1357/2463/1623 1359/2464/1623 1356/2465/1623
f 1357/2466/1624 1361/2467/1624 1360/2468/1624
f 1358/2469/1625 1359/2470/1625 1361/2471/1625
f 1362/2472/1626 1364/2473/1626 1363/2474/1626
f 1367/2475/1627 1365/2476/1627 1366/2477/1627
f 1362/2478/1628 1366/2479/1628 1365/2480/1628
f 1363/2481/1629 1367/2482/1629 1366/2483/1629
f 1362/2484/1630 1367/2485/1630 1364/2486/1630
f 1368/2487/1631 1370/2488/1631 1369/2489/1631
f 1373/2490/1632 1371/2491/1632 1372/2492/1632
f 1369/2493/1633 1371/2494/1633 1368/2495/1633
f 1370/2496/1634 1372/2497/1634 1369/2498/1634
f 1370/2499/1635 1371/2500/1635 1373/2501/1635
f 1374/2502/1636 1376/2503/1636 1375/2504/1636
f 1379/2505/1637 1377/2506/1637 1378/2507/1637
f 1375/2508/1638 1377/2509/1638 1374/2510/1638
f 1376/2511/1639 1378/2512/1639 1375/2513/1639
f 1376/2514/1640 1377/2515/1640 1379/2516/1640
f 1380/2517/1641 1382/2518/1641 1381/2519/1641
f 1385/2520/1642 1383/2521/1642 1384/2522/1642
f 1381/2523/1643 1383/2524/1643 1380/2525/1643
f 1382/2496/1644 1384/2526/1644 1381/2527/1644
f 1382/2499/1645 1383/2528/1645 1385/2501/1645
f 1386/2529/1646 1388/2530/1646 1387/2531/1646
f 1391/2532/1647 1389/2533/1647 1390/2534/1647
f 1387/2535/1648 1389/2536/1648 1386/2537/1648
f 1388/2538/1649 1390/2539/1649 1387/2540/1649
f 1386/2541/1650 1391/2485/1650 1388/2486/1650
f 1392/2542/1651 1394/2543/1651 1393/2544/1651
f 1397/2545/1652 1395/2546/1652 1396/2547/1652
f 1392/2548/1653 1396/2549/1653 1395/2550/1653
f 1394/2551/1654 1396/2552/1654 1393/2553/1654
f 1392/2554/1655 1397/2471/1655 1394/2469/1655
f 1398/2453/1656 1400/2555/1656 1399/2556/1656
f 1403/2557/1657 1401/2558/1657 1402/2559/1657
f 1398/2560/1658 1402/2561/1658 1401/2562/1658
f 1400/2563/1659 1402/2564/1659 1399/2565/1659
f 1398/2446/1660 1403/2557/1660 1400/2445/1660
f 1404/2566/1661 1406/2567/1661 1405/2568/1661
f 1409/2569/1662 1407/2570/1662 1408/2571/1662
f 1404/2572/1663 1408/2573/1663 1407/2574/1663
f 1406/2438/1664 1408/2575/1664 1405/2576/1664
f 1406/2441/1665 1407/2577/1665 1409/2443/1665
f 1410/2578/1666 1412/2579/1666 1411/2580/1666
f 1415/2581/1667 1413/2582/1667 1414/2583/1667
f 1411/2584/1668 1413/2585/1668 1410/2586/1668
f 1411/2587/1669 1415/2424/1669 1414/2588/1669
f 1412/2428/1670 1413/2589/1670 1415/2427/1670
f 1416/2590/1671 1418/2591/1671 1417/2592/1671
f 1421/2593/1672 1419/2594/1672 1420/2595/1672
f 1416/2596/1673 1420/2597/1673 1419/2598/1673
f 1417/2599/1674 1421/2600/1674 1420/2601/1674
f 1418/2411/1675 1419/2602/1675 1421/2413/1675
f 1422/2603/1676 1424/2604/1676 1423/2605/1676
f 1427/2606/1677 1425/2607/1677 1426/2608/1677
f 1422/2609/1678 1426/2610/1678 1425/2611/1678
f 1423/2612/1679 1427/2613/1679 1426/2614/1679
f 1422/2615/1680 1427/2616/1680 1424/2617/1680
f 1428/2618/1681 1430/2619/1681 1429/2620/1681
f 1433/2621/1682 1431/2622/1682 1432/2623/1682
f 1429/2624/1683 1431/2625/1683 1428/2626/1683
f 1430/2627/1684 1432/2628/1684 1429/2629/1684
f 1430/2630/1685 1431/2631/1685 1433/2632/1685
f 1434/2633/1686 1436/2634/1686 1435/2635/1686
f 1439/2636/1687 1437/2637/1687 1438/2638/1687
f 1435/2639/1688 1437/2640/1688 1434/2641/1688
f 1436/2642/1689 1438/2638/1689 1435/2643/1689
f 1434/2644/1690 1439/2645/1690 1436/2646/1690
f 1440/2647/1691 1442/2648/1691 1441/2649/1691
f 1445/2650/1692 1443/2651/1692 1444/2652/1692
f 1440/2653/1693 1444/2654/1693 1443/2655/1693
f 1441/2656/1694 1445/2657/1694 1444/2658/1694
f 1440/2659/1695 1445/2650/1695 1442/2660/1695
f 1446/2661/1696 1448/2662/1696 1447/2663/1696
f 1451/2664/1697 1449/2665/1697 1450/2666/1697
f 1447/2667/1698 1449/2668/1698 1446/2669/1698
f 1447/2670/1699 1451/2671/1699 1450/2672/1699
f 1448/2673/1700 1449/2674/1700 1451/2675/1700
f 1452/2676/1701 1454/2677/1701 1453/2678/1701
f 1457/2679/1702 1455/2680/1702 1456/2681/1702
f 1453/2682/1703 1455/2683/1703 1452/2684/1703
f 1453/2685/1704 1457/2686/1704 1456/2687/1704
f 1452/2688/1705 1457/2689/1705 1454/2690/1705
f 1458/2691/1706 1460/2692/1706 1459/2693/1706
f 1463/2694/1707 1461/2695/1707 1462/2696/1707
f 1459/2697/1708 1461/2698/1708 1458/2699/1708
f 1460/2700/1709 1462/2701/1709 1459/2702/1709
f 1460/2703/1710 1461/2704/1710 1463/2705/1710
f 1464/2706/1711 1466/2707/1711 1465/2708/1711
f 1469/2709/1712 1467/2710/1712 1468/2711/1712
f 1464/2712/1713 1468/2713/1713 1467/2714/1713
f 1465/2715/1714 1469/2686/1714 1468/2716/1714
f 1464/2717/1715 1469/2689/1715 1466/2690/1715
f 1470/2718/1716 1472/2719/1716 1471/2720/1716
f 1475/2721/1717 1473/2722/1717 1474/2723/1717
f 1470/2724/1718 1474/2725/1718 1473/2726/1718
f 1472/2727/1719 1474/2728/1719 1471/2729/1719
f 1470/2730/1720 1475/2675/1720 1472/2673/1720
f 1476/2731/1721 1478/2660/1721 1477/2659/1721
f 1481/2732/1722 1479/2733/1722 1480/2734/1722
f 1477/2735/1723 1479/2736/1723 1476/2737/1723
f 1478/2648/1724 1480/2734/1724 1477/2647/1724
f 1478/2738/1725 1479/2739/1725 1481/2740/1725
f 1482/2643/1726 1484/2642/1726 1483/2741/1726
f 1487/2742/1727 1485/2743/1727 1486/2744/1727
f 1483/2745/1728 1485/2746/1728 1482/2747/1728
f 1483/2748/1729 1487/2749/1729 1486/2750/1729
f 1484/2634/1730 1485/2743/1730 1487/2742/1730
f 1488/2751/1731 1490/2752/1731 1489/2753/1731
f 1493/2754/1732 1491/2755/1732 1492/2756/1732
f 1488/2757/1733 1492/2758/1733 1491/2759/1733
f 1489/2760/1734 1493/2761/1734 1492/2762/1734
f 1490/2630/1735 1491/2763/1735 1493/2632/1735
f 1494/2764/1736 1496/2765/1736 1495/2766/1736
f 1499/2767/1737 1497/2768/1737 1498/2769/1737
f 1495/2770/1738 1497/2771/1738 1494/2772/1738
f 1495/2773/1739 1499/2613/1739 1498/2774/1739
f 1494/2775/1740 1499/2616/1740 1496/2617/1740
f 1500/2776/1741 1501/2777/1741 1502/2778/1741
f 1505/2779/1742 1504/2780/1742 1503/2781/1742
f 1503/2782/1743 1501/2783/1743 1500/2784/1743
f 1501/2785/1744 1505/2786/1744 1502/2787/1744
f 1502/2788/1745 1503/2789/1745 1500/2790/1745
f 1506/2791/1746 1507/2792/1746 1508/2793/1746
f 1511/2794/1747 1510/2795/1747 1509/2796/1747
f 1509/2797/1748 1507/2798/1748 1506/2799/1748
f 1507/2800/1749 1511/2801/1749 1508/2802/1749
f 1508/2803/1750 1509/2804/1750 1506/2805/1750
f 1512/2806/1751 1513/2807/1751 1514/2808/1751
f 1517/2809/1752 1516/2810/1752 1515/2811/1752
f 1515/2812/1753 1513/2813/1753 1512/2814/1753
f 1513/2815/1754 1517/2816/1754 1514/2817/1754
f 1514/2818/1755 1515/2819/1755 1512/2820/1755
f 1518/2821/1756 1519/2822/1756 1520/2823/1756
f 1523/2824/1757 1522/2825/1757 1521/2826/1757
f 1518/2827/1758 1522/2828/1758 1519/2829/1758
f 1519/2830/1759 1523/2831/1759 1520/2832/1759
f 1523/2824/1760 1518/2833/1760 1520/2834/1760
f 1524/2835/1761 1525/2836/1761 1526/2837/1761
f 1529/2838/1762 1528/2839/1762 1527/2840/1762
f 1527/2841/1763 1525/2842/1763 1524/2843/1763
f 1528/2844/1764 1526/2845/1764 1525/2846/1764
f 1529/2847/1765 1524/2848/1765 1526/2849/1765
f 1530/2850/1766 1531/2851/1766 1532/2852/1766
f 1535/2853/1767 1534/2854/1767 1533/2855/1767
f 1533/2856/1768 1531/2857/1768 1530/2858/1768
f 1534/2859/1769 1532/2860/1769 1531/2861/1769
f 1535/2862/1770 1530/2863/1770 1532/2864/1770
f 1536/2865/1771 1537/2866/1771 1538/2867/1771
f 1541/2868/1772 1540/2869/1772 1539/2870/1772
f 1539/2871/1773 1537/2872/1773 1536/2873/1773
f 1540/2874/1774 1538/2875/1774 1537/2876/1774
f 1541/2877/1775 1536/2878/1775 1538/2879/1775
f 1542/2880/1776 1543/2881/1776 1544/2882/1776
f 1547/2883/1777 1546/2884/1777 1545/2885/1777
f 1545/2886/1778 1543/2887/1778 1542/2888/1778
f 1543/2889/1779 1547/2890/1779 1544/2860/1779
f 1547/2862/1780 1542/2891/1780 1544/2864/1780
f 1548/2892/1781 1549/2893/1781 1550/2894/1781
f 1553/2895/1782 1552/2896/1782 1551/2897/1782
f 1551/2898/1783 1549/2899/1783 1548/2900/1783
f 1552/2901/1784 1550/2845/1784 1549/2902/1784
f 1550/2849/1785 1551/2903/1785 1548/2904/1785
f 1554/2905/1786 1555/2833/1786 1556/2834/1786
f 1559/2906/1787 1558/2907/1787 1557/2908/1787
f 1557/2909/1788 1555/2910/1788 1554/2911/1788
f 1555/2821/1789 1559/2906/1789 1556/2823/1789
f 1556/2912/1790 1557/2913/1790 1554/2914/1790
f 1560/2915/1791 1561/2916/1791 1562/2917/1791
f 1565/2918/1792 1564/2919/1792 1563/2920/1792
f 1563/2921/1793 1561/2922/1793 1560/2923/1793
f 1564/2924/1794 1562/2817/1794 1561/2925/1794
f 1562/2818/1795 1563/2926/1795 1560/2927/1795
f 1566/2928/1796 1567/2929/1796 1568/2930/1796
f 1571/2931/1797 1570/2932/1797 1569/2933/1797
f 1566/2934/1798 1570/2935/1798 1567/2936/1798
f 1570/2937/1799 1568/2802/1799 1567/2938/1799
f 1571/2939/1800 1566/2940/1800 1568/2803/1800
f 1572/2941/1801 1573/2942/1801 1574/2943/1801
f 1577/2944/1802 1576/2945/1802 1575/2946/1802
f 1572/2947/1803 1576/2948/1803 1573/2949/1803
f 1576/2950/1804 1574/2787/1804 1573/2951/1804
f 1577/2952/1805 1572/2953/1805 1574/2788/1805
s 1
f 1139/2954/1464 1128/2955/1450 1136/2119/1444
f 1128/2955/1450 1129/2120/1445 1136/2119/1444
f 1129/2120/1445 1130/2956/1452 1134/2118/1443
f 1130/2956/1452 1131/2957/1454 1134/2118/1443
f 1131/2957/1454 1132/2958/1456 1134/2118/1443
f 1132/2958/1456 1133/2959/1458 1134/2118/1443
f 1134/2118/1443 1135/2960/1459 1136/2119/1444
f 1138/2961/1462 1139/2954/1464 1137/2962/1461
f 1137/2962/1461 1139/2954/1464 1136/2119/1444
f 1140/2963/1449 1151/2964/1463 1148/2121/1446
f 1151/2964/1463 1150/2965/1806 1149/2966/1460
f 1151/2964/1463 1149/2966/1460 1148/2121/1446
f 1142/2967/1453 1141/2968/1451 1146/2123/1448
f 1141/2968/1451 1140/2963/1449 1148/2121/1446
f 1146/2123/1448 1141/2968/1451 1148/2121/1446
f 1144/2969/1807 1143/2970/1455 1146/2123/1448
f 1143/2970/1455 1142/2967/1453 1146/2123/1448
f 1146/2123/1448 1145/2971/1457 1144/2969/1807
f 1140/2124/1449 1141/2127/1451 1129/2125/1445
f 1141/2127/1451 1142/2972/1453 1130/2128/1452
f 1142/2129/1453 1143/2132/1455 1131/2130/1454
f 1143/2132/1455 1144/2973/1807 1132/2133/1456
f 1132/2133/1456 1144/2973/1807 1145/2134/1457
f 1145/2136/1457 1146/2974/1448 1134/2137/1443
f 1146/2139/1448 1147/2975/1447 1135/2140/1459
f 1147/2142/1447 1148/2976/1446 1136/2143/1444
f 1136/2145/1444 1148/2977/1446 1149/2146/1460
f 1149/2146/1460 1150/2978/1806 1138/2148/1462
f 1138/2149/1462 1150/2979/1806 1151/2150/1463
f 1151/2150/1463 1140/2980/1449 1128/2152/1450
s 0
f 1160/2981/1465 1152/2154/1465 1158/2982/1465
f 1152/2154/1465 1153/2983/1465 1154/2155/1465
f 1158/2982/1465 1152/2154/1465 1157/2153/1465
f 1154/2155/1465 1155/2984/1465 1156/2985/1465
f 1157/2153/1465 1154/2155/1465 1156/2985/1465
f 1158/2982/1465 1159/2986/1465 1160/2981/1465
f 1161/2158/1466 1169/2987/1466 1167/2988/1466
f 1169/2987/1466 1168/2989/1466 1167/2988/1466
f 1167/2988/1466 1166/2990/1466 1161/2158/1466
f 1161/2158/1466 1166/2990/1466 1163/2156/1466
f 1166/2990/1466 1165/2991/1466 1163/2156/1466
f 1165/2991/1466 1164/2992/1466 1163/2156/1466
f 1161/2159/1467 1162/2162/1467 1153/2160/1467
f 1162/2162/1468 1163/2993/1468 1154/2163/1468
f 1163/2164/1469 1164/2994/1469 1155/2165/1469
f 1155/2165/1470 1164/2994/1470 1165/2167/1470
f 1165/2167/1471 1166/2170/1471 1157/2169/1471
f 1166/2170/1472 1167/2995/1472 1158/2171/1472
f 1167/2172/1473 1168/2175/1473 1159/2173/1473
f 1168/2175/1474 1169/2996/1474 1160/2176/1474
f 1160/2177/1475 1169/2997/1475 1161/2178/1475
f 1171/2998/1465 1170/2180/1465 1172/2182/1465
f 1170/2180/1465 1178/2999/1465 1176/3000/1465
f 1174/2181/1465 1170/2180/1465 1175/3001/1465
f 1178/2999/1465 1177/3002/1465 1176/3000/1465
f 1176/3000/1465 1175/3001/1465 1170/2180/1465
f 1174/2181/1465 1173/3003/1465 1172/2182/1465
f 1186/3004/1466 1187/3005/1466 1185/3006/1466
f 1187/3005/1466 1179/2183/1466 1185/3006/1466
f 1179/2183/1466 1180/3007/1466 1181/2184/1466
f 1181/2184/1466 1182/3008/1466 1183/2185/1466
f 1183/2185/1466 1184/3009/1466 1179/2183/1466
f 1184/3009/1466 1185/3006/1466 1179/2183/1466
f 1171/2186/1467 1180/2190/1467 1179/2187/1467
f 1172/2189/1476 1181/3010/1476 1180/2190/1476
f 1173/2191/1477 1182/2195/1477 1181/2192/1477
f 1174/2194/1478 1183/2197/1478 1182/2195/1478
f 1175/2196/1479 1184/2199/1479 1183/2197/1479
f 1176/2198/1480 1185/2201/1480 1184/2199/1480
f 1177/2200/1481 1186/3011/1481 1185/2201/1481
f 1178/2202/1474 1187/3012/1474 1186/2203/1474
f 1170/2205/1482 1179/3013/1482 1187/2206/1482
s 1
f 1189/3014/1489 1188/3015/1491 1203/3016/1512
f 1203/3016/1512 1202/2210/1485 1189/3014/1489
f 1202/2210/1485 1201/3017/1511 1191/2208/1483
f 1189/3014/1489 1202/2210/1485 1190/2209/1484
f 1201/3017/1511 1200/3018/1510 1192/3019/1496
f 1200/3018/1510 1199/3020/1507 1193/3021/1495
f 1199/3020/1507 1198/3022/1505 1194/3023/1497
f 1198/3022/1505 1197/3024/1506 1194/3023/1497
f 1197/3024/1506 1196/3025/1503 1195/3026/1501
f 1195/3026/1501 1194/3023/1497 1197/3024/1506
f 1194/3023/1497 1193/3021/1495 1199/3020/1507
f 1193/3021/1495 1192/3019/1496 1200/3018/1510
f 1192/3019/1496 1191/2208/1483 1201/3017/1511
f 1218/3027/1513 1219/3028/1514 1205/3029/1492
f 1219/3028/1514 1204/3030/1490 1205/3029/1492
f 1205/3029/1492 1206/3031/1493 1218/3027/1513
f 1206/3031/1493 1207/3032/1494 1218/3027/1513
f 1207/3032/1494 1208/2213/1488 1217/2212/1487
f 1218/3027/1513 1207/3032/1494 1217/2212/1487
f 1208/2213/1488 1209/3033/1498 1216/2211/1486
f 1209/3033/1498 1210/3034/1500 1215/3035/1509
f 1216/2211/1486 1209/3033/1498 1215/3035/1509
f 1210/3034/1500 1211/3036/1499 1213/3037/1504
f 1211/3036/1499 1212/3038/1502 1213/3037/1504
f 1213/3037/1504 1214/3039/1508 1210/3034/1500
f 1214/3039/1508 1215/3035/1509 1210/3034/1500
f 1189/2214/1489 1205/2218/1492 1204/2215/1490
f 1190/2217/1484 1206/3040/1493 1205/2218/1492
f 1191/2219/1483 1207/2223/1494 1206/2220/1493
f 1191/2219/1483 1192/2225/1496 1208/2222/1488
f 1193/2224/1495 1209/2227/1498 1208/2222/1488
f 1194/2226/1497 1210/2229/1500 1209/2227/1498
f 1194/2226/1497 1195/3041/1501 1211/2228/1499
f 1195/2230/1501 1196/2233/1503 1212/2231/1502
f 1196/2233/1503 1197/3042/1506 1213/2234/1504
f 1198/2235/1505 1214/2239/1508 1213/2236/1504
f 1199/2238/1507 1215/2241/1509 1214/2239/1508
f 1199/2238/1507 1200/2242/1510 1216/2240/1486
f 1200/2242/1510 1201/2245/1511 1217/2243/1487
f 1202/2244/1485 1218/2247/1513 1217/2243/1487
f 1203/2246/1512 1219/3043/1514 1218/2247/1513
f 1188/2216/1491 1204/2215/1490 1219/2248/1514
f 1235/2251/1516 1220/3044/1522 1221/2252/1517
f 1221/2252/1517 1222/3045/1523 1234/2250/1515
f 1222/3045/1523 1223/3046/1524 1234/2250/1515
f 1223/3046/1524 1224/3047/1526 1233/3048/1540
f 1224/3047/1526 1225/3049/1527 1232/3050/1539
f 1233/3048/1540 1224/3047/1526 1232/3050/1539
f 1225/3049/1527 1226/3051/1529 1231/3052/1537
f 1226/3051/1529 1227/3053/1531 1229/3054/1534
f 1231/3052/1537 1226/3051/1529 1230/3055/1536
f 1227/3053/1531 1228/3056/1532 1229/3054/1534
f 1229/3054/1534 1230/3055/1536 1226/3051/1529
f 1231/3052/1537 1232/3050/1539 1225/3049/1527
f 1233/3048/1540 1234/2250/1515 1223/3046/1524
f 1236/3057/1521 1251/3058/1542 1237/2254/1519
f 1251/3058/1542 1250/2255/1520 1237/2254/1519
f 1250/2255/1520 1249/3059/1541 1239/3060/1808
f 1249/3059/1541 1248/3061/1538 1240/3062/1525
f 1248/3061/1538 1247/3063/1809 1241/3064/1528
f 1247/3063/1809 1246/3065/1535 1242/3066/1810
f 1246/3065/1535 1245/3067/1811 1242/3066/1810
f 1245/3067/1811 1244/3068/1533 1243/3069/1530
f 1242/3066/1810 1245/3067/1811 1243/3069/1530
f 1242/3066/1810 1241/3064/1528 1247/3063/1809
f 1241/3064/1528 1240/3062/1525 1248/3061/1538
f 1240/3062/1525 1239/3060/1808 1249/3059/1541
f 1239/3060/1808 1238/2253/1518 1250/2255/1520
f 1236/2256/1521 1237/2259/1519 1221/2257/1517
f 1237/2259/1519 1238/3070/1518 1222/2260/1523
f 1238/2261/1518 1239/3071/1808 1223/2262/1524
f 1223/2262/1524 1239/3071/1808 1240/2264/1525
f 1240/2264/1525 1241/2267/1528 1225/2266/1527
f 1241/2267/1528 1242/3072/1810 1226/2268/1529
f 1226/2268/1529 1242/3072/1810 1243/2269/1530
f 1243/2271/1530 1244/2274/1533 1228/2272/1532
f 1244/2274/1533 1245/3073/1811 1229/2275/1534
f 1229/2276/1534 1245/3074/1811 1246/2277/1535
f 1246/2277/1535 1247/3075/1809 1231/2279/1537
f 1231/2279/1537 1247/3075/1809 1248/2280/1538
f 1248/2280/1538 1249/2283/1541 1233/2282/1540
f 1249/2283/1541 1250/2285/1520 1234/2284/1515
f 1250/2285/1520 1251/3076/1542 1235/2286/1516
f 1251/2287/1542 1236/2256/1521 1220/2258/1522
s 0
f 1253/3077/1543 1252/3078/1543 1263/3079/1543
f 1263/3079/1543 1262/2291/1543 1253/3077/1543
f 1262/2291/1543 1261/3080/1543 1255/2289/1543
f 1253/3077/1543 1262/2291/1543 1254/2290/1543
f 1261/3080/1543 1260/3081/1543 1256/3082/1543
f 1260/3081/1543 1259/3083/1543 1256/3082/1543
f 1259/3083/1543 1258/3084/1543 1257/3085/1543
f 1257/3085/1543 1256/3082/1543 1259/3083/1543
f 1256/3082/1543 1255/2289/1543 1261/3080/1543
f 1274/3086/1544 1275/3087/1544 1265/3088/1544
f 1275/3087/1544 1264/3089/1544 1265/3088/1544
f 1265/3088/1544 1266/3090/1544 1274/3086/1544
f 1266/3090/1544 1267/3091/1544 1274/3086/1544
f 1267/3091/1544 1268/2294/1544 1273/2293/1544
f 1274/3086/1544 1267/3091/1544 1273/2293/1544
f 1268/2294/1544 1269/3092/1544 1271/3093/1544
f 1269/3092/1544 1270/3094/1544 1271/3093/1544
f 1271/3093/1544 1272/2292/1544 1268/2294/1544
f 1253/2295/1545 1265/3095/1545 1264/2296/1545
f 1253/2298/1546 1254/2301/1546 1266/2299/1546
f 1254/2301/1547 1255/2304/1547 1267/2302/1547
f 1256/2303/1548 1268/2306/1548 1267/2302/1548
f 1256/2303/1549 1257/3096/1549 1269/2305/1549
f 1258/2307/1550 1270/3097/1550 1269/2308/1550
f 1259/2310/1551 1271/2314/1551 1270/2311/1551
f 1260/2313/1552 1272/2316/1552 1271/2314/1552
f 1261/2315/1553 1273/2318/1553 1272/2316/1553
f 1262/2317/1554 1274/2320/1554 1273/2318/1554
f 1263/2319/1555 1275/3098/1555 1274/2320/1555
f 1263/2321/1556 1252/2297/1556 1264/2296/1556
f 1287/2324/1557 1276/3099/1557 1277/2325/1557
f 1277/2325/1557 1278/3100/1557 1286/2323/1557
f 1278/3100/1557 1279/3101/1557 1286/2323/1557
f 1279/3101/1557 1280/3102/1557 1285/3103/1557
f 1280/3102/1557 1281/3104/1557 1283/3105/1557
f 1281/3104/1557 1282/3106/1557 1283/3105/1557
f 1283/3105/1557 1284/3107/1557 1280/3102/1557
f 1284/3107/1557 1285/3103/1557 1280/3102/1557
f 1285/3103/1557 1286/2323/1557 1279/3101/1557
f 1288/3108/1558 1299/3109/1558 1289/2327/1558
f 1299/3109/1558 1298/2328/1558 1289/2327/1558
f 1298/2328/1558 1297/3110/1558 1291/3111/1558
f 1297/3110/1558 1296/3112/1558 1292/3113/1558
f 1296/3112/1558 1295/3114/1558 1292/3113/1558
f 1295/3114/1558 1294/3115/1558 1293/3116/1558
f 1292/3113/1558 1295/3114/1558 1293/3116/1558
f 1292/3113/1558 1291/3111/1558 1297/3110/1558
f 1291/3111/1558 1290/2326/1558 1298/2328/1558
f 1288/2329/1559 1289/3117/1559 1277/2330/1559
f 1277/2332/1560 1289/3118/1560 1290/2333/1560
f 1278/2334/1561 1290/2333/1561 1291/2335/1561
f 1279/2336/1562 1291/2335/1562 1292/2337/1562
f 1280/2338/1563 1292/2337/1563 1293/2339/1563
f 1281/2341/1564 1293/3119/1564 1294/2342/1564
f 1294/2344/1565 1295/2347/1565 1283/2345/1565
f 1295/2347/1566 1296/2349/1566 1284/2348/1566
f 1296/2349/1567 1297/3120/1567 1285/2350/1567
f 1285/2350/1568 1297/3120/1568 1298/2351/1568
f 1286/2352/1569 1298/2351/1569 1299/2353/1569
f 1299/2355/1570 1288/2329/1570 1276/2331/1570
s 1
f 1315/3121/1599 1300/3122/1579 1308/3123/1589
f 1300/3122/1579 1301/3124/1578 1308/3123/1589
f 1301/3124/1578 1302/3125/1581 1307/3126/1588
f 1302/3125/1581 1303/3127/1582 1306/3128/1587
f 1307/3126/1588 1302/3125/1581 1306/3128/1587
f 1303/3127/1582 1304/3129/1584 1305/3130/1585
f 1303/3127/1582 1305/3130/1585 1306/3128/1587
f 1308/3123/1589 1301/3124/1578 1307/3126/1588
f 1312/2358/1572 1313/3131/1595 1310/2359/1573
f 1313/3131/1595 1314/3132/1597 1309/3133/1591
f 1310/2359/1573 1313/3131/1595 1309/3133/1591
f 1314/3132/1597 1315/3121/1599 1308/3123/1589
f 1308/3123/1589 1309/3133/1591 1314/3132/1597
f 1316/3134/1577 1331/3135/1600 1324/3136/1590
f 1331/3135/1600 1330/3137/1598 1324/3136/1590
f 1330/3137/1598 1329/3138/1596 1325/3139/1592
f 1329/3138/1596 1328/3140/1594 1326/3141/1812
f 1330/3137/1598 1325/3139/1592 1324/3136/1590
f 1328/3140/1594 1327/3142/1593 1326/3141/1812
f 1326/3141/1812 1325/3139/1592 1329/3138/1596
f 1318/2362/1576 1317/3143/1580 1323/2360/1574
f 1317/3143/1580 1316/3134/1577 1324/3136/1590
f 1323/2360/1574 1317/3143/1580 1324/3136/1590
f 1320/3144/1583 1319/3145/1813 1321/3146/1586
f 1319/3145/1813 1318/2362/1576 1322/2361/1575
f 1322/2361/1575 1321/3146/1586 1319/3145/1813
f 1316/2363/1577 1317/2366/1580 1301/2364/1578
f 1317/2366/1580 1318/2368/1576 1302/2367/1581
f 1318/2368/1576 1319/3147/1813 1303/2369/1582
f 1303/2370/1582 1319/3148/1813 1320/2371/1583
f 1320/2373/1583 1321/2376/1586 1305/2374/1585
f 1321/2376/1586 1322/2378/1575 1306/2377/1587
f 1322/2378/1575 1323/2380/1574 1307/2379/1588
f 1323/2380/1574 1324/2382/1590 1308/2381/1589
f 1324/2382/1590 1325/2384/1592 1309/2383/1591
f 1325/2384/1592 1326/3149/1812 1310/2385/1573
f 1310/2385/1573 1326/3149/1812 1327/2386/1593
f 1327/2388/1593 1328/2391/1594 1312/2389/1572
f 1328/2391/1594 1329/2393/1596 1313/2392/1595
f 1329/2393/1596 1330/2395/1598 1314/2394/1597
f 1330/2395/1598 1331/3150/1600 1315/2396/1599
f 1331/2397/1600 1316/2363/1577 1300/2365/1579
s 0
f 1333/2405/1603 1336/3151/1603 1335/2406/1603
f 1334/2408/1604 1337/2600/1604 1336/2409/1604
f 1334/2411/1814 1332/3152/1814 1335/2412/1814
f 1338/2420/1608 1339/3153/1608 1342/2421/1608
f 1339/2423/1609 1340/3154/1609 1343/2424/1609
f 1338/2426/1815 1341/3155/1815 1343/2427/1815
f 1345/2435/1613 1348/3156/1613 1347/2436/1613
f 1346/2438/1614 1349/3157/1614 1348/2439/1614
f 1346/2441/1615 1344/3158/1615 1347/2442/1615
f 1351/2450/1618 1354/3159/1618 1353/2451/1618
f 1351/2453/1619 1352/2555/1619 1355/2447/1619
f 1352/2454/1620 1350/3160/1620 1353/2455/1620
f 1357/2463/1623 1360/3161/1623 1359/2464/1623
f 1357/2466/1624 1358/2551/1624 1361/2467/1624
f 1358/2469/1816 1356/3162/1816 1359/2470/1816
f 1362/2478/1628 1363/3163/1628 1366/2479/1628
f 1363/2481/1629 1364/2538/1629 1367/2482/1629
f 1362/2484/1630 1365/3164/1630 1367/2485/1630
f 1369/2493/1817 1372/3165/1817 1371/2494/1817
f 1370/2496/1634 1373/3166/1634 1372/2497/1634
f 1370/2499/1635 1368/3167/1635 1371/2500/1635
f 1375/2508/1638 1378/3168/1638 1377/2509/1638
f 1376/2511/1639 1379/3169/1639 1378/2512/1639
f 1376/2514/1640 1374/3170/1640 1377/2515/1640
f 1381/2523/1643 1384/3171/1643 1383/2524/1643
f 1382/2496/1644 1385/3166/1644 1384/2526/1644
f 1382/2499/1645 1380/3172/1645 1383/2528/1645
f 1387/2535/1648 1390/3173/1648 1389/2536/1648
f 1388/2538/1649 1391/2482/1649 1390/2539/1649
f 1386/2541/1650 1389/3174/1650 1391/2485/1650
f 1392/2548/1653 1393/3175/1653 1396/2549/1653
f 1394/2551/1818 1397/2467/1818 1396/2552/1818
f 1392/2554/1655 1395/3176/1655 1397/2471/1655
f 1398/2560/1658 1399/3177/1658 1402/2561/1658
f 1400/2563/1659 1403/3178/1659 1402/2564/1659
f 1398/2446/1660 1401/2558/1660 1403/2557/1660
f 1404/2572/1663 1405/3179/1663 1408/2573/1663
f 1406/2438/1664 1409/3157/1664 1408/2575/1664
f 1406/2441/1665 1404/3180/1665 1407/2577/1665
f 1411/2584/1668 1414/3181/1668 1413/2585/1668
f 1411/2587/1819 1412/3154/1819 1415/2424/1819
f 1412/2428/1670 1410/3182/1670 1413/2589/1670
f 1416/2596/1673 1417/3183/1673 1420/2597/1673
f 1417/2599/1820 1418/2408/1820 1421/2600/1820
f 1418/2411/1675 1416/3184/1675 1419/2602/1675
f 1422/2609/1678 1423/3185/1678 1426/2610/1678
f 1423/2612/1679 1424/3186/1679 1427/2613/1679
f 1422/2615/1680 1425/3187/1680 1427/2616/1680
f 1429/2624/1683 1432/3188/1683 1431/2625/1683
f 1430/2627/1684 1433/2761/1684 1432/2628/1684
f 1430/2630/1685 1428/3189/1685 1431/2631/1685
f 1435/2639/1688 1438/3190/1688 1437/2640/1688
f 1436/2642/1689 1439/2636/1689 1438/2638/1689
f 1434/2644/1690 1437/3191/1690 1439/2645/1690
f 1440/2653/1693 1441/3192/1693 1444/2654/1693
f 1441/2656/1694 1442/3193/1694 1445/2657/1694
f 1440/2659/1695 1443/2651/1695 1445/2650/1695
f 1447/2667/1698 1450/3194/1698 1449/2668/1698
f 1447/2670/1699 1448/2727/1699 1451/2671/1699
f 1448/2673/1700 1446/3195/1700 1449/2674/1700
f 1453/2682/1703 1456/3196/1703 1455/2683/1703
f 1453/2685/1704 1454/3197/1704 1457/2686/1704
f 1452/2688/1821 1455/3198/1821 1457/2689/1821
f 1459/2697/1708 1462/3199/1708 1461/2698/1708
f 1460/2700/1709 1463/3200/1709 1462/2701/1709
f 1460/2703/1710 1458/3201/1710 1461/2704/1710
f 1464/2712/1713 1465/3202/1713 1468/2713/1713
f 1465/2715/1822 1466/3197/1822 1469/2686/1822
f 1464/2717/1715 1467/3203/1715 1469/2689/1715
f 1470/2724/1718 1471/3204/1718 1474/2725/1718
f 1472/2727/1719 1475/2671/1719 1474/2728/1719
f 1470/2730/1720 1473/3205/1720 1475/2675/1720
f 1477/2735/1723 1480/3206/1723 1479/2736/1723
f 1478/2648/1724 1481/2732/1724 1480/2734/1724
f 1478/2738/1725 1476/3207/1725 1479/2739/1725
f 1483/2745/1728 1486/3208/1728 1485/2746/1728
f 1483/2748/1729 1484/3209/1729 1487/2749/1729
f 1484/2634/1730 1482/2635/1730 1485/2743/1730
f 1488/2757/1733 1489/3210/1733 1492/2758/1733
f 1489/2760/1734 1490/2627/1734 1493/2761/1734
f 1490/2630/1735 1488/3211/1735 1491/2763/1735
f 1495/2770/1738 1498/3212/1738 1497/2771/1738
f 1495/2773/1739 1496/3186/1739 1499/2613/1739
f 1494/2775/1740 1497/3213/1740 1499/2616/1740
f 1503/2782/1743 1504/3214/1743 1501/2783/1743
f 1501/2785/1744 1504/3215/1744 1505/2786/1744
f 1502/2788/1745 1505/2952/1745 1503/2789/1745
f 1509/2797/1748 1510/3216/1748 1507/2798/1748
f 1507/2800/1749 1510/3217/1749 1511/2801/1749
f 1508/2803/1750 1511/2939/1750 1509/2804/1750
f 1515/2812/1753 1516/3218/1753 1513/2813/1753
f 1513/2815/1823 1516/3219/1823 1517/2816/1823
f 1514/2818/1755 1517/3220/1755 1515/2819/1755
f 1518/2827/1824 1521/3221/1824 1522/2828/1824
f 1519/2830/1759 1522/3222/1759 1523/2831/1759
f 1523/2824/1760 1521/2826/1760 1518/2833/1760
f 1527/2841/1763 1528/3223/1763 1525/2842/1763
f 1528/2844/1764 1529/3224/1764 1526/2845/1764
f 1529/2847/1765 1527/3225/1765 1524/2848/1765
f 1533/2856/1768 1534/3226/1768 1531/2857/1768
f 1534/2859/1769 1535/2890/1769 1532/2860/1769
f 1535/2862/1770 1533/3227/1770 1530/2863/1770
f 1539/2871/1773 1540/3228/1773 1537/2872/1773
f 1540/2874/1774 1541/3229/1774 1538/2875/1774
f 1541/2877/1775 1539/3230/1775 1536/2878/1775
f 1545/2886/1778 1546/3231/1778 1543/2887/1778
f 1543/2889/1779 1546/3232/1779 1547/2890/1779
f 1547/2862/1780 1545/3233/1780 1542/2891/1780
f 1551/2898/1783 1552/3234/1783 1549/2899/1783
f 1552/2901/1784 1553/3224/1784 1550/2845/1784
f 1550/2849/1785 1553/2847/1785 1551/2903/1785
f 1557/2909/1788 1558/3235/1788 1555/2910/1788
f 1555/2821/1789 1558/2907/1789 1559/2906/1789
f 1556/2912/1790 1559/3236/1790 1557/2913/1790
f 1563/2921/1793 1564/3237/1793 1561/2922/1793
f 1564/2924/1794 1565/2816/1794 1562/2817/1794
f 1562/2818/1795 1565/3220/1795 1563/2926/1795
f 1566/2934/1798 1569/3238/1798 1570/2935/1798
f 1570/2937/1799 1571/2801/1799 1568/2802/1799
f 1571/2939/1800 1569/3239/1800 1566/2940/1800
f 1572/2947/1803 1575/3240/1803 1576/2948/1803
f 1576/2950/1804 1577/2786/1804 1574/2787/1804
f 1577/2952/1805 1575/3241/1805 1572/2953/1805
