# Blender 5.0.1
# www.blender.org
mtllib coral_branch_a.mtl
o coral_branch_a_body
usemtl coral_branch_a_body
v 0.046500 0.021427 0.083026
v 0.079915 0.000000 0.045018
v 0.057029 0.008184 -0.004273
v 0.009469 0.034670 0.003271
v 0.002961 0.042854 0.057225
v 0.200448 0.309956 0.040617
v 0.221165 0.296672 0.017052
v 0.206976 0.301746 -0.013508
v 0.177489 0.318167 -0.008831
v 0.173454 0.323241 0.024621
v 0.201437 0.309956 0.045193
v 0.221960 0.289567 0.018195
v 0.206477 0.297355 -0.017377
v 0.176386 0.322558 -0.012365
v 0.173271 0.330346 0.026306
v 0.338256 0.480426 0.009434
v 0.350980 0.467785 -0.007305
v 0.341381 0.472614 -0.029360
v 0.322724 0.488239 -0.026252
v 0.320793 0.493068 -0.002276
v 0.316384 0.480426 0.004571
v 0.342805 0.471109 0.009750
v 0.358200 0.474668 -0.013957
v 0.341294 0.486185 -0.033787
v 0.315451 0.489744 -0.022336
v 0.359455 0.606194 0.040897
v 0.375836 0.600417 0.044108
v 0.385381 0.602624 0.029409
v 0.374899 0.609764 0.017115
v 0.358876 0.611971 0.024214
v 0.339809 0.480426 0.012566
v 0.353666 0.465635 -0.007457
v 0.341488 0.471285 -0.032586
v 0.320105 0.489568 -0.028094
v 0.319067 0.495217 -0.000189
v 0.422618 0.583866 -0.014238
v 0.431209 0.574696 -0.026652
v 0.423659 0.578199 -0.042232
v 0.410401 0.589534 -0.039447
v 0.409757 0.593037 -0.022146
v 0.195906 0.315004 -0.021289
v 0.164743 0.318758 0.002805
v 0.176646 0.310349 0.039593
v 0.215166 0.301397 0.038235
v 0.227070 0.304274 0.000608
v 0.244906 0.519204 0.022619
v 0.225585 0.521531 0.037557
v 0.232965 0.516317 0.060366
v 0.256847 0.510767 0.059524
v 0.264227 0.512551 0.036195
v 0.244906 0.520053 0.019346
v 0.222415 0.522278 0.036693
v 0.231006 0.515929 0.063105
v 0.258806 0.509781 0.062081
v 0.267397 0.512330 0.035037
v 0.280122 0.673484 0.054220
v 0.266177 0.674863 0.064975
v 0.271504 0.670927 0.081350
v 0.288740 0.667115 0.080716
v 0.294066 0.668696 0.063948
v 0.235081 0.516074 0.065407
v 0.259299 0.503123 0.057828
v 0.263626 0.508070 0.030106
v 0.242083 0.524078 0.020552
v 0.224440 0.529025 0.042369
v 0.315083 0.638901 0.090812
v 0.330098 0.630871 0.086113
v 0.332781 0.633938 0.068926
v 0.319424 0.643863 0.063002
v 0.308486 0.646931 0.076528
v -0.099168 0.021427 0.012603
v -0.057046 0.000000 0.040656
v -0.011243 0.008184 0.011407
v -0.025058 0.034670 -0.034724
v -0.079398 0.042854 -0.033985
v -0.039070 0.294462 0.151364
v -0.012954 0.281177 0.168757
v 0.015443 0.286251 0.150622
v 0.006878 0.302672 0.122021
v -0.026812 0.307746 0.122479
v -0.011303 0.301087 0.110047
v -0.043309 0.297138 0.132977
v -0.031084 0.289491 0.169825
v 0.008478 0.288713 0.169669
v 0.020703 0.295880 0.132724
v -0.006383 0.539087 0.170873
v -0.026226 0.536639 0.185089
v -0.018647 0.531898 0.207935
v 0.005881 0.531415 0.207839
v 0.013461 0.535859 0.184933
v -0.009978 0.534980 0.215301
v 0.013659 0.526393 0.201913
v 0.009600 0.529673 0.173905
v -0.016547 0.540286 0.169983
v -0.028647 0.543566 0.195567
v 0.051605 0.686663 0.215227
v 0.066260 0.681340 0.206927
v 0.063743 0.683373 0.189562
v 0.047532 0.689953 0.187130
v 0.040030 0.691987 0.202992
v 0.008785 0.534980 0.172431
v -0.018521 0.526863 0.171991
v -0.029052 0.529963 0.198282
v -0.008255 0.539996 0.214970
v 0.015130 0.543096 0.198994
v -0.037688 0.673711 0.146949
v -0.054618 0.668679 0.146676
v -0.061147 0.670601 0.162976
v -0.048252 0.676821 0.173323
v -0.033754 0.678743 0.163418
v -0.039896 0.294462 0.160809
v -0.006340 0.275998 0.170751
v 0.020357 0.283050 0.142410
v 0.003302 0.305873 0.114951
v -0.033937 0.312926 0.126322
v 0.029972 0.452845 0.249053
v 0.050777 0.441397 0.255217
v 0.067329 0.445770 0.237646
v 0.056755 0.459920 0.220621
v 0.033667 0.464292 0.227671
v 0.024981 0.452845 0.246480
v 0.047078 0.438932 0.257876
v 0.070034 0.444246 0.241862
v 0.062126 0.461443 0.220568
v 0.034281 0.466757 0.223422
v 0.058913 0.548822 0.311387
v 0.072613 0.540197 0.318453
v 0.086846 0.543491 0.308524
v 0.081943 0.554153 0.295322
v 0.064679 0.557448 0.297092
v 0.034530 0.452845 0.258386
v 0.060560 0.441686 0.255288
v 0.068818 0.445948 0.228356
v 0.047892 0.459741 0.214809
v 0.026700 0.464004 0.233368
v 0.102084 0.587512 0.291149
v 0.118223 0.580594 0.289228
v 0.123343 0.583236 0.272531
v 0.110369 0.591788 0.264131
v 0.097230 0.594431 0.275638
v 0.047700 0.453610 0.213819
v 0.024767 0.450777 0.230483
v 0.033526 0.450801 0.257594
v 0.061874 0.453649 0.257684
v 0.070634 0.455385 0.230629
v 0.032776 0.601724 0.227714
v 0.018557 0.599967 0.238047
v 0.023988 0.599982 0.254855
v 0.041564 0.601748 0.254911
v 0.046995 0.602824 0.238137
v -0.043529 0.294462 0.133328
v -0.027774 0.271743 0.161637
v 0.010743 0.280421 0.164257
v 0.018794 0.308503 0.137567
v -0.014748 0.317181 0.118452
v -0.078088 0.455359 0.292197
v -0.068320 0.441273 0.309749
v -0.044439 0.446654 0.311373
v -0.039448 0.464065 0.294825
v -0.060244 0.469445 0.282974
v -0.078616 0.455359 0.285310
v -0.075382 0.444874 0.311603
v -0.048276 0.448879 0.319405
v -0.034757 0.461840 0.297936
v -0.053509 0.465845 0.276864
v -0.106776 0.587444 0.347317
v -0.104771 0.580943 0.363618
v -0.087965 0.583426 0.368456
v -0.079583 0.591462 0.355144
v -0.091209 0.593945 0.342080
v -0.079580 0.455359 0.309463
v -0.056026 0.442020 0.318350
v -0.035350 0.447115 0.299423
v -0.046124 0.463603 0.278839
v -0.073460 0.468699 0.285043
v -0.028156 0.586820 0.387846
v -0.013553 0.578549 0.393356
v -0.000734 0.581708 0.381622
v -0.007414 0.591931 0.368859
v -0.024362 0.595090 0.372706
v -0.006872 0.021427 -0.052546
v -0.052541 0.000000 -0.030738
v -0.050880 0.008184 0.023581
v -0.004184 0.034670 0.035345
v 0.023015 0.042854 -0.011704
v -0.159676 0.299797 -0.072721
v -0.187991 0.286512 -0.059200
v -0.186961 0.291586 -0.025522
v -0.158010 0.308007 -0.018228
v -0.141147 0.313082 -0.047399
v -0.155690 0.299797 -0.076403
v -0.190372 0.285468 -0.063849
v -0.192419 0.290941 -0.024714
v -0.159002 0.308653 -0.013079
v -0.136302 0.314126 -0.045025
v -0.259898 0.511345 -0.099139
v -0.281401 0.502461 -0.091356
v -0.282670 0.505855 -0.067091
v -0.261951 0.516836 -0.059878
v -0.247877 0.520229 -0.079684
v -0.258421 0.511345 -0.102185
v -0.283918 0.501884 -0.093693
v -0.285702 0.505498 -0.065489
v -0.261309 0.517192 -0.056551
v -0.244448 0.520806 -0.079230
v -0.321909 0.654063 -0.115641
v -0.337717 0.648197 -0.110375
v -0.338823 0.650437 -0.092889
v -0.323699 0.657688 -0.087347
v -0.313245 0.659928 -0.101408
v -0.272317 0.511345 -0.103019
v -0.284898 0.495641 -0.082851
v -0.272412 0.501639 -0.057954
v -0.252115 0.521051 -0.062736
v -0.252056 0.527050 -0.090588
v -0.382181 0.634929 -0.067675
v -0.389981 0.625193 -0.055171
v -0.382240 0.628912 -0.039735
v -0.369656 0.640947 -0.042700
v -0.369619 0.644666 -0.059968
v -0.166757 0.293606 -0.077700
v -0.198761 0.297161 -0.054703
v -0.186537 0.304359 -0.017763
v -0.146977 0.305252 -0.017931
v -0.134753 0.298607 -0.054973
v -0.171418 0.495335 -0.102435
v -0.191261 0.497539 -0.088177
v -0.183681 0.502002 -0.065275
v -0.159155 0.502556 -0.065378
v -0.151575 0.498436 -0.088345
v -0.171418 0.493873 -0.105571
v -0.194434 0.498737 -0.089499
v -0.185643 0.504204 -0.062956
v -0.157193 0.502719 -0.062624
v -0.148402 0.496335 -0.088961
v -0.164224 0.627154 -0.126006
v -0.178494 0.630169 -0.116041
v -0.173044 0.633559 -0.099585
v -0.155405 0.632639 -0.099379
v -0.149954 0.628680 -0.115708
v -0.171418 0.496076 -0.105958
v -0.194007 0.502762 -0.089936
v -0.185379 0.504489 -0.062838
v -0.157457 0.498871 -0.062114
v -0.148829 0.493671 -0.088764
v -0.146359 0.619744 -0.112612
v -0.160365 0.623889 -0.102678
v -0.155015 0.624960 -0.085878
v -0.137704 0.621477 -0.085429
v -0.132354 0.618253 -0.101951
v -0.148735 0.499174 -0.090457
v -0.171390 0.487416 -0.103114
v -0.194083 0.491907 -0.086485
v -0.185454 0.506440 -0.063550
v -0.157427 0.510931 -0.066005
v -0.183641 0.625024 -0.157074
v -0.197687 0.617734 -0.164921
v -0.211756 0.620519 -0.154611
v -0.206406 0.629529 -0.140391
v -0.189030 0.632314 -0.141913
v -0.140148 0.299797 -0.065228
v -0.175429 0.283557 -0.072793
v -0.198726 0.289760 -0.041416
v -0.177843 0.309833 -0.014458
v -0.141639 0.316036 -0.029175
v -0.227247 0.513359 -0.156775
v -0.249121 0.503290 -0.161465
v -0.263566 0.507136 -0.142011
v -0.250618 0.519581 -0.125298
v -0.228172 0.523427 -0.134422
v -0.246088 0.513359 -0.168116
v -0.264097 0.501428 -0.149541
v -0.253979 0.505985 -0.123301
v -0.229718 0.520732 -0.125658
v -0.224841 0.525290 -0.153355
v -0.342972 0.675731 -0.149449
v -0.354138 0.668333 -0.137933
v -0.347865 0.671159 -0.121664
v -0.332823 0.680302 -0.123126
v -0.329799 0.683128 -0.140298
v -0.223430 0.513359 -0.157210
v -0.249342 0.505803 -0.166331
v -0.267518 0.508689 -0.144583
v -0.252841 0.518028 -0.122021
v -0.225592 0.520914 -0.129825
v -0.263759 0.685691 -0.202312
v -0.279824 0.681007 -0.207967
v -0.291094 0.682796 -0.194484
v -0.281993 0.688587 -0.180495
v -0.265100 0.690376 -0.185334
v -0.243745 0.515339 -0.168148
v -0.266594 0.510956 -0.151705
v -0.257867 0.509893 -0.124606
v -0.229623 0.513620 -0.124300
v -0.220895 0.516986 -0.151211
v -0.266689 0.687306 -0.144806
v -0.280856 0.684588 -0.134612
v -0.275445 0.683929 -0.117810
v -0.257934 0.686240 -0.117620
v -0.252523 0.688327 -0.134305
v 0.069385 0.021427 -0.020128
v 0.038909 0.000000 -0.060532
v -0.013989 0.008184 -0.048073
v -0.016206 0.034670 0.000031
v 0.035322 0.042854 0.017302
v 0.058293 0.284243 -0.165342
v 0.039398 0.270958 -0.190392
v 0.006601 0.276033 -0.182668
v 0.005227 0.292454 -0.152843
v 0.037174 0.297528 -0.142135
v 0.057027 0.284243 -0.147535
v 0.053516 0.267808 -0.183358
v 0.016593 0.274085 -0.196127
v -0.002716 0.294401 -0.168195
v 0.022273 0.300679 -0.138164
v 0.115404 0.486758 -0.254474
v 0.113228 0.476567 -0.276684
v 0.090335 0.480460 -0.284601
v 0.078364 0.493055 -0.267283
v 0.093857 0.496948 -0.248664
v 0.119773 0.486758 -0.255225
v 0.114752 0.478440 -0.282008
v 0.086909 0.481617 -0.287140
v 0.074721 0.491898 -0.263529
v 0.095033 0.495075 -0.243804
v 0.137365 0.631997 -0.309385
v 0.134252 0.626840 -0.325990
v 0.116989 0.628810 -0.329172
v 0.109433 0.635184 -0.314533
v 0.122026 0.637153 -0.302304
v 0.122301 0.486758 -0.269219
v 0.103085 0.479259 -0.288871
v 0.077170 0.482123 -0.277388
v 0.080369 0.491392 -0.250638
v 0.108262 0.494256 -0.245589
v 0.105970 0.662672 -0.328220
v 0.094056 0.658023 -0.340405
v 0.077989 0.659798 -0.333285
v 0.079972 0.665545 -0.316700
v 0.097266 0.667321 -0.313570
v 0.122367 0.486758 -0.264085
v 0.107453 0.473554 -0.284454
v 0.079803 0.478597 -0.279792
v 0.077629 0.494918 -0.256541
v 0.103935 0.499961 -0.246833
v 0.122791 0.634195 -0.367536
v 0.113544 0.626009 -0.380165
v 0.096401 0.629136 -0.377275
v 0.095053 0.639255 -0.362859
v 0.111363 0.642382 -0.356841
v 0.062970 0.284243 -0.165288
v 0.040850 0.267277 -0.193371
v 0.002822 0.273758 -0.184562
v 0.001439 0.294729 -0.151035
v 0.038612 0.301209 -0.139123
v 0.054389 0.447218 -0.267585
v 0.040675 0.436699 -0.284996
v 0.017097 0.440717 -0.279535
v 0.016240 0.453719 -0.258748
v 0.039287 0.457737 -0.251363
v 0.041599 0.447218 -0.245590
v 0.056369 0.439089 -0.268556
v 0.039587 0.442194 -0.291369
v 0.014446 0.452242 -0.282502
v 0.015689 0.455347 -0.254209
v 0.086014 0.580793 -0.271020
v 0.095172 0.575753 -0.285259
v 0.084767 0.577678 -0.299403
v 0.069179 0.583908 -0.293906
v 0.069950 0.585833 -0.276364
v 0.042823 0.447218 -0.246059
v 0.056481 0.439539 -0.269854
v 0.038432 0.442472 -0.291702
v 0.013620 0.451964 -0.281410
v 0.016333 0.454897 -0.253201
v 0.077159 0.563233 -0.270272
v 0.085627 0.558472 -0.285024
v 0.074437 0.560290 -0.298570
v 0.059053 0.566175 -0.292189
v 0.060736 0.567993 -0.274700
v 0.052468 0.447218 -0.283578
v 0.025860 0.439351 -0.290044
v 0.009863 0.442356 -0.266662
v 0.026583 0.452081 -0.245744
v 0.052915 0.455086 -0.256199
v 0.018820 0.563887 -0.310922
v 0.002323 0.559009 -0.314931
v -0.007596 0.560872 -0.300434
v 0.002771 0.566902 -0.287465
v 0.019097 0.568765 -0.293947
v 0.029339 0.284966 -0.200328
v -0.002087 0.278368 -0.177206
v 0.009916 0.279889 -0.139532
v 0.048761 0.287428 -0.139370
v 0.060765 0.290565 -0.176944
v -0.005356 0.463392 -0.183702
v -0.024840 0.459302 -0.169367
v -0.017398 0.460245 -0.146009
v 0.006686 0.464918 -0.145908
v 0.014128 0.466864 -0.169204
v -0.005356 0.468830 -0.186348
v -0.028228 0.461993 -0.170796
v -0.019492 0.456471 -0.144247
v 0.008779 0.459894 -0.143390
v 0.017515 0.467532 -0.169410
v -0.019750 0.578453 -0.149411
v -0.033931 0.574214 -0.139769
v -0.028514 0.570790 -0.123308
v -0.010986 0.572913 -0.122777
v -0.005570 0.577648 -0.138909
v 0.011724 0.462944 -0.180031
v -0.014370 0.451745 -0.182349
v -0.028007 0.456023 -0.157703
v -0.010341 0.469865 -0.140153
v 0.014214 0.474143 -0.153953
v -0.043735 0.587110 -0.222144
v -0.059913 0.580167 -0.223580
v -0.068368 0.582819 -0.208300
v -0.057415 0.591402 -0.197419
v -0.042191 0.594054 -0.205975
v -0.005356 0.461249 -0.187014
v -0.028092 0.458645 -0.170044
v -0.019408 0.461982 -0.143116
v 0.008695 0.466649 -0.143443
v 0.017380 0.466196 -0.170573
v -0.024384 0.575912 -0.185820
v -0.038480 0.574297 -0.175299
v -0.033096 0.576366 -0.158603
v -0.015672 0.579260 -0.158806
v -0.010288 0.578979 -0.175627
vn 0.8958 -0.4105 0.1703
vn 0.1821 0.0472 0.9821
vn 0.4070 -0.2356 -0.8825
vn -0.6089 0.3301 -0.7214
vn -0.7479 0.5049 0.4311
vn -0.4760 -0.8762 0.0755
vn 0.4760 0.8762 -0.0755
vn 0.8090 -0.5602 0.1780
vn 0.2003 0.0445 0.9787
vn 0.3498 -0.3292 -0.8771
vn -0.5427 0.4183 -0.7284
vn -0.6351 0.6492 0.4186
vn -0.6351 0.6492 0.4185
vn -0.6283 -0.7709 0.1047
vn 0.6283 0.7709 -0.1047
vn 0.3460 -0.3225 0.8811
vn -0.7418 0.0611 0.6679
vn 0.9798 -0.1760 -0.0949
vn 0.2838 0.2982 -0.9113
vn -0.7802 0.4447 -0.4399
vn -0.2623 -0.9146 -0.3076
vn 0.2623 0.9147 0.3076
vn 0.8183 -0.5566 0.1431
vn 0.2479 0.0522 0.9674
vn 0.3170 -0.3241 -0.8913
vn -0.5633 0.4286 -0.7064
vn -0.6060 0.6611 0.4423
vn -0.6280 -0.7669 0.1319
vn 0.6280 0.7669 -0.1319
vn 0.0136 0.2071 -0.9782
vn -0.9105 0.3184 -0.2637
vn -0.5575 0.0690 0.8273
vn 0.5848 -0.1964 0.7870
vn 0.9378 -0.1111 -0.3289
vn -0.2288 -0.9625 -0.1460
vn 0.2288 0.9625 0.1460
vn 0.0125 0.2189 -0.9757
vn -0.9140 0.3105 -0.2611
vn -0.5601 0.0490 0.8270
vn 0.5851 -0.2043 0.7848
vn 0.9390 -0.0993 -0.3293
vn -0.2188 -0.9625 -0.1602
vn 0.2188 0.9625 0.1602
vn -0.3728 0.0512 0.9265
vn 0.6246 -0.4822 0.6144
vn 0.8028 -0.2784 -0.5273
vn -0.0845 0.3808 -0.9208
vn -0.8110 0.5846 -0.0223
vn -0.5136 -0.8272 -0.2278
vn 0.5136 0.8272 0.2278
vn -0.0490 -0.4077 0.9118
vn -0.9485 0.0499 0.3127
vn 0.9291 -0.2329 0.2871
vn 0.6341 0.3327 -0.6980
vn -0.5264 0.5075 -0.6822
vn -0.1383 -0.8762 -0.4617
vn 0.1382 0.8762 0.4617
vn -0.9485 0.1304 -0.2886
vn 0.0010 0.2476 -0.9689
vn -0.5858 -0.0965 0.8047
vn 0.5879 -0.1195 0.8000
vn 0.9506 0.0931 -0.2961
vn -0.0201 -0.9802 -0.1968
vn 0.0201 0.9802 0.1968
vn 0.8464 -0.3015 0.4390
vn -0.1274 0.0522 0.9905
vn 0.6791 -0.1664 -0.7149
vn -0.3980 0.2708 -0.8765
vn -0.8965 0.4059 0.1775
vn -0.3684 -0.9280 -0.0553
vn 0.3684 0.9280 0.0553
vn -0.5169 -0.2762 -0.8102
vn 0.6076 0.0580 -0.7921
vn -0.9506 -0.1485 0.2725
vn -0.0941 0.2646 0.9597
vn 0.8689 0.3923 0.3018
vn 0.2746 -0.9360 0.2204
vn -0.2746 0.9360 -0.2204
vn 0.1672 -0.4936 0.8535
vn -0.8276 0.0538 0.5587
vn 0.9586 -0.2845 0.0133
vn 0.1671 -0.4936 0.8535
vn 0.4530 0.3921 -0.8007
vn -0.6509 0.6011 -0.4636
vn -0.3043 -0.8169 -0.4900
vn 0.3043 0.8169 0.4900
vn -0.0096 -0.5116 0.8592
vn -0.9187 0.0608 0.3903
vn 0.9349 -0.2929 0.2003
vn 0.6095 0.4146 -0.6757
vn -0.5361 0.6332 -0.5583
vn -0.2102 -0.7973 -0.5658
vn 0.2102 0.7973 0.5658
vn -0.5182 0.0523 0.8537
vn 0.5540 -0.4074 0.7261
vn 0.8941 -0.2318 -0.3832
vn 0.0322 0.3363 -0.9412
vn -0.8407 0.5119 -0.1768
vn -0.4064 -0.8750 -0.2631
vn 0.4064 0.8750 0.2631
vn -0.0062 0.0928 -0.9957
vn -0.9507 -0.0239 -0.3093
vn -0.5899 -0.0229 0.8072
vn 0.5776 0.0944 0.8109
vn 0.9383 0.1659 -0.3033
vn 0.1000 -0.9945 -0.0314
vn -0.1000 0.9945 0.0314
vn -0.5000 -0.6345 0.5894
vn -0.9674 0.0394 -0.2503
vn 0.6425 -0.3771 0.6671
vn 0.8813 0.4559 -0.1246
vn -0.1137 0.7133 -0.6916
vn 0.2049 -0.7045 -0.6795
vn -0.2049 0.7045 0.6795
vn -0.8596 0.0552 -0.5080
vn -0.7264 -0.3766 0.5748
vn -0.8596 0.0552 -0.5079
vn 0.3899 -0.2117 0.8962
vn 0.9466 0.3221 0.0120
vn 0.1744 0.4870 -0.8558
vn 0.2424 -0.8905 -0.3850
vn -0.2424 0.8905 0.3850
vn 0.1011 -0.5030 0.8584
vn -0.8692 0.0465 0.4922
vn 0.9528 -0.2931 0.0787
vn 0.5090 0.3861 -0.7693
vn -0.6171 0.5960 -0.5137
vn -0.2684 -0.8155 -0.5127
vn 0.2684 0.8155 0.5127
vn -0.7575 -0.4087 -0.5090
vn 0.2178 0.0489 -0.9748
vn -0.7221 -0.2339 0.6511
vn 0.2752 0.3317 0.9023
vn 0.8561 0.5065 -0.1025
vn 0.4673 -0.8762 0.1177
vn -0.4673 0.8762 -0.1177
vn -0.7234 -0.3768 -0.5786
vn 0.3055 0.0483 -0.9510
vn -0.7841 -0.2144 0.5824
vn 0.2072 0.3110 0.9275
vn 0.8806 0.4734 -0.0201
vn 0.4227 -0.8942 0.1472
vn -0.4227 0.8942 -0.1472
vn -0.7294 -0.3361 -0.5958
vn 0.3208 0.0536 -0.9456
vn -0.8029 -0.1873 0.5659
vn 0.2019 0.2944 0.9341
vn 0.8964 0.4433 -0.0001
vn 0.3854 -0.9119 0.1412
vn -0.3854 0.9119 -0.1412
vn -0.2651 0.0399 -0.9634
vn -0.7834 -0.6072 -0.1324
vn -0.2690 -0.3600 0.8933
vn 0.5673 0.4398 0.6963
vn 0.5697 0.6869 -0.4512
vn 0.6632 -0.7320 -0.1562
vn -0.6632 0.7320 0.1562
vn -0.0014 -0.1217 -0.9926
vn -0.9504 -0.0163 -0.3107
vn -0.5879 0.1971 0.7846
vn 0.5850 0.2236 0.7796
vn 0.9475 0.0265 -0.3187
vn 0.0230 -0.9827 0.1839
vn -0.0230 0.9827 -0.1839
vn -0.9438 0.0485 -0.3268
vn 0.0036 -0.1517 -0.9884
vn -0.5819 0.2735 0.7659
vn 0.5892 0.2124 0.7795
vn -0.5819 0.2735 0.7658
vn 0.9511 -0.0504 -0.3046
vn -0.0534 -0.9744 0.2184
vn 0.0534 0.9744 -0.2184
vn -0.9151 0.2185 -0.3389
vn 0.0145 -0.0566 -0.9983
vn -0.5600 0.2896 0.7762
vn 0.5890 0.0584 0.8060
vn 0.9441 -0.1556 -0.2907
vn -0.1988 -0.9720 0.1253
vn 0.1988 0.9720 -0.1253
vn -0.0101 -0.4302 -0.9027
vn 0.9228 0.0540 -0.3815
vn -0.9447 -0.2452 -0.2179
vn -0.5893 0.3533 0.7266
vn 0.5649 0.5382 0.6255
vn 0.1796 -0.8601 0.4774
vn -0.1796 0.8601 -0.4774
vn -0.2733 -0.4374 -0.8567
vn 0.7735 0.0444 -0.6323
vn -0.9645 -0.2534 0.0742
vn -0.3449 0.3422 0.8740
vn 0.7292 0.5262 0.4374
vn 0.3107 -0.8618 0.4010
vn -0.3107 0.8618 -0.4010
vn -0.8638 -0.4503 -0.2262
vn -0.1216 0.0415 -0.9917
vn -0.4468 -0.2624 0.8553
vn 0.5531 0.3454 0.7581
vn 0.7541 0.5332 -0.3834
vn 0.5152 -0.8556 -0.0501
vn -0.5152 0.8556 0.0501
vn -0.2397 -0.2637 -0.9343
vn 0.8281 0.0476 -0.5585
vn -0.9887 -0.1448 -0.0381
vn -0.3838 0.2401 0.8916
vn 0.7390 0.3590 0.5700
vn 0.1788 -0.9447 0.2748
vn -0.1788 0.9447 -0.2748
vn -0.9484 -0.0470 -0.3135
vn -0.0069 0.1336 -0.9910
vn -0.5888 -0.0908 0.8032
vn 0.5750 0.0627 0.8158
vn 0.9346 0.2014 -0.2931
vn 0.1313 -0.9880 -0.0810
vn -0.1313 0.9880 0.0810
vn 0.3478 -0.4057 -0.8453
vn 0.9985 0.0518 0.0175
vn -0.7818 -0.2310 -0.5792
vn -0.8291 0.3346 0.4479
vn 0.2712 0.5093 0.8167
vn -0.0222 -0.8762 0.4814
vn 0.0222 0.8762 -0.4814
vn 0.8372 0.0464 0.5450
vn 0.7330 -0.4411 -0.5177
vn -0.3623 -0.2549 -0.8965
vn -0.9351 0.3478 -0.0679
vn -0.1938 0.5340 0.8230
vn -0.2920 -0.8581 0.4223
vn 0.2920 0.8581 -0.4223
vn 0.8968 0.0551 0.4390
vn 0.6900 -0.2875 -0.6642
vn 0.8968 0.0551 0.4389
vn -0.4569 -0.1567 -0.8756
vn -0.9589 0.2668 0.0969
vn -0.1222 0.3976 0.9094
vn -0.1655 -0.9326 0.3206
vn 0.1655 0.9326 -0.3206
vn 0.1979 -0.2623 -0.9445
vn 0.9898 0.0468 -0.1346
vn -0.8701 -0.1442 -0.4712
vn -0.7383 0.2377 0.6312
vn 0.4112 0.3558 0.8392
vn 0.0386 -0.9456 0.3230
vn -0.0386 0.9456 -0.3230
vn 0.9971 0.0419 0.0638
vn 0.3825 -0.5022 -0.7756
vn -0.7569 -0.2944 -0.5834
vn -0.8465 0.3782 0.3747
vn 0.2375 0.5860 0.7747
vn -0.0533 -0.8197 0.5704
vn 0.0533 0.8197 -0.5704
vn 0.3427 -0.4466 -0.8265
vn 0.9984 0.0563 0.0060
vn -0.7846 -0.2545 -0.5654
vn -0.8256 0.3671 0.4285
vn 0.2763 0.5592 0.7816
vn -0.0219 -0.8480 0.5295
vn 0.0219 0.8480 -0.5295
vn 0.3533 0.0602 0.9336
vn 0.9615 -0.2745 -0.0121
vn 0.2705 -0.1466 -0.9515
vn -0.7647 0.2671 -0.5864
vn -0.7136 0.3950 0.5787
vn -0.3326 -0.9357 0.1173
vn 0.3326 0.9357 -0.1173
vn 0.9670 -0.2456 -0.0675
vn 0.4050 0.0704 0.9116
vn 0.2244 -0.1249 -0.9665
vn -0.7966 0.2657 -0.5430
vn -0.6850 0.3863 0.6177
vn -0.3077 -0.9429 0.1276
vn 0.3077 0.9429 -0.1277
vn -0.3317 -0.2542 -0.9085
vn 0.7632 0.0695 -0.6424
vn -0.9900 -0.1305 0.0537
vn -0.3019 0.2696 0.9144
vn -0.3020 0.2696 0.9144
vn 0.7816 0.3933 0.4842
vn 0.2131 -0.9399 0.2666
vn -0.2131 0.9399 -0.2666
vn -0.9447 -0.1053 -0.3106
vn -0.0134 0.0902 -0.9958
vn -0.5889 -0.0603 0.8059
vn 0.5622 0.1631 0.8107
vn 0.9180 0.2561 -0.3028
vn 0.1905 -0.9815 -0.0211
vn -0.1906 0.9815 0.0211
vn -0.0098 0.3181 -0.9480
vn -0.9506 0.0369 -0.3083
vn -0.5912 -0.1902 0.7838
vn 0.5717 -0.0494 0.8190
vn 0.9310 0.2648 -0.2513
vn 0.1239 -0.9626 -0.2410
vn -0.1239 0.9626 0.2410
vn -0.3935 -0.4046 -0.8255
vn 0.6810 0.0565 -0.7301
vn -0.9550 -0.2284 0.1893
vn -0.9550 -0.2285 0.1893
vn -0.2276 0.3415 0.9119
vn 0.7835 0.5177 0.3437
vn 0.3447 -0.8740 0.3424
vn -0.3447 0.8740 -0.3424
vn -0.0130 0.0083 -0.9999
vn -0.9482 -0.0989 -0.3019
vn -0.5910 0.0384 0.8058
vn 0.5650 0.2303 0.7923
vn 0.9222 0.2117 -0.3236
vn 0.1642 -0.9840 0.0690
vn -0.1642 0.9840 -0.0690
vn 0.2623 0.9146 0.3076
vn 0.1383 0.8762 0.4617
vn 0.3043 0.8169 0.4899
vn -0.1655 -0.9326 0.3207
vn 0.1655 0.9326 -0.3207
vn -0.0218 -0.8480 0.5295
vn 0.3077 0.9429 -0.1276
vn -0.1905 0.9815 0.0211
vt 0.184445 -0.042854
vt 0.425509 0.577059
vt 0.117613 0.000000
vt 0.067429 -0.026485
vt 0.024778 0.550489
vt -0.031153 -0.042854
vt -0.043552 0.026485
vt -0.438566 0.560638
vt -0.138672 -0.026485
vt 0.055568 0.042854
vt -0.076543 0.593480
vt -0.052340 0.026485
vt 0.030536 0.042854
vt 0.371521 0.603628
vt 0.030536 -0.055568
vt 0.043552 0.052340
vt 0.138672 0.067429
vt 0.425509 0.022352
vt 0.466944 -0.024778
vt 0.438566 -0.085899
vt 0.468533 0.536280
vt 0.701126 0.917999
vt 0.427488 0.577059
vt 0.093637 0.551856
vt 0.073493 0.892716
vt 0.022492 0.536280
vt -0.437568 0.551856
vt -0.670062 0.933624
vt -0.707375 0.902373
vt -0.006271 0.617837
vt -0.111387 0.933624
vt -0.083612 0.602261
vt 0.666200 0.943281
vt 0.371156 0.617837
vt 0.371156 0.006271
vt 0.437568 0.093637
vt 0.468533 0.022492
vt 0.701126 -0.040015
vt 0.726574 -0.073493
vt 0.707375 -0.117602
vt 0.710224 0.899363
vt 0.743524 1.169534
vt 0.657382 0.917999
vt 0.086797 0.906481
vt -0.029333 1.157980
vt 0.039383 0.899363
vt 0.126457 0.929516
vt 0.000064 1.162394
vt -0.655515 0.936634
vt -0.774412 1.176675
vt -0.707202 0.929516
vt -0.049740 0.917999
vt -0.010454 1.181088
vt -0.103555 0.936634
vt 0.655515 0.103555
vt 0.707202 0.126457
vt 0.741014 0.086797
vt 0.776285 0.029333
vt 0.795376 -0.000064
vt 0.774412 -0.024653
vt 0.731946 0.888417
vt 0.869849 1.124879
vt 0.704231 0.917999
vt 0.073796 0.888417
vt 0.143346 1.113544
vt 0.112186 1.106538
vt -0.664823 0.936281
vt -0.871932 1.113544
vt -0.707591 0.899716
vt -0.115071 0.936281
vt -0.103175 1.143219
vt -0.137777 1.136214
vt 0.844129 1.143219
vt 0.662747 0.947581
vt 0.662747 0.059261
vt 0.664823 0.115071
vt 0.707591 0.124054
vt 0.887032 -0.112186
vt 0.871932 -0.143346
vt 0.845416 -0.137777
vt -0.416426 0.587154
vt -0.475783 1.000208
vt -0.514425 0.995553
vt 0.020303 0.577843
vt 0.016232 1.000208
vt -0.053273 0.594662
vt 0.454946 0.559940
vt 0.490543 0.989780
vt 0.377906 0.577843
vt 0.057666 0.565695
vt -0.060166 0.978681
vt -0.017588 0.559940
vt -0.553068 0.982248
vt -0.478753 0.565695
vt 0.478753 0.057666
vt 0.377906 -0.020303
vt 0.354100 0.053273
vt 0.475783 0.016232
vt 0.490543 0.061849
vt 0.538308 0.060166
vt -0.514425 0.997252
vt -0.556968 1.306872
vt -0.584857 1.304114
vt 0.067327 0.989004
vt 0.071067 1.306872
vt 0.014503 1.001701
vt 0.542225 0.976708
vt 0.567621 1.299000
vt 0.486625 0.989004
vt -0.011192 0.981805
vt -0.102549 1.291376
vt -0.065280 0.976708
vt -0.612745 1.294537
vt -0.559407 0.981805
vt 0.559407 -0.011192
vt 0.486625 -0.067327
vt 0.469444 -0.014503
vt 0.556968 0.071067
vt 0.567621 0.103818
vt 0.602093 0.102549
vt 0.494775 0.989294
vt 0.684809 1.218888
vt 0.654779 1.234948
vt -0.001330 0.973286
vt -0.113344 1.218888
vt -0.056774 0.963392
vt -0.551866 0.973286
vt -0.663461 1.244873
vt -0.690175 1.225022
vt -0.473495 1.015196
vt -0.508779 1.005303
vt 0.025855 1.015196
vt 0.122741 1.234948
vt 0.094174 1.251007
vt 0.473495 -0.025855
vt 0.508779 0.017778
vt 0.551866 -0.001330
vt 0.684809 0.113344
vt 0.690175 0.078969
vt 0.663461 0.067121
vt -0.089478 -0.042854
vt -0.053525 0.546069
vt -0.173721 0.000000
vt 0.055500 0.529648
vt -0.001294 0.519500
vt 0.128331 0.026485
vt -0.242362 0.529648
vt 0.036069 -0.026485
vt 0.134182 0.042854
vt -0.038370 0.562490
vt 0.025502 0.026485
vt -0.126853 0.042854
vt 0.243845 0.546069
vt 0.186076 0.572639
vt -0.134182 0.126853
vt -0.025502 0.128331
vt 0.002127 0.036069
vt -0.001294 0.278631
vt 0.055500 0.242362
vt 0.038370 0.185159
vt 0.062004 0.551423
vt -0.011848 1.035321
vt -0.002008 0.559320
vt 0.207071 0.551423
vt 0.356988 1.020941
vt 0.311296 1.030424
vt 0.041570 0.534572
vt -0.012680 1.020941
vt -0.037554 0.536127
vt -0.206566 0.548905
vt -0.356795 1.019977
vt -0.280456 0.534572
vt -0.051536 1.028863
vt -0.066020 0.548905
vt 0.066020 -0.206566
vt 0.041570 -0.280456
vt -0.037554 -0.280768
vt 0.011848 0.282863
vt -0.012680 0.356988
vt 0.036377 0.356795
vt 0.051933 1.009932
vt 0.127823 1.330472
vt 0.004657 1.027105
vt -0.344944 1.009932
vt -0.320241 1.323892
vt -0.354971 1.319825
vt -0.043813 1.016492
vt -0.119677 1.337053
vt -0.152099 1.323892
vt 0.332251 1.044278
vt 0.315377 1.337053
vt 0.281083 1.037719
vt 0.104673 1.341120
vt -0.032680 1.044278
vt -0.008481 -0.281083
vt 0.043813 -0.288928
vt 0.051933 -0.344944
vt 0.157133 0.354971
vt 0.152099 0.320241
vt 0.119677 0.315377
vt 0.012429 1.010873
vt 0.050762 1.304567
vt -0.042183 1.027105
vt 0.337681 1.017073
vt 0.234470 1.294503
vt 0.285100 1.010873
vt 0.008105 1.037138
vt -0.097680 1.298347
vt -0.033491 1.017073
vt -0.042894 1.314631
vt -0.071891 1.310787
vt -0.285980 1.027105
vt -0.267953 1.314631
vt -0.339105 1.043338
vt 0.008105 -0.371058
vt -0.033491 -0.337681
vt -0.012429 -0.285100
vt -0.084622 0.234470
vt -0.097680 0.267070
vt -0.071891 0.287763
vt 0.011933 0.509141
vt 0.084558 0.862835
vt -0.055179 0.546069
vt -0.225937 0.523247
vt -0.451552 0.839940
vt -0.282620 0.509141
vt -0.382360 0.876985
vt -0.416409 0.848685
vt 0.043260 0.582997
vt -0.138124 0.876985
vt -0.031217 0.568892
vt 0.262735 0.546069
vt 0.396460 0.885730
vt 0.193761 0.582997
vt -0.043260 -0.193761
vt 0.065328 -0.225937
vt 0.011933 -0.282620
vt 0.084558 0.439223
vt 0.159272 0.416409
vt 0.138124 0.382360
vt 0.118769 0.835011
vt 0.142440 1.054790
vt 0.074576 0.862835
vt 0.198306 1.044129
vt 0.169840 1.037539
vt -0.382254 0.880032
vt -0.558166 1.044129
vt -0.424841 0.845639
vt -0.093176 0.890660
vt -0.188499 1.065452
vt -0.148865 0.880032
vt 0.434077 0.862835
vt 0.535301 1.072042
vt 0.387962 0.890660
vt 0.093176 -0.387962
vt 0.148865 -0.382254
vt 0.164682 -0.424841
vt 0.142440 0.563892
vt 0.169840 0.578024
vt 0.198306 0.558166
vt 0.093673 0.862835
vt 0.261060 1.118333
vt 0.228783 1.132171
vt -0.397830 0.849042
vt -0.519574 1.118333
vt -0.451694 0.840517
vt -0.162250 0.849042
vt -0.245352 1.140723
vt -0.271301 1.123619
vt -0.078015 0.885153
vt -0.120398 0.876628
vt 0.457889 0.862835
vt 0.492393 1.146008
vt 0.407854 0.885153
vt 0.120398 -0.370736
vt 0.162250 -0.397830
vt 0.145733 -0.451694
vt 0.228783 0.523415
vt 0.271301 0.486179
vt 0.245352 0.469380
vt -0.120014 0.864366
vt -0.061728 1.157081
vt -0.090165 1.160594
vt 0.456305 0.858748
vt 0.417211 1.157081
vt 0.402084 0.858700
vt 0.148361 0.864444
vt 0.072590 1.157110
vt 0.091666 0.858748
vt -0.456485 0.864444
vt -0.417392 1.162794
vt -0.450939 1.160642
vt -0.118603 1.162794
vt -0.165881 0.867916
vt 0.165881 -0.402376
vt 0.148361 -0.456485
vt 0.091666 -0.456305
vt 0.090165 0.396546
vt 0.072590 0.450827
vt 0.107741 0.450939
vt 0.264392 0.500631
vt 0.525512 0.867864
vt 0.207774 0.546069
vt 0.046100 0.517987
vt -0.112027 0.839693
vt -0.030935 0.500631
vt -0.269632 0.517987
vt -0.530768 0.885275
vt -0.563864 0.850453
vt -0.004883 0.178022
vt -0.054283 0.530768
vt 0.062201 0.216253
vt 0.507066 0.896036
vt 0.178022 0.591507
vt -0.004883 -0.178022
vt 0.062201 -0.216253
vt 0.046100 -0.269632
vt -0.131563 0.525512
vt -0.112027 0.560615
vt -0.064265 0.563864
vt 0.511738 0.867864
vt 0.668353 1.119032
vt 0.635751 1.132034
vt -0.071938 0.854903
vt -0.184928 1.119032
vt -0.126151 0.846893
vt -0.579929 0.854903
vt -0.651406 1.140070
vt -0.678029 1.123998
vt -0.494845 0.888835
vt -0.536989 0.880825
vt 0.082404 0.888835
vt 0.188938 1.132034
vt 0.157805 1.145036
vt -0.082404 -0.494845
vt -0.071938 -0.579929
vt -0.126151 -0.564323
vt -0.188938 0.635751
vt -0.184928 0.668353
vt -0.151316 0.678029
vt -0.087439 0.841186
vt -0.031699 1.130785
vt -0.134546 0.867864
vt -0.539964 0.851376
vt -0.727830 1.114244
vt -0.577818 0.841186
vt -0.678836 1.141008
vt -0.704361 1.120562
vt 0.067635 0.884353
vt 0.024111 1.147326
vt -0.009785 1.141008
vt 0.560043 0.867864
vt 0.686529 1.147326
vt 0.511204 0.894543
vt -0.122306 -0.511204
vt -0.067635 -0.498795
vt -0.046086 -0.539964
vt -0.002493 0.727830
vt 0.023146 0.704361
vt 0.009785 0.678836
vt 0.080468 -0.042854
vt 0.294739 0.556740
vt -0.010870 0.000000
vt -0.011720 -0.026485
vt -0.177283 0.530170
vt -0.120359 -0.042854
vt 0.016246 0.026485
vt -0.349309 0.540319
vt -0.077146 -0.026485
vt -0.011808 0.026485
vt 0.153680 0.583309
vt 0.095339 0.573161
vt 0.163974 0.000000
vt 0.082290 0.042854
vt 0.070643 0.082290
vt 0.016246 -0.011808
vt -0.077146 0.011720
vt -0.294739 -0.204324
vt -0.349309 -0.109926
vt -0.291406 -0.095339
vt 0.356131 0.528082
vt 0.495182 0.979836
vt 0.286766 0.556740
vt -0.186581 0.528082
vt -0.193065 0.968855
vt -0.241593 0.962068
vt -0.293390 0.574451
vt -0.540726 0.968855
vt -0.360225 0.539028
vt 0.085041 0.574451
vt 0.218251 0.997604
vt 0.178639 0.990817
vt 0.148932 0.585398
vt 0.257159 0.979836
vt -0.247990 0.148932
vt -0.360225 0.108309
vt -0.356131 0.186581
vt -0.538188 -0.241593
vt -0.540726 -0.193065
vt -0.499289 -0.178639
vt 0.543222 0.960915
vt 0.619204 1.265271
vt 0.492229 0.979836
vt -0.189861 0.968142
vt -0.279633 1.253540
vt -0.246268 0.960915
vt -0.546790 0.968142
vt -0.622784 1.272521
vt -0.653032 1.258021
vt 0.217343 0.998758
vt 0.233577 1.272521
vt 0.171984 0.991530
vt 0.263253 0.979836
vt 0.261699 1.277002
vt -0.498003 0.171984
vt -0.546790 0.189861
vt -0.543222 0.246268
vt -0.619204 -0.290164
vt -0.650819 -0.279633
vt -0.653032 -0.244660
vt 0.520020 0.979836
vt 0.755349 1.207531
vt 0.739748 1.227005
vt -0.174791 0.960424
vt -0.169224 1.207531
vt -0.224583 0.948427
vt -0.479616 0.999248
vt -0.739867 1.214969
vt -0.520211 0.960424
vt 0.240058 1.011245
vt 0.144282 1.239040
vt 0.184355 0.999248
vt 0.714624 1.246478
vt 0.479497 1.011245
vt -0.479616 0.184355
vt -0.520211 0.174791
vt -0.545183 0.224583
vt -0.755349 -0.169224
vt -0.739867 -0.138353
vt -0.714698 -0.144282
vt 0.308900 0.544357
vt 0.357907 0.952224
vt 0.318222 0.947816
vt -0.094409 0.565864
vt -0.235237 0.952224
vt -0.168288 0.551468
vt -0.269341 0.567651
vt -0.342749 0.961150
vt -0.348460 0.565864
vt 0.094744 0.567651
vt 0.235572 0.954017
vt 0.189639 0.962258
vt 0.278537 0.954017
vt 0.244892 0.554359
vt -0.244892 0.168829
vt -0.269341 0.094744
vt -0.348460 0.094409
vt -0.357907 -0.235237
vt -0.342749 -0.189432
vt -0.293696 -0.189639
vt 0.364255 0.954619
vt 0.303835 1.211454
vt 0.318222 0.944892
vt -0.184795 0.965554
vt -0.290965 1.217485
vt -0.237880 0.954619
vt -0.289773 0.962585
vt -0.321473 1.224264
vt -0.346672 0.965554
vt 0.184130 0.962585
vt 0.290298 1.214506
vt 0.257640 1.222424
vt 0.275295 1.214506
vt 0.272190 0.949815
vt -0.272190 0.236804
vt -0.346672 0.184795
vt -0.364255 0.237880
vt -0.332375 -0.290965
vt -0.321473 -0.258052
vt -0.286196 -0.257640
vt 0.363400 0.962670
vt 0.268105 1.196634
vt 0.318222 0.949297
vt -0.238754 0.962670
vt -0.230638 1.207067
vt -0.264238 1.204925
vt -0.290301 0.954887
vt -0.285416 1.207067
vt -0.346144 0.966124
vt 0.183111 0.954887
vt 0.262785 1.193652
vt 0.229740 1.200099
vt 0.240095 1.193652
vt 0.273045 0.944487
vt -0.273045 0.236410
vt -0.346144 0.184559
vt -0.363400 0.238754
vt -0.268105 -0.284106
vt -0.296115 -0.264238
vt -0.285416 -0.230638
vt 0.318167 0.931977
vt 0.342668 1.207194
vt 0.272857 0.955493
vt 0.398899 1.198183
vt 0.370759 1.192614
vt -0.185982 0.970027
vt -0.368104 1.198183
vt -0.231852 0.940960
vt -0.290241 0.979009
vt -0.388199 1.216205
vt -0.346294 0.970027
vt 0.239796 0.955493
vt 0.342709 1.221774
vt 0.190892 0.979009
vt -0.290241 0.190892
vt -0.363553 0.231852
vt -0.318167 0.265110
vt -0.342668 -0.373030
vt -0.398899 -0.368104
vt -0.388199 -0.339665
vt 0.326245 0.524261
vt 0.429880 0.983863
vt 0.255681 0.556740
vt -0.204469 0.524261
vt -0.342905 0.971418
vt -0.381813 0.963726
vt -0.087799 0.576813
vt -0.141714 0.536667
vt -0.331072 0.576813
vt -0.431729 1.004000
vt -0.476622 0.996308
vt 0.189338 0.556740
vt 0.327726 1.004000
vt 0.117232 0.589218
vt -0.258665 0.117232
vt -0.372839 0.141714
vt -0.326245 0.204469
vt -0.429880 -0.372432
vt -0.473629 -0.381813
vt -0.502518 -0.342905
vt 0.503581 0.960001
vt 0.661331 1.308607
vt 0.467563 0.983863
vt -0.305484 0.969115
vt -0.334748 1.293813
vt -0.357964 0.960001
vt -0.434821 0.998611
vt -0.671116 1.299464
vt -0.483345 0.969115
vt 0.365593 1.007725
vt 0.305134 1.317751
vt 0.310199 0.998611
vt 0.634984 1.323402
vt 0.425068 1.007725
vt -0.425068 0.365593
vt -0.483345 0.305484
vt -0.503581 0.357964
vt -0.683662 -0.334748
vt -0.671116 -0.302210
vt -0.641031 -0.305134
vt 0.474070 0.968751
vt 0.502904 1.328529
vt 0.422247 0.983863
vt -0.348048 0.974524
vt -0.474817 1.319159
vt -0.391544 0.968751
vt -0.302925 0.993203
vt -0.447850 1.322738
vt -0.426571 0.998975
vt -0.539373 1.334319
vt -0.481067 0.993203
vt 0.373303 0.983863
vt 0.429550 1.337898
vt 0.318533 0.998975
vt -0.426571 0.318533
vt -0.481067 0.302925
vt -0.510423 0.348048
vt -0.502904 -0.463507
vt -0.535035 -0.474817
vt -0.557574 -0.447850
vt 0.508575 0.979057
vt 0.508765 1.331758
vt 0.462876 0.987825
vt -0.362293 0.979057
vt -0.294502 1.325005
vt -0.328106 1.326323
vt -0.434632 0.984385
vt -0.526276 1.325005
vt -0.491119 0.976931
vt 0.307483 0.984385
vt 0.327493 1.333800
vt 0.294123 1.329626
vt 0.480432 1.333800
vt 0.417176 0.991118
vt -0.417176 0.361304
vt -0.434632 0.307483
vt -0.491119 0.308094
vt -0.537099 -0.328106
vt -0.526276 -0.294502
vt -0.491254 -0.294123
vt 0.179947 -0.042854
vt 0.389566 0.525632
vt 0.099139 0.000000
vt -0.102432 -0.042854
vt -0.037816 0.509212
vt -0.103409 0.499063
vt -0.155029 -0.026485
vt -0.364569 0.542053
vt -0.424218 0.509212
vt 0.095258 0.042854
vt 0.035067 0.542053
vt -0.007797 0.026485
vt 0.024279 0.042854
vt 0.343153 0.552202
vt 0.095258 0.024279
vt -0.007797 0.058821
vt -0.003364 0.155029
vt 0.141199 -0.389566
vt 0.103409 -0.439667
vt 0.037816 -0.424218
vt 0.353953 0.525632
vt 0.612251 0.910281
vt 0.567830 0.930661
vt -0.131646 0.492761
vt -0.205284 0.918065
vt -0.251069 0.910281
vt -0.395273 0.545948
vt -0.628084 0.918065
vt -0.451137 0.505317
vt -0.335210 0.558504
vt -0.593449 0.943257
vt 0.138667 0.525632
vt 0.212327 0.951041
vt 0.069160 0.558504
vt 0.069160 0.335210
vt 0.057800 0.451137
vt 0.131646 0.425599
vt 0.255422 -0.567830
vt 0.251069 -0.612251
vt 0.205284 -0.628084
vt 0.569332 0.930661
vt 0.710862 1.210826
vt 0.677652 1.221139
vt -0.198431 0.920380
vt -0.293117 1.210826
vt -0.254118 0.914027
vt -0.633161 0.920380
vt -0.687948 1.227513
vt -0.717226 1.214765
vt -0.585940 0.940942
vt -0.663490 1.231453
vt 0.214679 0.947295
vt 0.299343 1.221139
vt 0.268665 1.231453
vt 0.214679 0.546491
vt 0.174056 0.585940
vt 0.198431 0.633161
vt 0.299343 -0.677652
vt 0.258592 -0.717226
vt 0.243479 -0.687948
vt 0.636625 0.915664
vt 0.715323 1.282490
vt 0.597320 0.930661
vt -0.230785 0.915664
vt -0.180591 1.276743
vt -0.212726 1.273191
vt -0.560158 0.939930
vt -0.725453 1.276743
vt -0.613658 0.921392
vt 0.185352 0.939930
vt 0.219145 1.291788
vt 0.184558 1.288236
vt 0.686023 1.291788
vt 0.550061 0.945658
vt 0.185352 0.560158
vt 0.178954 0.613658
vt 0.230785 0.636625
vt 0.236554 -0.715323
vt 0.180591 -0.725453
vt 0.184558 -0.692283
vt 0.587052 0.930661
vt 0.819213 1.209164
vt 0.793955 1.225537
vt -0.184220 0.914340
vt -0.251702 1.209164
vt -0.239519 0.904254
vt -0.618466 0.914340
vt -0.784601 1.235655
vt -0.813432 1.215418
vt 0.179871 0.946981
vt 0.247340 1.241909
vt 0.214720 1.235655
vt 0.772564 1.241909
vt 0.552549 0.957068
vt 0.179871 0.571964
vt 0.184220 0.618466
vt 0.239519 0.627791
vt 0.251702 -0.819213
vt 0.217416 -0.813432
vt 0.214720 -0.784601
vt 0.445624 0.491700
vt 0.594052 0.851583
vt 0.389459 0.525632
vt -0.030257 0.504661
vt -0.105964 0.830544
vt -0.106314 0.491700
vt -0.360953 0.546604
vt -0.617952 0.838580
vt -0.428007 0.504661
vt 0.101838 0.559565
vt 0.057093 0.864585
vt 0.027491 0.546604
vt 0.337129 0.559565
vt 0.561608 0.872621
vt 0.101838 0.337129
vt 0.030257 0.428007
vt 0.106314 0.445624
vt 0.133392 -0.594052
vt 0.105964 -0.628875
vt 0.058809 -0.617952
vt 0.550062 0.851583
vt 0.629400 1.108652
vt 0.600922 1.118732
vt 0.641621 0.841534
vt 0.595995 0.835324
vt -0.103788 0.841534
vt -0.162972 1.124962
vt -0.194148 1.112502
vt -0.567300 0.867841
vt -0.646694 1.124962
vt -0.623887 0.861631
vt 0.055991 0.867841
vt 0.196642 1.118732
vt 0.164514 1.128812
vt 0.055991 0.567300
vt 0.053505 0.623887
vt 0.103788 0.641621
vt 0.214957 -0.629400
vt 0.194148 -0.657689
vt 0.162972 -0.646694
vt 0.598590 0.836225
vt 0.599426 1.083611
vt 0.551001 0.851583
vt 0.656022 1.077726
vt 0.628931 1.074089
vt -0.051853 0.861074
vt -0.173488 1.077726
vt -0.101478 0.842091
vt -0.621702 0.861074
vt -0.608282 1.093133
vt -0.643260 1.089496
vt 0.110260 0.851583
vt 0.146085 1.093133
vt 0.057280 0.866940
vt 0.051853 0.621702
vt 0.101478 0.642286
vt 0.137576 0.598590
vt 0.195869 -0.628931
vt 0.173488 -0.656022
vt 0.142720 -0.643260
vt -0.076334 0.835847
vt -0.062253 1.084920
vt -0.129550 0.851583
vt -0.638970 0.835847
vt -0.659750 1.078891
vt -0.688744 1.075165
vt -0.592205 0.841858
vt -0.633812 1.090950
vt 0.077780 0.861307
vt 0.062807 1.094676
vt 0.030156 1.090950
vt 0.626038 0.851583
vt 0.646776 1.094676
vt 0.571281 0.867318
vt 0.130444 0.571281
vt 0.077780 0.550371
vt 0.044339 0.592205
vt 0.062253 -0.680726
vt 0.009422 -0.659750
vt 0.030156 -0.633812
vt -0.020439 0.513882
vt -0.013901 0.883930
vt -0.083291 0.527078
vt -0.337946 0.516925
vt -0.397616 0.875749
vt -0.413295 0.513882
vt 0.122135 0.532001
vt -0.010182 0.877635
vt 0.044446 0.516925
vt 0.337622 0.532001
vt 0.397291 0.890873
vt 0.350699 0.886983
vt -0.052869 0.890873
vt -0.146143 0.538276
vt 0.122135 0.337622
vt 0.044446 0.337946
vt 0.020439 0.413295
vt 0.013901 -0.426287
vt -0.025067 -0.397616
vt -0.010182 -0.350900
vt -0.013901 0.894805
vt 0.043248 1.105574
vt 0.014887 1.114051
vt -0.347376 0.870088
vt -0.338420 1.105574
vt -0.400475 0.881133
vt 0.042172 0.876935
vt -0.032415 1.098727
vt -0.014370 0.870088
vt 0.397702 0.892211
vt 0.304436 1.102972
vt 0.345662 0.876935
vt -0.059644 0.892211
vt -0.013474 1.112443
vt 0.042172 0.345662
vt -0.014370 0.347376
vt -0.031842 0.400475
vt -0.043248 -0.338420
vt -0.032415 -0.305499
vt 0.002641 -0.304436
vt 0.004127 0.860636
vt 0.062856 1.131367
vt -0.048061 0.883034
vt -0.423580 0.860636
vt -0.475482 1.122784
vt -0.506043 1.117480
vt -0.374288 0.869192
vt -0.453721 1.139949
vt 0.053041 0.905432
vt -0.090217 1.139949
vt 0.003931 0.896877
vt 0.366789 0.905432
vt 0.503169 1.131367
vt 0.470832 1.145253
vt 0.053041 0.366789
vt 0.003931 0.339189
vt -0.031401 0.374288
vt -0.095213 -0.506043
vt -0.112123 -0.475482
vt -0.090217 -0.453721
vt -0.013901 0.879645
vt 0.052347 1.105740
vt 0.024154 1.108970
vt -0.345114 0.881109
vt -0.409480 1.105740
vt -0.398971 0.874435
vt 0.042005 0.890443
vt -0.041578 1.109878
vt -0.014202 0.881109
vt 0.400029 0.889538
vt 0.376494 1.115665
vt 0.345768 0.890443
vt -0.059374 0.889538
vt -0.004039 1.115104
vt 0.059374 0.400029
vt 0.042005 0.345768
vt -0.014202 0.345114
vt -0.024154 -0.430522
vt -0.041578 -0.376088
vt -0.006730 -0.376494
vt 0.466944 0.550489
vt 0.085899 0.560638
vt -0.379591 0.593480
vt -0.009640 0.603628
vt 0.184445 -0.031153
vt 0.117613 -0.107170
vt 0.379591 -0.076543
vt 0.371521 -0.009640
vt 0.726574 0.892716
vt 0.117602 0.902373
vt -0.377386 0.602261
vt -0.063435 0.943281
vt 0.427488 -0.031503
vt 0.377386 0.083612
vt 0.670062 -0.111387
vt 0.666200 -0.063435
vt 0.776285 1.157980
vt 0.024653 1.176675
vt -0.742366 1.181088
vt 0.022911 1.169534
vt 0.710224 0.039383
vt 0.657382 0.049740
vt 0.742366 -0.010454
vt 0.743524 0.022911
vt 0.887032 1.106538
vt 0.124054 0.899716
vt -0.845416 1.136214
vt -0.059261 0.947581
vt 0.731946 0.073796
vt 0.704231 0.033751
vt 0.844129 -0.103175
vt 0.869849 -0.087359
vt -0.354100 0.594662
vt 0.061849 0.989780
vt 0.538308 0.978681
vt -0.013508 0.982248
vt 0.416426 0.101460
vt 0.454946 -0.017588
vt 0.553068 0.013508
vt 0.514425 -0.013644
vt -0.469444 1.001701
vt 0.103818 1.299000
vt 0.602093 1.291376
vt -0.069014 1.294537
vt 0.514425 0.020190
vt 0.542225 -0.065280
vt 0.612745 0.069014
vt 0.584857 0.049557
vt 0.543212 0.963392
vt -0.078969 1.225022
vt -0.641585 1.251007
vt 0.071931 0.989294
vt 0.543212 -0.056774
vt 0.494775 -0.071931
vt 0.641585 0.094174
vt 0.654779 0.122741
vt 0.002127 -0.026485
vt -0.185159 0.562490
vt 0.029011 0.572639
vt -0.033677 0.000000
vt -0.089478 -0.022430
vt -0.173721 0.033677
vt -0.029011 0.186076
vt -0.053525 0.243845
vt 0.027839 1.030424
vt 0.280768 0.536127
vt 0.036377 1.019977
vt -0.310983 1.028863
vt -0.062004 -0.207071
vt 0.002008 -0.161211
vt 0.051536 0.310983
vt -0.027839 0.311296
vt 0.157133 1.319825
vt -0.288928 1.016492
vt 0.008481 1.037719
vt 0.347101 1.341120
vt 0.004657 -0.371719
vt -0.032680 -0.332251
vt 0.104673 0.347101
vt 0.127823 0.371571
vt 0.084622 1.294503
vt 0.267070 1.298347
vt 0.054874 1.043338
vt -0.235015 1.304567
vt 0.042183 -0.285980
vt 0.054874 -0.339105
vt -0.042894 0.267953
vt -0.050762 0.235015
vt 0.126167 0.839940
vt -0.171019 0.568892
vt -0.091948 0.885730
vt 0.439223 0.862835
vt -0.055179 -0.262735
vt 0.031217 -0.171019
vt 0.091948 0.396460
vt 0.126167 0.451552
vt 0.164682 0.845639
vt -0.531762 1.065452
vt -0.153972 1.072042
vt 0.563892 1.054790
vt 0.118769 -0.456870
vt 0.074576 -0.434077
vt 0.188499 0.531762
vt 0.153972 0.535301
vt 0.145733 0.840517
vt -0.486179 1.123619
vt -0.219075 1.146008
vt 0.523415 1.132171
vt 0.093673 -0.457889
vt 0.078015 -0.407854
vt 0.219075 0.492393
vt 0.261060 0.519574
vt -0.074147 0.858700
vt 0.450827 1.157110
vt 0.107741 1.160642
vt -0.402376 0.867916
vt 0.074147 -0.402084
vt 0.120014 -0.368755
vt 0.118603 0.417392
vt 0.061728 0.417211
vt 0.560615 0.839693
vt -0.064265 0.850453
vt -0.216253 0.574152
vt -0.095875 0.507066
vt -0.030935 -0.264392
vt -0.062444 -0.207774
vt 0.564323 0.846893
vt -0.151316 1.123998
vt -0.625277 1.145036
vt 0.132619 0.867864
vt -0.132619 -0.511738
vt -0.044901 -0.536989
vt -0.134553 0.651406
vt -0.157805 0.625277
vt -0.002493 1.114244
vt -0.498795 0.884353
vt 0.122306 0.894543
vt 0.716809 1.130785
vt -0.087439 -0.577818
vt -0.134546 -0.560043
vt -0.024111 0.686529
vt -0.031699 0.716809
vt 0.351369 0.530170
vt -0.109926 0.540319
vt -0.291406 0.573161
vt 0.204324 0.556740
vt -0.080468 0.120359
vt 0.010870 0.163974
vt -0.257680 -0.153680
vt -0.351369 -0.177283
vt 0.538188 0.962068
vt -0.108309 0.539028
vt -0.499289 0.990817
vt 0.211688 0.556740
vt -0.286766 0.211688
vt -0.293390 0.085041
vt -0.471141 -0.218251
vt -0.495182 -0.257159
vt 0.650819 1.253540
vt -0.244660 1.258021
vt -0.498003 0.991530
vt 0.290164 1.265271
vt -0.492229 0.263253
vt -0.464283 0.217343
vt -0.622784 -0.233577
vt -0.601877 -0.261699
vt 0.545183 0.948427
vt -0.138353 1.214969
vt -0.714698 1.239040
vt 0.178818 1.246478
vt -0.520020 0.264920
vt -0.479497 0.240058
vt -0.714624 -0.178818
vt -0.739748 -0.194233
vt 0.372909 0.551468
vt -0.189432 0.961150
vt -0.293696 0.962258
vt 0.168829 0.554359
vt -0.372909 0.168288
vt -0.308900 0.214282
vt -0.278537 -0.235572
vt -0.318222 -0.263753
vt 0.332375 1.217485
vt -0.258052 1.224264
vt -0.286196 1.222424
vt 0.236804 0.949815
vt -0.318222 0.270023
vt -0.289773 0.184130
vt -0.275295 -0.290298
vt -0.303835 -0.310894
vt 0.296115 1.204925
vt -0.184559 0.966124
vt -0.250794 1.200099
vt 0.236410 0.944487
vt -0.318222 0.270799
vt -0.290301 0.183111
vt -0.250794 -0.229740
vt -0.240095 -0.262785
vt 0.363553 0.940960
vt -0.339665 1.216205
vt -0.353446 1.221774
vt 0.373030 1.207194
vt -0.272857 0.239796
vt -0.346294 0.185982
vt -0.353446 -0.342709
vt -0.370759 -0.388725
vt 0.473629 0.963726
vt -0.309478 0.996308
vt -0.258665 0.589218
vt 0.372432 0.983863
vt -0.255681 0.189338
vt -0.331072 0.087799
vt -0.476622 -0.309478
vt -0.431729 -0.327726
vt 0.683662 1.293813
vt -0.302210 1.299464
vt -0.641031 1.317751
vt 0.339478 1.323402
vt -0.467563 0.395114
vt -0.434821 0.310199
vt -0.634984 -0.339478
vt -0.661331 -0.357781
vt 0.535035 1.319159
vt -0.419873 1.334319
vt -0.505586 1.337898
vt 0.463507 1.328529
vt -0.474070 0.391544
vt -0.422247 0.373303
vt -0.539373 -0.419873
vt -0.505586 -0.429550
vt 0.537099 1.326323
vt -0.308094 0.976931
vt -0.491254 1.329626
vt 0.361304 0.991118
vt -0.508575 0.362293
vt -0.462876 0.395179
vt -0.480432 -0.327493
vt -0.508765 -0.348495
vt 0.439667 0.499063
vt 0.003364 -0.026485
vt -0.058821 0.026485
vt 0.098962 0.552202
vt 0.102432 0.179947
vt 0.163383 0.099139
vt 0.035067 -0.364569
vt 0.098962 -0.343153
vt 0.425599 0.492761
vt -0.057800 0.505317
vt -0.556210 0.951041
vt 0.255422 0.930661
vt 0.138667 0.353953
vt 0.019181 0.395273
vt 0.181341 -0.593449
vt 0.212327 -0.556210
vt 0.622898 0.914027
vt -0.258592 1.214765
vt -0.546491 0.947295
vt 0.264160 0.930661
vt 0.254118 0.622898
vt 0.264160 0.569332
vt 0.268665 -0.663490
vt 0.293117 -0.710862
vt 0.739692 1.273191
vt -0.178954 0.921392
vt -0.692283 1.288236
vt 0.241137 0.945658
vt 0.269216 0.597320
vt 0.241137 0.550061
vt 0.219145 -0.686023
vt 0.212726 -0.739692
vt 0.627791 0.904254
vt -0.217416 1.215418
vt -0.571964 0.946981
vt 0.232484 0.957068
vt 0.269349 0.587052
vt 0.232484 0.552549
vt 0.247340 -0.772564
vt 0.270196 -0.793955
vt 0.628875 0.830544
vt -0.058809 0.838580
vt -0.576379 0.864585
vt 0.103188 0.872621
vt 0.150554 0.389459
vt 0.027491 0.360953
vt 0.057093 -0.576379
vt 0.103188 -0.561608
vt 0.657689 1.112502
vt -0.053505 0.861631
vt -0.611610 1.128812
vt 0.107811 0.851583
vt 0.137351 0.595995
vt 0.107811 0.550062
vt 0.164514 -0.611610
vt 0.196642 -0.600922
vt 0.642286 0.842091
vt -0.142720 1.089496
vt -0.565285 0.866940
vt 0.178933 1.083611
vt 0.110260 0.551001
vt 0.057280 0.565285
vt 0.146085 -0.608282
vt 0.178933 -0.599426
vt -0.029259 1.075165
vt -0.550371 0.861307
vt 0.130444 0.867318
vt 0.680726 1.084920
vt 0.076334 0.638970
vt 0.129550 0.626038
vt 0.062807 -0.646776
vt 0.029259 -0.688744
vt 0.025067 0.875749
vt -0.350900 0.877635
vt 0.037985 0.886983
vt 0.412771 0.538276
vt 0.083291 0.459539
vt 0.146143 0.412771
vt 0.037985 -0.350699
vt 0.052869 -0.397291
vt 0.031842 0.881133
vt -0.305499 1.098727
vt 0.002641 1.102972
vt 0.336701 1.112443
vt 0.013901 0.431578
vt 0.059644 0.397702
vt 0.013474 -0.336701
vt -0.014887 -0.357704
vt 0.095213 1.117480
vt -0.339189 0.896877
vt -0.059768 1.145253
vt 0.418945 0.883034
vt -0.004127 0.423580
vt 0.048061 0.418945
vt -0.059768 -0.470832
vt -0.062856 -0.503169
vt 0.031571 0.874435
vt -0.376088 1.109878
vt -0.006730 1.115665
vt 0.410136 1.115104
vt -0.031571 0.398971
vt 0.013901 0.432910
vt 0.004039 -0.410136
vt -0.052347 -0.409480
s 1
f 2/1/1 6/2/2 1/3/2
f 3/4/3 7/5/1 2/6/1
f 4/7/4 8/8/3 3/9/3
f 5/10/5 9/11/4 4/12/4
f 5/13/5 6/2/2 10/14/5
s 0
f 5/15/6 4/16/6 3/17/6
f 6/18/7 7/19/7 8/20/7
s 1
f 12/21/8 16/22/9 11/23/9
f 13/24/10 17/25/8 12/26/8
f 13/27/10 19/28/11 18/29/10
f 15/30/12 19/31/11 14/32/11
f 11/23/9 20/33/13 15/34/12
s 0
f 15/35/14 13/36/14 12/37/14
f 16/38/15 17/39/15 18/40/15
s 1
f 22/41/16 26/42/17 21/43/17
f 23/44/18 27/45/16 22/46/16
f 24/47/19 28/48/18 23/44/18
f 25/49/20 29/50/19 24/51/19
f 21/52/17 30/53/20 25/54/20
s 0
f 25/55/21 24/56/21 23/57/21
f 27/58/22 28/59/22 29/60/22
s 1
f 32/61/23 36/62/24 31/63/24
f 32/64/23 38/65/25 37/66/23
f 34/67/26 38/68/25 33/69/25
f 34/70/26 40/71/27 39/72/26
f 31/63/24 40/73/27 35/74/27
s 0
f 35/75/28 34/76/28 33/77/28
f 37/78/29 38/79/29 39/80/29
s 1
f 41/81/30 47/82/31 46/83/30
f 43/84/32 47/85/31 42/86/31
f 44/87/33 48/88/32 43/89/32
f 45/90/34 49/91/33 44/92/33
f 41/81/30 50/93/34 45/94/34
s 0
f 45/95/35 43/96/35 42/97/35
f 47/98/36 48/99/36 49/100/36
s 1
f 51/101/37 57/102/38 56/103/37
f 53/104/39 57/105/38 52/106/38
f 54/107/40 58/108/39 53/109/39
f 55/110/41 59/111/40 54/112/40
f 51/101/37 60/113/41 55/114/41
s 0
f 55/115/42 53/116/42 52/117/42
f 57/118/43 58/119/43 59/120/43
s 1
f 61/121/44 67/122/45 66/123/44
f 63/124/46 67/125/45 62/126/45
f 63/127/46 69/128/47 68/129/46
f 65/130/48 69/128/47 64/131/47
f 65/132/48 66/133/44 70/134/48
s 0
f 65/135/49 64/136/49 63/137/49
f 67/138/50 68/139/50 69/140/50
s 1
f 72/141/51 76/142/52 71/143/52
f 72/141/51 78/144/53 77/145/51
f 74/146/54 78/147/53 73/148/53
f 75/149/55 79/150/54 74/151/54
f 75/152/55 76/153/52 80/154/55
s 0
f 75/155/56 74/156/56 73/157/56
f 77/158/57 78/159/57 79/160/57
s 1
f 82/161/58 86/162/59 81/163/59
f 82/164/58 88/165/60 87/166/58
f 84/167/61 88/168/60 83/169/60
f 85/170/62 89/171/61 84/172/61
f 81/163/59 90/173/62 85/174/62
s 0
f 85/175/63 84/176/63 83/177/63
f 86/178/64 88/179/64 89/180/64
s 1
f 92/181/65 96/182/66 91/183/66
f 92/184/65 98/185/67 97/186/65
f 93/187/67 99/188/68 98/189/67
f 95/190/69 99/191/68 94/192/68
f 91/183/66 100/193/69 95/194/69
s 0
f 94/195/70 93/196/70 92/197/70
f 97/198/71 98/199/71 99/200/71
s 1
f 102/201/72 106/202/73 101/203/73
f 103/204/74 107/205/72 102/206/72
f 104/207/75 108/208/74 103/209/74
f 104/207/75 110/210/76 109/211/75
f 101/212/73 110/213/76 105/214/76
s 0
f 104/215/77 103/216/77 102/217/77
f 107/218/78 108/219/78 109/220/78
s 1
f 112/221/79 116/222/80 111/223/80
f 113/224/81 117/225/82 112/226/79
f 113/224/81 119/227/83 118/228/81
f 115/229/84 119/230/83 114/231/83
f 111/232/80 120/233/84 115/234/84
s 0
f 115/235/85 113/236/85 112/237/85
f 116/238/86 118/239/86 119/240/86
s 1
f 122/241/87 126/242/88 121/243/88
f 122/241/87 128/244/89 127/245/87
f 124/246/90 128/247/89 123/248/89
f 125/249/91 129/250/90 124/251/90
f 121/252/88 130/253/91 125/254/91
s 0
f 125/255/92 124/256/92 123/257/92
f 126/258/93 127/259/93 128/260/93
s 1
f 131/261/94 137/262/95 136/263/94
f 133/264/96 137/265/95 132/266/95
f 133/267/96 139/268/97 138/269/96
f 135/270/98 139/268/97 134/271/97
f 131/272/94 140/273/98 135/274/98
s 0
f 134/275/99 133/276/99 132/277/99
f 136/278/100 138/279/100 139/280/100
s 1
f 141/281/101 147/282/102 146/283/101
f 143/284/103 147/285/102 142/286/102
f 144/287/104 148/288/103 143/289/103
f 144/290/104 150/291/105 149/292/104
f 141/281/101 150/293/105 145/294/105
s 0
f 145/295/106 144/296/106 143/297/106
f 146/298/107 148/299/107 149/300/107
s 1
f 152/301/108 156/302/109 151/303/109
f 153/304/110 157/305/108 152/306/108
f 153/307/110 159/308/111 158/309/110
f 155/310/112 159/311/111 154/312/111
f 151/303/109 160/313/112 155/314/112
s 0
f 155/315/113 154/316/113 153/317/113
f 156/318/114 157/319/114 158/320/114
s 1
f 161/321/115 167/322/116 166/323/117
f 163/324/118 167/325/116 162/326/116
f 163/327/118 169/328/119 168/329/118
f 165/330/120 169/328/119 164/331/119
f 165/332/120 166/333/117 170/334/120
s 0
f 165/335/121 163/336/121 162/337/121
f 166/338/122 167/339/122 168/340/122
s 1
f 172/341/123 176/342/124 171/343/124
f 173/344/125 177/345/123 172/346/123
f 173/344/125 179/347/126 178/348/125
f 174/349/126 180/350/127 179/351/126
f 171/352/124 180/353/127 175/354/127
s 0
f 175/355/128 174/356/128 173/357/128
f 177/358/129 178/359/129 179/360/129
s 1
f 182/361/130 186/362/131 181/363/131
f 183/364/132 187/365/130 182/366/130
f 184/367/133 188/368/132 183/369/132
f 184/370/133 190/371/134 189/372/133
f 181/373/131 190/371/134 185/374/134
s 0
f 185/375/135 184/376/135 183/377/135
f 186/378/136 188/379/136 189/380/136
s 1
f 192/381/137 196/382/138 191/383/138
f 192/384/137 198/385/139 197/386/137
f 194/387/140 198/388/139 193/389/139
f 194/390/140 200/391/141 199/392/140
f 195/393/141 196/394/138 200/391/141
s 0
f 195/395/142 193/396/142 192/397/142
f 197/398/143 198/399/143 199/400/143
s 1
f 202/401/144 206/402/145 201/403/145
f 203/404/146 207/405/144 202/406/144
f 203/407/146 209/408/147 208/409/146
f 205/410/148 209/411/147 204/412/147
f 201/413/145 210/414/148 205/410/148
s 0
f 204/415/149 203/416/149 202/417/149
f 206/418/150 207/419/150 208/420/150
s 1
f 211/421/151 217/422/152 216/423/151
f 213/424/153 217/425/152 212/426/152
f 214/427/154 218/428/153 213/429/153
f 215/430/155 219/431/154 214/432/154
f 211/421/151 220/433/155 215/434/155
s 0
f 214/435/156 213/436/156 212/437/156
f 217/438/157 218/439/157 219/440/157
s 1
f 221/441/158 227/442/159 226/443/158
f 223/444/160 227/445/159 222/446/159
f 224/447/161 228/448/160 223/449/160
f 224/450/161 230/451/162 229/452/161
f 221/441/158 230/453/162 225/454/162
s 0
f 225/455/163 224/456/163 223/457/163
f 227/458/164 228/459/164 229/460/164
s 1
f 232/461/165 236/462/166 231/463/166
f 233/464/167 237/465/165 232/466/165
f 234/467/168 238/468/169 233/469/167
f 234/470/168 240/471/170 239/472/168
f 231/463/166 240/473/170 235/474/170
s 0
f 235/475/171 233/476/171 232/477/171
f 237/478/172 238/479/172 239/480/172
s 1
f 242/481/173 246/482/174 241/483/174
f 242/484/173 248/485/175 247/486/173
f 244/487/176 248/488/175 243/489/175
f 244/490/176 250/491/177 249/492/176
f 241/483/174 250/493/177 245/494/177
s 0
f 245/495/178 243/496/178 242/497/178
f 246/498/179 247/499/179 248/500/179
s 1
f 252/501/180 256/502/181 251/503/181
f 252/501/180 258/504/182 257/505/180
f 254/506/183 258/507/182 253/508/182
f 255/509/184 259/510/183 254/511/183
f 251/512/181 260/513/184 255/514/184
s 0
f 255/515/185 253/516/185 252/517/185
f 256/518/186 258/519/186 259/520/186
s 1
f 262/521/187 266/522/188 261/523/188
f 262/524/187 268/525/189 267/526/187
f 264/527/190 268/525/189 263/528/189
f 264/529/190 270/530/191 269/531/190
f 261/532/188 270/533/191 265/534/191
s 0
f 265/535/192 263/536/192 262/537/192
f 266/538/193 267/539/193 268/540/193
s 1
f 272/541/194 276/542/195 271/543/195
f 273/544/196 277/545/194 272/546/194
f 274/547/197 278/548/196 273/549/196
f 275/550/198 279/551/197 274/552/197
f 271/543/195 280/553/198 275/554/198
s 0
f 275/555/199 273/556/199 272/557/199
f 277/558/200 278/559/200 279/560/200
s 1
f 282/561/201 286/562/202 281/563/202
f 283/564/203 287/565/201 282/566/201
f 284/567/204 288/568/203 283/564/203
f 285/569/205 289/570/204 284/571/204
f 281/572/202 290/573/205 285/574/205
s 0
f 285/575/206 284/576/206 283/577/206
f 286/578/207 287/579/207 288/580/207
s 1
f 292/581/208 296/582/209 291/583/209
f 292/584/208 298/585/210 297/586/208
f 294/587/211 298/588/210 293/589/210
f 294/590/211 300/591/212 299/592/211
f 291/583/209 300/593/212 295/594/212
s 0
f 295/595/213 294/596/213 293/597/213
f 297/598/214 298/599/214 299/600/214
s 1
f 302/601/215 306/602/216 301/603/216
f 302/604/215 308/605/217 307/606/215
f 303/607/217 309/608/218 308/609/217
f 305/610/219 309/611/218 304/612/218
f 305/613/219 306/602/216 310/614/219
s 0
f 305/615/220 304/616/220 303/617/220
f 306/618/221 307/619/221 308/620/221
s 1
f 311/621/222 317/622/223 316/623/222
f 312/624/223 318/625/224 317/626/223
f 314/627/225 318/628/224 313/629/224
f 315/630/226 319/631/225 314/627/225
f 311/632/222 320/633/226 315/634/226
s 0
f 315/635/227 313/636/227 312/637/227
f 316/638/228 317/639/228 318/640/228
s 1
f 321/641/229 327/642/230 326/643/231
f 323/644/232 327/645/230 322/646/230
f 323/647/232 329/648/233 328/649/232
f 324/650/233 330/651/234 329/648/233
f 325/652/234 326/653/231 330/654/234
s 0
f 325/655/235 324/656/235 323/657/235
f 326/658/236 328/659/236 329/660/236
s 1
f 332/661/237 336/662/238 331/663/238
f 332/664/237 338/665/239 337/666/237
f 334/667/240 338/668/239 333/669/239
f 334/670/240 340/671/241 339/672/240
f 331/663/238 340/673/241 335/674/241
s 0
f 334/675/242 333/676/242 332/677/242
f 336/678/243 338/679/243 339/680/243
s 1
f 341/681/244 347/682/245 346/683/244
f 343/684/246 347/685/245 342/686/245
f 343/687/246 349/688/247 348/689/246
f 344/690/247 350/691/248 349/692/247
f 341/681/244 350/693/248 345/694/248
s 0
f 344/695/249 343/696/249 342/697/249
f 347/698/250 348/699/250 349/700/250
s 1
f 352/701/251 356/702/252 351/703/252
f 353/704/253 357/705/251 352/706/251
f 354/707/254 358/708/253 353/709/253
f 355/710/255 359/711/254 354/712/254
f 355/713/255 356/702/252 360/714/255
s 0
f 355/715/256 353/716/256 352/717/256
f 356/718/257 357/719/257 358/720/257
s 1
f 361/721/258 367/722/259 366/723/258
f 363/724/260 367/722/259 362/725/259
f 363/726/260 369/727/261 368/728/260
f 365/729/262 369/730/261 364/731/261
f 365/732/262 366/733/258 370/734/262
s 0
f 365/735/263 364/736/263 363/737/263
f 367/738/264 368/739/264 369/740/264
s 1
f 372/741/265 376/742/266 371/743/266
f 372/741/265 378/744/267 377/745/265
f 374/746/268 378/747/267 373/748/267
f 374/749/268 380/750/269 379/751/268
f 371/752/266 380/753/269 375/754/269
s 0
f 374/755/270 373/756/270 372/757/270
f 377/758/271 378/759/271 379/760/271
s 1
f 382/761/272 386/762/273 381/763/273
f 382/764/272 388/765/274 387/766/272
f 383/767/274 389/768/275 388/765/274
f 384/769/276 390/770/277 389/771/275
f 381/772/273 390/773/277 385/774/277
s 0
f 385/775/278 384/776/278 383/777/278
f 386/778/279 388/779/279 389/780/279
s 1
f 392/781/280 396/782/281 391/783/281
f 393/784/282 397/785/280 392/786/280
f 394/787/283 398/788/282 393/789/282
f 394/790/283 400/791/284 399/792/283
f 391/783/281 400/793/284 395/794/284
s 0
f 394/795/285 393/796/285 392/797/285
f 396/798/286 397/799/286 398/800/286
s 1
f 401/801/287 407/802/288 406/803/287
f 403/804/289 407/805/288 402/806/288
f 404/807/290 408/808/289 403/809/289
f 405/810/291 409/811/290 404/812/290
f 405/813/291 406/803/287 410/814/291
s 0
f 404/815/292 403/816/292 402/817/292
f 407/818/293 408/819/293 409/820/293
s 1
f 412/821/294 416/822/295 411/823/295
f 412/824/294 418/825/296 417/826/294
f 413/827/297 419/828/298 418/825/296
f 415/829/299 419/830/298 414/831/298
f 415/832/299 416/833/295 420/834/299
s 0
f 415/835/300 414/836/300 413/837/300
f 417/838/301 418/839/301 419/840/301
s 1
f 421/841/302 427/842/303 426/843/302
f 423/844/304 427/845/303 422/846/303
f 424/847/305 428/848/304 423/849/304
f 425/850/306 429/851/305 424/852/305
f 425/853/306 426/843/302 430/854/306
s 0
f 425/855/307 424/856/307 423/857/307
f 426/858/308 428/859/308 429/860/308
s 1
f 2/1/1 7/861/1 6/2/2
f 3/4/3 8/862/3 7/5/1
f 4/7/4 9/863/4 8/8/3
f 5/10/5 10/864/5 9/11/4
f 5/13/5 1/3/2 6/2/2
s 0
f 2/865/6 1/866/6 3/17/6
f 1/866/6 5/15/6 3/17/6
f 9/867/7 10/868/7 8/20/7
f 10/868/7 6/18/7 8/20/7
s 1
f 12/21/8 17/869/8 16/22/9
f 13/24/10 18/870/10 17/25/8
f 13/27/10 14/871/11 19/28/11
f 15/30/12 20/872/13 19/31/11
f 11/23/9 16/22/9 20/33/13
s 0
f 12/37/14 11/873/14 15/35/14
f 15/35/14 14/874/14 13/36/14
f 19/875/15 20/876/15 18/40/15
f 20/876/15 16/38/15 18/40/15
s 1
f 22/41/16 27/877/16 26/42/17
f 23/44/18 28/48/18 27/45/16
f 24/47/19 29/878/19 28/48/18
f 25/49/20 30/879/20 29/50/19
f 21/52/17 26/880/17 30/53/20
s 0
f 22/881/21 21/882/21 23/57/21
f 21/882/21 25/55/21 23/57/21
f 29/60/309 30/883/309 26/884/309
f 26/884/309 27/58/309 29/60/309
s 1
f 32/61/23 37/885/23 36/62/24
f 32/64/23 33/886/25 38/65/25
f 34/67/26 39/887/26 38/68/25
f 34/70/26 35/888/27 40/71/27
f 31/63/24 36/62/24 40/73/27
s 0
f 32/889/28 31/890/28 33/77/28
f 31/890/28 35/75/28 33/77/28
f 39/80/29 40/891/29 36/892/29
f 36/892/29 37/78/29 39/80/29
s 1
f 41/81/30 42/893/31 47/82/31
f 43/84/32 48/894/32 47/85/31
f 44/87/33 49/895/33 48/88/32
f 45/90/34 50/896/34 49/91/33
f 41/81/30 46/83/30 50/93/34
s 0
f 42/97/35 41/897/35 45/95/35
f 45/95/35 44/898/35 43/96/35
f 49/100/36 50/899/36 46/900/36
f 46/900/36 47/98/36 49/100/36
s 1
f 51/101/37 52/901/38 57/102/38
f 53/104/39 58/902/39 57/105/38
f 54/107/40 59/903/40 58/108/39
f 55/110/41 60/904/41 59/111/40
f 51/101/37 56/103/37 60/113/41
s 0
f 52/117/42 51/905/42 55/115/42
f 55/115/42 54/906/42 53/116/42
f 59/120/43 60/907/43 56/908/43
f 56/908/43 57/118/43 59/120/43
s 1
f 61/121/44 62/909/45 67/122/45
f 63/124/46 68/910/46 67/125/45
f 63/127/46 64/131/47 69/128/47
f 65/130/48 70/911/48 69/128/47
f 65/132/48 61/912/44 66/133/44
s 0
f 62/913/49 61/914/49 63/137/49
f 61/914/49 65/135/49 63/137/49
f 69/140/50 70/915/50 66/916/50
f 66/916/50 67/138/50 69/140/50
s 1
f 72/141/51 77/145/51 76/142/52
f 72/141/51 73/917/53 78/144/53
f 74/146/54 79/918/54 78/147/53
f 75/149/55 80/919/55 79/150/54
f 75/152/55 71/920/52 76/153/52
s 0
f 72/921/56 71/922/56 73/157/56
f 71/922/56 75/155/56 73/157/56
f 79/160/310 80/923/310 76/924/310
f 76/924/310 77/158/310 79/160/310
s 1
f 82/161/58 87/925/58 86/162/59
f 82/164/58 83/926/60 88/165/60
f 84/167/61 89/927/61 88/168/60
f 85/170/62 90/928/62 89/171/61
f 81/163/59 86/162/59 90/173/62
s 0
f 82/929/63 81/930/63 83/177/63
f 81/930/63 85/175/63 83/177/63
f 89/180/64 90/931/64 86/178/64
f 86/178/64 87/932/64 88/179/64
s 1
f 92/181/65 97/933/65 96/182/66
f 92/184/65 93/934/67 98/185/67
f 93/187/67 94/935/68 99/188/68
f 95/190/69 100/936/69 99/191/68
f 91/183/66 96/182/66 100/193/69
s 0
f 92/197/70 91/937/70 95/938/70
f 95/938/70 94/195/70 92/197/70
f 99/200/71 100/939/71 96/940/71
f 96/940/71 97/198/71 99/200/71
s 1
f 102/201/72 107/941/72 106/202/73
f 103/204/74 108/942/74 107/205/72
f 104/207/75 109/211/75 108/208/74
f 104/207/75 105/943/76 110/210/76
f 101/212/73 106/944/73 110/213/76
s 0
f 102/217/77 101/945/77 105/946/77
f 105/946/77 104/215/77 102/217/77
f 109/220/78 110/947/78 106/948/78
f 106/948/78 107/218/78 109/220/78
s 1
f 112/221/79 117/949/82 116/222/80
f 113/224/81 118/228/81 117/225/82
f 113/224/81 114/950/83 119/227/83
f 115/229/84 120/951/84 119/230/83
f 111/232/80 116/952/80 120/233/84
s 0
f 112/237/85 111/953/85 115/235/85
f 115/235/85 114/954/85 113/236/85
f 119/240/86 120/955/86 116/238/86
f 116/238/311 117/956/311 118/239/311
s 1
f 122/241/87 127/245/87 126/242/88
f 122/241/87 123/957/89 128/244/89
f 124/246/90 129/958/90 128/247/89
f 125/249/91 130/959/91 129/250/90
f 121/252/88 126/960/88 130/253/91
s 0
f 122/961/92 121/962/92 123/257/92
f 121/962/92 125/255/92 123/257/92
f 129/963/93 130/964/93 128/260/93
f 130/964/93 126/258/93 128/260/93
s 1
f 131/261/94 132/965/95 137/262/95
f 133/264/96 138/966/96 137/265/95
f 133/267/96 134/271/97 139/268/97
f 135/270/98 140/967/98 139/268/97
f 131/272/94 136/968/94 140/273/98
s 0
f 132/277/99 131/969/99 135/970/99
f 135/970/99 134/275/99 132/277/99
f 139/280/100 140/971/100 136/278/100
f 136/278/100 137/972/100 138/279/100
s 1
f 141/281/101 142/973/102 147/282/102
f 143/284/103 148/974/103 147/285/102
f 144/287/104 149/975/104 148/288/103
f 144/290/104 145/976/105 150/291/105
f 141/281/101 146/283/101 150/293/105
s 0
f 142/977/106 141/978/106 143/297/106
f 141/978/106 145/295/106 143/297/106
f 149/300/107 150/979/107 146/298/107
f 146/298/107 147/980/107 148/299/107
s 1
f 152/301/108 157/981/108 156/302/109
f 153/304/110 158/982/110 157/305/108
f 153/307/110 154/983/111 159/308/111
f 155/310/112 160/984/112 159/311/111
f 151/303/109 156/302/109 160/313/112
s 0
f 152/985/113 151/986/113 153/317/113
f 151/986/113 155/315/113 153/317/113
f 159/311/114 160/984/114 158/320/114
f 160/984/114 156/318/114 158/320/114
s 1
f 161/321/115 162/987/116 167/322/116
f 163/324/118 168/988/118 167/325/116
f 163/327/118 164/331/119 169/328/119
f 165/330/120 170/989/120 169/328/119
f 165/332/120 161/990/115 166/333/117
s 0
f 162/337/121 161/991/121 165/335/121
f 165/335/121 164/992/121 163/336/121
f 169/993/122 170/994/122 168/340/122
f 170/994/122 166/338/122 168/340/122
s 1
f 172/341/123 177/995/123 176/342/124
f 173/344/125 178/348/125 177/345/123
f 173/344/125 174/996/126 179/347/126
f 174/349/126 175/997/127 180/350/127
f 171/352/124 176/998/124 180/353/127
s 0
f 172/999/128 171/1000/128 173/357/128
f 171/1000/128 175/355/128 173/357/128
f 179/360/129 180/1001/129 176/1002/129
f 176/1002/129 177/358/129 179/360/129
s 1
f 182/361/130 187/1003/130 186/362/131
f 183/364/132 188/1004/132 187/365/130
f 184/367/133 189/1005/133 188/368/132
f 184/370/133 185/374/134 190/371/134
f 181/373/131 186/1006/131 190/371/134
s 0
f 182/1007/135 181/1008/135 183/377/135
f 181/1008/135 185/375/135 183/377/135
f 189/380/136 190/1009/136 186/378/136
f 186/378/136 187/1010/136 188/379/136
s 1
f 192/381/137 197/1011/137 196/382/138
f 192/384/137 193/1012/139 198/385/139
f 194/387/140 199/1013/140 198/388/139
f 194/390/140 195/393/141 200/391/141
f 195/393/141 191/1014/138 196/394/138
s 0
f 192/397/142 191/1015/142 195/395/142
f 195/395/142 194/1016/142 193/396/142
f 199/400/143 200/1017/143 196/1018/143
f 196/1018/143 197/398/143 199/400/143
s 1
f 202/401/144 207/1019/144 206/402/145
f 203/404/146 208/1020/146 207/405/144
f 203/407/146 204/1021/147 209/408/147
f 205/410/148 210/414/148 209/411/147
f 201/413/145 206/1022/145 210/414/148
s 0
f 202/417/149 201/1023/149 205/1024/149
f 205/1024/149 204/415/149 202/417/149
f 209/1025/150 210/1026/150 208/420/150
f 210/1026/150 206/418/150 208/420/150
s 1
f 211/421/151 212/1027/152 217/422/152
f 213/424/153 218/1028/153 217/425/152
f 214/427/154 219/1029/154 218/428/153
f 215/430/155 220/1030/155 219/431/154
f 211/421/151 216/423/151 220/433/155
s 0
f 212/437/156 211/1031/156 215/1032/156
f 215/1032/156 214/435/156 212/437/156
f 219/440/157 220/1033/157 216/1034/157
f 216/1034/157 217/438/157 219/440/157
s 1
f 221/441/158 222/1035/159 227/442/159
f 223/444/160 228/1036/160 227/445/159
f 224/447/161 229/1037/161 228/448/160
f 224/450/161 225/1038/162 230/451/162
f 221/441/158 226/443/158 230/453/162
s 0
f 222/1039/163 221/1040/163 223/457/163
f 221/1040/163 225/455/163 223/457/163
f 229/460/164 230/1041/164 226/1042/164
f 226/1042/164 227/458/164 229/460/164
s 1
f 232/461/165 237/1043/165 236/462/166
f 233/464/167 238/1044/169 237/465/165
f 234/467/168 239/1045/168 238/468/169
f 234/470/168 235/1046/170 240/471/170
f 231/463/166 236/462/166 240/473/170
s 0
f 232/477/171 231/1047/171 235/475/171
f 235/475/171 234/1048/171 233/476/171
f 239/480/172 240/1049/172 236/1050/172
f 236/1050/172 237/478/172 239/480/172
s 1
f 242/481/173 247/1051/173 246/482/174
f 242/484/173 243/1052/175 248/485/175
f 244/487/176 249/1053/176 248/488/175
f 244/490/176 245/1054/177 250/491/177
f 241/483/174 246/482/174 250/493/177
s 0
f 242/497/178 241/1055/178 245/495/178
f 245/495/178 244/1056/178 243/496/178
f 249/1057/179 250/1058/179 248/500/179
f 250/1058/179 246/498/179 248/500/179
s 1
f 252/501/180 257/505/180 256/502/181
f 252/501/180 253/1059/182 258/504/182
f 254/506/183 259/1060/183 258/507/182
f 255/509/184 260/1061/184 259/510/183
f 251/512/181 256/1062/181 260/513/184
s 0
f 252/517/185 251/1063/185 255/515/185
f 255/515/185 254/1064/185 253/516/185
f 259/520/186 260/1065/186 256/518/186
f 256/518/186 257/1066/186 258/519/186
s 1
f 262/521/187 267/1067/187 266/522/188
f 262/524/187 263/528/189 268/525/189
f 264/527/190 269/1068/190 268/525/189
f 264/529/190 265/1069/191 270/530/191
f 261/532/188 266/1070/188 270/533/191
s 0
f 262/537/192 261/1071/192 265/535/192
f 265/535/192 264/1072/192 263/536/192
f 269/1073/193 270/1074/193 268/540/193
f 270/1074/193 266/538/193 268/540/193
s 1
f 272/541/194 277/1075/194 276/542/195
f 273/544/196 278/1076/196 277/545/194
f 274/547/197 279/1077/197 278/548/196
f 275/550/198 280/1078/198 279/551/197
f 271/543/195 276/542/195 280/553/198
s 0
f 272/557/199 271/1079/199 275/555/199
f 275/555/199 274/1080/199 273/556/199
f 279/560/200 280/1081/200 276/1082/200
f 276/1082/200 277/558/200 279/560/200
s 1
f 282/561/201 287/1083/201 286/562/202
f 283/564/203 288/568/203 287/565/201
f 284/567/204 289/1084/204 288/568/203
f 285/569/205 290/1085/205 289/570/204
f 281/572/202 286/1086/202 290/573/205
s 0
f 282/1087/206 281/1088/206 283/577/206
f 281/1088/206 285/575/206 283/577/206
f 289/1089/207 290/1090/207 288/580/207
f 290/1090/207 286/578/207 288/580/207
s 1
f 292/581/208 297/1091/208 296/582/209
f 292/584/208 293/1092/210 298/585/210
f 294/587/211 299/1093/211 298/588/210
f 294/590/211 295/1094/212 300/591/212
f 291/583/209 296/582/209 300/593/212
s 0
f 292/1095/213 291/1096/213 293/597/213
f 291/1096/213 295/595/213 293/597/213
f 299/600/214 300/1097/214 296/1098/214
f 296/1098/214 297/598/214 299/600/214
s 1
f 302/601/215 307/1099/215 306/602/216
f 302/604/215 303/1100/217 308/605/217
f 303/607/217 304/1101/218 309/608/218
f 305/610/219 310/1102/219 309/611/218
f 305/613/219 301/603/216 306/602/216
s 0
f 302/1103/220 301/1104/220 303/617/220
f 301/1104/220 305/615/220 303/617/220
f 309/1105/221 310/1106/221 308/620/221
f 310/1106/221 306/618/221 308/620/221
s 1
f 311/621/222 312/1107/223 317/622/223
f 312/624/223 313/1108/224 318/625/224
f 314/627/225 319/631/225 318/628/224
f 315/630/226 320/1109/226 319/631/225
f 311/632/222 316/1110/222 320/633/226
s 0
f 312/637/227 311/1111/227 315/635/227
f 315/635/227 314/1112/227 313/636/227
f 319/1113/228 320/1114/228 318/640/228
f 320/1114/228 316/638/228 318/640/228
s 1
f 321/641/229 322/1115/230 327/642/230
f 323/644/232 328/1116/232 327/645/230
f 323/647/232 324/650/233 329/648/233
f 324/650/233 325/1117/234 330/651/234
f 325/652/234 321/1118/229 326/653/231
s 0
f 322/1119/312 321/1120/312 323/657/312
f 321/1120/312 325/655/312 323/657/312
f 329/660/313 330/1121/313 326/658/313
f 326/658/313 327/1122/313 328/659/313
s 1
f 332/661/237 337/1123/237 336/662/238
f 332/664/237 333/1124/239 338/665/239
f 334/667/240 339/1125/240 338/668/239
f 334/670/240 335/1126/241 340/671/241
f 331/663/238 336/662/238 340/673/241
s 0
f 332/677/242 331/1127/242 335/1128/242
f 335/1128/242 334/675/242 332/677/242
f 339/680/243 340/1129/243 336/678/243
f 336/678/243 337/1130/243 338/679/243
s 1
f 341/681/244 342/1131/245 347/682/245
f 343/684/246 348/1132/246 347/685/245
f 343/687/246 344/1133/247 349/688/247
f 344/690/247 345/1134/248 350/691/248
f 341/681/244 346/683/244 350/693/248
s 0
f 342/697/249 341/1135/249 345/1136/249
f 345/1136/249 344/695/249 342/697/249
f 349/700/250 350/1137/250 346/1138/250
f 346/1138/250 347/698/250 349/700/250
s 1
f 352/701/251 357/1139/251 356/702/252
f 353/704/253 358/1140/253 357/705/251
f 354/707/254 359/1141/254 358/708/253
f 355/710/255 360/1142/255 359/711/254
f 355/713/255 351/703/252 356/702/252
s 0
f 352/717/314 351/1143/314 355/715/314
f 355/715/314 354/1144/314 353/716/314
f 359/1145/257 360/1146/257 358/720/257
f 360/1146/257 356/718/257 358/720/257
s 1
f 361/721/258 362/725/259 367/722/259
f 363/724/260 368/1147/260 367/722/259
f 363/726/260 364/1148/261 369/727/261
f 365/729/262 370/1149/262 369/730/261
f 365/732/262 361/1150/258 366/733/258
s 0
f 362/1151/263 361/1152/263 363/737/263
f 361/1152/263 365/735/263 363/737/263
f 369/740/264 370/1153/264 366/1154/264
f 366/1154/264 367/738/264 369/740/264
s 1
f 372/741/265 377/745/265 376/742/266
f 372/741/265 373/1155/267 378/744/267
f 374/746/268 379/1156/268 378/747/267
f 374/749/268 375/1157/269 380/750/269
f 371/752/266 376/1158/266 380/753/269
s 0
f 372/757/270 371/1159/270 375/1160/270
f 375/1160/270 374/755/270 372/757/270
f 379/760/315 380/1161/315 376/1162/315
f 376/1162/315 377/758/315 379/760/315
s 1
f 382/761/272 387/1163/272 386/762/273
f 382/764/272 383/767/274 388/765/274
f 383/767/274 384/1164/276 389/768/275
f 384/769/276 385/1165/277 390/770/277
f 381/772/273 386/1166/273 390/773/277
s 0
f 382/1167/278 381/1168/278 383/777/278
f 381/1168/278 385/775/278 383/777/278
f 389/780/279 390/1169/279 386/778/279
f 386/778/279 387/1170/279 388/779/279
s 1
f 392/781/280 397/1171/280 396/782/281
f 393/784/282 398/1172/282 397/785/280
f 394/787/283 399/1173/283 398/788/282
f 394/790/283 395/1174/284 400/791/284
f 391/783/281 396/782/281 400/793/284
s 0
f 392/797/285 391/1175/285 395/1176/285
f 395/1176/285 394/795/285 392/797/285
f 399/1177/316 400/1178/316 398/800/316
f 400/1178/316 396/798/316 398/800/316
s 1
f 401/801/287 402/1179/288 407/802/288
f 403/804/289 408/1180/289 407/805/288
f 404/807/290 409/1181/290 408/808/289
f 405/810/291 410/1182/291 409/811/290
f 405/813/291 401/801/287 406/803/287
s 0
f 402/817/292 401/1183/292 405/1184/292
f 405/1184/292 404/815/292 402/817/292
f 409/820/293 410/1185/293 406/1186/293
f 406/1186/293 407/818/293 409/820/293
s 1
f 412/821/294 417/1187/294 416/822/295
f 412/824/294 413/827/297 418/825/296
f 413/827/297 414/1188/298 419/828/298
f 415/829/299 420/1189/299 419/830/298
f 415/832/299 411/1190/295 416/833/295
s 0
f 412/1191/300 411/1192/300 413/837/300
f 411/1192/300 415/835/300 413/837/300
f 419/840/301 420/1193/301 416/1194/301
f 416/1194/301 417/838/301 419/840/301
s 1
f 421/841/302 422/1195/303 427/842/303
f 423/844/304 428/1196/304 427/845/303
f 424/847/305 429/1197/305 428/848/304
f 425/850/306 430/1198/306 429/851/305
f 425/853/306 421/841/302 426/843/302
s 0
f 422/1199/307 421/1200/307 423/857/307
f 421/1200/307 425/855/307 423/857/307
f 429/860/308 430/1201/308 426/858/308
f 426/858/308 427/1202/308 428/859/308
o coral_branch_a_tip
usemtl coral_branch_a_tip
v 0.361095 0.606194 0.042543
v 0.376562 0.597671 0.042147
v 0.384190 0.600927 0.026551
v 0.373437 0.611462 0.017309
v 0.359164 0.614717 0.027192
v 0.388707 0.644825 0.054453
v 0.394943 0.641388 0.054293
v 0.398019 0.642701 0.048005
v 0.393683 0.646948 0.044278
v 0.387928 0.648261 0.048263
v 0.419529 0.585922 -0.043828
v 0.405355 0.586308 -0.033293
v 0.410769 0.583320 -0.016747
v 0.428289 0.581087 -0.017055
v 0.433702 0.582695 -0.033792
v 0.425554 0.631075 -0.028540
v 0.419839 0.631230 -0.024292
v 0.422022 0.630026 -0.017620
v 0.429086 0.629125 -0.017745
v 0.431269 0.629773 -0.024493
v 0.280122 0.675560 0.054719
v 0.265846 0.671796 0.064418
v 0.271299 0.666955 0.080506
v 0.288944 0.667727 0.080751
v 0.294397 0.673046 0.064814
v 0.277538 0.726496 0.080284
v 0.271782 0.724979 0.084195
v 0.273981 0.723027 0.090682
v 0.281096 0.723338 0.090781
v 0.283295 0.725482 0.084354
v 0.306440 0.638901 0.080025
v 0.319096 0.632178 0.090352
v 0.334623 0.634746 0.082333
v 0.331564 0.643056 0.067049
v 0.314146 0.645624 0.065622
v 0.320031 0.684760 0.102238
v 0.325134 0.682049 0.106403
v 0.331395 0.683084 0.103169
v 0.330162 0.686435 0.097006
v 0.323138 0.687471 0.096431
v 0.053834 0.690407 0.185815
v 0.039592 0.688958 0.196163
v 0.045032 0.684338 0.212321
v 0.062636 0.682931 0.211959
v 0.068076 0.686682 0.195578
v 0.058538 0.743388 0.208703
v 0.052795 0.742804 0.212875
v 0.054988 0.740942 0.219391
v 0.062087 0.740374 0.219245
v 0.064280 0.741887 0.212639
v -0.047092 0.672118 0.143727
v -0.061382 0.673244 0.154048
v -0.055924 0.675015 0.170754
v -0.038260 0.674984 0.170758
v -0.032801 0.673193 0.154054
v -0.046999 0.724655 0.147145
v -0.052761 0.725109 0.151307
v -0.050560 0.725823 0.158043
v -0.043438 0.725810 0.158044
v -0.041237 0.725088 0.151309
v 0.060541 0.548822 0.314557
v 0.076462 0.543064 0.319595
v 0.087597 0.545263 0.306060
v 0.078558 0.552381 0.292657
v 0.061836 0.554581 0.297908
v 0.077468 0.587383 0.323619
v 0.083888 0.585061 0.325651
v 0.088378 0.585948 0.320193
v 0.084733 0.588818 0.314789
v 0.077991 0.589705 0.316906
v 0.097484 0.587512 0.286460
v 0.112562 0.579547 0.291064
v 0.124445 0.582589 0.278354
v 0.116711 0.592435 0.265894
v 0.100048 0.595478 0.270904
v 0.120938 0.632235 0.307242
v 0.127018 0.629023 0.309099
v 0.131810 0.630250 0.303974
v 0.128691 0.634220 0.298950
v 0.121972 0.635447 0.300970
v 0.042332 0.601249 0.231137
v 0.025479 0.595977 0.230702
v 0.018710 0.597991 0.246893
v 0.031379 0.604508 0.257334
v 0.045979 0.606521 0.247597
v 0.021759 0.649794 0.225802
v 0.014964 0.647668 0.225626
v 0.012234 0.648480 0.232155
v 0.017343 0.651108 0.236365
v 0.023230 0.651920 0.232439
v -0.094061 0.590425 0.340596
v -0.108339 0.587780 0.350654
v -0.102885 0.584671 0.367164
v -0.085237 0.585394 0.367311
v -0.079783 0.588950 0.350890
v -0.096230 0.639482 0.359673
v -0.101987 0.638416 0.363729
v -0.099788 0.637162 0.370387
v -0.092672 0.637454 0.370446
v -0.090473 0.638888 0.363825
v -0.014844 0.587892 0.365890
v -0.029115 0.587893 0.376299
v -0.023664 0.586410 0.393036
v -0.006024 0.585493 0.392970
v -0.000573 0.586409 0.376193
v -0.011907 0.643452 0.378857
v -0.017661 0.643452 0.383054
v -0.015463 0.642854 0.389803
v -0.008351 0.642484 0.389776
v -0.006153 0.642854 0.383011
v -0.325038 0.654063 -0.116419
v -0.339073 0.647596 -0.107863
v -0.336532 0.650066 -0.090558
v -0.320927 0.658059 -0.088419
v -0.313822 0.660529 -0.104401
v -0.350814 0.702911 -0.110901
v -0.356474 0.700303 -0.107452
v -0.355449 0.701299 -0.100474
v -0.349157 0.704523 -0.099611
v -0.346292 0.705519 -0.106056
v -0.371707 0.634929 -0.066330
v -0.386994 0.626871 -0.062674
v -0.390868 0.629949 -0.045717
v -0.377975 0.639910 -0.038894
v -0.366133 0.642988 -0.051633
v -0.405355 0.683731 -0.073994
v -0.411520 0.680482 -0.072520
v -0.413082 0.681723 -0.065682
v -0.407883 0.685739 -0.062931
v -0.403108 0.686981 -0.068067
v -0.150256 0.630440 -0.105807
v -0.155014 0.625168 -0.121980
v -0.172500 0.627182 -0.123454
v -0.178550 0.633699 -0.108192
v -0.164802 0.635713 -0.097285
v -0.152182 0.674264 -0.125284
v -0.154100 0.672138 -0.131805
v -0.161151 0.672950 -0.132399
v -0.163591 0.675578 -0.126245
v -0.158047 0.676390 -0.121847
v -0.146359 0.620444 -0.112686
v -0.160483 0.619118 -0.102161
v -0.155088 0.621312 -0.085484
v -0.137631 0.623993 -0.085703
v -0.132236 0.623456 -0.102514
v -0.153076 0.664621 -0.107290
v -0.158771 0.664087 -0.103046
v -0.156596 0.664971 -0.096322
v -0.149556 0.666052 -0.096410
v -0.147381 0.665836 -0.103189
v -0.182757 0.625024 -0.153317
v -0.194259 0.616527 -0.163686
v -0.210522 0.619772 -0.157604
v -0.209071 0.630276 -0.143476
v -0.191911 0.633521 -0.140827
v -0.194787 0.666199 -0.182693
v -0.199425 0.662773 -0.186874
v -0.205983 0.664082 -0.184422
v -0.205398 0.668317 -0.178725
v -0.198479 0.669626 -0.177657
v -0.345701 0.675731 -0.148926
v -0.354366 0.668017 -0.135606
v -0.345278 0.670963 -0.120749
v -0.330996 0.680498 -0.124887
v -0.331257 0.683445 -0.142301
v -0.377643 0.731644 -0.130336
v -0.381137 0.728534 -0.124965
v -0.377473 0.729722 -0.118974
v -0.371714 0.733566 -0.120643
v -0.371819 0.734754 -0.127665
v -0.266289 0.685691 -0.205275
v -0.281876 0.677382 -0.205354
v -0.289832 0.680556 -0.189906
v -0.279162 0.690827 -0.180279
v -0.264611 0.694000 -0.189778
v -0.299858 0.737634 -0.223484
v -0.306143 0.734284 -0.223516
v -0.309351 0.735563 -0.217287
v -0.305048 0.739705 -0.213405
v -0.299181 0.740985 -0.217235
v -0.269194 0.686078 -0.144646
v -0.280656 0.681058 -0.132179
v -0.272816 0.682975 -0.116466
v -0.256510 0.689181 -0.119223
v -0.254271 0.691098 -0.136639
v -0.288893 0.743363 -0.132222
v -0.293514 0.741338 -0.127194
v -0.290353 0.742111 -0.120859
v -0.283778 0.744614 -0.121970
v -0.282875 0.745387 -0.128993
v 0.124013 0.633769 -0.331198
v 0.109781 0.633822 -0.320736
v 0.115217 0.631352 -0.304112
v 0.132809 0.629773 -0.304299
v 0.138245 0.631267 -0.321039
v 0.128920 0.686617 -0.315890
v 0.123181 0.686638 -0.311672
v 0.125373 0.685643 -0.304968
v 0.132466 0.685006 -0.305044
v 0.134659 0.685608 -0.311794
v 0.105525 0.662672 -0.322402
v 0.098726 0.654806 -0.336682
v 0.081320 0.657810 -0.336802
v 0.077361 0.667533 -0.322597
v 0.092320 0.670538 -0.313697
v 0.106509 0.717031 -0.359336
v 0.103767 0.713860 -0.365094
v 0.096749 0.715071 -0.365142
v 0.095152 0.718992 -0.359414
v 0.101184 0.720203 -0.355825
v 0.121525 0.634195 -0.375120
v 0.108044 0.623759 -0.379743
v 0.094269 0.627745 -0.369430
v 0.099235 0.640646 -0.358433
v 0.116080 0.644632 -0.361950
v 0.094427 0.677201 -0.413333
v 0.088992 0.672993 -0.415197
v 0.083437 0.674600 -0.411038
v 0.085440 0.679802 -0.406604
v 0.092232 0.681409 -0.408022
v 0.081017 0.585197 -0.299556
v 0.066733 0.582583 -0.289498
v 0.072189 0.577495 -0.273487
v 0.089844 0.576965 -0.273649
v 0.095300 0.581726 -0.289761
v 0.082583 0.630313 -0.276346
v 0.076824 0.629259 -0.272291
v 0.079024 0.627207 -0.265835
v 0.086143 0.626994 -0.265900
v 0.088343 0.628913 -0.272397
v 0.083944 0.563233 -0.275875
v 0.081738 0.555068 -0.291382
v 0.065249 0.558187 -0.296896
v 0.057264 0.568279 -0.284796
v 0.068818 0.571397 -0.271804
v 0.090012 0.598577 -0.301350
v 0.089122 0.595285 -0.307603
v 0.082473 0.596542 -0.309826
v 0.079254 0.600612 -0.304947
v 0.083912 0.601869 -0.299709
v 0.007083 0.562434 -0.316495
v -0.006866 0.566530 -0.306461
v -0.001538 0.566973 -0.289626
v 0.015704 0.563151 -0.289255
v 0.021032 0.560346 -0.305861
v 0.016527 0.605507 -0.311670
v 0.010903 0.607159 -0.307624
v 0.013051 0.607337 -0.300835
v 0.020003 0.605796 -0.300686
v 0.022151 0.604665 -0.307382
v -0.024475 0.574804 -0.149099
v -0.034077 0.570277 -0.134981
v -0.023881 0.572006 -0.120661
v -0.007976 0.577602 -0.125929
v -0.008343 0.579331 -0.143504
v -0.033886 0.613381 -0.136536
v -0.037758 0.611556 -0.130843
v -0.033647 0.612253 -0.125069
v -0.027234 0.614509 -0.127193
v -0.027382 0.615207 -0.134280
v -0.049877 0.587110 -0.225836
v -0.065442 0.581350 -0.219790
v -0.065643 0.583550 -0.202264
v -0.050202 0.590671 -0.197480
v -0.040458 0.592871 -0.212048
v -0.071676 0.632613 -0.223203
v -0.077952 0.630291 -0.220765
v -0.078033 0.631178 -0.213698
v -0.071807 0.634049 -0.211769
v -0.067878 0.634936 -0.217643
v -0.035215 0.576963 -0.181246
v -0.036555 0.570470 -0.164873
v -0.021075 0.572950 -0.156734
v -0.010168 0.580976 -0.168076
v -0.018907 0.583456 -0.183225
v -0.041523 0.613090 -0.161748
v -0.042063 0.610472 -0.155146
v -0.035822 0.611472 -0.151864
v -0.031424 0.614708 -0.156438
v -0.034948 0.615708 -0.162546
vn 0.4540 -0.4106 0.7908
vn -0.5580 0.1470 0.8167
vn 0.9530 -0.1976 -0.2296
vn 0.4539 -0.4106 0.7908
vn 0.2495 0.4917 -0.8343
vn -0.6843 0.7046 -0.1876
vn -0.4523 -0.8027 -0.3888
vn 0.4523 0.8027 0.3888
vn -0.9029 0.3430 -0.2591
vn 0.0238 0.3178 -0.9479
vn -0.5489 0.1476 0.8227
vn 0.5966 0.0016 0.8026
vn 0.9505 0.1068 -0.2917
vn 0.9505 0.1067 -0.2917
vn -0.1276 -0.9825 -0.1357
vn 0.1276 0.9825 0.1357
vn -0.9455 0.2009 -0.2564
vn -0.0072 0.4483 -0.8939
vn -0.5871 -0.1173 0.8010
vn 0.5727 -0.0665 0.8171
vn 0.5726 -0.0665 0.8171
vn 0.9310 0.2830 -0.2304
vn 0.0459 -0.9522 -0.3020
vn -0.0458 0.9522 0.3020
vn -0.9506 0.1501 0.2718
vn -0.1206 -0.2909 0.9491
vn -0.9506 0.1500 0.2718
vn 0.8977 -0.1225 0.4232
vn 0.6971 0.4225 -0.5792
vn -0.4452 0.5909 -0.6727
vn -0.0923 -0.8824 -0.4613
vn 0.0923 0.8824 0.4613
vn 0.0127 0.3956 -0.9183
vn -0.9237 0.3003 -0.2380
vn -0.5660 -0.0034 0.8244
vn 0.5915 -0.0959 0.8006
vn 0.9491 0.1507 -0.2765
vn -0.0822 -0.9652 -0.2483
vn 0.0822 0.9652 0.2483
vn 0.0003 0.0649 -0.9979
vn -0.9369 0.1388 -0.3210
vn -0.9368 0.1388 -0.3210
vn -0.5789 0.2549 0.7745
vn 0.5795 0.2528 0.7748
vn 0.9375 0.1354 -0.3207
vn -0.0018 -0.9944 0.1060
vn 0.0018 0.9944 -0.1060
vn 0.2723 -0.1843 0.9444
vn -0.7640 0.1905 0.6164
vn 0.9971 -0.0411 0.0633
vn 0.9971 -0.0412 0.0634
vn 0.4088 0.4222 -0.8091
vn -0.6797 0.5654 -0.4673
vn -0.2253 -0.9152 -0.3341
vn 0.2253 0.9152 0.3341
vn 0.2001 -0.3866 0.9003
vn -0.7898 0.1363 0.5980
vn 0.9802 -0.1869 0.0659
vn 0.4724 0.4595 -0.7521
vn -0.6215 0.6593 -0.4232
vn -0.2940 -0.8302 -0.4736
vn 0.2940 0.8302 0.4736
vn -0.5268 -0.1885 -0.8288
vn 0.5787 0.1573 -0.8003
vn 0.5786 0.1573 -0.8003
vn -0.9708 -0.0565 0.2332
vn -0.1398 0.3710 0.9181
vn 0.8178 0.5031 0.2793
vn 0.8178 0.5031 0.2794
vn 0.2847 -0.9295 0.2346
vn -0.2847 0.9295 -0.2346
vn -0.0071 0.3622 -0.9321
vn -0.9435 0.1887 -0.2725
vn -0.5858 -0.0152 0.8103
vn 0.5716 0.0323 0.8199
vn 0.9292 0.2655 -0.2570
vn 0.9293 0.2655 -0.2569
vn 0.0418 -0.9793 -0.1982
vn -0.0418 0.9793 0.1982
vn -0.9298 0.2269 -0.2897
vn 0.0082 0.2269 -0.9739
vn -0.5715 0.1294 0.8103
vn 0.5879 0.0692 0.8060
vn 0.9462 0.1294 -0.2967
vn -0.0521 -0.9961 -0.0713
vn 0.0521 0.9961 0.0713
vn 0.0616 0.1441 -0.9876
vn -0.8602 -0.2807 -0.4257
vn -0.8602 -0.2807 -0.4258
vn -0.6933 -0.1184 0.7108
vn 0.3316 0.4066 0.8513
vn 0.7982 0.5688 -0.1984
vn 0.4483 -0.8918 0.0615
vn -0.4483 0.8917 -0.0615
vn 0.3877 0.1239 -0.9134
vn -0.6182 -0.4064 -0.6729
vn -0.8731 -0.2038 0.4429
vn -0.6182 -0.4064 -0.6728
vn -0.0248 0.4516 0.8919
vn 0.7545 0.6542 0.0536
vn 0.7545 0.6542 0.0537
vn 0.4984 -0.8258 0.2638
vn -0.4984 0.8258 -0.2638
vn 0.6276 -0.1711 -0.7595
vn 0.9387 0.1736 0.2979
vn -0.5157 -0.0394 -0.8559
vn -0.9112 0.3867 0.1420
vn -0.0124 0.5184 0.8551
vn -0.1359 -0.9294 0.3430
vn 0.1359 0.9295 -0.3430
vn -0.9515 0.0302 -0.3063
vn -0.0303 0.1166 -0.9927
vn -0.0304 0.1166 -0.9927
vn -0.5996 0.1732 0.7813
vn 0.5389 0.3481 0.7671
vn 0.8908 0.3131 -0.3294
vn 0.8908 0.3131 -0.3293
vn 0.1523 -0.9851 0.0803
vn -0.1523 0.9851 -0.0803
vn 0.9694 0.1387 -0.2026
vn 0.2154 -0.4184 -0.8824
vn -0.8508 -0.2056 -0.4837
vn -0.8507 -0.2056 -0.4837
vn -0.7556 0.4829 0.4425
vn 0.3693 0.6957 0.6161
vn 0.3693 0.6957 0.6162
vn 0.0607 -0.8040 0.5915
vn -0.0607 0.8040 -0.5915
vn -0.9166 -0.3961 -0.0533
vn -0.3451 0.1126 -0.9318
vn -0.3452 0.1126 -0.9318
vn -0.3172 -0.2018 0.9266
vn 0.6247 0.4271 0.6537
vn 0.6075 0.6214 -0.4948
vn 0.5185 -0.8418 -0.1502
vn -0.5185 0.8418 0.1502
vn -0.4240 -0.4345 -0.7947
vn 0.6033 0.1132 -0.7894
vn 0.6033 0.1131 -0.7894
vn -0.9483 -0.2253 0.2234
vn -0.2451 0.4516 0.8579
vn 0.7139 0.6608 0.2319
vn 0.4317 -0.8136 0.3895
vn -0.4317 0.8136 -0.3895
vn -0.2152 0.1358 -0.9671
vn -0.9699 -0.1948 -0.1461
vn -0.4537 -0.0685 0.8885
vn 0.6201 0.3401 0.7070
vn 0.7675 0.4663 -0.4398
vn 0.3464 -0.9363 -0.0586
vn -0.3464 0.9363 0.0586
vn -0.9200 0.2804 -0.2738
vn 0.0146 0.2769 -0.9608
vn -0.5630 0.1182 0.8179
vn 0.5923 0.0145 0.8056
vn 0.9492 0.1126 -0.2937
vn 0.5922 0.0145 0.8056
vn -0.0900 -0.9890 -0.1175
vn 0.0900 0.9890 0.1175
vn 0.5262 -0.4047 -0.7479
vn 0.9744 0.1139 0.1936
vn -0.6214 -0.2066 -0.7558
vn -0.8824 0.4344 0.1808
vn 0.1039 0.6325 0.7675
vn -0.1478 -0.8349 0.5303
vn 0.1478 0.8349 -0.5303
vn -0.0283 -0.5913 -0.8059
vn 0.8599 0.0963 -0.5013
vn -0.9359 -0.3287 -0.1265
vn -0.6087 0.5213 0.5981
vn 0.5012 0.7840 0.3664
vn 0.3006 -0.6831 0.6656
vn -0.3006 0.6831 -0.6656
vn 0.0056 0.4573 -0.8893
vn -0.9301 0.2860 -0.2304
vn 0.0055 0.4573 -0.8893
vn -0.9301 0.2860 -0.2305
vn -0.5727 -0.0472 0.8184
vn 0.5838 -0.0819 0.8077
vn 0.9412 0.2299 -0.2477
vn 0.5838 -0.0819 0.8078
vn -0.0314 -0.9556 -0.2930
vn 0.0314 0.9556 0.2930
vn 0.7375 -0.3647 -0.5684
vn 0.8813 0.1673 0.4420
vn -0.3368 -0.1615 -0.9276
vn -0.8570 0.4961 -0.1392
vn -0.1042 0.6993 0.7072
vn -0.8570 0.4961 -0.1393
vn -0.3147 -0.8207 0.4769
vn 0.3147 0.8207 -0.4769
vn 0.0440 0.1017 -0.9938
vn -0.8652 0.3687 -0.3399
vn 0.0439 0.1017 -0.9938
vn -0.5179 0.3975 0.7574
vn 0.6058 0.1484 0.7816
vn 0.9531 -0.0344 -0.3007
vn -0.2174 -0.9715 0.0944
vn 0.2174 0.9715 -0.0944
vn -0.3718 0.2042 -0.9056
vn -0.9959 -0.0900 0.0119
vn -0.3332 0.0224 0.9426
vn 0.7005 0.3860 0.6002
vn 0.7005 0.3860 0.6003
vn 0.6766 0.4984 -0.5420
vn 0.3007 -0.9485 -0.0996
vn -0.3007 0.9485 0.0996
vn -0.7965 -0.2149 -0.5652
vn 0.2229 0.1624 -0.9612
vn -0.8096 -0.0707 0.5826
vn -0.8097 -0.0708 0.5826
vn 0.2017 0.3956 0.8960
vn 0.2016 0.3956 0.8960
vn 0.8398 0.5397 -0.0581
vn 0.3850 -0.9152 0.1193
vn -0.3850 0.9152 -0.1193
vn -0.7718 0.1923 -0.6061
vn -0.8589 -0.2296 0.4579
vn -0.8589 -0.2296 0.4578
vn 0.1470 -0.0684 0.9868
vn 0.1470 -0.0685 0.9868
vn 0.8558 0.4531 0.2497
vn 0.2879 0.6143 -0.7347
vn 0.3149 -0.8908 -0.3275
vn -0.3149 0.8908 0.3275
vn 0.0458 -0.9522 -0.3021
vn 0.0458 -0.9522 -0.3020
vn -0.0458 0.9522 0.3021
vn -0.0459 0.9522 0.3020
vn 0.4483 -0.8917 0.0615
vn -0.4483 0.8918 -0.0615
vn 0.1359 0.9294 -0.3430
vn 0.1478 0.8349 -0.5302
vn -0.0314 -0.9556 -0.2929
vt 0.777737 1.152488
vt 0.802027 1.246795
vt 0.746803 1.169534
vt 0.005780 1.158999
vt -0.049704 1.239922
vt -0.025411 1.152488
vt -0.029673 1.251043
vt -0.037127 1.242547
vt 0.742942 -0.004497
vt 0.811980 0.029673
vt 0.771488 -0.024265
vt -0.004497 1.186580
vt 0.050024 1.246795
vt 0.037644 1.253668
vt 0.742942 0.004497
vt 0.771488 0.024265
vt 0.792993 0.005780
vt 0.802027 0.050024
vt 0.820652 0.037127
vt -0.835324 1.129763
vt -0.875722 1.219295
vt -0.863671 1.128990
vt -0.092376 1.123786
vt -0.107466 1.219607
vt -0.125469 1.129763
vt 0.846152 1.123786
vt 0.882786 1.215396
vt 0.868658 1.217197
vt 0.126467 1.122535
vt 0.094371 1.215396
vt 0.092993 1.119319
vt -0.887152 1.216693
vt -0.892018 1.122535
vt 0.892018 0.126467
vt 0.881191 0.092993
vt 0.846152 0.092376
vt 0.875722 -0.115962
vt 0.864292 -0.107466
vt 0.868658 -0.094123
vt -0.556306 1.300739
vt -0.579690 1.410138
vt -0.584857 1.308267
vt 0.069953 1.300739
vt 0.122482 1.403199
vt 0.109507 1.407103
vt 0.567212 1.291057
vt 0.586805 1.403821
vt 0.572575 1.403199
vt -0.102620 1.292601
vt -0.109826 1.408110
vt -0.122679 1.403821
vt -0.613408 1.303237
vt -0.591203 1.408110
vt 0.602502 -0.102620
vt 0.567212 -0.102130
vt 0.556306 -0.069953
vt 0.579690 0.101685
vt 0.568178 0.109507
vt 0.572575 0.122482
vt 0.637495 1.234948
vt 0.674881 1.321244
vt 0.664675 1.326666
vt 0.662805 1.221502
vt 0.687404 1.323315
vt -0.105783 1.226638
vt -0.135130 1.330016
vt -0.147456 1.323315
vt -0.652907 1.248393
vt -0.684937 1.330016
vt -0.687742 1.243258
vt 0.072362 1.248393
vt 0.145594 1.326666
vt 0.133980 1.332087
vt 0.652907 -0.072362
vt 0.687742 -0.075215
vt 0.693860 -0.105783
vt 0.664675 0.145594
vt 0.674881 0.153923
vt 0.687404 0.147456
vt -0.132281 1.337959
vt -0.130203 1.442755
vt -0.141689 1.443923
vt 0.365760 1.325822
vt 0.366868 1.442755
vt 0.333444 1.335062
vt 0.114677 1.325822
vt 0.148787 1.437895
vt 0.134590 1.439029
vt -0.332273 1.330510
vt -0.379607 1.437895
vt -0.365036 1.323009
vt -0.153174 1.440919
vt -0.160765 1.330510
vt 0.160765 -0.332273
vt 0.149885 -0.365036
vt 0.114677 -0.365760
vt 0.130203 0.366868
vt 0.134590 0.379899
vt 0.148787 0.379607
vt 0.069570 1.301382
vt 0.080908 1.407363
vt 0.069384 1.406456
vt 0.249215 1.303634
vt 0.257203 1.408792
vt 0.243731 1.407363
vt -0.051906 1.307113
vt -0.076506 1.408792
vt -0.087234 1.307176
vt -0.282633 1.307113
vt -0.243735 1.407322
vt -0.257206 1.408766
vt 0.057859 1.407322
vt 0.040989 1.303532
vt -0.040989 -0.249225
vt -0.087234 -0.282626
vt -0.098150 -0.249215
vt -0.069384 0.235407
vt -0.076506 0.257203
vt -0.062261 0.257206
vt 0.177537 1.043273
vt 0.179550 1.131912
vt 0.145696 1.054790
vt -0.580308 1.043273
vt -0.581505 1.129042
vt -0.592420 1.127268
vt -0.553238 1.047673
vt -0.570695 1.134782
vt -0.148286 1.066308
vt -0.194080 1.134782
vt -0.181729 1.061908
vt 0.570232 1.054790
vt 0.574930 1.136556
vt 0.536934 1.066308
vt 0.181729 -0.526432
vt 0.199807 -0.553238
vt 0.177537 -0.580308
vt 0.192390 0.592420
vt 0.201369 0.581505
vt 0.194080 0.570695
vt 0.249738 1.116239
vt 0.266490 1.221616
vt 0.219581 1.132171
vt -0.523246 1.116239
vt -0.549065 1.217646
vt -0.559316 1.215192
vt -0.472906 1.142017
vt -0.497826 1.122324
vt -0.258036 1.142017
vt -0.268558 1.228040
vt -0.281996 1.225587
vt 0.514037 1.132171
vt 0.543057 1.228040
vt 0.482925 1.148102
vt 0.224710 -0.482925
vt 0.258036 -0.472906
vt 0.273504 -0.497826
vt 0.266490 0.555602
vt 0.278650 0.559316
vt 0.288233 0.549065
vt -0.075572 1.149100
vt -0.068132 1.256734
vt -0.109278 1.159644
vt 0.434903 1.153127
vt 0.392370 1.252482
vt 0.402522 1.149100
vt 0.062033 1.153127
vt 0.059299 1.259362
vt 0.049082 1.254106
vt 0.116571 1.170189
vt 0.087372 1.166161
vt -0.403393 1.159644
vt -0.405995 1.260986
vt -0.436312 1.170189
vt 0.116571 -0.436312
vt 0.062033 -0.434903
vt 0.075572 -0.402522
vt 0.068132 0.392722
vt 0.049082 0.405427
vt 0.059299 0.413848
vt 0.163508 1.137995
vt 0.179360 1.233978
vt 0.167846 1.236111
vt 0.675446 1.126488
vt 0.668576 1.233978
vt 0.642425 1.132706
vt -0.145859 1.127934
vt -0.174962 1.231471
vt -0.181156 1.126488
vt -0.675739 1.127934
vt -0.668767 1.234922
vt -0.682009 1.232054
vt 0.134952 1.135046
vt 0.156331 1.234922
vt -0.134952 -0.642898
vt -0.181156 -0.675446
vt -0.192064 -0.642425
vt -0.179360 0.668576
vt -0.174962 0.681891
vt -0.160730 0.682009
vt 0.033616 1.132932
vt -0.000800 1.244050
vt 0.005074 1.132931
vt 0.693716 1.132932
vt 0.720723 1.242854
vt 0.707226 1.244050
vt 0.012566 1.128132
vt -0.006313 1.242854
vt -0.022714 1.129967
vt -0.727058 1.128132
vt -0.707140 1.242853
vt -0.720670 1.242115
vt -0.012309 1.242853
vt -0.023468 1.129964
vt 0.023468 -0.693504
vt 0.012566 -0.727058
vt -0.022714 -0.727189
vt 0.000800 0.698831
vt -0.010709 0.707226
vt -0.006313 0.720723
vt 0.625462 1.265271
vt 0.688334 1.357753
vt 0.677015 1.362968
vt -0.274609 1.252337
vt -0.259830 1.359745
vt -0.273786 1.357753
vt -0.617240 1.273264
vt -0.686285 1.359745
vt -0.648451 1.257278
vt 0.267685 1.278205
vt 0.258105 1.366191
vt 0.235720 1.273264
vt 0.667971 1.368183
vt 0.603031 1.278205
vt -0.603031 0.267685
vt -0.617240 0.235720
vt -0.648451 0.239999
vt -0.688334 -0.273786
vt -0.686285 -0.259830
vt -0.673700 -0.258105
vt 0.718800 1.227005
vt 0.798426 1.318109
vt 0.786097 1.324608
vt -0.150317 1.217043
vt -0.203921 1.318109
vt -0.184231 1.210887
vt -0.757123 1.217043
vt -0.791153 1.328625
vt -0.801550 1.320591
vt -0.731337 -0.136670
vt -0.781602 -0.195017
vt -0.791153 -0.184744
vt 0.162149 1.243122
vt 0.206870 1.324608
vt 0.195017 1.331107
vt -0.707652 0.162149
vt -0.731337 0.136670
vt -0.757123 0.150317
vt -0.786097 -0.206870
vt -0.801550 -0.190247
vt 0.302843 1.207482
vt 0.309450 1.305675
vt 0.270497 1.218027
vt 0.285414 1.207482
vt 0.297689 1.303047
vt 0.283587 1.301423
vt -0.305791 1.211509
vt -0.311372 1.308302
vt -0.323681 1.303047
vt -0.332486 1.224544
vt -0.291480 1.309927
vt -0.302568 1.308302
vt -0.275897 1.218027
vt -0.304990 1.228572
vt -0.304990 0.253453
vt -0.332486 0.275265
vt -0.320387 0.305791
vt -0.279750 -0.309450
vt -0.283587 -0.322493
vt -0.297689 -0.323681
vt 0.296353 1.195383
vt 0.281539 1.286388
vt 0.268105 1.198033
vt -0.263203 1.195383
vt -0.251527 1.287088
vt -0.264975 1.285319
vt -0.285563 1.199770
vt -0.274499 1.289250
vt -0.288578 1.287088
vt 0.263911 1.204059
vt 0.251703 1.289250
vt 0.230288 1.205132
vt 0.270149 1.288818
vt 0.239858 1.204059
vt -0.239858 0.263911
vt -0.285563 0.229851
vt -0.296353 0.263203
vt -0.292929 -0.264975
vt -0.288578 -0.251527
vt -0.274499 -0.251703
vt 0.365517 1.207194
vt 0.432631 1.282692
vt 0.424269 1.289545
vt 0.363904 1.190200
vt 0.387353 1.285309
vt 0.374237 1.282692
vt -0.374091 1.196691
vt -0.416333 1.293780
vt -0.427726 1.285309
vt -0.359209 1.224189
vt -0.386183 1.293780
vt -0.393528 1.217697
vt 0.414196 1.296397
vt 0.340536 1.224189
vt -0.393528 0.345835
vt -0.396430 0.374091
vt -0.363904 0.386254
vt -0.374237 -0.432631
vt -0.387353 -0.427726
vt -0.386183 -0.416333
vt -0.330095 1.293180
vt -0.319555 1.420434
vt -0.356735 1.308607
vt -0.296831 1.416589
vt -0.308813 1.414213
vt -0.637378 1.318142
vt -0.730332 1.416589
vt -0.665942 1.299072
vt 0.308656 1.318142
vt 0.314212 1.426655
vt 0.300168 1.424279
vt 0.666788 1.308607
vt 0.719025 1.426655
vt 0.637900 1.324035
vt -0.637900 0.343485
vt -0.665942 0.300381
vt -0.684118 0.330095
vt -0.730673 -0.319555
vt -0.737661 -0.308813
vt -0.730332 -0.296831
vt 0.539138 1.311910
vt 0.575102 1.432414
vt 0.507964 1.328529
vt -0.469591 1.311910
vt -0.493457 1.428273
vt -0.505915 1.425713
vt -0.438695 1.318258
vt -0.485693 1.436556
vt -0.504609 1.345147
vt -0.585483 1.436556
vt -0.533710 1.338799
vt 0.469432 1.328529
vt 0.493353 1.439115
vt 0.438438 1.345147
vt -0.533710 0.419441
vt -0.555051 0.438695
vt -0.539138 0.469591
vt -0.587672 -0.505915
vt -0.594088 -0.493457
vt -0.585483 -0.485693
vt -0.348175 1.329302
vt -0.313271 1.439822
vt -0.323326 1.443871
vt -0.323240 1.319262
vt -0.300600 1.441369
vt -0.488406 1.335508
vt -0.556093 1.441369
vt -0.521019 1.323097
vt 0.297328 1.335508
vt 0.316869 1.447920
vt 0.302823 1.446373
vt 0.513775 1.329302
vt 0.541137 1.447920
vt 0.483928 1.339343
vt -0.488406 0.297328
vt -0.521019 0.291815
vt -0.536698 0.323240
vt -0.553172 -0.323326
vt -0.562415 -0.313271
vt -0.556093 -0.300600
vt -0.244175 1.224790
vt -0.282453 1.330380
vt -0.272639 1.224684
vt -0.700354 1.224790
vt -0.668819 1.328431
vt -0.682226 1.330423
vt 0.290232 1.216692
vt 0.275359 1.328431
vt 0.255047 1.219851
vt 0.700961 1.219680
vt 0.668970 1.327158
vt 0.667481 1.216692
vt -0.301104 1.219680
vt -0.293931 1.328362
vt 0.301104 0.700961
vt 0.290232 0.667481
vt 0.255047 0.667105
vt 0.282453 -0.690663
vt 0.275359 -0.668819
vt 0.289547 -0.668970
vt 0.732247 1.266757
vt 0.777553 1.391209
vt 0.703687 1.282490
vt -0.222066 1.266757
vt -0.218111 1.387288
vt -0.232148 1.384865
vt -0.704076 1.292213
vt -0.789166 1.387288
vt -0.732487 1.272766
vt 0.179336 1.292213
vt 0.226982 1.397553
vt 0.214918 1.395130
vt 0.686277 1.298222
vt 0.770533 1.397553
vt 0.179336 0.704076
vt 0.187254 0.732487
vt 0.222066 0.732247
vt 0.232148 -0.789069
vt 0.218111 -0.789166
vt 0.214918 -0.777710
vt -0.240702 1.204663
vt -0.213469 1.311548
vt -0.267663 1.225537
vt 0.240702 0.818368
vt 0.191488 0.880959
vt 0.202597 0.889276
vt -0.797743 1.212636
vt -0.872091 1.316750
vt -0.880959 1.306346
vt 0.256774 -0.782782
vt 0.195493 -0.872091
vt 0.223084 -0.775749
vt 0.782782 1.246410
vt 0.885548 1.311548
vt 0.874927 1.319965
vt 0.256774 0.782782
vt 0.223084 0.775749
vt 0.213151 0.797743
vt 0.202597 -0.889276
vt 0.191488 -0.880959
vt -0.186647 1.127540
vt -0.178261 1.215663
vt -0.189780 1.217772
vt -0.637879 1.122311
vt -0.590551 1.211560
vt -0.603464 1.215663
vt 0.204302 1.111077
vt 0.182661 1.211560
vt 0.168991 1.112136
vt 0.638404 1.120597
vt 0.590682 1.211133
vt 0.606181 1.111077
vt -0.215213 1.120597
vt -0.201299 1.214972
vt 0.204302 0.606181
vt 0.168991 0.605856
vt 0.158080 0.637879
vt 0.189780 -0.611575
vt 0.182661 -0.590551
vt 0.196899 -0.590682
vt 0.641647 1.067282
vt 0.661582 1.154300
vt 0.610632 1.083611
vt -0.155111 1.073519
vt -0.202858 1.147715
vt -0.188089 1.067282
vt -0.628475 1.093703
vt -0.678535 1.150230
vt -0.652675 1.073519
vt 0.162250 -0.602491
vt 0.183121 -0.668777
vt 0.139142 -0.628475
vt 0.162250 1.099940
vt 0.204637 1.154300
vt 0.192439 1.160884
vt 0.162250 0.602491
vt 0.139142 0.628475
vt 0.155111 0.652675
vt 0.204637 -0.661582
vt 0.202858 -0.674089
vt 0.189560 -0.678535
vt -0.038780 1.082015
vt -0.046419 1.171463
vt -0.057668 1.168160
vt -0.638134 1.091093
vt -0.674130 1.171463
vt -0.671805 1.090206
vt 0.021538 1.091093
vt 0.064620 1.168738
vt 0.050715 1.171821
vt 0.670604 1.077838
vt 0.660254 1.168738
vt 0.637392 1.083449
vt -0.066677 1.077838
vt -0.068916 1.166476
vt 0.066677 0.670604
vt 0.056021 0.637392
vt 0.021538 0.638134
vt 0.046419 -0.674130
vt 0.050715 -0.660553
vt 0.064620 -0.660254
vt -0.357080 1.106753
vt -0.320568 1.180258
vt -0.331953 1.183908
vt -0.300205 1.101158
vt -0.328845 1.097699
vt -0.023148 1.101158
vt -0.029854 1.186165
vt -0.042680 1.181652
vt 0.310740 1.112349
vt 0.327442 1.187559
vt 0.313268 1.186165
vt 0.024335 1.106753
vt 0.030150 1.187559
vt -0.007927 1.115807
vt 0.008661 0.310740
vt -0.023148 0.300205
vt -0.043541 0.328845
vt -0.043159 -0.331953
vt -0.050903 -0.320568
vt -0.042680 -0.309020
vt 0.106271 1.119846
vt 0.118738 1.222373
vt 0.075141 1.131367
vt -0.498462 1.119846
vt -0.486279 1.219502
vt -0.500412 1.217727
vt -0.106672 1.124246
vt -0.119000 1.225244
vt -0.131452 1.219502
vt 0.453842 1.138487
vt 0.494169 1.227018
vt 0.482421 1.225244
vt 0.482978 1.142888
vt 0.505289 1.222373
vt -0.056303 0.482978
vt -0.075790 0.453842
vt -0.106672 0.463411
vt -0.131290 -0.500412
vt -0.131452 -0.486279
vt -0.119000 -0.482421
vt -0.421374 1.111072
vt -0.369175 1.178090
vt -0.382379 1.183326
vt -0.048495 1.098086
vt -0.047030 1.180090
vt -0.059513 1.178090
vt -0.017536 1.103046
vt -0.038234 1.186562
vt 0.425333 1.124058
vt 0.371758 1.186562
vt 0.395035 1.119097
vt 0.013201 1.124058
vt 0.058433 1.183326
vt 0.045282 1.188562
vt -0.013201 0.425333
vt -0.017536 0.372350
vt -0.048495 0.388629
vt -0.059513 -0.369175
vt -0.047030 -0.362611
vt -0.038234 -0.371758
vt 0.814500 1.239922
vt 0.024265 1.180069
vt 0.800470 0.037644
vt 0.026204 1.169534
vt 0.777737 -0.025411
vt 0.746803 -0.026204
vt 0.814500 0.049704
vt -0.864292 1.219607
vt -0.094123 1.217197
vt 0.881191 1.119319
vt 0.107869 1.216693
vt 0.835324 0.125469
vt 0.863671 0.146538
vt 0.882786 -0.094371
vt 0.887152 -0.107869
vt -0.568178 1.407103
vt 0.102130 1.291057
vt 0.602502 1.292601
vt -0.070745 1.303237
vt 0.584857 -0.050556
vt 0.613408 -0.070745
vt 0.586805 0.122679
vt 0.591203 0.109826
vt 0.693860 1.226638
vt -0.075215 1.243258
vt -0.670890 1.332087
vt 0.101167 1.234948
vt 0.662805 -0.121822
vt 0.637495 -0.101167
vt 0.684937 0.135130
vt 0.670890 0.133980
vt -0.103797 1.335062
vt 0.379899 1.439029
vt 0.149885 1.323009
vt -0.366396 1.440919
vt 0.103797 -0.333444
vt 0.132281 -0.312748
vt 0.153174 0.366396
vt 0.141689 0.358523
vt 0.098150 1.303634
vt 0.282626 1.307176
vt -0.062261 1.408766
vt -0.249225 1.303532
vt -0.069570 -0.228572
vt -0.051906 -0.282633
vt -0.057859 0.243735
vt -0.080908 0.243731
vt 0.192390 1.127268
vt -0.526432 1.061908
vt -0.180595 1.136556
vt 0.588357 1.131912
vt 0.145696 -0.570232
vt 0.148286 -0.536934
vt 0.180595 0.574930
vt 0.179550 0.588357
vt 0.278650 1.215192
vt -0.539017 1.225587
vt -0.224710 1.148102
vt 0.555602 1.221616
vt 0.249738 -0.523246
vt 0.219581 -0.514037
vt 0.281996 0.539017
vt 0.268558 0.543057
vt -0.054541 1.252482
vt 0.405427 1.254106
vt 0.071073 1.260986
vt -0.392722 1.256734
vt 0.109278 -0.403393
vt 0.087372 -0.455786
vt 0.071073 0.405995
vt 0.054541 0.392370
vt 0.192064 1.132706
vt 0.681891 1.231471
vt -0.160730 1.232054
vt -0.642898 1.135046
vt -0.163508 -0.622309
vt -0.145859 -0.675739
vt -0.156331 0.668767
vt -0.167846 0.660464
vt 0.010709 1.244050
vt 0.727189 1.129967
vt 0.007913 1.242115
vt -0.693504 1.129964
vt -0.033616 -0.693716
vt -0.005074 -0.672898
vt 0.007913 0.720670
vt 0.012309 0.707140
vt 0.653533 1.252337
vt -0.239999 1.257278
vt -0.673700 1.366191
vt 0.270994 1.368183
vt -0.653533 0.274609
vt -0.625462 0.291720
vt -0.667971 -0.270994
vt -0.677015 -0.280685
vt 0.749374 1.210887
vt -0.190247 1.320591
vt -0.731337 1.236966
vt -0.707652 -0.162149
vt 0.191543 1.227005
vt -0.749374 0.184231
vt -0.718800 0.191543
vt -0.798426 -0.203921
vt 0.322493 1.301423
vt 0.320387 1.211509
vt -0.275265 1.224544
vt -0.279750 1.305675
vt -0.285414 0.302843
vt -0.275897 0.270497
vt -0.302568 -0.311372
vt -0.291480 -0.302577
vt 0.292929 1.285319
vt -0.229851 1.199770
vt -0.250647 1.205132
vt 0.265261 1.288818
vt -0.268105 0.284254
vt -0.250647 0.230288
vt -0.270149 -0.265261
vt -0.281539 -0.273463
vt 0.386254 1.190200
vt 0.396430 1.196691
vt -0.345835 1.217697
vt -0.372344 1.296397
vt -0.340900 0.365517
vt -0.359209 0.340536
vt -0.372344 -0.414196
vt -0.364961 -0.424269
vt -0.300381 1.299072
vt -0.718814 1.424279
vt 0.343485 1.324035
vt 0.730673 1.420434
vt -0.666788 0.356735
vt -0.637378 0.308656
vt -0.718814 -0.300168
vt -0.719025 -0.314212
vt 0.587672 1.425713
vt -0.419441 1.338799
vt -0.573749 1.439115
vt 0.505851 1.432414
vt -0.507964 0.469432
vt -0.504609 0.438438
vt -0.573749 -0.493353
vt -0.575102 -0.505851
vt -0.291815 1.323097
vt -0.542943 1.446373
vt 0.332161 1.339343
vt 0.553172 1.443871
vt -0.513775 0.348175
vt -0.483928 0.332161
vt -0.542943 -0.302823
vt -0.541137 -0.316869
vt -0.270975 1.330423
vt -0.667105 1.219851
vt 0.289547 1.327158
vt 0.682470 1.328362
vt 0.244175 0.700354
vt 0.272639 0.721277
vt 0.293931 -0.682470
vt 0.270975 -0.682226
vt 0.789069 1.384865
vt -0.187254 1.272766
vt -0.777710 1.395130
vt 0.209255 1.298222
vt 0.235663 0.703687
vt 0.209255 0.686277
vt 0.226982 -0.770533
vt 0.237631 -0.777553
vt -0.202597 1.303131
vt -0.775749 1.238437
vt 0.209078 -0.874927
vt 0.809122 1.225537
vt 0.267663 0.809122
vt 0.213469 -0.885548
vt -0.158080 1.122311
vt -0.605856 1.112136
vt 0.196899 1.211133
vt 0.603676 1.214972
vt 0.186647 0.657995
vt 0.215213 0.638404
vt 0.201299 -0.603676
vt 0.178261 -0.603464
vt 0.674089 1.147715
vt -0.189560 1.150230
vt -0.668777 1.158369
vt 0.192439 -0.658300
vt 0.192501 1.083611
vt 0.188089 0.641647
vt 0.192501 0.610632
vt -0.010882 1.090206
vt -0.660553 1.171821
vt 0.056021 1.083449
vt 0.673646 1.166476
vt 0.010882 0.671805
vt 0.038780 0.691872
vt 0.068916 -0.673646
vt 0.057668 -0.682222
vt -0.309020 1.181652
vt 0.008661 1.112349
vt 0.345891 1.115807
vt 0.043159 1.183908
vt -0.024335 0.357080
vt 0.007927 0.345891
vt -0.029854 -0.313268
vt -0.030150 -0.327442
vt 0.131290 1.217727
vt -0.463411 1.124246
vt -0.075790 1.138487
vt 0.510555 1.131367
vt -0.106271 0.498462
vt -0.075141 0.510555
vt -0.111142 -0.494169
vt -0.118738 -0.505289
vt -0.388629 1.098086
vt 0.004277 1.119097
vt 0.383975 1.188562
vt 0.045816 1.111072
vt -0.045816 0.421374
vt 0.004277 0.395035
vt -0.045282 -0.383975
vt -0.058433 -0.382379
s 1
f 432/1203/317 436/1204/318 431/1205/318
f 433/1206/319 437/1207/320 432/1208/317
f 433/1206/319 439/1209/321 438/1210/319
f 435/1211/322 439/1212/321 434/1213/321
f 435/1214/322 436/1215/318 440/1216/322
s 0
f 435/1217/323 434/1218/323 433/1219/323
f 436/1220/324 438/1221/324 439/1212/324
s 1
f 442/1222/325 446/1223/326 441/1224/326
f 443/1225/327 447/1226/325 442/1227/325
f 443/1228/327 449/1229/328 448/1230/327
f 445/1231/329 449/1232/328 444/1233/328
f 441/1224/326 450/1234/330 445/1235/329
s 0
f 445/1236/331 444/1237/331 443/1238/331
f 446/1239/332 447/1240/332 448/1241/332
s 1
f 452/1242/333 456/1243/334 451/1244/334
f 452/1245/333 458/1246/335 457/1247/333
f 453/1248/335 459/1249/336 458/1250/335
f 454/1251/337 460/1252/338 459/1253/336
f 455/1254/338 456/1243/334 460/1255/338
s 0
f 454/1256/339 453/1257/339 452/1258/339
f 456/1259/340 457/1260/340 458/1261/340
s 1
f 461/1262/341 467/1263/342 466/1264/343
f 462/1265/342 468/1266/344 467/1263/342
f 463/1267/344 469/1268/345 468/1269/344
f 465/1270/346 469/1271/345 464/1272/345
f 465/1273/346 466/1274/343 470/1275/346
s 0
f 465/1276/347 464/1277/347 463/1278/347
f 466/1279/348 467/1280/348 468/1281/348
s 1
f 471/1282/349 477/1283/350 476/1284/349
f 473/1285/351 477/1286/350 472/1287/350
f 473/1288/351 479/1289/352 478/1290/351
f 475/1291/353 479/1292/352 474/1293/352
f 471/1282/349 480/1294/353 475/1295/353
s 0
f 475/1296/354 474/1297/354 473/1298/354
f 477/1299/355 478/1300/355 479/1301/355
s 1
f 481/1302/356 487/1303/357 486/1304/356
f 482/1305/358 488/1306/359 487/1307/357
f 484/1308/360 488/1309/359 483/1310/359
f 484/1311/360 490/1312/361 489/1313/360
f 481/1302/356 490/1314/361 485/1315/361
s 0
f 485/1316/362 483/1317/362 482/1318/362
f 486/1319/363 488/1320/363 489/1321/363
s 1
f 492/1322/364 496/1323/365 491/1324/365
f 492/1325/364 498/1326/366 497/1327/364
f 493/1328/367 499/1329/368 498/1326/366
f 495/1330/369 499/1331/368 494/1332/368
f 491/1333/365 500/1334/369 495/1335/369
s 0
f 494/1336/370 493/1337/370 492/1338/370
f 497/1339/371 498/1340/371 499/1341/371
s 1
f 502/1342/372 506/1343/373 501/1344/373
f 502/1345/372 508/1346/374 507/1347/372
f 504/1348/375 508/1346/374 503/1349/374
f 504/1350/375 510/1351/376 509/1352/375
f 501/1353/373 510/1354/376 505/1355/376
s 0
f 505/1356/377 504/1357/377 503/1358/377
f 506/1359/378 507/1360/378 508/1361/378
s 1
f 512/1362/379 516/1363/380 511/1364/381
f 513/1365/382 517/1366/379 512/1367/379
f 513/1368/382 519/1369/383 518/1370/382
f 515/1371/384 519/1369/383 514/1372/383
f 511/1373/381 520/1374/385 515/1375/384
s 0
f 515/1376/386 513/1377/386 512/1378/386
f 516/1379/387 518/1380/387 519/1381/387
s 1
f 521/1382/388 527/1383/389 526/1384/388
f 523/1385/390 527/1386/389 522/1387/389
f 524/1388/391 528/1389/390 523/1390/390
f 524/1391/391 530/1392/392 529/1393/391
f 525/1394/393 526/1384/388 530/1395/392
s 0
f 525/1396/394 523/1397/394 522/1398/394
f 527/1399/395 528/1400/395 529/1401/395
s 1
f 532/1402/396 536/1403/397 531/1404/397
f 532/1405/396 538/1406/398 537/1407/396
f 534/1408/399 538/1409/398 533/1410/398
f 534/1411/399 540/1412/400 539/1413/399
f 531/1404/397 540/1414/400 535/1415/400
s 0
f 535/1416/401 534/1417/401 533/1418/401
f 536/1419/402 537/1420/402 538/1421/402
s 1
f 541/1422/403 547/1423/404 546/1424/403
f 542/1425/405 548/1426/406 547/1427/404
f 544/1428/407 548/1429/406 543/1430/406
f 545/1431/408 549/1432/407 544/1433/407
f 541/1422/403 550/1434/408 545/1435/408
s 0
f 545/1436/409 544/1437/409 543/1438/409
f 547/1439/410 548/1440/410 549/1441/410
s 1
f 551/1442/411 557/1443/412 556/1444/411
f 553/1445/413 557/1446/412 552/1447/414
f 553/1448/413 559/1449/415 558/1450/413
f 554/1451/415 560/1452/416 559/1453/415
f 555/1454/417 556/1455/411 560/1456/416
s 0
f 555/1457/418 554/1458/418 553/1459/418
f 556/1460/419 558/1461/419 559/1453/419
s 1
f 562/1462/420 566/1463/421 561/1464/421
f 562/1465/420 568/1466/422 567/1467/420
f 563/1468/422 569/1469/423 568/1470/422
f 564/1471/423 570/1472/424 569/1473/423
f 561/1474/421 570/1472/424 565/1475/424
s 0
f 565/1476/425 564/1477/425 563/1478/425
f 566/1479/426 567/1480/426 568/1481/426
s 1
f 572/1482/427 576/1483/428 571/1484/429
f 572/1485/427 578/1486/430 577/1487/427
f 573/1488/430 579/1489/431 578/1490/430
f 575/1491/432 579/1492/431 574/1493/431
f 571/1484/429 580/1494/433 575/1495/432
s 0
f 575/1496/434 573/1497/434 572/1498/434
f 577/1499/435 578/1500/435 579/1501/435
s 1
f 581/1502/436 587/1503/437 586/1504/436
f 582/1505/437 588/1506/438 587/1507/437
f 583/1508/439 589/1509/440 588/1510/438
f 585/1511/441 589/1512/440 584/1513/440
f 581/1502/436 590/1514/442 585/1515/441
s 0
f 584/1516/443 583/1517/443 582/1518/443
f 587/1519/444 588/1520/444 589/1521/444
s 1
f 592/1522/445 596/1523/446 591/1524/447
f 592/1522/445 598/1525/448 597/1526/445
f 594/1527/449 598/1528/448 593/1529/448
f 594/1530/449 600/1531/450 599/1532/449
f 591/1533/447 600/1534/450 595/1535/450
s 0
f 595/1536/451 593/1537/451 592/1538/451
f 596/1539/452 597/1540/452 598/1541/452
s 1
f 602/1542/453 606/1543/454 601/1544/455
f 602/1545/453 608/1546/456 607/1547/453
f 603/1548/456 609/1549/457 608/1546/456
f 605/1550/458 609/1551/457 604/1552/457
f 601/1553/455 610/1554/458 605/1555/458
s 0
f 604/1556/459 603/1557/459 602/1558/459
f 607/1559/460 608/1560/460 609/1561/460
s 1
f 611/1562/461 617/1563/462 616/1564/461
f 612/1565/462 618/1566/463 617/1563/462
f 614/1567/464 618/1568/463 613/1569/463
f 614/1570/464 620/1571/465 619/1572/464
f 611/1573/461 620/1574/465 615/1575/465
s 0
f 614/1576/466 613/1577/466 612/1578/466
f 616/1579/467 617/1580/467 618/1581/467
s 1
f 622/1582/468 626/1583/469 621/1584/469
f 622/1585/468 628/1586/470 627/1587/468
f 624/1588/471 628/1589/470 623/1590/470
f 625/1591/472 629/1592/473 624/1593/471
f 625/1594/472 626/1583/469 630/1595/472
s 0
f 625/1596/474 624/1597/474 623/1598/474
f 626/1599/475 628/1600/475 629/1601/475
s 1
f 632/1602/476 636/1603/477 631/1604/477
f 632/1605/476 638/1606/478 637/1607/476
f 634/1608/479 638/1609/478 633/1610/478
f 634/1611/479 640/1612/480 639/1613/479
f 635/1614/480 636/1603/477 640/1615/480
s 0
f 634/1616/481 633/1617/481 632/1618/481
f 637/1619/482 638/1620/482 639/1621/482
s 1
f 642/1622/483 646/1623/484 641/1624/484
f 642/1625/483 648/1626/485 647/1627/483
f 643/1628/485 649/1629/486 648/1630/485
f 645/1631/487 649/1632/486 644/1633/486
f 645/1634/487 646/1635/484 650/1636/487
s 0
f 645/1637/488 644/1638/488 643/1639/488
f 647/1640/489 648/1641/489 649/1632/489
s 1
f 651/1642/490 657/1643/491 656/1644/492
f 652/1645/493 658/1646/494 657/1647/491
f 654/1648/495 658/1649/494 653/1650/494
f 655/1651/496 659/1652/497 654/1653/495
f 655/1654/496 656/1644/492 660/1655/496
s 0
f 654/1656/498 653/1657/498 652/1658/498
f 656/1659/499 658/1660/499 659/1661/499
s 1
f 662/1662/500 666/1663/501 661/1664/501
f 663/1665/502 667/1666/500 662/1667/500
f 664/1668/503 668/1669/502 663/1670/502
f 665/1671/504 669/1672/505 664/1673/503
f 665/1674/504 666/1675/501 670/1676/504
s 0
f 665/1677/506 664/1678/506 663/1679/506
f 666/1680/507 667/1681/507 668/1682/507
s 1
f 671/1683/508 677/1684/509 676/1685/510
f 673/1686/511 677/1687/509 672/1688/509
f 673/1689/511 679/1690/512 678/1691/511
f 675/1692/513 679/1693/512 674/1694/512
f 675/1695/513 676/1685/510 680/1696/513
s 0
f 675/1697/514 674/1698/514 673/1699/514
f 677/1700/515 678/1701/515 679/1702/515
s 1
f 681/1703/516 687/1704/517 686/1705/516
f 683/1706/518 687/1704/517 682/1707/517
f 683/1708/518 689/1709/519 688/1710/518
f 684/1711/520 690/1712/521 689/1713/519
f 681/1714/516 690/1715/521 685/1716/521
s 0
f 684/1717/522 683/1718/522 682/1719/522
f 686/1720/523 687/1721/523 688/1722/523
s 1
f 692/1723/524 696/1724/525 691/1725/525
f 692/1726/524 698/1727/526 697/1728/524
f 693/1729/527 699/1730/528 698/1731/526
f 694/1732/529 700/1733/530 699/1734/528
f 695/1735/530 696/1736/525 700/1733/530
s 0
f 695/1737/531 694/1738/531 693/1739/531
f 697/1740/532 698/1741/532 699/1742/532
s 1
f 701/1743/533 707/1744/534 706/1745/533
f 702/1746/535 708/1747/536 707/1748/534
f 703/1749/537 709/1750/538 708/1747/536
f 705/1751/539 709/1752/538 704/1753/538
f 705/1754/539 706/1755/533 710/1756/539
s 0
f 705/1757/540 703/1758/540 702/1759/540
f 707/1760/541 708/1761/541 709/1762/541
s 1
f 432/1203/317 437/1763/320 436/1204/318
f 433/1206/319 438/1210/319 437/1207/320
f 433/1206/319 434/1764/321 439/1209/321
f 435/1211/322 440/1765/322 439/1212/321
f 435/1214/322 431/1766/318 436/1215/318
s 0
f 432/1767/323 431/1768/323 433/1219/323
f 431/1768/323 435/1217/323 433/1219/323
f 439/1212/324 440/1765/324 436/1220/324
f 436/1220/324 437/1769/324 438/1221/324
s 1
f 442/1222/325 447/1770/325 446/1223/326
f 443/1225/327 448/1771/327 447/1226/325
f 443/1228/327 444/1772/328 449/1229/328
f 445/1231/329 450/1773/330 449/1232/328
f 441/1224/326 446/1223/326 450/1234/330
s 0
f 442/1774/331 441/1775/331 443/1238/331
f 441/1775/331 445/1236/331 443/1238/331
f 449/1776/332 450/1777/332 448/1241/332
f 450/1777/332 446/1239/332 448/1241/332
s 1
f 452/1242/333 457/1778/333 456/1243/334
f 452/1245/333 453/1779/335 458/1246/335
f 453/1248/335 454/1780/337 459/1249/336
f 454/1251/337 455/1781/338 460/1252/338
f 455/1254/338 451/1244/334 456/1243/334
s 0
f 452/1258/542 451/1782/542 455/1783/542
f 455/1783/543 454/1256/543 452/1258/543
f 459/1784/544 460/1785/544 458/1261/544
f 460/1785/545 456/1259/545 458/1261/545
s 1
f 461/1262/341 462/1265/342 467/1263/342
f 462/1265/342 463/1786/344 468/1266/344
f 463/1267/344 464/1787/345 469/1268/345
f 465/1270/346 470/1788/346 469/1271/345
f 465/1273/346 461/1789/341 466/1274/343
s 0
f 462/1790/347 461/1791/347 463/1278/347
f 461/1791/347 465/1276/347 463/1278/347
f 469/1792/348 470/1793/348 468/1281/348
f 470/1793/348 466/1279/348 468/1281/348
s 1
f 471/1282/349 472/1794/350 477/1283/350
f 473/1285/351 478/1795/351 477/1286/350
f 473/1288/351 474/1796/352 479/1289/352
f 475/1291/353 480/1797/353 479/1292/352
f 471/1282/349 476/1284/349 480/1294/353
s 0
f 472/1798/354 471/1799/354 473/1298/354
f 471/1799/354 475/1296/354 473/1298/354
f 479/1301/355 480/1800/355 476/1801/355
f 476/1801/355 477/1299/355 479/1301/355
s 1
f 481/1302/356 482/1802/358 487/1303/357
f 482/1305/358 483/1803/359 488/1306/359
f 484/1308/360 489/1804/360 488/1309/359
f 484/1311/360 485/1805/361 490/1312/361
f 481/1302/356 486/1304/356 490/1314/361
s 0
f 482/1318/362 481/1806/362 485/1316/362
f 485/1316/362 484/1807/362 483/1317/362
f 489/1321/363 490/1808/363 486/1319/363
f 486/1319/363 487/1809/363 488/1320/363
s 1
f 492/1322/364 497/1810/364 496/1323/365
f 492/1325/364 493/1328/367 498/1326/366
f 493/1328/367 494/1811/368 499/1329/368
f 495/1330/369 500/1812/369 499/1331/368
f 491/1333/365 496/1813/365 500/1334/369
s 0
f 492/1338/370 491/1814/370 495/1815/370
f 495/1815/370 494/1336/370 492/1338/370
f 499/1341/371 500/1816/371 496/1817/371
f 496/1817/371 497/1339/371 499/1341/371
s 1
f 502/1342/372 507/1818/372 506/1343/373
f 502/1345/372 503/1349/374 508/1346/374
f 504/1348/375 509/1819/375 508/1346/374
f 504/1350/375 505/1820/376 510/1351/376
f 501/1353/373 506/1821/373 510/1354/376
s 0
f 502/1822/377 501/1823/377 503/1358/377
f 501/1823/377 505/1356/377 503/1358/377
f 509/1824/378 510/1825/378 508/1361/378
f 510/1825/378 506/1359/378 508/1361/378
s 1
f 512/1362/379 517/1826/379 516/1363/380
f 513/1365/382 518/1827/382 517/1366/379
f 513/1368/382 514/1372/383 519/1369/383
f 515/1371/384 520/1828/385 519/1369/383
f 511/1373/381 516/1829/380 520/1374/385
s 0
f 512/1378/386 511/1830/386 515/1376/386
f 515/1376/386 514/1831/386 513/1377/386
f 519/1381/387 520/1832/387 516/1379/387
f 516/1379/387 517/1833/387 518/1380/387
s 1
f 521/1382/388 522/1834/389 527/1383/389
f 523/1385/390 528/1835/390 527/1386/389
f 524/1388/391 529/1836/391 528/1389/390
f 524/1391/391 525/1837/393 530/1392/392
f 525/1394/393 521/1382/388 526/1384/388
s 0
f 522/1398/394 521/1838/394 525/1396/394
f 525/1396/394 524/1839/394 523/1397/394
f 529/1401/395 530/1840/395 526/1841/395
f 526/1841/395 527/1399/395 529/1401/395
s 1
f 532/1402/396 537/1842/396 536/1403/397
f 532/1405/396 533/1843/398 538/1406/398
f 534/1408/399 539/1844/399 538/1409/398
f 534/1411/399 535/1845/400 540/1412/400
f 531/1404/397 536/1403/397 540/1414/400
s 0
f 532/1846/401 531/1847/401 533/1418/401
f 531/1847/401 535/1416/401 533/1418/401
f 539/1848/402 540/1849/402 538/1421/402
f 540/1849/402 536/1419/402 538/1421/402
s 1
f 541/1422/403 542/1850/405 547/1423/404
f 542/1425/405 543/1851/406 548/1426/406
f 544/1428/407 549/1852/407 548/1429/406
f 545/1431/408 550/1853/408 549/1432/407
f 541/1422/403 546/1424/403 550/1434/408
s 0
f 542/1854/546 541/1855/546 543/1438/546
f 541/1855/409 545/1436/409 543/1438/409
f 549/1441/547 550/1856/547 546/1857/547
f 546/1857/547 547/1439/547 549/1441/547
s 1
f 551/1442/411 552/1858/414 557/1443/412
f 553/1445/413 558/1859/413 557/1446/412
f 553/1448/413 554/1860/415 559/1449/415
f 554/1451/415 555/1861/417 560/1452/416
f 555/1454/417 551/1862/411 556/1455/411
s 0
f 552/1863/418 551/1864/418 553/1459/418
f 551/1864/418 555/1457/418 553/1459/418
f 559/1453/419 560/1452/419 556/1460/419
f 556/1460/419 557/1865/419 558/1461/419
s 1
f 562/1462/420 567/1866/420 566/1463/421
f 562/1465/420 563/1867/422 568/1466/422
f 563/1468/422 564/1868/423 569/1469/423
f 564/1471/423 565/1475/424 570/1472/424
f 561/1474/421 566/1869/421 570/1472/424
s 0
f 562/1870/425 561/1871/425 563/1478/425
f 561/1871/425 565/1476/425 563/1478/425
f 569/1872/548 570/1873/548 568/1481/548
f 570/1873/426 566/1479/426 568/1481/426
s 1
f 572/1482/427 577/1874/427 576/1483/428
f 572/1485/427 573/1875/430 578/1486/430
f 573/1488/430 574/1876/431 579/1489/431
f 575/1491/432 580/1877/433 579/1492/431
f 571/1484/429 576/1483/428 580/1494/433
s 0
f 572/1498/434 571/1878/434 575/1496/434
f 575/1496/434 574/1879/434 573/1497/434
f 579/1501/435 580/1880/435 576/1881/435
f 576/1881/435 577/1499/435 579/1501/435
s 1
f 581/1502/436 582/1882/437 587/1503/437
f 582/1505/437 583/1883/439 588/1506/438
f 583/1508/439 584/1884/440 589/1509/440
f 585/1511/441 590/1885/442 589/1512/440
f 581/1502/436 586/1504/436 590/1514/442
s 0
f 582/1518/443 581/1886/443 585/1887/443
f 585/1887/443 584/1516/443 582/1518/443
f 589/1521/444 590/1888/444 586/1889/444
f 586/1889/444 587/1519/444 589/1521/444
s 1
f 592/1522/445 597/1526/445 596/1523/446
f 592/1522/445 593/1890/448 598/1525/448
f 594/1527/449 599/1891/449 598/1528/448
f 594/1530/449 595/1892/450 600/1531/450
f 591/1533/447 596/1893/446 600/1534/450
s 0
f 592/1538/451 591/1894/451 595/1536/451
f 595/1536/451 594/1895/451 593/1537/451
f 599/1896/452 600/1897/452 598/1541/452
f 600/1897/452 596/1539/452 598/1541/452
s 1
f 602/1542/453 607/1898/453 606/1543/454
f 602/1545/453 603/1548/456 608/1546/456
f 603/1548/456 604/1899/457 609/1549/457
f 605/1550/458 610/1900/458 609/1551/457
f 601/1553/455 606/1901/454 610/1554/458
s 0
f 602/1558/459 601/1902/459 605/1903/459
f 605/1903/459 604/1556/459 602/1558/459
f 609/1561/460 610/1904/460 606/1905/460
f 606/1905/460 607/1559/460 609/1561/460
s 1
f 611/1562/461 612/1565/462 617/1563/462
f 612/1565/462 613/1906/463 618/1566/463
f 614/1567/464 619/1907/464 618/1568/463
f 614/1570/464 615/1908/465 620/1571/465
f 611/1573/461 616/1909/461 620/1574/465
s 0
f 612/1578/466 611/1910/466 615/1911/466
f 615/1911/466 614/1576/466 612/1578/466
f 619/1912/467 620/1913/467 618/1581/467
f 620/1913/467 616/1579/467 618/1581/467
s 1
f 622/1582/468 627/1914/468 626/1583/469
f 622/1585/468 623/1915/470 628/1586/470
f 624/1588/471 629/1916/473 628/1589/470
f 625/1591/472 630/1917/472 629/1592/473
f 625/1594/472 621/1584/469 626/1583/469
s 0
f 622/1918/474 621/1919/474 623/1598/474
f 621/1919/474 625/1596/474 623/1598/474
f 629/1601/475 630/1920/475 626/1599/475
f 626/1599/475 627/1921/475 628/1600/475
s 1
f 632/1602/476 637/1922/476 636/1603/477
f 632/1605/476 633/1923/478 638/1606/478
f 634/1608/479 639/1924/479 638/1609/478
f 634/1611/479 635/1925/480 640/1612/480
f 635/1614/480 631/1604/477 636/1603/477
s 0
f 632/1618/481 631/1926/481 635/1927/481
f 635/1927/481 634/1616/481 632/1618/481
f 639/1621/482 640/1928/482 636/1929/482
f 636/1929/549 637/1619/549 639/1621/549
s 1
f 642/1622/483 647/1930/483 646/1623/484
f 642/1625/483 643/1639/485 648/1626/485
f 643/1628/485 644/1931/486 649/1629/486
f 645/1631/487 650/1932/487 649/1632/486
f 645/1634/487 641/1933/484 646/1635/484
s 0
f 642/1625/488 641/1934/488 643/1639/488
f 641/1934/488 645/1637/488 643/1639/488
f 649/1632/489 650/1932/489 646/1935/489
f 646/1935/489 647/1640/489 649/1632/489
s 1
f 651/1642/490 652/1936/493 657/1643/491
f 652/1645/493 653/1937/494 658/1646/494
f 654/1648/495 659/1938/497 658/1649/494
f 655/1651/496 660/1939/496 659/1652/497
f 655/1654/496 651/1642/490 656/1644/492
s 0
f 652/1658/550 651/1940/550 655/1941/550
f 655/1941/498 654/1656/498 652/1658/498
f 659/1661/499 660/1942/499 656/1659/499
f 656/1659/499 657/1943/499 658/1660/499
s 1
f 662/1662/500 667/1944/500 666/1663/501
f 663/1665/502 668/1945/502 667/1666/500
f 664/1668/503 669/1946/505 668/1669/502
f 665/1671/504 670/1947/504 669/1672/505
f 665/1674/504 661/1948/501 666/1675/501
s 0
f 662/1949/506 661/1950/506 663/1679/506
f 661/1950/506 665/1677/506 663/1679/506
f 669/1672/507 670/1947/507 668/1682/507
f 670/1947/507 666/1680/507 668/1682/507
s 1
f 671/1683/508 672/1951/509 677/1684/509
f 673/1686/511 678/1952/511 677/1687/509
f 673/1689/511 674/1953/512 679/1690/512
f 675/1692/513 680/1954/513 679/1693/512
f 675/1695/513 671/1683/508 676/1685/510
s 0
f 672/1955/514 671/1956/514 673/1699/514
f 671/1956/514 675/1697/514 673/1699/514
f 679/1702/515 680/1957/515 676/1958/515
f 676/1958/515 677/1700/515 679/1702/515
s 1
f 681/1703/516 682/1707/517 687/1704/517
f 683/1706/518 688/1959/518 687/1704/517
f 683/1708/518 684/1960/520 689/1709/519
f 684/1711/520 685/1961/521 690/1712/521
f 681/1714/516 686/1962/516 690/1715/521
s 0
f 682/1719/522 681/1963/522 685/1964/522
f 685/1964/522 684/1717/522 682/1719/522
f 689/1965/523 690/1966/523 688/1722/523
f 690/1966/523 686/1720/523 688/1722/523
s 1
f 692/1723/524 697/1967/524 696/1724/525
f 692/1726/524 693/1968/527 698/1727/526
f 693/1729/527 694/1969/529 699/1730/528
f 694/1732/529 695/1735/530 700/1733/530
f 695/1735/530 691/1970/525 696/1736/525
s 0
f 692/1971/531 691/1972/531 693/1739/531
f 691/1972/531 695/1737/531 693/1739/531
f 699/1742/532 700/1973/532 696/1974/532
f 696/1974/532 697/1740/532 699/1742/532
s 1
f 701/1743/533 702/1975/535 707/1744/534
f 702/1746/535 703/1749/537 708/1747/536
f 703/1749/537 704/1976/538 709/1750/538
f 705/1751/539 710/1977/539 709/1752/538
f 705/1754/539 701/1978/533 706/1755/533
s 0
f 702/1759/540 701/1979/540 705/1757/540
f 705/1757/540 704/1980/540 703/1758/540
f 709/1762/541 710/1981/541 706/1982/541
f 706/1982/541 707/1760/541 709/1762/541
