# Blender 5.0.1
# www.blender.org
mtllib palm_h.mtl
o palm_h_trunk
usemtl palm_h_trunk
v 0.311983 0.000000 -0.001593
v 0.206739 0.000000 0.205382
v -0.000236 0.000000 0.299196
v -0.218641 0.000000 0.216812
v -0.289595 0.000000 -0.001593
v -0.218641 0.000000 -0.219997
v -0.000236 0.000000 -0.302381
v 0.206739 0.000000 -0.208567
v 0.296584 0.029905 0.001593
v 0.196608 0.029905 0.197965
v 0.000236 0.029905 0.287259
v -0.206983 0.029905 0.208812
v -0.274416 0.029905 0.001593
v -0.207150 0.029905 -0.205793
v 0.000236 0.029905 -0.283741
v 0.196775 0.029905 -0.194946
v 0.278602 0.074763 0.006473
v 0.184825 0.074763 0.190347
v 0.000950 0.074763 0.274357
v -0.193081 0.074763 0.200504
v -0.256387 0.074763 0.006473
v -0.193470 0.074763 -0.187947
v 0.000950 0.074763 -0.260632
v 0.185214 0.074763 -0.177790
v 0.262497 0.130834 0.012737
v 0.174343 0.130834 0.185232
v 0.001849 0.130834 0.264504
v -0.180166 0.130834 0.194752
v -0.239758 0.130834 0.012737
v -0.180805 0.130834 -0.169917
v 0.001849 0.130834 -0.237751
v 0.174982 0.130834 -0.160396
v 0.251307 0.186906 0.019170
v 0.167137 0.186906 0.183557
v 0.002750 0.186906 0.259539
v -0.170694 0.186906 0.192615
v -0.227690 0.186906 0.019170
v -0.171565 0.186906 -0.155145
v 0.002750 0.186906 -0.219458
v 0.168008 0.186906 -0.146087
v 0.232041 0.545840 0.063417
v 0.157647 0.545840 0.212723
v 0.008341 0.545840 0.284892
v -0.148427 0.545840 0.220186
v -0.198662 0.545840 0.063417
v -0.146737 0.545840 -0.091661
v 0.008341 0.545840 -0.145856
v 0.156162 0.545840 -0.084403
v 0.216131 0.631026 0.074458
v 0.142635 0.631026 0.207537
v 0.009556 0.631026 0.269342
v -0.129912 0.631026 0.213925
v -0.181503 0.631026 0.074458
v -0.138694 0.631026 -0.073792
v 0.009556 0.631026 -0.128097
v 0.151111 0.631026 -0.067097
v 0.223611 0.885772 0.107996
v 0.153575 0.885772 0.248846
v 0.012725 0.885772 0.320673
v -0.137777 0.885772 0.258499
v -0.189283 0.885772 0.107996
v -0.138507 0.885772 -0.043236
v 0.012725 0.885772 -0.092486
v 0.154372 0.885772 -0.033651
v 0.217025 0.970958 0.119256
v 0.145165 0.970958 0.250829
v 0.013592 0.970958 0.311192
v -0.119276 0.970958 0.252123
v -0.166943 0.970958 0.119256
v -0.126039 0.970958 -0.020375
v 0.013592 0.970958 -0.072321
v 0.151903 0.970958 -0.019055
v 0.219509 1.195021 0.148614
v 0.150851 1.195021 0.284171
v 0.015294 1.195021 0.354654
v -0.130069 1.195021 0.293977
v -0.183718 1.195021 0.148614
v -0.134569 1.195021 -0.001250
v 0.015294 1.195021 -0.048795
v 0.155238 1.195021 0.008670
v 0.214935 1.280207 0.159596
v 0.146912 1.280207 0.290813
v 0.015695 1.280207 0.353088
v -0.115516 1.280207 0.290807
v -0.160844 1.280207 0.159596
v -0.118293 1.280207 0.025608
v 0.015695 1.280207 -0.022413
v 0.149935 1.280207 0.025355
v 0.217181 1.485891 0.185510
v 0.148574 1.485891 0.318049
v 0.016035 1.485891 0.386405
v -0.124332 1.485891 0.325877
v -0.179354 1.485891 0.185510
v -0.132106 1.485891 0.037370
v 0.016035 1.485891 -0.010136
v 0.156157 1.485891 0.045387
v 0.208617 1.571077 0.195949
v 0.145480 1.571077 0.325531
v 0.015898 1.571077 0.390765
v -0.115558 1.571077 0.327404
v -0.161026 1.571077 0.195949
v -0.115483 1.571077 0.064569
v 0.015898 1.571077 0.021014
v 0.145705 1.571077 0.066142
v 0.214955 1.763815 0.218850
v 0.146370 1.763815 0.350271
v 0.014950 1.763815 0.416645
v -0.121117 1.763815 0.354917
v -0.176340 1.763815 0.218850
v -0.130460 1.763815 0.073440
v 0.014950 1.763815 0.025549
v 0.155590 1.763815 0.078210
v 0.199533 1.849001 0.228642
v 0.140650 1.849001 0.355052
v 0.014240 1.849001 0.422350
v -0.117219 1.849001 0.360101
v -0.165098 1.849001 0.228642
v -0.117042 1.849001 0.097361
v 0.014240 1.849001 0.057332
v 0.140604 1.849001 0.102278
v 0.211273 2.031840 0.248978
v 0.143594 2.031840 0.380471
v 0.012100 2.031840 0.445727
v -0.120914 2.031840 0.381992
v -0.175531 2.031840 0.248978
v -0.129883 2.031840 0.106994
v 0.012100 2.031840 0.059182
v 0.152587 2.031840 0.108492
v 0.189735 2.117027 0.258149
v 0.133358 2.117027 0.380692
v 0.010815 2.117027 0.448063
v -0.119192 2.117027 0.388156
v -0.170624 2.117027 0.258149
v -0.121590 2.117027 0.125743
v 0.010815 2.117027 0.087314
v 0.135640 2.117027 0.133323
v 0.205055 2.291905 0.276434
v 0.139489 2.291905 0.408315
v 0.007608 2.291905 0.473503
v -0.123724 2.291905 0.407766
v -0.177655 2.291905 0.276434
v -0.130971 2.291905 0.137855
v 0.007608 2.291905 0.090941
v 0.146884 2.291905 0.137159
v 0.180730 2.377091 0.285114
v 0.124944 2.377091 0.404283
v 0.005775 2.377091 0.469686
v -0.121151 2.377091 0.412039
v -0.175867 2.377091 0.285114
v -0.127499 2.377091 0.151840
v 0.005775 2.377091 0.112945
v 0.131015 2.377091 0.159873
v 0.195992 2.545343 0.301929
v 0.133489 2.545343 0.433767
v 0.001651 2.545343 0.499602
v -0.129030 2.545343 0.432610
v -0.182873 2.545343 0.301929
v -0.134222 2.545343 0.166056
v 0.001651 2.545343 0.120691
v 0.138856 2.545343 0.164724
v 0.172966 2.630529 0.310330
v 0.116528 2.630529 0.427538
v -0.000679 2.630529 0.489708
v -0.123542 2.630529 0.433194
v -0.180184 2.630529 0.310330
v -0.133479 2.630529 0.177530
v -0.000679 2.630529 0.136736
v 0.126205 2.630529 0.183447
v 0.184535 2.793126 0.326300
v 0.125428 2.793126 0.457274
v -0.005546 2.793126 0.523838
v -0.135984 2.793126 0.456738
v -0.190677 2.793126 0.326300
v -0.139744 2.793126 0.192103
v -0.005546 2.793126 0.148423
v 0.129288 2.793126 0.191467
v 0.165895 2.878312 0.334700
v 0.108663 2.878312 0.451662
v -0.008298 2.878312 0.510473
v -0.127150 2.878312 0.453551
v -0.183966 2.878312 0.334700
v -0.138921 2.878312 0.204078
v -0.008298 2.878312 0.160993
v 0.120340 2.878312 0.206062
v 0.171659 3.035992 0.350473
v 0.115602 3.035992 0.479793
v -0.013719 3.035992 0.546531
v -0.143684 3.035992 0.480437
v -0.200069 3.035992 0.350473
v -0.147178 3.035992 0.217013
v -0.013719 3.035992 0.174562
v 0.119069 3.035992 0.217684
v 0.158430 3.121178 0.359192
v 0.101275 3.121178 0.477269
v -0.016802 3.121178 0.533597
v -0.132631 3.121178 0.475020
v -0.188206 3.121178 0.359192
v -0.143910 3.121178 0.232084
v -0.016802 3.121178 0.187322
v 0.112671 3.121178 0.229718
v 0.158497 3.274518 0.375413
v 0.104672 3.274518 0.502661
v -0.022577 3.274518 0.568612
v -0.151408 3.274518 0.504244
v -0.209885 3.274518 0.375413
v -0.155802 3.274518 0.242187
v -0.022577 3.274518 0.200083
v 0.108931 3.274518 0.243905
v 0.149520 3.359704 0.384799
v 0.093869 3.359704 0.504553
v -0.025885 3.359704 0.559785
v -0.140184 3.359704 0.499098
v -0.193932 3.359704 0.384799
v -0.148985 3.359704 0.261699
v -0.025885 3.359704 0.216482
v 0.102926 3.359704 0.255988
v 0.146004 3.509166 0.402092
v 0.093466 3.509166 0.527368
v -0.031809 3.509166 0.591523
v -0.158748 3.509166 0.529031
v -0.219128 3.509166 0.402092
v -0.164735 3.509166 0.269166
v -0.031809 3.509166 0.226410
v 0.099288 3.509166 0.270995
v 0.138628 3.594352 0.412503
v 0.085856 3.594352 0.533586
v -0.035227 3.594352 0.589023
v -0.149434 3.594352 0.526710
v -0.201704 3.594352 0.412503
v -0.154768 3.594352 0.292962
v -0.035227 3.594352 0.248558
v 0.091446 3.594352 0.285831
v -0.077795 3.575293 0.573183
v 0.039188 3.581402 0.561795
v 0.022487 3.057578 0.528174
v -0.013910 3.055677 0.531717
v 0.038333 3.569829 0.561178
v 0.119588 3.583630 0.476015
v 0.132698 3.206793 0.476974
v 0.100235 3.201279 0.510997
v 0.114009 3.617622 0.489641
v 0.125023 3.632589 0.372240
v 0.218553 2.998405 0.340166
v 0.214861 2.993387 0.379520
v 0.145027 3.646343 0.441040
v 0.065218 3.664589 0.267637
v 0.119597 3.055783 0.230118
v 0.160588 3.046412 0.319182
v 0.094091 3.643088 0.296083
v -0.067803 3.643318 0.241643
v 0.025825 3.021600 0.130373
v 0.085131 3.021515 0.150315
v 0.014412 3.603438 0.239310
v -0.157315 3.591538 0.279730
v -0.103778 3.306778 0.224839
v -0.020190 3.312571 0.205165
v -0.136919 3.624566 0.266373
v -0.215315 3.601993 0.423367
v -0.224716 3.282195 0.311689
v -0.194291 3.290955 0.250760
v -0.194661 3.618608 0.345137
v -0.190380 3.600522 0.492723
v -0.199821 3.159986 0.388046
v -0.201191 3.165776 0.340795
v -0.213403 3.584186 0.446993
v -0.090583 3.572146 0.584207
v -0.133463 3.173523 0.521896
v -0.191249 3.179188 0.457338
v -0.077795 3.575293 0.573183
v 0.039188 3.581402 0.561795
v 0.022487 3.057578 0.528174
v -0.013910 3.055677 0.531717
v 0.038333 3.569829 0.561178
v 0.119588 3.583630 0.476015
v 0.132698 3.206793 0.476974
v 0.100235 3.201279 0.510997
v 0.114009 3.617622 0.489641
v 0.125023 3.632589 0.372240
v 0.218553 2.998405 0.340166
v 0.214861 2.993387 0.379520
v 0.145027 3.646343 0.441040
v 0.065218 3.664589 0.267637
v 0.119597 3.055783 0.230118
v 0.160588 3.046412 0.319182
v 0.094091 3.643088 0.296083
v -0.067803 3.643318 0.241643
v 0.025825 3.021600 0.130373
v 0.085131 3.021515 0.150315
v 0.014412 3.603438 0.239310
v -0.157315 3.591538 0.279730
v -0.103778 3.306778 0.224839
v -0.020190 3.312571 0.205165
v -0.136919 3.624566 0.266373
v -0.215315 3.601993 0.423367
v -0.224716 3.282195 0.311689
v -0.194291 3.290955 0.250760
v -0.194661 3.618608 0.345137
v -0.190380 3.600522 0.492723
v -0.199821 3.159986 0.388046
v -0.201191 3.165776 0.340795
v -0.213403 3.584186 0.446993
v -0.090583 3.572146 0.584207
v -0.133463 3.173523 0.521896
v -0.191249 3.179188 0.457338
v 0.116822 3.280307 0.364127
v 0.064297 3.290500 0.264679
v 0.306971 3.190719 0.130291
v 0.356322 3.181354 0.222020
v 0.356322 3.181354 0.222020
v 0.306971 3.190719 0.130291
v 0.538971 3.068538 -0.003639
v 0.585381 3.060118 0.079495
v 0.585381 3.060118 0.079495
v 0.538971 3.068538 -0.003639
v 0.754563 2.918100 -0.135883
v 0.797767 2.910721 -0.062205
v 0.797767 2.910721 -0.062205
v 0.754563 2.918100 -0.135883
v 0.948191 2.737116 -0.263716
v 0.987492 2.730876 -0.200514
v 0.987492 2.730876 -0.200514
v 0.948191 2.737116 -0.263716
v 1.114524 2.525592 -0.383021
v 1.148620 2.520614 -0.331708
v 1.148620 2.520614 -0.331708
v 1.114524 2.525592 -0.383021
v 1.249018 2.285567 -0.488178
v 1.275378 2.282063 -0.451293
v 1.275378 2.282063 -0.451293
v 1.249018 2.285567 -0.488178
v 1.352350 2.020591 -0.567300
v 1.358612 2.019840 -0.559200
v 0.425170 3.149663 0.157485
v 0.466453 3.120670 0.136385
v 0.608339 3.111208 0.238894
v 0.600908 3.116427 0.242692
v 0.399202 3.154534 0.102036
v 0.429466 3.127548 0.076419
v 0.423343 3.156777 -0.089869
v 0.417896 3.161634 -0.085258
v 0.504000 3.100960 0.113013
v 0.550044 3.081802 0.083019
v 0.801443 2.972627 0.299087
v 0.793155 2.976075 0.304486
v 0.476764 3.108068 0.051847
v 0.513661 3.086373 0.029126
v 0.486841 3.080137 -0.260249
v 0.480200 3.084042 -0.256159
v 0.584712 3.054141 0.064201
v 0.627937 3.034081 0.034154
v 1.003345 2.904986 0.303037
v 0.995565 2.908597 0.308446
v 0.557023 3.066851 0.006307
v 0.591262 3.032968 -0.022603
v 0.570397 2.994290 -0.393000
v 0.564234 3.000389 -0.387796
v 0.660088 2.999616 0.016842
v 0.707027 2.987083 -0.015846
v 0.830404 2.896059 0.094911
v 0.821955 2.898314 0.100795
v 0.636390 3.014060 -0.044798
v 0.665541 2.984148 -0.068403
v 0.660039 2.913691 -0.471994
v 0.654792 2.919075 -0.467745
v 0.739739 2.952696 -0.035474
v 0.776860 2.924738 -0.060329
v 1.016362 2.896164 0.040704
v 0.983695 2.920767 0.062576
v 0.983695 2.920767 0.062576
v 1.016362 2.896164 0.040704
v 1.161954 2.723625 0.192480
v 1.156014 2.728098 0.196457
v 0.810921 2.894718 -0.082039
v 0.850020 2.866079 -0.109790
v 1.078633 2.814994 -0.034375
v 1.044226 2.840197 -0.009954
v 1.044226 2.840197 -0.009954
v 1.078633 2.814994 -0.034375
v 1.203969 2.584979 0.112748
v 1.197713 2.589561 0.117188
v 0.781085 2.905089 -0.139491
v 0.812826 2.867013 -0.165481
v 0.835204 2.862932 -0.380689
v 0.807272 2.896440 -0.357817
v 0.807272 2.896440 -0.357817
v 0.835204 2.862932 -0.380689
v 0.713603 2.673341 -0.512755
v 0.708524 2.679434 -0.508597
v 0.880244 2.835980 -0.129294
v 0.919140 2.800373 -0.157459
v 1.138722 2.762552 -0.102858
v 1.104493 2.793886 -0.078073
v 1.104493 2.793886 -0.078073
v 1.138722 2.762552 -0.102858
v 1.220448 2.547616 0.026402
v 1.214225 2.553313 0.030908
v 0.855942 2.841451 -0.187901
v 0.875397 2.806092 -0.211399
v 0.940485 2.797889 -0.458935
v 0.923364 2.829005 -0.438258
v 0.923364 2.829005 -0.438258
v 0.940485 2.797889 -0.458935
v 0.861395 2.618054 -0.619991
v 0.858282 2.623711 -0.616231
v 0.949189 2.763018 -0.176988
v 0.982350 2.741212 -0.203277
v 1.069789 2.644276 -0.138544
v 1.063820 2.648201 -0.133812
v 0.914244 2.768791 -0.236011
v 0.948176 2.746506 -0.256156
v 0.987194 2.709205 -0.464302
v 0.957333 2.728816 -0.446575
v 0.957333 2.728816 -0.446575
v 0.987194 2.709205 -0.464302
v 0.911643 2.538370 -0.634850
v 0.906214 2.541936 -0.631627
v 1.012804 2.698516 -0.223521
v 1.044154 2.666007 -0.248488
v 1.238275 2.589419 -0.221097
v 1.210687 2.618028 -0.199125
v 1.210687 2.618028 -0.199125
v 1.238275 2.589419 -0.221097
v 1.323163 2.390613 -0.126983
v 1.318146 2.395814 -0.122988
v 0.982877 2.707411 -0.280594
v 1.003837 2.668048 -0.302627
v 1.041587 2.636041 -0.525371
v 1.023142 2.670680 -0.505982
v 1.023142 2.670680 -0.505982
v 1.041587 2.636041 -0.525371
v 0.921635 2.470178 -0.591317
v 0.918281 2.476477 -0.587792
v 1.075306 2.633291 -0.275032
v 1.099615 2.583796 -0.286476
v 1.279341 2.513467 -0.246965
v 1.257949 2.557023 -0.236894
v 1.257949 2.557023 -0.236894
v 1.279341 2.513467 -0.246965
v 1.305104 2.357090 -0.151607
v 1.301215 2.365009 -0.149776
v 1.095109 2.557386 -0.368669
v 1.117610 2.515748 -0.389475
v 1.159710 2.438173 -0.552760
v 1.139909 2.474815 -0.534451
v 1.139909 2.474815 -0.534451
v 1.159710 2.438173 -0.552760
v 1.059561 2.312314 -0.554228
v 1.055961 2.318976 -0.550899
v 1.182552 2.476632 -0.358380
v 1.204763 2.423843 -0.373805
v 1.276831 2.315590 -0.327433
v 1.272833 2.325092 -0.324656
v 1.142472 2.471709 -0.410005
v 1.170933 2.439263 -0.431034
v 1.142566 2.356961 -0.499723
v 1.137443 2.362801 -0.495937
v 1.197926 2.397691 -0.450176
v 1.207706 2.344413 -0.470177
v 1.092714 2.117486 -0.666006
v 1.090953 2.127076 -0.662406
v 1.273597 2.298131 -0.435582
v 1.291716 2.258375 -0.452824
v 1.391745 2.035696 -0.332740
v 1.388483 2.042852 -0.329636
v 1.229976 2.307079 -0.486051
v 1.258772 2.259593 -0.509392
v 1.184601 2.032675 -0.675834
v 1.179418 2.041223 -0.671633
v 1.308203 2.210371 -0.468440
v 1.332198 2.164771 -0.491281
v 1.372675 2.009695 -0.409022
v 1.368356 2.017903 -0.404911
v 1.271854 2.212701 -0.524731
v 1.290601 2.172430 -0.541040
v 1.234058 1.992602 -0.620478
v 1.230684 1.999851 -0.617542
v 1.348205 2.119306 -0.509890
v 1.357823 2.068970 -0.515982
v 1.384530 1.974772 -0.472321
v 1.382799 1.983832 -0.471224
v 1.307767 2.127410 -0.557327
v 1.318900 2.070669 -0.573559
v 1.297633 2.045463 -0.587373
v 1.295629 2.055676 -0.584452
v 0.116822 3.280307 0.364127
v 0.064297 3.290500 0.264679
v 0.306971 3.190719 0.130291
v 0.356322 3.181354 0.222020
v 0.356322 3.181354 0.222020
v 0.306971 3.190719 0.130291
v 0.538971 3.068538 -0.003639
v 0.585381 3.060118 0.079495
v 0.585381 3.060118 0.079495
v 0.538971 3.068538 -0.003639
v 0.754563 2.918100 -0.135883
v 0.797767 2.910721 -0.062205
v 0.797767 2.910721 -0.062205
v 0.754563 2.918100 -0.135883
v 0.948191 2.737116 -0.263716
v 0.987492 2.730876 -0.200514
v 0.987492 2.730876 -0.200514
v 0.948191 2.737116 -0.263716
v 1.114524 2.525592 -0.383021
v 1.148620 2.520614 -0.331708
v 1.148620 2.520614 -0.331708
v 1.114524 2.525592 -0.383021
v 1.249018 2.285567 -0.488178
v 1.275378 2.282063 -0.451293
v 1.275378 2.282063 -0.451293
v 1.249018 2.285567 -0.488178
v 1.352350 2.020591 -0.567300
v 1.358612 2.019840 -0.559200
v 0.425170 3.149663 0.157485
v 0.466453 3.120670 0.136385
v 0.608339 3.111208 0.238894
v 0.600908 3.116427 0.242692
v 0.399202 3.154534 0.102036
v 0.429466 3.127548 0.076419
v 0.423343 3.156777 -0.089869
v 0.417896 3.161634 -0.085258
v 0.504000 3.100960 0.113013
v 0.550044 3.081802 0.083019
v 0.801443 2.972627 0.299087
v 0.793155 2.976075 0.304486
v 0.476764 3.108068 0.051847
v 0.513661 3.086373 0.029126
v 0.486841 3.080137 -0.260249
v 0.480200 3.084042 -0.256159
v 0.584712 3.054141 0.064201
v 0.627937 3.034081 0.034154
v 1.003345 2.904986 0.303037
v 0.995565 2.908597 0.308446
v 0.557023 3.066851 0.006307
v 0.591262 3.032968 -0.022603
v 0.570397 2.994290 -0.393000
v 0.564234 3.000389 -0.387796
v 0.660088 2.999616 0.016842
v 0.707027 2.987083 -0.015846
v 0.830404 2.896059 0.094911
v 0.821955 2.898314 0.100795
v 0.636390 3.014060 -0.044798
v 0.665541 2.984148 -0.068403
v 0.660039 2.913691 -0.471994
v 0.654792 2.919075 -0.467745
v 0.739739 2.952696 -0.035474
v 0.776860 2.924738 -0.060329
v 1.016362 2.896164 0.040704
v 0.983695 2.920767 0.062576
v 0.983695 2.920767 0.062576
v 1.016362 2.896164 0.040704
v 1.161954 2.723625 0.192480
v 1.156014 2.728098 0.196457
v 0.810921 2.894718 -0.082039
v 0.850020 2.866079 -0.109790
v 1.078633 2.814994 -0.034375
v 1.044226 2.840197 -0.009954
v 1.044226 2.840197 -0.009954
v 1.078633 2.814994 -0.034375
v 1.203969 2.584979 0.112748
v 1.197713 2.589561 0.117188
v 0.781085 2.905089 -0.139491
v 0.812826 2.867013 -0.165481
v 0.835204 2.862932 -0.380689
v 0.807272 2.896440 -0.357817
v 0.807272 2.896440 -0.357817
v 0.835204 2.862932 -0.380689
v 0.713603 2.673341 -0.512755
v 0.708524 2.679434 -0.508597
v 0.880244 2.835980 -0.129294
v 0.919140 2.800373 -0.157459
v 1.138722 2.762552 -0.102858
v 1.104493 2.793886 -0.078073
v 1.104493 2.793886 -0.078073
v 1.138722 2.762552 -0.102858
v 1.220448 2.547616 0.026402
v 1.214225 2.553313 0.030908
v 0.855942 2.841451 -0.187901
v 0.875397 2.806092 -0.211399
v 0.940485 2.797889 -0.458935
v 0.923364 2.829005 -0.438258
v 0.923364 2.829005 -0.438258
v 0.940485 2.797889 -0.458935
v 0.861395 2.618054 -0.619991
v 0.858282 2.623711 -0.616231
v 0.949189 2.763018 -0.176988
v 0.982350 2.741212 -0.203277
v 1.069789 2.644276 -0.138544
v 1.063820 2.648201 -0.133812
v 0.914244 2.768791 -0.236011
v 0.948176 2.746506 -0.256156
v 0.987194 2.709205 -0.464302
v 0.957333 2.728816 -0.446575
v 0.957333 2.728816 -0.446575
v 0.987194 2.709205 -0.464302
v 0.911643 2.538370 -0.634850
v 0.906214 2.541936 -0.631627
v 1.012804 2.698516 -0.223521
v 1.044154 2.666007 -0.248488
v 1.238275 2.589419 -0.221097
v 1.210687 2.618028 -0.199125
v 1.210687 2.618028 -0.199125
v 1.238275 2.589419 -0.221097
v 1.323163 2.390613 -0.126983
v 1.318146 2.395814 -0.122988
v 0.982877 2.707411 -0.280594
v 1.003837 2.668048 -0.302627
v 1.041587 2.636041 -0.525371
v 1.023142 2.670680 -0.505982
v 1.023142 2.670680 -0.505982
v 1.041587 2.636041 -0.525371
v 0.921635 2.470178 -0.591317
v 0.918281 2.476477 -0.587792
v 1.075306 2.633291 -0.275032
v 1.099615 2.583796 -0.286476
v 1.279341 2.513467 -0.246965
v 1.257949 2.557023 -0.236894
v 1.257949 2.557023 -0.236894
v 1.279341 2.513467 -0.246965
v 1.305104 2.357090 -0.151607
v 1.301215 2.365009 -0.149776
v 1.095109 2.557386 -0.368669
v 1.117610 2.515748 -0.389475
v 1.159710 2.438173 -0.552760
v 1.139909 2.474815 -0.534451
v 1.139909 2.474815 -0.534451
v 1.159710 2.438173 -0.552760
v 1.059561 2.312314 -0.554228
v 1.055961 2.318976 -0.550899
v 1.182552 2.476632 -0.358380
v 1.204763 2.423843 -0.373805
v 1.276831 2.315590 -0.327433
v 1.272833 2.325092 -0.324656
v 1.142472 2.471709 -0.410005
v 1.170933 2.439263 -0.431034
v 1.142566 2.356961 -0.499723
v 1.137443 2.362801 -0.495937
v 1.197926 2.397691 -0.450176
v 1.207706 2.344413 -0.470177
v 1.092714 2.117486 -0.666006
v 1.090953 2.127076 -0.662406
v 1.273597 2.298131 -0.435582
v 1.291716 2.258375 -0.452824
v 1.391745 2.035696 -0.332740
v 1.388483 2.042852 -0.329636
v 1.229976 2.307079 -0.486051
v 1.258772 2.259593 -0.509392
v 1.184601 2.032675 -0.675834
v 1.179418 2.041223 -0.671633
v 1.308203 2.210371 -0.468440
v 1.332198 2.164771 -0.491281
v 1.372675 2.009695 -0.409022
v 1.368356 2.017903 -0.404911
v 1.271854 2.212701 -0.524731
v 1.290601 2.172430 -0.541040
v 1.234058 1.992602 -0.620478
v 1.230684 1.999851 -0.617542
v 1.348205 2.119306 -0.509890
v 1.357823 2.068970 -0.515982
v 1.384530 1.974772 -0.472321
v 1.382799 1.983832 -0.471224
v 1.307767 2.127410 -0.557327
v 1.318900 2.070669 -0.573559
v 1.297633 2.045463 -0.587373
v 1.295629 2.055676 -0.584452
vn 0.9075 0.4200 0.0072
vn 0.6468 0.3826 0.6597
vn 0.8881 0.4592 -0.0201
vn 0.6484 0.3398 0.6813
vn 0.0248 0.3710 0.9283
vn -0.6658 0.3823 0.6408
vn -0.6651 0.4236 0.6149
vn -0.9093 0.4162 0.0032
vn -0.8911 0.4537 -0.0145
vn -0.6350 0.4865 -0.6000
vn -0.6089 0.5193 -0.5997
vn 0.0301 0.4973 -0.8670
vn 0.0222 0.5286 -0.8486
vn 0.5949 0.4892 -0.6378
vn 0.6164 0.4553 -0.6425
vn 0.9445 0.3284 0.0068
vn 0.6693 0.2437 0.7019
vn 0.0320 0.3277 0.9442
vn -0.6914 0.2853 0.6637
vn -0.9434 0.3316 0.0034
vn -0.6629 0.4072 -0.6283
vn 0.0311 0.4213 -0.9064
vn 0.6407 0.3764 -0.6692
vn 0.9712 0.2382 0.0066
vn 0.6831 0.1516 0.7145
vn 0.0326 0.2281 0.9731
vn -0.7092 0.1907 0.6788
vn -0.9685 0.2491 0.0038
vn -0.6847 0.3278 -0.6510
vn 0.0317 0.3457 -0.9378
vn 0.6593 0.2988 -0.6899
vn 0.9917 0.1282 0.0039
vn 0.6926 0.0362 0.7204
vn 0.0328 0.1323 0.9907
vn -0.7232 0.0718 0.6869
vn -0.9889 0.1488 0.0024
vn -0.7024 0.2351 -0.6719
vn 0.0324 0.2580 -0.9656
vn 0.6736 0.2088 -0.7090
vn 0.9984 0.0473 0.0316
vn 0.6893 -0.0439 0.7232
vn 0.0326 0.0123 0.9994
vn -0.7147 -0.0143 0.6993
vn -0.9969 0.0767 0.0193
vn -0.7187 0.1667 -0.6750
vn 0.0344 0.1927 -0.9807
vn 0.6871 0.1436 -0.7123
vn 0.8897 0.1087 0.4433
vn 0.4315 0.1304 0.8927
vn -0.3773 0.1492 0.9140
vn -0.9415 0.1505 0.3017
vn -0.9369 0.1543 -0.3137
vn -0.3234 0.1975 -0.9254
vn 0.3773 0.1838 -0.9076
vn 0.8804 0.1440 -0.4519
vn 0.9978 -0.0458 0.0471
vn 0.6931 -0.1350 0.7081
vn 0.9997 -0.0228 -0.0051
vn 0.6869 -0.1525 0.7106
vn 0.0302 -0.1872 0.9819
vn -0.7014 -0.1468 0.6975
vn -0.7314 -0.1338 0.6688
vn -0.9986 -0.0404 0.0336
vn -0.9998 -0.0209 0.0025
vn -0.7247 0.0726 -0.6852
vn -0.7073 0.0932 -0.7008
vn 0.0390 0.1275 -0.9911
vn 0.0240 0.1381 -0.9901
vn 0.6782 0.0900 -0.7294
vn 0.7027 0.0784 -0.7072
vn 0.8954 0.0104 0.4452
vn 0.4542 0.0241 0.8906
vn -0.3775 0.1504 0.9137
vn -0.9268 0.2011 0.3172
vn -0.9250 0.2187 -0.3106
vn -0.3019 0.2225 -0.9270
vn 0.3750 0.2099 -0.9029
vn 0.8938 0.1008 -0.4369
vn 0.9978 -0.0269 0.0608
vn 0.6942 -0.1160 0.7104
vn 0.9999 -0.0128 -0.0058
vn 0.6865 -0.1349 0.7145
vn 0.0186 -0.1847 0.9826
vn -0.6989 -0.1585 0.6974
vn -0.7401 -0.1599 0.6533
vn -0.9960 -0.0781 0.0428
vn -0.9978 -0.0665 -0.0027
vn -0.7256 0.0232 -0.6877
vn -0.7072 0.0457 -0.7055
vn 0.0301 0.0983 -0.9947
vn 0.0039 0.1044 -0.9945
vn 0.6661 0.0766 -0.7420
vn 0.7053 0.0790 -0.7045
vn 0.8921 -0.0103 0.4518
vn 0.4608 -0.0478 0.8862
vn -0.3833 0.0996 0.9182
vn -0.9186 0.2030 0.3390
vn -0.9151 0.2695 -0.3001
vn -0.2899 0.2844 -0.9138
vn 0.3653 0.2738 -0.8897
vn 0.9002 0.1370 -0.4134
vn 0.9975 -0.0195 0.0674
vn 0.7040 -0.0987 0.7033
vn 0.9997 -0.0199 -0.0136
vn 0.6861 -0.1087 0.7193
vn 0.0141 -0.1607 0.9869
vn -0.7017 -0.1404 0.6985
vn -0.7470 -0.1527 0.6471
vn -0.9951 -0.0860 0.0496
vn -0.9961 -0.0877 -0.0131
vn -0.7256 -0.0097 -0.6881
vn -0.6974 0.0030 -0.7167
vn 0.0206 0.0599 -0.9980
vn -0.0015 0.0596 -0.9982
vn 0.6568 0.0446 -0.7527
vn 0.7037 0.0577 -0.7082
vn 0.8876 0.0329 0.4594
vn 0.4575 -0.0613 0.8871
vn -0.3959 0.0243 0.9180
vn -0.9200 0.1537 0.3606
vn -0.9167 0.2722 -0.2924
vn -0.2884 0.3284 -0.8994
vn 0.3487 0.3224 -0.8800
vn 0.8973 0.2053 -0.3908
vn 0.9973 -0.0334 0.0661
vn 0.7166 -0.0988 0.6904
vn 0.9988 -0.0445 -0.0205
vn 0.6873 -0.0959 0.7200
vn 0.0157 -0.1383 0.9903
vn -0.7069 -0.1142 0.6981
vn -0.7476 -0.1280 0.6517
vn -0.9959 -0.0725 0.0533
vn -0.9963 -0.0842 -0.0190
vn -0.7249 -0.0174 -0.6887
vn -0.6840 -0.0191 -0.7293
vn 0.0140 0.0285 -0.9995
vn 0.0082 0.0236 -0.9997
vn 0.6540 0.0078 -0.7565
vn 0.6989 0.0220 -0.7149
vn 0.8815 0.1067 0.4600
vn 0.4507 -0.0198 0.8924
vn -0.4129 -0.0365 0.9101
vn -0.9237 0.0788 0.3749
vn -0.9284 0.2285 -0.2929
vn -0.2951 0.3318 -0.8960
vn 0.3307 0.3323 -0.8833
vn 0.8890 0.2624 -0.3753
vn 0.9964 -0.0603 0.0596
vn 0.7272 -0.1158 0.6766
vn 0.9971 -0.0728 -0.0210
vn 0.6907 -0.1035 0.7157
vn 0.0201 -0.1326 0.9910
vn -0.7117 -0.0988 0.6955
vn -0.7414 -0.1047 0.6628
vn -0.9972 -0.0526 0.0538
vn -0.9977 -0.0656 -0.0161
vn -0.7232 -0.0039 -0.6906
vn -0.6740 -0.0162 -0.7386
vn 0.0108 0.0161 -0.9998
vn 0.0252 0.0104 -0.9996
vn 0.6589 -0.0165 -0.7520
vn 0.6932 -0.0106 -0.7207
vn 0.8758 0.1729 0.4507
vn 0.4440 0.0510 0.8946
vn -0.4314 -0.0564 0.9004
vn -0.9250 0.0124 0.3798
vn -0.9400 0.1580 -0.3022
vn -0.3050 0.2945 -0.9057
vn 0.3157 0.3018 -0.8996
vn 0.8848 0.2838 -0.3696
vn 0.9950 -0.0847 0.0521
vn 0.7326 -0.1388 0.6664
vn 0.9959 -0.0895 -0.0132
vn 0.6955 -0.1251 0.7076
vn 0.0243 -0.1466 0.9889
vn -0.7146 -0.1043 0.6917
vn -0.7313 -0.0980 0.6750
vn -0.9978 -0.0422 0.0520
vn -0.9989 -0.0475 -0.0059
vn -0.7201 0.0174 -0.6937
vn -0.6704 0.0034 -0.7420
vn 0.0095 0.0239 -0.9997
vn 0.0388 0.0214 -0.9990
vn 0.6700 -0.0181 -0.7421
vn 0.6895 -0.0250 -0.7238
vn 0.8763 0.2058 0.4356
vn 0.4401 0.1173 0.8903
vn -0.4474 -0.0313 0.8938
vn -0.9249 -0.0193 0.3798
vn -0.9438 0.0907 -0.3179
vn -0.3120 0.2313 -0.9215
vn 0.3007 0.2976 -0.9061
vn 0.8898 0.2648 -0.3716
vn 0.9945 -0.0936 0.0471
vn 0.7325 -0.1547 0.6629
vn 0.9963 -0.0858 0.0006
vn 0.7000 -0.1481 0.6987
vn 0.0257 -0.1726 0.9847
vn -0.7143 -0.1296 0.6877
vn -0.7209 -0.1132 0.6838
vn -0.9975 -0.0507 0.0492
vn -0.9990 -0.0435 0.0070
vn -0.7158 0.0315 -0.6976
vn -0.6722 0.0251 -0.7399
vn 0.0081 0.0443 -0.9990
vn 0.0417 0.0470 -0.9980
vn 0.6822 0.0021 -0.7312
vn 0.6898 -0.0156 -0.7238
vn 0.8857 0.1980 0.4199
vn 0.4415 0.1526 0.8842
vn -0.4543 0.0905 0.8862
vn -0.9246 -0.0084 0.3809
vn -0.9401 0.0535 -0.3366
vn -0.3122 0.1676 -0.9351
vn 0.2961 0.2468 -0.9227
vn 0.9013 0.2163 -0.3753
vn 0.9956 -0.0819 0.0463
vn 0.7292 -0.1552 0.6664
vn 0.9979 -0.0625 0.0148
vn 0.7036 -0.1606 0.6922
vn 0.0232 -0.1982 0.9799
vn -0.7103 -0.1646 0.6844
vn -0.7130 -0.1448 0.6861
vn -0.9958 -0.0782 0.0471
vn -0.9981 -0.0594 0.0176
vn -0.7116 0.0287 -0.7020
vn -0.6767 0.0352 -0.7354
vn 0.0047 0.0656 -0.9978
vn 0.0328 0.0726 -0.9968
vn 0.6903 0.0343 -0.7227
vn 0.6935 0.0129 -0.7203
vn 0.9002 0.1569 0.4062
vn 0.4482 0.1463 0.8819
vn -0.4539 0.1238 0.8824
vn -0.9217 0.0345 0.3865
vn -0.9333 0.0588 -0.3542
vn -0.3069 0.1292 -0.9429
vn 0.2985 0.1916 -0.9350
vn 0.9134 0.1601 -0.3743
vn 0.9973 -0.0538 0.0500
vn 0.7258 -0.1397 0.6736
vn 0.9993 -0.0287 0.0239
vn 0.7062 -0.1570 0.6904
vn 0.0170 -0.2136 0.9768
vn -0.7038 -0.1962 0.6828
vn -0.7091 -0.1810 0.6815
vn -0.9922 -0.1158 0.0467
vn -0.9956 -0.0913 0.0219
vn -0.7085 0.0081 -0.7056
vn -0.6811 0.0274 -0.7317
vn -0.0011 0.0775 -0.9970
vn 0.0158 0.0863 -0.9961
vn 0.6918 0.0648 -0.7191
vn 0.6988 0.0483 -0.7136
vn 0.9128 0.1013 0.3957
vn 0.4562 0.1029 0.8839
vn -0.4501 0.1181 0.8851
vn -0.9139 0.0867 0.3965
vn -0.9250 0.1003 -0.3666
vn -0.3005 0.1306 -0.9448
vn 0.3051 0.1556 -0.9395
vn 0.9229 0.1210 -0.3655
vn 0.9982 -0.0202 0.0566
vn 0.7245 -0.1148 0.6796
vn 0.9997 0.0028 0.0246
vn 0.7070 -0.1392 0.6933
vn 0.0088 -0.2148 0.9766
vn -0.6972 -0.2145 0.6841
vn -0.7096 -0.2095 0.6727
vn -0.9874 -0.1504 0.0485
vn -0.9916 -0.1279 0.0179
vn -0.7066 -0.0223 -0.7072
vn -0.6824 0.0045 -0.7309
vn -0.0074 0.0744 -0.9972
vn -0.0022 0.0842 -0.9964
vn 0.7034 0.0755 -0.7068
vn 0.6872 0.0835 -0.7216
vn 0.9196 0.0541 0.3890
vn 0.4598 0.0386 0.8872
vn -0.4441 0.1122 0.8889
vn -0.9036 0.1240 0.4101
vn -0.9149 0.1583 -0.3714
vn -0.2970 0.1694 -0.9397
vn 0.3123 0.1550 -0.9373
vn 0.9295 0.1152 -0.3503
vn 0.9980 0.0057 0.0634
vn 0.7269 -0.0914 0.6806
vn 0.9996 0.0202 0.0172
vn 0.7057 -0.1160 0.6990
vn 0.0010 -0.2045 0.9789
vn -0.6923 -0.2161 0.6885
vn -0.7134 -0.2228 0.6644
vn -0.9839 -0.1707 0.0524
vn -0.9877 -0.1563 0.0066
vn -0.7060 -0.0499 -0.7064
vn -0.6787 -0.0231 -0.7340
vn -0.0094 0.0554 -0.9984
vn -0.0118 0.0737 -0.9972
vn 0.7045 0.0814 -0.7050
vn 0.6764 0.0899 -0.7310
vn 0.9217 0.0326 0.3865
vn 0.4557 -0.0242 0.8898
vn -0.4405 0.0725 0.8948
vn -0.8953 0.1311 0.4258
vn -0.9050 0.2093 -0.3703
vn -0.2981 0.2290 -0.9267
vn 0.3117 0.2508 -0.9165
vn 0.9322 0.1437 -0.3322
vn -0.0000 -1.0000 -0.0000
vn -0.0000 1.0000 -0.0000
vn 0.0327 -0.0709 0.9969
vn 0.8610 0.1807 0.4755
vn 0.4159 0.1576 0.8956
vn -0.3637 0.1723 0.9154
vn -0.9142 0.2235 0.3382
vn -0.9364 0.2237 -0.2704
vn -0.3352 0.2236 -0.9152
vn 0.3873 0.2056 -0.8987
vn 0.8868 0.2184 -0.4073
vn 0.0402 -0.1978 0.9794
vn 0.8751 0.0753 0.4780
vn 0.4150 0.0965 0.9047
vn -0.4040 0.1052 0.9087
vn -0.9174 0.2239 0.3291
vn -0.9220 0.2775 -0.2701
vn -0.3337 0.2896 -0.8971
vn 0.3543 0.1679 -0.9199
vn 0.8976 0.1253 -0.4226
vn 0.0411 -0.1906 0.9808
vn 0.8878 0.0052 0.4602
vn 0.4287 0.0146 0.9033
vn -0.4287 0.0186 0.9032
vn -0.9313 0.1711 0.3217
vn -0.9142 0.2829 -0.2903
vn -0.3173 0.3398 -0.8854
vn 0.3284 0.2012 -0.9229
vn 0.8952 0.1040 -0.4334
vn 0.0331 -0.1599 0.9866
vn 0.8990 -0.0058 0.4380
vn 0.4492 -0.0449 0.8923
vn -0.4337 -0.0468 0.8998
vn -0.9411 0.0911 0.3255
vn -0.9180 0.2365 -0.3182
vn -0.2956 0.3424 -0.8918
vn 0.3170 0.2610 -0.9118
vn 0.8907 0.1424 -0.4317
vn 0.0187 -0.1330 0.9909
vn 0.9059 0.0371 0.4220
vn 0.4692 -0.0551 0.8814
vn -0.4271 -0.0640 0.9019
vn -0.9394 0.0222 0.3421
vn -0.9268 0.1613 -0.3392
vn -0.2782 0.3000 -0.9125
vn 0.3187 0.3092 -0.8960
vn 0.8865 0.2080 -0.4134
vn 0.0036 -0.1268 0.9919
vn 0.9032 0.1074 0.4155
vn 0.4817 -0.0168 0.8762
vn -0.4183 -0.0312 0.9078
vn -0.9298 -0.0078 0.3679
vn -0.9339 0.0910 -0.3458
vn -0.2711 0.2320 -0.9342
vn 0.3272 0.3239 -0.8877
vn 0.8847 0.2650 -0.3834
vn -0.0072 -0.1441 0.9895
vn 0.8922 0.1721 0.4176
vn 0.4805 0.0496 0.8756
vn -0.4133 0.0319 0.9100
vn -0.9183 0.0079 0.3959
vn -0.9386 0.0544 -0.3406
vn -0.2762 0.1667 -0.9465
vn 0.3404 0.2420 -0.9086
vn 0.8895 0.2900 -0.3531
vn -0.0113 -0.1753 0.9844
vn 0.8816 0.2066 0.4245
vn 0.4655 0.1147 0.8776
vn -0.4178 0.0207 0.9083
vn -0.9067 0.0555 0.4180
vn -0.9415 0.0624 -0.3311
vn -0.2911 0.1302 -0.9478
vn 0.3396 0.1831 -0.9226
vn 0.9017 0.2765 -0.3323
vn -0.0099 -0.2057 0.9786
vn 0.8798 0.2015 0.4305
vn 0.4440 0.1529 0.8829
vn -0.4306 0.0783 0.8991
vn -0.8968 0.1090 0.4287
vn -0.9400 0.1060 -0.3242
vn -0.3104 0.1353 -0.9409
vn 0.3270 0.1483 -0.9333
vn 0.9168 0.2326 -0.3247
vn -0.0059 -0.2231 0.9748
vn 0.8882 0.1621 0.4299
vn 0.4256 0.1509 0.8922
vn -0.4483 0.1145 0.8865
vn -0.8923 0.1430 0.4281
vn -0.9317 0.1630 -0.3247
vn -0.3269 0.1768 -0.9284
vn 0.3076 0.1518 -0.9393
vn 0.9279 0.1777 -0.3279
vn -0.0026 -0.2227 0.9749
vn 0.9018 0.1051 0.4191
vn 0.4163 0.1097 0.9026
vn -0.4677 0.0731 0.8809
vn -0.8956 0.1434 0.4211
vn -0.9186 0.2090 -0.3354
vn -0.3351 0.2358 -0.9122
vn 0.2878 0.1918 -0.9383
vn 0.9317 0.1353 -0.3370
vn -0.0026 -0.2078 0.9782
vn 0.9154 0.0527 0.3990
vn 0.4159 0.0433 0.9084
vn -0.4789 0.0065 0.8778
vn -0.9038 0.1101 0.4136
vn -0.9061 0.2288 -0.3558
vn -0.3333 0.2896 -0.8972
vn 0.2772 0.1896 -0.9419
vn 0.9300 0.1229 -0.3464
vn -0.1001 0.0669 -0.9927
vn -0.7211 -0.0268 -0.6923
vn -0.9841 -0.1396 -0.1101
vn -0.9075 -0.1061 0.4065
vn -0.3117 -0.2127 0.9261
vn 0.2361 -0.1410 0.9615
vn 0.8909 -0.1729 0.4200
vn 0.9994 -0.0141 -0.0307
vn 0.7459 0.0238 -0.6656
vn 0.1001 -0.0669 0.9927
vn 0.7211 0.0268 0.6923
vn 0.9841 0.1396 0.1101
vn 0.9075 0.1061 -0.4065
vn 0.3117 0.2127 -0.9261
vn -0.2361 0.1410 -0.9615
vn -0.8909 0.1729 -0.4200
vn -0.9994 0.0141 0.0307
vn -0.7459 -0.0238 0.6656
vn -0.3367 -0.9377 0.0854
vn -0.3990 -0.9076 0.1308
vn -0.4753 -0.8585 0.1927
vn -0.5537 -0.7890 0.2664
vn -0.6263 -0.6974 0.3485
vn -0.6863 -0.5828 0.4351
vn -0.7278 -0.4455 0.5213
vn -0.3635 -0.8281 0.4267
vn 0.7069 0.7006 0.0971
vn -0.3903 -0.9206 -0.0111
vn 0.4767 0.8768 -0.0631
vn -0.3741 -0.9240 0.0787
vn 0.6479 0.7530 -0.1151
vn -0.4129 -0.8735 -0.2580
vn 0.6522 0.7452 -0.1390
vn -0.3005 -0.8248 0.4790
vn -0.6665 -0.7228 -0.1824
vn -0.3268 -0.8488 0.4156
vn -0.7038 -0.6131 -0.3589
vn 0.7894 0.6099 0.0705
vn 0.0078 0.5682 -0.8229
vn -0.2766 -0.7636 0.5834
vn -0.7593 -0.5222 -0.3883
vn 0.9091 0.3490 0.2275
vn 0.1799 0.6112 -0.7708
vn -0.6497 -0.7293 -0.2146
vn 0.5257 0.8490 -0.0536
vn 0.0343 0.6984 -0.7148
vn -0.3755 -0.7645 0.5239
vn -0.7939 -0.5017 -0.3436
vn 0.8992 0.4279 0.0909
vn -0.1151 0.4378 -0.8917
vn -0.3339 -0.3649 0.8691
vn -0.8731 -0.3505 -0.3389
vn 0.8800 0.4749 0.0013
vn -0.3300 0.2732 -0.9036
vn -0.8494 -0.4418 0.2888
vn 0.1193 0.6116 -0.7821
vn 0.5333 0.3814 -0.7551
vn -0.9109 -0.4125 -0.0061
vn 0.2125 0.5318 -0.8198
vn -0.9039 -0.3592 -0.2324
vn 0.0433 0.3923 -0.9188
vn -0.9671 -0.2033 0.1529
vn 0.2323 0.3094 -0.9221
vn -0.3392 -0.9370 0.0831
vn -0.4047 -0.9058 0.1253
vn -0.4842 -0.8554 0.1837
vn -0.5660 -0.7845 0.2533
vn -0.6420 -0.6915 0.3310
vn -0.7054 -0.5761 0.4128
vn -0.7499 -0.4400 0.4941
vn 0.6479 0.7529 -0.1151
vn -0.4129 -0.8735 -0.2579
vn -0.6665 -0.7229 -0.1824
vn -0.6497 -0.7293 -0.2145
vn 0.0343 0.6985 -0.7148
vn -0.3756 -0.7645 0.5239
vn -0.7939 -0.5017 -0.3437
vn 0.8992 0.4280 0.0909
vn -0.8731 -0.3505 -0.3388
vn -0.3300 0.2731 -0.9036
vn 0.3367 0.9377 -0.0854
vn 0.3990 0.9076 -0.1308
vn 0.4753 0.8585 -0.1927
vn 0.5537 0.7890 -0.2664
vn 0.6263 0.6974 -0.3485
vn 0.6863 0.5828 -0.4351
vn 0.7278 0.4455 -0.5213
vn 0.3635 0.8281 -0.4267
vn -0.7069 -0.7006 -0.0971
vn 0.3903 0.9206 0.0111
vn -0.4767 -0.8768 0.0631
vn 0.3741 0.9240 -0.0787
vn -0.6479 -0.7530 0.1151
vn 0.4129 0.8735 0.2580
vn -0.6522 -0.7452 0.1390
vn 0.3005 0.8248 -0.4790
vn 0.6665 0.7228 0.1824
vn 0.3268 0.8488 -0.4156
vn 0.7038 0.6131 0.3589
vn -0.7894 -0.6099 -0.0705
vn -0.0078 -0.5682 0.8229
vn 0.2766 0.7636 -0.5834
vn 0.7593 0.5222 0.3883
vn -0.9091 -0.3490 -0.2275
vn -0.1799 -0.6112 0.7708
vn 0.6497 0.7293 0.2146
vn -0.5257 -0.8490 0.0536
vn -0.0343 -0.6984 0.7148
vn 0.3755 0.7645 -0.5239
vn 0.7939 0.5017 0.3436
vn -0.8992 -0.4279 -0.0909
vn 0.1151 -0.4378 0.8917
vn 0.3339 0.3649 -0.8691
vn 0.8731 0.3505 0.3389
vn -0.8800 -0.4749 -0.0013
vn 0.3300 -0.2732 0.9036
vn 0.8494 0.4418 -0.2888
vn -0.1193 -0.6116 0.7821
vn -0.5333 -0.3814 0.7551
vn 0.9109 0.4125 0.0061
vn -0.2125 -0.5318 0.8198
vn 0.9039 0.3592 0.2324
vn -0.0433 -0.3923 0.9188
vn 0.9671 0.2033 -0.1529
vn -0.2323 -0.3094 0.9221
vn 0.3392 0.9370 -0.0831
vn 0.4047 0.9058 -0.1253
vn 0.4842 0.8554 -0.1837
vn 0.5660 0.7845 -0.2533
vn 0.6420 0.6915 -0.3310
vn 0.7054 0.5761 -0.4128
vn 0.7499 0.4400 -0.4941
vn -0.6479 -0.7529 0.1151
vn 0.4129 0.8735 0.2579
vn 0.6665 0.7229 0.1824
vn 0.6497 0.7293 0.2145
vn -0.0343 -0.6985 0.7148
vn 0.3756 0.7645 -0.5239
vn 0.7939 0.5017 0.3437
vn -0.8992 -0.4280 -0.0909
vn 0.8731 0.3505 0.3388
vn 0.3300 -0.2731 0.9036
vt 0.496584 0.063026
vt 0.250000 0.000000
vt 0.500000 0.000000
vt 0.247822 0.063026
vt 0.000000 0.000000
vt 2.000000 0.000000
vt 1.752791 0.063026
vt 1.750000 0.000000
vt 1.503698 0.063026
vt 1.500000 0.000000
vt 1.252100 0.063026
vt 1.250000 0.000000
vt 0.999467 0.063026
vt 1.000000 0.000000
vt 0.750000 0.000000
vt 0.747017 0.063026
vt 0.490795 0.157566
vt 0.244193 0.157566
vt 0.000521 0.063026
vt 2.000521 0.063026
vt 1.757456 0.157566
vt 1.510020 0.157566
vt 1.255768 0.157566
vt 0.998542 0.157566
vt 0.741858 0.157566
vt 0.482656 0.275740
vt 0.239219 0.275740
vt 0.001369 0.157566
vt 2.001369 0.157566
vt 1.763878 0.275740
vt 1.519021 0.275740
vt 1.261167 0.275740
vt 0.997189 0.275740
vt 0.734369 0.275740
vt 0.473786 0.393914
vt 0.233963 0.393914
vt 0.002494 0.275740
vt 2.002494 0.275740
vt 1.770701 0.393914
vt 1.528976 0.393914
vt 1.267399 0.393914
vt 0.995637 0.393914
vt 0.725874 0.393914
vt 0.413134 1.150385
vt 0.202103 1.150385
vt 0.003641 0.393914
vt 2.003641 0.393914
vt 1.812496 1.150385
vt 1.600779 1.150385
vt 1.324539 1.150385
vt 0.981097 1.150385
vt 0.655004 1.150385
vt 0.392411 1.329919
vt 0.190776 1.329919
vt 0.009527 1.150385
vt 2.009527 1.150385
vt 1.827583 1.329919
vt 1.626448 1.329919
vt 1.347001 1.329919
vt 0.975411 1.329919
vt 0.630019 1.329919
vt 0.355084 1.866808
vt 0.175316 1.866808
vt 0.011499 1.329919
vt 2.011499 1.329919
vt 1.845163 1.866808
vt 1.667226 1.866808
vt 1.406884 1.866808
vt 0.954911 1.866808
vt 0.565079 1.866808
vt 0.338421 2.046342
vt 0.166350 2.046342
vt 0.012796 1.866808
vt 2.012796 1.866808
vt 1.860360 2.046342
vt 1.699661 2.046342
vt 1.452825 2.046342
vt 0.938541 2.046342
vt 0.536377 2.046342
vt 0.309142 2.518566
vt 0.154812 2.518566
vt 0.014063 2.046342
vt 2.014063 2.046342
vt 1.868255 2.518566
vt 1.718363 2.518566
vt 1.500812 2.518566
vt 0.898821 2.518566
vt 0.479019 2.518566
vt 0.295347 2.698100
vt 0.148406 2.698100
vt 0.013868 2.518566
vt 2.013868 2.518566
vt 1.880461 2.698100
vt 1.750575 2.698100
vt 1.572081 2.698100
vt 0.792094 2.698100
vt 0.443482 2.698100
vt 0.273810 3.131587
vt 0.138692 3.131587
vt 0.014288 2.698100
vt 2.014288 2.698100
vt 1.884698 3.131587
vt 1.756939 3.131587
vt 1.591447 3.131587
vt 0.653904 3.131587
vt 0.407111 3.131587
vt 0.258858 3.311121
vt 0.133391 3.311121
vt 0.013341 3.131587
vt 2.013341 3.131587
vt 1.892684 3.311121
vt 1.782533 3.311121
vt 1.665886 3.311121
vt 2.197305 3.311121
vt 2.653904 3.131587
vt 0.197305 3.311121
vt 0.361683 3.311121
vt 0.246163 3.717326
vt 0.125664 3.717326
vt 0.013082 3.311121
vt 2.013082 3.311121
vt 1.895944 3.717326
vt 1.785444 3.717326
vt 1.666388 3.717326
vt 2.162377 3.717326
vt 0.162377 3.717326
vt 0.349345 3.717326
vt 0.227485 3.896860
vt 0.119754 3.896860
vt 0.011553 3.717326
vt 2.011553 3.717326
vt 1.900429 3.896860
vt 1.802195 3.896860
vt 1.723723 3.896860
vt 2.076682 3.896860
vt 0.076682 3.896860
vt 0.297728 3.896860
vt 0.223156 4.282203
vt 0.114606 4.282203
vt 0.010865 3.896860
vt 2.010865 3.896860
vt 1.902979 4.282203
vt 1.805690 4.282203
vt 1.721935 4.282203
vt 2.063748 4.282203
vt 0.063748 4.282203
vt 0.301296 4.282203
vt 0.201007 4.461737
vt 0.107015 4.461737
vt 0.008777 4.282203
vt 2.008776 4.282203
vt 1.905707 4.461737
vt 1.815197 4.461737
vt 1.757656 4.461737
vt 2.039366 4.461737
vt 0.039366 4.461737
vt 0.251129 4.461737
vt 0.202454 4.830301
vt 0.104571 4.830301
vt 0.007822 4.461737
vt 2.007822 4.461737
vt 1.906742 4.830301
vt 1.819203 4.830301
vt 1.760261 4.830301
vt 2.026921 4.830301
vt 0.026921 4.830301
vt 0.259316 4.830301
vt 0.179221 5.009835
vt 0.095227 5.009835
vt 0.005255 4.830301
vt 2.005255 4.830301
vt 1.909473 5.009835
vt 1.825051 5.009835
vt 1.779591 5.009835
vt 2.016689 5.009835
vt 0.217260 5.009835
vt 0.182683 5.364434
vt 0.094861 5.364434
vt 0.004060 5.009835
vt 2.004060 5.009835
vt 1.908214 5.364434
vt 1.827575 5.364434
vt 1.785378 5.364434
vt 2.004913 5.364434
vt 0.004913 5.364434
vt 0.016689 5.009835
vt 0.221701 5.364434
vt 0.161346 5.543968
vt 0.084564 5.543968
vt 0.001199 5.364434
vt 1.999713 5.543968
vt 2.001199 5.364434
vt 1.833441 5.543968
vt 1.796421 5.543968
vt 1.998981 5.543968
vt 0.190809 5.543968
vt 0.163343 5.886650
vt 2.085085 5.886650
vt 2.084564 5.543968
vt 1.908344 5.886650
vt 1.912037 5.543968
vt 1.832511 5.886650
vt 1.801317 5.886650
vt 1.988739 5.886650
vt 2.190809 5.543968
vt 0.188098 5.886650
vt 0.146054 6.066184
vt 0.085085 5.886650
vt 2.075055 6.066184
vt 1.996784 5.886650
vt 1.994989 6.066184
vt 1.840837 6.066184
vt 1.811156 6.066184
vt 1.984229 6.066184
vt 2.167455 6.066184
vt 2.188098 5.886650
vt 0.167455 6.066184
vt 0.144577 6.398501
vt 0.075055 6.066184
vt 2.075167 6.398501
vt 1.907931 6.398501
vt 1.913441 6.066184
vt 1.835671 6.398501
vt 1.811621 6.398501
vt 1.975685 6.398501
vt 0.158611 6.398501
vt 0.131883 6.578035
vt 0.075167 6.398501
vt 2.066493 6.578035
vt 1.992172 6.398501
vt 1.990150 6.578035
vt 1.847113 6.578035
vt 1.824528 6.578035
vt 1.972159 6.578035
vt 2.144544 6.578035
vt 2.158611 6.398501
vt 0.144544 6.578035
vt 0.126850 6.901206
vt 0.066492 6.578035
vt 2.065292 6.901206
vt 1.907561 6.901206
vt 1.913754 6.578035
vt 1.838456 6.901206
vt 1.819202 6.901206
vt 1.964883 6.901206
vt 2.133187 6.901206
vt 0.133187 6.901206
vt 0.117695 7.080739
vt 0.065292 6.901206
vt 2.058514 7.080739
vt 1.987535 6.901206
vt 1.913243 7.080739
vt 1.852087 7.080739
vt 1.836308 7.080739
vt 1.962733 7.080739
vt 2.121257 7.080739
vt 0.121257 7.080739
vt 0.110631 7.395739
vt 0.058514 7.080739
vt 2.055808 7.395739
vt 1.985467 7.080739
vt 1.907598 7.395739
vt 1.841844 7.395739
vt 1.826218 7.395739
vt 1.956201 7.395739
vt 2.111431 7.395739
vt 0.111431 7.395739
vt 0.102992 7.575273
vt 0.055808 7.395739
vt 2.050771 7.575273
vt 1.983072 7.395739
vt 1.912388 7.575273
vt 1.855866 7.575273
vt 1.846206 7.575273
vt 1.955763 7.575273
vt 0.098287 7.575273
vt 2.750000 0.000000
vt 2.250000 0.000000
vt 1.981164 7.575273
vt 0.050770 7.575273
vt 2.098287 7.575273
vt 2.102992 7.575273
vt 0.359013 0.000000
vt 0.000000 1.587423
vt 0.000000 0.000000
vt 0.361516 1.168617
vt 0.000000 1.168617
vt 0.362578 1.860608
vt 0.000000 1.860608
vt 0.584936 0.000000
vt 0.000000 1.716197
vt 0.521014 0.000000
vt 0.000000 1.845531
vt 0.539374 0.000000
vt 0.000000 0.931785
vt 0.539694 0.958946
vt 0.000000 0.958946
vt 0.453750 1.303069
vt 0.000000 1.303069
vt 0.562940 0.000000
vt 0.000000 1.220093
vt 0.359013 1.587423
vt 0.361516 0.000000
vt 0.362578 0.000000
vt 0.584936 1.716197
vt 0.521014 1.845531
vt 0.539374 0.931785
vt 0.539694 0.000000
vt 0.453750 0.000000
vt 0.562940 1.220093
vt 0.327763 0.000000
vt 0.659509 0.900452
vt 0.340491 0.900452
vt 0.645784 1.800904
vt 0.354216 1.800904
vt 0.630754 2.701356
vt 0.369245 2.701356
vt 0.613911 3.601808
vt 0.386089 3.601808
vt 0.594271 4.502259
vt 0.405729 4.502259
vt 0.569352 5.402711
vt 0.430648 5.402711
vt 0.515658 6.303163
vt 0.484342 6.303163
vt 0.583812 0.000000
vt 0.416188 0.566473
vt 0.416188 0.000000
vt 0.416188 0.542461
vt 0.416188 1.092488
vt 0.416188 0.912991
vt 0.416188 1.491994
vt 0.416188 1.177176
vt 0.416188 0.602919
vt 0.416188 1.285792
vt 0.416188 0.802761
vt 0.583812 0.802761
vt 0.416188 1.660196
vt 0.416188 0.756902
vt 0.583812 0.756902
vt 0.416188 1.702022
vt 0.416188 0.665644
vt 0.583812 0.665644
vt 0.416188 1.492461
vt 0.416188 0.706499
vt 0.583812 0.706499
vt 0.416188 1.543144
vt 0.416188 0.786451
vt 0.583812 0.786451
vt 0.416188 1.599329
vt 0.416188 0.475794
vt 0.416188 0.661365
vt 0.583812 0.661365
vt 0.416188 1.454552
vt 0.416188 0.648921
vt 0.583812 0.648921
vt 0.416188 1.401141
vt 0.416188 0.701646
vt 0.583812 0.701646
vt 0.416188 1.387171
vt 0.416188 0.607846
vt 0.583812 0.607846
vt 0.416188 1.216856
vt 0.416188 0.573692
vt 0.583812 0.573692
vt 0.416188 1.087678
vt 0.416188 0.482949
vt 0.416188 0.378496
vt 0.416188 1.038177
vt 0.416188 0.870463
vt 0.416188 0.943043
vt 0.416188 0.594960
vt 0.416188 0.670764
vt 0.416188 0.383688
vt 0.416188 0.168391
vt 0.672237 0.000000
vt 0.583812 0.566473
vt 0.583812 0.542461
vt 0.583812 1.092488
vt 0.583812 0.912991
vt 0.583812 1.491994
vt 0.583812 1.177176
vt 0.583812 0.602919
vt 0.583812 1.285792
vt 0.583812 1.660196
vt 0.583812 1.702022
vt 0.583812 1.492461
vt 0.583812 1.543144
vt 0.583812 1.599329
vt 0.583812 0.475794
vt 0.583812 1.454552
vt 0.583812 1.401141
vt 0.583812 1.387171
vt 0.583812 1.216856
vt 0.583812 1.087678
vt 0.583812 0.482949
vt 0.583812 0.378496
vt 0.583812 1.038177
vt 0.583812 0.870463
vt 0.583812 0.943043
vt 0.583812 0.594960
vt 0.583812 0.670764
vt 0.583812 0.383688
vt 0.583812 0.168391
s 1
f 9/1/1 2/2/2 1/3/3
f 10/4/4 3/5/5 2/2/2
f 3/6/5 12/7/6 4/8/7
f 4/8/7 13/9/8 5/10/9
f 5/10/9 14/11/10 6/12/11
f 6/12/11 15/13/12 7/14/13
f 15/13/12 8/15/14 7/14/13
f 16/16/15 1/3/3 8/15/14
f 17/17/16 10/4/4 9/1/1
f 18/18/17 11/19/18 10/4/4
f 11/20/18 20/21/19 12/7/6
f 12/7/6 21/22/20 13/9/8
f 13/9/8 22/23/21 14/11/10
f 14/11/10 23/24/22 15/13/12
f 23/24/22 16/16/15 15/13/12
f 24/25/23 9/1/1 16/16/15
f 25/26/24 18/18/17 17/17/16
f 26/27/25 19/28/26 18/18/17
f 19/29/26 28/30/27 20/21/19
f 20/21/19 29/31/28 21/22/20
f 21/22/20 30/32/29 22/23/21
f 22/23/21 31/33/30 23/24/22
f 31/33/30 24/25/23 23/24/22
f 32/34/31 17/17/16 24/25/23
f 33/35/32 26/27/25 25/26/24
f 34/36/33 27/37/34 26/27/25
f 27/38/34 36/39/35 28/30/27
f 28/30/27 37/40/36 29/31/28
f 29/31/28 38/41/37 30/32/29
f 30/32/29 39/42/38 31/33/30
f 39/42/38 32/34/31 31/33/30
f 40/43/39 25/26/24 32/34/31
f 41/44/40 34/36/33 33/35/32
f 42/45/41 35/46/42 34/36/33
f 35/47/42 44/48/43 36/39/35
f 36/39/35 45/49/44 37/40/36
f 37/40/36 46/50/45 38/41/37
f 38/41/37 47/51/46 39/42/38
f 47/51/46 40/43/39 39/42/38
f 48/52/47 33/35/32 40/43/39
s 0
f 49/53/48 42/45/48 41/44/48
f 50/54/49 43/55/49 42/45/49
f 43/56/50 52/57/50 44/48/50
f 44/48/51 53/58/51 45/49/51
f 45/49/52 54/59/52 46/50/52
f 46/50/53 55/60/53 47/51/53
f 55/60/54 48/52/54 47/51/54
f 56/61/55 41/44/55 48/52/55
s 1
f 57/62/56 50/54/57 49/53/58
f 58/63/59 51/64/60 50/54/57
f 51/65/60 60/66/61 52/57/62
f 52/57/62 61/67/63 53/58/64
f 53/58/64 62/68/65 54/59/66
f 54/59/66 63/69/67 55/60/68
f 63/69/67 56/61/69 55/60/68
f 64/70/70 49/53/58 56/61/69
s 0
f 65/71/71 58/63/71 57/62/71
f 66/72/72 59/73/72 58/63/72
f 59/74/73 68/75/73 60/66/73
f 60/66/74 69/76/74 61/67/74
f 61/67/75 70/77/75 62/68/75
f 62/68/76 71/78/76 63/69/76
f 71/78/77 64/70/77 63/69/77
f 72/79/78 57/62/78 64/70/78
s 1
f 73/80/79 66/72/80 65/71/81
f 74/81/82 67/82/83 66/72/80
f 67/83/83 76/84/84 68/75/85
f 68/75/85 77/85/86 69/76/87
f 69/76/87 78/86/88 70/77/89
f 70/77/89 79/87/90 71/78/91
f 79/87/90 72/79/92 71/78/91
f 80/88/93 65/71/81 72/79/92
s 0
f 81/89/94 74/81/94 73/80/94
f 82/90/95 75/91/95 74/81/95
f 75/92/96 84/93/96 76/84/96
f 76/84/97 85/94/97 77/85/97
f 77/85/98 86/95/98 78/86/98
f 78/86/99 87/96/99 79/87/99
f 87/96/100 80/88/100 79/87/100
f 88/97/101 73/80/101 80/88/101
s 1
f 89/98/102 82/90/103 81/89/104
f 90/99/105 83/100/106 82/90/103
f 83/101/106 92/102/107 84/93/108
f 84/93/108 93/103/109 85/94/110
f 85/94/110 94/104/111 86/95/112
f 86/95/112 95/105/113 87/96/114
f 95/105/113 88/97/115 87/96/114
f 96/106/116 81/89/104 88/97/115
s 0
f 97/107/117 90/99/117 89/98/117
f 98/108/118 91/109/118 90/99/118
f 91/110/119 100/111/119 92/102/119
f 92/102/120 101/112/120 93/103/120
f 93/103/121 102/113/121 94/104/121
f 94/104/122 103/114/122 95/115/122
f 103/116/123 96/106/123 95/105/123
f 104/117/124 89/98/124 96/106/124
s 1
f 105/118/125 98/108/126 97/107/127
f 106/119/128 99/120/129 98/108/126
f 99/121/129 108/122/130 100/111/131
f 100/111/131 109/123/132 101/112/133
f 101/112/133 110/124/134 102/113/135
f 102/113/135 111/125/136 103/114/137
f 111/126/136 104/117/138 103/116/137
f 112/127/139 97/107/127 104/117/138
s 0
f 113/128/140 106/119/140 105/118/140
f 114/129/141 107/130/141 106/119/141
f 107/131/142 116/132/142 108/122/142
f 108/122/143 117/133/143 109/123/143
f 109/123/144 118/134/144 110/124/144
f 110/124/145 119/135/145 111/125/145
f 119/136/146 112/127/146 111/126/146
f 120/137/147 105/118/147 112/127/147
s 1
f 121/138/148 114/129/149 113/128/150
f 122/139/151 115/140/152 114/129/149
f 115/141/152 124/142/153 116/132/154
f 116/132/154 125/143/155 117/133/156
f 117/133/156 126/144/157 118/134/158
f 118/134/158 127/145/159 119/135/160
f 127/146/159 120/137/161 119/136/160
f 128/147/162 113/128/150 120/137/161
s 0
f 129/148/163 122/139/163 121/138/163
f 130/149/164 123/150/164 122/139/164
f 123/151/165 132/152/165 124/142/165
f 124/142/166 133/153/166 125/143/166
f 125/143/167 134/154/167 126/144/167
f 126/144/168 135/155/168 127/145/168
f 135/156/169 128/147/169 127/146/169
f 136/157/170 121/138/170 128/147/170
s 1
f 137/158/171 130/149/172 129/148/173
f 138/159/174 131/160/175 130/149/172
f 131/161/175 140/162/176 132/152/177
f 132/152/177 141/163/178 133/153/179
f 133/153/179 142/164/180 134/154/181
f 134/154/181 143/165/182 135/155/183
f 143/166/182 136/157/184 135/156/183
f 144/167/185 129/148/173 136/157/184
s 0
f 145/168/186 138/159/186 137/158/186
f 146/169/187 139/170/187 138/159/187
f 139/171/188 148/172/188 140/162/188
f 140/162/189 149/173/189 141/163/189
f 141/163/190 150/174/190 142/164/190
f 142/164/191 151/175/191 143/165/191
f 143/166/192 152/176/192 144/167/192
f 152/176/193 137/158/193 144/167/193
s 1
f 153/177/194 146/169/195 145/168/196
f 154/178/197 147/179/198 146/169/195
f 147/180/198 156/181/199 148/172/200
f 148/172/200 157/182/201 149/173/202
f 149/173/202 158/183/203 150/174/204
f 150/174/204 159/184/205 151/175/206
f 159/185/205 152/176/207 151/186/206
f 160/187/208 145/168/196 152/176/207
s 0
f 161/188/209 154/178/209 153/177/209
f 162/189/210 155/190/210 154/178/210
f 163/191/211 156/181/211 155/192/211
f 156/181/212 165/193/212 157/182/212
f 157/182/213 166/194/213 158/183/213
f 158/183/214 167/195/214 159/184/214
f 159/185/215 168/196/215 160/187/215
f 168/196/216 153/177/216 160/187/216
s 1
f 169/197/217 162/189/218 161/188/219
f 170/198/220 163/191/221 162/199/218
f 163/191/221 172/200/222 164/201/223
f 164/201/223 173/202/224 165/193/225
f 165/193/225 174/203/226 166/194/227
f 166/194/227 175/204/228 167/195/229
f 175/204/228 168/205/230 167/195/229
f 176/206/231 161/188/219 168/196/230
s 0
f 177/207/232 170/208/232 169/197/232
f 178/209/233 171/210/233 170/198/233
f 179/211/234 172/200/234 171/210/234
f 172/200/235 181/212/235 173/202/235
f 173/202/236 182/213/236 174/203/236
f 174/203/237 183/214/237 175/204/237
f 175/204/238 184/215/238 176/216/238
f 184/217/239 169/197/239 176/206/239
s 1
f 185/218/240 178/219/241 177/207/242
f 186/220/243 179/211/244 178/209/241
f 179/211/244 188/221/245 180/222/246
f 180/222/246 189/223/247 181/212/248
f 181/212/248 190/224/249 182/213/250
f 182/213/250 191/225/251 183/214/252
f 191/225/251 184/215/253 183/214/252
f 192/226/254 177/207/242 184/217/253
s 0
f 193/227/255 186/228/255 185/218/255
f 194/229/256 187/230/256 186/220/256
f 195/231/257 188/221/257 187/230/257
f 188/221/258 197/232/258 189/223/258
f 189/223/259 198/233/259 190/224/259
f 190/224/260 199/234/260 191/225/260
f 191/225/261 200/235/261 192/236/261
f 200/237/262 185/218/262 192/226/262
s 1
f 201/238/263 194/239/264 193/227/265
f 202/240/266 195/231/267 194/229/264
f 195/231/267 204/241/268 196/242/269
f 196/242/269 205/243/270 197/232/271
f 197/232/271 206/244/272 198/233/273
f 198/233/273 207/245/274 199/234/275
f 199/234/275 208/246/276 200/235/277
f 208/247/276 193/227/265 200/237/277
s 0
f 209/248/278 202/249/278 201/238/278
f 210/250/279 203/251/279 202/240/279
f 203/251/280 212/252/280 204/241/280
f 204/241/281 213/253/281 205/243/281
f 205/243/282 214/254/282 206/244/282
f 206/244/283 215/255/283 207/245/283
f 207/245/284 216/256/284 208/246/284
f 216/257/285 201/238/285 208/247/285
s 1
f 217/258/286 210/259/287 209/248/288
f 218/260/289 211/261/290 210/250/287
f 211/261/290 220/262/291 212/252/292
f 212/252/292 221/263/293 213/253/294
f 213/253/294 222/264/295 214/254/296
f 214/254/296 223/265/297 215/255/298
f 215/255/298 224/266/299 216/256/300
f 224/267/299 209/248/288 216/257/300
s 0
f 225/268/301 218/269/301 217/258/301
f 226/270/302 219/271/302 218/260/302
f 219/271/303 228/272/303 220/262/303
f 220/262/304 229/273/304 221/263/304
f 221/263/305 230/274/305 222/264/305
f 222/264/306 231/275/306 223/265/306
f 231/275/307 224/266/307 223/265/307
f 232/276/308 217/258/308 224/267/308
f 8/277/309 2/278/309 5/10/309
f 228/272/310 227/279/310 226/270/310
s 1
f 9/1/1 10/4/4 2/2/2
f 10/4/4 11/19/18 3/5/5
f 3/6/5 11/20/18 12/7/6
f 4/8/7 12/7/6 13/9/8
f 5/10/9 13/9/8 14/11/10
f 6/12/11 14/11/10 15/13/12
f 15/13/12 16/16/15 8/15/14
f 16/16/15 9/1/1 1/3/3
f 17/17/16 18/18/17 10/4/4
f 18/18/17 19/28/26 11/19/18
f 11/20/18 19/29/26 20/21/19
f 12/7/6 20/21/19 21/22/20
f 13/9/8 21/22/20 22/23/21
f 14/11/10 22/23/21 23/24/22
f 23/24/22 24/25/23 16/16/15
f 24/25/23 17/17/16 9/1/1
f 25/26/24 26/27/25 18/18/17
f 26/27/25 27/37/34 19/28/26
f 19/29/26 27/38/34 28/30/27
f 20/21/19 28/30/27 29/31/28
f 21/22/20 29/31/28 30/32/29
f 22/23/21 30/32/29 31/33/30
f 31/33/30 32/34/31 24/25/23
f 32/34/31 25/26/24 17/17/16
f 33/35/32 34/36/33 26/27/25
f 34/36/33 35/46/42 27/37/34
f 27/38/34 35/47/42 36/39/35
f 28/30/27 36/39/35 37/40/36
f 29/31/28 37/40/36 38/41/37
f 30/32/29 38/41/37 39/42/38
f 39/42/38 40/43/39 32/34/31
f 40/43/39 33/35/32 25/26/24
f 41/44/40 42/45/41 34/36/33
f 42/45/41 43/55/311 35/46/42
f 35/47/42 43/56/311 44/48/43
f 36/39/35 44/48/43 45/49/44
f 37/40/36 45/49/44 46/50/45
f 38/41/37 46/50/45 47/51/46
f 47/51/46 48/52/47 40/43/39
f 48/52/47 41/44/40 33/35/32
s 0
f 49/53/312 50/54/312 42/45/312
f 50/54/313 51/64/313 43/55/313
f 43/56/314 51/65/314 52/57/314
f 44/48/315 52/57/315 53/58/315
f 45/49/316 53/58/316 54/59/316
f 46/50/317 54/59/317 55/60/317
f 55/60/318 56/61/318 48/52/318
f 56/61/319 49/53/319 41/44/319
s 1
f 57/62/56 58/63/59 50/54/57
f 58/63/59 59/73/320 51/64/60
f 51/65/60 59/74/320 60/66/61
f 52/57/62 60/66/61 61/67/63
f 53/58/64 61/67/63 62/68/65
f 54/59/66 62/68/65 63/69/67
f 63/69/67 64/70/70 56/61/69
f 64/70/70 57/62/56 49/53/58
s 0
f 65/71/321 66/72/321 58/63/321
f 66/72/322 67/82/322 59/73/322
f 59/74/323 67/83/323 68/75/323
f 60/66/324 68/75/324 69/76/324
f 61/67/325 69/76/325 70/77/325
f 62/68/326 70/77/326 71/78/326
f 71/78/327 72/79/327 64/70/327
f 72/79/328 65/71/328 57/62/328
s 1
f 73/80/79 74/81/82 66/72/80
f 74/81/82 75/91/329 67/82/83
f 67/83/83 75/92/329 76/84/84
f 68/75/85 76/84/84 77/85/86
f 69/76/87 77/85/86 78/86/88
f 70/77/89 78/86/88 79/87/90
f 79/87/90 80/88/93 72/79/92
f 80/88/93 73/80/79 65/71/81
s 0
f 81/89/330 82/90/330 74/81/330
f 82/90/331 83/100/331 75/91/331
f 75/92/332 83/101/332 84/93/332
f 76/84/333 84/93/333 85/94/333
f 77/85/334 85/94/334 86/95/334
f 78/86/335 86/95/335 87/96/335
f 87/96/336 88/97/336 80/88/336
f 88/97/337 81/89/337 73/80/337
s 1
f 89/98/102 90/99/105 82/90/103
f 90/99/105 91/109/338 83/100/106
f 83/101/106 91/110/338 92/102/107
f 84/93/108 92/102/107 93/103/109
f 85/94/110 93/103/109 94/104/111
f 86/95/112 94/104/111 95/105/113
f 95/105/113 96/106/116 88/97/115
f 96/106/116 89/98/102 81/89/104
s 0
f 97/107/339 98/108/339 90/99/339
f 98/108/340 99/120/340 91/109/340
f 91/110/341 99/121/341 100/111/341
f 92/102/342 100/111/342 101/112/342
f 93/103/343 101/112/343 102/113/343
f 94/104/344 102/113/344 103/114/344
f 103/116/345 104/117/345 96/106/345
f 104/117/346 97/107/346 89/98/346
s 1
f 105/118/125 106/119/128 98/108/126
f 106/119/128 107/130/347 99/120/129
f 99/121/129 107/131/347 108/122/130
f 100/111/131 108/122/130 109/123/132
f 101/112/133 109/123/132 110/124/134
f 102/113/135 110/124/134 111/125/136
f 111/126/136 112/127/139 104/117/138
f 112/127/139 105/118/125 97/107/127
s 0
f 113/128/348 114/129/348 106/119/348
f 114/129/349 115/140/349 107/130/349
f 107/131/350 115/141/350 116/132/350
f 108/122/351 116/132/351 117/133/351
f 109/123/352 117/133/352 118/134/352
f 110/124/353 118/134/353 119/135/353
f 119/136/354 120/137/354 112/127/354
f 120/137/355 113/128/355 105/118/355
s 1
f 121/138/148 122/139/151 114/129/149
f 122/139/151 123/150/356 115/140/152
f 115/141/152 123/151/356 124/142/153
f 116/132/154 124/142/153 125/143/155
f 117/133/156 125/143/155 126/144/157
f 118/134/158 126/144/157 127/145/159
f 127/146/159 128/147/162 120/137/161
f 128/147/162 121/138/148 113/128/150
s 0
f 129/148/357 130/149/357 122/139/357
f 130/149/358 131/160/358 123/150/358
f 123/151/359 131/161/359 132/152/359
f 124/142/360 132/152/360 133/153/360
f 125/143/361 133/153/361 134/154/361
f 126/144/362 134/154/362 135/155/362
f 135/156/363 136/157/363 128/147/363
f 136/157/364 129/148/364 121/138/364
s 1
f 137/158/171 138/159/174 130/149/172
f 138/159/174 139/170/365 131/160/175
f 131/161/175 139/171/365 140/162/176
f 132/152/177 140/162/176 141/163/178
f 133/153/179 141/163/178 142/164/180
f 134/154/181 142/164/180 143/165/182
f 143/166/182 144/167/185 136/157/184
f 144/167/185 137/158/171 129/148/173
s 0
f 145/168/366 146/169/366 138/159/366
f 146/169/367 147/179/367 139/170/367
f 139/171/368 147/180/368 148/172/368
f 140/162/369 148/172/369 149/173/369
f 141/163/370 149/173/370 150/174/370
f 142/164/371 150/174/371 151/175/371
f 143/166/372 151/186/372 152/176/372
f 152/176/373 145/168/373 137/158/373
s 1
f 153/177/194 154/178/197 146/169/195
f 154/178/197 155/190/374 147/179/198
f 147/180/198 155/192/374 156/181/199
f 148/172/200 156/181/199 157/182/201
f 149/173/202 157/182/201 158/183/203
f 150/174/204 158/183/203 159/184/205
f 159/185/205 160/187/208 152/176/207
f 160/187/208 153/177/194 145/168/196
s 0
f 161/188/375 162/189/375 154/178/375
f 162/199/376 163/191/376 155/192/376
f 163/191/377 164/201/377 156/181/377
f 156/181/378 164/201/378 165/193/378
f 157/182/379 165/193/379 166/194/379
f 158/183/380 166/194/380 167/195/380
f 159/184/381 167/195/381 168/205/381
f 168/196/382 161/188/382 153/177/382
s 1
f 169/197/217 170/208/220 162/189/218
f 170/198/220 171/210/383 163/191/221
f 163/191/221 171/210/383 172/200/222
f 164/201/223 172/200/222 173/202/224
f 165/193/225 173/202/224 174/203/226
f 166/194/227 174/203/226 175/204/228
f 175/204/228 176/216/231 168/205/230
f 176/206/231 169/197/217 161/188/219
s 0
f 177/207/384 178/219/384 170/208/384
f 178/209/385 179/211/385 171/210/385
f 179/211/386 180/222/386 172/200/386
f 172/200/387 180/222/387 181/212/387
f 173/202/388 181/212/388 182/213/388
f 174/203/389 182/213/389 183/214/389
f 175/204/390 183/214/390 184/215/390
f 184/217/391 177/207/391 169/197/391
s 1
f 185/218/240 186/228/243 178/219/241
f 186/220/243 187/230/392 179/211/244
f 179/211/244 187/230/392 188/221/245
f 180/222/246 188/221/245 189/223/247
f 181/212/248 189/223/247 190/224/249
f 182/213/250 190/224/249 191/225/251
f 191/225/251 192/236/254 184/215/253
f 192/226/254 185/218/240 177/207/242
s 0
f 193/227/393 194/239/393 186/228/393
f 194/229/394 195/231/394 187/230/394
f 195/231/395 196/242/395 188/221/395
f 188/221/396 196/242/396 197/232/396
f 189/223/397 197/232/397 198/233/397
f 190/224/398 198/233/398 199/234/398
f 191/225/399 199/234/399 200/235/399
f 200/237/400 193/227/400 185/218/400
s 1
f 201/238/263 202/249/266 194/239/264
f 202/240/266 203/251/401 195/231/267
f 195/231/267 203/251/401 204/241/268
f 196/242/269 204/241/268 205/243/270
f 197/232/271 205/243/270 206/244/272
f 198/233/273 206/244/272 207/245/274
f 199/234/275 207/245/274 208/246/276
f 208/247/276 201/238/263 193/227/265
s 0
f 209/248/402 210/259/402 202/249/402
f 210/250/403 211/261/403 203/251/403
f 203/251/404 211/261/404 212/252/404
f 204/241/405 212/252/405 213/253/405
f 205/243/406 213/253/406 214/254/406
f 206/244/407 214/254/407 215/255/407
f 207/245/408 215/255/408 216/256/408
f 216/257/409 209/248/409 201/238/409
s 1
f 217/258/286 218/269/289 210/259/287
f 218/260/289 219/271/410 211/261/290
f 211/261/290 219/271/410 220/262/291
f 212/252/292 220/262/291 221/263/293
f 213/253/294 221/263/293 222/264/295
f 214/254/296 222/264/295 223/265/297
f 215/255/298 223/265/297 224/266/299
f 224/267/299 217/258/286 209/248/288
s 0
f 225/268/411 226/280/411 218/269/411
f 226/270/412 227/279/412 219/271/412
f 219/271/413 227/279/413 228/272/413
f 220/262/414 228/272/414 229/273/414
f 221/263/415 229/273/415 230/274/415
f 222/264/416 230/274/416 231/275/416
f 231/275/417 232/281/417 224/266/417
f 232/276/418 225/268/418 217/258/418
f 8/15/309 1/3/309 2/2/309
f 2/278/309 3/6/309 5/10/309
f 3/6/309 4/8/309 5/10/309
f 5/10/309 6/12/309 7/14/309
f 8/15/309 5/10/309 7/14/309
f 226/270/310 225/282/310 231/275/310
f 225/282/310 232/281/310 231/275/310
f 231/275/310 230/274/310 229/273/310
f 226/270/310 231/275/310 228/272/310
f 229/273/310 228/272/310 231/275/310
f 234/283/419 236/284/419 233/285/419
f 237/285/420 239/286/420 240/287/420
f 241/285/421 243/288/421 244/289/421
f 246/290/422 248/291/422 245/285/422
f 250/292/423 252/293/423 249/285/423
f 254/294/424 256/295/424 253/285/424
f 257/285/425 259/296/425 260/297/425
f 261/285/426 263/298/426 264/299/426
f 266/300/427 268/301/427 265/285/427
f 234/283/419 235/302/419 236/284/419
f 237/285/420 238/303/420 239/286/420
f 241/285/421 242/304/421 243/288/421
f 246/290/422 247/305/422 248/291/422
f 250/292/423 251/306/423 252/293/423
f 254/294/424 255/307/424 256/295/424
f 257/285/425 258/308/425 259/296/425
f 261/285/426 262/309/426 263/298/426
f 266/300/427 267/310/427 268/301/427
f 270/283/428 269/285/428 272/284/428
f 273/285/429 276/287/429 275/286/429
f 277/285/430 280/289/430 279/288/430
f 282/290/431 281/285/431 284/291/431
f 286/292/432 285/285/432 288/293/432
f 290/294/433 289/285/433 292/295/433
f 293/285/434 296/297/434 295/296/434
f 297/285/435 300/299/435 299/298/435
f 302/300/436 301/285/436 304/301/436
f 270/283/428 272/284/428 271/302/428
f 273/285/429 275/286/429 274/303/429
f 277/285/430 279/288/430 278/304/430
f 282/290/431 284/291/431 283/305/431
f 286/292/432 288/293/432 287/306/432
f 290/294/433 292/295/433 291/307/433
f 293/285/434 295/296/434 294/308/434
f 297/285/435 299/298/435 298/309/435
f 302/300/436 304/301/436 303/310/436
f 305/311/437 307/312/437 308/313/437
f 309/313/438 311/314/438 312/315/438
f 313/315/439 315/316/439 316/317/439
f 317/317/440 319/318/440 320/319/440
f 321/319/441 323/320/441 324/321/441
f 325/321/442 327/322/442 328/323/442
f 329/323/443 331/324/443 332/325/443
f 334/326/444 336/327/444 333/328/444
f 338/326/445 340/329/445 337/328/445
f 342/326/446 344/330/446 341/328/446
f 346/326/447 348/331/447 345/328/447
f 350/326/448 352/332/448 349/328/448
f 354/326/449 356/333/449 353/328/449
f 358/326/450 360/334/450 357/328/450
f 362/326/451 364/335/451 361/328/451
f 366/326/452 368/336/452 365/328/452
f 370/337/453 372/338/453 369/336/453
f 374/326/454 376/339/454 373/328/454
f 378/340/455 380/341/455 377/339/455
f 382/326/456 384/342/456 381/328/456
f 386/343/457 388/344/457 385/342/457
f 390/326/458 392/345/458 389/328/458
f 394/346/459 396/347/459 393/345/459
f 398/326/460 400/348/460 397/328/460
f 402/349/461 404/350/461 401/348/461
f 406/326/462 408/351/462 405/328/462
f 410/326/463 412/352/463 409/328/463
f 414/353/464 416/354/464 413/352/464
f 418/326/465 420/355/465 417/328/465
f 422/356/466 424/357/466 421/355/466
f 426/326/467 428/358/467 425/328/467
f 430/359/468 432/360/468 429/358/468
f 434/326/469 436/361/469 433/328/469
f 438/362/470 440/363/470 437/361/470
f 442/326/471 444/364/471 441/328/471
f 446/365/472 448/366/472 445/364/472
f 450/326/473 452/367/473 449/328/473
f 454/326/474 456/368/474 453/328/474
f 458/326/475 460/369/475 457/328/475
f 462/326/476 464/370/476 461/328/476
f 466/326/477 468/371/477 465/328/477
f 470/326/478 472/372/478 469/328/478
f 474/326/479 476/373/479 473/328/479
f 478/326/480 480/374/480 477/328/480
f 482/326/481 484/375/481 481/328/481
f 305/311/482 306/376/482 307/312/482
f 309/313/483 310/312/483 311/314/483
f 313/315/484 314/314/484 315/316/484
f 317/317/485 318/316/485 319/318/485
f 321/319/486 322/318/486 323/320/486
f 325/321/487 326/320/487 327/322/487
f 329/323/488 330/322/488 331/324/488
f 334/326/444 335/377/444 336/327/444
f 338/326/445 339/378/445 340/329/445
f 342/326/446 343/379/446 344/330/446
f 346/326/447 347/380/447 348/331/447
f 350/326/448 351/381/448 352/332/448
f 354/326/489 355/382/489 356/333/489
f 358/326/490 359/383/490 360/334/490
f 362/326/451 363/384/451 364/335/451
f 366/326/452 367/337/452 368/336/452
f 370/337/491 371/385/491 372/338/491
f 374/326/454 375/340/454 376/339/454
f 378/340/455 379/386/455 380/341/455
f 382/326/456 383/343/456 384/342/456
f 386/343/457 387/387/457 388/344/457
f 390/326/458 391/346/458 392/345/458
f 394/346/459 395/388/459 396/347/459
f 398/326/460 399/349/460 400/348/460
f 402/349/461 403/389/461 404/350/461
f 406/326/492 407/390/492 408/351/492
f 410/326/463 411/353/463 412/352/463
f 414/353/493 415/391/493 416/354/493
f 418/326/494 419/356/494 420/355/494
f 422/356/495 423/392/495 424/357/495
f 426/326/496 427/359/496 428/358/496
f 430/359/468 431/393/468 432/360/468
f 434/326/469 435/362/469 436/361/469
f 438/362/497 439/394/497 440/363/497
f 442/326/471 443/365/471 444/364/471
f 446/365/498 447/395/498 448/366/498
f 450/326/473 451/396/473 452/367/473
f 454/326/474 455/397/474 456/368/474
f 458/326/475 459/398/475 460/369/475
f 462/326/476 463/399/476 464/370/476
f 466/326/477 467/400/477 468/371/477
f 470/326/478 471/401/478 472/372/478
f 474/326/479 475/402/479 476/373/479
f 478/326/480 479/403/480 480/374/480
f 482/326/481 483/404/481 484/375/481
f 485/311/499 488/313/499 487/312/499
f 489/313/500 492/315/500 491/314/500
f 493/315/501 496/317/501 495/316/501
f 497/317/502 500/319/502 499/318/502
f 501/319/503 504/321/503 503/320/503
f 505/321/504 508/323/504 507/322/504
f 509/323/505 512/325/505 511/324/505
f 514/326/506 513/328/506 516/327/506
f 518/326/507 517/328/507 520/329/507
f 522/326/508 521/328/508 524/330/508
f 526/326/509 525/328/509 528/331/509
f 530/326/510 529/328/510 532/332/510
f 534/326/511 533/328/511 536/333/511
f 538/326/512 537/328/512 540/334/512
f 542/326/513 541/328/513 544/335/513
f 546/326/514 545/328/514 548/336/514
f 550/337/515 549/336/515 552/338/515
f 554/326/516 553/328/516 556/339/516
f 558/340/517 557/339/517 560/341/517
f 562/326/518 561/328/518 564/342/518
f 566/343/519 565/342/519 568/344/519
f 570/326/520 569/328/520 572/345/520
f 574/346/521 573/345/521 576/347/521
f 578/326/522 577/328/522 580/348/522
f 582/349/523 581/348/523 584/350/523
f 586/326/524 585/328/524 588/351/524
f 590/326/525 589/328/525 592/352/525
f 594/353/526 593/352/526 596/354/526
f 598/326/527 597/328/527 600/355/527
f 602/356/528 601/355/528 604/357/528
f 606/326/529 605/328/529 608/358/529
f 610/359/530 609/358/530 612/360/530
f 614/326/531 613/328/531 616/361/531
f 618/362/532 617/361/532 620/363/532
f 622/326/533 621/328/533 624/364/533
f 626/365/534 625/364/534 628/366/534
f 630/326/535 629/328/535 632/367/535
f 634/326/536 633/328/536 636/368/536
f 638/326/537 637/328/537 640/369/537
f 642/326/538 641/328/538 644/370/538
f 646/326/539 645/328/539 648/371/539
f 650/326/540 649/328/540 652/372/540
f 654/326/541 653/328/541 656/373/541
f 658/326/542 657/328/542 660/374/542
f 662/326/543 661/328/543 664/375/543
f 485/311/544 487/312/544 486/376/544
f 489/313/545 491/314/545 490/312/545
f 493/315/546 495/316/546 494/314/546
f 497/317/547 499/318/547 498/316/547
f 501/319/548 503/320/548 502/318/548
f 505/321/549 507/322/549 506/320/549
f 509/323/550 511/324/550 510/322/550
f 514/326/506 516/327/506 515/377/506
f 518/326/507 520/329/507 519/378/507
f 522/326/508 524/330/508 523/379/508
f 526/326/509 528/331/509 527/380/509
f 530/326/510 532/332/510 531/381/510
f 534/326/551 536/333/551 535/382/551
f 538/326/552 540/334/552 539/383/552
f 542/326/513 544/335/513 543/384/513
f 546/326/514 548/336/514 547/337/514
f 550/337/553 552/338/553 551/385/553
f 554/326/516 556/339/516 555/340/516
f 558/340/517 560/341/517 559/386/517
f 562/326/518 564/342/518 563/343/518
f 566/343/519 568/344/519 567/387/519
f 570/326/520 572/345/520 571/346/520
f 574/346/521 576/347/521 575/388/521
f 578/326/522 580/348/522 579/349/522
f 582/349/523 584/350/523 583/389/523
f 586/326/554 588/351/554 587/390/554
f 590/326/525 592/352/525 591/353/525
f 594/353/555 596/354/555 595/391/555
f 598/326/556 600/355/556 599/356/556
f 602/356/557 604/357/557 603/392/557
f 606/326/558 608/358/558 607/359/558
f 610/359/530 612/360/530 611/393/530
f 614/326/531 616/361/531 615/362/531
f 618/362/559 620/363/559 619/394/559
f 622/326/533 624/364/533 623/365/533
f 626/365/560 628/366/560 627/395/560
f 630/326/535 632/367/535 631/396/535
f 634/326/536 636/368/536 635/397/536
f 638/326/537 640/369/537 639/398/537
f 642/326/538 644/370/538 643/399/538
f 646/326/539 648/371/539 647/400/539
f 650/326/540 652/372/540 651/401/540
f 654/326/541 656/373/541 655/402/541
f 658/326/542 660/374/542 659/403/542
f 662/326/543 664/375/543 663/404/543
o palm_h_crown
usemtl palm_h_crown
v -0.079193 3.395952 0.509646
v 0.052452 3.403263 0.493309
v 0.056516 3.664007 0.679097
v -0.065255 3.657109 0.695299
v -0.065255 3.657109 0.695299
v 0.056516 3.664007 0.679097
v 0.065889 3.909072 0.884362
v -0.045108 3.902534 0.901157
v -0.045108 3.902534 0.901157
v 0.065889 3.909072 0.884362
v 0.083711 4.131058 1.113474
v -0.015430 4.124911 1.130957
v -0.015430 4.124911 1.130957
v 0.083711 4.131058 1.113474
v 0.112842 4.323217 1.366778
v 0.026984 4.317564 1.384578
v 0.026984 4.317564 1.384578
v 0.112842 4.323217 1.366778
v 0.155814 4.478997 1.641983
v 0.085332 4.474038 1.659170
v 0.085332 4.474038 1.659170
v 0.155814 4.478997 1.641983
v 0.214192 4.592198 1.934664
v 0.162892 4.588323 1.949328
v 0.162892 4.588323 1.949328
v 0.214192 4.592198 1.934664
v 0.281125 4.656712 2.241018
v 0.269702 4.655782 2.244827
v -0.040568 3.729996 0.750827
v -0.035658 3.773818 0.782044
v -0.237444 3.875641 0.780850
v -0.238327 3.867753 0.775231
v 0.042623 3.736424 0.743348
v 0.034711 3.776200 0.768182
v 0.098094 3.825548 0.726457
v 0.099518 3.818388 0.721987
v -0.033104 3.800871 0.803036
v -0.035565 3.829075 0.835673
v -0.309076 3.988349 0.879437
v -0.308633 3.983272 0.873563
v 0.040223 3.802246 0.792210
v 0.044564 3.836594 0.824452
v 0.136546 3.887558 0.814158
v 0.135765 3.881376 0.808354
v -0.026246 3.861417 0.853945
v -0.033823 3.891946 0.893725
v -0.423790 4.199143 0.887914
v -0.422426 4.193648 0.880754
v 0.044865 3.863678 0.845995
v 0.048402 3.898669 0.878851
v 0.420480 4.166790 0.853294
v 0.419843 4.160491 0.847380
v -0.027391 3.918506 0.914147
v -0.022885 3.955212 0.945800
v -0.490817 4.201498 1.131481
v -0.491628 4.194891 1.125784
v 0.055340 3.981360 0.956762
v 0.058462 4.018777 0.994073
v 0.531263 4.350426 1.003461
v 0.530701 4.343691 0.996745
v -0.015801 4.035558 1.029982
v -0.011094 4.069275 1.064100
v -0.160537 4.190077 1.087008
v -0.164679 4.160406 1.056984
v -0.164679 4.160406 1.056984
v -0.160537 4.190077 1.087008
v -0.277868 4.189633 1.188207
v -0.278621 4.184238 1.182749
v -0.011736 4.090805 1.096202
v -0.001364 4.124331 1.119781
v -0.196991 4.339613 1.121333
v -0.206118 4.310111 1.100584
v -0.206118 4.310111 1.100584
v -0.196991 4.339613 1.121333
v -0.389248 4.393875 1.273465
v -0.390907 4.388511 1.269692
v 0.069057 4.096720 1.078231
v 0.070551 4.127838 1.111192
v 0.261981 4.406916 1.056924
v 0.260666 4.379531 1.027918
v 0.260666 4.379531 1.027918
v 0.261981 4.406916 1.056924
v 0.527370 4.456339 1.198914
v 0.527131 4.451360 1.193641
v -0.002264 4.144819 1.155342
v 0.004604 4.176561 1.185946
v -0.175970 4.251542 1.310790
v -0.177206 4.245829 1.305281
v 0.071733 4.152131 1.137087
v 0.083115 4.178796 1.176564
v 0.230923 4.401922 1.145340
v 0.220907 4.378457 1.110600
v 0.220907 4.378457 1.110600
v 0.230923 4.401922 1.145340
v 0.504063 4.494371 1.277201
v 0.502242 4.490104 1.270884
v 0.008239 4.197170 1.211176
v 0.011177 4.226435 1.258543
v -0.163944 4.421224 1.337395
v -0.166529 4.395471 1.295712
v -0.166529 4.395471 1.295712
v -0.163944 4.421224 1.337395
v -0.318613 4.435426 1.549896
v -0.319083 4.430744 1.542317
v 0.088833 4.200159 1.205443
v 0.082875 4.233123 1.235511
v 0.204539 4.442183 1.218379
v 0.209782 4.413176 1.191919
v 0.209782 4.413176 1.191919
v 0.204539 4.442183 1.218379
v 0.461096 4.490541 1.389663
v 0.462050 4.485268 1.384852
v 0.028076 4.296395 1.344853
v 0.030787 4.318767 1.390816
v -0.159754 4.535145 1.503868
v -0.162140 4.515458 1.463421
v -0.162140 4.515458 1.463421
v -0.159754 4.535145 1.503868
v -0.346900 4.512150 1.819224
v -0.347333 4.508571 1.811870
v 0.109001 4.349046 1.401746
v 0.124078 4.364793 1.438995
v 0.274646 4.570878 1.462289
v 0.261379 4.557021 1.429509
v 0.261379 4.557021 1.429509
v 0.274646 4.570878 1.462289
v 0.450218 4.536761 1.598836
v 0.447806 4.534242 1.592876
v 0.048078 4.379651 1.491886
v 0.058205 4.407742 1.521549
v -0.134005 4.642163 1.697243
v -0.142916 4.617443 1.671139
v -0.142916 4.617443 1.671139
v -0.134005 4.642163 1.697243
v -0.241007 4.565966 1.958197
v -0.242628 4.561472 1.953450
v 0.129068 4.384418 1.472397
v 0.128439 4.413228 1.507275
v 0.286300 4.494801 1.595840
v 0.286413 4.489615 1.589563
v 0.064552 4.425891 1.556348
v 0.068559 4.440077 1.599903
v -0.049865 4.589562 1.756779
v -0.053391 4.577078 1.718452
v -0.053391 4.577078 1.718452
v -0.049865 4.589562 1.756779
v -0.124247 4.547497 1.961730
v -0.124888 4.545227 1.954761
v 0.137826 4.427204 1.539321
v 0.146187 4.449173 1.581806
v 0.356557 4.663712 1.657026
v 0.349200 4.644379 1.619639
v 0.349200 4.644379 1.619639
v 0.356557 4.663712 1.657026
v 0.583695 4.582238 1.834669
v 0.582357 4.578723 1.827871
v 0.075764 4.456307 1.633350
v 0.086351 4.482962 1.668121
v -0.066975 4.629326 1.820596
v -0.076292 4.605870 1.789997
v -0.076292 4.605870 1.789997
v -0.066975 4.629326 1.820596
v -0.205044 4.545369 2.094669
v -0.206738 4.541104 2.089105
v 0.148493 4.470520 1.613202
v 0.164181 4.479318 1.651742
v 0.397125 4.548627 1.792326
v 0.394301 4.547043 1.785389
v 0.091004 4.490963 1.704907
v 0.102495 4.515827 1.744115
v -0.007270 4.639408 1.897261
v -0.017382 4.617527 1.862757
v -0.017382 4.617527 1.862757
v -0.007270 4.639408 1.897261
v -0.063673 4.524153 2.087568
v -0.065512 4.520174 2.081295
v 0.109208 4.527769 1.775483
v 0.118054 4.540734 1.823125
v 0.027225 4.541997 1.969270
v 0.025633 4.539664 1.960694
v 0.123679 4.547845 1.852938
v 0.139731 4.576513 1.897026
v -0.047587 4.647320 2.290034
v -0.050477 4.642160 2.282098
v 0.199933 4.561601 1.832385
v 0.212847 4.573828 1.876598
v 0.526320 4.654693 2.064220
v 0.523996 4.652493 2.056262
v 0.164590 4.602074 2.004263
v 0.178558 4.615490 2.052809
v 0.084583 4.564908 2.311238
v 0.082069 4.562493 2.302499
v 0.239122 4.609919 1.984816
v 0.252468 4.619070 2.028120
v 0.433840 4.616454 2.176645
v 0.431438 4.614806 2.168850
v 0.185713 4.621504 2.080168
v 0.201194 4.632834 2.132148
v 0.157236 4.600041 2.343701
v 0.154449 4.598001 2.334344
v 0.262392 4.623358 2.058787
v 0.272448 4.642587 2.107761
v 0.458895 4.631674 2.259262
v 0.457085 4.628213 2.250447
v 0.283999 4.644343 2.139224
v 0.296588 4.652050 2.181603
v 0.379511 4.619282 2.259047
v 0.377245 4.617895 2.251419
v -0.079193 3.395952 0.509646
v 0.052452 3.403263 0.493309
v 0.056516 3.664007 0.679097
v -0.065255 3.657109 0.695299
v -0.065255 3.657109 0.695299
v 0.056516 3.664007 0.679097
v 0.065889 3.909072 0.884362
v -0.045108 3.902534 0.901157
v -0.045108 3.902534 0.901157
v 0.065889 3.909072 0.884362
v 0.083711 4.131058 1.113474
v -0.015430 4.124911 1.130957
v -0.015430 4.124911 1.130957
v 0.083711 4.131058 1.113474
v 0.112842 4.323217 1.366778
v 0.026984 4.317564 1.384578
v 0.026984 4.317564 1.384578
v 0.112842 4.323217 1.366778
v 0.155814 4.478997 1.641983
v 0.085332 4.474038 1.659170
v 0.085332 4.474038 1.659170
v 0.155814 4.478997 1.641983
v 0.214192 4.592198 1.934664
v 0.162892 4.588323 1.949328
v 0.162892 4.588323 1.949328
v 0.214192 4.592198 1.934664
v 0.281125 4.656712 2.241018
v 0.269702 4.655782 2.244827
v -0.040568 3.729996 0.750827
v -0.035658 3.773818 0.782044
v -0.237444 3.875641 0.780850
v -0.238327 3.867753 0.775231
v 0.042623 3.736424 0.743348
v 0.034711 3.776200 0.768182
v 0.098094 3.825548 0.726457
v 0.099518 3.818388 0.721987
v -0.033104 3.800871 0.803036
v -0.035565 3.829075 0.835673
v -0.309076 3.988349 0.879437
v -0.308633 3.983272 0.873563
v 0.040223 3.802246 0.792210
v 0.044564 3.836594 0.824452
v 0.136546 3.887558 0.814158
v 0.135765 3.881376 0.808354
v -0.026246 3.861417 0.853945
v -0.033823 3.891946 0.893725
v -0.423790 4.199143 0.887914
v -0.422426 4.193648 0.880754
v 0.044865 3.863678 0.845995
v 0.048402 3.898669 0.878851
v 0.420480 4.166790 0.853294
v 0.419843 4.160491 0.847380
v -0.027391 3.918506 0.914147
v -0.022885 3.955212 0.945800
v -0.490817 4.201498 1.131481
v -0.491628 4.194891 1.125784
v 0.055340 3.981360 0.956762
v 0.058462 4.018777 0.994073
v 0.531263 4.350426 1.003461
v 0.530701 4.343691 0.996745
v -0.015801 4.035558 1.029982
v -0.011094 4.069275 1.064100
v -0.160537 4.190077 1.087008
v -0.164679 4.160406 1.056984
v -0.164679 4.160406 1.056984
v -0.160537 4.190077 1.087008
v -0.277868 4.189633 1.188207
v -0.278621 4.184238 1.182749
v -0.011736 4.090805 1.096202
v -0.001364 4.124331 1.119781
v -0.196991 4.339613 1.121333
v -0.206118 4.310111 1.100584
v -0.206118 4.310111 1.100584
v -0.196991 4.339613 1.121333
v -0.389248 4.393875 1.273465
v -0.390907 4.388511 1.269692
v 0.069057 4.096720 1.078231
v 0.070551 4.127838 1.111192
v 0.261981 4.406916 1.056924
v 0.260666 4.379531 1.027918
v 0.260666 4.379531 1.027918
v 0.261981 4.406916 1.056924
v 0.527370 4.456339 1.198914
v 0.527131 4.451360 1.193641
v -0.002264 4.144819 1.155342
v 0.004604 4.176561 1.185946
v -0.175970 4.251542 1.310790
v -0.177206 4.245829 1.305281
v 0.071733 4.152131 1.137087
v 0.083115 4.178796 1.176564
v 0.230923 4.401922 1.145340
v 0.220907 4.378457 1.110600
v 0.220907 4.378457 1.110600
v 0.230923 4.401922 1.145340
v 0.504063 4.494371 1.277201
v 0.502242 4.490104 1.270884
v 0.008239 4.197170 1.211176
v 0.011177 4.226435 1.258543
v -0.163944 4.421224 1.337395
v -0.166529 4.395471 1.295712
v -0.166529 4.395471 1.295712
v -0.163944 4.421224 1.337395
v -0.318613 4.435426 1.549896
v -0.319083 4.430744 1.542317
v 0.088833 4.200159 1.205443
v 0.082875 4.233123 1.235511
v 0.204539 4.442183 1.218379
v 0.209782 4.413176 1.191919
v 0.209782 4.413176 1.191919
v 0.204539 4.442183 1.218379
v 0.461096 4.490541 1.389663
v 0.462050 4.485268 1.384852
v 0.028076 4.296395 1.344853
v 0.030787 4.318767 1.390816
v -0.159754 4.535145 1.503868
v -0.162140 4.515458 1.463421
v -0.162140 4.515458 1.463421
v -0.159754 4.535145 1.503868
v -0.346900 4.512150 1.819224
v -0.347333 4.508571 1.811870
v 0.109001 4.349046 1.401746
v 0.124078 4.364793 1.438995
v 0.274646 4.570878 1.462289
v 0.261379 4.557021 1.429509
v 0.261379 4.557021 1.429509
v 0.274646 4.570878 1.462289
v 0.450218 4.536761 1.598836
v 0.447806 4.534242 1.592876
v 0.048078 4.379651 1.491886
v 0.058205 4.407742 1.521549
v -0.134005 4.642163 1.697243
v -0.142916 4.617443 1.671139
v -0.142916 4.617443 1.671139
v -0.134005 4.642163 1.697243
v -0.241007 4.565966 1.958197
v -0.242628 4.561472 1.953450
v 0.129068 4.384418 1.472397
v 0.128439 4.413228 1.507275
v 0.286300 4.494801 1.595840
v 0.286413 4.489615 1.589563
v 0.064552 4.425891 1.556348
v 0.068559 4.440077 1.599903
v -0.049865 4.589562 1.756779
v -0.053391 4.577078 1.718452
v -0.053391 4.577078 1.718452
v -0.049865 4.589562 1.756779
v -0.124247 4.547497 1.961730
v -0.124888 4.545227 1.954761
v 0.137826 4.427204 1.539321
v 0.146187 4.449173 1.581806
v 0.356557 4.663712 1.657026
v 0.349200 4.644379 1.619639
v 0.349200 4.644379 1.619639
v 0.356557 4.663712 1.657026
v 0.583695 4.582238 1.834669
v 0.582357 4.578723 1.827871
v 0.075764 4.456307 1.633350
v 0.086351 4.482962 1.668121
v -0.066975 4.629326 1.820596
v -0.076292 4.605870 1.789997
v -0.076292 4.605870 1.789997
v -0.066975 4.629326 1.820596
v -0.205044 4.545369 2.094669
v -0.206738 4.541104 2.089105
v 0.148493 4.470520 1.613202
v 0.164181 4.479318 1.651742
v 0.397125 4.548627 1.792326
v 0.394301 4.547043 1.785389
v 0.091004 4.490963 1.704907
v 0.102495 4.515827 1.744115
v -0.007270 4.639408 1.897261
v -0.017382 4.617527 1.862757
v -0.017382 4.617527 1.862757
v -0.007270 4.639408 1.897261
v -0.063673 4.524153 2.087568
v -0.065512 4.520174 2.081295
v 0.109208 4.527769 1.775483
v 0.118054 4.540734 1.823125
v 0.027225 4.541997 1.969270
v 0.025633 4.539664 1.960694
v 0.123679 4.547845 1.852938
v 0.139731 4.576513 1.897026
v -0.047587 4.647320 2.290034
v -0.050477 4.642160 2.282098
v 0.199933 4.561601 1.832385
v 0.212847 4.573828 1.876598
v 0.526320 4.654693 2.064220
v 0.523996 4.652493 2.056262
v 0.164590 4.602074 2.004263
v 0.178558 4.615490 2.052809
v 0.084583 4.564908 2.311238
v 0.082069 4.562493 2.302499
v 0.239122 4.609919 1.984816
v 0.252468 4.619070 2.028120
v 0.433840 4.616454 2.176645
v 0.431438 4.614806 2.168850
v 0.185713 4.621504 2.080168
v 0.201194 4.632834 2.132148
v 0.157236 4.600041 2.343701
v 0.154449 4.598001 2.334344
v 0.262392 4.623358 2.058787
v 0.272448 4.642587 2.107761
v 0.458895 4.631674 2.259262
v 0.457085 4.628213 2.250447
v 0.283999 4.644343 2.139224
v 0.296588 4.652050 2.181603
v 0.379511 4.619282 2.259047
v 0.377245 4.617895 2.251419
v 0.162398 3.382010 0.320179
v 0.079586 3.391482 0.216723
v 0.190018 3.682854 0.161059
v 0.267085 3.674134 0.256573
v 0.267085 3.674134 0.256573
v 0.190018 3.682854 0.161059
v 0.318312 3.962912 0.089203
v 0.389440 3.955039 0.175944
v 0.389440 3.955039 0.175944
v 0.318312 3.962912 0.089203
v 0.468532 4.225060 -0.003864
v 0.533168 4.218116 0.073250
v 0.533168 4.218116 0.073250
v 0.468532 4.225060 -0.003864
v 0.641448 4.462397 -0.120639
v 0.698644 4.456475 -0.054202
v 0.698644 4.456475 -0.054202
v 0.641448 4.462397 -0.120639
v 0.835762 4.667614 -0.261870
v 0.883940 4.662837 -0.207614
v 0.883940 4.662837 -0.207614
v 0.835762 4.667614 -0.261870
v 1.048713 4.833289 -0.426313
v 1.084846 4.829879 -0.387013
v 1.084846 4.829879 -0.387013
v 1.048713 4.833289 -0.426313
v 1.281533 4.951875 -0.605246
v 1.289860 4.951131 -0.596529
v 0.293279 3.755593 0.218857
v 0.300373 3.806183 0.207188
v 0.331620 3.823509 0.271072
v 0.330343 3.814402 0.273172
v 0.238962 3.763210 0.154890
v 0.257115 3.809529 0.150853
v 0.140520 3.917534 0.043519
v 0.137253 3.909197 0.044246
v 0.270772 3.837331 0.144058
v 0.289454 3.879760 0.122763
v 0.072410 4.049449 0.051299
v 0.069047 4.041812 0.055133
v 0.302774 3.908327 0.121815
v 0.324390 3.951068 0.103381
v 0.038879 4.298811 -0.165916
v 0.034988 4.291118 -0.162598
v 0.394789 3.974941 0.157271
v 0.400633 4.013582 0.143049
v 0.668793 4.366030 0.588382
v 0.667741 4.359076 0.590942
v 0.336470 3.975605 0.096364
v 0.360567 4.023768 0.084305
v 0.121704 4.289680 -0.240185
v 0.117367 4.281010 -0.238014
v 0.425490 4.038997 0.135490
v 0.442978 4.087105 0.117165
v 0.748792 4.506189 0.561979
v 0.745644 4.497530 0.565278
v 0.413296 4.114890 0.042680
v 0.432096 4.156893 0.040193
v 0.243477 4.387455 -0.092654
v 0.226933 4.350492 -0.090465
v 0.226933 4.350492 -0.090465
v 0.243477 4.387455 -0.092654
v 0.184009 4.484510 -0.393944
v 0.181001 4.477789 -0.393547
v 0.502271 4.179442 0.081285
v 0.521076 4.213589 0.066937
v 0.634594 4.408792 0.273655
v 0.618045 4.378743 0.286281
v 0.618045 4.378743 0.286281
v 0.634594 4.408792 0.273655
v 0.888372 4.430278 0.336041
v 0.885363 4.424814 0.338337
v 0.451448 4.180892 0.016306
v 0.472511 4.222847 0.013084
v 0.327188 4.439088 -0.089332
v 0.308653 4.402167 -0.086497
v 0.308653 4.402167 -0.086497
v 0.327188 4.439088 -0.089332
v 0.319159 4.523447 -0.420421
v 0.315789 4.516734 -0.419905
v 0.540820 4.240378 0.055021
v 0.564561 4.281327 0.036073
v 0.635713 4.443063 0.192593
v 0.614821 4.407028 0.209267
v 0.614821 4.407028 0.209267
v 0.635713 4.443063 0.192593
v 0.896707 4.532450 0.314393
v 0.892908 4.525898 0.317425
v 0.578102 4.310462 0.021804
v 0.612207 4.336544 0.008955
v 0.802526 4.503759 0.136361
v 0.796387 4.499065 0.138674
v 0.533775 4.313219 -0.034820
v 0.556383 4.344386 -0.052620
v 0.422977 4.588275 -0.171590
v 0.403082 4.560849 -0.155926
v 0.403082 4.560849 -0.155926
v 0.422977 4.588275 -0.171590
v 0.413405 4.697789 -0.499123
v 0.409787 4.692803 -0.496275
v 0.667323 4.424619 -0.038427
v 0.701353 4.461931 -0.061253
v 0.799924 4.669516 0.061039
v 0.769978 4.636681 0.081125
v 0.769978 4.636681 0.081125
v 0.799924 4.669516 0.061039
v 1.123701 4.701787 0.062886
v 1.118256 4.695818 0.066538
v 0.621295 4.433671 -0.097239
v 0.646401 4.463358 -0.119944
v 0.578255 4.599403 -0.186290
v 0.556161 4.573279 -0.166309
v 0.556161 4.573279 -0.166309
v 0.578255 4.599403 -0.186290
v 0.576358 4.627986 -0.334205
v 0.572341 4.623236 -0.330572
v 0.717760 4.483840 -0.074587
v 0.744423 4.516157 -0.095488
v 0.918082 4.713262 0.003859
v 0.894617 4.684824 0.022252
v 0.894617 4.684824 0.022252
v 0.918082 4.713262 0.003859
v 1.196620 4.659674 -0.043772
v 1.192354 4.654504 -0.040428
v 0.770787 4.537680 -0.113241
v 0.787538 4.571390 -0.130538
v 0.926356 4.717471 -0.069536
v 0.911615 4.687807 -0.054315
v 0.911615 4.687807 -0.054315
v 0.926356 4.717471 -0.069536
v 1.173868 4.689910 -0.105653
v 1.171188 4.684516 -0.102886
v 0.715117 4.542032 -0.172783
v 0.741336 4.577387 -0.187738
v 0.691356 4.747910 -0.332761
v 0.668283 4.716797 -0.319601
v 0.668283 4.716797 -0.319601
v 0.691356 4.747910 -0.332761
v 0.720881 4.772493 -0.583856
v 0.716686 4.766837 -0.581463
v 0.762603 4.598248 -0.204458
v 0.792046 4.625576 -0.232648
v 0.764246 4.756087 -0.404473
v 0.758946 4.751168 -0.399398
v 0.914592 4.694632 -0.231705
v 0.946931 4.712808 -0.252976
v 1.090624 4.848717 -0.209869
v 1.062166 4.832722 -0.191151
v 1.062166 4.832722 -0.191151
v 1.090624 4.848717 -0.209869
v 1.294025 4.820992 -0.238213
v 1.288851 4.818084 -0.234810
v 0.866297 4.699866 -0.285593
v 0.891910 4.717710 -0.314574
v 0.868252 4.848917 -0.423160
v 0.845713 4.833214 -0.397656
v 0.845713 4.833214 -0.397656
v 0.868252 4.848917 -0.423160
v 0.914165 4.814950 -0.623722
v 0.910067 4.812095 -0.619085
v 0.968219 4.737713 -0.273969
v 0.998919 4.758535 -0.297606
v 1.385238 4.904258 -0.314197
v 1.379712 4.900510 -0.309942
v 1.019186 4.776784 -0.315467
v 1.055510 4.802698 -0.346102
v 1.366156 4.888336 -0.377752
v 1.359617 4.883672 -0.372238
v 0.969945 4.781332 -0.377144
v 1.000406 4.808131 -0.398995
v 1.099806 4.938206 -0.771555
v 1.094323 4.933382 -0.767622
v 1.023902 4.821434 -0.422445
v 1.055249 4.845383 -0.446229
v 1.136371 4.873511 -0.719544
v 1.130728 4.869200 -0.715263
v 1.127239 4.856972 -0.410411
v 1.167768 4.871103 -0.440233
v 1.434119 4.894314 -0.463916
v 1.426823 4.891771 -0.458548
v 1.077967 4.856117 -0.470629
v 1.111620 4.881775 -0.493611
v 1.199603 4.960000 -0.754616
v 1.193546 4.955381 -0.750480
v 1.186574 4.890581 -0.461174
v 1.220832 4.902165 -0.488438
v 1.441369 4.901804 -0.516330
v 1.435202 4.899719 -0.511423
v 1.135054 4.895683 -0.513063
v 1.166376 4.906796 -0.549634
v 1.218342 4.920790 -0.713456
v 1.212704 4.918790 -0.706873
v 0.162398 3.382010 0.320179
v 0.079586 3.391482 0.216723
v 0.190018 3.682854 0.161059
v 0.267085 3.674134 0.256573
v 0.267085 3.674134 0.256573
v 0.190018 3.682854 0.161059
v 0.318312 3.962912 0.089203
v 0.389440 3.955039 0.175944
v 0.389440 3.955039 0.175944
v 0.318312 3.962912 0.089203
v 0.468532 4.225060 -0.003864
v 0.533168 4.218116 0.073250
v 0.533168 4.218116 0.073250
v 0.468532 4.225060 -0.003864
v 0.641448 4.462397 -0.120639
v 0.698644 4.456475 -0.054202
v 0.698644 4.456475 -0.054202
v 0.641448 4.462397 -0.120639
v 0.835762 4.667614 -0.261870
v 0.883940 4.662837 -0.207614
v 0.883940 4.662837 -0.207614
v 0.835762 4.667614 -0.261870
v 1.048713 4.833289 -0.426313
v 1.084846 4.829879 -0.387013
v 1.084846 4.829879 -0.387013
v 1.048713 4.833289 -0.426313
v 1.281533 4.951875 -0.605246
v 1.289860 4.951131 -0.596529
v 0.293279 3.755593 0.218857
v 0.300373 3.806183 0.207188
v 0.331620 3.823509 0.271072
v 0.330343 3.814402 0.273172
v 0.238962 3.763210 0.154890
v 0.257115 3.809529 0.150853
v 0.140520 3.917534 0.043519
v 0.137253 3.909197 0.044246
v 0.270772 3.837331 0.144058
v 0.289454 3.879760 0.122763
v 0.072410 4.049449 0.051299
v 0.069047 4.041812 0.055133
v 0.302774 3.908327 0.121815
v 0.324390 3.951068 0.103381
v 0.038879 4.298811 -0.165916
v 0.034988 4.291118 -0.162598
v 0.394789 3.974941 0.157271
v 0.400633 4.013582 0.143049
v 0.668793 4.366030 0.588382
v 0.667741 4.359076 0.590942
v 0.336470 3.975605 0.096364
v 0.360567 4.023768 0.084305
v 0.121704 4.289680 -0.240185
v 0.117367 4.281010 -0.238014
v 0.425490 4.038997 0.135490
v 0.442978 4.087105 0.117165
v 0.748792 4.506189 0.561979
v 0.745644 4.497530 0.565278
v 0.413296 4.114890 0.042680
v 0.432096 4.156893 0.040193
v 0.243477 4.387455 -0.092654
v 0.226933 4.350492 -0.090465
v 0.226933 4.350492 -0.090465
v 0.243477 4.387455 -0.092654
v 0.184009 4.484510 -0.393944
v 0.181001 4.477789 -0.393547
v 0.502271 4.179442 0.081285
v 0.521076 4.213589 0.066937
v 0.634594 4.408792 0.273655
v 0.618045 4.378743 0.286281
v 0.618045 4.378743 0.286281
v 0.634594 4.408792 0.273655
v 0.888372 4.430278 0.336041
v 0.885363 4.424814 0.338337
v 0.451448 4.180892 0.016306
v 0.472511 4.222847 0.013084
v 0.327188 4.439088 -0.089332
v 0.308653 4.402167 -0.086497
v 0.308653 4.402167 -0.086497
v 0.327188 4.439088 -0.089332
v 0.319159 4.523447 -0.420421
v 0.315789 4.516734 -0.419905
v 0.540820 4.240378 0.055021
v 0.564561 4.281327 0.036073
v 0.635713 4.443063 0.192593
v 0.614821 4.407028 0.209267
v 0.614821 4.407028 0.209267
v 0.635713 4.443063 0.192593
v 0.896707 4.532450 0.314393
v 0.892908 4.525898 0.317425
v 0.578102 4.310462 0.021804
v 0.612207 4.336544 0.008955
v 0.802526 4.503759 0.136361
v 0.796387 4.499065 0.138674
v 0.533775 4.313219 -0.034820
v 0.556383 4.344386 -0.052620
v 0.422977 4.588275 -0.171590
v 0.403082 4.560849 -0.155926
v 0.403082 4.560849 -0.155926
v 0.422977 4.588275 -0.171590
v 0.413405 4.697789 -0.499123
v 0.409787 4.692803 -0.496275
v 0.667323 4.424619 -0.038427
v 0.701353 4.461931 -0.061253
v 0.799924 4.669516 0.061039
v 0.769978 4.636681 0.081125
v 0.769978 4.636681 0.081125
v 0.799924 4.669516 0.061039
v 1.123701 4.701787 0.062886
v 1.118256 4.695818 0.066538
v 0.621295 4.433671 -0.097239
v 0.646401 4.463358 -0.119944
v 0.578255 4.599403 -0.186290
v 0.556161 4.573279 -0.166309
v 0.556161 4.573279 -0.166309
v 0.578255 4.599403 -0.186290
v 0.576358 4.627986 -0.334205
v 0.572341 4.623236 -0.330572
v 0.717760 4.483840 -0.074587
v 0.744423 4.516157 -0.095488
v 0.918082 4.713262 0.003859
v 0.894617 4.684824 0.022252
v 0.894617 4.684824 0.022252
v 0.918082 4.713262 0.003859
v 1.196620 4.659674 -0.043772
v 1.192354 4.654504 -0.040428
v 0.770787 4.537680 -0.113241
v 0.787538 4.571390 -0.130538
v 0.926356 4.717471 -0.069536
v 0.911615 4.687807 -0.054315
v 0.911615 4.687807 -0.054315
v 0.926356 4.717471 -0.069536
v 1.173868 4.689910 -0.105653
v 1.171188 4.684516 -0.102886
v 0.715117 4.542032 -0.172783
v 0.741336 4.577387 -0.187738
v 0.691356 4.747910 -0.332761
v 0.668283 4.716797 -0.319601
v 0.668283 4.716797 -0.319601
v 0.691356 4.747910 -0.332761
v 0.720881 4.772493 -0.583856
v 0.716686 4.766837 -0.581463
v 0.762603 4.598248 -0.204458
v 0.792046 4.625576 -0.232648
v 0.764246 4.756087 -0.404473
v 0.758946 4.751168 -0.399398
v 0.914592 4.694632 -0.231705
v 0.946931 4.712808 -0.252976
v 1.090624 4.848717 -0.209869
v 1.062166 4.832722 -0.191151
v 1.062166 4.832722 -0.191151
v 1.090624 4.848717 -0.209869
v 1.294025 4.820992 -0.238213
v 1.288851 4.818084 -0.234810
v 0.866297 4.699866 -0.285593
v 0.891910 4.717710 -0.314574
v 0.868252 4.848917 -0.423160
v 0.845713 4.833214 -0.397656
v 0.845713 4.833214 -0.397656
v 0.868252 4.848917 -0.423160
v 0.914165 4.814950 -0.623722
v 0.910067 4.812095 -0.619085
v 0.968219 4.737713 -0.273969
v 0.998919 4.758535 -0.297606
v 1.385238 4.904258 -0.314197
v 1.379712 4.900510 -0.309942
v 1.019186 4.776784 -0.315467
v 1.055510 4.802698 -0.346102
v 1.366156 4.888336 -0.377752
v 1.359617 4.883672 -0.372238
v 0.969945 4.781332 -0.377144
v 1.000406 4.808131 -0.398995
v 1.099806 4.938206 -0.771555
v 1.094323 4.933382 -0.767622
v 1.023902 4.821434 -0.422445
v 1.055249 4.845383 -0.446229
v 1.136371 4.873511 -0.719544
v 1.130728 4.869200 -0.715263
v 1.127239 4.856972 -0.410411
v 1.167768 4.871103 -0.440233
v 1.434119 4.894314 -0.463916
v 1.426823 4.891771 -0.458548
v 1.077967 4.856117 -0.470629
v 1.111620 4.881775 -0.493611
v 1.199603 4.960000 -0.754616
v 1.193546 4.955381 -0.750480
v 1.186574 4.890581 -0.461174
v 1.220832 4.902165 -0.488438
v 1.441369 4.901804 -0.516330
v 1.435202 4.899719 -0.511423
v 1.135054 4.895683 -0.513063
v 1.166376 4.906796 -0.549634
v 1.218342 4.920790 -0.713456
v 1.212704 4.918790 -0.706873
v -0.201010 3.350699 0.320726
v -0.197015 3.334552 0.452536
v -0.443390 3.583076 0.485179
v -0.446577 3.598052 0.363097
v -0.446577 3.598052 0.363097
v -0.443390 3.583076 0.485179
v -0.714318 3.805294 0.513272
v -0.716280 3.819021 0.401679
v -0.716280 3.819021 0.401679
v -0.714318 3.805294 0.513272
v -1.013123 3.989379 0.533918
v -1.013720 4.001739 0.433822
v -1.013720 4.001739 0.433822
v -1.013123 3.989379 0.533918
v -1.337244 4.125195 0.544172
v -1.336523 4.136011 0.456977
v -1.336523 4.136011 0.456977
v -1.337244 4.125195 0.544172
v -1.679875 4.203797 0.541098
v -1.678084 4.212793 0.468962
v -1.678084 4.212793 0.468962
v -1.679875 4.203797 0.541098
v -2.030517 4.218064 0.521749
v -2.028210 4.224718 0.468719
v -2.028210 4.224718 0.468719
v -2.030517 4.218064 0.521749
v -2.375014 4.164431 0.476151
v -2.374246 4.165942 0.464192
v -0.553456 3.694714 0.406759
v -0.598085 3.722697 0.398755
v -0.585201 3.886934 0.248200
v -0.577168 3.881897 0.249641
v -0.555247 3.681916 0.479748
v -0.592853 3.716570 0.479856
v -0.543177 3.833698 0.644896
v -0.536408 3.827460 0.644876
v -0.621319 3.751576 0.414676
v -0.667384 3.775535 0.407319
v -0.717876 4.042579 0.127012
v -0.709584 4.038267 0.128336
v -0.691143 3.803529 0.424165
v -0.738449 3.828549 0.413481
v -0.703874 4.185658 0.165173
v -0.695359 4.181154 0.167096
v -0.763969 3.854213 0.428772
v -0.809969 3.878117 0.423670
v -0.902094 4.417048 -0.063671
v -0.893814 4.412745 -0.062753
v -0.766387 3.844954 0.500454
v -0.805244 3.868403 0.506093
v -0.851107 4.182037 0.923619
v -0.844113 4.177817 0.922604
v -0.840039 3.900834 0.430827
v -0.881680 3.926726 0.435476
v -0.954016 4.459408 -0.056708
v -0.946520 4.454748 -0.057545
v -0.836636 3.888363 0.509437
v -0.883212 3.920207 0.510974
v -0.928620 4.004292 0.724768
v -0.920236 3.998560 0.724492
v -0.914327 3.948975 0.440796
v -0.958718 3.968210 0.438295
v -0.985676 4.179394 0.297820
v -0.946613 4.162467 0.300021
v -0.946613 4.162467 0.300021
v -0.985676 4.179394 0.297820
v -1.175596 4.235300 0.037364
v -1.168494 4.232223 0.037765
v -0.994937 3.986388 0.440096
v -1.032855 4.014499 0.450622
v -1.118459 4.117651 0.296124
v -1.111634 4.112591 0.294230
v -1.071156 4.033035 0.455118
v -1.114526 4.045588 0.446033
v -1.226279 4.288242 0.235925
v -1.218472 4.285983 0.237560
v -1.069787 4.011017 0.528754
v -1.115492 4.048557 0.526510
v -1.190698 4.187335 0.753531
v -1.150478 4.154299 0.755505
v -1.150478 4.154299 0.755505
v -1.190698 4.187335 0.753531
v -1.392992 4.045311 0.973123
v -1.385679 4.039305 0.973482
v -1.151189 4.061852 0.450551
v -1.195373 4.088265 0.459760
v -1.264130 4.238437 0.351347
v -1.225248 4.215193 0.343242
v -1.225248 4.215193 0.343242
v -1.264130 4.238437 0.351347
v -1.391377 4.204780 0.218643
v -1.384307 4.200554 0.217169
v -1.150575 4.061527 0.526503
v -1.196123 4.069519 0.537919
v -1.272606 4.342037 0.814720
v -1.232524 4.335004 0.804674
v -1.232524 4.335004 0.804674
v -1.272606 4.342037 0.814720
v -1.502242 4.308236 1.104316
v -1.494954 4.306957 1.102489
v -1.232245 4.094801 0.455306
v -1.278233 4.119696 0.462688
v -1.400882 4.345329 0.245940
v -1.360412 4.323422 0.239444
v -1.360412 4.323422 0.239444
v -1.400882 4.345329 0.245940
v -1.572994 4.266813 0.041261
v -1.565636 4.262830 0.040080
v -1.310752 4.128764 0.462500
v -1.366214 4.143231 0.461723
v -1.511312 4.364546 0.285824
v -1.462506 4.351816 0.286507
v -1.462506 4.351816 0.286507
v -1.511312 4.364546 0.285824
v -1.804235 4.294521 0.003301
v -1.795362 4.292207 0.003426
v -1.314167 4.124697 0.534231
v -1.364085 4.128182 0.544092
v -1.442668 4.257752 0.709328
v -1.398741 4.254685 0.700650
v -1.398741 4.254685 0.700650
v -1.442668 4.257752 0.709328
v -1.575312 4.148671 0.835525
v -1.567325 4.148113 0.833947
v -1.397363 4.156105 0.465625
v -1.448404 4.166312 0.463317
v -1.558762 4.347256 0.326403
v -1.513846 4.338274 0.328435
v -1.513846 4.338274 0.328435
v -1.558762 4.347256 0.326403
v -1.775772 4.352520 0.091911
v -1.767605 4.350887 0.092280
v -1.400635 4.150672 0.536611
v -1.447027 4.152605 0.546421
v -1.570693 4.319101 0.726459
v -1.529867 4.317400 0.717825
v -1.529867 4.317400 0.717825
v -1.570693 4.319101 0.726459
v -1.767149 4.199777 0.878340
v -1.759726 4.199467 0.876770
v -1.482630 4.176227 0.464763
v -1.534038 4.189073 0.467268
v -1.659911 4.239354 0.309983
v -1.650657 4.237042 0.309532
v -1.485832 4.163873 0.545093
v -1.533362 4.182263 0.541017
v -1.677756 4.345619 0.740768
v -1.635930 4.329436 0.744355
v -1.635930 4.329436 0.744355
v -1.677756 4.345619 0.740768
v -1.863836 4.252738 0.912020
v -1.856231 4.249795 0.912672
v -1.571292 4.190938 0.463870
v -1.618103 4.209178 0.469490
v -1.807525 4.215305 0.270826
v -1.799099 4.212021 0.269815
v -1.572749 4.187161 0.543293
v -1.619824 4.193768 0.544130
v -1.793817 4.225445 0.715043
v -1.785343 4.224256 0.714893
v -1.655443 4.208766 0.465695
v -1.708051 4.218380 0.467282
v -1.853681 4.337198 0.315099
v -1.807385 4.328738 0.313703
v -1.807385 4.328738 0.313703
v -1.853681 4.337198 0.315099
v -2.022215 4.217963 0.120689
v -2.013798 4.216424 0.120435
v -1.741468 4.222373 0.466809
v -1.797158 4.223828 0.464023
v -1.961343 4.336753 0.302738
v -1.912336 4.335474 0.305189
v -1.912336 4.335474 0.305189
v -1.961343 4.336753 0.302738
v -2.054170 4.138680 0.178592
v -2.045259 4.138448 0.179037
v -1.747038 4.207844 0.544664
v -1.796133 4.219120 0.540190
v -2.001396 4.339325 0.733184
v -1.958192 4.329403 0.737121
v -1.958192 4.329403 0.737121
v -2.001396 4.339325 0.733184
v -2.163777 4.189297 0.855955
v -2.155921 4.187493 0.856671
v -1.828927 4.227578 0.464210
v -1.885518 4.228970 0.462546
v -2.209983 4.170930 0.167014
v -2.199796 4.170679 0.167314
v -1.831933 4.217689 0.541384
v -1.887771 4.219596 0.539369
v -2.192026 4.083109 0.756315
v -2.181975 4.082765 0.756677
v -1.920056 4.226148 0.458875
v -1.970427 4.232186 0.461906
v -2.257631 4.223737 0.250887
v -2.248564 4.222650 0.250341
v -2.004190 4.227981 0.457929
v -2.062129 4.223684 0.455003
v -2.306985 4.168019 0.211517
v -2.296556 4.168792 0.212043
v -2.008318 4.218931 0.534624
v -2.064744 4.213418 0.532241
v -2.388024 4.080986 0.703910
v -2.377867 4.081978 0.704339
v -2.092860 4.216585 0.451130
v -2.148659 4.219770 0.452046
v -2.400920 4.057742 0.255153
v -2.390876 4.057169 0.254988
v -2.102053 4.213346 0.529397
v -2.146982 4.203668 0.527673
v -2.360979 4.044104 0.654387
v -2.352892 4.045846 0.654697
v -2.270227 4.197497 0.442916
v -2.317645 4.180735 0.434738
v -2.400143 4.131254 0.353990
v -2.391608 4.134271 0.355462
v -2.277426 4.188061 0.515851
v -2.319561 4.170777 0.515603
v -2.396353 4.123080 0.572218
v -2.388769 4.126191 0.572262
v -0.201010 3.350699 0.320726
v -0.197015 3.334552 0.452536
v -0.443390 3.583076 0.485179
v -0.446577 3.598052 0.363097
v -0.446577 3.598052 0.363097
v -0.443390 3.583076 0.485179
v -0.714318 3.805294 0.513272
v -0.716280 3.819021 0.401679
v -0.716280 3.819021 0.401679
v -0.714318 3.805294 0.513272
v -1.013123 3.989379 0.533918
v -1.013720 4.001739 0.433822
v -1.013720 4.001739 0.433822
v -1.013123 3.989379 0.533918
v -1.337244 4.125195 0.544172
v -1.336523 4.136011 0.456977
v -1.336523 4.136011 0.456977
v -1.337244 4.125195 0.544172
v -1.679875 4.203797 0.541098
v -1.678084 4.212793 0.468962
v -1.678084 4.212793 0.468962
v -1.679875 4.203797 0.541098
v -2.030517 4.218064 0.521749
v -2.028210 4.224718 0.468719
v -2.028210 4.224718 0.468719
v -2.030517 4.218064 0.521749
v -2.375014 4.164431 0.476151
v -2.374246 4.165942 0.464192
v -0.553456 3.694714 0.406759
v -0.598085 3.722697 0.398755
v -0.585201 3.886934 0.248200
v -0.577168 3.881897 0.249641
v -0.555247 3.681916 0.479748
v -0.592853 3.716570 0.479856
v -0.543177 3.833698 0.644896
v -0.536408 3.827460 0.644876
v -0.621319 3.751576 0.414676
v -0.667384 3.775535 0.407319
v -0.717876 4.042579 0.127012
v -0.709584 4.038267 0.128336
v -0.691143 3.803529 0.424165
v -0.738449 3.828549 0.413481
v -0.703874 4.185658 0.165173
v -0.695359 4.181154 0.167096
v -0.763969 3.854213 0.428772
v -0.809969 3.878117 0.423670
v -0.902094 4.417048 -0.063671
v -0.893814 4.412745 -0.062753
v -0.766387 3.844954 0.500454
v -0.805244 3.868403 0.506093
v -0.851107 4.182037 0.923619
v -0.844113 4.177817 0.922604
v -0.840039 3.900834 0.430827
v -0.881680 3.926726 0.435476
v -0.954016 4.459408 -0.056708
v -0.946520 4.454748 -0.057545
v -0.836636 3.888363 0.509437
v -0.883212 3.920207 0.510974
v -0.928620 4.004292 0.724768
v -0.920236 3.998560 0.724492
v -0.914327 3.948975 0.440796
v -0.958718 3.968210 0.438295
v -0.985676 4.179394 0.297820
v -0.946613 4.162467 0.300021
v -0.946613 4.162467 0.300021
v -0.985676 4.179394 0.297820
v -1.175596 4.235300 0.037364
v -1.168494 4.232223 0.037765
v -0.994937 3.986388 0.440096
v -1.032855 4.014499 0.450622
v -1.118459 4.117651 0.296124
v -1.111634 4.112591 0.294230
v -1.071156 4.033035 0.455118
v -1.114526 4.045588 0.446033
v -1.226279 4.288242 0.235925
v -1.218472 4.285983 0.237560
v -1.069787 4.011017 0.528754
v -1.115492 4.048557 0.526510
v -1.190698 4.187335 0.753531
v -1.150478 4.154299 0.755505
v -1.150478 4.154299 0.755505
v -1.190698 4.187335 0.753531
v -1.392992 4.045311 0.973123
v -1.385679 4.039305 0.973482
v -1.151189 4.061852 0.450551
v -1.195373 4.088265 0.459760
v -1.264130 4.238437 0.351347
v -1.225248 4.215193 0.343242
v -1.225248 4.215193 0.343242
v -1.264130 4.238437 0.351347
v -1.391377 4.204780 0.218643
v -1.384307 4.200554 0.217169
v -1.150575 4.061527 0.526503
v -1.196123 4.069519 0.537919
v -1.272606 4.342037 0.814720
v -1.232524 4.335004 0.804674
v -1.232524 4.335004 0.804674
v -1.272606 4.342037 0.814720
v -1.502242 4.308236 1.104316
v -1.494954 4.306957 1.102489
v -1.232245 4.094801 0.455306
v -1.278233 4.119696 0.462688
v -1.400882 4.345329 0.245940
v -1.360412 4.323422 0.239444
v -1.360412 4.323422 0.239444
v -1.400882 4.345329 0.245940
v -1.572994 4.266813 0.041261
v -1.565636 4.262830 0.040080
v -1.310752 4.128764 0.462500
v -1.366214 4.143231 0.461723
v -1.511312 4.364546 0.285824
v -1.462506 4.351816 0.286507
v -1.462506 4.351816 0.286507
v -1.511312 4.364546 0.285824
v -1.804235 4.294521 0.003301
v -1.795362 4.292207 0.003426
v -1.314167 4.124697 0.534231
v -1.364085 4.128182 0.544092
v -1.442668 4.257752 0.709328
v -1.398741 4.254685 0.700650
v -1.398741 4.254685 0.700650
v -1.442668 4.257752 0.709328
v -1.575312 4.148671 0.835525
v -1.567325 4.148113 0.833947
v -1.397363 4.156105 0.465625
v -1.448404 4.166312 0.463317
v -1.558762 4.347256 0.326403
v -1.513846 4.338274 0.328435
v -1.513846 4.338274 0.328435
v -1.558762 4.347256 0.326403
v -1.775772 4.352520 0.091911
v -1.767605 4.350887 0.092280
v -1.400635 4.150672 0.536611
v -1.447027 4.152605 0.546421
v -1.570693 4.319101 0.726459
v -1.529867 4.317400 0.717825
v -1.529867 4.317400 0.717825
v -1.570693 4.319101 0.726459
v -1.767149 4.199777 0.878340
v -1.759726 4.199467 0.876770
v -1.482630 4.176227 0.464763
v -1.534038 4.189073 0.467268
v -1.659911 4.239354 0.309983
v -1.650657 4.237042 0.309532
v -1.485832 4.163873 0.545093
v -1.533362 4.182263 0.541017
v -1.677756 4.345619 0.740768
v -1.635930 4.329436 0.744355
v -1.635930 4.329436 0.744355
v -1.677756 4.345619 0.740768
v -1.863836 4.252738 0.912020
v -1.856231 4.249795 0.912672
v -1.571292 4.190938 0.463870
v -1.618103 4.209178 0.469490
v -1.807525 4.215305 0.270826
v -1.799099 4.212021 0.269815
v -1.572749 4.187161 0.543293
v -1.619824 4.193768 0.544130
v -1.793817 4.225445 0.715043
v -1.785343 4.224256 0.714893
v -1.655443 4.208766 0.465695
v -1.708051 4.218380 0.467282
v -1.853681 4.337198 0.315099
v -1.807385 4.328738 0.313703
v -1.807385 4.328738 0.313703
v -1.853681 4.337198 0.315099
v -2.022215 4.217963 0.120689
v -2.013798 4.216424 0.120435
v -1.741468 4.222373 0.466809
v -1.797158 4.223828 0.464023
v -1.961343 4.336753 0.302738
v -1.912336 4.335474 0.305189
v -1.912336 4.335474 0.305189
v -1.961343 4.336753 0.302738
v -2.054170 4.138680 0.178592
v -2.045259 4.138448 0.179037
v -1.747038 4.207844 0.544664
v -1.796133 4.219120 0.540190
v -2.001396 4.339325 0.733184
v -1.958192 4.329403 0.737121
v -1.958192 4.329403 0.737121
v -2.001396 4.339325 0.733184
v -2.163777 4.189297 0.855955
v -2.155921 4.187493 0.856671
v -1.828927 4.227578 0.464210
v -1.885518 4.228970 0.462546
v -2.209983 4.170930 0.167014
v -2.199796 4.170679 0.167314
v -1.831933 4.217689 0.541384
v -1.887771 4.219596 0.539369
v -2.192026 4.083109 0.756315
v -2.181975 4.082765 0.756677
v -1.920056 4.226148 0.458875
v -1.970427 4.232186 0.461906
v -2.257631 4.223737 0.250887
v -2.248564 4.222650 0.250341
v -2.004190 4.227981 0.457929
v -2.062129 4.223684 0.455003
v -2.306985 4.168019 0.211517
v -2.296556 4.168792 0.212043
v -2.008318 4.218931 0.534624
v -2.064744 4.213418 0.532241
v -2.388024 4.080986 0.703910
v -2.377867 4.081978 0.704339
v -2.092860 4.216585 0.451130
v -2.148659 4.219770 0.452046
v -2.400920 4.057742 0.255153
v -2.390876 4.057169 0.254988
v -2.102053 4.213346 0.529397
v -2.146982 4.203668 0.527673
v -2.360979 4.044104 0.654387
v -2.352892 4.045846 0.654697
v -2.270227 4.197497 0.442916
v -2.317645 4.180735 0.434738
v -2.400143 4.131254 0.353990
v -2.391608 4.134271 0.355462
v -2.277426 4.188061 0.515851
v -2.319561 4.170777 0.515603
v -2.396353 4.123080 0.572218
v -2.388769 4.126191 0.572262
v 0.036723 3.300984 0.497041
v 0.110053 3.317484 0.387492
v 0.329964 3.523327 0.572412
v 0.261337 3.508077 0.673387
v 0.261337 3.508077 0.673387
v 0.329964 3.523327 0.572412
v 0.568198 3.695680 0.768899
v 0.504159 3.681801 0.860285
v 0.504159 3.681801 0.860285
v 0.568198 3.695680 0.768899
v 0.824837 3.820392 0.978016
v 0.765809 3.808020 1.058854
v 0.765809 3.808020 1.058854
v 0.824837 3.820392 0.978016
v 1.094501 3.886280 1.197355
v 1.041406 3.875587 1.266542
v 1.041406 3.875587 1.266542
v 1.094501 3.886280 1.197355
v 1.367965 3.884541 1.421716
v 1.322447 3.875781 1.477743
v 1.322447 3.875781 1.477743
v 1.367965 3.884541 1.421716
v 1.632874 3.809538 1.643512
v 1.598109 3.803173 1.683669
v 1.598109 3.803173 1.683669
v 1.632874 3.809538 1.643512
v 1.869707 3.658951 1.858406
v 1.861548 3.657536 1.867197
v 0.440395 3.633774 0.793265
v 0.475299 3.663062 0.809949
v 0.320019 3.853983 1.030939
v 0.313737 3.848711 1.027936
v 0.483995 3.648118 0.726198
v 0.519658 3.667906 0.750490
v 0.710809 4.009302 0.536005
v 0.704389 4.005740 0.531633
v 0.501722 3.679421 0.832877
v 0.537804 3.695460 0.868415
v 0.375594 3.959413 1.332362
v 0.369099 3.956526 1.325965
v 0.564715 3.720558 0.879803
v 0.601048 3.726209 0.921137
v 0.492368 3.876348 1.441942
v 0.485828 3.875332 1.434502
v 0.629704 3.753381 0.931581
v 0.664461 3.759076 0.970452
v 0.560608 3.971448 1.476643
v 0.554352 3.970423 1.469646
v 0.757592 3.804894 1.037260
v 0.799468 3.818376 1.071137
v 0.732834 3.998692 1.266299
v 0.695983 3.986828 1.236487
v 0.695983 3.986828 1.236487
v 0.732834 3.998692 1.266299
v 0.700013 3.998563 1.570392
v 0.693313 3.996406 1.564971
v 0.826190 3.832675 1.087310
v 0.864963 3.835017 1.126151
v 0.806052 4.051656 1.450285
v 0.771932 4.049595 1.416105
v 0.771932 4.049595 1.416105
v 0.806052 4.051656 1.450285
v 0.817280 3.947611 1.764266
v 0.811076 3.947236 1.758052
v 0.873176 3.834661 1.027006
v 0.909618 3.852043 1.062543
v 1.117503 4.063550 1.004081
v 1.085435 4.048255 0.972808
v 1.085435 4.048255 0.972808
v 1.117503 4.063550 1.004081
v 1.490409 4.085800 0.917683
v 1.484578 4.083019 0.911997
v 0.891436 3.841595 1.145303
v 0.935217 3.863047 1.174270
v 0.928655 4.012875 1.494798
v 0.890128 3.993996 1.469308
v 0.890128 3.993996 1.469308
v 0.928655 4.012875 1.494798
v 0.976777 3.820231 1.754377
v 0.969772 3.816799 1.749743
v 0.934000 3.859084 1.082547
v 0.985021 3.864533 1.113648
v 1.210454 4.132743 1.056426
v 1.165556 4.127948 1.029057
v 1.165556 4.127948 1.029057
v 1.210454 4.132743 1.056426
v 1.548118 4.108217 0.980279
v 1.539955 4.107345 0.975303
v 0.959169 3.859365 1.198670
v 1.004189 3.874112 1.227950
v 0.998357 4.091419 1.576784
v 0.958739 4.078442 1.551018
v 0.958739 4.078442 1.551018
v 0.998357 4.091419 1.576784
v 1.026569 4.036124 1.911598
v 1.019366 4.033765 1.906914
v 1.028407 3.871498 1.251409
v 1.072548 3.882374 1.283002
v 1.062698 3.971103 1.516869
v 1.023853 3.961533 1.489067
v 1.023853 3.961533 1.489067
v 1.062698 3.971103 1.516869
v 1.077027 3.791129 1.762561
v 1.069964 3.789389 1.757506
v 1.099728 3.880003 1.307347
v 1.139364 3.886015 1.335364
v 1.180725 3.883335 1.653899
v 1.173590 3.882252 1.648856
v 1.147060 3.890454 1.243376
v 1.186744 3.894414 1.277730
v 1.415574 4.086928 1.238913
v 1.380653 4.083443 1.208682
v 1.380653 4.083443 1.208682
v 1.415574 4.086928 1.238913
v 1.778432 4.014657 1.144383
v 1.772083 4.014023 1.138886
v 1.173018 3.890621 1.357418
v 1.204445 3.879099 1.393898
v 1.211848 3.975003 1.573082
v 1.184193 3.985142 1.540980
v 1.184193 3.985142 1.540980
v 1.211848 3.975003 1.573082
v 1.224452 3.886128 1.760839
v 1.219423 3.887972 1.755002
v 1.238328 3.877686 1.416601
v 1.277361 3.886242 1.443377
v 1.319571 3.952928 1.740620
v 1.285222 3.945398 1.717057
v 1.285222 3.945398 1.717057
v 1.319571 3.952928 1.740620
v 1.358081 3.718795 2.002456
v 1.351836 3.717426 1.998172
v 1.304044 3.877425 1.466660
v 1.349359 3.871898 1.501758
v 1.382478 3.913579 1.785042
v 1.342601 3.918442 1.754156
v 1.342601 3.918442 1.754156
v 1.382478 3.913579 1.785042
v 1.389050 3.705237 1.953970
v 1.381800 3.706121 1.948354
v 1.378514 3.869293 1.522956
v 1.411731 3.856513 1.553416
v 1.468308 3.912071 1.777438
v 1.439077 3.923317 1.750634
v 1.439077 3.923317 1.750634
v 1.468308 3.912071 1.777438
v 1.494923 3.642102 1.926307
v 1.489609 3.644146 1.921433
v 1.490425 3.859840 1.512616
v 1.534445 3.851583 1.552788
v 1.951984 3.729137 1.519247
v 1.944061 3.730623 1.512016
v 1.510556 3.838294 1.625672
v 1.548975 3.812039 1.663784
v 1.581658 3.674211 1.988524
v 1.574743 3.678937 1.981663
v 1.627972 3.818920 1.627476
v 1.664232 3.798304 1.649977
v 1.796518 3.725887 1.653769
v 1.789991 3.729598 1.649719
v 1.637015 3.775092 1.731436
v 1.683398 3.763000 1.765225
v 1.708148 3.586444 1.989672
v 1.699799 3.588621 1.983590
v 1.690059 3.786402 1.670714
v 1.732324 3.770097 1.710287
v 1.978301 3.618617 1.727849
v 1.970693 3.621551 1.720725
v 1.705502 3.742247 1.784988
v 1.740922 3.725282 1.811987
v 1.790190 3.570509 1.978485
v 1.783814 3.573563 1.973626
v 1.768846 3.708659 1.833850
v 1.800251 3.679404 1.860857
v 1.793114 3.571053 1.943128
v 1.787462 3.576319 1.938267
v 0.036723 3.300984 0.497041
v 0.110053 3.317484 0.387492
v 0.329964 3.523327 0.572412
v 0.261337 3.508077 0.673387
v 0.261337 3.508077 0.673387
v 0.329964 3.523327 0.572412
v 0.568198 3.695680 0.768899
v 0.504159 3.681801 0.860285
v 0.504159 3.681801 0.860285
v 0.568198 3.695680 0.768899
v 0.824837 3.820392 0.978016
v 0.765809 3.808020 1.058854
v 0.765809 3.808020 1.058854
v 0.824837 3.820392 0.978016
v 1.094501 3.886280 1.197355
v 1.041406 3.875587 1.266542
v 1.041406 3.875587 1.266542
v 1.094501 3.886280 1.197355
v 1.367965 3.884541 1.421716
v 1.322447 3.875781 1.477743
v 1.322447 3.875781 1.477743
v 1.367965 3.884541 1.421716
v 1.632874 3.809538 1.643512
v 1.598109 3.803173 1.683669
v 1.598109 3.803173 1.683669
v 1.632874 3.809538 1.643512
v 1.869707 3.658951 1.858406
v 1.861548 3.657536 1.867197
v 0.440395 3.633774 0.793265
v 0.475299 3.663062 0.809949
v 0.320019 3.853983 1.030939
v 0.313737 3.848711 1.027936
v 0.483995 3.648118 0.726198
v 0.519658 3.667906 0.750490
v 0.710809 4.009302 0.536005
v 0.704389 4.005740 0.531633
v 0.501722 3.679421 0.832877
v 0.537804 3.695460 0.868415
v 0.375594 3.959413 1.332362
v 0.369099 3.956526 1.325965
v 0.564715 3.720558 0.879803
v 0.601048 3.726209 0.921137
v 0.492368 3.876348 1.441942
v 0.485828 3.875332 1.434502
v 0.629704 3.753381 0.931581
v 0.664461 3.759076 0.970452
v 0.560608 3.971448 1.476643
v 0.554352 3.970423 1.469646
v 0.757592 3.804894 1.037260
v 0.799468 3.818376 1.071137
v 0.732834 3.998692 1.266299
v 0.695983 3.986828 1.236487
v 0.695983 3.986828 1.236487
v 0.732834 3.998692 1.266299
v 0.700013 3.998563 1.570392
v 0.693313 3.996406 1.564971
v 0.826190 3.832675 1.087310
v 0.864963 3.835017 1.126151
v 0.806052 4.051656 1.450285
v 0.771932 4.049595 1.416105
v 0.771932 4.049595 1.416105
v 0.806052 4.051656 1.450285
v 0.817280 3.947611 1.764266
v 0.811076 3.947236 1.758052
v 0.873176 3.834661 1.027006
v 0.909618 3.852043 1.062543
v 1.117503 4.063550 1.004081
v 1.085435 4.048255 0.972808
v 1.085435 4.048255 0.972808
v 1.117503 4.063550 1.004081
v 1.490409 4.085800 0.917683
v 1.484578 4.083019 0.911997
v 0.891436 3.841595 1.145303
v 0.935217 3.863047 1.174270
v 0.928655 4.012875 1.494798
v 0.890128 3.993996 1.469308
v 0.890128 3.993996 1.469308
v 0.928655 4.012875 1.494798
v 0.976777 3.820231 1.754377
v 0.969772 3.816799 1.749743
v 0.934000 3.859084 1.082547
v 0.985021 3.864533 1.113648
v 1.210454 4.132743 1.056426
v 1.165556 4.127948 1.029057
v 1.165556 4.127948 1.029057
v 1.210454 4.132743 1.056426
v 1.548118 4.108217 0.980279
v 1.539955 4.107345 0.975303
v 0.959169 3.859365 1.198670
v 1.004189 3.874112 1.227950
v 0.998357 4.091419 1.576784
v 0.958739 4.078442 1.551018
v 0.958739 4.078442 1.551018
v 0.998357 4.091419 1.576784
v 1.026569 4.036124 1.911598
v 1.019366 4.033765 1.906914
v 1.028407 3.871498 1.251409
v 1.072548 3.882374 1.283002
v 1.062698 3.971103 1.516869
v 1.023853 3.961533 1.489067
v 1.023853 3.961533 1.489067
v 1.062698 3.971103 1.516869
v 1.077027 3.791129 1.762561
v 1.069964 3.789389 1.757506
v 1.099728 3.880003 1.307347
v 1.139364 3.886015 1.335364
v 1.180725 3.883335 1.653899
v 1.173590 3.882252 1.648856
v 1.147060 3.890454 1.243376
v 1.186744 3.894414 1.277730
v 1.415574 4.086928 1.238913
v 1.380653 4.083443 1.208682
v 1.380653 4.083443 1.208682
v 1.415574 4.086928 1.238913
v 1.778432 4.014657 1.144383
v 1.772083 4.014023 1.138886
v 1.173018 3.890621 1.357418
v 1.204445 3.879099 1.393898
v 1.211848 3.975003 1.573082
v 1.184193 3.985142 1.540980
v 1.184193 3.985142 1.540980
v 1.211848 3.975003 1.573082
v 1.224452 3.886128 1.760839
v 1.219423 3.887972 1.755002
v 1.238328 3.877686 1.416601
v 1.277361 3.886242 1.443377
v 1.319571 3.952928 1.740620
v 1.285222 3.945398 1.717057
v 1.285222 3.945398 1.717057
v 1.319571 3.952928 1.740620
v 1.358081 3.718795 2.002456
v 1.351836 3.717426 1.998172
v 1.304044 3.877425 1.466660
v 1.349359 3.871898 1.501758
v 1.382478 3.913579 1.785042
v 1.342601 3.918442 1.754156
v 1.342601 3.918442 1.754156
v 1.382478 3.913579 1.785042
v 1.389050 3.705237 1.953970
v 1.381800 3.706121 1.948354
v 1.378514 3.869293 1.522956
v 1.411731 3.856513 1.553416
v 1.468308 3.912071 1.777438
v 1.439077 3.923317 1.750634
v 1.439077 3.923317 1.750634
v 1.468308 3.912071 1.777438
v 1.494923 3.642102 1.926307
v 1.489609 3.644146 1.921433
v 1.490425 3.859840 1.512616
v 1.534445 3.851583 1.552788
v 1.951984 3.729137 1.519247
v 1.944061 3.730623 1.512016
v 1.510556 3.838294 1.625672
v 1.548975 3.812039 1.663784
v 1.581658 3.674211 1.988524
v 1.574743 3.678937 1.981663
v 1.627972 3.818920 1.627476
v 1.664232 3.798304 1.649977
v 1.796518 3.725887 1.653769
v 1.789991 3.729598 1.649719
v 1.637015 3.775092 1.731436
v 1.683398 3.763000 1.765225
v 1.708148 3.586444 1.989672
v 1.699799 3.588621 1.983590
v 1.690059 3.786402 1.670714
v 1.732324 3.770097 1.710287
v 1.978301 3.618617 1.727849
v 1.970693 3.621551 1.720725
v 1.705502 3.742247 1.784988
v 1.740922 3.725282 1.811987
v 1.790190 3.570509 1.978485
v 1.783814 3.573563 1.973626
v 1.768846 3.708659 1.833850
v 1.800251 3.679404 1.860857
v 1.793114 3.571053 1.943128
v 1.787462 3.576319 1.938267
v 0.001217 3.321687 0.246100
v -0.124266 3.311397 0.288514
v -0.219514 3.562468 0.054987
v -0.103704 3.572121 0.014574
v -0.103704 3.572121 0.014574
v -0.219514 3.562468 0.054987
v -0.325247 3.780482 -0.204700
v -0.220176 3.789533 -0.243728
v -0.220176 3.789533 -0.243728
v -0.325247 3.780482 -0.204700
v -0.444506 3.949850 -0.492611
v -0.351270 3.958240 -0.530148
v -0.351270 3.958240 -0.530148
v -0.444506 3.949850 -0.492611
v -0.577337 4.057197 -0.803101
v -0.497265 4.064790 -0.838473
v -0.497265 4.064790 -0.838473
v -0.577337 4.057197 -0.803101
v -0.720797 4.091357 -1.125196
v -0.655732 4.097906 -1.156998
v -0.655732 4.097906 -1.156998
v -0.720797 4.091357 -1.125196
v -0.868196 4.044753 -1.444121
v -0.821414 4.049781 -1.469574
v -0.821414 4.049781 -1.469574
v -0.868196 4.044753 -1.444121
v -1.002514 3.915698 -1.746904
v -0.992245 3.916883 -1.753151
v -0.147900 3.619807 -0.027693
v -0.162367 3.651779 -0.068711
v -0.007418 3.778023 -0.134636
v -0.004814 3.772269 -0.127253
v -0.216636 3.613668 -0.001719
v -0.239544 3.645659 -0.042983
v -0.413189 3.771297 0.040069
v -0.409066 3.765538 0.047496
v -0.175169 3.677725 -0.096930
v -0.192605 3.709704 -0.133753
v -0.018721 3.842973 -0.215628
v -0.015583 3.837216 -0.209000
v -0.247077 3.669037 -0.066507
v -0.266340 3.706053 -0.111743
v -0.595470 3.859120 -0.042585
v -0.592003 3.852457 -0.034442
v -0.203929 3.733303 -0.167094
v -0.223162 3.764302 -0.201847
v 0.154454 4.156947 -0.376996
v 0.157917 4.151367 -0.370741
v -0.238429 3.789842 -0.234776
v -0.249867 3.811771 -0.276379
v 0.190205 4.286164 -0.486465
v 0.192264 4.282217 -0.478976
v -0.270977 3.841062 -0.303483
v -0.280501 3.857789 -0.353820
v -0.126899 4.006011 -0.498981
v -0.125184 4.002999 -0.489920
v -0.330681 3.834815 -0.279871
v -0.365442 3.851413 -0.322368
v -0.628222 4.020992 -0.286556
v -0.621965 4.018004 -0.278907
v -0.300108 3.882708 -0.378818
v -0.316637 3.905842 -0.428538
v -0.137261 4.263531 -0.512294
v -0.122715 4.243174 -0.468541
v -0.122715 4.243174 -0.468541
v -0.137261 4.263531 -0.512294
v 0.075218 4.346332 -0.825027
v 0.077862 4.342630 -0.817072
v -0.332483 3.924723 -0.458368
v -0.351522 3.945859 -0.502545
v -0.224001 4.211280 -0.583862
v -0.207247 4.192681 -0.544987
v -0.207247 4.192681 -0.544987
v -0.224001 4.211280 -0.583862
v -0.084794 4.222105 -0.818280
v -0.081747 4.218723 -0.811212
v -0.403197 3.918866 -0.429677
v -0.424623 3.938868 -0.474090
v -0.631500 4.058667 -0.460412
v -0.627643 4.055066 -0.452418
v -0.435264 4.021081 -0.698675
v -0.462286 4.044933 -0.741225
v -0.309327 4.289307 -0.979595
v -0.285548 4.268317 -0.942151
v -0.285548 4.268317 -0.942151
v -0.309327 4.289307 -0.979595
v -0.175064 4.216002 -1.254912
v -0.170741 4.212186 -1.248104
v -0.505802 4.024266 -0.669139
v -0.534071 4.028522 -0.710073
v -0.721859 4.113425 -0.738257
v -0.716771 4.112659 -0.730889
v -0.468900 4.042953 -0.781102
v -0.503617 4.069475 -0.823466
v -0.393561 4.296678 -0.999626
v -0.363010 4.273339 -0.962346
v -0.363010 4.273339 -0.962346
v -0.393561 4.296678 -0.999626
v -0.210914 4.335617 -1.343080
v -0.205359 4.331374 -1.336302
v -0.542212 4.045928 -0.744746
v -0.572061 4.053139 -0.797851
v -0.831221 4.271667 -0.814943
v -0.804955 4.265321 -0.768212
v -0.804955 4.265321 -0.768212
v -0.831221 4.271667 -0.814943
v -1.148509 4.185822 -0.903726
v -1.143733 4.184669 -0.895230
v -0.550169 4.082705 -0.945457
v -0.577117 4.092936 -0.993120
v -0.499092 4.252519 -1.195401
v -0.475378 4.243516 -1.153458
v -0.475378 4.243516 -1.153458
v -0.499092 4.252519 -1.195401
v -0.394822 4.079367 -1.439958
v -0.390511 4.077730 -1.432331
v -0.626078 4.074785 -0.914779
v -0.641723 4.087207 -0.959122
v -0.871984 4.231175 -1.030676
v -0.858216 4.220244 -0.991654
v -0.858216 4.220244 -0.991654
v -0.871984 4.231175 -1.030676
v -1.099844 4.099321 -1.128737
v -1.097340 4.097333 -1.121642
v -0.633823 4.100482 -1.113951
v -0.653596 4.096326 -1.161528
v -0.599675 4.212008 -1.370618
v -0.582276 4.215665 -1.328751
v -0.582276 4.215665 -1.328751
v -0.599675 4.212008 -1.370618
v -0.497062 4.093070 -1.644226
v -0.493898 4.093735 -1.636613
v -0.697075 4.097167 -1.080412
v -0.729468 4.085693 -1.127512
v -0.961518 4.188639 -1.233120
v -0.933013 4.198736 -1.191671
v -0.933013 4.198736 -1.191671
v -0.961518 4.188639 -1.233120
v -1.123999 4.004861 -1.314331
v -1.118816 4.006697 -1.306795
v -0.672114 4.095385 -1.199997
v -0.696838 4.095300 -1.243569
v -0.672477 4.203448 -1.521837
v -0.650720 4.203522 -1.483493
v -0.650720 4.203522 -1.483493
v -0.672477 4.203448 -1.521837
v -0.619015 3.998983 -1.660016
v -0.615059 3.998997 -1.653044
v -0.739268 4.095673 -1.166264
v -0.768054 4.080909 -1.208248
v -0.957558 4.132926 -1.300737
v -0.932226 4.145918 -1.263790
v -0.932226 4.145918 -1.263790
v -0.957558 4.132926 -1.300737
v -1.128607 3.980532 -1.381567
v -1.124002 3.982894 -1.374850
v -0.710243 4.085963 -1.280318
v -0.740827 4.087514 -1.330287
v -0.661810 4.048352 -1.623041
v -0.656305 4.048073 -1.614046
v -0.783607 4.083391 -1.248895
v -0.805040 4.075825 -1.291120
v -1.211470 3.955557 -1.507930
v -1.207612 3.956919 -1.500330
v -0.821945 4.075115 -1.331431
v -0.848265 4.055520 -1.372391
v -1.189635 3.929680 -1.519547
v -1.184897 3.933207 -1.512174
v -0.794583 4.057989 -1.446528
v -0.821228 4.047357 -1.492548
v -0.768569 3.985218 -1.687799
v -0.763773 3.987132 -1.679515
v -0.865631 4.047815 -1.410300
v -0.886046 4.042946 -1.455009
v -1.165484 3.823702 -1.596380
v -1.161809 3.824579 -1.588332
v -0.836082 4.036083 -1.525103
v -0.861594 4.017536 -1.573910
v -0.827181 3.883584 -1.791877
v -0.822589 3.886923 -1.783092
v -0.904129 4.030866 -1.491906
v -0.928494 4.008002 -1.531703
v -1.170528 3.807431 -1.666630
v -1.166142 3.811547 -1.659467
v -0.879564 4.006760 -1.606430
v -0.899094 3.983809 -1.648841
v -0.873352 3.834148 -1.881662
v -0.869836 3.838279 -1.874029
v -0.945631 3.992786 -1.567385
v -0.967008 3.982863 -1.610814
v -1.169683 3.815305 -1.690226
v -1.165835 3.817091 -1.682409
v -0.917394 3.967299 -1.683110
v -0.940931 3.949047 -1.724111
v -0.900476 3.863371 -1.833445
v -0.896239 3.866656 -1.826065
v -0.982944 3.967106 -1.646011
v -1.008354 3.934153 -1.682442
v -1.100545 3.861663 -1.710658
v -1.095971 3.867595 -1.704101
v 0.001217 3.321687 0.246100
v -0.124266 3.311397 0.288514
v -0.219514 3.562468 0.054987
v -0.103704 3.572121 0.014574
v -0.103704 3.572121 0.014574
v -0.219514 3.562468 0.054987
v -0.325247 3.780482 -0.204700
v -0.220176 3.789533 -0.243728
v -0.220176 3.789533 -0.243728
v -0.325247 3.780482 -0.204700
v -0.444506 3.949850 -0.492611
v -0.351270 3.958240 -0.530148
v -0.351270 3.958240 -0.530148
v -0.444506 3.949850 -0.492611
v -0.577337 4.057197 -0.803101
v -0.497265 4.064790 -0.838473
v -0.497265 4.064790 -0.838473
v -0.577337 4.057197 -0.803101
v -0.720797 4.091357 -1.125196
v -0.655732 4.097906 -1.156998
v -0.655732 4.097906 -1.156998
v -0.720797 4.091357 -1.125196
v -0.868196 4.044753 -1.444121
v -0.821414 4.049781 -1.469574
v -0.821414 4.049781 -1.469574
v -0.868196 4.044753 -1.444121
v -1.002514 3.915698 -1.746904
v -0.992245 3.916883 -1.753151
v -0.147900 3.619807 -0.027693
v -0.162367 3.651779 -0.068711
v -0.007418 3.778023 -0.134636
v -0.004814 3.772269 -0.127253
v -0.216636 3.613668 -0.001719
v -0.239544 3.645659 -0.042983
v -0.413189 3.771297 0.040069
v -0.409066 3.765538 0.047496
v -0.175169 3.677725 -0.096930
v -0.192605 3.709704 -0.133753
v -0.018721 3.842973 -0.215628
v -0.015583 3.837216 -0.209000
v -0.247077 3.669037 -0.066507
v -0.266340 3.706053 -0.111743
v -0.595470 3.859120 -0.042585
v -0.592003 3.852457 -0.034442
v -0.203929 3.733303 -0.167094
v -0.223162 3.764302 -0.201847
v 0.154454 4.156947 -0.376996
v 0.157917 4.151367 -0.370741
v -0.238429 3.789842 -0.234776
v -0.249867 3.811771 -0.276379
v 0.190205 4.286164 -0.486465
v 0.192264 4.282217 -0.478976
v -0.270977 3.841062 -0.303483
v -0.280501 3.857789 -0.353820
v -0.126899 4.006011 -0.498981
v -0.125184 4.002999 -0.489920
v -0.330681 3.834815 -0.279871
v -0.365442 3.851413 -0.322368
v -0.628222 4.020992 -0.286556
v -0.621965 4.018004 -0.278907
v -0.300108 3.882708 -0.378818
v -0.316637 3.905842 -0.428538
v -0.137261 4.263531 -0.512294
v -0.122715 4.243174 -0.468541
v -0.122715 4.243174 -0.468541
v -0.137261 4.263531 -0.512294
v 0.075218 4.346332 -0.825027
v 0.077862 4.342630 -0.817072
v -0.332483 3.924723 -0.458368
v -0.351522 3.945859 -0.502545
v -0.224001 4.211280 -0.583862
v -0.207247 4.192681 -0.544987
v -0.207247 4.192681 -0.544987
v -0.224001 4.211280 -0.583862
v -0.084794 4.222105 -0.818280
v -0.081747 4.218723 -0.811212
v -0.403197 3.918866 -0.429677
v -0.424623 3.938868 -0.474090
v -0.631500 4.058667 -0.460412
v -0.627643 4.055066 -0.452418
v -0.435264 4.021081 -0.698675
v -0.462286 4.044933 -0.741225
v -0.309327 4.289307 -0.979595
v -0.285548 4.268317 -0.942151
v -0.285548 4.268317 -0.942151
v -0.309327 4.289307 -0.979595
v -0.175064 4.216002 -1.254912
v -0.170741 4.212186 -1.248104
v -0.505802 4.024266 -0.669139
v -0.534071 4.028522 -0.710073
v -0.721859 4.113425 -0.738257
v -0.716771 4.112659 -0.730889
v -0.468900 4.042953 -0.781102
v -0.503617 4.069475 -0.823466
v -0.393561 4.296678 -0.999626
v -0.363010 4.273339 -0.962346
v -0.363010 4.273339 -0.962346
v -0.393561 4.296678 -0.999626
v -0.210914 4.335617 -1.343080
v -0.205359 4.331374 -1.336302
v -0.542212 4.045928 -0.744746
v -0.572061 4.053139 -0.797851
v -0.831221 4.271667 -0.814943
v -0.804955 4.265321 -0.768212
v -0.804955 4.265321 -0.768212
v -0.831221 4.271667 -0.814943
v -1.148509 4.185822 -0.903726
v -1.143733 4.184669 -0.895230
v -0.550169 4.082705 -0.945457
v -0.577117 4.092936 -0.993120
v -0.499092 4.252519 -1.195401
v -0.475378 4.243516 -1.153458
v -0.475378 4.243516 -1.153458
v -0.499092 4.252519 -1.195401
v -0.394822 4.079367 -1.439958
v -0.390511 4.077730 -1.432331
v -0.626078 4.074785 -0.914779
v -0.641723 4.087207 -0.959122
v -0.871984 4.231175 -1.030676
v -0.858216 4.220244 -0.991654
v -0.858216 4.220244 -0.991654
v -0.871984 4.231175 -1.030676
v -1.099844 4.099321 -1.128737
v -1.097340 4.097333 -1.121642
v -0.633823 4.100482 -1.113951
v -0.653596 4.096326 -1.161528
v -0.599675 4.212008 -1.370618
v -0.582276 4.215665 -1.328751
v -0.582276 4.215665 -1.328751
v -0.599675 4.212008 -1.370618
v -0.497062 4.093070 -1.644226
v -0.493898 4.093735 -1.636613
v -0.697075 4.097167 -1.080412
v -0.729468 4.085693 -1.127512
v -0.961518 4.188639 -1.233120
v -0.933013 4.198736 -1.191671
v -0.933013 4.198736 -1.191671
v -0.961518 4.188639 -1.233120
v -1.123999 4.004861 -1.314331
v -1.118816 4.006697 -1.306795
v -0.672114 4.095385 -1.199997
v -0.696838 4.095300 -1.243569
v -0.672477 4.203448 -1.521837
v -0.650720 4.203522 -1.483493
v -0.650720 4.203522 -1.483493
v -0.672477 4.203448 -1.521837
v -0.619015 3.998983 -1.660016
v -0.615059 3.998997 -1.653044
v -0.739268 4.095673 -1.166264
v -0.768054 4.080909 -1.208248
v -0.957558 4.132926 -1.300737
v -0.932226 4.145918 -1.263790
v -0.932226 4.145918 -1.263790
v -0.957558 4.132926 -1.300737
v -1.128607 3.980532 -1.381567
v -1.124002 3.982894 -1.374850
v -0.710243 4.085963 -1.280318
v -0.740827 4.087514 -1.330287
v -0.661810 4.048352 -1.623041
v -0.656305 4.048073 -1.614046
v -0.783607 4.083391 -1.248895
v -0.805040 4.075825 -1.291120
v -1.211470 3.955557 -1.507930
v -1.207612 3.956919 -1.500330
v -0.821945 4.075115 -1.331431
v -0.848265 4.055520 -1.372391
v -1.189635 3.929680 -1.519547
v -1.184897 3.933207 -1.512174
v -0.794583 4.057989 -1.446528
v -0.821228 4.047357 -1.492548
v -0.768569 3.985218 -1.687799
v -0.763773 3.987132 -1.679515
v -0.865631 4.047815 -1.410300
v -0.886046 4.042946 -1.455009
v -1.165484 3.823702 -1.596380
v -1.161809 3.824579 -1.588332
v -0.836082 4.036083 -1.525103
v -0.861594 4.017536 -1.573910
v -0.827181 3.883584 -1.791877
v -0.822589 3.886923 -1.783092
v -0.904129 4.030866 -1.491906
v -0.928494 4.008002 -1.531703
v -1.170528 3.807431 -1.666630
v -1.166142 3.811547 -1.659467
v -0.879564 4.006760 -1.606430
v -0.899094 3.983809 -1.648841
v -0.873352 3.834148 -1.881662
v -0.869836 3.838279 -1.874029
v -0.945631 3.992786 -1.567385
v -0.967008 3.982863 -1.610814
v -1.169683 3.815305 -1.690226
v -1.165835 3.817091 -1.682409
v -0.917394 3.967299 -1.683110
v -0.940931 3.949047 -1.724111
v -0.900476 3.863371 -1.833445
v -0.896239 3.866656 -1.826065
v -0.982944 3.967106 -1.646011
v -1.008354 3.934153 -1.682442
v -1.100545 3.861663 -1.710658
v -1.095971 3.867595 -1.704101
v -0.130970 3.251160 0.457309
v -0.008809 3.249611 0.509511
v -0.139656 3.372659 0.807577
v -0.252924 3.374050 0.759547
v -0.252924 3.374050 0.759547
v -0.139656 3.372659 0.807577
v -0.275191 3.451551 1.117822
v -0.378958 3.452741 1.074508
v -0.378958 3.452741 1.074508
v -0.275191 3.451551 1.117822
v -0.412962 3.470141 1.436159
v -0.506328 3.471107 1.398024
v -0.506328 3.471107 1.398024
v -0.412962 3.470141 1.436159
v -0.547963 3.418198 1.751777
v -0.629611 3.418933 1.719320
v -0.629611 3.418933 1.719320
v -0.547963 3.418198 1.751777
v -0.673805 3.290698 2.049068
v -0.741665 3.291203 2.022946
v -0.741665 3.291203 2.022946
v -0.673805 3.290698 2.049068
v -0.784026 3.088822 2.309045
v -0.834183 3.089108 2.290445
v -0.834183 3.089108 2.290445
v -0.784026 3.088822 2.309045
v -0.880242 2.820982 2.508796
v -0.891622 2.821025 2.504751
v -0.299140 3.409717 0.912343
v -0.307115 3.437285 0.963594
v -0.511583 3.530920 0.938895
v -0.510147 3.525958 0.929670
v -0.330848 3.432689 0.996272
v -0.340869 3.449151 1.036362
v -0.729129 3.549380 1.028873
v -0.727325 3.546417 1.021657
v -0.251863 3.431030 1.027020
v -0.276638 3.449142 1.065618
v 0.003371 3.601833 1.328228
v 0.007830 3.598572 1.321280
v -0.358715 3.452644 1.073651
v -0.378808 3.457084 1.116942
v -0.762167 3.755330 1.107413
v -0.758550 3.754530 1.099621
v -0.290818 3.455237 1.097162
v -0.303391 3.452855 1.153202
v 0.062975 3.740347 1.504702
v 0.065238 3.740776 1.494615
v -0.388115 3.464794 1.150506
v -0.415455 3.464747 1.199172
v -0.618348 3.621495 1.195058
v -0.613427 3.621504 1.186298
v -0.426080 3.468255 1.227776
v -0.443611 3.473322 1.281732
v -0.970496 3.854850 1.317676
v -0.967340 3.853938 1.307964
v -0.349641 3.461934 1.261541
v -0.376521 3.478080 1.307217
v -0.172419 3.509006 1.540478
v -0.167580 3.506100 1.532256
v -0.391339 3.475574 1.341793
v -0.400756 3.468493 1.386954
v -0.285441 3.683931 1.584960
v -0.277153 3.690162 1.545218
v -0.277153 3.690162 1.545218
v -0.285441 3.683931 1.584960
v -0.090440 3.719446 1.899082
v -0.088933 3.720579 1.891856
v -0.493520 3.469147 1.388502
v -0.508023 3.471684 1.441652
v -0.759105 3.704065 1.500457
v -0.746343 3.701832 1.453684
v -0.746343 3.701832 1.453684
v -0.759105 3.704065 1.500457
v -1.196288 3.702451 1.564383
v -1.193967 3.702045 1.555879
v -0.525181 3.465461 1.473154
v -0.541713 3.461634 1.517038
v -0.828331 3.598031 1.618729
v -0.813783 3.601399 1.580111
v -0.813783 3.601399 1.580111
v -0.828331 3.598031 1.618729
v -1.182682 3.512962 1.707033
v -1.180037 3.513574 1.700011
v -0.445394 3.460091 1.500150
v -0.477600 3.465568 1.548390
v -0.334047 3.699843 1.815527
v -0.305705 3.695024 1.773076
v -0.305705 3.695024 1.773076
v -0.334047 3.699843 1.815527
v -0.136738 3.695834 2.098325
v -0.131585 3.694957 2.090607
v -0.560587 3.449687 1.546841
v -0.571039 3.454904 1.602649
v -0.816412 3.604283 1.695235
v -0.807214 3.599692 1.646124
v -0.807214 3.599692 1.646124
v -0.816412 3.604283 1.695235
v -1.093811 3.412950 1.731226
v -1.092139 3.412116 1.722297
v -0.589247 3.440638 1.626459
v -0.606289 3.432384 1.681139
v -0.877960 3.590436 1.815764
v -0.862962 3.597699 1.767645
v -0.862962 3.597699 1.767645
v -0.877960 3.590436 1.815764
v -1.230327 3.380667 1.898577
v -1.227600 3.381988 1.889828
v -0.519356 3.446835 1.657292
v -0.532007 3.424846 1.707977
v -0.416912 3.512437 1.926127
v -0.405779 3.531787 1.881524
v -0.405779 3.531787 1.881524
v -0.416912 3.512437 1.926127
v -0.230363 3.304312 2.136497
v -0.228339 3.307831 2.128388
v -0.623225 3.416032 1.705487
v -0.635098 3.415549 1.758382
v -0.896194 3.511292 1.873478
v -0.885746 3.511717 1.826931
v -0.885746 3.511717 1.826931
v -0.896194 3.511292 1.873478
v -1.132291 3.274383 1.885629
v -1.130391 3.274460 1.877166
v -0.652996 3.394104 1.781330
v -0.666857 3.386886 1.836591
v -0.814754 3.428746 1.916119
v -0.802556 3.435098 1.867490
v -0.802556 3.435098 1.867490
v -0.814754 3.428746 1.916119
v -0.972138 3.333876 1.947467
v -0.969920 3.335031 1.938625
v -0.578082 3.396739 1.815691
v -0.597305 3.383012 1.859166
v -0.549378 3.408123 2.017271
v -0.532462 3.420203 1.979013
v -0.532462 3.420203 1.979013
v -0.549378 3.408123 2.017271
v -0.468248 3.268743 2.126599
v -0.465172 3.270939 2.119643
v -0.678191 3.376499 1.863522
v -0.701730 3.344722 1.905730
v -0.967328 3.253953 1.972833
v -0.963091 3.259673 1.965235
v -0.605025 3.363766 1.890484
v -0.630279 3.356270 1.935317
v -0.562796 3.390203 2.205105
v -0.540573 3.396799 2.165652
v -0.540573 3.396799 2.165652
v -0.562796 3.390203 2.205105
v -0.450448 3.125934 2.317111
v -0.446407 3.127133 2.309938
v -0.710652 3.337107 1.936291
v -0.727518 3.314465 1.980748
v -0.950052 3.344586 2.090382
v -0.935210 3.364511 2.051260
v -0.935210 3.364511 2.051260
v -0.950052 3.344586 2.090382
v -1.163161 3.187534 2.109729
v -1.160463 3.191156 2.102616
v -0.738154 3.301121 2.012209
v -0.756287 3.271460 2.048615
v -0.935794 3.172963 2.117097
v -0.932531 3.178302 2.110544
v -0.665322 3.293770 2.039523
v -0.684183 3.277739 2.077035
v -0.601977 3.275174 2.418176
v -0.585380 3.289282 2.385165
v -0.585380 3.289282 2.385165
v -0.601977 3.275174 2.418176
v -0.487265 3.044501 2.538561
v -0.484247 3.047067 2.532558
v -0.766037 3.257173 2.085670
v -0.782534 3.227430 2.114475
v -0.955315 3.221883 2.210092
v -0.940797 3.248056 2.184744
v -0.940797 3.248056 2.184744
v -0.955315 3.221883 2.210092
v -1.107569 3.053334 2.204581
v -1.104930 3.058093 2.199972
v -0.690680 3.254419 2.104303
v -0.712791 3.229172 2.151149
v -0.650417 3.197900 2.405808
v -0.630959 3.220117 2.364584
v -0.630959 3.220117 2.364584
v -0.650417 3.197900 2.405808
v -0.549014 2.975740 2.456464
v -0.545476 2.979779 2.448969
v -0.718418 3.205235 2.175287
v -0.736577 3.181300 2.213820
v -0.637626 3.028366 2.408064
v -0.634358 3.032674 2.401128
v -0.817304 3.158267 2.214728
v -0.831893 3.122936 2.247537
v -0.924232 3.055480 2.268614
v -0.921606 3.061840 2.262708
v -0.740964 3.153793 2.237727
v -0.762794 3.126522 2.278951
v -0.698685 3.023064 2.401015
v -0.694756 3.027972 2.393594
v -0.842496 3.097086 2.274206
v -0.852847 3.069538 2.309790
v -1.140471 2.781251 2.433039
v -1.138608 2.786210 2.426633
v -0.769939 3.101242 2.302725
v -0.779792 3.064559 2.335218
v -0.702010 2.848177 2.531490
v -0.700236 2.854780 2.525641
v -0.863053 3.042599 2.330018
v -0.875462 3.001469 2.368857
v -0.929842 2.938574 2.378060
v -0.927608 2.945977 2.371069
v -0.881960 2.980325 2.392537
v -0.896249 2.932880 2.413005
v -1.018123 2.758292 2.418403
v -1.015551 2.766832 2.414719
v -0.810857 2.978325 2.413804
v -0.821385 2.934191 2.444719
v -0.753512 2.755174 2.513812
v -0.751617 2.763118 2.508247
v -0.901393 2.911093 2.440490
v -0.913142 2.864133 2.463593
v -0.927761 2.844743 2.454674
v -0.925646 2.853196 2.450516
v -0.826614 2.908850 2.461890
v -0.841773 2.865756 2.494672
v -0.800717 2.777570 2.528285
v -0.797988 2.785327 2.522384
v -0.130970 3.251160 0.457309
v -0.008809 3.249611 0.509511
v -0.139656 3.372659 0.807577
v -0.252924 3.374050 0.759547
v -0.252924 3.374050 0.759547
v -0.139656 3.372659 0.807577
v -0.275191 3.451551 1.117822
v -0.378958 3.452741 1.074508
v -0.378958 3.452741 1.074508
v -0.275191 3.451551 1.117822
v -0.412962 3.470141 1.436159
v -0.506328 3.471107 1.398024
v -0.506328 3.471107 1.398024
v -0.412962 3.470141 1.436159
v -0.547963 3.418198 1.751777
v -0.629611 3.418933 1.719320
v -0.629611 3.418933 1.719320
v -0.547963 3.418198 1.751777
v -0.673805 3.290698 2.049068
v -0.741665 3.291203 2.022946
v -0.741665 3.291203 2.022946
v -0.673805 3.290698 2.049068
v -0.784026 3.088822 2.309045
v -0.834183 3.089108 2.290445
v -0.834183 3.089108 2.290445
v -0.784026 3.088822 2.309045
v -0.880242 2.820982 2.508796
v -0.891622 2.821025 2.504751
v -0.299140 3.409717 0.912343
v -0.307115 3.437285 0.963594
v -0.511583 3.530920 0.938895
v -0.510147 3.525958 0.929670
v -0.330848 3.432689 0.996272
v -0.340869 3.449151 1.036362
v -0.729129 3.549380 1.028873
v -0.727325 3.546417 1.021657
v -0.251863 3.431030 1.027020
v -0.276638 3.449142 1.065618
v 0.003371 3.601833 1.328228
v 0.007830 3.598572 1.321280
v -0.358715 3.452644 1.073651
v -0.378808 3.457084 1.116942
v -0.762167 3.755330 1.107413
v -0.758550 3.754530 1.099621
v -0.290818 3.455237 1.097162
v -0.303391 3.452855 1.153202
v 0.062975 3.740347 1.504702
v 0.065238 3.740776 1.494615
v -0.388115 3.464794 1.150506
v -0.415455 3.464747 1.199172
v -0.618348 3.621495 1.195058
v -0.613427 3.621504 1.186298
v -0.426080 3.468255 1.227776
v -0.443611 3.473322 1.281732
v -0.970496 3.854850 1.317676
v -0.967340 3.853938 1.307964
v -0.349641 3.461934 1.261541
v -0.376521 3.478080 1.307217
v -0.172419 3.509006 1.540478
v -0.167580 3.506100 1.532256
v -0.391339 3.475574 1.341793
v -0.400756 3.468493 1.386954
v -0.285441 3.683931 1.584960
v -0.277153 3.690162 1.545218
v -0.277153 3.690162 1.545218
v -0.285441 3.683931 1.584960
v -0.090440 3.719446 1.899082
v -0.088933 3.720579 1.891856
v -0.493520 3.469147 1.388502
v -0.508023 3.471684 1.441652
v -0.759105 3.704065 1.500457
v -0.746343 3.701832 1.453684
v -0.746343 3.701832 1.453684
v -0.759105 3.704065 1.500457
v -1.196288 3.702451 1.564383
v -1.193967 3.702045 1.555879
v -0.525181 3.465461 1.473154
v -0.541713 3.461634 1.517038
v -0.828331 3.598031 1.618729
v -0.813783 3.601399 1.580111
v -0.813783 3.601399 1.580111
v -0.828331 3.598031 1.618729
v -1.182682 3.512962 1.707033
v -1.180037 3.513574 1.700011
v -0.445394 3.460091 1.500150
v -0.477600 3.465568 1.548390
v -0.334047 3.699843 1.815527
v -0.305705 3.695024 1.773076
v -0.305705 3.695024 1.773076
v -0.334047 3.699843 1.815527
v -0.136738 3.695834 2.098325
v -0.131585 3.694957 2.090607
v -0.560587 3.449687 1.546841
v -0.571039 3.454904 1.602649
v -0.816412 3.604283 1.695235
v -0.807214 3.599692 1.646124
v -0.807214 3.599692 1.646124
v -0.816412 3.604283 1.695235
v -1.093811 3.412950 1.731226
v -1.092139 3.412116 1.722297
v -0.589247 3.440638 1.626459
v -0.606289 3.432384 1.681139
v -0.877960 3.590436 1.815764
v -0.862962 3.597699 1.767645
v -0.862962 3.597699 1.767645
v -0.877960 3.590436 1.815764
v -1.230327 3.380667 1.898577
v -1.227600 3.381988 1.889828
v -0.519356 3.446835 1.657292
v -0.532007 3.424846 1.707977
v -0.416912 3.512437 1.926127
v -0.405779 3.531787 1.881524
v -0.405779 3.531787 1.881524
v -0.416912 3.512437 1.926127
v -0.230363 3.304312 2.136497
v -0.228339 3.307831 2.128388
v -0.623225 3.416032 1.705487
v -0.635098 3.415549 1.758382
v -0.896194 3.511292 1.873478
v -0.885746 3.511717 1.826931
v -0.885746 3.511717 1.826931
v -0.896194 3.511292 1.873478
v -1.132291 3.274383 1.885629
v -1.130391 3.274460 1.877166
v -0.652996 3.394104 1.781330
v -0.666857 3.386886 1.836591
v -0.814754 3.428746 1.916119
v -0.802556 3.435098 1.867490
v -0.802556 3.435098 1.867490
v -0.814754 3.428746 1.916119
v -0.972138 3.333876 1.947467
v -0.969920 3.335031 1.938625
v -0.578082 3.396739 1.815691
v -0.597305 3.383012 1.859166
v -0.549378 3.408123 2.017271
v -0.532462 3.420203 1.979013
v -0.532462 3.420203 1.979013
v -0.549378 3.408123 2.017271
v -0.468248 3.268743 2.126599
v -0.465172 3.270939 2.119643
v -0.678191 3.376499 1.863522
v -0.701730 3.344722 1.905730
v -0.967328 3.253953 1.972833
v -0.963091 3.259673 1.965235
v -0.605025 3.363766 1.890484
v -0.630279 3.356270 1.935317
v -0.562796 3.390203 2.205105
v -0.540573 3.396799 2.165652
v -0.540573 3.396799 2.165652
v -0.562796 3.390203 2.205105
v -0.450448 3.125934 2.317111
v -0.446407 3.127133 2.309938
v -0.710652 3.337107 1.936291
v -0.727518 3.314465 1.980748
v -0.950052 3.344586 2.090382
v -0.935210 3.364511 2.051260
v -0.935210 3.364511 2.051260
v -0.950052 3.344586 2.090382
v -1.163161 3.187534 2.109729
v -1.160463 3.191156 2.102616
v -0.738154 3.301121 2.012209
v -0.756287 3.271460 2.048615
v -0.935794 3.172963 2.117097
v -0.932531 3.178302 2.110544
v -0.665322 3.293770 2.039523
v -0.684183 3.277739 2.077035
v -0.601977 3.275174 2.418176
v -0.585380 3.289282 2.385165
v -0.585380 3.289282 2.385165
v -0.601977 3.275174 2.418176
v -0.487265 3.044501 2.538561
v -0.484247 3.047067 2.532558
v -0.766037 3.257173 2.085670
v -0.782534 3.227430 2.114475
v -0.955315 3.221883 2.210092
v -0.940797 3.248056 2.184744
v -0.940797 3.248056 2.184744
v -0.955315 3.221883 2.210092
v -1.107569 3.053334 2.204581
v -1.104930 3.058093 2.199972
v -0.690680 3.254419 2.104303
v -0.712791 3.229172 2.151149
v -0.650417 3.197900 2.405808
v -0.630959 3.220117 2.364584
v -0.630959 3.220117 2.364584
v -0.650417 3.197900 2.405808
v -0.549014 2.975740 2.456464
v -0.545476 2.979779 2.448969
v -0.718418 3.205235 2.175287
v -0.736577 3.181300 2.213820
v -0.637626 3.028366 2.408064
v -0.634358 3.032674 2.401128
v -0.817304 3.158267 2.214728
v -0.831893 3.122936 2.247537
v -0.924232 3.055480 2.268614
v -0.921606 3.061840 2.262708
v -0.740964 3.153793 2.237727
v -0.762794 3.126522 2.278951
v -0.698685 3.023064 2.401015
v -0.694756 3.027972 2.393594
v -0.842496 3.097086 2.274206
v -0.852847 3.069538 2.309790
v -1.140471 2.781251 2.433039
v -1.138608 2.786210 2.426633
v -0.769939 3.101242 2.302725
v -0.779792 3.064559 2.335218
v -0.702010 2.848177 2.531490
v -0.700236 2.854780 2.525641
v -0.863053 3.042599 2.330018
v -0.875462 3.001469 2.368857
v -0.929842 2.938574 2.378060
v -0.927608 2.945977 2.371069
v -0.881960 2.980325 2.392537
v -0.896249 2.932880 2.413005
v -1.018123 2.758292 2.418403
v -1.015551 2.766832 2.414719
v -0.810857 2.978325 2.413804
v -0.821385 2.934191 2.444719
v -0.753512 2.755174 2.513812
v -0.751617 2.763118 2.508247
v -0.901393 2.911093 2.440490
v -0.913142 2.864133 2.463593
v -0.927761 2.844743 2.454674
v -0.925646 2.853196 2.450516
v -0.826614 2.908850 2.461890
v -0.841773 2.865756 2.494672
v -0.800717 2.777570 2.528285
v -0.797988 2.785327 2.522384
v 0.154333 3.219866 0.389956
v 0.121184 3.234349 0.262121
v 0.465694 3.320495 0.188316
v 0.495718 3.307034 0.306873
v 0.495718 3.307034 0.306873
v 0.465694 3.320495 0.188316
v 0.818228 3.355203 0.110187
v 0.844412 3.342813 0.218842
v 0.844412 3.342813 0.218842
v 0.818228 3.355203 0.110187
v 1.170234 3.320953 0.029808
v 1.192179 3.309735 0.127608
v 1.192179 3.309735 0.127608
v 1.170234 3.320953 0.029808
v 1.505706 3.208375 -0.048978
v 1.523174 3.198494 0.036565
v 1.523174 3.198494 0.036565
v 1.505706 3.208375 -0.048978
v 1.803648 3.015534 -0.121617
v 1.816510 3.007256 -0.050528
v 1.816510 3.007256 -0.050528
v 1.803648 3.015534 -0.121617
v 2.040618 2.749022 -0.183415
v 2.048752 2.742852 -0.130903
v 2.048752 2.742852 -0.130903
v 2.040618 2.749022 -0.183415
v 2.194735 2.423910 -0.222962
v 2.196239 2.422498 -0.211061
v 0.721804 3.336227 0.234270
v 0.769359 3.346816 0.215277
v 0.962683 3.508301 0.459794
v 0.954123 3.506395 0.463212
v 0.704960 3.352970 0.159616
v 0.749510 3.347146 0.140011
v 0.797413 3.509778 -0.137396
v 0.789394 3.510827 -0.133868
v 0.803971 3.347431 0.207806
v 0.864420 3.341851 0.199215
v 0.999976 3.473351 0.384355
v 0.989095 3.474356 0.385902
v 0.791118 3.352852 0.133753
v 0.841079 3.353538 0.123232
v 0.886985 3.487029 -0.045595
v 0.877992 3.486905 -0.043701
v 0.896962 3.349825 0.185180
v 0.948636 3.337116 0.178961
v 1.385585 3.457130 0.698145
v 1.376283 3.459418 0.699265
v 0.985926 3.332821 0.172456
v 1.036466 3.342846 0.148546
v 1.439629 3.480564 0.537359
v 1.430532 3.478760 0.541663
v 1.141662 3.328318 0.050982
v 1.197069 3.312400 0.032839
v 1.291174 3.413516 -0.211067
v 1.281201 3.416381 -0.207801
v 1.227846 3.306700 0.025684
v 1.283898 3.293345 0.014778
v 1.426618 3.364999 -0.262298
v 1.416528 3.367403 -0.260335
v 1.329511 3.269526 0.083845
v 1.385066 3.262440 0.064355
v 1.642396 3.324145 0.253074
v 1.593508 3.330381 0.270225
v 1.593508 3.330381 0.270225
v 1.642396 3.324145 0.253074
v 1.857977 3.086714 0.501726
v 1.849088 3.087847 0.504844
v 1.318227 3.282014 0.003660
v 1.363938 3.267315 -0.006329
v 1.505600 3.427474 -0.201644
v 1.465374 3.440409 -0.192854
v 1.465374 3.440409 -0.192854
v 1.505600 3.427474 -0.201644
v 1.570012 3.308467 -0.495793
v 1.562698 3.310819 -0.494195
v 1.415309 3.248843 0.057845
v 1.465446 3.221555 0.047769
v 1.658733 3.137701 0.240425
v 1.649708 3.142613 0.242238
v 1.497438 3.212609 0.037343
v 1.545529 3.186181 0.026188
v 1.858974 3.240463 0.219103
v 1.816653 3.263720 0.228919
v 1.816653 3.263720 0.228919
v 1.858974 3.240463 0.219103
v 2.074712 3.005094 0.455801
v 2.067017 3.009322 0.457585
v 1.480129 3.220705 -0.037439
v 1.531960 3.195548 -0.050209
v 1.717067 3.304825 -0.264558
v 1.671455 3.326963 -0.253320
v 1.671455 3.326963 -0.253320
v 1.717067 3.304825 -0.264558
v 1.787411 3.120977 -0.563605
v 1.779117 3.125002 -0.561562
v 1.576112 3.171909 0.018013
v 1.624442 3.145265 0.004062
v 1.868225 3.178490 0.131362
v 1.825694 3.201937 0.143639
v 1.825694 3.201937 0.143639
v 1.868225 3.178490 0.131362
v 1.941876 2.941191 0.266936
v 1.934143 2.945454 0.269169
v 1.558127 3.179135 -0.060294
v 1.612360 3.155553 -0.068969
v 1.815999 3.228804 -0.330117
v 1.768274 3.249557 -0.322482
v 1.768274 3.249557 -0.322482
v 1.815999 3.228804 -0.330117
v 1.829275 2.964008 -0.632409
v 1.820598 2.967781 -0.631021
v 1.655513 3.126473 -0.003594
v 1.697043 3.098726 -0.015000
v 2.017829 3.060445 0.173088
v 1.981282 3.084863 0.183126
v 1.981282 3.084863 0.183126
v 2.017829 3.060445 0.173088
v 2.057337 2.765444 0.320002
v 2.050692 2.769883 0.321827
v 1.640535 3.140808 -0.075033
v 1.682798 3.101959 -0.095057
v 1.895373 3.151924 -0.354321
v 1.858180 3.186111 -0.336699
v 1.858180 3.186111 -0.336699
v 1.895373 3.151924 -0.354321
v 1.911094 2.937123 -0.606385
v 1.904332 2.943339 -0.603181
v 1.728423 3.083292 -0.026452
v 1.769715 3.039728 -0.031884
v 2.080839 2.997386 0.140448
v 2.044503 3.035722 0.145228
v 2.044503 3.035722 0.145228
v 2.080839 2.997386 0.140448
v 2.171949 2.743626 0.303819
v 2.165343 2.750596 0.304688
v 1.717745 3.086641 -0.097410
v 1.752045 3.054002 -0.112583
v 1.966381 3.064388 -0.307886
v 1.936197 3.093110 -0.294534
v 1.936197 3.093110 -0.294534
v 1.966381 3.064388 -0.307886
v 2.034608 2.919538 -0.486089
v 2.029120 2.924760 -0.483662
v 1.797359 3.023885 -0.042236
v 1.839499 2.987469 -0.054845
v 2.081089 2.927677 0.046849
v 2.044006 2.959723 0.057945
v 2.044006 2.959723 0.057945
v 2.081089 2.927677 0.046849
v 2.065256 2.591506 0.167636
v 2.058514 2.597333 0.169654
v 1.865802 2.961217 -0.060976
v 1.902205 2.929284 -0.073751
v 2.171396 2.843598 0.043021
v 2.139362 2.871700 0.054263
v 2.139362 2.871700 0.054263
v 2.171396 2.843598 0.043021
v 2.145178 2.570305 0.149160
v 2.139354 2.575414 0.151204
v 1.853945 2.972546 -0.137738
v 1.887546 2.935691 -0.148963
v 1.990687 2.775067 -0.355747
v 1.984639 2.781701 -0.353726
v 1.930727 2.902997 -0.083520
v 1.959462 2.857197 -0.087564
v 2.213274 2.482900 0.154796
v 2.208102 2.491145 0.155524
v 1.987406 2.837345 -0.102063
v 2.015700 2.784104 -0.104070
v 2.178120 2.440273 0.035221
v 2.173028 2.449856 0.035582
v 1.971689 2.837408 -0.176277
v 2.006848 2.801895 -0.182143
v 2.081110 2.520936 -0.531527
v 2.074781 2.527328 -0.530471
v 2.042751 2.758597 -0.118330
v 2.063485 2.716345 -0.121497
v 2.223799 2.328923 0.029176
v 2.220067 2.336529 0.029746
v 2.023786 2.768791 -0.192789
v 2.058894 2.724063 -0.199477
v 2.196178 2.426594 -0.458611
v 2.189858 2.434646 -0.457407
v 2.088911 2.686517 -0.133361
v 2.109871 2.634649 -0.138731
v 2.156546 2.378720 -0.006624
v 2.152773 2.388056 -0.005658
v 2.072344 2.695832 -0.207601
v 2.103923 2.643307 -0.217082
v 2.095240 2.426458 -0.414677
v 2.089556 2.435913 -0.412971
v 2.127749 2.600830 -0.146030
v 2.151554 2.559602 -0.156758
v 2.151718 2.472620 -0.110269
v 2.147434 2.480042 -0.108338
v 2.119713 2.615592 -0.222446
v 2.138144 2.562875 -0.233079
v 2.137980 2.368684 -0.418378
v 2.134662 2.378173 -0.416464
v 2.150086 2.531265 -0.239452
v 2.177630 2.480884 -0.245433
v 2.157069 2.389983 -0.306855
v 2.152111 2.399052 -0.305778
v 0.154333 3.219866 0.389956
v 0.121184 3.234349 0.262121
v 0.465694 3.320495 0.188316
v 0.495718 3.307034 0.306873
v 0.495718 3.307034 0.306873
v 0.465694 3.320495 0.188316
v 0.818228 3.355203 0.110187
v 0.844412 3.342813 0.218842
v 0.844412 3.342813 0.218842
v 0.818228 3.355203 0.110187
v 1.170234 3.320953 0.029808
v 1.192179 3.309735 0.127608
v 1.192179 3.309735 0.127608
v 1.170234 3.320953 0.029808
v 1.505706 3.208375 -0.048978
v 1.523174 3.198494 0.036565
v 1.523174 3.198494 0.036565
v 1.505706 3.208375 -0.048978
v 1.803648 3.015534 -0.121617
v 1.816510 3.007256 -0.050528
v 1.816510 3.007256 -0.050528
v 1.803648 3.015534 -0.121617
v 2.040618 2.749022 -0.183415
v 2.048752 2.742852 -0.130903
v 2.048752 2.742852 -0.130903
v 2.040618 2.749022 -0.183415
v 2.194735 2.423910 -0.222962
v 2.196239 2.422498 -0.211061
v 0.721804 3.336227 0.234270
v 0.769359 3.346816 0.215277
v 0.962683 3.508301 0.459794
v 0.954123 3.506395 0.463212
v 0.704960 3.352970 0.159616
v 0.749510 3.347146 0.140011
v 0.797413 3.509778 -0.137396
v 0.789394 3.510827 -0.133868
v 0.803971 3.347431 0.207806
v 0.864420 3.341851 0.199215
v 0.999976 3.473351 0.384355
v 0.989095 3.474356 0.385902
v 0.791118 3.352852 0.133753
v 0.841079 3.353538 0.123232
v 0.886985 3.487029 -0.045595
v 0.877992 3.486905 -0.043701
v 0.896962 3.349825 0.185180
v 0.948636 3.337116 0.178961
v 1.385585 3.457130 0.698145
v 1.376283 3.459418 0.699265
v 0.985926 3.332821 0.172456
v 1.036466 3.342846 0.148546
v 1.439629 3.480564 0.537359
v 1.430532 3.478760 0.541663
v 1.141662 3.328318 0.050982
v 1.197069 3.312400 0.032839
v 1.291174 3.413516 -0.211067
v 1.281201 3.416381 -0.207801
v 1.227846 3.306700 0.025684
v 1.283898 3.293345 0.014778
v 1.426618 3.364999 -0.262298
v 1.416528 3.367403 -0.260335
v 1.329511 3.269526 0.083845
v 1.385066 3.262440 0.064355
v 1.642396 3.324145 0.253074
v 1.593508 3.330381 0.270225
v 1.593508 3.330381 0.270225
v 1.642396 3.324145 0.253074
v 1.857977 3.086714 0.501726
v 1.849088 3.087847 0.504844
v 1.318227 3.282014 0.003660
v 1.363938 3.267315 -0.006329
v 1.505600 3.427474 -0.201644
v 1.465374 3.440409 -0.192854
v 1.465374 3.440409 -0.192854
v 1.505600 3.427474 -0.201644
v 1.570012 3.308467 -0.495793
v 1.562698 3.310819 -0.494195
v 1.415309 3.248843 0.057845
v 1.465446 3.221555 0.047769
v 1.658733 3.137701 0.240425
v 1.649708 3.142613 0.242238
v 1.497438 3.212609 0.037343
v 1.545529 3.186181 0.026188
v 1.858974 3.240463 0.219103
v 1.816653 3.263720 0.228919
v 1.816653 3.263720 0.228919
v 1.858974 3.240463 0.219103
v 2.074712 3.005094 0.455801
v 2.067017 3.009322 0.457585
v 1.480129 3.220705 -0.037439
v 1.531960 3.195548 -0.050209
v 1.717067 3.304825 -0.264558
v 1.671455 3.326963 -0.253320
v 1.671455 3.326963 -0.253320
v 1.717067 3.304825 -0.264558
v 1.787411 3.120977 -0.563605
v 1.779117 3.125002 -0.561562
v 1.576112 3.171909 0.018013
v 1.624442 3.145265 0.004062
v 1.868225 3.178490 0.131362
v 1.825694 3.201937 0.143639
v 1.825694 3.201937 0.143639
v 1.868225 3.178490 0.131362
v 1.941876 2.941191 0.266936
v 1.934143 2.945454 0.269169
v 1.558127 3.179135 -0.060294
v 1.612360 3.155553 -0.068969
v 1.815999 3.228804 -0.330117
v 1.768274 3.249557 -0.322482
v 1.768274 3.249557 -0.322482
v 1.815999 3.228804 -0.330117
v 1.829275 2.964008 -0.632409
v 1.820598 2.967781 -0.631021
v 1.655513 3.126473 -0.003594
v 1.697043 3.098726 -0.015000
v 2.017829 3.060445 0.173088
v 1.981282 3.084863 0.183126
v 1.981282 3.084863 0.183126
v 2.017829 3.060445 0.173088
v 2.057337 2.765444 0.320002
v 2.050692 2.769883 0.321827
v 1.640535 3.140808 -0.075033
v 1.682798 3.101959 -0.095057
v 1.895373 3.151924 -0.354321
v 1.858180 3.186111 -0.336699
v 1.858180 3.186111 -0.336699
v 1.895373 3.151924 -0.354321
v 1.911094 2.937123 -0.606385
v 1.904332 2.943339 -0.603181
v 1.728423 3.083292 -0.026452
v 1.769715 3.039728 -0.031884
v 2.080839 2.997386 0.140448
v 2.044503 3.035722 0.145228
v 2.044503 3.035722 0.145228
v 2.080839 2.997386 0.140448
v 2.171949 2.743626 0.303819
v 2.165343 2.750596 0.304688
v 1.717745 3.086641 -0.097410
v 1.752045 3.054002 -0.112583
v 1.966381 3.064388 -0.307886
v 1.936197 3.093110 -0.294534
v 1.936197 3.093110 -0.294534
v 1.966381 3.064388 -0.307886
v 2.034608 2.919538 -0.486089
v 2.029120 2.924760 -0.483662
v 1.797359 3.023885 -0.042236
v 1.839499 2.987469 -0.054845
v 2.081089 2.927677 0.046849
v 2.044006 2.959723 0.057945
v 2.044006 2.959723 0.057945
v 2.081089 2.927677 0.046849
v 2.065256 2.591506 0.167636
v 2.058514 2.597333 0.169654
v 1.865802 2.961217 -0.060976
v 1.902205 2.929284 -0.073751
v 2.171396 2.843598 0.043021
v 2.139362 2.871700 0.054263
v 2.139362 2.871700 0.054263
v 2.171396 2.843598 0.043021
v 2.145178 2.570305 0.149160
v 2.139354 2.575414 0.151204
v 1.853945 2.972546 -0.137738
v 1.887546 2.935691 -0.148963
v 1.990687 2.775067 -0.355747
v 1.984639 2.781701 -0.353726
v 1.930727 2.902997 -0.083520
v 1.959462 2.857197 -0.087564
v 2.213274 2.482900 0.154796
v 2.208102 2.491145 0.155524
v 1.987406 2.837345 -0.102063
v 2.015700 2.784104 -0.104070
v 2.178120 2.440273 0.035221
v 2.173028 2.449856 0.035582
v 1.971689 2.837408 -0.176277
v 2.006848 2.801895 -0.182143
v 2.081110 2.520936 -0.531527
v 2.074781 2.527328 -0.530471
v 2.042751 2.758597 -0.118330
v 2.063485 2.716345 -0.121497
v 2.223799 2.328923 0.029176
v 2.220067 2.336529 0.029746
v 2.023786 2.768791 -0.192789
v 2.058894 2.724063 -0.199477
v 2.196178 2.426594 -0.458611
v 2.189858 2.434646 -0.457407
v 2.088911 2.686517 -0.133361
v 2.109871 2.634649 -0.138731
v 2.156546 2.378720 -0.006624
v 2.152773 2.388056 -0.005658
v 2.072344 2.695832 -0.207601
v 2.103923 2.643307 -0.217082
v 2.095240 2.426458 -0.414677
v 2.089556 2.435913 -0.412971
v 2.127749 2.600830 -0.146030
v 2.151554 2.559602 -0.156758
v 2.151718 2.472620 -0.110269
v 2.147434 2.480042 -0.108338
v 2.119713 2.615592 -0.222446
v 2.138144 2.562875 -0.233079
v 2.137980 2.368684 -0.418378
v 2.134662 2.378173 -0.416464
v 2.150086 2.531265 -0.239452
v 2.177630 2.480884 -0.245433
v 2.157069 2.389983 -0.306855
v 2.152111 2.399052 -0.305778
v -0.080321 3.202323 0.262725
v -0.134895 3.185293 0.382651
v -0.483590 3.251862 0.228904
v -0.433816 3.267645 0.117496
v -0.433816 3.267645 0.117496
v -0.483590 3.251862 0.228904
v -0.835290 3.262409 0.069757
v -0.791227 3.276854 -0.032688
v -0.791227 3.276854 -0.032688
v -0.835290 3.262409 0.069757
v -1.180249 3.198740 -0.090769
v -1.142487 3.211716 -0.183387
v -1.142487 3.211716 -0.183387
v -1.180249 3.198740 -0.090769
v -1.501438 3.052157 -0.245723
v -1.470432 3.063478 -0.327154
v -1.470432 3.063478 -0.327154
v -1.501438 3.052157 -0.245723
v -1.776996 2.822580 -0.387188
v -1.753175 2.831957 -0.455249
v -1.753175 2.831957 -0.455249
v -1.776996 2.822580 -0.387188
v -1.982815 2.519665 -0.508307
v -1.966831 2.526565 -0.558890
v -1.966831 2.526565 -0.558890
v -1.982815 2.519665 -0.508307
v -2.094029 2.164413 -0.612080
v -2.090809 2.165970 -0.623616
v -0.617486 3.278610 0.062580
v -0.670554 3.278659 0.039059
v -0.670097 3.467698 -0.098831
v -0.660544 3.467689 -0.094597
v -0.648388 3.273781 0.125209
v -0.701453 3.263554 0.117487
v -0.840682 3.378832 0.250343
v -0.831130 3.380673 0.251733
v -0.705322 3.282565 0.029343
v -0.758859 3.273365 -0.004900
v -0.786916 3.516260 -0.368403
v -0.777279 3.517916 -0.362240
v -0.739244 3.265451 0.095134
v -0.786209 3.270538 0.070595
v -0.931143 3.269214 0.220381
v -0.922689 3.268298 0.224798
v -0.797116 3.280844 -0.007441
v -0.842831 3.265133 -0.045594
v -0.859024 3.372236 -0.251688
v -0.850795 3.375063 -0.244820
v -0.883531 3.268276 -0.053078
v -0.931365 3.258226 -0.077548
v -0.951623 3.338570 -0.262240
v -0.943013 3.340379 -0.257836
v -0.996941 3.239833 -0.017524
v -1.051009 3.237411 -0.048513
v -1.712579 3.358099 0.411507
v -1.702847 3.358535 0.417085
v -1.052222 3.233875 -0.132443
v -1.108196 3.224420 -0.152833
v -1.147553 3.235724 -0.411720
v -1.137478 3.237426 -0.408050
v -1.137041 3.209065 -0.171998
v -1.192954 3.200266 -0.189902
v -1.274885 3.308684 -0.429557
v -1.225681 3.316427 -0.413801
v -1.225681 3.316427 -0.413801
v -1.274885 3.308684 -0.429557
v -1.297629 3.236229 -0.767329
v -1.288683 3.237637 -0.764464
v -1.170260 3.203581 -0.099245
v -1.217713 3.185771 -0.119991
v -1.501925 3.246285 0.021174
v -1.460168 3.261958 0.039430
v -1.460168 3.261958 0.039430
v -1.501925 3.246285 0.021174
v -1.749310 3.048930 0.204132
v -1.741718 3.051780 0.207452
v -1.250463 3.172814 -0.133308
v -1.303188 3.156724 -0.161388
v -1.613108 3.247088 -0.022871
v -1.566710 3.261247 0.001839
v -1.566710 3.261247 0.001839
v -1.613108 3.247088 -0.022871
v -1.871616 3.113957 0.157587
v -1.863179 3.116532 0.162080
v -1.330430 3.137978 -0.169327
v -1.385359 3.121660 -0.199785
v -1.741498 3.184968 -0.013340
v -1.693160 3.199328 0.013463
v -1.693160 3.199328 0.013463
v -1.741498 3.184968 -0.013340
v -1.957692 2.966398 0.201726
v -1.948903 2.969009 0.206600
v -1.387166 3.109178 -0.286087
v -1.431095 3.090448 -0.299798
v -1.595163 3.216325 -0.540158
v -1.556505 3.232807 -0.528092
v -1.556505 3.232807 -0.528092
v -1.595163 3.216325 -0.540158
v -1.598942 3.042469 -0.797627
v -1.591914 3.045466 -0.795433
v -1.417487 3.103410 -0.213177
v -1.456300 3.076215 -0.229075
v -1.645118 3.074155 -0.141113
v -1.610963 3.098087 -0.127123
v -1.610963 3.098087 -0.127123
v -1.645118 3.074155 -0.141113
v -1.713305 2.925005 -0.048723
v -1.707095 2.929356 -0.046179
v -1.537932 3.013486 -0.357778
v -1.581929 2.993980 -0.369885
v -1.744407 3.047893 -0.666363
v -1.705688 3.065058 -0.655709
v -1.705688 3.065058 -0.655709
v -1.744407 3.047893 -0.666363
v -1.748235 2.867687 -0.983854
v -1.741196 2.870808 -0.981917
v -1.565024 3.007349 -0.280231
v -1.608543 2.980105 -0.303111
v -1.966609 2.937778 -0.151803
v -1.928313 2.961751 -0.131669
v -1.928313 2.961751 -0.131669
v -1.966609 2.937778 -0.151803
v -2.038241 2.630570 0.010468
v -2.031278 2.634929 0.014129
v -1.612207 2.967640 -0.386349
v -1.649459 2.928914 -0.409268
v -1.717339 2.875619 -0.590282
v -1.710634 2.882590 -0.586156
v -1.636350 2.951311 -0.313994
v -1.678061 2.925225 -0.336947
v -1.936241 2.861637 -0.245198
v -1.899536 2.884593 -0.224999
v -1.899536 2.884593 -0.224999
v -1.936241 2.861637 -0.245198
v -2.009866 2.544600 -0.096586
v -2.003192 2.548774 -0.092913
v -1.682306 2.906870 -0.421012
v -1.713848 2.868667 -0.440160
v -1.877279 2.848134 -0.789042
v -1.849521 2.881753 -0.772192
v -1.849521 2.881753 -0.772192
v -1.877279 2.848134 -0.789042
v -1.802233 2.620956 -1.034339
v -1.797187 2.627069 -1.031275
v -1.702212 2.894245 -0.345949
v -1.745691 2.861269 -0.370188
v -2.044014 2.777831 -0.252541
v -2.005752 2.806849 -0.231211
v -2.005752 2.806849 -0.231211
v -2.044014 2.777831 -0.252541
v -2.084224 2.471741 -0.092651
v -2.077267 2.477017 -0.088772
v -1.749107 2.841835 -0.452169
v -1.773495 2.803052 -0.471929
v -1.933895 2.801006 -0.733767
v -1.912434 2.835135 -0.716379
v -1.912434 2.835135 -0.716379
v -1.933895 2.801006 -0.733767
v -1.845816 2.601079 -0.905685
v -1.841914 2.607285 -0.902524
v -1.884889 2.693183 -0.441014
v -1.913153 2.644253 -0.454386
v -2.156859 2.239843 -0.227602
v -2.151772 2.248651 -0.225195
v -1.915500 2.628048 -0.537785
v -1.932193 2.573049 -0.557614
v -1.886714 2.320173 -0.841197
v -1.883709 2.330072 -0.837627
v -1.938464 2.613499 -0.470398
v -1.956658 2.567569 -0.478499
v -2.138190 2.181571 -0.261549
v -2.134915 2.189839 -0.260091
v -1.977542 2.537265 -0.491401
v -2.004168 2.480340 -0.507726
v -2.142516 2.047258 -0.360560
v -2.137724 2.057505 -0.357622
v -2.001128 2.460104 -0.589026
v -2.011009 2.407628 -0.604186
v -1.982536 2.308279 -0.691604
v -1.980757 2.317725 -0.688875
v -2.019514 2.446954 -0.516881
v -2.037698 2.400751 -0.529087
v -2.069686 2.093054 -0.365882
v -2.066413 2.101371 -0.363685
v -2.060244 2.279767 -0.632727
v -2.067299 2.231045 -0.643584
v -2.017713 2.087162 -0.715835
v -2.016443 2.095932 -0.713881
v -2.080673 2.272296 -0.560355
v -2.089463 2.218497 -0.567974
v -2.083251 2.167197 -0.547173
v -2.081669 2.176881 -0.545801
v -0.080321 3.202323 0.262725
v -0.134895 3.185293 0.382651
v -0.483590 3.251862 0.228904
v -0.433816 3.267645 0.117496
v -0.433816 3.267645 0.117496
v -0.483590 3.251862 0.228904
v -0.835290 3.262409 0.069757
v -0.791227 3.276854 -0.032688
v -0.791227 3.276854 -0.032688
v -0.835290 3.262409 0.069757
v -1.180249 3.198740 -0.090769
v -1.142487 3.211716 -0.183387
v -1.142487 3.211716 -0.183387
v -1.180249 3.198740 -0.090769
v -1.501438 3.052157 -0.245723
v -1.470432 3.063478 -0.327154
v -1.470432 3.063478 -0.327154
v -1.501438 3.052157 -0.245723
v -1.776996 2.822580 -0.387188
v -1.753175 2.831957 -0.455249
v -1.753175 2.831957 -0.455249
v -1.776996 2.822580 -0.387188
v -1.982815 2.519665 -0.508307
v -1.966831 2.526565 -0.558890
v -1.966831 2.526565 -0.558890
v -1.982815 2.519665 -0.508307
v -2.094029 2.164413 -0.612080
v -2.090809 2.165970 -0.623616
v -0.617486 3.278610 0.062580
v -0.670554 3.278659 0.039059
v -0.670097 3.467698 -0.098831
v -0.660544 3.467689 -0.094597
v -0.648388 3.273781 0.125209
v -0.701453 3.263554 0.117487
v -0.840682 3.378832 0.250343
v -0.831130 3.380673 0.251733
v -0.705322 3.282565 0.029343
v -0.758859 3.273365 -0.004900
v -0.786916 3.516260 -0.368403
v -0.777279 3.517916 -0.362240
v -0.739244 3.265451 0.095134
v -0.786209 3.270538 0.070595
v -0.931143 3.269214 0.220381
v -0.922689 3.268298 0.224798
v -0.797116 3.280844 -0.007441
v -0.842831 3.265133 -0.045594
v -0.859024 3.372236 -0.251688
v -0.850795 3.375063 -0.244820
v -0.883531 3.268276 -0.053078
v -0.931365 3.258226 -0.077548
v -0.951623 3.338570 -0.262240
v -0.943013 3.340379 -0.257836
v -0.996941 3.239833 -0.017524
v -1.051009 3.237411 -0.048513
v -1.712579 3.358099 0.411507
v -1.702847 3.358535 0.417085
v -1.052222 3.233875 -0.132443
v -1.108196 3.224420 -0.152833
v -1.147553 3.235724 -0.411720
v -1.137478 3.237426 -0.408050
v -1.137041 3.209065 -0.171998
v -1.192954 3.200266 -0.189902
v -1.274885 3.308684 -0.429557
v -1.225681 3.316427 -0.413801
v -1.225681 3.316427 -0.413801
v -1.274885 3.308684 -0.429557
v -1.297629 3.236229 -0.767329
v -1.288683 3.237637 -0.764464
v -1.170260 3.203581 -0.099245
v -1.217713 3.185771 -0.119991
v -1.501925 3.246285 0.021174
v -1.460168 3.261958 0.039430
v -1.460168 3.261958 0.039430
v -1.501925 3.246285 0.021174
v -1.749310 3.048930 0.204132
v -1.741718 3.051780 0.207452
v -1.250463 3.172814 -0.133308
v -1.303188 3.156724 -0.161388
v -1.613108 3.247088 -0.022871
v -1.566710 3.261247 0.001839
v -1.566710 3.261247 0.001839
v -1.613108 3.247088 -0.022871
v -1.871616 3.113957 0.157587
v -1.863179 3.116532 0.162080
v -1.330430 3.137978 -0.169327
v -1.385359 3.121660 -0.199785
v -1.741498 3.184968 -0.013340
v -1.693160 3.199328 0.013463
v -1.693160 3.199328 0.013463
v -1.741498 3.184968 -0.013340
v -1.957692 2.966398 0.201726
v -1.948903 2.969009 0.206600
v -1.387166 3.109178 -0.286087
v -1.431095 3.090448 -0.299798
v -1.595163 3.216325 -0.540158
v -1.556505 3.232807 -0.528092
v -1.556505 3.232807 -0.528092
v -1.595163 3.216325 -0.540158
v -1.598942 3.042469 -0.797627
v -1.591914 3.045466 -0.795433
v -1.417487 3.103410 -0.213177
v -1.456300 3.076215 -0.229075
v -1.645118 3.074155 -0.141113
v -1.610963 3.098087 -0.127123
v -1.610963 3.098087 -0.127123
v -1.645118 3.074155 -0.141113
v -1.713305 2.925005 -0.048723
v -1.707095 2.929356 -0.046179
v -1.537932 3.013486 -0.357778
v -1.581929 2.993980 -0.369885
v -1.744407 3.047893 -0.666363
v -1.705688 3.065058 -0.655709
v -1.705688 3.065058 -0.655709
v -1.744407 3.047893 -0.666363
v -1.748235 2.867687 -0.983854
v -1.741196 2.870808 -0.981917
v -1.565024 3.007349 -0.280231
v -1.608543 2.980105 -0.303111
v -1.966609 2.937778 -0.151803
v -1.928313 2.961751 -0.131669
v -1.928313 2.961751 -0.131669
v -1.966609 2.937778 -0.151803
v -2.038241 2.630570 0.010468
v -2.031278 2.634929 0.014129
v -1.612207 2.967640 -0.386349
v -1.649459 2.928914 -0.409268
v -1.717339 2.875619 -0.590282
v -1.710634 2.882590 -0.586156
v -1.636350 2.951311 -0.313994
v -1.678061 2.925225 -0.336947
v -1.936241 2.861637 -0.245198
v -1.899536 2.884593 -0.224999
v -1.899536 2.884593 -0.224999
v -1.936241 2.861637 -0.245198
v -2.009866 2.544600 -0.096586
v -2.003192 2.548774 -0.092913
v -1.682306 2.906870 -0.421012
v -1.713848 2.868667 -0.440160
v -1.877279 2.848134 -0.789042
v -1.849521 2.881753 -0.772192
v -1.849521 2.881753 -0.772192
v -1.877279 2.848134 -0.789042
v -1.802233 2.620956 -1.034339
v -1.797187 2.627069 -1.031275
v -1.702212 2.894245 -0.345949
v -1.745691 2.861269 -0.370188
v -2.044014 2.777831 -0.252541
v -2.005752 2.806849 -0.231211
v -2.005752 2.806849 -0.231211
v -2.044014 2.777831 -0.252541
v -2.084224 2.471741 -0.092651
v -2.077267 2.477017 -0.088772
v -1.749107 2.841835 -0.452169
v -1.773495 2.803052 -0.471929
v -1.933895 2.801006 -0.733767
v -1.912434 2.835135 -0.716379
v -1.912434 2.835135 -0.716379
v -1.933895 2.801006 -0.733767
v -1.845816 2.601079 -0.905685
v -1.841914 2.607285 -0.902524
v -1.884889 2.693183 -0.441014
v -1.913153 2.644253 -0.454386
v -2.156859 2.239843 -0.227602
v -2.151772 2.248651 -0.225195
v -1.915500 2.628048 -0.537785
v -1.932193 2.573049 -0.557614
v -1.886714 2.320173 -0.841197
v -1.883709 2.330072 -0.837627
v -1.938464 2.613499 -0.470398
v -1.956658 2.567569 -0.478499
v -2.138190 2.181571 -0.261549
v -2.134915 2.189839 -0.260091
v -1.977542 2.537265 -0.491401
v -2.004168 2.480340 -0.507726
v -2.142516 2.047258 -0.360560
v -2.137724 2.057505 -0.357622
v -2.001128 2.460104 -0.589026
v -2.011009 2.407628 -0.604186
v -1.982536 2.308279 -0.691604
v -1.980757 2.317725 -0.688875
v -2.019514 2.446954 -0.516881
v -2.037698 2.400751 -0.529087
v -2.069686 2.093054 -0.365882
v -2.066413 2.101371 -0.363685
v -2.060244 2.279767 -0.632727
v -2.067299 2.231045 -0.643584
v -2.017713 2.087162 -0.715835
v -2.016443 2.095932 -0.713881
v -2.080673 2.272296 -0.560355
v -2.089463 2.218497 -0.567974
v -2.083251 2.167197 -0.547173
v -2.081669 2.176881 -0.545801
v -0.033109 3.195817 0.484819
v 0.085297 3.207878 0.425783
v 0.250584 3.173328 0.762131
v 0.140751 3.162194 0.816456
v 0.140751 3.162194 0.816456
v 0.250584 3.173328 0.762131
v 0.414304 3.084989 1.089162
v 0.313598 3.074880 1.138165
v 0.313598 3.074880 1.138165
v 0.414304 3.084989 1.089162
v 0.570249 2.928601 1.393569
v 0.479535 2.919617 1.436726
v 0.479535 2.919617 1.436726
v 0.570249 2.928601 1.393569
v 0.709803 2.700637 1.657850
v 0.630366 2.692898 1.694597
v 0.630366 2.692898 1.694597
v 0.709803 2.700637 1.657850
v 0.823247 2.406675 1.862366
v 0.757123 2.400357 1.891952
v 0.757123 2.400357 1.891952
v 0.823247 2.406675 1.862366
v 0.900876 2.061581 1.988128
v 0.851922 2.057006 2.009207
v 0.851922 2.057006 2.009207
v 0.900876 2.061581 1.988128
v 0.927607 1.688563 2.022758
v 0.916480 1.687549 2.027344
v 0.349054 3.116920 0.997782
v 0.370994 3.102303 1.048019
v 0.739280 3.301866 1.126003
v 0.735331 3.304497 1.116960
v 0.319308 3.085081 1.110886
v 0.345048 3.063542 1.161677
v 0.086910 3.085085 1.609854
v 0.082276 3.088962 1.600712
v 0.396469 3.084595 1.074356
v 0.406964 3.077986 1.130557
v 0.558397 3.141955 1.148769
v 0.556508 3.143144 1.138653
v 0.365604 3.057439 1.192273
v 0.381070 3.025820 1.236222
v 0.010376 2.976844 1.762761
v 0.007592 2.982536 1.754850
v 0.408135 3.023360 1.265689
v 0.419723 2.985947 1.315447
v 0.163644 3.044200 1.867125
v 0.161558 3.050934 1.858169
v 0.439191 2.969929 1.345135
v 0.468469 2.956660 1.384830
v 0.324997 3.050897 1.723247
v 0.299233 3.062574 1.688316
v 0.299233 3.062574 1.688316
v 0.324997 3.050897 1.723247
v 0.110580 2.880223 1.942946
v 0.105895 2.882346 1.936595
v 0.519480 2.885944 1.484376
v 0.542219 2.847200 1.528713
v 0.437723 2.831746 1.831865
v 0.417713 2.865841 1.792848
v 0.417713 2.865841 1.792848
v 0.437723 2.831746 1.831865
v 0.231704 2.584011 2.085582
v 0.228066 2.590210 2.078488
v 0.586244 2.892567 1.462050
v 0.615307 2.854371 1.484971
v 0.978847 2.955318 1.627571
v 0.953271 2.988931 1.607401
v 0.953271 2.988931 1.607401
v 0.978847 2.955318 1.627571
v 1.321009 2.828674 1.609899
v 1.316359 2.834785 1.606232
v 0.555867 2.829029 1.553363
v 0.579671 2.794281 1.593274
v 0.470543 2.856322 1.992524
v 0.449595 2.886900 1.957402
v 0.449595 2.886900 1.957402
v 0.470543 2.856322 1.992524
v 0.268079 2.641814 2.193598
v 0.264271 2.647374 2.187212
v 0.623019 2.841577 1.527706
v 0.652548 2.795488 1.553231
v 0.870339 2.806144 1.637490
v 0.844354 2.846702 1.615027
v 0.844354 2.846702 1.615027
v 0.870339 2.806144 1.637490
v 1.017692 2.668151 1.582845
v 1.012967 2.675525 1.578761
v 0.598929 2.775682 1.621486
v 0.607812 2.728739 1.652230
v 0.471377 2.680110 1.996167
v 0.463559 2.721420 1.969112
v 0.463559 2.721420 1.969112
v 0.471377 2.680110 1.996167
v 0.285024 2.396786 2.025914
v 0.283603 2.404297 2.020995
v 0.664938 2.770474 1.579647
v 0.682016 2.747661 1.628755
v 1.028336 2.749086 1.731381
v 1.013306 2.769162 1.688166
v 1.013306 2.769162 1.688166
v 1.028336 2.749086 1.731381
v 1.239928 2.503623 1.585023
v 1.237196 2.507273 1.577166
v 0.624150 2.702887 1.678320
v 0.650865 2.673911 1.715392
v 0.568059 2.587850 1.851897
v 0.563250 2.593065 1.845224
v 0.699458 2.709558 1.639855
v 0.715961 2.680912 1.688944
v 1.091445 2.659419 1.831583
v 1.076923 2.684628 1.788384
v 1.076923 2.684628 1.788384
v 1.091445 2.659419 1.831583
v 1.326655 2.428976 1.722742
v 1.324015 2.433559 1.714888
v 0.666259 2.647780 1.739097
v 0.673943 2.593313 1.767224
v 0.569275 2.522056 2.048988
v 0.562513 2.569987 2.024237
v 0.562513 2.569987 2.024237
v 0.569275 2.522056 2.048988
v 0.362935 2.213184 2.024437
v 0.361705 2.221899 2.019936
v 0.733157 2.645036 1.703138
v 0.747646 2.609684 1.738690
v 0.907774 2.524783 1.754861
v 0.905166 2.531146 1.748461
v 0.688757 2.570090 1.788094
v 0.713262 2.527512 1.822840
v 0.636499 2.428850 2.093796
v 0.614934 2.466320 2.063220
v 0.614934 2.466320 2.063220
v 0.636499 2.428850 2.093796
v 0.484959 2.184890 2.052792
v 0.481038 2.191703 2.047233
v 0.763674 2.575261 1.760676
v 0.779148 2.535924 1.786198
v 1.079322 2.471512 1.918575
v 1.065704 2.506128 1.896115
v 1.065704 2.506128 1.896115
v 1.079322 2.471512 1.918575
v 1.210348 2.267863 1.793690
v 1.207872 2.274157 1.789607
v 0.722191 2.492826 1.841216
v 0.737650 2.453282 1.864916
v 0.641361 2.328226 2.143298
v 0.627757 2.363025 2.122442
v 0.627757 2.363025 2.122442
v 0.641361 2.328226 2.143298
v 0.473777 2.081459 2.095849
v 0.471303 2.087786 2.092057
v 0.789994 2.507300 1.809106
v 0.810858 2.452344 1.833416
v 1.107481 2.402637 1.974689
v 1.089120 2.450998 1.953296
v 1.089120 2.450998 1.953296
v 1.107481 2.402637 1.974689
v 1.353628 2.193355 1.891498
v 1.350289 2.202148 1.887608
v 0.753703 2.418807 1.886579
v 0.760035 2.369023 1.905537
v 0.637982 2.110069 2.046880
v 0.636842 2.119030 2.043468
v 0.816490 2.429720 1.859863
v 0.838472 2.371597 1.869107
v 1.065409 2.270914 1.958876
v 1.046064 2.322062 1.950742
v 1.046064 2.322062 1.950742
v 1.065409 2.270914 1.958876
v 1.195794 2.031769 1.796307
v 1.192277 2.041069 1.794828
v 0.772712 2.335787 1.922743
v 0.790761 2.287513 1.945615
v 0.659703 2.069949 2.082545
v 0.656454 2.078638 2.078428
v 0.844770 2.342847 1.898229
v 0.860145 2.293890 1.907461
v 1.051690 2.162974 1.987262
v 1.038159 2.206056 1.979138
v 1.038159 2.206056 1.979138
v 1.051690 2.162974 1.987262
v 1.096622 1.990378 1.839638
v 1.094162 1.998212 1.838161
v 0.866685 2.258897 1.933962
v 0.883555 2.207340 1.937636
v 1.255726 1.901299 1.946391
v 1.252689 1.910579 1.945730
v 0.819041 2.166846 1.987104
v 0.829795 2.110460 2.000767
v 0.615183 1.741835 2.098771
v 0.613247 1.751985 2.096312
v 0.839597 2.072897 2.011714
v 0.844679 2.024754 2.018983
v 0.704302 1.689518 2.053386
v 0.703387 1.698184 2.052078
v 0.908361 2.083643 1.977903
v 0.918038 2.027283 1.991651
v 1.118541 1.756590 1.888880
v 1.116799 1.766734 1.886405
v 0.850467 1.984046 2.025389
v 0.864258 1.930614 2.036439
v 0.797255 1.821487 2.052367
v 0.794773 1.831105 2.050378
v 0.924469 1.991698 2.002602
v 0.932613 1.936182 1.998618
v 1.150898 1.671212 1.857868
v 1.149432 1.681205 1.858585
v 0.936950 1.896620 2.012685
v 0.945192 1.845589 2.006999
v 1.044143 1.603684 1.870719
v 1.042659 1.612870 1.871743
v 0.877092 1.796388 2.042927
v 0.882029 1.745656 2.042362
v 0.818647 1.613164 2.018820
v 0.817759 1.622295 2.018922
v -0.033109 3.195817 0.484819
v 0.085297 3.207878 0.425783
v 0.250584 3.173328 0.762131
v 0.140751 3.162194 0.816456
v 0.140751 3.162194 0.816456
v 0.250584 3.173328 0.762131
v 0.414304 3.084989 1.089162
v 0.313598 3.074880 1.138165
v 0.313598 3.074880 1.138165
v 0.414304 3.084989 1.089162
v 0.570249 2.928601 1.393569
v 0.479535 2.919617 1.436726
v 0.479535 2.919617 1.436726
v 0.570249 2.928601 1.393569
v 0.709803 2.700637 1.657850
v 0.630366 2.692898 1.694597
v 0.630366 2.692898 1.694597
v 0.709803 2.700637 1.657850
v 0.823247 2.406675 1.862366
v 0.757123 2.400357 1.891952
v 0.757123 2.400357 1.891952
v 0.823247 2.406675 1.862366
v 0.900876 2.061581 1.988128
v 0.851922 2.057006 2.009207
v 0.851922 2.057006 2.009207
v 0.900876 2.061581 1.988128
v 0.927607 1.688563 2.022758
v 0.916480 1.687549 2.027344
v 0.349054 3.116920 0.997782
v 0.370994 3.102303 1.048019
v 0.739280 3.301866 1.126003
v 0.735331 3.304497 1.116960
v 0.319308 3.085081 1.110886
v 0.345048 3.063542 1.161677
v 0.086910 3.085085 1.609854
v 0.082276 3.088962 1.600712
v 0.396469 3.084595 1.074356
v 0.406964 3.077986 1.130557
v 0.558397 3.141955 1.148769
v 0.556508 3.143144 1.138653
v 0.365604 3.057439 1.192273
v 0.381070 3.025820 1.236222
v 0.010376 2.976844 1.762761
v 0.007592 2.982536 1.754850
v 0.408135 3.023360 1.265689
v 0.419723 2.985947 1.315447
v 0.163644 3.044200 1.867125
v 0.161558 3.050934 1.858169
v 0.439191 2.969929 1.345135
v 0.468469 2.956660 1.384830
v 0.324997 3.050897 1.723247
v 0.299233 3.062574 1.688316
v 0.299233 3.062574 1.688316
v 0.324997 3.050897 1.723247
v 0.110580 2.880223 1.942946
v 0.105895 2.882346 1.936595
v 0.519480 2.885944 1.484376
v 0.542219 2.847200 1.528713
v 0.437723 2.831746 1.831865
v 0.417713 2.865841 1.792848
v 0.417713 2.865841 1.792848
v 0.437723 2.831746 1.831865
v 0.231704 2.584011 2.085582
v 0.228066 2.590210 2.078488
v 0.586244 2.892567 1.462050
v 0.615307 2.854371 1.484971
v 0.978847 2.955318 1.627571
v 0.953271 2.988931 1.607401
v 0.953271 2.988931 1.607401
v 0.978847 2.955318 1.627571
v 1.321009 2.828674 1.609899
v 1.316359 2.834785 1.606232
v 0.555867 2.829029 1.553363
v 0.579671 2.794281 1.593274
v 0.470543 2.856322 1.992524
v 0.449595 2.886900 1.957402
v 0.449595 2.886900 1.957402
v 0.470543 2.856322 1.992524
v 0.268079 2.641814 2.193598
v 0.264271 2.647374 2.187212
v 0.623019 2.841577 1.527706
v 0.652548 2.795488 1.553231
v 0.870339 2.806144 1.637490
v 0.844354 2.846702 1.615027
v 0.844354 2.846702 1.615027
v 0.870339 2.806144 1.637490
v 1.017692 2.668151 1.582845
v 1.012967 2.675525 1.578761
v 0.598929 2.775682 1.621486
v 0.607812 2.728739 1.652230
v 0.471377 2.680110 1.996167
v 0.463559 2.721420 1.969112
v 0.463559 2.721420 1.969112
v 0.471377 2.680110 1.996167
v 0.285024 2.396786 2.025914
v 0.283603 2.404297 2.020995
v 0.664938 2.770474 1.579647
v 0.682016 2.747661 1.628755
v 1.028336 2.749086 1.731381
v 1.013306 2.769162 1.688166
v 1.013306 2.769162 1.688166
v 1.028336 2.749086 1.731381
v 1.239928 2.503623 1.585023
v 1.237196 2.507273 1.577166
v 0.624150 2.702887 1.678320
v 0.650865 2.673911 1.715392
v 0.568059 2.587850 1.851897
v 0.563250 2.593065 1.845224
v 0.699458 2.709558 1.639855
v 0.715961 2.680912 1.688944
v 1.091445 2.659419 1.831583
v 1.076923 2.684628 1.788384
v 1.076923 2.684628 1.788384
v 1.091445 2.659419 1.831583
v 1.326655 2.428976 1.722742
v 1.324015 2.433559 1.714888
v 0.666259 2.647780 1.739097
v 0.673943 2.593313 1.767224
v 0.569275 2.522056 2.048988
v 0.562513 2.569987 2.024237
v 0.562513 2.569987 2.024237
v 0.569275 2.522056 2.048988
v 0.362935 2.213184 2.024437
v 0.361705 2.221899 2.019936
v 0.733157 2.645036 1.703138
v 0.747646 2.609684 1.738690
v 0.907774 2.524783 1.754861
v 0.905166 2.531146 1.748461
v 0.688757 2.570090 1.788094
v 0.713262 2.527512 1.822840
v 0.636499 2.428850 2.093796
v 0.614934 2.466320 2.063220
v 0.614934 2.466320 2.063220
v 0.636499 2.428850 2.093796
v 0.484959 2.184890 2.052792
v 0.481038 2.191703 2.047233
v 0.763674 2.575261 1.760676
v 0.779148 2.535924 1.786198
v 1.079322 2.471512 1.918575
v 1.065704 2.506128 1.896115
v 1.065704 2.506128 1.896115
v 1.079322 2.471512 1.918575
v 1.210348 2.267863 1.793690
v 1.207872 2.274157 1.789607
v 0.722191 2.492826 1.841216
v 0.737650 2.453282 1.864916
v 0.641361 2.328226 2.143298
v 0.627757 2.363025 2.122442
v 0.627757 2.363025 2.122442
v 0.641361 2.328226 2.143298
v 0.473777 2.081459 2.095849
v 0.471303 2.087786 2.092057
v 0.789994 2.507300 1.809106
v 0.810858 2.452344 1.833416
v 1.107481 2.402637 1.974689
v 1.089120 2.450998 1.953296
v 1.089120 2.450998 1.953296
v 1.107481 2.402637 1.974689
v 1.353628 2.193355 1.891498
v 1.350289 2.202148 1.887608
v 0.753703 2.418807 1.886579
v 0.760035 2.369023 1.905537
v 0.637982 2.110069 2.046880
v 0.636842 2.119030 2.043468
v 0.816490 2.429720 1.859863
v 0.838472 2.371597 1.869107
v 1.065409 2.270914 1.958876
v 1.046064 2.322062 1.950742
v 1.046064 2.322062 1.950742
v 1.065409 2.270914 1.958876
v 1.195794 2.031769 1.796307
v 1.192277 2.041069 1.794828
v 0.772712 2.335787 1.922743
v 0.790761 2.287513 1.945615
v 0.659703 2.069949 2.082545
v 0.656454 2.078638 2.078428
v 0.844770 2.342847 1.898229
v 0.860145 2.293890 1.907461
v 1.051690 2.162974 1.987262
v 1.038159 2.206056 1.979138
v 1.038159 2.206056 1.979138
v 1.051690 2.162974 1.987262
v 1.096622 1.990378 1.839638
v 1.094162 1.998212 1.838161
v 0.866685 2.258897 1.933962
v 0.883555 2.207340 1.937636
v 1.255726 1.901299 1.946391
v 1.252689 1.910579 1.945730
v 0.819041 2.166846 1.987104
v 0.829795 2.110460 2.000767
v 0.615183 1.741835 2.098771
v 0.613247 1.751985 2.096312
v 0.839597 2.072897 2.011714
v 0.844679 2.024754 2.018983
v 0.704302 1.689518 2.053386
v 0.703387 1.698184 2.052078
v 0.908361 2.083643 1.977903
v 0.918038 2.027283 1.991651
v 1.118541 1.756590 1.888880
v 1.116799 1.766734 1.886405
v 0.850467 1.984046 2.025389
v 0.864258 1.930614 2.036439
v 0.797255 1.821487 2.052367
v 0.794773 1.831105 2.050378
v 0.924469 1.991698 2.002602
v 0.932613 1.936182 1.998618
v 1.150898 1.671212 1.857868
v 1.149432 1.681205 1.858585
v 0.936950 1.896620 2.012685
v 0.945192 1.845589 2.006999
v 1.044143 1.603684 1.870719
v 1.042659 1.612870 1.871743
v 0.877092 1.796388 2.042927
v 0.882029 1.745656 2.042362
v 0.818647 1.613164 2.018820
v 0.817759 1.622295 2.018922
v 0.123954 3.198032 0.191268
v 0.001222 3.199391 0.140417
v 0.149353 3.189847 -0.202102
v 0.262635 3.188462 -0.154106
v 0.262635 3.188462 -0.154106
v 0.149353 3.189847 -0.202102
v 0.299117 3.125515 -0.538058
v 0.401927 3.124013 -0.492526
v 0.401927 3.124013 -0.492526
v 0.299117 3.125515 -0.538058
v 0.446425 2.991102 -0.853632
v 0.537711 2.989468 -0.810776
v 0.537711 2.989468 -0.810776
v 0.446425 2.991102 -0.853632
v 0.583199 2.781973 -1.130589
v 0.661685 2.780245 -1.091126
v 0.661685 2.780245 -1.091126
v 0.583199 2.781973 -1.130589
v 0.698126 2.502725 -1.348891
v 0.762018 2.501003 -1.314215
v 0.762018 2.501003 -1.314215
v 0.698126 2.502725 -1.348891
v 0.778067 2.167602 -1.489621
v 0.824133 2.166093 -1.462467
v 0.824133 2.166093 -1.462467
v 0.778067 2.167602 -1.489621
v 0.816173 1.800106 -1.534234
v 0.826324 1.799706 -1.527702
v 0.290058 3.176728 -0.288814
v 0.317106 3.161269 -0.328647
v 0.510016 3.241059 -0.344513
v 0.505147 3.243842 -0.337344
v 0.329299 3.157148 -0.366625
v 0.351306 3.146392 -0.421889
v 0.788486 3.228211 -0.468406
v 0.784525 3.230147 -0.458459
v 0.263185 3.163321 -0.400482
v 0.275083 3.142177 -0.450081
v 0.040027 3.180298 -0.760253
v 0.037885 3.184104 -0.751325
v 0.299891 3.144703 -0.484471
v 0.311983 3.117888 -0.535877
v -0.086336 3.166337 -1.024209
v -0.088513 3.171164 -1.014956
v 0.364638 3.081489 -0.651203
v 0.393394 3.067690 -0.700912
v 0.120248 3.144236 -1.208791
v 0.115072 3.146719 -1.199843
v 0.509054 3.013851 -0.784733
v 0.532741 2.981179 -0.819075
v 0.904059 3.056794 -0.933914
v 0.883214 3.085545 -0.903692
v 0.883214 3.085545 -0.903692
v 0.904059 3.056794 -0.933914
v 1.234133 2.767131 -0.874731
v 1.230343 2.772358 -0.869236
v 0.472360 2.965565 -0.887587
v 0.498588 2.941850 -0.934111
v 0.433714 2.957588 -1.135612
v 0.410633 2.978457 -1.094671
v 0.410633 2.978457 -1.094671
v 0.433714 2.957588 -1.135612
v 0.336559 2.825350 -1.186159
v 0.332362 2.829145 -1.178715
v 0.510628 2.920464 -0.963285
v 0.528314 2.886504 -1.004696
v 0.393131 2.920495 -1.353239
v 0.377568 2.950379 -1.316797
v 0.377568 2.950379 -1.316797
v 0.393131 2.920495 -1.353239
v 0.203983 2.747123 -1.508943
v 0.201154 2.752556 -1.502317
v 0.614067 2.861691 -0.999445
v 0.630122 2.832519 -1.040202
v 0.967057 2.765810 -1.084599
v 0.964167 2.771061 -1.077263
v 0.543138 2.869349 -1.032083
v 0.561779 2.827755 -1.076183
v 0.445124 2.737410 -1.263160
v 0.441769 2.744896 -1.255222
v 0.673925 2.745356 -1.131907
v 0.693610 2.701250 -1.165735
v 0.985982 2.702181 -1.314862
v 0.968659 2.740995 -1.285093
v 0.968659 2.740995 -1.285093
v 0.985982 2.702181 -1.314862
v 1.288458 2.459521 -1.295239
v 1.285308 2.466578 -1.289826
v 0.602500 2.740352 -1.165493
v 0.626797 2.709442 -1.202818
v 0.477676 2.537441 -1.440852
v 0.473303 2.543005 -1.434134
v 0.630650 2.673930 -1.225159
v 0.655963 2.638334 -1.261019
v 0.582013 2.592931 -1.614367
v 0.559737 2.624256 -1.582811
v 0.559737 2.624256 -1.582811
v 0.582013 2.592931 -1.614367
v 0.401092 2.360319 -1.654227
v 0.397042 2.366015 -1.648489
v 0.666926 2.606164 -1.285307
v 0.673318 2.560342 -1.310204
v 0.585990 2.483203 -1.599602
v 0.580365 2.523527 -1.577693
v 0.580365 2.523527 -1.577693
v 0.585990 2.483203 -1.599602
v 0.341356 2.179565 -1.588582
v 0.340333 2.186897 -1.584599
v 0.755594 2.527011 -1.302360
v 0.770629 2.482310 -1.319394
v 0.974143 2.401950 -1.431919
v 0.960912 2.441287 -1.416928
v 0.960912 2.441287 -1.416928
v 0.974143 2.401950 -1.431919
v 1.108028 2.190743 -1.381367
v 1.105623 2.197895 -1.378642
v 0.683647 2.526735 -1.332276
v 0.706105 2.486256 -1.363476
v 0.660280 2.363008 -1.654084
v 0.640518 2.398629 -1.626628
v 0.640518 2.398629 -1.626628
v 0.660280 2.363008 -1.654084
v 0.517508 2.143698 -1.720351
v 0.513914 2.150175 -1.715359
v 0.779262 2.446777 -1.348932
v 0.791170 2.401529 -1.362089
v 1.048582 2.294819 -1.449879
v 1.038104 2.334637 -1.438301
v 1.038104 2.334637 -1.438301
v 1.048582 2.294819 -1.449879
v 1.210191 2.065030 -1.339814
v 1.208286 2.072269 -1.337709
v 0.718413 2.450418 -1.383571
v 0.716193 2.401730 -1.402618
v 0.669878 2.288997 -1.674638
v 0.671831 2.331843 -1.657877
v 0.671831 2.331843 -1.657877
v 0.669878 2.288997 -1.674638
v 0.528039 2.096637 -1.708608
v 0.528394 2.104427 -1.705561
v 0.799569 2.365083 -1.376977
v 0.809622 2.315242 -1.412403
v 1.074617 1.962898 -1.385059
v 1.072807 1.971869 -1.378682
v 0.831406 2.192493 -1.452468
v 0.838108 2.135355 -1.461182
v 1.016239 1.877881 -1.343214
v 1.015033 1.888165 -1.341646
v 0.841839 2.100592 -1.479383
v 0.848181 2.044281 -1.479137
v 1.005960 1.787530 -1.407268
v 1.004819 1.797665 -1.407312
v 0.779972 2.101090 -1.515769
v 0.777111 2.048355 -1.522878
v 0.689989 1.939306 -1.553503
v 0.690504 1.948798 -1.552223
v 0.783616 2.013170 -1.531868
v 0.787426 1.950178 -1.540524
v 0.713339 1.847409 -1.566287
v 0.712653 1.858747 -1.564729
v 0.853405 1.915852 -1.497851
v 0.855580 1.854343 -1.513613
v 0.888596 1.760611 -1.455824
v 0.888204 1.771683 -1.452986
v 0.123954 3.198032 0.191268
v 0.001222 3.199391 0.140417
v 0.149353 3.189847 -0.202102
v 0.262635 3.188462 -0.154106
v 0.262635 3.188462 -0.154106
v 0.149353 3.189847 -0.202102
v 0.299117 3.125515 -0.538058
v 0.401927 3.124013 -0.492526
v 0.401927 3.124013 -0.492526
v 0.299117 3.125515 -0.538058
v 0.446425 2.991102 -0.853632
v 0.537711 2.989468 -0.810776
v 0.537711 2.989468 -0.810776
v 0.446425 2.991102 -0.853632
v 0.583199 2.781973 -1.130589
v 0.661685 2.780245 -1.091126
v 0.661685 2.780245 -1.091126
v 0.583199 2.781973 -1.130589
v 0.698126 2.502725 -1.348891
v 0.762018 2.501003 -1.314215
v 0.762018 2.501003 -1.314215
v 0.698126 2.502725 -1.348891
v 0.778067 2.167602 -1.489621
v 0.824133 2.166093 -1.462467
v 0.824133 2.166093 -1.462467
v 0.778067 2.167602 -1.489621
v 0.816173 1.800106 -1.534234
v 0.826324 1.799706 -1.527702
v 0.290058 3.176728 -0.288814
v 0.317106 3.161269 -0.328647
v 0.510016 3.241059 -0.344513
v 0.505147 3.243842 -0.337344
v 0.329299 3.157148 -0.366625
v 0.351306 3.146392 -0.421889
v 0.788486 3.228211 -0.468406
v 0.784525 3.230147 -0.458459
v 0.263185 3.163321 -0.400482
v 0.275083 3.142177 -0.450081
v 0.040027 3.180298 -0.760253
v 0.037885 3.184104 -0.751325
v 0.299891 3.144703 -0.484471
v 0.311983 3.117888 -0.535877
v -0.086336 3.166337 -1.024209
v -0.088513 3.171164 -1.014956
v 0.364638 3.081489 -0.651203
v 0.393394 3.067690 -0.700912
v 0.120248 3.144236 -1.208791
v 0.115072 3.146719 -1.199843
v 0.509054 3.013851 -0.784733
v 0.532741 2.981179 -0.819075
v 0.904059 3.056794 -0.933914
v 0.883214 3.085545 -0.903692
v 0.883214 3.085545 -0.903692
v 0.904059 3.056794 -0.933914
v 1.234133 2.767131 -0.874731
v 1.230343 2.772358 -0.869236
v 0.472360 2.965565 -0.887587
v 0.498588 2.941850 -0.934111
v 0.433714 2.957588 -1.135612
v 0.410633 2.978457 -1.094671
v 0.410633 2.978457 -1.094671
v 0.433714 2.957588 -1.135612
v 0.336559 2.825350 -1.186159
v 0.332362 2.829145 -1.178715
v 0.510628 2.920464 -0.963285
v 0.528314 2.886504 -1.004696
v 0.393131 2.920495 -1.353239
v 0.377568 2.950379 -1.316797
v 0.377568 2.950379 -1.316797
v 0.393131 2.920495 -1.353239
v 0.203983 2.747123 -1.508943
v 0.201154 2.752556 -1.502317
v 0.614067 2.861691 -0.999445
v 0.630122 2.832519 -1.040202
v 0.967057 2.765810 -1.084599
v 0.964167 2.771061 -1.077263
v 0.543138 2.869349 -1.032083
v 0.561779 2.827755 -1.076183
v 0.445124 2.737410 -1.263160
v 0.441769 2.744896 -1.255222
v 0.673925 2.745356 -1.131907
v 0.693610 2.701250 -1.165735
v 0.985982 2.702181 -1.314862
v 0.968659 2.740995 -1.285093
v 0.968659 2.740995 -1.285093
v 0.985982 2.702181 -1.314862
v 1.288458 2.459521 -1.295239
v 1.285308 2.466578 -1.289826
v 0.602500 2.740352 -1.165493
v 0.626797 2.709442 -1.202818
v 0.477676 2.537441 -1.440852
v 0.473303 2.543005 -1.434134
v 0.630650 2.673930 -1.225159
v 0.655963 2.638334 -1.261019
v 0.582013 2.592931 -1.614367
v 0.559737 2.624256 -1.582811
v 0.559737 2.624256 -1.582811
v 0.582013 2.592931 -1.614367
v 0.401092 2.360319 -1.654227
v 0.397042 2.366015 -1.648489
v 0.666926 2.606164 -1.285307
v 0.673318 2.560342 -1.310204
v 0.585990 2.483203 -1.599602
v 0.580365 2.523527 -1.577693
v 0.580365 2.523527 -1.577693
v 0.585990 2.483203 -1.599602
v 0.341356 2.179565 -1.588582
v 0.340333 2.186897 -1.584599
v 0.755594 2.527011 -1.302360
v 0.770629 2.482310 -1.319394
v 0.974143 2.401950 -1.431919
v 0.960912 2.441287 -1.416928
v 0.960912 2.441287 -1.416928
v 0.974143 2.401950 -1.431919
v 1.108028 2.190743 -1.381367
v 1.105623 2.197895 -1.378642
v 0.683647 2.526735 -1.332276
v 0.706105 2.486256 -1.363476
v 0.660280 2.363008 -1.654084
v 0.640518 2.398629 -1.626628
v 0.640518 2.398629 -1.626628
v 0.660280 2.363008 -1.654084
v 0.517508 2.143698 -1.720351
v 0.513914 2.150175 -1.715359
v 0.779262 2.446777 -1.348932
v 0.791170 2.401529 -1.362089
v 1.048582 2.294819 -1.449879
v 1.038104 2.334637 -1.438301
v 1.038104 2.334637 -1.438301
v 1.048582 2.294819 -1.449879
v 1.210191 2.065030 -1.339814
v 1.208286 2.072269 -1.337709
v 0.718413 2.450418 -1.383571
v 0.716193 2.401730 -1.402618
v 0.669878 2.288997 -1.674638
v 0.671831 2.331843 -1.657877
v 0.671831 2.331843 -1.657877
v 0.669878 2.288997 -1.674638
v 0.528039 2.096637 -1.708608
v 0.528394 2.104427 -1.705561
v 0.799569 2.365083 -1.376977
v 0.809622 2.315242 -1.412403
v 1.074617 1.962898 -1.385059
v 1.072807 1.971869 -1.378682
v 0.831406 2.192493 -1.452468
v 0.838108 2.135355 -1.461182
v 1.016239 1.877881 -1.343214
v 1.015033 1.888165 -1.341646
v 0.841839 2.100592 -1.479383
v 0.848181 2.044281 -1.479137
v 1.005960 1.787530 -1.407268
v 1.004819 1.797665 -1.407312
v 0.779972 2.101090 -1.515769
v 0.777111 2.048355 -1.522878
v 0.689989 1.939306 -1.553503
v 0.690504 1.948798 -1.552223
v 0.783616 2.013170 -1.531868
v 0.787426 1.950178 -1.540524
v 0.713339 1.847409 -1.566287
v 0.712653 1.858747 -1.564729
v 0.853405 1.915852 -1.497851
v 0.855580 1.854343 -1.513613
v 0.888596 1.760611 -1.455824
v 0.888204 1.771683 -1.452986
v -0.187479 3.093716 0.364348
v -0.126875 3.081601 0.481954
v -0.449386 2.920460 0.625283
v -0.504900 2.931742 0.516062
v -0.504900 2.931742 0.516062
v -0.449386 2.920460 0.625283
v -0.748449 2.705837 0.747478
v -0.798048 2.716262 0.647096
v -0.798048 2.716262 0.647096
v -0.748449 2.705837 0.747478
v -1.004807 2.429213 0.836936
v -1.047892 2.438703 0.746239
v -1.047892 2.438703 0.746239
v -1.004807 2.429213 0.836936
v -1.196880 2.096299 0.884337
v -1.232909 2.104712 0.804640
v -1.232909 2.104712 0.804640
v -1.196880 2.096299 0.884337
v -1.303354 1.724397 0.883780
v -1.331707 1.731495 0.817197
v -1.331707 1.731495 0.817197
v -1.303354 1.724397 0.883780
v -1.307191 1.341169 0.834144
v -1.326824 1.346501 0.784668
v -1.326824 1.346501 0.784668
v -1.307191 1.341169 0.834144
v -1.202490 0.982990 0.733192
v -1.206613 0.984220 0.721907
v -0.640431 2.840923 0.608627
v -0.683084 2.796411 0.609876
v -0.904783 2.808905 0.450132
v -0.897105 2.816917 0.449907
v -0.713392 2.782713 0.634134
v -0.754480 2.742519 0.644990
v -1.044544 2.760116 0.448022
v -1.037149 2.767350 0.446068
v -0.680207 2.771223 0.701134
v -0.718809 2.739649 0.716432
v -0.815411 2.808801 1.188440
v -0.808463 2.814485 1.185686
v -0.783793 2.719416 0.656555
v -0.823808 2.686199 0.679560
v -1.029615 2.725100 0.571689
v -1.022413 2.731079 0.567548
v -0.756625 2.722668 0.725332
v -0.782574 2.668541 0.749446
v -0.778921 2.558429 1.266246
v -0.774250 2.568171 1.261906
v -0.850263 2.657430 0.684373
v -0.891342 2.620340 0.704425
v -1.343788 2.541958 0.364587
v -1.336394 2.548635 0.360978
v -0.821362 2.655482 0.754994
v -0.852335 2.607832 0.772704
v -0.840859 2.367975 1.529783
v -0.835284 2.376552 1.526595
v -0.916788 2.586166 0.705119
v -0.952802 2.556138 0.732025
v -1.228389 2.538267 0.556250
v -1.221907 2.543672 0.551407
v -0.879770 2.584669 0.781759
v -0.922438 2.543127 0.794535
v -0.979423 2.316123 1.519782
v -0.971742 2.323601 1.517483
v -0.980206 2.522622 0.743210
v -1.010833 2.476856 0.737742
v -1.220930 2.463248 0.616230
v -1.215417 2.471486 0.617214
v -1.037348 2.443485 0.750492
v -1.067607 2.405685 0.769240
v -1.372918 2.445853 0.711307
v -1.346290 2.479117 0.694810
v -1.346290 2.479117 0.694810
v -1.372918 2.445853 0.711307
v -1.556817 2.297922 0.469132
v -1.551976 2.303970 0.466132
v -1.002382 2.442670 0.824030
v -1.036340 2.391880 0.835391
v -1.154702 2.305189 1.195439
v -1.124819 2.349884 1.185441
v -1.124819 2.349884 1.185441
v -1.154702 2.305189 1.195439
v -0.998295 2.044973 1.361549
v -0.992862 2.053100 1.359731
v -1.064696 2.367208 0.840647
v -1.080236 2.309797 0.852511
v -1.172664 2.215108 1.178484
v -1.158989 2.265630 1.168043
v -1.158989 2.265630 1.168043
v -1.172664 2.215108 1.178484
v -0.979886 1.887315 1.435414
v -0.977400 1.896501 1.433516
v -1.136906 2.288893 0.778816
v -1.170683 2.238917 0.802559
v -1.440676 2.138089 0.608172
v -1.434596 2.147085 0.603898
v -1.108286 2.285307 0.856174
v -1.134344 2.227759 0.865475
v -1.280534 2.133286 1.145098
v -1.257603 2.183928 1.136913
v -1.257603 2.183928 1.136913
v -1.280534 2.133286 1.145098
v -1.152928 1.897414 1.278876
v -1.148759 1.906622 1.277388
v -1.189534 2.202542 0.804752
v -1.205866 2.155406 0.799342
v -1.491647 2.092187 0.684483
v -1.477275 2.133667 0.689243
v -1.477275 2.133667 0.689243
v -1.491647 2.092187 0.684483
v -1.496673 1.913416 0.444160
v -1.494060 1.920958 0.445025
v -1.148583 2.195333 0.869605
v -1.182539 2.147806 0.875069
v -1.281546 1.979986 1.251703
v -1.251665 2.021810 1.246894
v -1.251665 2.021810 1.246894
v -1.281546 1.979986 1.251703
v -1.075474 1.728543 1.398677
v -1.070041 1.736147 1.397803
v -1.230000 2.116049 0.816272
v -1.242437 2.066188 0.804421
v -1.563038 1.973968 0.672376
v -1.552093 2.017845 0.682806
v -1.552093 2.017845 0.682806
v -1.563038 1.973968 0.672376
v -1.693035 1.780482 0.403402
v -1.691045 1.788460 0.405299
v -1.230394 2.023474 0.884909
v -1.245782 1.963453 0.887906
v -1.395349 1.774619 1.228190
v -1.381807 1.827437 1.225552
v -1.381807 1.827437 1.225552
v -1.395349 1.774619 1.228190
v -1.219036 1.499415 1.410620
v -1.216574 1.509018 1.410140
v -1.292662 1.938398 0.822027
v -1.301899 1.879138 0.814711
v -1.479725 1.773641 0.698143
v -1.471595 1.825790 0.704581
v -1.471595 1.825790 0.704581
v -1.479725 1.773641 0.698143
v -1.483877 1.653275 0.517056
v -1.482399 1.662756 0.518226
v -1.263998 1.930620 0.887980
v -1.268500 1.871896 0.890309
v -1.249780 1.599489 1.103147
v -1.248969 1.610059 1.102727
v -1.314530 1.842547 0.819451
v -1.323173 1.787252 0.816218
v -1.556050 1.630284 0.654917
v -1.548444 1.678944 0.657762
v -1.548444 1.678944 0.657762
v -1.556050 1.630284 0.654917
v -1.488906 1.452103 0.376250
v -1.487523 1.460951 0.376767
v -1.332210 1.747485 0.817520
v -1.336166 1.692267 0.811133
v -1.546278 1.476702 0.660088
v -1.542796 1.525294 0.665709
v -1.542796 1.525294 0.665709
v -1.546278 1.476702 0.660088
v -1.397112 1.335451 0.445775
v -1.396479 1.344286 0.446797
v -1.298289 1.744026 0.887815
v -1.309641 1.680558 0.883071
v -1.387501 1.475387 1.096398
v -1.377511 1.531238 1.100572
v -1.377511 1.531238 1.100572
v -1.387501 1.475387 1.096398
v -1.175711 1.204599 1.237157
v -1.173894 1.214754 1.237916
v -1.338087 1.652568 0.805817
v -1.348447 1.595802 0.810123
v -1.535269 1.363997 0.672008
v -1.526152 1.413951 0.668219
v -1.526152 1.413951 0.668219
v -1.535269 1.363997 0.672008
v -1.449522 1.178791 0.447865
v -1.447865 1.187873 0.447176
v -1.311796 1.645425 0.881916
v -1.315141 1.587699 0.876605
v -1.353992 1.340320 1.056928
v -1.351049 1.391119 1.061602
v -1.351049 1.391119 1.061602
v -1.353992 1.340320 1.056928
v -1.173908 1.162657 1.112989
v -1.173373 1.171893 1.113839
v -1.318975 1.550182 0.872970
v -1.313685 1.491095 0.867420
v -1.211525 1.022318 1.090724
v -1.212477 1.032954 1.091724
v -1.343091 1.461336 0.789523
v -1.338992 1.404287 0.783651
v -1.379138 1.010283 0.464661
v -1.379876 1.020551 0.465718
v -1.318117 1.454108 0.861532
v -1.306144 1.396109 0.854936
v -1.129028 0.944535 1.030528
v -1.131183 0.954975 1.031716
v -1.306595 1.354744 0.847972
v -1.295865 1.306261 0.839393
v -1.175168 1.168716 0.896725
v -1.177100 1.177443 0.898269
v -1.320147 1.274677 0.762010
v -1.302922 1.215582 0.747301
v -1.250039 1.036229 0.514085
v -1.253139 1.046865 0.516733
v -1.295051 1.262383 0.830495
v -1.272076 1.212307 0.822837
v -1.217798 1.141032 0.867139
v -1.221933 1.150046 0.868518
v -1.293565 1.183842 0.738914
v -1.278281 1.124704 0.730946
v -1.191737 0.936927 0.545428
v -1.194488 0.947572 0.546862
v -1.263658 1.175925 0.813690
v -1.253225 1.116966 0.800557
v -1.098211 0.971726 0.847596
v -1.100089 0.982339 0.849960
v -1.260605 1.093070 0.717325
v -1.246388 1.039157 0.708846
v -1.206661 1.016358 0.650614
v -1.209220 1.026062 0.652140
v -1.239675 1.084091 0.792119
v -1.213359 1.032395 0.778808
v -1.104676 0.920388 0.806042
v -1.109412 0.929693 0.808438
v -0.187479 3.093716 0.364348
v -0.126875 3.081601 0.481954
v -0.449386 2.920460 0.625283
v -0.504900 2.931742 0.516062
v -0.504900 2.931742 0.516062
v -0.449386 2.920460 0.625283
v -0.748449 2.705837 0.747478
v -0.798048 2.716262 0.647096
v -0.798048 2.716262 0.647096
v -0.748449 2.705837 0.747478
v -1.004807 2.429213 0.836936
v -1.047892 2.438703 0.746239
v -1.047892 2.438703 0.746239
v -1.004807 2.429213 0.836936
v -1.196880 2.096299 0.884337
v -1.232909 2.104712 0.804640
v -1.232909 2.104712 0.804640
v -1.196880 2.096299 0.884337
v -1.303354 1.724397 0.883780
v -1.331707 1.731495 0.817197
v -1.331707 1.731495 0.817197
v -1.303354 1.724397 0.883780
v -1.307191 1.341169 0.834144
v -1.326824 1.346501 0.784668
v -1.326824 1.346501 0.784668
v -1.307191 1.341169 0.834144
v -1.202490 0.982990 0.733192
v -1.206613 0.984220 0.721907
v -0.640431 2.840923 0.608627
v -0.683084 2.796411 0.609876
v -0.904783 2.808905 0.450132
v -0.897105 2.816917 0.449907
v -0.713392 2.782713 0.634134
v -0.754480 2.742519 0.644990
v -1.044544 2.760116 0.448022
v -1.037149 2.767350 0.446068
v -0.680207 2.771223 0.701134
v -0.718809 2.739649 0.716432
v -0.815411 2.808801 1.188440
v -0.808463 2.814485 1.185686
v -0.783793 2.719416 0.656555
v -0.823808 2.686199 0.679560
v -1.029615 2.725100 0.571689
v -1.022413 2.731079 0.567548
v -0.756625 2.722668 0.725332
v -0.782574 2.668541 0.749446
v -0.778921 2.558429 1.266246
v -0.774250 2.568171 1.261906
v -0.850263 2.657430 0.684373
v -0.891342 2.620340 0.704425
v -1.343788 2.541958 0.364587
v -1.336394 2.548635 0.360978
v -0.821362 2.655482 0.754994
v -0.852335 2.607832 0.772704
v -0.840859 2.367975 1.529783
v -0.835284 2.376552 1.526595
v -0.916788 2.586166 0.705119
v -0.952802 2.556138 0.732025
v -1.228389 2.538267 0.556250
v -1.221907 2.543672 0.551407
v -0.879770 2.584669 0.781759
v -0.922438 2.543127 0.794535
v -0.979423 2.316123 1.519782
v -0.971742 2.323601 1.517483
v -0.980206 2.522622 0.743210
v -1.010833 2.476856 0.737742
v -1.220930 2.463248 0.616230
v -1.215417 2.471486 0.617214
v -1.037348 2.443485 0.750492
v -1.067607 2.405685 0.769240
v -1.372918 2.445853 0.711307
v -1.346290 2.479117 0.694810
v -1.346290 2.479117 0.694810
v -1.372918 2.445853 0.711307
v -1.556817 2.297922 0.469132
v -1.551976 2.303970 0.466132
v -1.002382 2.442670 0.824030
v -1.036340 2.391880 0.835391
v -1.154702 2.305189 1.195439
v -1.124819 2.349884 1.185441
v -1.124819 2.349884 1.185441
v -1.154702 2.305189 1.195439
v -0.998295 2.044973 1.361549
v -0.992862 2.053100 1.359731
v -1.064696 2.367208 0.840647
v -1.080236 2.309797 0.852511
v -1.172664 2.215108 1.178484
v -1.158989 2.265630 1.168043
v -1.158989 2.265630 1.168043
v -1.172664 2.215108 1.178484
v -0.979886 1.887315 1.435414
v -0.977400 1.896501 1.433516
v -1.136906 2.288893 0.778816
v -1.170683 2.238917 0.802559
v -1.440676 2.138089 0.608172
v -1.434596 2.147085 0.603898
v -1.108286 2.285307 0.856174
v -1.134344 2.227759 0.865475
v -1.280534 2.133286 1.145098
v -1.257603 2.183928 1.136913
v -1.257603 2.183928 1.136913
v -1.280534 2.133286 1.145098
v -1.152928 1.897414 1.278876
v -1.148759 1.906622 1.277388
v -1.189534 2.202542 0.804752
v -1.205866 2.155406 0.799342
v -1.491647 2.092187 0.684483
v -1.477275 2.133667 0.689243
v -1.477275 2.133667 0.689243
v -1.491647 2.092187 0.684483
v -1.496673 1.913416 0.444160
v -1.494060 1.920958 0.445025
v -1.148583 2.195333 0.869605
v -1.182539 2.147806 0.875069
v -1.281546 1.979986 1.251703
v -1.251665 2.021810 1.246894
v -1.251665 2.021810 1.246894
v -1.281546 1.979986 1.251703
v -1.075474 1.728543 1.398677
v -1.070041 1.736147 1.397803
v -1.230000 2.116049 0.816272
v -1.242437 2.066188 0.804421
v -1.563038 1.973968 0.672376
v -1.552093 2.017845 0.682806
v -1.552093 2.017845 0.682806
v -1.563038 1.973968 0.672376
v -1.693035 1.780482 0.403402
v -1.691045 1.788460 0.405299
v -1.230394 2.023474 0.884909
v -1.245782 1.963453 0.887906
v -1.395349 1.774619 1.228190
v -1.381807 1.827437 1.225552
v -1.381807 1.827437 1.225552
v -1.395349 1.774619 1.228190
v -1.219036 1.499415 1.410620
v -1.216574 1.509018 1.410140
v -1.292662 1.938398 0.822027
v -1.301899 1.879138 0.814711
v -1.479725 1.773641 0.698143
v -1.471595 1.825790 0.704581
v -1.471595 1.825790 0.704581
v -1.479725 1.773641 0.698143
v -1.483877 1.653275 0.517056
v -1.482399 1.662756 0.518226
v -1.263998 1.930620 0.887980
v -1.268500 1.871896 0.890309
v -1.249780 1.599489 1.103147
v -1.248969 1.610059 1.102727
v -1.314530 1.842547 0.819451
v -1.323173 1.787252 0.816218
v -1.556050 1.630284 0.654917
v -1.548444 1.678944 0.657762
v -1.548444 1.678944 0.657762
v -1.556050 1.630284 0.654917
v -1.488906 1.452103 0.376250
v -1.487523 1.460951 0.376767
v -1.332210 1.747485 0.817520
v -1.336166 1.692267 0.811133
v -1.546278 1.476702 0.660088
v -1.542796 1.525294 0.665709
v -1.542796 1.525294 0.665709
v -1.546278 1.476702 0.660088
v -1.397112 1.335451 0.445775
v -1.396479 1.344286 0.446797
v -1.298289 1.744026 0.887815
v -1.309641 1.680558 0.883071
v -1.387501 1.475387 1.096398
v -1.377511 1.531238 1.100572
v -1.377511 1.531238 1.100572
v -1.387501 1.475387 1.096398
v -1.175711 1.204599 1.237157
v -1.173894 1.214754 1.237916
v -1.338087 1.652568 0.805817
v -1.348447 1.595802 0.810123
v -1.535269 1.363997 0.672008
v -1.526152 1.413951 0.668219
v -1.526152 1.413951 0.668219
v -1.535269 1.363997 0.672008
v -1.449522 1.178791 0.447865
v -1.447865 1.187873 0.447176
v -1.311796 1.645425 0.881916
v -1.315141 1.587699 0.876605
v -1.353992 1.340320 1.056928
v -1.351049 1.391119 1.061602
v -1.351049 1.391119 1.061602
v -1.353992 1.340320 1.056928
v -1.173908 1.162657 1.112989
v -1.173373 1.171893 1.113839
v -1.318975 1.550182 0.872970
v -1.313685 1.491095 0.867420
v -1.211525 1.022318 1.090724
v -1.212477 1.032954 1.091724
v -1.343091 1.461336 0.789523
v -1.338992 1.404287 0.783651
v -1.379138 1.010283 0.464661
v -1.379876 1.020551 0.465718
v -1.318117 1.454108 0.861532
v -1.306144 1.396109 0.854936
v -1.129028 0.944535 1.030528
v -1.131183 0.954975 1.031716
v -1.306595 1.354744 0.847972
v -1.295865 1.306261 0.839393
v -1.175168 1.168716 0.896725
v -1.177100 1.177443 0.898269
v -1.320147 1.274677 0.762010
v -1.302922 1.215582 0.747301
v -1.250039 1.036229 0.514085
v -1.253139 1.046865 0.516733
v -1.295051 1.262383 0.830495
v -1.272076 1.212307 0.822837
v -1.217798 1.141032 0.867139
v -1.221933 1.150046 0.868518
v -1.293565 1.183842 0.738914
v -1.278281 1.124704 0.730946
v -1.191737 0.936927 0.545428
v -1.194488 0.947572 0.546862
v -1.263658 1.175925 0.813690
v -1.253225 1.116966 0.800557
v -1.098211 0.971726 0.847596
v -1.100089 0.982339 0.849960
v -1.260605 1.093070 0.717325
v -1.246388 1.039157 0.708846
v -1.206661 1.016358 0.650614
v -1.209220 1.026062 0.652140
v -1.239675 1.084091 0.792119
v -1.213359 1.032395 0.778808
v -1.104676 0.920388 0.806042
v -1.109412 0.929693 0.808438
vn 0.1397 -0.5787 0.8035
vn 0.1515 -0.6425 0.7512
vn 0.1636 -0.7194 0.6750
vn 0.1722 -0.7981 0.5774
vn 0.1733 -0.8711 0.4595
vn 0.1629 -0.9321 0.3236
vn 0.1371 -0.9753 0.1731
vn -0.2757 -0.5370 0.7972
vn -0.6735 0.2904 -0.6797
vn -0.3268 -0.7271 0.6037
vn -0.4288 0.6465 -0.6310
vn -0.5615 -0.7046 0.4338
vn -0.4904 0.6224 -0.6100
vn -0.0407 -0.6497 0.7591
vn -0.4443 0.6509 -0.6155
vn -0.4010 -0.6233 0.6713
vn 0.4976 -0.6503 0.5740
vn -0.4513 -0.4158 0.7896
vn 0.3801 -0.6079 0.6971
vn -0.7897 0.4635 -0.4019
vn 0.2296 0.7025 -0.6736
vn 0.1836 -0.7026 0.6875
vn -0.8352 0.5363 -0.1214
vn -0.0119 0.8302 -0.5573
vn -0.5593 -0.6893 0.4605
vn 0.5175 -0.7419 0.4263
vn -0.7336 0.3808 -0.5628
vn 0.3212 0.6692 -0.6701
vn -0.5851 -0.7151 0.3826
vn 0.6181 -0.7205 0.3143
vn -0.8091 0.5819 0.0815
vn 0.5245 0.6871 -0.5027
vn -0.1839 -0.6816 0.7082
vn 0.8386 -0.5086 0.1953
vn -0.0406 0.7700 -0.6368
vn -0.5674 -0.7662 0.3018
vn 0.7518 -0.6442 0.1406
vn -0.6477 0.7212 -0.2455
vn 0.5952 0.6599 -0.4584
vn -0.1138 -0.7714 0.6260
vn 0.7804 -0.5879 0.2130
vn -0.2052 0.9690 -0.1377
vn -0.1398 -0.8172 0.5592
vn 0.9031 -0.4294 0.0076
vn 0.3042 -0.9320 0.1971
vn 0.4547 -0.8132 0.3632
vn -0.1082 0.9658 -0.2355
vn 0.5860 -0.8085 0.0548
vn 0.2342 0.9341 -0.2695
vn 0.5936 -0.8047 -0.0014
vn 0.3775 0.8330 -0.4046
vn 0.5856 0.7489 -0.3101
vn 0.1321 -0.5766 0.8063
vn 0.1369 -0.6391 0.7568
vn 0.1455 -0.7162 0.6826
vn 0.1527 -0.7957 0.5861
vn 0.1544 -0.8700 0.4683
vn 0.1464 -0.9321 0.3313
vn 0.1247 -0.9760 0.1783
vn -0.2757 -0.5370 0.7973
vn -0.4444 0.6509 -0.6155
vn -0.8352 0.5363 -0.1215
vn -0.0119 0.8302 -0.5574
vn 0.5175 -0.7419 0.4262
vn 0.3212 0.6693 -0.6699
vn 0.6181 -0.7206 0.3142
vn -0.8091 0.5820 0.0815
vn 0.5245 0.6871 -0.5028
vn 0.8385 -0.5086 0.1953
vn -0.0407 0.7700 -0.6367
vn 0.5952 0.6600 -0.4584
vn -0.1139 -0.7714 0.6260
vn -0.2052 0.9690 -0.1376
vn 0.9031 -0.4293 0.0076
vn 0.3042 -0.9320 0.1972
vn 0.5859 -0.8085 0.0548
vn 0.2343 0.9340 -0.2697
vn 0.3775 0.8329 -0.4046
vn 0.5856 0.7490 -0.3101
vn -0.1397 0.5787 -0.8035
vn -0.1515 0.6425 -0.7512
vn -0.1636 0.7194 -0.6750
vn -0.1722 0.7981 -0.5774
vn -0.1733 0.8711 -0.4595
vn -0.1629 0.9321 -0.3236
vn -0.1371 0.9753 -0.1731
vn 0.2757 0.5370 -0.7972
vn 0.6735 -0.2904 0.6797
vn 0.3268 0.7271 -0.6037
vn 0.4288 -0.6465 0.6310
vn 0.5615 0.7046 -0.4338
vn 0.4904 -0.6224 0.6100
vn 0.0407 0.6497 -0.7591
vn 0.4443 -0.6509 0.6155
vn 0.4010 0.6233 -0.6713
vn -0.4976 0.6503 -0.5740
vn 0.4513 0.4158 -0.7896
vn -0.3801 0.6079 -0.6971
vn 0.7897 -0.4635 0.4019
vn -0.2296 -0.7025 0.6736
vn -0.1836 0.7026 -0.6875
vn 0.8352 -0.5363 0.1214
vn 0.0119 -0.8302 0.5573
vn 0.5593 0.6893 -0.4605
vn -0.5175 0.7419 -0.4263
vn 0.7336 -0.3808 0.5628
vn -0.3212 -0.6692 0.6701
vn 0.5851 0.7151 -0.3826
vn -0.6181 0.7205 -0.3143
vn 0.8091 -0.5819 -0.0815
vn -0.5245 -0.6871 0.5027
vn 0.1839 0.6816 -0.7082
vn -0.8386 0.5086 -0.1953
vn 0.0406 -0.7700 0.6368
vn 0.5674 0.7662 -0.3018
vn -0.7518 0.6442 -0.1406
vn 0.6477 -0.7212 0.2455
vn -0.5952 -0.6599 0.4584
vn 0.1138 0.7714 -0.6260
vn -0.7804 0.5879 -0.2130
vn 0.2052 -0.9690 0.1377
vn 0.1398 0.8172 -0.5592
vn -0.9031 0.4294 -0.0076
vn -0.3042 0.9320 -0.1971
vn -0.4547 0.8132 -0.3632
vn 0.1082 -0.9658 0.2355
vn -0.5860 0.8085 -0.0548
vn -0.2342 -0.9341 0.2695
vn -0.5936 0.8047 0.0014
vn -0.3775 -0.8330 0.4046
vn -0.5856 -0.7489 0.3101
vn -0.1321 0.5766 -0.8063
vn -0.1369 0.6391 -0.7568
vn -0.1455 0.7162 -0.6826
vn -0.1527 0.7957 -0.5861
vn -0.1544 0.8700 -0.4683
vn -0.1464 0.9321 -0.3313
vn -0.1247 0.9760 -0.1783
vn 0.2757 0.5370 -0.7973
vn 0.4444 -0.6509 0.6155
vn 0.8352 -0.5363 0.1215
vn 0.0119 -0.8302 0.5574
vn -0.5175 0.7419 -0.4262
vn -0.3212 -0.6693 0.6699
vn -0.6181 0.7206 -0.3142
vn 0.8091 -0.5820 -0.0815
vn -0.5245 -0.6871 0.5028
vn -0.8385 0.5086 -0.1953
vn 0.0407 -0.7700 0.6367
vn -0.5952 -0.6600 0.4584
vn 0.1139 0.7714 -0.6260
vn 0.2052 -0.9690 0.1376
vn -0.9031 0.4293 -0.0076
vn -0.3042 0.9320 -0.1972
vn -0.5859 0.8085 -0.0548
vn -0.2343 -0.9340 0.2697
vn -0.3775 -0.8329 0.4046
vn -0.5856 -0.7490 0.3101
vn 0.7017 -0.3824 -0.6011
vn 0.6662 -0.4589 -0.5879
vn 0.6125 -0.5545 -0.5633
vn 0.5416 -0.6566 -0.5248
vn 0.4541 -0.7570 -0.4698
vn 0.3512 -0.8482 -0.3965
vn 0.2356 -0.9232 -0.3037
vn 0.8991 -0.2141 -0.3817
vn -0.5052 0.2695 0.8199
vn 0.0423 0.4332 0.9003
vn -0.2199 0.4780 0.8504
vn 0.9043 -0.2611 -0.3379
vn -0.5116 0.4406 0.7377
vn 0.8852 -0.4074 -0.2247
vn -0.3690 0.2186 0.9034
vn -0.8637 0.4044 0.3007
vn 0.8726 -0.4882 -0.0182
vn 0.2471 -0.4879 -0.8372
vn -0.3118 0.2274 0.9225
vn -0.8811 0.4528 0.1367
vn 0.8787 -0.4697 0.0859
vn 0.4988 -0.5851 -0.6395
vn 0.6252 -0.7759 0.0844
vn 0.0579 0.4631 0.8844
vn -0.7154 0.6561 0.2403
vn 0.7887 -0.5436 0.2871
vn 0.0606 -0.5605 -0.8259
vn 0.1745 0.5008 0.8478
vn -0.6983 0.7011 0.1444
vn 0.7590 -0.6501 -0.0369
vn -0.2276 -0.3895 -0.8925
vn 0.7464 -0.5574 -0.3636
vn -0.1748 -0.3793 -0.9086
vn -0.3166 0.5590 0.7664
vn -0.8103 0.5848 -0.0380
vn -0.1354 0.7783 0.6131
vn 0.6083 -0.7368 0.2952
vn -0.1896 -0.5852 -0.7884
vn 0.3416 0.6350 0.6929
vn -0.7386 0.6161 -0.2734
vn 0.3152 -0.8768 -0.3631
vn 0.1825 -0.8467 -0.4998
vn -0.6104 0.7843 0.1110
vn -0.6581 0.7435 -0.1188
vn 0.0474 -0.9261 -0.3744
vn -0.5862 0.8090 0.0449
vn -0.0586 -0.8902 -0.4518
vn -0.3752 0.9261 -0.0399
vn 0.7044 -0.3813 -0.5987
vn 0.6713 -0.4572 -0.5834
vn 0.6191 -0.5528 -0.5578
vn 0.5489 -0.6553 -0.5190
vn 0.4611 -0.7562 -0.4644
vn 0.3571 -0.8479 -0.3918
vn 0.2395 -0.9233 -0.3003
vn -0.5051 0.2695 0.8199
vn 0.9043 -0.2611 -0.3378
vn -0.5115 0.4406 0.7377
vn 0.8852 -0.4074 -0.2248
vn -0.8637 0.4044 0.3008
vn 0.2471 -0.4878 -0.8373
vn -0.8810 0.4528 0.1367
vn 0.4988 -0.5851 -0.6394
vn -0.7153 0.6562 0.2403
vn -0.2275 -0.3895 -0.8925
vn -0.7386 0.6162 -0.2734
vn -0.6104 0.7843 0.1109
vn -0.5862 0.8089 0.0448
vn -0.0586 -0.8901 -0.4519
vn -0.3752 0.9261 -0.0398
vn -0.7017 0.3824 0.6011
vn -0.6662 0.4589 0.5879
vn -0.6125 0.5545 0.5633
vn -0.5416 0.6566 0.5248
vn -0.4541 0.7570 0.4698
vn -0.3512 0.8482 0.3965
vn -0.2356 0.9232 0.3037
vn -0.8991 0.2141 0.3817
vn 0.5052 -0.2695 -0.8199
vn -0.0423 -0.4332 -0.9003
vn 0.2199 -0.4780 -0.8504
vn -0.9043 0.2611 0.3379
vn 0.5116 -0.4406 -0.7377
vn -0.8852 0.4074 0.2247
vn 0.3690 -0.2186 -0.9034
vn 0.8637 -0.4044 -0.3007
vn -0.8726 0.4882 0.0182
vn -0.2471 0.4879 0.8372
vn 0.3118 -0.2274 -0.9225
vn 0.8811 -0.4528 -0.1367
vn -0.8787 0.4697 -0.0859
vn -0.4988 0.5851 0.6395
vn -0.6252 0.7759 -0.0844
vn -0.0579 -0.4631 -0.8844
vn 0.7154 -0.6561 -0.2403
vn -0.7887 0.5436 -0.2871
vn -0.0606 0.5605 0.8259
vn -0.1745 -0.5008 -0.8478
vn 0.6983 -0.7011 -0.1444
vn -0.7590 0.6501 0.0369
vn 0.2276 0.3895 0.8925
vn -0.7464 0.5574 0.3636
vn 0.1748 0.3793 0.9086
vn 0.3166 -0.5590 -0.7664
vn 0.8103 -0.5848 0.0380
vn 0.1354 -0.7783 -0.6131
vn -0.6083 0.7368 -0.2952
vn 0.1896 0.5852 0.7884
vn -0.3416 -0.6350 -0.6929
vn 0.7386 -0.6161 0.2734
vn -0.3152 0.8768 0.3631
vn -0.1825 0.8467 0.4998
vn 0.6104 -0.7843 -0.1110
vn 0.6581 -0.7435 0.1188
vn -0.0474 0.9261 0.3744
vn 0.5862 -0.8090 -0.0449
vn 0.0586 0.8902 0.4518
vn 0.3752 -0.9261 0.0399
vn -0.7044 0.3813 0.5987
vn -0.6713 0.4572 0.5834
vn -0.6191 0.5528 0.5578
vn -0.5489 0.6553 0.5190
vn -0.4611 0.7562 0.4644
vn -0.3571 0.8479 0.3918
vn -0.2395 0.9233 0.3003
vn 0.5051 -0.2695 -0.8199
vn -0.9043 0.2611 0.3378
vn 0.5115 -0.4406 -0.7377
vn -0.8852 0.4074 0.2248
vn 0.8637 -0.4044 -0.3008
vn -0.2471 0.4878 0.8373
vn 0.8810 -0.4528 -0.1367
vn -0.4988 0.5851 0.6394
vn 0.7153 -0.6562 -0.2403
vn 0.2275 0.3895 0.8925
vn 0.7386 -0.6162 0.2734
vn 0.6104 -0.7843 -0.1109
vn 0.5862 -0.8089 -0.0448
vn 0.0586 0.8901 0.4519
vn 0.3752 -0.9261 0.0398
vn -0.7137 -0.6976 -0.0638
vn -0.6385 -0.7658 -0.0773
vn -0.5285 -0.8437 -0.0945
vn -0.3885 -0.9148 -0.1106
vn -0.2218 -0.9675 -0.1218
vn -0.0337 -0.9916 -0.1245
vn 0.1678 -0.9790 -0.1155
vn -0.2714 -0.6387 -0.7200
vn 0.5474 0.5959 -0.5876
vn -0.2730 -0.7206 -0.6373
vn -0.1108 -0.5601 -0.8210
vn -0.2719 -0.6706 -0.6902
vn 0.3812 0.7588 -0.5281
vn -0.4636 -0.6345 -0.6185
vn 0.5481 0.8115 -0.2027
vn -0.1975 -0.5603 -0.8044
vn -0.4003 -0.9113 0.0963
vn -0.6170 -0.7682 -0.1710
vn -0.0355 -0.6635 -0.7474
vn 0.6221 0.7426 -0.2479
vn 0.4113 0.5445 0.7310
vn -0.5051 -0.6451 -0.5733
vn -0.3503 -0.7713 0.5315
vn -0.0539 0.7041 -0.7081
vn 0.2365 0.9256 0.2955
vn -0.4742 -0.7302 -0.4918
vn -0.3219 -0.7614 0.5627
vn -0.1669 -0.6782 -0.7157
vn -0.2310 -0.8611 0.4529
vn -0.0721 0.7679 -0.6365
vn 0.1923 0.6333 0.7496
vn -0.0926 -0.6361 -0.7661
vn -0.2006 -0.9659 0.1639
vn -0.1233 0.6849 -0.7181
vn 0.1840 0.6432 0.7433
vn -0.2460 -0.9629 -0.1109
vn 0.3584 0.8328 -0.4220
vn 0.2275 0.7308 0.6436
vn -0.3198 -0.9061 0.2770
vn 0.1381 0.9895 -0.0428
vn -0.1702 -0.8491 -0.5000
vn -0.1269 -0.7927 0.5962
vn 0.0077 -0.8155 -0.5788
vn -0.0562 -0.5112 0.8576
vn 0.2396 0.9177 -0.3167
vn 0.0624 0.5908 0.8044
vn -0.0306 -0.9739 0.2248
vn 0.0092 0.8405 0.5417
vn -0.1061 -0.9773 0.1836
vn 0.0650 -0.9850 0.1599
vn -0.1054 0.8735 0.4753
vn -0.0321 -0.7512 0.6593
vn -0.1862 0.7520 0.6323
vn 0.2765 -0.9191 0.2807
vn -0.3684 0.8944 0.2538
vn -0.7130 -0.6980 -0.0670
vn -0.6371 -0.7663 -0.0831
vn -0.5269 -0.8439 -0.1011
vn -0.3870 -0.9147 -0.1167
vn -0.2207 -0.9671 -0.1261
vn -0.0334 -0.9915 -0.1258
vn 0.1674 -0.9794 -0.1130
vn -0.2713 -0.6387 -0.7200
vn 0.5474 0.5958 -0.5876
vn -0.2730 -0.7206 -0.6374
vn -0.1974 -0.5603 -0.8044
vn -0.4003 -0.9113 0.0962
vn -0.6169 -0.7682 -0.1711
vn -0.0354 -0.6634 -0.7474
vn -0.3503 -0.7713 0.5314
vn 0.2364 0.9256 0.2955
vn -0.2309 -0.8612 0.4529
vn 0.1923 0.6334 0.7496
vn -0.0926 -0.6361 -0.7660
vn -0.2006 -0.9659 0.1640
vn 0.1840 0.6431 0.7433
vn -0.2460 -0.9629 -0.1110
vn 0.2275 0.7308 0.6435
vn 0.1381 0.9895 -0.0429
vn 0.0077 -0.8155 -0.5787
vn -0.0306 -0.9739 0.2249
vn 0.0092 0.8405 0.5418
vn 0.0650 -0.9850 0.1597
vn -0.1054 0.8734 0.4754
vn -0.0320 -0.7512 0.6593
vn -0.1863 0.7519 0.6324
vn -0.3683 0.8944 0.2538
vn 0.7137 0.6976 0.0638
vn 0.6385 0.7658 0.0773
vn 0.5285 0.8437 0.0945
vn 0.3885 0.9148 0.1106
vn 0.2218 0.9675 0.1218
vn 0.0337 0.9916 0.1245
vn -0.1678 0.9790 0.1155
vn 0.2714 0.6387 0.7200
vn -0.5474 -0.5959 0.5876
vn 0.2730 0.7206 0.6373
vn 0.1108 0.5601 0.8210
vn 0.2719 0.6706 0.6902
vn -0.3812 -0.7588 0.5281
vn 0.4636 0.6345 0.6185
vn -0.5481 -0.8115 0.2027
vn 0.1975 0.5603 0.8044
vn 0.4003 0.9113 -0.0963
vn 0.6170 0.7682 0.1710
vn 0.0355 0.6635 0.7474
vn -0.6221 -0.7426 0.2479
vn -0.4113 -0.5445 -0.7310
vn 0.5051 0.6451 0.5733
vn 0.3503 0.7713 -0.5315
vn 0.0539 -0.7041 0.7081
vn -0.2365 -0.9256 -0.2955
vn 0.4742 0.7302 0.4918
vn 0.3219 0.7614 -0.5627
vn 0.1669 0.6782 0.7157
vn 0.2310 0.8611 -0.4529
vn 0.0721 -0.7679 0.6365
vn -0.1923 -0.6333 -0.7496
vn 0.0926 0.6361 0.7661
vn 0.2006 0.9659 -0.1639
vn 0.1233 -0.6849 0.7181
vn -0.1840 -0.6432 -0.7433
vn 0.2460 0.9629 0.1109
vn -0.3584 -0.8328 0.4220
vn -0.2275 -0.7308 -0.6436
vn 0.3198 0.9061 -0.2770
vn -0.1381 -0.9895 0.0428
vn 0.1702 0.8491 0.5000
vn 0.1269 0.7927 -0.5962
vn -0.0077 0.8155 0.5788
vn 0.0562 0.5112 -0.8576
vn -0.2396 -0.9177 0.3167
vn -0.0624 -0.5908 -0.8044
vn 0.0306 0.9739 -0.2248
vn -0.0092 -0.8405 -0.5417
vn 0.1061 0.9773 -0.1836
vn -0.0650 0.9850 -0.1599
vn 0.1054 -0.8735 -0.4753
vn 0.0321 0.7512 -0.6593
vn 0.1862 -0.7520 -0.6323
vn -0.2765 0.9191 -0.2807
vn 0.3684 -0.8944 -0.2538
vn 0.7130 0.6980 0.0670
vn 0.6371 0.7663 0.0831
vn 0.5269 0.8439 0.1011
vn 0.3870 0.9147 0.1167
vn 0.2207 0.9671 0.1261
vn 0.0334 0.9915 0.1258
vn -0.1674 0.9794 0.1130
vn 0.2713 0.6387 0.7200
vn -0.5474 -0.5958 0.5876
vn 0.2730 0.7206 0.6374
vn 0.1974 0.5603 0.8044
vn 0.4003 0.9113 -0.0962
vn 0.6169 0.7682 0.1711
vn 0.0354 0.6634 0.7474
vn 0.3503 0.7713 -0.5314
vn -0.2364 -0.9256 -0.2955
vn 0.2309 0.8612 -0.4529
vn -0.1923 -0.6334 -0.7496
vn 0.0926 0.6361 0.7660
vn 0.2006 0.9659 -0.1640
vn -0.1840 -0.6431 -0.7433
vn 0.2460 0.9629 0.1110
vn -0.2275 -0.7308 -0.6435
vn -0.1381 -0.9895 0.0429
vn -0.0077 0.8155 0.5787
vn 0.0306 0.9739 -0.2249
vn -0.0092 -0.8405 -0.5418
vn -0.0650 0.9850 -0.1597
vn 0.1054 -0.8734 -0.4754
vn 0.0320 0.7512 -0.6593
vn 0.1863 -0.7519 -0.6324
vn 0.3683 -0.8944 -0.2538
vn 0.5462 -0.8010 0.2450
vn 0.4705 -0.8618 0.1897
vn 0.3612 -0.9257 0.1125
vn 0.2265 -0.9739 0.0163
vn 0.0735 -0.9926 -0.0970
vn -0.0885 -0.9706 -0.2237
vn -0.2484 -0.9002 -0.3577
vn 0.2110 -0.6614 0.7197
vn -0.6442 0.6317 0.4313
vn -0.0756 -0.8778 0.4730
vn -0.1337 -0.9593 0.2487
vn -0.2270 -0.9138 0.3368
vn -0.2508 -0.7522 0.6093
vn 0.2841 -0.9583 0.0303
vn -0.4079 -0.7916 0.4549
vn 0.3589 -0.8821 -0.3051
vn -0.6357 0.7091 0.3050
vn -0.1310 0.9370 -0.3240
vn 0.1593 -0.8931 0.4207
vn 0.6298 -0.5633 -0.5348
vn -0.4773 0.5478 0.6871
vn 0.0236 0.9774 -0.2100
vn -0.0650 -0.8475 0.5268
vn 0.4110 -0.8932 -0.1822
vn -0.0228 -0.9350 0.3538
vn 0.5356 -0.6660 -0.5191
vn 0.1709 -0.9848 -0.0305
vn -0.5051 0.7017 0.5025
vn 0.1247 0.9590 -0.2546
vn -0.6683 -0.6440 0.3723
vn 0.1755 -0.8852 -0.4308
vn 0.0706 -0.9754 0.2088
vn 0.5420 -0.5853 -0.6031
vn -0.2475 -0.9540 0.1693
vn 0.4699 -0.5469 -0.6928
vn -0.5879 -0.7379 0.3315
vn 0.5513 -0.3606 -0.7524
vn 0.2724 0.9568 -0.1018
vn -0.2616 -0.8976 -0.3547
vn 0.4793 0.8771 0.0313
vn 0.2535 -0.7465 -0.6152
vn 0.5229 0.8237 -0.2191
vn 0.2035 -0.6864 -0.6982
vn 0.1133 -0.6056 -0.7877
vn 0.5428 -0.8025 0.2477
vn 0.4647 -0.8639 0.1944
vn 0.3551 -0.9274 0.1173
vn 0.2221 -0.9748 0.0198
vn 0.0726 -0.9927 -0.0962
vn -0.0846 -0.9702 -0.2270
vn -0.2391 -0.8991 -0.3666
vn -0.6442 0.6317 0.4312
vn 0.3590 -0.8821 -0.3051
vn 0.0236 0.9774 -0.2101
vn 0.4110 -0.8932 -0.1821
vn 0.5357 -0.6660 -0.5191
vn 0.1710 -0.9848 -0.0305
vn 0.1247 0.9590 -0.2547
vn 0.5513 -0.3605 -0.7524
vn 0.2724 0.9568 -0.1019
vn -0.2616 -0.8976 -0.3546
vn 0.4793 0.8771 0.0315
vn 0.2035 -0.6863 -0.6982
vn -0.5462 0.8010 -0.2450
vn -0.4705 0.8618 -0.1897
vn -0.3612 0.9257 -0.1125
vn -0.2265 0.9739 -0.0163
vn -0.0735 0.9926 0.0970
vn 0.0885 0.9706 0.2237
vn 0.2484 0.9002 0.3577
vn -0.2110 0.6614 -0.7197
vn 0.6442 -0.6317 -0.4313
vn 0.0756 0.8778 -0.4730
vn 0.1337 0.9593 -0.2487
vn 0.2270 0.9138 -0.3368
vn 0.2508 0.7522 -0.6093
vn -0.2841 0.9583 -0.0303
vn 0.4079 0.7916 -0.4549
vn -0.3589 0.8821 0.3051
vn 0.6357 -0.7091 -0.3050
vn 0.1310 -0.9370 0.3240
vn -0.1593 0.8931 -0.4207
vn -0.6298 0.5633 0.5348
vn 0.4773 -0.5478 -0.6871
vn -0.0236 -0.9774 0.2100
vn 0.0650 0.8475 -0.5268
vn -0.4110 0.8932 0.1822
vn 0.0228 0.9350 -0.3538
vn -0.5356 0.6660 0.5191
vn -0.1709 0.9848 0.0305
vn 0.5051 -0.7017 -0.5025
vn -0.1247 -0.9590 0.2546
vn 0.6683 0.6440 -0.3723
vn -0.1755 0.8852 0.4308
vn -0.0706 0.9754 -0.2088
vn -0.5420 0.5853 0.6031
vn 0.2475 0.9540 -0.1693
vn -0.4699 0.5469 0.6928
vn 0.5879 0.7379 -0.3315
vn -0.5513 0.3606 0.7524
vn -0.2724 -0.9568 0.1018
vn 0.2616 0.8976 0.3547
vn -0.4793 -0.8771 -0.0313
vn -0.2535 0.7465 0.6152
vn -0.5229 -0.8237 0.2191
vn -0.2035 0.6864 0.6982
vn -0.1133 0.6056 0.7877
vn -0.5428 0.8025 -0.2477
vn -0.4647 0.8639 -0.1944
vn -0.3551 0.9274 -0.1173
vn -0.2221 0.9748 -0.0198
vn -0.0726 0.9927 0.0962
vn 0.0846 0.9702 0.2270
vn 0.2391 0.8991 0.3666
vn 0.6442 -0.6317 -0.4312
vn -0.3590 0.8821 0.3051
vn -0.0236 -0.9774 0.2101
vn -0.4110 0.8932 0.1821
vn -0.5357 0.6660 0.5191
vn -0.1710 0.9848 0.0305
vn -0.1247 -0.9590 0.2547
vn -0.5513 0.3605 0.7524
vn -0.2724 -0.9568 0.1019
vn 0.2616 0.8976 0.3546
vn -0.4793 -0.8771 -0.0315
vn -0.2035 0.6863 0.6982
vn -0.1796 -0.7073 -0.6837
vn -0.1531 -0.7890 -0.5951
vn -0.1090 -0.8775 -0.4670
vn -0.0455 -0.9506 -0.3070
vn 0.0398 -0.9916 -0.1229
vn 0.1464 -0.9864 0.0743
vn 0.2709 -0.9240 0.2699
vn 0.2943 -0.7007 -0.6499
vn 0.6384 0.7382 0.2179
vn 0.2018 -0.6902 -0.6949
vn 0.4530 0.7748 0.4411
vn 0.3083 -0.6188 -0.7226
vn 0.5085 -0.6961 -0.5067
vn 0.4515 -0.8177 -0.3571
vn 0.5292 0.8421 -0.1040
vn 0.7401 -0.4812 -0.4699
vn -0.1810 -0.9133 -0.3648
vn 0.6877 -0.4935 -0.5325
vn -0.3749 -0.8888 -0.2637
vn 0.5031 0.8526 0.1413
vn 0.2744 -0.7540 -0.5969
vn -0.5913 -0.8030 -0.0746
vn 0.4286 0.8801 -0.2045
vn 0.3087 -0.6717 -0.6735
vn -0.3403 -0.8969 -0.2826
vn 0.6329 0.7305 -0.2565
vn -0.3274 0.8942 0.3054
vn 0.4667 -0.7730 -0.4298
vn -0.6641 -0.7138 0.2223
vn 0.5165 0.8544 0.0571
vn -0.5821 0.7061 0.4032
vn 0.6727 -0.7072 -0.2178
vn -0.3905 -0.8888 0.2399
vn 0.5334 0.6609 -0.5279
vn -0.7663 0.4982 0.4056
vn 0.4920 -0.8251 -0.2776
vn -0.7580 -0.4895 0.4311
vn 0.4618 0.6888 -0.5588
vn -0.7075 0.6599 0.2530
vn -0.1831 -0.9797 0.0816
vn -0.2647 0.9636 -0.0383
vn -0.2084 0.9277 -0.3099
vn -0.0982 -0.9556 0.2777
vn -0.6699 0.7062 0.2290
vn -0.2879 -0.8355 0.4680
vn -0.6090 0.7891 -0.0805
vn -0.1494 -0.8392 0.5229
vn -0.6656 0.7287 0.1611
vn -0.2878 -0.8026 0.5225
vn -0.5082 0.7846 -0.3552
vn -0.1744 -0.7053 -0.6871
vn -0.1443 -0.7860 -0.6011
vn -0.1004 -0.8752 -0.4733
vn -0.0399 -0.9495 -0.3112
vn 0.1386 -0.9871 0.0802
vn 0.2530 -0.9254 0.2822
vn 0.2944 -0.7007 -0.6499
vn 0.6384 0.7382 0.2180
vn 0.4530 0.7748 0.4410
vn 0.3083 -0.6188 -0.7225
vn 0.5085 -0.6962 -0.5067
vn 0.4515 -0.8177 -0.3572
vn -0.1810 -0.9133 -0.3649
vn -0.3749 -0.8888 -0.2636
vn 0.5031 0.8526 0.1414
vn -0.3402 -0.8969 -0.2826
vn -0.3274 0.8941 0.3055
vn -0.6641 -0.7138 0.2222
vn -0.7663 0.4982 0.4058
vn -0.7075 0.6599 0.2531
vn -0.2647 0.9636 -0.0384
vn -0.2084 0.9277 -0.3098
vn -0.0982 -0.9557 0.2776
vn -0.6091 0.7890 -0.0804
vn -0.2877 -0.8026 0.5225
vn 0.1796 0.7073 0.6837
vn 0.1531 0.7890 0.5951
vn 0.1090 0.8775 0.4670
vn 0.0455 0.9506 0.3070
vn -0.0398 0.9916 0.1229
vn -0.1464 0.9864 -0.0743
vn -0.2709 0.9240 -0.2699
vn -0.2943 0.7007 0.6499
vn -0.6384 -0.7382 -0.2179
vn -0.2018 0.6902 0.6949
vn -0.4530 -0.7748 -0.4411
vn -0.3083 0.6188 0.7226
vn -0.5085 0.6961 0.5067
vn -0.4515 0.8177 0.3571
vn -0.5292 -0.8421 0.1040
vn -0.7401 0.4812 0.4699
vn 0.1810 0.9133 0.3648
vn -0.6877 0.4935 0.5325
vn 0.3749 0.8888 0.2637
vn -0.5031 -0.8526 -0.1413
vn -0.2744 0.7540 0.5969
vn 0.5913 0.8030 0.0746
vn -0.4286 -0.8801 0.2045
vn -0.3087 0.6717 0.6735
vn 0.3403 0.8969 0.2826
vn -0.6329 -0.7305 0.2565
vn 0.3274 -0.8942 -0.3054
vn -0.4667 0.7730 0.4298
vn 0.6641 0.7138 -0.2223
vn -0.5165 -0.8544 -0.0571
vn 0.5821 -0.7061 -0.4032
vn -0.6727 0.7072 0.2178
vn 0.3905 0.8888 -0.2399
vn -0.5334 -0.6609 0.5279
vn 0.7663 -0.4982 -0.4056
vn -0.4920 0.8251 0.2776
vn 0.7580 0.4895 -0.4311
vn -0.4618 -0.6888 0.5588
vn 0.7075 -0.6599 -0.2530
vn 0.1831 0.9797 -0.0816
vn 0.2647 -0.9636 0.0383
vn 0.2084 -0.9277 0.3099
vn 0.0982 0.9556 -0.2777
vn 0.6699 -0.7062 -0.2290
vn 0.2879 0.8355 -0.4680
vn 0.6090 -0.7891 0.0805
vn 0.1494 0.8392 -0.5229
vn 0.6656 -0.7287 -0.1611
vn 0.2878 0.8026 -0.5225
vn 0.5082 -0.7846 0.3552
vn 0.1744 0.7053 0.6871
vn 0.1443 0.7860 0.6011
vn 0.1004 0.8752 0.4733
vn 0.0399 0.9495 0.3112
vn -0.1386 0.9871 -0.0802
vn -0.2530 0.9254 -0.2822
vn -0.2944 0.7007 0.6499
vn -0.6384 -0.7382 -0.2180
vn -0.4530 -0.7748 -0.4410
vn -0.3083 0.6188 0.7225
vn -0.5085 0.6962 0.5067
vn -0.4515 0.8177 0.3572
vn 0.1810 0.9133 0.3649
vn 0.3749 0.8888 0.2636
vn -0.5031 -0.8526 -0.1414
vn 0.3402 0.8969 0.2826
vn 0.3274 -0.8941 -0.3055
vn 0.6641 0.7138 -0.2222
vn 0.7663 -0.4982 -0.4058
vn 0.7075 -0.6599 -0.2531
vn 0.2647 -0.9636 0.0384
vn 0.2084 -0.9277 0.3098
vn 0.0982 0.9557 -0.2776
vn 0.6091 -0.7890 0.0804
vn 0.2877 0.8026 -0.5225
vn -0.1475 -0.9356 0.3209
vn -0.0966 -0.9740 0.2047
vn -0.0288 -0.9986 0.0453
vn 0.0477 -0.9887 -0.1423
vn 0.1258 -0.9302 -0.3449
vn 0.1980 -0.8138 -0.5464
vn 0.2562 -0.6365 -0.7275
vn -0.4229 -0.8239 0.3774
vn -0.2429 -0.9172 0.3159
vn -0.0584 0.8888 -0.4545
vn -0.5988 -0.7760 -0.1983
vn -0.5596 0.8238 -0.0905
vn -0.5744 -0.7520 -0.3234
vn -0.5877 -0.8007 -0.1158
vn 0.1444 0.9566 -0.2532
vn -0.8405 0.5340 -0.0915
vn -0.3083 0.9475 0.0843
vn -0.6903 -0.7068 -0.1546
vn 0.0111 -0.9987 0.0507
vn -0.4880 -0.8342 -0.2566
vn 0.2343 -0.9722 0.0035
vn -0.4875 0.7694 -0.4128
vn 0.0930 0.9944 -0.0508
vn -0.5251 -0.8508 -0.0188
vn 0.5742 -0.7982 0.1821
vn -0.5858 -0.7543 -0.2964
vn 0.5168 -0.8555 0.0319
vn -0.7275 0.6769 0.1121
vn 0.3929 0.8038 0.4468
vn -0.3788 -0.9207 -0.0934
vn 0.7040 -0.6938 0.1517
vn -0.3695 -0.9050 -0.2109
vn 0.5189 -0.8547 0.0185
vn -0.5369 0.8432 0.0288
vn 0.5576 0.6884 0.4639
vn 0.1460 -0.8278 -0.5418
vn -0.3387 0.9403 -0.0336
vn 0.7113 0.5082 0.4856
vn -0.3642 -0.7667 -0.5287
vn 0.5712 -0.7985 -0.1900
vn 0.2372 -0.8076 -0.5399
vn -0.4878 0.8641 0.1240
vn 0.5972 0.5839 0.5498
vn -0.4035 -0.5111 -0.7589
vn 0.7223 -0.6442 -0.2515
vn -0.4893 0.8430 0.2234
vn 0.6928 0.4455 0.5671
vn 0.1374 0.8111 0.5686
vn 0.3823 -0.7086 -0.5931
vn 0.1394 0.7903 0.5966
vn 0.5571 -0.7272 -0.4009
vn -0.0252 0.6666 0.7450
vn 0.6409 -0.6203 -0.4521
vn 0.6308 -0.4597 -0.6251
vn 0.4033 0.4585 0.7919
vn 0.8056 -0.4113 -0.4264
vn 0.3703 0.4764 0.7975
vn -0.1489 -0.9354 0.3208
vn -0.0987 -0.9739 0.2045
vn -0.0303 -0.9985 0.0452
vn 0.0479 -0.9887 -0.1422
vn 0.1285 -0.9300 -0.3444
vn 0.2038 -0.8132 -0.5451
vn 0.2652 -0.6358 -0.7248
vn -0.0584 0.8888 -0.4546
vn 0.1444 0.9566 -0.2531
vn -0.3084 0.9475 0.0843
vn 0.5575 0.6884 0.4639
vn 0.1460 -0.8278 -0.5417
vn 0.5972 0.5840 0.5499
vn -0.4036 -0.5111 -0.7589
vn 0.1375 0.8111 0.5686
vn 0.5572 -0.7272 -0.4009
vn -0.0253 0.6666 0.7450
vn 0.6308 -0.4597 -0.6252
vn 0.4032 0.4585 0.7919
vn 0.3704 0.4763 0.7974
vn 0.1475 0.9356 -0.3209
vn 0.0966 0.9740 -0.2047
vn 0.0288 0.9986 -0.0453
vn -0.0477 0.9887 0.1423
vn -0.1258 0.9302 0.3449
vn -0.1980 0.8138 0.5464
vn -0.2562 0.6365 0.7275
vn 0.4229 0.8239 -0.3774
vn 0.2429 0.9172 -0.3159
vn 0.0584 -0.8888 0.4545
vn 0.5988 0.7760 0.1983
vn 0.5596 -0.8238 0.0905
vn 0.5744 0.7520 0.3234
vn 0.5877 0.8007 0.1158
vn -0.1444 -0.9566 0.2532
vn 0.8405 -0.5340 0.0915
vn 0.3083 -0.9475 -0.0843
vn 0.6903 0.7068 0.1546
vn -0.0111 0.9987 -0.0507
vn 0.4880 0.8342 0.2566
vn -0.2343 0.9722 -0.0035
vn 0.4875 -0.7694 0.4128
vn -0.0930 -0.9944 0.0508
vn 0.5251 0.8508 0.0188
vn -0.5742 0.7982 -0.1821
vn 0.5858 0.7543 0.2964
vn -0.5168 0.8555 -0.0319
vn 0.7275 -0.6769 -0.1121
vn -0.3929 -0.8038 -0.4468
vn 0.3788 0.9207 0.0934
vn -0.7040 0.6938 -0.1517
vn 0.3695 0.9050 0.2109
vn -0.5189 0.8547 -0.0185
vn 0.5369 -0.8432 -0.0288
vn -0.5576 -0.6884 -0.4639
vn -0.1460 0.8278 0.5418
vn 0.3387 -0.9403 0.0336
vn -0.7113 -0.5082 -0.4856
vn 0.3642 0.7667 0.5287
vn -0.5712 0.7985 0.1900
vn -0.2372 0.8076 0.5399
vn 0.4878 -0.8641 -0.1240
vn -0.5972 -0.5839 -0.5498
vn 0.4035 0.5111 0.7589
vn -0.7223 0.6442 0.2515
vn 0.4893 -0.8430 -0.2234
vn -0.6928 -0.4455 -0.5671
vn -0.1374 -0.8111 -0.5686
vn -0.3823 0.7086 0.5931
vn -0.1394 -0.7903 -0.5966
vn -0.5571 0.7272 0.4009
vn 0.0252 -0.6666 -0.7450
vn -0.6409 0.6203 0.4521
vn -0.6308 0.4597 0.6251
vn -0.4033 -0.4585 -0.7919
vn -0.8056 0.4113 0.4264
vn -0.3703 -0.4764 -0.7975
vn 0.1489 0.9354 -0.3208
vn 0.0987 0.9739 -0.2045
vn 0.0303 0.9985 -0.0452
vn -0.0479 0.9887 0.1422
vn -0.1285 0.9300 0.3444
vn -0.2038 0.8132 0.5451
vn -0.2652 0.6358 0.7248
vn 0.0584 -0.8888 0.4546
vn -0.1444 -0.9566 0.2531
vn 0.3084 -0.9475 -0.0843
vn -0.5575 -0.6884 -0.4639
vn -0.1460 0.8278 0.5417
vn -0.5972 -0.5840 -0.5499
vn 0.4036 0.5111 0.7589
vn -0.1375 -0.8111 -0.5686
vn -0.5572 0.7272 0.4009
vn 0.0253 -0.6666 -0.7450
vn -0.6308 0.4597 0.6252
vn -0.4032 -0.4585 -0.7919
vn -0.3704 -0.4763 -0.7974
vn 0.2067 -0.9647 -0.1629
vn 0.0687 -0.9892 -0.1297
vn -0.1164 -0.9896 -0.0848
vn -0.3270 -0.9444 -0.0350
vn -0.5432 -0.8395 0.0139
vn -0.7416 -0.6685 0.0563
vn -0.8963 -0.4346 0.0878
vn 0.3278 -0.8866 0.3264
vn 0.3314 0.7878 0.5191
vn 0.0064 -0.8175 0.5759
vn 0.1235 0.7618 0.6359
vn -0.1810 -0.9138 0.3636
vn 0.2373 -0.9666 0.0963
vn 0.3833 0.7915 0.4760
vn 0.2832 0.8830 0.3742
vn -0.0082 -0.9471 0.3209
vn -0.2854 -0.8045 -0.5208
vn 0.3482 0.5851 0.7324
vn 0.2251 0.9194 -0.3227
vn -0.4638 -0.8822 0.0813
vn -0.2585 -0.7350 0.6268
vn -0.5122 -0.7954 -0.3240
vn 0.4485 0.5779 0.6819
vn 0.2987 0.8427 -0.4478
vn -0.2276 -0.7427 0.6298
vn -0.4948 -0.5418 -0.6795
vn 0.4083 0.7451 0.5274
vn 0.2192 0.7387 -0.6374
vn -0.3839 -0.7786 0.4963
vn -0.4986 -0.4390 -0.7474
vn 0.6677 0.4040 0.6253
vn 0.3801 0.7156 -0.5861
vn -0.4651 -0.5293 0.7096
vn -0.6575 -0.5604 -0.5037
vn 0.6268 0.3308 0.7055
vn 0.5313 0.7455 -0.4025
vn -0.4192 -0.6896 0.5905
vn -0.4860 -0.2752 -0.8295
vn -0.4550 -0.7253 0.5166
vn -0.5185 -0.2659 -0.8127
vn 0.6958 0.6925 -0.1908
vn -0.8433 -0.5342 0.0581
vn -0.8788 -0.4626 -0.1172
vn 0.6125 0.6745 -0.4122
vn -0.8922 -0.4267 -0.1480
vn 0.7204 0.6138 -0.3229
vn -0.8899 -0.3266 -0.3184
vn 0.6527 0.4958 -0.5728
vn -0.7725 -0.3005 -0.5594
vn 0.8411 0.3731 -0.3917
vn 0.5398 0.3841 -0.7491
vn 0.2066 -0.9649 -0.1619
vn 0.0687 -0.9892 -0.1294
vn -0.1162 -0.9894 -0.0874
vn -0.3268 -0.9442 -0.0423
vn -0.5433 -0.8396 0.0005
vn -0.7426 -0.6687 0.0364
vn -0.8989 -0.4337 0.0621
vn 0.3278 -0.8866 0.3263
vn 0.0064 -0.8175 0.5760
vn 0.3832 0.7915 0.4760
vn -0.2853 -0.8045 -0.5209
vn 0.2251 0.9193 -0.3227
vn -0.4638 -0.8822 0.0814
vn 0.4083 0.7450 0.5274
vn -0.4986 -0.4390 -0.7475
vn -0.6575 -0.5603 -0.5037
vn 0.6958 0.6924 -0.1908
vn -0.8922 -0.4267 -0.1479
vn -0.8899 -0.3267 -0.3184
vn -0.7725 -0.3004 -0.5594
vn 0.8410 0.3731 -0.3917
vn 0.5398 0.3840 -0.7491
vn -0.2067 0.9647 0.1629
vn -0.0687 0.9892 0.1297
vn 0.1164 0.9896 0.0848
vn 0.3270 0.9444 0.0350
vn 0.5432 0.8395 -0.0139
vn 0.7416 0.6685 -0.0563
vn 0.8963 0.4346 -0.0878
vn -0.3278 0.8866 -0.3264
vn -0.3314 -0.7878 -0.5191
vn -0.0064 0.8175 -0.5759
vn -0.1235 -0.7618 -0.6359
vn 0.1810 0.9138 -0.3636
vn -0.2373 0.9666 -0.0963
vn -0.3833 -0.7915 -0.4760
vn -0.2832 -0.8830 -0.3742
vn 0.0082 0.9471 -0.3209
vn 0.2854 0.8045 0.5208
vn -0.3482 -0.5851 -0.7324
vn -0.2251 -0.9194 0.3227
vn 0.4638 0.8822 -0.0813
vn 0.2585 0.7350 -0.6268
vn 0.5122 0.7954 0.3240
vn -0.4485 -0.5779 -0.6819
vn -0.2987 -0.8427 0.4478
vn 0.2276 0.7427 -0.6298
vn 0.4948 0.5418 0.6795
vn -0.4083 -0.7451 -0.5274
vn -0.2192 -0.7387 0.6374
vn 0.3839 0.7786 -0.4963
vn 0.4986 0.4390 0.7474
vn -0.6677 -0.4040 -0.6253
vn -0.3801 -0.7156 0.5861
vn 0.4651 0.5293 -0.7096
vn 0.6575 0.5604 0.5037
vn -0.6268 -0.3308 -0.7055
vn -0.5313 -0.7455 0.4025
vn 0.4192 0.6896 -0.5905
vn 0.4860 0.2752 0.8295
vn 0.4550 0.7253 -0.5166
vn 0.5185 0.2659 0.8127
vn -0.6958 -0.6925 0.1908
vn 0.8433 0.5342 -0.0581
vn 0.8788 0.4626 0.1172
vn -0.6125 -0.6745 0.4122
vn 0.8922 0.4267 0.1480
vn -0.7204 -0.6138 0.3229
vn 0.8899 0.3266 0.3184
vn -0.6527 -0.4958 0.5728
vn 0.7725 0.3005 0.5594
vn -0.8411 -0.3731 0.3917
vn -0.5398 -0.3841 0.7491
vn -0.2066 0.9649 0.1619
vn -0.0687 0.9892 0.1294
vn 0.1162 0.9894 0.0874
vn 0.3268 0.9442 0.0423
vn 0.5433 0.8396 -0.0005
vn 0.7426 0.6687 -0.0364
vn 0.8989 0.4337 -0.0621
vn -0.3278 0.8866 -0.3263
vn -0.0064 0.8175 -0.5760
vn -0.3832 -0.7915 -0.4760
vn 0.2853 0.8045 0.5209
vn -0.2251 -0.9193 0.3227
vn 0.4638 0.8822 -0.0814
vn -0.4083 -0.7450 -0.5274
vn 0.4986 0.4390 0.7475
vn 0.6575 0.5603 0.5037
vn -0.6958 -0.6924 0.1908
vn 0.8922 0.4267 0.1479
vn 0.8899 0.3267 0.3184
vn 0.7725 0.3004 0.5594
vn -0.8410 -0.3731 0.3917
vn -0.5398 -0.3840 0.7491
vn -0.1045 -0.9771 -0.1851
vn 0.0281 -0.9914 -0.1277
vn 0.2043 -0.9774 -0.0537
vn 0.4023 -0.9151 0.0260
vn 0.6023 -0.7918 0.1017
vn 0.7811 -0.6023 0.1647
vn 0.9130 -0.3512 0.2075
vn 0.3365 -0.5555 -0.7604
vn -0.0422 0.7323 -0.6797
vn 0.4560 -0.7233 -0.5185
vn 0.0685 0.9948 0.0751
vn 0.5833 -0.7011 -0.4102
vn 0.3812 -0.8317 -0.4036
vn 0.0569 0.9827 -0.1760
vn 0.1915 -0.9789 -0.0719
vn 0.2830 -0.8338 -0.4740
vn 0.0884 -0.9751 0.2032
vn -0.0843 0.8431 -0.5311
vn -0.4479 0.8415 0.3021
vn 0.0165 0.8539 -0.5202
vn -0.3636 0.9183 0.1566
vn -0.0483 0.9141 -0.4026
vn -0.4485 0.8117 0.3740
vn 0.4618 -0.6162 -0.6380
vn 0.1769 -0.8169 0.5490
vn -0.2846 0.7530 -0.5933
vn -0.6246 0.5972 0.5032
vn 0.4611 -0.7936 -0.3970
vn 0.2434 -0.8448 0.4766
vn -0.2906 0.8435 -0.4517
vn -0.6236 0.4738 0.6218
vn 0.7422 -0.6651 -0.0825
vn -0.3424 0.8667 -0.3628
vn -0.6290 0.4449 0.6375
vn 0.8012 -0.4878 -0.3466
vn 0.3465 -0.6330 0.6923
vn -0.3927 0.8216 -0.4132
vn -0.6621 0.4135 0.6251
vn 0.8239 -0.2620 -0.5026
vn 0.2575 -0.5623 0.7858
vn -0.8625 0.5053 -0.0258
vn 0.7699 -0.4100 0.4891
vn -0.9200 0.3807 -0.0924
vn -0.9069 0.3626 0.2146
vn 0.7408 -0.3114 0.5952
vn -0.9049 0.2690 0.3298
vn 0.4791 -0.2564 0.8395
vn -0.8844 0.0794 0.4599
vn -0.1044 -0.9769 -0.1862
vn 0.0281 -0.9914 -0.1279
vn 0.2038 -0.9777 -0.0502
vn 0.4008 -0.9155 0.0352
vn 0.5991 -0.7919 0.1180
vn 0.7756 -0.6024 0.1885
vn 0.9050 -0.3528 0.2378
vn -0.6245 0.5972 0.5032
vn -0.6235 0.4739 0.6218
vn 0.7421 -0.6652 -0.0825
vn -0.3928 0.8216 -0.4132
vn -0.6620 0.4135 0.6251
vn 0.8239 -0.2619 -0.5026
vn -0.8626 0.5053 -0.0259
vn -0.9200 0.3808 -0.0924
vn 0.1045 0.9771 0.1851
vn -0.0281 0.9914 0.1277
vn -0.2043 0.9774 0.0537
vn -0.4023 0.9151 -0.0260
vn -0.6023 0.7918 -0.1017
vn -0.7811 0.6023 -0.1647
vn -0.9130 0.3512 -0.2075
vn -0.3365 0.5555 0.7604
vn 0.0422 -0.7323 0.6797
vn -0.4560 0.7233 0.5185
vn -0.0685 -0.9948 -0.0751
vn -0.5833 0.7011 0.4102
vn -0.3812 0.8317 0.4036
vn -0.0569 -0.9827 0.1760
vn -0.1915 0.9789 0.0719
vn -0.2830 0.8338 0.4740
vn -0.0884 0.9751 -0.2032
vn 0.0843 -0.8431 0.5311
vn 0.4479 -0.8415 -0.3021
vn -0.0165 -0.8539 0.5202
vn 0.3636 -0.9183 -0.1566
vn 0.0483 -0.9141 0.4026
vn 0.4485 -0.8117 -0.3740
vn -0.4618 0.6162 0.6380
vn -0.1769 0.8169 -0.5490
vn 0.2846 -0.7530 0.5933
vn 0.6246 -0.5972 -0.5032
vn -0.4611 0.7936 0.3970
vn -0.2434 0.8448 -0.4766
vn 0.2906 -0.8435 0.4517
vn 0.6236 -0.4738 -0.6218
vn -0.7422 0.6651 0.0825
vn 0.3424 -0.8667 0.3628
vn 0.6290 -0.4449 -0.6375
vn -0.8012 0.4878 0.3466
vn -0.3465 0.6330 -0.6923
vn 0.3927 -0.8216 0.4132
vn 0.6621 -0.4135 -0.6251
vn -0.8239 0.2620 0.5026
vn -0.2575 0.5623 -0.7858
vn 0.8625 -0.5053 0.0258
vn -0.7699 0.4100 -0.4891
vn 0.9200 -0.3807 0.0924
vn 0.9069 -0.3626 -0.2146
vn -0.7408 0.3114 -0.5952
vn 0.9049 -0.2690 -0.3298
vn -0.4791 0.2564 -0.8395
vn 0.8844 -0.0794 -0.4599
vn 0.1044 0.9769 0.1862
vn -0.0281 0.9914 0.1279
vn -0.2038 0.9777 0.0502
vn -0.4008 0.9155 -0.0352
vn -0.5991 0.7919 -0.1180
vn -0.7756 0.6024 -0.1885
vn -0.9050 0.3528 -0.2378
vn 0.6245 -0.5972 -0.5032
vn 0.6235 -0.4739 -0.6218
vn -0.7421 0.6652 0.0825
vn 0.3928 -0.8216 0.4132
vn 0.6620 -0.4135 -0.6251
vn -0.8239 0.2619 0.5026
vn 0.8626 -0.5053 0.0259
vn 0.9200 -0.3808 0.0924
vn 0.0403 -0.9917 -0.1217
vn -0.0251 -0.9681 -0.2492
vn -0.1088 -0.9054 -0.4104
vn -0.1974 -0.7906 -0.5796
vn -0.2800 -0.6173 -0.7352
vn -0.3455 -0.3873 -0.8548
vn -0.3841 -0.1121 -0.9164
vn -0.4984 0.7495 0.4357
vn -0.3929 -0.9012 -0.1830
vn -0.4011 0.8981 0.1805
vn -0.4672 -0.7874 -0.4021
vn -0.7445 -0.6052 -0.2817
vn -0.4660 -0.8834 0.0484
vn 0.2229 -0.8632 -0.4530
vn -0.6675 -0.6956 -0.2656
vn 0.0571 -0.7371 -0.6734
vn -0.4086 0.2205 0.8857
vn 0.2738 0.6394 0.7184
vn -0.7584 -0.6429 -0.1074
vn 0.0886 -0.7245 -0.6836
vn -0.3591 0.2654 0.8947
vn 0.7082 0.6301 0.3185
vn -0.8269 -0.4092 -0.3859
vn 0.4973 -0.4075 -0.7659
vn -0.1389 0.8788 0.4566
vn 0.7663 0.6417 0.0316
vn -0.0929 -0.8159 -0.5707
vn -0.1563 0.8293 0.5365
vn 0.7262 0.6714 0.1477
vn -0.8556 -0.3276 -0.4007
vn 0.5628 -0.3152 -0.7642
vn 0.3287 0.7333 0.5952
vn -0.5966 -0.6848 -0.4184
vn 0.6140 -0.2559 -0.7466
vn -0.2808 0.4422 0.8518
vn 0.8732 0.4557 0.1730
vn -0.6774 -0.5545 -0.4834
vn 0.5771 -0.2419 -0.7801
vn -0.3822 0.2486 0.8900
vn 0.6277 0.5016 0.5953
vn -0.2467 -0.3721 -0.8948
vn -0.3638 0.0105 0.9314
vn 0.9100 0.3730 0.1812
vn -0.1392 -0.4660 -0.8737
vn -0.3432 0.0688 0.9367
vn 0.9555 0.2908 -0.0492
vn 0.0478 0.0865 0.9951
vn -0.0296 -0.2407 -0.9701
vn 0.0910 -0.1393 -0.9861
vn 0.7092 0.2796 0.6472
vn 0.0684 -0.1851 -0.9803
vn 0.5613 0.0230 0.8273
vn 0.8737 0.0878 0.4786
vn 0.2777 0.0377 -0.9599
vn -0.0242 -0.9681 -0.2494
vn -0.1058 -0.9055 -0.4110
vn -0.1917 -0.7910 -0.5810
vn -0.2711 -0.6180 -0.7379
vn -0.3336 -0.3881 -0.8591
vn -0.3699 -0.1121 -0.9223
vn -0.4984 0.7495 0.4358
vn -0.4672 -0.7874 -0.4022
vn 0.0886 -0.7244 -0.6836
vn 0.7082 0.6301 0.3184
vn 0.4972 -0.4075 -0.7660
vn 0.6140 -0.2559 -0.7467
vn 0.6277 0.5017 0.5952
vn -0.3638 0.0106 0.9314
vn 0.0478 0.0866 0.9951
vn -0.0295 -0.2407 -0.9701
vn 0.0909 -0.1393 -0.9861
vn 0.7092 0.2797 0.6471
vn 0.8737 0.0878 0.4785
vn -0.0403 0.9917 0.1217
vn 0.0251 0.9681 0.2492
vn 0.1088 0.9054 0.4104
vn 0.1974 0.7906 0.5796
vn 0.2800 0.6173 0.7352
vn 0.3455 0.3873 0.8548
vn 0.3841 0.1121 0.9164
vn 0.4984 -0.7495 -0.4357
vn 0.3929 0.9012 0.1830
vn 0.4011 -0.8981 -0.1805
vn 0.4672 0.7874 0.4021
vn 0.7445 0.6052 0.2817
vn 0.4660 0.8834 -0.0484
vn -0.2229 0.8632 0.4530
vn 0.6675 0.6956 0.2656
vn -0.0571 0.7371 0.6734
vn 0.4086 -0.2205 -0.8857
vn -0.2738 -0.6394 -0.7184
vn 0.7584 0.6429 0.1074
vn -0.0886 0.7245 0.6836
vn 0.3591 -0.2654 -0.8947
vn -0.7082 -0.6301 -0.3185
vn 0.8269 0.4092 0.3859
vn -0.4973 0.4075 0.7659
vn 0.1389 -0.8788 -0.4566
vn -0.7663 -0.6417 -0.0316
vn 0.0929 0.8159 0.5707
vn 0.1563 -0.8293 -0.5365
vn -0.7262 -0.6714 -0.1477
vn 0.8556 0.3276 0.4007
vn -0.5628 0.3152 0.7642
vn -0.3287 -0.7333 -0.5952
vn 0.5966 0.6848 0.4184
vn -0.6140 0.2559 0.7466
vn 0.2808 -0.4422 -0.8518
vn -0.8732 -0.4557 -0.1730
vn 0.6774 0.5545 0.4834
vn -0.5771 0.2419 0.7801
vn 0.3822 -0.2486 -0.8900
vn -0.6277 -0.5016 -0.5953
vn 0.2467 0.3721 0.8948
vn 0.3638 -0.0105 -0.9314
vn -0.9100 -0.3730 -0.1812
vn 0.1392 0.4660 0.8737
vn 0.3432 -0.0688 -0.9367
vn -0.9555 -0.2908 0.0492
vn -0.0478 -0.0865 -0.9951
vn 0.0296 0.2407 0.9701
vn -0.0910 0.1393 0.9861
vn -0.7092 -0.2796 -0.6472
vn -0.0684 0.1851 0.9803
vn -0.5613 -0.0230 -0.8273
vn -0.8737 -0.0878 -0.4786
vn -0.2777 -0.0377 0.9599
vn 0.0242 0.9681 0.2494
vn 0.1058 0.9055 0.4110
vn 0.1917 0.7910 0.5810
vn 0.2711 0.6180 0.7379
vn 0.3336 0.3881 0.8591
vn 0.3699 0.1121 0.9223
vn 0.4984 -0.7495 -0.4358
vn 0.4672 0.7874 0.4022
vn -0.0886 0.7244 0.6836
vn -0.7082 -0.6301 -0.3184
vn -0.4972 0.4075 0.7660
vn -0.6140 0.2559 0.7467
vn -0.6277 -0.5017 -0.5952
vn 0.3638 -0.0106 -0.9314
vn -0.0478 -0.0866 -0.9951
vn 0.0295 0.2407 0.9701
vn -0.0909 0.1393 0.9861
vn -0.7092 -0.2797 -0.6471
vn -0.8737 -0.0878 -0.4785
vn -0.0193 -0.9996 0.0199
vn -0.0779 -0.9848 0.1555
vn -0.1582 -0.9319 0.3265
vn -0.2518 -0.8257 0.5048
vn -0.3497 -0.6582 0.6667
vn -0.4395 -0.4305 0.7884
vn -0.5055 -0.1542 0.8490
vn 0.3593 -0.7615 0.5395
vn 0.2045 -0.9423 0.2649
vn 0.4670 0.8483 -0.2496
vn 0.4831 0.8177 -0.3129
vn 0.3578 0.9324 -0.0519
vn 0.3470 -0.5483 0.7609
vn -0.6654 -0.7134 0.2197
vn 0.5495 0.8279 -0.1122
vn -0.5164 0.6094 -0.6017
vn 0.7294 0.6478 -0.2197
vn -0.1319 0.7381 -0.6616
vn -0.0904 -0.8263 0.5559
vn 0.3306 0.7523 -0.5698
vn 0.4108 -0.4323 0.8027
vn -0.5538 -0.6481 0.5227
vn 0.0652 0.7890 -0.6109
vn 0.6680 0.7075 -0.2307
vn -0.4326 0.4684 -0.7704
vn 0.8828 0.3133 -0.3499
vn -0.4870 0.3635 -0.7941
vn 0.4125 -0.2000 0.8888
vn -0.8166 -0.4239 0.3917
vn 0.6523 0.6554 -0.3808
vn -0.3217 0.4596 -0.8278
vn 0.2347 -0.2139 0.9482
vn -0.8134 -0.3493 0.4651
vn 0.9838 0.0247 -0.1777
vn -0.2763 0.3610 -0.8907
vn -0.7117 -0.4967 0.4968
vn -0.7155 -0.1866 0.6732
vn -0.4807 -0.0503 0.8755
vn 0.1910 0.1210 -0.9741
vn 0.1420 0.1432 -0.9795
vn -0.9332 -0.1198 0.3388
vn -0.0203 -0.9996 0.0191
vn -0.0818 -0.9850 0.1522
vn -0.1667 -0.9328 0.3195
vn -0.2664 -0.8279 0.4936
vn -0.3713 -0.6619 0.6512
vn -0.4678 -0.4347 0.7695
vn -0.5388 -0.1564 0.8278
vn 0.3577 0.9324 -0.0519
vn 0.5495 0.8279 -0.1123
vn -0.5163 0.6094 -0.6017
vn -0.1319 0.7382 -0.6616
vn -0.5539 -0.6481 0.5227
vn 0.0653 0.7890 -0.6110
vn -0.4326 0.4685 -0.7704
vn 0.8829 0.3133 -0.3499
vn -0.4870 0.3636 -0.7941
vn 0.4124 -0.2000 0.8888
vn 0.2347 -0.2140 0.9482
vn -0.2764 0.3610 -0.8907
vn 0.0193 0.9996 -0.0199
vn 0.0779 0.9848 -0.1555
vn 0.1582 0.9319 -0.3265
vn 0.2518 0.8257 -0.5048
vn 0.3497 0.6582 -0.6667
vn 0.4395 0.4305 -0.7884
vn 0.5055 0.1542 -0.8490
vn -0.3593 0.7615 -0.5395
vn -0.2045 0.9423 -0.2649
vn -0.4670 -0.8483 0.2496
vn -0.4831 -0.8177 0.3129
vn -0.3578 -0.9324 0.0519
vn -0.3470 0.5483 -0.7609
vn 0.6654 0.7134 -0.2197
vn -0.5495 -0.8279 0.1122
vn 0.5164 -0.6094 0.6017
vn -0.7294 -0.6478 0.2197
vn 0.1319 -0.7381 0.6616
vn 0.0904 0.8263 -0.5559
vn -0.3306 -0.7523 0.5698
vn -0.4108 0.4323 -0.8027
vn 0.5538 0.6481 -0.5227
vn -0.0652 -0.7890 0.6109
vn -0.6680 -0.7075 0.2307
vn 0.4326 -0.4684 0.7704
vn -0.8828 -0.3133 0.3499
vn 0.4870 -0.3635 0.7941
vn -0.4125 0.2000 -0.8888
vn 0.8166 0.4239 -0.3917
vn -0.6523 -0.6554 0.3808
vn 0.3217 -0.4596 0.8278
vn -0.2347 0.2139 -0.9482
vn 0.8134 0.3493 -0.4651
vn -0.9838 -0.0247 0.1777
vn 0.2763 -0.3610 0.8907
vn 0.7117 0.4967 -0.4968
vn 0.7155 0.1866 -0.6732
vn 0.4807 0.0503 -0.8755
vn -0.1910 -0.1210 0.9741
vn -0.1420 -0.1432 0.9795
vn 0.9332 0.1198 -0.3388
vn 0.0203 0.9996 -0.0191
vn 0.0818 0.9850 -0.1522
vn 0.1667 0.9328 -0.3195
vn 0.2664 0.8279 -0.4936
vn 0.3713 0.6619 -0.6512
vn 0.4678 0.4347 -0.7695
vn 0.5388 0.1564 -0.8278
vn -0.3577 -0.9324 0.0519
vn -0.5495 -0.8279 0.1123
vn 0.5163 -0.6094 0.6017
vn 0.1319 -0.7382 0.6616
vn 0.5539 0.6481 -0.5227
vn -0.0653 -0.7890 0.6110
vn 0.4326 -0.4685 0.7704
vn -0.8829 -0.3133 0.3499
vn 0.4870 -0.3636 0.7941
vn -0.4124 0.2000 -0.8888
vn -0.2347 0.2140 -0.9482
vn 0.2764 -0.3610 0.8907
vn 0.3345 -0.9042 -0.2655
vn 0.4636 -0.8259 -0.3209
vn 0.6175 -0.6904 -0.3768
vn 0.7634 -0.4954 -0.4145
vn 0.8734 -0.2454 -0.4207
vn 0.9208 0.0444 -0.3874
vn 0.8838 0.3475 -0.3132
vn 0.4910 -0.4907 -0.7198
vn 0.4194 -0.6102 -0.6721
vn -0.6698 0.7026 -0.2400
vn 0.2128 -0.7165 -0.6644
vn -0.8775 0.4678 0.1059
vn 0.4686 -0.7613 -0.4482
vn -0.7869 0.5848 0.1972
vn 0.3440 -0.8209 -0.4558
vn -0.6588 0.7311 0.1771
vn 0.4981 -0.2335 -0.8351
vn 0.0967 -0.5033 -0.8587
vn 0.7334 -0.6625 -0.1522
vn -0.8371 0.5265 -0.1484
vn -0.2862 0.3874 0.8764
vn -0.9541 0.2153 -0.2080
vn -0.5309 0.3069 0.7899
vn 0.5931 -0.6356 -0.4941
vn -0.8754 0.3410 -0.3425
vn -0.3598 0.3054 0.8816
vn 0.3775 -0.0246 -0.9257
vn 0.9096 -0.3422 0.2355
vn -0.8102 0.5843 0.0474
vn -0.2788 0.3040 0.9110
vn 0.3439 0.1351 -0.9292
vn 0.9282 -0.1507 -0.3402
vn -0.9319 0.2247 -0.2849
vn -0.5547 0.1828 0.8118
vn 0.5399 0.0197 -0.8415
vn 0.9827 -0.1638 0.0864
vn -0.9780 0.0826 0.1917
vn 0.5891 -0.0449 -0.8068
vn 0.9298 -0.1646 0.3293
vn 0.5428 0.0580 -0.8379
vn 0.7728 -0.1273 0.6218
vn -0.9670 0.1860 -0.1741
vn -0.5259 0.0305 0.8500
vn 0.7207 -0.1823 -0.6689
vn 0.8864 -0.1280 0.4449
vn -0.9905 0.0684 -0.1196
vn -0.3547 -0.0653 0.9327
vn -0.9699 -0.1074 0.2184
vn 0.9668 0.0939 -0.2377
vn -0.9135 -0.2270 0.3377
vn -0.6462 -0.2694 0.7141
vn 0.9602 0.2791 0.0031
vn -0.8387 -0.4349 0.3278
vn 0.9502 0.2152 0.2255
vn -0.5035 -0.2718 0.8201
vn 0.8426 0.1405 0.5199
vn -0.6447 -0.4811 0.5940
vn 0.3348 -0.9046 -0.2636
vn 0.4648 -0.8273 -0.3156
vn 0.6201 -0.6934 -0.3671
vn 0.7681 -0.5001 -0.4000
vn 0.8805 -0.2515 -0.4018
vn 0.9302 0.0380 -0.3650
vn 0.8938 0.3428 -0.2892
vn -0.6699 0.7026 -0.2400
vn 0.2128 -0.7165 -0.6643
vn 0.3440 -0.8210 -0.4558
vn 0.4981 -0.2336 -0.8351
vn 0.5931 -0.6357 -0.4941
vn -0.8754 0.3411 -0.3425
vn 0.3775 -0.0245 -0.9257
vn -0.2789 0.3040 0.9110
vn 0.3439 0.1351 -0.9293
vn 0.9282 -0.1506 -0.3402
vn -0.5546 0.1828 0.8118
vn 0.9827 -0.1639 0.0864
vn 0.9602 0.2792 0.0031
vn -0.8387 -0.4349 0.3279
vn -0.3345 0.9042 0.2655
vn -0.4636 0.8259 0.3209
vn -0.6175 0.6904 0.3768
vn -0.7634 0.4954 0.4145
vn -0.8734 0.2454 0.4207
vn -0.9208 -0.0444 0.3874
vn -0.8838 -0.3475 0.3132
vn -0.4910 0.4907 0.7198
vn -0.4194 0.6102 0.6721
vn 0.6698 -0.7026 0.2400
vn -0.2128 0.7165 0.6644
vn 0.8775 -0.4678 -0.1059
vn -0.4686 0.7613 0.4482
vn 0.7869 -0.5848 -0.1972
vn -0.3440 0.8209 0.4558
vn 0.6588 -0.7311 -0.1771
vn -0.4981 0.2335 0.8351
vn -0.0967 0.5033 0.8587
vn -0.7334 0.6625 0.1522
vn 0.8371 -0.5265 0.1484
vn 0.2862 -0.3874 -0.8764
vn 0.9541 -0.2153 0.2080
vn 0.5309 -0.3069 -0.7899
vn -0.5931 0.6356 0.4941
vn 0.8754 -0.3410 0.3425
vn 0.3598 -0.3054 -0.8816
vn -0.3775 0.0246 0.9257
vn -0.9096 0.3422 -0.2355
vn 0.8102 -0.5843 -0.0474
vn 0.2788 -0.3040 -0.9110
vn -0.3439 -0.1351 0.9292
vn -0.9282 0.1507 0.3402
vn 0.9319 -0.2247 0.2849
vn 0.5547 -0.1828 -0.8118
vn -0.5399 -0.0197 0.8415
vn -0.9827 0.1638 -0.0864
vn 0.9780 -0.0826 -0.1917
vn -0.5891 0.0449 0.8068
vn -0.9298 0.1646 -0.3293
vn -0.5428 -0.0580 0.8379
vn -0.7728 0.1273 -0.6218
vn 0.9670 -0.1860 0.1741
vn 0.5259 -0.0305 -0.8500
vn -0.7207 0.1823 0.6689
vn -0.8864 0.1280 -0.4449
vn 0.9905 -0.0684 0.1196
vn 0.3547 0.0653 -0.9327
vn 0.9699 0.1074 -0.2184
vn -0.9668 -0.0939 0.2377
vn 0.9135 0.2270 -0.3377
vn 0.6462 0.2694 -0.7141
vn -0.9602 -0.2791 -0.0031
vn 0.8387 0.4349 -0.3278
vn -0.9502 -0.2152 -0.2255
vn 0.5035 0.2718 -0.8201
vn -0.8426 -0.1405 -0.5199
vn 0.6447 0.4811 -0.5940
vn -0.3348 0.9046 0.2636
vn -0.4648 0.8273 0.3156
vn -0.6201 0.6934 0.3671
vn -0.7681 0.5001 0.4000
vn -0.8805 0.2515 0.4018
vn -0.9302 -0.0380 0.3650
vn -0.8938 -0.3428 0.2892
vn 0.6699 -0.7026 0.2400
vn -0.2128 0.7165 0.6643
vn -0.3440 0.8210 0.4558
vn -0.4981 0.2336 0.8351
vn -0.5931 0.6357 0.4941
vn 0.8754 -0.3411 0.3425
vn -0.3775 0.0245 0.9257
vn 0.2789 -0.3040 -0.9110
vn -0.3439 -0.1351 0.9293
vn -0.9282 0.1506 0.3402
vn 0.5546 -0.1828 -0.8118
vn -0.9827 0.1639 -0.0864
vn -0.9602 -0.2792 -0.0031
vn 0.8387 0.4349 -0.3279
vt 0.297368 0.000000
vt 0.687657 0.977560
vt 0.312343 0.977560
vt 0.671510 1.955120
vt 0.328490 1.955120
vt 0.653829 2.932680
vt 0.346171 2.932680
vt 0.634013 3.910240
vt 0.365987 3.910240
vt 0.610907 4.887800
vt 0.389093 4.887800
vt 0.581591 5.865359
vt 0.418409 5.865359
vt 0.518421 6.842919
vt 0.481579 6.842919
vt 0.577842 0.000000
vt 0.422158 0.711426
vt 0.422158 0.000000
vt 0.422158 0.288136
vt 0.422158 1.001593
vt 0.422158 0.348214
vt 0.422158 1.545907
vt 0.422158 1.428995
vt 0.422158 1.738986
vt 0.422158 1.793685
vt 0.422158 0.594300
vt 0.577842 0.594300
vt 0.422158 1.089807
vt 0.422158 0.890656
vt 0.577842 0.890656
vt 0.422158 1.672770
vt 0.422158 1.049373
vt 0.577842 1.049373
vt 0.422158 2.004614
vt 0.422158 0.736010
vt 0.422158 0.826339
vt 0.577842 0.826339
vt 0.422158 1.831637
vt 0.422158 0.840438
vt 0.577842 0.840438
vt 0.422158 1.686356
vt 0.422158 0.743993
vt 0.577842 0.743993
vt 0.422158 1.715902
vt 0.422158 0.950327
vt 0.577842 0.950327
vt 0.422158 2.112049
vt 0.422158 0.786371
vt 0.577842 0.786371
vt 0.422158 1.508597
vt 0.422158 1.073961
vt 0.577842 1.073961
vt 0.422158 1.983134
vt 0.422158 0.640879
vt 0.422158 0.759575
vt 0.577842 0.759575
vt 0.422158 1.477317
vt 0.422158 0.950575
vt 0.577842 0.950575
vt 0.422158 1.893758
vt 0.422158 0.801836
vt 0.577842 0.801836
vt 0.422158 1.793517
vt 0.422158 0.900121
vt 0.422158 0.693725
vt 0.577842 0.693725
vt 0.422158 1.414427
vt 0.422158 0.571465
vt 0.422158 1.392774
vt 0.422158 1.186606
vt 0.422158 0.901230
vt 0.422158 0.762972
vt 0.422158 0.724640
vt 0.422158 0.782269
vt 0.422158 0.404983
vt 0.702632 0.000000
vt 0.577842 0.711426
vt 0.577842 0.288136
vt 0.577842 1.001593
vt 0.577842 0.348214
vt 0.577842 1.545907
vt 0.577842 1.428995
vt 0.577842 1.738986
vt 0.577842 1.793685
vt 0.577842 1.089807
vt 0.577842 1.672770
vt 0.577842 2.004614
vt 0.577842 0.736010
vt 0.577842 1.831637
vt 0.577842 1.686356
vt 0.577842 1.715902
vt 0.577842 2.112049
vt 0.577842 1.508597
vt 0.577842 1.983134
vt 0.577842 0.640879
vt 0.577842 1.477317
vt 0.577842 1.893758
vt 0.577842 1.793517
vt 0.577842 0.900121
vt 0.577842 1.414427
vt 0.577842 0.571465
vt 0.577842 1.392774
vt 0.577842 1.186606
vt 0.577842 0.901230
vt 0.577842 0.762972
vt 0.577842 0.724640
vt 0.577842 0.782269
vt 0.577842 0.404983
vt 0.687657 0.965953
vt 0.312343 0.965953
vt 0.671510 1.931905
vt 0.328490 1.931905
vt 0.653829 2.897858
vt 0.346171 2.897858
vt 0.634013 3.863811
vt 0.365987 3.863811
vt 0.610907 4.829763
vt 0.389093 4.829763
vt 0.581591 5.795716
vt 0.418409 5.795716
vt 0.518421 6.761669
vt 0.481579 6.761669
vt 0.576965 0.000000
vt 0.423035 0.238408
vt 0.423035 0.000000
vt 0.423035 0.609477
vt 0.423035 0.890768
vt 0.423035 1.633041
vt 0.423035 1.934061
vt 0.423035 1.502336
vt 0.423035 2.117213
vt 0.423035 0.998594
vt 0.576965 0.998594
vt 0.423035 1.994901
vt 0.423035 0.937368
vt 0.576965 0.937368
vt 0.423035 1.757582
vt 0.423035 0.858116
vt 0.576965 0.858116
vt 0.423035 1.916047
vt 0.423035 0.724241
vt 0.576965 0.724241
vt 0.423035 1.672886
vt 0.423035 0.906482
vt 0.423035 0.926459
vt 0.576965 0.926459
vt 0.423035 2.009654
vt 0.423035 0.799944
vt 0.576965 0.799944
vt 0.423035 1.834584
vt 0.423035 0.510624
vt 0.576965 0.510624
vt 0.423035 1.002078
vt 0.423035 0.862547
vt 0.576965 0.862547
vt 0.423035 1.766545
vt 0.423035 0.647669
vt 0.576965 0.647669
vt 0.423035 1.433197
vt 0.423035 0.705177
vt 0.576965 0.705177
vt 0.423035 1.504658
vt 0.423035 0.708584
vt 0.423035 0.623118
vt 0.576965 0.623118
vt 0.423035 1.291345
vt 0.423035 0.529737
vt 0.576965 0.529737
vt 0.423035 1.200252
vt 0.423035 1.307098
vt 0.423035 1.044273
vt 0.423035 1.286874
vt 0.423035 0.917140
vt 0.423035 0.874573
vt 0.423035 0.922039
vt 0.423035 0.725551
vt 0.423035 0.582933
vt 0.576965 0.238408
vt 0.576965 0.609477
vt 0.576965 0.890768
vt 0.576965 1.633041
vt 0.576965 1.934061
vt 0.576965 1.502336
vt 0.576965 2.117213
vt 0.576965 1.994901
vt 0.576965 1.757582
vt 0.576965 1.916047
vt 0.576965 1.672886
vt 0.576965 0.906482
vt 0.576965 2.009654
vt 0.576965 1.834584
vt 0.576965 1.002078
vt 0.576965 1.766545
vt 0.576965 1.433197
vt 0.576965 1.504658
vt 0.576965 0.708584
vt 0.576965 1.291345
vt 0.576965 1.200252
vt 0.576965 1.307098
vt 0.576965 1.044273
vt 0.576965 1.286874
vt 0.576965 0.917140
vt 0.576965 0.874573
vt 0.576965 0.922039
vt 0.576965 0.725551
vt 0.576965 0.582933
vt 0.312343 1.071747
vt 0.687657 1.071747
vt 0.328490 2.143493
vt 0.671510 2.143493
vt 0.346171 3.215240
vt 0.653829 3.215240
vt 0.365987 4.286986
vt 0.634013 4.286986
vt 0.389093 5.358733
vt 0.610907 5.358733
vt 0.418409 6.430480
vt 0.581591 6.430480
vt 0.481579 7.502226
vt 0.583472 0.000000
vt 0.416528 0.712573
vt 0.416528 0.000000
vt 0.416528 0.651926
vt 0.416528 1.226780
vt 0.416528 1.360902
vt 0.416528 2.268335
vt 0.416528 1.627244
vt 0.416528 2.248908
vt 0.416528 0.744541
vt 0.416528 0.782118
vt 0.583472 0.782118
vt 0.416528 1.814982
vt 0.416528 0.653790
vt 0.416528 1.073762
vt 0.416528 0.848881
vt 0.583472 0.848881
vt 0.416528 1.870797
vt 0.416528 0.608270
vt 0.583472 0.608270
vt 0.416528 1.201471
vt 0.416528 1.211746
vt 0.583472 1.211746
vt 0.416528 2.384273
vt 0.416528 1.030393
vt 0.583472 1.030393
vt 0.416528 1.899869
vt 0.416528 0.975903
vt 0.583472 0.975903
vt 0.416528 2.277526
vt 0.416528 0.688853
vt 0.583472 0.688853
vt 0.416528 1.378711
vt 0.416528 0.775368
vt 0.583472 0.775368
vt 0.416528 1.791032
vt 0.416528 0.843008
vt 0.583472 0.843008
vt 0.416528 1.725317
vt 0.416528 0.675901
vt 0.416528 0.907622
vt 0.583472 0.907622
vt 0.416528 1.757114
vt 0.416528 0.874897
vt 0.416528 0.794707
vt 0.416528 0.744216
vt 0.583472 0.744216
vt 0.416528 1.639412
vt 0.416528 0.789009
vt 0.583472 0.789009
vt 0.416528 1.581109
vt 0.416528 0.940723
vt 0.583472 0.940723
vt 0.416528 1.738544
vt 0.416528 1.404237
vt 0.416528 1.265640
vt 0.416528 1.136524
vt 0.416528 1.122121
vt 0.416528 1.247612
vt 0.416528 1.141973
vt 0.416528 0.948270
vt 0.416528 0.438244
vt 0.416528 0.374141
vt 0.518421 7.502226
vt 0.583472 0.712573
vt 0.583472 0.651926
vt 0.583472 1.226780
vt 0.583472 1.360902
vt 0.583472 2.268335
vt 0.583472 1.627244
vt 0.583472 2.248908
vt 0.583472 0.744541
vt 0.583472 1.814982
vt 0.583472 0.653790
vt 0.583472 1.073762
vt 0.583472 1.870797
vt 0.583472 1.201471
vt 0.583472 2.384273
vt 0.583472 1.899869
vt 0.583472 2.277526
vt 0.583472 1.378711
vt 0.583472 1.791032
vt 0.583472 1.725317
vt 0.583472 0.675901
vt 0.583472 1.757114
vt 0.583472 0.874897
vt 0.583472 0.794707
vt 0.583472 1.639412
vt 0.583472 1.581109
vt 0.583472 1.738544
vt 0.583472 1.404237
vt 0.583472 1.265640
vt 0.583472 1.136524
vt 0.583472 1.122121
vt 0.583472 1.247612
vt 0.583472 1.141973
vt 0.583472 0.948270
vt 0.583472 0.438244
vt 0.583472 0.374141
vt 0.312343 1.077329
vt 0.687657 1.077329
vt 0.328490 2.154657
vt 0.671510 2.154657
vt 0.346171 3.231986
vt 0.653829 3.231986
vt 0.365987 4.309314
vt 0.634013 4.309314
vt 0.389093 5.386643
vt 0.610907 5.386643
vt 0.418409 6.463972
vt 0.581591 6.463972
vt 0.481579 7.541300
vt 0.583444 0.000000
vt 0.416556 1.025222
vt 0.416556 0.000000
vt 0.416556 1.385600
vt 0.416556 1.736040
vt 0.416556 1.728842
vt 0.416556 1.743660
vt 0.416556 0.839850
vt 0.583444 0.839850
vt 0.416556 1.806280
vt 0.416556 1.207796
vt 0.583444 1.207796
vt 0.416556 2.259391
vt 0.416556 0.927647
vt 0.583444 0.927647
vt 0.416556 2.129541
vt 0.416556 1.085817
vt 0.583444 1.085817
vt 0.416556 2.102933
vt 0.416556 1.088725
vt 0.583444 1.088725
vt 0.416556 2.194831
vt 0.416556 1.259677
vt 0.583444 1.259677
vt 0.416556 2.332714
vt 0.416556 0.769433
vt 0.583444 0.769433
vt 0.416556 1.724322
vt 0.416556 1.021923
vt 0.416556 0.925045
vt 0.583444 0.925045
vt 0.416556 2.122137
vt 0.416556 0.625504
vt 0.583444 0.625504
vt 0.416556 1.304736
vt 0.416556 0.944203
vt 0.583444 0.944203
vt 0.416556 2.043392
vt 0.416556 0.886410
vt 0.583444 0.886410
vt 0.416556 1.736854
vt 0.416556 0.731082
vt 0.583444 0.731082
vt 0.416556 1.707323
vt 0.416556 1.384026
vt 0.416556 1.142472
vt 0.416556 0.513730
vt 0.416556 0.923469
vt 0.416556 0.942606
vt 0.416556 0.758045
vt 0.416556 0.464912
vt 0.518421 7.541300
vt 0.583444 1.025222
vt 0.583444 1.385600
vt 0.583444 1.736040
vt 0.583444 1.728842
vt 0.583444 1.743660
vt 0.583444 1.806280
vt 0.583444 2.259391
vt 0.583444 2.129541
vt 0.583444 2.102933
vt 0.583444 2.194831
vt 0.583444 2.332714
vt 0.583444 1.724322
vt 0.583444 1.021923
vt 0.583444 2.122137
vt 0.583444 1.304736
vt 0.583444 2.043392
vt 0.583444 1.736854
vt 0.583444 1.707323
vt 0.583444 1.384026
vt 0.583444 1.142472
vt 0.583444 0.513730
vt 0.583444 0.923469
vt 0.583444 0.942606
vt 0.583444 0.758045
vt 0.583444 0.464912
vt 0.687657 1.087304
vt 0.312343 1.087304
vt 0.671510 2.174608
vt 0.328490 2.174608
vt 0.653829 3.261912
vt 0.346171 3.261912
vt 0.634013 4.349216
vt 0.365987 4.349216
vt 0.610907 5.436520
vt 0.389093 5.436520
vt 0.581591 6.523824
vt 0.418409 6.523824
vt 0.518421 7.611127
vt 0.481579 7.611127
vt 0.588000 0.000000
vt 0.412000 0.671583
vt 0.412000 0.000000
vt 0.412000 0.729097
vt 0.412000 0.738620
vt 0.412000 1.159373
vt 0.412000 1.770505
vt 0.412000 2.101927
vt 0.412000 0.829508
vt 0.412000 1.003374
vt 0.412000 1.251337
vt 0.588000 1.251337
vt 0.412000 2.472550
vt 0.412000 0.935957
vt 0.588000 0.935957
vt 0.412000 1.801531
vt 0.412000 0.765122
vt 0.412000 1.146913
vt 0.588000 1.146913
vt 0.412000 2.131423
vt 0.412000 0.677174
vt 0.412000 0.944833
vt 0.588000 0.944833
vt 0.412000 2.164881
vt 0.412000 1.040945
vt 0.588000 1.040945
vt 0.412000 2.124496
vt 0.412000 0.827463
vt 0.588000 0.827463
vt 0.412000 1.821340
vt 0.412000 0.862260
vt 0.588000 0.862260
vt 0.412000 1.745015
vt 0.412000 0.753555
vt 0.588000 0.753555
vt 0.412000 1.756717
vt 0.412000 0.846273
vt 0.588000 0.846273
vt 0.412000 1.683172
vt 0.412000 0.920759
vt 0.588000 0.920759
vt 0.412000 1.713150
vt 0.412000 0.669768
vt 0.588000 0.669768
vt 0.412000 1.459273
vt 0.412000 0.983836
vt 0.412000 1.501958
vt 0.412000 1.253335
vt 0.412000 0.695671
vt 0.412000 1.209764
vt 0.412000 0.847800
vt 0.412000 1.101814
vt 0.412000 0.906040
vt 0.412000 0.882053
vt 0.412000 0.487493
vt 0.412000 0.429087
vt 0.588000 0.671583
vt 0.588000 0.729097
vt 0.588000 0.738620
vt 0.588000 1.159373
vt 0.588000 1.770505
vt 0.588000 2.101927
vt 0.588000 0.829508
vt 0.588000 1.003374
vt 0.588000 2.472550
vt 0.588000 1.801531
vt 0.588000 0.765122
vt 0.588000 2.131423
vt 0.588000 0.677174
vt 0.588000 2.164881
vt 0.588000 2.124496
vt 0.588000 1.821340
vt 0.588000 1.745015
vt 0.588000 1.756717
vt 0.588000 1.683172
vt 0.588000 1.713150
vt 0.588000 1.459273
vt 0.588000 0.983836
vt 0.588000 1.501958
vt 0.588000 1.253335
vt 0.588000 0.695671
vt 0.588000 1.209764
vt 0.588000 0.847800
vt 0.588000 1.101814
vt 0.588000 0.906040
vt 0.588000 0.882053
vt 0.588000 0.487493
vt 0.588000 0.429087
vt 0.687657 1.062362
vt 0.312343 1.062362
vt 0.671510 2.124724
vt 0.328490 2.124724
vt 0.653829 3.187086
vt 0.346171 3.187086
vt 0.634013 4.249448
vt 0.365987 4.249448
vt 0.610907 5.311810
vt 0.389093 5.311810
vt 0.581591 6.374173
vt 0.418409 6.374173
vt 0.518421 7.436535
vt 0.481579 7.436535
vt 0.581923 0.000000
vt 0.418077 0.710031
vt 0.418077 0.000000
vt 0.418077 1.240869
vt 0.418077 1.279653
vt 0.418077 1.505103
vt 0.418077 1.811839
vt 0.418077 0.810826
vt 0.418077 2.013628
vt 0.418077 0.975117
vt 0.418077 0.963100
vt 0.581923 0.963100
vt 0.418077 2.132451
vt 0.418077 1.062813
vt 0.581923 1.062813
vt 0.418077 2.435902
vt 0.418077 1.021518
vt 0.581923 1.021518
vt 0.418077 2.195540
vt 0.418077 1.173562
vt 0.581923 1.173562
vt 0.418077 2.250283
vt 0.418077 0.925872
vt 0.581923 0.925872
vt 0.418077 1.974118
vt 0.418077 1.048749
vt 0.581923 1.048749
vt 0.418077 2.358249
vt 0.418077 0.803832
vt 0.581923 0.803832
vt 0.418077 1.912354
vt 0.418077 0.923687
vt 0.581923 0.923687
vt 0.418077 1.957945
vt 0.418077 0.534469
vt 0.581923 0.534469
vt 0.418077 1.132932
vt 0.418077 0.515927
vt 0.581923 0.515927
vt 0.418077 1.140745
vt 0.418077 0.933543
vt 0.418077 0.861254
vt 0.581923 0.861254
vt 0.418077 1.817909
vt 0.418077 0.768140
vt 0.581923 0.768140
vt 0.418077 1.612293
vt 0.418077 0.709829
vt 0.418077 1.076335
vt 0.581923 1.076335
vt 0.418077 1.968174
vt 0.418077 0.607987
vt 0.581923 0.607987
vt 0.418077 1.337418
vt 0.418077 0.813334
vt 0.581923 0.813334
vt 0.418077 1.601535
vt 0.418077 0.857255
vt 0.418077 0.404376
vt 0.418077 0.574707
vt 0.418077 1.343338
vt 0.418077 0.978621
vt 0.418077 0.313007
vt 0.418077 0.709881
vt 0.418077 0.679209
vt 0.418077 0.131960
vt 0.418077 0.368999
vt 0.581923 0.710031
vt 0.581923 1.240869
vt 0.581923 1.279653
vt 0.581923 1.505103
vt 0.581923 1.811839
vt 0.581923 0.810826
vt 0.581923 2.013628
vt 0.581923 0.975117
vt 0.581923 2.132451
vt 0.581923 2.435902
vt 0.581923 2.195540
vt 0.581923 2.250283
vt 0.581923 1.974118
vt 0.581923 2.358249
vt 0.581923 1.912354
vt 0.581923 1.957945
vt 0.581923 1.132932
vt 0.581923 1.140745
vt 0.581923 0.933543
vt 0.581923 1.817909
vt 0.581923 1.612293
vt 0.581923 0.709829
vt 0.581923 1.968174
vt 0.581923 1.337418
vt 0.581923 1.601535
vt 0.581923 0.857255
vt 0.581923 0.404376
vt 0.581923 0.574707
vt 0.581923 1.343338
vt 0.581923 0.978621
vt 0.581923 0.313007
vt 0.581923 0.709881
vt 0.581923 0.679209
vt 0.581923 0.131960
vt 0.581923 0.368999
vt 0.312343 1.105770
vt 0.687657 1.105770
vt 0.328490 2.211541
vt 0.671510 2.211541
vt 0.346171 3.317312
vt 0.653829 3.317312
vt 0.365987 4.423082
vt 0.634013 4.423082
vt 0.389093 5.528852
vt 0.610907 5.528852
vt 0.418409 6.634623
vt 0.581591 6.634623
vt 0.481579 7.740394
vt 0.586357 0.000000
vt 0.413643 1.094886
vt 0.413643 0.000000
vt 0.413643 1.018741
vt 0.413643 0.837556
vt 0.413643 0.697470
vt 0.413643 2.135231
vt 0.413643 1.787654
vt 0.413643 0.893347
vt 0.413643 1.016776
vt 0.413643 0.997233
vt 0.586357 0.997233
vt 0.413643 2.260398
vt 0.413643 0.887264
vt 0.586357 0.887264
vt 0.413643 1.901914
vt 0.413643 0.916661
vt 0.413643 1.140538
vt 0.586357 1.140538
vt 0.413643 2.392397
vt 0.413643 0.931813
vt 0.586357 0.931813
vt 0.413643 2.062248
vt 0.413643 0.851086
vt 0.586357 0.851086
vt 0.413643 1.747141
vt 0.413643 1.040877
vt 0.586357 1.040877
vt 0.413643 2.295032
vt 0.413643 1.146336
vt 0.586357 1.146336
vt 0.413643 2.186960
vt 0.413643 1.040643
vt 0.586357 1.040643
vt 0.413643 2.099633
vt 0.413643 1.099639
vt 0.586357 1.099639
vt 0.413643 2.110815
vt 0.413643 0.891412
vt 0.586357 0.891412
vt 0.413643 1.667611
vt 0.413643 0.827685
vt 0.586357 0.827685
vt 0.413643 1.950592
vt 0.413643 0.939087
vt 0.586357 0.939087
vt 0.413643 1.862242
vt 0.413643 0.911231
vt 0.413643 1.622700
vt 0.413643 1.305500
vt 0.413643 1.427349
vt 0.413643 1.413193
vt 0.413643 1.334247
vt 0.413643 0.948901
vt 0.413643 0.952196
vt 0.413643 0.343250
vt 0.413643 0.876674
vt 0.413643 0.393143
vt 0.518421 7.740394
vt 0.586357 1.094886
vt 0.586357 1.018741
vt 0.586357 0.837556
vt 0.586357 0.697470
vt 0.586357 2.135231
vt 0.586357 1.787654
vt 0.586357 0.893347
vt 0.586357 1.016776
vt 0.586357 2.260398
vt 0.586357 1.901914
vt 0.586357 0.916661
vt 0.586357 2.392397
vt 0.586357 2.062248
vt 0.586357 1.747141
vt 0.586357 2.295032
vt 0.586357 2.186960
vt 0.586357 2.099633
vt 0.586357 2.110815
vt 0.586357 1.667611
vt 0.586357 1.950592
vt 0.586357 1.862242
vt 0.586357 0.911231
vt 0.586357 1.622700
vt 0.586357 1.305500
vt 0.586357 1.427349
vt 0.586357 1.413193
vt 0.586357 1.334247
vt 0.586357 0.948901
vt 0.586357 0.952196
vt 0.586357 0.343250
vt 0.586357 0.876674
vt 0.586357 0.393143
vt 0.687657 1.181872
vt 0.312343 1.181872
vt 0.671510 2.363743
vt 0.328490 2.363743
vt 0.653829 3.545615
vt 0.346171 3.545615
vt 0.634013 4.727486
vt 0.365987 4.727486
vt 0.610907 5.909358
vt 0.389093 5.909358
vt 0.581591 7.091229
vt 0.418409 7.091229
vt 0.518421 8.273101
vt 0.481579 8.273101
vt 0.590808 0.000000
vt 0.409192 0.734401
vt 0.409192 0.000000
vt 0.409192 0.715873
vt 0.409192 1.371728
vt 0.409192 0.657655
vt 0.409192 0.750424
vt 0.409192 0.649365
vt 0.409192 2.518962
vt 0.409192 0.837380
vt 0.409192 0.845705
vt 0.590808 0.845705
vt 0.409192 1.928672
vt 0.409192 0.990863
vt 0.590808 0.990863
vt 0.409192 2.141397
vt 0.409192 1.077341
vt 0.590808 1.077341
vt 0.409192 2.157192
vt 0.409192 1.247168
vt 0.590808 1.247168
vt 0.409192 2.419547
vt 0.409192 0.971935
vt 0.590808 0.971935
vt 0.409192 1.945468
vt 0.409192 0.640736
vt 0.590808 0.640736
vt 0.409192 1.247171
vt 0.409192 1.049513
vt 0.590808 1.049513
vt 0.409192 2.186902
vt 0.409192 1.199011
vt 0.590808 1.199011
vt 0.409192 2.306629
vt 0.409192 0.668000
vt 0.409192 0.864764
vt 0.590808 0.864764
vt 0.409192 1.981853
vt 0.409192 1.182888
vt 0.590808 1.182888
vt 0.409192 2.264400
vt 0.409192 1.017924
vt 0.590808 1.017924
vt 0.409192 2.105299
vt 0.409192 0.942178
vt 0.590808 0.942178
vt 0.409192 1.826736
vt 0.409192 1.654896
vt 0.409192 1.229460
vt 0.409192 1.510613
vt 0.409192 1.526214
vt 0.409192 0.472289
vt 0.409192 1.113613
vt 0.409192 0.569972
vt 0.409192 0.230314
vt 0.590808 0.734401
vt 0.590808 0.715873
vt 0.590808 1.371728
vt 0.590808 0.657655
vt 0.590808 0.750424
vt 0.590808 0.649365
vt 0.590808 2.518962
vt 0.590808 0.837380
vt 0.590808 1.928672
vt 0.590808 2.141397
vt 0.590808 2.157192
vt 0.590808 2.419547
vt 0.590808 1.945468
vt 0.590808 1.247171
vt 0.590808 2.186902
vt 0.590808 2.306629
vt 0.590808 0.668000
vt 0.590808 1.981853
vt 0.590808 2.264400
vt 0.590808 2.105299
vt 0.590808 1.826736
vt 0.590808 1.654896
vt 0.590808 1.229460
vt 0.590808 1.510613
vt 0.590808 1.526214
vt 0.590808 0.472289
vt 0.590808 1.113613
vt 0.590808 0.569972
vt 0.590808 0.230314
vt 0.312343 1.147905
vt 0.687657 1.147905
vt 0.328490 2.295811
vt 0.671510 2.295811
vt 0.346171 3.443717
vt 0.653829 3.443717
vt 0.365987 4.591622
vt 0.634013 4.591622
vt 0.389093 5.739528
vt 0.610907 5.739528
vt 0.418409 6.887433
vt 0.581591 6.887433
vt 0.481579 8.035338
vt 0.588998 0.000000
vt 0.411002 1.327989
vt 0.411002 0.000000
vt 0.411002 1.618213
vt 0.411002 0.525771
vt 0.411002 2.007555
vt 0.411002 1.910538
vt 0.411002 1.161391
vt 0.588998 1.161391
vt 0.411002 2.248891
vt 0.411002 0.985960
vt 0.588998 0.985960
vt 0.411002 2.281363
vt 0.411002 1.234920
vt 0.588998 1.234920
vt 0.411002 2.393043
vt 0.411002 1.281575
vt 0.588998 1.281575
vt 0.411002 2.404631
vt 0.411002 0.719470
vt 0.588998 0.719470
vt 0.411002 1.407817
vt 0.411002 1.144128
vt 0.588998 1.144128
vt 0.411002 2.224096
vt 0.411002 1.107398
vt 0.588998 1.107398
vt 0.411002 2.200110
vt 0.411002 0.592827
vt 0.411002 1.233306
vt 0.588998 1.233306
vt 0.411002 2.309318
vt 0.411002 0.948856
vt 0.588998 0.948856
vt 0.411002 2.128496
vt 0.411002 0.597782
vt 0.411002 0.917480
vt 0.588998 0.917480
vt 0.411002 1.824484
vt 0.411002 1.025643
vt 0.588998 1.025643
vt 0.411002 1.885650
vt 0.411002 0.981936
vt 0.588998 0.981936
vt 0.411002 1.926513
vt 0.411002 1.020453
vt 0.588998 1.020453
vt 0.411002 2.087459
vt 0.411002 1.032418
vt 0.411002 0.813435
vt 0.588998 0.813435
vt 0.411002 1.834844
vt 0.411002 0.930424
vt 0.411002 0.755964
vt 0.588998 0.755964
vt 0.411002 1.500369
vt 0.411002 1.527819
vt 0.411002 1.392473
vt 0.411002 1.167669
vt 0.411002 1.131373
vt 0.411002 0.445737
vt 0.411002 1.189966
vt 0.411002 0.958636
vt 0.411002 0.508865
vt 0.518421 8.035338
vt 0.588998 1.327989
vt 0.588998 1.618213
vt 0.588998 0.525771
vt 0.588998 2.007555
vt 0.588998 1.910538
vt 0.588998 2.248891
vt 0.588998 2.281363
vt 0.588998 2.393043
vt 0.588998 2.404631
vt 0.588998 1.407817
vt 0.588998 2.224096
vt 0.588998 2.200110
vt 0.588998 0.592827
vt 0.588998 2.309318
vt 0.588998 2.128496
vt 0.588998 0.597782
vt 0.588998 1.824484
vt 0.588998 1.885650
vt 0.588998 1.926513
vt 0.588998 2.087459
vt 0.588998 1.032418
vt 0.588998 1.834844
vt 0.588998 0.930424
vt 0.588998 1.500369
vt 0.588998 1.527819
vt 0.588998 1.392473
vt 0.588998 1.167669
vt 0.588998 1.131373
vt 0.588998 0.445737
vt 0.588998 1.189966
vt 0.588998 0.958636
vt 0.588998 0.508865
vt 0.312343 1.137690
vt 0.687657 1.137690
vt 0.328490 2.275380
vt 0.671510 2.275380
vt 0.346171 3.413070
vt 0.653829 3.413070
vt 0.365987 4.550760
vt 0.634013 4.550760
vt 0.389093 5.688450
vt 0.610907 5.688450
vt 0.418409 6.826140
vt 0.581591 6.826140
vt 0.481579 7.963830
vt 0.589671 0.000000
vt 0.410329 0.668642
vt 0.410329 0.000000
vt 0.410329 1.397452
vt 0.410329 1.231865
vt 0.410329 1.966579
vt 0.410329 1.810793
vt 0.410329 1.212605
vt 0.589671 1.212605
vt 0.410329 2.602798
vt 0.410329 0.653863
vt 0.589671 0.653863
vt 0.410329 1.199875
vt 0.410329 1.150409
vt 0.589671 1.150409
vt 0.410329 2.100273
vt 0.410329 1.091033
vt 0.410329 0.780491
vt 0.410329 1.007206
vt 0.589671 1.007206
vt 0.410329 2.237719
vt 0.410329 1.046291
vt 0.410329 1.116155
vt 0.589671 1.116155
vt 0.410329 2.044083
vt 0.410329 0.957647
vt 0.589671 0.957647
vt 0.410329 2.182430
vt 0.410329 0.756933
vt 0.589671 0.756933
vt 0.410329 1.581342
vt 0.410329 0.980492
vt 0.589671 0.980492
vt 0.410329 1.837038
vt 0.410329 0.896888
vt 0.589671 0.896888
vt 0.410329 1.857498
vt 0.410329 0.915888
vt 0.589671 0.915888
vt 0.410329 1.699939
vt 0.410329 1.403026
vt 0.410329 1.077222
vt 0.410329 1.008070
vt 0.410329 0.491821
vt 0.410329 0.459142
vt 0.410329 0.408496
vt 0.518421 7.963830
vt 0.589671 0.668642
vt 0.589671 1.397452
vt 0.589671 1.231865
vt 0.589671 1.966579
vt 0.589671 1.810793
vt 0.589671 2.602798
vt 0.589671 1.199875
vt 0.589671 2.100273
vt 0.589671 1.091033
vt 0.589671 0.780491
vt 0.589671 2.237719
vt 0.589671 1.046291
vt 0.589671 2.044083
vt 0.589671 2.182430
vt 0.589671 1.581342
vt 0.589671 1.837038
vt 0.589671 1.857498
vt 0.589671 1.699939
vt 0.589671 1.403026
vt 0.589671 1.077222
vt 0.589671 1.008070
vt 0.589671 0.491821
vt 0.589671 0.459142
vt 0.589671 0.408496
vt 0.312343 1.183097
vt 0.687657 1.183097
vt 0.328490 2.366195
vt 0.671510 2.366195
vt 0.346171 3.549292
vt 0.653829 3.549292
vt 0.365987 4.732389
vt 0.634013 4.732389
vt 0.389093 5.915487
vt 0.610907 5.915487
vt 0.418409 7.098584
vt 0.581591 7.098584
vt 0.481579 8.281682
vt 0.591158 0.000000
vt 0.408842 0.876682
vt 0.408842 0.000000
vt 0.408842 1.105147
vt 0.408842 1.508486
vt 0.408842 0.745373
vt 0.408842 1.656659
vt 0.408842 1.775951
vt 0.408842 2.462151
vt 0.408842 1.022480
vt 0.408842 2.360288
vt 0.408842 0.783292
vt 0.408842 0.959738
vt 0.591158 0.959738
vt 0.408842 2.014067
vt 0.408842 1.191902
vt 0.591158 1.191902
vt 0.408842 2.280338
vt 0.408842 1.078777
vt 0.591158 1.078777
vt 0.408842 2.524707
vt 0.408842 1.097215
vt 0.408842 1.011345
vt 0.591158 1.011345
vt 0.408842 1.969282
vt 0.408842 0.963952
vt 0.591158 0.963952
vt 0.408842 1.914621
vt 0.408842 1.299336
vt 0.591158 1.299336
vt 0.408842 2.407103
vt 0.408842 1.099641
vt 0.591158 1.099641
vt 0.408842 2.230548
vt 0.408842 1.278238
vt 0.591158 1.278238
vt 0.408842 2.463334
vt 0.408842 0.730840
vt 0.591158 0.730840
vt 0.408842 1.438953
vt 0.408842 1.116193
vt 0.408842 0.994287
vt 0.591158 0.994287
vt 0.408842 2.058189
vt 0.408842 1.034823
vt 0.591158 1.034823
vt 0.408842 1.973588
vt 0.408842 0.941324
vt 0.591158 0.941324
vt 0.408842 2.117601
vt 0.408842 1.009232
vt 0.591158 1.009232
vt 0.408842 1.966898
vt 0.408842 0.949301
vt 0.591158 0.949301
vt 0.408842 1.780837
vt 0.408842 1.678522
vt 0.408842 1.611216
vt 0.408842 1.639813
vt 0.408842 0.634945
vt 0.408842 0.975547
vt 0.408842 0.363242
vt 0.408842 0.911081
vt 0.408842 0.720628
vt 0.408842 0.271117
vt 0.408842 0.549841
vt 0.518421 8.281682
vt 0.591158 0.876682
vt 0.591158 1.105147
vt 0.591158 1.508486
vt 0.591158 0.745373
vt 0.591158 1.656659
vt 0.591158 1.775951
vt 0.591158 2.462151
vt 0.591158 1.022480
vt 0.591158 2.360288
vt 0.591158 0.783292
vt 0.591158 2.014067
vt 0.591158 2.280338
vt 0.591158 2.524707
vt 0.591158 1.097215
vt 0.591158 1.969282
vt 0.591158 1.914621
vt 0.591158 2.407103
vt 0.591158 2.230548
vt 0.591158 2.463334
vt 0.591158 1.438953
vt 0.591158 1.116193
vt 0.591158 2.058189
vt 0.591158 1.973588
vt 0.591158 2.117601
vt 0.591158 1.966898
vt 0.591158 1.780837
vt 0.591158 1.678522
vt 0.591158 1.611216
vt 0.591158 1.639813
vt 0.591158 0.634945
vt 0.591158 0.975547
vt 0.591158 0.363242
vt 0.591158 0.911081
vt 0.591158 0.720628
vt 0.591158 0.271117
vt 0.591158 0.549841
s 0
f 665/405/561 667/406/561 668/407/561
f 669/407/562 671/408/562 672/409/562
f 673/409/563 675/410/563 676/411/563
f 677/411/564 679/412/564 680/413/564
f 681/413/565 683/414/565 684/415/565
f 685/415/566 687/416/566 688/417/566
f 689/417/567 691/418/567 692/419/567
f 694/420/568 696/421/568 693/422/568
f 698/420/569 700/423/569 697/422/569
f 702/420/570 704/424/570 701/422/570
f 706/420/571 708/425/571 705/422/571
f 710/420/572 712/426/572 709/422/572
f 714/420/573 716/427/573 713/422/573
f 718/420/574 720/428/574 717/422/574
f 722/420/575 724/429/575 721/422/575
f 726/420/576 728/430/576 725/422/576
f 730/431/577 732/432/577 729/430/577
f 734/420/578 736/433/578 733/422/578
f 738/434/579 740/435/579 737/433/579
f 742/420/580 744/436/580 741/422/580
f 746/437/581 748/438/581 745/436/581
f 750/420/582 752/439/582 749/422/582
f 754/420/583 756/440/583 753/422/583
f 758/441/584 760/442/584 757/440/584
f 762/420/585 764/443/585 761/422/585
f 766/444/586 768/445/586 765/443/586
f 770/420/587 772/446/587 769/422/587
f 774/447/588 776/448/588 773/446/588
f 778/420/589 780/449/589 777/422/589
f 782/450/590 784/451/590 781/449/590
f 786/420/591 788/452/591 785/422/591
f 790/453/592 792/454/592 789/452/592
f 794/420/593 796/455/593 793/422/593
f 798/456/594 800/457/594 797/455/594
f 802/420/595 804/458/595 801/422/595
f 806/420/596 808/459/596 805/422/596
f 810/460/597 812/461/597 809/459/597
f 814/420/598 816/462/598 813/422/598
f 818/463/599 820/464/599 817/462/599
f 822/420/600 824/465/600 821/422/600
f 826/466/601 828/467/601 825/465/601
f 830/420/602 832/468/602 829/422/602
f 834/420/603 836/469/603 833/422/603
f 838/470/604 840/471/604 837/469/604
f 842/420/605 844/472/605 841/422/605
f 846/420/606 848/473/606 845/422/606
f 850/420/607 852/474/607 849/422/607
f 854/420/608 856/475/608 853/422/608
f 858/420/609 860/476/609 857/422/609
f 862/420/610 864/477/610 861/422/610
f 866/420/611 868/478/611 865/422/611
f 870/420/612 872/479/612 869/422/612
f 665/405/613 666/480/613 667/406/613
f 669/407/614 670/406/614 671/408/614
f 673/409/615 674/408/615 675/410/615
f 677/411/616 678/410/616 679/412/616
f 681/413/617 682/412/617 683/414/617
f 685/415/618 686/414/618 687/416/618
f 689/417/619 690/416/619 691/418/619
f 694/420/620 695/481/620 696/421/620
f 698/420/569 699/482/569 700/423/569
f 702/420/570 703/483/570 704/424/570
f 706/420/571 707/484/571 708/425/571
f 710/420/572 711/485/572 712/426/572
f 714/420/573 715/486/573 716/427/573
f 718/420/574 719/487/574 720/428/574
f 722/420/621 723/488/621 724/429/621
f 726/420/576 727/431/576 728/430/576
f 730/431/577 731/489/577 732/432/577
f 734/420/578 735/434/578 736/433/578
f 738/434/579 739/490/579 740/435/579
f 742/420/580 743/437/580 744/436/580
f 746/437/581 747/491/581 748/438/581
f 750/420/582 751/492/582 752/439/582
f 754/420/622 755/441/622 756/440/622
f 758/441/623 759/493/623 760/442/623
f 762/420/585 763/444/585 764/443/585
f 766/444/624 767/494/624 768/445/624
f 770/420/587 771/447/587 772/446/587
f 774/447/625 775/495/625 776/448/625
f 778/420/589 779/450/589 780/449/589
f 782/450/626 783/496/626 784/451/626
f 786/420/627 787/453/627 788/452/627
f 790/453/628 791/497/628 792/454/628
f 794/420/593 795/456/593 796/455/593
f 798/456/629 799/498/629 800/457/629
f 802/420/630 803/499/630 804/458/630
f 806/420/596 807/460/596 808/459/596
f 810/460/597 811/500/597 812/461/597
f 814/420/598 815/463/598 816/462/598
f 818/463/631 819/501/631 820/464/631
f 822/420/632 823/466/632 824/465/632
f 826/466/601 827/502/601 828/467/601
f 830/420/633 831/503/633 832/468/633
f 834/420/603 835/470/603 836/469/603
f 838/470/634 839/504/634 840/471/634
f 842/420/635 843/505/635 844/472/635
f 846/420/606 847/506/606 848/473/606
f 850/420/607 851/507/607 852/474/607
f 854/420/636 855/508/636 856/475/636
f 858/420/637 859/509/637 860/476/637
f 862/420/610 863/510/610 864/477/610
f 866/420/638 867/511/638 868/478/638
f 870/420/639 871/512/639 872/479/639
f 873/405/640 876/407/640 875/406/640
f 877/407/641 880/409/641 879/408/641
f 881/409/642 884/411/642 883/410/642
f 885/411/643 888/413/643 887/412/643
f 889/413/644 892/415/644 891/414/644
f 893/415/645 896/417/645 895/416/645
f 897/417/646 900/419/646 899/418/646
f 902/420/647 901/422/647 904/421/647
f 906/420/648 905/422/648 908/423/648
f 910/420/649 909/422/649 912/424/649
f 914/420/650 913/422/650 916/425/650
f 918/420/651 917/422/651 920/426/651
f 922/420/652 921/422/652 924/427/652
f 926/420/653 925/422/653 928/428/653
f 930/420/654 929/422/654 932/429/654
f 934/420/655 933/422/655 936/430/655
f 938/431/656 937/430/656 940/432/656
f 942/420/657 941/422/657 944/433/657
f 946/434/658 945/433/658 948/435/658
f 950/420/659 949/422/659 952/436/659
f 954/437/660 953/436/660 956/438/660
f 958/420/661 957/422/661 960/439/661
f 962/420/662 961/422/662 964/440/662
f 966/441/663 965/440/663 968/442/663
f 970/420/664 969/422/664 972/443/664
f 974/444/665 973/443/665 976/445/665
f 978/420/666 977/422/666 980/446/666
f 982/447/667 981/446/667 984/448/667
f 986/420/668 985/422/668 988/449/668
f 990/450/669 989/449/669 992/451/669
f 994/420/670 993/422/670 996/452/670
f 998/453/671 997/452/671 1000/454/671
f 1002/420/672 1001/422/672 1004/455/672
f 1006/456/673 1005/455/673 1008/457/673
f 1010/420/674 1009/422/674 1012/458/674
f 1014/420/675 1013/422/675 1016/459/675
f 1018/460/676 1017/459/676 1020/461/676
f 1022/420/677 1021/422/677 1024/462/677
f 1026/463/678 1025/462/678 1028/464/678
f 1030/420/679 1029/422/679 1032/465/679
f 1034/466/680 1033/465/680 1036/467/680
f 1038/420/681 1037/422/681 1040/468/681
f 1042/420/682 1041/422/682 1044/469/682
f 1046/470/683 1045/469/683 1048/471/683
f 1050/420/684 1049/422/684 1052/472/684
f 1054/420/685 1053/422/685 1056/473/685
f 1058/420/686 1057/422/686 1060/474/686
f 1062/420/687 1061/422/687 1064/475/687
f 1066/420/688 1065/422/688 1068/476/688
f 1070/420/689 1069/422/689 1072/477/689
f 1074/420/690 1073/422/690 1076/478/690
f 1078/420/691 1077/422/691 1080/479/691
f 873/405/692 875/406/692 874/480/692
f 877/407/693 879/408/693 878/406/693
f 881/409/694 883/410/694 882/408/694
f 885/411/695 887/412/695 886/410/695
f 889/413/696 891/414/696 890/412/696
f 893/415/697 895/416/697 894/414/697
f 897/417/698 899/418/698 898/416/698
f 902/420/699 904/421/699 903/481/699
f 906/420/648 908/423/648 907/482/648
f 910/420/649 912/424/649 911/483/649
f 914/420/650 916/425/650 915/484/650
f 918/420/651 920/426/651 919/485/651
f 922/420/652 924/427/652 923/486/652
f 926/420/653 928/428/653 927/487/653
f 930/420/700 932/429/700 931/488/700
f 934/420/655 936/430/655 935/431/655
f 938/431/656 940/432/656 939/489/656
f 942/420/657 944/433/657 943/434/657
f 946/434/658 948/435/658 947/490/658
f 950/420/659 952/436/659 951/437/659
f 954/437/660 956/438/660 955/491/660
f 958/420/661 960/439/661 959/492/661
f 962/420/701 964/440/701 963/441/701
f 966/441/702 968/442/702 967/493/702
f 970/420/664 972/443/664 971/444/664
f 974/444/703 976/445/703 975/494/703
f 978/420/666 980/446/666 979/447/666
f 982/447/704 984/448/704 983/495/704
f 986/420/668 988/449/668 987/450/668
f 990/450/705 992/451/705 991/496/705
f 994/420/706 996/452/706 995/453/706
f 998/453/707 1000/454/707 999/497/707
f 1002/420/672 1004/455/672 1003/456/672
f 1006/456/708 1008/457/708 1007/498/708
f 1010/420/709 1012/458/709 1011/499/709
f 1014/420/675 1016/459/675 1015/460/675
f 1018/460/676 1020/461/676 1019/500/676
f 1022/420/677 1024/462/677 1023/463/677
f 1026/463/710 1028/464/710 1027/501/710
f 1030/420/711 1032/465/711 1031/466/711
f 1034/466/680 1036/467/680 1035/502/680
f 1038/420/712 1040/468/712 1039/503/712
f 1042/420/682 1044/469/682 1043/470/682
f 1046/470/713 1048/471/713 1047/504/713
f 1050/420/714 1052/472/714 1051/505/714
f 1054/420/685 1056/473/685 1055/506/685
f 1058/420/686 1060/474/686 1059/507/686
f 1062/420/715 1064/475/715 1063/508/715
f 1066/420/716 1068/476/716 1067/509/716
f 1070/420/689 1072/477/689 1071/510/689
f 1074/420/717 1076/478/717 1075/511/717
f 1078/420/718 1080/479/718 1079/512/718
f 1081/405/719 1083/513/719 1084/514/719
f 1085/514/720 1087/515/720 1088/516/720
f 1089/516/721 1091/517/721 1092/518/721
f 1093/518/722 1095/519/722 1096/520/722
f 1097/520/723 1099/521/723 1100/522/723
f 1101/522/724 1103/523/724 1104/524/724
f 1105/524/725 1107/525/725 1108/526/725
f 1110/527/726 1112/528/726 1109/529/726
f 1114/527/727 1116/530/727 1113/529/727
f 1118/527/728 1120/531/728 1117/529/728
f 1122/527/729 1124/532/729 1121/529/729
f 1126/527/730 1128/533/730 1125/529/730
f 1130/527/731 1132/534/731 1129/529/731
f 1134/527/732 1136/535/732 1133/529/732
f 1138/527/733 1140/536/733 1137/529/733
f 1142/537/734 1144/538/734 1141/536/734
f 1146/527/735 1148/539/735 1145/529/735
f 1150/540/736 1152/541/736 1149/539/736
f 1154/527/737 1156/542/737 1153/529/737
f 1158/543/738 1160/544/738 1157/542/738
f 1162/527/739 1164/545/739 1161/529/739
f 1166/546/740 1168/547/740 1165/545/740
f 1170/527/741 1172/548/741 1169/529/741
f 1174/527/742 1176/549/742 1173/529/742
f 1178/550/743 1180/551/743 1177/549/743
f 1182/527/744 1184/552/744 1181/529/744
f 1186/553/745 1188/554/745 1185/552/745
f 1190/527/746 1192/555/746 1189/529/746
f 1194/556/747 1196/557/747 1193/555/747
f 1198/527/748 1200/558/748 1197/529/748
f 1202/559/749 1204/560/749 1201/558/749
f 1206/527/750 1208/561/750 1205/529/750
f 1210/562/751 1212/563/751 1209/561/751
f 1214/527/752 1216/564/752 1213/529/752
f 1218/565/753 1220/566/753 1217/564/753
f 1222/527/754 1224/567/754 1221/529/754
f 1226/527/755 1228/568/755 1225/529/755
f 1230/569/756 1232/570/756 1229/568/756
f 1234/527/757 1236/571/757 1233/529/757
f 1238/572/758 1240/573/758 1237/571/758
f 1242/527/759 1244/574/759 1241/529/759
f 1246/527/760 1248/575/760 1245/529/760
f 1250/527/761 1252/576/761 1249/529/761
f 1254/527/762 1256/577/762 1253/529/762
f 1258/527/763 1260/578/763 1257/529/763
f 1262/527/764 1264/579/764 1261/529/764
f 1266/527/765 1268/580/765 1265/529/765
f 1270/527/766 1272/581/766 1269/529/766
f 1081/405/767 1082/480/767 1083/513/767
f 1085/514/768 1086/513/768 1087/515/768
f 1089/516/769 1090/515/769 1091/517/769
f 1093/518/770 1094/517/770 1095/519/770
f 1097/520/771 1098/519/771 1099/521/771
f 1101/522/772 1102/521/772 1103/523/772
f 1105/524/773 1106/523/773 1107/525/773
f 1110/527/726 1111/582/726 1112/528/726
f 1114/527/774 1115/583/774 1116/530/774
f 1118/527/728 1119/584/728 1120/531/728
f 1122/527/729 1123/585/729 1124/532/729
f 1126/527/775 1127/586/775 1128/533/775
f 1130/527/776 1131/587/776 1132/534/776
f 1134/527/777 1135/588/777 1136/535/777
f 1138/527/733 1139/537/733 1140/536/733
f 1142/537/778 1143/589/778 1144/538/778
f 1146/527/735 1147/540/735 1148/539/735
f 1150/540/779 1151/590/779 1152/541/779
f 1154/527/737 1155/543/737 1156/542/737
f 1158/543/780 1159/591/780 1160/544/780
f 1162/527/739 1163/546/739 1164/545/739
f 1166/546/781 1167/592/781 1168/547/781
f 1170/527/741 1171/593/741 1172/548/741
f 1174/527/742 1175/550/742 1176/549/742
f 1178/550/782 1179/594/782 1180/551/782
f 1182/527/744 1183/553/744 1184/552/744
f 1186/553/745 1187/595/745 1188/554/745
f 1190/527/746 1191/556/746 1192/555/746
f 1194/556/747 1195/596/747 1196/557/747
f 1198/527/748 1199/559/748 1200/558/748
f 1202/559/783 1203/597/783 1204/560/783
f 1206/527/750 1207/562/750 1208/561/750
f 1210/562/751 1211/598/751 1212/563/751
f 1214/527/752 1215/565/752 1216/564/752
f 1218/565/753 1219/599/753 1220/566/753
f 1222/527/754 1223/600/754 1224/567/754
f 1226/527/755 1227/569/755 1228/568/755
f 1230/569/756 1231/601/756 1232/570/756
f 1234/527/757 1235/572/757 1236/571/757
f 1238/572/784 1239/602/784 1240/573/784
f 1242/527/759 1243/603/759 1244/574/759
f 1246/527/760 1247/604/760 1248/575/760
f 1250/527/785 1251/605/785 1252/576/785
f 1254/527/762 1255/606/762 1256/577/762
f 1258/527/763 1259/607/763 1260/578/763
f 1262/527/786 1263/608/786 1264/579/786
f 1266/527/787 1267/609/787 1268/580/787
f 1270/527/788 1271/610/788 1272/581/788
f 1273/405/789 1276/514/789 1275/513/789
f 1277/514/790 1280/516/790 1279/515/790
f 1281/516/791 1284/518/791 1283/517/791
f 1285/518/792 1288/520/792 1287/519/792
f 1289/520/793 1292/522/793 1291/521/793
f 1293/522/794 1296/524/794 1295/523/794
f 1297/524/795 1300/526/795 1299/525/795
f 1302/527/796 1301/529/796 1304/528/796
f 1306/527/797 1305/529/797 1308/530/797
f 1310/527/798 1309/529/798 1312/531/798
f 1314/527/799 1313/529/799 1316/532/799
f 1318/527/800 1317/529/800 1320/533/800
f 1322/527/801 1321/529/801 1324/534/801
f 1326/527/802 1325/529/802 1328/535/802
f 1330/527/803 1329/529/803 1332/536/803
f 1334/537/804 1333/536/804 1336/538/804
f 1338/527/805 1337/529/805 1340/539/805
f 1342/540/806 1341/539/806 1344/541/806
f 1346/527/807 1345/529/807 1348/542/807
f 1350/543/808 1349/542/808 1352/544/808
f 1354/527/809 1353/529/809 1356/545/809
f 1358/546/810 1357/545/810 1360/547/810
f 1362/527/811 1361/529/811 1364/548/811
f 1366/527/812 1365/529/812 1368/549/812
f 1370/550/813 1369/549/813 1372/551/813
f 1374/527/814 1373/529/814 1376/552/814
f 1378/553/815 1377/552/815 1380/554/815
f 1382/527/816 1381/529/816 1384/555/816
f 1386/556/817 1385/555/817 1388/557/817
f 1390/527/818 1389/529/818 1392/558/818
f 1394/559/819 1393/558/819 1396/560/819
f 1398/527/820 1397/529/820 1400/561/820
f 1402/562/821 1401/561/821 1404/563/821
f 1406/527/822 1405/529/822 1408/564/822
f 1410/565/823 1409/564/823 1412/566/823
f 1414/527/824 1413/529/824 1416/567/824
f 1418/527/825 1417/529/825 1420/568/825
f 1422/569/826 1421/568/826 1424/570/826
f 1426/527/827 1425/529/827 1428/571/827
f 1430/572/828 1429/571/828 1432/573/828
f 1434/527/829 1433/529/829 1436/574/829
f 1438/527/830 1437/529/830 1440/575/830
f 1442/527/831 1441/529/831 1444/576/831
f 1446/527/832 1445/529/832 1448/577/832
f 1450/527/833 1449/529/833 1452/578/833
f 1454/527/834 1453/529/834 1456/579/834
f 1458/527/835 1457/529/835 1460/580/835
f 1462/527/836 1461/529/836 1464/581/836
f 1273/405/837 1275/513/837 1274/480/837
f 1277/514/838 1279/515/838 1278/513/838
f 1281/516/839 1283/517/839 1282/515/839
f 1285/518/840 1287/519/840 1286/517/840
f 1289/520/841 1291/521/841 1290/519/841
f 1293/522/842 1295/523/842 1294/521/842
f 1297/524/843 1299/525/843 1298/523/843
f 1302/527/796 1304/528/796 1303/582/796
f 1306/527/844 1308/530/844 1307/583/844
f 1310/527/798 1312/531/798 1311/584/798
f 1314/527/799 1316/532/799 1315/585/799
f 1318/527/845 1320/533/845 1319/586/845
f 1322/527/846 1324/534/846 1323/587/846
f 1326/527/847 1328/535/847 1327/588/847
f 1330/527/803 1332/536/803 1331/537/803
f 1334/537/848 1336/538/848 1335/589/848
f 1338/527/805 1340/539/805 1339/540/805
f 1342/540/849 1344/541/849 1343/590/849
f 1346/527/807 1348/542/807 1347/543/807
f 1350/543/850 1352/544/850 1351/591/850
f 1354/527/809 1356/545/809 1355/546/809
f 1358/546/851 1360/547/851 1359/592/851
f 1362/527/811 1364/548/811 1363/593/811
f 1366/527/812 1368/549/812 1367/550/812
f 1370/550/852 1372/551/852 1371/594/852
f 1374/527/814 1376/552/814 1375/553/814
f 1378/553/815 1380/554/815 1379/595/815
f 1382/527/816 1384/555/816 1383/556/816
f 1386/556/817 1388/557/817 1387/596/817
f 1390/527/818 1392/558/818 1391/559/818
f 1394/559/853 1396/560/853 1395/597/853
f 1398/527/820 1400/561/820 1399/562/820
f 1402/562/821 1404/563/821 1403/598/821
f 1406/527/822 1408/564/822 1407/565/822
f 1410/565/823 1412/566/823 1411/599/823
f 1414/527/824 1416/567/824 1415/600/824
f 1418/527/825 1420/568/825 1419/569/825
f 1422/569/826 1424/570/826 1423/601/826
f 1426/527/827 1428/571/827 1427/572/827
f 1430/572/854 1432/573/854 1431/602/854
f 1434/527/829 1436/574/829 1435/603/829
f 1438/527/830 1440/575/830 1439/604/830
f 1442/527/855 1444/576/855 1443/605/855
f 1446/527/832 1448/577/832 1447/606/832
f 1450/527/833 1452/578/833 1451/607/833
f 1454/527/856 1456/579/856 1455/608/856
f 1458/527/857 1460/580/857 1459/609/857
f 1462/527/858 1464/581/858 1463/610/858
f 1466/480/859 1468/611/859 1465/405/859
f 1470/612/860 1472/613/860 1469/611/860
f 1474/614/861 1476/615/861 1473/613/861
f 1478/616/862 1480/617/862 1477/615/862
f 1482/618/863 1484/619/863 1481/617/863
f 1486/620/864 1488/621/864 1485/619/864
f 1490/622/865 1492/623/865 1489/621/865
f 1494/624/866 1496/625/866 1493/626/866
f 1498/624/867 1500/627/867 1497/626/867
f 1502/624/868 1504/628/868 1501/626/868
f 1506/624/869 1508/629/869 1505/626/869
f 1510/624/870 1512/630/870 1509/626/870
f 1514/624/871 1516/631/871 1513/626/871
f 1518/624/872 1520/632/872 1517/626/872
f 1522/624/873 1524/633/873 1521/626/873
f 1526/624/874 1528/634/874 1525/626/874
f 1530/635/875 1532/636/875 1529/634/875
f 1534/624/876 1536/637/876 1533/626/876
f 1538/624/877 1540/638/877 1537/626/877
f 1542/624/878 1544/639/878 1541/626/878
f 1546/640/879 1548/641/879 1545/639/879
f 1550/624/880 1552/642/880 1549/626/880
f 1554/643/881 1556/644/881 1553/642/881
f 1558/624/882 1560/645/882 1557/626/882
f 1562/646/883 1564/647/883 1561/645/883
f 1566/624/884 1568/648/884 1565/626/884
f 1570/649/885 1572/650/885 1569/648/885
f 1574/624/886 1576/651/886 1573/626/886
f 1578/652/887 1580/653/887 1577/651/887
f 1582/624/888 1584/654/888 1581/626/888
f 1586/655/889 1588/656/889 1585/654/889
f 1590/624/890 1592/657/890 1589/626/890
f 1594/658/891 1596/659/891 1593/657/891
f 1598/624/892 1600/660/892 1597/626/892
f 1602/661/893 1604/662/893 1601/660/893
f 1606/624/894 1608/663/894 1605/626/894
f 1610/624/895 1612/664/895 1609/626/895
f 1614/665/896 1616/666/896 1613/664/896
f 1618/624/897 1620/667/897 1617/626/897
f 1622/624/898 1624/668/898 1621/626/898
f 1626/624/899 1628/669/899 1625/626/899
f 1630/670/900 1632/671/900 1629/669/900
f 1634/624/901 1636/672/901 1633/626/901
f 1638/673/902 1640/674/902 1637/672/902
f 1642/624/903 1644/675/903 1641/626/903
f 1646/676/904 1648/677/904 1645/675/904
f 1650/624/905 1652/678/905 1649/626/905
f 1654/624/906 1656/679/906 1653/626/906
f 1658/624/907 1660/680/907 1657/626/907
f 1662/624/908 1664/681/908 1661/626/908
f 1666/624/909 1668/682/909 1665/626/909
f 1670/624/910 1672/683/910 1669/626/910
f 1674/624/911 1676/684/911 1673/626/911
f 1678/624/912 1680/685/912 1677/626/912
f 1682/624/913 1684/686/913 1681/626/913
f 1466/480/914 1467/612/914 1468/611/914
f 1470/612/915 1471/614/915 1472/613/915
f 1474/614/916 1475/616/916 1476/615/916
f 1478/616/917 1479/618/917 1480/617/917
f 1482/618/918 1483/620/918 1484/619/918
f 1486/620/919 1487/622/919 1488/621/919
f 1490/622/920 1491/687/920 1492/623/920
f 1494/624/921 1495/688/921 1496/625/921
f 1498/624/922 1499/689/922 1500/627/922
f 1502/624/923 1503/690/923 1504/628/923
f 1506/624/869 1507/691/869 1508/629/869
f 1510/624/870 1511/692/870 1512/630/870
f 1514/624/871 1515/693/871 1516/631/871
f 1518/624/872 1519/694/872 1520/632/872
f 1522/624/873 1523/695/873 1524/633/873
f 1526/624/924 1527/635/924 1528/634/924
f 1530/635/925 1531/696/925 1532/636/925
f 1534/624/926 1535/697/926 1536/637/926
f 1538/624/927 1539/698/927 1540/638/927
f 1542/624/878 1543/640/878 1544/639/878
f 1546/640/879 1547/699/879 1548/641/879
f 1550/624/880 1551/643/880 1552/642/880
f 1554/643/928 1555/700/928 1556/644/928
f 1558/624/882 1559/646/882 1560/645/882
f 1562/646/929 1563/701/929 1564/647/929
f 1566/624/884 1567/649/884 1568/648/884
f 1570/649/885 1571/702/885 1572/650/885
f 1574/624/886 1575/652/886 1576/651/886
f 1578/652/930 1579/703/930 1580/653/930
f 1582/624/888 1583/655/888 1584/654/888
f 1586/655/931 1587/704/931 1588/656/931
f 1590/624/932 1591/658/932 1592/657/932
f 1594/658/933 1595/705/933 1596/659/933
f 1598/624/892 1599/661/892 1600/660/892
f 1602/661/934 1603/706/934 1604/662/934
f 1606/624/935 1607/707/935 1608/663/935
f 1610/624/895 1611/665/895 1612/664/895
f 1614/665/936 1615/708/936 1616/666/936
f 1618/624/897 1619/709/897 1620/667/897
f 1622/624/937 1623/710/937 1624/668/937
f 1626/624/899 1627/670/899 1628/669/899
f 1630/670/900 1631/711/900 1632/671/900
f 1634/624/938 1635/673/938 1636/672/938
f 1638/673/902 1639/712/902 1640/674/902
f 1642/624/903 1643/676/903 1644/675/903
f 1646/676/904 1647/713/904 1648/677/904
f 1650/624/939 1651/714/939 1652/678/939
f 1654/624/940 1655/715/940 1656/679/940
f 1658/624/907 1659/716/907 1660/680/907
f 1662/624/941 1663/717/941 1664/681/941
f 1666/624/942 1667/718/942 1668/682/942
f 1670/624/943 1671/719/943 1672/683/943
f 1674/624/944 1675/720/944 1676/684/944
f 1678/624/912 1679/721/912 1680/685/912
f 1682/624/945 1683/722/945 1684/686/945
f 1686/480/946 1685/405/946 1688/611/946
f 1690/612/947 1689/611/947 1692/613/947
f 1694/614/948 1693/613/948 1696/615/948
f 1698/616/949 1697/615/949 1700/617/949
f 1702/618/950 1701/617/950 1704/619/950
f 1706/620/951 1705/619/951 1708/621/951
f 1710/622/952 1709/621/952 1712/623/952
f 1714/624/953 1713/626/953 1716/625/953
f 1718/624/954 1717/626/954 1720/627/954
f 1722/624/955 1721/626/955 1724/628/955
f 1726/624/956 1725/626/956 1728/629/956
f 1730/624/957 1729/626/957 1732/630/957
f 1734/624/958 1733/626/958 1736/631/958
f 1738/624/959 1737/626/959 1740/632/959
f 1742/624/960 1741/626/960 1744/633/960
f 1746/624/961 1745/626/961 1748/634/961
f 1750/635/962 1749/634/962 1752/636/962
f 1754/624/963 1753/626/963 1756/637/963
f 1758/624/964 1757/626/964 1760/638/964
f 1762/624/965 1761/626/965 1764/639/965
f 1766/640/966 1765/639/966 1768/641/966
f 1770/624/967 1769/626/967 1772/642/967
f 1774/643/968 1773/642/968 1776/644/968
f 1778/624/969 1777/626/969 1780/645/969
f 1782/646/970 1781/645/970 1784/647/970
f 1786/624/971 1785/626/971 1788/648/971
f 1790/649/972 1789/648/972 1792/650/972
f 1794/624/973 1793/626/973 1796/651/973
f 1798/652/974 1797/651/974 1800/653/974
f 1802/624/975 1801/626/975 1804/654/975
f 1806/655/976 1805/654/976 1808/656/976
f 1810/624/977 1809/626/977 1812/657/977
f 1814/658/978 1813/657/978 1816/659/978
f 1818/624/979 1817/626/979 1820/660/979
f 1822/661/980 1821/660/980 1824/662/980
f 1826/624/981 1825/626/981 1828/663/981
f 1830/624/982 1829/626/982 1832/664/982
f 1834/665/983 1833/664/983 1836/666/983
f 1838/624/984 1837/626/984 1840/667/984
f 1842/624/985 1841/626/985 1844/668/985
f 1846/624/986 1845/626/986 1848/669/986
f 1850/670/987 1849/669/987 1852/671/987
f 1854/624/988 1853/626/988 1856/672/988
f 1858/673/989 1857/672/989 1860/674/989
f 1862/624/990 1861/626/990 1864/675/990
f 1866/676/991 1865/675/991 1868/677/991
f 1870/624/992 1869/626/992 1872/678/992
f 1874/624/993 1873/626/993 1876/679/993
f 1878/624/994 1877/626/994 1880/680/994
f 1882/624/995 1881/626/995 1884/681/995
f 1886/624/996 1885/626/996 1888/682/996
f 1890/624/997 1889/626/997 1892/683/997
f 1894/624/998 1893/626/998 1896/684/998
f 1898/624/999 1897/626/999 1900/685/999
f 1902/624/1000 1901/626/1000 1904/686/1000
f 1686/480/1001 1688/611/1001 1687/612/1001
f 1690/612/1002 1692/613/1002 1691/614/1002
f 1694/614/1003 1696/615/1003 1695/616/1003
f 1698/616/1004 1700/617/1004 1699/618/1004
f 1702/618/1005 1704/619/1005 1703/620/1005
f 1706/620/1006 1708/621/1006 1707/622/1006
f 1710/622/1007 1712/623/1007 1711/687/1007
f 1714/624/1008 1716/625/1008 1715/688/1008
f 1718/624/1009 1720/627/1009 1719/689/1009
f 1722/624/1010 1724/628/1010 1723/690/1010
f 1726/624/956 1728/629/956 1727/691/956
f 1730/624/957 1732/630/957 1731/692/957
f 1734/624/958 1736/631/958 1735/693/958
f 1738/624/959 1740/632/959 1739/694/959
f 1742/624/960 1744/633/960 1743/695/960
f 1746/624/1011 1748/634/1011 1747/635/1011
f 1750/635/1012 1752/636/1012 1751/696/1012
f 1754/624/1013 1756/637/1013 1755/697/1013
f 1758/624/1014 1760/638/1014 1759/698/1014
f 1762/624/965 1764/639/965 1763/640/965
f 1766/640/966 1768/641/966 1767/699/966
f 1770/624/967 1772/642/967 1771/643/967
f 1774/643/1015 1776/644/1015 1775/700/1015
f 1778/624/969 1780/645/969 1779/646/969
f 1782/646/1016 1784/647/1016 1783/701/1016
f 1786/624/971 1788/648/971 1787/649/971
f 1790/649/972 1792/650/972 1791/702/972
f 1794/624/973 1796/651/973 1795/652/973
f 1798/652/1017 1800/653/1017 1799/703/1017
f 1802/624/975 1804/654/975 1803/655/975
f 1806/655/1018 1808/656/1018 1807/704/1018
f 1810/624/1019 1812/657/1019 1811/658/1019
f 1814/658/1020 1816/659/1020 1815/705/1020
f 1818/624/979 1820/660/979 1819/661/979
f 1822/661/1021 1824/662/1021 1823/706/1021
f 1826/624/1022 1828/663/1022 1827/707/1022
f 1830/624/982 1832/664/982 1831/665/982
f 1834/665/1023 1836/666/1023 1835/708/1023
f 1838/624/984 1840/667/984 1839/709/984
f 1842/624/1024 1844/668/1024 1843/710/1024
f 1846/624/986 1848/669/986 1847/670/986
f 1850/670/987 1852/671/987 1851/711/987
f 1854/624/1025 1856/672/1025 1855/673/1025
f 1858/673/989 1860/674/989 1859/712/989
f 1862/624/990 1864/675/990 1863/676/990
f 1866/676/991 1868/677/991 1867/713/991
f 1870/624/1026 1872/678/1026 1871/714/1026
f 1874/624/1027 1876/679/1027 1875/715/1027
f 1878/624/994 1880/680/994 1879/716/994
f 1882/624/1028 1884/681/1028 1883/717/1028
f 1886/624/1029 1888/682/1029 1887/718/1029
f 1890/624/1030 1892/683/1030 1891/719/1030
f 1894/624/1031 1896/684/1031 1895/720/1031
f 1898/624/999 1900/685/999 1899/721/999
f 1902/624/1032 1904/686/1032 1903/722/1032
f 1906/480/1033 1908/723/1033 1905/405/1033
f 1910/724/1034 1912/725/1034 1909/723/1034
f 1914/726/1035 1916/727/1035 1913/725/1035
f 1918/728/1036 1920/729/1036 1917/727/1036
f 1922/730/1037 1924/731/1037 1921/729/1037
f 1926/732/1038 1928/733/1038 1925/731/1038
f 1930/734/1039 1932/735/1039 1929/733/1039
f 1934/736/1040 1936/737/1040 1933/738/1040
f 1938/736/1041 1940/739/1041 1937/738/1041
f 1942/736/1042 1944/740/1042 1941/738/1042
f 1946/736/1043 1948/741/1043 1945/738/1043
f 1950/736/1044 1952/742/1044 1949/738/1044
f 1954/736/1045 1956/743/1045 1953/738/1045
f 1958/744/1046 1960/745/1046 1957/743/1046
f 1962/736/1047 1964/746/1047 1961/738/1047
f 1966/747/1048 1968/748/1048 1965/746/1048
f 1970/736/1049 1972/749/1049 1969/738/1049
f 1974/750/1050 1976/751/1050 1973/749/1050
f 1978/736/1051 1980/752/1051 1977/738/1051
f 1982/753/1052 1984/754/1052 1981/752/1052
f 1986/736/1053 1988/755/1053 1985/738/1053
f 1990/756/1054 1992/757/1054 1989/755/1054
f 1994/736/1055 1996/758/1055 1993/738/1055
f 1998/759/1056 2000/760/1056 1997/758/1056
f 2002/736/1057 2004/761/1057 2001/738/1057
f 2006/762/1058 2008/763/1058 2005/761/1058
f 2010/736/1059 2012/764/1059 2009/738/1059
f 2014/736/1060 2016/765/1060 2013/738/1060
f 2018/766/1061 2020/767/1061 2017/765/1061
f 2022/736/1062 2024/768/1062 2021/738/1062
f 2026/769/1063 2028/770/1063 2025/768/1063
f 2030/736/1064 2032/771/1064 2029/738/1064
f 2034/772/1065 2036/773/1065 2033/771/1065
f 2038/736/1066 2040/774/1066 2037/738/1066
f 2042/775/1067 2044/776/1067 2041/774/1067
f 2046/736/1068 2048/777/1068 2045/738/1068
f 2050/778/1069 2052/779/1069 2049/777/1069
f 2054/736/1070 2056/780/1070 2053/738/1070
f 2058/736/1071 2060/781/1071 2057/738/1071
f 2062/736/1072 2064/782/1072 2061/738/1072
f 2066/736/1073 2068/783/1073 2065/738/1073
f 2070/736/1074 2072/784/1074 2069/738/1074
f 2074/736/1075 2076/785/1075 2073/738/1075
f 2078/736/1076 2080/786/1076 2077/738/1076
f 1906/480/1077 1907/724/1077 1908/723/1077
f 1910/724/1078 1911/726/1078 1912/725/1078
f 1914/726/1079 1915/728/1079 1916/727/1079
f 1918/728/1080 1919/730/1080 1920/729/1080
f 1922/730/1081 1923/732/1081 1924/731/1081
f 1926/732/1082 1927/734/1082 1928/733/1082
f 1930/734/1083 1931/787/1083 1932/735/1083
f 1934/736/1040 1935/788/1040 1936/737/1040
f 1938/736/1084 1939/789/1084 1940/739/1084
f 1942/736/1042 1943/790/1042 1944/740/1042
f 1946/736/1043 1947/791/1043 1948/741/1043
f 1950/736/1044 1951/792/1044 1952/742/1044
f 1954/736/1045 1955/744/1045 1956/743/1045
f 1958/744/1046 1959/793/1046 1960/745/1046
f 1962/736/1047 1963/747/1047 1964/746/1047
f 1966/747/1085 1967/794/1085 1968/748/1085
f 1970/736/1049 1971/750/1049 1972/749/1049
f 1974/750/1050 1975/795/1050 1976/751/1050
f 1978/736/1051 1979/753/1051 1980/752/1051
f 1982/753/1052 1983/796/1052 1984/754/1052
f 1986/736/1053 1987/756/1053 1988/755/1053
f 1990/756/1086 1991/797/1086 1992/757/1086
f 1994/736/1055 1995/759/1055 1996/758/1055
f 1998/759/1087 1999/798/1087 2000/760/1087
f 2002/736/1057 2003/762/1057 2004/761/1057
f 2006/762/1088 2007/799/1088 2008/763/1088
f 2010/736/1089 2011/800/1089 2012/764/1089
f 2014/736/1060 2015/766/1060 2016/765/1060
f 2018/766/1090 2019/801/1090 2020/767/1090
f 2022/736/1062 2023/769/1062 2024/768/1062
f 2026/769/1063 2027/802/1063 2028/770/1063
f 2030/736/1064 2031/772/1064 2032/771/1064
f 2034/772/1065 2035/803/1065 2036/773/1065
f 2038/736/1066 2039/775/1066 2040/774/1066
f 2042/775/1067 2043/804/1067 2044/776/1067
f 2046/736/1068 2047/778/1068 2048/777/1068
f 2050/778/1091 2051/805/1091 2052/779/1091
f 2054/736/1092 2055/806/1092 2056/780/1092
f 2058/736/1093 2059/807/1093 2060/781/1093
f 2062/736/1094 2063/808/1094 2064/782/1094
f 2066/736/1073 2067/809/1073 2068/783/1073
f 2070/736/1074 2071/810/1074 2072/784/1074
f 2074/736/1095 2075/811/1095 2076/785/1095
f 2078/736/1076 2079/812/1076 2080/786/1076
f 2082/480/1096 2081/405/1096 2084/723/1096
f 2086/724/1097 2085/723/1097 2088/725/1097
f 2090/726/1098 2089/725/1098 2092/727/1098
f 2094/728/1099 2093/727/1099 2096/729/1099
f 2098/730/1100 2097/729/1100 2100/731/1100
f 2102/732/1101 2101/731/1101 2104/733/1101
f 2106/734/1102 2105/733/1102 2108/735/1102
f 2110/736/1103 2109/738/1103 2112/737/1103
f 2114/736/1104 2113/738/1104 2116/739/1104
f 2118/736/1105 2117/738/1105 2120/740/1105
f 2122/736/1106 2121/738/1106 2124/741/1106
f 2126/736/1107 2125/738/1107 2128/742/1107
f 2130/736/1108 2129/738/1108 2132/743/1108
f 2134/744/1109 2133/743/1109 2136/745/1109
f 2138/736/1110 2137/738/1110 2140/746/1110
f 2142/747/1111 2141/746/1111 2144/748/1111
f 2146/736/1112 2145/738/1112 2148/749/1112
f 2150/750/1113 2149/749/1113 2152/751/1113
f 2154/736/1114 2153/738/1114 2156/752/1114
f 2158/753/1115 2157/752/1115 2160/754/1115
f 2162/736/1116 2161/738/1116 2164/755/1116
f 2166/756/1117 2165/755/1117 2168/757/1117
f 2170/736/1118 2169/738/1118 2172/758/1118
f 2174/759/1119 2173/758/1119 2176/760/1119
f 2178/736/1120 2177/738/1120 2180/761/1120
f 2182/762/1121 2181/761/1121 2184/763/1121
f 2186/736/1122 2185/738/1122 2188/764/1122
f 2190/736/1123 2189/738/1123 2192/765/1123
f 2194/766/1124 2193/765/1124 2196/767/1124
f 2198/736/1125 2197/738/1125 2200/768/1125
f 2202/769/1126 2201/768/1126 2204/770/1126
f 2206/736/1127 2205/738/1127 2208/771/1127
f 2210/772/1128 2209/771/1128 2212/773/1128
f 2214/736/1129 2213/738/1129 2216/774/1129
f 2218/775/1130 2217/774/1130 2220/776/1130
f 2222/736/1131 2221/738/1131 2224/777/1131
f 2226/778/1132 2225/777/1132 2228/779/1132
f 2230/736/1133 2229/738/1133 2232/780/1133
f 2234/736/1134 2233/738/1134 2236/781/1134
f 2238/736/1135 2237/738/1135 2240/782/1135
f 2242/736/1136 2241/738/1136 2244/783/1136
f 2246/736/1137 2245/738/1137 2248/784/1137
f 2250/736/1138 2249/738/1138 2252/785/1138
f 2254/736/1139 2253/738/1139 2256/786/1139
f 2082/480/1140 2084/723/1140 2083/724/1140
f 2086/724/1141 2088/725/1141 2087/726/1141
f 2090/726/1142 2092/727/1142 2091/728/1142
f 2094/728/1143 2096/729/1143 2095/730/1143
f 2098/730/1144 2100/731/1144 2099/732/1144
f 2102/732/1145 2104/733/1145 2103/734/1145
f 2106/734/1146 2108/735/1146 2107/787/1146
f 2110/736/1103 2112/737/1103 2111/788/1103
f 2114/736/1147 2116/739/1147 2115/789/1147
f 2118/736/1105 2120/740/1105 2119/790/1105
f 2122/736/1106 2124/741/1106 2123/791/1106
f 2126/736/1107 2128/742/1107 2127/792/1107
f 2130/736/1108 2132/743/1108 2131/744/1108
f 2134/744/1109 2136/745/1109 2135/793/1109
f 2138/736/1110 2140/746/1110 2139/747/1110
f 2142/747/1148 2144/748/1148 2143/794/1148
f 2146/736/1112 2148/749/1112 2147/750/1112
f 2150/750/1113 2152/751/1113 2151/795/1113
f 2154/736/1114 2156/752/1114 2155/753/1114
f 2158/753/1115 2160/754/1115 2159/796/1115
f 2162/736/1116 2164/755/1116 2163/756/1116
f 2166/756/1149 2168/757/1149 2167/797/1149
f 2170/736/1118 2172/758/1118 2171/759/1118
f 2174/759/1150 2176/760/1150 2175/798/1150
f 2178/736/1120 2180/761/1120 2179/762/1120
f 2182/762/1151 2184/763/1151 2183/799/1151
f 2186/736/1152 2188/764/1152 2187/800/1152
f 2190/736/1123 2192/765/1123 2191/766/1123
f 2194/766/1153 2196/767/1153 2195/801/1153
f 2198/736/1125 2200/768/1125 2199/769/1125
f 2202/769/1126 2204/770/1126 2203/802/1126
f 2206/736/1127 2208/771/1127 2207/772/1127
f 2210/772/1128 2212/773/1128 2211/803/1128
f 2214/736/1129 2216/774/1129 2215/775/1129
f 2218/775/1130 2220/776/1130 2219/804/1130
f 2222/736/1131 2224/777/1131 2223/778/1131
f 2226/778/1154 2228/779/1154 2227/805/1154
f 2230/736/1155 2232/780/1155 2231/806/1155
f 2234/736/1156 2236/781/1156 2235/807/1156
f 2238/736/1157 2240/782/1157 2239/808/1157
f 2242/736/1136 2244/783/1136 2243/809/1136
f 2246/736/1137 2248/784/1137 2247/810/1137
f 2250/736/1158 2252/785/1158 2251/811/1158
f 2254/736/1139 2256/786/1139 2255/812/1139
f 2257/405/1159 2259/813/1159 2260/814/1159
f 2261/814/1160 2263/815/1160 2264/816/1160
f 2265/816/1161 2267/817/1161 2268/818/1161
f 2269/818/1162 2271/819/1162 2272/820/1162
f 2273/820/1163 2275/821/1163 2276/822/1163
f 2277/822/1164 2279/823/1164 2280/824/1164
f 2281/824/1165 2283/825/1165 2284/826/1165
f 2286/827/1166 2288/828/1166 2285/829/1166
f 2290/827/1167 2292/830/1167 2289/829/1167
f 2294/827/1168 2296/831/1168 2293/829/1168
f 2298/827/1169 2300/832/1169 2297/829/1169
f 2302/827/1170 2304/833/1170 2301/829/1170
f 2306/827/1171 2308/834/1171 2305/829/1171
f 2310/827/1172 2312/835/1172 2309/829/1172
f 2314/827/1173 2316/836/1173 2313/829/1173
f 2318/827/1174 2320/837/1174 2317/829/1174
f 2322/838/1175 2324/839/1175 2321/837/1175
f 2326/827/1176 2328/840/1176 2325/829/1176
f 2330/841/1177 2332/842/1177 2329/840/1177
f 2334/827/1178 2336/843/1178 2333/829/1178
f 2338/827/1179 2340/844/1179 2337/829/1179
f 2342/845/1180 2344/846/1180 2341/844/1180
f 2346/827/1181 2348/847/1181 2345/829/1181
f 2350/827/1182 2352/848/1182 2349/829/1182
f 2354/849/1183 2356/850/1183 2353/848/1183
f 2358/827/1184 2360/851/1184 2357/829/1184
f 2362/852/1185 2364/853/1185 2361/851/1185
f 2366/827/1186 2368/854/1186 2365/829/1186
f 2370/855/1187 2372/856/1187 2369/854/1187
f 2374/827/1188 2376/857/1188 2373/829/1188
f 2378/858/1189 2380/859/1189 2377/857/1189
f 2382/827/1190 2384/860/1190 2381/829/1190
f 2386/861/1191 2388/862/1191 2385/860/1191
f 2390/827/1192 2392/863/1192 2389/829/1192
f 2394/864/1193 2396/865/1193 2393/863/1193
f 2398/827/1194 2400/866/1194 2397/829/1194
f 2402/867/1195 2404/868/1195 2401/866/1195
f 2406/827/1196 2408/869/1196 2405/829/1196
f 2410/870/1197 2412/871/1197 2409/869/1197
f 2414/827/1198 2416/872/1198 2413/829/1198
f 2418/827/1199 2420/873/1199 2417/829/1199
f 2422/827/1200 2424/874/1200 2421/829/1200
f 2426/827/1201 2428/875/1201 2425/829/1201
f 2430/827/1202 2432/876/1202 2429/829/1202
f 2434/827/1203 2436/877/1203 2433/829/1203
f 2438/827/1204 2440/878/1204 2437/829/1204
f 2442/827/1205 2444/879/1205 2441/829/1205
f 2446/827/1206 2448/880/1206 2445/829/1206
f 2450/827/1207 2452/881/1207 2449/829/1207
f 2454/827/1208 2456/882/1208 2453/829/1208
f 2257/405/1209 2258/480/1209 2259/813/1209
f 2261/814/1210 2262/813/1210 2263/815/1210
f 2265/816/1211 2266/815/1211 2267/817/1211
f 2269/818/1212 2270/817/1212 2271/819/1212
f 2273/820/1163 2274/819/1163 2275/821/1163
f 2277/822/1213 2278/821/1213 2279/823/1213
f 2281/824/1214 2282/823/1214 2283/825/1214
f 2286/827/1215 2287/883/1215 2288/828/1215
f 2290/827/1216 2291/884/1216 2292/830/1216
f 2294/827/1168 2295/885/1168 2296/831/1168
f 2298/827/1217 2299/886/1217 2300/832/1217
f 2302/827/1218 2303/887/1218 2304/833/1218
f 2306/827/1219 2307/888/1219 2308/834/1219
f 2310/827/1220 2311/889/1220 2312/835/1220
f 2314/827/1173 2315/890/1173 2316/836/1173
f 2318/827/1174 2319/838/1174 2320/837/1174
f 2322/838/1221 2323/891/1221 2324/839/1221
f 2326/827/1176 2327/841/1176 2328/840/1176
f 2330/841/1222 2331/892/1222 2332/842/1222
f 2334/827/1223 2335/893/1223 2336/843/1223
f 2338/827/1179 2339/845/1179 2340/844/1179
f 2342/845/1180 2343/894/1180 2344/846/1180
f 2346/827/1181 2347/895/1181 2348/847/1181
f 2350/827/1182 2351/849/1182 2352/848/1182
f 2354/849/1224 2355/896/1224 2356/850/1224
f 2358/827/1184 2359/852/1184 2360/851/1184
f 2362/852/1225 2363/897/1225 2364/853/1225
f 2366/827/1186 2367/855/1186 2368/854/1186
f 2370/855/1226 2371/898/1226 2372/856/1226
f 2374/827/1188 2375/858/1188 2376/857/1188
f 2378/858/1189 2379/899/1189 2380/859/1189
f 2382/827/1190 2383/861/1190 2384/860/1190
f 2386/861/1191 2387/900/1191 2388/862/1191
f 2390/827/1192 2391/864/1192 2392/863/1192
f 2394/864/1227 2395/901/1227 2396/865/1227
f 2398/827/1194 2399/867/1194 2400/866/1194
f 2402/867/1195 2403/902/1195 2404/868/1195
f 2406/827/1196 2407/870/1196 2408/869/1196
f 2410/870/1228 2411/903/1228 2412/871/1228
f 2414/827/1198 2415/904/1198 2416/872/1198
f 2418/827/1229 2419/905/1229 2420/873/1229
f 2422/827/1230 2423/906/1230 2424/874/1230
f 2426/827/1231 2427/907/1231 2428/875/1231
f 2430/827/1202 2431/908/1202 2432/876/1202
f 2434/827/1203 2435/909/1203 2436/877/1203
f 2438/827/1232 2439/910/1232 2440/878/1232
f 2442/827/1205 2443/911/1205 2444/879/1205
f 2446/827/1206 2447/912/1206 2448/880/1206
f 2450/827/1233 2451/913/1233 2452/881/1233
f 2454/827/1208 2455/914/1208 2456/882/1208
f 2457/405/1234 2460/814/1234 2459/813/1234
f 2461/814/1235 2464/816/1235 2463/815/1235
f 2465/816/1236 2468/818/1236 2467/817/1236
f 2469/818/1237 2472/820/1237 2471/819/1237
f 2473/820/1238 2476/822/1238 2475/821/1238
f 2477/822/1239 2480/824/1239 2479/823/1239
f 2481/824/1240 2484/826/1240 2483/825/1240
f 2486/827/1241 2485/829/1241 2488/828/1241
f 2490/827/1242 2489/829/1242 2492/830/1242
f 2494/827/1243 2493/829/1243 2496/831/1243
f 2498/827/1244 2497/829/1244 2500/832/1244
f 2502/827/1245 2501/829/1245 2504/833/1245
f 2506/827/1246 2505/829/1246 2508/834/1246
f 2510/827/1247 2509/829/1247 2512/835/1247
f 2514/827/1248 2513/829/1248 2516/836/1248
f 2518/827/1249 2517/829/1249 2520/837/1249
f 2522/838/1250 2521/837/1250 2524/839/1250
f 2526/827/1251 2525/829/1251 2528/840/1251
f 2530/841/1252 2529/840/1252 2532/842/1252
f 2534/827/1253 2533/829/1253 2536/843/1253
f 2538/827/1254 2537/829/1254 2540/844/1254
f 2542/845/1255 2541/844/1255 2544/846/1255
f 2546/827/1256 2545/829/1256 2548/847/1256
f 2550/827/1257 2549/829/1257 2552/848/1257
f 2554/849/1258 2553/848/1258 2556/850/1258
f 2558/827/1259 2557/829/1259 2560/851/1259
f 2562/852/1260 2561/851/1260 2564/853/1260
f 2566/827/1261 2565/829/1261 2568/854/1261
f 2570/855/1262 2569/854/1262 2572/856/1262
f 2574/827/1263 2573/829/1263 2576/857/1263
f 2578/858/1264 2577/857/1264 2580/859/1264
f 2582/827/1265 2581/829/1265 2584/860/1265
f 2586/861/1266 2585/860/1266 2588/862/1266
f 2590/827/1267 2589/829/1267 2592/863/1267
f 2594/864/1268 2593/863/1268 2596/865/1268
f 2598/827/1269 2597/829/1269 2600/866/1269
f 2602/867/1270 2601/866/1270 2604/868/1270
f 2606/827/1271 2605/829/1271 2608/869/1271
f 2610/870/1272 2609/869/1272 2612/871/1272
f 2614/827/1273 2613/829/1273 2616/872/1273
f 2618/827/1274 2617/829/1274 2620/873/1274
f 2622/827/1275 2621/829/1275 2624/874/1275
f 2626/827/1276 2625/829/1276 2628/875/1276
f 2630/827/1277 2629/829/1277 2632/876/1277
f 2634/827/1278 2633/829/1278 2636/877/1278
f 2638/827/1279 2637/829/1279 2640/878/1279
f 2642/827/1280 2641/829/1280 2644/879/1280
f 2646/827/1281 2645/829/1281 2648/880/1281
f 2650/827/1282 2649/829/1282 2652/881/1282
f 2654/827/1283 2653/829/1283 2656/882/1283
f 2457/405/1284 2459/813/1284 2458/480/1284
f 2461/814/1285 2463/815/1285 2462/813/1285
f 2465/816/1286 2467/817/1286 2466/815/1286
f 2469/818/1287 2471/819/1287 2470/817/1287
f 2473/820/1238 2475/821/1238 2474/819/1238
f 2477/822/1288 2479/823/1288 2478/821/1288
f 2481/824/1289 2483/825/1289 2482/823/1289
f 2486/827/1290 2488/828/1290 2487/883/1290
f 2490/827/1291 2492/830/1291 2491/884/1291
f 2494/827/1243 2496/831/1243 2495/885/1243
f 2498/827/1292 2500/832/1292 2499/886/1292
f 2502/827/1293 2504/833/1293 2503/887/1293
f 2506/827/1294 2508/834/1294 2507/888/1294
f 2510/827/1295 2512/835/1295 2511/889/1295
f 2514/827/1248 2516/836/1248 2515/890/1248
f 2518/827/1249 2520/837/1249 2519/838/1249
f 2522/838/1296 2524/839/1296 2523/891/1296
f 2526/827/1251 2528/840/1251 2527/841/1251
f 2530/841/1297 2532/842/1297 2531/892/1297
f 2534/827/1298 2536/843/1298 2535/893/1298
f 2538/827/1254 2540/844/1254 2539/845/1254
f 2542/845/1255 2544/846/1255 2543/894/1255
f 2546/827/1256 2548/847/1256 2547/895/1256
f 2550/827/1257 2552/848/1257 2551/849/1257
f 2554/849/1299 2556/850/1299 2555/896/1299
f 2558/827/1259 2560/851/1259 2559/852/1259
f 2562/852/1300 2564/853/1300 2563/897/1300
f 2566/827/1261 2568/854/1261 2567/855/1261
f 2570/855/1301 2572/856/1301 2571/898/1301
f 2574/827/1263 2576/857/1263 2575/858/1263
f 2578/858/1264 2580/859/1264 2579/899/1264
f 2582/827/1265 2584/860/1265 2583/861/1265
f 2586/861/1266 2588/862/1266 2587/900/1266
f 2590/827/1267 2592/863/1267 2591/864/1267
f 2594/864/1302 2596/865/1302 2595/901/1302
f 2598/827/1269 2600/866/1269 2599/867/1269
f 2602/867/1270 2604/868/1270 2603/902/1270
f 2606/827/1271 2608/869/1271 2607/870/1271
f 2610/870/1303 2612/871/1303 2611/903/1303
f 2614/827/1273 2616/872/1273 2615/904/1273
f 2618/827/1304 2620/873/1304 2619/905/1304
f 2622/827/1305 2624/874/1305 2623/906/1305
f 2626/827/1306 2628/875/1306 2627/907/1306
f 2630/827/1277 2632/876/1277 2631/908/1277
f 2634/827/1278 2636/877/1278 2635/909/1278
f 2638/827/1307 2640/878/1307 2639/910/1307
f 2642/827/1280 2644/879/1280 2643/911/1280
f 2646/827/1281 2648/880/1281 2647/912/1281
f 2650/827/1308 2652/881/1308 2651/913/1308
f 2654/827/1283 2656/882/1283 2655/914/1283
f 2657/405/1309 2659/915/1309 2660/916/1309
f 2661/916/1310 2663/917/1310 2664/918/1310
f 2665/918/1311 2667/919/1311 2668/920/1311
f 2669/920/1312 2671/921/1312 2672/922/1312
f 2673/922/1313 2675/923/1313 2676/924/1313
f 2677/924/1314 2679/925/1314 2680/926/1314
f 2681/926/1315 2683/927/1315 2684/928/1315
f 2686/929/1316 2688/930/1316 2685/931/1316
f 2690/929/1317 2692/932/1317 2689/931/1317
f 2694/929/1318 2696/933/1318 2693/931/1318
f 2698/929/1319 2700/934/1319 2697/931/1319
f 2702/929/1320 2704/935/1320 2701/931/1320
f 2706/929/1321 2708/936/1321 2705/931/1321
f 2710/929/1322 2712/937/1322 2709/931/1322
f 2714/929/1323 2716/938/1323 2713/931/1323
f 2718/929/1324 2720/939/1324 2717/931/1324
f 2722/940/1325 2724/941/1325 2721/939/1325
f 2726/929/1326 2728/942/1326 2725/931/1326
f 2730/943/1327 2732/944/1327 2729/942/1327
f 2734/929/1328 2736/945/1328 2733/931/1328
f 2738/946/1329 2740/947/1329 2737/945/1329
f 2742/929/1330 2744/948/1330 2741/931/1330
f 2746/949/1331 2748/950/1331 2745/948/1331
f 2750/929/1332 2752/951/1332 2749/931/1332
f 2754/952/1333 2756/953/1333 2753/951/1333
f 2758/929/1334 2760/954/1334 2757/931/1334
f 2762/955/1335 2764/956/1335 2761/954/1335
f 2766/929/1336 2768/957/1336 2765/931/1336
f 2770/958/1337 2772/959/1337 2769/957/1337
f 2774/929/1338 2776/960/1338 2773/931/1338
f 2778/961/1339 2780/962/1339 2777/960/1339
f 2782/929/1340 2784/963/1340 2781/931/1340
f 2786/964/1341 2788/965/1341 2785/963/1341
f 2790/929/1342 2792/966/1342 2789/931/1342
f 2794/967/1343 2796/968/1343 2793/966/1343
f 2798/929/1344 2800/969/1344 2797/931/1344
f 2802/929/1345 2804/970/1345 2801/931/1345
f 2806/971/1346 2808/972/1346 2805/970/1346
f 2810/929/1347 2812/973/1347 2809/931/1347
f 2814/974/1348 2816/975/1348 2813/973/1348
f 2818/929/1349 2820/976/1349 2817/931/1349
f 2822/929/1350 2824/977/1350 2821/931/1350
f 2826/978/1351 2828/979/1351 2825/977/1351
f 2830/929/1352 2832/980/1352 2829/931/1352
f 2834/981/1353 2836/982/1353 2833/980/1353
f 2838/929/1354 2840/983/1354 2837/931/1354
f 2842/984/1355 2844/985/1355 2841/983/1355
f 2846/929/1356 2848/986/1356 2845/931/1356
f 2850/929/1357 2852/987/1357 2849/931/1357
f 2854/929/1358 2856/988/1358 2853/931/1358
f 2858/929/1359 2860/989/1359 2857/931/1359
f 2862/929/1360 2864/990/1360 2861/931/1360
f 2866/929/1361 2868/991/1361 2865/931/1361
f 2870/929/1362 2872/992/1362 2869/931/1362
f 2874/929/1363 2876/993/1363 2873/931/1363
f 2878/929/1364 2880/994/1364 2877/931/1364
f 2882/929/1365 2884/995/1365 2881/931/1365
f 2657/405/1366 2658/480/1366 2659/915/1366
f 2661/916/1367 2662/915/1367 2663/917/1367
f 2665/918/1368 2666/917/1368 2667/919/1368
f 2669/920/1369 2670/919/1369 2671/921/1369
f 2673/922/1370 2674/921/1370 2675/923/1370
f 2677/924/1371 2678/923/1371 2679/925/1371
f 2681/926/1372 2682/925/1372 2683/927/1372
f 2686/929/1316 2687/996/1316 2688/930/1316
f 2690/929/1317 2691/997/1317 2692/932/1317
f 2694/929/1373 2695/998/1373 2696/933/1373
f 2698/929/1319 2699/999/1319 2700/934/1319
f 2702/929/1320 2703/1000/1320 2704/935/1320
f 2706/929/1321 2707/1001/1321 2708/936/1321
f 2710/929/1322 2711/1002/1322 2712/937/1322
f 2714/929/1374 2715/1003/1374 2716/938/1374
f 2718/929/1324 2719/940/1324 2720/939/1324
f 2722/940/1375 2723/1004/1375 2724/941/1375
f 2726/929/1326 2727/943/1326 2728/942/1326
f 2730/943/1327 2731/1005/1327 2732/944/1327
f 2734/929/1328 2735/946/1328 2736/945/1328
f 2738/946/1329 2739/1006/1329 2740/947/1329
f 2742/929/1330 2743/949/1330 2744/948/1330
f 2746/949/1331 2747/1007/1331 2748/950/1331
f 2750/929/1332 2751/952/1332 2752/951/1332
f 2754/952/1333 2755/1008/1333 2756/953/1333
f 2758/929/1334 2759/955/1334 2760/954/1334
f 2762/955/1335 2763/1009/1335 2764/956/1335
f 2766/929/1336 2767/958/1336 2768/957/1336
f 2770/958/1337 2771/1010/1337 2772/959/1337
f 2774/929/1338 2775/961/1338 2776/960/1338
f 2778/961/1339 2779/1011/1339 2780/962/1339
f 2782/929/1340 2783/964/1340 2784/963/1340
f 2786/964/1341 2787/1012/1341 2788/965/1341
f 2790/929/1342 2791/967/1342 2792/966/1342
f 2794/967/1376 2795/1013/1376 2796/968/1376
f 2798/929/1377 2799/1014/1377 2800/969/1377
f 2802/929/1345 2803/971/1345 2804/970/1345
f 2806/971/1346 2807/1015/1346 2808/972/1346
f 2810/929/1347 2811/974/1347 2812/973/1347
f 2814/974/1348 2815/1016/1348 2816/975/1348
f 2818/929/1349 2819/1017/1349 2820/976/1349
f 2822/929/1350 2823/978/1350 2824/977/1350
f 2826/978/1378 2827/1018/1378 2828/979/1378
f 2830/929/1379 2831/981/1379 2832/980/1379
f 2834/981/1353 2835/1019/1353 2836/982/1353
f 2838/929/1354 2839/984/1354 2840/983/1354
f 2842/984/1355 2843/1020/1355 2844/985/1355
f 2846/929/1380 2847/1021/1380 2848/986/1380
f 2850/929/1357 2851/1022/1357 2852/987/1357
f 2854/929/1358 2855/1023/1358 2856/988/1358
f 2858/929/1381 2859/1024/1381 2860/989/1381
f 2862/929/1382 2863/1025/1382 2864/990/1382
f 2866/929/1361 2867/1026/1361 2868/991/1361
f 2870/929/1383 2871/1027/1383 2872/992/1383
f 2874/929/1384 2875/1028/1384 2876/993/1384
f 2878/929/1364 2879/1029/1364 2880/994/1364
f 2882/929/1385 2883/1030/1385 2884/995/1385
f 2885/405/1386 2888/916/1386 2887/915/1386
f 2889/916/1387 2892/918/1387 2891/917/1387
f 2893/918/1388 2896/920/1388 2895/919/1388
f 2897/920/1389 2900/922/1389 2899/921/1389
f 2901/922/1390 2904/924/1390 2903/923/1390
f 2905/924/1391 2908/926/1391 2907/925/1391
f 2909/926/1392 2912/928/1392 2911/927/1392
f 2914/929/1393 2913/931/1393 2916/930/1393
f 2918/929/1394 2917/931/1394 2920/932/1394
f 2922/929/1395 2921/931/1395 2924/933/1395
f 2926/929/1396 2925/931/1396 2928/934/1396
f 2930/929/1397 2929/931/1397 2932/935/1397
f 2934/929/1398 2933/931/1398 2936/936/1398
f 2938/929/1399 2937/931/1399 2940/937/1399
f 2942/929/1400 2941/931/1400 2944/938/1400
f 2946/929/1401 2945/931/1401 2948/939/1401
f 2950/940/1402 2949/939/1402 2952/941/1402
f 2954/929/1403 2953/931/1403 2956/942/1403
f 2958/943/1404 2957/942/1404 2960/944/1404
f 2962/929/1405 2961/931/1405 2964/945/1405
f 2966/946/1406 2965/945/1406 2968/947/1406
f 2970/929/1407 2969/931/1407 2972/948/1407
f 2974/949/1408 2973/948/1408 2976/950/1408
f 2978/929/1409 2977/931/1409 2980/951/1409
f 2982/952/1410 2981/951/1410 2984/953/1410
f 2986/929/1411 2985/931/1411 2988/954/1411
f 2990/955/1412 2989/954/1412 2992/956/1412
f 2994/929/1413 2993/931/1413 2996/957/1413
f 2998/958/1414 2997/957/1414 3000/959/1414
f 3002/929/1415 3001/931/1415 3004/960/1415
f 3006/961/1416 3005/960/1416 3008/962/1416
f 3010/929/1417 3009/931/1417 3012/963/1417
f 3014/964/1418 3013/963/1418 3016/965/1418
f 3018/929/1419 3017/931/1419 3020/966/1419
f 3022/967/1420 3021/966/1420 3024/968/1420
f 3026/929/1421 3025/931/1421 3028/969/1421
f 3030/929/1422 3029/931/1422 3032/970/1422
f 3034/971/1423 3033/970/1423 3036/972/1423
f 3038/929/1424 3037/931/1424 3040/973/1424
f 3042/974/1425 3041/973/1425 3044/975/1425
f 3046/929/1426 3045/931/1426 3048/976/1426
f 3050/929/1427 3049/931/1427 3052/977/1427
f 3054/978/1428 3053/977/1428 3056/979/1428
f 3058/929/1429 3057/931/1429 3060/980/1429
f 3062/981/1430 3061/980/1430 3064/982/1430
f 3066/929/1431 3065/931/1431 3068/983/1431
f 3070/984/1432 3069/983/1432 3072/985/1432
f 3074/929/1433 3073/931/1433 3076/986/1433
f 3078/929/1434 3077/931/1434 3080/987/1434
f 3082/929/1435 3081/931/1435 3084/988/1435
f 3086/929/1436 3085/931/1436 3088/989/1436
f 3090/929/1437 3089/931/1437 3092/990/1437
f 3094/929/1438 3093/931/1438 3096/991/1438
f 3098/929/1439 3097/931/1439 3100/992/1439
f 3102/929/1440 3101/931/1440 3104/993/1440
f 3106/929/1441 3105/931/1441 3108/994/1441
f 3110/929/1442 3109/931/1442 3112/995/1442
f 2885/405/1443 2887/915/1443 2886/480/1443
f 2889/916/1444 2891/917/1444 2890/915/1444
f 2893/918/1445 2895/919/1445 2894/917/1445
f 2897/920/1446 2899/921/1446 2898/919/1446
f 2901/922/1447 2903/923/1447 2902/921/1447
f 2905/924/1448 2907/925/1448 2906/923/1448
f 2909/926/1449 2911/927/1449 2910/925/1449
f 2914/929/1393 2916/930/1393 2915/996/1393
f 2918/929/1394 2920/932/1394 2919/997/1394
f 2922/929/1450 2924/933/1450 2923/998/1450
f 2926/929/1396 2928/934/1396 2927/999/1396
f 2930/929/1397 2932/935/1397 2931/1000/1397
f 2934/929/1398 2936/936/1398 2935/1001/1398
f 2938/929/1399 2940/937/1399 2939/1002/1399
f 2942/929/1451 2944/938/1451 2943/1003/1451
f 2946/929/1401 2948/939/1401 2947/940/1401
f 2950/940/1452 2952/941/1452 2951/1004/1452
f 2954/929/1403 2956/942/1403 2955/943/1403
f 2958/943/1404 2960/944/1404 2959/1005/1404
f 2962/929/1405 2964/945/1405 2963/946/1405
f 2966/946/1406 2968/947/1406 2967/1006/1406
f 2970/929/1407 2972/948/1407 2971/949/1407
f 2974/949/1408 2976/950/1408 2975/1007/1408
f 2978/929/1409 2980/951/1409 2979/952/1409
f 2982/952/1410 2984/953/1410 2983/1008/1410
f 2986/929/1411 2988/954/1411 2987/955/1411
f 2990/955/1412 2992/956/1412 2991/1009/1412
f 2994/929/1413 2996/957/1413 2995/958/1413
f 2998/958/1414 3000/959/1414 2999/1010/1414
f 3002/929/1415 3004/960/1415 3003/961/1415
f 3006/961/1416 3008/962/1416 3007/1011/1416
f 3010/929/1417 3012/963/1417 3011/964/1417
f 3014/964/1418 3016/965/1418 3015/1012/1418
f 3018/929/1419 3020/966/1419 3019/967/1419
f 3022/967/1453 3024/968/1453 3023/1013/1453
f 3026/929/1454 3028/969/1454 3027/1014/1454
f 3030/929/1422 3032/970/1422 3031/971/1422
f 3034/971/1423 3036/972/1423 3035/1015/1423
f 3038/929/1424 3040/973/1424 3039/974/1424
f 3042/974/1425 3044/975/1425 3043/1016/1425
f 3046/929/1426 3048/976/1426 3047/1017/1426
f 3050/929/1427 3052/977/1427 3051/978/1427
f 3054/978/1455 3056/979/1455 3055/1018/1455
f 3058/929/1456 3060/980/1456 3059/981/1456
f 3062/981/1430 3064/982/1430 3063/1019/1430
f 3066/929/1431 3068/983/1431 3067/984/1431
f 3070/984/1432 3072/985/1432 3071/1020/1432
f 3074/929/1457 3076/986/1457 3075/1021/1457
f 3078/929/1434 3080/987/1434 3079/1022/1434
f 3082/929/1435 3084/988/1435 3083/1023/1435
f 3086/929/1458 3088/989/1458 3087/1024/1458
f 3090/929/1459 3092/990/1459 3091/1025/1459
f 3094/929/1438 3096/991/1438 3095/1026/1438
f 3098/929/1460 3100/992/1460 3099/1027/1460
f 3102/929/1461 3104/993/1461 3103/1028/1461
f 3106/929/1441 3108/994/1441 3107/1029/1441
f 3110/929/1462 3112/995/1462 3111/1030/1462
f 3114/480/1463 3116/1031/1463 3113/405/1463
f 3118/1032/1464 3120/1033/1464 3117/1031/1464
f 3122/1034/1465 3124/1035/1465 3121/1033/1465
f 3126/1036/1466 3128/1037/1466 3125/1035/1466
f 3130/1038/1467 3132/1039/1467 3129/1037/1467
f 3134/1040/1468 3136/1041/1468 3133/1039/1468
f 3138/1042/1469 3140/1043/1469 3137/1041/1469
f 3142/1044/1470 3144/1045/1470 3141/1046/1470
f 3146/1044/1471 3148/1047/1471 3145/1046/1471
f 3150/1044/1472 3152/1048/1472 3149/1046/1472
f 3154/1044/1473 3156/1049/1473 3153/1046/1473
f 3158/1044/1474 3160/1050/1474 3157/1046/1474
f 3162/1044/1475 3164/1051/1475 3161/1046/1475
f 3166/1044/1476 3168/1052/1476 3165/1046/1476
f 3170/1044/1477 3172/1053/1477 3169/1046/1477
f 3174/1044/1478 3176/1054/1478 3173/1046/1478
f 3178/1055/1479 3180/1056/1479 3177/1054/1479
f 3182/1044/1480 3184/1057/1480 3181/1046/1480
f 3186/1058/1481 3188/1059/1481 3185/1057/1481
f 3190/1044/1482 3192/1060/1482 3189/1046/1482
f 3194/1044/1483 3196/1061/1483 3193/1046/1483
f 3198/1062/1484 3200/1063/1484 3197/1061/1484
f 3202/1044/1485 3204/1064/1485 3201/1046/1485
f 3206/1065/1486 3208/1066/1486 3205/1064/1486
f 3210/1044/1487 3212/1067/1487 3209/1046/1487
f 3214/1068/1488 3216/1069/1488 3213/1067/1488
f 3218/1044/1489 3220/1070/1489 3217/1046/1489
f 3222/1071/1490 3224/1072/1490 3221/1070/1490
f 3226/1044/1491 3228/1073/1491 3225/1046/1491
f 3230/1074/1492 3232/1075/1492 3229/1073/1492
f 3234/1044/1493 3236/1076/1493 3233/1046/1493
f 3238/1077/1494 3240/1078/1494 3237/1076/1494
f 3242/1044/1495 3244/1079/1495 3241/1046/1495
f 3246/1080/1496 3248/1081/1496 3245/1079/1496
f 3250/1044/1497 3252/1082/1497 3249/1046/1497
f 3254/1083/1498 3256/1084/1498 3253/1082/1498
f 3258/1044/1499 3260/1085/1499 3257/1046/1499
f 3262/1086/1500 3264/1087/1500 3261/1085/1500
f 3266/1044/1501 3268/1088/1501 3265/1046/1501
f 3270/1089/1502 3272/1090/1502 3269/1088/1502
f 3274/1044/1503 3276/1091/1503 3273/1046/1503
f 3278/1044/1504 3280/1092/1504 3277/1046/1504
f 3282/1044/1505 3284/1093/1505 3281/1046/1505
f 3286/1044/1506 3288/1094/1506 3285/1046/1506
f 3290/1044/1507 3292/1095/1507 3289/1046/1507
f 3294/1044/1508 3296/1096/1508 3293/1046/1508
f 3298/1044/1509 3300/1097/1509 3297/1046/1509
f 3302/1044/1510 3304/1098/1510 3301/1046/1510
f 3306/1044/1511 3308/1099/1511 3305/1046/1511
f 3310/1044/1512 3312/1100/1512 3309/1046/1512
f 3314/1044/1513 3316/1101/1513 3313/1046/1513
f 3114/480/1514 3115/1032/1514 3116/1031/1514
f 3118/1032/1515 3119/1034/1515 3120/1033/1515
f 3122/1034/1516 3123/1036/1516 3124/1035/1516
f 3126/1036/1517 3127/1038/1517 3128/1037/1517
f 3130/1038/1518 3131/1040/1518 3132/1039/1518
f 3134/1040/1519 3135/1042/1519 3136/1041/1519
f 3138/1042/1520 3139/1102/1520 3140/1043/1520
f 3142/1044/1521 3143/1103/1521 3144/1045/1521
f 3146/1044/1471 3147/1104/1471 3148/1047/1471
f 3150/1044/1522 3151/1105/1522 3152/1048/1522
f 3154/1044/1473 3155/1106/1473 3156/1049/1473
f 3158/1044/1474 3159/1107/1474 3160/1050/1474
f 3162/1044/1475 3163/1108/1475 3164/1051/1475
f 3166/1044/1523 3167/1109/1523 3168/1052/1523
f 3170/1044/1477 3171/1110/1477 3172/1053/1477
f 3174/1044/1478 3175/1055/1478 3176/1054/1478
f 3178/1055/1524 3179/1111/1524 3180/1056/1524
f 3182/1044/1480 3183/1058/1480 3184/1057/1480
f 3186/1058/1525 3187/1112/1525 3188/1059/1525
f 3190/1044/1526 3191/1113/1526 3192/1060/1526
f 3194/1044/1483 3195/1062/1483 3196/1061/1483
f 3198/1062/1484 3199/1114/1484 3200/1063/1484
f 3202/1044/1485 3203/1065/1485 3204/1064/1485
f 3206/1065/1486 3207/1115/1486 3208/1066/1486
f 3210/1044/1487 3211/1068/1487 3212/1067/1487
f 3214/1068/1488 3215/1116/1488 3216/1069/1488
f 3218/1044/1527 3219/1071/1527 3220/1070/1527
f 3222/1071/1490 3223/1117/1490 3224/1072/1490
f 3226/1044/1491 3227/1074/1491 3228/1073/1491
f 3230/1074/1528 3231/1118/1528 3232/1075/1528
f 3234/1044/1493 3235/1077/1493 3236/1076/1493
f 3238/1077/1494 3239/1119/1494 3240/1078/1494
f 3242/1044/1495 3243/1080/1495 3244/1079/1495
f 3246/1080/1529 3247/1120/1529 3248/1081/1529
f 3250/1044/1497 3251/1083/1497 3252/1082/1497
f 3254/1083/1498 3255/1121/1498 3256/1084/1498
f 3258/1044/1499 3259/1086/1499 3260/1085/1499
f 3262/1086/1500 3263/1122/1500 3264/1087/1500
f 3266/1044/1501 3267/1089/1501 3268/1088/1501
f 3270/1089/1502 3271/1123/1502 3272/1090/1502
f 3274/1044/1530 3275/1124/1530 3276/1091/1530
f 3278/1044/1504 3279/1125/1504 3280/1092/1504
f 3282/1044/1505 3283/1126/1505 3284/1093/1505
f 3286/1044/1506 3287/1127/1506 3288/1094/1506
f 3290/1044/1531 3291/1128/1531 3292/1095/1531
f 3294/1044/1508 3295/1129/1508 3296/1096/1508
f 3298/1044/1532 3299/1130/1532 3300/1097/1532
f 3302/1044/1510 3303/1131/1510 3304/1098/1510
f 3306/1044/1533 3307/1132/1533 3308/1099/1533
f 3310/1044/1534 3311/1133/1534 3312/1100/1534
f 3314/1044/1535 3315/1134/1535 3316/1101/1535
f 3318/480/1536 3317/405/1536 3320/1031/1536
f 3322/1032/1537 3321/1031/1537 3324/1033/1537
f 3326/1034/1538 3325/1033/1538 3328/1035/1538
f 3330/1036/1539 3329/1035/1539 3332/1037/1539
f 3334/1038/1540 3333/1037/1540 3336/1039/1540
f 3338/1040/1541 3337/1039/1541 3340/1041/1541
f 3342/1042/1542 3341/1041/1542 3344/1043/1542
f 3346/1044/1543 3345/1046/1543 3348/1045/1543
f 3350/1044/1544 3349/1046/1544 3352/1047/1544
f 3354/1044/1545 3353/1046/1545 3356/1048/1545
f 3358/1044/1546 3357/1046/1546 3360/1049/1546
f 3362/1044/1547 3361/1046/1547 3364/1050/1547
f 3366/1044/1548 3365/1046/1548 3368/1051/1548
f 3370/1044/1549 3369/1046/1549 3372/1052/1549
f 3374/1044/1550 3373/1046/1550 3376/1053/1550
f 3378/1044/1551 3377/1046/1551 3380/1054/1551
f 3382/1055/1552 3381/1054/1552 3384/1056/1552
f 3386/1044/1553 3385/1046/1553 3388/1057/1553
f 3390/1058/1554 3389/1057/1554 3392/1059/1554
f 3394/1044/1555 3393/1046/1555 3396/1060/1555
f 3398/1044/1556 3397/1046/1556 3400/1061/1556
f 3402/1062/1557 3401/1061/1557 3404/1063/1557
f 3406/1044/1558 3405/1046/1558 3408/1064/1558
f 3410/1065/1559 3409/1064/1559 3412/1066/1559
f 3414/1044/1560 3413/1046/1560 3416/1067/1560
f 3418/1068/1561 3417/1067/1561 3420/1069/1561
f 3422/1044/1562 3421/1046/1562 3424/1070/1562
f 3426/1071/1563 3425/1070/1563 3428/1072/1563
f 3430/1044/1564 3429/1046/1564 3432/1073/1564
f 3434/1074/1565 3433/1073/1565 3436/1075/1565
f 3438/1044/1566 3437/1046/1566 3440/1076/1566
f 3442/1077/1567 3441/1076/1567 3444/1078/1567
f 3446/1044/1568 3445/1046/1568 3448/1079/1568
f 3450/1080/1569 3449/1079/1569 3452/1081/1569
f 3454/1044/1570 3453/1046/1570 3456/1082/1570
f 3458/1083/1571 3457/1082/1571 3460/1084/1571
f 3462/1044/1572 3461/1046/1572 3464/1085/1572
f 3466/1086/1573 3465/1085/1573 3468/1087/1573
f 3470/1044/1574 3469/1046/1574 3472/1088/1574
f 3474/1089/1575 3473/1088/1575 3476/1090/1575
f 3478/1044/1576 3477/1046/1576 3480/1091/1576
f 3482/1044/1577 3481/1046/1577 3484/1092/1577
f 3486/1044/1578 3485/1046/1578 3488/1093/1578
f 3490/1044/1579 3489/1046/1579 3492/1094/1579
f 3494/1044/1580 3493/1046/1580 3496/1095/1580
f 3498/1044/1581 3497/1046/1581 3500/1096/1581
f 3502/1044/1582 3501/1046/1582 3504/1097/1582
f 3506/1044/1583 3505/1046/1583 3508/1098/1583
f 3510/1044/1584 3509/1046/1584 3512/1099/1584
f 3514/1044/1585 3513/1046/1585 3516/1100/1585
f 3518/1044/1586 3517/1046/1586 3520/1101/1586
f 3318/480/1587 3320/1031/1587 3319/1032/1587
f 3322/1032/1588 3324/1033/1588 3323/1034/1588
f 3326/1034/1589 3328/1035/1589 3327/1036/1589
f 3330/1036/1590 3332/1037/1590 3331/1038/1590
f 3334/1038/1591 3336/1039/1591 3335/1040/1591
f 3338/1040/1592 3340/1041/1592 3339/1042/1592
f 3342/1042/1593 3344/1043/1593 3343/1102/1593
f 3346/1044/1594 3348/1045/1594 3347/1103/1594
f 3350/1044/1544 3352/1047/1544 3351/1104/1544
f 3354/1044/1595 3356/1048/1595 3355/1105/1595
f 3358/1044/1546 3360/1049/1546 3359/1106/1546
f 3362/1044/1547 3364/1050/1547 3363/1107/1547
f 3366/1044/1548 3368/1051/1548 3367/1108/1548
f 3370/1044/1596 3372/1052/1596 3371/1109/1596
f 3374/1044/1550 3376/1053/1550 3375/1110/1550
f 3378/1044/1551 3380/1054/1551 3379/1055/1551
f 3382/1055/1597 3384/1056/1597 3383/1111/1597
f 3386/1044/1553 3388/1057/1553 3387/1058/1553
f 3390/1058/1598 3392/1059/1598 3391/1112/1598
f 3394/1044/1599 3396/1060/1599 3395/1113/1599
f 3398/1044/1556 3400/1061/1556 3399/1062/1556
f 3402/1062/1557 3404/1063/1557 3403/1114/1557
f 3406/1044/1558 3408/1064/1558 3407/1065/1558
f 3410/1065/1559 3412/1066/1559 3411/1115/1559
f 3414/1044/1560 3416/1067/1560 3415/1068/1560
f 3418/1068/1561 3420/1069/1561 3419/1116/1561
f 3422/1044/1600 3424/1070/1600 3423/1071/1600
f 3426/1071/1563 3428/1072/1563 3427/1117/1563
f 3430/1044/1564 3432/1073/1564 3431/1074/1564
f 3434/1074/1601 3436/1075/1601 3435/1118/1601
f 3438/1044/1566 3440/1076/1566 3439/1077/1566
f 3442/1077/1567 3444/1078/1567 3443/1119/1567
f 3446/1044/1568 3448/1079/1568 3447/1080/1568
f 3450/1080/1602 3452/1081/1602 3451/1120/1602
f 3454/1044/1570 3456/1082/1570 3455/1083/1570
f 3458/1083/1571 3460/1084/1571 3459/1121/1571
f 3462/1044/1572 3464/1085/1572 3463/1086/1572
f 3466/1086/1573 3468/1087/1573 3467/1122/1573
f 3470/1044/1574 3472/1088/1574 3471/1089/1574
f 3474/1089/1575 3476/1090/1575 3475/1123/1575
f 3478/1044/1603 3480/1091/1603 3479/1124/1603
f 3482/1044/1577 3484/1092/1577 3483/1125/1577
f 3486/1044/1578 3488/1093/1578 3487/1126/1578
f 3490/1044/1579 3492/1094/1579 3491/1127/1579
f 3494/1044/1604 3496/1095/1604 3495/1128/1604
f 3498/1044/1581 3500/1096/1581 3499/1129/1581
f 3502/1044/1605 3504/1097/1605 3503/1130/1605
f 3506/1044/1583 3508/1098/1583 3507/1131/1583
f 3510/1044/1606 3512/1099/1606 3511/1132/1606
f 3514/1044/1607 3516/1100/1607 3515/1133/1607
f 3518/1044/1608 3520/1101/1608 3519/1134/1608
f 3521/405/1609 3523/1135/1609 3524/1136/1609
f 3525/1136/1610 3527/1137/1610 3528/1138/1610
f 3529/1138/1611 3531/1139/1611 3532/1140/1611
f 3533/1140/1612 3535/1141/1612 3536/1142/1612
f 3537/1142/1613 3539/1143/1613 3540/1144/1613
f 3541/1144/1614 3543/1145/1614 3544/1146/1614
f 3545/1146/1615 3547/1147/1615 3548/1148/1615
f 3550/1149/1616 3552/1150/1616 3549/1151/1616
f 3554/1149/1617 3556/1152/1617 3553/1151/1617
f 3558/1149/1618 3560/1153/1618 3557/1151/1618
f 3562/1149/1619 3564/1154/1619 3561/1151/1619
f 3566/1149/1620 3568/1155/1620 3565/1151/1620
f 3570/1149/1621 3572/1156/1621 3569/1151/1621
f 3574/1149/1622 3576/1157/1622 3573/1151/1622
f 3578/1149/1623 3580/1158/1623 3577/1151/1623
f 3582/1149/1624 3584/1159/1624 3581/1151/1624
f 3586/1160/1625 3588/1161/1625 3585/1159/1625
f 3590/1149/1626 3592/1162/1626 3589/1151/1626
f 3594/1163/1627 3596/1164/1627 3593/1162/1627
f 3598/1149/1628 3600/1165/1628 3597/1151/1628
f 3602/1166/1629 3604/1167/1629 3601/1165/1629
f 3606/1149/1630 3608/1168/1630 3605/1151/1630
f 3610/1169/1631 3612/1170/1631 3609/1168/1631
f 3614/1149/1632 3616/1171/1632 3613/1151/1632
f 3618/1172/1633 3620/1173/1633 3617/1171/1633
f 3622/1149/1634 3624/1174/1634 3621/1151/1634
f 3626/1175/1635 3628/1176/1635 3625/1174/1635
f 3630/1149/1636 3632/1177/1636 3629/1151/1636
f 3634/1178/1637 3636/1179/1637 3633/1177/1637
f 3638/1149/1638 3640/1180/1638 3637/1151/1638
f 3642/1181/1639 3644/1182/1639 3641/1180/1639
f 3646/1149/1640 3648/1183/1640 3645/1151/1640
f 3650/1149/1641 3652/1184/1641 3649/1151/1641
f 3654/1185/1642 3656/1186/1642 3653/1184/1642
f 3658/1149/1643 3660/1187/1643 3657/1151/1643
f 3662/1188/1644 3664/1189/1644 3661/1187/1644
f 3666/1149/1645 3668/1190/1645 3665/1151/1645
f 3670/1191/1646 3672/1192/1646 3669/1190/1646
f 3674/1149/1647 3676/1193/1647 3673/1151/1647
f 3678/1194/1648 3680/1195/1648 3677/1193/1648
f 3682/1149/1649 3684/1196/1649 3681/1151/1649
f 3686/1149/1650 3688/1197/1650 3685/1151/1650
f 3690/1149/1651 3692/1198/1651 3689/1151/1651
f 3694/1149/1652 3696/1199/1652 3693/1151/1652
f 3698/1149/1653 3700/1200/1653 3697/1151/1653
f 3702/1149/1654 3704/1201/1654 3701/1151/1654
f 3706/1149/1655 3708/1202/1655 3705/1151/1655
f 3710/1149/1656 3712/1203/1656 3709/1151/1656
f 3521/405/1657 3522/480/1657 3523/1135/1657
f 3525/1136/1658 3526/1135/1658 3527/1137/1658
f 3529/1138/1659 3530/1137/1659 3531/1139/1659
f 3533/1140/1660 3534/1139/1660 3535/1141/1660
f 3537/1142/1661 3538/1141/1661 3539/1143/1661
f 3541/1144/1662 3542/1143/1662 3543/1145/1662
f 3545/1146/1663 3546/1145/1663 3547/1147/1663
f 3550/1149/1616 3551/1204/1616 3552/1150/1616
f 3554/1149/1617 3555/1205/1617 3556/1152/1617
f 3558/1149/1618 3559/1206/1618 3560/1153/1618
f 3562/1149/1619 3563/1207/1619 3564/1154/1619
f 3566/1149/1620 3567/1208/1620 3568/1155/1620
f 3570/1149/1621 3571/1209/1621 3572/1156/1621
f 3574/1149/1622 3575/1210/1622 3576/1157/1622
f 3578/1149/1623 3579/1211/1623 3580/1158/1623
f 3582/1149/1624 3583/1160/1624 3584/1159/1624
f 3586/1160/1625 3587/1212/1625 3588/1161/1625
f 3590/1149/1626 3591/1163/1626 3592/1162/1626
f 3594/1163/1627 3595/1213/1627 3596/1164/1627
f 3598/1149/1628 3599/1166/1628 3600/1165/1628
f 3602/1166/1629 3603/1214/1629 3604/1167/1629
f 3606/1149/1630 3607/1169/1630 3608/1168/1630
f 3610/1169/1631 3611/1215/1631 3612/1170/1631
f 3614/1149/1632 3615/1172/1632 3616/1171/1632
f 3618/1172/1633 3619/1216/1633 3620/1173/1633
f 3622/1149/1634 3623/1175/1634 3624/1174/1634
f 3626/1175/1664 3627/1217/1664 3628/1176/1664
f 3630/1149/1636 3631/1178/1636 3632/1177/1636
f 3634/1178/1637 3635/1218/1637 3636/1179/1637
f 3638/1149/1638 3639/1181/1638 3640/1180/1638
f 3642/1181/1665 3643/1219/1665 3644/1182/1665
f 3646/1149/1666 3647/1220/1666 3648/1183/1666
f 3650/1149/1641 3651/1185/1641 3652/1184/1641
f 3654/1185/1642 3655/1221/1642 3656/1186/1642
f 3658/1149/1643 3659/1188/1643 3660/1187/1643
f 3662/1188/1644 3663/1222/1644 3664/1189/1644
f 3666/1149/1667 3667/1191/1667 3668/1190/1667
f 3670/1191/1668 3671/1223/1668 3672/1192/1668
f 3674/1149/1669 3675/1194/1669 3676/1193/1669
f 3678/1194/1648 3679/1224/1648 3680/1195/1648
f 3682/1149/1670 3683/1225/1670 3684/1196/1670
f 3686/1149/1650 3687/1226/1650 3688/1197/1650
f 3690/1149/1671 3691/1227/1671 3692/1198/1671
f 3694/1149/1652 3695/1228/1652 3696/1199/1652
f 3698/1149/1653 3699/1229/1653 3700/1200/1653
f 3702/1149/1654 3703/1230/1654 3704/1201/1654
f 3706/1149/1655 3707/1231/1655 3708/1202/1655
f 3710/1149/1656 3711/1232/1656 3712/1203/1656
f 3713/405/1672 3716/1136/1672 3715/1135/1672
f 3717/1136/1673 3720/1138/1673 3719/1137/1673
f 3721/1138/1674 3724/1140/1674 3723/1139/1674
f 3725/1140/1675 3728/1142/1675 3727/1141/1675
f 3729/1142/1676 3732/1144/1676 3731/1143/1676
f 3733/1144/1677 3736/1146/1677 3735/1145/1677
f 3737/1146/1678 3740/1148/1678 3739/1147/1678
f 3742/1149/1679 3741/1151/1679 3744/1150/1679
f 3746/1149/1680 3745/1151/1680 3748/1152/1680
f 3750/1149/1681 3749/1151/1681 3752/1153/1681
f 3754/1149/1682 3753/1151/1682 3756/1154/1682
f 3758/1149/1683 3757/1151/1683 3760/1155/1683
f 3762/1149/1684 3761/1151/1684 3764/1156/1684
f 3766/1149/1685 3765/1151/1685 3768/1157/1685
f 3770/1149/1686 3769/1151/1686 3772/1158/1686
f 3774/1149/1687 3773/1151/1687 3776/1159/1687
f 3778/1160/1688 3777/1159/1688 3780/1161/1688
f 3782/1149/1689 3781/1151/1689 3784/1162/1689
f 3786/1163/1690 3785/1162/1690 3788/1164/1690
f 3790/1149/1691 3789/1151/1691 3792/1165/1691
f 3794/1166/1692 3793/1165/1692 3796/1167/1692
f 3798/1149/1693 3797/1151/1693 3800/1168/1693
f 3802/1169/1694 3801/1168/1694 3804/1170/1694
f 3806/1149/1695 3805/1151/1695 3808/1171/1695
f 3810/1172/1696 3809/1171/1696 3812/1173/1696
f 3814/1149/1697 3813/1151/1697 3816/1174/1697
f 3818/1175/1698 3817/1174/1698 3820/1176/1698
f 3822/1149/1699 3821/1151/1699 3824/1177/1699
f 3826/1178/1700 3825/1177/1700 3828/1179/1700
f 3830/1149/1701 3829/1151/1701 3832/1180/1701
f 3834/1181/1702 3833/1180/1702 3836/1182/1702
f 3838/1149/1703 3837/1151/1703 3840/1183/1703
f 3842/1149/1704 3841/1151/1704 3844/1184/1704
f 3846/1185/1705 3845/1184/1705 3848/1186/1705
f 3850/1149/1706 3849/1151/1706 3852/1187/1706
f 3854/1188/1707 3853/1187/1707 3856/1189/1707
f 3858/1149/1708 3857/1151/1708 3860/1190/1708
f 3862/1191/1709 3861/1190/1709 3864/1192/1709
f 3866/1149/1710 3865/1151/1710 3868/1193/1710
f 3870/1194/1711 3869/1193/1711 3872/1195/1711
f 3874/1149/1712 3873/1151/1712 3876/1196/1712
f 3878/1149/1713 3877/1151/1713 3880/1197/1713
f 3882/1149/1714 3881/1151/1714 3884/1198/1714
f 3886/1149/1715 3885/1151/1715 3888/1199/1715
f 3890/1149/1716 3889/1151/1716 3892/1200/1716
f 3894/1149/1717 3893/1151/1717 3896/1201/1717
f 3898/1149/1718 3897/1151/1718 3900/1202/1718
f 3902/1149/1719 3901/1151/1719 3904/1203/1719
f 3713/405/1720 3715/1135/1720 3714/480/1720
f 3717/1136/1721 3719/1137/1721 3718/1135/1721
f 3721/1138/1722 3723/1139/1722 3722/1137/1722
f 3725/1140/1723 3727/1141/1723 3726/1139/1723
f 3729/1142/1724 3731/1143/1724 3730/1141/1724
f 3733/1144/1725 3735/1145/1725 3734/1143/1725
f 3737/1146/1726 3739/1147/1726 3738/1145/1726
f 3742/1149/1679 3744/1150/1679 3743/1204/1679
f 3746/1149/1680 3748/1152/1680 3747/1205/1680
f 3750/1149/1681 3752/1153/1681 3751/1206/1681
f 3754/1149/1682 3756/1154/1682 3755/1207/1682
f 3758/1149/1683 3760/1155/1683 3759/1208/1683
f 3762/1149/1684 3764/1156/1684 3763/1209/1684
f 3766/1149/1685 3768/1157/1685 3767/1210/1685
f 3770/1149/1686 3772/1158/1686 3771/1211/1686
f 3774/1149/1687 3776/1159/1687 3775/1160/1687
f 3778/1160/1688 3780/1161/1688 3779/1212/1688
f 3782/1149/1689 3784/1162/1689 3783/1163/1689
f 3786/1163/1690 3788/1164/1690 3787/1213/1690
f 3790/1149/1691 3792/1165/1691 3791/1166/1691
f 3794/1166/1692 3796/1167/1692 3795/1214/1692
f 3798/1149/1693 3800/1168/1693 3799/1169/1693
f 3802/1169/1694 3804/1170/1694 3803/1215/1694
f 3806/1149/1695 3808/1171/1695 3807/1172/1695
f 3810/1172/1696 3812/1173/1696 3811/1216/1696
f 3814/1149/1697 3816/1174/1697 3815/1175/1697
f 3818/1175/1727 3820/1176/1727 3819/1217/1727
f 3822/1149/1699 3824/1177/1699 3823/1178/1699
f 3826/1178/1700 3828/1179/1700 3827/1218/1700
f 3830/1149/1701 3832/1180/1701 3831/1181/1701
f 3834/1181/1728 3836/1182/1728 3835/1219/1728
f 3838/1149/1729 3840/1183/1729 3839/1220/1729
f 3842/1149/1704 3844/1184/1704 3843/1185/1704
f 3846/1185/1705 3848/1186/1705 3847/1221/1705
f 3850/1149/1706 3852/1187/1706 3851/1188/1706
f 3854/1188/1707 3856/1189/1707 3855/1222/1707
f 3858/1149/1730 3860/1190/1730 3859/1191/1730
f 3862/1191/1731 3864/1192/1731 3863/1223/1731
f 3866/1149/1732 3868/1193/1732 3867/1194/1732
f 3870/1194/1711 3872/1195/1711 3871/1224/1711
f 3874/1149/1733 3876/1196/1733 3875/1225/1733
f 3878/1149/1713 3880/1197/1713 3879/1226/1713
f 3882/1149/1734 3884/1198/1734 3883/1227/1734
f 3886/1149/1715 3888/1199/1715 3887/1228/1715
f 3890/1149/1716 3892/1200/1716 3891/1229/1716
f 3894/1149/1717 3896/1201/1717 3895/1230/1717
f 3898/1149/1718 3900/1202/1718 3899/1231/1718
f 3902/1149/1719 3904/1203/1719 3903/1232/1719
f 3906/480/1735 3908/1233/1735 3905/405/1735
f 3910/1234/1736 3912/1235/1736 3909/1233/1736
f 3914/1236/1737 3916/1237/1737 3913/1235/1737
f 3918/1238/1738 3920/1239/1738 3917/1237/1738
f 3922/1240/1739 3924/1241/1739 3921/1239/1739
f 3926/1242/1740 3928/1243/1740 3925/1241/1740
f 3930/1244/1741 3932/1245/1741 3929/1243/1741
f 3934/1246/1742 3936/1247/1742 3933/1248/1742
f 3938/1246/1743 3940/1249/1743 3937/1248/1743
f 3942/1246/1744 3944/1250/1744 3941/1248/1744
f 3946/1246/1745 3948/1251/1745 3945/1248/1745
f 3950/1246/1746 3952/1252/1746 3949/1248/1746
f 3954/1246/1747 3956/1253/1747 3953/1248/1747
f 3958/1254/1748 3960/1255/1748 3957/1253/1748
f 3962/1246/1749 3964/1256/1749 3961/1248/1749
f 3966/1257/1750 3968/1258/1750 3965/1256/1750
f 3970/1246/1751 3972/1259/1751 3969/1248/1751
f 3974/1260/1752 3976/1261/1752 3973/1259/1752
f 3978/1246/1753 3980/1262/1753 3977/1248/1753
f 3982/1263/1754 3984/1264/1754 3981/1262/1754
f 3986/1246/1755 3988/1265/1755 3985/1248/1755
f 3990/1266/1756 3992/1267/1756 3989/1265/1756
f 3994/1246/1757 3996/1268/1757 3993/1248/1757
f 3998/1269/1758 4000/1270/1758 3997/1268/1758
f 4002/1246/1759 4004/1271/1759 4001/1248/1759
f 4006/1272/1760 4008/1273/1760 4005/1271/1760
f 4010/1246/1761 4012/1274/1761 4009/1248/1761
f 4014/1246/1762 4016/1275/1762 4013/1248/1762
f 4018/1276/1763 4020/1277/1763 4017/1275/1763
f 4022/1246/1764 4024/1278/1764 4021/1248/1764
f 4026/1279/1765 4028/1280/1765 4025/1278/1765
f 4030/1246/1766 4032/1281/1766 4029/1248/1766
f 4034/1246/1767 4036/1282/1767 4033/1248/1767
f 4038/1283/1768 4040/1284/1768 4037/1282/1768
f 4042/1246/1769 4044/1285/1769 4041/1248/1769
f 4046/1286/1770 4048/1287/1770 4045/1285/1770
f 4050/1246/1771 4052/1288/1771 4049/1248/1771
f 4054/1289/1772 4056/1290/1772 4053/1288/1772
f 4058/1246/1773 4060/1291/1773 4057/1248/1773
f 4062/1292/1774 4064/1293/1774 4061/1291/1774
f 4066/1246/1775 4068/1294/1775 4065/1248/1775
f 4070/1246/1776 4072/1295/1776 4069/1248/1776
f 4074/1296/1777 4076/1297/1777 4073/1295/1777
f 4078/1246/1778 4080/1298/1778 4077/1248/1778
f 4082/1246/1779 4084/1299/1779 4081/1248/1779
f 4086/1300/1780 4088/1301/1780 4085/1299/1780
f 4090/1246/1781 4092/1302/1781 4089/1248/1781
f 4094/1246/1782 4096/1303/1782 4093/1248/1782
f 4098/1246/1783 4100/1304/1783 4097/1248/1783
f 4102/1246/1784 4104/1305/1784 4101/1248/1784
f 4106/1246/1785 4108/1306/1785 4105/1248/1785
f 4110/1246/1786 4112/1307/1786 4109/1248/1786
f 4114/1246/1787 4116/1308/1787 4113/1248/1787
f 4118/1246/1788 4120/1309/1788 4117/1248/1788
f 3906/480/1735 3907/1234/1735 3908/1233/1735
f 3910/1234/1789 3911/1236/1789 3912/1235/1789
f 3914/1236/1790 3915/1238/1790 3916/1237/1790
f 3918/1238/1791 3919/1240/1791 3920/1239/1791
f 3922/1240/1792 3923/1242/1792 3924/1241/1792
f 3926/1242/1793 3927/1244/1793 3928/1243/1793
f 3930/1244/1794 3931/1310/1794 3932/1245/1794
f 3934/1246/1795 3935/1311/1795 3936/1247/1795
f 3938/1246/1743 3939/1312/1743 3940/1249/1743
f 3942/1246/1744 3943/1313/1744 3944/1250/1744
f 3946/1246/1796 3947/1314/1796 3948/1251/1796
f 3950/1246/1746 3951/1315/1746 3952/1252/1746
f 3954/1246/1747 3955/1254/1747 3956/1253/1747
f 3958/1254/1748 3959/1316/1748 3960/1255/1748
f 3962/1246/1749 3963/1257/1749 3964/1256/1749
f 3966/1257/1750 3967/1317/1750 3968/1258/1750
f 3970/1246/1751 3971/1260/1751 3972/1259/1751
f 3974/1260/1752 3975/1318/1752 3976/1261/1752
f 3978/1246/1753 3979/1263/1753 3980/1262/1753
f 3982/1263/1797 3983/1319/1797 3984/1264/1797
f 3986/1246/1755 3987/1266/1755 3988/1265/1755
f 3990/1266/1798 3991/1320/1798 3992/1267/1798
f 3994/1246/1757 3995/1269/1757 3996/1268/1757
f 3998/1269/1799 3999/1321/1799 4000/1270/1799
f 4002/1246/1759 4003/1272/1759 4004/1271/1759
f 4006/1272/1760 4007/1322/1760 4008/1273/1760
f 4010/1246/1761 4011/1323/1761 4012/1274/1761
f 4014/1246/1762 4015/1276/1762 4016/1275/1762
f 4018/1276/1763 4019/1324/1763 4020/1277/1763
f 4022/1246/1764 4023/1279/1764 4024/1278/1764
f 4026/1279/1765 4027/1325/1765 4028/1280/1765
f 4030/1246/1766 4031/1326/1766 4032/1281/1766
f 4034/1246/1767 4035/1283/1767 4036/1282/1767
f 4038/1283/1800 4039/1327/1800 4040/1284/1800
f 4042/1246/1769 4043/1286/1769 4044/1285/1769
f 4046/1286/1770 4047/1328/1770 4048/1287/1770
f 4050/1246/1771 4051/1289/1771 4052/1288/1771
f 4054/1289/1772 4055/1329/1772 4056/1290/1772
f 4058/1246/1773 4059/1292/1773 4060/1291/1773
f 4062/1292/1801 4063/1330/1801 4064/1293/1801
f 4066/1246/1775 4067/1331/1775 4068/1294/1775
f 4070/1246/1802 4071/1296/1802 4072/1295/1802
f 4074/1296/1777 4075/1332/1777 4076/1297/1777
f 4078/1246/1778 4079/1333/1778 4080/1298/1778
f 4082/1246/1779 4083/1300/1779 4084/1299/1779
f 4086/1300/1780 4087/1334/1780 4088/1301/1780
f 4090/1246/1803 4091/1335/1803 4092/1302/1803
f 4094/1246/1804 4095/1336/1804 4096/1303/1804
f 4098/1246/1805 4099/1337/1805 4100/1304/1805
f 4102/1246/1806 4103/1338/1806 4104/1305/1806
f 4106/1246/1785 4107/1339/1785 4108/1306/1785
f 4110/1246/1786 4111/1340/1786 4112/1307/1786
f 4114/1246/1807 4115/1341/1807 4116/1308/1807
f 4118/1246/1788 4119/1342/1788 4120/1309/1788
f 4122/480/1808 4121/405/1808 4124/1233/1808
f 4126/1234/1809 4125/1233/1809 4128/1235/1809
f 4130/1236/1810 4129/1235/1810 4132/1237/1810
f 4134/1238/1811 4133/1237/1811 4136/1239/1811
f 4138/1240/1812 4137/1239/1812 4140/1241/1812
f 4142/1242/1813 4141/1241/1813 4144/1243/1813
f 4146/1244/1814 4145/1243/1814 4148/1245/1814
f 4150/1246/1815 4149/1248/1815 4152/1247/1815
f 4154/1246/1816 4153/1248/1816 4156/1249/1816
f 4158/1246/1817 4157/1248/1817 4160/1250/1817
f 4162/1246/1818 4161/1248/1818 4164/1251/1818
f 4166/1246/1819 4165/1248/1819 4168/1252/1819
f 4170/1246/1820 4169/1248/1820 4172/1253/1820
f 4174/1254/1821 4173/1253/1821 4176/1255/1821
f 4178/1246/1822 4177/1248/1822 4180/1256/1822
f 4182/1257/1823 4181/1256/1823 4184/1258/1823
f 4186/1246/1824 4185/1248/1824 4188/1259/1824
f 4190/1260/1825 4189/1259/1825 4192/1261/1825
f 4194/1246/1826 4193/1248/1826 4196/1262/1826
f 4198/1263/1827 4197/1262/1827 4200/1264/1827
f 4202/1246/1828 4201/1248/1828 4204/1265/1828
f 4206/1266/1829 4205/1265/1829 4208/1267/1829
f 4210/1246/1830 4209/1248/1830 4212/1268/1830
f 4214/1269/1831 4213/1268/1831 4216/1270/1831
f 4218/1246/1832 4217/1248/1832 4220/1271/1832
f 4222/1272/1833 4221/1271/1833 4224/1273/1833
f 4226/1246/1834 4225/1248/1834 4228/1274/1834
f 4230/1246/1835 4229/1248/1835 4232/1275/1835
f 4234/1276/1836 4233/1275/1836 4236/1277/1836
f 4238/1246/1837 4237/1248/1837 4240/1278/1837
f 4242/1279/1838 4241/1278/1838 4244/1280/1838
f 4246/1246/1839 4245/1248/1839 4248/1281/1839
f 4250/1246/1840 4249/1248/1840 4252/1282/1840
f 4254/1283/1841 4253/1282/1841 4256/1284/1841
f 4258/1246/1842 4257/1248/1842 4260/1285/1842
f 4262/1286/1843 4261/1285/1843 4264/1287/1843
f 4266/1246/1844 4265/1248/1844 4268/1288/1844
f 4270/1289/1845 4269/1288/1845 4272/1290/1845
f 4274/1246/1846 4273/1248/1846 4276/1291/1846
f 4278/1292/1847 4277/1291/1847 4280/1293/1847
f 4282/1246/1848 4281/1248/1848 4284/1294/1848
f 4286/1246/1849 4285/1248/1849 4288/1295/1849
f 4290/1296/1850 4289/1295/1850 4292/1297/1850
f 4294/1246/1851 4293/1248/1851 4296/1298/1851
f 4298/1246/1852 4297/1248/1852 4300/1299/1852
f 4302/1300/1853 4301/1299/1853 4304/1301/1853
f 4306/1246/1854 4305/1248/1854 4308/1302/1854
f 4310/1246/1855 4309/1248/1855 4312/1303/1855
f 4314/1246/1856 4313/1248/1856 4316/1304/1856
f 4318/1246/1857 4317/1248/1857 4320/1305/1857
f 4322/1246/1858 4321/1248/1858 4324/1306/1858
f 4326/1246/1859 4325/1248/1859 4328/1307/1859
f 4330/1246/1860 4329/1248/1860 4332/1308/1860
f 4334/1246/1861 4333/1248/1861 4336/1309/1861
f 4122/480/1808 4124/1233/1808 4123/1234/1808
f 4126/1234/1862 4128/1235/1862 4127/1236/1862
f 4130/1236/1863 4132/1237/1863 4131/1238/1863
f 4134/1238/1864 4136/1239/1864 4135/1240/1864
f 4138/1240/1865 4140/1241/1865 4139/1242/1865
f 4142/1242/1866 4144/1243/1866 4143/1244/1866
f 4146/1244/1867 4148/1245/1867 4147/1310/1867
f 4150/1246/1868 4152/1247/1868 4151/1311/1868
f 4154/1246/1816 4156/1249/1816 4155/1312/1816
f 4158/1246/1817 4160/1250/1817 4159/1313/1817
f 4162/1246/1869 4164/1251/1869 4163/1314/1869
f 4166/1246/1819 4168/1252/1819 4167/1315/1819
f 4170/1246/1820 4172/1253/1820 4171/1254/1820
f 4174/1254/1821 4176/1255/1821 4175/1316/1821
f 4178/1246/1822 4180/1256/1822 4179/1257/1822
f 4182/1257/1823 4184/1258/1823 4183/1317/1823
f 4186/1246/1824 4188/1259/1824 4187/1260/1824
f 4190/1260/1825 4192/1261/1825 4191/1318/1825
f 4194/1246/1826 4196/1262/1826 4195/1263/1826
f 4198/1263/1870 4200/1264/1870 4199/1319/1870
f 4202/1246/1828 4204/1265/1828 4203/1266/1828
f 4206/1266/1871 4208/1267/1871 4207/1320/1871
f 4210/1246/1830 4212/1268/1830 4211/1269/1830
f 4214/1269/1872 4216/1270/1872 4215/1321/1872
f 4218/1246/1832 4220/1271/1832 4219/1272/1832
f 4222/1272/1833 4224/1273/1833 4223/1322/1833
f 4226/1246/1834 4228/1274/1834 4227/1323/1834
f 4230/1246/1835 4232/1275/1835 4231/1276/1835
f 4234/1276/1836 4236/1277/1836 4235/1324/1836
f 4238/1246/1837 4240/1278/1837 4239/1279/1837
f 4242/1279/1838 4244/1280/1838 4243/1325/1838
f 4246/1246/1839 4248/1281/1839 4247/1326/1839
f 4250/1246/1840 4252/1282/1840 4251/1283/1840
f 4254/1283/1873 4256/1284/1873 4255/1327/1873
f 4258/1246/1842 4260/1285/1842 4259/1286/1842
f 4262/1286/1843 4264/1287/1843 4263/1328/1843
f 4266/1246/1844 4268/1288/1844 4267/1289/1844
f 4270/1289/1845 4272/1290/1845 4271/1329/1845
f 4274/1246/1846 4276/1291/1846 4275/1292/1846
f 4278/1292/1874 4280/1293/1874 4279/1330/1874
f 4282/1246/1848 4284/1294/1848 4283/1331/1848
f 4286/1246/1875 4288/1295/1875 4287/1296/1875
f 4290/1296/1850 4292/1297/1850 4291/1332/1850
f 4294/1246/1851 4296/1298/1851 4295/1333/1851
f 4298/1246/1852 4300/1299/1852 4299/1300/1852
f 4302/1300/1853 4304/1301/1853 4303/1334/1853
f 4306/1246/1876 4308/1302/1876 4307/1335/1876
f 4310/1246/1877 4312/1303/1877 4311/1336/1877
f 4314/1246/1878 4316/1304/1878 4315/1337/1878
f 4318/1246/1879 4320/1305/1879 4319/1338/1879
f 4322/1246/1858 4324/1306/1858 4323/1339/1858
f 4326/1246/1859 4328/1307/1859 4327/1340/1859
f 4330/1246/1880 4332/1308/1880 4331/1341/1880
f 4334/1246/1861 4336/1309/1861 4335/1342/1861
f 4338/480/1881 4340/1343/1881 4337/405/1881
f 4342/1344/1882 4344/1345/1882 4341/1343/1882
f 4346/1346/1883 4348/1347/1883 4345/1345/1883
f 4350/1348/1884 4352/1349/1884 4349/1347/1884
f 4354/1350/1885 4356/1351/1885 4353/1349/1885
f 4358/1352/1886 4360/1353/1886 4357/1351/1886
f 4362/1354/1887 4364/1355/1887 4361/1353/1887
f 4366/1356/1888 4368/1357/1888 4365/1358/1888
f 4370/1356/1889 4372/1359/1889 4369/1358/1889
f 4374/1356/1890 4376/1360/1890 4373/1358/1890
f 4378/1356/1891 4380/1361/1891 4377/1358/1891
f 4382/1356/1892 4384/1362/1892 4381/1358/1892
f 4386/1356/1893 4388/1363/1893 4385/1358/1893
f 4390/1364/1894 4392/1365/1894 4389/1363/1894
f 4394/1356/1895 4396/1366/1895 4393/1358/1895
f 4398/1367/1896 4400/1368/1896 4397/1366/1896
f 4402/1356/1897 4404/1369/1897 4401/1358/1897
f 4406/1370/1898 4408/1371/1898 4405/1369/1898
f 4410/1356/1899 4412/1372/1899 4409/1358/1899
f 4414/1356/1900 4416/1373/1900 4413/1358/1900
f 4418/1356/1901 4420/1374/1901 4417/1358/1901
f 4422/1375/1902 4424/1376/1902 4421/1374/1902
f 4426/1356/1903 4428/1377/1903 4425/1358/1903
f 4430/1356/1904 4432/1378/1904 4429/1358/1904
f 4434/1379/1905 4436/1380/1905 4433/1378/1905
f 4438/1356/1906 4440/1381/1906 4437/1358/1906
f 4442/1382/1907 4444/1383/1907 4441/1381/1907
f 4446/1356/1908 4448/1384/1908 4445/1358/1908
f 4450/1385/1909 4452/1386/1909 4449/1384/1909
f 4454/1356/1910 4456/1387/1910 4453/1358/1910
f 4458/1388/1911 4460/1389/1911 4457/1387/1911
f 4462/1356/1912 4464/1390/1912 4461/1358/1912
f 4466/1391/1913 4468/1392/1913 4465/1390/1913
f 4470/1356/1914 4472/1393/1914 4469/1358/1914
f 4474/1394/1915 4476/1395/1915 4473/1393/1915
f 4478/1356/1916 4480/1396/1916 4477/1358/1916
f 4482/1356/1917 4484/1397/1917 4481/1358/1917
f 4486/1356/1918 4488/1398/1918 4485/1358/1918
f 4490/1356/1919 4492/1399/1919 4489/1358/1919
f 4494/1356/1920 4496/1400/1920 4493/1358/1920
f 4498/1356/1921 4500/1401/1921 4497/1358/1921
f 4338/480/1922 4339/1344/1922 4340/1343/1922
f 4342/1344/1923 4343/1346/1923 4344/1345/1923
f 4346/1346/1924 4347/1348/1924 4348/1347/1924
f 4350/1348/1925 4351/1350/1925 4352/1349/1925
f 4354/1350/1926 4355/1352/1926 4356/1351/1926
f 4358/1352/1927 4359/1354/1927 4360/1353/1927
f 4362/1354/1928 4363/1402/1928 4364/1355/1928
f 4366/1356/1888 4367/1403/1888 4368/1357/1888
f 4370/1356/1889 4371/1404/1889 4372/1359/1889
f 4374/1356/1890 4375/1405/1890 4376/1360/1890
f 4378/1356/1891 4379/1406/1891 4380/1361/1891
f 4382/1356/1929 4383/1407/1929 4384/1362/1929
f 4386/1356/1893 4387/1364/1893 4388/1363/1893
f 4390/1364/1894 4391/1408/1894 4392/1365/1894
f 4394/1356/1930 4395/1367/1930 4396/1366/1930
f 4398/1367/1931 4399/1409/1931 4400/1368/1931
f 4402/1356/1897 4403/1370/1897 4404/1369/1897
f 4406/1370/1932 4407/1410/1932 4408/1371/1932
f 4410/1356/1899 4411/1411/1899 4412/1372/1899
f 4414/1356/1900 4415/1412/1900 4416/1373/1900
f 4418/1356/1901 4419/1375/1901 4420/1374/1901
f 4422/1375/1933 4423/1413/1933 4424/1376/1933
f 4426/1356/1934 4427/1414/1934 4428/1377/1934
f 4430/1356/1904 4431/1379/1904 4432/1378/1904
f 4434/1379/1935 4435/1415/1935 4436/1380/1935
f 4438/1356/1936 4439/1382/1936 4440/1381/1936
f 4442/1382/1937 4443/1416/1937 4444/1383/1937
f 4446/1356/1938 4447/1385/1938 4448/1384/1938
f 4450/1385/1909 4451/1417/1909 4452/1386/1909
f 4454/1356/1910 4455/1388/1910 4456/1387/1910
f 4458/1388/1911 4459/1418/1911 4460/1389/1911
f 4462/1356/1939 4463/1391/1939 4464/1390/1939
f 4466/1391/1913 4467/1419/1913 4468/1392/1913
f 4470/1356/1914 4471/1394/1914 4472/1393/1914
f 4474/1394/1940 4475/1420/1940 4476/1395/1940
f 4478/1356/1916 4479/1421/1916 4480/1396/1916
f 4482/1356/1917 4483/1422/1917 4484/1397/1917
f 4486/1356/1918 4487/1423/1918 4488/1398/1918
f 4490/1356/1919 4491/1424/1919 4492/1399/1919
f 4494/1356/1920 4495/1425/1920 4496/1400/1920
f 4498/1356/1921 4499/1426/1921 4500/1401/1921
f 4502/480/1941 4501/405/1941 4504/1343/1941
f 4506/1344/1942 4505/1343/1942 4508/1345/1942
f 4510/1346/1943 4509/1345/1943 4512/1347/1943
f 4514/1348/1944 4513/1347/1944 4516/1349/1944
f 4518/1350/1945 4517/1349/1945 4520/1351/1945
f 4522/1352/1946 4521/1351/1946 4524/1353/1946
f 4526/1354/1947 4525/1353/1947 4528/1355/1947
f 4530/1356/1948 4529/1358/1948 4532/1357/1948
f 4534/1356/1949 4533/1358/1949 4536/1359/1949
f 4538/1356/1950 4537/1358/1950 4540/1360/1950
f 4542/1356/1951 4541/1358/1951 4544/1361/1951
f 4546/1356/1952 4545/1358/1952 4548/1362/1952
f 4550/1356/1953 4549/1358/1953 4552/1363/1953
f 4554/1364/1954 4553/1363/1954 4556/1365/1954
f 4558/1356/1955 4557/1358/1955 4560/1366/1955
f 4562/1367/1956 4561/1366/1956 4564/1368/1956
f 4566/1356/1957 4565/1358/1957 4568/1369/1957
f 4570/1370/1958 4569/1369/1958 4572/1371/1958
f 4574/1356/1959 4573/1358/1959 4576/1372/1959
f 4578/1356/1960 4577/1358/1960 4580/1373/1960
f 4582/1356/1961 4581/1358/1961 4584/1374/1961
f 4586/1375/1962 4585/1374/1962 4588/1376/1962
f 4590/1356/1963 4589/1358/1963 4592/1377/1963
f 4594/1356/1964 4593/1358/1964 4596/1378/1964
f 4598/1379/1965 4597/1378/1965 4600/1380/1965
f 4602/1356/1966 4601/1358/1966 4604/1381/1966
f 4606/1382/1967 4605/1381/1967 4608/1383/1967
f 4610/1356/1968 4609/1358/1968 4612/1384/1968
f 4614/1385/1969 4613/1384/1969 4616/1386/1969
f 4618/1356/1970 4617/1358/1970 4620/1387/1970
f 4622/1388/1971 4621/1387/1971 4624/1389/1971
f 4626/1356/1972 4625/1358/1972 4628/1390/1972
f 4630/1391/1973 4629/1390/1973 4632/1392/1973
f 4634/1356/1974 4633/1358/1974 4636/1393/1974
f 4638/1394/1975 4637/1393/1975 4640/1395/1975
f 4642/1356/1976 4641/1358/1976 4644/1396/1976
f 4646/1356/1977 4645/1358/1977 4648/1397/1977
f 4650/1356/1978 4649/1358/1978 4652/1398/1978
f 4654/1356/1979 4653/1358/1979 4656/1399/1979
f 4658/1356/1980 4657/1358/1980 4660/1400/1980
f 4662/1356/1981 4661/1358/1981 4664/1401/1981
f 4502/480/1982 4504/1343/1982 4503/1344/1982
f 4506/1344/1983 4508/1345/1983 4507/1346/1983
f 4510/1346/1984 4512/1347/1984 4511/1348/1984
f 4514/1348/1985 4516/1349/1985 4515/1350/1985
f 4518/1350/1986 4520/1351/1986 4519/1352/1986
f 4522/1352/1987 4524/1353/1987 4523/1354/1987
f 4526/1354/1988 4528/1355/1988 4527/1402/1988
f 4530/1356/1948 4532/1357/1948 4531/1403/1948
f 4534/1356/1949 4536/1359/1949 4535/1404/1949
f 4538/1356/1950 4540/1360/1950 4539/1405/1950
f 4542/1356/1951 4544/1361/1951 4543/1406/1951
f 4546/1356/1989 4548/1362/1989 4547/1407/1989
f 4550/1356/1953 4552/1363/1953 4551/1364/1953
f 4554/1364/1954 4556/1365/1954 4555/1408/1954
f 4558/1356/1990 4560/1366/1990 4559/1367/1990
f 4562/1367/1991 4564/1368/1991 4563/1409/1991
f 4566/1356/1957 4568/1369/1957 4567/1370/1957
f 4570/1370/1992 4572/1371/1992 4571/1410/1992
f 4574/1356/1959 4576/1372/1959 4575/1411/1959
f 4578/1356/1960 4580/1373/1960 4579/1412/1960
f 4582/1356/1961 4584/1374/1961 4583/1375/1961
f 4586/1375/1993 4588/1376/1993 4587/1413/1993
f 4590/1356/1994 4592/1377/1994 4591/1414/1994
f 4594/1356/1964 4596/1378/1964 4595/1379/1964
f 4598/1379/1995 4600/1380/1995 4599/1415/1995
f 4602/1356/1996 4604/1381/1996 4603/1382/1996
f 4606/1382/1997 4608/1383/1997 4607/1416/1997
f 4610/1356/1998 4612/1384/1998 4611/1385/1998
f 4614/1385/1969 4616/1386/1969 4615/1417/1969
f 4618/1356/1970 4620/1387/1970 4619/1388/1970
f 4622/1388/1971 4624/1389/1971 4623/1418/1971
f 4626/1356/1999 4628/1390/1999 4627/1391/1999
f 4630/1391/1973 4632/1392/1973 4631/1419/1973
f 4634/1356/1974 4636/1393/1974 4635/1394/1974
f 4638/1394/2000 4640/1395/2000 4639/1420/2000
f 4642/1356/1976 4644/1396/1976 4643/1421/1976
f 4646/1356/1977 4648/1397/1977 4647/1422/1977
f 4650/1356/1978 4652/1398/1978 4651/1423/1978
f 4654/1356/1979 4656/1399/1979 4655/1424/1979
f 4658/1356/1980 4660/1400/1980 4659/1425/1980
f 4662/1356/1981 4664/1401/1981 4663/1426/1981
f 4666/480/2001 4668/1427/2001 4665/405/2001
f 4670/1428/2002 4672/1429/2002 4669/1427/2002
f 4674/1430/2003 4676/1431/2003 4673/1429/2003
f 4678/1432/2004 4680/1433/2004 4677/1431/2004
f 4682/1434/2005 4684/1435/2005 4681/1433/2005
f 4686/1436/2006 4688/1437/2006 4685/1435/2006
f 4690/1438/2007 4692/1439/2007 4689/1437/2007
f 4694/1440/2008 4696/1441/2008 4693/1442/2008
f 4698/1440/2009 4700/1443/2009 4697/1442/2009
f 4702/1440/2010 4704/1444/2010 4701/1442/2010
f 4706/1440/2011 4708/1445/2011 4705/1442/2011
f 4710/1440/2012 4712/1446/2012 4709/1442/2012
f 4714/1440/2013 4716/1447/2013 4713/1442/2013
f 4718/1440/2014 4720/1448/2014 4717/1442/2014
f 4722/1440/2015 4724/1449/2015 4721/1442/2015
f 4726/1440/2016 4728/1450/2016 4725/1442/2016
f 4730/1440/2017 4732/1451/2017 4729/1442/2017
f 4734/1440/2018 4736/1452/2018 4733/1442/2018
f 4738/1453/2019 4740/1454/2019 4737/1452/2019
f 4742/1440/2020 4744/1455/2020 4741/1442/2020
f 4746/1456/2021 4748/1457/2021 4745/1455/2021
f 4750/1440/2022 4752/1458/2022 4749/1442/2022
f 4754/1459/2023 4756/1460/2023 4753/1458/2023
f 4758/1440/2024 4760/1461/2024 4757/1442/2024
f 4762/1440/2025 4764/1462/2025 4761/1442/2025
f 4766/1463/2026 4768/1464/2026 4765/1462/2026
f 4770/1440/2027 4772/1465/2027 4769/1442/2027
f 4774/1466/2028 4776/1467/2028 4773/1465/2028
f 4778/1440/2029 4780/1468/2029 4777/1442/2029
f 4782/1469/2030 4784/1470/2030 4781/1468/2030
f 4786/1440/2031 4788/1471/2031 4785/1442/2031
f 4790/1472/2032 4792/1473/2032 4789/1471/2032
f 4794/1440/2033 4796/1474/2033 4793/1442/2033
f 4798/1475/2034 4800/1476/2034 4797/1474/2034
f 4802/1440/2035 4804/1477/2035 4801/1442/2035
f 4806/1478/2036 4808/1479/2036 4805/1477/2036
f 4810/1440/2037 4812/1480/2037 4809/1442/2037
f 4814/1440/2038 4816/1481/2038 4813/1442/2038
f 4818/1482/2039 4820/1483/2039 4817/1481/2039
f 4822/1440/2040 4824/1484/2040 4821/1442/2040
f 4826/1485/2041 4828/1486/2041 4825/1484/2041
f 4830/1440/2042 4832/1487/2042 4829/1442/2042
f 4834/1488/2043 4836/1489/2043 4833/1487/2043
f 4838/1440/2044 4840/1490/2044 4837/1442/2044
f 4842/1491/2045 4844/1492/2045 4841/1490/2045
f 4846/1440/2046 4848/1493/2046 4845/1442/2046
f 4850/1494/2047 4852/1495/2047 4849/1493/2047
f 4854/1440/2048 4856/1496/2048 4853/1442/2048
f 4858/1440/2049 4860/1497/2049 4857/1442/2049
f 4862/1440/2050 4864/1498/2050 4861/1442/2050
f 4866/1440/2051 4868/1499/2051 4865/1442/2051
f 4870/1440/2052 4872/1500/2052 4869/1442/2052
f 4874/1440/2053 4876/1501/2053 4873/1442/2053
f 4878/1440/2054 4880/1502/2054 4877/1442/2054
f 4882/1440/2055 4884/1503/2055 4881/1442/2055
f 4886/1440/2056 4888/1504/2056 4885/1442/2056
f 4890/1440/2057 4892/1505/2057 4889/1442/2057
f 4666/480/2058 4667/1428/2058 4668/1427/2058
f 4670/1428/2059 4671/1430/2059 4672/1429/2059
f 4674/1430/2060 4675/1432/2060 4676/1431/2060
f 4678/1432/2061 4679/1434/2061 4680/1433/2061
f 4682/1434/2062 4683/1436/2062 4684/1435/2062
f 4686/1436/2063 4687/1438/2063 4688/1437/2063
f 4690/1438/2064 4691/1506/2064 4692/1439/2064
f 4694/1440/2008 4695/1507/2008 4696/1441/2008
f 4698/1440/2009 4699/1508/2009 4700/1443/2009
f 4702/1440/2065 4703/1509/2065 4704/1444/2065
f 4706/1440/2066 4707/1510/2066 4708/1445/2066
f 4710/1440/2012 4711/1511/2012 4712/1446/2012
f 4714/1440/2013 4715/1512/2013 4716/1447/2013
f 4718/1440/2014 4719/1513/2014 4720/1448/2014
f 4722/1440/2067 4723/1514/2067 4724/1449/2067
f 4726/1440/2016 4727/1515/2016 4728/1450/2016
f 4730/1440/2068 4731/1516/2068 4732/1451/2068
f 4734/1440/2018 4735/1453/2018 4736/1452/2018
f 4738/1453/2019 4739/1517/2019 4740/1454/2019
f 4742/1440/2020 4743/1456/2020 4744/1455/2020
f 4746/1456/2021 4747/1518/2021 4748/1457/2021
f 4750/1440/2022 4751/1459/2022 4752/1458/2022
f 4754/1459/2023 4755/1519/2023 4756/1460/2023
f 4758/1440/2069 4759/1520/2069 4760/1461/2069
f 4762/1440/2070 4763/1463/2070 4764/1462/2070
f 4766/1463/2026 4767/1521/2026 4768/1464/2026
f 4770/1440/2071 4771/1466/2071 4772/1465/2071
f 4774/1466/2028 4775/1522/2028 4776/1467/2028
f 4778/1440/2029 4779/1469/2029 4780/1468/2029
f 4782/1469/2072 4783/1523/2072 4784/1470/2072
f 4786/1440/2073 4787/1472/2073 4788/1471/2073
f 4790/1472/2074 4791/1524/2074 4792/1473/2074
f 4794/1440/2033 4795/1475/2033 4796/1474/2033
f 4798/1475/2075 4799/1525/2075 4800/1476/2075
f 4802/1440/2035 4803/1478/2035 4804/1477/2035
f 4806/1478/2076 4807/1526/2076 4808/1479/2076
f 4810/1440/2037 4811/1527/2037 4812/1480/2037
f 4814/1440/2038 4815/1482/2038 4816/1481/2038
f 4818/1482/2039 4819/1528/2039 4820/1483/2039
f 4822/1440/2040 4823/1485/2040 4824/1484/2040
f 4826/1485/2041 4827/1529/2041 4828/1486/2041
f 4830/1440/2042 4831/1488/2042 4832/1487/2042
f 4834/1488/2043 4835/1530/2043 4836/1489/2043
f 4838/1440/2044 4839/1491/2044 4840/1490/2044
f 4842/1491/2045 4843/1531/2045 4844/1492/2045
f 4846/1440/2046 4847/1494/2046 4848/1493/2046
f 4850/1494/2047 4851/1532/2047 4852/1495/2047
f 4854/1440/2048 4855/1533/2048 4856/1496/2048
f 4858/1440/2049 4859/1534/2049 4860/1497/2049
f 4862/1440/2050 4863/1535/2050 4864/1498/2050
f 4866/1440/2051 4867/1536/2051 4868/1499/2051
f 4870/1440/2077 4871/1537/2077 4872/1500/2077
f 4874/1440/2078 4875/1538/2078 4876/1501/2078
f 4878/1440/2054 4879/1539/2054 4880/1502/2054
f 4882/1440/2055 4883/1540/2055 4884/1503/2055
f 4886/1440/2056 4887/1541/2056 4888/1504/2056
f 4890/1440/2057 4891/1542/2057 4892/1505/2057
f 4894/480/2079 4893/405/2079 4896/1427/2079
f 4898/1428/2080 4897/1427/2080 4900/1429/2080
f 4902/1430/2081 4901/1429/2081 4904/1431/2081
f 4906/1432/2082 4905/1431/2082 4908/1433/2082
f 4910/1434/2083 4909/1433/2083 4912/1435/2083
f 4914/1436/2084 4913/1435/2084 4916/1437/2084
f 4918/1438/2085 4917/1437/2085 4920/1439/2085
f 4922/1440/2086 4921/1442/2086 4924/1441/2086
f 4926/1440/2087 4925/1442/2087 4928/1443/2087
f 4930/1440/2088 4929/1442/2088 4932/1444/2088
f 4934/1440/2089 4933/1442/2089 4936/1445/2089
f 4938/1440/2090 4937/1442/2090 4940/1446/2090
f 4942/1440/2091 4941/1442/2091 4944/1447/2091
f 4946/1440/2092 4945/1442/2092 4948/1448/2092
f 4950/1440/2093 4949/1442/2093 4952/1449/2093
f 4954/1440/2094 4953/1442/2094 4956/1450/2094
f 4958/1440/2095 4957/1442/2095 4960/1451/2095
f 4962/1440/2096 4961/1442/2096 4964/1452/2096
f 4966/1453/2097 4965/1452/2097 4968/1454/2097
f 4970/1440/2098 4969/1442/2098 4972/1455/2098
f 4974/1456/2099 4973/1455/2099 4976/1457/2099
f 4978/1440/2100 4977/1442/2100 4980/1458/2100
f 4982/1459/2101 4981/1458/2101 4984/1460/2101
f 4986/1440/2102 4985/1442/2102 4988/1461/2102
f 4990/1440/2103 4989/1442/2103 4992/1462/2103
f 4994/1463/2104 4993/1462/2104 4996/1464/2104
f 4998/1440/2105 4997/1442/2105 5000/1465/2105
f 5002/1466/2106 5001/1465/2106 5004/1467/2106
f 5006/1440/2107 5005/1442/2107 5008/1468/2107
f 5010/1469/2108 5009/1468/2108 5012/1470/2108
f 5014/1440/2109 5013/1442/2109 5016/1471/2109
f 5018/1472/2110 5017/1471/2110 5020/1473/2110
f 5022/1440/2111 5021/1442/2111 5024/1474/2111
f 5026/1475/2112 5025/1474/2112 5028/1476/2112
f 5030/1440/2113 5029/1442/2113 5032/1477/2113
f 5034/1478/2114 5033/1477/2114 5036/1479/2114
f 5038/1440/2115 5037/1442/2115 5040/1480/2115
f 5042/1440/2116 5041/1442/2116 5044/1481/2116
f 5046/1482/2117 5045/1481/2117 5048/1483/2117
f 5050/1440/2118 5049/1442/2118 5052/1484/2118
f 5054/1485/2119 5053/1484/2119 5056/1486/2119
f 5058/1440/2120 5057/1442/2120 5060/1487/2120
f 5062/1488/2121 5061/1487/2121 5064/1489/2121
f 5066/1440/2122 5065/1442/2122 5068/1490/2122
f 5070/1491/2123 5069/1490/2123 5072/1492/2123
f 5074/1440/2124 5073/1442/2124 5076/1493/2124
f 5078/1494/2125 5077/1493/2125 5080/1495/2125
f 5082/1440/2126 5081/1442/2126 5084/1496/2126
f 5086/1440/2127 5085/1442/2127 5088/1497/2127
f 5090/1440/2128 5089/1442/2128 5092/1498/2128
f 5094/1440/2129 5093/1442/2129 5096/1499/2129
f 5098/1440/2130 5097/1442/2130 5100/1500/2130
f 5102/1440/2131 5101/1442/2131 5104/1501/2131
f 5106/1440/2132 5105/1442/2132 5108/1502/2132
f 5110/1440/2133 5109/1442/2133 5112/1503/2133
f 5114/1440/2134 5113/1442/2134 5116/1504/2134
f 5118/1440/2135 5117/1442/2135 5120/1505/2135
f 4894/480/2136 4896/1427/2136 4895/1428/2136
f 4898/1428/2137 4900/1429/2137 4899/1430/2137
f 4902/1430/2138 4904/1431/2138 4903/1432/2138
f 4906/1432/2139 4908/1433/2139 4907/1434/2139
f 4910/1434/2140 4912/1435/2140 4911/1436/2140
f 4914/1436/2141 4916/1437/2141 4915/1438/2141
f 4918/1438/2142 4920/1439/2142 4919/1506/2142
f 4922/1440/2086 4924/1441/2086 4923/1507/2086
f 4926/1440/2087 4928/1443/2087 4927/1508/2087
f 4930/1440/2143 4932/1444/2143 4931/1509/2143
f 4934/1440/2144 4936/1445/2144 4935/1510/2144
f 4938/1440/2090 4940/1446/2090 4939/1511/2090
f 4942/1440/2091 4944/1447/2091 4943/1512/2091
f 4946/1440/2092 4948/1448/2092 4947/1513/2092
f 4950/1440/2145 4952/1449/2145 4951/1514/2145
f 4954/1440/2094 4956/1450/2094 4955/1515/2094
f 4958/1440/2146 4960/1451/2146 4959/1516/2146
f 4962/1440/2096 4964/1452/2096 4963/1453/2096
f 4966/1453/2097 4968/1454/2097 4967/1517/2097
f 4970/1440/2098 4972/1455/2098 4971/1456/2098
f 4974/1456/2099 4976/1457/2099 4975/1518/2099
f 4978/1440/2100 4980/1458/2100 4979/1459/2100
f 4982/1459/2101 4984/1460/2101 4983/1519/2101
f 4986/1440/2147 4988/1461/2147 4987/1520/2147
f 4990/1440/2148 4992/1462/2148 4991/1463/2148
f 4994/1463/2104 4996/1464/2104 4995/1521/2104
f 4998/1440/2149 5000/1465/2149 4999/1466/2149
f 5002/1466/2106 5004/1467/2106 5003/1522/2106
f 5006/1440/2107 5008/1468/2107 5007/1469/2107
f 5010/1469/2150 5012/1470/2150 5011/1523/2150
f 5014/1440/2151 5016/1471/2151 5015/1472/2151
f 5018/1472/2152 5020/1473/2152 5019/1524/2152
f 5022/1440/2111 5024/1474/2111 5023/1475/2111
f 5026/1475/2153 5028/1476/2153 5027/1525/2153
f 5030/1440/2113 5032/1477/2113 5031/1478/2113
f 5034/1478/2154 5036/1479/2154 5035/1526/2154
f 5038/1440/2115 5040/1480/2115 5039/1527/2115
f 5042/1440/2116 5044/1481/2116 5043/1482/2116
f 5046/1482/2117 5048/1483/2117 5047/1528/2117
f 5050/1440/2118 5052/1484/2118 5051/1485/2118
f 5054/1485/2119 5056/1486/2119 5055/1529/2119
f 5058/1440/2120 5060/1487/2120 5059/1488/2120
f 5062/1488/2121 5064/1489/2121 5063/1530/2121
f 5066/1440/2122 5068/1490/2122 5067/1491/2122
f 5070/1491/2123 5072/1492/2123 5071/1531/2123
f 5074/1440/2124 5076/1493/2124 5075/1494/2124
f 5078/1494/2125 5080/1495/2125 5079/1532/2125
f 5082/1440/2126 5084/1496/2126 5083/1533/2126
f 5086/1440/2127 5088/1497/2127 5087/1534/2127
f 5090/1440/2128 5092/1498/2128 5091/1535/2128
f 5094/1440/2129 5096/1499/2129 5095/1536/2129
f 5098/1440/2155 5100/1500/2155 5099/1537/2155
f 5102/1440/2156 5104/1501/2156 5103/1538/2156
f 5106/1440/2132 5108/1502/2132 5107/1539/2132
f 5110/1440/2133 5112/1503/2133 5111/1540/2133
f 5114/1440/2134 5116/1504/2134 5115/1541/2134
f 5118/1440/2135 5120/1505/2135 5119/1542/2135
