# Blender 5.0.1
# www.blender.org
mtllib palm_j.mtl
o palm_j_trunk
usemtl palm_j_trunk
v 0.339577 0.000000 -0.000778
v 0.225255 0.000000 0.224051
v 0.000425 0.000000 0.325958
v -0.236820 0.000000 0.236467
v -0.313894 0.000000 -0.000778
v -0.236820 0.000000 -0.238023
v 0.000425 0.000000 -0.327513
v 0.225255 0.000000 -0.225607
v 0.320164 0.034554 -0.000113
v 0.212210 0.034554 0.212031
v 0.000066 0.034554 0.308377
v -0.223795 0.034554 0.223749
v -0.296595 0.034554 -0.000113
v -0.223905 0.034554 -0.224084
v 0.000066 0.034554 -0.308382
v 0.212320 0.034554 -0.212366
v 0.298433 0.086385 0.000890
v 0.197545 0.086385 0.198927
v -0.000492 0.086385 0.289131
v -0.209469 0.086385 0.209868
v -0.277535 0.086385 0.000890
v -0.209726 0.086385 -0.208344
v -0.000492 0.086385 -0.286837
v 0.197802 0.086385 -0.197403
v 0.279879 0.151174 0.002155
v 0.184924 0.151174 0.188300
v -0.001221 0.151174 0.273395
v -0.197647 0.151174 0.198582
v -0.261756 0.151174 0.002155
v -0.198070 0.151174 -0.194694
v -0.001221 0.151174 -0.268240
v 0.185346 0.151174 -0.184412
v 0.267440 0.215963 0.003435
v 0.176353 0.215963 0.181772
v -0.001983 0.215963 0.263590
v -0.190166 0.215963 0.191618
v -0.251714 0.215963 0.003435
v -0.190744 0.215963 -0.185325
v -0.001983 0.215963 -0.255563
v 0.176931 0.215963 -0.175479
v 0.242648 0.680707 0.013160
v 0.158522 0.680707 0.180025
v -0.008342 0.680707 0.257626
v -0.181633 0.680707 0.186451
v -0.236238 0.680707 0.013160
v -0.179774 0.680707 -0.158272
v -0.008342 0.680707 -0.221113
v 0.156870 0.680707 -0.152052
v 0.216617 0.779261 0.015356
v 0.137381 0.779261 0.162601
v -0.009863 0.779261 0.232841
v -0.168627 0.779261 0.174120
v -0.226796 0.779261 0.015356
v -0.176644 0.779261 -0.151424
v -0.009863 0.779261 -0.210731
v 0.145041 0.779261 -0.139548
v 0.224570 1.111859 0.023129
v 0.144823 1.111859 0.183284
v -0.015333 1.111859 0.261163
v -0.183686 1.111859 0.191482
v -0.237907 1.111859 0.023129
v -0.182033 1.111859 -0.143572
v -0.015333 1.111859 -0.201386
v 0.143388 1.111859 -0.135592
v 0.206112 1.210413 0.025538
v 0.126750 1.210413 0.169321
v -0.017032 1.210413 0.236306
v -0.167931 1.210413 0.176438
v -0.223873 1.210413 0.025538
v -0.177488 1.210413 -0.134918
v -0.017032 1.210413 -0.193482
v 0.135972 1.210413 -0.127465
v 0.209818 1.504094 0.033007
v 0.132870 1.504094 0.188108
v -0.022231 1.504094 0.266166
v -0.187074 1.504094 0.197849
v -0.242174 1.504094 0.033007
v -0.186760 1.504094 -0.131522
v -0.022231 1.504094 -0.186061
v 0.132697 1.504094 -0.121922
v 0.197529 1.602648 0.035608
v 0.118663 1.602648 0.178273
v -0.024002 1.602648 0.243850
v -0.170096 1.602648 0.181702
v -0.223655 1.602648 0.035608
v -0.179043 1.602648 -0.119432
v -0.024002 1.602648 -0.176904
v 0.127426 1.602648 -0.115821
v 0.197383 1.873017 0.042987
v 0.122124 1.873017 0.193974
v -0.028863 1.873017 0.271705
v -0.190482 1.873017 0.204606
v -0.246968 1.873017 0.042987
v -0.192268 1.873017 -0.120418
v -0.028863 1.873017 -0.172946
v 0.123932 1.873017 -0.109808
v 0.189235 1.971571 0.045764
v 0.111824 1.971571 0.188207
v -0.030618 1.971571 0.253832
v -0.174017 1.971571 0.189163
v -0.225414 1.971571 0.045764
v -0.181008 1.971571 -0.104626
v -0.030618 1.971571 -0.160324
v 0.118835 1.971571 -0.103690
v 0.187087 2.225521 0.053134
v 0.112671 2.225521 0.200848
v -0.035043 2.225521 0.277733
v -0.193438 2.225521 0.211529
v -0.251362 2.225521 0.053134
v -0.197658 2.225521 -0.109480
v -0.035043 2.225521 -0.160983
v 0.116795 2.225521 -0.098704
v 0.180690 2.324075 0.056078
v 0.105613 2.324075 0.198397
v -0.036706 2.324075 0.265138
v -0.178917 2.324075 0.198289
v -0.228750 2.324075 0.056078
v -0.183387 2.324075 -0.090603
v -0.036706 2.324075 -0.143908
v 0.110285 2.324075 -0.090914
v 0.178809 2.565471 0.063485
v 0.104666 2.565471 0.208752
v -0.040602 2.565471 0.284408
v -0.195755 2.565471 0.218638
v -0.254874 2.565471 0.063485
v -0.202331 2.565471 -0.098245
v -0.040602 2.565471 -0.149428
v 0.111064 2.565471 -0.088181
v 0.171864 2.664025 0.066590
v 0.099719 2.664025 0.208415
v -0.042105 2.664025 0.276888
v -0.184079 2.664025 0.208564
v -0.233203 2.664025 0.066590
v -0.186157 2.664025 -0.077462
v -0.042105 2.664025 -0.127996
v 0.102112 2.664025 -0.077626
v 0.172375 2.895322 0.074069
v 0.098226 2.895322 0.217687
v -0.045392 2.895322 0.291938
v -0.197398 2.895322 0.226074
v -0.257300 2.895322 0.074069
v -0.205910 2.895322 -0.086449
v -0.045392 2.895322 -0.137742
v 0.106532 2.895322 -0.077856
v 0.163051 2.993876 0.077338
v 0.094062 2.993876 0.218077
v -0.046677 2.993876 0.288433
v -0.188845 2.993876 0.219506
v -0.238212 2.993876 0.077338
v -0.189197 2.993876 -0.065182
v -0.046677 2.993876 -0.112898
v 0.094746 2.993876 -0.064085
v 0.167556 3.216770 0.084921
v 0.093394 3.216770 0.227603
v -0.049289 3.216770 0.300491
v -0.198395 3.216770 0.234027
v -0.258624 3.216770 0.084921
v -0.208193 3.216770 -0.073984
v -0.049289 3.216770 -0.125550
v 0.103014 3.216770 -0.067382
v 0.154723 3.315324 0.088360
v 0.088740 3.315324 0.227403
v -0.050302 3.315324 0.299377
v -0.192652 3.315324 0.230709
v -0.243150 3.315324 0.088360
v -0.192269 3.315324 -0.053607
v -0.050302 3.315324 -0.098786
v 0.088619 3.315324 -0.050561
v 0.164091 3.531044 0.096083
v 0.090136 3.531044 0.238406
v -0.052187 3.531044 0.310155
v -0.198786 3.531044 0.242682
v -0.258942 3.531044 0.096083
v -0.209119 3.531044 -0.060849
v -0.052187 3.531044 -0.112636
v 0.100362 3.531044 -0.056467
v 0.147419 3.629598 0.099703
v 0.083978 3.629598 0.236567
v -0.052885 3.629598 0.309580
v -0.195062 3.629598 0.241880
v -0.247386 3.629598 0.099703
v -0.195044 3.629598 -0.042456
v -0.052885 3.629598 -0.085653
v 0.084088 3.629598 -0.037270
v 0.161725 3.839083 0.107604
v 0.088357 3.839083 0.249965
v -0.054004 3.839083 0.320926
v -0.198586 3.839083 0.252186
v -0.258394 3.839083 0.107604
v -0.208726 3.839083 -0.047118
v -0.054004 3.839083 -0.098912
v 0.098486 3.839083 -0.044886
v 0.141642 3.937637 0.111421
v 0.080077 3.937637 0.245849
v -0.054350 3.937637 0.319134
v -0.195790 3.937637 0.252861
v -0.250354 3.937637 0.111421
v -0.197139 3.937637 -0.031367
v -0.054350 3.937637 -0.073320
v 0.081393 3.937637 -0.024322
v 0.160250 4.141616 0.119541
v 0.087922 4.141616 0.262142
v -0.054678 4.141616 0.332712
v -0.197768 4.141616 0.262631
v -0.257118 4.141616 0.119541
v -0.207118 4.141616 -0.032898
v -0.054678 4.141616 -0.084402
v 0.097355 4.141616 -0.032492
v 0.137790 4.240170 0.123575
v 0.077357 4.240170 0.255574
v -0.054642 4.240170 0.328314
v -0.194705 4.240170 0.263639
v -0.251606 4.240170 0.123575
v -0.198168 4.240170 -0.019950
v -0.054642 4.240170 -0.061460
v 0.080639 4.240170 -0.011705
v 0.159520 4.439231 0.131959
v 0.088686 4.439231 0.274811
v -0.054166 4.439231 0.345364
v -0.196260 4.439231 0.274053
v -0.255211 4.439231 0.131959
v -0.204421 4.439231 -0.018295
v -0.054166 4.439231 -0.069199
v 0.097003 4.439231 -0.019210
v 0.136108 4.537786 0.136233
v 0.076109 4.537786 0.266068
v -0.053726 4.537786 0.337521
v -0.191821 4.537786 0.274329
v -0.250854 4.537786 0.136233
v -0.197788 4.537786 -0.007830
v -0.053726 4.537786 -0.049655
v 0.081795 4.537786 0.000712
v 0.159474 4.732411 0.144928
v 0.090510 4.732411 0.287884
v -0.052445 4.732411 0.358704
v -0.193950 4.732411 0.286433
v -0.252709 4.732411 0.144928
v -0.200760 4.732411 -0.003387
v -0.052445 4.732411 -0.053431
v 0.097511 4.732411 -0.005029
v 0.136668 4.830965 0.149467
v 0.076559 4.830965 0.277611
v -0.051586 4.830965 0.347210
v -0.187268 4.830965 0.285149
v -0.247982 4.830965 0.149467
v -0.195742 4.830965 0.005310
v -0.051586 4.830965 -0.037447
v 0.084716 4.830965 0.013165
v 0.160125 5.021554 0.158521
v 0.093286 5.021554 0.301319
v -0.049512 5.021554 0.372563
v -0.190709 5.021554 0.299718
v -0.249585 5.021554 0.158521
v -0.196234 5.021554 0.011799
v -0.049512 5.021554 -0.037226
v 0.098996 5.021554 0.010014
v 0.139382 5.120108 0.163354
v 0.078835 5.120108 0.290414
v -0.048224 5.120108 0.357829
v -0.181258 5.120108 0.296388
v -0.243040 5.120108 0.163354
v -0.191879 5.120108 0.019700
v -0.048224 5.120108 -0.024400
v 0.089174 5.120108 0.025956
v 0.161555 5.307000 0.172819
v 0.096940 5.307000 0.315137
v -0.045378 5.307000 0.386810
v -0.186400 5.307000 0.313842
v -0.245751 5.307000 0.172819
v -0.190904 5.307000 0.027293
v -0.045378 5.307000 -0.020681
v 0.101582 5.307000 0.025859
v 0.144023 5.405554 0.177977
v 0.082962 5.405554 0.304601
v -0.043662 5.405554 0.369761
v -0.174045 5.405554 0.308359
v -0.236226 5.405554 0.177977
v -0.186166 5.405554 0.035474
v -0.043662 5.405554 -0.010140
v 0.094894 5.405554 0.039421
v 0.163887 5.589039 0.187903
v 0.101440 5.589039 0.329417
v -0.040074 5.589039 0.401377
v -0.180908 5.589039 0.328737
v -0.241081 5.589039 0.187903
v -0.184788 5.589039 0.043189
v -0.040074 5.589039 -0.003840
v 0.105386 5.589039 0.042443
v 0.150268 5.687593 0.193417
v 0.088859 5.687593 0.320212
v -0.037936 5.687593 0.383286
v -0.165892 5.687593 0.321373
v -0.227838 5.687593 0.193417
v -0.178686 5.687593 0.052667
v -0.037936 5.687593 0.005607
v 0.101593 5.687593 0.053888
v 0.167261 5.867919 0.203855
v 0.106788 5.867919 0.344289
v -0.033646 5.867919 0.416271
v -0.174151 5.867919 0.344360
v -0.235427 5.867919 0.203855
v -0.177871 5.867919 0.059630
v -0.033646 5.867919 0.013320
v 0.110490 5.867919 0.059719
v 0.157746 5.966474 0.209759
v 0.096355 5.966474 0.337211
v -0.031097 5.966474 0.398565
v -0.157035 5.966474 0.335696
v -0.218234 5.966474 0.209759
v -0.169618 5.966474 0.071238
v -0.031097 5.966474 0.023002
v 0.109015 5.966474 0.069647
v 0.171807 6.143862 0.220758
v 0.113011 6.143862 0.359923
v -0.026153 6.143862 0.431576
v -0.166097 6.143862 0.360702
v -0.228655 6.143862 0.220758
v -0.170111 6.143862 0.076801
v -0.026153 6.143862 0.030891
v 0.116930 6.143862 0.077675
v 0.166081 6.242415 0.227085
v 0.105209 6.242415 0.355507
v -0.023212 6.242415 0.415632
v -0.147665 6.242415 0.351538
v -0.207785 6.242415 0.227085
v -0.159212 6.242415 0.091085
v -0.023212 6.242415 0.042091
v 0.116952 6.242415 0.086921
v 0.177621 6.417057 0.238695
v 0.120147 6.417057 0.376512
v -0.017670 6.417057 0.447446
v -0.156769 6.417057 0.377794
v -0.220658 6.417057 0.238695
v -0.161459 6.417057 0.094907
v -0.017670 6.417057 0.049024
v 0.124684 6.417057 0.096341
v 0.174936 6.515611 0.245480
v 0.115141 6.515611 0.374982
v -0.014361 6.515611 0.434416
v -0.137910 6.515611 0.369029
v -0.196832 6.515611 0.245480
v -0.147761 6.515611 0.112080
v -0.014361 6.515611 0.062821
v 0.125264 6.515611 0.105855
v 0.184742 6.687674 0.257747
v 0.128228 6.687674 0.394257
v -0.008282 6.687674 0.464088
v -0.146249 6.687674 0.395714
v -0.211387 6.687674 0.257747
v -0.151872 6.687674 0.114156
v -0.008282 6.687674 0.067922
v 0.133672 6.687674 0.115793
v 0.184043 6.786228 0.265023
v 0.125854 6.786228 0.395511
v -0.004634 6.786228 0.454763
v -0.127838 6.786228 0.388228
v -0.185651 6.786228 0.265023
v -0.135564 6.786228 0.134092
v -0.004634 6.786228 0.085062
v 0.133875 6.786228 0.126514
v -0.101395 6.777735 0.429209
v 0.070826 6.770562 0.439529
v 0.004170 6.161612 0.406891
v -0.082009 6.165201 0.401727
v 0.040230 6.785451 0.448428
v 0.165511 6.788319 0.346860
v 0.112707 6.341828 0.359595
v 0.075914 6.340986 0.389424
v 0.146672 6.782064 0.391115
v 0.179973 6.795226 0.196837
v 0.194214 6.245849 0.207485
v 0.175974 6.238640 0.313898
v 0.177559 6.788669 0.273551
v 0.136647 6.799320 0.150388
v 0.190672 6.441665 0.138033
v 0.209878 6.436665 0.195851
v 0.171521 6.827050 0.192807
v 0.041831 6.839961 0.083734
v 0.074081 6.203599 0.036667
v 0.138534 6.197183 0.090875
v 0.117037 6.790483 0.106073
v -0.092883 6.799795 0.085816
v -0.035892 6.385720 0.029146
v 0.035806 6.382540 0.036064
v -0.036842 6.827163 0.074559
v -0.186502 6.823596 0.197813
v -0.199939 6.477537 0.102107
v -0.118342 6.479482 0.034907
v -0.131072 6.785746 0.127873
v -0.190983 6.777798 0.265172
v -0.237066 6.406523 0.175366
v -0.212395 6.409796 0.118828
v -0.193001 6.817292 0.266406
v -0.120571 6.803530 0.415716
v -0.178324 6.131620 0.335998
v -0.215028 6.138595 0.260335
v -0.137478 6.823086 0.390113
v -0.024721 6.814607 0.447902
v -0.104358 6.135549 0.417253
v -0.147287 6.138777 0.395251
v -0.101395 6.777735 0.429209
v 0.070826 6.770562 0.439529
v 0.004170 6.161612 0.406891
v -0.082009 6.165201 0.401727
v 0.040230 6.785451 0.448428
v 0.165511 6.788319 0.346860
v 0.112707 6.341828 0.359595
v 0.075914 6.340986 0.389424
v 0.146672 6.782064 0.391115
v 0.179973 6.795226 0.196837
v 0.194214 6.245849 0.207485
v 0.175974 6.238640 0.313898
v 0.177559 6.788669 0.273551
v 0.136647 6.799320 0.150388
v 0.190672 6.441665 0.138033
v 0.209878 6.436665 0.195851
v 0.171521 6.827050 0.192807
v 0.041831 6.839961 0.083734
v 0.074081 6.203599 0.036667
v 0.138534 6.197183 0.090875
v 0.117037 6.790483 0.106073
v -0.092883 6.799795 0.085816
v -0.035892 6.385720 0.029146
v 0.035806 6.382540 0.036064
v -0.036842 6.827163 0.074559
v -0.186502 6.823596 0.197813
v -0.199939 6.477537 0.102107
v -0.118342 6.479482 0.034907
v -0.131072 6.785746 0.127873
v -0.190983 6.777798 0.265172
v -0.237066 6.406523 0.175366
v -0.212395 6.409796 0.118828
v -0.193001 6.817292 0.266406
v -0.120571 6.803530 0.415716
v -0.178324 6.131620 0.335998
v -0.215028 6.138595 0.260335
v -0.137478 6.823086 0.390113
v -0.024721 6.814607 0.447902
v -0.104358 6.135549 0.417253
v -0.147287 6.138777 0.395251
v 0.358688 6.130128 -0.088646
v 0.362774 6.245615 -0.233586
v 0.358968 6.145205 -0.292195
v 0.437184 6.183149 -0.135777
v 0.437324 6.190688 -0.237552
v 0.433307 6.078970 -0.143499
v 0.433448 6.086509 -0.245274
v 0.354882 6.029719 -0.147255
v 0.355022 6.037258 -0.249030
v 0.280333 6.084646 -0.143289
v 0.280473 6.092185 -0.245064
v 0.284209 6.188825 -0.135567
v 0.284349 6.196364 -0.237342
v 0.362634 6.238077 -0.131811
v 0.188510 6.233076 -0.030880
v 0.192319 6.340732 -0.165993
v 0.188771 6.247131 -0.220628
v 0.261683 6.282502 -0.074816
v 0.261814 6.289529 -0.169690
v 0.258070 6.185387 -0.082014
v 0.258201 6.192414 -0.176888
v 0.184962 6.139474 -0.085516
v 0.185093 6.146502 -0.180390
v 0.115468 6.190678 -0.081819
v 0.115598 6.197705 -0.176693
v 0.119081 6.287793 -0.074620
v 0.119211 6.294820 -0.169494
v 0.192189 6.333705 -0.071119
v 0.395278 6.213940 0.093664
v 0.400081 6.349690 -0.076707
v 0.395607 6.231663 -0.145600
v 0.487546 6.276263 0.038263
v 0.487711 6.285125 -0.081369
v 0.482990 6.153805 0.029186
v 0.483155 6.162667 -0.090446
v 0.390804 6.095912 0.024771
v 0.390968 6.104774 -0.094861
v 0.303174 6.160478 0.029433
v 0.303339 6.169339 -0.090199
v 0.307730 6.282936 0.038510
v 0.307895 6.291797 -0.081122
v 0.399916 6.340828 0.042925
v 0.346936 6.228023 0.137956
v 0.350806 6.337403 0.000680
v 0.347201 6.242303 -0.054830
v 0.421281 6.278240 0.093317
v 0.421414 6.285380 -0.003076
v 0.417610 6.179570 0.086003
v 0.417743 6.186710 -0.010390
v 0.343331 6.132923 0.082445
v 0.343464 6.140062 -0.013948
v 0.272724 6.184946 0.086202
v 0.272856 6.192086 -0.010191
v 0.276395 6.283616 0.093516
v 0.276528 6.290756 -0.002878
v 0.350674 6.330263 0.097073
v 0.343167 6.133647 -0.010804
v 0.347491 6.255860 -0.164186
v 0.343463 6.149603 -0.226209
v 0.426234 6.189756 -0.060681
v 0.426383 6.197734 -0.168383
v 0.422133 6.079509 -0.068853
v 0.422281 6.087487 -0.176555
v 0.339139 6.027390 -0.072827
v 0.339287 6.035367 -0.180530
v 0.260248 6.085516 -0.068630
v 0.260396 6.093494 -0.176333
v 0.264350 6.195763 -0.060458
v 0.264498 6.203741 -0.168161
v 0.347343 6.247883 -0.056484
v -0.141460 6.348201 0.020284
v -0.137422 6.462331 -0.122953
v -0.141183 6.363101 -0.180874
v -0.063886 6.400599 -0.026294
v -0.063748 6.408049 -0.126873
v -0.067717 6.297644 -0.033925
v -0.067579 6.305094 -0.134504
v -0.145221 6.248971 -0.037637
v -0.145083 6.256421 -0.138216
v -0.218895 6.303253 -0.033718
v -0.218756 6.310703 -0.134297
v -0.215064 6.406208 -0.026086
v -0.214926 6.413658 -0.126665
v -0.137560 6.454881 -0.022374
v -0.112512 6.324536 0.012113
v -0.108543 6.436691 -0.128645
v -0.112240 6.339179 -0.185563
v -0.036281 6.376027 -0.033659
v -0.036145 6.383348 -0.132496
v -0.040046 6.274855 -0.041158
v -0.039910 6.282176 -0.139996
v -0.116208 6.227024 -0.044806
v -0.116072 6.234345 -0.143643
v -0.188606 6.280367 -0.040954
v -0.188470 6.287688 -0.139792
v -0.184842 6.381539 -0.033455
v -0.184706 6.388861 -0.132292
v -0.108679 6.429370 -0.029807
v -0.053995 6.358235 0.194057
v -0.049969 6.472031 0.051239
v -0.053720 6.373092 -0.006512
v 0.023351 6.410480 0.147616
v 0.023489 6.417908 0.047331
v 0.019531 6.307826 0.140006
v 0.019669 6.315255 0.039722
v -0.057746 6.259296 0.136305
v -0.057608 6.266724 0.036021
v -0.131204 6.313419 0.140213
v -0.131066 6.320848 0.039929
v -0.127384 6.416072 0.147822
v -0.127246 6.423501 0.047538
v -0.050107 6.464602 0.151524
v -0.372972 6.327650 0.398310
v -0.368643 6.449991 0.244768
v -0.372675 6.343622 0.182681
v -0.289818 6.383817 0.348382
v -0.289670 6.391803 0.240567
v -0.293924 6.273456 0.340201
v -0.293776 6.281442 0.232387
v -0.377004 6.221282 0.336222
v -0.376856 6.229268 0.228408
v -0.455978 6.279469 0.340424
v -0.455829 6.287455 0.232609
v -0.451871 6.389830 0.348604
v -0.451723 6.397817 0.240790
v -0.368791 6.442005 0.352583
v -0.228479 6.273636 0.439172
v -0.224221 6.393996 0.288116
v -0.228188 6.289350 0.227034
v -0.146672 6.328894 0.390052
v -0.146526 6.336751 0.283983
v -0.150711 6.220319 0.382004
v -0.150566 6.228177 0.275935
v -0.232446 6.168990 0.378089
v -0.232300 6.176847 0.272020
v -0.310141 6.226235 0.382223
v -0.309995 6.234092 0.276154
v -0.306101 6.334810 0.390271
v -0.305955 6.342667 0.284202
v -0.224367 6.386139 0.394185
v -0.444666 6.302532 0.436081
v -0.441097 6.403404 0.309485
v -0.444421 6.315701 0.258293
v -0.376105 6.348843 0.394915
v -0.375982 6.355427 0.306021
v -0.379490 6.257849 0.388170
v -0.379368 6.264433 0.299276
v -0.447990 6.214830 0.384890
v -0.447868 6.221415 0.295995
v -0.513105 6.262806 0.388354
v -0.512983 6.269391 0.299459
v -0.509719 6.353800 0.395099
v -0.509597 6.360385 0.306204
v -0.441219 6.396819 0.398379
v -0.260107 6.316670 0.446344
v -0.256173 6.427857 0.306801
v -0.259838 6.331187 0.250374
v -0.184534 6.367717 0.400968
v -0.184399 6.374975 0.302983
v -0.188266 6.267417 0.393533
v -0.188131 6.274675 0.295548
v -0.263772 6.219999 0.389917
v -0.263637 6.227257 0.291932
v -0.335545 6.272882 0.393735
v -0.335411 6.280140 0.295750
v -0.331813 6.373182 0.401170
v -0.331679 6.380440 0.303185
v -0.256308 6.420599 0.404786
vn 0.8952 0.4457 0.0014
vn 0.6186 0.4558 0.6399
vn 0.8718 0.4899 -0.0035
vn 0.0301 0.4072 0.9128
vn 0.0276 0.4537 0.8907
vn -0.6572 0.4194 0.6263
vn -0.6393 0.4661 0.6117
vn -0.8942 0.4477 -0.0025
vn -0.6522 0.4366 -0.6198
vn -0.6299 0.4813 -0.6095
vn 0.0274 0.4842 -0.8745
vn 0.0300 0.4402 -0.8974
vn 0.6096 0.4725 -0.6366
vn 0.9415 0.3370 0.0015
vn 0.6296 0.4099 0.6600
vn 0.6580 0.3033 0.6893
vn -0.6890 0.3071 0.6565
vn -0.9160 0.4011 0.0009
vn -0.6841 0.3275 -0.6517
vn 0.0311 0.3346 -0.9418
vn 0.6241 0.4280 -0.6537
vn 0.9720 0.2351 0.0019
vn 0.6763 0.2054 0.7074
vn 0.0315 0.2973 0.9543
vn -0.7090 0.2025 0.6755
vn -0.9556 0.2945 0.0013
vn -0.7047 0.2255 -0.6727
vn 0.0318 0.2364 -0.9711
vn 0.6529 0.3248 -0.6842
vn 0.9922 0.1245 0.0014
vn 0.6886 0.0975 0.7186
vn 0.0321 0.1958 0.9801
vn -0.7229 0.0889 0.6852
vn -0.9955 0.0950 0.0014
vn -0.9805 0.1966 0.0016
vn -0.7173 0.1207 -0.6862
vn 0.0312 0.1331 -0.9906
vn 0.6718 0.2294 -0.7044
vn 0.9986 0.0523 0.0008
vn 0.6913 0.0284 0.7220
vn 0.0333 0.0836 0.9959
vn 0.0226 0.0174 0.9996
vn -0.9995 0.0315 -0.0010
vn -0.7231 0.0561 -0.6885
vn 0.0187 0.0733 -0.9971
vn 0.6794 0.0685 -0.7306
vn 0.6843 0.1280 -0.7179
vn 0.8710 0.2203 0.4391
vn 0.4090 0.2432 0.8795
vn -0.3705 0.2211 0.9021
vn -0.9413 0.1613 0.2966
vn -0.9485 0.0518 -0.3124
vn -0.3427 0.0932 -0.9348
vn 0.3806 0.1612 -0.9106
vn 0.8621 0.2377 -0.4476
vn 0.9995 -0.0304 0.0059
vn 0.6963 -0.0538 0.7158
vn 0.9997 -0.0159 0.0176
vn 0.6977 -0.0614 0.7137
vn 0.0516 -0.0824 0.9953
vn 0.0308 -0.0769 0.9966
vn -0.7163 -0.0685 0.6944
vn -0.9991 -0.0410 0.0046
vn -0.9994 -0.0277 0.0201
vn -0.7197 -0.0017 -0.6943
vn -0.7179 0.0064 -0.6961
vn 0.0248 0.0269 -0.9993
vn 0.0424 0.0214 -0.9989
vn 0.6876 0.0116 -0.7260
vn 0.7056 0.0119 -0.7086
vn 0.8844 0.1549 0.4404
vn 0.4282 0.2033 0.8805
vn -0.3730 0.2209 0.9012
vn -0.9336 0.1951 0.3007
vn -0.9457 0.0714 -0.3170
vn -0.3269 0.0699 -0.9425
vn 0.3808 0.1044 -0.9187
vn 0.8765 0.1751 -0.4483
vn 0.9997 -0.0224 0.0136
vn 0.6913 -0.0513 0.7207
vn 0.9997 -0.0061 0.0246
vn 0.7000 -0.0661 0.7111
vn 0.0397 -0.0939 0.9948
vn 0.0334 -0.0974 0.9947
vn -0.7190 -0.0934 0.6887
vn -0.9976 -0.0689 0.0090
vn -0.9983 -0.0537 0.0245
vn -0.7163 -0.0240 -0.6974
vn -0.7214 -0.0081 -0.6925
vn 0.0274 0.0195 -0.9994
vn 0.0302 0.0227 -0.9993
vn 0.6885 0.0178 -0.7250
vn 0.6981 0.0213 -0.7157
vn 0.8914 0.0995 0.4422
vn 0.4443 0.1522 0.8829
vn -0.3753 0.1983 0.9055
vn -0.9272 0.2105 0.3099
vn -0.9417 0.1126 -0.3172
vn -0.3136 0.0823 -0.9460
vn 0.3814 0.0774 -0.9212
vn 0.8927 0.0753 -0.4444
vn 0.9997 -0.0096 0.0222
vn 0.6899 -0.0416 0.7227
vn 0.9997 0.0032 0.0252
vn 0.7008 -0.0595 0.7109
vn 0.0277 -0.0920 0.9954
vn 0.0337 -0.1037 0.9940
vn -0.7232 -0.1070 0.6823
vn -0.9959 -0.0894 0.0143
vn -0.9968 -0.0772 0.0226
vn -0.7136 -0.0471 -0.6990
vn -0.7211 -0.0275 -0.6923
vn 0.0288 0.0057 -0.9996
vn 0.0197 0.0168 -0.9997
vn 0.6886 0.0201 -0.7249
vn 0.6879 0.0250 -0.7253
vn 0.8933 0.0613 0.4453
vn 0.4555 0.0994 0.8847
vn -0.3753 0.2044 0.9041
vn -0.9262 0.1934 0.3237
vn -0.9365 0.1572 -0.3135
vn -0.3040 0.1157 -0.9456
vn 0.3789 0.1242 -0.9170
vn 0.8988 0.0733 -0.4321
vn 0.9995 0.0004 0.0303
vn 0.6919 -0.0313 0.7213
vn 0.9997 0.0063 0.0216
vn 0.7004 -0.0481 0.7121
vn 0.0181 -0.0823 0.9964
vn 0.0316 -0.0993 0.9946
vn -0.7279 -0.1104 0.6768
vn -0.9947 -0.1009 0.0201
vn -0.9953 -0.0950 0.0169
vn -0.7116 -0.0673 -0.6993
vn -0.7171 -0.0488 -0.6953
vn 0.0288 -0.0126 -0.9995
vn 0.0126 0.0036 -0.9999
vn 0.6881 0.0154 -0.7255
vn 0.6776 0.0199 -0.7352
vn 0.8922 0.0445 0.4495
vn 0.4610 0.0550 0.8857
vn -0.3795 0.1779 0.9079
vn -0.9200 0.2010 0.3364
vn -0.9316 0.1938 -0.3077
vn -0.2945 0.2207 -0.9298
vn 0.3743 0.1644 -0.9126
vn 0.9036 0.0927 -0.4183
vn 0.9993 0.0035 0.0370
vn 0.6968 -0.0250 0.7169
vn 0.9999 0.0009 0.0157
vn 0.6996 -0.0371 0.7136
vn 0.0122 -0.0696 0.9975
vn 0.0276 -0.0879 0.9957
vn -0.7322 -0.1052 0.6730
vn -0.9944 -0.1026 0.0259
vn -0.9945 -0.1046 0.0097
vn -0.7104 -0.0812 -0.6991
vn -0.7102 -0.0676 -0.7008
vn 0.0273 -0.0317 -0.9991
vn 0.0095 -0.0141 -0.9999
vn 0.6873 0.0038 -0.7264
vn 0.6688 0.0063 -0.7434
vn 0.8897 0.0484 0.4541
vn 0.4618 0.0262 0.8866
vn -0.3865 0.1390 0.9118
vn -0.9173 0.1907 0.3495
vn -0.9286 0.2160 -0.3017
vn -0.2927 0.2431 -0.9248
vn 0.3666 0.2030 -0.9079
vn 0.9058 0.1256 -0.4046
vn 0.9991 -0.0021 0.0414
vn 0.7034 -0.0253 0.7103
vn 0.9999 -0.0127 0.0092
vn 0.6988 -0.0303 0.7147
vn 0.0101 -0.0582 0.9983
vn 0.0224 -0.0739 0.9970
vn -0.7354 -0.0939 0.6711
vn -0.9950 -0.0953 0.0310
vn -0.9945 -0.1051 0.0034
vn -0.7100 -0.0864 -0.6989
vn -0.7017 -0.0804 -0.7079
vn 0.0246 -0.0480 -0.9985
vn 0.0102 -0.0329 -0.9994
vn 0.6864 -0.0130 -0.7271
vn 0.6630 -0.0134 -0.7485
vn 0.8865 0.0687 0.4577
vn 0.4592 0.0159 0.8882
vn -0.3958 0.0952 0.9134
vn -0.9175 0.1657 0.3616
vn -0.9287 0.2217 -0.2973
vn -0.2948 0.2491 -0.9225
vn 0.3566 0.2327 -0.9048
vn 0.9053 0.1631 -0.3923
vn 0.9989 -0.0160 0.0435
vn 0.7108 -0.0334 0.7026
vn 0.9995 -0.0326 0.0036
vn 0.6986 -0.0305 0.7148
vn 0.0179 -0.0594 0.9981
vn -0.7194 -0.0684 0.6913
vn -0.7410 -0.0869 0.6658
vn -0.9961 -0.0812 0.0353
vn -0.9953 -0.0968 -0.0006
vn -0.7102 -0.0824 -0.6992
vn -0.6935 -0.0850 -0.7155
vn 0.0210 -0.0585 -0.9981
vn 0.0138 -0.0489 -0.9987
vn 0.6856 -0.0319 -0.7273
vn 0.6606 -0.0356 -0.7499
vn 0.8829 0.0990 0.4589
vn 0.4548 0.0233 0.8903
vn -0.4065 0.0544 0.9120
vn -0.9192 0.1314 0.3713
vn -0.9316 0.2116 -0.2956
vn -0.2991 0.2472 -0.9216
vn 0.3455 0.2492 -0.9047
vn 0.9027 0.1971 -0.3825
vn 0.9984 -0.0362 0.0436
vn 0.7177 -0.0486 0.6946
vn 0.9985 -0.0556 -0.0000
vn 0.6995 -0.0384 0.7136
vn 0.0184 -0.0568 0.9982
vn -0.7200 -0.0546 0.6918
vn -0.7396 -0.0698 0.6695
vn -0.9973 -0.0632 0.0385
vn -0.9966 -0.0818 -0.0015
vn -0.7105 -0.0701 -0.7001
vn -0.6868 -0.0806 -0.7224
vn 0.0135 -0.0574 -0.9983
vn 0.0149 -0.0639 -0.9978
vn 0.6647 -0.0611 -0.7446
vn 0.6879 -0.0458 -0.7244
vn 0.8796 0.1320 0.4571
vn 0.4497 0.0447 0.8920
vn -0.4180 0.0232 0.9082
vn -0.9210 0.0941 0.3779
vn -0.9359 0.1891 -0.2971
vn -0.3035 0.2496 -0.9196
vn 0.3360 0.2332 -0.9125
vn 0.8997 0.2218 -0.3759
vn 0.9973 -0.0595 0.0422
vn 0.7233 -0.0691 0.6871
vn 0.9969 -0.0782 -0.0010
vn 0.7011 -0.0536 0.7110
vn 0.0190 -0.0610 0.9980
vn -0.7207 -0.0460 0.6917
vn -0.7362 -0.0551 0.6745
vn -0.9982 -0.0446 0.0405
vn -0.9980 -0.0628 0.0007
vn -0.7106 -0.0516 -0.7017
vn -0.6825 -0.0680 -0.7278
vn 0.0127 -0.0565 -0.9983
vn 0.0236 -0.0630 -0.9977
vn 0.6667 -0.0730 -0.7417
vn 0.6857 -0.0639 -0.7251
vn 0.8773 0.1613 0.4521
vn 0.4449 0.0746 0.8925
vn -0.4294 0.0060 0.9031
vn -0.9224 0.0605 0.3815
vn -0.9401 0.1588 -0.3018
vn -0.3083 0.2381 -0.9210
vn 0.3236 0.2467 -0.9134
vn 0.8982 0.2335 -0.3725
vn 0.9958 -0.0827 0.0399
vn 0.7267 -0.0920 0.6808
vn 0.9952 -0.0974 0.0011
vn 0.7034 -0.0742 0.7070
vn 0.0191 -0.0720 0.9972
vn -0.7213 -0.0443 0.6912
vn -0.7317 -0.0458 0.6801
vn -0.9987 -0.0288 0.0414
vn -0.9991 -0.0432 0.0054
vn -0.7100 -0.0301 -0.7036
vn -0.6807 -0.0491 -0.7309
vn 0.0125 -0.0489 -0.9987
vn 0.0309 -0.0542 -0.9981
vn 0.6709 -0.0777 -0.7375
vn 0.6842 -0.0764 -0.7252
vn 0.8770 0.1817 0.4448
vn 0.4410 0.1067 0.8911
vn -0.4398 0.0045 0.8981
vn -0.9231 0.0360 0.3829
vn -0.9426 0.1262 -0.3092
vn -0.3126 0.2155 -0.9251
vn 0.3131 0.2466 -0.9171
vn 0.8991 0.2309 -0.3719
vn 0.9940 -0.1025 0.0375
vn 0.7278 -0.1143 0.6762
vn 0.9938 -0.1107 0.0058
vn 0.7057 -0.0973 0.7018
vn 0.0184 -0.0885 0.9959
vn -0.7215 -0.0497 0.6906
vn -0.7269 -0.0433 0.6853
vn -0.9990 -0.0180 0.0413
vn -0.9996 -0.0262 0.0117
vn -0.7084 -0.0087 -0.7058
vn -0.6811 -0.0270 -0.7317
vn 0.0125 -0.0360 -0.9993
vn 0.0352 -0.0389 -0.9986
vn 0.6765 -0.0748 -0.7326
vn 0.6840 -0.0817 -0.7249
vn 0.8796 0.1900 0.4361
vn 0.4388 0.1348 0.8884
vn -0.4485 0.0177 0.8936
vn -0.9234 0.0242 0.3831
vn -0.9428 0.0973 -0.3187
vn -0.3153 0.1860 -0.9306
vn 0.3053 0.2337 -0.9231
vn 0.9025 0.2147 -0.3733
vn 0.9925 -0.1167 0.0355
vn 0.7267 -0.1334 0.6738
vn 0.9931 -0.1170 0.0124
vn 0.7079 -0.1201 0.6960
vn 0.0164 -0.1083 0.9940
vn -0.7211 -0.0614 0.6901
vn -0.7227 -0.0482 0.6895
vn -0.9991 -0.0139 0.0406
vn -0.9997 -0.0144 0.0186
vn -0.7059 0.0095 -0.7082
vn -0.6830 -0.0049 -0.7304
vn 0.0124 -0.0196 -0.9997
vn 0.0354 -0.0196 -0.9992
vn 0.6824 -0.0653 -0.7281
vn 0.6852 -0.0793 -0.7240
vn 0.8851 0.1852 0.4270
vn 0.4386 0.1544 0.8853
vn -0.4544 0.0424 0.8898
vn -0.9232 0.0266 0.3834
vn -0.9410 0.0770 -0.3296
vn -0.3159 0.1546 -0.9361
vn 0.3003 0.2107 -0.9303
vn 0.9079 0.1871 -0.3751
vn 0.9917 -0.1239 0.0344
vn 0.7241 -0.1472 0.6739
vn 0.9930 -0.1163 0.0197
vn 0.7098 -0.1399 0.6903
vn 0.0131 -0.1287 0.9916
vn -0.7199 -0.0774 0.6898
vn -0.7194 -0.0594 0.6920
vn -0.9991 -0.0167 0.0395
vn -0.9996 -0.0093 0.0250
vn -0.7029 0.0221 -0.7110
vn -0.6859 0.0141 -0.7275
vn 0.0120 -0.0021 -0.9999
vn 0.0314 0.0008 -0.9995
vn 0.6874 -0.0510 -0.7245
vn 0.6880 -0.0702 -0.7223
vn 0.8929 0.1674 0.4179
vn 0.4428 0.1269 0.8876
vn -0.4572 0.0738 0.8863
vn -0.9221 0.0424 0.3845
vn -0.9376 0.0688 -0.3409
vn -0.3144 0.1265 -0.9408
vn 0.3010 0.1192 -0.9462
vn 0.9140 0.1519 -0.3762
vn 0.9917 -0.1240 0.0343
vn 0.7205 -0.1546 0.6760
vn 0.9936 -0.1095 0.0266
vn 0.7116 -0.1545 0.6854
vn 0.0084 -0.1472 0.9891
vn -0.7176 -0.0953 0.6899
vn -0.7175 -0.0752 0.6925
vn -0.9989 -0.0256 0.0386
vn -0.9995 -0.0113 0.0301
vn -0.6965 0.0228 -0.7172
vn -0.6859 0.0331 -0.7269
vn 0.0190 0.0247 -0.9995
vn 0.0066 0.0091 -0.9999
vn 0.6907 -0.0345 -0.7223
vn 0.6919 -0.0559 -0.7198
vn 0.9017 0.1390 0.4094
vn 0.4450 0.1451 0.8837
vn -0.4569 0.1064 0.8831
vn -0.9195 0.0686 0.3870
vn -0.9332 0.0741 -0.3517
vn -0.3117 0.0935 -0.9456
vn 0.3005 0.0963 -0.9489
vn 0.9198 0.1141 -0.3754
vn 0.9924 -0.1178 0.0355
vn 0.7168 -0.1556 0.6797
vn 0.9946 -0.0984 0.0320
vn 0.7132 -0.1629 0.6817
vn 0.0026 -0.1617 0.9868
vn -0.7145 -0.1124 0.6905
vn -0.7170 -0.0930 0.6908
vn -0.9985 -0.0389 0.0380
vn -0.9993 -0.0195 0.0330
vn -0.6959 0.0256 -0.7177
vn -0.6919 0.0355 -0.7211
vn 0.0118 0.0352 -0.9993
vn 0.0085 0.0255 -0.9996
vn 0.6919 -0.0182 -0.7217
vn 0.6967 -0.0389 -0.7163
vn 0.9100 0.1033 0.4016
vn 0.4480 0.1520 0.8810
vn -0.4542 0.1350 0.8806
vn -0.9149 0.1011 0.3909
vn -0.9280 0.0922 -0.3610
vn -0.3072 0.1099 -0.9453
vn 0.3021 0.0845 -0.9495
vn 0.9249 0.0788 -0.3720
vn 0.9935 -0.1070 0.0378
vn 0.7136 -0.1511 0.6840
vn 0.9957 -0.0854 0.0349
vn 0.7147 -0.1647 0.6797
vn -0.0039 -0.1710 0.9853
vn -0.7110 -0.1263 0.6918
vn -0.7180 -0.1103 0.6873
vn -0.9978 -0.0543 0.0379
vn -0.9989 -0.0324 0.0334
vn -0.6957 0.0225 -0.7180
vn -0.6973 0.0308 -0.7161
vn 0.0030 0.0397 -0.9992
vn 0.0099 0.0372 -0.9993
vn 0.6912 -0.0049 -0.7227
vn 0.7017 -0.0221 -0.7121
vn 0.9165 0.0648 0.3947
vn 0.4512 0.1465 0.8803
vn -0.4501 0.1555 0.8794
vn -0.9083 0.1347 0.3961
vn -0.9220 0.1205 -0.3679
vn -0.3029 0.1365 -0.9432
vn 0.3053 0.0853 -0.9484
vn 0.9292 0.0508 -0.3660
vn 0.9947 -0.0939 0.0409
vn 0.7116 -0.1425 0.6880
vn 0.9967 -0.0728 0.0351
vn 0.7160 -0.1608 0.6793
vn -0.0106 -0.1744 0.9846
vn -0.7072 -0.1354 0.6939
vn -0.7201 -0.1247 0.6826
vn -0.9969 -0.0691 0.0386
vn -0.9984 -0.0475 0.0310
vn -0.6917 0.0080 -0.7221
vn -0.6970 0.0275 -0.7165
vn 0.0046 0.0367 -0.9993
vn -0.0124 0.0448 -0.9989
vn 0.6887 0.0035 -0.7251
vn 0.7067 -0.0080 -0.7075
vn 0.9208 0.0285 0.3890
vn 0.4539 0.1291 0.8816
vn -0.4456 0.1652 0.8799
vn -0.9004 0.1648 0.4025
vn -0.9151 0.1551 -0.3722
vn -0.2995 0.1692 -0.9390
vn 0.3093 0.0983 -0.9459
vn 0.9332 0.0334 -0.3579
vn 0.9957 -0.0810 0.0445
vn 0.7109 -0.1318 0.6908
vn 0.9975 -0.0630 0.0326
vn 0.7168 -0.1524 0.6804
vn -0.0171 -0.1722 0.9849
vn -0.7037 -0.1386 0.6969
vn -0.7230 -0.1345 0.6776
vn -0.9959 -0.0811 0.0400
vn -0.9977 -0.0624 0.0261
vn -0.6901 -0.0054 -0.7237
vn -0.6973 0.0165 -0.7166
vn 0.0017 0.0336 -0.9994
vn -0.0244 0.0404 -0.9989
vn 0.6850 0.0059 -0.7285
vn 0.7113 0.0013 -0.7029
vn 0.9230 -0.0014 0.3849
vn 0.4553 0.1017 0.8845
vn -0.4417 0.1630 0.8822
vn -0.8926 0.1876 0.4100
vn -0.9076 0.1913 -0.3737
vn -0.2976 0.2039 -0.9327
vn 0.3131 0.1214 -0.9419
vn 0.9369 0.0281 -0.3484
vn 0.9963 -0.0706 0.0480
vn 0.7118 -0.1214 0.6919
vn 0.9979 -0.0579 0.0277
vn 0.7171 -0.1417 0.6824
vn -0.0228 -0.1654 0.9860
vn -0.7005 -0.1359 0.7006
vn -0.7264 -0.1386 0.6732
vn -0.9952 -0.0882 0.0419
vn -0.9970 -0.0746 0.0190
vn -0.6892 -0.0182 -0.7244
vn -0.6957 0.0033 -0.7183
vn -0.0012 0.0262 -0.9997
vn -0.0343 0.0308 -0.9989
vn 0.6807 0.0018 -0.7325
vn 0.7153 0.0044 -0.6988
vn 0.9237 -0.0217 0.3824
vn 0.4544 0.0672 0.8883
vn -0.4391 0.1493 0.8860
vn -0.8859 0.2005 0.4183
vn -0.9002 0.2244 -0.3731
vn -0.2978 0.2364 -0.9249
vn 0.3159 0.1512 -0.9367
vn 0.9404 0.0349 -0.3383
vn -0.0000 -1.0000 -0.0000
vn -0.0000 1.0000 -0.0000
vn -0.7354 0.0210 0.6773
vn 0.8496 0.2631 0.4572
vn 0.4193 0.2275 0.8789
vn -0.3424 0.1610 0.9257
vn -0.9358 0.0820 0.3429
vn -0.9531 0.0977 -0.2866
vn -0.3341 0.0759 -0.9395
vn 0.4154 0.1016 -0.9039
vn 0.8961 0.1601 -0.4140
vn -0.7320 -0.0685 0.6778
vn 0.8534 0.2232 0.4710
vn 0.4110 0.2296 0.8822
vn -0.3616 0.1969 0.9113
vn -0.9304 0.1241 0.3449
vn -0.9509 0.1421 -0.2749
vn -0.3412 0.0978 -0.9349
vn 0.3949 0.0802 -0.9152
vn 0.9043 0.1022 -0.4145
vn -0.7265 -0.0970 0.6802
vn 0.8622 0.1718 0.4766
vn 0.4085 0.2086 0.8886
vn -0.3825 0.2132 0.8990
vn -0.9260 0.1650 0.3395
vn -0.9445 0.1846 -0.2718
vn -0.3441 0.1408 -0.9283
vn 0.3725 0.0925 -0.9234
vn 0.9006 0.1233 -0.4169
vn -0.7208 -0.1123 0.6840
vn 0.8724 0.1189 0.4741
vn 0.4124 0.1697 0.8951
vn -0.4061 0.1561 0.9004
vn -0.9212 0.2057 0.3302
vn -0.9371 0.2127 -0.2767
vn -0.3412 0.1866 -0.9213
vn 0.3533 0.0762 -0.9324
vn 0.9013 0.0865 -0.4245
vn -0.7163 -0.1154 0.6882
vn 0.8820 0.0747 0.4653
vn 0.4214 0.1219 0.8986
vn -0.4229 0.1078 0.8997
vn -0.9282 0.1805 0.3253
vn -0.9314 0.2223 -0.2881
vn -0.3374 0.1552 -0.9285
vn 0.3376 0.0963 -0.9364
vn 0.8996 0.0713 -0.4309
vn -0.7138 -0.1081 0.6920
vn 0.8904 0.0462 0.4529
vn 0.4336 0.0751 0.8980
vn -0.4328 0.0620 0.8994
vn -0.9352 0.1439 0.3236
vn -0.9286 0.2137 -0.3033
vn -0.3246 0.1963 -0.9253
vn 0.3269 0.1300 -0.9361
vn 0.8976 0.0769 -0.4341
vn -0.7133 -0.0937 0.6945
vn 0.8973 0.0362 0.4399
vn 0.4468 0.0376 0.8938
vn -0.4361 0.0263 0.8995
vn -0.9396 0.1033 0.3263
vn -0.9283 0.1904 -0.3193
vn -0.3091 0.2287 -0.9231
vn 0.3216 0.1687 -0.9317
vn 0.8960 0.0991 -0.4328
vn 0.0229 -0.0537 0.9983
vn 0.9026 0.0435 0.4283
vn 0.4597 0.0148 0.8880
vn -0.4345 0.0057 0.9007
vn -0.9404 0.0660 0.3336
vn -0.9296 0.1576 -0.3332
vn -0.2945 0.2389 -0.9253
vn 0.3210 0.2047 -0.9247
vn 0.8952 0.1314 -0.4259
vn 0.0152 -0.0498 0.9986
vn 0.9054 0.0644 0.4197
vn 0.4707 0.0085 0.8823
vn -0.4299 0.0022 0.9029
vn -0.9378 0.0383 0.3451
vn -0.9314 0.1218 -0.3429
vn -0.2839 0.2150 -0.9344
vn 0.3223 0.2521 -0.9124
vn 0.8950 0.1666 -0.4138
vn 0.0077 -0.0540 0.9985
vn 0.9052 0.0934 0.4146
vn 0.4786 0.0176 0.8779
vn -0.4242 0.0150 0.9054
vn -0.9327 0.0240 0.3598
vn -0.9333 0.0896 -0.3478
vn -0.2771 0.1833 -0.9432
vn 0.3297 0.2384 -0.9135
vn 0.8959 0.1980 -0.3977
vn 0.0016 -0.0664 0.9978
vn 0.9022 0.1242 0.4130
vn 0.4823 0.0389 0.8752
vn -0.4189 0.0406 0.9071
vn -0.9262 0.0249 0.3763
vn -0.9351 0.0665 -0.3482
vn -0.2747 0.1497 -0.9498
vn 0.3372 0.2133 -0.9169
vn 0.8985 0.2203 -0.3796
vn -0.0025 -0.0853 0.9963
vn 0.8973 0.1513 0.4147
vn 0.4810 0.0674 0.8741
vn -0.4150 0.0740 0.9068
vn -0.9188 0.0403 0.3928
vn -0.9369 0.0564 -0.3451
vn -0.2768 0.1199 -0.9534
vn 0.3426 0.1813 -0.9218
vn 0.9033 0.2303 -0.3620
vn -0.0041 -0.1082 0.9941
vn 0.8922 0.1699 0.4185
vn 0.4750 0.0978 0.8745
vn -0.4135 0.1090 0.9040
vn -0.9107 0.0671 0.4075
vn -0.9384 0.0607 -0.3401
vn -0.2830 0.0986 -0.9540
vn 0.3443 0.1474 -0.9272
vn 0.9101 0.2266 -0.3469
vn -0.0035 -0.1318 0.9913
vn 0.8885 0.1771 0.4234
vn 0.4623 0.1642 0.8714
vn -0.4152 0.1398 0.8989
vn -0.9024 0.1007 0.4191
vn -0.9391 0.0788 -0.3345
vn -0.2923 0.0893 -0.9522
vn 0.3383 0.1830 -0.9231
vn 0.9184 0.2097 -0.3356
vn -0.0011 -0.1532 0.9882
vn 0.8874 0.1716 0.4279
vn 0.4518 0.1580 0.8780
vn -0.4204 0.1618 0.8928
vn -0.8942 0.1358 0.4265
vn -0.9380 0.1079 -0.3295
vn -0.3031 0.1066 -0.9470
vn 0.3330 0.1507 -0.9308
vn 0.9268 0.1821 -0.3286
vn 0.0024 -0.1699 0.9855
vn 0.8893 0.1538 0.4307
vn 0.4411 0.1391 0.8866
vn -0.4291 0.1721 0.8867
vn -0.8874 0.1673 0.4296
vn -0.9343 0.1438 -0.3263
vn -0.3156 0.0973 -0.9439
vn 0.3246 0.1214 -0.9380
vn 0.9339 0.1473 -0.3258
vn 0.0065 -0.1801 0.9836
vn 0.8938 0.1255 0.4305
vn 0.4311 0.1100 0.8956
vn -0.4402 0.1698 0.8817
vn -0.8829 0.1910 0.4290
vn -0.9279 0.1814 -0.3257
vn -0.3272 0.1008 -0.9396
vn 0.3143 0.0998 -0.9441
vn 0.9388 0.1102 -0.3265
vn 0.0104 -0.1832 0.9830
vn 0.8999 0.0904 0.4266
vn 0.4229 0.0739 0.9032
vn -0.4523 0.1556 0.8782
vn -0.8814 0.2044 0.4258
vn -0.9195 0.2158 -0.3284
vn -0.3366 0.1162 -0.9344
vn 0.3034 0.0889 -0.9487
vn 0.9410 0.0759 -0.3298
vn 0.0134 -0.1796 0.9836
vn 0.9066 0.0526 0.4186
vn 0.4169 0.0353 0.9083
vn -0.4637 0.1314 0.8762
vn -0.8832 0.2065 0.4212
vn -0.9104 0.2431 -0.3349
vn -0.3429 0.1415 -0.9286
vn 0.2933 0.0901 -0.9517
vn 0.9410 0.0487 -0.3348
vn 0.0152 -0.1704 0.9853
vn 0.9132 0.0168 0.4072
vn 0.4135 -0.0016 0.9105
vn -0.4728 0.1003 0.8755
vn -0.8875 0.1974 0.4164
vn -0.9016 0.2609 -0.3449
vn -0.3454 0.1732 -0.9223
vn 0.2852 0.1031 -0.9529
vn 0.9397 0.0318 -0.3404
vn 0.0617 0.0467 -0.9970
vn -0.6296 0.0524 -0.7751
vn -0.9849 -0.0288 -0.1708
vn -0.9418 -0.1526 0.2996
vn -0.6463 -0.0888 0.7579
vn -0.1015 -0.1486 0.9837
vn 0.6218 -0.2311 0.7483
vn 0.9015 -0.2042 0.3816
vn 0.8985 -0.0252 -0.4382
vn 0.4553 -0.0132 -0.8903
vn -0.0617 -0.0467 0.9970
vn 0.6296 -0.0524 0.7751
vn 0.9849 0.0288 0.1708
vn 0.9418 0.1526 -0.2996
vn 0.6463 0.0888 -0.7579
vn 0.1015 0.1486 -0.9837
vn -0.6218 0.2311 -0.7483
vn -0.9015 0.2042 -0.3816
vn -0.8985 0.0252 0.4382
vn -0.4553 0.0132 0.8903
vn 0.3035 0.4717 -0.8279
vn 0.5942 0.8021 0.0602
vn 0.3012 0.3445 0.8892
vn 0.5555 0.0409 -0.8305
vn 0.9993 -0.0371 -0.0014
vn 0.5532 -0.0820 0.8290
vn 0.2724 -0.3658 -0.8899
vn 0.5329 -0.8439 -0.0618
vn 0.2700 -0.4930 0.8271
vn -0.3012 -0.3445 -0.8892
vn -0.5942 -0.8021 -0.0602
vn -0.3035 -0.4717 0.8279
vn -0.5532 0.0820 -0.8290
vn -0.9993 0.0371 0.0014
vn -0.5555 -0.0409 0.8305
vn -0.2700 0.4930 -0.8271
vn -0.5329 0.8439 0.0618
vn -0.2724 0.3658 0.8899
vt 0.499338 0.075636
vt 0.250000 0.000000
vt 0.500000 0.000000
vt 2.250000 0.000000
vt 1.999630 0.075636
vt 2.000000 0.000000
vt 1.750217 0.075636
vt 1.750000 0.000000
vt 1.500000 0.000000
vt 1.250728 0.075636
vt 1.250000 0.000000
vt 1.000000 0.000000
vt 1.000372 0.075636
vt 0.750000 0.000000
vt 0.498218 0.189091
vt 0.249232 0.075636
vt 2.247926 0.189091
vt 2.249232 0.075636
vt 1.750568 0.189091
vt 1.500713 0.075636
vt 1.251970 0.189091
vt 1.001021 0.189091
vt 0.749770 0.075636
vt 0.496659 0.330909
vt 0.247926 0.189091
vt 2.246099 0.330909
vt 1.998993 0.189091
vt 1.751031 0.330909
vt 1.501910 0.189091
vt 1.253714 0.330909
vt 1.001959 0.330909
vt 0.749393 0.189091
vt 0.494978 0.472727
vt 0.246099 0.330909
vt 2.244121 0.472727
vt 1.998089 0.330909
vt 1.751500 0.472727
vt 1.505318 0.472727
vt 1.503561 0.330909
vt 1.255610 0.472727
vt 1.003009 0.472727
vt 0.748888 0.330909
vt 0.481704 1.490017
vt 0.244121 0.472727
vt 2.228705 1.490017
vt 1.997100 0.472727
vt 1.989204 1.490017
vt 1.518725 1.490017
vt 1.271370 1.490017
vt 1.012660 1.490017
vt 0.744652 1.490017
vt 0.748365 0.472727
vt 0.476289 1.705745
vt 0.228706 1.490017
vt 2.222067 1.705745
vt 1.985990 1.705745
vt 1.754456 1.490017
vt 1.755409 1.705745
vt 1.275609 1.705745
vt 1.015586 1.705745
vt 0.743435 1.705745
vt 0.466178 2.433776
vt 0.222067 1.705745
vt 2.211747 2.433776
vt 1.980874 2.433776
vt 1.531822 2.433776
vt 1.522564 1.705745
vt 1.288627 2.433776
vt 1.024952 2.433776
vt 0.740665 2.433776
vt 0.459494 2.649504
vt 0.211747 2.433776
vt 2.203331 2.649504
vt 1.976604 2.649504
vt 1.756890 2.433776
vt 1.758158 2.649504
vt 1.294362 2.649504
vt 1.028758 2.649504
vt 0.739251 2.649504
vt 0.449081 3.292349
vt 0.203331 2.649504
vt 2.194654 3.292349
vt 1.973048 3.292349
vt 1.544044 3.292349
vt 1.537176 2.649504
vt 1.305926 3.292349
vt 1.038731 3.292349
vt 0.736032 3.292349
vt 0.441893 3.508076
vt 0.194654 3.292349
vt 2.185772 3.508076
vt 1.968320 3.508076
vt 1.759171 3.292349
vt 1.760779 3.508076
vt 1.314053 3.508076
vt 1.043868 3.508076
vt 0.734287 3.508076
vt 0.430402 4.099894
vt 0.185773 3.508076
vt 2.177783 4.099894
vt 1.965917 4.099894
vt 1.555733 4.099894
vt 1.551239 3.508076
vt 1.323136 4.099894
vt 1.053636 4.099894
vt 0.730210 4.099894
vt 0.423070 4.315621
vt 0.177783 4.099894
vt 2.169543 4.315621
vt 1.763530 4.315621
vt 1.761622 4.099894
vt 1.564693 4.315621
vt 1.334523 4.315621
vt 1.061171 4.315621
vt 0.727747 4.315621
vt 0.410501 4.871500
vt 0.169543 4.315621
vt 2.161693 4.871500
vt 1.961380 4.315621
vt 1.959680 4.871500
vt 1.567142 4.871500
vt 1.340240 4.871500
vt 1.069353 4.871500
vt 0.722671 4.871500
vt 0.402748 5.087227
vt 0.161693 4.871500
vt 2.154663 5.087227
vt 1.766577 5.087227
vt 1.764444 4.871500
vt 1.577406 5.087227
vt 1.355312 5.087227
vt 1.080796 5.087227
vt 0.718708 5.087227
vt 0.389936 5.615623
vt 0.154663 5.087227
vt 2.146945 5.615623
vt 1.955838 5.087227
vt 1.954520 5.615623
vt 1.578493 5.615623
vt 1.357366 5.615623
vt 1.085719 5.615623
vt 0.712824 5.615623
vt 0.380818 5.831350
vt 0.146945 5.615623
vt 2.141064 5.831350
vt 1.770047 5.831350
vt 1.767778 5.615623
vt 1.589362 5.831350
vt 1.375876 5.831350
vt 1.102697 5.831350
vt 0.706000 5.831350
vt 0.369319 6.337644
vt 0.141064 5.831350
vt 2.133982 6.337644
vt 1.951620 5.831350
vt 1.950577 6.337644
vt 1.589966 6.337644
vt 1.374731 6.337644
vt 1.102757 6.337644
vt 0.699975 6.337644
vt 0.357462 6.553371
vt 0.133982 6.337644
vt 2.128687 6.553371
vt 1.774058 6.553371
vt 1.771724 6.337644
vt 1.600696 6.553371
vt 1.395779 6.553371
vt 1.126597 6.553371
vt 0.688162 6.553371
vt 0.349183 7.041268
vt 0.128687 6.553371
vt 2.123056 7.041268
vt 1.948610 6.553371
vt 1.776354 7.041268
vt 1.601695 7.041268
vt 1.392575 7.041268
vt 1.120690 7.041268
vt 0.683295 7.041268
vt 0.333250 7.256995
vt 0.123056 7.041268
vt 2.117547 7.256995
vt 1.947943 7.041268
vt 1.778719 7.256995
vt 1.611669 7.256995
vt 1.414825 7.256995
vt 1.152031 7.256995
vt 0.663577 7.256995
vt 0.329901 7.729192
vt 0.117547 7.256995
vt 2.114220 7.729192
vt 1.946707 7.256995
vt 1.781712 7.729192
vt 1.613767 7.729192
vt 1.411131 7.729192
vt 1.139945 7.729192
vt 0.661825 7.729192
vt 0.309136 7.944920
vt 0.114220 7.729192
vt 2.107743 7.944920
vt 1.946645 7.729192
vt 1.784137 7.944920
vt 1.622618 7.944920
vt 1.433132 7.944920
vt 1.178517 7.944920
vt 0.630922 7.944920
vt 0.311677 8.403465
vt 0.107743 7.944920
vt 2.107361 8.403465
vt 1.945852 7.944920
vt 1.787817 8.403465
vt 1.626231 8.403465
vt 1.430595 8.403465
vt 1.161193 8.403465
vt 0.634549 8.403465
vt 0.286290 8.619192
vt 0.107361 8.403465
vt 2.099437 8.619192
vt 1.946650 8.403465
vt 1.790413 8.619192
vt 1.633910 8.619192
vt 1.451103 8.619192
vt 1.205866 8.619192
vt 0.590075 8.619192
vt 0.294593 9.065687
vt 0.099437 8.619192
vt 2.102261 9.065687
vt 1.946022 8.619192
vt 1.794675 9.065687
vt 1.639117 9.065687
vt 1.451124 9.065687
vt 1.185458 9.065687
vt 0.600653 9.065687
vt 0.265812 9.281415
vt 0.102261 9.065687
vt 2.092803 9.281415
vt 1.947876 9.065687
vt 1.797633 9.281415
vt 1.645899 9.281415
vt 1.469365 9.281415
vt 1.234570 9.281415
vt 0.543098 9.281415
vt 0.278672 9.717145
vt 0.092803 9.281415
vt 2.098657 9.717145
vt 1.947226 9.281415
vt 1.802279 9.717145
vt 1.652446 9.717145
vt 1.472845 9.717145
vt 1.214364 9.717145
vt 0.560028 9.717145
vt 0.248449 9.932873
vt 0.098657 9.717145
vt 2.087970 9.932873
vt 1.950208 9.717145
vt 1.805854 9.932873
vt 1.658897 9.932873
vt 1.488680 9.932873
vt 1.266280 9.932873
vt 0.494172 9.932873
vt 0.263928 10.358892
vt 0.087970 9.932873
vt 2.096289 10.358892
vt 1.949477 9.932873
vt 1.810616 10.358892
vt 1.666250 10.358892
vt 1.495872 10.358892
vt 1.250657 10.358892
vt 0.513929 10.358892
vt 0.234455 10.574620
vt 0.096289 10.358892
vt 2.084973 10.574620
vt 1.953518 10.358892
vt 1.815097 10.574620
vt 1.673149 10.574620
vt 1.509875 10.574620
vt 1.304528 10.574620
vt 0.447821 10.574620
vt 0.250400 10.991806
vt 0.084973 10.574620
vt 2.094926 10.991806
vt 1.952774 10.574620
vt 1.819673 10.991806
vt 1.680578 10.991806
vt 1.520328 10.991806
vt 1.299306 10.991806
vt 0.465288 10.991806
vt 0.223621 11.207533
vt 0.094926 10.991806
vt 1.957079 11.207533
vt 1.957675 10.991806
vt 1.825327 11.207533
vt 1.688810 11.207533
vt 1.533769 11.207533
vt 1.356117 11.207533
vt 0.406867 11.207533
vt 0.238149 11.616626
vt 0.083726 11.207533
vt 2.094380 11.616626
vt 2.083726 11.207533
vt 1.829431 11.616626
vt 1.695503 11.616626
vt 1.546371 11.616626
vt 1.369518 11.616626
vt 0.418042 11.616626
vt 0.215421 11.832354
vt 0.094380 11.616626
vt 1.962304 11.832354
vt 1.962557 11.616626
vt 1.836448 11.832354
vt 1.705920 11.832354
vt 1.561081 11.832354
vt 1.433393 11.832354
vt 2.418042 11.616626
vt 0.371939 11.832354
vt 0.227242 12.233987
vt 0.084024 11.832354
vt 2.094501 12.233987
vt 2.084024 11.832354
vt 1.839866 12.233987
vt 1.711107 12.233987
vt 1.574188 12.233987
vt 1.475979 12.233987
vt 2.371939 11.832354
vt 0.375662 12.233987
vt 0.209190 12.449715
vt 0.094501 12.233987
vt 1.968311 12.449715
vt 1.968052 12.233987
vt 1.848300 12.449715
vt 1.724386 12.449715
vt 1.592303 12.449715
vt 1.552494 12.449715
vt 2.375662 12.233987
vt 0.342308 12.449715
vt 0.217723 12.844437
vt 0.085572 12.449715
vt 2.095174 12.844437
vt 2.085572 12.449715
vt 1.850939 12.844437
vt 1.727477 12.844437
vt 1.603981 12.844437
vt 1.624882 12.844437
vt 2.342308 12.449715
vt 0.340026 12.844437
vt 0.204269 13.060164
vt 0.095174 12.844437
vt 1.974926 13.060164
vt 1.974053 12.844437
vt 1.860676 13.060164
vt 1.743976 13.060164
vt 1.627519 13.060164
vt 1.705718 13.060164
vt 2.340026 12.844437
vt 0.316861 13.060164
vt 0.209588 13.448453
vt 0.088029 13.060164
vt 2.096304 13.448453
vt 2.088029 13.060164
vt 1.862589 13.448453
vt 1.744671 13.448453
vt 1.635895 13.448453
vt 1.777743 13.448453
vt 2.316861 13.060164
vt 0.311356 13.448453
vt 0.200094 13.664181
vt 0.096304 13.448453
vt 1.981950 13.664181
vt 1.980457 13.448453
vt 1.873341 13.664181
vt 1.764336 13.664181
vt 1.666212 13.664181
vt 1.839598 13.664181
vt 2.311356 13.448453
vt 0.294638 13.664181
vt 0.202773 14.046456
vt 0.091048 13.664181
vt 2.097807 14.046456
vt 2.091048 13.664181
vt 1.874724 14.046456
vt 1.762703 14.046456
vt 1.669922 14.046456
vt 1.889063 14.046456
vt 2.294638 13.664181
vt 0.288829 14.046456
vt 0.196241 14.262184
vt 0.097807 14.046456
vt 1.989189 14.262184
vt 1.987156 14.046456
vt 1.886058 14.262184
vt 1.785026 14.262184
vt 1.707181 14.262184
vt 1.927287 14.262184
vt 2.288829 14.046456
vt 0.274984 14.262184
vt 0.197151 14.638818
vt 0.094316 14.262184
vt 2.099597 14.638818
vt 2.094316 14.262184
vt 1.887217 14.638818
vt 1.781510 14.638818
vt 1.705781 14.638818
vt 1.959870 14.638818
vt 2.274984 14.262184
vt 0.271216 14.638818
vt 0.192428 14.854546
vt 0.099597 14.638818
vt 1.996465 14.854546
vt 1.994039 14.638818
vt 1.898619 14.854546
vt 1.805587 14.854546
vt 1.748684 14.854546
vt 1.981262 14.854546
vt 2.271216 14.638818
vt 0.257516 14.854546
vt 2.750000 0.000000
vt 2.097572 14.854546
vt 0.097572 14.854546
vt 2.257516 14.854546
vt 2.192428 14.854546
vt 0.547076 0.000000
vt 0.000000 1.937889
vt 0.000000 0.000000
vt 0.511046 0.000000
vt 0.000000 1.367205
vt 0.625872 0.000000
vt 0.000000 1.696267
vt 0.412550 0.000000
vt 0.000000 1.094681
vt 0.538435 0.000000
vt 0.000000 1.883755
vt 0.668805 0.000000
vt 0.000000 1.323416
vt 0.614354 0.000000
vt 0.000000 1.035714
vt 0.475264 1.247146
vt 0.000000 1.247146
vt 0.527563 0.000000
vt 0.000000 2.070612
vt 0.402318 0.000000
vt 0.000000 2.030504
vt 0.547076 1.937889
vt 0.511046 1.367205
vt 0.625872 1.696267
vt 0.412550 1.094681
vt 0.538435 1.883755
vt 0.668805 1.323416
vt 0.614354 1.035714
vt 0.475264 0.000000
vt 0.527563 2.070612
vt 0.402318 2.030504
vt -1.556592 -2.674720
vt -1.556592 -2.255211
vt -1.863750 -2.464966
vt 1.556592 -1.427680
vt 1.863750 -1.837224
vt 1.556592 -1.837224
vt 1.556592 -2.255211
vt 1.556592 -2.674720
vt 1.863750 -2.464966
vt -1.863750 -2.884474
vt 1.427680 -2.464966
vt 1.837224 -2.884474
vt 1.837224 -2.464966
vt 1.863750 -2.884474
vt -1.556592 -3.094229
vt 1.863750 1.427680
vt 1.556592 1.837224
vt 1.863750 1.837224
vt 1.556592 -3.094229
vt -1.249434 -2.884474
vt 1.556592 1.427680
vt 1.249434 1.837224
vt 1.249434 -2.884474
vt -1.249434 -2.464966
vt -1.427680 -2.884474
vt -1.837224 -2.464966
vt -1.837224 -2.884474
vt 1.249434 -2.464966
vt 1.249434 -1.427680
vt 1.249434 -1.837224
vt 1.863750 -1.427680
vt 1.427680 -2.884474
vt 1.249434 1.427680
vt -1.427680 -2.464966
vt -0.858497 -2.271200
vt -0.858497 -1.880136
vt -1.144828 -2.075668
vt 0.858497 -1.212196
vt 1.144828 -1.593971
vt 0.858497 -1.593971
vt 0.858497 -1.880136
vt 0.858497 -2.271200
vt 1.144828 -2.075668
vt -1.144828 -2.466732
vt 1.212196 -2.075668
vt 1.593971 -2.466732
vt 1.593971 -2.075668
vt 1.144828 -2.466732
vt -0.858497 -2.662264
vt 1.144828 1.212196
vt 0.858497 1.593971
vt 1.144828 1.593971
vt 0.858497 -2.662264
vt -0.572166 -2.466732
vt 0.858497 1.212196
vt 0.572166 1.593971
vt 0.572166 -2.466732
vt -0.572166 -2.075668
vt -1.212196 -2.466732
vt -1.593971 -2.075668
vt -1.593971 -2.466732
vt 0.572166 -2.075668
vt 0.572166 -1.212196
vt 0.572166 -1.593971
vt 1.144828 -1.212196
vt 1.212196 -2.466732
vt 0.572166 1.212196
vt -1.212196 -2.075668
vt -1.689852 -2.280044
vt -1.689852 -1.786928
vt -2.050904 -2.033486
vt 1.689852 -0.759041
vt 2.050904 -1.240443
vt 1.689852 -1.240443
vt 1.689852 -1.786928
vt 1.689852 -2.280044
vt 2.050904 -2.033486
vt -2.050904 -2.526602
vt 0.759041 -2.033486
vt 1.240443 -2.526602
vt 1.240443 -2.033486
vt 2.050904 -2.526602
vt -1.689852 -2.773159
vt 2.050904 0.759041
vt 1.689852 1.240443
vt 2.050904 1.240443
vt 1.689852 -2.773159
vt -1.328800 -2.526602
vt 1.689852 0.759041
vt 1.328800 1.240443
vt 1.328800 -2.526602
vt -1.328800 -2.033486
vt -0.759041 -2.526602
vt -1.240443 -2.033486
vt -1.240443 -2.526602
vt 1.328800 -2.033486
vt 1.328800 -0.759041
vt 1.328800 -1.240443
vt 2.050904 -0.759041
vt 0.759041 -2.526602
vt 1.328800 0.759041
vt -0.759041 -2.033486
vt -1.493649 -2.217784
vt -1.493649 -1.820458
vt -1.784566 -2.019121
vt 1.493649 -0.538934
vt 1.784566 -0.926823
vt 1.493649 -0.926823
vt 1.493649 -1.820458
vt 1.493649 -2.217784
vt 1.784566 -2.019121
vt -1.784566 -2.416448
vt 0.538934 -2.019121
vt 0.926823 -2.416448
vt 0.926823 -2.019121
vt 1.784566 -2.416448
vt -1.493649 -2.615111
vt 1.784566 0.538934
vt 1.493649 0.926823
vt 1.784566 0.926823
vt 1.493649 -2.615111
vt -1.202733 -2.416448
vt 1.493649 0.538934
vt 1.202733 0.926823
vt 1.202733 -2.416448
vt -1.202733 -2.019121
vt -0.538934 -2.416448
vt -0.926823 -2.019121
vt -0.926823 -2.416448
vt 1.202733 -2.019121
vt 1.202733 -0.538934
vt 1.202733 -0.926823
vt 1.784566 -0.538934
vt 0.538934 -2.416448
vt 1.202733 0.538934
vt -0.538934 -2.019121
vt -1.493397 -2.639881
vt -1.493397 -2.195939
vt -1.818444 -2.417910
vt 1.493397 -1.129038
vt 1.818444 -1.562435
vt 1.493397 -1.562435
vt 1.493397 -2.195939
vt 1.493397 -2.639881
vt 1.818444 -2.417910
vt -1.818444 -2.861852
vt 1.129038 -2.417910
vt 1.562435 -2.861852
vt 1.562435 -2.417910
vt 1.818444 -2.861852
vt -1.493397 -3.083822
vt 1.818444 1.129038
vt 1.493397 1.562435
vt 1.818444 1.562435
vt 1.493397 -3.083822
vt -1.168349 -2.861851
vt 1.493397 1.129038
vt 1.168349 1.562435
vt 1.168349 -2.861851
vt -1.168349 -2.417910
vt -1.129038 -2.861851
vt -1.562435 -2.417910
vt -1.562435 -2.861851
vt 1.168349 -2.417910
vt 1.168349 -1.129038
vt 1.168349 -1.562435
vt 1.818444 -1.129038
vt 1.129038 -2.861852
vt 1.168349 1.129038
vt -1.129038 -2.417910
vt 0.482183 -1.844715
vt 0.482183 -1.430135
vt 0.178634 -1.637424
vt -0.482183 -1.051225
vt -0.178634 -1.455958
vt -0.482183 -1.455958
vt -0.482183 -1.430134
vt -0.482183 -1.844715
vt -0.178634 -1.637424
vt 0.178634 -2.052005
vt 1.051225 -1.637424
vt 1.455958 -2.052005
vt 1.455958 -1.637424
vt -0.178634 -2.052005
vt 0.482183 -2.259295
vt -0.178634 1.051225
vt -0.482183 1.455958
vt -0.178634 1.455958
vt -0.482183 -2.259295
vt 0.785732 -2.052004
vt -0.482183 1.051225
vt -0.785732 1.455958
vt -0.785732 -2.052004
vt 0.785732 -1.637424
vt -1.051225 -2.052004
vt -1.455958 -1.637424
vt -1.455958 -2.052004
vt -0.785732 -1.637424
vt -0.785732 -1.051225
vt -0.785732 -1.455958
vt -0.178634 -1.051225
vt 1.051225 -2.052005
vt -0.785732 1.051225
vt -1.051225 -1.637424
vt 0.362527 -1.937470
vt 0.362527 -1.530067
vt 0.064233 -1.733768
vt -0.362527 -1.073567
vt -0.064233 -1.471292
vt -0.362527 -1.471292
vt -0.362527 -1.530067
vt -0.362527 -1.937470
vt -0.064233 -1.733768
vt 0.064233 -2.141171
vt 1.073567 -1.733768
vt 1.471292 -2.141171
vt 1.471292 -1.733768
vt -0.064233 -2.141171
vt 0.362527 -2.344872
vt -0.064233 1.073567
vt -0.362527 1.471292
vt -0.064233 1.471292
vt -0.362527 -2.344872
vt 0.660821 -2.141171
vt -0.362527 1.073567
vt -0.660821 1.471292
vt -0.660821 -2.141171
vt 0.660821 -1.733768
vt -1.073567 -2.141171
vt -1.471292 -1.733768
vt -1.471292 -2.141171
vt -0.660821 -1.733768
vt -0.660821 -1.073567
vt -0.660821 -1.471292
vt -0.064233 -1.073567
vt 1.073567 -2.141171
vt -0.660821 1.073567
vt -1.073567 -1.733768
vt 0.133878 -1.740054
vt 0.133878 -1.326689
vt -0.168782 -1.533372
vt -0.133878 -0.358638
vt 0.168782 -0.762185
vt -0.133878 -0.762185
vt -0.133878 -1.326689
vt -0.133878 -1.740054
vt 0.168782 -1.533372
vt -0.168782 -1.946737
vt 0.358638 -1.533372
vt 0.762185 -1.946737
vt 0.762185 -1.533372
vt 0.168782 -1.946737
vt 0.133878 -2.153420
vt 0.168782 0.358638
vt -0.133878 0.762185
vt 0.168782 0.762185
vt -0.133878 -2.153420
vt 0.436538 -1.946737
vt -0.133878 0.358638
vt -0.436538 0.762185
vt -0.436538 -1.946737
vt 0.436538 -1.533372
vt -0.358638 -1.946737
vt -0.762185 -1.533372
vt -0.762185 -1.946737
vt -0.436538 -1.533372
vt -0.436538 -0.358638
vt -0.436538 -0.762185
vt 0.168782 -0.358638
vt 0.358638 -1.946737
vt -0.436538 0.358638
vt -0.358638 -1.533372
vt 1.409631 -1.849289
vt 1.409631 -1.404884
vt 1.084245 -1.627086
vt -1.409631 0.454468
vt -1.084245 0.020619
vt -1.409631 0.020619
vt -1.409631 -1.404884
vt -1.409631 -1.849289
vt -1.084245 -1.627086
vt 1.084245 -2.071491
vt -0.454468 -1.627086
vt -0.020619 -2.071491
vt -0.020619 -1.627086
vt -1.084245 -2.071491
vt 1.409631 -2.293694
vt -1.084245 -0.454468
vt -1.409631 -0.020619
vt -1.084245 -0.020619
vt -1.409631 -2.293694
vt 1.735018 -2.071491
vt -1.409631 -0.454468
vt -1.735018 -0.020619
vt -1.735018 -2.071491
vt 1.735018 -1.627086
vt 0.454468 -2.071491
vt 0.020619 -1.627086
vt 0.020619 -2.071491
vt -1.735018 -1.627086
vt -1.735018 0.454468
vt -1.735018 0.020619
vt -1.084245 0.454468
vt -0.454468 -2.071491
vt -1.735018 -0.454468
vt 0.454468 -1.627086
vt 0.822366 -2.031691
vt 0.822366 -1.594482
vt 0.502247 -1.813087
vt -0.822366 0.636729
vt -0.502247 0.209904
vt -0.822366 0.209904
vt -0.822366 -1.594482
vt -0.822366 -2.031691
vt -0.502247 -1.813087
vt 0.502247 -2.250296
vt -0.636729 -1.813087
vt -0.209904 -2.250296
vt -0.209904 -1.813087
vt -0.502247 -2.250296
vt 0.822366 -2.468901
vt -0.502247 -0.636729
vt -0.822366 -0.209904
vt -0.502247 -0.209904
vt -0.822366 -2.468901
vt 1.142484 -2.250296
vt -0.822366 -0.636729
vt -1.142484 -0.209904
vt -1.142484 -2.250296
vt 1.142484 -1.813087
vt 0.636729 -2.250296
vt 0.209904 -1.813087
vt 0.209904 -2.250296
vt -1.142484 -1.813087
vt -1.142484 0.636729
vt -1.142484 0.209904
vt -0.502247 0.636729
vt -0.636729 -2.250296
vt -1.142484 -0.636729
vt 0.636729 -1.813087
vt 1.693614 -1.949213
vt 1.693614 -1.582796
vt 1.425330 -1.766005
vt -1.693614 0.651541
vt -1.425330 0.293828
vt -1.693614 0.293828
vt -1.693614 -1.582796
vt -1.693614 -1.949213
vt -1.425330 -1.766005
vt 1.425330 -2.132421
vt -0.651541 -1.766005
vt -0.293828 -2.132421
vt -0.293828 -1.766005
vt -1.425330 -2.132421
vt 1.693614 -2.315629
vt -1.425330 -0.651541
vt -1.693614 -0.293828
vt -1.425330 -0.293828
vt -1.693614 -2.315629
vt 1.961899 -2.132421
vt -1.693614 -0.651541
vt -1.961899 -0.293828
vt -1.961899 -2.132421
vt 1.961899 -1.766004
vt 0.651541 -2.132421
vt 0.293828 -1.766004
vt 0.293828 -2.132421
vt -1.961899 -1.766004
vt -1.961899 0.651541
vt -1.961899 0.293828
vt -1.425330 0.651541
vt -0.651541 -2.132421
vt -1.961899 -0.651541
vt 0.651541 -1.766004
vt 0.955645 -1.862164
vt 0.955645 -1.458275
vt 0.659923 -1.660220
vt -0.955645 0.669115
vt -0.659923 0.274819
vt -0.955645 0.274819
vt -0.955645 -1.458275
vt -0.955645 -1.862164
vt -0.659923 -1.660220
vt 0.659923 -2.064109
vt -0.669115 -1.660220
vt -0.274819 -2.064109
vt -0.274819 -1.660220
vt -0.659923 -2.064109
vt 0.955645 -2.266053
vt -0.659923 -0.669115
vt -0.955645 -0.274819
vt -0.659923 -0.274819
vt -0.955645 -2.266053
vt 1.251366 -2.064109
vt -0.955645 -0.669115
vt -1.251366 -0.274819
vt -1.251366 -2.064109
vt 1.251366 -1.660219
vt 0.669115 -2.064109
vt 0.274819 -1.660219
vt 0.274819 -2.064109
vt -1.251366 -1.660219
vt -1.251366 0.669115
vt -1.251366 0.274819
vt -0.659923 0.669115
vt -0.669115 -2.064109
vt -1.251366 -0.669115
vt 0.669115 -1.660219
s 1
f 9/1/1 2/2/2 1/3/3
f 2/4/2 11/5/4 3/6/5
f 3/6/5 12/7/6 4/8/7
f 12/7/6 5/9/8 4/8/7
f 5/9/8 14/10/9 6/11/10
f 14/10/9 7/12/11 6/11/10
f 15/13/12 8/14/13 7/12/11
f 8/14/13 9/1/1 1/3/3
f 17/15/14 10/16/15 9/1/1
f 18/17/16 11/5/4 10/18/15
f 11/5/4 20/19/17 12/7/6
f 20/19/17 13/20/18 12/7/6
f 13/20/18 22/21/19 14/10/9
f 14/10/9 23/22/20 15/13/12
f 23/22/20 16/23/21 15/13/12
f 16/23/21 17/15/14 9/1/1
f 25/24/22 18/25/16 17/15/14
f 26/26/23 19/27/24 18/17/16
f 19/27/24 28/28/25 20/19/17
f 28/28/25 21/29/26 20/19/17
f 21/29/26 30/30/27 22/21/19
f 22/21/19 31/31/28 23/22/20
f 31/31/28 24/32/29 23/22/20
f 24/32/29 25/24/22 17/15/14
f 33/33/30 26/34/23 25/24/22
f 34/35/31 27/36/32 26/26/23
f 27/36/32 36/37/33 28/28/25
f 28/28/25 37/38/34 29/39/35
f 29/39/35 38/40/36 30/30/27
f 30/30/27 39/41/37 31/31/28
f 39/41/37 32/42/38 31/31/28
f 32/42/38 33/33/30 25/24/22
f 41/43/39 34/44/31 33/33/30
f 42/45/40 35/46/41 34/35/31
f 43/47/42 36/37/33 35/46/41
f 36/37/33 45/48/43 37/38/34
f 37/38/34 46/49/44 38/40/36
f 38/40/36 47/50/45 39/41/37
f 39/41/37 48/51/46 40/52/47
f 48/51/46 33/33/30 40/52/47
s 0
f 49/53/48 42/54/48 41/43/48
f 50/55/49 43/47/49 42/45/49
f 51/56/50 44/57/50 43/47/50
f 52/58/51 45/48/51 44/57/51
f 45/48/52 54/59/52 46/49/52
f 46/49/53 55/60/53 47/50/53
f 47/50/54 56/61/54 48/51/54
f 48/51/55 49/53/55 41/43/55
s 1
f 57/62/56 50/63/57 49/53/58
f 58/64/59 51/56/60 50/55/57
f 59/65/61 52/58/62 51/56/60
f 52/58/62 61/66/63 53/67/64
f 53/67/64 62/68/65 54/59/66
f 54/59/66 63/69/67 55/60/68
f 55/60/68 64/70/69 56/61/70
f 64/70/69 49/53/58 56/61/70
s 0
f 65/71/71 58/72/71 57/62/71
f 66/73/72 59/65/72 58/64/72
f 67/74/73 60/75/73 59/65/73
f 68/76/74 61/66/74 60/75/74
f 61/66/75 70/77/75 62/68/75
f 62/68/76 71/78/76 63/69/76
f 63/69/77 72/79/77 64/70/77
f 64/70/78 65/71/78 57/62/78
s 1
f 73/80/79 66/81/80 65/71/81
f 74/82/82 67/74/83 66/73/80
f 75/83/84 68/76/85 67/74/83
f 68/76/85 77/84/86 69/85/87
f 69/85/87 78/86/88 70/77/89
f 70/77/89 79/87/90 71/78/91
f 71/78/91 80/88/92 72/79/93
f 80/88/92 65/71/81 72/79/93
s 0
f 81/89/94 74/90/94 73/80/94
f 82/91/95 75/83/95 74/82/95
f 83/92/96 76/93/96 75/83/96
f 84/94/97 77/84/97 76/93/97
f 77/84/98 86/95/98 78/86/98
f 78/86/99 87/96/99 79/87/99
f 79/87/100 88/97/100 80/88/100
f 88/97/101 73/80/101 80/88/101
s 1
f 89/98/102 82/99/103 81/89/104
f 90/100/105 83/92/106 82/91/103
f 91/101/107 84/94/108 83/92/106
f 84/94/108 93/102/109 85/103/110
f 85/103/110 94/104/111 86/95/112
f 86/95/112 95/105/113 87/96/114
f 87/96/114 96/106/115 88/97/116
f 96/106/115 81/89/104 88/97/116
s 0
f 97/107/117 90/108/117 89/98/117
f 98/109/118 91/101/118 90/100/118
f 91/101/119 100/110/119 92/111/119
f 92/111/120 101/112/120 93/102/120
f 93/102/121 102/113/121 94/104/121
f 94/104/122 103/114/122 95/105/122
f 103/114/123 96/106/123 95/105/123
f 104/115/124 89/98/124 96/106/124
s 1
f 105/116/125 98/117/126 97/107/127
f 106/118/128 99/119/129 98/109/126
f 107/120/130 100/110/131 99/119/129
f 100/110/131 109/121/132 101/112/133
f 101/112/133 110/122/134 102/113/135
f 102/113/135 111/123/136 103/114/137
f 103/114/137 112/124/138 104/115/139
f 112/124/138 97/107/127 104/115/139
s 0
f 113/125/140 106/126/140 105/116/140
f 114/127/141 107/120/141 106/118/141
f 107/120/142 116/128/142 108/129/142
f 108/129/143 117/130/143 109/121/143
f 109/121/144 118/131/144 110/122/144
f 118/131/145 111/123/145 110/122/145
f 119/132/146 112/124/146 111/123/146
f 120/133/147 105/116/147 112/124/147
s 1
f 121/134/148 114/135/149 113/125/150
f 122/136/151 115/137/152 114/127/149
f 123/138/153 116/128/154 115/137/152
f 116/128/154 125/139/155 117/130/156
f 117/130/156 126/140/157 118/131/158
f 118/131/158 127/141/159 119/132/160
f 119/132/160 128/142/161 120/133/162
f 128/142/161 113/125/150 120/133/162
s 0
f 129/143/163 122/144/163 121/134/163
f 130/145/164 123/138/164 122/136/164
f 123/138/165 132/146/165 124/147/165
f 124/147/166 133/148/166 125/139/166
f 125/139/167 134/149/167 126/140/167
f 134/149/168 127/141/168 126/140/168
f 135/150/169 128/142/169 127/141/169
f 136/151/170 121/134/170 128/142/170
s 1
f 137/152/171 130/153/172 129/143/173
f 138/154/174 131/155/175 130/145/172
f 139/156/176 132/146/177 131/155/175
f 132/146/177 141/157/178 133/148/179
f 133/148/179 142/158/180 134/149/181
f 134/149/181 143/159/182 135/150/183
f 135/150/183 144/160/184 136/151/185
f 144/160/184 129/143/173 136/151/185
s 0
f 145/161/186 138/162/186 137/152/186
f 146/163/187 139/156/187 138/154/187
f 139/156/188 148/164/188 140/165/188
f 140/165/189 149/166/189 141/157/189
f 141/157/190 150/167/190 142/158/190
f 150/167/191 143/159/191 142/158/191
f 151/168/192 144/160/192 143/159/192
f 152/169/193 137/152/193 144/160/193
s 1
f 153/170/194 146/171/195 145/161/196
f 154/172/197 147/173/198 146/163/195
f 147/173/198 156/174/199 148/164/200
f 148/164/200 157/175/201 149/166/202
f 149/166/202 158/176/203 150/167/204
f 150/167/204 159/177/205 151/168/206
f 151/168/206 160/178/207 152/169/208
f 160/178/207 145/161/196 152/169/208
s 0
f 161/179/209 154/180/209 153/170/209
f 162/181/210 155/182/210 154/172/210
f 155/182/211 164/183/211 156/174/211
f 156/174/212 165/184/212 157/175/212
f 157/175/213 166/185/213 158/176/213
f 158/176/214 167/186/214 159/177/214
f 167/186/215 160/178/215 159/177/215
f 168/187/216 153/170/216 160/178/216
s 1
f 169/188/217 162/189/218 161/179/219
f 170/190/220 163/191/221 162/181/218
f 163/191/221 172/192/222 164/183/223
f 164/183/223 173/193/224 165/184/225
f 165/184/225 174/194/226 166/185/227
f 166/185/227 175/195/228 167/186/229
f 175/195/228 168/187/230 167/186/229
f 176/196/231 161/179/219 168/187/230
s 0
f 177/197/232 170/198/232 169/188/232
f 178/199/233 171/200/233 170/190/233
f 171/200/234 180/201/234 172/192/234
f 172/192/235 181/202/235 173/193/235
f 173/193/236 182/203/236 174/194/236
f 174/194/237 183/204/237 175/195/237
f 175/195/238 184/205/238 176/196/238
f 184/205/239 169/188/239 176/196/239
s 1
f 185/206/240 178/207/241 177/197/242
f 186/208/243 179/209/244 178/199/241
f 179/209/244 188/210/245 180/201/246
f 180/201/246 189/211/247 181/202/248
f 181/202/248 190/212/249 182/203/250
f 182/203/250 191/213/251 183/204/252
f 191/213/251 184/205/253 183/204/252
f 192/214/254 177/197/242 184/205/253
s 0
f 193/215/255 186/216/255 185/206/255
f 194/217/256 187/218/256 186/208/256
f 187/218/257 196/219/257 188/210/257
f 188/210/258 197/220/258 189/211/258
f 189/211/259 198/221/259 190/212/259
f 190/212/260 199/222/260 191/213/260
f 191/213/261 200/223/261 192/214/261
f 200/223/262 185/206/262 192/214/262
s 1
f 201/224/263 194/225/264 193/215/265
f 202/226/266 195/227/267 194/217/264
f 195/227/267 204/228/268 196/219/269
f 196/219/269 205/229/270 197/220/271
f 197/220/271 206/230/272 198/221/273
f 198/221/273 207/231/274 199/222/275
f 207/231/274 200/223/276 199/222/275
f 208/232/277 193/215/265 200/223/276
s 0
f 209/233/278 202/234/278 201/224/278
f 210/235/279 203/236/279 202/226/279
f 203/236/280 212/237/280 204/228/280
f 204/228/281 213/238/281 205/229/281
f 205/229/282 214/239/282 206/230/282
f 206/230/283 215/240/283 207/231/283
f 207/231/284 216/241/284 208/232/284
f 216/241/285 201/224/285 208/232/285
s 1
f 217/242/286 210/243/287 209/233/288
f 218/244/289 211/245/290 210/235/287
f 211/245/290 220/246/291 212/237/292
f 212/237/292 221/247/293 213/238/294
f 213/238/294 222/248/295 214/239/296
f 214/239/296 223/249/297 215/240/298
f 223/249/297 216/241/299 215/240/298
f 224/250/300 209/233/288 216/241/299
s 0
f 225/251/301 218/252/301 217/242/301
f 226/253/302 219/254/302 218/244/302
f 219/254/303 228/255/303 220/246/303
f 220/246/304 229/256/304 221/247/304
f 221/247/305 230/257/305 222/248/305
f 222/248/306 231/258/306 223/249/306
f 223/249/307 232/259/307 224/250/307
f 232/259/308 217/242/308 224/250/308
s 1
f 233/260/309 226/261/310 225/251/311
f 234/262/312 227/263/313 226/253/310
f 227/263/313 236/264/314 228/255/315
f 228/255/315 237/265/316 229/256/317
f 229/256/317 238/266/318 230/257/319
f 230/257/319 239/267/320 231/258/321
f 239/267/320 232/259/322 231/258/321
f 240/268/323 225/251/311 232/259/322
s 0
f 241/269/324 234/270/324 233/260/324
f 242/271/325 235/272/325 234/262/325
f 235/272/326 244/273/326 236/264/326
f 236/264/327 245/274/327 237/265/327
f 237/265/328 246/275/328 238/266/328
f 238/266/329 247/276/329 239/267/329
f 239/267/330 248/277/330 240/268/330
f 248/277/331 233/260/331 240/268/331
s 1
f 249/278/332 242/279/333 241/269/334
f 250/280/335 243/281/336 242/271/333
f 243/281/336 252/282/337 244/273/338
f 244/273/338 253/283/339 245/274/340
f 245/274/340 254/284/341 246/275/342
f 246/275/342 255/285/343 247/276/344
f 255/285/343 248/277/345 247/276/344
f 256/286/346 241/269/334 248/277/345
s 0
f 257/287/347 250/288/347 249/278/347
f 250/280/348 259/289/348 251/290/348
f 251/290/349 260/291/349 252/282/349
f 252/282/350 261/292/350 253/283/350
f 253/283/351 262/293/351 254/284/351
f 254/284/352 263/294/352 255/285/352
f 263/294/353 256/286/353 255/285/353
f 264/295/354 249/278/354 256/286/354
s 1
f 265/296/355 258/297/356 257/287/357
f 266/298/358 259/289/359 258/299/356
f 259/289/359 268/300/360 260/291/361
f 260/291/361 269/301/362 261/292/363
f 261/292/363 270/302/364 262/293/365
f 270/302/364 263/294/366 262/293/365
f 271/303/367 264/295/368 263/294/366
f 272/304/369 257/287/357 264/295/368
s 0
f 273/305/370 266/306/370 265/296/370
f 266/298/371 275/307/371 267/308/371
f 267/308/372 276/309/372 268/300/372
f 268/300/373 277/310/373 269/301/373
f 269/301/374 278/311/374 270/302/374
f 278/311/375 271/303/375 270/302/375
f 279/312/376 272/313/376 271/303/376
f 280/314/377 265/296/377 272/304/377
s 1
f 281/315/378 274/316/379 273/305/380
f 282/317/381 275/307/382 274/318/379
f 275/307/382 284/319/383 276/309/384
f 276/309/384 285/320/385 277/310/386
f 277/310/386 286/321/387 278/311/388
f 286/321/387 279/312/389 278/311/388
f 287/322/390 280/323/391 279/312/389
f 288/324/392 273/305/380 280/314/391
s 0
f 289/325/393 282/326/393 281/315/393
f 282/317/394 291/327/394 283/328/394
f 283/328/395 292/329/395 284/319/395
f 284/319/396 293/330/396 285/320/396
f 285/320/397 294/331/397 286/321/397
f 294/331/398 287/322/398 286/321/398
f 295/332/399 288/333/399 287/322/399
f 296/334/400 281/315/400 288/324/400
s 1
f 297/335/401 290/336/402 289/325/403
f 298/337/404 291/327/405 290/338/402
f 291/327/405 300/339/406 292/329/407
f 292/329/407 301/340/408 293/330/409
f 293/330/409 302/341/410 294/331/411
f 302/341/410 295/332/412 294/331/411
f 303/342/413 296/343/414 295/332/412
f 304/344/415 289/325/403 296/334/414
s 0
f 305/345/416 298/346/416 297/335/416
f 298/337/417 307/347/417 299/348/417
f 299/348/418 308/349/418 300/339/418
f 300/339/419 309/350/419 301/340/419
f 301/340/420 310/351/420 302/341/420
f 310/351/421 303/342/421 302/341/421
f 311/352/422 304/353/422 303/342/422
f 312/354/423 297/335/423 304/344/423
s 1
f 313/355/424 306/356/425 305/345/426
f 314/357/427 307/347/428 306/358/425
f 307/347/428 316/359/429 308/349/430
f 308/349/430 317/360/431 309/350/432
f 309/350/432 318/361/433 310/351/434
f 310/351/434 319/362/435 311/352/436
f 319/362/435 312/363/437 311/352/436
f 320/364/438 305/345/426 312/354/437
s 0
f 321/365/439 314/366/439 313/355/439
f 314/357/440 323/367/440 315/368/440
f 315/368/441 324/369/441 316/359/441
f 316/359/442 325/370/442 317/360/442
f 317/360/443 326/371/443 318/361/443
f 326/371/444 319/362/444 318/361/444
f 327/372/445 320/373/445 319/362/445
f 328/374/446 313/355/446 320/364/446
s 1
f 329/375/447 322/376/448 321/365/449
f 330/377/450 323/367/451 322/378/448
f 323/367/451 332/379/452 324/369/453
f 324/369/453 333/380/454 325/370/455
f 325/370/455 334/381/456 326/371/457
f 326/371/457 335/382/458 327/372/459
f 335/382/458 328/383/460 327/372/459
f 336/384/461 321/365/449 328/374/460
s 0
f 337/385/462 330/386/462 329/375/462
f 330/377/463 339/387/463 331/388/463
f 331/388/464 340/389/464 332/379/464
f 332/379/465 341/390/465 333/380/465
f 333/380/466 342/391/466 334/381/466
f 342/391/467 335/382/467 334/381/467
f 343/392/468 336/393/468 335/382/468
f 344/394/469 329/375/469 336/384/469
s 1
f 345/395/470 338/396/471 337/385/472
f 346/397/473 339/387/474 338/398/471
f 339/387/474 348/399/475 340/389/476
f 340/389/476 349/400/477 341/390/478
f 341/390/478 350/401/479 342/391/480
f 342/391/480 351/402/481 343/392/482
f 351/402/481 344/403/483 343/392/482
f 352/404/484 337/385/472 344/394/483
s 0
f 353/405/485 346/406/485 345/395/485
f 346/397/486 355/407/486 347/408/486
f 347/408/487 356/409/487 348/399/487
f 348/399/488 357/410/488 349/400/488
f 349/400/489 358/411/489 350/401/489
f 358/411/490 351/402/490 350/401/490
f 359/412/491 352/413/491 351/402/491
f 360/414/492 345/395/492 352/404/492
f 8/415/493 2/4/493 5/9/493
f 356/409/494 355/407/494 354/416/494
s 1
f 9/1/1 10/16/15 2/2/2
f 2/4/2 10/18/15 11/5/4
f 3/6/5 11/5/4 12/7/6
f 12/7/6 13/20/18 5/9/8
f 5/9/8 13/20/18 14/10/9
f 14/10/9 15/13/12 7/12/11
f 15/13/12 16/23/21 8/14/13
f 8/14/13 16/23/21 9/1/1
f 17/15/14 18/25/16 10/16/15
f 18/17/16 19/27/24 11/5/4
f 11/5/4 19/27/24 20/19/17
f 20/19/17 21/29/26 13/20/18
f 13/20/18 21/29/26 22/21/19
f 14/10/9 22/21/19 23/22/20
f 23/22/20 24/32/29 16/23/21
f 16/23/21 24/32/29 17/15/14
f 25/24/22 26/34/23 18/25/16
f 26/26/23 27/36/32 19/27/24
f 19/27/24 27/36/32 28/28/25
f 28/28/25 29/39/35 21/29/26
f 21/29/26 29/39/35 30/30/27
f 22/21/19 30/30/27 31/31/28
f 31/31/28 32/42/38 24/32/29
f 24/32/29 32/42/38 25/24/22
f 33/33/30 34/44/31 26/34/23
f 34/35/31 35/46/41 27/36/32
f 27/36/32 35/46/41 36/37/33
f 28/28/25 36/37/33 37/38/34
f 29/39/35 37/38/34 38/40/36
f 30/30/27 38/40/36 39/41/37
f 39/41/37 40/52/47 32/42/38
f 32/42/38 40/52/47 33/33/30
f 41/43/39 42/54/40 34/44/31
f 42/45/40 43/47/42 35/46/41
f 43/47/42 44/57/495 36/37/33
f 36/37/33 44/57/495 45/48/43
f 37/38/34 45/48/43 46/49/44
f 38/40/36 46/49/44 47/50/45
f 39/41/37 47/50/45 48/51/46
f 48/51/46 41/43/39 33/33/30
s 0
f 49/53/496 50/63/496 42/54/496
f 50/55/497 51/56/497 43/47/497
f 51/56/498 52/58/498 44/57/498
f 52/58/499 53/67/499 45/48/499
f 45/48/500 53/67/500 54/59/500
f 46/49/501 54/59/501 55/60/501
f 47/50/502 55/60/502 56/61/502
f 48/51/503 56/61/503 49/53/503
s 1
f 57/62/56 58/72/59 50/63/57
f 58/64/59 59/65/61 51/56/60
f 59/65/61 60/75/504 52/58/62
f 52/58/62 60/75/504 61/66/63
f 53/67/64 61/66/63 62/68/65
f 54/59/66 62/68/65 63/69/67
f 55/60/68 63/69/67 64/70/69
f 64/70/69 57/62/56 49/53/58
s 0
f 65/71/505 66/81/505 58/72/505
f 66/73/506 67/74/506 59/65/506
f 67/74/507 68/76/507 60/75/507
f 68/76/508 69/85/508 61/66/508
f 61/66/509 69/85/509 70/77/509
f 62/68/510 70/77/510 71/78/510
f 63/69/511 71/78/511 72/79/511
f 64/70/512 72/79/512 65/71/512
s 1
f 73/80/79 74/90/82 66/81/80
f 74/82/82 75/83/84 67/74/83
f 75/83/84 76/93/513 68/76/85
f 68/76/85 76/93/513 77/84/86
f 69/85/87 77/84/86 78/86/88
f 70/77/89 78/86/88 79/87/90
f 71/78/91 79/87/90 80/88/92
f 80/88/92 73/80/79 65/71/81
s 0
f 81/89/514 82/99/514 74/90/514
f 82/91/515 83/92/515 75/83/515
f 83/92/516 84/94/516 76/93/516
f 84/94/517 85/103/517 77/84/517
f 77/84/518 85/103/518 86/95/518
f 78/86/519 86/95/519 87/96/519
f 79/87/520 87/96/520 88/97/520
f 88/97/521 81/89/521 73/80/521
s 1
f 89/98/102 90/108/105 82/99/103
f 90/100/105 91/101/107 83/92/106
f 91/101/107 92/111/522 84/94/108
f 84/94/108 92/111/522 93/102/109
f 85/103/110 93/102/109 94/104/111
f 86/95/112 94/104/111 95/105/113
f 87/96/114 95/105/113 96/106/115
f 96/106/115 89/98/102 81/89/104
s 0
f 97/107/523 98/117/523 90/108/523
f 98/109/524 99/119/524 91/101/524
f 91/101/525 99/119/525 100/110/525
f 92/111/526 100/110/526 101/112/526
f 93/102/527 101/112/527 102/113/527
f 94/104/528 102/113/528 103/114/528
f 103/114/529 104/115/529 96/106/529
f 104/115/530 97/107/530 89/98/530
s 1
f 105/116/125 106/126/128 98/117/126
f 106/118/128 107/120/130 99/119/129
f 107/120/130 108/129/531 100/110/131
f 100/110/131 108/129/531 109/121/132
f 101/112/133 109/121/132 110/122/134
f 102/113/135 110/122/134 111/123/136
f 103/114/137 111/123/136 112/124/138
f 112/124/138 105/116/125 97/107/127
s 0
f 113/125/532 114/135/532 106/126/532
f 114/127/533 115/137/533 107/120/533
f 107/120/534 115/137/534 116/128/534
f 108/129/535 116/128/535 117/130/535
f 109/121/536 117/130/536 118/131/536
f 118/131/537 119/132/537 111/123/537
f 119/132/538 120/133/538 112/124/538
f 120/133/539 113/125/539 105/116/539
s 1
f 121/134/148 122/144/151 114/135/149
f 122/136/151 123/138/153 115/137/152
f 123/138/153 124/147/540 116/128/154
f 116/128/154 124/147/540 125/139/155
f 117/130/156 125/139/155 126/140/157
f 118/131/158 126/140/157 127/141/159
f 119/132/160 127/141/159 128/142/161
f 128/142/161 121/134/148 113/125/150
s 0
f 129/143/541 130/153/541 122/144/541
f 130/145/542 131/155/542 123/138/542
f 123/138/543 131/155/543 132/146/543
f 124/147/544 132/146/544 133/148/544
f 125/139/545 133/148/545 134/149/545
f 134/149/546 135/150/546 127/141/546
f 135/150/547 136/151/547 128/142/547
f 136/151/548 129/143/548 121/134/548
s 1
f 137/152/171 138/162/174 130/153/172
f 138/154/174 139/156/176 131/155/175
f 139/156/176 140/165/549 132/146/177
f 132/146/177 140/165/549 141/157/178
f 133/148/179 141/157/178 142/158/180
f 134/149/181 142/158/180 143/159/182
f 135/150/183 143/159/182 144/160/184
f 144/160/184 137/152/171 129/143/173
s 0
f 145/161/550 146/171/550 138/162/550
f 146/163/551 147/173/551 139/156/551
f 139/156/552 147/173/552 148/164/552
f 140/165/553 148/164/553 149/166/553
f 141/157/554 149/166/554 150/167/554
f 150/167/555 151/168/555 143/159/555
f 151/168/556 152/169/556 144/160/556
f 152/169/557 145/161/557 137/152/557
s 1
f 153/170/194 154/180/197 146/171/195
f 154/172/197 155/182/558 147/173/198
f 147/173/198 155/182/558 156/174/199
f 148/164/200 156/174/199 157/175/201
f 149/166/202 157/175/201 158/176/203
f 150/167/204 158/176/203 159/177/205
f 151/168/206 159/177/205 160/178/207
f 160/178/207 153/170/194 145/161/196
s 0
f 161/179/559 162/189/559 154/180/559
f 162/181/560 163/191/560 155/182/560
f 155/182/561 163/191/561 164/183/561
f 156/174/562 164/183/562 165/184/562
f 157/175/563 165/184/563 166/185/563
f 158/176/564 166/185/564 167/186/564
f 167/186/565 168/187/565 160/178/565
f 168/187/566 161/179/566 153/170/566
s 1
f 169/188/217 170/198/220 162/189/218
f 170/190/220 171/200/567 163/191/221
f 163/191/221 171/200/567 172/192/222
f 164/183/223 172/192/222 173/193/224
f 165/184/225 173/193/224 174/194/226
f 166/185/227 174/194/226 175/195/228
f 175/195/228 176/196/231 168/187/230
f 176/196/231 169/188/217 161/179/219
s 0
f 177/197/568 178/207/568 170/198/568
f 178/199/569 179/209/569 171/200/569
f 171/200/570 179/209/570 180/201/570
f 172/192/571 180/201/571 181/202/571
f 173/193/572 181/202/572 182/203/572
f 174/194/573 182/203/573 183/204/573
f 175/195/574 183/204/574 184/205/574
f 184/205/575 177/197/575 169/188/575
s 1
f 185/206/240 186/216/243 178/207/241
f 186/208/243 187/218/576 179/209/244
f 179/209/244 187/218/576 188/210/245
f 180/201/246 188/210/245 189/211/247
f 181/202/248 189/211/247 190/212/249
f 182/203/250 190/212/249 191/213/251
f 191/213/251 192/214/254 184/205/253
f 192/214/254 185/206/240 177/197/242
s 0
f 193/215/577 194/225/577 186/216/577
f 194/217/578 195/227/578 187/218/578
f 187/218/579 195/227/579 196/219/579
f 188/210/580 196/219/580 197/220/580
f 189/211/581 197/220/581 198/221/581
f 190/212/582 198/221/582 199/222/582
f 191/213/583 199/222/583 200/223/583
f 200/223/584 193/215/584 185/206/584
s 1
f 201/224/263 202/234/266 194/225/264
f 202/226/266 203/236/585 195/227/267
f 195/227/267 203/236/585 204/228/268
f 196/219/269 204/228/268 205/229/270
f 197/220/271 205/229/270 206/230/272
f 198/221/273 206/230/272 207/231/274
f 207/231/274 208/232/277 200/223/276
f 208/232/277 201/224/263 193/215/265
s 0
f 209/233/586 210/243/586 202/234/586
f 210/235/587 211/245/587 203/236/587
f 203/236/588 211/245/588 212/237/588
f 204/228/589 212/237/589 213/238/589
f 205/229/590 213/238/590 214/239/590
f 206/230/591 214/239/591 215/240/591
f 207/231/592 215/240/592 216/241/592
f 216/241/593 209/233/593 201/224/593
s 1
f 217/242/286 218/252/289 210/243/287
f 218/244/289 219/254/594 211/245/290
f 211/245/290 219/254/594 220/246/291
f 212/237/292 220/246/291 221/247/293
f 213/238/294 221/247/293 222/248/295
f 214/239/296 222/248/295 223/249/297
f 223/249/297 224/250/300 216/241/299
f 224/250/300 217/242/286 209/233/288
s 0
f 225/251/595 226/261/595 218/252/595
f 226/253/596 227/263/596 219/254/596
f 219/254/597 227/263/597 228/255/597
f 220/246/598 228/255/598 229/256/598
f 221/247/599 229/256/599 230/257/599
f 222/248/600 230/257/600 231/258/600
f 223/249/601 231/258/601 232/259/601
f 232/259/602 225/251/602 217/242/602
s 1
f 233/260/309 234/270/312 226/261/310
f 234/262/312 235/272/603 227/263/313
f 227/263/313 235/272/603 236/264/314
f 228/255/315 236/264/314 237/265/316
f 229/256/317 237/265/316 238/266/318
f 230/257/319 238/266/318 239/267/320
f 239/267/320 240/268/323 232/259/322
f 240/268/323 233/260/309 225/251/311
s 0
f 241/269/604 242/279/604 234/270/604
f 242/271/605 243/281/605 235/272/605
f 235/272/606 243/281/606 244/273/606
f 236/264/607 244/273/607 245/274/607
f 237/265/608 245/274/608 246/275/608
f 238/266/609 246/275/609 247/276/609
f 239/267/610 247/276/610 248/277/610
f 248/277/611 241/269/611 233/260/611
s 1
f 249/278/332 250/288/335 242/279/333
f 250/280/335 251/290/612 243/281/336
f 243/281/336 251/290/612 252/282/337
f 244/273/338 252/282/337 253/283/339
f 245/274/340 253/283/339 254/284/341
f 246/275/342 254/284/341 255/285/343
f 255/285/343 256/286/346 248/277/345
f 256/286/346 249/278/332 241/269/334
s 0
f 257/287/613 258/297/613 250/288/613
f 250/280/614 258/299/614 259/289/614
f 251/290/615 259/289/615 260/291/615
f 252/282/616 260/291/616 261/292/616
f 253/283/617 261/292/617 262/293/617
f 254/284/618 262/293/618 263/294/618
f 263/294/619 264/295/619 256/286/619
f 264/295/620 257/287/620 249/278/620
s 1
f 265/296/355 266/306/358 258/297/356
f 266/298/358 267/308/621 259/289/359
f 259/289/359 267/308/621 268/300/360
f 260/291/361 268/300/360 269/301/362
f 261/292/363 269/301/362 270/302/364
f 270/302/364 271/303/367 263/294/366
f 271/303/367 272/304/369 264/295/368
f 272/304/369 265/296/355 257/287/357
s 0
f 273/305/622 274/316/622 266/306/622
f 266/298/623 274/318/623 275/307/623
f 267/308/624 275/307/624 276/309/624
f 268/300/625 276/309/625 277/310/625
f 269/301/626 277/310/626 278/311/626
f 278/311/627 279/312/627 271/303/627
f 279/312/628 280/323/628 272/313/628
f 280/314/629 273/305/629 265/296/629
s 1
f 281/315/378 282/326/381 274/316/379
f 282/317/381 283/328/630 275/307/382
f 275/307/382 283/328/630 284/319/383
f 276/309/384 284/319/383 285/320/385
f 277/310/386 285/320/385 286/321/387
f 286/321/387 287/322/390 279/312/389
f 287/322/390 288/333/392 280/323/391
f 288/324/392 281/315/378 273/305/380
s 0
f 289/325/631 290/336/631 282/326/631
f 282/317/632 290/338/632 291/327/632
f 283/328/633 291/327/633 292/329/633
f 284/319/634 292/329/634 293/330/634
f 285/320/635 293/330/635 294/331/635
f 294/331/636 295/332/636 287/322/636
f 295/332/637 296/343/637 288/333/637
f 296/334/638 289/325/638 281/315/638
s 1
f 297/335/401 298/346/404 290/336/402
f 298/337/404 299/348/639 291/327/405
f 291/327/405 299/348/639 300/339/406
f 292/329/407 300/339/406 301/340/408
f 293/330/409 301/340/408 302/341/410
f 302/341/410 303/342/413 295/332/412
f 303/342/413 304/353/415 296/343/414
f 304/344/415 297/335/401 289/325/403
s 0
f 305/345/640 306/356/640 298/346/640
f 298/337/641 306/358/641 307/347/641
f 299/348/642 307/347/642 308/349/642
f 300/339/643 308/349/643 309/350/643
f 301/340/644 309/350/644 310/351/644
f 310/351/645 311/352/645 303/342/645
f 311/352/646 312/363/646 304/353/646
f 312/354/647 305/345/647 297/335/647
s 1
f 313/355/424 314/366/427 306/356/425
f 314/357/427 315/368/648 307/347/428
f 307/347/428 315/368/648 316/359/429
f 308/349/430 316/359/429 317/360/431
f 309/350/432 317/360/431 318/361/433
f 310/351/434 318/361/433 319/362/435
f 319/362/435 320/373/438 312/363/437
f 320/364/438 313/355/424 305/345/426
s 0
f 321/365/649 322/376/649 314/366/649
f 314/357/650 322/378/650 323/367/650
f 315/368/651 323/367/651 324/369/651
f 316/359/652 324/369/652 325/370/652
f 317/360/653 325/370/653 326/371/653
f 326/371/654 327/372/654 319/362/654
f 327/372/655 328/383/655 320/373/655
f 328/374/656 321/365/656 313/355/656
s 1
f 329/375/447 330/386/450 322/376/448
f 330/377/450 331/388/657 323/367/451
f 323/367/451 331/388/657 332/379/452
f 324/369/453 332/379/452 333/380/454
f 325/370/455 333/380/454 334/381/456
f 326/371/457 334/381/456 335/382/458
f 335/382/458 336/393/461 328/383/460
f 336/384/461 329/375/447 321/365/449
s 0
f 337/385/658 338/396/658 330/386/658
f 330/377/659 338/398/659 339/387/659
f 331/388/660 339/387/660 340/389/660
f 332/379/661 340/389/661 341/390/661
f 333/380/662 341/390/662 342/391/662
f 342/391/663 343/392/663 335/382/663
f 343/392/664 344/403/664 336/393/664
f 344/394/665 337/385/665 329/375/665
s 1
f 345/395/470 346/406/473 338/396/471
f 346/397/473 347/408/666 339/387/474
f 339/387/474 347/408/666 348/399/475
f 340/389/476 348/399/475 349/400/477
f 341/390/478 349/400/477 350/401/479
f 342/391/480 350/401/479 351/402/481
f 351/402/481 352/413/484 344/403/483
f 352/404/484 345/395/470 337/385/472
s 0
f 353/405/667 354/417/667 346/406/667
f 346/397/668 354/416/668 355/407/668
f 347/408/669 355/407/669 356/409/669
f 348/399/670 356/409/670 357/410/670
f 349/400/671 357/410/671 358/411/671
f 358/411/672 359/412/672 351/402/672
f 359/412/673 360/418/673 352/413/673
f 360/414/674 353/405/674 345/395/674
f 8/14/493 1/3/493 2/2/493
f 2/4/493 3/6/493 5/9/493
f 3/6/493 4/8/493 5/9/493
f 5/9/493 6/11/493 7/12/493
f 8/14/493 5/9/493 7/12/493
f 354/416/494 353/419/494 359/412/494
f 353/419/494 360/418/494 359/412/494
f 359/412/494 358/411/494 357/410/494
f 354/416/494 359/412/494 356/409/494
f 357/410/494 356/409/494 359/412/494
f 362/420/675 364/421/675 361/422/675
f 366/423/676 368/424/676 365/422/676
f 370/425/677 372/426/677 369/422/677
f 374/427/678 376/428/678 373/422/678
f 378/429/679 380/430/679 377/422/679
f 382/431/680 384/432/680 381/422/680
f 386/433/681 388/434/681 385/422/681
f 389/422/682 391/435/682 392/436/682
f 394/437/683 396/438/683 393/422/683
f 398/439/684 400/440/684 397/422/684
f 362/420/675 363/441/675 364/421/675
f 366/423/676 367/442/676 368/424/676
f 370/425/677 371/443/677 372/426/677
f 374/427/678 375/444/678 376/428/678
f 378/429/679 379/445/679 380/430/679
f 382/431/680 383/446/680 384/432/680
f 386/433/681 387/447/681 388/434/681
f 389/422/682 390/448/682 391/435/682
f 394/437/683 395/449/683 396/438/683
f 398/439/684 399/450/684 400/440/684
f 402/420/685 401/422/685 404/421/685
f 406/423/686 405/422/686 408/424/686
f 410/425/687 409/422/687 412/426/687
f 414/427/688 413/422/688 416/428/688
f 418/429/689 417/422/689 420/430/689
f 422/431/690 421/422/690 424/432/690
f 426/433/691 425/422/691 428/434/691
f 429/422/692 432/436/692 431/435/692
f 434/437/693 433/422/693 436/438/693
f 438/439/694 437/422/694 440/440/694
f 402/420/685 404/421/685 403/441/685
f 406/423/686 408/424/686 407/442/686
f 410/425/687 412/426/687 411/443/687
f 414/427/688 416/428/688 415/444/688
f 418/429/689 420/430/689 419/445/689
f 422/431/690 424/432/690 423/446/690
f 426/433/691 428/434/691 427/447/691
f 429/422/692 431/435/692 430/448/692
f 434/437/693 436/438/693 435/449/693
f 438/439/694 440/440/694 439/450/694
f 443/451/695 442/452/695 445/453/695
f 454/454/696 445/455/696 442/456/696
f 454/457/697 441/458/697 444/459/697
f 443/451/698 445/453/698 447/460/698
f 444/461/699 447/462/699 445/463/699
f 444/459/700 441/458/700 446/464/700
f 443/451/701 447/460/701 449/465/701
f 446/466/702 449/467/702 447/468/702
f 446/464/703 441/458/703 448/469/703
f 443/451/704 449/465/704 451/470/704
f 448/471/705 451/472/705 449/467/705
f 448/469/706 441/458/706 450/473/706
f 443/451/707 451/470/707 453/474/707
f 450/475/708 453/476/708 451/477/708
f 450/473/709 441/458/709 452/478/709
f 443/451/710 453/474/710 442/452/710
f 452/479/711 442/456/711 453/480/711
f 452/478/712 441/458/712 454/457/712
f 454/454/696 444/481/696 445/455/696
f 444/461/699 446/482/699 447/462/699
f 446/466/702 448/471/702 449/467/702
f 448/471/705 450/483/705 451/472/705
f 450/475/708 452/484/708 453/476/708
f 452/479/711 454/454/711 442/456/711
f 457/485/695 456/486/695 459/487/695
f 468/488/696 459/489/696 456/490/696
f 468/491/697 455/492/697 458/493/697
f 457/485/698 459/487/698 461/494/698
f 458/495/699 461/496/699 459/497/699
f 458/493/700 455/492/700 460/498/700
f 457/485/701 461/494/701 463/499/701
f 460/500/702 463/501/702 461/502/702
f 460/498/703 455/492/703 462/503/703
f 457/485/704 463/499/704 465/504/704
f 462/505/705 465/506/705 463/501/705
f 462/503/706 455/492/706 464/507/706
f 457/485/707 465/504/707 467/508/707
f 464/509/708 467/510/708 465/511/708
f 464/507/709 455/492/709 466/512/709
f 457/485/710 467/508/710 456/486/710
f 466/513/711 456/490/711 467/514/711
f 466/512/712 455/492/712 468/491/712
f 468/488/696 458/515/696 459/489/696
f 458/495/699 460/516/699 461/496/699
f 460/500/702 462/505/702 463/501/702
f 462/505/705 464/517/705 465/506/705
f 464/509/708 466/518/708 467/510/708
f 466/513/711 468/488/711 456/490/711
f 471/519/695 470/520/695 473/521/695
f 482/522/696 473/523/696 470/524/696
f 482/525/697 469/526/697 472/527/697
f 471/519/698 473/521/698 475/528/698
f 472/529/699 475/530/699 473/531/699
f 472/527/700 469/526/700 474/532/700
f 471/519/701 475/528/701 477/533/701
f 474/534/702 477/535/702 475/536/702
f 474/532/703 469/526/703 476/537/703
f 471/519/704 477/533/704 479/538/704
f 476/539/705 479/540/705 477/535/705
f 476/537/706 469/526/706 478/541/706
f 471/519/707 479/538/707 481/542/707
f 478/543/708 481/544/708 479/545/708
f 478/541/709 469/526/709 480/546/709
f 471/519/710 481/542/710 470/520/710
f 480/547/711 470/524/711 481/548/711
f 480/546/712 469/526/712 482/525/712
f 482/522/696 472/549/696 473/523/696
f 472/529/699 474/550/699 475/530/699
f 474/534/702 476/539/702 477/535/702
f 476/539/705 478/551/705 479/540/705
f 478/543/708 480/552/708 481/544/708
f 480/547/711 482/522/711 470/524/711
f 485/553/695 484/554/695 487/555/695
f 496/556/696 487/557/696 484/558/696
f 496/559/697 483/560/697 486/561/697
f 485/553/698 487/555/698 489/562/698
f 486/563/699 489/564/699 487/565/699
f 486/561/700 483/560/700 488/566/700
f 485/553/701 489/562/701 491/567/701
f 488/568/702 491/569/702 489/570/702
f 488/566/703 483/560/703 490/571/703
f 485/553/704 491/567/704 493/572/704
f 490/573/705 493/574/705 491/569/705
f 490/571/706 483/560/706 492/575/706
f 485/553/707 493/572/707 495/576/707
f 492/577/708 495/578/708 493/579/708
f 492/575/709 483/560/709 494/580/709
f 485/553/710 495/576/710 484/554/710
f 494/581/711 484/558/711 495/582/711
f 494/580/712 483/560/712 496/559/712
f 496/556/696 486/583/696 487/557/696
f 486/563/699 488/584/699 489/564/699
f 488/568/702 490/573/702 491/569/702
f 490/573/705 492/585/705 493/574/705
f 492/577/708 494/586/708 495/578/708
f 494/581/711 496/556/711 484/558/711
f 499/587/695 498/588/695 501/589/695
f 510/590/696 501/591/696 498/592/696
f 510/593/697 497/594/697 500/595/697
f 499/587/698 501/589/698 503/596/698
f 500/597/699 503/598/699 501/599/699
f 500/595/700 497/594/700 502/600/700
f 499/587/701 503/596/701 505/601/701
f 502/602/702 505/603/702 503/604/702
f 502/600/703 497/594/703 504/605/703
f 499/587/704 505/601/704 507/606/704
f 504/607/705 507/608/705 505/603/705
f 504/605/706 497/594/706 506/609/706
f 499/587/707 507/606/707 509/610/707
f 506/611/708 509/612/708 507/613/708
f 506/609/709 497/594/709 508/614/709
f 499/587/710 509/610/710 498/588/710
f 508/615/711 498/592/711 509/616/711
f 508/614/712 497/594/712 510/593/712
f 510/590/696 500/617/696 501/591/696
f 500/597/699 502/618/699 503/598/699
f 502/602/702 504/607/702 505/603/702
f 504/607/705 506/619/705 507/608/705
f 506/611/708 508/620/708 509/612/708
f 508/615/711 510/590/711 498/592/711
f 513/621/695 512/622/695 515/623/695
f 524/624/696 515/625/696 512/626/696
f 524/627/697 511/628/697 514/629/697
f 513/621/698 515/623/698 517/630/698
f 514/631/699 517/632/699 515/633/699
f 514/629/700 511/628/700 516/634/700
f 513/621/701 517/630/701 519/635/701
f 516/636/702 519/637/702 517/638/702
f 516/634/703 511/628/703 518/639/703
f 513/621/704 519/635/704 521/640/704
f 518/641/705 521/642/705 519/637/705
f 518/639/706 511/628/706 520/643/706
f 513/621/707 521/640/707 523/644/707
f 520/645/708 523/646/708 521/647/708
f 520/643/709 511/628/709 522/648/709
f 513/621/710 523/644/710 512/622/710
f 522/649/711 512/626/711 523/650/711
f 522/648/712 511/628/712 524/627/712
f 524/624/696 514/651/696 515/625/696
f 514/631/699 516/652/699 517/632/699
f 516/636/702 518/641/702 519/637/702
f 518/641/705 520/653/705 521/642/705
f 520/645/708 522/654/708 523/646/708
f 522/649/711 524/624/711 512/626/711
f 527/655/695 526/656/695 529/657/695
f 538/658/696 529/659/696 526/660/696
f 538/661/697 525/662/697 528/663/697
f 527/655/698 529/657/698 531/664/698
f 528/665/699 531/666/699 529/667/699
f 528/663/700 525/662/700 530/668/700
f 527/655/701 531/664/701 533/669/701
f 530/670/702 533/671/702 531/672/702
f 530/668/703 525/662/703 532/673/703
f 527/655/704 533/669/704 535/674/704
f 532/675/705 535/676/705 533/671/705
f 532/673/706 525/662/706 534/677/706
f 527/655/707 535/674/707 537/678/707
f 534/679/708 537/680/708 535/681/708
f 534/677/709 525/662/709 536/682/709
f 527/655/710 537/678/710 526/656/710
f 536/683/711 526/660/711 537/684/711
f 536/682/712 525/662/712 538/661/712
f 538/658/696 528/685/696 529/659/696
f 528/665/699 530/686/699 531/666/699
f 530/670/702 532/675/702 533/671/702
f 532/675/705 534/687/705 535/676/705
f 534/679/708 536/688/708 537/680/708
f 536/683/711 538/658/711 526/660/711
f 541/689/695 540/690/695 543/691/695
f 552/692/696 543/693/696 540/694/696
f 552/695/697 539/696/697 542/697/697
f 541/689/698 543/691/698 545/698/698
f 542/699/699 545/700/699 543/701/699
f 542/697/700 539/696/700 544/702/700
f 541/689/701 545/698/701 547/703/701
f 544/704/702 547/705/702 545/706/702
f 544/702/703 539/696/703 546/707/703
f 541/689/704 547/703/704 549/708/704
f 546/709/705 549/710/705 547/705/705
f 546/707/706 539/696/706 548/711/706
f 541/689/707 549/708/707 551/712/707
f 548/713/708 551/714/708 549/715/708
f 548/711/709 539/696/709 550/716/709
f 541/689/710 551/712/710 540/690/710
f 550/717/711 540/694/711 551/718/711
f 550/716/712 539/696/712 552/695/712
f 552/692/696 542/719/696 543/693/696
f 542/699/699 544/720/699 545/700/699
f 544/704/702 546/709/702 547/705/702
f 546/709/705 548/721/705 549/710/705
f 548/713/708 550/722/708 551/714/708
f 550/717/711 552/692/711 540/694/711
f 555/723/695 554/724/695 557/725/695
f 566/726/696 557/727/696 554/728/696
f 566/729/697 553/730/697 556/731/697
f 555/723/698 557/725/698 559/732/698
f 556/733/699 559/734/699 557/735/699
f 556/731/700 553/730/700 558/736/700
f 555/723/701 559/732/701 561/737/701
f 558/738/702 561/739/702 559/740/702
f 558/736/703 553/730/703 560/741/703
f 555/723/704 561/737/704 563/742/704
f 560/743/705 563/744/705 561/739/705
f 560/741/706 553/730/706 562/745/706
f 555/723/707 563/742/707 565/746/707
f 562/747/708 565/748/708 563/749/708
f 562/745/709 553/730/709 564/750/709
f 555/723/710 565/746/710 554/724/710
f 564/751/711 554/728/711 565/752/711
f 564/750/712 553/730/712 566/729/712
f 566/726/696 556/753/696 557/727/696
f 556/733/699 558/754/699 559/734/699
f 558/738/702 560/743/702 561/739/702
f 560/743/705 562/755/705 563/744/705
f 562/747/708 564/756/708 565/748/708
f 564/751/711 566/726/711 554/728/711
f 569/757/695 568/758/695 571/759/695
f 580/760/696 571/761/696 568/762/696
f 580/763/697 567/764/697 570/765/697
f 569/757/698 571/759/698 573/766/698
f 570/767/699 573/768/699 571/769/699
f 570/765/700 567/764/700 572/770/700
f 569/757/701 573/766/701 575/771/701
f 572/772/702 575/773/702 573/774/702
f 572/770/703 567/764/703 574/775/703
f 569/757/704 575/771/704 577/776/704
f 574/777/705 577/778/705 575/773/705
f 574/775/706 567/764/706 576/779/706
f 569/757/707 577/776/707 579/780/707
f 576/781/708 579/782/708 577/783/708
f 576/779/709 567/764/709 578/784/709
f 569/757/710 579/780/710 568/758/710
f 578/785/711 568/762/711 579/786/711
f 578/784/712 567/764/712 580/763/712
f 580/760/696 570/787/696 571/761/696
f 570/767/699 572/788/699 573/768/699
f 572/772/702 574/777/702 575/773/702
f 574/777/705 576/789/705 577/778/705
f 576/781/708 578/790/708 579/782/708
f 578/785/711 580/760/711 568/762/711
f 583/791/695 582/792/695 585/793/695
f 594/794/696 585/795/696 582/796/696
f 594/797/697 581/798/697 584/799/697
f 583/791/698 585/793/698 587/800/698
f 584/801/699 587/802/699 585/803/699
f 584/799/700 581/798/700 586/804/700
f 583/791/701 587/800/701 589/805/701
f 586/806/702 589/807/702 587/808/702
f 586/804/703 581/798/703 588/809/703
f 583/791/704 589/805/704 591/810/704
f 588/811/705 591/812/705 589/807/705
f 588/809/706 581/798/706 590/813/706
f 583/791/707 591/810/707 593/814/707
f 590/815/708 593/816/708 591/817/708
f 590/813/709 581/798/709 592/818/709
f 583/791/710 593/814/710 582/792/710
f 592/819/711 582/796/711 593/820/711
f 592/818/712 581/798/712 594/797/712
f 594/794/696 584/821/696 585/795/696
f 584/801/699 586/822/699 587/802/699
f 586/806/702 588/811/702 589/807/702
f 588/811/705 590/823/705 591/812/705
f 590/815/708 592/824/708 593/816/708
f 592/819/711 594/794/711 582/796/711
f 597/825/695 596/826/695 599/827/695
f 608/828/696 599/829/696 596/830/696
f 608/831/697 595/832/697 598/833/697
f 597/825/698 599/827/698 601/834/698
f 598/835/699 601/836/699 599/837/699
f 598/833/700 595/832/700 600/838/700
f 597/825/701 601/834/701 603/839/701
f 600/840/702 603/841/702 601/842/702
f 600/838/703 595/832/703 602/843/703
f 597/825/704 603/839/704 605/844/704
f 602/845/705 605/846/705 603/841/705
f 602/843/706 595/832/706 604/847/706
f 597/825/707 605/844/707 607/848/707
f 604/849/708 607/850/708 605/851/708
f 604/847/709 595/832/709 606/852/709
f 597/825/710 607/848/710 596/826/710
f 606/853/711 596/830/711 607/854/711
f 606/852/712 595/832/712 608/831/712
f 608/828/696 598/855/696 599/829/696
f 598/835/699 600/856/699 601/836/699
f 600/840/702 602/845/702 603/841/702
f 602/845/705 604/857/705 605/846/705
f 604/849/708 606/858/708 607/850/708
f 606/853/711 608/828/711 596/830/711
o palm_j_crown
usemtl palm_j_crown
v -0.109991 6.598190 0.431675
v 0.015655 6.591801 0.454806
v 0.010221 6.935781 0.553503
v -0.106187 6.941681 0.532332
v -0.106187 6.941681 0.532332
v 0.010221 6.935781 0.553503
v -0.000324 7.271231 0.677492
v -0.106799 7.276592 0.658607
v -0.106799 7.276592 0.658607
v -0.000324 7.271231 0.677492
v -0.017222 7.592441 0.833951
v -0.112822 7.597211 0.817582
v -0.112822 7.597211 0.817582
v -0.017222 7.592441 0.833951
v -0.040938 7.893043 1.026190
v -0.124327 7.897158 1.012536
v -0.124327 7.897158 1.012536
v -0.040938 7.893043 1.026190
v -0.071563 8.165989 1.255103
v -0.140670 8.169354 1.244388
v -0.140670 8.169354 1.244388
v -0.071563 8.165989 1.255103
v -0.109286 8.403836 1.519381
v -0.160201 8.406280 1.511984
v -0.160201 8.406280 1.511984
v -0.109286 8.403836 1.519381
v -0.161653 8.599457 1.814629
v -0.173165 8.599999 1.813080
v -0.081858 7.050299 0.570323
v -0.090706 7.099424 0.594450
v -0.259495 7.224211 0.509133
v -0.257903 7.215368 0.504790
v -0.015503 7.046664 0.580350
v -0.010102 7.095628 0.610920
v 0.167904 7.174337 0.592716
v 0.166932 7.165524 0.587214
v -0.087844 7.139287 0.606532
v -0.087797 7.190160 0.625806
v -0.337013 7.384835 0.495785
v -0.337021 7.375678 0.492316
v -0.013228 7.132997 0.619104
v -0.015422 7.189030 0.639556
v 0.344792 7.369810 0.622233
v 0.345187 7.359724 0.618551
v -0.096527 7.227439 0.647872
v -0.083008 7.279984 0.656479
v -0.580302 7.619236 0.539307
v -0.582735 7.609777 0.537758
v -0.017080 7.224838 0.652841
v -0.015428 7.275178 0.677639
v 0.492594 7.639004 0.551629
v 0.492297 7.629942 0.547165
v -0.084605 7.315965 0.673321
v -0.099666 7.367470 0.707690
v -0.657927 7.758309 0.557907
v -0.655216 7.749038 0.551721
v -0.023172 7.312879 0.684004
v -0.014036 7.363163 0.722927
v 0.595166 7.767804 0.692715
v 0.593522 7.758753 0.685709
v -0.100076 7.399507 0.722868
v -0.089811 7.457698 0.739716
v -0.645580 7.865470 0.586272
v -0.647427 7.854996 0.583239
v -0.021106 7.402010 0.731953
v -0.021678 7.447818 0.756325
v 0.601587 7.867285 0.825897
v 0.601690 7.859039 0.821510
v -0.091258 7.492035 0.759792
v -0.105149 7.536427 0.789466
v -0.261252 7.797429 0.587966
v -0.249029 7.758364 0.561854
v -0.249029 7.758364 0.561854
v -0.261252 7.797429 0.587966
v -0.516168 7.939455 0.644360
v -0.513945 7.932353 0.639612
v -0.022019 7.484577 0.778585
v -0.027242 7.536523 0.796127
v 0.220023 7.735628 0.783797
v 0.224619 7.689915 0.768361
v 0.224619 7.689915 0.768361
v 0.220023 7.735628 0.783797
v 0.474585 7.840666 0.983555
v 0.475421 7.832354 0.980749
v -0.101657 7.575066 0.807922
v -0.102154 7.621955 0.833085
v -0.277235 7.838348 0.732254
v -0.276797 7.797087 0.710110
v -0.276797 7.797087 0.710110
v -0.277235 7.838348 0.732254
v -0.549184 7.969876 0.825216
v -0.549105 7.962374 0.821190
v -0.029575 7.571730 0.816212
v -0.027045 7.617948 0.849993
v 0.214366 7.836755 0.765487
v 0.212140 7.796082 0.735759
v 0.212140 7.796082 0.735759
v 0.214366 7.836755 0.765487
v 0.538030 7.996655 0.924376
v 0.537625 7.989260 0.918971
v -0.108376 7.657726 0.858475
v -0.103724 7.704906 0.879441
v -0.321363 8.010634 0.786906
v -0.325457 7.969116 0.768456
v -0.325457 7.969116 0.768456
v -0.321363 8.010634 0.786906
v -0.655822 8.175568 0.984336
v -0.656566 8.168018 0.980981
v -0.030324 7.649548 0.865521
v -0.034537 7.705758 0.897323
v 0.178016 7.907149 0.892881
v 0.181723 7.857684 0.864896
v 0.181723 7.857684 0.864896
v 0.178016 7.907149 0.892881
v 0.395912 7.986211 1.129498
v 0.396586 7.977218 1.124410
v -0.109314 7.739550 0.904836
v -0.111956 7.785482 0.935212
v -0.252881 8.024841 0.843901
v -0.250556 7.984422 0.817170
v -0.250556 7.984422 0.817170
v -0.252881 8.024841 0.843901
v -0.545838 8.218962 0.970730
v -0.545415 8.211612 0.965870
v -0.035788 7.737346 0.917799
v -0.038195 7.780380 0.946893
v 0.173012 7.991075 0.927125
v 0.175130 7.953205 0.901522
v 0.175130 7.953205 0.901522
v 0.173012 7.991075 0.927125
v 0.360608 8.057218 1.122819
v 0.360993 8.050332 1.118164
v -0.108648 7.821267 0.955026
v -0.122665 7.862695 0.992417
v -0.273119 8.113802 0.918644
v -0.260784 8.077345 0.885740
v -0.260784 8.077345 0.885740
v -0.273119 8.113802 0.918644
v -0.522922 8.291211 1.026097
v -0.520680 8.284583 1.020114
v -0.043128 7.817945 0.963795
v -0.040848 7.858729 1.007996
v 0.207006 8.096495 1.064904
v 0.205000 8.060605 1.026008
v 0.205000 8.060605 1.026008
v 0.207006 8.096495 1.064904
v 0.383787 8.085433 1.422824
v 0.383423 8.078907 1.415752
v -0.114487 7.897256 1.008007
v -0.127734 7.941851 1.052165
v -0.308081 8.172813 0.999820
v -0.296423 8.133571 0.960961
v -0.296423 8.133571 0.960961
v -0.308081 8.172813 0.999820
v -0.531056 8.225256 1.149242
v -0.528936 8.218121 1.142177
v -0.042765 7.891483 1.033085
v -0.052067 7.940359 1.051125
v 0.160564 8.197902 1.086837
v 0.168750 8.154892 1.070962
v 0.168750 8.154892 1.070962
v 0.160564 8.197902 1.086837
v 0.289409 8.219208 1.324803
v 0.290898 8.211388 1.321917
v -0.118363 7.977498 1.068908
v -0.135637 8.012562 1.109478
v -0.276920 8.238046 1.094808
v -0.261719 8.207191 1.059106
v -0.261719 8.207191 1.059106
v -0.276920 8.238046 1.094808
v -0.510789 8.331532 1.301841
v -0.508025 8.325922 1.295350
v -0.049708 7.967942 1.090295
v -0.056850 8.014874 1.111807
v 0.182685 8.239720 1.166644
v 0.188970 8.198420 1.147714
v 0.188970 8.198420 1.147714
v 0.182685 8.239720 1.166644
v 0.360483 8.238874 1.442818
v 0.361626 8.231365 1.439377
v -0.133687 8.044695 1.134307
v -0.132906 8.091986 1.167549
v -0.289000 8.314884 1.206086
v -0.289688 8.273268 1.176833
v -0.289688 8.273268 1.176833
v -0.289000 8.314884 1.206086
v -0.454834 8.255363 1.459394
v -0.454959 8.247796 1.454075
v -0.054785 8.040199 1.147952
v -0.064311 8.089260 1.177285
v 0.160283 8.355394 1.212256
v 0.168666 8.312222 1.186443
v 0.168666 8.312222 1.186443
v 0.160283 8.355394 1.212256
v 0.332786 8.354848 1.518682
v 0.334310 8.346999 1.513988
v -0.143154 8.112372 1.199054
v -0.136818 8.166315 1.231481
v -0.285835 8.371447 1.240599
v -0.291411 8.323977 1.212064
v -0.291411 8.323977 1.212064
v -0.285835 8.371447 1.240599
v -0.533288 8.437072 1.448593
v -0.534302 8.428441 1.443404
v -0.064480 8.117723 1.209244
v -0.067940 8.153768 1.244326
v 0.092588 8.355745 1.315235
v 0.095634 8.324026 1.284363
v 0.095634 8.324026 1.284363
v 0.092588 8.355745 1.315235
v 0.194325 8.334136 1.555902
v 0.194879 8.328369 1.550289
v -0.147843 8.186379 1.266055
v -0.146263 8.229416 1.298301
v -0.302807 8.457937 1.365585
v -0.304197 8.420065 1.337209
v -0.304197 8.420065 1.337209
v -0.302807 8.457937 1.365585
v -0.453456 8.425124 1.580271
v -0.453708 8.418239 1.575111
v -0.072214 8.186018 1.271871
v -0.074283 8.222606 1.315163
v 0.040150 8.391642 1.391486
v 0.041970 8.359445 1.353390
v 0.041970 8.359445 1.353390
v 0.040150 8.391642 1.391486
v 0.139934 8.423922 1.601028
v 0.140265 8.418068 1.594102
v -0.152028 8.254583 1.329862
v -0.156930 8.293134 1.373373
v -0.327938 8.521607 1.445326
v -0.323624 8.487683 1.407037
v -0.323624 8.487683 1.407037
v -0.327938 8.521607 1.445326
v -0.479885 8.509701 1.628031
v -0.479101 8.503532 1.621070
v -0.079179 8.253637 1.342591
v -0.082113 8.286932 1.382952
v 0.051209 8.457310 1.448780
v 0.053792 8.428010 1.413263
v 0.053792 8.428010 1.413263
v 0.051209 8.457310 1.448780
v 0.128789 8.366507 1.698284
v 0.129259 8.361179 1.691826
v -0.161350 8.318652 1.404547
v -0.163141 8.355513 1.442514
v -0.452941 8.483431 1.735018
v -0.452619 8.476796 1.728184
v -0.083554 8.311287 1.414914
v -0.093212 8.355756 1.454074
v 0.140662 8.562027 1.849752
v 0.142401 8.554023 1.842703
v -0.169777 8.378143 1.476625
v -0.170911 8.416427 1.519301
v -0.390898 8.595521 1.775547
v -0.390694 8.588630 1.767865
v -0.093238 8.374022 1.487916
v -0.099665 8.413454 1.529543
v 0.043605 8.478670 1.936106
v 0.044762 8.471573 1.928614
v -0.178900 8.434438 1.553227
v -0.178571 8.474459 1.596220
v -0.332110 8.561314 1.795495
v -0.332169 8.554110 1.787756
v -0.105989 8.440873 1.560137
v -0.103639 8.460956 1.610441
v 0.081150 8.526422 1.915378
v 0.080727 8.522807 1.906323
v -0.181910 8.495190 1.625516
v -0.192882 8.521683 1.681934
v -0.362659 8.545970 1.876759
v -0.360684 8.541201 1.866604
v -0.109522 8.485046 1.640143
v -0.117366 8.524787 1.688023
v -0.045488 8.569913 1.907342
v -0.044076 8.562760 1.898723
v -0.194497 8.540476 1.708162
v -0.198101 8.577746 1.761576
v -0.293721 8.592628 1.882967
v -0.293072 8.585920 1.873353
v -0.122150 8.546249 1.718565
v -0.122485 8.564963 1.771467
v -0.064567 8.577990 1.890929
v -0.064507 8.574622 1.881407
v -0.109991 6.598190 0.431675
v 0.015655 6.591801 0.454806
v 0.010221 6.935781 0.553503
v -0.106187 6.941681 0.532332
v -0.106187 6.941681 0.532332
v 0.010221 6.935781 0.553503
v -0.000324 7.271231 0.677492
v -0.106799 7.276592 0.658607
v -0.106799 7.276592 0.658607
v -0.000324 7.271231 0.677492
v -0.017222 7.592441 0.833951
v -0.112822 7.597211 0.817582
v -0.112822 7.597211 0.817582
v -0.017222 7.592441 0.833951
v -0.040938 7.893043 1.026190
v -0.124327 7.897158 1.012536
v -0.124327 7.897158 1.012536
v -0.040938 7.893043 1.026190
v -0.071563 8.165989 1.255103
v -0.140670 8.169354 1.244388
v -0.140670 8.169354 1.244388
v -0.071563 8.165989 1.255103
v -0.109286 8.403836 1.519381
v -0.160201 8.406280 1.511984
v -0.160201 8.406280 1.511984
v -0.109286 8.403836 1.519381
v -0.161653 8.599457 1.814629
v -0.173165 8.599999 1.813080
v -0.081858 7.050299 0.570323
v -0.090706 7.099424 0.594450
v -0.259495 7.224211 0.509133
v -0.257903 7.215368 0.504790
v -0.015503 7.046664 0.580350
v -0.010102 7.095628 0.610920
v 0.167904 7.174337 0.592716
v 0.166932 7.165524 0.587214
v -0.087844 7.139287 0.606532
v -0.087797 7.190160 0.625806
v -0.337013 7.384835 0.495785
v -0.337021 7.375678 0.492316
v -0.013228 7.132997 0.619104
v -0.015422 7.189030 0.639556
v 0.344792 7.369810 0.622233
v 0.345187 7.359724 0.618551
v -0.096527 7.227439 0.647872
v -0.083008 7.279984 0.656479
v -0.580302 7.619236 0.539307
v -0.582735 7.609777 0.537758
v -0.017080 7.224838 0.652841
v -0.015428 7.275178 0.677639
v 0.492594 7.639004 0.551629
v 0.492297 7.629942 0.547165
v -0.084605 7.315965 0.673321
v -0.099666 7.367470 0.707690
v -0.657927 7.758309 0.557907
v -0.655216 7.749038 0.551721
v -0.023172 7.312879 0.684004
v -0.014036 7.363163 0.722927
v 0.595166 7.767804 0.692715
v 0.593522 7.758753 0.685709
v -0.100076 7.399507 0.722868
v -0.089811 7.457698 0.739716
v -0.645580 7.865470 0.586272
v -0.647427 7.854996 0.583239
v -0.021106 7.402010 0.731953
v -0.021678 7.447818 0.756325
v 0.601587 7.867285 0.825897
v 0.601690 7.859039 0.821510
v -0.091258 7.492035 0.759792
v -0.105149 7.536427 0.789466
v -0.261252 7.797429 0.587966
v -0.249029 7.758364 0.561854
v -0.249029 7.758364 0.561854
v -0.261252 7.797429 0.587966
v -0.516168 7.939455 0.644360
v -0.513945 7.932353 0.639612
v -0.022019 7.484577 0.778585
v -0.027242 7.536523 0.796127
v 0.220023 7.735628 0.783797
v 0.224619 7.689915 0.768361
v 0.224619 7.689915 0.768361
v 0.220023 7.735628 0.783797
v 0.474585 7.840666 0.983555
v 0.475421 7.832354 0.980749
v -0.101657 7.575066 0.807922
v -0.102154 7.621955 0.833085
v -0.277235 7.838348 0.732254
v -0.276797 7.797087 0.710110
v -0.276797 7.797087 0.710110
v -0.277235 7.838348 0.732254
v -0.549184 7.969876 0.825216
v -0.549105 7.962374 0.821190
v -0.029575 7.571730 0.816212
v -0.027045 7.617948 0.849993
v 0.214366 7.836755 0.765487
v 0.212140 7.796082 0.735759
v 0.212140 7.796082 0.735759
v 0.214366 7.836755 0.765487
v 0.538030 7.996655 0.924376
v 0.537625 7.989260 0.918971
v -0.108376 7.657726 0.858475
v -0.103724 7.704906 0.879441
v -0.321363 8.010634 0.786906
v -0.325457 7.969116 0.768456
v -0.325457 7.969116 0.768456
v -0.321363 8.010634 0.786906
v -0.655822 8.175568 0.984336
v -0.656566 8.168018 0.980981
v -0.030324 7.649548 0.865521
v -0.034537 7.705758 0.897323
v 0.178016 7.907149 0.892881
v 0.181723 7.857684 0.864896
v 0.181723 7.857684 0.864896
v 0.178016 7.907149 0.892881
v 0.395912 7.986211 1.129498
v 0.396586 7.977218 1.124410
v -0.109314 7.739550 0.904836
v -0.111956 7.785482 0.935212
v -0.252881 8.024841 0.843901
v -0.250556 7.984422 0.817170
v -0.250556 7.984422 0.817170
v -0.252881 8.024841 0.843901
v -0.545838 8.218962 0.970730
v -0.545415 8.211612 0.965870
v -0.035788 7.737346 0.917799
v -0.038195 7.780380 0.946893
v 0.173012 7.991075 0.927125
v 0.175130 7.953205 0.901522
v 0.175130 7.953205 0.901522
v 0.173012 7.991075 0.927125
v 0.360608 8.057218 1.122819
v 0.360993 8.050332 1.118164
v -0.108648 7.821267 0.955026
v -0.122665 7.862695 0.992417
v -0.273119 8.113802 0.918644
v -0.260784 8.077345 0.885740
v -0.260784 8.077345 0.885740
v -0.273119 8.113802 0.918644
v -0.522922 8.291211 1.026097
v -0.520680 8.284583 1.020114
v -0.043128 7.817945 0.963795
v -0.040848 7.858729 1.007996
v 0.207006 8.096495 1.064904
v 0.205000 8.060605 1.026008
v 0.205000 8.060605 1.026008
v 0.207006 8.096495 1.064904
v 0.383787 8.085433 1.422824
v 0.383423 8.078907 1.415752
v -0.114487 7.897256 1.008007
v -0.127734 7.941851 1.052165
v -0.308081 8.172813 0.999820
v -0.296423 8.133571 0.960961
v -0.296423 8.133571 0.960961
v -0.308081 8.172813 0.999820
v -0.531056 8.225256 1.149242
v -0.528936 8.218121 1.142177
v -0.042765 7.891483 1.033085
v -0.052067 7.940359 1.051125
v 0.160564 8.197902 1.086837
v 0.168750 8.154892 1.070962
v 0.168750 8.154892 1.070962
v 0.160564 8.197902 1.086837
v 0.289409 8.219208 1.324803
v 0.290898 8.211388 1.321917
v -0.118363 7.977498 1.068908
v -0.135637 8.012562 1.109478
v -0.276920 8.238046 1.094808
v -0.261719 8.207191 1.059106
v -0.261719 8.207191 1.059106
v -0.276920 8.238046 1.094808
v -0.510789 8.331532 1.301841
v -0.508025 8.325922 1.295350
v -0.049708 7.967942 1.090295
v -0.056850 8.014874 1.111807
v 0.182685 8.239720 1.166644
v 0.188970 8.198420 1.147714
v 0.188970 8.198420 1.147714
v 0.182685 8.239720 1.166644
v 0.360483 8.238874 1.442818
v 0.361626 8.231365 1.439377
v -0.133687 8.044695 1.134307
v -0.132906 8.091986 1.167549
v -0.289000 8.314884 1.206086
v -0.289688 8.273268 1.176833
v -0.289688 8.273268 1.176833
v -0.289000 8.314884 1.206086
v -0.454834 8.255363 1.459394
v -0.454959 8.247796 1.454075
v -0.054785 8.040199 1.147952
v -0.064311 8.089260 1.177285
v 0.160283 8.355394 1.212256
v 0.168666 8.312222 1.186443
v 0.168666 8.312222 1.186443
v 0.160283 8.355394 1.212256
v 0.332786 8.354848 1.518682
v 0.334310 8.346999 1.513988
v -0.143154 8.112372 1.199054
v -0.136818 8.166315 1.231481
v -0.285835 8.371447 1.240599
v -0.291411 8.323977 1.212064
v -0.291411 8.323977 1.212064
v -0.285835 8.371447 1.240599
v -0.533288 8.437072 1.448593
v -0.534302 8.428441 1.443404
v -0.064480 8.117723 1.209244
v -0.067940 8.153768 1.244326
v 0.092588 8.355745 1.315235
v 0.095634 8.324026 1.284363
v 0.095634 8.324026 1.284363
v 0.092588 8.355745 1.315235
v 0.194325 8.334136 1.555902
v 0.194879 8.328369 1.550289
v -0.147843 8.186379 1.266055
v -0.146263 8.229416 1.298301
v -0.302807 8.457937 1.365585
v -0.304197 8.420065 1.337209
v -0.304197 8.420065 1.337209
v -0.302807 8.457937 1.365585
v -0.453456 8.425124 1.580271
v -0.453708 8.418239 1.575111
v -0.072214 8.186018 1.271871
v -0.074283 8.222606 1.315163
v 0.040150 8.391642 1.391486
v 0.041970 8.359445 1.353390
v 0.041970 8.359445 1.353390
v 0.040150 8.391642 1.391486
v 0.139934 8.423922 1.601028
v 0.140265 8.418068 1.594102
v -0.152028 8.254583 1.329862
v -0.156930 8.293134 1.373373
v -0.327938 8.521607 1.445326
v -0.323624 8.487683 1.407037
v -0.323624 8.487683 1.407037
v -0.327938 8.521607 1.445326
v -0.479885 8.509701 1.628031
v -0.479101 8.503532 1.621070
v -0.079179 8.253637 1.342591
v -0.082113 8.286932 1.382952
v 0.051209 8.457310 1.448780
v 0.053792 8.428010 1.413263
v 0.053792 8.428010 1.413263
v 0.051209 8.457310 1.448780
v 0.128789 8.366507 1.698284
v 0.129259 8.361179 1.691826
v -0.161350 8.318652 1.404547
v -0.163141 8.355513 1.442514
v -0.452941 8.483431 1.735018
v -0.452619 8.476796 1.728184
v -0.083554 8.311287 1.414914
v -0.093212 8.355756 1.454074
v 0.140662 8.562027 1.849752
v 0.142401 8.554023 1.842703
v -0.169777 8.378143 1.476625
v -0.170911 8.416427 1.519301
v -0.390898 8.595521 1.775547
v -0.390694 8.588630 1.767865
v -0.093238 8.374022 1.487916
v -0.099665 8.413454 1.529543
v 0.043605 8.478670 1.936106
v 0.044762 8.471573 1.928614
v -0.178900 8.434438 1.553227
v -0.178571 8.474459 1.596220
v -0.332110 8.561314 1.795495
v -0.332169 8.554110 1.787756
v -0.105989 8.440873 1.560137
v -0.103639 8.460956 1.610441
v 0.081150 8.526422 1.915378
v 0.080727 8.522807 1.906323
v -0.181910 8.495190 1.625516
v -0.192882 8.521683 1.681934
v -0.362659 8.545970 1.876759
v -0.360684 8.541201 1.866604
v -0.109522 8.485046 1.640143
v -0.117366 8.524787 1.688023
v -0.045488 8.569913 1.907342
v -0.044076 8.562760 1.898723
v -0.194497 8.540476 1.708162
v -0.198101 8.577746 1.761576
v -0.293721 8.592628 1.882967
v -0.293072 8.585920 1.873353
v -0.122150 8.546249 1.718565
v -0.122485 8.564963 1.771467
v -0.064567 8.577990 1.890929
v -0.064507 8.574622 1.881407
v 0.106697 6.533165 0.234236
v 0.028879 6.543546 0.133244
v 0.159911 6.901525 0.074979
v 0.232109 6.891913 0.168407
v 0.232109 6.891913 0.168407
v 0.159911 6.901525 0.074979
v 0.316276 7.244813 -0.004340
v 0.382505 7.236034 0.080861
v 0.382505 7.236034 0.080861
v 0.316276 7.244813 -0.004340
v 0.503897 7.564169 -0.110638
v 0.563594 7.556301 -0.034451
v 0.563594 7.556301 -0.034451
v 0.503897 7.564169 -0.110638
v 0.724053 7.849681 -0.246358
v 0.776375 7.842834 -0.180232
v 0.776375 7.842834 -0.180232
v 0.724053 7.849681 -0.246358
v 0.974930 8.090816 -0.411471
v 1.018532 8.085155 -0.356986
v 1.018532 8.085155 -0.356986
v 0.974930 8.090816 -0.411471
v 1.252201 8.276999 -0.603278
v 1.284527 8.272840 -0.563395
v 1.284527 8.272840 -0.563395
v 1.252201 8.276999 -0.603278
v 1.553853 8.397816 -0.810803
v 1.561213 8.396879 -0.801849
v 0.257763 6.972072 0.135574
v 0.271344 7.038618 0.118988
v 0.341807 7.128831 0.299837
v 0.339363 7.116853 0.302822
v 0.208352 6.986690 0.079774
v 0.229542 7.036128 0.056944
v 0.074389 7.167849 -0.028569
v 0.070575 7.158950 -0.024460
v 0.294349 7.066738 0.113085
v 0.317426 7.131586 0.096781
v 0.519387 7.260434 0.377692
v 0.515233 7.248760 0.380626
v 0.247695 7.077107 0.051821
v 0.272777 7.133343 0.040270
v 0.070040 7.372047 -0.265090
v 0.065526 7.361925 -0.263011
v 0.327900 7.164522 0.085921
v 0.370991 7.218443 0.075395
v 0.518513 7.544900 0.526848
v 0.510757 7.535194 0.528743
v 0.290046 7.171616 0.031594
v 0.317442 7.223474 0.012025
v 0.084171 7.507818 -0.348425
v 0.079240 7.498484 -0.344902
v 0.380692 7.260676 0.061295
v 0.409865 7.303607 0.047481
v 0.804159 7.678619 0.568204
v 0.798908 7.670891 0.570691
v 0.336760 7.264070 0.002673
v 0.362286 7.312335 -0.011510
v 0.028552 7.738227 -0.493464
v 0.023957 7.729539 -0.490911
v 0.436426 7.345653 0.035658
v 0.450462 7.396246 0.016440
v 0.808000 7.912765 0.574950
v 0.805473 7.903657 0.578409
v 0.382699 7.346947 -0.027529
v 0.412560 7.407072 -0.037895
v 0.090050 7.849134 -0.557075
v 0.084675 7.838312 -0.555209
v 0.486164 7.429789 0.006340
v 0.501790 7.485641 -0.015182
v 0.566986 7.806542 0.312143
v 0.553235 7.757392 0.331082
v 0.553235 7.757392 0.331082
v 0.566986 7.806542 0.312143
v 0.900745 7.936473 0.489796
v 0.898245 7.927536 0.493240
v 0.433773 7.438258 -0.059609
v 0.462427 7.489290 -0.066658
v 0.260771 7.775270 -0.165157
v 0.235555 7.730362 -0.158954
v 0.235555 7.730362 -0.158954
v 0.260771 7.775270 -0.165157
v 0.252972 7.922225 -0.627434
v 0.248387 7.914060 -0.626307
v 0.519897 7.520967 -0.027830
v 0.573896 7.563516 -0.046309
v 0.686494 7.776643 0.154974
v 0.638975 7.739200 0.171236
v 0.638975 7.739200 0.171236
v 0.686494 7.776643 0.154974
v 1.045566 7.812569 0.224587
v 1.036926 7.805761 0.227544
v 0.485680 7.525961 -0.081988
v 0.516225 7.570635 -0.109472
v 0.333838 7.842959 -0.194474
v 0.306958 7.803648 -0.170288
v 0.306958 7.803648 -0.170288
v 0.333838 7.842959 -0.194474
v 0.266902 8.010405 -0.485785
v 0.262015 8.003257 -0.481388
v 0.591623 7.601678 -0.062504
v 0.612782 7.646971 -0.081360
v 0.759030 7.912910 0.136704
v 0.740410 7.873053 0.153298
v 0.740410 7.873053 0.153298
v 0.759030 7.912910 0.136704
v 1.060326 7.941885 0.181420
v 1.056940 7.934639 0.184436
v 0.540127 7.608748 -0.114527
v 0.572249 7.652013 -0.146547
v 0.376293 7.973910 -0.251445
v 0.348025 7.935837 -0.223268
v 0.348025 7.935837 -0.223268
v 0.376293 7.973910 -0.251445
v 0.296509 8.189044 -0.587446
v 0.291370 8.182122 -0.582323
v 0.637786 7.685382 -0.099586
v 0.682017 7.722081 -0.118522
v 0.790245 7.940930 0.064294
v 0.751322 7.908636 0.080958
v 0.751322 7.908636 0.080958
v 0.790245 7.940930 0.064294
v 1.098648 8.006933 0.153301
v 1.091571 8.001061 0.156330
v 0.597454 7.690872 -0.150095
v 0.630173 7.728701 -0.185107
v 0.479989 8.035373 -0.336962
v 0.451195 8.002083 -0.306151
v 0.451195 8.002083 -0.306151
v 0.479989 8.035373 -0.336962
v 0.528895 8.118793 -0.772817
v 0.523660 8.112740 -0.767215
v 0.702216 7.760644 -0.137495
v 0.737791 7.799733 -0.159484
v 0.903987 8.093031 0.052989
v 0.872680 8.058632 0.072340
v 0.872680 8.058632 0.072340
v 0.903987 8.093031 0.052989
v 1.319429 8.163610 0.128709
v 1.313737 8.157355 0.132227
v 0.657626 7.765605 -0.197243
v 0.690050 7.806878 -0.216710
v 0.576608 8.047773 -0.408980
v 0.548075 8.011455 -0.391849
v 0.548075 8.011455 -0.391849
v 0.576608 8.047773 -0.408980
v 0.649388 8.006643 -0.760073
v 0.644200 8.000040 -0.756958
v 0.766511 7.831177 -0.177386
v 0.798269 7.875946 -0.202959
v 0.960472 8.116284 -0.052632
v 0.932525 8.076887 -0.030128
v 0.932525 8.076887 -0.030128
v 0.960472 8.116284 -0.052632
v 1.383792 8.180096 -0.001723
v 1.378711 8.172933 0.002369
v 0.715425 7.839235 -0.227740
v 0.756863 7.879991 -0.269451
v 0.645641 8.137569 -0.409264
v 0.609175 8.101705 -0.372559
v 0.609175 8.101705 -0.372559
v 0.645641 8.137569 -0.409264
v 0.712196 8.134627 -0.799264
v 0.705565 8.128107 -0.792590
v 0.830635 7.895844 -0.219218
v 0.863356 7.951433 -0.248960
v 1.042729 8.157828 -0.149075
v 1.013934 8.108909 -0.122902
v 1.013934 8.108909 -0.122902
v 1.042729 8.157828 -0.149075
v 1.330506 8.150341 -0.156347
v 1.325270 8.141446 -0.151588
v 0.783090 7.909224 -0.283739
v 0.818241 7.950153 -0.301151
v 0.760714 8.201588 -0.463246
v 0.729781 8.165570 -0.447923
v 0.729781 8.165570 -0.447923
v 0.760714 8.201588 -0.463246
v 0.823472 8.250742 -0.777562
v 0.817848 8.244193 -0.774776
v 0.891694 7.969932 -0.264933
v 0.935784 8.010486 -0.295493
v 1.135096 8.254731 -0.151779
v 1.096297 8.219044 -0.124886
v 1.096297 8.219044 -0.124886
v 1.135096 8.254731 -0.151779
v 1.491479 8.161656 -0.175951
v 1.484424 8.155169 -0.171062
v 0.851482 7.983942 -0.319612
v 0.883161 8.008571 -0.357389
v 0.822855 8.251741 -0.506441
v 0.794978 8.230067 -0.473197
v 0.794978 8.230067 -0.473197
v 0.822855 8.251741 -0.506441
v 0.892384 8.221921 -0.761021
v 0.887316 8.217980 -0.754977
v 0.954574 8.040112 -0.315960
v 1.010477 8.066009 -0.341056
v 1.177589 8.269703 -0.257862
v 1.128394 8.246915 -0.235778
v 1.128394 8.246915 -0.235778
v 1.177589 8.269703 -0.257862
v 1.470906 8.269923 -0.268562
v 1.461962 8.265780 -0.264546
v 0.914196 8.042902 -0.367887
v 0.957840 8.075311 -0.405561
v 0.925104 8.283430 -0.579711
v 0.886698 8.254910 -0.546558
v 0.886698 8.254910 -0.546558
v 0.925104 8.283430 -0.579711
v 1.014319 8.226357 -0.901863
v 1.007336 8.221171 -0.895835
v 1.027387 8.103024 -0.365341
v 1.079102 8.120951 -0.392508
v 1.309726 8.296615 -0.296253
v 1.264217 8.280840 -0.272347
v 1.264217 8.280840 -0.272347
v 1.309726 8.296615 -0.296253
v 1.662594 8.200745 -0.312962
v 1.654320 8.197877 -0.308615
v 0.983632 8.100930 -0.419719
v 1.029656 8.135131 -0.454414
v 1.022268 8.350249 -0.656636
v 0.981766 8.320153 -0.626105
v 0.981766 8.320153 -0.626105
v 1.022268 8.350249 -0.656636
v 1.103320 8.280991 -0.911068
v 1.095957 8.275518 -0.905517
v 1.100157 8.152742 -0.414781
v 1.151387 8.180825 -0.448021
v 1.393082 8.400719 -0.365648
v 1.347999 8.376006 -0.336397
v 1.347999 8.376006 -0.336397
v 1.393082 8.400719 -0.365648
v 1.611045 8.252894 -0.418016
v 1.602848 8.248401 -0.412697
v 1.059609 8.156696 -0.476764
v 1.098543 8.188954 -0.502168
v 1.107092 8.336901 -0.680531
v 1.072830 8.308514 -0.658175
v 1.072830 8.308514 -0.658175
v 1.107092 8.336901 -0.680531
v 1.183402 8.186598 -0.855756
v 1.177172 8.181436 -0.851692
v 1.182653 8.198101 -0.471358
v 1.217386 8.236100 -0.500494
v 1.774554 8.319166 -0.484289
v 1.768303 8.312327 -0.479045
v 1.133129 8.211117 -0.528278
v 1.173321 8.235164 -0.559544
v 1.298101 8.364646 -0.967856
v 1.290867 8.360318 -0.962228
v 1.252437 8.254302 -0.527102
v 1.299127 8.271401 -0.557608
v 1.739258 8.283881 -0.629147
v 1.730854 8.280803 -0.623655
v 1.204574 8.248879 -0.587146
v 1.253197 8.288898 -0.613371
v 1.395646 8.379767 -1.058375
v 1.386894 8.372564 -1.053654
v 1.326089 8.293081 -0.581270
v 1.379676 8.314670 -0.619882
v 1.749161 8.357654 -0.623474
v 1.739515 8.353768 -0.616524
v 1.286209 8.297482 -0.644852
v 1.325554 8.322338 -0.671938
v 1.418437 8.318889 -1.001994
v 1.411355 8.314415 -0.997118
v 1.411052 8.325393 -0.642449
v 1.451230 8.354601 -0.678507
v 1.686264 8.348476 -0.695720
v 1.679032 8.343218 -0.689230
v 1.357578 8.334660 -0.698219
v 1.410488 8.357399 -0.738201
v 1.506675 8.352960 -0.998223
v 1.497151 8.348866 -0.991026
v 1.483715 8.360881 -0.700507
v 1.537018 8.381216 -0.743364
v 1.671063 8.353947 -0.775916
v 1.661468 8.350287 -0.768202
v 1.435708 8.364314 -0.761029
v 1.490592 8.389841 -0.798128
v 1.540852 8.379318 -0.927072
v 1.530973 8.374724 -0.920394
v 0.106697 6.533165 0.234236
v 0.028879 6.543546 0.133244
v 0.159911 6.901525 0.074979
v 0.232109 6.891913 0.168407
v 0.232109 6.891913 0.168407
v 0.159911 6.901525 0.074979
v 0.316276 7.244813 -0.004340
v 0.382505 7.236034 0.080861
v 0.382505 7.236034 0.080861
v 0.316276 7.244813 -0.004340
v 0.503897 7.564169 -0.110638
v 0.563594 7.556301 -0.034451
v 0.563594 7.556301 -0.034451
v 0.503897 7.564169 -0.110638
v 0.724053 7.849681 -0.246358
v 0.776375 7.842834 -0.180232
v 0.776375 7.842834 -0.180232
v 0.724053 7.849681 -0.246358
v 0.974930 8.090816 -0.411471
v 1.018532 8.085155 -0.356986
v 1.018532 8.085155 -0.356986
v 0.974930 8.090816 -0.411471
v 1.252201 8.276999 -0.603278
v 1.284527 8.272840 -0.563395
v 1.284527 8.272840 -0.563395
v 1.252201 8.276999 -0.603278
v 1.553853 8.397816 -0.810803
v 1.561213 8.396879 -0.801849
v 0.257763 6.972072 0.135574
v 0.271344 7.038618 0.118988
v 0.341807 7.128831 0.299837
v 0.339363 7.116853 0.302822
v 0.208352 6.986690 0.079774
v 0.229542 7.036128 0.056944
v 0.074389 7.167849 -0.028569
v 0.070575 7.158950 -0.024460
v 0.294349 7.066738 0.113085
v 0.317426 7.131586 0.096781
v 0.519387 7.260434 0.377692
v 0.515233 7.248760 0.380626
v 0.247695 7.077107 0.051821
v 0.272777 7.133343 0.040270
v 0.070040 7.372047 -0.265090
v 0.065526 7.361925 -0.263011
v 0.327900 7.164522 0.085921
v 0.370991 7.218443 0.075395
v 0.518513 7.544900 0.526848
v 0.510757 7.535194 0.528743
v 0.290046 7.171616 0.031594
v 0.317442 7.223474 0.012025
v 0.084171 7.507818 -0.348425
v 0.079240 7.498484 -0.344902
v 0.380692 7.260676 0.061295
v 0.409865 7.303607 0.047481
v 0.804159 7.678619 0.568204
v 0.798908 7.670891 0.570691
v 0.336760 7.264070 0.002673
v 0.362286 7.312335 -0.011510
v 0.028552 7.738227 -0.493464
v 0.023957 7.729539 -0.490911
v 0.436426 7.345653 0.035658
v 0.450462 7.396246 0.016440
v 0.808000 7.912765 0.574950
v 0.805473 7.903657 0.578409
v 0.382699 7.346947 -0.027529
v 0.412560 7.407072 -0.037895
v 0.090050 7.849134 -0.557075
v 0.084675 7.838312 -0.555209
v 0.486164 7.429789 0.006340
v 0.501790 7.485641 -0.015182
v 0.566986 7.806542 0.312143
v 0.553235 7.757392 0.331082
v 0.553235 7.757392 0.331082
v 0.566986 7.806542 0.312143
v 0.900745 7.936473 0.489796
v 0.898245 7.927536 0.493240
v 0.433773 7.438258 -0.059609
v 0.462427 7.489290 -0.066658
v 0.260771 7.775270 -0.165157
v 0.235555 7.730362 -0.158954
v 0.235555 7.730362 -0.158954
v 0.260771 7.775270 -0.165157
v 0.252972 7.922225 -0.627434
v 0.248387 7.914060 -0.626307
v 0.519897 7.520967 -0.027830
v 0.573896 7.563516 -0.046309
v 0.686494 7.776643 0.154974
v 0.638975 7.739200 0.171236
v 0.638975 7.739200 0.171236
v 0.686494 7.776643 0.154974
v 1.045566 7.812569 0.224587
v 1.036926 7.805761 0.227544
v 0.485680 7.525961 -0.081988
v 0.516225 7.570635 -0.109472
v 0.333838 7.842959 -0.194474
v 0.306958 7.803648 -0.170288
v 0.306958 7.803648 -0.170288
v 0.333838 7.842959 -0.194474
v 0.266902 8.010405 -0.485785
v 0.262015 8.003257 -0.481388
v 0.591623 7.601678 -0.062504
v 0.612782 7.646971 -0.081360
v 0.759030 7.912910 0.136704
v 0.740410 7.873053 0.153298
v 0.740410 7.873053 0.153298
v 0.759030 7.912910 0.136704
v 1.060326 7.941885 0.181420
v 1.056940 7.934639 0.184436
v 0.540127 7.608748 -0.114527
v 0.572249 7.652013 -0.146547
v 0.376293 7.973910 -0.251445
v 0.348025 7.935837 -0.223268
v 0.348025 7.935837 -0.223268
v 0.376293 7.973910 -0.251445
v 0.296509 8.189044 -0.587446
v 0.291370 8.182122 -0.582323
v 0.637786 7.685382 -0.099586
v 0.682017 7.722081 -0.118522
v 0.790245 7.940930 0.064294
v 0.751322 7.908636 0.080958
v 0.751322 7.908636 0.080958
v 0.790245 7.940930 0.064294
v 1.098648 8.006933 0.153301
v 1.091571 8.001061 0.156330
v 0.597454 7.690872 -0.150095
v 0.630173 7.728701 -0.185107
v 0.479989 8.035373 -0.336962
v 0.451195 8.002083 -0.306151
v 0.451195 8.002083 -0.306151
v 0.479989 8.035373 -0.336962
v 0.528895 8.118793 -0.772817
v 0.523660 8.112740 -0.767215
v 0.702216 7.760644 -0.137495
v 0.737791 7.799733 -0.159484
v 0.903987 8.093031 0.052989
v 0.872680 8.058632 0.072340
v 0.872680 8.058632 0.072340
v 0.903987 8.093031 0.052989
v 1.319429 8.163610 0.128709
v 1.313737 8.157355 0.132227
v 0.657626 7.765605 -0.197243
v 0.690050 7.806878 -0.216710
v 0.576608 8.047773 -0.408980
v 0.548075 8.011455 -0.391849
v 0.548075 8.011455 -0.391849
v 0.576608 8.047773 -0.408980
v 0.649388 8.006643 -0.760073
v 0.644200 8.000040 -0.756958
v 0.766511 7.831177 -0.177386
v 0.798269 7.875946 -0.202959
v 0.960472 8.116284 -0.052632
v 0.932525 8.076887 -0.030128
v 0.932525 8.076887 -0.030128
v 0.960472 8.116284 -0.052632
v 1.383792 8.180096 -0.001723
v 1.378711 8.172933 0.002369
v 0.715425 7.839235 -0.227740
v 0.756863 7.879991 -0.269451
v 0.645641 8.137569 -0.409264
v 0.609175 8.101705 -0.372559
v 0.609175 8.101705 -0.372559
v 0.645641 8.137569 -0.409264
v 0.712196 8.134627 -0.799264
v 0.705565 8.128107 -0.792590
v 0.830635 7.895844 -0.219218
v 0.863356 7.951433 -0.248960
v 1.042729 8.157828 -0.149075
v 1.013934 8.108909 -0.122902
v 1.013934 8.108909 -0.122902
v 1.042729 8.157828 -0.149075
v 1.330506 8.150341 -0.156347
v 1.325270 8.141446 -0.151588
v 0.783090 7.909224 -0.283739
v 0.818241 7.950153 -0.301151
v 0.760714 8.201588 -0.463246
v 0.729781 8.165570 -0.447923
v 0.729781 8.165570 -0.447923
v 0.760714 8.201588 -0.463246
v 0.823472 8.250742 -0.777562
v 0.817848 8.244193 -0.774776
v 0.891694 7.969932 -0.264933
v 0.935784 8.010486 -0.295493
v 1.135096 8.254731 -0.151779
v 1.096297 8.219044 -0.124886
v 1.096297 8.219044 -0.124886
v 1.135096 8.254731 -0.151779
v 1.491479 8.161656 -0.175951
v 1.484424 8.155169 -0.171062
v 0.851482 7.983942 -0.319612
v 0.883161 8.008571 -0.357389
v 0.822855 8.251741 -0.506441
v 0.794978 8.230067 -0.473197
v 0.794978 8.230067 -0.473197
v 0.822855 8.251741 -0.506441
v 0.892384 8.221921 -0.761021
v 0.887316 8.217980 -0.754977
v 0.954574 8.040112 -0.315960
v 1.010477 8.066009 -0.341056
v 1.177589 8.269703 -0.257862
v 1.128394 8.246915 -0.235778
v 1.128394 8.246915 -0.235778
v 1.177589 8.269703 -0.257862
v 1.470906 8.269923 -0.268562
v 1.461962 8.265780 -0.264546
v 0.914196 8.042902 -0.367887
v 0.957840 8.075311 -0.405561
v 0.925104 8.283430 -0.579711
v 0.886698 8.254910 -0.546558
v 0.886698 8.254910 -0.546558
v 0.925104 8.283430 -0.579711
v 1.014319 8.226357 -0.901863
v 1.007336 8.221171 -0.895835
v 1.027387 8.103024 -0.365341
v 1.079102 8.120951 -0.392508
v 1.309726 8.296615 -0.296253
v 1.264217 8.280840 -0.272347
v 1.264217 8.280840 -0.272347
v 1.309726 8.296615 -0.296253
v 1.662594 8.200745 -0.312962
v 1.654320 8.197877 -0.308615
v 0.983632 8.100930 -0.419719
v 1.029656 8.135131 -0.454414
v 1.022268 8.350249 -0.656636
v 0.981766 8.320153 -0.626105
v 0.981766 8.320153 -0.626105
v 1.022268 8.350249 -0.656636
v 1.103320 8.280991 -0.911068
v 1.095957 8.275518 -0.905517
v 1.100157 8.152742 -0.414781
v 1.151387 8.180825 -0.448021
v 1.393082 8.400719 -0.365648
v 1.347999 8.376006 -0.336397
v 1.347999 8.376006 -0.336397
v 1.393082 8.400719 -0.365648
v 1.611045 8.252894 -0.418016
v 1.602848 8.248401 -0.412697
v 1.059609 8.156696 -0.476764
v 1.098543 8.188954 -0.502168
v 1.107092 8.336901 -0.680531
v 1.072830 8.308514 -0.658175
v 1.072830 8.308514 -0.658175
v 1.107092 8.336901 -0.680531
v 1.183402 8.186598 -0.855756
v 1.177172 8.181436 -0.851692
v 1.182653 8.198101 -0.471358
v 1.217386 8.236100 -0.500494
v 1.774554 8.319166 -0.484289
v 1.768303 8.312327 -0.479045
v 1.133129 8.211117 -0.528278
v 1.173321 8.235164 -0.559544
v 1.298101 8.364646 -0.967856
v 1.290867 8.360318 -0.962228
v 1.252437 8.254302 -0.527102
v 1.299127 8.271401 -0.557608
v 1.739258 8.283881 -0.629147
v 1.730854 8.280803 -0.623655
v 1.204574 8.248879 -0.587146
v 1.253197 8.288898 -0.613371
v 1.395646 8.379767 -1.058375
v 1.386894 8.372564 -1.053654
v 1.326089 8.293081 -0.581270
v 1.379676 8.314670 -0.619882
v 1.749161 8.357654 -0.623474
v 1.739515 8.353768 -0.616524
v 1.286209 8.297482 -0.644852
v 1.325554 8.322338 -0.671938
v 1.418437 8.318889 -1.001994
v 1.411355 8.314415 -0.997118
v 1.411052 8.325393 -0.642449
v 1.451230 8.354601 -0.678507
v 1.686264 8.348476 -0.695720
v 1.679032 8.343218 -0.689230
v 1.357578 8.334660 -0.698219
v 1.410488 8.357399 -0.738201
v 1.506675 8.352960 -0.998223
v 1.497151 8.348866 -0.991026
v 1.483715 8.360881 -0.700507
v 1.537018 8.381216 -0.743364
v 1.671063 8.353947 -0.775916
v 1.661468 8.350287 -0.768202
v 1.435708 8.364314 -0.761029
v 1.490592 8.389841 -0.798128
v 1.540852 8.379318 -0.927072
v 1.530973 8.374724 -0.920394
v -0.180762 6.543896 0.175560
v -0.186340 6.534656 0.303021
v -0.400112 6.848989 0.310968
v -0.393750 6.857498 0.192981
v -0.393750 6.857498 0.192981
v -0.400112 6.848989 0.310968
v -0.642039 7.142682 0.311869
v -0.634009 7.150365 0.204170
v -0.634009 7.150365 0.204170
v -0.642039 7.142682 0.311869
v -0.917290 7.405487 0.301122
v -0.907385 7.412261 0.204758
v -0.907385 7.412261 0.204758
v -0.917290 7.405487 0.301122
v -1.225356 7.627795 0.274142
v -1.213853 7.633565 0.190527
v -1.213853 7.633565 0.190527
v -1.225356 7.627795 0.274142
v -1.561616 7.800244 0.226491
v -1.549344 7.804885 0.157718
v -1.549344 7.804885 0.157718
v -1.561616 7.800244 0.226491
v -1.917664 7.914185 0.154126
v -1.906369 7.917481 0.103981
v -1.906369 7.917481 0.103981
v -1.917664 7.914185 0.154126
v -2.279628 7.962766 0.047208
v -2.276518 7.963479 0.036025
v -0.485584 6.978654 0.223747
v -0.523448 7.016827 0.213722
v -0.407275 7.211557 0.041464
v -0.400460 7.204686 0.043269
v -0.488799 6.972989 0.289797
v -0.529553 7.011806 0.296512
v -0.500593 7.117781 0.480349
v -0.493258 7.110795 0.479141
v -0.556495 7.050333 0.214184
v -0.581326 7.099033 0.226101
v -0.550937 7.351176 -0.103875
v -0.546467 7.342410 -0.106020
v -0.560518 7.041110 0.299216
v -0.587470 7.097606 0.289855
v -0.608689 7.257149 0.647539
v -0.603837 7.246980 0.649224
v -0.622473 7.128195 0.215728
v -0.648797 7.170999 0.225955
v -0.701717 7.501406 -0.240543
v -0.696979 7.493701 -0.242384
v -0.619338 7.122555 0.294369
v -0.663027 7.166027 0.296037
v -0.684116 7.424332 0.741019
v -0.676252 7.416507 0.740719
v -0.690203 7.200472 0.214469
v -0.719137 7.244250 0.227072
v -0.719618 7.645597 -0.253123
v -0.714410 7.637717 -0.255391
v -0.690489 7.201825 0.290970
v -0.730949 7.232329 0.299219
v -0.680252 7.627845 0.791815
v -0.672969 7.622355 0.790330
v -0.756424 7.272070 0.217772
v -0.795651 7.313538 0.221932
v -0.775813 7.811409 -0.261086
v -0.768752 7.803946 -0.261834
v -0.763152 7.268217 0.295477
v -0.802096 7.306869 0.292785
v -0.890512 7.695307 0.844328
v -0.883502 7.688350 0.844813
v -0.829720 7.342842 0.218413
v -0.869762 7.378662 0.217596
v -0.857905 7.603081 -0.015255
v -0.822668 7.571560 -0.014537
v -0.822668 7.571560 -0.014537
v -0.857905 7.603081 -0.015255
v -1.053943 7.661505 -0.395468
v -1.047536 7.655773 -0.395337
v -0.832068 7.338019 0.289489
v -0.881731 7.373013 0.294977
v -0.844287 7.632633 0.495566
v -0.800583 7.601838 0.490737
v -0.800583 7.601838 0.490737
v -0.844287 7.632633 0.495566
v -0.966931 7.785734 0.757139
v -0.958984 7.780135 0.756261
v -0.901154 7.407500 0.218028
v -0.950400 7.444533 0.212260
v -0.898499 7.714652 0.057077
v -0.855162 7.682062 0.062153
v -0.855162 7.682062 0.062153
v -0.898499 7.714652 0.057077
v -1.013834 7.851827 -0.214343
v -1.005955 7.845901 -0.213420
v -0.909644 7.404255 0.289135
v -0.957436 7.437361 0.289492
v -1.011721 7.650576 0.516814
v -0.969664 7.621443 0.516500
v -0.969664 7.621443 0.516500
v -1.011721 7.650576 0.516814
v -1.247870 7.702669 0.784778
v -1.240224 7.697371 0.784720
v -0.978057 7.472493 0.215913
v -1.030356 7.504079 0.206360
v -1.051456 7.764000 0.003032
v -1.005433 7.736204 0.011439
v -1.005433 7.736204 0.011439
v -1.051456 7.764000 0.003032
v -1.252386 7.815216 -0.282895
v -1.244018 7.810162 -0.281366
v -0.995383 7.464064 0.289056
v -1.029832 7.502148 0.281420
v -1.082311 7.768682 0.579793
v -1.051997 7.735168 0.586513
v -1.051997 7.735168 0.586513
v -1.082311 7.768682 0.579793
v -1.386884 7.736214 0.887887
v -1.381372 7.730120 0.889109
v -1.056125 7.529736 0.209435
v -1.113582 7.565314 0.202479
v -1.180774 7.894674 -0.094137
v -1.130212 7.863365 -0.088015
v -1.130212 7.863365 -0.088015
v -1.180774 7.894674 -0.094137
v -1.391714 7.937941 -0.400955
v -1.382520 7.932248 -0.399842
v -1.068067 7.532629 0.277738
v -1.119777 7.552122 0.282226
v -1.209898 7.774272 0.545048
v -1.164393 7.757118 0.541099
v -1.164393 7.757118 0.541099
v -1.209898 7.774272 0.545048
v -1.427149 7.779675 0.774500
v -1.418875 7.776556 0.773782
v -1.143659 7.582582 0.197301
v -1.191626 7.624547 0.201761
v -1.232655 7.901137 -0.011905
v -1.190444 7.864208 -0.015831
v -1.190444 7.864208 -0.015831
v -1.232655 7.901137 -0.011905
v -1.409434 7.933775 -0.270476
v -1.401759 7.927061 -0.271189
v -1.156137 7.578894 0.277317
v -1.198678 7.618001 0.269623
v -1.359562 7.844486 0.500434
v -1.322126 7.810072 0.507204
v -1.322126 7.810072 0.507204
v -1.359562 7.844486 0.500434
v -1.750591 7.669236 0.676222
v -1.743784 7.662979 0.677453
v -1.224471 7.639312 0.193922
v -1.280488 7.673163 0.189651
v -1.328276 7.968776 -0.037600
v -1.278982 7.938986 -0.033842
v -1.278982 7.938986 -0.033842
v -1.328276 7.968776 -0.037600
v -1.565681 8.005775 -0.384354
v -1.556718 8.000360 -0.383671
v -1.240261 7.632391 0.271039
v -1.285678 7.669917 0.260217
v -1.371213 7.898502 0.485245
v -1.331246 7.865479 0.494769
v -1.331246 7.865479 0.494769
v -1.371213 7.898502 0.485245
v -1.596228 7.839354 0.671001
v -1.588962 7.833349 0.672732
v -1.318472 7.689662 0.182352
v -1.360039 7.721095 0.182957
v -1.424191 7.924149 -0.024244
v -1.387613 7.896487 -0.024776
v -1.387613 7.896487 -0.024776
v -1.424191 7.924149 -0.024244
v -1.648596 7.846803 -0.321278
v -1.641945 7.841774 -0.321375
v -1.329167 7.685832 0.259946
v -1.371828 7.714832 0.252830
v -1.584152 7.937179 0.499205
v -1.546610 7.911657 0.505467
v -1.546610 7.911657 0.505467
v -1.584152 7.937179 0.499205
v -1.869032 7.768411 0.622174
v -1.862206 7.763770 0.623313
v -1.399314 7.739689 0.177903
v -1.456513 7.761639 0.166113
v -1.535877 7.992831 -0.040923
v -1.485542 7.973516 -0.030548
v -1.485542 7.973516 -0.030548
v -1.535877 7.992831 -0.040923
v -1.683585 7.963398 -0.243390
v -1.674433 7.959886 -0.241503
v -1.412880 7.737527 0.246864
v -1.466992 7.753782 0.244379
v -1.628733 7.919604 0.417275
v -1.581115 7.905300 0.419462
v -1.581115 7.905300 0.419462
v -1.628733 7.919604 0.417275
v -1.917373 7.774396 0.550935
v -1.908715 7.771795 0.551332
v -1.488450 7.777577 0.162358
v -1.548049 7.806471 0.157288
v -1.643565 7.995849 0.009443
v -1.591117 7.970423 0.013905
v -1.591117 7.970423 0.013905
v -1.643565 7.995849 0.009443
v -1.863390 7.865482 -0.198156
v -1.853854 7.860859 -0.197345
v -1.506811 7.776521 0.237095
v -1.555342 7.797588 0.229511
v -1.756929 8.015252 0.412073
v -1.714222 7.996713 0.418748
v -1.714222 7.996713 0.418748
v -1.756929 8.015252 0.412073
v -2.008515 7.896374 0.517016
v -2.000751 7.893003 0.518229
v -1.583144 7.819877 0.150635
v -1.637007 7.838849 0.141505
v -1.757582 8.000857 -0.056031
v -1.710183 7.984163 -0.047997
v -1.710183 7.984163 -0.047997
v -1.757582 8.000857 -0.056031
v -1.978372 7.812933 -0.293293
v -1.969754 7.809898 -0.291832
v -1.595817 7.815754 0.223042
v -1.651648 7.833117 0.215765
v -1.816013 7.984093 0.352965
v -1.766882 7.968813 0.359369
v -1.766882 7.968813 0.359369
v -1.816013 7.984093 0.352965
v -2.023884 7.858639 0.439107
v -2.014951 7.855861 0.440272
v -1.674220 7.852715 0.135410
v -1.732211 7.872355 0.126002
v -1.859916 7.997898 -0.011091
v -1.808885 7.980615 -0.002812
v -1.808885 7.980615 -0.002812
v -1.859916 7.997898 -0.011091
v -2.027599 7.815805 -0.154655
v -2.018321 7.812663 -0.153150
v -1.691833 7.842620 0.211711
v -1.743619 7.872683 0.196045
v -1.941649 8.033694 0.311904
v -1.896078 8.007239 0.325690
v -1.896078 8.007239 0.325690
v -1.941649 8.033694 0.311904
v -2.201095 7.954759 0.407124
v -2.192810 7.949949 0.409631
v -1.773717 7.881634 0.116250
v -1.821243 7.901170 0.111138
v -2.084692 7.954465 -0.209217
v -2.076138 7.950948 -0.208297
v -1.788578 7.874009 0.193997
v -1.837158 7.899119 0.179382
v -2.263162 7.895960 0.387180
v -2.254417 7.891440 0.389811
v -1.866227 7.908055 0.099321
v -1.919133 7.923416 0.090621
v -2.197702 7.904566 -0.245719
v -2.188178 7.901801 -0.244153
v -1.877558 7.904989 0.174012
v -1.940376 7.916900 0.161536
v -2.359297 7.873094 0.323263
v -2.347990 7.870949 0.325509
v -1.962105 7.931385 0.080747
v -2.015074 7.939279 0.068241
v -2.230656 7.889836 -0.187081
v -2.221122 7.888415 -0.184830
v -1.975966 7.926239 0.153602
v -2.035631 7.934943 0.140575
v -2.349878 7.857643 0.284342
v -2.339138 7.856076 0.286687
v -2.059788 7.944527 0.057383
v -2.110099 7.955957 0.047256
v -2.297023 7.893915 -0.185455
v -2.287967 7.891857 -0.183632
v -2.072321 7.946760 0.129994
v -2.133867 7.944346 0.119380
v -2.357555 7.898400 0.193868
v -2.346476 7.898834 0.195779
v -2.148785 7.958076 0.036899
v -2.214215 7.962647 0.020013
v -2.296055 7.908905 -0.077008
v -2.284278 7.908081 -0.073968
v -2.173360 7.950268 0.108272
v -2.227865 7.961186 0.092886
v -2.362687 7.892950 0.144160
v -2.352876 7.890985 0.146929
v -0.180762 6.543896 0.175560
v -0.186340 6.534656 0.303021
v -0.400112 6.848989 0.310968
v -0.393750 6.857498 0.192981
v -0.393750 6.857498 0.192981
v -0.400112 6.848989 0.310968
v -0.642039 7.142682 0.311869
v -0.634009 7.150365 0.204170
v -0.634009 7.150365 0.204170
v -0.642039 7.142682 0.311869
v -0.917290 7.405487 0.301122
v -0.907385 7.412261 0.204758
v -0.907385 7.412261 0.204758
v -0.917290 7.405487 0.301122
v -1.225356 7.627795 0.274142
v -1.213853 7.633565 0.190527
v -1.213853 7.633565 0.190527
v -1.225356 7.627795 0.274142
v -1.561616 7.800244 0.226491
v -1.549344 7.804885 0.157718
v -1.549344 7.804885 0.157718
v -1.561616 7.800244 0.226491
v -1.917664 7.914185 0.154126
v -1.906369 7.917481 0.103981
v -1.906369 7.917481 0.103981
v -1.917664 7.914185 0.154126
v -2.279628 7.962766 0.047208
v -2.276518 7.963479 0.036025
v -0.485584 6.978654 0.223747
v -0.523448 7.016827 0.213722
v -0.407275 7.211557 0.041464
v -0.400460 7.204686 0.043269
v -0.488799 6.972989 0.289797
v -0.529553 7.011806 0.296512
v -0.500593 7.117781 0.480349
v -0.493258 7.110795 0.479141
v -0.556495 7.050333 0.214184
v -0.581326 7.099033 0.226101
v -0.550937 7.351176 -0.103875
v -0.546467 7.342410 -0.106020
v -0.560518 7.041110 0.299216
v -0.587470 7.097606 0.289855
v -0.608689 7.257149 0.647539
v -0.603837 7.246980 0.649224
v -0.622473 7.128195 0.215728
v -0.648797 7.170999 0.225955
v -0.701717 7.501406 -0.240543
v -0.696979 7.493701 -0.242384
v -0.619338 7.122555 0.294369
v -0.663027 7.166027 0.296037
v -0.684116 7.424332 0.741019
v -0.676252 7.416507 0.740719
v -0.690203 7.200472 0.214469
v -0.719137 7.244250 0.227072
v -0.719618 7.645597 -0.253123
v -0.714410 7.637717 -0.255391
v -0.690489 7.201825 0.290970
v -0.730949 7.232329 0.299219
v -0.680252 7.627845 0.791815
v -0.672969 7.622355 0.790330
v -0.756424 7.272070 0.217772
v -0.795651 7.313538 0.221932
v -0.775813 7.811409 -0.261086
v -0.768752 7.803946 -0.261834
v -0.763152 7.268217 0.295477
v -0.802096 7.306869 0.292785
v -0.890512 7.695307 0.844328
v -0.883502 7.688350 0.844813
v -0.829720 7.342842 0.218413
v -0.869762 7.378662 0.217596
v -0.857905 7.603081 -0.015255
v -0.822668 7.571560 -0.014537
v -0.822668 7.571560 -0.014537
v -0.857905 7.603081 -0.015255
v -1.053943 7.661505 -0.395468
v -1.047536 7.655773 -0.395337
v -0.832068 7.338019 0.289489
v -0.881731 7.373013 0.294977
v -0.844287 7.632633 0.495566
v -0.800583 7.601838 0.490737
v -0.800583 7.601838 0.490737
v -0.844287 7.632633 0.495566
v -0.966931 7.785734 0.757139
v -0.958984 7.780135 0.756261
v -0.901154 7.407500 0.218028
v -0.950400 7.444533 0.212260
v -0.898499 7.714652 0.057077
v -0.855162 7.682062 0.062153
v -0.855162 7.682062 0.062153
v -0.898499 7.714652 0.057077
v -1.013834 7.851827 -0.214343
v -1.005955 7.845901 -0.213420
v -0.909644 7.404255 0.289135
v -0.957436 7.437361 0.289492
v -1.011721 7.650576 0.516814
v -0.969664 7.621443 0.516500
v -0.969664 7.621443 0.516500
v -1.011721 7.650576 0.516814
v -1.247870 7.702669 0.784778
v -1.240224 7.697371 0.784720
v -0.978057 7.472493 0.215913
v -1.030356 7.504079 0.206360
v -1.051456 7.764000 0.003032
v -1.005433 7.736204 0.011439
v -1.005433 7.736204 0.011439
v -1.051456 7.764000 0.003032
v -1.252386 7.815216 -0.282895
v -1.244018 7.810162 -0.281366
v -0.995383 7.464064 0.289056
v -1.029832 7.502148 0.281420
v -1.082311 7.768682 0.579793
v -1.051997 7.735168 0.586513
v -1.051997 7.735168 0.586513
v -1.082311 7.768682 0.579793
v -1.386884 7.736214 0.887887
v -1.381372 7.730120 0.889109
v -1.056125 7.529736 0.209435
v -1.113582 7.565314 0.202479
v -1.180774 7.894674 -0.094137
v -1.130212 7.863365 -0.088015
v -1.130212 7.863365 -0.088015
v -1.180774 7.894674 -0.094137
v -1.391714 7.937941 -0.400955
v -1.382520 7.932248 -0.399842
v -1.068067 7.532629 0.277738
v -1.119777 7.552122 0.282226
v -1.209898 7.774272 0.545048
v -1.164393 7.757118 0.541099
v -1.164393 7.757118 0.541099
v -1.209898 7.774272 0.545048
v -1.427149 7.779675 0.774500
v -1.418875 7.776556 0.773782
v -1.143659 7.582582 0.197301
v -1.191626 7.624547 0.201761
v -1.232655 7.901137 -0.011905
v -1.190444 7.864208 -0.015831
v -1.190444 7.864208 -0.015831
v -1.232655 7.901137 -0.011905
v -1.409434 7.933775 -0.270476
v -1.401759 7.927061 -0.271189
v -1.156137 7.578894 0.277317
v -1.198678 7.618001 0.269623
v -1.359562 7.844486 0.500434
v -1.322126 7.810072 0.507204
v -1.322126 7.810072 0.507204
v -1.359562 7.844486 0.500434
v -1.750591 7.669236 0.676222
v -1.743784 7.662979 0.677453
v -1.224471 7.639312 0.193922
v -1.280488 7.673163 0.189651
v -1.328276 7.968776 -0.037600
v -1.278982 7.938986 -0.033842
v -1.278982 7.938986 -0.033842
v -1.328276 7.968776 -0.037600
v -1.565681 8.005775 -0.384354
v -1.556718 8.000360 -0.383671
v -1.240261 7.632391 0.271039
v -1.285678 7.669917 0.260217
v -1.371213 7.898502 0.485245
v -1.331246 7.865479 0.494769
v -1.331246 7.865479 0.494769
v -1.371213 7.898502 0.485245
v -1.596228 7.839354 0.671001
v -1.588962 7.833349 0.672732
v -1.318472 7.689662 0.182352
v -1.360039 7.721095 0.182957
v -1.424191 7.924149 -0.024244
v -1.387613 7.896487 -0.024776
v -1.387613 7.896487 -0.024776
v -1.424191 7.924149 -0.024244
v -1.648596 7.846803 -0.321278
v -1.641945 7.841774 -0.321375
v -1.329167 7.685832 0.259946
v -1.371828 7.714832 0.252830
v -1.584152 7.937179 0.499205
v -1.546610 7.911657 0.505467
v -1.546610 7.911657 0.505467
v -1.584152 7.937179 0.499205
v -1.869032 7.768411 0.622174
v -1.862206 7.763770 0.623313
v -1.399314 7.739689 0.177903
v -1.456513 7.761639 0.166113
v -1.535877 7.992831 -0.040923
v -1.485542 7.973516 -0.030548
v -1.485542 7.973516 -0.030548
v -1.535877 7.992831 -0.040923
v -1.683585 7.963398 -0.243390
v -1.674433 7.959886 -0.241503
v -1.412880 7.737527 0.246864
v -1.466992 7.753782 0.244379
v -1.628733 7.919604 0.417275
v -1.581115 7.905300 0.419462
v -1.581115 7.905300 0.419462
v -1.628733 7.919604 0.417275
v -1.917373 7.774396 0.550935
v -1.908715 7.771795 0.551332
v -1.488450 7.777577 0.162358
v -1.548049 7.806471 0.157288
v -1.643565 7.995849 0.009443
v -1.591117 7.970423 0.013905
v -1.591117 7.970423 0.013905
v -1.643565 7.995849 0.009443
v -1.863390 7.865482 -0.198156
v -1.853854 7.860859 -0.197345
v -1.506811 7.776521 0.237095
v -1.555342 7.797588 0.229511
v -1.756929 8.015252 0.412073
v -1.714222 7.996713 0.418748
v -1.714222 7.996713 0.418748
v -1.756929 8.015252 0.412073
v -2.008515 7.896374 0.517016
v -2.000751 7.893003 0.518229
v -1.583144 7.819877 0.150635
v -1.637007 7.838849 0.141505
v -1.757582 8.000857 -0.056031
v -1.710183 7.984163 -0.047997
v -1.710183 7.984163 -0.047997
v -1.757582 8.000857 -0.056031
v -1.978372 7.812933 -0.293293
v -1.969754 7.809898 -0.291832
v -1.595817 7.815754 0.223042
v -1.651648 7.833117 0.215765
v -1.816013 7.984093 0.352965
v -1.766882 7.968813 0.359369
v -1.766882 7.968813 0.359369
v -1.816013 7.984093 0.352965
v -2.023884 7.858639 0.439107
v -2.014951 7.855861 0.440272
v -1.674220 7.852715 0.135410
v -1.732211 7.872355 0.126002
v -1.859916 7.997898 -0.011091
v -1.808885 7.980615 -0.002812
v -1.808885 7.980615 -0.002812
v -1.859916 7.997898 -0.011091
v -2.027599 7.815805 -0.154655
v -2.018321 7.812663 -0.153150
v -1.691833 7.842620 0.211711
v -1.743619 7.872683 0.196045
v -1.941649 8.033694 0.311904
v -1.896078 8.007239 0.325690
v -1.896078 8.007239 0.325690
v -1.941649 8.033694 0.311904
v -2.201095 7.954759 0.407124
v -2.192810 7.949949 0.409631
v -1.773717 7.881634 0.116250
v -1.821243 7.901170 0.111138
v -2.084692 7.954465 -0.209217
v -2.076138 7.950948 -0.208297
v -1.788578 7.874009 0.193997
v -1.837158 7.899119 0.179382
v -2.263162 7.895960 0.387180
v -2.254417 7.891440 0.389811
v -1.866227 7.908055 0.099321
v -1.919133 7.923416 0.090621
v -2.197702 7.904566 -0.245719
v -2.188178 7.901801 -0.244153
v -1.877558 7.904989 0.174012
v -1.940376 7.916900 0.161536
v -2.359297 7.873094 0.323263
v -2.347990 7.870949 0.325509
v -1.962105 7.931385 0.080747
v -2.015074 7.939279 0.068241
v -2.230656 7.889836 -0.187081
v -2.221122 7.888415 -0.184830
v -1.975966 7.926239 0.153602
v -2.035631 7.934943 0.140575
v -2.349878 7.857643 0.284342
v -2.339138 7.856076 0.286687
v -2.059788 7.944527 0.057383
v -2.110099 7.955957 0.047256
v -2.297023 7.893915 -0.185455
v -2.287967 7.891857 -0.183632
v -2.072321 7.946760 0.129994
v -2.133867 7.944346 0.119380
v -2.357555 7.898400 0.193868
v -2.346476 7.898834 0.195779
v -2.148785 7.958076 0.036899
v -2.214215 7.962647 0.020013
v -2.296055 7.908905 -0.077008
v -2.284278 7.908081 -0.073968
v -2.173360 7.950268 0.108272
v -2.227865 7.961186 0.092886
v -2.362687 7.892950 0.144160
v -2.352876 7.890985 0.146929
v 0.048844 6.490622 0.349231
v 0.108186 6.496801 0.236081
v 0.345396 6.758218 0.379630
v 0.290969 6.752456 0.484692
v 0.290969 6.752456 0.484692
v 0.345396 6.758218 0.379630
v 0.607495 6.988167 0.532429
v 0.558737 6.982827 0.628952
v 0.558737 6.982827 0.628952
v 0.607495 6.988167 0.532429
v 0.898466 7.172557 0.693792
v 0.855947 7.167678 0.780961
v 0.855947 7.167678 0.780961
v 0.898466 7.172557 0.693792
v 1.215985 7.299487 0.859955
v 1.180247 7.295142 0.936512
v 1.180247 7.295142 0.936512
v 1.215985 7.299487 0.859955
v 1.553035 7.358730 1.025305
v 1.524724 7.355045 1.089233
v 1.524724 7.355045 1.089233
v 1.553035 7.358730 1.025305
v 1.898273 7.342503 1.183501
v 1.878505 7.339718 1.230981
v 1.878505 7.339718 1.230981
v 1.898273 7.342503 1.183501
v 2.233992 7.246089 1.335083
v 2.229796 7.245442 1.345909
v 0.409062 6.858785 0.519334
v 0.449121 6.886483 0.556568
v 0.322743 7.038188 0.729353
v 0.315532 7.033203 0.722651
v 0.447278 6.858581 0.459316
v 0.478991 6.894005 0.483676
v 0.578296 7.040760 0.296152
v 0.572588 7.034384 0.291767
v 0.476463 6.914956 0.561920
v 0.523245 6.949233 0.592931
v 0.375848 7.182003 0.873735
v 0.367427 7.175833 0.868153
v 0.511635 6.922376 0.501810
v 0.555781 6.949157 0.519940
v 0.706049 7.153897 0.266610
v 0.698103 7.149077 0.263347
v 0.555611 6.966840 0.613648
v 0.589831 7.010202 0.621441
v 0.483596 7.199523 1.247990
v 0.477437 7.191719 1.246587
v 0.583892 6.977599 0.540306
v 0.628844 7.006821 0.561473
v 0.929696 7.412656 0.196429
v 0.921604 7.407396 0.192619
v 0.623698 7.026305 0.644944
v 0.671640 7.057149 0.671553
v 0.585243 7.363063 1.279208
v 0.576613 7.357512 1.274419
v 0.653709 7.030226 0.579338
v 0.708473 7.060639 0.603625
v 1.029670 7.412199 0.231708
v 1.019812 7.406724 0.227337
v 0.701513 7.078413 0.686079
v 0.747769 7.104695 0.712853
v 0.631501 7.528518 1.294043
v 0.623175 7.523787 1.289224
v 0.729722 7.082087 0.620162
v 0.785921 7.108467 0.644999
v 1.179627 7.444774 0.231245
v 1.169511 7.440025 0.226774
v 0.776844 7.125958 0.724727
v 0.830357 7.149621 0.757533
v 0.778530 7.399029 1.026248
v 0.731439 7.378205 0.997379
v 0.731439 7.378205 0.997379
v 0.778530 7.399029 1.026248
v 0.822751 7.428259 1.397071
v 0.814189 7.424472 1.391822
v 0.816168 7.128624 0.661633
v 0.856880 7.154440 0.686603
v 0.943874 7.380171 0.552335
v 0.908047 7.357453 0.530362
v 0.908047 7.357453 0.530362
v 0.943874 7.380171 0.552335
v 1.193795 7.515862 0.356001
v 1.187281 7.511731 0.352006
v 0.860208 7.162980 0.774968
v 0.908769 7.197481 0.791352
v 0.867361 7.440471 1.063514
v 0.824628 7.410111 1.049096
v 0.824628 7.410111 1.049096
v 0.867361 7.440471 1.063514
v 0.911790 7.472116 1.455302
v 0.904020 7.466595 1.452681
v 0.890402 7.175848 0.707829
v 0.943878 7.192137 0.724204
v 1.069164 7.502942 0.565245
v 1.022105 7.488609 0.550834
v 1.022105 7.488609 0.550834
v 1.069164 7.502942 0.565245
v 1.415580 7.517137 0.389208
v 1.407024 7.514531 0.386588
v 0.938804 7.206261 0.811663
v 0.995758 7.230835 0.839282
v 0.970946 7.492651 1.056440
v 0.920827 7.471026 1.032135
v 0.920827 7.471026 1.032135
v 0.970946 7.492651 1.056440
v 1.052211 7.452339 1.359346
v 1.043099 7.448407 1.354927
v 0.978726 7.210833 0.746072
v 1.020565 7.233829 0.770310
v 1.239767 7.451214 0.593802
v 1.202948 7.430976 0.572472
v 1.202948 7.430976 0.572472
v 1.239767 7.451214 0.593802
v 1.541126 7.358159 0.452334
v 1.534432 7.354480 0.448456
v 1.027421 7.243216 0.856223
v 1.076308 7.261854 0.879697
v 1.085307 7.470941 1.184431
v 1.042287 7.454539 1.163774
v 1.042287 7.454539 1.163774
v 1.085307 7.470941 1.184431
v 1.185893 7.333003 1.512247
v 1.178071 7.330021 1.508492
v 1.061410 7.243781 0.786765
v 1.106443 7.268899 0.814305
v 1.350840 7.485396 0.674289
v 1.311211 7.463293 0.650054
v 1.311211 7.463293 0.650054
v 1.350840 7.485396 0.674289
v 1.722359 7.295450 0.556649
v 1.715153 7.291430 0.552243
v 1.109881 7.271214 0.898910
v 1.166241 7.293044 0.922102
v 1.166117 7.540409 1.220651
v 1.116520 7.521198 1.200242
v 1.116520 7.521198 1.200242
v 1.166117 7.540409 1.220651
v 1.238254 7.422524 1.508606
v 1.229236 7.419032 1.504896
v 1.139141 7.280203 0.830832
v 1.200473 7.291710 0.855033
v 1.431079 7.529122 0.696027
v 1.377107 7.518996 0.674730
v 1.377107 7.518996 0.674730
v 1.431079 7.529122 0.696027
v 1.768283 7.367603 0.547285
v 1.758469 7.365761 0.543413
v 1.201018 7.298542 0.943518
v 1.250440 7.315772 0.962476
v 1.264977 7.528262 1.220414
v 1.221486 7.513100 1.203731
v 1.221486 7.513100 1.203731
v 1.264977 7.528262 1.220414
v 1.372759 7.402627 1.634013
v 1.364852 7.399869 1.630980
v 1.228361 7.308411 0.874574
v 1.285928 7.313606 0.895968
v 1.537054 7.483650 0.779645
v 1.486396 7.479078 0.760818
v 1.486396 7.479078 0.760818
v 1.537054 7.483650 0.779645
v 1.895633 7.361330 0.647531
v 1.886423 7.360497 0.644108
v 1.289281 7.322616 0.983605
v 1.340134 7.332297 1.007022
v 1.396967 7.513719 1.227800
v 1.352217 7.505199 1.207192
v 1.352217 7.505199 1.207192
v 1.396967 7.513719 1.227800
v 1.527588 7.445200 1.561915
v 1.519451 7.443651 1.558168
v 1.313014 7.330450 0.918278
v 1.378544 7.332214 0.936583
v 1.610605 7.544291 0.849692
v 1.552939 7.542738 0.833584
v 1.552939 7.542738 0.833584
v 1.610605 7.544291 0.849692
v 1.988453 7.369454 0.736391
v 1.977968 7.369172 0.733462
v 1.378788 7.339449 1.025410
v 1.430886 7.346090 1.049231
v 1.500283 7.466181 1.295523
v 1.454437 7.460336 1.274560
v 1.454437 7.460336 1.274560
v 1.500283 7.466181 1.295523
v 1.587075 7.231425 1.502620
v 1.578740 7.230363 1.498809
v 1.410203 7.345664 0.959307
v 1.460901 7.347676 0.979247
v 1.716266 7.486532 0.902499
v 1.671651 7.484763 0.884952
v 1.671651 7.484763 0.884952
v 1.716266 7.486532 0.902499
v 1.915029 7.281080 0.842718
v 1.906917 7.280758 0.839528
v 1.465977 7.351423 1.064962
v 1.525857 7.354294 1.092776
v 1.641192 7.510106 1.364622
v 1.588497 7.507580 1.340146
v 1.588497 7.507580 1.340146
v 1.641192 7.510106 1.364622
v 1.771023 7.297943 1.627767
v 1.761443 7.297485 1.623317
v 1.502122 7.353875 0.998910
v 1.550400 7.359695 1.022411
v 1.772102 7.473362 0.963275
v 1.729617 7.468239 0.942594
v 1.729617 7.468239 0.942594
v 1.772102 7.473362 0.963275
v 1.985260 7.254982 0.894606
v 1.977536 7.254050 0.890845
v 1.558680 7.359280 1.105827
v 1.616692 7.356302 1.133846
v 1.747226 7.477212 1.400874
v 1.696175 7.479833 1.376218
v 1.696175 7.479833 1.376218
v 1.747226 7.477212 1.400874
v 1.836911 7.304368 1.584902
v 1.827629 7.304845 1.580419
v 1.589410 7.358877 1.036442
v 1.645883 7.364612 1.066480
v 1.887177 7.512240 1.018598
v 1.837482 7.507193 0.992165
v 1.837482 7.507193 0.992165
v 1.887177 7.512240 1.018598
v 2.124367 7.373095 0.947917
v 2.115331 7.372176 0.943110
v 1.652249 7.362279 1.146194
v 1.707568 7.352645 1.173982
v 1.806740 7.414769 1.377961
v 1.758058 7.423247 1.353507
v 1.758058 7.423247 1.353507
v 1.806740 7.414769 1.377961
v 1.880784 7.253929 1.550716
v 1.871933 7.255471 1.546270
v 1.684825 7.355721 1.077608
v 1.734121 7.367165 1.105475
v 1.939255 7.441432 1.050834
v 1.895874 7.431360 1.026311
v 1.895874 7.431360 1.026311
v 1.939255 7.441432 1.050834
v 2.140725 7.261234 0.966479
v 2.132837 7.259402 0.962020
v 1.740200 7.351100 1.187688
v 1.804470 7.352464 1.211286
v 1.939344 7.209287 1.552898
v 1.927775 7.209041 1.548650
v 1.772536 7.360217 1.119584
v 1.830445 7.351367 1.141950
v 2.328965 7.208197 1.000556
v 2.318541 7.209790 0.996530
v 1.836441 7.350480 1.222366
v 1.892951 7.330742 1.253398
v 2.116743 7.135983 1.536167
v 2.106571 7.139536 1.530581
v 1.867950 7.353505 1.163906
v 1.918910 7.335794 1.174066
v 2.259242 7.296429 1.071387
v 2.250068 7.299617 1.069558
v 1.928793 7.328766 1.264476
v 1.984556 7.318636 1.285696
v 2.095049 7.169255 1.505790
v 2.085011 7.171078 1.501970
v 1.960339 7.335077 1.197689
v 2.009609 7.320459 1.214335
v 2.366437 7.195212 1.129761
v 2.357569 7.197843 1.126764
v 2.019047 7.305524 1.301161
v 2.076907 7.297040 1.320864
v 2.175053 7.172168 1.476190
v 2.164639 7.173696 1.472644
v 2.048838 7.313666 1.231568
v 2.102823 7.297092 1.251952
v 2.359699 7.154943 1.178323
v 2.349982 7.157927 1.174654
v 2.107460 7.281854 1.334925
v 2.169134 7.264842 1.356142
v 2.229037 7.180701 1.461427
v 2.217935 7.183762 1.457608
v 2.141098 7.283975 1.265636
v 2.190285 7.270976 1.286563
v 2.317852 7.182480 1.242739
v 2.308998 7.184820 1.238972
v 0.048844 6.490622 0.349231
v 0.108186 6.496801 0.236081
v 0.345396 6.758218 0.379630
v 0.290969 6.752456 0.484692
v 0.290969 6.752456 0.484692
v 0.345396 6.758218 0.379630
v 0.607495 6.988167 0.532429
v 0.558737 6.982827 0.628952
v 0.558737 6.982827 0.628952
v 0.607495 6.988167 0.532429
v 0.898466 7.172557 0.693792
v 0.855947 7.167678 0.780961
v 0.855947 7.167678 0.780961
v 0.898466 7.172557 0.693792
v 1.215985 7.299487 0.859955
v 1.180247 7.295142 0.936512
v 1.180247 7.295142 0.936512
v 1.215985 7.299487 0.859955
v 1.553035 7.358730 1.025305
v 1.524724 7.355045 1.089233
v 1.524724 7.355045 1.089233
v 1.553035 7.358730 1.025305
v 1.898273 7.342503 1.183501
v 1.878505 7.339718 1.230981
v 1.878505 7.339718 1.230981
v 1.898273 7.342503 1.183501
v 2.233992 7.246089 1.335083
v 2.229796 7.245442 1.345909
v 0.409062 6.858785 0.519334
v 0.449121 6.886483 0.556568
v 0.322743 7.038188 0.729353
v 0.315532 7.033203 0.722651
v 0.447278 6.858581 0.459316
v 0.478991 6.894005 0.483676
v 0.578296 7.040760 0.296152
v 0.572588 7.034384 0.291767
v 0.476463 6.914956 0.561920
v 0.523245 6.949233 0.592931
v 0.375848 7.182003 0.873735
v 0.367427 7.175833 0.868153
v 0.511635 6.922376 0.501810
v 0.555781 6.949157 0.519940
v 0.706049 7.153897 0.266610
v 0.698103 7.149077 0.263347
v 0.555611 6.966840 0.613648
v 0.589831 7.010202 0.621441
v 0.483596 7.199523 1.247990
v 0.477437 7.191719 1.246587
v 0.583892 6.977599 0.540306
v 0.628844 7.006821 0.561473
v 0.929696 7.412656 0.196429
v 0.921604 7.407396 0.192619
v 0.623698 7.026305 0.644944
v 0.671640 7.057149 0.671553
v 0.585243 7.363063 1.279208
v 0.576613 7.357512 1.274419
v 0.653709 7.030226 0.579338
v 0.708473 7.060639 0.603625
v 1.029670 7.412199 0.231708
v 1.019812 7.406724 0.227337
v 0.701513 7.078413 0.686079
v 0.747769 7.104695 0.712853
v 0.631501 7.528518 1.294043
v 0.623175 7.523787 1.289224
v 0.729722 7.082087 0.620162
v 0.785921 7.108467 0.644999
v 1.179627 7.444774 0.231245
v 1.169511 7.440025 0.226774
v 0.776844 7.125958 0.724727
v 0.830357 7.149621 0.757533
v 0.778530 7.399029 1.026248
v 0.731439 7.378205 0.997379
v 0.731439 7.378205 0.997379
v 0.778530 7.399029 1.026248
v 0.822751 7.428259 1.397071
v 0.814189 7.424472 1.391822
v 0.816168 7.128624 0.661633
v 0.856880 7.154440 0.686603
v 0.943874 7.380171 0.552335
v 0.908047 7.357453 0.530362
v 0.908047 7.357453 0.530362
v 0.943874 7.380171 0.552335
v 1.193795 7.515862 0.356001
v 1.187281 7.511731 0.352006
v 0.860208 7.162980 0.774968
v 0.908769 7.197481 0.791352
v 0.867361 7.440471 1.063514
v 0.824628 7.410111 1.049096
v 0.824628 7.410111 1.049096
v 0.867361 7.440471 1.063514
v 0.911790 7.472116 1.455302
v 0.904020 7.466595 1.452681
v 0.890402 7.175848 0.707829
v 0.943878 7.192137 0.724204
v 1.069164 7.502942 0.565245
v 1.022105 7.488609 0.550834
v 1.022105 7.488609 0.550834
v 1.069164 7.502942 0.565245
v 1.415580 7.517137 0.389208
v 1.407024 7.514531 0.386588
v 0.938804 7.206261 0.811663
v 0.995758 7.230835 0.839282
v 0.970946 7.492651 1.056440
v 0.920827 7.471026 1.032135
v 0.920827 7.471026 1.032135
v 0.970946 7.492651 1.056440
v 1.052211 7.452339 1.359346
v 1.043099 7.448407 1.354927
v 0.978726 7.210833 0.746072
v 1.020565 7.233829 0.770310
v 1.239767 7.451214 0.593802
v 1.202948 7.430976 0.572472
v 1.202948 7.430976 0.572472
v 1.239767 7.451214 0.593802
v 1.541126 7.358159 0.452334
v 1.534432 7.354480 0.448456
v 1.027421 7.243216 0.856223
v 1.076308 7.261854 0.879697
v 1.085307 7.470941 1.184431
v 1.042287 7.454539 1.163774
v 1.042287 7.454539 1.163774
v 1.085307 7.470941 1.184431
v 1.185893 7.333003 1.512247
v 1.178071 7.330021 1.508492
v 1.061410 7.243781 0.786765
v 1.106443 7.268899 0.814305
v 1.350840 7.485396 0.674289
v 1.311211 7.463293 0.650054
v 1.311211 7.463293 0.650054
v 1.350840 7.485396 0.674289
v 1.722359 7.295450 0.556649
v 1.715153 7.291430 0.552243
v 1.109881 7.271214 0.898910
v 1.166241 7.293044 0.922102
v 1.166117 7.540409 1.220651
v 1.116520 7.521198 1.200242
v 1.116520 7.521198 1.200242
v 1.166117 7.540409 1.220651
v 1.238254 7.422524 1.508606
v 1.229236 7.419032 1.504896
v 1.139141 7.280203 0.830832
v 1.200473 7.291710 0.855033
v 1.431079 7.529122 0.696027
v 1.377107 7.518996 0.674730
v 1.377107 7.518996 0.674730
v 1.431079 7.529122 0.696027
v 1.768283 7.367603 0.547285
v 1.758469 7.365761 0.543413
v 1.201018 7.298542 0.943518
v 1.250440 7.315772 0.962476
v 1.264977 7.528262 1.220414
v 1.221486 7.513100 1.203731
v 1.221486 7.513100 1.203731
v 1.264977 7.528262 1.220414
v 1.372759 7.402627 1.634013
v 1.364852 7.399869 1.630980
v 1.228361 7.308411 0.874574
v 1.285928 7.313606 0.895968
v 1.537054 7.483650 0.779645
v 1.486396 7.479078 0.760818
v 1.486396 7.479078 0.760818
v 1.537054 7.483650 0.779645
v 1.895633 7.361330 0.647531
v 1.886423 7.360497 0.644108
v 1.289281 7.322616 0.983605
v 1.340134 7.332297 1.007022
v 1.396967 7.513719 1.227800
v 1.352217 7.505199 1.207192
v 1.352217 7.505199 1.207192
v 1.396967 7.513719 1.227800
v 1.527588 7.445200 1.561915
v 1.519451 7.443651 1.558168
v 1.313014 7.330450 0.918278
v 1.378544 7.332214 0.936583
v 1.610605 7.544291 0.849692
v 1.552939 7.542738 0.833584
v 1.552939 7.542738 0.833584
v 1.610605 7.544291 0.849692
v 1.988453 7.369454 0.736391
v 1.977968 7.369172 0.733462
v 1.378788 7.339449 1.025410
v 1.430886 7.346090 1.049231
v 1.500283 7.466181 1.295523
v 1.454437 7.460336 1.274560
v 1.454437 7.460336 1.274560
v 1.500283 7.466181 1.295523
v 1.587075 7.231425 1.502620
v 1.578740 7.230363 1.498809
v 1.410203 7.345664 0.959307
v 1.460901 7.347676 0.979247
v 1.716266 7.486532 0.902499
v 1.671651 7.484763 0.884952
v 1.671651 7.484763 0.884952
v 1.716266 7.486532 0.902499
v 1.915029 7.281080 0.842718
v 1.906917 7.280758 0.839528
v 1.465977 7.351423 1.064962
v 1.525857 7.354294 1.092776
v 1.641192 7.510106 1.364622
v 1.588497 7.507580 1.340146
v 1.588497 7.507580 1.340146
v 1.641192 7.510106 1.364622
v 1.771023 7.297943 1.627767
v 1.761443 7.297485 1.623317
v 1.502122 7.353875 0.998910
v 1.550400 7.359695 1.022411
v 1.772102 7.473362 0.963275
v 1.729617 7.468239 0.942594
v 1.729617 7.468239 0.942594
v 1.772102 7.473362 0.963275
v 1.985260 7.254982 0.894606
v 1.977536 7.254050 0.890845
v 1.558680 7.359280 1.105827
v 1.616692 7.356302 1.133846
v 1.747226 7.477212 1.400874
v 1.696175 7.479833 1.376218
v 1.696175 7.479833 1.376218
v 1.747226 7.477212 1.400874
v 1.836911 7.304368 1.584902
v 1.827629 7.304845 1.580419
v 1.589410 7.358877 1.036442
v 1.645883 7.364612 1.066480
v 1.887177 7.512240 1.018598
v 1.837482 7.507193 0.992165
v 1.837482 7.507193 0.992165
v 1.887177 7.512240 1.018598
v 2.124367 7.373095 0.947917
v 2.115331 7.372176 0.943110
v 1.652249 7.362279 1.146194
v 1.707568 7.352645 1.173982
v 1.806740 7.414769 1.377961
v 1.758058 7.423247 1.353507
v 1.758058 7.423247 1.353507
v 1.806740 7.414769 1.377961
v 1.880784 7.253929 1.550716
v 1.871933 7.255471 1.546270
v 1.684825 7.355721 1.077608
v 1.734121 7.367165 1.105475
v 1.939255 7.441432 1.050834
v 1.895874 7.431360 1.026311
v 1.895874 7.431360 1.026311
v 1.939255 7.441432 1.050834
v 2.140725 7.261234 0.966479
v 2.132837 7.259402 0.962020
v 1.740200 7.351100 1.187688
v 1.804470 7.352464 1.211286
v 1.939344 7.209287 1.552898
v 1.927775 7.209041 1.548650
v 1.772536 7.360217 1.119584
v 1.830445 7.351367 1.141950
v 2.328965 7.208197 1.000556
v 2.318541 7.209790 0.996530
v 1.836441 7.350480 1.222366
v 1.892951 7.330742 1.253398
v 2.116743 7.135983 1.536167
v 2.106571 7.139536 1.530581
v 1.867950 7.353505 1.163906
v 1.918910 7.335794 1.174066
v 2.259242 7.296429 1.071387
v 2.250068 7.299617 1.069558
v 1.928793 7.328766 1.264476
v 1.984556 7.318636 1.285696
v 2.095049 7.169255 1.505790
v 2.085011 7.171078 1.501970
v 1.960339 7.335077 1.197689
v 2.009609 7.320459 1.214335
v 2.366437 7.195212 1.129761
v 2.357569 7.197843 1.126764
v 2.019047 7.305524 1.301161
v 2.076907 7.297040 1.320864
v 2.175053 7.172168 1.476190
v 2.164639 7.173696 1.472644
v 2.048838 7.313666 1.231568
v 2.102823 7.297092 1.251952
v 2.359699 7.154943 1.178323
v 2.349982 7.157927 1.174654
v 2.107460 7.281854 1.334925
v 2.169134 7.264842 1.356142
v 2.229037 7.180701 1.461427
v 2.217935 7.183762 1.457608
v 2.141098 7.283975 1.265636
v 2.190285 7.270976 1.286563
v 2.317852 7.182480 1.242739
v 2.308998 7.184820 1.238972
v 0.039398 6.465878 0.094198
v -0.088253 6.470104 0.101263
v -0.090638 6.767793 -0.187444
v 0.027513 6.763969 -0.195162
v 0.027513 6.763969 -0.195162
v -0.090638 6.767793 -0.187444
v -0.100815 7.029053 -0.508442
v 0.007010 7.025725 -0.517672
v 0.007010 7.025725 -0.517672
v -0.100815 7.029053 -0.508442
v -0.123615 7.236779 -0.865257
v -0.027164 7.234001 -0.876190
v -0.027164 7.234001 -0.876190
v -0.123615 7.236779 -0.865257
v -0.162814 7.376154 -1.252219
v -0.079149 7.373956 -1.264565
v -0.079149 7.373956 -1.264565
v -0.162814 7.376154 -1.252219
v -0.220454 7.434464 -1.657011
v -0.151661 7.432862 -1.669930
v -0.151661 7.432862 -1.669930
v -0.220454 7.434464 -1.657011
v -0.295448 7.402413 -2.062015
v -0.245305 7.401417 -2.073742
v -0.245305 7.401417 -2.073742
v -0.295448 7.402413 -2.062015
v -0.375637 7.275601 -2.447954
v -0.364457 7.275422 -2.451151
v -0.001472 6.877812 -0.317911
v 0.001048 6.910624 -0.365752
v 0.226164 7.095793 -0.354431
v 0.225710 7.089886 -0.345820
v -0.065757 6.885209 -0.311953
v -0.083699 6.907957 -0.360698
v -0.308878 7.076768 -0.332418
v -0.305648 7.072674 -0.323644
v 0.002880 6.941535 -0.410520
v -0.011959 6.983038 -0.445721
v 0.383634 7.272417 -0.458013
v 0.386305 7.264946 -0.451677
v -0.080871 6.942008 -0.395480
v -0.077179 6.987231 -0.448920
v -0.372308 7.301556 -0.398273
v -0.372972 7.293416 -0.388654
v -0.004707 7.008425 -0.495394
v -0.014750 7.045211 -0.538735
v 0.424396 7.468259 -0.561730
v 0.426203 7.461638 -0.553929
v -0.078482 7.015497 -0.483008
v -0.089873 7.042732 -0.538367
v -0.556446 7.371553 -0.627490
v -0.554396 7.366650 -0.617526
v -0.021630 7.076820 -0.576601
v -0.010046 7.098436 -0.640511
v 0.672312 7.530515 -0.962176
v 0.670227 7.526624 -0.950672
v -0.077795 7.078325 -0.573591
v -0.102693 7.101449 -0.629780
v -0.639634 7.618632 -0.690278
v -0.635152 7.614469 -0.680164
v -0.015876 7.120330 -0.678098
v -0.030017 7.168555 -0.726968
v 0.681046 7.561540 -1.052231
v 0.683591 7.552860 -1.043435
v -0.094046 7.133608 -0.670215
v -0.100559 7.159713 -0.720055
v -0.782334 7.728401 -0.782114
v -0.781162 7.723701 -0.773143
v -0.025901 7.180932 -0.772038
v -0.036355 7.213050 -0.825762
v 0.142645 7.480208 -0.858179
v 0.151844 7.451944 -0.810903
v 0.151844 7.451944 -0.810903
v 0.142645 7.480208 -0.858179
v 0.455194 7.572973 -1.110405
v 0.456867 7.567834 -1.101810
v -0.095624 7.189997 -0.760573
v -0.115232 7.208334 -0.821308
v -0.383020 7.550045 -0.855070
v -0.365765 7.533908 -0.801623
v -0.365765 7.533908 -0.801623
v -0.383020 7.550045 -0.855070
v -0.795911 7.659702 -1.074058
v -0.792774 7.656769 -1.064341
v -0.037700 7.231858 -0.866762
v -0.043218 7.258121 -0.928314
v 0.273568 7.632792 -1.019005
v 0.278423 7.609682 -0.964839
v 0.278423 7.609682 -0.964839
v 0.273568 7.632792 -1.019005
v 0.611610 7.636066 -1.291973
v 0.612493 7.631865 -1.282125
v -0.118732 7.229310 -0.864029
v -0.110656 7.264925 -0.913940
v -0.309571 7.537411 -0.942668
v -0.316678 7.506068 -0.898747
v -0.316678 7.506068 -0.898747
v -0.309571 7.537411 -0.942668
v -0.593328 7.617031 -1.082018
v -0.594620 7.611332 -1.074032
v -0.049140 7.276630 -0.963780
v -0.052989 7.299241 -1.032967
v 0.199198 7.642828 -1.158139
v 0.202585 7.622931 -1.097255
v 0.202585 7.622931 -1.097255
v 0.199198 7.642828 -1.158139
v 0.509388 7.677524 -1.466541
v 0.510004 7.673906 -1.455471
v -0.126996 7.273666 -0.962722
v -0.123456 7.306362 -1.015667
v -0.377389 7.590256 -1.102770
v -0.380504 7.561484 -1.056178
v -0.380504 7.561484 -1.056178
v -0.377389 7.590256 -1.102770
v -0.735641 7.655156 -1.315408
v -0.736208 7.649925 -1.306937
v -0.059213 7.316431 -1.074581
v -0.066667 7.335217 -1.127602
v 0.193467 7.586708 -1.340900
v 0.200027 7.570177 -1.294241
v 0.200027 7.570177 -1.294241
v 0.193467 7.586708 -1.340900
v 0.386241 7.444224 -1.609337
v 0.387433 7.441218 -1.600853
v -0.127900 7.323015 -1.061156
v -0.146139 7.332688 -1.121357
v -0.330323 7.534659 -1.198197
v -0.314273 7.526147 -1.145220
v -0.314273 7.526147 -1.145220
v -0.330323 7.534659 -1.198197
v -0.637063 7.540106 -1.401625
v -0.634144 7.538558 -1.391993
v -0.071864 7.349994 -1.176135
v -0.080400 7.366852 -1.234797
v 0.151711 7.587506 -1.477419
v 0.159222 7.572670 -1.425795
v 0.159222 7.572670 -1.425795
v 0.151711 7.587506 -1.477419
v 0.336628 7.478260 -1.746391
v 0.337994 7.475562 -1.737005
v -0.149349 7.349367 -1.168704
v -0.150887 7.371425 -1.221191
v -0.406153 7.613726 -1.370509
v -0.404800 7.594316 -1.324320
v -0.404800 7.594316 -1.324320
v -0.406153 7.613726 -1.370509
v -0.717185 7.557087 -1.610177
v -0.716938 7.553558 -1.601779
v -0.090920 7.383964 -1.277455
v -0.090432 7.387062 -1.345037
v 0.102922 7.598031 -1.499807
v 0.102492 7.595305 -1.440334
v 0.102492 7.595305 -1.440334
v 0.102922 7.598031 -1.499807
v 0.375239 7.529869 -1.796607
v 0.375161 7.529373 -1.785794
v -0.160707 7.380231 -1.269224
v -0.168411 7.394628 -1.330807
v -0.395391 7.634567 -1.445679
v -0.388612 7.621898 -1.391485
v -0.388612 7.621898 -1.391485
v -0.395391 7.634567 -1.445679
v -0.708116 7.467211 -1.669433
v -0.706883 7.464908 -1.659580
v -0.096361 7.394535 -1.385542
v -0.116835 7.419242 -1.450766
v 0.088213 7.649720 -1.672780
v 0.106230 7.627978 -1.615384
v 0.106230 7.627978 -1.615384
v 0.088213 7.649720 -1.672780
v 0.266699 7.509847 -1.908507
v 0.269975 7.505893 -1.898071
v -0.173997 7.404881 -1.373929
v -0.186736 7.412611 -1.438442
v -0.426438 7.664900 -1.616688
v -0.415227 7.658097 -1.559918
v -0.415227 7.658097 -1.559918
v -0.426438 7.664900 -1.616688
v -0.753687 7.563683 -1.891577
v -0.751649 7.562447 -1.881255
v -0.120907 7.422997 -1.493997
v -0.127029 7.421221 -1.557813
v 0.067198 7.559230 -1.776391
v 0.072586 7.560794 -1.720233
v 0.072586 7.560794 -1.720233
v 0.067198 7.559230 -1.776391
v 0.274282 7.369155 -2.035741
v 0.275261 7.369440 -2.025530
v -0.191092 7.422666 -1.484315
v -0.204128 7.425144 -1.542028
v -0.429448 7.623725 -1.726407
v -0.417976 7.621545 -1.675620
v -0.417976 7.621545 -1.675620
v -0.429448 7.623725 -1.726407
v -0.624309 7.502913 -1.887771
v -0.622224 7.502516 -1.878537
v -0.135554 7.428420 -1.600403
v -0.149941 7.433863 -1.667842
v -0.033175 7.558303 -1.886016
v -0.020515 7.553514 -1.826669
v -0.020515 7.553514 -1.826669
v -0.033175 7.558303 -1.886016
v 0.118604 7.382809 -2.173843
v 0.120906 7.381939 -2.163052
v -0.210409 7.433104 -1.593069
v -0.222092 7.432643 -1.648127
v -0.444995 7.545258 -1.840862
v -0.434714 7.545663 -1.792411
v -0.434714 7.545663 -1.792411
v -0.444995 7.545258 -1.840862
v -0.720466 7.337335 -2.068855
v -0.718596 7.337408 -2.060046
v -0.158664 7.436322 -1.713189
v -0.167128 7.431546 -1.771695
v -0.048745 7.551840 -2.037337
v -0.041296 7.556043 -1.985851
v -0.041296 7.556043 -1.985851
v -0.048745 7.551840 -2.037337
v 0.074747 7.317175 -2.297621
v 0.076101 7.317940 -2.288260
v -0.232649 7.430665 -1.693137
v -0.239842 7.440536 -1.763069
v -0.428545 7.543757 -1.934659
v -0.422215 7.535070 -1.873118
v -0.422215 7.535070 -1.873118
v -0.428545 7.543757 -1.934659
v -0.565459 7.358610 -2.028772
v -0.564308 7.357030 -2.017583
v -0.175563 7.426528 -1.819471
v -0.193190 7.434198 -1.881513
v -0.055793 7.508589 -2.149952
v -0.040282 7.501839 -2.095355
v -0.040282 7.501839 -2.095355
v -0.055793 7.508589 -2.149952
v 0.030153 7.246276 -2.264402
v 0.032973 7.245049 -2.254475
v -0.248238 7.439165 -1.809610
v -0.266880 7.424757 -1.861022
v -0.500338 7.525845 -2.035912
v -0.483934 7.538524 -1.990671
v -0.483934 7.538524 -1.990671
v -0.500338 7.525845 -2.035912
v -0.674233 7.393792 -2.136073
v -0.671251 7.396097 -2.127847
v -0.202051 7.425734 -1.930029
v -0.212221 7.414925 -1.985741
v -0.040667 7.295619 -2.379690
v -0.038837 7.297565 -2.369662
v -0.276038 7.421654 -1.908010
v -0.284235 7.422060 -1.975688
v -0.696291 7.269403 -2.318161
v -0.694816 7.269330 -2.305979
v -0.225741 7.414841 -2.029592
v -0.236508 7.392402 -2.098782
v -0.096440 7.238892 -2.408273
v -0.094502 7.242931 -2.395819
v -0.298257 7.405463 -2.011287
v -0.309597 7.404689 -2.083251
v -0.650274 7.226661 -2.320494
v -0.648233 7.226800 -2.307540
v -0.249174 7.387165 -2.141632
v -0.263344 7.373011 -2.196209
v -0.113425 7.206845 -2.516984
v -0.110874 7.209392 -2.507160
v -0.323170 7.384825 -2.120694
v -0.334524 7.378109 -2.181502
v -0.612136 7.143229 -2.429247
v -0.610092 7.144438 -2.418302
v -0.278433 7.365462 -2.241691
v -0.286323 7.334452 -2.301704
v -0.192336 7.164931 -2.528695
v -0.190916 7.170514 -2.517892
v -0.345979 7.363096 -2.223558
v -0.363490 7.339423 -2.282345
v -0.581753 7.199746 -2.433185
v -0.578601 7.204006 -2.422604
v -0.303705 7.329449 -2.345222
v -0.314985 7.297053 -2.398951
v -0.242249 7.174564 -2.494376
v -0.240218 7.180396 -2.484705
v -0.374779 7.323592 -2.323548
v -0.388124 7.305358 -2.381247
v -0.469680 7.217447 -2.441837
v -0.467278 7.220729 -2.431452
v 0.039398 6.465878 0.094198
v -0.088253 6.470104 0.101263
v -0.090638 6.767793 -0.187444
v 0.027513 6.763969 -0.195162
v 0.027513 6.763969 -0.195162
v -0.090638 6.767793 -0.187444
v -0.100815 7.029053 -0.508442
v 0.007010 7.025725 -0.517672
v 0.007010 7.025725 -0.517672
v -0.100815 7.029053 -0.508442
v -0.123615 7.236779 -0.865257
v -0.027164 7.234001 -0.876190
v -0.027164 7.234001 -0.876190
v -0.123615 7.236779 -0.865257
v -0.162814 7.376154 -1.252219
v -0.079149 7.373956 -1.264565
v -0.079149 7.373956 -1.264565
v -0.162814 7.376154 -1.252219
v -0.220454 7.434464 -1.657011
v -0.151661 7.432862 -1.669930
v -0.151661 7.432862 -1.669930
v -0.220454 7.434464 -1.657011
v -0.295448 7.402413 -2.062015
v -0.245305 7.401417 -2.073742
v -0.245305 7.401417 -2.073742
v -0.295448 7.402413 -2.062015
v -0.375637 7.275601 -2.447954
v -0.364457 7.275422 -2.451151
v -0.001472 6.877812 -0.317911
v 0.001048 6.910624 -0.365752
v 0.226164 7.095793 -0.354431
v 0.225710 7.089886 -0.345820
v -0.065757 6.885209 -0.311953
v -0.083699 6.907957 -0.360698
v -0.308878 7.076768 -0.332418
v -0.305648 7.072674 -0.323644
v 0.002880 6.941535 -0.410520
v -0.011959 6.983038 -0.445721
v 0.383634 7.272417 -0.458013
v 0.386305 7.264946 -0.451677
v -0.080871 6.942008 -0.395480
v -0.077179 6.987231 -0.448920
v -0.372308 7.301556 -0.398273
v -0.372972 7.293416 -0.388654
v -0.004707 7.008425 -0.495394
v -0.014750 7.045211 -0.538735
v 0.424396 7.468259 -0.561730
v 0.426203 7.461638 -0.553929
v -0.078482 7.015497 -0.483008
v -0.089873 7.042732 -0.538367
v -0.556446 7.371553 -0.627490
v -0.554396 7.366650 -0.617526
v -0.021630 7.076820 -0.576601
v -0.010046 7.098436 -0.640511
v 0.672312 7.530515 -0.962176
v 0.670227 7.526624 -0.950672
v -0.077795 7.078325 -0.573591
v -0.102693 7.101449 -0.629780
v -0.639634 7.618632 -0.690278
v -0.635152 7.614469 -0.680164
v -0.015876 7.120330 -0.678098
v -0.030017 7.168555 -0.726968
v 0.681046 7.561540 -1.052231
v 0.683591 7.552860 -1.043435
v -0.094046 7.133608 -0.670215
v -0.100559 7.159713 -0.720055
v -0.782334 7.728401 -0.782114
v -0.781162 7.723701 -0.773143
v -0.025901 7.180932 -0.772038
v -0.036355 7.213050 -0.825762
v 0.142645 7.480208 -0.858179
v 0.151844 7.451944 -0.810903
v 0.151844 7.451944 -0.810903
v 0.142645 7.480208 -0.858179
v 0.455194 7.572973 -1.110405
v 0.456867 7.567834 -1.101810
v -0.095624 7.189997 -0.760573
v -0.115232 7.208334 -0.821308
v -0.383020 7.550045 -0.855070
v -0.365765 7.533908 -0.801623
v -0.365765 7.533908 -0.801623
v -0.383020 7.550045 -0.855070
v -0.795911 7.659702 -1.074058
v -0.792774 7.656769 -1.064341
v -0.037700 7.231858 -0.866762
v -0.043218 7.258121 -0.928314
v 0.273568 7.632792 -1.019005
v 0.278423 7.609682 -0.964839
v 0.278423 7.609682 -0.964839
v 0.273568 7.632792 -1.019005
v 0.611610 7.636066 -1.291973
v 0.612493 7.631865 -1.282125
v -0.118732 7.229310 -0.864029
v -0.110656 7.264925 -0.913940
v -0.309571 7.537411 -0.942668
v -0.316678 7.506068 -0.898747
v -0.316678 7.506068 -0.898747
v -0.309571 7.537411 -0.942668
v -0.593328 7.617031 -1.082018
v -0.594620 7.611332 -1.074032
v -0.049140 7.276630 -0.963780
v -0.052989 7.299241 -1.032967
v 0.199198 7.642828 -1.158139
v 0.202585 7.622931 -1.097255
v 0.202585 7.622931 -1.097255
v 0.199198 7.642828 -1.158139
v 0.509388 7.677524 -1.466541
v 0.510004 7.673906 -1.455471
v -0.126996 7.273666 -0.962722
v -0.123456 7.306362 -1.015667
v -0.377389 7.590256 -1.102770
v -0.380504 7.561484 -1.056178
v -0.380504 7.561484 -1.056178
v -0.377389 7.590256 -1.102770
v -0.735641 7.655156 -1.315408
v -0.736208 7.649925 -1.306937
v -0.059213 7.316431 -1.074581
v -0.066667 7.335217 -1.127602
v 0.193467 7.586708 -1.340900
v 0.200027 7.570177 -1.294241
v 0.200027 7.570177 -1.294241
v 0.193467 7.586708 -1.340900
v 0.386241 7.444224 -1.609337
v 0.387433 7.441218 -1.600853
v -0.127900 7.323015 -1.061156
v -0.146139 7.332688 -1.121357
v -0.330323 7.534659 -1.198197
v -0.314273 7.526147 -1.145220
v -0.314273 7.526147 -1.145220
v -0.330323 7.534659 -1.198197
v -0.637063 7.540106 -1.401625
v -0.634144 7.538558 -1.391993
v -0.071864 7.349994 -1.176135
v -0.080400 7.366852 -1.234797
v 0.151711 7.587506 -1.477419
v 0.159222 7.572670 -1.425795
v 0.159222 7.572670 -1.425795
v 0.151711 7.587506 -1.477419
v 0.336628 7.478260 -1.746391
v 0.337994 7.475562 -1.737005
v -0.149349 7.349367 -1.168704
v -0.150887 7.371425 -1.221191
v -0.406153 7.613726 -1.370509
v -0.404800 7.594316 -1.324320
v -0.404800 7.594316 -1.324320
v -0.406153 7.613726 -1.370509
v -0.717185 7.557087 -1.610177
v -0.716938 7.553558 -1.601779
v -0.090920 7.383964 -1.277455
v -0.090432 7.387062 -1.345037
v 0.102922 7.598031 -1.499807
v 0.102492 7.595305 -1.440334
v 0.102492 7.595305 -1.440334
v 0.102922 7.598031 -1.499807
v 0.375239 7.529869 -1.796607
v 0.375161 7.529373 -1.785794
v -0.160707 7.380231 -1.269224
v -0.168411 7.394628 -1.330807
v -0.395391 7.634567 -1.445679
v -0.388612 7.621898 -1.391485
v -0.388612 7.621898 -1.391485
v -0.395391 7.634567 -1.445679
v -0.708116 7.467211 -1.669433
v -0.706883 7.464908 -1.659580
v -0.096361 7.394535 -1.385542
v -0.116835 7.419242 -1.450766
v 0.088213 7.649720 -1.672780
v 0.106230 7.627978 -1.615384
v 0.106230 7.627978 -1.615384
v 0.088213 7.649720 -1.672780
v 0.266699 7.509847 -1.908507
v 0.269975 7.505893 -1.898071
v -0.173997 7.404881 -1.373929
v -0.186736 7.412611 -1.438442
v -0.426438 7.664900 -1.616688
v -0.415227 7.658097 -1.559918
v -0.415227 7.658097 -1.559918
v -0.426438 7.664900 -1.616688
v -0.753687 7.563683 -1.891577
v -0.751649 7.562447 -1.881255
v -0.120907 7.422997 -1.493997
v -0.127029 7.421221 -1.557813
v 0.067198 7.559230 -1.776391
v 0.072586 7.560794 -1.720233
v 0.072586 7.560794 -1.720233
v 0.067198 7.559230 -1.776391
v 0.274282 7.369155 -2.035741
v 0.275261 7.369440 -2.025530
v -0.191092 7.422666 -1.484315
v -0.204128 7.425144 -1.542028
v -0.429448 7.623725 -1.726407
v -0.417976 7.621545 -1.675620
v -0.417976 7.621545 -1.675620
v -0.429448 7.623725 -1.726407
v -0.624309 7.502913 -1.887771
v -0.622224 7.502516 -1.878537
v -0.135554 7.428420 -1.600403
v -0.149941 7.433863 -1.667842
v -0.033175 7.558303 -1.886016
v -0.020515 7.553514 -1.826669
v -0.020515 7.553514 -1.826669
v -0.033175 7.558303 -1.886016
v 0.118604 7.382809 -2.173843
v 0.120906 7.381939 -2.163052
v -0.210409 7.433104 -1.593069
v -0.222092 7.432643 -1.648127
v -0.444995 7.545258 -1.840862
v -0.434714 7.545663 -1.792411
v -0.434714 7.545663 -1.792411
v -0.444995 7.545258 -1.840862
v -0.720466 7.337335 -2.068855
v -0.718596 7.337408 -2.060046
v -0.158664 7.436322 -1.713189
v -0.167128 7.431546 -1.771695
v -0.048745 7.551840 -2.037337
v -0.041296 7.556043 -1.985851
v -0.041296 7.556043 -1.985851
v -0.048745 7.551840 -2.037337
v 0.074747 7.317175 -2.297621
v 0.076101 7.317940 -2.288260
v -0.232649 7.430665 -1.693137
v -0.239842 7.440536 -1.763069
v -0.428545 7.543757 -1.934659
v -0.422215 7.535070 -1.873118
v -0.422215 7.535070 -1.873118
v -0.428545 7.543757 -1.934659
v -0.565459 7.358610 -2.028772
v -0.564308 7.357030 -2.017583
v -0.175563 7.426528 -1.819471
v -0.193190 7.434198 -1.881513
v -0.055793 7.508589 -2.149952
v -0.040282 7.501839 -2.095355
v -0.040282 7.501839 -2.095355
v -0.055793 7.508589 -2.149952
v 0.030153 7.246276 -2.264402
v 0.032973 7.245049 -2.254475
v -0.248238 7.439165 -1.809610
v -0.266880 7.424757 -1.861022
v -0.500338 7.525845 -2.035912
v -0.483934 7.538524 -1.990671
v -0.483934 7.538524 -1.990671
v -0.500338 7.525845 -2.035912
v -0.674233 7.393792 -2.136073
v -0.671251 7.396097 -2.127847
v -0.202051 7.425734 -1.930029
v -0.212221 7.414925 -1.985741
v -0.040667 7.295619 -2.379690
v -0.038837 7.297565 -2.369662
v -0.276038 7.421654 -1.908010
v -0.284235 7.422060 -1.975688
v -0.696291 7.269403 -2.318161
v -0.694816 7.269330 -2.305979
v -0.225741 7.414841 -2.029592
v -0.236508 7.392402 -2.098782
v -0.096440 7.238892 -2.408273
v -0.094502 7.242931 -2.395819
v -0.298257 7.405463 -2.011287
v -0.309597 7.404689 -2.083251
v -0.650274 7.226661 -2.320494
v -0.648233 7.226800 -2.307540
v -0.249174 7.387165 -2.141632
v -0.263344 7.373011 -2.196209
v -0.113425 7.206845 -2.516984
v -0.110874 7.209392 -2.507160
v -0.323170 7.384825 -2.120694
v -0.334524 7.378109 -2.181502
v -0.612136 7.143229 -2.429247
v -0.610092 7.144438 -2.418302
v -0.278433 7.365462 -2.241691
v -0.286323 7.334452 -2.301704
v -0.192336 7.164931 -2.528695
v -0.190916 7.170514 -2.517892
v -0.345979 7.363096 -2.223558
v -0.363490 7.339423 -2.282345
v -0.581753 7.199746 -2.433185
v -0.578601 7.204006 -2.422604
v -0.303705 7.329449 -2.345222
v -0.314985 7.297053 -2.398951
v -0.242249 7.174564 -2.494376
v -0.240218 7.180396 -2.484705
v -0.374779 7.323592 -2.323548
v -0.388124 7.305358 -2.381247
v -0.469680 7.217447 -2.441837
v -0.467278 7.220729 -2.431452
v -0.166678 6.435071 0.339341
v -0.062326 6.425748 0.412734
v -0.244867 6.681810 0.697233
v -0.341756 6.690426 0.629618
v -0.341756 6.690426 0.629618
v -0.244867 6.681810 0.697233
v -0.444049 6.897048 1.003014
v -0.533061 6.904892 0.941876
v -0.533061 6.904892 0.941876
v -0.444049 6.897048 1.003014
v -0.660518 7.054022 1.331295
v -0.740907 7.061018 1.277270
v -0.740907 7.061018 1.277270
v -0.660518 7.054022 1.331295
v -0.890129 7.138868 1.676512
v -0.960744 7.144920 1.630317
v -0.960744 7.144920 1.630317
v -0.890129 7.138868 1.676512
v -1.125607 7.140711 2.027998
v -1.184595 7.145678 1.990614
v -1.184595 7.145678 1.990614
v -1.125607 7.140711 2.027998
v -1.357781 7.052776 2.370583
v -1.401621 7.056393 2.343789
v -1.401621 7.056393 2.343789
v -1.357781 7.052776 2.370583
v -1.582828 6.874218 2.681896
v -1.592834 6.875026 2.676026
v -0.372222 6.741807 0.712737
v -0.396269 6.783791 0.763491
v -0.575069 6.936919 0.656890
v -0.570741 6.929362 0.647754
v -0.311820 6.745195 0.752520
v -0.334213 6.769540 0.808797
v -0.160167 6.927647 0.915627
v -0.156137 6.923265 0.905497
v -0.430777 6.800946 0.794798
v -0.443581 6.843099 0.849072
v -0.659392 7.134898 0.676139
v -0.657087 7.127311 0.666370
v -0.360538 6.800613 0.841299
v -0.391191 6.832580 0.887415
v -0.070635 7.203043 1.090457
v -0.065117 7.197289 1.082157
v -0.479282 6.859952 0.881276
v -0.503619 6.894761 0.933817
v -1.007179 7.357909 0.720817
v -1.002799 7.351644 0.711359
v -0.418558 6.865636 0.917559
v -0.441526 6.878238 0.982107
v -0.128103 7.097790 1.357686
v -0.123969 7.095522 1.346068
v -0.534657 6.912850 0.970834
v -0.559379 6.944212 1.018971
v -1.358981 7.284787 0.832945
v -1.354531 7.279142 0.824281
v -0.474582 6.917831 1.008926
v -0.496434 6.928407 1.065156
v -0.164528 7.127797 1.630914
v -0.160595 7.125893 1.620793
v -0.579542 6.969742 1.059200
v -0.628122 6.980751 1.108693
v -1.246548 7.329951 0.962130
v -1.237804 7.327970 0.953222
v -0.526364 6.957335 1.102013
v -0.558058 6.982349 1.149837
v -0.143378 7.169058 1.815792
v -0.137673 7.164556 1.807184
v -0.641524 7.007072 1.147094
v -0.682117 7.027360 1.202089
v -0.894553 7.329802 1.156659
v -0.858831 7.311948 1.108263
v -0.858831 7.311948 1.108263
v -0.894553 7.329802 1.156659
v -1.298516 7.388668 1.170839
v -1.292021 7.385422 1.162040
v -0.585230 7.002655 1.191833
v -0.614935 7.020985 1.240964
v -0.428241 7.307140 1.456224
v -0.402100 7.291009 1.412989
v -0.402100 7.291009 1.412989
v -0.428241 7.307140 1.456224
v -0.205828 7.397226 1.902747
v -0.201075 7.394293 1.894886
v -0.706008 7.041203 1.237963
v -0.735774 7.067131 1.295478
v -1.005536 7.358267 1.254947
v -0.979343 7.335450 1.204333
v -0.979343 7.335450 1.204333
v -1.005536 7.358267 1.254947
v -1.515683 7.258929 1.287937
v -1.510920 7.254781 1.278735
v -0.643358 7.041046 1.280662
v -0.674699 7.056513 1.336028
v -0.551897 7.292853 1.506273
v -0.524318 7.279243 1.457551
v -0.524318 7.279243 1.457551
v -0.551897 7.292853 1.506273
v -0.409682 7.351371 1.859348
v -0.404668 7.348897 1.850489
v -0.762130 7.080961 1.336908
v -0.799738 7.090715 1.383472
v -1.072343 7.463991 1.329966
v -1.039248 7.455408 1.288990
v -1.039248 7.455408 1.288990
v -1.072343 7.463991 1.329966
v -1.470839 7.480426 1.322560
v -1.464822 7.478865 1.315109
v -0.702633 7.076094 1.372565
v -0.735250 7.084826 1.430676
v -0.606187 7.256680 1.708271
v -0.577484 7.248996 1.657133
v -0.577484 7.248996 1.657133
v -0.606187 7.256680 1.708271
v -0.538914 7.035307 2.049374
v -0.533696 7.033910 2.040076
v -0.823995 7.103243 1.424087
v -0.859661 7.120612 1.485592
v -1.106712 7.338100 1.493830
v -1.075326 7.322815 1.439706
v -1.075326 7.322815 1.439706
v -1.106712 7.338100 1.493830
v -1.453710 7.170278 1.535571
v -1.448004 7.167499 1.525730
v -0.762637 7.098674 1.473198
v -0.796760 7.114447 1.518933
v -0.667785 7.408582 1.847501
v -0.637757 7.394701 1.807254
v -0.637757 7.394701 1.807254
v -0.667785 7.408582 1.847501
v -0.572557 7.332890 2.284353
v -0.567097 7.330366 2.277035
v -0.877890 7.133322 1.524457
v -0.928977 7.130848 1.576500
v -1.232378 7.414139 1.590426
v -1.187422 7.416316 1.544629
v -1.187422 7.416316 1.544629
v -1.232378 7.414139 1.590426
v -1.661284 7.344797 1.625754
v -1.653110 7.345193 1.617427
v -0.819682 7.116994 1.565838
v -0.862640 7.136462 1.617143
v -0.744557 7.384236 1.889112
v -0.706754 7.367106 1.843964
v -0.706754 7.367106 1.843964
v -0.744557 7.384236 1.889112
v -0.640575 7.163649 2.309300
v -0.633702 7.160534 2.301091
v -0.953459 7.138828 1.620811
v -0.977671 7.153696 1.672889
v -1.312665 7.400893 1.736420
v -1.291359 7.387810 1.690591
v -1.291359 7.387810 1.690591
v -1.312665 7.400893 1.736420
v -1.683025 7.282862 1.796198
v -1.679151 7.280483 1.787866
v -0.884635 7.135828 1.661851
v -0.921654 7.146005 1.713424
v -0.782129 7.378604 2.072900
v -0.749552 7.369649 2.027516
v -0.749552 7.369649 2.027516
v -0.782129 7.378604 2.072900
v -0.697584 7.143524 2.374951
v -0.691661 7.141896 2.366699
v -1.008077 7.156786 1.718936
v -1.048016 7.151753 1.768476
v -1.301627 7.314927 1.829759
v -1.266481 7.319356 1.786164
v -1.266481 7.319356 1.786164
v -1.301627 7.314927 1.829759
v -1.579640 7.193963 1.875124
v -1.573250 7.194767 1.867197
v -0.942591 7.140589 1.756811
v -0.988355 7.157282 1.811708
v -0.927002 7.296739 2.061925
v -0.886730 7.282048 2.013616
v -0.886730 7.282048 2.013616
v -0.927002 7.296739 2.061925
v -0.865522 7.132189 2.337212
v -0.858200 7.129518 2.328428
v -1.068006 7.161075 1.811957
v -1.113378 7.150806 1.869600
v -1.342172 7.274353 1.911477
v -1.302245 7.283390 1.860751
v -1.302245 7.283390 1.860751
v -1.342172 7.274353 1.911477
v -1.642998 7.155584 1.932490
v -1.635738 7.157228 1.923267
v -1.007911 7.154288 1.848018
v -1.048009 7.146949 1.914159
v -0.976803 7.223567 2.191197
v -0.941517 7.230026 2.132993
v -0.941517 7.230026 2.132993
v -0.976803 7.223567 2.191197
v -0.887085 7.020284 2.510988
v -0.880669 7.021458 2.500405
v -1.137147 7.150482 1.907893
v -1.169457 7.151781 1.967658
v -1.391281 7.264923 2.025685
v -1.362849 7.263780 1.973092
v -1.362849 7.263780 1.973092
v -1.391281 7.264923 2.025685
v -1.617083 7.043844 2.030586
v -1.611913 7.043635 2.021023
v -1.071478 7.150528 1.946344
v -1.109335 7.141115 2.009320
v -1.074306 7.262060 2.310545
v -1.040991 7.270343 2.255126
v -1.040991 7.270343 2.255126
v -1.074306 7.262060 2.310545
v -1.035245 7.130814 2.528044
v -1.029188 7.132319 2.517967
v -1.196939 7.144371 2.004852
v -1.234398 7.135077 2.063921
v -1.505886 7.211531 2.173698
v -1.472921 7.219708 2.121717
v -1.472921 7.219708 2.121717
v -1.505886 7.211531 2.173698
v -1.638182 6.988821 2.171486
v -1.632189 6.990308 2.162035
v -1.131853 7.130610 2.048357
v -1.173357 7.138246 2.100003
v -1.117092 7.221154 2.394246
v -1.080569 7.214435 2.348798
v -1.080569 7.214435 2.348798
v -1.117092 7.221154 2.394246
v -1.054999 6.995123 2.561027
v -1.048359 6.993902 2.552764
v -1.258735 7.133113 2.107411
v -1.296413 7.110143 2.153151
v -1.628888 7.173772 2.255090
v -1.595731 7.193985 2.214838
v -1.595731 7.193985 2.214838
v -1.628888 7.173772 2.255090
v -1.846285 6.954373 2.256675
v -1.840256 6.958049 2.249357
v -1.196526 7.118304 2.145710
v -1.232152 7.114388 2.193896
v -1.192220 7.180354 2.520724
v -1.160869 7.183799 2.478321
v -1.160869 7.183799 2.478321
v -1.192220 7.180354 2.520724
v -1.137769 6.893993 2.650460
v -1.132069 6.894619 2.642750
v -1.318680 7.107274 2.196057
v -1.358847 7.085850 2.254073
v -1.895898 6.951329 2.480502
v -1.888667 6.955185 2.470059
v -1.260216 7.105603 2.234976
v -1.290490 7.076985 2.293635
v -1.257993 6.872188 2.691252
v -1.252544 6.877339 2.680693
v -1.382396 7.074724 2.292272
v -1.415636 7.054626 2.344497
v -1.836970 6.798650 2.409567
v -1.830986 6.802268 2.400166
v -1.318181 7.067944 2.332227
v -1.352669 7.050900 2.382442
v -1.343757 6.868133 2.788434
v -1.337549 6.871201 2.779395
v -1.440270 7.042198 2.389780
v -1.475932 7.009840 2.429957
v -1.740204 6.807333 2.519502
v -1.733785 6.813157 2.512270
v -1.380151 7.037990 2.421555
v -1.408503 7.003573 2.475484
v -1.368733 6.829278 2.758448
v -1.363630 6.835474 2.748741
v -1.498173 6.993995 2.468771
v -1.533398 6.967280 2.529483
v -1.719291 6.809531 2.594097
v -1.712950 6.814340 2.583169
v -1.439487 6.993816 2.512246
v -1.464161 6.957015 2.562696
v -1.468535 6.777839 2.832207
v -1.464094 6.784462 2.823126
v -1.554739 6.947480 2.563217
v -1.588928 6.909741 2.608307
v -1.709345 6.785724 2.649425
v -1.703191 6.792517 2.641309
v -1.490335 6.933366 2.599409
v -1.525030 6.913444 2.648171
v -1.493694 6.819726 2.740000
v -1.487449 6.823313 2.731223
v -0.166678 6.435071 0.339341
v -0.062326 6.425748 0.412734
v -0.244867 6.681810 0.697233
v -0.341756 6.690426 0.629618
v -0.341756 6.690426 0.629618
v -0.244867 6.681810 0.697233
v -0.444049 6.897048 1.003014
v -0.533061 6.904892 0.941876
v -0.533061 6.904892 0.941876
v -0.444049 6.897048 1.003014
v -0.660518 7.054022 1.331295
v -0.740907 7.061018 1.277270
v -0.740907 7.061018 1.277270
v -0.660518 7.054022 1.331295
v -0.890129 7.138868 1.676512
v -0.960744 7.144920 1.630317
v -0.960744 7.144920 1.630317
v -0.890129 7.138868 1.676512
v -1.125607 7.140711 2.027998
v -1.184595 7.145678 1.990614
v -1.184595 7.145678 1.990614
v -1.125607 7.140711 2.027998
v -1.357781 7.052776 2.370583
v -1.401621 7.056393 2.343789
v -1.401621 7.056393 2.343789
v -1.357781 7.052776 2.370583
v -1.582828 6.874218 2.681896
v -1.592834 6.875026 2.676026
v -0.372222 6.741807 0.712737
v -0.396269 6.783791 0.763491
v -0.575069 6.936919 0.656890
v -0.570741 6.929362 0.647754
v -0.311820 6.745195 0.752520
v -0.334213 6.769540 0.808797
v -0.160167 6.927647 0.915627
v -0.156137 6.923265 0.905497
v -0.430777 6.800946 0.794798
v -0.443581 6.843099 0.849072
v -0.659392 7.134898 0.676139
v -0.657087 7.127311 0.666370
v -0.360538 6.800613 0.841299
v -0.391191 6.832580 0.887415
v -0.070635 7.203043 1.090457
v -0.065117 7.197289 1.082157
v -0.479282 6.859952 0.881276
v -0.503619 6.894761 0.933817
v -1.007179 7.357909 0.720817
v -1.002799 7.351644 0.711359
v -0.418558 6.865636 0.917559
v -0.441526 6.878238 0.982107
v -0.128103 7.097790 1.357686
v -0.123969 7.095522 1.346068
v -0.534657 6.912850 0.970834
v -0.559379 6.944212 1.018971
v -1.358981 7.284787 0.832945
v -1.354531 7.279142 0.824281
v -0.474582 6.917831 1.008926
v -0.496434 6.928407 1.065156
v -0.164528 7.127797 1.630914
v -0.160595 7.125893 1.620793
v -0.579542 6.969742 1.059200
v -0.628122 6.980751 1.108693
v -1.246548 7.329951 0.962130
v -1.237804 7.327970 0.953222
v -0.526364 6.957335 1.102013
v -0.558058 6.982349 1.149837
v -0.143378 7.169058 1.815792
v -0.137673 7.164556 1.807184
v -0.641524 7.007072 1.147094
v -0.682117 7.027360 1.202089
v -0.894553 7.329802 1.156659
v -0.858831 7.311948 1.108263
v -0.858831 7.311948 1.108263
v -0.894553 7.329802 1.156659
v -1.298516 7.388668 1.170839
v -1.292021 7.385422 1.162040
v -0.585230 7.002655 1.191833
v -0.614935 7.020985 1.240964
v -0.428241 7.307140 1.456224
v -0.402100 7.291009 1.412989
v -0.402100 7.291009 1.412989
v -0.428241 7.307140 1.456224
v -0.205828 7.397226 1.902747
v -0.201075 7.394293 1.894886
v -0.706008 7.041203 1.237963
v -0.735774 7.067131 1.295478
v -1.005536 7.358267 1.254947
v -0.979343 7.335450 1.204333
v -0.979343 7.335450 1.204333
v -1.005536 7.358267 1.254947
v -1.515683 7.258929 1.287937
v -1.510920 7.254781 1.278735
v -0.643358 7.041046 1.280662
v -0.674699 7.056513 1.336028
v -0.551897 7.292853 1.506273
v -0.524318 7.279243 1.457551
v -0.524318 7.279243 1.457551
v -0.551897 7.292853 1.506273
v -0.409682 7.351371 1.859348
v -0.404668 7.348897 1.850489
v -0.762130 7.080961 1.336908
v -0.799738 7.090715 1.383472
v -1.072343 7.463991 1.329966
v -1.039248 7.455408 1.288990
v -1.039248 7.455408 1.288990
v -1.072343 7.463991 1.329966
v -1.470839 7.480426 1.322560
v -1.464822 7.478865 1.315109
v -0.702633 7.076094 1.372565
v -0.735250 7.084826 1.430676
v -0.606187 7.256680 1.708271
v -0.577484 7.248996 1.657133
v -0.577484 7.248996 1.657133
v -0.606187 7.256680 1.708271
v -0.538914 7.035307 2.049374
v -0.533696 7.033910 2.040076
v -0.823995 7.103243 1.424087
v -0.859661 7.120612 1.485592
v -1.106712 7.338100 1.493830
v -1.075326 7.322815 1.439706
v -1.075326 7.322815 1.439706
v -1.106712 7.338100 1.493830
v -1.453710 7.170278 1.535571
v -1.448004 7.167499 1.525730
v -0.762637 7.098674 1.473198
v -0.796760 7.114447 1.518933
v -0.667785 7.408582 1.847501
v -0.637757 7.394701 1.807254
v -0.637757 7.394701 1.807254
v -0.667785 7.408582 1.847501
v -0.572557 7.332890 2.284353
v -0.567097 7.330366 2.277035
v -0.877890 7.133322 1.524457
v -0.928977 7.130848 1.576500
v -1.232378 7.414139 1.590426
v -1.187422 7.416316 1.544629
v -1.187422 7.416316 1.544629
v -1.232378 7.414139 1.590426
v -1.661284 7.344797 1.625754
v -1.653110 7.345193 1.617427
v -0.819682 7.116994 1.565838
v -0.862640 7.136462 1.617143
v -0.744557 7.384236 1.889112
v -0.706754 7.367106 1.843964
v -0.706754 7.367106 1.843964
v -0.744557 7.384236 1.889112
v -0.640575 7.163649 2.309300
v -0.633702 7.160534 2.301091
v -0.953459 7.138828 1.620811
v -0.977671 7.153696 1.672889
v -1.312665 7.400893 1.736420
v -1.291359 7.387810 1.690591
v -1.291359 7.387810 1.690591
v -1.312665 7.400893 1.736420
v -1.683025 7.282862 1.796198
v -1.679151 7.280483 1.787866
v -0.884635 7.135828 1.661851
v -0.921654 7.146005 1.713424
v -0.782129 7.378604 2.072900
v -0.749552 7.369649 2.027516
v -0.749552 7.369649 2.027516
v -0.782129 7.378604 2.072900
v -0.697584 7.143524 2.374951
v -0.691661 7.141896 2.366699
v -1.008077 7.156786 1.718936
v -1.048016 7.151753 1.768476
v -1.301627 7.314927 1.829759
v -1.266481 7.319356 1.786164
v -1.266481 7.319356 1.786164
v -1.301627 7.314927 1.829759
v -1.579640 7.193963 1.875124
v -1.573250 7.194767 1.867197
v -0.942591 7.140589 1.756811
v -0.988355 7.157282 1.811708
v -0.927002 7.296739 2.061925
v -0.886730 7.282048 2.013616
v -0.886730 7.282048 2.013616
v -0.927002 7.296739 2.061925
v -0.865522 7.132189 2.337212
v -0.858200 7.129518 2.328428
v -1.068006 7.161075 1.811957
v -1.113378 7.150806 1.869600
v -1.342172 7.274353 1.911477
v -1.302245 7.283390 1.860751
v -1.302245 7.283390 1.860751
v -1.342172 7.274353 1.911477
v -1.642998 7.155584 1.932490
v -1.635738 7.157228 1.923267
v -1.007911 7.154288 1.848018
v -1.048009 7.146949 1.914159
v -0.976803 7.223567 2.191197
v -0.941517 7.230026 2.132993
v -0.941517 7.230026 2.132993
v -0.976803 7.223567 2.191197
v -0.887085 7.020284 2.510988
v -0.880669 7.021458 2.500405
v -1.137147 7.150482 1.907893
v -1.169457 7.151781 1.967658
v -1.391281 7.264923 2.025685
v -1.362849 7.263780 1.973092
v -1.362849 7.263780 1.973092
v -1.391281 7.264923 2.025685
v -1.617083 7.043844 2.030586
v -1.611913 7.043635 2.021023
v -1.071478 7.150528 1.946344
v -1.109335 7.141115 2.009320
v -1.074306 7.262060 2.310545
v -1.040991 7.270343 2.255126
v -1.040991 7.270343 2.255126
v -1.074306 7.262060 2.310545
v -1.035245 7.130814 2.528044
v -1.029188 7.132319 2.517967
v -1.196939 7.144371 2.004852
v -1.234398 7.135077 2.063921
v -1.505886 7.211531 2.173698
v -1.472921 7.219708 2.121717
v -1.472921 7.219708 2.121717
v -1.505886 7.211531 2.173698
v -1.638182 6.988821 2.171486
v -1.632189 6.990308 2.162035
v -1.131853 7.130610 2.048357
v -1.173357 7.138246 2.100003
v -1.117092 7.221154 2.394246
v -1.080569 7.214435 2.348798
v -1.080569 7.214435 2.348798
v -1.117092 7.221154 2.394246
v -1.054999 6.995123 2.561027
v -1.048359 6.993902 2.552764
v -1.258735 7.133113 2.107411
v -1.296413 7.110143 2.153151
v -1.628888 7.173772 2.255090
v -1.595731 7.193985 2.214838
v -1.595731 7.193985 2.214838
v -1.628888 7.173772 2.255090
v -1.846285 6.954373 2.256675
v -1.840256 6.958049 2.249357
v -1.196526 7.118304 2.145710
v -1.232152 7.114388 2.193896
v -1.192220 7.180354 2.520724
v -1.160869 7.183799 2.478321
v -1.160869 7.183799 2.478321
v -1.192220 7.180354 2.520724
v -1.137769 6.893993 2.650460
v -1.132069 6.894619 2.642750
v -1.318680 7.107274 2.196057
v -1.358847 7.085850 2.254073
v -1.895898 6.951329 2.480502
v -1.888667 6.955185 2.470059
v -1.260216 7.105603 2.234976
v -1.290490 7.076985 2.293635
v -1.257993 6.872188 2.691252
v -1.252544 6.877339 2.680693
v -1.382396 7.074724 2.292272
v -1.415636 7.054626 2.344497
v -1.836970 6.798650 2.409567
v -1.830986 6.802268 2.400166
v -1.318181 7.067944 2.332227
v -1.352669 7.050900 2.382442
v -1.343757 6.868133 2.788434
v -1.337549 6.871201 2.779395
v -1.440270 7.042198 2.389780
v -1.475932 7.009840 2.429957
v -1.740204 6.807333 2.519502
v -1.733785 6.813157 2.512270
v -1.380151 7.037990 2.421555
v -1.408503 7.003573 2.475484
v -1.368733 6.829278 2.758448
v -1.363630 6.835474 2.748741
v -1.498173 6.993995 2.468771
v -1.533398 6.967280 2.529483
v -1.719291 6.809531 2.594097
v -1.712950 6.814340 2.583169
v -1.439487 6.993816 2.512246
v -1.464161 6.957015 2.562696
v -1.468535 6.777839 2.832207
v -1.464094 6.784462 2.823126
v -1.554739 6.947480 2.563217
v -1.588928 6.909741 2.608307
v -1.709345 6.785724 2.649425
v -1.703191 6.792517 2.641309
v -1.490335 6.933366 2.599409
v -1.525030 6.913444 2.648171
v -1.493694 6.819726 2.740000
v -1.487449 6.823313 2.731223
v 0.215861 6.370802 0.269141
v 0.199908 6.380774 0.142615
v 0.615344 6.483552 0.101796
v 0.631280 6.474285 0.218817
v 0.631280 6.474285 0.218817
v 0.615344 6.483552 0.101796
v 1.038784 6.528931 0.049463
v 1.055496 6.520405 0.156095
v 1.055496 6.520405 0.156095
v 1.038784 6.528931 0.049463
v 1.460780 6.497532 -0.018352
v 1.478384 6.489821 0.076836
v 1.478384 6.489821 0.076836
v 1.460780 6.497532 -0.018352
v 1.863665 6.378591 -0.101881
v 1.881776 6.371812 -0.019522
v 1.881776 6.371812 -0.019522
v 1.863665 6.378591 -0.101881
v 2.224687 6.168788 -0.197146
v 2.242324 6.163127 -0.129627
v 2.242324 6.163127 -0.129627
v 2.224687 6.168788 -0.197146
v 2.519172 5.873232 -0.294941
v 2.534322 5.869032 -0.245892
v 2.534322 5.869032 -0.245892
v 2.519172 5.873232 -0.294941
v 2.726734 5.505753 -0.373984
v 2.730689 5.504797 -0.363090
v 0.823242 6.506662 0.172206
v 0.890869 6.511862 0.163623
v 0.990511 6.656981 0.396773
v 0.978338 6.656044 0.398318
v 0.816048 6.511148 0.096127
v 0.876495 6.519111 0.092220
v 0.911728 6.684103 -0.077335
v 0.900848 6.682671 -0.076632
v 0.939294 6.517046 0.156412
v 0.997259 6.519465 0.148045
v 1.213237 6.718009 0.498898
v 1.202803 6.717574 0.500404
v 0.928592 6.515293 0.075784
v 0.985564 6.532974 0.081316
v 1.124241 6.720717 -0.363357
v 1.113986 6.717534 -0.364352
v 1.045811 6.517872 0.143605
v 1.113499 6.526631 0.127351
v 1.577478 6.591931 0.691604
v 1.565294 6.590354 0.694529
v 1.036437 6.529775 0.068183
v 1.099571 6.526507 0.055558
v 1.293575 6.684489 -0.501087
v 1.282211 6.685077 -0.498815
v 1.155822 6.520082 0.125191
v 1.226065 6.521687 0.110005
v 1.639860 6.680029 0.668175
v 1.627216 6.679739 0.670908
v 1.145564 6.527730 0.048778
v 1.212047 6.525842 0.039361
v 1.536722 6.775216 -0.644350
v 1.524755 6.775556 -0.642655
v 1.272517 6.515644 0.104573
v 1.331141 6.511901 0.092484
v 1.905540 6.557889 0.712780
v 1.894987 6.558562 0.714956
v 1.254797 6.516652 0.023676
v 1.323542 6.522722 0.026502
v 1.646518 6.894537 -0.758428
v 1.634144 6.893444 -0.758937
v 1.375478 6.501377 0.089342
v 1.448535 6.500561 0.067280
v 1.730423 6.729640 0.355358
v 1.666133 6.730359 0.374772
v 1.666133 6.730359 0.374772
v 1.730423 6.729640 0.355358
v 1.949809 6.538375 0.662639
v 1.938120 6.538506 0.666169
v 1.362050 6.508143 0.006622
v 1.435537 6.505651 0.003318
v 1.589039 6.759333 -0.242371
v 1.524371 6.761525 -0.239464
v 1.524371 6.761525 -0.239464
v 1.589039 6.759333 -0.242371
v 1.721419 6.671386 -0.636215
v 1.709661 6.671784 -0.635687
v 1.484889 6.488944 0.065514
v 1.557392 6.475693 0.048388
v 1.832547 6.653513 0.251232
v 1.768744 6.665174 0.266303
v 1.768744 6.665174 0.266303
v 1.832547 6.653513 0.251232
v 2.120270 6.483461 0.537911
v 2.108669 6.485581 0.540651
v 1.472020 6.489378 -0.013273
v 1.542670 6.487141 -0.019290
v 1.737168 6.674846 -0.379827
v 1.674996 6.676815 -0.374532
v 1.674996 6.676815 -0.374532
v 1.737168 6.674846 -0.379827
v 1.835046 6.550688 -0.738659
v 1.823742 6.551046 -0.737696
v 1.601686 6.464282 0.041338
v 1.656060 6.451102 0.027603
v 1.980592 6.642209 0.248012
v 1.932742 6.653806 0.260099
v 1.932742 6.653806 0.260099
v 1.980592 6.642209 0.248012
v 2.234225 6.567080 0.483065
v 2.225525 6.569189 0.485262
v 1.587459 6.472756 -0.030607
v 1.641471 6.454539 -0.046677
v 1.865796 6.719200 -0.338591
v 1.818266 6.735230 -0.324449
v 1.818266 6.735230 -0.324449
v 1.865796 6.719200 -0.338591
v 2.041743 6.692997 -0.735293
v 2.033101 6.695910 -0.732721
v 1.706518 6.429723 0.020760
v 1.762976 6.423844 0.000990
v 2.085868 6.510907 0.218285
v 2.036185 6.516079 0.235683
v 2.036185 6.516079 0.235683
v 2.085868 6.510907 0.218285
v 2.288327 6.112437 0.483984
v 2.279294 6.113377 0.487148
v 1.687157 6.441352 -0.056825
v 1.752239 6.424154 -0.067390
v 1.957844 6.612548 -0.375609
v 1.900573 6.627683 -0.366311
v 1.900573 6.627683 -0.366311
v 1.957844 6.612548 -0.375609
v 2.032050 6.404342 -0.743611
v 2.021636 6.407094 -0.741921
v 1.807887 6.407949 -0.009153
v 1.868759 6.371142 -0.018377
v 2.256082 6.406365 0.239076
v 2.202515 6.438755 0.247193
v 2.202515 6.438755 0.247193
v 2.256082 6.406365 0.239076
v 2.481174 6.137737 0.491994
v 2.471435 6.143626 0.493470
v 1.791432 6.407648 -0.079401
v 1.853780 6.383411 -0.093810
v 2.095602 6.496749 -0.432189
v 2.040736 6.518078 -0.419509
v 2.040736 6.518078 -0.419509
v 2.095602 6.496749 -0.432189
v 2.178842 6.270821 -0.769280
v 2.168866 6.274699 -0.766975
v 1.913082 6.365493 -0.036264
v 1.965402 6.326807 -0.042403
v 2.368205 6.362142 0.209330
v 2.322162 6.396185 0.214732
v 2.322162 6.396185 0.214732
v 2.368205 6.362142 0.209330
v 2.562355 6.085822 0.447927
v 2.553983 6.092011 0.448909
v 1.894207 6.373188 -0.099056
v 1.951454 6.331109 -0.124983
v 2.187815 6.391542 -0.442819
v 2.137437 6.428572 -0.420003
v 2.137437 6.428572 -0.420003
v 2.187815 6.391542 -0.442819
v 2.267294 6.076368 -0.814747
v 2.258135 6.083101 -0.810599
v 2.008822 6.321120 -0.063738
v 2.065331 6.272104 -0.067715
v 2.422607 6.308928 0.133652
v 2.372879 6.352061 0.137152
v 2.372879 6.352061 0.137152
v 2.422607 6.308928 0.133652
v 2.600309 6.102389 0.338304
v 2.591267 6.110231 0.338941
v 1.997472 6.322126 -0.127595
v 2.042419 6.283123 -0.148895
v 2.217031 6.317617 -0.428137
v 2.177478 6.351940 -0.409393
v 2.177478 6.351940 -0.409393
v 2.217031 6.317617 -0.428137
v 2.261343 6.090969 -0.750672
v 2.254151 6.097209 -0.747264
v 2.101332 6.261981 -0.084175
v 2.161453 6.219987 -0.101469
v 2.576753 6.162314 0.075569
v 2.523846 6.199268 0.090788
v 2.523846 6.199268 0.090788
v 2.576753 6.162314 0.075569
v 2.645416 5.814181 0.230734
v 2.635797 5.820899 0.233502
v 2.085773 6.263147 -0.158148
v 2.141266 6.230875 -0.172172
v 2.424490 6.223264 -0.507730
v 2.375656 6.251664 -0.495389
v 2.375656 6.251664 -0.495389
v 2.424490 6.223264 -0.507730
v 2.467681 5.936346 -0.774165
v 2.458802 5.941509 -0.771921
v 2.201473 6.200547 -0.120582
v 2.241601 6.157598 -0.120401
v 2.573031 6.150346 -0.012817
v 2.537718 6.188141 -0.012975
v 2.537718 6.188141 -0.012975
v 2.573031 6.150346 -0.012817
v 2.719063 5.807027 0.157839
v 2.712643 5.813899 0.157810
v 2.173554 6.205580 -0.184123
v 2.232238 6.164649 -0.201145
v 2.380410 6.150907 -0.446289
v 2.328768 6.186926 -0.431310
v 2.328768 6.186926 -0.431310
v 2.380410 6.150907 -0.446289
v 2.291333 5.917787 -0.587059
v 2.281944 5.924335 -0.584336
v 2.282072 6.132841 -0.139607
v 2.332231 6.089584 -0.157460
v 2.627444 6.037448 -0.027393
v 2.583305 6.075514 -0.011683
v 2.583305 6.075514 -0.011683
v 2.627444 6.037448 -0.027393
v 2.604524 5.760180 0.105397
v 2.596498 5.767101 0.108254
v 2.261007 6.141953 -0.210774
v 2.314436 6.092583 -0.230158
v 2.460993 6.066824 -0.464734
v 2.413975 6.110270 -0.447676
v 2.413975 6.110270 -0.447676
v 2.460993 6.066824 -0.464734
v 2.398710 5.821870 -0.664709
v 2.390161 5.829769 -0.661607
v 2.360303 6.060484 -0.165209
v 2.415449 6.014892 -0.188280
v 2.638959 5.937418 -0.083904
v 2.590431 5.977539 -0.063601
v 2.590431 5.977539 -0.063601
v 2.638959 5.937418 -0.083904
v 2.577071 5.627494 0.062923
v 2.568248 5.634789 0.066614
v 2.343350 6.061522 -0.243019
v 2.391919 6.025991 -0.253885
v 2.590069 5.979099 -0.504258
v 2.547328 6.010365 -0.494696
v 2.547328 6.010365 -0.494696
v 2.590069 5.979099 -0.504258
v 2.527829 5.760900 -0.641925
v 2.520058 5.766585 -0.640186
v 2.440097 5.975630 -0.193576
v 2.486476 5.941809 -0.216247
v 2.759054 5.513597 0.004539
v 2.750705 5.519684 0.008620
v 2.417825 5.987265 -0.269449
v 2.466603 5.942337 -0.283307
v 2.530024 5.638656 -0.635378
v 2.521244 5.646743 -0.632883
v 2.511702 5.899250 -0.222765
v 2.554250 5.849886 -0.242836
v 2.709010 5.528993 -0.075362
v 2.701352 5.537878 -0.071749
v 2.491297 5.905231 -0.296400
v 2.530806 5.856093 -0.311619
v 2.600939 5.521049 -0.662833
v 2.593827 5.529894 -0.660094
v 2.583997 5.811571 -0.257355
v 2.608289 5.758944 -0.262854
v 2.734815 5.386601 -0.102686
v 2.730443 5.396074 -0.101696
v 2.551195 5.813331 -0.324516
v 2.595499 5.769396 -0.337559
v 2.597995 5.429629 -0.611752
v 2.590021 5.437537 -0.609405
v 2.634870 5.723461 -0.276999
v 2.670644 5.659443 -0.296118
v 2.771370 5.363286 -0.200775
v 2.764931 5.374808 -0.197334
v 2.619873 5.725522 -0.349045
v 2.638268 5.669616 -0.365353
v 2.615881 5.483854 -0.538043
v 2.612570 5.493917 -0.535107
v 2.692528 5.623027 -0.307891
v 2.712485 5.564100 -0.315857
v 2.764238 5.414400 -0.243123
v 2.760646 5.425007 -0.241689
v 2.661849 5.626651 -0.375699
v 2.693974 5.572732 -0.388705
v 2.680346 5.406454 -0.476073
v 2.674564 5.416159 -0.473731
v 0.215861 6.370802 0.269141
v 0.199908 6.380774 0.142615
v 0.615344 6.483552 0.101796
v 0.631280 6.474285 0.218817
v 0.631280 6.474285 0.218817
v 0.615344 6.483552 0.101796
v 1.038784 6.528931 0.049463
v 1.055496 6.520405 0.156095
v 1.055496 6.520405 0.156095
v 1.038784 6.528931 0.049463
v 1.460780 6.497532 -0.018352
v 1.478384 6.489821 0.076836
v 1.478384 6.489821 0.076836
v 1.460780 6.497532 -0.018352
v 1.863665 6.378591 -0.101881
v 1.881776 6.371812 -0.019522
v 1.881776 6.371812 -0.019522
v 1.863665 6.378591 -0.101881
v 2.224687 6.168788 -0.197146
v 2.242324 6.163127 -0.129627
v 2.242324 6.163127 -0.129627
v 2.224687 6.168788 -0.197146
v 2.519172 5.873232 -0.294941
v 2.534322 5.869032 -0.245892
v 2.534322 5.869032 -0.245892
v 2.519172 5.873232 -0.294941
v 2.726734 5.505753 -0.373984
v 2.730689 5.504797 -0.363090
v 0.823242 6.506662 0.172206
v 0.890869 6.511862 0.163623
v 0.990511 6.656981 0.396773
v 0.978338 6.656044 0.398318
v 0.816048 6.511148 0.096127
v 0.876495 6.519111 0.092220
v 0.911728 6.684103 -0.077335
v 0.900848 6.682671 -0.076632
v 0.939294 6.517046 0.156412
v 0.997259 6.519465 0.148045
v 1.213237 6.718009 0.498898
v 1.202803 6.717574 0.500404
v 0.928592 6.515293 0.075784
v 0.985564 6.532974 0.081316
v 1.124241 6.720717 -0.363357
v 1.113986 6.717534 -0.364352
v 1.045811 6.517872 0.143605
v 1.113499 6.526631 0.127351
v 1.577478 6.591931 0.691604
v 1.565294 6.590354 0.694529
v 1.036437 6.529775 0.068183
v 1.099571 6.526507 0.055558
v 1.293575 6.684489 -0.501087
v 1.282211 6.685077 -0.498815
v 1.155822 6.520082 0.125191
v 1.226065 6.521687 0.110005
v 1.639860 6.680029 0.668175
v 1.627216 6.679739 0.670908
v 1.145564 6.527730 0.048778
v 1.212047 6.525842 0.039361
v 1.536722 6.775216 -0.644350
v 1.524755 6.775556 -0.642655
v 1.272517 6.515644 0.104573
v 1.331141 6.511901 0.092484
v 1.905540 6.557889 0.712780
v 1.894987 6.558562 0.714956
v 1.254797 6.516652 0.023676
v 1.323542 6.522722 0.026502
v 1.646518 6.894537 -0.758428
v 1.634144 6.893444 -0.758937
v 1.375478 6.501377 0.089342
v 1.448535 6.500561 0.067280
v 1.730423 6.729640 0.355358
v 1.666133 6.730359 0.374772
v 1.666133 6.730359 0.374772
v 1.730423 6.729640 0.355358
v 1.949809 6.538375 0.662639
v 1.938120 6.538506 0.666169
v 1.362050 6.508143 0.006622
v 1.435537 6.505651 0.003318
v 1.589039 6.759333 -0.242371
v 1.524371 6.761525 -0.239464
v 1.524371 6.761525 -0.239464
v 1.589039 6.759333 -0.242371
v 1.721419 6.671386 -0.636215
v 1.709661 6.671784 -0.635687
v 1.484889 6.488944 0.065514
v 1.557392 6.475693 0.048388
v 1.832547 6.653513 0.251232
v 1.768744 6.665174 0.266303
v 1.768744 6.665174 0.266303
v 1.832547 6.653513 0.251232
v 2.120270 6.483461 0.537911
v 2.108669 6.485581 0.540651
v 1.472020 6.489378 -0.013273
v 1.542670 6.487141 -0.019290
v 1.737168 6.674846 -0.379827
v 1.674996 6.676815 -0.374532
v 1.674996 6.676815 -0.374532
v 1.737168 6.674846 -0.379827
v 1.835046 6.550688 -0.738659
v 1.823742 6.551046 -0.737696
v 1.601686 6.464282 0.041338
v 1.656060 6.451102 0.027603
v 1.980592 6.642209 0.248012
v 1.932742 6.653806 0.260099
v 1.932742 6.653806 0.260099
v 1.980592 6.642209 0.248012
v 2.234225 6.567080 0.483065
v 2.225525 6.569189 0.485262
v 1.587459 6.472756 -0.030607
v 1.641471 6.454539 -0.046677
v 1.865796 6.719200 -0.338591
v 1.818266 6.735230 -0.324449
v 1.818266 6.735230 -0.324449
v 1.865796 6.719200 -0.338591
v 2.041743 6.692997 -0.735293
v 2.033101 6.695910 -0.732721
v 1.706518 6.429723 0.020760
v 1.762976 6.423844 0.000990
v 2.085868 6.510907 0.218285
v 2.036185 6.516079 0.235683
v 2.036185 6.516079 0.235683
v 2.085868 6.510907 0.218285
v 2.288327 6.112437 0.483984
v 2.279294 6.113377 0.487148
v 1.687157 6.441352 -0.056825
v 1.752239 6.424154 -0.067390
v 1.957844 6.612548 -0.375609
v 1.900573 6.627683 -0.366311
v 1.900573 6.627683 -0.366311
v 1.957844 6.612548 -0.375609
v 2.032050 6.404342 -0.743611
v 2.021636 6.407094 -0.741921
v 1.807887 6.407949 -0.009153
v 1.868759 6.371142 -0.018377
v 2.256082 6.406365 0.239076
v 2.202515 6.438755 0.247193
v 2.202515 6.438755 0.247193
v 2.256082 6.406365 0.239076
v 2.481174 6.137737 0.491994
v 2.471435 6.143626 0.493470
v 1.791432 6.407648 -0.079401
v 1.853780 6.383411 -0.093810
v 2.095602 6.496749 -0.432189
v 2.040736 6.518078 -0.419509
v 2.040736 6.518078 -0.419509
v 2.095602 6.496749 -0.432189
v 2.178842 6.270821 -0.769280
v 2.168866 6.274699 -0.766975
v 1.913082 6.365493 -0.036264
v 1.965402 6.326807 -0.042403
v 2.368205 6.362142 0.209330
v 2.322162 6.396185 0.214732
v 2.322162 6.396185 0.214732
v 2.368205 6.362142 0.209330
v 2.562355 6.085822 0.447927
v 2.553983 6.092011 0.448909
v 1.894207 6.373188 -0.099056
v 1.951454 6.331109 -0.124983
v 2.187815 6.391542 -0.442819
v 2.137437 6.428572 -0.420003
v 2.137437 6.428572 -0.420003
v 2.187815 6.391542 -0.442819
v 2.267294 6.076368 -0.814747
v 2.258135 6.083101 -0.810599
v 2.008822 6.321120 -0.063738
v 2.065331 6.272104 -0.067715
v 2.422607 6.308928 0.133652
v 2.372879 6.352061 0.137152
v 2.372879 6.352061 0.137152
v 2.422607 6.308928 0.133652
v 2.600309 6.102389 0.338304
v 2.591267 6.110231 0.338941
v 1.997472 6.322126 -0.127595
v 2.042419 6.283123 -0.148895
v 2.217031 6.317617 -0.428137
v 2.177478 6.351940 -0.409393
v 2.177478 6.351940 -0.409393
v 2.217031 6.317617 -0.428137
v 2.261343 6.090969 -0.750672
v 2.254151 6.097209 -0.747264
v 2.101332 6.261981 -0.084175
v 2.161453 6.219987 -0.101469
v 2.576753 6.162314 0.075569
v 2.523846 6.199268 0.090788
v 2.523846 6.199268 0.090788
v 2.576753 6.162314 0.075569
v 2.645416 5.814181 0.230734
v 2.635797 5.820899 0.233502
v 2.085773 6.263147 -0.158148
v 2.141266 6.230875 -0.172172
v 2.424490 6.223264 -0.507730
v 2.375656 6.251664 -0.495389
v 2.375656 6.251664 -0.495389
v 2.424490 6.223264 -0.507730
v 2.467681 5.936346 -0.774165
v 2.458802 5.941509 -0.771921
v 2.201473 6.200547 -0.120582
v 2.241601 6.157598 -0.120401
v 2.573031 6.150346 -0.012817
v 2.537718 6.188141 -0.012975
v 2.537718 6.188141 -0.012975
v 2.573031 6.150346 -0.012817
v 2.719063 5.807027 0.157839
v 2.712643 5.813899 0.157810
v 2.173554 6.205580 -0.184123
v 2.232238 6.164649 -0.201145
v 2.380410 6.150907 -0.446289
v 2.328768 6.186926 -0.431310
v 2.328768 6.186926 -0.431310
v 2.380410 6.150907 -0.446289
v 2.291333 5.917787 -0.587059
v 2.281944 5.924335 -0.584336
v 2.282072 6.132841 -0.139607
v 2.332231 6.089584 -0.157460
v 2.627444 6.037448 -0.027393
v 2.583305 6.075514 -0.011683
v 2.583305 6.075514 -0.011683
v 2.627444 6.037448 -0.027393
v 2.604524 5.760180 0.105397
v 2.596498 5.767101 0.108254
v 2.261007 6.141953 -0.210774
v 2.314436 6.092583 -0.230158
v 2.460993 6.066824 -0.464734
v 2.413975 6.110270 -0.447676
v 2.413975 6.110270 -0.447676
v 2.460993 6.066824 -0.464734
v 2.398710 5.821870 -0.664709
v 2.390161 5.829769 -0.661607
v 2.360303 6.060484 -0.165209
v 2.415449 6.014892 -0.188280
v 2.638959 5.937418 -0.083904
v 2.590431 5.977539 -0.063601
v 2.590431 5.977539 -0.063601
v 2.638959 5.937418 -0.083904
v 2.577071 5.627494 0.062923
v 2.568248 5.634789 0.066614
v 2.343350 6.061522 -0.243019
v 2.391919 6.025991 -0.253885
v 2.590069 5.979099 -0.504258
v 2.547328 6.010365 -0.494696
v 2.547328 6.010365 -0.494696
v 2.590069 5.979099 -0.504258
v 2.527829 5.760900 -0.641925
v 2.520058 5.766585 -0.640186
v 2.440097 5.975630 -0.193576
v 2.486476 5.941809 -0.216247
v 2.759054 5.513597 0.004539
v 2.750705 5.519684 0.008620
v 2.417825 5.987265 -0.269449
v 2.466603 5.942337 -0.283307
v 2.530024 5.638656 -0.635378
v 2.521244 5.646743 -0.632883
v 2.511702 5.899250 -0.222765
v 2.554250 5.849886 -0.242836
v 2.709010 5.528993 -0.075362
v 2.701352 5.537878 -0.071749
v 2.491297 5.905231 -0.296400
v 2.530806 5.856093 -0.311619
v 2.600939 5.521049 -0.662833
v 2.593827 5.529894 -0.660094
v 2.583997 5.811571 -0.257355
v 2.608289 5.758944 -0.262854
v 2.734815 5.386601 -0.102686
v 2.730443 5.396074 -0.101696
v 2.551195 5.813331 -0.324516
v 2.595499 5.769396 -0.337559
v 2.597995 5.429629 -0.611752
v 2.590021 5.437537 -0.609405
v 2.634870 5.723461 -0.276999
v 2.670644 5.659443 -0.296118
v 2.771370 5.363286 -0.200775
v 2.764931 5.374808 -0.197334
v 2.619873 5.725522 -0.349045
v 2.638268 5.669616 -0.365353
v 2.615881 5.483854 -0.538043
v 2.612570 5.493917 -0.535107
v 2.692528 5.623027 -0.307891
v 2.712485 5.564100 -0.315857
v 2.764238 5.414400 -0.243123
v 2.760646 5.425007 -0.241689
v 2.661849 5.626651 -0.375699
v 2.693974 5.572732 -0.388705
v 2.680346 5.406454 -0.476073
v 2.674564 5.416159 -0.473731
v -0.116231 6.420871 0.101365
v -0.183864 6.415350 0.209799
v -0.542028 6.594167 -0.010560
v -0.479087 6.599255 -0.110791
v -0.479087 6.599255 -0.110791
v -0.542028 6.594167 -0.010560
v -0.914428 6.715783 -0.245562
v -0.856338 6.720386 -0.336813
v -0.856338 6.720386 -0.336813
v -0.914428 6.715783 -0.245562
v -1.295084 6.758800 -0.494200
v -1.242295 6.762869 -0.575605
v -1.242295 6.762869 -0.575605
v -1.295084 6.758800 -0.494200
v -1.670186 6.709189 -0.749650
v -1.623467 6.712673 -0.820093
v -1.623467 6.712673 -0.820093
v -1.670186 6.709189 -0.749650
v -2.020626 6.559487 -1.000682
v -1.981265 6.562309 -1.058515
v -1.981265 6.562309 -1.058515
v -2.020626 6.559487 -1.000682
v -2.323937 6.310215 -1.232861
v -2.294407 6.312242 -1.275013
v -2.294407 6.312242 -1.275013
v -2.323937 6.310215 -1.232861
v -2.552570 5.971587 -1.435647
v -2.545761 5.972031 -1.445063
v -0.605768 6.638325 -0.170495
v -0.661777 6.668230 -0.188474
v -0.593525 6.844289 -0.393691
v -0.583443 6.838905 -0.390455
v -0.645617 6.641212 -0.099729
v -0.701629 6.658944 -0.132904
v -0.900452 6.847066 0.080475
v -0.890370 6.843874 0.086446
v -0.701301 6.677068 -0.219277
v -0.767854 6.694419 -0.263698
v -0.679451 7.038414 -0.580860
v -0.667472 7.035292 -0.572864
v -0.755285 6.667180 -0.155193
v -0.793784 6.697926 -0.201580
v -1.075023 6.965441 0.076092
v -1.068094 6.959908 0.084442
v -0.805741 6.701741 -0.292135
v -0.866775 6.724241 -0.316969
v -0.762012 7.089462 -0.785879
v -0.751026 7.085412 -0.781409
v -0.850847 6.702639 -0.224147
v -0.901817 6.716981 -0.258902
v -1.393880 7.009715 0.078355
v -1.384705 7.007133 0.084611
v -0.904570 6.725768 -0.351199
v -0.972722 6.743577 -0.386036
v -0.886470 7.157534 -1.093246
v -0.874203 7.154328 -1.086975
v -0.950031 6.723145 -0.284234
v -1.007663 6.739857 -0.327106
v -1.702517 7.000080 0.122726
v -1.692143 6.997072 0.130443
v -1.006242 6.743036 -0.416513
v -1.076848 6.757442 -0.450734
v -1.040831 7.156362 -1.058816
v -1.028122 7.153769 -1.052656
v -1.054245 6.738466 -0.349251
v -1.109521 6.755695 -0.392275
v -1.928929 7.011206 -0.021289
v -1.918979 7.008104 -0.013544
v -1.116876 6.758104 -0.481846
v -1.172491 6.760993 -0.516994
v -1.178927 6.985394 -0.786546
v -1.129986 6.982852 -0.755616
v -1.129986 6.982852 -0.755616
v -1.178927 6.985394 -0.786546
v -1.177540 6.942288 -1.230457
v -1.168642 6.941825 -1.224833
v -1.159184 6.750173 -0.416779
v -1.211150 6.762632 -0.456526
v -1.547178 6.961917 -0.281435
v -1.501448 6.950954 -0.246457
v -1.501448 6.950954 -0.246457
v -1.547178 6.961917 -0.281435
v -1.868957 6.870507 -0.110570
v -1.860642 6.868514 -0.104211
v -1.221666 6.767599 -0.543831
v -1.273897 6.757206 -0.587879
v -1.324041 7.044083 -1.040116
v -1.278078 7.053228 -1.001354
v -1.278078 7.053228 -1.001354
v -1.324041 7.044083 -1.040116
v -1.346772 6.964769 -1.514657
v -1.338416 6.966432 -1.507609
v -1.252587 6.763062 -0.482570
v -1.324251 6.755477 -0.523804
v -1.739194 6.988735 -0.383065
v -1.676130 6.995410 -0.346779
v -1.676130 6.995410 -0.346779
v -1.739194 6.988735 -0.383065
v -2.161402 6.929049 -0.224449
v -2.149936 6.930263 -0.217851
v -1.318427 6.753853 -0.620854
v -1.382639 6.763299 -0.644668
v -1.454628 7.106421 -1.036526
v -1.398123 7.098110 -1.015569
v -1.398123 7.098110 -1.015569
v -1.454628 7.106421 -1.036526
v -1.475613 6.956669 -1.503829
v -1.465340 6.955158 -1.500018
v -1.360842 6.754576 -0.545715
v -1.421824 6.756337 -0.594681
v -1.812024 7.076695 -0.467090
v -1.758360 7.075145 -0.424000
v -1.758360 7.075145 -0.424000
v -1.812024 7.076695 -0.467090
v -2.268978 6.943027 -0.279378
v -2.259221 6.942745 -0.271543
v -1.422675 6.750319 -0.681657
v -1.482543 6.745432 -0.718239
v -1.539434 6.873384 -1.053868
v -1.486751 6.877684 -1.021676
v -1.486751 6.877684 -1.021676
v -1.539434 6.873384 -1.053868
v -1.536967 6.675788 -1.385288
v -1.527389 6.676570 -1.379434
v -1.459866 6.754618 -0.619009
v -1.527292 6.734922 -0.655982
v -1.905522 6.880428 -0.559917
v -1.846187 6.897761 -0.527380
v -1.846187 6.897761 -0.527380
v -1.905522 6.880428 -0.559917
v -2.293411 6.733289 -0.422132
v -2.282623 6.736440 -0.416216
v -1.522300 6.729361 -0.753908
v -1.585010 6.730920 -0.780501
v -1.658218 6.950398 -1.128850
v -1.603032 6.949026 -1.105449
v -1.603032 6.949026 -1.105449
v -1.658218 6.950398 -1.128850
v -1.661712 6.887941 -1.459552
v -1.651678 6.887691 -1.455297
v -1.562204 6.733584 -0.682205
v -1.627403 6.720518 -0.727532
v -1.977504 6.832356 -0.633740
v -1.920129 6.843854 -0.593853
v -1.920129 6.843854 -0.593853
v -1.977504 6.832356 -0.633740
v -2.264751 6.597775 -0.494534
v -2.254319 6.599865 -0.487282
v -1.621878 6.708761 -0.816957
v -1.684644 6.701442 -0.851623
v -1.784460 6.806109 -1.207646
v -1.729226 6.812550 -1.177140
v -1.729226 6.812550 -1.177140
v -1.784460 6.806109 -1.207646
v -1.801779 6.645401 -1.524260
v -1.791736 6.646573 -1.518713
v -1.663687 6.712828 -0.752372
v -1.725504 6.691229 -0.791780
v -2.088741 6.815444 -0.752030
v -2.034342 6.834452 -0.717350
v -2.034342 6.834452 -0.717350
v -2.088741 6.815444 -0.752030
v -2.345049 6.662643 -0.672773
v -2.335158 6.666100 -0.666467
v -1.724059 6.688636 -0.876878
v -1.777924 6.656613 -0.924980
v -1.903861 6.825770 -1.339525
v -1.856459 6.853950 -1.297196
v -1.856459 6.853950 -1.297196
v -1.903861 6.825770 -1.339525
v -1.918930 6.627584 -1.762896
v -1.910312 6.632708 -1.755200
v -1.765979 6.680811 -0.821363
v -1.819058 6.658324 -0.856323
v -2.141366 6.725615 -0.841127
v -2.094657 6.745404 -0.810362
v -2.094657 6.745404 -0.810362
v -2.141366 6.725615 -0.841127
v -2.348933 6.378788 -0.751597
v -2.340440 6.382386 -0.746003
v -1.814790 6.637064 -0.950812
v -1.878161 6.628655 -0.982895
v -1.973832 6.693202 -1.323734
v -1.918065 6.700600 -1.295501
v -1.918065 6.700600 -1.295501
v -1.973832 6.693202 -1.323734
v -1.919438 6.360113 -1.623341
v -1.909299 6.361458 -1.618207
v -1.858888 6.650520 -0.889488
v -1.917516 6.609120 -0.920313
v -2.376567 6.630642 -0.856586
v -2.324975 6.667075 -0.829459
v -2.324975 6.667075 -0.829459
v -2.376567 6.630642 -0.856586
v -2.514342 6.260574 -0.730503
v -2.504961 6.267199 -0.725571
v -1.910416 6.599315 -1.013080
v -1.968168 6.572306 -1.050468
v -2.080263 6.577180 -1.386651
v -2.029442 6.600949 -1.353749
v -2.029442 6.600949 -1.353749
v -2.080263 6.577180 -1.386651
v -2.013671 6.271117 -1.552731
v -2.004431 6.275438 -1.546749
v -1.951385 6.596189 -0.945736
v -2.011064 6.569388 -0.994183
v -2.357081 6.591472 -0.985449
v -2.304564 6.615057 -0.942815
v -2.304564 6.615057 -0.942815
v -2.357081 6.591472 -0.985449
v -2.599639 6.307428 -0.887398
v -2.590090 6.311717 -0.879647
v -2.009496 6.549306 -1.077662
v -2.048531 6.513745 -1.113110
v -2.161413 6.532541 -1.361881
v -2.127064 6.563835 -1.330686
v -2.127064 6.563835 -1.330686
v -2.161413 6.532541 -1.361881
v -2.136563 6.257835 -1.563282
v -2.130318 6.263525 -1.557610
v -2.043652 6.547140 -1.013797
v -2.098665 6.509905 -1.053634
v -2.361562 6.477125 -1.062336
v -2.313150 6.509892 -1.027279
v -2.313150 6.509892 -1.027279
v -2.361562 6.477125 -1.062336
v -2.442930 6.162872 -0.974672
v -2.434128 6.168830 -0.968298
v -2.092941 6.493527 -1.137524
v -2.137473 6.446672 -1.177220
v -2.246050 6.421592 -1.442818
v -2.206862 6.462824 -1.407886
v -2.206862 6.462824 -1.407886
v -2.246050 6.421592 -1.442818
v -2.190070 6.188338 -1.562952
v -2.182945 6.195835 -1.556600
v -2.131937 6.494698 -1.083050
v -2.183204 6.439534 -1.108650
v -2.527152 6.360058 -1.111381
v -2.482038 6.408602 -1.088853
v -2.482038 6.408602 -1.088853
v -2.527152 6.360058 -1.111381
v -2.625787 6.071498 -1.021961
v -2.617584 6.080324 -1.017865
v -2.182580 6.427087 -1.199418
v -2.212266 6.376216 -1.235371
v -2.241285 6.084727 -1.640781
v -2.235942 6.093884 -1.634309
v -2.219125 6.419031 -1.141139
v -2.260899 6.378345 -1.170916
v -2.729625 6.028314 -1.034215
v -2.722106 6.035638 -1.028855
v -2.256215 6.353004 -1.257891
v -2.293855 6.299235 -1.292120
v -2.267848 5.988461 -1.599340
v -2.261073 5.998140 -1.593179
v -2.293317 6.348073 -1.194066
v -2.342392 6.298278 -1.233531
v -2.765735 5.986999 -1.147179
v -2.756901 5.995962 -1.140075
v -2.328534 6.265537 -1.316462
v -2.367048 6.222575 -1.343425
v -2.387041 5.932153 -1.571483
v -2.380108 5.939886 -1.566630
v -2.369059 6.274183 -1.259326
v -2.412635 6.208084 -1.278477
v -2.676347 5.873356 -1.197757
v -2.668503 5.885254 -1.194310
v -2.393813 6.178586 -1.368510
v -2.436749 6.132944 -1.395207
v -2.451633 5.933492 -1.569171
v -2.443905 5.941708 -1.564366
v -2.440705 6.174686 -1.305998
v -2.476453 6.131042 -1.335976
v -2.627420 5.880150 -1.267666
v -2.620986 5.888006 -1.262270
v -2.457786 6.083842 -1.417782
v -2.496439 6.039360 -1.443023
v -2.464582 5.871583 -1.539628
v -2.457625 5.879591 -1.535085
v -2.503502 6.092000 -1.358215
v -2.537814 6.025445 -1.381197
v -2.633147 5.868931 -1.333496
v -2.626971 5.880911 -1.329359
v -0.116231 6.420871 0.101365
v -0.183864 6.415350 0.209799
v -0.542028 6.594167 -0.010560
v -0.479087 6.599255 -0.110791
v -0.479087 6.599255 -0.110791
v -0.542028 6.594167 -0.010560
v -0.914428 6.715783 -0.245562
v -0.856338 6.720386 -0.336813
v -0.856338 6.720386 -0.336813
v -0.914428 6.715783 -0.245562
v -1.295084 6.758800 -0.494200
v -1.242295 6.762869 -0.575605
v -1.242295 6.762869 -0.575605
v -1.295084 6.758800 -0.494200
v -1.670186 6.709189 -0.749650
v -1.623467 6.712673 -0.820093
v -1.623467 6.712673 -0.820093
v -1.670186 6.709189 -0.749650
v -2.020626 6.559487 -1.000682
v -1.981265 6.562309 -1.058515
v -1.981265 6.562309 -1.058515
v -2.020626 6.559487 -1.000682
v -2.323937 6.310215 -1.232861
v -2.294407 6.312242 -1.275013
v -2.294407 6.312242 -1.275013
v -2.323937 6.310215 -1.232861
v -2.552570 5.971587 -1.435647
v -2.545761 5.972031 -1.445063
v -0.605768 6.638325 -0.170495
v -0.661777 6.668230 -0.188474
v -0.593525 6.844289 -0.393691
v -0.583443 6.838905 -0.390455
v -0.645617 6.641212 -0.099729
v -0.701629 6.658944 -0.132904
v -0.900452 6.847066 0.080475
v -0.890370 6.843874 0.086446
v -0.701301 6.677068 -0.219277
v -0.767854 6.694419 -0.263698
v -0.679451 7.038414 -0.580860
v -0.667472 7.035292 -0.572864
v -0.755285 6.667180 -0.155193
v -0.793784 6.697926 -0.201580
v -1.075023 6.965441 0.076092
v -1.068094 6.959908 0.084442
v -0.805741 6.701741 -0.292135
v -0.866775 6.724241 -0.316969
v -0.762012 7.089462 -0.785879
v -0.751026 7.085412 -0.781409
v -0.850847 6.702639 -0.224147
v -0.901817 6.716981 -0.258902
v -1.393880 7.009715 0.078355
v -1.384705 7.007133 0.084611
v -0.904570 6.725768 -0.351199
v -0.972722 6.743577 -0.386036
v -0.886470 7.157534 -1.093246
v -0.874203 7.154328 -1.086975
v -0.950031 6.723145 -0.284234
v -1.007663 6.739857 -0.327106
v -1.702517 7.000080 0.122726
v -1.692143 6.997072 0.130443
v -1.006242 6.743036 -0.416513
v -1.076848 6.757442 -0.450734
v -1.040831 7.156362 -1.058816
v -1.028122 7.153769 -1.052656
v -1.054245 6.738466 -0.349251
v -1.109521 6.755695 -0.392275
v -1.928929 7.011206 -0.021289
v -1.918979 7.008104 -0.013544
v -1.116876 6.758104 -0.481846
v -1.172491 6.760993 -0.516994
v -1.178927 6.985394 -0.786546
v -1.129986 6.982852 -0.755616
v -1.129986 6.982852 -0.755616
v -1.178927 6.985394 -0.786546
v -1.177540 6.942288 -1.230457
v -1.168642 6.941825 -1.224833
v -1.159184 6.750173 -0.416779
v -1.211150 6.762632 -0.456526
v -1.547178 6.961917 -0.281435
v -1.501448 6.950954 -0.246457
v -1.501448 6.950954 -0.246457
v -1.547178 6.961917 -0.281435
v -1.868957 6.870507 -0.110570
v -1.860642 6.868514 -0.104211
v -1.221666 6.767599 -0.543831
v -1.273897 6.757206 -0.587879
v -1.324041 7.044083 -1.040116
v -1.278078 7.053228 -1.001354
v -1.278078 7.053228 -1.001354
v -1.324041 7.044083 -1.040116
v -1.346772 6.964769 -1.514657
v -1.338416 6.966432 -1.507609
v -1.252587 6.763062 -0.482570
v -1.324251 6.755477 -0.523804
v -1.739194 6.988735 -0.383065
v -1.676130 6.995410 -0.346779
v -1.676130 6.995410 -0.346779
v -1.739194 6.988735 -0.383065
v -2.161402 6.929049 -0.224449
v -2.149936 6.930263 -0.217851
v -1.318427 6.753853 -0.620854
v -1.382639 6.763299 -0.644668
v -1.454628 7.106421 -1.036526
v -1.398123 7.098110 -1.015569
v -1.398123 7.098110 -1.015569
v -1.454628 7.106421 -1.036526
v -1.475613 6.956669 -1.503829
v -1.465340 6.955158 -1.500018
v -1.360842 6.754576 -0.545715
v -1.421824 6.756337 -0.594681
v -1.812024 7.076695 -0.467090
v -1.758360 7.075145 -0.424000
v -1.758360 7.075145 -0.424000
v -1.812024 7.076695 -0.467090
v -2.268978 6.943027 -0.279378
v -2.259221 6.942745 -0.271543
v -1.422675 6.750319 -0.681657
v -1.482543 6.745432 -0.718239
v -1.539434 6.873384 -1.053868
v -1.486751 6.877684 -1.021676
v -1.486751 6.877684 -1.021676
v -1.539434 6.873384 -1.053868
v -1.536967 6.675788 -1.385288
v -1.527389 6.676570 -1.379434
v -1.459866 6.754618 -0.619009
v -1.527292 6.734922 -0.655982
v -1.905522 6.880428 -0.559917
v -1.846187 6.897761 -0.527380
v -1.846187 6.897761 -0.527380
v -1.905522 6.880428 -0.559917
v -2.293411 6.733289 -0.422132
v -2.282623 6.736440 -0.416216
v -1.522300 6.729361 -0.753908
v -1.585010 6.730920 -0.780501
v -1.658218 6.950398 -1.128850
v -1.603032 6.949026 -1.105449
v -1.603032 6.949026 -1.105449
v -1.658218 6.950398 -1.128850
v -1.661712 6.887941 -1.459552
v -1.651678 6.887691 -1.455297
v -1.562204 6.733584 -0.682205
v -1.627403 6.720518 -0.727532
v -1.977504 6.832356 -0.633740
v -1.920129 6.843854 -0.593853
v -1.920129 6.843854 -0.593853
v -1.977504 6.832356 -0.633740
v -2.264751 6.597775 -0.494534
v -2.254319 6.599865 -0.487282
v -1.621878 6.708761 -0.816957
v -1.684644 6.701442 -0.851623
v -1.784460 6.806109 -1.207646
v -1.729226 6.812550 -1.177140
v -1.729226 6.812550 -1.177140
v -1.784460 6.806109 -1.207646
v -1.801779 6.645401 -1.524260
v -1.791736 6.646573 -1.518713
v -1.663687 6.712828 -0.752372
v -1.725504 6.691229 -0.791780
v -2.088741 6.815444 -0.752030
v -2.034342 6.834452 -0.717350
v -2.034342 6.834452 -0.717350
v -2.088741 6.815444 -0.752030
v -2.345049 6.662643 -0.672773
v -2.335158 6.666100 -0.666467
v -1.724059 6.688636 -0.876878
v -1.777924 6.656613 -0.924980
v -1.903861 6.825770 -1.339525
v -1.856459 6.853950 -1.297196
v -1.856459 6.853950 -1.297196
v -1.903861 6.825770 -1.339525
v -1.918930 6.627584 -1.762896
v -1.910312 6.632708 -1.755200
v -1.765979 6.680811 -0.821363
v -1.819058 6.658324 -0.856323
v -2.141366 6.725615 -0.841127
v -2.094657 6.745404 -0.810362
v -2.094657 6.745404 -0.810362
v -2.141366 6.725615 -0.841127
v -2.348933 6.378788 -0.751597
v -2.340440 6.382386 -0.746003
v -1.814790 6.637064 -0.950812
v -1.878161 6.628655 -0.982895
v -1.973832 6.693202 -1.323734
v -1.918065 6.700600 -1.295501
v -1.918065 6.700600 -1.295501
v -1.973832 6.693202 -1.323734
v -1.919438 6.360113 -1.623341
v -1.909299 6.361458 -1.618207
v -1.858888 6.650520 -0.889488
v -1.917516 6.609120 -0.920313
v -2.376567 6.630642 -0.856586
v -2.324975 6.667075 -0.829459
v -2.324975 6.667075 -0.829459
v -2.376567 6.630642 -0.856586
v -2.514342 6.260574 -0.730503
v -2.504961 6.267199 -0.725571
v -1.910416 6.599315 -1.013080
v -1.968168 6.572306 -1.050468
v -2.080263 6.577180 -1.386651
v -2.029442 6.600949 -1.353749
v -2.029442 6.600949 -1.353749
v -2.080263 6.577180 -1.386651
v -2.013671 6.271117 -1.552731
v -2.004431 6.275438 -1.546749
v -1.951385 6.596189 -0.945736
v -2.011064 6.569388 -0.994183
v -2.357081 6.591472 -0.985449
v -2.304564 6.615057 -0.942815
v -2.304564 6.615057 -0.942815
v -2.357081 6.591472 -0.985449
v -2.599639 6.307428 -0.887398
v -2.590090 6.311717 -0.879647
v -2.009496 6.549306 -1.077662
v -2.048531 6.513745 -1.113110
v -2.161413 6.532541 -1.361881
v -2.127064 6.563835 -1.330686
v -2.127064 6.563835 -1.330686
v -2.161413 6.532541 -1.361881
v -2.136563 6.257835 -1.563282
v -2.130318 6.263525 -1.557610
v -2.043652 6.547140 -1.013797
v -2.098665 6.509905 -1.053634
v -2.361562 6.477125 -1.062336
v -2.313150 6.509892 -1.027279
v -2.313150 6.509892 -1.027279
v -2.361562 6.477125 -1.062336
v -2.442930 6.162872 -0.974672
v -2.434128 6.168830 -0.968298
v -2.092941 6.493527 -1.137524
v -2.137473 6.446672 -1.177220
v -2.246050 6.421592 -1.442818
v -2.206862 6.462824 -1.407886
v -2.206862 6.462824 -1.407886
v -2.246050 6.421592 -1.442818
v -2.190070 6.188338 -1.562952
v -2.182945 6.195835 -1.556600
v -2.131937 6.494698 -1.083050
v -2.183204 6.439534 -1.108650
v -2.527152 6.360058 -1.111381
v -2.482038 6.408602 -1.088853
v -2.482038 6.408602 -1.088853
v -2.527152 6.360058 -1.111381
v -2.625787 6.071498 -1.021961
v -2.617584 6.080324 -1.017865
v -2.182580 6.427087 -1.199418
v -2.212266 6.376216 -1.235371
v -2.241285 6.084727 -1.640781
v -2.235942 6.093884 -1.634309
v -2.219125 6.419031 -1.141139
v -2.260899 6.378345 -1.170916
v -2.729625 6.028314 -1.034215
v -2.722106 6.035638 -1.028855
v -2.256215 6.353004 -1.257891
v -2.293855 6.299235 -1.292120
v -2.267848 5.988461 -1.599340
v -2.261073 5.998140 -1.593179
v -2.293317 6.348073 -1.194066
v -2.342392 6.298278 -1.233531
v -2.765735 5.986999 -1.147179
v -2.756901 5.995962 -1.140075
v -2.328534 6.265537 -1.316462
v -2.367048 6.222575 -1.343425
v -2.387041 5.932153 -1.571483
v -2.380108 5.939886 -1.566630
v -2.369059 6.274183 -1.259326
v -2.412635 6.208084 -1.278477
v -2.676347 5.873356 -1.197757
v -2.668503 5.885254 -1.194310
v -2.393813 6.178586 -1.368510
v -2.436749 6.132944 -1.395207
v -2.451633 5.933492 -1.569171
v -2.443905 5.941708 -1.564366
v -2.440705 6.174686 -1.305998
v -2.476453 6.131042 -1.335976
v -2.627420 5.880150 -1.267666
v -2.620986 5.888006 -1.262270
v -2.457786 6.083842 -1.417782
v -2.496439 6.039360 -1.443023
v -2.464582 5.871583 -1.539628
v -2.457625 5.879591 -1.535085
v -2.503502 6.092000 -1.358215
v -2.537814 6.025445 -1.381197
v -2.633147 5.868931 -1.333496
v -2.626971 5.880911 -1.329359
v -0.045603 6.358647 0.396267
v 0.078446 6.356339 0.365135
v 0.181351 6.456240 0.787554
v 0.066450 6.458384 0.816310
v 0.066450 6.458384 0.816310
v 0.181351 6.456240 0.787554
v 0.284667 6.500276 1.219057
v 0.179618 6.502247 1.245198
v 0.179618 6.502247 1.245198
v 0.284667 6.500276 1.219057
v 0.385746 6.469606 1.652054
v 0.291485 6.471388 1.675328
v 0.291485 6.471388 1.675328
v 0.385746 6.469606 1.652054
v 0.480301 6.353511 2.071669
v 0.398138 6.355079 2.091762
v 0.398138 6.355079 2.091762
v 0.480301 6.353511 2.071669
v 0.562914 6.147994 2.458065
v 0.494874 6.149305 2.474517
v 0.494874 6.149305 2.474517
v 0.562914 6.147994 2.458065
v 0.627245 5.856609 2.788542
v 0.577155 5.857586 2.800498
v 0.577155 5.857586 2.800498
v 0.627245 5.856609 2.788542
v 0.659653 5.491444 3.041604
v 0.648335 5.491668 3.044267
v 0.129579 6.483922 0.965572
v 0.141660 6.487628 1.035938
v -0.059589 6.699437 1.162692
v -0.061764 6.698770 1.150026
v 0.203800 6.474878 0.948866
v 0.212475 6.493959 1.016428
v 0.435629 6.588661 1.047039
v 0.434068 6.585226 1.034878
v 0.163621 6.498832 1.079448
v 0.165230 6.493577 1.151302
v -0.180787 6.851141 1.450253
v -0.181076 6.852087 1.437320
v 0.225956 6.496038 1.066790
v 0.247943 6.493654 1.127798
v 0.721925 6.732629 1.214324
v 0.717968 6.733057 1.203342
v 0.182623 6.497478 1.201402
v 0.203738 6.505838 1.259291
v -0.361923 6.702276 1.751079
v -0.365724 6.700770 1.740659
v 0.246418 6.507323 1.178624
v 0.285006 6.493272 1.245965
v 0.814241 6.908100 1.333561
v 0.807295 6.910630 1.321439
v 0.218821 6.509153 1.313705
v 0.224829 6.494574 1.377236
v -0.427541 6.660071 1.941910
v -0.428623 6.662696 1.930475
v 0.289172 6.498518 1.291484
v 0.299558 6.502483 1.363416
v 0.888844 6.744595 1.546043
v 0.886975 6.743881 1.533095
v 0.248528 6.508367 1.422837
v 0.252060 6.484788 1.498195
v -0.337739 6.680849 2.186407
v -0.338375 6.685092 2.172843
v 0.311092 6.500680 1.409629
v 0.334591 6.489743 1.475431
v 1.096497 6.848129 1.762214
v 1.092268 6.850098 1.750369
v 0.272718 6.491643 1.542593
v 0.284308 6.479534 1.607854
v 0.147156 6.690450 1.824314
v 0.136958 6.701106 1.766884
v 0.136958 6.701106 1.766884
v 0.147156 6.690450 1.824314
v -0.117334 6.561431 2.119147
v -0.119188 6.563368 2.108705
v 0.333743 6.496504 1.525857
v 0.368396 6.471935 1.588690
v 0.732723 6.786517 1.741584
v 0.702228 6.808137 1.686291
v 0.702228 6.808137 1.686291
v 0.732723 6.786517 1.741584
v 1.116852 6.663263 1.837425
v 1.111308 6.667194 1.827372
v 0.303234 6.480582 1.656435
v 0.309533 6.456251 1.722072
v 0.076841 6.616821 2.058945
v 0.071299 6.638233 2.001185
v 0.071299 6.638233 2.001185
v 0.076841 6.616821 2.058945
v -0.197571 6.401909 2.328913
v -0.198579 6.405802 2.318411
v 0.375480 6.468415 1.636554
v 0.382419 6.465672 1.706130
v 0.684016 6.700759 1.863115
v 0.677910 6.703172 1.801888
v 0.677910 6.703172 1.801888
v 0.684016 6.700759 1.863115
v 1.003169 6.641702 1.962908
v 1.002058 6.642140 1.951776
v 0.332911 6.459136 1.767459
v 0.334749 6.431201 1.837134
v 0.180078 6.629752 2.110242
v 0.178460 6.654335 2.048928
v 0.178460 6.654335 2.048928
v 0.180078 6.629752 2.110242
v -0.110199 6.467572 2.423451
v -0.110493 6.472042 2.412303
v 0.398107 6.452349 1.749610
v 0.414705 6.435236 1.819242
v 0.776502 6.644572 2.004651
v 0.761895 6.659630 1.943375
v 0.761895 6.659630 1.943375
v 0.776502 6.644572 2.004651
v 1.197594 6.452777 2.113987
v 1.194938 6.455515 2.102846
v 0.357300 6.430559 1.880938
v 0.364229 6.400952 1.947089
v 0.169639 6.550008 2.277710
v 0.163541 6.576062 2.219496
v 0.163541 6.576062 2.219496
v 0.169639 6.550008 2.277710
v -0.131474 6.409886 2.611801
v -0.132583 6.414623 2.601217
v 0.429523 6.420168 1.862066
v 0.437179 6.408583 1.930305
v 0.692840 6.574911 2.104684
v 0.686103 6.585106 2.044634
v 0.686103 6.585106 2.044634
v 0.692840 6.574911 2.104684
v 1.089319 6.401318 2.253713
v 1.088094 6.403171 2.242795
v 0.375170 6.390456 1.987167
v 0.399020 6.369732 2.060912
v 0.275503 6.471664 2.310973
v 0.254515 6.489901 2.246078
v 0.254515 6.489901 2.246078
v 0.275503 6.471664 2.310973
v 0.043410 6.238260 2.528087
v 0.039594 6.241576 2.516288
v 0.448527 6.396091 1.972509
v 0.470857 6.361331 2.040003
v 0.831318 6.468951 2.251791
v 0.811667 6.499539 2.192396
v 0.811667 6.499539 2.192396
v 0.831318 6.468951 2.251791
v 1.089298 6.214210 2.284056
v 1.085725 6.219771 2.273257
v 0.404636 6.350430 2.101801
v 0.420813 6.325842 2.162187
v 0.270635 6.414011 2.522707
v 0.256399 6.435648 2.469567
v 0.256399 6.435648 2.469567
v 0.270635 6.414011 2.522707
v 0.032787 6.076131 2.748350
v 0.030199 6.080065 2.738688
v 0.476269 6.353913 2.079435
v 0.494397 6.319585 2.149080
v 0.883476 6.365424 2.389707
v 0.867524 6.395633 2.328419
v 0.867524 6.395633 2.328419
v 0.883476 6.365424 2.389707
v 1.222374 6.111080 2.476354
v 1.219474 6.116572 2.465211
v 0.429054 6.302322 2.208016
v 0.446031 6.277238 2.266861
v 0.263091 6.304189 2.672455
v 0.248151 6.326263 2.620672
v 0.248151 6.326263 2.620672
v 0.263091 6.304189 2.672455
v 0.043236 6.030710 2.888772
v 0.040519 6.034723 2.879356
v 0.506043 6.296151 2.185491
v 0.514283 6.280628 2.254009
v 0.816891 6.305741 2.459693
v 0.809639 6.319402 2.399397
v 0.809639 6.319402 2.399397
v 0.816891 6.305741 2.459693
v 1.067971 5.988107 2.475499
v 1.066653 5.990591 2.464536
v 0.463870 6.261019 2.309173
v 0.458966 6.208753 2.370531
v 0.292611 6.268497 2.784616
v 0.296927 6.314491 2.730621
v 0.296927 6.314491 2.730621
v 0.292611 6.268497 2.784616
v 0.064815 6.028659 3.034094
v 0.065600 6.037022 3.024276
v 0.531125 6.244479 2.287798
v 0.536976 6.222504 2.356629
v 0.780166 6.238655 2.584032
v 0.775017 6.257993 2.523460
v 0.775017 6.257993 2.523460
v 0.780166 6.238655 2.584032
v 0.964278 5.871948 2.575311
v 0.963342 5.875463 2.564298
v 0.477910 6.196659 2.407447
v 0.490652 6.150887 2.470370
v 0.331872 6.119411 2.829669
v 0.320658 6.159692 2.774297
v 0.320658 6.159692 2.774297
v 0.331872 6.119411 2.829669
v 0.152284 5.777105 2.859930
v 0.150245 5.784429 2.849862
v 0.551120 6.190464 2.388423
v 0.562733 6.154283 2.454222
v 0.862461 6.103610 2.704706
v 0.852242 6.135448 2.646803
v 0.852242 6.135448 2.646803
v 0.862461 6.103610 2.704706
v 1.021183 5.830987 2.695356
v 1.019325 5.836776 2.684828
v 0.503143 6.127258 2.512337
v 0.508921 6.085831 2.556016
v 0.371292 6.001625 2.886122
v 0.366208 6.038081 2.847684
v 0.366208 6.038081 2.847684
v 0.371292 6.001625 2.886122
v 0.205722 5.689513 2.956278
v 0.204797 5.696142 2.949289
v 0.572360 6.126522 2.491675
v 0.585020 6.083760 2.541613
v 0.830213 6.024468 2.717726
v 0.819072 6.062099 2.673780
v 0.819072 6.062099 2.673780
v 0.830213 6.024468 2.717726
v 0.959538 5.695386 2.621598
v 0.957513 5.702228 2.613608
v 0.517793 6.057199 2.595069
v 0.535349 6.009491 2.655372
v 0.453164 5.961229 2.915879
v 0.437715 6.003212 2.862812
v 0.437715 6.003212 2.862812
v 0.453164 5.961229 2.915879
v 0.338214 5.710686 2.886241
v 0.335405 5.718319 2.876593
v 0.594108 6.051980 2.578516
v 0.604376 6.011892 2.636971
v 0.856096 5.927108 2.806302
v 0.847059 5.962386 2.754861
v 0.847059 5.962386 2.754861
v 0.856096 5.927108 2.806302
v 1.057212 5.624143 2.767786
v 1.055570 5.630557 2.758433
v 0.535523 5.974246 2.681159
v 0.556076 5.934471 2.742050
v 0.251833 5.506208 3.039073
v 0.248134 5.513368 3.028113
v 0.611628 5.978916 2.674917
v 0.625341 5.926974 2.713452
v 0.997945 5.510638 2.834696
v 0.995476 5.519987 2.827760
v 0.560362 5.896499 2.771978
v 0.566792 5.842792 2.813462
v 0.316619 5.395588 3.044146
v 0.315461 5.405256 3.036679
v 0.630356 5.898804 2.750137
v 0.642196 5.837651 2.800580
v 0.936889 5.428115 2.943643
v 0.934757 5.439122 2.934564
v 0.581691 5.812687 2.848877
v 0.577942 5.746411 2.887420
v 0.404526 5.453609 3.109624
v 0.405201 5.465539 3.102687
v 0.645235 5.806579 2.838560
v 0.659824 5.749674 2.863134
v 0.947938 5.379460 2.896582
v 0.945312 5.389702 2.892159
v 0.588943 5.712259 2.916675
v 0.599984 5.656763 2.958498
v 0.479224 5.402336 3.057063
v 0.477237 5.412325 3.049535
v 0.665210 5.709449 2.896033
v 0.669172 5.656717 2.944662
v 0.811669 5.392144 3.002323
v 0.810956 5.401636 2.993570
v 0.603539 5.613286 2.983871
v 0.611338 5.556489 3.017396
v 0.524702 5.410211 3.082407
v 0.523298 5.420434 3.076372
v 0.675417 5.613945 2.973617
v 0.684945 5.552963 2.993298
v 0.795581 5.395621 2.987859
v 0.793866 5.406598 2.984317
v -0.045603 6.358647 0.396267
v 0.078446 6.356339 0.365135
v 0.181351 6.456240 0.787554
v 0.066450 6.458384 0.816310
v 0.066450 6.458384 0.816310
v 0.181351 6.456240 0.787554
v 0.284667 6.500276 1.219057
v 0.179618 6.502247 1.245198
v 0.179618 6.502247 1.245198
v 0.284667 6.500276 1.219057
v 0.385746 6.469606 1.652054
v 0.291485 6.471388 1.675328
v 0.291485 6.471388 1.675328
v 0.385746 6.469606 1.652054
v 0.480301 6.353511 2.071669
v 0.398138 6.355079 2.091762
v 0.398138 6.355079 2.091762
v 0.480301 6.353511 2.071669
v 0.562914 6.147994 2.458065
v 0.494874 6.149305 2.474517
v 0.494874 6.149305 2.474517
v 0.562914 6.147994 2.458065
v 0.627245 5.856609 2.788542
v 0.577155 5.857586 2.800498
v 0.577155 5.857586 2.800498
v 0.627245 5.856609 2.788542
v 0.659653 5.491444 3.041604
v 0.648335 5.491668 3.044267
v 0.129579 6.483922 0.965572
v 0.141660 6.487628 1.035938
v -0.059589 6.699437 1.162692
v -0.061764 6.698770 1.150026
v 0.203800 6.474878 0.948866
v 0.212475 6.493959 1.016428
v 0.435629 6.588661 1.047039
v 0.434068 6.585226 1.034878
v 0.163621 6.498832 1.079448
v 0.165230 6.493577 1.151302
v -0.180787 6.851141 1.450253
v -0.181076 6.852087 1.437320
v 0.225956 6.496038 1.066790
v 0.247943 6.493654 1.127798
v 0.721925 6.732629 1.214324
v 0.717968 6.733057 1.203342
v 0.182623 6.497478 1.201402
v 0.203738 6.505838 1.259291
v -0.361923 6.702276 1.751079
v -0.365724 6.700770 1.740659
v 0.246418 6.507323 1.178624
v 0.285006 6.493272 1.245965
v 0.814241 6.908100 1.333561
v 0.807295 6.910630 1.321439
v 0.218821 6.509153 1.313705
v 0.224829 6.494574 1.377236
v -0.427541 6.660071 1.941910
v -0.428623 6.662696 1.930475
v 0.289172 6.498518 1.291484
v 0.299558 6.502483 1.363416
v 0.888844 6.744595 1.546043
v 0.886975 6.743881 1.533095
v 0.248528 6.508367 1.422837
v 0.252060 6.484788 1.498195
v -0.337739 6.680849 2.186407
v -0.338375 6.685092 2.172843
v 0.311092 6.500680 1.409629
v 0.334591 6.489743 1.475431
v 1.096497 6.848129 1.762214
v 1.092268 6.850098 1.750369
v 0.272718 6.491643 1.542593
v 0.284308 6.479534 1.607854
v 0.147156 6.690450 1.824314
v 0.136958 6.701106 1.766884
v 0.136958 6.701106 1.766884
v 0.147156 6.690450 1.824314
v -0.117334 6.561431 2.119147
v -0.119188 6.563368 2.108705
v 0.333743 6.496504 1.525857
v 0.368396 6.471935 1.588690
v 0.732723 6.786517 1.741584
v 0.702228 6.808137 1.686291
v 0.702228 6.808137 1.686291
v 0.732723 6.786517 1.741584
v 1.116852 6.663263 1.837425
v 1.111308 6.667194 1.827372
v 0.303234 6.480582 1.656435
v 0.309533 6.456251 1.722072
v 0.076841 6.616821 2.058945
v 0.071299 6.638233 2.001185
v 0.071299 6.638233 2.001185
v 0.076841 6.616821 2.058945
v -0.197571 6.401909 2.328913
v -0.198579 6.405802 2.318411
v 0.375480 6.468415 1.636554
v 0.382419 6.465672 1.706130
v 0.684016 6.700759 1.863115
v 0.677910 6.703172 1.801888
v 0.677910 6.703172 1.801888
v 0.684016 6.700759 1.863115
v 1.003169 6.641702 1.962908
v 1.002058 6.642140 1.951776
v 0.332911 6.459136 1.767459
v 0.334749 6.431201 1.837134
v 0.180078 6.629752 2.110242
v 0.178460 6.654335 2.048928
v 0.178460 6.654335 2.048928
v 0.180078 6.629752 2.110242
v -0.110199 6.467572 2.423451
v -0.110493 6.472042 2.412303
v 0.398107 6.452349 1.749610
v 0.414705 6.435236 1.819242
v 0.776502 6.644572 2.004651
v 0.761895 6.659630 1.943375
v 0.761895 6.659630 1.943375
v 0.776502 6.644572 2.004651
v 1.197594 6.452777 2.113987
v 1.194938 6.455515 2.102846
v 0.357300 6.430559 1.880938
v 0.364229 6.400952 1.947089
v 0.169639 6.550008 2.277710
v 0.163541 6.576062 2.219496
v 0.163541 6.576062 2.219496
v 0.169639 6.550008 2.277710
v -0.131474 6.409886 2.611801
v -0.132583 6.414623 2.601217
v 0.429523 6.420168 1.862066
v 0.437179 6.408583 1.930305
v 0.692840 6.574911 2.104684
v 0.686103 6.585106 2.044634
v 0.686103 6.585106 2.044634
v 0.692840 6.574911 2.104684
v 1.089319 6.401318 2.253713
v 1.088094 6.403171 2.242795
v 0.375170 6.390456 1.987167
v 0.399020 6.369732 2.060912
v 0.275503 6.471664 2.310973
v 0.254515 6.489901 2.246078
v 0.254515 6.489901 2.246078
v 0.275503 6.471664 2.310973
v 0.043410 6.238260 2.528087
v 0.039594 6.241576 2.516288
v 0.448527 6.396091 1.972509
v 0.470857 6.361331 2.040003
v 0.831318 6.468951 2.251791
v 0.811667 6.499539 2.192396
v 0.811667 6.499539 2.192396
v 0.831318 6.468951 2.251791
v 1.089298 6.214210 2.284056
v 1.085725 6.219771 2.273257
v 0.404636 6.350430 2.101801
v 0.420813 6.325842 2.162187
v 0.270635 6.414011 2.522707
v 0.256399 6.435648 2.469567
v 0.256399 6.435648 2.469567
v 0.270635 6.414011 2.522707
v 0.032787 6.076131 2.748350
v 0.030199 6.080065 2.738688
v 0.476269 6.353913 2.079435
v 0.494397 6.319585 2.149080
v 0.883476 6.365424 2.389707
v 0.867524 6.395633 2.328419
v 0.867524 6.395633 2.328419
v 0.883476 6.365424 2.389707
v 1.222374 6.111080 2.476354
v 1.219474 6.116572 2.465211
v 0.429054 6.302322 2.208016
v 0.446031 6.277238 2.266861
v 0.263091 6.304189 2.672455
v 0.248151 6.326263 2.620672
v 0.248151 6.326263 2.620672
v 0.263091 6.304189 2.672455
v 0.043236 6.030710 2.888772
v 0.040519 6.034723 2.879356
v 0.506043 6.296151 2.185491
v 0.514283 6.280628 2.254009
v 0.816891 6.305741 2.459693
v 0.809639 6.319402 2.399397
v 0.809639 6.319402 2.399397
v 0.816891 6.305741 2.459693
v 1.067971 5.988107 2.475499
v 1.066653 5.990591 2.464536
v 0.463870 6.261019 2.309173
v 0.458966 6.208753 2.370531
v 0.292611 6.268497 2.784616
v 0.296927 6.314491 2.730621
v 0.296927 6.314491 2.730621
v 0.292611 6.268497 2.784616
v 0.064815 6.028659 3.034094
v 0.065600 6.037022 3.024276
v 0.531125 6.244479 2.287798
v 0.536976 6.222504 2.356629
v 0.780166 6.238655 2.584032
v 0.775017 6.257993 2.523460
v 0.775017 6.257993 2.523460
v 0.780166 6.238655 2.584032
v 0.964278 5.871948 2.575311
v 0.963342 5.875463 2.564298
v 0.477910 6.196659 2.407447
v 0.490652 6.150887 2.470370
v 0.331872 6.119411 2.829669
v 0.320658 6.159692 2.774297
v 0.320658 6.159692 2.774297
v 0.331872 6.119411 2.829669
v 0.152284 5.777105 2.859930
v 0.150245 5.784429 2.849862
v 0.551120 6.190464 2.388423
v 0.562733 6.154283 2.454222
v 0.862461 6.103610 2.704706
v 0.852242 6.135448 2.646803
v 0.852242 6.135448 2.646803
v 0.862461 6.103610 2.704706
v 1.021183 5.830987 2.695356
v 1.019325 5.836776 2.684828
v 0.503143 6.127258 2.512337
v 0.508921 6.085831 2.556016
v 0.371292 6.001625 2.886122
v 0.366208 6.038081 2.847684
v 0.366208 6.038081 2.847684
v 0.371292 6.001625 2.886122
v 0.205722 5.689513 2.956278
v 0.204797 5.696142 2.949289
v 0.572360 6.126522 2.491675
v 0.585020 6.083760 2.541613
v 0.830213 6.024468 2.717726
v 0.819072 6.062099 2.673780
v 0.819072 6.062099 2.673780
v 0.830213 6.024468 2.717726
v 0.959538 5.695386 2.621598
v 0.957513 5.702228 2.613608
v 0.517793 6.057199 2.595069
v 0.535349 6.009491 2.655372
v 0.453164 5.961229 2.915879
v 0.437715 6.003212 2.862812
v 0.437715 6.003212 2.862812
v 0.453164 5.961229 2.915879
v 0.338214 5.710686 2.886241
v 0.335405 5.718319 2.876593
v 0.594108 6.051980 2.578516
v 0.604376 6.011892 2.636971
v 0.856096 5.927108 2.806302
v 0.847059 5.962386 2.754861
v 0.847059 5.962386 2.754861
v 0.856096 5.927108 2.806302
v 1.057212 5.624143 2.767786
v 1.055570 5.630557 2.758433
v 0.535523 5.974246 2.681159
v 0.556076 5.934471 2.742050
v 0.251833 5.506208 3.039073
v 0.248134 5.513368 3.028113
v 0.611628 5.978916 2.674917
v 0.625341 5.926974 2.713452
v 0.997945 5.510638 2.834696
v 0.995476 5.519987 2.827760
v 0.560362 5.896499 2.771978
v 0.566792 5.842792 2.813462
v 0.316619 5.395588 3.044146
v 0.315461 5.405256 3.036679
v 0.630356 5.898804 2.750137
v 0.642196 5.837651 2.800580
v 0.936889 5.428115 2.943643
v 0.934757 5.439122 2.934564
v 0.581691 5.812687 2.848877
v 0.577942 5.746411 2.887420
v 0.404526 5.453609 3.109624
v 0.405201 5.465539 3.102687
v 0.645235 5.806579 2.838560
v 0.659824 5.749674 2.863134
v 0.947938 5.379460 2.896582
v 0.945312 5.389702 2.892159
v 0.588943 5.712259 2.916675
v 0.599984 5.656763 2.958498
v 0.479224 5.402336 3.057063
v 0.477237 5.412325 3.049535
v 0.665210 5.709449 2.896033
v 0.669172 5.656717 2.944662
v 0.811669 5.392144 3.002323
v 0.810956 5.401636 2.993570
v 0.603539 5.613286 2.983871
v 0.611338 5.556489 3.017396
v 0.524702 5.410211 3.082407
v 0.523298 5.420434 3.076372
v 0.675417 5.613945 2.973617
v 0.684945 5.552963 2.993298
v 0.795581 5.395621 2.987859
v 0.793866 5.406598 2.984317
v 0.081747 6.351949 0.168571
v -0.033033 6.360359 0.112736
v 0.167249 6.361946 -0.289142
v 0.273743 6.354181 -0.237835
v 0.273743 6.354181 -0.237835
v 0.167249 6.361946 -0.289142
v 0.359791 6.300056 -0.689450
v 0.457481 6.293002 -0.643306
v 0.457481 6.293002 -0.643306
v 0.359791 6.300056 -0.689450
v 0.536095 6.156476 -1.075656
v 0.624146 6.150200 -1.035187
v 0.624146 6.150200 -1.035187
v 0.536095 6.156476 -1.075656
v 0.686437 5.924647 -1.428256
v 0.763594 5.919236 -1.393985
v 0.763594 5.919236 -1.393985
v 0.686437 5.924647 -1.428256
v 0.801383 5.607939 -1.723350
v 0.865656 5.603517 -1.695941
v 0.865656 5.603517 -1.695941
v 0.801383 5.607939 -1.723350
v 0.873849 5.220151 -1.935453
v 0.921467 5.216944 -1.916086
v 0.921467 5.216944 -1.916086
v 0.873849 5.220151 -1.935453
v 0.907544 4.785170 -2.038535
v 0.918375 4.784458 -2.034363
v 0.340236 6.329278 -0.414017
v 0.357656 6.339702 -0.481894
v 0.673634 6.377194 -0.477625
v 0.670499 6.375318 -0.465408
v 0.267241 6.346450 -0.444557
v 0.296022 6.332305 -0.515648
v 0.156727 6.481647 -0.678500
v 0.151546 6.484194 -0.665704
v 0.388390 6.315078 -0.521766
v 0.408054 6.316954 -0.586350
v 0.832198 6.358314 -0.596496
v 0.828659 6.357976 -0.584870
v 0.310874 6.319350 -0.559456
v 0.350804 6.322441 -0.612667
v 0.041798 6.491693 -1.060978
v 0.034611 6.491136 -1.051400
v 0.436942 6.294781 -0.630949
v 0.456029 6.288976 -0.688041
v 1.030167 6.412120 -0.749530
v 1.026731 6.413165 -0.739253
v 0.368594 6.308095 -0.659584
v 0.389461 6.285403 -0.723100
v 0.008649 6.444681 -1.348960
v 0.004893 6.448765 -1.337527
v 0.483764 6.266475 -0.734213
v 0.503386 6.257428 -0.793735
v 1.365428 6.294491 -0.892288
v 1.361896 6.296120 -0.881575
v 0.415945 6.277695 -0.767574
v 0.436127 6.255929 -0.823727
v 0.059121 6.481201 -1.401073
v 0.055488 6.485119 -1.390965
v 0.529404 6.229028 -0.832247
v 0.549271 6.223315 -0.902139
v 1.379776 6.177048 -1.038643
v 1.376200 6.178076 -1.026063
v 0.460762 6.242443 -0.871936
v 0.482662 6.219601 -0.925438
v -0.019936 6.216415 -1.596835
v -0.023878 6.220526 -1.587204
v 0.564049 6.205110 -0.940541
v 0.603140 6.163710 -0.997083
v 0.906368 6.320645 -1.130655
v 0.871967 6.357077 -1.080898
v 0.871967 6.357077 -1.080898
v 0.906368 6.320645 -1.130655
v 1.299755 6.255365 -1.209660
v 1.293501 6.261989 -1.200613
v 0.496546 6.198234 -0.971734
v 0.535211 6.180265 -1.028489
v 0.448153 6.396007 -1.348706
v 0.414127 6.411819 -1.298761
v 0.414127 6.411819 -1.298761
v 0.448153 6.396007 -1.348706
v 0.263772 6.361050 -1.603042
v 0.257586 6.363925 -1.593961
v 0.614551 6.152560 -1.045125
v 0.637783 6.120603 -1.091807
v 0.963368 6.189322 -1.180984
v 0.942924 6.217444 -1.139904
v 0.942924 6.217444 -1.139904
v 0.963368 6.189322 -1.180984
v 1.368301 6.033450 -1.186551
v 1.364584 6.038563 -1.179082
v 0.543641 6.156049 -1.068338
v 0.573070 6.126769 -1.130781
v 0.366378 6.238714 -1.571705
v 0.340480 6.264480 -1.516755
v 0.340480 6.264480 -1.516755
v 0.366378 6.238714 -1.571705
v 0.099470 5.975144 -1.742478
v 0.094762 5.979830 -1.732487
v 0.653012 6.103415 -1.140832
v 0.680608 6.061491 -1.190528
v 1.126205 6.132681 -1.398719
v 1.101920 6.169574 -1.354987
v 1.101920 6.169574 -1.354987
v 1.126205 6.132681 -1.398719
v 1.490024 5.892812 -1.440136
v 1.485609 5.899519 -1.432185
v 0.589559 6.106979 -1.167465
v 0.608238 6.067557 -1.225648
v 0.537587 6.169926 -1.513784
v 0.521149 6.204617 -1.462582
v 0.521149 6.204617 -1.462582
v 0.537587 6.169926 -1.513784
v 0.305583 5.985342 -1.798357
v 0.302594 5.991649 -1.789047
v 0.688460 6.046482 -1.241487
v 0.722197 5.997606 -1.278533
v 1.114377 6.110116 -1.484668
v 1.084689 6.153127 -1.452066
v 1.084689 6.153127 -1.452066
v 1.114377 6.110116 -1.484668
v 1.472918 5.841076 -1.494770
v 1.467520 5.848897 -1.488842
v 0.633901 6.046355 -1.267876
v 0.640724 6.007337 -1.313440
v 0.571421 6.079387 -1.642675
v 0.565417 6.113723 -1.602578
v 0.565417 6.113723 -1.602578
v 0.571421 6.079387 -1.642675
v 0.351203 5.862071 -1.941390
v 0.350111 5.868314 -1.934099
v 0.731948 5.970172 -1.316352
v 0.751252 5.941005 -1.385845
v 1.096735 5.908509 -1.532144
v 1.079747 5.934177 -1.470991
v 1.079747 5.934177 -1.470991
v 1.096735 5.908509 -1.532144
v 1.358610 5.523315 -1.444023
v 1.355521 5.527982 -1.432904
v 0.662482 5.977112 -1.358299
v 0.684470 5.943643 -1.404717
v 0.581587 5.973761 -1.839165
v 0.562238 6.003213 -1.798317
v 0.562238 6.003213 -1.798317
v 0.581587 5.973761 -1.839165
v 0.329730 5.691098 -2.135295
v 0.326212 5.696453 -2.127869
v 0.765598 5.907499 -1.415431
v 0.785309 5.858879 -1.461587
v 1.239545 5.769298 -1.667420
v 1.222199 5.812083 -1.626802
v 1.222199 5.812083 -1.626802
v 1.239545 5.769298 -1.667420
v 1.404343 5.370509 -1.526660
v 1.401189 5.378288 -1.519275
v 0.694334 5.905463 -1.445650
v 0.720102 5.870463 -1.491688
v 0.641025 5.908035 -1.920689
v 0.618350 5.938835 -1.880177
v 0.618350 5.938835 -1.880177
v 0.641025 5.908035 -1.920689
v 0.406426 5.623751 -2.137800
v 0.402303 5.629351 -2.130435
v 0.795239 5.833817 -1.503701
v 0.818211 5.776168 -1.539888
v 1.168267 5.758942 -1.706235
v 1.148051 5.809674 -1.674391
v 1.148051 5.809674 -1.674391
v 1.168267 5.758942 -1.706235
v 1.343643 5.491532 -1.603473
v 1.339968 5.500756 -1.597683
v 0.722876 5.830599 -1.525158
v 0.753874 5.788905 -1.578234
v 0.652136 5.777679 -2.021212
v 0.624857 5.814370 -1.974505
v 0.624857 5.814370 -1.974505
v 0.652136 5.777679 -2.021212
v 0.392686 5.430402 -2.097811
v 0.387727 5.437073 -2.089319
v 0.826836 5.746239 -1.583730
v 0.843555 5.695917 -1.617057
v 1.173274 5.653201 -1.799399
v 1.158561 5.697484 -1.770072
v 1.158561 5.697484 -1.770072
v 1.173274 5.653201 -1.799399
v 1.474013 5.380188 -1.789818
v 1.471338 5.388239 -1.784486
v 0.752844 5.750319 -1.603884
v 0.780609 5.701325 -1.656167
v 0.686825 5.679024 -1.960358
v 0.662392 5.722138 -1.914350
v 0.662392 5.722138 -1.914350
v 0.686825 5.679024 -1.960358
v 0.453020 5.438102 -2.072267
v 0.448578 5.445941 -2.063902
v 0.851134 5.659413 -1.661974
v 0.870188 5.603848 -1.685483
v 1.210657 5.508141 -1.897205
v 1.193889 5.557039 -1.876517
v 1.193889 5.557039 -1.876517
v 1.210657 5.508141 -1.897205
v 1.432857 5.185714 -1.839749
v 1.429808 5.194605 -1.835987
v 0.788473 5.668743 -1.681699
v 0.795669 5.603973 -1.724465
v 0.723658 5.543598 -2.014912
v 0.717326 5.600595 -1.977278
v 0.717326 5.600595 -1.977278
v 0.723658 5.543598 -2.014912
v 0.519025 5.284324 -2.109297
v 0.517874 5.294687 -2.102455
v 0.877157 5.567432 -1.721313
v 0.889040 5.506902 -1.761741
v 1.188496 5.361253 -1.987468
v 1.178040 5.414520 -1.951892
v 1.178040 5.414520 -1.951892
v 1.188496 5.361253 -1.987468
v 1.340180 5.030452 -1.910776
v 1.338279 5.040137 -1.904307
v 0.810574 5.568795 -1.754416
v 0.818195 5.514960 -1.786768
v 0.726419 5.417881 -2.090653
v 0.719712 5.465255 -2.062182
v 0.719712 5.465255 -2.062182
v 0.726419 5.417881 -2.090653
v 0.478343 5.100264 -2.101489
v 0.477123 5.108877 -2.096312
v 0.897832 5.467011 -1.785947
v 0.906959 5.409062 -1.820753
v 1.127511 5.241766 -1.961381
v 1.119479 5.292762 -1.930752
v 1.119479 5.292762 -1.930752
v 1.127511 5.241766 -1.961381
v 1.230592 4.988606 -1.880393
v 1.229131 4.997878 -1.874824
v 0.827102 5.471984 -1.814336
v 0.840007 5.413477 -1.849896
v 0.716769 5.292259 -2.124710
v 0.705412 5.343745 -2.093417
v 0.705412 5.343745 -2.093417
v 0.716769 5.292259 -2.124710
v 0.505310 5.066279 -2.110081
v 0.503245 5.075640 -2.104391
v 0.914457 5.361618 -1.839775
v 0.922455 5.307660 -1.877766
v 1.229597 4.756598 -1.875078
v 1.228158 4.766311 -1.868239
v 0.848513 5.372859 -1.873416
v 0.850461 5.305769 -1.901043
v 0.618409 4.902045 -2.081592
v 0.618059 4.914121 -2.076618
v 0.927061 5.264177 -1.901551
v 0.935261 5.190572 -1.913022
v 1.139528 4.865042 -1.820166
v 1.138052 4.878291 -1.818101
v 0.852348 5.262967 -1.916411
v 0.871773 5.201096 -1.954448
v 0.633894 4.887018 -2.122524
v 0.630398 4.898154 -2.115678
v 0.938641 5.145864 -1.937342
v 0.942028 5.087465 -1.959118
v 1.079917 4.770463 -1.916932
v 1.079308 4.780974 -1.913012
v 0.875146 5.159940 -1.968080
v 0.867057 5.082665 -1.984013
v 0.671142 4.819553 -2.096873
v 0.672598 4.833462 -2.094005
v 0.944840 5.035578 -1.976828
v 0.947368 4.970891 -1.986310
v 1.093188 4.658696 -1.921641
v 1.092733 4.670340 -1.919934
v 0.874688 5.040771 -1.999836
v 0.878783 4.974934 -2.018265
v 0.634512 4.710754 -2.015580
v 0.633775 4.722605 -2.012262
v 0.947311 4.927468 -2.006918
v 0.949617 4.847869 -2.007048
v 1.014914 4.696339 -1.955108
v 1.014499 4.710667 -1.955085
v 0.883185 4.927169 -2.031378
v 0.874733 4.857363 -2.036865
v 0.769244 4.729630 -2.029701
v 0.770766 4.742195 -2.028713
v 0.081747 6.351949 0.168571
v -0.033033 6.360359 0.112736
v 0.167249 6.361946 -0.289142
v 0.273743 6.354181 -0.237835
v 0.273743 6.354181 -0.237835
v 0.167249 6.361946 -0.289142
v 0.359791 6.300056 -0.689450
v 0.457481 6.293002 -0.643306
v 0.457481 6.293002 -0.643306
v 0.359791 6.300056 -0.689450
v 0.536095 6.156476 -1.075656
v 0.624146 6.150200 -1.035187
v 0.624146 6.150200 -1.035187
v 0.536095 6.156476 -1.075656
v 0.686437 5.924647 -1.428256
v 0.763594 5.919236 -1.393985
v 0.763594 5.919236 -1.393985
v 0.686437 5.924647 -1.428256
v 0.801383 5.607939 -1.723350
v 0.865656 5.603517 -1.695941
v 0.865656 5.603517 -1.695941
v 0.801383 5.607939 -1.723350
v 0.873849 5.220151 -1.935453
v 0.921467 5.216944 -1.916086
v 0.921467 5.216944 -1.916086
v 0.873849 5.220151 -1.935453
v 0.907544 4.785170 -2.038535
v 0.918375 4.784458 -2.034363
v 0.340236 6.329278 -0.414017
v 0.357656 6.339702 -0.481894
v 0.673634 6.377194 -0.477625
v 0.670499 6.375318 -0.465408
v 0.267241 6.346450 -0.444557
v 0.296022 6.332305 -0.515648
v 0.156727 6.481647 -0.678500
v 0.151546 6.484194 -0.665704
v 0.388390 6.315078 -0.521766
v 0.408054 6.316954 -0.586350
v 0.832198 6.358314 -0.596496
v 0.828659 6.357976 -0.584870
v 0.310874 6.319350 -0.559456
v 0.350804 6.322441 -0.612667
v 0.041798 6.491693 -1.060978
v 0.034611 6.491136 -1.051400
v 0.436942 6.294781 -0.630949
v 0.456029 6.288976 -0.688041
v 1.030167 6.412120 -0.749530
v 1.026731 6.413165 -0.739253
v 0.368594 6.308095 -0.659584
v 0.389461 6.285403 -0.723100
v 0.008649 6.444681 -1.348960
v 0.004893 6.448765 -1.337527
v 0.483764 6.266475 -0.734213
v 0.503386 6.257428 -0.793735
v 1.365428 6.294491 -0.892288
v 1.361896 6.296120 -0.881575
v 0.415945 6.277695 -0.767574
v 0.436127 6.255929 -0.823727
v 0.059121 6.481201 -1.401073
v 0.055488 6.485119 -1.390965
v 0.529404 6.229028 -0.832247
v 0.549271 6.223315 -0.902139
v 1.379776 6.177048 -1.038643
v 1.376200 6.178076 -1.026063
v 0.460762 6.242443 -0.871936
v 0.482662 6.219601 -0.925438
v -0.019936 6.216415 -1.596835
v -0.023878 6.220526 -1.587204
v 0.564049 6.205110 -0.940541
v 0.603140 6.163710 -0.997083
v 0.906368 6.320645 -1.130655
v 0.871967 6.357077 -1.080898
v 0.871967 6.357077 -1.080898
v 0.906368 6.320645 -1.130655
v 1.299755 6.255365 -1.209660
v 1.293501 6.261989 -1.200613
v 0.496546 6.198234 -0.971734
v 0.535211 6.180265 -1.028489
v 0.448153 6.396007 -1.348706
v 0.414127 6.411819 -1.298761
v 0.414127 6.411819 -1.298761
v 0.448153 6.396007 -1.348706
v 0.263772 6.361050 -1.603042
v 0.257586 6.363925 -1.593961
v 0.614551 6.152560 -1.045125
v 0.637783 6.120603 -1.091807
v 0.963368 6.189322 -1.180984
v 0.942924 6.217444 -1.139904
v 0.942924 6.217444 -1.139904
v 0.963368 6.189322 -1.180984
v 1.368301 6.033450 -1.186551
v 1.364584 6.038563 -1.179082
v 0.543641 6.156049 -1.068338
v 0.573070 6.126769 -1.130781
v 0.366378 6.238714 -1.571705
v 0.340480 6.264480 -1.516755
v 0.340480 6.264480 -1.516755
v 0.366378 6.238714 -1.571705
v 0.099470 5.975144 -1.742478
v 0.094762 5.979830 -1.732487
v 0.653012 6.103415 -1.140832
v 0.680608 6.061491 -1.190528
v 1.126205 6.132681 -1.398719
v 1.101920 6.169574 -1.354987
v 1.101920 6.169574 -1.354987
v 1.126205 6.132681 -1.398719
v 1.490024 5.892812 -1.440136
v 1.485609 5.899519 -1.432185
v 0.589559 6.106979 -1.167465
v 0.608238 6.067557 -1.225648
v 0.537587 6.169926 -1.513784
v 0.521149 6.204617 -1.462582
v 0.521149 6.204617 -1.462582
v 0.537587 6.169926 -1.513784
v 0.305583 5.985342 -1.798357
v 0.302594 5.991649 -1.789047
v 0.688460 6.046482 -1.241487
v 0.722197 5.997606 -1.278533
v 1.114377 6.110116 -1.484668
v 1.084689 6.153127 -1.452066
v 1.084689 6.153127 -1.452066
v 1.114377 6.110116 -1.484668
v 1.472918 5.841076 -1.494770
v 1.467520 5.848897 -1.488842
v 0.633901 6.046355 -1.267876
v 0.640724 6.007337 -1.313440
v 0.571421 6.079387 -1.642675
v 0.565417 6.113723 -1.602578
v 0.565417 6.113723 -1.602578
v 0.571421 6.079387 -1.642675
v 0.351203 5.862071 -1.941390
v 0.350111 5.868314 -1.934099
v 0.731948 5.970172 -1.316352
v 0.751252 5.941005 -1.385845
v 1.096735 5.908509 -1.532144
v 1.079747 5.934177 -1.470991
v 1.079747 5.934177 -1.470991
v 1.096735 5.908509 -1.532144
v 1.358610 5.523315 -1.444023
v 1.355521 5.527982 -1.432904
v 0.662482 5.977112 -1.358299
v 0.684470 5.943643 -1.404717
v 0.581587 5.973761 -1.839165
v 0.562238 6.003213 -1.798317
v 0.562238 6.003213 -1.798317
v 0.581587 5.973761 -1.839165
v 0.329730 5.691098 -2.135295
v 0.326212 5.696453 -2.127869
v 0.765598 5.907499 -1.415431
v 0.785309 5.858879 -1.461587
v 1.239545 5.769298 -1.667420
v 1.222199 5.812083 -1.626802
v 1.222199 5.812083 -1.626802
v 1.239545 5.769298 -1.667420
v 1.404343 5.370509 -1.526660
v 1.401189 5.378288 -1.519275
v 0.694334 5.905463 -1.445650
v 0.720102 5.870463 -1.491688
v 0.641025 5.908035 -1.920689
v 0.618350 5.938835 -1.880177
v 0.618350 5.938835 -1.880177
v 0.641025 5.908035 -1.920689
v 0.406426 5.623751 -2.137800
v 0.402303 5.629351 -2.130435
v 0.795239 5.833817 -1.503701
v 0.818211 5.776168 -1.539888
v 1.168267 5.758942 -1.706235
v 1.148051 5.809674 -1.674391
v 1.148051 5.809674 -1.674391
v 1.168267 5.758942 -1.706235
v 1.343643 5.491532 -1.603473
v 1.339968 5.500756 -1.597683
v 0.722876 5.830599 -1.525158
v 0.753874 5.788905 -1.578234
v 0.652136 5.777679 -2.021212
v 0.624857 5.814370 -1.974505
v 0.624857 5.814370 -1.974505
v 0.652136 5.777679 -2.021212
v 0.392686 5.430402 -2.097811
v 0.387727 5.437073 -2.089319
v 0.826836 5.746239 -1.583730
v 0.843555 5.695917 -1.617057
v 1.173274 5.653201 -1.799399
v 1.158561 5.697484 -1.770072
v 1.158561 5.697484 -1.770072
v 1.173274 5.653201 -1.799399
v 1.474013 5.380188 -1.789818
v 1.471338 5.388239 -1.784486
v 0.752844 5.750319 -1.603884
v 0.780609 5.701325 -1.656167
v 0.686825 5.679024 -1.960358
v 0.662392 5.722138 -1.914350
v 0.662392 5.722138 -1.914350
v 0.686825 5.679024 -1.960358
v 0.453020 5.438102 -2.072267
v 0.448578 5.445941 -2.063902
v 0.851134 5.659413 -1.661974
v 0.870188 5.603848 -1.685483
v 1.210657 5.508141 -1.897205
v 1.193889 5.557039 -1.876517
v 1.193889 5.557039 -1.876517
v 1.210657 5.508141 -1.897205
v 1.432857 5.185714 -1.839749
v 1.429808 5.194605 -1.835987
v 0.788473 5.668743 -1.681699
v 0.795669 5.603973 -1.724465
v 0.723658 5.543598 -2.014912
v 0.717326 5.600595 -1.977278
v 0.717326 5.600595 -1.977278
v 0.723658 5.543598 -2.014912
v 0.519025 5.284324 -2.109297
v 0.517874 5.294687 -2.102455
v 0.877157 5.567432 -1.721313
v 0.889040 5.506902 -1.761741
v 1.188496 5.361253 -1.987468
v 1.178040 5.414520 -1.951892
v 1.178040 5.414520 -1.951892
v 1.188496 5.361253 -1.987468
v 1.340180 5.030452 -1.910776
v 1.338279 5.040137 -1.904307
v 0.810574 5.568795 -1.754416
v 0.818195 5.514960 -1.786768
v 0.726419 5.417881 -2.090653
v 0.719712 5.465255 -2.062182
v 0.719712 5.465255 -2.062182
v 0.726419 5.417881 -2.090653
v 0.478343 5.100264 -2.101489
v 0.477123 5.108877 -2.096312
v 0.897832 5.467011 -1.785947
v 0.906959 5.409062 -1.820753
v 1.127511 5.241766 -1.961381
v 1.119479 5.292762 -1.930752
v 1.119479 5.292762 -1.930752
v 1.127511 5.241766 -1.961381
v 1.230592 4.988606 -1.880393
v 1.229131 4.997878 -1.874824
v 0.827102 5.471984 -1.814336
v 0.840007 5.413477 -1.849896
v 0.716769 5.292259 -2.124710
v 0.705412 5.343745 -2.093417
v 0.705412 5.343745 -2.093417
v 0.716769 5.292259 -2.124710
v 0.505310 5.066279 -2.110081
v 0.503245 5.075640 -2.104391
v 0.914457 5.361618 -1.839775
v 0.922455 5.307660 -1.877766
v 1.229597 4.756598 -1.875078
v 1.228158 4.766311 -1.868239
v 0.848513 5.372859 -1.873416
v 0.850461 5.305769 -1.901043
v 0.618409 4.902045 -2.081592
v 0.618059 4.914121 -2.076618
v 0.927061 5.264177 -1.901551
v 0.935261 5.190572 -1.913022
v 1.139528 4.865042 -1.820166
v 1.138052 4.878291 -1.818101
v 0.852348 5.262967 -1.916411
v 0.871773 5.201096 -1.954448
v 0.633894 4.887018 -2.122524
v 0.630398 4.898154 -2.115678
v 0.938641 5.145864 -1.937342
v 0.942028 5.087465 -1.959118
v 1.079917 4.770463 -1.916932
v 1.079308 4.780974 -1.913012
v 0.875146 5.159940 -1.968080
v 0.867057 5.082665 -1.984013
v 0.671142 4.819553 -2.096873
v 0.672598 4.833462 -2.094005
v 0.944840 5.035578 -1.976828
v 0.947368 4.970891 -1.986310
v 1.093188 4.658696 -1.921641
v 1.092733 4.670340 -1.919934
v 0.874688 5.040771 -1.999836
v 0.878783 4.974934 -2.018265
v 0.634512 4.710754 -2.015580
v 0.633775 4.722605 -2.012262
v 0.947311 4.927468 -2.006918
v 0.949617 4.847869 -2.007048
v 1.014914 4.696339 -1.955108
v 1.014499 4.710667 -1.955085
v 0.883185 4.927169 -2.031378
v 0.874733 4.857363 -2.036865
v 0.769244 4.729630 -2.029701
v 0.770766 4.742195 -2.028713
v -0.147687 6.312110 0.226188
v -0.085731 6.301547 0.337600
v -0.474627 6.262513 0.544513
v -0.531859 6.272296 0.441254
v -0.531859 6.272296 0.441254
v -0.474627 6.262513 0.544513
v -0.856301 6.154818 0.739465
v -0.908341 6.163761 0.644943
v -0.908341 6.163761 0.644943
v -0.856301 6.154818 0.739465
v -1.214058 5.960886 0.910990
v -1.260404 5.968908 0.826032
v -1.260404 5.968908 0.826032
v -1.214058 5.960886 0.910990
v -1.524668 5.677857 1.045838
v -1.564692 5.684846 0.971634
v -1.564692 5.684846 0.971634
v -1.524668 5.677857 1.045838
v -1.761824 5.315811 1.130742
v -1.794608 5.321596 1.069150
v -1.794608 5.321596 1.069150
v -1.761824 5.315811 1.130742
v -1.900462 4.898029 1.154456
v -1.924298 4.902285 1.108995
v -1.924298 4.902285 1.108995
v -1.900462 4.898029 1.154456
v -1.924878 4.460677 1.103811
v -1.930189 4.461638 1.093511
v -0.605464 6.253336 0.503948
v -0.666838 6.239740 0.539380
v -0.852026 6.358717 0.426085
v -0.840979 6.361165 0.419707
v -0.563203 6.236239 0.575785
v -0.636961 6.244489 0.597918
v -0.597694 6.285474 0.873352
v -0.584417 6.283989 0.869368
v -0.708086 6.222356 0.553487
v -0.771932 6.214751 0.599423
v -1.130119 6.329262 0.396577
v -1.118626 6.330630 0.388309
v -0.674446 6.226615 0.622395
v -0.733533 6.198143 0.660945
v -0.741883 6.243497 1.189362
v -0.731248 6.248622 1.182423
v -0.809312 6.196677 0.611195
v -0.876117 6.172261 0.648662
v -1.361234 6.439833 0.443330
v -1.349209 6.444228 0.436586
v -0.784801 6.195109 0.675990
v -0.828699 6.161480 0.714358
v -0.874430 6.258144 1.475139
v -0.866528 6.264197 1.468233
v -0.910568 6.156896 0.661806
v -0.977216 6.131155 0.701884
v -1.582492 6.231397 0.339180
v -1.570495 6.236030 0.331966
v -0.881094 6.152391 0.731189
v -0.934880 6.123310 0.763057
v -1.121797 6.384748 1.633947
v -1.112116 6.389983 1.628211
v -1.015352 6.104810 0.710085
v -1.070902 6.089254 0.753820
v -1.922422 6.120208 0.306770
v -1.912423 6.123008 0.298898
v -0.969532 6.100230 0.786503
v -1.045043 6.081485 0.808031
v -1.158848 6.177656 1.689006
v -1.145256 6.181030 1.685131
v -1.108117 6.067128 0.777018
v -1.171827 6.019614 0.782966
v -1.545185 6.240075 0.724411
v -1.489120 6.281887 0.719178
v -1.489120 6.281887 0.719178
v -1.545185 6.240075 0.724411
v -1.923381 6.201176 0.499488
v -1.913188 6.208779 0.498536
v -1.088377 6.057696 0.828432
v -1.120028 6.016696 0.862257
v -1.261634 6.154911 1.244970
v -1.233781 6.190991 1.215205
v -1.233781 6.190991 1.215205
v -1.261634 6.154911 1.244970
v -1.300581 5.988755 1.718096
v -1.295517 5.995315 1.712684
v -1.207682 5.999207 0.809427
v -1.260218 5.966771 0.841964
v -1.683518 6.104910 0.755559
v -1.637287 6.133454 0.726926
v -1.637287 6.133454 0.726926
v -1.683518 6.104910 0.755559
v -1.988085 5.881005 0.479135
v -1.979679 5.886195 0.473929
v -1.179195 6.005464 0.872254
v -1.217313 5.948162 0.909922
v -1.380663 6.029906 1.412372
v -1.347120 6.080332 1.379224
v -1.347120 6.080332 1.379224
v -1.380663 6.029906 1.412372
v -1.303518 5.724818 1.695796
v -1.297419 5.733986 1.689769
v -1.294343 5.931671 0.846424
v -1.354775 5.900131 0.891159
v -1.782178 5.978220 0.780110
v -1.728998 6.005976 0.740743
v -1.728998 6.005976 0.740743
v -1.782178 5.978220 0.780110
v -1.943592 5.734425 0.527331
v -1.933923 5.739471 0.520174
v -1.261713 5.928619 0.923834
v -1.316170 5.890832 0.944621
v -1.521992 5.990883 1.388541
v -1.474069 6.024137 1.370248
v -1.474069 6.024137 1.370248
v -1.521992 5.990883 1.388541
v -1.583808 5.816136 1.839601
v -1.575095 5.822182 1.836275
v -1.388939 5.858328 0.892303
v -1.433319 5.825628 0.925504
v -1.881252 5.940571 0.843465
v -1.842198 5.969346 0.814247
v -1.842198 5.969346 0.814247
v -1.881252 5.940571 0.843465
v -2.126229 5.685418 0.534636
v -2.119128 5.690650 0.529324
v -1.348035 5.849636 0.965113
v -1.403153 5.821969 0.983655
v -1.518309 5.782537 1.404526
v -1.469805 5.806883 1.388209
v -1.469805 5.806883 1.388209
v -1.518309 5.782537 1.404526
v -1.330656 5.332158 1.668276
v -1.321837 5.336584 1.665309
v -1.469618 5.789393 0.938154
v -1.516818 5.733778 0.953522
v -1.992373 5.774597 0.834879
v -1.950837 5.823538 0.821356
v -1.950837 5.823538 0.821356
v -1.992373 5.774597 0.834879
v -2.162171 5.544631 0.568367
v -2.154619 5.553529 0.565908
v -1.436295 5.781113 1.000831
v -1.479244 5.729706 1.021899
v -1.662293 5.719643 1.457065
v -1.624498 5.764880 1.438524
v -1.624498 5.764880 1.438524
v -1.662293 5.719643 1.457065
v -1.590235 5.402483 1.776065
v -1.583363 5.410708 1.772694
v -1.549237 5.699018 0.967685
v -1.591355 5.650944 0.990999
v -2.015471 5.669106 0.909137
v -1.978407 5.711411 0.888620
v -1.978407 5.711411 0.888620
v -2.015471 5.669106 0.909137
v -2.244905 5.401337 0.607392
v -2.238166 5.409029 0.603661
v -1.506678 5.696886 1.035145
v -1.563199 5.640724 1.054691
v -1.687593 5.570911 1.398604
v -1.637854 5.620334 1.381403
v -1.637854 5.620334 1.381403
v -1.687593 5.570911 1.398604
v -1.607473 5.335840 1.607011
v -1.598430 5.344826 1.603884
v -1.624902 5.608465 1.004224
v -1.658736 5.556480 1.014106
v -2.099735 5.512258 0.924416
v -2.069961 5.558004 0.915719
v -2.069961 5.558004 0.915719
v -2.099735 5.512258 0.924416
v -2.274366 5.266149 0.676405
v -2.268953 5.274467 0.674824
v -1.590634 5.604214 1.066907
v -1.622479 5.548378 1.082677
v -1.736709 5.455835 1.368817
v -1.708686 5.504971 1.354940
v -1.708686 5.504971 1.354940
v -1.736709 5.455835 1.368817
v -1.669146 5.174934 1.605590
v -1.664051 5.183868 1.603067
v -1.692014 5.517654 1.039516
v -1.722484 5.451223 1.030625
v -2.023718 5.396544 0.957153
v -1.996905 5.455002 0.964977
v -1.996905 5.455002 0.964977
v -2.023718 5.396544 0.957153
v -2.163993 5.200280 0.747572
v -2.159118 5.210908 0.748995
v -1.654177 5.510635 1.093331
v -1.689991 5.445889 1.108169
v -1.841746 5.340592 1.423030
v -1.810231 5.397569 1.409973
v -1.810231 5.397569 1.409973
v -1.841746 5.340592 1.423030
v -1.748794 4.997205 1.680309
v -1.743063 5.007564 1.677935
v -1.751322 5.418979 1.060895
v -1.780797 5.343680 1.052780
v -2.078678 5.250053 0.975671
v -2.052740 5.316316 0.982812
v -2.052740 5.316316 0.982812
v -2.078678 5.250053 0.975671
v -2.086667 5.049298 0.771259
v -2.081951 5.061346 0.772557
v -1.704884 5.403717 1.116454
v -1.757108 5.346588 1.128689
v -1.858431 5.192017 1.433622
v -1.812474 5.242290 1.422855
v -1.812474 5.242290 1.422855
v -1.858431 5.192017 1.433622
v -1.662825 4.818343 1.642835
v -1.654469 4.827484 1.640878
v -1.803558 5.304350 1.068491
v -1.831929 5.242984 1.080048
v -2.105138 5.090785 0.970951
v -2.080171 5.144787 0.960781
v -2.080171 5.144787 0.960781
v -2.105138 5.090785 0.970951
v -2.044295 4.817306 0.687686
v -2.039755 4.827125 0.685837
v -1.775404 5.299488 1.134894
v -1.790166 5.235492 1.145225
v -1.908300 5.050339 1.403262
v -1.895309 5.106655 1.394171
v -1.895309 5.106655 1.394171
v -1.908300 5.050339 1.403262
v -1.718839 4.769767 1.458048
v -1.716477 4.780006 1.456395
v -1.852718 5.197890 1.094199
v -1.870858 5.126168 1.080149
v -2.121976 4.976235 1.015153
v -2.106013 5.039351 1.027517
v -2.106013 5.039351 1.027517
v -2.121976 4.976235 1.015153
v -2.165596 4.678184 0.762228
v -2.162694 4.689659 0.764476
v -1.813624 5.188451 1.150270
v -1.840254 5.123252 1.155773
v -1.910672 4.924065 1.389038
v -1.887238 4.981441 1.384195
v -1.887238 4.981441 1.384195
v -1.910672 4.924065 1.389038
v -1.698985 4.698358 1.417904
v -1.694724 4.708790 1.417024
v -1.885024 5.082456 1.088449
v -1.909975 5.011567 1.102087
v -2.178191 4.564458 0.738372
v -2.173700 4.577218 0.735917
v -1.856176 5.076395 1.159715
v -1.869349 5.005273 1.162635
v -1.742431 4.521338 1.425529
v -1.740060 4.534140 1.425004
v -1.921946 4.965084 1.105090
v -1.927510 4.893863 1.092092
v -1.970193 4.511906 0.816588
v -1.969191 4.524726 0.818927
v -1.889797 4.961513 1.164316
v -1.890417 4.885078 1.164802
v -1.681395 4.474479 1.283861
v -1.681284 4.488238 1.283774
v -1.934271 4.843169 1.092371
v -1.951982 4.777234 1.101774
v -1.974950 4.478905 0.815600
v -1.971762 4.490773 0.813908
v -1.910812 4.843226 1.164964
v -1.906437 4.764821 1.161240
v -1.683476 4.450023 1.285080
v -1.684264 4.464136 1.285750
v -1.952654 4.724536 1.094758
v -1.952154 4.655537 1.086596
v -1.955137 4.398092 0.891205
v -1.955226 4.410512 0.892674
v -1.920304 4.718495 1.159462
v -1.915746 4.649222 1.154079
v -1.767766 4.338700 1.252742
v -1.768586 4.351169 1.253711
v -1.955688 4.600243 1.088096
v -1.948984 4.539489 1.070732
v -1.923522 4.410771 0.970052
v -1.924728 4.421706 0.973178
v -1.921293 4.595186 1.149461
v -1.914871 4.532190 1.141685
v -1.833097 4.393740 1.171179
v -1.834253 4.405079 1.172579
v -0.147687 6.312110 0.226188
v -0.085731 6.301547 0.337600
v -0.474627 6.262513 0.544513
v -0.531859 6.272296 0.441254
v -0.531859 6.272296 0.441254
v -0.474627 6.262513 0.544513
v -0.856301 6.154818 0.739465
v -0.908341 6.163761 0.644943
v -0.908341 6.163761 0.644943
v -0.856301 6.154818 0.739465
v -1.214058 5.960886 0.910990
v -1.260404 5.968908 0.826032
v -1.260404 5.968908 0.826032
v -1.214058 5.960886 0.910990
v -1.524668 5.677857 1.045838
v -1.564692 5.684846 0.971634
v -1.564692 5.684846 0.971634
v -1.524668 5.677857 1.045838
v -1.761824 5.315811 1.130742
v -1.794608 5.321596 1.069150
v -1.794608 5.321596 1.069150
v -1.761824 5.315811 1.130742
v -1.900462 4.898029 1.154456
v -1.924298 4.902285 1.108995
v -1.924298 4.902285 1.108995
v -1.900462 4.898029 1.154456
v -1.924878 4.460677 1.103811
v -1.930189 4.461638 1.093511
v -0.605464 6.253336 0.503948
v -0.666838 6.239740 0.539380
v -0.852026 6.358717 0.426085
v -0.840979 6.361165 0.419707
v -0.563203 6.236239 0.575785
v -0.636961 6.244489 0.597918
v -0.597694 6.285474 0.873352
v -0.584417 6.283989 0.869368
v -0.708086 6.222356 0.553487
v -0.771932 6.214751 0.599423
v -1.130119 6.329262 0.396577
v -1.118626 6.330630 0.388309
v -0.674446 6.226615 0.622395
v -0.733533 6.198143 0.660945
v -0.741883 6.243497 1.189362
v -0.731248 6.248622 1.182423
v -0.809312 6.196677 0.611195
v -0.876117 6.172261 0.648662
v -1.361234 6.439833 0.443330
v -1.349209 6.444228 0.436586
v -0.784801 6.195109 0.675990
v -0.828699 6.161480 0.714358
v -0.874430 6.258144 1.475139
v -0.866528 6.264197 1.468233
v -0.910568 6.156896 0.661806
v -0.977216 6.131155 0.701884
v -1.582492 6.231397 0.339180
v -1.570495 6.236030 0.331966
v -0.881094 6.152391 0.731189
v -0.934880 6.123310 0.763057
v -1.121797 6.384748 1.633947
v -1.112116 6.389983 1.628211
v -1.015352 6.104810 0.710085
v -1.070902 6.089254 0.753820
v -1.922422 6.120208 0.306770
v -1.912423 6.123008 0.298898
v -0.969532 6.100230 0.786503
v -1.045043 6.081485 0.808031
v -1.158848 6.177656 1.689006
v -1.145256 6.181030 1.685131
v -1.108117 6.067128 0.777018
v -1.171827 6.019614 0.782966
v -1.545185 6.240075 0.724411
v -1.489120 6.281887 0.719178
v -1.489120 6.281887 0.719178
v -1.545185 6.240075 0.724411
v -1.923381 6.201176 0.499488
v -1.913188 6.208779 0.498536
v -1.088377 6.057696 0.828432
v -1.120028 6.016696 0.862257
v -1.261634 6.154911 1.244970
v -1.233781 6.190991 1.215205
v -1.233781 6.190991 1.215205
v -1.261634 6.154911 1.244970
v -1.300581 5.988755 1.718096
v -1.295517 5.995315 1.712684
v -1.207682 5.999207 0.809427
v -1.260218 5.966771 0.841964
v -1.683518 6.104910 0.755559
v -1.637287 6.133454 0.726926
v -1.637287 6.133454 0.726926
v -1.683518 6.104910 0.755559
v -1.988085 5.881005 0.479135
v -1.979679 5.886195 0.473929
v -1.179195 6.005464 0.872254
v -1.217313 5.948162 0.909922
v -1.380663 6.029906 1.412372
v -1.347120 6.080332 1.379224
v -1.347120 6.080332 1.379224
v -1.380663 6.029906 1.412372
v -1.303518 5.724818 1.695796
v -1.297419 5.733986 1.689769
v -1.294343 5.931671 0.846424
v -1.354775 5.900131 0.891159
v -1.782178 5.978220 0.780110
v -1.728998 6.005976 0.740743
v -1.728998 6.005976 0.740743
v -1.782178 5.978220 0.780110
v -1.943592 5.734425 0.527331
v -1.933923 5.739471 0.520174
v -1.261713 5.928619 0.923834
v -1.316170 5.890832 0.944621
v -1.521992 5.990883 1.388541
v -1.474069 6.024137 1.370248
v -1.474069 6.024137 1.370248
v -1.521992 5.990883 1.388541
v -1.583808 5.816136 1.839601
v -1.575095 5.822182 1.836275
v -1.388939 5.858328 0.892303
v -1.433319 5.825628 0.925504
v -1.881252 5.940571 0.843465
v -1.842198 5.969346 0.814247
v -1.842198 5.969346 0.814247
v -1.881252 5.940571 0.843465
v -2.126229 5.685418 0.534636
v -2.119128 5.690650 0.529324
v -1.348035 5.849636 0.965113
v -1.403153 5.821969 0.983655
v -1.518309 5.782537 1.404526
v -1.469805 5.806883 1.388209
v -1.469805 5.806883 1.388209
v -1.518309 5.782537 1.404526
v -1.330656 5.332158 1.668276
v -1.321837 5.336584 1.665309
v -1.469618 5.789393 0.938154
v -1.516818 5.733778 0.953522
v -1.992373 5.774597 0.834879
v -1.950837 5.823538 0.821356
v -1.950837 5.823538 0.821356
v -1.992373 5.774597 0.834879
v -2.162171 5.544631 0.568367
v -2.154619 5.553529 0.565908
v -1.436295 5.781113 1.000831
v -1.479244 5.729706 1.021899
v -1.662293 5.719643 1.457065
v -1.624498 5.764880 1.438524
v -1.624498 5.764880 1.438524
v -1.662293 5.719643 1.457065
v -1.590235 5.402483 1.776065
v -1.583363 5.410708 1.772694
v -1.549237 5.699018 0.967685
v -1.591355 5.650944 0.990999
v -2.015471 5.669106 0.909137
v -1.978407 5.711411 0.888620
v -1.978407 5.711411 0.888620
v -2.015471 5.669106 0.909137
v -2.244905 5.401337 0.607392
v -2.238166 5.409029 0.603661
v -1.506678 5.696886 1.035145
v -1.563199 5.640724 1.054691
v -1.687593 5.570911 1.398604
v -1.637854 5.620334 1.381403
v -1.637854 5.620334 1.381403
v -1.687593 5.570911 1.398604
v -1.607473 5.335840 1.607011
v -1.598430 5.344826 1.603884
v -1.624902 5.608465 1.004224
v -1.658736 5.556480 1.014106
v -2.099735 5.512258 0.924416
v -2.069961 5.558004 0.915719
v -2.069961 5.558004 0.915719
v -2.099735 5.512258 0.924416
v -2.274366 5.266149 0.676405
v -2.268953 5.274467 0.674824
v -1.590634 5.604214 1.066907
v -1.622479 5.548378 1.082677
v -1.736709 5.455835 1.368817
v -1.708686 5.504971 1.354940
v -1.708686 5.504971 1.354940
v -1.736709 5.455835 1.368817
v -1.669146 5.174934 1.605590
v -1.664051 5.183868 1.603067
v -1.692014 5.517654 1.039516
v -1.722484 5.451223 1.030625
v -2.023718 5.396544 0.957153
v -1.996905 5.455002 0.964977
v -1.996905 5.455002 0.964977
v -2.023718 5.396544 0.957153
v -2.163993 5.200280 0.747572
v -2.159118 5.210908 0.748995
v -1.654177 5.510635 1.093331
v -1.689991 5.445889 1.108169
v -1.841746 5.340592 1.423030
v -1.810231 5.397569 1.409973
v -1.810231 5.397569 1.409973
v -1.841746 5.340592 1.423030
v -1.748794 4.997205 1.680309
v -1.743063 5.007564 1.677935
v -1.751322 5.418979 1.060895
v -1.780797 5.343680 1.052780
v -2.078678 5.250053 0.975671
v -2.052740 5.316316 0.982812
v -2.052740 5.316316 0.982812
v -2.078678 5.250053 0.975671
v -2.086667 5.049298 0.771259
v -2.081951 5.061346 0.772557
v -1.704884 5.403717 1.116454
v -1.757108 5.346588 1.128689
v -1.858431 5.192017 1.433622
v -1.812474 5.242290 1.422855
v -1.812474 5.242290 1.422855
v -1.858431 5.192017 1.433622
v -1.662825 4.818343 1.642835
v -1.654469 4.827484 1.640878
v -1.803558 5.304350 1.068491
v -1.831929 5.242984 1.080048
v -2.105138 5.090785 0.970951
v -2.080171 5.144787 0.960781
v -2.080171 5.144787 0.960781
v -2.105138 5.090785 0.970951
v -2.044295 4.817306 0.687686
v -2.039755 4.827125 0.685837
v -1.775404 5.299488 1.134894
v -1.790166 5.235492 1.145225
v -1.908300 5.050339 1.403262
v -1.895309 5.106655 1.394171
v -1.895309 5.106655 1.394171
v -1.908300 5.050339 1.403262
v -1.718839 4.769767 1.458048
v -1.716477 4.780006 1.456395
v -1.852718 5.197890 1.094199
v -1.870858 5.126168 1.080149
v -2.121976 4.976235 1.015153
v -2.106013 5.039351 1.027517
v -2.106013 5.039351 1.027517
v -2.121976 4.976235 1.015153
v -2.165596 4.678184 0.762228
v -2.162694 4.689659 0.764476
v -1.813624 5.188451 1.150270
v -1.840254 5.123252 1.155773
v -1.910672 4.924065 1.389038
v -1.887238 4.981441 1.384195
v -1.887238 4.981441 1.384195
v -1.910672 4.924065 1.389038
v -1.698985 4.698358 1.417904
v -1.694724 4.708790 1.417024
v -1.885024 5.082456 1.088449
v -1.909975 5.011567 1.102087
v -2.178191 4.564458 0.738372
v -2.173700 4.577218 0.735917
v -1.856176 5.076395 1.159715
v -1.869349 5.005273 1.162635
v -1.742431 4.521338 1.425529
v -1.740060 4.534140 1.425004
v -1.921946 4.965084 1.105090
v -1.927510 4.893863 1.092092
v -1.970193 4.511906 0.816588
v -1.969191 4.524726 0.818927
v -1.889797 4.961513 1.164316
v -1.890417 4.885078 1.164802
v -1.681395 4.474479 1.283861
v -1.681284 4.488238 1.283774
v -1.934271 4.843169 1.092371
v -1.951982 4.777234 1.101774
v -1.974950 4.478905 0.815600
v -1.971762 4.490773 0.813908
v -1.910812 4.843226 1.164964
v -1.906437 4.764821 1.161240
v -1.683476 4.450023 1.285080
v -1.684264 4.464136 1.285750
v -1.952654 4.724536 1.094758
v -1.952154 4.655537 1.086596
v -1.955137 4.398092 0.891205
v -1.955226 4.410512 0.892674
v -1.920304 4.718495 1.159462
v -1.915746 4.649222 1.154079
v -1.767766 4.338700 1.252742
v -1.768586 4.351169 1.253711
v -1.955688 4.600243 1.088096
v -1.948984 4.539489 1.070732
v -1.923522 4.410771 0.970052
v -1.924728 4.421706 0.973178
v -1.921293 4.595186 1.149461
v -1.914871 4.532190 1.141685
v -1.833097 4.393740 1.171179
v -1.834253 4.405079 1.172579
v 0.101577 6.246437 0.321664
v 0.131731 6.254510 0.197615
v 0.572346 6.078419 0.299285
v 0.543532 6.070992 0.413951
v 0.543532 6.070992 0.413951
v 0.572346 6.078419 0.299285
v 0.980559 5.833919 0.394002
v 0.952581 5.827223 0.498381
v 0.952581 5.827223 0.498381
v 0.980559 5.833919 0.394002
v 1.330537 5.508486 0.476001
v 1.303446 5.502596 0.569068
v 1.303446 5.502596 0.569068
v 1.330537 5.508486 0.476001
v 1.594669 5.106982 0.537078
v 1.568951 5.101976 0.617517
v 1.568951 5.101976 0.617517
v 1.594669 5.106982 0.537078
v 1.747026 4.648630 0.566998
v 1.723723 4.644612 0.632897
v 1.723723 4.644612 0.632897
v 1.747026 4.648630 0.566998
v 1.768175 4.165827 0.555111
v 1.749376 4.162979 0.602980
v 1.749376 4.162979 0.602980
v 1.768175 4.165827 0.555111
v 1.647252 3.701224 0.499143
v 1.642600 3.700609 0.509782
v 0.742024 5.976947 0.427333
v 0.792970 5.932398 0.454109
v 0.942454 6.097519 0.730137
v 0.933284 6.105538 0.725317
v 0.751529 5.981851 0.362394
v 0.820904 5.936809 0.374599
v 1.075143 6.037033 0.135559
v 1.062656 6.045140 0.133362
v 0.835681 5.900044 0.466701
v 0.910042 5.875320 0.460924
v 1.119123 6.036669 0.945536
v 1.105738 6.041119 0.946576
v 0.861307 5.922214 0.394203
v 0.922486 5.862429 0.389135
v 1.314925 5.909748 0.057040
v 1.303912 5.920508 0.057952
v 0.953026 5.848151 0.471387
v 0.996348 5.782221 0.500852
v 1.222181 5.787244 1.195004
v 1.214383 5.799111 1.189701
v 0.971630 5.843410 0.415299
v 1.016504 5.796203 0.412834
v 1.588311 5.789897 -0.088074
v 1.580234 5.798394 -0.087630
v 1.043750 5.754725 0.506349
v 1.100784 5.718900 0.508589
v 1.368093 5.727304 1.258586
v 1.357828 5.733753 1.258183
v 1.059304 5.764032 0.422988
v 1.124735 5.718791 0.448044
v 1.739474 5.741525 -0.033414
v 1.727696 5.749668 -0.037924
v 1.131997 5.676199 0.525707
v 1.198532 5.629424 0.529813
v 1.435011 5.519086 1.247673
v 1.423035 5.527506 1.246934
v 1.157104 5.676370 0.438157
v 1.213727 5.638404 0.473676
v 1.885359 5.747915 0.020102
v 1.875166 5.754749 0.013708
v 1.227647 5.592894 0.540764
v 1.278829 5.533728 0.552951
v 1.580832 5.609997 0.981288
v 1.535792 5.662063 0.970563
v 1.535792 5.662063 0.970563
v 1.580832 5.609997 0.981288
v 1.535178 5.346610 1.345347
v 1.526989 5.356077 1.343397
v 1.252035 5.604712 0.480032
v 1.295587 5.531012 0.470233
v 1.724317 5.556100 0.200959
v 1.685990 5.620955 0.209582
v 1.685990 5.620955 0.209582
v 1.724317 5.556100 0.200959
v 1.834958 5.298233 -0.183775
v 1.827990 5.310025 -0.182207
v 1.309584 5.495931 0.561108
v 1.361827 5.440968 0.568108
v 1.562996 5.429060 0.927768
v 1.517022 5.477427 0.921608
v 1.517022 5.477427 0.921608
v 1.562996 5.429060 0.927768
v 1.411876 5.066230 1.295883
v 1.403518 5.075025 1.294763
v 1.337133 5.503909 0.493710
v 1.376315 5.442040 0.492311
v 1.761777 5.440785 0.291915
v 1.727297 5.495228 0.293146
v 1.727297 5.495228 0.293146
v 1.761777 5.440785 0.291915
v 1.862484 5.175040 -0.055356
v 1.856215 5.184939 -0.055132
v 1.383880 5.399876 0.578023
v 1.440496 5.336976 0.583670
v 1.620997 5.276304 0.864630
v 1.571174 5.331656 0.859660
v 1.571174 5.331656 0.859660
v 1.620997 5.276304 0.864630
v 1.546340 4.953425 1.175903
v 1.537281 4.963490 1.174999
v 1.412832 5.403504 0.505195
v 1.454517 5.342343 0.513577
v 1.818938 5.284583 0.334823
v 1.782256 5.338404 0.327447
v 1.782256 5.338404 0.327447
v 1.818938 5.284583 0.334823
v 1.914644 4.927626 -0.053798
v 1.907974 4.937412 -0.055139
v 1.450179 5.289958 0.595883
v 1.513437 5.236525 0.594692
v 1.714376 5.161578 0.901391
v 1.658709 5.208599 0.902440
v 1.658709 5.208599 0.902440
v 1.714376 5.161578 0.901391
v 1.655820 4.882685 1.200468
v 1.645699 4.891234 1.200658
v 1.482255 5.302999 0.518682
v 1.525314 5.232420 0.529266
v 2.033781 5.177351 0.366323
v 1.995889 5.239460 0.357009
v 1.995889 5.239460 0.357009
v 2.033781 5.177351 0.366323
v 2.224178 4.838438 -0.004231
v 2.217288 4.849730 -0.005924
v 1.519348 5.183803 0.607656
v 1.569486 5.123218 0.607985
v 1.741782 5.052505 0.899990
v 1.697661 5.105820 0.899701
v 1.697661 5.105820 0.899701
v 1.741782 5.052505 0.899990
v 1.593439 4.748323 1.203153
v 1.585417 4.758017 1.203100
v 1.544959 5.183692 0.527373
v 1.588850 5.132204 0.545956
v 1.881900 5.016332 0.356744
v 1.843276 5.061641 0.340391
v 1.843276 5.061641 0.340391
v 1.881900 5.016332 0.356744
v 1.863830 4.733816 0.035640
v 1.856808 4.742054 0.032667
v 1.591340 5.071018 0.614117
v 1.607897 5.008298 0.622411
v 1.829532 4.788893 0.986469
v 1.814962 4.844087 0.979170
v 1.814962 4.844087 0.979170
v 1.829532 4.788893 0.986469
v 1.639280 4.449634 1.165758
v 1.636630 4.459669 1.164431
v 1.610670 5.081793 0.551681
v 1.634601 5.006334 0.542871
v 1.969914 4.897926 0.396346
v 1.948855 4.964328 0.404099
v 1.948855 4.964328 0.404099
v 1.969914 4.897926 0.396346
v 2.100398 4.590326 0.049023
v 2.096569 4.602400 0.050433
v 1.623907 4.952558 0.625601
v 1.670106 4.891723 0.627237
v 1.826954 4.667114 1.017375
v 1.786299 4.720648 1.015934
v 1.786299 4.720648 1.015934
v 1.826954 4.667114 1.017375
v 1.523697 4.330985 1.211912
v 1.516305 4.340717 1.211650
v 1.656516 4.962871 0.552126
v 1.684630 4.890154 0.559092
v 1.994168 4.666719 0.371338
v 1.969427 4.730711 0.365207
v 1.969427 4.730711 0.365207
v 1.994168 4.666719 0.371338
v 1.829217 4.359852 0.071214
v 1.824719 4.371487 0.070099
v 1.678446 4.839661 0.630310
v 1.693971 4.763283 0.633861
v 1.842837 4.517462 0.946086
v 1.829174 4.584675 0.942961
v 1.829174 4.584675 0.942961
v 1.842837 4.517462 0.946086
v 1.620158 4.280258 1.048598
v 1.617674 4.292479 1.048030
v 1.706776 4.839969 0.567674
v 1.713908 4.771648 0.555255
v 2.002838 4.541792 0.353886
v 1.996562 4.601914 0.364815
v 1.996562 4.601914 0.364815
v 2.002838 4.541792 0.353886
v 1.796596 4.302245 0.082538
v 1.795455 4.313175 0.084525
v 1.704527 4.710917 0.635800
v 1.728144 4.645295 0.633954
v 1.846706 4.400662 0.879982
v 1.825922 4.458408 0.881606
v 1.825922 4.458408 0.881606
v 1.846706 4.400662 0.879982
v 1.599517 4.151491 0.963247
v 1.595738 4.161990 0.963542
v 1.737857 4.721127 0.571326
v 1.744253 4.643686 0.557588
v 2.000416 4.479304 0.406810
v 1.994787 4.547452 0.418899
v 1.994787 4.547452 0.418899
v 2.000416 4.479304 0.406810
v 1.845859 4.258039 0.109932
v 1.844836 4.270430 0.112130
v 1.723567 4.590941 0.635065
v 1.751645 4.514810 0.634422
v 1.802323 4.240407 0.926144
v 1.777614 4.307403 0.926710
v 1.777614 4.307403 0.926710
v 1.802323 4.240407 0.926144
v 1.536261 4.038451 1.025373
v 1.531769 4.050632 1.025476
v 1.760814 4.598207 0.569981
v 1.765045 4.516068 0.559091
v 1.979768 4.321245 0.432279
v 1.976045 4.393528 0.441863
v 1.976045 4.393528 0.441863
v 1.979768 4.321245 0.432279
v 1.867429 4.082803 0.158565
v 1.866752 4.095945 0.160308
v 1.742092 4.465451 0.633371
v 1.757512 4.387479 0.629614
v 1.792417 4.120425 0.861717
v 1.778848 4.189041 0.865024
v 1.778848 4.189041 0.865024
v 1.792417 4.120425 0.861717
v 1.488093 3.869072 0.970015
v 1.485626 3.881548 0.970616
v 1.777384 4.468777 0.567865
v 1.774105 4.392598 0.555153
v 1.957866 4.122047 0.398269
v 1.960751 4.189085 0.409456
v 1.960751 4.189085 0.409456
v 1.957866 4.122047 0.398269
v 1.860886 3.920277 0.183035
v 1.861410 3.932465 0.185069
v 1.747458 4.334158 0.627382
v 1.758040 4.265042 0.622488
v 1.506830 3.760658 0.818271
v 1.504925 3.773099 0.819152
v 1.781552 4.345764 0.559047
v 1.777103 4.261798 0.551329
v 1.708445 3.901901 0.155536
v 1.709246 3.917015 0.156925
v 1.757356 4.208902 0.616585
v 1.735256 4.137197 0.613177
v 1.486533 3.686960 0.824436
v 1.490511 3.699866 0.825049
v 1.774554 4.214117 0.546361
v 1.772515 4.140260 0.544404
v 1.753887 3.736897 0.111891
v 1.754254 3.750191 0.112243
v 1.739233 4.082699 0.605441
v 1.720548 4.012793 0.596453
v 1.450479 3.750991 0.741393
v 1.453842 3.763574 0.743011
v 1.761774 4.092838 0.533311
v 1.753796 4.010842 0.530110
v 1.713256 3.743101 0.253839
v 1.714692 3.757860 0.254415
v 1.714885 3.957302 0.588439
v 1.693328 3.891715 0.577962
v 1.435453 3.607277 0.651941
v 1.439333 3.619082 0.653826
v 1.741333 3.961688 0.519628
v 1.724031 3.895426 0.508852
v 1.641474 3.699230 0.311623
v 1.644588 3.711158 0.313563
v 1.687217 3.841725 0.567946
v 1.650924 3.766659 0.555102
v 1.518892 3.625554 0.572231
v 1.525425 3.639066 0.574543
v 1.711093 3.843133 0.500596
v 1.685587 3.773254 0.485107
v 1.637535 3.676072 0.373569
v 1.642126 3.688650 0.376357
v 0.101577 6.246437 0.321664
v 0.131731 6.254510 0.197615
v 0.572346 6.078419 0.299285
v 0.543532 6.070992 0.413951
v 0.543532 6.070992 0.413951
v 0.572346 6.078419 0.299285
v 0.980559 5.833919 0.394002
v 0.952581 5.827223 0.498381
v 0.952581 5.827223 0.498381
v 0.980559 5.833919 0.394002
v 1.330537 5.508486 0.476001
v 1.303446 5.502596 0.569068
v 1.303446 5.502596 0.569068
v 1.330537 5.508486 0.476001
v 1.594669 5.106982 0.537078
v 1.568951 5.101976 0.617517
v 1.568951 5.101976 0.617517
v 1.594669 5.106982 0.537078
v 1.747026 4.648630 0.566998
v 1.723723 4.644612 0.632897
v 1.723723 4.644612 0.632897
v 1.747026 4.648630 0.566998
v 1.768175 4.165827 0.555111
v 1.749376 4.162979 0.602980
v 1.749376 4.162979 0.602980
v 1.768175 4.165827 0.555111
v 1.647252 3.701224 0.499143
v 1.642600 3.700609 0.509782
v 0.742024 5.976947 0.427333
v 0.792970 5.932398 0.454109
v 0.942454 6.097519 0.730137
v 0.933284 6.105538 0.725317
v 0.751529 5.981851 0.362394
v 0.820904 5.936809 0.374599
v 1.075143 6.037033 0.135559
v 1.062656 6.045140 0.133362
v 0.835681 5.900044 0.466701
v 0.910042 5.875320 0.460924
v 1.119123 6.036669 0.945536
v 1.105738 6.041119 0.946576
v 0.861307 5.922214 0.394203
v 0.922486 5.862429 0.389135
v 1.314925 5.909748 0.057040
v 1.303912 5.920508 0.057952
v 0.953026 5.848151 0.471387
v 0.996348 5.782221 0.500852
v 1.222181 5.787244 1.195004
v 1.214383 5.799111 1.189701
v 0.971630 5.843410 0.415299
v 1.016504 5.796203 0.412834
v 1.588311 5.789897 -0.088074
v 1.580234 5.798394 -0.087630
v 1.043750 5.754725 0.506349
v 1.100784 5.718900 0.508589
v 1.368093 5.727304 1.258586
v 1.357828 5.733753 1.258183
v 1.059304 5.764032 0.422988
v 1.124735 5.718791 0.448044
v 1.739474 5.741525 -0.033414
v 1.727696 5.749668 -0.037924
v 1.131997 5.676199 0.525707
v 1.198532 5.629424 0.529813
v 1.435011 5.519086 1.247673
v 1.423035 5.527506 1.246934
v 1.157104 5.676370 0.438157
v 1.213727 5.638404 0.473676
v 1.885359 5.747915 0.020102
v 1.875166 5.754749 0.013708
v 1.227647 5.592894 0.540764
v 1.278829 5.533728 0.552951
v 1.580832 5.609997 0.981288
v 1.535792 5.662063 0.970563
v 1.535792 5.662063 0.970563
v 1.580832 5.609997 0.981288
v 1.535178 5.346610 1.345347
v 1.526989 5.356077 1.343397
v 1.252035 5.604712 0.480032
v 1.295587 5.531012 0.470233
v 1.724317 5.556100 0.200959
v 1.685990 5.620955 0.209582
v 1.685990 5.620955 0.209582
v 1.724317 5.556100 0.200959
v 1.834958 5.298233 -0.183775
v 1.827990 5.310025 -0.182207
v 1.309584 5.495931 0.561108
v 1.361827 5.440968 0.568108
v 1.562996 5.429060 0.927768
v 1.517022 5.477427 0.921608
v 1.517022 5.477427 0.921608
v 1.562996 5.429060 0.927768
v 1.411876 5.066230 1.295883
v 1.403518 5.075025 1.294763
v 1.337133 5.503909 0.493710
v 1.376315 5.442040 0.492311
v 1.761777 5.440785 0.291915
v 1.727297 5.495228 0.293146
v 1.727297 5.495228 0.293146
v 1.761777 5.440785 0.291915
v 1.862484 5.175040 -0.055356
v 1.856215 5.184939 -0.055132
v 1.383880 5.399876 0.578023
v 1.440496 5.336976 0.583670
v 1.620997 5.276304 0.864630
v 1.571174 5.331656 0.859660
v 1.571174 5.331656 0.859660
v 1.620997 5.276304 0.864630
v 1.546340 4.953425 1.175903
v 1.537281 4.963490 1.174999
v 1.412832 5.403504 0.505195
v 1.454517 5.342343 0.513577
v 1.818938 5.284583 0.334823
v 1.782256 5.338404 0.327447
v 1.782256 5.338404 0.327447
v 1.818938 5.284583 0.334823
v 1.914644 4.927626 -0.053798
v 1.907974 4.937412 -0.055139
v 1.450179 5.289958 0.595883
v 1.513437 5.236525 0.594692
v 1.714376 5.161578 0.901391
v 1.658709 5.208599 0.902440
v 1.658709 5.208599 0.902440
v 1.714376 5.161578 0.901391
v 1.655820 4.882685 1.200468
v 1.645699 4.891234 1.200658
v 1.482255 5.302999 0.518682
v 1.525314 5.232420 0.529266
v 2.033781 5.177351 0.366323
v 1.995889 5.239460 0.357009
v 1.995889 5.239460 0.357009
v 2.033781 5.177351 0.366323
v 2.224178 4.838438 -0.004231
v 2.217288 4.849730 -0.005924
v 1.519348 5.183803 0.607656
v 1.569486 5.123218 0.607985
v 1.741782 5.052505 0.899990
v 1.697661 5.105820 0.899701
v 1.697661 5.105820 0.899701
v 1.741782 5.052505 0.899990
v 1.593439 4.748323 1.203153
v 1.585417 4.758017 1.203100
v 1.544959 5.183692 0.527373
v 1.588850 5.132204 0.545956
v 1.881900 5.016332 0.356744
v 1.843276 5.061641 0.340391
v 1.843276 5.061641 0.340391
v 1.881900 5.016332 0.356744
v 1.863830 4.733816 0.035640
v 1.856808 4.742054 0.032667
v 1.591340 5.071018 0.614117
v 1.607897 5.008298 0.622411
v 1.829532 4.788893 0.986469
v 1.814962 4.844087 0.979170
v 1.814962 4.844087 0.979170
v 1.829532 4.788893 0.986469
v 1.639280 4.449634 1.165758
v 1.636630 4.459669 1.164431
v 1.610670 5.081793 0.551681
v 1.634601 5.006334 0.542871
v 1.969914 4.897926 0.396346
v 1.948855 4.964328 0.404099
v 1.948855 4.964328 0.404099
v 1.969914 4.897926 0.396346
v 2.100398 4.590326 0.049023
v 2.096569 4.602400 0.050433
v 1.623907 4.952558 0.625601
v 1.670106 4.891723 0.627237
v 1.826954 4.667114 1.017375
v 1.786299 4.720648 1.015934
v 1.786299 4.720648 1.015934
v 1.826954 4.667114 1.017375
v 1.523697 4.330985 1.211912
v 1.516305 4.340717 1.211650
v 1.656516 4.962871 0.552126
v 1.684630 4.890154 0.559092
v 1.994168 4.666719 0.371338
v 1.969427 4.730711 0.365207
v 1.969427 4.730711 0.365207
v 1.994168 4.666719 0.371338
v 1.829217 4.359852 0.071214
v 1.824719 4.371487 0.070099
v 1.678446 4.839661 0.630310
v 1.693971 4.763283 0.633861
v 1.842837 4.517462 0.946086
v 1.829174 4.584675 0.942961
v 1.829174 4.584675 0.942961
v 1.842837 4.517462 0.946086
v 1.620158 4.280258 1.048598
v 1.617674 4.292479 1.048030
v 1.706776 4.839969 0.567674
v 1.713908 4.771648 0.555255
v 2.002838 4.541792 0.353886
v 1.996562 4.601914 0.364815
v 1.996562 4.601914 0.364815
v 2.002838 4.541792 0.353886
v 1.796596 4.302245 0.082538
v 1.795455 4.313175 0.084525
v 1.704527 4.710917 0.635800
v 1.728144 4.645295 0.633954
v 1.846706 4.400662 0.879982
v 1.825922 4.458408 0.881606
v 1.825922 4.458408 0.881606
v 1.846706 4.400662 0.879982
v 1.599517 4.151491 0.963247
v 1.595738 4.161990 0.963542
v 1.737857 4.721127 0.571326
v 1.744253 4.643686 0.557588
v 2.000416 4.479304 0.406810
v 1.994787 4.547452 0.418899
v 1.994787 4.547452 0.418899
v 2.000416 4.479304 0.406810
v 1.845859 4.258039 0.109932
v 1.844836 4.270430 0.112130
v 1.723567 4.590941 0.635065
v 1.751645 4.514810 0.634422
v 1.802323 4.240407 0.926144
v 1.777614 4.307403 0.926710
v 1.777614 4.307403 0.926710
v 1.802323 4.240407 0.926144
v 1.536261 4.038451 1.025373
v 1.531769 4.050632 1.025476
v 1.760814 4.598207 0.569981
v 1.765045 4.516068 0.559091
v 1.979768 4.321245 0.432279
v 1.976045 4.393528 0.441863
v 1.976045 4.393528 0.441863
v 1.979768 4.321245 0.432279
v 1.867429 4.082803 0.158565
v 1.866752 4.095945 0.160308
v 1.742092 4.465451 0.633371
v 1.757512 4.387479 0.629614
v 1.792417 4.120425 0.861717
v 1.778848 4.189041 0.865024
v 1.778848 4.189041 0.865024
v 1.792417 4.120425 0.861717
v 1.488093 3.869072 0.970015
v 1.485626 3.881548 0.970616
v 1.777384 4.468777 0.567865
v 1.774105 4.392598 0.555153
v 1.957866 4.122047 0.398269
v 1.960751 4.189085 0.409456
v 1.960751 4.189085 0.409456
v 1.957866 4.122047 0.398269
v 1.860886 3.920277 0.183035
v 1.861410 3.932465 0.185069
v 1.747458 4.334158 0.627382
v 1.758040 4.265042 0.622488
v 1.506830 3.760658 0.818271
v 1.504925 3.773099 0.819152
v 1.781552 4.345764 0.559047
v 1.777103 4.261798 0.551329
v 1.708445 3.901901 0.155536
v 1.709246 3.917015 0.156925
v 1.757356 4.208902 0.616585
v 1.735256 4.137197 0.613177
v 1.486533 3.686960 0.824436
v 1.490511 3.699866 0.825049
v 1.774554 4.214117 0.546361
v 1.772515 4.140260 0.544404
v 1.753887 3.736897 0.111891
v 1.754254 3.750191 0.112243
v 1.739233 4.082699 0.605441
v 1.720548 4.012793 0.596453
v 1.450479 3.750991 0.741393
v 1.453842 3.763574 0.743011
v 1.761774 4.092838 0.533311
v 1.753796 4.010842 0.530110
v 1.713256 3.743101 0.253839
v 1.714692 3.757860 0.254415
v 1.714885 3.957302 0.588439
v 1.693328 3.891715 0.577962
v 1.435453 3.607277 0.651941
v 1.439333 3.619082 0.653826
v 1.741333 3.961688 0.519628
v 1.724031 3.895426 0.508852
v 1.641474 3.699230 0.311623
v 1.644588 3.711158 0.313563
v 1.687217 3.841725 0.567946
v 1.650924 3.766659 0.555102
v 1.518892 3.625554 0.572231
v 1.525425 3.639066 0.574543
v 1.711093 3.843133 0.500596
v 1.685587 3.773254 0.485107
v 1.637535 3.676072 0.373569
v 1.642126 3.688650 0.376357
vn -0.1855 -0.2744 0.9435
vn -0.1807 -0.3473 0.9202
vn -0.1728 -0.4401 0.8811
vn -0.1618 -0.5421 0.8246
vn -0.1475 -0.6465 0.7485
vn -0.1305 -0.7470 0.6519
vn -0.1114 -0.8379 0.5343
vn -0.6395 -0.4286 0.6382
vn -0.3140 0.5275 -0.7894
vn -0.6072 -0.2810 0.7432
vn -0.2090 0.3281 -0.9213
vn -0.2824 -0.0839 0.9556
vn -0.4802 0.4002 -0.7805
vn -0.5592 -0.5671 0.6047
vn -0.4318 0.5998 -0.6736
vn -0.3896 -0.1921 0.9007
vn -0.2112 0.4571 -0.8640
vn -0.8990 -0.4003 0.1780
vn -0.1466 -0.5810 0.8006
vn -0.2736 0.2829 -0.9193
vn 0.4987 0.3219 -0.8048
vn -0.7400 -0.3241 0.5893
vn 0.0727 -0.4710 0.8791
vn -0.6415 0.4752 -0.6022
vn 0.1075 0.5828 -0.8054
vn -0.6560 -0.2516 0.7116
vn 0.3041 -0.4117 0.8591
vn -0.4180 0.4234 -0.8038
vn 0.5872 0.4315 -0.6849
vn -0.8406 -0.3316 0.4282
vn -0.0046 -0.5518 0.8340
vn -0.5232 0.4570 -0.7193
vn 0.5393 0.4921 -0.6833
vn -0.8658 -0.4633 0.1888
vn -0.1929 -0.6926 0.6951
vn -0.4931 0.6519 -0.5761
vn 0.8318 0.3858 -0.3989
vn -0.7820 -0.5402 0.3109
vn 0.3371 -0.6100 0.7171
vn -0.2108 0.3029 -0.9294
vn 0.8175 0.3299 -0.4722
vn -0.8464 -0.5243 0.0928
vn 0.3647 -0.6220 0.6929
vn -0.1597 0.3912 -0.9064
vn 0.7876 0.3517 -0.5060
vn -0.5198 -0.4855 0.7029
vn 0.8222 -0.3364 0.4592
vn -0.3716 0.4222 -0.8268
vn 0.7913 0.4196 -0.4447
vn -0.5045 -0.4005 0.7649
vn 0.4796 -0.4928 0.7260
vn -0.4597 0.5964 -0.6581
vn 0.8566 0.3998 -0.3262
vn -0.4543 -0.5235 0.7208
vn 0.7797 -0.3935 0.4870
vn -0.5521 0.6236 -0.5534
vn 0.7205 0.5463 -0.4272
vn -0.6249 -0.6180 0.4771
vn 0.6767 -0.5116 0.5295
vn -0.5325 0.6335 -0.5613
vn 0.9359 0.3020 -0.1811
vn 0.3716 -0.6573 0.6557
vn 0.4685 0.6390 -0.6100
vn 0.1740 -0.7307 0.6601
vn 0.7851 0.5056 -0.3578
vn 0.4230 -0.6649 0.6157
vn 0.2916 0.8836 -0.3664
vn 0.4050 -0.7948 0.4520
vn 0.7332 0.5774 -0.3591
vn 0.5381 -0.6738 0.5064
vn 0.4255 0.8540 -0.2994
vn -0.1876 -0.2736 0.9434
vn -0.1848 -0.3458 0.9199
vn -0.1783 -0.4385 0.8809
vn -0.1681 -0.5405 0.8244
vn -0.1544 -0.6450 0.7484
vn -0.1374 -0.7459 0.6517
vn -0.1177 -0.8373 0.5339
vn -0.6395 -0.4286 0.6383
vn -0.2089 0.3280 -0.9213
vn -0.5593 -0.5671 0.6047
vn 0.0727 -0.4711 0.8791
vn 0.1074 0.5828 -0.8055
vn -0.8406 -0.3316 0.4283
vn -0.0045 -0.5518 0.8339
vn -0.1929 -0.6925 0.6951
vn 0.8319 0.3858 -0.3989
vn 0.3371 -0.6099 0.7172
vn -0.8464 -0.5243 0.0927
vn 0.3648 -0.6220 0.6928
vn -0.1597 0.3911 -0.9064
vn 0.8222 -0.3363 0.4593
vn 0.7913 0.4196 -0.4448
vn -0.4543 -0.5234 0.7209
vn 0.6768 -0.5115 0.5295
vn -0.5325 0.6335 -0.5614
vn 0.3717 -0.6573 0.6556
vn 0.1741 -0.7307 0.6601
vn 0.7851 0.5057 -0.3577
vn 0.4230 -0.6648 0.6157
vn 0.2915 0.8837 -0.3662
vn 0.4050 -0.7947 0.4520
vn 0.7332 0.5775 -0.3591
vn 0.5380 -0.6738 0.5066
vn 0.4254 0.8541 -0.2992
vn 0.1855 0.2744 -0.9435
vn 0.1807 0.3473 -0.9202
vn 0.1728 0.4401 -0.8811
vn 0.1618 0.5421 -0.8246
vn 0.1475 0.6465 -0.7485
vn 0.1305 0.7470 -0.6519
vn 0.1114 0.8379 -0.5343
vn 0.6395 0.4286 -0.6382
vn 0.3140 -0.5275 0.7894
vn 0.6072 0.2810 -0.7432
vn 0.2090 -0.3281 0.9213
vn 0.2824 0.0839 -0.9556
vn 0.4802 -0.4002 0.7805
vn 0.5592 0.5671 -0.6047
vn 0.4318 -0.5998 0.6736
vn 0.3896 0.1921 -0.9007
vn 0.2112 -0.4571 0.8640
vn 0.8990 0.4003 -0.1780
vn 0.1466 0.5810 -0.8006
vn 0.2736 -0.2829 0.9193
vn -0.4987 -0.3219 0.8048
vn 0.7400 0.3241 -0.5893
vn -0.0727 0.4710 -0.8791
vn 0.6415 -0.4752 0.6022
vn -0.1075 -0.5828 0.8054
vn 0.6560 0.2516 -0.7116
vn -0.3041 0.4117 -0.8591
vn 0.4180 -0.4234 0.8038
vn -0.5872 -0.4315 0.6849
vn 0.8406 0.3316 -0.4282
vn 0.0046 0.5518 -0.8340
vn 0.5232 -0.4570 0.7193
vn -0.5393 -0.4921 0.6833
vn 0.8658 0.4633 -0.1888
vn 0.1929 0.6926 -0.6951
vn 0.4931 -0.6519 0.5761
vn -0.8318 -0.3858 0.3989
vn 0.7820 0.5402 -0.3109
vn -0.3371 0.6100 -0.7171
vn 0.2108 -0.3029 0.9294
vn -0.8175 -0.3299 0.4722
vn 0.8464 0.5243 -0.0928
vn -0.3647 0.6220 -0.6929
vn 0.1597 -0.3912 0.9064
vn -0.7876 -0.3517 0.5060
vn 0.5198 0.4855 -0.7029
vn -0.8222 0.3364 -0.4592
vn 0.3716 -0.4222 0.8268
vn -0.7913 -0.4196 0.4447
vn 0.5045 0.4005 -0.7649
vn -0.4796 0.4928 -0.7260
vn 0.4597 -0.5964 0.6581
vn -0.8566 -0.3998 0.3262
vn 0.4543 0.5235 -0.7208
vn -0.7797 0.3935 -0.4870
vn 0.5521 -0.6236 0.5534
vn -0.7205 -0.5463 0.4272
vn 0.6249 0.6180 -0.4771
vn -0.6767 0.5116 -0.5295
vn 0.5325 -0.6335 0.5613
vn -0.9359 -0.3020 0.1811
vn -0.3716 0.6573 -0.6557
vn -0.4685 -0.6390 0.6100
vn -0.1740 0.7307 -0.6601
vn -0.7851 -0.5056 0.3578
vn -0.4230 0.6649 -0.6157
vn -0.2916 -0.8836 0.3664
vn -0.4050 0.7948 -0.4520
vn -0.7332 -0.5774 0.3591
vn -0.5381 0.6738 -0.5064
vn -0.4255 -0.8540 0.2994
vn 0.1876 0.2736 -0.9434
vn 0.1848 0.3458 -0.9199
vn 0.1783 0.4385 -0.8809
vn 0.1681 0.5405 -0.8244
vn 0.1544 0.6450 -0.7484
vn 0.1374 0.7459 -0.6517
vn 0.1177 0.8373 -0.5339
vn 0.6395 0.4286 -0.6383
vn 0.2089 -0.3280 0.9213
vn 0.5593 0.5671 -0.6047
vn -0.0727 0.4711 -0.8791
vn -0.1074 -0.5828 0.8055
vn 0.8406 0.3316 -0.4283
vn 0.0045 0.5518 -0.8339
vn 0.1929 0.6925 -0.6951
vn -0.8319 -0.3858 0.3989
vn -0.3371 0.6099 -0.7172
vn 0.8464 0.5243 -0.0927
vn -0.3648 0.6220 -0.6928
vn 0.1597 -0.3911 0.9064
vn -0.8222 0.3363 -0.4593
vn -0.7913 -0.4196 0.4448
vn 0.4543 0.5234 -0.7209
vn -0.6768 0.5115 -0.5295
vn 0.5325 -0.6335 0.5614
vn -0.3717 0.6573 -0.6556
vn -0.1741 0.7307 -0.6601
vn -0.7851 -0.5057 0.3577
vn -0.4230 0.6648 -0.6157
vn -0.2915 -0.8837 0.3662
vn -0.4050 0.7947 -0.4520
vn -0.7332 -0.5775 0.3591
vn -0.5380 0.6738 -0.5066
vn -0.4254 -0.8541 0.2992
vn 0.7198 -0.3605 -0.5933
vn 0.6839 -0.4458 -0.5775
vn 0.6275 -0.5524 -0.5487
vn 0.5504 -0.6653 -0.5044
vn 0.4522 -0.7745 -0.4423
vn 0.3339 -0.8706 -0.3614
vn 0.1980 -0.9447 -0.2615
vn 0.9377 -0.2512 -0.2401
vn -0.1033 0.4531 0.8854
vn 0.8221 -0.3955 -0.4096
vn -0.5836 0.4049 0.7039
vn 0.7856 -0.5941 0.1729
vn -0.4712 0.5182 0.7137
vn 0.7883 -0.5909 -0.1714
vn -0.4750 0.4698 0.7441
vn 0.9020 -0.3475 -0.2561
vn -0.5775 0.4087 0.7067
vn 0.9668 -0.2502 0.0527
vn 0.5489 -0.4298 -0.7169
vn -0.1568 0.2210 0.9626
vn -0.8483 0.5003 0.1734
vn 0.6507 -0.6740 0.3496
vn 0.2097 -0.6010 -0.7712
vn 0.1992 0.4111 0.8896
vn -0.5301 0.6768 0.5108
vn 0.8946 -0.4429 -0.0599
vn 0.1732 -0.4464 -0.8779
vn 0.2632 0.4400 0.8586
vn -0.4124 0.7196 0.5587
vn 0.6822 -0.6371 0.3588
vn 0.3307 -0.7159 -0.6149
vn 0.2573 0.5271 0.8099
vn -0.7333 0.6782 0.0475
vn 0.7788 -0.5919 0.2079
vn 0.2416 -0.6334 -0.7351
vn -0.2105 0.5474 0.8100
vn -0.8150 0.5313 -0.2312
vn 0.8217 -0.5694 0.0237
vn 0.1830 -0.5823 -0.7921
vn 0.2639 0.5457 0.7954
vn -0.7604 0.6354 -0.1345
vn 0.7863 -0.5787 -0.2164
vn -0.0343 -0.4557 -0.8895
vn -0.1704 0.5061 0.8455
vn -0.7687 0.6373 -0.0538
vn 0.7226 -0.6756 0.1460
vn -0.1792 -0.4604 -0.8695
vn 0.4309 0.5469 0.7178
vn -0.7739 0.5690 -0.2780
vn 0.5403 -0.6577 0.5249
vn -0.0267 -0.6654 -0.7461
vn 0.1612 0.6481 0.7443
vn -0.7246 0.6157 -0.3097
vn 0.4676 -0.8090 0.3562
vn -0.1995 -0.5993 -0.7752
vn 0.0392 0.6851 0.7274
vn -0.7198 0.5768 -0.3863
vn 0.5936 -0.7559 0.2762
vn -0.4045 -0.2891 -0.8677
vn -0.2240 0.7554 0.6158
vn -0.7007 0.3613 -0.6151
vn 0.1214 -0.6715 -0.7310
vn -0.4136 0.8967 0.1579
vn -0.0686 -0.8218 -0.5657
vn -0.6518 0.7564 -0.0542
vn 0.1037 -0.9225 -0.3718
vn -0.6109 0.7710 -0.1800
vn -0.0685 -0.7365 -0.6729
vn -0.5125 0.8341 -0.2038
vn -0.3014 -0.6601 -0.6880
vn -0.5539 0.7841 -0.2799
vn 0.7207 -0.3602 -0.5923
vn 0.6857 -0.4454 -0.5757
vn 0.6299 -0.5519 -0.5465
vn 0.5530 -0.6650 -0.5020
vn 0.4547 -0.7744 -0.4400
vn 0.3360 -0.8706 -0.3594
vn 0.1994 -0.9447 -0.2602
vn 0.9377 -0.2512 -0.2400
vn -0.1033 0.4531 0.8855
vn -0.5836 0.4049 0.7040
vn -0.5301 0.6767 0.5108
vn 0.1732 -0.4465 -0.8779
vn -0.4123 0.7196 0.5587
vn 0.3307 -0.7160 -0.6148
vn -0.7333 0.6782 0.0476
vn 0.7788 -0.5919 0.2078
vn 0.2416 -0.6333 -0.7352
vn -0.2104 0.5474 0.8100
vn -0.7603 0.6354 -0.1346
vn 0.7863 -0.5786 -0.2164
vn -0.1792 -0.4604 -0.8694
vn -0.0267 -0.6654 -0.7460
vn -0.7245 0.6157 -0.3098
vn 0.4675 -0.8090 0.3562
vn -0.1995 -0.5992 -0.7753
vn -0.7198 0.5767 -0.3864
vn -0.4045 -0.2890 -0.8677
vn -0.7008 0.3614 -0.6151
vn -0.4135 0.8967 0.1580
vn -0.0687 -0.8217 -0.5657
vn -0.0685 -0.7365 -0.6730
vn -0.5126 0.8341 -0.2038
vn -0.3013 -0.6601 -0.6881
vn -0.5538 0.7842 -0.2799
vn -0.7198 0.3605 0.5933
vn -0.6839 0.4458 0.5775
vn -0.6275 0.5524 0.5487
vn -0.5504 0.6653 0.5044
vn -0.4522 0.7745 0.4423
vn -0.3339 0.8706 0.3614
vn -0.1980 0.9447 0.2615
vn -0.9377 0.2512 0.2401
vn 0.1033 -0.4531 -0.8854
vn -0.8221 0.3955 0.4096
vn 0.5836 -0.4049 -0.7039
vn -0.7856 0.5941 -0.1729
vn 0.4712 -0.5182 -0.7137
vn -0.7883 0.5909 0.1714
vn 0.4750 -0.4698 -0.7441
vn -0.9020 0.3475 0.2561
vn 0.5775 -0.4087 -0.7067
vn -0.9668 0.2502 -0.0527
vn -0.5489 0.4298 0.7169
vn 0.1568 -0.2210 -0.9626
vn 0.8483 -0.5003 -0.1734
vn -0.6507 0.6740 -0.3496
vn -0.2097 0.6010 0.7712
vn -0.1992 -0.4111 -0.8896
vn 0.5301 -0.6768 -0.5108
vn -0.8946 0.4429 0.0599
vn -0.1732 0.4464 0.8779
vn -0.2632 -0.4400 -0.8586
vn 0.4124 -0.7196 -0.5587
vn -0.6822 0.6371 -0.3588
vn -0.3307 0.7159 0.6149
vn -0.2573 -0.5271 -0.8099
vn 0.7333 -0.6782 -0.0475
vn -0.7788 0.5919 -0.2079
vn -0.2416 0.6334 0.7351
vn 0.2105 -0.5474 -0.8100
vn 0.8150 -0.5313 0.2312
vn -0.8217 0.5694 -0.0237
vn -0.1830 0.5823 0.7921
vn -0.2639 -0.5457 -0.7954
vn 0.7604 -0.6354 0.1345
vn -0.7863 0.5787 0.2164
vn 0.0343 0.4557 0.8895
vn 0.1704 -0.5061 -0.8455
vn 0.7687 -0.6373 0.0538
vn -0.7226 0.6756 -0.1460
vn 0.1792 0.4604 0.8695
vn -0.4309 -0.5469 -0.7178
vn 0.7739 -0.5690 0.2780
vn -0.5403 0.6577 -0.5249
vn 0.0267 0.6654 0.7461
vn -0.1612 -0.6481 -0.7443
vn 0.7246 -0.6157 0.3097
vn -0.4676 0.8090 -0.3562
vn 0.1995 0.5993 0.7752
vn -0.0392 -0.6851 -0.7274
vn 0.7198 -0.5768 0.3863
vn -0.5936 0.7559 -0.2762
vn 0.4045 0.2891 0.8677
vn 0.2240 -0.7554 -0.6158
vn 0.7007 -0.3613 0.6151
vn -0.1214 0.6715 0.7310
vn 0.4136 -0.8967 -0.1579
vn 0.0686 0.8218 0.5657
vn 0.6518 -0.7564 0.0542
vn -0.1037 0.9225 0.3718
vn 0.6109 -0.7710 0.1800
vn 0.0685 0.7365 0.6729
vn 0.5125 -0.8341 0.2038
vn 0.3014 0.6601 0.6880
vn 0.5539 -0.7841 0.2799
vn -0.7207 0.3602 0.5923
vn -0.6857 0.4454 0.5757
vn -0.6299 0.5519 0.5465
vn -0.5530 0.6650 0.5020
vn -0.4547 0.7744 0.4400
vn -0.3360 0.8706 0.3594
vn -0.1994 0.9447 0.2602
vn -0.9377 0.2512 0.2400
vn 0.1033 -0.4531 -0.8855
vn 0.5836 -0.4049 -0.7040
vn 0.5301 -0.6767 -0.5108
vn -0.1732 0.4465 0.8779
vn 0.4123 -0.7196 -0.5587
vn -0.3307 0.7160 0.6148
vn 0.7333 -0.6782 -0.0476
vn -0.7788 0.5919 -0.2078
vn -0.2416 0.6333 0.7352
vn 0.2104 -0.5474 -0.8100
vn 0.7603 -0.6354 0.1346
vn -0.7863 0.5786 0.2164
vn 0.1792 0.4604 0.8694
vn 0.0267 0.6654 0.7460
vn 0.7245 -0.6157 0.3098
vn -0.4675 0.8090 -0.3562
vn 0.1995 0.5992 0.7753
vn 0.7198 -0.5767 0.3864
vn 0.4045 0.2890 0.8677
vn 0.7008 -0.3614 0.6151
vn 0.4135 -0.8967 -0.1580
vn 0.0687 0.8217 0.5657
vn 0.0685 0.7365 0.6730
vn 0.5126 -0.8341 0.2038
vn 0.3013 0.6601 0.6881
vn 0.5538 -0.7842 0.2799
vn -0.8268 -0.5573 -0.0766
vn -0.7718 -0.6299 -0.0870
vn -0.6883 -0.7182 -0.1026
vn -0.5779 -0.8078 -0.1162
vn -0.4419 -0.8887 -0.1221
vn -0.2830 -0.9522 -0.1148
vn -0.1067 -0.9903 -0.0891
vn -0.3118 -0.5184 -0.7963
vn 0.5635 0.6742 -0.4774
vn -0.8660 -0.3556 -0.3515
vn 0.9031 0.4095 -0.1291
vn -0.8520 -0.4679 -0.2347
vn 0.6519 0.6688 -0.3574
vn -0.8216 -0.4379 -0.3651
vn 0.4010 0.6937 -0.5983
vn -0.6230 -0.5318 -0.5737
vn 0.6716 0.6522 -0.3516
vn -0.5241 -0.5997 -0.6047
vn -0.6522 -0.7239 0.2250
vn 0.3050 0.5543 -0.7744
vn 0.5460 0.8090 -0.2175
vn -0.2370 -0.4493 -0.8614
vn -0.5819 -0.7981 -0.1561
vn 0.4773 0.6949 -0.5378
vn 0.5401 0.7763 0.3251
vn -0.2307 -0.6111 -0.7572
vn -0.5336 -0.8141 0.2291
vn 0.7212 0.5748 -0.3866
vn 0.5349 0.6026 0.5923
vn -0.3328 -0.6676 -0.6660
vn -0.5314 -0.8090 0.2512
vn 0.2442 0.7803 -0.5758
vn 0.3584 0.8775 0.3187
vn -0.5482 -0.5607 -0.6205
vn -0.6061 -0.7271 0.3226
vn 0.6819 0.7001 -0.2117
vn 0.2154 0.4088 0.8868
vn -0.3132 -0.6101 -0.7278
vn -0.5135 -0.8163 0.2644
vn 0.6358 0.6491 -0.4176
vn 0.3769 0.6472 0.6626
vn -0.5244 -0.6837 -0.5076
vn -0.4983 -0.6695 0.5508
vn 0.5733 0.7897 -0.2186
vn 0.1371 0.4216 0.8963
vn -0.1141 -0.6842 -0.7203
vn -0.3992 -0.8199 0.4104
vn 0.2668 0.8080 -0.5253
vn 0.1211 0.5312 0.8385
vn -0.2677 -0.6732 -0.6893
vn -0.3460 -0.5849 0.7336
vn 0.4120 0.7786 -0.4734
vn 0.0995 0.5319 0.8409
vn -0.1934 -0.8132 -0.5489
vn -0.3280 -0.5679 0.7550
vn 0.3156 0.8030 -0.5055
vn 0.0471 0.5112 0.8582
vn -0.1799 -0.8032 -0.5679
vn -0.2822 -0.4201 0.8625
vn 0.5380 0.8154 -0.2137
vn 0.1084 0.5999 0.7927
vn -0.3903 -0.9048 0.1704
vn 0.2551 0.8052 0.5353
vn -0.3117 -0.8987 0.3085
vn 0.0799 0.8904 0.4480
vn -0.2204 -0.9060 0.3615
vn 0.0167 0.8650 0.5015
vn -0.2832 -0.8454 0.4529
vn -0.0907 0.9461 0.3110
vn -0.2094 -0.7698 0.6030
vn -0.0687 0.6825 0.7277
vn -0.8249 -0.5589 -0.0848
vn -0.7679 -0.6323 -0.1024
vn -0.6830 -0.7203 -0.1209
vn -0.5721 -0.8091 -0.1345
vn -0.4364 -0.8891 -0.1379
vn -0.2792 -0.9520 -0.1255
vn -0.1056 -0.9901 -0.0924
vn -0.8661 -0.3556 -0.3515
vn 0.9032 0.4095 -0.1291
vn -0.8520 -0.4679 -0.2348
vn 0.6519 0.6689 -0.3574
vn -0.6229 -0.5318 -0.5737
vn -0.6522 -0.7239 0.2251
vn -0.5819 -0.7982 -0.1561
vn 0.5402 0.7762 0.3251
vn -0.5314 -0.8090 0.2513
vn 0.3585 0.8775 0.3187
vn 0.2154 0.4089 0.8868
vn -0.5135 -0.8164 0.2644
vn 0.6358 0.6491 -0.4177
vn -0.5244 -0.6836 -0.5076
vn -0.3992 -0.8199 0.4103
vn 0.1210 0.5311 0.8386
vn 0.0995 0.5318 0.8410
vn -0.3280 -0.5678 0.7550
vn 0.0471 0.5112 0.8581
vn -0.1799 -0.8032 -0.5680
vn 0.5380 0.8154 -0.2136
vn -0.3903 -0.9048 0.1705
vn 0.2552 0.8052 0.5353
vn -0.3117 -0.8987 0.3086
vn 0.0167 0.8650 0.5014
vn -0.2833 -0.8453 0.4529
vn -0.0907 0.9460 0.3111
vn -0.2094 -0.7697 0.6031
vn -0.0687 0.6825 0.7276
vn 0.8268 0.5573 0.0766
vn 0.7718 0.6299 0.0870
vn 0.6883 0.7182 0.1026
vn 0.5779 0.8078 0.1162
vn 0.4419 0.8887 0.1221
vn 0.2830 0.9522 0.1148
vn 0.1067 0.9903 0.0891
vn 0.3118 0.5184 0.7963
vn -0.5635 -0.6742 0.4774
vn 0.8660 0.3556 0.3515
vn -0.9031 -0.4095 0.1291
vn 0.8520 0.4679 0.2347
vn -0.6519 -0.6688 0.3574
vn 0.8216 0.4379 0.3651
vn -0.4010 -0.6937 0.5983
vn 0.6230 0.5318 0.5737
vn -0.6716 -0.6522 0.3516
vn 0.5241 0.5997 0.6047
vn 0.6522 0.7239 -0.2250
vn -0.3050 -0.5543 0.7744
vn -0.5460 -0.8090 0.2175
vn 0.2370 0.4493 0.8614
vn 0.5819 0.7981 0.1561
vn -0.4773 -0.6949 0.5378
vn -0.5401 -0.7763 -0.3251
vn 0.2307 0.6111 0.7572
vn 0.5336 0.8141 -0.2291
vn -0.7212 -0.5748 0.3866
vn -0.5349 -0.6026 -0.5923
vn 0.3328 0.6676 0.6660
vn 0.5314 0.8090 -0.2512
vn -0.2442 -0.7803 0.5758
vn -0.3584 -0.8775 -0.3187
vn 0.5482 0.5607 0.6205
vn 0.6061 0.7271 -0.3226
vn -0.6819 -0.7001 0.2117
vn -0.2154 -0.4088 -0.8868
vn 0.3132 0.6101 0.7278
vn 0.5135 0.8163 -0.2644
vn -0.6358 -0.6491 0.4176
vn -0.3769 -0.6472 -0.6626
vn 0.5244 0.6837 0.5076
vn 0.4983 0.6695 -0.5508
vn -0.5733 -0.7897 0.2186
vn -0.1371 -0.4216 -0.8963
vn 0.1141 0.6842 0.7203
vn 0.3992 0.8199 -0.4104
vn -0.2668 -0.8080 0.5253
vn -0.1211 -0.5312 -0.8385
vn 0.2677 0.6732 0.6893
vn 0.3460 0.5849 -0.7336
vn -0.4120 -0.7786 0.4734
vn -0.0995 -0.5319 -0.8409
vn 0.1934 0.8132 0.5489
vn 0.3280 0.5679 -0.7550
vn -0.3156 -0.8030 0.5055
vn -0.0471 -0.5112 -0.8582
vn 0.1799 0.8032 0.5679
vn 0.2822 0.4201 -0.8625
vn -0.5380 -0.8154 0.2137
vn -0.1084 -0.5999 -0.7927
vn 0.3903 0.9048 -0.1704
vn -0.2551 -0.8052 -0.5353
vn 0.3117 0.8987 -0.3085
vn -0.0799 -0.8904 -0.4480
vn 0.2204 0.9060 -0.3615
vn -0.0167 -0.8650 -0.5015
vn 0.2832 0.8454 -0.4529
vn 0.0907 -0.9461 -0.3110
vn 0.2094 0.7698 -0.6030
vn 0.0687 -0.6825 -0.7277
vn 0.8249 0.5589 0.0848
vn 0.7679 0.6323 0.1024
vn 0.6830 0.7203 0.1209
vn 0.5721 0.8091 0.1345
vn 0.4364 0.8891 0.1379
vn 0.2792 0.9520 0.1255
vn 0.1056 0.9901 0.0924
vn 0.8661 0.3556 0.3515
vn -0.9032 -0.4095 0.1291
vn 0.8520 0.4679 0.2348
vn -0.6519 -0.6689 0.3574
vn 0.6229 0.5318 0.5737
vn 0.6522 0.7239 -0.2251
vn 0.5819 0.7982 0.1561
vn -0.5402 -0.7762 -0.3251
vn 0.5314 0.8090 -0.2513
vn -0.3585 -0.8775 -0.3187
vn -0.2154 -0.4089 -0.8868
vn 0.5135 0.8164 -0.2644
vn -0.6358 -0.6491 0.4177
vn 0.5244 0.6836 0.5076
vn 0.3992 0.8199 -0.4103
vn -0.1210 -0.5311 -0.8386
vn -0.0995 -0.5318 -0.8410
vn 0.3280 0.5678 -0.7550
vn -0.0471 -0.5112 -0.8581
vn 0.1799 0.8032 0.5680
vn -0.5380 -0.8154 0.2136
vn 0.3903 0.9048 -0.1705
vn -0.2552 -0.8052 -0.5353
vn 0.3117 0.8987 -0.3086
vn -0.0167 -0.8650 -0.5014
vn 0.2833 0.8453 -0.4529
vn 0.0907 -0.9460 -0.3111
vn 0.2094 0.7697 -0.6031
vn 0.0687 -0.6825 -0.7276
vn 0.6260 -0.7261 0.2845
vn 0.5569 -0.7959 0.2373
vn 0.4549 -0.8736 0.1730
vn 0.3232 -0.9413 0.0975
vn 0.1644 -0.9863 0.0160
vn -0.0170 -0.9977 -0.0656
vn -0.2135 -0.9668 -0.1405
vn -0.0572 -0.7706 0.6347
vn -0.7709 0.6312 0.0857
vn 0.1005 -0.7394 0.6657
vn -0.5789 0.7671 0.2765
vn 0.7185 -0.6227 0.3100
vn -0.6155 0.7280 0.3021
vn 0.2833 -0.8398 0.4631
vn -0.5554 0.7881 0.2654
vn 0.1039 -0.7936 0.5995
vn -0.4918 0.8431 0.2173
vn -0.0837 -0.7384 0.6692
vn 0.3910 -0.9200 0.0259
vn -0.6614 0.5550 0.5045
vn -0.5100 0.8584 -0.0559
vn 0.2713 -0.6971 0.6637
vn 0.5791 -0.8152 0.0002
vn -0.3924 0.5393 0.7451
vn -0.1918 0.9337 -0.3023
vn -0.0930 -0.6408 0.7620
vn 0.4807 -0.8431 -0.2412
vn -0.5733 0.7805 0.2492
vn -0.0583 0.7725 -0.6323
vn 0.0433 -0.8244 0.5644
vn 0.5008 -0.7321 -0.4617
vn -0.5739 0.7892 0.2186
vn 0.0957 0.6526 -0.7516
vn 0.0357 -0.7695 0.6376
vn 0.4749 -0.7663 -0.4327
vn -0.3635 0.7358 0.5714
vn 0.0989 0.7779 -0.6205
vn 0.0257 -0.7723 0.6348
vn 0.4278 -0.8278 -0.3629
vn -0.2764 0.7862 0.5527
vn 0.1085 0.8588 -0.5006
vn -0.1584 -0.7425 0.6509
vn 0.3123 -0.8992 -0.3065
vn -0.2341 0.5768 0.7826
vn 0.1578 0.7541 -0.6375
vn -0.0968 -0.8836 0.4581
vn 0.4101 -0.5134 -0.7538
vn -0.2546 0.7824 0.5684
vn 0.2950 0.5189 -0.8023
vn -0.2185 -0.8037 0.5534
vn 0.3495 -0.6376 -0.6865
vn -0.3148 0.8420 0.4382
vn 0.3117 0.5483 -0.7761
vn -0.2871 -0.8121 0.5080
vn 0.3198 -0.6079 -0.7268
vn -0.3616 0.7643 0.5340
vn 0.2529 0.7447 -0.6176
vn -0.3591 -0.8297 0.4273
vn 0.2450 -0.6550 -0.7148
vn -0.3018 0.9419 0.1471
vn 0.2634 0.6346 -0.7266
vn 0.1802 -0.8798 -0.4399
vn 0.2203 0.9564 -0.1918
vn 0.0413 -0.8073 -0.5887
vn 0.2257 0.8841 0.4092
vn 0.0764 -0.8068 -0.5859
vn 0.3109 0.9462 -0.0895
vn 0.1192 -0.7357 -0.6668
vn 0.3866 0.8647 -0.3208
vn -0.0009 -0.7814 -0.6240
vn 0.4013 0.7997 -0.4466
vn 0.6251 -0.7254 0.2882
vn 0.5553 -0.7951 0.2440
vn 0.4531 -0.8730 0.1806
vn 0.3217 -0.9411 0.1042
vn 0.1634 -0.9863 0.0203
vn -0.0171 -0.9977 -0.0651
vn -0.2121 -0.9664 -0.1450
vn -0.0572 -0.7706 0.6348
vn 0.7184 -0.6227 0.3100
vn -0.5554 0.7881 0.2653
vn 0.5792 -0.8152 0.0002
vn -0.1918 0.9338 -0.3020
vn 0.4807 -0.8430 -0.2412
vn -0.5734 0.7805 0.2492
vn 0.0956 0.6526 -0.7516
vn 0.4748 -0.7664 -0.4327
vn 0.0989 0.7779 -0.6206
vn 0.0258 -0.7723 0.6348
vn 0.4279 -0.8278 -0.3630
vn 0.1085 0.8588 -0.5007
vn 0.4102 -0.5134 -0.7538
vn 0.2950 0.5188 -0.8024
vn 0.3494 -0.6377 -0.6865
vn -0.3148 0.8420 0.4381
vn 0.2528 0.7447 -0.6176
vn 0.2202 0.9564 -0.1919
vn 0.0413 -0.8072 -0.5888
vn 0.1191 -0.7357 -0.6668
vn 0.3866 0.8647 -0.3207
vn -0.0008 -0.7814 -0.6240
vn -0.6260 0.7261 -0.2845
vn -0.5569 0.7959 -0.2373
vn -0.4549 0.8736 -0.1730
vn -0.3232 0.9413 -0.0975
vn -0.1644 0.9863 -0.0160
vn 0.0170 0.9977 0.0656
vn 0.2135 0.9668 0.1405
vn 0.0572 0.7706 -0.6347
vn 0.7709 -0.6312 -0.0857
vn -0.1005 0.7394 -0.6657
vn 0.5789 -0.7671 -0.2765
vn -0.7185 0.6227 -0.3100
vn 0.6155 -0.7280 -0.3021
vn -0.2833 0.8398 -0.4631
vn 0.5554 -0.7881 -0.2654
vn -0.1039 0.7936 -0.5995
vn 0.4918 -0.8431 -0.2173
vn 0.0837 0.7384 -0.6692
vn -0.3910 0.9200 -0.0259
vn 0.6614 -0.5550 -0.5045
vn 0.5100 -0.8584 0.0559
vn -0.2713 0.6971 -0.6637
vn -0.5791 0.8152 -0.0002
vn 0.3924 -0.5393 -0.7451
vn 0.1918 -0.9337 0.3023
vn 0.0930 0.6408 -0.7620
vn -0.4807 0.8431 0.2412
vn 0.5733 -0.7805 -0.2492
vn 0.0583 -0.7725 0.6323
vn -0.0433 0.8244 -0.5644
vn -0.5008 0.7321 0.4617
vn 0.5739 -0.7892 -0.2186
vn -0.0957 -0.6526 0.7516
vn -0.0357 0.7695 -0.6376
vn -0.4749 0.7663 0.4327
vn 0.3635 -0.7358 -0.5714
vn -0.0989 -0.7779 0.6205
vn -0.0257 0.7723 -0.6348
vn -0.4278 0.8278 0.3629
vn 0.2764 -0.7862 -0.5527
vn -0.1085 -0.8588 0.5006
vn 0.1584 0.7425 -0.6509
vn -0.3123 0.8992 0.3065
vn 0.2341 -0.5768 -0.7826
vn -0.1578 -0.7541 0.6375
vn 0.0968 0.8836 -0.4581
vn -0.4101 0.5134 0.7538
vn 0.2546 -0.7824 -0.5684
vn -0.2950 -0.5189 0.8023
vn 0.2185 0.8037 -0.5534
vn -0.3495 0.6376 0.6865
vn 0.3148 -0.8420 -0.4382
vn -0.3117 -0.5483 0.7761
vn 0.2871 0.8121 -0.5080
vn -0.3198 0.6079 0.7268
vn 0.3616 -0.7643 -0.5340
vn -0.2529 -0.7447 0.6176
vn 0.3591 0.8297 -0.4273
vn -0.2450 0.6550 0.7148
vn 0.3018 -0.9419 -0.1471
vn -0.2634 -0.6346 0.7266
vn -0.1802 0.8798 0.4399
vn -0.2203 -0.9564 0.1918
vn -0.0413 0.8073 0.5887
vn -0.2257 -0.8841 -0.4092
vn -0.0764 0.8068 0.5859
vn -0.3109 -0.9462 0.0895
vn -0.1192 0.7357 0.6668
vn -0.3866 -0.8647 0.3208
vn 0.0009 0.7814 0.6240
vn -0.4013 -0.7997 0.4466
vn -0.6251 0.7254 -0.2882
vn -0.5553 0.7951 -0.2440
vn -0.4531 0.8730 -0.1806
vn -0.3217 0.9411 -0.1042
vn -0.1634 0.9863 -0.0203
vn 0.0171 0.9977 0.0651
vn 0.2121 0.9664 0.1450
vn 0.0572 0.7706 -0.6348
vn -0.7184 0.6227 -0.3100
vn 0.5554 -0.7881 -0.2653
vn -0.5792 0.8152 -0.0002
vn 0.1918 -0.9338 0.3020
vn -0.4807 0.8430 0.2412
vn 0.5734 -0.7805 -0.2492
vn -0.0956 -0.6526 0.7516
vn -0.4748 0.7664 0.4327
vn -0.0989 -0.7779 0.6206
vn -0.0258 0.7723 -0.6348
vn -0.4279 0.8278 0.3630
vn -0.1085 -0.8588 0.5007
vn -0.4102 0.5134 0.7538
vn -0.2950 -0.5188 0.8024
vn -0.3494 0.6377 0.6865
vn 0.3148 -0.8420 -0.4381
vn -0.2528 -0.7447 0.6176
vn -0.2202 -0.9564 0.1919
vn -0.0413 0.8072 0.5888
vn -0.1191 0.7357 0.6668
vn -0.3866 -0.8647 0.3207
vn 0.0008 0.7814 0.6240
vn -0.0692 -0.6963 -0.7144
vn -0.0775 -0.7765 -0.6253
vn -0.0810 -0.8652 -0.4949
vn -0.0733 -0.9413 -0.3294
vn -0.0484 -0.9896 -0.1351
vn -0.0016 -0.9970 0.0780
vn 0.0694 -0.9526 0.2961
vn 0.5841 -0.6834 -0.4379
vn 0.6051 0.7832 0.1428
vn 0.3602 -0.5252 -0.7710
vn 0.6675 0.5450 0.5073
vn 0.5290 -0.5826 -0.6171
vn 0.5132 0.8072 0.2915
vn 0.4495 -0.8677 -0.2120
vn 0.6944 0.7195 -0.0115
vn 0.0627 -0.7012 -0.7102
vn 0.5917 0.7434 0.3120
vn 0.7123 -0.5327 -0.4571
vn -0.1383 -0.8617 -0.4883
vn 0.7885 0.6110 -0.0701
vn 0.1222 0.9604 0.2505
vn 0.6761 -0.6539 -0.3396
vn -0.2786 -0.8921 -0.3557
vn 0.6746 0.5449 0.4980
vn -0.0529 0.8169 0.5744
vn 0.7361 -0.6302 -0.2469
vn -0.1891 -0.9364 -0.2955
vn 0.5915 0.6677 0.4519
vn -0.1508 0.8456 0.5121
vn 0.4853 -0.8004 -0.3518
vn -0.7102 -0.6891 -0.1443
vn 0.7564 0.6418 -0.1260
vn -0.1085 0.9758 0.1896
vn 0.4679 -0.8290 -0.3063
vn -0.6347 -0.7623 -0.1267
vn 0.5535 0.7735 0.3088
vn -0.4287 0.8283 0.3607
vn 0.7273 -0.6858 -0.0262
vn -0.2894 -0.9561 -0.0459
vn 0.7058 0.7043 0.0763
vn -0.5910 0.7660 0.2530
vn 0.4236 -0.7950 -0.4341
vn -0.6705 -0.7387 -0.0693
vn 0.7469 0.6614 -0.0682
vn -0.4330 0.8809 0.1911
vn 0.5561 -0.8306 -0.0303
vn -0.6170 -0.7828 0.0810
vn 0.7139 0.6877 -0.1317
vn -0.6183 0.7668 0.1726
vn 0.5384 -0.8230 -0.1813
vn -0.6793 -0.7288 0.0861
vn 0.5278 0.8410 -0.1190
vn -0.6657 0.7338 0.1351
vn 0.6707 -0.7408 -0.0366
vn -0.7874 -0.5946 0.1625
vn 0.4178 0.9046 0.0847
vn -0.8309 0.5328 0.1607
vn 0.1865 -0.9672 -0.1726
vn -0.8991 -0.3853 0.2078
vn 0.6035 0.6837 -0.4104
vn -0.6030 0.7978 -0.0049
vn -0.1693 -0.9613 0.2174
vn -0.3847 0.9216 0.0521
vn -0.2561 -0.9071 0.3340
vn -0.4996 0.8635 0.0694
vn -0.3182 -0.8943 0.3145
vn -0.6671 0.7437 0.0424
vn -0.3438 -0.8151 0.4664
vn -0.4027 0.8843 -0.2362
vn -0.4887 -0.6980 0.5235
vn -0.7123 0.6996 -0.0564
vn -0.0626 -0.6951 -0.7162
vn -0.0661 -0.7749 -0.6286
vn -0.0693 -0.8641 -0.4986
vn -0.0648 -0.9409 -0.3323
vn -0.0461 -0.9896 -0.1360
vn -0.0081 -0.9967 0.0804
vn 0.0517 -0.9519 0.3020
vn 0.6051 0.7832 0.1429
vn 0.6675 0.5450 0.5074
vn 0.5290 -0.5826 -0.6170
vn 0.5132 0.8072 0.2917
vn 0.4495 -0.8678 -0.2119
vn 0.1223 0.9604 0.2505
vn -0.1891 -0.9364 -0.2956
vn 0.5915 0.6678 0.4519
vn -0.7102 -0.6890 -0.1443
vn -0.1085 0.9758 0.1899
vn 0.5535 0.7734 0.3089
vn -0.4287 0.8283 0.3606
vn -0.2893 -0.9561 -0.0459
vn -0.5909 0.7660 0.2530
vn -0.6705 -0.7386 -0.0694
vn -0.4329 0.8810 0.1910
vn 0.5561 -0.8305 -0.0302
vn -0.6183 0.7667 0.1726
vn -0.6658 0.7338 0.1352
vn -0.8309 0.5327 0.1607
vn 0.6035 0.6836 -0.4104
vn -0.6030 0.7977 -0.0050
vn -0.3847 0.9216 0.0522
vn -0.4996 0.8635 0.0695
vn -0.3182 -0.8943 0.3146
vn -0.3437 -0.8151 0.4664
vn -0.4028 0.8843 -0.2361
vn -0.4886 -0.6980 0.5235
vn -0.7123 0.6997 -0.0564
vn 0.0692 0.6963 0.7144
vn 0.0775 0.7765 0.6253
vn 0.0810 0.8652 0.4949
vn 0.0733 0.9413 0.3294
vn 0.0484 0.9896 0.1351
vn 0.0016 0.9970 -0.0780
vn -0.0694 0.9526 -0.2961
vn -0.5841 0.6834 0.4379
vn -0.6051 -0.7832 -0.1428
vn -0.3602 0.5252 0.7710
vn -0.6675 -0.5450 -0.5073
vn -0.5290 0.5826 0.6171
vn -0.5132 -0.8072 -0.2915
vn -0.4495 0.8677 0.2120
vn -0.6944 -0.7195 0.0115
vn -0.0627 0.7012 0.7102
vn -0.5917 -0.7434 -0.3120
vn -0.7123 0.5327 0.4571
vn 0.1383 0.8617 0.4883
vn -0.7885 -0.6110 0.0701
vn -0.1222 -0.9604 -0.2505
vn -0.6761 0.6539 0.3396
vn 0.2786 0.8921 0.3557
vn -0.6746 -0.5449 -0.4980
vn 0.0529 -0.8169 -0.5744
vn -0.7361 0.6302 0.2469
vn 0.1891 0.9364 0.2955
vn -0.5915 -0.6677 -0.4519
vn 0.1508 -0.8456 -0.5121
vn -0.4853 0.8004 0.3518
vn 0.7102 0.6891 0.1443
vn -0.7564 -0.6418 0.1260
vn 0.1085 -0.9758 -0.1896
vn -0.4679 0.8290 0.3063
vn 0.6347 0.7623 0.1267
vn -0.5535 -0.7735 -0.3088
vn 0.4287 -0.8283 -0.3607
vn -0.7273 0.6858 0.0262
vn 0.2894 0.9561 0.0459
vn -0.7058 -0.7043 -0.0763
vn 0.5910 -0.7660 -0.2530
vn -0.4236 0.7950 0.4341
vn 0.6705 0.7387 0.0693
vn -0.7469 -0.6614 0.0682
vn 0.4330 -0.8809 -0.1911
vn -0.5561 0.8306 0.0303
vn 0.6170 0.7828 -0.0810
vn -0.7139 -0.6877 0.1317
vn 0.6183 -0.7668 -0.1726
vn -0.5384 0.8230 0.1813
vn 0.6793 0.7288 -0.0861
vn -0.5278 -0.8410 0.1190
vn 0.6657 -0.7338 -0.1351
vn -0.6707 0.7408 0.0366
vn 0.7874 0.5946 -0.1625
vn -0.4178 -0.9046 -0.0847
vn 0.8309 -0.5328 -0.1607
vn -0.1865 0.9672 0.1726
vn 0.8991 0.3853 -0.2078
vn -0.6035 -0.6837 0.4104
vn 0.6030 -0.7978 0.0049
vn 0.1693 0.9613 -0.2174
vn 0.3847 -0.9216 -0.0521
vn 0.2561 0.9071 -0.3340
vn 0.4996 -0.8635 -0.0694
vn 0.3182 0.8943 -0.3145
vn 0.6671 -0.7437 -0.0424
vn 0.3438 0.8151 -0.4664
vn 0.4027 -0.8843 0.2362
vn 0.4887 0.6980 -0.5235
vn 0.7123 -0.6996 0.0564
vn 0.0626 0.6951 0.7162
vn 0.0661 0.7749 0.6286
vn 0.0693 0.8641 0.4986
vn 0.0648 0.9409 0.3323
vn 0.0461 0.9896 0.1360
vn 0.0081 0.9967 -0.0804
vn -0.0517 0.9519 -0.3020
vn -0.6051 -0.7832 -0.1429
vn -0.6675 -0.5450 -0.5074
vn -0.5290 0.5826 0.6170
vn -0.5132 -0.8072 -0.2917
vn -0.4495 0.8678 0.2119
vn -0.1223 -0.9604 -0.2505
vn 0.1891 0.9364 0.2956
vn -0.5915 -0.6678 -0.4519
vn 0.7102 0.6890 0.1443
vn 0.1085 -0.9758 -0.1899
vn -0.5535 -0.7734 -0.3089
vn 0.4287 -0.8283 -0.3606
vn 0.2893 0.9561 0.0459
vn 0.5909 -0.7660 -0.2530
vn 0.6705 0.7386 0.0694
vn 0.4329 -0.8810 -0.1910
vn -0.5561 0.8305 0.0302
vn 0.6183 -0.7667 -0.1726
vn 0.6658 -0.7338 -0.1352
vn 0.8309 -0.5327 -0.1607
vn -0.6035 -0.6836 0.4104
vn 0.6030 -0.7977 0.0050
vn 0.3847 -0.9216 -0.0522
vn 0.4996 -0.8635 -0.0695
vn 0.3182 0.8943 -0.3146
vn 0.3437 0.8151 -0.4664
vn 0.4028 -0.8843 0.2361
vn 0.4886 0.6980 -0.5235
vn 0.7123 -0.6997 0.0564
vn -0.3932 -0.7949 0.4621
vn -0.3387 -0.8595 0.3828
vn -0.2616 -0.9268 0.2693
vn -0.1675 -0.9775 0.1280
vn -0.0612 -0.9975 -0.0359
vn 0.0511 -0.9752 -0.2152
vn 0.1616 -0.9023 -0.3996
vn -0.7070 -0.6719 0.2208
vn -0.3993 0.7728 -0.4932
vn -0.8403 -0.5060 0.1948
vn -0.3317 0.6577 -0.6764
vn -0.7015 -0.6991 0.1382
vn -0.2981 0.9113 -0.2840
vn -0.4336 -0.8405 0.3249
vn -0.1612 0.9566 -0.2426
vn -0.4354 -0.8693 -0.2340
vn 0.1728 0.9152 -0.3642
vn -0.7454 -0.5744 -0.3383
vn -0.1305 -0.9576 0.2569
vn -0.4584 0.7056 -0.5404
vn 0.1480 0.9526 -0.2659
vn -0.7270 -0.6832 -0.0683
vn 0.1972 -0.8515 0.4859
vn -0.5643 0.6551 -0.5024
vn 0.1139 0.9717 -0.2069
vn -0.6936 -0.5697 -0.4409
vn -0.0438 -0.9843 0.1709
vn -0.3897 0.8531 -0.3469
vn 0.6941 0.6587 0.2906
vn -0.6542 -0.7366 -0.1713
vn 0.4298 -0.7725 0.4674
vn -0.3673 0.7600 -0.5362
vn 0.4728 0.8798 0.0494
vn -0.5678 -0.5793 -0.5849
vn 0.1680 -0.9787 0.1184
vn -0.3200 0.7654 -0.5584
vn 0.6220 0.7461 0.2377
vn -0.5992 -0.7990 -0.0505
vn 0.3363 -0.8527 0.3998
vn -0.3431 0.8437 -0.4128
vn 0.6576 0.6726 0.3394
vn -0.5492 -0.6620 -0.5100
vn 0.4203 -0.8722 0.2503
vn -0.2055 0.8754 -0.4375
vn 0.6200 0.7267 0.2959
vn -0.4798 -0.7172 -0.5054
vn 0.3719 -0.9192 0.1290
vn -0.4052 0.9026 -0.1455
vn 0.4721 0.7979 0.3748
vn -0.4908 -0.8355 -0.2472
vn 0.6545 -0.6603 0.3682
vn -0.5912 0.7698 -0.2404
vn 0.4615 0.7938 0.3961
vn -0.3897 -0.8393 -0.3791
vn 0.7783 -0.4665 0.4202
vn -0.1293 0.9606 -0.2459
vn 0.6925 0.5418 0.4764
vn -0.3273 -0.7084 -0.6254
vn 0.6927 -0.6847 0.2267
vn -0.3085 0.9390 -0.1518
vn 0.7233 0.3943 0.5668
vn 0.1280 -0.9559 -0.2644
vn 0.0405 0.8896 0.4549
vn 0.5194 -0.8545 0.0018
vn 0.1412 0.9039 0.4038
vn 0.5705 -0.8085 -0.1448
vn -0.0283 0.8493 0.5271
vn 0.6562 -0.7530 0.0494
vn -0.1132 0.8283 0.5488
vn 0.7075 -0.7047 -0.0533
vn 0.4096 0.7047 0.5794
vn -0.3954 -0.7943 0.4612
vn -0.3425 -0.8587 0.3813
vn -0.2655 -0.9262 0.2678
vn -0.1703 -0.9772 0.1269
vn -0.0618 -0.9974 -0.0362
vn 0.0536 -0.9754 -0.2141
vn 0.1678 -0.9026 -0.3964
vn -0.3993 0.7728 -0.4933
vn -0.8402 -0.5060 0.1948
vn -0.3317 0.6577 -0.6763
vn -0.7015 -0.6992 0.1382
vn -0.2981 0.9113 -0.2839
vn -0.4336 -0.8405 0.3248
vn -0.1611 0.9566 -0.2426
vn -0.4354 -0.8693 -0.2339
vn 0.1728 0.9152 -0.3641
vn -0.1305 -0.9576 0.2570
vn 0.1480 0.9525 -0.2660
vn 0.1972 -0.8514 0.4860
vn 0.1140 0.9717 -0.2069
vn -0.6936 -0.5697 -0.4408
vn 0.6941 0.6586 0.2906
vn 0.1680 -0.9787 0.1181
vn 0.3363 -0.8527 0.3999
vn 0.6577 0.6725 0.3393
vn 0.4203 -0.8722 0.2502
vn 0.3719 -0.9193 0.1290
vn 0.4722 0.7979 0.3748
vn -0.4908 -0.8355 -0.2471
vn -0.5912 0.7699 -0.2403
vn 0.0404 0.8896 0.4549
vn 0.5194 -0.8545 0.0017
vn 0.5705 -0.8085 -0.1447
vn -0.0284 0.8493 0.5271
vn 0.6562 -0.7530 0.0492
vn -0.1132 0.8282 0.5488
vn 0.7075 -0.7047 -0.0534
vn 0.3932 0.7949 -0.4621
vn 0.3387 0.8595 -0.3828
vn 0.2616 0.9268 -0.2693
vn 0.1675 0.9775 -0.1280
vn 0.0612 0.9975 0.0359
vn -0.0511 0.9752 0.2152
vn -0.1616 0.9023 0.3996
vn 0.7070 0.6719 -0.2208
vn 0.3993 -0.7728 0.4932
vn 0.8403 0.5060 -0.1948
vn 0.3317 -0.6577 0.6764
vn 0.7015 0.6991 -0.1382
vn 0.2981 -0.9113 0.2840
vn 0.4336 0.8405 -0.3249
vn 0.1612 -0.9566 0.2426
vn 0.4354 0.8693 0.2340
vn -0.1728 -0.9152 0.3642
vn 0.7454 0.5744 0.3383
vn 0.1305 0.9576 -0.2569
vn 0.4584 -0.7056 0.5404
vn -0.1480 -0.9526 0.2659
vn 0.7270 0.6832 0.0683
vn -0.1972 0.8515 -0.4859
vn 0.5643 -0.6551 0.5024
vn -0.1139 -0.9717 0.2069
vn 0.6936 0.5697 0.4409
vn 0.0438 0.9843 -0.1709
vn 0.3897 -0.8531 0.3469
vn -0.6941 -0.6587 -0.2906
vn 0.6542 0.7366 0.1713
vn -0.4298 0.7725 -0.4674
vn 0.3673 -0.7600 0.5362
vn -0.4728 -0.8798 -0.0494
vn 0.5678 0.5793 0.5849
vn -0.1680 0.9787 -0.1184
vn 0.3200 -0.7654 0.5584
vn -0.6220 -0.7461 -0.2377
vn 0.5992 0.7990 0.0505
vn -0.3363 0.8527 -0.3998
vn 0.3431 -0.8437 0.4128
vn -0.6576 -0.6726 -0.3394
vn 0.5492 0.6620 0.5100
vn -0.4203 0.8722 -0.2503
vn 0.2055 -0.8754 0.4375
vn -0.6200 -0.7267 -0.2959
vn 0.4798 0.7172 0.5054
vn -0.3719 0.9192 -0.1290
vn 0.4052 -0.9026 0.1455
vn -0.4721 -0.7979 -0.3748
vn 0.4908 0.8355 0.2472
vn -0.6545 0.6603 -0.3682
vn 0.5912 -0.7698 0.2404
vn -0.4615 -0.7938 -0.3961
vn 0.3897 0.8393 0.3791
vn -0.7783 0.4665 -0.4202
vn 0.1293 -0.9606 0.2459
vn -0.6925 -0.5418 -0.4764
vn 0.3273 0.7084 0.6254
vn -0.6927 0.6847 -0.2267
vn 0.3085 -0.9390 0.1518
vn -0.7233 -0.3943 -0.5668
vn -0.1280 0.9559 0.2644
vn -0.0405 -0.8896 -0.4549
vn -0.5194 0.8545 -0.0018
vn -0.1412 -0.9039 -0.4038
vn -0.5705 0.8085 0.1448
vn 0.0283 -0.8493 -0.5271
vn -0.6562 0.7530 -0.0494
vn 0.1132 -0.8283 -0.5488
vn -0.7075 0.7047 0.0533
vn -0.4096 -0.7047 -0.5794
vn 0.3954 0.7943 -0.4612
vn 0.3425 0.8587 -0.3813
vn 0.2655 0.9262 -0.2678
vn 0.1703 0.9772 -0.1269
vn 0.0618 0.9974 0.0362
vn -0.0536 0.9754 0.2141
vn -0.1678 0.9026 0.3964
vn 0.3993 -0.7728 0.4933
vn 0.8402 0.5060 -0.1948
vn 0.3317 -0.6577 0.6763
vn 0.7015 0.6992 -0.1382
vn 0.2981 -0.9113 0.2839
vn 0.4336 0.8405 -0.3248
vn 0.1611 -0.9566 0.2426
vn 0.4354 0.8693 0.2339
vn -0.1728 -0.9152 0.3641
vn 0.1305 0.9576 -0.2570
vn -0.1480 -0.9525 0.2660
vn -0.1972 0.8514 -0.4860
vn -0.1140 -0.9717 0.2069
vn 0.6936 0.5697 0.4408
vn -0.6941 -0.6586 -0.2906
vn -0.1680 0.9787 -0.1181
vn -0.3363 0.8527 -0.3999
vn -0.6577 -0.6725 -0.3393
vn -0.4203 0.8722 -0.2502
vn -0.3719 0.9193 -0.1290
vn -0.4722 -0.7979 -0.3748
vn 0.4908 0.8355 0.2471
vn 0.5912 -0.7699 0.2403
vn -0.0404 -0.8896 -0.4549
vn -0.5194 0.8545 -0.0017
vn -0.5705 0.8085 0.1447
vn 0.0284 -0.8493 -0.5271
vn -0.6562 0.7530 -0.0492
vn 0.1132 -0.8282 -0.5488
vn -0.7075 0.7047 0.0534
vn 0.2280 -0.9677 -0.1077
vn 0.0939 -0.9911 -0.0940
vn -0.0841 -0.9943 -0.0650
vn -0.2843 -0.9586 -0.0164
vn -0.4877 -0.8713 0.0543
vn -0.6727 -0.7255 0.1457
vn -0.8161 -0.5206 0.2507
vn 0.1280 -0.8656 0.4841
vn -0.0503 0.7210 0.6911
vn 0.1010 -0.8912 0.4422
vn -0.3092 0.9068 0.2864
vn 0.1302 -0.9915 0.0077
vn 0.1103 0.9454 0.3067
vn 0.0705 -0.9721 0.2235
vn 0.0793 0.9238 0.3746
vn -0.0405 -0.9930 0.1111
vn -0.0969 0.9143 0.3932
vn 0.1484 -0.8396 0.5225
vn -0.1447 -0.8831 -0.4464
vn 0.0559 0.6769 0.7339
vn 0.0237 0.9774 -0.2103
vn 0.0140 -0.7612 0.6483
vn -0.2405 -0.9214 -0.3052
vn 0.0692 0.8691 0.4898
vn 0.0021 0.9452 -0.3265
vn -0.0127 -0.7461 0.6657
vn -0.2459 -0.9683 -0.0442
vn 0.3983 0.5061 0.7650
vn 0.3422 0.9353 0.0900
vn 0.0223 -0.9391 0.3430
vn -0.3139 -0.6320 -0.7086
vn 0.2922 0.7168 0.6331
vn 0.1556 0.8729 -0.4625
vn -0.3403 -0.7157 0.6099
vn -0.5223 -0.7742 -0.3575
vn 0.4105 0.7351 0.5396
vn 0.2072 0.8355 -0.5088
vn -0.3766 -0.6187 0.6895
vn -0.5802 -0.7262 -0.3689
vn 0.6379 0.5152 0.5724
vn 0.2952 0.7591 -0.5802
vn -0.3837 -0.5051 0.7731
vn -0.6519 -0.7371 -0.1779
vn 0.6910 0.5249 0.4969
vn 0.4366 0.7632 -0.4764
vn -0.3489 -0.7376 0.5781
vn -0.5146 -0.4317 -0.7408
vn 0.5324 0.7274 0.4329
vn 0.2198 0.6814 -0.6981
vn -0.3020 -0.2784 0.9117
vn -0.5825 -0.5467 -0.6015
vn 0.6026 0.7296 0.3233
vn 0.0898 0.4895 -0.8674
vn -0.3883 -0.6984 0.6013
vn -0.5519 -0.3226 -0.7689
vn 0.6994 0.6117 0.3698
vn 0.2474 0.5742 -0.7804
vn -0.4664 -0.7776 0.4217
vn -0.5504 -0.2651 -0.7917
vn 0.6034 0.7200 0.3427
vn 0.1682 0.4912 -0.8546
vn -0.6597 -0.6307 -0.4087
vn 0.4980 0.6990 -0.5132
vn -0.7782 -0.5414 -0.3182
vn 0.6021 0.6343 -0.4849
vn -0.8968 -0.3926 -0.2042
vn 0.3681 0.5856 -0.7223
vn -0.8671 -0.3933 -0.3056
vn 0.7490 0.4004 -0.5278
vn -0.9467 -0.3221 0.0107
vn 0.3523 0.4125 -0.8401
vn 0.2291 -0.9677 -0.1052
vn 0.0949 -0.9913 -0.0914
vn -0.0846 -0.9942 -0.0662
vn -0.2877 -0.9574 -0.0244
vn -0.4947 -0.8682 0.0373
vn -0.6836 -0.7202 0.1182
vn -0.8306 -0.5148 0.2125
vn -0.3093 0.9068 0.2864
vn 0.0706 -0.9722 0.2234
vn -0.0405 -0.9930 0.1110
vn -0.2405 -0.9214 -0.3051
vn -0.0127 -0.7462 0.6657
vn 0.3421 0.9353 0.0899
vn 0.0224 -0.9391 0.3430
vn -0.5223 -0.7742 -0.3574
vn 0.2072 0.8356 -0.5089
vn -0.3766 -0.6187 0.6894
vn -0.5802 -0.7261 -0.3689
vn -0.6519 -0.7372 -0.1779
vn 0.4365 0.7632 -0.4764
vn 0.2199 0.6814 -0.6981
vn 0.6026 0.7296 0.3234
vn -0.5504 -0.2652 -0.7917
vn 0.6034 0.7201 0.3427
vn -0.6597 -0.6307 -0.4088
vn -0.7783 -0.5414 -0.3182
vn -0.8968 -0.3926 -0.2041
vn 0.3680 0.5856 -0.7223
vn 0.7490 0.4005 -0.5279
vn -0.9467 -0.3220 0.0108
vn -0.2280 0.9677 0.1077
vn -0.0939 0.9911 0.0940
vn 0.0841 0.9943 0.0650
vn 0.2843 0.9586 0.0164
vn 0.4877 0.8713 -0.0543
vn 0.6727 0.7255 -0.1457
vn 0.8161 0.5206 -0.2507
vn -0.1280 0.8656 -0.4841
vn 0.0503 -0.7210 -0.6911
vn -0.1010 0.8912 -0.4422
vn 0.3092 -0.9068 -0.2864
vn -0.1302 0.9915 -0.0077
vn -0.1103 -0.9454 -0.3067
vn -0.0705 0.9721 -0.2235
vn -0.0793 -0.9238 -0.3746
vn 0.0405 0.9930 -0.1111
vn 0.0969 -0.9143 -0.3932
vn -0.1484 0.8396 -0.5225
vn 0.1447 0.8831 0.4464
vn -0.0559 -0.6769 -0.7339
vn -0.0237 -0.9774 0.2103
vn -0.0140 0.7612 -0.6483
vn 0.2405 0.9214 0.3052
vn -0.0692 -0.8691 -0.4898
vn -0.0021 -0.9452 0.3265
vn 0.0127 0.7461 -0.6657
vn 0.2459 0.9683 0.0442
vn -0.3983 -0.5061 -0.7650
vn -0.3422 -0.9353 -0.0900
vn -0.0223 0.9391 -0.3430
vn 0.3139 0.6320 0.7086
vn -0.2922 -0.7168 -0.6331
vn -0.1556 -0.8729 0.4625
vn 0.3403 0.7157 -0.6099
vn 0.5223 0.7742 0.3575
vn -0.4105 -0.7351 -0.5396
vn -0.2072 -0.8355 0.5088
vn 0.3766 0.6187 -0.6895
vn 0.5802 0.7262 0.3689
vn -0.6379 -0.5152 -0.5724
vn -0.2952 -0.7591 0.5802
vn 0.3837 0.5051 -0.7731
vn 0.6519 0.7371 0.1779
vn -0.6910 -0.5249 -0.4969
vn -0.4366 -0.7632 0.4764
vn 0.3489 0.7376 -0.5781
vn 0.5146 0.4317 0.7408
vn -0.5324 -0.7274 -0.4329
vn -0.2198 -0.6814 0.6981
vn 0.3020 0.2784 -0.9117
vn 0.5825 0.5467 0.6015
vn -0.6026 -0.7296 -0.3233
vn -0.0898 -0.4895 0.8674
vn 0.3883 0.6984 -0.6013
vn 0.5519 0.3226 0.7689
vn -0.6994 -0.6117 -0.3698
vn -0.2474 -0.5742 0.7804
vn 0.4664 0.7776 -0.4217
vn 0.5504 0.2651 0.7917
vn -0.6034 -0.7200 -0.3427
vn -0.1682 -0.4912 0.8546
vn 0.6597 0.6307 0.4087
vn -0.4980 -0.6990 0.5132
vn 0.7782 0.5414 0.3182
vn -0.6021 -0.6343 0.4849
vn 0.8968 0.3926 0.2042
vn -0.3681 -0.5856 0.7223
vn 0.8671 0.3933 0.3056
vn -0.7490 -0.4004 0.5278
vn 0.9467 0.3221 -0.0107
vn -0.3523 -0.4125 0.8401
vn -0.2291 0.9677 0.1052
vn -0.0949 0.9913 0.0914
vn 0.0846 0.9942 0.0662
vn 0.2877 0.9574 0.0244
vn 0.4947 0.8682 -0.0373
vn 0.6836 0.7202 -0.1182
vn 0.8306 0.5148 -0.2125
vn 0.3093 -0.9068 -0.2864
vn -0.0706 0.9722 -0.2234
vn 0.0405 0.9930 -0.1110
vn 0.2405 0.9214 0.3051
vn 0.0127 0.7462 -0.6657
vn -0.3421 -0.9353 -0.0899
vn -0.0224 0.9391 -0.3430
vn 0.5223 0.7742 0.3574
vn -0.2072 -0.8356 0.5089
vn 0.3766 0.6187 -0.6894
vn 0.5802 0.7261 0.3689
vn 0.6519 0.7372 0.1779
vn -0.4365 -0.7632 0.4764
vn -0.2199 -0.6814 0.6981
vn -0.6026 -0.7296 -0.3234
vn 0.5504 0.2652 0.7917
vn -0.6034 -0.7201 -0.3427
vn 0.6597 0.6307 0.4088
vn 0.7783 0.5414 0.3182
vn 0.8968 0.3926 0.2041
vn -0.3680 -0.5856 0.7223
vn -0.7490 -0.4005 0.5279
vn 0.9467 0.3220 -0.0108
vn -0.3111 -0.9193 -0.2409
vn -0.2034 -0.9630 -0.1766
vn -0.0563 -0.9947 -0.0860
vn 0.1148 -0.9931 0.0248
vn 0.2964 -0.9432 0.1500
vn 0.4727 -0.8352 0.2810
vn 0.6259 -0.6656 0.4065
vn -0.1682 -0.7198 -0.6735
vn 0.4512 0.8348 -0.3156
vn 0.2692 -0.6893 -0.6726
vn 0.6608 0.7488 -0.0521
vn -0.0372 -0.7843 -0.6192
vn 0.3924 0.8965 -0.2056
vn 0.0308 -0.8642 -0.5021
vn 0.3173 0.9466 -0.0575
vn 0.0925 -0.8351 -0.5423
vn 0.2976 0.9547 -0.0001
vn 0.3453 -0.7172 -0.6053
vn -0.1119 -0.9891 0.0957
vn 0.3980 0.8846 -0.2430
vn -0.0642 0.9252 0.3740
vn 0.5484 -0.6773 -0.4905
vn 0.0596 -0.9850 0.1618
vn 0.2461 0.7827 -0.5717
vn -0.1262 0.9913 0.0371
vn 0.1396 -0.7321 -0.6667
vn -0.2486 -0.9191 0.3057
vn 0.4361 0.7369 -0.5166
vn -0.1749 0.9518 0.2520
vn 0.3057 -0.8713 -0.3840
vn -0.2351 -0.8356 0.4965
vn 0.1292 0.7580 -0.6394
vn -0.3248 0.9414 0.0909
vn 0.2143 -0.8055 -0.5525
vn -0.1030 -0.9772 0.1856
vn 0.1521 0.8698 -0.4695
vn -0.4469 0.7930 0.4142
vn 0.2942 -0.8915 -0.3446
vn -0.1483 -0.8785 0.4540
vn 0.1739 0.7227 -0.6689
vn -0.4464 0.8659 0.2257
vn 0.7153 -0.5436 -0.4391
vn 0.1633 -0.8957 0.4135
vn 0.1231 0.7391 -0.6623
vn -0.6125 0.5202 0.5952
vn 0.2494 -0.9363 -0.2473
vn -0.2634 -0.6686 0.6955
vn -0.0729 0.6600 -0.7478
vn -0.6435 0.4504 0.6189
vn 0.5110 -0.8399 -0.1826
vn -0.2905 -0.5044 0.8131
vn 0.0412 0.8519 -0.5220
vn -0.6250 0.6713 0.3985
vn 0.7883 -0.4731 -0.3934
vn -0.1745 -0.5924 0.7865
vn -0.0765 0.7790 -0.6224
vn -0.6938 0.3545 0.6268
vn 0.8029 -0.5272 -0.2784
vn -0.2345 -0.4890 0.8402
vn -0.1087 0.4998 -0.8593
vn -0.7237 0.4176 0.5494
vn 0.6114 -0.6626 0.4326
vn -0.6212 0.7643 -0.1729
vn 0.3094 -0.6553 0.6891
vn -0.6066 0.7661 -0.2123
vn 0.1473 -0.6171 0.7730
vn -0.7929 0.5783 -0.1920
vn 0.2397 -0.6482 0.7227
vn -0.8188 0.5432 0.1856
vn 0.0068 -0.4980 0.8671
vn -0.8638 0.4882 -0.1243
vn -0.3104 -0.9194 -0.2416
vn -0.2025 -0.9631 -0.1775
vn -0.0561 -0.9947 -0.0861
vn 0.1135 -0.9932 0.0262
vn 0.2932 -0.9437 0.1535
vn 0.4673 -0.8361 0.2872
vn 0.6186 -0.6667 0.4158
vn 0.2693 -0.6893 -0.6726
vn 0.0924 -0.8351 -0.5423
vn 0.3980 0.8846 -0.2431
vn -0.1262 0.9913 0.0370
vn -0.1749 0.9518 0.2521
vn -0.2351 -0.8356 0.4964
vn -0.3248 0.9414 0.0908
vn -0.4468 0.7930 0.4142
vn 0.2943 -0.8915 -0.3446
vn -0.1483 -0.8786 0.4540
vn 0.1632 -0.8958 0.4135
vn -0.6124 0.5202 0.5952
vn -0.2634 -0.6686 0.6954
vn -0.0729 0.6599 -0.7478
vn -0.6249 0.6713 0.3986
vn -0.1746 -0.5924 0.7865
vn -0.6939 0.3545 0.6268
vn -0.2344 -0.4890 0.8402
vn -0.6066 0.7661 -0.2122
vn 0.1472 -0.6171 0.7730
vn 0.2398 -0.6482 0.7227
vn -0.8188 0.5432 0.1855
vn 0.0069 -0.4980 0.8671
vn -0.8638 0.4883 -0.1243
vn 0.3111 0.9193 0.2409
vn 0.2034 0.9630 0.1766
vn 0.0563 0.9947 0.0860
vn -0.1148 0.9931 -0.0248
vn -0.2964 0.9432 -0.1500
vn -0.4727 0.8352 -0.2810
vn -0.6259 0.6656 -0.4065
vn 0.1682 0.7198 0.6735
vn -0.4512 -0.8348 0.3156
vn -0.2692 0.6893 0.6726
vn -0.6608 -0.7488 0.0521
vn 0.0372 0.7843 0.6192
vn -0.3924 -0.8965 0.2056
vn -0.0308 0.8642 0.5021
vn -0.3173 -0.9466 0.0575
vn -0.0925 0.8351 0.5423
vn -0.2976 -0.9547 0.0001
vn -0.3453 0.7172 0.6053
vn 0.1119 0.9891 -0.0957
vn -0.3980 -0.8846 0.2430
vn 0.0642 -0.9252 -0.3740
vn -0.5484 0.6773 0.4905
vn -0.0596 0.9850 -0.1618
vn -0.2461 -0.7827 0.5717
vn 0.1262 -0.9913 -0.0371
vn -0.1396 0.7321 0.6667
vn 0.2486 0.9191 -0.3057
vn -0.4361 -0.7369 0.5166
vn 0.1749 -0.9518 -0.2520
vn -0.3057 0.8713 0.3840
vn 0.2351 0.8356 -0.4965
vn -0.1292 -0.7580 0.6394
vn 0.3248 -0.9414 -0.0909
vn -0.2143 0.8055 0.5525
vn 0.1030 0.9772 -0.1856
vn -0.1521 -0.8698 0.4695
vn 0.4469 -0.7930 -0.4142
vn -0.2942 0.8915 0.3446
vn 0.1483 0.8785 -0.4540
vn -0.1739 -0.7227 0.6689
vn 0.4464 -0.8659 -0.2257
vn -0.7153 0.5436 0.4391
vn -0.1633 0.8957 -0.4135
vn -0.1231 -0.7391 0.6623
vn 0.6125 -0.5202 -0.5952
vn -0.2494 0.9363 0.2473
vn 0.2634 0.6686 -0.6955
vn 0.0729 -0.6600 0.7478
vn 0.6435 -0.4504 -0.6189
vn -0.5110 0.8399 0.1826
vn 0.2905 0.5044 -0.8131
vn -0.0412 -0.8519 0.5220
vn 0.6250 -0.6713 -0.3985
vn -0.7883 0.4731 0.3934
vn 0.1745 0.5924 -0.7865
vn 0.0765 -0.7790 0.6224
vn 0.6938 -0.3545 -0.6268
vn -0.8029 0.5272 0.2784
vn 0.2345 0.4890 -0.8402
vn 0.1087 -0.4998 0.8593
vn 0.7237 -0.4176 -0.5494
vn -0.6114 0.6626 -0.4326
vn 0.6212 -0.7643 0.1729
vn -0.3094 0.6553 -0.6891
vn 0.6066 -0.7661 0.2123
vn -0.1473 0.6171 -0.7730
vn 0.7929 -0.5783 0.1920
vn -0.2397 0.6482 -0.7227
vn 0.8188 -0.5432 -0.1856
vn -0.0068 0.4980 -0.8671
vn 0.8638 -0.4882 0.1243
vn 0.3104 0.9194 0.2416
vn 0.2025 0.9631 0.1775
vn 0.0561 0.9947 0.0861
vn -0.1135 0.9932 -0.0262
vn -0.2932 0.9437 -0.1535
vn -0.4673 0.8361 -0.2872
vn -0.6186 0.6667 -0.4158
vn -0.2693 0.6893 0.6726
vn -0.0924 0.8351 0.5423
vn -0.3980 -0.8846 0.2431
vn 0.1262 -0.9913 -0.0370
vn 0.1749 -0.9518 -0.2521
vn 0.2351 0.8356 -0.4964
vn 0.3248 -0.9414 -0.0908
vn 0.4468 -0.7930 -0.4142
vn -0.2943 0.8915 0.3446
vn 0.1483 0.8786 -0.4540
vn -0.1632 0.8958 -0.4135
vn 0.6124 -0.5202 -0.5952
vn 0.2634 0.6686 -0.6954
vn 0.0729 -0.6599 0.7478
vn 0.6249 -0.6713 -0.3986
vn 0.1746 0.5924 -0.7865
vn 0.6939 -0.3545 -0.6268
vn 0.2344 0.4890 -0.8402
vn 0.6066 -0.7661 0.2122
vn -0.1472 0.6171 -0.7730
vn -0.2398 0.6482 -0.7227
vn 0.8188 -0.5432 -0.1855
vn -0.0069 0.4980 -0.8671
vn 0.8638 -0.4883 0.1243
vn 0.0374 -0.9745 0.2214
vn 0.0065 -0.9950 0.1000
vn -0.0343 -0.9974 -0.0626
vn -0.0798 -0.9652 -0.2491
vn -0.1257 -0.8867 -0.4449
vn -0.1678 -0.7553 -0.6336
vn -0.2013 -0.5699 -0.7967
vn -0.6690 -0.7273 0.1532
vn -0.3572 0.9099 -0.2111
vn -0.7320 -0.6805 -0.0334
vn -0.4701 0.8589 0.2030
vn -0.1627 -0.9664 0.1989
vn -0.5903 0.6529 0.4745
vn -0.3800 -0.9088 -0.1726
vn -0.3811 0.9245 0.0041
vn -0.5370 -0.8120 -0.2289
vn -0.4981 0.8089 0.3123
vn -0.8189 -0.5727 0.0392
vn 0.2230 -0.9506 -0.2160
vn -0.6635 0.4962 0.5599
vn 0.2437 0.9413 0.2336
vn -0.7210 -0.6694 -0.1790
vn 0.3338 -0.8730 -0.3556
vn -0.6420 0.7609 0.0940
vn 0.1755 0.9843 0.0213
vn -0.8737 -0.4591 -0.1610
vn 0.1129 -0.9212 -0.3723
vn -0.5925 0.7382 0.3226
vn 0.3818 0.9145 0.1337
vn -0.7777 -0.6002 -0.1871
vn -0.0256 -0.9134 -0.4062
vn -0.6259 0.7542 0.1983
vn 0.3613 0.9252 0.1166
vn -0.6443 -0.7647 -0.0065
vn 0.4593 -0.8053 -0.3748
vn -0.5104 0.6840 0.5211
vn 0.6868 0.7132 0.1401
vn -0.6854 -0.7199 -0.1095
vn 0.5726 -0.6943 -0.4361
vn -0.3930 0.7801 0.4868
vn 0.5375 0.8034 0.2561
vn -0.5442 -0.8169 -0.1912
vn 0.4805 -0.7482 -0.4576
vn -0.2425 0.9395 0.2420
vn 0.7825 0.6209 0.0465
vn -0.9015 -0.2912 -0.3201
vn 0.1001 -0.7614 -0.6405
vn -0.3502 0.8833 0.3118
vn 0.8923 0.4464 0.0667
vn -0.6600 -0.6648 -0.3499
vn 0.7612 -0.4414 -0.4752
vn -0.2793 0.8197 0.5000
vn 0.8596 0.4963 0.1212
vn -0.7052 -0.5586 -0.4365
vn 0.6805 -0.4846 -0.5496
vn -0.3110 0.6815 0.6624
vn 0.9350 0.3493 0.0621
vn -0.6662 -0.6670 -0.3337
vn 0.8142 -0.3160 -0.4870
vn -0.1143 0.8098 0.5754
vn 0.8263 0.5215 0.2125
vn 0.4039 -0.6975 -0.5919
vn 0.4634 0.6036 0.6488
vn 0.2922 -0.5624 -0.7735
vn 0.5387 0.5957 0.5958
vn -0.2772 -0.4713 -0.8373
vn 0.4894 0.4485 0.7479
vn 0.4155 -0.4933 -0.7642
vn 0.7258 0.4950 0.4777
vn 0.1716 -0.4832 -0.8585
vn 0.5153 0.3351 0.7888
vn 0.0372 -0.9745 0.2214
vn 0.0062 -0.9950 0.1000
vn -0.0793 -0.9652 -0.2492
vn -0.1247 -0.8868 -0.4450
vn -0.1660 -0.7555 -0.6338
vn -0.1988 -0.5701 -0.7972
vn -0.6690 -0.7273 0.1531
vn -0.7320 -0.6805 -0.0333
vn -0.4701 0.8590 0.2028
vn -0.1626 -0.9664 0.1990
vn -0.3800 -0.9087 -0.1726
vn -0.3811 0.9245 0.0040
vn -0.5370 -0.8120 -0.2288
vn -0.4981 0.8089 0.3124
vn 0.2230 -0.9506 -0.2159
vn -0.6635 0.4962 0.5600
vn 0.2437 0.9413 0.2337
vn 0.3338 -0.8730 -0.3557
vn 0.1129 -0.9212 -0.3724
vn -0.5924 0.7382 0.3226
vn -0.7777 -0.6001 -0.1871
vn -0.0256 -0.9135 -0.4061
vn 0.4592 -0.8054 -0.3748
vn 0.5726 -0.6943 -0.4360
vn 0.5375 0.8034 0.2562
vn 0.7825 0.6209 0.0466
vn -0.9015 -0.2912 -0.3202
vn 0.1001 -0.7613 -0.6406
vn 0.6805 -0.4845 -0.5496
vn 0.4634 0.6037 0.6487
vn 0.2921 -0.5624 -0.7735
vn 0.5387 0.5957 0.5957
vn -0.2772 -0.4712 -0.8373
vn 0.5154 0.3351 0.7888
vn -0.0374 0.9745 -0.2214
vn -0.0065 0.9950 -0.1000
vn 0.0343 0.9974 0.0626
vn 0.0798 0.9652 0.2491
vn 0.1257 0.8867 0.4449
vn 0.1678 0.7553 0.6336
vn 0.2013 0.5699 0.7967
vn 0.6690 0.7273 -0.1532
vn 0.3572 -0.9099 0.2111
vn 0.7320 0.6805 0.0334
vn 0.4701 -0.8589 -0.2030
vn 0.1627 0.9664 -0.1989
vn 0.5903 -0.6529 -0.4745
vn 0.3800 0.9088 0.1726
vn 0.3811 -0.9245 -0.0041
vn 0.5370 0.8120 0.2289
vn 0.4981 -0.8089 -0.3123
vn 0.8189 0.5727 -0.0392
vn -0.2230 0.9506 0.2160
vn 0.6635 -0.4962 -0.5599
vn -0.2437 -0.9413 -0.2336
vn 0.7210 0.6694 0.1790
vn -0.3338 0.8730 0.3556
vn 0.6420 -0.7609 -0.0940
vn -0.1755 -0.9843 -0.0213
vn 0.8737 0.4591 0.1610
vn -0.1129 0.9212 0.3723
vn 0.5925 -0.7382 -0.3226
vn -0.3818 -0.9145 -0.1337
vn 0.7777 0.6002 0.1871
vn 0.0256 0.9134 0.4062
vn 0.6259 -0.7542 -0.1983
vn -0.3613 -0.9252 -0.1166
vn 0.6443 0.7647 0.0065
vn -0.4593 0.8053 0.3748
vn 0.5104 -0.6840 -0.5211
vn -0.6868 -0.7132 -0.1401
vn 0.6854 0.7199 0.1095
vn -0.5726 0.6943 0.4361
vn 0.3930 -0.7801 -0.4868
vn -0.5375 -0.8034 -0.2561
vn 0.5442 0.8169 0.1912
vn -0.4805 0.7482 0.4576
vn 0.2425 -0.9395 -0.2420
vn -0.7825 -0.6209 -0.0465
vn 0.9015 0.2912 0.3201
vn -0.1001 0.7614 0.6405
vn 0.3502 -0.8833 -0.3118
vn -0.8923 -0.4464 -0.0667
vn 0.6600 0.6648 0.3499
vn -0.7612 0.4414 0.4752
vn 0.2793 -0.8197 -0.5000
vn -0.8596 -0.4963 -0.1212
vn 0.7052 0.5586 0.4365
vn -0.6805 0.4846 0.5496
vn 0.3110 -0.6815 -0.6624
vn -0.9350 -0.3493 -0.0621
vn 0.6662 0.6670 0.3337
vn -0.8142 0.3160 0.4870
vn 0.1143 -0.8098 -0.5754
vn -0.8263 -0.5215 -0.2125
vn -0.4039 0.6975 0.5919
vn -0.4634 -0.6036 -0.6488
vn -0.2922 0.5624 0.7735
vn -0.5387 -0.5957 -0.5958
vn 0.2772 0.4713 0.8373
vn -0.4894 -0.4485 -0.7479
vn -0.4155 0.4933 0.7642
vn -0.7258 -0.4950 -0.4777
vn -0.1716 0.4832 0.8585
vn -0.5153 -0.3351 -0.7888
vn -0.0372 0.9745 -0.2214
vn -0.0062 0.9950 -0.1000
vn 0.0793 0.9652 0.2492
vn 0.1247 0.8868 0.4450
vn 0.1660 0.7555 0.6338
vn 0.1988 0.5701 0.7972
vn 0.6690 0.7273 -0.1531
vn 0.7320 0.6805 0.0333
vn 0.4701 -0.8590 -0.2028
vn 0.1626 0.9664 -0.1990
vn 0.3800 0.9087 0.1726
vn 0.3811 -0.9245 -0.0040
vn 0.5370 0.8120 0.2288
vn 0.4981 -0.8089 -0.3124
vn -0.2230 0.9506 0.2159
vn 0.6635 -0.4962 -0.5600
vn -0.2437 -0.9413 -0.2337
vn -0.3338 0.8730 0.3557
vn -0.1129 0.9212 0.3724
vn 0.5924 -0.7382 -0.3226
vn 0.7777 0.6001 0.1871
vn 0.0256 0.9135 0.4061
vn -0.4592 0.8054 0.3748
vn -0.5726 0.6943 0.4360
vn -0.5375 -0.8034 -0.2562
vn -0.7825 -0.6209 -0.0466
vn 0.9015 0.2912 0.3202
vn -0.1001 0.7613 0.6406
vn -0.6805 0.4845 0.5496
vn -0.4634 -0.6037 -0.6487
vn -0.2921 0.5624 0.7735
vn -0.5387 -0.5957 -0.5957
vn 0.2772 0.4712 0.8373
vn -0.5154 -0.3351 -0.7888
vn -0.0571 -0.9978 -0.0325
vn -0.1168 -0.9885 0.0962
vn -0.1889 -0.9458 0.2643
vn -0.2596 -0.8548 0.4494
vn -0.3180 -0.7070 0.6317
vn -0.3548 -0.5008 0.7895
vn -0.3625 -0.2434 0.8996
vn 0.1186 -0.9856 -0.1209
vn 0.6583 0.7434 0.1186
vn 0.0971 -0.9953 0.0006
vn 0.2116 0.9536 0.2142
vn 0.2242 -0.9592 0.1725
vn 0.5428 0.8314 -0.1187
vn 0.0617 -0.9835 0.1698
vn 0.6069 0.7899 -0.0881
vn -0.0442 -0.9966 0.0689
vn 0.3315 0.9091 -0.2524
vn 0.5448 -0.4510 0.7069
vn -0.0178 -0.8125 0.5826
vn 0.6954 0.6692 0.2618
vn 0.1232 0.9672 -0.2223
vn 0.3224 -0.6986 0.6387
vn -0.3208 -0.8484 0.4211
vn 0.6074 0.7899 -0.0842
vn -0.3943 0.7465 -0.5359
vn 0.4218 -0.5639 0.7100
vn -0.4722 -0.7854 0.4003
vn 0.8760 0.4803 -0.0442
vn 0.0211 0.8308 -0.5561
vn 0.5075 -0.2699 0.8183
vn -0.5226 -0.7139 0.4660
vn 0.9403 0.3150 -0.1290
vn 0.1108 0.7630 -0.6368
vn 0.0863 -0.9099 0.4059
vn -0.8276 -0.5613 0.0057
vn 0.7375 0.6630 -0.1287
vn -0.1361 0.7719 -0.6210
vn 0.2169 -0.6244 0.7504
vn -0.9249 -0.3802 0.0056
vn 0.7492 0.6575 -0.0805
vn -0.2361 0.7053 -0.6684
vn 0.3823 -0.3772 0.8436
vn -0.8524 -0.4758 0.2168
vn 0.6724 0.7197 -0.1727
vn -0.4922 0.5214 -0.6970
vn 0.4002 -0.4099 0.8197
vn -0.5466 -0.5810 0.6030
vn 0.6920 0.6724 -0.2626
vn -0.2869 0.6183 -0.7317
vn 0.4766 -0.1989 0.8563
vn -0.7725 -0.4531 0.4448
vn 0.9128 0.2907 -0.2868
vn -0.2689 0.5097 -0.8172
vn 0.3803 -0.4609 0.8019
vn -0.8988 -0.3514 0.2620
vn 0.8624 0.3448 -0.3706
vn -0.4795 0.4012 -0.7805
vn 0.1769 -0.4861 0.8558
vn -0.9221 -0.2954 0.2501
vn 0.7054 0.4753 -0.5259
vn -0.4644 0.3829 -0.7986
vn -0.7807 -0.4330 0.4506
vn 0.0541 0.3816 -0.9228
vn -0.6382 -0.1875 0.7467
vn -0.0639 0.5080 -0.8590
vn -0.7743 -0.2600 0.5769
vn 0.3246 0.1583 -0.9325
vn -0.6311 -0.1366 0.7636
vn -0.2735 0.2435 -0.9305
vn -0.6505 -0.0201 0.7592
vn -0.1868 0.0994 -0.9774
vn -0.0573 -0.9978 -0.0325
vn -0.1183 -0.9883 0.0959
vn -0.1927 -0.9452 0.2634
vn -0.2665 -0.8536 0.4476
vn -0.3286 -0.7049 0.6286
vn -0.3689 -0.4981 0.7847
vn -0.3795 -0.2411 0.8932
vn 0.1186 -0.9856 -0.1210
vn 0.6583 0.7433 0.1186
vn 0.0971 -0.9953 0.0007
vn 0.2242 -0.9591 0.1726
vn 0.5428 0.8314 -0.1188
vn 0.0617 -0.9835 0.1699
vn -0.0442 -0.9966 0.0690
vn 0.3314 0.9091 -0.2524
vn -0.0178 -0.8126 0.5826
vn -0.3943 0.7465 -0.5360
vn -0.4722 -0.7853 0.4003
vn -0.5226 -0.7140 0.4660
vn 0.1109 0.7630 -0.6368
vn 0.0863 -0.9098 0.4059
vn 0.9128 0.2908 -0.2868
vn -0.2688 0.5097 -0.8173
vn -0.4795 0.4011 -0.7805
vn -0.9220 -0.2954 0.2501
vn -0.4645 0.3830 -0.7985
vn 0.0571 0.9978 0.0325
vn 0.1168 0.9885 -0.0962
vn 0.1889 0.9458 -0.2643
vn 0.2596 0.8548 -0.4494
vn 0.3180 0.7070 -0.6317
vn 0.3548 0.5008 -0.7895
vn 0.3625 0.2434 -0.8996
vn -0.1186 0.9856 0.1209
vn -0.6583 -0.7434 -0.1186
vn -0.0971 0.9953 -0.0006
vn -0.2116 -0.9536 -0.2142
vn -0.2242 0.9592 -0.1725
vn -0.5428 -0.8314 0.1187
vn -0.0617 0.9835 -0.1698
vn -0.6069 -0.7899 0.0881
vn 0.0442 0.9966 -0.0689
vn -0.3315 -0.9091 0.2524
vn -0.5448 0.4510 -0.7069
vn 0.0178 0.8125 -0.5826
vn -0.6954 -0.6692 -0.2618
vn -0.1232 -0.9672 0.2223
vn -0.3224 0.6986 -0.6387
vn 0.3208 0.8484 -0.4211
vn -0.6074 -0.7899 0.0842
vn 0.3943 -0.7465 0.5359
vn -0.4218 0.5639 -0.7100
vn 0.4722 0.7854 -0.4003
vn -0.8760 -0.4803 0.0442
vn -0.0211 -0.8308 0.5561
vn -0.5075 0.2699 -0.8183
vn 0.5226 0.7139 -0.4660
vn -0.9403 -0.3150 0.1290
vn -0.1108 -0.7630 0.6368
vn -0.0863 0.9099 -0.4059
vn 0.8276 0.5613 -0.0057
vn -0.7375 -0.6630 0.1287
vn 0.1361 -0.7719 0.6210
vn -0.2169 0.6244 -0.7504
vn 0.9249 0.3802 -0.0056
vn -0.7492 -0.6575 0.0805
vn 0.2361 -0.7053 0.6684
vn -0.3823 0.3772 -0.8436
vn 0.8524 0.4758 -0.2168
vn -0.6724 -0.7197 0.1727
vn 0.4922 -0.5214 0.6970
vn -0.4002 0.4099 -0.8197
vn 0.5466 0.5810 -0.6030
vn -0.6920 -0.6724 0.2626
vn 0.2869 -0.6183 0.7317
vn -0.4766 0.1989 -0.8563
vn 0.7725 0.4531 -0.4448
vn -0.9128 -0.2907 0.2868
vn 0.2689 -0.5097 0.8172
vn -0.3803 0.4609 -0.8019
vn 0.8988 0.3514 -0.2620
vn -0.8624 -0.3448 0.3706
vn 0.4795 -0.4012 0.7805
vn -0.1769 0.4861 -0.8558
vn 0.9221 0.2954 -0.2501
vn -0.7054 -0.4753 0.5259
vn 0.4644 -0.3829 0.7986
vn 0.7807 0.4330 -0.4506
vn -0.0541 -0.3816 0.9228
vn 0.6382 0.1875 -0.7467
vn 0.0639 -0.5080 0.8590
vn 0.7743 0.2600 -0.5769
vn -0.3246 -0.1583 0.9325
vn 0.6311 0.1366 -0.7636
vn 0.2735 -0.2435 0.9305
vn 0.6505 0.0201 -0.7592
vn 0.1868 -0.0994 0.9774
vn 0.0573 0.9978 0.0325
vn 0.1183 0.9883 -0.0959
vn 0.1927 0.9452 -0.2634
vn 0.2665 0.8536 -0.4476
vn 0.3286 0.7049 -0.6286
vn 0.3689 0.4981 -0.7847
vn 0.3795 0.2411 -0.8932
vn -0.1186 0.9856 0.1210
vn -0.6583 -0.7433 -0.1186
vn -0.0971 0.9953 -0.0007
vn -0.2242 0.9591 -0.1726
vn -0.5428 -0.8314 0.1188
vn -0.0617 0.9835 -0.1699
vn 0.0442 0.9966 -0.0690
vn -0.3314 -0.9091 0.2524
vn 0.0178 0.8126 -0.5826
vn 0.3943 -0.7465 0.5360
vn 0.4722 0.7853 -0.4003
vn 0.5226 0.7140 -0.4660
vn -0.1109 -0.7630 0.6368
vn -0.0863 0.9098 -0.4059
vn -0.9128 -0.2908 0.2868
vn 0.2688 -0.5097 0.8173
vn 0.4795 -0.4011 0.7805
vn 0.9220 0.2954 -0.2501
vn 0.4645 -0.3830 0.7985
vn 0.0383 -0.9926 -0.1154
vn 0.1761 -0.9660 -0.1892
vn 0.3516 -0.8939 -0.2782
vn 0.5363 -0.7613 -0.3644
vn 0.7046 -0.5622 -0.4330
vn 0.8297 -0.3013 -0.4699
vn 0.8858 0.0045 -0.4640
vn -0.1581 -0.7988 -0.5804
vn 0.0635 0.9858 -0.1557
vn -0.1188 -0.9397 -0.3207
vn -0.4759 0.8756 -0.0827
vn -0.1142 -0.7268 -0.6773
vn -0.6733 0.7273 -0.1329
vn 0.0993 -0.9041 -0.4156
vn -0.5964 0.7245 -0.3455
vn 0.0874 -0.9684 -0.2335
vn -0.2758 0.9510 -0.1395
vn 0.0454 -0.1838 -0.9819
vn 0.4336 -0.6584 -0.6152
vn -0.8515 0.3062 -0.4256
vn -0.6979 0.6918 0.1855
vn -0.0606 -0.6562 -0.7521
vn 0.5527 -0.8309 0.0641
vn -0.8705 0.3551 -0.3408
vn -0.2195 0.6337 0.7418
vn 0.0003 -0.8175 -0.5760
vn 0.6108 -0.7278 0.3119
vn -0.6195 0.6537 -0.4346
vn -0.4823 0.8371 0.2582
vn -0.0418 -0.6833 -0.7289
vn 0.6435 -0.7568 0.1148
vn -0.4596 0.8871 -0.0427
vn 0.0301 0.5144 0.8570
vn 0.1881 -0.4067 -0.8940
vn 0.7691 -0.6364 0.0591
vn -0.7875 0.5272 -0.3191
vn -0.3883 0.6082 0.6924
vn 0.1391 -0.5281 -0.8377
vn 0.7543 -0.6565 0.0090
vn -0.7205 0.6826 -0.1220
vn -0.3046 0.5717 0.7619
vn 0.2195 -0.3182 -0.9223
vn 0.8338 -0.5505 -0.0409
vn -0.8739 0.4401 -0.2065
vn -0.4968 0.4864 0.7188
vn 0.2329 0.0233 -0.9722
vn 0.8933 -0.3769 -0.2449
vn -0.8660 0.4152 -0.2785
vn -0.4795 0.4393 0.7596
vn 0.2485 0.0071 -0.9686
vn 0.8649 -0.3746 0.3341
vn -0.7225 0.6832 0.1063
vn -0.2154 0.3888 0.8958
vn 0.5188 -0.3837 -0.7639
vn 0.8332 -0.2974 0.4661
vn -0.9363 0.1660 -0.3095
vn -0.0368 0.1675 0.9852
vn 0.1629 0.1498 -0.9752
vn 0.9501 -0.2707 0.1551
vn -0.9234 0.3811 0.0467
vn -0.0321 0.0971 0.9948
vn 0.9053 -0.3616 -0.2231
vn -0.7366 0.1634 0.6563
vn 0.9959 -0.0665 -0.0621
vn -0.4808 0.0095 0.8768
vn 0.9580 -0.2336 0.1666
vn -0.5585 -0.0704 0.8265
vn 0.9995 0.0107 -0.0294
vn -0.6900 -0.1011 0.7167
vn 0.9831 0.0590 0.1732
vn -0.5600 -0.1575 0.8134
vn 0.0383 -0.9926 -0.1153
vn 0.1763 -0.9661 -0.1885
vn 0.3521 -0.8942 -0.2765
vn 0.5373 -0.7619 -0.3616
vn 0.7063 -0.5632 -0.4288
vn 0.8322 -0.3025 -0.4647
vn 0.8889 0.0034 -0.4580
vn -0.1581 -0.7988 -0.5805
vn -0.5965 0.7245 -0.3455
vn -0.2759 0.9510 -0.1395
vn 0.4336 -0.6584 -0.6153
vn -0.2195 0.6336 0.7418
vn -0.4596 0.8871 -0.0426
vn 0.8339 -0.5505 -0.0409
vn -0.4968 0.4863 0.7188
vn 0.8933 -0.3769 -0.2450
vn -0.8660 0.4152 -0.2786
vn -0.4795 0.4393 0.7597
vn -0.7225 0.6832 0.1062
vn -0.2154 0.3887 0.8958
vn 0.8332 -0.2975 0.4661
vn 0.1630 0.1498 -0.9752
vn 0.9995 0.0107 -0.0293
vn 0.9831 0.0589 0.1732
vn -0.0383 0.9926 0.1154
vn -0.1761 0.9660 0.1892
vn -0.3516 0.8939 0.2782
vn -0.5363 0.7613 0.3644
vn -0.7046 0.5622 0.4330
vn -0.8297 0.3013 0.4699
vn -0.8858 -0.0045 0.4640
vn 0.1581 0.7988 0.5804
vn -0.0635 -0.9858 0.1557
vn 0.1188 0.9397 0.3207
vn 0.4759 -0.8756 0.0827
vn 0.1142 0.7268 0.6773
vn 0.6733 -0.7273 0.1329
vn -0.0993 0.9041 0.4156
vn 0.5964 -0.7245 0.3455
vn -0.0874 0.9684 0.2335
vn 0.2758 -0.9510 0.1395
vn -0.0454 0.1838 0.9819
vn -0.4336 0.6584 0.6152
vn 0.8515 -0.3062 0.4256
vn 0.6979 -0.6918 -0.1855
vn 0.0606 0.6562 0.7521
vn -0.5527 0.8309 -0.0641
vn 0.8705 -0.3551 0.3408
vn 0.2195 -0.6337 -0.7418
vn -0.0003 0.8175 0.5760
vn -0.6108 0.7278 -0.3119
vn 0.6195 -0.6537 0.4346
vn 0.4823 -0.8371 -0.2582
vn 0.0418 0.6833 0.7289
vn -0.6435 0.7568 -0.1148
vn 0.4596 -0.8871 0.0427
vn -0.0301 -0.5144 -0.8570
vn -0.1881 0.4067 0.8940
vn -0.7691 0.6364 -0.0591
vn 0.7875 -0.5272 0.3191
vn 0.3883 -0.6082 -0.6924
vn -0.1391 0.5281 0.8377
vn -0.7543 0.6565 -0.0090
vn 0.7205 -0.6826 0.1220
vn 0.3046 -0.5717 -0.7619
vn -0.2195 0.3182 0.9223
vn -0.8338 0.5505 0.0409
vn 0.8739 -0.4401 0.2065
vn 0.4968 -0.4864 -0.7188
vn -0.2329 -0.0233 0.9722
vn -0.8933 0.3769 0.2449
vn 0.8660 -0.4152 0.2785
vn 0.4795 -0.4393 -0.7596
vn -0.2485 -0.0071 0.9686
vn -0.8649 0.3746 -0.3341
vn 0.7225 -0.6832 -0.1063
vn 0.2154 -0.3888 -0.8958
vn -0.5188 0.3837 0.7639
vn -0.8332 0.2974 -0.4661
vn 0.9363 -0.1660 0.3095
vn 0.0368 -0.1675 -0.9852
vn -0.1629 -0.1498 0.9752
vn -0.9501 0.2707 -0.1551
vn 0.9234 -0.3811 -0.0467
vn 0.0321 -0.0971 -0.9948
vn -0.9053 0.3616 0.2231
vn 0.7366 -0.1634 -0.6563
vn -0.9959 0.0665 0.0621
vn 0.4808 -0.0095 -0.8768
vn -0.9580 0.2336 -0.1666
vn 0.5585 0.0704 -0.8265
vn -0.9995 -0.0107 0.0294
vn 0.6900 0.1011 -0.7167
vn -0.9831 -0.0590 -0.1732
vn 0.5600 0.1575 -0.8134
vn -0.0383 0.9926 0.1153
vn -0.1763 0.9661 0.1885
vn -0.3521 0.8942 0.2765
vn -0.5373 0.7619 0.3616
vn -0.7063 0.5632 0.4288
vn -0.8322 0.3025 0.4647
vn -0.8889 -0.0034 0.4580
vn 0.1581 0.7988 0.5805
vn 0.5965 -0.7245 0.3455
vn 0.2759 -0.9510 0.1395
vn -0.4336 0.6584 0.6153
vn 0.2195 -0.6336 -0.7418
vn 0.4596 -0.8871 0.0426
vn -0.8339 0.5505 0.0409
vn 0.4968 -0.4863 -0.7188
vn -0.8933 0.3769 0.2450
vn 0.8660 -0.4152 0.2786
vn 0.4795 -0.4393 -0.7597
vn 0.7225 -0.6832 -0.1062
vn 0.2154 -0.3887 -0.8958
vn -0.8332 0.2975 -0.4661
vn -0.1630 -0.1498 0.9752
vn -0.9995 -0.0107 0.0293
vn -0.9831 -0.0589 -0.1732
vn -0.3392 -0.9298 -0.1430
vn -0.4770 -0.8612 -0.1756
vn -0.6386 -0.7378 -0.2185
vn -0.7888 -0.5548 -0.2647
vn -0.8984 -0.3143 -0.3068
vn -0.9418 -0.0294 -0.3348
vn -0.9002 0.2758 -0.3371
vn -0.6781 -0.4080 0.6113
vn 0.3338 0.6886 0.6438
vn -0.2601 -0.8769 0.4042
vn 0.5306 0.4839 0.6959
vn -0.8549 -0.4360 0.2813
vn 0.5705 0.5086 0.6449
vn -0.5270 -0.8267 0.1971
vn 0.3581 0.7919 0.4946
vn -0.5766 -0.8145 0.0648
vn 0.2211 0.8215 0.5257
vn -0.6790 -0.4715 0.5627
vn -0.5897 -0.6174 -0.5206
vn 0.5138 0.1925 0.8360
vn 0.8505 0.5161 -0.1013
vn -0.6966 -0.6151 0.3693
vn -0.4618 -0.5296 -0.7115
vn 0.4457 0.2629 0.8557
vn 0.8316 0.5304 -0.1647
vn -0.7167 -0.6157 0.3275
vn -0.5194 -0.5278 -0.6721
vn 0.4527 0.4166 0.7883
vn 0.8118 0.5158 -0.2738
vn -0.6258 -0.7460 0.2277
vn -0.5027 -0.5809 -0.6401
vn 0.3203 0.3287 0.8885
vn 0.8554 0.5169 -0.0332
vn -0.7385 -0.6096 0.2881
vn -0.5378 -0.4489 -0.7136
vn 0.5732 0.6626 0.4820
vn 0.7509 0.4743 -0.4595
vn -0.8844 -0.1763 0.4322
vn -0.4217 -0.2274 -0.8778
vn 0.4063 0.0222 0.9135
vn 0.9517 0.2901 0.1006
vn -0.7957 -0.6050 -0.0284
vn -0.3047 -0.2561 -0.9174
vn 0.6486 0.3171 0.6920
vn 0.7386 0.2247 -0.6356
vn -0.9352 -0.1758 0.3075
vn -0.3181 -0.1084 -0.9418
vn 0.5133 -0.1013 0.8522
vn 0.6878 0.1987 -0.6982
vn -0.9339 -0.3393 0.1127
vn -0.2583 -0.0658 -0.9638
vn 0.4449 -0.1207 0.8874
vn 0.8190 0.1651 -0.5495
vn -0.9267 -0.3404 -0.1592
vn -0.2829 -0.0963 -0.9543
vn 0.4404 -0.0957 0.8927
vn 0.8841 0.1059 -0.4551
vn -0.9791 -0.1902 -0.0716
vn -0.3219 -0.0181 -0.9466
vn 0.4897 -0.1640 0.8563
vn 0.8988 0.0343 -0.4371
vn -0.5759 -0.0303 -0.8170
vn 0.9900 -0.0400 -0.1353
vn -0.8662 0.2864 -0.4094
vn 0.9995 -0.0271 -0.0177
vn -0.6422 0.2642 -0.7195
vn 0.9940 -0.0946 -0.0542
vn -0.5594 0.3069 -0.7700
vn 0.9583 -0.2207 -0.1816
vn -0.5032 0.3764 -0.7779
vn 0.9403 -0.3141 -0.1314
vn -0.3381 -0.9298 -0.1452
vn -0.4738 -0.8616 -0.1823
vn -0.6330 -0.7389 -0.2310
vn -0.7806 -0.5567 -0.2842
vn -0.8880 -0.3169 -0.3333
vn -0.9297 -0.0317 -0.3670
vn -0.8865 0.2755 -0.3717
vn 0.3338 0.6886 0.6437
vn -0.2602 -0.8769 0.4042
vn 0.5305 0.4839 0.6959
vn -0.8549 -0.4360 0.2812
vn -0.5766 -0.8145 0.0647
vn 0.2210 0.8215 0.5256
vn -0.8844 -0.1763 0.4321
vn 0.6486 0.3170 0.6920
vn -0.2829 -0.0962 -0.9543
vn -0.3219 -0.0180 -0.9466
vn 0.8988 0.0342 -0.4371
vn 0.9995 -0.0271 -0.0178
vn -0.6423 0.2642 -0.7195
vn 0.9403 -0.3140 -0.1314
vn 0.3392 0.9298 0.1430
vn 0.4770 0.8612 0.1756
vn 0.6386 0.7378 0.2185
vn 0.7888 0.5548 0.2647
vn 0.8984 0.3143 0.3068
vn 0.9418 0.0294 0.3348
vn 0.9002 -0.2758 0.3371
vn 0.6781 0.4080 -0.6113
vn -0.3338 -0.6886 -0.6438
vn 0.2601 0.8769 -0.4042
vn -0.5306 -0.4839 -0.6959
vn 0.8549 0.4360 -0.2813
vn -0.5705 -0.5086 -0.6449
vn 0.5270 0.8267 -0.1971
vn -0.3581 -0.7919 -0.4946
vn 0.5766 0.8145 -0.0648
vn -0.2211 -0.8215 -0.5257
vn 0.6790 0.4715 -0.5627
vn 0.5897 0.6174 0.5206
vn -0.5138 -0.1925 -0.8360
vn -0.8505 -0.5161 0.1013
vn 0.6966 0.6151 -0.3693
vn 0.4618 0.5296 0.7115
vn -0.4457 -0.2629 -0.8557
vn -0.8316 -0.5304 0.1647
vn 0.7167 0.6157 -0.3275
vn 0.5194 0.5278 0.6721
vn -0.4527 -0.4166 -0.7883
vn -0.8118 -0.5158 0.2738
vn 0.6258 0.7460 -0.2277
vn 0.5027 0.5809 0.6401
vn -0.3203 -0.3287 -0.8885
vn -0.8554 -0.5169 0.0332
vn 0.7385 0.6096 -0.2881
vn 0.5378 0.4489 0.7136
vn -0.5732 -0.6626 -0.4820
vn -0.7509 -0.4743 0.4595
vn 0.8844 0.1763 -0.4322
vn 0.4217 0.2274 0.8778
vn -0.4063 -0.0222 -0.9135
vn -0.9517 -0.2901 -0.1006
vn 0.7957 0.6050 0.0284
vn 0.3047 0.2561 0.9174
vn -0.6486 -0.3171 -0.6920
vn -0.7386 -0.2247 0.6356
vn 0.9352 0.1758 -0.3075
vn 0.3181 0.1084 0.9418
vn -0.5133 0.1013 -0.8522
vn -0.6878 -0.1987 0.6982
vn 0.9339 0.3393 -0.1127
vn 0.2583 0.0658 0.9638
vn -0.4449 0.1207 -0.8874
vn -0.8190 -0.1651 0.5495
vn 0.9267 0.3404 0.1592
vn 0.2829 0.0963 0.9543
vn -0.4404 0.0957 -0.8927
vn -0.8841 -0.1059 0.4551
vn 0.9791 0.1902 0.0716
vn 0.3219 0.0181 0.9466
vn -0.4897 0.1640 -0.8563
vn -0.8988 -0.0343 0.4371
vn 0.5759 0.0303 0.8170
vn -0.9900 0.0400 0.1353
vn 0.8662 -0.2864 0.4094
vn -0.9995 0.0271 0.0177
vn 0.6422 -0.2642 0.7195
vn -0.9940 0.0946 0.0542
vn 0.5594 -0.3069 0.7700
vn -0.9583 0.2207 0.1816
vn 0.5032 -0.3764 0.7779
vn -0.9403 0.3141 0.1314
vn 0.3381 0.9298 0.1452
vn 0.4738 0.8616 0.1823
vn 0.6330 0.7389 0.2310
vn 0.7806 0.5567 0.2842
vn 0.8880 0.3169 0.3333
vn 0.9297 0.0317 0.3670
vn 0.8865 -0.2755 0.3717
vn -0.3338 -0.6886 -0.6437
vn 0.2602 0.8769 -0.4042
vn -0.5305 -0.4839 -0.6959
vn 0.8549 0.4360 -0.2812
vn 0.5766 0.8145 -0.0647
vn -0.2210 -0.8215 -0.5256
vn 0.8844 0.1763 -0.4321
vn 0.2829 0.0962 0.9543
vn 0.3219 0.0180 0.9466
vn -0.8988 -0.0342 0.4371
vn -0.9995 0.0271 0.0178
vn 0.6423 -0.2642 0.7195
vn -0.9403 0.3140 0.1314
vt 0.297368 0.000000
vt 0.687657 1.134039
vt 0.312343 1.134039
vt 0.671510 2.268078
vt 0.328490 2.268078
vt 0.653829 3.402117
vt 0.346171 3.402117
vt 0.634013 4.536156
vt 0.365987 4.536156
vt 0.610907 5.670195
vt 0.389093 5.670195
vt 0.581591 6.804234
vt 0.418409 6.804234
vt 0.518421 7.938273
vt 0.481579 7.938273
vt 0.594290 0.000000
vt 0.405709 0.752540
vt 0.405709 0.000000
vt 0.405709 0.651366
vt 0.405709 1.113228
vt 0.405709 1.308970
vt 0.405709 1.965567
vt 0.405709 2.053237
vt 0.405709 2.255221
vt 0.405709 2.363963
vt 0.405709 2.266957
vt 0.405709 2.426420
vt 0.405709 1.159901
vt 0.594290 1.159901
vt 0.405709 2.146738
vt 0.405709 1.011864
vt 0.594290 1.011864
vt 0.405709 2.116762
vt 0.405709 0.942927
vt 0.594290 0.942927
vt 0.405709 1.976779
vt 0.405709 1.070888
vt 0.594290 1.070888
vt 0.405709 2.360819
vt 0.405709 1.230243
vt 0.594290 1.230243
vt 0.405709 2.596073
vt 0.405709 0.934511
vt 0.594290 0.934511
vt 0.405709 2.023817
vt 0.405709 0.931966
vt 0.594290 0.931966
vt 0.405709 2.157919
vt 0.405709 0.952348
vt 0.594290 0.952348
vt 0.405709 1.870777
vt 0.405709 0.962607
vt 0.594290 0.962607
vt 0.405709 2.044236
vt 0.405709 1.109990
vt 0.594290 1.109990
vt 0.405709 2.421272
vt 0.405709 0.949760
vt 0.594290 0.949760
vt 0.405709 1.867382
vt 0.405709 1.070529
vt 0.594290 1.070529
vt 0.405709 1.949798
vt 0.405709 0.851297
vt 0.594290 0.851297
vt 0.405709 1.939719
vt 0.405709 1.060998
vt 0.594290 1.060998
vt 0.405709 2.119246
vt 0.405709 0.878851
vt 0.594290 0.878851
vt 0.405709 1.878633
vt 0.405709 1.115355
vt 0.594290 1.115355
vt 0.405709 2.254838
vt 0.405709 0.811652
vt 0.594290 0.811652
vt 0.405709 1.888812
vt 0.405709 0.854276
vt 0.594290 0.854276
vt 0.405709 1.718045
vt 0.405709 0.910963
vt 0.594290 0.910963
vt 0.405709 1.772993
vt 0.405709 0.698548
vt 0.594290 0.698548
vt 0.405709 1.490955
vt 0.405709 0.940724
vt 0.594290 0.940724
vt 0.405709 1.735813
vt 0.405709 0.723146
vt 0.594290 0.723146
vt 0.405709 1.629166
vt 0.405709 1.416059
vt 0.405709 1.654710
vt 0.405709 1.273113
vt 0.405709 1.437475
vt 0.405709 0.903029
vt 0.405709 1.210253
vt 0.405709 0.891114
vt 0.405709 0.811349
vt 0.405709 0.556645
vt 0.405709 0.487641
vt 0.702632 0.000000
vt 0.594290 0.752540
vt 0.594290 0.651366
vt 0.594290 1.113228
vt 0.594290 1.308970
vt 0.594290 1.965567
vt 0.594290 2.053237
vt 0.594290 2.255221
vt 0.594290 2.363963
vt 0.594290 2.266957
vt 0.594290 2.426420
vt 0.594290 2.146738
vt 0.594290 2.116762
vt 0.594290 1.976779
vt 0.594290 2.360819
vt 0.594290 2.596073
vt 0.594290 2.023817
vt 0.594290 2.157919
vt 0.594290 1.870777
vt 0.594290 2.044236
vt 0.594290 2.421272
vt 0.594290 1.867382
vt 0.594290 1.949798
vt 0.594290 1.939719
vt 0.594290 2.119246
vt 0.594290 1.878633
vt 0.594290 2.254838
vt 0.594290 1.888812
vt 0.594290 1.718045
vt 0.594290 1.772993
vt 0.594290 1.490955
vt 0.594290 1.735813
vt 0.594290 1.629166
vt 0.594290 1.416059
vt 0.594290 1.654710
vt 0.594290 1.273113
vt 0.594290 1.437475
vt 0.594290 0.903029
vt 0.594290 1.210253
vt 0.594290 0.891114
vt 0.594290 0.811349
vt 0.594290 0.556645
vt 0.594290 0.487641
vt 0.687657 1.222023
vt 0.312343 1.222023
vt 0.671510 2.444046
vt 0.328490 2.444046
vt 0.653829 3.666069
vt 0.346171 3.666069
vt 0.634013 4.888092
vt 0.365987 4.888092
vt 0.610907 6.110115
vt 0.389093 6.110115
vt 0.581591 7.332138
vt 0.418409 7.332138
vt 0.518421 8.554160
vt 0.481579 8.554160
vt 0.603043 0.000000
vt 0.396957 0.707572
vt 0.396957 0.000000
vt 0.396957 0.733172
vt 0.396957 1.202488
vt 0.396957 1.422921
vt 0.396957 1.870883
vt 0.396957 1.671852
vt 0.396957 2.422105
vt 0.396957 2.330397
vt 0.396957 2.695422
vt 0.396957 2.429535
vt 0.396957 1.471793
vt 0.603043 1.471793
vt 0.396957 2.764788
vt 0.396957 1.156736
vt 0.603043 1.156736
vt 0.396957 2.719750
vt 0.396957 1.001899
vt 0.603043 1.001899
vt 0.396957 2.228361
vt 0.396957 1.077816
vt 0.603043 1.077816
vt 0.396957 2.209244
vt 0.396957 1.189643
vt 0.603043 1.189643
vt 0.396957 2.186064
vt 0.396957 1.244709
vt 0.603043 1.244709
vt 0.396957 2.583829
vt 0.396957 0.972204
vt 0.603043 0.972204
vt 0.396957 2.061512
vt 0.396957 1.190144
vt 0.603043 1.190144
vt 0.396957 2.656486
vt 0.396957 1.268561
vt 0.603043 1.268561
vt 0.396957 2.668170
vt 0.396957 1.046363
vt 0.603043 1.046363
vt 0.396957 2.214982
vt 0.396957 1.041803
vt 0.603043 1.041803
vt 0.396957 2.448483
vt 0.396957 1.000314
vt 0.603043 1.000314
vt 0.396957 2.309708
vt 0.396957 0.931751
vt 0.603043 0.931751
vt 0.396957 1.883337
vt 0.396957 0.972101
vt 0.603043 0.972101
vt 0.396957 2.034946
vt 0.396957 1.105541
vt 0.603043 1.105541
vt 0.396957 2.315975
vt 0.396957 0.929964
vt 0.603043 0.929964
vt 0.396957 1.819935
vt 0.396957 0.884023
vt 0.603043 0.884023
vt 0.396957 1.879490
vt 0.396957 0.874296
vt 0.603043 0.874296
vt 0.396957 1.997887
vt 0.396957 0.975569
vt 0.603043 0.975569
vt 0.396957 2.189023
vt 0.396957 0.944759
vt 0.603043 0.944759
vt 0.396957 1.863097
vt 0.396957 1.076572
vt 0.603043 1.076572
vt 0.396957 1.967004
vt 0.396957 0.742615
vt 0.603043 0.742615
vt 0.396957 1.527573
vt 0.396957 1.837155
vt 0.396957 1.474895
vt 0.396957 1.480514
vt 0.396957 1.570061
vt 0.396957 1.252541
vt 0.396957 1.134901
vt 0.396957 0.803457
vt 0.396957 0.952166
vt 0.396957 0.522273
vt 0.396957 0.511589
vt 0.603043 0.707572
vt 0.603043 0.733172
vt 0.603043 1.202488
vt 0.603043 1.422921
vt 0.603043 1.870883
vt 0.603043 1.671852
vt 0.603043 2.422105
vt 0.603043 2.330397
vt 0.603043 2.695422
vt 0.603043 2.429535
vt 0.603043 2.764788
vt 0.603043 2.719750
vt 0.603043 2.228361
vt 0.603043 2.209244
vt 0.603043 2.186064
vt 0.603043 2.583829
vt 0.603043 2.061512
vt 0.603043 2.656486
vt 0.603043 2.668170
vt 0.603043 2.214982
vt 0.603043 2.448483
vt 0.603043 2.309708
vt 0.603043 1.883337
vt 0.603043 2.034946
vt 0.603043 2.315975
vt 0.603043 1.819935
vt 0.603043 1.879490
vt 0.603043 1.997887
vt 0.603043 2.189023
vt 0.603043 1.863097
vt 0.603043 1.967004
vt 0.603043 1.527573
vt 0.603043 1.837155
vt 0.603043 1.474895
vt 0.603043 1.480514
vt 0.603043 1.570061
vt 0.603043 1.252541
vt 0.603043 1.134901
vt 0.603043 0.803457
vt 0.603043 0.952166
vt 0.603043 0.522273
vt 0.603043 0.511589
vt 0.312343 1.203604
vt 0.687657 1.203604
vt 0.328490 2.407209
vt 0.671510 2.407209
vt 0.346171 3.610813
vt 0.653829 3.610813
vt 0.365987 4.814417
vt 0.634013 4.814417
vt 0.389093 6.018022
vt 0.610907 6.018022
vt 0.418409 7.221626
vt 0.581591 7.221626
vt 0.481579 8.425230
vt 0.598695 0.000000
vt 0.401305 0.926366
vt 0.401305 0.000000
vt 0.401305 0.707175
vt 0.401305 1.344652
vt 0.401305 1.265805
vt 0.401305 1.844249
vt 0.401305 1.665591
vt 0.401305 2.007769
vt 0.401305 2.037611
vt 0.401305 2.232994
vt 0.401305 2.188858
vt 0.401305 1.029856
vt 0.598695 1.029856
vt 0.401305 2.425876
vt 0.401305 1.051019
vt 0.598695 1.051019
vt 0.401305 2.133132
vt 0.401305 1.005638
vt 0.598695 1.005638
vt 0.401305 2.080762
vt 0.401305 1.008176
vt 0.598695 1.008176
vt 0.401305 2.194274
vt 0.401305 1.054157
vt 0.598695 1.054157
vt 0.401305 2.222280
vt 0.401305 1.282984
vt 0.598695 1.282984
vt 0.401305 2.678639
vt 0.401305 1.427818
vt 0.598695 1.427818
vt 0.401305 2.664928
vt 0.401305 1.132506
vt 0.598695 1.132506
vt 0.401305 2.179346
vt 0.401305 1.121770
vt 0.598695 1.121770
vt 0.401305 2.153082
vt 0.401305 1.151651
vt 0.598695 1.151651
vt 0.401305 2.641124
vt 0.401305 1.197922
vt 0.598695 1.197922
vt 0.401305 2.579150
vt 0.401305 1.057533
vt 0.598695 1.057533
vt 0.401305 2.025841
vt 0.401305 0.947062
vt 0.598695 0.947062
vt 0.401305 2.173102
vt 0.401305 1.254853
vt 0.598695 1.254853
vt 0.401305 2.395877
vt 0.401305 1.022066
vt 0.598695 1.022066
vt 0.401305 1.869327
vt 0.401305 0.923046
vt 0.598695 0.923046
vt 0.401305 2.074037
vt 0.401305 0.827926
vt 0.598695 0.827926
vt 0.401305 1.909139
vt 0.401305 1.110728
vt 0.598695 1.110728
vt 0.401305 2.088384
vt 0.401305 0.902697
vt 0.598695 0.902697
vt 0.401305 2.122943
vt 0.401305 0.837874
vt 0.598695 0.837874
vt 0.401305 1.694780
vt 0.401305 0.723964
vt 0.598695 0.723964
vt 0.401305 1.662634
vt 0.401305 0.897057
vt 0.598695 0.897057
vt 0.401305 1.847497
vt 0.401305 1.372904
vt 0.401305 1.550865
vt 0.401305 1.437425
vt 0.401305 1.498716
vt 0.401305 1.125840
vt 0.401305 1.182553
vt 0.401305 1.014172
vt 0.401305 0.832719
vt 0.401305 0.503962
vt 0.401305 0.555917
vt 0.518421 8.425230
vt 0.598695 0.926366
vt 0.598695 0.707175
vt 0.598695 1.344652
vt 0.598695 1.265805
vt 0.598695 1.844249
vt 0.598695 1.665591
vt 0.598695 2.007769
vt 0.598695 2.037611
vt 0.598695 2.232994
vt 0.598695 2.188858
vt 0.598695 2.425876
vt 0.598695 2.133132
vt 0.598695 2.080762
vt 0.598695 2.194274
vt 0.598695 2.222280
vt 0.598695 2.678639
vt 0.598695 2.664928
vt 0.598695 2.179346
vt 0.598695 2.153082
vt 0.598695 2.641124
vt 0.598695 2.579150
vt 0.598695 2.025841
vt 0.598695 2.173102
vt 0.598695 2.395877
vt 0.598695 1.869327
vt 0.598695 2.074037
vt 0.598695 1.909139
vt 0.598695 2.088384
vt 0.598695 2.122943
vt 0.598695 1.694780
vt 0.598695 1.662634
vt 0.598695 1.847497
vt 0.598695 1.372904
vt 0.598695 1.550865
vt 0.598695 1.437425
vt 0.598695 1.498716
vt 0.598695 1.125840
vt 0.598695 1.182553
vt 0.598695 1.014172
vt 0.598695 0.832719
vt 0.598695 0.503962
vt 0.598695 0.555917
vt 0.687657 1.208204
vt 0.312343 1.208204
vt 0.671510 2.416408
vt 0.328490 2.416408
vt 0.653829 3.624612
vt 0.346171 3.624612
vt 0.634013 4.832816
vt 0.365987 4.832816
vt 0.610907 6.041019
vt 0.389093 6.041019
vt 0.581591 7.249223
vt 0.418409 7.249223
vt 0.518421 8.457427
vt 0.481579 8.457427
vt 0.598635 0.000000
vt 0.401365 0.862084
vt 0.401365 0.000000
vt 0.401365 0.839078
vt 0.401365 1.281116
vt 0.401365 1.165564
vt 0.401365 2.120480
vt 0.401365 2.012500
vt 0.401365 2.214461
vt 0.401365 1.957175
vt 0.401365 2.347462
vt 0.401365 2.141846
vt 0.401365 1.179260
vt 0.598635 1.179260
vt 0.401365 2.413886
vt 0.401365 0.880749
vt 0.598635 0.880749
vt 0.401365 2.005877
vt 0.401365 1.168988
vt 0.598635 1.168988
vt 0.401365 2.451728
vt 0.401365 1.179805
vt 0.598635 1.179805
vt 0.401365 2.459152
vt 0.401365 1.086735
vt 0.598635 1.086735
vt 0.401365 2.133776
vt 0.401365 1.131967
vt 0.598635 1.131967
vt 0.401365 2.251774
vt 0.401365 1.177148
vt 0.598635 1.177148
vt 0.401365 2.380489
vt 0.401365 1.132280
vt 0.598635 1.132280
vt 0.401365 2.530112
vt 0.401365 1.234429
vt 0.598635 1.234429
vt 0.401365 2.277739
vt 0.401365 1.170111
vt 0.598635 1.170111
vt 0.401365 2.489612
vt 0.401365 1.065089
vt 0.598635 1.065089
vt 0.401365 2.505790
vt 0.401365 1.036662
vt 0.598635 1.036662
vt 0.401365 2.357674
vt 0.401365 0.929505
vt 0.598635 0.929505
vt 0.401365 2.130685
vt 0.401365 1.041528
vt 0.598635 1.041528
vt 0.401365 2.468570
vt 0.401365 0.902475
vt 0.598635 0.902475
vt 0.401365 1.961086
vt 0.401365 0.959896
vt 0.598635 0.959896
vt 0.401365 1.919683
vt 0.401365 1.066343
vt 0.598635 1.066343
vt 0.401365 2.260664
vt 0.401365 0.818694
vt 0.598635 0.818694
vt 0.401365 1.838200
vt 0.401365 1.025341
vt 0.598635 1.025341
vt 0.401365 1.922291
vt 0.401365 0.917619
vt 0.598635 0.917619
vt 0.401365 1.861139
vt 0.401365 0.753617
vt 0.598635 0.753617
vt 0.401365 1.587194
vt 0.401365 0.720548
vt 0.598635 0.720548
vt 0.401365 1.641957
vt 0.401365 1.305259
vt 0.401365 1.769056
vt 0.401365 1.378994
vt 0.401365 1.195385
vt 0.401365 0.969812
vt 0.401365 1.288558
vt 0.401365 0.763174
vt 0.401365 1.023137
vt 0.401365 0.535336
vt 0.401365 0.565593
vt 0.598635 0.862084
vt 0.598635 0.839078
vt 0.598635 1.281116
vt 0.598635 1.165564
vt 0.598635 2.120480
vt 0.598635 2.012500
vt 0.598635 2.214461
vt 0.598635 1.957175
vt 0.598635 2.347462
vt 0.598635 2.141846
vt 0.598635 2.413886
vt 0.598635 2.005877
vt 0.598635 2.451728
vt 0.598635 2.459152
vt 0.598635 2.133776
vt 0.598635 2.251774
vt 0.598635 2.380489
vt 0.598635 2.530112
vt 0.598635 2.277739
vt 0.598635 2.489612
vt 0.598635 2.505790
vt 0.598635 2.357674
vt 0.598635 2.130685
vt 0.598635 2.468570
vt 0.598635 1.961086
vt 0.598635 1.919683
vt 0.598635 2.260664
vt 0.598635 1.838200
vt 0.598635 1.922291
vt 0.598635 1.861139
vt 0.598635 1.587194
vt 0.598635 1.641957
vt 0.598635 1.305259
vt 0.598635 1.769056
vt 0.598635 1.378994
vt 0.598635 1.195385
vt 0.598635 0.969812
vt 0.598635 1.288558
vt 0.598635 0.763174
vt 0.598635 1.023137
vt 0.598635 0.535336
vt 0.598635 0.565593
vt 0.687657 1.315644
vt 0.312343 1.315644
vt 0.671510 2.631289
vt 0.328490 2.631289
vt 0.653829 3.946933
vt 0.346171 3.946933
vt 0.634013 5.262578
vt 0.365987 5.262578
vt 0.610907 6.578222
vt 0.389093 6.578222
vt 0.581591 7.893866
vt 0.418409 7.893866
vt 0.518421 9.209511
vt 0.481579 9.209511
vt 0.607862 0.000000
vt 0.392138 0.953945
vt 0.392138 0.000000
vt 0.392138 0.928414
vt 0.392138 1.572356
vt 0.392138 1.409168
vt 0.392138 1.960360
vt 0.392138 1.874764
vt 0.392138 2.811584
vt 0.392138 2.420548
vt 0.392138 2.810587
vt 0.392138 2.853058
vt 0.392138 1.029019
vt 0.607862 1.029019
vt 0.392138 2.373095
vt 0.392138 1.385551
vt 0.607862 1.385551
vt 0.392138 2.962924
vt 0.392138 1.586035
vt 0.607862 1.586035
vt 0.392138 3.003582
vt 0.392138 1.078105
vt 0.607862 1.078105
vt 0.392138 2.139189
vt 0.392138 1.413991
vt 0.607862 1.413991
vt 0.392138 2.859911
vt 0.392138 1.244243
vt 0.607862 1.244243
vt 0.392138 2.614261
vt 0.392138 1.337094
vt 0.607862 1.337094
vt 0.392138 2.510711
vt 0.392138 0.906277
vt 0.607862 0.906277
vt 0.392138 2.128843
vt 0.392138 1.280503
vt 0.607862 1.280503
vt 0.392138 2.413390
vt 0.392138 1.218029
vt 0.607862 1.218029
vt 0.392138 2.510057
vt 0.392138 1.037349
vt 0.607862 1.037349
vt 0.392138 2.388467
vt 0.392138 1.114615
vt 0.607862 1.114615
vt 0.392138 2.482147
vt 0.392138 1.212181
vt 0.607862 1.212181
vt 0.392138 2.280117
vt 0.392138 1.246809
vt 0.607862 1.246809
vt 0.392138 2.694065
vt 0.392138 1.031798
vt 0.607862 1.031798
vt 0.392138 2.291340
vt 0.392138 1.124149
vt 0.607862 1.124149
vt 0.392138 2.060657
vt 0.392138 0.886988
vt 0.607862 0.886988
vt 0.392138 2.109985
vt 0.392138 1.007388
vt 0.607862 1.007388
vt 0.392138 2.362437
vt 0.392138 1.005563
vt 0.607862 1.005563
vt 0.392138 2.230713
vt 0.392138 0.881696
vt 0.607862 0.881696
vt 0.392138 1.699720
vt 0.392138 0.993127
vt 0.607862 0.993127
vt 0.392138 1.956239
vt 0.392138 0.985432
vt 0.607862 0.985432
vt 0.392138 1.796484
vt 0.392138 1.475989
vt 0.392138 1.827930
vt 0.392138 1.263407
vt 0.392138 1.493461
vt 0.392138 1.298932
vt 0.392138 1.453558
vt 0.392138 1.025365
vt 0.392138 1.020454
vt 0.392138 0.608327
vt 0.392138 0.488453
vt 0.607862 0.953945
vt 0.607862 0.928414
vt 0.607862 1.572356
vt 0.607862 1.409168
vt 0.607862 1.960360
vt 0.607862 1.874764
vt 0.607862 2.811584
vt 0.607862 2.420548
vt 0.607862 2.810587
vt 0.607862 2.853058
vt 0.607862 2.373095
vt 0.607862 2.962924
vt 0.607862 3.003582
vt 0.607862 2.139189
vt 0.607862 2.859911
vt 0.607862 2.614261
vt 0.607862 2.510711
vt 0.607862 2.128843
vt 0.607862 2.413390
vt 0.607862 2.510057
vt 0.607862 2.388467
vt 0.607862 2.482147
vt 0.607862 2.280117
vt 0.607862 2.694065
vt 0.607862 2.291340
vt 0.607862 2.060657
vt 0.607862 2.109985
vt 0.607862 2.362437
vt 0.607862 2.230713
vt 0.607862 1.699720
vt 0.607862 1.956239
vt 0.607862 1.796484
vt 0.607862 1.475989
vt 0.607862 1.827930
vt 0.607862 1.263407
vt 0.607862 1.493461
vt 0.607862 1.298932
vt 0.607862 1.453558
vt 0.607862 1.025365
vt 0.607862 1.020454
vt 0.607862 0.608327
vt 0.607862 0.488453
vt 0.687657 1.344396
vt 0.312343 1.344396
vt 0.671510 2.688793
vt 0.328490 2.688793
vt 0.653829 4.033189
vt 0.346171 4.033189
vt 0.634013 5.377586
vt 0.365987 5.377586
vt 0.610907 6.721982
vt 0.389093 6.721982
vt 0.581591 8.066379
vt 0.418409 8.066379
vt 0.518421 9.410775
vt 0.481579 9.410775
vt 0.613360 0.000000
vt 0.386640 0.849929
vt 0.386640 0.000000
vt 0.386640 0.851933
vt 0.386640 1.295100
vt 0.386640 1.709772
vt 0.386640 2.302786
vt 0.386640 1.748417
vt 0.386640 2.848267
vt 0.386640 2.223374
vt 0.386640 2.346467
vt 0.386640 2.593545
vt 0.386640 1.186075
vt 0.613360 1.186075
vt 0.386640 2.532978
vt 0.386640 1.284276
vt 0.613360 1.284276
vt 0.386640 2.929486
vt 0.386640 1.270366
vt 0.613360 1.270366
vt 0.386640 2.953625
vt 0.386640 1.007081
vt 0.613360 1.007081
vt 0.386640 2.275875
vt 0.386640 1.478875
vt 0.613360 1.478875
vt 0.386640 2.786143
vt 0.386640 1.119569
vt 0.613360 1.119569
vt 0.386640 2.470298
vt 0.386640 1.050737
vt 0.613360 1.050737
vt 0.386640 2.316699
vt 0.386640 1.462009
vt 0.613360 1.462009
vt 0.386640 2.938794
vt 0.386640 1.323003
vt 0.613360 1.323003
vt 0.386640 2.767672
vt 0.386640 1.230973
vt 0.613360 1.230973
vt 0.386640 2.801932
vt 0.386640 1.341111
vt 0.613360 1.341111
vt 0.386640 2.618488
vt 0.386640 1.433396
vt 0.613360 1.433396
vt 0.386640 2.706284
vt 0.386640 0.982626
vt 0.613360 0.982626
vt 0.386640 2.007083
vt 0.386640 0.936792
vt 0.613360 0.936792
vt 0.386640 2.007500
vt 0.386640 0.842802
vt 0.613360 0.842802
vt 0.386640 1.928024
vt 0.386640 0.947817
vt 0.613360 0.947817
vt 0.386640 2.239156
vt 0.386640 0.818131
vt 0.613360 0.818131
vt 0.386640 1.848360
vt 0.386640 1.044017
vt 0.613360 1.044017
vt 0.386640 1.920036
vt 0.386640 0.968931
vt 0.613360 0.968931
vt 0.386640 1.823261
vt 0.386640 0.993082
vt 0.613360 0.993082
vt 0.386640 1.924556
vt 0.386640 1.128522
vt 0.613360 1.128522
vt 0.386640 2.157575
vt 0.386640 1.071874
vt 0.613360 1.071874
vt 0.386640 2.104223
vt 0.386640 1.977329
vt 0.386640 1.503106
vt 0.386640 1.635473
vt 0.386640 1.479253
vt 0.386640 1.166562
vt 0.386640 1.139486
vt 0.386640 0.876882
vt 0.386640 1.107334
vt 0.386640 0.642155
vt 0.386640 0.482331
vt 0.613360 0.849929
vt 0.613360 0.851933
vt 0.613360 1.295100
vt 0.613360 1.709772
vt 0.613360 2.302786
vt 0.613360 1.748417
vt 0.613360 2.848267
vt 0.613360 2.223374
vt 0.613360 2.346467
vt 0.613360 2.593545
vt 0.613360 2.532978
vt 0.613360 2.929486
vt 0.613360 2.953625
vt 0.613360 2.275875
vt 0.613360 2.786143
vt 0.613360 2.470298
vt 0.613360 2.316699
vt 0.613360 2.938794
vt 0.613360 2.767672
vt 0.613360 2.801932
vt 0.613360 2.618488
vt 0.613360 2.706284
vt 0.613360 2.007083
vt 0.613360 2.007500
vt 0.613360 1.928024
vt 0.613360 2.239156
vt 0.613360 1.848360
vt 0.613360 1.920036
vt 0.613360 1.823261
vt 0.613360 1.924556
vt 0.613360 2.157575
vt 0.613360 2.104223
vt 0.613360 1.977329
vt 0.613360 1.503106
vt 0.613360 1.635473
vt 0.613360 1.479253
vt 0.613360 1.166562
vt 0.613360 1.139486
vt 0.613360 0.876882
vt 0.613360 1.107334
vt 0.613360 0.642155
vt 0.613360 0.482331
vt 0.687657 1.364380
vt 0.312343 1.364380
vt 0.671510 2.728759
vt 0.328490 2.728759
vt 0.653829 4.093139
vt 0.346171 4.093139
vt 0.634013 5.457519
vt 0.365987 5.457519
vt 0.610907 6.821898
vt 0.389093 6.821898
vt 0.581591 8.186277
vt 0.418409 8.186277
vt 0.518421 9.550657
vt 0.481579 9.550657
vt 0.610478 0.000000
vt 0.389522 0.953806
vt 0.389522 0.000000
vt 0.389522 0.783811
vt 0.389522 1.479218
vt 0.389522 1.615459
vt 0.389522 2.365446
vt 0.389522 1.974798
vt 0.389522 2.297343
vt 0.389522 2.570748
vt 0.389522 2.723057
vt 0.389522 2.968158
vt 0.389522 1.474597
vt 0.610478 1.474597
vt 0.389522 2.843386
vt 0.389522 1.225703
vt 0.610478 1.225703
vt 0.389522 2.603672
vt 0.389522 1.227813
vt 0.610478 1.227813
vt 0.389522 2.671810
vt 0.389522 1.434200
vt 0.610478 1.434200
vt 0.389522 2.705983
vt 0.389522 1.387816
vt 0.610478 1.387816
vt 0.389522 2.547440
vt 0.389522 1.441546
vt 0.610478 1.441546
vt 0.389522 2.862809
vt 0.389522 1.269963
vt 0.610478 1.269963
vt 0.389522 2.937300
vt 0.389522 1.323029
vt 0.610478 1.323029
vt 0.389522 2.717528
vt 0.389522 1.485836
vt 0.610478 1.485836
vt 0.389522 2.912455
vt 0.389522 1.373347
vt 0.610478 1.373347
vt 0.389522 2.730076
vt 0.389522 1.516307
vt 0.610478 1.516307
vt 0.389522 2.880779
vt 0.389522 1.278574
vt 0.610478 1.278574
vt 0.389522 2.907931
vt 0.389522 1.312719
vt 0.610478 1.312719
vt 0.389522 2.458439
vt 0.389522 1.056309
vt 0.610478 1.056309
vt 0.389522 2.364983
vt 0.389522 1.452128
vt 0.610478 1.452128
vt 0.389522 2.728436
vt 0.389522 1.400354
vt 0.610478 1.400354
vt 0.389522 2.694343
vt 0.389522 1.111671
vt 0.610478 1.111671
vt 0.389522 2.469274
vt 0.389522 0.917516
vt 0.610478 0.917516
vt 0.389522 1.855367
vt 0.389522 1.043925
vt 0.610478 1.043925
vt 0.389522 2.054505
vt 0.389522 0.889500
vt 0.610478 0.889500
vt 0.389522 1.957832
vt 0.389522 0.829119
vt 0.610478 0.829119
vt 0.389522 1.960168
vt 0.389522 1.030724
vt 0.610478 1.030724
vt 0.389522 1.900697
vt 0.389522 1.806666
vt 0.389522 1.547862
vt 0.389522 1.311584
vt 0.389522 1.619764
vt 0.389522 1.412375
vt 0.389522 1.439961
vt 0.389522 1.119752
vt 0.389522 0.873092
vt 0.389522 0.622813
vt 0.389522 0.665185
vt 0.610478 0.953806
vt 0.610478 0.783811
vt 0.610478 1.479218
vt 0.610478 1.615459
vt 0.610478 2.365446
vt 0.610478 1.974798
vt 0.610478 2.297343
vt 0.610478 2.570748
vt 0.610478 2.723057
vt 0.610478 2.968158
vt 0.610478 2.843386
vt 0.610478 2.603672
vt 0.610478 2.671810
vt 0.610478 2.705983
vt 0.610478 2.547440
vt 0.610478 2.862809
vt 0.610478 2.937300
vt 0.610478 2.717528
vt 0.610478 2.912455
vt 0.610478 2.730076
vt 0.610478 2.880779
vt 0.610478 2.907931
vt 0.610478 2.458439
vt 0.610478 2.364983
vt 0.610478 2.728436
vt 0.610478 2.694343
vt 0.610478 2.469274
vt 0.610478 1.855367
vt 0.610478 2.054505
vt 0.610478 1.957832
vt 0.610478 1.960168
vt 0.610478 1.900697
vt 0.610478 1.806666
vt 0.610478 1.547862
vt 0.610478 1.311584
vt 0.610478 1.619764
vt 0.610478 1.412375
vt 0.610478 1.439961
vt 0.610478 1.119752
vt 0.610478 0.873092
vt 0.610478 0.622813
vt 0.610478 0.665185
vt 0.312343 1.447723
vt 0.687657 1.447723
vt 0.328490 2.895446
vt 0.671510 2.895446
vt 0.346171 4.343168
vt 0.653829 4.343168
vt 0.365987 5.790891
vt 0.634013 5.790891
vt 0.389093 7.238614
vt 0.610907 7.238614
vt 0.418409 8.686337
vt 0.581591 8.686337
vt 0.481579 10.134060
vt 0.620603 0.000000
vt 0.379397 0.911143
vt 0.379397 0.000000
vt 0.379397 1.130286
vt 0.379397 1.550432
vt 0.379397 1.531229
vt 0.379397 1.942942
vt 0.379397 2.140886
vt 0.379397 2.653362
vt 0.379397 2.787981
vt 0.379397 2.351632
vt 0.379397 3.010410
vt 0.379397 1.117110
vt 0.620603 1.117110
vt 0.379397 2.570914
vt 0.379397 1.362174
vt 0.620603 1.362174
vt 0.379397 2.580983
vt 0.379397 1.711097
vt 0.620603 1.711097
vt 0.379397 3.292376
vt 0.379397 1.581171
vt 0.620603 1.581171
vt 0.379397 3.084894
vt 0.379397 1.672096
vt 0.620603 1.672096
vt 0.379397 3.255622
vt 0.379397 1.656447
vt 0.620603 1.656447
vt 0.379397 3.320810
vt 0.379397 1.160093
vt 0.620603 1.160093
vt 0.379397 2.422794
vt 0.379397 1.328262
vt 0.620603 1.328262
vt 0.379397 2.777193
vt 0.379397 1.331381
vt 0.620603 1.331381
vt 0.379397 2.430232
vt 0.379397 1.210363
vt 0.620603 1.210363
vt 0.379397 2.512423
vt 0.379397 1.226338
vt 0.620603 1.226338
vt 0.379397 2.397177
vt 0.379397 1.231752
vt 0.620603 1.231752
vt 0.379397 2.271068
vt 0.379397 1.482293
vt 0.620603 1.482293
vt 0.379397 3.032350
vt 0.379397 1.052989
vt 0.620603 1.052989
vt 0.379397 2.409295
vt 0.379397 1.148803
vt 0.620603 1.148803
vt 0.379397 2.603373
vt 0.379397 1.479787
vt 0.620603 1.479787
vt 0.379397 2.848602
vt 0.379397 1.133026
vt 0.620603 1.133026
vt 0.379397 2.293003
vt 0.379397 1.109641
vt 0.620603 1.109641
vt 0.379397 2.386662
vt 0.379397 0.876298
vt 0.620603 0.876298
vt 0.379397 2.012624
vt 0.379397 0.851353
vt 0.620603 0.851353
vt 0.379397 1.962348
vt 0.379397 0.923500
vt 0.620603 0.923500
vt 0.379397 1.831981
vt 0.379397 1.130370
vt 0.620603 1.130370
vt 0.379397 2.205989
vt 0.379397 1.663773
vt 0.379397 1.968431
vt 0.379397 1.465892
vt 0.379397 1.768531
vt 0.379397 1.240625
vt 0.379397 1.470786
vt 0.379397 0.911882
vt 0.379397 1.015871
vt 0.379397 0.681686
vt 0.379397 0.688426
vt 0.518421 10.134060
vt 0.620603 0.911143
vt 0.620603 1.130286
vt 0.620603 1.550432
vt 0.620603 1.531229
vt 0.620603 1.942942
vt 0.620603 2.140886
vt 0.620603 2.653362
vt 0.620603 2.787981
vt 0.620603 2.351632
vt 0.620603 3.010410
vt 0.620603 2.570914
vt 0.620603 2.580983
vt 0.620603 3.292376
vt 0.620603 3.084894
vt 0.620603 3.255622
vt 0.620603 3.320810
vt 0.620603 2.422794
vt 0.620603 2.777193
vt 0.620603 2.430232
vt 0.620603 2.512423
vt 0.620603 2.397177
vt 0.620603 2.271068
vt 0.620603 3.032350
vt 0.620603 2.409295
vt 0.620603 2.603373
vt 0.620603 2.848602
vt 0.620603 2.293003
vt 0.620603 2.386662
vt 0.620603 2.012624
vt 0.620603 1.962348
vt 0.620603 1.831981
vt 0.620603 2.205989
vt 0.620603 1.663773
vt 0.620603 1.968431
vt 0.620603 1.465892
vt 0.620603 1.768531
vt 0.620603 1.240625
vt 0.620603 1.470786
vt 0.620603 0.911882
vt 0.620603 1.015871
vt 0.620603 0.681686
vt 0.620603 0.688426
vt 0.312343 1.413680
vt 0.687657 1.413680
vt 0.328490 2.827360
vt 0.671510 2.827360
vt 0.346171 4.241039
vt 0.653829 4.241039
vt 0.365987 5.654719
vt 0.634013 5.654719
vt 0.389093 7.068399
vt 0.610907 7.068399
vt 0.418409 8.482079
vt 0.581591 8.482079
vt 0.481579 9.895759
vt 0.616548 0.000000
vt 0.383452 1.042392
vt 0.383452 0.000000
vt 0.383452 0.809651
vt 0.383452 1.883513
vt 0.383452 1.742124
vt 0.383452 2.486492
vt 0.383452 2.189701
vt 0.383452 2.827997
vt 0.383452 2.141039
vt 0.383452 3.002286
vt 0.383452 2.867105
vt 0.383452 1.057266
vt 0.616548 1.057266
vt 0.383452 2.426885
vt 0.383452 1.605594
vt 0.616548 1.605594
vt 0.383452 2.982125
vt 0.383452 1.400603
vt 0.616548 1.400603
vt 0.383452 2.853450
vt 0.383452 1.315359
vt 0.616548 1.315359
vt 0.383452 2.424899
vt 0.383452 1.183465
vt 0.616548 1.183465
vt 0.383452 2.696199
vt 0.383452 1.455137
vt 0.616548 1.455137
vt 0.383452 3.006049
vt 0.383452 1.311434
vt 0.616548 1.311434
vt 0.383452 2.863533
vt 0.383452 1.119604
vt 0.616548 1.119604
vt 0.383452 2.609403
vt 0.383452 0.949429
vt 0.616548 0.949429
vt 0.383452 2.245453
vt 0.383452 1.375963
vt 0.616548 1.375963
vt 0.383452 2.583994
vt 0.383452 1.276657
vt 0.616548 1.276657
vt 0.383452 2.813324
vt 0.383452 1.465869
vt 0.616548 1.465869
vt 0.383452 2.893059
vt 0.383452 1.420837
vt 0.616548 1.420837
vt 0.383452 2.772074
vt 0.383452 1.170384
vt 0.616548 1.170384
vt 0.383452 2.479156
vt 0.383452 1.436221
vt 0.616548 1.436221
vt 0.383452 2.829315
vt 0.383452 1.065658
vt 0.616548 1.065658
vt 0.383452 2.392041
vt 0.383452 1.259182
vt 0.616548 1.259182
vt 0.383452 2.534946
vt 0.383452 1.258465
vt 0.616548 1.258465
vt 0.383452 2.301259
vt 0.383452 1.172950
vt 0.616548 1.172950
vt 0.383452 2.362812
vt 0.383452 0.983664
vt 0.616548 0.983664
vt 0.383452 2.180448
vt 0.383452 0.890241
vt 0.616548 0.890241
vt 0.383452 1.805930
vt 0.383452 1.007601
vt 0.616548 1.007601
vt 0.383452 2.205639
vt 0.383452 1.975549
vt 0.383452 1.883291
vt 0.383452 1.854932
vt 0.383452 1.750905
vt 0.383452 1.379671
vt 0.383452 1.562606
vt 0.383452 1.020372
vt 0.383452 1.044535
vt 0.383452 0.648640
vt 0.383452 0.682272
vt 0.518421 9.895759
vt 0.616548 1.042392
vt 0.616548 0.809651
vt 0.616548 1.883513
vt 0.616548 1.742124
vt 0.616548 2.486492
vt 0.616548 2.189701
vt 0.616548 2.827997
vt 0.616548 2.141039
vt 0.616548 3.002286
vt 0.616548 2.867105
vt 0.616548 2.426885
vt 0.616548 2.982125
vt 0.616548 2.853450
vt 0.616548 2.424899
vt 0.616548 2.696199
vt 0.616548 3.006049
vt 0.616548 2.863533
vt 0.616548 2.609403
vt 0.616548 2.245453
vt 0.616548 2.583994
vt 0.616548 2.813324
vt 0.616548 2.893059
vt 0.616548 2.772074
vt 0.616548 2.479156
vt 0.616548 2.829315
vt 0.616548 2.392041
vt 0.616548 2.534946
vt 0.616548 2.301259
vt 0.616548 2.362812
vt 0.616548 2.180448
vt 0.616548 1.805930
vt 0.616548 2.205639
vt 0.616548 1.975549
vt 0.616548 1.883291
vt 0.616548 1.854932
vt 0.616548 1.750905
vt 0.616548 1.379671
vt 0.616548 1.562606
vt 0.616548 1.020372
vt 0.616548 1.044535
vt 0.616548 0.648640
vt 0.616548 0.682272
vt 0.687657 1.423923
vt 0.312343 1.423923
vt 0.671510 2.847846
vt 0.328490 2.847846
vt 0.653829 4.271769
vt 0.346171 4.271769
vt 0.634013 5.695692
vt 0.365987 5.695692
vt 0.610907 7.119615
vt 0.389093 7.119615
vt 0.581591 8.543538
vt 0.418409 8.543538
vt 0.518421 9.967462
vt 0.481579 9.967462
vt 0.616256 0.000000
vt 0.383744 1.034916
vt 0.383744 0.000000
vt 0.383744 0.860226
vt 0.383744 1.380682
vt 0.383744 1.835717
vt 0.383744 1.902156
vt 0.383744 2.425352
vt 0.383744 2.785985
vt 0.383744 2.335042
vt 0.383744 2.712407
vt 0.383744 2.696730
vt 0.383744 1.168321
vt 0.616256 1.168321
vt 0.383744 2.521123
vt 0.383744 1.259295
vt 0.616256 1.259295
vt 0.383744 2.292097
vt 0.383744 1.096747
vt 0.616256 1.096747
vt 0.383744 2.511225
vt 0.383744 1.589996
vt 0.616256 1.589996
vt 0.383744 2.927326
vt 0.383744 1.582016
vt 0.616256 1.582016
vt 0.383744 3.027674
vt 0.383744 1.001271
vt 0.616256 1.001271
vt 0.383744 2.358808
vt 0.383744 1.454665
vt 0.616256 1.454665
vt 0.383744 2.941069
vt 0.383744 1.096614
vt 0.616256 1.096614
vt 0.383744 2.514348
vt 0.383744 1.202129
vt 0.616256 1.202129
vt 0.383744 2.730833
vt 0.383744 1.424900
vt 0.616256 1.424900
vt 0.383744 2.990610
vt 0.383744 1.613835
vt 0.616256 1.613835
vt 0.383744 3.093949
vt 0.383744 1.394321
vt 0.616256 1.394321
vt 0.383744 2.788028
vt 0.383744 1.236532
vt 0.616256 1.236532
vt 0.383744 2.355833
vt 0.383744 1.449162
vt 0.616256 1.449162
vt 0.383744 2.873293
vt 0.383744 1.208281
vt 0.616256 1.208281
vt 0.383744 2.548173
vt 0.383744 1.019610
vt 0.616256 1.019610
vt 0.383744 2.179503
vt 0.383744 1.313682
vt 0.616256 1.313682
vt 0.383744 2.628104
vt 0.383744 0.977062
vt 0.616256 0.977062
vt 0.383744 2.131301
vt 0.383744 1.284736
vt 0.616256 1.284736
vt 0.383744 2.521976
vt 0.383744 1.059948
vt 0.616256 1.059948
vt 0.383744 2.382490
vt 0.383744 0.993903
vt 0.616256 0.993903
vt 0.383744 1.950087
vt 0.383744 1.037570
vt 0.616256 1.037570
vt 0.383744 2.058319
vt 0.383744 2.065565
vt 0.383744 1.665193
vt 0.383744 1.334436
vt 0.383744 1.423284
vt 0.383744 1.171580
vt 0.383744 1.189025
vt 0.383744 1.185384
vt 0.383744 1.200805
vt 0.383744 0.641485
vt 0.383744 0.603966
vt 0.616256 1.034916
vt 0.616256 0.860226
vt 0.616256 1.380682
vt 0.616256 1.835717
vt 0.616256 1.902156
vt 0.616256 2.425352
vt 0.616256 2.785985
vt 0.616256 2.335042
vt 0.616256 2.712407
vt 0.616256 2.696730
vt 0.616256 2.521123
vt 0.616256 2.292097
vt 0.616256 2.511225
vt 0.616256 2.927326
vt 0.616256 3.027674
vt 0.616256 2.358808
vt 0.616256 2.941069
vt 0.616256 2.514348
vt 0.616256 2.730833
vt 0.616256 2.990610
vt 0.616256 3.093949
vt 0.616256 2.788028
vt 0.616256 2.355833
vt 0.616256 2.873293
vt 0.616256 2.548173
vt 0.616256 2.179503
vt 0.616256 2.628104
vt 0.616256 2.131301
vt 0.616256 2.521976
vt 0.616256 2.382490
vt 0.616256 1.950087
vt 0.616256 2.058319
vt 0.616256 2.065565
vt 0.616256 1.665193
vt 0.616256 1.334436
vt 0.616256 1.423284
vt 0.616256 1.171580
vt 0.616256 1.189025
vt 0.616256 1.185384
vt 0.616256 1.200805
vt 0.616256 0.641485
vt 0.616256 0.603966
vt 0.312343 1.401595
vt 0.687657 1.401595
vt 0.328490 2.803190
vt 0.671510 2.803190
vt 0.346171 4.204784
vt 0.653829 4.204784
vt 0.365987 5.606380
vt 0.634013 5.606380
vt 0.389093 7.007974
vt 0.610907 7.007974
vt 0.418409 8.409569
vt 0.581591 8.409569
vt 0.481579 9.811164
vt 0.618599 0.000000
vt 0.381401 0.819225
vt 0.381401 0.000000
vt 0.381401 0.912717
vt 0.381401 1.395454
vt 0.381401 1.730573
vt 0.381401 1.914299
vt 0.381401 2.482329
vt 0.381401 2.302405
vt 0.381401 2.984326
vt 0.381401 3.086563
vt 0.381401 2.869844
vt 0.381401 1.391860
vt 0.618599 1.391860
vt 0.381401 2.856353
vt 0.381401 1.370217
vt 0.618599 1.370217
vt 0.381401 3.018838
vt 0.381401 1.443325
vt 0.618599 1.443325
vt 0.381401 2.963424
vt 0.381401 1.701108
vt 0.618599 1.701108
vt 0.381401 3.111977
vt 0.381401 1.428618
vt 0.618599 1.428618
vt 0.381401 2.674590
vt 0.381401 1.588690
vt 0.618599 1.588690
vt 0.381401 3.180263
vt 0.381401 1.493450
vt 0.618599 1.493450
vt 0.381401 3.004513
vt 0.381401 1.394691
vt 0.618599 1.394691
vt 0.381401 3.167746
vt 0.381401 1.565341
vt 0.618599 1.565341
vt 0.381401 2.854190
vt 0.381401 1.503136
vt 0.618599 1.503136
vt 0.381401 2.997674
vt 0.381401 1.376361
vt 0.618599 1.376361
vt 0.381401 2.886328
vt 0.381401 1.188674
vt 0.618599 1.188674
vt 0.381401 2.263813
vt 0.381401 1.439534
vt 0.618599 1.439534
vt 0.381401 2.725625
vt 0.381401 1.027112
vt 0.618599 1.027112
vt 0.381401 2.264452
vt 0.381401 1.005692
vt 0.618599 1.005692
vt 0.381401 2.087659
vt 0.381401 1.165384
vt 0.618599 1.165384
vt 0.381401 2.616691
vt 0.381401 1.028775
vt 0.618599 1.028775
vt 0.381401 2.006579
vt 0.381401 1.139255
vt 0.618599 1.139255
vt 0.381401 2.666301
vt 0.381401 1.058507
vt 0.618599 1.058507
vt 0.381401 2.356396
vt 0.381401 1.082698
vt 0.618599 1.082698
vt 0.381401 2.222855
vt 0.381401 0.959555
vt 0.618599 0.959555
vt 0.381401 2.280967
vt 0.381401 1.006874
vt 0.618599 1.006874
vt 0.381401 2.028022
vt 0.381401 2.083608
vt 0.381401 1.868360
vt 0.381401 1.583898
vt 0.381401 1.593927
vt 0.381401 1.368119
vt 0.381401 1.365795
vt 0.381401 1.102729
vt 0.381401 1.213160
vt 0.381401 0.601270
vt 0.381401 0.591051
vt 0.518421 9.811164
vt 0.618599 0.819225
vt 0.618599 0.912717
vt 0.618599 1.395454
vt 0.618599 1.730573
vt 0.618599 1.914299
vt 0.618599 2.482329
vt 0.618599 2.302405
vt 0.618599 2.984326
vt 0.618599 3.086563
vt 0.618599 2.869844
vt 0.618599 2.856353
vt 0.618599 3.018838
vt 0.618599 2.963424
vt 0.618599 3.111977
vt 0.618599 2.674590
vt 0.618599 3.180263
vt 0.618599 3.004513
vt 0.618599 3.167746
vt 0.618599 2.854190
vt 0.618599 2.997674
vt 0.618599 2.886328
vt 0.618599 2.263813
vt 0.618599 2.725625
vt 0.618599 2.264452
vt 0.618599 2.087659
vt 0.618599 2.616691
vt 0.618599 2.006579
vt 0.618599 2.666301
vt 0.618599 2.356396
vt 0.618599 2.222855
vt 0.618599 2.280967
vt 0.618599 2.028022
vt 0.618599 2.083608
vt 0.618599 1.868360
vt 0.618599 1.583898
vt 0.618599 1.593927
vt 0.618599 1.368119
vt 0.618599 1.365795
vt 0.618599 1.102729
vt 0.618599 1.213160
vt 0.618599 0.601270
vt 0.618599 0.591051
vt 0.312343 1.536845
vt 0.687657 1.536845
vt 0.328490 3.073691
vt 0.671510 3.073691
vt 0.346171 4.610537
vt 0.653829 4.610537
vt 0.365987 6.147382
vt 0.634013 6.147382
vt 0.389093 7.684227
vt 0.610907 7.684227
vt 0.418409 9.221073
vt 0.581591 9.221073
vt 0.481579 10.757918
vt 0.624868 0.000000
vt 0.375132 1.155259
vt 0.375132 0.000000
vt 0.375132 1.191195
vt 0.375132 1.771968
vt 0.375132 1.695838
vt 0.375132 2.367859
vt 0.375132 2.455950
vt 0.375132 2.551156
vt 0.375132 2.521918
vt 0.375132 2.462403
vt 0.375132 2.620929
vt 0.375132 1.683784
vt 0.624868 1.683784
vt 0.375132 3.161465
vt 0.375132 1.613312
vt 0.624868 1.613312
vt 0.375132 3.189738
vt 0.375132 1.312518
vt 0.624868 1.312518
vt 0.375132 3.051476
vt 0.375132 1.383214
vt 0.624868 1.383214
vt 0.375132 2.859337
vt 0.375132 1.084149
vt 0.624868 1.084149
vt 0.375132 2.571820
vt 0.375132 1.306964
vt 0.624868 1.306964
vt 0.375132 3.055412
vt 0.375132 1.194052
vt 0.624868 1.194052
vt 0.375132 2.535773
vt 0.375132 1.709153
vt 0.624868 1.709153
vt 0.375132 3.472055
vt 0.375132 1.104500
vt 0.624868 1.104500
vt 0.375132 2.574301
vt 0.375132 1.172491
vt 0.624868 1.172491
vt 0.375132 2.551626
vt 0.375132 1.526880
vt 0.624868 1.526880
vt 0.375132 2.937040
vt 0.375132 1.217913
vt 0.624868 1.217913
vt 0.375132 2.815450
vt 0.375132 1.518959
vt 0.624868 1.518959
vt 0.375132 3.098019
vt 0.375132 1.358435
vt 0.624868 1.358435
vt 0.375132 2.856107
vt 0.375132 1.354406
vt 0.624868 1.354406
vt 0.375132 2.487742
vt 0.375132 1.341580
vt 0.624868 1.341580
vt 0.375132 2.712824
vt 0.375132 1.171188
vt 0.624868 1.171188
vt 0.375132 2.349016
vt 0.375132 1.085395
vt 0.624868 1.085395
vt 0.375132 2.415846
vt 0.375132 1.289437
vt 0.624868 1.289437
vt 0.375132 2.422566
vt 0.375132 1.013635
vt 0.624868 1.013635
vt 0.375132 2.285619
vt 0.375132 1.137415
vt 0.624868 1.137415
vt 0.375132 2.476998
vt 0.375132 1.160783
vt 0.624868 1.160783
vt 0.375132 2.213853
vt 0.375132 1.958865
vt 0.375132 1.791143
vt 0.375132 1.848833
vt 0.375132 1.943180
vt 0.375132 1.349571
vt 0.375132 1.305467
vt 0.375132 1.317436
vt 0.375132 0.994777
vt 0.375132 0.717350
vt 0.375132 0.576877
vt 0.518421 10.757918
vt 0.624868 1.155259
vt 0.624868 1.191195
vt 0.624868 1.771968
vt 0.624868 1.695838
vt 0.624868 2.367859
vt 0.624868 2.455950
vt 0.624868 2.551156
vt 0.624868 2.521918
vt 0.624868 2.462403
vt 0.624868 2.620929
vt 0.624868 3.161465
vt 0.624868 3.189738
vt 0.624868 3.051476
vt 0.624868 2.859337
vt 0.624868 2.571820
vt 0.624868 3.055412
vt 0.624868 2.535773
vt 0.624868 3.472055
vt 0.624868 2.574301
vt 0.624868 2.551626
vt 0.624868 2.937040
vt 0.624868 2.815450
vt 0.624868 3.098019
vt 0.624868 2.856107
vt 0.624868 2.487742
vt 0.624868 2.712824
vt 0.624868 2.349016
vt 0.624868 2.415846
vt 0.624868 2.422566
vt 0.624868 2.285619
vt 0.624868 2.476998
vt 0.624868 2.213853
vt 0.624868 1.958865
vt 0.624868 1.791143
vt 0.624868 1.848833
vt 0.624868 1.943180
vt 0.624868 1.349571
vt 0.624868 1.305467
vt 0.624868 1.317436
vt 0.624868 0.994777
vt 0.624868 0.717350
vt 0.624868 0.576877
s 0
f 609/859/713 611/860/713 612/861/713
f 613/861/714 615/862/714 616/863/714
f 617/863/715 619/864/715 620/865/715
f 621/865/716 623/866/716 624/867/716
f 625/867/717 627/868/717 628/869/717
f 629/869/718 631/870/718 632/871/718
f 633/871/719 635/872/719 636/873/719
f 638/874/720 640/875/720 637/876/720
f 642/874/721 644/877/721 641/876/721
f 646/874/722 648/878/722 645/876/722
f 650/874/723 652/879/723 649/876/723
f 654/874/724 656/880/724 653/876/724
f 658/874/725 660/881/725 657/876/725
f 662/874/726 664/882/726 661/876/726
f 666/874/727 668/883/727 665/876/727
f 670/874/728 672/884/728 669/876/728
f 674/874/729 676/885/729 673/876/729
f 678/874/730 680/886/730 677/876/730
f 682/887/731 684/888/731 681/886/731
f 686/874/732 688/889/732 685/876/732
f 690/890/733 692/891/733 689/889/733
f 694/874/734 696/892/734 693/876/734
f 698/893/735 700/894/735 697/892/735
f 702/874/736 704/895/736 701/876/736
f 706/896/737 708/897/737 705/895/737
f 710/874/738 712/898/738 709/876/738
f 714/899/739 716/900/739 713/898/739
f 718/874/740 720/901/740 717/876/740
f 722/902/741 724/903/741 721/901/741
f 726/874/742 728/904/742 725/876/742
f 730/905/743 732/906/743 729/904/743
f 734/874/744 736/907/744 733/876/744
f 738/908/745 740/909/745 737/907/745
f 742/874/746 744/910/746 741/876/746
f 746/911/747 748/912/747 745/910/747
f 750/874/748 752/913/748 749/876/748
f 754/914/749 756/915/749 753/913/749
f 758/874/750 760/916/750 757/876/750
f 762/917/751 764/918/751 761/916/751
f 766/874/752 768/919/752 765/876/752
f 770/920/753 772/921/753 769/919/753
f 774/874/754 776/922/754 773/876/754
f 778/923/755 780/924/755 777/922/755
f 782/874/756 784/925/756 781/876/756
f 786/926/757 788/927/757 785/925/757
f 790/874/758 792/928/758 789/876/758
f 794/929/759 796/930/759 793/928/759
f 798/874/760 800/931/760 797/876/760
f 802/932/761 804/933/761 801/931/761
f 806/874/762 808/934/762 805/876/762
f 810/935/763 812/936/763 809/934/763
f 814/874/764 816/937/764 813/876/764
f 818/938/765 820/939/765 817/937/765
f 822/874/766 824/940/766 821/876/766
f 826/941/767 828/942/767 825/940/767
f 830/874/768 832/943/768 829/876/768
f 834/944/769 836/945/769 833/943/769
f 838/874/770 840/946/770 837/876/770
f 842/947/771 844/948/771 841/946/771
f 846/874/772 848/949/772 845/876/772
f 850/950/773 852/951/773 849/949/773
f 854/874/774 856/952/774 853/876/774
f 858/874/775 860/953/775 857/876/775
f 862/874/776 864/954/776 861/876/776
f 866/874/777 868/955/777 865/876/777
f 870/874/778 872/956/778 869/876/778
f 874/874/779 876/957/779 873/876/779
f 878/874/780 880/958/780 877/876/780
f 882/874/781 884/959/781 881/876/781
f 886/874/782 888/960/782 885/876/782
f 890/874/783 892/961/783 889/876/783
f 609/859/784 610/962/784 611/860/784
f 613/861/785 614/860/785 615/862/785
f 617/863/786 618/862/786 619/864/786
f 621/865/787 622/864/787 623/866/787
f 625/867/788 626/866/788 627/868/788
f 629/869/789 630/868/789 631/870/789
f 633/871/790 634/870/790 635/872/790
f 638/874/791 639/963/791 640/875/791
f 642/874/721 643/964/721 644/877/721
f 646/874/722 647/965/722 648/878/722
f 650/874/792 651/966/792 652/879/792
f 654/874/724 655/967/724 656/880/724
f 658/874/725 659/968/725 660/881/725
f 662/874/793 663/969/793 664/882/793
f 666/874/727 667/970/727 668/883/727
f 670/874/728 671/971/728 672/884/728
f 674/874/729 675/972/729 676/885/729
f 678/874/730 679/887/730 680/886/730
f 682/887/731 683/973/731 684/888/731
f 686/874/732 687/890/732 688/889/732
f 690/890/733 691/974/733 692/891/733
f 694/874/734 695/893/734 696/892/734
f 698/893/794 699/975/794 700/894/794
f 702/874/736 703/896/736 704/895/736
f 706/896/795 707/976/795 708/897/795
f 710/874/738 711/899/738 712/898/738
f 714/899/739 715/977/739 716/900/739
f 718/874/740 719/902/740 720/901/740
f 722/902/741 723/978/741 724/903/741
f 726/874/796 727/905/796 728/904/796
f 730/905/797 731/979/797 732/906/797
f 734/874/744 735/908/744 736/907/744
f 738/908/745 739/980/745 740/909/745
f 742/874/746 743/911/746 744/910/746
f 746/911/798 747/981/798 748/912/798
f 750/874/748 751/914/748 752/913/748
f 754/914/799 755/982/799 756/915/799
f 758/874/750 759/917/750 760/916/750
f 762/917/800 763/983/800 764/918/800
f 766/874/752 767/920/752 768/919/752
f 770/920/753 771/984/753 772/921/753
f 774/874/801 775/923/801 776/922/801
f 778/923/802 779/985/802 780/924/802
f 782/874/803 783/926/803 784/925/803
f 786/926/757 787/986/757 788/927/757
f 790/874/758 791/929/758 792/928/758
f 794/929/804 795/987/804 796/930/804
f 798/874/760 799/932/760 800/931/760
f 802/932/805 803/988/805 804/933/805
f 806/874/762 807/935/762 808/934/762
f 810/935/763 811/989/763 812/936/763
f 814/874/764 815/938/764 816/937/764
f 818/938/765 819/990/765 820/939/765
f 822/874/806 823/941/806 824/940/806
f 826/941/767 827/991/767 828/942/767
f 830/874/768 831/944/768 832/943/768
f 834/944/769 835/992/769 836/945/769
f 838/874/770 839/947/770 840/946/770
f 842/947/807 843/993/807 844/948/807
f 846/874/808 847/950/808 848/949/808
f 850/950/773 851/994/773 852/951/773
f 854/874/809 855/995/809 856/952/809
f 858/874/775 859/996/775 860/953/775
f 862/874/810 863/997/810 864/954/810
f 866/874/811 867/998/811 868/955/811
f 870/874/812 871/999/812 872/956/812
f 874/874/813 875/1000/813 876/957/813
f 878/874/814 879/1001/814 880/958/814
f 882/874/815 883/1002/815 884/959/815
f 886/874/816 887/1003/816 888/960/816
f 890/874/817 891/1004/817 892/961/817
f 893/859/818 896/861/818 895/860/818
f 897/861/819 900/863/819 899/862/819
f 901/863/820 904/865/820 903/864/820
f 905/865/821 908/867/821 907/866/821
f 909/867/822 912/869/822 911/868/822
f 913/869/823 916/871/823 915/870/823
f 917/871/824 920/873/824 919/872/824
f 922/874/825 921/876/825 924/875/825
f 926/874/826 925/876/826 928/877/826
f 930/874/827 929/876/827 932/878/827
f 934/874/828 933/876/828 936/879/828
f 938/874/829 937/876/829 940/880/829
f 942/874/830 941/876/830 944/881/830
f 946/874/831 945/876/831 948/882/831
f 950/874/832 949/876/832 952/883/832
f 954/874/833 953/876/833 956/884/833
f 958/874/834 957/876/834 960/885/834
f 962/874/835 961/876/835 964/886/835
f 966/887/836 965/886/836 968/888/836
f 970/874/837 969/876/837 972/889/837
f 974/890/838 973/889/838 976/891/838
f 978/874/839 977/876/839 980/892/839
f 982/893/840 981/892/840 984/894/840
f 986/874/841 985/876/841 988/895/841
f 990/896/842 989/895/842 992/897/842
f 994/874/843 993/876/843 996/898/843
f 998/899/844 997/898/844 1000/900/844
f 1002/874/845 1001/876/845 1004/901/845
f 1006/902/846 1005/901/846 1008/903/846
f 1010/874/847 1009/876/847 1012/904/847
f 1014/905/848 1013/904/848 1016/906/848
f 1018/874/849 1017/876/849 1020/907/849
f 1022/908/850 1021/907/850 1024/909/850
f 1026/874/851 1025/876/851 1028/910/851
f 1030/911/852 1029/910/852 1032/912/852
f 1034/874/853 1033/876/853 1036/913/853
f 1038/914/854 1037/913/854 1040/915/854
f 1042/874/855 1041/876/855 1044/916/855
f 1046/917/856 1045/916/856 1048/918/856
f 1050/874/857 1049/876/857 1052/919/857
f 1054/920/858 1053/919/858 1056/921/858
f 1058/874/859 1057/876/859 1060/922/859
f 1062/923/860 1061/922/860 1064/924/860
f 1066/874/861 1065/876/861 1068/925/861
f 1070/926/862 1069/925/862 1072/927/862
f 1074/874/863 1073/876/863 1076/928/863
f 1078/929/864 1077/928/864 1080/930/864
f 1082/874/865 1081/876/865 1084/931/865
f 1086/932/866 1085/931/866 1088/933/866
f 1090/874/867 1089/876/867 1092/934/867
f 1094/935/868 1093/934/868 1096/936/868
f 1098/874/869 1097/876/869 1100/937/869
f 1102/938/870 1101/937/870 1104/939/870
f 1106/874/871 1105/876/871 1108/940/871
f 1110/941/872 1109/940/872 1112/942/872
f 1114/874/873 1113/876/873 1116/943/873
f 1118/944/874 1117/943/874 1120/945/874
f 1122/874/875 1121/876/875 1124/946/875
f 1126/947/876 1125/946/876 1128/948/876
f 1130/874/877 1129/876/877 1132/949/877
f 1134/950/878 1133/949/878 1136/951/878
f 1138/874/879 1137/876/879 1140/952/879
f 1142/874/880 1141/876/880 1144/953/880
f 1146/874/881 1145/876/881 1148/954/881
f 1150/874/882 1149/876/882 1152/955/882
f 1154/874/883 1153/876/883 1156/956/883
f 1158/874/884 1157/876/884 1160/957/884
f 1162/874/885 1161/876/885 1164/958/885
f 1166/874/886 1165/876/886 1168/959/886
f 1170/874/887 1169/876/887 1172/960/887
f 1174/874/888 1173/876/888 1176/961/888
f 893/859/889 895/860/889 894/962/889
f 897/861/890 899/862/890 898/860/890
f 901/863/891 903/864/891 902/862/891
f 905/865/892 907/866/892 906/864/892
f 909/867/893 911/868/893 910/866/893
f 913/869/894 915/870/894 914/868/894
f 917/871/895 919/872/895 918/870/895
f 922/874/896 924/875/896 923/963/896
f 926/874/826 928/877/826 927/964/826
f 930/874/827 932/878/827 931/965/827
f 934/874/897 936/879/897 935/966/897
f 938/874/829 940/880/829 939/967/829
f 942/874/830 944/881/830 943/968/830
f 946/874/898 948/882/898 947/969/898
f 950/874/832 952/883/832 951/970/832
f 954/874/833 956/884/833 955/971/833
f 958/874/834 960/885/834 959/972/834
f 962/874/835 964/886/835 963/887/835
f 966/887/836 968/888/836 967/973/836
f 970/874/837 972/889/837 971/890/837
f 974/890/838 976/891/838 975/974/838
f 978/874/839 980/892/839 979/893/839
f 982/893/899 984/894/899 983/975/899
f 986/874/841 988/895/841 987/896/841
f 990/896/900 992/897/900 991/976/900
f 994/874/843 996/898/843 995/899/843
f 998/899/844 1000/900/844 999/977/844
f 1002/874/845 1004/901/845 1003/902/845
f 1006/902/846 1008/903/846 1007/978/846
f 1010/874/901 1012/904/901 1011/905/901
f 1014/905/902 1016/906/902 1015/979/902
f 1018/874/849 1020/907/849 1019/908/849
f 1022/908/850 1024/909/850 1023/980/850
f 1026/874/851 1028/910/851 1027/911/851
f 1030/911/903 1032/912/903 1031/981/903
f 1034/874/853 1036/913/853 1035/914/853
f 1038/914/904 1040/915/904 1039/982/904
f 1042/874/855 1044/916/855 1043/917/855
f 1046/917/905 1048/918/905 1047/983/905
f 1050/874/857 1052/919/857 1051/920/857
f 1054/920/858 1056/921/858 1055/984/858
f 1058/874/906 1060/922/906 1059/923/906
f 1062/923/907 1064/924/907 1063/985/907
f 1066/874/908 1068/925/908 1067/926/908
f 1070/926/862 1072/927/862 1071/986/862
f 1074/874/863 1076/928/863 1075/929/863
f 1078/929/909 1080/930/909 1079/987/909
f 1082/874/865 1084/931/865 1083/932/865
f 1086/932/910 1088/933/910 1087/988/910
f 1090/874/867 1092/934/867 1091/935/867
f 1094/935/868 1096/936/868 1095/989/868
f 1098/874/869 1100/937/869 1099/938/869
f 1102/938/870 1104/939/870 1103/990/870
f 1106/874/911 1108/940/911 1107/941/911
f 1110/941/872 1112/942/872 1111/991/872
f 1114/874/873 1116/943/873 1115/944/873
f 1118/944/874 1120/945/874 1119/992/874
f 1122/874/875 1124/946/875 1123/947/875
f 1126/947/912 1128/948/912 1127/993/912
f 1130/874/913 1132/949/913 1131/950/913
f 1134/950/878 1136/951/878 1135/994/878
f 1138/874/914 1140/952/914 1139/995/914
f 1142/874/880 1144/953/880 1143/996/880
f 1146/874/915 1148/954/915 1147/997/915
f 1150/874/916 1152/955/916 1151/998/916
f 1154/874/917 1156/956/917 1155/999/917
f 1158/874/918 1160/957/918 1159/1000/918
f 1162/874/919 1164/958/919 1163/1001/919
f 1166/874/920 1168/959/920 1167/1002/920
f 1170/874/921 1172/960/921 1171/1003/921
f 1174/874/922 1176/961/922 1175/1004/922
f 1177/859/923 1179/1005/923 1180/1006/923
f 1181/1006/924 1183/1007/924 1184/1008/924
f 1185/1008/925 1187/1009/925 1188/1010/925
f 1189/1010/926 1191/1011/926 1192/1012/926
f 1193/1012/927 1195/1013/927 1196/1014/927
f 1197/1014/928 1199/1015/928 1200/1016/928
f 1201/1016/929 1203/1017/929 1204/1018/929
f 1206/1019/930 1208/1020/930 1205/1021/930
f 1210/1019/931 1212/1022/931 1209/1021/931
f 1214/1019/932 1216/1023/932 1213/1021/932
f 1218/1019/933 1220/1024/933 1217/1021/933
f 1222/1019/934 1224/1025/934 1221/1021/934
f 1226/1019/935 1228/1026/935 1225/1021/935
f 1230/1019/936 1232/1027/936 1229/1021/936
f 1234/1019/937 1236/1028/937 1233/1021/937
f 1238/1019/938 1240/1029/938 1237/1021/938
f 1242/1019/939 1244/1030/939 1241/1021/939
f 1246/1019/940 1248/1031/940 1245/1021/940
f 1250/1032/941 1252/1033/941 1249/1031/941
f 1254/1019/942 1256/1034/942 1253/1021/942
f 1258/1035/943 1260/1036/943 1257/1034/943
f 1262/1019/944 1264/1037/944 1261/1021/944
f 1266/1038/945 1268/1039/945 1265/1037/945
f 1270/1019/946 1272/1040/946 1269/1021/946
f 1274/1041/947 1276/1042/947 1273/1040/947
f 1278/1019/948 1280/1043/948 1277/1021/948
f 1282/1044/949 1284/1045/949 1281/1043/949
f 1286/1019/950 1288/1046/950 1285/1021/950
f 1290/1047/951 1292/1048/951 1289/1046/951
f 1294/1019/952 1296/1049/952 1293/1021/952
f 1298/1050/953 1300/1051/953 1297/1049/953
f 1302/1019/954 1304/1052/954 1301/1021/954
f 1306/1053/955 1308/1054/955 1305/1052/955
f 1310/1019/956 1312/1055/956 1309/1021/956
f 1314/1056/957 1316/1057/957 1313/1055/957
f 1318/1019/958 1320/1058/958 1317/1021/958
f 1322/1059/959 1324/1060/959 1321/1058/959
f 1326/1019/960 1328/1061/960 1325/1021/960
f 1330/1062/961 1332/1063/961 1329/1061/961
f 1334/1019/962 1336/1064/962 1333/1021/962
f 1338/1065/963 1340/1066/963 1337/1064/963
f 1342/1019/964 1344/1067/964 1341/1021/964
f 1346/1068/965 1348/1069/965 1345/1067/965
f 1350/1019/966 1352/1070/966 1349/1021/966
f 1354/1071/967 1356/1072/967 1353/1070/967
f 1358/1019/968 1360/1073/968 1357/1021/968
f 1362/1074/969 1364/1075/969 1361/1073/969
f 1366/1019/970 1368/1076/970 1365/1021/970
f 1370/1077/971 1372/1078/971 1369/1076/971
f 1374/1019/972 1376/1079/972 1373/1021/972
f 1378/1080/973 1380/1081/973 1377/1079/973
f 1382/1019/974 1384/1082/974 1381/1021/974
f 1386/1083/975 1388/1084/975 1385/1082/975
f 1390/1019/976 1392/1085/976 1389/1021/976
f 1394/1086/977 1396/1087/977 1393/1085/977
f 1398/1019/978 1400/1088/978 1397/1021/978
f 1402/1089/979 1404/1090/979 1401/1088/979
f 1406/1019/980 1408/1091/980 1405/1021/980
f 1410/1092/981 1412/1093/981 1409/1091/981
f 1414/1019/982 1416/1094/982 1413/1021/982
f 1418/1095/983 1420/1096/983 1417/1094/983
f 1422/1019/984 1424/1097/984 1421/1021/984
f 1426/1019/985 1428/1098/985 1425/1021/985
f 1430/1019/986 1432/1099/986 1429/1021/986
f 1434/1019/987 1436/1100/987 1433/1021/987
f 1438/1019/988 1440/1101/988 1437/1021/988
f 1442/1019/989 1444/1102/989 1441/1021/989
f 1446/1019/990 1448/1103/990 1445/1021/990
f 1450/1019/991 1452/1104/991 1449/1021/991
f 1454/1019/992 1456/1105/992 1453/1021/992
f 1458/1019/993 1460/1106/993 1457/1021/993
f 1177/859/994 1178/962/994 1179/1005/994
f 1181/1006/995 1182/1005/995 1183/1007/995
f 1185/1008/996 1186/1007/996 1187/1009/996
f 1189/1010/997 1190/1009/997 1191/1011/997
f 1193/1012/998 1194/1011/998 1195/1013/998
f 1197/1014/999 1198/1013/999 1199/1015/999
f 1201/1016/1000 1202/1015/1000 1203/1017/1000
f 1206/1019/1001 1207/1107/1001 1208/1020/1001
f 1210/1019/1002 1211/1108/1002 1212/1022/1002
f 1214/1019/932 1215/1109/932 1216/1023/932
f 1218/1019/1003 1219/1110/1003 1220/1024/1003
f 1222/1019/934 1223/1111/934 1224/1025/934
f 1226/1019/935 1227/1112/935 1228/1026/935
f 1230/1019/936 1231/1113/936 1232/1027/936
f 1234/1019/937 1235/1114/937 1236/1028/937
f 1238/1019/938 1239/1115/938 1240/1029/938
f 1242/1019/939 1243/1116/939 1244/1030/939
f 1246/1019/940 1247/1032/940 1248/1031/940
f 1250/1032/941 1251/1117/941 1252/1033/941
f 1254/1019/942 1255/1035/942 1256/1034/942
f 1258/1035/943 1259/1118/943 1260/1036/943
f 1262/1019/944 1263/1038/944 1264/1037/944
f 1266/1038/945 1267/1119/945 1268/1039/945
f 1270/1019/946 1271/1041/946 1272/1040/946
f 1274/1041/1004 1275/1120/1004 1276/1042/1004
f 1278/1019/948 1279/1044/948 1280/1043/948
f 1282/1044/1005 1283/1121/1005 1284/1045/1005
f 1286/1019/950 1287/1047/950 1288/1046/950
f 1290/1047/1006 1291/1122/1006 1292/1048/1006
f 1294/1019/952 1295/1050/952 1296/1049/952
f 1298/1050/1007 1299/1123/1007 1300/1051/1007
f 1302/1019/954 1303/1053/954 1304/1052/954
f 1306/1053/1008 1307/1124/1008 1308/1054/1008
f 1310/1019/1009 1311/1056/1009 1312/1055/1009
f 1314/1056/1010 1315/1125/1010 1316/1057/1010
f 1318/1019/1011 1319/1059/1011 1320/1058/1011
f 1322/1059/959 1323/1126/959 1324/1060/959
f 1326/1019/960 1327/1062/960 1328/1061/960
f 1330/1062/961 1331/1127/961 1332/1063/961
f 1334/1019/962 1335/1065/962 1336/1064/962
f 1338/1065/1012 1339/1128/1012 1340/1066/1012
f 1342/1019/1013 1343/1068/1013 1344/1067/1013
f 1346/1068/965 1347/1129/965 1348/1069/965
f 1350/1019/966 1351/1071/966 1352/1070/966
f 1354/1071/967 1355/1130/967 1356/1072/967
f 1358/1019/968 1359/1074/968 1360/1073/968
f 1362/1074/1014 1363/1131/1014 1364/1075/1014
f 1366/1019/970 1367/1077/970 1368/1076/970
f 1370/1077/971 1371/1132/971 1372/1078/971
f 1374/1019/972 1375/1080/972 1376/1079/972
f 1378/1080/1015 1379/1133/1015 1380/1081/1015
f 1382/1019/974 1383/1083/974 1384/1082/974
f 1386/1083/1016 1387/1134/1016 1388/1084/1016
f 1390/1019/1017 1391/1086/1017 1392/1085/1017
f 1394/1086/1018 1395/1135/1018 1396/1087/1018
f 1398/1019/978 1399/1089/978 1400/1088/978
f 1402/1089/1019 1403/1136/1019 1404/1090/1019
f 1406/1019/980 1407/1092/980 1408/1091/980
f 1410/1092/1020 1411/1137/1020 1412/1093/1020
f 1414/1019/982 1415/1095/982 1416/1094/982
f 1418/1095/1021 1419/1138/1021 1420/1096/1021
f 1422/1019/984 1423/1139/984 1424/1097/984
f 1426/1019/1022 1427/1140/1022 1428/1098/1022
f 1430/1019/1023 1431/1141/1023 1432/1099/1023
f 1434/1019/987 1435/1142/987 1436/1100/987
f 1438/1019/988 1439/1143/988 1440/1101/988
f 1442/1019/989 1443/1144/989 1444/1102/989
f 1446/1019/1024 1447/1145/1024 1448/1103/1024
f 1450/1019/1025 1451/1146/1025 1452/1104/1025
f 1454/1019/1026 1455/1147/1026 1456/1105/1026
f 1458/1019/1027 1459/1148/1027 1460/1106/1027
f 1461/859/1028 1464/1006/1028 1463/1005/1028
f 1465/1006/1029 1468/1008/1029 1467/1007/1029
f 1469/1008/1030 1472/1010/1030 1471/1009/1030
f 1473/1010/1031 1476/1012/1031 1475/1011/1031
f 1477/1012/1032 1480/1014/1032 1479/1013/1032
f 1481/1014/1033 1484/1016/1033 1483/1015/1033
f 1485/1016/1034 1488/1018/1034 1487/1017/1034
f 1490/1019/1035 1489/1021/1035 1492/1020/1035
f 1494/1019/1036 1493/1021/1036 1496/1022/1036
f 1498/1019/1037 1497/1021/1037 1500/1023/1037
f 1502/1019/1038 1501/1021/1038 1504/1024/1038
f 1506/1019/1039 1505/1021/1039 1508/1025/1039
f 1510/1019/1040 1509/1021/1040 1512/1026/1040
f 1514/1019/1041 1513/1021/1041 1516/1027/1041
f 1518/1019/1042 1517/1021/1042 1520/1028/1042
f 1522/1019/1043 1521/1021/1043 1524/1029/1043
f 1526/1019/1044 1525/1021/1044 1528/1030/1044
f 1530/1019/1045 1529/1021/1045 1532/1031/1045
f 1534/1032/1046 1533/1031/1046 1536/1033/1046
f 1538/1019/1047 1537/1021/1047 1540/1034/1047
f 1542/1035/1048 1541/1034/1048 1544/1036/1048
f 1546/1019/1049 1545/1021/1049 1548/1037/1049
f 1550/1038/1050 1549/1037/1050 1552/1039/1050
f 1554/1019/1051 1553/1021/1051 1556/1040/1051
f 1558/1041/1052 1557/1040/1052 1560/1042/1052
f 1562/1019/1053 1561/1021/1053 1564/1043/1053
f 1566/1044/1054 1565/1043/1054 1568/1045/1054
f 1570/1019/1055 1569/1021/1055 1572/1046/1055
f 1574/1047/1056 1573/1046/1056 1576/1048/1056
f 1578/1019/1057 1577/1021/1057 1580/1049/1057
f 1582/1050/1058 1581/1049/1058 1584/1051/1058
f 1586/1019/1059 1585/1021/1059 1588/1052/1059
f 1590/1053/1060 1589/1052/1060 1592/1054/1060
f 1594/1019/1061 1593/1021/1061 1596/1055/1061
f 1598/1056/1062 1597/1055/1062 1600/1057/1062
f 1602/1019/1063 1601/1021/1063 1604/1058/1063
f 1606/1059/1064 1605/1058/1064 1608/1060/1064
f 1610/1019/1065 1609/1021/1065 1612/1061/1065
f 1614/1062/1066 1613/1061/1066 1616/1063/1066
f 1618/1019/1067 1617/1021/1067 1620/1064/1067
f 1622/1065/1068 1621/1064/1068 1624/1066/1068
f 1626/1019/1069 1625/1021/1069 1628/1067/1069
f 1630/1068/1070 1629/1067/1070 1632/1069/1070
f 1634/1019/1071 1633/1021/1071 1636/1070/1071
f 1638/1071/1072 1637/1070/1072 1640/1072/1072
f 1642/1019/1073 1641/1021/1073 1644/1073/1073
f 1646/1074/1074 1645/1073/1074 1648/1075/1074
f 1650/1019/1075 1649/1021/1075 1652/1076/1075
f 1654/1077/1076 1653/1076/1076 1656/1078/1076
f 1658/1019/1077 1657/1021/1077 1660/1079/1077
f 1662/1080/1078 1661/1079/1078 1664/1081/1078
f 1666/1019/1079 1665/1021/1079 1668/1082/1079
f 1670/1083/1080 1669/1082/1080 1672/1084/1080
f 1674/1019/1081 1673/1021/1081 1676/1085/1081
f 1678/1086/1082 1677/1085/1082 1680/1087/1082
f 1682/1019/1083 1681/1021/1083 1684/1088/1083
f 1686/1089/1084 1685/1088/1084 1688/1090/1084
f 1690/1019/1085 1689/1021/1085 1692/1091/1085
f 1694/1092/1086 1693/1091/1086 1696/1093/1086
f 1698/1019/1087 1697/1021/1087 1700/1094/1087
f 1702/1095/1088 1701/1094/1088 1704/1096/1088
f 1706/1019/1089 1705/1021/1089 1708/1097/1089
f 1710/1019/1090 1709/1021/1090 1712/1098/1090
f 1714/1019/1091 1713/1021/1091 1716/1099/1091
f 1718/1019/1092 1717/1021/1092 1720/1100/1092
f 1722/1019/1093 1721/1021/1093 1724/1101/1093
f 1726/1019/1094 1725/1021/1094 1728/1102/1094
f 1730/1019/1095 1729/1021/1095 1732/1103/1095
f 1734/1019/1096 1733/1021/1096 1736/1104/1096
f 1738/1019/1097 1737/1021/1097 1740/1105/1097
f 1742/1019/1098 1741/1021/1098 1744/1106/1098
f 1461/859/1099 1463/1005/1099 1462/962/1099
f 1465/1006/1100 1467/1007/1100 1466/1005/1100
f 1469/1008/1101 1471/1009/1101 1470/1007/1101
f 1473/1010/1102 1475/1011/1102 1474/1009/1102
f 1477/1012/1103 1479/1013/1103 1478/1011/1103
f 1481/1014/1104 1483/1015/1104 1482/1013/1104
f 1485/1016/1105 1487/1017/1105 1486/1015/1105
f 1490/1019/1106 1492/1020/1106 1491/1107/1106
f 1494/1019/1107 1496/1022/1107 1495/1108/1107
f 1498/1019/1037 1500/1023/1037 1499/1109/1037
f 1502/1019/1108 1504/1024/1108 1503/1110/1108
f 1506/1019/1039 1508/1025/1039 1507/1111/1039
f 1510/1019/1040 1512/1026/1040 1511/1112/1040
f 1514/1019/1041 1516/1027/1041 1515/1113/1041
f 1518/1019/1042 1520/1028/1042 1519/1114/1042
f 1522/1019/1043 1524/1029/1043 1523/1115/1043
f 1526/1019/1044 1528/1030/1044 1527/1116/1044
f 1530/1019/1045 1532/1031/1045 1531/1032/1045
f 1534/1032/1046 1536/1033/1046 1535/1117/1046
f 1538/1019/1047 1540/1034/1047 1539/1035/1047
f 1542/1035/1048 1544/1036/1048 1543/1118/1048
f 1546/1019/1049 1548/1037/1049 1547/1038/1049
f 1550/1038/1050 1552/1039/1050 1551/1119/1050
f 1554/1019/1051 1556/1040/1051 1555/1041/1051
f 1558/1041/1109 1560/1042/1109 1559/1120/1109
f 1562/1019/1053 1564/1043/1053 1563/1044/1053
f 1566/1044/1110 1568/1045/1110 1567/1121/1110
f 1570/1019/1055 1572/1046/1055 1571/1047/1055
f 1574/1047/1111 1576/1048/1111 1575/1122/1111
f 1578/1019/1057 1580/1049/1057 1579/1050/1057
f 1582/1050/1112 1584/1051/1112 1583/1123/1112
f 1586/1019/1059 1588/1052/1059 1587/1053/1059
f 1590/1053/1113 1592/1054/1113 1591/1124/1113
f 1594/1019/1114 1596/1055/1114 1595/1056/1114
f 1598/1056/1115 1600/1057/1115 1599/1125/1115
f 1602/1019/1116 1604/1058/1116 1603/1059/1116
f 1606/1059/1064 1608/1060/1064 1607/1126/1064
f 1610/1019/1065 1612/1061/1065 1611/1062/1065
f 1614/1062/1066 1616/1063/1066 1615/1127/1066
f 1618/1019/1067 1620/1064/1067 1619/1065/1067
f 1622/1065/1117 1624/1066/1117 1623/1128/1117
f 1626/1019/1118 1628/1067/1118 1627/1068/1118
f 1630/1068/1070 1632/1069/1070 1631/1129/1070
f 1634/1019/1071 1636/1070/1071 1635/1071/1071
f 1638/1071/1072 1640/1072/1072 1639/1130/1072
f 1642/1019/1073 1644/1073/1073 1643/1074/1073
f 1646/1074/1119 1648/1075/1119 1647/1131/1119
f 1650/1019/1075 1652/1076/1075 1651/1077/1075
f 1654/1077/1076 1656/1078/1076 1655/1132/1076
f 1658/1019/1077 1660/1079/1077 1659/1080/1077
f 1662/1080/1120 1664/1081/1120 1663/1133/1120
f 1666/1019/1079 1668/1082/1079 1667/1083/1079
f 1670/1083/1121 1672/1084/1121 1671/1134/1121
f 1674/1019/1122 1676/1085/1122 1675/1086/1122
f 1678/1086/1123 1680/1087/1123 1679/1135/1123
f 1682/1019/1083 1684/1088/1083 1683/1089/1083
f 1686/1089/1124 1688/1090/1124 1687/1136/1124
f 1690/1019/1085 1692/1091/1085 1691/1092/1085
f 1694/1092/1125 1696/1093/1125 1695/1137/1125
f 1698/1019/1087 1700/1094/1087 1699/1095/1087
f 1702/1095/1126 1704/1096/1126 1703/1138/1126
f 1706/1019/1089 1708/1097/1089 1707/1139/1089
f 1710/1019/1127 1712/1098/1127 1711/1140/1127
f 1714/1019/1128 1716/1099/1128 1715/1141/1128
f 1718/1019/1092 1720/1100/1092 1719/1142/1092
f 1722/1019/1093 1724/1101/1093 1723/1143/1093
f 1726/1019/1094 1728/1102/1094 1727/1144/1094
f 1730/1019/1129 1732/1103/1129 1731/1145/1129
f 1734/1019/1130 1736/1104/1130 1735/1146/1130
f 1738/1019/1131 1740/1105/1131 1739/1147/1131
f 1742/1019/1132 1744/1106/1132 1743/1148/1132
f 1746/962/1133 1748/1149/1133 1745/859/1133
f 1750/1150/1134 1752/1151/1134 1749/1149/1134
f 1754/1152/1135 1756/1153/1135 1753/1151/1135
f 1758/1154/1136 1760/1155/1136 1757/1153/1136
f 1762/1156/1137 1764/1157/1137 1761/1155/1137
f 1766/1158/1138 1768/1159/1138 1765/1157/1138
f 1770/1160/1139 1772/1161/1139 1769/1159/1139
f 1774/1162/1140 1776/1163/1140 1773/1164/1140
f 1778/1162/1141 1780/1165/1141 1777/1164/1141
f 1782/1162/1142 1784/1166/1142 1781/1164/1142
f 1786/1162/1143 1788/1167/1143 1785/1164/1143
f 1790/1162/1144 1792/1168/1144 1789/1164/1144
f 1794/1162/1145 1796/1169/1145 1793/1164/1145
f 1798/1162/1146 1800/1170/1146 1797/1164/1146
f 1802/1162/1147 1804/1171/1147 1801/1164/1147
f 1806/1162/1148 1808/1172/1148 1805/1164/1148
f 1810/1162/1149 1812/1173/1149 1809/1164/1149
f 1814/1162/1150 1816/1174/1150 1813/1164/1150
f 1818/1175/1151 1820/1176/1151 1817/1174/1151
f 1822/1162/1152 1824/1177/1152 1821/1164/1152
f 1826/1178/1153 1828/1179/1153 1825/1177/1153
f 1830/1162/1154 1832/1180/1154 1829/1164/1154
f 1834/1181/1155 1836/1182/1155 1833/1180/1155
f 1838/1162/1156 1840/1183/1156 1837/1164/1156
f 1842/1184/1157 1844/1185/1157 1841/1183/1157
f 1846/1162/1158 1848/1186/1158 1845/1164/1158
f 1850/1187/1159 1852/1188/1159 1849/1186/1159
f 1854/1162/1160 1856/1189/1160 1853/1164/1160
f 1858/1190/1161 1860/1191/1161 1857/1189/1161
f 1862/1162/1162 1864/1192/1162 1861/1164/1162
f 1866/1193/1163 1868/1194/1163 1865/1192/1163
f 1870/1162/1164 1872/1195/1164 1869/1164/1164
f 1874/1196/1165 1876/1197/1165 1873/1195/1165
f 1878/1162/1166 1880/1198/1166 1877/1164/1166
f 1882/1199/1167 1884/1200/1167 1881/1198/1167
f 1886/1162/1168 1888/1201/1168 1885/1164/1168
f 1890/1202/1169 1892/1203/1169 1889/1201/1169
f 1894/1162/1170 1896/1204/1170 1893/1164/1170
f 1898/1205/1171 1900/1206/1171 1897/1204/1171
f 1902/1162/1172 1904/1207/1172 1901/1164/1172
f 1906/1208/1173 1908/1209/1173 1905/1207/1173
f 1910/1162/1174 1912/1210/1174 1909/1164/1174
f 1914/1211/1175 1916/1212/1175 1913/1210/1175
f 1918/1162/1176 1920/1213/1176 1917/1164/1176
f 1922/1214/1177 1924/1215/1177 1921/1213/1177
f 1926/1162/1178 1928/1216/1178 1925/1164/1178
f 1930/1217/1179 1932/1218/1179 1929/1216/1179
f 1934/1162/1180 1936/1219/1180 1933/1164/1180
f 1938/1220/1181 1940/1221/1181 1937/1219/1181
f 1942/1162/1182 1944/1222/1182 1941/1164/1182
f 1946/1223/1183 1948/1224/1183 1945/1222/1183
f 1950/1162/1184 1952/1225/1184 1949/1164/1184
f 1954/1226/1185 1956/1227/1185 1953/1225/1185
f 1958/1162/1186 1960/1228/1186 1957/1164/1186
f 1962/1229/1187 1964/1230/1187 1961/1228/1187
f 1966/1162/1188 1968/1231/1188 1965/1164/1188
f 1970/1232/1189 1972/1233/1189 1969/1231/1189
f 1974/1162/1190 1976/1234/1190 1973/1164/1190
f 1978/1235/1191 1980/1236/1191 1977/1234/1191
f 1982/1162/1192 1984/1237/1192 1981/1164/1192
f 1986/1238/1193 1988/1239/1193 1985/1237/1193
f 1990/1162/1194 1992/1240/1194 1989/1164/1194
f 1994/1162/1195 1996/1241/1195 1993/1164/1195
f 1998/1162/1196 2000/1242/1196 1997/1164/1196
f 2002/1162/1197 2004/1243/1197 2001/1164/1197
f 2006/1162/1198 2008/1244/1198 2005/1164/1198
f 2010/1162/1199 2012/1245/1199 2009/1164/1199
f 2014/1162/1200 2016/1246/1200 2013/1164/1200
f 2018/1162/1201 2020/1247/1201 2017/1164/1201
f 2022/1162/1202 2024/1248/1202 2021/1164/1202
f 2026/1162/1203 2028/1249/1203 2025/1164/1203
f 1746/962/1204 1747/1150/1204 1748/1149/1204
f 1750/1150/1205 1751/1152/1205 1752/1151/1205
f 1754/1152/1206 1755/1154/1206 1756/1153/1206
f 1758/1154/1207 1759/1156/1207 1760/1155/1207
f 1762/1156/1208 1763/1158/1208 1764/1157/1208
f 1766/1158/1209 1767/1160/1209 1768/1159/1209
f 1770/1160/1210 1771/1250/1210 1772/1161/1210
f 1774/1162/1140 1775/1251/1140 1776/1163/1140
f 1778/1162/1141 1779/1252/1141 1780/1165/1141
f 1782/1162/1211 1783/1253/1211 1784/1166/1211
f 1786/1162/1212 1787/1254/1212 1788/1167/1212
f 1790/1162/1213 1791/1255/1213 1792/1168/1213
f 1794/1162/1214 1795/1256/1214 1796/1169/1214
f 1798/1162/1146 1799/1257/1146 1800/1170/1146
f 1802/1162/1147 1803/1258/1147 1804/1171/1147
f 1806/1162/1215 1807/1259/1215 1808/1172/1215
f 1810/1162/1149 1811/1260/1149 1812/1173/1149
f 1814/1162/1150 1815/1175/1150 1816/1174/1150
f 1818/1175/1216 1819/1261/1216 1820/1176/1216
f 1822/1162/1152 1823/1178/1152 1824/1177/1152
f 1826/1178/1153 1827/1262/1153 1828/1179/1153
f 1830/1162/1154 1831/1181/1154 1832/1180/1154
f 1834/1181/1217 1835/1263/1217 1836/1182/1217
f 1838/1162/1156 1839/1184/1156 1840/1183/1156
f 1842/1184/1218 1843/1264/1218 1844/1185/1218
f 1846/1162/1158 1847/1187/1158 1848/1186/1158
f 1850/1187/1159 1851/1265/1159 1852/1188/1159
f 1854/1162/1160 1855/1190/1160 1856/1189/1160
f 1858/1190/1161 1859/1266/1161 1860/1191/1161
f 1862/1162/1162 1863/1193/1162 1864/1192/1162
f 1866/1193/1219 1867/1267/1219 1868/1194/1219
f 1870/1162/1164 1871/1196/1164 1872/1195/1164
f 1874/1196/1220 1875/1268/1220 1876/1197/1220
f 1878/1162/1166 1879/1199/1166 1880/1198/1166
f 1882/1199/1167 1883/1269/1167 1884/1200/1167
f 1886/1162/1168 1887/1202/1168 1888/1201/1168
f 1890/1202/1221 1891/1270/1221 1892/1203/1221
f 1894/1162/1170 1895/1205/1170 1896/1204/1170
f 1898/1205/1222 1899/1271/1222 1900/1206/1222
f 1902/1162/1223 1903/1208/1223 1904/1207/1223
f 1906/1208/1173 1907/1272/1173 1908/1209/1173
f 1910/1162/1224 1911/1211/1224 1912/1210/1224
f 1914/1211/1175 1915/1273/1175 1916/1212/1175
f 1918/1162/1176 1919/1214/1176 1920/1213/1176
f 1922/1214/1177 1923/1274/1177 1924/1215/1177
f 1926/1162/1178 1927/1217/1178 1928/1216/1178
f 1930/1217/1225 1931/1275/1225 1932/1218/1225
f 1934/1162/1180 1935/1220/1180 1936/1219/1180
f 1938/1220/1226 1939/1276/1226 1940/1221/1226
f 1942/1162/1182 1943/1223/1182 1944/1222/1182
f 1946/1223/1183 1947/1277/1183 1948/1224/1183
f 1950/1162/1184 1951/1226/1184 1952/1225/1184
f 1954/1226/1227 1955/1278/1227 1956/1227/1227
f 1958/1162/1186 1959/1229/1186 1960/1228/1186
f 1962/1229/1228 1963/1279/1228 1964/1230/1228
f 1966/1162/1188 1967/1232/1188 1968/1231/1188
f 1970/1232/1229 1971/1280/1229 1972/1233/1229
f 1974/1162/1230 1975/1235/1230 1976/1234/1230
f 1978/1235/1191 1979/1281/1191 1980/1236/1191
f 1982/1162/1231 1983/1238/1231 1984/1237/1231
f 1986/1238/1193 1987/1282/1193 1988/1239/1193
f 1990/1162/1232 1991/1283/1232 1992/1240/1232
f 1994/1162/1233 1995/1284/1233 1996/1241/1233
f 1998/1162/1234 1999/1285/1234 2000/1242/1234
f 2002/1162/1197 2003/1286/1197 2004/1243/1197
f 2006/1162/1198 2007/1287/1198 2008/1244/1198
f 2010/1162/1235 2011/1288/1235 2012/1245/1235
f 2014/1162/1236 2015/1289/1236 2016/1246/1236
f 2018/1162/1237 2019/1290/1237 2020/1247/1237
f 2022/1162/1238 2023/1291/1238 2024/1248/1238
f 2026/1162/1239 2027/1292/1239 2028/1249/1239
f 2030/962/1240 2029/859/1240 2032/1149/1240
f 2034/1150/1241 2033/1149/1241 2036/1151/1241
f 2038/1152/1242 2037/1151/1242 2040/1153/1242
f 2042/1154/1243 2041/1153/1243 2044/1155/1243
f 2046/1156/1244 2045/1155/1244 2048/1157/1244
f 2050/1158/1245 2049/1157/1245 2052/1159/1245
f 2054/1160/1246 2053/1159/1246 2056/1161/1246
f 2058/1162/1247 2057/1164/1247 2060/1163/1247
f 2062/1162/1248 2061/1164/1248 2064/1165/1248
f 2066/1162/1249 2065/1164/1249 2068/1166/1249
f 2070/1162/1250 2069/1164/1250 2072/1167/1250
f 2074/1162/1251 2073/1164/1251 2076/1168/1251
f 2078/1162/1252 2077/1164/1252 2080/1169/1252
f 2082/1162/1253 2081/1164/1253 2084/1170/1253
f 2086/1162/1254 2085/1164/1254 2088/1171/1254
f 2090/1162/1255 2089/1164/1255 2092/1172/1255
f 2094/1162/1256 2093/1164/1256 2096/1173/1256
f 2098/1162/1257 2097/1164/1257 2100/1174/1257
f 2102/1175/1258 2101/1174/1258 2104/1176/1258
f 2106/1162/1259 2105/1164/1259 2108/1177/1259
f 2110/1178/1260 2109/1177/1260 2112/1179/1260
f 2114/1162/1261 2113/1164/1261 2116/1180/1261
f 2118/1181/1262 2117/1180/1262 2120/1182/1262
f 2122/1162/1263 2121/1164/1263 2124/1183/1263
f 2126/1184/1264 2125/1183/1264 2128/1185/1264
f 2130/1162/1265 2129/1164/1265 2132/1186/1265
f 2134/1187/1266 2133/1186/1266 2136/1188/1266
f 2138/1162/1267 2137/1164/1267 2140/1189/1267
f 2142/1190/1268 2141/1189/1268 2144/1191/1268
f 2146/1162/1269 2145/1164/1269 2148/1192/1269
f 2150/1193/1270 2149/1192/1270 2152/1194/1270
f 2154/1162/1271 2153/1164/1271 2156/1195/1271
f 2158/1196/1272 2157/1195/1272 2160/1197/1272
f 2162/1162/1273 2161/1164/1273 2164/1198/1273
f 2166/1199/1274 2165/1198/1274 2168/1200/1274
f 2170/1162/1275 2169/1164/1275 2172/1201/1275
f 2174/1202/1276 2173/1201/1276 2176/1203/1276
f 2178/1162/1277 2177/1164/1277 2180/1204/1277
f 2182/1205/1278 2181/1204/1278 2184/1206/1278
f 2186/1162/1279 2185/1164/1279 2188/1207/1279
f 2190/1208/1280 2189/1207/1280 2192/1209/1280
f 2194/1162/1281 2193/1164/1281 2196/1210/1281
f 2198/1211/1282 2197/1210/1282 2200/1212/1282
f 2202/1162/1283 2201/1164/1283 2204/1213/1283
f 2206/1214/1284 2205/1213/1284 2208/1215/1284
f 2210/1162/1285 2209/1164/1285 2212/1216/1285
f 2214/1217/1286 2213/1216/1286 2216/1218/1286
f 2218/1162/1287 2217/1164/1287 2220/1219/1287
f 2222/1220/1288 2221/1219/1288 2224/1221/1288
f 2226/1162/1289 2225/1164/1289 2228/1222/1289
f 2230/1223/1290 2229/1222/1290 2232/1224/1290
f 2234/1162/1291 2233/1164/1291 2236/1225/1291
f 2238/1226/1292 2237/1225/1292 2240/1227/1292
f 2242/1162/1293 2241/1164/1293 2244/1228/1293
f 2246/1229/1294 2245/1228/1294 2248/1230/1294
f 2250/1162/1295 2249/1164/1295 2252/1231/1295
f 2254/1232/1296 2253/1231/1296 2256/1233/1296
f 2258/1162/1297 2257/1164/1297 2260/1234/1297
f 2262/1235/1298 2261/1234/1298 2264/1236/1298
f 2266/1162/1299 2265/1164/1299 2268/1237/1299
f 2270/1238/1300 2269/1237/1300 2272/1239/1300
f 2274/1162/1301 2273/1164/1301 2276/1240/1301
f 2278/1162/1302 2277/1164/1302 2280/1241/1302
f 2282/1162/1303 2281/1164/1303 2284/1242/1303
f 2286/1162/1304 2285/1164/1304 2288/1243/1304
f 2290/1162/1305 2289/1164/1305 2292/1244/1305
f 2294/1162/1306 2293/1164/1306 2296/1245/1306
f 2298/1162/1307 2297/1164/1307 2300/1246/1307
f 2302/1162/1308 2301/1164/1308 2304/1247/1308
f 2306/1162/1309 2305/1164/1309 2308/1248/1309
f 2310/1162/1310 2309/1164/1310 2312/1249/1310
f 2030/962/1311 2032/1149/1311 2031/1150/1311
f 2034/1150/1312 2036/1151/1312 2035/1152/1312
f 2038/1152/1313 2040/1153/1313 2039/1154/1313
f 2042/1154/1314 2044/1155/1314 2043/1156/1314
f 2046/1156/1315 2048/1157/1315 2047/1158/1315
f 2050/1158/1316 2052/1159/1316 2051/1160/1316
f 2054/1160/1317 2056/1161/1317 2055/1250/1317
f 2058/1162/1247 2060/1163/1247 2059/1251/1247
f 2062/1162/1248 2064/1165/1248 2063/1252/1248
f 2066/1162/1318 2068/1166/1318 2067/1253/1318
f 2070/1162/1319 2072/1167/1319 2071/1254/1319
f 2074/1162/1320 2076/1168/1320 2075/1255/1320
f 2078/1162/1321 2080/1169/1321 2079/1256/1321
f 2082/1162/1253 2084/1170/1253 2083/1257/1253
f 2086/1162/1254 2088/1171/1254 2087/1258/1254
f 2090/1162/1322 2092/1172/1322 2091/1259/1322
f 2094/1162/1256 2096/1173/1256 2095/1260/1256
f 2098/1162/1257 2100/1174/1257 2099/1175/1257
f 2102/1175/1323 2104/1176/1323 2103/1261/1323
f 2106/1162/1259 2108/1177/1259 2107/1178/1259
f 2110/1178/1260 2112/1179/1260 2111/1262/1260
f 2114/1162/1261 2116/1180/1261 2115/1181/1261
f 2118/1181/1324 2120/1182/1324 2119/1263/1324
f 2122/1162/1263 2124/1183/1263 2123/1184/1263
f 2126/1184/1325 2128/1185/1325 2127/1264/1325
f 2130/1162/1265 2132/1186/1265 2131/1187/1265
f 2134/1187/1266 2136/1188/1266 2135/1265/1266
f 2138/1162/1267 2140/1189/1267 2139/1190/1267
f 2142/1190/1268 2144/1191/1268 2143/1266/1268
f 2146/1162/1269 2148/1192/1269 2147/1193/1269
f 2150/1193/1326 2152/1194/1326 2151/1267/1326
f 2154/1162/1271 2156/1195/1271 2155/1196/1271
f 2158/1196/1327 2160/1197/1327 2159/1268/1327
f 2162/1162/1273 2164/1198/1273 2163/1199/1273
f 2166/1199/1274 2168/1200/1274 2167/1269/1274
f 2170/1162/1275 2172/1201/1275 2171/1202/1275
f 2174/1202/1328 2176/1203/1328 2175/1270/1328
f 2178/1162/1277 2180/1204/1277 2179/1205/1277
f 2182/1205/1329 2184/1206/1329 2183/1271/1329
f 2186/1162/1330 2188/1207/1330 2187/1208/1330
f 2190/1208/1280 2192/1209/1280 2191/1272/1280
f 2194/1162/1331 2196/1210/1331 2195/1211/1331
f 2198/1211/1282 2200/1212/1282 2199/1273/1282
f 2202/1162/1283 2204/1213/1283 2203/1214/1283
f 2206/1214/1284 2208/1215/1284 2207/1274/1284
f 2210/1162/1285 2212/1216/1285 2211/1217/1285
f 2214/1217/1332 2216/1218/1332 2215/1275/1332
f 2218/1162/1287 2220/1219/1287 2219/1220/1287
f 2222/1220/1333 2224/1221/1333 2223/1276/1333
f 2226/1162/1289 2228/1222/1289 2227/1223/1289
f 2230/1223/1290 2232/1224/1290 2231/1277/1290
f 2234/1162/1291 2236/1225/1291 2235/1226/1291
f 2238/1226/1334 2240/1227/1334 2239/1278/1334
f 2242/1162/1293 2244/1228/1293 2243/1229/1293
f 2246/1229/1335 2248/1230/1335 2247/1279/1335
f 2250/1162/1295 2252/1231/1295 2251/1232/1295
f 2254/1232/1336 2256/1233/1336 2255/1280/1336
f 2258/1162/1337 2260/1234/1337 2259/1235/1337
f 2262/1235/1298 2264/1236/1298 2263/1281/1298
f 2266/1162/1338 2268/1237/1338 2267/1238/1338
f 2270/1238/1300 2272/1239/1300 2271/1282/1300
f 2274/1162/1339 2276/1240/1339 2275/1283/1339
f 2278/1162/1340 2280/1241/1340 2279/1284/1340
f 2282/1162/1341 2284/1242/1341 2283/1285/1341
f 2286/1162/1304 2288/1243/1304 2287/1286/1304
f 2290/1162/1305 2292/1244/1305 2291/1287/1305
f 2294/1162/1342 2296/1245/1342 2295/1288/1342
f 2298/1162/1343 2300/1246/1343 2299/1289/1343
f 2302/1162/1344 2304/1247/1344 2303/1290/1344
f 2306/1162/1345 2308/1248/1345 2307/1291/1345
f 2310/1162/1346 2312/1249/1346 2311/1292/1346
f 2313/859/1347 2315/1293/1347 2316/1294/1347
f 2317/1294/1348 2319/1295/1348 2320/1296/1348
f 2321/1296/1349 2323/1297/1349 2324/1298/1349
f 2325/1298/1350 2327/1299/1350 2328/1300/1350
f 2329/1300/1351 2331/1301/1351 2332/1302/1351
f 2333/1302/1352 2335/1303/1352 2336/1304/1352
f 2337/1304/1353 2339/1305/1353 2340/1306/1353
f 2342/1307/1354 2344/1308/1354 2341/1309/1354
f 2346/1307/1355 2348/1310/1355 2345/1309/1355
f 2350/1307/1356 2352/1311/1356 2349/1309/1356
f 2354/1307/1357 2356/1312/1357 2353/1309/1357
f 2358/1307/1358 2360/1313/1358 2357/1309/1358
f 2362/1307/1359 2364/1314/1359 2361/1309/1359
f 2366/1307/1360 2368/1315/1360 2365/1309/1360
f 2370/1307/1361 2372/1316/1361 2369/1309/1361
f 2374/1307/1362 2376/1317/1362 2373/1309/1362
f 2378/1307/1363 2380/1318/1363 2377/1309/1363
f 2382/1307/1364 2384/1319/1364 2381/1309/1364
f 2386/1320/1365 2388/1321/1365 2385/1319/1365
f 2390/1307/1366 2392/1322/1366 2389/1309/1366
f 2394/1323/1367 2396/1324/1367 2393/1322/1367
f 2398/1307/1368 2400/1325/1368 2397/1309/1368
f 2402/1326/1369 2404/1327/1369 2401/1325/1369
f 2406/1307/1370 2408/1328/1370 2405/1309/1370
f 2410/1329/1371 2412/1330/1371 2409/1328/1371
f 2414/1307/1372 2416/1331/1372 2413/1309/1372
f 2418/1332/1373 2420/1333/1373 2417/1331/1373
f 2422/1307/1374 2424/1334/1374 2421/1309/1374
f 2426/1335/1375 2428/1336/1375 2425/1334/1375
f 2430/1307/1376 2432/1337/1376 2429/1309/1376
f 2434/1338/1377 2436/1339/1377 2433/1337/1377
f 2438/1307/1378 2440/1340/1378 2437/1309/1378
f 2442/1341/1379 2444/1342/1379 2441/1340/1379
f 2446/1307/1380 2448/1343/1380 2445/1309/1380
f 2450/1344/1381 2452/1345/1381 2449/1343/1381
f 2454/1307/1382 2456/1346/1382 2453/1309/1382
f 2458/1347/1383 2460/1348/1383 2457/1346/1383
f 2462/1307/1384 2464/1349/1384 2461/1309/1384
f 2466/1350/1385 2468/1351/1385 2465/1349/1385
f 2470/1307/1386 2472/1352/1386 2469/1309/1386
f 2474/1353/1387 2476/1354/1387 2473/1352/1387
f 2478/1307/1388 2480/1355/1388 2477/1309/1388
f 2482/1356/1389 2484/1357/1389 2481/1355/1389
f 2486/1307/1390 2488/1358/1390 2485/1309/1390
f 2490/1359/1391 2492/1360/1391 2489/1358/1391
f 2494/1307/1392 2496/1361/1392 2493/1309/1392
f 2498/1362/1393 2500/1363/1393 2497/1361/1393
f 2502/1307/1394 2504/1364/1394 2501/1309/1394
f 2506/1365/1395 2508/1366/1395 2505/1364/1395
f 2510/1307/1396 2512/1367/1396 2509/1309/1396
f 2514/1368/1397 2516/1369/1397 2513/1367/1397
f 2518/1307/1398 2520/1370/1398 2517/1309/1398
f 2522/1371/1399 2524/1372/1399 2521/1370/1399
f 2526/1307/1400 2528/1373/1400 2525/1309/1400
f 2530/1374/1401 2532/1375/1401 2529/1373/1401
f 2534/1307/1402 2536/1376/1402 2533/1309/1402
f 2538/1377/1403 2540/1378/1403 2537/1376/1403
f 2542/1307/1404 2544/1379/1404 2541/1309/1404
f 2546/1380/1405 2548/1381/1405 2545/1379/1405
f 2550/1307/1406 2552/1382/1406 2549/1309/1406
f 2554/1383/1407 2556/1384/1407 2553/1382/1407
f 2558/1307/1408 2560/1385/1408 2557/1309/1408
f 2562/1307/1409 2564/1386/1409 2561/1309/1409
f 2566/1307/1410 2568/1387/1410 2565/1309/1410
f 2570/1307/1411 2572/1388/1411 2569/1309/1411
f 2574/1307/1412 2576/1389/1412 2573/1309/1412
f 2578/1307/1413 2580/1390/1413 2577/1309/1413
f 2582/1307/1414 2584/1391/1414 2581/1309/1414
f 2586/1307/1415 2588/1392/1415 2585/1309/1415
f 2590/1307/1416 2592/1393/1416 2589/1309/1416
f 2594/1307/1417 2596/1394/1417 2593/1309/1417
f 2313/859/1418 2314/962/1418 2315/1293/1418
f 2317/1294/1419 2318/1293/1419 2319/1295/1419
f 2321/1296/1420 2322/1295/1420 2323/1297/1420
f 2325/1298/1421 2326/1297/1421 2327/1299/1421
f 2329/1300/1422 2330/1299/1422 2331/1301/1422
f 2333/1302/1423 2334/1301/1423 2335/1303/1423
f 2337/1304/1424 2338/1303/1424 2339/1305/1424
f 2342/1307/1425 2343/1395/1425 2344/1308/1425
f 2346/1307/1355 2347/1396/1355 2348/1310/1355
f 2350/1307/1356 2351/1397/1356 2352/1311/1356
f 2354/1307/1357 2355/1398/1357 2356/1312/1357
f 2358/1307/1426 2359/1399/1426 2360/1313/1426
f 2362/1307/1359 2363/1400/1359 2364/1314/1359
f 2366/1307/1360 2367/1401/1360 2368/1315/1360
f 2370/1307/1427 2371/1402/1427 2372/1316/1427
f 2374/1307/1362 2375/1403/1362 2376/1317/1362
f 2378/1307/1363 2379/1404/1363 2380/1318/1363
f 2382/1307/1364 2383/1320/1364 2384/1319/1364
f 2386/1320/1365 2387/1405/1365 2388/1321/1365
f 2390/1307/1366 2391/1323/1366 2392/1322/1366
f 2394/1323/1367 2395/1406/1367 2396/1324/1367
f 2398/1307/1368 2399/1326/1368 2400/1325/1368
f 2402/1326/1428 2403/1407/1428 2404/1327/1428
f 2406/1307/1370 2407/1329/1370 2408/1328/1370
f 2410/1329/1429 2411/1408/1429 2412/1330/1429
f 2414/1307/1372 2415/1332/1372 2416/1331/1372
f 2418/1332/1430 2419/1409/1430 2420/1333/1430
f 2422/1307/1431 2423/1335/1431 2424/1334/1431
f 2426/1335/1375 2427/1410/1375 2428/1336/1375
f 2430/1307/1376 2431/1338/1376 2432/1337/1376
f 2434/1338/1377 2435/1411/1377 2436/1339/1377
f 2438/1307/1378 2439/1341/1378 2440/1340/1378
f 2442/1341/1432 2443/1412/1432 2444/1342/1432
f 2446/1307/1380 2447/1344/1380 2448/1343/1380
f 2450/1344/1433 2451/1413/1433 2452/1345/1433
f 2454/1307/1382 2455/1347/1382 2456/1346/1382
f 2458/1347/1434 2459/1414/1434 2460/1348/1434
f 2462/1307/1435 2463/1350/1435 2464/1349/1435
f 2466/1350/1436 2467/1415/1436 2468/1351/1436
f 2470/1307/1386 2471/1353/1386 2472/1352/1386
f 2474/1353/1437 2475/1416/1437 2476/1354/1437
f 2478/1307/1388 2479/1356/1388 2480/1355/1388
f 2482/1356/1389 2483/1417/1389 2484/1357/1389
f 2486/1307/1390 2487/1359/1390 2488/1358/1390
f 2490/1359/1391 2491/1418/1391 2492/1360/1391
f 2494/1307/1392 2495/1362/1392 2496/1361/1392
f 2498/1362/1438 2499/1419/1438 2500/1363/1438
f 2502/1307/1394 2503/1365/1394 2504/1364/1394
f 2506/1365/1439 2507/1420/1439 2508/1366/1439
f 2510/1307/1396 2511/1368/1396 2512/1367/1396
f 2514/1368/1440 2515/1421/1440 2516/1369/1440
f 2518/1307/1441 2519/1371/1441 2520/1370/1441
f 2522/1371/1399 2523/1422/1399 2524/1372/1399
f 2526/1307/1400 2527/1374/1400 2528/1373/1400
f 2530/1374/1401 2531/1423/1401 2532/1375/1401
f 2534/1307/1402 2535/1377/1402 2536/1376/1402
f 2538/1377/1442 2539/1424/1442 2540/1378/1442
f 2542/1307/1404 2543/1380/1404 2544/1379/1404
f 2546/1380/1405 2547/1425/1405 2548/1381/1405
f 2550/1307/1406 2551/1383/1406 2552/1382/1406
f 2554/1383/1407 2555/1426/1407 2556/1384/1407
f 2558/1307/1408 2559/1427/1408 2560/1385/1408
f 2562/1307/1443 2563/1428/1443 2564/1386/1443
f 2566/1307/1444 2567/1429/1444 2568/1387/1444
f 2570/1307/1411 2571/1430/1411 2572/1388/1411
f 2574/1307/1412 2575/1431/1412 2576/1389/1412
f 2578/1307/1413 2579/1432/1413 2580/1390/1413
f 2582/1307/1445 2583/1433/1445 2584/1391/1445
f 2586/1307/1446 2587/1434/1446 2588/1392/1446
f 2590/1307/1447 2591/1435/1447 2592/1393/1447
f 2594/1307/1417 2595/1436/1417 2596/1394/1417
f 2597/859/1448 2600/1294/1448 2599/1293/1448
f 2601/1294/1449 2604/1296/1449 2603/1295/1449
f 2605/1296/1450 2608/1298/1450 2607/1297/1450
f 2609/1298/1451 2612/1300/1451 2611/1299/1451
f 2613/1300/1452 2616/1302/1452 2615/1301/1452
f 2617/1302/1453 2620/1304/1453 2619/1303/1453
f 2621/1304/1454 2624/1306/1454 2623/1305/1454
f 2626/1307/1455 2625/1309/1455 2628/1308/1455
f 2630/1307/1456 2629/1309/1456 2632/1310/1456
f 2634/1307/1457 2633/1309/1457 2636/1311/1457
f 2638/1307/1458 2637/1309/1458 2640/1312/1458
f 2642/1307/1459 2641/1309/1459 2644/1313/1459
f 2646/1307/1460 2645/1309/1460 2648/1314/1460
f 2650/1307/1461 2649/1309/1461 2652/1315/1461
f 2654/1307/1462 2653/1309/1462 2656/1316/1462
f 2658/1307/1463 2657/1309/1463 2660/1317/1463
f 2662/1307/1464 2661/1309/1464 2664/1318/1464
f 2666/1307/1465 2665/1309/1465 2668/1319/1465
f 2670/1320/1466 2669/1319/1466 2672/1321/1466
f 2674/1307/1467 2673/1309/1467 2676/1322/1467
f 2678/1323/1468 2677/1322/1468 2680/1324/1468
f 2682/1307/1469 2681/1309/1469 2684/1325/1469
f 2686/1326/1470 2685/1325/1470 2688/1327/1470
f 2690/1307/1471 2689/1309/1471 2692/1328/1471
f 2694/1329/1472 2693/1328/1472 2696/1330/1472
f 2698/1307/1473 2697/1309/1473 2700/1331/1473
f 2702/1332/1474 2701/1331/1474 2704/1333/1474
f 2706/1307/1475 2705/1309/1475 2708/1334/1475
f 2710/1335/1476 2709/1334/1476 2712/1336/1476
f 2714/1307/1477 2713/1309/1477 2716/1337/1477
f 2718/1338/1478 2717/1337/1478 2720/1339/1478
f 2722/1307/1479 2721/1309/1479 2724/1340/1479
f 2726/1341/1480 2725/1340/1480 2728/1342/1480
f 2730/1307/1481 2729/1309/1481 2732/1343/1481
f 2734/1344/1482 2733/1343/1482 2736/1345/1482
f 2738/1307/1483 2737/1309/1483 2740/1346/1483
f 2742/1347/1484 2741/1346/1484 2744/1348/1484
f 2746/1307/1485 2745/1309/1485 2748/1349/1485
f 2750/1350/1486 2749/1349/1486 2752/1351/1486
f 2754/1307/1487 2753/1309/1487 2756/1352/1487
f 2758/1353/1488 2757/1352/1488 2760/1354/1488
f 2762/1307/1489 2761/1309/1489 2764/1355/1489
f 2766/1356/1490 2765/1355/1490 2768/1357/1490
f 2770/1307/1491 2769/1309/1491 2772/1358/1491
f 2774/1359/1492 2773/1358/1492 2776/1360/1492
f 2778/1307/1493 2777/1309/1493 2780/1361/1493
f 2782/1362/1494 2781/1361/1494 2784/1363/1494
f 2786/1307/1495 2785/1309/1495 2788/1364/1495
f 2790/1365/1496 2789/1364/1496 2792/1366/1496
f 2794/1307/1497 2793/1309/1497 2796/1367/1497
f 2798/1368/1498 2797/1367/1498 2800/1369/1498
f 2802/1307/1499 2801/1309/1499 2804/1370/1499
f 2806/1371/1500 2805/1370/1500 2808/1372/1500
f 2810/1307/1501 2809/1309/1501 2812/1373/1501
f 2814/1374/1502 2813/1373/1502 2816/1375/1502
f 2818/1307/1503 2817/1309/1503 2820/1376/1503
f 2822/1377/1504 2821/1376/1504 2824/1378/1504
f 2826/1307/1505 2825/1309/1505 2828/1379/1505
f 2830/1380/1506 2829/1379/1506 2832/1381/1506
f 2834/1307/1507 2833/1309/1507 2836/1382/1507
f 2838/1383/1508 2837/1382/1508 2840/1384/1508
f 2842/1307/1509 2841/1309/1509 2844/1385/1509
f 2846/1307/1510 2845/1309/1510 2848/1386/1510
f 2850/1307/1511 2849/1309/1511 2852/1387/1511
f 2854/1307/1512 2853/1309/1512 2856/1388/1512
f 2858/1307/1513 2857/1309/1513 2860/1389/1513
f 2862/1307/1514 2861/1309/1514 2864/1390/1514
f 2866/1307/1515 2865/1309/1515 2868/1391/1515
f 2870/1307/1516 2869/1309/1516 2872/1392/1516
f 2874/1307/1517 2873/1309/1517 2876/1393/1517
f 2878/1307/1518 2877/1309/1518 2880/1394/1518
f 2597/859/1519 2599/1293/1519 2598/962/1519
f 2601/1294/1520 2603/1295/1520 2602/1293/1520
f 2605/1296/1521 2607/1297/1521 2606/1295/1521
f 2609/1298/1522 2611/1299/1522 2610/1297/1522
f 2613/1300/1523 2615/1301/1523 2614/1299/1523
f 2617/1302/1524 2619/1303/1524 2618/1301/1524
f 2621/1304/1525 2623/1305/1525 2622/1303/1525
f 2626/1307/1526 2628/1308/1526 2627/1395/1526
f 2630/1307/1456 2632/1310/1456 2631/1396/1456
f 2634/1307/1457 2636/1311/1457 2635/1397/1457
f 2638/1307/1458 2640/1312/1458 2639/1398/1458
f 2642/1307/1527 2644/1313/1527 2643/1399/1527
f 2646/1307/1460 2648/1314/1460 2647/1400/1460
f 2650/1307/1461 2652/1315/1461 2651/1401/1461
f 2654/1307/1528 2656/1316/1528 2655/1402/1528
f 2658/1307/1463 2660/1317/1463 2659/1403/1463
f 2662/1307/1464 2664/1318/1464 2663/1404/1464
f 2666/1307/1465 2668/1319/1465 2667/1320/1465
f 2670/1320/1466 2672/1321/1466 2671/1405/1466
f 2674/1307/1467 2676/1322/1467 2675/1323/1467
f 2678/1323/1468 2680/1324/1468 2679/1406/1468
f 2682/1307/1469 2684/1325/1469 2683/1326/1469
f 2686/1326/1529 2688/1327/1529 2687/1407/1529
f 2690/1307/1471 2692/1328/1471 2691/1329/1471
f 2694/1329/1530 2696/1330/1530 2695/1408/1530
f 2698/1307/1473 2700/1331/1473 2699/1332/1473
f 2702/1332/1531 2704/1333/1531 2703/1409/1531
f 2706/1307/1532 2708/1334/1532 2707/1335/1532
f 2710/1335/1476 2712/1336/1476 2711/1410/1476
f 2714/1307/1477 2716/1337/1477 2715/1338/1477
f 2718/1338/1478 2720/1339/1478 2719/1411/1478
f 2722/1307/1479 2724/1340/1479 2723/1341/1479
f 2726/1341/1533 2728/1342/1533 2727/1412/1533
f 2730/1307/1481 2732/1343/1481 2731/1344/1481
f 2734/1344/1534 2736/1345/1534 2735/1413/1534
f 2738/1307/1483 2740/1346/1483 2739/1347/1483
f 2742/1347/1535 2744/1348/1535 2743/1414/1535
f 2746/1307/1536 2748/1349/1536 2747/1350/1536
f 2750/1350/1537 2752/1351/1537 2751/1415/1537
f 2754/1307/1487 2756/1352/1487 2755/1353/1487
f 2758/1353/1538 2760/1354/1538 2759/1416/1538
f 2762/1307/1489 2764/1355/1489 2763/1356/1489
f 2766/1356/1490 2768/1357/1490 2767/1417/1490
f 2770/1307/1491 2772/1358/1491 2771/1359/1491
f 2774/1359/1492 2776/1360/1492 2775/1418/1492
f 2778/1307/1493 2780/1361/1493 2779/1362/1493
f 2782/1362/1539 2784/1363/1539 2783/1419/1539
f 2786/1307/1495 2788/1364/1495 2787/1365/1495
f 2790/1365/1540 2792/1366/1540 2791/1420/1540
f 2794/1307/1497 2796/1367/1497 2795/1368/1497
f 2798/1368/1541 2800/1369/1541 2799/1421/1541
f 2802/1307/1542 2804/1370/1542 2803/1371/1542
f 2806/1371/1500 2808/1372/1500 2807/1422/1500
f 2810/1307/1501 2812/1373/1501 2811/1374/1501
f 2814/1374/1502 2816/1375/1502 2815/1423/1502
f 2818/1307/1503 2820/1376/1503 2819/1377/1503
f 2822/1377/1543 2824/1378/1543 2823/1424/1543
f 2826/1307/1505 2828/1379/1505 2827/1380/1505
f 2830/1380/1506 2832/1381/1506 2831/1425/1506
f 2834/1307/1507 2836/1382/1507 2835/1383/1507
f 2838/1383/1508 2840/1384/1508 2839/1426/1508
f 2842/1307/1509 2844/1385/1509 2843/1427/1509
f 2846/1307/1544 2848/1386/1544 2847/1428/1544
f 2850/1307/1545 2852/1387/1545 2851/1429/1545
f 2854/1307/1512 2856/1388/1512 2855/1430/1512
f 2858/1307/1513 2860/1389/1513 2859/1431/1513
f 2862/1307/1514 2864/1390/1514 2863/1432/1514
f 2866/1307/1546 2868/1391/1546 2867/1433/1546
f 2870/1307/1547 2872/1392/1547 2871/1434/1547
f 2874/1307/1548 2876/1393/1548 2875/1435/1548
f 2878/1307/1518 2880/1394/1518 2879/1436/1518
f 2881/859/1549 2883/1437/1549 2884/1438/1549
f 2885/1438/1550 2887/1439/1550 2888/1440/1550
f 2889/1440/1551 2891/1441/1551 2892/1442/1551
f 2893/1442/1552 2895/1443/1552 2896/1444/1552
f 2897/1444/1553 2899/1445/1553 2900/1446/1553
f 2901/1446/1554 2903/1447/1554 2904/1448/1554
f 2905/1448/1555 2907/1449/1555 2908/1450/1555
f 2910/1451/1556 2912/1452/1556 2909/1453/1556
f 2914/1451/1557 2916/1454/1557 2913/1453/1557
f 2918/1451/1558 2920/1455/1558 2917/1453/1558
f 2922/1451/1559 2924/1456/1559 2921/1453/1559
f 2926/1451/1560 2928/1457/1560 2925/1453/1560
f 2930/1451/1561 2932/1458/1561 2929/1453/1561
f 2934/1451/1562 2936/1459/1562 2933/1453/1562
f 2938/1451/1563 2940/1460/1563 2937/1453/1563
f 2942/1451/1564 2944/1461/1564 2941/1453/1564
f 2946/1451/1565 2948/1462/1565 2945/1453/1565
f 2950/1451/1566 2952/1463/1566 2949/1453/1566
f 2954/1464/1567 2956/1465/1567 2953/1463/1567
f 2958/1451/1568 2960/1466/1568 2957/1453/1568
f 2962/1467/1569 2964/1468/1569 2961/1466/1569
f 2966/1451/1570 2968/1469/1570 2965/1453/1570
f 2970/1470/1571 2972/1471/1571 2969/1469/1571
f 2974/1451/1572 2976/1472/1572 2973/1453/1572
f 2978/1473/1573 2980/1474/1573 2977/1472/1573
f 2982/1451/1574 2984/1475/1574 2981/1453/1574
f 2986/1476/1575 2988/1477/1575 2985/1475/1575
f 2990/1451/1576 2992/1478/1576 2989/1453/1576
f 2994/1479/1577 2996/1480/1577 2993/1478/1577
f 2998/1451/1578 3000/1481/1578 2997/1453/1578
f 3002/1482/1579 3004/1483/1579 3001/1481/1579
f 3006/1451/1580 3008/1484/1580 3005/1453/1580
f 3010/1485/1581 3012/1486/1581 3009/1484/1581
f 3014/1451/1582 3016/1487/1582 3013/1453/1582
f 3018/1488/1583 3020/1489/1583 3017/1487/1583
f 3022/1451/1584 3024/1490/1584 3021/1453/1584
f 3026/1491/1585 3028/1492/1585 3025/1490/1585
f 3030/1451/1586 3032/1493/1586 3029/1453/1586
f 3034/1494/1587 3036/1495/1587 3033/1493/1587
f 3038/1451/1588 3040/1496/1588 3037/1453/1588
f 3042/1497/1589 3044/1498/1589 3041/1496/1589
f 3046/1451/1590 3048/1499/1590 3045/1453/1590
f 3050/1500/1591 3052/1501/1591 3049/1499/1591
f 3054/1451/1592 3056/1502/1592 3053/1453/1592
f 3058/1503/1593 3060/1504/1593 3057/1502/1593
f 3062/1451/1594 3064/1505/1594 3061/1453/1594
f 3066/1506/1595 3068/1507/1595 3065/1505/1595
f 3070/1451/1596 3072/1508/1596 3069/1453/1596
f 3074/1509/1597 3076/1510/1597 3073/1508/1597
f 3078/1451/1598 3080/1511/1598 3077/1453/1598
f 3082/1512/1599 3084/1513/1599 3081/1511/1599
f 3086/1451/1600 3088/1514/1600 3085/1453/1600
f 3090/1515/1601 3092/1516/1601 3089/1514/1601
f 3094/1451/1602 3096/1517/1602 3093/1453/1602
f 3098/1518/1603 3100/1519/1603 3097/1517/1603
f 3102/1451/1604 3104/1520/1604 3101/1453/1604
f 3106/1521/1605 3108/1522/1605 3105/1520/1605
f 3110/1451/1606 3112/1523/1606 3109/1453/1606
f 3114/1524/1607 3116/1525/1607 3113/1523/1607
f 3118/1451/1608 3120/1526/1608 3117/1453/1608
f 3122/1527/1609 3124/1528/1609 3121/1526/1609
f 3126/1451/1610 3128/1529/1610 3125/1453/1610
f 3130/1451/1611 3132/1530/1611 3129/1453/1611
f 3134/1451/1612 3136/1531/1612 3133/1453/1612
f 3138/1451/1613 3140/1532/1613 3137/1453/1613
f 3142/1451/1614 3144/1533/1614 3141/1453/1614
f 3146/1451/1615 3148/1534/1615 3145/1453/1615
f 3150/1451/1616 3152/1535/1616 3149/1453/1616
f 3154/1451/1617 3156/1536/1617 3153/1453/1617
f 3158/1451/1618 3160/1537/1618 3157/1453/1618
f 3162/1451/1619 3164/1538/1619 3161/1453/1619
f 2881/859/1620 2882/962/1620 2883/1437/1620
f 2885/1438/1621 2886/1437/1621 2887/1439/1621
f 2889/1440/1622 2890/1439/1622 2891/1441/1622
f 2893/1442/1623 2894/1441/1623 2895/1443/1623
f 2897/1444/1624 2898/1443/1624 2899/1445/1624
f 2901/1446/1625 2902/1445/1625 2903/1447/1625
f 2905/1448/1626 2906/1447/1626 2907/1449/1626
f 2910/1451/1556 2911/1539/1556 2912/1452/1556
f 2914/1451/1627 2915/1540/1627 2916/1454/1627
f 2918/1451/1558 2919/1541/1558 2920/1455/1558
f 2922/1451/1628 2923/1542/1628 2924/1456/1628
f 2926/1451/1629 2927/1543/1629 2928/1457/1629
f 2930/1451/1630 2931/1544/1630 2932/1458/1630
f 2934/1451/1631 2935/1545/1631 2936/1459/1631
f 2938/1451/1563 2939/1546/1563 2940/1460/1563
f 2942/1451/1564 2943/1547/1564 2944/1461/1564
f 2946/1451/1565 2947/1548/1565 2948/1462/1565
f 2950/1451/1566 2951/1464/1566 2952/1463/1566
f 2954/1464/1567 2955/1549/1567 2956/1465/1567
f 2958/1451/1568 2959/1467/1568 2960/1466/1568
f 2962/1467/1632 2963/1550/1632 2964/1468/1632
f 2966/1451/1570 2967/1470/1570 2968/1469/1570
f 2970/1470/1571 2971/1551/1571 2972/1471/1571
f 2974/1451/1572 2975/1473/1572 2976/1472/1572
f 2978/1473/1573 2979/1552/1573 2980/1474/1573
f 2982/1451/1574 2983/1476/1574 2984/1475/1574
f 2986/1476/1633 2987/1553/1633 2988/1477/1633
f 2990/1451/1634 2991/1479/1634 2992/1478/1634
f 2994/1479/1577 2995/1554/1577 2996/1480/1577
f 2998/1451/1578 2999/1482/1578 3000/1481/1578
f 3002/1482/1635 3003/1555/1635 3004/1483/1635
f 3006/1451/1580 3007/1485/1580 3008/1484/1580
f 3010/1485/1636 3011/1556/1636 3012/1486/1636
f 3014/1451/1582 3015/1488/1582 3016/1487/1582
f 3018/1488/1583 3019/1557/1583 3020/1489/1583
f 3022/1451/1637 3023/1491/1637 3024/1490/1637
f 3026/1491/1638 3027/1558/1638 3028/1492/1638
f 3030/1451/1586 3031/1494/1586 3032/1493/1586
f 3034/1494/1639 3035/1559/1639 3036/1495/1639
f 3038/1451/1588 3039/1497/1588 3040/1496/1588
f 3042/1497/1640 3043/1560/1640 3044/1498/1640
f 3046/1451/1590 3047/1500/1590 3048/1499/1590
f 3050/1500/1641 3051/1561/1641 3052/1501/1641
f 3054/1451/1592 3055/1503/1592 3056/1502/1592
f 3058/1503/1642 3059/1562/1642 3060/1504/1642
f 3062/1451/1643 3063/1506/1643 3064/1505/1643
f 3066/1506/1595 3067/1563/1595 3068/1507/1595
f 3070/1451/1596 3071/1509/1596 3072/1508/1596
f 3074/1509/1644 3075/1564/1644 3076/1510/1644
f 3078/1451/1598 3079/1512/1598 3080/1511/1598
f 3082/1512/1599 3083/1565/1599 3084/1513/1599
f 3086/1451/1600 3087/1515/1600 3088/1514/1600
f 3090/1515/1645 3091/1566/1645 3092/1516/1645
f 3094/1451/1602 3095/1518/1602 3096/1517/1602
f 3098/1518/1603 3099/1567/1603 3100/1519/1603
f 3102/1451/1604 3103/1521/1604 3104/1520/1604
f 3106/1521/1646 3107/1568/1646 3108/1522/1646
f 3110/1451/1606 3111/1524/1606 3112/1523/1606
f 3114/1524/1607 3115/1569/1607 3116/1525/1607
f 3118/1451/1647 3119/1527/1647 3120/1526/1647
f 3122/1527/1648 3123/1570/1648 3124/1528/1648
f 3126/1451/1610 3127/1571/1610 3128/1529/1610
f 3130/1451/1649 3131/1572/1649 3132/1530/1649
f 3134/1451/1612 3135/1573/1612 3136/1531/1612
f 3138/1451/1650 3139/1574/1650 3140/1532/1650
f 3142/1451/1651 3143/1575/1651 3144/1533/1651
f 3146/1451/1615 3147/1576/1615 3148/1534/1615
f 3150/1451/1652 3151/1577/1652 3152/1535/1652
f 3154/1451/1653 3155/1578/1653 3156/1536/1653
f 3158/1451/1654 3159/1579/1654 3160/1537/1654
f 3162/1451/1655 3163/1580/1655 3164/1538/1655
f 3165/859/1656 3168/1438/1656 3167/1437/1656
f 3169/1438/1657 3172/1440/1657 3171/1439/1657
f 3173/1440/1658 3176/1442/1658 3175/1441/1658
f 3177/1442/1659 3180/1444/1659 3179/1443/1659
f 3181/1444/1660 3184/1446/1660 3183/1445/1660
f 3185/1446/1661 3188/1448/1661 3187/1447/1661
f 3189/1448/1662 3192/1450/1662 3191/1449/1662
f 3194/1451/1663 3193/1453/1663 3196/1452/1663
f 3198/1451/1664 3197/1453/1664 3200/1454/1664
f 3202/1451/1665 3201/1453/1665 3204/1455/1665
f 3206/1451/1666 3205/1453/1666 3208/1456/1666
f 3210/1451/1667 3209/1453/1667 3212/1457/1667
f 3214/1451/1668 3213/1453/1668 3216/1458/1668
f 3218/1451/1669 3217/1453/1669 3220/1459/1669
f 3222/1451/1670 3221/1453/1670 3224/1460/1670
f 3226/1451/1671 3225/1453/1671 3228/1461/1671
f 3230/1451/1672 3229/1453/1672 3232/1462/1672
f 3234/1451/1673 3233/1453/1673 3236/1463/1673
f 3238/1464/1674 3237/1463/1674 3240/1465/1674
f 3242/1451/1675 3241/1453/1675 3244/1466/1675
f 3246/1467/1676 3245/1466/1676 3248/1468/1676
f 3250/1451/1677 3249/1453/1677 3252/1469/1677
f 3254/1470/1678 3253/1469/1678 3256/1471/1678
f 3258/1451/1679 3257/1453/1679 3260/1472/1679
f 3262/1473/1680 3261/1472/1680 3264/1474/1680
f 3266/1451/1681 3265/1453/1681 3268/1475/1681
f 3270/1476/1682 3269/1475/1682 3272/1477/1682
f 3274/1451/1683 3273/1453/1683 3276/1478/1683
f 3278/1479/1684 3277/1478/1684 3280/1480/1684
f 3282/1451/1685 3281/1453/1685 3284/1481/1685
f 3286/1482/1686 3285/1481/1686 3288/1483/1686
f 3290/1451/1687 3289/1453/1687 3292/1484/1687
f 3294/1485/1688 3293/1484/1688 3296/1486/1688
f 3298/1451/1689 3297/1453/1689 3300/1487/1689
f 3302/1488/1690 3301/1487/1690 3304/1489/1690
f 3306/1451/1691 3305/1453/1691 3308/1490/1691
f 3310/1491/1692 3309/1490/1692 3312/1492/1692
f 3314/1451/1693 3313/1453/1693 3316/1493/1693
f 3318/1494/1694 3317/1493/1694 3320/1495/1694
f 3322/1451/1695 3321/1453/1695 3324/1496/1695
f 3326/1497/1696 3325/1496/1696 3328/1498/1696
f 3330/1451/1697 3329/1453/1697 3332/1499/1697
f 3334/1500/1698 3333/1499/1698 3336/1501/1698
f 3338/1451/1699 3337/1453/1699 3340/1502/1699
f 3342/1503/1700 3341/1502/1700 3344/1504/1700
f 3346/1451/1701 3345/1453/1701 3348/1505/1701
f 3350/1506/1702 3349/1505/1702 3352/1507/1702
f 3354/1451/1703 3353/1453/1703 3356/1508/1703
f 3358/1509/1704 3357/1508/1704 3360/1510/1704
f 3362/1451/1705 3361/1453/1705 3364/1511/1705
f 3366/1512/1706 3365/1511/1706 3368/1513/1706
f 3370/1451/1707 3369/1453/1707 3372/1514/1707
f 3374/1515/1708 3373/1514/1708 3376/1516/1708
f 3378/1451/1709 3377/1453/1709 3380/1517/1709
f 3382/1518/1710 3381/1517/1710 3384/1519/1710
f 3386/1451/1711 3385/1453/1711 3388/1520/1711
f 3390/1521/1712 3389/1520/1712 3392/1522/1712
f 3394/1451/1713 3393/1453/1713 3396/1523/1713
f 3398/1524/1714 3397/1523/1714 3400/1525/1714
f 3402/1451/1715 3401/1453/1715 3404/1526/1715
f 3406/1527/1716 3405/1526/1716 3408/1528/1716
f 3410/1451/1717 3409/1453/1717 3412/1529/1717
f 3414/1451/1718 3413/1453/1718 3416/1530/1718
f 3418/1451/1719 3417/1453/1719 3420/1531/1719
f 3422/1451/1720 3421/1453/1720 3424/1532/1720
f 3426/1451/1721 3425/1453/1721 3428/1533/1721
f 3430/1451/1722 3429/1453/1722 3432/1534/1722
f 3434/1451/1723 3433/1453/1723 3436/1535/1723
f 3438/1451/1724 3437/1453/1724 3440/1536/1724
f 3442/1451/1725 3441/1453/1725 3444/1537/1725
f 3446/1451/1726 3445/1453/1726 3448/1538/1726
f 3165/859/1727 3167/1437/1727 3166/962/1727
f 3169/1438/1728 3171/1439/1728 3170/1437/1728
f 3173/1440/1729 3175/1441/1729 3174/1439/1729
f 3177/1442/1730 3179/1443/1730 3178/1441/1730
f 3181/1444/1731 3183/1445/1731 3182/1443/1731
f 3185/1446/1732 3187/1447/1732 3186/1445/1732
f 3189/1448/1733 3191/1449/1733 3190/1447/1733
f 3194/1451/1663 3196/1452/1663 3195/1539/1663
f 3198/1451/1734 3200/1454/1734 3199/1540/1734
f 3202/1451/1665 3204/1455/1665 3203/1541/1665
f 3206/1451/1735 3208/1456/1735 3207/1542/1735
f 3210/1451/1736 3212/1457/1736 3211/1543/1736
f 3214/1451/1737 3216/1458/1737 3215/1544/1737
f 3218/1451/1738 3220/1459/1738 3219/1545/1738
f 3222/1451/1670 3224/1460/1670 3223/1546/1670
f 3226/1451/1671 3228/1461/1671 3227/1547/1671
f 3230/1451/1672 3232/1462/1672 3231/1548/1672
f 3234/1451/1673 3236/1463/1673 3235/1464/1673
f 3238/1464/1674 3240/1465/1674 3239/1549/1674
f 3242/1451/1675 3244/1466/1675 3243/1467/1675
f 3246/1467/1739 3248/1468/1739 3247/1550/1739
f 3250/1451/1677 3252/1469/1677 3251/1470/1677
f 3254/1470/1678 3256/1471/1678 3255/1551/1678
f 3258/1451/1679 3260/1472/1679 3259/1473/1679
f 3262/1473/1680 3264/1474/1680 3263/1552/1680
f 3266/1451/1681 3268/1475/1681 3267/1476/1681
f 3270/1476/1740 3272/1477/1740 3271/1553/1740
f 3274/1451/1741 3276/1478/1741 3275/1479/1741
f 3278/1479/1684 3280/1480/1684 3279/1554/1684
f 3282/1451/1685 3284/1481/1685 3283/1482/1685
f 3286/1482/1742 3288/1483/1742 3287/1555/1742
f 3290/1451/1687 3292/1484/1687 3291/1485/1687
f 3294/1485/1743 3296/1486/1743 3295/1556/1743
f 3298/1451/1689 3300/1487/1689 3299/1488/1689
f 3302/1488/1690 3304/1489/1690 3303/1557/1690
f 3306/1451/1744 3308/1490/1744 3307/1491/1744
f 3310/1491/1745 3312/1492/1745 3311/1558/1745
f 3314/1451/1693 3316/1493/1693 3315/1494/1693
f 3318/1494/1746 3320/1495/1746 3319/1559/1746
f 3322/1451/1695 3324/1496/1695 3323/1497/1695
f 3326/1497/1747 3328/1498/1747 3327/1560/1747
f 3330/1451/1697 3332/1499/1697 3331/1500/1697
f 3334/1500/1748 3336/1501/1748 3335/1561/1748
f 3338/1451/1699 3340/1502/1699 3339/1503/1699
f 3342/1503/1749 3344/1504/1749 3343/1562/1749
f 3346/1451/1750 3348/1505/1750 3347/1506/1750
f 3350/1506/1702 3352/1507/1702 3351/1563/1702
f 3354/1451/1703 3356/1508/1703 3355/1509/1703
f 3358/1509/1751 3360/1510/1751 3359/1564/1751
f 3362/1451/1705 3364/1511/1705 3363/1512/1705
f 3366/1512/1706 3368/1513/1706 3367/1565/1706
f 3370/1451/1707 3372/1514/1707 3371/1515/1707
f 3374/1515/1752 3376/1516/1752 3375/1566/1752
f 3378/1451/1709 3380/1517/1709 3379/1518/1709
f 3382/1518/1710 3384/1519/1710 3383/1567/1710
f 3386/1451/1711 3388/1520/1711 3387/1521/1711
f 3390/1521/1753 3392/1522/1753 3391/1568/1753
f 3394/1451/1713 3396/1523/1713 3395/1524/1713
f 3398/1524/1714 3400/1525/1714 3399/1569/1714
f 3402/1451/1754 3404/1526/1754 3403/1527/1754
f 3406/1527/1755 3408/1528/1755 3407/1570/1755
f 3410/1451/1717 3412/1529/1717 3411/1571/1717
f 3414/1451/1756 3416/1530/1756 3415/1572/1756
f 3418/1451/1719 3420/1531/1719 3419/1573/1719
f 3422/1451/1757 3424/1532/1757 3423/1574/1757
f 3426/1451/1758 3428/1533/1758 3427/1575/1758
f 3430/1451/1722 3432/1534/1722 3431/1576/1722
f 3434/1451/1759 3436/1535/1759 3435/1577/1759
f 3438/1451/1760 3440/1536/1760 3439/1578/1760
f 3442/1451/1761 3444/1537/1761 3443/1579/1761
f 3446/1451/1762 3448/1538/1762 3447/1580/1762
f 3449/859/1763 3451/1581/1763 3452/1582/1763
f 3453/1582/1764 3455/1583/1764 3456/1584/1764
f 3457/1584/1765 3459/1585/1765 3460/1586/1765
f 3461/1586/1766 3463/1587/1766 3464/1588/1766
f 3465/1588/1767 3467/1589/1767 3468/1590/1767
f 3469/1590/1768 3471/1591/1768 3472/1592/1768
f 3473/1592/1769 3475/1593/1769 3476/1594/1769
f 3478/1595/1770 3480/1596/1770 3477/1597/1770
f 3482/1595/1771 3484/1598/1771 3481/1597/1771
f 3486/1595/1772 3488/1599/1772 3485/1597/1772
f 3490/1595/1773 3492/1600/1773 3489/1597/1773
f 3494/1595/1774 3496/1601/1774 3493/1597/1774
f 3498/1595/1775 3500/1602/1775 3497/1597/1775
f 3502/1595/1776 3504/1603/1776 3501/1597/1776
f 3506/1595/1777 3508/1604/1777 3505/1597/1777
f 3510/1595/1778 3512/1605/1778 3509/1597/1778
f 3514/1595/1779 3516/1606/1779 3513/1597/1779
f 3518/1595/1780 3520/1607/1780 3517/1597/1780
f 3522/1608/1781 3524/1609/1781 3521/1607/1781
f 3526/1595/1782 3528/1610/1782 3525/1597/1782
f 3530/1611/1783 3532/1612/1783 3529/1610/1783
f 3534/1595/1784 3536/1613/1784 3533/1597/1784
f 3538/1614/1785 3540/1615/1785 3537/1613/1785
f 3542/1595/1786 3544/1616/1786 3541/1597/1786
f 3546/1617/1787 3548/1618/1787 3545/1616/1787
f 3550/1595/1788 3552/1619/1788 3549/1597/1788
f 3554/1620/1789 3556/1621/1789 3553/1619/1789
f 3558/1595/1790 3560/1622/1790 3557/1597/1790
f 3562/1623/1791 3564/1624/1791 3561/1622/1791
f 3566/1595/1792 3568/1625/1792 3565/1597/1792
f 3570/1626/1793 3572/1627/1793 3569/1625/1793
f 3574/1595/1794 3576/1628/1794 3573/1597/1794
f 3578/1629/1795 3580/1630/1795 3577/1628/1795
f 3582/1595/1796 3584/1631/1796 3581/1597/1796
f 3586/1632/1797 3588/1633/1797 3585/1631/1797
f 3590/1595/1798 3592/1634/1798 3589/1597/1798
f 3594/1635/1799 3596/1636/1799 3593/1634/1799
f 3598/1595/1800 3600/1637/1800 3597/1597/1800
f 3602/1638/1801 3604/1639/1801 3601/1637/1801
f 3606/1595/1802 3608/1640/1802 3605/1597/1802
f 3610/1641/1803 3612/1642/1803 3609/1640/1803
f 3614/1595/1804 3616/1643/1804 3613/1597/1804
f 3618/1644/1805 3620/1645/1805 3617/1643/1805
f 3622/1595/1806 3624/1646/1806 3621/1597/1806
f 3626/1647/1807 3628/1648/1807 3625/1646/1807
f 3630/1595/1808 3632/1649/1808 3629/1597/1808
f 3634/1650/1809 3636/1651/1809 3633/1649/1809
f 3638/1595/1810 3640/1652/1810 3637/1597/1810
f 3642/1653/1811 3644/1654/1811 3641/1652/1811
f 3646/1595/1812 3648/1655/1812 3645/1597/1812
f 3650/1656/1813 3652/1657/1813 3649/1655/1813
f 3654/1595/1814 3656/1658/1814 3653/1597/1814
f 3658/1659/1815 3660/1660/1815 3657/1658/1815
f 3662/1595/1816 3664/1661/1816 3661/1597/1816
f 3666/1662/1817 3668/1663/1817 3665/1661/1817
f 3670/1595/1818 3672/1664/1818 3669/1597/1818
f 3674/1665/1819 3676/1666/1819 3673/1664/1819
f 3678/1595/1820 3680/1667/1820 3677/1597/1820
f 3682/1668/1821 3684/1669/1821 3681/1667/1821
f 3686/1595/1822 3688/1670/1822 3685/1597/1822
f 3690/1671/1823 3692/1672/1823 3689/1670/1823
f 3694/1595/1824 3696/1673/1824 3693/1597/1824
f 3698/1595/1825 3700/1674/1825 3697/1597/1825
f 3702/1595/1826 3704/1675/1826 3701/1597/1826
f 3706/1595/1827 3708/1676/1827 3705/1597/1827
f 3710/1595/1828 3712/1677/1828 3709/1597/1828
f 3714/1595/1829 3716/1678/1829 3713/1597/1829
f 3718/1595/1830 3720/1679/1830 3717/1597/1830
f 3722/1595/1831 3724/1680/1831 3721/1597/1831
f 3726/1595/1832 3728/1681/1832 3725/1597/1832
f 3730/1595/1833 3732/1682/1833 3729/1597/1833
f 3449/859/1834 3450/962/1834 3451/1581/1834
f 3453/1582/1835 3454/1581/1835 3455/1583/1835
f 3457/1584/1836 3458/1583/1836 3459/1585/1836
f 3461/1586/1837 3462/1585/1837 3463/1587/1837
f 3465/1588/1838 3466/1587/1838 3467/1589/1838
f 3469/1590/1839 3470/1589/1839 3471/1591/1839
f 3473/1592/1840 3474/1591/1840 3475/1593/1840
f 3478/1595/1770 3479/1683/1770 3480/1596/1770
f 3482/1595/1841 3483/1684/1841 3484/1598/1841
f 3486/1595/1842 3487/1685/1842 3488/1599/1842
f 3490/1595/1843 3491/1686/1843 3492/1600/1843
f 3494/1595/1844 3495/1687/1844 3496/1601/1844
f 3498/1595/1845 3499/1688/1845 3500/1602/1845
f 3502/1595/1846 3503/1689/1846 3504/1603/1846
f 3506/1595/1847 3507/1690/1847 3508/1604/1847
f 3510/1595/1848 3511/1691/1848 3512/1605/1848
f 3514/1595/1849 3515/1692/1849 3516/1606/1849
f 3518/1595/1780 3519/1608/1780 3520/1607/1780
f 3522/1608/1850 3523/1693/1850 3524/1609/1850
f 3526/1595/1782 3527/1611/1782 3528/1610/1782
f 3530/1611/1851 3531/1694/1851 3532/1612/1851
f 3534/1595/1784 3535/1614/1784 3536/1613/1784
f 3538/1614/1852 3539/1695/1852 3540/1615/1852
f 3542/1595/1786 3543/1617/1786 3544/1616/1786
f 3546/1617/1853 3547/1696/1853 3548/1618/1853
f 3550/1595/1854 3551/1620/1854 3552/1619/1854
f 3554/1620/1789 3555/1697/1789 3556/1621/1789
f 3558/1595/1790 3559/1623/1790 3560/1622/1790
f 3562/1623/1855 3563/1698/1855 3564/1624/1855
f 3566/1595/1792 3567/1626/1792 3568/1625/1792
f 3570/1626/1793 3571/1699/1793 3572/1627/1793
f 3574/1595/1794 3575/1629/1794 3576/1628/1794
f 3578/1629/1795 3579/1700/1795 3580/1630/1795
f 3582/1595/1796 3583/1632/1796 3584/1631/1796
f 3586/1632/1856 3587/1701/1856 3588/1633/1856
f 3590/1595/1798 3591/1635/1798 3592/1634/1798
f 3594/1635/1799 3595/1702/1799 3596/1636/1799
f 3598/1595/1800 3599/1638/1800 3600/1637/1800
f 3602/1638/1857 3603/1703/1857 3604/1639/1857
f 3606/1595/1802 3607/1641/1802 3608/1640/1802
f 3610/1641/1858 3611/1704/1858 3612/1642/1858
f 3614/1595/1804 3615/1644/1804 3616/1643/1804
f 3618/1644/1859 3619/1705/1859 3620/1645/1859
f 3622/1595/1806 3623/1647/1806 3624/1646/1806
f 3626/1647/1807 3627/1706/1807 3628/1648/1807
f 3630/1595/1808 3631/1650/1808 3632/1649/1808
f 3634/1650/1860 3635/1707/1860 3636/1651/1860
f 3638/1595/1810 3639/1653/1810 3640/1652/1810
f 3642/1653/1861 3643/1708/1861 3644/1654/1861
f 3646/1595/1862 3647/1656/1862 3648/1655/1862
f 3650/1656/1813 3651/1709/1813 3652/1657/1813
f 3654/1595/1863 3655/1659/1863 3656/1658/1863
f 3658/1659/1815 3659/1710/1815 3660/1660/1815
f 3662/1595/1816 3663/1662/1816 3664/1661/1816
f 3666/1662/1817 3667/1711/1817 3668/1663/1817
f 3670/1595/1818 3671/1665/1818 3672/1664/1818
f 3674/1665/1819 3675/1712/1819 3676/1666/1819
f 3678/1595/1820 3679/1668/1820 3680/1667/1820
f 3682/1668/1821 3683/1713/1821 3684/1669/1821
f 3686/1595/1822 3687/1671/1822 3688/1670/1822
f 3690/1671/1823 3691/1714/1823 3692/1672/1823
f 3694/1595/1824 3695/1715/1824 3696/1673/1824
f 3698/1595/1864 3699/1716/1864 3700/1674/1864
f 3702/1595/1865 3703/1717/1865 3704/1675/1865
f 3706/1595/1827 3707/1718/1827 3708/1676/1827
f 3710/1595/1866 3711/1719/1866 3712/1677/1866
f 3714/1595/1867 3715/1720/1867 3716/1678/1867
f 3718/1595/1868 3719/1721/1868 3720/1679/1868
f 3722/1595/1869 3723/1722/1869 3724/1680/1869
f 3726/1595/1870 3727/1723/1870 3728/1681/1870
f 3730/1595/1833 3731/1724/1833 3732/1682/1833
f 3733/859/1871 3736/1582/1871 3735/1581/1871
f 3737/1582/1872 3740/1584/1872 3739/1583/1872
f 3741/1584/1873 3744/1586/1873 3743/1585/1873
f 3745/1586/1874 3748/1588/1874 3747/1587/1874
f 3749/1588/1875 3752/1590/1875 3751/1589/1875
f 3753/1590/1876 3756/1592/1876 3755/1591/1876
f 3757/1592/1877 3760/1594/1877 3759/1593/1877
f 3762/1595/1878 3761/1597/1878 3764/1596/1878
f 3766/1595/1879 3765/1597/1879 3768/1598/1879
f 3770/1595/1880 3769/1597/1880 3772/1599/1880
f 3774/1595/1881 3773/1597/1881 3776/1600/1881
f 3778/1595/1882 3777/1597/1882 3780/1601/1882
f 3782/1595/1883 3781/1597/1883 3784/1602/1883
f 3786/1595/1884 3785/1597/1884 3788/1603/1884
f 3790/1595/1885 3789/1597/1885 3792/1604/1885
f 3794/1595/1886 3793/1597/1886 3796/1605/1886
f 3798/1595/1887 3797/1597/1887 3800/1606/1887
f 3802/1595/1888 3801/1597/1888 3804/1607/1888
f 3806/1608/1889 3805/1607/1889 3808/1609/1889
f 3810/1595/1890 3809/1597/1890 3812/1610/1890
f 3814/1611/1891 3813/1610/1891 3816/1612/1891
f 3818/1595/1892 3817/1597/1892 3820/1613/1892
f 3822/1614/1893 3821/1613/1893 3824/1615/1893
f 3826/1595/1894 3825/1597/1894 3828/1616/1894
f 3830/1617/1895 3829/1616/1895 3832/1618/1895
f 3834/1595/1896 3833/1597/1896 3836/1619/1896
f 3838/1620/1897 3837/1619/1897 3840/1621/1897
f 3842/1595/1898 3841/1597/1898 3844/1622/1898
f 3846/1623/1899 3845/1622/1899 3848/1624/1899
f 3850/1595/1900 3849/1597/1900 3852/1625/1900
f 3854/1626/1901 3853/1625/1901 3856/1627/1901
f 3858/1595/1902 3857/1597/1902 3860/1628/1902
f 3862/1629/1903 3861/1628/1903 3864/1630/1903
f 3866/1595/1904 3865/1597/1904 3868/1631/1904
f 3870/1632/1905 3869/1631/1905 3872/1633/1905
f 3874/1595/1906 3873/1597/1906 3876/1634/1906
f 3878/1635/1907 3877/1634/1907 3880/1636/1907
f 3882/1595/1908 3881/1597/1908 3884/1637/1908
f 3886/1638/1909 3885/1637/1909 3888/1639/1909
f 3890/1595/1910 3889/1597/1910 3892/1640/1910
f 3894/1641/1911 3893/1640/1911 3896/1642/1911
f 3898/1595/1912 3897/1597/1912 3900/1643/1912
f 3902/1644/1913 3901/1643/1913 3904/1645/1913
f 3906/1595/1914 3905/1597/1914 3908/1646/1914
f 3910/1647/1915 3909/1646/1915 3912/1648/1915
f 3914/1595/1916 3913/1597/1916 3916/1649/1916
f 3918/1650/1917 3917/1649/1917 3920/1651/1917
f 3922/1595/1918 3921/1597/1918 3924/1652/1918
f 3926/1653/1919 3925/1652/1919 3928/1654/1919
f 3930/1595/1920 3929/1597/1920 3932/1655/1920
f 3934/1656/1921 3933/1655/1921 3936/1657/1921
f 3938/1595/1922 3937/1597/1922 3940/1658/1922
f 3942/1659/1923 3941/1658/1923 3944/1660/1923
f 3946/1595/1924 3945/1597/1924 3948/1661/1924
f 3950/1662/1925 3949/1661/1925 3952/1663/1925
f 3954/1595/1926 3953/1597/1926 3956/1664/1926
f 3958/1665/1927 3957/1664/1927 3960/1666/1927
f 3962/1595/1928 3961/1597/1928 3964/1667/1928
f 3966/1668/1929 3965/1667/1929 3968/1669/1929
f 3970/1595/1930 3969/1597/1930 3972/1670/1930
f 3974/1671/1931 3973/1670/1931 3976/1672/1931
f 3978/1595/1932 3977/1597/1932 3980/1673/1932
f 3982/1595/1933 3981/1597/1933 3984/1674/1933
f 3986/1595/1934 3985/1597/1934 3988/1675/1934
f 3990/1595/1935 3989/1597/1935 3992/1676/1935
f 3994/1595/1936 3993/1597/1936 3996/1677/1936
f 3998/1595/1937 3997/1597/1937 4000/1678/1937
f 4002/1595/1938 4001/1597/1938 4004/1679/1938
f 4006/1595/1939 4005/1597/1939 4008/1680/1939
f 4010/1595/1940 4009/1597/1940 4012/1681/1940
f 4014/1595/1941 4013/1597/1941 4016/1682/1941
f 3733/859/1942 3735/1581/1942 3734/962/1942
f 3737/1582/1943 3739/1583/1943 3738/1581/1943
f 3741/1584/1944 3743/1585/1944 3742/1583/1944
f 3745/1586/1945 3747/1587/1945 3746/1585/1945
f 3749/1588/1946 3751/1589/1946 3750/1587/1946
f 3753/1590/1947 3755/1591/1947 3754/1589/1947
f 3757/1592/1948 3759/1593/1948 3758/1591/1948
f 3762/1595/1878 3764/1596/1878 3763/1683/1878
f 3766/1595/1949 3768/1598/1949 3767/1684/1949
f 3770/1595/1950 3772/1599/1950 3771/1685/1950
f 3774/1595/1951 3776/1600/1951 3775/1686/1951
f 3778/1595/1952 3780/1601/1952 3779/1687/1952
f 3782/1595/1953 3784/1602/1953 3783/1688/1953
f 3786/1595/1954 3788/1603/1954 3787/1689/1954
f 3790/1595/1955 3792/1604/1955 3791/1690/1955
f 3794/1595/1956 3796/1605/1956 3795/1691/1956
f 3798/1595/1957 3800/1606/1957 3799/1692/1957
f 3802/1595/1888 3804/1607/1888 3803/1608/1888
f 3806/1608/1958 3808/1609/1958 3807/1693/1958
f 3810/1595/1890 3812/1610/1890 3811/1611/1890
f 3814/1611/1959 3816/1612/1959 3815/1694/1959
f 3818/1595/1892 3820/1613/1892 3819/1614/1892
f 3822/1614/1960 3824/1615/1960 3823/1695/1960
f 3826/1595/1894 3828/1616/1894 3827/1617/1894
f 3830/1617/1961 3832/1618/1961 3831/1696/1961
f 3834/1595/1962 3836/1619/1962 3835/1620/1962
f 3838/1620/1897 3840/1621/1897 3839/1697/1897
f 3842/1595/1898 3844/1622/1898 3843/1623/1898
f 3846/1623/1963 3848/1624/1963 3847/1698/1963
f 3850/1595/1900 3852/1625/1900 3851/1626/1900
f 3854/1626/1901 3856/1627/1901 3855/1699/1901
f 3858/1595/1902 3860/1628/1902 3859/1629/1902
f 3862/1629/1903 3864/1630/1903 3863/1700/1903
f 3866/1595/1904 3868/1631/1904 3867/1632/1904
f 3870/1632/1964 3872/1633/1964 3871/1701/1964
f 3874/1595/1906 3876/1634/1906 3875/1635/1906
f 3878/1635/1907 3880/1636/1907 3879/1702/1907
f 3882/1595/1908 3884/1637/1908 3883/1638/1908
f 3886/1638/1965 3888/1639/1965 3887/1703/1965
f 3890/1595/1910 3892/1640/1910 3891/1641/1910
f 3894/1641/1966 3896/1642/1966 3895/1704/1966
f 3898/1595/1912 3900/1643/1912 3899/1644/1912
f 3902/1644/1967 3904/1645/1967 3903/1705/1967
f 3906/1595/1914 3908/1646/1914 3907/1647/1914
f 3910/1647/1915 3912/1648/1915 3911/1706/1915
f 3914/1595/1916 3916/1649/1916 3915/1650/1916
f 3918/1650/1968 3920/1651/1968 3919/1707/1968
f 3922/1595/1918 3924/1652/1918 3923/1653/1918
f 3926/1653/1969 3928/1654/1969 3927/1708/1969
f 3930/1595/1970 3932/1655/1970 3931/1656/1970
f 3934/1656/1921 3936/1657/1921 3935/1709/1921
f 3938/1595/1971 3940/1658/1971 3939/1659/1971
f 3942/1659/1923 3944/1660/1923 3943/1710/1923
f 3946/1595/1924 3948/1661/1924 3947/1662/1924
f 3950/1662/1925 3952/1663/1925 3951/1711/1925
f 3954/1595/1926 3956/1664/1926 3955/1665/1926
f 3958/1665/1927 3960/1666/1927 3959/1712/1927
f 3962/1595/1928 3964/1667/1928 3963/1668/1928
f 3966/1668/1929 3968/1669/1929 3967/1713/1929
f 3970/1595/1930 3972/1670/1930 3971/1671/1930
f 3974/1671/1931 3976/1672/1931 3975/1714/1931
f 3978/1595/1932 3980/1673/1932 3979/1715/1932
f 3982/1595/1972 3984/1674/1972 3983/1716/1972
f 3986/1595/1973 3988/1675/1973 3987/1717/1973
f 3990/1595/1935 3992/1676/1935 3991/1718/1935
f 3994/1595/1974 3996/1677/1974 3995/1719/1974
f 3998/1595/1975 4000/1678/1975 3999/1720/1975
f 4002/1595/1976 4004/1679/1976 4003/1721/1976
f 4006/1595/1977 4008/1680/1977 4007/1722/1977
f 4010/1595/1978 4012/1681/1978 4011/1723/1978
f 4014/1595/1941 4016/1682/1941 4015/1724/1941
f 4017/859/1979 4019/1725/1979 4020/1726/1979
f 4021/1726/1980 4023/1727/1980 4024/1728/1980
f 4025/1728/1981 4027/1729/1981 4028/1730/1981
f 4029/1730/1982 4031/1731/1982 4032/1732/1982
f 4033/1732/1983 4035/1733/1983 4036/1734/1983
f 4037/1734/1984 4039/1735/1984 4040/1736/1984
f 4041/1736/1985 4043/1737/1985 4044/1738/1985
f 4046/1739/1986 4048/1740/1986 4045/1741/1986
f 4050/1739/1987 4052/1742/1987 4049/1741/1987
f 4054/1739/1988 4056/1743/1988 4053/1741/1988
f 4058/1739/1989 4060/1744/1989 4057/1741/1989
f 4062/1739/1990 4064/1745/1990 4061/1741/1990
f 4066/1739/1991 4068/1746/1991 4065/1741/1991
f 4070/1739/1992 4072/1747/1992 4069/1741/1992
f 4074/1739/1993 4076/1748/1993 4073/1741/1993
f 4078/1739/1994 4080/1749/1994 4077/1741/1994
f 4082/1739/1995 4084/1750/1995 4081/1741/1995
f 4086/1739/1996 4088/1751/1996 4085/1741/1996
f 4090/1752/1997 4092/1753/1997 4089/1751/1997
f 4094/1739/1998 4096/1754/1998 4093/1741/1998
f 4098/1755/1999 4100/1756/1999 4097/1754/1999
f 4102/1739/2000 4104/1757/2000 4101/1741/2000
f 4106/1758/2001 4108/1759/2001 4105/1757/2001
f 4110/1739/2002 4112/1760/2002 4109/1741/2002
f 4114/1761/2003 4116/1762/2003 4113/1760/2003
f 4118/1739/2004 4120/1763/2004 4117/1741/2004
f 4122/1764/2005 4124/1765/2005 4121/1763/2005
f 4126/1739/2006 4128/1766/2006 4125/1741/2006
f 4130/1767/2007 4132/1768/2007 4129/1766/2007
f 4134/1739/2008 4136/1769/2008 4133/1741/2008
f 4138/1770/2009 4140/1771/2009 4137/1769/2009
f 4142/1739/2010 4144/1772/2010 4141/1741/2010
f 4146/1773/2011 4148/1774/2011 4145/1772/2011
f 4150/1739/2012 4152/1775/2012 4149/1741/2012
f 4154/1776/2013 4156/1777/2013 4153/1775/2013
f 4158/1739/2014 4160/1778/2014 4157/1741/2014
f 4162/1779/2015 4164/1780/2015 4161/1778/2015
f 4166/1739/2016 4168/1781/2016 4165/1741/2016
f 4170/1782/2017 4172/1783/2017 4169/1781/2017
f 4174/1739/2018 4176/1784/2018 4173/1741/2018
f 4178/1785/2019 4180/1786/2019 4177/1784/2019
f 4182/1739/2020 4184/1787/2020 4181/1741/2020
f 4186/1788/2021 4188/1789/2021 4185/1787/2021
f 4190/1739/2022 4192/1790/2022 4189/1741/2022
f 4194/1791/2023 4196/1792/2023 4193/1790/2023
f 4198/1739/2024 4200/1793/2024 4197/1741/2024
f 4202/1794/2025 4204/1795/2025 4201/1793/2025
f 4206/1739/2026 4208/1796/2026 4205/1741/2026
f 4210/1797/2027 4212/1798/2027 4209/1796/2027
f 4214/1739/2028 4216/1799/2028 4213/1741/2028
f 4218/1800/2029 4220/1801/2029 4217/1799/2029
f 4222/1739/2030 4224/1802/2030 4221/1741/2030
f 4226/1803/2031 4228/1804/2031 4225/1802/2031
f 4230/1739/2032 4232/1805/2032 4229/1741/2032
f 4234/1806/2033 4236/1807/2033 4233/1805/2033
f 4238/1739/2034 4240/1808/2034 4237/1741/2034
f 4242/1809/2035 4244/1810/2035 4241/1808/2035
f 4246/1739/2036 4248/1811/2036 4245/1741/2036
f 4250/1812/2037 4252/1813/2037 4249/1811/2037
f 4254/1739/2038 4256/1814/2038 4253/1741/2038
f 4258/1815/2039 4260/1816/2039 4257/1814/2039
f 4262/1739/2040 4264/1817/2040 4261/1741/2040
f 4266/1739/2041 4268/1818/2041 4265/1741/2041
f 4270/1739/2042 4272/1819/2042 4269/1741/2042
f 4274/1739/2043 4276/1820/2043 4273/1741/2043
f 4278/1739/2044 4280/1821/2044 4277/1741/2044
f 4282/1739/2045 4284/1822/2045 4281/1741/2045
f 4286/1739/2046 4288/1823/2046 4285/1741/2046
f 4290/1739/2047 4292/1824/2047 4289/1741/2047
f 4294/1739/2048 4296/1825/2048 4293/1741/2048
f 4298/1739/2049 4300/1826/2049 4297/1741/2049
f 4017/859/2050 4018/962/2050 4019/1725/2050
f 4021/1726/2051 4022/1725/2051 4023/1727/2051
f 4025/1728/2052 4026/1727/2052 4027/1729/2052
f 4029/1730/2053 4030/1729/2053 4031/1731/2053
f 4033/1732/2054 4034/1731/2054 4035/1733/2054
f 4037/1734/2055 4038/1733/2055 4039/1735/2055
f 4041/1736/2056 4042/1735/2056 4043/1737/2056
f 4046/1739/1986 4047/1827/1986 4048/1740/1986
f 4050/1739/1987 4051/1828/1987 4052/1742/1987
f 4054/1739/1988 4055/1829/1988 4056/1743/1988
f 4058/1739/2057 4059/1830/2057 4060/1744/2057
f 4062/1739/1990 4063/1831/1990 4064/1745/1990
f 4066/1739/1991 4067/1832/1991 4068/1746/1991
f 4070/1739/2058 4071/1833/2058 4072/1747/2058
f 4074/1739/1993 4075/1834/1993 4076/1748/1993
f 4078/1739/2059 4079/1835/2059 4080/1749/2059
f 4082/1739/1995 4083/1836/1995 4084/1750/1995
f 4086/1739/1996 4087/1752/1996 4088/1751/1996
f 4090/1752/1997 4091/1837/1997 4092/1753/1997
f 4094/1739/1998 4095/1755/1998 4096/1754/1998
f 4098/1755/1999 4099/1838/1999 4100/1756/1999
f 4102/1739/2000 4103/1758/2000 4104/1757/2000
f 4106/1758/2060 4107/1839/2060 4108/1759/2060
f 4110/1739/2002 4111/1761/2002 4112/1760/2002
f 4114/1761/2003 4115/1840/2003 4116/1762/2003
f 4118/1739/2061 4119/1764/2061 4120/1763/2061
f 4122/1764/2005 4123/1841/2005 4124/1765/2005
f 4126/1739/2006 4127/1767/2006 4128/1766/2006
f 4130/1767/2062 4131/1842/2062 4132/1768/2062
f 4134/1739/2063 4135/1770/2063 4136/1769/2063
f 4138/1770/2009 4139/1843/2009 4140/1771/2009
f 4142/1739/2010 4143/1773/2010 4144/1772/2010
f 4146/1773/2011 4147/1844/2011 4148/1774/2011
f 4150/1739/2012 4151/1776/2012 4152/1775/2012
f 4154/1776/2064 4155/1845/2064 4156/1777/2064
f 4158/1739/2014 4159/1779/2014 4160/1778/2014
f 4162/1779/2065 4163/1846/2065 4164/1780/2065
f 4166/1739/2066 4167/1782/2066 4168/1781/2066
f 4170/1782/2067 4171/1847/2067 4172/1783/2067
f 4174/1739/2018 4175/1785/2018 4176/1784/2018
f 4178/1785/2019 4179/1848/2019 4180/1786/2019
f 4182/1739/2020 4183/1788/2020 4184/1787/2020
f 4186/1788/2068 4187/1849/2068 4188/1789/2068
f 4190/1739/2022 4191/1791/2022 4192/1790/2022
f 4194/1791/2069 4195/1850/2069 4196/1792/2069
f 4198/1739/2024 4199/1794/2024 4200/1793/2024
f 4202/1794/2025 4203/1851/2025 4204/1795/2025
f 4206/1739/2026 4207/1797/2026 4208/1796/2026
f 4210/1797/2070 4211/1852/2070 4212/1798/2070
f 4214/1739/2028 4215/1800/2028 4216/1799/2028
f 4218/1800/2029 4219/1853/2029 4220/1801/2029
f 4222/1739/2071 4223/1803/2071 4224/1802/2071
f 4226/1803/2031 4227/1854/2031 4228/1804/2031
f 4230/1739/2032 4231/1806/2032 4232/1805/2032
f 4234/1806/2033 4235/1855/2033 4236/1807/2033
f 4238/1739/2034 4239/1809/2034 4240/1808/2034
f 4242/1809/2035 4243/1856/2035 4244/1810/2035
f 4246/1739/2036 4247/1812/2036 4248/1811/2036
f 4250/1812/2072 4251/1857/2072 4252/1813/2072
f 4254/1739/2073 4255/1815/2073 4256/1814/2073
f 4258/1815/2039 4259/1858/2039 4260/1816/2039
f 4262/1739/2074 4263/1859/2074 4264/1817/2074
f 4266/1739/2041 4267/1860/2041 4268/1818/2041
f 4270/1739/2075 4271/1861/2075 4272/1819/2075
f 4274/1739/2043 4275/1862/2043 4276/1820/2043
f 4278/1739/2076 4279/1863/2076 4280/1821/2076
f 4282/1739/2077 4283/1864/2077 4284/1822/2077
f 4286/1739/2046 4287/1865/2046 4288/1823/2046
f 4290/1739/2078 4291/1866/2078 4292/1824/2078
f 4294/1739/2079 4295/1867/2079 4296/1825/2079
f 4298/1739/2049 4299/1868/2049 4300/1826/2049
f 4301/859/2080 4304/1726/2080 4303/1725/2080
f 4305/1726/2081 4308/1728/2081 4307/1727/2081
f 4309/1728/2082 4312/1730/2082 4311/1729/2082
f 4313/1730/2083 4316/1732/2083 4315/1731/2083
f 4317/1732/2084 4320/1734/2084 4319/1733/2084
f 4321/1734/2085 4324/1736/2085 4323/1735/2085
f 4325/1736/2086 4328/1738/2086 4327/1737/2086
f 4330/1739/2087 4329/1741/2087 4332/1740/2087
f 4334/1739/2088 4333/1741/2088 4336/1742/2088
f 4338/1739/2089 4337/1741/2089 4340/1743/2089
f 4342/1739/2090 4341/1741/2090 4344/1744/2090
f 4346/1739/2091 4345/1741/2091 4348/1745/2091
f 4350/1739/2092 4349/1741/2092 4352/1746/2092
f 4354/1739/2093 4353/1741/2093 4356/1747/2093
f 4358/1739/2094 4357/1741/2094 4360/1748/2094
f 4362/1739/2095 4361/1741/2095 4364/1749/2095
f 4366/1739/2096 4365/1741/2096 4368/1750/2096
f 4370/1739/2097 4369/1741/2097 4372/1751/2097
f 4374/1752/2098 4373/1751/2098 4376/1753/2098
f 4378/1739/2099 4377/1741/2099 4380/1754/2099
f 4382/1755/2100 4381/1754/2100 4384/1756/2100
f 4386/1739/2101 4385/1741/2101 4388/1757/2101
f 4390/1758/2102 4389/1757/2102 4392/1759/2102
f 4394/1739/2103 4393/1741/2103 4396/1760/2103
f 4398/1761/2104 4397/1760/2104 4400/1762/2104
f 4402/1739/2105 4401/1741/2105 4404/1763/2105
f 4406/1764/2106 4405/1763/2106 4408/1765/2106
f 4410/1739/2107 4409/1741/2107 4412/1766/2107
f 4414/1767/2108 4413/1766/2108 4416/1768/2108
f 4418/1739/2109 4417/1741/2109 4420/1769/2109
f 4422/1770/2110 4421/1769/2110 4424/1771/2110
f 4426/1739/2111 4425/1741/2111 4428/1772/2111
f 4430/1773/2112 4429/1772/2112 4432/1774/2112
f 4434/1739/2113 4433/1741/2113 4436/1775/2113
f 4438/1776/2114 4437/1775/2114 4440/1777/2114
f 4442/1739/2115 4441/1741/2115 4444/1778/2115
f 4446/1779/2116 4445/1778/2116 4448/1780/2116
f 4450/1739/2117 4449/1741/2117 4452/1781/2117
f 4454/1782/2118 4453/1781/2118 4456/1783/2118
f 4458/1739/2119 4457/1741/2119 4460/1784/2119
f 4462/1785/2120 4461/1784/2120 4464/1786/2120
f 4466/1739/2121 4465/1741/2121 4468/1787/2121
f 4470/1788/2122 4469/1787/2122 4472/1789/2122
f 4474/1739/2123 4473/1741/2123 4476/1790/2123
f 4478/1791/2124 4477/1790/2124 4480/1792/2124
f 4482/1739/2125 4481/1741/2125 4484/1793/2125
f 4486/1794/2126 4485/1793/2126 4488/1795/2126
f 4490/1739/2127 4489/1741/2127 4492/1796/2127
f 4494/1797/2128 4493/1796/2128 4496/1798/2128
f 4498/1739/2129 4497/1741/2129 4500/1799/2129
f 4502/1800/2130 4501/1799/2130 4504/1801/2130
f 4506/1739/2131 4505/1741/2131 4508/1802/2131
f 4510/1803/2132 4509/1802/2132 4512/1804/2132
f 4514/1739/2133 4513/1741/2133 4516/1805/2133
f 4518/1806/2134 4517/1805/2134 4520/1807/2134
f 4522/1739/2135 4521/1741/2135 4524/1808/2135
f 4526/1809/2136 4525/1808/2136 4528/1810/2136
f 4530/1739/2137 4529/1741/2137 4532/1811/2137
f 4534/1812/2138 4533/1811/2138 4536/1813/2138
f 4538/1739/2139 4537/1741/2139 4540/1814/2139
f 4542/1815/2140 4541/1814/2140 4544/1816/2140
f 4546/1739/2141 4545/1741/2141 4548/1817/2141
f 4550/1739/2142 4549/1741/2142 4552/1818/2142
f 4554/1739/2143 4553/1741/2143 4556/1819/2143
f 4558/1739/2144 4557/1741/2144 4560/1820/2144
f 4562/1739/2145 4561/1741/2145 4564/1821/2145
f 4566/1739/2146 4565/1741/2146 4568/1822/2146
f 4570/1739/2147 4569/1741/2147 4572/1823/2147
f 4574/1739/2148 4573/1741/2148 4576/1824/2148
f 4578/1739/2149 4577/1741/2149 4580/1825/2149
f 4582/1739/2150 4581/1741/2150 4584/1826/2150
f 4301/859/2151 4303/1725/2151 4302/962/2151
f 4305/1726/2152 4307/1727/2152 4306/1725/2152
f 4309/1728/2153 4311/1729/2153 4310/1727/2153
f 4313/1730/2154 4315/1731/2154 4314/1729/2154
f 4317/1732/2155 4319/1733/2155 4318/1731/2155
f 4321/1734/2156 4323/1735/2156 4322/1733/2156
f 4325/1736/2157 4327/1737/2157 4326/1735/2157
f 4330/1739/2087 4332/1740/2087 4331/1827/2087
f 4334/1739/2088 4336/1742/2088 4335/1828/2088
f 4338/1739/2089 4340/1743/2089 4339/1829/2089
f 4342/1739/2158 4344/1744/2158 4343/1830/2158
f 4346/1739/2091 4348/1745/2091 4347/1831/2091
f 4350/1739/2092 4352/1746/2092 4351/1832/2092
f 4354/1739/2159 4356/1747/2159 4355/1833/2159
f 4358/1739/2094 4360/1748/2094 4359/1834/2094
f 4362/1739/2160 4364/1749/2160 4363/1835/2160
f 4366/1739/2096 4368/1750/2096 4367/1836/2096
f 4370/1739/2097 4372/1751/2097 4371/1752/2097
f 4374/1752/2098 4376/1753/2098 4375/1837/2098
f 4378/1739/2099 4380/1754/2099 4379/1755/2099
f 4382/1755/2100 4384/1756/2100 4383/1838/2100
f 4386/1739/2101 4388/1757/2101 4387/1758/2101
f 4390/1758/2161 4392/1759/2161 4391/1839/2161
f 4394/1739/2103 4396/1760/2103 4395/1761/2103
f 4398/1761/2104 4400/1762/2104 4399/1840/2104
f 4402/1739/2162 4404/1763/2162 4403/1764/2162
f 4406/1764/2106 4408/1765/2106 4407/1841/2106
f 4410/1739/2107 4412/1766/2107 4411/1767/2107
f 4414/1767/2163 4416/1768/2163 4415/1842/2163
f 4418/1739/2164 4420/1769/2164 4419/1770/2164
f 4422/1770/2110 4424/1771/2110 4423/1843/2110
f 4426/1739/2111 4428/1772/2111 4427/1773/2111
f 4430/1773/2112 4432/1774/2112 4431/1844/2112
f 4434/1739/2113 4436/1775/2113 4435/1776/2113
f 4438/1776/2165 4440/1777/2165 4439/1845/2165
f 4442/1739/2115 4444/1778/2115 4443/1779/2115
f 4446/1779/2166 4448/1780/2166 4447/1846/2166
f 4450/1739/2167 4452/1781/2167 4451/1782/2167
f 4454/1782/2168 4456/1783/2168 4455/1847/2168
f 4458/1739/2119 4460/1784/2119 4459/1785/2119
f 4462/1785/2120 4464/1786/2120 4463/1848/2120
f 4466/1739/2121 4468/1787/2121 4467/1788/2121
f 4470/1788/2169 4472/1789/2169 4471/1849/2169
f 4474/1739/2123 4476/1790/2123 4475/1791/2123
f 4478/1791/2170 4480/1792/2170 4479/1850/2170
f 4482/1739/2125 4484/1793/2125 4483/1794/2125
f 4486/1794/2126 4488/1795/2126 4487/1851/2126
f 4490/1739/2127 4492/1796/2127 4491/1797/2127
f 4494/1797/2171 4496/1798/2171 4495/1852/2171
f 4498/1739/2129 4500/1799/2129 4499/1800/2129
f 4502/1800/2130 4504/1801/2130 4503/1853/2130
f 4506/1739/2172 4508/1802/2172 4507/1803/2172
f 4510/1803/2132 4512/1804/2132 4511/1854/2132
f 4514/1739/2133 4516/1805/2133 4515/1806/2133
f 4518/1806/2134 4520/1807/2134 4519/1855/2134
f 4522/1739/2135 4524/1808/2135 4523/1809/2135
f 4526/1809/2136 4528/1810/2136 4527/1856/2136
f 4530/1739/2137 4532/1811/2137 4531/1812/2137
f 4534/1812/2173 4536/1813/2173 4535/1857/2173
f 4538/1739/2174 4540/1814/2174 4539/1815/2174
f 4542/1815/2140 4544/1816/2140 4543/1858/2140
f 4546/1739/2175 4548/1817/2175 4547/1859/2175
f 4550/1739/2142 4552/1818/2142 4551/1860/2142
f 4554/1739/2176 4556/1819/2176 4555/1861/2176
f 4558/1739/2144 4560/1820/2144 4559/1862/2144
f 4562/1739/2177 4564/1821/2177 4563/1863/2177
f 4566/1739/2178 4568/1822/2178 4567/1864/2178
f 4570/1739/2147 4572/1823/2147 4571/1865/2147
f 4574/1739/2179 4576/1824/2179 4575/1866/2179
f 4578/1739/2180 4580/1825/2180 4579/1867/2180
f 4582/1739/2150 4584/1826/2150 4583/1868/2150
f 4586/962/2181 4588/1869/2181 4585/859/2181
f 4590/1870/2182 4592/1871/2182 4589/1869/2182
f 4594/1872/2183 4596/1873/2183 4593/1871/2183
f 4598/1874/2184 4600/1875/2184 4597/1873/2184
f 4602/1876/2185 4604/1877/2185 4601/1875/2185
f 4606/1878/2186 4608/1879/2186 4605/1877/2186
f 4610/1880/2187 4612/1881/2187 4609/1879/2187
f 4614/1882/2188 4616/1883/2188 4613/1884/2188
f 4618/1882/2189 4620/1885/2189 4617/1884/2189
f 4622/1882/2190 4624/1886/2190 4621/1884/2190
f 4626/1882/2191 4628/1887/2191 4625/1884/2191
f 4630/1882/2192 4632/1888/2192 4629/1884/2192
f 4634/1882/2193 4636/1889/2193 4633/1884/2193
f 4638/1882/2194 4640/1890/2194 4637/1884/2194
f 4642/1882/2195 4644/1891/2195 4641/1884/2195
f 4646/1882/2196 4648/1892/2196 4645/1884/2196
f 4650/1882/2197 4652/1893/2197 4649/1884/2197
f 4654/1882/2198 4656/1894/2198 4653/1884/2198
f 4658/1895/2199 4660/1896/2199 4657/1894/2199
f 4662/1882/2200 4664/1897/2200 4661/1884/2200
f 4666/1898/2201 4668/1899/2201 4665/1897/2201
f 4670/1882/2202 4672/1900/2202 4669/1884/2202
f 4674/1901/2203 4676/1902/2203 4673/1900/2203
f 4678/1882/2204 4680/1903/2204 4677/1884/2204
f 4682/1904/2205 4684/1905/2205 4681/1903/2205
f 4686/1882/2206 4688/1906/2206 4685/1884/2206
f 4690/1907/2207 4692/1908/2207 4689/1906/2207
f 4694/1882/2208 4696/1909/2208 4693/1884/2208
f 4698/1910/2209 4700/1911/2209 4697/1909/2209
f 4702/1882/2210 4704/1912/2210 4701/1884/2210
f 4706/1913/2211 4708/1914/2211 4705/1912/2211
f 4710/1882/2212 4712/1915/2212 4709/1884/2212
f 4714/1916/2213 4716/1917/2213 4713/1915/2213
f 4718/1882/2214 4720/1918/2214 4717/1884/2214
f 4722/1919/2215 4724/1920/2215 4721/1918/2215
f 4726/1882/2216 4728/1921/2216 4725/1884/2216
f 4730/1922/2217 4732/1923/2217 4729/1921/2217
f 4734/1882/2218 4736/1924/2218 4733/1884/2218
f 4738/1925/2219 4740/1926/2219 4737/1924/2219
f 4742/1882/2220 4744/1927/2220 4741/1884/2220
f 4746/1928/2221 4748/1929/2221 4745/1927/2221
f 4750/1882/2222 4752/1930/2222 4749/1884/2222
f 4754/1931/2223 4756/1932/2223 4753/1930/2223
f 4758/1882/2224 4760/1933/2224 4757/1884/2224
f 4762/1934/2225 4764/1935/2225 4761/1933/2225
f 4766/1882/2226 4768/1936/2226 4765/1884/2226
f 4770/1937/2227 4772/1938/2227 4769/1936/2227
f 4774/1882/2228 4776/1939/2228 4773/1884/2228
f 4778/1940/2229 4780/1941/2229 4777/1939/2229
f 4782/1882/2230 4784/1942/2230 4781/1884/2230
f 4786/1943/2231 4788/1944/2231 4785/1942/2231
f 4790/1882/2232 4792/1945/2232 4789/1884/2232
f 4794/1946/2233 4796/1947/2233 4793/1945/2233
f 4798/1882/2234 4800/1948/2234 4797/1884/2234
f 4802/1949/2235 4804/1950/2235 4801/1948/2235
f 4806/1882/2236 4808/1951/2236 4805/1884/2236
f 4810/1952/2237 4812/1953/2237 4809/1951/2237
f 4814/1882/2238 4816/1954/2238 4813/1884/2238
f 4818/1955/2239 4820/1956/2239 4817/1954/2239
f 4822/1882/2240 4824/1957/2240 4821/1884/2240
f 4826/1958/2241 4828/1959/2241 4825/1957/2241
f 4830/1882/2242 4832/1960/2242 4829/1884/2242
f 4834/1882/2243 4836/1961/2243 4833/1884/2243
f 4838/1882/2244 4840/1962/2244 4837/1884/2244
f 4842/1882/2245 4844/1963/2245 4841/1884/2245
f 4846/1882/2246 4848/1964/2246 4845/1884/2246
f 4850/1882/2247 4852/1965/2247 4849/1884/2247
f 4854/1882/2248 4856/1966/2248 4853/1884/2248
f 4858/1882/2249 4860/1967/2249 4857/1884/2249
f 4862/1882/2250 4864/1968/2250 4861/1884/2250
f 4866/1882/2251 4868/1969/2251 4865/1884/2251
f 4586/962/2252 4587/1870/2252 4588/1869/2252
f 4590/1870/2253 4591/1872/2253 4592/1871/2253
f 4594/1872/2254 4595/1874/2254 4596/1873/2254
f 4598/1874/2255 4599/1876/2255 4600/1875/2255
f 4602/1876/2256 4603/1878/2256 4604/1877/2256
f 4606/1878/2257 4607/1880/2257 4608/1879/2257
f 4610/1880/2258 4611/1970/2258 4612/1881/2258
f 4614/1882/2188 4615/1971/2188 4616/1883/2188
f 4618/1882/2189 4619/1972/2189 4620/1885/2189
f 4622/1882/2259 4623/1973/2259 4624/1886/2259
f 4626/1882/2191 4627/1974/2191 4628/1887/2191
f 4630/1882/2192 4631/1975/2192 4632/1888/2192
f 4634/1882/2193 4635/1976/2193 4636/1889/2193
f 4638/1882/2194 4639/1977/2194 4640/1890/2194
f 4642/1882/2195 4643/1978/2195 4644/1891/2195
f 4646/1882/2260 4647/1979/2260 4648/1892/2260
f 4650/1882/2197 4651/1980/2197 4652/1893/2197
f 4654/1882/2198 4655/1895/2198 4656/1894/2198
f 4658/1895/2199 4659/1981/2199 4660/1896/2199
f 4662/1882/2261 4663/1898/2261 4664/1897/2261
f 4666/1898/2201 4667/1982/2201 4668/1899/2201
f 4670/1882/2202 4671/1901/2202 4672/1900/2202
f 4674/1901/2203 4675/1983/2203 4676/1902/2203
f 4678/1882/2204 4679/1904/2204 4680/1903/2204
f 4682/1904/2262 4683/1984/2262 4684/1905/2262
f 4686/1882/2206 4687/1907/2206 4688/1906/2206
f 4690/1907/2207 4691/1985/2207 4692/1908/2207
f 4694/1882/2208 4695/1910/2208 4696/1909/2208
f 4698/1910/2263 4699/1986/2263 4700/1911/2263
f 4702/1882/2210 4703/1913/2210 4704/1912/2210
f 4706/1913/2264 4707/1987/2264 4708/1914/2264
f 4710/1882/2212 4711/1916/2212 4712/1915/2212
f 4714/1916/2265 4715/1988/2265 4716/1917/2265
f 4718/1882/2214 4719/1919/2214 4720/1918/2214
f 4722/1919/2215 4723/1989/2215 4724/1920/2215
f 4726/1882/2216 4727/1922/2216 4728/1921/2216
f 4730/1922/2266 4731/1990/2266 4732/1923/2266
f 4734/1882/2267 4735/1925/2267 4736/1924/2267
f 4738/1925/2268 4739/1991/2268 4740/1926/2268
f 4742/1882/2220 4743/1928/2220 4744/1927/2220
f 4746/1928/2221 4747/1992/2221 4748/1929/2221
f 4750/1882/2222 4751/1931/2222 4752/1930/2222
f 4754/1931/2269 4755/1993/2269 4756/1932/2269
f 4758/1882/2224 4759/1934/2224 4760/1933/2224
f 4762/1934/2270 4763/1994/2270 4764/1935/2270
f 4766/1882/2226 4767/1937/2226 4768/1936/2226
f 4770/1937/2271 4771/1995/2271 4772/1938/2271
f 4774/1882/2272 4775/1940/2272 4776/1939/2272
f 4778/1940/2229 4779/1996/2229 4780/1941/2229
f 4782/1882/2230 4783/1943/2230 4784/1942/2230
f 4786/1943/2231 4787/1997/2231 4788/1944/2231
f 4790/1882/2232 4791/1946/2232 4792/1945/2232
f 4794/1946/2273 4795/1998/2273 4796/1947/2273
f 4798/1882/2234 4799/1949/2234 4800/1948/2234
f 4802/1949/2274 4803/1999/2274 4804/1950/2274
f 4806/1882/2236 4807/1952/2236 4808/1951/2236
f 4810/1952/2275 4811/2000/2275 4812/1953/2275
f 4814/1882/2238 4815/1955/2238 4816/1954/2238
f 4818/1955/2276 4819/2001/2276 4820/1956/2276
f 4822/1882/2240 4823/1958/2240 4824/1957/2240
f 4826/1958/2241 4827/2002/2241 4828/1959/2241
f 4830/1882/2242 4831/2003/2242 4832/1960/2242
f 4834/1882/2243 4835/2004/2243 4836/1961/2243
f 4838/1882/2244 4839/2005/2244 4840/1962/2244
f 4842/1882/2277 4843/2006/2277 4844/1963/2277
f 4846/1882/2278 4847/2007/2278 4848/1964/2278
f 4850/1882/2247 4851/2008/2247 4852/1965/2247
f 4854/1882/2279 4855/2009/2279 4856/1966/2279
f 4858/1882/2280 4859/2010/2280 4860/1967/2280
f 4862/1882/2281 4863/2011/2281 4864/1968/2281
f 4866/1882/2282 4867/2012/2282 4868/1969/2282
f 4870/962/2283 4869/859/2283 4872/1869/2283
f 4874/1870/2284 4873/1869/2284 4876/1871/2284
f 4878/1872/2285 4877/1871/2285 4880/1873/2285
f 4882/1874/2286 4881/1873/2286 4884/1875/2286
f 4886/1876/2287 4885/1875/2287 4888/1877/2287
f 4890/1878/2288 4889/1877/2288 4892/1879/2288
f 4894/1880/2289 4893/1879/2289 4896/1881/2289
f 4898/1882/2290 4897/1884/2290 4900/1883/2290
f 4902/1882/2291 4901/1884/2291 4904/1885/2291
f 4906/1882/2292 4905/1884/2292 4908/1886/2292
f 4910/1882/2293 4909/1884/2293 4912/1887/2293
f 4914/1882/2294 4913/1884/2294 4916/1888/2294
f 4918/1882/2295 4917/1884/2295 4920/1889/2295
f 4922/1882/2296 4921/1884/2296 4924/1890/2296
f 4926/1882/2297 4925/1884/2297 4928/1891/2297
f 4930/1882/2298 4929/1884/2298 4932/1892/2298
f 4934/1882/2299 4933/1884/2299 4936/1893/2299
f 4938/1882/2300 4937/1884/2300 4940/1894/2300
f 4942/1895/2301 4941/1894/2301 4944/1896/2301
f 4946/1882/2302 4945/1884/2302 4948/1897/2302
f 4950/1898/2303 4949/1897/2303 4952/1899/2303
f 4954/1882/2304 4953/1884/2304 4956/1900/2304
f 4958/1901/2305 4957/1900/2305 4960/1902/2305
f 4962/1882/2306 4961/1884/2306 4964/1903/2306
f 4966/1904/2307 4965/1903/2307 4968/1905/2307
f 4970/1882/2308 4969/1884/2308 4972/1906/2308
f 4974/1907/2309 4973/1906/2309 4976/1908/2309
f 4978/1882/2310 4977/1884/2310 4980/1909/2310
f 4982/1910/2311 4981/1909/2311 4984/1911/2311
f 4986/1882/2312 4985/1884/2312 4988/1912/2312
f 4990/1913/2313 4989/1912/2313 4992/1914/2313
f 4994/1882/2314 4993/1884/2314 4996/1915/2314
f 4998/1916/2315 4997/1915/2315 5000/1917/2315
f 5002/1882/2316 5001/1884/2316 5004/1918/2316
f 5006/1919/2317 5005/1918/2317 5008/1920/2317
f 5010/1882/2318 5009/1884/2318 5012/1921/2318
f 5014/1922/2319 5013/1921/2319 5016/1923/2319
f 5018/1882/2320 5017/1884/2320 5020/1924/2320
f 5022/1925/2321 5021/1924/2321 5024/1926/2321
f 5026/1882/2322 5025/1884/2322 5028/1927/2322
f 5030/1928/2323 5029/1927/2323 5032/1929/2323
f 5034/1882/2324 5033/1884/2324 5036/1930/2324
f 5038/1931/2325 5037/1930/2325 5040/1932/2325
f 5042/1882/2326 5041/1884/2326 5044/1933/2326
f 5046/1934/2327 5045/1933/2327 5048/1935/2327
f 5050/1882/2328 5049/1884/2328 5052/1936/2328
f 5054/1937/2329 5053/1936/2329 5056/1938/2329
f 5058/1882/2330 5057/1884/2330 5060/1939/2330
f 5062/1940/2331 5061/1939/2331 5064/1941/2331
f 5066/1882/2332 5065/1884/2332 5068/1942/2332
f 5070/1943/2333 5069/1942/2333 5072/1944/2333
f 5074/1882/2334 5073/1884/2334 5076/1945/2334
f 5078/1946/2335 5077/1945/2335 5080/1947/2335
f 5082/1882/2336 5081/1884/2336 5084/1948/2336
f 5086/1949/2337 5085/1948/2337 5088/1950/2337
f 5090/1882/2338 5089/1884/2338 5092/1951/2338
f 5094/1952/2339 5093/1951/2339 5096/1953/2339
f 5098/1882/2340 5097/1884/2340 5100/1954/2340
f 5102/1955/2341 5101/1954/2341 5104/1956/2341
f 5106/1882/2342 5105/1884/2342 5108/1957/2342
f 5110/1958/2343 5109/1957/2343 5112/1959/2343
f 5114/1882/2344 5113/1884/2344 5116/1960/2344
f 5118/1882/2345 5117/1884/2345 5120/1961/2345
f 5122/1882/2346 5121/1884/2346 5124/1962/2346
f 5126/1882/2347 5125/1884/2347 5128/1963/2347
f 5130/1882/2348 5129/1884/2348 5132/1964/2348
f 5134/1882/2349 5133/1884/2349 5136/1965/2349
f 5138/1882/2350 5137/1884/2350 5140/1966/2350
f 5142/1882/2351 5141/1884/2351 5144/1967/2351
f 5146/1882/2352 5145/1884/2352 5148/1968/2352
f 5150/1882/2353 5149/1884/2353 5152/1969/2353
f 4870/962/2354 4872/1869/2354 4871/1870/2354
f 4874/1870/2355 4876/1871/2355 4875/1872/2355
f 4878/1872/2356 4880/1873/2356 4879/1874/2356
f 4882/1874/2357 4884/1875/2357 4883/1876/2357
f 4886/1876/2358 4888/1877/2358 4887/1878/2358
f 4890/1878/2359 4892/1879/2359 4891/1880/2359
f 4894/1880/2360 4896/1881/2360 4895/1970/2360
f 4898/1882/2290 4900/1883/2290 4899/1971/2290
f 4902/1882/2291 4904/1885/2291 4903/1972/2291
f 4906/1882/2361 4908/1886/2361 4907/1973/2361
f 4910/1882/2293 4912/1887/2293 4911/1974/2293
f 4914/1882/2294 4916/1888/2294 4915/1975/2294
f 4918/1882/2295 4920/1889/2295 4919/1976/2295
f 4922/1882/2296 4924/1890/2296 4923/1977/2296
f 4926/1882/2297 4928/1891/2297 4927/1978/2297
f 4930/1882/2362 4932/1892/2362 4931/1979/2362
f 4934/1882/2299 4936/1893/2299 4935/1980/2299
f 4938/1882/2300 4940/1894/2300 4939/1895/2300
f 4942/1895/2301 4944/1896/2301 4943/1981/2301
f 4946/1882/2363 4948/1897/2363 4947/1898/2363
f 4950/1898/2303 4952/1899/2303 4951/1982/2303
f 4954/1882/2304 4956/1900/2304 4955/1901/2304
f 4958/1901/2305 4960/1902/2305 4959/1983/2305
f 4962/1882/2306 4964/1903/2306 4963/1904/2306
f 4966/1904/2364 4968/1905/2364 4967/1984/2364
f 4970/1882/2308 4972/1906/2308 4971/1907/2308
f 4974/1907/2309 4976/1908/2309 4975/1985/2309
f 4978/1882/2310 4980/1909/2310 4979/1910/2310
f 4982/1910/2365 4984/1911/2365 4983/1986/2365
f 4986/1882/2312 4988/1912/2312 4987/1913/2312
f 4990/1913/2366 4992/1914/2366 4991/1987/2366
f 4994/1882/2314 4996/1915/2314 4995/1916/2314
f 4998/1916/2367 5000/1917/2367 4999/1988/2367
f 5002/1882/2316 5004/1918/2316 5003/1919/2316
f 5006/1919/2317 5008/1920/2317 5007/1989/2317
f 5010/1882/2318 5012/1921/2318 5011/1922/2318
f 5014/1922/2368 5016/1923/2368 5015/1990/2368
f 5018/1882/2369 5020/1924/2369 5019/1925/2369
f 5022/1925/2370 5024/1926/2370 5023/1991/2370
f 5026/1882/2322 5028/1927/2322 5027/1928/2322
f 5030/1928/2323 5032/1929/2323 5031/1992/2323
f 5034/1882/2324 5036/1930/2324 5035/1931/2324
f 5038/1931/2371 5040/1932/2371 5039/1993/2371
f 5042/1882/2326 5044/1933/2326 5043/1934/2326
f 5046/1934/2372 5048/1935/2372 5047/1994/2372
f 5050/1882/2328 5052/1936/2328 5051/1937/2328
f 5054/1937/2373 5056/1938/2373 5055/1995/2373
f 5058/1882/2374 5060/1939/2374 5059/1940/2374
f 5062/1940/2331 5064/1941/2331 5063/1996/2331
f 5066/1882/2332 5068/1942/2332 5067/1943/2332
f 5070/1943/2333 5072/1944/2333 5071/1997/2333
f 5074/1882/2334 5076/1945/2334 5075/1946/2334
f 5078/1946/2375 5080/1947/2375 5079/1998/2375
f 5082/1882/2336 5084/1948/2336 5083/1949/2336
f 5086/1949/2376 5088/1950/2376 5087/1999/2376
f 5090/1882/2338 5092/1951/2338 5091/1952/2338
f 5094/1952/2377 5096/1953/2377 5095/2000/2377
f 5098/1882/2340 5100/1954/2340 5099/1955/2340
f 5102/1955/2378 5104/1956/2378 5103/2001/2378
f 5106/1882/2342 5108/1957/2342 5107/1958/2342
f 5110/1958/2343 5112/1959/2343 5111/2002/2343
f 5114/1882/2344 5116/1960/2344 5115/2003/2344
f 5118/1882/2345 5120/1961/2345 5119/2004/2345
f 5122/1882/2346 5124/1962/2346 5123/2005/2346
f 5126/1882/2379 5128/1963/2379 5127/2006/2379
f 5130/1882/2380 5132/1964/2380 5131/2007/2380
f 5134/1882/2349 5136/1965/2349 5135/2008/2349
f 5138/1882/2381 5140/1966/2381 5139/2009/2381
f 5142/1882/2382 5144/1967/2382 5143/2010/2382
f 5146/1882/2383 5148/1968/2383 5147/2011/2383
f 5150/1882/2384 5152/1969/2384 5151/2012/2384
f 5154/962/2385 5156/2013/2385 5153/859/2385
f 5158/2014/2386 5160/2015/2386 5157/2013/2386
f 5162/2016/2387 5164/2017/2387 5161/2015/2387
f 5166/2018/2388 5168/2019/2388 5165/2017/2388
f 5170/2020/2389 5172/2021/2389 5169/2019/2389
f 5174/2022/2390 5176/2023/2390 5173/2021/2390
f 5178/2024/2391 5180/2025/2391 5177/2023/2391
f 5182/2026/2392 5184/2027/2392 5181/2028/2392
f 5186/2026/2393 5188/2029/2393 5185/2028/2393
f 5190/2026/2394 5192/2030/2394 5189/2028/2394
f 5194/2026/2395 5196/2031/2395 5193/2028/2395
f 5198/2026/2396 5200/2032/2396 5197/2028/2396
f 5202/2026/2397 5204/2033/2397 5201/2028/2397
f 5206/2026/2398 5208/2034/2398 5205/2028/2398
f 5210/2026/2399 5212/2035/2399 5209/2028/2399
f 5214/2026/2400 5216/2036/2400 5213/2028/2400
f 5218/2026/2401 5220/2037/2401 5217/2028/2401
f 5222/2026/2402 5224/2038/2402 5221/2028/2402
f 5226/2039/2403 5228/2040/2403 5225/2038/2403
f 5230/2026/2404 5232/2041/2404 5229/2028/2404
f 5234/2042/2405 5236/2043/2405 5233/2041/2405
f 5238/2026/2406 5240/2044/2406 5237/2028/2406
f 5242/2045/2407 5244/2046/2407 5241/2044/2407
f 5246/2026/2408 5248/2047/2408 5245/2028/2408
f 5250/2048/2409 5252/2049/2409 5249/2047/2409
f 5254/2026/2410 5256/2050/2410 5253/2028/2410
f 5258/2051/2411 5260/2052/2411 5257/2050/2411
f 5262/2026/2412 5264/2053/2412 5261/2028/2412
f 5266/2054/2413 5268/2055/2413 5265/2053/2413
f 5270/2026/2414 5272/2056/2414 5269/2028/2414
f 5274/2057/2415 5276/2058/2415 5273/2056/2415
f 5278/2026/2416 5280/2059/2416 5277/2028/2416
f 5282/2060/2417 5284/2061/2417 5281/2059/2417
f 5286/2026/2418 5288/2062/2418 5285/2028/2418
f 5290/2063/2419 5292/2064/2419 5289/2062/2419
f 5294/2026/2420 5296/2065/2420 5293/2028/2420
f 5298/2066/2421 5300/2067/2421 5297/2065/2421
f 5302/2026/2422 5304/2068/2422 5301/2028/2422
f 5306/2069/2423 5308/2070/2423 5305/2068/2423
f 5310/2026/2424 5312/2071/2424 5309/2028/2424
f 5314/2072/2425 5316/2073/2425 5313/2071/2425
f 5318/2026/2426 5320/2074/2426 5317/2028/2426
f 5322/2075/2427 5324/2076/2427 5321/2074/2427
f 5326/2026/2428 5328/2077/2428 5325/2028/2428
f 5330/2078/2429 5332/2079/2429 5329/2077/2429
f 5334/2026/2430 5336/2080/2430 5333/2028/2430
f 5338/2081/2431 5340/2082/2431 5337/2080/2431
f 5342/2026/2432 5344/2083/2432 5341/2028/2432
f 5346/2084/2433 5348/2085/2433 5345/2083/2433
f 5350/2026/2434 5352/2086/2434 5349/2028/2434
f 5354/2087/2435 5356/2088/2435 5353/2086/2435
f 5358/2026/2436 5360/2089/2436 5357/2028/2436
f 5362/2090/2437 5364/2091/2437 5361/2089/2437
f 5366/2026/2438 5368/2092/2438 5365/2028/2438
f 5370/2093/2439 5372/2094/2439 5369/2092/2439
f 5374/2026/2440 5376/2095/2440 5373/2028/2440
f 5378/2096/2441 5380/2097/2441 5377/2095/2441
f 5382/2026/2442 5384/2098/2442 5381/2028/2442
f 5386/2099/2443 5388/2100/2443 5385/2098/2443
f 5390/2026/2444 5392/2101/2444 5389/2028/2444
f 5394/2102/2445 5396/2103/2445 5393/2101/2445
f 5398/2026/2446 5400/2104/2446 5397/2028/2446
f 5402/2026/2447 5404/2105/2447 5401/2028/2447
f 5406/2026/2448 5408/2106/2448 5405/2028/2448
f 5410/2026/2449 5412/2107/2449 5409/2028/2449
f 5414/2026/2450 5416/2108/2450 5413/2028/2450
f 5418/2026/2451 5420/2109/2451 5417/2028/2451
f 5422/2026/2452 5424/2110/2452 5421/2028/2452
f 5426/2026/2453 5428/2111/2453 5425/2028/2453
f 5430/2026/2454 5432/2112/2454 5429/2028/2454
f 5434/2026/2455 5436/2113/2455 5433/2028/2455
f 5154/962/2456 5155/2014/2456 5156/2013/2456
f 5158/2014/2457 5159/2016/2457 5160/2015/2457
f 5162/2016/2387 5163/2018/2387 5164/2017/2387
f 5166/2018/2458 5167/2020/2458 5168/2019/2458
f 5170/2020/2459 5171/2022/2459 5172/2021/2459
f 5174/2022/2460 5175/2024/2460 5176/2023/2460
f 5178/2024/2461 5179/2114/2461 5180/2025/2461
f 5182/2026/2462 5183/2115/2462 5184/2027/2462
f 5186/2026/2393 5187/2116/2393 5188/2029/2393
f 5190/2026/2463 5191/2117/2463 5192/2030/2463
f 5194/2026/2464 5195/2118/2464 5196/2031/2464
f 5198/2026/2465 5199/2119/2465 5200/2032/2465
f 5202/2026/2397 5203/2120/2397 5204/2033/2397
f 5206/2026/2466 5207/2121/2466 5208/2034/2466
f 5210/2026/2467 5211/2122/2467 5212/2035/2467
f 5214/2026/2468 5215/2123/2468 5216/2036/2468
f 5218/2026/2469 5219/2124/2469 5220/2037/2469
f 5222/2026/2402 5223/2039/2402 5224/2038/2402
f 5226/2039/2470 5227/2125/2470 5228/2040/2470
f 5230/2026/2471 5231/2042/2471 5232/2041/2471
f 5234/2042/2472 5235/2126/2472 5236/2043/2472
f 5238/2026/2406 5239/2045/2406 5240/2044/2406
f 5242/2045/2473 5243/2127/2473 5244/2046/2473
f 5246/2026/2408 5247/2048/2408 5248/2047/2408
f 5250/2048/2409 5251/2128/2409 5252/2049/2409
f 5254/2026/2410 5255/2051/2410 5256/2050/2410
f 5258/2051/2474 5259/2129/2474 5260/2052/2474
f 5262/2026/2475 5263/2054/2475 5264/2053/2475
f 5266/2054/2413 5267/2130/2413 5268/2055/2413
f 5270/2026/2476 5271/2057/2476 5272/2056/2476
f 5274/2057/2477 5275/2131/2477 5276/2058/2477
f 5278/2026/2416 5279/2060/2416 5280/2059/2416
f 5282/2060/2417 5283/2132/2417 5284/2061/2417
f 5286/2026/2418 5287/2063/2418 5288/2062/2418
f 5290/2063/2478 5291/2133/2478 5292/2064/2478
f 5294/2026/2420 5295/2066/2420 5296/2065/2420
f 5298/2066/2421 5299/2134/2421 5300/2067/2421
f 5302/2026/2422 5303/2069/2422 5304/2068/2422
f 5306/2069/2479 5307/2135/2479 5308/2070/2479
f 5310/2026/2424 5311/2072/2424 5312/2071/2424
f 5314/2072/2480 5315/2136/2480 5316/2073/2480
f 5318/2026/2426 5319/2075/2426 5320/2074/2426
f 5322/2075/2427 5323/2137/2427 5324/2076/2427
f 5326/2026/2428 5327/2078/2428 5328/2077/2428
f 5330/2078/2481 5331/2138/2481 5332/2079/2481
f 5334/2026/2482 5335/2081/2482 5336/2080/2482
f 5338/2081/2483 5339/2139/2483 5340/2082/2483
f 5342/2026/2432 5343/2084/2432 5344/2083/2432
f 5346/2084/2433 5347/2140/2433 5348/2085/2433
f 5350/2026/2434 5351/2087/2434 5352/2086/2434
f 5354/2087/2435 5355/2141/2435 5356/2088/2435
f 5358/2026/2436 5359/2090/2436 5360/2089/2436
f 5362/2090/2437 5363/2142/2437 5364/2091/2437
f 5366/2026/2438 5367/2093/2438 5368/2092/2438
f 5370/2093/2484 5371/2143/2484 5372/2094/2484
f 5374/2026/2440 5375/2096/2440 5376/2095/2440
f 5378/2096/2441 5379/2144/2441 5380/2097/2441
f 5382/2026/2442 5383/2099/2442 5384/2098/2442
f 5386/2099/2443 5387/2145/2443 5388/2100/2443
f 5390/2026/2444 5391/2102/2444 5392/2101/2444
f 5394/2102/2445 5395/2146/2445 5396/2103/2445
f 5398/2026/2446 5399/2147/2446 5400/2104/2446
f 5402/2026/2485 5403/2148/2485 5404/2105/2485
f 5406/2026/2486 5407/2149/2486 5408/2106/2486
f 5410/2026/2487 5411/2150/2487 5412/2107/2487
f 5414/2026/2488 5415/2151/2488 5416/2108/2488
f 5418/2026/2451 5419/2152/2451 5420/2109/2451
f 5422/2026/2452 5423/2153/2452 5424/2110/2452
f 5426/2026/2453 5427/2154/2453 5428/2111/2453
f 5430/2026/2454 5431/2155/2454 5432/2112/2454
f 5434/2026/2489 5435/2156/2489 5436/2113/2489
f 5438/962/2490 5437/859/2490 5440/2013/2490
f 5442/2014/2491 5441/2013/2491 5444/2015/2491
f 5446/2016/2492 5445/2015/2492 5448/2017/2492
f 5450/2018/2493 5449/2017/2493 5452/2019/2493
f 5454/2020/2494 5453/2019/2494 5456/2021/2494
f 5458/2022/2495 5457/2021/2495 5460/2023/2495
f 5462/2024/2496 5461/2023/2496 5464/2025/2496
f 5466/2026/2497 5465/2028/2497 5468/2027/2497
f 5470/2026/2498 5469/2028/2498 5472/2029/2498
f 5474/2026/2499 5473/2028/2499 5476/2030/2499
f 5478/2026/2500 5477/2028/2500 5480/2031/2500
f 5482/2026/2501 5481/2028/2501 5484/2032/2501
f 5486/2026/2502 5485/2028/2502 5488/2033/2502
f 5490/2026/2503 5489/2028/2503 5492/2034/2503
f 5494/2026/2504 5493/2028/2504 5496/2035/2504
f 5498/2026/2505 5497/2028/2505 5500/2036/2505
f 5502/2026/2506 5501/2028/2506 5504/2037/2506
f 5506/2026/2507 5505/2028/2507 5508/2038/2507
f 5510/2039/2508 5509/2038/2508 5512/2040/2508
f 5514/2026/2509 5513/2028/2509 5516/2041/2509
f 5518/2042/2510 5517/2041/2510 5520/2043/2510
f 5522/2026/2511 5521/2028/2511 5524/2044/2511
f 5526/2045/2512 5525/2044/2512 5528/2046/2512
f 5530/2026/2513 5529/2028/2513 5532/2047/2513
f 5534/2048/2514 5533/2047/2514 5536/2049/2514
f 5538/2026/2515 5537/2028/2515 5540/2050/2515
f 5542/2051/2516 5541/2050/2516 5544/2052/2516
f 5546/2026/2517 5545/2028/2517 5548/2053/2517
f 5550/2054/2518 5549/2053/2518 5552/2055/2518
f 5554/2026/2519 5553/2028/2519 5556/2056/2519
f 5558/2057/2520 5557/2056/2520 5560/2058/2520
f 5562/2026/2521 5561/2028/2521 5564/2059/2521
f 5566/2060/2522 5565/2059/2522 5568/2061/2522
f 5570/2026/2523 5569/2028/2523 5572/2062/2523
f 5574/2063/2524 5573/2062/2524 5576/2064/2524
f 5578/2026/2525 5577/2028/2525 5580/2065/2525
f 5582/2066/2526 5581/2065/2526 5584/2067/2526
f 5586/2026/2527 5585/2028/2527 5588/2068/2527
f 5590/2069/2528 5589/2068/2528 5592/2070/2528
f 5594/2026/2529 5593/2028/2529 5596/2071/2529
f 5598/2072/2530 5597/2071/2530 5600/2073/2530
f 5602/2026/2531 5601/2028/2531 5604/2074/2531
f 5606/2075/2532 5605/2074/2532 5608/2076/2532
f 5610/2026/2533 5609/2028/2533 5612/2077/2533
f 5614/2078/2534 5613/2077/2534 5616/2079/2534
f 5618/2026/2535 5617/2028/2535 5620/2080/2535
f 5622/2081/2536 5621/2080/2536 5624/2082/2536
f 5626/2026/2537 5625/2028/2537 5628/2083/2537
f 5630/2084/2538 5629/2083/2538 5632/2085/2538
f 5634/2026/2539 5633/2028/2539 5636/2086/2539
f 5638/2087/2540 5637/2086/2540 5640/2088/2540
f 5642/2026/2541 5641/2028/2541 5644/2089/2541
f 5646/2090/2542 5645/2089/2542 5648/2091/2542
f 5650/2026/2543 5649/2028/2543 5652/2092/2543
f 5654/2093/2544 5653/2092/2544 5656/2094/2544
f 5658/2026/2545 5657/2028/2545 5660/2095/2545
f 5662/2096/2546 5661/2095/2546 5664/2097/2546
f 5666/2026/2547 5665/2028/2547 5668/2098/2547
f 5670/2099/2548 5669/2098/2548 5672/2100/2548
f 5674/2026/2549 5673/2028/2549 5676/2101/2549
f 5678/2102/2550 5677/2101/2550 5680/2103/2550
f 5682/2026/2551 5681/2028/2551 5684/2104/2551
f 5686/2026/2552 5685/2028/2552 5688/2105/2552
f 5690/2026/2553 5689/2028/2553 5692/2106/2553
f 5694/2026/2554 5693/2028/2554 5696/2107/2554
f 5698/2026/2555 5697/2028/2555 5700/2108/2555
f 5702/2026/2556 5701/2028/2556 5704/2109/2556
f 5706/2026/2557 5705/2028/2557 5708/2110/2557
f 5710/2026/2558 5709/2028/2558 5712/2111/2558
f 5714/2026/2559 5713/2028/2559 5716/2112/2559
f 5718/2026/2560 5717/2028/2560 5720/2113/2560
f 5438/962/2561 5440/2013/2561 5439/2014/2561
f 5442/2014/2562 5444/2015/2562 5443/2016/2562
f 5446/2016/2492 5448/2017/2492 5447/2018/2492
f 5450/2018/2563 5452/2019/2563 5451/2020/2563
f 5454/2020/2564 5456/2021/2564 5455/2022/2564
f 5458/2022/2565 5460/2023/2565 5459/2024/2565
f 5462/2024/2566 5464/2025/2566 5463/2114/2566
f 5466/2026/2567 5468/2027/2567 5467/2115/2567
f 5470/2026/2498 5472/2029/2498 5471/2116/2498
f 5474/2026/2568 5476/2030/2568 5475/2117/2568
f 5478/2026/2569 5480/2031/2569 5479/2118/2569
f 5482/2026/2570 5484/2032/2570 5483/2119/2570
f 5486/2026/2502 5488/2033/2502 5487/2120/2502
f 5490/2026/2571 5492/2034/2571 5491/2121/2571
f 5494/2026/2572 5496/2035/2572 5495/2122/2572
f 5498/2026/2573 5500/2036/2573 5499/2123/2573
f 5502/2026/2574 5504/2037/2574 5503/2124/2574
f 5506/2026/2507 5508/2038/2507 5507/2039/2507
f 5510/2039/2575 5512/2040/2575 5511/2125/2575
f 5514/2026/2576 5516/2041/2576 5515/2042/2576
f 5518/2042/2577 5520/2043/2577 5519/2126/2577
f 5522/2026/2511 5524/2044/2511 5523/2045/2511
f 5526/2045/2578 5528/2046/2578 5527/2127/2578
f 5530/2026/2513 5532/2047/2513 5531/2048/2513
f 5534/2048/2514 5536/2049/2514 5535/2128/2514
f 5538/2026/2515 5540/2050/2515 5539/2051/2515
f 5542/2051/2579 5544/2052/2579 5543/2129/2579
f 5546/2026/2580 5548/2053/2580 5547/2054/2580
f 5550/2054/2518 5552/2055/2518 5551/2130/2518
f 5554/2026/2581 5556/2056/2581 5555/2057/2581
f 5558/2057/2582 5560/2058/2582 5559/2131/2582
f 5562/2026/2521 5564/2059/2521 5563/2060/2521
f 5566/2060/2522 5568/2061/2522 5567/2132/2522
f 5570/2026/2523 5572/2062/2523 5571/2063/2523
f 5574/2063/2583 5576/2064/2583 5575/2133/2583
f 5578/2026/2525 5580/2065/2525 5579/2066/2525
f 5582/2066/2526 5584/2067/2526 5583/2134/2526
f 5586/2026/2527 5588/2068/2527 5587/2069/2527
f 5590/2069/2584 5592/2070/2584 5591/2135/2584
f 5594/2026/2529 5596/2071/2529 5595/2072/2529
f 5598/2072/2585 5600/2073/2585 5599/2136/2585
f 5602/2026/2531 5604/2074/2531 5603/2075/2531
f 5606/2075/2532 5608/2076/2532 5607/2137/2532
f 5610/2026/2533 5612/2077/2533 5611/2078/2533
f 5614/2078/2586 5616/2079/2586 5615/2138/2586
f 5618/2026/2587 5620/2080/2587 5619/2081/2587
f 5622/2081/2588 5624/2082/2588 5623/2139/2588
f 5626/2026/2537 5628/2083/2537 5627/2084/2537
f 5630/2084/2538 5632/2085/2538 5631/2140/2538
f 5634/2026/2539 5636/2086/2539 5635/2087/2539
f 5638/2087/2540 5640/2088/2540 5639/2141/2540
f 5642/2026/2541 5644/2089/2541 5643/2090/2541
f 5646/2090/2542 5648/2091/2542 5647/2142/2542
f 5650/2026/2543 5652/2092/2543 5651/2093/2543
f 5654/2093/2589 5656/2094/2589 5655/2143/2589
f 5658/2026/2545 5660/2095/2545 5659/2096/2545
f 5662/2096/2546 5664/2097/2546 5663/2144/2546
f 5666/2026/2547 5668/2098/2547 5667/2099/2547
f 5670/2099/2548 5672/2100/2548 5671/2145/2548
f 5674/2026/2549 5676/2101/2549 5675/2102/2549
f 5678/2102/2550 5680/2103/2550 5679/2146/2550
f 5682/2026/2551 5684/2104/2551 5683/2147/2551
f 5686/2026/2590 5688/2105/2590 5687/2148/2590
f 5690/2026/2591 5692/2106/2591 5691/2149/2591
f 5694/2026/2592 5696/2107/2592 5695/2150/2592
f 5698/2026/2593 5700/2108/2593 5699/2151/2593
f 5702/2026/2556 5704/2109/2556 5703/2152/2556
f 5706/2026/2557 5708/2110/2557 5707/2153/2557
f 5710/2026/2558 5712/2111/2558 5711/2154/2558
f 5714/2026/2559 5716/2112/2559 5715/2155/2559
f 5718/2026/2594 5720/2113/2594 5719/2156/2594
f 5721/859/2595 5723/2157/2595 5724/2158/2595
f 5725/2158/2596 5727/2159/2596 5728/2160/2596
f 5729/2160/2597 5731/2161/2597 5732/2162/2597
f 5733/2162/2598 5735/2163/2598 5736/2164/2598
f 5737/2164/2599 5739/2165/2599 5740/2166/2599
f 5741/2166/2600 5743/2167/2600 5744/2168/2600
f 5745/2168/2601 5747/2169/2601 5748/2170/2601
f 5750/2171/2602 5752/2172/2602 5749/2173/2602
f 5754/2171/2603 5756/2174/2603 5753/2173/2603
f 5758/2171/2604 5760/2175/2604 5757/2173/2604
f 5762/2171/2605 5764/2176/2605 5761/2173/2605
f 5766/2171/2606 5768/2177/2606 5765/2173/2606
f 5770/2171/2607 5772/2178/2607 5769/2173/2607
f 5774/2171/2608 5776/2179/2608 5773/2173/2608
f 5778/2171/2609 5780/2180/2609 5777/2173/2609
f 5782/2171/2610 5784/2181/2610 5781/2173/2610
f 5786/2171/2611 5788/2182/2611 5785/2173/2611
f 5790/2171/2612 5792/2183/2612 5789/2173/2612
f 5794/2184/2613 5796/2185/2613 5793/2183/2613
f 5798/2171/2614 5800/2186/2614 5797/2173/2614
f 5802/2187/2615 5804/2188/2615 5801/2186/2615
f 5806/2171/2616 5808/2189/2616 5805/2173/2616
f 5810/2190/2617 5812/2191/2617 5809/2189/2617
f 5814/2171/2618 5816/2192/2618 5813/2173/2618
f 5818/2193/2619 5820/2194/2619 5817/2192/2619
f 5822/2171/2620 5824/2195/2620 5821/2173/2620
f 5826/2196/2621 5828/2197/2621 5825/2195/2621
f 5830/2171/2622 5832/2198/2622 5829/2173/2622
f 5834/2199/2623 5836/2200/2623 5833/2198/2623
f 5838/2171/2624 5840/2201/2624 5837/2173/2624
f 5842/2202/2625 5844/2203/2625 5841/2201/2625
f 5846/2171/2626 5848/2204/2626 5845/2173/2626
f 5850/2205/2627 5852/2206/2627 5849/2204/2627
f 5854/2171/2628 5856/2207/2628 5853/2173/2628
f 5858/2208/2629 5860/2209/2629 5857/2207/2629
f 5862/2171/2630 5864/2210/2630 5861/2173/2630
f 5866/2211/2631 5868/2212/2631 5865/2210/2631
f 5870/2171/2632 5872/2213/2632 5869/2173/2632
f 5874/2214/2633 5876/2215/2633 5873/2213/2633
f 5878/2171/2634 5880/2216/2634 5877/2173/2634
f 5882/2217/2635 5884/2218/2635 5881/2216/2635
f 5886/2171/2636 5888/2219/2636 5885/2173/2636
f 5890/2220/2637 5892/2221/2637 5889/2219/2637
f 5894/2171/2638 5896/2222/2638 5893/2173/2638
f 5898/2223/2639 5900/2224/2639 5897/2222/2639
f 5902/2171/2640 5904/2225/2640 5901/2173/2640
f 5906/2226/2641 5908/2227/2641 5905/2225/2641
f 5910/2171/2642 5912/2228/2642 5909/2173/2642
f 5914/2229/2643 5916/2230/2643 5913/2228/2643
f 5918/2171/2644 5920/2231/2644 5917/2173/2644
f 5922/2232/2645 5924/2233/2645 5921/2231/2645
f 5926/2171/2646 5928/2234/2646 5925/2173/2646
f 5930/2235/2647 5932/2236/2647 5929/2234/2647
f 5934/2171/2648 5936/2237/2648 5933/2173/2648
f 5938/2238/2649 5940/2239/2649 5937/2237/2649
f 5942/2171/2650 5944/2240/2650 5941/2173/2650
f 5946/2241/2651 5948/2242/2651 5945/2240/2651
f 5950/2171/2652 5952/2243/2652 5949/2173/2652
f 5954/2244/2653 5956/2245/2653 5953/2243/2653
f 5958/2171/2654 5960/2246/2654 5957/2173/2654
f 5962/2247/2655 5964/2248/2655 5961/2246/2655
f 5966/2171/2656 5968/2249/2656 5965/2173/2656
f 5970/2171/2657 5972/2250/2657 5969/2173/2657
f 5974/2171/2658 5976/2251/2658 5973/2173/2658
f 5978/2171/2659 5980/2252/2659 5977/2173/2659
f 5982/2171/2660 5984/2253/2660 5981/2173/2660
f 5986/2171/2661 5988/2254/2661 5985/2173/2661
f 5990/2171/2662 5992/2255/2662 5989/2173/2662
f 5994/2171/2663 5996/2256/2663 5993/2173/2663
f 5998/2171/2664 6000/2257/2664 5997/2173/2664
f 6002/2171/2665 6004/2258/2665 6001/2173/2665
f 5721/859/2666 5722/962/2666 5723/2157/2666
f 5725/2158/2667 5726/2157/2667 5727/2159/2667
f 5729/2160/2668 5730/2159/2668 5731/2161/2668
f 5733/2162/2669 5734/2161/2669 5735/2163/2669
f 5737/2164/2670 5738/2163/2670 5739/2165/2670
f 5741/2166/2671 5742/2165/2671 5743/2167/2671
f 5745/2168/2672 5746/2167/2672 5747/2169/2672
f 5750/2171/2673 5751/2259/2673 5752/2172/2673
f 5754/2171/2674 5755/2260/2674 5756/2174/2674
f 5758/2171/2675 5759/2261/2675 5760/2175/2675
f 5762/2171/2605 5763/2262/2605 5764/2176/2605
f 5766/2171/2676 5767/2263/2676 5768/2177/2676
f 5770/2171/2677 5771/2264/2677 5772/2178/2677
f 5774/2171/2678 5775/2265/2678 5776/2179/2678
f 5778/2171/2609 5779/2266/2609 5780/2180/2609
f 5782/2171/2679 5783/2267/2679 5784/2181/2679
f 5786/2171/2680 5787/2268/2680 5788/2182/2680
f 5790/2171/2612 5791/2184/2612 5792/2183/2612
f 5794/2184/2681 5795/2269/2681 5796/2185/2681
f 5798/2171/2614 5799/2187/2614 5800/2186/2614
f 5802/2187/2615 5803/2270/2615 5804/2188/2615
f 5806/2171/2616 5807/2190/2616 5808/2189/2616
f 5810/2190/2617 5811/2271/2617 5812/2191/2617
f 5814/2171/2618 5815/2193/2618 5816/2192/2618
f 5818/2193/2682 5819/2272/2682 5820/2194/2682
f 5822/2171/2620 5823/2196/2620 5824/2195/2620
f 5826/2196/2683 5827/2273/2683 5828/2197/2683
f 5830/2171/2622 5831/2199/2622 5832/2198/2622
f 5834/2199/2623 5835/2274/2623 5836/2200/2623
f 5838/2171/2624 5839/2202/2624 5840/2201/2624
f 5842/2202/2684 5843/2275/2684 5844/2203/2684
f 5846/2171/2626 5847/2205/2626 5848/2204/2626
f 5850/2205/2685 5851/2276/2685 5852/2206/2685
f 5854/2171/2686 5855/2208/2686 5856/2207/2686
f 5858/2208/2629 5859/2277/2629 5860/2209/2629
f 5862/2171/2630 5863/2211/2630 5864/2210/2630
f 5866/2211/2631 5867/2278/2631 5868/2212/2631
f 5870/2171/2632 5871/2214/2632 5872/2213/2632
f 5874/2214/2633 5875/2279/2633 5876/2215/2633
f 5878/2171/2634 5879/2217/2634 5880/2216/2634
f 5882/2217/2635 5883/2280/2635 5884/2218/2635
f 5886/2171/2636 5887/2220/2636 5888/2219/2636
f 5890/2220/2637 5891/2281/2637 5892/2221/2637
f 5894/2171/2638 5895/2223/2638 5896/2222/2638
f 5898/2223/2639 5899/2282/2639 5900/2224/2639
f 5902/2171/2640 5903/2226/2640 5904/2225/2640
f 5906/2226/2641 5907/2283/2641 5908/2227/2641
f 5910/2171/2642 5911/2229/2642 5912/2228/2642
f 5914/2229/2643 5915/2284/2643 5916/2230/2643
f 5918/2171/2644 5919/2232/2644 5920/2231/2644
f 5922/2232/2645 5923/2285/2645 5924/2233/2645
f 5926/2171/2687 5927/2235/2687 5928/2234/2687
f 5930/2235/2688 5931/2286/2688 5932/2236/2688
f 5934/2171/2648 5935/2238/2648 5936/2237/2648
f 5938/2238/2649 5939/2287/2649 5940/2239/2649
f 5942/2171/2650 5943/2241/2650 5944/2240/2650
f 5946/2241/2689 5947/2288/2689 5948/2242/2689
f 5950/2171/2652 5951/2244/2652 5952/2243/2652
f 5954/2244/2690 5955/2289/2690 5956/2245/2690
f 5958/2171/2654 5959/2247/2654 5960/2246/2654
f 5962/2247/2691 5963/2290/2691 5964/2248/2691
f 5966/2171/2656 5967/2291/2656 5968/2249/2656
f 5970/2171/2657 5971/2292/2657 5972/2250/2657
f 5974/2171/2658 5975/2293/2658 5976/2251/2658
f 5978/2171/2659 5979/2294/2659 5980/2252/2659
f 5982/2171/2660 5983/2295/2660 5984/2253/2660
f 5986/2171/2661 5987/2296/2661 5988/2254/2661
f 5990/2171/2662 5991/2297/2662 5992/2255/2662
f 5994/2171/2663 5995/2298/2663 5996/2256/2663
f 5998/2171/2664 5999/2299/2664 6000/2257/2664
f 6002/2171/2665 6003/2300/2665 6004/2258/2665
f 6005/859/2692 6008/2158/2692 6007/2157/2692
f 6009/2158/2693 6012/2160/2693 6011/2159/2693
f 6013/2160/2694 6016/2162/2694 6015/2161/2694
f 6017/2162/2695 6020/2164/2695 6019/2163/2695
f 6021/2164/2696 6024/2166/2696 6023/2165/2696
f 6025/2166/2697 6028/2168/2697 6027/2167/2697
f 6029/2168/2698 6032/2170/2698 6031/2169/2698
f 6034/2171/2699 6033/2173/2699 6036/2172/2699
f 6038/2171/2700 6037/2173/2700 6040/2174/2700
f 6042/2171/2701 6041/2173/2701 6044/2175/2701
f 6046/2171/2702 6045/2173/2702 6048/2176/2702
f 6050/2171/2703 6049/2173/2703 6052/2177/2703
f 6054/2171/2704 6053/2173/2704 6056/2178/2704
f 6058/2171/2705 6057/2173/2705 6060/2179/2705
f 6062/2171/2706 6061/2173/2706 6064/2180/2706
f 6066/2171/2707 6065/2173/2707 6068/2181/2707
f 6070/2171/2708 6069/2173/2708 6072/2182/2708
f 6074/2171/2709 6073/2173/2709 6076/2183/2709
f 6078/2184/2710 6077/2183/2710 6080/2185/2710
f 6082/2171/2711 6081/2173/2711 6084/2186/2711
f 6086/2187/2712 6085/2186/2712 6088/2188/2712
f 6090/2171/2713 6089/2173/2713 6092/2189/2713
f 6094/2190/2714 6093/2189/2714 6096/2191/2714
f 6098/2171/2715 6097/2173/2715 6100/2192/2715
f 6102/2193/2716 6101/2192/2716 6104/2194/2716
f 6106/2171/2717 6105/2173/2717 6108/2195/2717
f 6110/2196/2718 6109/2195/2718 6112/2197/2718
f 6114/2171/2719 6113/2173/2719 6116/2198/2719
f 6118/2199/2720 6117/2198/2720 6120/2200/2720
f 6122/2171/2721 6121/2173/2721 6124/2201/2721
f 6126/2202/2722 6125/2201/2722 6128/2203/2722
f 6130/2171/2723 6129/2173/2723 6132/2204/2723
f 6134/2205/2724 6133/2204/2724 6136/2206/2724
f 6138/2171/2725 6137/2173/2725 6140/2207/2725
f 6142/2208/2726 6141/2207/2726 6144/2209/2726
f 6146/2171/2727 6145/2173/2727 6148/2210/2727
f 6150/2211/2728 6149/2210/2728 6152/2212/2728
f 6154/2171/2729 6153/2173/2729 6156/2213/2729
f 6158/2214/2730 6157/2213/2730 6160/2215/2730
f 6162/2171/2731 6161/2173/2731 6164/2216/2731
f 6166/2217/2732 6165/2216/2732 6168/2218/2732
f 6170/2171/2733 6169/2173/2733 6172/2219/2733
f 6174/2220/2734 6173/2219/2734 6176/2221/2734
f 6178/2171/2735 6177/2173/2735 6180/2222/2735
f 6182/2223/2736 6181/2222/2736 6184/2224/2736
f 6186/2171/2737 6185/2173/2737 6188/2225/2737
f 6190/2226/2738 6189/2225/2738 6192/2227/2738
f 6194/2171/2739 6193/2173/2739 6196/2228/2739
f 6198/2229/2740 6197/2228/2740 6200/2230/2740
f 6202/2171/2741 6201/2173/2741 6204/2231/2741
f 6206/2232/2742 6205/2231/2742 6208/2233/2742
f 6210/2171/2743 6209/2173/2743 6212/2234/2743
f 6214/2235/2744 6213/2234/2744 6216/2236/2744
f 6218/2171/2745 6217/2173/2745 6220/2237/2745
f 6222/2238/2746 6221/2237/2746 6224/2239/2746
f 6226/2171/2747 6225/2173/2747 6228/2240/2747
f 6230/2241/2748 6229/2240/2748 6232/2242/2748
f 6234/2171/2749 6233/2173/2749 6236/2243/2749
f 6238/2244/2750 6237/2243/2750 6240/2245/2750
f 6242/2171/2751 6241/2173/2751 6244/2246/2751
f 6246/2247/2752 6245/2246/2752 6248/2248/2752
f 6250/2171/2753 6249/2173/2753 6252/2249/2753
f 6254/2171/2754 6253/2173/2754 6256/2250/2754
f 6258/2171/2755 6257/2173/2755 6260/2251/2755
f 6262/2171/2756 6261/2173/2756 6264/2252/2756
f 6266/2171/2757 6265/2173/2757 6268/2253/2757
f 6270/2171/2758 6269/2173/2758 6272/2254/2758
f 6274/2171/2759 6273/2173/2759 6276/2255/2759
f 6278/2171/2760 6277/2173/2760 6280/2256/2760
f 6282/2171/2761 6281/2173/2761 6284/2257/2761
f 6286/2171/2762 6285/2173/2762 6288/2258/2762
f 6005/859/2763 6007/2157/2763 6006/962/2763
f 6009/2158/2764 6011/2159/2764 6010/2157/2764
f 6013/2160/2765 6015/2161/2765 6014/2159/2765
f 6017/2162/2766 6019/2163/2766 6018/2161/2766
f 6021/2164/2767 6023/2165/2767 6022/2163/2767
f 6025/2166/2768 6027/2167/2768 6026/2165/2768
f 6029/2168/2769 6031/2169/2769 6030/2167/2769
f 6034/2171/2770 6036/2172/2770 6035/2259/2770
f 6038/2171/2771 6040/2174/2771 6039/2260/2771
f 6042/2171/2772 6044/2175/2772 6043/2261/2772
f 6046/2171/2702 6048/2176/2702 6047/2262/2702
f 6050/2171/2773 6052/2177/2773 6051/2263/2773
f 6054/2171/2774 6056/2178/2774 6055/2264/2774
f 6058/2171/2775 6060/2179/2775 6059/2265/2775
f 6062/2171/2706 6064/2180/2706 6063/2266/2706
f 6066/2171/2776 6068/2181/2776 6067/2267/2776
f 6070/2171/2777 6072/2182/2777 6071/2268/2777
f 6074/2171/2709 6076/2183/2709 6075/2184/2709
f 6078/2184/2778 6080/2185/2778 6079/2269/2778
f 6082/2171/2711 6084/2186/2711 6083/2187/2711
f 6086/2187/2712 6088/2188/2712 6087/2270/2712
f 6090/2171/2713 6092/2189/2713 6091/2190/2713
f 6094/2190/2714 6096/2191/2714 6095/2271/2714
f 6098/2171/2715 6100/2192/2715 6099/2193/2715
f 6102/2193/2779 6104/2194/2779 6103/2272/2779
f 6106/2171/2717 6108/2195/2717 6107/2196/2717
f 6110/2196/2780 6112/2197/2780 6111/2273/2780
f 6114/2171/2719 6116/2198/2719 6115/2199/2719
f 6118/2199/2720 6120/2200/2720 6119/2274/2720
f 6122/2171/2721 6124/2201/2721 6123/2202/2721
f 6126/2202/2781 6128/2203/2781 6127/2275/2781
f 6130/2171/2723 6132/2204/2723 6131/2205/2723
f 6134/2205/2782 6136/2206/2782 6135/2276/2782
f 6138/2171/2783 6140/2207/2783 6139/2208/2783
f 6142/2208/2726 6144/2209/2726 6143/2277/2726
f 6146/2171/2727 6148/2210/2727 6147/2211/2727
f 6150/2211/2728 6152/2212/2728 6151/2278/2728
f 6154/2171/2729 6156/2213/2729 6155/2214/2729
f 6158/2214/2730 6160/2215/2730 6159/2279/2730
f 6162/2171/2731 6164/2216/2731 6163/2217/2731
f 6166/2217/2732 6168/2218/2732 6167/2280/2732
f 6170/2171/2733 6172/2219/2733 6171/2220/2733
f 6174/2220/2734 6176/2221/2734 6175/2281/2734
f 6178/2171/2735 6180/2222/2735 6179/2223/2735
f 6182/2223/2736 6184/2224/2736 6183/2282/2736
f 6186/2171/2737 6188/2225/2737 6187/2226/2737
f 6190/2226/2738 6192/2227/2738 6191/2283/2738
f 6194/2171/2739 6196/2228/2739 6195/2229/2739
f 6198/2229/2740 6200/2230/2740 6199/2284/2740
f 6202/2171/2741 6204/2231/2741 6203/2232/2741
f 6206/2232/2742 6208/2233/2742 6207/2285/2742
f 6210/2171/2784 6212/2234/2784 6211/2235/2784
f 6214/2235/2785 6216/2236/2785 6215/2286/2785
f 6218/2171/2745 6220/2237/2745 6219/2238/2745
f 6222/2238/2746 6224/2239/2746 6223/2287/2746
f 6226/2171/2747 6228/2240/2747 6227/2241/2747
f 6230/2241/2786 6232/2242/2786 6231/2288/2786
f 6234/2171/2749 6236/2243/2749 6235/2244/2749
f 6238/2244/2787 6240/2245/2787 6239/2289/2787
f 6242/2171/2751 6244/2246/2751 6243/2247/2751
f 6246/2247/2788 6248/2248/2788 6247/2290/2788
f 6250/2171/2753 6252/2249/2753 6251/2291/2753
f 6254/2171/2754 6256/2250/2754 6255/2292/2754
f 6258/2171/2755 6260/2251/2755 6259/2293/2755
f 6262/2171/2756 6264/2252/2756 6263/2294/2756
f 6266/2171/2757 6268/2253/2757 6267/2295/2757
f 6270/2171/2758 6272/2254/2758 6271/2296/2758
f 6274/2171/2759 6276/2255/2759 6275/2297/2759
f 6278/2171/2760 6280/2256/2760 6279/2298/2760
f 6282/2171/2761 6284/2257/2761 6283/2299/2761
f 6286/2171/2762 6288/2258/2762 6287/2300/2762
f 6290/962/2789 6292/2301/2789 6289/859/2789
f 6294/2302/2790 6296/2303/2790 6293/2301/2790
f 6298/2304/2791 6300/2305/2791 6297/2303/2791
f 6302/2306/2792 6304/2307/2792 6301/2305/2792
f 6306/2308/2793 6308/2309/2793 6305/2307/2793
f 6310/2310/2794 6312/2311/2794 6309/2309/2794
f 6314/2312/2795 6316/2313/2795 6313/2311/2795
f 6318/2314/2796 6320/2315/2796 6317/2316/2796
f 6322/2314/2797 6324/2317/2797 6321/2316/2797
f 6326/2314/2798 6328/2318/2798 6325/2316/2798
f 6330/2314/2799 6332/2319/2799 6329/2316/2799
f 6334/2314/2800 6336/2320/2800 6333/2316/2800
f 6338/2314/2801 6340/2321/2801 6337/2316/2801
f 6342/2314/2802 6344/2322/2802 6341/2316/2802
f 6346/2314/2803 6348/2323/2803 6345/2316/2803
f 6350/2314/2804 6352/2324/2804 6349/2316/2804
f 6354/2314/2805 6356/2325/2805 6353/2316/2805
f 6358/2314/2806 6360/2326/2806 6357/2316/2806
f 6362/2327/2807 6364/2328/2807 6361/2326/2807
f 6366/2314/2808 6368/2329/2808 6365/2316/2808
f 6370/2330/2809 6372/2331/2809 6369/2329/2809
f 6374/2314/2810 6376/2332/2810 6373/2316/2810
f 6378/2333/2811 6380/2334/2811 6377/2332/2811
f 6382/2314/2812 6384/2335/2812 6381/2316/2812
f 6386/2336/2813 6388/2337/2813 6385/2335/2813
f 6390/2314/2814 6392/2338/2814 6389/2316/2814
f 6394/2339/2815 6396/2340/2815 6393/2338/2815
f 6398/2314/2816 6400/2341/2816 6397/2316/2816
f 6402/2342/2817 6404/2343/2817 6401/2341/2817
f 6406/2314/2818 6408/2344/2818 6405/2316/2818
f 6410/2345/2819 6412/2346/2819 6409/2344/2819
f 6414/2314/2820 6416/2347/2820 6413/2316/2820
f 6418/2348/2821 6420/2349/2821 6417/2347/2821
f 6422/2314/2822 6424/2350/2822 6421/2316/2822
f 6426/2351/2823 6428/2352/2823 6425/2350/2823
f 6430/2314/2824 6432/2353/2824 6429/2316/2824
f 6434/2354/2825 6436/2355/2825 6433/2353/2825
f 6438/2314/2826 6440/2356/2826 6437/2316/2826
f 6442/2357/2827 6444/2358/2827 6441/2356/2827
f 6446/2314/2828 6448/2359/2828 6445/2316/2828
f 6450/2360/2829 6452/2361/2829 6449/2359/2829
f 6454/2314/2830 6456/2362/2830 6453/2316/2830
f 6458/2363/2831 6460/2364/2831 6457/2362/2831
f 6462/2314/2832 6464/2365/2832 6461/2316/2832
f 6466/2366/2833 6468/2367/2833 6465/2365/2833
f 6470/2314/2834 6472/2368/2834 6469/2316/2834
f 6474/2369/2835 6476/2370/2835 6473/2368/2835
f 6478/2314/2836 6480/2371/2836 6477/2316/2836
f 6482/2372/2837 6484/2373/2837 6481/2371/2837
f 6486/2314/2838 6488/2374/2838 6485/2316/2838
f 6490/2375/2839 6492/2376/2839 6489/2374/2839
f 6494/2314/2840 6496/2377/2840 6493/2316/2840
f 6498/2378/2841 6500/2379/2841 6497/2377/2841
f 6502/2314/2842 6504/2380/2842 6501/2316/2842
f 6506/2381/2843 6508/2382/2843 6505/2380/2843
f 6510/2314/2844 6512/2383/2844 6509/2316/2844
f 6514/2384/2845 6516/2385/2845 6513/2383/2845
f 6518/2314/2846 6520/2386/2846 6517/2316/2846
f 6522/2387/2847 6524/2388/2847 6521/2386/2847
f 6526/2314/2848 6528/2389/2848 6525/2316/2848
f 6530/2390/2849 6532/2391/2849 6529/2389/2849
f 6534/2314/2850 6536/2392/2850 6533/2316/2850
f 6538/2314/2851 6540/2393/2851 6537/2316/2851
f 6542/2314/2852 6544/2394/2852 6541/2316/2852
f 6546/2314/2853 6548/2395/2853 6545/2316/2853
f 6550/2314/2854 6552/2396/2854 6549/2316/2854
f 6554/2314/2855 6556/2397/2855 6553/2316/2855
f 6558/2314/2856 6560/2398/2856 6557/2316/2856
f 6562/2314/2857 6564/2399/2857 6561/2316/2857
f 6566/2314/2858 6568/2400/2858 6565/2316/2858
f 6570/2314/2859 6572/2401/2859 6569/2316/2859
f 6290/962/2860 6291/2302/2860 6292/2301/2860
f 6294/2302/2861 6295/2304/2861 6296/2303/2861
f 6298/2304/2862 6299/2306/2862 6300/2305/2862
f 6302/2306/2863 6303/2308/2863 6304/2307/2863
f 6306/2308/2864 6307/2310/2864 6308/2309/2864
f 6310/2310/2865 6311/2312/2865 6312/2311/2865
f 6314/2312/2866 6315/2402/2866 6316/2313/2866
f 6318/2314/2867 6319/2403/2867 6320/2315/2867
f 6322/2314/2797 6323/2404/2797 6324/2317/2797
f 6326/2314/2798 6327/2405/2798 6328/2318/2798
f 6330/2314/2799 6331/2406/2799 6332/2319/2799
f 6334/2314/2800 6335/2407/2800 6336/2320/2800
f 6338/2314/2801 6339/2408/2801 6340/2321/2801
f 6342/2314/2802 6343/2409/2802 6344/2322/2802
f 6346/2314/2868 6347/2410/2868 6348/2323/2868
f 6350/2314/2804 6351/2411/2804 6352/2324/2804
f 6354/2314/2869 6355/2412/2869 6356/2325/2869
f 6358/2314/2806 6359/2327/2806 6360/2326/2806
f 6362/2327/2870 6363/2413/2870 6364/2328/2870
f 6366/2314/2808 6367/2330/2808 6368/2329/2808
f 6370/2330/2809 6371/2414/2809 6372/2331/2809
f 6374/2314/2810 6375/2333/2810 6376/2332/2810
f 6378/2333/2811 6379/2415/2811 6380/2334/2811
f 6382/2314/2812 6383/2336/2812 6384/2335/2812
f 6386/2336/2871 6387/2416/2871 6388/2337/2871
f 6390/2314/2814 6391/2339/2814 6392/2338/2814
f 6394/2339/2815 6395/2417/2815 6396/2340/2815
f 6398/2314/2816 6399/2342/2816 6400/2341/2816
f 6402/2342/2817 6403/2418/2817 6404/2343/2817
f 6406/2314/2818 6407/2345/2818 6408/2344/2818
f 6410/2345/2819 6411/2419/2819 6412/2346/2819
f 6414/2314/2872 6415/2348/2872 6416/2347/2872
f 6418/2348/2821 6419/2420/2821 6420/2349/2821
f 6422/2314/2822 6423/2351/2822 6424/2350/2822
f 6426/2351/2823 6427/2421/2823 6428/2352/2823
f 6430/2314/2824 6431/2354/2824 6432/2353/2824
f 6434/2354/2825 6435/2422/2825 6436/2355/2825
f 6438/2314/2826 6439/2357/2826 6440/2356/2826
f 6442/2357/2827 6443/2423/2827 6444/2358/2827
f 6446/2314/2828 6447/2360/2828 6448/2359/2828
f 6450/2360/2829 6451/2424/2829 6452/2361/2829
f 6454/2314/2830 6455/2363/2830 6456/2362/2830
f 6458/2363/2873 6459/2425/2873 6460/2364/2873
f 6462/2314/2832 6463/2366/2832 6464/2365/2832
f 6466/2366/2874 6467/2426/2874 6468/2367/2874
f 6470/2314/2834 6471/2369/2834 6472/2368/2834
f 6474/2369/2875 6475/2427/2875 6476/2370/2875
f 6478/2314/2876 6479/2372/2876 6480/2371/2876
f 6482/2372/2877 6483/2428/2877 6484/2373/2877
f 6486/2314/2838 6487/2375/2838 6488/2374/2838
f 6490/2375/2839 6491/2429/2839 6492/2376/2839
f 6494/2314/2878 6495/2378/2878 6496/2377/2878
f 6498/2378/2879 6499/2430/2879 6500/2379/2879
f 6502/2314/2842 6503/2381/2842 6504/2380/2842
f 6506/2381/2880 6507/2431/2880 6508/2382/2880
f 6510/2314/2844 6511/2384/2844 6512/2383/2844
f 6514/2384/2845 6515/2432/2845 6516/2385/2845
f 6518/2314/2881 6519/2387/2881 6520/2386/2881
f 6522/2387/2847 6523/2433/2847 6524/2388/2847
f 6526/2314/2848 6527/2390/2848 6528/2389/2848
f 6530/2390/2849 6531/2434/2849 6532/2391/2849
f 6534/2314/2850 6535/2435/2850 6536/2392/2850
f 6538/2314/2851 6539/2436/2851 6540/2393/2851
f 6542/2314/2852 6543/2437/2852 6544/2394/2852
f 6546/2314/2853 6547/2438/2853 6548/2395/2853
f 6550/2314/2854 6551/2439/2854 6552/2396/2854
f 6554/2314/2855 6555/2440/2855 6556/2397/2855
f 6558/2314/2882 6559/2441/2882 6560/2398/2882
f 6562/2314/2857 6563/2442/2857 6564/2399/2857
f 6566/2314/2883 6567/2443/2883 6568/2400/2883
f 6570/2314/2859 6571/2444/2859 6572/2401/2859
f 6574/962/2884 6573/859/2884 6576/2301/2884
f 6578/2302/2885 6577/2301/2885 6580/2303/2885
f 6582/2304/2886 6581/2303/2886 6584/2305/2886
f 6586/2306/2887 6585/2305/2887 6588/2307/2887
f 6590/2308/2888 6589/2307/2888 6592/2309/2888
f 6594/2310/2889 6593/2309/2889 6596/2311/2889
f 6598/2312/2890 6597/2311/2890 6600/2313/2890
f 6602/2314/2891 6601/2316/2891 6604/2315/2891
f 6606/2314/2892 6605/2316/2892 6608/2317/2892
f 6610/2314/2893 6609/2316/2893 6612/2318/2893
f 6614/2314/2894 6613/2316/2894 6616/2319/2894
f 6618/2314/2895 6617/2316/2895 6620/2320/2895
f 6622/2314/2896 6621/2316/2896 6624/2321/2896
f 6626/2314/2897 6625/2316/2897 6628/2322/2897
f 6630/2314/2898 6629/2316/2898 6632/2323/2898
f 6634/2314/2899 6633/2316/2899 6636/2324/2899
f 6638/2314/2900 6637/2316/2900 6640/2325/2900
f 6642/2314/2901 6641/2316/2901 6644/2326/2901
f 6646/2327/2902 6645/2326/2902 6648/2328/2902
f 6650/2314/2903 6649/2316/2903 6652/2329/2903
f 6654/2330/2904 6653/2329/2904 6656/2331/2904
f 6658/2314/2905 6657/2316/2905 6660/2332/2905
f 6662/2333/2906 6661/2332/2906 6664/2334/2906
f 6666/2314/2907 6665/2316/2907 6668/2335/2907
f 6670/2336/2908 6669/2335/2908 6672/2337/2908
f 6674/2314/2909 6673/2316/2909 6676/2338/2909
f 6678/2339/2910 6677/2338/2910 6680/2340/2910
f 6682/2314/2911 6681/2316/2911 6684/2341/2911
f 6686/2342/2912 6685/2341/2912 6688/2343/2912
f 6690/2314/2913 6689/2316/2913 6692/2344/2913
f 6694/2345/2914 6693/2344/2914 6696/2346/2914
f 6698/2314/2915 6697/2316/2915 6700/2347/2915
f 6702/2348/2916 6701/2347/2916 6704/2349/2916
f 6706/2314/2917 6705/2316/2917 6708/2350/2917
f 6710/2351/2918 6709/2350/2918 6712/2352/2918
f 6714/2314/2919 6713/2316/2919 6716/2353/2919
f 6718/2354/2920 6717/2353/2920 6720/2355/2920
f 6722/2314/2921 6721/2316/2921 6724/2356/2921
f 6726/2357/2922 6725/2356/2922 6728/2358/2922
f 6730/2314/2923 6729/2316/2923 6732/2359/2923
f 6734/2360/2924 6733/2359/2924 6736/2361/2924
f 6738/2314/2925 6737/2316/2925 6740/2362/2925
f 6742/2363/2926 6741/2362/2926 6744/2364/2926
f 6746/2314/2927 6745/2316/2927 6748/2365/2927
f 6750/2366/2928 6749/2365/2928 6752/2367/2928
f 6754/2314/2929 6753/2316/2929 6756/2368/2929
f 6758/2369/2930 6757/2368/2930 6760/2370/2930
f 6762/2314/2931 6761/2316/2931 6764/2371/2931
f 6766/2372/2932 6765/2371/2932 6768/2373/2932
f 6770/2314/2933 6769/2316/2933 6772/2374/2933
f 6774/2375/2934 6773/2374/2934 6776/2376/2934
f 6778/2314/2935 6777/2316/2935 6780/2377/2935
f 6782/2378/2936 6781/2377/2936 6784/2379/2936
f 6786/2314/2937 6785/2316/2937 6788/2380/2937
f 6790/2381/2938 6789/2380/2938 6792/2382/2938
f 6794/2314/2939 6793/2316/2939 6796/2383/2939
f 6798/2384/2940 6797/2383/2940 6800/2385/2940
f 6802/2314/2941 6801/2316/2941 6804/2386/2941
f 6806/2387/2942 6805/2386/2942 6808/2388/2942
f 6810/2314/2943 6809/2316/2943 6812/2389/2943
f 6814/2390/2944 6813/2389/2944 6816/2391/2944
f 6818/2314/2945 6817/2316/2945 6820/2392/2945
f 6822/2314/2946 6821/2316/2946 6824/2393/2946
f 6826/2314/2947 6825/2316/2947 6828/2394/2947
f 6830/2314/2948 6829/2316/2948 6832/2395/2948
f 6834/2314/2949 6833/2316/2949 6836/2396/2949
f 6838/2314/2950 6837/2316/2950 6840/2397/2950
f 6842/2314/2951 6841/2316/2951 6844/2398/2951
f 6846/2314/2952 6845/2316/2952 6848/2399/2952
f 6850/2314/2953 6849/2316/2953 6852/2400/2953
f 6854/2314/2954 6853/2316/2954 6856/2401/2954
f 6574/962/2955 6576/2301/2955 6575/2302/2955
f 6578/2302/2956 6580/2303/2956 6579/2304/2956
f 6582/2304/2957 6584/2305/2957 6583/2306/2957
f 6586/2306/2958 6588/2307/2958 6587/2308/2958
f 6590/2308/2959 6592/2309/2959 6591/2310/2959
f 6594/2310/2960 6596/2311/2960 6595/2312/2960
f 6598/2312/2961 6600/2313/2961 6599/2402/2961
f 6602/2314/2962 6604/2315/2962 6603/2403/2962
f 6606/2314/2892 6608/2317/2892 6607/2404/2892
f 6610/2314/2893 6612/2318/2893 6611/2405/2893
f 6614/2314/2894 6616/2319/2894 6615/2406/2894
f 6618/2314/2895 6620/2320/2895 6619/2407/2895
f 6622/2314/2896 6624/2321/2896 6623/2408/2896
f 6626/2314/2897 6628/2322/2897 6627/2409/2897
f 6630/2314/2963 6632/2323/2963 6631/2410/2963
f 6634/2314/2899 6636/2324/2899 6635/2411/2899
f 6638/2314/2964 6640/2325/2964 6639/2412/2964
f 6642/2314/2901 6644/2326/2901 6643/2327/2901
f 6646/2327/2965 6648/2328/2965 6647/2413/2965
f 6650/2314/2903 6652/2329/2903 6651/2330/2903
f 6654/2330/2904 6656/2331/2904 6655/2414/2904
f 6658/2314/2905 6660/2332/2905 6659/2333/2905
f 6662/2333/2906 6664/2334/2906 6663/2415/2906
f 6666/2314/2907 6668/2335/2907 6667/2336/2907
f 6670/2336/2966 6672/2337/2966 6671/2416/2966
f 6674/2314/2909 6676/2338/2909 6675/2339/2909
f 6678/2339/2910 6680/2340/2910 6679/2417/2910
f 6682/2314/2911 6684/2341/2911 6683/2342/2911
f 6686/2342/2912 6688/2343/2912 6687/2418/2912
f 6690/2314/2913 6692/2344/2913 6691/2345/2913
f 6694/2345/2914 6696/2346/2914 6695/2419/2914
f 6698/2314/2967 6700/2347/2967 6699/2348/2967
f 6702/2348/2916 6704/2349/2916 6703/2420/2916
f 6706/2314/2917 6708/2350/2917 6707/2351/2917
f 6710/2351/2918 6712/2352/2918 6711/2421/2918
f 6714/2314/2919 6716/2353/2919 6715/2354/2919
f 6718/2354/2920 6720/2355/2920 6719/2422/2920
f 6722/2314/2921 6724/2356/2921 6723/2357/2921
f 6726/2357/2922 6728/2358/2922 6727/2423/2922
f 6730/2314/2923 6732/2359/2923 6731/2360/2923
f 6734/2360/2924 6736/2361/2924 6735/2424/2924
f 6738/2314/2925 6740/2362/2925 6739/2363/2925
f 6742/2363/2968 6744/2364/2968 6743/2425/2968
f 6746/2314/2927 6748/2365/2927 6747/2366/2927
f 6750/2366/2969 6752/2367/2969 6751/2426/2969
f 6754/2314/2929 6756/2368/2929 6755/2369/2929
f 6758/2369/2970 6760/2370/2970 6759/2427/2970
f 6762/2314/2971 6764/2371/2971 6763/2372/2971
f 6766/2372/2972 6768/2373/2972 6767/2428/2972
f 6770/2314/2933 6772/2374/2933 6771/2375/2933
f 6774/2375/2934 6776/2376/2934 6775/2429/2934
f 6778/2314/2973 6780/2377/2973 6779/2378/2973
f 6782/2378/2974 6784/2379/2974 6783/2430/2974
f 6786/2314/2937 6788/2380/2937 6787/2381/2937
f 6790/2381/2975 6792/2382/2975 6791/2431/2975
f 6794/2314/2939 6796/2383/2939 6795/2384/2939
f 6798/2384/2940 6800/2385/2940 6799/2432/2940
f 6802/2314/2976 6804/2386/2976 6803/2387/2976
f 6806/2387/2942 6808/2388/2942 6807/2433/2942
f 6810/2314/2943 6812/2389/2943 6811/2390/2943
f 6814/2390/2944 6816/2391/2944 6815/2434/2944
f 6818/2314/2945 6820/2392/2945 6819/2435/2945
f 6822/2314/2946 6824/2393/2946 6823/2436/2946
f 6826/2314/2947 6828/2394/2947 6827/2437/2947
f 6830/2314/2948 6832/2395/2948 6831/2438/2948
f 6834/2314/2949 6836/2396/2949 6835/2439/2949
f 6838/2314/2950 6840/2397/2950 6839/2440/2950
f 6842/2314/2977 6844/2398/2977 6843/2441/2977
f 6846/2314/2952 6848/2399/2952 6847/2442/2952
f 6850/2314/2978 6852/2400/2978 6851/2443/2978
f 6854/2314/2954 6856/2401/2954 6855/2444/2954
f 6858/962/2979 6860/2445/2979 6857/859/2979
f 6862/2446/2980 6864/2447/2980 6861/2445/2980
f 6866/2448/2981 6868/2449/2981 6865/2447/2981
f 6870/2450/2982 6872/2451/2982 6869/2449/2982
f 6874/2452/2983 6876/2453/2983 6873/2451/2983
f 6878/2454/2984 6880/2455/2984 6877/2453/2984
f 6882/2456/2985 6884/2457/2985 6881/2455/2985
f 6886/2458/2986 6888/2459/2986 6885/2460/2986
f 6890/2458/2987 6892/2461/2987 6889/2460/2987
f 6894/2458/2988 6896/2462/2988 6893/2460/2988
f 6898/2458/2989 6900/2463/2989 6897/2460/2989
f 6902/2458/2990 6904/2464/2990 6901/2460/2990
f 6906/2458/2991 6908/2465/2991 6905/2460/2991
f 6910/2458/2992 6912/2466/2992 6909/2460/2992
f 6914/2458/2993 6916/2467/2993 6913/2460/2993
f 6918/2458/2994 6920/2468/2994 6917/2460/2994
f 6922/2458/2995 6924/2469/2995 6921/2460/2995
f 6926/2458/2996 6928/2470/2996 6925/2460/2996
f 6930/2471/2997 6932/2472/2997 6929/2470/2997
f 6934/2458/2998 6936/2473/2998 6933/2460/2998
f 6938/2474/2999 6940/2475/2999 6937/2473/2999
f 6942/2458/3000 6944/2476/3000 6941/2460/3000
f 6946/2477/3001 6948/2478/3001 6945/2476/3001
f 6950/2458/3002 6952/2479/3002 6949/2460/3002
f 6954/2480/3003 6956/2481/3003 6953/2479/3003
f 6958/2458/3004 6960/2482/3004 6957/2460/3004
f 6962/2483/3005 6964/2484/3005 6961/2482/3005
f 6966/2458/3006 6968/2485/3006 6965/2460/3006
f 6970/2486/3007 6972/2487/3007 6969/2485/3007
f 6974/2458/3008 6976/2488/3008 6973/2460/3008
f 6978/2489/3009 6980/2490/3009 6977/2488/3009
f 6982/2458/3010 6984/2491/3010 6981/2460/3010
f 6986/2492/3011 6988/2493/3011 6985/2491/3011
f 6990/2458/3012 6992/2494/3012 6989/2460/3012
f 6994/2495/3013 6996/2496/3013 6993/2494/3013
f 6998/2458/3014 7000/2497/3014 6997/2460/3014
f 7002/2498/3015 7004/2499/3015 7001/2497/3015
f 7006/2458/3016 7008/2500/3016 7005/2460/3016
f 7010/2501/3017 7012/2502/3017 7009/2500/3017
f 7014/2458/3018 7016/2503/3018 7013/2460/3018
f 7018/2504/3019 7020/2505/3019 7017/2503/3019
f 7022/2458/3020 7024/2506/3020 7021/2460/3020
f 7026/2507/3021 7028/2508/3021 7025/2506/3021
f 7030/2458/3022 7032/2509/3022 7029/2460/3022
f 7034/2510/3023 7036/2511/3023 7033/2509/3023
f 7038/2458/3024 7040/2512/3024 7037/2460/3024
f 7042/2513/3025 7044/2514/3025 7041/2512/3025
f 7046/2458/3026 7048/2515/3026 7045/2460/3026
f 7050/2516/3027 7052/2517/3027 7049/2515/3027
f 7054/2458/3028 7056/2518/3028 7053/2460/3028
f 7058/2519/3029 7060/2520/3029 7057/2518/3029
f 7062/2458/3030 7064/2521/3030 7061/2460/3030
f 7066/2522/3031 7068/2523/3031 7065/2521/3031
f 7070/2458/3032 7072/2524/3032 7069/2460/3032
f 7074/2525/3033 7076/2526/3033 7073/2524/3033
f 7078/2458/3034 7080/2527/3034 7077/2460/3034
f 7082/2528/3035 7084/2529/3035 7081/2527/3035
f 7086/2458/3036 7088/2530/3036 7085/2460/3036
f 7090/2531/3037 7092/2532/3037 7089/2530/3037
f 7094/2458/3038 7096/2533/3038 7093/2460/3038
f 7098/2534/3039 7100/2535/3039 7097/2533/3039
f 7102/2458/3040 7104/2536/3040 7101/2460/3040
f 7106/2458/3041 7108/2537/3041 7105/2460/3041
f 7110/2458/3042 7112/2538/3042 7109/2460/3042
f 7114/2458/3043 7116/2539/3043 7113/2460/3043
f 7118/2458/3044 7120/2540/3044 7117/2460/3044
f 7122/2458/3045 7124/2541/3045 7121/2460/3045
f 7126/2458/3046 7128/2542/3046 7125/2460/3046
f 7130/2458/3047 7132/2543/3047 7129/2460/3047
f 7134/2458/3048 7136/2544/3048 7133/2460/3048
f 7138/2458/3049 7140/2545/3049 7137/2460/3049
f 6858/962/3050 6859/2446/3050 6860/2445/3050
f 6862/2446/3051 6863/2448/3051 6864/2447/3051
f 6866/2448/3052 6867/2450/3052 6868/2449/3052
f 6870/2450/3053 6871/2452/3053 6872/2451/3053
f 6874/2452/3054 6875/2454/3054 6876/2453/3054
f 6878/2454/3055 6879/2456/3055 6880/2455/3055
f 6882/2456/3056 6883/2546/3056 6884/2457/3056
f 6886/2458/2986 6887/2547/2986 6888/2459/2986
f 6890/2458/3057 6891/2548/3057 6892/2461/3057
f 6894/2458/3058 6895/2549/3058 6896/2462/3058
f 6898/2458/3059 6899/2550/3059 6900/2463/3059
f 6902/2458/3060 6903/2551/3060 6904/2464/3060
f 6906/2458/2991 6907/2552/2991 6908/2465/2991
f 6910/2458/2992 6911/2553/2992 6912/2466/2992
f 6914/2458/2993 6915/2554/2993 6916/2467/2993
f 6918/2458/3061 6919/2555/3061 6920/2468/3061
f 6922/2458/3062 6923/2556/3062 6924/2469/3062
f 6926/2458/2996 6927/2471/2996 6928/2470/2996
f 6930/2471/2997 6931/2557/2997 6932/2472/2997
f 6934/2458/2998 6935/2474/2998 6936/2473/2998
f 6938/2474/2999 6939/2558/2999 6940/2475/2999
f 6942/2458/3000 6943/2477/3000 6944/2476/3000
f 6946/2477/3001 6947/2559/3001 6948/2478/3001
f 6950/2458/3002 6951/2480/3002 6952/2479/3002
f 6954/2480/3003 6955/2560/3003 6956/2481/3003
f 6958/2458/3004 6959/2483/3004 6960/2482/3004
f 6962/2483/3005 6963/2561/3005 6964/2484/3005
f 6966/2458/3006 6967/2486/3006 6968/2485/3006
f 6970/2486/3007 6971/2562/3007 6972/2487/3007
f 6974/2458/3008 6975/2489/3008 6976/2488/3008
f 6978/2489/3009 6979/2563/3009 6980/2490/3009
f 6982/2458/3010 6983/2492/3010 6984/2491/3010
f 6986/2492/3011 6987/2564/3011 6988/2493/3011
f 6990/2458/3012 6991/2495/3012 6992/2494/3012
f 6994/2495/3013 6995/2565/3013 6996/2496/3013
f 6998/2458/3014 6999/2498/3014 7000/2497/3014
f 7002/2498/3015 7003/2566/3015 7004/2499/3015
f 7006/2458/3063 7007/2501/3063 7008/2500/3063
f 7010/2501/3017 7011/2567/3017 7012/2502/3017
f 7014/2458/3018 7015/2504/3018 7016/2503/3018
f 7018/2504/3019 7019/2568/3019 7020/2505/3019
f 7022/2458/3020 7023/2507/3020 7024/2506/3020
f 7026/2507/3021 7027/2569/3021 7028/2508/3021
f 7030/2458/3064 7031/2510/3064 7032/2509/3064
f 7034/2510/3023 7035/2570/3023 7036/2511/3023
f 7038/2458/3024 7039/2513/3024 7040/2512/3024
f 7042/2513/3025 7043/2571/3025 7044/2514/3025
f 7046/2458/3026 7047/2516/3026 7048/2515/3026
f 7050/2516/3027 7051/2572/3027 7052/2517/3027
f 7054/2458/3028 7055/2519/3028 7056/2518/3028
f 7058/2519/3029 7059/2573/3029 7060/2520/3029
f 7062/2458/3030 7063/2522/3030 7064/2521/3030
f 7066/2522/3031 7067/2574/3031 7068/2523/3031
f 7070/2458/3032 7071/2525/3032 7072/2524/3032
f 7074/2525/3065 7075/2575/3065 7076/2526/3065
f 7078/2458/3034 7079/2528/3034 7080/2527/3034
f 7082/2528/3035 7083/2576/3035 7084/2529/3035
f 7086/2458/3036 7087/2531/3036 7088/2530/3036
f 7090/2531/3066 7091/2577/3066 7092/2532/3066
f 7094/2458/3038 7095/2534/3038 7096/2533/3038
f 7098/2534/3067 7099/2578/3067 7100/2535/3067
f 7102/2458/3040 7103/2579/3040 7104/2536/3040
f 7106/2458/3041 7107/2580/3041 7108/2537/3041
f 7110/2458/3042 7111/2581/3042 7112/2538/3042
f 7114/2458/3068 7115/2582/3068 7116/2539/3068
f 7118/2458/3069 7119/2583/3069 7120/2540/3069
f 7122/2458/3045 7123/2584/3045 7124/2541/3045
f 7126/2458/3046 7127/2585/3046 7128/2542/3046
f 7130/2458/3047 7131/2586/3047 7132/2543/3047
f 7134/2458/3048 7135/2587/3048 7136/2544/3048
f 7138/2458/3070 7139/2588/3070 7140/2545/3070
f 7142/962/3071 7141/859/3071 7144/2445/3071
f 7146/2446/3072 7145/2445/3072 7148/2447/3072
f 7150/2448/3073 7149/2447/3073 7152/2449/3073
f 7154/2450/3074 7153/2449/3074 7156/2451/3074
f 7158/2452/3075 7157/2451/3075 7160/2453/3075
f 7162/2454/3076 7161/2453/3076 7164/2455/3076
f 7166/2456/3077 7165/2455/3077 7168/2457/3077
f 7170/2458/3078 7169/2460/3078 7172/2459/3078
f 7174/2458/3079 7173/2460/3079 7176/2461/3079
f 7178/2458/3080 7177/2460/3080 7180/2462/3080
f 7182/2458/3081 7181/2460/3081 7184/2463/3081
f 7186/2458/3082 7185/2460/3082 7188/2464/3082
f 7190/2458/3083 7189/2460/3083 7192/2465/3083
f 7194/2458/3084 7193/2460/3084 7196/2466/3084
f 7198/2458/3085 7197/2460/3085 7200/2467/3085
f 7202/2458/3086 7201/2460/3086 7204/2468/3086
f 7206/2458/3087 7205/2460/3087 7208/2469/3087
f 7210/2458/3088 7209/2460/3088 7212/2470/3088
f 7214/2471/3089 7213/2470/3089 7216/2472/3089
f 7218/2458/3090 7217/2460/3090 7220/2473/3090
f 7222/2474/3091 7221/2473/3091 7224/2475/3091
f 7226/2458/3092 7225/2460/3092 7228/2476/3092
f 7230/2477/3093 7229/2476/3093 7232/2478/3093
f 7234/2458/3094 7233/2460/3094 7236/2479/3094
f 7238/2480/3095 7237/2479/3095 7240/2481/3095
f 7242/2458/3096 7241/2460/3096 7244/2482/3096
f 7246/2483/3097 7245/2482/3097 7248/2484/3097
f 7250/2458/3098 7249/2460/3098 7252/2485/3098
f 7254/2486/3099 7253/2485/3099 7256/2487/3099
f 7258/2458/3100 7257/2460/3100 7260/2488/3100
f 7262/2489/3101 7261/2488/3101 7264/2490/3101
f 7266/2458/3102 7265/2460/3102 7268/2491/3102
f 7270/2492/3103 7269/2491/3103 7272/2493/3103
f 7274/2458/3104 7273/2460/3104 7276/2494/3104
f 7278/2495/3105 7277/2494/3105 7280/2496/3105
f 7282/2458/3106 7281/2460/3106 7284/2497/3106
f 7286/2498/3107 7285/2497/3107 7288/2499/3107
f 7290/2458/3108 7289/2460/3108 7292/2500/3108
f 7294/2501/3109 7293/2500/3109 7296/2502/3109
f 7298/2458/3110 7297/2460/3110 7300/2503/3110
f 7302/2504/3111 7301/2503/3111 7304/2505/3111
f 7306/2458/3112 7305/2460/3112 7308/2506/3112
f 7310/2507/3113 7309/2506/3113 7312/2508/3113
f 7314/2458/3114 7313/2460/3114 7316/2509/3114
f 7318/2510/3115 7317/2509/3115 7320/2511/3115
f 7322/2458/3116 7321/2460/3116 7324/2512/3116
f 7326/2513/3117 7325/2512/3117 7328/2514/3117
f 7330/2458/3118 7329/2460/3118 7332/2515/3118
f 7334/2516/3119 7333/2515/3119 7336/2517/3119
f 7338/2458/3120 7337/2460/3120 7340/2518/3120
f 7342/2519/3121 7341/2518/3121 7344/2520/3121
f 7346/2458/3122 7345/2460/3122 7348/2521/3122
f 7350/2522/3123 7349/2521/3123 7352/2523/3123
f 7354/2458/3124 7353/2460/3124 7356/2524/3124
f 7358/2525/3125 7357/2524/3125 7360/2526/3125
f 7362/2458/3126 7361/2460/3126 7364/2527/3126
f 7366/2528/3127 7365/2527/3127 7368/2529/3127
f 7370/2458/3128 7369/2460/3128 7372/2530/3128
f 7374/2531/3129 7373/2530/3129 7376/2532/3129
f 7378/2458/3130 7377/2460/3130 7380/2533/3130
f 7382/2534/3131 7381/2533/3131 7384/2535/3131
f 7386/2458/3132 7385/2460/3132 7388/2536/3132
f 7390/2458/3133 7389/2460/3133 7392/2537/3133
f 7394/2458/3134 7393/2460/3134 7396/2538/3134
f 7398/2458/3135 7397/2460/3135 7400/2539/3135
f 7402/2458/3136 7401/2460/3136 7404/2540/3136
f 7406/2458/3137 7405/2460/3137 7408/2541/3137
f 7410/2458/3138 7409/2460/3138 7412/2542/3138
f 7414/2458/3139 7413/2460/3139 7416/2543/3139
f 7418/2458/3140 7417/2460/3140 7420/2544/3140
f 7422/2458/3141 7421/2460/3141 7424/2545/3141
f 7142/962/3142 7144/2445/3142 7143/2446/3142
f 7146/2446/3143 7148/2447/3143 7147/2448/3143
f 7150/2448/3144 7152/2449/3144 7151/2450/3144
f 7154/2450/3145 7156/2451/3145 7155/2452/3145
f 7158/2452/3146 7160/2453/3146 7159/2454/3146
f 7162/2454/3147 7164/2455/3147 7163/2456/3147
f 7166/2456/3148 7168/2457/3148 7167/2546/3148
f 7170/2458/3078 7172/2459/3078 7171/2547/3078
f 7174/2458/3149 7176/2461/3149 7175/2548/3149
f 7178/2458/3150 7180/2462/3150 7179/2549/3150
f 7182/2458/3151 7184/2463/3151 7183/2550/3151
f 7186/2458/3152 7188/2464/3152 7187/2551/3152
f 7190/2458/3083 7192/2465/3083 7191/2552/3083
f 7194/2458/3084 7196/2466/3084 7195/2553/3084
f 7198/2458/3085 7200/2467/3085 7199/2554/3085
f 7202/2458/3153 7204/2468/3153 7203/2555/3153
f 7206/2458/3154 7208/2469/3154 7207/2556/3154
f 7210/2458/3088 7212/2470/3088 7211/2471/3088
f 7214/2471/3089 7216/2472/3089 7215/2557/3089
f 7218/2458/3090 7220/2473/3090 7219/2474/3090
f 7222/2474/3091 7224/2475/3091 7223/2558/3091
f 7226/2458/3092 7228/2476/3092 7227/2477/3092
f 7230/2477/3093 7232/2478/3093 7231/2559/3093
f 7234/2458/3094 7236/2479/3094 7235/2480/3094
f 7238/2480/3095 7240/2481/3095 7239/2560/3095
f 7242/2458/3096 7244/2482/3096 7243/2483/3096
f 7246/2483/3097 7248/2484/3097 7247/2561/3097
f 7250/2458/3098 7252/2485/3098 7251/2486/3098
f 7254/2486/3099 7256/2487/3099 7255/2562/3099
f 7258/2458/3100 7260/2488/3100 7259/2489/3100
f 7262/2489/3101 7264/2490/3101 7263/2563/3101
f 7266/2458/3102 7268/2491/3102 7267/2492/3102
f 7270/2492/3103 7272/2493/3103 7271/2564/3103
f 7274/2458/3104 7276/2494/3104 7275/2495/3104
f 7278/2495/3105 7280/2496/3105 7279/2565/3105
f 7282/2458/3106 7284/2497/3106 7283/2498/3106
f 7286/2498/3107 7288/2499/3107 7287/2566/3107
f 7290/2458/3155 7292/2500/3155 7291/2501/3155
f 7294/2501/3109 7296/2502/3109 7295/2567/3109
f 7298/2458/3110 7300/2503/3110 7299/2504/3110
f 7302/2504/3111 7304/2505/3111 7303/2568/3111
f 7306/2458/3112 7308/2506/3112 7307/2507/3112
f 7310/2507/3113 7312/2508/3113 7311/2569/3113
f 7314/2458/3114 7316/2509/3114 7315/2510/3114
f 7318/2510/3115 7320/2511/3115 7319/2570/3115
f 7322/2458/3116 7324/2512/3116 7323/2513/3116
f 7326/2513/3117 7328/2514/3117 7327/2571/3117
f 7330/2458/3118 7332/2515/3118 7331/2516/3118
f 7334/2516/3119 7336/2517/3119 7335/2572/3119
f 7338/2458/3120 7340/2518/3120 7339/2519/3120
f 7342/2519/3121 7344/2520/3121 7343/2573/3121
f 7346/2458/3122 7348/2521/3122 7347/2522/3122
f 7350/2522/3123 7352/2523/3123 7351/2574/3123
f 7354/2458/3124 7356/2524/3124 7355/2525/3124
f 7358/2525/3156 7360/2526/3156 7359/2575/3156
f 7362/2458/3126 7364/2527/3126 7363/2528/3126
f 7366/2528/3127 7368/2529/3127 7367/2576/3127
f 7370/2458/3128 7372/2530/3128 7371/2531/3128
f 7374/2531/3157 7376/2532/3157 7375/2577/3157
f 7378/2458/3130 7380/2533/3130 7379/2534/3130
f 7382/2534/3158 7384/2535/3158 7383/2578/3158
f 7386/2458/3132 7388/2536/3132 7387/2579/3132
f 7390/2458/3133 7392/2537/3133 7391/2580/3133
f 7394/2458/3134 7396/2538/3134 7395/2581/3134
f 7398/2458/3159 7400/2539/3159 7399/2582/3159
f 7402/2458/3160 7404/2540/3160 7403/2583/3160
f 7406/2458/3137 7408/2541/3137 7407/2584/3137
f 7410/2458/3138 7412/2542/3138 7411/2585/3138
f 7414/2458/3139 7416/2543/3139 7415/2586/3139
f 7418/2458/3140 7420/2544/3140 7419/2587/3140
f 7422/2458/3161 7424/2545/3161 7423/2588/3161
