# Blender 5.0.1
# www.blender.org
o rock_rubble_b
v 0.560709 0.257881 -0.510362
v -0.080565 0.266952 -0.444688
v 0.406146 0.117998 -0.517518
v -0.263163 0.157055 0.012415
v 0.607238 0.236366 -0.493557
v 0.760795 0.244006 0.695758
v 0.055532 0.088654 -0.368930
v 0.020911 0.085586 0.452286
v 0.465095 0.146952 -0.525378
v 0.506914 0.186836 -0.532416
v 0.538900 0.224461 -0.526580
v 0.904977 0.183893 0.626220
v 0.909012 0.298988 0.577465
v 0.615025 0.334702 0.685827
v -0.110530 0.075974 0.322327
v 0.600884 0.183385 -0.487164
v 0.901358 0.337621 0.527236
v -0.204592 0.092163 0.189437
v 0.619260 0.276840 -0.471887
v 0.023617 0.266024 -0.516936
v 0.102675 0.265269 -0.565162
v 0.198835 0.264135 -0.600032
v 0.303897 0.262619 -0.607264
v 0.404061 0.260936 -0.587809
v 0.489379 0.259310 -0.549868
v -0.165703 0.079423 0.254641
v -0.008909 0.173659 -0.422516
v -0.046102 0.206764 -0.436328
v -0.068764 0.237489 -0.444746
v 0.316410 0.453424 -0.363412
v 0.364181 0.428933 -0.410519
v 0.411943 0.397676 -0.448570
v 0.455841 0.362082 -0.474364
v 0.453457 0.297200 -0.548989
v 0.005885 0.365018 -0.414727
v 0.088223 0.421747 -0.380005
v 0.598510 0.445330 -0.142967
v 0.704914 0.441716 -0.069200
v 0.838483 0.215520 0.663342
v 0.890718 0.373885 0.468436
v 0.826056 0.270367 0.648409
v -0.230696 0.114492 0.121967
v 0.241111 0.103200 0.667673
v 0.332683 0.124831 0.732533
v 0.421211 0.156778 0.776212
v 0.504310 0.200345 0.793621
v 0.615504 0.373362 0.619942
v -0.229782 0.131205 -0.032995
v -0.279098 0.168171 -0.182594
v -0.278061 0.185107 -0.261702
v -0.248172 0.206652 -0.328322
v -0.198447 0.229106 -0.375636
v -0.145314 0.249475 -0.409003
v -0.332221 0.269303 -0.258036
v -0.186033 0.090213 0.010240
v -0.141324 0.052403 -0.107853
v 0.206246 0.007148 0.413844
v 0.099100 0.015141 0.306603
v -0.144193 0.285720 -0.408706
v -0.196038 0.307140 -0.374764
v -0.244203 0.330316 -0.326495
v 0.382992 0.000515 0.531847
v 0.017592 0.020469 0.231794
v 0.713349 0.486519 0.168576
v 0.800578 0.446151 0.097625
v -0.116651 0.037923 0.030469
v 0.734582 0.200032 0.714127
v 0.691158 0.151476 0.715780
v 0.630780 0.101869 0.696868
v 0.557002 0.055757 0.656577
v 0.475366 0.018399 0.595809
v -0.303451 0.306655 -0.289825
v -0.338243 0.239502 -0.213160
v -0.045097 0.025621 0.166711
v -0.135493 0.059525 0.144128
v -0.184654 0.085749 0.096618
v -0.215909 0.112536 0.053923
v 0.493796 0.001519 0.559391
v 0.624323 0.006118 0.561436
v 0.865566 0.420174 0.349992
v 0.838324 0.442551 0.237653
v 0.818196 0.446696 0.161711
v 0.911642 0.243417 0.617440
v 0.719793 0.287196 0.689554
v 0.729654 0.046623 0.596210
v 0.785470 0.082242 0.615909
v 0.112042 0.065511 0.496596
v 0.163409 0.031471 0.456241
v -0.325672 0.215321 -0.157625
v 0.669963 0.244979 0.739538
v 0.562806 0.246307 0.779974
v 0.857906 0.132002 0.626771
v 0.664457 0.008392 0.554023
v -0.091863 0.069729 -0.247581
v 0.306320 0.115609 -0.529807
v 0.724027 0.419291 -0.167277
v 0.705518 0.406933 -0.228535
v 0.646766 0.334000 -0.403005
v 0.746787 0.428451 -0.089595
v 0.686933 0.389335 -0.286967
v 0.665284 0.363171 -0.351654
v 0.630980 0.305794 -0.445264
v 0.600008 0.293849 0.739414
v 0.040788 0.052729 0.388845
v -0.046198 0.046530 0.278332
v 0.087935 0.025797 0.342528
v 0.153443 0.092158 0.588695
v 0.216956 0.043927 0.544905
v 0.284418 0.066443 0.637660
v 0.362127 0.101635 0.718801
v 0.440956 0.147441 0.773043
v 0.282708 0.002955 0.479006
v 0.342192 0.026400 0.582275
v 0.422811 0.056162 0.663079
v 0.503829 0.098356 0.722723
v 0.575900 0.147819 0.754843
v 0.632123 0.198421 0.758810
v 0.775907 0.316494 0.629337
v 0.830663 0.347685 0.556493
v 0.710324 0.361914 0.593183
v 0.754784 0.392702 0.511895
v 0.793530 0.422589 0.421041
v 0.656500 0.437310 0.459525
v 0.811721 0.445961 0.317228
v 0.687280 0.468639 0.362193
v 0.800544 0.457855 0.209089
v 0.687727 0.492053 0.259226
v -0.267410 0.290387 -0.342414
v -0.323595 0.269169 -0.285890
v -0.206377 0.268282 -0.383279
v -0.268645 0.247332 -0.342946
v -0.310833 0.224573 -0.279110
v -0.317766 0.204023 -0.196966
v -0.134380 0.046182 -0.049661
v -0.143438 0.059665 0.058302
v -0.301964 0.191409 -0.090072
v -0.084581 0.030784 0.105340
v -0.282344 0.176678 -0.042753
v 0.609544 0.397923 0.570906
v -0.275338 0.327301 -0.294345
v 0.900237 0.163865 0.620120
v 0.756880 0.113540 0.659425
v 0.807622 0.166140 0.670395
v 0.687690 0.478527 0.066115
v 0.594898 0.491781 0.019003
v 0.767455 0.435674 -0.017786
v 0.634813 0.466623 -0.033233
v 0.477585 0.473297 -0.111782
v 0.378579 0.489211 -0.138729
v -0.160252 0.340314 -0.360658
v -0.064559 0.351220 -0.389509
v -0.115353 0.316775 -0.403385
v -0.214994 0.116275 -0.148003
v -0.212389 0.130289 -0.226871
v -0.130780 0.061369 -0.184512
v -0.209665 0.170646 -0.309553
v -0.125072 0.102606 -0.266137
v -0.165328 0.194830 -0.362736
v -0.070944 0.128757 -0.329310
v -0.035607 0.076997 -0.294064
v -0.118675 0.217636 -0.404393
v -0.063615 0.178447 -0.391827
v 0.008376 0.123551 -0.367779
v 0.627148 0.393490 -0.301759
v 0.563255 0.421198 -0.257236
v 0.496002 0.446202 -0.219340
v 0.583066 0.370544 -0.370176
v 0.530545 0.403075 -0.332969
v 0.478408 0.432848 -0.294879
v 0.354643 0.464838 -0.291941
v 0.579990 0.312683 -0.459851
v 0.540090 0.348259 -0.435647
v 0.494576 0.383269 -0.406462
v 0.447801 0.417207 -0.374773
v 0.397407 0.445401 -0.333683
v 0.269254 0.435852 -0.423159
v 0.172646 0.432315 -0.409961
v 0.318349 0.407629 -0.475529
v 0.214863 0.408634 -0.472771
v 0.120030 0.400633 -0.441183
v 0.368254 0.372434 -0.514694
v 0.263466 0.377431 -0.529306
v 0.158549 0.374382 -0.507271
v 0.070127 0.366183 -0.463069
v 0.414243 0.333556 -0.536854
v 0.314431 0.339641 -0.568289
v 0.204947 0.340808 -0.563919
v 0.105243 0.337136 -0.526534
v -0.041699 0.326242 -0.434974
v 0.362118 0.299315 -0.584873
v 0.255438 0.301934 -0.598077
v 0.149465 0.301979 -0.575643
v 0.059143 0.300093 -0.529777
v -0.066895 0.296112 -0.444248
v 0.056417 0.231239 -0.530229
v 0.146272 0.227471 -0.576172
v 0.099167 0.192989 -0.528104
v 0.061508 0.164001 -0.466324
v 0.251937 0.224515 -0.602761
v 0.197568 0.186257 -0.571845
v 0.147310 0.152391 -0.518919
v 0.116230 0.097782 -0.430477
v 0.361079 0.223110 -0.599548
v 0.309124 0.182623 -0.588898
v 0.253242 0.143907 -0.554517
v 0.199905 0.108312 -0.498094
v 0.458288 0.223416 -0.567709
v 0.416238 0.183439 -0.570234
v 0.365184 0.142539 -0.554045
v 0.601637 0.197946 -0.492425
v 0.248467 0.482993 -0.284526
v 0.191709 0.473572 -0.318330
v 0.302955 0.487848 -0.233291
v 0.668509 0.499342 0.202072
v 0.563684 0.157082 -0.489197
v 0.512028 0.117419 -0.477282
v 0.629381 0.506133 0.120157
v 0.562390 0.503463 0.042826
v 0.435991 0.492287 -0.075876
v -0.233658 0.344266 -0.314016
v -0.187325 0.359816 -0.320666
v -0.056508 0.400677 -0.326882
v 0.127129 0.457903 -0.335478
v 0.067672 0.440374 -0.336619
v 0.685488 0.195083 1.022951
v 0.090674 0.072859 0.532422
v 0.859222 0.203708 0.466051
v 0.097835 0.332901 1.053418
v 0.711458 0.062424 0.884670
v 0.716449 0.096008 0.934043
v 0.711478 0.130963 0.972805
v 0.700065 0.164484 1.001721
v 0.627604 0.175106 1.044544
v 0.438924 0.141930 1.060042
v 0.022028 0.322989 0.687377
v 0.320838 0.229854 1.100922
v 0.376810 0.192723 1.090462
v 0.640005 0.382231 0.767067
v 0.056973 0.367984 1.010251
v 0.631287 0.213253 1.053937
v 0.563767 0.232867 1.076189
v 0.486933 0.252763 1.088397
v 0.405755 0.271849 1.090833
v 0.324904 0.289138 1.083948
v 0.226807 0.308288 1.068985
v 0.855991 0.202407 0.555619
v 0.839553 0.199823 0.700321
v 0.817833 0.187711 0.814102
v 0.788163 0.197816 0.905644
v 0.743012 0.196419 0.974732
v 0.242494 0.270831 1.093717
v 0.687762 0.031612 0.815231
v 0.683371 0.361941 0.838546
v 0.712948 0.335973 0.903576
v 0.726342 0.301711 0.957539
v 0.722227 0.263739 0.993793
v 0.706352 0.227258 1.013817
v 0.840836 0.258999 0.509479
v 0.512625 0.266888 0.164380
v 0.164048 0.352841 1.024956
v 0.312738 0.272588 0.126409
v 0.370992 0.277744 0.130678
v 0.448920 0.286691 0.152245
v 0.504836 0.022141 0.897804
v 0.502096 0.064153 0.977704
v 0.485481 0.000565 0.833466
v 0.500686 0.294994 0.184224
v 0.566060 0.307996 0.244422
v 0.126356 0.372257 1.000925
v 0.202181 0.375627 0.981163
v 0.071071 0.342399 1.042209
v 0.313235 0.259338 0.124305
v 0.455668 0.268040 0.144517
v 0.855853 0.208268 0.415592
v 0.837413 0.240356 0.367295
v 0.798912 0.259774 0.319372
v 0.737350 0.276182 0.283623
v 0.665259 0.288310 0.261547
v 0.598135 0.298054 0.245313
v 0.751888 0.249990 0.278426
v 0.678779 0.328894 0.335536
v 0.708767 0.338179 0.388586
v 0.709128 0.348325 0.465964
v 0.609948 0.258250 0.215346
v 0.804039 0.241152 0.316436
v 0.838512 0.226819 0.363175
v 0.674895 0.362285 0.593394
v 0.535889 0.389622 0.886364
v 0.297647 0.379417 0.952174
v 0.465352 0.387531 0.912840
v 0.658684 0.373264 0.687119
v 0.844839 0.140859 0.583572
v 0.761380 0.064236 0.753598
v 0.858384 0.173518 0.504556
v 0.619494 0.014958 0.836681
v 0.401827 0.267146 0.130915
v 0.535515 0.003702 0.840357
v 0.556836 0.283043 0.203303
v 0.615352 0.270391 0.224987
v 0.679753 0.254813 0.244822
v 0.617196 0.317258 0.284320
v 0.708039 0.307848 0.304573
v 0.738652 0.324804 0.367153
v 0.779309 0.293457 0.337460
v 0.747650 0.333458 0.449140
v 0.795411 0.305799 0.411393
v 0.825817 0.272983 0.385119
v 0.786279 0.311888 0.491524
v 0.826296 0.282164 0.461842
v 0.847335 0.250713 0.437422
v 0.279891 0.329467 1.041837
v 0.320651 0.350432 1.005860
v 0.399540 0.309994 1.063362
v 0.378734 0.374541 0.952991
v 0.488125 0.292475 1.072625
v 0.482214 0.331714 1.033163
v 0.469157 0.364956 0.972617
v 0.574255 0.271752 1.067979
v 0.576654 0.313202 1.039612
v 0.566843 0.351077 0.986877
v 0.546458 0.380279 0.917576
v 0.649011 0.249267 1.047297
v 0.659961 0.289459 1.025550
v 0.657248 0.329130 0.982135
v 0.638080 0.361932 0.918758
v 0.599773 0.388355 0.838820
v 0.703381 0.356194 0.750085
v 0.720884 0.341457 0.611609
v 0.742741 0.334449 0.813215
v 0.754396 0.327747 0.720920
v 0.764831 0.318114 0.608414
v 0.768507 0.303959 0.873533
v 0.787791 0.302356 0.775347
v 0.805050 0.290115 0.586716
v 0.773999 0.267451 0.921449
v 0.804897 0.267715 0.831360
v 0.818534 0.265641 0.738890
v 0.829748 0.260318 0.608852
v 0.762924 0.230326 0.954205
v 0.802433 0.231932 0.873776
v 0.825453 0.235725 0.771216
v 0.854584 0.228996 0.512047
v 0.844244 0.170719 0.663230
v 0.827560 0.136407 0.714386
v 0.814217 0.104509 0.666918
v 0.797089 0.165385 0.866733
v 0.800709 0.131504 0.822068
v 0.794720 0.098133 0.771358
v 0.756509 0.164246 0.944320
v 0.764650 0.129834 0.905810
v 0.764980 0.094884 0.859153
v 0.750508 0.063383 0.803061
v 0.326579 0.251228 1.100910
v 0.408701 0.231737 1.097438
v 0.488304 0.211989 1.086092
v 0.541404 0.158526 1.060081
v 0.562529 0.192866 1.068896
v 0.638657 0.036374 0.895097
v 0.549005 0.019085 0.888101
v 0.649013 0.069036 0.951444
v 0.562103 0.048105 0.949061
v 0.648378 0.105556 0.994498
v 0.567249 0.082879 0.998320
v 0.639759 0.141807 1.024191
v 0.564640 0.119616 1.032215
v 0.480041 0.100437 1.024472
v 0.061820 0.360403 1.023280
v 0.172664 0.096593 -0.228598
v -0.097061 0.033687 -0.026392
v -0.614324 0.028327 -0.044191
v -0.715512 0.198685 -0.286623
v -0.055439 0.070891 0.054447
v -0.509391 0.404617 -0.301809
v -0.606030 0.294501 -0.345928
v -0.261093 0.071197 0.233057
v -0.222682 0.049445 0.185101
v -0.185350 0.040039 0.129327
v -0.132756 0.036946 0.031614
v -0.589415 0.345875 -0.331437
v -0.629763 0.198525 -0.371451
v -0.570639 0.105018 -0.379436
v -0.487051 0.056985 -0.372599
v -0.617386 0.157492 -0.377745
v 0.070202 0.053816 -0.151634
v 0.130968 0.072930 -0.202930
v -0.174806 0.150537 0.315485
v -0.368966 0.032521 -0.353614
v -0.551722 0.415038 -0.222863
v -0.652388 0.048662 -0.009392
v -0.745282 0.099396 -0.130046
v -0.720568 0.075754 -0.089621
v -0.212227 0.027095 -0.322602
v -0.688872 0.057973 -0.048015
v -0.510587 0.427120 -0.197278
v -0.560708 0.017044 -0.042415
v -0.496322 0.009691 -0.040621
v -0.425865 0.005588 -0.038874
v -0.312735 0.000000 0.013446
v -0.591776 0.046890 0.043978
v -0.590464 0.033410 0.008259
v -0.719979 0.232113 -0.266752
v -0.653673 0.321707 -0.285923
v 0.196548 0.114917 -0.219727
v -0.150574 0.018868 -0.039781
v -0.118644 0.012441 -0.149856
v -0.143854 0.012424 -0.217503
v -0.175918 0.019955 -0.283334
v -0.624059 0.357809 -0.286286
v -0.416633 0.425547 -0.278779
v -0.765751 0.131788 -0.173896
v -0.082844 0.023881 -0.296401
v 0.006729 0.032308 -0.276111
v -0.588150 0.391225 -0.265159
v -0.749463 0.188218 -0.249735
v -0.763902 0.152139 -0.211167
v 0.093505 0.056589 -0.253457
v -0.518249 0.051632 0.102930
v -0.386172 0.055522 0.212586
v -0.597800 0.020967 -0.098706
v -0.565254 0.021047 -0.169198
v -0.433575 0.041040 -0.364967
v -0.730553 0.184459 -0.272581
v -0.740959 0.159219 -0.254306
v -0.741206 0.132120 -0.227708
v -0.731185 0.104910 -0.194442
v -0.713619 0.078760 -0.157404
v -0.688340 0.055585 -0.118377
v -0.654254 0.038318 -0.079558
v -0.655059 0.170343 -0.342977
v -0.648255 0.210148 -0.346239
v -0.689027 0.272948 -0.273708
v -0.638612 0.260930 -0.327968
v -0.557627 0.379167 -0.317649
v -0.653534 0.149389 -0.333888
v -0.700273 0.140218 -0.283616
v -0.596889 0.129884 -0.379427
v -0.650078 0.120819 -0.311217
v -0.695174 0.111643 -0.255276
v -0.601182 0.096682 -0.328684
v -0.682721 0.083069 -0.220901
v -0.533630 0.079430 -0.377344
v -0.580050 0.071417 -0.305943
v -0.623716 0.062826 -0.244885
v -0.663288 0.056154 -0.182200
v -0.600631 0.038741 -0.206372
v -0.634600 0.034458 -0.140315
v -0.451466 0.420426 -0.287025
v -0.484792 0.431604 -0.178888
v -0.274626 0.022635 -0.287717
v -0.415720 0.024404 -0.286738
v -0.301067 0.015317 -0.188422
v -0.463962 0.007985 -0.113131
v -0.499436 0.013284 -0.163949
v -0.235538 0.008994 -0.100569
v -0.196423 0.011086 -0.054740
v -0.379529 0.004676 -0.056763
v -0.535271 0.011268 -0.099442
v -0.061123 0.016877 -0.203816
v 0.074702 0.048299 -0.237008
v 0.012240 0.031815 -0.180344
v -0.050807 0.023546 -0.129122
v -0.533661 0.022454 0.013128
v -0.468055 0.012933 0.017651
v -0.501902 0.031856 0.068997
v -0.395493 0.004554 0.021899
v -0.436731 0.018215 0.079224
v -0.439646 0.049968 0.171330
v -0.360952 0.007220 0.087788
v -0.402569 0.026848 0.141261
v -0.242564 0.005848 0.024193
v -0.280525 0.006903 0.089122
v -0.324308 0.019470 0.149789
v -0.366676 0.042227 0.195218
v -0.179826 0.019949 0.020367
v -0.209780 0.019231 0.081681
v -0.247596 0.025159 0.144485
v -0.291181 0.041427 0.196710
v -0.334571 0.070399 0.244494
v 0.181051 0.105594 -0.157404
v 0.100864 0.103545 -0.004824
v 0.148421 0.101627 -0.083268
v 0.113387 0.078096 -0.115174
v 0.076125 0.085192 -0.033118
v 0.012076 0.045117 -0.099724
v 0.042621 0.107973 0.083204
v -0.130220 0.056805 0.105974
v -0.106226 0.080737 0.162576
v -0.162293 0.063027 0.165211
v -0.137856 0.086206 0.202983
v -0.202130 0.074835 0.217955
v -0.110650 0.109412 0.244466
v -0.181462 0.099997 0.251041
v -0.244434 0.114919 0.285145
v -0.052532 0.115360 0.227230
v -0.114464 0.130311 0.282806
v -0.007812 0.110295 0.165573
v 0.646547 0.467964 -0.649962
v 0.045716 0.034011 -0.626402
v -0.197846 0.268055 -0.356080
v 0.061395 0.488207 -0.566442
v 0.277888 0.007853 -0.231544
v 0.017145 0.058173 -0.674176
v -0.001029 0.091447 -0.718799
v -0.010380 0.128978 -0.757988
v -0.010965 0.167865 -0.789492
v -0.005013 0.205171 -0.813204
v 0.029171 0.235851 -0.842631
v 0.315012 0.000614 -0.399373
v 0.212541 0.071379 -0.780731
v 0.100838 0.044389 -0.684456
v 0.432238 0.056023 -0.749249
v 0.291903 0.000711 -0.304242
v -0.213172 0.269755 -0.417166
v -0.215092 0.263416 -0.506162
v -0.208446 0.275474 -0.566367
v -0.189380 0.279170 -0.646795
v -0.150879 0.283385 -0.721767
v -0.092904 0.287735 -0.780900
v -0.025196 0.043542 -0.594025
v -0.091290 0.063939 -0.554748
v -0.142317 0.095207 -0.512155
v -0.173978 0.133045 -0.471156
v -0.190350 0.171697 -0.434869
v -0.198206 0.207553 -0.403776
v -0.200781 0.239658 -0.377497
v 0.034072 0.475198 -0.610689
v 0.006493 0.447566 -0.672884
v -0.010553 0.403977 -0.748001
v -0.202365 0.297347 -0.373090
v -0.196482 0.330092 -0.395183
v -0.181111 0.365109 -0.421365
v -0.153563 0.400383 -0.451134
v -0.112124 0.432802 -0.483029
v -0.059471 0.459461 -0.514486
v 0.000522 0.477975 -0.542924
v 0.106594 0.486745 -0.613930
v 0.193679 0.479211 -0.694028
v 0.277367 0.089308 -0.844201
v 0.253548 0.476452 -0.758097
v 0.108883 0.470697 -0.356168
v 0.259026 0.344251 -0.264838
v 0.218192 0.018873 -0.596045
v 0.117159 0.022253 -0.612389
v -0.141380 0.229646 -0.265422
v -0.176626 0.249389 -0.310878
v 0.039340 0.021110 -0.553447
v 0.044167 0.016884 -0.468215
v 0.060250 0.022108 -0.378001
v 0.083043 0.033346 -0.288638
v 0.109242 0.047991 -0.203255
v 0.139502 0.067277 -0.128440
v 0.530596 0.472098 -0.723152
v 0.069236 0.484831 -0.441363
v 0.059573 0.490307 -0.506795
v -0.174513 0.284776 -0.309864
v 0.555998 0.485472 -0.632079
v 0.538700 0.476288 -0.693322
v 0.180328 0.496537 -0.514148
v 0.338972 0.486748 -0.523112
v 0.649045 0.445168 -0.713885
v 0.016587 0.446683 -0.351322
v 0.582629 0.460570 -0.719093
v -0.074940 0.407644 -0.337719
v 0.609050 0.481742 -0.616687
v -0.117880 0.372959 -0.321569
v -0.146748 0.312944 -0.288896
v 0.197767 0.035505 -0.160136
v 0.144698 0.073391 -0.115705
v -0.019893 0.149647 -0.178354
v 0.052283 0.107691 -0.145741
v -0.051861 0.172181 -0.195256
v -0.105359 0.219225 -0.228750
v 0.248316 0.487666 -0.351168
v 0.284613 0.490683 -0.456785
v 0.296747 0.491517 -0.387935
v 0.217029 0.490680 -0.407636
v 0.128095 0.495393 -0.490408
v 0.141474 0.489004 -0.423893
v 0.159215 0.479114 -0.355646
v -0.141133 0.266880 -0.260909
v 0.170761 0.018854 -0.249303
v 0.148759 0.010451 -0.347003
v 0.248741 0.001467 -0.315372
v 0.321254 0.487151 -0.746854
v 0.131437 0.007552 -0.443389
v 0.229091 0.002904 -0.418349
v 0.406427 0.488066 -0.735594
v 0.120307 0.011087 -0.533607
v 0.213501 0.008936 -0.512293
v 0.340228 0.009630 -0.481604
v 0.463084 0.078485 -0.822600
v 0.364142 0.076095 -0.836047
v 0.489606 0.487281 -0.649720
v 0.433760 0.488846 -0.600121
v 0.384367 0.486701 -0.560629
v 0.468562 0.482305 -0.728790
v 0.420587 0.489474 -0.668313
v 0.348426 0.491746 -0.687735
v 0.270353 0.491793 -0.611632
v 0.229157 0.489175 -0.658301
v 0.128954 0.495520 -0.562685
v 0.015207 0.466094 -0.405367
v -0.033004 0.439070 -0.369591
v -0.000589 0.476472 -0.475604
v -0.056327 0.453290 -0.441544
v -0.103540 0.422834 -0.407303
v -0.140304 0.388144 -0.375174
v -0.162523 0.351704 -0.348047
v -0.173583 0.316691 -0.326138
v 0.064992 0.085358 -0.165869
v -0.004968 0.107556 -0.210473
v 0.032445 0.066870 -0.243701
v -0.072181 0.130439 -0.256146
v -0.043498 0.087782 -0.287003
v 0.001281 0.049626 -0.328561
v -0.140645 0.194396 -0.281338
v -0.132777 0.154481 -0.303507
v -0.113624 0.111594 -0.333631
v -0.077795 0.070250 -0.372904
v -0.023443 0.036993 -0.419540
v -0.179256 0.217341 -0.329660
v -0.175852 0.180860 -0.354005
v -0.164478 0.140432 -0.384508
v -0.139588 0.098721 -0.422076
v -0.095511 0.061386 -0.465806
v -0.032935 0.034669 -0.511485
v 0.295075 0.037011 -0.681469
v 0.402334 0.060551 -0.782257
v 0.178220 0.034387 -0.672526
v 0.243141 0.050056 -0.732590
v 0.308857 0.064610 -0.795218
v 0.132080 0.445098 -0.752030
v 0.140394 0.464345 -0.709784
v 0.085249 0.470892 -0.660744
v -0.031280 0.461478 -0.589846
v -0.054565 0.438133 -0.639715
v -0.094505 0.439176 -0.562938
v -0.070049 0.410403 -0.689687
v -0.119056 0.412453 -0.614965
v -0.147054 0.408688 -0.531648
v -0.076151 0.379881 -0.736362
v -0.132236 0.381589 -0.666764
v -0.167947 0.378922 -0.583842
v -0.183042 0.372965 -0.499133
v -0.068290 0.348072 -0.774182
v -0.130207 0.348593 -0.713336
v -0.174028 0.346313 -0.635109
v -0.196238 0.341749 -0.550216
v -0.203349 0.336170 -0.468360
v -0.051912 0.318148 -0.802924
v -0.117543 0.316667 -0.752551
v -0.169913 0.313837 -0.682587
v -0.199560 0.309887 -0.600581
v -0.212431 0.305564 -0.517867
v -0.214072 0.301318 -0.440592
v -0.209029 0.229860 -0.459716
v -0.195677 0.244459 -0.607604
v -0.194696 0.207827 -0.564306
v -0.187751 0.170226 -0.518351
v -0.165557 0.248858 -0.689988
v -0.171471 0.211368 -0.651360
v -0.170520 0.171989 -0.607842
v -0.162346 0.132120 -0.560817
v -0.112781 0.255168 -0.759764
v -0.125821 0.218488 -0.730488
v -0.131993 0.178758 -0.694121
v -0.129439 0.137807 -0.651417
v -0.117716 0.097770 -0.604263
v -0.046921 0.262339 -0.809412
v -0.061612 0.228595 -0.790273
v -0.072099 0.190870 -0.764242
v -0.076087 0.150471 -0.730715
v -0.070060 0.110252 -0.689536
v -0.054537 0.072636 -0.643309
v 0.081936 0.075049 -0.737875
v 0.062921 0.108718 -0.774925
v 0.055780 0.147604 -0.809470
v 0.158171 0.134086 -0.849079
v 0.212882 0.109634 -0.847876
v 0.097379 0.172505 -0.848397
v 0.057500 0.395680 -0.802131
v 0.192483 0.456778 -0.770553
v 0.105542 0.418908 -0.790555
v 0.002043 0.346724 -0.820610
v 0.020211 0.372364 -0.811804
v -0.008522 0.298852 -0.832949
v 0.005645 0.268066 -0.838272
v 0.408086 0.487004 -0.464202
v 0.568286 0.490077 -0.579965
v 0.527250 0.492852 -0.552890
v 0.386025 0.065304 0.260436
v 0.740834 0.204822 -0.405095
v 0.840564 0.254928 0.595987
v 1.253708 0.390599 0.269065
v 0.399042 0.164843 -0.018955
v 1.126332 0.003582 -0.175263
v 0.366894 0.118321 0.133135
v 0.367681 0.091513 0.204581
v 0.504818 0.009341 0.315040
v 0.422385 0.038894 0.302094
v 1.113185 0.000555 -0.156464
v 0.404311 0.180417 -0.065331
v 0.837243 0.231708 0.625809
v 0.835207 0.204214 0.649014
v 1.041882 0.214546 0.605264
v 0.984593 0.239836 0.611266
v 0.906753 0.248765 0.614413
v 0.833070 0.185138 0.659764
v 1.286312 0.401815 0.164128
v 1.191481 0.376693 0.338868
v 1.120516 0.353911 0.397095
v 1.000688 0.310200 0.477055
v 0.894563 0.277096 0.563498
v 0.389928 0.123698 0.384366
v 0.423779 0.105578 0.438831
v 0.482179 0.087955 0.484943
v 0.775460 0.244629 0.584908
v 0.708688 0.231503 0.561951
v 0.652948 0.215153 0.542027
v 0.397304 0.154160 0.381924
v 1.087371 0.326170 -0.452021
v 1.196079 0.417172 0.106321
v 1.029259 0.442241 -0.014765
v 1.434248 0.245147 -0.329135
v 1.382492 0.053504 -0.176571
v 1.174990 0.256444 0.513908
v 1.212689 0.352659 0.399473
v 1.085684 0.434292 0.028720
v 1.170030 0.219011 0.527011
v 0.621933 0.335424 0.225325
v 0.662976 0.326448 0.304848
v 0.741698 0.298323 0.440423
v 0.767825 0.284485 0.498376
v 0.804596 0.270153 0.553366
v 1.216895 0.407016 0.184715
v 1.118553 0.412703 0.170232
v 1.012434 0.414620 0.154232
v 0.868234 0.418049 0.108751
v 0.367078 0.116278 0.309899
v 0.368051 0.089770 0.282668
v 1.195892 0.323811 0.451464
v 1.232915 0.374058 0.335286
v 0.426148 0.247413 0.219854
v 0.387546 0.190957 0.282392
v 0.374796 0.147898 0.319014
v 0.366167 0.141875 0.263415
v 0.365898 0.148363 0.211499
v 0.373354 0.146376 0.112768
v 0.387110 0.148799 0.034098
v 0.399320 0.176256 0.010784
v 0.407294 0.199994 0.049353
v 0.381256 0.178616 0.180217
v 0.424718 0.228534 0.060982
v 0.403169 0.221774 0.244486
v 0.440629 0.251136 0.112265
v 0.360647 0.117432 0.235767
v 0.400036 0.181205 0.361588
v 0.438738 0.199760 0.415969
v 0.406943 0.211023 0.337227
v 0.501224 0.218023 0.461818
v 0.447277 0.232595 0.393514
v 0.423694 0.242491 0.306806
v 0.579884 0.233900 0.494020
v 0.516339 0.251861 0.439270
v 0.471041 0.265929 0.360730
v 0.456664 0.272523 0.269316
v 0.659696 0.247586 0.518006
v 0.603629 0.265993 0.467832
v 0.549512 0.283681 0.401774
v 0.514795 0.294837 0.316985
v 0.502722 0.298449 0.228188
v 0.734368 0.259932 0.538797
v 0.690161 0.276198 0.485246
v 0.642967 0.293382 0.424448
v 0.599770 0.308255 0.351645
v 0.569158 0.317270 0.269534
v 0.966749 0.436664 0.045286
v 1.094895 0.428209 0.075499
v 0.907936 0.201184 0.658571
v 0.985456 0.211162 0.635289
v 0.489499 0.015213 0.345100
v 0.441776 0.043695 0.389692
v 0.391237 0.066447 0.336936
v 0.499917 0.054402 0.467732
v 0.423265 0.074997 0.421216
v 0.383318 0.096153 0.365573
v 0.699598 0.346193 0.245146
v 0.768150 0.391717 0.149513
v 0.741860 0.328825 0.315383
v 0.789389 0.352601 0.262964
v 0.841370 0.383524 0.205636
v 0.821619 0.319612 0.370509
v 0.839238 0.332583 0.332405
v 0.944972 0.390066 0.223631
v 1.025770 0.356540 0.358881
v 1.052186 0.395630 0.241720
v 0.850567 0.288724 0.519582
v 0.934957 0.315104 0.443288
v 1.089488 0.376450 0.324565
v 1.158250 0.396848 0.257716
v 0.486510 0.034313 0.411293
v 1.187271 0.011926 -0.172598
v 0.541041 0.076083 0.510239
v 0.429682 0.149573 0.436920
v 0.479737 0.121306 0.487610
v 0.489362 0.170084 0.479269
v 0.550317 0.104921 0.526629
v 0.623112 0.127976 0.562217
v 0.562699 0.197541 0.507164
v 0.629793 0.171810 0.550460
v 0.760398 0.162825 0.638536
v 0.764872 0.189108 0.628418
v 0.769121 0.218753 0.609820
v 0.959143 0.266096 0.581823
v 1.015193 0.282542 0.536151
v 1.109063 0.238587 0.547979
v 1.096669 0.270849 0.528302
v 1.077827 0.302723 0.494412
v 1.183941 0.295979 0.487829
v 1.150800 0.327644 0.453053
v 0.697575 0.139298 0.606144
v 0.908082 0.222778 0.642911
v 0.615009 0.106447 0.557312
v 0.817270 0.405244 0.131108
v 0.466411 0.276927 0.161662
v 0.409962 0.201004 -0.007619
v 0.502802 0.298221 0.183468
v 0.553074 0.319770 0.189056
v 1.114371 0.216059 0.557790
v 0.657061 0.356702 0.176626
v 0.648801 0.307526 0.164726
v 0.732823 0.564778 -0.252486
v 0.563778 0.736253 0.216215
v 0.487029 0.750000 0.225439
v 0.632758 0.313457 0.255865
v 0.947460 0.570204 0.343393
v 0.717058 0.325034 0.194153
v 0.786494 0.348621 0.228853
v 0.850626 0.379089 0.268062
v 0.898712 0.416436 0.309419
v 0.087367 0.659231 0.629334
v 0.211896 0.716464 0.567399
v 0.257122 0.728340 0.525202
v 0.834602 0.564659 -0.163011
v 0.928614 0.565144 -0.056271
v 0.984411 0.565264 0.041186
v 1.007628 0.565341 0.153021
v 0.989490 0.565355 0.263735
v 0.697505 0.318893 0.091031
v 0.739278 0.340895 0.012868
v 0.767744 0.373311 -0.061665
v 0.780991 0.412625 -0.125924
v 0.781407 0.454242 -0.177235
v 0.772260 0.494703 -0.215388
v 0.755564 0.531967 -0.240367
v 0.705567 0.703602 0.275106
v 0.771586 0.683229 0.306587
v 0.828296 0.656843 0.340961
v 0.863020 0.623962 0.386818
v 0.713685 0.660506 -0.113450
v 0.759815 0.668339 -0.041548
v 0.475569 0.697480 0.489344
v 0.362395 0.737488 0.386250
v 0.338585 0.349895 0.201843
v 0.405433 0.742561 0.332275
v 0.563885 0.296182 0.199102
v 0.424502 0.697486 0.574998
v 0.265722 0.701625 0.638865
v 0.169988 0.663819 0.669897
v 0.604858 0.299892 0.091448
v 0.192190 0.676058 0.663352
v 0.663320 0.582876 -0.288092
v 0.341191 0.708682 0.610079
v 0.268281 0.711460 0.613361
v 0.598506 0.706168 -0.039793
v 0.619484 0.613492 -0.275902
v 0.697953 0.382349 -0.145479
v 0.663371 0.343727 -0.080911
v 0.510769 0.681873 0.537744
v 0.622902 0.670873 0.491116
v 0.715906 0.658916 0.451948
v 0.793262 0.643034 0.418228
v 0.600654 0.310907 0.002456
v 0.693628 0.546387 -0.283674
v 0.915801 0.597002 0.360934
v 0.134621 0.661292 0.651651
v 0.616563 0.682057 -0.120091
v 0.627755 0.651580 -0.204427
v 0.711197 0.509567 -0.267406
v 0.718845 0.468465 -0.238623
v 0.715131 0.425100 -0.197785
v 0.966974 0.530295 0.328086
v 0.625825 0.630342 -0.248442
v 0.534248 0.746626 0.146678
v 0.562282 0.737926 0.085080
v 0.946025 0.471969 0.325632
v 0.823180 0.393274 0.359856
v 0.900823 0.431058 0.335939
v 0.581613 0.724698 0.026636
v 0.044356 0.496873 0.336014
v 0.732550 0.369933 0.391473
v 0.502448 0.291091 0.166376
v 0.134516 0.682787 0.610143
v 0.205184 0.699435 0.619263
v 0.285204 0.726806 0.554764
v 0.301803 0.736055 0.474925
v 0.337142 0.714473 0.594307
v 0.355227 0.725730 0.527277
v 0.383448 0.734639 0.396989
v 0.401662 0.708705 0.558353
v 0.436471 0.718717 0.422837
v 0.445811 0.729912 0.355400
v 0.498888 0.739962 0.269835
v 0.659399 0.651193 -0.187558
v 0.673550 0.618101 -0.244770
v 0.646432 0.316345 0.009414
v 0.502685 0.705169 0.404928
v 0.651764 0.681296 0.421717
v 0.743622 0.670273 0.388731
v 0.683752 0.692256 0.353239
v 0.570183 0.721758 0.293464
v 0.704199 0.711520 0.189967
v 0.781546 0.692352 0.216276
v 0.764875 0.695266 0.121201
v 0.814936 0.672397 0.042048
v 0.857030 0.666673 0.248875
v 0.856047 0.671947 0.144482
v 0.912848 0.634206 0.286364
v 0.932285 0.639894 0.178707
v 0.910889 0.641154 0.067897
v 0.857493 0.638412 -0.029136
v 0.757362 0.631929 -0.151177
v 0.939890 0.598858 0.324007
v 0.976913 0.602426 0.220729
v 0.976152 0.604151 0.105883
v 0.934213 0.603561 -0.001544
v 0.869574 0.601473 -0.090549
v 0.758709 0.597826 -0.206135
v 0.822602 0.529546 -0.180707
v 0.894586 0.527105 -0.106848
v 0.842972 0.489362 -0.147178
v 0.963065 0.525137 -0.014576
v 0.916108 0.484328 -0.061989
v 0.852293 0.446213 -0.098924
v 1.007073 0.524723 0.097512
v 0.976358 0.481393 0.044359
v 0.919236 0.439899 -0.000968
v 0.846135 0.403485 -0.036120
v 1.007670 0.526626 0.217459
v 0.999651 0.482981 0.166698
v 0.961631 0.438846 0.116826
v 0.897763 0.399093 0.073349
v 0.819834 0.366405 0.038839
v 0.977014 0.489403 0.285458
v 0.961004 0.445487 0.240477
v 0.917026 0.403456 0.194818
v 0.850549 0.367795 0.153426
v 0.774085 0.339860 0.118780
v 0.675598 0.330485 0.301463
v 0.763973 0.361152 0.331086
v 0.576717 0.300333 0.056802
v 0.534641 0.291701 0.127607
v -0.220987 0.470400 -0.692704
v 0.225721 0.471170 -0.576586
v 0.260970 0.515607 -0.083661
v -0.067428 0.523287 -0.031506
v 0.040045 0.369847 -0.317660
v 0.117976 0.498603 -0.037137
v -0.147134 0.340037 -0.423256
v 0.234562 0.363395 -0.494137
v 0.183977 0.353020 -0.507295
v 0.097254 0.340978 -0.501845
v -0.349678 0.353096 -0.445356
v 0.422109 0.451324 -0.349693
v 0.361941 0.414567 -0.406226
v 0.313007 0.386364 -0.446913
v -0.030839 0.642319 -0.177625
v -0.083975 0.638743 -0.163554
v 0.138383 0.629356 -0.193978
v 0.197229 0.630219 -0.409406
v -0.257993 0.455347 -0.674784
v -0.309774 0.440270 -0.635534
v -0.325449 0.420812 -0.608228
v -0.358379 0.402219 -0.567459
v -0.397500 0.384013 -0.515395
v -0.274885 0.483320 -0.672211
v 0.301886 0.565052 -0.468139
v 0.266838 0.590655 -0.466243
v -0.124533 0.348309 -0.461046
v -0.032060 0.351358 -0.509506
v 0.227224 0.615293 -0.443382
v 0.170321 0.637450 -0.346781
v -0.031623 0.622875 -0.466956
v -0.123594 0.611751 -0.474817
v -0.253406 0.603237 -0.443479
v -0.024761 0.643029 -0.253557
v -0.045762 0.638799 -0.317973
v -0.198143 0.452400 -0.693926
v -0.169520 0.432842 -0.687682
v -0.134708 0.413099 -0.669594
v -0.095930 0.395215 -0.638784
v -0.037099 0.374474 -0.585720
v 0.011305 0.354005 -0.528183
v 0.118048 0.631728 -0.451327
v 0.040786 0.625254 -0.480214
v -0.031733 0.606828 -0.533820
v -0.064241 0.593644 -0.573576
v -0.099638 0.578897 -0.616387
v -0.135203 0.560273 -0.654772
v -0.166147 0.537595 -0.680299
v -0.190290 0.513620 -0.692578
v -0.208166 0.490838 -0.695553
v 0.200412 0.449880 -0.592198
v 0.188671 0.429435 -0.590489
v 0.161487 0.408520 -0.584994
v 0.158686 0.374288 -0.551332
v 0.065034 0.380511 -0.577210
v 0.037942 0.364804 -0.554623
v -0.164791 0.473652 -0.699914
v -0.099214 0.476166 -0.689298
v -0.067025 0.494118 -0.675089
v 0.005046 0.461361 -0.645555
v 0.081448 0.478982 -0.607851
v 0.182760 0.472101 -0.592061
v 0.261763 0.457707 -0.557417
v 0.360608 0.437471 -0.419434
v 0.263050 0.494145 -0.542019
v 0.286646 0.516948 -0.512169
v 0.317041 0.506732 -0.477550
v 0.214597 0.499356 -0.567127
v 0.088363 0.556186 -0.575732
v 0.047029 0.575281 -0.575858
v 0.128324 0.599312 -0.528817
v 0.083958 0.615851 -0.507993
v 0.189894 0.513691 -0.568521
v 0.120014 0.506600 -0.585120
v 0.058155 0.500489 -0.606857
v 0.092087 0.522845 -0.585878
v -0.037471 0.526880 -0.650567
v 0.050441 0.533825 -0.599694
v 0.014973 0.556496 -0.603677
v -0.144576 0.494537 -0.696523
v -0.119641 0.516942 -0.685675
v -0.090246 0.539489 -0.665212
v -0.057721 0.560112 -0.633980
v -0.024853 0.577823 -0.596204
v 0.006355 0.594587 -0.560232
v 0.248505 0.511854 -0.544890
v 0.223729 0.540954 -0.545475
v 0.267892 0.548886 -0.513735
v 0.324910 0.545286 -0.455862
v 0.175716 0.576283 -0.538505
v 0.243668 0.573900 -0.509232
v 0.209222 0.597948 -0.497290
v 0.166447 0.618500 -0.477987
v 0.296721 0.471665 -0.515895
v 0.346046 0.525186 -0.433754
v 0.353692 0.454841 -0.430779
v 0.388599 0.483323 -0.384242
v 0.295872 0.436687 -0.519740
v 0.246369 0.435396 -0.566096
v 0.279134 0.419535 -0.530153
v 0.223534 0.412736 -0.565841
v 0.305166 0.403593 -0.483183
v 0.255645 0.395091 -0.527794
v 0.193408 0.390121 -0.557786
v 0.280622 0.374899 -0.472413
v 0.223659 0.371241 -0.518282
v 0.121898 0.351475 -0.522719
v 0.070614 0.463099 -0.617680
v 0.075466 0.424046 -0.616093
v 0.062100 0.443187 -0.624193
v 0.064721 0.402333 -0.603179
v 0.002519 0.419720 -0.639198
v -0.057592 0.447577 -0.674126
v 0.005449 0.382596 -0.593601
v -0.029199 0.398030 -0.628727
v -0.066021 0.415890 -0.659708
v -0.102748 0.435318 -0.683587
v -0.136103 0.455058 -0.696145
v -0.255843 0.502390 -0.679099
v -0.304217 0.514517 -0.648989
v -0.239587 0.528201 -0.674756
v -0.372521 0.526736 -0.595014
v -0.287741 0.542361 -0.638890
v -0.213495 0.554463 -0.657166
v -0.349220 0.555238 -0.577411
v -0.256852 0.568764 -0.612284
v -0.176779 0.577105 -0.622393
v -0.212523 0.588868 -0.568812
v -0.117994 0.598116 -0.558313
v -0.202735 0.597103 -0.527939
v 0.050695 0.642026 -0.358181
v 0.121764 0.640386 -0.389025
v 0.046880 0.643006 -0.283666
v 0.120492 0.641523 -0.314776
v 0.029602 0.640495 -0.186834
v 0.147846 0.635134 -0.255728
v -0.117211 0.375830 -0.592283
v -0.191782 0.366068 -0.535171
v -0.255933 0.344891 -0.439543
v -0.185545 0.378000 -0.586134
v -0.164019 0.394268 -0.637232
v -0.292370 0.355775 -0.481063
v -0.251951 0.379374 -0.566950
v -0.231300 0.395918 -0.619836
v -0.203759 0.414178 -0.663020
v -0.341413 0.364270 -0.494712
v -0.320717 0.381024 -0.546085
v -0.295080 0.398993 -0.594084
v -0.267374 0.417152 -0.638880
v -0.234962 0.435325 -0.674037
v 0.032599 0.635839 -0.424552
v -0.104266 0.628842 -0.356011
v -0.112290 0.639267 -0.216306
v 0.025325 0.335750 -0.474032
v -0.067281 0.332980 -0.418604
v -0.319067 0.466146 -0.641001
v -0.404875 0.425245 -0.565060
v -0.400990 0.454172 -0.583298
v -0.386736 0.369139 -0.482188
v -0.388159 0.496022 -0.596623
v -0.316440 0.579292 -0.538397
v -0.300471 0.586945 -0.515538
v -0.371487 0.356707 -0.443317
v -0.147034 0.632838 -0.274150
v -0.404194 0.407891 -0.548387
vn 0.4834 0.1062 -0.8689
vn 0.4424 0.4376 -0.7829
vn 0.4296 0.3568 -0.8295
vn -0.5848 0.5700 -0.5771
vn -0.4389 -0.1740 -0.8815
vn -0.2822 0.9356 0.2122
vn 0.5753 -0.8002 -0.1696
vn 0.9544 -0.1455 -0.2606
vn -0.4871 0.0222 -0.8730
vn 0.3853 0.4791 0.7887
vn 0.2235 0.8821 0.4146
vn -0.5977 -0.8002 0.0498
vn 0.0364 -0.9932 -0.1104
vn 0.3187 0.4584 0.8296
vn 0.5751 -0.8003 -0.1696
vn -0.3822 -0.8275 0.4112
vn -0.2673 -0.9433 0.1967
vn -0.2900 -0.9268 0.2387
vn -0.1917 -0.9275 0.3210
vn -0.5047 0.7554 -0.4179
vn -0.2820 0.9356 0.2122
vn 0.2327 -0.6662 -0.7086
vn 0.3546 0.5096 0.7839
vn 0.3020 0.7154 0.6300
vn -0.5120 -0.7517 -0.4156
vn 0.9544 -0.1456 -0.2607
vn 0.9538 -0.1490 -0.2610
vn 0.9538 -0.1487 -0.2609
vn 0.0361 -0.9931 -0.1117
vn 0.4461 -0.0913 -0.8903
vn 0.9538 -0.1445 -0.2633
vn 0.4041 0.1722 -0.8984
vn 0.0365 -0.9932 -0.1104
vn 0.2178 0.9598 -0.1770
vn 0.0366 -0.9932 -0.1107
vn 0.3289 0.9418 0.0696
vn -0.0949 -0.9147 0.3928
vn 0.5677 -0.8108 -0.1426
vn -0.4885 0.7547 0.4379
vn 0.2455 0.9446 -0.2177
vn 0.1730 0.8948 -0.4115
vn 0.2519 -0.6955 -0.6729
vn -0.4886 0.7554 0.4367
vn -0.3566 -0.8705 0.3391
vn -0.3319 -0.8857 0.3246
vn -0.2816 0.9358 0.2122
vn 0.5752 -0.8003 -0.1696
vn -0.2958 -0.9354 0.1935
vn -0.2545 -0.9335 0.2527
vn -0.2695 -0.9261 0.2641
vn -0.2926 -0.9255 0.2404
vn -0.2819 0.9357 0.2119
vn -0.6264 -0.7711 -0.1140
vn -0.4448 -0.8950 -0.0337
vn -0.3957 -0.9166 0.0569
vn -0.3651 -0.9285 0.0674
vn -0.2931 -0.9402 0.1732
vn -0.2600 -0.9496 0.1753
vn -0.2423 -0.9495 0.1996
vn -0.4905 0.7528 0.4389
vn -0.9107 -0.3033 -0.2806
vn -0.2826 0.9354 0.2125
vn -0.3318 -0.8857 0.3248
vn -0.2803 0.9363 0.2117
vn -0.0049 -0.6630 -0.7486
vn -0.8033 -0.5583 -0.2075
vn 0.9577 -0.1043 -0.2683
vn 0.9548 -0.1515 -0.2555
vn 0.9542 -0.1442 -0.2622
vn 0.9544 -0.1450 -0.2608
vn -0.3594 -0.8408 0.4048
vn -0.3291 -0.8345 0.4419
vn -0.2762 -0.7245 0.6316
vn 0.9541 -0.1534 -0.2573
vn 0.9547 -0.1417 -0.2616
vn -0.2750 -0.9152 0.2946
vn -0.2289 -0.9125 0.3390
vn -0.2410 -0.8883 0.3909
vn -0.1511 -0.8692 0.4708
vn -0.1573 -0.8421 0.5159
vn -0.0352 -0.7927 0.6086
vn -0.0357 -0.7373 0.6746
vn 0.1040 -0.6439 0.7580
vn 0.1186 -0.4801 0.8692
vn 0.2423 -0.3405 0.9085
vn 0.2618 -0.0470 0.9640
vn 0.3524 0.0988 0.9306
vn -0.0975 -0.8984 0.4282
vn 0.0217 -0.8644 0.5022
vn 0.0244 -0.8314 0.5551
vn 0.1469 -0.7736 0.6164
vn 0.1623 -0.6928 0.7027
vn 0.2710 -0.6128 0.7423
vn 0.3048 -0.4062 0.8614
vn 0.3837 -0.3136 0.8686
vn 0.3984 0.0552 0.9155
vn 0.4323 0.1159 0.8943
vn 0.3821 0.4765 0.7918
vn 0.3476 0.6552 0.6707
vn 0.3341 0.7710 0.5421
vn 0.3594 0.6625 0.6572
vn 0.3021 0.7157 0.6297
vn 0.3205 0.7595 0.5661
vn 0.2589 0.8021 0.5381
vn 0.2740 0.8093 0.5196
vn -0.2709 -0.9273 0.2582
vn 0.3083 0.8336 0.4583
vn 0.2580 0.8637 0.4329
vn 0.2404 0.8569 0.4560
vn 0.2123 0.8697 0.4455
vn 0.0957 -0.7733 -0.6268
vn 0.3136 0.9051 0.2871
vn 0.2492 0.8834 0.3969
vn 0.2044 0.9006 0.3835
vn 0.1943 0.8962 0.3988
vn -0.3863 -0.7174 -0.5797
vn 0.3854 0.9184 0.0895
vn 0.2619 0.9307 0.2554
vn 0.1982 0.9130 0.3566
vn 0.4134 0.9086 -0.0600
vn 0.3182 0.9454 0.0711
vn 0.2500 0.9439 0.2157
vn -0.5526 -0.8312 -0.0613
vn 0.3515 0.9311 -0.0977
vn 0.3009 0.9533 0.0268
vn -0.4490 0.5437 -0.7091
vn -0.4321 0.3012 -0.8501
vn -0.7574 -0.6520 0.0350
vn 0.9537 -0.1496 -0.2610
vn -0.4516 0.3040 -0.8389
vn -0.5496 0.0261 -0.8350
vn -0.7144 0.0291 -0.6992
vn -0.7417 -0.3032 -0.5983
vn 0.9555 -0.1468 -0.2558
vn -0.8604 -0.5088 -0.0268
vn 0.9544 -0.1465 -0.2600
vn -0.3831 0.0194 -0.9235
vn -0.4414 -0.2571 -0.8597
vn -0.4622 -0.2590 -0.8481
vn -0.4690 -0.4982 -0.7293
vn -0.6142 -0.5219 -0.5920
vn -0.5645 -0.6770 -0.4722
vn -0.6969 -0.6797 -0.2289
vn -0.6354 -0.7533 -0.1696
vn -0.6828 -0.7305 0.0147
vn -0.6534 -0.7564 0.0285
vn -0.6579 -0.7521 0.0386
vn 0.3233 -0.6325 -0.7039
vn -0.6580 -0.7509 -0.0563
vn -0.6510 -0.7590 -0.0035
vn -0.6511 -0.7567 -0.0586
vn -0.6263 -0.7790 -0.0303
vn -0.6163 -0.7862 0.0465
vn -0.5568 -0.8299 -0.0340
vn -0.5039 -0.8626 0.0452
vn -0.5275 -0.8369 0.1461
vn -0.4668 -0.8834 0.0418
vn -0.3830 -0.9080 0.1700
vn 0.2400 0.8365 0.4926
vn -0.5657 -0.8186 -0.0994
vn -0.0867 -0.9199 0.3825
vn 0.0250 -0.9021 0.4308
vn 0.0396 -0.8741 0.4841
vn -0.4883 0.7548 0.4380
vn 0.1455 -0.8345 0.5315
vn 0.1432 -0.8323 0.5356
vn 0.1665 -0.7863 0.5951
vn 0.4106 0.3250 0.8519
vn 0.2586 -0.7169 0.6475
vn 0.2760 -0.6169 0.7371
vn -0.6489 -0.7596 -0.0446
vn -0.5666 0.6651 -0.4864
vn -0.4884 0.7548 0.4378
vn 0.3393 -0.6437 0.6859
vn 0.3667 -0.5153 0.7746
vn 0.3789 -0.3091 0.8723
vn -0.4806 0.7529 0.4497
vn -0.3408 -0.8020 0.4905
vn -0.7286 0.3285 -0.6010
vn -0.4603 -0.6005 -0.6539
vn 0.2956 0.5790 -0.7599
vn 0.4293 -0.4015 0.8090
vn 0.4525 -0.1574 0.8778
vn 0.4207 0.1246 0.8986
vn 0.0362 -0.9932 -0.1104
vn 0.3113 0.9382 -0.1511
vn 0.1960 0.9594 -0.2029
vn 0.3163 0.9323 -0.1754
vn 0.2472 0.9378 -0.2439
vn 0.2603 0.9325 -0.2503
vn 0.1863 0.9333 -0.3071
vn 0.1827 0.9407 -0.2858
vn 0.2436 0.9522 -0.1845
vn 0.2067 0.9454 -0.2518
vn 0.1599 0.9578 -0.2388
vn 0.2095 0.9561 -0.2050
vn 0.2201 0.9568 -0.1898
vn -0.3322 0.7395 -0.5855
vn -0.3493 0.6598 -0.6654
vn -0.2622 0.7735 -0.5771
vn -0.2808 0.6849 -0.6724
vn -0.3230 0.6435 -0.6939
vn -0.3451 0.4606 -0.8178
vn -0.3372 0.7966 -0.5017
vn -0.3360 0.7965 -0.5027
vn -0.3516 0.7345 -0.5804
vn -0.3434 0.7395 -0.5789
vn -0.3877 0.5515 -0.7386
vn -0.4145 0.5136 -0.7512
vn -0.4317 0.2156 -0.8759
vn -0.6351 -0.7722 0.0186
vn -0.5729 -0.7999 -0.1788
vn -0.4783 -0.7498 -0.4571
vn -0.3746 -0.6211 -0.6884
vn -0.3605 -0.4221 -0.8318
vn -0.6869 -0.7267 0.0060
vn -0.6535 -0.7569 -0.0051
vn -0.5665 -0.8079 -0.1623
vn -0.5869 -0.7936 -0.1604
vn -0.5895 -0.7889 -0.1734
vn -0.4507 -0.7963 -0.4035
vn -0.4371 -0.8025 -0.4061
vn -0.4425 -0.7876 -0.4288
vn -0.3563 -0.7023 -0.6164
vn -0.3088 -0.7421 -0.5949
vn -0.3102 -0.7546 -0.5782
vn -0.3885 -0.6849 -0.6164
vn -0.3457 -0.6042 -0.7179
vn -0.3039 -0.6502 -0.6963
vn -0.2939 -0.7312 -0.6156
vn -0.3423 -0.7156 -0.6089
vn -0.3557 -0.6797 -0.6415
vn -0.4325 -0.4730 -0.7676
vn -0.4094 -0.5094 -0.7569
vn -0.3697 -0.7111 -0.5980
vn -0.3968 -0.6956 -0.5988
vn -0.3775 -0.7393 -0.5576
vn -0.1457 -0.6343 0.7592
vn -0.0140 -0.3478 0.9375
vn 0.4639 0.3290 0.8225
vn 0.5111 0.0691 0.8567
vn -0.2959 -0.8829 0.3646
vn -0.4887 0.7543 0.4385
vn 0.3292 0.9391 -0.0985
vn -0.2550 -0.7738 0.5798
vn 0.2852 0.9231 0.2578
vn 0.1945 0.8211 -0.5366
vn -0.1295 -0.7788 -0.6137
vn -0.4811 0.7587 0.4393
vn -0.4897 0.7540 0.4378
vn 0.4303 -0.1416 0.8915
vn 0.3477 -0.5008 0.7927
vn -0.3224 0.7548 -0.5713
vn 0.4315 0.5402 0.7225
vn -0.1691 -0.6181 0.7677
vn -0.4881 0.7547 0.4384
vn -0.4887 0.7544 0.4382
vn -0.4886 0.7545 0.4382
vn 0.4392 -0.3553 0.8252
vn 0.2233 -0.7158 0.6616
vn 0.0363 -0.9933 -0.1098
vn 0.5755 -0.8000 -0.1697
vn -0.4887 0.7548 0.4375
vn 0.2256 0.9607 -0.1616
vn -0.4945 0.7489 0.4412
vn 0.1642 0.9681 -0.1894
vn -0.4898 0.7542 0.4374
vn 0.1525 0.9588 -0.2395
vn 0.1653 0.8938 -0.4168
vn 0.1459 0.9335 -0.3275
vn 0.1620 0.9252 -0.3432
vn 0.1459 0.9579 -0.2473
vn 0.2032 0.9435 -0.2619
vn 0.1675 0.9624 -0.2138
vn -0.4882 0.7549 0.4379
vn 0.2279 0.8694 -0.4384
vn 0.1913 0.9327 -0.3058
vn 0.2719 0.9027 -0.3334
vn 0.2281 0.9483 -0.2208
vn 0.2390 0.9451 -0.2227
vn 0.2199 0.9584 -0.1822
vn 0.2737 0.7497 -0.6026
vn 0.2859 0.7372 -0.6123
vn 0.2537 0.8526 -0.4568
vn 0.3161 0.8153 -0.4851
vn 0.2810 0.8832 -0.3755
vn 0.3463 0.8493 -0.3984
vn 0.3032 0.9066 -0.2936
vn 0.2792 0.9165 -0.2864
vn 0.2411 0.9506 -0.1957
vn 0.3860 0.6446 -0.6599
vn 0.3670 0.7684 -0.5243
vn 0.3430 0.8231 -0.4525
vn 0.3766 0.8013 -0.4649
vn 0.3493 0.8499 -0.3946
vn 0.2828 0.8843 -0.3715
vn 0.2602 0.9149 -0.3086
vn 0.1980 0.9374 -0.2865
vn 0.1863 0.9498 -0.2514
vn 0.1481 0.9612 -0.2327
vn 0.1466 0.9580 -0.2467
vn 0.0358 0.9455 -0.3236
vn 0.1157 0.9245 -0.3632
vn 0.2193 0.8708 -0.4400
vn 0.3324 0.7868 -0.5200
vn 0.3596 0.7349 -0.5749
vn 0.0408 0.9494 -0.3114
vn -0.0873 0.9150 -0.3938
vn -0.1191 0.9144 -0.3869
vn -0.2679 0.8490 -0.4554
vn 0.1178 0.9161 -0.3833
vn -0.0042 0.8787 -0.4774
vn -0.0884 0.9110 -0.4029
vn -0.2298 0.8496 -0.4748
vn -0.2618 0.8622 -0.4337
vn -0.3602 0.8081 -0.4661
vn 0.2272 0.8503 -0.4747
vn 0.1188 0.8090 -0.5756
vn -0.0045 0.8739 -0.4862
vn -0.1432 0.8093 -0.5697
vn -0.2290 0.8515 -0.4717
vn -0.3276 0.7970 -0.5075
vn -0.3598 0.8125 -0.4586
vn 0.3510 0.7413 -0.5721
vn 0.2556 0.6889 -0.6782
vn 0.1218 0.7875 -0.6042
vn -0.0208 0.7041 -0.7098
vn -0.1471 0.7934 -0.5907
vn -0.2679 0.7165 -0.6441
vn -0.3416 0.7686 -0.5408
vn -0.4000 0.7293 -0.5551
vn -0.4001 0.7591 -0.5135
vn 0.3885 0.6402 -0.6627
vn 0.3086 0.5836 -0.7511
vn 0.2696 0.6213 -0.7357
vn 0.1187 0.4945 -0.8610
vn -0.0237 0.6423 -0.7661
vn -0.1781 0.5088 -0.8423
vn -0.2920 0.6336 -0.7165
vn -0.3879 0.5476 -0.7414
vn -0.4491 0.6156 -0.6475
vn -0.4654 0.5918 -0.6582
vn 0.3817 0.3814 -0.8419
vn 0.3382 0.4335 -0.8353
vn 0.1877 0.2772 -0.9423
vn 0.1231 0.3672 -0.9220
vn -0.0657 0.1495 -0.9866
vn -0.1947 0.3392 -0.9204
vn -0.3347 0.1616 -0.9283
vn -0.4351 0.3136 -0.8440
vn -0.5072 0.2142 -0.8348
vn -0.5463 0.2710 -0.7925
vn -0.5473 0.2685 -0.7927
vn -0.5570 -0.2215 -0.8004
vn -0.5149 -0.1639 -0.8415
vn -0.3397 -0.1201 -0.9328
vn -0.0690 -0.0238 -0.9973
vn 0.1914 0.0860 -0.9777
vn 0.4059 0.1000 -0.9084
vn -0.5576 -0.2199 -0.8005
vn -0.4904 -0.5475 -0.6781
vn -0.4475 -0.2676 -0.8533
vn -0.4105 -0.5011 -0.7618
vn -0.4768 -0.5700 -0.6691
vn -0.4350 -0.6837 -0.5860
vn -0.4364 -0.7171 -0.5435
vn -0.4307 -0.7293 -0.5316
vn -0.2424 -0.2606 -0.9345
vn -0.2352 -0.3864 -0.8918
vn -0.3720 -0.5421 -0.7535
vn -0.3610 -0.5913 -0.7212
vn -0.4520 -0.6694 -0.5896
vn -0.4469 -0.6824 -0.5784
vn -0.4799 -0.6899 -0.5419
vn -0.4929 -0.6468 -0.5820
vn 0.0271 -0.1537 -0.9877
vn 0.0246 -0.2837 -0.9586
vn -0.1475 -0.4863 -0.8612
vn -0.1449 -0.5318 -0.8344
vn -0.2862 -0.6603 -0.6943
vn -0.2850 -0.6659 -0.6895
vn -0.3768 -0.7231 -0.5789
vn 0.3109 -0.0589 -0.9486
vn 0.3014 -0.2590 -0.9176
vn 0.1577 -0.4355 -0.8862
vn 0.1504 -0.5205 -0.8405
vn -0.0049 -0.6600 -0.7512
vn 0.4534 0.0496 -0.8899
vn 0.4433 -0.2431 -0.8628
vn 0.3731 -0.3378 -0.8641
vn 0.3484 -0.5047 -0.7899
vn 0.2442 -0.6049 -0.7580
vn 0.0323 -0.9932 -0.1117
vn -0.4886 0.7544 0.4382
vn -0.4886 0.7545 0.4381
vn -0.4886 0.7541 0.4389
vn 0.0367 -0.9931 -0.1116
vn 0.0250 -0.9953 -0.0934
vn 0.0365 -0.9932 -0.1105
vn 0.0361 -0.9934 -0.1092
vn -0.2487 -0.9469 0.2036
vn 0.0367 -0.9938 -0.1053
vn 0.2883 -0.3386 -0.8957
vn 0.0363 -0.9932 -0.1104
vn 0.0367 -0.9932 -0.1104
vn 0.0372 -0.9932 -0.1103
vn -0.9060 -0.2864 -0.3117
vn 0.0327 -0.9934 -0.1101
vn 0.0358 -0.9932 -0.1105
vn -0.2806 0.9390 0.1989
vn -0.2823 0.9354 0.2127
vn -0.2817 0.9359 0.2114
vn 0.0409 -0.9931 -0.1099
vn -0.2873 0.9332 0.2156
vn -0.2800 0.9370 0.2089
vn -0.4875 0.7541 0.4401
vn -0.4920 0.7549 0.4336
vn 0.4479 0.3150 -0.8368
vn 0.3432 -0.5001 -0.7951
vn 0.4009 -0.2023 -0.8935
vn 0.3935 -0.4297 -0.8127
vn -0.2820 0.9357 0.2118
vn 0.9543 -0.1456 -0.2609
vn -0.2817 0.9357 0.2121
vn -0.2851 0.9366 0.2036
vn -0.2401 0.8456 -0.4768
vn -0.2904 0.7688 -0.5698
vn -0.2705 0.7804 -0.5637
vn 0.2187 0.9443 -0.2460
vn 0.1556 0.9542 -0.2555
vn 0.3061 0.9401 -0.1500
vn -0.8600 0.4340 -0.2684
vn 0.2914 0.9563 0.0240
vn 0.9537 -0.1456 -0.2631
vn 0.9554 -0.1407 -0.2597
vn 0.9592 -0.1337 -0.2490
vn 0.9544 -0.1453 -0.2606
vn 0.2482 0.9680 -0.0383
vn 0.4334 -0.3652 0.8239
vn 0.6300 -0.2172 0.7456
vn 0.6324 -0.1975 0.7490
vn 0.4795 -0.0624 0.8753
vn 0.0306 -0.9050 0.4243
vn -0.0148 -0.8852 0.4649
vn 0.4634 -0.8819 0.0866
vn 0.0460 0.7647 0.6428
vn 0.0591 0.1498 -0.9870
vn 0.9529 0.1565 -0.2598
vn 0.7992 0.3020 -0.5197
vn 0.5958 0.2826 -0.7518
vn 0.3620 0.4756 -0.8018
vn 0.3013 0.4560 -0.8375
vn 0.3943 0.4574 -0.7971
vn 0.0487 0.8875 0.4583
vn 0.0595 0.1588 -0.9855
vn 0.8157 0.2281 -0.5317
vn 0.4100 0.3911 -0.8240
vn 0.0014 -0.9519 0.3063
vn 0.2132 0.4388 -0.8729
vn 0.0164 -0.9495 0.3135
vn 0.9890 -0.1262 -0.0774
vn 0.9992 0.0186 0.0363
vn 0.6702 -0.7298 0.1347
vn -0.8857 0.0402 -0.4626
vn 0.1081 -0.9251 -0.3640
vn 0.1081 -0.9251 -0.3639
vn -0.0785 0.9885 -0.1294
vn -0.4525 -0.7956 0.4029
vn 0.1081 -0.9252 -0.3638
vn 0.1154 -0.9283 -0.3535
vn 0.1081 -0.9252 -0.3639
vn 0.1080 -0.9251 -0.3642
vn 0.1087 -0.9252 -0.3635
vn 0.1089 -0.9249 -0.3644
vn 0.1777 0.4981 -0.8487
vn 0.1062 -0.9271 -0.3595
vn 0.1077 -0.9257 -0.3626
vn 0.0632 0.9350 0.3491
vn -0.9340 -0.3255 0.1469
vn 0.3303 0.6340 -0.6993
vn 0.1081 -0.9253 -0.3635
vn 0.1071 -0.9257 -0.3628
vn 0.1078 -0.9255 -0.3632
vn -0.9269 -0.3454 0.1470
vn 0.4229 0.5597 -0.7127
vn 0.2623 0.7977 -0.5429
vn 0.0981 0.8927 0.4399
vn 0.0137 0.8665 0.4991
vn 0.9756 -0.2029 0.0834
vn 0.6879 -0.7208 0.0844
vn 0.2648 0.6726 -0.6911
vn 0.3285 0.5319 -0.7805
vn 0.3471 0.7652 -0.5422
vn 0.3662 0.6355 -0.6797
vn 0.3780 0.6893 -0.6180
vn 0.3642 0.5374 -0.7606
vn -0.4529 -0.7952 0.4031
vn 0.1589 -0.9427 0.2935
vn 0.5357 0.4403 -0.7205
vn 0.8591 -0.5027 0.0964
vn 0.2649 0.8075 -0.5270
vn 0.2448 0.8171 -0.5219
vn 0.1866 0.8855 -0.4256
vn 0.2093 0.7952 -0.5691
vn 0.3129 0.7083 -0.6328
vn 0.2141 0.9344 -0.2846
vn 0.3561 0.8432 -0.4027
vn 0.4011 0.7339 -0.5481
vn 0.5114 0.6182 -0.5969
vn 0.3092 0.9427 -0.1251
vn 0.4109 0.9008 -0.1402
vn 0.4738 0.8460 -0.2444
vn 0.5976 0.7595 -0.2569
vn 0.6811 0.6121 -0.4017
vn 0.7637 0.4967 -0.4123
vn 0.3577 0.9338 -0.0062
vn 0.4955 0.8686 -0.0095
vn 0.5999 0.8001 0.0076
vn 0.6937 0.7147 -0.0898
vn 0.8004 0.5945 -0.0761
vn 0.8887 0.4183 -0.1875
vn 0.9441 0.2794 -0.1748
vn 0.4708 0.8816 0.0342
vn 0.4565 0.8890 0.0364
vn 0.5939 0.8018 0.0663
vn 0.6218 0.7812 0.0561
vn 0.7537 0.6515 0.0868
vn 0.8355 0.5494 0.0122
vn 0.9075 0.4187 0.0337
vn 0.9765 0.2129 -0.0329
vn 0.9665 0.2531 -0.0417
vn -0.4531 -0.7951 0.4031
vn 0.0996 0.8445 0.5261
vn 0.0507 0.8143 0.5783
vn -0.4529 -0.7953 0.4030
vn 0.9501 -0.2896 0.1156
vn 0.4053 0.9139 0.0218
vn 0.2550 0.8946 -0.3671
vn 0.3229 0.9368 -0.1343
vn -0.0787 0.9885 -0.1292
vn 0.0618 0.7442 0.6651
vn 0.0437 0.7445 0.6662
vn 0.0575 0.5896 0.8057
vn 0.1133 0.3638 0.9246
vn 0.1935 0.1525 0.9692
vn 0.3178 0.0184 0.9480
vn 0.0505 0.7371 0.6739
vn 0.0947 0.8470 0.5231
vn 0.0613 0.8306 0.5534
vn -0.0085 0.7177 0.6963
vn 0.0405 0.8426 0.5369
vn 0.3006 -0.9231 0.2398
vn 0.0316 0.5875 0.8086
vn 0.0679 0.7125 0.6983
vn -0.0032 0.8159 0.5781
vn 0.0210 0.8783 0.4777
vn 0.0051 0.9077 0.4196
vn 0.1369 0.3621 0.9220
vn 0.1762 0.5490 0.8171
vn 0.0923 0.7130 0.6951
vn 0.1216 0.8168 0.5640
vn 0.0563 0.8803 0.4711
vn 0.0780 0.9267 0.3676
vn 0.2980 0.1196 0.9471
vn 0.3495 0.3704 0.8606
vn 0.2858 0.5299 0.7985
vn 0.3093 0.7116 0.6309
vn 0.2252 0.8107 0.5404
vn 0.2365 0.8903 0.3892
vn 0.1807 0.9243 0.3363
vn 0.1885 0.9558 0.2256
vn 0.4810 -0.0757 0.8735
vn 0.5509 0.2044 0.8091
vn 0.5270 0.2889 0.7993
vn 0.5485 0.5455 0.6337
vn 0.4704 0.6659 0.5791
vn 0.4567 0.7980 0.3933
vn 0.3687 0.8664 0.3369
vn 0.3571 0.9120 0.2018
vn 0.2975 0.9398 0.1681
vn 0.3004 0.9498 0.0874
vn -0.0781 0.9885 -0.1294
vn 0.3862 0.9220 0.0274
vn 0.4641 0.8749 0.1383
vn 0.5968 0.7361 0.3193
vn 0.7211 0.4359 0.5384
vn 0.7223 0.0637 0.6887
vn 0.3763 0.9264 -0.0160
vn 0.4111 0.9105 -0.0449
vn 0.4231 0.9055 -0.0329
vn 0.4337 0.9002 0.0396
vn 0.4861 0.8739 -0.0021
vn 0.4718 0.8811 -0.0341
vn 0.4670 0.8837 -0.0323
vn 0.5596 0.8109 0.1708
vn 0.6377 0.7620 0.1128
vn 0.5888 0.8081 0.0157
vn 0.6158 0.7878 -0.0103
vn 0.5710 0.8210 -0.0010
vn 0.7110 0.5963 0.3728
vn 0.8214 0.4952 0.2832
vn 0.7765 0.6138 0.1425
vn 0.8120 0.5738 0.1069
vn 0.7864 0.6162 0.0426
vn 0.7595 0.6499 0.0273
vn 0.7402 0.6683 0.0737
vn 0.7762 0.2708 0.5694
vn 0.8898 0.1224 0.4396
vn 0.9005 0.3052 0.3098
vn 0.9550 0.1970 0.2216
vn 0.9266 0.3534 0.1287
vn 0.9526 0.2960 0.0700
vn 0.8964 0.4342 0.0895
vn 0.9019 0.4214 0.0950
vn 0.7256 -0.0095 0.6881
vn 0.8277 -0.1606 0.5377
vn 0.8966 0.0371 0.4412
vn 0.9434 -0.0988 0.3167
vn 0.9745 0.0421 0.2203
vn 0.9819 0.0128 0.1888
vn 0.9787 0.1762 0.1054
vn 0.9647 0.2376 0.1138
vn 0.9928 0.1139 0.0375
vn 0.9935 0.0159 0.1131
vn 0.9400 -0.1231 0.3183
vn 0.8277 -0.1610 0.5376
vn 0.0542 -0.8184 0.5721
vn 0.0286 -0.7832 0.6211
vn 0.9936 -0.0720 0.0873
vn 0.9812 -0.0710 0.1797
vn 0.9641 -0.1859 0.1897
vn 0.9327 -0.2469 0.2629
vn 0.9409 -0.2550 0.2230
vn 0.8692 -0.4539 0.1961
vn 0.8365 -0.5338 0.1236
vn 0.8488 -0.2938 0.4396
vn 0.8494 -0.2914 0.4400
vn 0.8514 -0.3823 0.3590
vn 0.8222 -0.4528 0.3450
vn 0.8082 -0.5312 0.2541
vn 0.6926 -0.6904 0.2090
vn 0.6692 -0.3426 0.6594
vn 0.6695 -0.3412 0.6598
vn 0.6919 -0.4595 0.5569
vn 0.6718 -0.5052 0.5417
vn 0.6743 -0.5887 0.4458
vn 0.6074 -0.6841 0.4039
vn 0.5908 -0.7589 0.2738
vn 0.4741 -0.8533 0.2169
vn 0.0048 0.5524 0.8336
vn -0.0390 0.7145 0.6986
vn -0.0216 0.5446 0.8384
vn -0.4533 -0.7949 0.4033
vn -0.0801 0.0221 0.9965
vn 0.0173 0.4090 0.9124
vn 0.0097 0.4087 0.9126
vn 0.0398 -0.0102 0.9992
vn 0.0813 0.1678 0.9825
vn 0.0688 0.1670 0.9836
vn 0.0719 -0.4463 0.8920
vn -0.4530 -0.7952 0.4030
vn 0.0432 -0.2100 0.9767
vn 0.0790 -0.2377 0.9681
vn 0.1283 -0.0517 0.9904
vn 0.1438 -0.0510 0.9883
vn -0.4514 -0.7959 0.4035
vn 0.0978 -0.3552 0.9297
vn 0.1339 -0.3229 0.9369
vn 0.1772 -0.1818 0.9672
vn 0.2600 -0.1810 0.9485
vn -0.4534 -0.7950 0.4030
vn -0.4527 -0.7955 0.4028
vn 0.2337 -0.3742 0.8974
vn 0.2771 -0.2549 0.9264
vn 0.4140 -0.2551 0.8738
vn 0.3586 -0.8925 0.2737
vn 0.4297 -0.7662 0.4777
vn 0.4668 -0.6261 0.6245
vn 0.4596 -0.4852 0.7439
vn 0.1395 -0.9533 0.2677
vn -0.0783 0.9885 -0.1293
vn 0.3586 -0.8347 0.4180
vn 0.1953 -0.8636 0.4648
vn 0.1433 -0.9052 0.4001
vn -0.0777 0.9885 -0.1295
vn -0.0784 0.9885 -0.1290
vn -0.0780 0.9885 -0.1292
vn 0.4265 -0.6866 0.5887
vn 0.2363 -0.7393 0.6306
vn 0.1804 -0.8123 0.5546
vn -0.0783 0.9886 -0.1284
vn -0.0780 0.9885 -0.1296
vn -0.0769 0.9882 -0.1321
vn 0.4543 -0.4973 0.7391
vn 0.2532 -0.5763 0.7770
vn 0.2169 -0.6536 0.7251
vn 0.0851 -0.6724 0.7353
vn -0.0778 0.9886 -0.1291
vn 0.4391 -0.3464 0.8290
vn 0.2406 -0.4407 0.8648
vn 0.2303 -0.4719 0.8510
vn 0.0879 -0.5448 0.8340
vn 0.0662 -0.6108 0.7890
vn -0.8854 0.0437 -0.4628
vn -0.0782 0.9885 -0.1293
vn -0.0777 0.9886 -0.1290
vn -0.0742 0.9893 -0.1260
vn 0.0508 0.9129 0.4050
vn 0.0228 0.9357 0.3519
vn 0.1854 0.9569 0.2236
vn 0.0706 0.9619 0.2640
vn -0.9288 -0.3397 0.1479
vn -0.0780 0.9885 -0.1294
vn -0.0810 0.9886 -0.1273
vn -0.0781 0.9885 -0.1293
vn -0.3856 -0.9113 0.1446
vn 0.2181 -0.9576 0.1880
vn -0.7045 0.3549 -0.6146
vn 0.4520 -0.8790 0.1519
vn -0.3594 -0.9218 0.1454
vn -0.6987 -0.3269 -0.6363
vn -0.0915 -0.8376 0.5385
vn -0.7459 0.2639 -0.6116
vn -0.3125 -0.8925 0.3253
vn -0.6745 -0.7082 -0.2083
vn -0.6527 -0.7293 -0.2053
vn 0.4215 0.8762 0.2340
vn 0.1933 -0.9227 0.3335
vn -0.4754 -0.8794 0.0262
vn -0.5881 -0.8031 -0.0959
vn -0.5141 -0.8574 0.0252
vn -0.1532 0.9657 -0.2096
vn -0.6008 -0.7935 -0.0968
vn -0.7497 -0.5645 -0.3454
vn -0.6928 -0.6463 -0.3200
vn -0.2568 -0.8837 0.3913
vn 0.3748 -0.8935 0.2475
vn 0.2750 -0.9372 0.2145
vn -0.5535 0.5294 0.6430
vn -0.5584 0.5014 0.6609
vn -0.5519 0.5273 0.6460
vn -0.5517 0.5275 0.6460
vn -0.5532 0.5230 0.6484
vn -0.5518 0.5276 0.6459
vn -0.5516 0.5277 0.6459
vn -0.5553 0.5214 0.6479
vn -0.5457 0.5355 0.6446
vn -0.5528 0.5258 0.6465
vn -0.5516 0.5286 0.6452
vn -0.5508 0.5331 0.6422
vn -0.6587 0.3175 -0.6821
vn -0.6387 0.3691 -0.6752
vn -0.6388 0.3650 -0.6773
vn -0.6618 0.3087 -0.6832
vn 0.4195 0.8778 0.2313
vn 0.4356 0.8680 0.2382
vn -0.7509 -0.4591 -0.4747
vn -0.7742 -0.1294 -0.6196
vn -0.8571 -0.1749 -0.4845
vn -0.4571 0.7713 -0.4430
vn 0.4211 0.8762 0.2345
vn -0.2835 0.9192 -0.2733
vn -0.6762 0.3409 -0.6531
vn -0.7484 0.1547 -0.6449
vn -0.6674 0.0532 -0.7428
vn -0.6493 -0.4444 -0.6172
vn -0.6929 -0.0995 -0.7141
vn -0.6821 -0.0007 -0.7313
vn -0.6871 -0.2185 -0.6930
vn -0.6571 -0.3397 -0.6729
vn -0.6497 -0.3522 -0.6736
vn -0.6442 -0.5328 -0.5488
vn -0.6356 -0.5256 -0.5655
vn -0.5550 -0.5572 -0.6176
vn -0.5456 -0.6372 -0.5443
vn -0.5873 -0.6204 -0.5198
vn -0.5652 -0.7138 -0.4136
vn -0.6069 -0.6406 -0.4705
vn -0.5203 -0.6938 -0.4979
vn -0.5200 -0.6705 -0.5292
vn -0.4749 -0.7536 -0.4544
vn -0.5506 -0.7291 -0.4066
vn -0.5260 -0.7921 -0.3097
vn -0.4986 -0.7559 -0.4243
vn -0.4888 -0.7729 -0.4045
vn -0.4573 -0.7750 -0.4361
vn -0.4454 -0.7821 -0.4358
vn -0.4303 -0.8279 -0.3597
vn -0.5107 -0.8046 -0.3031
vn -0.4806 -0.8547 -0.1962
vn -0.3792 -0.8594 -0.3430
vn -0.3889 -0.8485 -0.3588
vn -0.3234 -0.8772 -0.3547
vn -0.3675 -0.8715 -0.3247
vn -0.3435 -0.9091 -0.2356
vn -0.4207 -0.8905 -0.1731
vn -0.3887 -0.9189 -0.0674
vn -0.2403 -0.9334 -0.2666
vn -0.2176 -0.9453 -0.2429
vn -0.2647 -0.9439 -0.1973
vn -0.2320 -0.9667 -0.1082
vn -0.3054 -0.9514 -0.0384
vn -0.2796 -0.9591 0.0447
vn 0.4213 0.8762 0.2340
vn 0.4211 0.8763 0.2342
vn -0.2295 -0.8799 0.4160
vn -0.0196 -0.9867 -0.1613
vn -0.6253 0.3925 -0.6745
vn 0.1049 -0.7780 0.6195
vn -0.1124 0.9843 -0.1364
vn -0.2077 0.9558 -0.2081
vn 0.1968 0.2062 -0.9585
vn 0.1962 0.2041 -0.9591
vn 0.0256 -0.9996 -0.0093
vn 0.1357 -0.9860 0.0969
vn 0.1965 0.2077 -0.9582
vn -0.0068 -0.9903 -0.1388
vn -0.0133 -0.9915 -0.1297
vn -0.0962 -0.9778 -0.1860
vn -0.0224 -0.9944 -0.1028
vn -0.0336 -0.9960 -0.0823
vn 0.0125 -0.9975 -0.0702
vn -0.0132 -0.9951 -0.0978
vn -0.0099 -0.9952 -0.0969
vn -0.1309 -0.9754 -0.1776
vn -0.1022 -0.9803 -0.1688
vn -0.0278 -0.9983 -0.0511
vn 0.0358 -0.9992 0.0150
vn 0.0105 -0.9972 -0.0743
vn -0.0580 -0.9963 -0.0634
vn -0.1094 -0.9898 -0.0917
vn -0.1537 -0.9855 -0.0721
vn 0.0811 -0.9964 -0.0237
vn 0.0048 -0.9971 -0.0754
vn 0.0092 -0.9971 -0.0751
vn -0.0268 -0.9995 -0.0185
vn -0.0581 -0.9983 -0.0024
vn -0.0454 -0.9990 0.0033
vn -0.1147 -0.9922 0.0493
vn -0.1528 -0.9877 0.0319
vn -0.2076 -0.9758 0.0688
vn -0.2926 -0.9298 0.2232
vn 0.4204 0.8770 0.2329
vn -0.3271 0.8616 -0.3881
vn 0.4201 0.8772 0.2325
vn 0.4211 0.8763 0.2339
vn -0.3263 -0.8766 0.3537
vn -0.2260 -0.8868 0.4031
vn -0.4793 0.6849 -0.5488
vn -0.0812 0.9886 -0.1272
vn -0.7368 0.6086 0.2944
vn -0.7378 0.6081 0.2929
vn -0.7378 0.6083 0.2926
vn -0.7378 0.6082 0.2928
vn -0.7333 0.6114 0.2975
vn 0.1008 -0.7520 0.6515
vn -0.6178 0.5007 -0.6064
vn -0.6774 0.2975 -0.6728
vn -0.7847 0.0838 -0.6142
vn 0.0145 -0.9813 -0.1918
vn 0.0242 -0.9918 -0.1253
vn 0.1161 -0.9880 -0.1020
vn 0.0686 -0.9935 -0.0912
vn 0.0572 -0.9981 -0.0211
vn 0.2993 -0.9447 -0.1340
vn 0.2392 -0.9708 -0.0188
vn 0.2047 -0.9787 -0.0168
vn 0.1798 -0.9817 0.0628
vn 0.1407 -0.9877 0.0688
vn 0.1322 -0.9866 0.0959
vn 0.6014 -0.7984 0.0301
vn 0.4650 -0.8834 -0.0591
vn 0.3592 -0.9299 0.0790
vn 0.3198 -0.9443 0.0779
vn 0.2817 -0.9466 0.1568
vn 0.2535 -0.9543 0.1580
vn 0.2334 -0.9518 0.1990
vn 0.2169 -0.9571 0.1922
vn -0.2082 -0.9599 0.1877
vn -0.1163 -0.9815 0.1522
vn -0.0600 -0.9946 0.0844
vn -0.0220 -0.9997 -0.0060
vn 0.0855 -0.9962 -0.0161
vn 0.1395 -0.9865 0.0856
vn -0.2017 -0.9605 0.1918
vn -0.2061 -0.9180 0.3389
vn -0.1511 -0.9802 0.1278
vn -0.1559 -0.9557 0.2495
vn -0.2359 -0.9274 0.2902
vn -0.1170 -0.9923 0.0416
vn -0.1219 -0.9817 0.1462
vn -0.2306 -0.9525 0.1990
vn -0.2411 -0.9198 0.3095
vn -0.0563 -0.9983 -0.0130
vn -0.0481 -0.9967 0.0656
vn -0.1559 -0.9803 0.1214
vn -0.1647 -0.9605 0.2244
vn -0.3176 -0.8995 0.3001
vn -0.7363 0.6089 0.2949
vn 0.0739 -0.9955 0.0594
vn -0.0055 -0.9956 0.0931
vn -0.0071 -0.9802 0.1979
vn -0.1186 -0.9584 0.2595
vn -0.1255 -0.9290 0.3483
vn 0.2226 -0.9727 0.0656
vn 0.2239 -0.9697 0.0980
vn 0.1829 -0.9754 0.1228
vn 0.1889 -0.9605 0.2044
vn 0.0895 -0.9605 0.2635
vn 0.0940 -0.9256 0.3668
vn -0.0181 -0.9006 0.4342
vn -0.0191 -0.8626 0.5056
vn 0.3004 -0.9398 0.1630
vn 0.3068 -0.9416 0.1389
vn 0.3510 -0.9107 0.2177
vn 0.2836 -0.9236 0.2579
vn 0.2974 -0.8887 0.3490
vn 0.1758 -0.8887 0.4235
vn 0.1863 -0.8300 0.5257
vn 0.0991 -0.8085 0.5801
vn 0.5150 -0.8559 0.0475
vn 0.4020 -0.9156 -0.0019
vn 0.1969 0.2060 -0.9585
vn 0.1676 0.2721 -0.9476
vn 0.1969 0.2063 -0.9585
vn 0.1994 0.1875 -0.9618
vn 0.2013 0.1790 -0.9630
vn 0.1969 0.2065 -0.9584
vn 0.1968 0.2059 -0.9586
vn 0.2928 -0.9338 0.2056
vn 0.1968 0.2067 -0.9584
vn 0.4473 -0.8831 0.1416
vn 0.3979 -0.9077 0.1332
vn 0.3761 -0.8922 0.2498
vn 0.3328 -0.9145 0.2302
vn 0.3320 -0.9178 0.2179
vn 0.2837 -0.9174 0.2792
vn 0.2738 -0.9259 0.2602
vn 0.2838 -0.9182 0.2764
vn 0.1999 0.2128 -0.9564
vn 0.1968 0.2063 -0.9585
vn 0.1949 0.1983 -0.9606
vn 0.1972 0.2086 -0.9579
vn 0.1963 0.2076 -0.9583
vn 0.3258 -0.9113 0.2517
vn 0.3325 -0.9139 0.2327
vn 0.3704 -0.9005 0.2279
vn 0.3377 -0.9097 0.2415
vn 0.3019 -0.9172 0.2598
vn 0.3927 -0.8681 0.3038
vn 0.3159 -0.8780 0.3595
vn 0.2969 -0.8875 0.3525
vn 0.2471 -0.8890 0.3856
vn 0.3321 -0.8354 0.4379
vn 0.1858 -0.8303 0.5254
vn 0.2693 -0.9241 0.2712
vn 0.2668 -0.9050 0.3313
vn 0.1572 -0.9022 0.4016
vn 0.2596 -0.8399 0.4766
vn 0.1845 -0.8344 0.5193
vn 0.2298 -0.8447 0.4833
vn 0.1594 -0.8601 0.4847
vn 0.1075 -0.8226 0.5584
vn 0.1447 -0.7802 0.6086
vn 0.1969 0.2064 -0.9585
vn -0.5518 0.5273 0.6461
vn 0.1942 0.2113 -0.9579
vn -0.7381 0.6075 0.2937
vn 0.3489 -0.8956 0.2759
vn -0.1045 -0.9571 -0.2703
vn -0.9171 -0.1753 0.3581
vn -0.1807 0.9827 -0.0401
vn -0.1245 -0.9751 -0.1833
vn -0.8978 0.0411 0.4384
vn -0.1054 0.9937 -0.0382
vn -0.1359 -0.9657 0.2215
vn -0.0903 0.5097 0.8556
vn -0.0023 -0.9940 -0.1097
vn 0.1253 0.2228 -0.9668
vn 0.0769 0.2747 -0.9584
vn -0.0918 0.5085 0.8561
vn 0.8468 -0.4897 0.2076
vn 0.1378 0.9604 -0.2423
vn 0.1018 0.9885 -0.1114
vn -0.5924 -0.6109 0.5252
vn -0.1976 -0.8498 0.4886
vn -0.2953 -0.8895 0.3487
vn 0.1252 0.2262 -0.9660
vn 0.1239 0.2184 -0.9680
vn 0.1254 0.2230 -0.9667
vn -0.4523 -0.2131 -0.8660
vn 0.1269 0.2212 -0.9669
vn 0.1252 0.2229 -0.9668
vn 0.1231 0.2238 -0.9668
vn 0.2266 0.9541 -0.1956
vn 0.1505 0.9706 -0.1881
vn -0.2208 0.9161 0.3347
vn 0.0276 0.9989 -0.0367
vn -0.0212 0.9998 0.0015
vn 0.0611 0.9981 -0.0092
vn 0.0319 0.9985 0.0439
vn -0.0079 0.9999 -0.0107
vn 0.0199 0.9956 0.0916
vn -0.0366 0.9971 0.0675
vn -0.0557 0.9860 0.1574
vn -0.0742 0.9972 0.0009
vn -0.0968 0.9905 0.0972
vn -0.0843 0.9901 0.1121
vn -0.1072 0.9716 0.2111
vn -0.1640 0.9693 0.1831
vn -0.0893 0.5091 0.8561
vn -0.5227 -0.7154 0.4637
vn -0.0937 0.5074 0.8566
vn -0.0895 0.5081 0.8566
vn -0.0884 0.5121 0.8543
vn -0.0902 0.5097 0.8556
vn -0.0900 0.5091 0.8560
vn -0.0900 0.5093 0.8559
vn -0.8202 0.0326 0.5712
vn -0.8023 -0.0666 0.5932
vn -0.0900 0.5097 0.8556
vn -0.0901 0.5094 0.8558
vn 0.1268 0.2195 -0.9673
vn 0.0663 -0.9450 -0.3202
vn -0.2624 -0.9345 0.2408
vn -0.1868 -0.9677 0.1693
vn -0.1285 -0.9885 0.0801
vn -0.1124 -0.9927 -0.0429
vn -0.6574 0.5379 0.5278
vn -0.1019 -0.9131 -0.3949
vn 0.1256 0.2295 -0.9652
vn -0.7428 0.2792 0.6085
vn -0.0036 -0.9614 -0.2753
vn 0.0967 0.9945 -0.0412
vn -0.2191 -0.9667 0.1325
vn -0.1243 -0.9858 0.1128
vn -0.1498 -0.9871 0.0566
vn -0.0578 -0.9975 0.0404
vn -0.0906 -0.9959 0.0034
vn -0.2942 0.8452 0.4463
vn -0.7221 -0.2971 0.6248
vn -0.0988 -0.9948 -0.0268
vn -0.0145 -0.9992 -0.0374
vn -0.0324 -0.9977 -0.0587
vn 0.0219 -0.9975 -0.0677
vn -0.0916 0.5111 0.8546
vn 0.8467 -0.4905 0.2061
vn -0.1004 0.9890 0.1084
vn 0.1254 0.2223 -0.9669
vn -0.0887 -0.9867 -0.1363
vn -0.0105 -0.9901 -0.1399
vn 0.0040 -0.9931 -0.1176
vn 0.0335 -0.9927 -0.1159
vn -0.3814 0.8580 0.3441
vn -0.7546 0.3154 0.5754
vn -0.4746 -0.0667 -0.8777
vn 0.1262 0.2182 -0.9677
vn 0.1254 0.2232 -0.9667
vn 0.0080 0.9959 -0.0899
vn 0.1254 0.2222 -0.9669
vn -0.0246 -0.9997 -0.0093
vn -0.2452 0.9314 -0.2692
vn -0.1220 -0.9156 -0.3832
vn 0.8687 -0.4478 0.2115
vn 0.8468 -0.4897 0.2077
vn 0.8534 -0.4774 0.2094
vn 0.0713 0.9833 -0.1676
vn 0.1758 0.9672 -0.1836
vn 0.0472 0.9960 -0.0757
vn -0.0171 0.9986 -0.0508
vn -0.0430 0.9991 0.0004
vn -0.0434 0.9990 0.0075
vn -0.0013 1.0000 -0.0028
vn 0.1340 0.9861 -0.0977
vn 0.0523 0.9957 -0.0766
vn 0.0309 0.9995 0.0032
vn -0.0312 0.9994 0.0152
vn 0.0225 0.9992 0.0333
vn 0.0308 0.9990 0.0310
vn 0.0293 0.9990 0.0342
vn 0.0621 0.9980 0.0088
vn -0.0005 0.9970 -0.0773
vn -0.0290 0.9991 -0.0304
vn 0.0053 0.9981 -0.0607
vn 0.0140 0.9993 -0.0357
vn -0.1288 0.9793 -0.1563
vn -0.1020 0.9798 -0.1720
vn -0.0500 0.9878 -0.1473
vn -0.0999 0.9871 -0.1254
vn -0.1724 0.9557 0.2388
vn -0.1698 0.9796 0.1071
vn -0.6966 -0.3438 0.6297
vn -0.2542 -0.9339 0.2514
vn -0.1206 -0.9858 0.1170
vn -0.4514 0.8150 0.3634
vn 0.2378 0.9178 -0.3180
vn 0.6749 0.0609 0.7354
vn 0.6828 0.1098 0.7223
vn 0.1810 0.9461 -0.2685
vn 0.6825 0.1098 0.7226
vn -0.0274 0.9973 0.0684
vn -0.7223 -0.0785 0.6871
vn -0.2073 0.9599 0.1885
vn -0.2697 0.9420 0.1998
vn -0.3040 0.9110 0.2786
vn -0.3600 0.8861 0.2918
vn 0.6804 0.1194 0.7230
vn -0.4710 0.7773 0.4172
vn 0.6817 0.1061 0.7239
vn -0.6013 0.5853 0.5439
vn -0.2615 0.9062 0.3322
vn -0.2151 0.9764 0.0183
vn -0.2876 0.9576 0.0166
vn -0.3330 0.9383 0.0937
vn -0.4042 0.9098 0.0944
vn -0.4465 0.8792 0.1663
vn -0.5232 0.8353 0.1693
vn -0.5568 0.7993 0.2260
vn -0.6630 0.7123 0.2305
vn -0.7014 0.6483 0.2963
vn -0.7716 0.5618 0.2983
vn -0.8019 0.4778 0.3587
vn -0.8472 0.3933 0.3573
vn -0.8683 0.2452 0.4313
vn -0.9025 0.1036 0.4181
vn -0.8149 -0.2419 0.5268
vn -0.5848 0.6827 0.4380
vn -0.2384 -0.8433 -0.4817
vn -0.4409 -0.7262 0.5274
vn -0.3923 -0.8399 0.3752
vn -0.4956 -0.7754 0.3914
vn -0.3996 -0.8401 0.3667
vn -0.3590 -0.8953 0.2637
vn -0.6538 -0.5045 0.5640
vn -0.5756 -0.6152 0.5388
vn -0.5489 -0.6998 0.4572
vn -0.4599 -0.7758 0.4320
vn -0.4193 -0.8473 0.3261
vn -0.3257 -0.8960 0.3017
vn -0.2800 -0.9410 0.1898
vn -0.6759 -0.4552 0.5796
vn -0.6458 -0.5119 0.5664
vn -0.6219 -0.6167 0.4826
vn -0.5447 -0.7002 0.4616
vn -0.5064 -0.7827 0.3619
vn -0.4099 -0.8477 0.3367
vn -0.3616 -0.9050 0.2239
vn -0.2686 -0.9415 0.2037
vn -0.2200 -0.9708 0.0954
vn -0.8108 -0.2548 0.5269
vn -0.8020 -0.3816 0.4596
vn -0.7885 -0.4100 0.4584
vn -0.7677 -0.5093 0.3888
vn -0.7143 -0.5868 0.3813
vn -0.6782 -0.6722 0.2969
vn -0.5770 -0.7669 0.2810
vn -0.5260 -0.8313 0.1796
vn -0.4089 -0.8978 0.1636
vn -0.3545 -0.9331 0.0602
vn -0.2512 -0.9666 0.0504
vn -0.2049 -0.9781 -0.0369
vn -0.9255 -0.1320 0.3549
vn -0.9150 -0.2970 0.2732
vn -0.9244 -0.2676 0.2717
vn -0.9040 -0.3755 0.2046
vn -0.8906 -0.4057 0.2056
vn -0.8598 -0.4921 0.1362
vn -0.7911 -0.5960 0.1375
vn -0.7395 -0.6714 0.0486
vn -0.6166 -0.7857 0.0493
vn -0.5519 -0.8324 -0.0501
vn -0.4204 -0.9062 -0.0460
vn -0.3637 -0.9219 -0.1332
vn -0.2536 -0.9590 -0.1269
vn -0.2148 -0.9584 -0.1882
vn 0.8468 -0.4905 0.2059
vn -0.0007 -0.9801 -0.1984
vn -0.3622 -0.5599 -0.7452
vn -0.0406 -0.9951 0.0899
vn 0.1255 0.2230 -0.9667
vn 0.1255 0.2231 -0.9667
vn 0.1257 0.2226 -0.9668
vn 0.1000 0.1757 -0.9794
vn 0.0065 -0.9794 -0.2021
vn 0.0026 -0.9683 -0.2498
vn -0.0107 -0.9715 -0.2370
vn -0.0093 -0.9715 -0.2368
vn -0.0813 -0.9578 -0.2758
vn -0.0684 -0.9372 -0.3421
vn -0.0988 -0.9316 -0.3498
vn -0.1166 -0.9334 -0.3393
vn 0.1226 -0.9622 -0.2431
vn -0.4036 -0.3579 -0.8420
vn -0.2894 0.8725 -0.3937
vn -0.2805 0.8931 -0.3517
vn -0.1824 0.9443 -0.2740
vn -0.2202 0.9033 -0.3682
vn -0.1680 0.9346 -0.3137
vn -0.1514 0.9552 -0.2544
vn -0.3390 0.7677 -0.5438
vn -0.2838 0.8280 -0.4837
vn -0.2704 0.8581 -0.4366
vn -0.2486 0.8720 -0.4216
vn -0.2122 0.9065 -0.3650
vn -0.2257 0.9235 -0.3102
vn -0.1631 0.9547 -0.2489
vn -0.1626 0.9693 -0.1846
vn -0.2193 0.9643 -0.1481
vn -0.2825 0.9169 -0.2821
vn -0.3201 0.8492 -0.4201
vn -0.3722 0.7477 -0.5499
vn -0.4496 0.5581 -0.6974
vn -0.4418 0.3141 -0.8403
vn -0.2525 0.9536 -0.1641
vn -0.3367 0.9362 -0.1009
vn -0.2969 0.9106 -0.2876
vn -0.4076 0.8852 -0.2241
vn -0.3737 0.9204 -0.1152
vn -0.4668 0.8837 -0.0324
vn -0.3371 0.8637 -0.3748
vn -0.4541 0.8313 -0.3206
vn -0.4370 0.8671 -0.2391
vn -0.5622 0.8129 -0.1522
vn -0.5222 0.8515 -0.0472
vn -0.5994 0.7997 0.0340
vn -0.3766 0.7971 -0.4720
vn -0.5048 0.7512 -0.4252
vn -0.4966 0.7954 -0.3475
vn -0.6528 0.7122 -0.2582
vn -0.6311 0.7550 -0.1780
vn -0.7395 0.6678 -0.0848
vn -0.6963 0.7176 0.0177
vn -0.7492 0.6568 0.0850
vn -0.4428 0.6387 -0.6292
vn -0.5775 0.5617 -0.5924
vn -0.5836 0.6504 -0.4862
vn -0.7492 0.5247 -0.4044
vn -0.7374 0.6061 -0.2981
vn -0.8582 0.4731 -0.1991
vn -0.8368 0.5361 -0.1114
vn -0.8905 0.4526 -0.0465
vn -0.8455 0.5288 0.0744
vn -0.8724 0.4736 0.1212
vn -0.4851 0.4530 -0.7480
vn -0.5666 0.3880 -0.7269
vn -0.5982 0.5159 -0.6132
vn -0.7498 0.3734 -0.5462
vn -0.7596 0.5043 -0.4108
vn -0.8913 0.3346 -0.3061
vn -0.8827 0.4213 -0.2083
vn -0.9433 0.3052 -0.1308
vn -0.9290 0.3659 -0.0558
vn -0.9567 0.2909 -0.0043
vn -0.9190 0.3764 0.1175
vn -0.9398 0.2903 0.1801
vn -0.5322 0.1095 -0.8395
vn -0.5937 0.2453 -0.7664
vn -0.7148 0.0727 -0.6955
vn -0.7799 0.2506 -0.5736
vn -0.8898 0.0296 -0.4553
vn -0.9272 0.1837 -0.3264
vn -0.9730 0.0230 -0.2296
vn -0.9832 0.1073 -0.1474
vn -0.9941 0.0342 -0.1029
vn -0.9982 0.0580 -0.0180
vn -0.9997 -0.0119 0.0224
vn -0.9791 0.1026 0.1758
vn -0.9700 -0.0085 0.2431
vn -0.9673 -0.0814 0.2404
vn -0.9902 -0.1359 0.0310
vn -0.9683 -0.0881 -0.2336
vn -0.8877 -0.0445 -0.4583
vn -0.7132 -0.0195 -0.7007
vn -0.5254 0.0040 -0.8509
vn -0.9645 -0.2330 0.1245
vn -0.9772 -0.1758 0.1190
vn -0.9583 -0.2755 0.0756
vn -0.9681 -0.2025 -0.1474
vn -0.9684 -0.2007 -0.1478
vn -0.9587 -0.2749 -0.0735
vn -0.9602 -0.2690 -0.0749
vn -0.9488 -0.3150 -0.0240
vn -0.9279 -0.3721 -0.0223
vn -0.9113 -0.2244 -0.3452
vn -0.9142 -0.2118 -0.3455
vn -0.9097 -0.3270 -0.2560
vn -0.9166 -0.3062 -0.2570
vn -0.9033 -0.3888 -0.1816
vn -0.8994 -0.3979 -0.1810
vn -0.8789 -0.4642 -0.1092
vn -0.8136 -0.5728 -0.0996
vn -0.7668 -0.2267 -0.6005
vn -0.7713 -0.2063 -0.6021
vn -0.7866 -0.3786 -0.4879
vn -0.8055 -0.3272 -0.4941
vn -0.8000 -0.4534 -0.3928
vn -0.7975 -0.4586 -0.3921
vn -0.7826 -0.5353 -0.3178
vn -0.7505 -0.5840 -0.3093
vn -0.7164 -0.6654 -0.2099
vn -0.6222 -0.7602 -0.1873
vn -0.5828 -0.1612 -0.7964
vn -0.5760 -0.1989 -0.7929
vn -0.6075 -0.3523 -0.7120
vn -0.6170 -0.3235 -0.7174
vn -0.6300 -0.4688 -0.6191
vn -0.6373 -0.4539 -0.6228
vn -0.6310 -0.5784 -0.5169
vn -0.6087 -0.6103 -0.5070
vn -0.5924 -0.6808 -0.4308
vn -0.5449 -0.7306 -0.4115
vn -0.5026 -0.8150 -0.2886
vn -0.4228 -0.8679 -0.2607
vn 0.1254 0.2227 -0.9668
vn -0.4636 -0.2758 -0.8420
vn -0.4603 -0.2914 -0.8386
vn -0.4820 -0.4029 -0.7781
vn -0.4765 -0.4162 -0.7744
vn -0.4863 -0.5291 -0.6954
vn -0.4672 -0.5608 -0.6836
vn -0.4610 -0.6676 -0.5846
vn -0.4317 -0.7007 -0.5680
vn -0.4155 -0.7688 -0.4861
vn -0.3612 -0.8120 -0.4584
vn -0.3218 -0.8867 -0.3319
vn -0.2626 -0.9152 -0.3058
vn -0.0167 -0.9999 -0.0031
vn -0.1938 -0.9172 -0.3480
vn -0.2771 -0.8209 -0.4993
vn -0.3389 -0.7186 -0.6073
vn -0.3903 -0.5831 -0.7125
vn -0.4142 -0.4402 -0.7966
vn -0.1981 -0.8787 -0.4343
vn -0.1705 -0.8794 -0.4444
vn -0.2828 -0.7776 -0.5615
vn -0.3375 -0.6591 -0.6721
vn -0.3457 -0.6579 -0.6691
vn -0.2448 -0.7768 -0.5802
vn -0.3141 -0.7324 -0.6041
vn -0.1839 -0.8537 -0.4873
vn 0.0648 -0.9867 -0.1488
vn -0.3869 -0.5316 -0.7535
vn 0.0598 -0.9860 -0.1555
vn -0.4414 -0.7253 0.5283
vn 0.5092 0.4715 0.7201
vn 0.5117 0.4701 0.7192
vn 0.5122 0.4695 0.7192
vn -0.1200 0.9807 -0.1544
vn -0.0365 0.9975 -0.0608
vn 0.0481 -0.9828 -0.1784
vn 0.0393 0.9988 -0.0292
vn 0.0287 0.9994 -0.0172
vn 0.5060 0.4782 0.7178
vn -0.9285 0.3690 -0.0407
vn 0.2055 -0.9373 0.2816
vn -0.1168 0.9000 0.4200
vn -0.2166 0.8471 0.4854
vn 0.2489 0.5722 0.7814
vn 0.2052 -0.9371 0.2823
vn -0.9449 0.2875 -0.1564
vn -0.9190 0.3867 -0.0772
vn -0.9402 0.3210 -0.1144
vn -0.8961 0.4321 -0.1016
vn -0.8824 0.4596 -0.1005
vn -0.3515 0.8922 -0.2836
vn -0.8371 0.5414 -0.0781
vn -0.8364 0.5425 -0.0782
vn -0.7435 0.6658 -0.0628
vn -0.8389 0.5395 0.0718
vn -0.9356 0.3441 0.0789
vn -0.8916 0.4528 0.0002
vn -0.8918 0.4524 0.0003
vn -0.7807 0.6193 -0.0836
vn -0.6456 0.7613 -0.0605
vn 0.2057 -0.9365 0.2842
vn 0.0633 0.9873 0.1458
vn 0.0367 0.9919 0.1218
vn -0.2619 0.9616 0.0822
vn 0.0880 0.7769 0.6235
vn 0.0400 0.9922 0.1179
vn 0.1040 0.9895 0.1006
vn 0.0381 0.9906 0.1317
vn 0.2055 -0.9370 0.2824
vn 0.2053 -0.9371 0.2824
vn 0.2016 -0.9376 0.2832
vn -0.2704 -0.9024 -0.3356
vn -0.2715 -0.9025 -0.3343
vn -0.2721 -0.9023 -0.3343
vn -0.2718 -0.9028 -0.3333
vn -0.2713 -0.9023 -0.3350
vn -0.4283 -0.3384 0.8379
vn -0.2719 -0.9024 -0.3341
vn 0.4848 0.4427 0.7543
vn 0.0032 0.9299 0.3677
vn -0.2719 -0.9025 -0.3341
vn -0.4272 -0.0449 0.9030
vn -0.3403 0.4903 0.8024
vn 0.2443 0.4948 0.8340
vn 0.1889 -0.9412 0.2801
vn -0.5432 -0.8232 0.1654
vn 0.2925 0.9332 -0.2087
vn -0.9277 0.3715 -0.0369
vn 0.2920 0.9333 -0.2090
vn 0.2916 0.9334 -0.2089
vn 0.2924 0.9332 -0.2089
vn 0.3438 0.6091 0.7147
vn -0.1390 0.9378 0.3182
vn -0.2249 0.9325 0.2827
vn -0.9803 0.1036 -0.1682
vn -0.1022 0.9457 0.3086
vn -0.5027 0.8645 -0.0053
vn -0.9824 0.1699 -0.0776
vn -0.9908 0.1217 -0.0592
vn -0.9815 0.1892 0.0287
vn -0.8099 -0.5865 -0.0092
vn -0.9889 -0.1225 0.0839
vn -0.9884 0.1240 0.0877
vn -0.9713 0.1999 0.1291
vn -0.7576 0.4395 0.4827
vn -0.6181 0.3952 0.6796
vn -0.4531 0.4018 0.7958
vn -0.3963 0.4720 0.7875
vn -0.4196 0.5950 0.6855
vn -0.3401 0.7592 0.5550
vn -0.9042 0.3113 0.2925
vn -0.8846 0.4251 0.1919
vn -0.8169 0.3415 0.4649
vn -0.7787 0.4951 0.3853
vn -0.9115 0.3653 0.1887
vn -0.8346 0.5422 0.0968
vn -0.6153 0.3996 0.6795
vn -0.5916 0.5542 0.5855
vn -0.7925 0.4710 0.3874
vn -0.7182 0.6420 0.2686
vn -0.8369 0.5388 0.0965
vn -0.7361 0.6766 0.0175
vn -0.4138 0.4761 0.7760
vn -0.4004 0.6253 0.6699
vn -0.5463 0.6196 0.5636
vn -0.4911 0.7632 0.4200
vn -0.6485 0.7161 0.2581
vn -0.5689 0.8090 0.1478
vn -0.6581 0.7525 0.0240
vn -0.6126 0.7901 -0.0231
vn -0.3225 0.6058 0.7273
vn -0.3088 0.7280 0.6121
vn -0.3166 0.7292 0.6066
vn -0.2865 0.8405 0.4598
vn -0.3863 0.8432 0.3738
vn -0.3396 0.9045 0.2580
vn -0.4492 0.8833 0.1344
vn -0.4231 0.9012 0.0942
vn -0.4969 0.8677 -0.0095
vn -0.2899 0.7481 0.5970
vn -0.2712 0.8356 0.4777
vn -0.2037 0.8234 0.5297
vn -0.1861 0.8982 0.3983
vn -0.1893 0.8987 0.3957
vn -0.1686 0.9413 0.2924
vn -0.2400 0.9449 0.2226
vn -0.2283 0.9549 0.1899
vn -0.3184 0.9444 0.0817
vn -0.2231 0.8482 0.4803
vn -0.2093 0.9030 0.3753
vn -0.1649 0.8976 0.4088
vn -0.1503 0.9442 0.2932
vn -0.1023 0.9337 0.3433
vn -0.0889 0.9637 0.2516
vn -0.0915 0.9636 0.2511
vn -0.1576 0.9735 0.1656
vn -0.1682 0.9661 0.1959
vn -0.0450 0.9753 0.2162
vn -0.0068 0.9866 0.1632
vn 0.0199 0.9815 0.1903
vn 0.0732 0.9907 0.1144
vn -0.3390 -0.9407 0.0110
vn 0.9555 -0.0239 0.2942
vn -0.3511 0.8924 -0.2835
vn -0.3130 -0.9162 0.2502
vn -0.6268 -0.7773 0.0543
vn 0.0014 0.9055 0.4243
vn -0.3648 -0.8464 0.3879
vn -0.4799 -0.7471 0.4600
vn -0.6432 -0.6978 0.3152
vn -0.7679 -0.5387 0.3465
vn -0.8842 -0.4242 0.1955
vn -0.9529 -0.2338 0.1935
vn -0.4176 -0.5797 0.6997
vn -0.5284 -0.5917 0.6088
vn -0.6416 -0.3748 0.6693
vn -0.8279 -0.2694 0.4919
vn -0.8609 -0.1292 0.4921
vn -0.9564 0.0314 0.2903
vn -0.9490 0.1521 0.2761
vn -0.1854 0.9612 0.2042
vn -0.0547 0.9709 0.2332
vn -0.1330 0.9337 0.3323
vn -0.0658 0.9587 0.2767
vn -0.1288 0.9418 0.3104
vn -0.1348 0.9287 0.3454
vn -0.1642 0.9227 0.3489
vn -0.0628 0.9656 0.2522
vn -0.0866 0.9546 0.2849
vn -0.0953 0.9362 0.3383
vn -0.1421 0.9193 0.3670
vn -0.1222 0.9216 0.3683
vn -0.1128 0.9454 0.3056
vn -0.0644 0.9588 0.2766
vn -0.1662 0.9294 0.3296
vn -0.0991 0.9504 0.2948
vn -0.0924 0.9635 0.2511
vn -0.0154 0.9757 0.2187
vn -0.1210 0.9518 0.2818
vn -0.0875 0.9674 0.2377
vn -0.0877 0.9765 0.1971
vn -0.1317 0.9554 0.2643
vn -0.1622 0.9436 0.2887
vn -0.1433 0.9481 0.2840
vn -0.0482 0.9681 0.2458
vn -0.0408 0.9797 0.1961
vn 0.0329 0.9860 0.1638
vn -0.1118 0.9272 0.3575
vn -0.0367 0.9563 0.2900
vn -0.0717 0.9577 0.2787
vn -0.1067 0.9332 0.3433
vn -0.1121 0.9330 0.3421
vn -0.1103 0.9348 0.3377
vn -0.0464 0.9481 0.3145
vn -0.0381 0.9660 0.2555
vn 0.0368 0.9733 0.2267
vn 0.0439 0.9841 0.1724
vn 0.9554 -0.0236 0.2942
vn -0.7765 -0.6270 0.0623
vn 0.1204 -0.6380 -0.7606
vn -0.3509 0.8925 -0.2835
vn -0.3505 0.8918 -0.2860
vn -0.2717 -0.9026 -0.3340
vn -0.9199 0.2472 0.3045
vn -0.8210 0.1343 0.5549
vn -0.6359 -0.1077 0.7642
vn -0.8274 0.2410 0.5072
vn -0.6714 0.1219 0.7310
vn -0.6160 0.2493 0.7473
vn -0.4997 -0.1054 0.8597
vn -0.4629 0.1026 0.8804
vn -0.4571 0.2368 0.8573
vn -0.4344 0.2960 0.8507
vn -0.3937 -0.3552 0.8478
vn -0.4359 0.2945 0.8505
vn -0.3968 0.3750 0.8378
vn -0.5075 -0.0053 0.8616
vn -0.5184 0.2943 0.8029
vn -0.5218 0.2876 0.8031
vn -0.4900 0.4113 0.7686
vn -0.5067 0.3835 0.7721
vn -0.4421 0.5213 0.7299
vn -0.4196 0.5926 0.6876
vn -0.3525 0.6924 0.6295
vn -0.3662 0.3879 0.8458
vn -0.3412 0.5342 0.7735
vn -0.2890 0.6299 0.7209
vn -0.2866 0.7000 0.6541
vn -0.2228 0.7811 0.5833
vn -0.0574 0.8665 0.4959
vn 0.1149 0.7886 0.6041
vn 0.0117 0.8750 0.4841
vn 0.2065 0.8121 0.5458
vn 0.0465 0.9203 0.3885
vn 0.0525 0.9093 0.4127
vn 0.3537 0.6391 0.6830
vn 0.3728 0.5833 0.7216
vn 0.1703 0.8252 0.5385
vn 0.1696 0.7632 0.6235
vn -0.0080 0.9049 0.4255
vn 0.2055 -0.9373 0.2817
vn 0.3874 0.2585 0.8850
vn 0.0883 0.7496 0.6559
vn -0.0242 0.8746 0.4843
vn -0.0340 0.8975 0.4397
vn -0.3509 0.8924 -0.2838
vn 0.0908 0.8581 0.5054
vn -0.3520 0.8924 -0.2822
vn 0.2050 -0.9371 0.2824
vn -0.9655 -0.2605 -0.0012
vn -0.9795 -0.1921 -0.0613
vn 0.0889 0.9362 0.3401
vn 0.0841 0.9602 0.2663
vn 0.2051 -0.9379 0.2797
vn 0.1155 0.9833 0.1410
vn 0.2111 -0.9356 0.2829
vn 0.4155 0.4437 0.7940
vn 0.9564 -0.0344 0.2899
vn 0.9554 -0.0220 0.2945
vn 0.2054 -0.9371 0.2822
vn 0.9540 -0.0185 0.2993
vn 0.2054 -0.9369 0.2830
vn 0.9555 -0.0236 0.2941
vn 0.9555 -0.0239 0.2941
vn 0.9554 -0.0237 0.2942
vn 0.1206 -0.6378 -0.7607
vn 0.1381 -0.9884 -0.0626
vn -0.3513 0.8922 -0.2839
vn 0.1204 -0.6380 -0.7605
vn -0.3520 0.8919 -0.2840
vn -0.3502 0.8934 -0.2815
vn -0.3502 0.8929 -0.2830
vn -0.3505 0.8926 -0.2835
vn -0.0816 0.5855 0.8066
vn -0.3485 0.8937 -0.2826
vn -0.3506 0.8923 -0.2845
vn 0.1696 0.6359 0.7529
vn -0.0948 0.7906 0.6050
vn -0.1012 0.6460 0.7566
vn -0.0927 0.4967 0.8630
vn -0.0700 0.7355 0.6739
vn 0.1115 0.7369 0.6668
vn 0.1655 0.5783 0.7989
vn -0.4079 -0.9023 0.1397
vn -0.2707 -0.9022 -0.3357
vn -0.1991 0.9426 0.2682
vn -0.3252 0.9409 0.0942
vn -0.3935 0.9193 -0.0054
vn -0.8476 0.5298 -0.0303
vn -0.9842 0.1682 -0.0553
vn -0.3093 0.9329 0.1845
vn 0.2448 0.8643 -0.4394
vn 0.1690 -0.9812 0.0936
vn -0.5295 0.7729 -0.3496
vn 0.1742 0.9596 0.2208
vn 0.0614 0.9880 0.1418
vn 0.1400 -0.9900 0.0192
vn 0.1476 0.9724 0.1804
vn -0.3059 0.8451 0.4384
vn 0.1838 0.9806 0.0682
vn -0.5218 0.7807 -0.3439
vn -0.2481 0.8600 0.4460
vn -0.5288 0.7732 -0.3500
vn -0.5276 0.7743 -0.3495
vn -0.5295 0.7726 -0.3504
vn -0.5290 0.7733 -0.3496
vn -0.5291 0.7730 -0.3502
vn -0.5286 0.7734 -0.3499
vn 0.1528 -0.9533 -0.2604
vn -0.3813 -0.8634 -0.3302
vn -0.5297 0.7724 -0.3505
vn -0.5294 0.7727 -0.3503
vn -0.5299 0.7721 -0.3507
vn -0.3817 -0.8626 -0.3320
vn -0.5549 -0.5487 -0.6254
vn 0.5412 -0.5089 -0.6694
vn -0.5576 -0.5434 -0.6276
vn -0.2538 0.9282 0.2719
vn -0.3839 -0.8599 -0.3364
vn 0.2472 0.7994 -0.5476
vn 0.0631 -0.9973 0.0367
vn 0.3838 0.8631 0.3283
vn -0.5294 0.7728 -0.3500
vn -0.5382 0.7681 -0.3470
vn 0.3104 0.7004 -0.6428
vn 0.2552 0.8664 -0.4292
vn -0.5606 -0.5348 -0.6323
vn -0.5575 -0.5433 -0.6276
vn -0.3084 0.8186 0.4845
vn -0.5576 -0.5433 -0.6276
vn -0.1690 0.8905 0.4224
vn -0.5573 -0.5438 -0.6275
vn -0.2586 0.8829 0.3919
vn 0.5867 0.1103 -0.8023
vn -0.1950 -0.8470 0.4946
vn -0.1529 0.9446 0.2904
vn -0.5519 -0.5358 -0.6390
vn 0.4964 0.3143 -0.8092
vn 0.1932 0.9668 0.1670
vn -0.5288 0.7730 -0.3504
vn -0.1957 -0.8457 0.4965
vn -0.1977 -0.8451 0.4968
vn 0.0509 0.9417 0.3327
vn -0.1960 -0.8456 0.4966
vn -0.1953 -0.8448 0.4981
vn -0.1960 -0.8456 0.4965
vn -0.1958 -0.8465 0.4951
vn -0.1962 -0.8438 0.4995
vn -0.1448 0.9280 0.3433
vn 0.8129 -0.3126 0.4914
vn 0.3181 0.9289 0.1896
vn 0.2392 0.9297 0.2800
vn 0.2377 -0.9360 0.2598
vn 0.0935 0.9924 0.0800
vn 0.3137 0.8999 0.3030
vn 0.2066 0.9433 0.2600
vn 0.7912 0.4721 0.3887
vn 0.3624 -0.1710 0.9162
vn 0.3680 -0.1706 0.9140
vn 0.3648 -0.1702 0.9154
vn 0.3640 -0.1707 0.9156
vn 0.3606 -0.1738 0.9164
vn 0.3641 -0.1705 0.9156
vn 0.3661 -0.8969 0.2481
vn -0.0979 0.9693 0.2256
vn 0.0518 0.9300 0.3638
vn 0.3640 -0.1696 0.9158
vn 0.3648 -0.1596 0.9173
vn 0.3641 -0.1706 0.9156
vn 0.3634 -0.1705 0.9159
vn 0.3636 -0.1710 0.9157
vn 0.3640 -0.1705 0.9156
vn 0.3641 -0.1724 0.9153
vn 0.6667 -0.6739 0.3185
vn -0.1114 0.9813 0.1568
vn 0.1425 -0.9815 -0.1282
vn 0.0301 0.9648 0.2614
vn 0.0889 0.9781 0.1882
vn 0.0656 0.9896 0.1283
vn 0.1032 0.9906 0.0901
vn 0.1784 0.9327 -0.3134
vn 0.3637 -0.1707 0.9157
vn 0.2454 0.9259 0.2873
vn 0.2056 0.9546 0.2158
vn 0.2588 0.9561 0.1371
vn 0.2331 0.9654 0.1165
vn 0.1977 0.9622 0.1871
vn -0.5297 0.7722 -0.3510
vn 0.2762 0.9507 0.1412
vn 0.2402 0.9567 0.1643
vn 0.2463 0.9500 0.1918
vn 0.2051 0.9492 0.2387
vn 0.5924 -0.2483 -0.7664
vn 0.7414 -0.5927 0.3147
vn 0.4396 -0.8585 0.2641
vn 0.4972 -0.7759 0.3882
vn 0.2211 0.9525 -0.2095
vn 0.2195 0.9469 -0.2350
vn 0.2260 0.9421 -0.2476
vn 0.2262 0.9321 -0.2828
vn 0.2991 0.8948 -0.3315
vn 0.3211 0.8520 -0.4134
vn 0.4021 0.7824 -0.4756
vn 0.4379 0.6442 -0.6272
vn 0.4889 0.5578 -0.6707
vn 0.5543 -0.1006 -0.8262
vn 0.5274 -0.4193 -0.7389
vn 0.4686 -0.6266 -0.6227
vn 0.3982 -0.7700 -0.4986
vn 0.3965 -0.8172 -0.4183
vn 0.3151 -0.8793 -0.3572
vn 0.3090 -0.9096 -0.2776
vn 0.2566 -0.9373 -0.2360
vn 0.2580 -0.9572 -0.1315
vn 0.1996 -0.9753 -0.0945
vn 0.2008 -0.9795 -0.0184
vn 0.3358 -0.8914 0.3043
vn 0.1960 0.9631 0.1845
vn -0.0549 0.9931 0.1036
vn 0.3660 -0.1686 0.9152
vn 0.2344 0.9620 0.1397
vn 0.1624 0.9735 0.1609
vn 0.2128 0.9645 0.1562
vn 0.2202 0.9470 0.2338
vn 0.1328 0.9706 0.2010
vn 0.3156 0.9002 0.3001
vn 0.2021 0.9479 0.2462
vn 0.1361 0.9663 0.2183
vn 0.1297 0.9663 0.2224
vn 0.1641 0.9564 0.2417
vn 0.2842 0.9274 0.2430
vn 0.2164 0.9504 0.2236
vn 0.2027 0.9595 0.1959
vn 0.1551 0.9706 0.1843
vn 0.1536 0.9734 0.1699
vn 0.1921 0.9673 0.1656
vn 0.1887 0.9781 0.0879
vn 0.2383 0.9633 0.1236
vn 0.3130 0.9291 0.1968
vn 0.4208 0.8574 0.2962
vn 0.5656 0.7184 0.4051
vn 0.1853 0.9804 0.0676
vn 0.2122 0.9763 -0.0413
vn 0.2116 0.9735 0.0871
vn 0.2448 0.9695 -0.0132
vn 0.2131 0.9761 -0.0427
vn 0.2272 0.9645 -0.1350
vn 0.2255 0.9636 -0.1435
vn 0.2268 0.9540 -0.1958
vn 0.2702 0.9545 0.1262
vn 0.3042 0.9515 0.0452
vn 0.2512 0.9678 -0.0144
vn 0.2714 0.9567 -0.1047
vn 0.3794 0.9000 0.2145
vn 0.4344 0.8919 0.1256
vn 0.3706 0.9278 0.0434
vn 0.4130 0.9081 -0.0694
vn 0.3388 0.9315 -0.1319
vn 0.3553 0.9082 -0.2212
vn 0.3126 0.9163 -0.2506
vn 0.3142 0.8988 -0.3056
vn 0.3229 0.8960 -0.3048
vn 0.5330 0.7733 0.3433
vn 0.6229 0.7416 0.2489
vn 0.5537 0.8203 0.1433
vn 0.6389 0.7692 0.0073
vn 0.5315 0.8419 -0.0931
vn 0.5778 0.7831 -0.2299
vn 0.4799 0.8289 -0.2875
vn 0.4919 0.7854 -0.3757
vn 0.4350 0.8068 -0.3997
vn 0.4558 0.7613 -0.4612
vn 0.7057 0.5154 0.4862
vn 0.7522 0.5917 0.2901
vn 0.8747 0.4630 0.1433
vn 0.7741 0.6331 0.0044
vn 0.8590 0.4797 -0.1787
vn 0.7230 0.6289 -0.2857
vn 0.7497 0.5031 -0.4299
vn 0.6449 0.5930 -0.4822
vn 0.6445 0.5096 -0.5700
vn 0.5791 0.5792 -0.5737
vn 0.5824 0.4721 -0.6618
vn 0.6499 0.1775 -0.7390
vn 0.7342 0.2042 -0.6475
vn 0.8458 0.2234 -0.4845
vn 0.9465 0.2558 -0.1967
vn 0.9527 0.2608 0.1561
vn 0.8620 0.2529 0.4394
vn 0.6607 0.1454 -0.7365
vn 0.6469 -0.2029 -0.7351
vn 0.7139 0.1049 -0.6923
vn 0.6951 -0.2190 -0.6847
vn 0.6616 -0.2535 -0.7057
vn 0.5904 -0.4790 -0.6496
vn 0.8017 0.0719 -0.5934
vn 0.7811 -0.2198 -0.5844
vn 0.7143 -0.3025 -0.6311
vn 0.6382 -0.5085 -0.5780
vn 0.5972 -0.5371 -0.5957
vn 0.5173 -0.6667 -0.5366
vn 0.9308 0.0126 -0.3654
vn 0.9106 -0.2060 -0.3583
vn 0.7997 -0.3816 -0.4636
vn 0.7283 -0.5357 -0.4274
vn 0.6373 -0.6071 -0.4747
vn 0.5594 -0.7098 -0.4281
vn 0.5141 -0.7318 -0.4474
vn 0.4400 -0.8036 -0.4009
vn 1.0000 -0.0070 -0.0049
vn 0.9840 -0.1784 -0.0021
vn 0.8883 -0.4291 -0.1636
vn 0.8267 -0.5422 -0.1504
vn 0.6926 -0.6746 -0.2553
vn 0.6225 -0.7478 -0.2307
vn 0.5333 -0.7970 -0.2835
vn 0.4678 -0.8464 -0.2546
vn 0.4227 -0.8625 -0.2783
vn 0.3648 -0.8967 -0.2507
vn 0.9384 0.0292 0.3442
vn 0.9288 -0.1327 0.3461
vn 0.9006 -0.3896 0.1927
vn 0.8449 -0.5007 0.1881
vn 0.7342 -0.6778 0.0401
vn 0.6664 -0.7443 0.0434
vn 0.5559 -0.8292 -0.0584
vn 0.4949 -0.8677 -0.0473
vn 0.4230 -0.9003 -0.1025
vn 0.3775 -0.9216 -0.0900
vn 0.3344 -0.9349 -0.1190
vn 0.2985 -0.9483 -0.1074
vn 0.6743 -0.6632 0.3248
vn 0.5739 -0.7984 0.1821
vn 0.5047 -0.8451 0.1764
vn 0.4276 -0.8996 0.0883
vn 0.3818 -0.9198 0.0904
vn 0.3276 -0.9440 0.0382
vn 0.3026 -0.9522 0.0417
vn 0.2614 -0.9652 0.0079
vn 0.2438 -0.9698 0.0115
vn 0.2067 -0.9733 0.0997
vn 0.2520 -0.9566 0.1460
vn 0.3268 -0.9267 0.1856
vn 0.2341 -0.9622 0.1393
vn 0.2697 -0.9468 0.1755
vn 0.4731 -0.6861 -0.5527
vn 0.1221 -0.9924 0.0123
vn 0.1362 -0.9824 -0.1280
vn 0.0772 -0.9942 -0.0753
vn 0.5878 0.7921 0.1645
vn -0.1056 -0.8922 0.4391
vn 0.5745 0.8039 0.1540
vn 0.7442 -0.3007 -0.5965
vn -0.1236 -0.0606 -0.9905
vn 0.3167 0.4118 -0.8545
vn 0.1671 0.4638 -0.8700
vn 0.3307 0.3977 -0.8559
vn 0.4569 0.2308 -0.8590
vn 0.1596 0.0058 -0.9872
vn 0.2981 0.4309 -0.8517
vn 0.1539 0.4909 -0.8575
vn 0.2806 0.3453 -0.8956
vn 0.2649 0.4148 -0.8705
vn 0.1934 0.2888 -0.9377
vn 0.1940 0.3054 -0.9323
vn 0.4564 0.2304 -0.8594
vn 0.3674 0.2759 -0.8882
vn 0.3718 0.3080 -0.8757
vn 0.4627 0.2873 -0.8387
vn 0.4045 0.4981 -0.7670
vn 0.3323 0.3673 -0.8687
vn 0.2842 0.6102 -0.7395
vn 0.2577 0.2717 -0.9272
vn 0.2635 0.1668 -0.9501
vn 0.3304 0.3562 -0.8741
vn 0.3287 0.3629 -0.8720
vn 0.3435 0.5786 -0.7398
vn 0.3385 0.5772 -0.7431
vn 0.2873 0.7467 -0.6000
vn 0.2245 0.6678 -0.7096
vn 0.1821 0.8213 -0.5407
vn 0.1295 0.7743 -0.6194
vn 0.0928 0.8665 -0.4905
vn -0.0257 0.1844 -0.9825
vn -0.0237 0.1477 -0.9887
vn 0.0733 0.3673 -0.9272
vn 0.0707 0.3974 -0.9149
vn 0.1495 0.5505 -0.8214
vn 0.1312 0.6568 -0.7426
vn 0.1802 0.7241 -0.6657
vn 0.1461 0.8301 -0.5382
vn 0.1540 0.8364 -0.5261
vn 0.1246 0.9019 -0.4137
vn 0.0783 0.8759 -0.4761
vn 0.0545 0.9336 -0.3542
vn 0.0177 0.9166 -0.3994
vn -0.0017 0.9464 -0.3230
vn 0.4502 0.4387 -0.7777
vn 0.3367 0.5029 -0.7961
vn 0.2428 0.4327 -0.8683
vn 0.2367 0.5068 -0.8289
vn 0.4667 0.2456 -0.8496
vn 0.5800 0.3578 -0.7318
vn 0.3654 0.2933 -0.8834
vn 0.5459 0.4506 -0.7064
vn 0.5291 0.2713 -0.8040
vn 0.6746 0.3646 -0.6419
vn 0.7649 0.1901 -0.6155
vn 0.2422 0.4940 -0.8351
vn 0.3346 0.5984 -0.7280
vn 0.4243 0.5416 -0.7257
vn 0.1914 0.9496 -0.2482
vn -0.0565 0.9976 0.0402
vn 0.1957 0.6941 -0.6928
vn 0.2468 0.7606 -0.6005
vn 0.2928 0.7275 -0.6205
vn -0.0185 -0.9189 -0.3940
vn 0.1446 -0.8559 -0.4964
vn 0.4085 -0.7977 -0.4437
vn 0.1290 0.8919 -0.4334
vn 0.1989 0.8583 -0.4731
vn -0.8098 0.3869 0.4411
vn 0.0259 0.9584 -0.2841
vn 0.0845 0.9451 -0.3156
vn 0.1385 0.9640 -0.2269
vn -0.8094 0.3883 0.4406
vn -0.1296 0.9640 -0.2322
vn -0.8112 0.3861 0.4392
vn -0.8095 0.3879 0.4407
vn -0.8098 0.3861 0.4417
vn 0.5345 0.3129 -0.7851
vn 0.6829 0.2095 -0.6998
vn -0.8058 0.3935 0.4425
vn 0.6941 0.2592 -0.6715
vn 0.7643 0.2199 -0.6062
vn 0.8192 0.0649 -0.5699
vn 0.8359 0.1048 -0.5388
vn 0.8142 -0.0534 -0.5781
vn -0.8177 0.3746 0.4370
vn -0.8074 0.4059 0.4282
vn 0.3702 0.7805 -0.5038
vn -0.0403 0.9992 0.0061
vn 0.0320 0.9994 0.0119
vn 0.1201 0.7548 0.6449
vn -0.8093 0.3884 0.4406
vn -0.8094 0.3891 0.4398
vn 0.5900 -0.6724 -0.4470
vn 0.5171 0.6090 -0.6014
vn 0.7810 0.0586 -0.6217
vn -0.8075 0.3912 0.4415
vn 0.8340 0.0403 -0.5503
vn 0.8401 -0.0195 -0.5420
vn 0.4864 0.0610 -0.8716
vn 0.7549 0.0536 -0.6536
vn 0.6740 -0.1871 -0.7146
vn 0.4934 -0.0021 -0.8698
vn 0.3976 -0.3008 -0.8669
vn 0.6694 -0.2231 -0.7086
vn 0.5061 -0.5178 -0.6898
vn 0.3913 -0.4037 -0.8270
vn 0.2781 -0.5655 -0.7765
vn 0.8135 -0.2543 -0.5230
vn 0.7751 -0.3577 -0.5208
vn 0.7412 -0.3930 -0.5442
vn 0.5844 -0.6129 -0.5319
vn 0.4992 -0.5447 -0.6739
vn 0.3560 -0.6962 -0.6233
vn 0.2694 -0.6210 -0.7360
vn 0.1888 -0.6963 -0.6924
vn 0.5599 -0.6646 -0.4948
vn 0.4312 -0.7675 -0.4743
vn 0.3501 -0.7122 -0.6085
vn 0.2519 -0.7839 -0.5675
vn 0.2844 -0.8666 -0.4100
vn 0.0947 -0.8342 -0.5433
vn 0.0618 -0.8527 -0.5188
vn 0.1082 -0.9335 -0.3418
vn 0.3316 0.2690 -0.9043
vn 0.2137 -0.4985 -0.8401
vn 0.1752 -0.6976 -0.6948
vn 0.2065 0.1700 -0.9636
vn 0.1674 0.4337 -0.8854
vn 0.2252 -0.2089 -0.9517
vn 0.2298 -0.2388 -0.9435
vn 0.2095 0.2219 -0.9523
vn 0.3671 0.2954 -0.8820
vn 0.1869 -0.5688 -0.8009
vn 0.3847 0.1342 -0.9132
vn 0.1262 -0.7587 -0.6391
vn 0.2756 -0.5885 -0.7601
vn 0.3067 -0.1812 -0.9344
vn 0.3522 -0.3355 -0.8737
vn 0.3856 0.1384 -0.9122
vn 0.4027 0.0627 -0.9132
vn 0.3763 0.0571 -0.9247
vn 0.1022 -0.8700 -0.4823
vn 0.1488 -0.7562 -0.6372
vn 0.1851 -0.8193 -0.5426
vn 0.2235 -0.6690 -0.7089
vn 0.2434 -0.6866 -0.6851
vn 0.2782 -0.4581 -0.8442
vn 0.3000 -0.4601 -0.8357
vn 0.2491 -0.1839 -0.9508
vn 0.2555 -0.1360 -0.9572
vn 0.1580 0.0439 -0.9865
vn 0.0266 -0.9345 -0.3549
vn 0.0810 -0.8795 -0.4690
vn 0.0815 -0.8804 -0.4672
vn 0.1068 -0.8802 -0.4625
vn 0.1240 -0.7887 -0.6021
vn 0.1192 -0.7862 -0.6064
vn 0.1334 -0.6584 -0.7408
vn 0.0711 -0.6028 -0.7948
vn 0.0713 -0.4469 -0.8917
vn -0.0196 -0.3300 -0.9438
vn -0.0247 -0.2350 -0.9717
vn -0.1218 -0.0874 -0.9887
vn -0.3372 0.0808 -0.9379
vn -0.5433 0.1088 -0.8325
vn 0.2298 -0.8182 -0.5271
vn -0.3289 -0.0126 -0.9443
vn -0.2422 0.3101 -0.9194
vn -0.4875 0.1780 -0.8548
vn -0.4112 0.3970 -0.8205
vn -0.2419 0.3072 -0.9204
vn -0.1329 0.5546 -0.8214
vn -0.5512 0.3210 -0.7702
vn -0.4645 0.5317 -0.7082
vn -0.4093 0.5153 -0.7530
vn -0.2754 0.7087 -0.6496
vn -0.1391 0.6428 -0.7533
vn -0.0376 0.7692 -0.6378
vn -0.4254 0.7012 -0.5722
vn -0.3000 0.8281 -0.4735
vn -0.2594 0.8191 -0.5116
vn -0.1468 0.8926 -0.4262
vn -0.0482 0.8596 -0.5088
vn 0.0140 0.8944 -0.4470
vn -0.2603 0.9041 -0.3388
vn -0.1662 0.9486 -0.2692
vn -0.1361 0.9448 -0.2982
vn -0.0660 0.9645 -0.2557
vn 0.0023 0.9496 -0.3135
vn -0.0112 0.9482 -0.3173
vn -0.1379 0.9768 -0.1638
vn -0.0760 0.9808 -0.1794
vn -0.0085 0.9512 -0.3085
vn 0.1156 0.9918 0.0538
vn -0.7907 0.4208 0.4447
vn -0.1203 0.9823 -0.1435
vn -0.0959 0.9870 -0.1292
vn -0.0710 0.9837 -0.1654
vn -0.1043 0.9804 -0.1671
vn -0.0320 0.9719 -0.2332
vn -0.0744 0.9697 -0.2326
vn -0.0646 0.9951 -0.0751
vn -0.0239 0.9980 -0.0577
vn 0.6693 0.3849 -0.6355
vn -0.0680 0.9782 -0.1960
vn -0.0118 0.9820 -0.1885
vn -0.0155 0.9959 -0.0886
vn 0.0044 0.9904 -0.1379
vn 0.0942 0.9853 -0.1425
vn -0.0397 0.9991 -0.0152
vn 0.0149 0.9998 -0.0124
vn 0.0165 0.9998 -0.0150
vn 0.1197 0.7551 0.6446
vn 0.0121 0.9995 0.0281
vn 0.0673 0.9970 0.0379
vn 0.0548 0.9951 0.0823
vn 0.1210 0.7546 0.6450
vn 0.1200 0.7548 0.6449
vn 0.2234 -0.9079 0.3547
vn 0.2595 0.8907 -0.3732
vn 0.1482 -0.9688 0.1988
vn 0.3171 0.8668 -0.3848
vn 0.2234 -0.9086 0.3530
vn 0.7859 0.1735 -0.5936
vn -0.1018 -0.9665 -0.2358
vn -0.0844 0.9946 -0.0598
vn 0.4809 0.6976 -0.5311
vn 0.1472 -0.9692 0.1975
vn -0.0705 -0.9648 -0.2534
vn 0.7430 0.0582 -0.6668
vn 0.5890 0.7910 0.1655
vn 0.5878 0.7921 0.1649
vn -0.1946 -0.9172 -0.3477
vn 0.0725 0.9973 -0.0140
vn 0.2245 -0.9062 0.3582
vn -0.0498 -0.9503 -0.3075
vn 0.1473 -0.9691 0.1978
vn -0.0647 -0.9561 -0.2857
vn 0.0076 -0.9568 -0.2907
vn -0.0616 -0.9819 -0.1793
vn -0.0519 -0.9709 -0.2337
vn 0.0154 -0.9254 -0.3787
vn -0.0106 -0.9755 -0.2199
vn -0.0112 -0.9747 -0.2234
vn -0.0593 -0.9437 -0.3254
vn 0.0041 -0.9237 -0.3832
vn 0.0006 -0.8645 -0.5025
vn -0.0256 -0.9723 -0.2325
vn -0.0582 -0.9553 -0.2899
vn -0.0886 -0.9674 -0.2373
vn -0.1169 -0.9339 -0.3378
vn -0.1118 -0.9323 -0.3439
vn -0.1405 -0.8766 -0.4603
vn -0.0650 -0.8358 -0.5452
vn -0.0750 -0.7423 -0.6659
vn -0.0738 -0.9787 -0.1918
vn -0.0697 -0.9398 -0.3346
vn -0.1180 -0.9420 -0.3143
vn -0.1474 -0.8979 -0.4149
vn -0.1893 -0.9137 -0.3597
vn -0.2373 -0.8403 -0.4874
vn -0.2285 -0.8358 -0.4992
vn -0.2724 -0.7290 -0.6279
vn -0.1788 -0.6490 -0.7394
vn -0.1913 -0.5413 -0.8188
vn -0.1837 -0.9103 -0.3709
vn -0.2191 -0.8579 -0.4647
vn -0.2322 -0.8637 -0.4474
vn -0.2818 -0.7665 -0.5772
vn -0.3246 -0.7895 -0.5208
vn -0.3944 -0.6261 -0.6726
vn -0.3913 -0.6192 -0.6808
vn -0.4198 -0.5109 -0.7501
vn -0.2990 -0.3766 -0.8768
vn -0.3027 -0.3232 -0.8966
vn -0.1072 0.9845 -0.1386
vn -0.1044 -0.8933 0.4373
vn -0.1123 0.9860 -0.1236
vn -0.1019 0.9895 -0.1024
vn -0.0953 0.9874 -0.1265
vn -0.1083 0.9886 -0.1048
vn -0.0621 0.9970 -0.0452
vn -0.8096 0.3920 0.4370
vn 0.6910 -0.5835 -0.4266
vn 0.5875 0.7924 0.1642
vn 0.5845 0.7947 0.1638
vn -0.3130 -0.7984 -0.5144
vn 0.5872 0.7925 0.1645
vn 0.5906 0.7901 0.1644
vn 0.5877 0.7922 0.1644
vn -0.0720 -0.9506 -0.3018
vn 0.1083 0.9881 0.1090
vn -0.1807 -0.9523 -0.2458
vn -0.1144 -0.9642 -0.2393
vn -0.0887 -0.9691 -0.2303
vn 0.1640 -0.9608 0.2236
vn 0.1470 -0.9692 0.1976
vn 0.1468 -0.9692 0.1975
vn -0.1055 -0.8923 0.4389
vn -0.3821 -0.1468 -0.9124
vn -0.5002 -0.3472 -0.7933
vn -0.3744 -0.6916 -0.6177
vn -0.5018 -0.2262 -0.8349
vn -0.5589 -0.0645 -0.8267
vn -0.4005 -0.6218 -0.6730
vn -0.4991 -0.4132 -0.7617
vn -0.5052 -0.3483 -0.7896
vn 0.1161 0.9911 -0.0646
vn -0.5650 -0.0880 -0.8204
vn -0.1055 -0.8923 0.4390
vn -0.3583 -0.6541 -0.6662
vn -0.1023 0.9895 -0.1017
vn -0.1689 -0.9561 -0.2395
vn 0.5874 0.7925 0.1643
vn -0.1054 -0.8888 0.4461
vn 0.0202 -0.9026 -0.4301
vt -0.274090 0.211541
vt -0.255126 0.182480
vt -0.212064 0.212784
vt -0.180827 0.245732
vt -0.325004 0.228027
vt -0.312042 0.239807
vt -0.266313 0.253953
vt -0.298200 0.274528
vt 0.283540 0.219429
vt 0.273279 0.193809
vt 0.339843 0.204232
vt -0.452908 -0.270243
vt 0.316555 0.482149
vt -0.376375 -0.293131
vt 0.364306 -0.467467
vt 0.231759 0.429319
vt 0.276676 0.439680
vt 0.437912 0.146762
vt 0.320077 0.303098
vt 0.092200 0.359863
vt 0.338868 0.235749
vt 0.448077 0.199476
vt 0.412423 0.237032
vt 0.369093 0.200322
vt 0.404190 0.501520
vt 0.321737 0.524789
vt -0.314919 -0.012204
vt -0.338213 -0.036406
vt -0.330336 0.057475
vt -0.127310 -0.252320
vt -0.198186 -0.187269
vt -0.165195 0.335100
vt 0.308263 0.242818
vt 0.275913 0.201476
vt 0.309024 0.437912
vt 0.469534 -0.521282
vt -0.116056 -0.417531
vt -0.080055 -0.497618
vt -0.195300 -0.379001
vt -0.137018 -0.283560
vt -0.034139 -0.345573
vt -0.071389 -0.382440
vt 0.119553 -0.448185
vt 0.084075 -0.492035
vt 0.032350 -0.402235
vt -0.425834 -0.298200
vt -0.416664 -0.287349
vt 0.275551 0.022948
vt 0.165639 -0.080270
vt 0.357386 0.385295
vt -0.190947 0.115081
vt -0.139687 0.089903
vt -0.104068 0.111243
vt 0.412423 0.585321
vt 0.321321 0.582080
vt 0.308263 0.628677
vt -0.322241 0.245714
vt -0.293364 0.229579
vt -0.327205 0.174737
vt -0.444175 0.280880
vt -0.524943 0.129788
vt -0.070600 0.375254
vt 0.029758 0.366144
vt -0.126327 0.375728
vt -0.290050 0.352665
vt -0.192364 0.372123
vt -0.112414 0.388619
vt -0.314550 0.192832
vt -0.309680 0.159424
vt 0.442487 0.159424
vt 0.424628 0.228027
vt 0.435897 -0.092200
vt 0.416105 -0.159749
vt 0.399485 -0.074465
vt 0.329406 -0.473914
vt 0.515494 0.192364
vt 0.482642 0.167525
vt 0.492361 0.261559
vt 0.199878 -0.503804
vt 0.420999 -0.504152
vt -0.003822 0.566294
vt 0.152787 0.660676
vt 0.384508 0.043200
vt 0.303819 0.002233
vt 0.333804 0.090193
vt 0.293531 -0.336184
vt 0.331863 -0.276691
vt 0.365025 -0.320077
vt 0.139687 0.464307
vt 0.190947 0.471141
vt -0.080055 0.497618
vt -0.178015 -0.323835
vt 0.384151 0.300659
vt 0.532522 -0.530727
vt -0.357573 -0.207136
vt -0.253656 -0.227737
vt -0.309597 -0.265994
vt 0.115716 -0.134925
vt 0.049956 -0.217153
vt -0.154638 -0.307004
vt -0.442321 0.003495
vt -0.401231 -0.032598
vt -0.414088 -0.091767
vt -0.374052 -0.069724
vt -0.331303 -0.111037
vt -0.391389 -0.150436
vt -0.252698 -0.130675
vt -0.414088 0.091767
vt -0.391389 0.150436
vt -0.309597 0.265994
vt -0.256996 0.182578
vt -0.238670 0.221473
vt -0.262892 0.221357
vt 0.367829 0.161423
vt -0.024826 -0.459539
vt 0.384540 0.211123
vt -0.052881 0.087826
vt -0.006727 0.112433
vt -0.185566 0.164708
vt -0.199647 0.195560
vt 0.213017 0.341151
vt 0.159749 0.351898
vt 0.401478 0.253205
vt 0.364730 0.277731
vt 0.033836 -0.540196
vt -0.003822 -0.566294
vt 0.101410 -0.610753
vt 0.075806 -0.622694
vt 0.263828 0.325849
vt 0.154178 -0.562299
vt 0.224629 -0.614164
vt 0.169957 -0.657920
vt 0.224629 0.072824
vt 0.287299 0.115835
vt 0.169957 0.115506
vt 0.225047 0.161510
vt 0.336189 0.159836
vt 0.270866 -0.556646
vt 0.335021 -0.591681
vt 0.335021 0.075879
vt 0.387523 0.119015
vt 0.425284 0.161237
vt 0.504827 0.222398
vt 0.576962 0.247286
vt 0.461218 0.262509
vt 0.508832 0.469615
vt 0.576962 0.487853
vt 0.570306 0.444175
vt 0.504827 0.549543
vt 0.461218 0.532959
vt 0.561054 0.393045
vt 0.442851 0.430835
vt 0.104068 0.496070
vt 0.052881 0.474993
vt 0.476542 0.351831
vt 0.539182 0.290050
vt -0.244446 0.270000
vt 0.497992 0.126327
vt 0.482671 0.070600
vt 0.406820 0.132296
vt 0.383951 0.254375
vt 0.446014 0.239807
vt 0.425834 0.274528
vt 0.392942 0.220586
vt -0.092614 0.153739
vt -0.151356 0.174532
vt -0.393045 0.312414
vt 0.447087 0.202368
vt -0.312505 0.202368
vt 0.443471 0.192832
vt 0.386046 0.186519
vt 0.429285 0.166994
vt -0.299788 0.166994
vt -0.429285 0.299788
vt -0.455276 0.241858
vt -0.483773 0.256996
vt -0.241858 0.148259
vt -0.456178 0.173068
vt -0.489802 0.185566
vt -0.476061 0.092614
vt -0.413294 0.042982
vt -0.459000 0.051468
vt -0.276676 0.123890
vt -0.231759 0.089400
vt -0.336374 0.108076
vt -0.375251 0.005387
vt -0.287032 -0.077309
vt 0.215904 -0.472136
vt -0.442321 -0.003495
vt -0.195300 0.379001
vt 0.579249 0.198964
vt 0.515632 0.174705
vt 0.444673 -0.559121
vt 0.444673 0.086028
vt -0.477353 -0.266313
vt 0.075806 0.622694
vt 0.469534 0.058811
vt 0.532522 0.102081
vt 0.488796 0.131767
vt -0.502372 -0.238670
vt 0.206200 0.094732
vt 0.165195 0.064387
vt 0.244446 0.054251
vt -0.290856 0.259195
vt -0.335195 0.253205
vt 0.569332 0.129788
vt 0.453869 -0.029758
vt 0.338528 -0.043189
vt 0.201808 -0.111493
vt 0.306960 -0.138610
vt 0.217823 -0.205022
vt -0.352833 -0.327907
vt 0.352833 0.283222
vt -0.262621 -0.298536
vt -0.269622 -0.352995
vt -0.313790 -0.365061
vt 0.313790 0.262753
vt -0.136767 -0.344730
vt -0.208366 -0.374924
vt -0.249743 -0.392530
vt 0.249743 0.270985
vt 0.271653 0.244786
vt -0.400435 0.142989
vt -0.398169 0.211571
vt -0.395801 0.283468
vt 0.357247 0.156714
vt 0.316679 0.176545
vt -0.357247 0.329713
vt -0.275173 0.300648
vt 0.268801 0.142468
vt -0.268801 0.355010
vt -0.206200 0.334099
vt 0.253572 0.167092
vt -0.316679 0.365937
vt -0.253572 0.393706
vt -0.221231 0.381697
vt 0.101410 0.075675
vt 0.152787 0.123626
vt 0.075806 0.095845
vt 0.573453 0.147204
vt 0.348922 -0.364730
vt 0.006727 0.496480
vt -0.039653 0.447416
vt -0.507608 -0.199647
vt -0.496676 -0.151356
vt -0.476061 -0.092614
vt -0.459000 -0.051468
vt 0.569332 -0.524943
vt -0.357573 0.207136
vt 0.400011 -0.213017
vt 0.383850 -0.263828
vt 0.276304 -0.237975
vt 0.247860 -0.303830
vt 0.202524 -0.270708
vt 0.094902 -0.268153
vt 0.290856 -0.414161
vt 0.335195 -0.401478
vt 0.256160 -0.393115
vt 0.216582 -0.367736
vt 0.175909 -0.340181
vt 0.132088 -0.304451
vt 0.182900 -0.426782
vt 0.144728 -0.404352
vt 0.103196 -0.371265
vt 0.061656 -0.330302
vt 0.002575 -0.261706
vt -0.046780 -0.291100
vt 0.020650 -0.382255
vt 0.063342 -0.427795
vt 0.106737 -0.461852
vt 0.146728 -0.481121
vt -0.063356 -0.370779
vt -0.102936 -0.306011
vt -0.026646 -0.425396
vt -0.109110 -0.397928
vt 0.015617 -0.474557
vt -0.075615 -0.455396
vt -0.152503 -0.416960
vt 0.059935 -0.508455
vt -0.059935 0.282636
vt 0.035269 0.283651
vt -0.015617 0.315497
vt -0.035269 -0.504656
vt -0.121968 -0.472147
vt -0.146728 0.277345
vt -0.101402 0.247570
vt -0.008637 0.249848
vt 0.083514 0.249887
vt 0.121968 0.280458
vt 0.162055 0.248247
vt -0.137874 0.214198
vt -0.050775 0.215661
vt 0.040584 0.216979
vt 0.124201 0.217965
vt 0.192947 0.218622
vt 0.164425 0.188374
vt 0.086290 0.185098
vt -0.005592 0.182527
vt -0.100498 0.181306
vt -0.185028 0.181571
vt 0.127251 0.155113
vt -0.127251 0.473513
vt -0.159998 0.419791
vt 0.041685 0.149260
vt 0.085388 0.119810
vt -0.085388 0.465525
vt -0.055320 0.146099
vt 0.039653 0.081481
vt -0.148462 0.146809
vt -0.227311 0.149762
vt -0.309024 0.146762
vt 0.225047 0.675814
vt 0.275913 0.663947
vt -0.522613 0.198964
vt -0.530248 0.147204
vt -0.487853 0.247286
vt 0.382593 0.156934
vt 0.332259 0.139563
vt 0.395268 0.130326
vt 0.432614 0.158096
vt 0.400736 0.184912
vt 0.335462 0.172734
vt 0.275302 -0.810979
vt 0.225504 -0.766408
vt 0.263912 -0.757971
vt 0.223122 -0.835886
vt 0.439132 -0.684023
vt 0.384570 -0.694605
vt 0.448586 -0.641011
vt -0.128409 0.901724
vt -0.070833 0.876975
vt -0.159727 0.875517
vt -0.058463 0.224330
vt -0.109118 0.228813
vt -0.135931 0.219597
vt -0.347093 0.168400
vt -0.301513 0.184531
vt -0.305096 0.196302
vt -0.260871 0.196994
vt -0.263424 0.213187
vt -0.481223 0.213187
vt -0.485681 0.196994
vt -0.440332 0.204680
vt -0.377606 0.208873
vt -0.316907 0.211862
vt -0.321605 0.222419
vt -0.176882 0.236593
vt -0.232277 0.219373
vt -0.182750 0.220375
vt -0.270722 0.233421
vt 0.065343 0.860369
vt 0.115851 0.814397
vt 0.045340 0.813686
vt -0.058895 0.212808
vt -0.427690 0.227455
vt 0.252182 -0.716454
vt 0.208674 -0.710462
vt -0.390971 0.164434
vt -0.424453 0.138182
vt -0.468856 0.163303
vt 0.477578 -0.656454
vt 0.095630 0.224330
vt 0.093800 0.212808
vt 0.583428 0.268157
vt -0.134637 -0.448684
vt 0.494531 -0.565638
vt 0.373382 0.501704
vt 0.403149 0.390895
vt 0.323208 0.232944
vt 0.114178 -0.933937
vt 0.065506 -0.943032
vt 0.521159 -0.493163
vt 0.325207 -0.713257
vt 0.532937 -0.424453
vt 0.316907 -0.172966
vt 0.058895 -0.093800
vt 0.135931 -0.099548
vt 0.530736 -0.347093
vt 0.377606 -0.198597
vt 0.182750 -0.111376
vt 0.232277 -0.128648
vt 0.194479 0.831463
vt 0.261697 0.783601
vt 0.191170 0.779483
vt 0.891977 0.285035
vt 0.875517 0.300690
vt -0.221896 0.243813
vt 0.440332 -0.227819
vt 0.485681 -0.260871
vt 0.515658 -0.301513
vt 0.448684 0.050652
vt 0.270722 0.162494
vt 0.278743 0.198250
vt 0.306634 0.199024
vt -0.037673 0.838894
vt -0.103609 0.856078
vt -0.163942 0.864188
vt -0.562430 0.135748
vt -0.493163 0.109783
vt -0.365003 0.238001
vt -0.306634 0.246474
vt 0.221896 0.145904
vt 0.321605 0.181350
vt 0.168190 -0.907485
vt 0.341870 -0.764054
vt -0.606914 0.105911
vt -0.565638 0.078174
vt 0.365003 0.213141
vt 0.402203 0.250555
vt 0.376759 0.277479
vt 0.427690 0.232338
vt 0.402835 0.323610
vt 0.428822 0.304972
vt 0.464177 0.279152
vt 0.481223 0.263424
vt 0.436647 0.376265
vt 0.478178 0.343442
vt 0.504619 0.320595
vt -0.279152 0.242477
vt -0.320595 0.224674
vt 0.470237 0.413121
vt 0.505035 0.387310
vt -0.387310 0.232657
vt -0.366076 0.205308
vt 0.413373 0.517542
vt 0.451587 0.514765
vt 0.486560 0.495896
vt -0.495896 0.239570
vt -0.428734 0.212513
vt -0.430967 0.186423
vt 0.203943 -0.876554
vt -0.016260 0.915260
vt 0.069041 0.928272
vt 0.029900 0.891654
vt 0.139347 0.223687
vt 0.133943 0.256857
vt 0.069041 0.238721
vt 0.209936 0.207090
vt 0.210973 0.241623
vt 0.276749 0.189790
vt 0.285869 0.223603
vt 0.350874 0.204050
vt 0.133943 0.910372
vt 0.210973 0.918426
vt 0.205834 0.884112
vt 0.287955 0.259646
vt 0.287955 0.889719
vt 0.279424 0.843863
vt 0.360395 0.239000
vt 0.360395 0.877491
vt 0.358037 0.839739
vt 0.341369 0.784628
vt 0.308058 0.715117
vt 0.414540 0.216635
vt 0.418119 0.249654
vt 0.418119 0.818351
vt 0.406472 0.771427
vt 0.380752 0.714879
vt 0.343043 0.652723
vt -0.194328 0.583428
vt 0.398152 0.637956
vt 0.432378 0.692852
vt 0.454784 0.745303
vt -0.849877 0.216635
vt -0.786969 0.219862
vt -0.818351 0.249654
vt -0.867289 0.184912
vt -0.815452 0.187580
vt 0.359285 0.583204
vt 0.442513 0.612595
vt 0.471552 0.659923
vt -0.745303 0.251609
vt -0.708630 0.220093
vt -0.659923 0.250215
vt -0.628222 0.218289
vt -0.515146 0.213660
vt -0.745514 0.188976
vt -0.656331 0.192275
vt -0.833302 0.158096
vt -0.773225 0.159311
vt -0.693624 0.150523
vt -0.594684 0.161055
vt -0.739390 0.131110
vt -0.806856 0.130119
vt 0.279777 -0.853813
vt -0.700551 0.101648
vt -0.656454 0.072630
vt -0.773370 0.100196
vt -0.732798 0.069805
vt -0.684023 0.042412
vt -0.856771 0.130326
vt -0.831626 0.101177
vt -0.797920 0.070782
vt 0.409516 -0.797920
vt 0.405176 -0.754987
vt 0.451717 -0.732798
vt -0.016260 0.255373
vt -0.128409 0.276776
vt -0.002619 0.222802
vt -0.151682 0.891977
vt 0.070498 0.205756
vt 0.065506 0.187170
vt 0.141909 0.188807
vt 0.257303 0.125145
vt 0.114178 0.154882
vt 0.168190 0.110714
vt -0.002619 -0.936767
vt 0.211128 0.171635
vt -0.151682 -0.891977
vt -0.128409 -0.901724
vt 0.275673 0.155006
vt 0.350875 -0.813051
vt 0.405193 -0.831626
vt 0.350323 -0.850490
vt 0.342829 0.110607
vt 0.405193 0.101177
vt 0.058463 0.095630
vt 0.109118 0.099342
vt 0.176882 0.118096
vt 0.350323 0.079085
vt 0.277508 0.091311
vt 0.279777 0.059365
vt 0.203943 0.074634
vt 0.252507 0.756460
vt 0.864188 0.307282
vt -0.782400 0.083472
vt -0.780778 0.022458
vt -0.812503 0.056044
vt -0.297884 0.037241
vt -0.328923 -0.013199
vt -0.344418 0.048884
vt -0.299481 0.214193
vt -0.315098 0.243385
vt -0.315369 0.170034
vt -0.114886 0.114443
vt -0.056048 0.151164
vt -0.084422 0.086699
vt -0.747678 0.052718
vt -0.304628 0.117200
vt -0.312532 0.135421
vt -0.342765 0.124247
vt -0.532332 -0.155464
vt -0.504415 -0.198312
vt -0.549285 -0.170566
vt -0.246250 0.189134
vt -0.263529 0.160066
vt -0.231452 0.150965
vt -0.726931 0.007109
vt -0.728071 -0.023950
vt -0.849297 0.183371
vt -0.861555 0.127375
vt -0.879354 0.165505
vt -0.834022 0.151164
vt -0.365488 0.260044
vt -0.176422 0.058060
vt -0.575773 -0.256708
vt -0.259164 -0.183300
vt -0.309701 -0.198288
vt -0.305854 -0.127079
vt -0.812040 0.117228
vt -0.840064 0.092223
vt -0.656432 -0.276734
vt -0.693241 -0.208085
vt -0.657472 -0.185837
vt -0.212298 0.102184
vt -0.165505 0.101895
vt -0.197915 0.119591
vt -0.183371 0.078522
vt -0.649920 -0.045707
vt -0.664134 -0.075213
vt -0.147287 0.043090
vt -0.220276 -0.129685
vt -0.261691 -0.033054
vt -0.693241 0.348200
vt -0.879354 0.101895
vt -0.635042 0.362604
vt -0.657472 0.358705
vt -0.728071 0.028070
vt -0.664134 0.032194
vt -0.861555 0.073728
vt -0.365488 0.118198
vt -0.595784 0.030747
vt -0.504415 0.048513
vt -0.840064 0.053170
vt -0.780778 0.029611
vt -0.812503 0.037708
vt -0.426035 0.087226
vt -0.549285 0.035577
vt 0.839552 0.189134
vt 0.777183 0.170034
vt 0.835668 0.160066
vt 0.812637 0.224643
vt 0.768798 0.214193
vt 0.781895 0.267042
vt -0.313017 0.231627
vt -0.259164 0.183300
vt -0.056048 -0.151164
vt -0.042572 -0.205359
vt -0.084422 -0.086699
vt -0.235427 0.125748
vt -0.251318 0.147696
vt -0.724918 -0.244864
vt -0.698376 -0.290508
vt -0.756144 -0.263236
vt -0.125775 -0.018486
vt -0.337292 0.159927
vt 0.783100 0.135421
vt -0.344228 0.100239
vt 0.761104 0.159927
vt 0.750341 0.124247
vt 0.848747 0.147696
vt 0.857796 0.125748
vt 0.781774 0.117200
vt 0.822416 0.109226
vt -0.260913 0.109226
vt -0.284915 0.092357
vt 0.778768 0.092357
vt -0.778768 0.284915
vt -0.817983 0.236270
vt -0.822416 0.260913
vt -0.858010 0.212298
vt -0.736250 0.300104
vt -0.732518 0.344228
vt -0.709691 0.344236
vt -0.807154 0.206379
vt -0.677510 0.342417
vt -0.717875 0.280329
vt -0.755845 0.227235
vt -0.790256 0.172726
vt -0.637006 0.338291
vt -0.735771 0.193745
vt -0.765310 0.136304
vt -0.590505 0.331654
vt -0.705009 0.161420
vt -0.733310 0.100123
vt -0.635042 -0.169846
vt -0.595784 -0.134691
vt -0.452289 0.264480
vt -0.398028 0.294815
vt -0.366456 0.260669
vt 0.726018 0.288057
vt 0.740466 0.243385
vt -0.440521 -0.188367
vt -0.426035 -0.233661
vt -0.606063 -0.263878
vt 0.398028 0.010858
vt 0.732518 0.100239
vt -0.316652 0.144601
vt -0.418299 0.101743
vt -0.338574 0.203425
vt -0.384286 0.061891
vt 0.063341 0.071291
vt 0.042572 0.087225
vt -0.534323 0.321782
vt -0.574979 0.263628
vt -0.475281 0.178137
vt -0.616929 0.112666
vt -0.647775 0.156856
vt -0.543509 0.063650
vt -0.678936 0.100763
vt -0.485426 0.002599
vt -0.583801 0.048094
vt -0.645067 0.049614
vt -0.701055 0.051174
vt -0.220276 0.129685
vt -0.563543 -0.108544
vt -0.726018 -0.302497
vt -0.252299 0.224643
vt -0.208085 0.348200
vt -0.262920 0.267042
vt -0.263236 0.298435
vt -0.313017 -0.231627
vt -0.365488 -0.260044
vt -0.302497 0.288057
vt -0.285522 0.272032
vt -0.207632 0.254387
vt -0.266634 0.191522
vt -0.148525 0.220385
vt -0.132174 0.234689
vt -0.202840 0.171112
vt -0.257663 0.126572
vt -0.063341 0.213072
vt -0.042572 0.205359
vt -0.099598 0.190753
vt -0.152438 0.146147
vt -0.202982 0.101007
vt -0.677537 0.002875
vt -0.620488 -0.001058
vt -0.557390 -0.004751
vt -0.424409 -0.006746
vt -0.369854 -0.003419
vt -0.593249 -0.054599
vt -0.527355 -0.062047
vt -0.457418 -0.063206
vt -0.495490 -0.115960
vt -0.395901 -0.056735
vt -0.428785 -0.111348
vt -0.466684 -0.156761
vt -0.374658 -0.098167
vt -0.407120 -0.146666
vt 0.132174 0.036505
vt 0.698376 0.317007
vt 0.656432 0.339138
vt 0.606063 0.352884
vt 0.285522 0.008062
vt 0.207632 0.015391
vt 0.575773 0.357338
vt 0.534323 0.015576
vt 0.677510 0.056366
vt -0.176422 -0.058060
vt -0.125775 0.018486
vt 0.590505 0.022984
vt 0.637006 0.036849
vt 0.709691 0.078617
vt -0.326718 -0.077860
vt -0.354608 -0.129370
vt -0.333358 -0.162216
vt -0.389249 -0.175235
vt -0.371276 -0.204005
vt -0.244864 0.327493
vt -0.173730 0.558989
vt -0.125798 0.609470
vt -0.111606 0.546804
vt -0.323926 0.220388
vt -0.342549 0.195695
vt -0.284620 0.204156
vt -0.160096 -0.506849
vt -0.213030 -0.486399
vt -0.161681 -0.454983
vt -0.179274 0.495550
vt -0.283738 0.234928
vt -0.101350 -0.503582
vt -0.064996 0.231076
vt 0.028158 0.215634
vt -0.041512 0.153540
vt -0.230781 0.117424
vt -0.168020 0.080941
vt 0.011757 0.286645
vt -0.014274 0.378073
vt 0.082367 0.433077
vt 0.060440 0.361573
vt 0.121708 0.351564
vt 0.046106 0.384495
vt -0.293151 0.387793
vt 0.211707 0.288796
vt 0.195908 0.311091
vt 0.163483 0.331366
vt 0.002444 0.411354
vt -0.075035 0.403918
vt 0.579475 0.394222
vt 0.215634 -0.005875
vt 0.433077 -0.004329
vt 0.269993 -0.563926
vt 0.316125 -0.550541
vt 0.348731 -0.579475
vt 0.280678 -0.518609
vt -0.217804 0.197311
vt -0.168020 0.141023
vt -0.230781 0.169381
vt -0.092177 0.125978
vt -0.087659 0.114905
vt -0.118490 0.191035
vt -0.193962 0.406693
vt -0.247904 0.397817
vt -0.006993 0.401603
vt -0.139932 0.411702
vt 0.208575 0.220398
vt 0.188117 0.192385
vt 0.254285 0.215417
vt 0.220894 0.247168
vt 0.247904 -0.643119
vt 0.254951 -0.617180
vt 0.293151 -0.639590
vt -0.200260 -0.366784
vt -0.199060 -0.319788
vt -0.118803 -0.324003
vt 0.081275 -0.469171
vt 0.034006 -0.411495
vt 0.141374 -0.417945
vt -0.102096 -0.440733
vt -0.056677 -0.461377
vt -0.024763 -0.368757
vt 0.044557 -0.351626
vt -0.090463 -0.382894
vt -0.075035 -0.323548
vt -0.153279 -0.398085
vt -0.087659 0.051115
vt -0.156969 0.158525
vt -0.118803 0.396598
vt -0.305100 0.177927
vt -0.258580 0.137019
vt -0.199060 0.375717
vt -0.336207 0.219366
vt -0.341090 0.259422
vt -0.315988 0.311609
vt -0.241168 0.219366
vt -0.245093 0.186989
vt -0.278649 0.341770
vt -0.350903 0.374399
vt 0.136373 0.694515
vt 0.103162 0.741289
vt 0.189199 0.729595
vt -0.141272 0.265281
vt -0.161092 0.342988
vt -0.084128 0.316033
vt -0.175077 0.421435
vt -0.099191 0.399847
vt -0.108869 0.478297
vt -0.297890 0.262680
vt -0.265505 0.259422
vt -0.316941 0.293126
vt 0.055088 0.705786
vt 0.027706 0.748379
vt -0.189199 0.055544
vt -0.103162 0.053466
vt -0.027706 0.064956
vt 0.139932 -0.653939
vt 0.152244 -0.595433
vt 0.193962 -0.648022
vt 0.002814 0.288528
vt -0.242182 -0.335675
vt -0.278649 -0.307960
vt -0.258933 0.156337
vt -0.213204 0.177927
vt -0.027830 0.459764
vt 0.665812 0.036012
vt 0.635061 0.374399
vt 0.002444 -0.319655
vt 0.028369 0.082630
vt 0.128806 0.137301
vt -0.023751 0.532592
vt -0.303519 -0.368468
vt 0.244995 -0.495065
vt -0.065868 0.410906
vt -0.045067 -0.617794
vt 0.006993 -0.673506
vt -0.046106 -0.684337
vt -0.028665 0.693188
vt 0.278850 -0.012085
vt 0.361573 -0.012169
vt 0.212261 -0.579266
vt 0.163699 -0.536136
vt 0.120749 -0.501794
vt 0.089496 -0.612321
vt 0.021606 -0.546146
vt 0.065868 -0.663730
vt -0.014217 -0.586727
vt -0.120793 -0.548144
vt -0.213996 -0.427860
vt -0.184079 0.137019
vt -0.335487 -0.340529
vt 0.350903 -0.635061
vt 0.348731 0.394222
vt 0.316125 0.406202
vt 0.280678 0.413451
vt 0.028158 -0.005875
vt -0.262463 -0.398243
vt -0.315988 -0.293917
vt -0.041512 0.018170
vt -0.293917 0.311609
vt -0.265197 -0.461671
vt -0.310983 -0.434317
vt -0.347017 -0.406581
vt -0.370972 -0.380695
vt -0.340529 0.324813
vt -0.380695 0.304783
vt -0.357929 0.274333
vt -0.338717 0.245859
vt -0.300952 0.176289
vt -0.354808 -0.316941
vt -0.028369 0.751575
vt -0.185270 0.226205
vt -0.237027 0.100722
vt -0.169381 0.117424
vt -0.276250 0.237027
vt -0.251307 0.263859
vt -0.212369 0.299996
vt -0.278210 0.121628
vt -0.304405 0.084335
vt -0.312287 0.304405
vt -0.281131 0.338556
vt -0.233869 0.379109
vt -0.322122 0.144566
vt -0.348646 0.109411
vt -0.381314 0.073141
vt -0.334864 0.381314
vt -0.296537 0.419340
vt -0.242123 0.459061
vt -0.365400 0.167777
vt -0.392438 0.136599
vt -0.423992 0.102988
vt -0.459644 0.070086
vt -0.337238 0.459644
vt -0.292866 0.496681
vt -0.235393 0.530835
vt 0.729595 0.055544
vt -0.058509 0.599097
vt 0.164979 0.115648
vt 0.075943 0.103893
vt 0.040345 0.278850
vt 0.043103 0.606873
vt -0.002056 0.651326
vt 0.162376 0.665812
vt 0.217843 0.165706
vt -0.121708 -0.701730
vt -0.098631 -0.668230
vt -0.091402 -0.631495
vt -0.139354 -0.588851
vt -0.195908 -0.720208
vt -0.222660 -0.664727
vt -0.163483 -0.711796
vt -0.207838 -0.599408
vt -0.183855 -0.545325
vt -0.240683 -0.527201
vt -0.274395 -0.614019
vt -0.279702 -0.654606
vt 0.272866 0.289968
vt 0.258624 0.263947
vt -0.260931 -0.570566
vt -0.295662 -0.503802
vt -0.317010 -0.549043
vt -0.341356 -0.476594
vt -0.328472 -0.594086
vt -0.359524 -0.521980
vt -0.521980 0.316794
vt -0.448320 0.311614
vt -0.476594 0.342677
vt -0.372651 -0.448320
vt -0.406581 0.335456
vt -0.272866 -0.687493
vt 0.326707 0.290421
vt 0.279702 0.317628
vt -0.326707 -0.634584
vt -0.634584 0.290421
vt -0.566560 0.288438
vt -0.594086 0.319113
vt -0.492740 0.284470
vt -0.421561 0.279618
vt 0.315695 0.262660
vt -0.668684 0.262660
vt -0.607845 0.260199
vt -0.536535 0.256764
vt -0.464611 0.253004
vt -0.397415 0.249312
vt 0.294270 0.237501
vt -0.693335 0.237501
vt -0.641915 0.233719
vt -0.576722 0.230053
vt -0.506784 0.226839
vt -0.454432 0.216354
vt -0.377044 0.221866
vt -0.414044 0.187175
vt -0.542643 0.199870
vt -0.614281 0.203695
vt -0.674956 0.209182
vt -0.504992 0.168016
vt -0.465032 0.135319
vt -0.580691 0.171095
vt -0.542849 0.136852
vt -0.501958 0.102184
vt -0.649498 0.177287
vt -0.617874 0.142738
vt -0.580741 0.107129
vt -0.539738 0.072314
vt -0.315845 0.539738
vt 0.311554 0.209182
vt 0.267059 0.186075
vt 0.322893 0.177287
vt 0.276178 0.153270
vt -0.678849 0.153270
vt -0.649696 0.118141
vt -0.279646 0.649696
vt -0.274405 0.613888
vt -0.326039 0.580741
vt -0.260907 0.573690
vt 0.223019 0.133266
vt 0.279646 0.118141
vt 0.222509 0.099452
vt -0.222509 0.673412
vt -0.214378 0.639334
vt -0.198575 0.600532
vt -0.142235 0.655921
vt -0.158769 0.688139
vt 0.158769 0.081834
vt -0.075943 0.752620
vt 0.044557 0.414703
vt 0.141374 0.410779
vt 0.244995 0.415864
vt -0.020917 0.162083
vt -0.071101 0.144181
vt -0.004913 0.140563
vt 0.510926 -0.559416
vt 0.447732 -0.540958
vt 0.692501 -0.512025
vt 0.517442 0.503959
vt 0.564397 0.475707
vt 0.486165 0.466896
vt 0.460830 0.494324
vt 0.808247 0.210291
vt 0.740142 0.222818
vt 0.750919 0.194764
vt 0.225489 -0.259657
vt 0.754503 0.150347
vt 0.321307 -0.470328
vt 0.083768 0.114580
vt 0.015359 0.116687
vt 0.169621 0.116308
vt 0.142420 0.142615
vt -0.030774 0.130638
vt 0.028624 0.161204
vt 0.681525 -0.027131
vt 0.732057 -0.407353
vt 0.541503 0.080275
vt 0.198306 0.180144
vt 0.038737 0.186022
vt 0.083331 0.205676
vt 0.214765 0.110666
vt 0.263113 0.115904
vt 0.231267 0.153346
vt 0.176886 0.202439
vt 0.157080 0.176886
vt 0.192092 0.126285
vt 0.169672 0.083331
vt 0.755534 -0.470743
vt 0.759171 0.133737
vt 0.826585 0.078162
vt 0.738600 0.051360
vt 0.730590 0.010683
vt 0.627168 0.025087
vt 0.281436 0.220086
vt 0.327328 0.181643
vt 0.267450 0.150105
vt 0.816030 0.409908
vt 0.826423 0.378286
vt 0.787212 0.379668
vt 0.844686 0.146330
vt 0.905049 0.128429
vt 0.803934 -0.443979
vt 0.818926 0.164376
vt 0.988684 0.167832
vt 0.393104 -0.512791
vt 0.256987 -0.429395
vt 0.221227 -0.392432
vt 0.106239 -0.163605
vt 0.105555 -0.101478
vt 0.122191 -0.212175
vt 0.123134 -0.015359
vt 0.765936 0.166694
vt 0.430720 0.366548
vt 0.256987 0.053455
vt 0.265053 0.078532
vt 0.205803 0.063779
vt 0.133510 0.030774
vt 0.692501 0.173859
vt 0.755534 0.175174
vt 0.841028 0.333077
vt 0.822587 0.280377
vt 0.760878 0.331009
vt 0.321307 0.079859
vt 0.328353 0.098580
vt 0.510926 0.148287
vt 0.512784 0.164874
vt 0.451622 0.151739
vt 0.816030 0.244670
vt 0.209569 -0.343355
vt 0.212168 -0.285796
vt 0.170669 -0.324571
vt 0.126723 -0.278696
vt 0.153808 -0.248399
vt 1.033689 -0.300496
vt 0.643435 0.170916
vt 0.642685 0.195850
vt 0.518143 0.164523
vt 0.497186 0.099716
vt 0.454473 0.115720
vt 0.394863 0.198879
vt 0.357874 0.139297
vt 0.101478 0.090184
vt 0.223666 0.184133
vt 0.223736 0.145246
vt 0.190723 0.089412
vt 0.212175 0.044082
vt 0.231507 0.065358
vt 0.163605 0.066873
vt 0.255186 0.088408
vt 0.365639 0.117360
vt 0.300133 0.144866
vt 0.317816 0.121349
vt 0.212048 0.135196
vt 0.168028 0.161001
vt 0.160153 0.117360
vt 0.275820 0.159071
vt 0.222364 0.176882
vt 0.354297 0.174386
vt 0.290763 0.190688
vt 0.402767 0.188603
vt 0.360166 0.202589
vt 0.425098 0.454228
vt 0.402767 0.474362
vt 0.347421 0.161001
vt 0.278950 0.170795
vt 0.387290 0.176882
vt 0.327895 0.189553
vt 0.252497 0.198158
vt 0.235507 0.206306
vt 0.222364 0.387290
vt 0.235507 0.367682
vt 0.175453 0.327895
vt 0.196117 0.299387
vt 0.154946 0.252497
vt 0.183616 0.219896
vt 0.360166 0.436149
vt 0.311412 0.392519
vt 0.290763 0.415292
vt 0.264353 0.335078
vt 0.234164 0.261348
vt 0.386656 0.407661
vt 0.345618 0.354794
vt 0.308055 0.291487
vt 0.454190 0.419079
vt 0.431472 0.368685
vt 0.363017 0.250794
vt 0.666894 0.119823
vt 0.300496 0.200468
vt -0.128429 0.336701
vt -0.432585 0.210291
vt 0.430720 -0.366548
vt 0.155836 0.038737
vt 0.154573 -0.351984
vt 0.351984 0.052512
vt 0.303598 0.070908
vt 0.278696 0.045077
vt 0.221227 0.034602
vt 0.154573 0.052512
vt 0.155020 0.079104
vt 0.367301 0.079104
vt 0.319940 0.094860
vt 0.500968 0.307890
vt 0.526140 0.437519
vt 0.431612 0.259955
vt 0.472942 0.214373
vt 0.516288 0.274757
vt 0.608231 0.180171
vt 0.678491 0.297779
vt 0.701461 0.195900
vt 0.599522 0.371177
vt 0.733898 0.267940
vt 0.793690 0.209809
vt 0.656680 0.400539
vt 0.876697 0.219678
vt -0.378286 0.268871
vt -0.277262 0.312565
vt -0.430720 0.165403
vt -0.732057 0.270923
vt -1.033689 0.200468
vt 0.138091 0.071101
vt 0.203679 0.092780
vt 0.334163 0.136697
vt 0.393104 0.108425
vt 0.447732 0.128884
vt 0.455317 0.177517
vt 0.455317 0.515987
vt 0.514554 0.188782
vt 0.514554 0.529890
vt 0.574997 0.519981
vt 0.642685 0.517244
vt 0.620554 0.491641
vt 0.669293 0.451927
vt 0.740142 0.445102
vt 0.723757 0.415633
vt 0.803934 0.177741
vt 0.858616 0.277262
vt 0.643435 -0.538134
vt -0.333077 0.293956
vt -0.219678 0.326948
vt 0.576026 -0.558379
vt -0.409908 0.244670
vt -0.443979 0.177741
vt 0.167832 0.033822
vt -0.988684 0.033822
vt -0.818926 -0.002333
vt -0.765936 -0.009589
vt 0.138091 -0.071101
vt 0.143005 -0.020917
vt 0.576026 0.162240
vt 0.576153 0.181016
vt 0.576153 0.544762
vt 0.372212 -0.227134
vt 0.332390 -0.192054
vt 0.359907 -0.177385
vt 0.350692 -0.128949
vt 0.336741 -0.208200
vt 0.276851 -0.158841
vt 0.101643 0.321578
vt 0.139067 0.274643
vt -0.174913 0.277895
vt 0.174178 0.294752
vt 0.220332 0.220348
vt 0.119949 0.330917
vt 0.312480 -0.065229
vt 0.210020 0.181743
vt -0.096513 0.516268
vt -0.096422 0.552362
vt -0.046362 0.562537
vt 0.276758 0.173722
vt 0.251080 0.113255
vt 0.010101 0.442406
vt 0.048954 0.398687
vt -0.137512 0.532956
vt 0.275457 0.059692
vt 0.325198 -0.254206
vt 0.322658 -0.118718
vt 0.292267 0.008871
vt 0.306956 -0.048894
vt 0.348631 0.006105
vt 0.308825 0.012156
vt 0.363361 0.084648
vt 0.251422 -0.096672
vt 0.223428 -0.130384
vt 0.080938 -0.161224
vt -0.029226 0.479099
vt 0.288010 -0.035102
vt -0.393432 0.319774
vt -0.363361 0.286189
vt -0.080938 0.291553
vt -0.458047 0.417474
vt -0.466001 0.382290
vt -0.411599 0.394658
vt 0.174913 0.419360
vt -0.325198 0.520768
vt -0.404949 0.430399
vt -0.035062 0.524198
vt 0.330712 -0.230328
vt 0.506774 0.282197
vt 0.476309 0.349385
vt 0.536969 0.322072
vt 0.363316 -0.264806
vt -0.308825 0.257651
vt -0.389672 0.462416
vt -0.065667 0.568228
vt 0.017580 0.541244
vt -0.408370 0.356949
vt -0.423754 0.478408
vt -0.443528 0.449877
vt 0.373993 -0.247851
vt 0.423517 -0.326120
vt 0.019805 0.519066
vt -0.363316 0.494146
vt -0.065667 -0.568228
vt -0.096422 -0.552362
vt -0.174913 -0.277895
vt -0.137512 -0.532956
vt 0.083204 0.516212
vt 0.079684 0.502497
vt -0.271001 0.448422
vt -0.268867 0.397704
vt -0.233933 0.412864
vt 0.200055 0.411225
vt 0.135788 0.471233
vt 0.155649 0.485707
vt 0.450841 -0.273610
vt 0.433144 0.323736
vt 0.353268 0.352419
vt 0.409044 0.378707
vt -0.215044 0.478910
vt -0.267454 0.508043
vt -0.284312 0.483126
vt 0.609147 0.397704
vt 0.610395 0.483126
vt 0.536969 0.529872
vt 0.627363 0.448422
vt 0.502325 0.329274
vt 0.569841 0.362130
vt 0.476309 0.546457
vt -0.046362 0.575173
vt -0.065667 0.564531
vt 0.155649 0.593806
vt 0.582865 0.506429
vt 0.423517 0.308977
vt 0.230664 0.580230
vt 0.526192 -0.218806
vt 0.502325 -0.298627
vt 0.034520 0.468112
vt 0.017580 0.597406
vt 0.083204 0.603542
vt 0.409044 0.560267
vt 0.328171 0.570665
vt 0.569841 -0.277830
vt 0.568005 -0.254768
vt 0.622172 -0.194820
vt 0.095409 0.444210
vt 0.166057 0.353393
vt 0.223634 0.337820
vt -0.194820 0.374677
vt 0.447226 -0.050420
vt 0.407113 -0.112943
vt 0.445092 -0.145750
vt 0.446264 -0.193539
vt -0.446264 0.507145
vt 0.411599 0.221790
vt 0.466001 0.168408
vt 0.408370 0.186278
vt 0.465639 0.123790
vt 0.393432 0.140795
vt 0.454120 0.067913
vt 0.429367 0.003102
vt 0.393043 -0.064866
vt 0.230664 0.453312
vt 0.328171 0.412766
vt 0.381083 0.292873
vt 0.282328 0.240894
vt 0.457461 0.252306
vt 0.400053 0.224931
vt 0.398863 0.150898
vt 0.466122 0.173775
vt 0.531760 0.202122
vt 0.580297 0.234720
vt 0.603812 0.267454
vt 0.582865 0.299565
vt 0.451625 0.091101
vt 0.495157 0.022272
vt 0.530905 0.111345
vt 0.597200 0.141106
vt 0.578594 0.044749
vt 0.532163 -0.039627
vt 0.636006 0.177647
vt 0.635344 0.077781
vt 0.598876 -0.015634
vt 0.542668 -0.093030
vt -0.299565 0.506429
vt -0.177647 0.511145
vt -0.118770 0.478897
vt -0.077781 0.512646
vt -0.021523 0.478831
vt 0.015634 0.512132
vt 0.063223 0.478727
vt 0.093030 0.510316
vt 0.156040 0.478305
vt 0.512257 -0.156040
vt -0.512257 0.478305
vt 0.107202 0.445649
vt 0.026966 0.443937
vt -0.070502 0.443577
vt -0.174803 0.445232
vt -0.501823 0.447772
vt 0.171428 0.447772
vt 0.142272 0.412829
vt -0.519535 0.412829
vt 0.068195 0.408451
vt 0.100312 0.375308
vt 0.168408 0.382290
vt 0.527641 0.100312
vt -0.024282 0.405899
vt 0.015133 0.369817
vt 0.585852 0.015133
vt 0.522286 0.045700
vt -0.130663 0.407280
vt -0.087296 0.368902
vt 0.622717 -0.087296
vt 0.567180 -0.049490
vt 0.499416 -0.019481
vt 0.583930 -0.155116
vt 0.526124 -0.119122
vt 0.459634 -0.088996
vt -0.277830 0.362130
vt 0.470425 -0.184711
vt 0.410045 -0.154538
vt 0.124429 -0.348415
vt 0.087426 -0.391468
vt 0.013447 -0.087040
vt -0.178662 0.290518
vt -0.536516 0.399784
vt -0.436034 0.396503
vt -0.015897 -0.399841
vt -0.041980 -0.370296
vt -0.065378 -0.315840
vt 0.379016 0.367706
vt 0.318372 0.379752
vt 0.367531 0.347790
vt 0.405646 0.396340
vt 0.394497 0.414113
vt 0.356780 0.399168
vt 0.054562 0.397819
vt 0.026877 0.421519
vt 0.017204 0.397010
vt 0.142659 0.403803
vt 0.048358 0.433985
vt 0.209095 0.388481
vt 0.162914 0.422504
vt 0.271766 0.416964
vt 0.246067 0.445453
vt 0.339202 0.417329
vt 0.299756 0.401354
vt 0.109123 0.427818
vt 0.133408 0.441945
vt 0.136646 0.470936
vt 0.169622 0.451493
vt 0.200463 0.471206
vt 0.172589 0.487541
vt 0.317519 0.436811
vt 0.291958 0.456418
vt 0.263676 0.474351
vt -0.263676 -0.565578
vt -0.235095 -0.532730
vt -0.200463 -0.539228
vt 0.235095 0.489751
vt -0.207958 -0.501449
vt -0.172589 -0.515037
vt -0.101897 -0.474132
vt -0.140476 -0.456024
vt 0.378953 0.433923
vt 0.357959 0.454770
vt 0.331051 0.474491
vt -0.291958 -0.592737
vt -0.331051 -0.583658
vt -0.300125 -0.550280
vt -0.269346 -0.513053
vt -0.241077 -0.478483
vt -0.178017 -0.431868
vt -0.015256 0.416988
vt -0.002608 0.432387
vt 0.018937 0.457691
vt 0.060687 0.488412
vt -0.035774 0.436817
vt -0.019466 0.464589
vt 0.461018 0.464589
vt 0.410693 0.461458
vt 0.459656 0.436817
vt 0.429552 0.427933
vt 0.001598 0.486340
vt -0.068747 -0.429932
vt -0.311127 -0.202384
vt -0.286505 -0.156512
vt -0.240300 -0.168748
vt -0.060687 -0.482556
vt -0.031552 -0.446717
vt -0.001598 -0.457101
vt -0.128915 0.450679
vt -0.203653 0.473581
vt -0.180490 0.496572
vt -0.053504 0.455417
vt -0.107486 0.468830
vt -0.075496 0.493710
vt 0.030536 0.425085
vt -0.009517 0.443975
vt -0.018997 0.464971
vt -0.505647 0.357075
vt -0.041688 0.442329
vt -0.521507 0.382229
vt -0.110833 -0.406749
vt -0.399784 0.297477
vt -0.389775 -0.473368
vt -0.488649 -0.482463
vt -0.474763 -0.462585
vt -0.156512 0.542726
vt -0.202384 0.543181
vt -0.252682 0.537590
vt -0.399926 0.511851
vt -0.462585 0.497684
vt -0.531695 0.445328
vt -0.014136 0.385303
vt -0.044535 0.397440
vt -0.491150 0.341985
vt 0.485612 0.416988
vt 0.462895 0.397440
vt 0.499002 0.385303
vt 0.391468 0.443980
vt 0.388882 0.382810
vt 0.348415 0.407578
vt -0.462461 0.321221
vt -0.482463 0.491029
vt -0.516387 0.470112
vt 0.018550 -0.419720
vt -0.235015 -0.234776
vt -0.187743 -0.176755
vt -0.110895 -0.046584
vt -0.093150 -0.182968
vt -0.533094 0.418620
vt 0.058697 0.402912
vt 0.051878 0.434450
vt 0.049026 -0.421369
vt 0.019466 -0.461018
vt 0.466239 0.367025
vt 0.039212 0.378497
vt -0.043797 0.367025
vt -0.000751 0.365901
vt 0.049422 0.360719
vt -0.029242 0.352109
vt 0.019106 0.346198
vt 0.073060 0.342532
vt 0.434450 0.338248
vt 0.475294 0.352109
vt 0.008817 0.473242
vt 0.029242 0.475294
vt -0.008817 0.330854
vt -0.045303 0.499323
vt -0.019106 0.506327
vt 0.045303 0.326532
vt -0.073060 0.522982
vt -0.156932 0.516213
vt 0.147861 0.356033
vt -0.157205 0.538795
vt 0.152080 0.389991
vt 0.159483 0.372677
vt 0.157205 0.337152
vt 0.211293 0.352271
vt 0.263564 0.376494
vt -0.208745 0.530466
vt -0.238874 0.561011
vt 0.238874 0.333410
vt -0.270893 0.587950
vt -0.211293 0.570116
vt 0.270893 0.348941
vt 0.302829 0.365834
vt 0.331834 0.383000
vt -0.245743 0.523613
vt -0.296901 0.569756
vt -0.330621 0.596547
vt 0.330621 0.346513
vt 0.360892 0.363681
vt 0.385781 0.380688
vt 0.452514 0.407575
vt 0.551013 0.418620
vt 0.478020 0.434703
vt 0.435955 0.424157
vt 0.421820 0.446602
vt 0.537415 0.445328
vt 0.463693 0.458915
vt -0.463693 -0.569848
vt -0.399131 -0.585740
vt -0.421820 -0.601035
vt 0.399131 0.469439
vt -0.357959 -0.605856
vt -0.537415 -0.531695
vt -0.517153 -0.516387
vt -0.436833 -0.546712
vt -0.367205 -0.555503
vt -0.398286 -0.508910
vt -0.316087 -0.499780
vt -0.108708 -0.288010
vt -0.084922 -0.236663
vt -0.433586 0.308287
vt -0.433836 -0.399926
vt -0.320956 -0.427176
vt -0.240982 -0.420340
vt -0.253277 -0.290789
vt -0.169401 -0.325753
vt -0.185136 -0.383467
vt -0.172718 -0.260957
vt 0.421369 0.478646
vt -0.107602 -0.352574
vt -0.272116 -0.041688
vt 0.013447 0.087040
vt -0.110895 0.046584
vt 0.101248 0.367531
vt 0.153568 0.318372
vt -0.510364 0.444476
vt -0.467718 0.432607
vt -0.517551 0.401557
vt -0.341339 -0.252682
vt -0.271988 0.378295
vt -0.191462 0.426493
vt -0.341426 0.382340
vt -0.321773 0.415201
vt -0.549776 0.433586
vt -0.559135 0.462461
vt -0.241362 0.457340
vt -0.315406 0.529320
vt -0.380250 0.479658
vt -0.374827 0.523973
vt -0.356109 0.568406
vt -0.432571 0.507291
vt -0.414614 0.553279
vt -0.390666 0.590830
vt -0.360892 0.612275
vt -0.492368 0.489148
vt -0.470074 0.530886
vt -0.445983 0.569839
vt -0.417798 0.600410
vt 0.390666 0.347451
vt 0.417798 0.365840
vt -0.525118 0.507734
vt -0.496483 0.543185
vt 0.496483 0.353220
vt 0.482852 0.370140
vt 0.445983 0.350038
vt 0.437825 0.383251
vt -0.304150 -0.323866
vt 0.402912 0.323265
vt 0.069047 -0.410693
vt -0.564956 0.491150
vt -0.272116 0.041688
vt 0.490933 0.392641
vt -0.565548 0.505647
vt 0.565548 0.357075
vt 0.562170 0.382229
vt 0.525118 0.337053
vt 0.564956 0.341985
vt 0.153568 -0.318372
s 0
f 1/1/1 11/2/1 25/3/1
f 1/1/2 25/3/2 34/4/2
f 1/1/3 34/4/3 19/5/3
f 128/6/4 72/7/4 61/8/4
f 2/9/5 29/10/5 53/11/5
f 140/12/6 139/13/6 221/14/6
f 93/15/7 216/16/7 215/17/7
f 16/18/8 101/19/8 99/20/8
f 2/9/9 53/11/9 59/21/9
f 6/22/10 84/23/10 90/24/10
f 120/25/11 139/13/11 47/26/11
f 66/27/12 135/28/12 134/29/12
f 58/30/13 63/31/13 7/32/13
f 90/24/14 103/33/14 91/34/14
f 16/35/15 86/36/15 93/15/15
f 87/37/16 107/38/16 8/39/16
f 215/17/15 16/35/15 93/15/15
f 106/40/17 58/30/17 57/41/17
f 57/41/18 88/42/18 106/40/18
f 62/43/19 113/44/19 112/45/19
f 61/46/20 140/12/20 220/47/20
f 218/48/21 219/49/21 123/50/21
f 9/51/22 3/52/22 209/53/22
f 90/24/23 84/23/23 103/33/23
f 84/54/24 14/55/24 103/56/24
f 157/57/25 94/58/25 155/59/25
f 17/60/8 141/61/8 65/62/8
f 141/61/26 146/63/26 65/62/26
f 82/64/27 80/65/27 65/62/27
f 81/66/28 80/65/28 82/64/28
f 7/32/29 202/67/29 216/16/29
f 11/2/30 5/68/30 210/69/30
f 16/18/31 210/70/31 19/71/31
f 1/1/32 5/68/32 11/2/32
f 216/16/33 93/15/33 58/30/33
f 99/72/34 96/73/34 38/74/34
f 62/43/35 57/41/35 79/75/35
f 81/76/36 126/77/36 124/78/36
f 62/43/37 71/79/37 113/44/37
f 86/36/38 85/80/38 93/15/38
f 43/81/39 45/82/39 103/56/39
f 144/83/40 145/84/40 217/85/40
f 167/86/41 164/87/41 101/88/41
f 216/16/42 3/89/42 9/90/42
f 103/56/43 107/91/43 43/81/43
f 8/39/44 104/92/44 87/37/44
f 104/92/45 88/42/45 87/37/45
f 123/50/46 125/93/46 218/48/46
f 92/94/47 86/36/47 16/35/47
f 26/95/48 105/96/48 15/97/48
f 15/97/49 105/96/49 104/92/49
f 105/96/50 106/40/50 104/92/50
f 104/92/51 106/40/51 88/42/51
f 149/98/52 213/99/52 224/100/52
f 4/101/53 77/102/53 42/103/53
f 76/104/54 75/105/54 18/106/54
f 18/106/55 75/105/55 26/95/55
f 75/105/56 74/107/56 26/95/56
f 26/95/57 74/107/57 105/96/57
f 74/107/58 63/31/58 105/96/58
f 105/96/59 63/31/59 106/40/59
f 42/108/60 18/109/60 15/110/60
f 132/111/61 54/112/61 129/113/61
f 217/85/62 218/48/62 214/114/62
f 88/42/63 108/115/63 87/37/63
f 125/93/64 127/116/64 218/48/64
f 95/117/65 205/118/65 209/53/65
f 132/111/66 133/119/66 73/120/66
f 97/121/67 96/122/67 99/20/67
f 102/123/68 98/124/68 19/71/68
f 98/124/69 101/19/69 16/18/69
f 19/71/70 98/124/70 16/18/70
f 87/37/71 108/115/71 107/38/71
f 108/115/72 109/125/72 107/38/72
f 43/126/73 110/127/73 44/128/73
f 101/19/74 100/129/74 97/121/74
f 97/121/75 99/20/75 101/19/75
f 88/42/76 112/45/76 108/115/76
f 112/45/77 113/44/77 108/115/77
f 108/115/78 113/44/78 109/125/78
f 113/44/79 114/130/79 109/125/79
f 109/125/80 114/130/80 110/127/80
f 114/130/81 115/131/81 110/127/81
f 110/127/82 115/131/82 111/132/82
f 115/133/83 116/134/83 111/135/83
f 111/135/84 116/134/84 46/136/84
f 116/134/85 117/137/85 46/136/85
f 46/136/86 117/137/86 91/34/86
f 117/137/87 90/24/87 91/34/87
f 113/44/88 71/79/88 114/130/88
f 71/79/89 70/138/89 114/130/89
f 114/130/90 70/138/90 115/131/90
f 70/138/91 69/139/91 115/131/91
f 115/133/92 69/140/92 116/134/92
f 69/140/93 68/141/93 116/134/93
f 116/134/94 68/141/94 117/137/94
f 68/141/95 67/142/95 117/137/95
f 117/137/96 67/142/96 90/24/96
f 67/142/97 6/22/97 90/24/97
f 41/143/98 84/23/98 6/22/98
f 13/144/99 118/145/99 41/143/99
f 119/146/100 13/147/100 17/148/100
f 41/149/101 118/150/101 84/54/101
f 118/150/102 14/55/102 84/54/102
f 13/147/103 119/146/103 118/150/103
f 119/146/104 120/25/104 118/150/104
f 118/150/105 120/25/105 14/55/105
f 57/41/106 112/45/106 88/42/106
f 40/151/107 119/146/107 17/148/107
f 40/151/108 121/152/108 119/146/108
f 119/146/109 121/152/109 120/25/109
f 121/152/110 139/13/110 120/25/110
f 209/153/111 3/89/111 95/154/111
f 122/155/112 40/151/112 80/156/112
f 40/151/113 122/155/113 121/152/113
f 122/155/114 123/50/114 121/152/114
f 121/152/115 123/50/115 139/13/115
f 157/57/116 160/157/116 94/58/116
f 81/76/117 124/78/117 80/156/117
f 124/78/118 125/93/118 122/155/118
f 122/155/119 125/93/119 123/50/119
f 82/158/120 126/77/120 81/76/120
f 126/77/121 127/116/121 124/78/121
f 124/78/122 127/116/122 125/93/122
f 76/104/123 18/106/123 42/103/123
f 65/159/124 64/160/124 126/77/124
f 126/77/125 64/160/125 127/116/125
f 60/161/126 128/162/126 61/163/126
f 59/21/127 130/164/127 60/161/127
f 133/119/128 136/165/128 89/166/128
f 80/65/129 40/167/129 65/62/129
f 60/161/130 130/164/130 128/162/130
f 130/164/131 131/168/131 128/162/131
f 128/6/132 131/169/132 129/113/132
f 131/169/133 132/111/133 129/113/133
f 5/170/134 19/71/134 210/70/134
f 73/120/135 133/119/135 89/166/135
f 99/20/136 146/63/136 16/18/136
f 59/21/137 53/11/137 130/164/137
f 53/11/138 52/171/138 130/164/138
f 130/164/139 52/171/139 131/168/139
f 52/171/140 51/172/140 131/168/140
f 131/169/141 51/173/141 132/111/141
f 51/174/142 50/175/142 132/176/142
f 132/111/143 50/177/143 133/119/143
f 50/175/144 49/178/144 133/179/144
f 133/179/145 49/178/145 136/180/145
f 49/178/146 48/181/146 136/180/146
f 136/180/147 48/181/147 138/182/147
f 9/51/148 215/183/148 216/184/148
f 48/181/149 77/102/149 4/101/149
f 56/185/150 134/29/150 55/186/150
f 48/181/151 55/186/151 77/102/151
f 55/186/152 76/104/152 77/102/152
f 134/29/153 135/28/153 55/186/153
f 55/186/154 135/28/154 76/104/154
f 135/28/155 75/105/155 76/104/155
f 137/187/156 135/28/156 66/27/156
f 135/28/157 137/187/157 75/105/157
f 137/187/158 74/107/158 75/105/158
f 120/25/159 47/26/159 14/55/159
f 76/104/160 42/103/160 77/102/160
f 78/188/161 71/79/161 62/43/161
f 79/75/162 71/79/162 78/188/162
f 79/75/163 70/138/163 71/79/163
f 4/189/164 42/108/164 8/190/164
f 85/80/165 79/75/165 93/15/165
f 79/75/166 85/80/166 70/138/166
f 85/80/167 69/139/167 70/138/167
f 83/191/168 41/143/168 39/192/168
f 85/80/169 142/193/169 69/139/169
f 142/194/170 68/141/170 69/140/170
f 48/181/171 4/101/171 138/182/171
f 61/46/172 72/195/172 140/12/172
f 44/196/173 45/82/173 43/81/173
f 86/197/174 92/198/174 142/194/174
f 142/194/175 143/199/175 68/141/175
f 143/199/176 67/142/176 68/141/176
f 140/12/177 72/195/177 54/200/177
f 109/125/178 43/126/178 107/38/178
f 128/6/179 129/113/179 72/7/179
f 163/201/180 7/202/180 160/203/180
f 171/204/181 102/205/181 19/5/181
f 141/206/182 143/199/182 92/198/182
f 143/199/183 39/192/183 67/142/183
f 39/192/184 6/22/184 67/142/184
f 66/27/185 134/29/185 94/58/185
f 65/159/186 144/83/186 64/160/186
f 217/85/187 145/84/187 218/48/187
f 65/159/188 146/207/188 144/83/188
f 146/207/189 147/208/189 144/83/189
f 144/83/190 147/208/190 145/84/190
f 145/84/191 147/208/191 219/49/191
f 147/208/192 148/209/192 219/49/192
f 146/207/193 38/74/193 147/208/193
f 38/74/194 37/210/194 147/208/194
f 37/210/195 148/209/195 147/208/195
f 148/209/196 166/211/196 149/98/196
f 166/211/197 213/99/197 149/98/197
f 150/212/198 220/47/198 221/14/198
f 150/213/199 60/161/199 61/163/199
f 222/214/200 151/215/200 150/212/200
f 151/215/201 152/216/201 150/212/201
f 150/213/202 152/217/202 60/161/202
f 152/217/203 59/21/203 60/161/203
f 36/218/204 35/219/204 224/100/204
f 224/100/205 35/219/205 151/215/205
f 35/219/206 189/220/206 151/215/206
f 151/215/207 189/220/207 152/216/207
f 189/221/208 194/222/208 152/217/208
f 152/217/209 194/222/209 59/21/209
f 194/222/210 2/9/210 59/21/210
f 49/178/211 153/223/211 48/181/211
f 50/175/212 154/224/212 49/178/212
f 51/174/213 156/225/213 50/175/213
f 52/171/214 158/226/214 51/172/214
f 53/11/215 161/227/215 52/171/215
f 48/181/216 153/223/216 55/186/216
f 153/223/217 56/185/217 55/186/217
f 49/178/218 154/224/218 153/223/218
f 154/224/219 155/59/219 153/223/219
f 153/223/220 155/59/220 56/185/220
f 50/175/221 156/225/221 154/224/221
f 156/225/222 157/57/222 154/224/222
f 154/224/223 157/57/223 155/59/223
f 51/174/224 158/228/224 156/225/224
f 158/228/225 159/229/225 156/225/225
f 156/225/226 159/229/226 157/57/226
f 159/229/227 160/157/227 157/57/227
f 52/171/228 161/227/228 158/226/228
f 161/227/229 162/230/229 158/226/229
f 158/228/230 162/231/230 159/229/230
f 162/231/231 163/232/231 159/229/231
f 159/229/232 163/232/232 160/157/232
f 53/11/233 29/10/233 161/227/233
f 29/10/234 28/233/234 161/227/234
f 161/234/235 28/235/235 162/231/235
f 28/235/236 27/236/236 162/231/236
f 27/236/237 163/232/237 162/231/237
f 110/237/238 45/238/238 44/239/238
f 111/135/239 46/136/239 45/238/239
f 39/192/240 41/143/240 6/22/240
f 12/240/241 83/191/241 39/192/241
f 104/92/242 8/39/242 15/97/242
f 8/190/243 107/91/243 47/26/243
f 65/159/244 126/77/244 82/158/244
f 109/125/245 110/127/245 43/126/245
f 80/156/246 124/78/246 122/155/246
f 167/86/247 101/88/247 98/241/247
f 205/242/248 95/154/248 206/243/248
f 73/244/249 89/245/249 54/200/249
f 136/246/250 138/247/250 140/12/250
f 12/240/251 39/192/251 143/199/251
f 143/199/252 142/194/252 92/198/252
f 150/212/253 61/46/253 220/47/253
f 83/191/254 13/144/254 41/143/254
f 110/237/255 111/135/255 45/238/255
f 89/245/256 136/246/256 140/12/256
f 138/247/257 4/189/257 139/13/257
f 4/189/258 8/190/258 139/13/258
f 141/206/259 12/240/259 143/199/259
f 142/193/260 85/80/260 86/36/260
f 3/89/261 216/16/261 202/67/261
f 16/35/262 141/248/262 92/94/262
f 139/13/263 8/190/263 47/26/263
f 99/72/264 38/74/264 146/207/264
f 18/109/265 26/249/265 15/110/265
f 96/73/266 37/210/266 38/74/266
f 89/245/267 140/12/267 54/200/267
f 97/250/268 37/210/268 96/73/268
f 101/88/269 164/87/269 100/251/269
f 164/87/270 97/250/270 100/251/270
f 164/87/271 165/252/271 97/250/271
f 97/250/272 165/252/272 37/210/272
f 165/252/273 166/211/273 37/210/273
f 37/210/274 166/211/274 148/209/274
f 15/110/275 8/190/275 42/108/275
f 167/86/276 168/253/276 164/87/276
f 164/87/277 168/253/277 165/252/277
f 168/253/278 169/254/278 165/252/278
f 165/252/279 169/254/279 166/211/279
f 169/254/280 170/255/280 166/211/280
f 170/255/281 213/99/281 166/211/281
f 171/256/282 98/241/282 102/257/282
f 171/256/283 172/258/283 98/241/283
f 98/241/284 172/258/284 167/86/284
f 172/258/285 173/259/285 167/86/285
f 167/86/286 173/259/286 168/253/286
f 173/259/287 174/260/287 168/253/287
f 168/253/288 174/260/288 169/254/288
f 174/260/289 175/261/289 169/254/289
f 169/254/290 175/261/290 170/255/290
f 19/5/291 34/4/291 171/204/291
f 171/256/292 33/262/292 172/258/292
f 172/258/293 33/262/293 173/259/293
f 33/262/294 32/263/294 173/259/294
f 173/259/295 32/263/295 174/260/295
f 32/263/296 31/264/296 174/260/296
f 174/260/297 31/264/297 175/261/297
f 31/264/298 30/265/298 175/261/298
f 175/261/299 30/265/299 170/255/299
f 30/265/300 211/266/300 170/255/300
f 170/255/301 211/266/301 213/99/301
f 30/265/302 212/267/302 211/266/302
f 31/264/303 176/268/303 30/265/303
f 32/263/304 178/269/304 31/264/304
f 33/262/305 181/270/305 32/263/305
f 171/256/306 185/271/306 33/262/306
f 30/265/307 176/268/307 212/267/307
f 176/268/308 177/272/308 212/267/308
f 212/267/309 177/272/309 223/273/309
f 177/272/310 36/218/310 223/273/310
f 31/264/311 178/269/311 176/268/311
f 178/269/312 179/274/312 176/268/312
f 176/268/313 179/274/313 177/272/313
f 179/274/314 180/275/314 177/272/314
f 177/272/315 180/275/315 36/218/315
f 180/275/316 35/219/316 36/218/316
f 32/263/317 181/270/317 178/269/317
f 181/270/318 182/276/318 178/269/318
f 178/269/319 182/276/319 179/274/319
f 182/276/320 183/277/320 179/274/320
f 179/274/321 183/277/321 180/275/321
f 183/277/322 184/278/322 180/275/322
f 180/275/323 184/278/323 35/219/323
f 33/262/324 185/271/324 181/270/324
f 185/271/325 186/279/325 181/270/325
f 181/270/326 186/279/326 182/276/326
f 186/280/327 187/281/327 182/282/327
f 182/276/328 187/283/328 183/277/328
f 187/283/329 188/284/329 183/277/329
f 183/277/330 188/284/330 184/278/330
f 188/284/331 189/220/331 184/278/331
f 184/278/332 189/220/332 35/219/332
f 171/204/333 34/4/333 185/285/333
f 34/4/334 190/286/334 185/285/334
f 185/285/335 190/286/335 186/280/335
f 190/286/336 191/287/336 186/280/336
f 186/280/337 191/287/337 187/281/337
f 191/287/338 192/288/338 187/281/338
f 187/281/339 192/288/339 188/289/339
f 192/288/340 193/290/340 188/289/340
f 188/289/341 193/290/341 189/221/341
f 193/290/342 194/222/342 189/221/342
f 25/3/343 24/291/343 34/4/343
f 34/4/344 24/291/344 190/286/344
f 24/291/345 23/292/345 190/286/345
f 190/286/346 23/292/346 191/287/346
f 23/292/347 22/293/347 191/287/347
f 191/287/348 22/293/348 192/288/348
f 22/293/349 21/294/349 192/288/349
f 192/288/350 21/294/350 193/290/350
f 21/294/351 20/295/351 193/290/351
f 193/290/352 20/295/352 194/222/352
f 20/295/353 2/9/353 194/222/353
f 20/295/354 29/10/354 2/9/354
f 21/294/355 195/296/355 20/295/355
f 22/293/356 196/297/356 21/294/356
f 23/292/357 199/298/357 22/293/357
f 24/291/358 203/299/358 23/292/358
f 25/3/359 207/300/359 24/291/359
f 20/295/360 195/296/360 29/10/360
f 195/296/361 28/233/361 29/10/361
f 21/294/362 196/297/362 195/296/362
f 196/297/363 197/301/363 195/296/363
f 195/296/364 197/301/364 28/233/364
f 197/302/365 198/303/365 28/235/365
f 28/235/366 198/303/366 27/236/366
f 198/303/367 163/232/367 27/236/367
f 22/293/368 199/298/368 196/297/368
f 199/298/369 200/304/369 196/297/369
f 196/297/370 200/304/370 197/301/370
f 200/304/371 201/305/371 197/301/371
f 197/302/372 201/306/372 198/303/372
f 201/306/373 202/67/373 198/303/373
f 198/303/374 202/67/374 163/232/374
f 202/67/375 7/32/375 163/232/375
f 23/292/376 203/299/376 199/298/376
f 203/299/377 204/307/377 199/298/377
f 199/298/378 204/307/378 200/304/378
f 204/307/379 205/118/379 200/304/379
f 200/304/380 205/118/380 201/305/380
f 205/118/381 206/308/381 201/305/381
f 201/306/382 206/243/382 202/67/382
f 24/291/383 207/300/383 203/299/383
f 207/300/384 208/309/384 203/299/384
f 203/299/385 208/309/385 204/307/385
f 208/309/386 209/53/386 204/307/386
f 204/307/387 209/53/387 205/118/387
f 25/3/388 11/2/388 207/300/388
f 11/2/389 10/310/389 207/300/389
f 207/300/390 10/310/390 208/309/390
f 10/310/391 9/51/391 208/309/391
f 208/309/392 9/51/392 209/53/392
f 56/185/393 155/59/393 94/58/393
f 103/56/394 14/55/394 107/91/394
f 139/13/395 140/12/395 138/247/395
f 14/55/396 47/26/396 107/91/396
f 79/75/397 78/188/397 62/43/397
f 62/43/398 112/45/398 57/41/398
f 57/41/399 58/30/399 93/15/399
f 93/15/400 79/75/400 57/41/400
f 63/31/401 58/30/401 106/40/401
f 3/89/261 202/67/261 206/243/261
f 95/154/402 3/89/402 206/243/402
f 215/183/403 210/69/403 16/311/403
f 160/157/404 7/32/404 63/31/404
f 66/27/405 160/157/405 137/187/405
f 7/32/13 216/16/13 58/30/13
f 94/58/406 160/157/406 66/27/406
f 132/111/407 73/120/407 54/112/407
f 63/31/408 74/107/408 160/157/408
f 94/58/409 134/29/409 56/185/409
f 212/267/410 223/273/410 224/100/410
f 222/214/6 221/14/6 219/49/6
f 224/100/411 222/214/411 149/98/411
f 212/267/412 224/100/412 213/99/412
f 74/107/413 137/187/413 160/157/413
f 127/116/414 214/114/414 218/48/414
f 211/266/415 212/267/415 213/99/415
f 45/82/416 46/312/416 103/56/416
f 91/313/417 103/56/417 46/312/417
f 1/1/418 19/5/418 5/68/418
f 10/310/419 215/183/419 9/51/419
f 11/2/420 210/69/420 10/310/420
f 10/310/421 210/69/421 215/183/421
f 149/98/422 222/214/422 219/49/422
f 221/14/6 139/13/6 219/49/6
f 141/61/423 17/60/423 83/314/423
f 139/13/424 123/50/424 219/49/424
f 140/12/425 221/14/425 220/47/425
f 36/218/426 224/100/426 223/273/426
f 151/215/427 222/214/427 224/100/427
f 150/212/428 221/14/428 222/214/428
f 148/209/429 149/98/429 219/49/429
f 145/84/430 219/49/430 218/48/430
f 144/83/431 217/85/431 64/160/431
f 72/7/432 129/113/432 54/112/432
f 64/160/433 214/114/433 127/116/433
f 83/314/434 12/315/434 141/61/434
f 40/167/435 17/60/435 65/62/435
f 17/60/436 13/316/436 83/314/436
f 141/61/437 16/18/437 146/63/437
f 64/160/438 217/85/438 214/114/438
f 225/317/439 233/318/439 232/319/439
f 225/317/440 232/319/440 250/320/440
f 225/317/441 250/320/441 257/321/441
f 225/317/442 257/321/442 240/322/442
f 361/323/443 264/324/443 359/325/443
f 361/323/444 265/326/444 264/324/444
f 352/327/445 252/328/445 293/329/445
f 228/330/446 260/331/446 367/332/446
f 261/333/447 262/334/447 296/335/447
f 274/336/448 286/337/448 275/338/448
f 275/338/449 285/339/449 276/340/449
f 276/341/450 285/342/450 280/343/450
f 300/344/451 284/345/451 299/346/451
f 263/347/452 259/348/452 273/349/452
f 284/345/453 298/350/453 299/346/453
f 312/351/454 314/352/454 289/353/454
f 296/335/455 272/354/455 261/333/455
f 275/338/456 286/337/456 285/339/456
f 277/355/457 280/343/457 300/344/457
f 297/356/458 359/325/458 264/324/458
f 263/347/459 273/349/459 296/335/459
f 264/324/460 266/357/460 297/356/460
f 227/358/461 294/359/461 274/336/461
f 246/360/462 294/359/462 227/358/462
f 348/361/463 352/327/463 293/329/463
f 261/362/464 272/363/464 235/364/464
f 266/357/465 226/365/465 293/329/465
f 345/366/466 293/329/466 226/365/466
f 287/367/467 283/368/467 301/369/467
f 237/370/468 236/371/468 226/365/468
f 297/356/465 266/357/465 293/329/465
f 345/366/469 226/365/469 292/372/469
f 293/329/470 252/328/470 295/373/470
f 294/374/471 292/372/471 226/365/471
f 284/375/466 294/374/466 226/365/466
f 297/356/472 293/329/472 295/373/472
f 272/376/473 296/377/473 226/365/473
f 274/378/474 294/374/474 300/379/474
f 263/347/475 296/335/475 262/334/475
f 284/375/466 300/379/466 294/374/466
f 296/377/476 273/380/476 284/375/476
f 259/381/477 284/375/477 273/380/477
f 317/382/478 321/383/478 290/384/478
f 271/385/479 367/386/479 235/364/479
f 267/387/480 259/348/480 263/347/480
f 280/388/481 285/389/481 286/390/481
f 300/379/482 280/388/482 274/378/482
f 280/388/483 286/390/483 274/378/483
f 235/364/484 226/391/484 271/385/484
f 298/350/485 284/345/485 259/348/485
f 298/392/486 268/393/486 279/394/486
f 312/351/487 289/353/487 270/395/487
f 367/332/488 269/396/488 239/397/488
f 343/398/489 292/399/489 294/359/489
f 348/361/490 293/329/490 345/366/490
f 278/400/491 299/346/491 279/401/491
f 277/355/492 300/344/492 278/400/492
f 298/392/493 267/402/493 268/393/493
f 298/350/494 259/348/494 267/387/494
f 279/394/495 299/403/495 298/392/495
f 278/400/496 300/344/496 299/346/496
f 234/404/497 237/370/497 226/365/497
f 358/405/498 359/325/498 295/373/498
f 280/343/499 277/355/499 276/341/499
f 344/406/500 345/407/500 292/399/500
f 301/369/501 279/394/501 268/393/501
f 301/369/502 278/408/502 279/394/502
f 302/409/503 301/369/503 281/410/503
f 301/369/504 302/409/504 278/408/504
f 302/409/505 277/411/505 278/408/505
f 282/412/506 303/413/506 281/410/506
f 303/413/507 304/414/507 302/409/507
f 302/409/508 304/414/508 277/411/508
f 304/414/509 276/415/509 277/411/509
f 283/368/510 305/416/510 282/412/510
f 305/416/511 306/417/511 303/413/511
f 303/413/512 306/417/512 304/414/512
f 306/417/513 307/418/513 304/414/513
f 304/419/514 307/420/514 276/340/514
f 307/420/515 275/338/515 276/340/515
f 287/367/516 305/416/516 283/368/516
f 305/416/517 308/421/517 306/417/517
f 308/421/518 309/422/518 306/417/518
f 306/417/519 309/422/519 307/418/519
f 309/423/520 310/424/520 307/420/520
f 307/420/521 310/424/521 275/338/521
f 310/424/522 274/336/522 275/338/522
f 328/425/523 331/426/523 305/416/523
f 305/416/524 331/426/524 308/421/524
f 331/426/525 334/427/525 308/421/525
f 308/421/526 334/427/526 309/422/526
f 334/428/527 258/429/527 309/423/527
f 309/423/528 258/429/528 310/424/528
f 258/429/529 342/430/529 310/424/529
f 310/424/530 342/430/530 274/336/530
f 342/430/531 227/358/531 274/336/531
f 265/326/532 366/431/532 226/365/532
f 260/331/533 270/395/533 269/396/533
f 260/331/534 269/396/534 367/332/534
f 226/365/535 266/357/535 264/324/535
f 343/398/536 344/406/536 292/399/536
f 328/425/537 305/416/537 287/367/537
f 281/410/538 303/413/538 302/409/538
f 305/416/539 303/413/539 282/412/539
f 283/368/540 282/412/540 301/369/540
f 245/432/541 260/331/541 228/330/541
f 244/433/542 311/434/542 245/432/542
f 243/435/543 313/436/543 244/437/543
f 242/438/544 315/439/544 243/435/544
f 241/440/545 318/441/545 242/438/545
f 240/322/546 322/442/546 241/440/546
f 245/432/547 311/434/547 260/331/547
f 311/434/548 270/395/548 260/331/548
f 311/434/549 312/351/549 270/395/549
f 244/433/550 313/443/550 311/434/550
f 313/443/551 312/351/551 311/434/551
f 358/405/552 295/373/552 252/328/552
f 243/435/553 315/439/553 313/436/553
f 315/444/554 316/445/554 313/443/554
f 313/443/555 316/445/555 312/351/555
f 316/445/556 317/382/556 312/351/556
f 312/351/557 317/382/557 314/352/557
f 242/438/558 318/441/558 315/439/558
f 318/441/559 319/446/559 315/439/559
f 315/444/560 319/447/560 316/445/560
f 319/447/561 320/448/561 316/445/561
f 316/445/562 320/448/562 317/382/562
f 320/448/563 321/383/563 317/382/563
f 241/440/564 322/442/564 318/441/564
f 322/442/565 323/449/565 318/441/565
f 318/441/566 323/449/566 319/446/566
f 323/450/567 324/451/567 319/447/567
f 319/447/568 324/451/568 320/448/568
f 324/451/569 325/452/569 320/448/569
f 320/448/570 325/452/570 321/383/570
f 325/452/571 326/453/571 321/383/571
f 240/322/572 257/321/572 322/442/572
f 257/321/573 256/454/573 322/442/573
f 322/442/574 256/454/574 323/449/574
f 256/454/575 255/455/575 323/449/575
f 323/450/576 255/456/576 324/451/576
f 255/456/577 254/457/577 324/451/577
f 324/451/578 254/457/578 325/452/578
f 254/457/579 253/458/579 325/452/579
f 325/452/580 253/458/580 326/453/580
f 253/458/581 238/459/581 326/453/581
f 268/393/582 235/460/582 287/367/582
f 253/458/583 327/461/583 238/459/583
f 254/457/584 329/462/584 253/458/584
f 255/456/585 332/463/585 254/457/585
f 256/464/586 335/465/586 255/466/586
f 257/467/587 339/468/587 256/464/587
f 238/459/588 327/461/588 291/469/588
f 327/461/589 328/425/589 291/469/589
f 291/469/590 328/425/590 287/367/590
f 253/458/591 329/462/591 327/461/591
f 329/462/592 330/470/592 327/461/592
f 327/461/593 330/470/593 328/425/593
f 330/470/594 331/426/594 328/425/594
f 254/457/595 332/463/595 329/462/595
f 332/463/596 333/471/596 329/462/596
f 329/462/597 333/471/597 330/470/597
f 330/470/598 333/471/598 331/426/598
f 333/471/599 334/427/599 331/426/599
f 255/466/600 335/465/600 332/472/600
f 335/465/601 336/473/601 332/472/601
f 332/472/602 336/473/602 333/474/602
f 336/473/603 337/475/603 333/474/603
f 337/475/604 338/476/604 333/474/604
f 333/474/605 338/476/605 334/428/605
f 338/476/606 258/429/606 334/428/606
f 256/464/607 339/468/607 335/465/607
f 339/468/608 340/477/608 335/465/608
f 335/465/609 340/477/609 336/473/609
f 340/477/610 341/478/610 336/473/610
f 336/473/611 341/478/611 337/475/611
f 337/475/612 341/478/612 338/476/612
f 341/478/613 342/430/613 338/476/613
f 338/476/614 342/430/614 258/429/614
f 257/467/615 250/479/615 339/468/615
f 250/479/616 249/480/616 339/468/616
f 339/468/617 249/480/617 340/477/617
f 249/480/618 248/481/618 340/477/618
f 340/477/619 248/481/619 341/478/619
f 248/481/620 247/482/620 341/478/620
f 341/478/621 247/482/621 342/430/621
f 247/482/622 246/360/622 342/430/622
f 246/360/623 227/358/623 342/430/623
f 247/482/624 343/398/624 246/360/624
f 249/480/625 346/483/625 248/481/625
f 250/479/626 349/484/626 249/480/626
f 363/485/627 265/326/627 361/323/627
f 363/485/628 366/431/628 265/326/628
f 246/360/629 343/398/629 294/359/629
f 247/482/630 248/481/630 343/398/630
f 248/481/631 344/406/631 343/398/631
f 346/483/632 347/486/632 248/481/632
f 248/481/633 347/486/633 344/406/633
f 347/486/634 348/487/634 344/406/634
f 344/406/635 348/487/635 345/407/635
f 249/480/636 349/484/636 346/483/636
f 349/484/637 350/488/637 346/483/637
f 346/483/638 350/488/638 347/486/638
f 350/488/639 351/489/639 347/486/639
f 347/486/640 351/489/640 348/487/640
f 351/489/641 352/490/641 348/487/641
f 250/479/642 232/491/642 349/484/642
f 232/491/643 231/492/643 349/484/643
f 349/484/644 231/492/644 350/488/644
f 231/492/645 230/493/645 350/488/645
f 350/488/646 230/493/646 351/489/646
f 230/494/647 229/495/647 351/496/647
f 351/496/648 229/495/648 352/327/648
f 229/495/649 252/328/649 352/327/649
f 245/497/650 228/498/650 251/499/650
f 228/330/651 367/332/651 271/500/651
f 251/499/652 244/437/652 245/497/652
f 366/431/653 234/404/653 226/365/653
f 353/501/654 251/499/654 236/502/654
f 251/499/655 353/501/655 244/437/655
f 353/501/656 243/435/656 244/437/656
f 354/503/657 353/501/657 236/502/657
f 353/501/658 354/503/658 243/435/658
f 354/503/659 242/438/659 243/435/659
f 356/504/660 237/505/660 234/506/660
f 236/371/661 251/507/661 226/365/661
f 237/505/662 354/503/662 236/502/662
f 237/505/663 355/508/663 354/503/663
f 354/503/664 355/508/664 242/438/664
f 355/508/665 241/440/665 242/438/665
f 271/509/666 226/365/666 228/510/666
f 237/505/667 356/504/667 355/508/667
f 356/504/668 357/511/668 355/508/668
f 355/508/669 357/511/669 241/440/669
f 357/511/670 240/322/670 241/440/670
f 251/507/671 228/510/671 226/365/671
f 226/365/672 264/324/672 265/326/672
f 356/504/673 233/318/673 357/511/673
f 357/511/674 233/318/674 240/322/674
f 233/318/675 225/317/675 240/322/675
f 229/495/676 358/405/676 252/328/676
f 230/494/677 360/512/677 229/495/677
f 231/513/678 362/514/678 230/494/678
f 232/319/679 364/515/679 231/516/679
f 295/373/680 359/325/680 297/356/680
f 235/460/681 239/397/681 269/396/681
f 229/495/682 360/512/682 358/405/682
f 360/512/683 361/323/683 358/405/683
f 358/405/684 361/323/684 359/325/684
f 269/396/685 270/395/685 235/460/685
f 270/395/686 289/353/686 235/460/686
f 261/517/687 235/460/687 268/393/687
f 230/494/688 362/514/688 360/512/688
f 362/514/689 363/485/689 360/512/689
f 360/512/690 363/485/690 361/323/690
f 268/393/691 267/402/691 261/517/691
f 267/402/692 262/518/692 261/517/692
f 263/519/693 262/518/693 267/402/693
f 231/516/694 364/515/694 362/520/694
f 364/515/695 365/521/695 362/520/695
f 362/520/696 365/521/696 363/522/696
f 365/521/697 366/523/697 363/522/697
f 290/384/698 288/524/698 238/459/698
f 232/319/699 233/318/699 364/515/699
f 233/318/700 356/504/700 364/515/700
f 364/515/701 356/504/701 365/521/701
f 356/504/702 234/506/702 365/521/702
f 365/521/703 234/506/703 366/523/703
f 226/391/704 235/364/704 272/363/704
f 290/384/705 235/460/705 289/353/705
f 235/460/582 290/384/582 291/469/582
f 290/384/706 238/459/706 291/469/706
f 288/524/707 326/453/707 238/459/707
f 226/365/466 296/377/466 284/375/466
f 314/352/708 290/384/708 289/353/708
f 317/382/709 290/384/709 314/352/709
f 321/383/710 326/453/710 288/524/710
f 321/383/711 288/524/711 290/384/711
f 235/364/712 367/386/712 239/525/712
f 301/369/713 268/393/713 287/367/713
f 281/410/714 301/369/714 282/412/714
f 291/469/715 287/367/715 235/460/715
f 428/526/716 389/527/716 393/528/716
f 369/529/717 378/530/717 404/531/717
f 432/532/718 374/533/718 430/534/718
f 482/535/719 479/536/719 481/537/719
f 370/538/720 389/527/720 428/526/720
f 434/539/721 429/540/721 383/541/721
f 473/542/722 478/543/722 418/544/722
f 401/545/723 371/546/723 414/547/723
f 400/548/724 399/549/724 389/527/724
f 425/550/725 390/551/725 410/552/725
f 426/553/726 390/551/726 425/550/726
f 386/554/727 485/555/727 409/556/727
f 494/557/728 491/558/728 487/559/728
f 428/526/729 393/528/729 427/560/729
f 427/560/730 391/561/730 426/553/730
f 427/560/731 393/528/731 391/561/731
f 373/562/732 388/563/732 394/564/732
f 426/553/733 391/561/733 390/551/733
f 424/565/734 410/566/734 415/567/734
f 410/566/735 424/565/735 425/568/735
f 464/569/736 417/570/736 399/549/736
f 481/537/737 483/571/737 482/535/737
f 496/572/738 487/559/738 372/573/738
f 388/574/739 410/575/739 448/576/739
f 388/574/740 448/576/740 394/577/740
f 399/578/741 417/579/741 390/580/741
f 386/581/742 410/575/742 417/579/742
f 417/579/743 467/582/743 478/583/743
f 390/580/744 391/584/744 399/578/744
f 448/576/745 410/575/745 386/581/745
f 389/585/746 399/578/746 391/584/746
f 393/586/747 389/585/747 391/584/747
f 390/580/748 417/579/748 410/575/748
f 493/587/749 386/581/749 417/579/749
f 467/582/750 418/588/750 478/583/750
f 401/589/751 430/590/751 371/591/751
f 431/592/752 432/593/752 401/589/752
f 401/589/753 432/593/753 430/590/753
f 432/593/754 431/592/754 402/594/754
f 495/595/755 494/596/755 386/554/755
f 479/597/756 403/598/756 481/599/756
f 424/565/757 415/567/757 423/600/757
f 414/547/758 422/601/758 423/600/758
f 423/600/759 415/567/759 414/547/759
f 413/602/760 433/603/760 408/604/760
f 485/555/761 480/605/761 409/556/761
f 388/563/762 373/562/762 413/602/762
f 374/533/763 380/606/763 430/534/763
f 414/547/764 371/546/764 422/601/764
f 430/590/765 429/607/765 371/591/765
f 383/541/766 436/608/766 434/539/766
f 380/609/767 383/610/767 429/607/767
f 371/591/768 429/607/768 422/611/768
f 429/607/769 423/612/769 422/611/769
f 434/613/770 435/614/770 429/607/770
f 429/607/771 435/614/771 423/612/771
f 435/615/772 424/565/772 423/600/772
f 436/608/773 437/616/773 434/539/773
f 434/613/774 437/617/774 435/614/774
f 437/618/775 438/619/775 435/620/775
f 435/620/776 438/619/776 424/621/776
f 438/619/777 425/550/777 424/621/777
f 439/622/778 436/623/778 381/624/778
f 436/623/779 439/622/779 437/618/779
f 437/618/780 439/622/780 438/619/780
f 439/622/781 440/625/781 438/619/781
f 438/619/782 440/625/782 425/550/782
f 440/625/783 426/553/783 425/550/783
f 441/626/784 439/622/784 381/624/784
f 441/626/785 442/627/785 439/622/785
f 442/627/786 443/628/786 439/622/786
f 439/622/787 443/628/787 440/625/787
f 443/628/788 444/629/788 440/625/788
f 440/625/789 444/629/789 426/553/789
f 444/629/790 427/560/790 426/553/790
f 441/626/791 382/630/791 442/627/791
f 382/630/792 445/631/792 442/627/792
f 442/627/793 445/631/793 443/628/793
f 443/628/794 445/631/794 444/629/794
f 445/631/795 446/632/795 444/629/795
f 444/629/796 446/632/796 427/560/796
f 446/632/797 428/526/797 427/560/797
f 382/630/798 421/633/798 445/631/798
f 421/633/799 420/634/799 445/631/799
f 445/631/800 420/634/800 446/632/800
f 420/634/801 419/635/801 446/632/801
f 446/632/802 419/635/802 428/526/802
f 419/635/803 370/538/803 428/526/803
f 403/598/804 409/556/804 480/605/804
f 448/636/805 386/554/805 409/556/805
f 473/542/806 418/544/806 467/637/806
f 449/638/807 392/639/807 407/640/807
f 402/594/808 379/641/808 374/642/808
f 375/643/809 493/644/809 478/543/809
f 447/645/810 448/636/810 409/556/810
f 394/564/811 447/645/811 373/562/811
f 380/609/812 374/642/812 392/646/812
f 383/610/813 392/646/813 436/647/813
f 405/648/814 454/649/814 406/650/814
f 404/531/815 455/651/815 405/648/815
f 368/652/816 392/646/816 403/653/816
f 449/638/817 387/654/817 392/639/817
f 449/638/818 450/655/818 387/654/818
f 387/654/819 450/655/819 421/633/819
f 407/640/820 406/650/820 449/638/820
f 406/650/821 451/656/821 449/638/821
f 451/656/822 452/657/822 449/638/822
f 449/638/823 452/657/823 450/655/823
f 452/657/824 453/658/824 450/655/824
f 450/655/825 453/658/825 421/633/825
f 453/658/826 420/634/826 421/633/826
f 454/649/827 451/656/827 406/650/827
f 405/648/828 455/651/828 454/649/828
f 451/656/829 456/659/829 452/657/829
f 452/657/830 457/660/830 453/658/830
f 453/658/831 457/660/831 420/634/831
f 457/660/832 419/635/832 420/634/832
f 455/651/833 398/661/833 454/649/833
f 454/649/834 398/661/834 451/656/834
f 398/661/835 456/659/835 451/656/835
f 456/659/836 397/662/836 452/657/836
f 397/662/837 396/663/837 452/657/837
f 452/657/838 396/663/838 457/660/838
f 396/663/839 395/664/839 457/660/839
f 457/660/840 395/664/840 419/635/840
f 395/664/841 370/538/841 419/635/841
f 400/548/842 389/527/842 370/538/842
f 496/665/843 386/554/843 494/596/843
f 413/602/844 373/562/844 433/603/844
f 496/665/845 485/555/845 386/554/845
f 480/605/846 481/599/846 403/598/846
f 464/569/847 467/637/847 417/570/847
f 469/666/848 473/542/848 467/637/848
f 408/604/849 433/603/849 379/667/849
f 447/645/850 394/564/850 448/636/850
f 401/545/851 410/566/851 431/668/851
f 410/566/852 388/669/852 431/668/852
f 402/670/853 431/668/853 388/669/853
f 408/671/854 402/670/854 388/669/854
f 410/566/855 414/547/855 415/567/855
f 495/672/856 386/673/856 493/644/856
f 379/674/857 402/670/857 408/671/857
f 402/670/858 374/533/858 432/532/858
f 380/606/859 429/540/859 430/534/859
f 411/675/860 407/640/860 392/639/860
f 411/675/861 406/650/861 407/640/861
f 412/676/862 458/677/862 411/675/862
f 411/675/863 458/677/863 406/650/863
f 458/677/864 405/648/864 406/650/864
f 459/678/865 412/676/865 416/679/865
f 459/678/866 460/680/866 412/676/866
f 412/676/867 460/680/867 458/677/867
f 460/680/868 461/681/868 458/677/868
f 458/677/869 461/681/869 405/648/869
f 461/681/870 404/531/870 405/648/870
f 479/536/871 368/682/871 403/683/871
f 368/682/872 385/684/872 416/679/872
f 385/684/873 384/685/873 459/678/873
f 459/678/874 384/685/874 460/680/874
f 384/685/875 484/686/875 460/680/875
f 460/680/876 484/686/876 461/681/876
f 484/686/877 369/529/877 461/681/877
f 461/681/878 369/529/878 404/531/878
f 395/664/879 400/548/879 370/538/879
f 396/663/880 462/687/880 395/664/880
f 397/662/881 463/688/881 396/663/881
f 456/659/882 465/689/882 397/662/882
f 455/651/883 470/690/883 398/661/883
f 404/531/884 474/691/884 455/651/884
f 395/664/885 462/687/885 400/548/885
f 462/687/886 399/549/886 400/548/886
f 396/663/887 463/688/887 462/687/887
f 463/688/888 464/569/888 462/687/888
f 462/687/889 464/569/889 399/549/889
f 397/662/890 465/689/890 463/688/890
f 465/689/891 466/692/891 463/688/891
f 463/688/892 466/692/892 464/569/892
f 466/692/893 467/637/893 464/569/893
f 456/659/894 398/661/894 465/689/894
f 398/661/895 468/693/895 465/689/895
f 465/689/896 468/693/896 466/692/896
f 468/693/897 469/666/897 466/692/897
f 466/692/898 469/666/898 467/637/898
f 401/545/899 414/547/899 410/566/899
f 470/690/900 471/694/900 398/661/900
f 398/661/901 471/694/901 468/693/901
f 471/694/902 472/695/902 468/693/902
f 468/693/903 472/695/903 469/666/903
f 472/695/904 473/542/904 469/666/904
f 455/651/905 474/691/905 470/690/905
f 474/691/906 475/696/906 470/690/906
f 470/690/907 475/696/907 471/694/907
f 475/696/908 476/697/908 471/694/908
f 471/694/909 476/697/909 472/695/909
f 476/697/910 477/698/910 472/695/910
f 472/695/911 477/698/911 473/542/911
f 477/698/912 478/543/912 473/542/912
f 404/531/913 378/530/913 474/691/913
f 474/691/914 378/530/914 475/696/914
f 378/530/915 377/699/915 475/696/915
f 475/696/916 377/699/916 476/697/916
f 377/699/917 376/700/917 476/697/917
f 476/697/918 376/700/918 477/698/918
f 376/700/919 375/643/919 477/698/919
f 477/698/920 375/643/920 478/543/920
f 479/536/921 385/684/921 368/682/921
f 385/684/922 459/678/922 416/679/922
f 368/652/923 416/701/923 392/646/923
f 433/702/924 373/703/924 447/704/924
f 403/653/925 392/646/925 374/642/925
f 411/705/926 392/646/926 416/701/926
f 412/706/927 411/705/927 416/701/927
f 409/707/928 403/653/928 374/642/928
f 392/646/929 387/708/929 441/709/929
f 496/572/930 372/573/930 485/710/930
f 409/707/931 374/642/931 379/641/931
f 479/536/932 482/535/932 385/684/932
f 482/535/933 384/685/933 385/684/933
f 480/711/934 483/571/934 481/537/934
f 483/571/935 484/686/935 482/535/935
f 482/535/936 484/686/936 384/685/936
f 483/571/937 369/529/937 484/686/937
f 485/710/938 372/573/938 483/571/938
f 483/571/939 372/573/939 369/529/939
f 441/709/940 421/712/940 382/713/940
f 441/709/941 381/714/941 392/646/941
f 387/708/942 421/712/942 441/709/942
f 381/714/943 436/647/943 392/646/943
f 447/704/944 409/707/944 379/641/944
f 372/573/945 378/530/945 369/529/945
f 372/573/946 486/715/946 378/530/946
f 486/715/947 377/699/947 378/530/947
f 372/573/948 487/559/948 486/715/948
f 487/559/949 488/716/949 486/715/949
f 486/715/950 488/716/950 377/699/950
f 488/716/951 376/700/951 377/699/951
f 487/559/952 489/717/952 488/716/952
f 489/717/953 490/718/953 488/716/953
f 488/716/954 490/718/954 376/700/954
f 490/718/955 375/643/955 376/700/955
f 496/572/956 494/557/956 487/559/956
f 487/559/957 491/558/957 489/717/957
f 491/558/958 492/719/958 489/717/958
f 489/717/959 492/719/959 490/718/959
f 492/719/960 375/643/960 490/718/960
f 494/557/961 495/672/961 491/558/961
f 491/558/962 495/672/962 492/719/962
f 495/672/963 493/644/963 492/719/963
f 492/719/964 493/644/964 375/643/964
f 383/610/965 380/609/965 392/646/965
f 493/587/966 417/579/966 478/583/966
f 433/702/967 447/704/967 379/641/967
f 413/720/968 408/671/968 388/669/968
f 480/711/969 485/710/969 483/571/969
f 498/721/970 510/722/970 543/723/970
f 499/724/971 525/725/971 545/726/971
f 500/727/972 535/728/972 554/729/972
f 498/721/973 543/723/973 546/730/973
f 499/724/974 545/726/974 555/731/974
f 500/727/975 554/729/975 601/732/975
f 581/733/976 501/734/976 567/735/976
f 569/736/977 570/737/977 541/738/977
f 586/739/978 590/740/978 508/741/978
f 683/742/979 682/743/979 562/744/979
f 684/745/980 685/746/980 681/747/980
f 573/748/981 579/749/981 541/738/981
f 497/750/982 501/751/982 590/752/982
f 556/753/983 564/754/983 497/755/983
f 556/753/984 689/756/984 564/754/984
f 611/757/985 570/758/985 569/759/985
f 551/760/986 567/735/986 568/761/986
f 550/762/987 567/735/987 551/760/987
f 562/744/988 682/743/988 596/763/988
f 596/763/989 552/764/989 562/744/989
f 539/765/990 587/766/990 682/743/990
f 687/767/991 507/768/991 669/769/991
f 684/745/992 681/747/992 686/770/992
f 681/747/993 683/742/993 687/767/993
f 686/770/994 681/747/994 687/767/994
f 552/771/995 557/772/995 562/773/995
f 557/772/996 556/753/996 497/755/996
f 602/774/997 561/775/997 540/776/997
f 559/777/998 574/778/998 688/779/998
f 601/732/999 577/780/999 558/781/999
f 559/777/1000 558/781/1000 574/778/1000
f 558/781/1001 576/782/1001 574/778/1001
f 574/778/1002 576/782/1002 575/783/1002
f 577/780/1003 578/784/1003 558/781/1003
f 558/781/1004 578/784/1004 576/782/1004
f 578/784/1005 579/785/1005 576/782/1005
f 601/732/1006 554/729/1006 577/780/1006
f 554/729/1007 553/786/1007 577/780/1007
f 577/780/1008 553/786/1008 578/784/1008
f 553/786/1009 540/776/1009 578/784/1009
f 578/784/1010 540/776/1010 579/785/1010
f 570/737/1011 568/787/1011 541/738/1011
f 611/757/1012 610/788/1012 570/758/1012
f 579/749/1013 540/789/1013 541/738/1013
f 572/790/1014 571/791/1014 541/738/1014
f 540/789/1015 561/792/1015 541/738/1015
f 580/793/1016 572/790/1016 541/738/1016
f 566/794/1017 580/793/1017 541/738/1017
f 565/795/1018 566/794/1018 541/738/1018
f 555/731/1019 545/726/1019 580/796/1019
f 545/726/1020 544/797/1020 580/796/1020
f 563/798/1021 565/795/1021 541/738/1021
f 561/792/1022 563/798/1022 541/738/1022
f 560/799/1023 507/768/1023 562/744/1023
f 628/800/1024 592/801/1024 591/802/1024
f 549/803/1025 581/733/1025 550/762/1025
f 548/804/1026 582/805/1026 549/803/1026
f 547/806/1027 585/807/1027 548/804/1027
f 546/730/1028 588/808/1028 547/806/1028
f 609/809/1029 566/810/1029 608/811/1029
f 631/812/1030 538/813/1030 592/801/1030
f 591/814/1031 592/815/1031 538/816/1031
f 555/731/1032 580/796/1032 566/810/1032
f 592/801/1033 628/800/1033 631/812/1033
f 587/817/1034 597/818/1034 596/819/1034
f 549/803/1035 582/805/1035 581/733/1035
f 582/805/1036 583/820/1036 581/733/1036
f 548/804/1037 585/807/1037 582/805/1037
f 585/807/1038 586/739/1038 582/805/1038
f 582/805/1039 586/739/1039 583/820/1039
f 603/821/1040 563/822/1040 561/775/1040
f 616/823/1041 572/824/1041 544/797/1041
f 547/806/1042 588/808/1042 585/807/1042
f 588/808/1043 589/825/1043 585/807/1043
f 585/807/1044 589/825/1044 586/739/1044
f 589/825/1045 590/740/1045 586/739/1045
f 571/791/1046 569/736/1046 541/738/1046
f 590/752/1047 511/826/1047 560/827/1047
f 576/782/1048 579/785/1048 573/828/1048
f 679/829/1049 680/830/1049 591/814/1049
f 546/730/1050 543/723/1050 588/808/1050
f 543/723/1051 542/831/1051 588/808/1051
f 588/808/1052 542/831/1052 589/825/1052
f 589/825/1053 542/831/1053 590/740/1053
f 606/832/1054 563/822/1054 603/821/1054
f 555/731/1055 566/810/1055 609/809/1055
f 687/767/1056 669/769/1056 686/770/1056
f 587/766/1057 596/763/1057 682/743/1057
f 538/816/1058 679/829/1058 591/814/1058
f 556/753/1059 690/833/1059 689/756/1059
f 584/834/1060 587/766/1060 539/765/1060
f 586/739/1061 508/741/1061 583/820/1061
f 537/835/1062 539/836/1062 682/837/1062
f 509/838/1063 538/813/1063 631/812/1063
f 501/751/1064 512/839/1064 508/840/1064
f 560/827/1065 497/750/1065 590/752/1065
f 508/840/1066 590/752/1066 501/751/1066
f 557/772/1067 593/841/1067 556/753/1067
f 596/819/1068 557/772/1068 552/771/1068
f 556/753/1069 593/841/1069 690/833/1069
f 593/841/1070 594/842/1070 690/833/1070
f 594/842/1071 595/843/1071 690/833/1071
f 690/833/1072 595/843/1072 688/779/1072
f 595/843/1073 559/777/1073 688/779/1073
f 557/772/1074 596/819/1074 593/841/1074
f 596/819/1075 597/818/1075 593/841/1075
f 593/841/1076 597/818/1076 594/842/1076
f 597/818/1077 595/843/1077 594/842/1077
f 597/818/1078 598/844/1078 595/843/1078
f 598/844/1079 599/845/1079 595/843/1079
f 595/843/1080 599/845/1080 559/777/1080
f 599/845/1081 558/781/1081 559/777/1081
f 587/817/1082 584/846/1082 598/844/1082
f 598/844/1083 600/847/1083 599/845/1083
f 600/847/1084 601/732/1084 599/845/1084
f 599/845/1085 601/732/1085 558/781/1085
f 584/846/1086 539/836/1086 600/847/1086
f 600/847/1087 537/835/1087 601/732/1087
f 537/835/1088 536/848/1088 601/732/1088
f 536/848/1089 500/727/1089 601/732/1089
f 553/786/1090 602/774/1090 540/776/1090
f 554/729/1091 604/849/1091 553/786/1091
f 616/823/1092 571/850/1092 572/824/1092
f 550/762/1093 581/733/1093 567/735/1093
f 581/733/1094 583/820/1094 501/734/1094
f 606/832/1095 607/851/1095 563/822/1095
f 497/755/1096 560/852/1096 562/773/1096
f 497/853/1097 564/854/1097 689/855/1097
f 501/856/1098 497/853/1098 541/738/1098
f 562/773/1099 557/772/1099 497/755/1099
f 541/738/1100 568/787/1100 501/856/1100
f 575/783/1101 576/782/1101 573/828/1101
f 544/797/1102 572/824/1102 580/796/1102
f 553/786/1103 604/849/1103 602/774/1103
f 604/849/1104 605/857/1104 602/774/1104
f 602/774/1105 605/857/1105 603/821/1105
f 605/857/1106 606/832/1106 603/821/1106
f 689/855/1107 541/738/1107 497/853/1107
f 563/822/1108 607/851/1108 565/858/1108
f 568/787/1109 567/859/1109 501/856/1109
f 565/860/1110 608/811/1110 566/810/1110
f 602/774/1111 603/821/1111 561/775/1111
f 554/729/1112 535/728/1112 604/849/1112
f 535/728/1113 534/861/1113 604/849/1113
f 604/849/1114 534/861/1114 605/857/1114
f 534/861/1115 533/862/1115 605/857/1115
f 605/857/1116 533/862/1116 606/832/1116
f 533/862/1117 532/863/1117 606/832/1117
f 606/832/1118 532/863/1118 607/851/1118
f 532/863/1119 531/864/1119 607/851/1119
f 607/865/1120 531/866/1120 608/811/1120
f 531/866/1121 530/867/1121 608/811/1121
f 608/811/1122 530/867/1122 609/809/1122
f 530/867/1123 529/868/1123 609/809/1123
f 609/809/1124 529/868/1124 555/731/1124
f 529/868/1125 499/724/1125 555/731/1125
f 545/726/1126 621/869/1126 544/797/1126
f 607/851/1127 608/870/1127 565/858/1127
f 679/871/1128 538/813/1128 509/838/1128
f 610/788/1129 568/761/1129 570/758/1129
f 610/788/1130 550/762/1130 551/760/1130
f 611/757/1131 612/872/1131 610/788/1131
f 610/788/1132 612/872/1132 550/762/1132
f 612/872/1133 549/803/1133 550/762/1133
f 571/850/1134 613/873/1134 569/874/1134
f 569/759/1135 613/875/1135 611/757/1135
f 613/875/1136 614/876/1136 611/757/1136
f 611/757/1137 614/876/1137 612/872/1137
f 614/876/1138 615/877/1138 612/872/1138
f 612/872/1139 615/877/1139 549/803/1139
f 615/877/1140 548/804/1140 549/803/1140
f 616/823/1141 617/878/1141 571/850/1141
f 571/850/1142 617/878/1142 613/873/1142
f 617/878/1143 618/879/1143 613/873/1143
f 613/875/1144 618/880/1144 614/876/1144
f 618/880/1145 619/881/1145 614/876/1145
f 614/876/1146 619/881/1146 615/877/1146
f 619/881/1147 620/882/1147 615/877/1147
f 615/877/1148 620/882/1148 548/804/1148
f 620/882/1149 547/806/1149 548/804/1149
f 544/797/1150 621/869/1150 616/823/1150
f 621/869/1151 622/883/1151 616/823/1151
f 616/823/1152 622/883/1152 617/878/1152
f 622/883/1153 623/884/1153 617/878/1153
f 617/878/1154 623/884/1154 618/879/1154
f 623/884/1155 624/885/1155 618/879/1155
f 618/880/1156 624/886/1156 619/881/1156
f 624/886/1157 625/887/1157 619/881/1157
f 619/881/1158 625/887/1158 620/882/1158
f 625/887/1159 626/888/1159 620/882/1159
f 620/882/1160 626/888/1160 547/806/1160
f 626/888/1161 546/730/1161 547/806/1161
f 545/726/1162 525/725/1162 621/869/1162
f 525/725/1163 524/889/1163 621/869/1163
f 621/869/1164 524/889/1164 622/883/1164
f 524/889/1165 523/890/1165 622/883/1165
f 622/883/1166 523/890/1166 623/884/1166
f 523/890/1167 522/891/1167 623/884/1167
f 623/884/1168 522/891/1168 624/885/1168
f 522/891/1169 521/892/1169 624/885/1169
f 624/886/1170 521/893/1170 625/887/1170
f 521/893/1171 520/894/1171 625/887/1171
f 625/887/1172 520/894/1172 626/888/1172
f 520/894/1173 519/895/1173 626/888/1173
f 626/888/1174 519/895/1174 546/730/1174
f 519/895/1175 498/721/1175 546/730/1175
f 591/896/1176 560/827/1176 511/826/1176
f 543/723/1177 629/897/1177 542/831/1177
f 677/898/1178 680/830/1178 678/899/1178
f 583/820/1179 512/900/1179 501/734/1179
f 560/799/1180 591/814/1180 680/830/1180
f 680/830/1181 507/768/1181 560/799/1181
f 507/768/1182 687/767/1182 683/742/1182
f 679/829/1183 678/899/1183 680/830/1183
f 542/831/1184 629/897/1184 627/901/1184
f 629/897/1185 630/902/1185 627/901/1185
f 630/902/1186 631/812/1186 627/901/1186
f 627/901/1187 631/812/1187 628/800/1187
f 543/723/1188 510/722/1188 629/897/1188
f 510/722/1189 509/838/1189 629/897/1189
f 629/897/1190 509/838/1190 630/902/1190
f 630/902/1191 509/838/1191 631/812/1191
f 591/802/1192 511/903/1192 628/800/1192
f 506/904/1193 507/768/1193 680/830/1193
f 683/905/1194 632/906/1194 682/837/1194
f 632/906/1195 633/907/1195 682/837/1195
f 682/837/1196 633/907/1196 537/835/1196
f 632/906/1197 634/908/1197 633/907/1197
f 633/907/1198 634/908/1198 537/835/1198
f 634/908/1199 536/848/1199 537/835/1199
f 685/909/1200 528/910/1200 681/911/1200
f 681/911/1201 528/910/1201 683/905/1201
f 528/910/1202 527/912/1202 683/905/1202
f 683/905/1203 527/912/1203 632/906/1203
f 632/906/1204 527/912/1204 634/908/1204
f 527/912/1205 526/913/1205 634/908/1205
f 634/908/1206 526/913/1206 536/848/1206
f 526/913/1207 500/727/1207 536/848/1207
f 526/913/1208 535/728/1208 500/727/1208
f 527/912/1209 635/914/1209 526/913/1209
f 528/910/1210 638/915/1210 527/912/1210
f 685/909/1211 641/916/1211 528/910/1211
f 684/745/1212 645/917/1212 685/746/1212
f 650/918/1213 684/745/1213 686/770/1213
f 526/913/1214 635/914/1214 535/728/1214
f 635/914/1215 534/861/1215 535/728/1215
f 527/912/1216 636/919/1216 635/914/1216
f 636/919/1217 637/920/1217 635/914/1217
f 635/914/1218 637/920/1218 534/861/1218
f 637/920/1219 533/862/1219 534/861/1219
f 527/912/1220 638/915/1220 636/919/1220
f 638/915/1221 639/921/1221 636/919/1221
f 636/919/1222 639/921/1222 637/920/1222
f 639/921/1223 640/922/1223 637/920/1223
f 637/920/1224 640/922/1224 533/862/1224
f 640/922/1225 532/863/1225 533/862/1225
f 528/910/1226 641/916/1226 638/915/1226
f 641/916/1227 642/923/1227 638/915/1227
f 638/915/1228 642/923/1228 639/921/1228
f 642/923/1229 643/924/1229 639/921/1229
f 639/921/1230 643/924/1230 640/922/1230
f 643/925/1231 644/926/1231 640/927/1231
f 640/922/1232 644/928/1232 532/863/1232
f 644/926/1233 531/866/1233 532/929/1233
f 685/909/1234 645/930/1234 641/916/1234
f 645/917/1235 646/931/1235 641/932/1235
f 641/916/1236 646/933/1236 642/923/1236
f 646/934/1237 647/935/1237 642/936/1237
f 642/936/1238 647/935/1238 643/925/1238
f 647/935/1239 648/937/1239 643/925/1239
f 643/925/1240 648/937/1240 644/926/1240
f 648/937/1241 649/938/1241 644/926/1241
f 644/926/1242 649/938/1242 531/866/1242
f 649/938/1243 530/867/1243 531/866/1243
f 684/745/1244 650/918/1244 645/917/1244
f 650/918/1245 651/939/1245 645/917/1245
f 645/917/1246 651/939/1246 646/931/1246
f 651/940/1247 652/941/1247 646/934/1247
f 646/934/1248 652/941/1248 647/935/1248
f 652/941/1249 653/942/1249 647/935/1249
f 647/935/1250 653/942/1250 648/937/1250
f 653/942/1251 654/943/1251 648/937/1251
f 648/937/1252 654/943/1252 649/938/1252
f 654/943/1253 655/944/1253 649/938/1253
f 649/938/1254 655/944/1254 530/867/1254
f 655/944/1255 529/868/1255 530/867/1255
f 686/770/1256 518/945/1256 650/918/1256
f 650/918/1257 518/945/1257 651/939/1257
f 518/946/1258 517/947/1258 651/940/1258
f 651/940/1259 517/947/1259 652/941/1259
f 517/947/1260 516/948/1260 652/941/1260
f 652/941/1261 516/948/1261 653/942/1261
f 516/948/1262 515/949/1262 653/942/1262
f 653/942/1263 515/949/1263 654/943/1263
f 515/949/1264 514/950/1264 654/943/1264
f 654/943/1265 514/950/1265 655/944/1265
f 514/950/1266 513/951/1266 655/944/1266
f 655/944/1267 513/951/1267 529/868/1267
f 513/951/1268 499/724/1268 529/868/1268
f 513/951/1269 525/725/1269 499/724/1269
f 514/950/1270 656/952/1270 513/951/1270
f 516/948/1271 657/953/1271 515/949/1271
f 517/947/1272 660/954/1272 516/948/1272
f 518/946/1273 664/955/1273 517/947/1273
f 686/770/1274 669/769/1274 518/945/1274
f 513/951/1275 656/952/1275 525/725/1275
f 656/952/1276 524/889/1276 525/725/1276
f 656/952/1277 523/890/1277 524/889/1277
f 515/949/1278 657/953/1278 514/950/1278
f 657/953/1279 658/956/1279 514/950/1279
f 514/950/1280 658/956/1280 656/952/1280
f 658/956/1281 659/957/1281 656/952/1281
f 656/952/1282 659/957/1282 523/890/1282
f 659/957/1283 522/891/1283 523/890/1283
f 516/948/1284 660/954/1284 657/953/1284
f 660/954/1285 661/958/1285 657/953/1285
f 657/953/1286 661/958/1286 658/956/1286
f 661/958/1287 662/959/1287 658/956/1287
f 658/956/1288 662/959/1288 659/957/1288
f 662/959/1289 663/960/1289 659/957/1289
f 659/957/1290 663/960/1290 522/891/1290
f 663/960/1291 521/892/1291 522/891/1291
f 517/947/1292 664/955/1292 660/954/1292
f 664/955/1293 665/961/1293 660/954/1293
f 660/954/1294 665/961/1294 661/958/1294
f 665/961/1295 666/962/1295 661/958/1295
f 661/958/1296 666/962/1296 662/959/1296
f 666/962/1297 667/963/1297 662/959/1297
f 662/959/1298 667/963/1298 663/960/1298
f 667/963/1299 668/964/1299 663/960/1299
f 663/960/1300 668/964/1300 521/892/1300
f 668/965/1301 520/894/1301 521/893/1301
f 518/945/1302 669/769/1302 664/966/1302
f 669/769/1303 670/967/1303 664/966/1303
f 664/966/1304 670/967/1304 665/968/1304
f 670/967/1305 671/969/1305 665/968/1305
f 665/961/1306 671/970/1306 666/962/1306
f 671/970/1307 672/971/1307 666/962/1307
f 666/962/1308 672/971/1308 667/963/1308
f 672/972/1309 673/973/1309 667/974/1309
f 667/974/1310 673/973/1310 668/965/1310
f 673/973/1311 674/975/1311 668/965/1311
f 668/965/1312 674/975/1312 520/894/1312
f 674/975/1313 519/895/1313 520/894/1313
f 683/742/1314 562/744/1314 507/768/1314
f 669/769/1315 507/768/1315 670/967/1315
f 507/768/1316 506/904/1316 670/967/1316
f 670/967/1317 506/904/1317 671/969/1317
f 506/904/1318 505/976/1318 671/969/1318
f 671/969/1319 505/976/1319 672/977/1319
f 505/976/1320 504/978/1320 672/977/1320
f 672/972/1321 504/979/1321 673/973/1321
f 504/979/1322 503/980/1322 673/973/1322
f 673/973/1323 503/980/1323 674/975/1323
f 503/980/1324 502/981/1324 674/975/1324
f 674/975/1325 502/981/1325 519/895/1325
f 502/981/1326 498/721/1326 519/895/1326
f 583/820/1327 508/741/1327 512/900/1327
f 502/981/1328 510/722/1328 498/721/1328
f 503/980/1329 675/982/1329 502/981/1329
f 504/979/1330 676/983/1330 503/980/1330
f 505/976/1331 677/898/1331 504/978/1331
f 506/904/1332 680/830/1332 505/976/1332
f 502/981/1333 675/982/1333 510/722/1333
f 675/982/1334 509/838/1334 510/722/1334
f 503/980/1335 676/983/1335 675/982/1335
f 504/978/1336 677/898/1336 676/984/1336
f 677/898/1337 678/899/1337 676/984/1337
f 676/983/1338 678/985/1338 675/982/1338
f 678/985/1339 679/871/1339 675/982/1339
f 675/982/1340 679/871/1340 509/838/1340
f 542/831/1341 511/903/1341 590/740/1341
f 505/976/1342 680/830/1342 677/898/1342
f 627/901/1343 511/903/1343 542/831/1343
f 610/788/1344 551/760/1344 568/761/1344
f 575/986/1345 573/748/1345 541/738/1345
f 688/987/1346 575/986/1346 541/738/1346
f 690/988/1347 688/987/1347 541/738/1347
f 537/835/1348 600/847/1348 539/836/1348
f 584/846/1349 600/847/1349 598/844/1349
f 627/901/1350 628/800/1350 511/903/1350
f 587/817/1351 598/844/1351 597/818/1351
f 574/778/1352 575/783/1352 688/779/1352
f 541/738/1353 689/855/1353 690/988/1353
f 826/989/1354 702/990/1354 750/991/1354
f 708/992/1355 811/993/1355 705/994/1355
f 693/995/1356 713/996/1356 734/997/1356
f 693/995/1357 734/997/1357 717/998/1357
f 726/999/1358 817/1000/1358 816/1001/1358
f 699/1002/1359 701/1003/1359 823/1004/1359
f 748/1005/1360 750/991/1360 749/1006/1360
f 747/1007/1361 752/1008/1361 748/1005/1361
f 750/991/1362 695/1009/1362 749/1006/1362
f 748/1005/1363 752/1008/1363 750/991/1363
f 752/1008/1364 751/1010/1364 750/991/1364
f 723/1011/1365 721/1012/1365 738/1013/1365
f 752/1008/1366 754/1014/1366 751/1010/1366
f 751/1010/1367 754/1014/1367 753/1015/1367
f 754/1014/1368 755/1016/1368 753/1015/1368
f 746/1017/1369 745/1018/1369 747/1007/1369
f 745/1018/1370 744/1019/1370 747/1007/1370
f 747/1007/1371 744/1019/1371 752/1008/1371
f 744/1019/1372 754/1014/1372 752/1008/1372
f 754/1014/1373 743/1020/1373 755/1016/1373
f 743/1021/1374 825/1022/1374 755/1023/1374
f 829/1024/1375 705/994/1375 811/993/1375
f 736/1025/1376 722/1026/1376 778/1027/1376
f 728/1028/1377 777/1029/1377 778/1027/1377
f 776/1030/1378 730/1031/1378 828/1032/1378
f 819/1033/1379 741/1034/1379 820/1035/1379
f 722/1026/1380 736/1025/1380 735/1036/1380
f 735/1036/1381 709/1037/1381 722/1026/1381
f 728/1028/1382 723/1011/1382 777/1029/1382
f 823/1004/1383 701/1003/1383 729/1038/1383
f 802/1039/1384 725/1040/1384 729/1038/1384
f 811/993/1384 821/1041/1384 829/1024/1384
f 803/1042/1385 784/1043/1385 699/1002/1385
f 698/1044/1386 697/1045/1386 699/1002/1386
f 699/1002/1387 691/1046/1387 698/1044/1387
f 699/1002/1388 697/1045/1388 701/1003/1388
f 697/1045/1389 749/1047/1389 701/1003/1389
f 696/1048/1390 701/1003/1390 692/1049/1390
f 803/1050/1391 807/1051/1391 716/1052/1391
f 695/1053/1392 692/1049/1392 701/1003/1392
f 816/1001/1393 705/1054/1393 829/1055/1393
f 727/1056/1394 710/1057/1394 711/1058/1394
f 695/1053/1395 701/1003/1395 749/1047/1395
f 823/1059/1396 808/1060/1396 807/1051/1396
f 708/1061/1397 704/1062/1397 812/1063/1397
f 726/999/1398 819/1064/1398 817/1000/1398
f 801/1065/1399 781/1066/1399 699/1002/1399
f 782/1067/1400 783/1068/1400 700/1069/1400
f 724/1070/1401 722/1026/1401 709/1037/1401
f 750/991/1402 751/1010/1402 826/989/1402
f 724/1070/1403 721/1012/1403 722/1026/1403
f 728/1028/1404 722/1026/1404 721/1012/1404
f 723/1011/1405 728/1028/1405 721/1012/1405
f 780/1071/1406 705/1054/1406 706/1072/1406
f 791/1073/1407 824/1074/1407 788/1075/1407
f 787/1076/1408 788/1075/1408 830/1077/1408
f 748/1005/1409 749/1006/1409 697/1078/1409
f 791/1073/1410 738/1013/1410 824/1074/1410
f 771/1079/1411 827/1080/1411 825/1022/1411
f 697/1078/1412 747/1007/1412 748/1005/1412
f 697/1078/1413 756/1081/1413 747/1007/1413
f 756/1081/1414 746/1017/1414 747/1007/1414
f 691/1082/1415 740/1083/1415 698/1084/1415
f 740/1083/1416 739/1085/1416 756/1081/1416
f 756/1081/1417 739/1085/1417 746/1017/1417
f 739/1085/1418 745/1018/1418 746/1017/1418
f 804/1086/1419 757/1087/1419 720/1088/1419
f 806/1089/1420 758/1090/1420 804/1091/1420
f 809/1092/1421 760/1093/1421 806/1089/1421
f 719/1094/1422 763/1095/1422 809/1092/1422
f 718/1096/1423 767/1097/1423 719/1094/1423
f 717/998/1424 772/1098/1424 718/1099/1424
f 720/1088/1425 757/1087/1425 745/1018/1425
f 757/1087/1426 744/1019/1426 745/1018/1426
f 804/1086/1427 758/1100/1427 757/1087/1427
f 758/1100/1428 759/1101/1428 757/1087/1428
f 757/1087/1429 759/1101/1429 744/1019/1429
f 759/1101/1430 754/1014/1430 744/1019/1430
f 806/1089/1431 760/1093/1431 758/1090/1431
f 760/1102/1432 761/1103/1432 758/1100/1432
f 758/1100/1433 761/1103/1433 759/1101/1433
f 761/1103/1434 762/1104/1434 759/1101/1434
f 759/1101/1435 762/1104/1435 754/1014/1435
f 762/1104/1436 743/1020/1436 754/1014/1436
f 809/1092/1437 763/1095/1437 760/1093/1437
f 763/1095/1438 764/1105/1438 760/1093/1438
f 760/1106/1439 764/1107/1439 761/1108/1439
f 764/1107/1440 765/1109/1440 761/1108/1440
f 761/1108/1441 765/1109/1441 762/1110/1441
f 765/1109/1442 766/1111/1442 762/1110/1442
f 762/1110/1443 766/1111/1443 743/1021/1443
f 766/1111/1444 825/1022/1444 743/1021/1444
f 719/1094/1445 767/1097/1445 763/1095/1445
f 767/1112/1446 768/1113/1446 763/1114/1446
f 763/1114/1447 768/1113/1447 764/1107/1447
f 768/1113/1448 769/1115/1448 764/1107/1448
f 764/1107/1449 769/1115/1449 765/1109/1449
f 769/1115/1450 770/1116/1450 765/1109/1450
f 765/1109/1451 770/1116/1451 766/1111/1451
f 770/1116/1452 771/1079/1452 766/1111/1452
f 766/1111/1453 771/1079/1453 825/1022/1453
f 718/1099/1454 772/1098/1454 767/1112/1454
f 772/1098/1455 773/1117/1455 767/1112/1455
f 767/1112/1456 773/1117/1456 768/1113/1456
f 773/1117/1457 774/1118/1457 768/1113/1457
f 768/1113/1458 774/1118/1458 769/1115/1458
f 774/1118/1459 775/1119/1459 769/1115/1459
f 769/1115/1460 775/1119/1460 770/1116/1460
f 775/1119/1461 776/1030/1461 770/1116/1461
f 770/1116/1462 776/1030/1462 771/1079/1462
f 717/998/1463 734/997/1463 772/1098/1463
f 734/997/1464 733/1120/1464 772/1098/1464
f 772/1098/1465 733/1120/1465 773/1117/1465
f 733/1120/1466 732/1121/1466 773/1117/1466
f 773/1117/1467 732/1121/1467 774/1118/1467
f 732/1121/1468 731/1122/1468 774/1118/1468
f 774/1118/1469 731/1122/1469 775/1119/1469
f 775/1119/1470 731/1122/1470 776/1030/1470
f 731/1122/1471 730/1031/1471 776/1030/1471
f 737/1123/1472 777/1029/1472 738/1013/1472
f 736/1025/1473 778/1027/1473 737/1123/1473
f 737/1123/1474 778/1027/1474 777/1029/1474
f 722/1026/1475 728/1028/1475 778/1027/1475
f 781/1066/1476 700/1069/1476 699/1002/1476
f 724/1124/1477 709/1125/1477 726/1126/1477
f 692/1127/1478 753/1128/1478 830/1077/1478
f 782/1067/1479 781/1066/1479 801/1065/1479
f 700/1069/1480 783/1068/1480 691/1046/1480
f 727/1056/1481 711/1058/1481 820/1035/1481
f 784/1043/1482 782/1067/1482 801/1065/1482
f 784/1043/1483 785/1129/1483 782/1067/1483
f 782/1067/1484 785/1129/1484 783/1068/1484
f 785/1130/1485 786/1131/1485 783/1132/1485
f 783/1132/1486 786/1131/1486 740/1083/1486
f 786/1131/1487 739/1085/1487 740/1083/1487
f 716/1052/1488 784/1133/1488 803/1050/1488
f 784/1133/1489 716/1052/1489 785/1134/1489
f 716/1052/1490 715/1135/1490 785/1134/1490
f 785/1130/1491 715/1136/1491 786/1131/1491
f 715/1136/1492 714/1137/1492 786/1131/1492
f 786/1131/1493 714/1137/1493 739/1085/1493
f 714/1137/1494 745/1018/1494 739/1085/1494
f 731/1122/1495 787/1076/1495 730/1031/1495
f 732/1121/1496 792/1138/1496 731/1122/1496
f 734/997/1497 797/1139/1497 733/1120/1497
f 731/1122/1498 789/1140/1498 787/1076/1498
f 789/1140/1499 790/1141/1499 787/1076/1499
f 787/1076/1500 790/1141/1500 788/1075/1500
f 790/1141/1501 791/1073/1501 788/1075/1501
f 731/1122/1502 792/1138/1502 789/1140/1502
f 792/1138/1503 793/1142/1503 789/1140/1503
f 789/1140/1504 793/1142/1504 790/1141/1504
f 790/1141/1505 793/1142/1505 791/1073/1505
f 793/1142/1506 794/1143/1506 791/1073/1506
f 791/1073/1507 794/1143/1507 738/1013/1507
f 794/1143/1508 737/1123/1508 738/1013/1508
f 793/1142/1509 795/1144/1509 794/1143/1509
f 795/1144/1510 796/1145/1510 794/1143/1510
f 794/1143/1511 796/1145/1511 737/1123/1511
f 796/1145/1512 736/1025/1512 737/1123/1512
f 733/1120/1513 797/1139/1513 732/1121/1513
f 797/1139/1514 798/1146/1514 732/1121/1514
f 732/1121/1515 798/1146/1515 792/1138/1515
f 792/1138/1516 798/1146/1516 793/1142/1516
f 798/1146/1517 795/1144/1517 793/1142/1517
f 795/1144/1518 799/1147/1518 796/1145/1518
f 799/1147/1519 800/1148/1519 796/1145/1519
f 796/1145/1520 800/1148/1520 736/1025/1520
f 800/1148/1521 735/1036/1521 736/1025/1521
f 734/997/1522 713/996/1522 797/1139/1522
f 797/1139/1523 713/996/1523 798/1146/1523
f 713/996/1524 712/1149/1524 798/1146/1524
f 798/1146/1525 712/1149/1525 795/1144/1525
f 712/1149/1526 711/1058/1526 795/1144/1526
f 795/1144/1527 711/1058/1527 799/1147/1527
f 711/1058/1528 710/1057/1528 799/1147/1528
f 799/1147/1529 710/1057/1529 800/1148/1529
f 710/1057/1530 694/1150/1530 800/1148/1530
f 800/1148/1531 694/1150/1531 735/1036/1531
f 741/1151/1532 709/1125/1532 742/1152/1532
f 740/1083/1533 691/1082/1533 783/1132/1533
f 692/1153/1534 721/1154/1534 724/1155/1534
f 721/1012/1535 692/1127/1535 788/1075/1535
f 825/1022/1536 827/1080/1536 828/1032/1536
f 695/1053/1537 702/1156/1537 692/1049/1537
f 714/1137/1538 720/1088/1538 745/1018/1538
f 715/1136/1539 804/1086/1539 714/1137/1539
f 716/1052/1540 805/1157/1540 715/1135/1540
f 714/1137/1541 804/1086/1541 720/1088/1541
f 715/1135/1542 805/1157/1542 804/1091/1542
f 805/1157/1543 806/1089/1543 804/1091/1543
f 716/1052/1544 807/1051/1544 805/1157/1544
f 807/1051/1545 808/1060/1545 805/1157/1545
f 805/1157/1546 808/1060/1546 806/1089/1546
f 808/1060/1547 809/1092/1547 806/1089/1547
f 803/1050/1548 823/1059/1548 807/1051/1548
f 808/1060/1549 810/1158/1549 809/1092/1549
f 810/1158/1550 719/1094/1550 809/1092/1550
f 821/1159/1551 808/1060/1551 823/1059/1551
f 808/1060/1552 821/1159/1552 810/1158/1552
f 821/1159/1553 811/1160/1553 810/1158/1553
f 811/1160/1554 719/1094/1554 810/1158/1554
f 811/1160/1555 812/1063/1555 719/1094/1555
f 812/1063/1556 813/1161/1556 719/1094/1556
f 719/1094/1557 813/1161/1557 718/1096/1557
f 813/1162/1558 717/998/1558 718/1099/1558
f 811/1160/1559 708/1061/1559 812/1063/1559
f 812/1063/1560 704/1062/1560 813/1161/1560
f 704/1062/1561 703/1163/1561 813/1161/1561
f 813/1162/1562 703/1164/1562 717/998/1562
f 703/1164/1563 693/995/1563 717/998/1563
f 707/1165/1564 713/996/1564 693/995/1564
f 706/1166/1565 814/1167/1565 707/1165/1565
f 707/1165/1566 814/1167/1566 713/996/1566
f 706/1166/1567 815/1168/1567 814/1167/1567
f 814/1167/1568 815/1168/1568 713/996/1568
f 815/1168/1569 712/1149/1569 713/996/1569
f 705/1054/1570 816/1001/1570 706/1072/1570
f 816/1001/1571 817/1000/1571 706/1072/1571
f 706/1166/1572 817/1169/1572 815/1168/1572
f 817/1169/1573 818/1170/1573 815/1168/1573
f 815/1168/1574 818/1170/1574 712/1149/1574
f 729/1038/1575 829/1024/1575 823/1004/1575
f 729/1171/1576 726/999/1576 816/1001/1576
f 817/1169/1577 819/1033/1577 818/1170/1577
f 819/1033/1379 820/1035/1379 818/1170/1379
f 818/1170/1578 820/1035/1578 712/1149/1578
f 820/1035/1579 711/1058/1579 712/1149/1579
f 828/1032/1580 830/1077/1580 755/1023/1580
f 741/1034/1581 727/1056/1581 820/1035/1581
f 755/1023/1582 825/1022/1582 828/1032/1582
f 823/1004/1583 803/1042/1583 699/1002/1583
f 701/1003/1384 802/1039/1384 729/1038/1384
f 698/1084/1584 740/1083/1584 756/1081/1584
f 756/1081/1585 697/1078/1585 698/1084/1585
f 727/1056/1586 742/1172/1586 710/1057/1586
f 694/1150/1587 710/1057/1587 742/1172/1587
f 705/994/1588 780/1173/1588 708/992/1588
f 694/1150/1589 709/1037/1589 735/1036/1589
f 784/1043/1590 801/1065/1590 699/1002/1590
f 829/1055/1591 729/1171/1591 816/1001/1591
f 727/1174/1592 741/1151/1592 742/1152/1592
f 709/1125/1593 694/1175/1593 742/1152/1593
f 708/992/1594 780/1173/1594 779/1176/1594
f 741/1151/1595 819/1177/1595 726/1126/1595
f 821/1041/1596 823/1004/1596 829/1024/1596
f 724/1124/1597 726/1126/1597 729/1178/1597
f 729/1178/1598 725/1179/1598 724/1124/1598
f 741/1151/1599 726/1126/1599 709/1125/1599
f 724/1155/1534 725/1180/1534 692/1153/1534
f 802/1181/1600 696/1182/1600 692/1153/1600
f 802/1039/1601 701/1003/1601 696/1048/1601
f 692/1127/1602 702/1183/1602 826/1184/1602
f 725/1180/1603 802/1181/1603 692/1153/1603
f 824/1074/1604 721/1012/1604 788/1075/1604
f 723/1011/1605 738/1013/1605 777/1029/1605
f 692/1127/1606 826/1184/1606 753/1128/1606
f 830/1077/1607 788/1075/1607 692/1127/1607
f 779/1185/1608 822/1186/1608 704/1062/1608
f 824/1074/1609 738/1013/1609 721/1012/1609
f 753/1128/1610 755/1023/1610 830/1077/1610
f 780/1071/1611 706/1072/1611 822/1186/1611
f 703/1164/1612 707/1165/1612 693/995/1612
f 704/1062/1613 822/1186/1613 703/1163/1613
f 708/1061/1614 779/1185/1614 704/1062/1614
f 703/1164/1615 822/1187/1615 707/1165/1615
f 822/1187/1616 706/1166/1616 707/1165/1616
f 779/1185/1617 780/1071/1617 822/1186/1617
f 782/1067/1618 700/1069/1618 781/1066/1618
f 699/1002/1619 700/1069/1619 691/1046/1619
f 787/1076/1620 830/1077/1620 730/1031/1620
f 776/1030/1621 828/1032/1621 771/1079/1621
f 771/1079/1622 828/1032/1622 827/1080/1622
f 751/1010/1623 753/1015/1623 826/989/1623
f 695/1009/1624 750/991/1624 702/990/1624
f 730/1031/1625 830/1077/1625 828/1032/1625
f 915/1188/1626 888/1189/1626 914/1190/1626
f 831/1191/1627 835/1192/1627 866/1193/1627
f 863/1194/1628 865/1195/1628 900/1196/1628
f 912/1197/1629 913/1198/1629 865/1195/1629
f 909/1199/1630 865/1195/1630 863/1194/1630
f 831/1191/1631 866/1193/1631 870/1200/1631
f 913/1198/1632 834/1201/1632 865/1195/1632
f 903/1202/1633 886/1203/1633 871/1204/1633
f 833/1205/1634 894/1206/1634 834/1201/1634
f 843/1207/1635 906/1208/1635 863/1194/1635
f 903/1202/1636 841/1209/1636 886/1203/1636
f 895/1210/1637 865/1195/1637 834/1201/1637
f 834/1201/1638 894/1206/1638 895/1210/1638
f 876/1211/1639 900/1196/1639 888/1189/1639
f 887/1212/1640 888/1189/1640 900/1196/1640
f 899/1213/1641 875/1214/1641 865/1195/1641
f 865/1195/1642 895/1210/1642 899/1213/1642
f 916/1215/1643 883/1216/1643 878/1217/1643
f 962/1218/1644 902/1219/1644 864/1220/1644
f 903/1202/1645 842/1221/1645 863/1194/1645
f 875/1214/1646 900/1196/1646 865/1195/1646
f 863/1194/1647 842/1221/1647 843/1207/1647
f 961/1222/1648 962/1218/1648 864/1220/1648
f 877/1223/1649 878/1224/1649 864/1225/1649
f 854/1226/1650 853/1227/1650 890/1228/1650
f 900/1229/1651 876/1230/1651 889/1231/1651
f 904/1232/1652 842/1221/1652 903/1202/1652
f 864/1220/1653 883/1216/1653 961/1222/1653
f 915/1188/1654 876/1211/1654 893/1233/1654
f 866/1193/1655 902/1219/1655 962/1218/1655
f 858/1234/1656 882/1235/1656 859/1236/1656
f 900/1196/1657 903/1202/1657 863/1194/1657
f 888/1189/1658 893/1233/1658 876/1211/1658
f 915/1188/1659 872/1237/1659 876/1211/1659
f 915/1188/1660 893/1233/1660 888/1189/1660
f 878/1224/1661 883/1238/1661 864/1225/1661
f 889/1231/1662 876/1230/1662 884/1239/1662
f 869/1240/1663 871/1204/1663 886/1203/1663
f 864/1225/1664 900/1229/1664 889/1231/1664
f 889/1231/1664 890/1228/1664 864/1225/1664
f 868/1241/1665 904/1232/1665 871/1204/1665
f 891/1242/1666 877/1223/1666 864/1225/1666
f 871/1204/1667 904/1232/1667 903/1202/1667
f 832/1243/1668 855/1244/1668 884/1239/1668
f 959/1245/1669 901/1246/1669 864/1220/1669
f 874/1247/1670 842/1221/1670 904/1232/1670
f 890/1228/1664 891/1242/1664 864/1225/1664
f 872/1248/1671 884/1239/1671 876/1230/1671
f 832/1243/1672 884/1239/1672 872/1248/1672
f 913/1198/1673 833/1205/1673 834/1201/1673
f 903/1202/1674 900/1196/1674 841/1209/1674
f 869/1249/1675 886/1250/1675 900/1251/1675
f 886/1250/1676 841/1252/1676 900/1251/1676
f 873/1253/1677 907/1254/1677 874/1247/1677
f 901/1246/1678 869/1249/1678 900/1251/1678
f 864/1220/1679 902/1219/1679 866/1193/1679
f 900/1251/1680 864/1220/1680 901/1246/1680
f 866/1193/1681 835/1192/1681 864/1220/1681
f 835/1192/1682 959/1245/1682 864/1220/1682
f 868/1241/1683 874/1247/1683 904/1232/1683
f 892/1255/1684 896/1256/1684 954/1257/1684
f 862/1258/1685 910/1259/1685 867/1260/1685
f 910/1259/1686 907/1254/1686 873/1253/1686
f 960/1261/1687 901/1246/1687 959/1245/1687
f 909/1199/1688 863/1194/1688 906/1208/1688
f 858/1234/1689 919/1262/1689 882/1235/1689
f 919/1262/1690 918/1263/1690 881/1264/1690
f 848/1265/1691 933/1266/1691 836/1267/1691
f 896/1268/1692 836/1269/1692 859/1270/1692
f 892/1271/1693 836/1269/1693 896/1268/1693
f 897/1272/1694 898/1273/1694 882/1274/1694
f 871/1275/1695 869/1276/1695 867/1277/1695
f 885/1278/1696 859/1270/1696 836/1269/1696
f 869/1276/1697 901/1279/1697 879/1280/1697
f 839/1281/1698 897/1282/1698 960/1261/1698
f 874/1247/1699 905/1283/1699 842/1221/1699
f 873/1253/1700 874/1247/1700 868/1241/1700
f 868/1284/1701 871/1275/1701 867/1277/1701
f 867/1277/1702 873/1285/1702 868/1284/1702
f 882/1274/1703 881/1286/1703 901/1279/1703
f 901/1279/1704 897/1272/1704 882/1274/1704
f 898/1273/1705 896/1268/1705 882/1274/1705
f 880/1287/1706 879/1280/1706 901/1279/1706
f 879/1280/1707 867/1277/1707 869/1276/1707
f 898/1288/1708 840/1289/1708 955/1290/1708
f 905/1283/1709 843/1207/1709 842/1221/1709
f 870/1200/1710 961/1222/1710 883/1216/1710
f 874/1247/1711 907/1254/1711 905/1283/1711
f 907/1254/1712 908/1291/1712 905/1283/1712
f 905/1283/1713 908/1291/1713 906/1208/1713
f 908/1291/1714 909/1199/1714 906/1208/1714
f 914/1190/1715 888/1189/1715 887/1212/1715
f 881/1286/1716 880/1287/1716 901/1279/1716
f 910/1259/1717 873/1253/1717 867/1260/1717
f 907/1254/1718 910/1259/1718 908/1291/1718
f 910/1259/1719 911/1292/1719 908/1291/1719
f 908/1291/1720 911/1292/1720 909/1199/1720
f 911/1292/1721 912/1197/1721 909/1199/1721
f 875/1214/1722 887/1212/1722 900/1196/1722
f 910/1259/1723 862/1258/1723 911/1292/1723
f 862/1258/1724 917/1293/1724 911/1292/1724
f 911/1292/1725 917/1293/1725 912/1197/1725
f 917/1293/1726 913/1198/1726 912/1197/1726
f 855/1244/1727 854/1226/1727 889/1231/1727
f 896/1256/1728 955/1294/1728 954/1257/1728
f 897/1282/1729 839/1281/1729 840/1289/1729
f 840/1289/1730 898/1288/1730 897/1282/1730
f 899/1213/1731 861/1295/1731 875/1214/1731
f 875/1214/1732 861/1295/1732 887/1212/1732
f 861/1295/1733 860/1296/1733 887/1212/1733
f 887/1212/1734 860/1296/1734 914/1190/1734
f 860/1296/1735 932/1297/1735 914/1190/1735
f 914/1190/1736 932/1297/1736 915/1188/1736
f 932/1297/1737 938/1298/1737 915/1188/1737
f 915/1188/1738 938/1298/1738 872/1237/1738
f 938/1299/1739 832/1243/1739 872/1248/1739
f 884/1239/1740 855/1244/1740 889/1231/1740
f 889/1231/1741 854/1226/1741 890/1228/1741
f 890/1300/1742 853/1301/1742 891/1302/1742
f 852/1303/1743 877/1304/1743 891/1302/1743
f 852/1303/1744 851/1305/1744 877/1304/1744
f 877/1304/1745 851/1305/1745 878/1217/1745
f 851/1305/1746 850/1306/1746 878/1217/1746
f 878/1217/1747 850/1306/1747 916/1215/1747
f 850/1306/1748 849/1307/1748 916/1215/1748
f 916/1215/1749 849/1307/1749 870/1200/1749
f 849/1307/1750 831/1191/1750 870/1200/1750
f 897/1282/1751 901/1246/1751 960/1261/1751
f 912/1197/1752 865/1195/1752 909/1199/1752
f 905/1283/1753 906/1208/1753 843/1207/1753
f 882/1274/1754 896/1268/1754 859/1270/1754
f 879/1308/1755 862/1258/1755 867/1260/1755
f 880/1309/1756 917/1293/1756 879/1308/1756
f 879/1308/1757 917/1293/1757 862/1258/1757
f 881/1264/1758 918/1263/1758 880/1309/1758
f 880/1309/1759 918/1263/1759 917/1293/1759
f 882/1235/1760 919/1262/1760 881/1264/1760
f 919/1262/1761 920/1310/1761 918/1263/1761
f 920/1310/1762 921/1311/1762 918/1263/1762
f 918/1263/1763 921/1311/1763 917/1293/1763
f 917/1293/1764 921/1311/1764 913/1198/1764
f 858/1234/1765 857/1312/1765 919/1262/1765
f 919/1262/1766 857/1312/1766 920/1310/1766
f 857/1312/1767 856/1313/1767 920/1310/1767
f 920/1310/1768 856/1313/1768 921/1311/1768
f 856/1313/1769 833/1205/1769 921/1311/1769
f 921/1311/1770 833/1205/1770 913/1198/1770
f 856/1313/1771 922/1314/1771 833/1205/1771
f 857/1312/1772 923/1315/1772 856/1313/1772
f 858/1234/1773 926/1316/1773 857/1312/1773
f 859/1236/1774 928/1317/1774 858/1234/1774
f 933/1318/1775 859/1236/1775 885/1319/1775
f 833/1205/1776 922/1314/1776 894/1206/1776
f 922/1314/1777 895/1210/1777 894/1206/1777
f 856/1313/1778 923/1315/1778 922/1314/1778
f 923/1315/1779 924/1320/1779 922/1314/1779
f 922/1314/1780 924/1320/1780 895/1210/1780
f 924/1320/1781 925/1321/1781 895/1210/1781
f 895/1210/1782 925/1321/1782 899/1213/1782
f 925/1321/1783 861/1295/1783 899/1213/1783
f 857/1312/1784 926/1316/1784 923/1315/1784
f 926/1316/1785 927/1322/1785 923/1315/1785
f 923/1315/1786 927/1322/1786 924/1320/1786
f 927/1322/1787 925/1321/1787 924/1320/1787
f 858/1234/1788 928/1317/1788 926/1316/1788
f 928/1317/1789 929/1323/1789 926/1316/1789
f 926/1316/1790 929/1323/1790 927/1322/1790
f 929/1323/1791 930/1324/1791 927/1322/1791
f 927/1322/1792 930/1324/1792 925/1321/1792
f 930/1324/1793 931/1325/1793 925/1321/1793
f 925/1321/1794 931/1325/1794 861/1295/1794
f 931/1325/1795 932/1297/1795 861/1295/1795
f 861/1295/1796 932/1297/1796 860/1296/1796
f 859/1236/1797 933/1318/1797 928/1317/1797
f 933/1318/1798 934/1326/1798 928/1317/1798
f 928/1317/1799 934/1326/1799 929/1323/1799
f 934/1326/1800 935/1327/1800 929/1323/1800
f 929/1323/1801 935/1327/1801 930/1324/1801
f 935/1327/1802 936/1328/1802 930/1324/1802
f 930/1324/1803 936/1328/1803 931/1325/1803
f 936/1328/1804 937/1329/1804 931/1325/1804
f 931/1325/1805 937/1329/1805 932/1297/1805
f 937/1329/1806 938/1298/1806 932/1297/1806
f 885/1330/1807 836/1267/1807 933/1266/1807
f 933/1266/1808 848/1265/1808 934/1331/1808
f 848/1265/1809 847/1332/1809 934/1331/1809
f 934/1331/1810 847/1332/1810 935/1333/1810
f 847/1332/1811 846/1334/1811 935/1333/1811
f 935/1333/1812 846/1334/1812 936/1335/1812
f 846/1334/1813 845/1336/1813 936/1335/1813
f 936/1335/1814 845/1336/1814 937/1337/1814
f 845/1336/1815 844/1338/1815 937/1337/1815
f 937/1329/1816 844/1339/1816 938/1298/1816
f 844/1340/1817 832/1243/1817 938/1299/1817
f 844/1340/1818 855/1244/1818 832/1243/1818
f 845/1336/1819 940/1341/1819 844/1338/1819
f 846/1334/1820 942/1342/1820 845/1336/1820
f 847/1332/1821 945/1343/1821 846/1334/1821
f 848/1265/1822 949/1344/1822 847/1332/1822
f 892/1255/1823 848/1265/1823 836/1267/1823
f 844/1340/1824 939/1345/1824 855/1244/1824
f 939/1345/1825 854/1226/1825 855/1244/1825
f 844/1338/1826 940/1341/1826 939/1346/1826
f 940/1341/1827 941/1347/1827 939/1346/1827
f 939/1345/1828 941/1348/1828 854/1226/1828
f 941/1348/1829 853/1227/1829 854/1226/1829
f 845/1336/1830 942/1342/1830 940/1341/1830
f 942/1342/1831 943/1349/1831 940/1341/1831
f 940/1341/1832 943/1349/1832 941/1347/1832
f 943/1349/1833 944/1350/1833 941/1347/1833
f 941/1347/1834 944/1350/1834 853/1351/1834
f 944/1352/1835 852/1303/1835 853/1301/1835
f 846/1334/1836 945/1343/1836 942/1342/1836
f 945/1343/1837 946/1353/1837 942/1342/1837
f 942/1342/1838 946/1353/1838 943/1349/1838
f 946/1353/1839 947/1354/1839 943/1349/1839
f 943/1349/1840 947/1354/1840 944/1350/1840
f 947/1355/1841 948/1356/1841 944/1352/1841
f 944/1352/1842 948/1356/1842 852/1303/1842
f 948/1356/1843 851/1305/1843 852/1303/1843
f 847/1332/1844 949/1344/1844 945/1343/1844
f 949/1344/1845 950/1357/1845 945/1343/1845
f 945/1343/1846 950/1357/1846 946/1353/1846
f 950/1357/1847 951/1358/1847 946/1353/1847
f 946/1353/1848 951/1358/1848 947/1354/1848
f 951/1359/1849 952/1360/1849 947/1355/1849
f 947/1355/1850 952/1360/1850 948/1356/1850
f 952/1360/1851 953/1361/1851 948/1356/1851
f 948/1356/1852 953/1361/1852 851/1305/1852
f 953/1361/1853 850/1306/1853 851/1305/1853
f 848/1265/1854 892/1255/1854 949/1344/1854
f 892/1255/1855 954/1257/1855 949/1344/1855
f 949/1344/1856 954/1257/1856 950/1357/1856
f 954/1257/1857 955/1294/1857 950/1357/1857
f 950/1357/1858 955/1294/1858 951/1358/1858
f 955/1290/1859 956/1362/1859 951/1359/1859
f 951/1359/1860 956/1362/1860 952/1360/1860
f 956/1362/1861 957/1363/1861 952/1360/1861
f 952/1360/1862 957/1363/1862 953/1361/1862
f 957/1363/1863 958/1364/1863 953/1361/1863
f 953/1361/1864 958/1364/1864 850/1306/1864
f 958/1364/1865 849/1307/1865 850/1306/1865
f 898/1365/1866 955/1294/1866 896/1256/1866
f 955/1290/1867 840/1289/1867 956/1362/1867
f 840/1289/1868 839/1281/1868 956/1362/1868
f 956/1362/1869 839/1281/1869 957/1363/1869
f 839/1281/1870 838/1366/1870 957/1363/1870
f 957/1363/1871 838/1366/1871 958/1364/1871
f 838/1366/1872 837/1367/1872 958/1364/1872
f 958/1364/1873 837/1367/1873 849/1307/1873
f 837/1367/1874 831/1191/1874 849/1307/1874
f 837/1367/1875 835/1192/1875 831/1191/1875
f 838/1366/1876 959/1245/1876 837/1367/1876
f 839/1281/1877 960/1261/1877 838/1366/1877
f 837/1367/1878 959/1245/1878 835/1192/1878
f 838/1366/1879 960/1261/1879 959/1245/1879
f 852/1303/1880 891/1302/1880 853/1301/1880
f 866/1193/1881 962/1218/1881 870/1200/1881
f 870/1200/1882 883/1216/1882 916/1215/1882
f 870/1200/1883 962/1218/1883 961/1222/1883
f 1059/1368/1884 1057/1369/1884 965/1370/1884
f 967/1371/1885 1125/1372/1885 1101/1373/1885
f 991/1374/1886 980/1375/1886 992/1376/1886
f 1026/1377/1887 974/1378/1887 975/1379/1887
f 963/1380/1888 1012/1381/1888 1019/1382/1888
f 1024/1383/1889 1030/1384/1889 964/1385/1889
f 1023/1386/1890 1035/1387/1890 1024/1383/1890
f 1022/1388/1891 1037/1389/1891 1023/1386/1891
f 1021/1390/1892 1039/1391/1892 1022/1388/1892
f 1019/1382/1893 1042/1392/1893 1020/1393/1893
f 1024/1383/1894 1035/1387/1894 1030/1384/1894
f 1023/1386/1895 1036/1394/1895 1035/1387/1895
f 1023/1386/1896 1037/1389/1896 1036/1394/1896
f 1037/1389/1897 1038/1395/1897 1036/1394/1897
f 1036/1394/1898 1038/1395/1898 1035/1387/1898
f 1038/1395/1899 1031/1396/1899 1035/1387/1899
f 1022/1388/1900 1039/1391/1900 1037/1389/1900
f 1037/1389/1901 1040/1397/1901 1038/1395/1901
f 1040/1397/1902 1031/1396/1902 1038/1395/1902
f 1037/1389/1903 1039/1391/1903 1040/1397/1903
f 1039/1391/1904 1041/1398/1904 1040/1397/1904
f 1040/1397/1905 1041/1398/1905 1031/1396/1905
f 1041/1398/1906 1032/1399/1906 1031/1396/1906
f 1020/1393/1907 1042/1392/1907 1021/1390/1907
f 1042/1392/1908 1043/1400/1908 1021/1390/1908
f 1021/1390/1909 1043/1400/1909 1039/1391/1909
f 1043/1400/1910 1044/1401/1910 1039/1391/1910
f 1044/1401/1911 1045/1402/1911 1039/1391/1911
f 1039/1391/1912 1045/1402/1912 1041/1398/1912
f 1045/1403/1913 1046/1404/1913 1041/1405/1913
f 1041/1398/1914 1046/1406/1914 1032/1399/1914
f 1046/1404/1915 1047/1407/1915 1032/1408/1915
f 1032/1408/1916 1047/1407/1916 1033/1409/1916
f 1047/1407/1917 1034/1410/1917 1033/1409/1917
f 1019/1382/1918 1012/1381/1918 1042/1392/1918
f 1012/1381/1919 1011/1411/1919 1042/1392/1919
f 1042/1392/1920 1011/1411/1920 1043/1400/1920
f 1011/1411/1921 1010/1412/1921 1043/1400/1921
f 1043/1400/1922 1010/1412/1922 1044/1401/1922
f 1010/1412/1923 1009/1413/1923 1044/1401/1923
f 1044/1414/1924 1009/1415/1924 1045/1403/1924
f 1009/1415/1925 1008/1416/1925 1045/1403/1925
f 1045/1403/1926 1008/1416/1926 1046/1404/1926
f 1008/1416/1927 1007/1417/1927 1046/1404/1927
f 1046/1404/1928 1007/1417/1928 1047/1407/1928
f 1007/1417/1929 1006/1418/1929 1047/1407/1929
f 1047/1407/1930 1006/1418/1930 1034/1410/1930
f 1006/1418/1931 1005/1419/1931 1034/1410/1931
f 1030/1384/1932 1027/1420/1932 964/1385/1932
f 1035/1387/1933 1048/1421/1933 1030/1384/1933
f 1031/1396/1934 1049/1422/1934 1035/1387/1934
f 1032/1399/1935 1052/1423/1935 1031/1396/1935
f 1030/1384/1936 1048/1421/1936 1027/1420/1936
f 1048/1421/1937 1028/1424/1937 1027/1420/1937
f 1035/1387/1938 1049/1422/1938 1048/1421/1938
f 1049/1422/1939 1028/1424/1939 1048/1421/1939
f 1049/1422/1940 1050/1425/1940 1028/1424/1940
f 1050/1426/1941 1051/1427/1941 1028/1428/1941
f 1028/1428/1942 1051/1427/1942 1029/1429/1942
f 1031/1396/1943 1052/1423/1943 1049/1422/1943
f 1052/1423/1944 1053/1430/1944 1049/1422/1944
f 1049/1422/1945 1053/1430/1945 1050/1425/1945
f 1055/1431/1946 980/1375/1946 991/1374/1946
f 1115/1432/1947 978/1433/1947 977/1434/1947
f 1032/1408/1948 1033/1409/1948 1052/1435/1948
f 1033/1409/1949 1054/1436/1949 1052/1435/1949
f 1052/1435/1950 1054/1436/1950 1053/1437/1950
f 972/1438/1951 1003/1439/1951 1018/1440/1951
f 971/1441/1952 1069/1442/1952 1016/1443/1952
f 1067/1444/1953 970/1445/1953 1068/1446/1953
f 1034/1410/1954 1055/1431/1954 1033/1409/1954
f 1033/1409/1955 1055/1431/1955 1054/1436/1955
f 1119/1447/1956 966/1448/1956 1120/1449/1956
f 1005/1419/1957 1004/1450/1957 1034/1410/1957
f 1034/1410/1958 1004/1450/1958 1055/1431/1958
f 1004/1450/1959 980/1375/1959 1055/1431/1959
f 1125/1451/1960 966/1448/1960 1119/1447/1960
f 1092/1452/1961 1123/1453/1961 1124/1454/1961
f 966/1448/1962 978/1455/1962 1115/1456/1962
f 1126/1457/1963 995/1458/1963 966/1448/1963
f 995/1458/1964 1124/1459/1964 1084/1460/1964
f 1027/1420/1965 1025/1461/1965 964/1385/1965
f 1028/1424/1966 1056/1462/1966 1027/1420/1966
f 1119/1447/1967 1127/1463/1967 1125/1451/1967
f 1027/1464/1968 1056/1465/1968 1025/1466/1968
f 1028/1428/1969 1029/1429/1969 1056/1465/1969
f 1057/1467/1970 1058/1468/1970 1029/1429/1970
f 1029/1429/1971 1058/1468/1971 1056/1465/1971
f 1059/1469/1972 1026/1377/1972 1058/1468/1972
f 1125/1451/1973 1127/1463/1973 985/1470/1973
f 1124/1459/1974 1123/1471/1974 1087/1472/1974
f 1054/1436/1975 988/1473/1975 1053/1437/1975
f 977/1434/1976 996/1474/1976 1115/1432/1976
f 977/1434/1977 1097/1475/1977 996/1474/1977
f 968/1476/1978 965/1370/1978 979/1477/1978
f 1122/1478/1979 1120/1449/1979 966/1448/1979
f 1084/1460/1980 1122/1478/1980 995/1458/1980
f 976/1479/1981 1067/1444/1981 1064/1480/1981
f 987/1481/1982 1050/1482/1982 1053/1437/1982
f 1059/1469/1983 1058/1468/1983 1057/1467/1983
f 966/1448/1984 1115/1456/1984 1126/1457/1984
f 1058/1468/1985 1060/1483/1985 1056/1465/1985
f 1026/1377/1986 1060/1483/1986 1058/1468/1986
f 1025/1461/1987 1013/1484/1987 964/1385/1987
f 1056/1465/1988 1060/1483/1988 1025/1466/1988
f 1060/1485/1989 1061/1486/1989 1025/1461/1989
f 1025/1461/1990 1061/1486/1990 1013/1484/1990
f 1061/1486/1991 1014/1487/1991 1013/1484/1991
f 1060/1485/1992 1062/1488/1992 1061/1486/1992
f 1062/1488/1993 1063/1489/1993 1061/1486/1993
f 1061/1486/1994 1063/1489/1994 1014/1487/1994
f 1063/1489/1995 1015/1490/1995 1014/1487/1995
f 1026/1377/1996 975/1379/1996 1060/1483/1996
f 975/1379/1997 1064/1491/1997 1060/1483/1997
f 1060/1483/1998 1064/1491/1998 1062/1492/1998
f 1064/1480/1999 1065/1493/1999 1062/1494/1999
f 1062/1488/2000 1065/1495/2000 1063/1489/2000
f 1065/1493/2001 1066/1496/2001 1063/1497/2001
f 1063/1489/2002 1066/1498/2002 1015/1490/2002
f 1066/1496/2003 1016/1443/2003 1015/1499/2003
f 1064/1480/2004 1067/1444/2004 1065/1493/2004
f 1067/1444/2005 1068/1446/2005 1065/1493/2005
f 1065/1493/2006 1068/1446/2006 1066/1496/2006
f 1068/1446/2007 1016/1443/2007 1066/1496/2007
f 970/1445/2008 971/1441/2008 1068/1446/2008
f 1016/1443/2009 1069/1442/2009 1017/1500/2009
f 1069/1442/2010 1018/1440/2010 1017/1500/2010
f 971/1441/2011 972/1438/2011 1069/1442/2011
f 1013/1484/2012 1024/1383/2012 964/1385/2012
f 1015/1490/2013 1071/1501/2013 1014/1487/2013
f 1016/1443/2014 1073/1502/2014 1015/1499/2014
f 1013/1484/2015 1070/1503/2015 1024/1383/2015
f 1024/1383/2016 1070/1503/2016 1023/1386/2016
f 1014/1487/2017 1071/1501/2017 1013/1484/2017
f 1071/1501/2018 1072/1504/2018 1013/1484/2018
f 1013/1484/2019 1072/1504/2019 1070/1503/2019
f 1070/1503/2020 1022/1388/2020 1023/1386/2020
f 1015/1490/2021 1073/1505/2021 1071/1501/2021
f 1072/1504/2022 1022/1388/2022 1070/1503/2022
f 1016/1443/2023 1017/1500/2023 1073/1502/2023
f 1073/1505/2024 1074/1506/2024 1071/1501/2024
f 1071/1501/2025 1074/1506/2025 1072/1504/2025
f 1074/1506/2026 1075/1507/2026 1072/1504/2026
f 1072/1504/2027 1075/1507/2027 1022/1388/2027
f 1022/1388/2028 1075/1507/2028 1021/1390/2028
f 1075/1507/2029 1020/1393/2029 1021/1390/2029
f 1018/1440/2030 1076/1508/2030 1017/1500/2030
f 1017/1500/2031 1076/1508/2031 1073/1502/2031
f 1076/1508/2032 1077/1509/2032 1073/1502/2032
f 1073/1505/2033 1077/1510/2033 1074/1506/2033
f 1077/1509/2034 1078/1511/2034 1074/1512/2034
f 1074/1506/2035 1078/1513/2035 1075/1507/2035
f 1078/1513/2036 1079/1514/2036 1075/1507/2036
f 1079/1514/2037 1080/1515/2037 1075/1507/2037
f 1075/1507/2038 1080/1515/2038 1020/1393/2038
f 1080/1515/2039 1019/1382/2039 1020/1393/2039
f 1003/1439/2040 1002/1516/2040 1018/1440/2040
f 1018/1440/2041 1002/1516/2041 1076/1508/2041
f 1076/1508/2042 1002/1516/2042 1077/1509/2042
f 1002/1516/2043 1001/1517/2043 1077/1509/2043
f 1077/1509/2044 1001/1517/2044 1078/1511/2044
f 1001/1517/2045 1000/1518/2045 1078/1511/2045
f 1078/1513/2046 1000/1519/2046 1079/1514/2046
f 1000/1519/2047 999/1520/2047 1079/1514/2047
f 1079/1514/2048 999/1520/2048 1080/1515/2048
f 999/1520/2049 998/1521/2049 1080/1515/2049
f 1080/1515/2050 998/1521/2050 1019/1382/2050
f 998/1521/2051 963/1380/2051 1019/1382/2051
f 986/1522/2052 1012/1381/2052 963/1380/2052
f 1122/1523/2053 1082/1524/2053 986/1522/2053
f 971/1441/2054 1016/1443/2054 1068/1446/2054
f 986/1522/2055 1081/1525/2055 1012/1381/2055
f 1081/1525/2056 1011/1411/2056 1012/1381/2056
f 986/1522/2057 1082/1524/2057 1081/1525/2057
f 1082/1524/2058 1083/1526/2058 1081/1525/2058
f 1081/1525/2059 1083/1526/2059 1011/1411/2059
f 1083/1526/2060 1010/1412/2060 1011/1411/2060
f 1122/1523/2061 1084/1527/2061 1082/1524/2061
f 1084/1527/2062 1085/1528/2062 1082/1524/2062
f 1082/1524/2063 1085/1528/2063 1083/1526/2063
f 1085/1529/2064 1086/1530/2064 1083/1531/2064
f 1083/1526/2065 1086/1532/2065 1010/1412/2065
f 1086/1530/2066 1009/1415/2066 1010/1533/2066
f 1084/1534/2067 1087/1535/2067 1085/1529/2067
f 1087/1535/2068 1088/1536/2068 1085/1529/2068
f 1085/1529/2069 1088/1536/2069 1086/1530/2069
f 1088/1536/2070 1089/1537/2070 1086/1530/2070
f 1086/1530/2071 1089/1537/2071 1009/1415/2071
f 1089/1537/2072 1008/1416/2072 1009/1415/2072
f 1087/1535/2073 1123/1453/2073 1088/1536/2073
f 1123/1453/2074 1090/1538/2074 1088/1536/2074
f 1088/1536/2075 1090/1538/2075 1089/1537/2075
f 1090/1538/2076 1091/1539/2076 1089/1537/2076
f 1089/1537/2077 1091/1539/2077 1008/1416/2077
f 1091/1539/2078 1007/1417/2078 1008/1416/2078
f 1123/1453/2079 1092/1452/2079 1090/1538/2079
f 1090/1538/2080 1092/1452/2080 1091/1539/2080
f 1091/1539/2081 1006/1418/2081 1007/1417/2081
f 1096/1540/2082 1098/1541/2082 992/1376/2082
f 1125/1451/2083 985/1470/2083 1121/1542/2083
f 1124/1454/2084 995/1543/2084 1092/1452/2084
f 995/1543/2085 994/1544/2085 1092/1452/2085
f 1092/1452/2086 994/1544/2086 1091/1539/2086
f 994/1544/2087 993/1545/2087 1091/1539/2087
f 1091/1539/2088 993/1545/2088 1006/1418/2088
f 993/1545/2089 1005/1419/2089 1006/1418/2089
f 997/1546/2090 1093/1547/2090 1113/1548/2090
f 996/1474/2091 1095/1549/2091 997/1546/2091
f 1050/1426/2092 987/1550/2092 1051/1427/2092
f 993/1545/2093 1113/1548/2093 1005/1419/2093
f 1113/1548/2094 1004/1450/2094 1005/1419/2094
f 1093/1547/2095 1094/1551/2095 1113/1548/2095
f 1113/1548/2096 1094/1551/2096 1004/1450/2096
f 1094/1551/2097 980/1375/2097 1004/1450/2097
f 997/1546/2098 1095/1549/2098 1093/1547/2098
f 1095/1549/2099 1096/1540/2099 1093/1547/2099
f 1093/1547/2100 1096/1540/2100 1094/1551/2100
f 979/1477/2101 1097/1475/2101 966/1552/2101
f 996/1474/2102 1097/1475/2102 1095/1549/2102
f 1097/1475/2103 1098/1541/2103 1095/1549/2103
f 1095/1549/2104 1098/1541/2104 1096/1540/2104
f 1097/1475/2105 977/1434/2105 966/1552/2105
f 978/1433/2106 966/1552/2106 977/1434/2106
f 965/1553/2107 968/1554/2107 967/1371/2107
f 1055/1431/2108 991/1374/2108 1054/1436/2108
f 970/1445/2109 1067/1444/2109 967/1371/2109
f 1054/1436/2110 991/1374/2110 988/1473/2110
f 975/1555/2111 974/1556/2111 967/1371/2111
f 1057/1467/2112 1029/1429/2112 1051/1427/2112
f 965/1553/2107 967/1371/2107 974/1556/2107
f 1108/1557/2113 1104/1558/2113 973/1559/2113
f 1126/1560/2114 1115/1432/2114 997/1546/2114
f 1053/1437/2115 988/1473/2115 987/1481/2115
f 1117/1561/2116 1116/1562/2116 967/1371/2116
f 969/1563/2117 989/1564/2117 1117/1561/2117
f 974/1378/2118 1026/1377/2118 1059/1469/2118
f 992/1376/2119 1098/1541/2119 991/1374/2119
f 988/1473/2120 991/1374/2120 1098/1541/2120
f 1121/1565/2121 985/1566/2121 1108/1557/2121
f 992/1376/2122 1094/1551/2122 1096/1540/2122
f 966/1552/1978 968/1476/1978 979/1477/1978
f 976/1479/2123 975/1555/2123 967/1371/2123
f 1116/1562/2124 1003/1439/2124 972/1438/2124
f 970/1445/2125 967/1371/2125 971/1441/2125
f 990/1567/2126 1002/1516/2126 1003/1439/2126
f 990/1567/2127 1099/1568/2127 1002/1516/2127
f 989/1564/2128 1100/1569/2128 990/1567/2128
f 990/1567/2129 1100/1569/2129 1099/1568/2129
f 1099/1568/2130 1001/1517/2130 1002/1516/2130
f 969/1563/2131 1101/1373/2131 989/1564/2131
f 1101/1373/2132 1100/1569/2132 989/1564/2132
f 1100/1569/2129 1102/1570/2129 1099/1568/2129
f 1102/1570/2133 1103/1571/2133 1099/1568/2133
f 1099/1568/2134 1103/1571/2134 1001/1517/2134
f 1103/1571/2135 1000/1518/2135 1001/1517/2135
f 1101/1373/2136 1104/1558/2136 1100/1569/2136
f 1104/1558/2137 1105/1572/2137 1100/1569/2137
f 1100/1569/2138 1105/1572/2138 1102/1570/2138
f 1105/1572/2139 1106/1573/2139 1102/1570/2139
f 1102/1570/2140 1106/1573/2140 1103/1571/2140
f 1106/1573/2141 1107/1574/2141 1103/1571/2141
f 1103/1571/2142 1107/1574/2142 1000/1518/2142
f 1107/1574/2143 999/1575/2143 1000/1518/2143
f 1101/1373/2144 973/1559/2144 1104/1558/2144
f 1108/1557/2145 1109/1576/2145 1104/1558/2145
f 1104/1558/2146 1109/1576/2146 1105/1572/2146
f 1109/1576/2147 1110/1577/2147 1105/1572/2147
f 1105/1572/2148 1110/1577/2148 1106/1573/2148
f 1110/1577/2149 1111/1578/2149 1106/1573/2149
f 1106/1573/2150 1111/1578/2150 1107/1574/2150
f 1111/1578/2151 1112/1579/2151 1107/1574/2151
f 1107/1580/2152 1112/1581/2152 999/1520/2152
f 1112/1581/2153 998/1521/2153 999/1520/2153
f 1108/1557/2154 985/1566/2154 1109/1576/2154
f 985/1566/2155 984/1582/2155 1109/1576/2155
f 1109/1576/2156 984/1582/2156 1110/1577/2156
f 984/1582/2157 983/1583/2157 1110/1577/2157
f 1110/1577/2158 983/1583/2158 1111/1578/2158
f 983/1584/2159 982/1585/2159 1111/1586/2159
f 1111/1586/2160 982/1585/2160 1112/1581/2160
f 982/1585/2161 981/1587/2161 1112/1581/2161
f 1112/1581/2162 981/1587/2162 998/1521/2162
f 981/1587/2163 963/1380/2163 998/1521/2163
f 994/1544/2164 1113/1548/2164 993/1545/2164
f 969/1563/2165 1117/1561/2165 967/1371/2165
f 994/1544/2166 1114/1588/2166 1113/1548/2166
f 1114/1588/2167 997/1546/2167 1113/1548/2167
f 995/1543/2168 1114/1588/2168 994/1544/2168
f 995/1543/2169 1126/1560/2169 1114/1588/2169
f 997/1546/2170 1115/1432/2170 996/1474/2170
f 1087/1472/2171 1084/1460/2171 1124/1459/2171
f 976/1589/2172 1064/1491/2172 975/1379/2172
f 1098/1541/2173 979/1477/2173 965/1370/2173
f 1057/1369/2174 1051/1590/2174 965/1370/2174
f 985/1566/2175 1127/1591/2175 984/1582/2175
f 1098/1541/2176 965/1370/2176 988/1473/2176
f 1051/1590/2177 987/1481/2177 965/1370/2177
f 987/1481/2178 988/1473/2178 965/1370/2178
f 1116/1562/2179 990/1567/2179 1003/1439/2179
f 1097/1475/2180 979/1477/2180 1098/1541/2180
f 973/1559/2181 1125/1372/2181 1108/1557/2181
f 1116/1562/2182 1117/1561/2182 990/1567/2182
f 1117/1561/2183 989/1564/2183 990/1567/2183
f 1067/1444/2184 976/1479/2184 967/1371/2184
f 972/1438/2185 971/1441/2185 967/1371/2185
f 1116/1562/2186 972/1438/2186 967/1371/2186
f 966/1592/2187 1125/1372/2187 967/1371/2187
f 967/1371/2187 968/1554/2187 966/1592/2187
f 981/1587/2188 986/1522/2188 963/1380/2188
f 982/1585/2189 1118/1593/2189 981/1587/2189
f 984/1582/2190 1119/1594/2190 983/1583/2190
f 981/1587/2191 1118/1593/2191 986/1522/2191
f 1118/1593/2192 1122/1523/2192 986/1522/2192
f 983/1584/2193 1119/1595/2193 982/1585/2193
f 1119/1595/2194 1120/1596/2194 982/1585/2194
f 982/1585/2195 1120/1596/2195 1118/1593/2195
f 1094/1551/2196 992/1376/2196 980/1375/2196
f 1120/1596/2197 1122/1523/2197 1118/1593/2197
f 1101/1373/2198 969/1563/2198 967/1371/2198
f 984/1597/2199 1127/1598/2199 1119/1595/2199
f 1126/1560/2200 997/1546/2200 1114/1588/2200
f 1125/1372/2201 1121/1565/2201 1108/1557/2201
f 974/1599/2202 1059/1368/2202 965/1370/2202
f 973/1559/2203 1101/1373/2203 1125/1372/2203
f 972/1438/2204 1018/1440/2204 1069/1442/2204
f 966/1448/1963 995/1458/1963 1122/1478/1963
