# Blender 5.0.1
# www.blender.org
o rock_mega_a
v 1.130391 3.952481 -1.105048
v -0.195997 0.333960 -1.326839
v -0.175610 0.613847 -1.529456
v -0.135841 0.837093 -1.573631
v -1.519079 3.073095 0.336542
v -0.058383 2.863456 1.355474
v -0.026701 2.792433 1.392236
v -0.047776 2.893276 1.355898
v -0.058207 3.880438 1.129874
v -0.085365 3.915207 1.103966
v -1.421905 0.564313 0.957989
v -0.039104 0.250100 -1.334294
v 1.125205 2.923803 0.570114
v -1.433254 1.632729 0.713066
v -1.093857 3.945222 0.425943
v -1.478544 1.541634 0.703221
v -1.519668 1.685519 0.643908
v -1.166657 3.921743 0.382679
v -1.547140 1.530197 0.660166
v -1.192055 3.927093 0.363393
v -1.572663 1.747667 0.594903
v 0.821293 3.394685 -1.557938
v 0.953492 3.683084 -1.437781
v 1.146180 3.945168 -1.177757
v 1.167291 3.947459 -1.159712
v -0.880475 2.297598 -1.277572
v -0.838274 2.288894 -1.308000
v -0.791722 2.267571 -1.337962
v -1.446804 2.920743 0.418332
v -0.403338 0.422189 -1.260747
v -0.514737 0.460491 -1.280323
v -0.927700 1.569045 -1.206978
v -0.128571 4.029373 -1.137680
v -0.021284 3.398818 -1.518876
v 0.021747 3.021577 -1.612355
v 0.063488 2.868480 -1.603663
v -1.486944 2.916325 0.392586
v -1.523152 2.844756 0.384329
v -0.233919 3.946663 -0.988172
v -0.228367 3.967946 -1.032295
v 1.156587 4.080676 -1.005171
v -1.142054 3.985675 0.188074
v 1.010647 3.995304 0.093137
v 0.383817 3.727501 1.073934
v 0.948568 2.854382 0.697600
v 0.738313 3.645934 0.824334
v 1.058400 2.777525 0.621758
v 1.116369 2.723981 0.582134
v 0.871434 3.543073 0.732682
v 1.054611 2.870979 0.621791
v 1.194181 2.640181 0.529239
v 1.270890 2.535560 0.477731
v 1.019117 3.405534 0.631671
v 1.281749 2.964435 0.457690
v 1.241577 3.197371 0.479550
v 1.392339 3.044862 0.376769
v 1.496464 2.883839 0.100729
v 0.017041 2.908490 1.358129
v 0.520710 3.936335 0.844760
v 0.555722 3.939252 0.812899
v 0.645720 3.946609 0.715107
v 0.677665 0.054631 0.128293
v 0.700291 3.953097 0.632449
v 0.720406 3.955001 0.613354
v 0.748068 3.959440 0.551516
v 0.792129 3.965297 0.476802
v 0.806943 3.970364 0.411685
v 0.849092 3.975171 0.350477
v 0.888463 3.980152 0.292115
v 1.503964 3.896104 -0.371230
v 1.478291 3.940806 -0.421332
v -0.194331 0.140874 -1.150465
v 1.518184 0.459910 -1.229434
v 1.604866 0.308283 -1.128926
v 1.605960 0.227518 -1.034093
v 1.571375 0.167660 -0.972718
v 1.511843 0.127632 -0.945070
v 1.577083 0.098137 -0.832306
v 1.483258 0.055557 -0.797137
v 1.440255 0.029756 -0.742101
v 1.454211 0.019490 -0.653662
v 1.352832 0.000021 -0.606394
v 1.017195 0.048789 -0.260241
v 0.994088 0.066064 -0.222701
v 0.955615 0.107225 -0.152296
v 0.878797 0.106083 -0.096961
v 0.830691 0.172968 0.003331
v 0.860235 0.252398 0.042555
v 0.813988 0.219650 0.079718
v 0.739606 0.155463 0.156960
v -1.718552 0.280210 0.374989
v -1.763929 0.390693 0.268334
v -1.771617 0.416969 0.231546
v -1.772159 0.440063 0.196636
v -1.699190 0.464182 0.133691
v -1.724759 0.489357 0.109739
v -1.771150 0.541792 0.055936
v -1.788881 0.571515 0.029895
v -1.792322 0.601191 -0.003053
v -1.792289 0.621151 -0.115384
v -1.520131 1.362096 -0.639054
v -1.440299 1.572927 -0.722777
v -1.377589 1.724576 -0.821989
v -1.307024 1.763259 -0.905826
v -1.236342 1.862508 -0.976552
v -0.328933 0.199312 -1.149323
v 1.245813 3.967082 -1.000717
v 1.246450 4.002259 -0.987417
v 0.445868 3.932885 0.886092
v 0.480444 3.934330 0.869508
v 0.568524 3.944072 0.750005
v 0.595987 3.944478 0.740580
v 0.623691 3.945092 0.729215
v 0.664251 3.949400 0.688939
v 0.674810 3.952684 0.636498
v 0.716075 3.959287 0.548483
v -1.644603 0.000060 0.208483
v -1.654377 0.037774 0.265370
v -1.693908 0.121483 0.280409
v -1.694423 0.167638 0.344953
v -1.028852 2.340304 -1.129494
v -1.149364 2.849993 -0.867034
v -1.189699 2.905535 -0.827024
v -1.272470 3.001194 -0.747146
v -1.295564 3.031164 -0.722894
v -1.315676 3.200141 -0.652680
v -1.359773 3.306479 -0.563767
v -1.294198 3.876307 -0.248655
v -1.257200 3.944916 -0.227864
v -1.193650 3.954223 -0.203417
v -1.193666 3.980264 -0.180043
v 1.102383 3.973465 -1.115406
v 0.768087 3.961314 0.535670
v 0.761968 3.965654 0.470111
v 0.810547 3.966757 0.459590
v 0.835260 3.971256 0.406214
v 0.923124 3.985051 0.221566
v 1.468129 1.469721 0.113671
v 1.150974 0.586189 0.223746
v 0.905940 0.440473 0.124954
v 1.566461 3.732307 -0.267497
v 1.464041 3.979510 -0.441605
v -1.606806 0.453647 0.393599
v -1.686660 0.549128 0.434393
v -1.653214 1.577403 0.419250
v -1.598644 1.653707 0.389088
v -1.643973 1.730964 0.414143
v -1.481368 2.922730 0.324265
v -1.513135 2.998058 0.339826
v 0.227918 3.921290 1.026898
v 0.345594 3.927360 0.957599
v 0.144895 3.919470 1.054538
v 1.502569 0.463807 -1.246817
v 1.584366 0.401583 -1.227726
v 1.608266 0.512591 -1.230332
v 1.608220 0.435825 -1.225464
v 1.549334 0.447201 -1.237116
v 1.467603 0.442549 -1.251936
v 0.542388 0.430046 1.045284
v 0.557147 0.398807 1.039256
v 0.592780 0.370701 0.984036
v 0.616931 0.306634 0.923041
v 0.602817 0.235761 0.909021
v 0.632069 0.206973 0.806011
v 0.677903 0.184753 0.576453
v 0.652521 0.126391 0.529715
v 0.671915 0.115215 0.349277
v 0.672064 0.082272 0.226954
v -1.053926 3.967387 0.397453
v -1.085426 3.973407 0.334834
v 1.457838 0.445697 -1.253952
v -1.377388 0.521525 0.949329
v -1.387040 0.479398 0.853416
v -1.396308 0.443230 0.763201
v -1.511948 0.424654 0.815013
v -1.553319 0.391932 0.759341
v -1.575823 0.362022 0.721418
v -1.629541 0.337579 0.616614
v -1.672459 0.284548 0.500988
v 0.407923 3.814819 1.007415
v 0.379685 3.883531 0.976786
v 0.197854 3.024541 -1.650000
v 0.199245 2.875283 -1.640293
v 0.176200 2.920525 -1.647615
v 0.154226 2.784433 -1.642870
v 0.088890 2.574780 -1.641752
v 0.000889 2.076122 -1.626557
v -0.017799 0.470065 -1.528593
v 0.256878 0.305658 -1.467383
v 0.497208 3.738764 0.992999
v 0.494660 3.860640 0.912233
v 0.599018 3.715171 0.921328
v 0.500525 3.921719 0.851579
v 0.578922 3.851491 0.841028
v 0.622208 3.764069 0.864939
v 0.539541 3.910815 0.825518
v 0.569792 3.901285 0.804861
v 0.702543 3.738307 0.796971
v 0.678189 3.841293 0.738639
v 0.612954 3.931282 0.722743
v 1.023325 2.843127 0.618672
v 0.650182 3.914683 0.696163
v 0.860651 3.600175 0.704292
v 0.824505 3.714616 0.657182
v 0.723598 3.865345 0.653142
v 0.677071 3.901988 0.675487
v 0.671407 3.942975 0.626045
v 0.698596 3.928910 0.608852
v 1.092930 2.833145 0.544481
v 0.724907 3.913895 0.589244
v 1.106654 2.891243 0.583737
v 0.815058 3.812942 0.569102
v 0.714633 3.951544 0.537447
v 1.130450 2.823721 0.507030
v 1.078994 2.882606 0.503937
v 0.794956 3.892190 0.501834
v 0.742688 3.936026 0.524564
v 1.064922 3.491297 0.498022
v 0.767900 3.920343 0.506472
v 1.134550 2.873428 0.455638
v 0.754024 3.953827 0.453734
v 1.327813 2.729824 0.330563
v 1.199970 2.927883 0.516750
v 0.999322 3.608929 0.485703
v 0.970540 3.710743 0.420380
v 0.783342 3.937470 0.444748
v 1.199398 2.862181 0.392900
v 1.169701 3.395083 0.432546
v 0.918498 3.807227 0.388260
v 0.807831 3.920553 0.427095
v 0.794708 3.951488 0.381950
v 1.400502 2.532507 0.325003
v 1.378527 2.629470 0.315884
v 1.310514 2.800590 0.311079
v 1.273849 2.903863 0.394536
v 1.241786 3.283839 0.420634
v 0.821101 3.935104 0.369646
v 1.462091 2.418969 0.286358
v 0.844497 3.918654 0.352364
v 0.847883 3.970831 0.382423
v 1.255387 2.852491 0.336907
v 1.000792 3.761357 0.308061
v 0.832092 3.947498 0.312911
v 1.178842 3.491832 0.339997
v 1.101153 3.615605 0.328147
v 0.941610 3.845434 0.289839
v 0.856360 3.932523 0.299117
v 0.867841 3.975893 0.338868
v 1.293212 2.846406 0.298984
v 0.878912 3.917216 0.282207
v 0.878811 3.958929 0.303566
v 1.356164 3.000436 0.403665
v 0.866458 3.944883 0.246857
v -1.100355 3.975967 0.301213
v 1.470116 2.551765 0.240700
v 1.330290 2.840268 0.262140
v 1.369634 2.887182 0.257381
v 1.390795 2.993380 0.352656
v 1.277397 3.385920 0.302384
v 0.889560 3.931746 0.233027
v 0.895984 3.980258 0.277340
v -1.152070 3.977510 0.279785
v 1.429332 2.669294 0.243153
v 1.413308 2.766899 0.217192
v 1.412276 2.935648 0.262191
v 1.392066 3.142354 0.322665
v 1.018054 3.806958 0.222581
v 0.911755 3.918950 0.217813
v 0.911024 3.957104 0.234982
v -1.122927 3.980484 0.242744
v 1.357589 2.834689 0.235574
v 1.446933 2.995716 0.286421
v 1.435672 3.035772 0.327278
v 1.353484 3.290659 0.278897
v 1.176584 3.609235 0.236774
v 1.106843 3.711985 0.217754
v 0.898491 3.945222 0.184308
v 1.337890 2.882938 0.204523
v 1.267716 3.465286 0.253724
v 0.921130 3.934341 0.171179
v 0.943774 3.956382 0.175269
v 1.479307 2.667171 0.191927
v 1.386454 2.876446 0.169364
v 1.016180 3.862759 0.151846
v 0.943109 3.922481 0.155073
v 1.465000 4.035920 -0.423390
v 1.497177 2.823906 0.103921
v 1.262296 3.531645 0.208562
v 1.124451 3.747373 0.162309
v 0.927810 3.950070 0.124560
v 0.957652 3.989573 0.162116
v 1.258026 4.075229 -0.933420
v 1.489431 2.767113 0.141061
v 1.478062 2.919191 0.170340
v 1.463531 3.226234 0.196162
v 0.963792 3.937699 0.105801
v 0.976376 3.970466 0.131376
v 1.482465 3.342317 0.108400
v 1.376563 3.462414 0.141638
v 1.238602 4.012138 -0.118946
v 1.470435 2.866670 0.099161
v 1.079438 3.870265 0.076348
v 1.013273 3.923715 0.073360
v 1.011436 3.951882 0.084180
v -0.008262 2.832963 1.369052
v 0.002045 2.899508 1.350384
v -0.034225 2.877266 1.340555
v 1.502050 2.850992 0.081785
v 1.518384 3.540974 -0.055549
v 1.551044 3.683514 -0.200894
v 1.631026 0.444988 -0.180048
v 0.121488 3.680038 1.212133
v 1.768503 0.166538 -0.698996
v 0.274832 3.788795 1.097511
v 0.167470 3.761783 1.155509
v 0.012520 3.727530 1.210880
v 1.580393 0.612938 0.004439
v 1.587367 0.559836 -0.017808
v 0.059838 3.789547 1.169073
v 0.234965 3.864195 1.067367
v 0.114833 3.879641 1.100377
v 1.611084 0.493775 -0.105492
v 0.192217 3.918479 1.046568
v 0.157264 3.913327 1.062533
v 0.023913 3.861625 1.132321
v 0.014750 3.916134 1.094570
v -0.022358 3.915178 1.101606
v 1.536957 1.584350 0.075657
v -1.428501 0.555606 0.945108
v -1.433087 0.531926 0.894582
v -1.456489 0.597164 0.927406
v -1.480116 0.569038 0.887489
v -1.533521 0.662039 0.812426
v -1.502806 0.605107 0.856632
v -1.487924 0.548476 0.843718
v -1.543086 0.772160 0.797516
v -1.521804 0.584468 0.823271
v -1.490857 0.527091 0.796929
v -1.445498 0.475731 0.759331
v -1.539699 0.564896 0.789788
v -1.453110 0.443081 0.674604
v -1.425287 1.590757 0.653678
v -1.596925 0.708218 0.699796
v -1.560077 0.601752 0.759033
v -1.543358 0.546347 0.745965
v -1.473727 1.637457 0.648311
v -1.585090 1.127791 0.671926
v -1.577353 0.910636 0.726958
v -1.577138 0.584394 0.725866
v -1.545460 0.527186 0.702084
v -1.501045 0.476591 0.668936
v -1.570984 0.426514 0.721738
v -1.086563 3.961200 0.324267
v -1.465793 1.601875 0.600839
v -1.571713 1.359443 0.640552
v -1.627892 0.788603 0.635588
v -1.591756 0.565382 0.692704
v -1.507301 0.447199 0.589329
v -1.607655 0.397003 0.665192
v -1.511873 1.648495 0.593278
v -1.618965 0.940422 0.639016
v -1.614134 0.592782 0.651163
v -1.594851 0.548599 0.651738
v -1.555340 1.695012 0.583113
v -1.503364 1.613892 0.547739
v -1.588328 1.533929 0.605564
v -1.603708 1.494962 0.578380
v -1.611359 1.364791 0.554789
v -1.652287 0.615112 0.571639
v -1.597061 0.531193 0.608223
v -1.553382 0.481483 0.581781
v -1.620998 0.432292 0.627800
v -1.634686 0.377486 0.613393
v -1.185589 3.954097 0.300605
v -1.593892 1.741338 0.569055
v -1.546961 1.660308 0.538198
v -1.590292 1.580342 0.566688
v -1.637279 1.059921 0.575320
v -1.664719 0.894813 0.541290
v -1.639685 0.564289 0.584438
v -1.558514 0.454995 0.506971
v -1.653941 0.405793 0.572485
v -1.123990 3.966528 0.231651
v -1.223556 3.918817 0.292884
v -1.608052 1.787392 0.539095
v -1.588577 1.705413 0.520699
v -1.537997 1.626641 0.494601
v -1.614775 1.547840 0.543365
v -1.630389 1.513560 0.515161
v -1.633604 1.327077 0.508696
v -1.680832 0.713913 0.509521
v -1.307360 3.800614 0.248594
v -1.442209 2.899834 0.399365
v -1.635274 1.808490 0.467627
v -1.618077 1.752474 0.507263
v -1.528585 1.594002 0.452358
v -1.672967 1.087901 0.476984
v -1.665573 0.594379 0.535152
v -1.646742 0.536209 0.506865
v -1.602279 0.489862 0.497571
v -1.658262 0.441473 0.531918
v -1.670612 0.393063 0.536846
v -1.685085 0.337475 0.493604
v -1.221842 3.944220 0.235486
v -1.253433 3.907255 0.222391
v -1.468043 2.933725 0.381386
v -1.617385 1.718558 0.469887
v -1.569734 1.639961 0.441648
v -1.636961 1.562384 0.481488
v -1.650055 1.365797 0.454240
v -1.683960 0.567944 0.480388
v -1.603966 0.473842 0.453563
v -1.679362 0.429590 0.506614
v -1.144548 3.953447 0.160911
v -1.378383 3.644376 0.245160
v -1.457340 2.889685 0.342505
v -1.639303 1.764024 0.446652
v -1.608198 1.685639 0.428849
v -1.560081 1.608186 0.401309
v -1.651654 1.531772 0.453721
v -1.662607 1.492543 0.427893
v -1.699454 0.602877 0.445077
v -1.705059 0.407248 0.452183
v -0.206764 1.633949 1.471001
v -0.161275 1.610303 1.445167
v -0.116629 1.587379 1.417798
v -0.076603 1.565250 1.421471
v -0.036521 1.543984 1.426159
v -0.275648 1.611464 1.437769
v -0.229624 1.586718 1.412756
v -0.192366 1.562628 1.433285
v -0.151946 1.539571 1.442888
v -0.047961 1.490305 1.444417
v -0.342842 1.590255 1.401602
v -0.308536 1.564454 1.430662
v -0.269841 1.539233 1.444358
v -0.229576 1.514672 1.452676
v -0.215291 1.478577 1.461563
v -0.125249 1.460396 1.460249
v -0.342284 1.512303 1.448533
v -0.153494 1.360076 1.478149
v -0.275020 1.375953 1.476038
v -0.390726 1.368495 1.466004
v -0.295358 1.353119 1.479420
v -0.145789 1.189891 1.523226
v -0.279904 1.062483 1.557549
v -0.295046 0.955634 1.582323
v -0.204201 1.021623 1.569553
v -0.364007 0.992664 1.567253
v -0.265759 0.788349 1.619978
v -0.370807 0.751089 1.616293
v -0.325747 0.680867 1.633361
v -0.341400 0.588900 1.643120
v -0.378174 0.540963 1.608269
v -0.320080 0.520423 1.586639
v -0.262824 0.501741 1.563875
v -0.206548 0.485030 1.540319
v -0.151357 0.470391 1.516309
v -0.097324 0.457910 1.492164
v -0.463315 0.517336 1.557816
v -0.404756 0.494329 1.535883
v -0.346961 0.473039 1.512598
v -0.290108 0.453593 1.488323
v -0.239778 0.436113 1.492352
v -0.190109 0.420708 1.501647
v -0.138694 0.407475 1.501665
v -0.074348 0.389578 1.495183
v -0.545958 0.498120 1.506615
v -0.486930 0.472840 1.484422
v -0.428555 0.449115 1.460612
v -0.387711 0.427081 1.499990
v -0.339045 0.406871 1.514318
v -0.234308 0.370615 1.525822
v -0.096595 0.343394 1.511984
v -0.626241 0.483117 1.455526
v -0.566767 0.455790 1.433245
v -0.530573 0.429847 1.477905
v -0.485359 0.405426 1.500460
v -0.431022 0.378240 1.517996
v -0.309994 0.335478 1.534484
v -0.200829 0.304906 1.533280
v -0.105266 0.265162 1.520956
v -0.704334 0.472076 1.405116
v -0.644482 0.442942 1.383007
v -0.625259 0.415021 1.465006
v -0.573232 0.382556 1.491300
v -0.461203 0.330970 1.523321
v -0.353903 0.289966 1.538178
v -0.245207 0.258341 1.539243
v -0.155941 0.214711 1.529087
v -0.780398 0.464715 1.355711
v -0.754241 0.434011 1.408694
v -0.716400 0.404360 1.440866
v -0.672150 0.373089 1.466085
v -0.556724 0.312551 1.507336
v -0.452517 0.266495 1.529678
v -0.339429 0.201400 1.539209
v -0.234598 0.200633 1.536856
v -0.082017 0.156600 1.507559
v -0.854559 0.460749 1.307437
v -0.753764 0.359500 1.439393
v -0.650704 0.299078 1.482585
v -0.545875 0.219843 1.512087
v -0.444619 0.205464 1.529440
v -0.216375 0.120306 1.524894
v -0.131155 0.109142 1.509338
v 0.565563 0.261941 1.000383
v -0.926892 0.459897 1.260283
v -0.742207 0.291143 1.450332
v -0.641560 0.206594 1.484522
v -0.429901 0.120132 1.520753
v -0.317877 0.090022 1.522289
v -0.040744 0.089624 1.480098
v -0.997413 0.461899 1.214145
v -0.757453 0.211144 1.441238
v -0.555081 0.111965 1.494701
v -0.195198 0.043309 1.500994
v -0.077623 0.037009 1.474000
v 0.537182 0.196350 1.012842
v -1.066082 0.466515 1.168866
v -0.701537 0.125084 1.449802
v -0.489499 0.040497 1.489635
v -0.359227 0.000275 1.490797
v -0.239069 0.000088 1.489092
v 0.095726 0.000072 1.380002
v 0.477332 0.127846 1.065611
v -1.132811 0.473526 1.124264
v -0.925758 0.202345 1.354192
v -0.838986 0.148654 1.391870
v -0.641282 0.045424 1.449109
v -0.468847 0.000078 1.477489
v 1.252244 4.056709 -0.954616
v 1.229141 3.971405 -1.041475
v 1.226985 3.951738 -1.053457
v 0.318455 0.000203 1.182196
v 0.415837 0.049283 1.094129
v 0.554300 0.156370 0.945310
v -1.197470 0.482726 1.080159
v -1.140481 0.446462 1.067047
v -0.781969 0.062897 1.395409
v 1.200918 3.953923 -1.118691
v -1.160325 3.989394 0.121608
v 0.481605 0.065646 0.997044
v -1.259902 0.493920 1.036386
v -1.204379 0.457180 1.025247
v -1.003494 0.157628 1.294013
v -0.915375 0.094179 1.331686
v -0.651876 0.000075 1.427403
v -1.170932 3.992971 0.076715
v 0.575430 0.113414 0.838561
v -1.325911 0.483853 0.942585
v -1.266136 0.469793 0.983672
v -1.294127 0.431706 1.067880
v -1.103551 0.207063 1.232237
v -0.905258 0.035758 1.313328
v -0.812501 0.000056 1.350997
v -1.186261 4.000101 -0.011722
v -1.193036 4.006402 -0.093223
v 0.394503 0.000057 1.073536
v 0.520273 0.046520 0.879553
v 0.638998 0.176399 0.735365
v -1.271584 0.446957 0.932314
v -1.328752 0.410122 1.043674
v -1.249789 0.268268 1.118895
v -1.185082 0.209575 1.164774
v -1.110243 0.139881 1.206335
v -1.029114 0.077005 1.245025
v 1.033680 4.085477 -1.069694
v -1.151113 4.025426 -0.338018
v 0.467867 0.000049 0.927796
v -1.330488 0.462525 0.892875
v -1.377334 0.425374 0.985737
v -1.359177 0.388544 1.015814
v -1.328008 0.339817 1.050242
v -0.951117 0.000066 1.261954
v -1.119965 4.030150 -0.398563
v -1.083015 4.034290 -0.451179
v -1.019265 4.039711 -0.519835
v 1.701788 0.324836 -1.056100
v 0.594408 0.082253 0.704400
v -1.334869 0.442121 0.844968
v -1.407182 0.405004 0.958828
v -1.390208 0.350114 0.982533
v -1.336962 0.278229 1.031346
v -1.292554 0.217430 1.062430
v -1.225848 0.148768 1.104301
v -1.155249 0.064531 1.130357
v -1.056518 0.000087 1.178654
v 1.657080 0.437365 -1.131831
v 1.667958 0.460880 -1.096498
v 1.629398 0.439672 -1.203303
v -1.449625 0.422854 0.900935
v -1.433776 0.385802 0.929100
v -1.509575 0.779450 0.851804
v 1.196454 3.936605 -1.135715
v 0.521646 0.000060 0.764802
v -1.496796 0.386008 0.845293
v -1.465699 0.361799 0.888034
v -1.438316 0.309057 0.916947
v -1.386700 0.234843 0.960295
v -1.327658 0.164638 1.001005
v -1.261555 0.097467 1.039406
v -0.181950 4.074005 -0.945799
v -1.190557 4.013317 -0.182579
v -1.175508 4.019819 -0.266125
v 1.187103 3.938043 -1.158940
v 0.595536 0.056975 0.608745
v -1.198355 0.000139 1.039195
v -1.074975 3.964817 0.434151
v -1.530199 0.918166 0.807242
v -1.538899 1.059254 0.770165
v -1.137260 3.957019 0.394453
v -1.507868 1.587744 0.673822
v 0.552805 0.000063 0.616849
v -1.522621 0.354377 0.806540
v -1.480852 0.275541 0.848898
v -1.463846 0.208227 0.846113
v -1.409437 0.138937 0.883299
v -1.348011 0.072229 0.918586
v -1.538517 1.365746 0.702348
v -1.568299 1.566435 0.634041
v -1.565254 1.490291 0.656880
v -1.559891 1.716229 0.610385
v -1.224867 3.886770 0.351566
v 1.164443 3.876966 -1.236440
v 1.122383 3.553873 -1.450123
v -1.589642 1.755931 0.581763
v -1.282688 3.795377 0.333466
v -1.466485 2.880256 0.414183
v -1.351835 3.659093 0.317688
v -1.493690 2.978848 0.374133
v -1.623627 1.966715 0.512357
v -1.409683 3.508296 0.312627
v -1.511206 3.014112 0.354940
v -1.641345 2.228970 0.442344
v -0.379964 1.611125 1.419323
v -1.540081 0.283566 0.760441
v -1.294073 0.000105 0.924704
v -0.382853 1.546268 1.431947
v -0.375853 1.462860 1.454935
v -0.750382 0.495570 1.420298
v -0.827167 0.489425 1.370538
v -0.901552 0.486809 1.321592
v -0.841018 0.430088 1.374486
v -0.973737 0.486850 1.273520
v -0.923180 0.435305 1.318623
v -1.043807 0.489564 1.226265
v -0.998241 0.439296 1.267761
v -1.111905 0.494843 1.179753
v -1.068884 0.443687 1.219751
v -1.135016 0.447463 1.174882
v -1.166598 0.425581 1.158808
v -1.230723 0.431189 1.114931
v -0.181473 1.688966 1.534152
v -0.252318 1.657259 1.494072
v -1.606195 0.284391 0.643895
v -1.567310 0.212051 0.678268
v -1.521336 0.142759 0.711254
v -1.468537 0.075992 0.742649
v -1.397688 0.000106 0.776922
v 0.625998 0.038495 0.299103
v 0.599104 0.000051 0.280743
v -1.628066 0.216483 0.558869
v -1.587899 0.147956 0.588534
v -1.567283 0.090937 0.575511
v -1.527704 0.037584 0.592142
v -1.466440 0.000055 0.659480
v -1.676177 0.221199 0.449371
v -1.640096 0.152414 0.477036
v 0.879176 1.568606 0.726769
v 0.879224 1.446291 0.764226
v 0.910855 1.523393 0.709938
v 0.585623 0.414410 0.989560
v 0.911857 1.369893 0.727524
v 0.911373 1.580087 0.668566
v 0.611321 0.432979 0.935991
v 0.951281 1.240555 0.696098
v 1.045056 1.514285 0.547786
v 0.935352 1.533168 0.676904
v 0.978694 1.592613 0.711914
v 0.624796 0.404286 0.924749
v 0.657874 0.452580 0.950658
v 1.007829 1.589998 0.672316
v 0.660486 0.398816 0.855016
v 0.648850 0.424864 0.872289
v 0.701470 0.480432 0.941452
v 1.050898 1.467814 0.547683
v 0.986417 1.547264 0.608920
v 0.661182 0.361282 0.847132
v 0.690885 0.446303 0.873061
v 0.975768 1.113006 0.673616
v 1.000737 1.372126 0.614554
v 1.084114 1.609208 0.612984
v 0.681870 0.421669 0.802233
v 0.724160 0.446360 0.800808
v 1.026631 1.559663 0.553862
v 0.656043 0.284983 0.817043
v 0.701719 0.369359 0.746585
v 0.691381 0.399132 0.781177
v 0.975453 0.994935 0.677269
v 0.710638 0.422862 0.728754
v 0.758131 0.452267 0.734089
v 1.091897 1.278201 0.508799
v 1.066576 1.571978 0.496862
v 0.700439 0.303218 0.699156
v 0.718765 0.402995 0.705956
v 0.833804 0.537009 0.800671
v 0.986988 0.913343 0.649993
v 1.014719 1.017127 0.615394
v 1.057400 1.164302 0.559613
v 1.096537 1.379183 0.494046
v 1.178650 1.633307 0.539396
v 0.735526 0.427283 0.654140
v 0.788577 0.459181 0.671542
v 0.868017 0.559464 0.779306
v 0.892581 0.584934 0.743676
v 0.967652 0.747463 0.646614
v 1.159547 1.450697 0.419050
v 1.112168 1.535740 0.461967
v 1.087777 1.579692 0.458593
v 0.693528 0.237724 0.626386
v 0.745925 0.382418 0.609146
v 0.742878 0.409334 0.631379
v 0.889619 0.559495 0.718027
v 1.003551 0.860229 0.608651
v 1.078313 1.088762 0.530280
v 1.156648 1.584269 0.487724
v 0.757009 0.433501 0.580174
v 0.814629 0.464180 0.609090
v 1.160020 1.500242 0.414765
v 0.764771 0.412505 0.553528
v 0.915131 0.560672 0.648926
v 0.918637 0.580792 0.668281
v 0.982657 0.696340 0.585220
v 1.048298 0.889881 0.539503
v 1.096793 1.017911 0.498093
v 1.137083 1.209004 0.457010
v 1.212760 1.596336 0.439820
v 1.362365 1.629054 0.316583
v 1.458642 2.343463 0.308264
v 0.754081 0.334198 0.523377
v 0.773750 0.440797 0.504957
v 0.843071 0.475950 0.560241
v 1.019764 0.803763 0.559080
v 1.195644 1.558002 0.358687
v 0.786990 0.392439 0.452682
v 0.786782 0.417040 0.474072
v 0.960496 0.562329 0.520698
v 0.938762 0.561990 0.583241
v 0.942634 0.581858 0.601238
v 1.112885 0.951720 0.463513
v 1.170461 1.073373 0.412015
v 1.207981 1.374669 0.364010
v 1.279024 1.610089 0.383703
v 0.776667 0.301462 0.344775
v 0.827712 0.448374 0.495785
v 0.858530 0.462020 0.449242
v 1.052899 0.790029 0.490122
v 1.239585 1.522145 0.322505
v 1.454816 2.225181 0.336016
v 0.799381 0.434020 0.421017
v 0.964559 0.581154 0.538236
v 0.988087 0.585714 0.480120
v 1.031066 0.706614 0.482772
v 1.126841 0.889889 0.427001
v 1.219326 1.245381 0.360278
v -0.859207 4.048177 -0.626177
v 0.805282 0.415393 0.392635
v 0.884707 0.473424 0.407341
v 1.283885 1.467188 0.283252
v 1.272870 1.578152 0.260913
v -0.790362 4.050696 -0.657017
v -0.726995 4.052495 -0.680129
v 0.727176 0.206922 0.350815
v 0.824969 0.414633 0.317916
v 0.811643 0.441511 0.353536
v 0.980625 0.561857 0.461861
v 1.087330 0.789688 0.437443
v 1.191616 0.997349 0.376991
v 1.240888 1.146199 0.337426
v 1.469181 1.723944 0.331076
v 1.459869 1.772375 0.362473
v 1.457585 1.844391 0.364836
v -0.603412 4.055475 -0.714922
v 0.813954 0.366710 0.303529
v 0.820868 0.428229 0.339130
v 0.998429 0.559272 0.406816
v 1.007931 0.581026 0.424426
v 1.069988 0.700522 0.405702
v 1.283667 1.372767 0.284203
v 1.296934 1.533992 0.259864
v -0.417434 4.059080 -0.757864
v 0.867597 0.447400 0.348282
v 0.895849 0.457734 0.308066
v 1.141451 0.773246 0.358032
v 1.174683 0.841726 0.351810
v 1.191121 0.911047 0.357521
v 1.251282 1.069267 0.322449
v 1.281657 1.234756 0.295554
v 1.338628 1.582992 0.275425
v -0.360988 4.060659 -0.777487
v -0.284635 4.064275 -0.822408
v 0.841487 0.420472 0.264610
v 0.836697 0.434017 0.282861
v 1.040136 0.580388 0.354464
v 1.084842 0.676845 0.365904
v 1.240427 0.957616 0.317074
v 1.370933 1.504937 0.193944
v 1.342866 1.545071 0.211928
v -1.018401 3.962582 0.472265
v -1.120070 3.969716 0.382551
v 0.788532 0.288327 0.263174
v 0.858532 0.423406 0.216926
v 1.013687 0.550296 0.347564
v 1.286825 1.042517 0.285033
v 1.346158 1.362047 0.224260
v 0.743193 0.197641 0.242462
v 0.857464 0.407655 0.210235
v 0.853222 0.437327 0.231580
v 0.913851 0.457576 0.257679
v 1.126132 0.671584 0.312560
v 1.242353 0.871943 0.294206
v 1.347558 1.164613 0.234729
v 1.373848 1.452349 0.196787
v 0.628252 4.092582 -1.169397
v 0.843332 0.360260 0.198562
v 1.065717 0.569132 0.300434
v 1.093955 0.585559 0.277679
v 1.198795 0.775618 0.299226
v 0.286540 4.099724 -1.268354
v 0.871953 0.437737 0.186099
v 0.932308 0.454650 0.208753
v 1.060436 0.553316 0.274136
v 1.321136 0.956256 0.243414
v 1.423203 1.559472 0.133733
v 1.518303 1.624905 0.145666
v 0.883282 0.407429 0.154490
v 0.879270 0.423532 0.171274
v 1.161906 0.652879 0.264338
v 1.242480 0.739393 0.243034
v 1.277948 0.802049 0.239814
v 1.309985 0.869245 0.234342
v 1.375315 1.076575 0.209749
v 1.409921 1.265750 0.175338
v 0.201316 4.100000 -1.273700
v 0.119086 4.099097 -1.263903
v -0.029742 4.092518 -1.181630
v -0.145286 4.080123 -1.024441
v -0.105197 4.085789 -1.096528
v 0.115424 3.561963 1.269333
v 0.031005 2.854647 1.349108
v 0.068933 2.876495 1.322108
v 0.074218 3.510219 1.300187
v 0.284549 3.693015 1.145469
v 0.212077 3.649563 1.198216
v 1.502034 3.454570 0.018500
v 1.286370 3.613117 0.120176
v 1.449469 3.643603 -0.058680
v -0.034426 0.446028 1.465316
v 0.532710 0.421164 1.063106
v 0.543659 0.335041 1.057791
v 0.383967 0.097322 1.177962
v 1.294404 3.692104 0.048501
v -0.091323 1.632232 1.471815
v -0.049350 1.606611 1.443067
v -0.016421 1.556352 1.420500
v -0.076344 1.370596 1.468692
v 1.499604 3.715139 -0.166812
v 1.257684 3.765551 0.019216
v -0.299011 0.571393 1.650000
v -0.218769 0.521322 1.594296
v 1.399952 3.789029 -0.126858
v 1.149345 3.800905 0.083576
v 0.010861 0.044327 1.444763
v 1.551991 3.775351 -0.289541
v 1.296716 3.864091 -0.102392
v 0.500799 0.228736 1.091262
v 0.437022 0.147593 1.138961
v 0.297753 0.044210 1.240877
v 1.449611 3.838189 -0.223785
v 1.146500 3.890817 -0.006094
v 0.804531 1.545570 0.837477
v 0.849373 1.571210 0.805009
v 0.856193 1.366328 0.806042
v 0.957213 1.614665 0.727115
v 0.654529 0.462782 0.975367
v 0.890585 1.237509 0.785303
v 1.463529 3.896738 -0.308252
v 1.378441 3.897313 -0.209543
v 1.268385 3.918264 -0.133650
v 1.231000 3.923802 -0.109452
v 1.172041 3.928919 -0.068979
v 1.115606 3.933444 -0.030643
v 1.072856 3.938002 -0.001872
v 1.001045 3.947921 0.046611
v 1.394612 3.957996 -0.300459
v 1.389081 3.933249 -0.264298
v 1.340795 3.941922 -0.226686
v 1.286786 3.949497 -0.189563
v 1.242050 3.953906 -0.163899
v 1.246453 3.956993 -0.134466
v 1.194868 3.959092 -0.088071
v 1.138486 3.957231 -0.039576
v 1.082683 3.969311 0.013765
v 1.027633 3.982011 0.071693
v 1.349468 2.395930 0.425897
v 1.409606 2.235817 0.387756
v 1.462055 3.931801 -0.362545
v 1.435450 3.942578 -0.341141
v 1.405575 3.951914 -0.320946
v 1.368892 3.969463 -0.260279
v 1.336363 3.973338 -0.220092
v 1.298274 3.985834 -0.177594
v 1.268029 3.990672 -0.146849
v 1.096331 4.002367 0.004211
v 0.833863 1.490492 0.818304
v 0.899419 1.592888 0.768812
v 0.553588 0.437454 1.047635
v 1.463041 3.950338 -0.411143
v 1.442975 3.963152 -0.388426
v 1.435005 3.974491 -0.363976
v 1.423878 3.983130 -0.336167
v 1.377128 4.023115 -0.260064
v 1.325571 4.018564 -0.200508
v 0.585316 0.433665 1.025351
v 0.610223 0.445305 1.007378
v 1.456664 3.992787 -0.409613
v 1.451838 4.032793 -0.383624
v 1.423458 4.028554 -0.327591
v 0.914228 1.105764 0.772283
v 0.923047 0.941970 0.770723
v 0.908798 0.787165 0.785295
v 0.833412 0.551358 0.845647
v 0.859757 0.582701 0.825772
v 0.887997 0.683518 0.803057
v 1.138178 1.639910 0.597780
v 1.366788 1.711472 0.433185
v 1.452872 2.041802 0.362262
v 1.410142 1.736140 0.401733
v 0.090494 0.010206 1.389177
v 0.196427 0.011109 1.313879
v 1.205149 3.980428 -1.033315
v 1.201348 3.959008 -1.045220
v 1.192677 4.011817 -1.029649
v 1.182125 4.066988 -1.003482
v 1.136279 3.975816 -1.091069
v 1.109092 4.021755 -1.084069
v 1.089068 4.070617 -1.058873
v -1.163367 3.966915 0.098162
v -1.240834 3.944533 0.164564
v -1.179262 3.987158 0.031310
v -1.173412 3.966559 0.053350
v -1.251016 3.944953 0.116696
v -1.261500 3.922359 0.148642
v -1.284990 3.872664 0.184014
v -1.186322 3.984464 -0.014837
v -1.181833 3.964750 0.007791
v -1.260449 3.943982 0.068488
v -1.273438 3.919847 0.101178
v -1.191531 3.980061 -0.061510
v -1.188478 3.961332 -0.038394
v -1.268920 3.941493 0.019933
v -1.279977 3.920571 0.050913
v -1.194776 3.988824 -0.132007
v -1.193147 3.956109 -0.085089
v -1.276123 3.937309 -0.028983
v -1.289249 3.915571 0.002240
v -1.323792 3.833008 0.098218
v -1.195464 3.965204 -0.155945
v -1.267819 3.948841 -0.108276
v -1.293696 3.912337 -0.050775
v -1.379588 3.689143 0.157111
v -1.271933 3.939267 -0.156903
v -1.285372 3.922965 -0.127788
v -1.309049 3.885933 -0.109829
v -1.336955 3.833811 -0.047322
v -1.363265 3.774651 0.001269
v -1.379822 3.723530 0.063826
v -1.286758 3.912290 -0.177510
v -1.332753 3.824144 -0.193294
v -1.434137 3.550837 0.146068
v -1.378633 3.740553 -0.130504
v -1.436810 3.579061 0.058763
v -1.444165 3.471648 0.226871
v -1.416014 3.653934 -0.090086
v -1.434734 3.603007 -0.028159
v -1.478749 3.340072 0.245901
v -1.386678 3.692417 -0.220072
v -1.480138 3.425957 0.110301
v -1.447273 3.543678 -0.193713
v -1.486341 3.448349 -0.039316
v -1.509386 3.306635 0.134900
v -1.523056 3.185589 0.218920
v -1.407858 3.591260 -0.293013
v -1.469068 3.501130 -0.099812
v -1.509027 3.354682 0.030925
v -1.530517 3.076530 0.286953
v -1.389346 3.557909 -0.376045
v -1.529799 3.036421 0.318726
v -1.502741 3.385205 -0.133864
v -1.541844 3.242954 -0.039223
v -1.541470 3.200970 0.086572
v -1.543433 3.074854 0.229706
v -1.543573 3.037540 0.261639
v -1.528903 2.999158 0.283076
v -1.455377 3.446514 -0.298536
v -1.564025 3.075202 0.113105
v -1.554658 3.074767 0.171601
v -1.555734 3.037877 0.203706
v -1.542650 2.999791 0.226030
v -1.498271 2.924028 0.270435
v -1.472996 2.885205 0.288421
v -1.509244 3.323927 -0.220897
v -1.571490 3.073292 0.053877
v -1.566177 3.037391 0.145064
v -1.554293 2.999711 0.168517
v -1.513298 2.924676 0.215343
v -1.489574 2.886127 0.234886
v -1.591055 2.847183 0.318163
v -1.413306 3.412689 -0.429213
v -1.449414 3.394691 -0.361211
v -1.549720 3.198315 -0.136772
v -1.579175 3.069523 -0.065214
v -1.576720 3.070311 -0.005744
v -1.574739 3.036029 0.085838
v -1.563760 2.998861 0.110668
v -1.526371 2.924651 0.159172
v -1.504296 2.886431 0.180151
v -1.605308 2.847764 0.259196
v -1.608513 2.808707 0.293812
v -1.615002 2.715632 0.351824
v -1.517090 3.218203 -0.304890
v -1.581193 3.033708 0.026149
v -1.571124 2.997789 0.053434
v -1.537360 2.923914 0.102089
v -1.517057 2.886090 0.124387
v -1.617550 2.847759 0.199234
v -1.621752 2.808984 0.233937
v -1.409960 3.333368 -0.479062
v -1.489449 3.233415 -0.375244
v -1.579123 3.060604 -0.125486
v -1.585242 3.030328 -0.033879
v -1.575737 2.995115 -0.006412
v -1.562102 2.959118 0.019494
v -1.546072 2.922410 0.044253
v -1.527694 2.885060 0.067749
v -1.627619 2.847138 0.138434
v -1.632853 2.808707 0.173132
v -1.635846 2.742807 0.240203
v -1.638386 2.482813 0.387978
v -1.561030 3.103385 -0.221947
v -1.575308 3.054656 -0.185778
v -1.586222 3.025771 -0.094186
v -1.577401 2.991385 -0.066593
v -1.566061 2.956122 -0.039886
v -1.552237 2.920063 -0.014186
v -1.621268 2.883281 0.040118
v -1.635292 2.845851 0.076950
v -1.642176 2.807072 0.111990
v -1.654222 2.596875 0.265544
v -1.470646 3.179520 -0.446294
v -1.581969 3.019912 -0.154996
v -1.575739 2.986481 -0.126912
v -1.566915 2.952078 -0.099558
v -1.555517 2.916783 -0.073063
v -1.627029 2.880677 -0.020792
v -1.640277 2.843836 0.014939
v -1.649405 2.799614 0.053638
v -1.663844 2.680172 0.136020
v -1.669680 2.415623 0.289122
v -1.429041 3.185150 -0.515349
v -1.557506 3.035912 -0.298783
v -1.568070 3.043828 -0.245582
v -1.572639 3.010787 -0.219840
v -1.570363 2.980287 -0.187131
v -1.564266 2.946872 -0.159312
v -1.555521 2.912467 -0.132189
v -1.628804 2.877153 -0.082338
v -1.642221 2.841014 -0.047429
v -1.655531 2.786334 -0.011681
v -1.675794 2.646496 0.077581
v -1.685010 2.477554 0.175808
v -1.662445 2.292372 0.357063
v -1.370474 3.177732 -0.598132
v -1.536575 3.030511 -0.369903
v -1.542213 3.062345 -0.334706
v -1.561185 3.002397 -0.276052
v -1.557732 2.940400 -0.218886
v -1.551846 2.907011 -0.191330
v -1.626612 2.872615 -0.144112
v -1.642669 2.833285 -0.109126
v -1.427876 3.074214 -0.558973
v -1.503964 3.036180 -0.444406
v -1.544683 2.993494 -0.334352
v -1.546991 2.932582 -0.277967
v -1.544124 2.900327 -0.250204
v -1.620156 2.866971 -0.205787
v -1.635363 2.832594 -0.172392
v -1.675666 2.673991 -0.054830
v -1.691251 2.166515 0.260432
v -1.657140 2.069479 0.407885
v -1.469512 3.042560 -0.505557
v -1.519343 3.000715 -0.409617
v -1.528957 2.953142 -0.364053
v -1.531840 2.923374 -0.336192
v -1.532075 2.892354 -0.308473
v -1.609144 2.860148 -0.267007
v -1.625767 2.826830 -0.234444
v -1.640406 2.765773 -0.232594
v -1.669250 2.672633 -0.149084
v -1.696344 2.511835 0.015020
v -1.703536 2.252873 0.166663
v -1.339686 3.047951 -0.673583
v -1.479192 3.009306 -0.493411
v -1.506387 2.941191 -0.420527
v -1.512241 2.912787 -0.393165
v -1.569569 2.883076 -0.358897
v -1.593383 2.852110 -0.327373
v -1.611638 2.819952 -0.295761
v -1.691331 2.533436 -0.119531
v -1.706801 2.350093 0.084328
v -1.686223 2.008276 0.297414
v -1.392972 3.047194 -0.612357
v -1.430681 3.015040 -0.569616
v -1.479721 2.927919 -0.475090
v -1.488352 2.900896 -0.448479
v -1.550036 2.872532 -0.416399
v -1.574542 2.839650 -0.386486
v -1.598674 2.798694 -0.349605
v -1.671811 2.572821 -0.225513
v -1.702899 2.450534 -0.063002
v -1.714287 2.310901 0.019612
v -1.669913 1.897504 0.359162
v -1.383381 3.011034 -0.630402
v -1.438079 2.932185 -0.549817
v -1.460538 2.887836 -0.501748
v -1.524016 2.860820 -0.472316
v -1.548966 2.830128 -0.443948
v -1.631123 2.673711 -0.322147
v -1.715709 2.003178 0.135692
v -1.337621 2.993468 -0.681622
v -1.389052 2.934668 -0.619149
v -1.416167 2.898190 -0.577111
v -1.466808 2.873808 -0.552059
v -1.513931 2.821617 -0.506162
v -1.602874 2.642158 -0.407446
v -1.707815 2.352300 -0.130349
v -1.717870 2.237932 -0.108579
v -1.722372 2.074273 0.060717
v -1.688282 1.771682 0.267880
v -1.673220 1.768685 0.328448
v -1.657644 1.768934 0.386930
v -1.347322 2.924892 -0.668399
v -1.364568 2.904179 -0.646592
v -1.403397 2.882245 -0.624775
v -1.453274 2.833327 -0.586466
v -1.550652 2.713031 -0.483002
v -1.653044 2.509297 -0.325765
v -1.726375 2.095042 -0.045576
v -1.706869 1.825483 0.181753
v -1.660180 1.729042 0.353720
v -1.630140 1.691101 0.372257
v -1.295726 2.917244 -0.724499
v -1.326929 2.886917 -0.689301
v -1.374443 2.853944 -0.667707
v -1.417465 2.802017 -0.637317
v -1.506143 2.714374 -0.550358
v -1.680000 2.317504 -0.299598
v -1.697216 2.315630 -0.228657
v -1.700150 1.768289 0.204892
v -1.675084 1.727859 0.292453
v -1.646115 1.689435 0.312442
v -1.615569 1.651524 0.330773
v -1.583556 1.614167 0.347405
v -1.250727 2.895919 -0.770468
v -1.271445 2.888842 -0.748203
v -1.307511 2.841797 -0.735464
v -1.348219 2.826843 -0.701524
v -1.479867 2.650075 -0.600551
v -1.545660 2.534478 -0.536092
v -1.583549 2.538965 -0.473920
v -1.643975 2.356605 -0.392483
v -1.713574 2.118813 -0.201932
v -1.711774 1.770011 0.136864
v -1.688575 1.727451 0.230441
v -1.660838 1.688566 0.251836
v -1.631398 1.650161 0.271631
v -1.600363 1.612278 0.289775
v -1.673506 1.574957 0.360575
v -1.671036 1.538236 0.394075
v -1.198073 2.871524 -0.821092
v -1.616338 2.356903 -0.451736
v -1.725656 1.957438 -0.136245
v -1.728209 1.910281 -0.008191
v -1.719725 1.771544 0.073638
v -1.700489 1.727865 0.167777
v -1.674169 1.688538 0.190524
v -1.646012 1.649657 0.211740
v -1.616126 1.611265 0.231361
v -1.690993 1.573406 0.300035
v -1.688917 1.536118 0.333647
v -1.682116 1.487196 0.365204
v -1.231727 2.800837 -0.811141
v -1.331543 2.706174 -0.744734
v -1.410994 2.659908 -0.676589
v -1.674922 2.184031 -0.345194
v -1.710589 1.729170 0.104547
v -1.685904 1.689414 0.128584
v -1.659237 1.650069 0.151167
v -1.630695 1.611181 0.172224
v -1.705805 1.572796 0.238011
v -1.704559 1.534955 0.271857
v -1.699461 1.487458 0.300472
v -1.504911 2.374133 -0.620194
v -1.697440 2.009265 -0.297285
v -1.709199 1.985142 -0.249194
v -1.726243 1.785724 -0.118070
v -1.727011 1.776958 -0.054539
v -1.724608 1.771959 0.009768
v -1.718564 1.731457 0.040838
v -1.695768 1.691278 0.066090
v -1.670830 1.651475 0.089976
v -1.643861 1.612097 0.112418
v -1.717814 1.573192 0.174754
v -1.717798 1.534803 0.208891
v -1.713737 1.486110 0.237575
v -1.678765 1.365836 0.365130
v -1.357782 2.544534 -0.750410
v -1.443628 2.475521 -0.674432
v -1.587581 2.240924 -0.521508
v -1.664912 2.056774 -0.390627
v -1.720237 1.798813 -0.190725
v -1.724021 1.734833 -0.023245
v -1.703068 1.693064 0.002883
v -1.680471 1.653977 0.028236
v -1.655337 1.614109 0.051995
v -1.726715 1.574683 0.110457
v -1.728407 1.535745 0.144927
v -1.724834 1.491091 0.177271
v -1.698882 1.360045 0.289636
v -1.529424 2.281570 -0.600528
v -1.638136 2.063869 -0.450470
v -1.725611 1.739419 -0.087799
v -1.708052 1.697327 -0.060412
v -1.664756 1.617336 -0.008976
v -1.731908 1.577381 0.045253
v -1.736081 1.537886 0.080142
v -1.733729 1.488114 0.117055
v -1.712698 1.359644 0.227545
v -1.711531 1.081707 0.359248
v -1.192395 2.667398 -0.875532
v -1.680615 1.904245 -0.359718
v -1.722414 1.745333 -0.152650
v -1.709605 1.702614 -0.124882
v -1.671679 1.621915 -0.070407
v -1.648681 1.581425 -0.045518
v -1.740434 1.541361 0.014724
v -1.740182 1.492422 0.052210
v -1.724282 1.360192 0.163642
v -1.416316 2.299133 -0.728521
v -1.702826 1.763965 -0.283151
v -1.714206 1.754771 -0.222096
v -1.706677 1.708501 -0.192621
v -1.675611 1.627988 -0.132164
v -1.655219 1.586962 -0.106169
v -1.741012 1.546319 -0.051115
v -1.743383 1.505186 -0.017223
v -1.733247 1.359505 0.098255
v -1.744672 1.053648 0.236142
v -1.235901 2.516866 -0.866941
v -1.604925 1.957613 -0.521135
v -1.679701 1.750248 -0.364342
v -1.696995 1.711813 -0.266626
v -1.676033 1.635688 -0.194060
v -1.658584 1.594139 -0.167124
v -1.737299 1.552917 -0.117124
v -1.742392 1.510909 -0.083073
v -1.739128 1.358797 0.031004
v -1.703510 0.922566 0.428744
v -1.549884 2.009928 -0.600940
v -1.654692 1.792647 -0.430405
v -1.692016 1.729613 -0.313237
v -1.671598 1.641879 -0.255404
v -1.658256 1.603081 -0.228171
v -1.728726 1.561301 -0.183002
v -1.737073 1.518162 -0.148899
v -1.741263 1.359487 -0.049936
v -1.753055 1.122773 0.148276
v -1.320754 2.199084 -0.836060
v -1.458560 2.091111 -0.705675
v -1.488617 1.973660 -0.681368
v -1.671463 1.697231 -0.347012
v -1.714506 1.571580 -0.248425
v -1.726910 1.526236 -0.215279
v -1.737097 1.359601 -0.126844
v -1.775982 0.998949 0.066982
v -1.742335 0.938823 0.290771
v -1.708278 0.801836 0.430960
v -1.280842 2.362393 -0.851150
v -1.643261 1.739126 -0.452059
v -1.648077 1.703910 -0.420666
v -1.644748 1.626526 -0.349351
v -1.634658 1.583810 -0.321456
v -1.703819 1.510576 -0.308762
v -1.729005 1.361955 -0.192102
v -1.775861 1.039889 0.002750
v -1.772755 0.906337 0.151759
v -1.744873 0.826709 0.305007
v -1.612461 1.749830 -0.514517
v -1.630571 1.638031 -0.408194
v -1.624622 1.597971 -0.380722
v -1.689125 1.554991 -0.343718
v -1.775852 1.044898 -0.063098
v -1.540628 1.782326 -0.625000
v -1.580200 1.767666 -0.567729
v -1.600607 1.715435 -0.525435
v -1.662248 1.571626 -0.407648
v -1.680405 1.524764 -0.373786
v -1.714528 1.357912 -0.265347
v -1.772823 1.025951 -0.145960
v -1.761794 0.765921 0.241561
v -1.728267 0.718146 0.369611
v -1.719391 0.601811 0.387062
v -1.375448 1.961888 -0.806270
v -1.507401 1.745193 -0.669678
v -1.590257 1.629139 -0.495122
v -1.588394 1.588225 -0.468282
v -1.692055 1.361261 -0.340102
v -1.556872 1.729052 -0.600862
v -1.617324 1.563795 -0.494406
v -1.638118 1.517840 -0.464403
v -1.670942 1.361483 -0.394242
v -1.757810 1.045848 -0.228541
v -1.789702 0.846651 0.025652
v -1.767836 0.682616 0.211397
v -1.739173 0.597609 0.320087
v -1.707784 0.573145 0.413680
v -1.462053 1.747707 -0.723895
v -1.517969 1.703346 -0.645626
v -1.543679 1.625382 -0.576571
v -1.545683 1.584318 -0.550834
v -1.586752 1.517252 -0.548314
v -1.609316 1.478626 -0.514893
v -1.646829 1.363103 -0.445940
v -1.741643 1.028595 -0.302027
v -1.785166 0.741253 0.111502
v -1.753582 0.590662 0.259457
v -1.726681 0.568162 0.352358
v -1.701936 0.543243 0.374644
v -1.233327 2.161900 -0.939287
v -1.416840 1.762968 -0.774945
v -1.563278 1.562556 -0.577108
v -1.718003 1.075448 -0.357845
v -1.788770 0.889145 -0.072895
v -1.767573 0.590057 0.195276
v -1.743858 0.564774 0.289854
v -1.717893 0.540113 0.312821
v -1.635543 0.474118 0.375140
v -1.467686 1.707507 -0.709637
v -1.492717 1.625765 -0.651897
v -1.497959 1.585371 -0.627675
v -1.529192 1.517391 -0.627562
v -1.588108 1.362727 -0.546666
v -1.612408 1.349866 -0.510306
v -1.696164 1.048496 -0.418400
v -1.795166 0.682196 -0.000102
v -1.781161 0.597203 0.124140
v -1.758265 0.563167 0.225927
v -1.732823 0.537436 0.249827
v -1.651970 0.468993 0.315343
v -1.623452 0.447751 0.334828
v -1.715174 0.427373 0.417622
v -1.503285 1.565894 -0.652955
v -1.549160 1.362793 -0.602255
v -1.775295 0.844635 -0.221247
v -1.787274 0.782408 -0.164756
v -1.794531 0.770224 -0.071414
v -1.771385 0.563572 0.161454
v -1.746964 0.536705 0.186393
v -1.693891 0.485991 0.232912
v -1.640065 0.443392 0.275763
v -1.736783 0.422208 0.357363
v -1.728160 0.401906 0.388690
v -1.709575 0.375360 0.440302
v -1.073447 2.179477 -1.110473
v -1.225677 1.980149 -0.974422
v -1.346796 1.743266 -0.860708
v -1.408083 1.700121 -0.778842
v -1.440084 1.626872 -0.720189
v -1.447490 1.590012 -0.698460
v -1.466539 1.528474 -0.698521
v -1.661825 1.045446 -0.487330
v -1.754262 0.910847 -0.292177
v -1.787361 0.594571 0.063600
v -1.782006 0.566255 0.096153
v -1.759947 0.538173 0.122403
v -1.710628 0.487846 0.171861
v -1.684033 0.463802 0.194678
v -1.756694 0.440753 0.260372
v -1.755648 0.418670 0.295253
v -1.747905 0.396838 0.327563
v -1.731863 0.348233 0.369656
v -1.642559 0.068222 0.362506
v -1.605004 0.055119 0.444300
v -1.547127 0.000073 0.497271
v -1.600865 0.000059 0.361599
v -0.382381 0.105196 -1.068670
v -0.310476 0.071956 -1.063060
v -0.409137 0.000046 -0.992749
v -0.165172 0.045242 -1.073671
v -0.259242 0.114592 -1.108619
v 0.777334 0.194377 0.121651
v 0.809360 0.276226 0.169654
v 0.867188 0.341390 0.125298
v 0.884758 0.176675 -0.041082
v 0.914022 0.286127 0.013121
v 0.903571 0.369805 0.095193
v 0.967638 0.169168 -0.103842
v 0.963545 0.222438 -0.061545
v 0.936757 0.387279 0.067343
v 0.913835 0.418159 0.112090
v 0.950510 0.276016 -0.019888
v 0.962897 0.355069 0.022720
v 0.948592 0.421683 0.072733
v 0.957964 0.444481 0.135497
v 0.974143 0.464751 0.169405
v 1.031161 0.127958 -0.173133
v 1.020397 0.294726 -0.042630
v 1.021657 0.370611 -0.002766
v 0.989660 0.416721 0.039008
v 1.067736 0.184262 -0.136818
v 1.060982 0.247419 -0.086944
v 1.009456 0.407079 0.023357
v 1.014352 0.442407 0.076425
v 1.113104 0.562803 0.235344
v 1.003552 0.437742 0.034488
v 1.059789 0.467762 0.093646
v 1.102730 0.090418 -0.243208
v 1.094164 0.142182 -0.182650
v 1.070854 0.316278 -0.046076
v 1.073105 0.385845 -0.012648
v 1.110866 0.443564 0.027978
v 1.210635 0.624507 0.205205
v 1.241437 0.143934 -0.214884
v 1.212462 0.192728 -0.163118
v 1.092883 0.414705 -0.007468
v 1.169377 0.470031 0.042275
v 1.220891 0.550701 0.137951
v 1.260739 0.066377 -0.321397
v 1.213022 0.316638 -0.079366
v 1.109032 0.433756 -0.007700
v 1.247077 0.574801 0.151539
v 1.229079 0.679862 0.224513
v 1.338872 0.120484 -0.267553
v 1.286060 0.256108 -0.133305
v 1.279254 0.393139 -0.062333
v 1.182519 0.409640 -0.032794
v 1.198792 0.448722 0.000584
v 1.304660 0.601375 0.134305
v 1.305138 0.675187 0.169442
v 1.338777 0.192872 -0.194468
v 1.200903 0.432014 -0.033558
v 1.374764 0.548611 0.059411
v 1.374985 0.058941 -0.378238
v 1.413237 0.104998 -0.315901
v 1.343829 0.325650 -0.108494
v 1.242278 0.418008 -0.046377
v 1.262984 0.454701 -0.012211
v 1.322083 0.481225 -0.001621
v 1.345013 0.736076 0.168558
v 1.438762 0.040915 -0.454500
v 1.393699 0.252652 -0.165522
v 1.254010 0.441008 -0.050558
v 1.373453 0.586566 0.092345
v 1.302490 0.427167 -0.061798
v 1.380924 0.802129 0.165296
v 1.431708 0.019946 -0.531200
v 1.490329 0.199502 -0.241042
v 1.395945 0.390167 -0.098435
v 1.346072 0.413340 -0.077045
v 1.357851 0.452109 -0.046697
v 1.437452 0.566917 0.052400
v 1.524622 0.160491 -0.296477
v 1.462239 0.330828 -0.144631
v 1.359440 0.438846 -0.080369
v 1.435568 0.484358 -0.037268
v 1.442747 0.670766 0.088795
v 1.476865 0.023728 -0.592781
v 1.494390 0.084498 -0.389699
v 1.482642 0.272789 -0.183610
v 1.438712 0.419032 -0.106255
v 1.506742 0.540622 -0.002391
v 1.486529 0.596012 0.042297
v 1.463123 0.760325 0.103229
v 1.412557 0.947866 0.170427
v 1.534421 0.380034 -0.153329
v 1.474849 0.444622 -0.100234
v 1.547190 0.572845 0.008303
v 1.568933 0.065865 -0.494537
v 1.570753 0.114987 -0.383900
v 1.572276 0.265968 -0.227755
v 1.569800 0.334560 -0.187724
v 1.497626 0.401243 -0.132879
v 1.528789 0.695903 0.049545
v 1.433588 0.868475 0.143765
v 1.421605 1.025362 0.170113
v 1.626217 0.211413 -0.300255
v 1.512976 0.430862 -0.135320
v 1.582824 0.454771 -0.138840
v 1.590054 0.058758 -0.608052
v 1.658637 0.094973 -0.538147
v 1.639637 0.108878 -0.460374
v 1.644061 0.153835 -0.378776
v 1.651531 0.302401 -0.246695
v 1.589684 0.417284 -0.170193
v 1.566003 0.773710 0.044889
v 1.558970 0.056454 -0.710769
v 1.675512 0.213139 -0.333011
v 1.639616 0.377289 -0.207050
v 1.558777 0.877022 0.062667
v 1.476799 1.115795 0.129397
v 1.454451 1.223690 0.142126
v 1.716873 0.142640 -0.490666
v 1.698847 0.162291 -0.420726
v 1.553087 0.986782 0.073897
v 1.673255 0.096953 -0.656458
v 1.641986 0.108560 -0.781032
v 1.742114 0.138015 -0.590776
v 1.720822 0.127671 -0.674065
v 1.548368 1.174729 0.073117
v 1.423709 1.374424 0.153543
v 1.732218 0.149244 -0.742009
v 1.675909 0.182364 -0.901265
v 1.733612 0.191356 -0.844737
v 1.787140 0.206262 -0.777531
v 1.548215 1.380502 0.052111
v 1.466907 1.533609 0.104868
v 1.546261 1.461237 0.051433
v 1.441758 1.571077 0.111111
v 1.800000 0.246175 -0.833936
v 1.546846 1.527127 0.042323
v 1.495470 1.549640 0.077319
v 1.496755 1.581940 0.110647
v 1.680788 0.276123 -1.027245
v 1.742810 0.282036 -0.966301
v 1.526146 1.566304 0.045786
v 1.550138 1.578406 0.022859
v 1.666333 0.368490 -1.131135
v 1.638998 0.411652 -1.186427
v 1.580054 0.444015 -1.153597
v 1.596248 0.470662 -1.179723
v -0.319675 1.628904 1.455946
v 1.001745 4.067042 -1.104749
v 1.033791 4.014961 -1.131787
v -1.185482 3.989757 -0.242661
v -1.183900 3.963914 -0.267006
v -1.267888 3.917770 -0.254788
v -1.168833 3.994287 -0.308431
v -1.229452 3.951367 -0.300638
v -1.244092 3.919058 -0.323968
v -1.165508 3.966428 -0.333152
v -1.322186 3.788288 -0.304015
v -1.143011 3.990960 -0.376141
v -1.339160 3.722943 -0.337512
v -1.200682 3.948590 -0.370967
v -1.210924 3.914510 -0.396746
v -1.265790 3.830787 -0.383254
v -1.138479 3.961311 -0.400195
v -1.253363 3.790442 -0.440135
v -1.326237 3.670598 -0.412489
v -1.074596 3.989298 -0.485011
v -1.154976 3.939461 -0.454374
v -1.202764 3.811708 -0.493646
v -1.332350 3.589726 -0.459172
v -1.116843 3.950219 -0.488127
v -1.265068 3.647204 -0.518988
v -1.061876 3.954509 -0.512637
v -1.125678 3.911498 -0.511440
v -1.330884 3.511617 -0.506675
v -0.997054 3.956963 -0.575620
v -1.193383 3.729945 -0.553948
v -1.021429 3.921785 -0.595291
v -1.106736 3.818499 -0.587015
v -1.325026 3.431810 -0.553437
v -0.933889 4.044819 -0.583923
v -0.974521 3.983768 -0.583227
v -1.190202 3.648988 -0.598739
v -1.244836 3.509268 -0.609033
v -1.041389 3.825890 -0.633833
v -1.279697 3.401226 -0.617724
v -0.911583 3.979673 -0.627180
v -0.926199 3.938198 -0.646787
v -1.168804 3.546695 -0.663381
v -1.108654 3.642787 -0.670408
v -1.262030 3.264813 -0.684990
v -0.815741 3.962382 -0.685193
v -1.188632 3.365681 -0.716166
v -0.986856 3.736699 -0.710843
v -1.034433 3.643080 -0.722466
v -0.813509 3.934528 -0.702432
v -0.908481 3.840925 -0.705944
v -1.092547 3.458014 -0.756688
v -1.250880 3.058716 -0.757579
v -0.635660 3.925247 -0.766833
v -0.720042 3.953240 -0.726363
v -1.194534 3.197758 -0.765878
v -0.733115 3.774015 -0.813094
v -0.788201 3.705832 -0.824527
v -0.895427 3.568035 -0.836024
v -0.562523 3.962972 -0.770328
v -0.849104 3.656657 -0.819780
v -1.218318 3.025456 -0.795047
v -0.522406 3.962008 -0.780679
v -0.601321 3.934103 -0.771652
v -0.692536 3.839877 -0.793992
v -0.971991 3.461188 -0.836583
v -1.034764 3.270483 -0.867491
v -1.079735 3.171850 -0.867505
v -0.561422 3.937331 -0.779407
v -1.145181 3.039090 -0.855395
v -0.483987 3.962101 -0.790235
v -0.519864 3.938558 -0.788296
v -0.543925 3.867056 -0.823938
v -1.129189 3.013690 -0.874750
v -1.159413 2.929227 -0.854451
v -0.392673 3.974551 -0.809882
v -0.447508 3.961910 -0.799840
v -0.480063 3.939609 -0.796745
v -0.621469 3.791570 -0.846066
v -1.154639 2.883888 -0.849819
v -0.413549 3.963508 -0.809118
v -0.441975 3.940162 -0.805254
v -0.808866 3.595333 -0.872052
v -0.945999 3.404873 -0.878124
v -1.143794 2.893783 -0.871544
v -0.349446 3.972095 -0.831567
v -0.405225 3.940412 -0.814103
v -0.721323 3.691254 -0.865261
v -0.820696 3.506260 -0.913843
v -1.102888 2.873869 -0.900044
v -1.151968 2.768471 -0.887665
v -0.364176 3.956147 -0.833225
v -0.378248 3.949652 -0.817026
v -0.868053 3.429260 -0.922753
v -0.904914 3.362724 -0.929383
v -0.958385 3.283994 -0.923714
v -1.008484 3.193183 -0.920716
v -1.074305 3.051890 -0.916105
v -1.088856 3.008281 -0.913900
v -1.108858 2.918891 -0.905136
v -1.099057 2.844621 -0.915992
v -0.526392 3.778066 -0.887676
v -0.674151 3.653427 -0.912777
v -0.747820 3.577721 -0.921075
v -1.099157 2.887250 -0.920322
v -0.334695 3.950245 -0.835745
v -0.351202 3.933153 -0.838873
v -0.409566 3.856519 -0.869974
v -0.605272 3.712768 -0.904822
v -1.008203 3.056999 -0.988164
v -1.040915 3.018858 -0.966334
v -1.075476 2.904818 -0.946659
v -1.069226 2.862856 -0.939220
v -0.315698 3.960720 -0.865561
v -0.295581 3.940148 -0.873015
v -0.352197 3.888364 -0.871942
v -0.959395 3.139922 -1.001712
v -1.034743 2.851674 -0.979262
v -0.672328 3.597992 -0.963182
v -0.771261 3.438585 -1.010918
v -0.842315 3.332672 -1.016988
v -0.922095 3.239091 -0.988276
v -1.051897 2.922771 -0.972513
v -1.037229 2.881166 -0.962994
v -1.009619 2.781416 -1.031593
v -0.215176 4.069078 -0.882998
v -0.382046 3.852796 -0.887382
v -0.512801 3.728564 -0.944944
v -0.590554 3.653071 -0.971525
v -0.700622 3.488916 -1.034489
v -1.043793 2.892979 -0.987156
v -0.293536 3.959502 -0.891464
v -0.341695 3.876759 -0.897013
v -0.978391 3.035580 -1.033728
v -0.974232 3.012447 -1.047676
v -1.014062 2.917340 -1.019687
v -0.996105 2.874717 -1.009405
v -1.011451 2.704095 -1.055623
v -0.992791 2.848852 -1.024162
v -0.267027 3.970867 -0.927714
v -0.260490 3.953095 -0.914012
v -0.459639 3.709551 -1.008072
v -0.870205 3.174582 -1.088181
v -1.006271 2.887272 -1.034887
v -1.088776 2.539446 -1.019147
v -0.348015 3.804925 -1.006684
v -0.413625 3.732672 -1.022120
v -0.911227 3.033859 -1.117774
v -0.963606 2.923023 -1.082223
v -0.271332 3.957685 -0.942490
v -0.265509 3.939737 -0.928655
v -0.508020 3.607870 -1.079471
v -0.741579 3.342077 -1.109908
v -0.937099 2.854196 -1.081805
v -0.253732 3.967473 -0.966971
v -0.790033 3.260549 -1.118170
v -0.928825 2.917441 -1.128557
v -0.938293 2.882161 -1.066679
v -0.247035 3.949264 -0.951047
v -0.605735 3.517076 -1.088824
v -0.684208 3.412946 -1.108458
v -0.956797 2.893756 -1.097465
v -0.240388 3.965111 -1.005989
v -0.257855 3.954400 -0.981860
v -0.251988 3.936217 -0.966020
v -0.280416 3.864814 -1.038293
v -0.902549 2.876981 -1.109456
v -0.901101 2.851283 -1.123603
v -0.826770 3.136409 -1.154664
v -1.760905 0.331439 0.258891
v -1.744480 0.258096 0.267715
v -1.779623 0.379865 0.196332
v -1.739236 0.194359 0.208664
v -1.783198 0.410254 0.175718
v -1.776804 0.293145 0.145637
v -1.720786 0.123110 0.159432
v -1.688764 0.057373 0.161622
v -1.785278 0.434474 0.141163
v -1.706484 0.459800 0.078229
v -1.792078 0.405219 0.117478
v -1.795547 0.367883 0.074660
v -1.752186 0.188713 0.116514
v -1.731375 0.486266 0.053130
v -1.793597 0.430727 0.082519
v -1.713127 0.457428 0.021415
v -1.797858 0.402226 0.056929
v -1.786906 0.290882 0.020572
v -1.775047 0.245019 0.041422
v -1.738463 0.137190 0.055362
v -1.694447 0.047896 0.069994
v -1.775730 0.541746 -0.002471
v -1.737028 0.485357 -0.004876
v -1.797917 0.429202 0.021387
v -1.791528 0.572780 -0.030144
v -1.718733 0.457465 -0.036818
v -1.800000 0.401684 -0.005805
v -1.796978 0.356145 -0.032623
v -1.764567 0.207161 -0.039095
v -1.718885 0.090211 0.001536
v -1.791417 0.581950 -0.079886
v -1.778056 0.543482 -0.065910
v -1.741273 0.487044 -0.064328
v -1.797810 0.430326 -0.041985
v -1.722807 0.460346 -0.096517
v -1.797859 0.404048 -0.070554
v -1.783691 0.300163 -0.094719
v -1.739755 0.148692 -0.085372
v -1.700110 0.057511 -0.056694
v -1.775795 0.544353 -0.137695
v -1.742277 0.489195 -0.124940
v -1.792361 0.434556 -0.107398
v -1.792306 0.371590 -0.111642
v -1.786535 0.587068 -0.156714
v -1.785612 0.385946 -0.164218
v -1.763182 0.253734 -0.159697
v -1.737710 0.167580 -0.150261
v -1.698452 0.073713 -0.133803
v -1.777602 0.606724 -0.225805
v -1.777656 0.558852 -0.185664
v -1.705351 0.442361 -0.190232
v -1.773249 0.341944 -0.199198
v -1.757749 0.533001 -0.220077
v -1.723836 0.476460 -0.220262
v -1.777640 0.419376 -0.205033
v -1.735057 0.213813 -0.227183
v -1.698807 0.118810 -0.223728
v -1.662198 0.052830 -0.233262
v -1.757058 0.747552 -0.311129
v -1.758833 0.599519 -0.297366
v -1.764573 0.563872 -0.259437
v -1.703823 0.454173 -0.253031
v -1.768967 0.397687 -0.237044
v -1.746002 0.298754 -0.265996
v -1.644937 0.000059 -0.177325
v -1.718645 0.488367 -0.283545
v -1.757239 0.433219 -0.274069
v -1.751997 0.371398 -0.284136
v -1.699227 0.180579 -0.296379
v -1.728830 0.860362 -0.378944
v -1.730317 0.526462 -0.317927
v -1.734106 0.394130 -0.337341
v -1.658568 0.121135 -0.330208
v -1.730684 0.614906 -0.379535
v -1.735422 0.562682 -0.354890
v -1.676838 0.451624 -0.349965
v -1.717866 0.292806 -0.336480
v -1.601526 0.055884 -0.371345
v -1.714942 0.682034 -0.420982
v -1.688072 0.487747 -0.381460
v -1.716298 0.434419 -0.376212
v -1.651966 0.199062 -0.408480
v -1.562556 0.000062 -0.371398
v -1.704709 0.580937 -0.433035
v -1.685247 0.526386 -0.433790
v -1.693570 0.413164 -0.422233
v -1.669857 0.349995 -0.450726
v -1.658665 0.275770 -0.440434
v -1.613970 0.135830 -0.424342
v -1.694813 0.837788 -0.456909
v -1.518529 0.073436 -0.520165
v -1.660057 0.686312 -0.524568
v -1.660491 0.599065 -0.517381
v -1.672260 0.556410 -0.486031
v -1.618021 0.446582 -0.480382
v -1.659183 0.391749 -0.476877
v -1.620483 1.086540 -0.548251
v -1.640964 0.846756 -0.549826
v -1.624061 0.488600 -0.512192
v -1.638341 0.435007 -0.511987
v -1.615039 0.531202 -0.560972
v -1.561103 0.357030 -0.610972
v -1.572335 0.287214 -0.573579
v -1.552984 0.176851 -0.547645
v -1.593709 0.975515 -0.604458
v -1.616978 0.780166 -0.588725
v -1.610357 0.573810 -0.592308
v -1.524148 0.448090 -0.641233
v -1.544420 0.394931 -0.640016
v -1.504584 0.162515 -0.600419
v -1.455219 0.069678 -0.593864
v -1.442582 0.000078 -0.549049
v -1.548833 0.628693 -0.688742
v -1.572701 0.551283 -0.642515
v -1.527900 0.277613 -0.627039
v -1.518625 0.863460 -0.719612
v -1.532901 0.748639 -0.710018
v -1.460175 0.186318 -0.660061
v -1.414109 0.108416 -0.660244
v -1.358605 0.038775 -0.661298
v -1.502662 0.991845 -0.722812
v -1.522443 0.493295 -0.676929
v -1.515323 0.439942 -0.675235
v -1.495655 0.375487 -0.691128
v -1.465290 0.271602 -0.691556
v -1.472557 1.368205 -0.695764
v -1.503118 1.158202 -0.693056
v -1.495678 0.585164 -0.750453
v -1.487340 0.533346 -0.742595
v -1.391419 0.189612 -0.723424
v -1.343124 0.116800 -0.723480
v -1.288307 0.051574 -0.722301
v -1.233786 0.000059 -0.721142
v -1.414436 1.367705 -0.763120
v -1.416441 0.434135 -0.776190
v -1.428800 0.367223 -0.753605
v -1.396987 0.273166 -0.753178
v -1.453309 1.104487 -0.765527
v -1.443737 0.718382 -0.813630
v -1.404962 0.474119 -0.798896
v -1.305921 0.183313 -0.785026
v -1.214168 0.072128 -0.782800
v -1.441792 0.976057 -0.798507
v -1.437811 0.836761 -0.816202
v -1.357643 0.369761 -0.813100
v -1.304165 0.285300 -0.827710
v -1.380189 1.588069 -0.783850
v -1.366625 1.505084 -0.812255
v -1.440080 0.582013 -0.810163
v -1.367498 0.520030 -0.856327
v -1.219286 0.240585 -0.864581
v -1.195589 0.175384 -0.848504
v -1.115303 0.122088 -0.861996
v -1.061143 0.053706 -0.845768
v -1.364107 1.618071 -0.814257
v -1.368796 1.365428 -0.815332
v -1.390837 1.103896 -0.835652
v -1.309684 0.434088 -0.860227
v -1.284355 0.380027 -0.868631
v -1.355305 1.566315 -0.817372
v -1.345678 0.944044 -0.901722
v -1.333919 0.692132 -0.917196
v -1.326845 0.574005 -0.911048
v -1.274772 0.501669 -0.924792
v -1.178661 0.355538 -0.926927
v -1.118479 0.200281 -0.898693
v -0.916855 0.000096 -0.863783
v -1.308965 1.364191 -0.878017
v -1.330761 0.814519 -0.921889
v -1.251564 0.440548 -0.899770
v -1.237312 0.403332 -0.904018
v -0.957855 0.127578 -0.927285
v -1.299213 1.624140 -0.895419
v -1.296961 1.526446 -0.883473
v -1.319920 1.075598 -0.911795
v -1.232558 0.446436 -0.928439
v -1.090387 0.320585 -0.960006
v -1.006869 0.219378 -0.954607
v -0.815302 0.084617 -0.946889
v -1.308088 1.583603 -0.874832
v -1.230020 0.688038 -0.999045
v -1.202445 0.542544 -0.991857
v -1.167588 0.462019 -0.979524
v -1.149752 0.419345 -0.957967
v -0.982531 0.305116 -1.000124
v -0.719012 0.000161 -0.920310
v -1.288862 1.701298 -0.922984
v -1.280085 1.570456 -0.894361
v -1.243946 1.338995 -0.945825
v -1.194456 0.591406 -1.010648
v -1.222392 1.532902 -0.955602
v -1.201703 1.371272 -0.981293
v -1.220237 1.123843 -0.996728
v -1.237514 0.948134 -0.997429
v -1.200450 0.815881 -1.028303
v -1.088750 0.434008 -0.992111
v -1.069931 0.403409 -0.994934
v -0.838866 0.200305 -1.002138
v -1.185175 1.472662 -0.993993
v -1.107763 0.483851 -1.025414
v -1.075801 0.440417 -1.022448
v -0.942899 0.407163 -1.050830
v -0.867268 0.298620 -1.038232
v -1.254879 1.735410 -0.965819
v -1.239016 1.584997 -0.956719
v -1.097445 0.683930 -1.087485
v -1.087257 0.569838 -1.071908
v -1.183482 1.707360 -1.040622
v -1.230090 1.623693 -0.974977
v -1.201613 1.573345 -0.971095
v -0.989034 0.478853 -1.085267
v -0.961651 0.434411 -1.049870
v -0.853443 0.404184 -1.083217
v -0.554863 0.197190 -1.079236
v -1.118211 1.143425 -1.079528
v -1.147554 0.984065 -1.067277
v -1.092798 0.923131 -1.108337
v -1.053506 0.856845 -1.133275
v -0.979889 0.565851 -1.127682
v -0.960275 0.445934 -1.082191
v -0.658840 0.270304 -1.088430
v -1.196190 1.741337 -1.029925
v -1.105313 1.367730 -1.066212
v -0.903242 0.470399 -1.120507
v -0.873745 0.429901 -1.083470
v -0.739648 0.416432 -1.126996
v -1.118873 2.062054 -1.079294
v -1.170221 1.588265 -1.033548
v -1.141691 1.538567 -1.029513
v -1.006744 0.802263 -1.157734
v -0.874126 0.440167 -1.117313
v -0.758305 0.438787 -1.127930
v -0.682183 0.352286 -1.120052
v -1.161235 1.625894 -1.050402
v -1.122403 1.577037 -1.042239
v -0.879290 0.699152 -1.211841
v -0.861548 0.566646 -1.184266
v -0.663878 0.416748 -1.152905
v -0.467626 0.149946 -1.075218
v -1.098013 1.750625 -1.133127
v -1.047530 1.534876 -1.112970
v -1.056363 1.490236 -1.107276
v -1.064519 1.088171 -1.125483
v -0.991648 1.036713 -1.178514
v -0.955803 0.738875 -1.178854
v -0.753808 0.563645 -1.230964
v -0.564529 0.331877 -1.148912
v -1.125425 1.726525 -1.104363
v -1.083722 1.582236 -1.123146
v -1.020362 1.365682 -1.136697
v -0.845116 0.645165 -1.215083
v -0.792686 0.475191 -1.169302
v -0.769035 0.451323 -1.166435
v -0.682844 0.438601 -1.154279
v -0.441826 0.244377 -1.141422
v -1.075244 1.618697 -1.138344
v -0.914912 0.873148 -1.219530
v -0.655500 0.573743 -1.278967
v -0.718192 0.472859 -1.198430
v -0.593463 0.415691 -1.177837
v -1.074660 1.913261 -1.143719
v -0.950204 1.192024 -1.201877
v -0.694439 0.449062 -1.195161
v -0.612522 0.437281 -1.179228
v -1.029379 1.572087 -1.124607
v -0.826185 0.787925 -1.255895
v -0.655518 0.678769 -1.313636
v -1.017496 1.588532 -1.188498
v -0.973103 1.543518 -1.173385
v -0.941178 1.366947 -1.197039
v -0.919287 1.030036 -1.225682
v -0.647397 0.468591 -1.225755
v -0.625041 0.446754 -1.222253
v -0.547528 0.434817 -1.203201
v -0.528280 0.413785 -1.201810
v -0.460036 0.354649 -1.199491
v -0.361515 0.302991 -1.208371
v -1.018136 1.706628 -1.207049
v -1.009083 1.622288 -1.202133
v -1.044748 2.030812 -1.161231
v -0.581540 0.464328 -1.251757
v -0.559954 0.443223 -1.247915
v -0.468445 0.437913 -1.237675
v -0.996954 1.743759 -1.229996
v -0.956750 1.579455 -1.182222
v 0.714996 0.067763 0.058678
v 0.668828 0.000058 0.045100
v 0.751576 0.085080 0.017982
v 0.812683 0.095445 -0.043078
v 0.815762 0.051195 -0.091376
v 0.864743 0.050331 -0.141982
v 0.849319 0.000078 -0.192890
v 0.917715 0.045787 -0.195017
v 0.914495 0.000120 -0.261359
v 1.087542 0.054143 -0.291449
v 1.004912 0.000247 -0.347304
v 1.099934 0.024885 -0.350852
v 1.231752 0.027487 -0.390742
v 1.317423 0.016378 -0.460385
v 1.352388 0.013362 -0.739336
v 1.230009 0.024540 -0.827324
v 1.367046 0.057051 -0.873326
v 0.805186 0.028228 -0.862272
v 0.858384 0.035203 -0.869684
v 1.128031 0.032673 -0.866069
v 1.014051 0.050009 -0.911872
v 1.420598 0.099262 -0.943627
v 1.274769 0.082495 -0.960346
v 0.626127 0.087198 -1.030929
v 0.723031 0.120720 -1.070707
v 1.119705 0.085351 -0.990972
v 0.668479 0.110953 -1.063219
v 0.846208 0.148843 -1.137128
v 1.442700 0.168936 -1.055416
v 1.182341 0.142805 -1.098533
v 1.312637 0.160749 -1.096054
v 0.414403 0.049450 -1.059823
v 1.494211 0.247859 -1.138630
v 0.436811 0.094904 -1.131552
v 0.885998 0.188419 -1.222335
v 1.392154 0.245195 -1.190049
v -0.080961 0.060932 -1.103471
v -0.009553 0.026051 -1.079671
v 0.190197 0.040997 -1.104659
v 0.316307 0.074092 -1.137573
v 0.864597 0.222873 -1.292913
v 1.522588 0.304163 -1.185141
v 1.305639 0.223693 -1.197608
v 0.036783 0.076836 -1.143995
v 0.129318 0.060312 -1.134065
v 1.539137 0.365711 -1.233822
v 0.612482 0.193892 -1.261518
v 1.434533 0.313480 -1.249912
v -0.043917 0.120476 -1.177341
v 1.146587 0.208613 -1.221170
v 1.132209 0.259687 -1.302476
v 1.314156 0.281382 -1.270170
v 0.288759 0.159518 -1.290200
v 0.374732 0.179727 -1.309062
v 0.565905 0.211020 -1.307240
v -0.392064 0.610215 1.633465
v -0.476325 0.555087 1.589559
v -0.425859 0.556805 1.622968
v 0.075841 0.178489 -1.295900
v 0.175216 0.182509 -1.323281
v -0.508607 0.535394 1.572443
v -0.618528 0.512654 1.504296
v -0.767980 0.493926 1.408946
v -0.760212 0.474923 1.418336
v 1.462630 0.444877 -1.251091
v -0.843429 0.488529 1.359909
v -0.121641 0.168232 -1.202479
v 0.231356 0.171716 -1.311073
v 0.894791 0.256904 -1.346237
v -0.837808 0.430254 1.376586
v -0.799267 0.400117 1.409169
v -0.917007 0.486336 1.311407
v -0.904631 0.435421 1.330948
v -0.878541 0.412646 1.353374
v -0.988637 0.486941 1.263581
v -0.974768 0.438437 1.283580
v -0.952310 0.418563 1.302944
v -1.058267 0.490191 1.216499
v -1.045510 0.441874 1.235717
v -1.024158 0.423439 1.254025
v -0.207032 0.220021 -1.216901
v -0.003914 0.200518 -1.294101
v 0.549596 0.234527 -1.353806
v -0.816947 0.305656 1.418128
v -1.125769 0.496144 1.170233
v -1.117424 0.445407 1.187051
v -1.094191 0.428308 1.206315
v -0.904284 0.249263 1.372415
v -1.218732 0.508266 1.105647
v -1.203269 0.394644 1.141162
v 0.665611 0.262336 -1.389000
v -1.270096 0.400327 1.095406
v -1.053710 0.236279 1.275871
v -1.360876 0.539321 1.004111
v -1.295587 0.377386 1.082517
v -1.257786 0.329850 1.119134
v -1.162781 0.268483 1.196094
v -0.008167 2.923542 1.375581
v -0.261355 0.255033 -1.220457
v -1.549840 2.865060 0.362145
v -1.461831 3.337154 0.315892
v -1.592093 2.812792 0.346425
v 1.090814 3.962808 -1.128024
v 1.074798 3.976987 -1.130972
v 1.125092 3.927011 -1.210698
v 1.050825 3.954457 -1.156409
v 1.033417 3.968579 -1.159034
v 1.092832 3.927924 -1.227760
v 1.098409 3.942066 -1.208972
v 1.020932 3.956270 -1.171745
v 1.058583 3.878001 -1.288634
v 1.064959 3.943301 -1.224575
v 1.002396 3.969732 -1.173863
v 0.961573 4.002215 -1.172338
v 0.926839 4.032657 -1.163265
v 1.039199 3.938422 -1.241774
v 0.989626 3.956849 -1.186659
v 0.970344 3.969664 -1.188457
v 1.023285 3.927581 -1.260005
v 0.926073 4.069775 -1.130139
v 0.957009 3.956134 -1.201112
v 0.916610 3.979022 -1.203582
v 0.983635 3.832723 -1.347124
v 0.961059 3.937242 -1.271842
v 0.966172 3.954089 -1.250510
v 0.881019 3.977337 -1.216444
v 0.842944 4.066666 -1.156638
v 0.946814 3.894186 -1.312806
v 0.902286 3.965640 -1.215965
v 0.931213 3.950711 -1.266361
v 0.808838 4.019613 -1.206709
v 0.902710 3.942055 -1.283091
v 0.858973 3.964931 -1.230138
v 0.869479 4.089331 -1.122610
v 0.920197 3.789477 -1.389074
v 0.743724 4.066603 -1.178416
v 0.834989 3.871133 -1.353556
v 0.883313 3.929010 -1.299651
v 0.830770 3.956555 -1.241871
v 0.786176 3.975667 -1.241635
v 0.828874 3.950274 -1.290873
v 0.851600 3.646276 -1.470182
v 0.819990 3.758030 -1.422433
v 0.816914 3.932963 -1.309009
v 0.771657 3.959965 -1.254052
v 0.751643 3.934116 -1.318836
v 0.724388 3.979352 -1.253151
v 0.669266 4.064767 -1.195742
v 0.763113 3.952532 -1.299942
v 0.794556 3.579208 -1.502400
v 0.712225 3.962186 -1.265558
v 0.678765 3.847048 -1.388565
v 0.667294 3.941153 -1.325073
v 0.566330 4.070663 -1.215237
v 0.697514 3.953702 -1.308566
v 0.666422 3.979676 -1.264319
v 0.737818 3.528324 -1.524527
v 0.673539 3.728069 -1.451472
v 0.580596 3.925818 -1.349104
v 0.645986 3.926247 -1.339584
v 0.652036 3.962875 -1.277520
v 0.628657 3.972379 -1.276682
v 0.577444 4.026542 -1.251804
v 0.615129 3.955041 -1.289999
v 0.596147 3.691821 -1.474284
v 0.593550 3.812990 -1.417018
v 0.594975 3.946439 -1.331097
v 0.646958 3.453365 -1.553952
v 0.569827 3.973853 -1.289439
v 0.555621 3.956435 -1.302920
v 0.463510 4.069675 -1.249607
v 0.663091 3.338025 -1.583664
v 0.515478 3.927894 -1.356817
v 0.530722 3.947817 -1.339870
v 0.380941 4.066435 -1.277743
v 0.421290 3.882851 -1.397648
v 0.502438 3.963781 -1.312436
v 0.431439 3.590179 -1.525739
v 0.467199 3.944160 -1.353086
v 0.369544 4.033699 -1.304293
v 0.478272 3.388425 -1.582677
v 0.426442 3.693783 -1.487364
v 0.451340 3.976337 -1.318075
v 0.408221 3.797994 -1.443147
v 0.435933 3.958880 -1.331160
v 0.390665 3.977318 -1.332690
v 0.419720 3.473853 -1.562594
v 0.404574 3.949639 -1.356858
v 0.398747 4.097824 -1.241997
v 0.381717 3.926949 -1.374507
v 0.375379 3.958682 -1.344789
v 0.468961 3.254309 -1.614295
v 0.330242 3.970480 -1.347456
v 0.290597 4.070552 -1.292932
v 0.308981 3.907791 -1.390914
v 0.287546 4.016015 -1.328949
v 0.387490 3.343771 -1.597679
v 0.309861 3.741747 -1.471548
v 0.310537 3.820188 -1.436359
v 0.319928 3.501032 -1.556784
v 0.327362 3.617078 -1.519641
v 0.277508 3.959295 -1.359460
v 0.357884 3.192889 -1.630984
v 0.233798 3.987056 -1.347942
v 0.205716 4.054956 -1.309431
v 0.302644 3.405052 -1.582680
v 0.230165 3.956122 -1.359039
v 0.298132 3.305301 -1.606743
v 0.217486 3.799682 -1.441230
v 0.227419 3.868161 -1.409085
v 0.241391 3.593116 -1.523881
v 0.242559 3.683555 -1.491625
v 0.210653 3.931672 -1.371908
v 0.201550 3.960677 -1.361077
v 0.126657 4.065820 -1.292981
v 0.252273 3.210856 -1.624204
v 0.226566 3.482583 -1.556799
v 0.151787 3.941835 -1.356860
v 0.125204 3.970486 -1.348391
v 0.121070 4.015522 -1.323807
v 0.191816 3.359129 -1.585819
v 0.165234 3.701940 -1.474977
v 0.156949 3.835473 -1.415227
v 0.114178 3.890298 -1.377326
v 0.201097 3.131819 -1.633745
v 0.149840 3.522412 -1.534380
v 0.070185 3.944652 -1.330867
v 0.058690 4.052147 -1.280320
v 0.236629 3.079095 -1.646246
v 0.156224 3.254834 -1.603831
v 0.109533 3.644325 -1.484931
v 0.089505 3.768345 -1.430134
v 0.063696 3.889560 -1.360778
v 0.059318 3.969248 -1.330842
v 0.047826 3.786718 -1.407056
v 0.012941 4.068066 -1.241495
v 0.041279 4.096532 -1.232094
v 0.108805 3.237436 -1.597741
v -0.005035 3.956798 -1.307944
v 0.183235 2.881409 -1.635346
v 0.129988 3.025004 -1.639135
v 0.108272 3.129997 -1.618229
v 0.102485 3.369113 -1.566283
v 0.070756 3.601046 -1.489676
v -0.014436 3.927464 -1.295825
v -0.010280 3.977308 -1.291897
v -0.027127 4.022811 -1.249045
v 0.167335 2.854488 -1.636825
v 0.160062 2.893438 -1.645673
v 0.070529 3.462167 -1.533327
v -0.010386 3.832652 -1.355955
v -0.035963 4.064615 -1.205558
v 0.092317 3.002045 -1.631729
v 0.033394 3.329643 -1.557209
v 0.021445 3.631471 -1.461555
v -0.023093 3.748402 -1.391221
v -0.018878 3.950267 -1.276263
v -0.064700 3.956506 -1.267770
v -0.081810 4.067403 -1.154987
v 0.125352 2.874743 -1.622166
v 0.118636 2.915274 -1.637930
v 0.046151 3.062515 -1.613830
v 0.022066 3.481837 -1.512135
v -0.063255 3.857377 -1.307188
v -0.097630 4.013504 -1.193135
v 0.110585 2.847540 -1.622359
v 0.103858 2.885371 -1.634205
v 0.037115 3.234649 -1.579530
v -0.037855 3.632903 -1.433629
v -0.068607 3.974103 -1.251547
v -0.104756 3.973968 -1.219835
v 0.077751 2.691752 -1.629010
v 0.065961 2.802587 -1.613744
v 0.067953 2.903826 -1.626173
v -0.045416 3.521038 -1.470425
v -0.092186 3.658129 -1.392118
v -0.096739 3.752214 -1.343597
v -0.117224 3.859913 -1.262323
v -0.070942 3.928704 -1.251384
v -0.073579 3.946890 -1.233436
v -0.101919 3.957190 -1.235051
v -0.168468 4.023542 -1.073512
v -0.215595 3.969919 -1.058500
v -0.240848 3.956999 -1.020297
v -0.187437 3.971912 -1.113302
v -0.228542 3.959143 -1.046502
v -0.222297 3.948604 -1.012460
v -0.235164 3.938243 -1.002397
v -0.171859 3.970621 -1.141209
v -0.201940 3.971303 -1.085515
v -0.215444 3.960794 -1.073430
v -0.210139 3.950258 -1.037634
v -0.223376 3.939779 -1.027324
v -0.201447 3.961471 -1.100923
v -0.197403 3.951340 -1.063854
v -0.211009 3.940804 -1.053143
v -0.186458 3.960688 -1.128794
v -0.183921 3.950855 -1.090514
v -0.197975 3.940917 -1.079928
v -0.139615 3.974798 -1.180766
v -0.170406 3.958060 -1.157023
v -0.169716 3.948837 -1.118093
v -0.184157 3.939363 -1.107106
v -0.137404 3.960681 -1.196761
v -0.139385 3.954371 -1.159080
v -0.169581 3.936284 -1.135247
v -0.283160 3.820567 -1.098719
v -0.107248 3.951545 -1.196651
v -0.138625 3.938143 -1.175072
v -0.105818 3.934605 -1.215006
v -0.307931 3.758350 -1.136058
v -0.195836 3.833112 -1.205541
v -0.376649 3.763995 -1.022889
v -0.385286 3.699296 -1.095305
v -0.320457 3.704030 -1.173784
v -0.278357 3.693182 -1.228116
v -0.196300 3.717337 -1.287282
v -0.455749 3.639591 -1.089816
v -0.395776 3.624073 -1.159941
v -0.448899 3.577947 -1.152276
v -0.240023 3.574592 -1.329153
v -0.291405 3.582453 -1.285892
v -0.394059 3.519753 -1.236842
v -0.117462 3.574584 -1.410798
v -0.405084 3.538722 -1.215641
v -0.458101 3.522804 -1.188301
v -0.239136 3.461316 -1.377374
v -0.129654 3.460947 -1.444918
v -0.299804 3.464314 -1.336689
v -0.399122 3.419353 -1.287557
v -0.565719 3.422786 -1.186651
v -0.638170 3.422760 -1.137822
v -0.468350 3.433737 -1.238284
v -0.101012 3.404067 -1.478897
v -0.251076 3.322726 -1.416723
v -0.447112 3.358984 -1.287903
v -0.391452 3.318032 -1.334691
v -0.642185 3.322695 -1.198705
v -0.381652 3.246041 -1.365189
v -0.604698 3.284208 -1.242150
v -0.716208 3.264635 -1.179562
v -0.057027 3.301082 -1.528829
v -0.455251 3.271776 -1.320447
v -0.134631 3.255898 -1.500360
v -0.581413 3.203121 -1.290879
v -0.018832 3.137339 -1.579378
v -0.256560 3.193828 -1.447481
v -0.432879 3.209567 -1.352557
v -0.701567 3.165890 -1.240351
v -0.100683 3.127101 -1.545505
v -0.386034 3.154186 -1.389092
v -0.771723 3.160282 -1.191001
v -0.262180 3.092785 -1.466236
v -0.574623 3.062181 -1.343507
v -0.664054 3.098787 -1.290042
v -0.365471 3.082854 -1.416432
v -0.453174 3.057550 -1.389213
v -0.625041 3.075316 -1.317536
v -0.777176 3.061806 -1.232705
v -0.047856 3.022008 -1.586695
v -0.123830 3.023854 -1.551451
v -0.276504 3.018509 -1.471887
v -0.370815 3.031474 -1.424814
v -0.747460 3.024047 -1.268281
v -0.842313 3.047024 -1.183573
v -0.345771 2.979216 -1.440271
v -0.420172 2.999424 -1.411151
v -0.583260 3.001054 -1.355317
v -0.630692 3.008887 -1.334654
v -0.688444 3.011725 -1.306217
v -0.817792 3.007239 -1.220621
v -0.895897 2.994828 -1.148049
v -0.441260 2.922400 -1.411790
v -0.594918 2.899409 -1.365827
v -0.773203 2.906623 -1.276169
v -0.857996 2.900418 -1.209168
v -0.025056 2.912042 -1.597075
v -0.102042 2.913503 -1.563962
v -0.233203 2.911875 -1.496816
v -0.343193 2.912701 -1.444123
v 0.004318 2.873277 -1.581012
v -0.082743 2.874675 -1.537300
v -0.217500 2.872339 -1.459394
v -0.308315 2.873696 -1.411014
v -0.402781 2.882441 -1.376084
v -0.454283 2.885000 -1.410790
v -0.715727 2.905939 -1.310499
v -0.922340 2.888181 -1.142350
v -0.045460 2.816682 -1.565523
v -0.112522 2.819471 -1.529203
v -0.267826 2.820423 -1.438745
v -0.345109 2.829813 -1.405523
v -0.418451 2.845555 -1.379996
v -0.553228 2.859762 -1.336972
v -0.669185 2.866859 -1.288131
v -0.748286 2.866805 -1.244255
v -0.819370 2.862019 -1.194432
v -0.528944 2.768857 -1.363460
v -0.599536 2.784994 -1.337726
v -0.662141 2.813356 -1.306216
v -0.745408 2.785114 -1.270887
v -0.802391 2.805881 -1.227034
v -0.863188 2.768878 -1.189869
v -0.002235 2.697695 -1.597775
v -0.100312 2.705689 -1.548340
v -0.274831 2.744839 -1.444118
v -0.308023 2.692823 -1.436904
v -0.392685 2.731635 -1.406217
v -0.688677 2.694408 -1.321285
v -0.924270 2.676980 -1.159336
v -0.259360 2.600744 -1.465043
v -0.565587 2.653107 -1.372929
v -0.802255 2.645339 -1.269450
v -0.854923 2.650658 -1.230012
v -0.052040 2.615051 -1.580918
v -0.388762 2.599554 -1.423685
v -0.649000 2.597246 -1.354563
v -0.761025 2.611112 -1.301872
v 0.007132 2.546165 -1.612433
v -0.120581 2.555172 -1.547573
v -0.550233 2.565767 -1.389655
v -0.223076 2.484111 -1.491262
v -0.716709 2.504776 -1.342248
v -0.938567 2.525520 -1.185236
v -0.053965 2.402522 -1.591455
v -0.304594 2.447669 -1.460221
v -0.392548 2.435923 -1.439253
v -0.543217 2.385996 -1.412715
v -0.656747 2.451611 -1.373304
v -0.884743 2.501452 -1.239229
v -0.588944 2.394696 -1.400252
v -0.778227 2.456455 -1.319321
v -0.832778 2.478364 -1.282813
v -0.947540 2.448408 -1.192812
v 0.043034 2.349424 -1.636009
v -0.228868 2.371684 -1.494665
v -0.703034 2.421349 -1.359891
v -0.002817 2.374076 -1.616108
v -0.104107 2.349194 -1.566640
v -0.240885 2.203322 -1.500146
v -0.312176 2.172075 -1.478678
v -0.909563 2.351484 -1.246233
v -0.960707 2.266541 -1.212818
v -0.963554 2.139306 -1.228047
v -0.926233 2.162331 -1.259021
v -1.011531 1.910432 -1.206352
v -0.938164 1.977757 -1.267412
v -0.869323 2.121840 -1.306967
v -0.878050 1.960053 -1.314297
v -0.901582 1.831083 -1.305432
v -0.737506 2.229905 -1.367674
v -0.821021 1.991114 -1.347705
v -0.919019 1.735015 -1.294523
v -0.938478 1.608674 -1.260713
v -0.751546 2.079018 -1.375180
v -0.899264 1.492137 -1.229536
v -0.665030 2.214775 -1.396131
v -0.826960 1.784137 -1.354852
v -0.857175 1.603073 -1.320918
v -0.839113 1.730147 -1.348301
v -0.752013 1.853134 -1.389202
v -0.806485 1.559694 -1.290098
v -0.695658 2.005116 -1.402115
v -0.858685 1.372844 -1.253257
v -0.769349 1.603608 -1.371115
v -0.789704 1.459072 -1.299456
v -0.618232 2.108755 -1.418720
v -0.757342 1.728777 -1.390123
v -0.661231 1.867456 -1.421966
v -0.742404 1.560583 -1.324117
v -0.771638 1.372401 -1.306298
v -0.518789 2.145765 -1.438808
v -0.555573 1.979907 -1.443297
v -0.707855 1.732922 -1.410660
v -0.855570 1.184222 -1.263228
v -0.667466 1.565490 -1.356589
v -0.609524 1.749560 -1.442260
v -0.700139 1.482461 -1.344536
v -0.695786 1.370495 -1.343692
v -0.844632 1.017704 -1.269583
v -0.640148 1.616876 -1.424238
v -0.355551 2.135166 -1.470681
v -0.614609 1.496416 -1.377377
v -0.734750 1.169897 -1.331937
v -0.558935 1.713541 -1.454677
v -0.383222 1.910217 -1.481833
v -0.517184 1.763131 -1.464026
v -0.560292 1.579892 -1.390520
v -0.550728 1.539753 -1.396840
v -0.599219 1.365786 -1.381745
v -0.669174 1.148406 -1.363159
v -0.811376 0.892480 -1.278482
v -0.586397 1.624563 -1.440408
v -0.689523 1.033024 -1.352649
v -0.571196 1.583662 -1.442171
v -0.577227 1.195949 -1.398482
v -0.670582 0.912047 -1.352946
v -0.503348 1.548008 -1.409115
v -0.501504 1.372858 -1.412621
v -0.621093 0.818049 -1.363388
v -0.269322 2.092627 -1.497789
v -0.564715 1.071510 -1.406422
v -0.366784 1.621581 -1.492773
v -0.573531 0.760685 -1.375403
v -0.560706 0.916417 -1.403068
v -0.380383 1.738218 -1.494187
v -0.351660 1.577487 -1.445108
v -0.341614 1.537209 -1.451491
v -0.455600 1.201046 -1.438958
v -0.291562 1.755654 -1.517132
v -0.376645 1.441361 -1.446385
v -0.128277 2.024143 -1.562958
v -0.355620 1.369673 -1.455148
v -0.405374 1.010796 -1.465122
v -0.276685 1.704420 -1.522145
v -0.352152 1.581674 -1.494578
v -0.420134 0.922602 -1.459019
v -0.512959 0.809705 -1.411842
v -0.534808 0.666161 -1.370809
v -0.552543 0.572325 -1.327479
v -0.137695 1.871314 -1.566194
v -0.202191 1.766603 -1.546932
v -0.266731 1.549322 -1.475927
v -0.270631 1.372404 -1.484228
v -0.363530 1.199620 -1.469376
v -0.205100 1.599777 -1.541551
v -0.366390 1.062470 -1.478257
v -0.405932 0.866589 -1.462488
v -0.430542 0.669067 -1.421384
v -0.413000 0.795225 -1.453032
v -0.421329 0.731954 -1.439684
v -0.168866 1.716578 -1.561107
v -0.151158 1.561436 -1.520535
v -0.188033 1.482159 -1.511295
v -0.282343 1.176001 -1.501823
v -0.412805 0.594447 -1.407983
v -0.033338 2.110499 -1.610356
v -0.077599 1.738617 -1.597935
v -0.415171 0.542851 -1.383587
v -0.396366 0.463261 -1.343558
v -0.432336 0.449668 -1.313648
v -0.419372 0.441483 -1.261823
v -0.104377 1.364380 -1.550375
v -0.189810 1.012063 -1.551508
v -0.227949 0.934407 -1.539123
v -0.214412 0.845355 -1.544221
v -0.222119 0.758219 -1.535140
v -0.038079 1.613086 -1.604494
v -0.156521 1.126627 -1.555963
v -0.268719 0.642713 -1.495036
v -0.244007 0.573631 -1.488407
v -0.247895 0.539691 -1.471663
v -0.400789 0.441781 -1.324771
v -0.369135 0.381509 -1.255200
v -0.043363 1.739233 -1.613474
v -0.051183 1.506722 -1.566626
v -0.350433 0.441071 -1.300312
v -0.357173 0.420494 -1.286107
v -0.204043 0.684314 -1.532848
v -0.249757 0.457834 -1.422085
v -0.299675 0.321792 -1.253888
v 0.012990 1.575109 -1.592683
v -0.015655 1.359610 -1.584376
v -0.229424 0.436303 -1.372672
v -0.083623 1.125361 -1.582168
v -0.122900 0.957355 -1.578820
v -0.199308 0.386821 -1.362305
v 1.150621 3.821185 -1.289848
v 1.086025 3.806991 -1.329575
v 1.060078 3.749667 -1.375719
v 1.135103 3.726515 -1.360639
v 1.066020 3.672053 -1.414713
v 1.083902 3.558281 -1.460052
v 1.000531 3.591357 -1.468035
v 1.120597 3.406911 -1.503332
v 1.030906 3.422652 -1.520881
v 0.943727 3.504740 -1.510331
v 0.905361 3.415565 -1.543669
v -0.162364 0.275978 -1.295681
v -0.170968 0.419418 -1.396689
v -0.048182 0.298463 -1.376018
v -0.086165 0.373650 -1.414045
v -0.194827 0.468968 -1.456664
v -0.201514 0.446125 -1.438118
v -0.163685 0.440437 -1.410262
v 0.059602 0.239640 -1.364064
v -0.150581 0.518010 -1.503956
v -0.040839 0.417659 -1.459795
v 0.005533 0.332181 -1.426761
v 0.073065 0.284654 -1.412872
v 0.136592 0.230506 -1.375466
v -0.065624 0.444869 -1.494881
v 0.020917 0.384719 -1.467925
v -0.089579 0.562032 -1.547635
v -0.057891 0.471200 -1.513612
v -0.032390 0.440515 -1.472875
v 0.091326 0.334711 -1.458957
v -0.109337 0.613448 -1.554608
v 0.163072 0.293174 -1.443753
v 0.219709 0.264076 -1.424994
v 0.287516 0.227334 -1.387180
v -0.133151 0.727965 -1.566246
v 0.072595 0.432287 -1.509483
v 0.104146 0.396401 -1.501385
v 0.164835 0.349249 -1.487161
v 0.386787 0.240822 -1.394596
v 0.376680 0.282104 -1.443728
v 0.528156 0.273715 -1.415157
v -0.122350 0.000048 1.469976
v -0.000979 0.000037 1.430089
v 0.220885 0.000044 1.285543
v -1.663532 0.000055 0.090710
v -1.667164 0.000098 -0.047828
v -1.604989 0.000081 -0.290417
v -1.490905 0.000081 -0.487011
v -1.348313 0.000055 -0.641198
v -1.131094 0.000056 -0.778192
v -1.013811 0.000052 -0.829365
v 0.636592 0.000052 0.125967
v 0.756915 0.000117 -0.081154
v 1.079359 0.000071 -0.410109
v 0.903630 0.000127 -0.769234
v 1.275898 0.000115 -0.505932
v 1.289202 0.000000 -0.712691
v 1.128461 0.000073 -0.759736
v 0.699565 0.000090 -0.842427
v 0.393184 0.000063 -0.989259
v 0.267367 0.000324 -1.031789
v 0.166255 0.000064 -1.051672
v -0.144297 0.000052 -1.038845
v 0.072357 0.000168 -1.056511
vn 0.7123 -0.2802 0.6435
vn -0.3359 -0.1641 -0.9275
vn 0.9698 0.0257 0.2426
vn -0.7448 -0.3513 0.5673
vn -0.1177 -0.6056 -0.7871
vn -0.2108 -0.8397 -0.5005
vn -0.0099 0.6351 0.7724
vn -0.3937 -0.3388 -0.8545
vn -0.6735 -0.3655 0.6426
vn -0.7466 0.5848 -0.3172
vn 0.6062 -0.7376 -0.2975
vn -0.1120 -0.8201 0.5612
vn -0.1461 -0.8230 0.5489
vn -0.1818 -0.8281 0.5303
vn -0.2105 -0.8274 0.5206
vn -0.9195 -0.2122 0.3309
vn 0.2980 -0.7271 -0.6185
vn 0.4012 0.3202 0.8582
vn 0.3513 0.8731 -0.3381
vn 0.5218 0.4788 0.7060
vn 0.4953 0.5153 0.6994
vn 0.5802 0.4583 0.6733
vn 0.5169 0.5777 0.6317
vn 0.5735 0.5488 0.6082
vn 0.5964 0.4686 0.6517
vn 0.5981 0.4731 0.6469
vn 0.5668 0.5391 0.6230
vn 0.6499 0.4213 0.6326
vn 0.5831 0.5447 0.6027
vn 0.2892 -0.2388 -0.9270
vn 0.6507 0.4825 0.5862
vn 0.6517 0.4846 0.5835
vn 0.6360 0.5264 0.5642
vn -0.5063 -0.7636 0.4007
vn 0.6352 0.5553 0.5367
vn -0.9194 -0.2122 0.3311
vn -0.4739 -0.7709 0.4257
vn 0.6330 0.5543 0.5404
vn -0.6098 -0.1278 0.7822
vn 0.4935 0.4368 0.7521
vn 0.6935 0.3990 0.5999
vn 0.7114 0.4160 0.5664
vn 0.7077 0.4382 0.5542
vn 0.7099 0.4479 0.5435
vn 0.7034 0.4689 0.5342
vn 0.6701 0.5410 0.5081
vn 0.6566 0.5495 0.5165
vn 0.6586 0.4366 0.6129
vn 0.7071 0.4871 0.5126
vn 0.6773 0.6026 0.4220
vn 0.7372 0.3792 0.5592
vn 0.6262 0.5963 0.5023
vn 0.6948 0.3996 0.5980
vn 0.7424 0.4054 0.5334
vn 0.6726 0.5825 0.4564
vn 0.1286 0.7829 -0.6087
vn 0.7240 0.4975 0.4777
vn 0.7135 0.5508 0.4331
vn 0.6963 0.3978 0.5974
vn 0.6413 0.5864 0.4949
vn 0.9449 -0.0021 -0.3273
vn 0.7130 0.5500 0.4348
vn 0.6850 0.6107 0.3973
vn 0.5776 0.7105 0.4019
vn 0.5097 -0.6785 0.5289
vn 0.6086 -0.7572 0.2372
vn 0.7466 0.4134 0.5212
vn 0.7431 0.4417 0.5028
vn 0.6811 0.5812 0.4454
vn 0.3427 -0.7415 0.5769
vn 0.2920 -0.7242 0.6246
vn 0.5791 0.0234 0.8149
vn 0.5971 0.5523 0.5818
vn 0.7442 0.4839 0.4604
vn 0.7207 0.6553 0.2264
vn 0.5792 0.0234 0.8149
vn 0.5892 0.0170 0.8078
vn 0.5797 0.0232 0.8145
vn 0.7302 0.2864 0.6203
vn 0.7199 0.3261 0.6127
vn 0.7469 0.4662 0.4741
vn 0.7481 0.4950 0.4419
vn 0.7408 0.5339 0.4076
vn 0.5361 0.7111 0.4549
vn 0.5784 0.0237 0.8154
vn 0.5794 0.0235 0.8147
vn 0.5767 0.0268 0.8165
vn 0.5600 -0.1259 0.8188
vn 0.5771 0.0232 0.8163
vn 0.5770 0.0242 0.8164
vn 0.5821 0.0257 0.8127
vn 0.6357 0.5289 0.5623
vn 0.2865 -0.8469 0.4480
vn 0.7347 0.4189 0.5336
vn 0.7293 0.4344 0.5287
vn 0.7410 0.5348 0.4060
vn 0.6914 0.6279 0.3574
vn 0.5788 0.0233 0.8151
vn 0.5798 0.0230 0.8144
vn 0.5769 0.0246 0.8165
vn 0.5796 0.0241 0.8146
vn 0.5793 0.0238 0.8148
vn 0.5791 0.0236 0.8149
vn 0.5790 0.0236 0.8150
vn 0.5788 0.0235 0.8151
vn 0.5806 0.0241 0.8138
vn 0.7494 0.1858 0.6355
vn 0.7431 0.2367 0.6259
vn 0.7333 0.2800 0.6196
vn 0.5573 0.0334 0.8297
vn 0.5795 0.0234 0.8146
vn 0.5801 0.0238 0.8142
vn 0.7502 0.1916 0.6328
vn 0.7425 0.2275 0.6301
vn 0.7002 0.3912 0.5972
vn 0.6773 0.4686 0.5671
vn 0.4363 -0.7957 0.4201
vn 0.7274 0.5906 0.3494
vn 0.6034 0.7287 0.3239
vn 0.5792 0.0233 0.8148
vn 0.5793 0.0233 0.8148
vn 0.5520 0.0381 0.8330
vn 0.5749 0.0241 0.8179
vn 0.5786 0.0237 0.8152
vn 0.5563 0.0586 0.8289
vn 0.5892 0.0234 0.8077
vn 0.7571 0.1499 0.6358
vn 0.7169 0.3424 0.6072
vn 0.6924 0.6451 0.3233
vn 0.2642 -0.4943 0.8282
vn 0.5777 0.0235 0.8159
vn 0.5791 0.0233 0.8149
vn 0.5752 0.0122 0.8179
vn 0.5785 0.0235 0.8153
vn 0.5803 0.0233 0.8141
vn 0.5786 0.0235 0.8153
vn 0.6774 0.4185 0.6050
vn 0.4044 -0.7432 0.5330
vn 0.7234 0.5353 0.4361
vn 0.9661 0.0790 -0.2460
vn 0.5791 0.0233 0.8150
vn 0.7295 0.4355 0.5274
vn 0.7357 0.4621 0.4951
vn 0.7219 0.5709 0.3911
vn 0.6937 0.6433 0.3240
vn 0.6234 0.7115 0.3242
vn 0.0018 -0.6759 0.7370
vn 0.5798 0.0233 0.8145
vn 0.5790 0.0234 0.8150
vn 0.6764 0.4159 0.6079
vn 0.4115 -0.7419 0.5295
vn 0.6446 -0.5904 0.4857
vn 0.7364 0.3299 0.5907
vn 0.7121 0.5105 0.4819
vn 0.7094 0.5847 0.3936
vn 0.6852 0.6530 0.3227
vn 0.3377 -0.4283 0.8381
vn 0.6229 -0.6118 0.4876
vn 0.5792 0.0234 0.8148
vn 0.5815 0.0234 0.8132
vn 0.5785 0.0232 0.8154
vn 0.5786 0.0225 0.8153
vn 0.7153 0.2670 0.6458
vn 0.7300 0.3837 0.5657
vn 0.7056 0.4917 0.5103
vn 0.7106 0.5498 0.4391
vn 0.6941 0.6411 0.3274
vn 0.9624 0.1256 -0.2408
vn 0.5798 0.0236 0.8144
vn 0.5800 0.0229 0.8143
vn 0.5773 0.0236 0.8162
vn 0.5898 0.0018 0.8076
vn 0.5790 0.0231 0.8150
vn 0.5812 0.0241 0.8134
vn 0.5790 0.0235 0.8150
vn 0.7382 0.1790 0.6504
vn 0.6747 0.4158 0.6098
vn 0.5982 -0.4333 0.6741
vn 0.6038 -0.6181 0.5033
vn 0.6466 -0.5612 0.5166
vn 0.7183 0.4049 0.5658
vn 0.6110 0.7134 0.3431
vn 0.0541 -0.6773 0.7337
vn 0.5790 0.0233 0.8150
vn 0.7253 0.2255 0.6504
vn 0.7175 0.2867 0.6348
vn 0.6922 0.3439 0.6345
vn 0.6230 -0.5982 0.5040
vn 0.6451 -0.5654 0.5140
vn 0.7006 0.4575 0.5475
vn 0.6834 0.5778 0.4462
vn 0.6683 0.6264 0.4013
vn 0.6343 0.6933 0.3421
vn 0.3666 -0.3759 0.8510
vn 0.6249 -0.5700 0.5335
vn 0.5774 0.0237 0.8161
vn 0.5810 0.0049 0.8139
vn 0.5779 0.0246 0.8158
vn 0.6223 -0.0059 0.7827
vn 0.5784 0.0244 0.8154
vn 0.7294 0.2397 0.6407
vn 0.6862 0.3991 0.6081
vn 0.6770 0.4135 0.6088
vn 0.5866 -0.4218 0.6914
vn 0.6342 -0.5746 0.5173
vn 0.7067 -0.3980 0.5849
vn 0.6802 -0.3275 0.6558
vn 0.7398 0.3281 0.5875
vn 0.7237 0.3617 0.5877
vn 0.7029 0.4199 0.5741
vn 0.6907 0.4849 0.5364
vn 0.6779 0.5361 0.5030
vn 0.6629 0.5967 0.4522
vn 0.6693 0.6506 0.3589
vn 0.9532 0.1390 -0.2684
vn 0.8898 -0.4412 -0.1166
vn 0.5246 -0.6853 0.5051
vn -0.5634 0.6965 -0.4444
vn 0.8565 0.0177 -0.5158
vn 0.7127 -0.5892 -0.3807
vn -0.4613 0.6564 -0.5970
vn 0.6902 0.4376 0.5764
vn 0.6773 0.4931 0.5460
vn 0.6646 0.5456 0.5106
vn 0.5651 0.7429 0.3588
vn 0.2795 -0.4450 0.8508
vn 0.3023 -0.7442 0.5957
vn -0.0024 0.9970 0.0770
vn -0.0021 0.9970 0.0769
vn -0.0009 0.9970 0.0776
vn -0.0017 0.9970 0.0771
vn -0.0019 0.9970 0.0769
vn -0.3082 0.6420 -0.7021
vn 0.7015 0.2293 0.6748
vn 0.5194 0.6022 0.6063
vn 0.2316 -0.8481 0.4765
vn 0.6298 0.6178 0.4707
vn 0.6036 0.7201 0.3422
vn 0.6318 0.6893 0.3545
vn 0.3290 -0.4880 0.8084
vn -0.0034 0.9971 0.0760
vn -0.0013 0.9970 0.0774
vn -0.0018 0.9970 0.0771
vn 0.0003 0.9969 0.0783
vn 0.6911 0.2896 0.6622
vn 0.6551 0.3581 0.6653
vn 0.6036 0.5288 0.5967
vn 0.1756 0.6947 -0.6975
vn 0.7097 0.4291 0.5587
vn 0.6299 0.4715 0.6172
vn 0.6230 0.5544 0.5517
vn 0.6193 0.6243 0.4761
vn 0.9338 0.1694 -0.3151
vn 0.8670 -0.4485 -0.2171
vn -0.0018 0.9970 0.0772
vn -0.0018 0.9971 0.0760
vn -0.0137 0.9975 0.0689
vn -0.0016 0.9970 0.0772
vn -0.0015 0.9970 0.0773
vn 0.0026 0.9968 0.0799
vn -0.5145 0.8366 0.1883
vn 0.6790 0.2772 0.6798
vn 0.6635 0.3440 0.6644
vn 0.3801 -0.8242 0.4199
vn 0.2216 0.7289 -0.6478
vn 0.7179 0.3204 0.6180
vn 0.6864 0.3643 0.6293
vn 0.4879 0.7550 0.4380
vn 0.1666 -0.6456 0.7453
vn 0.2319 -0.7565 0.6115
vn -0.0026 0.9970 0.0780
vn 0.0155 0.9959 0.0891
vn -0.0012 0.9970 0.0775
vn 0.0158 0.9960 0.0878
vn -0.0012 0.9970 0.0768
vn 0.0152 0.9960 0.0881
vn -0.0019 0.9970 0.0773
vn -0.0147 0.9974 0.0710
vn -0.0055 0.9978 0.0667
vn 0.0068 0.9855 0.1698
vn -0.0021 0.9971 0.0764
vn -0.0018 0.9970 0.0775
vn 0.1025 0.8590 0.5016
vn 0.1255 0.7735 -0.6213
vn 0.6864 0.3640 0.6296
vn 0.6583 0.4140 0.6287
vn 0.6402 0.4673 0.6097
vn 0.6322 0.4762 0.6112
vn 0.6111 0.5245 0.5928
vn 0.6120 0.5641 0.5544
vn 0.5683 0.5857 0.5779
vn -0.0015 0.9970 0.0768
vn 0.0165 0.9932 0.1151
vn 0.0626 0.9658 0.2517
vn -0.0023 0.9968 0.0798
vn 0.0007 0.9971 0.0758
vn -0.0042 0.9969 0.0782
vn 0.0006 0.9967 0.0817
vn -0.0035 0.9969 0.0789
vn -0.0166 0.9972 0.0730
vn -0.0027 0.9969 0.0783
vn -0.0014 0.9970 0.0774
vn -0.0015 0.9970 0.0772
vn 0.0437 0.9986 0.0294
vn -0.0057 0.9967 0.0812
vn 0.6029 0.4503 0.6585
vn -0.4699 0.3710 -0.8010
vn 0.5518 0.6467 0.5266
vn 0.4995 0.7462 0.4401
vn 0.4658 -0.2907 0.8358
vn 0.4661 -0.6486 0.6017
vn 0.7755 -0.1140 0.6210
vn -0.0061 0.9976 0.0685
vn -0.0061 0.9966 0.0827
vn 0.0230 0.9937 0.1101
vn -0.0010 0.9944 0.1054
vn -0.0017 0.9970 0.0767
vn -0.0014 0.9970 0.0776
vn 0.6627 0.4112 0.6259
vn 0.5658 0.6262 0.5364
vn 0.5402 0.6952 0.4743
vn -0.0014 0.9970 0.0777
vn 0.9452 0.1689 -0.2792
vn 0.8348 -0.5217 -0.1759
vn 0.7393 -0.1231 0.6620
vn -0.0016 0.9970 0.0771
vn -0.0016 0.9970 0.0770
vn -0.0015 0.9970 0.0776
vn 0.4317 0.6218 0.6534
vn -0.3250 -0.3802 0.8659
vn 0.9231 0.1211 -0.3649
vn -0.5452 0.1818 0.8183
vn -0.5598 0.2213 0.7986
vn -0.5458 0.1811 0.8181
vn 0.9700 0.0258 0.2418
vn 0.0027 -1.0000 0.0008
vn -0.3291 -0.2384 0.9137
vn 0.3527 0.2017 0.9137
vn -0.4187 0.3048 0.8554
vn 0.0624 -0.7095 0.7020
vn 0.4004 -0.2465 0.8825
vn 0.2863 -0.6058 0.7423
vn 0.6310 -0.7437 0.2209
vn 0.6261 -0.7455 -0.2285
vn 0.5723 -0.8044 -0.1594
vn 0.6122 -0.7886 -0.0586
vn 0.5818 0.0229 0.8130
vn 0.2467 -0.4523 0.8570
vn 0.2713 0.4083 0.8716
vn 0.4193 0.4401 0.7940
vn 0.3341 0.4489 0.8288
vn 0.3348 0.4485 0.8287
vn 0.2782 0.4363 0.8557
vn 0.1737 0.4221 0.8897
vn 0.2277 0.4647 0.8557
vn 0.1853 0.4482 0.8745
vn 0.4572 -0.7383 0.4958
vn 0.3538 -0.7703 0.5305
vn 0.6141 -0.5732 0.5425
vn 0.4130 0.5070 0.7566
vn 0.4040 0.5157 0.7556
vn 0.3151 0.4912 0.8120
vn 0.2883 0.5084 0.8114
vn 0.2333 0.4956 0.8367
vn -0.0221 0.9974 0.0681
vn 0.3814 0.6033 0.7005
vn 0.3623 0.5683 0.7388
vn 0.2861 0.5309 0.7977
vn 0.2872 0.5326 0.7961
vn 0.1898 0.5194 0.8332
vn -0.0016 0.9970 0.0773
vn 0.2027 0.6695 0.7146
vn 0.1374 0.5795 0.8033
vn -0.0145 0.9974 0.0704
vn 0.0009 0.9970 0.0770
vn -0.0013 0.9970 0.0772
vn -0.0011 0.9970 0.0772
vn -0.0017 0.9970 0.0775
vn 0.0170 0.9963 0.0841
vn -0.0015 0.9970 0.0774
vn 0.0348 0.9894 0.1409
vn -0.0001 0.9971 0.0758
vn -0.0180 0.9981 0.0589
vn -0.0018 0.9973 0.0739
vn -0.0004 0.9951 0.0988
vn -0.0167 0.9976 0.0670
vn -0.0142 0.9949 0.0997
vn 0.0245 0.9945 0.1014
vn 0.2949 0.9453 0.1396
vn -0.0188 0.9977 0.0654
vn -0.0056 0.9969 0.0786
vn -0.0063 0.9971 0.0756
vn -0.0037 0.9968 0.0800
vn 0.5906 0.4443 0.6737
vn -0.4594 -0.6088 0.6468
vn -0.6792 -0.6393 0.3607
vn -0.2715 -0.1728 0.9468
vn -0.1611 0.8773 0.4520
vn -0.3954 0.8579 0.3282
vn -0.7221 -0.5992 0.3457
vn -0.9295 -0.0478 0.3658
vn -0.8281 -0.4654 0.3125
vn -0.6194 0.5334 -0.5760
vn -0.8960 -0.2426 0.3720
vn 0.2528 -0.3152 0.9147
vn -0.0643 -0.7626 0.6436
vn 0.0818 0.5145 0.8536
vn -0.0846 0.2364 0.9680
vn -0.1338 0.1271 0.9828
vn -0.1513 -0.8230 0.5476
vn -0.0984 -0.8197 0.5642
vn 0.7864 0.2638 0.5585
vn -0.1828 -0.8283 0.5297
vn 0.8360 -0.0174 0.5484
vn -0.4138 -0.7482 0.5186
vn 0.2165 -0.1939 0.9568
vn -0.2659 0.3658 0.8919
vn -0.3807 0.0830 0.9210
vn -0.4169 -0.7988 0.4337
vn -0.4421 -0.7907 0.4235
vn -0.5457 -0.1586 0.8228
vn -0.4799 -0.7749 0.4114
vn 0.5851 -0.4732 -0.6586
vn 0.4725 -0.7305 -0.4930
vn 0.7961 -0.5815 0.1676
vn -0.1707 0.5377 -0.8257
vn 0.7962 0.0840 0.5992
vn 0.3128 0.6931 -0.6495
vn 0.9233 0.1208 -0.3646
vn 0.9233 0.1205 -0.3648
vn 0.9235 0.1198 -0.3644
vn 0.9228 0.1221 -0.3655
vn 0.9231 0.1211 -0.3650
vn 0.9232 0.1207 -0.3649
vn 0.9234 0.1204 -0.3644
vn 0.9232 0.1209 -0.3648
vn 0.9232 0.1210 -0.3648
vn 0.9237 0.1207 -0.3635
vn 0.9244 0.1028 -0.3672
vn 0.9237 0.1217 -0.3632
vn 0.9200 0.1489 -0.3624
vn 0.9280 0.1156 -0.3542
vn 0.9227 0.1189 -0.3668
vn 0.9257 0.1291 -0.3556
vn 0.9230 0.1212 -0.3651
vn 0.9228 0.1195 -0.3663
vn 0.9235 0.1216 -0.3639
vn 0.9228 0.1209 -0.3657
vn 0.9240 0.1205 -0.3628
vn -0.5448 0.1817 0.8186
vn -0.5450 0.1817 0.8185
vn -0.5446 0.1817 0.8188
vn -0.5450 0.1816 0.8185
vn -0.5443 0.1819 0.8189
vn -0.5433 0.1828 0.8194
vn -0.5438 0.1822 0.8192
vn -0.5346 0.1720 0.8274
vn -0.5451 0.1818 0.8184
vn -0.5389 0.1887 0.8210
vn -0.5448 0.1812 0.8187
vn -0.5457 0.1815 0.8181
vn -0.5495 0.1776 0.8164
vn -0.5437 0.1819 0.8193
vn -0.5452 0.1817 0.8184
vn -0.5293 0.1874 0.8275
vn -0.5472 0.1845 0.8164
vn -0.5449 0.1808 0.8188
vn -0.5445 0.1815 0.8189
vn -0.5445 0.1817 0.8189
vn -0.5449 0.1818 0.8185
vn -0.5474 0.1813 0.8170
vn -0.5449 0.1817 0.8186
vn -0.5455 0.1817 0.8182
vn -0.5451 0.1817 0.8185
vn -0.5436 0.1817 0.8194
vn -0.5441 0.1819 0.8191
vn -0.5445 0.1817 0.8188
vn -0.5439 0.1814 0.8193
vn -0.5435 0.1774 0.8204
vn -0.5518 0.1835 0.8135
vn -0.5987 0.2081 0.7735
vn -0.5450 0.1818 0.8185
vn -0.5411 0.1812 0.8212
vn -0.5492 0.1829 0.8154
vn -0.5469 0.1834 0.8168
vn -0.5390 0.1814 0.8225
vn -0.5451 0.1818 0.8185
vn -0.5455 0.1814 0.8182
vn -0.5447 0.1819 0.8187
vn -0.5446 0.1820 0.8187
vn -0.5523 0.1770 0.8147
vn -0.5439 0.1811 0.8194
vn -0.5451 0.1817 0.8184
vn -0.5447 0.1815 0.8188
vn -0.5448 0.1816 0.8187
vn -0.5422 0.1818 0.8204
vn -0.5470 0.1831 0.8169
vn -0.5463 0.1818 0.8176
vn -0.5430 0.1814 0.8199
vn -0.5491 0.1802 0.8161
vn -0.5448 0.1813 0.8188
vn -0.5462 0.1809 0.8179
vn -0.5455 0.1815 0.8183
vn -0.5451 0.1816 0.8185
vn -0.5929 0.2243 0.7734
vn -0.5466 0.1799 0.8179
vn -0.5641 0.1733 0.8073
vn -0.5443 0.1793 0.8195
vn 0.8581 -0.1663 0.4857
vn 0.9715 0.0955 -0.2170
vn 0.6752 -0.6383 0.3696
vn -0.1576 -0.7239 0.6716
vn 0.9762 0.1230 -0.1788
vn -0.0591 -0.7477 0.6614
vn 0.9858 0.0467 -0.1616
vn 0.1162 -0.7463 0.6554
vn 0.9676 0.2373 0.0859
vn 0.3168 -0.5931 0.7402
vn 0.4452 -0.6397 0.6265
vn 0.5151 0.6816 0.5197
vn 0.5065 -0.3274 0.7976
vn -0.9566 -0.1410 0.2551
vn -0.9906 0.1355 -0.0170
vn 0.5333 -0.7159 0.4506
vn 0.6037 -0.7470 0.2784
vn 0.5286 -0.7278 0.4370
vn 0.5331 -0.7137 0.4543
vn 0.5048 -0.8561 0.1104
vn 0.7396 -0.6613 0.1255
vn 0.7975 -0.5284 0.2911
vn 0.6138 -0.7459 0.2586
vn 0.4003 -0.4928 0.7726
vn 0.2912 -0.4108 0.8640
vn -0.0142 -0.8313 0.5557
vn 0.0250 -0.8270 0.5617
vn -0.2672 -0.3018 0.9152
vn -0.0044 -0.7784 0.6277
vn -0.3980 -0.6055 0.6892
vn -0.3771 -0.6564 0.6534
vn -0.0199 0.2162 0.9761
vn 0.2273 0.4035 0.8863
vn 0.6248 -0.5331 0.5705
vn 0.5112 -0.6386 0.5752
vn 0.6418 0.7055 0.3006
vn 0.3400 0.9396 -0.0394
vn 0.9479 -0.0851 0.3070
vn 0.2657 0.9638 -0.0237
vn -0.9881 -0.0420 0.1481
vn -0.9939 -0.0177 0.1084
vn 0.2517 0.8714 -0.4211
vn 0.6001 0.2499 0.7599
vn 0.6999 0.2357 0.6742
vn -0.3897 0.3797 -0.8390
vn -0.2561 0.4120 -0.8744
vn -0.4764 0.4121 -0.7766
vn -0.3980 -0.7925 0.4621
vn 0.7583 -0.5777 0.3022
vn 0.2500 -0.9210 0.2989
vn 0.1289 0.7079 0.6944
vn -0.9451 0.0232 0.3260
vn -0.9241 -0.0234 0.3815
vn -0.6721 0.4111 -0.6159
vn 0.0232 0.5232 0.8519
vn -0.8360 0.3629 -0.4117
vn -0.7114 0.5100 -0.4835
vn -0.7233 0.4892 -0.4873
vn -0.7947 0.4403 -0.4178
vn -0.1958 0.7986 0.5691
vn 0.9745 0.0222 0.2234
vn 0.9713 0.0255 0.2363
vn 0.9702 0.0262 0.2407
vn 0.9697 0.0255 0.2430
vn 0.9699 0.0262 0.2420
vn 0.9697 0.0257 0.2429
vn 0.9697 0.0255 0.2431
vn 0.9695 0.0253 0.2439
vn 0.9695 0.0254 0.2438
vn 0.9697 0.0257 0.2431
vn 0.9700 0.0267 0.2416
vn 0.9696 0.0255 0.2432
vn 0.9697 0.0258 0.2428
vn 0.9698 0.0261 0.2426
vn 0.9703 0.0273 0.2405
vn 0.9696 0.0254 0.2432
vn 0.9697 0.0254 0.2428
vn 0.9696 0.0254 0.2433
vn 0.9697 0.0254 0.2429
vn 0.9695 0.0256 0.2439
vn 0.9699 0.0254 0.2420
vn 0.9696 0.0254 0.2434
vn 0.9698 0.0252 0.2426
vn 0.9701 0.0255 0.2414
vn 0.9695 0.0255 0.2436
vn 0.9697 0.0259 0.2431
vn 0.9705 0.0263 0.2396
vn 0.9674 0.0224 0.2523
vn 0.9692 0.0248 0.2451
vn 0.9698 0.0256 0.2428
vn 0.9694 0.0253 0.2441
vn 0.9693 0.0253 0.2444
vn -0.8180 -0.0397 0.5739
vn 0.0646 0.2574 -0.9641
vn 0.1122 0.4952 0.8615
vn 0.1040 0.5609 0.8213
vn 0.1540 0.4127 0.8978
vn -0.0585 0.5156 0.8548
vn 0.1641 -0.6797 0.7149
vn -0.9540 0.0734 0.2906
vn -0.2247 0.1853 -0.9567
vn 0.1815 -0.0620 -0.9814
vn 0.1816 -0.0620 -0.9814
vn 0.1817 -0.0620 -0.9814
vn 0.1828 -0.0607 -0.9813
vn 0.1770 -0.0652 -0.9820
vn 0.1820 -0.0619 -0.9814
vn 0.1818 -0.0619 -0.9814
vn 0.1819 -0.0619 -0.9814
vn 0.1820 -0.0622 -0.9813
vn 0.1818 -0.0624 -0.9814
vn 0.1822 -0.0621 -0.9813
vn 0.1814 -0.0624 -0.9814
vn 0.1812 -0.0619 -0.9815
vn 0.1818 -0.0620 -0.9814
vn 0.1815 -0.0619 -0.9814
vn 0.1824 -0.0621 -0.9813
vn 0.1897 -0.0620 -0.9799
vn 0.1816 -0.0619 -0.9814
vn 0.1799 -0.0613 -0.9818
vn 0.1807 -0.0623 -0.9816
vn 0.3787 0.7527 -0.5386
vn 0.4144 0.8882 0.1981
vn 0.4066 0.6560 -0.6359
vn -0.4387 -0.7919 0.4248
vn -0.2405 -0.8300 -0.5032
vn -0.1452 -0.6452 -0.7501
vn -0.0894 -0.6798 -0.7280
vn 0.2427 -0.8276 -0.5062
vn -0.4855 -0.5295 -0.6956
vn -0.2338 -0.5242 -0.8188
vn -0.5145 -0.4988 -0.6975
vn -0.7311 -0.5100 -0.4532
vn -0.8440 -0.5359 0.0220
vn -0.7891 -0.5288 0.3126
vn 0.7449 -0.5519 0.3750
vn 0.4904 -0.5805 0.6500
vn 0.1480 -0.3994 0.9047
vn 0.0001 -1.0000 -0.0000
vn 0.0001 -1.0000 0.0003
vn -0.0002 -1.0000 -0.0000
vn -0.0006 -1.0000 0.0005
vn 0.0002 -1.0000 -0.0000
vn -0.0018 -1.0000 0.0007
vn 0.0003 -1.0000 -0.0002
vn -0.0005 -1.0000 0.0005
vn 0.0011 -1.0000 -0.0003
vn 0.0005 -1.0000 -0.0001
vn -0.0004 -1.0000 0.0001
vn 0.0025 -0.9999 -0.0136
vn -0.0004 -1.0000 0.0002
vn -0.0024 -0.9997 0.0253
vn 0.0005 -1.0000 -0.0004
vn -0.0000 -1.0000 -0.0000
vn -0.0003 -1.0000 0.0003
vn -0.0001 -1.0000 -0.0000
vn 0.0002 -1.0000 -0.0003
vn 0.0005 -1.0000 0.0003
vn 0.0003 -1.0000 -0.0000
vn -0.0008 -1.0000 -0.0006
vn 0.0004 -1.0000 0.0006
vn -0.0000 -1.0000 0.0001
vn -0.0001 -1.0000 -0.0001
vn -0.0006 -1.0000 -0.0001
vn -0.0000 -1.0000 -0.0001
vn 0.0001 -1.0000 0.0004
vn -0.0012 -1.0000 -0.0003
vn -0.0000 -1.0000 0.0002
vn -0.0006 -1.0000 -0.0004
vn -0.0016 -1.0000 -0.0058
vn 0.0006 -1.0000 0.0017
vn -0.0001 -1.0000 -0.0002
vn -0.0000 -1.0000 0.0003
vn -0.0012 -1.0000 -0.0029
vn -0.0006 -1.0000 -0.0015
vn -0.0003 -1.0000 -0.0019
vn 0.0012 -1.0000 0.0046
vn -0.0001 -1.0000 -0.0003
vn 0.0347 -0.8367 -0.5466
vn -0.5915 -0.6973 0.4048
vn -0.5339 -0.7531 0.3845
vn -0.7694 -0.2720 0.5779
vn -0.8467 -0.4480 0.2868
vn -0.5082 -0.7612 0.4029
vn -0.5166 -0.5254 0.6760
vn -0.5434 -0.7584 0.3599
vn -0.8379 -0.0288 0.5451
vn -0.8383 -0.0642 0.5414
vn -0.9018 -0.3065 0.3048
vn -0.5993 -0.6781 0.4254
vn -0.8508 -0.0027 0.5255
vn -0.8523 -0.0560 0.5200
vn -0.7188 -0.3286 0.6126
vn -0.7738 -0.5564 0.3028
vn -0.5667 -0.7354 0.3716
vn -0.5505 -0.7518 0.3629
vn -0.5329 -0.7630 0.3659
vn 0.2789 0.5184 0.8084
vn -0.8527 0.0406 0.5209
vn -0.8650 -0.0610 0.4980
vn -0.5346 -0.5734 0.6209
vn -0.5674 -0.7500 0.3400
vn -0.6977 0.6873 -0.2022
vn -0.5230 0.8454 -0.1082
vn -0.8632 0.0427 0.5030
vn -0.8731 -0.0098 0.4875
vn -0.8643 -0.0614 0.4992
vn -0.9196 -0.3284 0.2158
vn -0.6045 -0.7143 0.3528
vn -0.8685 0.1081 0.4838
vn -0.8761 0.0889 0.4739
vn -0.8628 0.0780 0.4995
vn -0.8817 0.0220 0.4714
vn -0.8776 -0.0396 0.4778
vn -0.8836 -0.0248 0.4675
vn -0.7410 -0.3577 0.5684
vn -0.7865 -0.5513 0.2784
vn -0.5993 -0.7227 0.3443
vn -0.5869 -0.7361 0.3372
vn -0.5653 -0.7510 0.3413
vn 0.2575 0.5074 0.8223
vn 0.1456 0.7614 0.6318
vn -0.8795 0.0637 0.4717
vn -0.6917 -0.6286 0.3556
vn -0.8800 0.1133 0.4612
vn -0.8882 0.0243 0.4588
vn -0.5845 -0.5655 0.5819
vn -0.5992 -0.7346 0.3183
vn -0.6692 0.7126 -0.2105
vn -0.5114 0.8519 -0.1129
vn -0.8517 0.0613 0.5204
vn -0.8931 -0.2440 0.3780
vn -0.7303 -0.6001 0.3264
vn -0.6935 -0.6283 0.3527
vn 0.1846 0.3325 0.9249
vn -0.8898 0.0820 0.4488
vn -0.8974 0.0429 0.4391
vn -0.8972 -0.0510 0.4386
vn -0.8970 -0.0712 0.4362
vn -0.8939 -0.3872 0.2261
vn -0.6394 -0.6934 0.3323
vn -0.8833 -0.0553 0.4656
vn -0.9381 -0.3313 0.1012
vn -0.7253 -0.6066 0.3254
vn -0.8300 0.3584 -0.4274
vn -0.7415 0.6382 -0.2070
vn -0.8679 0.1105 0.4842
vn -0.8960 0.0456 0.4416
vn -0.8982 -0.0105 0.4394
vn -0.8997 0.1092 0.4227
vn -0.9054 -0.0430 0.4223
vn -0.8987 -0.3896 0.2015
vn -0.6297 -0.7097 0.3159
vn -0.6247 -0.7154 0.3129
vn -0.5988 -0.7348 0.3186
vn 0.2225 0.4852 0.8456
vn 0.1248 0.7434 0.6571
vn -0.8977 0.1122 0.4262
vn -0.8725 -0.0735 0.4830
vn -0.7882 0.5907 0.1729
vn -0.6743 -0.3634 0.6428
vn -0.7773 -0.5596 0.2874
vn -0.7202 -0.6075 0.3351
vn 0.0970 0.2870 0.9530
vn -0.0793 0.6381 0.7658
vn -0.9451 0.1854 0.2690
vn -0.9080 -0.0224 0.4183
vn -0.9039 0.1048 0.4147
vn -0.9010 0.0883 0.4247
vn -0.9156 0.0706 0.3957
vn -0.9126 0.0445 0.4065
vn -0.9115 -0.0232 0.4106
vn -0.9078 -0.1242 0.4007
vn -0.6884 -0.5335 0.4914
vn -0.6337 -0.7145 0.2965
vn -0.6642 0.7178 -0.2086
vn -0.5113 0.8531 -0.1041
vn -0.8744 0.0932 0.4761
vn -0.7119 0.4694 -0.5224
vn -0.5823 0.7124 -0.3917
vn -0.6761 0.6529 0.3415
vn -0.9660 -0.2468 0.0772
vn -0.7535 -0.5646 0.3367
vn -0.7566 -0.5836 0.2951
vn -0.8529 0.3135 -0.4174
vn -0.7479 0.6522 -0.1237
vn -0.8031 0.2029 0.5603
vn -0.9098 0.0793 0.4073
vn -0.9228 -0.0155 0.3849
vn -0.9262 0.1032 0.3626
vn -0.9183 -0.0167 0.3955
vn -0.9343 -0.1755 0.3102
vn -0.1468 0.8818 0.4483
vn -0.8366 0.4753 0.2725
vn -0.6898 0.3974 -0.6052
vn -0.9370 -0.0295 0.3482
vn -0.9379 -0.0444 0.3441
vn -0.7559 -0.3091 0.5771
vn -0.7629 -0.5827 0.2802
vn -0.7547 0.4270 -0.4981
vn -0.7046 0.6138 -0.3560
vn -0.9251 0.1038 0.3653
vn -0.9294 0.0802 0.3601
vn -0.9252 0.0158 0.3791
vn -0.9311 -0.0411 0.3624
vn -0.9076 -0.1241 0.4010
vn -0.8897 -0.3973 0.2248
vn -0.6841 -0.6637 0.3025
vn -0.6610 -0.6922 0.2897
vn -0.6332 -0.7148 0.2968
vn 0.1612 0.4404 0.8832
vn 0.0619 0.7527 0.6554
vn -0.9063 0.2648 0.3294
vn -0.9055 -0.0025 0.4244
vn -0.9085 -0.0822 0.4097
vn -0.9081 -0.0840 0.4101
vn -0.8999 -0.1580 0.4065
vn -0.2330 0.8918 0.3877
vn -0.7785 0.5823 0.2344
vn -0.8171 0.5134 0.2621
vn -0.8339 0.4860 0.2615
vn -0.8692 0.4089 0.2779
vn -0.8414 -0.4245 0.3345
vn -0.9699 -0.1891 0.1536
vn -0.8324 -0.4179 0.3638
vn -0.7692 -0.5701 0.2886
vn -0.7427 -0.5920 0.3131
vn 0.1474 0.3478 0.9259
vn 0.0532 0.5718 0.8187
vn -0.9331 -0.0238 0.3589
vn -0.9273 0.1095 0.3580
vn -0.7416 -0.4719 0.4768
vn -0.6648 -0.6935 0.2779
vn -0.7110 0.6691 -0.2163
vn -0.5005 0.8657 0.0108
vn -0.7982 0.2590 0.5439
vn -0.5621 0.6579 -0.5012
vn -0.8375 0.4852 0.2513
vn -0.8850 0.3970 0.2434
vn -0.8557 -0.4435 0.2668
vn -0.9557 -0.0128 0.2940
vn -0.8532 -0.1572 0.4972
vn -0.9158 -0.3874 0.1058
vn -0.7711 -0.5697 0.2843
vn -0.7726 -0.5754 0.2683
vn -0.7644 0.4048 -0.5018
vn -0.7082 0.6296 -0.3194
vn -0.9264 0.1212 0.3566
vn -0.9405 0.0404 0.3375
vn -0.9364 -0.0199 0.3505
vn -0.9286 0.1057 0.3557
vn -0.9371 0.0736 0.3411
vn -0.9412 0.0433 0.3351
vn -0.9360 0.0217 0.3513
vn -0.9364 -0.0449 0.3480
vn -0.9360 -0.0655 0.3459
vn -0.5474 0.8327 -0.0834
vn -0.9151 0.1033 0.3897
vn -0.9267 -0.0087 0.3756
vn -0.9221 -0.0576 0.3827
vn -0.9039 0.3379 0.2623
vn -0.9778 -0.0688 0.1979
vn -0.8700 -0.4202 0.2578
vn -0.8428 -0.4489 0.2969
vn -0.9942 0.0437 0.0984
vn -0.7416 -0.4141 0.5277
vn -0.7979 -0.5489 0.2491
vn -0.7684 -0.5763 0.2782
vn 0.0767 0.3186 0.9448
vn -0.0450 0.6012 0.7978
vn -0.9681 0.1290 0.2146
vn -0.9451 -0.0303 0.3253
vn -0.9523 -0.2588 0.1618
vn -0.7326 -0.6138 0.2941
vn -0.6753 -0.6887 0.2639
vn -0.5306 0.8106 -0.2479
vn -0.5022 -0.7720 0.3896
vn -0.7329 0.6541 -0.1869
vn 0.2195 0.6536 0.7243
vn -0.8166 0.0547 0.5746
vn -0.8683 -0.1365 0.4769
vn -0.0436 -0.7446 0.6661
vn -0.0153 -0.7509 0.6603
vn -0.0161 -0.7509 0.6602
vn -0.0026 -0.7687 0.6396
vn 0.2098 -0.5576 0.8032
vn 0.3639 -0.1726 0.9153
vn -0.0395 -0.7671 0.6403
vn -0.6373 -0.4568 0.6206
vn 0.2848 -0.4026 0.8700
vn -0.2662 -0.0661 0.9617
vn 0.5384 0.0439 0.8415
vn 0.1287 0.3846 0.9141
vn 0.1478 0.3407 0.9285
vn 0.0541 0.3112 0.9488
vn -0.1437 -0.7765 0.6135
vn -0.2962 0.0631 0.9530
vn 0.5228 0.1190 0.8441
vn 0.1142 0.4816 0.8689
vn -0.1663 0.4778 0.8626
vn 0.1282 0.2846 0.9500
vn -0.0373 0.3278 0.9440
vn 0.0613 0.2335 0.9704
vn 0.1023 0.2459 0.9639
vn 0.4915 0.1452 0.8587
vn -0.3219 0.4866 0.8121
vn -0.0849 0.3717 0.9244
vn -0.0347 0.2437 0.9692
vn -0.0725 0.2113 0.9747
vn 0.0472 0.1626 0.9856
vn 0.1005 0.1473 0.9840
vn -0.1823 0.2470 0.9517
vn -0.0606 0.1686 0.9838
vn -0.0555 0.1711 0.9837
vn 0.0010 0.1391 0.9903
vn -0.1169 0.1339 0.9841
vn -0.0453 0.1858 0.9816
vn -0.1228 0.2515 0.9600
vn -0.0175 0.2519 0.9676
vn 0.0170 0.2583 0.9659
vn 0.0257 0.2570 0.9661
vn -0.0947 0.2527 0.9629
vn -0.0993 0.2534 0.9623
vn -0.0302 0.2298 0.9728
vn -0.1050 0.2009 0.9740
vn -0.1053 0.2007 0.9740
vn -0.0968 0.1760 0.9796
vn -0.1496 0.1419 0.9785
vn -0.1092 0.1232 0.9863
vn 0.1876 -0.3024 0.9345
vn 0.0708 -0.6215 0.7802
vn -0.0698 -0.7898 0.6094
vn -0.0109 -0.6457 0.7635
vn -0.3953 -0.6671 0.6314
vn -0.0782 -0.8248 0.5601
vn -0.0838 -0.8252 0.5585
vn -0.0496 -0.8330 0.5511
vn -0.0531 -0.8333 0.5502
vn -0.3070 -0.7485 0.5878
vn 0.0728 -0.7231 0.6869
vn -0.3148 -0.5469 0.7758
vn 0.2531 -0.4501 0.8563
vn -0.0616 -0.2380 0.9693
vn 0.3775 -0.1372 0.9158
vn 0.1233 0.0851 0.9887
vn 0.4146 0.1788 0.8922
vn -0.1799 -0.8087 0.5600
vn -0.1170 -0.8321 0.5421
vn -0.1250 -0.8326 0.5396
vn -0.7329 -0.4555 0.5053
vn 0.2012 -0.4210 0.8844
vn -0.2860 -0.0093 0.9582
vn 0.4126 0.0730 0.9080
vn 0.0544 0.4414 0.8957
vn 0.0887 0.4591 0.8839
vn -0.0262 0.4532 0.8910
vn 0.0935 0.3646 0.9265
vn 0.1456 0.2498 0.9573
vn 0.1691 0.2640 0.9496
vn 0.5637 -0.8196 -0.1024
vn -0.8151 -0.3709 0.4451
vn 0.1991 -0.3414 0.9186
vn -0.3434 0.2098 0.9155
vn 0.4431 0.2172 0.8698
vn 0.0629 0.6267 0.7767
vn -0.3704 0.5923 0.7156
vn -0.0934 0.4163 0.9044
vn -0.0411 0.2561 0.9658
vn -0.0135 0.2667 0.9637
vn 0.0494 0.1375 0.9893
vn 0.1333 0.1785 0.9749
vn 0.1658 0.0942 0.9817
vn -0.2366 -0.8102 0.5362
vn -0.9720 0.0186 0.2342
vn 0.4004 0.1320 0.9068
vn -0.0080 0.6216 0.7833
vn -0.4309 0.5836 0.6883
vn -0.2042 0.4329 0.8780
vn -0.1625 0.2411 0.9568
vn -0.1926 0.2304 0.9539
vn -0.0755 0.1591 0.9844
vn -0.0790 0.1561 0.9846
vn 0.0108 0.0706 0.9974
vn 0.0368 0.0923 0.9950
vn 0.1195 0.0133 0.9928
vn 0.1369 0.0221 0.9903
vn 0.7202 0.0488 0.6921
vn -0.2694 -0.8164 0.5108
vn 0.2164 -0.1939 0.9569
vn -0.3125 0.4864 0.8159
vn 0.4686 0.3457 0.8130
vn 0.1404 0.7343 0.6642
vn -0.6118 0.6939 0.3797
vn -0.2626 0.3172 0.9113
vn -0.2581 0.1575 0.9532
vn -0.1952 0.1750 0.9650
vn -0.1782 0.0727 0.9813
vn -0.1053 0.0835 0.9909
vn -0.0853 -0.0023 0.9964
vn -0.0067 0.0105 0.9999
vn 0.0222 -0.0373 0.9991
vn 0.1022 -0.0223 0.9945
vn 0.2268 -0.0713 0.9713
vn 0.3024 0.8144 -0.4953
vn 0.3207 0.0391 0.9464
vn -0.1206 0.6536 0.7472
vn -0.4405 0.3396 0.8311
vn -0.3385 0.2521 0.9066
vn -0.3260 0.1147 0.9384
vn -0.2703 0.1342 0.9534
vn -0.2572 0.0194 0.9662
vn -0.1981 0.0270 0.9798
vn -0.1725 -0.0262 0.9847
vn -0.0931 -0.0159 0.9955
vn 0.0212 -0.1426 0.9896
vn 0.1188 -0.1198 0.9857
vn 0.1592 -0.1453 0.9765
vn 0.1723 -0.1419 0.9748
vn 0.8308 -0.1679 0.5307
vn 0.8538 -0.1383 0.5018
vn 0.8604 -0.1417 0.4895
vn 0.3300 0.8109 -0.4832
vn -0.3588 -0.1463 -0.9219
vn 0.0130 -0.6940 -0.7199
vn -0.4386 0.1659 0.8832
vn -0.3381 0.0927 0.9365
vn -0.3314 -0.0130 0.9434
vn -0.2759 -0.0072 0.9612
vn -0.1855 -0.1311 0.9739
vn -0.0963 -0.1172 0.9884
vn -0.0567 -0.1607 0.9854
vn 0.0184 -0.1467 0.9890
vn 0.2546 -0.2284 0.9397
vn 0.3574 0.8060 -0.4718
vn -0.3630 -0.1821 -0.9138
vn -0.0233 -0.7110 -0.7028
vn -0.4001 -0.0279 0.9160
vn -0.3510 -0.0395 0.9356
vn -0.2574 -0.1323 0.9572
vn -0.1930 -0.1401 0.9712
vn 0.0593 -0.2810 0.9579
vn 0.1407 -0.2580 0.9558
vn 0.1970 -0.3095 0.9303
vn 0.2411 -0.2768 0.9302
vn 0.8284 -0.2647 0.4936
vn 0.8668 -0.2571 0.4272
vn 0.3849 0.7998 -0.4607
vn -0.3431 -0.1708 -0.9236
vn -0.0165 -0.7141 -0.6998
vn -0.4353 -0.0543 0.8986
vn -0.3513 -0.1361 0.9263
vn -0.3029 -0.1761 0.9366
vn -0.1832 -0.2358 0.9544
vn -0.1000 -0.2963 0.9498
vn -0.0915 -0.2919 0.9521
vn 0.0128 -0.3363 0.9417
vn 0.0471 -0.3093 0.9498
vn 0.2813 -0.4336 0.8561
vn 0.7567 -0.3937 0.5219
vn 0.7927 -0.3168 0.5209
vn 0.8045 -0.3151 0.5034
vn 0.8550 -0.2881 0.4312
vn -0.4168 -0.7887 0.4519
vn -0.2923 -0.1077 -0.9502
vn 0.0486 -0.7172 -0.6952
vn -0.4614 -0.1297 0.8777
vn -0.4464 -0.1182 0.8870
vn -0.4078 -0.1758 0.8960
vn -0.3041 -0.2381 0.9224
vn -0.2552 -0.2993 0.9194
vn 0.6190 -0.3850 0.6846
vn 0.6903 -0.4406 0.5739
vn 0.7547 -0.4028 0.5178
vn 0.8172 -0.3808 0.4326
vn 0.8493 -0.3310 0.4113
vn -0.5359 -0.0811 0.8404
vn -0.4116 -0.2373 0.8799
vn -0.3725 -0.2894 0.8817
vn -0.2429 -0.3909 0.8878
vn 0.6314 -0.4968 0.5954
vn 0.7122 -0.4572 0.5327
vn 0.7751 -0.4432 0.4503
vn 0.8097 -0.4087 0.4212
vn 0.8623 -0.3680 0.3477
vn -0.4816 -0.7562 0.4429
vn 0.2497 0.6814 0.6880
vn -0.5139 -0.2218 0.8287
vn -0.5007 -0.2221 0.8366
vn -0.4662 -0.2752 0.8408
vn -0.3721 -0.3286 0.8681
vn 0.8185 -0.4583 0.3464
vn 0.8539 -0.4019 0.3307
vn -0.8919 0.4417 -0.0967
vn 0.3529 0.2608 0.8986
vn -0.5818 -0.1890 0.7911
vn -0.4690 -0.3377 0.8161
vn -0.4648 -0.3492 0.8136
vn 0.7523 -0.5037 0.4247
vn 0.8170 -0.4627 0.3442
vn 0.8624 -0.4282 0.2699
vn -0.4616 -0.7913 0.4008
vn -0.7669 0.6126 -0.1911
vn -0.5988 0.7855 0.1562
vn -0.6460 0.2147 0.7325
vn -0.6609 -0.0887 0.7452
vn -0.6319 -0.1636 0.7576
vn -0.6252 -0.2258 0.7471
vn -0.5926 -0.2377 0.7696
vn -0.5812 -0.2797 0.7642
vn -0.5492 -0.2995 0.7802
vn -0.5382 -0.3361 0.7729
vn 0.7798 -0.5243 0.3420
vn -0.5141 -0.7701 0.3777
vn -0.7995 0.5752 -0.1732
vn 0.3769 0.3121 0.8721
vn 0.2158 0.6792 0.7015
vn -0.5670 0.8235 -0.0187
vn -0.6967 0.0594 0.7149
vn -0.7359 0.0553 0.6749
vn -0.7009 -0.0079 0.7132
vn -0.7040 -0.0942 0.7040
vn -0.5406 -0.3833 0.7489
vn 0.2329 0.7750 -0.5875
vn 0.8478 -0.4775 0.2308
vn -0.4969 -0.7811 0.3781
vn -0.7008 0.6772 -0.2243
vn -0.5824 0.8123 0.0311
vn -0.6999 0.0896 0.7086
vn -0.7865 0.1087 0.6079
vn -0.7358 0.0078 0.6771
vn -0.7403 -0.0965 0.6654
vn -0.7106 -0.1099 0.6950
vn -0.7081 -0.1664 0.6862
vn -0.6828 -0.2046 0.7013
vn -0.6791 -0.2359 0.6951
vn -0.6484 -0.2723 0.7109
vn -0.6405 -0.3210 0.6977
vn -0.6106 -0.3511 0.7099
vn -0.5976 -0.3910 0.6999
vn -0.5642 -0.4149 0.7138
vn 0.3775 0.7816 -0.4965
vn 0.7276 -0.1534 -0.6687
vn 0.5427 -0.5888 -0.5990
vn 0.5968 -0.5835 -0.5508
vn 0.8159 -0.5270 0.2378
vn 0.8628 -0.4700 0.1865
vn 0.3709 0.3216 0.8712
vn 0.2418 0.6506 0.7199
vn -0.5351 0.8422 -0.0653
vn -0.7590 0.0458 0.6495
vn -0.1212 0.5261 -0.8417
vn 0.6153 0.3577 -0.7025
vn 0.9594 -0.1013 0.2633
vn 0.7613 -0.5978 0.2511
vn 0.8064 -0.5447 0.2302
vn -0.5464 0.8329 -0.0883
vn -0.7850 0.0768 0.6147
vn -0.8114 0.0917 0.5772
vn -0.7727 -0.0544 0.6325
vn -0.7901 -0.0500 0.6109
vn -0.7515 -0.1470 0.6432
vn -0.7673 -0.1439 0.6250
vn -0.7365 -0.2091 0.6433
vn -0.7329 -0.2493 0.6331
vn -0.7038 -0.2877 0.6495
vn -0.6985 -0.3221 0.6390
vn -0.6685 -0.3588 0.6514
vn 0.8070 -0.5605 0.1858
vn 0.8529 -0.4975 0.1580
vn -0.6601 -0.4300 0.6159
vn 0.6029 -0.7004 0.3820
vn 0.6752 -0.3830 0.6303
vn 0.8000 -0.5776 0.1621
vn 0.8403 -0.5216 0.1478
vn -0.8549 0.0678 0.5144
vn -0.8177 -0.0362 0.5745
vn -0.8088 -0.1192 0.5758
vn -0.8164 -0.1135 0.5662
vn -0.7747 -0.2202 0.5927
vn -0.7872 -0.2085 0.5804
vn -0.7617 -0.2861 0.5813
vn -0.7540 -0.2932 0.5879
vn -0.7272 -0.3607 0.5840
vn -0.7178 -0.3687 0.5906
vn -0.6821 -0.4442 0.5809
vn -0.6808 -0.4609 0.5693
vn -0.8488 -0.0305 0.5278
vn -0.8461 -0.1282 0.5173
vn -0.8279 -0.1480 0.5409
vn -0.8184 -0.2286 0.5272
vn 0.8311 -0.5423 0.1229
vn -0.8604 -0.1497 0.4870
vn -0.8476 -0.2279 0.4792
vn -0.8240 -0.2630 0.5019
vn -0.8139 -0.3045 0.4948
vn -0.7893 -0.3484 0.5056
vn -0.7787 -0.3816 0.4980
vn -0.7512 -0.4243 0.5056
vn -0.7356 -0.4636 0.4940
vn -0.7133 -0.4910 0.5001
vn 0.8022 -0.5861 0.1139
vn 0.8178 -0.5641 0.1141
vn 0.7894 -0.6042 0.1088
vn -0.8925 -0.1796 0.4137
vn -0.8834 -0.2281 0.4094
vn -0.8644 -0.2602 0.4302
vn -0.8502 -0.3162 0.4209
vn -0.8314 -0.3439 0.4364
vn -0.8155 -0.3921 0.4257
vn -0.7952 -0.4258 0.4317
vn -0.7856 -0.4507 0.4239
vn -0.7641 -0.4859 0.4244
vn -0.7473 -0.5000 0.4377
vn 0.7986 -0.5809 0.1574
vn -0.8888 -0.2570 0.3795
vn -0.8753 -0.3098 0.3713
vn -0.8584 -0.3350 0.3885
vn -0.8399 -0.3899 0.3776
vn 0.8548 0.0751 0.5134
vn 0.8842 -0.3199 0.3405
vn 0.8335 -0.5333 0.1446
vn 0.7874 0.2187 0.5764
vn 0.7985 0.0914 0.5951
vn 0.7369 0.2888 0.6112
vn 0.8070 0.1225 0.5777
vn 0.8124 0.0688 0.5790
vn 0.7839 0.3613 0.5049
vn 0.8860 0.0875 0.4554
vn 0.8196 0.1134 0.5616
vn 0.7676 0.1274 0.6281
vn 0.7620 0.1862 0.6202
vn 0.6525 0.4428 0.6149
vn -0.5222 -0.1168 0.8448
vn 0.8221 0.1736 0.5423
vn -0.1135 -0.4082 0.9058
vn 0.5654 -0.6838 0.4612
vn 0.8898 -0.0904 0.4473
vn 0.8883 -0.0389 0.4577
vn 0.8888 0.1006 0.4470
vn 0.7866 -0.6050 0.1234
vn 0.5577 -0.8006 0.2189
vn 0.8218 0.0919 0.5623
vn 0.7815 0.0345 0.6230
vn 0.7753 0.0961 0.6242
vn 0.7599 0.2117 0.6146
vn 0.6007 -0.7421 0.2973
vn 0.8851 -0.0799 0.4585
vn 0.2228 -0.4677 0.8554
vn 0.4201 -0.8363 0.3523
vn 0.8442 0.0684 0.5316
vn 0.7820 0.0884 0.6170
vn 0.7856 0.0204 0.6184
vn 0.4866 -0.7917 0.3693
vn 0.9337 -0.0570 0.3536
vn 0.8228 -0.5611 0.0904
vn 0.4966 -0.8375 0.2281
vn 0.6056 -0.7455 0.2783
vn 0.8465 0.0405 0.5309
vn 0.7612 0.2277 0.6072
vn 0.5198 -0.8324 0.1922
vn 0.8899 -0.2524 0.3799
vn 0.9028 -0.2090 0.3758
vn 0.9141 -0.2005 0.3524
vn 0.9254 -0.1026 0.3648
vn 0.9100 -0.0034 0.4147
vn 0.3502 -0.5563 0.7536
vn 0.8690 0.0130 0.4947
vn 0.9445 -0.0493 0.3247
vn 0.8138 -0.5800 0.0364
vn 0.5029 -0.8451 0.1812
vn 0.6165 -0.7473 0.2478
vn 0.7893 0.0806 0.6087
vn 0.7717 0.2341 0.5914
vn 0.5236 -0.8311 0.1874
vn 0.9023 -0.3184 0.2906
vn 0.9202 -0.2397 0.3095
vn 0.9315 -0.0346 0.3622
vn 0.3267 -0.6518 0.6844
vn 0.6207 -0.7454 0.2432
vn 0.8795 -0.0363 0.4744
vn 0.8419 0.0144 0.5395
vn 0.8016 0.0488 0.5959
vn 0.7800 0.0552 0.6233
vn 0.4010 -0.8882 0.2242
vn 0.9488 -0.2539 0.1879
vn 0.7896 -0.6127 -0.0318
vn 0.4772 -0.8681 0.1363
vn 0.6299 -0.7422 0.2287
vn 0.6670 -0.6122 0.4247
vn 0.8677 -0.3654 0.3370
vn 0.9104 -0.2065 0.3584
vn 0.9046 -0.1648 0.3932
vn 0.9032 -0.1102 0.4148
vn 0.8798 -0.0341 0.4741
vn 0.8168 -0.0183 0.5766
vn 0.7967 0.0281 0.6037
vn 0.7833 -0.0396 0.6204
vn 0.7662 0.0463 0.6410
vn 0.7724 0.0957 0.6279
vn 0.7167 0.2918 0.6334
vn 0.7401 0.4491 0.5005
vn 0.4568 -0.8864 0.0744
vn 0.8988 -0.3632 0.2454
vn 0.8978 -0.3664 0.2445
vn 0.9348 -0.2188 0.2799
vn 0.9470 -0.1339 0.2919
vn 0.9444 -0.0285 0.3275
vn 0.2256 -0.7282 0.6471
vn 0.6321 -0.7413 0.2257
vn 0.6323 -0.7421 0.2225
vn 0.8618 -0.4064 0.3036
vn 0.8956 -0.1433 0.4211
vn 0.8910 -0.0712 0.4485
vn 0.8517 -0.0538 0.5212
vn 0.8043 -0.0080 0.5942
vn -0.3779 -0.1394 0.9153
vn -0.2622 -0.6418 0.7207
vn 0.9699 -0.0801 0.2299
vn 0.7683 -0.6341 -0.0872
vn 0.4256 -0.8988 0.1056
vn 0.7662 0.0481 0.6408
vn 0.7472 0.1446 0.6487
vn 0.8775 -0.4396 0.1917
vn 0.9341 -0.2657 0.2382
vn 0.9520 -0.0341 0.3042
vn 0.0919 -0.7689 0.6327
vn 0.6344 -0.7454 0.2050
vn 0.6339 -0.7411 0.2214
vn 0.8448 -0.4401 0.3044
vn 0.8509 -0.4188 0.3171
vn 0.9064 -0.2665 0.3279
vn 0.9050 -0.1910 0.3802
vn 0.8564 -0.1232 0.5014
vn 0.8664 -0.0665 0.4949
vn 0.8186 -0.0465 0.5725
vn 0.7801 0.0422 0.6242
vn 0.5323 -0.7223 0.4416
vn 0.5370 -0.7141 0.4491
vn 0.5273 -0.7216 0.4486
vn 0.7551 0.1305 0.6425
vn 0.9145 -0.3400 0.2192
vn 0.9548 -0.2110 0.2094
vn 0.7992 -0.5718 -0.1853
vn 0.4307 -0.9019 0.0335
vn 0.8936 -0.2125 0.3953
vn 0.8869 -0.1335 0.4422
vn 0.8134 -0.1243 0.5683
vn 0.7932 -0.0168 0.6087
vn 0.7507 0.1594 0.6411
vn 0.5397 -0.7994 0.2639
vn 0.9410 -0.2256 0.2522
vn 0.9454 -0.2093 0.2499
vn 0.9478 0.1663 0.2721
vn -0.0640 -0.8039 0.5913
vn 0.6213 -0.7631 0.1779
vn 0.6317 -0.7447 0.2155
vn 0.6317 -0.7456 0.2123
vn 0.8501 -0.4348 0.2971
vn 0.8503 -0.4343 0.2974
vn 0.9073 -0.2724 0.3204
vn 0.8591 -0.1754 0.4808
vn 0.8005 -0.1129 0.5886
vn 0.7881 -0.0102 0.6154
vn 0.7868 0.0537 0.6148
vn 0.7594 0.0396 0.6494
vn 0.7595 0.0130 0.6504
vn 0.4360 -0.8457 0.3076
vn 0.4852 -0.7875 0.3800
vn 0.9089 -0.3745 0.1836
vn 0.5104 -0.8279 0.2325
vn 0.6146 -0.7676 0.1819
vn 0.6217 -0.7618 0.1822
vn 0.8697 -0.1896 0.4557
vn 0.8709 -0.1850 0.4553
vn 0.7815 -0.0774 0.6190
vn 0.7505 0.0498 0.6590
vn 0.7165 0.2053 0.6667
vn 0.7589 0.0844 0.6458
vn 0.7597 0.1251 0.6381
vn 0.8913 -0.4211 0.1678
vn 0.9716 -0.1505 0.1826
vn 0.6362 -0.7658 -0.0940
vn 0.4224 -0.9063 0.0140
vn 0.8430 -0.4526 0.2905
vn 0.8480 -0.4370 0.3000
vn 0.8091 -0.5127 0.2873
vn 0.8893 -0.3232 0.3235
vn 0.8840 -0.2542 0.3922
vn 0.8818 -0.2652 0.3901
vn 0.8105 -0.1512 0.5659
vn 0.9618 -0.0896 0.2587
vn 0.1193 -0.8185 0.5620
vn 0.8345 -0.4611 0.3016
vn 0.7963 -0.2382 0.5559
vn 0.7913 -0.1208 0.5994
vn 0.7522 0.0470 0.6572
vn 0.7275 0.1018 0.6785
vn 0.7312 0.2594 0.6310
vn 0.4756 -0.8569 0.1990
vn 0.8619 -0.4872 0.1403
vn 0.8801 -0.4513 0.1478
vn 0.9393 -0.2618 0.2216
vn 0.9618 -0.1009 0.2544
vn 0.7769 -0.5746 -0.2575
vn 0.4000 -0.9165 0.0004
vn 0.6127 -0.7712 0.1729
vn 0.6052 -0.7670 0.2132
vn 0.8292 -0.4794 0.2875
vn 0.8079 -0.2581 0.5297
vn 0.8068 -0.2630 0.5290
vn 0.7591 -0.0861 0.6453
vn 0.7447 -0.0378 0.6663
vn 0.7590 0.0150 0.6509
vn 0.7385 -0.0175 0.6740
vn 0.3782 -0.9004 0.2152
vn 0.5507 -0.6913 0.4678
vn 0.2011 0.7997 -0.5657
vn 0.8991 -0.3960 0.1863
vn 0.9361 -0.2793 0.2136
vn 0.9612 -0.1069 0.2543
vn 0.9045 0.2717 0.3287
vn -0.1264 -0.7683 0.6274
vn 0.5875 -0.7769 0.2265
vn 0.8009 -0.5012 0.3276
vn 0.8559 -0.3915 0.3379
vn 0.8392 -0.3082 0.4481
vn 0.8348 -0.3215 0.4470
vn 0.7733 -0.1838 0.6068
vn 0.7254 0.0438 0.6869
vn 0.7256 0.0053 0.6880
vn 0.7249 0.0972 0.6820
vn 0.6595 0.3435 0.6687
vn -0.9933 -0.0215 0.1138
vn -0.9851 -0.0299 0.1694
vn -0.9790 -0.0755 0.1893
vn 0.8491 -0.5137 0.1231
vn 0.2199 -0.8015 0.5561
vn 0.3091 -0.9001 0.3071
vn 0.5646 -0.8031 0.1903
vn 0.5921 -0.7831 0.1902
vn 0.7773 -0.5645 0.2779
vn 0.7392 -0.3488 0.5760
vn 0.7477 -0.2299 0.6230
vn 0.7481 -0.1501 0.6464
vn 0.7361 -0.1034 0.6690
vn 0.7414 -0.0303 0.6704
vn 0.7233 0.0461 0.6890
vn -0.2041 -0.1343 0.9697
vn -0.1241 -0.6248 0.7708
vn 0.5551 -0.6947 0.4574
vn 0.6555 -0.0777 0.7511
vn 0.9230 -0.2885 0.2544
vn 0.9555 -0.0532 0.2903
vn 0.6743 -0.7182 -0.1716
vn 0.3656 -0.9306 0.0177
vn 0.7286 -0.5941 0.3408
vn 0.8406 -0.3754 0.3904
vn 0.7483 -0.4088 0.5225
vn 0.7534 -0.3131 0.5783
vn 0.7483 -0.2287 0.6227
vn 0.7114 -0.1585 0.6847
vn 0.7200 -0.0034 0.6939
vn 0.6859 0.1175 0.7182
vn 0.6918 0.1692 0.7020
vn 0.6130 -0.6597 0.4349
vn 0.7026 -0.0919 0.7056
vn 0.7116 -0.0925 0.6965
vn 0.3996 0.6682 -0.6276
vn 0.4239 0.7238 -0.5444
vn 0.5262 0.5641 -0.6364
vn 0.8735 -0.4446 0.1986
vn 0.9180 -0.2434 0.3131
vn 0.0605 -0.7939 0.6051
vn 0.5409 -0.7997 0.2604
vn 0.6888 -0.6693 0.2787
vn 0.7545 -0.4006 0.5199
vn 0.7211 -0.1379 0.6789
vn 0.7060 -0.0500 0.7064
vn 0.6958 0.0488 0.7166
vn 0.8430 -0.5108 0.1684
vn 0.8658 -0.4713 0.1683
vn 0.8995 -0.3915 0.1938
vn 0.9184 -0.2058 0.3380
vn 0.9416 0.0045 0.3368
vn 0.6404 -0.7520 -0.1562
vn 0.2756 -0.9559 0.1015
vn 0.5618 -0.8019 0.2032
vn 0.7844 -0.4179 0.4584
vn 0.6874 -0.2200 0.6921
vn 0.7142 -0.1655 0.6801
vn 0.6969 -0.0452 0.7158
vn 0.6913 0.0232 0.7222
vn 0.7018 0.0427 0.7111
vn 0.6927 0.0057 0.7212
vn 0.6935 0.0065 0.7204
vn 0.6975 0.0772 0.7124
vn 0.0299 0.6121 0.7902
vn 0.1653 0.5802 0.7976
vn -0.0349 0.7656 0.6424
vn 0.3820 0.5653 0.7311
vn 0.7874 -0.1779 0.5902
vn 0.8672 -0.4195 0.2685
vn 0.9014 -0.3360 0.2729
vn -0.0475 -0.7327 0.6789
vn 0.6261 -0.6493 0.4317
vn 0.7040 -0.4560 0.5445
vn 0.6701 -0.4802 0.5660
vn 0.6996 -0.4140 0.5824
vn 0.6788 -0.3457 0.6479
vn 0.6937 -0.2762 0.6653
vn 0.6916 -0.2780 0.6666
vn 0.7029 -0.0576 0.7089
vn 0.8898 -0.1850 0.4171
vn 0.8896 -0.4492 -0.0825
vn 0.5922 -0.7494 0.2961
vn 0.9022 -0.2057 0.3792
vn 0.3192 -0.8262 0.4642
vn 0.8713 -0.4897 -0.0336
vn -0.0934 -0.6897 0.7180
vn 0.8993 -0.4258 -0.0997
vn 0.1228 -0.8600 0.4954
vn 0.1805 -0.5729 0.7995
vn 0.5068 -0.7149 0.4817
vn -0.2164 -0.7386 0.6384
vn 0.8899 -0.4422 -0.1123
vn 0.8422 -0.4780 0.2494
vn 0.8651 -0.4354 0.2490
vn 0.9292 -0.1961 0.3134
vn 0.5838 -0.8031 -0.1191
vn 0.2181 -0.9658 0.1400
vn 0.5297 -0.8110 0.2483
vn 0.5239 -0.8133 0.2533
vn 0.4194 -0.8127 0.4045
vn 0.6615 -0.1795 0.7281
vn 0.6707 -0.0886 0.7365
vn 0.6758 0.1492 0.7218
vn 0.5632 -0.6924 0.4511
vn 0.4799 -0.7731 0.4148
vn 0.4777 -0.7082 0.5199
vn 0.2173 -0.5672 0.7944
vn -0.1733 -0.7954 0.5807
vn 0.3597 -0.4424 0.8215
vn 0.0875 -0.6988 0.7100
vn 0.9883 0.1414 -0.0566
vn 0.8735 -0.4642 0.1468
vn 0.5862 -0.5865 0.5590
vn 0.8079 -0.2131 0.5494
vn 0.5871 -0.0701 0.8065
vn 0.3904 -0.4288 0.8146
vn 0.2569 -0.6439 0.7207
vn 0.5717 0.0384 0.8196
vn 0.4800 -0.2741 0.8333
vn 0.9301 0.2997 0.2123
vn 0.6745 -0.0572 0.7360
vn 0.3951 -0.4823 0.7818
vn 0.8493 -0.3505 0.3948
vn 0.8872 -0.2081 0.4118
vn 0.8791 -0.0426 0.4747
vn -0.0491 -0.7332 0.6783
vn 0.6464 -0.7042 0.2937
vn 0.6031 -0.4830 0.6348
vn 0.6349 -0.4339 0.6393
vn 0.6211 -0.3436 0.7044
vn 0.6347 -0.3233 0.7019
vn 0.6332 -0.2481 0.7332
vn 0.6372 -0.2443 0.7309
vn 0.6506 -0.1608 0.7422
vn 0.6656 -0.0925 0.7405
vn 0.6503 -0.0105 0.7596
vn 0.6499 0.0448 0.7587
vn 0.6668 0.0643 0.7425
vn 0.6720 0.0192 0.7403
vn 0.4859 0.5684 0.6639
vn 0.3149 0.7792 -0.5419
vn 0.8146 -0.5330 0.2287
vn 0.8359 -0.5053 0.2142
vn 0.8778 -0.2230 0.4239
vn 0.5149 -0.8571 -0.0170
vn 0.4811 -0.8237 0.3001
vn 0.5349 -0.6192 0.5748
vn 0.5502 -0.6060 0.5746
vn 0.6040 -0.4843 0.6329
vn 0.6606 0.0061 0.7507
vn 0.6513 0.0769 0.7549
vn 0.5536 -0.7407 0.3807
vn 0.2877 0.9541 -0.0830
vn 0.5524 -0.6904 0.4671
vn 0.5216 -0.7286 0.4440
vn 0.4590 -0.8743 0.1580
vn 0.2466 -0.8836 0.3982
vn -0.2799 -0.7146 0.6411
vn 0.4919 -0.8353 0.2456
vn -0.0610 -0.2168 0.9743
vn 0.5200 -0.8239 0.2255
vn 0.3207 -0.3278 0.8886
vn 0.0973 -0.7927 0.6018
vn 0.6547 0.3997 0.6416
vn 0.4122 -0.3839 0.8262
vn -0.0339 0.1421 0.9893
vn 0.6487 0.4207 0.6342
vn 0.6405 0.4698 0.6075
vn 0.0827 0.2587 0.9624
vn 0.1359 0.1659 0.9767
vn 0.0788 0.3059 0.9488
vn 0.6337 0.4448 0.6330
vn 0.6158 0.4597 0.6399
vn 0.5916 0.5079 0.6261
vn 0.5869 0.5106 0.6284
vn 0.6688 0.4501 0.5917
vn 0.6526 0.4566 0.6047
vn 0.5930 0.4984 0.6324
vn 0.5540 0.5322 0.6402
vn 0.5749 0.5806 0.5765
vn 0.7734 -0.2878 0.5649
vn 0.6142 0.4966 0.6133
vn 0.5617 0.5331 0.6327
vn 0.6270 -0.5999 0.4969
vn 0.6877 0.5005 0.5259
vn 0.6705 0.5117 0.5372
vn 0.5505 0.5534 0.6251
vn 0.5515 0.5526 0.6248
vn 0.3337 -0.8525 0.4024
vn 0.2080 -0.8889 0.4081
vn 0.8053 -0.5507 -0.2195
vn 0.6642 0.5190 0.5381
vn 0.6215 0.5227 0.5835
vn 0.4987 0.6199 0.6058
vn 0.5381 0.6037 0.5882
vn 0.5144 -0.6416 0.5690
vn 0.5844 0.5626 0.5848
vn 0.5578 0.5708 0.6025
vn 0.5007 0.6517 0.5698
vn 0.6926 0.5724 0.4389
vn 0.6629 0.5597 0.4972
vn 0.6054 0.6039 0.5184
vn 0.5238 0.6144 0.5900
vn 0.4911 0.6136 0.6183
vn 0.4986 0.6203 0.6055
vn 0.4620 0.6628 0.5893
vn 0.4539 0.6683 0.5893
vn 0.4624 0.6697 0.5810
vn 0.4705 0.6845 0.5568
vn 0.4647 0.7518 0.4679
vn 0.4305 0.4688 0.7713
vn 0.6025 0.6127 0.5115
vn 0.6030 0.6081 0.5163
vn 0.5338 0.6557 0.5340
vn 0.4934 0.6420 0.5869
vn 0.5019 0.6742 0.5418
vn 0.3853 0.7459 0.5434
vn 0.8577 0.4820 -0.1789
vn 0.5472 0.3261 0.7708
vn 0.6551 0.2359 0.7177
vn 0.5689 0.0870 0.8178
vn 0.6523 -0.0140 0.7578
vn 0.5377 -0.2106 0.8164
vn 0.5318 -0.2027 0.8223
vn 0.5364 -0.5058 0.6757
vn 0.4327 -0.5078 0.7449
vn 0.4118 -0.7262 0.5505
vn 0.6402 0.6532 0.4044
vn 0.6094 0.6735 0.4184
vn 0.5434 0.6830 0.4881
vn 0.6666 0.7323 0.1393
vn 0.8167 0.4103 0.4057
vn 0.6217 0.2648 0.7371
vn 0.7760 -0.0228 0.6303
vn 0.5548 -0.0952 0.8265
vn 0.6134 -0.4152 0.6718
vn 0.4256 -0.4017 0.8109
vn 0.5020 -0.6297 0.5929
vn 0.8291 -0.5553 -0.0658
vn 0.6578 -0.1500 0.7381
vn 0.6518 -0.1146 0.7497
vn 0.6496 -0.1214 0.7505
vn 0.6812 -0.0706 0.7287
vn 0.7159 -0.1755 0.6758
vn 0.6917 0.6866 0.2237
vn 0.6492 0.6786 0.3434
vn 0.8440 0.5357 0.0267
vn 0.6642 0.4411 0.6035
vn 0.9264 0.2276 0.3000
vn 0.5724 0.0630 0.8176
vn 0.8263 -0.2349 0.5119
vn 0.8133 -0.1476 0.5628
vn 0.8139 -0.1272 0.5669
vn 0.7660 -0.1201 0.6316
vn 0.7560 -0.0997 0.6469
vn 0.7207 -0.1234 0.6822
vn 0.6844 -0.0094 0.7290
vn 0.6748 0.5218 0.5219
vn 0.9759 0.1406 0.1667
vn 0.7717 0.0933 0.6291
vn 0.9103 -0.1427 0.3886
vn 0.9198 -0.1423 0.3658
vn 0.9068 -0.1263 0.4021
vn 0.8918 -0.0759 0.4459
vn 0.8243 -0.0977 0.5577
vn 0.6544 0.2570 -0.7111
vn 0.6187 0.3292 -0.7133
vn 0.5757 0.3168 -0.7538
vn 0.5558 0.4406 -0.7049
vn 0.5997 0.3153 -0.7355
vn 0.5253 0.4446 -0.7256
vn 0.5289 0.4249 -0.7347
vn 0.5352 0.3306 -0.7773
vn -0.9956 0.0924 -0.0166
vn -0.4951 0.5802 -0.6467
vn -0.2816 0.8722 0.3999
vn -0.8511 0.3501 -0.3911
vn -0.6719 0.0364 -0.7398
vn -0.9701 -0.0995 0.2213
vn -0.6098 0.6101 -0.5058
vn -0.0416 0.7289 0.6834
vn -0.0580 0.8448 0.5320
vn -0.9835 0.0477 0.1743
vn -0.6133 0.5548 -0.5621
vn 0.0037 0.6362 0.7716
vn -0.0897 0.8268 0.5553
vn -0.5344 0.7615 -0.3668
vn -0.7918 0.5553 0.2543
vn -0.8167 0.5495 0.1763
vn -0.5744 0.6231 -0.5308
vn -0.0667 0.7201 0.6907
vn -0.1154 0.8205 0.5599
vn -0.5395 0.7354 -0.4101
vn -0.7842 0.5980 0.1656
vn -0.8327 0.5230 0.1818
vn -0.9951 0.0471 0.0864
vn -0.5556 0.6181 -0.5561
vn -0.1048 0.7395 0.6650
vn -0.1535 0.8434 0.5148
vn -0.5191 0.7461 -0.4171
vn -0.8031 0.5851 0.1129
vn -0.9991 0.0088 0.0408
vn -0.9983 0.0114 0.0568
vn -0.5337 0.6113 -0.5844
vn -0.1402 0.7602 0.6344
vn -0.1756 0.8410 0.5117
vn -0.5146 0.7207 -0.4646
vn -0.8141 0.5727 0.0962
vn -0.8626 0.4930 0.1137
vn -0.8607 0.4950 0.1191
vn -0.8563 0.4910 0.1603
vn -0.8758 0.4433 0.1912
vn -0.9960 0.0759 -0.0463
vn -0.5268 0.6126 -0.5893
vn -0.3418 0.8554 0.3892
vn -0.1575 0.8075 0.5685
vn -0.4819 0.7436 -0.4635
vn -0.8318 0.5539 0.0360
vn -0.8874 0.4210 0.1877
vn -0.8907 0.4002 0.2156
vn -0.2851 0.8222 0.4926
vn -0.3043 0.8841 0.3546
vn -0.4915 0.7118 -0.5018
vn -0.8364 0.5475 0.0263
vn -0.8357 0.5484 -0.0279
vn -0.8756 0.4829 0.0118
vn -0.8742 0.4835 0.0438
vn -0.8823 0.4628 0.0858
vn -0.8827 0.4630 0.0806
vn -0.8984 0.4253 0.1098
vn -0.8984 0.4114 0.1539
vn -0.4646 0.6845 -0.5618
vn -0.8484 0.5239 -0.0754
vn -0.8621 0.4917 -0.1226
vn -0.8455 0.5068 -0.1679
vn -0.8649 0.4785 -0.1515
vn -0.8741 0.4746 -0.1031
vn -0.9185 0.3472 0.1891
vn -0.9173 0.3250 0.2300
vn -0.8958 0.4388 -0.0704
vn -0.8992 0.4358 -0.0380
vn -0.9134 0.4072 0.0012
vn -0.9233 0.3595 0.1348
vn -0.9246 0.3533 0.1425
vn -0.9212 0.3288 0.2079
vn -0.9250 0.2866 0.2494
vn -0.9175 0.3978 0.0041
vn -0.9246 0.3794 0.0325
vn -0.9251 0.3747 0.0613
vn -0.9283 0.3635 0.0780
vn -0.9307 0.2789 0.2366
vn -0.8813 0.4184 -0.2196
vn -0.9075 0.3985 -0.1326
vn -0.9392 0.2962 0.1737
vn -0.8873 0.4072 -0.2166
vn -0.9419 0.3100 0.1291
vn -0.9439 0.2746 0.1836
vn -0.9272 0.3583 -0.1093
vn -0.9295 0.3555 -0.0978
vn -0.9480 0.3118 0.0632
vn -0.9511 0.2974 0.0839
vn -0.9461 0.2690 0.1801
vn -0.9439 0.2292 0.2377
vn -0.9431 0.2237 0.2458
vn -0.8876 0.3707 -0.2734
vn -0.8911 0.3730 -0.2586
vn -0.9411 0.3311 -0.0684
vn -0.9443 0.3288 -0.0150
vn -0.9487 0.3162 0.0050
vn -0.9524 0.2932 0.0834
vn -0.9588 0.2590 0.1164
vn -0.9520 0.2398 0.1905
vn -0.9493 0.2106 0.2335
vn -0.9189 0.3385 -0.2026
vn -0.9581 0.1671 0.2326
vn 0.5021 -0.6836 0.5298
vn 0.6244 0.0217 0.7808
vn -0.8772 0.3448 -0.3341
vn -0.9500 0.3007 -0.0843
vn -0.9581 0.2855 -0.0245
vn -0.9647 0.2607 0.0361
vn -0.9639 0.2429 0.1089
vn -0.9625 0.2194 0.1594
vn -0.9576 0.1967 0.2103
vn -0.9599 0.1843 0.2112
vn -0.8591 -0.0435 0.5100
vn -0.9998 -0.0207 -0.0035
vn -0.9304 -0.2648 0.2534
vn -0.9248 0.3119 -0.2176
vn -0.9654 0.2609 -0.0068
vn -0.9689 0.2338 0.0809
vn -0.9655 0.2066 0.1583
vn -0.9654 0.2086 0.1561
vn -0.9626 0.1934 0.1899
vn -0.9643 0.1949 0.1791
vn -0.8851 -0.0320 0.4642
vn -0.9998 -0.0097 -0.0157
vn -0.9454 -0.2355 0.2252
vn -0.8847 -0.4008 0.2381
vn -0.8589 -0.4313 0.2761
vn -0.8779 -0.4184 0.2329
vn -0.8338 0.3219 -0.4485
vn -0.8956 0.3063 -0.3227
vn -0.9374 0.2885 -0.1949
vn -0.9502 0.2839 -0.1289
vn -0.9731 0.1990 0.1162
vn -0.9697 0.1876 0.1567
vn -0.9055 -0.0218 0.4238
vn -0.9993 -0.0033 -0.0373
vn -0.9571 -0.2151 0.1941
vn -0.8995 -0.3817 0.2125
vn -0.8760 -0.4118 0.2510
vn -0.8933 -0.3990 0.2069
vn -0.6663 0.4231 -0.6141
vn 0.0752 0.4591 0.8852
vn -0.8359 0.3050 -0.4564
vn -0.8945 0.2990 -0.3323
vn -0.9646 0.2440 -0.0997
vn -0.9692 0.2441 -0.0335
vn -0.9747 0.2111 0.0734
vn -0.9748 0.2100 0.0750
vn -0.9757 0.1854 0.1170
vn -0.9976 -0.0013 -0.0687
vn -0.9656 -0.2043 0.1610
vn -0.9132 -0.3628 0.1854
vn -0.8921 -0.3924 0.2238
vn -0.9070 -0.3802 0.1812
vn -0.6532 0.4237 -0.6275
vn 0.0308 0.4670 0.8837
vn -0.0641 0.6649 0.7442
vn -0.6329 0.5982 -0.4915
vn -0.9280 0.2415 0.2837
vn -0.8165 0.2888 -0.5000
vn -0.8755 0.2868 -0.3889
vn -0.9356 0.2596 -0.2393
vn -0.9769 0.2131 -0.0186
vn -0.9781 0.2049 0.0377
vn -0.9795 0.1865 0.0766
vn -0.9409 -0.0066 0.3386
vn -0.9944 -0.0042 -0.1060
vn -0.9711 -0.2009 0.1287
vn -0.9258 -0.3440 0.1566
vn -0.9074 -0.3727 0.1940
vn -0.9196 -0.3613 0.1543
vn -0.6394 0.4241 -0.6413
vn -0.0139 0.4749 0.8799
vn -0.1047 0.6695 0.7354
vn -0.6242 0.5947 -0.5067
vn -0.9376 0.2248 0.2653
vn -0.9519 0.2432 0.1863
vn -0.9510 0.2086 0.2284
vn -0.8150 0.2833 -0.5055
vn -0.9201 0.2543 -0.2978
vn -0.9172 0.2564 -0.3049
vn -0.9657 0.2274 -0.1252
vn -0.9780 0.2062 -0.0314
vn -0.9825 0.1825 0.0381
vn -0.9508 -0.0152 0.3095
vn -0.9883 -0.0116 -0.1519
vn -0.9553 -0.2575 0.1451
vn -0.9678 -0.2502 0.0278
vn -0.9372 -0.3264 0.1228
vn -0.9366 -0.3267 0.1266
vn -0.9219 -0.3527 0.1605
vn -0.9312 -0.3423 0.1252
vn -0.6247 0.4241 -0.6557
vn -0.0592 0.4832 0.8735
vn -0.1454 0.6739 0.7244
vn -0.6147 0.5904 -0.5230
vn -0.9504 0.2419 0.1953
vn -0.9677 0.2181 0.1265
vn -0.7907 0.2653 -0.5518
vn -0.8806 0.2534 -0.4005
vn -0.9548 0.2251 -0.1942
vn -0.9726 0.2084 -0.1031
vn -0.9760 0.2017 -0.0817
vn -0.9840 0.1763 -0.0269
vn -0.9613 -0.0267 0.2741
vn -0.9770 -0.0184 -0.2122
vn -0.9642 -0.2551 0.0726
vn -0.9678 -0.2512 0.0129
vn -0.9487 -0.3055 0.0817
vn -0.9493 -0.3051 0.0757
vn -0.6880 0.3664 -0.6264
vn -0.2805 0.4495 0.8481
vn -0.4031 0.7142 0.5723
vn -0.1053 0.4919 0.8643
vn -0.1857 0.6767 0.7125
vn -0.6056 0.5798 -0.5451
vn -0.9567 0.2558 0.1390
vn -0.9714 0.1897 0.1430
vn -0.9628 0.1592 0.2185
vn -0.9588 0.1351 0.2499
vn -0.7905 0.2647 -0.5524
vn -0.8607 0.2444 -0.4466
vn -0.8747 0.2457 -0.4179
vn -0.9895 0.1234 -0.0748
vn -0.9857 -0.0481 0.1614
vn -0.9643 -0.0390 -0.2621
vn -0.9674 -0.2530 -0.0061
vn -0.9674 -0.2530 -0.0060
vn -0.9582 -0.2840 0.0339
vn -0.9583 -0.2839 0.0321
vn -0.6628 0.3710 -0.6505
vn -0.3184 0.4662 0.8254
vn -0.4216 0.7049 0.5704
vn -0.6666 0.6019 -0.4397
vn -0.9257 0.3385 0.1685
vn -0.9490 0.3120 -0.0443
vn -0.9642 0.2502 0.0875
vn -0.9778 0.1854 0.0974
vn -0.9704 0.1931 0.1447
vn -0.9736 0.1522 0.1702
vn -0.9668 0.1123 0.2297
vn -0.8007 0.2377 -0.5499
vn -0.9533 0.2039 -0.2228
vn -0.9549 0.1999 -0.2194
vn -0.9921 0.1240 -0.0169
vn -0.9673 0.1161 -0.2254
vn -0.9978 -0.0665 0.0074
vn -0.9599 -0.0588 -0.2741
vn -0.9707 -0.2314 -0.0652
vn -0.9709 -0.2317 -0.0605
vn -0.9648 -0.2620 -0.0213
vn -0.9648 -0.2622 -0.0186
vn -0.6379 0.3720 -0.6743
vn -0.3617 0.4822 0.7979
vn -0.4493 0.7013 0.5534
vn -0.6511 0.5790 -0.4908
vn -0.9498 0.2966 0.1000
vn -0.9570 0.2830 -0.0630
vn -0.9704 0.2377 0.0427
vn -0.9824 0.1781 0.0559
vn -0.9785 0.1834 0.0944
vn -0.9783 0.1333 0.1584
vn -0.9756 0.1081 0.1910
vn -0.9648 0.0813 0.2502
vn -0.8421 0.2281 -0.4887
vn -0.9251 0.2065 -0.3188
vn -0.9164 0.2126 -0.3391
vn -0.9459 0.2012 -0.2546
vn -0.9812 -0.0222 -0.1915
vn -0.9802 -0.0180 -0.1971
vn -0.9702 -0.2072 -0.1257
vn -0.9672 -0.2396 -0.0838
vn -0.9677 -0.2402 -0.0764
vn -0.6118 0.3707 -0.6988
vn -0.4080 0.4990 0.7645
vn -0.4764 0.6849 0.5513
vn -0.6357 0.5386 -0.5530
vn -0.9470 0.3195 -0.0331
vn -0.9745 0.2235 -0.0209
vn -0.9836 0.1278 0.1275
vn -0.7322 0.2318 -0.6404
vn -0.7878 0.2191 -0.5756
vn -0.7867 0.2188 -0.5773
vn -0.8973 0.2034 -0.3918
vn -0.9031 0.1997 -0.3801
vn -0.9815 0.0342 -0.1882
vn -0.9278 0.0314 -0.3719
vn -0.9625 -0.0717 -0.2615
vn -0.9669 -0.1919 -0.1684
vn -0.9670 -0.2100 -0.1441
vn -0.9660 -0.2067 -0.1552
vn -0.5840 0.3674 -0.7238
vn -0.4564 0.5171 0.7241
vn -0.5158 0.7033 0.4892
vn -0.6127 0.5410 -0.5761
vn -0.9510 0.2878 -0.1130
vn -0.9810 0.1903 -0.0378
vn -0.9859 0.1640 0.0331
vn -0.9753 0.0600 0.2126
vn -0.9631 0.0378 0.2664
vn -0.8455 0.2061 -0.4926
vn -0.8631 0.1945 -0.4660
vn -0.9162 0.0042 -0.4007
vn -0.9401 -0.1168 -0.3203
vn -0.9347 -0.1174 -0.3354
vn -0.9468 -0.1662 -0.2755
vn -0.9549 -0.1685 -0.2446
vn -0.9573 -0.1886 -0.2192
vn -0.9572 -0.1886 -0.2193
vn -0.5545 0.3625 -0.7491
vn -0.5060 0.5364 0.6754
vn -0.5514 0.7074 0.4423
vn -0.5893 0.5224 -0.6163
vn -0.9651 0.2275 -0.1297
vn -0.9526 0.2401 -0.1867
vn -0.9775 0.1772 -0.1148
vn -0.9738 0.1916 -0.1226
vn -0.9813 0.1796 -0.0694
vn -0.9900 0.1382 0.0277
vn -0.9898 0.1079 0.0928
vn -0.9821 0.0739 0.1733
vn -0.9804 0.0634 0.1868
vn -0.9688 0.0330 0.2458
vn -0.7313 0.2047 -0.6506
vn -0.8266 0.1984 -0.5267
vn -0.8721 0.0774 -0.4832
vn -0.8998 -0.0364 -0.4349
vn -0.9289 -0.1393 -0.3433
vn -0.9297 -0.1389 -0.3412
vn -0.5975 0.2914 -0.7470
vn -0.7672 0.4763 0.4295
vn -0.7496 0.6571 0.0793
vn -0.5557 0.5563 0.6179
vn -0.5864 0.7122 0.3858
vn -0.5630 0.5037 -0.6552
vn -0.9449 0.2271 -0.2356
vn -0.9414 0.2179 -0.2576
vn -0.9874 0.1419 -0.0693
vn -0.9927 0.1189 -0.0179
vn -0.9904 0.1034 0.0919
vn -0.9887 0.0763 0.1293
vn -0.9701 0.0256 0.2412
vn -0.7407 0.1976 -0.6422
vn -0.7711 0.1988 -0.6048
vn -0.7933 0.1440 -0.5916
vn -0.8193 0.1389 -0.5563
vn -0.8442 0.0509 -0.5336
vn -0.8942 -0.0928 -0.4380
vn -0.9026 -0.1192 -0.4137
vn -0.9049 -0.1222 -0.4076
vn -0.5450 0.2994 -0.7832
vn -0.7744 0.5144 0.3684
vn -0.7531 0.6505 0.0981
vn -0.6195 0.4703 -0.6286
vn -0.9159 0.2847 -0.2831
vn -0.8756 0.2570 -0.4090
vn -0.9249 0.2205 -0.3097
vn -0.9430 0.1616 -0.2909
vn -0.9742 0.1525 -0.1664
vn -0.9918 0.1271 -0.0165
vn -0.9959 0.0892 0.0136
vn -0.9941 0.0902 0.0604
vn -0.9670 -0.0004 0.2548
vn -0.9555 -0.0126 0.2948
vn -0.6939 0.2043 -0.6905
vn -0.7491 0.1259 -0.6504
vn -0.7821 0.0995 -0.6152
vn -0.8405 -0.0538 -0.5391
vn -0.8636 -0.0987 -0.4945
vn -0.8736 -0.1015 -0.4760
vn -0.5031 0.2986 -0.8110
vn -0.7940 0.5360 0.2868
vn -0.7577 0.6515 0.0384
vn -0.5652 0.4394 -0.6983
vn -0.8666 0.2563 -0.4282
vn -0.9413 0.1819 -0.2845
vn -0.9571 0.1466 -0.2499
vn -0.9828 0.1275 -0.1336
vn -0.9951 0.0424 0.0895
vn -0.9874 0.0288 0.1559
vn -0.7309 0.0724 -0.6786
vn -0.7313 0.0723 -0.6782
vn -0.7898 -0.0316 -0.6125
vn -0.8125 -0.0638 -0.5794
vn -0.8158 -0.0645 -0.5747
vn -0.5336 0.2930 -0.7934
vn -0.8277 0.4216 -0.3704
vn -0.7692 0.6068 0.2005
vn -0.5282 0.4729 -0.7052
vn -0.8375 0.2174 -0.5014
vn -0.8889 0.1726 -0.4243
vn -0.9008 0.1716 -0.3989
vn -0.9183 0.1587 -0.3628
vn -0.9555 0.1332 -0.2633
vn -0.9934 0.0943 -0.0650
vn -0.9959 0.0794 -0.0431
vn -0.9972 0.0732 -0.0138
vn -0.9945 0.0500 0.0925
vn -0.9922 0.0335 0.1199
vn -0.9838 0.0106 0.1790
vn -0.9747 -0.0193 0.2228
vn -0.9656 -0.0366 0.2573
vn -0.9592 -0.0308 0.2810
vn -0.9420 -0.1125 0.3163
vn -0.6502 0.1076 -0.7521
vn -0.7102 0.0221 -0.7036
vn -0.7492 -0.0216 -0.6619
vn -0.7661 -0.0377 -0.6416
vn -0.7661 -0.0377 -0.6417
vn -0.5754 0.2413 -0.7815
vn -0.7384 0.2685 -0.6186
vn -0.8553 0.5056 -0.1129
vn -0.5570 0.4218 -0.7154
vn -0.7939 0.2173 -0.5679
vn -0.8465 0.1794 -0.5012
vn -0.8766 0.1635 -0.4525
vn -0.9256 0.1312 -0.3551
vn -0.9845 0.0990 -0.1445
vn -0.9849 0.0982 -0.1428
vn -0.9983 0.0573 -0.0047
vn -0.9981 0.0421 0.0458
vn -0.9838 -0.0024 0.1794
vn -0.9794 -0.0166 0.2010
vn -0.9703 -0.0322 0.2397
vn -0.9550 -0.1516 0.2550
vn -0.7796 -0.3707 0.5048
vn -0.9424 -0.3343 0.0069
vn -0.7930 -0.5501 0.2617
vn -0.7095 0.0064 -0.7047
vn -0.7371 -0.0253 -0.6753
vn -0.7383 -0.0255 -0.6740
vn -0.5112 0.1872 -0.8388
vn -0.8673 0.3279 -0.3745
vn -0.6111 0.4058 -0.6796
vn -0.7305 0.2287 -0.6434
vn -0.7241 0.2287 -0.6507
vn -0.7974 0.1795 -0.5761
vn -0.8246 0.1633 -0.5416
vn -0.8711 0.1401 -0.4707
vn -0.9641 0.1021 -0.2451
vn -0.9677 0.0984 -0.2322
vn -0.9815 -0.0396 0.1871
vn -0.9598 -0.1597 0.2308
vn -0.8073 -0.3691 0.4604
vn -0.9470 -0.3209 -0.0148
vn -0.8093 -0.5365 0.2390
vn -0.8144 -0.5351 0.2245
vn -0.7874 -0.5600 0.2577
vn -0.7931 -0.5586 0.2429
vn -0.7569 0.3149 -0.5727
vn -0.7321 -0.0003 -0.6812
vn -0.6983 0.0004 -0.7158
vn -0.5514 0.2037 -0.8090
vn -0.6703 0.2082 -0.7123
vn -0.8300 0.3777 -0.4104
vn -0.5796 0.3547 -0.7337
vn -0.7027 0.1792 -0.6886
vn -0.7586 0.1587 -0.6319
vn -0.7758 0.1595 -0.6105
vn -0.8275 0.1386 -0.5441
vn -0.8422 0.1319 -0.5228
vn -0.9176 0.1121 -0.3813
vn -0.9893 0.0645 -0.1307
vn -0.9900 0.0631 -0.1260
vn -0.9962 -0.0012 0.0874
vn -0.9916 -0.0161 0.1282
vn -0.9692 -0.1552 0.1910
vn -0.8304 -0.3568 0.4280
vn -0.9510 -0.3070 -0.0366
vn -0.8255 -0.5218 0.2153
vn -0.8297 -0.5205 0.2018
vn -0.8041 -0.5459 0.2354
vn -0.8089 -0.5447 0.2214
vn -0.7381 0.3293 -0.5889
vn -0.0320 0.3835 0.9230
vn -0.1789 0.6565 0.7328
vn -0.7133 0.5787 -0.3954
vn -0.8985 0.1418 0.4155
vn -0.6885 0.0184 -0.7250
vn -0.7290 0.4105 -0.5478
vn -0.7425 0.1468 -0.6536
vn -0.8006 0.1295 -0.5850
vn -0.8963 0.1090 -0.4298
vn -0.9012 0.1077 -0.4198
vn -0.9977 0.0335 -0.0587
vn -0.9990 0.0183 0.0412
vn -0.9958 -0.0071 0.0911
vn -0.9921 -0.0161 0.1244
vn -0.9699 -0.0955 0.2240
vn -0.9924 -0.0784 0.0944
vn -0.8541 -0.3479 0.3867
vn -0.9522 -0.3012 -0.0501
vn -0.8415 -0.5060 0.1895
vn -0.8447 -0.5049 0.1776
vn -0.8207 -0.5307 0.2116
vn -0.8246 -0.5296 0.1988
vn -0.7233 0.3389 -0.6017
vn -0.0627 0.3888 0.9192
vn -0.1960 0.6505 0.7338
vn -0.7021 0.5723 -0.4236
vn -0.9227 0.1100 0.3694
vn -0.9765 0.1057 0.1879
vn -0.9550 0.0412 0.2937
vn -0.6314 0.1949 -0.7506
vn -0.6402 0.1904 -0.7442
vn -0.6669 0.1678 -0.7260
vn -0.6938 0.1559 -0.7031
vn -0.7014 0.1600 -0.6946
vn -0.9448 0.0825 -0.3172
vn -0.9335 0.0836 -0.3487
vn -0.9950 0.0368 -0.0927
vn -0.9849 -0.1242 0.1208
vn -0.8728 -0.3182 0.3701
vn -0.9522 -0.2994 -0.0606
vn -0.8574 -0.4889 0.1606
vn -0.8597 -0.4881 0.1509
vn -0.8374 -0.5144 0.1851
vn -0.8403 -0.5134 0.1742
vn -0.7120 0.3448 -0.6117
vn -0.0996 0.3903 0.9153
vn -0.2229 0.6458 0.7303
vn -0.6934 0.5688 -0.4424
vn -0.9412 0.0944 0.3243
vn -0.9808 0.0975 0.1687
vn -0.9654 0.0327 0.2588
vn -0.9539 -0.0265 0.2991
vn -0.9514 -0.0305 0.3065
vn -0.6270 0.1923 -0.7549
vn -0.6505 0.1659 -0.7412
vn -0.7906 0.1146 -0.6015
vn -0.9707 0.0532 -0.2342
vn -0.9756 0.0487 -0.2141
vn -0.9719 0.0495 -0.2301
vn -0.9999 0.0022 -0.0113
vn -0.9997 0.0051 -0.0237
vn -0.9991 -0.0214 0.0357
vn -0.9970 -0.0161 0.0761
vn -0.9931 -0.0904 0.0753
vn -0.8945 -0.2983 0.3329
vn -0.9562 -0.2764 -0.0962
vn -0.8731 -0.4706 0.1273
vn -0.8744 -0.4700 0.1205
vn -0.8540 -0.4967 0.1547
vn -0.8559 -0.4960 0.1464
vn -0.7044 0.3467 -0.6193
vn -0.1428 0.3882 0.9104
vn -0.2589 0.6418 0.7219
vn -0.6877 0.5658 -0.4550
vn -0.9557 0.0860 0.2814
vn -0.9866 0.0896 0.1365
vn -0.9749 0.0283 0.2207
vn -0.9656 -0.0268 0.2586
vn -0.6315 0.2091 -0.7466
vn -0.6896 0.1369 -0.7111
vn -0.7434 0.1239 -0.6573
vn -0.7579 0.1145 -0.6423
vn -0.8470 0.0950 -0.5230
vn -0.8569 0.0925 -0.5070
vn -0.9238 0.0622 -0.3777
vn -0.9638 0.0526 -0.2612
vn -0.9895 0.0156 -0.1438
vn -0.9999 -0.0046 -0.0127
vn -0.9984 -0.0458 0.0338
vn -0.9154 -0.2755 0.2936
vn -0.9584 -0.2495 -0.1389
vn -0.8872 -0.4516 0.0946
vn -0.8886 -0.4507 0.0850
vn -0.8704 -0.4778 0.1191
vn -0.8713 -0.4773 0.1142
vn -0.7013 0.3439 -0.6244
vn -0.1939 0.3821 0.9035
vn -0.3051 0.6386 0.7064
vn -0.6856 0.5623 -0.4624
vn -0.9688 0.0899 0.2311
vn -0.9912 0.0878 0.0992
vn -0.9828 0.0258 0.1830
vn -0.9748 -0.0233 0.2218
vn -0.9654 -0.0264 0.2593
vn -0.9468 0.1029 0.3051
vn -0.9469 0.1030 0.3047
vn -0.7094 0.1174 -0.6949
vn -0.8140 0.0938 -0.5732
vn -0.8236 0.0898 -0.5600
vn -0.9045 0.0655 -0.4215
vn -0.9138 0.0613 -0.4016
vn -0.9905 0.0158 -0.1365
vn -0.9996 -0.0237 -0.0154
vn -0.9421 -0.2415 0.2329
vn -0.9571 -0.2134 -0.1959
vn -0.9034 -0.4267 0.0424
vn -0.8844 -0.4599 0.0793
vn -0.7044 0.3339 -0.6263
vn -0.2563 0.3705 0.8928
vn -0.3656 0.6376 0.6781
vn -0.6882 0.5576 -0.4642
vn -0.9776 0.0936 0.1885
vn -0.9954 0.0842 0.0462
vn -0.9891 0.0258 0.1448
vn -0.9836 -0.0223 0.1792
vn -0.9758 -0.0253 0.2173
vn -0.9628 0.1059 0.2484
vn -0.6458 0.1689 -0.7446
vn -0.6554 0.1471 -0.7408
vn -0.6687 0.1342 -0.7313
vn -0.8811 0.0635 -0.4687
vn -0.9506 0.0354 -0.3085
vn -0.9482 0.0357 -0.3156
vn -0.9974 -0.0098 -0.0708
vn -0.9948 -0.0073 -0.1016
vn -0.9698 -0.2050 0.1320
vn -0.9550 -0.1713 -0.2422
vn -0.9206 -0.3904 -0.0099
vn -0.8978 -0.4385 0.0412
vn -0.8849 -0.4607 0.0683
vn -0.8869 -0.4581 0.0600
vn -0.6188 0.4068 -0.6720
vn -0.6974 0.5522 -0.4568
vn -0.9832 0.1078 0.1474
vn -0.9953 0.0961 -0.0103
vn -0.9945 0.0278 0.1008
vn -0.9889 -0.0195 0.1470
vn -0.9837 -0.0227 0.1781
vn -0.7053 0.1057 -0.7009
vn -0.9723 0.0079 -0.2338
vn -0.9831 -0.0002 -0.1833
vn -0.9822 -0.0007 -0.1878
vn -0.9887 -0.1488 0.0189
vn -0.9584 -0.1386 -0.2496
vn -0.9423 -0.3275 -0.0692
vn -0.9104 -0.4135 -0.0120
vn -0.8993 -0.4370 0.0157
vn -0.9001 -0.4356 0.0115
vn -0.6215 0.3978 -0.6749
vn -0.2134 0.4208 0.8817
vn -0.2802 0.6200 0.7329
vn -0.6127 0.5506 -0.5670
vn -0.9980 0.0350 0.0524
vn -0.9950 -0.0180 0.0978
vn -0.9904 -0.0236 0.1360
vn -0.9706 0.1075 0.2153
vn -0.7022 0.1988 -0.6837
vn -0.7395 0.0901 -0.6671
vn -0.8710 0.0527 -0.4885
vn -0.9646 0.0022 -0.2636
vn -0.9615 0.0053 -0.2747
vn -0.9633 -0.1728 -0.2056
vn -0.9603 -0.2432 -0.1365
vn -0.9197 -0.3856 -0.0733
vn -0.9105 -0.4110 -0.0442
vn -0.9108 -0.4104 -0.0462
vn -0.6297 0.3819 -0.6765
vn -0.2850 0.4080 0.8674
vn -0.3495 0.6152 0.7067
vn -0.6208 0.5385 -0.5698
vn -0.9988 0.0487 -0.0108
vn -0.9990 -0.0148 0.0433
vn -0.9959 -0.0217 0.0873
vn -0.9782 0.1070 0.1782
vn -0.9661 0.1031 0.2366
vn -0.9481 0.0859 0.3060
vn -0.6716 0.1206 -0.7310
vn -0.8189 0.0625 -0.5705
vn -0.8373 0.0505 -0.5444
vn -0.9136 0.0258 -0.4057
vn -0.9280 0.0201 -0.3721
vn -0.9623 -0.0737 -0.2617
vn -0.9729 -0.1612 -0.1655
vn -0.9238 -0.3575 -0.1369
vn -0.9166 -0.3867 -0.1018
vn -0.9168 -0.3836 -0.1111
vn -0.6447 0.3561 -0.6764
vn -0.3729 0.3894 0.8422
vn -0.4351 0.6087 0.6634
vn -0.6352 0.5189 -0.5721
vn -0.9954 0.0609 -0.0737
vn -0.9998 -0.0110 -0.0160
vn -0.9994 -0.0204 0.0262
vn -0.9848 0.1107 0.1339
vn -0.9782 0.1072 0.1777
vn -0.9578 0.0732 0.2781
vn -0.7210 0.1701 -0.6717
vn -0.6918 0.1030 -0.7147
vn -0.6945 0.1021 -0.7122
vn -0.7444 0.0784 -0.6631
vn -0.7699 0.0656 -0.6348
vn -0.7653 0.0667 -0.6402
vn -0.7809 0.0598 -0.6218
vn -0.8922 0.0211 -0.4511
vn -0.9363 0.0050 -0.3512
vn -0.9147 -0.2467 -0.3201
vn -0.9120 -0.3413 -0.2277
vn -0.4941 0.3792 0.7824
vn -0.5445 0.5870 0.5992
vn -0.6575 0.4916 -0.5710
vn -0.9868 0.0791 -0.1415
vn -0.9966 -0.0112 -0.0818
vn -0.9983 -0.0193 -0.0541
vn -0.9903 0.1100 0.0854
vn -0.9875 0.1070 0.1155
vn -0.9665 0.0939 0.2388
vn -0.9605 -0.1001 -0.2596
vn -0.9031 -0.1128 -0.4143
vn -0.9174 -0.2450 -0.3135
vn -0.9131 -0.3374 -0.2288
vn -0.9113 -0.3533 -0.2113
vn -0.9122 -0.3621 -0.1918
vn -0.5779 0.4249 -0.6968
vn -0.7431 0.4003 -0.5363
vn -0.9645 0.0799 -0.2516
vn -0.9883 -0.0089 -0.1524
vn -0.9922 -0.0171 -0.1236
vn -0.9933 0.1120 0.0272
vn -0.9918 0.1083 0.0672
vn -0.9818 0.0920 0.1661
vn -0.9593 0.0568 0.2766
vn -0.9571 0.0431 0.2866
vn -0.8899 0.0178 -0.4558
vn -0.8960 -0.0118 -0.4439
vn -0.9014 -0.2988 -0.3133
vn -0.9007 -0.3286 -0.2841
vn -0.9019 -0.3316 -0.2768
vn -0.6263 0.3330 -0.7049
vn -0.5151 0.3800 0.7683
vn -0.5548 0.6201 0.5547
vn -0.9923 0.1113 -0.0536
vn -0.9940 0.1090 0.0081
vn -0.9861 0.0920 0.1380
vn -0.9777 0.0737 0.1967
vn -0.9780 0.0479 0.2028
vn -0.9471 -0.0090 0.3208
vn -0.8255 0.0260 -0.5638
vn -0.8313 0.0279 -0.5551
vn -0.8572 0.0147 -0.5148
vn -0.8750 -0.1561 -0.4582
vn -0.8692 -0.2574 -0.4221
vn -0.6922 0.3354 0.6390
vn -0.7026 0.5751 0.4191
vn -0.6483 0.4348 -0.6251
vn -0.9432 0.0540 -0.3278
vn -0.9708 -0.0001 -0.2398
vn -0.9811 -0.0147 -0.1931
vn -0.9921 0.1097 -0.0614
vn -0.9768 0.0560 0.2068
vn -0.9589 0.0217 0.2829
vn -0.9470 -0.0242 0.3203
vn -0.7094 0.0756 -0.7007
vn -0.7222 0.0711 -0.6880
vn -0.7878 0.0333 -0.6151
vn -0.7887 0.0328 -0.6139
vn -0.8320 -0.1145 -0.5428
vn -0.8705 -0.2527 -0.4222
vn -0.8750 -0.2927 -0.3855
vn -0.8798 -0.3031 -0.3663
vn -0.6446 0.3017 -0.7025
vn -0.9407 -0.0029 -0.3393
vn -0.9574 -0.0149 -0.2885
vn -0.9866 0.1124 -0.1183
vn -0.9671 0.0035 0.2545
vn -0.9581 -0.0304 0.2849
vn -0.8218 -0.0076 -0.5698
vn -0.8561 -0.0790 -0.5107
vn -0.7701 0.3250 0.5489
vn -0.7640 0.5576 0.3246
vn -0.6320 0.4103 -0.6575
vn -0.9041 0.0431 -0.4252
vn -0.9062 0.0005 -0.4229
vn -0.9316 -0.0085 -0.3633
vn -0.9737 0.1116 -0.1986
vn -0.9824 0.1071 -0.1528
vn -0.9959 0.0769 0.0472
vn -0.9848 0.0324 0.1708
vn -0.9686 -0.0144 0.2482
vn -0.9423 -0.0795 0.3253
vn -0.8182 -0.2931 0.4946
vn -0.7216 0.1565 -0.6743
vn -0.7363 0.1184 -0.6662
vn -0.7378 0.0495 -0.6732
vn -0.7674 0.0303 -0.6405
vn -0.8361 -0.0990 -0.5396
vn -0.7689 -0.0542 -0.6371
vn -0.8243 -0.2265 -0.5188
vn -0.8391 -0.2588 -0.4784
vn -0.8456 -0.2643 -0.4638
vn -0.5878 0.3322 -0.7376
vn -0.7067 0.2856 -0.6474
vn -0.8516 0.0456 -0.5223
vn -0.8522 0.0453 -0.5213
vn -0.9063 0.0006 -0.4227
vn -0.9532 0.1099 -0.2816
vn -0.9656 0.1059 -0.2373
vn -0.9966 0.0823 0.0061
vn -0.9970 0.0741 0.0225
vn -0.9926 0.0611 0.1045
vn -0.9927 0.0476 0.1109
vn -0.9845 0.0079 0.1754
vn -0.9701 -0.0174 0.2422
vn -0.9536 -0.0897 0.2873
vn -0.7954 -0.3430 0.4997
vn -0.9492 -0.3018 0.0890
vn -0.8252 -0.5012 0.2603
vn -0.7280 0.1433 -0.6704
vn -0.7380 0.0476 -0.6731
vn -0.8885 0.2740 0.3680
vn -0.8430 0.5212 0.1328
vn -0.8717 -0.0094 -0.4900
vn -0.9265 0.1065 -0.3609
vn -0.9947 0.0860 -0.0560
vn -0.9865 -0.0131 0.1635
vn -0.9737 -0.0418 0.2241
vn -0.9615 0.1796 0.2079
vn -0.9674 -0.0823 0.2393
vn -0.7855 -0.3548 0.5071
vn -0.9353 -0.3514 0.0414
vn -0.7860 -0.5731 0.2319
vn -0.6901 -0.6755 0.2597
vn -0.6677 -0.6937 0.2702
vn -0.7420 0.0970 -0.6634
vn -0.7485 0.0901 -0.6569
vn -0.7533 0.0350 -0.6567
vn -0.7587 -0.1208 -0.6402
vn -0.7713 -0.1594 -0.6162
vn -0.7947 -0.2127 -0.5685
vn -0.8030 -0.2264 -0.5513
vn -0.8078 -0.2300 -0.5427
vn -0.5999 0.2744 -0.7515
vn -0.7021 0.2248 -0.6756
vn -0.8083 0.0457 -0.5870
vn -0.8086 -0.0359 -0.5873
vn -0.8314 0.0002 -0.5556
vn -0.8814 0.0043 -0.4723
vn -0.9025 0.1050 -0.4177
vn -0.9201 0.1033 -0.3778
vn -0.9443 0.1051 -0.3117
vn -0.9988 0.0485 0.0115
vn -0.9992 0.0290 0.0269
vn -0.9967 0.0209 0.0783
vn -0.9823 -0.0349 0.1841
vn -0.9725 -0.0940 0.2129
vn -0.8088 -0.3944 0.4363
vn -0.9322 -0.3618 -0.0099
vn -0.7638 -0.6114 0.2070
vn -0.7021 -0.6684 0.2453
vn -0.6846 -0.6813 0.2591
vn -0.7185 -0.6609 0.2168
vn -0.6211 0.5574 -0.5509
vn 0.0017 0.6710 0.7415
vn -0.0904 0.8489 0.5208
vn -0.7316 0.1215 -0.6708
vn -0.9823 0.1721 0.0744
vn -0.9012 0.4138 -0.1290
vn -0.8167 0.0110 -0.5770
vn -0.8190 0.0074 -0.5738
vn -0.9839 0.0797 -0.1597
vn -0.9886 0.0690 -0.1337
vn -0.9935 0.0661 -0.0930
vn -0.9963 0.0474 -0.0713
vn -0.9949 -0.0190 0.0992
vn -0.9801 -0.0869 0.1785
vn -0.8319 -0.3875 0.3972
vn -0.9340 -0.3560 -0.0287
vn -0.7780 -0.6018 0.1804
vn -0.7472 -0.6325 0.2040
vn -0.7281 -0.6489 0.2208
vn -0.7096 -0.6664 0.2289
vn -0.7296 -0.6531 0.2030
vn -0.5954 0.5810 -0.5549
vn -0.0045 0.6727 0.7399
vn -0.0757 0.8271 0.5569
vn -0.5346 0.7388 -0.4104
vn -0.9291 0.0591 0.3650
vn -0.9553 0.0256 0.2945
vn -0.7308 0.1232 -0.6714
vn -0.7665 0.0588 -0.6395
vn -0.7381 -0.0612 -0.6720
vn -0.7585 -0.1209 -0.6404
vn -0.7551 -0.1758 -0.6316
vn -0.7674 -0.1823 -0.6147
vn -0.7728 -0.1998 -0.6023
vn -0.7759 -0.2043 -0.5968
vn -0.6249 0.1942 -0.7561
vn -0.7126 0.1379 -0.6879
vn -0.7529 0.0589 -0.6555
vn -0.8679 0.1042 -0.4856
vn -0.8888 0.1002 -0.4472
vn -0.9688 0.0843 -0.2329
vn -0.9732 0.0767 -0.2170
vn -0.9946 -0.0141 0.1025
vn -0.9922 -0.0674 0.1046
vn -0.8658 -0.3224 0.3827
vn -0.9401 -0.3362 -0.0567
vn -0.7964 -0.5864 0.1481
vn -0.7637 -0.6207 0.1774
vn -0.7444 -0.6388 0.1944
vn -0.7581 -0.6296 0.1699
vn -0.6391 0.5822 -0.5026
vn -0.3451 0.7883 0.5094
vn -0.0264 0.6922 0.7213
vn -0.0785 0.8172 0.5710
vn -0.5240 0.7351 -0.4302
vn -0.9512 0.0622 0.3021
vn -0.9496 -0.0446 0.3104
vn -0.9473 -0.0470 0.3169
vn -0.9320 -0.1226 0.3411
vn -0.7486 0.0798 -0.6581
vn -0.7524 0.0691 -0.6550
vn -0.7620 0.0607 -0.6448
vn -0.7769 -0.0234 -0.6292
vn -0.7944 -0.0733 -0.6030
vn -0.9553 0.0180 -0.2951
vn -0.8575 0.2659 -0.4404
vn -0.7851 -0.0000 -0.6194
vn -0.9970 0.0076 -0.0765
vn -0.9998 -0.0091 -0.0201
vn -0.9968 -0.0376 0.0703
vn -0.9968 -0.0375 0.0706
vn -0.9123 -0.3177 0.2585
vn -0.9558 -0.2809 -0.0871
vn -0.8289 -0.5485 0.1098
vn -0.7843 -0.6031 0.1453
vn -0.7655 -0.6225 0.1628
vn -0.7708 -0.6186 0.1525
vn -0.6422 0.5503 -0.5336
vn -0.1424 0.5939 0.7918
vn -0.2073 0.8144 0.5420
vn -0.5511 0.7609 -0.3425
vn -0.9268 0.1859 0.3264
vn -0.9779 0.1623 0.1321
vn -0.9656 0.0383 0.2573
vn -0.9596 -0.0843 0.2684
vn -0.9286 -0.1553 0.3370
vn -0.9232 -0.1723 0.3436
vn -0.9126 -0.2248 0.3416
vn -0.2595 -0.5059 -0.8227
vn -0.8849 -0.3332 0.3255
vn -0.8701 -0.4041 0.2820
vn -0.8643 -0.3962 0.3098
vn -0.8500 -0.4155 0.3237
vn -0.8350 -0.4206 0.3549
vn -0.7993 -0.4804 0.3609
vn -0.8588 -0.4497 0.2454
vn -0.7943 -0.4916 0.3570
vn -0.8225 -0.5065 0.2588
vn -0.8138 -0.5017 0.2933
vn -0.8460 -0.4998 0.1860
vn -0.8012 -0.5529 0.2289
vn -0.2062 -0.5146 -0.8323
vn -0.1915 -0.5421 -0.8182
vn -0.1873 -0.5433 -0.8184
vn -0.2298 -0.5548 -0.7996
vn -0.2009 -0.5692 -0.7973
vn -0.1631 -0.5662 -0.8080
vn -0.2295 -0.5684 -0.7901
vn 0.7823 -0.6093 0.1298
vn -0.1696 -0.6172 -0.7683
vn 0.7931 -0.5781 0.1921
vn -0.2918 -0.5985 -0.7461
vn -0.2425 -0.6066 -0.7571
vn 0.7768 -0.5936 0.2104
vn 0.6700 -0.5138 0.5358
vn 0.5910 -0.5110 0.6242
vn 0.2899 -0.8065 0.5152
vn 0.1431 -0.9835 0.1105
vn 0.1879 -0.9822 -0.0015
vn 0.5271 -0.5616 -0.6378
vn 0.4205 -0.7283 -0.5410
vn 0.8005 -0.3116 0.5119
vn 0.8079 -0.4995 0.3127
vn 0.7742 -0.5170 0.3651
vn 0.8062 -0.4812 0.3442
vn 0.8050 -0.4560 0.3796
vn 0.5542 -0.5449 0.6292
vn 0.5759 -0.4813 0.6609
vn 0.6372 -0.5186 0.5702
vn 0.7302 -0.4852 0.4811
vn 0.7500 -0.4929 0.4411
vn 0.8502 -0.3719 0.3726
vn 0.6354 -0.4988 0.5895
vn 0.7499 -0.4117 0.5178
vn 0.4870 -0.5670 0.6643
vn 0.4458 -0.6036 0.6610
vn 0.4849 -0.5207 0.7027
vn 0.7009 -0.4529 0.5510
vn 0.8014 -0.3417 0.4910
vn 0.8158 -0.0439 0.5767
vn 0.4671 -0.4691 0.7495
vn 0.5076 -0.4875 0.7104
vn 0.5184 -0.4672 0.7162
vn 0.5538 -0.4866 0.6757
vn 0.7031 -0.3397 0.6247
vn 0.7148 -0.3610 0.5989
vn 0.3875 -0.8836 0.2631
vn -0.1292 -0.5292 0.8386
vn -0.0414 -0.8488 0.5272
vn 0.2946 -0.9532 0.0685
vn 0.5692 -0.7964 0.2045
vn 0.3617 -0.7051 0.6099
vn 0.3620 -0.6169 0.6988
vn 0.3864 -0.5057 0.7713
vn 0.3818 -0.4348 0.8156
vn 0.4529 -0.4770 0.7533
vn 0.6015 -0.4377 0.6683
vn 0.5788 -0.3168 0.7514
vn 0.3241 -0.6524 0.6851
vn 0.3333 -0.5704 0.7507
vn 0.3405 -0.5600 0.7553
vn 0.3341 -0.4756 0.8137
vn 0.4522 -0.4145 0.7898
vn 0.4389 -0.4027 0.8032
vn 0.2491 -0.8673 0.4310
vn 0.2725 -0.9167 0.2923
vn 0.3829 -0.8352 0.3948
vn 0.4122 -0.8394 0.3543
vn 0.4089 -0.7070 0.5770
vn 0.5507 -0.1891 0.8130
vn 0.8107 -0.5671 -0.1457
vn 0.4960 -0.8677 -0.0312
vn 0.2979 -0.8409 0.4519
vn 0.2330 -0.7380 0.6333
vn 0.2595 -0.7157 0.6484
vn 0.2536 -0.6352 0.7295
vn 0.2771 -0.5195 0.8083
vn 0.2520 -0.4533 0.8550
vn 0.2900 -0.4221 0.8589
vn 0.3015 -0.4865 0.8200
vn 0.4168 -0.2382 0.8772
vn 0.0736 -0.9158 0.3947
vn 0.3094 -0.8395 0.4467
vn 0.5319 -0.5363 0.6553
vn 0.5338 -0.5018 0.6806
vn 0.1521 -0.7406 0.6545
vn 0.1664 -0.6693 0.7241
vn 0.1699 -0.6751 0.7179
vn 0.1770 -0.5982 0.7815
vn 0.3142 -0.3721 0.8734
vn 0.0797 -0.7924 0.6048
vn 0.2520 -0.8279 0.5011
vn 0.1416 -0.8760 0.4610
vn 0.1546 -0.8124 0.5622
vn 0.1958 -0.5211 0.8307
vn 0.2070 -0.4292 0.8792
vn 0.7565 -0.6395 0.1369
vn 0.3536 -0.9064 0.2310
vn 0.2666 -0.8028 0.5333
vn 0.3584 -0.7227 0.5910
vn 0.5087 -0.4315 0.7450
vn 0.5820 -0.4338 0.6878
vn 0.1614 -0.8034 0.5732
vn 0.1616 -0.7552 0.6353
vn 0.5784 -0.3582 0.7329
vn 0.1493 -0.8877 0.4355
vn 0.1851 -0.5860 0.7889
vn 0.1921 -0.5135 0.8363
vn 0.2284 -0.3958 0.8895
vn 0.2325 -0.3239 0.9171
vn 0.2570 -0.1895 0.9476
vn 0.2554 -0.2050 0.9449
vn 0.0405 -0.6586 0.7514
vn 0.0962 -0.8572 0.5060
vn 0.4481 -0.4834 0.7520
vn 0.5120 -0.4300 0.7436
vn 0.1810 -0.6631 0.7263
vn 0.1945 -0.5933 0.7811
vn 0.7336 -0.5914 0.3348
vn 0.2624 -0.8027 0.5355
vn 0.3159 -0.7027 0.6376
vn 0.4973 -0.3755 0.7821
vn 0.5329 -0.3584 0.7665
vn 0.1573 -0.8879 0.4322
vn 0.1867 -0.8152 0.5483
vn 0.2217 -0.4858 0.8455
vn 0.2256 -0.3937 0.8911
vn 0.2467 -0.2362 0.9399
vn 0.2405 -0.1650 0.9565
vn -0.0033 -0.6804 0.7328
vn 0.1701 -0.8809 0.4416
vn 0.2002 -0.7140 0.6709
vn 0.2201 -0.7969 0.5626
vn 0.2337 -0.7467 0.6227
vn 0.4471 -0.4786 0.7557
vn 0.5442 -0.3453 0.7646
vn 0.1688 -0.9198 0.3543
vn 0.1702 -0.9176 0.3592
vn 0.2051 -0.6953 0.6889
vn 0.2166 -0.5794 0.7857
vn 0.3811 -0.0264 0.9242
vn 0.8868 -0.4602 -0.0432
vn 0.3621 -0.9015 0.2372
vn 0.3085 -0.6173 0.7237
vn 0.4156 -0.3931 0.8202
vn 0.5590 -0.2762 0.7818
vn 0.1952 -0.8423 0.5025
vn 0.2348 -0.4937 0.8373
vn 0.1850 -0.1416 0.9725
vn -0.0527 -0.7343 0.6768
vn 0.5648 -0.2686 0.7803
vn 0.1560 -0.9667 0.2030
vn 0.2401 -0.6895 0.6833
vn 0.2584 -0.6029 0.7549
vn 0.2679 -0.3560 0.8953
vn 0.2801 -0.2521 0.9263
vn 0.2673 -0.1974 0.9432
vn 0.0717 -0.6282 0.7747
vn 0.1714 -0.7600 0.6269
vn 0.2047 -0.7402 0.6405
vn 0.2650 -0.6267 0.7328
vn 0.4655 -0.3488 0.8134
vn 0.4753 -0.2992 0.8274
vn 0.5734 -0.2089 0.7922
vn 0.2273 -0.8447 0.4846
vn 0.2560 -0.7341 0.6290
vn 0.2551 -0.7094 0.6570
vn 0.2766 -0.4672 0.8398
vn 0.2767 -0.4668 0.8399
vn 0.2860 -0.3689 0.8844
vn 0.3653 -0.0705 0.9282
vn 0.8767 -0.4319 0.2115
vn 0.3199 -0.8763 0.3603
vn 0.2292 -0.7380 0.6347
vn 0.2795 -0.7093 0.6472
vn 0.4298 -0.3181 0.8451
vn 0.5780 -0.2023 0.7905
vn 0.1797 -0.9811 0.0715
vn 0.1808 -0.9528 0.2439
vn 0.2284 -0.8873 0.4007
vn 0.2859 -0.5723 0.7686
vn 0.2735 -0.1477 0.9505
vn 0.0436 -0.7244 0.6880
vn 0.2454 -0.7157 0.6538
vn 0.4342 -0.4643 0.7719
vn 0.3712 -0.3239 0.8702
vn 0.5074 -0.2484 0.8251
vn 0.5069 -0.2347 0.8294
vn 0.5868 -0.1138 0.8017
vn 0.6070 -0.1590 0.7786
vn 0.2795 -0.8008 0.5298
vn 0.2901 -0.7776 0.5578
vn 0.3280 -0.3243 0.8873
vn 0.3396 -0.2582 0.9044
vn 0.3647 -0.6677 0.6489
vn 0.2335 -0.5575 0.7967
vn 0.4604 -0.2424 0.8540
vn 0.2519 -0.9392 0.2336
vn 0.2808 -0.8905 0.3579
vn 0.3179 -0.8685 0.3804
vn 0.3313 -0.5602 0.7592
vn 0.3640 -0.4596 0.8101
vn 0.3478 -0.4354 0.8303
vn 0.3564 -0.3712 0.8574
vn 0.3012 -0.3374 0.8919
vn 0.2220 -0.5092 0.8315
vn 0.4622 -0.2571 0.8486
vn 0.5410 -0.1616 0.8253
vn 0.6185 -0.0690 0.7827
vn 0.6132 -0.0556 0.7880
vn 0.2786 -0.9492 0.1460
vn 0.3526 -0.7408 0.5717
vn 0.3756 -0.7046 0.6020
vn 0.3508 -0.6498 0.6743
vn 0.3647 -0.5932 0.7177
vn 0.4170 -0.1421 0.8977
vn 0.6048 -0.2512 0.7557
vn 0.2855 -0.7453 0.6025
vn 0.2941 -0.7148 0.6345
vn 0.2785 -0.7353 0.6179
vn 0.4523 -0.2934 0.8422
vn 0.3996 -0.2334 0.8865
vn 0.3079 -0.9443 0.1164
vn 0.4089 -0.8758 0.2565
vn 0.3418 -0.8610 0.3767
vn 0.4004 -0.8116 0.4255
vn 0.4233 -0.5442 0.7244
vn 0.3984 -0.4516 0.7984
vn 0.3850 -0.1596 0.9090
vn 0.2426 -0.5959 0.7656
vn 0.2821 -0.7333 0.6186
vn 0.4735 -0.1748 0.8633
vn 0.5029 -0.1901 0.8432
vn 0.5028 -0.1796 0.8455
vn 0.5452 -0.1335 0.8276
vn 0.2547 -0.9552 -0.1511
vn 0.2983 -0.9520 -0.0689
vn 0.2903 -0.9560 -0.0415
vn 0.3607 -0.9243 0.1250
vn 0.4204 -0.6835 0.5967
vn 0.4787 -0.5405 0.6919
vn 0.4477 -0.3617 0.8178
vn 0.4257 -0.3114 0.8496
vn 0.4347 -0.2537 0.8641
vn 0.5457 -0.1049 0.8314
vn 0.5754 -0.0537 0.8161
vn 0.5770 -0.0641 0.8142
vn 0.6283 -0.0336 0.7772
vn 0.6569 -0.0068 0.7539
vn 0.2704 -0.9355 -0.2273
vn 0.4717 -0.8408 0.2656
vn 0.4871 -0.8000 0.3503
vn 0.4405 -0.7962 0.4148
vn 0.4037 -0.2943 0.8663
vn 0.5025 -0.4987 0.7062
vn 0.5910 0.0025 0.8067
vn 0.6124 0.0337 0.7899
vn 0.6337 0.0620 0.7711
vn 0.3710 -0.9241 -0.0915
vn 0.4354 -0.8994 0.0388
vn 0.3140 -0.9115 -0.2658
vn 0.3480 -0.9015 -0.2573
vn 0.4052 -0.8953 -0.1851
vn 0.4799 -0.8762 0.0446
vn 0.5340 -0.8449 -0.0316
vn 0.6085 0.0186 0.7933
vn 0.6022 0.0306 0.7978
vn 0.4730 -0.8584 -0.1987
vn 0.4817 -0.8553 -0.1908
vn 0.6393 0.0724 0.7655
vn 0.3604 -0.8300 -0.4256
vn 0.4013 -0.8143 -0.4195
vn 0.4318 -0.8179 -0.3803
vn 0.4763 -0.8029 -0.3585
vn 0.5014 -0.8029 -0.3223
vn 0.6280 0.0694 0.7751
vn 0.6304 0.0307 0.7757
vn 0.5866 -0.7521 -0.3004
vn 0.6171 0.0804 0.7828
vn 0.6570 0.1152 0.7450
vn 0.6261 0.2244 0.7468
vn 0.4396 -0.7542 -0.4879
vn 0.6464 0.3183 0.6934
vn 0.5631 -0.8255 0.0384
vn 0.6300 -0.6944 -0.3477
vn 0.6266 0.1013 0.7728
vn 0.6009 0.1514 0.7848
vn 0.6553 0.1154 0.7465
vn 0.7290 -0.5054 0.4617
vn 0.0361 -0.1406 0.9894
vn 0.1378 -0.6664 0.7328
vn 0.5026 -0.7028 -0.5036
vn 0.5440 -0.6831 -0.4873
vn 0.5631 -0.6822 -0.4663
vn 0.6128 -0.6550 -0.4422
vn 0.5381 -0.6156 0.5758
vn 0.6190 0.2616 0.7405
vn 0.4834 -0.6637 -0.5708
vn 0.5508 -0.5842 -0.5961
vn 0.5287 -0.5579 -0.6398
vn 0.6023 -0.3729 -0.7058
vn 0.6161 0.5504 0.5635
vn 0.2074 0.8568 -0.4722
vn 0.2386 0.8016 -0.5481
vn 0.4561 -0.7487 -0.4810
vn 0.4293 -0.7429 -0.5135
vn 0.5109 0.4169 -0.7518
vn 0.4436 0.5476 -0.7094
vn 0.4130 0.5454 -0.7294
vn 0.3552 0.5935 -0.7223
vn 0.2320 0.7578 -0.6099
vn -0.9916 0.0859 -0.0963
vn -0.9882 0.0942 -0.1204
vn -0.3353 0.7320 0.5930
vn -0.9674 0.1969 -0.1589
vn -0.9642 0.1482 -0.2200
vn -0.4957 0.5792 -0.6471
vn -0.4664 0.7087 -0.5294
vn -0.8426 0.5083 -0.1780
vn -0.9593 0.1478 -0.2406
vn -0.3772 0.8069 0.4545
vn -0.9235 0.2460 -0.2942
vn -0.5622 0.8171 0.1275
vn -0.7934 0.5492 -0.2627
vn -0.8295 0.4855 -0.2763
vn -0.9183 0.1957 -0.3441
vn -0.4778 0.5505 -0.6846
vn -0.4611 0.6472 -0.6070
vn -0.8386 0.4551 -0.2996
vn -0.9103 0.1918 -0.3669
vn -0.4826 0.8452 0.2297
vn -0.8655 0.2661 -0.4245
vn -0.5941 0.8032 -0.0440
vn -0.7654 0.5184 -0.3812
vn -0.7971 0.4592 -0.3920
vn -0.8262 0.4397 -0.3522
vn -0.8329 0.4080 -0.3739
vn -0.8556 0.2410 -0.4582
vn -0.4479 0.5210 -0.7266
vn -0.4334 0.6229 -0.6513
vn -0.8251 0.3866 -0.4121
vn -0.7702 0.4286 -0.4723
vn -0.8054 0.3860 -0.4498
vn -0.8002 0.2576 -0.5417
vn -0.8123 0.2311 -0.5355
vn -0.5628 0.8118 -0.1560
vn -0.5406 0.8244 -0.1679
vn -0.7329 0.4350 -0.5232
vn -0.7344 0.4338 -0.5220
vn -0.7803 0.3559 -0.5143
vn -0.7026 0.3390 -0.6256
vn -0.5881 0.6717 -0.4504
vn -0.7442 0.3678 -0.5576
vn -0.7719 0.3539 -0.5282
vn -0.3879 0.4820 -0.7856
vn -0.3777 0.5393 -0.7526
vn -0.6499 0.4953 -0.5764
vn -0.6959 0.4358 -0.5708
vn -0.7677 0.3224 -0.5538
vn -0.6794 0.2760 -0.6799
vn -0.6717 0.2943 -0.6799
vn -0.4959 0.7222 -0.4822
vn -0.7117 0.3623 -0.6019
vn -0.5088 0.6610 -0.5515
vn -0.5905 0.4331 -0.6810
vn -0.6508 0.3946 -0.6487
vn -0.6596 0.3956 -0.6390
vn -0.7352 0.3017 -0.6070
vn -0.5714 0.3719 -0.7315
vn -0.6198 0.3174 -0.7177
vn -0.6923 0.3283 -0.6426
vn -0.6945 0.3191 -0.6448
vn -0.7223 0.3007 -0.6229
vn -0.5236 0.3396 -0.7814
vn -0.7770 0.6146 -0.1362
vn -0.5621 0.4065 -0.7203
vn -0.6288 0.3574 -0.6906
vn -0.7156 0.2823 -0.6389
vn -0.7292 0.2545 -0.6352
vn -0.4710 0.5072 -0.7217
vn -0.4768 0.5014 -0.7220
vn -0.6486 0.3050 -0.6973
vn -0.7226 0.2419 -0.6476
vn -0.4874 0.4111 -0.7704
vn -0.5703 0.3573 -0.7396
vn -0.6041 0.3471 -0.7174
vn -0.6093 0.3286 -0.7217
vn -0.6978 0.2420 -0.6741
vn -0.6454 0.2781 -0.7114
vn -0.6568 0.2686 -0.7046
vn -0.6594 0.2621 -0.7046
vn -0.4388 0.3476 -0.8286
vn -0.3800 0.5014 -0.7773
vn -0.4724 0.3936 -0.7886
vn -0.4725 0.3924 -0.7891
vn -0.5145 0.3582 -0.7791
vn -0.5386 0.3509 -0.7660
vn -0.3798 0.4646 -0.7999
vn -0.3894 0.4258 -0.8167
vn -0.6786 0.2115 -0.7034
vn -0.3274 0.3713 -0.8689
vn -0.5458 0.3150 -0.7764
vn -0.5751 0.3044 -0.7593
vn -0.5917 0.2847 -0.7542
vn -0.6774 0.2115 -0.7046
vn -0.3351 0.3785 -0.8628
vn -0.3067 0.4830 -0.8201
vn -0.6389 0.2389 -0.7312
vn -0.6512 0.2205 -0.7262
vn -0.3371 0.4141 -0.8455
vn -0.3689 0.4057 -0.8363
vn -0.4398 0.3692 -0.8187
vn -0.2108 0.4320 -0.8769
vn -0.2912 0.3871 -0.8748
vn -0.3039 0.4326 -0.8488
vn -0.3035 0.4331 -0.8487
vn -0.4243 0.3730 -0.8251
vn -0.6413 0.2159 -0.7363
vn -0.6455 0.1987 -0.7374
vn -0.6889 0.1292 -0.7133
vn -0.2148 0.4375 -0.8732
vn -0.2706 0.4038 -0.8739
vn -0.2294 0.4089 -0.8833
vn -0.2621 0.4467 -0.8554
vn -0.3826 0.3932 -0.8361
vn -0.4744 0.3442 -0.8102
vn -0.4779 0.3432 -0.8086
vn -0.5305 0.3123 -0.7881
vn -0.5319 0.3032 -0.7906
vn -0.5831 0.2706 -0.7661
vn -0.2056 0.3188 -0.9253
vn -0.6113 0.2443 -0.7528
vn -0.6143 0.2341 -0.7536
vn -0.6714 0.0371 -0.7402
vn -0.2177 0.4402 -0.8711
vn -0.2338 0.2774 -0.9319
vn -0.2072 0.3186 -0.9250
vn -0.2044 0.4871 -0.8491
vn -0.2389 0.4617 -0.8543
vn -0.5891 0.2687 -0.7620
vn -0.6458 0.1619 -0.7461
vn -0.6613 0.0569 -0.7479
vn -0.6841 0.0310 -0.7287
vn -0.3069 0.4320 -0.8481
vn -0.2259 0.4444 -0.8669
vn -0.2353 0.2321 -0.9438
vn -0.2063 0.2820 -0.9370
vn -0.1962 0.4895 -0.8496
vn -0.2243 0.4792 -0.8486
vn -0.2968 0.4634 -0.8350
vn -0.6002 -0.1436 -0.7868
vn -0.5496 -0.0104 -0.8354
vn -0.5841 0.2935 -0.7568
vn -0.2676 0.4469 -0.8536
vn -0.2551 0.4489 -0.8564
vn -0.2499 0.1735 -0.9526
vn -0.2151 0.2367 -0.9475
vn -0.1935 0.4891 -0.8505
vn -0.3173 0.4392 -0.8405
vn -0.4055 0.4241 -0.8097
vn -0.4555 0.3852 -0.8026
vn -0.4931 0.3575 -0.7931
vn -0.5597 0.3089 -0.7689
vn -0.8587 -0.1407 -0.4928
vn -0.9051 0.0720 -0.4191
vn -0.2668 0.1105 -0.9574
vn -0.2315 0.1791 -0.9562
vn -0.1967 0.4912 -0.8486
vn -0.3908 0.4503 -0.8028
vn -0.4018 0.4242 -0.8115
vn -0.4589 0.4266 -0.7794
vn -0.5134 0.3601 -0.7789
vn -0.6550 0.2581 -0.7102
vn -0.6587 0.1475 -0.7378
vn -0.6697 0.0618 -0.7401
vn -0.5752 -0.0111 -0.8179
vn -0.6353 0.2085 -0.7436
vn -0.3884 0.4428 -0.8081
vn -0.3780 0.4446 -0.8120
vn -0.1399 0.1973 -0.9703
vn -0.1582 0.1535 -0.9754
vn -0.2057 0.5017 -0.8402
vn -0.3171 0.4730 -0.8220
vn -0.5463 0.4199 -0.7247
vn -0.5462 0.3771 -0.7479
vn -0.5781 0.3391 -0.7422
vn -0.5962 0.3361 -0.7291
vn -0.5989 0.3060 -0.7401
vn -0.6411 0.2753 -0.7164
vn -0.6042 0.2756 -0.7477
vn -0.6711 0.1876 -0.7173
vn -0.6883 0.0834 -0.7206
vn -0.7167 0.0687 -0.6940
vn -0.6175 -0.1688 -0.7683
vn -0.7179 0.2584 -0.6464
vn -0.6963 -0.2062 -0.6875
vn -0.2265 0.5373 -0.8124
vn -0.2785 0.5224 -0.8059
vn -0.3608 0.5087 -0.7817
vn -0.3603 0.5219 -0.7732
vn -0.4031 0.4778 -0.7805
vn -0.4632 0.4757 -0.7477
vn -0.4902 0.4227 -0.7623
vn -0.9476 -0.1571 -0.2780
vn -0.9806 -0.0221 -0.1950
vn -0.0539 0.1523 -0.9869
vn -0.0399 0.2170 -0.9753
vn -0.6908 -0.2207 -0.6885
vn -0.2994 0.5457 -0.7827
vn -0.2721 0.5431 -0.7944
vn -0.2454 0.5461 -0.8010
vn -0.2725 0.5385 -0.7973
vn -0.7113 0.3108 -0.6305
vn -0.7419 0.2154 -0.6349
vn -0.7571 0.1062 -0.6446
vn -0.7652 0.0724 -0.6397
vn -0.6449 -0.2255 -0.7303
vn -0.5799 -0.0837 -0.8104
vn -0.5504 0.4564 -0.6991
vn -0.6925 -0.3465 -0.6328
vn -0.5047 0.5378 -0.6753
vn -0.4257 0.5436 -0.7234
vn -0.3387 0.5637 -0.7533
vn -0.6858 0.3574 -0.6340
vn -0.6851 0.3446 -0.6418
vn -0.7072 0.3126 -0.6342
vn -0.7222 0.2504 -0.6448
vn -0.6895 0.2741 -0.6704
vn -0.6033 0.4542 -0.6556
vn -0.6953 -0.4891 -0.5266
vn -0.5119 0.5687 -0.6439
vn -0.5664 0.5123 -0.6456
vn -0.6241 0.4551 -0.6351
vn -0.6215 0.4559 -0.6371
vn -0.6599 0.4272 -0.6181
vn -0.6537 0.3976 -0.6439
vn -0.7447 0.1272 -0.6552
vn -0.7689 0.1005 -0.6314
vn -0.5475 -0.3653 -0.7529
vn -0.4961 -0.2227 -0.8392
vn -0.6752 0.3118 -0.6685
vn -0.7013 0.2372 -0.6723
vn -0.3629 0.6103 -0.7042
vn -0.3344 0.6625 -0.6703
vn -0.3480 0.6668 -0.6590
vn -0.3882 0.6425 -0.6607
vn -0.4528 0.6124 -0.6480
vn -0.5763 0.5096 -0.6389
vn -0.9452 -0.3090 0.1057
vn -0.9681 -0.1785 0.1757
vn -0.6921 0.2553 -0.6751
vn -0.7167 0.1878 -0.6716
vn -0.6440 0.5049 -0.5747
vn -0.6836 -0.4644 -0.5630
vn -0.5780 0.6209 -0.5295
vn -0.5232 0.6685 -0.5286
vn -0.4019 0.6434 -0.6515
vn -0.4635 0.5877 -0.6631
vn -0.5133 0.5589 -0.6512
vn -0.6807 0.3900 -0.6202
vn -0.7373 0.2807 -0.6144
vn -0.7403 0.2445 -0.6262
vn -0.7664 0.1281 -0.6294
vn -0.7706 0.0998 -0.6295
vn -0.5087 -0.3984 -0.7632
vn -0.4894 -0.2660 -0.8305
vn -0.7027 0.2263 -0.6746
vn -0.6902 0.2899 -0.6631
vn -0.6999 0.2484 -0.6696
vn -0.7428 0.5596 -0.3677
vn -0.5409 -0.5497 -0.6366
vn -0.4216 0.7069 -0.5679
vn -0.7185 0.3516 -0.6002
vn -0.7166 0.3205 -0.6195
vn -0.7614 0.1321 -0.6346
vn -0.9193 -0.3391 0.1997
vn -0.9342 -0.2594 0.2449
vn -0.7511 0.5575 -0.3536
vn -0.5160 -0.6340 -0.5761
vn -0.6747 0.6344 -0.3772
vn -0.6756 0.6340 -0.3763
vn -0.5283 0.6915 -0.4927
vn -0.5056 0.6994 -0.5051
vn -0.5311 0.5558 -0.6395
vn -0.7196 0.3374 -0.6070
vn -0.7377 0.3172 -0.5960
vn -0.7765 0.1447 -0.6133
vn -0.7784 0.1107 -0.6180
vn -0.5153 -0.3933 -0.7615
vn -0.9358 -0.0794 0.3435
vn -0.9358 -0.0331 0.3510
vn -0.4535 0.6728 -0.5845
vn -0.4791 0.6167 -0.6246
vn -0.6260 0.4562 -0.6325
vn -0.6849 0.3962 -0.6115
vn -0.7576 0.2317 -0.6102
vn -0.7079 0.2495 -0.6608
vn -0.7503 0.5867 -0.3048
vn -0.4928 -0.6259 -0.6045
vn -0.5840 0.6785 -0.4456
vn -0.4508 0.6466 -0.6154
vn -0.6308 0.4397 -0.6394
vn -0.6654 0.4009 -0.6296
vn -0.7836 0.1407 -0.6052
vn -0.3190 -0.5032 -0.8031
vn -0.6964 0.3182 -0.6433
vn -0.7253 0.1943 -0.6605
vn -0.3937 -0.6829 -0.6153
vn -0.7113 0.6233 -0.3249
vn -0.6856 0.6265 -0.3708
vn -0.5743 0.5040 -0.6451
vn -0.5845 0.4864 -0.6495
vn -0.7582 0.1728 -0.6287
vn -0.7849 0.1326 -0.6052
vn -0.8475 -0.3866 0.3637
vn -0.8673 -0.2650 0.4214
vn -0.7608 0.5748 -0.3012
vn -0.9372 0.1193 -0.3277
vn -0.7617 0.5767 -0.2954
vn -0.9448 -0.0671 0.3206
vn -0.9443 -0.0185 0.3285
vn -0.7084 0.6313 -0.3158
vn -0.7238 0.6116 -0.3195
vn -0.4889 0.5922 -0.6405
vn -0.7704 0.1733 -0.6135
vn -0.3419 -0.5735 -0.7445
vn -0.3290 -0.4846 -0.8105
vn -0.7100 0.3085 -0.6330
vn -0.7187 0.2759 -0.6382
vn -0.7102 0.2242 -0.6674
vn -0.7266 0.1526 -0.6699
vn -0.4297 -0.6680 -0.6076
vn -0.7077 0.6244 -0.3305
vn -0.5046 0.6439 -0.5751
vn -0.5346 0.5274 -0.6603
vn -0.6557 0.3850 -0.6495
vn -0.6886 0.3359 -0.6427
vn -0.7545 0.5803 -0.3066
vn -0.7677 0.5718 -0.2892
vn -0.3407 -0.7122 -0.6137
vn -0.7319 0.6063 -0.3111
vn -0.5005 0.6458 -0.5765
vn -0.7371 0.1475 -0.6595
vn -0.8466 -0.3686 0.3839
vn -0.8616 -0.2812 0.4226
vn -0.7144 0.2304 -0.6607
vn -0.7216 0.1823 -0.6679
vn -0.9598 -0.0913 0.2655
vn -0.9773 0.0101 0.2115
vn -0.9879 0.1220 0.0960
vn -0.6308 0.5885 -0.5057
vn -0.1403 0.6039 0.7846
vn -0.7945 -0.5989 0.1010
vn -0.8060 -0.5826 0.1041
vn -0.9532 -0.2674 -0.1413
vn -0.9993 -0.0354 0.0078
vn -0.9995 -0.0303 -0.0089
vn -0.9684 0.0450 -0.2451
vn -0.9444 0.0744 -0.3201
vn -0.9402 0.0798 -0.3312
vn -0.8533 0.0999 -0.5117
vn -0.8434 0.1019 -0.5276
vn -0.7662 -0.1630 -0.6216
vn -0.7347 0.0988 -0.6711
vn -0.7322 0.1045 -0.6731
vn -0.9128 -0.2760 0.3011
vn -0.9478 -0.1640 0.2734
vn -0.9470 -0.1801 0.2660
vn -0.9211 -0.2718 0.2787
vn -0.9708 -0.0853 0.2244
vn -0.9217 -0.3018 0.2439
vn -0.9120 -0.3371 0.2338
vn -0.9366 0.1145 0.3312
vn -0.9731 -0.1390 0.1836
vn -0.9610 -0.1912 0.1996
vn -0.9521 -0.2463 0.1814
vn -0.9076 -0.3709 0.1967
vn -0.8850 -0.4247 0.1909
vn -0.8706 -0.4478 0.2040
vn -0.2239 0.7917 0.5684
vn -0.9886 -0.1448 -0.0420
vn -0.6517 0.3267 -0.6845
vn -0.6147 0.5777 -0.5371
vn -0.9801 0.0813 0.1810
vn -0.9887 -0.0637 0.1357
vn -0.9836 -0.1138 0.1399
vn -0.9521 -0.2663 0.1501
vn -0.9265 -0.3445 0.1513
vn -0.7820 -0.6088 0.1336
vn -0.1601 0.5958 0.7870
vn -0.2321 0.7809 0.5799
vn -0.9979 0.0234 0.0604
vn -0.8097 -0.5833 0.0645
vn -0.6374 0.3511 -0.6859
vn -0.6060 0.5797 -0.5447
vn -0.9884 0.0117 0.1515
vn -0.9823 -0.1681 0.0824
vn -0.9733 -0.2142 0.0825
vn -0.9616 -0.2550 0.1015
vn -0.9222 -0.3718 0.1063
vn -0.8963 -0.4335 0.0936
vn -0.8989 -0.4267 0.0999
vn -0.8554 -0.5071 0.1055
vn -0.8824 -0.4654 0.0696
vn -0.8215 -0.5666 0.0649
vn -0.8004 -0.5912 0.0996
vn -0.1933 0.5798 0.7915
vn -0.2564 0.7697 0.5846
vn -0.9909 -0.1082 -0.0805
vn -0.9477 -0.3147 0.0525
vn -0.9348 -0.2585 0.2437
vn -0.8238 -0.5664 0.0227
vn -0.6324 0.3666 -0.6824
vn -0.6062 0.5817 -0.5423
vn -0.9980 0.0148 0.0615
vn -0.9966 -0.0791 0.0219
vn -0.9911 -0.1305 0.0275
vn -0.9477 -0.3181 0.0262
vn -0.8991 -0.4346 0.0523
vn -0.8670 -0.4984 0.0014
vn -0.9995 -0.0311 -0.0079
vn -0.9348 -0.3488 -0.0664
vn -0.8984 -0.4387 0.0209
vn -0.8379 -0.5456 0.0158
vn -0.8172 -0.5740 0.0524
vn -0.2425 0.5551 0.7956
vn -0.2978 0.7572 0.5814
vn -0.9968 -0.0209 -0.0769
vn -0.9674 -0.2533 -0.0068
vn -0.9294 -0.3687 -0.0163
vn -0.8371 -0.5463 -0.0271
vn -0.6387 0.3711 -0.6741
vn -0.6182 0.5790 -0.5315
vn -0.9999 -0.0099 0.0108
vn -0.9816 -0.1860 -0.0423
vn -0.9728 -0.2272 -0.0454
vn -0.9278 -0.3720 -0.0275
vn -0.9083 -0.4139 -0.0604
vn -0.8673 -0.4977 -0.0002
vn -0.9740 -0.1636 -0.1568
vn -0.9402 -0.3388 -0.0337
vn -0.8507 -0.5246 -0.0332
vn -0.8318 -0.5551 0.0064
vn -0.3230 0.5446 0.7740
vn -0.3635 0.7435 0.5614
vn -0.9900 0.0086 -0.1406
vn -0.9943 -0.0767 -0.0738
vn -0.9866 -0.1393 -0.0855
vn -0.9914 -0.0091 -0.1305
vn -0.9736 -0.2232 0.0485
vn -0.7112 0.4902 -0.5039
vn -0.9922 0.0075 -0.1243
vn -0.9577 -0.2646 -0.1132
vn -0.9477 -0.2938 -0.1244
vn -0.9444 -0.3066 -0.1190
vn -0.8987 -0.4249 -0.1086
vn -0.8521 -0.5083 -0.1251
vn -0.9914 -0.0091 -0.1308
vn -0.9645 -0.2610 -0.0415
vn -0.8411 -0.5327 -0.0936
vn -0.5605 0.4894 -0.6681
vn -0.9759 -0.1441 -0.1636
vn -0.9749 -0.1554 -0.1596
vn -0.9672 -0.1872 -0.1715
vn -0.9033 -0.4034 -0.1459
vn -0.8391 -0.5246 -0.1439
vn -0.9810 0.0132 -0.1935
vn -0.9766 -0.1376 -0.1654
vn -0.9074 -0.2694 -0.3225
vn -0.8567 -0.5020 -0.1185
vn -0.8519 -0.5106 -0.1163
vn -0.8405 -0.5344 -0.0895
vn -0.3267 0.5187 0.7901
vn -0.3532 0.7564 0.5505
vn -0.9657 -0.0735 -0.2488
vn -0.9308 -0.2983 -0.2114
vn -0.8907 -0.4077 -0.2010
vn -0.8659 -0.4485 -0.2215
vn -0.8454 -0.4934 -0.2046
vn -0.9770 0.0136 -0.2129
vn -0.9646 -0.1029 -0.2427
vn -0.9641 -0.2626 -0.0388
vn -0.8451 -0.5063 -0.1718
vn -0.6252 0.4126 -0.6625
vn -0.6207 0.5607 -0.5481
vn -0.9739 -0.0715 -0.2154
vn -0.9449 -0.2175 -0.2448
vn -0.9386 -0.2359 -0.2516
vn -0.9032 -0.3535 -0.2436
vn -0.9675 -0.0119 -0.2526
vn -0.8637 -0.4584 -0.2098
vn -0.8447 -0.5103 -0.1616
vn -0.4759 0.4617 0.7485
vn -0.4818 0.7035 0.5225
vn -0.9452 -0.0272 -0.3254
vn -0.9533 -0.1160 -0.2788
vn -0.9456 -0.1501 -0.2887
vn -0.8898 -0.3502 -0.2926
vn -0.9497 0.0521 -0.3087
vn -0.8967 -0.2466 -0.3675
vn -0.8634 -0.4571 -0.2133
vn -0.7348 0.4232 -0.5301
vn -0.9440 -0.0265 -0.3288
vn -0.9018 -0.2703 -0.3372
vn -0.8559 -0.3964 -0.3321
vn -0.8452 -0.4215 -0.3286
vn -0.9448 -0.0191 -0.3272
vn -0.9392 -0.0731 -0.3354
vn -0.9326 -0.3137 -0.1786
vn -0.8350 -0.4870 -0.2561
vn -0.6094 0.4661 -0.6414
vn -0.9160 -0.1500 -0.3721
vn -0.9208 -0.1643 -0.3537
vn -0.8028 -0.4728 -0.3632
vn -0.8012 -0.4761 -0.3626
vn -0.9251 0.0829 -0.3705
vn -0.9309 0.0135 -0.3650
vn -0.9340 -0.0015 -0.3572
vn -0.8504 -0.4297 -0.3036
vn -0.8349 -0.4856 -0.2592
vn -0.6220 0.3957 0.6757
vn -0.5876 0.6812 0.4368
vn -0.8636 -0.2906 -0.4120
vn -0.8441 -0.3427 -0.4124
vn -0.7536 -0.5257 -0.3947
vn -0.9137 0.0245 -0.4057
vn -0.9091 -0.0426 -0.4143
vn -0.9182 -0.0978 -0.3837
vn -0.8613 -0.3016 -0.4090
vn -0.8433 -0.4095 -0.3479
vn -0.7647 0.3516 -0.5400
vn -0.9003 -0.0215 -0.4347
vn -0.8834 -0.1284 -0.4506
vn -0.8840 -0.1455 -0.4443
vn -0.8657 -0.1945 -0.4612
vn -0.8567 -0.2603 -0.4452
vn -0.8128 -0.3771 -0.4440
vn -0.7948 -0.4164 -0.4415
vn -0.8911 0.0760 -0.4473
vn -0.9067 0.0702 -0.4159
vn -0.7635 -0.4351 -0.4771
vn -0.8837 0.0063 -0.4680
vn -0.8825 -0.0342 -0.4690
vn -0.8822 -0.0333 -0.4697
vn -0.8698 -0.1130 -0.4803
vn -0.8686 -0.3045 -0.3909
vn -0.8047 -0.4560 -0.3801
vn -0.6636 0.3959 -0.6347
vn -0.6605 0.4578 -0.5951
vn -0.8589 -0.0955 -0.5031
vn -0.7361 -0.4888 -0.4682
vn -0.8661 0.0650 -0.4957
vn -0.8660 0.0244 -0.4995
vn -0.8051 -0.4052 -0.4331
vn -0.8004 -0.4307 -0.4170
vn -0.8548 0.2295 0.4655
vn -0.7608 0.5886 0.2736
vn -0.7894 -0.3474 -0.5060
vn -0.7668 -0.3908 -0.5093
vn -0.8481 0.0759 -0.5244
vn -0.8101 -0.1853 -0.5562
vn -0.7926 -0.3791 -0.4776
vn -0.8140 -0.0752 -0.5759
vn -0.8161 -0.1422 -0.5601
vn -0.8122 -0.1685 -0.5586
vn -0.8145 -0.1984 -0.5452
vn -0.7980 -0.2669 -0.5403
vn -0.8014 -0.2883 -0.5240
vn -0.6840 -0.4984 -0.5327
vn -0.8347 0.0749 -0.5455
vn -0.8398 0.0145 -0.5427
vn -0.8367 -0.0408 -0.5461
vn -0.8410 -0.2576 -0.4759
vn -0.7835 -0.3889 -0.4846
vn -0.7446 0.1960 -0.6381
vn -0.7356 0.2662 -0.6229
vn -0.8155 -0.0802 -0.5731
vn -0.7286 -0.3920 -0.5617
vn -0.7009 -0.4137 -0.5810
vn -0.6768 -0.4814 -0.5569
vn -0.8150 0.0988 -0.5709
vn -0.8110 0.0966 -0.5771
vn -0.8283 -0.0027 -0.5602
vn -0.8332 -0.0358 -0.5519
vn -0.8244 -0.2738 -0.4954
vn -0.7821 -0.3742 -0.4982
vn -0.7709 -0.1999 -0.6048
vn -0.7635 -0.2716 -0.5859
vn -0.7433 -0.2900 -0.6029
vn -0.6028 -0.5064 -0.6166
vn -0.8126 0.0520 -0.5804
vn -0.8126 0.0466 -0.5809
vn -0.8209 0.0077 -0.5710
vn -0.8157 -0.0898 -0.5715
vn -0.7076 -0.2921 -0.6434
vn -0.6584 -0.3878 -0.6450
vn -0.6593 -0.3957 -0.6393
vn -0.6014 -0.4695 -0.6464
vn -0.5991 -0.4886 -0.6344
vn -0.7953 0.0949 -0.5987
vn -0.7954 0.0839 -0.6003
vn -0.8142 0.0529 -0.5781
vn -0.7769 -0.3719 -0.5080
vn -0.9664 -0.1359 -0.2183
vn -0.8904 0.3325 -0.3108
vn -0.7330 -0.0565 -0.6778
vn -0.7444 -0.1677 -0.6464
vn -0.7414 -0.1792 -0.6467
vn -0.7118 -0.2053 -0.6717
vn -0.7012 -0.2836 -0.6541
vn -0.7663 0.0028 -0.6425
vn -0.7675 0.1035 -0.6327
vn -0.7804 0.0984 -0.6175
vn -0.7612 0.1122 -0.6387
vn -0.7913 -0.1147 -0.6006
vn -0.7617 -0.2152 -0.6111
vn -0.7512 -0.3031 -0.5864
vn -0.6387 -0.3000 -0.7086
vn -0.6212 -0.3657 -0.6931
vn -0.5868 -0.3887 -0.7103
vn -0.5672 -0.4415 -0.6952
vn -0.5325 -0.4604 -0.7103
vn -0.7528 0.1012 -0.6504
vn -0.7128 -0.1171 -0.6915
vn -0.7150 -0.0461 -0.6976
vn -0.6858 -0.1159 -0.7185
vn -0.6823 -0.1965 -0.7041
vn -0.6501 -0.2232 -0.7263
vn -0.6361 -0.2961 -0.7125
vn -0.7508 0.0168 -0.6603
vn -0.7801 0.1081 -0.6163
vn -0.7600 -0.0143 -0.6498
vn -0.7613 -0.0106 -0.6483
vn -0.6936 -0.3876 -0.6072
vn -0.7228 -0.1725 -0.6691
vn -0.5709 -0.3089 -0.7607
vn -0.5606 -0.3713 -0.7402
vn -0.4956 -0.4242 -0.7580
vn -0.4960 -0.4305 -0.7541
vn -0.4589 -0.5022 -0.7330
vn -0.7569 0.0172 -0.6533
vn -0.7744 0.1200 -0.6212
vn -0.7661 0.0946 -0.6358
vn -0.7686 0.0798 -0.6347
vn -0.7572 0.0610 -0.6504
vn -0.7608 0.0405 -0.6477
vn -0.7544 0.0235 -0.6560
vn -0.6321 -0.1405 -0.7620
vn -0.6221 -0.2138 -0.7532
vn -0.5887 -0.2392 -0.7721
vn -0.5707 -0.3087 -0.7610
vn -0.7167 0.0363 -0.6964
vn -0.7416 0.0740 -0.6667
vn -0.7487 0.0236 -0.6625
vn -0.7323 -0.0369 -0.6800
vn -0.7203 -0.2159 -0.6593
vn -0.6761 -0.2861 -0.6790
vn -0.6747 -0.2955 -0.6764
vn -0.5151 -0.3233 -0.7938
vn -0.4830 -0.3711 -0.7931
vn -0.4770 -0.4092 -0.7779
vn -0.4208 -0.4319 -0.7977
vn -0.3817 -0.4885 -0.7846
vn -0.3815 -0.4899 -0.7839
vn -0.7914 -0.1708 -0.5870
vn -0.7221 0.1154 -0.6821
vn -0.7521 0.0262 -0.6586
vn -0.7453 0.1161 -0.6566
vn -0.7413 0.1139 -0.6614
vn -0.7422 0.1035 -0.6621
vn -0.7849 -0.1199 -0.6079
vn -0.5782 -0.3556 -0.7343
vn -0.6146 -0.1137 -0.7806
vn -0.5838 -0.1494 -0.7981
vn -0.5687 -0.2231 -0.7917
vn -0.8306 -0.1084 -0.5462
vn -0.7709 0.0898 -0.6306
vn -0.7161 0.0841 -0.6929
vn -0.7197 0.0672 -0.6910
vn -0.6903 -0.0369 -0.7226
vn -0.6663 -0.0785 -0.7416
vn -0.6560 -0.2336 -0.7177
vn -0.5981 -0.3701 -0.7108
vn -0.5113 -0.2485 -0.8227
vn -0.4997 -0.2698 -0.8231
vn -0.4048 -0.4019 -0.8213
vn -0.2888 -0.5037 -0.8142
vn -0.7176 0.1139 -0.6871
vn -0.6990 0.0307 -0.7145
vn -0.7004 0.0196 -0.7135
vn -0.6873 -0.0101 -0.7263
vn -0.6047 -0.2947 -0.7399
vn -0.4564 -0.4800 -0.7492
vn -0.5481 -0.1283 -0.8265
vn -0.5581 -0.1200 -0.8210
vn -0.5103 -0.2288 -0.8290
vn -0.4248 -0.3593 -0.8309
vn -0.3274 -0.4557 -0.8277
vn -0.2876 -0.4995 -0.8171
vn -0.7682 -0.1432 -0.6240
vn -0.7679 -0.1420 -0.6246
vn -0.7738 -0.0939 -0.6264
vn -0.7242 0.0766 -0.6854
vn -0.7229 0.0265 -0.6905
vn -0.7070 0.1086 -0.6988
vn -0.7128 0.0863 -0.6960
vn -0.6805 -0.4837 -0.5504
vn -0.7868 -0.2362 -0.5701
vn -0.4376 -0.3043 -0.8461
vn -0.4189 -0.3328 -0.8449
vn -0.3517 -0.4094 -0.8419
vn -0.3334 -0.4280 -0.8400
vn -0.2634 -0.4967 -0.8270
vn -0.7668 -0.1491 -0.6243
vn -0.7460 -0.0448 -0.6644
vn -0.7190 0.0298 -0.6944
vn -0.6188 -0.0777 -0.7817
vn -0.5715 -0.2637 -0.7771
vn -0.5255 -0.3505 -0.7753
vn -0.5140 -0.3792 -0.7694
vn -0.3690 -0.5373 -0.7584
vn -0.4890 -0.1923 -0.8508
vn -0.3702 -0.3517 -0.8598
vn -0.3706 -0.3512 -0.8598
vn -0.7583 -0.0885 -0.6458
vn -0.7595 -0.1261 -0.6382
vn -0.6283 -0.2385 -0.7405
vn -0.5675 0.0140 -0.8232
vn -0.6968 0.1094 -0.7088
vn -0.5868 -0.1198 -0.8009
vn -0.5695 -0.2123 -0.7941
vn -0.5251 -0.3464 -0.7774
vn -0.7426 -0.0324 -0.6690
vn -0.7789 -0.2885 -0.5569
vn -0.6964 0.0909 -0.7118
vn -0.6943 0.0272 -0.7192
vn -0.6924 0.1254 -0.7105
vn -0.6728 0.0993 -0.7332
vn -0.6660 0.0685 -0.7428
vn -0.6625 0.0726 -0.7456
vn -0.6630 0.0400 -0.7476
vn -0.6325 0.0035 -0.7745
vn -0.6324 -0.0134 -0.7746
vn -0.6193 -0.0363 -0.7843
vn -0.3139 -0.5293 -0.7882
vn -0.4333 -0.2279 -0.8720
vn -0.4549 -0.1997 -0.8679
vn -0.4273 -0.2597 -0.8660
vn -0.2911 -0.4123 -0.8633
vn -0.2552 -0.4585 -0.8512
vn -0.6970 0.0239 -0.7166
vn -0.4929 -0.3363 -0.8025
vn -0.3313 -0.6083 -0.7213
vn -0.7158 -0.5556 -0.4229
vn -0.7864 -0.4440 -0.4295
vn -0.3800 -0.2782 -0.8822
vn -0.3700 -0.2942 -0.8812
vn -0.3099 -0.3757 -0.8734
vn -0.2912 -0.4027 -0.8678
vn -0.7417 0.0517 -0.6687
vn -0.7644 -0.0460 -0.6431
vn -0.7481 -0.1320 -0.6503
vn -0.7665 -0.2572 -0.5885
vn -0.6962 0.0270 -0.7173
vn -0.6160 0.0112 -0.7876
vn -0.5541 -0.1048 -0.8258
vn -0.5174 -0.2322 -0.8237
vn -0.4875 -0.3225 -0.8114
vn -0.7384 -0.1016 -0.6667
vn -0.7373 -0.1120 -0.6662
vn -0.7495 -0.1331 -0.6485
vn -0.4230 -0.3050 -0.8533
vn -0.3940 -0.1452 -0.9075
vn -0.6822 0.0963 -0.7248
vn -0.4302 -0.3727 -0.8222
vn -0.2160 -0.6044 -0.7668
vn -0.3858 -0.2340 -0.8924
vn -0.3325 -0.3129 -0.8897
vn -0.2376 -0.4576 -0.8568
vn -0.2091 -0.5025 -0.8389
vn -0.2266 -0.4901 -0.8417
vn -0.6685 0.0595 -0.7413
vn -0.6560 0.0958 -0.7486
vn -0.6364 0.0656 -0.7686
vn -0.5982 0.0024 -0.8013
vn -0.5700 -0.0557 -0.8197
vn -0.5549 -0.0783 -0.8282
vn -0.5139 -0.1609 -0.8426
vn -0.4431 -0.3423 -0.8285
vn -0.4323 -0.3580 -0.8276
vn -0.2043 -0.6838 -0.7005
vn -0.7146 -0.6487 -0.2617
vn -0.8056 -0.5464 -0.2291
vn -0.2388 -0.4479 -0.8616
vn -0.7390 0.0511 -0.6718
vn -0.7334 -0.0611 -0.6771
vn -0.6607 0.0137 -0.7505
vn -0.6261 0.0555 -0.7778
vn -0.3808 -0.4101 -0.8287
vn -0.1956 -0.6682 -0.7178
vn -0.0965 -0.7091 -0.6985
vn -0.3355 -0.2737 -0.9014
vn -0.3037 -0.3481 -0.8869
vn -0.3129 -0.3316 -0.8900
vn -0.2712 -0.3998 -0.8756
vn -0.2592 -0.4109 -0.8740
vn -0.7299 -0.1212 -0.6727
vn -0.7451 -0.4588 -0.4841
vn -0.7415 -0.4649 -0.4838
vn -0.6804 0.0551 -0.7307
vn -0.6613 0.0129 -0.7500
vn -0.5879 0.0167 -0.8088
vn -0.5748 -0.0331 -0.8176
vn -0.5382 -0.0853 -0.8385
vn -0.4902 -0.1607 -0.8566
vn -0.6948 -0.6904 -0.2016
vn -0.7717 -0.6110 -0.1766
vn -0.0728 -0.7077 -0.7027
vn -0.3142 -0.2999 -0.9007
vn -0.7373 -0.1216 -0.6645
vn -0.2459 -0.3467 -0.9052
vn -0.2213 -0.2045 -0.9535
vn -0.6375 0.0821 -0.7661
vn -0.4679 -0.1832 -0.8646
vn -0.4574 -0.2016 -0.8661
vn -0.3992 -0.3676 -0.8400
vn -0.3825 -0.3894 -0.8379
vn -0.3027 -0.3423 -0.8895
vn -0.2837 -0.3703 -0.8846
vn -0.7259 0.0612 -0.6851
vn -0.7173 -0.1134 -0.6875
vn -0.6961 -0.6151 -0.3702
vn -0.6592 0.0833 -0.7474
vn -0.6621 0.0355 -0.7486
vn -0.6626 0.0340 -0.7482
vn -0.6352 0.0821 -0.7680
vn -0.6171 0.0533 -0.7851
vn -0.5814 0.0151 -0.8135
vn -0.5046 -0.1207 -0.8549
vn -0.3748 -0.3937 -0.8394
vn -0.2474 -0.4591 -0.8532
vn -0.7246 0.0016 -0.6892
vn -0.7293 -0.0581 -0.6817
vn -0.7137 -0.1164 -0.6907
vn -0.6962 -0.6125 -0.3743
vn -0.4347 -0.2228 -0.8726
vn -0.4156 -0.2556 -0.8729
vn -0.3500 -0.4252 -0.8347
vn -0.0667 -0.7759 -0.6273
vn -0.7080 -0.7055 -0.0324
vn -0.7679 -0.6406 0.0054
vn -0.0193 -0.7559 -0.6544
vn -0.3052 -0.3212 -0.8965
vn -0.2840 -0.4144 -0.8647
vn -0.2396 -0.5126 -0.8245
vn -0.7186 -0.1185 -0.6852
vn -0.6386 -0.0028 -0.7696
vn -0.5566 -0.0175 -0.8306
vn -0.5217 -0.0657 -0.8506
vn -0.3677 -0.4033 -0.8379
vn -0.3467 -0.4395 -0.8286
vn -0.3395 -0.4365 -0.8332
vn -0.0345 -0.8028 -0.5953
vn -0.3164 -0.3579 -0.8785
vn -0.2831 -0.3988 -0.8723
vn -0.7284 0.0783 -0.6807
vn -0.7284 0.0784 -0.6807
vn -0.7265 0.0597 -0.6845
vn -0.6094 0.0650 -0.7902
vn -0.7090 -0.7049 0.0207
vn -0.7559 -0.6530 0.0473
vn 0.0045 -0.7928 -0.6095
vn -0.3186 -0.3383 -0.8855
vn -0.2745 -0.4573 -0.8459
vn -0.0930 -0.3646 -0.9265
vn -0.0752 -0.2641 -0.9616
vn -0.5383 -0.0010 -0.8427
vn -0.6055 0.0643 -0.7932
vn -0.5742 0.0301 -0.8182
vn -0.5474 -0.0222 -0.8366
vn -0.5237 -0.0480 -0.8505
vn -0.4948 -0.1104 -0.8620
vn -0.4593 -0.1589 -0.8739
vn -0.4092 -0.2579 -0.8752
vn -0.3867 -0.2968 -0.8731
vn -0.2940 -0.4829 -0.8248
vn -0.6338 -0.7124 -0.3012
vn -0.6263 -0.7189 -0.3015
vn -0.6400 0.0486 -0.7668
vn -0.5875 0.0526 -0.8075
vn -0.3442 -0.4563 -0.8205
vn -0.0126 -0.8339 -0.5517
vn -0.7018 -0.7108 0.0477
vn -0.7500 -0.6574 0.0735
vn 0.0176 -0.8134 -0.5814
vn -0.3258 -0.4070 -0.8534
vn -0.3243 -0.4077 -0.8536
vn -0.2711 -0.5393 -0.7973
vn -0.6961 -0.0620 -0.7153
vn -0.6976 -0.1011 -0.7093
vn -0.6862 -0.1155 -0.7182
vn -0.6858 -0.1191 -0.7180
vn -0.6236 0.0044 -0.7818
vn -0.5447 0.0192 -0.8384
vn -0.5122 -0.0479 -0.8575
vn -0.4742 -0.1198 -0.8722
vn -0.4727 -0.1216 -0.8728
vn -0.3962 -0.2879 -0.8719
vn -0.3373 -0.4503 -0.8267
vn -0.3312 -0.3608 -0.8719
vn -0.7197 0.0958 -0.6876
vn -0.7233 0.0819 -0.6856
vn -0.3481 -0.4851 -0.8022
vn -0.0048 -0.8560 -0.5169
vn -0.7034 -0.7081 0.0623
vn -0.7380 -0.6702 0.0791
vn 0.0122 -0.8390 -0.5441
vn -0.3261 -0.4821 -0.8132
vn -0.7020 0.0546 -0.7101
vn -0.6899 0.0422 -0.7227
vn -0.6929 -0.0493 -0.7194
vn 0.0382 -0.3824 -0.9232
vn 0.0600 -0.2640 -0.9627
vn -0.6065 -0.0028 -0.7950
vn -0.6061 -0.0035 -0.7954
vn -0.5427 0.0198 -0.8397
vn -0.4843 -0.0666 -0.8724
vn -0.4206 -0.2133 -0.8818
vn -0.3408 -0.4807 -0.8080
vn -0.3612 -0.4633 -0.8093
vn -0.1475 -0.9653 -0.2154
vn -0.3624 -0.5124 -0.7786
vn -0.3370 -0.5062 -0.7939
vn -0.3525 -0.5443 -0.7612
vn -0.7008 0.0726 -0.7096
vn -0.5353 -0.7913 -0.2954
vn -0.6259 0.0945 -0.7742
vn -0.5649 0.0519 -0.8235
vn -0.3930 -0.4120 -0.8221
vn 0.0012 -0.8832 -0.4689
vn -0.3849 -0.3279 -0.8627
vn -0.3575 -0.4447 -0.8212
vn -0.3766 -0.4286 -0.8212
vn 0.8082 -0.5536 0.2010
vn 0.7695 -0.5600 0.3070
vn 0.7812 -0.5501 0.2952
vn 0.7571 -0.5824 0.2961
vn 0.7262 -0.5334 0.4337
vn 0.7285 -0.5358 0.4268
vn 0.7169 -0.5695 0.4021
vn 0.6550 -0.4943 0.5716
vn 0.6984 -0.5244 0.4870
vn 0.6246 -0.5760 0.5273
vn 0.5650 -0.5901 0.5767
vn 0.5953 -0.5732 0.5631
vn 0.5707 -0.5982 0.5626
vn 0.6134 -0.6051 0.5075
vn 0.5201 -0.6814 0.5150
vn 0.5349 -0.6083 0.5864
vn 0.4355 -0.6793 0.5906
vn 0.4797 -0.6927 0.5385
vn 0.4030 -0.6769 0.6160
vn 0.4992 -0.7249 0.4747
vn 0.3885 -0.7677 0.5096
vn 0.3496 -0.7506 0.5606
vn 0.3876 -0.8273 0.4066
vn 0.2613 -0.8583 0.4417
vn 0.2381 -0.8507 0.4687
vn 0.1232 -0.9299 0.3466
vn 0.1300 -0.9418 0.3101
vn 0.1164 -0.9642 0.2382
vn 0.1480 -0.9850 -0.0884
vn 0.1578 -0.9805 -0.1174
vn 0.1773 -0.9740 -0.1410
vn 0.0709 -0.9673 -0.2437
vn 0.0958 -0.9621 -0.2554
vn 0.0122 -0.9560 -0.2931
vn 0.0351 -0.9554 -0.2931
vn 0.1256 -0.9472 -0.2951
vn 0.1668 -0.9427 -0.2891
vn 0.1825 -0.9373 -0.2968
vn 0.1553 -0.8881 -0.4326
vn 0.0722 -0.9311 -0.3577
vn -0.0045 -0.9447 -0.3279
vn -0.0042 -0.9386 -0.3449
vn 0.2290 -0.9016 -0.3669
vn 0.2618 -0.8884 -0.3771
vn 0.0702 -0.9229 -0.3785
vn 0.0948 -0.9239 -0.3706
vn 0.2683 -0.8826 -0.3861
vn 0.0593 -0.9036 -0.4243
vn 0.0165 -0.9209 -0.3895
vn 0.0604 -0.9183 -0.3913
vn 0.1464 -0.8750 -0.4614
vn 0.1511 -0.8941 -0.4217
vn 0.1427 -0.8773 -0.4582
vn 0.1002 -0.8942 -0.4363
vn -0.0182 -0.9205 -0.3903
vn 0.2544 -0.8425 -0.4748
vn 0.3123 -0.8087 -0.4984
vn 0.0035 -0.9148 -0.4040
vn 0.0700 -0.8963 -0.4380
vn 0.1293 -0.8742 -0.4680
vn 0.1534 -0.8740 -0.4612
vn -0.0007 -0.9204 -0.3910
vn 0.2059 -0.8482 -0.4880
vn 0.3339 -0.7784 -0.5316
vn 0.3639 -0.7610 -0.5371
vn 0.1768 -0.8306 -0.5281
vn 0.2138 -0.8540 -0.4744
vn 0.2197 -0.8502 -0.4785
vn 0.0117 -0.9090 -0.4167
vn 0.2159 -0.8232 -0.5251
vn 0.2988 -0.7779 -0.5528
vn -0.0530 -0.7538 -0.6550
vn 0.0302 -0.7976 -0.6025
vn 0.1150 -0.8106 -0.5742
vn 0.1863 -0.8442 -0.5026
vn 0.0538 -0.8908 -0.4512
vn 0.0492 -0.8926 -0.4481
vn 0.2467 -0.8006 -0.5461
vn 0.4201 -0.6944 -0.5842
vn 0.4351 -0.6830 -0.5867
vn 0.1276 -0.8580 -0.4976
vn 0.1574 -0.8345 -0.5281
vn -0.1325 -0.7293 -0.6712
vn -0.0588 -0.7625 -0.6443
vn -0.0675 -0.7638 -0.6419
vn 0.0339 -0.8017 -0.5968
vn 0.0763 -0.8341 -0.5463
vn 0.1721 -0.8555 -0.4883
vn 0.1961 -0.8782 -0.4363
vn 0.4622 -0.6232 -0.6308
vn 0.1665 -0.8858 -0.4332
vn 0.1061 -0.9063 -0.4090
vn 0.3230 -0.7293 -0.6032
vn -0.1448 -0.6460 -0.7495
vn -0.1273 -0.7401 -0.6604
vn 0.3766 -0.6954 -0.6120
vn 0.4156 -0.6304 -0.6557
vn -0.2079 -0.6502 -0.7308
vn -0.2175 -0.7052 -0.6749
vn -0.2146 -0.7050 -0.6759
vn 0.0543 -0.9156 -0.3983
vn 0.0153 -0.9306 -0.3657
vn 0.0398 -0.9132 -0.4056
vn 0.0806 -0.8683 -0.4894
vn 0.1588 -0.8232 -0.5452
vn 0.2433 -0.7730 -0.5860
vn -0.4748 0.6393 0.6049
vn -0.0058 -0.8413 -0.5405
vn 0.0957 -0.8612 -0.4993
vn 0.0930 -0.8616 -0.4990
vn 0.1737 -0.8755 -0.4510
vn 0.0841 -0.8609 -0.5018
vn -0.0595 -0.7622 0.6446
vn 0.1986 -0.7784 -0.5955
vn 0.5354 -0.8266 0.1732
vn -0.6287 0.7766 0.0404
vn -0.8683 0.4825 -0.1152
vn -0.8515 0.5089 -0.1266
vn -0.6424 0.7663 -0.0085
vn -0.6450 0.6905 0.3274
vn -0.9799 0.1915 0.0559
vn -0.0881 -0.8269 -0.5554
vn 0.1460 -0.8637 -0.4823
vn 0.9731 -0.2255 -0.0476
vn 0.9766 -0.2031 -0.0705
vn 0.6086 -0.7345 -0.3002
vn 0.6000 -0.7228 -0.3429
vn 0.9834 -0.1359 -0.1199
vn 0.9793 -0.0101 -0.2024
vn 0.5690 -0.6984 -0.4343
vn 0.3525 0.9295 -0.1083
vn -0.1894 -0.7928 -0.5793
vn 0.0115 -0.8492 -0.5279
vn 0.1098 -0.8328 -0.5426
vn -0.3513 -0.8731 0.3381
vn -0.3629 -0.6326 -0.6842
vn -0.2698 -0.6441 -0.7158
vn -0.2251 -0.7659 -0.6022
vn -0.1254 -0.8093 -0.5738
vn -0.0411 -0.8348 -0.5491
vn 0.1666 -0.8555 -0.4902
vn 0.0431 -0.9032 -0.4271
vn 0.0543 -0.8907 -0.4513
vn -0.8802 -0.0158 0.4744
vn -0.2653 -0.7504 -0.6053
vn 0.0616 -0.8719 -0.4857
vn 0.0741 -0.8591 -0.5063
vn -0.8345 -0.0146 0.5509
vn -0.0408 0.7121 0.7009
vn -0.7011 0.3686 -0.6105
vn 0.0958 0.5225 0.8473
vn -0.3188 -0.7027 -0.6361
vn 0.1457 -0.8617 -0.4860
vn -0.0579 0.8246 0.5628
vn 0.0495 0.6029 0.7963
vn -0.6269 0.6604 -0.4135
vn 0.2127 0.3265 0.9209
vn 0.1681 0.6037 0.7793
vn -0.2933 -0.7190 -0.6302
vn 0.0344 -0.8188 -0.5730
vn 0.0665 -0.8173 -0.5724
vn -0.6565 -0.1451 0.7403
vn -0.1327 0.8962 0.4234
vn -0.0898 0.8431 0.5302
vn -0.6190 0.7240 -0.3044
vn 0.9706 0.0262 0.2394
vn -0.1473 0.7124 -0.6861
vn 0.2210 0.9749 -0.0286
vn 0.5113 0.8158 0.2702
vn 0.0964 0.9670 -0.2357
vn 0.4200 0.6539 -0.6293
vn 0.3593 0.5974 -0.7169
vn 0.3387 0.5648 -0.7525
vn 0.1446 0.3560 -0.9232
vn 0.1039 0.3088 -0.9454
vn -0.0864 0.7988 -0.5954
vn 0.4408 0.4447 -0.7797
vn 0.5729 0.7261 0.3802
vn 0.5035 0.4107 -0.7601
vn 0.4442 0.4632 -0.7669
vn 0.0512 0.8604 -0.5070
vn -0.1317 0.8004 -0.5848
vn 0.4529 0.4112 -0.7911
vn 0.4353 0.4534 -0.7778
vn 0.3735 0.6394 -0.6720
vn 0.3515 0.6949 -0.6274
vn 0.4884 0.8376 0.2447
vn 0.5636 0.7564 0.3319
vn -0.1265 0.8102 -0.5723
vn -0.1494 0.7796 -0.6083
vn 0.3569 0.4710 -0.8067
vn 0.3531 0.6162 -0.7040
vn 0.4907 0.8479 0.2008
vn 0.5476 0.7950 0.2612
vn 0.4157 0.4478 -0.7916
vn 0.3166 0.5840 -0.7475
vn 0.3167 0.5832 -0.7481
vn 0.3090 0.6428 -0.7010
vn 0.3063 0.6909 -0.6548
vn 0.0202 0.9535 -0.3007
vn -0.1684 0.7736 -0.6109
vn 0.3707 0.4432 -0.8162
vn 0.3607 0.4887 -0.7944
vn 0.3594 0.4901 -0.7941
vn 0.2639 0.6453 -0.7169
vn 0.3466 0.6418 -0.6841
vn 0.5292 0.8245 0.2004
vn -0.0482 0.8764 -0.4791
vn -0.1549 0.7520 -0.6407
vn 0.2892 0.4862 -0.8246
vn 0.4834 0.8666 0.1238
vn 0.3211 0.4785 -0.8173
vn 0.2703 0.5450 -0.7936
vn 0.2705 0.5264 -0.8061
vn 0.2744 0.5577 -0.7834
vn 0.2351 0.7346 -0.6365
vn 0.4144 0.9090 -0.0453
vn 0.2613 0.5476 -0.7949
vn 0.2075 0.6537 -0.7277
vn 0.1748 0.7511 -0.6366
vn 0.2515 0.5823 -0.7731
vn 0.2508 0.6118 -0.7502
vn 0.2384 0.6269 -0.7418
vn -0.1728 0.7927 -0.5846
vn -0.1909 0.7689 -0.6101
vn 0.2794 0.4738 -0.8352
vn 0.4053 0.9134 -0.0380
vn 0.4816 0.8762 0.0169
vn 0.2276 0.5703 -0.7893
vn 0.2016 0.6415 -0.7401
vn 0.1959 0.6411 -0.7420
vn 0.1903 0.7012 -0.6871
vn -0.0307 0.9081 -0.4176
vn -0.1172 0.8225 -0.5565
vn 0.2215 0.4513 -0.8645
vn 0.2135 0.4611 -0.8613
vn 0.2206 0.4928 -0.8417
vn 0.2050 0.5382 -0.8175
vn 0.1357 0.7725 -0.6204
vn 0.1796 0.5594 -0.8092
vn 0.1992 0.6428 -0.7397
vn -0.1264 0.8459 -0.5182
vn -0.0777 0.8903 -0.4488
vn 0.1602 0.6625 -0.7317
vn 0.1753 0.5408 -0.8227
vn 0.1637 0.5957 -0.7864
vn 0.3923 0.9163 -0.0801
vn 0.2061 0.4913 -0.8462
vn 0.2084 0.5404 -0.8152
vn 0.3304 0.9245 -0.1902
vn 0.1531 0.3795 -0.9125
vn 0.1516 0.4503 -0.8799
vn 0.1463 0.6061 -0.7819
vn 0.1428 0.6673 -0.7310
vn -0.2426 0.7767 -0.5813
vn -0.2717 0.7389 -0.6166
vn 0.1291 0.6042 -0.7863
vn 0.3732 0.9166 -0.1431
vn 0.1876 0.4967 -0.8474
vn 0.1845 0.5514 -0.8136
vn 0.1551 0.6584 -0.7365
vn 0.1332 0.4210 -0.8972
vn 0.1264 0.5037 -0.8546
vn 0.1217 0.6728 -0.7297
vn 0.2838 0.9142 -0.2891
vn 0.1220 0.3436 -0.9312
vn -0.2544 0.7652 -0.5914
vn -0.3099 0.6913 -0.6527
vn 0.1137 0.5057 -0.8552
vn 0.1083 0.5860 -0.8031
vn 0.1525 0.5925 -0.7910
vn 0.1715 0.6989 -0.6944
vn 0.1104 0.6834 -0.7216
vn 0.2800 0.9191 -0.2771
vn 0.3344 0.8963 -0.2912
vn 0.1668 0.4972 -0.8514
vn 0.2036 0.6546 -0.7280
vn 0.0887 0.2934 -0.9519
vn 0.0966 0.3044 -0.9476
vn 0.0949 0.4137 -0.9054
vn 0.1025 0.5447 -0.8323
vn 0.1126 0.5891 -0.8002
vn 0.1171 0.6018 -0.7900
vn -0.1250 0.8867 -0.4452
vn -0.2791 0.7296 -0.6244
vn 0.1572 0.7914 -0.5908
vn 0.3510 0.8892 -0.2936
vn 0.1771 0.5099 -0.8418
vn 0.1668 0.5374 -0.8267
vn 0.1631 0.5316 -0.8311
vn -0.1713 0.8020 -0.5723
vn -0.2557 0.7064 -0.6600
vn 0.0816 0.3743 -0.9237
vn 0.0850 0.3944 -0.9150
vn 0.0968 0.4843 -0.8695
vn 0.1104 0.6090 -0.7855
vn 0.2985 0.8942 -0.3335
vn 0.0742 0.2852 -0.9556
vn 0.0862 0.4432 -0.8922
vn 0.3548 0.8649 -0.3550
vn 0.1958 0.4967 -0.8456
vn -0.5442 0.1824 0.8189
vn -0.2636 0.7322 -0.6280
vn -0.2748 0.7186 -0.6388
vn 0.2340 0.6546 -0.7188
vn 0.1152 0.5560 -0.8232
vn 0.1134 0.5920 -0.7979
vn 0.3048 0.8614 -0.4063
vn 0.1951 0.5042 -0.8412
vn 0.2204 0.5715 -0.7905
vn 0.0978 0.4825 -0.8704
vn 0.1883 0.9208 -0.3417
vn 0.2183 0.4797 -0.8498
vn 0.2265 0.6358 -0.7379
vn 0.2219 0.6952 -0.6837
vn -0.1058 0.4974 -0.8611
vn 0.0637 0.2968 -0.9528
vn 0.1037 0.5328 -0.8399
vn 0.1371 0.5895 -0.7960
vn -0.2230 0.7250 -0.6517
vn 0.2118 0.5003 -0.8396
vn 0.2275 0.5644 -0.7936
vn -0.6823 0.5178 -0.5162
vn -0.0019 0.9971 0.0757
vn 0.0651 0.2575 -0.9641
vn 0.0757 0.3651 -0.9279
vn 0.2216 0.7891 -0.5729
vn 0.2535 0.7667 -0.5898
vn 0.0884 0.4979 0.8627
vn 0.2171 0.5096 -0.8326
vn 0.6018 -0.2249 0.7663
vn 0.2118 0.5221 0.8262
vn 0.0784 0.4058 -0.9106
vn 0.0895 0.4457 -0.8907
vn -0.1742 0.6845 -0.7079
vn 0.2153 0.4569 -0.8631
vn 0.2103 0.5015 -0.8392
vn -0.6835 0.4187 -0.5980
vn 0.0471 0.5087 0.8596
vn 0.1621 -0.6078 0.7774
vn 0.0607 0.2677 -0.9616
vn 0.0629 0.2957 -0.9532
vn 0.0705 0.3307 -0.9411
vn 0.0706 0.3495 -0.9343
vn 0.0873 0.4603 -0.8835
vn 0.0974 0.5364 -0.8383
vn 0.1046 0.8883 -0.4472
vn 0.3101 0.7089 -0.6334
vn 0.2127 0.6792 -0.7024
vn 0.0750 0.4006 -0.9132
vn 0.1110 0.5381 -0.8355
vn 0.0563 0.2254 -0.9726
vn -0.0967 0.6700 -0.7361
vn -0.1318 0.6136 -0.7786
vn 0.2210 0.6898 -0.6894
vn 0.1665 0.4372 -0.8838
vn 0.1601 0.5875 -0.7932
vn 0.1548 0.6491 -0.7448
vn 0.0505 0.4659 -0.8834
vn 0.0608 0.5060 -0.8604
vn 0.0391 0.5603 -0.8274
vn 0.1537 0.4923 -0.8567
vn 0.1526 0.4896 -0.8585
vn 0.0497 0.2259 -0.9729
vn 0.0385 0.3960 -0.9174
vn 0.0295 0.4089 -0.9121
vn 0.0431 0.4607 -0.8865
vn 0.1330 0.5410 -0.8304
vn 0.0359 0.2519 -0.9671
vn 0.0260 0.2995 -0.9537
vn 0.0226 0.3034 -0.9526
vn 0.0352 0.3486 -0.9366
vn 0.0228 0.3626 -0.9317
vn 0.0722 0.5516 -0.8310
vn 0.1042 0.4568 -0.8835
vn 0.0309 0.2097 -0.9773
vn 0.0621 0.4643 -0.8835
vn 0.0616 0.5476 -0.8345
vn 0.0294 0.6464 -0.7624
vn 0.0509 0.6237 -0.7800
vn 0.0148 0.2570 -0.9663
vn 0.0141 0.2581 -0.9660
vn -0.0413 0.5022 -0.8637
vn -0.0312 0.3407 -0.9396
vn 0.0337 0.5036 -0.8633
vn 0.0068 0.2143 -0.9768
vn -0.0024 0.2346 -0.9721
vn -0.0425 0.4092 -0.9114
vn -0.0476 0.4301 -0.9015
vn -0.0258 0.4600 -0.8876
vn -0.0473 0.4951 -0.8676
vn -0.0386 0.3069 -0.9510
vn -0.0473 0.3361 -0.9406
vn -0.0294 0.3562 -0.9340
vn -0.0597 0.3865 -0.9204
vn -0.0482 0.4951 -0.8675
vn 0.1259 0.3815 -0.9158
vn 0.1183 0.3229 -0.9390
vn -0.0371 0.4814 -0.8757
vn -0.0788 0.6148 -0.7847
vn -0.0976 0.6422 -0.7603
vn -0.0297 0.1956 -0.9802
vn -0.0530 0.2690 -0.9617
vn -0.0576 0.2920 -0.9547
vn -0.1088 0.3759 -0.9203
vn -0.1247 0.4364 -0.8911
vn -0.1425 0.4708 -0.8706
vn -0.1409 0.4722 -0.8702
vn -0.1895 0.2907 -0.9378
vn -0.1422 0.1569 -0.9773
vn -0.0853 0.4714 -0.8778
vn -0.0761 0.4816 -0.8731
vn -0.1028 0.5281 -0.8430
vn -0.0345 0.1689 -0.9850
vn -0.0707 0.2369 -0.9689
vn -0.0755 0.2483 -0.9657
vn -0.1216 0.3348 -0.9344
vn -0.0806 0.2189 -0.9724
vn -0.1218 0.2983 -0.9467
vn -0.1412 0.3219 -0.9362
vn -0.1551 0.3955 -0.9053
vn -0.1690 0.4678 -0.8675
vn -0.0864 0.1743 -0.9809
vn -0.1417 0.2641 -0.9540
vn -0.2301 0.4255 -0.8752
vn -0.2456 0.5073 -0.8260
vn -0.3035 -0.0000 -0.9528
vn -0.2568 0.5256 -0.8110
vn -0.2616 0.6007 -0.7555
vn -0.1178 0.1939 -0.9739
vn -0.1118 0.2061 -0.9721
vn -0.1672 0.3226 -0.9317
vn -0.1902 0.3911 -0.9005
vn -0.2791 0.4834 -0.8297
vn -0.2538 -0.1112 -0.9608
vn -0.2379 0.4485 -0.8616
vn -0.2797 0.4981 -0.8208
vn -0.2159 0.3652 -0.9055
vn -0.2855 0.4289 -0.8571
vn -0.2870 0.4296 -0.8562
vn -0.3798 0.6083 -0.6969
vn -0.1192 0.1523 -0.9811
vn -0.1796 0.2533 -0.9506
vn -0.3088 -0.1355 -0.9414
vn -0.3751 0.4803 -0.7928
vn -0.1249 0.0032 -0.9922
vn -0.1580 0.0129 -0.9874
vn -0.1552 0.1526 -0.9760
vn -0.1658 0.1595 -0.9732
vn -0.1657 0.1756 -0.9704
vn -0.1837 0.2278 -0.9562
vn -0.2340 0.2919 -0.9274
vn -0.2236 0.3019 -0.9267
vn -0.2808 0.3496 -0.8938
vn -0.3205 -0.2721 -0.9073
vn -0.4087 0.4953 -0.7666
vn -0.4439 0.5217 -0.7285
vn -0.4434 0.5150 -0.7336
vn -0.1833 0.1185 -0.9759
vn 0.3374 -0.1482 -0.9296
vn -0.1916 0.1848 -0.9639
vn -0.2027 0.2183 -0.9546
vn -0.2109 0.2612 -0.9420
vn -0.2920 0.3496 -0.8902
vn -0.3244 0.3619 -0.8739
vn -0.3818 0.4276 -0.8194
vn -0.4130 0.4716 -0.7791
vn -0.4173 0.4739 -0.7754
vn -0.5146 0.5635 -0.6462
vn -0.4891 0.6281 -0.6052
vn -0.1953 0.0041 -0.9807
vn -0.2607 0.2415 -0.9347
vn -0.2831 0.2880 -0.9148
vn -0.3250 0.3016 -0.8963
vn -0.4019 0.4045 -0.8215
vn -0.9176 0.1404 -0.3720
vn -0.9193 0.0682 -0.3876
vn -0.2210 -0.4346 -0.8731
vn -0.5028 0.4866 -0.7144
vn -0.5742 0.6030 -0.5538
vn -0.2691 0.1327 -0.9539
vn -0.4327 -0.2758 -0.8583
vn -0.3634 -0.3894 -0.8463
vn -0.1749 0.0173 -0.9844
vn -0.2258 0.1451 -0.9633
vn -0.2483 0.2138 -0.9448
vn -0.2457 0.2126 -0.9458
vn -0.3009 0.2502 -0.9203
vn -0.3898 0.3633 -0.8462
vn -0.3847 0.3611 -0.8495
vn -0.4792 0.4554 -0.7503
vn -0.5377 0.4862 -0.6888
vn -0.5679 0.5327 -0.6275
vn -0.5904 0.5745 -0.5669
vn -0.2469 0.1408 -0.9587
vn 0.3971 -0.2092 -0.8936
vn 0.3563 -0.2868 -0.8893
vn -0.2480 0.0960 -0.9640
vn -0.2487 0.1826 -0.9512
vn -0.5457 0.4993 -0.6730
vn -0.5663 0.5153 -0.6433
vn -0.5693 0.5281 -0.6300
vn -0.2695 0.0789 -0.9598
vn -0.2932 0.0998 -0.9508
vn -0.2916 0.1073 -0.9505
vn -0.3671 -0.3368 -0.8671
vn -0.2236 -0.0109 -0.9746
vn -0.2262 0.0010 -0.9741
vn -0.2582 0.1757 -0.9500
vn -0.3286 0.2456 -0.9120
vn -0.3720 0.2959 -0.8798
vn -0.3988 0.3107 -0.8628
vn -0.4565 0.3575 -0.8147
vn -0.5006 0.4212 -0.7563
vn -0.5445 0.4874 -0.6826
vn -0.5314 0.4696 -0.7050
vn -0.2219 -0.4576 -0.8610
vn -0.9702 0.0838 -0.2274
vn -0.9689 0.0126 -0.2470
vn -0.1449 -0.5297 -0.8357
vn -0.5742 0.4946 -0.6524
vn -0.6464 0.5580 -0.5204
vn -0.3145 0.1320 -0.9400
vn -0.4905 -0.4232 -0.7618
vn -0.2620 0.0104 -0.9650
vn -0.2359 0.1058 -0.9660
vn -0.3860 0.2731 -0.8812
vn -0.4832 0.3991 -0.7792
vn -0.6575 0.6025 -0.4525
vn -0.6250 0.5111 -0.5900
vn -0.9890 -0.0377 -0.1428
vn -0.1875 -0.6337 -0.7505
vn -0.3552 0.2224 -0.9080
vn -0.3521 0.2010 -0.9141
vn -0.3003 0.1712 -0.9383
vn -0.7528 0.5794 -0.3125
vn -0.7183 0.5999 -0.3523
vn -0.7138 0.5810 -0.3910
vn -0.7537 0.5716 -0.3243
vn -0.7741 0.5611 -0.2933
vn -0.9690 -0.2002 0.1446
vn -0.7201 0.5697 -0.3960
vn -0.7659 0.5507 -0.3318
vn -0.9759 -0.1798 0.1234
vn -0.0336 -0.7207 -0.6925
vn -0.0079 -0.6917 -0.7222
vn -0.9765 -0.1370 0.1665
vn -0.7446 0.6009 -0.2905
vn -0.7162 0.5532 -0.4254
vn -0.7396 0.5598 -0.3737
vn -0.7500 0.5611 -0.3502
vn -0.7500 0.5610 -0.3504
vn -0.9806 -0.1714 0.0949
vn -0.0241 -0.7307 -0.6822
vn 0.0030 -0.7033 -0.7109
vn -0.9824 -0.1206 0.1429
vn -0.7357 0.6045 -0.3055
vn -0.7322 0.6046 -0.3137
vn -0.7440 0.5522 -0.3762
vn -0.9861 -0.1526 0.0658
vn -0.0289 -0.7381 -0.6741
vn -0.0008 -0.7124 -0.7018
vn -0.9880 -0.1007 0.1168
vn -0.7296 0.6013 -0.3256
vn -0.7290 0.6023 -0.3253
vn -0.7287 0.5319 -0.4314
vn -0.9909 -0.1307 0.0321
vn -0.0462 -0.7372 -0.6741
vn -0.0193 -0.7160 -0.6978
vn -0.9931 -0.0792 0.0867
vn -0.7274 0.5990 -0.3348
vn -0.6562 0.5449 -0.5220
vn -0.6788 0.5347 -0.5033
vn -0.6879 0.5362 -0.4891
vn -0.9944 -0.1057 -0.0074
vn -0.0817 -0.7291 -0.6795
vn -0.0608 -0.7149 -0.6965
vn -0.9971 -0.0547 0.0520
vn -0.7098 0.5837 -0.3943
vn -0.7246 0.5898 -0.3567
vn -0.6470 0.5251 -0.5529
vn -0.9945 -0.0811 -0.0659
vn -0.1309 -0.7223 -0.6790
vn -0.1300 -0.7036 -0.6986
vn -0.9996 -0.0264 0.0114
vn -0.7000 0.5737 -0.4253
vn -0.8835 -0.1612 -0.4398
vn -0.7117 0.5683 -0.4129
vn -0.7234 0.5723 -0.3862
vn -0.2071 -0.6920 -0.6915
vn -0.2014 -0.6735 -0.7112
vn -0.9986 0.0043 -0.0518
vn -0.9900 0.0563 -0.1291
vn -0.6196 0.5522 -0.5579
vn -0.5635 0.5375 -0.6274
vn -0.6974 0.5333 -0.4788
vn -0.7020 0.5506 -0.4517
vn -0.7056 0.5866 -0.3975
vn -0.6398 0.5142 -0.5712
vn -0.6523 0.5163 -0.5549
vn -0.6833 0.6265 -0.3750
vn -0.5853 0.4958 -0.6416
vn -0.6780 0.5575 -0.4791
vn -0.6965 0.5744 -0.4301
vn -0.6144 0.4870 -0.6207
vn -0.6728 0.5163 -0.5299
vn -0.6729 0.5203 -0.5258
vn -0.6169 0.4661 -0.6341
vn -0.5609 0.6495 -0.5134
vn -0.5633 0.4354 -0.7022
vn -0.5778 0.6347 -0.5132
vn -0.5538 0.4244 -0.7164
vn -0.6056 0.4507 -0.6559
vn -0.6460 0.4771 -0.5958
vn -0.6576 0.5261 -0.5392
vn -0.6753 0.5326 -0.5102
vn -0.5822 0.5750 -0.5747
vn -0.5333 0.5721 -0.6231
vn -0.4880 0.3813 -0.7852
vn -0.6355 0.4962 -0.5915
vn -0.4873 0.5942 -0.6399
vn -0.5324 0.3675 -0.7625
vn -0.5529 0.3860 -0.7385
vn -0.5587 0.3864 -0.7338
vn -0.6070 0.4383 -0.6629
vn -0.4890 0.5922 -0.6405
vn -0.4736 0.3262 -0.8181
vn -0.5834 0.4041 -0.7045
vn -0.5877 0.4267 -0.6874
vn -0.6335 0.4701 -0.6145
vn -0.5341 0.5021 -0.6801
vn -0.5090 0.5287 -0.6792
vn -0.4869 0.5332 -0.6918
vn -0.5258 0.3340 -0.7823
vn -0.5218 0.3307 -0.7864
vn -0.4683 0.3045 -0.8294
vn -0.4597 0.3003 -0.8358
vn -0.5139 0.3326 -0.7908
vn -0.5616 0.3784 -0.7358
vn -0.5801 0.3904 -0.7149
vn -0.4883 0.5286 -0.6943
vn -0.5005 0.2978 -0.8129
vn -0.6469 0.3696 -0.6671
vn -0.4574 0.4420 -0.7716
vn -0.5121 0.4644 -0.7226
vn -0.4533 0.4753 -0.7540
vn -0.4819 0.5068 -0.7148
vn -0.5340 0.5271 -0.6611
vn -0.4187 0.2620 -0.8695
vn -0.4541 0.2772 -0.8467
vn -0.5368 0.3436 -0.7706
vn -0.5040 0.2758 -0.8185
vn -0.4802 0.3863 -0.7875
vn -0.5456 0.4561 -0.7030
vn -0.4219 0.2432 -0.8734
vn -0.5181 0.3137 -0.7957
vn -0.5331 0.3233 -0.7818
vn -0.4584 0.4430 -0.7705
vn -0.4946 0.4662 -0.7336
vn -0.4850 0.2554 -0.8364
vn -0.4891 0.2770 -0.8271
vn -0.4948 0.2810 -0.8223
vn -0.4368 0.3520 -0.8278
vn -0.4289 0.4119 -0.8040
vn -0.4547 0.4347 -0.7774
vn -0.5392 0.4534 -0.7097
vn -0.5450 0.4549 -0.7043
vn -0.4492 0.2271 -0.8641
vn -0.4766 0.2310 -0.8482
vn -0.4385 0.3499 -0.8278
vn -0.3915 0.3536 -0.8495
vn -0.4186 0.3765 -0.8265
vn -0.5933 0.4221 -0.6854
vn -0.3505 0.2007 -0.9148
vn -0.4811 0.2228 -0.8479
vn -0.4260 0.3031 -0.8524
vn -0.4088 0.2982 -0.8625
vn -0.4946 0.3932 -0.7751
vn -0.5082 0.3956 -0.7650
vn -0.3955 0.1855 -0.8996
vn -0.4352 0.1935 -0.8793
vn -0.4569 0.2248 -0.8606
vn -0.4761 0.2427 -0.8452
vn -0.3953 0.2489 -0.8842
vn -0.3756 0.3148 -0.8717
vn -0.4542 0.3595 -0.8152
vn -0.6001 0.3955 -0.6953
vn -0.6189 0.3845 -0.6849
vn -0.4641 0.1816 -0.8670
vn -0.4692 0.1863 -0.8632
vn -0.3762 0.3082 -0.8738
vn -0.4535 0.3526 -0.8185
vn -0.5531 0.3758 -0.7436
vn -0.4412 0.1874 -0.8776
vn -0.4534 0.2020 -0.8681
vn -0.3790 0.2644 -0.8868
vn -0.3311 0.2627 -0.9063
vn -0.3706 0.3092 -0.8758
vn -0.4106 0.3184 -0.8544
vn -0.3171 0.1553 -0.9356
vn -0.3512 0.2451 -0.9037
vn -0.5576 0.3497 -0.7529
vn -0.6160 0.3359 -0.7125
vn -0.3415 0.1448 -0.9287
vn -0.3943 0.1567 -0.9055
vn -0.4135 0.1445 -0.8990
vn -0.4615 0.1538 -0.8737
vn -0.4608 0.1553 -0.8738
vn -0.4411 0.1523 -0.8844
vn -0.4177 0.1884 -0.8888
vn -0.3397 0.1857 -0.9220
vn -0.4969 0.3196 -0.8068
vn -0.5270 0.3251 -0.7852
vn -0.6145 0.3375 -0.7131
vn -0.6842 0.3294 -0.6507
vn -0.4399 0.0543 -0.8964
vn -0.3344 0.1163 -0.9352
vn -0.3523 0.1487 -0.9240
vn -0.3176 0.1717 -0.9326
vn -0.3358 0.2242 -0.9149
vn -0.3575 0.2256 -0.9062
vn -0.3875 0.2608 -0.8842
vn -0.4162 0.2599 -0.8713
vn -0.4343 0.2807 -0.8559
vn -0.4747 0.2875 -0.8319
vn -0.5835 0.2643 -0.7679
vn -0.6170 0.2980 -0.7284
vn -0.6820 0.2270 -0.6952
vn -0.6931 0.2518 -0.6755
vn -0.2977 0.0894 -0.9505
vn -0.3198 0.1337 -0.9380
vn -0.5080 0.1681 -0.8448
vn -0.5810 0.1807 -0.7936
vn -0.6847 0.1820 -0.7058
vn -0.2990 -0.0054 -0.9542
vn -0.3458 0.0169 -0.9382
vn -0.3950 0.0048 -0.9187
vn -0.4203 0.0199 -0.9071
vn -0.4558 0.0109 -0.8900
vn -0.4626 0.0194 -0.8864
vn -0.4316 0.0355 -0.9014
vn -0.3547 0.0404 -0.9341
vn -0.3037 0.0910 -0.9484
vn -0.3483 -0.4718 -0.8100
vn -0.2936 -0.5472 -0.7838
vn -0.3724 -0.5818 -0.7231
vn -0.3143 -0.6386 -0.7025
vn -0.3744 -0.6441 -0.6670
vn -0.3113 -0.7156 -0.6254
vn -0.3373 -0.7143 -0.6131
vn -0.2874 -0.7561 -0.5880
vn -0.2666 -0.7721 -0.5768
vn 0.5392 -0.2096 -0.8157
vn -0.2964 0.0778 -0.9519
vn -0.3763 0.1379 -0.9162
vn -0.4076 0.1244 -0.9047
vn -0.4311 0.1472 -0.8902
vn -0.5044 0.1644 -0.8477
vn -0.6197 0.1506 -0.7703
vn -0.7259 0.1440 -0.6726
vn -0.3454 0.1293 -0.9295
vn -0.4420 0.1465 -0.8850
vn -0.4685 0.1244 -0.8746
vn -0.4972 0.1427 -0.8558
vn -0.4976 0.1420 -0.8557
vn -0.4665 0.1028 -0.8785
vn -0.3674 0.1942 -0.9096
vn -0.3293 0.1597 -0.9306
vn -0.2788 0.2177 -0.9353
vn 0.5479 -0.1454 -0.8238
vn -0.2754 -0.7344 -0.6203
vn -0.2731 -0.7371 -0.6181
vn -0.2968 -0.7460 -0.5962
vn -0.3180 -0.7270 -0.6085
vn -0.3295 -0.7330 -0.5950
vn -0.3670 -0.7107 -0.6002
vn -0.3709 -0.7110 -0.5975
vn -0.4313 -0.6670 -0.6076
vn -0.4348 -0.6688 -0.6031
vn -0.5153 -0.6050 -0.6070
vn -0.3826 0.1007 -0.9184
vn -0.2789 0.1992 -0.9394
vn -0.2968 0.1932 -0.9352
vn -0.3534 0.2280 -0.9073
vn -0.3620 0.2554 -0.8965
vn -0.4458 0.2334 -0.8642
vn -0.4687 0.2588 -0.8446
vn -0.5336 0.2451 -0.8094
vn -0.5635 0.2808 -0.7769
vn -0.6115 0.2509 -0.7504
vn -0.6505 0.2713 -0.7095
vn -0.3728 0.1020 -0.9223
vn -0.3994 0.1019 -0.9111
vn -0.4709 0.0970 -0.8769
vn -0.5008 0.0910 -0.8608
vn -0.3728 0.1101 -0.9213
vn -0.2791 0.1420 -0.9497
vn -0.2961 0.1501 -0.9433
vn -0.2550 0.1618 -0.9533
vn -0.3565 0.0902 -0.9300
vn -0.4434 0.0809 -0.8927
vn -0.4920 0.1070 -0.8640
vn -0.3680 0.1972 -0.9087
vn -0.4412 0.2090 -0.8727
vn -0.6913 0.2322 -0.6842
vn -0.4429 0.0849 -0.8925
vn -0.4995 0.0717 -0.8633
vn -0.3542 0.0970 -0.9301
vn -0.2558 0.1590 -0.9536
vn -0.3023 0.1724 -0.9375
vn -0.5457 0.2136 -0.8103
vn -0.5725 0.2090 -0.7928
vn -0.6023 0.2186 -0.7677
vn -0.2906 0.1170 -0.9497
vn -0.3176 0.1674 -0.9333
vn -0.3468 0.1740 -0.9216
vn -0.4578 0.1955 -0.8673
vn -0.5010 0.1951 -0.8431
vn -0.6613 0.1993 -0.7231
vn -0.3585 0.0679 -0.9310
vn -0.4786 0.0600 -0.8760
vn -0.2289 0.1209 -0.9659
vn -0.2481 0.1400 -0.9586
vn -0.3576 0.0674 -0.9314
vn -0.4115 0.0625 -0.9093
vn -0.5147 0.0650 -0.8549
vn -0.4865 0.0448 -0.8725
vn -0.3801 0.1570 -0.9115
vn -0.4247 0.1613 -0.8909
vn -0.6657 0.1864 -0.7226
vn -0.4248 0.0487 -0.9040
vn -0.3773 0.0824 -0.9224
vn -0.2590 0.0879 -0.9619
vn -0.2279 0.1151 -0.9669
vn -0.2865 0.1314 -0.9490
vn -0.2999 0.1374 -0.9440
vn -0.5796 0.1697 -0.7970
vn -0.5891 0.1666 -0.7907
vn -0.6566 0.1765 -0.7333
vn -0.4705 0.0479 -0.8811
vn -0.2431 0.0974 -0.9651
vn -0.2410 0.1142 -0.9638
vn -0.3556 0.1372 -0.9245
vn -0.4461 0.1492 -0.8825
vn -0.5068 0.1521 -0.8485
vn -0.5230 0.1626 -0.8367
vn -0.3519 0.0478 -0.9348
vn -0.5022 0.0398 -0.8638
vn -0.4721 0.0510 -0.8801
vn -0.3503 0.0741 -0.9337
vn -0.2039 0.0974 -0.9741
vn -0.2767 0.1217 -0.9532
vn -0.3578 0.1379 -0.9236
vn -0.6662 0.1493 -0.7307
vn -0.3789 0.0416 -0.9245
vn -0.4793 0.0428 -0.8766
vn -0.4141 0.0434 -0.9092
vn -0.3660 0.0564 -0.9289
vn -0.2403 0.0714 -0.9681
vn -0.6004 0.1362 -0.7880
vn -0.6641 0.1442 -0.7336
vn -0.7241 0.1504 -0.6731
vn -0.4282 0.1192 -0.8958
vn -0.4274 0.1190 -0.8962
vn -0.4977 0.1203 -0.8590
vn -0.5157 0.1276 -0.8472
vn -0.5632 0.1249 -0.8168
vn -0.5994 0.1353 -0.7889
vn -0.6832 0.1285 -0.7189
vn -0.2924 0.1019 -0.9509
vn -0.7155 0.1169 -0.6887
vn -0.7094 0.1276 -0.6931
vn -0.7098 0.0994 -0.6974
vn -0.7093 0.1012 -0.6976
vn -0.6637 0.1085 -0.7400
vn -0.6931 0.0774 -0.7167
vn -0.6720 0.1028 -0.7333
vn -0.6297 0.1075 -0.7693
vn -0.6764 0.0723 -0.7330
vn -0.6012 0.0946 -0.7935
vn -0.6644 0.0767 -0.7435
vn -0.5682 0.1005 -0.8167
vn -0.6106 0.0753 -0.7884
vn -0.6645 0.0477 -0.7458
vn -0.6009 0.0685 -0.7964
vn -0.5097 0.0894 -0.8557
vn -0.6038 0.0555 -0.7952
vn -0.6414 0.0386 -0.7662
vn -0.4168 0.1117 -0.9021
vn -0.5008 0.0834 -0.8615
vn -0.5312 0.0669 -0.8446
vn -0.6356 0.0278 -0.7715
vn -0.6412 -0.1047 -0.7602
vn -0.6408 -0.1045 -0.7606
vn -0.6473 -0.1134 -0.7538
vn -0.5093 -0.7382 -0.4423
vn -0.3359 0.0986 -0.9367
vn -0.4328 0.0849 -0.8975
vn -0.4516 0.0792 -0.8887
vn -0.5995 0.0131 -0.8003
vn -0.3450 0.1020 -0.9330
vn -0.5229 0.0444 -0.8513
vn -0.5344 0.0395 -0.8443
vn -0.5961 -0.1206 -0.7938
vn -0.5431 0.0204 -0.8394
vn -0.5580 0.0071 -0.8298
vn -0.5598 -0.0978 -0.8229
vn -0.4127 -0.7707 -0.4856
vn -0.3500 0.0790 -0.9334
vn -0.4285 0.0569 -0.9017
vn -0.3870 -0.7900 -0.4755
vn -0.5634 0.0338 -0.8255
vn -0.5616 -0.0266 -0.8269
vn -0.3478 0.0775 -0.9343
vn -0.4492 0.0437 -0.8923
vn -0.3698 0.0583 -0.9273
vn -0.4923 -0.1159 -0.8626
vn -0.5405 -0.0119 -0.8413
vn -0.5416 -0.0171 -0.8405
vn -0.2464 0.0876 -0.9652
vn -0.2623 0.0889 -0.9609
vn -0.2989 0.0708 -0.9517
vn -0.4357 0.0253 -0.8997
vn -0.4554 -0.0055 -0.8903
vn -0.4547 -0.0909 -0.8860
vn -0.3153 -0.7662 -0.5599
vn -0.5416 0.0355 -0.8399
vn -0.2914 0.0648 -0.9544
vn -0.3459 0.0486 -0.9370
vn -0.2833 -0.7827 -0.5541
vn -0.5201 -0.0410 -0.8531
vn -0.2267 0.0824 -0.9705
vn -0.3449 0.0407 -0.9378
vn -0.3849 0.0233 -0.9227
vn -0.4689 0.0039 -0.8832
vn -0.5199 0.0365 -0.8535
vn -0.2573 0.0588 -0.9645
vn -0.2063 -0.7778 -0.5937
vn -0.4478 -0.0086 -0.8941
vn -0.2003 0.0856 -0.9760
vn -0.2246 0.0761 -0.9715
vn -0.3738 -0.1041 -0.9217
vn -0.3988 0.0239 -0.9167
vn -0.4444 -0.0240 -0.8955
vn -0.4425 -0.0215 -0.8965
vn -0.5069 -0.0004 -0.8620
vn -0.3101 0.0276 -0.9503
vn -0.2960 -0.0612 -0.9532
vn -0.3687 -0.1071 -0.9234
vn -0.1871 -0.7444 -0.6410
vn -0.4943 0.0007 -0.8693
vn -0.1861 0.0794 -0.9793
vn -0.2536 0.0550 -0.9658
vn -0.3593 0.0059 -0.9332
vn -0.4413 0.0332 -0.8968
vn -0.4924 0.0205 -0.8701
vn -0.2814 -0.0651 -0.9574
vn -0.1867 0.0715 -0.9798
vn -0.2362 0.0510 -0.9704
vn -0.0942 -0.7741 -0.6260
vn -0.3102 0.0753 -0.9477
vn -0.3173 0.0423 -0.9474
vn -0.3569 -0.0108 -0.9341
vn -0.3674 -0.0213 -0.9298
vn -0.4220 0.0289 -0.9062
vn -0.2395 0.0717 -0.9682
vn -0.2310 0.0110 -0.9729
vn -0.2785 -0.0677 -0.9580
vn -0.0834 -0.7637 -0.6402
vn -0.4703 -0.0219 -0.8822
vn -0.4665 -0.0612 -0.8824
vn -0.2859 -0.0651 -0.9560
vn -0.9215 -0.3497 0.1690
vn -0.9497 -0.2549 0.1819
vn -0.3644 0.0445 -0.9302
vn -0.3747 0.0363 -0.9264
vn -0.4315 -0.0061 -0.9021
vn -0.4588 -0.0697 -0.8858
vn -0.1911 0.0689 -0.9792
vn -0.4499 -0.1272 -0.8840
vn -0.2050 0.0571 -0.9771
vn -0.0500 -0.7286 -0.6831
vn -0.2938 0.0037 -0.9559
vn -0.3011 -0.0036 -0.9536
vn -0.4443 -0.1355 -0.8856
vn -0.3353 0.0661 -0.9398
vn -0.2920 0.0719 -0.9537
vn -0.2157 -0.0025 -0.9765
vn -0.3685 0.0222 -0.9293
vn -0.4364 -0.1767 -0.8822
vn -0.1918 0.0672 -0.9791
vn -0.2270 -0.0721 -0.9712
vn -0.3918 -0.0147 -0.9199
vn -0.4363 -0.1770 -0.8822
vn -0.2111 -0.0365 -0.9768
vn -0.0388 -0.7181 -0.6949
vn -0.3049 0.0642 -0.9502
vn -0.3173 0.0522 -0.9469
vn -0.4122 -0.0623 -0.9090
vn -0.4200 -0.2396 -0.8753
vn -0.2400 0.0723 -0.9681
vn -0.1571 0.0682 -0.9852
vn -0.0172 -0.7367 -0.6760
vn -0.2467 0.0914 -0.9648
vn -0.2561 0.0334 -0.9661
vn -0.2673 0.0123 -0.9635
vn -0.3877 -0.0299 -0.9213
vn -0.2633 0.0758 -0.9617
vn -0.2507 0.0401 -0.9672
vn -0.4377 0.0497 -0.8977
vn -0.2888 0.0739 -0.9545
vn -0.2790 0.0355 -0.9596
vn -0.2777 0.0727 -0.9579
vn -0.3368 0.0262 -0.9412
vn -0.4085 -0.1145 -0.9055
vn -0.5119 0.0283 -0.8586
vn -0.2539 0.0209 -0.9670
vn -0.2733 -0.0435 -0.9610
vn -0.2647 -0.0535 -0.9628
vn -0.9390 -0.3434 -0.0197
vn -0.9706 -0.2404 -0.0107
vn -0.3172 0.0465 -0.9472
vn -0.3685 -0.0296 -0.9291
vn -0.4135 -0.1107 -0.9037
vn -0.4362 -0.2211 -0.8723
vn -0.4117 -0.2857 -0.8654
vn -0.3479 -0.0067 -0.9375
vn -0.4139 -0.1553 -0.8970
vn -0.3985 0.0582 -0.9153
vn -0.3810 0.0650 -0.9223
vn -0.3476 0.0694 -0.9351
vn -0.3237 0.0755 -0.9431
vn -0.1143 -0.7052 -0.6998
vn -0.3192 0.0663 -0.9454
vn -0.3060 0.0513 -0.9507
vn -0.3243 0.0205 -0.9457
vn -0.3110 0.0936 -0.9458
vn -0.3127 0.0479 -0.9487
vn -0.4333 -0.3091 -0.8466
vn -0.4463 0.0464 -0.8937
vn -0.3164 0.0009 -0.9486
vn -0.3009 -0.0291 -0.9532
vn -0.1269 -0.7252 -0.6767
vn -0.3978 0.0675 -0.9150
vn -0.3250 0.0939 -0.9410
vn -0.3682 -0.0358 -0.9291
vn -0.3836 -0.0961 -0.9185
vn -0.4213 -0.2154 -0.8810
vn -0.4380 -0.3073 -0.8448
vn -0.3899 -0.0829 -0.9171
vn -0.3945 -0.1397 -0.9082
vn -0.4096 -0.1612 -0.8979
vn -0.4129 -0.1982 -0.8890
vn -0.3433 0.0372 -0.9385
vn -0.3340 -0.0540 -0.9410
vn -0.2031 -0.6747 -0.7096
vn -0.3650 0.0615 -0.9290
vn -0.3723 0.0517 -0.9267
vn -0.3429 0.1041 -0.9336
vn -0.3532 0.0678 -0.9331
vn -0.4162 -0.2556 -0.8726
vn -0.4183 -0.4693 -0.7777
vn -0.4209 0.0290 -0.9066
vn -0.4648 0.0252 -0.8851
vn -0.4691 0.0249 -0.8828
vn -0.3675 0.0556 -0.9283
vn -0.3766 0.0116 -0.9263
vn -0.4183 -0.3725 -0.8284
vn -0.4031 -0.4854 -0.7758
vn -0.3668 -0.5978 -0.7128
vn -0.1130 -0.9236 -0.3663
vn -0.3884 -0.3698 -0.8440
vn -0.4594 0.0250 -0.8879
vn -0.3898 0.0435 -0.9199
vn -0.3673 0.0473 -0.9289
vn -0.3674 0.0797 -0.9266
vn -0.3651 0.0700 -0.9283
vn -0.3741 0.0360 -0.9267
vn -0.3690 0.0424 -0.9285
vn -0.3848 0.0005 -0.9230
vn -0.3844 -0.0056 -0.9231
vn -0.3962 -0.0437 -0.9171
vn -0.4070 -0.0803 -0.9099
vn -0.1735 -0.9785 -0.1112
vn -0.4054 0.0270 -0.9137
vn -0.3599 -0.0647 -0.9307
vn -0.3488 -0.0485 -0.9359
vn -0.3633 0.1046 -0.9258
vn -0.7683 -0.6334 0.0922
vn -0.3855 0.0275 -0.9223
vn -0.3802 0.0366 -0.9242
vn -0.3596 0.1007 -0.9276
vn -0.4323 -0.1930 -0.8808
vn -0.4413 -0.2592 -0.8591
vn -0.4373 -0.3571 -0.8254
vn -0.4387 -0.3676 -0.8200
vn -0.3965 -0.5567 -0.7299
vn -0.3267 -0.9000 -0.2884
vn -0.4123 0.0188 -0.9109
vn -0.4135 0.0188 -0.9103
vn -0.3849 0.0718 -0.9202
vn 0.3206 -0.6601 -0.6793
vn 0.3402 -0.6072 -0.7181
vn -0.1959 -0.9355 -0.2941
vn -0.4376 -0.4723 -0.7651
vn -0.4107 -0.0819 -0.9081
vn -0.2103 -0.6806 -0.7019
vn -0.3974 -0.0603 -0.9156
vn -0.4128 -0.1289 -0.9016
vn -0.4153 -0.1351 -0.8996
vn -0.4186 -0.1615 -0.8937
vn -0.4342 -0.2387 -0.8686
vn -0.4268 -0.4848 -0.7634
vn -0.4119 -0.4959 -0.7645
vn -0.2775 -0.6052 -0.7461
vn -0.4044 0.0312 -0.9141
vn -0.3565 0.0266 -0.9339
vn -0.3586 0.0273 -0.9331
vn -0.3535 -0.0002 -0.9354
vn -0.1994 -0.9416 -0.2714
vn -0.4850 -0.3836 -0.7859
vn -0.3515 0.0990 -0.9310
vn -0.3356 0.0885 -0.9378
vn -0.3368 0.0600 -0.9397
vn -0.3344 0.0606 -0.9405
vn -0.4197 -0.4632 -0.7806
vn -0.2050 -0.9254 -0.3188
vn -0.4646 -0.4433 -0.7666
vn -0.4637 -0.4587 -0.7580
vn -0.3640 -0.5756 -0.7323
vn -0.3912 0.0165 -0.9201
vn -0.6142 0.6367 -0.4662
vn -0.9387 0.2353 0.2519
vn -0.3508 -0.0027 -0.9364
vn -0.3558 -0.0657 -0.9322
vn -0.3941 -0.2022 -0.8965
vn -0.3990 -0.2280 -0.8882
vn -0.4446 -0.5181 -0.7307
vn -0.4443 -0.5327 -0.7203
vn 0.3619 0.5195 -0.7741
vn 0.3169 0.5035 -0.8037
vn 0.3066 0.4459 -0.8409
vn 0.3360 0.4138 -0.8461
vn 0.2717 0.3928 -0.8786
vn 0.2405 0.3917 -0.8881
vn 0.2216 0.4060 -0.8866
vn 0.2710 0.3248 -0.9061
vn 0.2357 0.3195 -0.9178
vn 0.2179 0.3272 -0.9195
vn 0.1939 0.3249 -0.9257
vn 0.1554 0.2866 -0.9454
vn -0.3603 -0.9003 -0.2440
vn -0.4010 -0.4679 -0.7876
vn -0.3509 -0.0718 -0.9337
vn -0.4186 -0.5872 -0.6928
vn -0.3716 -0.6444 -0.6684
vn -0.3981 -0.6026 -0.6917
vn -0.3472 -0.6603 -0.6659
vn -0.3786 -0.5989 -0.7057
vn -0.4469 -0.4357 -0.7813
vn -0.4034 -0.5271 -0.7480
vn -0.3795 -0.5630 -0.7342
vn -0.3482 -0.6490 -0.6765
vn -0.3803 -0.5133 -0.7693
vn -0.3251 -0.8858 -0.3313
vn 0.3867 -0.6469 -0.6573
vn 0.4191 -0.5905 -0.6897
vn -0.4121 -0.4670 -0.7824
vn -0.3868 -0.4019 -0.8300
vn -0.2807 -0.6566 -0.7000
vn -0.2703 -0.7147 -0.6451
vn -0.2216 -0.7515 -0.6214
vn -0.3700 -0.4500 -0.8128
vn -0.3032 -0.8890 -0.3431
vn -0.4052 -0.4244 -0.8097
vn -0.3565 -0.5588 -0.7487
vn -0.3663 -0.3776 -0.8504
vn -0.2857 -0.6639 -0.6911
vn -0.1829 -0.7531 -0.6320
vn -0.3300 -0.4839 -0.8105
vn -0.2906 -0.8446 -0.4497
vn -0.3421 -0.5154 -0.7857
vn -0.2913 -0.6254 -0.7239
vn -0.1376 -0.7777 -0.6134
vn -0.3616 -0.2895 -0.8862
vn -0.3576 -0.3597 -0.8619
vn -0.3279 -0.4818 -0.8126
vn -0.3573 -0.4707 -0.8067
vn -0.3213 -0.4661 -0.8244
vn 0.3816 -0.6076 -0.6966
vn 0.4041 -0.5623 -0.7215
vn -0.2659 -0.5986 -0.7556
vn -0.1853 -0.6964 -0.6934
vn -0.3497 -0.1853 -0.9184
vn -0.3445 -0.2549 -0.9035
vn -0.3095 -0.4184 -0.8539
vn -0.3171 -0.3800 -0.8689
vn -0.2819 -0.5392 -0.7936
vn -0.1754 -0.6905 -0.7017
vn -0.0762 -0.7613 -0.6439
vn -0.0230 -0.7990 -0.6009
vn -0.3631 -0.1175 -0.9243
vn -0.3302 -0.3916 -0.8588
vn -0.2005 -0.6230 -0.7561
vn -0.1310 -0.7046 -0.6974
vn -0.0583 -0.7662 -0.6400
vn -0.2812 -0.4397 -0.8530
vn -0.2581 -0.5105 -0.8202
vn -0.1811 -0.5984 -0.7804
vn -0.2131 -0.5232 -0.8251
vn -0.0975 -0.6664 -0.7392
vn 0.0025 -0.7150 -0.6992
vn 0.0681 -0.8164 -0.5735
vn -0.0029 -0.7160 -0.6981
vn 0.0546 -0.7589 -0.6489
vn 0.1073 -0.8161 -0.5678
vn 0.1127 -0.8190 -0.5626
vn 0.0810 -0.7548 -0.6509
vn -0.3379 -0.5349 -0.7744
vn -0.4136 -0.5243 -0.7444
vn -0.7864 -0.5518 -0.2779
vn -0.8350 -0.5336 0.1342
vn -0.1314 -0.6425 -0.7549
vn -0.3947 -0.3947 0.8297
vn 0.7037 -0.5113 0.4932
vn -0.2509 -0.3696 0.8947
vn 0.5333 -0.3996 0.7456
vn -0.1128 -0.3384 0.9342
vn 0.3187 -0.3738 0.8710
vn 0.1938 -0.3349 0.9221
vn -0.7464 -0.5524 0.3712
vn -0.6170 -0.4751 0.6273
vn -0.4802 -0.4589 0.7475
vt -0.789728 -0.561588
vt -0.817029 -0.519474
vt -0.851168 -0.550982
vt 0.245685 -1.427657
vt 0.224977 -1.527237
vt 0.307330 -1.465614
vt -0.345272 -1.673723
vt -0.565415 -1.039166
vt -0.410104 -1.631301
vt 1.745890 -0.700275
vt 1.767875 -0.644232
vt 1.720620 -0.677839
vt -0.013433 -1.756975
vt -0.093471 -1.794880
vt -0.011900 -1.805736
vt -0.145379 0.827376
vt -0.158067 0.778925
vt -0.180242 0.814348
vt -1.513428 0.415142
vt -1.514331 0.385236
vt -1.410768 0.448204
vt -0.029433 0.444904
vt -0.023315 0.478917
vt -0.043355 0.439577
vt 0.996666 -0.546463
vt 1.008890 -0.586746
vt 1.019143 -0.540960
vt 1.024305 -0.667735
vt 1.075893 -0.730063
vt 1.087768 -0.680023
vt -1.056930 -1.518240
vt -1.059367 -1.562489
vt -1.081372 -1.550805
vt -0.481864 -1.837386
vt -0.500214 -1.913112
vt -0.532784 -1.856459
vt -0.553320 -1.792638
vt -0.572169 -1.869177
vt -0.604648 -1.811936
vt -0.622743 -1.748136
vt -0.667752 -1.809919
vt -0.674460 -1.767510
vt -0.690321 -1.704450
vt -0.742366 -1.723676
vt 1.726786 -1.683269
vt 1.727006 -1.631169
vt 1.680715 -1.656569
vt 1.080667 0.532990
vt 1.012843 0.602660
vt 1.117518 0.585045
vt -1.171180 -1.640908
vt -1.200095 -1.685723
vt -1.121625 -1.672442
vt 1.137783 -0.588558
vt 1.141950 -0.586070
vt 1.146275 -0.586805
vt 0.302453 1.190429
vt 0.300237 1.296408
vt 0.224813 1.256564
vt 0.200259 1.316313
vt 0.390983 1.169914
vt 0.305337 1.349521
vt 0.257810 1.359231
vt 0.373509 1.288453
vt 0.411148 1.212434
vt 0.339264 1.340038
vt -1.218648 1.109707
vt -1.253957 1.212434
vt -1.302990 1.169914
vt 0.365569 1.331752
vt -0.009283 0.455363
vt -1.194854 1.190032
vt -1.233164 1.288453
vt -1.144130 1.279585
vt -1.201715 1.331752
vt -1.327630 -1.327339
vt -1.282868 -1.321475
vt -1.313272 -1.374975
vt -1.130308 1.357836
vt 1.735171 -1.647694
vt -1.230890 -1.357202
vt -1.107194 1.343403
vt -1.089512 -1.880615
vt -1.046171 -1.855210
vt -1.141016 -1.827206
vt 0.203852 1.180635
vt -1.042495 0.354569
vt -1.039811 0.411614
vt -1.108444 0.421402
vt -1.138951 1.020263
vt -1.114263 1.069918
vt -1.073298 1.169431
vt -1.069785 1.300500
vt -1.089216 1.332363
vt -1.046222 1.368004
vt -0.867604 0.794842
vt -1.051114 0.900664
vt -0.918836 0.719653
vt -1.031272 1.355773
vt -0.975297 0.402934
vt -1.014222 1.342717
vt 0.516815 -0.522874
vt 0.416404 -0.515031
vt 0.626167 -0.474347
vt -0.996707 1.254932
vt -0.942731 0.394740
vt -0.940041 0.445944
vt -1.009433 0.453454
vt -0.938213 1.323843
vt -0.957978 1.361962
vt 0.500452 1.014222
vt 0.515914 0.957978
vt 0.491518 0.969181
vt 1.299716 -0.172465
vt 1.347356 -0.135987
vt 1.327065 -0.212261
vt 1.218044 -0.521713
vt 1.206582 -0.567624
vt 1.197182 -0.541649
vt -0.934898 0.975241
vt -0.942246 1.348324
vt 1.288382 -0.345272
vt 1.271041 -0.410104
vt 1.246467 -0.381105
vt 1.250417 -0.486350
vt 1.180309 -0.499757
vt 0.642269 -1.466306
vt 0.660357 -1.376179
vt 0.594804 -1.581228
vt -0.898042 0.437963
vt -0.924186 1.077529
vt -0.896387 1.377440
vt 0.644520 -0.984575
vt 0.665079 -1.099136
vt 0.614614 -0.872559
vt 0.480072 -1.642903
vt 0.617713 -1.553973
vt 0.439254 -1.658251
vt -0.962044 0.235140
vt -0.789281 0.313090
vt -1.008039 0.308010
vt -0.867383 1.166063
vt 0.561364 0.938213
vt 0.551265 0.888573
vt 0.525771 0.896387
vt 0.672748 -1.241566
vt 0.569690 -0.716696
vt 0.400727 -1.673448
vt 0.351479 -1.680275
vt 0.379068 -1.683569
vt 0.354574 -1.713881
vt 0.595196 -0.764590
vt 0.333324 -1.694441
vt -0.144181 -0.707320
vt -0.843488 0.428183
vt 0.913053 -0.843488
vt 0.913551 -0.951183
vt 0.856663 -0.898042
vt -0.877962 0.891576
vt -0.839453 1.249963
vt -0.873222 1.348507
vt -0.888573 1.363217
vt 0.305575 -1.861769
vt 0.342845 -1.769330
vt 0.250117 -1.932328
vt 0.203983 -1.976042
vt 0.129013 -2.022226
vt -0.159838 -1.672819
vt 0.040904 -2.051010
vt -0.051211 -2.051795
vt -0.120458 -2.022125
vt -0.165331 -1.982736
vt -0.201221 -1.924496
vt -0.194553 -1.721906
vt -0.750843 0.042782
vt -0.917253 0.144165
vt -0.872181 0.022747
vt -0.784447 0.141510
vt -0.776517 0.225826
vt -0.213897 -1.762067
vt -0.221438 -1.830094
vt -0.360997 -1.375149
vt -0.320135 -1.607347
vt -0.307468 -1.172302
vt -0.389911 -1.563806
vt -0.772339 0.374626
vt 0.977793 -0.844911
vt 0.572560 0.873222
vt 0.584099 0.823267
vt 0.561149 0.833966
vt -0.256675 -1.025982
vt -0.196288 -0.868847
vt -0.171607 -0.764752
vt -0.153120 0.367533
vt -0.209313 -0.641338
vt -0.172815 -0.663617
vt -0.287704 -0.592004
vt -0.069960 0.440630
vt -0.102941 0.421632
vt -0.769892 -0.022876
vt -0.808239 1.346856
vt -0.823267 1.361160
vt 0.604443 1.346856
vt 0.607388 1.392226
vt 0.584099 1.361160
vt -0.115084 0.468452
vt -0.137004 0.481540
vt -0.065365 0.991694
vt -0.029533 1.036689
vt 0.054513 1.112864
vt 0.117532 1.150647
vt -0.794798 0.419757
vt 0.961739 -0.794798
vt -0.769715 1.210075
vt -0.773932 1.371938
vt -0.834377 1.392226
vt 0.694940 0.421402
vt 0.512109 1.109707
vt 0.627867 1.020263
vt 0.756287 0.900664
vt -0.797485 0.975706
vt -0.787180 1.083334
vt -0.753870 1.283186
vt 0.604443 0.808239
vt 0.614759 0.761937
vt 0.593657 0.773932
vt 0.614759 1.358915
vt 0.624742 1.396629
vt 0.593657 1.371938
vt 0.949730 0.719653
vt 0.848537 0.481768
vt 0.787152 0.435833
vt -0.761821 0.414466
vt 0.994631 -0.761821
vt -0.899827 0.517099
vt -0.844911 0.464428
vt -0.829461 0.587036
vt -0.782414 0.671812
vt -0.747233 1.345605
vt -0.761937 1.358915
vt 0.634370 1.345605
vt 0.634281 1.381877
vt -0.765806 1.381877
vt -0.796504 1.396629
vt 0.652202 -0.675550
vt 0.608683 -0.694400
vt 0.913551 0.485316
vt 0.984662 0.517099
vt 1.080827 0.587036
vt 1.049371 0.548405
vt -0.713273 0.260456
vt -0.716494 1.369663
vt 0.832406 0.453454
vt 0.702457 -0.656613
vt 0.790446 0.354569
vt 0.840854 0.308010
vt 0.908516 0.235140
vt 0.859818 -0.634661
vt -0.711140 0.158256
vt -0.729783 0.409129
vt 1.026872 0.409129
vt 1.061084 0.449923
vt 0.994631 0.414466
vt 1.061084 -0.725645
vt 0.984662 -0.899827
vt -0.808493 0.542269
vt -0.852849 0.548405
vt -0.764778 0.883608
vt 0.634370 0.747233
vt 0.643629 0.704468
vt 0.623540 0.716494
vt 0.643629 1.358240
vt 0.649215 1.400424
vt 0.623540 1.369663
vt 0.975220 0.144165
vt 1.043548 0.022747
vt 1.095842 -0.116481
vt 1.058610 -0.572433
vt -0.690698 0.345329
vt -0.725645 0.449923
vt -0.729828 0.492067
vt -0.695384 1.249729
vt 0.662929 0.691238
vt 0.662929 1.347113
vt 0.662293 1.380291
vt -0.704468 1.358240
vt -0.706168 1.380291
vt -0.743001 1.400424
vt 0.721136 -0.675789
vt 1.096308 -0.550982
vt 1.133465 -0.285190
vt 1.139550 -0.519474
vt 1.137563 -0.456851
vt -0.706682 0.404277
vt 1.050610 0.404277
vt -0.750897 0.544300
vt -0.786425 0.579132
vt -0.744355 0.800772
vt -0.707726 1.077795
vt -0.691187 1.167143
vt -0.691238 1.347113
vt -0.662103 1.369958
vt -0.694501 1.404592
vt 1.034123 -0.741335
vt 1.190362 -0.628502
vt 1.147647 -0.789728
vt -0.201041 -0.502501
vt -0.221377 -0.451667
vt -0.155764 -0.525669
vt -0.679682 0.446232
vt -0.118649 -0.577725
vt -0.094007 -0.569550
vt -0.722465 0.952623
vt 0.671081 0.650687
vt 0.651394 0.662103
vt 0.671081 1.360496
vt 0.690771 1.379663
vt 0.651394 1.369958
vt 0.651394 -0.662103
vt 0.690771 -0.654243
vt 0.672815 -0.694501
vt -0.654608 -0.119836
vt -0.762072 -0.089581
vt -1.148103 0.568544
vt -0.817174 -0.069484
vt -0.877038 -0.042667
vt -1.167325 0.420772
vt -0.941979 -0.005923
vt -1.016220 0.049805
vt -1.165169 0.343072
vt -1.071654 0.109506
vt -1.130869 0.207907
vt 0.078867 1.462937
vt 0.094007 1.501532
vt 0.026349 1.503762
vt -0.668729 0.258609
vt 1.075710 0.440588
vt 1.033481 0.446232
vt 1.075710 -0.649109
vt 1.098164 -0.729828
vt 1.033481 -0.679682
vt -0.633876 1.298251
vt 0.753733 0.633876
vt 0.690193 0.636682
vt 0.690193 1.350183
vt -1.103785 0.155259
vt -1.152082 0.270423
vt -1.161434 0.491642
vt 1.099062 0.345329
vt 1.171991 0.394901
vt -0.592202 0.394901
vt -0.649109 0.440588
vt -0.201352 1.475361
vt -0.119263 1.504308
vt -0.216835 1.502655
vt -0.683194 1.010326
vt -0.642973 1.197915
vt 0.847882 0.642973
vt 0.755362 0.695384
vt -0.636682 1.350183
vt -0.610148 1.374173
vt -0.654243 1.379663
vt -0.642806 1.408524
vt -0.377411 -0.213302
vt -0.443805 -0.174240
vt 0.364467 1.154014
vt -0.492888 -0.157176
vt -1.122992 0.665378
vt -1.138880 0.607582
vt 1.156452 0.258609
vt 1.165256 0.345516
vt 1.155369 -0.649957
vt 0.362559 -0.554892
vt 0.216835 -0.578162
vt -0.672411 0.744751
vt 0.708178 0.593837
vt 0.676889 0.610148
vt 0.708178 1.363417
vt 0.719121 1.391909
vt 0.676889 1.374173
vt 0.676889 -0.610148
vt 0.719121 -0.616075
vt 0.702839 -0.642806
vt -1.106360 0.712918
vt -1.131702 0.745127
vt -1.086733 0.763760
vt -1.073750 0.792995
vt -1.046359 0.847447
vt -1.103875 0.834489
vt -1.015468 0.912501
vt -1.064663 0.879358
vt -0.204132 1.461806
vt -0.149344 1.459754
vt -0.117076 1.453635
vt -0.003907 1.418826
vt 0.006849 1.425777
vt 0.037243 1.411895
vt 0.452069 -0.537940
vt -0.596096 0.845693
vt -0.624999 0.950125
vt -0.606337 1.081171
vt 0.869528 0.574510
vt 0.257810 1.272350
vt 0.170615 1.334531
vt 0.068287 1.394790
vt 0.492772 0.978777
vt 0.287876 1.257930
vt 0.322889 1.236410
vt 0.532679 0.910628
vt 0.353334 1.208704
vt 0.571788 0.859823
vt -0.317011 -0.265989
vt 0.702839 0.642806
vt 0.608439 0.806598
vt 0.642675 0.755849
vt 0.649215 0.743001
vt 1.148738 0.432087
vt 0.922583 1.399916
vt 0.941979 1.456565
vt 0.877038 1.459484
vt 0.808740 0.568225
vt 0.751205 0.565627
vt 0.751205 1.351256
vt 0.749608 1.375749
vt 0.708178 -0.593837
vt 0.749608 -0.575036
vt -0.575036 1.375749
vt -0.582824 1.413508
vt -0.616075 1.391909
vt 0.672815 0.694501
vt 0.388347 1.145818
vt 0.412438 1.135936
vt 0.431594 1.123668
vt 0.447708 1.100913
vt -0.256238 -0.388983
vt -0.288120 -0.320598
vt 0.119263 -0.601081
vt -0.565627 1.351256
vt -0.542367 1.372305
vt -0.564178 1.401948
vt 0.045156 -0.605729
vt 0.823429 0.505497
vt 0.768950 -0.428333
vt 0.170615 1.354425
vt -0.458749 -1.590267
vt -0.426772 -1.548583
vt -0.470827 -1.530048
vt 0.451641 -1.659905
vt 0.568019 -1.614939
vt 0.805410 0.901862
vt -1.534252 0.300750
vt -1.554585 0.098298
vt -1.454382 0.413031
vt -1.144386 1.349542
vt -1.166472 1.354194
vt -1.195004 1.319130
vt -1.223628 -1.773844
vt -1.176223 -1.717501
vt -0.628502 -0.647709
vt -1.525544 -0.249299
vt -1.579609 -0.460246
vt -1.560282 -0.347640
vt -0.128124 0.460641
vt -0.137086 0.402776
vt -0.159662 0.441301
vt -0.115084 -1.682817
vt -0.137004 -1.697993
vt -0.128124 -1.676082
vt 1.215481 -1.562544
vt 1.244353 -1.527681
vt 1.162732 -1.542399
vt 1.180309 -1.590564
vt 1.250417 -1.573856
vt 1.170506 -0.569070
vt 1.376375 0.143389
vt 1.424133 0.174279
vt 1.407927 0.105987
vt 1.366465 0.084308
vt 1.384980 0.011882
vt 1.176229 0.418454
vt 1.171371 0.447016
vt -0.024260 1.139363
vt 0.109082 1.233934
vt 0.015724 1.210446
vt -0.119015 1.180661
vt -0.077869 1.234589
vt 1.148738 -0.588063
vt 1.171371 -0.589426
vt -0.649957 0.477757
vt 0.074415 1.299500
vt -0.030047 1.312931
vt 0.538000 0.967636
vt 0.068287 1.349148
vt 0.037243 1.346703
vt 0.006849 1.342223
vt -0.109108 1.297265
vt 0.875826 -0.372226
vt 0.947143 0.398404
vt -0.003907 1.347565
vt -0.117076 1.344664
vt -0.149344 1.343833
vt 1.067601 0.275693
vt 1.107888 0.216974
vt 1.144011 0.133670
vt 1.022769 0.327480
vt 0.964034 -0.309834
vt 0.748922 0.582824
vt 1.132566 0.168250
vt 0.456890 1.055312
vt 0.479047 1.051791
vt 0.496538 1.035187
vt 0.520592 0.981415
vt 0.624742 0.796504
vt 0.596411 0.855065
vt 0.607388 0.834377
vt 0.558906 0.916446
vt 0.574922 0.901479
vt -1.366341 -1.569963
vt -1.372077 -1.577534
vt -1.327630 -1.607170
vt 1.070252 -0.677402
vt 1.121893 -0.640905
vt 1.061755 -0.595001
vt -1.411403 -0.636795
vt -1.369282 -0.677402
vt -1.451352 -0.595001
vt -1.166472 0.817830
vt -1.160848 0.763231
vt 1.017729 -0.627196
vt 1.032606 -0.568297
vt 0.970614 -0.506416
vt 1.007717 -0.533774
vt 0.833475 0.490396
vt 0.849110 0.460925
vt 0.865602 0.479106
vt 0.641758 1.377110
vt 0.706606 1.369086
vt 0.665378 1.405134
vt 0.797336 0.546337
vt 0.827169 0.529632
vt 0.810479 0.560297
vt -0.407880 -0.644232
vt -0.398194 -0.700275
vt -0.369596 -0.659397
vt -0.349308 -1.801029
vt -0.329575 -1.730319
vt -0.309696 -1.780967
vt -0.462818 -0.716089
vt -0.427540 -0.745623
vt -0.428025 -0.677839
vt -0.386464 -1.229684
vt -0.373297 -1.136771
vt -0.446430 -1.197484
vt -0.413161 -1.468612
vt -0.458749 -1.900330
vt -1.426275 -1.694441
vt -1.405537 -1.713881
vt -1.410779 -1.686717
vt -1.421654 -1.769330
vt -1.357519 -1.738321
vt -0.785764 -1.683269
vt -0.742366 -1.650169
vt -0.782408 -1.629739
vt -0.824917 -1.712742
vt -0.785349 -1.748061
vt -0.775300 -1.807502
vt -0.840291 -1.794882
vt -1.189669 -1.463268
vt -1.121625 -1.429703
vt -1.114955 -1.479456
vt -1.177188 -1.393354
vt -1.171180 -1.441104
vt -1.002505 -1.923602
vt -0.934909 -1.884718
vt -1.225469 -1.403041
vt -1.247808 -1.711467
vt -1.295313 -1.702712
vt -1.319084 -1.740244
vt 1.268591 0.568019
vt 1.320497 0.451641
vt 1.258139 0.524010
vt -1.166881 -2.060618
vt -1.038226 -2.060615
vt -1.114357 -1.989146
vt -0.853047 1.376270
vt -0.858167 1.396561
vt -0.914374 1.377524
vt -1.166380 -0.803026
vt -1.213405 -0.764590
vt -1.202742 -0.872559
vt 0.817114 -0.418923
vt 0.741181 -0.458816
vt 0.414214 1.375624
vt 0.759141 1.029655
vt 0.619771 1.262100
vt 0.573330 1.310605
vt 0.505938 1.363716
vt 0.485743 1.362465
vt 0.681329 1.179778
vt 0.368353 1.388967
vt 0.482365 -1.680353
vt 0.481760 -1.740244
vt 0.470939 1.377524
vt 0.403795 1.392725
vt 0.356788 1.419556
vt 0.328266 1.466903
vt 0.309834 1.483007
vt -0.133670 1.448826
vt -0.117832 1.399773
vt -0.135460 1.366118
vt -0.269230 1.184815
vt -0.179027 1.327247
vt -0.250061 1.222244
vt 0.223326 -1.846605
vt 0.338427 -1.815421
vt 0.416512 -1.778204
vt 0.529840 -1.702712
vt -1.557158 -0.122435
vt -1.405106 0.443900
vt -1.541751 -0.350483
vt -1.376210 -0.640905
vt -1.512200 -0.533774
vt -1.497435 -0.540960
vt -1.486329 -0.568297
vt -1.477589 0.430686
vt -1.422897 0.475265
vt -1.387992 0.479106
vt -1.428763 0.529632
vt -1.450840 0.611586
vt -1.401059 0.841204
vt -1.355713 0.990023
vt -1.305411 1.121150
vt -1.081082 1.369958
vt -1.443994 0.560297
vt -1.245283 1.239658
vt -0.180670 0.429292
vt -1.118824 1.380217
vt -1.015468 1.385054
vt -1.064663 1.386997
vt -0.204132 1.343858
vt -0.180517 1.313624
vt -0.171447 0.455222
vt -0.460305 -0.659691
vt -1.415592 -0.720118
vt -1.468075 -1.139579
vt -1.108831 -1.629240
vt -0.349308 -0.619575
vt -1.441092 -0.680023
vt -1.490993 -0.764765
vt -1.475241 -0.730063
vt -1.493640 -0.698552
vt -1.467742 -0.873065
vt -0.469664 -0.870674
vt -0.456731 -0.788618
vt -1.460510 -1.262265
vt -1.313272 -1.591695
vt -1.189669 -1.618699
vt -1.442576 -1.382887
vt -1.396414 -1.541396
vt -0.849177 -1.635083
vt -0.797711 -1.631169
vt -1.116872 -1.671572
vt -0.452343 -1.407549
vt -0.544097 -1.577985
vt -0.572169 -1.595110
vt -0.667752 -1.614884
vt -0.500214 -1.576491
vt -0.790956 -1.647694
vt -0.858431 -1.686536
vt -0.916236 -1.843920
vt -1.144335 -1.690599
vt -1.255230 -1.685273
vt -1.256499 -1.732508
vt -1.234333 -1.712559
vt -0.833966 1.375407
vt -0.901479 1.388684
vt -0.855065 1.392596
vt 0.551265 -0.888573
vt 0.558906 -0.916446
vt 0.532679 -0.910628
vt -0.967636 1.383951
vt 0.515914 -0.957978
vt 0.520592 -0.981415
vt 0.492772 -0.978777
vt -0.969181 1.375456
vt -0.978777 1.382189
vt 0.479047 -1.051791
vt 0.456890 -1.055312
vt 0.453931 -1.046222
vt -1.100913 1.373591
vt 0.412438 1.369845
vt 0.388347 1.369311
vt 0.403102 1.357836
vt 0.431594 -1.123668
vt 0.412438 -1.135936
vt 0.403102 -1.130308
vt 0.365569 1.201715
vt 0.403102 1.130308
vt 0.322889 1.362230
vt 0.287876 1.360487
vt 0.607582 1.408368
vt 0.387047 1.407873
vt 0.420772 1.423158
vt 0.343072 1.429171
vt 0.812806 -1.034865
vt 0.895011 -0.970876
vt 0.859818 -1.021644
vt 0.499803 -1.198190
vt 0.594804 -1.237181
vt 0.480072 -1.320489
vt 0.721136 -1.120891
vt 0.746472 -1.086458
vt 0.634599 -1.133809
vt 0.662596 -1.083197
vt 0.702457 -1.134109
vt -1.362322 -1.700313
vt -1.315741 -1.684166
vt -1.377817 -1.673448
vt -1.393445 -1.683569
vt 0.569690 -1.230076
vt 0.608683 -1.201843
vt -0.130753 -2.060637
vt -0.046662 -2.060607
vt -0.261517 -1.651634
vt -0.214532 -1.662487
vt -0.358445 -1.861727
vt -0.309509 -1.841244
vt -0.320135 -1.888180
vt -0.261517 -1.820365
vt -0.196513 -0.699583
vt -0.161660 -0.718075
vt -0.408232 -1.881521
vt -0.389911 -1.936618
vt -0.231318 -0.680340
vt -0.426772 -1.930635
vt -1.042524 0.435833
vt 0.787152 -1.042524
vt 0.694940 -1.108444
vt 0.759946 -1.039811
vt 1.155569 0.135460
vt 1.142308 0.144320
vt 1.177893 0.179027
vt 0.938916 -0.403795
vt 0.918054 -0.396699
vt 0.953414 -0.368353
vt -0.168250 1.446106
vt -0.145651 1.411319
vt 0.937041 -0.414214
vt 0.858167 -0.446920
vt 0.914748 -0.407051
vt 0.508611 1.386939
vt 0.529062 1.406424
vt 0.491642 1.417679
vt 0.468449 1.383967
vt 0.488934 1.404082
vt -0.932667 -1.682144
vt -0.927299 -1.637769
vt -0.976630 -1.637322
vt -1.039041 -1.676431
vt -1.020474 -1.692462
vt -1.037560 -1.634962
vt -0.977526 -1.679421
vt -0.957997 -1.696702
vt -0.997937 -1.678673
vt -0.989586 -1.637243
vt -0.893850 -1.701847
vt -0.861222 -1.686680
vt -0.863318 -1.635862
vt -0.916538 -1.682043
vt -0.913860 -1.637358
vt -1.050134 -1.634417
vt -1.096776 -1.630372
vt -1.059367 -1.674855
vt -1.081372 -1.688228
vt -1.101575 -1.673359
vt 1.217345 -0.573917
vt 1.190258 -0.567237
vt 1.268550 -0.563785
vt 1.215181 -0.732734
vt 1.218044 -0.688143
vt 1.197182 -0.698666
vt 0.524010 -1.651398
vt 0.501292 -1.674570
vt 0.544515 -1.678346
vt 0.839242 1.384880
vt 0.817174 1.461675
vt 0.682650 1.352589
vt 0.762072 1.463238
vt 0.654608 1.465831
vt 0.433768 1.393325
vt 0.443805 1.470338
vt 0.377411 1.473482
vt -0.611372 -2.060624
vt -0.541053 -2.060619
vt -0.552860 -2.001746
vt 0.808671 -0.145219
vt 0.826563 -0.196747
vt 0.743935 -0.199832
vt -1.255230 1.430427
vt -1.234333 1.454363
vt -1.177188 1.393354
vt 0.856519 -0.261122
vt 0.947363 -0.350483
vt 0.886482 -0.122435
vt 0.799666 0.452100
vt 0.836035 0.413031
vt 0.843215 0.475265
vt -1.406461 0.490396
vt 1.065584 -0.636795
vt 0.783807 1.383852
vt 0.844838 1.380217
vt 0.834489 1.391257
vt 0.792995 1.394467
vt 1.113333 -0.720118
vt -1.118824 0.844838
vt -1.081082 0.872220
vt -0.538638 -0.732734
vt -0.546560 -0.790029
vt -0.521713 -0.688143
vt -0.547149 -0.860233
vt -0.556329 -1.298042
vt -0.540870 -1.387878
vt -0.505696 -1.527681
vt -0.486350 -1.573856
vt -0.566094 -1.202599
vt 0.105987 -1.915854
vt -0.321792 -1.732593
vt -0.212261 -1.875332
vt 0.011882 -1.940657
vt -0.287318 -1.797712
vt -0.135987 -1.919548
vt -0.075170 -1.936635
vt 0.174279 -1.881311
vt -0.327145 1.142386
vt -0.572953 0.418454
vt -0.453532 1.018438
vt -0.517922 0.943304
vt -0.589426 0.447016
vt -0.624497 0.345516
vt -0.567624 -0.682974
vt -0.816846 -0.285190
vt -0.819084 -0.456851
vt -0.794023 -0.125730
vt 0.778988 0.579697
vt 0.794481 0.611586
vt -0.432670 0.942256
vt -0.584266 0.891230
vt -0.446699 0.841960
vt 0.812325 -0.067303
vt 0.839208 0.098298
vt -0.015606 0.421494
vt 0.143515 -0.878400
vt -0.197646 -1.815362
vt -0.329364 -1.822657
vt 0.039340 -1.715973
vt 0.066776 -1.684768
vt -0.448890 -1.832552
vt 0.118607 -0.691010
vt 0.145379 -1.651917
vt 0.207796 -1.571946
vt 0.248025 -1.332763
vt 0.236771 -1.228187
vt 0.202618 -1.082095
vt -0.648178 -1.837275
vt -0.854627 -1.834855
vt -0.844530 0.901862
vt -1.012843 -1.815990
vt -1.176680 -1.657359
vt -1.117518 -1.788079
vt -1.208478 -1.742660
vt -1.217345 -1.671799
vt -1.268550 -1.681692
vt -1.268591 -1.614939
vt -0.766538 0.915549
vt -0.277890 0.769164
vt -0.181302 0.715756
vt -0.075863 0.616804
vt -0.042145 0.569366
vt 0.052606 0.178269
vt 0.092481 -0.017692
vt -0.657369 0.909387
vt -0.004208 0.360577
vt 0.129129 -0.255347
vt 0.163014 -0.657986
vt 0.167609 -0.548293
vt 0.866776 -0.522301
vt 0.885134 -0.506609
vt 0.902362 -0.505938
vt 0.853047 -0.459075
vt 0.882657 -0.573330
vt -0.066776 0.810758
vt 0.273530 -2.021329
vt 0.200303 -2.007685
vt 0.255377 -2.060624
vt 0.138209 -2.038017
vt 0.230448 0.419749
vt 0.478416 0.230710
vt 0.211997 0.358390
vt 1.250169 -2.015823
vt 1.202759 -2.060618
vt 1.302348 -2.060622
vt 0.838860 -1.987090
vt 0.755129 -2.060530
vt 0.927167 -2.060587
vt 1.311298 -2.026952
vt 0.178927 -2.012075
vt 0.078348 -2.060600
vt 0.178881 -2.060616
vt 0.562700 -2.019021
vt 0.460246 -2.060585
vt 0.580714 -2.060622
vt 0.816269 -2.060619
vt 0.934245 -2.060606
vt 0.888183 -2.012740
vt -1.435345 -2.060620
vt -1.308614 -2.060627
vt -1.368830 -2.003586
vt 0.062172 -2.060632
vt -0.337788 -2.060593
vt -0.236293 -2.060628
vt -0.299640 -2.023010
vt 0.528285 -0.431267
vt 0.655864 0.167064
vt 0.851369 0.158804
vt 0.991143 0.117896
vt 0.979574 -0.061895
vt 0.451688 -0.541053
vt -0.255377 0.401508
vt 1.046474 0.025463
vt 0.665311 -0.274567
vt 0.608636 -0.334105
vt 0.102591 0.395372
vt -0.066983 0.416869
vt 0.014668 0.412662
vt -0.485673 0.361425
vt 0.423656 -0.611372
vt -0.755129 0.298434
vt 0.391058 -0.745960
vt -0.927167 0.249280
vt -1.011476 0.219352
vt -1.521959 -0.816269
vt -1.113461 0.174853
vt -1.559991 -0.683125
vt -1.488646 -0.178881
vt -1.426341 -0.078348
vt -1.384321 -0.024401
vt -1.302348 0.055728
vt -1.202759 0.125245
vt -1.475230 -0.934245
vt -1.405067 -1.075297
vt -1.255182 -1.305926
vt -1.345282 -1.177420
vt -1.576451 -0.580714
vt -0.696750 -1.743056
vt -0.836424 -1.676615
vt 0.213144 -1.435345
vt -0.442274 -1.798181
vt 0.062172 -1.619699
vt -0.046662 -1.701837
vt -0.337788 -1.796698
vt -0.130753 -1.745391
vt 0.147015 -1.529832
vt 0.276939 -1.308614
vt -1.048614 -1.526752
vt 0.323704 -1.166881
vt -0.956960 -1.599187
vt 0.350798 -1.038226
vt -1.171949 -1.405483
vt -0.236293 -1.780075
vt -0.537595 -1.786609
vt 0.448890 0.705991
vt 0.348008 0.675387
vt 0.329364 0.728736
vt -1.366341 -1.334870
vt -1.372077 -1.323668
vt -1.336023 -1.243937
vt 1.308275 -1.541396
vt 1.323668 -1.577534
vt 1.334870 -1.569963
vt 1.279733 -1.598126
vt -1.376065 -1.279733
vt -1.416960 -1.565854
vt -1.376065 -1.598126
vt -1.344083 -1.165489
vt 1.208293 -1.484984
vt 1.246733 -1.534490
vt 1.273566 -1.565854
vt 1.235503 -1.583734
vt -1.416960 -1.273566
vt -1.423749 -1.235503
vt 1.195328 -1.389226
vt 1.242534 -1.382887
vt 1.217724 -1.552436
vt 1.194818 -1.602330
vt -1.426299 -1.194818
vt -1.386857 -1.162123
vt -1.386857 -1.646991
vt -1.444639 -1.691405
vt -1.344083 -1.675252
vt 1.203785 -1.262265
vt 1.188608 -1.569456
vt -1.453210 -1.552436
vt -1.468771 -1.569456
vt -1.426299 -1.602330
vt -1.393476 -1.088448
vt 1.162123 -1.646991
vt 1.088448 -1.675382
vt 1.210542 -1.691405
vt -1.393476 1.088448
vt -1.480615 1.162132
vt -1.444639 1.210542
vt 1.133973 -1.268813
vt 1.110353 -1.444828
vt 1.161864 -1.537407
vt 1.150500 -1.585585
vt -1.468771 -1.188608
vt -1.471952 -1.150500
vt 1.112573 -0.873065
vt 1.086119 -1.079982
vt 1.171544 -1.139579
vt 1.133024 -1.552502
vt 1.112343 -1.602247
vt -1.473780 -1.112343
vt -1.435159 -1.083519
vt -1.435159 -1.646243
vt -1.495975 -1.689788
vt -1.393476 -1.675382
vt -1.495975 1.129434
vt 1.129434 -1.689788
vt 1.129156 -1.745868
vt 1.162132 -1.719859
vt 1.058837 -0.878546
vt 1.054520 -1.374928
vt 1.104187 -1.569033
vt -1.440599 -1.014295
vt -1.435159 1.083519
vt -1.440599 1.014295
vt -1.527863 1.080264
vt 1.080264 -1.715450
vt 0.763760 1.396693
vt -1.444574 -0.627196
vt -1.404505 -0.667735
vt 1.057501 -1.242911
vt 1.068064 -1.545207
vt 1.068564 -1.583627
vt -1.514038 -1.104187
vt -1.516729 -1.068564
vt 1.038022 -1.767123
vt 0.978130 -0.657285
vt 1.053176 -0.698552
vt 1.028413 -0.726819
vt 1.073036 -0.764765
vt 1.004775 -0.760703
vt 0.984261 -0.873895
vt 0.998913 -1.525790
vt 1.030725 -1.598763
vt -1.518650 -1.030725
vt -1.480669 -1.007732
vt -1.480669 -1.641989
vt -1.539465 -1.684764
vt -1.440599 -1.671801
vt -1.539465 1.047748
vt 1.047748 -1.684764
vt 1.035221 -1.732421
vt 0.763231 1.377675
vt 0.807545 1.319130
vt 0.817830 1.354194
vt 0.969834 -0.616923
vt -1.475085 -0.616923
vt -1.512765 -0.686459
vt -1.437175 -0.657285
vt -1.511056 -0.726819
vt 0.994608 -0.686459
vt 1.002114 -1.138999
vt 0.972522 -1.282571
vt 1.010043 -1.569984
vt -1.485132 -0.942680
vt -1.480669 1.007732
vt -1.485132 0.942680
vt -1.568112 0.999649
vt 0.999649 -1.707807
vt 0.703272 1.388485
vt 0.745127 1.398035
vt 0.712918 1.400620
vt -1.107284 0.703272
vt -1.193864 0.756517
vt 0.756517 1.346997
vt 0.954617 -0.577702
vt 0.931923 -0.646200
vt 0.974327 -0.714722
vt 0.949801 -0.744531
vt 0.944180 -0.906690
vt 0.944897 -1.439876
vt 0.718004 1.244212
vt 0.791806 1.239658
vt 0.861995 0.443900
vt 0.908467 -0.488070
vt 0.942934 -0.536780
vt 0.895191 -0.674581
vt 0.916605 -1.114669
vt 0.967185 -1.543818
vt 0.942588 -1.594401
vt -1.561851 -0.942588
vt -1.523188 -0.934506
vt -1.523188 -1.634703
vt -1.571869 -1.676781
vt -1.485132 -1.665022
vt -1.571869 0.964373
vt 0.964373 -1.676781
vt 0.968658 -1.718876
vt 0.931056 -1.767214
vt 0.937477 -1.813236
vt -1.192373 0.706606
vt 0.695219 1.336943
vt 0.778086 1.121150
vt 0.910433 -0.566271
vt 0.885878 -0.634617
vt -1.494888 -0.634617
vt -1.553346 -0.702075
vt -1.459106 -0.674581
vt -1.547632 -0.744531
vt 0.896827 -0.873020
vt 0.919564 -1.566805
vt -1.524655 -0.896238
vt 0.934506 -1.634703
vt 0.896238 -1.648633
vt -1.524655 0.896238
vt -1.590216 0.942370
vt 0.942370 -1.687114
vt -1.125161 0.641758
vt -1.219844 0.695219
vt 0.661848 1.306865
vt 0.715018 1.108353
vt 0.890229 -0.526736
vt 0.874748 -0.594897
vt 0.850800 -0.662247
vt 0.920520 -0.702075
vt 0.896376 -0.728694
vt 0.873916 -0.762807
vt 0.874657 -1.258439
vt 0.876584 -1.363421
vt 0.888859 -1.536429
vt -1.612562 0.895038
vt 0.895038 -1.706541
vt 0.884707 -1.734270
vt 0.773686 0.990023
vt 0.783805 0.480835
vt 0.861960 -0.555484
vt 0.840173 -0.622663
vt -1.520028 -0.622663
vt -1.567479 -0.689015
vt -1.486494 -0.662247
vt -1.566123 -0.728694
vt 0.866401 -0.689015
vt 0.838411 -1.537356
vt 0.879568 -1.583168
vt -1.527124 -0.844095
vt -1.527124 0.844095
vt -1.286848 -1.278248
vt 1.165489 -1.675252
vt 1.285258 -1.692971
vt 1.243937 -1.643802
vt -1.431464 -1.725011
vt 1.203175 -1.752516
vt 1.061744 -1.813373
vt -0.287704 -1.835881
vt -0.270141 -1.758503
vt -0.209313 -1.781675
vt -0.231318 -1.734703
vt -0.407880 -1.767875
vt -0.369596 -1.752069
vt 1.730319 -0.680915
vt 1.748170 -0.701863
vt 1.780967 -0.639845
vt -0.309696 -0.639845
vt -0.297177 -0.701863
vt -0.270141 -0.660407
vt -0.262029 -0.721913
vt -0.460305 -1.736030
vt -0.428025 -1.720620
vt -0.364546 -0.722206
vt -0.329575 -0.680915
vt -0.329533 -0.743564
vt -0.317111 -0.774951
vt -0.238814 -0.790761
vt -0.263375 -0.877995
vt -0.369050 -0.864189
vt -0.386735 -0.884045
vt -0.408232 -1.608128
vt -0.532784 -1.610812
vt -0.544097 -1.884061
vt -0.431607 -1.817138
vt -0.382170 -1.796030
vt -0.338404 -1.799533
vt -0.338404 -1.681442
vt -0.295214 -1.694837
vt -0.309509 -1.638904
vt -0.250505 -1.706344
vt -0.502558 -1.771933
vt 1.771933 -1.670135
vt 1.806175 -1.689295
vt 1.837386 -1.630818
vt -0.481864 -1.630818
vt -0.467042 -1.689295
vt -0.431607 -1.649332
vt -0.424724 -1.706869
vt -0.382170 -1.666241
vt -0.333648 -1.738396
vt 0.333324 -1.426275
vt 0.341740 -1.410779
vt 0.351479 -1.412822
vt 1.748136 -1.664331
vt 1.786970 -1.686889
vt 1.811936 -1.627522
vt -0.604648 -1.627522
vt -0.591269 -1.686889
vt -0.553320 -1.649505
vt -0.551954 -1.708125
vt -0.502558 -1.670135
vt -0.504704 -1.731766
vt -0.399462 -1.768950
vt -0.304535 -1.795534
vt -0.782408 -1.736877
vt 1.704450 -1.675503
vt 1.775754 -1.699782
vt 1.767510 -1.640568
vt -0.674460 -1.640568
vt -0.673605 -1.699782
vt -0.622743 -1.664331
vt -0.628365 -1.728012
vt -0.530948 -1.772870
vt -0.437644 -1.808526
vt -0.343125 -1.836026
vt -0.265503 -1.873965
vt -0.849177 -1.693608
vt -0.808509 -1.680715
vt -0.797711 -1.727006
vt -0.752859 -1.709052
vt -0.690321 -1.675503
vt -0.752859 1.754763
vt -0.714380 1.776692
vt -0.690321 1.704450
vt -0.673605 1.775754
vt -0.714380 -1.736245
vt -0.614009 -1.788886
vt -0.523395 -1.828935
vt -0.425058 -1.885540
vt -0.333900 -1.886207
vt -0.913860 1.651046
vt -0.863318 1.684365
vt -0.872996 1.638737
vt -0.808509 -1.656569
vt -0.695731 -1.800602
vt -0.604576 -1.869502
vt -0.516527 -1.882005
vt -0.318054 -1.956056
vt -0.243950 -1.965764
vt -1.450759 -1.861769
vt -1.371734 -1.832895
vt -1.304480 -1.794032
vt -0.976630 1.609245
vt -0.927299 1.642190
vt -0.935895 1.597734
vt 0.913860 -1.637358
vt 0.872996 -1.660018
vt 0.916538 -1.682043
vt 0.893850 -1.701847
vt -0.687780 -1.881023
vt -0.503729 -1.956207
vt -0.406317 -1.982390
vt -1.037560 1.568153
vt -0.989586 1.600601
vt -0.997217 1.557614
vt 0.976630 -1.637322
vt 0.935895 -1.660760
vt 0.977526 -1.679421
vt -0.977526 -1.617992
vt -0.935895 -1.597734
vt -0.957997 -1.634831
vt -0.788557 -1.877066
vt -0.612581 -1.963309
vt -0.197400 -2.028488
vt -1.382568 -1.889930
vt -1.292289 -1.855661
vt -1.096776 1.527708
vt -1.050134 1.559660
vt -1.056930 1.518240
vt 1.037560 -1.634962
vt 0.997217 -1.659019
vt 1.039041 -1.676431
vt -1.039041 -1.576372
vt -0.997217 -1.557614
vt -1.020474 -1.592292
vt -0.739934 -1.951901
vt -0.555554 -2.025455
vt -0.442274 -2.060431
vt -1.526150 -1.976042
vt -1.428454 -1.949500
vt -1.492237 -1.932328
vt -1.108831 -1.519430
vt 1.096776 -1.630372
vt 1.056930 -1.655004
vt 1.101575 -1.673359
vt -1.101575 -1.534054
vt -0.859455 -1.931405
vt -0.687538 -2.021170
vt -1.529832 -2.060494
vt -1.580859 -2.022226
vt -1.453252 -2.017815
vt -1.323844 -1.924696
vt -0.809875 -2.005977
vt -0.696750 -2.060605
vt -0.537595 -2.060602
vt -1.619699 -2.060632
vt -1.202715 -1.880693
vt -0.925880 -1.978775
vt -1.231019 -1.962049
vt 1.357202 -1.652154
vt 1.430427 -1.685273
vt 1.403041 -1.631174
vt -1.225469 -1.631174
vt -1.177188 -1.663122
vt -0.917083 -2.029576
vt -0.836424 -2.060621
vt -1.266664 -2.020218
vt -1.141283 -1.907279
vt -1.235627 -1.312543
vt 1.312543 -1.672012
vt 1.409379 -1.704042
vt -1.230890 1.357202
vt -1.285339 1.409379
vt -1.285339 -1.704042
vt -1.216675 -1.827393
vt -1.160408 -1.878430
vt -1.095331 -1.939034
vt -1.024784 -1.993709
vt 1.278248 -1.658474
vt 1.358998 -1.690779
vt 1.321475 -1.639928
vt -1.282868 -1.639928
vt -1.327584 -1.690779
vt -1.235627 -1.672012
vt -1.311795 -1.722805
vt -1.235627 1.312543
vt -1.311795 1.385152
vt -1.284691 -1.765177
vt 1.415089 -1.765177
vt 1.443154 -1.732508
vt 1.474788 -1.827393
vt 1.474996 -1.773844
vt -0.956960 -2.060613
vt 1.320497 -0.451641
vt 1.311037 -0.482365
vt 1.244058 -0.501292
vt -1.290657 -1.236591
vt 1.236591 -1.676217
vt 1.335599 -1.708492
vt -1.286848 1.278248
vt -1.353538 1.335599
vt -1.327584 1.358998
vt -1.353538 -1.708492
vt -1.338778 -1.756223
vt 1.356212 -1.756223
vt 1.385152 -1.722805
vt 1.398658 -1.818731
vt 1.425688 -1.871600
vt -1.253862 -1.871600
vt -1.195856 -1.931306
vt -1.134466 -2.004556
vt -1.048614 -2.060594
vt 1.258139 -0.524010
vt 1.286966 -0.544515
vt 0.563785 -1.681692
vt -1.349914 -1.778204
vt -1.331653 -1.820563
vt 0.391421 -1.820563
vt -1.003099 -1.900015
vt -1.336023 -1.643802
vt -1.390445 -1.692971
vt -1.290657 -1.676217
vt -1.376664 -1.725190
vt -1.290657 1.236591
vt -1.376664 1.309748
vt 1.309748 -1.725190
vt -0.914748 1.381946
vt -0.938916 1.392725
vt -0.937041 1.375624
vt -0.959005 1.466903
vt -0.953968 1.419556
vt -0.907208 1.427867
vt -1.344083 1.165489
vt -1.431464 1.236873
vt -1.390445 1.285258
vt 1.236873 -1.725011
vt 1.274039 -1.746062
vt 1.299181 -1.791924
vt 1.336874 -1.856459
vt 1.372275 -1.917507
vt 1.462097 -1.931306
vt 1.405666 -1.975916
vt 1.484755 -2.004556
vt -1.198071 -1.593705
vt -1.219898 -1.553973
vt -1.237181 -1.581228
vt -0.962457 -1.950765
vt 1.405483 -2.060549
vt 0.379335 -1.362322
vt 0.400727 -1.377817
vt 0.379068 -1.393445
vt -0.878518 -0.572433
vt -1.031179 -2.011127
vt 1.240008 -1.821069
vt 1.237586 -1.879603
vt 1.269922 -1.939855
vt 1.300606 -1.997862
vt 1.305926 -2.060578
vt 1.163089 -1.814090
vt -0.805555 -1.960483
vt 1.091634 -1.876278
vt 1.120317 -1.936532
vt 1.147617 -1.994590
vt 1.177420 -2.060578
vt -0.761925 -2.027196
vt -0.745960 -2.060625
vt 0.987808 -1.872423
vt 1.013604 -1.932012
vt 1.002280 -1.981594
vt 1.016742 -2.027988
vt 1.075297 -2.060622
vt -0.699187 -1.989129
vt 0.892593 -1.868323
vt 0.916650 -1.928136
vt -1.212308 -1.812859
vt -0.712672 -1.888808
vt -1.133809 -0.696665
vt -1.230076 -0.716696
vt -1.119173 -0.735980
vt -1.184708 -0.984575
vt -1.134465 -0.869459
vt -1.083197 -0.686681
vt -1.107138 -0.981927
vt -0.978171 -0.743901
vt -1.090448 -0.727480
vt 0.683448 -0.727480
vt 0.662596 -0.686681
vt -1.305966 -1.709117
vt 0.413399 -1.709117
vt 0.442162 -1.667122
vt 0.401681 -1.684166
vt 0.683448 -1.090448
vt -1.245328 -1.713874
vt -1.260348 -1.691223
vt -1.328494 -1.667122
vt 0.434315 -1.260348
vt 0.442162 -1.328494
vt -1.173386 -1.099136
vt -0.978081 -0.784310
vt -1.031331 -0.715223
vt 0.727852 -1.031331
vt -1.238472 -1.746511
vt 0.444433 -1.713874
vt 0.470867 -1.672581
vt 0.434315 -1.691223
vt 0.470867 -1.261019
vt -1.087588 -1.092838
vt -1.036230 -0.867517
vt -1.199429 -1.694001
vt -1.261019 -1.672581
vt 0.463029 -1.199429
vt -1.172029 -1.241566
vt -0.983454 -0.704441
vt 0.762821 -0.983454
vt -1.151040 -1.739488
vt -1.181120 -1.713598
vt 0.471299 -1.713598
vt 0.499803 -1.672531
vt 0.463029 -1.694001
vt -1.090765 -1.195509
vt -1.135535 -1.692963
vt -1.198190 -1.672531
vt 0.488044 -1.135535
vt 0.529342 -1.140174
vt -0.944269 -0.949191
vt -0.933890 -0.693732
vt 0.797556 -0.933890
vt -1.109797 -1.797002
vt -1.115710 -1.710239
vt 0.495111 -1.710239
vt 0.529342 -1.667394
vt 0.488044 -1.692963
vt 0.595145 -1.198071
vt -1.184701 -1.376179
vt -1.067047 -1.266459
vt -1.036961 -1.176212
vt -0.988455 -1.048234
vt -0.931441 -0.861380
vt -1.070653 -1.689119
vt -1.140174 -1.667394
vt 0.509686 -1.070653
vt 0.555817 -1.085785
vt 0.624896 -1.179493
vt -1.179493 -1.574180
vt -1.148511 -1.552032
vt -1.064109 -1.410702
vt -1.200146 -1.466306
vt -0.866227 -0.799194
vt -0.903546 -0.725244
vt -0.900612 -0.687025
vt 0.815992 -0.900612
vt -1.046519 -1.853953
vt -1.031528 -1.728132
vt -1.050860 -1.704727
vt 0.516079 -1.050860
vt 0.643680 -1.126206
vt -1.126206 -1.574153
vt -1.031097 -1.312645
vt -0.962948 -1.113920
vt 0.837201 -0.725244
vt 0.875879 -0.683044
vt 0.815992 -0.687025
vt 0.895011 -0.640402
vt -1.006334 -1.683713
vt -1.085785 -1.661382
vt 0.528367 -1.006334
vt 0.578471 -1.031479
vt -0.862500 -0.756111
vt -0.956946 -1.770063
vt -0.983165 -1.701970
vt 0.535116 -0.983165
vt 0.665864 -1.066119
vt -1.066119 -1.573129
vt -1.082950 -1.555634
vt -1.010723 -1.455157
vt -0.970969 -1.286860
vt -0.934960 -1.175530
vt -0.899236 -1.009362
vt 0.837201 -0.903546
vt 0.924672 -0.884288
vt 0.875879 -0.925943
vt 1.054763 -0.777125
vt -0.839015 -0.116481
vt -0.940928 -1.677368
vt -1.031479 -1.657035
vt 0.542924 -0.940928
vt 0.603204 -0.989002
vt -0.987992 -1.361746
vt -0.813738 -0.705885
vt 0.909789 -0.813738
vt -0.895472 -1.719419
vt -0.914072 -1.698026
vt 0.554257 -0.914072
vt 0.705312 -0.954616
vt 0.686413 -1.009002
vt -1.009002 -1.571983
vt -1.024651 -1.554706
vt -0.904890 -1.233087
vt -0.860110 -1.127302
vt -0.818366 -0.865305
vt 0.982293 -0.835490
vt -0.801640 -1.798529
vt 0.589847 -0.932953
vt 0.616646 -0.892481
vt -0.928028 -1.373688
vt -0.782275 -0.737065
vt -0.867937 -1.683261
vt 0.565212 -0.867937
vt -0.954616 -1.571688
vt -0.969867 -1.555319
vt -0.919331 -1.551353
vt -0.921637 -1.446223
vt -0.873141 -1.286853
vt -0.843257 -1.699459
vt 0.570343 -0.843257
vt -0.815121 -0.977730
vt -0.748142 -0.784855
vt -0.728716 -0.688364
vt 0.976942 -0.728716
vt -0.806892 -1.880738
vt -0.778284 -1.700119
vt -0.809258 -1.676747
vt -0.892481 -1.658913
vt 0.575875 -0.809258
vt 0.639409 -0.856045
vt 0.722815 -0.903454
vt -0.903454 -1.572099
vt -0.882221 -1.373984
vt -0.829654 -1.193410
vt -0.795249 -1.063975
vt 1.058610 -0.878518
vt 0.675379 -0.480894
vt -0.765773 -1.741791
vt -0.796731 -1.688297
vt 0.583896 -0.796731
vt 0.738297 -0.855589
vt -0.870902 -1.555430
vt -0.854620 -1.451520
vt -0.748969 -0.866959
vt -0.727804 -0.726764
vt 0.947998 -0.737065
vt 0.997867 -0.726764
vt 0.976942 -0.688364
vt 0.448349 1.400252
vt 0.548227 1.388512
vt 0.568544 1.411479
vt 0.587462 -0.778284
vt 0.624531 -0.804689
vt 0.649097 -0.769719
vt -0.855589 -1.574347
vt -0.813168 -1.388282
vt -0.807758 -1.328734
vt -0.812723 -1.268456
vt -0.782226 -1.130873
vt -0.758839 -0.986969
vt 1.034123 -0.684155
vt 1.054763 -0.644101
vt 0.972732 1.409480
vt 0.947143 1.428146
vt 0.823429 1.419649
vt -0.731931 -1.695042
vt -0.747802 -1.683263
vt 0.597661 -0.747802
vt -0.810065 -1.555984
vt -0.820013 -1.472109
vt -0.777552 -1.227960
vt 0.986519 -0.784855
vt 1.062214 -0.752029
vt 1.037808 -0.717129
vt 0.997867 -0.727804
vt 1.037808 -0.686121
vt 0.999032 1.405273
vt 1.022769 1.433734
vt -0.513805 1.390905
vt -0.505497 1.419649
vt 0.898033 -0.370758
vt -0.898033 1.475842
vt -0.964034 1.483007
vt -0.730682 -1.809951
vt -0.690467 -1.692490
vt 0.601826 -0.731931
vt 0.751565 -0.804065
vt -0.804065 -1.582152
vt -0.749690 -1.154133
vt 0.906286 -1.193410
vt 0.989076 -1.154133
vt 0.958169 -1.130873
vt 0.984583 -0.986969
vt 1.040670 -0.876281
vt 0.986330 -0.866959
vt -0.684648 -1.706188
vt -0.703209 -1.680386
vt 0.612031 -0.703209
vt 0.664751 -0.725904
vt -0.763082 -1.565773
vt 0.891561 -1.328734
vt 0.950405 -1.302459
vt 0.905856 -1.268456
vt -0.757667 -1.302459
vt 1.041888 -1.047963
vt 0.949131 -1.063975
vt 1.064749 -0.797757
vt -0.030047 1.458685
vt -0.674498 -1.747400
vt 0.616647 -0.690467
vt 0.796809 -0.763082
vt 0.774565 -0.810065
vt -0.743296 -1.551488
vt -0.773627 -1.476684
vt -0.762032 -1.386220
vt -0.755849 1.400332
vt 0.649215 -0.743001
vt 0.642675 -0.755849
vt 0.623540 -0.716494
vt 0.624742 -0.796504
vt 0.608439 -0.806598
vt 0.593657 -0.773932
vt -0.806598 1.396001
vt 0.596411 1.392596
vt 0.561149 1.375407
vt -0.859823 1.391821
vt 0.561149 -0.833966
vt 0.596411 -0.855065
vt 0.571788 -0.859823
vt 0.572560 1.348507
vt 0.574922 1.388684
vt 0.551265 1.363217
vt 0.574922 -0.901479
vt 0.525771 -0.896387
vt -0.910628 1.387725
vt -0.649361 -1.820473
vt -0.663660 -1.680029
vt 0.628318 -0.663660
vt 0.680801 -0.683360
vt 0.792217 -0.740215
vt 1.018912 -1.229143
vt 0.948730 -1.227960
vt 1.107666 -0.704607
vt 1.107666 -0.618125
vt 0.538000 -0.967636
vt 0.538000 1.383951
vt 0.515914 1.361962
vt 0.537837 1.348324
vt 0.491518 -0.969181
vt 0.496538 1.378461
vt 0.477573 1.355773
vt 0.500452 1.342717
vt 0.479047 1.376806
vt 0.453931 1.368004
vt -1.035187 1.378461
vt -1.055312 1.376447
vt 0.477573 -1.031272
vt 0.496538 -1.035187
vt -1.123668 1.371164
vt 0.447708 1.373591
vt 0.435474 1.343403
vt 0.458856 1.332363
vt 0.431594 1.371164
vt 0.364467 1.368958
vt 0.353334 1.364767
vt -1.154014 1.368958
vt -1.208704 1.364767
vt -0.636175 -1.706383
vt -0.650769 -1.692381
vt 0.634681 -0.650769
vt 0.821363 -0.743296
vt 0.821363 -1.551488
vt 0.880451 -1.492949
vt 0.849344 -1.476684
vt 0.950515 -1.417719
vt 0.912528 -1.386220
vt 0.981357 -1.363236
vt 1.009216 -1.304804
vt 1.066024 -1.124517
vt 1.096117 -0.960018
vt 1.108106 -0.865519
vt -0.638322 -1.925485
vt -0.610492 -1.677649
vt 0.657872 -0.610492
vt 0.717179 -0.649144
vt 0.838014 -0.706483
vt 0.870945 -0.696397
vt 0.870945 -1.550941
vt 1.146732 -0.782652
vt 0.439254 -1.349981
vt 0.914374 -0.470939
vt 0.401681 -1.315741
vt 0.652202 -1.170368
vt 0.341740 -1.686717
vt -0.159838 -1.776023
vt -0.450810 1.107680
vt 1.130506 1.107680
vt 0.988681 1.081171
vt 1.067109 0.950125
vt 0.995667 1.149856
vt 0.847882 1.197915
vt -0.356782 1.169886
vt 1.087448 1.234138
vt 0.963737 1.213723
vt 0.869528 1.244465
vt 0.995667 0.544010
vt -0.391525 1.234138
vt -0.951183 0.485316
vt 0.997677 1.299410
vt 0.848537 -0.997587
vt 0.808354 -0.940041
vt -0.997587 0.481768
vt -0.307240 1.276886
vt 0.997677 0.412799
vt 0.867055 0.496536
vt 0.820472 -0.975297
vt 1.130630 1.276886
vt 1.068742 1.328298
vt -0.233791 1.327798
vt -0.319624 1.328298
vt 1.068742 0.319624
vt 0.973042 0.385618
vt 0.973042 1.346516
vt 0.940533 1.351332
vt 0.940533 0.406660
vt 0.889264 0.441853
vt 0.840191 0.475190
vt 0.803016 0.500208
vt 0.740572 0.542367
vt 1.082804 0.240567
vt 1.077994 0.272011
vt 1.142732 0.233791
vt 1.036007 0.304717
vt 0.989042 0.336998
vt 0.950142 0.359315
vt -0.359315 1.377509
vt -0.384909 1.380193
vt -0.385618 1.346516
vt 0.953970 1.380193
vt 0.909114 1.382019
vt 0.889264 1.355781
vt 0.860086 1.380401
vt 0.840191 1.359717
vt 0.803016 1.363679
vt 0.811562 1.390905
vt 0.740572 1.372305
vt 0.811562 -0.513805
vt 0.763692 -0.564178
vt 0.740572 -0.542367
vt 1.141451 0.186579
vt 1.118316 0.205191
vt 1.092337 0.222752
vt -0.240567 1.381066
vt -0.275506 1.391037
vt -0.272011 1.359547
vt 1.077994 1.359547
vt 1.060439 1.391037
vt 1.036007 1.367088
vt -0.310451 1.394406
vt -0.304717 1.367088
vt 1.032153 1.394406
vt 0.989042 1.373675
vt 0.950142 1.377509
vt 0.999032 -0.347406
vt 0.972732 -0.374141
vt 0.950142 -0.359315
vt -0.374141 1.409480
vt -0.144320 1.374407
vt -0.164073 1.385549
vt 1.124859 0.164073
vt -0.185335 1.395410
vt -0.186579 1.358287
vt -0.205191 1.367659
vt -0.209517 1.402921
vt 1.118316 1.367659
vt 1.108253 1.402921
vt 1.092337 1.375777
vt -0.222752 1.375777
vt -0.275693 1.437691
vt -0.327480 1.433734
vt -0.347406 1.405273
vt -0.216974 1.442421
vt -0.918054 1.400572
vt -0.953414 1.388967
vt -0.834526 1.436508
vt -0.828692 1.394517
vt 0.345277 1.400430
vt 0.366231 1.387334
vt 1.167859 1.377785
vt 1.235931 1.364780
vt 1.167872 1.400430
vt -1.223119 0.303693
vt -1.248822 0.347479
vt -1.167859 0.324951
vt 0.143150 1.131155
vt 0.174840 1.033164
vt 0.208347 1.176672
vt 1.164423 0.465883
vt 1.171705 0.436308
vt 1.236397 0.549065
vt 0.587194 1.388821
vt -1.141525 0.587194
vt -1.208888 0.644935
vt 0.603311 1.369724
vt -1.148103 1.411479
vt -1.217742 1.369724
vt -1.141525 1.388821
vt -1.217742 0.603311
vt -1.226859 0.631089
vt 0.631089 1.350077
vt 0.644935 1.369359
vt -1.157582 0.508611
vt -1.225944 0.561390
vt -1.155347 0.529062
vt -1.150260 0.548227
vt -1.237240 0.589816
vt 0.589816 1.347893
vt -1.163361 0.468449
vt -1.233311 0.519168
vt -1.161486 0.488934
vt -1.242925 0.546108
vt 0.546108 1.348523
vt 0.561390 1.368880
vt 0.427845 1.379425
vt -1.167421 0.427845
vt -1.239574 0.476633
vt -1.166016 0.448349
vt -1.250988 0.503783
vt 0.519168 1.366715
vt 0.503783 1.344175
vt 0.587242 1.272380
vt -1.169436 0.366231
vt -1.232353 0.407682
vt -1.168838 0.387047
vt -1.254855 0.457683
vt 0.457683 1.341362
vt 0.476633 1.363077
vt 0.638454 1.147280
vt -1.167872 0.345277
vt -1.235931 0.365398
vt -1.247617 0.390715
vt 0.390715 1.350604
vt 0.406332 1.318403
vt 0.407682 1.373105
vt 0.460686 1.273079
vt 0.502939 1.221635
vt 0.557336 1.177182
vt 0.347479 1.341321
vt 0.365398 1.364780
vt 0.303693 1.369692
vt 0.285614 1.310032
vt 0.333754 1.264673
vt 0.628852 1.027015
vt 0.699115 0.958154
vt 0.388354 1.191985
vt 0.552934 1.051557
vt 0.776524 0.841204
vt 0.423500 1.116664
vt 0.477350 1.072380
vt 0.715663 0.843741
vt 0.237474 1.233493
vt 0.310469 1.150127
vt 0.597749 0.918423
vt 0.333390 1.020789
vt 0.467648 0.937895
vt 0.619140 0.814665
vt 0.692201 0.709408
vt 0.247041 1.062165
vt 0.415042 0.983791
vt 0.528727 0.856445
vt 0.751360 0.614574
vt 1.171624 -0.598051
vt 1.214673 -0.790029
vt 1.216372 -0.860233
vt 0.385432 0.882987
vt 0.467729 0.759290
vt 0.577116 0.722783
vt 0.701580 0.613116
vt 0.729347 0.580670
vt 0.747988 0.547293
vt 0.242239 0.936299
vt 0.600188 0.613419
vt 0.651054 0.613041
vt 0.678971 0.580962
vt 0.698383 0.547844
vt 0.736997 0.481963
vt 0.752637 0.448204
vt 0.102556 1.060831
vt 0.309751 0.829702
vt 0.548685 0.611758
vt 0.627978 0.580540
vt 0.648372 0.547775
vt 0.689090 0.482527
vt 0.706084 0.449006
vt 0.778499 0.415142
vt -1.432746 0.481963
vt 0.128607 0.906886
vt 0.187739 0.891235
vt 0.382903 0.720474
vt 0.496841 0.609166
vt 0.576478 0.579355
vt 0.598069 0.547036
vt 0.640246 0.482505
vt 0.658489 0.449270
vt 0.727223 0.415647
vt -1.445813 0.482527
vt -1.525822 0.415647
vt -1.425184 0.449006
vt -1.528609 0.381684
vt 0.757324 0.381684
vt 0.807769 0.300750
vt 0.061248 0.992910
vt 0.236714 0.737767
vt 0.445128 0.608481
vt 0.524574 0.577337
vt 0.548300 0.546103
vt 0.590609 0.481864
vt 0.609998 0.448974
vt 1.449082 0.448974
vt 1.536467 0.415643
vt 1.457181 0.482505
vt -1.457181 0.482505
vt -1.536467 0.415643
vt -1.437986 0.449270
vt -1.540121 0.381925
vt 0.705259 0.381925
vt 0.710708 0.324380
vt 0.085260 0.837911
vt 0.175536 0.750995
vt 0.308838 0.637926
vt 0.392717 0.600725
vt 0.472376 0.574398
vt 0.496260 0.543778
vt 0.518787 0.512476
vt 0.540316 0.480556
vt 0.560748 0.448078
vt 1.458331 0.448078
vt 1.545223 0.415102
vt 1.466736 0.481864
vt -1.466736 0.481864
vt -1.545223 0.415102
vt -1.449082 0.448974
vt -1.549774 0.381685
vt 0.652385 0.381685
vt 0.675082 0.415643
vt 0.020586 0.923513
vt 0.340289 0.595553
vt 0.419935 0.570435
vt 0.443928 0.540534
vt 0.467152 0.509871
vt 0.489500 0.478515
vt 0.536721 0.446531
vt -1.488251 0.512476
vt -1.539700 0.446531
vt -1.474312 0.480556
vt -1.539700 0.536721
vt -1.551895 0.568749
vt -1.474312 0.540316
vt -1.551895 0.413983
vt -1.458331 0.448078
vt -1.557881 0.380263
vt 0.599218 0.380263
vt 0.622213 0.415102
vt 0.732743 0.197482
vt 0.011604 0.814529
vt 0.113754 0.704130
vt 0.367057 0.565340
vt 0.391477 0.536270
vt 0.415263 0.506354
vt 0.438302 0.475663
vt 0.483755 0.444266
vt -1.491694 0.509871
vt -1.544710 0.444266
vt -1.479673 0.478515
vt -1.544710 0.483755
vt -1.556230 0.514826
vt -1.479673 0.489500
vt 0.514826 0.412231
vt 0.548477 0.373778
vt 0.568749 0.413983
vt 0.620114 0.269915
vt 0.753246 0.039872
vt 0.053706 0.709026
vt 0.242025 0.579254
vt 0.288286 0.586137
vt 0.310671 0.557406
vt 0.339113 0.530884
vt 0.363303 0.501827
vt 0.386889 0.471910
vt 1.482529 0.471910
vt 1.546254 0.441203
vt 1.492436 0.506354
vt -1.492436 0.506354
vt -1.546254 0.441203
vt -1.482525 0.475663
vt -1.546254 0.430238
vt -1.557920 0.460593
vt -1.482525 0.438302
vt 0.460593 0.409777
vt 0.491678 0.362229
vt 0.569298 0.240631
vt 0.654712 0.093725
vt 0.180181 0.574557
vt 0.210787 0.602239
vt 0.261791 0.550110
vt 0.311500 0.496200
vt 0.335461 0.467166
vt 1.479334 0.467166
vt 1.544347 0.437257
vt 1.490133 0.501827
vt -1.490133 0.501827
vt -1.544347 0.437257
vt -1.482529 0.471910
vt -1.544347 0.376521
vt -1.558310 0.406944
vt -1.482529 0.386889
vt 0.406944 0.403057
vt 0.430238 0.441203
vt -0.065712 0.722062
vt -0.018279 0.702576
vt 0.015772 0.612560
vt 0.115395 0.579487
vt 0.211095 0.542368
vt 0.260125 0.489402
vt 0.284267 0.461354
vt 1.472619 0.461354
vt 1.538733 0.432349
vt 1.484451 0.496200
vt -1.484451 0.496200
vt -1.538733 0.432349
vt -1.479334 0.467166
vt -1.538733 0.322891
vt -1.551957 0.351930
vt -1.479334 0.335461
vt 0.351930 0.402456
vt 0.376521 0.437257
vt 0.454157 0.264540
vt 0.728298 -0.176743
vt 0.062221 0.585034
vt 0.145647 0.548648
vt 0.185268 0.507280
vt 0.209494 0.481395
vt 0.233598 0.454421
vt 1.462141 0.454421
vt 1.529158 0.426416
vt 1.475111 0.489402
vt -1.475111 0.489402
vt -1.529158 0.426416
vt -1.472619 0.461354
vt -1.529158 0.269656
vt -1.543612 0.297971
vt -1.472619 0.284267
vt 1.543612 0.397444
vt 0.297971 0.397444
vt 0.299580 0.344350
vt 0.322891 0.432349
vt 0.372198 0.263359
vt 0.514897 0.123535
vt 0.646760 -0.101650
vt -0.083889 0.589722
vt 0.072783 0.556118
vt 0.136160 0.496887
vt 0.159953 0.472189
vt 1.444894 0.472189
vt 1.494745 0.446353
vt 1.459430 0.507280
vt 0.189751 0.446353
vt 0.217163 0.419426
vt -1.461936 0.481395
vt -1.515452 0.419426
vt -1.462141 0.454421
vt -1.515452 0.217163
vt -1.531326 0.244652
vt -1.462141 0.233598
vt 1.531326 0.391462
vt 0.244652 0.391462
vt 0.269656 0.426416
vt 0.397896 0.142318
vt 0.575165 -0.017111
vt 0.760457 -0.314342
vt -0.030649 0.589065
vt 0.006517 0.561104
vt 0.088714 0.485347
vt 0.111854 0.461848
vt 1.424121 0.461848
vt 1.477759 0.437184
vt 1.439804 0.496887
vt 0.139749 0.437184
vt 0.165760 0.408591
vt 1.499069 0.408591
vt 0.197831 0.372977
vt 0.305737 0.176566
vt 0.447051 0.070229
vt 0.518890 -0.051191
vt 0.814151 -0.410667
vt -0.126768 0.575125
vt -0.046340 0.557620
vt 0.023734 0.489056
vt 0.065533 0.450492
vt 1.399935 0.450492
vt 1.455134 0.427000
vt 1.416616 0.485347
vt 0.091126 0.427000
vt 0.115794 0.400311
vt 1.476829 0.400311
vt 0.221708 0.264296
vt 0.619829 -0.318776
vt -0.090879 0.542346
vt -0.036555 0.491216
vt 0.000000 0.459495
vt 1.361352 0.459495
vt 1.405387 0.438294
vt 1.380406 0.489056
vt 0.021784 0.438294
vt 0.061695 0.392910
vt 1.446364 0.392910
vt 0.147535 0.236859
vt 0.218562 0.121328
vt 0.388489 -0.015192
vt 0.407419 -0.114642
vt 0.554633 -0.256954
vt 0.734775 -0.520077
vt 0.787443 -0.522683
vt 0.838296 -0.522466
vt 1.217624 0.599083
vt 1.256479 0.575125
vt -0.147856 0.549065
vt -0.079381 0.482715
vt -0.060418 0.464703
vt 1.316482 0.464703
vt 1.350248 0.445630
vt 1.337774 0.491216
vt -0.041447 0.445630
vt -0.008135 0.403093
vt 1.393619 0.403093
vt 0.081834 0.298487
vt 0.303004 -0.047078
vt 0.462205 -0.238894
vt 0.659881 -0.473293
vt 0.809418 -0.557155
vt 0.825537 -0.590147
vt -0.128163 0.476064
vt -0.097556 0.449693
vt 1.283753 0.449693
vt 1.325070 0.421021
vt 1.301486 0.482715
vt -0.078779 0.421021
vt -0.052353 0.375867
vt 0.023263 0.299655
vt 0.089731 0.147125
vt 0.241316 -0.045449
vt 0.680003 -0.523027
vt 0.756142 -0.558183
vt 0.773524 -0.591596
vt 0.789464 -0.624562
vt 0.803927 -0.657046
vt -0.168137 0.457521
vt -0.148775 0.451367
vt 1.235506 0.451367
vt 1.256620 0.476064
vt 1.266868 0.410458
vt 1.302266 0.397454
vt -0.108186 0.397454
vt -0.020383 0.243743
vt 0.035669 0.143224
vt 0.160546 -0.011448
vt 0.326243 -0.218224
vt 0.494713 -0.399556
vt 0.620847 -0.521530
vt 0.702219 -0.558539
vt 0.720823 -0.592351
vt 0.738037 -0.625747
vt 0.753814 -0.658689
vt 0.815379 -0.691142
vt -1.534745 -0.624562
vt -1.585124 -0.691142
vt -1.506907 -0.657046
vt -1.582977 -0.723073
vt 0.844509 -0.723073
vt 1.217491 0.457521
vt -0.137698 0.410458
vt -0.086503 0.252294
vt 0.109022 -0.011189
vt 0.383362 -0.358549
vt 0.565869 -0.520197
vt 0.647728 -0.558178
vt 0.667509 -0.592376
vt 0.685957 -0.626186
vt 0.703019 -0.659570
vt 0.762735 -0.692491
vt -1.548509 -0.625747
vt -1.600330 -0.692491
vt -1.521522 -0.658689
vt -1.598525 -0.724915
vt 0.791964 -0.724915
vt 0.819405 -0.767456
vt 1.200969 0.374840
vt 1.287765 0.292525
vt 1.356853 0.252294
vt 0.201667 -0.161512
vt 0.592746 -0.557043
vt 0.613648 -0.591614
vt 0.633285 -0.625827
vt 0.651596 -0.659643
vt 0.708802 -0.693021
vt -1.561217 -0.626186
vt -1.613211 -0.693021
vt -1.535229 -0.659570
vt -1.612127 -0.725927
vt 0.738233 -0.725927
vt 0.763116 -0.767228
vt 0.819340 -0.872987
vt 1.129349 0.417585
vt 1.166767 0.258807
vt -0.037464 0.003793
vt 0.243326 -0.313483
vt 0.285145 -0.334460
vt 0.399166 -0.507866
vt 0.454410 -0.515489
vt 0.510329 -0.519836
vt 0.537347 -0.555055
vt 0.559305 -0.589993
vt 0.580075 -0.624605
vt 0.599590 -0.658846
vt 0.653795 -0.692676
vt -1.572717 -0.625827
vt -1.623654 -0.692676
vt -1.547898 -0.659643
vt -1.623639 -0.726058
vt 0.683480 -0.726058
vt 0.708423 -0.768401
vt 1.131613 0.346696
vt 1.310582 0.151969
vt -0.084627 0.091957
vt 0.048350 -0.112041
vt 0.162160 -0.272171
vt 0.335988 -0.496485
vt 0.481623 -0.552119
vt 0.504343 -0.588440
vt 0.526389 -0.622429
vt 0.547049 -0.657097
vt 0.597885 -0.691381
vt -1.582798 -0.624605
vt -1.631393 -0.691381
vt -1.559346 -0.658846
vt -1.632864 -0.725239
vt 0.627859 -0.725239
vt 0.655985 -0.764069
vt 0.753693 -0.878022
vt 0.814225 -1.120055
vt -0.150695 0.151969
vt -0.020362 -0.076696
vt 0.110123 -0.266001
vt 0.425488 -0.548132
vt 0.449304 -0.584733
vt 0.494030 -0.654291
vt 0.541186 -0.689034
vt -1.591181 -0.622429
vt -1.635909 -0.689034
vt -1.569325 -0.657097
vt -1.639537 -0.723377
vt 0.571525 -0.723377
vt 0.603623 -0.766657
vt 0.699700 -0.878371
vt 1.204599 0.127910
vt 0.189037 -0.404805
vt 0.369096 -0.542989
vt 0.393243 -0.580136
vt 0.440612 -0.650309
vt 0.462254 -0.685517
vt 1.563537 -0.685517
vt 1.643323 -0.720356
vt 1.577516 -0.654291
vt 0.514639 -0.720356
vt 0.547235 -0.762911
vt 0.644133 -0.877894
vt -0.131661 -0.061423
vt 0.255617 -0.526788
vt 0.308708 -0.534782
vt 0.334339 -0.575017
vt 0.386910 -0.645028
vt 0.409514 -0.680703
vt 1.569223 -0.680703
vt 1.643825 -0.716045
vt 1.583536 -0.650309
vt -1.583536 -0.650309
vt -1.643825 -0.716045
vt -1.563537 -0.685517
vt -1.645887 -0.751813
vt 0.486859 -0.751813
vt 0.587275 -0.878492
vt 0.707176 -1.144454
vt -0.384379 0.147544
vt -0.259496 0.258807
vt -0.270047 0.346696
vt 0.048675 -0.358398
vt 0.185016 -0.538715
vt 0.269987 -0.572137
vt 0.333088 -0.638332
vt 0.356510 -0.674462
vt 1.572149 -0.674462
vt 1.640597 -0.710307
vt 1.586955 -0.645028
vt -1.586955 -0.645028
vt -1.640597 -0.710307
vt -1.569223 -0.680703
vt -1.645025 -0.746836
vt 0.429598 -0.746836
vt 0.457388 -0.716045
vt 0.528796 -0.879107
vt 0.630772 -1.084346
vt 1.243677 -0.006415
vt -0.020721 -0.312906
vt 0.127570 -0.501846
vt 0.229455 -0.556659
vt 0.279745 -0.632949
vt 0.303426 -0.666687
vt 1.571863 -0.666687
vt 1.633142 -0.703017
vt 1.587322 -0.638332
vt -1.587322 -0.638332
vt -1.633142 -0.703017
vt -1.572149 -0.674462
vt -1.640401 -0.740529
vt 0.372358 -0.740529
vt 0.399989 -0.710307
vt 0.458413 -0.878507
vt 0.754680 -1.244302
vt -0.252026 0.127910
vt 1.278384 -0.148423
vt 1.361481 -0.061423
vt -0.111795 -0.242312
vt -0.090659 -0.344443
vt 0.200086 -0.584817
vt -1.583465 -0.632949
vt -1.620777 -0.694078
vt -1.571863 -0.666687
vt -1.631563 -0.733508
vt 0.314637 -0.733508
vt 0.342703 -0.703017
vt 0.391537 -0.878408
vt 0.560081 -1.192018
vt 0.108741 -0.548386
vt 0.136039 -0.579009
vt 0.198052 -0.646299
vt 0.222308 -0.683444
vt 1.551344 -0.683444
vt 1.611483 -0.747126
vt 1.583465 -0.632949
vt 0.233347 -0.747126
vt 0.285814 -0.694078
vt 0.334791 -0.876361
vt 0.504227 -1.156419
vt 0.633800 -1.272551
vt 0.767059 -1.341792
vt 0.054429 -0.539079
vt 0.146884 -0.636295
vt 0.170773 -0.671130
vt 1.542616 -0.671130
vt 1.598706 -0.708503
vt 1.560118 -0.646299
vt -1.560118 -0.646299
vt -1.598706 -0.708503
vt -1.551344 -0.683444
vt -1.598706 0.202951
vt -1.611483 0.233347
vt -1.551344 0.222308
vt 0.446968 -1.152063
vt 0.823236 -1.436195
vt -0.041643 -0.510821
vt 0.008158 -0.523569
vt 0.044936 -0.568987
vt 0.147359 -0.694038
vt 0.176804 -0.734788
vt 0.202951 -0.708503
vt 0.271099 -0.879876
vt 0.374914 -1.168538
vt 0.711889 -1.394652
vt -0.225173 -0.148423
vt -0.199269 -0.354680
vt -0.080493 -0.543111
vt 0.071295 -0.644027
vt 0.094634 -0.679605
vt 1.511114 -0.679605
vt 1.575335 -0.694038
vt 1.547790 -0.636295
vt 0.206095 -0.876964
vt 0.780172 -1.541010
vt -0.020653 -0.557146
vt 0.071917 -0.700848
vt 0.098006 -0.740809
vt 1.554353 -0.740809
vt 0.159016 -0.876772
vt 0.303104 -1.151237
vt 0.524142 -1.324451
vt 0.598794 -1.416102
vt 0.861557 -1.562283
vt -0.480334 -0.025623
vt -0.314936 -0.180757
vt -0.238295 -0.006415
vt -0.127638 -0.540925
vt -0.059579 -0.579500
vt 0.000470 -0.647294
vt 0.022850 -0.683002
vt 1.473974 -0.683002
vt 1.509686 -0.741321
vt 1.512734 -0.644027
vt 0.025041 -0.741321
vt 0.054103 -0.774908
vt 0.114061 -0.875363
vt 0.239203 -1.166240
vt 0.438448 -1.287500
vt 0.685659 -1.467091
vt 0.808233 -1.566616
vt 0.827613 -1.588285
vt -0.172030 -0.527654
vt 0.000003 -0.701925
vt 0.190666 -1.125497
vt 0.609783 -1.541363
vt 0.671641 -1.547576
vt 0.727451 -1.547051
vt 0.753883 -1.569562
vt 0.773854 -1.591006
vt 0.828044 -1.648394
vt -1.552113 -0.828044
vt -0.345488 -0.338801
vt -0.115240 -0.575881
vt -0.065031 -0.646961
vt -0.043969 -0.682086
vt 1.432475 -0.682086
vt 1.459635 -0.741199
vt 1.472232 -0.647294
vt -0.043871 -0.741199
vt 0.026474 -0.875690
vt 0.058091 -0.886873
vt 0.138009 -1.148935
vt 0.439737 -1.390910
vt 0.501747 -1.467456
vt 0.698294 -1.570959
vt 0.719076 -1.593334
vt 0.776047 -1.652850
vt 0.792991 -1.671321
vt 0.864985 -1.689041
vt -1.552113 -1.648394
vt -1.621358 -1.689041
vt -1.527124 -1.666194
vt -1.621358 0.864985
vt -0.463793 -0.165473
vt -0.065951 -0.699023
vt -0.021864 -0.875633
vt 0.309447 -1.326205
vt 0.358569 -1.380315
vt 0.642230 -1.570607
vt 0.663916 -1.593970
vt 0.704368 -1.638069
vt 0.741629 -1.675111
vt 0.812586 -1.693532
vt -1.566398 -1.652850
vt -1.640148 -1.693532
vt -1.541599 -1.671321
vt -1.640148 0.812586
vt -1.632650 0.839827
vt -1.541599 0.792991
vt 0.839827 -1.711186
vt -0.246606 -0.544786
vt -0.175418 -0.582303
vt -0.124416 -0.645999
vt -0.105521 -0.678051
vt 1.388589 -0.678051
vt 1.405153 -0.731562
vt 1.427917 -0.646961
vt -0.105574 -0.731562
vt 0.078071 -1.151587
vt 0.247768 -1.268629
vt 0.557140 -1.543652
vt 0.585447 -1.568274
vt 0.608273 -1.592693
vt 0.651280 -1.636456
vt 0.671121 -1.657364
vt 0.728246 -1.677406
vt -1.657462 0.728246
vt -1.656552 0.758577
vt -1.602850 0.704368
vt -1.602850 -1.638069
vt -1.656552 -1.696609
vt -1.556045 -1.675111
vt -1.649819 0.786673
vt -1.556045 0.741629
vt 0.786673 -1.715593
vt 0.823276 -1.757859
vt -0.347340 -0.441098
vt -0.285839 -0.527401
vt -0.212938 -0.561038
vt -0.126666 -0.692908
vt -0.053863 -0.876238
vt 0.401502 -1.520538
vt 0.499181 -1.537895
vt 0.527831 -1.563701
vt 0.550476 -1.589546
vt 0.597261 -1.635142
vt 0.618089 -1.657034
vt 0.672823 -1.678007
vt -1.617405 -1.636456
vt -1.670910 -1.678007
vt -1.594278 -1.657364
vt -1.670910 0.672823
vt -1.670439 0.703179
vt -1.594278 0.671121
vt 0.703179 -1.698088
vt 0.735170 -1.720937
vt 0.758577 -1.696609
vt 0.827913 -1.817008
vt 0.415931 -1.887355
vt 0.536533 -1.930282
vt 0.514098 -1.848168
vt 0.801795 -1.914898
vt 0.745669 -1.955033
vt 0.817058 -2.001346
vt 0.732592 -2.027822
vt 0.642377 -2.010780
vt 0.683125 -2.060618
vt 0.462407 -1.969195
vt 0.485673 -2.060629
vt 0.399881 -1.998099
vt 0.355330 -1.961025
vt 0.357168 -1.838902
vt 0.298886 -1.938171
vt -0.613394 -2.013165
vt -0.504732 -1.910263
vt -0.538840 -1.841193
vt -0.517473 -1.986687
vt 0.634269 -1.968423
vt 0.592438 -1.910263
vt 0.576779 -1.977674
vt 0.815787 -0.248402
vt 0.828994 -0.290351
vt 0.754615 -0.275539
vt 1.115062 -0.039922
vt 1.134629 0.066566
vt 1.154328 0.013626
vt -1.265633 -1.792598
vt 1.176680 0.582353
vt 1.190258 0.567237
vt -0.571155 -1.869670
vt -0.607619 -1.891647
vt -0.610790 -1.763809
vt 0.639453 -1.907039
vt 0.664900 -1.811864
vt -0.513245 -1.811864
vt -0.584612 -1.739101
vt 0.701067 -1.967430
vt 0.711522 -1.913567
vt 0.707963 -1.867245
vt -0.560394 -1.723906
vt -0.599305 -1.697053
vt 0.696628 -1.820656
vt 0.707400 -1.751914
vt 0.684670 -1.723906
vt -0.565081 -1.693989
vt 0.694960 -0.565081
vt 0.703110 -0.619659
vt 0.664737 -0.599305
vt 0.664737 -1.697053
vt 0.703110 -1.674165
vt 0.657872 -1.677649
vt 0.734523 -0.308183
vt 0.766760 -0.351285
vt 0.701067 -0.369404
vt 0.766760 -1.949402
vt 0.757400 -1.804386
vt 0.758495 -1.738399
vt 0.730672 -1.698304
vt 0.694960 -1.693989
vt 0.798565 -1.900442
vt 0.792691 -1.845523
vt 0.747886 -1.706688
vt 0.730672 -0.535756
vt 0.752143 -0.568292
vt 0.742752 -1.680024
vt -0.535756 -1.698304
vt -0.531826 -1.680024
vt -0.568292 -1.675968
vt 0.742752 -0.531826
vt 0.791654 -0.583267
vt 0.821545 -0.343009
vt 0.821545 -1.937034
vt 0.801276 -1.785645
vt 0.803233 -1.725152
vt 0.836069 -0.526164
vt 0.931743 -0.621793
vt 0.931743 -1.581800
vt 0.838014 -1.571276
vt 0.922825 -1.517620
vt 0.949609 -0.314980
vt 0.949609 -1.935510
vt 0.924413 -1.893080
vt 0.820431 -1.700057
vt 0.820431 -0.495342
vt 0.886948 -0.538596
vt 0.966393 -0.222360
vt 0.924900 -1.785332
vt -0.495342 -1.700057
vt -0.495140 -1.683491
vt -0.526164 -1.674962
vt 0.834473 -0.495140
vt 0.954513 -0.633609
vt 0.954513 -1.560843
vt 0.938863 -1.469486
vt 1.034334 -0.269181
vt 0.941187 -0.162060
vt 0.988411 -1.837967
vt 0.982493 -1.718809
vt 0.898376 -1.704461
vt 0.834473 -1.683491
vt 0.912526 -1.670476
vt 0.912526 -0.502343
vt 1.004585 -1.537735
vt 1.005001 -1.473550
vt 1.034252 -1.892955
vt -0.473319 -1.704461
vt -0.472655 -1.685005
vt -0.502343 -1.670476
vt 1.065545 -0.553497
vt 1.065737 -0.172933
vt 1.099000 -0.227139
vt 1.038645 -1.777496
vt 0.950340 -1.697185
vt 0.914362 -1.685005
vt 0.968345 -1.665277
vt 0.914362 -0.472655
vt 0.968345 -0.491217
vt 1.019736 -0.500426
vt 1.065545 -1.583616
vt 1.039674 -1.420604
vt 1.015683 -0.101501
vt 1.121196 -0.106618
vt 1.034252 -0.332733
vt 1.082010 -1.840972
vt 0.960541 -1.677185
vt -0.461508 -1.697185
vt -0.457872 -1.677185
vt -0.491217 -1.665277
vt 0.960541 -0.457872
vt 1.064405 -1.550613
vt 1.002699 -1.689221
vt 1.002699 -0.448098
vt 1.070902 -1.363166
vt 1.166036 -0.292234
vt 1.166036 -1.887190
vt 1.083963 -1.721394
vt 1.040595 -1.701243
vt 1.050838 -1.667531
vt 1.050838 -0.461229
vt 1.120057 -1.567698
vt 1.124660 -1.477395
vt 1.169568 -0.162967
vt 1.195856 -0.244029
vt 1.159352 -1.823462
vt 1.141610 -1.772993
vt 1.052220 -1.679065
vt -0.434840 -1.701243
vt -0.431950 -1.679065
vt -0.461229 -1.667531
vt 1.052220 -0.431950
vt 1.118418 -0.469429
vt 1.120057 -0.547400
vt 1.116696 -1.305474
vt 1.121152 -1.696295
vt 1.121152 -0.409440
vt 1.142379 -1.399518
vt 1.098409 -1.236439
vt 1.235970 -0.168009
vt 1.204378 -1.730206
vt 1.152576 -0.414676
vt 1.199479 -1.455537
vt 1.234388 -0.071804
vt 1.237295 -1.829394
vt 1.235142 -1.769748
vt 1.172382 -1.711762
vt 1.152576 -1.674042
vt 1.106276 -1.169051
vt 1.284200 -0.240744
vt 1.195856 -1.921113
vt 1.284200 -1.876833
vt 1.185730 -1.686007
vt 1.185730 -0.384166
vt 1.252753 0.026906
vt 1.312391 -0.033882
vt 1.295870 -0.101510
vt 1.306212 -1.797712
vt 1.252432 -1.697814
vt 1.246467 -1.665217
vt 1.231840 -1.387878
vt 1.225556 -1.298042
vt 1.122494 0.143470
vt 1.225725 0.116225
vt 1.327065 -1.875332
vt 1.295851 -1.732593
vt 1.220609 -1.202599
vt 1.154271 -1.090413
vt 1.134838 -0.996591
vt 1.159888 0.191327
vt 1.363032 -0.075170
vt 1.288382 -1.673723
vt 1.325103 0.068997
vt 1.241475 0.221909
vt 1.297912 0.177322
vt 1.216505 -1.039166
vt 1.184745 0.319964
vt 1.236511 0.344007
vt 1.327410 0.281873
vt 1.377587 0.232718
vt 1.145669 -0.727097
vt 1.266585 0.397376
vt 1.123801 -0.694516
vt 1.123801 -0.598454
vt 1.435316 0.223326
vt 1.170506 -0.713157
vt -0.569070 -0.713157
vt -0.598051 -0.685070
vt -0.593025 -0.727097
vt 1.171624 -0.685070
vt 1.190362 -0.647709
vt 1.331653 0.391421
vt 1.385585 0.338427
vt 1.265633 0.479839
vt 1.295313 -0.529840
vt 1.244058 0.501292
vt -0.817114 1.478997
vt -0.769047 1.430601
vt -0.741181 1.475888
vt 0.324951 1.377785
vt 0.290826 1.408684
vt -1.160756 0.290826
vt 0.270423 1.434825
vt 0.269657 1.386212
vt 1.160756 1.408684
vt 1.159380 1.386212
vt 1.223119 1.369692
vt -1.159380 0.269657
vt -1.232413 0.280281
vt 0.280281 1.346087
vt 0.233635 1.412623
vt -1.146278 0.233635
vt 0.207907 1.439701
vt -1.198991 0.240411
vt 0.240411 1.375301
vt 0.220125 1.347207
vt 0.212138 1.388398
vt 1.146278 1.412623
vt 1.143387 1.388398
vt 1.198991 1.375301
vt -1.143387 0.212138
vt -1.211721 0.220125
vt 0.174756 1.409730
vt -1.123824 0.174756
vt 0.155259 1.443809
vt -1.173973 0.179256
vt 0.179256 1.372887
vt 0.156839 1.343251
vt 0.168571 1.270450
vt 0.153840 1.383948
vt 1.123824 1.409730
vt 1.119883 1.383948
vt 1.173973 1.372887
vt 1.182879 1.343251
vt 0.119110 1.235366
vt 0.109506 1.447408
vt 0.080087 1.408285
vt -1.064333 0.080087
vt -1.134229 0.106728
vt -1.119883 0.153840
vt -1.182879 0.156839
vt 0.106728 1.364949
vt 0.072578 1.253859
vt 0.049805 1.452122
vt -1.101070 0.077377
vt 0.050542 1.110812
vt 1.064333 1.408285
vt 1.053272 1.378034
vt 1.101070 1.374303
vt 1.108752 1.340633
vt 0.077377 1.374303
vt 0.057106 1.340633
vt 1.016220 1.452122
vt 0.996906 1.380167
vt -0.996906 0.001296
vt -1.108752 0.057106
vt -1.053272 0.056064
vt 0.020142 1.182760
vt -1.018101 -0.015809
vt 1.018101 1.349578
vt 1.092281 1.259764
vt -0.008612 1.259764
vt 0.977311 1.403476
vt -0.018807 1.112364
vt -0.027759 0.990867
vt -0.005318 1.403476
vt -0.015809 1.349578
vt 0.001296 1.380167
vt 1.035458 1.266191
vt 1.164860 1.112364
vt 1.167627 1.182760
vt -0.035315 0.896918
vt 0.935292 1.363850
vt 1.146254 1.023413
vt 1.212368 0.990867
vt 1.093949 1.106971
vt -0.093808 0.778298
vt 1.163495 0.866009
vt 1.242682 0.896918
vt 1.227320 0.778298
vt 0.919885 1.279265
vt 0.988038 1.188634
vt 1.029409 1.107226
vt 0.837301 1.360659
vt 1.273968 0.722062
vt 1.079942 0.946299
vt 0.756025 1.376930
vt 1.168627 0.719990
vt 0.767393 1.221082
vt 0.815294 1.161792
vt 0.908534 1.041969
vt 0.492888 1.468965
vt 0.619052 1.385393
vt 0.732107 1.278354
vt 0.868253 1.119032
vt 1.125712 0.582017
vt 1.189309 0.570161
vt 0.584168 1.384555
vt 0.652790 1.360289
vt 0.975111 0.949059
vt 1.029697 0.783228
vt 1.068802 0.697461
vt 0.618095 1.363096
vt 0.550760 1.384635
vt 0.581958 1.364164
vt 0.602880 1.301987
vt 1.111805 0.559930
vt 1.138087 0.486484
vt 0.471356 1.395462
vt 0.519039 1.384470
vt 0.547348 1.365077
vt 0.670309 1.236348
vt 1.133936 0.447059
vt 0.489510 1.385859
vt 0.514228 1.365558
vt 0.833264 1.065706
vt 0.952509 0.900090
vt -0.241165 0.486484
vt -0.256029 0.455663
vt -0.237138 0.447059
vt -0.252107 0.417585
vt 0.482272 1.365775
vt 0.757140 1.149117
vt 0.843551 0.988252
vt 1.064080 0.593148
vt 1.124505 0.455663
vt 1.088935 0.438347
vt 0.446577 1.379458
vt 0.458813 1.373810
vt 0.884731 0.921295
vt 0.916784 0.863438
vt 0.963280 0.794977
vt 1.006844 0.716011
vt 1.076733 0.555226
vt 1.094127 0.477497
vt -0.258816 0.559930
vt -0.285239 0.477497
vt -0.280811 0.438347
vt -0.294679 0.412913
vt -0.222708 1.379458
vt -0.208621 1.373810
vt -0.202410 1.395462
vt 0.587634 1.224605
vt 0.656225 1.167824
vt 0.716120 1.116224
vt 0.780180 1.050392
vt -0.298444 0.449983
vt 0.420941 1.374326
vt 0.435295 1.359463
vt -0.227619 1.359463
vt 0.486046 1.292825
vt -0.298787 0.716011
vt -0.357437 0.597590
vt -0.294777 0.593148
vt -0.338455 0.564424
vt -0.292860 0.555226
vt -0.321346 0.465259
vt 1.065099 0.465259
vt 1.059663 0.428770
vt 1.085691 0.449983
vt 1.085604 0.412913
vt 0.404422 1.383435
vt -0.221266 1.393325
vt -0.257308 1.365546
vt -0.224899 1.374326
vt 0.386929 1.365546
vt 0.436160 1.320516
vt -0.301394 0.794977
vt -0.357535 0.755931
vt -0.369218 0.669697
vt -0.314878 0.428770
vt -0.349696 0.419047
vt 0.317011 1.477659
vt -0.250826 1.383435
vt 0.714535 1.068019
vt 0.800564 0.929404
vt 0.862350 0.837305
vt -0.382502 0.837305
vt -0.306324 0.863438
vt -0.300558 0.921295
vt -0.343828 0.480870
vt 1.044595 0.480870
vt 1.031840 0.444691
vt -0.335551 0.444691
vt -0.395202 0.357953
vt 0.462116 1.289587
vt 0.575816 1.181560
vt -0.486046 -0.254663
vt -0.575816 -0.319855
vt -0.587634 -0.270056
vt 0.643427 1.115914
vt 0.739138 0.973170
vt -0.356561 0.454964
vt -0.416097 0.290717
vt -0.265989 1.477659
vt -0.273350 1.382375
vt -0.386929 -0.257308
vt -0.427028 -0.278176
vt -0.436160 -0.256375
vt -0.462116 -0.269801
vt -0.397059 0.578965
vt -0.409187 0.558849
vt -0.384849 0.476148
vt 1.011695 0.476148
vt 0.996081 0.439084
vt 1.037548 0.454964
vt 1.029679 0.419047
vt -0.375908 0.439084
vt -0.388740 0.416592
vt -0.304873 1.392258
vt 0.385151 1.382375
vt 0.356415 1.376804
vt -0.529588 -0.374749
vt -0.444409 0.699836
vt -0.398066 0.450002
vt -0.320598 1.481943
vt -0.362100 0.304873
vt -0.356415 0.292957
vt -0.385151 0.273350
vt -0.292957 1.376804
vt -0.373542 1.247961
vt -0.278176 1.310425
vt -0.489576 -0.386964
vt 0.656628 0.997657
vt -0.470142 0.577468
vt -0.439228 0.481090
vt 0.967820 0.481090
vt 0.993199 0.416592
vt 1.004920 0.450002
vt -0.317721 1.380795
vt -0.305690 1.365188
vt -0.643427 -0.342969
vt 0.571659 1.076608
vt 0.774753 0.845484
vt -0.438864 0.421239
vt -0.339009 1.389307
vt -0.350538 0.339009
vt -0.360779 0.305690
vt -0.365843 0.317721
vt -0.457423 -0.387633
vt -0.571659 -0.436835
vt 0.816887 0.774590
vt -0.470486 0.774590
vt -0.479518 0.476235
vt 0.945809 0.445557
vt -0.425711 0.445557
vt -0.506283 0.267139
vt -0.344715 0.325162
vt -0.387633 1.212369
vt 0.724866 0.907109
vt -0.452482 0.455640
vt -0.372938 1.387253
vt -0.351956 1.377939
vt -0.325162 1.373473
vt -0.338182 1.362128
vt -0.401028 1.300038
vt -0.496468 0.543528
vt 0.937575 0.476235
vt 0.914727 0.441053
vt 0.961899 0.455640
vt 0.944771 0.421239
vt -0.462908 0.441053
vt -0.475211 0.418707
vt -0.528804 0.135435
vt -0.338935 0.372938
vt -0.349022 0.338182
vt -0.354124 0.351956
vt -0.526205 -0.445831
vt -0.502220 0.666642
vt -0.388983 1.487263
vt -0.395812 1.389718
vt -0.333310 0.357445
vt -0.357445 1.371211
vt -0.491513 0.450792
vt 0.726958 -1.772462
vt 0.672559 -1.730353
vt 0.654634 -1.703927
vt -1.629692 -1.635142
vt -1.682318 -1.682866
vt -1.607458 -1.657034
vt 0.569861 -1.660844
vt 0.548035 -1.637830
vt 0.499687 -1.589586
vt 0.475623 -1.562600
vt 0.432370 -1.554627
vt 0.231289 -1.410624
vt 0.172319 -1.312529
vt 0.025095 -1.115852
vt -0.179773 -0.679740
vt -0.436681 -0.267579
vt 0.734631 -1.836239
vt 0.683283 -1.891662
vt 0.628477 -1.805761
vt 0.640472 -1.953618
vt -1.607458 0.618089
vt -1.682318 0.624586
vt -1.680509 0.654634
vt 0.624586 -1.682866
vt 1.629692 -1.635142
vt 1.613801 -1.660844
vt 1.682318 -1.682866
vt 0.603990 -1.708305
vt 0.566757 -1.740772
vt 0.603152 -1.896572
vt -1.635445 -1.637830
vt -1.689551 -1.686125
vt -1.613801 -1.660844
vt -1.613801 0.569861
vt -1.689551 0.573592
vt -1.688231 0.603990
vt 0.573592 -1.686125
vt 0.520457 -1.662906
vt 1.635445 -1.637830
vt 1.619577 -1.662906
vt 1.689551 -1.686125
vt 0.551339 -1.710908
vt 0.519724 -1.807729
vt 0.537855 -1.847610
vt 0.549976 -1.941374
vt 0.497595 -1.638620
vt -1.640361 -1.638620
vt -1.693308 -1.687451
vt -1.619577 -1.662906
vt -1.619577 0.520457
vt -1.693308 0.520433
vt -1.693256 0.551339
vt 0.520433 -1.687451
vt 0.469820 -1.662875
vt 1.640361 -1.638620
vt 1.624452 -1.662875
vt 1.693308 -1.687451
vt 0.496788 -1.711380
vt 0.473468 -1.750978
vt 0.467840 -1.880530
vt 0.503171 -1.982226
vt 0.444522 -1.588077
vt 0.445899 -1.637154
vt -1.644052 -1.637154
vt -1.693215 -1.686474
vt -1.624452 -1.662875
vt -1.624452 0.469820
vt -1.693215 0.465327
vt -1.695119 0.496788
vt 0.465327 -1.686474
vt 0.417908 -1.660369
vt 1.644052 -1.637154
vt 1.627995 -1.660369
vt 1.693215 -1.686474
vt 0.440485 -1.709324
vt 0.419471 -1.799658
vt 0.427599 -1.931372
vt 0.452536 -2.010660
vt 0.382100 -1.587320
vt 0.393192 -1.635283
vt -1.644926 -1.635283
vt -1.688477 -1.682795
vt -1.627995 -1.660369
vt -1.627995 0.417908
vt -1.688477 0.408446
vt -1.693257 0.440485
vt 0.408446 -1.682795
vt 0.404755 -1.737548
vt 0.365563 -1.550176
vt 0.359037 -1.725065
vt 0.362969 -1.840031
vt 0.371174 -1.914948
vt 0.385485 -1.996572
vt 0.305483 -1.533084
vt 0.340389 -1.574712
vt 0.336417 -1.676008
vt 1.644926 -1.635283
vt 1.612816 -1.676008
vt 1.682608 -1.725065
vt 0.328620 -1.763328
vt 0.347640 -2.060619
vt 0.310465 -1.597191
vt 0.310304 -1.646357
vt -1.628890 -1.646357
vt -1.675676 -1.695995
vt -1.612816 -1.676008
vt -1.612816 0.336417
vt -1.675676 0.323546
vt -1.682608 0.359037
vt 0.323546 -1.695995
vt 0.304285 -1.874745
vt 0.307289 -1.957356
vt 0.298999 -2.014731
vt 0.243257 -1.539349
vt 0.276238 -1.570347
vt 0.281809 -1.665737
vt 1.628890 -1.646357
vt 1.611487 -1.665737
vt 1.675676 -1.695995
vt 0.295711 -1.714855
vt 0.270534 -1.800884
vt 0.255275 -1.636003
vt -1.624375 -1.636003
vt -1.657936 -1.683958
vt -1.611487 -1.665737
vt -1.611487 0.281809
vt -1.657936 0.263515
vt -1.668134 0.295711
vt 0.263515 -1.683958
vt 0.254761 -1.737715
vt 0.244115 -1.903645
vt 0.225377 -1.602877
vt 0.208495 -1.717948
vt 0.209245 -1.806056
vt 0.214698 -1.955335
vt 0.171805 -1.525969
vt 0.193236 -1.571381
vt 0.197518 -1.667953
vt 1.624375 -1.636003
vt 1.588022 -1.667953
vt 1.637820 -1.717948
vt 0.249299 -2.060600
vt 0.135764 -1.467597
vt 0.170131 -1.636542
vt -1.597791 -1.636542
vt -1.622335 -1.682914
vt -1.588022 -1.667953
vt -1.588022 0.197518
vt -1.622335 0.174695
vt -1.637820 0.208495
vt 0.146636 -1.887572
vt 0.104523 -1.332159
vt 0.125283 -1.555508
vt 0.124627 -1.602943
vt 0.134677 -1.701397
vt 0.174695 -1.682914
vt 0.109900 -1.756326
vt 0.118850 -1.820870
vt 0.132843 -1.942557
vt 0.049518 -1.996813
vt 0.045690 -1.463877
vt 0.051939 -1.539744
vt 0.079200 -1.576835
vt 0.084112 -1.672338
vt 0.087160 -1.720018
vt 0.023726 -1.324360
vt 0.056451 -1.635800
vt 0.056630 -1.682403
vt 0.025623 -1.906887
vt 0.014034 -1.598755
vt -0.029444 -1.750209
vt 0.003071 -1.810918
vt 0.024401 -2.060602
vt -0.023780 -1.212396
vt -0.010099 -1.382265
vt -0.013215 -1.561704
vt -0.055758 -1.671027
vt -0.054700 -1.717251
vt -0.020268 -1.919352
vt -0.014568 -2.000080
vt -0.097070 -1.513980
vt -0.056873 -1.581294
vt -0.043415 -1.819267
vt 1.395309 -2.000080
vt 1.384321 -2.060602
vt -0.123914 -1.309835
vt -0.115572 -1.409680
vt -0.072130 -1.898654
vt -0.072290 -1.966395
vt 1.359562 -1.966395
vt -0.126696 -1.198195
vt -0.086798 -1.631718
vt -0.085325 -1.678112
vt -0.099145 -1.734159
vt -0.099517 -1.824494
vt -0.103177 -0.870926
vt -0.100822 -1.053538
vt -0.150732 -1.551831
vt -0.143899 -1.596890
vt 1.404067 -1.824494
vt 1.339831 -1.895790
vt 1.399619 -1.898654
vt 1.297836 -1.959105
vt -0.161747 -0.871361
vt -0.173112 -1.683161
vt 1.361589 -1.683161
vt 1.372336 -1.741345
vt 1.430472 -1.734159
vt 1.344673 -1.823134
vt -0.163840 -1.100247
vt -0.205669 -1.435990
vt -0.192857 -1.648393
vt 1.265485 -1.901267
vt 1.185700 -1.997950
vt -0.192519 -1.211925
vt -0.207905 -1.333052
vt 1.310461 -1.739138
vt 1.263959 -1.812583
vt -0.204473 -0.751901
vt -0.202654 -1.554571
vt 1.382145 -1.554571
vt 1.319030 -1.608469
vt 1.423241 -1.596890
vt 1.351608 -1.648393
vt 1.190151 -1.851466
vt 1.169545 -1.908162
vt 1.099731 -1.954507
vt 1.052635 -2.013969
vt 1.113461 -2.060621
vt -0.206214 -0.653652
vt -0.207149 -0.873341
vt -0.224819 -1.100760
vt -0.242797 -1.608469
vt 1.268757 -1.683202
vt 1.246732 -1.730211
vt -0.208923 -0.698656
vt -0.282271 -1.239762
vt 1.385325 -1.435990
vt 1.289831 -1.458815
vt 1.283680 -1.561535
vt 1.238400 -1.624436
vt 1.154824 -1.751506
vt 1.102492 -1.886513
vt 1.011476 -2.060624
vt -0.261657 -0.874417
vt 1.300057 -1.239762
vt 1.287085 -1.352392
vt 1.380172 -1.333052
vt 1.218218 -1.677585
vt 1.205825 -1.709946
vt 0.962819 -1.949733
vt -0.276789 -0.648374
vt -0.266402 -0.733326
vt -0.291029 -1.125367
vt -0.302332 -1.624436
vt -0.305503 -1.672465
vt -0.280573 -1.677585
vt -0.284267 -1.709946
vt 1.078065 -1.781900
vt 1.005440 -1.869907
vt -0.258888 -0.683624
vt 1.199485 -1.462376
vt 1.175506 -1.588893
vt 1.145196 -1.658914
vt 1.201691 -1.672465
vt 1.129687 -1.696022
vt 0.984276 -1.795351
vt -0.300760 -0.581280
vt 1.259652 -0.648374
vt 1.243020 -0.695056
vt 1.267370 -0.683624
vt 1.257694 -0.733326
vt 1.211594 -0.896326
vt 1.277658 -1.125367
vt 1.268132 -0.874417
vt 1.168559 -1.546404
vt -0.329122 -0.727712
vt -0.275870 -0.695056
vt 1.192851 -0.727712
vt 1.174861 -0.868259
vt 1.190978 -1.083415
vt 1.206001 -1.236205
vt 1.173772 -1.351208
vt 1.076641 -1.683271
vt 1.060277 -1.709879
vt 0.859351 -1.886491
vt 1.160489 -0.780094
vt 1.093174 -1.639929
vt -0.389829 -1.639929
vt -0.387249 -1.677698
vt -0.360869 -1.683271
vt -0.363324 -1.709879
vt 0.949814 -1.706615
vt 0.884048 -1.801000
vt -0.338007 -0.551618
vt -0.330094 -0.682412
vt 1.127775 -1.204961
vt 1.084202 -1.465948
vt 1.075343 -1.565158
vt -0.403053 -0.576009
vt -0.345970 -0.648763
vt 1.199545 -0.648763
vt 1.174783 -0.692544
vt 1.207307 -0.682412
vt 0.989931 -1.644276
vt 1.065381 -1.677698
vt 0.966120 -1.682921
vt 0.872026 -1.709205
vt 0.612391 -1.889201
vt 1.091044 -0.871340
vt 1.102260 -1.066387
vt 1.080161 -1.257947
vt 1.045994 -1.315587
vt 0.981979 -1.568625
vt -0.441875 -1.644276
vt -0.439200 -1.672902
vt -0.411095 -1.682921
vt -0.411930 -1.706615
vt 0.702806 -1.825622
vt -0.393752 -0.546464
vt 0.915330 -1.651627
vt 0.964924 -1.672902
vt -0.915330 0.472519
vt -0.889680 0.440312
vt -0.949814 0.411930
vt 0.889680 -1.686842
vt 0.773074 -1.698555
vt 0.723105 -1.754334
vt -0.396902 -0.679570
vt -0.342595 -0.692544
vt -0.393393 -0.722786
vt 1.122676 -0.722786
vt 1.048478 -0.764812
vt 1.055571 -1.114434
vt 1.005331 -1.363050
vt 0.961034 -1.418170
vt -0.472519 -1.651627
vt -0.469741 -1.677916
vt -0.440312 -1.686842
vt -0.440092 -1.709205
vt -0.890011 0.469741
vt -0.789298 0.478973
vt -0.872026 0.440092
vt 0.789298 -1.679116
vt -0.411558 -0.646849
vt 1.139671 -0.646849
vt 1.105904 -0.689333
vt 1.147485 -0.679570
vt 0.894502 -1.452711
vt 0.879074 -1.567934
vt 0.707187 -1.698280
vt -0.483492 -0.538387
vt -0.458480 -0.559343
vt -0.465964 -0.725995
vt -0.404459 -0.689333
vt 1.040797 -0.725995
vt 1.017174 -0.873120
vt 0.992204 -1.159180
vt 0.785387 -1.570544
vt 0.620797 -1.772081
vt -0.474813 -0.684812
vt 0.864785 -1.499656
vt 0.819194 -1.647460
vt 0.890011 -1.677916
vt -0.819194 0.514949
vt -0.514949 -1.647460
vt -0.512456 -1.668215
vt -0.478973 -1.679116
vt -0.478161 -1.698555
vt -0.798628 0.512456
vt -0.723679 0.501885
vt -0.773074 0.478161
vt 0.723679 -1.679278
vt -0.488028 -0.653107
vt 0.925477 -1.301411
vt 0.699902 -1.561762
vt 0.754417 -1.649488
vt 0.798628 -1.668215
vt -0.754417 0.540277
vt 0.645957 -1.699199
vt -0.492703 -0.396965
vt -0.540277 -1.649488
vt -0.537435 -1.670181
vt -0.501885 -1.679278
vt -0.500691 -1.698280
vt -0.733761 0.537435
vt -0.662530 0.523580
vt -0.707187 0.500691
vt 0.662530 -1.680425
vt 1.064896 -0.653107
vt 1.025014 -0.693638
vt 1.072269 -0.684812
vt 0.948318 -0.872020
vt 0.956166 -1.024127
vt 0.929282 -1.164986
vt 0.848323 -1.375517
vt 0.699917 -1.470436
vt 0.529933 -1.752279
vt -1.064896 0.488028
vt -1.014681 0.531641
vt -1.025014 0.476083
vt -0.976079 0.518500
vt 0.976079 -0.718481
vt 0.692856 -1.653199
vt 0.733761 -1.670181
vt -0.692856 0.564039
vt -0.673415 0.560993
vt -0.523580 -1.680425
vt -0.560993 -1.672188
vt -0.522370 -1.699199
vt -0.606013 0.544426
vt -0.645957 0.522370
vt 0.589276 -1.700857
vt 0.444263 -1.797199
vt 1.084696 -0.538387
vt 1.015237 -0.576646
vt 1.108532 -0.559343
vt 1.007365 -0.649985
vt 1.014681 -0.679338
vt 0.864364 -1.175710
vt 0.835446 -1.284600
vt 0.606013 -1.682568
vt -0.507931 -0.294746
vt 0.635589 -1.656907
vt 0.673415 -1.672188
vt -0.635589 0.586649
vt -0.616818 0.583308
vt -0.544426 -1.682568
vt -0.583308 -1.675258
vt -0.543217 -1.700857
vt -0.537246 0.574404
vt -0.589276 0.543217
vt 1.064389 -0.396965
vt 1.009494 -0.399424
vt 0.996819 -0.544357
vt 0.961859 -0.687231
vt 0.911870 -0.763159
vt 0.873876 -1.030911
vt 0.610374 -1.562996
vt 0.577499 -1.660243
vt -0.577499 0.611489
vt 0.616818 -1.675258
vt 0.450889 -1.728923
vt 1.038378 -0.294746
vt -1.007365 0.543498
vt -0.936597 0.547711
vt -0.961859 0.526183
vt 0.936597 -0.696283
vt 0.876584 -0.866893
vt 0.537246 -1.679876
vt 0.480631 -1.693549
vt -0.464376 -1.977674
vt -0.431267 -2.060568
vt 0.579457 -0.422378
vt 0.634269 -0.417522
vt 0.576779 -0.464376
vt -0.422378 -2.016152
vt 0.622048 -0.378373
vt -0.334105 -2.060602
vt 0.668111 -0.332256
vt 1.046087 0.141065
vt 0.939671 0.217576
vt 0.850995 0.251268
vt 1.058833 0.257578
vt 0.570260 0.247966
vt 0.616519 0.254412
vt 0.751882 0.291097
vt 1.105401 0.318710
vt 0.978593 0.333248
vt 0.498821 0.429214
vt 0.843755 0.359880
vt 0.414557 0.394624
vt 0.451384 0.422703
vt 0.605931 0.486972
vt 1.124620 0.415918
vt 0.898220 0.453411
vt 1.011521 0.451255
vt 1.169412 0.488277
vt 0.249934 0.482123
vt 0.640531 0.561065
vt 1.005436 0.539562
vt -0.138209 0.437009
vt 0.035487 0.458737
vt 0.145148 0.487359
vt 0.621921 0.622437
vt 1.194088 0.528722
vt 0.867131 0.560051
vt -0.200303 0.457704
vt -0.097917 0.492942
vt -0.017452 0.484308
vt 0.362190 0.634895
vt -1.194088 -1.796180
vt 0.402691 0.595137
vt -0.168091 0.521939
vt -0.298886 0.498569
vt -0.235676 0.543798
vt 0.854627 0.630753
vt -0.808509 1.680715
vt -0.824917 1.727200
vt -0.785764 1.726786
vt 0.121192 0.620078
vt 0.195952 0.636480
vt 0.648178 0.668805
vt -1.200095 1.471340
vt 1.471340 -1.685723
vt 1.441104 -1.640908
vt 1.393354 -1.663122
vt 1.509495 -1.690599
vt 1.479456 -1.648908
vt 1.429703 -1.672442
vt -1.121625 1.429703
vt -1.176223 1.494150
vt -1.144335 1.509495
vt -1.114955 1.479456
vt -1.116872 1.523472
vt 1.523472 -1.671572
vt 1.519430 -1.629240
vt 0.022460 0.648843
vt -1.518240 -1.655004
vt -1.559660 -1.634417
vt -1.562489 -1.674855
vt -1.557614 -1.659019
vt -1.600601 -1.637243
vt -1.604236 -1.678673
vt -0.997937 -1.604236
vt -0.932667 -1.648465
vt -1.597734 -1.660760
vt -1.642190 -1.637769
vt -1.648465 -1.682144
vt -1.638737 -1.660018
vt -1.684365 -1.635862
vt -1.697041 -1.686680
vt -0.872996 -1.638737
vt -0.861222 -1.697041
vt -0.893850 -1.678683
vt 1.176680 -0.582353
vt -0.063954 0.625034
vt 0.071277 0.638228
vt 1.146275 0.586805
vt 1.141950 0.586070
vt 1.137783 0.588558
vt 0.309930 -1.869347
vt 0.235676 -1.914381
vt -0.133305 0.623470
vt -1.397154 0.799666
vt -1.477589 0.816745
vt -1.454382 0.836035
vt -1.383997 0.460925
vt -0.309930 0.556339
vt -0.163905 0.658420
vt -1.074740 0.783807
vt -1.144386 0.834600
vt 0.120112 0.704408
vt 0.910493 -0.485743
vt 0.828692 -0.468082
vt 0.818632 -0.479055
vt 0.848439 -0.550945
vt -0.870638 1.262100
vt -0.790605 1.311505
vt -0.882657 1.310605
vt -0.814468 1.249757
vt -0.690730 0.986930
vt -0.610620 1.110005
vt -0.740125 1.062250
vt -0.561017 1.051685
vt -0.818632 1.385250
vt 0.804705 -0.481619
vt -0.804705 1.397580
vt 0.783859 -0.503737
vt -0.783859 1.377989
vt -0.768722 1.390268
vt -0.820387 1.354916
vt -0.848439 1.354123
vt 0.820387 -0.565781
vt 0.825237 -0.549445
vt 0.768722 -0.506021
vt 0.757865 -0.517073
vt -0.757865 1.379565
vt 0.796149 -0.563012
vt 0.741747 -0.518915
vt -0.741747 1.391271
vt -0.706249 1.419517
vt -0.676045 1.445989
vt -0.773749 1.364045
vt 0.773749 -0.577968
vt 0.730643 -0.530042
vt -0.730643 1.380068
vt -0.713875 1.391212
vt -0.675379 1.478264
vt -0.759911 1.354618
vt 0.713875 -0.531605
vt 0.759911 -0.593821
vt 0.702280 -0.542610
vt -0.702280 1.379446
vt 0.667150 -0.544757
vt -0.667150 1.399349
vt -0.791905 1.199910
vt -0.725433 1.272133
vt 0.705802 -0.604114
vt 0.710248 -0.585565
vt -0.636202 1.397884
vt -0.603093 1.475561
vt 0.603093 -0.503936
vt -0.693414 1.325579
vt -0.705802 1.363019
vt 0.654694 -0.555525
vt -0.654694 1.387712
vt 0.679849 -0.599348
vt 0.636202 -0.555941
vt -0.573436 1.434646
vt -0.655064 1.367204
vt 0.655064 -0.613896
vt 0.617031 -0.567849
vt -0.797072 1.132420
vt -0.699222 1.142012
vt -0.670269 1.234527
vt -0.617031 1.387096
vt -0.596176 1.305533
vt -0.638196 1.355860
vt 0.638196 -0.628296
vt 0.592507 -0.578052
vt -0.516815 1.475507
vt 0.553730 -0.577847
vt -0.592507 1.379813
vt -0.553730 1.396432
vt 0.590858 -0.620662
vt -0.583133 1.207182
vt -0.580458 1.359298
vt -0.590858 1.374351
vt 0.580458 -0.636433
vt 0.541104 -0.588645
vt -0.523701 1.360300
vt 0.500001 -0.587861
vt -0.541104 1.382778
vt -0.500001 1.399636
vt -0.452069 1.473910
vt -0.533675 1.376315
vt 0.533675 -0.628549
vt 0.523701 -0.644978
vt 0.489424 -0.598650
vt -0.460328 1.284589
vt -0.450353 1.366419
vt -0.362559 1.479038
vt 0.573436 -0.547477
vt -0.476632 1.377332
vt 0.476632 -0.636048
vt 0.449596 -0.597572
vt -0.489424 1.384709
vt -0.449596 1.399918
vt -0.372223 1.440671
vt -0.511679 1.007438
vt -0.455784 1.181130
vt -0.374964 1.353085
vt -0.431825 1.353458
vt 0.450353 -0.650402
vt 0.437086 -0.609052
vt 0.416756 -0.608323
vt -0.437086 1.385308
vt -0.416756 1.393573
vt 0.431825 -0.663020
vt 0.404993 -0.619903
vt -0.388487 1.149609
vt -0.386229 1.254974
vt -0.387467 1.371016
vt 0.387467 -0.655640
vt 0.365600 -0.619416
vt -0.404993 1.378496
vt -0.365600 1.394855
vt 0.374964 -0.671298
vt 0.353246 -0.631139
vt -0.273150 1.478178
vt -0.318340 1.354890
vt -0.331595 1.372215
vt 0.331595 -0.663269
vt -0.236437 1.315722
vt 0.307001 -0.639413
vt -0.353246 1.379709
vt -0.307001 1.386096
vt 0.273150 -0.584779
vt -0.245262 1.061225
vt -0.276358 1.369035
vt 0.318340 -0.678006
vt -0.191440 1.446894
vt -0.026349 -0.597211
vt -0.285987 0.885787
vt -0.240917 1.151315
vt 0.276358 -0.674761
vt 0.262567 -0.644316
vt -0.262567 1.397015
vt -0.225073 1.241933
vt -0.249170 1.381835
vt -0.209807 1.397868
vt 0.816745 0.430686
vt -1.418048 0.480835
vt -1.397154 0.452100
vt -0.235072 0.960072
vt -0.221902 1.373798
vt 0.221902 -0.678041
vt 0.249170 -0.655695
vt 0.209807 -0.657025
vt -0.202026 1.354068
vt -0.196515 1.381662
vt 0.202026 -0.693388
vt 0.157265 -0.669866
vt 0.196515 -0.667547
vt -0.157265 1.391921
vt -0.122791 1.478941
vt -0.138777 1.337409
vt -0.120138 1.431517
vt -0.207046 0.846958
vt -0.139542 1.193023
vt -0.140130 1.261233
vt -0.148296 0.983706
vt -0.154761 1.084615
vt -0.111409 1.382195
vt -0.073401 1.406336
vt -0.048981 1.465379
vt -0.045156 1.504548
vt -0.133266 0.900245
vt -0.070241 1.379437
vt -0.129344 0.813505
vt -0.059217 1.243402
vt -0.067854 1.302948
vt -0.080004 1.063779
vt -0.081019 1.142421
vt -0.053274 1.358175
vt -0.045359 1.383397
vt 0.019766 1.474826
vt -0.089466 0.731379
vt -0.067112 0.967663
vt -0.013780 1.158409
vt -0.006576 1.274524
vt -0.002087 1.367013
vt 0.021029 1.391927
vt 0.024623 1.431089
vt -0.036894 0.860312
vt -0.000394 1.002297
vt 0.030617 1.322198
vt -0.044965 0.662651
vt 0.052071 1.216152
vt 0.068871 1.369462
vt -0.005945 0.769620
vt 0.034656 1.108309
vt 0.074514 1.321556
vt 0.078321 1.390850
vt 0.088314 1.232129
vt 0.118649 1.476779
vt 0.040784 0.868994
vt 0.134280 1.380024
vt 0.016869 0.569768
vt 0.035752 0.661067
vt 0.068572 0.949910
vt 0.068375 1.070674
vt 0.142455 1.354516
vt 0.138841 1.397859
vt 0.153491 1.437427
vt 0.035289 0.754492
vt 0.111254 1.097131
vt 0.138933 1.272071
vt 0.161174 1.473778
vt -0.161174 -0.546476
vt 0.049626 0.549804
vt 0.100863 0.834672
vt 0.110714 0.967014
vt 0.149983 1.198810
vt -0.624969 1.354516
vt -0.607958 1.374345
vt -0.635507 1.380024
vt -0.621553 1.397859
vt 0.146317 1.374345
vt 0.186163 1.379770
vt 0.020900 0.439107
vt 0.026740 0.474351
vt 0.089770 0.602387
vt 0.097628 0.752068
vt 0.162819 1.098376
vt 0.184906 1.293571
vt 0.214798 1.429334
vt -0.535673 1.429334
vt -0.502501 1.476202
vt -0.546476 1.473778
vt 0.033741 0.415452
vt 0.039591 0.448349
vt 0.189560 1.395072
vt 0.220994 1.394955
vt 0.062292 0.279985
vt 0.072545 0.376363
vt 0.070812 0.464396
vt 0.148410 0.894824
vt 0.169394 1.001102
vt 0.210063 1.120312
vt 0.214023 1.202125
vt 0.231836 1.295776
vt 0.191591 1.355594
vt -0.586325 1.355594
vt -0.570717 1.371408
vt -0.600573 1.379770
vt -0.586466 1.395072
vt 0.193883 1.371408
vt 0.218527 1.380365
vt -0.487452 1.443133
vt 0.074695 0.433661
vt 0.110991 0.566789
vt -0.451667 1.492190
vt -0.558891 1.394955
vt -0.538826 1.383401
vt -0.572122 1.380365
vt -0.538731 1.375457
vt 0.221917 1.360726
vt 0.179490 0.809836
vt 0.146278 0.667451
vt -0.431653 1.438063
vt -0.418599 1.391433
vt -0.385379 1.380199
vt -0.466253 1.393167
vt -0.408166 1.382063
vt -0.378564 1.372899
vt -0.328482 0.395812
vt -0.323204 0.378564
vt -0.339335 0.385379
vt 0.323204 1.372899
vt 0.334392 1.363890
vt 0.339335 1.380199
vt -0.369814 1.363890
vt -0.490520 1.392044
vt -0.442091 1.392637
vt -0.431582 1.383499
vt -0.400455 1.374337
vt -0.317376 0.418599
vt -0.312631 0.400455
vt -0.328634 0.408166
vt 0.312631 1.374337
vt 0.324142 1.365225
vt 0.328634 1.382063
vt -0.391490 1.365225
vt -0.455489 1.384088
vt -0.423255 1.375278
vt -0.305502 0.442091
vt -0.301557 0.423255
vt -0.317245 0.431582
vt -0.313388 0.413941
vt -0.413941 1.366116
vt -0.479725 1.383406
vt -0.446438 1.374856
vt -0.292891 0.466253
vt -0.289834 0.446438
vt -0.305073 0.455489
vt -0.302054 0.437232
vt -0.437232 1.366214
vt -0.524917 1.395677
vt -0.504272 1.381122
vt -0.470419 1.373102
vt -0.279345 0.490520
vt -0.277481 0.470419
vt -0.292039 0.479725
vt -0.290038 0.460866
vt -0.460866 1.364863
vt -0.506060 1.377914
vt -0.251306 0.524917
vt -0.251106 0.506060
vt -0.278081 0.504272
vt -0.277364 0.485335
vt -0.485335 1.362186
vt -0.453572 1.261562
vt -0.220994 0.558891
vt -0.223161 0.538731
vt -0.249383 0.538826
vt 0.223161 1.375457
vt 0.250446 1.363802
vt 0.249383 1.383401
vt -0.519966 1.363802
vt -0.554691 1.360726
vt -0.486041 1.207461
vt -0.546461 1.272471
vt -0.450604 1.156109
vt 0.300194 1.272471
vt -0.518846 1.160225
vt 0.371952 1.150793
vt -0.464933 -0.450604
vt 0.300597 1.171797
vt -0.566091 1.150793
vt -0.506809 1.090698
vt -0.500143 1.050589
vt 0.520249 1.050589
vt 0.526205 1.104192
vt 0.464933 1.156109
vt 0.338617 1.047671
vt 0.383298 1.054507
vt 0.472562 0.999985
vt 0.232043 1.047665
vt 0.482149 1.016479
vt -0.555244 1.016479
vt 0.474055 1.090698
vt 0.528250 1.002638
vt 0.337846 0.949170
vt 0.242645 0.948849
vt 0.390601 0.951777
vt 0.476964 0.912680
vt 0.684832 0.915644
vt 0.537163 0.925188
vt 0.621831 0.915665
vt 0.217738 0.899388
vt 0.348229 0.828657
vt 0.518695 0.860185
vt 0.470295 0.824576
vt 0.688323 0.828630
vt 0.461773 0.761975
vt 0.655726 0.795164
vt 0.752691 0.778143
vt 0.246973 0.770546
vt 0.525772 0.784353
vt 0.635478 0.724653
vt 0.352998 0.716572
vt 0.506319 0.730258
vt 0.739960 0.692278
vt 0.217453 0.658549
vt 0.465584 0.682100
vt 0.800966 0.687401
vt 0.848832 0.666642
vt 0.357884 0.628709
vt 0.629574 0.602096
vt 0.707340 0.633928
vt 0.447703 0.620073
vt 0.523967 0.598069
vt 0.673416 0.613518
vt 0.805707 0.601770
vt 0.171516 0.567163
vt 0.237580 0.568768
vt 0.370341 0.564120
vt 0.452349 0.575395
vt 0.779867 0.568936
vt 0.862348 0.588917
vt -0.527358 0.588917
vt 0.430572 0.529953
vt 0.495269 0.547525
vt 0.637085 0.548942
vt 0.678330 0.555754
vt 0.728548 0.558222
vt 0.841025 0.554320
vt 0.908943 0.543528
vt 0.513607 0.480547
vt 0.647222 0.460555
vt 0.802253 0.466828
vt 0.875986 0.461433
vt 0.151690 0.471540
vt 0.218634 0.472811
vt 0.332687 0.471395
vt 0.428330 0.472113
vt 0.126147 0.437832
vt 0.201853 0.439048
vt 0.319032 0.437017
vt -0.218634 0.858131
vt -0.319032 0.767202
vt -0.332687 0.799744
vt -0.398002 0.725133
vt -0.428330 0.753924
vt -0.480146 0.694759
vt -0.513607 0.725808
vt 0.480146 0.445800
vt 0.524931 0.448026
vt 0.752273 0.466233
vt -0.549615 0.461433
vt 0.169432 0.388619
vt 0.227747 0.391044
vt 0.362794 0.391872
vt 0.398002 0.438196
vt 0.429997 0.400037
vt 0.493773 0.413726
vt -0.493773 0.698161
vt -0.610970 0.660749
vt -0.524931 0.724939
vt -0.647222 0.685840
vt -0.711802 0.618278
vt -0.752273 0.637729
vt -0.780586 0.580126
vt -0.802253 0.607876
vt -0.842397 0.536801
vt -0.875986 0.549615
vt -0.913468 0.475211
vt 0.913468 0.418707
vt 0.931936 0.450792
vt 0.368886 0.326147
vt 0.589853 0.347032
vt 0.610970 0.426080
vt 0.651237 0.361064
vt 0.705676 0.385726
vt 0.711802 0.432251
vt 0.778083 0.361168
vt 0.780586 0.432204
vt 0.827633 0.379226
vt 0.842397 0.428042
vt 0.880500 0.347050
vt 0.131846 0.285152
vt 0.217130 0.292103
vt 0.397748 0.280916
vt 0.471367 0.314665
vt 0.728751 0.282294
vt -0.532833 0.347050
vt 0.175154 0.213287
vt 0.355432 0.200847
vt 0.621717 0.246379
vt 0.827515 0.239625
vt 0.873313 0.244250
vt 0.467956 0.199812
vt 0.694250 0.197805
vt 0.791663 0.209862
vt 0.933615 0.267139
vt 0.123700 0.153386
vt 0.234755 0.161219
vt 0.608366 0.170432
vt 0.323881 0.099427
vt 0.753127 0.117397
vt 0.946047 0.135435
vt 0.176828 0.028480
vt 0.394766 0.067738
vt 0.602264 0.014109
vt 0.700986 0.071166
vt 0.854057 0.094429
vt 0.899243 0.114506
vt 0.471248 0.057524
vt 0.642027 0.021675
vt 0.741235 0.044851
vt 0.806621 0.075378
vt 0.220429 -0.017893
vt 0.328918 0.001664
vt 0.953849 0.068380
vt 0.132351 0.003744
vt 0.339367 -0.144738
vt 0.401359 -0.171909
vt 0.920826 -0.015901
vt -0.535392 0.068380
vt 0.818356 -0.088869
vt 0.858836 -0.070327
vt 0.895532 -0.062758
vt 0.965300 -0.089765
vt 0.708189 -0.134779
vt -0.552789 -0.089765
vt -0.566032 -0.200404
vt 0.935322 -0.180382
vt 0.967775 -0.200404
vt 0.945697 -0.340881
vt 0.885835 -0.215592
vt 0.893423 -0.356276
vt 0.913886 -0.468424
vt 0.771211 -0.121622
vt 0.843833 -0.329266
vt 0.929049 -0.551961
vt 0.945970 -0.661823
vt -0.945970 0.594436
vt 0.783420 -0.252828
vt 0.848997 -0.509246
vt 0.875271 -0.666693
vt 0.859566 -0.556194
vt -0.875271 0.646789
vt 0.783826 -0.449249
vt -0.831193 0.619989
vt 0.831193 -0.704414
vt 0.734822 -0.317090
vt 0.798901 -0.666228
vt 0.816601 -0.791911
vt 0.667495 -0.226969
vt 0.788460 -0.557385
vt -0.798901 0.690439
vt 0.704886 -0.436795
vt -0.775471 0.649570
vt 0.800891 -0.867278
vt 0.581023 -0.194787
vt 0.745428 -0.553781
vt 0.775471 -0.703641
vt 0.613009 -0.339012
vt -0.710307 0.677807
vt 0.738719 -0.771573
vt 0.710307 -0.699374
vt 0.734933 -0.868935
vt 0.659922 -0.539313
vt 0.686552 -0.654691
vt -0.686552 0.736633
vt 0.768815 -1.043368
vt 0.439077 -0.204004
vt 0.664344 -0.759438
vt 0.615933 -0.570634
vt 0.463139 -0.399612
vt 0.579628 -0.527513
vt -0.617113 0.707312
vt 0.617113 -0.686851
vt 0.608796 -0.721754
vt 0.650962 -0.873030
vt 0.711793 -1.062056
vt 0.639812 -0.648007
vt -0.639812 0.750694
vt 0.729487 -1.162388
vt 0.626594 -0.683573
vt -0.750694 -0.648007
vt -0.752226 -0.683573
vt -0.707312 -0.686851
vt -0.712808 -0.721754
vt 0.631838 -1.020714
vt 0.713017 -1.267586
vt 0.460670 -0.549176
vt -0.626594 0.752226
vt -0.567596 0.723482
vt -0.608796 0.712808
vt 0.565992 -0.866881
vt 0.669983 -1.349323
vt 0.364095 -0.240994
vt 0.620958 -1.128922
vt 0.448845 -0.650599
vt 0.628625 -1.399204
vt -0.448845 0.796228
vt 0.526076 -1.016282
vt 0.617472 -1.263785
vt -0.435693 0.754780
vt 0.435693 -0.688942
vt 0.426958 -0.723966
vt 0.567596 -0.714576
vt 0.457419 -0.807313
vt 0.383434 -0.534014
vt 0.241447 -0.300546
vt 0.439137 -0.869650
vt 0.482401 -1.181717
vt 0.370498 -0.578565
vt 0.436121 -0.685301
vt -0.796228 -0.650599
vt -0.797798 -0.685301
vt -0.754780 -0.688942
vt -0.760330 -0.723966
vt 0.495236 -1.258407
vt 0.575953 -1.356579
vt 0.594952 -1.481399
vt 0.249637 -0.433440
vt 0.305720 -0.524493
vt -0.436121 0.797798
vt -0.361842 0.781579
vt -0.426958 0.760330
vt 0.361842 -0.713434
vt 0.365233 -0.867275
vt 0.446015 -1.017522
vt 0.308250 -0.669559
vt -0.308250 0.838644
vt 0.448502 -1.136783
vt 0.482887 -1.307114
vt 0.504286 -1.478873
vt 0.488863 -1.543759
vt 0.489032 -1.369170
vt 0.496275 -1.424188
vt 0.276742 -0.567993
vt 0.261343 -0.702899
vt 0.293409 -0.771836
vt 0.375418 -1.038061
vt 0.490920 -1.588626
vt 0.158892 -0.225453
vt 0.197379 -0.548829
vt 0.474568 -1.657834
vt 0.505846 -1.669654
vt -0.494573 0.595401
vt 0.494573 -1.676772
vt 0.220664 -0.874252
vt 0.266007 -1.080994
vt 0.294954 -1.180615
vt 0.328118 -1.248142
vt 0.316347 -1.325578
vt 0.323049 -1.401349
vt -0.505846 0.640467
vt -0.640467 -1.669654
vt -0.594466 -1.693549
vt -0.595401 -1.676772
vt 0.174409 -0.750477
vt 0.363571 -1.501789
vt 0.342082 -1.561860
vt 0.345463 -1.591373
vt 0.478414 -1.676512
vt -0.478414 0.650139
vt -0.480631 0.594466
vt 0.434626 -1.677130
vt 0.440487 -1.695022
vt -0.440487 0.616518
vt 0.347082 -1.662553
vt 0.390489 -1.780851
vt -0.474568 0.666476
vt -0.329401 0.691792
vt -0.434626 0.628870
vt 0.329401 -1.681276
vt -0.347082 0.734760
vt 0.303213 -1.724304
vt -1.410768 0.752637
vt -1.514331 0.803075
vt 0.803075 0.385236
vt 0.282606 -1.526890
vt 0.300334 -1.770270
vt -0.857145 1.179778
vt -0.846084 1.029655
vt -0.812622 1.033487
vt -0.278569 0.712677
vt 0.299317 -1.652872
vt 0.271088 -1.820689
vt 0.163905 -1.843191
vt 0.171799 -1.801137
vt 0.278569 -1.695958
vt 0.204828 -1.735757
vt 0.305131 -1.672735
vt -0.305131 0.748702
vt 0.272236 -1.677681
vt 0.078074 -1.852287
vt -0.078074 0.684307
vt 0.260842 -1.610226
vt -0.299317 0.764829
vt -0.165414 0.767552
vt -0.272236 0.724479
vt 0.165414 -1.697488
vt 0.125091 -1.771817
vt 0.066367 -1.813144
vt -0.011126 0.694222
vt 0.186967 -1.673827
vt -0.186967 0.798061
vt 0.111713 -1.726132
vt 0.180242 -1.650930
vt 0.158067 -1.677614
vt 0.050488 -1.769617
vt -0.066367 0.726748
vt 0.011126 -1.860230
vt 0.061150 0.737290
vt 0.011900 0.753602
vt -0.061150 -1.831038
vt 0.093471 0.774150
vt 0.206434 0.710856
vt 0.197646 0.753580
vt -1.171949 -2.060549
s 0
f 781/1/1 782/2/1 939/3/1
f 2606/4/2 2602/5/2 2563/6/2
f 311/7/3 1530/8/3 322/9/3
f 435/10/4 1552/11/4 434/12/4
f 2609/13/5 189/14/5 2603/15/5
f 188/16/6 2600/17/6 2599/18/6
f 1019/19/7 2106/20/7 1012/21/7
f 2244/22/8 184/23/8 183/24/8
f 375/25/9 364/26/9 21/27/9
f 354/28/10 19/29/10 613/30/10
f 520/31/11 650/32/11 2091/33/11
f 461/34/12 2062/35/12 460/36/12
f 469/37/13 2065/38/13 468/39/13
f 476/40/14 2066/41/14 475/42/14
f 484/43/15 2066/41/15 483/44/15
f 492/45/16 2067/46/16 491/47/16
f 2040/48/17 2056/49/17 2052/50/17
f 538/51/18 653/52/18 539/53/18
f 171/54/19 2069/55/19 158/56/19
f 190/57/20 191/58/20 180/59/20
f 180/59/21 191/58/21 181/60/21
f 192/61/22 191/58/22 190/57/22
f 191/58/23 193/62/23 109/63/23
f 194/64/24 193/62/24 191/58/24
f 192/61/25 195/65/25 191/58/25
f 195/65/26 194/64/26 191/58/26
f 194/64/27 196/66/27 193/62/27
f 46/67/28 195/68/28 192/69/28
f 194/64/29 197/70/29 196/66/29
f 2244/22/30 2253/71/30 184/23/30
f 198/72/31 194/73/31 195/68/31
f 198/72/32 199/74/32 194/73/32
f 199/74/33 197/75/33 194/73/33
f 172/76/34 551/77/34 2098/78/34
f 199/74/35 200/79/35 197/75/35
f 492/45/36 2068/80/36 2067/46/36
f 551/77/37 552/81/37 2098/78/37
f 199/74/38 202/82/38 200/79/38
f 554/83/39 2097/84/39 2101/85/39
f 44/86/40 190/57/40 180/59/40
f 47/87/41 201/88/41 45/89/41
f 49/90/42 203/91/42 46/67/42
f 46/67/43 203/91/43 198/72/43
f 203/91/44 204/92/44 198/72/44
f 204/92/45 199/74/45 198/72/45
f 205/93/46 206/94/46 199/74/46
f 199/74/47 206/94/47 202/82/47
f 46/67/48 198/72/48 195/68/48
f 204/92/49 205/93/49 199/74/49
f 205/93/50 207/95/50 206/94/50
f 236/96/51 53/97/51 55/98/51
f 205/93/52 208/99/52 207/95/52
f 47/87/53 209/100/53 201/88/53
f 53/97/54 203/91/54 49/90/54
f 205/93/55 210/101/55 208/99/55
f 2140/102/56 825/103/56 2138/104/56
f 204/92/57 212/105/57 205/93/57
f 212/105/58 210/101/58 205/93/58
f 47/87/59 214/106/59 209/100/59
f 214/106/60 215/107/60 209/100/60
f 209/100/61 215/107/61 211/108/61
f 212/105/62 216/109/62 210/101/62
f 216/109/63 217/110/63 210/101/63
f 210/111/64 217/112/64 213/113/64
f 1513/114/65 1524/115/65 1518/116/65
f 1547/117/66 328/118/66 1546/119/66
f 53/97/67 218/120/67 203/91/67
f 218/120/68 204/92/68 203/91/68
f 216/109/69 219/121/69 217/110/69
f 311/122/70 322/123/70 1509/124/70
f 322/123/71 318/125/71 1492/126/71
f 935/127/72 932/128/72 933/129/72
f 214/106/73 220/130/73 215/107/73
f 224/131/74 212/105/74 204/92/74
f 216/109/75 221/132/75 219/121/75
f 887/133/76 933/129/76 930/134/76
f 887/133/72 884/135/72 686/136/72
f 933/129/72 887/133/72 686/136/72
f 934/137/77 935/127/77 933/129/77
f 884/135/78 886/138/78 686/136/78
f 51/139/79 222/140/79 48/141/79
f 222/140/80 47/87/80 48/141/80
f 218/120/81 224/131/81 204/92/81
f 224/131/82 225/142/82 212/105/82
f 225/142/83 216/109/83 212/105/83
f 216/143/84 226/144/84 221/145/84
f 932/128/76 931/146/76 933/129/76
f 886/138/85 884/135/85 882/147/85
f 931/146/72 930/134/72 933/129/72
f 926/148/86 886/138/86 882/147/86
f 918/149/87 925/150/87 926/148/87
f 918/149/88 160/151/88 925/150/88
f 916/152/89 882/147/89 884/135/89
f 926/148/90 882/147/90 918/149/90
f 860/153/91 918/149/91 866/154/91
f 918/149/72 882/147/72 866/154/72
f 214/106/92 227/155/92 220/130/92
f 227/156/93 223/157/93 220/158/93
f 236/96/94 228/159/94 53/97/94
f 228/159/95 218/120/95 53/97/95
f 225/142/96 229/160/96 216/109/96
f 216/109/97 230/161/97 226/162/97
f 877/163/98 861/164/98 860/153/98
f 878/165/99 877/163/99 860/153/99
f 862/166/100 878/165/100 860/153/100
f 879/167/101 862/166/101 859/168/101
f 941/169/102 879/167/102 859/168/102
f 940/170/103 941/169/103 859/168/103
f 874/171/104 940/170/104 859/168/104
f 513/172/105 874/171/105 859/168/105
f 499/173/106 513/172/106 467/174/106
f 238/175/107 52/176/107 906/177/107
f 232/178/108 51/139/108 52/176/108
f 233/179/109 222/140/109 51/139/109
f 474/180/110 482/181/110 467/174/110
f 450/182/105 871/183/105 448/184/105
f 871/183/111 859/168/111 448/184/111
f 450/182/112 870/185/112 871/183/112
f 238/175/113 232/178/113 52/176/113
f 232/178/114 233/179/114 51/139/114
f 47/87/115 234/186/115 214/106/115
f 234/186/116 227/155/116 214/106/116
f 227/156/117 235/187/117 223/157/117
f 229/160/118 230/161/118 216/109/118
f 230/188/119 237/189/119 231/190/119
f 445/191/120 448/184/120 859/168/120
f 867/192/121 445/191/121 859/168/121
f 866/154/122 433/193/122 867/192/122
f 7/194/123 864/195/123 865/196/123
f 654/197/124 864/195/124 7/194/124
f 852/198/125 851/199/125 7/194/125
f 7/194/126 865/196/126 866/154/126
f 740/200/127 238/175/127 906/177/127
f 222/140/128 234/186/128 47/87/128
f 230/161/129 239/201/129 237/202/129
f 239/203/130 240/204/130 237/205/130
f 852/198/131 7/194/131 866/154/131
f 852/198/132 866/154/132 882/147/132
f 58/206/133 851/199/133 852/198/133
f 2102/207/134 58/206/134 853/208/134
f 850/209/135 853/208/135 852/198/135
f 855/210/136 850/209/136 852/198/136
f 854/211/72 855/210/72 852/198/72
f 44/86/72 854/211/72 852/198/72
f 190/57/121 44/86/121 852/198/121
f 234/186/137 241/212/137 227/155/137
f 241/213/138 235/187/138 227/156/138
f 225/142/139 242/214/139 229/160/139
f 239/201/140 243/215/140 240/216/140
f 45/217/72 190/57/72 852/198/72
f 192/61/72 190/57/72 45/217/72
f 46/218/141 192/61/141 45/217/141
f 49/219/132 46/218/132 45/217/132
f 53/220/72 49/219/72 45/217/72
f 228/159/142 244/221/142 218/120/142
f 218/120/143 245/222/143 224/131/143
f 229/160/144 246/223/144 230/161/144
f 246/223/145 239/201/145 230/161/145
f 239/224/146 247/225/146 243/226/146
f 247/227/147 248/228/147 243/229/147
f 55/230/72 53/220/72 13/231/72
f 53/220/72 50/232/72 13/231/72
f 853/208/148 58/206/148 852/198/148
f 45/217/72 852/198/72 882/147/72
f 53/220/149 45/217/149 50/232/149
f 234/186/150 249/233/150 241/212/150
f 241/213/151 249/234/151 235/187/151
f 249/233/152 54/235/152 235/236/152
f 56/237/153 266/238/153 55/98/153
f 224/131/154 245/222/154 225/142/154
f 242/214/155 246/223/155 229/160/155
f 239/201/156 250/239/156 247/240/156
f 250/241/157 251/242/157 247/227/157
f 247/240/158 251/243/158 248/244/158
f 917/245/159 45/217/159 883/246/159
f 866/154/160 867/192/160 859/168/160
f 55/230/161 223/247/161 54/248/161
f 56/249/162 55/230/162 252/250/162
f 233/179/163 263/251/163 222/140/163
f 266/238/164 236/96/164 55/98/164
f 244/221/165 245/222/165 218/120/165
f 245/222/166 242/214/166 225/142/166
f 246/223/167 250/239/167 239/201/167
f 250/239/168 253/252/168 251/243/168
f 54/248/169 252/250/169 55/230/169
f 13/231/170 223/247/170 55/230/170
f 859/168/171 467/174/171 513/172/171
f 50/232/172 211/253/172 13/231/172
f 862/166/173 860/153/173 859/168/173
f 467/174/174 482/181/174 499/173/174
f 859/168/175 860/153/175 866/154/175
f 885/254/72 45/217/72 917/245/72
f 47/255/72 45/217/72 885/254/72
f 48/256/105 47/255/105 885/254/105
f 51/257/76 48/256/76 936/258/76
f 238/175/176 255/259/176 232/178/176
f 234/186/177 256/260/177 249/233/177
f 256/261/178 257/262/178 249/263/178
f 257/264/179 54/265/179 249/234/179
f 54/235/180 258/266/180 252/267/180
f 236/96/181 259/268/181 228/159/181
f 250/269/182 260/270/182 253/271/182
f 260/272/183 261/273/183 253/274/183
f 52/275/72 51/257/72 936/258/72
f 906/276/72 52/275/72 936/258/72
f 907/277/184 906/276/184 937/278/184
f 255/259/185 233/179/185 232/178/185
f 263/251/186 264/279/186 222/140/186
f 264/279/187 234/186/187 222/140/187
f 257/280/188 265/281/188 54/235/188
f 265/281/189 258/266/189 54/235/189
f 228/159/190 259/268/190 244/221/190
f 242/214/191 267/282/191 246/223/191
f 267/282/192 250/239/192 246/223/192
f 250/269/193 268/283/193 260/270/193
f 268/284/194 269/285/194 260/272/194
f 260/286/195 269/287/195 261/288/195
f 906/276/121 936/258/121 937/278/121
f 936/258/72 48/256/72 885/254/72
f 882/147/196 883/246/196 45/217/196
f 885/254/197 680/289/197 936/258/197
f 937/278/198 939/290/198 938/291/198
f 939/290/199 782/292/199 783/293/199
f 783/293/200 938/291/200 939/290/200
f 255/259/201 263/251/201 233/179/201
f 264/279/202 271/294/202 234/186/202
f 234/186/203 271/294/203 256/260/203
f 271/295/204 257/262/204 256/261/204
f 265/281/205 272/296/205 258/266/205
f 272/296/206 273/297/206 258/266/206
f 258/266/207 273/297/207 56/237/207
f 273/297/208 266/238/208 56/237/208
f 266/238/209 274/298/209 236/96/209
f 274/298/210 259/268/210 236/96/210
f 244/221/211 275/299/211 245/222/211
f 245/222/212 276/300/212 242/214/212
f 276/300/213 267/282/213 242/214/213
f 267/282/214 268/301/214 250/239/214
f 268/301/215 277/302/215 269/287/215
f 277/302/216 137/303/216 269/287/216
f 800/304/217 836/305/217 781/306/217
f 2263/307/218 849/308/218 847/309/218
f 271/294/219 278/310/219 257/280/219
f 278/310/220 265/281/220 257/280/220
f 2240/311/221 847/309/221 2241/312/221
f 259/268/222 279/313/222 244/221/222
f 279/313/223 275/299/223 244/221/223
f 275/299/224 276/300/224 245/222/224
f 268/283/225 280/314/225 277/315/225
f 280/316/226 281/317/226 277/318/226
f 277/319/227 281/320/227 137/321/227
f 784/322/228 773/323/228 549/324/228
f 772/325/229 767/326/229 558/327/229
f 767/326/230 1585/328/230 558/327/230
f 1585/328/231 578/329/231 604/330/231
f 578/329/232 577/331/232 569/332/232
f 2232/333/233 2241/334/233 846/335/233
f 255/259/234 282/336/234 263/251/234
f 271/295/235 283/337/235 278/338/235
f 283/339/236 265/340/236 278/341/236
f 267/282/237 284/342/237 268/301/237
f 284/343/238 285/344/238 268/283/238
f 268/283/239 285/344/239 280/314/239
f 285/345/240 281/317/240 280/316/240
f 577/331/241 576/346/241 569/332/241
f 604/330/242 578/329/242 605/347/242
f 558/327/243 1585/328/243 604/330/243
f 773/323/244 772/325/244 557/348/244
f 282/336/245 264/279/245 263/251/245
f 264/349/246 287/350/246 271/295/246
f 287/351/247 283/352/247 271/294/247
f 2179/353/248 830/354/248 2193/355/248
f 274/298/249 279/313/249 259/268/249
f 279/313/250 288/356/250 275/299/250
f 276/300/251 289/357/251 267/282/251
f 289/358/252 284/343/252 267/359/252
f 285/360/253 290/361/253 281/362/253
f 290/361/254 291/363/254 281/362/254
f 802/364/255 801/365/255 111/366/255
f 792/367/256 784/322/256 42/368/256
f 42/368/257 784/322/257 549/324/257
f 772/325/258 558/327/258 557/348/258
f 578/329/259 569/332/259 605/347/259
f 557/348/260 549/324/260 773/323/260
f 549/324/261 542/369/261 42/368/261
f 282/370/262 293/371/262 264/349/262
f 293/371/263 287/350/263 264/349/263
f 283/339/264 294/372/264 265/340/264
f 2158/373/265 2193/374/265 825/103/265
f 273/297/266 295/375/266 266/238/266
f 266/238/267 295/375/267 274/298/267
f 285/344/268 296/376/268 290/377/268
f 296/378/269 297/379/269 290/380/269
f 290/381/270 297/382/270 291/383/270
f 270/384/271 262/385/271 254/386/271
f 42/368/272 270/384/272 792/367/272
f 792/367/229 254/386/229 170/387/229
f 792/367/273 270/384/273 254/386/273
f 792/367/274 170/387/274 169/388/274
f 801/365/275 792/367/275 111/366/275
f 170/387/276 811/389/276 169/388/276
f 792/367/277 810/390/277 111/366/277
f 792/367/278 169/388/278 810/390/278
f 169/388/279 609/391/279 810/390/279
f 10/392/280 327/393/280 326/394/280
f 10/392/281 326/394/281 152/395/281
f 810/390/282 10/392/282 152/395/282
f 152/395/283 324/396/283 323/397/283
f 2152/398/284 825/103/284 2140/102/284
f 295/375/285 298/399/285 274/298/285
f 274/298/286 299/400/286 279/313/286
f 299/400/287 288/356/287 279/313/287
f 288/356/288 857/401/288 275/299/288
f 275/299/289 857/401/289 276/300/289
f 857/401/290 289/357/290 276/300/290
f 873/402/291 284/343/291 289/358/291
f 810/390/292 152/395/292 109/403/292
f 151/404/293 152/395/293 150/405/293
f 152/395/294 323/397/294 150/405/294
f 810/390/295 109/403/295 111/366/295
f 802/364/296 111/366/296 116/406/296
f 111/366/297 109/403/297 110/407/297
f 111/366/298 110/407/298 59/408/298
f 802/364/299 116/406/299 134/409/299
f 111/366/300 59/408/300 60/410/300
f 802/364/301 134/409/301 67/411/301
f 1676/412/302 802/364/302 291/413/302
f 802/364/303 67/411/303 68/414/303
f 802/364/304 69/415/304 261/416/304
f 802/364/305 68/414/305 69/415/305
f 287/350/306 301/417/306 283/337/306
f 1591/418/307 1585/419/307 767/420/307
f 302/421/308 285/344/308 284/343/308
f 285/344/309 303/422/309 296/376/309
f 303/423/310 304/424/310 296/378/310
f 296/425/311 304/426/311 297/382/311
f 304/427/312 43/428/312 297/429/312
f 109/403/313 152/395/313 151/404/313
f 802/364/314 261/416/314 137/430/314
f 111/366/315 112/431/315 113/432/315
f 113/432/316 61/433/316 114/434/316
f 848/435/317 603/436/317 2193/374/317
f 849/308/318 848/435/318 2193/374/318
f 298/399/319 299/400/319 274/298/319
f 873/402/320 302/421/320 284/343/320
f 302/421/321 303/422/321 285/344/321
f 2193/374/322 830/437/322 849/308/322
f 303/438/323 895/439/323 304/427/323
f 895/439/324 905/440/324 304/427/324
f 304/427/325 905/440/325 43/428/325
f 845/441/326 2241/312/326 847/309/326
f 847/309/327 830/437/327 845/441/327
f 849/308/328 830/437/328 847/309/328
f 603/436/327 825/103/327 2193/374/327
f 2138/104/303 915/442/303 568/443/303
f 109/63/329 151/444/329 181/60/329
f 454/445/330 453/446/330 2060/447/330
f 590/448/331 155/449/331 2579/450/331
f 1031/451/332 1050/452/332 38/453/332
f 18/454/333 20/455/333 624/456/333
f 2100/457/334 2101/85/334 2094/458/334
f 238/175/335 740/200/335 836/459/335
f 2618/460/336 2617/461/336 1784/462/336
f 306/463/337 851/199/337 58/206/337
f 851/199/338 306/463/338 305/464/338
f 306/463/339 307/465/339 305/464/339
f 58/466/340 2102/467/340 306/468/340
f 1498/469/341 317/470/341 1493/471/341
f 1492/472/342 318/473/342 1498/469/342
f 328/118/343 1542/474/343 1546/119/343
f 1532/475/344 1535/476/344 313/477/344
f 313/477/345 1529/478/345 1532/475/345
f 1529/478/346 313/477/346 1528/479/346
f 938/291/347 907/277/347 937/278/347
f 308/480/348 57/481/348 301/417/348
f 312/482/349 850/209/349 855/210/349
f 314/483/350 854/211/350 44/86/350
f 854/211/351 314/483/351 855/210/351
f 314/483/352 315/484/352 855/210/352
f 855/210/353 315/484/353 312/482/353
f 312/482/354 316/485/354 850/209/354
f 315/484/355 319/486/355 312/482/355
f 312/482/356 319/486/356 316/485/356
f 301/487/357 57/488/357 294/372/357
f 294/372/358 283/339/358 301/487/358
f 272/296/359 265/281/359 294/489/359
f 180/59/360 181/60/360 314/483/360
f 181/60/361 320/490/361 314/483/361
f 314/483/362 320/490/362 315/484/362
f 320/490/363 321/491/363 315/484/363
f 315/484/364 321/491/364 319/486/364
f 133/492/365 134/409/365 116/406/365
f 915/442/259 2138/104/259 825/103/259
f 151/444/366 150/493/366 181/60/366
f 150/493/367 323/494/367 320/490/367
f 323/494/368 324/495/368 320/490/368
f 320/490/369 324/495/369 321/491/369
f 321/491/370 325/496/370 319/486/370
f 915/442/259 825/103/259 1676/412/259
f 41/497/371 568/443/371 300/498/371
f 152/499/372 326/500/372 321/491/372
f 326/500/373 327/501/373 325/496/373
f 923/502/374 929/503/374 286/504/374
f 924/505/375 923/502/375 292/506/375
f 300/498/376 924/505/376 292/506/376
f 300/498/377 292/506/377 41/497/377
f 1676/412/378 43/507/378 915/442/378
f 286/504/379 929/503/379 928/508/379
f 825/103/380 603/436/380 1676/412/380
f 111/366/381 113/432/381 114/434/381
f 802/364/382 137/430/382 291/413/382
f 111/366/383 114/434/383 115/509/383
f 116/406/384 111/366/384 115/509/384
f 115/509/385 63/510/385 64/511/385
f 115/509/386 64/511/386 116/406/386
f 116/406/387 65/512/387 133/492/387
f 248/513/388 69/415/388 68/414/388
f 136/514/389 240/515/389 68/414/389
f 67/411/390 136/514/390 68/414/390
f 134/409/391 66/516/391 135/517/391
f 135/517/392 67/411/392 134/409/392
f 1676/412/393 291/413/393 43/507/393
f 301/417/394 287/350/394 308/480/394
f 11/518/395 329/519/395 172/520/395
f 342/521/396 14/522/396 17/523/396
f 346/524/397 342/525/397 17/526/397
f 262/385/398 20/527/398 254/386/398
f 374/528/399 20/527/399 262/385/399
f 364/26/400 360/529/400 623/530/400
f 385/531/401 375/25/401 627/532/401
f 406/533/402 393/534/402 29/535/402
f 414/536/403 404/537/403 42/538/403
f 149/539/404 631/540/404 634/541/404
f 1552/542/405 435/543/405 429/544/405
f 655/545/406 430/546/406 424/547/406
f 639/548/407 440/549/407 434/550/407
f 447/551/408 446/552/408 449/553/408
f 453/446/409 452/554/409 2060/447/409
f 2065/38/410 469/37/410 460/36/410
f 2062/35/411 461/34/411 454/555/411
f 860/556/412 160/557/412 159/558/412
f 2066/41/413 476/40/413 468/39/413
f 861/559/414 161/560/414 160/557/414
f 2066/41/415 484/43/415 475/42/415
f 492/561/416 483/562/416 641/563/416
f 2075/564/417 501/565/417 492/561/417
f 509/566/418 501/565/418 2088/567/418
f 2093/568/419 539/569/419 527/570/419
f 2093/568/420 545/571/420 538/572/420
f 546/573/421 528/574/421 2097/84/421
f 2098/78/422 552/81/422 544/575/422
f 154/576/423 1549/577/423 1548/578/423
f 155/579/424 590/580/424 1551/581/424
f 596/582/425 614/583/425 580/584/425
f 1/585/426 946/586/426 541/587/426
f 671/588/427 916/589/427 884/590/427
f 948/591/428 1553/592/428 568/443/428
f 534/593/429 2579/450/429 626/594/429
f 2572/595/430 625/596/430 534/593/430
f 625/596/431 606/597/431 595/598/431
f 2572/595/432 534/593/432 2575/599/432
f 2575/599/331 534/593/331 626/594/331
f 590/448/433 2579/450/433 107/600/433
f 625/596/434 595/598/434 534/593/434
f 589/601/435 590/448/435 1548/602/435
f 107/600/436 2579/450/436 534/593/436
f 595/598/434 541/603/434 534/593/434
f 533/604/437 107/600/437 534/593/437
f 107/600/438 108/605/438 532/606/438
f 292/607/439 286/608/439 142/609/439
f 292/607/440 142/609/440 107/600/440
f 107/600/441 142/609/441 71/610/441
f 532/606/442 292/607/442 107/600/442
f 107/600/331 71/610/331 141/611/331
f 590/448/331 107/600/331 141/611/331
f 70/612/443 875/613/443 71/610/443
f 875/613/444 141/611/444 71/610/444
f 141/611/445 1540/614/445 590/448/445
f 1540/614/446 1545/615/446 590/448/446
f 590/448/447 1545/615/447 579/616/447
f 579/616/448 1548/602/448 590/448/448
f 589/601/449 1548/602/449 1549/617/449
f 1050/452/450 635/618/450 629/619/450
f 635/618/451 632/620/451 629/619/451
f 632/620/452 14/621/452 629/619/452
f 632/620/453 627/622/453 21/623/453
f 17/526/454 14/621/454 632/620/454
f 21/623/455 623/624/455 17/526/455
f 21/623/456 17/526/456 632/620/456
f 2106/20/457 1031/451/457 38/453/457
f 1050/452/458 629/619/458 38/453/458
f 2104/625/459 2106/20/459 38/453/459
f 629/619/460 37/626/460 38/453/460
f 29/627/461 629/619/461 14/621/461
f 631/628/462 29/627/462 5/629/462
f 2105/630/463 5/629/463 29/627/463
f 633/631/451 2105/630/451 29/627/451
f 630/632/464 633/631/464 29/627/464
f 15/633/451 630/632/451 29/627/451
f 634/634/465 631/628/465 5/629/465
f 628/635/458 630/632/458 15/633/458
f 624/456/466 628/635/466 18/454/466
f 29/627/453 14/621/453 6/636/453
f 612/637/467 18/454/467 15/633/467
f 15/633/468 29/627/468 810/638/468
f 609/639/469 15/633/469 810/638/469
f 6/636/451 810/638/451 29/627/451
f 10/640/470 810/638/470 6/636/470
f 9/641/471 10/640/471 8/642/471
f 853/208/472 316/485/472 8/642/472
f 2102/207/473 853/208/473 8/642/473
f 316/485/450 9/641/450 8/642/450
f 6/636/474 14/621/474 636/643/474
f 14/621/475 16/644/475 611/645/475
f 8/642/476 10/640/476 6/636/476
f 636/643/474 14/621/474 2089/646/474
f 654/197/477 7/194/477 655/647/477
f 7/194/478 6/636/478 636/643/478
f 16/644/479 613/648/479 622/649/479
f 613/648/480 19/650/480 622/649/480
f 19/650/481 621/651/481 622/649/481
f 622/649/482 620/652/482 16/644/482
f 1552/542/483 655/647/483 7/194/483
f 7/194/484 636/643/484 1552/542/484
f 639/548/485 636/643/485 2089/646/485
f 443/653/486 640/654/486 639/548/486
f 620/652/487 611/645/487 16/644/487
f 611/645/488 610/655/488 2098/656/488
f 14/621/489 611/645/489 2098/656/489
f 14/621/482 2098/656/482 2093/657/482
f 610/655/490 594/658/490 2098/656/490
f 594/658/491 331/659/491 11/518/491
f 443/653/492 639/548/492 642/660/492
f 639/548/453 2089/646/453 642/660/453
f 449/553/493 443/653/493 641/563/493
f 443/653/451 642/660/451 2067/661/451
f 2089/646/472 651/662/472 2097/84/472
f 443/653/451 2067/661/451 641/563/451
f 642/660/453 2089/646/453 2097/84/453
f 451/663/494 449/553/494 2061/664/494
f 2061/664/495 449/553/495 2065/665/495
f 449/553/453 2066/666/453 2065/665/453
f 2060/447/496 451/663/496 2062/667/496
f 2061/664/497 2062/667/497 451/663/497
f 2067/661/451 2068/668/451 641/563/451
f 641/563/453 2066/666/453 449/553/453
f 2074/669/498 642/660/498 2092/670/498
f 651/662/499 652/671/499 2101/85/499
f 2075/564/500 2074/669/500 2088/567/500
f 2092/670/501 642/660/501 2097/84/501
f 652/671/502 2094/458/502 2101/85/502
f 2092/670/503 2088/567/503 2074/669/503
f 2101/85/504 2097/84/504 651/662/504
f 553/672/505 2099/673/505 2096/674/505
f 2100/457/506 653/52/506 2096/674/506
f 2099/673/507 2100/457/507 2096/674/507
f 2094/458/508 653/52/508 2100/457/508
f 281/362/509 291/363/509 137/303/509
f 230/161/510 231/675/510 135/676/510
f 237/202/511 240/216/511 136/677/511
f 226/678/512 66/679/512 134/680/512
f 219/121/513 221/132/513 133/681/513
f 217/682/514 65/683/514 116/684/514
f 210/101/515 213/685/515 116/686/515
f 63/687/516 115/688/516 207/689/516
f 206/94/517 207/95/517 114/690/517
f 113/691/518 112/692/518 200/693/518
f 61/694/519 113/695/519 200/696/519
f 197/697/520 200/698/520 111/366/520
f 59/699/521 110/700/521 193/62/521
f 414/536/522 42/538/522 542/701/522
f 964/702/523 558/703/523 604/704/523
f 693/705/524 712/706/524 936/707/524
f 695/708/525 933/709/525 686/710/525
f 680/711/526 683/712/526 936/707/526
f 683/712/527 693/705/527 936/707/527
f 670/713/528 675/714/528 885/715/528
f 673/716/529 676/717/529 926/718/529
f 160/557/530 673/716/530 925/719/530
f 882/720/531 670/713/531 883/721/531
f 2614/722/532 525/723/532 940/170/532
f 458/724/533 459/725/533 859/168/533
f 456/726/534 457/727/534 871/728/534
f 457/727/535 458/729/535 871/728/535
f 427/730/536 428/731/536 865/196/536
f 455/732/537 456/726/537 870/733/537
f 426/734/538 427/730/538 864/195/538
f 453/735/539 455/732/539 870/733/539
f 447/551/540 450/182/540 448/184/540
f 305/464/541 7/194/541 851/199/541
f 209/100/542 211/108/542 50/736/542
f 50/737/543 45/738/543 201/739/543
f 71/740/544 919/741/544 70/742/544
f 533/743/545 942/744/545 107/745/545
f 286/608/546 928/746/546 927/747/546
f 534/748/547 946/749/547 943/750/547
f 957/751/548 951/752/548 557/753/548
f 961/754/549 956/755/549 557/753/549
f 646/756/451 2076/757/451 645/758/451
f 2083/759/451 2084/760/451 647/761/451
f 2080/762/451 2081/763/451 645/758/451
f 648/764/451 2079/765/451 647/761/451
f 2084/760/451 648/764/451 647/761/451
f 2078/766/451 644/767/451 2070/768/451
f 2077/769/451 2078/766/451 643/770/451
f 2082/771/451 649/772/451 650/773/451
f 643/770/451 2078/766/451 2070/768/451
f 2091/774/451 649/772/451 2090/775/451
f 157/776/550 73/777/550 156/778/550
f 1541/779/551 1547/780/551 1546/781/551
f 1551/782/552 1550/783/552 591/784/552
f 1596/785/553 767/420/553 772/786/553
f 1604/787/554 773/788/554 784/789/554
f 1636/790/555 801/791/555 802/792/555
f 538/572/556 539/569/556 2093/568/556
f 2623/793/557 2006/794/557 2005/795/557
f 2625/796/558 2016/797/558 2015/798/558
f 553/799/559 2096/800/559 545/801/559
f 1101/802/560 632/803/560 635/804/560
f 385/531/561 627/532/561 632/803/561
f 416/805/562 38/806/562 37/807/562
f 406/808/563 37/626/563 629/619/563
f 346/809/564 354/28/564 613/30/564
f 353/810/565 612/811/565 811/812/565
f 811/812/566 170/813/566 353/810/566
f 14/522/567 342/521/567 16/814/567
f 811/389/568 612/815/568 15/816/568
f 1541/817/569 1538/818/569 1547/819/569
f 1538/818/570 1536/820/570 1547/819/570
f 1547/819/571 1536/820/571 311/7/571
f 1536/820/572 1530/8/572 311/7/572
f 1520/821/573 1516/822/573 322/9/573
f 1516/822/574 317/823/574 322/9/574
f 322/9/575 317/823/575 318/824/575
f 1525/825/576 1520/821/576 322/9/576
f 322/9/577 1530/8/577 1525/825/577
f 1547/819/578 311/7/578 313/826/578
f 311/7/579 1519/827/579 1518/828/579
f 1528/829/580 313/826/580 311/7/580
f 1514/830/581 1518/828/581 1519/827/581
f 1518/828/578 1524/831/578 311/7/578
f 1524/831/582 1523/832/582 311/7/582
f 1547/819/578 313/826/578 1535/833/578
f 1547/819/583 1535/833/583 1540/614/583
f 1540/614/584 141/611/584 1547/819/584
f 141/611/575 310/834/575 308/835/575
f 310/834/585 309/836/585 308/835/585
f 1523/832/586 1528/829/586 311/7/586
f 1547/819/587 141/611/587 308/835/587
f 309/836/588 856/837/588 308/835/588
f 308/835/589 856/837/589 57/838/589
f 856/837/572 298/399/572 57/838/572
f 298/399/572 295/375/572 57/838/572
f 57/838/590 295/375/590 294/489/590
f 295/375/591 273/297/591 272/296/591
f 272/296/586 294/489/586 295/375/586
f 293/839/592 1547/819/592 287/351/592
f 1547/819/587 293/839/587 282/336/587
f 836/459/593 328/840/593 238/175/593
f 781/1/594 836/459/594 938/841/594
f 783/842/595 781/1/595 938/841/595
f 782/2/596 781/1/596 783/842/596
f 760/843/597 938/841/597 836/459/597
f 740/200/598 760/843/598 836/459/598
f 255/259/599 238/175/599 328/840/599
f 308/835/600 287/351/600 1547/819/600
f 282/336/585 255/259/585 1547/819/585
f 999/844/601 149/539/601 5/845/601
f 2172/846/602 22/847/602 2176/848/602
f 319/486/603 325/496/603 316/485/603
f 325/496/604 327/501/604 9/641/604
f 850/209/605 316/485/605 853/208/605
f 305/464/606 307/465/606 7/194/606
f 306/463/607 2102/207/607 8/642/607
f 1083/849/608 635/804/608 1050/850/608
f 2252/851/609 2244/22/609 183/24/609
f 189/14/610 2609/13/610 2567/852/610
f 2611/853/611 189/14/611 2567/852/611
f 2612/854/612 2611/853/612 2567/852/612
f 2609/13/613 2608/855/613 2607/856/613
f 2609/13/612 2607/856/612 2567/852/612
f 2095/857/611 2612/854/611 2566/858/611
f 2602/5/614 188/859/614 2598/860/614
f 188/859/615 2602/5/615 2606/4/615
f 2607/856/616 4/861/616 2570/862/616
f 2570/862/611 2569/863/611 2607/856/611
f 2607/856/611 188/859/611 4/861/611
f 2607/856/612 2569/863/612 2567/852/612
f 2612/854/611 2567/852/611 2566/858/611
f 188/859/617 2606/4/617 4/861/617
f 2073/864/612 2095/857/612 2566/858/612
f 2055/865/611 2073/864/611 2579/866/611
f 2056/867/611 2055/865/611 153/868/611
f 2052/869/612 2056/867/612 153/868/612
f 2050/870/618 2052/869/618 153/868/618
f 154/576/619 2050/870/619 157/871/619
f 157/871/620 156/872/620 154/576/620
f 2073/864/612 2566/858/612 2176/848/612
f 2050/870/621 153/868/621 157/871/621
f 153/868/611 2055/865/611 2579/866/611
f 155/873/612 153/868/612 2579/866/612
f 2073/864/622 2580/874/622 2579/866/622
f 2176/848/623 22/847/623 2073/864/623
f 2196/875/624 2176/848/624 183/24/624
f 2207/876/612 2196/875/612 183/24/612
f 2233/877/612 2207/876/612 183/24/612
f 182/878/625 2233/877/625 183/24/625
f 182/878/626 183/24/626 184/23/626
f 186/879/612 2176/848/612 2439/880/612
f 186/879/627 183/24/627 2176/848/627
f 2580/874/611 2073/864/611 2582/881/611
f 2073/864/615 22/847/615 2582/881/615
f 186/879/628 185/882/628 183/24/628
f 187/883/612 2439/880/612 2566/858/612
f 2566/858/611 2439/880/611 2176/848/611
f 2566/858/629 2552/884/629 2559/885/629
f 2566/858/611 2559/885/611 187/883/611
f 24/886/630 25/887/630 606/888/630
f 25/887/631 1/889/631 606/888/631
f 625/890/632 24/886/632 606/888/632
f 544/575/633 545/571/633 2093/568/633
f 188/16/634 2607/891/634 2600/17/634
f 1410/892/635 2041/893/635 2634/894/635
f 2041/893/636 2042/895/636 2634/894/636
f 2036/896/637 2630/897/637 2631/898/637
f 1851/899/638 1852/900/638 2620/901/638
f 1898/902/639 1905/903/639 1886/904/639
f 1839/905/640 1851/899/640 2620/901/640
f 1797/906/641 2619/907/641 1802/908/641
f 1740/909/642 2617/910/642 2616/911/642
f 1406/912/643 1405/913/643 1404/914/643
f 559/915/644 570/916/644 543/917/644
f 525/723/645 2615/918/645 941/169/645
f 524/919/646 2613/920/646 517/921/646
f 2631/898/647 2630/897/647 2624/922/647
f 2630/897/648 2626/923/648 2015/798/648
f 2626/923/649 2629/924/649 2625/796/649
f 2629/924/650 2628/925/650 2627/926/650
f 2627/926/651 2625/796/651 2629/924/651
f 2625/796/652 2015/798/652 2626/923/652
f 2624/922/653 2006/927/653 2634/928/653
f 2628/925/654 82/929/654 2627/926/654
f 2630/897/655 2015/798/655 2013/930/655
f 2630/897/656 2013/930/656 2011/931/656
f 2630/897/657 2011/931/657 2624/922/657
f 2632/932/658 2631/898/658 2635/933/658
f 2631/898/659 2624/922/659 2635/933/659
f 2635/933/660 2633/934/660 2632/932/660
f 2634/928/661 2635/933/661 2624/922/661
f 1409/935/662 2634/928/662 2006/927/662
f 2006/927/647 2623/936/647 1409/935/647
f 1905/937/663 1409/935/663 2623/936/663
f 662/938/664 1905/937/664 2623/936/664
f 1886/939/665 1905/937/665 662/938/665
f 2622/940/666 1886/939/666 1406/941/666
f 2621/942/662 2622/940/662 117/943/662
f 1802/944/667 2619/945/667 117/943/667
f 1831/946/668 2620/947/668 2619/945/668
f 2620/947/669 1852/948/669 2619/945/669
f 2619/945/670 1852/948/670 2621/942/670
f 117/943/662 2622/940/662 1406/941/662
f 117/943/671 2619/945/671 2621/942/671
f 2618/460/672 1802/944/672 2617/461/672
f 1405/949/670 1406/941/670 662/938/670
f 667/950/673 1405/949/673 662/938/673
f 638/951/662 660/952/662 662/938/662
f 660/952/674 667/950/674 662/938/674
f 662/938/662 1406/941/662 1886/939/662
f 2616/953/675 2617/461/675 1802/944/675
f 117/943/647 2616/953/647 1802/944/647
f 548/954/676 556/955/676 559/956/676
f 523/957/677 2615/958/677 525/959/677
f 524/960/678 523/957/678 2614/961/678
f 559/956/679 535/962/679 548/954/679
f 570/963/670 559/956/670 556/955/670
f 588/964/680 596/965/680 575/966/680
f 638/951/681 614/967/681 608/968/681
f 556/955/673 575/966/673 570/963/673
f 525/959/682 2614/961/682 523/957/682
f 662/938/662 614/967/662 638/951/662
f 2614/961/683 2613/969/683 524/960/683
f 535/962/684 2615/958/684 548/954/684
f 531/970/685 2615/958/685 523/957/685
f 596/965/673 570/963/673 575/966/673
f 614/967/662 596/965/662 588/964/662
f 608/968/686 614/967/686 588/964/686
f 548/954/670 2615/958/670 531/970/670
f 2095/971/687 2087/972/687 2612/973/687
f 11/974/688 172/76/688 2098/78/688
f 329/975/689 173/976/689 172/76/689
f 331/977/690 329/978/690 11/979/690
f 331/977/691 330/980/691 329/978/691
f 329/975/692 330/981/692 173/976/692
f 331/659/693 332/982/693 330/983/693
f 330/981/694 174/984/694 173/976/694
f 333/985/695 334/986/695 331/977/695
f 331/977/696 334/986/696 332/987/696
f 334/986/697 335/988/697 332/987/697
f 332/989/698 335/990/698 330/981/698
f 336/991/699 333/985/699 594/992/699
f 333/985/700 337/993/700 334/986/700
f 334/986/701 337/993/701 335/988/701
f 337/993/702 338/994/702 335/988/702
f 335/990/703 338/995/703 330/981/703
f 338/995/704 339/996/704 330/981/704
f 330/981/705 339/996/705 174/984/705
f 339/997/706 175/998/706 174/999/706
f 610/1000/707 336/991/707 594/992/707
f 333/985/708 340/1001/708 337/993/708
f 337/1002/709 340/1003/709 338/1004/709
f 338/995/710 341/1005/710 339/996/710
f 339/1006/711 341/1007/711 175/1008/711
f 341/1009/712 176/1010/712 175/1011/712
f 610/1000/713 348/1012/713 336/991/713
f 336/991/714 343/1013/714 333/985/714
f 333/985/715 344/1014/715 340/1001/715
f 344/1014/716 345/1015/716 340/1001/716
f 340/1016/717 345/1017/717 338/995/717
f 620/1018/718 347/1019/718 611/1020/718
f 347/1019/719 348/1012/719 611/1020/719
f 611/1020/720 348/1012/720 610/1000/720
f 348/1012/721 343/1013/721 336/991/721
f 343/1013/722 349/1021/722 333/985/722
f 333/985/723 349/1021/723 344/1014/723
f 344/1014/724 349/1021/724 345/1015/724
f 349/1021/725 350/1022/725 345/1015/725
f 345/1017/726 350/1023/726 338/995/726
f 350/1023/727 351/1024/727 338/995/727
f 338/995/728 351/1024/728 341/1005/728
f 351/1025/729 352/1026/729 341/1027/729
f 341/1009/730 352/1028/730 176/1010/730
f 352/1029/731 177/1030/731 176/1031/731
f 17/523/732 354/28/732 346/809/732
f 620/1018/733 355/1032/733 347/1019/733
f 348/1012/734 356/1033/734 343/1013/734
f 349/1021/735 357/1034/735 350/1022/735
f 350/1023/736 358/1035/736 351/1024/736
f 351/1036/737 358/1037/737 352/1028/737
f 358/1037/738 359/1038/738 352/1028/738
f 352/1029/739 359/1039/739 177/1030/739
f 254/1040/740 353/810/740 170/813/740
f 360/529/741 17/523/741 623/530/741
f 17/523/742 360/529/742 354/28/742
f 360/1041/743 621/651/743 354/1042/743
f 347/1019/744 361/1043/744 348/1012/744
f 361/1043/745 356/1033/745 348/1012/745
f 343/1013/746 362/1044/746 349/1021/746
f 349/1021/747 362/1044/747 357/1034/747
f 362/1044/748 363/1045/748 357/1034/748
f 357/1046/749 363/1047/749 350/1023/749
f 359/1039/750 178/1048/750 177/1030/750
f 21/27/751 364/26/751 623/530/751
f 364/26/752 365/1049/752 360/529/752
f 360/529/753 365/1049/753 621/1050/753
f 365/1049/754 366/1051/754 621/1050/754
f 621/1050/755 366/1051/755 622/1052/755
f 366/1051/756 367/1053/756 622/1052/756
f 622/1052/757 367/1053/757 355/1032/757
f 368/1054/758 347/1019/758 355/1032/758
f 343/1013/759 369/1055/759 362/1044/759
f 362/1044/760 370/1056/760 363/1045/760
f 363/1047/761 370/1057/761 350/1023/761
f 370/1057/762 371/1058/762 350/1023/762
f 350/1023/763 371/1058/763 358/1035/763
f 371/1059/764 372/1060/764 358/1061/764
f 358/1037/765 372/1062/765 359/1038/765
f 372/1063/766 373/1064/766 359/1039/766
f 359/1039/767 373/1064/767 178/1048/767
f 374/1065/768 624/1066/768 20/1067/768
f 375/25/769 21/27/769 627/532/769
f 375/25/770 376/1068/770 364/26/770
f 364/26/771 376/1068/771 365/1049/771
f 376/1069/772 377/1070/772 365/1071/772
f 365/1071/773 377/1070/773 366/1072/773
f 377/1073/774 367/1053/774 366/1051/774
f 367/1053/775 368/1054/775 355/1032/775
f 368/1054/776 378/1074/776 347/1019/776
f 347/1019/777 378/1074/777 361/1043/777
f 378/1074/778 379/1075/778 361/1043/778
f 361/1043/779 379/1075/779 356/1033/779
f 356/1033/780 369/1055/780 343/1013/780
f 369/1055/781 380/1076/781 362/1044/781
f 362/1044/782 380/1076/782 370/1056/782
f 370/1057/783 381/1077/783 371/1058/783
f 371/1078/784 381/1079/784 372/1062/784
f 381/1079/785 382/1080/785 372/1062/785
f 372/1063/786 382/1081/786 373/1064/786
f 383/1082/787 262/1083/787 270/1084/787
f 383/1085/788 384/1086/788 374/528/788
f 374/1065/789 384/1087/789 624/1066/789
f 385/531/790 386/1088/790 375/25/790
f 375/25/791 386/1088/791 376/1068/791
f 386/1088/792 387/1089/792 376/1068/792
f 376/1068/793 387/1089/793 377/1073/793
f 387/1089/794 388/1090/794 377/1073/794
f 377/1073/795 388/1090/795 367/1053/795
f 388/1090/796 389/1091/796 367/1053/796
f 389/1091/797 368/1054/797 367/1053/797
f 390/1092/798 378/1074/798 368/1054/798
f 356/1033/799 391/1093/799 369/1055/799
f 42/538/800 383/1082/800 270/1084/800
f 42/368/801 384/1086/801 383/1085/801
f 624/1066/802 392/1094/802 628/1095/802
f 29/535/803 393/534/803 629/1096/803
f 632/803/804 394/1097/804 385/531/804
f 394/1097/805 395/1098/805 385/531/805
f 385/531/806 395/1098/806 386/1088/806
f 386/1088/807 396/1099/807 387/1089/807
f 387/1089/808 396/1099/808 388/1090/808
f 396/1099/809 389/1091/809 388/1090/809
f 390/1092/810 397/1100/810 378/1074/810
f 397/1100/811 379/1075/811 378/1074/811
f 379/1075/812 391/1093/812 356/1033/812
f 391/1093/813 398/1101/813 369/1055/813
f 369/1055/814 398/1101/814 380/1076/814
f 398/1101/815 399/1102/815 380/1076/815
f 380/1076/816 399/1102/816 370/1056/816
f 399/1103/817 400/1104/817 370/1057/817
f 370/1057/818 400/1104/818 381/1077/818
f 400/1105/819 401/1106/819 381/1107/819
f 381/1079/820 401/1108/820 382/1080/820
f 401/1109/821 402/1110/821 382/1081/821
f 382/1081/822 402/1110/822 373/1064/822
f 402/1110/823 403/1111/823 373/1064/823
f 373/1064/824 403/1111/824 178/1048/824
f 403/1111/825 179/1112/825 178/1048/825
f 42/368/826 404/1113/826 384/1086/826
f 404/537/827 405/1114/827 384/1087/827
f 384/1087/828 405/1114/828 624/1066/828
f 405/1114/829 392/1094/829 624/1066/829
f 628/1095/830 392/1094/830 630/1115/830
f 406/533/831 29/535/831 631/540/831
f 394/1097/832 407/1116/832 395/1098/832
f 395/1098/833 407/1116/833 386/1088/833
f 407/1116/834 408/1117/834 386/1088/834
f 386/1088/835 408/1117/835 396/1099/835
f 408/1118/836 409/1119/836 396/1120/836
f 396/1120/837 409/1119/837 389/1121/837
f 389/1091/838 410/1122/838 368/1054/838
f 410/1122/839 390/1092/839 368/1054/839
f 398/1101/840 411/1123/840 399/1102/840
f 399/1103/841 412/1124/841 400/1104/841
f 400/1125/842 412/1126/842 401/1109/842
f 412/1127/843 413/1128/843 401/1108/843
f 401/1109/844 413/1129/844 402/1110/844
f 414/1130/845 405/1131/845 404/1113/845
f 405/1114/846 955/1132/846 392/1094/846
f 392/1094/847 415/1133/847 630/1115/847
f 631/540/848 416/805/848 406/533/848
f 1101/802/849 394/1097/849 632/803/849
f 394/1097/850 417/1134/850 407/1116/850
f 417/1134/851 418/1135/851 407/1116/851
f 407/1116/852 418/1135/852 408/1117/852
f 418/1135/853 419/1136/853 408/1117/853
f 408/1117/854 419/1136/854 409/1137/854
f 419/1136/855 420/1138/855 409/1137/855
f 409/1137/856 420/1138/856 389/1091/856
f 420/1138/857 421/1139/857 389/1091/857
f 389/1091/858 421/1139/858 410/1122/858
f 410/1122/859 397/1100/859 390/1092/859
f 397/1100/860 1279/1140/860 379/1075/860
f 1279/1140/861 1298/1141/861 379/1075/861
f 379/1075/862 1298/1141/862 391/1093/862
f 391/1093/863 422/1142/863 398/1101/863
f 398/1101/864 422/1142/864 411/1123/864
f 412/1127/865 423/1143/865 413/1128/865
f 413/1129/866 423/1144/866 402/1110/866
f 423/1144/867 1384/1145/867 402/1110/867
f 402/1110/868 1384/1145/868 403/1111/868
f 415/1133/869 633/1146/869 630/1115/869
f 5/845/870 149/539/870 634/541/870
f 149/539/871 148/1147/871 631/540/871
f 631/540/872 148/1147/872 416/805/872
f 394/1097/873 147/1148/873 417/1134/873
f 417/1134/874 147/1148/874 418/1135/874
f 147/1148/875 146/1149/875 418/1135/875
f 418/1135/876 146/1149/876 419/1136/876
f 146/1150/877 145/1151/877 419/1152/877
f 419/1152/878 145/1151/878 420/1153/878
f 145/1154/879 421/1139/879 420/1138/879
f 391/1093/880 1323/1155/880 422/1142/880
f 422/1142/881 144/1156/881 411/1123/881
f 411/1123/882 144/1156/882 399/1102/882
f 399/1103/883 143/1157/883 412/1124/883
f 412/1127/884 143/1158/884 423/1143/884
f 173/976/885 571/1159/885 172/76/885
f 174/1160/886 592/1161/886 173/1162/886
f 175/998/887 597/1163/887 174/999/887
f 176/1031/888 615/1164/888 175/1008/888
f 178/1048/889 656/1165/889 177/1030/889
f 655/545/890 424/547/890 654/1166/890
f 424/547/891 425/1167/891 654/1166/891
f 654/1166/892 425/1167/892 864/1168/892
f 425/1167/893 426/1169/893 864/1168/893
f 864/195/894 427/730/894 865/196/894
f 865/196/895 428/731/895 866/154/895
f 1552/1170/896 429/1171/896 655/545/896
f 430/1172/897 431/1173/897 424/1174/897
f 424/1175/898 431/1176/898 425/1177/898
f 431/1176/899 432/1178/899 425/1177/899
f 425/1177/900 432/1178/900 426/734/900
f 426/734/901 432/1178/901 427/730/901
f 432/1178/902 433/193/902 427/730/902
f 427/730/903 433/193/903 428/731/903
f 636/1179/904 434/1180/904 1552/1170/904
f 435/543/905 436/1181/905 429/544/905
f 429/544/906 436/1181/906 430/1182/906
f 436/1181/907 437/1183/907 430/1182/907
f 430/1182/908 437/1183/908 431/1176/908
f 437/1183/909 438/1184/909 431/1176/909
f 431/1176/910 438/1184/910 432/1178/910
f 438/1184/911 439/1185/911 432/1178/911
f 432/1178/912 439/1185/912 433/193/912
f 636/643/913 639/548/913 434/550/913
f 434/550/914 440/549/914 435/543/914
f 435/543/915 440/549/915 436/1181/915
f 440/549/916 438/1184/916 436/1181/916
f 436/1181/917 438/1184/917 437/1183/917
f 438/1184/918 441/1186/918 439/1185/918
f 441/1186/919 867/192/919 439/1185/919
f 639/548/920 640/654/920 440/549/920
f 640/654/921 442/1187/921 440/549/921
f 440/549/922 442/1187/922 438/1184/922
f 442/1187/923 441/1186/923 438/1184/923
f 443/653/924 444/1188/924 640/654/924
f 640/654/925 444/1188/925 442/1187/925
f 444/1188/926 446/552/926 442/1187/926
f 446/552/927 448/184/927 442/1187/927
f 442/1187/928 448/184/928 441/1186/928
f 448/184/929 445/191/929 441/1186/929
f 443/653/930 449/553/930 444/1188/930
f 449/553/931 446/552/931 444/1188/931
f 447/551/932 448/184/932 446/552/932
f 449/553/933 450/182/933 447/551/933
f 449/553/934 451/663/934 450/182/934
f 451/663/935 452/554/935 450/182/935
f 451/663/936 2060/447/936 452/554/936
f 452/554/937 453/446/937 870/185/937
f 2062/667/938 454/445/938 2060/447/938
f 454/445/939 455/1189/939 453/446/939
f 870/733/940 456/726/940 871/728/940
f 2065/665/941 460/1190/941 2061/664/941
f 2061/1191/942 460/36/942 2062/35/942
f 461/34/943 462/1192/943 454/555/943
f 454/555/944 462/1192/944 455/732/944
f 462/1192/945 463/1193/945 455/732/945
f 455/732/946 463/1193/946 456/726/946
f 463/1193/947 464/1194/947 456/726/947
f 456/726/948 464/1194/948 457/727/948
f 464/1195/949 465/1196/949 457/1197/949
f 457/1197/950 465/1196/950 458/724/950
f 465/1196/951 466/1198/951 458/724/951
f 458/724/952 466/1198/952 459/725/952
f 466/1198/953 467/174/953 459/725/953
f 459/725/954 467/174/954 859/168/954
f 2066/41/955 468/39/955 2065/38/955
f 469/37/956 470/1199/956 460/36/956
f 460/36/957 470/1199/957 461/34/957
f 470/1200/958 471/1201/958 461/1202/958
f 461/1203/959 471/1204/959 462/1205/959
f 471/1204/960 472/1206/960 462/1205/960
f 462/1205/961 472/1206/961 463/1207/961
f 472/1206/962 473/1208/962 463/1207/962
f 463/1207/963 473/1208/963 464/1195/963
f 464/1195/964 473/1208/964 465/1196/964
f 465/1196/965 473/1208/965 466/1198/965
f 473/1208/966 474/180/966 466/1198/966
f 466/1198/967 474/180/967 467/174/967
f 860/1209/968 159/1210/968 918/1211/968
f 476/1212/969 477/1213/969 468/1214/969
f 468/1215/970 477/1216/970 469/1217/970
f 477/1216/971 478/1218/971 469/1217/971
f 469/1217/972 478/1218/972 470/1219/972
f 478/1218/973 479/1220/973 470/1219/973
f 470/1219/974 479/1220/974 471/1204/974
f 471/1204/975 479/1220/975 472/1206/975
f 479/1220/976 480/1221/976 472/1206/976
f 472/1206/977 480/1221/977 473/1208/977
f 480/1221/978 481/1222/978 473/1208/978
f 473/1208/979 481/1222/979 474/180/979
f 481/1222/980 482/181/980 474/180/980
f 641/1223/981 483/44/981 2066/41/981
f 484/1224/982 485/1225/982 475/1226/982
f 475/1227/983 485/1228/983 476/1229/983
f 485/1228/984 486/1230/984 476/1229/984
f 476/1229/985 486/1230/985 477/1216/985
f 477/1216/986 486/1230/986 478/1218/986
f 486/1230/987 487/1231/987 478/1218/987
f 478/1218/988 487/1231/988 479/1220/988
f 487/1231/989 488/1232/989 479/1220/989
f 479/1220/990 488/1232/990 480/1221/990
f 488/1232/991 489/1233/991 480/1221/991
f 480/1221/992 489/1233/992 481/1222/992
f 489/1233/993 490/1234/993 481/1222/993
f 481/1222/994 490/1234/994 482/181/994
f 860/556/995 861/559/995 160/557/995
f 642/1235/996 491/1236/996 2067/1237/996
f 492/561/997 641/563/997 2068/668/997
f 492/561/998 493/1238/998 483/562/998
f 483/562/999 493/1238/999 484/1239/999
f 493/1240/1000 494/1241/1000 484/1242/1000
f 484/1242/1001 494/1241/1001 485/1243/1001
f 485/1228/1002 494/1244/1002 486/1230/1002
f 494/1244/1003 495/1245/1003 486/1230/1003
f 486/1230/1004 495/1245/1004 487/1231/1004
f 495/1245/1005 496/1246/1005 487/1231/1005
f 487/1231/1006 496/1246/1006 488/1232/1006
f 496/1246/1007 497/1247/1007 488/1232/1007
f 488/1232/1008 497/1247/1008 489/1233/1008
f 497/1247/1009 498/1248/1009 489/1233/1009
f 489/1233/1010 498/1248/1010 490/1234/1010
f 490/1234/1011 499/173/1011 482/181/1011
f 643/1249/1012 2070/1250/1012 500/1251/1012
f 642/660/1013 2074/669/1013 491/1252/1013
f 2074/669/1014 2075/564/1014 491/1252/1014
f 492/561/1015 501/565/1015 493/1238/1015
f 493/1238/1016 501/565/1016 494/1244/1016
f 501/565/1017 502/1253/1017 494/1244/1017
f 494/1244/1018 502/1253/1018 495/1245/1018
f 502/1253/1019 503/1254/1019 495/1245/1019
f 495/1245/1020 503/1254/1020 496/1246/1020
f 503/1254/1021 504/1255/1021 496/1246/1021
f 496/1246/1022 504/1255/1022 497/1247/1022
f 497/1247/1023 505/1256/1023 498/1248/1023
f 498/1248/1024 505/1256/1024 490/1234/1024
f 505/1256/1025 506/1257/1025 490/1234/1025
f 490/1234/1026 506/1257/1026 499/173/1026
f 877/1258/1027 507/1259/1027 861/559/1027
f 861/559/1028 507/1259/1028 161/560/1028
f 507/1259/1029 162/1260/1029 161/560/1029
f 645/1261/1030 2076/1262/1030 508/1263/1030
f 643/1264/1031 500/1265/1031 2077/1266/1031
f 2077/1266/1032 500/1265/1032 2078/1267/1032
f 2075/564/1033 2088/567/1033 501/565/1033
f 501/565/1034 509/566/1034 502/1253/1034
f 509/566/1035 510/1268/1035 502/1253/1035
f 502/1253/1036 510/1268/1036 503/1254/1036
f 503/1254/1037 511/1269/1037 504/1255/1037
f 504/1255/1038 511/1269/1038 497/1247/1038
f 511/1269/1039 512/1270/1039 497/1247/1039
f 497/1247/1040 512/1270/1040 505/1256/1040
f 506/1257/1041 513/172/1041 499/173/1041
f 647/1271/1042 2079/1272/1042 514/1273/1042
f 645/1274/1043 508/1275/1043 2080/1276/1043
f 2080/1277/1044 508/1278/1044 2081/1279/1044
f 2088/567/1045 515/1280/1045 509/566/1045
f 509/566/1046 515/1280/1046 510/1268/1046
f 510/1268/1047 516/1281/1047 503/1254/1047
f 503/1254/1048 516/1281/1048 511/1269/1048
f 512/1270/1049 517/921/1049 505/1256/1049
f 505/1256/1050 517/921/1050 506/1257/1050
f 517/921/1051 518/1282/1051 506/1257/1051
f 506/1257/1052 518/1282/1052 513/172/1052
f 877/1258/1053 519/1283/1053 507/1259/1053
f 507/1259/1054 163/1284/1054 162/1260/1054
f 649/1285/1055 2082/1286/1055 520/1287/1055
f 647/1288/1056 514/1289/1056 2083/1290/1056
f 2083/1291/1057 514/1292/1057 2084/1293/1057
f 2092/670/1058 515/1280/1058 2088/567/1058
f 515/1280/1059 521/1294/1059 510/1268/1059
f 521/1294/1060 516/1281/1060 510/1268/1060
f 516/1281/1061 522/1295/1061 511/1269/1061
f 522/1295/1062 523/1296/1062 511/1269/1062
f 511/1269/1063 523/1296/1063 512/1270/1063
f 523/1296/1064 524/919/1064 512/1270/1064
f 512/1270/1065 524/919/1065 517/921/1065
f 2613/920/1066 2614/722/1066 518/1282/1066
f 862/1297/1067 526/1298/1067 878/1299/1067
f 878/1299/1068 526/1298/1068 877/1258/1068
f 877/1258/1069 526/1298/1069 519/1283/1069
f 519/1283/1070 163/1284/1070 507/1259/1070
f 2093/568/1071 527/570/1071 2089/1300/1071
f 649/1301/1072 520/1302/1072 2090/1303/1072
f 2090/1304/1073 520/31/1073 2091/33/1073
f 528/574/1074 529/1305/1074 2092/670/1074
f 2092/670/1075 529/1305/1075 515/1280/1075
f 529/1305/1076 521/1294/1076 515/1280/1076
f 521/1294/1077 530/1306/1077 516/1281/1077
f 530/1306/1078 522/1295/1078 516/1281/1078
f 941/169/1079 2615/918/1079 879/167/1079
f 535/1307/1080 862/1297/1080 879/1308/1080
f 862/1297/1081 536/1309/1081 526/1298/1081
f 526/1298/1082 537/1310/1082 519/1283/1082
f 519/1283/1083 537/1310/1083 163/1284/1083
f 2097/84/1084 528/574/1084 2092/670/1084
f 529/1305/1085 540/1311/1085 521/1294/1085
f 540/1311/1086 530/1306/1086 521/1294/1086
f 548/1312/1087 531/1313/1087 522/1295/1087
f 2615/1314/1088 535/1307/1088 879/1308/1088
f 535/1307/1089 536/1309/1089 862/1297/1089
f 536/1309/1090 543/917/1090 526/1298/1090
f 526/1298/1091 543/917/1091 537/1310/1091
f 537/1310/1092 164/1315/1092 163/1284/1092
f 2098/78/1093 544/575/1093 2093/568/1093
f 653/52/1094 2094/458/1094 539/53/1094
f 546/573/1095 547/1316/1095 528/574/1095
f 528/574/1096 547/1316/1096 529/1305/1096
f 547/1316/1097 540/1311/1097 529/1305/1097
f 540/1311/1098 548/1312/1098 530/1306/1098
f 543/917/1099 550/1317/1099 537/1310/1099
f 537/1310/1100 550/1317/1100 164/1315/1100
f 552/1318/1101 553/1319/1101 544/1320/1101
f 544/1321/1102 553/672/1102 545/1322/1102
f 554/83/1103 546/573/1103 2097/84/1103
f 547/1316/1104 555/1323/1104 540/1311/1104
f 555/1323/1105 556/1324/1105 540/1311/1105
f 536/1309/1106 559/915/1106 543/917/1106
f 543/917/1107 560/1325/1107 550/1317/1107
f 550/1317/1108 561/1326/1108 164/1315/1108
f 551/77/1109 562/1327/1109 552/81/1109
f 562/1328/1110 563/1329/1110 552/1318/1110
f 552/1330/1111 563/1331/1111 553/799/1111
f 563/1332/1112 2099/673/1112 553/672/1112
f 2100/457/1113 564/1333/1113 2101/85/1113
f 2101/85/1114 565/1334/1114 554/83/1114
f 565/1334/1115 566/1335/1115 554/83/1115
f 554/83/1116 566/1335/1116 546/573/1116
f 566/1335/1117 567/1336/1117 546/573/1117
f 546/573/1118 567/1336/1118 547/1316/1118
f 567/1336/1119 555/1323/1119 547/1316/1119
f 543/917/1120 570/916/1120 560/1325/1120
f 172/76/1121 571/1159/1121 551/77/1121
f 571/1337/1122 572/1338/1122 551/1339/1122
f 551/1340/1123 572/1341/1123 562/1342/1123
f 572/1341/1124 573/1343/1124 562/1342/1124
f 562/1344/1125 573/1345/1125 563/1331/1125
f 573/1343/1126 574/1346/1126 563/1332/1126
f 563/1329/1127 574/1347/1127 2099/1348/1127
f 2099/673/1128 574/1346/1128 2100/457/1128
f 574/1347/1129 564/1349/1129 2100/1350/1129
f 567/1336/1130 575/1351/1130 555/1323/1130
f 590/1352/1131 589/1353/1131 1550/1354/1131
f 550/1317/1132 580/584/1132 561/1326/1132
f 173/976/1133 581/1355/1133 571/1159/1133
f 581/1356/1134 582/1357/1134 571/1337/1134
f 571/1358/1135 582/1359/1135 572/1360/1135
f 582/1361/1136 583/1362/1136 572/1341/1136
f 572/1338/1137 583/1363/1137 573/1364/1137
f 573/1364/1138 583/1363/1138 574/1347/1138
f 583/1363/1139 584/1365/1139 574/1347/1139
f 574/1347/1140 584/1365/1140 564/1349/1140
f 584/1365/1141 585/1366/1141 564/1349/1141
f 564/1333/1142 585/1367/1142 565/1334/1142
f 585/1367/1143 586/1368/1143 565/1334/1143
f 565/1334/1144 586/1368/1144 566/1335/1144
f 586/1368/1145 587/1369/1145 566/1335/1145
f 566/1335/1146 587/1369/1146 567/1336/1146
f 587/1369/1147 588/1370/1147 567/1336/1147
f 567/1336/1148 588/1370/1148 575/1351/1148
f 1551/1371/1149 591/1372/1149 156/778/1149
f 591/784/1150 1549/617/1150 156/1373/1150
f 579/1374/1151 1544/1375/1151 1548/578/1151
f 579/616/1152 1545/615/1152 1544/1376/1152
f 560/1325/1153 580/584/1153 550/1317/1153
f 580/584/1154 165/1377/1154 561/1326/1154
f 173/1378/1155 592/1379/1155 581/1380/1155
f 592/1379/1156 593/1381/1156 581/1380/1156
f 581/1382/1157 593/1383/1157 582/1359/1157
f 593/1384/1158 583/1363/1158 582/1357/1158
f 943/1385/1159 533/1386/1159 534/1387/1159
f 532/1388/1160 108/1389/1160 944/1390/1160
f 286/608/1161 927/747/1161 142/609/1161
f 570/916/1162 596/582/1162 560/1325/1162
f 596/582/1163 580/584/1163 560/1325/1163
f 174/1391/1164 597/1392/1164 592/1393/1164
f 597/1394/1165 598/1395/1165 592/1161/1165
f 592/1161/1166 598/1395/1166 593/1384/1166
f 598/1395/1167 599/1396/1167 593/1384/1167
f 593/1384/1168 599/1396/1168 583/1363/1168
f 599/1396/1169 600/1397/1169 583/1363/1169
f 583/1363/1170 600/1397/1170 584/1365/1170
f 584/1365/1171 600/1397/1171 585/1366/1171
f 600/1397/1172 601/1398/1172 585/1366/1172
f 585/1366/1173 601/1398/1173 586/1399/1173
f 601/1398/1174 602/1400/1174 586/1399/1174
f 586/1399/1175 602/1400/1175 587/1401/1175
f 707/1402/1176 934/1403/1176 933/1404/1176
f 580/584/1177 166/1405/1177 165/1377/1177
f 602/1400/1178 608/1406/1178 587/1401/1178
f 673/1407/1179 926/1408/1179 925/1409/1179
f 781/1/1180 939/3/1180 937/1410/1180
f 580/584/1181 614/583/1181 607/1411/1181
f 607/1411/1182 166/1405/1182 580/584/1182
f 175/1008/1183 615/1164/1183 597/1394/1183
f 597/1394/1184 615/1164/1184 598/1395/1184
f 615/1164/1185 616/1412/1185 598/1395/1185
f 598/1395/1186 616/1412/1186 599/1396/1186
f 616/1412/1187 617/1413/1187 599/1396/1187
f 599/1396/1188 617/1413/1188 600/1397/1188
f 617/1413/1189 618/1414/1189 600/1397/1189
f 600/1397/1190 618/1414/1190 601/1398/1190
f 618/1414/1191 619/1415/1191 601/1398/1191
f 601/1398/1192 619/1415/1192 602/1400/1192
f 619/1415/1193 608/1406/1193 602/1400/1193
f 619/1415/1194 638/1416/1194 608/1406/1194
f 176/1031/1195 177/1030/1195 615/1164/1195
f 177/1030/1196 637/1417/1196 615/1164/1196
f 615/1164/1197 637/1417/1197 616/1412/1197
f 637/1417/1198 617/1413/1198 616/1412/1198
f 607/1411/1199 167/1418/1199 166/1405/1199
f 177/1030/1200 656/1165/1200 637/1417/1200
f 656/1165/1201 657/1419/1201 637/1417/1201
f 637/1417/1202 657/1419/1202 617/1413/1202
f 657/1419/1203 658/1420/1203 617/1413/1203
f 617/1413/1204 658/1420/1204 618/1414/1204
f 658/1420/1205 659/1421/1205 618/1414/1205
f 618/1414/1206 659/1421/1206 619/1415/1206
f 659/1421/1207 660/1422/1207 619/1415/1207
f 619/1415/1208 660/1422/1208 638/1416/1208
f 614/583/1209 661/1423/1209 607/1411/1209
f 607/1411/1210 661/1423/1210 167/1418/1210
f 614/583/1211 662/1424/1211 661/1423/1211
f 178/1048/1212 179/1112/1212 656/1165/1212
f 179/1112/1213 663/1425/1213 656/1165/1213
f 656/1165/1214 663/1425/1214 657/1419/1214
f 663/1425/1215 664/1426/1215 657/1419/1215
f 657/1419/1216 664/1426/1216 658/1420/1216
f 664/1426/1217 665/1427/1217 658/1420/1217
f 658/1420/1218 665/1427/1218 659/1421/1218
f 665/1427/1219 666/1428/1219 659/1421/1219
f 666/1428/1220 667/1429/1220 659/1421/1220
f 659/1421/1221 667/1429/1221 660/1422/1221
f 661/1423/1222 168/1430/1222 167/1418/1222
f 179/1112/1223 668/1431/1223 663/1425/1223
f 668/1431/1224 669/1432/1224 663/1425/1224
f 663/1425/1225 669/1432/1225 664/1426/1225
f 669/1432/1226 665/1427/1226 664/1426/1226
f 161/560/1227 673/716/1227 160/557/1227
f 164/1315/1228 697/1433/1228 163/1284/1228
f 168/1430/1229 817/1434/1229 167/1418/1229
f 916/589/1230 670/1435/1230 882/1436/1230
f 671/588/1231 672/1437/1231 916/589/1231
f 916/589/1232 672/1437/1232 670/1435/1232
f 887/1438/1233 674/1439/1233 884/590/1233
f 884/590/1234 674/1439/1234 671/588/1234
f 672/1437/1235 675/1440/1235 670/1435/1235
f 161/560/1236 676/717/1236 673/716/1236
f 887/1438/1237 677/1441/1237 674/1439/1237
f 671/588/1238 678/1442/1238 672/1437/1238
f 678/1442/1239 679/1443/1239 672/1437/1239
f 672/1437/1240 679/1443/1240 675/1440/1240
f 679/1444/1241 680/289/1241 675/1445/1241
f 161/560/1242 681/1446/1242 676/717/1242
f 681/1447/1243 682/1448/1243 676/1449/1243
f 679/1450/1244 683/712/1244 680/711/1244
f 162/1260/1245 684/1451/1245 161/560/1245
f 161/560/1246 684/1451/1246 681/1446/1246
f 684/1451/1247 685/1452/1247 681/1446/1247
f 681/1446/1248 685/1452/1248 682/1453/1248
f 685/1454/1249 686/710/1249 682/1455/1249
f 930/1456/1250 677/1441/1250 887/1438/1250
f 674/1439/1251 687/1457/1251 671/588/1251
f 671/588/1252 687/1457/1252 678/1442/1252
f 678/1442/1253 688/1458/1253 679/1443/1253
f 679/1450/1254 688/1459/1254 683/712/1254
f 162/1260/1255 689/1460/1255 684/1451/1255
f 684/1461/1256 690/1462/1256 685/1463/1256
f 685/1454/1257 690/1464/1257 686/710/1257
f 691/1465/1258 677/1441/1258 930/1456/1258
f 677/1441/1259 692/1466/1259 674/1439/1259
f 674/1439/1260 692/1466/1260 687/1457/1260
f 688/1459/1261 693/705/1261 683/712/1261
f 689/1460/1262 694/1467/1262 684/1451/1262
f 684/1451/1263 694/1467/1263 690/1468/1263
f 694/1469/1264 695/708/1264 690/1464/1264
f 690/1464/1265 695/708/1265 686/710/1265
f 931/1470/1266 691/1465/1266 930/1456/1266
f 678/1442/1267 696/1471/1267 688/1458/1267
f 688/1459/1268 696/1472/1268 693/705/1268
f 163/1284/1269 697/1433/1269 162/1260/1269
f 162/1260/1270 697/1433/1270 689/1460/1270
f 697/1433/1271 698/1473/1271 689/1460/1271
f 698/1473/1272 699/1474/1272 689/1460/1272
f 689/1460/1273 699/1474/1273 694/1467/1273
f 699/1475/1274 695/1476/1274 694/1477/1274
f 700/1478/1275 691/1465/1275 931/1470/1275
f 698/1473/1276 701/1479/1276 699/1474/1276
f 699/1474/1277 701/1479/1277 695/1480/1277
f 701/1481/1278 702/1482/1278 695/708/1278
f 695/708/1279 702/1482/1279 933/709/1279
f 677/1441/1280 703/1483/1280 692/1466/1280
f 678/1442/1281 704/1484/1281 696/1471/1281
f 696/1472/1282 704/1485/1282 693/705/1282
f 164/1315/1283 705/1486/1283 697/1433/1283
f 697/1433/1284 705/1486/1284 698/1473/1284
f 698/1473/1285 706/1487/1285 701/1479/1285
f 706/1488/1286 702/1489/1286 701/1490/1286
f 702/1482/1287 707/1491/1287 933/709/1287
f 932/1492/1288 708/1493/1288 931/1470/1288
f 700/1478/1289 709/1494/1289 691/1465/1289
f 691/1465/1290 710/1495/1290 677/1441/1290
f 703/1483/1291 711/1496/1291 692/1466/1291
f 704/1485/1292 712/706/1292 693/705/1292
f 698/1473/1293 713/1497/1293 706/1487/1293
f 706/1487/1294 713/1497/1294 702/1498/1294
f 713/1499/1295 714/1500/1295 702/1482/1295
f 702/1482/1296 715/1501/1296 707/1491/1296
f 707/1402/1297 715/1502/1297 934/1403/1297
f 715/1502/1298 716/1503/1298 934/1403/1298
f 716/1503/1299 717/1504/1299 934/1403/1299
f 934/1403/1300 717/1504/1300 935/1505/1300
f 935/1505/1301 717/1504/1301 932/1492/1301
f 931/1470/1302 708/1493/1302 700/1478/1302
f 709/1494/1303 710/1495/1303 691/1465/1303
f 710/1495/1304 703/1483/1304 677/1441/1304
f 711/1496/1305 718/1506/1305 692/1466/1305
f 692/1466/1306 718/1506/1306 687/1457/1306
f 687/1457/1307 719/1507/1307 678/1442/1307
f 678/1442/1308 719/1507/1308 704/1484/1308
f 719/1507/1309 720/1508/1309 704/1484/1309
f 704/1485/1310 720/1509/1310 712/706/1310
f 561/1326/1311 721/1510/1311 164/1315/1311
f 164/1315/1312 721/1510/1312 705/1486/1312
f 705/1486/1313 722/1511/1313 698/1473/1313
f 722/1511/1314 723/1512/1314 698/1473/1314
f 698/1473/1315 723/1512/1315 713/1497/1315
f 723/1513/1316 714/1500/1316 713/1499/1316
f 714/1500/1317 724/1514/1317 702/1482/1317
f 702/1482/1318 724/1514/1318 715/1501/1318
f 724/1515/1319 716/1503/1319 715/1502/1319
f 717/1504/1320 725/1516/1320 932/1492/1320
f 932/1492/1321 725/1516/1321 708/1493/1321
f 708/1493/1322 709/1494/1322 700/1478/1322
f 709/1494/1323 726/1517/1323 710/1495/1323
f 719/1518/1324 727/1519/1324 720/1520/1324
f 720/1520/1325 727/1519/1325 712/1521/1325
f 722/1511/1326 728/1522/1326 723/1512/1326
f 723/1512/1327 728/1522/1327 714/1523/1327
f 728/1524/1328 729/1525/1328 714/1500/1328
f 718/1506/1329 730/1526/1329 687/1457/1329
f 687/1457/1330 730/1526/1330 719/1507/1330
f 165/1377/1331 721/1510/1331 561/1326/1331
f 705/1486/1332 741/1527/1332 722/1511/1332
f 722/1511/1333 731/1528/1333 728/1522/1333
f 731/1529/1334 729/1525/1334 728/1524/1334
f 729/1525/1335 732/1530/1335 714/1500/1335
f 714/1500/1336 732/1530/1336 724/1514/1336
f 732/1531/1337 733/1532/1337 724/1515/1337
f 724/1515/1338 733/1532/1338 716/1503/1338
f 733/1532/1339 734/1533/1339 716/1503/1339
f 716/1503/1340 734/1533/1340 717/1504/1340
f 725/1516/1341 735/1534/1341 708/1493/1341
f 708/1493/1342 735/1534/1342 709/1494/1342
f 709/1494/1343 736/1535/1343 726/1517/1343
f 710/1495/1344 737/1536/1344 703/1483/1344
f 719/1537/1345 738/1538/1345 727/1539/1345
f 727/1539/1346 738/1538/1346 712/706/1346
f 738/1538/1347 739/1540/1347 712/706/1347
f 907/1541/1348 740/200/1348 906/177/1348
f 721/1510/1349 741/1527/1349 705/1486/1349
f 741/1527/1350 731/1528/1350 722/1511/1350
f 731/1528/1351 742/1542/1351 729/1543/1351
f 742/1544/1352 743/1545/1352 729/1525/1352
f 734/1533/1353 744/1546/1353 717/1504/1353
f 717/1504/1354 744/1546/1354 725/1516/1354
f 735/1534/1355 736/1535/1355 709/1494/1355
f 726/1517/1356 737/1536/1356 710/1495/1356
f 730/1526/1357 745/1547/1357 719/1507/1357
f 719/1537/1358 745/1548/1358 738/1538/1358
f 741/1527/1359 746/1549/1359 731/1528/1359
f 746/1549/1360 747/1550/1360 731/1528/1360
f 731/1528/1361 747/1550/1361 742/1542/1361
f 747/1551/1362 743/1545/1362 742/1544/1362
f 743/1545/1363 748/1552/1363 729/1525/1363
f 748/1552/1364 749/1553/1364 729/1525/1364
f 729/1525/1365 749/1553/1365 732/1530/1365
f 749/1554/1366 750/1555/1366 732/1531/1366
f 732/1531/1367 750/1555/1367 733/1532/1367
f 733/1532/1368 750/1555/1368 734/1533/1368
f 744/1546/1369 735/1534/1369 725/1516/1369
f 735/1534/1370 751/1556/1370 736/1535/1370
f 726/1517/1371 752/1557/1371 737/1536/1371
f 703/1483/1372 737/1536/1372 711/1496/1372
f 737/1536/1373 753/1558/1373 711/1496/1373
f 753/1558/1374 718/1506/1374 711/1496/1374
f 745/1548/1375 754/1559/1375 738/1538/1375
f 738/1538/1376 754/1559/1376 739/1540/1376
f 721/1510/1377 755/1560/1377 741/1527/1377
f 747/1551/1378 756/1561/1378 743/1545/1378
f 756/1561/1379 757/1562/1379 743/1545/1379
f 743/1545/1380 757/1562/1380 748/1552/1380
f 734/1533/1381 758/1563/1381 744/1546/1381
f 758/1563/1382 735/1534/1382 744/1546/1382
f 736/1535/1383 752/1557/1383 726/1517/1383
f 718/1506/1384 759/1564/1384 730/1526/1384
f 730/1526/1385 759/1564/1385 745/1547/1385
f 938/841/1386 760/843/1386 907/1541/1386
f 907/1541/1387 760/843/1387 740/200/1387
f 165/1377/1388 755/1560/1388 721/1510/1388
f 746/1549/1389 761/1565/1389 747/1550/1389
f 747/1551/1390 761/1566/1390 756/1561/1390
f 761/1566/1391 757/1562/1391 756/1561/1391
f 748/1567/1392 762/1568/1392 749/1554/1392
f 749/1554/1393 762/1568/1393 750/1555/1393
f 762/1568/1394 763/1569/1394 750/1555/1394
f 763/1569/1395 764/1570/1395 750/1555/1395
f 750/1555/1396 764/1570/1396 734/1533/1396
f 764/1570/1397 758/1563/1397 734/1533/1397
f 735/1534/1398 765/1571/1398 751/1556/1398
f 746/1549/1399 768/1572/1399 761/1565/1399
f 768/1573/1400 757/1562/1400 761/1566/1400
f 748/1567/1401 763/1569/1401 762/1568/1401
f 758/1563/1402 765/1571/1402 735/1534/1402
f 751/1556/1403 752/1557/1403 736/1535/1403
f 737/1536/1404 766/1574/1404 753/1558/1404
f 718/1506/1405 770/1575/1405 759/1564/1405
f 759/1564/1406 771/1576/1406 745/1547/1406
f 745/1548/1407 771/1577/1407 754/1559/1407
f 166/1405/1408 774/1578/1408 165/1377/1408
f 774/1578/1409 755/1560/1409 165/1377/1409
f 741/1527/1410 775/1579/1410 746/1549/1410
f 775/1579/1411 768/1572/1411 746/1549/1411
f 768/1572/1412 776/1580/1412 757/1581/1412
f 776/1582/1413 769/1583/1413 757/1562/1413
f 769/1583/1414 777/1584/1414 757/1562/1414
f 757/1562/1415 777/1584/1415 748/1552/1415
f 777/1585/1416 763/1569/1416 748/1567/1416
f 764/1570/1417 778/1586/1417 758/1563/1417
f 758/1563/1418 778/1586/1418 765/1571/1418
f 751/1556/1419 779/1587/1419 752/1557/1419
f 752/1557/1420 780/1588/1420 737/1536/1420
f 737/1536/1421 780/1588/1421 766/1574/1421
f 753/1558/1422 770/1575/1422 718/1506/1422
f 771/1577/1423 739/1540/1423 754/1559/1423
f 739/1540/1424 781/306/1424 937/1589/1424
f 2124/1590/1425 2138/104/1425 568/443/1425
f 755/1560/1426 785/1591/1426 741/1527/1426
f 741/1527/1427 785/1591/1427 775/1579/1427
f 775/1579/1428 786/1592/1428 768/1572/1428
f 768/1572/1429 786/1592/1429 776/1580/1429
f 786/1593/1430 769/1583/1430 776/1582/1430
f 769/1583/1431 787/1594/1431 777/1584/1431
f 777/1585/1432 788/1595/1432 763/1569/1432
f 788/1595/1433 789/1596/1433 763/1569/1433
f 763/1569/1434 789/1596/1434 764/1570/1434
f 789/1596/1435 778/1586/1435 764/1570/1435
f 765/1571/1436 779/1587/1436 751/1556/1436
f 766/1574/1437 790/1597/1437 753/1558/1437
f 753/1558/1438 790/1597/1438 770/1575/1438
f 770/1575/1439 791/1598/1439 759/1564/1439
f 759/1599/1440 791/1600/1440 771/1601/1440
f 961/754/1441 557/753/1441 960/1602/1441
f 957/751/1442 557/753/1442 956/755/1442
f 952/1603/1443 549/1604/1443 951/752/1443
f 167/1418/1444 774/1578/1444 166/1405/1444
f 775/1605/1445 793/1606/1445 786/1593/1445
f 786/1593/1446 793/1606/1446 769/1583/1446
f 793/1606/1447 794/1607/1447 769/1583/1447
f 769/1583/1448 794/1607/1448 787/1594/1448
f 787/1608/1449 788/1595/1449 777/1585/1449
f 789/1596/1450 795/1609/1450 778/1586/1450
f 778/1586/1451 796/1610/1451 765/1571/1451
f 765/1571/1452 797/1611/1452 779/1587/1452
f 779/1587/1453 798/1612/1453 752/1557/1453
f 752/1557/1454 798/1612/1454 780/1588/1454
f 766/1574/1455 799/1613/1455 790/1597/1455
f 791/1600/1456 800/1614/1456 771/1601/1456
f 771/1601/1457 800/1614/1457 739/1615/1457
f 800/304/1458 781/306/1458 739/1540/1458
f 914/1616/1459 300/1617/1459 915/1618/1459
f 785/1591/1460 803/1619/1460 775/1579/1460
f 803/1619/1461 804/1620/1461 775/1579/1461
f 775/1605/1462 804/1621/1462 793/1606/1462
f 804/1621/1463 794/1607/1463 793/1606/1463
f 787/1608/1464 805/1622/1464 788/1595/1464
f 788/1595/1465 805/1622/1465 789/1596/1465
f 805/1622/1466 806/1623/1466 789/1596/1466
f 795/1609/1467 796/1610/1467 778/1586/1467
f 796/1610/1468 797/1611/1468 765/1571/1468
f 797/1611/1469 807/1624/1469 779/1587/1469
f 780/1588/1470 799/1613/1470 766/1574/1470
f 770/1625/1471 808/1626/1471 791/1600/1471
f 808/1626/1472 809/1627/1472 791/1600/1472
f 791/1628/1473 809/1629/1473 800/304/1473
f 913/1630/1474 924/1631/1474 914/1616/1474
f 904/1632/1475 915/1633/1475 905/440/1475
f 948/591/1476 41/497/1476 945/1634/1476
f 945/1634/1477 41/497/1477 292/506/1477
f 945/1635/1478 292/1636/1478 532/1388/1478
f 774/1578/1479 812/1637/1479 755/1560/1479
f 785/1591/1480 813/1638/1480 803/1619/1480
f 803/1639/1481 794/1607/1481 804/1621/1481
f 794/1607/1482 814/1640/1482 787/1594/1482
f 814/1641/1483 805/1622/1483 787/1608/1483
f 789/1596/1484 806/1623/1484 795/1609/1484
f 807/1624/1485 815/1642/1485 779/1587/1485
f 779/1643/1486 815/1644/1486 798/1645/1486
f 799/1646/1487 816/1647/1487 790/1648/1487
f 915/442/371 300/498/371 568/443/371
f 167/1418/1488 817/1434/1488 774/1578/1488
f 817/1434/1489 812/1637/1489 774/1578/1489
f 755/1560/1490 812/1637/1490 785/1591/1490
f 785/1591/1491 818/1649/1491 813/1638/1491
f 813/1638/1492 819/1650/1492 803/1619/1492
f 803/1639/1493 819/1651/1493 794/1607/1493
f 819/1651/1494 820/1652/1494 794/1607/1494
f 794/1607/1495 820/1652/1495 814/1640/1495
f 805/1622/1496 827/1653/1496 806/1623/1496
f 796/1654/1497 822/1655/1497 797/1656/1497
f 797/1611/1498 822/1657/1498 807/1624/1498
f 798/1645/1499 823/1658/1499 780/1659/1499
f 780/1659/1500 823/1658/1500 799/1646/1500
f 799/1646/1501 823/1658/1501 816/1647/1501
f 790/1648/1502 816/1647/1502 770/1625/1502
f 816/1647/1503 824/1660/1503 770/1625/1503
f 770/1625/1504 824/1660/1504 808/1626/1504
f 9/641/1505 327/501/1505 10/640/1505
f 321/491/1506 326/500/1506 325/496/1506
f 324/396/1507 152/395/1507 321/1661/1507
f 286/504/302 292/506/302 923/502/302
f 181/60/1508 150/493/1508 320/490/1508
f 297/429/1509 43/428/1509 291/363/1509
f 812/1637/1510 826/1662/1510 785/1591/1510
f 785/1591/1511 826/1662/1511 818/1649/1511
f 813/1663/1512 820/1652/1512 819/1651/1512
f 814/1640/1513 827/1664/1513 805/1665/1513
f 827/1653/1514 828/1666/1514 806/1623/1514
f 828/1666/1515 821/1667/1515 806/1623/1515
f 821/1667/1516 829/1668/1516 806/1623/1516
f 806/1623/1517 829/1668/1517 795/1609/1517
f 795/1609/1518 829/1668/1518 796/1610/1518
f 829/1668/1519 822/1657/1519 796/1610/1519
f 815/1644/1520 823/1658/1520 798/1645/1520
f 269/287/1521 137/303/1521 261/288/1521
f 69/1669/1522 251/243/1522 253/252/1522
f 261/1670/1523 69/1671/1523 253/1672/1523
f 69/1669/1524 248/244/1524 251/243/1524
f 248/1673/1525 68/1674/1525 243/1675/1525
f 68/1676/1526 240/216/1526 243/215/1526
f 237/205/1527 136/1677/1527 231/1678/1527
f 231/675/1528 67/1679/1528 135/676/1528
f 231/1680/1529 136/1681/1529 67/1682/1529
f 230/1683/1530 135/1684/1530 226/1685/1530
f 226/678/1531 135/1686/1531 66/679/1531
f 226/678/1532 134/680/1532 221/1687/1532
f 221/132/1533 134/1688/1533 133/681/1533
f 817/1434/1534 1413/1689/1534 812/1637/1534
f 1413/1689/1535 826/1662/1535 812/1637/1535
f 818/1649/1536 831/1690/1536 813/1638/1536
f 813/1663/1537 831/1691/1537 820/1652/1537
f 831/1691/1538 832/1692/1538 820/1652/1538
f 820/1652/1539 832/1692/1539 814/1640/1539
f 814/1640/1540 832/1692/1540 827/1664/1540
f 832/1692/1541 833/1693/1541 827/1664/1541
f 822/1655/1542 834/1694/1542 807/1695/1542
f 807/1695/1543 834/1694/1543 815/1644/1543
f 808/1626/1544 835/1696/1544 809/1627/1544
f 809/1629/1545 835/1697/1545 800/304/1545
f 835/1697/1546 836/305/1546 800/304/1546
f 217/682/1547 133/1698/1547 65/683/1547
f 133/1699/1548 217/1700/1548 219/1701/1548
f 217/682/1549 116/684/1549 213/1702/1549
f 64/1703/1550 208/1704/1550 210/1705/1550
f 63/1706/1551 207/1707/1551 208/1704/1551
f 210/101/1552 116/686/1552 64/1708/1552
f 207/95/1553 115/1709/1553 114/690/1553
f 208/1710/1554 64/1711/1554 63/687/1554
f 202/82/1555 114/690/1555 61/1712/1555
f 114/1713/1556 202/1714/1556 206/1715/1556
f 61/1716/1557 200/693/1557 202/1714/1557
f 200/693/1558 112/692/1558 111/1717/1558
f 60/1718/1559 196/66/1559 197/70/1559
f 59/699/1560 193/62/1560 196/66/1560
f 197/75/1561 111/1719/1561 60/1720/1561
f 196/66/1562 60/1718/1562 59/699/1562
f 110/700/1563 109/63/1563 193/62/1563
f 826/1662/1564 837/1721/1564 818/1649/1564
f 837/1721/1565 838/1722/1565 818/1649/1565
f 818/1649/1566 838/1722/1566 831/1690/1566
f 838/1723/1567 832/1692/1567 831/1691/1567
f 833/1693/1568 828/1724/1568 827/1664/1568
f 828/1725/1569 839/1726/1569 821/1727/1569
f 839/1726/1570 840/1728/1570 821/1727/1570
f 821/1727/1571 840/1728/1571 829/1729/1571
f 840/1728/1572 841/1730/1572 829/1729/1572
f 829/1729/1573 841/1730/1573 822/1655/1573
f 841/1730/1574 842/1731/1574 822/1655/1574
f 822/1655/1575 842/1731/1575 834/1694/1575
f 834/1694/1576 843/1732/1576 815/1644/1576
f 815/1644/1577 843/1732/1577 823/1658/1577
f 823/1658/1578 844/1733/1578 816/1647/1578
f 844/1733/1579 1531/1734/1579 816/1647/1579
f 816/1647/1580 1531/1734/1580 824/1660/1580
f 191/58/1581 109/63/1581 181/60/1581
f 948/591/1582 568/443/1582 41/497/1582
f 168/1430/1583 90/1735/1583 817/1434/1583
f 817/1434/1584 90/1735/1584 1413/1689/1584
f 837/1721/1585 140/1736/1585 838/1722/1585
f 838/1723/1586 140/1737/1586 832/1692/1586
f 832/1692/1587 1426/1738/1587 833/1693/1587
f 833/1693/1588 1435/1739/1588 828/1724/1588
f 1435/1739/1589 139/1740/1589 828/1724/1589
f 828/1725/1590 139/1741/1590 839/1726/1590
f 1531/1734/1591 138/1742/1591 824/1660/1591
f 824/1660/1592 138/1742/1592 808/1626/1592
f 682/1455/1593 686/710/1593 886/1743/1593
f 541/1744/1594 946/749/1594 534/748/1594
f 739/1540/1595 937/1589/1595 936/707/1595
f 739/1540/1596 936/707/1596 712/706/1596
f 676/1745/1597 886/1743/1597 926/1408/1597
f 682/1455/1598 886/1743/1598 676/1745/1598
f 680/711/1599 885/715/1599 675/714/1599
f 670/713/1600 885/715/1600 917/1746/1600
f 160/151/1601 918/149/1601 159/1747/1601
f 670/713/1602 917/1746/1602 883/721/1602
f 518/1282/1603 874/171/1603 513/172/1603
f 458/729/1604 859/1748/1604 871/728/1604
f 856/837/1605 299/400/1605 298/399/1605
f 2614/722/1606 940/170/1606 874/171/1606
f 452/554/1607 870/185/1607 450/182/1607
f 309/836/1608 299/400/1608 856/837/1608
f 299/400/1609 857/401/1609 288/356/1609
f 441/1186/1610 445/191/1610 867/192/1610
f 439/1185/1611 867/192/1611 433/193/1611
f 433/193/1612 866/154/1612 428/731/1612
f 309/836/1613 858/1749/1613 299/400/1613
f 858/1750/1614 857/1751/1614 299/1752/1614
f 858/1750/1615 863/1753/1615 857/1751/1615
f 863/1753/1616 289/1754/1616 857/1751/1616
f 310/834/1617 868/1755/1617 309/836/1617
f 309/836/1618 868/1755/1618 858/1749/1618
f 858/1750/1619 872/1756/1619 863/1753/1619
f 869/1757/1620 873/1758/1620 863/1753/1620
f 863/1759/1621 873/402/1621 289/358/1621
f 258/266/1622 56/237/1622 252/267/1622
f 868/1755/1623 872/1760/1623 858/1749/1623
f 872/1756/1624 869/1757/1624 863/1753/1624
f 235/236/1625 54/235/1625 223/1761/1625
f 141/611/1626 875/613/1626 310/834/1626
f 875/613/1627 868/1755/1627 310/834/1627
f 872/1756/1628 876/1762/1628 869/1757/1628
f 876/1762/1629 873/1758/1629 869/1757/1629
f 223/157/1630 13/1763/1630 220/158/1630
f 13/1763/1631 215/1764/1631 220/158/1631
f 13/1765/1632 211/108/1632 215/107/1632
f 875/613/1633 880/1766/1633 868/1755/1633
f 868/1755/1634 880/1766/1634 872/1760/1634
f 876/1767/1635 881/1768/1635 873/402/1635
f 881/1768/1636 302/421/1636 873/402/1636
f 50/737/1637 201/739/1637 209/1769/1637
f 880/1770/1638 889/1771/1638 872/1756/1638
f 889/1771/1639 876/1762/1639 872/1756/1639
f 881/1768/1640 303/422/1640 302/421/1640
f 70/612/1641 888/1772/1641 875/613/1641
f 875/613/1642 888/1772/1642 880/1766/1642
f 888/1772/1643 889/1773/1643 880/1766/1643
f 889/1774/1644 890/1775/1644 876/1767/1644
f 890/1776/1645 891/1777/1645 876/1762/1645
f 876/1767/1646 891/1778/1646 881/1768/1646
f 891/1778/1647 892/1779/1647 881/1768/1647
f 892/1779/1648 893/1780/1648 881/1768/1648
f 893/1780/1649 894/1781/1649 881/1768/1649
f 894/1781/1650 895/1782/1650 881/1768/1650
f 881/1768/1651 895/1782/1651 303/422/1651
f 314/483/1652 44/86/1652 180/59/1652
f 896/1783/1653 897/1784/1653 888/1785/1653
f 888/1785/1654 897/1784/1654 889/1774/1654
f 897/1784/1655 898/1786/1655 889/1774/1655
f 898/1786/1656 899/1787/1656 889/1774/1656
f 889/1774/1657 899/1787/1657 890/1775/1657
f 899/1787/1658 900/1788/1658 890/1775/1658
f 900/1789/1659 901/1790/1659 890/1791/1659
f 890/1776/1660 901/1792/1660 891/1777/1660
f 901/1792/1661 902/1793/1661 891/1777/1661
f 891/1777/1662 902/1793/1662 892/1794/1662
f 902/1793/1663 903/1795/1663 892/1794/1663
f 892/1794/1664 903/1795/1664 893/1796/1664
f 893/1796/1665 903/1795/1665 894/1797/1665
f 903/1795/1666 904/1798/1666 894/1797/1666
f 894/1797/1667 904/1798/1667 895/1799/1667
f 904/1800/1668 905/1801/1668 895/1802/1668
f 70/742/1669 908/1803/1669 888/1785/1669
f 908/1803/1670 909/1804/1670 888/1785/1670
f 909/1804/1671 910/1805/1671 888/1785/1671
f 888/1785/1672 910/1805/1672 896/1783/1672
f 896/1806/1673 911/1807/1673 897/1808/1673
f 897/1809/1674 911/1810/1674 898/1811/1674
f 911/1807/1675 912/1812/1675 898/1813/1675
f 898/1811/1676 912/1814/1676 899/1815/1676
f 912/1814/1677 913/1630/1677 899/1815/1677
f 899/1815/1678 913/1630/1678 900/1816/1678
f 913/1817/1679 914/1818/1679 900/1819/1679
f 900/1789/1680 914/1820/1680 901/1790/1680
f 901/1792/1681 914/1616/1681 902/1793/1681
f 914/1616/1682 915/1618/1682 902/1793/1682
f 902/1793/1683 915/1618/1683 903/1795/1683
f 903/1795/1684 915/1618/1684 904/1798/1684
f 915/1633/1685 43/428/1685 905/440/1685
f 919/1821/1686 920/1822/1686 70/612/1686
f 70/742/1687 920/1823/1687 908/1803/1687
f 920/1822/1688 921/1824/1688 908/1825/1688
f 908/1825/1689 921/1824/1689 909/1826/1689
f 921/1824/1690 922/1827/1690 909/1826/1690
f 909/1828/1691 922/1829/1691 910/1830/1691
f 910/1831/1692 922/1827/1692 896/1806/1692
f 896/1806/1693 922/1827/1693 911/1807/1693
f 922/1827/1694 923/1832/1694 911/1807/1694
f 911/1807/1695 923/1832/1695 912/1812/1695
f 923/1832/1696 924/1833/1696 912/1812/1696
f 912/1812/1697 924/1833/1697 913/1834/1697
f 924/1631/1698 300/1617/1698 914/1616/1698
f 142/609/1699 919/1821/1699 71/610/1699
f 142/609/1700 927/747/1700 919/1821/1700
f 919/1821/1701 927/747/1701 920/1822/1701
f 927/747/1702 928/746/1702 920/1822/1702
f 920/1822/1703 928/746/1703 921/1824/1703
f 921/1824/1704 928/746/1704 922/1827/1704
f 928/746/1705 929/1835/1705 922/1827/1705
f 929/1835/1706 923/1832/1706 922/1827/1706
f 942/1836/1707 108/1389/1707 107/1837/1707
f 942/1836/1708 944/1390/1708 108/1389/1708
f 943/1385/1709 944/1390/1709 942/1836/1709
f 944/1390/1710 945/1635/1710 532/1388/1710
f 943/1385/1711 946/586/1711 944/1390/1711
f 947/1838/1712 945/1635/1712 944/1390/1712
f 946/586/1713 947/1838/1713 944/1390/1713
f 1/585/1714 132/1839/1714 946/586/1714
f 131/1840/1715 969/1841/1715 604/704/1715
f 130/1842/1716 973/1843/1716 131/1844/1716
f 129/1845/1717 979/1846/1717 130/1847/1717
f 1570/1848/1718 998/1849/1718 1564/1850/1718
f 123/1851/1719 1191/1852/1719 124/1853/1719
f 949/1854/1720 542/701/1720 549/1604/1720
f 949/1855/1721 950/1856/1721 542/369/1721
f 542/369/1722 950/1856/1722 414/1130/1722
f 950/1856/1723 405/1131/1723 414/1130/1723
f 557/753/1724 951/752/1724 549/1604/1724
f 952/1603/1725 953/1857/1725 549/1604/1725
f 549/1858/1726 953/1859/1726 949/1860/1726
f 953/1861/1727 954/1862/1727 949/1855/1727
f 949/1855/1728 954/1862/1728 950/1856/1728
f 954/1863/1729 955/1132/1729 950/1864/1729
f 950/1864/1730 955/1132/1730 405/1114/1730
f 957/1865/1731 958/1866/1731 951/1867/1731
f 951/1867/1732 958/1866/1732 952/1868/1732
f 958/1866/1733 959/1869/1733 952/1868/1733
f 952/1868/1734 959/1869/1734 953/1861/1734
f 953/1857/1735 959/1870/1735 954/1863/1735
f 959/1870/1736 955/1132/1736 954/1863/1736
f 558/703/1737 960/1602/1737 557/753/1737
f 961/1871/1738 962/1872/1738 956/1873/1738
f 956/1873/1739 962/1872/1739 957/1865/1739
f 962/1872/1740 963/1874/1740 957/1865/1740
f 957/1865/1741 963/1874/1741 958/1866/1741
f 963/1875/1742 959/1870/1742 958/1876/1742
f 964/702/1743 965/1877/1743 558/703/1743
f 558/703/1744 965/1877/1744 960/1602/1744
f 965/1878/1745 966/1879/1745 960/1880/1745
f 960/1880/1746 966/1879/1746 961/1871/1746
f 966/1879/1747 967/1881/1747 961/1871/1747
f 961/1871/1748 967/1881/1748 962/1872/1748
f 962/1882/1749 967/1883/1749 963/1875/1749
f 967/1883/1750 968/1884/1750 963/1875/1750
f 963/1875/1751 968/1884/1751 959/1870/1751
f 959/1870/1752 968/1884/1752 955/1132/1752
f 968/1884/1753 392/1094/1753 955/1132/1753
f 604/704/1754 969/1841/1754 964/702/1754
f 969/1885/1755 970/1886/1755 964/1887/1755
f 970/1886/1756 971/1888/1756 964/1887/1756
f 964/1887/1757 971/1888/1757 965/1878/1757
f 965/1878/1758 971/1888/1758 966/1879/1758
f 971/1889/1759 967/1883/1759 966/1890/1759
f 968/1884/1760 972/1891/1760 392/1094/1760
f 972/1891/1761 415/1133/1761 392/1094/1761
f 131/1892/1762 973/1893/1762 969/1885/1762
f 973/1893/1763 974/1894/1763 969/1885/1763
f 969/1885/1764 974/1894/1764 970/1886/1764
f 974/1895/1765 975/1896/1765 970/1897/1765
f 970/1897/1766 975/1896/1766 971/1889/1766
f 975/1896/1767 976/1898/1767 971/1889/1767
f 971/1889/1768 976/1898/1768 967/1883/1768
f 976/1898/1769 977/1899/1769 967/1883/1769
f 967/1883/1770 977/1899/1770 968/1884/1770
f 977/1899/1771 978/1900/1771 968/1884/1771
f 978/1900/1772 972/1891/1772 968/1884/1772
f 130/1847/1773 979/1846/1773 973/1893/1773
f 979/1901/1774 975/1896/1774 973/1902/1774
f 973/1902/1775 975/1896/1775 974/1895/1775
f 129/1903/1776 128/1904/1776 979/1901/1776
f 128/1904/1777 980/1905/1777 979/1901/1777
f 979/1901/1778 980/1905/1778 975/1896/1778
f 972/1891/1779 981/1906/1779 415/1133/1779
f 415/1133/1780 984/1907/1780 633/1146/1780
f 980/1905/1781 982/1908/1781 975/1896/1781
f 975/1896/1782 982/1908/1782 976/1898/1782
f 982/1908/1783 977/1899/1783 976/1898/1783
f 978/1900/1784 983/1909/1784 972/1891/1784
f 983/1909/1785 981/1906/1785 972/1891/1785
f 981/1906/1786 984/1907/1786 415/1133/1786
f 984/1907/1787 2105/1910/1787 633/1146/1787
f 982/1908/1788 985/1911/1788 977/1899/1788
f 985/1911/1789 986/1912/1789 977/1899/1789
f 977/1899/1790 986/1912/1790 978/1900/1790
f 986/1912/1791 983/1909/1791 978/1900/1791
f 984/1907/1792 987/1913/1792 2105/1910/1792
f 1562/1914/1793 980/1905/1793 128/1904/1793
f 980/1905/1794 988/1915/1794 982/1908/1794
f 981/1906/1795 989/1916/1795 984/1907/1795
f 1562/1914/1796 988/1915/1796 980/1905/1796
f 983/1909/1797 989/1916/1797 981/1906/1797
f 989/1916/1798 987/1913/1798 984/1907/1798
f 988/1915/1799 990/1917/1799 982/1908/1799
f 990/1917/1800 985/1911/1800 982/1908/1800
f 986/1912/1801 991/1918/1801 983/1909/1801
f 991/1918/1802 989/1916/1802 983/1909/1802
f 989/1916/1803 992/1919/1803 987/1913/1803
f 987/1913/1804 993/1920/1804 2105/1910/1804
f 993/1920/1805 5/845/1805 2105/1910/1805
f 1564/1850/1806 994/1921/1806 1562/1914/1806
f 1562/1914/1807 994/1921/1807 988/1915/1807
f 990/1917/1808 995/1922/1808 985/1911/1808
f 985/1911/1809 995/1922/1809 986/1912/1809
f 995/1922/1810 991/1918/1810 986/1912/1810
f 991/1918/1811 996/1923/1811 989/1916/1811
f 996/1923/1812 992/1919/1812 989/1916/1812
f 992/1919/1813 993/1920/1813 987/1913/1813
f 993/1920/1814 997/1924/1814 5/845/1814
f 994/1921/1815 990/1917/1815 988/1915/1815
f 997/1924/1816 999/844/1816 5/845/1816
f 328/118/1817 836/305/1817 1543/1925/1817
f 1538/1926/1818 138/1742/1818 1536/1927/1818
f 998/1849/1819 994/1921/1819 1564/1850/1819
f 990/1917/1820 1000/1928/1820 995/1922/1820
f 1000/1928/1821 991/1918/1821 995/1922/1821
f 991/1918/1822 1001/1929/1822 996/1923/1822
f 996/1923/1823 1002/1930/1823 992/1919/1823
f 1002/1930/1824 993/1920/1824 992/1919/1824
f 993/1920/1825 1003/1931/1825 997/1924/1825
f 1003/1931/1826 1004/1932/1826 997/1924/1826
f 1004/1932/1827 1005/1933/1827 997/1924/1827
f 997/1924/1828 1005/1933/1828 999/844/1828
f 1005/1933/1829 149/539/1829 999/844/1829
f 994/1921/1830 1006/1934/1830 990/1917/1830
f 1000/1928/1831 1001/1929/1831 991/1918/1831
f 1001/1929/1832 1002/1930/1832 996/1923/1832
f 1002/1930/1833 1007/1935/1833 993/1920/1833
f 1007/1935/1834 1008/1936/1834 993/1920/1834
f 1008/1936/1835 1009/1937/1835 993/1920/1835
f 993/1920/1836 1009/1937/1836 1003/1931/1836
f 1009/1937/1837 1010/1938/1837 1003/1931/1837
f 1003/1931/1838 1010/1938/1838 1004/1932/1838
f 1010/1938/1839 1005/1933/1839 1004/1932/1839
f 1005/1933/1840 1011/1939/1840 149/539/1840
f 1011/1939/1841 1012/1940/1841 149/539/1841
f 149/539/1842 1012/1940/1842 148/1147/1842
f 1574/1941/1843 998/1849/1843 1570/1848/1843
f 998/1849/1844 1006/1934/1844 994/1921/1844
f 1006/1934/1845 1013/1942/1845 990/1917/1845
f 990/1917/1846 1013/1942/1846 1000/1928/1846
f 1014/1943/1847 1007/1935/1847 1002/1930/1847
f 1007/1935/1848 1015/1944/1848 1008/1936/1848
f 1015/1944/1849 1016/1945/1849 1008/1936/1849
f 1008/1936/1850 1016/1945/1850 1009/1937/1850
f 1016/1945/1851 1010/1938/1851 1009/1937/1851
f 1010/1938/1852 1017/1946/1852 1005/1933/1852
f 1017/1946/1853 1018/1947/1853 1005/1933/1853
f 1005/1933/1854 1018/1947/1854 1011/1939/1854
f 1018/1947/1855 1019/1948/1855 1011/1939/1855
f 1011/1949/1856 1019/19/1856 1012/21/1856
f 1574/1941/1857 1020/1950/1857 998/1849/1857
f 998/1849/1858 1021/1951/1858 1006/1934/1858
f 1013/1942/1859 1022/1952/1859 1000/1928/1859
f 1022/1952/1860 1001/1929/1860 1000/1928/1860
f 1001/1929/1861 1024/1953/1861 1002/1930/1861
f 1024/1953/1862 1014/1943/1862 1002/1930/1862
f 1014/1943/1863 1025/1954/1863 1007/1935/1863
f 1025/1954/797 1026/1955/797 1007/1935/797
f 1007/1935/1864 1026/1955/1864 1015/1944/1864
f 1026/1955/1865 1016/1945/1865 1015/1944/1865
f 1016/1945/1866 1027/1956/1866 1010/1938/1866
f 1027/1956/1867 1028/1957/1867 1010/1938/1867
f 1010/1938/1868 1028/1957/1868 1017/1946/1868
f 1028/1957/1869 1029/1958/1869 1017/1946/1869
f 1017/1959/1870 1029/1960/1870 1018/1961/1870
f 1029/1960/1871 1030/1962/1871 1018/1961/1871
f 1018/1947/1872 1030/1963/1872 1019/1948/1872
f 1030/1963/1873 1031/1964/1873 1019/1948/1873
f 1579/1965/1874 1020/1950/1874 1574/1941/1874
f 1020/1950/1875 1021/1951/1875 998/1849/1875
f 1006/1934/1876 1032/1966/1876 1013/1942/1876
f 1022/1952/1877 1023/1967/1877 1001/1929/1877
f 1023/1967/1878 1024/1953/1878 1001/1929/1878
f 1024/1953/1879 1033/1968/1879 1014/1943/1879
f 1033/1968/1880 1034/1969/1880 1014/1943/1880
f 1014/1943/1881 1034/1969/1881 1025/1954/1881
f 1034/1969/1882 1026/1955/1882 1025/1954/1882
f 1026/1955/1883 1035/1970/1883 1016/1945/1883
f 1035/1970/1884 1036/1971/1884 1016/1945/1884
f 1016/1945/1885 1036/1971/1885 1027/1956/1885
f 1036/1972/1886 1037/1973/1886 1027/1974/1886
f 1027/1975/1887 1037/1976/1887 1028/1977/1887
f 1037/1976/1888 1038/1978/1888 1028/1977/1888
f 1028/1957/1889 1038/1979/1889 1029/1958/1889
f 1038/1979/1890 1049/1980/1890 1029/1958/1890
f 1029/1958/1891 1049/1980/1891 1030/1963/1891
f 1030/1963/1892 1049/1980/1892 1031/1964/1892
f 1579/1965/1893 1039/1981/1893 1020/1950/1893
f 1021/1951/1894 1040/1982/1894 1006/1934/1894
f 1040/1982/1895 1032/1966/1895 1006/1934/1895
f 1013/1942/1896 1051/1983/1896 1022/1952/1896
f 1022/1952/1897 1041/1984/1897 1023/1967/1897
f 1023/1967/1898 1042/1985/1898 1024/1953/1898
f 1042/1985/1899 1043/1986/1899 1024/1953/1899
f 1024/1953/1900 1043/1986/1900 1033/1968/1900
f 1043/1986/1901 1044/1987/1901 1033/1968/1901
f 1033/1968/1902 1044/1987/1902 1034/1969/1902
f 1044/1987/1903 1045/1988/1903 1034/1969/1903
f 1034/1969/1904 1045/1988/1904 1026/1955/1904
f 1045/1988/1905 1046/1989/1905 1026/1955/1905
f 1026/1955/1906 1046/1989/1906 1035/1970/1906
f 1046/1990/1907 1047/1991/1907 1035/1992/1907
f 1035/1993/1908 1047/1994/1908 1036/1995/1908
f 1047/1994/1909 1048/1996/1909 1036/1995/1909
f 1036/1971/1910 1048/1997/1910 1037/1998/1910
f 1048/1997/1911 1049/1980/1911 1037/1998/1911
f 1037/1998/1912 1049/1980/1912 1038/1979/1912
f 1584/1999/1913 1039/1981/1913 1579/1965/1913
f 1020/1950/1914 1040/1982/1914 1021/1951/1914
f 1032/1966/1915 1051/1983/1915 1013/1942/1915
f 1051/1983/1916 1052/2000/1916 1022/1952/1916
f 1052/2000/1917 1041/1984/1917 1022/1952/1917
f 1041/1984/1918 1053/2001/1918 1023/1967/1918
f 1053/2001/1919 1054/2002/1919 1023/1967/1919
f 1023/1967/1920 1054/2002/1920 1042/1985/1920
f 1054/2002/1921 1055/2003/1921 1042/1985/1921
f 1042/1985/1922 1055/2003/1922 1043/1986/1922
f 1055/2003/1923 1056/2004/1923 1043/1986/1923
f 1043/1986/1924 1056/2004/1924 1044/1987/1924
f 1056/2004/1925 1057/2005/1925 1044/1987/1925
f 1044/2006/1926 1057/2007/1926 1045/2008/1926
f 1057/2009/1927 1058/2010/1927 1045/2011/1927
f 1045/2008/1928 1058/2012/1928 1046/2013/1928
f 1058/2012/1929 1059/2014/1929 1046/2013/1929
f 1046/1989/1930 1059/2015/1930 1047/2016/1930
f 1047/2016/1931 1059/2015/1931 1048/1997/1931
f 1059/2015/1932 1049/1980/1932 1048/1997/1932
f 1049/1980/1933 1060/2017/1933 1031/1964/1933
f 1060/2017/1934 1050/850/1934 1031/1964/1934
f 2081/763/451 646/756/451 645/758/451
f 1584/1999/1935 127/2018/1935 1039/1981/1935
f 1039/1981/1936 1061/2019/1936 1020/1950/1936
f 1020/1950/1937 1061/2019/1937 1040/1982/1937
f 1052/2000/1938 1062/2020/1938 1041/1984/1938
f 1062/2020/1939 1063/2021/1939 1041/1984/1939
f 1041/1984/1940 1063/2021/1940 1053/2001/1940
f 1063/2021/1941 1064/2022/1941 1053/2001/1941
f 1053/2001/1942 1064/2022/1942 1054/2002/1942
f 1064/2022/1943 1065/2023/1943 1054/2002/1943
f 1054/2002/1944 1065/2023/1944 1055/2003/1944
f 1065/2023/1945 1066/2024/1945 1055/2003/1945
f 1055/2025/1946 1066/2026/1946 1056/2027/1946
f 1066/2028/1947 1067/2029/1947 1056/2030/1947
f 1056/2004/1948 1067/2031/1948 1057/2005/1948
f 1067/2031/1949 1068/2032/1949 1057/2005/1949
f 1057/2005/1950 1068/2032/1950 1058/2033/1950
f 1058/2033/1951 1068/2032/1951 1059/2015/1951
f 1068/2032/1952 1069/2034/1952 1059/2015/1952
f 1059/2015/1953 1069/2034/1953 1049/1980/1953
f 1069/2034/1954 1060/2017/1954 1049/1980/1954
f 1060/2017/1955 1070/2035/1955 1050/850/1955
f 127/2018/1956 1071/2036/1956 1039/1981/1956
f 1032/1966/1957 1072/2037/1957 1051/1983/1957
f 1072/2037/1958 1073/2038/1958 1051/1983/1958
f 1073/2038/1959 1074/2039/1959 1051/1983/1959
f 1051/1983/1960 1074/2039/1960 1052/2000/1960
f 1074/2039/1961 1075/2040/1961 1052/2000/1961
f 1052/2000/1962 1075/2040/1962 1062/2020/1962
f 1075/2040/1963 1076/2041/1963 1062/2020/1963
f 1062/2020/1964 1076/2041/1964 1063/2021/1964
f 1076/2041/1965 1077/2042/1965 1063/2021/1965
f 1063/2021/1966 1077/2042/1966 1064/2022/1966
f 1077/2043/1967 1078/2044/1967 1064/2045/1967
f 1064/2046/1968 1078/2047/1968 1065/2048/1968
f 1078/2049/1969 1079/2050/1969 1065/2051/1969
f 1065/2023/1970 1079/2052/1970 1066/2024/1970
f 1079/2052/1971 1080/2053/1971 1066/2024/1971
f 1066/2024/1972 1080/2053/1972 1067/2031/1972
f 1067/2031/1973 1080/2053/1973 1068/2032/1973
f 1080/2053/1974 1081/2054/1974 1068/2032/1974
f 1081/2054/1975 1069/2034/1975 1068/2032/1975
f 1069/2034/1976 1082/2055/1976 1060/2017/1976
f 1082/2055/1977 1070/2035/1977 1060/2017/1977
f 1070/2035/1978 1083/849/1978 1050/850/1978
f 2091/774/451 650/773/451 649/772/451
f 1071/2036/1979 1061/2019/1979 1039/1981/1979
f 1040/1982/1980 1085/2056/1980 1032/1966/1980
f 1085/2056/1981 1086/2057/1981 1032/1966/1981
f 1086/2057/1982 1072/2037/1982 1032/1966/1982
f 1072/2037/1983 1087/2058/1983 1073/2038/1983
f 1087/2058/1984 1074/2039/1984 1073/2038/1984
f 1074/2039/1985 1088/2059/1985 1075/2040/1985
f 1088/2059/1986 1089/2060/1986 1075/2040/1986
f 1075/2040/1987 1089/2060/1987 1076/2041/1987
f 1089/2061/1988 1090/2062/1988 1076/2063/1988
f 1076/2064/1989 1090/2065/1989 1077/2066/1989
f 1090/2067/1990 1091/2068/1990 1077/2069/1990
f 1077/2042/1991 1091/2070/1991 1078/2071/1991
f 1078/2071/1992 1091/2070/1992 1079/2052/1992
f 1091/2070/1993 1080/2053/1993 1079/2052/1993
f 1081/2054/1994 1082/2055/1994 1069/2034/1994
f 126/2072/1995 1084/2073/1995 127/2018/1995
f 1084/2073/1996 1092/2074/1996 127/2018/1996
f 127/2018/1997 1092/2074/1997 1071/2036/1997
f 1061/2019/1998 1093/2075/1998 1040/1982/1998
f 1093/2075/1999 1085/2056/1999 1040/1982/1999
f 1085/2056/2000 1094/2076/2000 1086/2057/2000
f 1086/2057/2001 1094/2076/2001 1072/2037/2001
f 1094/2076/2002 1087/2058/2002 1072/2037/2002
f 1087/2058/2003 1095/2077/2003 1074/2039/2003
f 1095/2077/2004 1096/2078/2004 1074/2039/2004
f 1074/2039/2005 1096/2078/2005 1088/2059/2005
f 1096/2079/2006 1097/2080/2006 1088/2081/2006
f 1088/2082/2007 1097/2083/2007 1089/2084/2007
f 1097/2085/2008 1098/2086/2008 1089/2087/2008
f 1089/2060/2009 1098/2088/2009 1090/2089/2009
f 1098/2088/2010 1091/2070/2010 1090/2089/2010
f 1091/2070/2011 1099/2090/2011 1080/2053/2011
f 1080/2053/2012 1099/2090/2012 1081/2054/2012
f 1070/2035/2013 1100/2091/2013 1083/849/2013
f 1083/849/2014 1101/802/2014 635/804/2014
f 1071/2036/2015 1102/2092/2015 1061/2019/2015
f 1102/2092/2016 1093/2075/2016 1061/2019/2016
f 1093/2075/2017 1103/2093/2017 1085/2056/2017
f 1103/2093/2018 1104/2094/2018 1085/2056/2018
f 1085/2056/2019 1104/2094/2019 1094/2076/2019
f 1104/2094/2020 1105/2095/2020 1094/2076/2020
f 1094/2076/2021 1105/2095/2021 1087/2058/2021
f 1105/2095/2022 1106/2096/2022 1087/2058/2022
f 1087/2058/2023 1106/2096/2023 1095/2077/2023
f 1106/2097/2024 1107/2098/2024 1095/2099/2024
f 1095/2100/2025 1107/2101/2025 1096/2102/2025
f 1107/2103/2026 1108/2104/2026 1096/2105/2026
f 1096/2079/2027 1108/2106/2027 1097/2080/2027
f 1108/2107/2028 1109/2108/2028 1097/2109/2028
f 1097/2109/2029 1109/2108/2029 1098/2088/2029
f 1098/2088/2030 1109/2108/2030 1091/2070/2030
f 1109/2108/2031 1110/2110/2031 1091/2070/2031
f 1110/2110/2032 1099/2090/2032 1091/2070/2032
f 1099/2090/2033 1111/2111/2033 1081/2054/2033
f 1111/2111/2034 1082/2055/2034 1081/2054/2034
f 1082/2055/2035 1112/2112/2035 1070/2035/2035
f 1112/2112/2036 1100/2091/2036 1070/2035/2036
f 1100/2091/2037 1101/802/2037 1083/849/2037
f 126/2072/2038 1113/2113/2038 1084/2073/2038
f 1092/2074/2039 1102/2092/2039 1071/2036/2039
f 1102/2092/2040 1114/2114/2040 1093/2075/2040
f 1114/2114/2041 1103/2093/2041 1093/2075/2041
f 1115/2115/2042 1116/2116/2042 1103/2093/2042
f 1103/2093/2043 1116/2116/2043 1104/2094/2043
f 1116/2117/2044 1117/2118/2044 1104/2119/2044
f 1104/2094/2045 1117/2120/2045 1105/2095/2045
f 1117/2120/2046 1118/2121/2046 1105/2095/2046
f 1105/2122/2047 1118/2123/2047 1106/2124/2047
f 1118/2125/2048 1119/2126/2048 1106/2127/2048
f 1106/2097/2049 1119/2128/2049 1107/2098/2049
f 1119/2129/2050 1109/2108/2050 1107/2130/2050
f 1107/2130/2051 1109/2108/2051 1108/2107/2051
f 1110/2110/2052 1120/2131/2052 1099/2090/2052
f 1120/2131/2053 1111/2111/2053 1099/2090/2053
f 1111/2111/2054 1121/2132/2054 1082/2055/2054
f 1121/2132/2055 1112/2112/2055 1082/2055/2055
f 1100/2091/2056 1122/2133/2056 1101/802/2056
f 1113/2113/2057 1123/2134/2057 1084/2073/2057
f 1084/2073/2058 1123/2134/2058 1092/2074/2058
f 1123/2134/2059 1124/2135/2059 1092/2074/2059
f 1092/2074/2060 1124/2135/2060 1102/2092/2060
f 1124/2135/2061 1114/2114/2061 1102/2092/2061
f 1114/2114/2062 1125/2136/2062 1103/2093/2062
f 1125/2136/2063 1126/2137/2063 1103/2093/2063
f 1103/2093/2064 1126/2137/2064 1115/2115/2064
f 1126/2138/2065 1127/2139/2065 1115/2140/2065
f 1115/2115/2066 1127/2141/2066 1116/2116/2066
f 1127/2141/2067 1128/2142/2067 1116/2116/2067
f 1116/2117/2068 1128/2143/2068 1117/2118/2068
f 1128/2142/2069 1129/2144/2069 1117/2120/2069
f 1117/2120/2070 1129/2144/2070 1118/2121/2070
f 1118/2121/2071 1129/2144/2071 1119/2129/2071
f 1129/2144/2072 1109/2108/2072 1119/2129/2072
f 1109/2108/2073 1130/2145/2073 1110/2110/2073
f 1120/2131/2074 1131/2146/2074 1111/2111/2074
f 1131/2146/2075 1132/2147/2075 1111/2111/2075
f 1132/2147/2076 1121/2132/2076 1111/2111/2076
f 1122/2133/2077 1133/2148/2077 1101/802/2077
f 1133/2148/2078 394/1097/2078 1101/802/2078
f 125/2149/2079 1113/2113/2079 126/2072/2079
f 1113/2113/2080 1134/2150/2080 1123/2134/2080
f 1123/2134/2081 1134/2150/2081 1124/2135/2081
f 1124/2135/2082 1135/2151/2082 1114/2114/2082
f 1135/2151/2083 1136/2152/2083 1114/2114/2083
f 1114/2114/2084 1136/2152/2084 1125/2136/2084
f 1136/2153/2085 1137/2154/2085 1125/2155/2085
f 1125/2136/2086 1137/2156/2086 1126/2137/2086
f 1137/2156/2087 1138/2157/2087 1126/2137/2087
f 1126/2138/2088 1138/2158/2088 1127/2139/2088
f 1138/2157/2089 1128/2142/2089 1127/2141/2089
f 1129/2144/2090 1139/2159/2090 1109/2108/2090
f 1139/2159/2091 1130/2145/2091 1109/2108/2091
f 1130/2145/2092 1120/2131/2092 1110/2110/2092
f 1132/2147/2093 1112/2112/2093 1121/2132/2093
f 1112/2112/2094 1140/2160/2094 1100/2091/2094
f 125/2149/2095 1141/2161/2095 1113/2113/2095
f 1113/2113/2096 1141/2161/2096 1134/2150/2096
f 1134/2150/2097 1142/2162/2097 1124/2135/2097
f 1142/2162/2098 1143/2163/2098 1124/2135/2098
f 1124/2135/2099 1143/2163/2099 1135/2151/2099
f 1143/2164/2100 1144/2165/2100 1135/2166/2100
f 1144/2167/2101 1145/2168/2101 1135/2151/2101
f 1135/2151/2102 1145/2168/2102 1136/2152/2102
f 1136/2153/2103 1145/2169/2103 1137/2154/2103
f 1145/2168/2104 1138/2157/2104 1137/2156/2104
f 1138/2157/2105 1146/2170/2105 1128/2142/2105
f 1128/2142/2106 1146/2170/2106 1129/2144/2106
f 1146/2170/2107 1139/2159/2107 1129/2144/2107
f 1139/2159/2108 1158/2171/2108 1130/2145/2108
f 1120/2131/2109 1147/2172/2109 1131/2146/2109
f 1147/2172/2110 1148/2173/2110 1131/2146/2110
f 1131/2146/2111 1148/2173/2111 1132/2147/2111
f 1132/2147/2112 1149/2174/2112 1112/2112/2112
f 1149/2174/2113 1140/2160/2113 1112/2112/2113
f 1140/2160/2114 1122/2133/2114 1100/2091/2114
f 1122/2133/2115 1150/2175/2115 1133/2148/2115
f 1151/2176/2116 1152/2177/2116 1133/2148/2116
f 1133/2148/2117 1152/2177/2117 394/1097/2117
f 1152/2177/2118 147/1148/2118 394/1097/2118
f 1603/2178/2119 124/1853/2119 125/2179/2119
f 124/2180/2120 1141/2161/2120 125/2149/2120
f 1141/2161/2121 1153/2181/2121 1134/2150/2121
f 1153/2181/2122 1154/2182/2122 1134/2150/2122
f 1134/2150/2123 1154/2182/2123 1142/2162/2123
f 1154/2183/2124 1155/2184/2124 1142/2185/2124
f 1155/2186/2125 1156/2187/2125 1142/2162/2125
f 1142/2162/2126 1156/2187/2126 1143/2163/2126
f 1143/2164/2127 1156/2188/2127 1144/2165/2127
f 1144/2167/2128 1156/2187/2128 1145/2168/2128
f 1145/2168/2129 1157/2189/2129 1138/2157/2129
f 1157/2189/2130 1146/2170/2130 1138/2157/2130
f 1146/2170/2131 1158/2171/2131 1139/2159/2131
f 1130/2145/2132 1169/2190/2132 1120/2131/2132
f 1169/2190/2133 1147/2172/2133 1120/2131/2133
f 1148/2173/2134 1159/2191/2134 1132/2147/2134
f 1159/2191/2135 1149/2174/2135 1132/2147/2135
f 1140/2160/2136 1160/2192/2136 1122/2133/2136
f 1160/2192/2137 1150/2175/2137 1122/2133/2137
f 1150/2175/2138 1151/2176/2138 1133/2148/2138
f 1151/2176/2139 1161/2193/2139 1152/2177/2139
f 1161/2193/2140 1162/2194/2140 1152/2177/2140
f 1152/2177/2141 1162/2194/2141 147/1148/2141
f 1162/2194/2142 146/1149/2142 147/1148/2142
f 124/2180/2143 1163/2195/2143 1141/2161/2143
f 1163/2195/2144 1164/2196/2144 1141/2161/2144
f 1141/2161/2145 1164/2196/2145 1153/2181/2145
f 1164/2197/2146 1165/2198/2146 1153/2199/2146
f 1153/2181/2147 1165/2200/2147 1154/2182/2147
f 1154/2183/2148 1165/2198/2148 1155/2184/2148
f 1165/2200/2149 1166/2201/2149 1155/2186/2149
f 1155/2186/2150 1166/2201/2150 1156/2187/2150
f 1156/2187/2151 1167/2202/2151 1145/2168/2151
f 1145/2168/2152 1167/2202/2152 1157/2189/2152
f 1157/2189/2153 1181/2203/2153 1146/2170/2153
f 1158/2171/2154 1168/2204/2154 1130/2145/2154
f 1168/2204/2155 1169/2190/2155 1130/2145/2155
f 1160/2192/2156 1170/2205/2156 1150/2175/2156
f 1150/2175/2157 1171/2206/2157 1151/2176/2157
f 1171/2206/2158 1172/2207/2158 1151/2176/2158
f 1151/2176/2159 1172/2207/2159 1161/2193/2159
f 1172/2207/2160 1173/2208/2160 1161/2193/2160
f 1161/2193/2161 1173/2208/2161 1162/2194/2161
f 1173/2208/2162 1174/2209/2162 1162/2194/2162
f 1162/2194/2163 1174/2209/2163 146/1149/2163
f 1174/2209/2164 145/1154/2164 146/1149/2164
f 1175/2210/2165 1176/2211/2165 124/2180/2165
f 124/1853/2166 1176/2212/2166 1163/2213/2166
f 1176/2212/2167 1177/2214/2167 1163/2213/2167
f 1177/2214/2168 1178/2215/2168 1163/2213/2168
f 1163/2195/2169 1178/2216/2169 1164/2196/2169
f 1164/2197/2170 1178/2215/2170 1165/2198/2170
f 1178/2216/2171 1166/2201/2171 1165/2200/2171
f 1166/2201/2172 1179/2217/2172 1156/2187/2172
f 1179/2217/2173 1167/2202/2173 1156/2187/2173
f 1167/2202/2174 1180/2218/2174 1157/2189/2174
f 1180/2218/2175 1181/2203/2175 1157/2189/2175
f 1146/2170/2176 1182/2219/2176 1158/2171/2176
f 1169/2190/2177 1183/2220/2177 1147/2172/2177
f 1183/2220/2178 1148/2173/2178 1147/2172/2178
f 1194/2221/2179 1140/2160/2179 1149/2174/2179
f 1140/2160/2180 1184/2222/2180 1160/2192/2180
f 1170/2205/2181 1185/2223/2181 1150/2175/2181
f 1185/2223/2182 1186/2224/2182 1150/2175/2182
f 1150/2175/2183 1186/2224/2183 1171/2206/2183
f 1186/2224/2184 1187/2225/2184 1171/2206/2184
f 1171/2206/2185 1187/2225/2185 1172/2207/2185
f 1187/2225/2186 1188/2226/2186 1172/2207/2186
f 1172/2207/2187 1188/2226/2187 1173/2208/2187
f 1188/2226/2188 1189/2227/2188 1173/2208/2188
f 1173/2228/2189 1189/2229/2189 1174/2230/2189
f 1189/2229/2190 1190/2231/2190 1174/2230/2190
f 1174/2209/2191 1190/2232/2191 145/1154/2191
f 1190/2232/2192 421/1139/2192 145/1154/2192
f 124/1853/2193 1191/1852/2193 1175/2233/2193
f 1175/2210/2194 1177/2234/2194 1176/2211/2194
f 1205/2235/2195 1179/2217/2195 1166/2201/2195
f 1179/2217/2196 1180/2218/2196 1167/2202/2196
f 1181/2203/2197 1192/2236/2197 1146/2170/2197
f 1192/2236/2198 1182/2219/2198 1146/2170/2198
f 1148/2173/2199 1193/2237/2199 1159/2191/2199
f 1159/2191/2200 1194/2221/2200 1149/2174/2200
f 1194/2221/2201 1195/2238/2201 1140/2160/2201
f 1195/2238/2202 1184/2222/2202 1140/2160/2202
f 1184/2222/2203 1196/2239/2203 1160/2192/2203
f 1160/2192/2204 1196/2239/2204 1170/2205/2204
f 1196/2239/2205 1197/2240/2205 1170/2205/2205
f 1170/2205/2206 1197/2240/2206 1185/2223/2206
f 1197/2240/2207 1198/2241/2207 1185/2223/2207
f 1185/2223/2208 1198/2241/2208 1186/2224/2208
f 1198/2241/2209 1199/2242/2209 1186/2224/2209
f 1186/2224/2210 1199/2242/2210 1187/2225/2210
f 1199/2242/2211 1200/2243/2211 1187/2225/2211
f 1187/2244/2212 1200/2245/2212 1188/2246/2212
f 1200/2245/2213 1201/2247/2213 1188/2246/2213
f 1188/2226/2214 1201/2248/2214 1189/2227/2214
f 1201/2248/2215 1202/2249/2215 1189/2227/2215
f 1189/2227/2216 1202/2249/2216 1190/2232/2216
f 1190/2232/2217 1202/2249/2217 421/1139/2217
f 1191/1852/2218 1203/2250/2218 1175/2233/2218
f 1203/2250/2219 1177/2214/2219 1175/2233/2219
f 1177/2214/2220 1204/2251/2220 1178/2215/2220
f 1204/2251/2221 1205/2252/2221 1178/2215/2221
f 1178/2216/2222 1205/2235/2222 1166/2201/2222
f 1182/2219/2223 1206/2253/2223 1158/2171/2223
f 1158/2171/2224 1206/2253/2224 1168/2204/2224
f 1183/2220/2225 1193/2237/2225 1148/2173/2225
f 1195/2238/2226 1207/2254/2226 1184/2222/2226
f 1207/2254/2227 1208/2255/2227 1184/2222/2227
f 1184/2222/2228 1208/2255/2228 1196/2239/2228
f 1208/2255/2229 1209/2256/2229 1196/2239/2229
f 1196/2239/2230 1209/2256/2230 1197/2240/2230
f 1209/2256/2231 1210/2257/2231 1197/2240/2231
f 1197/2240/2232 1210/2257/2232 1198/2241/2232
f 1210/2257/2233 1211/2258/2233 1198/2241/2233
f 1198/2259/2234 1211/2260/2234 1199/2261/2234
f 1211/2260/2235 1212/2262/2235 1199/2261/2235
f 1199/2242/2236 1212/2263/2236 1200/2243/2236
f 1212/2263/2237 1213/2264/2237 1200/2243/2237
f 1200/2243/2238 1213/2264/2238 1201/2248/2238
f 1213/2264/2239 1202/2249/2239 1201/2248/2239
f 1202/2249/2240 1227/2265/2240 421/1139/2240
f 1227/2265/2241 410/1122/2241 421/1139/2241
f 122/2266/2242 1203/2250/2242 1191/1852/2242
f 1203/2250/2243 1251/2267/2243 1177/2214/2243
f 1251/2267/2243 1204/2251/2243 1177/2214/2243
f 1179/2217/2244 1214/2268/2244 1180/2218/2244
f 1168/2204/2245 1215/2269/2245 1169/2190/2245
f 1215/2269/2246 1216/2270/2246 1169/2190/2246
f 1169/2190/2247 1216/2270/2247 1183/2220/2247
f 1193/2237/2248 1217/2271/2248 1159/2191/2248
f 1159/2191/2249 1217/2271/2249 1194/2221/2249
f 1218/2272/2250 1219/2273/2250 1194/2221/2250
f 1194/2221/2251 1219/2273/2251 1195/2238/2251
f 1219/2273/2252 1220/2274/2252 1195/2238/2252
f 1220/2274/2253 1221/2275/2253 1195/2238/2253
f 1195/2238/2254 1221/2275/2254 1207/2254/2254
f 1221/2275/2255 1222/2276/2255 1207/2254/2255
f 1207/2254/2256 1222/2276/2256 1208/2255/2256
f 1222/2276/2257 1223/2277/2257 1208/2255/2257
f 1208/2255/2258 1223/2277/2258 1209/2256/2258
f 1223/2277/2259 1224/2278/2259 1209/2256/2259
f 1209/2279/2260 1224/2280/2260 1210/2281/2260
f 1224/2280/2261 1225/2282/2261 1210/2281/2261
f 1210/2257/2262 1225/2283/2262 1211/2258/2262
f 1225/2283/2263 1226/2284/2263 1211/2258/2263
f 1211/2258/2264 1226/2284/2264 1212/2263/2264
f 1226/2284/2265 1213/2264/2265 1212/2263/2265
f 1213/2264/2266 1227/2265/2266 1202/2249/2266
f 1641/2285/2267 1203/2250/2267 122/2266/2267
f 1204/2251/2268 1228/2286/2268 1205/2252/2268
f 1205/2235/2269 1229/2287/2269 1179/2217/2269
f 1229/2287/2270 1214/2268/2270 1179/2217/2270
f 1180/2218/2271 1230/2288/2271 1181/2203/2271
f 1181/2203/2272 1230/2288/2272 1192/2236/2272
f 1182/2219/2273 1231/2289/2273 1206/2253/2273
f 1206/2253/2274 1215/2269/2274 1168/2204/2274
f 1183/2220/2275 1232/2290/2275 1193/2237/2275
f 1217/2271/2276 1218/2272/2276 1194/2221/2276
f 1218/2272/2277 1233/2291/2277 1219/2273/2277
f 1233/2291/2278 1234/2292/2278 1219/2273/2278
f 1219/2273/2279 1234/2292/2279 1220/2274/2279
f 1234/2292/2280 1235/2293/2280 1220/2274/2280
f 1220/2274/2281 1235/2293/2281 1221/2275/2281
f 1235/2293/2282 1236/2294/2282 1221/2275/2282
f 1221/2275/2283 1236/2294/2283 1222/2276/2283
f 1236/2294/2284 1237/2295/2284 1222/2276/2284
f 1222/2296/2285 1237/2297/2285 1223/2298/2285
f 1237/2297/2286 1238/2299/2286 1223/2298/2286
f 1223/2277/2287 1238/2300/2287 1224/2278/2287
f 1238/2300/2288 1239/2301/2288 1224/2278/2288
f 1224/2278/2289 1239/2301/2289 1225/2283/2289
f 1239/2301/2290 1226/2284/2290 1225/2283/2290
f 1226/2284/2291 1240/2302/2291 1213/2264/2291
f 1213/2264/2292 1240/2302/2292 1227/2265/2292
f 1227/2265/2293 1250/2303/2293 410/1122/2293
f 1250/2303/2294 397/1100/2294 410/1122/2294
f 1228/2304/2295 1229/2287/2295 1205/2235/2295
f 1214/2268/2296 1241/2305/2296 1180/2218/2296
f 1241/2305/2297 1230/2288/2297 1180/2218/2297
f 1192/2236/2298 1242/2306/2298 1182/2219/2298
f 1242/2306/2299 1231/2289/2299 1182/2219/2299
f 1216/2270/2300 1232/2290/2300 1183/2220/2300
f 1217/2271/2301 1243/2307/2301 1218/2272/2301
f 1243/2307/2302 1244/2308/2302 1218/2272/2302
f 1218/2272/2303 1244/2308/2303 1233/2291/2303
f 1244/2308/2304 1234/2292/2304 1233/2291/2304
f 1234/2292/2305 1245/2309/2305 1235/2293/2305
f 1245/2309/2306 1246/2310/2306 1235/2293/2306
f 1235/2311/2307 1246/2312/2307 1236/2313/2307
f 1246/2312/2308 1247/2314/2308 1236/2313/2308
f 1236/2294/2309 1247/2315/2309 1237/2295/2309
f 1247/2315/2310 1248/2316/2310 1237/2295/2310
f 1237/2295/2311 1248/2316/2311 1238/2300/2311
f 1238/2300/2312 1248/2316/2312 1239/2301/2312
f 1239/2301/2313 1249/2317/2313 1226/2284/2313
f 1226/2284/2314 1249/2317/2314 1240/2302/2314
f 1240/2302/2315 1250/2303/2315 1227/2265/2315
f 1641/2285/2316 1251/2267/2316 1203/2250/2316
f 1251/2267/2317 1270/2318/2317 1204/2251/2317
f 1270/2318/2318 1228/2286/2318 1204/2251/2318
f 1230/2288/2319 1242/2306/2319 1192/2236/2319
f 1231/2289/2320 1252/2319/2320 1206/2253/2320
f 1206/2253/2321 1252/2319/2321 1215/2269/2321
f 1232/2290/2322 1253/2320/2322 1193/2237/2322
f 1193/2237/2323 1253/2320/2323 1217/2271/2323
f 1253/2320/2324 1254/2321/2324 1217/2271/2324
f 1217/2271/2325 1254/2321/2325 1243/2307/2325
f 1254/2321/2326 1244/2308/2326 1243/2307/2326
f 1244/2308/2327 1255/2322/2327 1234/2292/2327
f 1255/2322/2328 1256/2323/2328 1234/2292/2328
f 1234/2292/2329 1256/2323/2329 1245/2309/2329
f 1256/2324/2330 1257/2325/2330 1245/2326/2330
f 1245/2309/2331 1257/2327/2331 1246/2310/2331
f 1257/2327/2332 1258/2328/2332 1246/2310/2332
f 1246/2310/2333 1258/2328/2333 1247/2315/2333
f 1247/2315/2334 1258/2328/2334 1248/2316/2334
f 1248/2316/2335 1259/2329/2335 1239/2301/2335
f 1239/2301/2336 1259/2329/2336 1249/2317/2336
f 1228/2304/2337 1260/2330/2337 1229/2287/2337
f 1215/2269/2338 1261/2331/2338 1216/2270/2338
f 1261/2331/2339 1262/2332/2339 1216/2270/2339
f 1216/2270/2340 1262/2332/2340 1232/2290/2340
f 1262/2332/2341 1263/2333/2341 1232/2290/2341
f 1232/2290/2342 1263/2333/2342 1253/2320/2342
f 1263/2333/2343 1254/2321/2343 1253/2320/2343
f 1254/2321/2344 1264/2334/2344 1244/2308/2344
f 1264/2334/2345 1265/2335/2345 1244/2308/2345
f 1244/2308/2346 1265/2335/2346 1255/2322/2346
f 1265/2336/2347 1266/2337/2347 1255/2338/2347
f 1255/2339/2348 1266/2340/2348 1256/2341/2348
f 1266/2340/2349 1267/2342/2349 1256/2341/2349
f 1256/2323/2350 1267/2343/2350 1257/2327/2350
f 1257/2327/2351 1267/2343/2351 1258/2328/2351
f 1258/2328/2352 1268/2344/2352 1248/2316/2352
f 1248/2316/2353 1268/2344/2353 1259/2329/2353
f 1249/2317/2354 1269/2345/2354 1240/2302/2354
f 1695/2346/2355 1251/2347/2355 1641/2348/2355
f 1260/2330/2356 1214/2268/2356 1229/2287/2356
f 1230/2288/2357 1271/2349/2357 1242/2306/2357
f 1252/2319/2358 1272/2350/2358 1215/2269/2358
f 1272/2350/2359 1261/2331/2359 1215/2269/2359
f 1261/2331/2360 1273/2351/2360 1262/2332/2360
f 1273/2351/2361 1263/2333/2361 1262/2332/2361
f 1263/2333/2362 1274/2352/2362 1254/2321/2362
f 1274/2352/2363 1275/2353/2363 1254/2321/2363
f 1254/2321/2364 1275/2353/2364 1264/2334/2364
f 1275/2354/2365 1276/2355/2365 1264/2356/2365
f 1264/2357/2366 1276/2358/2366 1265/2359/2366
f 1276/2358/2367 1277/2360/2367 1265/2359/2367
f 1265/2335/2368 1277/2361/2368 1266/2362/2368
f 1266/2362/2369 1277/2361/2369 1267/2343/2369
f 1267/2343/2370 1278/2363/2370 1258/2328/2370
f 1258/2328/2371 1278/2363/2371 1268/2344/2371
f 1259/2329/2372 1288/2364/2372 1249/2317/2372
f 1240/2302/2373 1269/2345/2373 1250/2303/2373
f 1250/2303/2374 1279/1140/2374 397/1100/2374
f 1270/2318/2375 1299/2365/2375 1228/2286/2375
f 1241/2305/2376 1280/2366/2376 1230/2288/2376
f 1280/2366/2377 1271/2349/2377 1230/2288/2377
f 1242/2306/2378 1281/2367/2378 1231/2289/2378
f 1231/2289/2379 1281/2367/2379 1252/2319/2379
f 1272/2350/2380 1282/2368/2380 1261/2331/2380
f 1282/2368/2381 1273/2351/2381 1261/2331/2381
f 1273/2351/2382 1283/2369/2382 1263/2333/2382
f 1283/2369/2383 1284/2370/2383 1263/2333/2383
f 1263/2333/2384 1284/2370/2384 1274/2352/2384
f 1284/2371/2385 1285/2372/2385 1274/2373/2385
f 1274/2374/2386 1285/2375/2386 1275/2376/2386
f 1285/2375/2387 1286/2377/2387 1275/2376/2387
f 1275/2353/2388 1286/2378/2388 1276/2379/2388
f 1276/2379/2389 1286/2378/2389 1277/2361/2389
f 1277/2361/2390 1287/2380/2390 1267/2343/2390
f 1267/2343/2391 1287/2380/2391 1278/2363/2391
f 1268/2344/2392 1288/2364/2392 1259/2329/2392
f 1288/2364/2393 1269/2345/2393 1249/2317/2393
f 1297/2381/2394 1279/1140/2394 1250/2303/2394
f 1695/2346/2395 1270/2382/2395 1251/2347/2395
f 1299/2365/2396 1289/2383/2396 1228/2286/2396
f 1289/2383/2397 1260/2384/2397 1228/2286/2397
f 1260/2330/2398 1290/2385/2398 1214/2268/2398
f 1290/2385/2399 1291/2386/2399 1214/2268/2399
f 1214/2268/2400 1291/2386/2400 1241/2305/2400
f 1291/2386/2401 1280/2366/2401 1241/2305/2401
f 1271/2349/2402 1281/2367/2402 1242/2306/2402
f 1281/2367/2403 1272/2350/2403 1252/2319/2403
f 1272/2350/2404 1292/2387/2404 1282/2368/2404
f 1292/2387/2405 1273/2351/2405 1282/2368/2405
f 1283/2388/2406 1293/2389/2406 1284/2390/2406
f 1293/2389/2407 1294/2391/2407 1284/2390/2407
f 1284/2370/2408 1294/2392/2408 1285/2393/2408
f 1285/2393/2409 1294/2392/2409 1286/2378/2409
f 1286/2378/2410 1295/2394/2410 1277/2361/2410
f 1295/2394/2411 1287/2380/2411 1277/2361/2411
f 1278/2363/2412 1296/2395/2412 1268/2344/2412
f 1268/2344/2413 1296/2395/2413 1288/2364/2413
f 1269/2345/2414 1297/2381/2414 1250/2303/2414
f 1300/2396/2415 1301/2397/2415 1281/2367/2415
f 1281/2367/2416 1301/2397/2416 1272/2350/2416
f 1301/2397/2417 1292/2387/2417 1272/2350/2417
f 1292/2387/2418 1302/2398/2418 1273/2351/2418
f 1302/2398/2419 1303/2399/2419 1273/2351/2419
f 1273/2351/2420 1303/2399/2420 1283/2369/2420
f 1303/2400/2421 1304/2401/2421 1283/2402/2421
f 1283/2369/2422 1304/2403/2422 1293/2404/2422
f 1304/2403/2423 1294/2392/2423 1293/2404/2423
f 1294/2392/2424 1305/2405/2424 1286/2378/2424
f 1305/2405/2425 1295/2394/2425 1286/2378/2425
f 1287/2380/2426 1306/2406/2426 1278/2363/2426
f 1278/2363/2427 1306/2406/2427 1296/2395/2427
f 1288/2364/2428 1307/2407/2428 1269/2345/2428
f 1297/2381/2429 1308/2408/2429 1279/1140/2429
f 1308/2408/2430 1298/1141/2430 1279/1140/2430
f 1271/2349/2431 1309/2409/2431 1281/2367/2431
f 1309/2409/2432 1300/2396/2432 1281/2367/2432
f 1301/2397/2433 1310/2410/2433 1292/2387/2433
f 1310/2410/2434 1311/2411/2434 1292/2387/2434
f 1292/2387/2435 1311/2411/2435 1302/2398/2435
f 1311/2412/2436 1312/2413/2436 1302/2414/2436
f 1302/2415/2437 1312/2416/2437 1303/2417/2437
f 1312/2418/2438 1304/2419/2438 1303/2420/2438
f 1295/2394/2439 1313/2421/2439 1287/2380/2439
f 1287/2380/2440 1313/2421/2440 1306/2406/2440
f 1296/2395/2441 1307/2407/2441 1288/2364/2441
f 1269/2345/2442 1307/2407/2442 1297/2381/2442
f 1307/2407/2443 1308/2408/2443 1297/2381/2443
f 1322/2422/2444 391/1093/2444 1298/1141/2444
f 1314/2423/2445 1315/2424/2445 1280/2366/2445
f 1280/2366/2446 1315/2424/2446 1271/2349/2446
f 1271/2349/2447 1315/2424/2447 1309/2409/2447
f 1309/2409/2448 1316/2425/2448 1300/2396/2448
f 1316/2425/2449 1301/2397/2449 1300/2396/2449
f 1310/2410/2450 1317/2426/2450 1311/2411/2450
f 1317/2426/2451 1318/2427/2451 1311/2411/2451
f 1311/2411/2452 1318/2427/2452 1312/2428/2452
f 1312/2428/2453 1318/2427/2453 1304/2403/2453
f 1304/2403/2454 1319/2429/2454 1294/2392/2454
f 1294/2392/2455 1319/2429/2455 1305/2405/2455
f 1295/2394/2456 1320/2430/2456 1313/2421/2456
f 1307/2407/2457 1321/2431/2457 1308/2408/2457
f 1308/2408/2458 1322/2422/2458 1298/1141/2458
f 1322/2422/2459 1323/1155/2459 391/1093/2459
f 1289/2432/2460 1324/2433/2460 1260/2330/2460
f 1260/2330/2461 1324/2433/2461 1290/2385/2461
f 1291/2386/2462 1325/2434/2462 1280/2366/2462
f 1325/2434/2463 1314/2423/2463 1280/2366/2463
f 1315/2424/2464 1316/2425/2464 1309/2409/2464
f 1316/2425/2465 1326/2435/2465 1301/2397/2465
f 1326/2435/2466 1327/2436/2466 1301/2397/2466
f 1301/2397/2467 1327/2436/2467 1310/2410/2467
f 1327/2437/2468 1317/2438/2468 1310/2439/2468
f 1318/2427/2469 1328/2440/2469 1304/2403/2469
f 1304/2403/2470 1328/2440/2470 1319/2429/2470
f 1305/2405/2471 1320/2430/2471 1295/2394/2471
f 1321/2431/2472 1322/2422/2472 1308/2408/2472
f 1336/2441/2473 1323/1155/2473 1322/2422/2473
f 1314/2423/2474 1329/2442/2474 1315/2424/2474
f 1315/2424/2475 1329/2442/2475 1316/2425/2475
f 1326/2435/2476 1330/2443/2476 1327/2436/2476
f 1330/2443/2477 1331/2444/2477 1327/2436/2477
f 1327/2437/2478 1331/2445/2478 1317/2438/2478
f 1317/2426/2479 1331/2444/2479 1318/2427/2479
f 1331/2444/2480 1332/2446/2480 1318/2427/2480
f 1332/2446/2481 1328/2440/2481 1318/2427/2481
f 1319/2429/2482 1333/2447/2482 1305/2405/2482
f 1305/2405/2483 1333/2447/2483 1320/2430/2483
f 1306/2406/2484 1334/2448/2484 1296/2395/2484
f 1307/2407/2485 1346/2449/2485 1321/2431/2485
f 1321/2431/2486 1336/2441/2486 1322/2422/2486
f 1323/1155/2487 1337/2450/2487 422/1142/2487
f 1337/2450/2488 144/1156/2488 422/1142/2488
f 121/2451/2489 1270/2382/2489 1695/2346/2489
f 1350/2452/2490 1289/2432/2490 1299/2453/2490
f 1324/2433/2491 1291/2386/2491 1290/2385/2491
f 1291/2386/2492 1338/2454/2492 1325/2434/2492
f 1325/2434/2493 1339/2455/2493 1314/2423/2493
f 1314/2423/2494 1339/2455/2494 1329/2442/2494
f 1329/2442/2495 1340/2456/2495 1316/2425/2495
f 1340/2456/2496 1341/2457/2496 1316/2425/2496
f 1316/2425/2497 1341/2457/2497 1326/2435/2497
f 1341/2458/2498 1342/2459/2498 1326/2460/2498
f 1326/2435/2499 1342/2461/2499 1330/2443/2499
f 1342/2461/2500 1343/2462/2500 1330/2443/2500
f 1330/2443/2501 1343/2462/2501 1331/2444/2501
f 1331/2444/2502 1344/2463/2502 1332/2446/2502
f 1328/2440/2503 1345/2464/2503 1319/2429/2503
f 1319/2429/2504 1345/2464/2504 1333/2447/2504
f 1313/2421/2505 1354/2465/2505 1306/2406/2505
f 1354/2465/2506 1334/2448/2506 1306/2406/2506
f 1296/2395/2507 1334/2448/2507 1307/2407/2507
f 1334/2448/2508 1346/2449/2508 1307/2407/2508
f 1346/2449/2509 1335/2466/2509 1321/2431/2509
f 1335/2466/2510 1336/2441/2510 1321/2431/2510
f 1336/2441/2511 1348/2467/2511 1323/1155/2511
f 1348/2467/2512 1349/2468/2512 1323/1155/2512
f 1323/1155/2513 1349/2468/2513 1337/2450/2513
f 1349/2468/2514 144/1156/2514 1337/2450/2514
f 121/2451/2515 1299/2453/2515 1270/2382/2515
f 1324/2433/2516 1351/2469/2516 1291/2386/2516
f 1340/2456/2517 1352/2470/2517 1341/2457/2517
f 1352/2470/2518 1342/2461/2518 1341/2457/2518
f 1343/2462/2519 1344/2463/2519 1331/2444/2519
f 1332/2446/2520 1353/2471/2520 1328/2440/2520
f 1320/2430/2521 1354/2465/2521 1313/2421/2521
f 1346/2449/2522 1367/2472/2522 1335/2466/2522
f 1335/2466/2523 1355/2473/2523 1336/2441/2523
f 1355/2473/2524 1347/2474/2524 1336/2441/2524
f 1347/2474/2525 1356/2475/2525 1336/2441/2525
f 1356/2475/2526 1357/2476/2526 1336/2441/2526
f 1336/2441/2527 1357/2476/2527 1348/2467/2527
f 1357/2476/2528 1349/2468/2528 1348/2467/2528
f 144/1156/2529 1358/2477/2529 399/1102/2529
f 1358/2478/2530 143/1157/2530 399/1103/2530
f 1350/2452/2531 1386/2479/2531 1289/2432/2531
f 1386/2479/2532 1324/2433/2532 1289/2432/2532
f 1351/2469/2533 1338/2454/2533 1291/2386/2533
f 1338/2454/2534 1359/2480/2534 1325/2434/2534
f 1359/2480/2535 1339/2455/2535 1325/2434/2535
f 1339/2455/2536 1360/2481/2536 1329/2442/2536
f 1360/2481/2537 1361/2482/2537 1329/2442/2537
f 1329/2442/2538 1361/2482/2538 1340/2456/2538
f 1361/2483/2539 1362/2484/2539 1340/2485/2539
f 1340/2456/2540 1362/2486/2540 1352/2470/2540
f 1352/2470/2541 1362/2486/2541 1342/2461/2541
f 1362/2486/2542 1343/2462/2542 1342/2461/2542
f 1363/2487/2543 1364/2488/2543 1343/2462/2543
f 1343/2462/2544 1364/2488/2544 1344/2463/2544
f 1344/2463/2545 1365/2489/2545 1332/2446/2545
f 1365/2489/2546 1353/2471/2546 1332/2446/2546
f 1353/2471/2547 1345/2464/2547 1328/2440/2547
f 1354/2465/2548 1377/2490/2548 1334/2448/2548
f 1377/2490/2549 1366/2491/2549 1334/2448/2549
f 1334/2448/2550 1366/2491/2550 1346/2449/2550
f 1367/2472/2551 1355/2473/2551 1335/2466/2551
f 1355/2473/2552 1368/2492/2552 1347/2474/2552
f 1368/2492/2553 1369/2493/2553 1347/2474/2553
f 1347/2474/2554 1369/2493/2554 1356/2475/2554
f 1369/2493/2555 1357/2476/2555 1356/2475/2555
f 1349/2468/2556 1370/2494/2556 144/1156/2556
f 1370/2494/2557 1371/2495/2557 144/1156/2557
f 144/1156/2558 1371/2495/2558 1358/2477/2558
f 1371/2495/2559 1372/2496/2559 1358/2477/2559
f 1358/2497/2560 1372/2498/2560 143/2499/2560
f 1372/2500/2561 423/1143/2561 143/1158/2561
f 1299/2453/2562 1385/2501/2562 1350/2452/2562
f 1360/2481/2563 1373/2502/2563 1361/2482/2563
f 1373/2502/2564 1362/2486/2564 1361/2482/2564
f 1362/2486/2565 1374/2503/2565 1343/2462/2565
f 1374/2503/2566 1363/2487/2566 1343/2462/2566
f 1333/2447/2567 1375/2504/2567 1320/2430/2567
f 1375/2504/2568 1376/2505/2568 1320/2430/2568
f 1320/2430/2569 1376/2505/2569 1354/2465/2569
f 1376/2505/2570 1377/2490/2570 1354/2465/2570
f 1366/2491/2571 1367/2472/2571 1346/2449/2571
f 1367/2472/2572 1378/2506/2572 1355/2473/2572
f 1378/2506/2573 1379/2507/2573 1355/2473/2573
f 1355/2473/2574 1379/2507/2574 1368/2492/2574
f 1379/2507/2575 1369/2493/2575 1368/2492/2575
f 1369/2493/2576 1380/2508/2576 1357/2476/2576
f 1357/2476/2577 1380/2508/2577 1349/2468/2577
f 1380/2508/2578 1381/2509/2578 1349/2468/2578
f 1349/2468/2579 1381/2509/2579 1370/2494/2579
f 1381/2509/2580 1382/2510/2580 1370/2494/2580
f 1370/2511/2581 1382/2512/2581 1371/2513/2581
f 1382/2514/2582 1383/2515/2582 1371/2516/2582
f 1371/2516/2583 1383/2515/2583 1372/2500/2583
f 1383/2517/2584 1384/1145/2584 1372/2496/2584
f 1372/2496/2585 1384/1145/2585 423/1144/2585
f 121/2451/2586 1385/2501/2586 1299/2453/2586
f 1324/2433/2587 1387/2518/2587 1351/2469/2587
f 1351/2469/2588 1388/2519/2588 1338/2454/2588
f 1338/2454/2589 1388/2519/2589 1359/2480/2589
f 1388/2519/2590 1389/2520/2590 1359/2480/2590
f 1359/2480/2591 1389/2520/2591 1339/2455/2591
f 1389/2520/2592 1390/2521/2592 1339/2455/2592
f 1339/2455/2593 1390/2521/2593 1360/2481/2593
f 1390/2522/2594 1391/2523/2594 1360/2524/2594
f 1360/2481/2595 1391/2525/2595 1373/2502/2595
f 1391/2525/2596 1362/2486/2596 1373/2502/2596
f 1364/2488/2597 1392/2526/2597 1344/2463/2597
f 1344/2463/2598 1392/2526/2598 1365/2489/2598
f 1345/2464/2599 1393/2527/2599 1333/2447/2599
f 1393/2527/2600 1375/2504/2600 1333/2447/2600
f 1366/2491/2601 1394/2528/2601 1367/2472/2601
f 1394/2528/2602 1395/2529/2602 1367/2472/2602
f 1395/2529/2603 1396/2530/2603 1367/2472/2603
f 1367/2472/2604 1396/2530/2604 1378/2506/2604
f 1396/2530/2605 1379/2507/2605 1378/2506/2605
f 1379/2507/2606 1397/2531/2606 1369/2493/2606
f 1397/2531/2607 1398/2532/2607 1369/2493/2607
f 1369/2493/2608 1398/2532/2608 1380/2508/2608
f 1398/2532/2609 1399/2533/2609 1380/2508/2609
f 1399/2534/2610 1400/2535/2610 1380/2536/2610
f 1380/2537/2611 1400/2538/2611 1381/2539/2611
f 1400/2535/2612 1401/2540/2612 1381/2541/2612
f 1381/2541/2613 1401/2540/2613 1382/2514/2613
f 1382/2510/2614 1401/2542/2614 1383/2517/2614
f 1401/2542/2615 1402/2543/2615 1383/2517/2615
f 1383/2517/2616 1402/2543/2616 1384/1145/2616
f 1402/2543/2617 403/1111/2617 1384/1145/2617
f 1386/2479/2618 105/2544/2618 1324/2433/2618
f 105/2544/2619 104/2545/2619 1324/2433/2619
f 104/2545/2620 1387/2518/2620 1324/2433/2620
f 1387/2518/2621 103/2546/2621 1351/2469/2621
f 103/2546/2622 1388/2519/2622 1351/2469/2622
f 1389/2520/2623 102/2547/2623 1390/2521/2623
f 102/2547/2624 1391/2525/2624 1390/2521/2624
f 1362/2486/2625 101/2548/2625 1374/2503/2625
f 1376/2505/2626 100/2549/2626 1377/2490/2626
f 1377/2490/2627 100/2549/2627 1366/2491/2627
f 99/2550/2628 98/2551/2628 1366/2491/2628
f 1366/2491/2629 98/2551/2629 1394/2528/2629
f 98/2551/2630 97/2552/2630 1394/2528/2630
f 1394/2528/2631 97/2552/2631 1395/2529/2631
f 97/2552/2632 1396/2530/2632 1395/2529/2632
f 1396/2530/2633 96/2553/2633 1379/2507/2633
f 96/2553/2634 95/2554/2634 1379/2507/2634
f 1379/2507/2635 95/2554/2635 1397/2531/2635
f 95/2554/2636 94/2555/2636 1397/2531/2636
f 1397/2556/2637 94/2557/2637 1398/2558/2637
f 94/2559/2638 93/2560/2638 1398/2561/2638
f 1398/2561/2639 93/2560/2639 1399/2534/2639
f 93/2562/2640 92/2563/2640 1399/2533/2640
f 1399/2533/2641 92/2563/2641 1400/2564/2641
f 1400/2564/2642 92/2563/2642 1401/2542/2642
f 92/2563/2643 1402/2543/2643 1401/2542/2643
f 1402/2543/2644 91/2565/2644 403/1111/2644
f 91/2565/2645 179/1112/2645 403/1111/2645
f 91/2565/2646 668/1431/2646 179/1112/2646
f 106/2566/2647 1958/2567/2647 1974/2568/2647
f 120/2569/2648 669/1432/2648 668/1431/2648
f 119/2570/2649 1403/2571/2649 120/2569/2649
f 120/2569/2650 1403/2571/2650 669/1432/2650
f 1403/2571/2651 1404/914/2651 669/1432/2651
f 669/1432/2652 1404/914/2652 665/1427/2652
f 1404/914/2653 666/1428/2653 665/1427/2653
f 119/2570/2654 118/2572/2654 1403/2571/2654
f 1404/914/2655 1405/913/2655 666/1428/2655
f 118/2572/2656 1406/912/2656 1403/2571/2656
f 1403/2571/2657 1406/912/2657 1404/914/2657
f 1727/2573/2658 117/2574/2658 118/2572/2658
f 117/2574/2659 1406/912/2659 118/2572/2659
f 1958/2567/2660 1407/2575/2660 1905/903/2660
f 1905/903/2661 1407/2575/2661 1409/2576/2661
f 1407/2575/2662 1408/2577/2662 1409/2576/2662
f 106/2566/2663 1407/2575/2663 1958/2567/2663
f 106/2566/2664 1408/2577/2664 1407/2575/2664
f 1408/2577/2665 1410/892/2665 1409/2576/2665
f 106/2566/2666 1411/2578/2666 1408/2577/2666
f 662/1424/2667 168/1430/2667 661/1423/2667
f 1411/2578/2668 1410/892/2668 1408/2577/2668
f 2623/793/2669 168/1430/2669 662/1424/2669
f 106/2566/2670 2103/2579/2670 1411/2578/2670
f 2103/2579/2671 72/2580/2671 1411/2578/2671
f 2623/793/2672 62/2581/2672 168/1430/2672
f 87/2582/2673 88/2583/2673 2007/2584/2673
f 86/2585/2674 87/2586/2674 2008/2587/2674
f 2014/2588/2675 1438/2589/2675 83/2590/2675
f 82/929/2676 1477/2591/2676 2627/926/2676
f 81/2592/2677 1488/2593/2677 82/929/2677
f 2050/870/2678 1548/578/2678 74/2594/2678
f 153/2595/2679 155/579/2679 73/2596/2679
f 89/2597/2680 1412/2598/2680 90/1735/2680
f 1412/2598/2681 1413/1689/2681 90/1735/2681
f 1412/2598/2682 89/2597/2682 1413/1689/2682
f 89/2597/2683 1414/2599/2683 1413/1689/2683
f 1413/1689/2684 1414/2599/2684 826/1662/2684
f 86/2585/2685 1415/2600/2685 87/2586/2685
f 1415/2600/2686 1416/2601/2686 87/2586/2686
f 87/2582/2687 1416/2602/2687 88/2583/2687
f 88/2583/2688 1417/2603/2688 89/2597/2688
f 89/2597/2689 1417/2603/2689 1414/2599/2689
f 1414/2599/2690 837/1721/2690 826/1662/2690
f 88/2583/2691 1416/2602/2691 1417/2603/2691
f 1414/2599/2692 1417/2603/2692 837/1721/2692
f 86/2585/2693 85/2604/2693 1415/2600/2693
f 85/2604/2694 1418/2605/2694 1415/2600/2694
f 1418/2605/2695 1419/2606/2695 1415/2600/2695
f 1416/2602/2696 1420/2607/2696 1417/2603/2696
f 1417/2603/2697 1421/2608/2697 837/1721/2697
f 1421/2608/2698 140/1736/2698 837/1721/2698
f 1419/2606/2699 1422/2609/2699 1415/2600/2699
f 1415/2600/2700 1422/2609/2700 1416/2601/2700
f 1422/2609/2701 1423/2610/2701 1416/2601/2701
f 1416/2601/2702 1423/2610/2702 1420/2611/2702
f 1420/2607/2703 1424/2612/2703 1417/2603/2703
f 1417/2603/2704 1424/2612/2704 1421/2608/2704
f 1424/2613/2705 1425/2614/2705 1421/2615/2705
f 1421/2616/2706 1425/2617/2706 140/2618/2706
f 1425/2614/2707 1426/1738/2707 140/1737/2707
f 140/1737/2708 1426/1738/2708 832/1692/2708
f 1425/2614/2709 833/1693/2709 1426/1738/2709
f 84/2619/2710 1427/2620/2710 85/2621/2710
f 1427/2622/2711 1418/2605/2711 85/2604/2711
f 1419/2606/2712 1428/2623/2712 1422/2609/2712
f 1428/2623/2713 1429/2624/2713 1422/2609/2713
f 1422/2609/2714 1429/2624/2714 1423/2610/2714
f 1423/2610/2715 1430/2625/2715 1420/2611/2715
f 1430/2625/2716 1424/2626/2716 1420/2611/2716
f 1427/2622/2717 1431/2627/2717 1418/2605/2717
f 1418/2605/2718 1431/2627/2718 1419/2606/2718
f 1431/2627/2719 1432/2628/2719 1419/2606/2719
f 1419/2606/2720 1432/2628/2720 1428/2623/2720
f 1429/2624/2721 1433/2629/2721 1423/2610/2721
f 1423/2610/2722 1433/2629/2722 1430/2625/2722
f 1430/2630/2723 1434/2631/2723 1424/2613/2723
f 1424/2613/2724 1434/2631/2724 1425/2614/2724
f 1434/2631/2725 1435/1739/2725 1425/2614/2725
f 1425/2614/2726 1435/1739/2726 833/1693/2726
f 83/2590/2727 1427/2620/2727 84/2619/2727
f 1433/2629/2728 1436/2632/2728 1430/2625/2728
f 1430/2633/2729 1436/2634/2729 1434/2635/2729
f 1436/2636/2730 1437/2637/2730 1434/2631/2730
f 1434/2631/2731 1437/2637/2731 1435/1739/2731
f 83/2590/2732 1438/2589/2732 1427/2620/2732
f 1438/2589/2733 1439/2638/2733 1427/2620/2733
f 1427/2622/2734 1439/2639/2734 1431/2627/2734
f 1432/2628/2735 1440/2640/2735 1428/2623/2735
f 1428/2623/2736 1440/2640/2736 1429/2624/2736
f 1440/2640/2737 1441/2641/2737 1429/2624/2737
f 1429/2624/2738 1441/2641/2738 1433/2629/2738
f 1441/2641/2739 1436/2632/2739 1433/2629/2739
f 1436/2636/2740 1442/2642/2740 1437/2637/2740
f 1437/2637/2741 1448/2643/2741 1435/1739/2741
f 1448/2644/2742 139/1741/2742 1435/2645/2742
f 139/1741/2743 1443/2646/2743 839/1726/2743
f 1438/2589/2744 1444/2647/2744 1439/2638/2744
f 1444/2648/2745 1445/2649/2745 1439/2639/2745
f 1439/2639/2746 1445/2649/2746 1431/2627/2746
f 1445/2649/2747 1432/2628/2747 1431/2627/2747
f 1441/2641/2748 1446/2650/2748 1436/2632/2748
f 1446/2651/2749 1442/2642/2749 1436/2636/2749
f 1442/2642/2750 1447/2652/2750 1437/2637/2750
f 2016/797/2751 1449/2653/2751 2014/2588/2751
f 2014/2588/2752 1449/2653/2752 1438/2589/2752
f 1432/2628/2753 1450/2654/2753 1440/2640/2753
f 1440/2640/2754 1450/2654/2754 1441/2641/2754
f 1446/2655/2755 1451/2656/2755 1442/2657/2755
f 1451/2658/2756 1447/2652/2756 1442/2642/2756
f 1447/2652/2757 1448/2643/2757 1437/2637/2757
f 1448/2643/2758 1452/2659/2758 139/1740/2758
f 1452/2660/2759 1443/2646/2759 139/1741/2759
f 1443/2646/2760 1453/2661/2760 839/1726/2760
f 1449/2653/2761 1454/2662/2761 1438/2589/2761
f 1454/2662/2762 1444/2647/2762 1438/2589/2762
f 1453/2661/2763 840/1728/2763 839/1726/2763
f 2017/2663/2764 1449/2653/2764 2016/797/2764
f 1445/2649/2765 1455/2664/2765 1432/2628/2765
f 1432/2628/2766 1455/2664/2766 1450/2654/2766
f 1450/2654/2767 1456/2665/2767 1441/2641/2767
f 1441/2641/2768 1456/2665/2768 1446/2650/2768
f 1456/2665/2769 1457/2666/2769 1446/2650/2769
f 1446/2650/2770 1457/2666/2770 1451/2667/2770
f 1457/2666/2771 1458/2668/2771 1451/2667/2771
f 1451/2658/2772 1458/2669/2772 1447/2652/2772
f 1452/2660/2773 1459/2670/2773 1443/2646/2773
f 1443/2646/2774 1460/2671/2774 1453/2661/2774
f 1444/2648/2775 1461/2672/2775 1445/2649/2775
f 1461/2672/2776 1455/2664/2776 1445/2649/2776
f 1457/2673/2777 1462/2674/2777 1458/2675/2777
f 1447/2652/2778 1463/2676/2778 1448/2643/2778
f 1463/2676/2779 1452/2659/2779 1448/2643/2779
f 1459/2670/2780 1460/2671/2780 1443/2646/2780
f 1460/2671/2781 840/1728/2781 1453/2661/2781
f 2017/2663/2782 1464/2677/2782 1449/2653/2782
f 1449/2653/2783 1465/2678/2783 1454/2662/2783
f 1455/2664/2784 1466/2679/2784 1450/2654/2784
f 1450/2654/2785 1466/2679/2785 1456/2665/2785
f 1456/2665/2786 1467/2680/2786 1457/2666/2786
f 1457/2666/2787 1467/2680/2787 1462/2681/2787
f 1467/2680/2788 1468/2682/2788 1462/2681/2788
f 1462/2683/2789 1468/2684/2789 1458/2669/2789
f 1468/2684/2790 1469/2685/2790 1458/2669/2790
f 1458/2669/2791 1469/2685/2791 1447/2652/2791
f 1469/2685/2792 1463/2676/2792 1447/2652/2792
f 1463/2686/2793 1459/2670/2793 1452/2660/2793
f 1460/2671/2794 1470/2687/2794 840/1728/2794
f 2018/2688/2795 1471/2689/2795 2017/2663/2795
f 1471/2689/2796 1464/2677/2796 2017/2663/2796
f 1454/2662/2797 1461/2690/2797 1444/2647/2797
f 1461/2672/2798 1472/2691/2798 1455/2664/2798
f 1456/2665/2799 1473/2692/2799 1467/2680/2799
f 1467/2693/2800 1473/2694/2800 1468/2695/2800
f 1473/2696/2801 1469/2685/2801 1468/2684/2801
f 1463/2686/2802 1474/2697/2802 1459/2670/2802
f 1474/2697/2803 1460/2671/2803 1459/2670/2803
f 1470/2687/2804 841/1730/2804 840/1728/2804
f 1464/2677/2805 1465/2678/2805 1449/2653/2805
f 1455/2664/2806 1472/2691/2806 1466/2679/2806
f 1456/2665/2807 1475/2698/2807 1473/2692/2807
f 1475/2699/2808 1469/2685/2808 1473/2696/2808
f 1470/2687/2809 1476/2700/2809 841/1730/2809
f 1477/2591/2810 2018/2688/2810 2627/926/2810
f 1454/2662/2811 1478/2701/2811 1461/2690/2811
f 1478/2702/2812 1472/2691/2812 1461/2672/2812
f 1466/2679/2813 1479/2703/2813 1456/2665/2813
f 1479/2703/2814 1480/2704/2814 1456/2665/2814
f 1456/2665/2815 1480/2704/2815 1475/2698/2815
f 1480/2704/2816 1481/2705/2816 1475/2698/2816
f 1475/2699/2817 1481/2706/2817 1469/2685/2817
f 1481/2706/2818 1463/2676/2818 1469/2685/2818
f 1463/2686/2819 1482/2707/2819 1474/2697/2819
f 1474/2697/2820 1487/2708/2820 1460/2671/2820
f 1487/2708/2821 1470/2687/2821 1460/2671/2821
f 1476/2700/2822 842/1731/2822 841/1730/2822
f 1464/2677/2823 1489/2709/2823 1465/2678/2823
f 1465/2678/2824 1483/2710/2824 1454/2662/2824
f 1483/2710/2825 1478/2701/2825 1454/2662/2825
f 1472/2691/2826 1490/2711/2826 1466/2679/2826
f 1490/2711/2827 1484/2712/2827 1466/2679/2827
f 1484/2712/2828 1479/2703/2828 1466/2679/2828
f 1479/2703/2829 1485/2713/2829 1480/2704/2829
f 1480/2714/2830 1485/2715/2830 1481/2716/2830
f 1485/2717/2831 1486/2718/2831 1481/2706/2831
f 1481/2706/2832 1486/2718/2832 1463/2676/2832
f 1486/2718/2833 1482/2719/2833 1463/2676/2833
f 1482/2707/2834 1487/2708/2834 1474/2697/2834
f 1476/2700/2835 1505/2720/2835 842/1731/2835
f 82/929/2836 1488/2593/2836 1477/2591/2836
f 1477/2591/2837 1471/2689/2837 2018/2688/2837
f 1471/2689/2838 1489/2709/2838 1464/2677/2838
f 1478/2702/2839 1490/2711/2839 1472/2691/2839
f 1479/2703/2840 1491/2721/2840 1485/2713/2840
f 1491/2722/2841 1486/2718/2841 1485/2717/2841
f 1486/2718/2842 1492/126/2842 1482/2719/2842
f 1492/472/2843 1493/471/2843 1482/2707/2843
f 1493/471/2844 1487/2708/2844 1482/2707/2844
f 1487/2708/2845 1494/2723/2845 1470/2687/2845
f 1494/2723/2846 1476/2700/2846 1470/2687/2846
f 1505/2720/2847 1495/2724/2847 842/1731/2847
f 842/1731/2848 1495/2724/2848 834/1694/2848
f 1489/2709/2849 1500/2725/2849 1465/2678/2849
f 1500/2725/2850 1483/2710/2850 1465/2678/2850
f 1484/2712/2851 1496/2726/2851 1479/2703/2851
f 1496/2726/2852 1491/2721/2852 1479/2703/2852
f 1491/2722/2853 1497/2727/2853 1486/2718/2853
f 1492/472/2854 1498/469/2854 1493/471/2854
f 1504/2728/2855 1494/2723/2855 1487/2708/2855
f 1477/2591/2856 1499/2729/2856 1471/2689/2856
f 1471/2689/2857 1499/2729/2857 1489/2709/2857
f 1499/2729/2858 1500/2725/2858 1489/2709/2858
f 1478/2702/2859 1501/2730/2859 1490/2711/2859
f 1501/2730/2860 1502/2731/2860 1490/2711/2860
f 1490/2711/2861 1502/2731/2861 1484/2712/2861
f 1502/2731/2862 1496/2726/2862 1484/2712/2862
f 1496/2726/2863 1503/2732/2863 1491/2721/2863
f 1503/2732/2864 1497/2733/2864 1491/2721/2864
f 1493/471/2865 1504/2728/2865 1487/2708/2865
f 1494/2723/2866 1505/2720/2866 1476/2700/2866
f 1495/2724/2867 1506/2734/2867 834/1694/2867
f 834/1694/2868 1506/2734/2868 843/1732/2868
f 1488/2593/2869 1499/2729/2869 1477/2591/2869
f 1500/2725/2870 1513/114/2870 1483/2710/2870
f 1513/114/2871 1507/2735/2871 1483/2710/2871
f 1483/2736/2872 1507/2737/2872 1478/2702/2872
f 1507/2737/2873 1501/2730/2873 1478/2702/2873
f 1496/2726/2874 1508/2738/2874 1503/2732/2874
f 1503/2732/2875 1508/2738/2875 1497/2733/2875
f 1508/2739/2876 1509/124/2876 1497/2727/2876
f 1497/2727/2877 1509/124/2877 1486/2718/2877
f 1509/124/2878 1492/126/2878 1486/2718/2878
f 318/473/2879 317/470/2879 1498/469/2879
f 1493/471/2880 317/470/2880 1504/2728/2880
f 1488/2593/2881 1510/2740/2881 1499/2729/2881
f 1511/2741/2882 1512/2742/2882 1499/2729/2882
f 1499/2729/2883 1512/2742/2883 1500/2725/2883
f 1512/2742/2884 1513/114/2884 1500/2725/2884
f 1507/2737/2885 1514/2743/2885 1501/2730/2885
f 1501/2730/2886 1514/2743/2886 1502/2731/2886
f 1496/2726/2887 1515/2744/2887 1508/2738/2887
f 1515/2744/2888 1509/2745/2888 1508/2738/2888
f 1509/124/2889 322/123/2889 1492/126/2889
f 1516/2746/2890 1504/2728/2890 317/470/2890
f 1504/2728/2891 1516/2746/2891 1494/2723/2891
f 1494/2723/2892 1516/2746/2892 1505/2720/2892
f 1505/2720/2893 1520/2747/2893 1495/2724/2893
f 80/2748/2894 1517/2749/2894 81/2592/2894
f 1517/2749/2895 1510/2740/2895 81/2592/2895
f 81/2592/2896 1510/2740/2896 1488/2593/2896
f 1510/2740/2897 1511/2741/2897 1499/2729/2897
f 1513/114/2898 1518/116/2898 1507/2735/2898
f 1518/2750/2899 1514/2743/2899 1507/2737/2899
f 1514/2743/2900 1519/2751/2900 1502/2731/2900
f 1502/2731/2901 1519/2751/2901 1496/2726/2901
f 1519/2751/2902 1515/2744/2902 1496/2726/2902
f 1516/2746/2903 1520/2747/2903 1505/2720/2903
f 1520/2747/2904 1525/2752/2904 1495/2724/2904
f 1525/2752/2905 1506/2734/2905 1495/2724/2905
f 1506/2734/2906 1521/2753/2906 843/1732/2906
f 843/1732/2907 1522/2754/2907 823/1658/2907
f 79/2755/2908 1517/2749/2908 80/2748/2908
f 1511/2741/2909 1523/2756/2909 1512/2742/2909
f 1523/2756/2910 1524/115/2910 1512/2742/2910
f 1512/2742/2911 1524/115/2911 1513/114/2911
f 311/2757/2912 1515/2744/2912 1519/2751/2912
f 1515/2744/2913 311/2757/2913 1509/2745/2913
f 1525/2752/2914 1521/2753/2914 1506/2734/2914
f 1521/2753/2915 1522/2754/2915 843/1732/2915
f 1522/2754/2916 844/1733/2916 823/1658/2916
f 1517/2749/2917 1526/2758/2917 1510/2740/2917
f 1510/2740/2918 1526/2758/2918 1511/2741/2918
f 79/2755/2919 78/2759/2919 1517/2749/2919
f 78/2759/2920 1527/2760/2920 1517/2749/2920
f 1527/2760/2921 1526/2758/2921 1517/2749/2921
f 1526/2758/2922 1528/479/2922 1511/2741/2922
f 1529/478/2923 1528/479/2923 1526/2758/2923
f 1525/2752/2924 1530/2761/2924 1521/2753/2924
f 1521/2753/2925 1530/2761/2925 1522/2754/2925
f 1527/2760/2926 1532/475/2926 1526/2758/2926
f 1532/475/2927 1529/478/2927 1526/2758/2927
f 1522/2754/2928 1531/1734/2928 844/1733/2928
f 77/2762/2929 76/2763/2929 78/2759/2929
f 76/2763/2930 1533/2764/2930 78/2759/2930
f 78/2759/2931 1533/2764/2931 1527/2760/2931
f 1533/2764/2932 1534/2765/2932 1527/2760/2932
f 1527/2760/2933 1534/2765/2933 1532/475/2933
f 1522/2754/2934 1536/1927/2934 1531/1734/2934
f 1536/1927/2935 138/1742/2935 1531/1734/2935
f 1534/2765/2936 1535/476/2936 1532/475/2936
f 1530/2761/2937 1536/1927/2937 1522/2754/2937
f 138/1742/2938 1537/2766/2938 808/1626/2938
f 1537/2766/2939 835/1696/2939 808/1626/2939
f 75/2767/2940 1533/2764/2940 76/2763/2940
f 1537/2766/2941 1539/2768/2941 835/1696/2941
f 1539/2769/2942 836/305/2942 835/1697/2942
f 1534/2765/2943 1540/2770/2943 1535/476/2943
f 1538/1926/2944 1541/779/2944 138/1742/2944
f 1541/779/2945 1542/2771/2945 138/1742/2945
f 138/1742/2946 1542/2771/2946 1537/2766/2946
f 1542/2772/2947 1543/2773/2947 1537/2774/2947
f 1537/2766/2948 1543/2775/2948 1539/2768/2948
f 1543/2775/2949 836/2776/2949 1539/2768/2949
f 75/2767/2950 1544/2777/2950 1533/2764/2950
f 1544/2777/2951 1545/2778/2951 1533/2764/2951
f 1533/2764/2952 1545/2778/2952 1534/2765/2952
f 1545/2778/2953 1540/2770/2953 1534/2765/2953
f 1542/474/2954 328/118/2954 1543/1925/2954
f 1541/779/2955 1546/781/2955 1542/2771/2955
f 74/2779/2956 1544/2777/2956 75/2767/2956
f 74/2594/2957 1548/578/2957 1544/1375/2957
f 2050/870/2958 154/576/2958 1548/578/2958
f 154/576/2959 156/872/2959 1549/577/2959
f 591/784/2960 1550/783/2960 1549/617/2960
f 1549/2780/2961 1550/1354/2961 589/1353/2961
f 73/777/2962 1551/1371/2962 156/778/2962
f 1551/581/2963 590/580/2963 1550/2781/2963
f 73/2596/2964 155/579/2964 1551/581/2964
f 132/1839/2965 947/1838/2965 946/586/2965
f 945/1635/2966 947/1838/2966 948/2782/2966
f 947/1838/2967 1554/2783/2967 948/2782/2967
f 1554/2783/2968 1553/2784/2968 948/2782/2968
f 1553/592/2969 2124/1590/2969 568/443/2969
f 604/704/2970 130/2785/2970 131/1840/2970
f 604/704/2971 1555/2786/2971 130/2785/2971
f 1555/2787/2972 129/1845/2972 130/1847/2972
f 605/2788/2973 1555/2786/2973 604/704/2973
f 605/2788/2974 1556/2789/2974 1555/2786/2974
f 1555/2790/2975 1556/2791/2975 129/2792/2975
f 1556/2793/2976 1557/2794/2976 129/1845/2976
f 129/1903/2977 1557/2795/2977 128/1904/2977
f 605/2788/2978 1558/2796/2978 1556/2789/2978
f 1558/2797/2979 1557/2794/2979 1556/2793/2979
f 569/2798/2980 1558/2796/2980 605/2788/2980
f 1558/2797/2981 1559/2799/2981 1557/2794/2981
f 1559/2800/2982 1560/2801/2982 1557/2795/2982
f 1557/2795/2983 1560/2801/2983 128/1904/2983
f 569/2798/2984 1561/2802/2984 1558/2796/2984
f 1558/2803/2985 1561/2804/2985 1559/2805/2985
f 1561/2806/2986 1560/2807/2986 1559/2799/2986
f 1560/2801/2987 1562/1914/2987 128/1904/2987
f 569/2798/2988 1563/2808/2988 1561/2802/2988
f 1563/2809/2989 1560/2807/2989 1561/2806/2989
f 1563/2808/2990 569/2798/2990 576/2810/2990
f 1563/2809/2991 1565/2811/2991 1560/2807/2991
f 1565/2812/2992 1566/2813/2992 1560/2801/2992
f 1566/2813/2993 1567/2814/2993 1560/2801/2993
f 1560/2801/2994 1567/2814/2994 1562/1914/2994
f 1562/1914/2995 1567/2814/2995 1564/1850/2995
f 576/2810/2996 1568/2815/2996 1563/2808/2996
f 1563/2816/2997 1568/2817/2997 1565/2818/2997
f 1568/2817/2998 1566/2819/2998 1565/2818/2998
f 1567/2814/2999 1570/1848/2999 1564/1850/2999
f 1566/2813/3000 1569/2820/3000 1567/2814/3000
f 1569/2820/3001 1570/1848/3001 1567/2814/3001
f 577/2821/3002 1571/2822/3002 576/2810/3002
f 576/2810/3003 1571/2822/3003 1568/2815/3003
f 1571/2823/3004 1572/2824/3004 1568/2825/3004
f 1568/2825/3005 1572/2824/3005 1566/2826/3005
f 1572/2827/3006 1573/2828/3006 1566/2813/3006
f 1566/2813/3007 1573/2828/3007 1569/2820/3007
f 1569/2820/3008 1574/1941/3008 1570/1848/3008
f 578/2829/3009 1571/2822/3009 577/2821/3009
f 1571/2823/3010 1575/2830/3010 1572/2824/3010
f 1573/2828/3011 1576/2831/3011 1569/2820/3011
f 1569/2820/3012 1576/2831/3012 1574/1941/3012
f 1571/2832/3013 1577/2833/3013 1575/2834/3013
f 1577/2833/3014 1578/2835/3014 1575/2834/3014
f 1575/2836/3015 1578/2837/3015 1572/2827/3015
f 1572/2827/3016 1578/2837/3016 1573/2828/3016
f 1576/2831/3017 1579/1965/3017 1574/1941/3017
f 578/2838/3018 1580/2839/3018 1571/2832/3018
f 1571/2832/3019 1580/2839/3019 1577/2833/3019
f 1580/2840/3020 1578/2841/3020 1577/2842/3020
f 1573/2828/3021 1581/2843/3021 1576/2831/3021
f 1580/2840/3022 1582/2844/3022 1578/2841/3022
f 1582/2845/3023 1583/2846/3023 1578/2835/3023
f 1583/2847/3024 1581/2843/3024 1578/2837/3024
f 1578/2837/3025 1581/2843/3025 1573/2828/3025
f 1576/2831/3026 1584/1999/3026 1579/1965/3026
f 1585/419/3027 1586/2848/3027 578/2838/3027
f 578/2838/3028 1586/2848/3028 1580/2839/3028
f 1581/2843/3029 1587/2849/3029 1576/2831/3029
f 1587/2849/3030 1588/2850/3030 1576/2831/3030
f 1576/2831/3031 1588/2850/3031 1584/1999/3031
f 1585/419/3032 1591/418/3032 1586/2848/3032
f 1586/2851/3033 1582/2852/3033 1580/2853/3033
f 1582/2845/3034 1589/2854/3034 1583/2846/3034
f 1583/2846/3035 1587/2855/3035 1581/2856/3035
f 1588/2850/3036 1590/2857/3036 1584/1999/3036
f 1584/1999/3037 1590/2857/3037 127/2018/3037
f 1591/418/3038 1592/2858/3038 1586/2848/3038
f 1592/2858/3039 1582/2845/3039 1586/2848/3039
f 1593/2859/3040 1588/2860/3040 1587/2855/3040
f 1590/2857/3041 126/2072/3041 127/2018/3041
f 1592/2858/3042 1589/2854/3042 1582/2845/3042
f 1589/2854/3043 1594/2861/3043 1583/2846/3043
f 1583/2846/3044 1594/2861/3044 1587/2855/3044
f 1594/2861/3045 1593/2859/3045 1587/2855/3045
f 1590/2857/3046 1595/2862/3046 126/2072/3046
f 1593/2859/3047 1597/2863/3047 1588/2860/3047
f 1588/2860/3048 1597/2863/3048 1590/2864/3048
f 1597/2863/3049 1595/2865/3049 1590/2864/3049
f 767/420/3050 1596/785/3050 1591/418/3050
f 1596/785/3051 1592/2858/3051 1591/418/3051
f 1592/2858/3052 1601/2866/3052 1589/2854/3052
f 1601/2866/3053 1598/2867/3053 1589/2854/3053
f 1598/2867/3054 1599/2868/3054 1589/2854/3054
f 1589/2854/3055 1599/2868/3055 1594/2861/3055
f 1596/785/3056 1600/2869/3056 1592/2858/3056
f 1600/2869/3057 1601/2866/3057 1592/2858/3057
f 1595/2865/3058 125/2179/3058 126/2870/3058
f 773/788/3059 1596/785/3059 772/786/3059
f 1599/2868/3060 1602/2871/3060 1594/2861/3060
f 1594/2861/3061 1602/2871/3061 1593/2859/3061
f 1602/2871/3062 1597/2863/3062 1593/2859/3062
f 1595/2865/3063 1603/2178/3063 125/2179/3063
f 773/788/3064 1605/2872/3064 1596/785/3064
f 1605/2872/3065 1600/2869/3065 1596/785/3065
f 1597/2863/3066 1606/2873/3066 1595/2865/3066
f 1606/2873/3067 1603/2178/3067 1595/2865/3067
f 1607/2874/3068 1608/2875/3068 1600/2869/3068
f 1600/2869/3069 1608/2875/3069 1601/2866/3069
f 1601/2866/3070 1609/2876/3070 1598/2867/3070
f 792/2877/3071 1610/2878/3071 784/789/3071
f 773/788/3072 1604/787/3072 1605/2872/3072
f 1605/2872/3073 1615/2879/3073 1600/2869/3073
f 1615/2879/3074 1607/2874/3074 1600/2869/3074
f 1611/2880/3075 1609/2876/3075 1601/2866/3075
f 1606/2873/3076 1620/2881/3076 1603/2178/3076
f 1620/2881/3077 1612/2882/3077 1603/2178/3077
f 1603/2178/3078 1612/2882/3078 124/1853/3078
f 792/2877/3079 1613/2883/3079 1610/2878/3079
f 1610/2878/3080 1614/2884/3080 784/789/3080
f 784/789/3081 1614/2884/3081 1604/787/3081
f 1604/787/3082 1615/2879/3082 1605/2872/3082
f 1608/2875/3083 1611/2880/3083 1601/2866/3083
f 1609/2876/3084 1616/2885/3084 1598/2867/3084
f 1598/2867/3085 1616/2885/3085 1599/2868/3085
f 1599/2868/3086 1616/2885/3086 1602/2871/3086
f 1616/2885/3087 1617/2886/3087 1602/2871/3087
f 1602/2871/3088 1618/2887/3088 1597/2863/3088
f 1610/2878/3089 1619/2888/3089 1614/2884/3089
f 1597/2863/3090 1618/2887/3090 1606/2873/3090
f 1618/2887/3091 1620/2881/3091 1606/2873/3091
f 1612/2882/3092 123/1851/3092 124/1853/3092
f 792/2877/3093 1621/2889/3093 1613/2883/3093
f 1613/2883/3094 1622/2890/3094 1610/2878/3094
f 1622/2890/3095 1619/2888/3095 1610/2878/3095
f 1619/2888/3096 1623/2891/3096 1614/2884/3096
f 1614/2884/3097 1623/2891/3097 1604/787/3097
f 1617/2886/3098 1618/2887/3098 1602/2871/3098
f 1620/2881/3099 1624/2892/3099 1612/2882/3099
f 1624/2892/3100 1625/2893/3100 1612/2882/3100
f 1625/2893/3101 123/1851/3101 1612/2882/3101
f 801/791/3102 1626/2894/3102 792/2877/3102
f 1627/2895/3103 1621/2889/3103 792/2877/3103
f 1621/2889/3104 1628/2896/3104 1613/2883/3104
f 1628/2896/3105 1622/2890/3105 1613/2883/3105
f 1622/2890/3106 1623/2891/3106 1619/2888/3106
f 1623/2891/3107 1629/2897/3107 1604/787/3107
f 1604/787/3108 1629/2897/3108 1615/2879/3108
f 1625/2893/3109 1630/2898/3109 123/1851/3109
f 123/1851/3110 1630/2898/3110 1191/1852/3110
f 1630/2898/3111 122/2266/3111 1191/1852/3111
f 1626/2894/3112 1631/2899/3112 792/2877/3112
f 1631/2899/3113 1627/2895/3113 792/2877/3113
f 1627/2895/3114 1632/2900/3114 1621/2889/3114
f 1632/2900/3115 1628/2896/3115 1621/2889/3115
f 1622/2890/3116 1628/2896/3116 1623/2891/3116
f 1629/2897/3117 1607/2874/3117 1615/2879/3117
f 1608/2875/3118 1633/2901/3118 1611/2880/3118
f 1633/2901/3119 1609/2876/3119 1611/2880/3119
f 1609/2876/3120 1634/2902/3120 1616/2885/3120
f 1634/2902/3121 1617/2886/3121 1616/2885/3121
f 1625/2903/3122 1635/2904/3122 1630/2905/3122
f 1635/2904/3123 122/2906/3123 1630/2905/3123
f 1631/2899/3124 1637/2907/3124 1627/2895/3124
f 1637/2907/3125 1632/2900/3125 1627/2895/3125
f 1632/2900/3126 1623/2891/3126 1628/2896/3126
f 1607/2874/3127 1638/2908/3127 1608/2875/3127
f 1638/2908/3128 1633/2901/3128 1608/2875/3128
f 1633/2901/3129 1639/2909/3129 1609/2876/3129
f 1609/2876/3130 1639/2909/3130 1634/2902/3130
f 1618/2887/3131 1648/2910/3131 1620/2881/3131
f 1648/2910/3132 1624/2892/3132 1620/2881/3132
f 1624/2892/3133 1635/2911/3133 1625/2893/3133
f 1635/2911/3134 1640/2912/3134 122/2266/3134
f 1640/2912/3135 1641/2285/3135 122/2266/3135
f 1636/790/3136 1642/2913/3136 801/791/3136
f 801/791/3137 1642/2913/3137 1626/2894/3137
f 1626/2894/3138 1643/2914/3138 1631/2899/3138
f 1643/2914/3139 1637/2907/3139 1631/2899/3139
f 1632/2900/3140 1637/2907/3140 1623/2891/3140
f 1629/2897/3141 1638/2908/3141 1607/2874/3141
f 1639/2909/3142 1644/2915/3142 1634/2902/3142
f 1644/2915/3143 1645/2916/3143 1634/2902/3143
f 1645/2916/3144 1646/2917/3144 1634/2902/3144
f 1634/2902/3145 1646/2917/3145 1617/2886/3145
f 1646/2917/3146 1647/2918/3146 1617/2886/3146
f 1647/2918/3147 1648/2910/3147 1617/2886/3147
f 1617/2886/3148 1648/2910/3148 1618/2887/3148
f 1648/2910/3149 1649/2919/3149 1624/2892/3149
f 1649/2919/3150 1650/2920/3150 1624/2892/3150
f 1624/2921/3151 1650/2922/3151 1635/2904/3151
f 1650/2920/3152 1640/2912/3152 1635/2911/3152
f 1640/2923/3153 1651/2924/3153 1641/2348/3153
f 1642/2925/3154 1643/2926/3154 1626/2927/3154
f 1637/2907/3155 1652/2928/3155 1623/2891/3155
f 1623/2891/3156 1652/2928/3156 1629/2897/3156
f 1629/2897/3157 1659/2929/3157 1638/2908/3157
f 1659/2929/3158 1653/2930/3158 1638/2908/3158
f 1653/2930/3159 1654/2931/3159 1638/2908/3159
f 1638/2908/3160 1654/2931/3160 1633/2901/3160
f 1654/2931/3161 1639/2909/3161 1633/2901/3161
f 1650/2922/3162 1655/2932/3162 1640/2923/3162
f 1655/2932/3163 1651/2924/3163 1640/2923/3163
f 1636/790/3164 1656/2933/3164 1642/2913/3164
f 1656/2933/3165 1657/2934/3165 1642/2913/3165
f 1642/2925/3166 1657/2935/3166 1643/2926/3166
f 1657/2934/3167 1658/2936/3167 1643/2914/3167
f 1643/2914/3168 1658/2936/3168 1637/2907/3168
f 1637/2907/3169 1658/2936/3169 1652/2928/3169
f 1652/2928/3170 1659/2929/3170 1629/2897/3170
f 1647/2937/3171 1660/2938/3171 1648/2939/3171
f 1648/2939/3172 1661/2940/3172 1649/2941/3172
f 1649/2941/3173 1662/2942/3173 1650/2922/3173
f 1650/2922/3174 1662/2942/3174 1655/2932/3174
f 1662/2943/3175 1663/2944/3175 1655/2945/3175
f 1655/2945/3176 1663/2944/3176 1651/2946/3176
f 1664/2947/3177 1636/790/3177 802/792/3177
f 1636/2948/3178 1665/2949/3178 1656/2950/3178
f 1665/2951/3179 1666/2952/3179 1656/2933/3179
f 1656/2933/3180 1666/2952/3180 1657/2934/3180
f 1657/2934/3181 1666/2952/3181 1658/2936/3181
f 1646/2953/3182 1672/2954/3182 1647/2937/3182
f 1672/2954/3183 1667/2955/3183 1647/2937/3183
f 1667/2955/3184 1660/2938/3184 1647/2937/3184
f 1660/2938/3185 1661/2940/3185 1648/2939/3185
f 1663/2956/3186 1668/2957/3186 1651/2924/3186
f 1676/2958/3187 1664/2947/3187 802/792/3187
f 1664/2959/3188 1665/2949/3188 1636/2948/3188
f 1653/2930/3189 1669/2960/3189 1654/2931/3189
f 1654/2931/3190 1670/2961/3190 1639/2909/3190
f 1670/2961/3191 1671/2962/3191 1639/2909/3191
f 1639/2909/3192 1671/2962/3192 1644/2915/3192
f 1671/2963/3193 1645/2964/3193 1644/2965/3193
f 1645/2964/3194 1672/2954/3194 1646/2953/3194
f 1661/2940/3195 1673/2966/3195 1649/2941/3195
f 1649/2941/3196 1673/2966/3196 1662/2942/3196
f 1673/2967/3197 1674/2968/3197 1662/2943/3197
f 1662/2943/3198 1674/2968/3198 1663/2944/3198
f 1674/2969/3199 1668/2957/3199 1663/2956/3199
f 1651/2924/3200 1675/2970/3200 1641/2348/3200
f 1666/2952/3201 1677/2971/3201 1658/2936/3201
f 1677/2971/3202 1678/2972/3202 1658/2936/3202
f 1658/2973/3203 1678/2974/3203 1652/2975/3203
f 1652/2928/3204 1679/2976/3204 1659/2929/3204
f 1659/2929/3205 1679/2976/3205 1653/2930/3205
f 1680/2977/3206 1670/2961/3206 1654/2931/3206
f 1673/2966/3207 1681/2978/3207 1674/2969/3207
f 1681/2978/3208 1668/2957/3208 1674/2969/3208
f 1668/2957/3209 1675/2970/3209 1651/2924/3209
f 1641/2348/3210 1688/2979/3210 1695/2346/3210
f 1676/2980/3211 1682/2981/3211 1664/2959/3211
f 1682/2981/3212 1665/2949/3212 1664/2959/3212
f 1665/2982/3213 1683/2983/3213 1666/2984/3213
f 1666/2984/3214 1683/2983/3214 1677/2985/3214
f 1678/2972/3215 1679/2976/3215 1652/2928/3215
f 1679/2976/3216 1669/2960/3216 1653/2930/3216
f 1669/2960/3217 1680/2977/3217 1654/2931/3217
f 1645/2964/3218 1671/2963/3218 1672/2954/3218
f 1660/2938/3219 1684/2986/3219 1661/2940/3219
f 1684/2986/3220 1685/2987/3220 1661/2940/3220
f 1661/2940/3221 1686/2988/3221 1673/2966/3221
f 1673/2966/3222 1686/2988/3222 1681/2978/3222
f 1686/2989/3223 1687/2990/3223 1681/2991/3223
f 1681/2991/3224 1687/2990/3224 1668/2992/3224
f 1675/2970/3225 1688/2979/3225 1641/2348/3225
f 1687/2993/3226 1689/2994/3226 1668/2957/3226
f 1689/2994/3227 1675/2970/3227 1668/2957/3227
f 1676/2980/3228 1690/2995/3228 1682/2981/3228
f 1682/2996/3229 1691/2997/3229 1665/2951/3229
f 1677/2985/3230 1692/2998/3230 1678/2974/3230
f 1672/2954/3231 1693/2999/3231 1667/2955/3231
f 1667/2955/3232 1684/2986/3232 1660/2938/3232
f 1685/2987/3233 1686/2988/3233 1661/2940/3233
f 1686/2988/3234 1694/3000/3234 1687/2993/3234
f 1694/3000/3235 1689/2994/3235 1687/2993/3235
f 603/3001/3236 1690/2995/3236 1676/2980/3236
f 1690/3002/3237 1691/3003/3237 1682/3004/3237
f 1691/3005/3238 1696/3006/3238 1665/2949/3238
f 1665/2949/3239 1696/3006/3239 1683/3007/3239
f 1683/2983/3240 1697/3008/3240 1677/2985/3240
f 1697/3008/3241 1692/2998/3241 1677/2985/3241
f 1669/2960/3242 1710/3009/3242 1680/2977/3242
f 1693/2999/3243 1698/3010/3243 1667/2955/3243
f 1667/2955/3244 1698/3010/3244 1684/2986/3244
f 1685/2987/3245 1699/3011/3245 1686/2988/3245
f 1686/2988/3246 1699/3011/3246 1694/3000/3246
f 1699/3012/3247 1689/3013/3247 1694/3014/3247
f 1690/2995/3248 1700/3015/3248 1691/3005/3248
f 1700/3015/3249 1701/3016/3249 1691/3005/3249
f 1678/2974/3250 1692/2998/3250 1679/3017/3250
f 1702/3018/3251 1669/2960/3251 1679/2976/3251
f 1670/2961/3252 1703/3019/3252 1671/2962/3252
f 1671/2963/3253 1693/2999/3253 1672/2954/3253
f 1698/3010/3254 1685/2987/3254 1684/2986/3254
f 1689/2994/3255 1704/3020/3255 1675/2970/3255
f 1690/2995/3256 1705/3021/3256 1700/3015/3256
f 1705/3022/3257 1701/3023/3257 1700/3024/3257
f 1683/2983/3258 2317/3025/3258 1697/3008/3258
f 1692/2998/3259 1702/3026/3259 1679/3017/3259
f 1703/3019/3260 1706/3027/3260 1671/2962/3260
f 1671/2963/3261 1706/3028/3261 1693/2999/3261
f 1707/3029/3262 1699/3011/3262 1685/2987/3262
f 1699/3012/3263 1708/3030/3263 1689/3013/3263
f 1708/3031/3264 1704/3020/3264 1689/2994/3264
f 1688/2979/3265 2414/3032/3265 1695/2346/3265
f 1705/3022/3266 1709/3033/3266 1701/3023/3266
f 1701/3016/3267 1696/3006/3267 1691/3005/3267
f 1683/3007/3268 1696/3006/3268 2317/3034/3268
f 1680/2977/3269 1711/3035/3269 1670/2961/3269
f 1711/3035/3270 1703/3019/3270 1670/2961/3270
f 1698/3010/3271 1707/3029/3271 1685/2987/3271
f 1707/3029/3272 1712/3036/3272 1699/3011/3272
f 1699/3011/3273 1712/3036/3273 1708/3031/3273
f 1712/3036/3274 1704/3020/3274 1708/3031/3274
f 603/3001/3275 1713/3037/3275 1690/2995/3275
f 1690/2995/3276 1713/3037/3276 1705/3021/3276
f 1713/3037/3277 1714/3038/3277 1705/3021/3277
f 1705/3021/3278 1714/3038/3278 1709/3039/3278
f 1714/3038/3279 1715/3040/3279 1709/3039/3279
f 1709/3039/3280 1715/3040/3280 1701/3016/3280
f 1715/3040/3281 1716/3041/3281 1701/3016/3281
f 1702/3018/3282 1710/3009/3282 1669/2960/3282
f 1698/3010/3283 2376/3042/3283 1707/3029/3283
f 1707/3043/3284 1717/3044/3284 1712/3045/3284
f 1712/3045/3285 1717/3044/3285 1704/3046/3285
f 1717/3047/3286 1718/3048/3286 1704/3020/3286
f 1704/3020/3287 1718/3048/3287 1675/2970/3287
f 1675/2970/3288 1718/3048/3288 1688/2979/3288
f 1695/2346/3289 2428/3049/3289 121/2451/3289
f 1713/3050/3290 1715/3051/3290 1714/3052/3290
f 1701/3016/3291 1716/3041/3291 1696/3006/3291
f 1692/2998/3292 2322/3053/3292 1702/3026/3292
f 1710/3009/3293 1711/3035/3293 1680/2977/3293
f 1706/3028/3294 1719/3054/3294 1693/2999/3294
f 1719/3054/3295 1698/3010/3295 1693/2999/3295
f 848/3055/3296 40/3056/3296 603/3001/3296
f 603/3001/3297 40/3056/3297 1713/3037/3297
f 1713/3050/3298 39/3057/3298 1715/3051/3298
f 39/3058/3299 1716/3041/3299 1715/3040/3299
f 1697/3008/3300 2322/3053/3300 1692/2998/3300
f 2376/3042/3301 2392/3059/3301 1707/3029/3301
f 1707/3029/3302 2392/3059/3302 1717/3047/3302
f 2392/3059/3303 1718/3048/3303 1717/3047/3303
f 1718/3048/3304 2414/3032/3304 1688/2979/3304
f 2414/3032/3305 2428/3049/3305 1695/2346/3305
f 92/2563/3306 1720/3060/3306 1402/2543/3306
f 93/2562/3307 1722/3061/3307 92/2563/3307
f 94/2555/3308 1722/3061/3308 93/2562/3308
f 95/2554/3309 1724/3062/3309 94/2555/3309
f 96/3063/3310 1728/3064/3310 95/3065/3310
f 1396/2530/3311 1729/3066/3311 96/2553/3311
f 97/2552/3312 1733/3067/3312 1396/2530/3312
f 99/2550/3313 1741/3068/3313 98/2551/3313
f 1366/2491/3314 1744/3069/3314 99/2550/3314
f 100/2549/3315 1750/3070/3315 1366/2491/3315
f 1393/2527/3316 1778/3071/3316 1375/2504/3316
f 1345/2464/3317 1789/3072/3317 1393/2527/3317
f 1353/2471/3318 1789/3072/3318 1345/2464/3318
f 1364/2488/3319 1816/3073/3319 1392/2526/3319
f 1363/2487/3320 1816/3073/3320 1364/2488/3320
f 1388/2519/3321 1866/3074/3321 1389/2520/3321
f 1350/2452/3322 1946/3075/3322 1386/2479/3322
f 1385/2501/3323 1946/3075/3323 1350/2452/3323
f 91/2565/3324 120/2569/3324 668/1431/3324
f 1402/2543/3325 1720/3060/3325 91/2565/3325
f 1720/3060/3326 1721/3076/3326 91/2565/3326
f 91/2565/3327 1721/3076/3327 120/2569/3327
f 92/2563/3328 1722/3061/3328 1720/3060/3328
f 1721/3076/3329 1723/3077/3329 120/2569/3329
f 120/2569/3330 1723/3077/3330 119/2570/3330
f 94/2555/3331 1724/3062/3331 1722/3061/3331
f 1722/3061/3332 1725/3078/3332 1720/3060/3332
f 1720/3060/3333 1725/3078/3333 1721/3076/3333
f 1725/3078/3334 1723/3077/3334 1721/3076/3334
f 1723/3077/3335 1726/3079/3335 119/2570/3335
f 1726/3079/3336 1727/2573/3336 119/2570/3336
f 119/2570/3337 1727/2573/3337 118/2572/3337
f 95/3080/3338 1728/3081/3338 1724/3082/3338
f 1728/3083/3339 1722/3061/3339 1724/3062/3339
f 96/3084/3340 1729/3085/3340 1728/3086/3340
f 1729/3066/3341 1730/3087/3341 1728/3083/3341
f 1728/3083/3342 1730/3087/3342 1722/3061/3342
f 1730/3087/3343 1731/3088/3343 1722/3061/3343
f 1722/3061/3344 1731/3088/3344 1725/3078/3344
f 1725/3078/3345 1732/3089/3345 1723/3077/3345
f 1723/3077/3346 1732/3089/3346 1726/3079/3346
f 1396/2530/3347 1733/3067/3347 1729/3066/3347
f 1733/3090/3348 1734/3091/3348 1729/3092/3348
f 1729/3093/3349 1734/3094/3349 1730/3095/3349
f 1734/3096/3350 1731/3088/3350 1730/3087/3350
f 97/2552/3351 1735/3097/3351 1733/3067/3351
f 1733/3098/3352 1735/3099/3352 1734/3100/3352
f 1735/3097/3353 1736/3101/3353 1734/3096/3353
f 1734/3096/3354 1736/3101/3354 1731/3088/3354
f 1731/3088/3355 1737/3102/3355 1725/3078/3355
f 1737/3102/3356 1738/3103/3356 1725/3078/3356
f 1725/3078/3357 1738/3103/3357 1732/3089/3357
f 1732/3089/3358 1739/3104/3358 1726/3079/3358
f 1726/3079/3359 1739/3104/3359 1727/2573/3359
f 1739/3104/3360 1740/909/3360 1727/2573/3360
f 1727/2573/3361 1740/909/3361 2616/911/3361
f 98/2551/3362 1741/3068/3362 97/2552/3362
f 1741/3068/3363 1742/3105/3363 97/2552/3363
f 97/2552/3364 1742/3105/3364 1735/3097/3364
f 1742/3106/3365 1743/3107/3365 1735/3108/3365
f 1735/3109/3366 1743/3110/3366 1736/3111/3366
f 1743/3112/3367 1731/3088/3367 1736/3101/3367
f 1738/3103/3368 1739/3104/3368 1732/3089/3368
f 99/2550/3369 1744/3069/3369 1741/3068/3369
f 1741/3068/3370 1745/3113/3370 1742/3105/3370
f 1742/3114/3371 1745/3115/3371 1743/3116/3371
f 1745/3113/3372 1746/3117/3372 1743/3112/3372
f 1743/3112/3373 1746/3117/3373 1731/3088/3373
f 1746/3117/3374 1747/3118/3374 1731/3088/3374
f 1731/3088/3375 1747/3118/3375 1737/3102/3375
f 1738/3103/3376 1748/3119/3376 1739/3104/3376
f 1739/3104/3377 1749/3120/3377 1740/909/3377
f 1749/3120/3378 2617/910/3378 1740/909/3378
f 1366/2491/3379 1750/3070/3379 1744/3069/3379
f 1750/3070/3380 1751/3121/3380 1744/3069/3380
f 1744/3069/3381 1751/3121/3381 1741/3068/3381
f 1751/3121/3382 1752/3122/3382 1741/3068/3382
f 1741/3068/3383 1752/3122/3383 1745/3113/3383
f 1752/3123/3384 1753/3124/3384 1745/3125/3384
f 1745/3126/3385 1753/3127/3385 1746/3128/3385
f 1753/3129/3386 1747/3118/3386 1746/3117/3386
f 1737/3102/3387 1748/3119/3387 1738/3103/3387
f 1748/3119/3388 1749/3120/3388 1739/3104/3388
f 1751/3121/3389 1754/3130/3389 1752/3122/3389
f 1752/3131/3390 1754/3132/3390 1753/3133/3390
f 1754/3130/3391 1755/3134/3391 1753/3129/3391
f 1753/3129/3392 1755/3134/3392 1747/3118/3392
f 1747/3118/3393 1756/3135/3393 1737/3102/3393
f 1756/3135/3394 1748/3119/3394 1737/3102/3394
f 1748/3119/3395 1757/3136/3395 1749/3120/3395
f 1757/3136/3396 1758/3137/3396 1749/3120/3396
f 1749/3120/3397 1758/3137/3397 2617/910/3397
f 100/2549/3398 1759/3138/3398 1750/3070/3398
f 1750/3070/3399 1759/3138/3399 1751/3121/3399
f 1759/3138/3400 1760/3139/3400 1751/3121/3400
f 1751/3121/3401 1760/3139/3401 1754/3130/3401
f 1760/3140/3402 1761/3141/3402 1754/3142/3402
f 1754/3143/3403 1761/3144/3403 1755/3145/3403
f 1761/3146/3404 1762/3147/3404 1755/3134/3404
f 1755/3134/3405 1762/3147/3405 1747/3118/3405
f 1762/3147/3406 1756/3135/3406 1747/3118/3406
f 1376/2505/3407 1763/3148/3407 100/2549/3407
f 100/2549/3408 1763/3148/3408 1759/3138/3408
f 1760/3139/3409 1764/3149/3409 1761/3146/3409
f 1761/3146/3410 1764/3149/3410 1762/3147/3410
f 1756/3135/3411 1765/3150/3411 1748/3119/3411
f 1765/3150/3412 1766/3151/3412 1748/3119/3412
f 1748/3119/3413 1766/3151/3413 1757/3136/3413
f 1757/3136/3414 1767/3152/3414 1758/3137/3414
f 1767/3152/3415 2617/910/3415 1758/3137/3415
f 1376/2505/3416 1768/3153/3416 1763/3148/3416
f 1763/3148/3417 1769/3154/3417 1759/3138/3417
f 1759/3138/3418 1770/3155/3418 1760/3139/3418
f 1760/3156/3419 1770/3157/3419 1764/3158/3419
f 1764/3149/3420 1771/3159/3420 1762/3147/3420
f 1762/3147/3421 1771/3159/3421 1756/3135/3421
f 1771/3159/3422 1765/3150/3422 1756/3135/3422
f 1757/3136/3423 1766/3151/3423 1767/3152/3423
f 1767/3152/3424 1784/3160/3424 2617/910/3424
f 1375/2504/3425 1768/3153/3425 1376/2505/3425
f 1763/3148/3426 1768/3153/3426 1769/3154/3426
f 1768/3153/3427 1772/3161/3427 1769/3154/3427
f 1769/3154/3428 1772/3161/3428 1759/3138/3428
f 1772/3161/3429 1773/3162/3429 1759/3138/3429
f 1759/3138/3430 1773/3162/3430 1770/3155/3430
f 1773/3163/3431 1774/3164/3431 1770/3165/3431
f 1770/3166/3432 1774/3167/3432 1764/3168/3432
f 1774/3169/3433 1771/3159/3433 1764/3149/3433
f 1765/3150/3434 1775/3170/3434 1766/3151/3434
f 1766/3151/3435 1776/3171/3435 1767/3152/3435
f 1776/3171/3436 1777/3172/3436 1767/3152/3436
f 1767/3152/3437 1777/3172/3437 1784/3160/3437
f 1375/2504/3438 1778/3071/3438 1768/3153/3438
f 1779/3173/3439 1780/3174/3439 1768/3153/3439
f 1768/3153/3440 1780/3174/3440 1772/3161/3440
f 1772/3161/3441 1781/3175/3441 1773/3162/3441
f 1773/3176/3442 1781/3177/3442 1774/3178/3442
f 1781/3175/3443 1782/3179/3443 1774/3169/3443
f 1774/3169/3444 1782/3179/3444 1771/3159/3444
f 1771/3159/3445 1783/3180/3445 1765/3150/3445
f 1783/3180/3446 1775/3170/3446 1765/3150/3446
f 1775/3170/3447 1776/3171/3447 1766/3151/3447
f 1778/3071/3448 1779/3173/3448 1768/3153/3448
f 1780/3174/3449 1785/3181/3449 1772/3161/3449
f 1772/3161/3450 1785/3181/3450 1781/3175/3450
f 1785/3182/3451 1786/3183/3451 1781/3184/3451
f 1781/3185/3452 1786/3186/3452 1782/3187/3452
f 1786/3188/3453 1787/3189/3453 1782/3179/3453
f 1782/3179/3454 1787/3189/3454 1771/3159/3454
f 1787/3189/3455 1783/3180/3455 1771/3159/3455
f 1775/3170/3456 1788/3190/3456 1776/3171/3456
f 1393/2527/3457 1789/3072/3457 1778/3071/3457
f 1779/3173/3458 1790/3191/3458 1780/3174/3458
f 1780/3174/3459 1790/3191/3459 1785/3181/3459
f 1785/3181/3460 1791/3192/3460 1786/3188/3460
f 1786/3188/3461 1791/3192/3461 1787/3189/3461
f 1783/3180/3462 1796/3193/3462 1775/3170/3462
f 1796/3193/3462 1788/3190/3462 1775/3170/3462
f 1788/3190/3463 1792/3194/3463 1776/3171/3463
f 1776/3171/3464 1792/3194/3464 1777/3172/3464
f 1778/3071/3465 1793/3195/3465 1779/3173/3465
f 1793/3195/3466 1794/3196/3466 1779/3173/3466
f 1779/3173/3467 1794/3196/3467 1790/3191/3467
f 1790/3191/3468 1795/3197/3468 1785/3181/3468
f 1785/3198/3469 1795/3199/3469 1791/3200/3469
f 1791/3192/3470 1796/3193/3470 1787/3189/3470
f 1787/3189/3471 1796/3193/3471 1783/3180/3471
f 1792/3194/3472 1797/906/3472 1777/3172/3472
f 1777/3172/3473 1797/906/3473 2618/3201/3473
f 1353/2471/3474 1365/2489/3474 1789/3072/3474
f 1789/3072/3475 1798/3202/3475 1778/3071/3475
f 1798/3202/3476 1793/3195/3476 1778/3071/3476
f 1794/3196/3477 1799/3203/3477 1790/3191/3477
f 1790/3191/3478 1799/3203/3478 1795/3197/3478
f 1799/3204/3479 1800/3205/3479 1795/3206/3479
f 1795/3207/3480 1800/3208/3480 1791/3209/3480
f 1796/3193/3481 1801/3210/3481 1788/3190/3481
f 1788/3190/3482 1801/3210/3482 1792/3194/3482
f 1797/906/3483 1802/908/3483 2618/3201/3483
f 1789/3072/3484 1809/3211/3484 1798/3202/3484
f 1798/3202/3485 1803/3212/3485 1793/3195/3485
f 1793/3195/3486 1803/3212/3486 1794/3196/3486
f 1803/3212/3487 1804/3213/3487 1794/3196/3487
f 1794/3196/3488 1804/3213/3488 1799/3203/3488
f 1799/3203/3489 1805/3214/3489 1800/3215/3489
f 1800/3215/3490 1805/3214/3490 1791/3192/3490
f 1805/3214/3491 1806/3216/3491 1791/3192/3491
f 1791/3192/3492 1806/3216/3492 1796/3193/3492
f 1806/3216/3493 1807/3217/3493 1796/3193/3493
f 1796/3193/3494 1807/3217/3494 1801/3210/3494
f 1801/3210/3495 1808/3218/3495 1792/3194/3495
f 1792/3194/3496 1808/3218/3496 1797/906/3496
f 1392/2526/3497 1809/3211/3497 1365/2489/3497
f 1365/2489/3498 1809/3211/3498 1789/3072/3498
f 1808/3218/3499 1810/3219/3499 1797/906/3499
f 1809/3211/3500 1811/3220/3500 1798/3202/3500
f 1811/3220/3501 1812/3221/3501 1798/3202/3501
f 1798/3202/3502 1812/3221/3502 1803/3212/3502
f 1812/3221/3503 1813/3222/3503 1803/3212/3503
f 1803/3212/3504 1813/3222/3504 1804/3213/3504
f 1804/3213/3505 1814/3223/3505 1799/3203/3505
f 1799/3203/3506 1814/3223/3506 1805/3214/3506
f 1814/3223/3507 1815/3224/3507 1805/3214/3507
f 1805/3214/3508 1815/3224/3508 1806/3216/3508
f 1810/3219/3509 2619/907/3509 1797/906/3509
f 1392/2526/3510 1817/3225/3510 1809/3211/3510
f 1809/3211/3511 1817/3225/3511 1811/3220/3511
f 1813/3222/3512 1818/3226/3512 1804/3213/3512
f 1804/3213/3513 1818/3226/3513 1814/3223/3513
f 1818/3226/3514 1819/3227/3514 1814/3223/3514
f 1814/3223/3515 1819/3227/3515 1815/3224/3515
f 1801/3210/3516 1823/3228/3516 1808/3218/3516
f 1808/3218/3517 1823/3228/3517 1810/3219/3517
f 1816/3073/3518 1817/3225/3518 1392/2526/3518
f 1812/3221/3519 1820/3229/3519 1813/3222/3519
f 1813/3222/3520 1820/3229/3520 1818/3226/3520
f 1819/3227/3521 1821/3230/3521 1815/3224/3521
f 1815/3224/3522 1821/3230/3522 1806/3216/3522
f 1821/3230/3523 1822/3231/3523 1806/3216/3523
f 1806/3216/3524 1822/3231/3524 1807/3217/3524
f 1822/3231/3525 1823/3228/3525 1807/3217/3525
f 1807/3217/3526 1823/3228/3526 1801/3210/3526
f 1810/3219/3527 1831/3232/3527 2619/907/3527
f 1816/3073/3528 1824/3233/3528 1817/3225/3528
f 1817/3225/3529 1825/3234/3529 1811/3220/3529
f 1811/3220/3530 1826/3235/3530 1812/3221/3530
f 1812/3221/3531 1826/3235/3531 1820/3229/3531
f 1820/3229/3532 1827/3236/3532 1818/3226/3532
f 1818/3226/3533 1827/3236/3533 1819/3227/3533
f 1827/3236/3534 1828/3237/3534 1819/3227/3534
f 1819/3227/3535 1828/3237/3535 1821/3230/3535
f 1823/3228/3536 1829/3238/3536 1810/3219/3536
f 1829/3238/3537 1830/3239/3537 1810/3219/3537
f 1810/3219/3538 1830/3239/3538 1831/3232/3538
f 1363/2487/3539 1374/2503/3539 1816/3073/3539
f 1374/2503/3540 1824/3233/3540 1816/3073/3540
f 1825/3234/3541 1832/3240/3541 1811/3220/3541
f 1811/3220/3542 1832/3240/3542 1826/3235/3542
f 1826/3235/3543 1833/3241/3543 1820/3229/3543
f 1820/3229/3544 1833/3241/3544 1827/3236/3544
f 1821/3230/3545 1834/3242/3545 1822/3231/3545
f 1822/3231/3546 1834/3242/3546 1823/3228/3546
f 1834/3242/3547 1829/3238/3547 1823/3228/3547
f 1830/3243/3548 2620/901/3548 1831/3244/3548
f 1824/3233/3549 1835/3245/3549 1817/3225/3549
f 1817/3225/3550 1835/3245/3550 1825/3234/3550
f 1825/3234/3551 1836/3246/3551 1832/3240/3551
f 1832/3240/3552 1833/3241/3552 1826/3235/3552
f 1834/3242/3553 1837/3247/3553 1829/3238/3553
f 1837/3247/3554 1838/3248/3554 1829/3238/3554
f 1829/3238/3555 1838/3248/3555 1830/3239/3555
f 1838/3249/3556 1839/905/3556 1830/3243/3556
f 1830/3243/3557 1839/905/3557 2620/901/3557
f 1374/2503/3558 1840/3250/3558 1824/3233/3558
f 1840/3250/3559 1835/3245/3559 1824/3233/3559
f 1835/3245/3560 1836/3246/3560 1825/3234/3560
f 1833/3241/3561 1841/3251/3561 1827/3236/3561
f 1841/3251/3562 1842/3252/3562 1827/3236/3562
f 1827/3236/3563 1842/3252/3563 1828/3237/3563
f 1842/3252/3564 1843/3253/3564 1828/3237/3564
f 1828/3237/3565 1843/3253/3565 1821/3230/3565
f 1821/3230/3566 1843/3253/3566 1834/3242/3566
f 1843/3253/3567 1844/3254/3567 1834/3242/3567
f 1834/3242/3568 1844/3254/3568 1837/3247/3568
f 1362/2486/3569 1845/3255/3569 101/2548/3569
f 1845/3255/3570 1846/3256/3570 101/2548/3570
f 101/2548/3571 1846/3256/3571 1374/2503/3571
f 1374/2503/3572 1846/3256/3572 1840/3250/3572
f 1832/3240/3573 1847/3257/3573 1833/3241/3573
f 1847/3257/3574 1848/3258/3574 1833/3241/3574
f 1833/3241/3575 1848/3258/3575 1841/3251/3575
f 1844/3259/3576 1849/3260/3576 1837/3261/3576
f 1837/3261/3577 1849/3260/3577 1838/3249/3577
f 1849/3260/3578 1850/3262/3578 1838/3249/3578
f 1838/3249/3579 1850/3262/3579 1839/905/3579
f 1850/3262/3580 1851/899/3580 1839/905/3580
f 1845/3255/3581 1853/3263/3581 1846/3256/3581
f 1841/3251/3582 1854/3264/3582 1842/3252/3582
f 1842/3252/3583 1854/3264/3583 1843/3253/3583
f 1854/3265/3584 1855/3266/3584 1843/3267/3584
f 1843/3267/3585 1855/3266/3585 1844/3259/3585
f 1855/3266/3586 1856/3268/3586 1844/3259/3586
f 1844/3259/3587 1856/3268/3587 1849/3260/3587
f 1362/2486/3588 1391/2525/3588 1845/3255/3588
f 1846/3256/3589 1857/3269/3589 1840/3250/3589
f 1836/3246/3590 1858/3270/3590 1832/3240/3590
f 1858/3270/3591 1847/3257/3591 1832/3240/3591
f 1848/3258/3592 1859/3271/3592 1841/3251/3592
f 1841/3251/3593 1859/3271/3593 1854/3264/3593
f 1856/3268/3594 1860/3272/3594 1849/3260/3594
f 1849/3260/3595 1860/3272/3595 1850/3262/3595
f 1860/3272/3596 1861/3273/3596 1850/3262/3596
f 1850/3262/3597 1861/3273/3597 1851/899/3597
f 1851/899/3598 1861/3273/3598 1852/900/3598
f 1391/2525/3599 1853/3263/3599 1845/3255/3599
f 1853/3263/3600 1857/3269/3600 1846/3256/3600
f 1857/3269/3601 1862/3274/3601 1840/3250/3601
f 1840/3250/3602 1862/3274/3602 1835/3245/3602
f 1862/3274/3603 1863/3275/3603 1835/3245/3603
f 1835/3245/3604 1863/3275/3604 1836/3246/3604
f 1863/3275/3605 1858/3270/3605 1836/3246/3605
f 1854/3265/3606 1864/3276/3606 1855/3266/3606
f 1855/3266/3607 1864/3276/3607 1856/3268/3607
f 1864/3276/3608 1865/3277/3608 1856/3268/3608
f 1856/3268/3609 1865/3277/3609 1860/3272/3609
f 1389/2520/3610 1866/3074/3610 102/2547/3610
f 102/2547/3611 1867/3278/3611 1391/2525/3611
f 1867/3278/3612 1853/3263/3612 1391/2525/3612
f 1858/3270/3613 1868/3279/3613 1847/3257/3613
f 1847/3257/3614 1868/3279/3614 1848/3258/3614
f 1868/3280/3615 1869/3281/3615 1848/3282/3615
f 1848/3282/3616 1869/3281/3616 1859/3283/3616
f 1865/3277/3617 1870/3284/3617 1860/3272/3617
f 1870/3284/3618 1871/3285/3618 1860/3272/3618
f 1860/3272/3619 1871/3285/3619 1861/3273/3619
f 1871/3285/3620 1872/3286/3620 1861/3273/3620
f 1872/3286/3621 1873/3287/3621 1861/3273/3621
f 1861/3273/3622 1873/3287/3622 2621/3288/3622
f 1388/2519/3623 1874/3289/3623 1866/3074/3623
f 1866/3074/3624 1867/3278/3624 102/2547/3624
f 1867/3278/3625 1875/3290/3625 1853/3263/3625
f 1853/3263/3626 1875/3290/3626 1857/3269/3626
f 1875/3290/3627 1876/3291/3627 1857/3269/3627
f 1857/3269/3628 1876/3291/3628 1862/3274/3628
f 1859/3271/3629 1869/3292/3629 1854/3264/3629
f 1869/3281/3630 1877/3293/3630 1854/3265/3630
f 1854/3265/3631 1877/3293/3631 1864/3276/3631
f 1877/3293/3632 1878/3294/3632 1864/3276/3632
f 1864/3276/3633 1878/3294/3633 1865/3277/3633
f 1874/3289/3634 1879/3295/3634 1866/3074/3634
f 1866/3074/3635 1879/3295/3635 1867/3278/3635
f 1876/3291/3636 1880/3296/3636 1862/3274/3636
f 1862/3274/3637 1880/3296/3637 1863/3275/3637
f 1858/3297/3638 1881/3298/3638 1868/3280/3638
f 1881/3298/3639 1882/3299/3639 1868/3280/3639
f 1868/3280/3640 1882/3299/3640 1869/3281/3640
f 1869/3281/3641 1883/3300/3641 1877/3293/3641
f 1878/3294/3642 1884/3301/3642 1865/3277/3642
f 1884/3301/3643 1870/3284/3643 1865/3277/3643
f 1871/3285/3644 1885/3302/3644 1872/3286/3644
f 1873/3287/3645 1886/904/3645 2622/3303/3645
f 1875/3290/3646 1887/3304/3646 1876/3291/3646
f 1880/3305/3647 1888/3306/3647 1863/3307/3647
f 1863/3307/3648 1888/3306/3648 1858/3297/3648
f 1888/3306/3649 1881/3298/3649 1858/3297/3649
f 1882/3299/3650 1883/3300/3650 1869/3281/3650
f 1883/3300/3651 1889/3308/3651 1877/3293/3651
f 1877/3293/3652 1889/3308/3652 1878/3294/3652
f 1889/3308/3653 1890/3309/3653 1878/3294/3653
f 1890/3309/3654 1884/3301/3654 1878/3294/3654
f 1870/3284/3655 1885/3302/3655 1871/3285/3655
f 1872/3286/3656 1891/3310/3656 1873/3287/3656
f 1873/3287/3657 1891/3310/3657 1886/904/3657
f 103/2546/3658 1892/3311/3658 1388/2519/3658
f 1388/2519/3659 1892/3311/3659 1874/3289/3659
f 1874/3289/3660 1893/3312/3660 1879/3295/3660
f 1879/3295/3661 1893/3312/3661 1867/3278/3661
f 1867/3278/3662 1887/3304/3662 1875/3290/3662
f 1887/3304/3663 1894/3313/3663 1876/3291/3663
f 1876/3291/3664 1894/3313/3664 1880/3296/3664
f 1883/3314/3665 1895/3315/3665 1889/3316/3665
f 1889/3316/3666 1895/3315/3666 1890/3317/3666
f 1884/3301/3667 1896/3318/3667 1870/3284/3667
f 1870/3284/3668 1896/3318/3668 1885/3302/3668
f 1885/3302/3669 1897/3319/3669 1872/3286/3669
f 1897/3319/3670 1891/3310/3670 1872/3286/3670
f 1891/3310/3671 1898/902/3671 1886/904/3671
f 1892/3311/3672 1899/3320/3672 1874/3289/3672
f 1874/3289/3673 1899/3320/3673 1893/3312/3673
f 1893/3312/3674 1887/3304/3674 1867/3278/3674
f 1881/3298/3675 1900/3321/3675 1882/3299/3675
f 1882/3299/3676 1901/3322/3676 1883/3300/3676
f 1883/3300/3677 1902/3323/3677 1895/3324/3677
f 1895/3324/3678 1902/3323/3678 1890/3309/3678
f 1902/3323/3679 1903/3325/3679 1890/3309/3679
f 1890/3309/3680 1903/3325/3680 1884/3301/3680
f 1896/3318/3681 1904/3326/3681 1885/3302/3681
f 1885/3302/3682 1904/3326/3682 1897/3319/3682
f 1387/2518/3683 1906/3327/3683 103/2546/3683
f 103/2546/3684 1906/3327/3684 1892/3311/3684
f 1892/3328/3685 1907/3329/3685 1899/3330/3685
f 1899/3330/3686 1907/3329/3686 1893/3331/3686
f 1908/3332/3687 1894/3333/3687 1887/3334/3687
f 1900/3321/3688 1909/3335/3688 1882/3299/3688
f 1882/3299/3689 1909/3335/3689 1901/3322/3689
f 1901/3322/3690 1902/3323/3690 1883/3300/3690
f 104/2545/3691 1906/3327/3691 1387/2518/3691
f 1892/3311/3692 1910/3336/3692 1907/3337/3692
f 1907/3329/3693 1910/3338/3693 1893/3331/3693
f 1893/3331/3694 1911/3339/3694 1887/3334/3694
f 1887/3334/3695 1911/3339/3695 1908/3332/3695
f 1908/3332/3696 1912/3340/3696 1894/3333/3696
f 1912/3340/3697 1913/3341/3697 1894/3333/3697
f 1894/3333/3698 1913/3341/3698 1880/3305/3698
f 1880/3305/3699 1913/3341/3699 1888/3306/3699
f 1913/3341/3700 1914/3342/3700 1888/3306/3700
f 1888/3306/3701 1914/3342/3701 1881/3298/3701
f 1914/3342/3702 1900/3321/3702 1881/3298/3702
f 1902/3323/3703 1915/3343/3703 1903/3325/3703
f 1903/3325/3704 1915/3343/3704 1884/3301/3704
f 1915/3343/3705 1916/3344/3705 1884/3301/3705
f 1884/3301/3706 1916/3344/3706 1896/3318/3706
f 1897/3319/3707 1917/3345/3707 1891/3310/3707
f 1891/3310/3708 1917/3345/3708 1898/902/3708
f 1893/3331/3709 1918/3346/3709 1911/3339/3709
f 1901/3322/3710 1919/3347/3710 1902/3323/3710
f 1902/3323/3711 1919/3347/3711 1915/3343/3711
f 1919/3348/3712 1920/3349/3712 1915/3350/3712
f 1915/3350/3713 1920/3349/3713 1916/3351/3713
f 1916/3344/3714 1921/3352/3714 1896/3318/3714
f 1896/3318/3715 1921/3352/3715 1904/3326/3715
f 1904/3326/3716 1922/3353/3716 1897/3319/3716
f 1897/3319/3717 1922/3353/3717 1917/3345/3717
f 105/2544/3718 1923/3354/3718 104/2545/3718
f 104/2545/3719 1923/3354/3719 1906/3327/3719
f 1906/3327/3720 1924/3355/3720 1892/3311/3720
f 1892/3311/3721 1924/3355/3721 1910/3336/3721
f 1910/3338/3722 1918/3346/3722 1893/3331/3722
f 1935/3356/3723 1914/3342/3723 1913/3341/3723
f 1900/3321/3724 1925/3357/3724 1909/3335/3724
f 1909/3335/3725 1926/3358/3725 1901/3322/3725
f 1901/3322/3726 1926/3358/3726 1919/3347/3726
f 1923/3354/3727 1927/3359/3727 1906/3327/3727
f 1927/3359/3728 1928/3360/3728 1906/3327/3728
f 1906/3327/3729 1928/3360/3729 1924/3355/3729
f 1928/3361/3730 1929/3362/3730 1924/3363/3730
f 1924/3363/3731 1929/3362/3731 1910/3338/3731
f 1911/3339/3732 1912/3340/3732 1908/3332/3732
f 1919/3347/3733 1930/3364/3733 1920/3365/3733
f 1920/3365/3734 1931/3366/3734 1916/3344/3734
f 1916/3344/3735 1931/3366/3735 1921/3352/3735
f 1921/3352/3736 1932/3367/3736 1904/3326/3736
f 1917/3345/3737 1933/3368/3737 1898/902/3737
f 1898/902/3738 1933/3368/3738 1905/903/3738
f 1933/3368/3739 1958/2567/3739 1905/903/3739
f 1929/3362/3740 1918/3346/3740 1910/3338/3740
f 1911/3339/3741 1942/3369/3741 1912/3340/3741
f 1912/3340/3742 1934/3370/3742 1913/3341/3742
f 1935/3356/3743 1936/3371/3743 1914/3342/3743
f 1914/3342/3744 1937/3372/3744 1900/3321/3744
f 1937/3372/3745 1925/3357/3745 1900/3321/3745
f 1909/3335/3746 1925/3357/3746 1926/3358/3746
f 1926/3358/3747 1938/3373/3747 1919/3347/3747
f 1919/3347/3748 1938/3373/3748 1930/3364/3748
f 1920/3365/3749 1930/3364/3749 1931/3366/3749
f 1930/3374/3750 1939/3375/3750 1931/3376/3750
f 1931/3376/3751 1939/3375/3751 1921/3377/3751
f 1917/3345/3752 1940/3378/3752 1933/3368/3752
f 105/2544/3753 1941/3379/3753 1923/3354/3753
f 1941/3379/3754 1927/3359/3754 1923/3354/3754
f 1918/3346/3755 1942/3369/3755 1911/3339/3755
f 1934/3370/3756 1935/3356/3756 1913/3341/3756
f 1930/3364/3757 1943/3380/3757 1939/3381/3757
f 1939/3381/3758 1943/3380/3758 1921/3352/3758
f 1943/3382/3759 1944/3383/3759 1921/3384/3759
f 1921/3352/3760 1944/3385/3760 1932/3367/3760
f 1932/3367/3761 1945/3386/3761 1904/3326/3761
f 1904/3326/3762 1945/3386/3762 1922/3353/3762
f 1922/3353/3763 1952/3387/3763 1917/3345/3763
f 1917/3345/3764 1952/3387/3764 1940/3378/3764
f 1927/3359/3765 1947/3388/3765 1928/3360/3765
f 1928/3360/3766 1947/3388/3766 1929/3389/3766
f 1947/3388/3767 1948/3390/3767 1929/3389/3767
f 1929/3362/3768 1948/3391/3768 1918/3346/3768
f 1918/3346/3769 1961/3392/3769 1942/3369/3769
f 1962/3393/3770 1936/3371/3770 1935/3356/3770
f 1936/3371/3771 1937/3372/3771 1914/3342/3771
f 1937/3372/3772 1949/3394/3772 1925/3357/3772
f 1925/3357/3773 1964/3395/3773 1926/3358/3773
f 1943/3396/3774 1950/3397/3774 1944/3398/3774
f 1944/3398/3775 1950/3397/3775 1932/3399/3775
f 1950/3400/3776 1951/3401/3776 1932/3402/3776
f 1932/3367/3777 1951/3403/3777 1945/3386/3777
f 1927/3359/3778 1953/3404/3778 1947/3388/3778
f 1953/3405/3779 1954/3406/3779 1947/3407/3779
f 1947/3407/3780 1954/3406/3780 1948/3391/3780
f 1942/3369/3781 1934/3370/3781 1912/3340/3781
f 1964/3395/3782 1955/3408/3782 1926/3358/3782
f 1926/3358/3783 1955/3408/3783 1938/3373/3783
f 1938/3373/3784 1956/3409/3784 1930/3364/3784
f 1930/3364/3785 1956/3409/3785 1943/3380/3785
f 1945/3386/3786 1957/3410/3786 1922/3353/3786
f 1922/3353/3787 1957/3410/3787 1952/3387/3787
f 105/2544/3788 1959/3411/3788 1941/3379/3788
f 1927/3359/3789 1967/3412/3789 1953/3404/3789
f 1953/3404/3790 1960/3413/3790 1954/3414/3790
f 1954/3406/3791 1960/3415/3791 1948/3391/3791
f 1960/3415/3792 1961/3392/3792 1948/3391/3792
f 1948/3391/3793 1961/3392/3793 1918/3346/3793
f 1942/3369/3794 1969/3416/3794 1934/3370/3794
f 1934/3370/3795 1962/3393/3795 1935/3356/3795
f 1962/3393/3796 1963/3417/3796 1936/3371/3796
f 1949/3394/3797 1964/3395/3797 1925/3357/3797
f 1956/3409/3798 1965/3418/3798 1943/3380/3798
f 1940/3378/3799 1966/3419/3799 1933/3368/3799
f 1959/3411/3800 1967/3412/3800 1941/3379/3800
f 1941/3379/3801 1967/3412/3801 1927/3359/3801
f 1967/3412/3802 1968/3420/3802 1953/3404/3802
f 1953/3404/3803 1968/3420/3803 1960/3413/3803
f 1955/3408/3804 1970/3421/3804 1938/3373/3804
f 1938/3373/3805 1970/3421/3805 1956/3409/3805
f 1943/3380/3806 1971/3422/3806 1950/3423/3806
f 1950/3400/3807 1971/3424/3807 1951/3401/3807
f 1971/3425/3808 1972/3426/3808 1951/3427/3808
f 1951/3427/3809 1972/3426/3809 1945/3428/3809
f 1972/3429/3810 1973/3430/3810 1945/3431/3810
f 1945/3386/3811 1973/3432/3811 1957/3410/3811
f 1952/3387/3812 1966/3419/3812 1940/3378/3812
f 1933/3368/3813 1974/2568/3813 1958/2567/3813
f 1967/3412/3814 1975/3433/3814 1968/3420/3814
f 1961/3392/3815 1969/3416/3815 1942/3369/3815
f 1963/3417/3816 1937/3372/3816 1936/3371/3816
f 1937/3372/3817 1976/3434/3817 1949/3394/3817
f 1965/3418/3818 1977/3435/3818 1943/3380/3818
f 1943/3380/3819 1977/3435/3819 1971/3422/3819
f 1971/3422/3820 1978/3436/3820 1972/3437/3820
f 1972/3429/3821 1978/3438/3821 1973/3430/3821
f 1957/3410/3822 1979/3439/3822 1952/3387/3822
f 1952/3387/3823 1979/3439/3823 1966/3419/3823
f 1946/3075/3824 1980/3440/3824 1386/2479/3824
f 1386/2479/3825 1980/3440/3825 105/2544/3825
f 105/2544/3826 1980/3440/3826 1959/3411/3826
f 1969/3416/3827 1962/3393/3827 1934/3370/3827
f 1978/3441/3828 1982/3442/3828 1973/3443/3828
f 1973/3443/3829 1982/3442/3829 1957/3444/3829
f 1982/3445/3830 1983/3446/3830 1957/3447/3830
f 1957/3410/3831 1983/3448/3831 1979/3439/3831
f 1966/3419/3832 1974/2568/3832 1933/3368/3832
f 1975/3449/3833 1984/3450/3833 1968/3451/3833
f 1968/3451/3834 1984/3450/3834 1960/3415/3834
f 1984/3450/3835 1961/3392/3835 1960/3415/3835
f 1969/3416/3836 1989/3452/3836 1962/3393/3836
f 1981/3453/3837 1963/3417/3837 1962/3393/3837
f 1963/3417/3838 1990/3454/3838 1937/3372/3838
f 1990/3454/3839 1976/3434/3839 1937/3372/3839
f 1949/3394/3840 1976/3434/3840 1964/3395/3840
f 1964/3395/3841 1985/3455/3841 1955/3408/3841
f 1970/3421/3842 1986/3456/3842 1956/3409/3842
f 1986/3456/3843 1965/3418/3843 1956/3409/3843
f 1966/3419/3844 1995/3457/3844 1974/2568/3844
f 1975/3458/3845 1987/3459/3845 1984/3460/3845
f 1987/3459/3846 1988/3461/3846 1984/3460/3846
f 1984/3450/3847 1988/3462/3847 1961/3392/3847
f 1989/3452/3848 1981/3453/3848 1962/3393/3848
f 1978/3436/3849 1991/3463/3849 1982/3464/3849
f 1982/3445/3850 1991/3465/3850 1983/3446/3850
f 1991/3465/3851 1992/3466/3851 1983/3446/3851
f 1983/3467/3852 1992/3468/3852 1979/3469/3852
f 1992/3466/3853 1993/3470/3853 1979/3471/3853
f 1979/3439/3854 1994/3472/3854 1966/3419/3854
f 1994/3472/3855 1995/3457/3855 1966/3419/3855
f 1974/2568/3856 1996/3473/3856 106/2566/3856
f 1959/3474/3857 1997/3475/3857 1967/3476/3857
f 1967/3476/3858 1997/3475/3858 1975/3449/3858
f 1997/3475/3859 1998/3477/3859 1975/3449/3859
f 1975/3449/3860 1998/3477/3860 1987/3478/3860
f 1988/3462/3861 1969/3416/3861 1961/3392/3861
f 1981/3453/3862 1990/3454/3862 1963/3417/3862
f 1990/3454/3863 2484/3479/3863 1976/3434/3863
f 1976/3434/3864 2496/3480/3864 1964/3395/3864
f 2496/3480/3865 1985/3455/3865 1964/3395/3865
f 1986/3456/3866 1977/3435/3866 1965/3418/3866
f 1977/3435/3867 1978/3436/3867 1971/3422/3867
f 1993/3481/3868 1994/3472/3868 1979/3439/3868
f 1385/2501/3869 1999/3482/3869 1946/3075/3869
f 1946/3075/3870 1999/3482/3870 1980/3440/3870
f 1991/3463/3871 2000/3483/3871 1992/3484/3871
f 1992/3466/3872 2000/3485/3872 1993/3470/3872
f 2000/3485/3873 2001/3486/3873 1993/3470/3873
f 1993/3487/3874 2001/3488/3874 1994/3489/3874
f 2001/3486/3875 2002/3490/3875 1994/3491/3875
f 1995/3457/3876 1996/3473/3876 1974/2568/3876
f 1980/3492/3877 2450/3493/3877 1959/3474/3877
f 2450/3493/3878 2003/3494/3878 1959/3474/3878
f 1959/3474/3879 2003/3494/3879 1997/3475/3879
f 1998/3477/3880 2004/3495/3880 1987/3478/3880
f 1987/3478/3881 2004/3495/3881 1988/3462/3881
f 1988/3462/3882 2460/3496/3882 1969/3416/3882
f 1969/3416/3883 2460/3496/3883 1989/3452/3883
f 1981/3453/3884 2479/3497/3884 1990/3454/3884
f 2484/3479/3885 2496/3480/3885 1976/3434/3885
f 1955/3408/3886 1986/3456/3886 1970/3421/3886
f 1978/3436/3887 2524/3498/3887 1991/3463/3887
f 2524/3498/3888 31/3499/3888 1991/3463/3888
f 1991/3465/3889 31/3500/3889 2000/3485/3889
f 2000/3483/3890 31/3499/3890 2001/3501/3890
f 1995/3457/3891 2558/3502/3891 1996/3473/3891
f 1996/3473/3892 2103/2579/3892 106/2566/3892
f 1999/3503/3893 2450/3493/3893 1980/3492/3893
f 1998/3504/3894 32/3505/3894 2004/3506/3894
f 2004/3495/3895 32/3507/3895 1988/3462/3895
f 1989/3452/3896 2468/3508/3896 1981/3453/3896
f 1977/3435/3897 2524/3498/3897 1978/3436/3897
f 2001/3486/3898 31/3500/3898 2002/3490/3898
f 2002/3509/3899 30/3510/3899 1994/3472/3899
f 1994/3472/3900 30/3510/3900 1995/3457/3900
f 30/3510/3901 2558/3502/3901 1995/3457/3901
f 62/2581/3902 90/1735/3902 168/1430/3902
f 62/2581/3903 2005/795/3903 90/1735/3903
f 90/1735/3904 2005/795/3904 89/2597/3904
f 2623/793/3905 2005/795/3905 62/2581/3905
f 2005/795/3906 88/2583/3906 89/2597/3906
f 2005/795/3907 2007/2584/3907 88/2583/3907
f 2006/794/3908 2007/2584/3908 2005/795/3908
f 2007/2584/3909 2008/3511/3909 87/2582/3909
f 2006/794/3910 2624/3512/3910 2007/2584/3910
f 2624/3512/3911 2008/3511/3911 2007/2584/3911
f 2009/3513/3912 86/3514/3912 2008/3515/3912
f 2624/3512/3913 2009/3516/3913 2008/3511/3913
f 2009/3513/3914 2010/3517/3914 86/3514/3914
f 2624/3512/3915 2011/3518/3915 2009/3516/3915
f 2011/931/3916 2010/3517/3916 2009/3513/3916
f 2010/3517/3917 2012/3519/3917 86/3514/3917
f 2012/3519/3918 85/2621/3918 86/3514/3918
f 2011/931/3919 2012/3519/3919 2010/3517/3919
f 2012/3519/3920 84/2619/3920 85/2621/3920
f 2011/931/3921 2013/930/3921 2012/3519/3921
f 2013/930/3922 84/2619/3922 2012/3519/3922
f 2013/930/3923 83/2590/3923 84/2619/3923
f 2013/930/3924 2015/798/3924 83/2590/3924
f 83/2590/3925 2015/798/3925 2014/2588/3925
f 2015/798/3926 2016/797/3926 2014/2588/3926
f 2625/796/3927 2017/2663/3927 2016/797/3927
f 2625/796/3928 2018/2688/3928 2017/2663/3928
f 2625/796/3929 2627/926/3929 2018/2688/3929
f 2628/925/3930 81/2592/3930 82/929/3930
f 2628/925/3931 2019/3520/3931 81/2592/3931
f 2019/3520/3932 80/2748/3932 81/2592/3932
f 2629/924/3933 2020/3521/3933 2628/925/3933
f 2628/925/3934 2020/3521/3934 2019/3520/3934
f 2626/923/3935 2024/3522/3935 2629/924/3935
f 2024/3522/3936 2020/3521/3936 2629/924/3936
f 2020/3521/3937 2021/3523/3937 2019/3520/3937
f 2019/3520/3938 2021/3523/3938 80/2748/3938
f 2021/3523/3939 79/2755/3939 80/2748/3939
f 2022/3524/3940 2626/923/3940 2630/897/3940
f 2022/3524/3941 2023/3525/3941 2626/923/3941
f 2023/3525/3942 2024/3522/3942 2626/923/3942
f 2023/3525/3943 2025/3526/3943 2024/3522/3943
f 2021/3523/3944 2026/3527/3944 79/2755/3944
f 79/2755/3945 2026/3527/3945 78/2759/3945
f 2024/3522/3946 2027/3528/3946 2020/3521/3946
f 2027/3528/3947 2021/3523/3947 2020/3521/3947
f 2026/3527/3948 77/2762/3948 78/2759/3948
f 2022/3524/3949 2029/3529/3949 2023/3525/3949
f 2025/3526/3950 2030/3530/3950 2024/3522/3950
f 2024/3522/3951 2030/3530/3951 2027/3528/3951
f 2028/3531/3952 2022/3524/3952 2630/897/3952
f 2027/3528/3953 2026/3527/3953 2021/3523/3953
f 2028/3531/3954 2031/3532/3954 2022/3524/3954
f 2031/3532/3955 2029/3529/3955 2022/3524/3955
f 2023/3525/3956 2032/3533/3956 2025/3526/3956
f 2026/3527/3957 2033/3534/3957 77/2762/3957
f 77/2762/3958 2033/3534/3958 76/2763/3958
f 2032/3533/3959 2030/3530/3959 2025/3526/3959
f 2030/3530/3960 2034/3535/3960 2027/3528/3960
f 2034/3535/3961 2035/3536/3961 2027/3528/3961
f 2027/3528/3962 2035/3536/3962 2026/3527/3962
f 2029/3529/3963 2032/3533/3963 2023/3525/3963
f 2026/3527/3964 2035/3536/3964 2033/3534/3964
f 2033/3534/3965 2037/3537/3965 76/2763/3965
f 76/2763/3966 2037/3537/3966 75/2767/3966
f 2632/932/3967 2036/896/3967 2631/898/3967
f 2036/896/3968 2038/3538/3968 2630/897/3968
f 2038/3538/3969 2028/3531/3969 2630/897/3969
f 2032/3533/3970 2039/3539/3970 2030/3530/3970
f 2035/3536/3971 2047/3540/3971 2033/3534/3971
f 2033/3534/3972 2040/48/3972 2037/3537/3972
f 2634/928/3973 2042/3541/3973 2635/933/3973
f 2635/933/3974 2043/3542/3974 2633/934/3974
f 2633/934/3975 2043/3542/3975 2632/932/3975
f 2632/932/3976 2044/3543/3976 2036/896/3976
f 2039/3539/3977 2045/3544/3977 2030/3530/3977
f 2045/3544/3978 2034/3535/3978 2030/3530/3978
f 2047/3540/3979 2040/48/3979 2033/3534/3979
f 2037/3537/3980 2046/3545/3980 75/2767/3980
f 75/2767/3981 2046/3545/3981 74/2779/3981
f 2034/3535/3982 2054/3546/3982 2035/3536/3982
f 2054/3546/3983 2047/3540/3983 2035/3536/3983
f 2041/3547/3984 2048/3548/3984 2042/3541/3984
f 2042/3541/3985 2048/3548/3985 2635/933/3985
f 2048/3548/3986 2049/3549/3986 2635/933/3986
f 2635/933/3987 2049/3549/3987 2043/3542/3987
f 2043/3542/3988 2044/3543/3988 2632/932/3988
f 2044/3543/3989 2038/3538/3989 2036/896/3989
f 2038/3538/3990 2059/3550/3990 2028/3531/3990
f 2046/3551/3991 2050/870/3991 74/2594/3991
f 2059/3550/3992 2031/3532/3992 2028/3531/3992
f 2051/3552/3993 2029/3529/3993 2031/3532/3993
f 2040/48/3994 2052/50/3994 2037/3537/3994
f 1410/892/3995 72/2580/3995 2041/893/3995
f 2053/3553/3996 2048/3548/3996 2041/3547/3996
f 2037/3537/3997 2052/50/3997 2046/3545/3997
f 2052/869/3998 2050/870/3998 2046/3551/3998
f 1411/2578/3999 72/2580/3999 1410/892/3999
f 72/3554/4000 2071/3555/4000 2041/3547/4000
f 2071/3555/4001 2053/3553/4001 2041/3547/4001
f 2059/3550/4002 2051/3552/4002 2031/3532/4002
f 2029/3529/4003 2051/3552/4003 2032/3533/4003
f 2051/3552/4004 2039/3539/4004 2032/3533/4004
f 2045/3544/4005 2054/3546/4005 2034/3535/4005
f 2054/3546/4006 2055/3556/4006 2047/3540/4006
f 2047/3540/4007 2056/49/4007 2040/48/4007
f 491/3557/4008 2075/3558/4008 492/3559/4008
f 2049/3549/4009 2057/3560/4009 2043/3542/4009
f 2043/3542/4010 2057/3560/4010 2044/3543/4010
f 2057/3560/4011 2058/3561/4011 2044/3543/4011
f 2044/3543/4012 2059/3550/4012 2038/3538/4012
f 2045/3544/4013 2073/3562/4013 2054/3546/4013
f 430/546/4014 655/545/4014 429/1171/4014
f 2055/3556/4015 2056/49/4015 2047/3540/4015
f 1511/2741/4016 1528/479/4016 1523/2756/4016
f 545/801/4017 2096/800/4017 653/3563/4017
f 653/3564/4018 538/3565/4018 545/3566/4018
f 652/3567/4019 527/3568/4019 539/3569/4019
f 539/3570/4020 2094/3571/4020 652/3572/4020
f 527/3573/4021 652/3572/4021 651/3574/4021
f 527/3568/4022 651/3575/4022 2089/3576/4022
f 2048/3548/4023 2064/3577/4023 2049/3549/4023
f 2044/3543/4024 2058/3561/4024 2059/3550/4024
f 520/3578/4025 2082/3579/4025 650/3580/4025
f 514/3581/4026 2079/3582/4026 648/3583/4026
f 514/1292/4027 648/3584/4027 2084/1293/4027
f 508/1278/4028 646/3585/4028 2081/1279/4028
f 508/3586/4029 2076/3587/4029 646/3588/4029
f 500/3589/4030 2070/3590/4030 644/3591/4030
f 500/3592/4031 644/3593/4031 2078/3594/4031
f 157/776/4032 153/3595/4032 73/777/4032
f 2053/3553/4033 2063/3596/4033 2048/3548/4033
f 2049/3549/4034 2072/3597/4034 2057/3560/4034
f 2073/3562/4035 2055/3556/4035 2054/3546/4035
f 158/3598/4036 2069/3599/4036 171/3600/4036
f 2103/2579/4037 2085/3601/4037 72/2580/4037
f 72/2580/4038 2085/3601/4038 2071/3602/4038
f 2086/3603/4039 2063/3596/4039 2053/3553/4039
f 2063/3596/4040 2064/3577/4040 2048/3548/4040
f 2064/3577/4041 2072/3597/4041 2049/3549/4041
f 2059/3550/4042 2087/972/4042 2051/3552/4042
f 2051/3552/4043 2087/972/4043 2039/3539/4043
f 2087/972/4044 2045/3544/4044 2039/3539/4044
f 355/1032/4045 620/1018/4045 622/1052/4045
f 2071/3555/4046 2086/3603/4046 2053/3553/4046
f 2087/972/4047 2095/971/4047 2045/3544/4047
f 2095/971/4048 2073/3562/4048 2045/3544/4048
f 333/985/4049 331/977/4049 594/992/4049
f 416/3604/4050 2104/3605/4050 38/3606/4050
f 416/805/4051 37/807/4051 406/533/4051
f 406/808/4052 629/619/4052 393/3607/4052
f 2085/3608/4053 12/3609/4053 2071/3555/4053
f 2058/3561/4054 2087/972/4054 2059/3550/4054
f 254/386/4055 20/527/4055 353/3610/4055
f 621/651/4056 19/650/4056 354/1042/4056
f 353/3610/4057 18/3611/4057 612/815/4057
f 346/524/4058 613/648/4058 342/525/4058
f 342/525/4059 613/648/4059 16/644/4059
f 2071/3555/4060 12/3609/4060 2086/3603/4060
f 2072/3597/4061 2605/3612/4061 2057/3560/4061
f 2057/3560/4062 2605/3612/4062 2058/3561/4062
f 565/1334/4063 2101/85/4063 564/1333/4063
f 353/3610/4064 20/527/4064 18/3611/4064
f 169/388/4065 811/389/4065 15/816/4065
f 169/388/4066 15/816/4066 609/391/4066
f 328/840/4067 1547/819/4067 255/259/4067
f 595/3613/4068 1/889/4068 541/1744/4068
f 595/3613/4069 606/888/4069 1/889/4069
f 25/887/4070 132/3614/4070 1/889/4070
f 24/886/4071 2107/3615/4071 25/887/4071
f 625/890/4072 2109/3616/4072 24/886/4072
f 2572/3617/4073 2115/3618/4073 625/3619/4073
f 2573/3620/4074 2115/3618/4074 2572/3617/4074
f 2581/3621/4075 2146/3622/4075 2578/3623/4075
f 2582/881/4076 2154/3624/4076 2581/3621/4076
f 25/887/4077 2107/3615/4077 132/3614/4077
f 2107/3625/4078 947/1838/4078 132/1839/4078
f 24/886/4079 2108/3626/4079 2107/3615/4079
f 2107/3625/4080 2108/3627/4080 947/1838/4080
f 2108/3627/4081 1554/2783/4081 947/1838/4081
f 2109/3616/4082 2108/3626/4082 24/886/4082
f 2109/3616/4083 2110/3628/4083 2108/3626/4083
f 2110/3629/4084 2111/3630/4084 2108/3627/4084
f 2108/3627/4085 2111/3630/4085 1554/2783/4085
f 625/3619/4086 2112/3631/4086 2109/3632/4086
f 2112/3633/4087 2113/3634/4087 2109/3616/4087
f 2109/3616/4088 2113/3634/4088 2110/3628/4088
f 2113/3634/4089 2111/3635/4089 2110/3628/4089
f 2112/3633/4090 2114/3636/4090 2113/3634/4090
f 2113/3634/4091 2114/3636/4091 2111/3635/4091
f 2114/3637/4092 1554/2783/4092 2111/3630/4092
f 625/3619/4093 2115/3618/4093 2112/3631/4093
f 2112/3633/4094 2116/3638/4094 2114/3636/4094
f 2116/3638/4095 2117/3639/4095 2114/3636/4095
f 2114/3637/4096 2117/3640/4096 1554/2783/4096
f 2118/3641/4097 2119/3642/4097 1554/2783/4097
f 1554/2783/4098 2119/3642/4098 1553/2784/4098
f 2115/3618/4099 2120/3643/4099 2112/3631/4099
f 2112/3633/4100 2120/3644/4100 2116/3638/4100
f 2120/3644/4101 2121/3645/4101 2116/3638/4101
f 2116/3638/4102 2121/3645/4102 2117/3639/4102
f 2121/3646/4103 2122/3647/4103 2117/3640/4103
f 2117/3640/4104 2122/3647/4104 1554/2783/4104
f 2122/3647/4105 2118/3641/4105 1554/2783/4105
f 2119/3642/4106 2124/3648/4106 1553/2784/4106
f 2115/3618/4107 2123/3649/4107 2120/3643/4107
f 2120/3644/4108 2122/3650/4108 2121/3645/4108
f 2123/3651/4109 2125/3652/4109 2120/3644/4109
f 2120/3644/4110 2125/3652/4110 2122/3650/4110
f 2125/3653/4111 2118/3641/4111 2122/3647/4111
f 2123/3651/4112 2126/3654/4112 2125/3652/4112
f 2125/3653/4113 2126/3655/4113 2118/3641/4113
f 2126/3655/4114 2119/3642/4114 2118/3641/4114
f 2574/3656/4115 2127/3657/4115 2573/3620/4115
f 2573/3620/4116 2127/3657/4116 2115/3618/4116
f 2128/3658/4117 2129/3659/4117 2123/3651/4117
f 2123/3651/4118 2129/3659/4118 2126/3654/4118
f 2126/3655/4119 2130/3660/4119 2119/3642/4119
f 2119/3642/4120 2131/3661/4120 2124/3648/4120
f 2131/3662/4121 2138/104/4121 2124/1590/4121
f 2127/3657/4122 2132/3663/4122 2115/3618/4122
f 2115/3618/4123 2132/3663/4123 2123/3649/4123
f 2132/3663/4124 2128/3664/4124 2123/3649/4124
f 2128/3658/4125 2133/3665/4125 2129/3659/4125
f 2129/3659/4126 2133/3665/4126 2126/3654/4126
f 2133/3666/4127 2130/3660/4127 2126/3655/4127
f 2128/3658/4128 2134/3667/4128 2133/3665/4128
f 2134/3667/4129 2130/3668/4129 2133/3665/4129
f 2130/3660/4130 2135/3669/4130 2119/3642/4130
f 2119/3642/4131 2135/3669/4131 2131/3661/4131
f 2132/3663/4132 2136/3670/4132 2128/3664/4132
f 2128/3658/4133 2136/3671/4133 2134/3667/4133
f 2136/3671/4134 2137/3672/4134 2134/3667/4134
f 2134/3667/4135 2137/3672/4135 2130/3668/4135
f 2576/3673/4136 23/3674/4136 2574/3656/4136
f 23/3674/4137 2139/3675/4137 2574/3656/4137
f 2574/3656/4138 2139/3675/4138 2127/3657/4138
f 2137/3676/4139 2135/3669/4139 2130/3660/4139
f 2131/3662/4140 2140/102/4140 2138/104/4140
f 2127/3657/4141 2141/3677/4141 2132/3663/4141
f 2132/3663/4142 2142/3678/4142 2136/3670/4142
f 2142/3679/4143 2143/3680/4143 2136/3671/4143
f 2136/3671/4144 2143/3680/4144 2137/3672/4144
f 2135/3669/4145 2140/3681/4145 2131/3661/4145
f 2139/3675/4146 2141/3677/4146 2127/3657/4146
f 2141/3677/4147 2142/3678/4147 2132/3663/4147
f 2142/3679/4148 2144/3682/4148 2143/3680/4148
f 2143/3683/4149 2144/3684/4149 2137/3676/4149
f 2144/3684/4150 2135/3669/4150 2137/3676/4150
f 2142/3679/4151 2145/3685/4151 2144/3682/4151
f 2578/3623/4152 2146/3622/4152 23/3674/4152
f 23/3674/4153 2147/3686/4153 2139/3675/4153
f 2141/3677/4154 2148/3687/4154 2142/3678/4154
f 2142/3678/4155 2148/3687/4155 2145/3688/4155
f 2148/3689/4156 2149/3690/4156 2145/3685/4156
f 2145/3685/4157 2149/3690/4157 2144/3682/4157
f 2141/3677/4158 2150/3691/4158 2148/3687/4158
f 2148/3689/4159 2151/3692/4159 2149/3690/4159
f 2149/3693/4160 2151/3694/4160 2144/3684/4160
f 2144/3684/4161 2151/3694/4161 2135/3669/4161
f 2135/3669/4162 2152/3695/4162 2140/3681/4162
f 23/3674/4163 2146/3622/4163 2147/3686/4163
f 2147/3686/4164 2141/3677/4164 2139/3675/4164
f 2150/3691/4165 2153/3696/4165 2148/3687/4165
f 2148/3689/4166 2153/3697/4166 2151/3692/4166
f 2581/3621/4167 2154/3624/4167 2146/3622/4167
f 2150/3698/4168 2155/3699/4168 2153/3697/4168
f 2153/3697/4169 2155/3699/4169 2151/3692/4169
f 2147/3686/4170 2156/3700/4170 2141/3677/4170
f 2141/3677/4171 2157/3701/4171 2150/3691/4171
f 2151/3694/4172 2158/3702/4172 2135/3669/4172
f 2135/3703/4173 2158/373/4173 2152/398/4173
f 2157/3701/4174 2159/3704/4174 2150/3691/4174
f 2150/3698/4175 2159/3705/4175 2155/3699/4175
f 2159/3705/4176 2160/3706/4176 2155/3699/4176
f 2155/3707/4177 2160/3708/4177 2151/3694/4177
f 2151/3694/4178 2167/3709/4178 2158/3702/4178
f 22/847/4179 2161/3710/4179 2582/881/4179
f 2582/881/4180 2161/3710/4180 2154/3624/4180
f 2146/3622/4181 2162/3711/4181 2147/3686/4181
f 2156/3700/4182 2163/3712/4182 2141/3677/4182
f 2163/3712/4183 2164/3713/4183 2141/3677/4183
f 2141/3677/4184 2164/3713/4184 2157/3701/4184
f 2157/3714/4185 2165/3715/4185 2159/3705/4185
f 2159/3705/4186 2165/3715/4186 2160/3706/4186
f 2158/373/4187 825/103/4187 2152/398/4187
f 2157/3714/4188 2166/3716/4188 2165/3715/4188
f 2165/3717/4189 2166/3718/4189 2160/3708/4189
f 2166/3718/4190 2167/3709/4190 2160/3708/4190
f 2160/3708/4191 2167/3709/4191 2151/3694/4191
f 2164/3719/4192 2168/3720/4192 2157/3714/4192
f 2157/3714/4193 2168/3720/4193 2166/3716/4193
f 2154/3624/4194 2169/3721/4194 2146/3622/4194
f 2169/3721/4195 2162/3711/4195 2146/3622/4195
f 2147/3686/4196 2170/3722/4196 2156/3700/4196
f 2163/3712/4197 2171/3723/4197 2164/3713/4197
f 2164/3719/4198 2171/3724/4198 2168/3720/4198
f 22/847/4199 2172/846/4199 2161/3710/4199
f 2162/3711/4200 2170/3722/4200 2147/3686/4200
f 2171/3724/4201 2173/3725/4201 2168/3720/4201
f 2168/3726/4202 2173/3727/4202 2166/3718/4202
f 594/658/4203 11/518/4203 2098/656/4203
f 2089/646/482 14/621/482 2093/657/482
f 2163/3728/4204 2174/3729/4204 2171/3724/4204
f 2171/3724/4205 2174/3729/4205 2173/3725/4205
f 2167/3709/4206 2175/3730/4206 2158/3702/4206
f 18/454/451 628/635/451 15/633/451
f 2156/3700/4207 2177/3731/4207 2163/3712/4207
f 2177/3731/4208 2178/3732/4208 2163/3712/4208
f 2163/3728/4209 2178/3733/4209 2174/3729/4209
f 2173/3727/4210 2179/353/4210 2166/3718/4210
f 2166/3718/4211 2179/353/4211 2167/3709/4211
f 2170/3722/4212 2180/3734/4212 2156/3700/4212
f 2178/3733/4213 2181/3735/4213 2174/3729/4213
f 2174/3736/4214 2181/3737/4214 2173/3727/4214
f 2179/353/4215 2175/3730/4215 2167/3709/4215
f 2175/3738/4216 2193/374/4216 2158/373/4216
f 943/1385/4217 942/1836/4217 533/1386/4217
f 2172/846/4218 2182/3739/4218 2161/3710/4218
f 2180/3734/4219 2183/3740/4219 2156/3700/4219
f 2156/3700/4220 2183/3740/4220 2177/3731/4220
f 2177/3741/4221 2181/3735/4221 2178/3733/4221
f 2181/3737/4222 2184/3742/4222 2173/3727/4222
f 2173/3727/4223 2184/3742/4223 2179/353/4223
f 383/1082/4224 374/1065/4224 262/1083/4224
f 2241/312/4225 845/441/4225 846/3743/4225
f 2176/848/4226 2185/3744/4226 2172/846/4226
f 2154/3624/4227 2186/3745/4227 2169/3721/4227
f 2177/3741/4228 2183/3746/4228 2181/3735/4228
f 2183/3746/4229 2187/3747/4229 2181/3735/4229
f 325/496/4230 9/641/4230 316/485/4230
f 2187/3748/4231 2184/3742/4231 2181/3737/4231
f 307/465/4232 8/642/4232 6/636/4232
f 307/465/4233 6/636/4233 7/194/4233
f 2169/3721/4234 2188/3749/4234 2162/3711/4234
f 2162/3711/4235 2188/3749/4235 2170/3722/4235
f 2183/3740/4236 2189/3750/4236 2187/3748/4236
f 2189/3750/4237 2190/3751/4237 2187/3748/4237
f 2187/3748/4238 2190/3751/4238 2184/3742/4238
f 1012/1940/4239 2104/3752/4239 148/1147/4239
f 148/3753/4240 2104/625/4240 416/3754/4240
f 306/463/4241 8/642/4241 307/465/4241
f 2185/3744/4242 2191/3755/4242 2172/846/4242
f 2191/3755/4243 2182/3739/4243 2172/846/4243
f 2161/3710/4244 2182/3739/4244 2154/3624/4244
f 2182/3739/4245 2186/3745/4245 2154/3624/4245
f 2188/3749/4246 2180/3734/4246 2170/3722/4246
f 2180/3734/4247 2192/3756/4247 2183/3740/4247
f 2183/3746/4248 2192/3757/4248 2189/3758/4248
f 2192/3757/4249 2190/3759/4249 2189/3758/4249
f 2179/353/4250 2193/355/4250 2175/3730/4250
f 2186/3745/4251 2188/3749/4251 2169/3721/4251
f 2180/3734/4252 2194/3760/4252 2192/3756/4252
f 2196/875/4253 2185/3744/4253 2176/848/4253
f 2194/3760/4254 2195/3761/4254 2192/3756/4254
f 2192/3756/4255 2195/3761/4255 2190/3751/4255
f 2194/3762/4256 2197/3763/4256 2195/3764/4256
f 2195/3761/4257 2197/3765/4257 2190/3751/4257
f 2184/3742/4258 2198/3766/4258 2179/353/4258
f 2198/3766/4259 830/354/4259 2179/353/4259
f 2188/3749/4260 2199/3767/4260 2180/3734/4260
f 2180/3734/4261 2199/3767/4261 2194/3760/4261
f 2199/3767/4262 2197/3765/4262 2194/3760/4262
f 2197/3765/4263 2200/3768/4263 2190/3751/4263
f 2190/3751/4264 2200/3768/4264 2184/3742/4264
f 2196/875/4265 2201/3769/4265 2185/3744/4265
f 2186/3745/4266 2202/3770/4266 2188/3749/4266
f 2202/3770/4267 2203/3771/4267 2188/3749/4267
f 2203/3771/4268 2199/3767/4268 2188/3749/4268
f 2184/3742/4269 2200/3768/4269 2198/3766/4269
f 2201/3769/4270 2191/3755/4270 2185/3744/4270
f 2191/3755/4271 2204/3772/4271 2182/3739/4271
f 2204/3772/4272 2205/3773/4272 2182/3739/4272
f 2182/3739/4273 2205/3773/4273 2186/3745/4273
f 2205/3773/4274 2202/3770/4274 2186/3745/4274
f 2199/3767/4275 2206/3774/4275 2197/3765/4275
f 2197/3765/4276 2206/3774/4276 2200/3768/4276
f 2207/876/4277 2201/3769/4277 2196/875/4277
f 2206/3774/4278 2208/3775/4278 2200/3768/4278
f 2200/3768/4279 2209/3776/4279 2198/3766/4279
f 2198/3766/4280 2209/3776/4280 830/354/4280
f 2209/3776/4281 845/3777/4281 830/354/4281
f 2201/3769/4282 2210/3778/4282 2191/3755/4282
f 2210/3778/4283 2204/3772/4283 2191/3755/4283
f 2199/3767/4284 2211/3779/4284 2206/3774/4284
f 2211/3779/4285 2208/3775/4285 2206/3774/4285
f 2208/3775/4286 2209/3776/4286 2200/3768/4286
f 2207/876/4287 2212/3780/4287 2201/3769/4287
f 2212/3780/4288 2210/3778/4288 2201/3769/4288
f 2202/3770/4289 2213/3781/4289 2203/3771/4289
f 2213/3781/4290 2214/3782/4290 2203/3771/4290
f 2203/3771/4291 2214/3782/4291 2199/3767/4291
f 2199/3767/4292 2214/3782/4292 2211/3779/4292
f 2204/3772/4293 2215/3783/4293 2205/3773/4293
f 2215/3783/4294 2216/3784/4294 2205/3773/4294
f 2205/3773/4295 2216/3784/4295 2202/3770/4295
f 2216/3784/4296 2213/3781/4296 2202/3770/4296
f 2214/3782/4297 2217/3785/4297 2211/3779/4297
f 2217/3785/4298 2218/3786/4298 2211/3779/4298
f 2211/3779/4299 2218/3786/4299 2208/3775/4299
f 2208/3775/4300 2218/3786/4300 2209/3776/4300
f 2209/3776/4301 2219/3787/4301 845/3777/4301
f 2219/3787/4302 846/335/4302 845/3777/4302
f 2207/876/4303 2220/3788/4303 2212/3780/4303
f 2210/3778/4304 2221/3789/4304 2204/3772/4304
f 2204/3772/4305 2221/3789/4305 2215/3783/4305
f 2216/3784/4306 2226/3790/4306 2213/3781/4306
f 2213/3781/4307 2227/3791/4307 2214/3782/4307
f 2227/3791/4308 2222/3792/4308 2214/3782/4308
f 2214/3782/4309 2222/3792/4309 2217/3785/4309
f 2217/3785/4310 2222/3792/4310 2218/3786/4310
f 2222/3792/4311 2223/3793/4311 2218/3786/4311
f 2223/3793/4312 2224/3794/4312 2218/3786/4312
f 2218/3786/4313 2224/3794/4313 2209/3776/4313
f 2224/3794/4314 2219/3787/4314 2209/3776/4314
f 2233/877/4315 2220/3788/4315 2207/876/4315
f 2212/3780/4316 2225/3795/4316 2210/3778/4316
f 2225/3795/4317 2221/3789/4317 2210/3778/4317
f 2215/3783/4318 2226/3790/4318 2216/3784/4318
f 2220/3788/4319 2225/3795/4319 2212/3780/4319
f 2221/3789/4320 2230/3796/4320 2215/3783/4320
f 2230/3796/4321 2226/3790/4321 2215/3783/4321
f 2226/3790/4322 2227/3791/4322 2213/3781/4322
f 2227/3791/4323 2228/3797/4323 2222/3792/4323
f 2233/877/4324 2229/3798/4324 2220/3788/4324
f 2225/3795/4325 2230/3796/4325 2221/3789/4325
f 2236/3799/4326 2228/3797/4326 2227/3791/4326
f 2228/3797/4327 2231/3800/4327 2222/3792/4327
f 2222/3792/4328 2231/3800/4328 2223/3793/4328
f 2224/3794/4329 2232/333/4329 2219/3787/4329
f 2219/3787/4330 2232/333/4330 846/335/4330
f 2229/3798/4331 2234/3801/4331 2220/3788/4331
f 2220/3788/4332 2234/3801/4332 2225/3795/4332
f 2230/3796/4333 2235/3802/4333 2226/3790/4333
f 2226/3790/4334 2236/3799/4334 2227/3791/4334
f 2228/3797/4335 2237/3803/4335 2231/3800/4335
f 2231/3800/4336 2238/3804/4336 2223/3793/4336
f 2223/3793/4337 2238/3804/4337 2224/3794/4337
f 2224/3794/4338 2238/3804/4338 2232/333/4338
f 2235/3802/4339 2236/3799/4339 2226/3790/4339
f 2236/3799/4340 2239/3805/4340 2228/3797/4340
f 2239/3805/4341 2237/3803/4341 2228/3797/4341
f 2232/333/4342 2240/3806/4342 2241/334/4342
f 182/878/4343 2229/3798/4343 2233/877/4343
f 2225/3795/4344 2247/3807/4344 2230/3796/4344
f 2231/3800/4345 2243/3808/4345 2238/3804/4345
f 2238/3804/4346 2243/3808/4346 2232/333/4346
f 184/23/4347 2253/71/4347 182/878/4347
f 2253/71/4348 2245/3809/4348 182/878/4348
f 182/878/4349 2245/3809/4349 2229/3798/4349
f 2245/3809/4350 2246/3810/4350 2229/3798/4350
f 2229/3798/4351 2246/3810/4351 2234/3801/4351
f 2234/3801/4352 2247/3807/4352 2225/3795/4352
f 2254/3811/4353 2248/3812/4353 2230/3796/4353
f 2230/3796/4354 2248/3812/4354 2235/3802/4354
f 2248/3812/4355 2236/3799/4355 2235/3802/4355
f 2231/3800/4356 2249/3813/4356 2243/3808/4356
f 2243/3808/4357 2250/3814/4357 2232/333/4357
f 2250/3814/4358 2251/3815/4358 2232/333/4358
f 2232/333/4359 2251/3815/4359 2240/3806/4359
f 185/882/4360 2252/851/4360 183/24/4360
f 2252/851/4361 2253/71/4361 2244/22/4361
f 2234/3801/4362 2246/3810/4362 2242/3816/4362
f 2242/3816/4363 2247/3807/4363 2234/3801/4363
f 2247/3807/4364 2254/3811/4364 2230/3796/4364
f 2248/3812/4365 2259/3817/4365 2236/3799/4365
f 2259/3817/4366 2239/3805/4366 2236/3799/4366
f 2239/3805/4367 2255/3818/4367 2237/3803/4367
f 2237/3803/4368 2255/3818/4368 2231/3800/4368
f 2255/3818/4369 2249/3813/4369 2231/3800/4369
f 2251/3815/4370 2256/3819/4370 2240/3806/4370
f 2240/311/4371 2256/3820/4371 847/309/4371
f 2253/71/4372 2257/3821/4372 2245/3809/4372
f 2258/3822/4373 2254/3811/4373 2247/3807/4373
f 2254/3811/4374 2267/3823/4374 2248/3812/4374
f 2267/3823/4375 2259/3817/4375 2248/3812/4375
f 2260/3824/4376 2255/3818/4376 2239/3805/4376
f 2249/3825/4377 2261/3826/4377 2243/3827/4377
f 2243/3827/4378 2261/3826/4378 2250/3828/4378
f 2261/3829/4379 2262/3830/4379 2250/3814/4379
f 2250/3814/4380 2262/3830/4380 2251/3815/4380
f 2256/3820/4381 2263/307/4381 847/309/4381
f 185/882/4382 2264/3831/4382 2252/851/4382
f 2252/851/4383 2264/3831/4383 2253/71/4383
f 2264/3831/4384 2265/3832/4384 2253/71/4384
f 2253/71/4385 2265/3832/4385 2257/3821/4385
f 2245/3809/4386 2266/3833/4386 2246/3810/4386
f 2242/3816/4387 2272/3834/4387 2247/3807/4387
f 2272/3834/4388 2258/3822/4388 2247/3807/4388
f 2258/3822/4389 2267/3823/4389 2254/3811/4389
f 2259/3817/4390 2273/3835/4390 2239/3805/4390
f 2273/3835/4391 2260/3824/4391 2239/3805/4391
f 2255/3818/4392 2268/3836/4392 2249/3813/4392
f 2268/3836/4393 2261/3829/4393 2249/3813/4393
f 2251/3815/4394 2269/3837/4394 2256/3819/4394
f 2269/3838/4395 2263/3839/4395 2256/3840/4395
f 185/882/4396 2270/3841/4396 2264/3831/4396
f 2270/3841/4397 2271/3842/4397 2264/3831/4397
f 2264/3831/4398 2271/3842/4398 2265/3832/4398
f 2257/3821/4399 2266/3833/4399 2245/3809/4399
f 2246/3810/4400 2272/3834/4400 2242/3816/4400
f 2262/3830/4401 2274/3843/4401 2251/3815/4401
f 2274/3843/4402 2275/3844/4402 2251/3815/4402
f 2275/3844/4403 2269/3837/4403 2251/3815/4403
f 2276/3845/4404 185/882/4404 186/879/4404
f 2276/3845/4405 2277/3846/4405 185/882/4405
f 185/882/4406 2277/3846/4406 2270/3841/4406
f 2270/3841/4407 2278/3847/4407 2271/3842/4407
f 2271/3842/4408 2278/3847/4408 2265/3832/4408
f 2278/3847/4409 2257/3821/4409 2265/3832/4409
f 2266/3833/4410 2272/3834/4410 2246/3810/4410
f 2258/3822/4411 34/3848/4411 2267/3823/4411
f 2267/3823/4412 2279/3849/4412 2259/3817/4412
f 2279/3849/4413 2273/3835/4413 2259/3817/4413
f 2273/3835/4414 2280/3850/4414 2260/3824/4414
f 2281/3851/4415 2268/3836/4415 2255/3818/4415
f 2268/3836/4416 2282/3852/4416 2261/3829/4416
f 2282/3852/4417 2283/3853/4417 2261/3829/4417
f 2261/3829/4418 2283/3853/4418 2262/3830/4418
f 2283/3854/4419 2284/3855/4419 2262/3856/4419
f 2262/3856/4420 2284/3855/4420 2274/3857/4420
f 2284/3858/4421 2285/3859/4421 2274/3843/4421
f 2274/3843/4422 2285/3859/4422 2275/3844/4422
f 2269/3838/4423 33/3860/4423 2263/3839/4423
f 2277/3846/4424 36/3861/4424 2270/3841/4424
f 2270/3841/4425 36/3861/4425 2278/3847/4425
f 2278/3847/4426 35/3862/4426 2257/3821/4426
f 2257/3821/4427 35/3862/4427 2266/3833/4427
f 34/3848/4428 2279/3849/4428 2267/3823/4428
f 2260/3824/4429 2281/3851/4429 2255/3818/4429
f 2263/3839/4430 33/3860/4430 849/3863/4430
f 2275/3864/4431 2308/3865/4431 2269/3838/4431
f 2285/3866/4432 2312/3867/4432 2275/3864/4432
f 2284/3858/4433 2314/3868/4433 2285/3859/4433
f 2258/3822/4434 2346/3869/4434 34/3848/4434
f 2272/3834/4435 2350/3870/4435 2258/3822/4435
f 2266/3833/4436 2350/3870/4436 2272/3834/4436
f 2286/3871/4437 40/3056/4437 848/3055/4437
f 849/3863/4438 2286/3871/4438 848/3055/4438
f 33/3860/4439 2286/3871/4439 849/3863/4439
f 2286/3871/4440 2287/3872/4440 40/3056/4440
f 2288/3873/4441 1713/3037/4441 40/3056/4441
f 2288/3873/4442 39/3058/4442 1713/3037/4442
f 33/3860/4443 2289/3874/4443 2286/3871/4443
f 2287/3872/4444 2290/3875/4444 40/3056/4444
f 2290/3875/4445 2291/3876/4445 40/3056/4445
f 40/3877/4446 2291/3878/4446 2288/3879/4446
f 2291/3880/4447 2292/3881/4447 2288/3882/4447
f 2288/3873/4448 2292/3883/4448 39/3058/4448
f 2292/3883/4449 1716/3041/4449 39/3058/4449
f 33/3860/4450 2293/3884/4450 2289/3874/4450
f 2289/3874/4451 2294/3885/4451 2286/3871/4451
f 2294/3885/4452 2295/3886/4452 2286/3871/4452
f 2286/3871/4453 2295/3886/4453 2287/3872/4453
f 2295/3886/4454 2296/3887/4454 2287/3872/4454
f 2287/3888/4455 2296/3889/4455 2290/3890/4455
f 2296/3891/4456 2297/3892/4456 2290/3893/4456
f 2290/3875/4457 2297/3894/4457 2291/3876/4457
f 2297/3894/4458 1716/3041/4458 2291/3876/4458
f 2291/3876/4459 1716/3041/4459 2292/3883/4459
f 2289/3874/4460 2298/3895/4460 2294/3885/4460
f 2298/3895/4461 2299/3896/4461 2294/3885/4461
f 2294/3897/4462 2299/3898/4462 2295/3899/4462
f 2299/3898/4463 2300/3900/4463 2295/3899/4463
f 2295/3886/4464 2300/3901/4464 2296/3887/4464
f 2296/3887/4465 2300/3901/4465 2297/3894/4465
f 2300/3901/4466 1716/3041/4466 2297/3894/4466
f 2293/3884/4467 2301/3902/4467 2289/3874/4467
f 2301/3902/4468 2302/3903/4468 2289/3874/4468
f 2289/3904/4469 2302/3905/4469 2298/3906/4469
f 2302/3905/4470 2303/3907/4470 2298/3906/4470
f 2298/3895/4471 2303/3908/4471 2299/3896/4471
f 2299/3896/4472 1716/3041/4472 2300/3901/4472
f 2269/3838/4473 2304/3909/4473 33/3860/4473
f 2304/3909/4474 2305/3910/4474 33/3860/4474
f 33/3860/4475 2305/3910/4475 2293/3884/4475
f 2305/3910/4476 2306/3911/4476 2293/3884/4476
f 2293/3912/4477 2306/3913/4477 2301/3914/4477
f 2306/3913/4478 2307/3915/4478 2301/3914/4478
f 2301/3902/4479 2307/3916/4479 2302/3903/4479
f 2307/3916/4480 2303/3908/4480 2302/3903/4480
f 2303/3908/4481 1716/3041/4481 2299/3896/4481
f 2269/3838/4482 2308/3865/4482 2304/3909/4482
f 2308/3865/4483 2309/3917/4483 2304/3909/4483
f 2304/3918/4484 2309/3919/4484 2305/3920/4484
f 2309/3919/4485 2310/3921/4485 2305/3920/4485
f 2305/3910/4486 2310/3922/4486 2306/3911/4486
f 2306/3911/4487 2310/3922/4487 2307/3916/4487
f 2307/3916/4488 2310/3922/4488 2303/3908/4488
f 2310/3922/4489 2311/3923/4489 2303/3908/4489
f 2303/3908/4490 2311/3923/4490 1716/3041/4490
f 2275/3924/4491 2312/3925/4491 2308/3926/4491
f 2312/3927/4492 2313/3928/4492 2308/3929/4492
f 2308/3865/4493 2313/3930/4493 2309/3917/4493
f 2285/3866/4494 2314/3931/4494 2312/3867/4494
f 2312/3867/4495 2314/3931/4495 2313/3930/4495
f 2284/3858/4496 2283/3853/4496 2314/3868/4496
f 2310/3922/4497 2309/3917/4497 2311/3923/4497
f 2309/3917/4498 2315/3932/4498 2311/3923/4498
f 2311/3923/4499 1696/3006/4499 1716/3041/4499
f 2314/3931/4500 2316/3933/4500 2313/3930/4500
f 2313/3930/4501 2316/3933/4501 2309/3917/4501
f 2311/3923/4502 2317/3034/4502 1696/3006/4502
f 2283/3853/4503 2282/3852/4503 2314/3868/4503
f 2315/3932/4504 2318/3934/4504 2311/3923/4504
f 2318/3934/4505 2317/3034/4505 2311/3923/4505
f 2314/3868/4506 2282/3852/4506 2316/3935/4506
f 2309/3917/4507 2316/3933/4507 2315/3932/4507
f 2316/3933/4508 2319/3936/4508 2315/3932/4508
f 2282/3852/4509 2320/3937/4509 2316/3935/4509
f 2318/3938/4510 1697/3008/4510 2317/3025/4510
f 2268/3836/4511 2321/3939/4511 2282/3852/4511
f 2318/3938/4512 2322/3053/4512 1697/3008/4512
f 2268/3836/4513 2281/3851/4513 2321/3939/4513
f 2282/3852/4514 2321/3939/4514 2320/3937/4514
f 2316/3933/4515 2320/3940/4515 2319/3936/4515
f 2319/3936/4516 2323/3941/4516 2315/3932/4516
f 2315/3932/4517 2323/3941/4517 2318/3934/4517
f 2323/3941/4518 2324/3942/4518 2318/3934/4518
f 2324/3943/4519 2322/3944/4519 2318/3945/4519
f 2260/3824/4520 2280/3850/4520 2281/3851/4520
f 2320/3940/4521 2323/3941/4521 2319/3936/4521
f 2324/3943/4522 1702/3018/4522 2322/3944/4522
f 2280/3850/4523 2325/3946/4523 2281/3851/4523
f 2281/3851/4524 2325/3946/4524 2321/3939/4524
f 2325/3946/4525 2326/3947/4525 2321/3939/4525
f 2321/3939/4526 2327/3948/4526 2320/3937/4526
f 2324/3943/4527 1710/3009/4527 1702/3018/4527
f 2273/3835/4528 2328/3949/4528 2280/3850/4528
f 2321/3939/4529 2326/3947/4529 2327/3948/4529
f 2327/3948/4530 2329/3950/4530 2320/3937/4530
f 2320/3940/4531 2329/3951/4531 2323/3941/4531
f 2329/3950/4532 2324/3943/4532 2323/3952/4532
f 2329/3950/4533 2330/3953/4533 2324/3943/4533
f 2330/3953/4534 1710/3009/4534 2324/3943/4534
f 2328/3949/4535 2331/3954/4535 2280/3850/4535
f 2280/3850/4536 2331/3954/4536 2325/3946/4536
f 2279/3849/4537 2332/3955/4537 2273/3835/4537
f 2273/3835/4538 2332/3955/4538 2328/3949/4538
f 2331/3954/4539 2333/3956/4539 2325/3946/4539
f 2325/3946/4540 2334/3957/4540 2326/3947/4540
f 2326/3947/4541 2334/3957/4541 2327/3948/4541
f 2330/3953/4542 2336/3958/4542 1710/3009/4542
f 2332/3955/4543 2331/3954/4543 2328/3949/4543
f 2327/3948/4544 2334/3957/4544 2329/3950/4544
f 2334/3957/4545 2337/3959/4545 2329/3950/4545
f 2329/3950/4546 2337/3959/4546 2330/3953/4546
f 2330/3953/4547 2337/3959/4547 2335/3960/4547
f 2330/3953/4548 2335/3960/4548 2336/3958/4548
f 2336/3958/4549 1711/3035/4549 1710/3009/4549
f 34/3848/4550 2338/3961/4550 2279/3849/4550
f 2279/3849/4551 2338/3961/4551 2332/3955/4551
f 2333/3956/4552 2334/3957/4552 2325/3946/4552
f 2332/3955/4553 2339/3962/4553 2331/3954/4553
f 2334/3957/4554 2340/3963/4554 2337/3959/4554
f 2336/3958/4555 1703/3019/4555 1711/3035/4555
f 34/3848/4556 2346/3869/4556 2338/3961/4556
f 2331/3954/4557 2341/3964/4557 2333/3956/4557
f 2333/3956/4558 2341/3964/4558 2334/3957/4558
f 2337/3959/4559 2342/3965/4559 2335/3960/4559
f 2335/3960/4560 2342/3965/4560 2336/3958/4560
f 2338/3961/4561 2339/3962/4561 2332/3955/4561
f 2339/3962/4562 2343/3966/4562 2331/3954/4562
f 2331/3954/4563 2343/3966/4563 2341/3964/4563
f 2341/3964/4564 2340/3963/4564 2334/3957/4564
f 2340/3963/4565 2344/3967/4565 2337/3959/4565
f 2337/3959/4566 2344/3967/4566 2342/3965/4566
f 2342/3965/4567 2345/3968/4567 2336/3958/4567
f 2336/3958/4568 2345/3968/4568 1703/3019/4568
f 2346/3869/4569 2348/3969/4569 2338/3961/4569
f 2348/3969/4570 2339/3962/4570 2338/3961/4570
f 2341/3964/4571 2347/3970/4571 2340/3963/4571
f 2347/3970/4572 2349/3971/4572 2340/3963/4572
f 2340/3963/4573 2349/3971/4573 2344/3967/4573
f 2345/3968/4574 1706/3027/4574 1703/3019/4574
f 2258/3822/4575 2350/3870/4575 2346/3869/4575
f 2348/3969/4576 2351/3972/4576 2339/3962/4576
f 2343/3966/4577 2352/3973/4577 2341/3964/4577
f 2341/3964/4578 2352/3973/4578 2347/3970/4578
f 2344/3967/4579 2353/3974/4579 2342/3965/4579
f 2342/3965/4580 2353/3974/4580 2345/3968/4580
f 2350/3870/4581 2354/3975/4581 2346/3869/4581
f 2346/3869/4582 2354/3975/4582 2348/3969/4582
f 2351/3972/4583 2355/3976/4583 2339/3962/4583
f 2339/3962/4584 2355/3976/4584 2343/3966/4584
f 2355/3976/4585 2352/3973/4585 2343/3966/4585
f 2352/3973/4586 2349/3971/4586 2347/3970/4586
f 2349/3971/4587 2353/3974/4587 2344/3967/4587
f 2345/3968/4588 2356/3977/4588 1706/3027/4588
f 2356/3977/4589 1719/3978/4589 1706/3027/4589
f 2354/3975/4590 2357/3979/4590 2348/3969/4590
f 2348/3969/4591 2357/3979/4591 2351/3972/4591
f 2352/3973/4592 2358/3980/4592 2349/3971/4592
f 2349/3971/4593 2359/3981/4593 2353/3974/4593
f 2353/3974/4594 2356/3977/4594 2345/3968/4594
f 2357/3979/4595 2360/3982/4595 2351/3972/4595
f 2351/3972/4596 2360/3982/4596 2355/3976/4596
f 2355/3976/4597 2361/3983/4597 2352/3973/4597
f 2361/3983/4598 2358/3980/4598 2352/3973/4598
f 2358/3980/4599 2362/3984/4599 2349/3971/4599
f 2362/3984/4600 2359/3981/4600 2349/3971/4600
f 2266/3833/4601 35/3862/4601 2350/3870/4601
f 2360/3982/4602 2361/3983/4602 2355/3976/4602
f 2353/3974/4603 2363/3985/4603 2356/3977/4603
f 2356/3977/4604 2363/3985/4604 1719/3978/4604
f 35/3862/4605 2364/3986/4605 2350/3870/4605
f 2350/3870/4606 2364/3986/4606 2354/3975/4606
f 2364/3986/4607 2365/3987/4607 2354/3975/4607
f 2354/3975/4608 2365/3987/4608 2357/3979/4608
f 2365/3987/4609 2366/3988/4609 2357/3979/4609
f 2357/3979/4610 2366/3988/4610 2360/3982/4610
f 2366/3988/4611 2367/3989/4611 2360/3982/4611
f 2360/3982/4612 2367/3989/4612 2361/3983/4612
f 2359/3981/4613 2368/3990/4613 2353/3974/4613
f 2368/3990/4614 2363/3985/4614 2353/3974/4614
f 2363/3985/4615 2369/3991/4615 1719/3978/4615
f 2369/3992/4616 1698/3010/4616 1719/3054/4616
f 2366/3988/4617 2370/3993/4617 2367/3989/4617
f 2370/3993/4618 2371/3994/4618 2367/3989/4618
f 2367/3989/4619 2371/3994/4619 2361/3983/4619
f 2371/3994/4620 2372/3995/4620 2361/3983/4620
f 2361/3983/4621 2372/3995/4621 2358/3980/4621
f 2372/3995/4622 2373/3996/4622 2358/3980/4622
f 2358/3980/4623 2373/3996/4623 2362/3984/4623
f 2373/3996/4624 2374/3997/4624 2362/3984/4624
f 2362/3984/4625 2374/3997/4625 2359/3981/4625
f 2359/3981/4626 2374/3997/4626 2368/3990/4626
f 2368/3990/4627 2375/3998/4627 2363/3985/4627
f 2363/3985/4628 2375/3998/4628 2369/3991/4628
f 2375/3998/4629 2376/3999/4629 2369/3991/4629
f 2369/3992/4630 2376/3042/4630 1698/3010/4630
f 2377/4000/4631 2378/4001/4631 2371/3994/4631
f 2371/3994/4632 2378/4001/4632 2372/3995/4632
f 2374/3997/4633 2379/4002/4633 2368/3990/4633
f 2379/4002/4634 2375/3998/4634 2368/3990/4634
f 2375/3998/4635 2380/4003/4635 2376/3999/4635
f 2278/3847/4636 2381/4004/4636 35/3862/4636
f 35/3862/4637 2381/4004/4637 2364/3986/4637
f 2381/4004/4638 2382/4005/4638 2364/3986/4638
f 2364/3986/4639 2382/4005/4639 2365/3987/4639
f 2382/4005/4640 2383/4006/4640 2365/3987/4640
f 2365/3987/4641 2383/4006/4641 2366/3988/4641
f 2366/3988/4642 2383/4006/4642 2370/3993/4642
f 2383/4006/4642 2384/4007/4642 2370/3993/4642
f 2370/3993/4643 2384/4007/4643 2371/3994/4643
f 2371/3994/4644 2384/4007/4644 2377/4000/4644
f 36/3861/4645 2385/4008/4645 2278/3847/4645
f 2278/3847/4646 2385/4008/4646 2381/4004/4646
f 2385/4008/4647 2386/4009/4647 2381/4004/4647
f 2381/4004/4648 2386/4009/4648 2382/4005/4648
f 2386/4009/4649 2387/4010/4649 2382/4005/4649
f 2382/4011/4650 2387/4012/4650 2383/4013/4650
f 2387/4012/4651 2388/4014/4651 2383/4013/4651
f 2383/4013/4652 2388/4014/4652 2384/4015/4652
f 2388/4014/4652 2389/4016/4652 2384/4015/4652
f 2384/4015/4653 2389/4016/4653 2377/4017/4653
f 2389/4018/4654 2390/4019/4654 2377/4000/4654
f 2390/4019/4655 2378/4001/4655 2377/4000/4655
f 2372/3995/4656 2378/4001/4656 2373/3996/4656
f 2378/4001/4657 2391/4020/4657 2373/3996/4657
f 2373/3996/4658 2391/4020/4658 2374/3997/4658
f 2374/3997/4659 2391/4020/4659 2379/4002/4659
f 2379/4002/4660 2380/4003/4660 2375/3998/4660
f 2380/4021/4661 2392/3059/4661 2376/3042/4661
f 2277/3846/4662 2385/4008/4662 36/3861/4662
f 2385/4008/4663 2393/4022/4663 2386/4009/4663
f 2393/4022/4664 2394/4023/4664 2386/4009/4664
f 2386/4009/4665 2394/4023/4665 2387/4010/4665
f 2394/4023/4666 2395/4024/4666 2387/4010/4666
f 2387/4010/4667 2395/4024/4667 2388/4025/4667
f 2395/4024/4668 2396/4026/4668 2388/4025/4668
f 2388/4025/4669 2396/4026/4669 2389/4018/4669
f 2396/4026/4670 2397/4027/4670 2389/4018/4670
f 2389/4018/4671 2397/4027/4671 2390/4019/4671
f 2397/4028/4672 2398/4029/4672 2390/4030/4672
f 2390/4030/4673 2398/4029/4673 2378/4031/4673
f 2398/4029/4674 2399/4032/4674 2378/4031/4674
f 2378/4031/4675 2399/4032/4675 2391/4033/4675
f 2399/4032/4676 2400/4034/4676 2391/4033/4676
f 2391/4033/4677 2400/4034/4677 2379/4035/4677
f 2400/4034/4678 2401/4036/4678 2379/4035/4678
f 2379/4035/4679 2401/4036/4679 2380/4037/4679
f 2401/4036/4680 1718/4038/4680 2380/4037/4680
f 2380/4003/4681 1718/4039/4681 2392/4040/4681
f 2395/4024/4682 2410/4041/4682 2396/4026/4682
f 2397/4027/4683 2402/4042/4683 2398/4043/4683
f 2402/4042/4684 2403/4044/4684 2398/4043/4684
f 2403/4044/4685 2404/4045/4685 2398/4043/4685
f 2398/4043/4686 2404/4045/4686 2399/4046/4686
f 2404/4045/4687 2405/4047/4687 2399/4046/4687
f 2399/4046/4688 2405/4047/4688 2400/4048/4688
f 2405/4047/4689 2406/4049/4689 2400/4048/4689
f 2400/4048/4690 2406/4049/4690 2401/4050/4690
f 2406/4049/4691 2407/4051/4691 2401/4050/4691
f 2401/4050/4692 2407/4051/4692 1718/4039/4692
f 2277/3846/4693 2408/4052/4693 2385/4008/4693
f 2408/4052/4694 2393/4022/4694 2385/4008/4694
f 2409/4053/4695 2394/4023/4695 2393/4022/4695
f 2409/4053/4696 2395/4024/4696 2394/4023/4696
f 2410/4041/4697 2411/4054/4697 2396/4026/4697
f 2411/4054/4698 2412/4055/4698 2396/4026/4698
f 2396/4026/4699 2412/4055/4699 2397/4027/4699
f 2412/4055/4700 2402/4042/4700 2397/4027/4700
f 2276/3845/4701 2408/4052/4701 2277/3846/4701
f 2408/4052/4702 2409/4053/4702 2393/4022/4702
f 2409/4053/4703 2410/4041/4703 2395/4024/4703
f 2403/4044/4704 2413/4056/4704 2404/4045/4704
f 2404/4045/4705 2413/4056/4705 2405/4047/4705
f 2407/4057/4706 2414/3032/4706 1718/3048/4706
f 2408/4052/4707 2419/4058/4707 2409/4053/4707
f 2409/4053/4708 2415/4059/4708 2410/4041/4708
f 2415/4059/4709 2411/4054/4709 2410/4041/4709
f 2412/4055/4710 2416/4060/4710 2402/4042/4710
f 2402/4042/4711 2416/4060/4711 2403/4044/4711
f 2405/4047/4712 2417/4061/4712 2406/4049/4712
f 2417/4061/4713 2418/4062/4713 2406/4049/4713
f 2406/4049/4714 2418/4062/4714 2407/4051/4714
f 2411/4054/4715 2420/4063/4715 2412/4055/4715
f 2416/4060/4716 2421/4064/4716 2403/4044/4716
f 2421/4064/4717 2413/4056/4717 2403/4044/4717
f 2413/4056/4718 2422/4065/4718 2405/4047/4718
f 2405/4047/4719 2422/4065/4719 2417/4061/4719
f 2418/4062/4720 2414/4066/4720 2407/4051/4720
f 2276/3845/4721 2423/4067/4721 2408/4052/4721
f 2419/4058/4722 2424/4068/4722 2409/4053/4722
f 2420/4063/4723 2425/4069/4723 2412/4055/4723
f 2412/4055/4724 2425/4069/4724 2416/4060/4724
f 186/879/4725 2423/4067/4725 2276/3845/4725
f 2408/4052/4726 2423/4067/4726 2419/4058/4726
f 2424/4068/4727 2426/4070/4727 2409/4053/4727
f 2409/4053/4728 2426/4070/4728 2415/4059/4728
f 2421/4064/4729 2427/4071/4729 2413/4056/4729
f 2427/4071/4730 2422/4065/4730 2413/4056/4730
f 2418/4062/4731 2428/4072/4731 2414/4066/4731
f 2423/4067/4732 2429/4073/4732 2419/4058/4732
f 2415/4059/4733 2430/4074/4733 2411/4054/4733
f 2430/4074/4734 2420/4063/4734 2411/4054/4734
f 2420/4063/4735 2432/4075/4735 2425/4069/4735
f 2425/4069/4736 2433/4076/4736 2416/4060/4736
f 2416/4060/4737 2433/4076/4737 2421/4064/4737
f 2417/4061/4738 2437/4077/4738 2418/4062/4738
f 2437/4077/4739 2434/4078/4739 2418/4062/4739
f 2434/4078/4740 2428/4072/4740 2418/4062/4740
f 2419/4058/4741 2429/4073/4741 2424/4068/4741
f 2430/4074/4742 2431/4079/4742 2420/4063/4742
f 2432/4075/4743 2435/4080/4743 2425/4069/4743
f 2421/4064/4744 2441/4081/4744 2427/4071/4744
f 2427/4071/4745 2436/4082/4745 2422/4065/4745
f 2436/4082/4746 2437/4077/4746 2422/4065/4746
f 2422/4065/4747 2437/4077/4747 2417/4061/4747
f 186/879/4748 2439/880/4748 2423/4067/4748
f 2443/4083/4749 2426/4070/4749 2424/4068/4749
f 2426/4070/4750 2440/4084/4750 2415/4059/4750
f 2440/4084/4751 2430/4074/4751 2415/4059/4751
f 2431/4079/4752 2432/4075/4752 2420/4063/4752
f 2435/4080/4753 2433/4076/4753 2425/4069/4753
f 2433/4076/4754 2441/4081/4754 2421/4064/4754
f 2434/4078/4755 2438/4085/4755 2428/4072/4755
f 2439/880/4756 2442/4086/4756 2423/4067/4756
f 2429/4073/4757 2443/4083/4757 2424/4068/4757
f 2423/4067/4758 2442/4086/4758 2429/4073/4758
f 2440/4084/4759 2444/4087/4759 2430/4074/4759
f 2430/4074/4760 2445/4088/4760 2431/4079/4760
f 2437/4077/4761 2446/4089/4761 2434/4078/4761
f 2434/4078/4762 2446/4089/4762 2438/4085/4762
f 2438/4090/4763 121/2451/4763 2428/3049/4763
f 2441/4081/4764 28/4091/4764 2427/4071/4764
f 2427/4071/4765 28/4091/4765 2436/4082/4765
f 28/4091/4766 27/4092/4766 2436/4082/4766
f 2436/4082/4767 27/4092/4767 2437/4077/4767
f 27/4092/4768 26/4093/4768 2437/4077/4768
f 2437/4077/4769 26/4093/4769 2446/4089/4769
f 2446/4089/4770 2447/4094/4770 2438/4085/4770
f 2435/4080/4771 2461/4095/4771 2433/4076/4771
f 121/2451/4772 2447/4096/4772 1385/2501/4772
f 2438/4090/4773 2447/4096/4773 121/2451/4773
f 2447/4096/4774 2448/4097/4774 1385/2501/4774
f 2448/4097/4775 1999/3482/4775 1385/2501/4775
f 2446/4089/4776 2449/4098/4776 2447/4094/4776
f 2448/4099/4777 2450/3493/4777 1999/3503/4777
f 2449/4098/4778 2448/4099/4778 2447/4094/4778
f 2446/4089/4779 26/4093/4779 2449/4098/4779
f 2448/4099/4780 2451/4100/4780 2450/3493/4780
f 26/4093/4781 2452/4101/4781 2449/4098/4781
f 2449/4098/4782 2451/4100/4782 2448/4099/4782
f 27/4092/4783 2452/4101/4783 26/4093/4783
f 2452/4101/4784 2451/4100/4784 2449/4098/4784
f 2451/4100/4785 2003/3494/4785 2450/3493/4785
f 2452/4101/4786 2453/4102/4786 2451/4100/4786
f 27/4092/4787 28/4091/4787 2452/4101/4787
f 2453/4102/4788 2454/4103/4788 2451/4100/4788
f 2451/4100/4789 2454/4103/4789 2003/3494/4789
f 2441/4081/4790 2455/4104/4790 28/4091/4790
f 28/4091/4791 2456/4105/4791 2452/4101/4791
f 2452/4101/4792 2456/4105/4792 2453/4102/4792
f 2454/4103/4793 2457/4106/4793 2003/3494/4793
f 2457/4106/4794 2458/4107/4794 2003/3494/4794
f 2003/3494/4795 2458/4107/4795 1997/3475/4795
f 1997/3475/4796 2458/4107/4796 1998/3477/4796
f 2458/4108/4797 32/3505/4797 1998/3504/4797
f 2433/4076/4798 2455/4104/4798 2441/4081/4798
f 2455/4104/4799 2459/4109/4799 28/4091/4799
f 28/4091/4800 2459/4109/4800 2456/4105/4800
f 32/3507/4801 2460/3496/4801 1988/3462/4801
f 2433/4076/4802 2461/4095/4802 2455/4104/4802
f 2456/4105/4803 2462/4110/4803 2453/4102/4803
f 2453/4102/4804 2462/4110/4804 2454/4103/4804
f 2457/4106/4805 2463/4111/4805 2458/4107/4805
f 2462/4110/4806 2464/4112/4806 2454/4103/4806
f 2454/4103/4807 2464/4112/4807 2457/4106/4807
f 2464/4112/4808 2463/4111/4808 2457/4106/4808
f 2463/4113/4809 32/3505/4809 2458/4108/4809
f 2455/4104/4810 2461/4095/4810 2459/4109/4810
f 2459/4109/4811 2465/4114/4811 2456/4105/4811
f 2463/4113/4812 2466/4115/4812 32/3505/4812
f 2466/4116/4813 2460/3496/4813 32/3507/4813
f 2460/3496/4814 2468/3508/4814 1989/3452/4814
f 2461/4095/4815 2467/4117/4815 2459/4109/4815
f 2456/4105/4816 2465/4114/4816 2462/4110/4816
f 2459/4109/4817 2467/4117/4817 2465/4114/4817
f 2464/4112/4818 2469/4118/4818 2463/4111/4818
f 2466/4116/4819 2470/4119/4819 2460/3496/4819
f 2470/4119/4820 2468/3508/4820 2460/3496/4820
f 2432/4075/4821 2471/4120/4821 2435/4080/4821
f 2435/4080/4822 2471/4120/4822 2461/4095/4822
f 2461/4095/4823 2471/4120/4823 2467/4117/4823
f 2465/4114/4824 2472/4121/4824 2462/4110/4824
f 2462/4110/4825 2472/4121/4825 2464/4112/4825
f 2472/4121/4826 2469/4118/4826 2464/4112/4826
f 2469/4122/4827 2466/4115/4827 2463/4113/4827
f 2468/3508/4828 2479/3497/4828 1981/3453/4828
f 2471/4120/4829 2473/4123/4829 2467/4117/4829
f 2467/4117/4830 2473/4123/4830 2465/4114/4830
f 2469/4122/4831 2474/4124/4831 2466/4115/4831
f 2470/4119/4832 2475/4125/4832 2468/3508/4832
f 2432/4075/4833 2476/4126/4833 2471/4120/4833
f 2473/4123/4834 2478/4127/4834 2465/4114/4834
f 2478/4127/4835 2472/4121/4835 2465/4114/4835
f 2474/4128/4836 2470/4119/4836 2466/4116/4836
f 2475/4125/4837 2479/3497/4837 2468/3508/4837
f 2471/4120/4838 2477/4129/4838 2473/4123/4838
f 2469/4122/4839 2480/4130/4839 2474/4124/4839
f 2474/4128/4840 2482/4131/4840 2470/4119/4840
f 2431/4079/4841 2476/4126/4841 2432/4075/4841
f 2476/4126/4842 2477/4129/4842 2471/4120/4842
f 2478/4127/4843 2469/4118/4843 2472/4121/4843
f 2480/4132/4844 2482/4131/4844 2474/4128/4844
f 2482/4131/4845 2483/4133/4845 2470/4119/4845
f 2470/4119/4846 2483/4133/4846 2475/4125/4846
f 2479/3497/4847 2484/3479/4847 1990/3454/4847
f 2473/4123/4848 2481/4134/4848 2478/4127/4848
f 2481/4134/4849 2485/4135/4849 2478/4127/4849
f 2478/4127/4850 2485/4135/4850 2469/4118/4850
f 2485/4136/4851 2480/4130/4851 2469/4122/4851
f 2488/4137/4852 2484/3479/4852 2479/3497/4852
f 2431/4079/4853 2486/4138/4853 2476/4126/4853
f 2477/4129/4854 2481/4134/4854 2473/4123/4854
f 2480/4132/4855 2487/4139/4855 2482/4131/4855
f 2483/4133/4856 2488/4137/4856 2475/4125/4856
f 2475/4125/4857 2488/4137/4857 2479/3497/4857
f 2481/4134/4858 2489/4140/4858 2485/4135/4858
f 2486/4138/4859 2490/4141/4859 2476/4126/4859
f 2477/4129/4860 2491/4142/4860 2481/4134/4860
f 2485/4136/4861 2492/4143/4861 2480/4130/4861
f 2492/4144/4862 2493/4145/4862 2480/4132/4862
f 2480/4132/4863 2493/4145/4863 2487/4139/4863
f 2487/4139/4864 2494/4146/4864 2482/4131/4864
f 2482/4131/4865 2494/4146/4865 2483/4133/4865
f 2483/4133/4866 2495/4147/4866 2488/4137/4866
f 2445/4088/4867 2486/4138/4867 2431/4079/4867
f 2491/4142/4868 2489/4140/4868 2481/4134/4868
f 2489/4140/4869 2497/4148/4869 2485/4135/4869
f 2497/4149/4870 2492/4143/4870 2485/4136/4870
f 2488/4137/4871 2498/4150/4871 2484/3479/4871
f 2498/4150/4872 2496/3480/4872 2484/3479/4872
f 2489/4140/4873 2499/4151/4873 2497/4148/4873
f 2497/4152/4874 2499/4153/4874 2492/4154/4874
f 2499/4153/4875 2493/4155/4875 2492/4154/4875
f 2494/4146/4876 2500/4156/4876 2483/4133/4876
f 2483/4133/4877 2500/4156/4877 2495/4147/4877
f 2495/4147/4878 2498/4150/4878 2488/4137/4878
f 2498/4150/4879 2501/4157/4879 2496/3480/4879
f 2476/4126/4880 2490/4141/4880 2477/4129/4880
f 2501/4157/4881 1985/3455/4881 2496/3480/4881
f 2510/4158/4882 2491/4142/4882 2477/4129/4882
f 2499/4159/4883 2502/4160/4883 2493/4161/4883
f 2493/4145/4884 2503/4162/4884 2487/4139/4884
f 2487/4139/4885 2503/4162/4885 2494/4146/4885
f 2501/4157/4886 2504/4163/4886 1985/3455/4886
f 2444/4087/4887 2505/4164/4887 2430/4074/4887
f 2430/4074/4888 2505/4164/4888 2445/4088/4888
f 2491/4142/4889 2510/4158/4889 2489/4140/4889
f 2500/4156/4890 2506/4165/4890 2495/4147/4890
f 2504/4163/4891 1955/3408/4891 1985/3455/4891
f 2490/4141/4892 2510/4158/4892 2477/4129/4892
f 2507/4166/4893 2499/4151/4893 2489/4140/4893
f 2506/4165/4894 2498/4150/4894 2495/4147/4894
f 2504/4163/4895 2508/4167/4895 1955/3408/4895
f 2510/4158/4896 2507/4166/4896 2489/4140/4896
f 2507/4168/4897 2502/4160/4897 2499/4159/4897
f 2503/4162/4898 2513/4169/4898 2494/4146/4898
f 2494/4146/4899 2513/4169/4899 2500/4156/4899
f 2498/4150/4900 2509/4170/4900 2501/4157/4900
f 2508/4167/4901 1986/3456/4901 1955/3408/4901
f 2445/4088/4902 2510/4158/4902 2486/4138/4902
f 2486/4138/4903 2510/4158/4903 2490/4141/4903
f 2507/4168/4904 2511/4171/4904 2502/4160/4904
f 2511/4172/4905 2512/4173/4905 2502/4174/4905
f 2502/4174/4906 2515/4175/4906 2493/4145/4906
f 2493/4145/4907 2515/4175/4907 2503/4162/4907
f 2506/4165/4908 2509/4170/4908 2498/4150/4908
f 2445/4088/4909 2514/4176/4909 2510/4158/4909
f 2512/4173/4910 2515/4175/4910 2502/4174/4910
f 2426/4070/4911 2516/4177/4911 2440/4084/4911
f 2505/4164/4912 2514/4176/4912 2445/4088/4912
f 2515/4175/4913 2517/4178/4913 2503/4162/4913
f 2503/4162/4914 2517/4178/4914 2513/4169/4914
f 2500/4156/4915 2518/4179/4915 2506/4165/4915
f 2509/4170/4916 2504/4163/4916 2501/4157/4916
f 2443/4083/4917 2516/4177/4917 2426/4070/4917
f 2514/4176/4918 2519/4180/4918 2510/4158/4918
f 2510/4158/4919 2519/4180/4919 2507/4166/4919
f 2519/4180/4920 2520/4181/4920 2507/4166/4920
f 2507/4182/4921 2520/4183/4921 2511/4184/4921
f 2520/4183/4922 2512/4185/4922 2511/4184/4922
f 2513/4169/4923 2518/4179/4923 2500/4156/4923
f 2506/4165/4924 2521/4186/4924 2509/4170/4924
f 2509/4170/4925 2522/4187/4925 2504/4163/4925
f 2508/4167/4926 2523/4188/4926 1986/3456/4926
f 1986/3456/4927 2524/3498/4927 1977/3435/4927
f 2518/4179/4928 2521/4186/4928 2506/4165/4928
f 2522/4187/4929 2508/4167/4929 2504/4163/4929
f 2440/4084/4930 2525/4189/4930 2444/4087/4930
f 2525/4189/4931 2526/4190/4931 2444/4087/4931
f 2444/4087/4932 2526/4190/4932 2505/4164/4932
f 2505/4164/4933 2526/4190/4933 2514/4176/4933
f 2520/4191/4934 2527/4192/4934 2512/4193/4934
f 2512/4173/4935 2527/4194/4935 2515/4175/4935
f 2527/4194/4936 2528/4195/4936 2515/4175/4936
f 2528/4195/4937 2517/4178/4937 2515/4175/4937
f 2517/4178/4938 2529/4196/4938 2513/4169/4938
f 2529/4196/4939 2518/4179/4939 2513/4169/4939
f 2523/4188/4940 2524/3498/4940 1986/3456/4940
f 2516/4177/4941 2525/4189/4941 2440/4084/4941
f 2526/4190/4942 2519/4180/4942 2514/4176/4942
f 2519/4180/4943 2530/4197/4943 2520/4181/4943
f 2530/4198/4944 2527/4192/4944 2520/4191/4944
f 2529/4196/4945 2531/4199/4945 2518/4179/4945
f 2528/4195/4946 2529/4196/4946 2517/4178/4946
f 2521/4186/4947 2532/4200/4947 2509/4170/4947
f 2509/4170/4948 2532/4200/4948 2522/4187/4948
f 2508/4167/4949 2533/4201/4949 2523/4188/4949
f 2523/4188/4950 2540/4202/4950 2524/3498/4950
f 2532/4200/4951 2534/4203/4951 2522/4187/4951
f 2534/4203/4952 2535/4204/4952 2522/4187/4952
f 2522/4187/4953 2535/4204/4953 2508/4167/4953
f 2535/4204/4954 2533/4201/4954 2508/4167/4954
f 2526/4190/4955 2536/4205/4955 2519/4180/4955
f 2536/4205/4956 2530/4197/4956 2519/4180/4956
f 2530/4197/4957 2537/4206/4957 2527/4194/4957
f 2537/4206/4958 2538/4207/4958 2527/4194/4958
f 2527/4194/4959 2538/4207/4959 2528/4195/4959
f 2528/4195/4960 2539/4208/4960 2529/4196/4960
f 2529/4196/4961 2539/4208/4961 2531/4199/4961
f 2533/4201/4962 2540/4202/4962 2523/4188/4962
f 2524/3498/4963 2543/4209/4963 31/3499/4963
f 2442/4086/4964 2541/4210/4964 2429/4073/4964
f 2429/4073/4965 2542/4211/4965 2443/4083/4965
f 2443/4083/4966 2542/4211/4966 2516/4177/4966
f 2525/4189/4967 2542/4211/4967 2526/4190/4967
f 2542/4211/4968 2536/4205/4968 2526/4190/4968
f 2540/4202/4969 2543/4209/4969 2524/3498/4969
f 2543/4209/4970 2544/4212/4970 31/3499/4970
f 2544/4212/4971 2545/4213/4971 31/3499/4971
f 31/3500/4972 2546/4214/4972 2002/3490/4972
f 2546/4215/4973 30/3510/4973 2002/3509/4973
f 2429/4073/4974 2541/4210/4974 2542/4211/4974
f 2516/4177/4975 2542/4211/4975 2525/4189/4975
f 2538/4207/4976 2547/4216/4976 2528/4195/4976
f 2539/4208/4977 2553/4217/4977 2531/4199/4977
f 2553/4217/4978 2548/4218/4978 2531/4199/4978
f 2548/4218/4979 2549/4219/4979 2531/4199/4979
f 2531/4199/4980 2549/4219/4980 2518/4179/4980
f 2518/4179/4981 2549/4219/4981 2521/4186/4981
f 2549/4219/4982 2550/4220/4982 2521/4186/4982
f 2521/4186/4983 2550/4220/4983 2532/4200/4983
f 2532/4200/4984 2551/4221/4984 2534/4203/4984
f 2545/4222/4985 2546/4214/4985 31/3500/4985
f 2442/4086/4986 187/883/4986 2541/4210/4986
f 2542/4211/4987 2552/884/4987 2536/4205/4987
f 2552/884/4988 2530/4197/4988 2536/4205/4988
f 2528/4195/4989 2547/4216/4989 2539/4208/4989
f 2545/4223/4990 30/4224/4990 2546/4225/4990
f 2442/4086/4991 2439/880/4991 187/883/4991
f 2560/4226/4992 2547/4216/4992 2538/4207/4992
f 2547/4216/4993 2553/4217/4993 2539/4208/4993
f 2535/4204/4994 2554/4227/4994 2533/4201/4994
f 2533/4201/4995 2555/4228/4995 2540/4202/4995
f 2555/4228/4996 2556/4229/4996 2540/4202/4996
f 2540/4202/4997 2556/4229/4997 2543/4209/4997
f 2544/4212/4998 2557/4230/4998 2545/4213/4998
f 2557/4231/4999 30/4232/4999 2545/4222/4999
f 187/883/5000 2559/885/5000 2541/4210/5000
f 2541/4210/5001 2559/885/5001 2542/4211/5001
f 2537/4206/5002 2560/4226/5002 2538/4207/5002
f 2544/4212/5003 2561/4233/5003 2557/4230/5003
f 2561/4233/5004 2562/4234/5004 2557/4230/5004
f 2557/4231/5005 2562/4235/5005 30/4232/5005
f 30/3510/5006 2562/4234/5006 2558/3502/5006
f 2542/4211/5007 2559/885/5007 2552/884/5007
f 2552/884/5008 2537/4206/5008 2530/4197/5008
f 2550/4220/5009 2551/4221/5009 2532/4200/5009
f 2551/4221/5010 2563/6/5010 2534/4203/5010
f 2534/4203/5011 2563/6/5011 2535/4204/5011
f 2563/6/5012 2554/4227/5012 2535/4204/5012
f 2554/4227/5013 2555/4228/5013 2533/4201/5013
f 2543/4209/5014 2564/4236/5014 2544/4212/5014
f 2565/4237/5015 1996/3473/5015 2558/3502/5015
f 2552/884/5016 2566/858/5016 2537/4206/5016
f 2566/858/5017 2560/4226/5017 2537/4206/5017
f 2560/4226/5018 2567/852/5018 2547/4216/5018
f 2548/4218/5019 2570/862/5019 2549/4219/5019
f 2570/862/5020 2550/4220/5020 2549/4219/5020
f 2544/4238/5021 2568/4239/5021 2561/4240/5021
f 2568/4241/5022 2562/4234/5022 2561/4233/5022
f 2547/4216/5023 2567/852/5023 2553/4217/5023
f 2567/852/5024 2569/863/5024 2553/4217/5024
f 2569/863/5025 2570/862/5025 2553/4217/5025
f 2553/4217/5026 2570/862/5026 2548/4218/5026
f 2556/4229/5027 2564/4236/5027 2543/4209/5027
f 2564/4242/5028 2568/4239/5028 2544/4238/5028
f 2568/4241/5029 2571/4243/5029 2562/4234/5029
f 2562/4234/5030 2571/4243/5030 2558/3502/5030
f 2565/4237/5031 2103/2579/5031 1996/3473/5031
f 2566/858/5032 2567/852/5032 2560/4226/5032
f 1012/4244/5033 2106/4245/5033 2104/3605/5033
f 1031/1964/5034 2106/4246/5034 1019/1948/5034
f 2570/862/5035 4/861/5035 2550/4220/5035
f 4/861/5036 2551/4221/5036 2550/4220/5036
f 2563/6/5037 3/4247/5037 2554/4227/5037
f 2554/4227/5038 3/4247/5038 2555/4228/5038
f 2571/4243/5039 2/4248/5039 2558/3502/5039
f 2558/3502/5040 2/4248/5040 2565/4237/5040
f 2575/4249/5041 2573/3620/5041 2572/3617/5041
f 2575/4249/5042 2574/3656/5042 2573/3620/5042
f 2575/4249/5043 2576/3673/5043 2574/3656/5043
f 626/4250/5044 2576/3673/5044 2575/4249/5044
f 626/4250/5045 2577/4251/5045 2576/3673/5045
f 2577/4251/5046 2578/3623/5046 2576/3673/5046
f 2576/3673/5047 2578/3623/5047 23/3674/5047
f 626/4250/5048 2579/866/5048 2577/4251/5048
f 2579/866/5049 2580/874/5049 2577/4251/5049
f 2577/4251/5050 2580/874/5050 2578/3623/5050
f 2580/874/5051 2581/3621/5051 2578/3623/5051
f 2580/874/5052 2582/881/5052 2581/3621/5052
f 2564/4242/5053 2584/4252/5053 2568/4239/5053
f 2556/4229/5054 2587/4253/5054 2564/4236/5054
f 4/861/5055 2606/4/5055 2551/4221/5055
f 2565/4237/5056 2/4248/5056 2103/2579/5056
f 2103/2579/5057 2583/4254/5057 2085/3601/5057
f 2/4248/5058 2583/4254/5058 2103/2579/5058
f 2583/4254/5059 12/4255/5059 2085/3601/5059
f 2/4248/5060 2585/4256/5060 2583/4254/5060
f 2584/4257/5061 2571/4243/5061 2568/4241/5061
f 2571/4243/5062 2586/4258/5062 2/4248/5062
f 2586/4258/5063 2585/4256/5063 2/4248/5063
f 2585/4256/5064 12/4255/5064 2583/4254/5064
f 2587/4253/5065 2588/4259/5065 2564/4236/5065
f 2564/4242/5066 2588/4260/5066 2584/4252/5066
f 2587/4253/5067 2589/4261/5067 2588/4259/5067
f 2588/4259/5068 2589/4261/5068 2584/4257/5068
f 2584/4257/5069 2586/4258/5069 2571/4243/5069
f 2589/4261/5070 2586/4258/5070 2584/4257/5070
f 2585/4256/5071 2590/4262/5071 12/4255/5071
f 12/3609/5072 2590/4263/5072 2086/3603/5072
f 2086/3603/5073 2590/4263/5073 2063/3596/5073
f 2556/4229/5074 2591/4264/5074 2587/4253/5074
f 2587/4265/5075 2592/4266/5075 2589/4267/5075
f 2589/4261/5076 2592/4268/5076 2586/4258/5076
f 2586/4258/5077 2593/4269/5077 2585/4256/5077
f 2555/4228/5078 2591/4264/5078 2556/4229/5078
f 2585/4256/5079 2594/4270/5079 2590/4262/5079
f 2590/4263/5080 2595/4271/5080 2063/3596/5080
f 2591/4264/5081 2596/4272/5081 2587/4253/5081
f 2587/4265/5082 2596/4273/5082 2592/4266/5082
f 2586/4258/5083 2597/4274/5083 2593/4269/5083
f 2593/4269/5084 2594/4270/5084 2585/4256/5084
f 2595/4271/5085 2064/3577/5085 2063/3596/5085
f 3/4247/5086 2598/860/5086 2555/4228/5086
f 2555/4228/5087 2598/860/5087 2591/4264/5087
f 2591/4264/5088 2599/4275/5088 2596/4272/5088
f 2592/4268/5089 2597/4274/5089 2586/4258/5089
f 2591/4264/5090 188/859/5090 2599/4275/5090
f 2599/4275/5091 2600/4276/5091 2596/4272/5091
f 2596/4272/5092 2600/4276/5092 2592/4268/5092
f 2593/4269/5093 2601/4277/5093 2594/4270/5093
f 2594/4278/5094 2595/4271/5094 2590/4263/5094
f 2563/6/5095 2602/5/5095 3/4247/5095
f 3/4247/5096 2602/5/5096 2598/860/5096
f 2598/860/5097 188/859/5097 2591/4264/5097
f 2600/4276/5098 2597/4274/5098 2592/4268/5098
f 2597/4274/5099 2601/4277/5099 2593/4269/5099
f 2594/4270/5100 2603/15/5100 2595/4279/5100
f 2595/4271/5101 2604/4280/5101 2064/3577/5101
f 2064/3577/5102 2605/3612/5102 2072/3597/5102
f 2551/4221/5103 2606/4/5103 2563/6/5103
f 2600/4276/5104 2607/856/5104 2597/4274/5104
f 2601/4277/5105 2603/15/5105 2594/4270/5105
f 2603/4281/5106 2604/4280/5106 2595/4271/5106
f 2604/4280/5107 2605/3612/5107 2064/3577/5107
f 2607/856/5108 2608/855/5108 2597/4274/5108
f 2597/4274/5109 2608/855/5109 2601/4277/5109
f 2601/4277/5110 2609/13/5110 2603/15/5110
f 2608/855/5111 2609/13/5111 2601/4277/5111
f 189/14/5112 2604/4282/5112 2603/15/5112
f 189/4283/5113 2605/3612/5113 2604/4280/5113
f 2605/3612/5114 2610/4284/5114 2058/3561/5114
f 189/4283/5115 2611/4285/5115 2605/3612/5115
f 2611/4285/5116 2610/4284/5116 2605/3612/5116
f 2610/4284/5117 2612/973/5117 2058/3561/5117
f 2612/973/5118 2087/972/5118 2058/3561/5118
f 2611/4285/5119 2612/973/5119 2610/4284/5119
f 1873/3287/5120 2622/3303/5120 2621/3288/5120
f 1861/3273/5121 2621/3288/5121 1852/900/5121
f 1777/3172/5122 2618/3201/5122 1784/3160/5122
f 1727/2573/5123 2616/911/5123 117/2574/5123
f 1410/892/5124 2634/894/5124 1409/2576/5124
f 540/1311/5125 556/1324/5125 548/1312/5125
f 559/915/5126 536/1309/5126 535/1307/5126
f 530/1306/5127 548/1312/5127 522/1295/5127
f 525/723/5128 941/169/5128 940/170/5128
f 522/1295/5129 531/1313/5129 523/1296/5129
f 518/1282/5130 2614/722/5130 874/171/5130
f 517/921/5131 2613/920/5131 518/1282/5131
f 666/1428/5132 1405/913/5132 667/1429/5132
f 587/1369/5133 608/4286/5133 588/1370/5133
f 555/1323/5134 575/1351/5134 556/1324/5134
