# Blender 5.0.1
# www.blender.org
mtllib rockform_f.mtl
o rockform_f_rock
usemtl rockform_f_rock
v -0.304580 1.417353 1.652972
v 0.037770 4.487331 1.164478
v 0.013113 4.466624 1.152468
v -0.980107 0.579840 1.035730
v -0.822178 3.472570 1.022862
v 0.549181 4.435452 1.367921
v -0.296095 2.640126 1.580537
v 0.438497 4.288642 1.496497
v 0.460383 4.281090 1.498150
v 0.729253 4.074057 1.528668
v 0.346529 1.881999 1.649059
v 0.861423 3.897172 1.549117
v -0.296698 1.386117 1.655609
v 0.724241 4.080520 1.527887
v 0.722812 4.082054 1.527691
v 0.626464 4.180598 1.514700
v 0.582531 4.213778 1.509744
v 0.531278 4.251105 1.504025
v 0.847654 3.918151 1.546842
v 0.823931 3.951084 1.543144
v -0.271014 2.768903 1.574675
v -0.222625 2.991753 1.564445
v -0.154486 3.251805 1.552123
v -1.320635 1.256904 0.161096
v 0.935943 3.905544 1.493593
v 0.459846 4.463792 1.370569
v 0.511249 4.455564 1.363098
v 0.259743 4.484406 1.330284
v 0.122795 4.488871 1.244141
v 0.434747 4.467150 1.370208
v -0.111263 3.484351 1.539158
v -0.058612 3.724738 1.524454
v 0.391828 4.288074 1.494624
v 0.123130 4.105217 1.500829
v -0.231630 2.952699 1.566255
v -0.252080 2.856517 1.570707
v 0.370151 4.475114 1.365157
v 0.300000 4.481696 1.347117
v 0.280160 4.483366 1.340852
v 0.193206 4.487742 1.295512
v 0.111746 4.489016 1.235879
v 0.078621 4.488366 1.204544
v -0.265903 2.793389 1.573565
v -0.192193 3.117084 1.558554
v -0.110989 3.466546 1.540349
v -0.126220 3.396582 1.544269
v -0.145007 3.283747 1.550566
v -0.084195 3.655927 1.528423
v 0.047977 3.975793 1.509003
v 0.012764 3.903925 1.513492
v -0.022736 3.821360 1.518590
v 0.343206 4.287258 1.492696
v 0.330006 4.282447 1.492627
v 0.240641 4.235706 1.493506
v 0.222386 4.219391 1.494321
v 0.130658 4.117649 1.500015
v 0.128331 4.114247 1.500227
v -0.311090 2.559988 1.584184
v -0.323851 2.485486 1.587624
v -0.798098 3.978072 0.769621
v -1.146614 3.044773 0.497863
v 0.952024 0.000000 0.960830
v -0.334637 2.352815 1.594282
v -0.305988 2.272221 1.599833
v -0.293623 2.209873 1.603761
v -0.319808 2.087284 1.609527
v -0.334583 1.967711 1.615808
v -0.339069 1.902784 1.619471
v -0.341839 1.762025 1.628007
v -0.339539 1.695733 1.632340
v -0.330003 1.579636 1.640446
v 0.722190 4.245718 1.419342
v 0.958674 3.908000 1.476642
v 0.638493 4.345490 1.395547
v 0.625779 4.358664 1.391683
v 0.930767 3.951190 1.470596
v 0.843170 4.082611 1.450532
v 0.829613 4.101730 1.447207
v 0.733611 4.231993 1.422530
v 0.732135 4.233880 1.422131
v 0.954314 3.915117 1.475750
v 0.527308 4.452976 1.360655
v -0.041190 4.418740 1.125851
v 0.440869 0.000000 1.349095
v 0.929730 3.905021 1.498244
v -1.058699 0.591939 0.976981
v -1.131262 0.618538 0.904105
v -1.192654 0.662565 0.817113
v -1.238495 0.725513 0.718022
v -1.266568 0.806727 0.610668
v -1.277652 0.903188 0.499848
v -1.279444 1.010182 0.390351
v -1.303057 1.122742 0.284304
v -1.318820 1.237181 0.178921
v -0.865309 0.012936 0.394383
v -0.927526 0.045603 0.512903
v -0.977417 0.095403 0.629200
v -1.010162 0.164956 0.737977
v -1.024262 0.252885 0.834608
v -1.021421 0.354924 0.916449
v -1.005307 0.465631 0.983079
v -0.837742 3.603513 0.980761
v -0.834580 3.734621 0.921485
v -0.822500 3.859822 0.852602
v -0.800109 3.972323 0.774801
v -0.117465 4.342374 1.087301
v -0.191899 4.268938 1.049445
v -0.264795 4.201559 1.012552
v -1.127385 3.125469 0.573812
v -1.094144 3.223774 0.670220
v -1.050785 3.308436 0.759634
v -0.996429 3.375840 0.838966
v -0.941633 3.424737 0.910401
v -0.884147 3.456129 0.972392
v -0.338429 4.159581 0.977940
v -0.414783 4.140907 0.944751
v -0.492588 4.123652 0.911113
v -0.572709 4.110591 0.876993
v -0.651360 4.082210 0.841700
v -0.727102 4.038310 0.805728
v -0.069861 4.391981 1.111593
v -0.182244 4.279054 1.054435
v -0.210889 4.252671 1.039996
v -0.294539 4.185622 0.998694
v -0.406165 4.144103 0.948620
v -0.421036 4.139731 0.942072
v -0.559471 4.113320 0.882696
v -0.590446 4.106154 0.869262
v -0.691211 4.060598 0.822959
v -0.785860 3.989742 0.776013
v -1.155227 3.004775 0.488253
v -1.188633 2.833668 0.448285
v -1.220116 2.654498 0.407557
v -1.250256 2.468471 0.366196
v -1.261611 2.269553 0.330601
v -1.285607 2.071255 0.290358
v -1.308970 1.869439 0.250534
v -1.323547 1.663979 0.214766
v -1.327968 1.458357 0.184452
v -0.260847 0.070797 1.163029
v -0.356806 0.152896 1.133092
v -0.451685 0.222021 1.112380
v -0.546800 0.282013 1.098244
v -0.643556 0.334592 1.089528
v -0.739786 0.385666 1.082367
v -0.830291 0.442230 1.072040
v -0.911324 0.506783 1.056683
v -0.997155 0.707301 1.047343
v -1.005285 0.853838 1.053773
v -1.008412 1.019492 1.057990
v -1.045110 1.202871 1.086197
v -1.054460 1.400903 1.097471
v -1.053068 1.609021 1.102920
v -1.041523 1.821872 1.102682
v -1.021070 2.034409 1.097227
v -0.992865 2.242857 1.086939
v -0.993927 2.445065 1.096417
v -0.967400 2.640074 1.087109
v -0.939923 2.827266 1.076752
v -0.911123 3.005683 1.064918
v -0.880240 3.173838 1.050939
v -0.845880 3.329985 1.033764
v -0.769513 3.560386 1.045806
v -0.698125 3.642370 1.057175
v -0.621088 3.717466 1.064963
v -0.540857 3.788154 1.070545
v -0.459463 3.858261 1.075568
v -0.378729 3.934803 1.082489
v -0.299571 4.027582 1.094190
v -0.219905 4.136992 1.109961
v -0.137379 4.258383 1.127515
v -0.050520 4.384114 1.143985
v -1.170837 2.925600 0.469744
v -1.196982 2.787344 0.437692
v -1.241912 2.521369 0.377863
v -1.259151 2.300613 0.336418
v -1.262149 2.259346 0.328801
v -1.296821 1.983778 0.272550
v -1.320979 1.712249 0.222712
v -1.327530 1.473547 0.186684
v -1.327943 1.454671 0.183965
v 0.037542 4.487335 1.164317
v -0.355901 1.346442 1.587254
v -0.418305 1.260508 1.508830
v -0.480602 1.175021 1.435398
v -0.534816 1.088178 1.353017
v -0.590064 1.001004 1.278469
v -0.665481 0.913819 1.232198
v -0.746892 0.823743 1.189431
v -0.828900 0.735466 1.143711
v -0.908203 0.652731 1.093087
v -0.923242 3.799415 0.696294
v -1.056574 3.428637 0.591370
v -0.329915 2.691076 1.526523
v -0.381711 2.770299 1.447982
v -0.432877 2.849673 1.377421
v -0.484508 2.930851 1.314353
v -0.537509 3.015291 1.257903
v -0.594893 3.107976 1.209843
v -0.654029 3.205204 1.164648
v -0.711689 3.302515 1.118358
v -0.760587 3.392835 1.065491
v -0.806487 3.968240 0.765014
v -0.863970 3.893004 0.732333
v 0.440567 4.305209 1.485854
v 0.456781 4.438040 1.391301
v -0.929176 3.789266 0.692564
v -0.933845 3.779763 0.689428
v -0.295986 1.274656 1.636993
v -0.242405 1.062939 1.595369
v -0.213581 0.878513 1.563307
v -0.199520 0.716886 1.538214
v -0.166898 0.549213 1.510863
v -0.119497 0.378322 1.481141
v -0.060792 0.205232 1.449482
v -0.293196 1.232637 1.629729
v -0.255507 1.110063 1.604643
v -0.246878 1.074714 1.597852
v -0.213038 0.908423 1.567639
v -0.201995 0.734954 1.541082
v -0.174537 0.581147 1.516240
v -0.138127 0.437424 1.491746
v -0.095526 0.299551 1.467133
v -0.047503 0.166023 1.442312
v -0.002103 0.057208 1.421173
v 0.006466 0.037235 1.417259
v 0.010478 0.029938 1.415700
v 0.025714 0.000000 1.409485
v 0.724352 4.082216 1.526811
v 0.630036 4.224587 1.485209
v 0.540594 4.343545 1.439602
v 0.930097 3.915805 1.492003
v 0.829097 4.082779 1.459772
v 0.732055 4.231960 1.423521
v -0.988296 3.658645 0.651191
v -1.029017 3.544615 0.618965
v -1.037853 3.508836 0.610363
v -1.073455 3.341291 0.571889
v -1.083700 3.302767 0.562088
v -1.117391 3.173894 0.529265
v -1.074306 0.180418 0.151809
v -0.240985 2.964985 1.550515
v -0.313562 2.861642 1.495480
v -0.220395 3.151010 1.510360
v -0.295364 3.037866 1.459792
v -0.365633 2.938055 1.415300
v -0.118412 3.473322 1.532548
v -0.196636 3.340006 1.459514
v -0.274861 3.218313 1.418076
v -0.347636 3.110778 1.378419
v -0.417226 3.015986 1.344063
v -0.098332 3.667615 1.506203
v -0.184454 3.529275 1.450887
v -0.249903 3.400966 1.364251
v -0.326927 3.287028 1.335544
v -0.399434 3.186857 1.306617
v -0.469456 3.097251 1.280870
v 0.026219 3.993063 1.479559
v -0.071362 3.856477 1.444705
v -0.161078 3.716178 1.403287
v -0.243531 3.583540 1.361633
v -0.311226 3.464834 1.303425
v -0.377568 3.360613 1.261599
v -0.451654 3.267773 1.242825
v -0.523484 3.183989 1.224923
v 0.361280 4.413778 1.410260
v 0.260433 4.362084 1.420256
v 0.156917 4.279759 1.418595
v 0.054380 4.168837 1.404048
v -0.043567 4.037520 1.378001
v -0.134716 3.898305 1.344620
v -0.219063 3.763693 1.309467
v -0.298353 3.641863 1.277239
v -0.373191 3.534890 1.247412
v -0.435137 3.440111 1.206311
v -0.504929 3.356471 1.185518
v -0.580939 3.279813 1.175959
v -1.070383 0.174884 0.152904
v -1.069475 0.173873 0.153182
v 0.182793 4.430841 1.332713
v 0.082200 4.331232 1.325135
v -0.015343 4.208120 1.307127
v -0.107310 4.072976 1.281514
v -0.193098 3.938770 1.252877
v -0.273987 3.815375 1.225711
v -0.352017 3.706696 1.202640
v -0.428657 3.611103 1.183876
v -0.503833 3.529408 1.167663
v -0.570083 3.453628 1.144767
v -0.636737 3.378832 1.126484
v -0.977358 0.091680 0.183239
v -0.947755 0.070444 0.193368
v -0.879720 0.030987 0.217497
v 0.109256 4.476905 1.243848
v 0.012930 4.364638 1.232859
v -0.079136 4.236510 1.214454
v -0.165802 4.105225 1.192118
v -0.247799 3.981890 1.169873
v -0.326950 3.872372 1.150595
v -0.405183 3.777629 1.135540
v -0.484828 3.698366 1.125853
v -0.564601 3.624886 1.118055
v -0.642787 3.551492 1.109759
v -0.706325 3.474781 1.089832
v -0.342646 2.514832 1.558692
v -0.350339 2.328847 1.577662
v -0.347723 2.134223 1.569706
v -0.358251 1.933558 1.596069
v -0.363018 1.731360 1.607476
v -0.362208 1.533603 1.604452
v -0.396834 2.600401 1.478503
v -0.411469 2.420635 1.507809
v -0.402197 2.231438 1.484920
v -0.419784 2.034408 1.520550
v -0.428971 1.833044 1.537979
v -0.431804 1.632783 1.541803
v -0.428102 1.440021 1.531745
v -0.450096 2.685014 1.405774
v -0.467172 2.510654 1.433623
v -0.478444 2.326613 1.450579
v -0.478986 2.133617 1.447654
v -0.493627 1.934005 1.470793
v -0.501086 1.732256 1.480930
v -0.501238 1.534513 1.478028
v -0.494095 1.347130 1.462254
v -0.503549 2.770182 1.340267
v -0.522633 2.600094 1.365924
v -0.541515 2.420498 1.390999
v -0.534387 2.231527 1.374881
v -0.556812 2.034408 1.405337
v -0.569694 1.832355 1.420921
v -0.574870 1.630694 1.424782
v -0.571887 1.435863 1.416429
v -0.561192 1.253711 1.396693
v -0.558124 2.857295 1.281264
v -0.578719 2.690124 1.304198
v -0.599441 2.513914 1.326967
v -0.614727 2.328542 1.342103
v -0.617972 2.134328 1.340761
v -0.637020 1.933147 1.360955
v -0.648062 1.729049 1.370623
v -0.650407 1.528047 1.369117
v -0.643778 1.336616 1.356283
v -0.629102 1.159968 1.333468
v -0.617585 2.951529 1.231505
v -0.639810 2.785581 1.252122
v -0.661986 2.610719 1.272262
v -0.684159 2.427090 1.292074
v -0.679506 2.234670 1.280143
v -0.705158 2.034408 1.303810
v -0.721343 1.829128 1.316589
v -0.728951 1.623761 1.319853
v -0.727168 1.424520 1.312938
v -0.716165 1.237340 1.296230
v -0.684822 1.066459 1.256680
v -0.679747 3.050653 1.185673
v -0.704270 2.885679 1.204868
v -0.728074 2.711222 1.222802
v -0.751522 2.528009 1.239954
v -0.770616 2.336358 1.252372
v -0.773561 2.136751 1.248187
v -0.795301 1.930842 1.263320
v -0.808456 1.722234 1.270141
v -0.812342 1.516341 1.268301
v -0.806338 1.319249 1.257438
v -0.788853 1.136220 1.236049
v -0.751115 0.970634 1.195136
v -0.741270 3.150541 1.139338
v -0.768417 2.986866 1.157422
v -0.794095 2.812979 1.173556
v -0.818935 2.630132 1.188424
v -0.843204 2.439054 1.202410
v -0.840363 2.240173 1.192098
v -0.867138 2.034408 1.208122
v -0.885627 1.824145 1.217108
v -0.895314 1.613661 1.218963
v -0.895076 1.408589 1.213036
v -0.884652 1.214652 1.199316
v -0.849163 1.036382 1.164632
v -0.838749 0.876410 1.153426
v -0.797535 3.244873 1.088846
v -0.827959 3.084147 1.106319
v -0.856076 2.912279 1.121247
v -0.882743 2.730873 1.134418
v -0.908540 2.541097 1.146439
v -0.931122 2.343596 1.155665
v -0.933537 2.138980 1.149193
v -0.957617 1.928732 1.159675
v -0.972923 1.715974 1.163914
v -0.978730 1.505491 1.161735
v -0.974076 1.302905 1.152706
v -0.952600 1.113429 1.132059
v -0.925461 0.940865 1.108404
v -0.921683 0.787196 1.104025
v -0.341161 1.170419 1.560232
v -0.249509 1.071165 1.591830
v -0.394605 1.090302 1.455992
v -0.305063 0.997738 1.477260
v -0.226849 0.895337 1.550483
v -0.447881 1.009473 1.364803
v -0.371630 0.925392 1.405088
v -0.293918 0.832644 1.461195
v -0.209659 0.729068 1.529592
v -0.517753 0.925874 1.308775
v -0.441112 0.849881 1.341954
v -0.360652 0.768477 1.380687
v -0.277057 0.676905 1.430857
v -0.187925 0.573223 1.494930
v -0.592831 0.841570 1.259081
v -0.513965 0.770196 1.284944
v -0.430599 0.697825 1.312178
v -0.344716 0.619605 1.345818
v -0.256704 0.529354 1.391898
v -0.163285 0.425793 1.451763
v -0.670308 0.756265 1.209885
v -0.589399 0.688982 1.230557
v -0.504128 0.622165 1.251378
v -0.415882 0.553195 1.274695
v -0.326139 0.476625 1.305329
v -0.234368 0.386973 1.348230
v -0.137001 0.283369 1.404450
v -0.752425 0.668170 1.162934
v -0.668042 0.606027 1.178345
v -0.580264 0.544370 1.193828
v -0.490046 0.481549 1.210779
v -0.398341 0.414491 1.231730
v -0.305971 0.337395 1.261374
v -0.210999 0.246987 1.302477
v -0.109617 0.143652 1.355078
v 0.002843 0.036006 1.412529
v -0.834243 0.583502 1.112771
v -0.750262 0.521299 1.127407
v -0.659141 0.464908 1.138135
v -0.565971 0.408405 1.149482
v -0.472507 0.347961 1.164284
v -0.378717 0.280736 1.184620
v -0.284402 0.201474 1.214366
v -0.186549 0.109092 1.254545
v -0.080904 0.007387 1.302760
v -1.317802 1.220053 0.157624
v -1.288911 1.051255 0.149050
v -1.283116 1.009315 0.146585
v -1.280698 0.853007 0.130446
v -1.279468 0.794504 0.124906
v -1.268845 0.659520 0.116116
v -1.259941 0.597583 0.114088
v -1.232447 0.475508 0.114198
v -1.216942 0.426956 0.116103
v -1.166259 0.310668 0.126184
v -1.152205 0.285986 0.129667
v -0.814714 0.000000 0.241162
v -0.272536 4.169159 1.030362
v -0.355950 4.076596 1.021655
v -0.416221 4.135610 0.948298
v -0.441000 4.000692 1.017037
v -0.506123 4.067904 0.947097
v -0.527067 3.931556 1.014146
v -0.595689 3.998856 0.945409
v -0.612155 3.860784 1.010512
v -0.661204 4.048874 0.867735
v -0.682315 3.922267 0.941428
v -0.694029 3.783951 1.004512
v -0.746027 3.960858 0.862130
v -0.762534 3.833610 0.933475
v -0.769706 3.697677 0.994591
v -0.914467 3.303340 0.984284
v -0.981119 3.261535 0.923312
v -0.951166 3.136119 0.998853
v -1.042406 3.202472 0.850199
v -1.019719 3.083435 0.934655
v -0.984422 2.956357 1.010476
v -1.095076 3.125699 0.765512
v -1.082271 3.014241 0.857764
v -1.055082 2.892579 0.943396
v -1.015523 2.765997 1.020051
v -1.137050 3.033008 0.671179
v -1.135361 2.928660 0.768896
v -1.119222 2.813398 0.863116
v -1.088334 2.690964 0.950280
v -1.045206 2.566555 1.028202
v -1.168420 2.928388 0.570139
v -1.176838 2.828953 0.670232
v -1.173110 2.719504 0.770467
v -1.154153 2.601827 0.866855
v -1.120015 2.480019 0.955814
v -1.073580 2.358980 1.035217
v -1.191810 2.817025 0.465465
v -1.206980 2.719283 0.565017
v -1.214447 2.613550 0.667858
v -1.208872 2.499869 0.770680
v -1.187187 2.380817 0.869317
v -1.127694 2.260728 0.949276
v -1.075924 2.144116 1.027013
v -1.228813 2.604561 0.456555
v -1.243596 2.499736 0.558826
v -1.249926 2.388156 0.664391
v -1.222981 2.270963 0.763627
v -1.193208 2.151549 0.860735
v -1.155235 2.034409 0.952543
v -1.102842 1.923613 1.033324
v -1.263852 2.382542 0.446907
v -1.259380 2.270907 0.549007
v -1.258690 2.154063 0.654452
v -1.250727 2.034408 0.760966
v -1.223278 1.916122 0.862149
v -1.178307 1.803729 0.954134
v -1.119922 1.700731 1.034600
v -1.261436 2.265253 0.334441
v -1.273545 2.152138 0.435142
v -1.287841 2.034408 0.541207
v -1.290045 1.913589 0.650161
v -1.275278 1.793350 0.757906
v -1.241513 1.678467 0.859655
v -1.190461 1.573246 0.951407
v -1.126412 1.480414 1.030860
v -1.290406 2.034407 0.321870
v -1.304356 1.915539 0.425334
v -1.312578 1.793425 0.533486
v -1.308564 1.671007 0.643824
v -1.287243 1.552989 0.752093
v -1.247067 1.444382 0.853488
v -1.190197 1.348960 0.944108
v -1.121156 1.268494 1.021801
v -1.314516 1.799259 0.309957
v -1.322723 1.676838 0.415568
v -1.324375 1.553221 0.525095
v -1.313267 1.432510 0.635861
v -1.285012 1.320006 0.743581
v -1.238721 1.220539 0.843598
v -1.174738 1.137110 0.931176
v -1.091199 1.070464 1.000075
v -1.326292 1.564722 0.299367
v -1.327515 1.441994 0.406419
v -1.321571 1.320515 0.516375
v -1.302964 1.205098 0.626473
v -1.259304 1.101164 0.729749
v -1.200347 1.013044 0.823659
v -1.143943 0.942872 0.912590
v -1.079157 0.890452 0.990384
v -1.327916 1.456581 0.185983
v -1.324084 1.337091 0.290698
v -1.317527 1.217754 0.398290
v -1.295501 1.102049 0.506335
v -1.262521 0.995039 0.612276
v -1.241630 0.901895 0.720630
v -1.201597 0.826296 0.821635
v -1.144331 0.769569 0.910982
v -1.074404 0.730756 0.986336
v -0.930719 0.390416 1.002468
v -0.940483 0.278570 0.933525
v -0.842675 0.325252 1.016050
v -0.936323 0.177166 0.848498
v -0.845271 0.213631 0.944922
v -0.744059 0.270016 1.024102
v -0.914616 0.092430 0.747957
v -0.833849 0.114025 0.857160
v -0.739072 0.159919 0.950923
v -0.639989 0.220689 1.029194
v -0.874051 0.029048 0.635097
v -0.805080 0.033302 0.753496
v -0.720945 0.062458 0.861192
v -0.627746 0.112504 0.954234
v -0.535717 0.169928 1.035722
v -0.603523 0.017266 0.862987
v -0.517133 0.062509 0.959443
v -0.435331 0.106882 1.049962
v -0.335234 0.032304 1.071576
v -0.901487 3.586339 0.923445
v -0.895582 3.714338 0.856277
v -0.961790 3.551061 0.854829
v -0.879332 3.833923 0.779717
v -0.951723 3.672987 0.779808
v -1.007558 3.495442 0.772323
v -0.930532 3.785103 0.696359
v -1.000467 3.609395 0.692969
v -1.040247 3.419642 0.680290
v -1.076648 3.326713 0.584965
v -1.084442 0.477249 0.914131
v -1.154782 0.506025 0.830054
v -1.098029 0.368587 0.836021
v -1.211159 0.554571 0.731993
v -1.163232 0.401794 0.740508
v -1.095188 0.271278 0.742499
v -1.250216 0.623304 0.623178
v -1.212846 0.456060 0.632486
v -1.153232 0.310438 0.636733
v -1.073236 0.189923 0.635523
v -1.271893 0.709913 0.508459
v -1.245657 0.529980 0.516320
v -1.196320 0.369932 0.521090
v -1.124149 0.234681 0.522047
v -1.032551 0.126749 0.519148
v -1.279711 0.809782 0.392928
v -1.264174 0.619354 0.396844
v -1.225984 0.446166 0.400175
v -1.163596 0.296383 0.401616
v -1.078948 0.174058 0.401000
v -0.977099 0.080339 0.398452
v -1.278939 0.917532 0.280078
v -1.273670 0.718603 0.277997
v -1.246756 0.533641 0.277771
v -1.195326 0.369836 0.277771
v -1.119613 0.232631 0.277771
v -1.023371 0.124828 0.277771
v -0.913263 0.045792 0.277771
v -1.282948 1.028914 0.170849
v -1.279507 0.823019 0.161950
v -1.263696 0.627393 0.155816
v -1.223994 0.449978 0.152370
v -1.158685 0.297520 0.150989
v -0.313598 1.464908 1.649146
v -0.824789 0.000000 0.324772
v -0.184801 0.000000 1.192208
v -0.072459 0.000000 1.306372
v 0.011973 0.000000 1.396095
v -0.164700 0.000000 1.210893
v -0.100152 0.000000 1.278192
v -0.079150 0.000000 1.299433
v -0.840226 0.000000 0.457133
v -0.648432 0.000000 0.804844
v -0.404656 0.000000 0.982030
v -0.839991 0.000000 0.514865
v -0.833645 0.000000 0.550395
v -0.810285 0.000000 0.636503
v -0.777726 0.000000 0.685817
v -0.722764 0.000000 0.754887
v -0.693082 0.000000 0.775584
v -0.833786 0.000000 0.394505
v -0.594683 0.000000 0.838416
v -0.563285 0.000000 0.864452
v -0.497902 0.000000 0.898637
v -0.416690 0.000000 0.972480
v -0.412234 0.000000 0.975384
v -0.327199 0.000000 1.050237
v -0.297820 0.000000 1.082748
v -0.245251 0.000000 1.129040
v -0.815984 0.000000 0.277771
v 1.285219 0.000000 0.707742
v -1.275960 2.038215 -0.496619
v 0.063436 4.479287 1.005777
v 1.128040 4.331613 0.887308
v 1.367902 3.868670 1.058461
v 0.599481 4.448110 1.221299
v -0.381667 4.386942 -0.057077
v -1.227258 2.038215 -0.631388
v 1.182101 3.927490 1.205879
v -0.684805 3.643110 -0.709480
v -0.416954 4.313195 -0.432392
v -0.616857 0.224195 -0.899093
v 1.359645 3.888087 1.052821
v -0.695104 3.573223 -0.723329
v 1.276502 4.067160 0.994842
v 1.190561 4.226427 0.933041
v 1.300638 4.017494 1.011841
v 1.262871 4.092940 0.985077
v 1.124860 4.336909 0.884979
v -0.404411 4.330188 -0.420459
v -0.425873 4.299888 -0.440967
v -0.479518 4.207414 -0.493440
v -0.533764 4.096948 -0.547729
v -0.586826 3.965874 -0.602499
v -0.636708 3.813242 -0.656117
v -0.684507 3.645032 -0.709087
v -1.317097 1.257795 0.150781
v -0.430483 4.291634 -0.445498
v 0.079103 4.499576 1.007788
v 0.861227 4.409085 1.105171
v -0.515080 4.134884 -0.529038
v 0.621570 4.458066 1.204358
v 0.747330 4.433708 1.160474
v 0.600796 4.461902 1.210469
v -0.562762 4.028052 -0.577462
v 0.694259 4.444415 1.181593
v 0.789113 4.424935 1.141766
v -0.601677 3.921243 -0.618404
v -0.683898 3.647374 -0.708398
v -0.567703 0.148316 -0.862644
v -0.559252 0.133713 -0.856490
v -0.534135 0.100940 -0.837431
v -0.494641 0.051237 -0.807329
v -0.479755 0.036334 -0.795707
v -0.448320 0.000000 -0.771514
v 0.947113 4.388583 1.051716
v -1.245749 2.038215 -0.593144
v 1.082553 3.927967 1.281546
v -1.052985 0.372954 -0.759893
v -1.201634 0.909234 -0.690411
v -0.708196 0.028040 -0.687550
v -0.817004 0.100805 -0.721065
v -0.923260 0.193953 -0.747038
v -1.019855 0.312405 -0.760731
v -1.214244 1.032799 -0.667003
v -1.263237 1.247219 -0.649948
v -1.284358 1.460152 -0.617140
v -1.291599 1.665437 -0.579156
v -1.287939 1.858887 -0.538393
v -0.750174 3.990132 0.629923
v -1.112144 3.053447 0.397387
v 0.952024 0.000000 0.960830
v -1.238651 2.215582 -0.510327
v -1.225385 2.403077 -0.539669
v -1.180155 2.599214 -0.551915
v -1.127491 2.801998 -0.560545
v -1.067181 3.008650 -0.564811
v -0.998657 3.215223 -0.563533
v -0.921666 3.418073 -0.555486
v -0.861453 3.612397 -0.560345
v -0.777212 3.791292 -0.544474
v -0.689402 3.949957 -0.522766
v -0.600644 4.086376 -0.496505
v -0.513599 4.201587 -0.467472
v -0.430376 4.298864 -0.437468
v 0.771947 4.258239 1.274303
v 1.005934 3.919893 1.338881
v 0.688619 4.358103 1.249432
v 0.675940 4.371286 1.245465
v 0.978446 3.963188 1.331616
v 0.891948 4.094885 1.308346
v 0.878529 4.114039 1.304620
v 0.783303 4.244497 1.277681
v 0.781835 4.246387 1.277255
v 1.001645 3.927027 1.337782
v 0.577623 4.465637 1.213988
v 0.009090 4.431392 0.979289
v -1.198384 0.830407 -0.694975
v -1.197484 0.807211 -0.696301
v -1.176256 0.643172 -0.710193
v -1.165144 0.594535 -0.715775
v 1.064948 4.356838 0.956432
v 1.046133 4.362026 0.972369
v 0.967482 4.383618 1.038418
v 0.963024 4.384708 1.041349
v 0.880278 4.404573 1.093532
v -1.117027 0.465281 -0.736254
v -1.102246 0.437417 -0.742008
v 1.057237 3.925445 1.300505
v 1.084542 3.928015 1.280040
v 1.290008 3.906444 1.121666
v -1.324840 1.352996 0.062066
v -1.332848 1.468177 -0.043418
v -1.337217 1.583973 -0.146363
v -1.335127 1.700243 -0.245095
v -1.324508 1.815912 -0.337549
v -1.304623 1.929219 -0.421836
v -0.718548 4.078499 0.548174
v -0.675943 4.151057 0.457767
v -0.627043 4.203472 0.366891
v -0.575129 4.241207 0.277771
v -0.523147 4.271525 0.191503
v -0.472892 4.300415 0.108164
v -0.426818 4.339629 0.026505
v -0.383297 4.385221 -0.054056
v -0.067348 4.354985 0.941211
v -0.142040 4.281485 0.904109
v -0.215259 4.214024 0.868156
v -1.275103 2.146454 -0.407593
v -1.267059 2.257355 -0.313500
v -1.271420 2.368919 -0.222595
v -1.247656 2.479601 -0.120741
v -1.219992 2.588853 -0.018897
v -1.191936 2.697325 0.081566
v -1.165980 2.806347 0.180320
v -1.142375 2.916697 0.277771
v -1.118828 3.027261 0.374231
v -0.289133 4.171986 0.834245
v -0.365604 4.153283 0.801396
v -0.443522 4.136000 0.768087
v -0.523731 4.122916 0.734225
v -0.602585 4.094483 0.699522
v -0.678665 4.050499 0.664536
v -0.019626 4.404622 0.965160
v -0.132344 4.291611 0.908979
v -0.161101 4.265200 0.894865
v -0.245091 4.198066 0.854554
v 0.026702 4.496364 0.944951
v -0.030719 4.491113 0.865587
v -0.083983 4.483872 0.777582
v -0.356966 4.156484 0.805205
v -0.371865 4.152104 0.798739
v -0.510475 4.125649 0.739874
v -0.541500 4.118471 0.726584
v -0.642599 4.072831 0.681256
v -0.737832 4.001828 0.636013
v -1.121496 3.013263 0.389927
v -1.158135 2.841342 0.359385
v -1.193094 2.661298 0.328789
v -1.226877 2.474354 0.298046
v -1.242088 2.274466 0.273691
v -1.269807 2.075231 0.244301
v -1.296750 1.872514 0.214911
v -1.314665 1.666214 0.188873
v -1.322025 1.459852 0.167128
v 1.286840 3.907928 1.124230
v 1.286392 3.908107 1.124590
v 1.188086 3.926591 1.201237
v -0.774061 3.457616 -0.704598
v -1.138588 2.933715 0.375739
v -1.167376 2.794794 0.351392
v -1.217497 2.527512 0.306695
v -1.239032 2.305676 0.277771
v -1.242822 2.264210 0.272461
v -1.282604 1.987356 0.231106
v -1.311344 1.714673 0.194628
v -1.321386 1.475093 0.168773
v 0.884337 4.379201 1.113517
v 0.982270 4.241217 1.146404
v 1.084128 4.086806 1.178056
v -0.896024 3.250258 -0.676970
v -0.998435 3.036177 -0.655586
v -1.075489 2.823728 -0.641827
v -1.136801 2.616491 -0.632613
v -1.186267 2.416035 -0.626689
v -1.183387 2.225054 -0.636232
v -1.322049 1.456154 0.166783
v 0.087870 4.500000 1.017612
v -0.877147 3.811014 0.561930
v -1.015540 3.438962 0.471759
v -0.132765 4.474806 0.682197
v -0.177432 4.464354 0.581805
v -0.206127 4.447596 0.456329
v -0.213966 4.423260 0.302100
v -0.242826 4.408649 0.189527
v -0.286752 4.400405 0.103152
v -0.758652 3.980277 0.625575
v -0.816861 3.904859 0.595012
v -0.883198 3.800835 0.558541
v -0.887978 3.791304 0.555728
v -0.334955 4.393904 0.023819
v 0.004804 4.494819 0.917465
v -0.059138 4.488279 0.824885
v -0.112687 4.480136 0.731159
v -0.160327 4.471251 0.637821
v -0.194743 4.460628 0.544866
v -0.211632 4.433088 0.363697
v -0.207239 4.446177 0.446799
v -0.733667 3.524669 -0.713822
v -0.762278 3.481307 -0.707101
v -0.843974 3.346120 -0.688427
v -0.924450 3.198629 -0.670681
v -0.999913 3.032762 -0.655292
v -1.007612 3.012577 -0.653870
v -1.067933 2.848319 -0.643006
v -1.128479 2.649188 -0.633657
v -1.181363 2.439117 -0.627131
v -1.186679 2.365769 -0.628845
v -1.200376 2.160290 -0.634012
v -1.256724 1.828703 -0.631949
v -1.271293 1.529121 -0.641121
v -1.260501 1.264180 -0.656424
v -1.212280 1.061052 -0.680287
v -1.016035 0.330911 -0.773023
v -0.910497 0.267153 -0.807967
v -0.794144 0.232683 -0.844867
v -0.671790 0.220913 -0.882559
v -1.250837 1.883708 -0.631240
v -1.254663 1.851840 -0.631525
v -1.267823 1.657185 -0.636363
v 0.689772 4.373741 1.237669
v -0.943940 3.669806 0.521895
v -1.270856 1.454590 -0.644637
v -1.258586 1.245279 -0.657863
v -1.201225 1.027894 -0.685149
v -0.990193 0.311741 -0.781741
v -0.840704 0.241187 -0.830341
v -0.672264 0.220881 -0.882416
v 0.982166 4.093805 1.249134
v 0.883088 4.246636 1.214097
v 0.788058 4.381659 1.177511
v -0.986240 3.555379 0.494270
v -0.995599 3.519468 0.487195
v -1.033817 3.351265 0.456347
v -1.044699 3.312581 0.448401
v -1.080599 3.183152 0.422019
v -1.074306 0.180418 0.151809
v -1.070383 0.174884 0.152904
v -1.069475 0.173873 0.153182
v -0.977358 0.091680 0.183239
v -0.947755 0.070444 0.193368
v -0.879720 0.030987 0.217497
v -0.669828 0.220939 -0.883154
v -0.207131 4.447156 0.452833
v -0.240747 4.409133 0.194182
v -0.234627 4.411573 0.214059
v -0.217183 4.419691 0.277770
v -0.281854 4.401085 0.111329
v -0.332087 4.394277 0.028452
v -0.380108 4.387239 -0.053987
v -0.422832 4.376427 -0.154958
v -0.440220 4.362434 -0.254289
v -0.431524 4.346181 -0.345778
v -0.404427 4.381174 -0.110917
v -0.421929 4.376796 -0.151974
v 1.267906 4.070891 1.005149
v 1.175824 4.086356 1.097383
v -0.424768 4.374766 -0.166640
v -0.439106 4.357223 -0.285013
v -0.416556 4.337880 -0.383796
v 1.152876 4.239635 0.978608
v 1.067020 4.247499 1.067764
v -1.314645 1.220848 0.148423
v -1.287252 1.051673 0.144213
v -1.281760 1.009656 0.142633
v -1.280217 0.853128 0.129043
v -1.279204 0.794571 0.124136
v -1.268836 0.659522 0.116091
v -1.259941 0.597583 0.114088
v -1.232447 0.475508 0.114198
v -1.216942 0.426956 0.116103
v -1.166259 0.310668 0.126184
v -1.152205 0.285986 0.129667
v -0.814714 0.000000 0.241162
v -0.052218 4.417897 0.910455
v -0.103554 4.428464 0.820233
v -0.139156 4.294759 0.897823
v -0.153813 4.429504 0.728291
v -0.190714 4.314520 0.811340
v -0.203554 4.429170 0.636785
v -0.243398 4.339406 0.724997
v -0.278062 4.222878 0.806478
v -0.251289 4.416232 0.544897
v -0.295460 4.356141 0.636637
v -0.334520 4.265339 0.724393
v -0.247479 4.409301 0.363864
v -0.296938 4.393049 0.453922
v -0.345390 4.357923 0.546398
v -0.389755 4.294334 0.638149
v -0.427532 4.200095 0.725459
v -0.245203 4.406205 0.194160
v -0.290949 4.378949 0.277770
v -0.341471 4.367296 0.364877
v -0.392989 4.347165 0.455802
v -0.442209 4.305713 0.548680
v -0.485752 4.235079 0.640193
v -0.521190 4.134845 0.726665
v -0.290868 4.395549 0.111220
v -0.335440 4.359256 0.193379
v -0.385241 4.341385 0.277770
v -0.437950 4.325445 0.365951
v -0.490426 4.297341 0.457529
v -0.539086 4.246482 0.550362
v -0.580558 4.167339 0.641116
v -0.337301 4.391111 0.028356
v -0.380974 4.347871 0.109731
v -0.428978 4.318975 0.192345
v -0.480987 4.298430 0.277770
v -0.534277 4.273092 0.366717
v -0.585890 4.233390 0.458331
v -0.632251 4.171331 0.550341
v -0.670283 4.083702 0.639575
v -1.183574 2.710680 0.277771
v -1.206051 2.597510 0.177342
v -1.223259 2.494808 0.277771
v -1.231145 2.485635 0.075814
v -1.244341 2.379527 0.174496
v -1.258086 2.374174 -0.027173
v -1.248483 2.265389 0.073270
v -1.258227 2.153572 0.173465
v -1.263876 2.262227 -0.125381
v -1.271515 2.151703 -0.030091
v -1.281794 2.038214 0.068383
v -1.292047 1.921798 0.170952
v -1.283877 2.149847 -0.226994
v -1.296945 2.038214 -0.134841
v -1.304209 1.923759 -0.037194
v -1.308978 1.807095 0.064396
v -1.313738 1.688104 0.169341
v -1.299686 2.038214 -0.327158
v -1.315299 1.925719 -0.238091
v -1.323048 1.810635 -0.142308
v -1.324987 1.694169 -0.041708
v -1.323878 1.576724 0.062210
v -0.804378 3.951108 0.556592
v -0.765836 4.038301 0.464493
v -0.851440 3.895201 0.469573
v -0.929497 3.725418 0.472700
v -0.994894 3.536285 0.473316
v -0.719506 4.107044 0.370756
v -0.809542 3.978689 0.373884
v -0.893232 3.819688 0.376036
v -0.967760 3.636128 0.377126
v -1.013713 3.436992 0.375686
v -1.069801 3.231548 0.375204
v -0.668600 4.161015 0.277771
v -0.761869 4.049301 0.277771
v -0.850624 3.904459 0.277771
v -0.931201 3.730399 0.277771
v -0.998322 3.535334 0.277771
v -1.042763 3.329171 0.277771
v -1.097065 3.120841 0.277771
v -0.616207 4.205910 0.186928
v -0.711403 4.111077 0.182759
v -0.804394 3.982492 0.179367
v -0.890887 3.821177 0.177025
v -0.967771 3.633563 0.175834
v -1.015043 3.429356 0.177338
v -1.073714 3.218584 0.177749
v -1.123475 3.009239 0.178815
v -0.564331 4.246570 0.098658
v -0.660086 4.167284 0.089552
v -0.756177 4.055593 0.081630
v -0.848050 3.909357 0.075588
v -0.931729 3.732339 0.071846
v -1.001439 3.533016 0.071049
v -1.049163 3.321795 0.074088
v -1.105140 3.108116 0.075480
v -1.151752 2.898700 0.078177
v -0.514145 4.286952 0.012755
v -0.608445 4.218346 -0.001424
v -0.706092 4.122572 -0.014694
v -0.802171 3.992540 -0.025665
v -0.892207 3.828852 -0.033433
v -0.972794 3.637722 -0.037609
v -1.023749 3.428916 -0.033428
v -1.085626 3.212726 -0.032444
v -1.137808 2.997494 -0.029241
v -1.181968 2.788610 -0.024518
v -0.467083 4.333918 -0.071857
v -0.557785 4.267915 -0.090323
v -0.653479 4.179727 -0.108373
v -0.751693 4.064993 -0.124984
v -0.846668 3.916415 -0.138031
v -0.934179 3.736842 -0.146518
v -1.008321 3.534274 -0.149063
v -1.060222 3.318851 -0.143553
v -1.119977 3.100020 -0.141223
v -1.169578 2.884758 -0.135930
v -1.211724 2.677255 -0.128906
v -0.507647 4.314265 -0.176838
v -0.600527 4.231614 -0.199372
v -0.696631 4.123360 -0.220431
v -0.792948 3.986714 -0.238667
v -0.885633 3.821260 -0.252655
v -0.970028 3.629039 -0.260925
v -1.024101 3.418880 -0.254441
v -1.092530 3.200385 -0.254842
v -1.149122 2.981655 -0.250372
v -1.196895 2.768265 -0.242920
v -1.237411 2.563457 -0.233484
v -0.456440 4.349726 -0.259294
v -0.545314 4.269844 -0.285482
v -0.638629 4.168386 -0.310850
v -0.733474 4.040289 -0.333551
v -0.826424 3.884123 -0.351916
v -0.915198 3.704246 -0.365393
v -0.988891 3.504021 -0.368652
v -1.050591 3.290853 -0.365094
v -1.115201 3.073117 -0.363399
v -1.169873 2.857365 -0.357080
v -1.216414 2.647942 -0.347640
v -1.255697 2.447435 -0.335894
v -0.488162 4.291800 -0.365074
v -0.577010 4.193990 -0.393523
v -0.668860 4.073802 -0.420127
v -0.760793 3.928261 -0.442964
v -0.849663 3.757932 -0.460458
v -0.933117 3.567435 -0.471983
v -0.992018 3.364301 -0.466085
v -1.064870 3.152616 -0.469460
v -1.126849 2.939112 -0.466120
v -1.180317 2.728893 -0.458390
v -1.226075 2.525367 -0.447324
v -1.258815 2.330731 -0.430700
v -1.069968 0.174397 0.151851
v -0.963516 0.081708 0.154801
v -0.847364 0.016705 0.159355
v -1.310803 1.142599 0.053703
v -1.282990 0.930723 0.046709
v -1.279349 0.725238 0.034838
v -1.252004 0.534571 0.025883
v -1.198420 0.366495 0.020858
v -1.119010 0.226901 0.020442
v -1.018117 0.118641 0.024641
v -0.903259 0.040677 0.032727
v -1.328038 1.257775 -0.057785
v -1.295605 1.041976 -0.066995
v -1.292174 0.828227 -0.084496
v -1.277441 0.625209 -0.100957
v -1.236730 0.441609 -0.112054
v -1.168509 0.284738 -0.116306
v -1.075414 0.159192 -0.113169
v -0.963999 0.065767 -0.103282
v -0.843194 0.001060 -0.088371
v -1.339424 1.375643 -0.167174
v -1.327426 1.158436 -0.185592
v -1.297026 0.938993 -0.199849
v -1.294734 0.725773 -0.225510
v -1.267278 0.527974 -0.244871
v -1.211865 0.354074 -0.255656
v -1.129093 0.210304 -0.256408
v -1.024027 0.099339 -0.247256
v -0.905047 0.019573 -0.229977
v -1.342635 1.496328 -0.272389
v -1.337674 1.280828 -0.297531
v -1.305248 1.059295 -0.314070
v -1.297657 0.839472 -0.343100
v -1.282415 0.630496 -0.371998
v -1.240348 0.441532 -0.391481
v -1.169992 0.280140 -0.398952
v -1.074467 0.150755 -0.393613
v -0.960945 0.053674 -0.376824
v -1.335286 1.618645 -0.370754
v -1.335277 1.408047 -0.402229
v -1.320828 1.188478 -0.429945
v -1.280983 0.966593 -0.447723
v -1.277025 0.750892 -0.486811
v -1.247162 0.550598 -0.515844
v -1.189983 0.374083 -0.532034
v -1.106493 0.227219 -0.533392
v -1.002098 0.112113 -0.520408
v -0.885142 0.026686 -0.495933
v -1.316736 1.740362 -0.459925
v -1.319497 1.537384 -0.496717
v -1.309663 1.323518 -0.530217
v -1.276705 1.104171 -0.553744
v -1.250495 0.886775 -0.584070
v -1.230375 0.680006 -0.621973
v -1.185409 0.492426 -0.647376
v -1.114917 0.330848 -0.657256
v -1.022277 0.198901 -0.650943
v -0.914303 0.096293 -0.630506
v -0.799258 0.019091 -0.600058
v -0.603357 3.965971 -0.591328
v -0.691970 3.812035 -0.617704
v -0.685082 3.645086 -0.708743
v -0.779158 3.638156 -0.638821
v -0.849027 3.447298 -0.641062
v -0.926263 3.244547 -0.649391
v -1.000051 3.035819 -0.653919
v -1.200867 2.223081 -0.605745
v -0.802306 0.198944 -0.822265
v -0.671902 0.220494 -0.882323
v -0.696982 0.109970 -0.791320
v -0.572036 0.131395 -0.850525
v -0.593001 0.037008 -0.755880
v -0.657412 0.000000 -0.670080
v -0.802282 0.000000 0.161452
v -0.810577 0.000000 0.040963
v -0.840196 0.000000 -0.087935
v -0.860425 0.000000 -0.221852
v -0.865421 0.000000 -0.357217
v -0.832678 0.000000 -0.482161
v -0.761596 0.000000 -0.588358
v -0.814574 0.000000 0.237114
v -0.810046 0.000000 0.091753
v -0.838318 0.000000 -0.077637
v -0.841361 0.000000 -0.091916
v -0.867501 0.000000 -0.298883
v -0.855422 0.000000 -0.403648
v -0.786931 0.000000 -0.551823
v -0.698349 0.000000 -0.636068
v -0.598150 0.000000 -0.698369
v -0.488122 0.000000 -0.751361
v -0.534505 0.000000 -0.734735
v 1.306483 0.572217 -0.504206
v -0.225059 0.173156 -1.020394
v 1.207034 4.339177 0.777387
v -0.101446 4.265654 -0.780983
v 0.680070 1.294199 -1.244392
v 1.439215 3.875500 0.959229
v -0.323321 4.336410 -0.536739
v 1.113909 4.222342 -0.037490
v -0.252480 0.076100 -0.946525
v 0.717059 1.245475 -1.214160
v 0.794632 1.143993 -1.137240
v 0.852358 1.048304 -1.026451
v 0.918138 0.957342 -0.940911
v 1.001878 0.869316 -0.885355
v 1.082107 0.786533 -0.823316
v 1.153810 0.715141 -0.751840
v 1.214720 0.656581 -0.672458
v 1.265777 0.609024 -0.589275
v 1.246578 0.487612 -0.533974
v 1.180526 0.400572 -0.564955
v 1.109587 0.308906 -0.598716
v 1.032627 0.212687 -0.635192
v 0.948463 0.112121 -0.674221
v 0.854438 0.010445 -0.713458
v 1.329655 0.658091 -0.519811
v 0.612980 2.929750 -1.186580
v 1.285219 0.000000 0.707742
v 1.828224 1.097046 0.345783
v 1.166098 4.081877 -0.172500
v 1.857365 1.098374 0.390555
v 0.675437 2.012788 -1.220261
v 1.787924 3.097761 0.627381
v 1.040555 4.184409 -0.327044
v 0.749172 4.146568 -0.796186
v 1.030185 4.180215 -0.360919
v 1.283874 4.306735 0.612874
v -0.619658 3.649349 -0.800132
v -0.338109 4.320745 -0.542104
v -0.616857 0.224195 -0.899093
v -0.096255 4.220596 -0.813369
v -0.079558 4.074141 -0.895515
v -0.060922 3.906677 -0.971672
v 1.431426 3.894961 0.952939
v -0.632110 3.579256 -0.810985
v 1.352041 4.074393 0.889729
v 1.268510 4.233891 0.824576
v 1.375239 4.024638 0.908034
v 1.338863 4.100217 0.879334
v 1.203895 4.344478 0.775001
v -0.325427 4.337751 -0.530364
v -0.347146 4.307426 -0.550516
v -0.401807 4.214855 -0.601575
v -0.457704 4.104231 -0.653567
v -0.513286 3.972916 -0.704829
v 1.277911 4.267052 0.368120
v 1.221434 4.249204 0.213610
v 1.163027 4.235907 0.085017
v 1.278960 4.311761 0.639195
v 1.274156 4.314142 0.649619
v 0.669678 2.209169 -1.198001
v 0.707369 1.706594 -1.226480
v -0.058303 3.883127 -0.980740
v 1.753911 1.046433 0.277771
v 1.661156 0.961149 0.162112
v 1.624577 0.884918 0.048975
v 1.577399 0.815833 -0.059042
v 1.527233 0.753231 -0.161618
v 1.474785 0.697398 -0.258086
v 1.420044 0.648773 -0.347616
v 1.363546 0.607297 -0.429647
v 1.224753 4.337409 0.749485
v 1.205812 4.343838 0.772715
v 1.285837 4.270787 0.397238
v 1.290803 4.277400 0.441304
v 1.297817 4.289340 0.519255
v 1.248351 4.256356 0.279066
v 0.488298 3.456875 -1.152444
v 0.351045 3.839308 -1.105862
v 0.233348 3.930694 -1.068367
v 0.712491 1.679416 -1.223998
v 0.691450 1.821090 -1.229166
v 0.656547 2.256366 -1.210964
v 0.612125 2.916264 -1.189613
v 1.755191 3.189331 0.589375
v 0.675112 2.106465 -1.205596
v 0.611403 2.898986 -1.192930
v 0.126882 3.946450 -1.035705
v 0.030181 3.923716 -1.006810
v 0.609077 2.911792 -1.192171
v 0.602991 2.940231 -1.190206
v 1.302060 0.491961 -0.431240
v 1.286460 0.419922 -0.346853
v 1.260332 0.356715 -0.253052
v 1.226383 0.300709 -0.152768
v 1.189122 0.247674 -0.048929
v 1.153656 0.191540 0.056792
v 1.123817 0.126461 0.164875
v 1.100463 0.049473 0.277771
v 1.673603 3.346828 0.485920
v 1.200806 4.244663 0.169128
v 1.684798 3.554465 0.744220
v 1.117745 4.223838 -0.025286
v 1.133358 4.227982 0.012639
v 1.776894 3.130650 0.638487
v 1.708907 3.293007 0.703672
v 0.927447 0.000066 -0.333753
v 1.671995 3.481522 0.747674
v 1.638411 3.674357 0.789906
v 1.591724 3.741869 0.831343
v 1.550671 3.786125 0.866481
v -0.566788 3.819938 -0.753411
v -0.619302 3.651277 -0.799818
v -0.351832 4.299166 -0.554941
v -0.438402 4.142227 -0.635737
v -0.487954 4.035216 -0.681557
v -0.529124 3.928191 -0.719361
v -0.618624 3.653625 -0.799228
v -0.567703 0.148316 -0.862644
v -0.559252 0.133713 -0.856490
v -0.534135 0.100940 -0.837431
v -0.494641 0.051237 -0.807329
v -0.479755 0.036334 -0.795707
v -0.448320 0.000000 -0.771514
v 1.145552 4.139839 -0.117949
v 1.154976 4.234217 0.068154
v 0.569420 3.096406 -1.179342
v 0.538375 3.214377 -1.169327
v 0.520053 3.278133 -1.163395
v 0.482301 3.478926 -1.150427
v 0.481305 3.489225 -1.150030
v 0.444836 3.681132 -1.136798
v 0.390466 3.777208 -1.118879
v 0.365751 3.820091 -1.110663
v 0.269976 3.909831 -1.079914
v 0.161464 3.946034 -1.046216
v 0.044496 3.928718 -1.011055
v 1.471486 3.857926 0.933115
v 1.456772 3.866863 0.945105
v 1.346262 0.016314 0.663119
v 1.516550 0.187741 0.552094
v -0.015238 3.904345 -0.993406
v -0.285179 3.778033 -0.913679
v -0.570406 3.646668 -0.828928
v -0.075414 3.874873 -0.975700
v -0.144187 3.836194 -0.955520
v 1.675232 3.614247 0.526352
v 1.595158 0.293624 0.503703
v 1.666757 0.415609 0.462357
v 1.603392 3.765494 0.440037
v 1.521131 3.866318 0.330991
v 1.439682 3.934214 0.218284
v 1.361961 3.977658 0.107322
v 1.290324 4.011321 0.004052
v 1.225286 4.045226 -0.088999
v 1.763189 3.168550 0.598855
v 1.748637 3.203451 0.581233
v -0.210274 3.808008 -0.935936
v -0.233589 3.795873 -0.929058
v -0.326479 3.760001 -0.901420
v -0.346267 3.754354 -0.895498
v -0.422099 3.721548 -0.872957
v 1.666435 3.488393 0.494636
v 1.615429 3.744318 0.455045
v 1.597580 3.774287 0.432574
v 1.496450 3.889851 0.297297
v 1.410177 3.950573 0.176116
v 1.334371 3.988137 0.067094
v 1.265677 4.021334 -0.031739
v 1.202146 4.057709 -0.122002
v 1.137171 4.102276 -0.212789
v 1.063340 4.157368 -0.314829
v 1.109134 4.121505 -0.251900
v 1.725918 0.560353 0.432891
v 1.765119 0.736467 0.421940
v 1.775853 0.954305 0.437071
v 1.377509 0.045733 0.642528
v 1.508994 0.179320 0.556934
v 1.521213 0.193335 0.549150
v 1.636411 0.358252 0.479276
v 1.718028 0.535628 0.436241
v 1.763069 0.720518 0.421792
v 1.771999 0.904068 0.434629
v 1.828490 1.036046 0.405826
v 1.051365 4.164780 -0.331646
v 1.783090 1.100547 0.277771
v 1.714902 1.034765 0.158011
v 1.651272 0.967493 0.044846
v 1.578623 0.995276 -0.059330
v 1.431105 0.099558 0.607571
v 1.329817 0.000000 0.673865
v -0.489113 3.696192 -0.852963
v -0.520309 3.678358 -0.843731
v -0.614363 3.600818 -0.816131
v 1.536304 0.825543 -0.164503
v 1.484745 0.746364 -0.262101
v 1.432347 0.697811 -0.353652
v 1.380496 0.669643 -0.439490
v 1.767165 1.074619 0.247272
v 1.674300 1.022605 0.093163
v -0.547175 0.228477 -0.920060
v 1.590322 0.999479 -0.040476
v -0.431455 0.225167 -0.955353
v -0.324882 0.205690 -0.988602
v 1.560648 0.865016 -0.117921
v 1.563062 0.960549 -0.091378
v 1.574004 0.992150 -0.067124
v 1.518317 0.784517 -0.201759
v 1.467105 0.724836 -0.294162
v 1.409559 0.683188 -0.391913
v 1.345250 0.661192 -0.495278
v 0.704554 4.054297 -0.881697
v 0.648563 3.813511 -1.008803
v 0.615149 2.963458 -1.178948
v 0.667841 3.913106 -0.962772
v 0.701170 4.043681 -0.888810
v 0.703398 4.051408 -0.883992
v 0.628150 3.114504 -1.139658
v 0.636360 3.196776 -1.116399
v 0.650139 3.293315 -1.082573
v 0.646562 3.462749 -1.064783
v 0.635579 3.534925 -1.071247
v 0.630943 3.690377 -1.055165
v 0.638814 3.749803 -1.033893
v 1.108762 0.921655 -0.793709
v 0.995033 1.079139 -0.929516
v 0.823491 1.324436 -1.132502
v 1.090487 0.967695 -0.810570
v 1.081721 0.972226 -0.822858
v 1.020467 1.057223 -0.895961
v 1.014435 1.068755 -0.902403
v 0.807746 1.361253 -1.147718
v 0.801701 1.379506 -1.152622
v 0.756095 1.511400 -1.192341
v 0.719759 1.650210 -1.218733
v 1.311080 0.657595 -0.548265
v 1.276813 0.668979 -0.597814
v 1.240318 0.683649 -0.649977
v 1.219610 0.703557 -0.676802
v 1.178764 0.742109 -0.729886
v 1.156158 0.784468 -0.754235
v 1.129014 0.837305 -0.782999
v -0.521045 0.226550 -0.928083
v -0.368680 0.211894 -0.975020
v -0.252535 0.180168 -1.011731
v 0.652563 2.233942 -1.210019
v 0.696865 1.721079 -1.233439
v 0.695469 1.495559 -1.240465
v 0.665409 2.091531 -1.215891
v 0.697798 1.659332 -1.235544
v 0.691493 1.425339 -1.242054
v -0.211792 0.167921 -1.024661
v -0.070570 0.117983 -1.069815
v 0.078025 0.082842 -1.116536
v 0.215092 0.095100 -1.157606
v 0.330537 0.158280 -1.189797
v 0.425772 0.257315 -1.214225
v 0.494592 0.396145 -1.228823
v 0.544294 0.557753 -1.236583
v 0.572454 0.744043 -1.236680
v 0.578813 0.955351 -1.229020
v 0.639849 1.117094 -1.240215
v -0.123273 0.137682 -1.052915
v -0.012763 0.100942 -1.088143
v 0.110884 0.080526 -1.126620
v 0.251801 0.108118 -1.168163
v 0.411288 0.238427 -1.210683
v 1.088446 4.211935 -0.121364
v 0.436089 0.276684 -1.216479
v 0.528109 0.500403 -1.234270
v 0.569053 0.714720 -1.236978
v 0.574270 0.916479 -1.229405
v 1.065881 4.198849 -0.218987
v 1.043420 4.185672 -0.317057
v 1.646347 3.425743 0.560778
v 1.695466 3.533782 0.712352
v 0.603083 1.003793 -1.234192
v 0.664520 1.190597 -1.244371
v 1.076372 4.205517 -0.170075
v 1.044207 4.186237 -0.312992
v 1.671208 3.659966 0.575411
v 1.617567 3.763063 0.701954
v 1.543952 3.839594 0.821242
v 1.455509 3.888557 0.929191
v 1.565021 3.878550 0.558723
v 1.505844 3.973866 0.681211
v 1.430262 4.040102 0.796068
v 0.690133 4.145901 -0.849034
v 1.497546 3.962659 0.420251
v 1.450828 4.074972 0.541542
v 1.388643 4.161289 0.659523
v 1.313777 4.217937 0.769878
v 0.607495 4.146710 -0.912490
v 0.514272 4.151936 -0.958076
v 0.413570 4.161163 -0.985718
v 0.306066 4.176087 -0.984623
v 1.421632 4.018857 0.290963
v 1.383416 4.141625 0.407456
v 1.332826 4.245790 0.524377
v 0.197017 4.195315 -0.958814
v 0.090659 4.217650 -0.911984
v -0.009442 4.241323 -0.851856
v 0.628935 4.146284 -0.897329
v 1.344285 4.055880 0.173130
v 1.310058 4.180042 0.282961
v 0.579175 4.148060 -0.927771
v 0.420816 4.160471 -0.983898
v 0.409773 4.161637 -0.986000
v 0.277486 4.180806 -0.979797
v 1.270985 4.083888 0.066745
v 1.237169 4.201391 0.169881
v 0.167412 4.201221 -0.947662
v 0.073762 4.221447 -0.903043
v 0.000263 4.238927 -0.858295
v -0.007531 4.240823 -0.853293
v 1.204600 4.110657 -0.029670
v 1.169406 4.217169 0.067852
v 1.183764 0.033565 0.401636
v 1.275833 0.017883 0.541942
v 1.202787 0.119763 0.277770
v 1.296563 0.105830 0.405433
v 1.397065 0.096362 0.550094
v 1.225143 0.197600 0.161677
v 1.313861 0.193087 0.277769
v 1.415836 0.185728 0.409402
v 1.252993 0.265980 0.050793
v 1.332781 0.274663 0.158251
v 1.428268 0.277195 0.277768
v 1.533314 0.282047 0.412708
v 1.284769 0.328053 -0.056737
v 1.355259 0.349514 0.044961
v 1.439825 0.365581 0.155293
v 1.536524 0.380535 0.277767
v 1.637362 0.402736 0.414399
v 1.316130 0.389215 -0.160821
v 1.379454 0.420371 -0.063366
v 1.452669 0.449433 0.040681
v 1.536406 0.477643 0.153604
v 1.627240 0.509405 0.277767
v 1.716163 0.552125 0.413720
v 1.341994 0.454533 -0.259491
v 1.401091 0.491664 -0.166278
v 1.465238 0.530644 -0.066938
v 1.535767 0.571295 0.039321
v 1.612206 0.615066 0.153852
v 1.690257 0.665840 0.277767
v 1.760830 0.729478 0.410312
v 1.358417 0.527031 -0.349929
v 1.415642 0.567186 -0.261833
v 1.473836 0.612446 -0.167065
v 1.533696 0.662450 -0.065849
v 1.595763 0.717135 0.041859
v 1.658795 0.777685 0.156417
v 1.717774 0.847050 0.277767
v 1.761224 0.929330 0.403788
v 1.095618 4.159668 -0.216687
v -0.078173 4.259181 -0.800836
v 1.045800 4.182378 -0.316820
v -0.286306 4.321241 -0.597870
v -0.149595 4.278531 -0.743004
v -0.188365 4.290181 -0.704657
v -0.218348 4.298630 -0.678387
v -0.272743 4.316487 -0.615406
v -0.277982 4.318098 -0.609997
v 1.028625 0.055103 0.162174
v 0.968423 0.041939 0.045061
v 1.060702 0.121657 0.051753
v 0.919776 0.005497 -0.079291
v 1.009804 0.096950 -0.066511
v 1.099611 0.176355 -0.056718
v 0.968061 0.053095 -0.194677
v 1.055233 0.144950 -0.177653
v 1.141704 0.225975 -0.164192
v 1.015592 0.101765 -0.308300
v 1.099428 0.194483 -0.286747
v 1.181567 0.277983 -0.268966
v 0.972306 0.058264 -0.445808
v 1.057132 0.158882 -0.416196
v 1.137076 0.252108 -0.390116
v 1.214127 0.337829 -0.367675
v 0.919488 0.025051 -0.583743
v 1.007842 0.129195 -0.547460
v 1.088965 0.227957 -0.514036
v 1.164554 0.320868 -0.483797
v 1.236133 0.407848 -0.456828
v 1.570441 0.984538 -0.057405
v 0.632889 3.960459 -0.972122
v 0.602441 3.146005 -1.151278
v 0.582763 3.376951 -1.104115
v 0.576797 3.613736 -1.106842
v 0.553369 3.850134 -1.052516
v 0.525533 4.077592 -0.985961
v 0.950035 1.108184 -0.991208
v 0.935339 1.126316 -1.009287
v 0.486186 3.485087 -1.148701
v 0.468492 3.720299 -1.121773
v 0.442290 3.950446 -1.058724
v 0.877751 1.225980 -1.073288
v 0.866665 1.231359 -1.088912
v 0.328303 4.021490 -1.046912
v 0.216235 4.062502 -1.019436
v 0.109922 4.079109 -0.981396
v 0.011276 4.080207 -0.938559
v -0.008960 4.237783 -0.854261
v -0.182800 4.226111 -0.756551
v -0.268907 4.227555 -0.698302
v -0.353795 4.223057 -0.638223
v -0.169578 4.087888 -0.841187
v -0.260155 4.099501 -0.785553
v -0.350729 4.107337 -0.728080
v -0.439751 4.107066 -0.667347
v -0.153370 3.925268 -0.919892
v -0.247214 3.943470 -0.867177
v -0.342307 3.960596 -0.813212
v -0.437382 3.972467 -0.756116
v -0.329043 3.787973 -0.891129
v -0.428777 3.808358 -0.838483
v -0.527710 3.820793 -0.780589
v -0.450485 0.153432 -0.907245
v -0.475692 0.053978 -0.817241
v -0.334408 0.170454 -0.966734
v -0.362521 0.067042 -0.880546
v 1.076722 0.954686 -0.816981
v 1.010716 1.049578 -0.897353
v 0.801709 1.353099 -1.152654
v 0.720307 1.461940 -1.222270
v -0.144583 0.064056 -0.999633
v -0.026717 0.052848 -1.056127
v 0.102336 0.049919 -1.108879
v 0.240787 0.064579 -1.147616
v 0.382882 0.104586 -1.162424
v 0.486897 0.018928 -1.085052
v 0.520326 0.172460 -1.148504
v 0.618810 0.101188 -1.056908
v 0.708576 0.052077 -0.949680
v 0.786919 0.023925 -0.832377
v 0.548306 0.344032 -1.193807
v 0.645742 0.264007 -1.108811
v 0.736028 0.202400 -1.009508
v 0.816923 0.158347 -0.900539
v 0.888462 0.127818 -0.788437
v 0.570360 0.530397 -1.220894
v 0.665885 0.442637 -1.143130
v 0.755682 0.370235 -1.052342
v 0.838252 0.311998 -0.953008
v 0.913235 0.265630 -0.849758
v 0.980047 0.230101 -0.745116
v 0.586022 0.728655 -1.229419
v 0.679121 0.633738 -1.160094
v 0.767710 0.551810 -1.078554
v 0.851020 0.481293 -0.989521
v 0.928738 0.420631 -0.896549
v 1.001601 0.367330 -0.803188
v 1.062347 0.330172 -0.702896
v 0.594324 0.935213 -1.217174
v 0.685199 0.834048 -1.159456
v 0.772197 0.743785 -1.088333
v 0.855468 0.662817 -1.010136
v 0.935125 0.589683 -0.928343
v 1.012473 0.521713 -0.846582
v 1.080975 0.466424 -0.758119
v 1.136786 0.426810 -0.662755
v 0.691219 1.039572 -1.160269
v 0.767933 0.942595 -1.079041
v 0.851546 0.853123 -1.014471
v 0.932372 0.769817 -0.944524
v 1.012606 0.690281 -0.874293
v 1.087623 0.619585 -0.798694
v 1.151888 0.562827 -0.714580
v 1.204310 0.519787 -0.624867
v -0.274737 0.000000 -0.868378
v 0.843219 0.000000 -0.717311
v 1.089432 0.000000 0.346192
v 1.135451 0.000000 0.400167
v 1.176039 0.000000 0.451539
v 1.248527 0.000000 0.540174
v 1.269444 0.000000 0.573137
v 1.037143 0.000000 0.277771
v 0.965427 0.000000 0.159734
v 0.926149 0.000000 0.041070
v 0.914681 0.000000 -0.080115
v 0.920636 0.000000 -0.205235
v 0.927400 0.000000 -0.333471
v 0.921321 0.000000 -0.463391
v 0.895693 0.000000 -0.592355
v 1.011664 0.000000 0.240509
v 0.947652 0.000000 0.113812
v 0.915411 0.000000 -0.067882
v 0.915450 0.000000 -0.093007
v 0.927433 0.000051 -0.333188
v 0.905753 0.000000 -0.547222
v 0.850462 0.000000 -0.702560
v -0.380376 0.000000 -0.804262
v -0.405931 0.000000 -0.792977
v -0.292004 0.000000 -0.859265
v -0.197175 0.000000 -0.918131
v -0.097608 0.000000 -0.978818
v 0.014835 0.000000 -1.038561
v 0.146661 0.000000 -1.088071
v 0.307669 0.000000 -1.108722
v 0.517573 0.000000 -1.054456
v -0.164568 0.000000 -0.937076
v -0.043852 0.000000 -1.008300
v 0.086192 0.000000 -1.068807
v 0.221135 0.000000 -1.104112
v 0.354957 0.000000 -1.106330
v 0.438357 0.000000 -1.085672
v 0.481375 0.000000 -1.073284
v 0.595015 0.000000 -1.007414
v 0.640083 0.000000 -0.970401
v 0.694306 0.000000 -0.918582
v 0.759866 0.000000 -0.842025
v 0.778741 0.000000 -0.814733
vn -0.7365 -0.0134 0.6763
vn -0.4893 -0.0422 0.8711
vn -0.7029 0.3432 0.6229
vn -0.2044 0.5547 0.8065
vn -0.0433 0.0535 0.9976
vn -0.0425 0.0541 0.9976
vn -0.0427 0.0535 0.9977
vn -0.4764 -0.2032 0.8554
vn -0.4343 0.1402 0.8898
vn -0.9692 0.2418 0.0457
vn -0.7790 -0.2377 0.5802
vn -0.0000 -1.0000 -0.0000
vn -0.0247 0.0663 0.9975
vn 0.1331 0.9779 -0.1610
vn -0.7170 -0.3529 0.6011
vn -0.6507 -0.2522 0.7162
vn -0.6072 0.3938 0.6902
vn -0.7829 -0.1564 0.6022
vn 0.0099 0.5915 0.8063
vn -0.7459 -0.3299 0.5787
vn -0.7927 0.1616 0.5877
vn -0.0415 0.0575 0.9975
vn -0.7577 0.1865 0.6254
vn -0.9182 0.3624 0.1597
vn -0.7380 -0.0861 0.6693
vn -0.7532 0.1934 0.6287
vn -0.0414 0.0854 0.9955
vn 0.1332 0.9779 -0.1610
vn 0.4776 0.4576 0.7500
vn -0.7458 -0.6660 0.0139
vn 0.5044 0.4476 0.7384
vn -0.8136 0.4776 0.3317
vn -0.0411 0.0986 0.9943
vn 0.1180 0.5262 0.8421
vn 0.4649 0.4524 0.7611
vn 0.3995 0.4723 0.7857
vn 0.2980 0.5147 0.8039
vn 0.1660 0.5525 0.8168
vn 0.1617 0.5591 0.8132
vn 0.5232 0.4134 0.7452
vn 0.4780 0.4564 0.7505
vn 0.4696 0.4848 0.7379
vn 0.4213 0.5002 0.7565
vn -0.0412 0.0868 0.9954
vn -0.0385 0.0886 0.9953
vn -0.9603 0.1875 0.2063
vn 0.2082 0.5982 0.7738
vn -0.7531 0.1941 0.6287
vn 0.5044 0.4463 0.7392
vn -0.0421 0.0544 0.9976
vn 0.5094 0.4383 0.7405
vn 0.4874 0.4732 0.7338
vn 0.4543 0.5102 0.7303
vn -0.7377 -0.0864 0.6696
vn -0.7459 -0.6659 0.0139
vn -0.8138 0.4776 0.3311
vn -0.8102 -0.5841 -0.0493
vn 0.6021 -0.0962 0.7926
vn 0.0149 0.5786 0.8154
vn 0.0717 0.6203 0.7811
vn -0.6520 -0.4454 0.6136
vn -0.0411 0.0910 0.9950
vn -0.0414 0.0880 0.9953
vn -0.2071 0.5593 0.8027
vn -0.7515 0.1753 0.6360
vn -0.9976 -0.0431 0.0540
vn 0.1190 -0.1505 0.9814
vn -0.7631 0.2044 0.6131
vn -0.7705 0.1920 0.6078
vn -0.7576 0.1865 0.6255
vn -0.7202 0.1905 0.6671
vn -0.3601 0.5514 0.7525
vn -0.7545 0.2403 0.6107
vn -0.7693 0.2151 0.6016
vn -0.7500 0.2178 0.6245
vn -0.7589 0.2036 0.6185
vn -0.7173 0.2087 0.6647
vn -0.7251 0.1980 0.6596
vn -0.6696 0.2033 0.7143
vn -0.0412 0.0613 0.9973
vn -0.7080 0.0363 0.7053
vn -0.6301 0.1795 0.7555
vn -0.7646 0.2558 0.5916
vn -0.7362 0.2606 0.6246
vn -0.7568 0.2276 0.6127
vn -0.7088 0.2343 0.6653
vn -0.7223 0.2156 0.6571
vn -0.6579 0.2222 0.7196
vn -0.6716 0.2060 0.7117
vn -0.6057 0.2109 0.7673
vn -0.7229 0.3045 0.6202
vn -0.7918 0.1618 0.5889
vn -0.7079 0.1662 0.6864
vn -0.7483 0.0782 0.6587
vn -0.8479 0.0785 0.5243
vn -0.7510 0.2790 0.5985
vn -0.6810 0.2911 0.6720
vn -0.7160 0.2433 0.6543
vn -0.6383 0.2519 0.7274
vn -0.6608 0.2257 0.7158
vn -0.5826 0.2314 0.7791
vn -0.6043 0.2094 0.7687
vn -0.5329 0.2130 0.8189
vn -0.6107 0.3979 0.6846
vn -0.6396 0.3559 0.6814
vn -0.7221 0.3058 0.6206
vn -0.7448 0.3004 0.5958
vn -0.7717 0.2459 0.5865
vn -0.7287 0.2532 0.6363
vn -0.8229 0.0368 0.5671
vn -0.6855 0.0344 0.7272
vn -0.5815 0.1941 0.7900
vn -0.7153 0.1849 0.6739
vn -0.6512 0.2661 0.7108
vn -0.5442 0.2739 0.7930
vn -0.5853 0.2343 0.7763
vn -0.4873 0.2383 0.8401
vn -0.5257 0.2051 0.8256
vn -0.4088 0.2077 0.8887
vn -0.2610 0.5144 0.8169
vn -0.4595 0.4569 0.7616
vn -0.6061 0.3951 0.6903
vn -0.6766 0.3795 0.6310
vn -0.6994 0.3392 0.6291
vn -0.7278 0.3327 0.5997
vn -0.7444 0.2999 0.5966
vn -0.7350 0.3020 0.6072
vn -0.7487 0.2762 0.6026
vn -0.7022 0.2844 0.6527
vn -0.7802 0.1467 0.6082
vn -0.5554 0.1611 0.8159
vn -0.6177 0.0792 0.7824
vn -0.6319 0.0786 0.7710
vn -0.4949 0.2252 0.8392
vn -0.5155 0.2246 0.8269
vn -0.4926 0.2438 0.8354
vn -0.3598 0.2444 0.9005
vn -0.4094 0.2084 0.8882
vn -0.3540 0.2085 0.9117
vn -0.1461 0.5997 0.7868
vn -0.3612 0.5512 0.7521
vn -0.4119 0.5026 0.7601
vn -0.5328 0.4853 0.6932
vn -0.5704 0.4360 0.6961
vn -0.6474 0.4200 0.6360
vn -0.6733 0.3759 0.6367
vn -0.7081 0.3676 0.6029
vn -0.7266 0.3314 0.6018
vn -0.7224 0.3324 0.6063
vn -0.7371 0.3043 0.6033
vn -0.6944 0.3125 0.6482
vn -0.7081 0.2906 0.6436
vn -0.6307 0.3010 0.7153
vn -0.6590 0.2647 0.7041
vn -0.5372 0.2741 0.7977
vn -0.6710 0.1214 0.7314
vn -0.3468 0.1349 0.9282
vn -0.3892 0.0970 0.9160
vn -0.4213 0.0958 0.9019
vn -0.3057 0.1866 0.9337
vn -0.4475 0.1850 0.8749
vn -0.3780 0.2345 0.8956
vn -0.3371 0.2340 0.9119
vn -0.7151 -0.1196 0.6887
vn 0.3615 0.1320 -0.9230
vn -0.3357 -0.8096 0.4814
vn 0.3755 0.0983 -0.9216
vn -0.3631 0.5555 0.7480
vn -0.4912 0.5378 0.6851
vn -0.5331 0.4856 0.6928
vn -0.6173 0.4677 0.6327
vn -0.6467 0.4192 0.6372
vn -0.6885 0.4087 0.5991
vn -0.7091 0.3686 0.6011
vn -0.7117 0.3680 0.5984
vn -0.7273 0.3374 0.5976
vn -0.6913 0.3451 0.6348
vn -0.7046 0.3227 0.6320
vn -0.6323 0.3339 0.6991
vn -0.6457 0.3161 0.6951
vn -0.5430 0.3253 0.7742
vn -0.5652 0.3025 0.7675
vn -0.4101 0.3071 0.8588
vn -0.4665 0.2616 0.8450
vn -0.3296 0.2616 0.9072
vn -0.4724 0.1506 0.8684
vn -0.2488 0.1570 0.9557
vn -0.3447 0.0785 0.9354
vn -0.3807 0.0759 0.9216
vn -0.2713 0.1655 0.9482
vn -0.5845 0.1502 0.7973
vn -0.3269 -0.7087 0.6252
vn -0.6650 -0.3884 0.6378
vn -0.0412 0.0549 0.9976
vn -0.0386 0.0563 0.9977
vn 0.3757 0.0893 -0.9224
vn 0.3675 0.1447 -0.9187
vn -0.4972 0.5460 0.6743
vn -0.5903 0.5248 0.6132
vn -0.9808 -0.1725 0.0915
vn -0.6701 0.4602 0.5823
vn -0.6950 0.4150 0.5871
vn -0.7057 0.4120 0.5764
vn -0.7222 0.3783 0.5790
vn -0.6954 0.3850 0.6068
vn -0.7083 0.3616 0.6063
vn -0.6450 0.3735 0.6667
vn -0.6562 0.3573 0.6646
vn -0.5446 0.3697 0.7529
vn -0.5650 0.3477 0.7483
vn -0.4068 0.3529 0.8426
vn -0.4326 0.3322 0.8382
vn -0.3392 0.3308 0.8806
vn -0.3701 0.3088 0.8762
vn -0.3332 0.3078 0.8912
vn -0.3632 0.2867 0.8865
vn -0.3690 0.2868 0.8841
vn -0.4947 0.1895 0.8481
vn -0.3688 0.1951 0.9088
vn -0.4999 0.0747 0.8628
vn -0.5003 0.0747 0.8626
vn -0.7252 0.1838 0.6636
vn -0.6783 0.1930 0.7090
vn -0.6199 0.1960 0.7598
vn -0.5556 0.1921 0.8090
vn -0.4376 0.1853 0.8799
vn -0.3838 0.1869 0.9043
vn -0.3863 0.1995 0.9006
vn -0.4604 0.2494 0.8520
vn -0.7473 0.1578 0.6455
vn -0.5947 -0.1571 0.7884
vn -0.6924 0.1808 0.6985
vn -0.7102 0.0885 0.6984
vn -0.7115 0.0212 0.7023
vn -0.7192 0.1747 0.6724
vn -0.7243 0.1680 0.6687
vn -0.6781 0.1023 0.7278
vn -0.8145 -0.1088 0.5698
vn -0.8574 -0.0325 0.5136
vn -0.7161 0.1856 0.6729
vn -0.6759 0.1307 0.7253
vn -0.7075 0.0929 0.7006
vn -0.6810 0.0572 0.7300
vn -0.7078 0.0235 0.7061
vn -0.6799 -0.0140 0.7332
vn -0.7069 -0.0504 0.7055
vn -0.6777 -0.0899 0.7299
vn -0.7032 -0.1277 0.6994
vn -0.6750 0.1882 0.7134
vn -0.6820 0.1800 0.7089
vn -0.6763 0.1718 0.7163
vn -0.7284 0.1070 0.6767
vn -0.5350 -0.1273 0.8352
vn -0.4236 -0.0125 0.9058
vn -0.6164 0.1931 0.7634
vn -0.6724 0.1337 0.7280
vn -0.6420 0.0951 0.7608
vn -0.6710 0.0619 0.7388
vn -0.6404 0.0237 0.7677
vn -0.6684 -0.0104 0.7437
vn -0.6343 -0.0524 0.7713
vn -0.6610 -0.0879 0.7452
vn -0.6244 -0.1323 0.7698
vn -0.6476 -0.1668 0.7435
vn -0.6197 0.1957 0.7601
vn -0.6303 0.1845 0.7541
vn -0.6287 0.1823 0.7559
vn -0.6385 0.1719 0.7502
vn -0.5913 0.1098 0.7990
vn -0.7478 -0.0844 0.6586
vn -0.8001 -0.0068 0.5999
vn -0.6431 0.1879 0.7424
vn -0.6009 0.1354 0.7878
vn -0.6352 0.0996 0.7659
vn -0.6041 0.0623 0.7945
vn -0.6320 0.0310 0.7743
vn -0.5956 -0.0113 0.8032
vn -0.6217 -0.0430 0.7820
vn -0.5799 -0.0903 0.8097
vn -0.6026 -0.1209 0.7889
vn -0.5569 -0.1705 0.8129
vn -0.6297 -0.2904 0.7205
vn -0.5583 0.1962 0.8061
vn -0.5750 0.1803 0.7981
vn -0.5781 0.1848 0.7948
vn -0.5918 0.1714 0.7877
vn -0.5924 0.1722 0.7871
vn -0.6475 0.1149 0.7534
vn -0.4700 -0.0926 0.8778
vn -0.3778 -0.0001 0.9259
vn -0.5509 0.1883 0.8131
vn -0.6056 0.1360 0.7841
vn -0.5748 0.0993 0.8122
vn -0.6027 0.0703 0.7948
vn -0.5679 0.0303 0.8225
vn -0.5940 0.0009 0.8044
vn -0.5531 -0.0441 0.8319
vn -0.5774 -0.0745 0.8131
vn -0.5324 -0.1220 0.8377
vn -0.5532 -0.1518 0.8191
vn -0.4029 -0.2930 0.8671
vn -0.4616 -0.3892 0.7972
vn -0.4388 0.1872 0.8789
vn -0.4601 0.1699 0.8715
vn -0.4644 0.1763 0.8679
vn -0.4831 0.1604 0.8607
vn -0.4887 0.1681 0.8561
vn -0.5061 0.1527 0.8488
vn -0.4731 0.1104 0.8741
vn -0.6407 -0.0629 0.7652
vn -0.6962 0.0067 0.7178
vn -0.5405 0.1667 0.8246
vn -0.5126 0.1337 0.8481
vn -0.5529 0.0951 0.8278
vn -0.5296 0.0687 0.8455
vn -0.5627 0.0340 0.8260
vn -0.5315 -0.0002 0.8471
vn -0.5602 -0.0337 0.8277
vn -0.5210 -0.0750 0.8502
vn -0.5445 -0.1063 0.8320
vn -0.4996 -0.1517 0.8529
vn -0.5787 -0.2832 0.7648
vn -0.4530 -0.3888 0.8022
vn -0.3434 -0.1910 0.9196
vn -0.3805 0.1808 0.9070
vn -0.4018 0.1645 0.9008
vn -0.4026 0.1658 0.9003
vn -0.4229 0.1496 0.8937
vn -0.4278 0.1568 0.8902
vn -0.4480 0.1400 0.8830
vn -0.4550 0.1496 0.8778
vn -0.5045 0.1058 0.8569
vn -0.3580 -0.0664 0.9314
vn -0.3072 -0.0154 0.9515
vn -0.4648 0.1624 0.8704
vn -0.5155 0.1168 0.8489
vn -0.4947 0.0928 0.8641
vn -0.5268 0.0609 0.8478
vn -0.5008 0.0323 0.8649
vn -0.5280 0.0024 0.8492
vn -0.4929 -0.0346 0.8694
vn -0.5156 -0.0628 0.8546
vn -0.4726 -0.1059 0.8749
vn -0.5009 -0.1475 0.8528
vn -0.3597 -0.2725 0.8924
vn -0.3763 -0.3022 0.8758
vn -0.4972 -0.1985 0.8446
vn -0.4230 -0.0473 0.9049
vn -0.3797 0.1865 0.9061
vn -0.4061 0.1666 0.8985
vn -0.4051 0.1649 0.8993
vn -0.4290 0.1461 0.8914
vn -0.4317 0.1503 0.8894
vn -0.4525 0.1332 0.8818
vn -0.4578 0.1408 0.8779
vn -0.4769 0.1243 0.8701
vn -0.4609 0.1030 0.8814
vn -0.6130 -0.0496 0.7885
vn -0.6488 -0.0064 0.7609
vn -0.5090 0.1325 0.8505
vn -0.4951 0.1156 0.8611
vn -0.5295 0.0826 0.8442
vn -0.5101 0.0602 0.8580
vn -0.5369 0.0321 0.8430
vn -0.5094 0.0019 0.8605
vn -0.5325 -0.0251 0.8461
vn -0.4965 -0.0628 0.8658
vn -0.5152 -0.0880 0.8525
vn -0.4562 -0.1462 0.8778
vn -0.5250 -0.2621 0.8097
vn -0.4662 -0.3109 0.8283
vn -0.3493 -0.0881 0.9329
vn -0.3877 -0.0469 0.9206
vn -0.4083 -0.0911 0.9083
vn -0.4391 0.2062 0.8745
vn -0.4691 0.1827 0.8641
vn -0.4634 0.1729 0.8691
vn -0.4862 0.1542 0.8601
vn -0.4845 0.1515 0.8616
vn -0.5028 0.1359 0.8537
vn -0.5041 0.1378 0.8526
vn -0.5195 0.1242 0.8454
vn -0.5223 0.1280 0.8431
vn -0.5508 0.1017 0.8284
vn -0.4234 -0.0529 0.9044
vn -0.3962 -0.0244 0.9178
vn -0.5311 0.1343 0.8366
vn -0.5622 0.1053 0.8203
vn -0.5445 0.0835 0.8346
vn -0.5704 0.0574 0.8194
vn -0.5493 0.0326 0.8350
vn -0.5721 0.0073 0.8201
vn -0.5434 -0.0249 0.8391
vn -0.5633 -0.0497 0.8247
vn -0.5274 -0.0881 0.8450
vn -0.5710 -0.1526 0.8066
vn -0.4591 -0.2569 0.8504
vn -0.4195 -0.1877 0.8881
vn -0.5125 -0.0932 0.8536
vn -0.4819 -0.0368 0.8755
vn -0.4346 -0.0921 0.8959
vn -0.4449 -0.1168 0.8879
vn -0.4965 0.2550 0.8297
vn -0.5507 0.2100 0.8079
vn -0.5400 0.1913 0.8196
vn -0.5634 0.1707 0.8083
vn -0.5580 0.1620 0.8139
vn -0.5753 0.1462 0.8047
vn -0.5731 0.1428 0.8070
vn -0.5865 0.1303 0.7994
vn -0.5865 0.1304 0.7994
vn -0.5983 0.1192 0.7924
vn -0.5877 0.1047 0.8023
vn -0.7163 -0.0364 0.6969
vn -0.7344 -0.0128 0.6786
vn -0.6098 0.1212 0.7833
vn -0.5999 0.1082 0.7927
vn -0.6280 0.0803 0.7740
vn -0.6118 0.0597 0.7887
vn -0.6346 0.0353 0.7720
vn -0.6129 0.0087 0.7901
vn -0.6340 -0.0160 0.7732
vn -0.6058 -0.0493 0.7941
vn -0.6243 -0.0737 0.7777
vn -0.5530 -0.1519 0.8192
vn -0.6063 -0.2381 0.7588
vn -0.6415 -0.2023 0.7400
vn -0.5408 -0.0316 0.8406
vn -0.5365 -0.0372 0.8431
vn -0.5528 -0.0671 0.8306
vn -0.5115 -0.1205 0.8508
vn -0.5219 -0.1464 0.8403
vn -0.6742 -0.1669 0.7194
vn -0.5063 -0.3192 0.8011
vn -0.4861 -0.4223 0.7651
vn -0.5963 -0.2689 0.7564
vn -0.4324 -0.1015 0.8960
vn -0.3539 -0.1205 0.9275
vn -0.3588 -0.1443 0.9222
vn -0.3985 -0.1695 0.9013
vn -0.7490 -0.3383 0.5697
vn -0.7623 -0.2806 0.5832
vn -0.7678 -0.2949 0.5689
vn -0.7639 -0.2019 0.6129
vn -0.7992 -0.2956 0.5233
vn -0.7421 -0.2908 0.6040
vn -0.6130 -0.4426 0.6545
vn -0.6730 -0.4299 0.6019
vn -0.8089 -0.2313 0.5405
vn -0.5767 -0.4142 0.7041
vn -0.6831 -0.3006 0.6656
vn -0.5169 -0.3174 0.7950
vn -0.6691 -0.1166 0.7340
vn -0.7543 -0.1138 0.6465
vn -0.7326 -0.1589 0.6619
vn -0.3736 -0.2803 0.8842
vn -0.5093 -0.1431 0.8486
vn -0.5785 -0.1396 0.8036
vn -0.5587 -0.1655 0.8127
vn -0.6948 -0.1577 0.7017
vn -0.6629 -0.2117 0.7182
vn -0.7554 -0.2031 0.6230
vn -0.7365 -0.2431 0.6312
vn -0.4700 -0.0985 0.8772
vn -0.4258 -0.1470 0.8928
vn -0.5087 -0.1424 0.8491
vn -0.4576 -0.2012 0.8661
vn -0.5786 -0.1951 0.7919
vn -0.5397 -0.2463 0.8050
vn -0.6768 -0.2358 0.6974
vn -0.6527 -0.2763 0.7055
vn -0.7464 -0.2642 0.6108
vn -0.7286 -0.3018 0.6149
vn -0.4413 -0.1126 0.8902
vn -0.3801 -0.1782 0.9076
vn -0.4456 -0.1742 0.8781
vn -0.3959 -0.2280 0.8895
vn -0.4732 -0.2246 0.8518
vn -0.4358 -0.2671 0.8595
vn -0.5491 -0.2616 0.7937
vn -0.5240 -0.2944 0.7992
vn -0.6565 -0.2833 0.6991
vn -0.6371 -0.3156 0.7032
vn -0.7290 -0.3027 0.6140
vn -0.7129 -0.3360 0.6155
vn -0.3711 -0.1431 0.9175
vn -0.3163 -0.1995 0.9275
vn -0.3917 -0.1947 0.8993
vn -0.3368 -0.2517 0.9073
vn -0.4093 -0.2488 0.8778
vn -0.3689 -0.2917 0.8825
vn -0.4493 -0.2891 0.8453
vn -0.4251 -0.3164 0.8480
vn -0.5338 -0.3111 0.7863
vn -0.5237 -0.3245 0.7877
vn -0.6365 -0.3145 0.7042
vn -0.6243 -0.3349 0.7058
vn -0.7072 -0.3235 0.6286
vn -0.6906 -0.3575 0.6287
vn -0.6700 -0.4089 0.6196
vn -0.3796 -0.1717 0.9091
vn -0.3277 -0.2267 0.9172
vn -0.3338 -0.2263 0.9151
vn -0.2810 -0.2793 0.9182
vn -0.3522 -0.2769 0.8940
vn -0.3056 -0.3241 0.8953
vn -0.3868 -0.3224 0.8639
vn -0.3622 -0.3484 0.8645
vn -0.4421 -0.3461 0.8275
vn -0.4341 -0.3553 0.8278
vn -0.5377 -0.3492 0.7674
vn -0.5367 -0.3506 0.7675
vn -0.6278 -0.3415 0.6994
vn -0.6209 -0.3533 0.6998
vn -0.6846 -0.3446 0.6423
vn -0.6638 -0.3859 0.6407
vn -0.6837 -0.3826 0.6214
vn -0.4301 -0.2098 0.8781
vn -0.3799 -0.2661 0.8860
vn -0.3547 -0.2682 0.8957
vn -0.3032 -0.3213 0.8971
vn -0.3044 -0.3213 0.8967
vn -0.2600 -0.3646 0.8941
vn -0.3272 -0.3643 0.8719
vn -0.2941 -0.3971 0.8694
vn -0.3880 -0.3962 0.8321
vn -0.3794 -0.4055 0.8317
vn -0.4600 -0.4023 0.7916
vn -0.4631 -0.3985 0.7917
vn -0.5590 -0.3906 0.7314
vn -0.5605 -0.3884 0.7314
vn -0.6344 -0.3790 0.6737
vn -0.6397 -0.4367 0.6325
vn -0.7381 -0.1622 0.6549
vn -0.0414 0.0819 0.9958
vn -0.6496 -0.2524 0.7172
vn -0.7125 -0.0488 0.6999
vn -0.7819 -0.1567 0.6034
vn -0.7256 -0.3752 0.5769
vn -0.3200 -0.8119 0.4882
vn 0.3759 0.0838 -0.9229
vn -0.9922 0.1248 -0.0052
vn -0.5739 0.4399 0.6908
vn -0.7883 0.0946 0.6080
vn -0.0420 0.0559 0.9976
vn -0.7650 0.2552 0.5913
vn -0.7233 0.3050 0.6195
vn -0.7696 0.2150 0.6013
vn -0.5613 0.2050 0.8018
vn -0.9807 -0.1725 0.0919
vn -0.7382 -0.1623 0.6548
vn -0.5759 0.4370 0.6909
vn 0.3863 0.1169 -0.9150
vn -0.6725 0.4589 0.5807
vn 0.4634 0.4824 0.7434
vn -0.9947 -0.0823 0.0624
vn 0.4954 0.4442 0.7465
vn 0.3343 0.5476 0.7670
vn 0.5162 0.4105 0.7517
vn -0.6229 0.4733 0.6229
vn 0.2138 0.5883 0.7799
vn 0.2136 0.5896 0.7790
vn 0.1332 0.9778 -0.1615
vn 0.1332 0.9780 -0.1608
vn -0.5831 -0.8124 0.0010
vn 0.4126 0.5238 0.7452
vn -0.6681 0.4225 0.6125
vn -0.7211 0.4094 0.5589
vn -0.4464 0.5323 0.7193
vn -0.4322 0.5613 0.7058
vn -0.6887 0.5288 0.4960
vn 0.1290 -0.1606 0.9786
vn 0.1427 -0.1310 0.9811
vn -0.6148 0.5569 0.5585
vn -0.9818 0.1889 0.0184
vn -0.9786 0.2032 0.0319
vn -0.9878 0.1559 -0.0004
vn -0.9852 0.1716 0.0001
vn -0.9997 0.0231 -0.0077
vn -0.9985 0.0490 0.0251
vn 0.3912 0.0949 -0.9154
vn 0.3954 0.1330 -0.9088
vn -0.4259 -0.9047 -0.0148
vn 0.3963 0.1341 -0.9083
vn -0.7244 0.4298 0.5390
vn -0.7352 0.0554 0.6756
vn -0.4379 0.4899 0.7539
vn -0.0342 0.0582 0.9977
vn -0.4259 0.5347 0.7299
vn -0.5903 0.4702 0.6561
vn 0.1351 -0.1624 0.9774
vn -0.9733 -0.2191 0.0690
vn -0.8574 0.4380 0.2701
vn -0.8102 0.1663 0.5621
vn -0.6077 -0.3314 0.7217
vn -0.5485 -0.5549 0.6254
vn -0.4148 0.5020 0.7589
vn -0.9646 0.1777 0.1951
vn 0.1326 -0.1597 0.9782
vn -0.9932 0.0694 -0.0937
vn 0.4617 0.4814 0.7450
vn 0.3347 0.5461 0.7679
vn 0.4940 0.4432 0.7481
vn 0.4135 0.5229 0.7454
vn -0.0397 0.0694 0.9968
vn -0.0344 0.0588 0.9977
vn -0.9996 -0.0176 0.0210
vn 0.0997 -0.1444 0.9845
vn -0.9946 0.1007 0.0260
vn -0.6226 0.4732 0.6233
vn 0.0098 0.5916 0.8062
vn -0.6926 -0.4049 0.5970
vn -0.6233 -0.4500 0.6396
vn 0.6016 -0.1145 0.7906
vn 0.5823 -0.1074 0.8059
vn -0.0416 0.0637 0.9971
vn -0.0332 0.0569 0.9978
vn 0.3661 0.1247 -0.9222
vn -0.0412 0.0928 0.9948
vn 0.2136 0.5896 0.7789
vn 0.1331 0.9780 -0.1609
vn -0.0373 0.0640 0.9973
vn 0.3749 0.1041 -0.9212
vn -0.0401 0.0946 0.9947
vn 0.3276 0.5618 0.7596
vn 0.4131 0.5228 0.7457
vn 0.3954 0.4891 0.7775
vn -0.0423 0.5497 0.8343
vn 0.1349 -0.1551 0.9786
vn 0.1229 -0.1526 0.9806
vn 0.3755 0.0944 -0.9220
vn 0.3750 0.0978 -0.9219
vn -0.0413 0.0591 0.9974
vn 0.2934 0.5265 0.7979
vn -0.6875 0.4736 0.5506
vn -0.7034 0.4692 0.5339
vn -0.7243 0.4319 0.5374
vn 0.1427 -0.1311 0.9810
vn -0.7075 0.4346 0.5573
vn -0.7201 0.4117 0.5585
vn 0.1410 -0.1329 0.9811
vn 0.1308 -0.1419 0.9812
vn 0.1363 -0.1371 0.9811
vn -0.7092 0.4621 0.5324
vn -0.6673 0.4228 0.6131
vn -0.6784 0.4057 0.6125
vn -0.7550 0.1701 0.6333
vn 0.5115 0.4172 0.7512
vn -0.7363 0.1260 0.6649
vn -0.9166 -0.3933 0.0714
vn -0.5707 0.4961 0.6544
vn -0.5899 0.4720 0.6552
vn -0.5501 0.4283 0.7169
vn -0.5735 0.3991 0.7154
vn 0.3838 0.0901 -0.9190
vn 0.3765 0.0843 -0.9226
vn 0.4154 0.1169 -0.9021
vn 0.4000 0.1003 -0.9110
vn -0.5030 0.5710 0.6488
vn -0.4382 0.4896 0.7538
vn -0.4593 0.4688 0.7545
vn -0.4137 0.4143 0.8107
vn -0.4388 0.3896 0.8097
vn 0.3826 0.1068 -0.9177
vn 0.4343 0.1193 -0.8928
vn 0.4331 0.1192 -0.8934
vn 0.3912 0.1262 -0.9116
vn 0.3827 0.1236 -0.9156
vn 0.3940 0.1309 -0.9097
vn 0.3928 0.1290 -0.9105
vn 0.3758 0.0879 -0.9225
vn -0.4103 0.5817 0.7024
vn -0.4317 0.5608 0.7065
vn -0.3683 0.4749 0.7993
vn -0.3914 0.4538 0.8005
vn -0.3456 0.3947 0.8513
vn -0.3717 0.3705 0.8512
vn 0.3759 0.0839 -0.9228
vn 0.3977 0.1359 -0.9074
vn 0.3840 0.1202 -0.9155
vn 0.3757 0.1063 -0.9206
vn 0.3953 0.1275 -0.9096
vn 0.3753 0.0986 -0.9216
vn 0.3756 0.1098 -0.9203
vn 0.3755 0.0952 -0.9219
vn 0.3754 0.1022 -0.9212
vn 0.3756 0.0920 -0.9222
vn -0.3952 0.5640 0.7251
vn -0.4249 0.5347 0.7305
vn -0.3663 0.4553 0.8115
vn -0.3925 0.4301 0.8130
vn -0.3462 0.3720 0.8612
vn -0.3684 0.3502 0.8612
vn 0.3758 0.0866 -0.9226
vn 0.3758 0.0876 -0.9225
vn 0.5615 -0.2051 -0.8016
vn 0.3759 0.0866 -0.9226
vn 0.3754 0.0964 -0.9218
vn 0.3757 0.0890 -0.9225
vn 0.3750 0.0994 -0.9217
vn 0.3757 0.0911 -0.9223
vn 0.3762 0.1144 -0.9194
vn 0.3772 0.1424 -0.9151
vn 0.3796 0.1413 -0.9143
vn 0.3680 0.1438 -0.9186
vn 0.3677 0.1444 -0.9187
vn -0.5127 0.6174 0.5967
vn -0.4466 0.5322 0.7192
vn -0.4757 0.5004 0.7234
vn -0.4153 0.4280 0.8027
vn -0.4376 0.4035 0.8035
vn -0.3893 0.3483 0.8527
vn -0.4067 0.3288 0.8523
vn 0.3692 0.1412 -0.9186
vn 0.3688 0.1420 -0.9186
vn 0.3566 0.1372 -0.9241
vn 0.3763 0.1187 -0.9189
vn 0.3681 0.1437 -0.9186
vn 0.3536 0.1412 -0.9247
vn 0.3641 0.1276 -0.9226
vn 0.3544 0.1349 -0.9253
vn 0.3726 0.1140 -0.9210
vn 0.3681 0.1219 -0.9218
vn 0.3740 0.1090 -0.9210
vn 0.3712 0.1148 -0.9215
vn 0.3697 0.1169 -0.9218
vn 0.3718 0.1183 -0.9207
vn -0.5897 -0.4514 0.6697
vn -0.5830 0.6000 0.5478
vn -0.6144 0.5580 0.5578
vn -0.5499 0.4868 0.6787
vn -0.5719 0.4564 0.6816
vn -0.5096 0.3924 0.7657
vn -0.5245 0.3720 0.7658
vn -0.4718 0.3193 0.8218
vn -0.4818 0.3057 0.8212
vn 0.3698 0.1397 -0.9186
vn 0.3683 0.1431 -0.9186
vn 0.3587 0.1350 -0.9236
vn 0.3707 0.1370 -0.9186
vn 0.3744 0.1035 -0.9215
vn 0.3697 0.1248 -0.9207
vn 0.3723 0.1176 -0.9206
vn 0.3687 0.1428 -0.9185
vn 0.3677 0.1196 -0.9222
vn 0.3710 0.1217 -0.9206
vn 0.3746 0.1069 -0.9210
vn 0.3725 0.1136 -0.9211
vn 0.3748 0.1071 -0.9209
vn 0.3748 0.1067 -0.9209
vn -0.4467 -0.5749 0.6855
vn -0.7356 0.5770 0.3549
vn -0.6883 0.5294 0.4959
vn -0.7107 0.4903 0.5045
vn -0.6508 0.4338 0.6231
vn -0.6650 0.4082 0.6254
vn -0.6040 0.3531 0.7145
vn -0.6127 0.3378 0.7145
vn -0.5584 0.2893 0.7775
vn -0.6205 0.1722 0.7651
vn -0.6488 0.1646 0.7430
vn -0.7668 0.1997 0.6100
vn -0.8428 0.2419 0.4809
vn -0.8852 0.2598 0.3858
vn -0.9432 0.2361 0.2338
vn -0.9694 0.2186 0.1114
vn -0.9786 0.2031 0.0318
vn -0.9819 0.1896 0.0021
vn -0.4044 -0.8748 0.2670
vn -0.4621 -0.8868 0.0019
vn -0.6209 0.1825 0.7623
vn -0.6255 0.2200 0.7486
vn -0.7311 0.2278 0.6431
vn -0.7294 0.2166 0.6489
vn -0.6480 0.2061 0.7332
vn -0.6426 0.1799 0.7448
vn -0.8322 0.2527 0.4935
vn -0.8265 0.2123 0.5213
vn -0.7477 0.2023 0.6324
vn -0.7423 0.1791 0.6457
vn -0.6585 0.1692 0.7333
vn -0.6541 0.1547 0.7405
vn -0.9062 0.2310 0.3542
vn -0.9038 0.2065 0.3749
vn -0.8400 0.1982 0.5050
vn -0.8358 0.1786 0.5192
vn -0.7545 0.1688 0.6342
vn -0.7501 0.1549 0.6429
vn -0.6664 0.1457 0.7312
vn -0.6634 0.1381 0.7354
vn -0.9531 0.2154 0.2124
vn -0.9530 0.1988 0.2287
vn -0.9129 0.1928 0.3597
vn -0.9107 0.1775 0.3731
vn -0.8445 0.1689 0.5081
vn -0.8411 0.1564 0.5178
vn -0.7591 0.1468 0.6342
vn -0.7560 0.1387 0.6398
vn -0.6736 0.1300 0.7275
vn -0.6719 0.1262 0.7299
vn -0.9750 0.2012 0.0943
vn -0.9760 0.1898 0.1065
vn -0.9587 0.1859 0.2151
vn -0.9583 0.1746 0.2263
vn -0.9166 0.1682 0.3627
vn -0.9146 0.1576 0.3723
vn -0.8475 0.1489 0.5095
vn -0.8447 0.1404 0.5164
vn -0.7636 0.1313 0.6322
vn -0.7610 0.1255 0.6364
vn -0.6818 0.1176 0.7220
vn -0.5804 -0.0412 0.8133
vn -0.9818 0.1893 0.0184
vn -0.9832 0.1806 0.0275
vn -0.9794 0.1783 0.0947
vn -0.9800 0.1700 0.1036
vn -0.9621 0.1656 0.2166
vn -0.9616 0.1568 0.2255
vn -0.9193 0.1500 0.3640
vn -0.9174 0.1413 0.3722
vn -0.8508 0.1328 0.5084
vn -0.7952 0.0098 0.6063
vn -0.8535 0.0144 0.5210
vn -0.8402 -0.0115 0.5422
vn -0.5649 -0.0253 0.8247
vn -0.6754 0.1272 0.7264
vn -0.9838 0.1792 -0.0083
vn -0.9852 0.1716 -0.0000
vn -0.9851 0.1708 0.0176
vn -0.9862 0.1638 0.0253
vn -0.9824 0.1612 0.0944
vn -0.9828 0.1531 0.1029
vn -0.9649 0.1486 0.2166
vn -0.9479 0.0487 0.3149
vn -0.9608 0.0508 0.2726
vn -0.9512 0.0134 0.3082
vn -0.8032 -0.0012 0.5958
vn -0.8598 0.1118 0.4983
vn -0.7516 0.1009 0.6519
vn -0.7575 0.1109 0.6434
vn -0.6971 0.1054 0.7092
vn -0.6820 0.0843 0.7265
vn -0.4619 -0.8831 0.0825
vn -0.6256 -0.3946 0.6730
vn -0.9865 0.1634 -0.0086
vn -0.9878 0.1552 0.0163
vn -0.9916 0.0635 0.1129
vn -0.9976 0.0683 0.0124
vn -0.9983 0.0354 0.0458
vn -0.9574 0.0236 0.2878
vn -0.9737 0.1120 0.1986
vn -0.9090 0.1021 0.4042
vn -0.9142 0.1191 0.3873
vn -0.8591 0.1127 0.4992
vn -0.8480 0.0884 0.5226
vn -0.7808 0.0824 0.6194
vn -0.7681 0.0625 0.6373
vn -0.7042 0.0580 0.7077
vn -0.6881 0.0381 0.7246
vn -0.4246 -0.9019 -0.0795
vn -0.9922 0.0580 0.1101
vn -0.9932 0.0692 -0.0936
vn -0.9966 0.0454 -0.0688
vn -0.9957 0.0376 0.0847
vn -0.9928 0.1195 -0.0012
vn -0.9845 0.1141 0.1329
vn -0.9847 0.1263 0.1201
vn -0.9699 0.1227 0.2104
vn -0.9663 0.0954 0.2389
vn -0.9295 0.0901 0.3575
vn -0.9220 0.0667 0.3813
vn -0.8652 0.0612 0.4977
vn -0.8536 0.0389 0.5195
vn -0.7876 0.0343 0.6153
vn -0.7716 0.0119 0.6360
vn -0.7087 0.0089 0.7054
vn -0.6878 -0.0144 0.7258
vn -0.9955 0.0372 0.0870
vn -0.9922 0.1235 0.0194
vn -0.9916 0.1285 0.0140
vn -0.9916 0.1287 0.0093
vn -0.9942 0.1008 0.0383
vn -0.9911 0.0989 0.0896
vn -0.9905 0.0726 0.1165
vn -0.9751 0.0689 0.2106
vn -0.9705 0.0426 0.2375
vn -0.9348 0.0380 0.3531
vn -0.9252 0.0120 0.3794
vn -0.8701 0.0077 0.4929
vn -0.8552 -0.0179 0.5179
vn -0.7901 -0.0209 0.6126
vn -0.7700 -0.0463 0.6363
vn -0.7065 -0.0477 0.7061
vn -0.6807 -0.0736 0.7288
vn -0.9918 0.1275 -0.0019
vn -0.9946 0.1007 0.0261
vn -0.9946 0.1028 -0.0160
vn -0.9970 0.0763 0.0109
vn -0.9970 0.0763 0.0103
vn -0.9981 0.0477 0.0387
vn -0.9951 0.0458 0.0871
vn -0.9930 0.0157 0.1167
vn -0.9784 0.0124 0.2062
vn -0.9716 -0.0179 0.2361
vn -0.9372 -0.0217 0.3481
vn -0.9247 -0.0511 0.3771
vn -0.8704 -0.0541 0.4893
vn -0.8444 -0.0938 0.5275
vn -0.7908 -0.0946 0.6047
vn -0.7080 -0.1820 0.6824
vn -0.7223 -0.1825 0.6671
vn -0.6516 -0.2410 0.7193
vn -0.9971 0.0766 -0.0026
vn -0.9985 0.0510 -0.0185
vn -0.9997 0.0200 0.0115
vn -0.9998 0.0201 0.0076
vn -0.9991 -0.0135 0.0391
vn -0.9964 -0.0151 0.0834
vn -0.9921 -0.0497 0.1155
vn -0.9781 -0.0526 0.2016
vn -0.9533 -0.1292 0.2729
vn -0.9428 -0.1302 0.3069
vn -0.9038 -0.2033 0.3766
vn -0.8728 -0.2040 0.4433
vn -0.8889 -0.1812 0.4208
vn -0.7066 -0.1776 0.6850
vn -0.7932 -0.0855 0.6029
vn -0.6051 -0.0831 0.7918
vn -0.6598 -0.0316 0.7507
vn -0.9982 0.0204 0.0573
vn -0.9997 0.0219 -0.0067
vn -0.9996 -0.0106 0.0245
vn -0.9997 -0.0089 -0.0216
vn -0.9989 -0.0449 0.0111
vn -0.9990 -0.0447 0.0047
vn -0.9900 -0.1214 0.0718
vn -0.9919 -0.1203 0.0415
vn -0.9750 -0.1949 0.1066
vn -0.9583 -0.1984 0.2055
vn -0.9895 -0.0928 0.1110
vn -0.8821 -0.0993 0.4606
vn -0.9291 0.0022 0.3699
vn -0.8445 -0.0002 0.5355
vn -0.8428 -0.0031 0.5382
vn -0.7698 -0.0042 0.6383
vn -0.7424 -0.0391 0.6688
vn -0.6617 -0.0387 0.7488
vn -0.6311 -0.0689 0.7726
vn -0.9997 -0.0097 0.0225
vn -0.9976 -0.0431 0.0539
vn -0.9991 -0.0411 -0.0103
vn -0.9942 -0.0988 0.0415
vn -0.9943 -0.0962 -0.0461
vn -0.9831 -0.1814 0.0264
vn -0.9835 -0.1807 0.0070
vn -0.9938 -0.0870 -0.0687
vn -0.9736 -0.0942 0.2080
vn -0.9929 0.0203 0.1170
vn -0.9785 0.0193 0.2052
vn -0.9710 -0.0208 0.2382
vn -0.9349 -0.0219 0.3542
vn -0.9201 -0.0609 0.3869
vn -0.8575 -0.0609 0.5109
vn -0.8356 -0.0969 0.5407
vn -0.7536 -0.0948 0.6505
vn -0.7257 -0.1277 0.6760
vn -0.6378 -0.1234 0.7602
vn -0.6067 -0.1522 0.7802
vn -0.5226 -0.2591 0.8122
vn -0.5614 -0.3652 0.7426
vn -0.5974 -0.4916 0.6336
vn -0.6148 -0.6259 0.4799
vn -0.5968 -0.7454 0.2970
vn -0.5410 -0.8318 0.1241
vn -0.3790 -0.9241 -0.0489
vn -0.5065 -0.2933 0.8108
vn -0.4195 -0.3250 0.8476
vn -0.5396 -0.4072 0.7369
vn -0.4465 -0.4410 0.7786
vn -0.3977 -0.3615 0.8433
vn -0.3346 -0.3778 0.8633
vn -0.5658 -0.5433 0.6203
vn -0.4734 -0.5773 0.6653
vn -0.4200 -0.4807 0.7697
vn -0.3443 -0.4988 0.7954
vn -0.3048 -0.4195 0.8550
vn -0.2881 -0.4223 0.8594
vn -0.5680 -0.6857 0.4552
vn -0.4845 -0.7177 0.5002
vn -0.4381 -0.6220 0.6490
vn -0.3617 -0.6393 0.6785
vn -0.3150 -0.5352 0.7838
vn -0.2938 -0.5383 0.7899
vn -0.2589 -0.4584 0.8502
vn -0.3202 -0.4512 0.8330
vn -0.5320 -0.8055 0.2612
vn -0.4648 -0.8328 0.3007
vn -0.4367 -0.7645 0.4742
vn -0.3739 -0.7792 0.5030
vn -0.3305 -0.6718 0.6629
vn -0.3074 -0.6748 0.6709
vn -0.2656 -0.5692 0.7781
vn -0.3220 -0.5636 0.7607
vn -0.2891 -0.4880 0.8236
vn -0.4146 -0.4742 0.7767
vn -0.4140 -0.9033 0.1123
vn -0.3632 -0.8857 0.2890
vn -0.2796 -0.7003 0.6568
vn -0.3434 -0.6938 0.6330
vn -0.3004 -0.5862 0.7524
vn -0.4536 -0.5668 0.6877
vn -0.4108 -0.4789 0.7758
vn -0.4993 -0.4667 0.7300
vn -0.2968 -0.8283 0.4752
vn -0.3671 -0.8180 0.4427
vn -0.4934 -0.6797 0.5427
vn -0.5024 -0.4625 0.7306
vn -0.5921 -0.4477 0.6701
vn -0.5515 -0.5509 0.6263
vn -0.6285 -0.5315 0.5679
vn -0.6485 -0.4408 0.6206
vn -0.6329 -0.4780 0.6091
vn -0.6087 -0.3344 0.7195
vn -0.2065 0.5592 0.8029
vn -0.8096 -0.5829 0.0692
vn -0.9996 -0.0176 0.0211
vn -0.6486 0.1620 0.7436
vn -0.6800 0.3156 0.6618
vn -0.7312 0.3816 0.5654
vn -0.7726 0.4579 0.4398
vn -0.7909 0.5385 0.2908
vn -0.7882 0.0946 0.6081
vn -0.6839 0.1751 0.7082
vn -0.7600 0.1375 0.6352
vn -0.7372 0.3403 0.5837
vn -0.7873 0.3146 0.5302
vn -0.7789 0.1442 0.6104
vn -0.8241 0.1127 0.5551
vn -0.7850 0.4061 0.4678
vn -0.8323 0.3746 0.4085
vn -0.8367 0.3354 0.4329
vn -0.9075 0.2719 0.3201
vn -0.9031 0.1418 0.4054
vn -0.8746 0.1714 0.4536
vn -0.8571 0.4390 0.2695
vn -0.8686 0.3909 0.3046
vn -0.9020 0.3542 0.2469
vn -0.9103 0.2732 0.3109
vn -0.9640 0.1897 0.1862
vn -0.9629 0.2112 0.1681
vn -0.9429 0.2480 0.2224
vn -0.8766 0.4473 0.1773
vn -0.9061 0.4054 0.1207
vn -0.9457 0.3117 0.0920
vn -0.9643 0.1789 0.1952
vn -0.9593 0.2581 0.1147
vn -0.9669 0.2388 0.0899
vn -0.9806 0.1946 -0.0226
vn -0.9681 0.2474 0.0394
vn -0.9761 0.2168 0.0167
vn 0.1334 0.9779 -0.1613
vn -0.0401 0.0555 0.9977
vn -0.6056 -0.2191 0.7650
vn -0.7297 -0.1953 0.6553
vn -0.8430 -0.1615 0.5131
vn -0.9278 -0.1195 0.3533
vn -0.9771 -0.0735 0.1999
vn -0.9967 -0.0263 0.0768
vn -0.9998 0.0016 0.0179
vn -0.9885 -0.1181 0.0947
vn -0.9851 -0.1683 -0.0354
vn -0.9968 -0.0781 0.0151
vn -0.6572 -0.2434 0.7133
vn -0.6485 -0.3210 0.6902
vn -0.7840 -0.2186 0.5811
vn -0.7799 -0.2981 0.5504
vn -0.7068 -0.3525 0.6133
vn -0.6853 -0.4440 0.5773
vn -0.8886 -0.1801 0.4217
vn -0.8873 -0.2570 0.3829
vn -0.8302 -0.3231 0.4544
vn -0.8117 -0.4169 0.4091
vn -0.7397 -0.4774 0.4743
vn -0.6988 -0.5768 0.4229
vn -0.9565 -0.1317 0.2601
vn -0.9555 -0.2015 0.2157
vn -0.9189 -0.2724 0.2852
vn -0.9025 -0.3627 0.2323
vn -0.8469 -0.4369 0.3030
vn -0.8069 -0.5381 0.2436
vn -0.7369 -0.6023 0.3069
vn -0.6728 -0.6984 0.2440
vn -0.9887 -0.0795 0.1268
vn -0.9868 -0.1404 0.0805
vn -0.9679 -0.2084 0.1407
vn -0.9530 -0.2913 0.0838
vn -0.9164 -0.3708 0.1507
vn -0.8792 -0.4685 0.0865
vn -0.8226 -0.5476 0.1531
vn -0.7585 -0.6460 0.0855
vn -0.6902 -0.7092 0.1437
vn -0.6066 -0.7911 0.0785
vn -0.9987 -0.0278 0.0435
vn -0.9967 -0.0814 -0.0029
vn -0.9887 -0.1421 0.0469
vn -0.9765 -0.2155 -0.0099
vn -0.9549 -0.2929 0.0496
vn -0.9230 -0.3846 -0.0160
vn -0.8814 -0.4700 0.0479
vn -0.8222 -0.5688 -0.0221
vn -0.7613 -0.6472 0.0398
vn -0.6772 -0.7352 -0.0284
vn -0.6103 -0.7918 0.0241
vn -0.5170 -0.8553 -0.0356
vn -1.0000 0.0013 -0.0056
vn -0.9992 -0.0261 -0.0318
vn -0.9966 -0.0811 0.0119
vn -0.9887 -0.1438 -0.0411
vn -0.9765 -0.2151 0.0120
vn -0.9528 -0.2992 -0.0521
vn -0.9231 -0.3844 0.0085
vn -0.8739 -0.4822 -0.0621
vn -0.8223 -0.5690 0.0009
vn -0.7441 -0.6643 -0.0702
vn -0.6772 -0.7357 -0.0115
vn -0.5815 -0.8100 -0.0757
vn -0.5169 -0.8556 -0.0285
vn -0.9901 -0.1147 -0.0806
vn -0.9997 -0.0175 0.0188
vn -0.9993 -0.0267 0.0262
vn -0.9966 -0.0799 -0.0217
vn -0.9892 -0.1440 0.0267
vn -0.9755 -0.2177 -0.0318
vn -0.9537 -0.2994 0.0267
vn -0.9186 -0.3931 -0.0412
vn -0.8753 -0.4830 0.0225
vn -0.6548 -0.7538 -0.0544
vn -0.4859 -0.8722 -0.0562
vn -0.9822 -0.1429 0.1222
vn -0.9996 -0.0226 0.0163
vn -0.9897 -0.1427 0.0129
vn -0.9527 -0.3039 0.0077
vn -0.8692 -0.4945 0.0033
vn -0.4132 0.5042 0.7583
vn -0.0429 0.0538 0.9976
vn -0.8105 0.1682 0.5611
vn -0.9693 0.2418 0.0454
vn 0.6018 -0.1146 0.7904
vn -0.0430 0.5495 0.8344
vn -0.7804 -0.2373 0.5785
vn 0.2932 0.5250 0.7990
vn 0.3941 0.4880 0.7788
vn 0.1289 -0.1569 0.9792
vn 0.5115 0.4173 0.7511
vn -0.0402 0.5436 0.8384
vn -0.7550 0.1701 0.6332
vn -0.0362 0.0617 0.9974
vn -0.7367 -0.0133 0.6761
vn -0.0427 0.0544 0.9976
vn -0.0422 0.0661 0.9969
vn -0.0451 0.0716 0.9964
vn -0.0437 0.0693 0.9966
vn -0.0413 0.0809 0.9959
vn -0.0458 0.0726 0.9963
vn -0.2059 0.5535 0.8070
vn -0.7028 0.3407 0.6245
vn -0.0411 0.0959 0.9945
vn -0.0412 0.0974 0.9944
vn -0.0410 0.0970 0.9944
vn -0.0405 0.0896 0.9952
vn -0.0406 0.0821 0.9958
vn -0.0414 0.0882 0.9952
vn -0.0412 0.0973 0.9944
vn -0.0410 0.0791 0.9960
vn -0.0409 0.0757 0.9963
vn -0.0415 0.0937 0.9947
vn -0.0230 0.0661 0.9976
vn -0.7364 0.1259 0.6647
vn 0.1659 0.5527 0.8167
vn -0.7352 0.0554 0.6755
vn -0.4907 0.5384 0.6851
vn 0.3743 0.1028 -0.9216
vn -0.3792 -0.9245 -0.0390
vn -0.7447 -0.0824 0.6623
vn -0.7333 -0.3952 0.5532
vn -0.7141 -0.1220 0.6893
vn -0.6480 -0.4353 0.6249
vn -0.4871 -0.8732 -0.0174
vn -0.9717 0.1132 -0.2074
vn -0.8847 0.1856 -0.4277
vn 0.6764 0.4842 0.5551
vn -0.9758 0.1434 -0.1650
vn -0.9997 -0.0186 0.0161
vn -0.5091 -0.4965 -0.7031
vn -0.2903 0.0434 -0.9560
vn -0.9410 0.3257 0.0919
vn -0.8692 -0.1443 -0.4730
vn 0.6481 0.0550 -0.7595
vn 0.5061 0.4501 0.7357
vn 0.1332 0.9779 -0.1611
vn -0.5079 0.6270 0.5906
vn 0.6479 0.0549 -0.7597
vn 0.3272 0.5641 0.7581
vn -0.6871 0.4762 0.5487
vn 0.6027 -0.0848 0.7935
vn -0.4989 0.5806 0.6435
vn -0.4834 0.8752 0.0208
vn 0.6555 0.4939 0.5714
vn -0.3759 -0.0838 0.9229
vn 0.6836 0.4562 0.5698
vn -0.9640 0.2631 0.0393
vn -0.5355 0.6312 -0.5611
vn 0.1331 0.9779 -0.1611
vn -0.9977 0.0357 0.0574
vn -0.3004 -0.4797 -0.8244
vn 0.5830 0.4738 0.6600
vn 0.1332 0.9779 -0.1614
vn 0.1332 0.9779 -0.1612
vn -0.9926 0.1185 0.0267
vn -0.9327 0.1150 -0.3419
vn -0.3759 -0.0838 0.9228
vn -0.8076 0.2616 -0.5286
vn -0.5872 0.2691 -0.7634
vn -0.2903 0.0434 -0.9559
vn -0.9997 0.0043 0.0224
vn 0.4115 0.5283 0.7427
vn 0.3334 0.5509 0.7651
vn 0.5128 0.4233 0.7469
vn 0.4925 0.4546 0.7421
vn 0.4611 0.4894 0.7401
vn 0.4118 0.5285 0.7424
vn -0.9602 0.2006 0.1943
vn -0.9012 0.4165 0.1201
vn -0.9997 0.0042 0.0224
vn -0.8708 0.4590 0.1760
vn -0.9993 0.0359 -0.0072
vn 0.5402 0.4558 0.7074
vn 0.5288 0.4596 0.7135
vn 0.5216 0.4876 0.7002
vn 0.5090 0.4919 0.7064
vn 0.5006 0.5202 0.6919
vn 0.4796 0.5275 0.7012
vn -0.8508 0.4521 0.2678
vn -0.9779 0.2078 -0.0229
vn -0.5541 0.5712 -0.6056
vn -0.9895 0.1444 -0.0020
vn 0.5289 0.4596 0.7135
vn -0.9835 0.1808 -0.0085
vn 0.1334 0.9781 -0.1597
vn 0.1333 0.9779 -0.1610
vn -0.2303 -0.7310 -0.6424
vn 0.1330 0.9779 -0.1611
vn -0.5386 0.8307 0.1410
vn 0.6481 0.0550 -0.7596
vn -0.5052 0.2388 -0.8293
vn -0.8992 -0.0218 -0.4371
vn 0.6484 0.0550 -0.7593
vn -0.9957 0.0924 -0.0029
vn -0.9905 0.0826 0.1100
vn -0.9922 0.0827 -0.0935
vn -0.6822 0.5415 0.4912
vn -0.9806 0.1961 -0.0083
vn -0.4426 0.5454 0.7118
vn -0.9819 0.1892 -0.0001
vn -0.9848 0.1738 -0.0004
vn -0.9782 0.2069 0.0183
vn -0.9784 0.2067 0.0019
vn -0.3915 0.5753 0.7181
vn 0.1334 0.9779 -0.1612
vn -0.5670 0.5060 0.6500
vn -0.9898 0.1420 -0.0047
vn -0.9072 -0.0112 -0.4206
vn -0.8459 0.2370 -0.4778
vn -0.5129 0.8488 -0.1285
vn 0.1329 0.9779 -0.1613
vn 0.1333 0.9779 -0.1611
vn 0.7425 0.5096 0.4347
vn 0.5962 0.4692 0.6515
vn -0.2904 0.0436 -0.9559
vn -0.2904 0.0433 -0.9559
vn 0.7311 0.5430 0.4131
vn 0.7134 0.5538 0.4294
vn 0.6442 0.5264 0.5549
vn 0.6333 0.5311 0.5630
vn 0.5716 0.5048 0.6469
vn 0.5659 0.5066 0.6504
vn -0.6650 0.4328 0.6087
vn 0.5507 0.5399 0.6366
vn -0.4279 0.5721 0.6997
vn -0.4069 0.5913 0.6963
vn 0.6897 0.5953 0.4122
vn -0.4348 0.5024 0.7474
vn 0.6152 0.5678 0.5470
vn -0.7173 0.4194 0.5564
vn 0.5477 0.5408 0.6384
vn 0.6179 0.5667 0.5450
vn -0.5860 0.4826 0.6509
vn 0.6974 0.5909 0.4055
vn -0.7227 0.4360 0.5363
vn -0.7053 0.4410 0.5551
vn -0.7023 0.4720 0.5329
vn 0.4526 0.5156 0.7276
vn 0.5061 0.4502 0.7357
vn 0.4849 0.4817 0.7300
vn 0.5282 0.5760 0.6239
vn 0.5207 0.5781 0.6282
vn -0.2914 0.0434 -0.9556
vn -0.7060 0.4713 0.5286
vn -0.9944 0.0607 0.0869
vn 0.6027 -0.0848 0.7934
vn -0.9748 0.2210 0.0315
vn -0.9723 0.2333 0.0169
vn -0.7851 0.5480 0.2887
vn -0.7295 0.5866 0.3518
vn -0.9980 -0.0294 0.0556
vn -0.9976 -0.0672 0.0150
vn -0.6718 0.4613 0.5796
vn -0.5777 0.6097 0.5427
vn 0.4020 0.5533 0.7296
vn 0.3411 0.5709 0.7468
vn -0.4210 0.5479 0.7229
vn -0.6087 0.5692 0.5527
vn 0.2134 0.5907 0.7782
vn 0.4327 0.5678 0.7002
vn 0.4702 0.5552 0.6861
vn -0.9897 -0.1425 0.0128
vn -0.7310 0.4995 0.4649
vn -0.4714 -0.8761 -0.1015
vn -0.7646 0.5404 0.3512
vn -0.7252 0.5018 0.4714
vn -0.7404 0.4738 0.4768
vn -0.3851 -0.8876 -0.2529
vn -0.7592 0.6027 0.2457
vn -0.7220 0.5638 0.4011
vn -0.7395 0.5337 0.4103
vn -0.6947 0.4904 0.5262
vn -0.6937 0.7095 0.1245
vn -0.6566 0.6657 0.3545
vn -0.6679 0.6510 0.3607
vn -0.6072 0.5840 0.5388
vn -0.6223 0.5644 0.5424
vn -0.6171 0.7860 -0.0363
vn -0.6043 0.7698 0.2055
vn -0.6087 0.7656 0.2084
vn -0.5535 0.6957 0.4579
vn -0.5616 0.6871 0.4610
vn -0.4865 0.5932 0.6414
vn -0.5498 0.8278 -0.1112
vn -0.5504 0.8287 -0.1014
vn -0.5153 0.8561 0.0406
vn -0.5256 0.8494 0.0473
vn -0.5002 0.8148 0.2929
vn -0.5190 0.7993 0.3030
vn -0.4580 0.7117 0.5326
vn -0.4793 0.6921 0.5397
vn -0.5429 0.8251 0.1567
vn -0.5481 0.8338 0.0665
vn -0.4825 0.8735 -0.0644
vn -0.4064 0.9065 -0.1144
vn -0.4078 0.9111 -0.0595
vn -0.4313 0.9011 -0.0449
vn -0.4262 0.8970 0.1174
vn -0.4672 0.8727 0.1419
vn -0.4361 0.8245 0.3605
vn -0.4796 0.7901 0.3817
vn -0.4208 0.7015 0.5751
vn -0.4578 0.6680 0.5867
vn -0.5105 0.8266 0.2370
vn -0.5167 0.8377 0.1768
vn -0.4580 0.8780 0.1394
vn -0.4615 0.8864 0.0365
vn -0.3700 0.9288 -0.0217
vn -0.3686 0.9252 -0.0900
vn -0.3976 0.9147 -0.0723
vn -0.3981 0.9171 -0.0225
vn -0.4551 0.8904 0.0125
vn -0.4475 0.8806 0.1558
vn -0.5094 0.8387 0.1924
vn -0.4769 0.7909 0.3835
vn -0.5281 0.7447 0.4081
vn -0.4702 0.6659 0.5792
vn -0.5061 0.8264 0.2469
vn -0.5070 0.8280 0.2397
vn -0.4598 0.8624 0.2115
vn -0.4652 0.8750 0.1341
vn -0.3947 0.9143 0.0904
vn -0.3949 0.9179 -0.0386
vn -0.4091 0.9120 -0.0298
vn -0.4080 0.9095 -0.0795
vn -0.4774 0.8779 -0.0359
vn -0.4775 0.8786 -0.0040
vn -0.5557 0.8301 0.0467
vn -0.5483 0.8205 0.1621
vn -0.6146 0.7619 0.2042
vn -0.5846 0.7247 0.3648
vn -0.6317 0.6705 0.3892
vn -0.5281 0.8283 0.1870
vn -0.5235 0.8194 0.2336
vn -0.4904 0.8450 0.2133
vn -0.4926 0.8499 0.1872
vn -0.4548 0.8754 0.1638
vn -0.4589 0.8874 0.0437
vn -0.4499 0.8923 0.0380
vn -0.4488 0.8917 -0.0588
vn -0.5194 0.8545 -0.0127
vn -0.5182 0.8526 -0.0676
vn -0.6002 0.7997 -0.0110
vn -0.6002 0.7998 0.0085
vn -0.6737 0.7364 0.0622
vn -0.6671 0.7286 0.1553
vn -0.7207 0.6654 0.1944
vn -0.6951 0.6384 0.3307
vn -0.9805 0.1961 0.0155
vn -0.9809 0.1875 0.0508
vn -0.9805 0.1794 0.0801
vn -0.9817 0.1710 0.0832
vn -0.9856 0.0703 0.1536
vn -0.9911 0.0588 -0.1197
vn -0.9837 0.1524 -0.0955
vn -0.9821 0.1883 0.0076
vn -0.9834 0.1808 0.0164
vn -0.9826 0.1808 0.0436
vn -0.9836 0.1721 0.0535
vn -0.9849 0.1729 0.0081
vn -0.9826 0.1716 0.0713
vn -0.9816 0.0753 0.1753
vn -0.9957 0.0789 -0.0483
vn -0.9977 0.0614 -0.0285
vn -0.9968 0.0750 -0.0267
vn -0.9981 0.0604 -0.0100
vn -0.9860 0.0575 0.1565
vn -0.9877 0.1435 0.0623
vn -0.9876 0.1434 0.0640
vn -0.9893 0.0535 0.1355
vn -0.9889 0.1445 0.0348
vn -0.9862 0.1420 0.0856
vn -0.9863 0.1387 0.0892
vn -0.9884 0.1400 0.0581
vn -0.9897 0.1149 0.0855
vn -0.9927 0.1162 0.0327
vn -0.9940 0.0919 0.0591
vn -0.9890 0.1478 -0.0086
vn -0.9903 0.1388 0.0017
vn -0.9902 0.1375 0.0262
vn -0.9922 0.1120 0.0543
vn -0.9921 0.1119 0.0574
vn -0.9926 0.0882 0.0830
vn -0.9945 0.0889 0.0554
vn -0.9946 0.0635 0.0824
vn -0.9976 0.0643 0.0276
vn -0.9838 0.1410 -0.1110
vn -0.9902 0.1143 -0.0799
vn -0.9931 0.1124 -0.0321
vn -0.9961 0.0877 -0.0046
vn -0.9959 0.0868 0.0238
vn -0.9968 0.0614 0.0512
vn -0.9968 0.0614 0.0518
vn -0.9962 0.0340 0.0806
vn -0.9982 0.0343 0.0495
vn -0.9968 0.0042 0.0803
vn -0.9075 -0.0131 -0.4198
vn -0.7962 -0.3158 -0.5161
vn -0.5129 0.8487 -0.1287
vn 0.5506 0.5399 0.6366
vn 0.7133 0.5538 0.4294
vn 0.6897 0.5954 0.4122
vn -0.4068 0.5913 0.6963
vn 0.5477 0.5409 0.6384
vn 0.4525 0.5156 0.7275
vn 0.6026 -0.0847 0.7935
vn 0.5988 -0.0813 0.7968
vn 0.6025 -0.0840 0.7937
vn 0.6025 -0.0848 0.7936
vn -0.9976 -0.0671 0.0150
vn -0.5166 0.8377 0.1768
vn -0.9835 -0.1331 0.1222
vn -0.6376 0.7400 -0.2140
vn -0.5881 0.8086 -0.0175
vn -0.7134 -0.3822 -0.5873
vn -0.2768 -0.6491 -0.7086
vn 0.6482 0.0550 -0.7595
vn -0.6566 0.6658 0.3545
vn -0.5070 0.8279 0.2397
vn -0.5153 0.8561 0.0404
vn -0.6176 0.7032 -0.3521
vn -0.6031 0.7932 0.0846
vn -0.8096 -0.5829 0.0693
vn -0.5686 0.7281 -0.3828
vn 0.1331 0.9780 -0.1607
vn -0.7706 0.6225 0.1364
vn -0.7215 0.6923 0.0111
vn -0.6500 0.7577 -0.0578
vn -0.5734 0.8172 -0.0583
vn -0.5069 0.8620 -0.0069
vn -0.5259 0.8436 0.1084
vn -0.5408 0.8230 0.1736
vn -0.5685 0.8082 0.1537
vn -0.8075 0.4903 0.3279
vn -0.8085 0.5572 0.1892
vn -0.8489 0.5124 0.1299
vn -0.9129 0.3766 0.1577
vn -0.9563 0.2089 0.2046
vn -0.7777 0.6244 0.0735
vn -0.8184 0.5745 0.0168
vn -0.8546 0.5139 0.0742
vn -0.8846 0.4659 0.0191
vn -0.9060 0.4178 0.0675
vn -0.9263 0.3762 0.0194
vn -0.9425 0.3261 0.0726
vn -0.9735 0.2249 -0.0411
vn -0.9650 0.2585 0.0447
vn -0.7216 0.6922 0.0067
vn -0.7667 0.6401 -0.0482
vn -0.8184 0.5745 0.0161
vn -0.8520 0.5221 -0.0390
vn -0.8847 0.4659 0.0183
vn -0.9070 0.4199 -0.0311
vn -0.9264 0.3762 0.0161
vn -0.9449 0.3251 -0.0392
vn -0.9720 0.2238 0.0720
vn -0.9759 0.2104 0.0579
vn -0.9647 0.2634 -0.0038
vn -0.9675 0.2522 -0.0158
vn -0.9724 0.2333 0.0070
vn -0.9762 0.2167 -0.0101
vn -0.6511 0.7590 -0.0005
vn -0.7034 0.7086 -0.0555
vn -0.7676 0.6409 0.0090
vn -0.8087 0.5862 -0.0485
vn -0.8526 0.5224 0.0137
vn -0.8804 0.4726 -0.0388
vn -0.9074 0.4200 0.0154
vn -0.9249 0.3792 -0.0284
vn -0.9452 0.3252 0.0301
vn -0.9716 0.2244 -0.0750
vn -0.9758 0.2104 -0.0595
vn -0.9634 0.2682 0.0016
vn -0.9675 0.2522 0.0206
vn -0.9729 0.2312 -0.0011
vn -0.9761 0.2167 0.0162
vn -0.9787 0.2051 0.0048
vn -0.5771 0.8159 0.0367
vn -0.6366 0.7710 -0.0190
vn -0.7061 0.7071 0.0377
vn -0.7571 0.6529 -0.0231
vn -0.8102 0.5849 0.0378
vn -0.8462 0.5324 -0.0192
vn -0.8809 0.4718 0.0381
vn -0.9039 0.4275 -0.0101
vn -0.9247 0.3787 0.0392
vn -0.9438 0.3301 -0.0135
vn -0.9696 0.2252 0.0955
vn -0.9711 0.2207 0.0910
vn -0.9626 0.2680 0.0389
vn -0.9671 0.2535 0.0233
vn -0.9717 0.2312 0.0488
vn -0.9754 0.2176 0.0351
vn -0.9775 0.2051 0.0493
vn -0.9797 0.1962 0.0409
vn -0.5126 0.8526 0.1013
vn -0.5913 0.8058 0.0334
vn -0.6401 0.7654 0.0663
vn -0.7004 0.7137 0.0030
vn -0.7588 0.6488 0.0566
vn -0.8041 0.5945 -0.0047
vn -0.8466 0.5297 0.0516
vn -0.8762 0.4820 -0.0010
vn -0.9033 0.4259 0.0514
vn -0.9215 0.3883 0.0100
vn -0.9418 0.3291 0.0688
vn -0.9712 0.2364 -0.0282
vn -0.9754 0.2202 -0.0111
vn -0.9603 0.2751 0.0471
vn -0.9648 0.2532 0.0710
vn -0.9703 0.2360 0.0534
vn -0.9733 0.2176 0.0738
vn -0.9760 0.2078 0.0644
vn -0.9775 0.1964 0.0771
vn -0.9796 0.1884 0.0701
vn -0.5284 0.8322 0.1680
vn -0.5992 0.7934 0.1071
vn -0.5953 0.7966 0.1049
vn -0.6797 0.7332 0.0215
vn -0.7024 0.7107 0.0391
vn -0.7574 0.6523 -0.0274
vn -0.8050 0.5928 0.0233
vn -0.8408 0.5404 -0.0331
vn -0.8764 0.4811 0.0212
vn -0.8982 0.4389 -0.0237
vn -0.9213 0.3879 0.0264
vn -0.9388 0.3439 -0.0199
vn -0.9674 0.2378 0.0876
vn -0.9681 0.2354 0.0853
vn -0.9604 0.2751 0.0432
vn -0.9641 0.2636 0.0313
vn -0.9698 0.2360 0.0617
vn -0.9729 0.2254 0.0515
vn -0.9756 0.2078 0.0709
vn -0.9775 0.2007 0.0645
vn -0.9790 0.1885 0.0779
vn -0.9808 0.1813 0.0720
vn -0.6032 0.7931 0.0843
vn -0.5972 0.7979 0.0814
vn -0.6665 0.7454 0.0131
vn -0.6798 0.7331 0.0224
vn -0.7420 0.6685 -0.0506
vn -0.7565 0.6529 -0.0371
vn -0.8056 0.5824 -0.1086
vn -0.8378 0.5416 -0.0689
vn -0.8623 0.4929 -0.1160
vn -0.8962 0.4396 -0.0603
vn -0.9100 0.4036 -0.0952
vn -0.9385 0.3439 -0.0300
vn -0.9620 0.2437 -0.1228
vn -0.9672 0.2303 -0.1073
vn -0.9535 0.2987 -0.0411
vn -0.9647 0.2634 -0.0004
vn -0.9681 0.2502 -0.0128
vn -0.9742 0.2249 0.0163
vn -0.9757 0.2188 0.0109
vn -0.9793 0.2000 0.0323
vn -0.9803 0.1952 0.0283
vn -0.9826 0.1805 0.0450
vn -0.9839 0.1742 0.0402
vn -0.6163 0.7875 -0.0021
vn -0.5881 0.8086 -0.0174
vn -0.6529 0.7531 -0.0816
vn -0.6512 0.7544 -0.0827
vn -0.7091 0.6893 -0.1486
vn -0.7283 0.6723 -0.1324
vn -0.7718 0.6057 -0.1935
vn -0.7948 0.5828 -0.1691
vn -0.8254 0.5177 -0.2250
vn -0.8486 0.4919 -0.1947
vn -0.8647 0.4443 -0.2344
vn -0.8975 0.4019 -0.1817
vn -0.9112 0.3392 -0.2340
vn -0.9629 0.2442 -0.1148
vn -0.9571 0.2755 -0.0897
vn -0.9477 0.2970 -0.1168
vn -0.9507 0.2811 -0.1310
vn -0.9647 0.2478 -0.0890
vn -0.9657 0.2420 -0.0940
vn -0.9744 0.2160 -0.0621
vn -0.9748 0.2138 -0.0639
vn -0.9806 0.1922 -0.0381
vn -0.9810 0.1899 -0.0399
vn -0.9851 0.1712 -0.0181
vn -0.9933 0.0470 -0.1053
vn -0.5787 0.8003 -0.1568
vn -0.6120 0.7565 -0.2307
vn -0.6656 0.6884 -0.2881
vn -0.6687 0.6865 -0.2858
vn -0.7102 0.6176 -0.3381
vn -0.7348 0.6001 -0.3161
vn -0.7620 0.5379 -0.3605
vn -0.7953 0.5116 -0.3253
vn -0.8109 0.4602 -0.3614
vn -0.8366 0.4376 -0.3296
vn -0.8458 0.3924 -0.3615
vn -0.8996 0.3356 -0.2796
vn -0.9077 0.2535 -0.3344
vn -0.9053 0.2564 -0.3386
vn -0.9023 0.3152 -0.2941
vn -0.9320 0.2747 -0.2364
vn -0.9327 0.2670 -0.2425
vn -0.9513 0.2352 -0.1990
vn -0.9514 0.2346 -0.1995
vn -0.9646 0.2070 -0.1631
vn -0.9646 0.2080 -0.1623
vn -0.9743 0.1832 -0.1309
vn -0.9765 0.1511 -0.1539
vn -0.9978 0.0555 -0.0355
vn -0.9962 0.0860 -0.0162
vn -0.6177 0.7032 -0.3521
vn -0.6172 0.6601 -0.4282
vn -0.5961 0.6701 -0.4423
vn -0.6357 0.6020 -0.4832
vn -0.6442 0.5979 -0.4770
vn -0.6717 0.5356 -0.5118
vn -0.7021 0.5198 -0.4867
vn -0.7181 0.4679 -0.5152
vn -0.7581 0.4445 -0.4772
vn -0.7658 0.4049 -0.4996
vn -0.8035 0.3797 -0.4584
vn -0.8100 0.2376 -0.5361
vn -0.8269 0.2248 -0.5155
vn -0.8280 0.3322 -0.4518
vn -0.8625 0.3033 -0.4052
vn -0.8627 0.2888 -0.4151
vn -0.8965 0.2546 -0.3626
vn -0.8965 0.2541 -0.3629
vn -0.9218 0.2228 -0.3172
vn -0.9218 0.2260 -0.3150
vn -0.9413 0.1967 -0.2744
vn -0.9413 0.2001 -0.2720
vn -0.9688 0.1458 -0.2004
vn -0.9602 0.0244 -0.2784
vn -0.9507 0.0456 -0.3067
vn -0.9588 0.1850 -0.2157
vn -0.9985 -0.0261 0.0473
vn -0.9988 0.0057 0.0488
vn -0.9992 0.0342 0.0192
vn -0.9974 0.0609 -0.0383
vn -0.9894 0.0870 -0.1165
vn -0.7458 -0.6660 0.0138
vn -0.9824 -0.1614 0.0935
vn -0.9997 -0.0118 0.0225
vn -0.9947 -0.0802 0.0639
vn -0.7316 -0.6818 0.0006
vn -0.6564 -0.7519 0.0620
vn -0.5617 -0.8274 0.0008
vn -0.4892 -0.8706 0.0511
vn -0.9942 -0.0696 0.0818
vn -0.9889 -0.1486 -0.0006
vn -0.9914 -0.1296 -0.0168
vn -0.9959 -0.0232 0.0878
vn -0.9959 -0.0227 0.0874
vn -0.9963 -0.0757 0.0418
vn -0.9849 -0.1456 0.0934
vn -0.9750 -0.2186 0.0393
vn -0.9470 -0.3049 0.1006
vn -0.9160 -0.3994 0.0383
vn -0.8643 -0.4920 0.1048
vn -0.8031 -0.5945 0.0392
vn -0.7296 -0.6759 0.1045
vn -0.6442 -0.7637 0.0431
vn -0.5636 -0.8199 0.1005
vn -0.4764 -0.8777 0.0508
vn -0.9969 -0.0278 0.0738
vn -0.9975 -0.0585 0.0407
vn -0.9817 -0.1524 0.1138
vn -0.9820 -0.1440 0.1221
vn -0.9995 -0.0181 0.0247
vn -0.9995 -0.0142 0.0284
vn -0.9941 -0.0782 0.0749
vn -0.9899 -0.1398 0.0246
vn -0.9721 -0.2204 0.0803
vn -0.9522 -0.3047 0.0209
vn -0.9128 -0.3993 0.0853
vn -0.8664 -0.4989 0.0213
vn -0.8011 -0.5918 0.0890
vn -0.7270 -0.6861 0.0276
vn -0.6446 -0.7590 0.0918
vn -0.5605 -0.8272 0.0408
vn -0.4791 -0.8726 0.0952
vn -0.9992 0.0068 0.0383
vn -0.9997 -0.0234 0.0036
vn -0.9979 -0.0575 0.0285
vn -0.9882 -0.1400 -0.0626
vn -0.9888 -0.1325 -0.0684
vn -0.9988 -0.0386 0.0312
vn -0.9998 -0.0123 0.0130
vn -0.9969 -0.0672 -0.0402
vn -0.9904 -0.1381 0.0065
vn -0.9758 -0.2116 -0.0545
vn -0.9527 -0.3038 0.0041
vn -0.9159 -0.3964 -0.0631
vn -0.8666 -0.4990 0.0042
vn -0.8018 -0.5945 -0.0612
vn -0.7265 -0.6871 0.0090
vn -0.6454 -0.7625 -0.0455
vn -0.5588 -0.8291 0.0202
vn -0.9989 0.0401 -0.0248
vn -0.9980 0.0094 -0.0629
vn -0.9989 -0.0178 -0.0445
vn -0.9946 -0.0543 -0.0887
vn -0.9894 -0.1429 -0.0262
vn -0.9833 -0.1718 -0.0593
vn -0.9852 -0.0114 -0.1709
vn -0.9891 0.0085 -0.1473
vn -0.9926 -0.0576 -0.1070
vn -0.9776 -0.1207 -0.1725
vn -0.9711 -0.2033 -0.1251
vn -0.9375 -0.2854 -0.1990
vn -0.9101 -0.3903 -0.1388
vn -0.8504 -0.4815 -0.2121
vn -0.7936 -0.5917 -0.1419
vn -0.7138 -0.6703 -0.2031
vn -0.6334 -0.7630 -0.1290
vn -0.5576 -0.8123 -0.1708
vn -0.9916 0.0723 -0.1076
vn -0.9878 0.0406 -0.1500
vn -0.9903 0.0205 -0.1373
vn -0.9824 -0.0160 -0.1860
vn -0.9848 -0.0436 -0.1683
vn -0.9579 -0.1158 -0.2626
vn -0.9592 -0.1532 -0.2375
vn -0.9819 -0.0956 -0.1636
vn -0.9725 0.0241 -0.2316
vn -0.9503 -0.0358 -0.3092
vn -0.9557 -0.1025 -0.2761
vn -0.9188 -0.1721 -0.3552
vn -0.9124 -0.2671 -0.3102
vn -0.8522 -0.3479 -0.3908
vn -0.8213 -0.4638 -0.3322
vn -0.7407 -0.5392 -0.4008
vn -0.6805 -0.6543 -0.3299
vn -0.5996 -0.7060 -0.3767
vn -0.5208 -0.7991 -0.3005
vn -0.4663 -0.8229 -0.3246
vn -0.9740 0.1031 -0.2017
vn -0.9662 0.0705 -0.2480
vn -0.9691 0.0567 -0.2399
vn -0.9562 0.0203 -0.2920
vn -0.9600 -0.0003 -0.2799
vn -0.9401 -0.0411 -0.3383
vn -0.9484 -0.1106 -0.2972
vn -0.9047 -0.1758 -0.3881
vn -0.8859 -0.0424 -0.4619
vn -0.8630 -0.0693 -0.5005
vn -0.8048 -0.2117 -0.5545
vn -0.6794 -0.5026 -0.5346
vn -0.5946 -0.5524 -0.5842
vn -0.5358 -0.6670 -0.5178
vn -0.4741 -0.6924 -0.5439
vn -0.4021 -0.7851 -0.4712
vn -0.3817 -0.7910 -0.4782
vn 0.6483 0.0550 -0.7594
vn -0.3759 -0.0839 0.9229
vn -0.3761 -0.0837 0.9228
vn -0.3758 -0.0838 0.9229
vn -0.7199 0.2684 -0.6401
vn -0.9975 0.0653 0.0258
vn -0.3760 -0.0839 0.9228
vn 0.6554 0.4938 0.5715
vn -0.3758 -0.0839 0.9229
vn -0.5223 0.4271 -0.7380
vn -0.5317 0.3884 -0.7526
vn -0.5708 0.5159 -0.6388
vn -0.6462 0.2451 -0.7227
vn -0.6747 0.2850 -0.6808
vn -0.9063 0.1853 -0.3798
vn -0.8793 0.2102 -0.4274
vn -0.9357 0.0896 -0.3411
vn -0.4314 -0.5315 -0.7289
vn -0.9207 0.0394 -0.3883
vn -0.9132 0.0249 -0.4068
vn -0.2138 -0.5321 -0.8193
vn -0.8677 -0.1608 -0.4704
vn -0.4022 -0.9155 0.0042
vn -0.8075 0.2616 -0.5286
vn -0.5396 0.6808 -0.4953
vn -0.5657 0.6166 -0.5476
vn -0.4101 -0.9100 0.0602
vn -0.4071 -0.9084 0.0952
vn -0.2573 -0.8020 -0.5391
vn -0.5575 0.5697 -0.6038
vn -0.5541 0.5712 -0.6055
vn -0.4886 0.4820 -0.7273
vn -0.5930 0.5064 -0.6260
vn -0.5027 0.4338 -0.7477
vn -0.6042 0.4594 -0.6510
vn -0.6440 0.4419 -0.6245
vn -0.4540 0.3579 -0.8160
vn -0.5316 0.3885 -0.7526
vn -0.5707 0.3749 -0.7306
vn -0.6506 0.4043 -0.6428
vn -0.6976 0.3822 -0.6060
vn -0.4798 0.2469 -0.8419
vn -0.5051 0.2388 -0.8294
vn -0.6463 0.2451 -0.7227
vn -0.7075 0.2667 -0.6544
vn -0.7794 0.2269 -0.5841
vn -0.6406 0.2991 -0.7073
vn -0.7737 0.3173 -0.5484
vn -0.7758 0.3161 -0.5461
vn -0.6744 0.2885 -0.6797
vn -0.7784 0.2873 -0.5582
vn -0.8067 0.2709 -0.5252
vn -0.7209 0.2566 -0.6438
vn -0.7498 0.2426 -0.6156
vn -0.8461 0.2345 -0.4786
vn -0.8796 0.2077 -0.4280
vn -0.8677 0.0058 -0.4971
vn -0.9300 0.0083 -0.3676
vn -0.8543 0.2078 -0.4764
vn -0.9164 0.1988 -0.3473
vn -0.9396 0.1749 -0.2941
vn -0.9460 0.1322 -0.2961
vn -0.8920 0.1357 -0.4312
vn -0.9176 0.0695 -0.3914
vn -0.8963 0.0157 -0.4433
vn -0.8664 -0.0499 -0.4968
vn -0.8211 -0.1951 -0.5364
vn -0.8085 0.0288 -0.5878
vn -0.6302 -0.3351 -0.7004
vn -0.5389 -0.3860 -0.7487
vn -0.3400 -0.4653 -0.8173
vn -0.3903 -0.6320 -0.6695
vn -0.2337 -0.4288 -0.8726
vn -0.3004 -0.4796 -0.8244
vn -0.2608 -0.5777 -0.7735
vn -0.3476 -0.6474 -0.6783
vn -0.3016 -0.7322 -0.6107
vn -0.2579 -0.4206 -0.8698
vn -0.2675 -0.5756 -0.7728
vn -0.2237 -0.6649 -0.7126
vn -0.3050 -0.7311 -0.6102
vn -0.2868 -0.5082 -0.8121
vn -0.2377 -0.6180 -0.7494
vn -0.3084 -0.8589 -0.4088
vn 0.1319 0.9781 -0.1609
vn -0.3218 -0.7017 -0.6356
vn -0.3054 -0.7881 -0.5345
vn -0.3719 -0.8917 -0.2579
vn -0.4241 -0.8972 -0.1229
vn -0.4071 -0.9126 0.0374
vn -0.4101 -0.9101 0.0602
vn -0.3447 -0.9333 0.1009
vn -0.3408 -0.9381 0.0622
vn -0.3488 -0.9364 0.0388
vn -0.3446 -0.9371 -0.0560
vn -0.3332 -0.8533 -0.4010
vn 0.8306 0.0939 -0.5488
vn -0.4897 0.5831 -0.6482
vn 0.8341 0.0725 -0.5468
vn -0.2902 0.0183 -0.9568
vn -0.2896 0.0116 -0.9571
vn 0.5482 -0.7691 -0.3286
vn -0.3656 0.3758 -0.8515
vn 0.8046 -0.4232 -0.4167
vn 0.5301 -0.7859 -0.3183
vn -0.5348 0.3752 -0.7571
vn -0.4550 0.4572 -0.7642
vn 0.7396 -0.2684 -0.6172
vn 0.4253 -0.3942 -0.8147
vn 0.7325 0.5404 0.4139
vn 0.5732 -0.7637 -0.2970
vn 0.9406 -0.0129 -0.3392
vn 0.6617 -0.6540 -0.3665
vn 0.8498 -0.2995 -0.4338
vn 0.5796 -0.7572 -0.3012
vn 0.9283 -0.0533 -0.3680
vn 0.8454 -0.5334 0.0287
vn 0.8916 -0.3270 -0.3134
vn 0.9527 -0.1199 -0.2794
vn 0.9034 -0.2344 -0.3591
vn 0.8159 -0.4321 -0.3841
vn 0.5867 -0.7017 -0.4042
vn 0.6975 -0.5957 -0.3983
vn 0.5640 -0.7290 -0.3878
vn 0.7849 -0.5163 -0.3425
vn 0.7777 0.4601 0.4283
vn 0.8613 0.4452 0.2449
vn 0.9348 0.0648 -0.3491
vn 0.4629 0.3269 -0.8239
vn 0.9402 0.3242 0.1043
vn 0.9078 -0.1406 0.3952
vn 0.9269 0.3735 0.0366
vn 0.9094 -0.2142 -0.3565
vn 0.0405 0.3784 -0.9248
vn 0.9091 0.4164 -0.0096
vn 0.5861 0.0365 -0.8094
vn 0.6135 0.0668 -0.7868
vn 0.6806 -0.0483 -0.7310
vn 0.7862 -0.5851 -0.1991
vn -0.4099 0.3888 -0.8251
vn 0.7340 -0.1379 -0.6650
vn 0.7669 -0.2267 -0.6003
vn -0.4415 0.3445 -0.8285
vn 0.5782 -0.0143 -0.8157
vn 0.6273 0.1226 -0.7691
vn 0.6508 0.0011 -0.7593
vn 0.4512 -0.1174 -0.8847
vn 0.6562 0.0901 -0.7492
vn 0.6655 -0.3589 -0.6544
vn 0.7156 -0.3043 -0.6287
vn 0.5218 0.0030 -0.8530
vn 0.4688 0.2417 -0.8496
vn -0.3924 0.3134 -0.8647
vn 0.5905 -0.0747 0.8036
vn 0.6027 -0.0849 0.7935
vn -0.4165 0.3186 -0.8515
vn -0.4196 0.2997 -0.8568
vn 0.6034 -0.0718 0.7942
vn 0.5950 -0.0756 0.8002
vn 0.6052 -0.0683 0.7931
vn 0.6080 -0.0656 0.7912
vn 0.6760 0.4850 0.5548
vn 0.7440 0.5066 0.4356
vn 0.4691 0.2419 -0.8493
vn 0.4704 0.2149 -0.8559
vn 0.6039 -0.0708 0.7939
vn 0.6064 -0.0643 0.7926
vn -0.5079 0.2192 -0.8331
vn -0.6174 0.7035 -0.3520
vn 0.6982 0.5896 0.4060
vn 0.1678 0.2782 -0.9458
vn 0.3651 0.1330 -0.9214
vn 0.4842 0.1640 -0.8595
vn -0.5665 0.6151 -0.5484
vn -0.5403 0.6799 -0.4958
vn 0.6830 0.4574 0.5694
vn -0.4824 0.2268 -0.8461
vn 0.6902 0.5945 0.4126
vn 0.7143 0.5521 0.4301
vn 0.7332 0.5743 -0.3642
vn 0.1146 0.3391 -0.9337
vn -0.2901 0.0040 -0.9570
vn -0.3925 0.3132 -0.8648
vn 0.9697 0.0423 -0.2405
vn 0.8264 -0.2999 -0.4766
vn 0.8692 -0.2691 -0.4148
vn 0.8798 -0.2690 -0.3919
vn 0.9048 -0.2142 -0.3680
vn 0.9415 -0.1305 -0.3108
vn 0.9197 -0.1301 -0.3704
vn 0.7269 -0.6102 -0.3150
vn 0.7608 -0.6161 -0.2037
vn 0.9457 -0.3105 -0.0965
vn 0.7335 -0.2683 -0.6245
vn 0.7438 -0.5631 -0.3601
vn -0.4588 0.4831 -0.7457
vn -0.2865 0.0106 -0.9580
vn 0.6465 -0.0062 -0.7629
vn -0.5559 0.5674 -0.6074
vn 0.7917 0.5844 -0.1781
vn 0.6983 0.5980 -0.3933
vn 0.7963 0.5587 -0.2321
vn 0.7771 0.5748 -0.2563
vn 0.4106 0.3741 -0.8315
vn 0.6102 0.0090 -0.7922
vn -0.0957 0.3601 -0.9280
vn -0.4494 0.4594 -0.7661
vn 0.7519 -0.4054 -0.5198
vn 0.7490 -0.4631 -0.4738
vn 0.7988 -0.3093 -0.5160
vn 0.8198 -0.3088 -0.4822
vn 0.6983 0.5896 0.4059
vn 0.6981 0.5899 0.4058
vn 0.3634 0.1326 -0.9221
vn 0.1682 0.2781 -0.9457
vn 0.4834 0.1637 -0.8599
vn 0.4837 0.1635 -0.8598
vn -0.5666 0.6149 -0.5486
vn -0.5667 0.6149 -0.5484
vn -0.2894 0.0120 -0.9571
vn -0.5403 0.6798 -0.4959
vn -0.2896 0.0139 -0.9570
vn -0.2894 0.0119 -0.9571
vn -0.2930 0.0078 -0.9561
vn -0.2896 0.0140 -0.9571
vn -0.2893 0.0150 -0.9571
vn -0.2926 0.0086 -0.9562
vn -0.2892 0.0152 -0.9571
vn -0.2903 0.0180 -0.9568
vn -0.2905 0.0198 -0.9567
vn -0.2901 0.0184 -0.9568
vn -0.2907 0.0191 -0.9566
vn -0.2905 0.0196 -0.9567
vn -0.2913 0.0156 -0.9565
vn -0.2907 0.0179 -0.9567
vn -0.2912 0.0136 -0.9566
vn -0.2948 0.0132 -0.9555
vn -0.2928 0.0066 -0.9562
vn -0.2924 0.0104 -0.9562
vn -0.2914 0.0045 -0.9566
vn -0.2925 0.0049 -0.9563
vn -0.2897 0.0107 -0.9571
vn -0.2918 0.0037 -0.9565
vn -0.2900 0.0120 -0.9569
vn -0.2726 0.0240 -0.9618
vn -0.2903 0.0435 -0.9559
vn -0.2832 0.0140 -0.9590
vn -0.2893 0.0100 -0.9572
vn -0.2902 0.0401 -0.9561
vn -0.2665 0.0195 -0.9636
vn -0.2737 0.0263 -0.9615
vn -0.2699 0.0222 -0.9626
vn -0.2808 0.0328 -0.9592
vn -0.2763 0.0286 -0.9607
vn -0.2901 0.0430 -0.9560
vn -0.2855 0.0378 -0.9576
vn -0.2834 0.0418 -0.9581
vn -0.2902 0.0133 -0.9569
vn -0.2903 0.0433 -0.9559
vn -0.2884 0.0426 -0.9566
vn 0.6831 0.4574 0.5694
vn 0.7332 0.5743 -0.3643
vn -0.4824 0.2263 -0.8462
vn 0.1118 0.3407 -0.9335
vn -0.4588 0.4833 -0.7456
vn -0.0970 0.3610 -0.9275
vn 0.6055 0.0167 -0.7957
vn 0.8007 0.5134 -0.3087
vn -0.5053 0.4224 -0.7525
vn 0.6017 -0.0382 -0.7978
vn 0.5810 0.3530 -0.7334
vn 0.7616 0.5907 -0.2665
vn 0.5506 0.3237 -0.7695
vn 0.7320 0.5758 -0.3642
vn 0.8772 0.4560 -0.1505
vn 0.7733 0.5943 0.2207
vn 0.8350 0.4702 -0.2859
vn 0.8051 0.5919 0.0373
vn 0.7929 0.4857 -0.3679
vn 0.8330 0.0995 -0.5443
vn 0.8335 0.0955 -0.5442
vn 0.8321 0.1025 -0.5451
vn -0.5055 0.4233 -0.7519
vn 0.6117 0.0151 -0.7909
vn 0.7771 0.5749 -0.2562
vn -0.4494 0.4594 -0.7662
vn 0.5066 -0.3672 -0.7801
vn 0.8198 -0.3088 -0.4821
vn -0.2621 0.3696 -0.8915
vn 0.2595 0.3475 -0.9010
vn 0.9755 -0.1153 0.1874
vn 0.5490 0.3218 -0.7714
vn -0.4574 0.3391 -0.8221
vn 0.8968 0.4268 -0.1165
vn 0.7111 0.5909 -0.3809
vn -0.4575 0.3390 -0.8221
vn 0.7667 0.5061 -0.3950
vn 0.7758 0.5637 -0.2835
vn 0.8310 0.1040 -0.5465
vn 0.8350 0.0893 -0.5430
vn 0.8378 0.0934 -0.5380
vn 0.6564 0.0901 -0.7490
vn 0.8344 0.0701 -0.5466
vn 0.8317 0.0812 -0.5492
vn 0.8311 0.0802 -0.5504
vn 0.8292 0.1301 -0.5436
vn 0.7605 0.5288 -0.3768
vn 0.1336 0.9778 -0.1614
vn 0.1341 0.9776 -0.1621
vn -0.3923 0.3273 -0.8597
vn 0.8308 0.1008 -0.5473
vn 0.8438 0.0799 -0.5307
vn 0.8343 0.0713 -0.5467
vn 0.8344 0.0704 -0.5467
vn 0.8363 0.0818 -0.5421
vn 0.8310 0.1014 -0.5469
vn 0.8340 0.0701 -0.5473
vn 0.8309 0.0933 -0.5485
vn 0.8336 0.0744 -0.5473
vn 0.8220 0.0736 -0.5647
vn 0.8311 0.0896 -0.5489
vn 0.8332 0.0844 -0.5465
vn 0.8306 0.0794 -0.5511
vn 0.8313 0.0807 -0.5499
vn 0.8229 0.0907 -0.5610
vn 0.8242 0.0948 -0.5583
vn 0.8325 0.1189 -0.5411
vn 0.8210 0.0852 -0.5645
vn 0.8343 0.0726 -0.5465
vn 0.8308 0.0798 -0.5508
vn 0.8299 0.1196 -0.5450
vn 0.8120 0.0994 -0.5751
vn 0.8241 0.1182 -0.5539
vn 0.8229 0.1041 -0.5585
vn 0.8253 0.1254 -0.5506
vn 0.8175 0.1064 -0.5660
vn 0.8283 0.1284 -0.5454
vn 0.8127 0.0996 -0.5740
vn 0.8300 0.0801 -0.5520
vn 0.8304 0.0806 -0.5514
vn 0.8299 0.0800 -0.5521
vn 0.8276 0.0762 -0.5562
vn 0.8297 0.0799 -0.5525
vn 0.8316 0.0832 -0.5492
vn 0.8265 0.0986 -0.5543
vn 0.8312 0.0805 -0.5502
vn 0.8309 0.0677 -0.5522
vn 0.8291 0.1297 -0.5439
vn 0.8317 0.0686 -0.5509
vn 0.8333 0.0705 -0.5483
vn 0.8323 0.0936 -0.5463
vn 0.8324 0.1147 -0.5421
vn 0.8385 0.0920 -0.5371
vn 0.7685 0.5460 -0.3335
vn -0.4914 0.4730 -0.7313
vn -0.5587 0.5662 -0.6060
vn 0.7974 0.5373 -0.2748
vn 0.7851 0.5489 -0.2868
vn 0.1336 0.9778 -0.1618
vn 0.1336 0.9777 -0.1618
vn 0.1335 0.9778 -0.1618
vn 0.1334 0.9778 -0.1616
vn 0.1335 0.9778 -0.1617
vn 0.1334 0.9778 -0.1618
vn 0.1337 0.9778 -0.1614
vn 0.1338 0.9777 -0.1618
vn 0.1340 0.9777 -0.1616
vn 0.1339 0.9777 -0.1616
vn 0.1338 0.9777 -0.1619
vn 0.1338 0.9777 -0.1620
vn 0.1341 0.9777 -0.1614
vn 0.1340 0.9777 -0.1617
vn 0.1340 0.9777 -0.1619
vn 0.1341 0.9773 -0.1640
vn 0.1340 0.9776 -0.1621
vn 0.1340 0.9777 -0.1618
vn 0.1340 0.9776 -0.1620
vn 0.1341 0.9777 -0.1619
vn 0.1340 0.9772 -0.1645
vn 0.1341 0.9776 -0.1622
vn 0.1341 0.9776 -0.1624
vn 0.1328 0.9780 -0.1611
vn 0.1339 0.9777 -0.1620
vn 0.1339 0.9777 -0.1619
vn 0.1339 0.9777 -0.1617
vn 0.1338 0.9777 -0.1616
vn 0.6420 -0.7253 -0.2485
vn 0.5674 -0.7263 -0.3880
vn 0.7420 -0.6696 0.0343
vn 0.7059 -0.7049 -0.0696
vn 0.7594 -0.6498 -0.0335
vn 0.7514 -0.6591 0.0320
vn 0.7407 -0.5991 -0.3040
vn 0.7658 -0.6272 -0.1422
vn 0.5481 0.1502 -0.8228
vn 0.4838 0.2602 -0.8356
vn 0.1003 0.3176 -0.9429
vn 0.4831 0.1628 -0.8603
vn 0.7491 0.5868 -0.3074
vn 0.5273 0.2129 -0.8226
vn -0.1075 0.3337 -0.9365
vn -0.3725 0.3329 -0.8663
vn -0.6492 -0.0133 0.7605
vn -0.6490 -0.0139 0.7606
vn -0.6486 -0.0380 0.7601
vn -0.6485 -0.0297 0.7606
vn -0.6799 -0.0023 0.7333
vn -0.6527 -0.0351 0.7568
vn -0.6481 -0.0550 0.7595
vn -0.6488 -0.0348 0.7601
vn -0.6489 -0.0251 0.7605
vn -0.6481 -0.0550 0.7596
vn -0.6692 0.0039 0.7430
vn -0.6795 0.0023 0.7337
vn -0.6467 -0.0230 0.7624
vn -0.3735 -0.4927 -0.7860
vn -0.3524 -0.4550 -0.8178
vn -0.4206 -0.4489 -0.7884
vn 0.6194 -0.0785 -0.7812
vn 0.0278 -0.4324 -0.9013
vn -0.1961 -0.4502 -0.8711
vn 0.4990 0.0313 -0.8661
vn 0.4099 -0.1785 -0.8945
vn 0.6523 -0.5123 -0.5586
vn 0.6736 -0.2651 -0.6899
vn -0.1810 -0.5110 -0.8403
vn 0.4568 -0.4752 -0.7520
vn -0.4055 -0.5376 -0.7393
vn -0.2707 0.3348 -0.9026
vn -0.6489 -0.0177 0.7607
vn -0.3716 0.3293 -0.8680
vn -0.6485 -0.0420 0.7600
vn -0.6184 0.0008 0.7859
vn -0.6752 -0.0077 0.7376
vn -0.6560 -0.0314 0.7541
vn -0.6475 -0.0237 0.7617
vn -0.6488 -0.0234 0.7606
vn -0.6493 -0.0037 0.7605
vn -0.6748 -0.0036 0.7380
vn -0.6482 -0.0550 0.7595
vn -0.6610 0.0012 0.7504
vn -0.4687 0.5312 -0.7058
vn -0.6492 -0.0057 0.7606
vn -0.4321 -0.4657 -0.7723
vn 0.6198 0.0494 -0.7832
vn 0.2759 -0.3773 -0.8840
vn -0.3470 -0.4479 -0.8240
vn 0.4560 -0.0742 -0.8869
vn 0.3549 -0.2924 -0.8880
vn 0.5614 -0.4664 -0.6836
vn 0.6802 -0.2572 -0.6865
vn 0.0443 -0.4814 -0.8754
vn 0.2075 -0.5048 -0.8379
vn -0.3327 -0.5225 -0.7850
vn -0.4419 0.3443 -0.8284
vn -0.2953 -0.6823 -0.6688
vn 0.5204 -0.7296 -0.4437
vn -0.3695 -0.6109 -0.7002
vn 0.8007 0.5134 -0.3089
vn -0.4139 -0.5666 -0.7124
vn 0.8788 -0.4739 -0.0560
vn 0.2573 0.3475 -0.9017
vn 0.5799 0.3519 -0.7348
vn 0.7794 0.6265 -0.0003
vn -0.2881 0.0086 -0.9576
vn 0.8415 0.0802 -0.5342
vn 0.5988 -0.0390 -0.8000
vn -0.2614 0.3692 -0.8918
vn 0.9461 0.3233 -0.0180
vn 0.5490 0.3225 -0.7711
vn 0.9073 0.4083 -0.1001
vn 0.8154 0.0247 0.5784
vn 0.7790 0.5768 -0.2457
vn 0.9486 0.0286 0.3152
vn 0.9756 -0.1153 0.1870
vn 0.9642 -0.0867 -0.2507
vn 0.9366 0.3242 0.1329
vn 0.8084 0.4361 0.3953
vn 0.7125 0.4415 0.5453
vn 0.7616 0.5906 -0.2666
vn 0.9268 0.3096 -0.2125
vn 0.8967 0.4269 -0.1168
vn 0.8985 0.4383 0.0238
vn 0.8797 0.4719 0.0578
vn 0.8523 0.4736 0.2221
vn 0.8270 0.5009 0.2553
vn 0.7705 0.4883 0.4098
vn 0.8621 0.4415 -0.2488
vn 0.8783 0.4543 -0.1488
vn 0.8626 0.4908 -0.1222
vn 0.8633 0.5041 0.0248
vn 0.8438 0.5339 0.0541
vn 0.8137 0.5351 0.2269
vn 0.7921 0.5559 0.2520
vn 0.7316 0.5758 -0.3649
vn -0.4575 0.3404 -0.8215
vn 0.8228 0.4609 -0.3324
vn 0.8361 0.4688 -0.2850
vn 0.8219 0.5053 -0.2629
vn 0.8373 0.5224 -0.1613
vn 0.8213 0.5535 -0.1378
vn 0.8219 0.5694 0.0166
vn 0.7599 0.6063 0.2346
vn 0.7111 0.5910 -0.3809
vn 0.7739 0.5938 0.2202
vn 0.7758 0.5638 -0.2832
vn 0.7087 0.5888 -0.3887
vn 0.7939 0.4864 -0.3649
vn 0.7938 0.4847 -0.3674
vn 0.7790 0.5220 -0.3473
vn 0.7909 0.5325 -0.3017
vn 0.7782 0.6065 -0.1629
vn -0.4092 0.3890 -0.8254
vn 0.7452 0.5863 -0.3178
vn 0.8051 0.5920 0.0376
vn 0.7920 0.5843 -0.1769
vn -0.2904 0.0065 -0.9569
vn 0.7800 0.5150 -0.3555
vn 0.7674 0.5054 -0.3946
vn 0.7508 0.5444 -0.3740
vn 0.7489 0.5428 -0.3802
vn 0.6045 -0.0685 0.7936
vn 0.5893 -0.0748 0.8044
vn -0.5727 0.5110 -0.6410
vn 0.7776 0.5392 -0.3235
vn 0.7612 0.5281 -0.3765
vn 0.7426 0.5689 -0.3534
vn 0.7283 0.5583 -0.3973
vn 0.6027 -0.0847 0.7935
vn 0.6231 0.3479 -0.7005
vn 0.7846 0.5458 -0.2941
vn 0.7805 0.5523 -0.2929
vn 0.7692 0.5453 -0.3331
vn 0.7131 0.6097 -0.3461
vn -0.5590 0.5665 -0.6055
vn -0.5367 0.6291 -0.5623
vn 0.5864 0.0364 -0.8092
vn 0.9087 0.4172 -0.0103
vn 0.9403 0.3241 0.1041
vn 0.5173 -0.7531 -0.4065
vn 0.5374 -0.7798 -0.3212
vn 0.5757 -0.7863 -0.2244
vn 0.6267 -0.7617 -0.1642
vn 0.6851 -0.7097 -0.1644
vn 0.7416 -0.6336 -0.2204
vn 0.7843 -0.5359 -0.3125
vn 0.5272 -0.7406 -0.4165
vn 0.5310 -0.7775 -0.3370
vn 0.5091 -0.7412 -0.4376
vn 0.4938 -0.7475 -0.4443
vn 0.5010 -0.7602 -0.4137
vn 0.5154 -0.7539 -0.4074
vn 0.5165 -0.7539 -0.4060
vn 0.5017 -0.7601 -0.4130
vn 0.4936 -0.7477 -0.4442
vn 0.5106 -0.7405 -0.4370
vn 0.5173 -0.7519 -0.4086
vn 0.5526 -0.7642 -0.3325
vn 0.5405 -0.7700 -0.3391
vn 0.5180 -0.7425 -0.4247
vn 0.5389 -0.7330 -0.4150
vn 0.5290 -0.7195 -0.4500
vn 0.5805 -0.6934 -0.4270
vn 0.6102 -0.7507 -0.2530
vn 0.6023 -0.7554 -0.2581
vn 0.5755 -0.7302 -0.3683
vn 0.5995 -0.7174 -0.3550
vn 0.5731 -0.6892 -0.4433
vn 0.6280 -0.6579 -0.4155
vn 0.6147 -0.6440 -0.4554
vn 0.6920 -0.5908 -0.4147
vn 0.6768 -0.7054 -0.2106
vn 0.6745 -0.7071 -0.2122
vn 0.6533 -0.6921 -0.3068
vn 0.6791 -0.6745 -0.2895
vn 0.6471 -0.6481 -0.4016
vn 0.7016 -0.6102 -0.3678
vn 0.6701 -0.5844 -0.4577
vn 0.7454 -0.5247 -0.4111
vn 0.7285 -0.5128 -0.4543
vn 0.8115 -0.4299 -0.3957
vn 0.7406 -0.6331 -0.2250
vn 0.7448 -0.6295 -0.2215
vn 0.7323 -0.6221 -0.2770
vn 0.7591 -0.5988 -0.2552
vn 0.7328 -0.5815 -0.3532
vn 0.7828 -0.5373 -0.3140
vn 0.7457 -0.5133 -0.4248
vn 0.8132 -0.4479 -0.3716
vn 0.7780 -0.4283 -0.4596
vn 0.8518 -0.3431 -0.3959
vn 0.8332 -0.3356 -0.4395
vn 0.9003 -0.2338 -0.3671
vn 0.7908 -0.5396 -0.2889
vn 0.8011 -0.5295 -0.2790
vn 0.7969 -0.5271 -0.2952
vn 0.8244 -0.4983 -0.2683
vn 0.8077 -0.4886 -0.3298
vn 0.8513 -0.4398 -0.2862
vn 0.8210 -0.4233 -0.3830
vn 0.8766 -0.3550 -0.3249
vn 0.8375 -0.3370 -0.4301
vn 0.8980 -0.2516 -0.3611
vn 0.8627 -0.2401 -0.4450
vn 0.9196 -0.1396 -0.3671
vn 0.9001 -0.1367 -0.4136
vn 0.9478 -0.0123 -0.3188
vn 0.8180 -0.4308 -0.3811
vn 0.8337 -0.4151 -0.3643
vn 0.8372 -0.4171 -0.3537
vn 0.8658 -0.3840 -0.3208
vn 0.8581 -0.3798 -0.3455
vn 0.8965 -0.3285 -0.2973
vn 0.8765 -0.3185 -0.3610
vn 0.9213 -0.2493 -0.2984
vn 0.8890 -0.2359 -0.3925
vn 0.9375 -0.1476 -0.3150
vn 0.8966 -0.1361 -0.4214
vn 0.9520 -0.0027 -0.3060
vn 0.8989 0.0020 -0.4381
vn 0.8221 -0.1490 -0.5495
vn 0.9604 -0.1741 -0.2175
vn 0.6857 -0.5691 -0.4538
vn -0.4905 0.4737 -0.7314
vn 0.7857 0.5482 -0.2866
vn 0.7543 0.5832 -0.3014
vn 0.7839 0.5476 -0.2927
vn 0.7979 0.5363 -0.2750
vn 0.7855 0.5248 -0.3280
vn -0.4939 0.4692 -0.7320
vn -0.5253 0.4162 -0.7422
vn 0.8608 0.4461 0.2450
vn 0.7776 0.4604 0.4282
vn -0.2893 0.0102 -0.9572
vn 0.5571 -0.7130 -0.4257
vn 0.6219 -0.6975 -0.3560
vn 0.5607 -0.7335 -0.3842
vn 0.6989 -0.6848 -0.2066
vn 0.6434 -0.7238 -0.2494
vn 0.5792 -0.7616 -0.2908
vn 0.5845 -0.7563 -0.2940
vn 0.7359 -0.6756 -0.0439
vn 0.7159 -0.6940 -0.0767
vn 0.6538 -0.7462 -0.1255
vn 0.6646 -0.7354 -0.1324
vn 0.5973 -0.7816 -0.1798
vn 0.6216 -0.7589 -0.1944
vn 0.7294 -0.6827 0.0435
vn 0.7120 -0.7021 0.0083
vn 0.7254 -0.6883 -0.0007
vn 0.6646 -0.7455 -0.0503
vn 0.6877 -0.7232 -0.0645
vn 0.6252 -0.7724 -0.1118
vn 0.6658 -0.7337 -0.1358
vn 0.7574 -0.6520 -0.0355
vn -0.3660 0.3760 -0.8513
vn 0.7514 -0.6590 0.0321
vn 0.7246 -0.6891 0.0079
vn 0.7422 -0.6702 -0.0037
vn 0.6871 -0.7248 -0.0508
vn 0.7186 -0.6919 -0.0701
vn 0.6660 -0.7374 -0.1126
vn 0.7140 -0.6857 -0.1413
vn 0.7414 -0.6700 0.0391
vn -0.4898 0.5831 -0.6481
vn 0.7588 -0.6507 -0.0283
vn 0.7698 -0.6370 -0.0408
vn 0.7475 -0.6614 -0.0623
vn 0.7673 -0.6368 -0.0756
vn 0.7204 -0.6834 -0.1186
vn 0.7543 -0.6414 -0.1400
vn 0.7135 -0.6782 -0.1759
vn 0.7596 -0.6174 -0.2045
vn 0.7428 -0.6487 -0.1656
vn 0.7792 -0.6081 -0.1519
vn 0.7773 -0.6100 -0.1539
vn 0.7887 -0.5930 -0.1620
vn 0.7710 -0.6107 -0.1803
vn 0.7909 -0.5803 -0.1940
vn 0.7529 -0.6161 -0.2314
vn 0.7841 -0.5672 -0.2519
vn 0.7544 -0.5937 -0.2800
vn 0.7924 -0.5284 -0.3046
vn 0.7004 -0.6254 -0.3439
vn 0.7544 -0.5767 -0.3134
vn 0.7773 -0.5588 -0.2889
vn 0.7860 -0.5433 -0.2950
vn 0.7848 -0.5443 -0.2963
vn 0.7968 -0.5218 -0.3048
vn 0.7833 -0.5334 -0.3191
vn 0.8013 -0.4981 -0.3314
vn 0.7718 -0.5230 -0.3617
vn 0.7973 -0.4703 -0.3784
vn 0.7767 -0.4875 -0.3988
vn 0.8046 -0.4231 -0.4166
vn 0.9056 0.0414 -0.4221
vn -0.3186 0.3888 -0.8645
vn 0.9296 -0.3644 0.0554
vn 0.5585 0.2565 -0.7889
vn 0.5849 0.2816 -0.7607
vn 0.5643 0.1620 -0.8095
vn 0.5712 0.1700 -0.8030
vn 0.4173 0.1036 -0.9029
vn 0.6097 0.0995 -0.7864
vn 0.4830 0.2559 -0.8374
vn 0.4380 0.3014 -0.8469
vn 0.5056 0.1423 -0.8510
vn 0.4604 0.3300 -0.8241
vn 0.4511 0.1927 -0.8714
vn 0.5466 0.1476 -0.8243
vn 0.4193 0.0001 -0.9079
vn 0.2590 0.1291 -0.9572
vn 0.3628 0.2427 -0.8997
vn 0.3071 0.2838 -0.9084
vn 0.3228 0.3020 -0.8970
vn -0.2917 0.0038 -0.9565
vn 0.2786 0.3740 -0.8846
vn 0.2024 0.1437 -0.9687
vn 0.3145 0.0669 -0.9469
vn 0.1601 0.2678 -0.9501
vn 0.1037 0.3150 -0.9434
vn 0.5910 -0.0746 0.8032
vn -0.1660 0.3895 -0.9059
vn 0.5272 0.2129 -0.8226
vn 0.5212 0.0033 -0.8534
vn 0.8404 0.0805 -0.5359
vn 0.7492 0.5869 -0.3071
vn -0.0412 0.3029 -0.9521
vn -0.1061 0.3324 -0.9371
vn -0.2175 0.3147 -0.9239
vn -0.2703 0.3350 -0.9026
vn -0.3341 0.3202 -0.8865
vn -0.3731 0.3327 -0.8661
vn -0.4047 0.4447 -0.7991
vn -0.3990 0.2905 -0.8697
vn -0.3932 0.3273 -0.8593
vn -0.4216 0.3361 -0.8422
vn -0.4159 0.3869 -0.8230
vn -0.4523 0.3965 -0.7989
vn -0.4263 0.4051 -0.8088
vn -0.4065 0.3404 -0.8479
vn -0.3968 0.2911 -0.8705
vn -0.5235 0.5083 -0.6838
vn -0.5414 0.5607 -0.6265
vn -0.4777 0.4251 -0.7688
vn -0.4277 0.4419 -0.7885
vn -0.4898 0.4678 -0.7357
vn -0.4381 0.4855 -0.7565
vn -0.5122 0.5183 -0.6849
vn -0.4788 0.5305 -0.6995
vn -0.4429 0.3544 -0.8235
vn -0.4006 0.3665 -0.8397
vn -0.4466 0.3854 -0.8075
vn -0.3970 0.3994 -0.8264
vn -0.4581 0.4263 -0.7800
vn -0.4225 0.4366 -0.7943
vn -0.4980 0.4713 -0.7279
vn -0.3885 0.3074 -0.8687
vn -0.3725 0.3294 -0.8676
vn -0.4146 0.3477 -0.8409
vn -0.3781 0.3566 -0.8543
vn -0.4395 0.3844 -0.8118
vn -0.4289 0.3871 -0.8162
vn -0.3857 0.2872 -0.8768
vn -0.3503 0.2950 -0.8890
vn -0.3791 0.3162 -0.8697
vn -0.4198 0.2994 -0.8568
vn 0.4705 0.2148 -0.8559
vn 0.7438 0.5070 0.4355
vn 0.7325 0.5407 0.4137
vn -0.6491 -0.0189 0.7605
vn 0.7436 -0.6677 -0.0348
vn 0.7304 -0.6819 0.0385
vn -0.2609 -0.4890 -0.8324
vn -0.3224 -0.4347 -0.8409
vn -0.3129 -0.5565 -0.7697
vn -0.3457 -0.5800 -0.7377
vn -0.4043 -0.4009 -0.8221
vn -0.4088 -0.5162 -0.7526
vn -0.4686 0.5311 -0.7059
vn 0.8379 0.0745 -0.5408
vn 0.5051 -0.1129 -0.8556
vn 0.6697 -0.4004 -0.6254
vn 0.3629 -0.3025 -0.8814
vn 0.6569 -0.0304 -0.7533
vn 0.6321 0.0011 -0.7749
vn 0.6280 0.0164 -0.7781
vn 0.7759 -0.2267 -0.5887
vn 0.7319 -0.1379 -0.6673
vn 0.6887 -0.0483 -0.7234
vn 0.6424 0.0494 -0.7648
vn 0.7211 -0.0811 -0.6880
vn 0.4899 -0.0818 -0.8680
vn 0.4454 -0.2872 -0.8480
vn 0.6489 -0.0778 -0.7569
vn 0.6191 -0.0387 -0.7844
vn 0.8305 0.0943 -0.5490
vn -0.4080 -0.4548 -0.7916
vn -0.3857 -0.4311 -0.8157
vn -0.2934 -0.4168 -0.8604
vn -0.1201 -0.3987 -0.9092
vn 0.2290 -0.5613 -0.7953
vn 0.1164 -0.3587 -0.9262
vn 0.2939 -0.4190 -0.8591
vn 0.4336 -0.4232 -0.7955
vn 0.5869 -0.5276 -0.6142
vn 0.6736 -0.5738 -0.4659
vn 0.3383 -0.2592 -0.9046
vn 0.4780 -0.2963 -0.8269
vn 0.4988 -0.3371 -0.7985
vn 0.5859 -0.3325 -0.7390
vn 0.6125 -0.3863 -0.6897
vn 0.6636 -0.3781 -0.6455
vn 0.6927 -0.4431 -0.5690
vn 0.6967 -0.4420 -0.5650
vn 0.7228 -0.5085 -0.4680
vn 0.7344 -0.5036 -0.4550
vn 0.3920 -0.1472 -0.9081
vn 0.5143 -0.1826 -0.8379
vn 0.5343 -0.2172 -0.8169
vn 0.6029 -0.2156 -0.7682
vn 0.6283 -0.2606 -0.7330
vn 0.6638 -0.2570 -0.7024
vn 0.6958 -0.3167 -0.6446
vn 0.6940 -0.3171 -0.6464
vn 0.7274 -0.3838 -0.5688
vn 0.7111 -0.3886 -0.5860
vn 0.7496 -0.4766 -0.4593
vn 0.7652 -0.4695 -0.4404
vn 0.4347 -0.0413 -0.8996
vn 0.5424 -0.0788 -0.8364
vn 0.5636 -0.1117 -0.8184
vn 0.6150 -0.1119 -0.7806
vn 0.6399 -0.1512 -0.7535
vn 0.6599 -0.1500 -0.7363
vn 0.6918 -0.2017 -0.6933
vn 0.6820 -0.2030 -0.7026
vn 0.7194 -0.2657 -0.6418
vn 0.6760 -0.2741 -0.6841
vn 0.7252 -0.3618 -0.5859
vn 0.7332 -0.3594 -0.5773
vn 0.7752 -0.4510 -0.4423
vn 0.7744 -0.4514 -0.4433
vn 0.5581 -0.0570 -0.8278
vn 0.5570 0.0268 -0.8300
vn 0.5871 -0.0152 -0.8093
vn 0.6226 -0.0164 -0.7824
vn 0.6488 -0.0538 -0.7590
vn 0.6553 -0.0537 -0.7534
vn 0.6865 -0.0986 -0.7205
vn 0.6665 -0.1002 -0.7387
vn 0.7051 -0.1567 -0.6916
vn 0.6445 -0.1648 -0.7467
vn 0.6943 -0.2396 -0.6787
vn 0.6888 -0.2407 -0.6838
vn 0.7456 -0.3353 -0.5758
vn 0.7457 -0.3353 -0.5757
vn 0.7894 -0.4235 -0.4444
vn 0.7756 -0.4300 -0.4622
vn 0.3413 -0.2672 -0.9012
vn 0.5212 -0.0186 -0.8532
vn 0.7126 -0.0236 -0.7012
vn 0.6622 0.0491 -0.7477
vn 0.6431 0.0495 -0.7642
vn 0.6832 -0.0026 -0.7302
vn 0.6521 -0.0038 -0.7581
vn 0.6907 -0.0542 -0.7211
vn 0.6228 -0.0606 -0.7801
vn 0.6689 -0.1211 -0.7334
vn 0.6436 -0.1247 -0.7552
vn 0.7051 -0.2100 -0.6773
vn 0.7031 -0.2105 -0.6792
vn 0.7625 -0.3026 -0.5719
vn 0.7505 -0.3064 -0.5855
vn 0.7967 -0.3907 -0.4611
vn 0.7665 -0.4039 -0.4994
vn 0.5615 -0.0844 -0.8231
vn 0.4678 -0.2783 -0.8389
vn 0.4869 -0.3014 -0.8198
vn 0.7333 -0.2767 -0.6211
vn 0.5746 -0.0525 -0.8168
vn 0.7698 -0.0423 -0.6369
vn 0.6912 0.0663 -0.7197
vn 0.5953 0.0606 -0.8012
vn 0.6544 -0.0075 -0.7561
vn 0.6032 -0.0131 -0.7975
vn 0.6650 -0.0874 -0.7417
vn 0.6576 -0.0886 -0.7482
vn 0.7230 -0.1728 -0.6689
vn 0.7147 -0.1747 -0.6773
vn 0.7743 -0.2597 -0.5770
vn 0.7445 -0.2692 -0.6109
vn 0.7955 -0.3508 -0.4941
vn 0.7707 -0.3610 -0.5250
vn 0.3805 -0.5658 -0.7315
vn -0.0445 -0.5488 -0.8348
vn -0.2526 -0.5547 -0.7928
vn -0.3832 -0.5484 -0.7432
vn -0.4408 -0.5530 -0.7071
vn -0.4075 -0.6365 -0.6548
vn 0.5157 -0.7458 -0.4218
vn -0.4169 0.3184 -0.8513
vn -0.4410 -0.5770 -0.6875
vt 1.153636 -0.438793
vt 1.177886 -0.297811
vt 1.156265 -0.266830
vt -0.428765 0.083485
vt -0.392474 0.203483
vt -0.431040 0.252723
vt 1.014725 1.581097
vt 1.074540 1.622357
vt 1.045033 1.699868
vt 0.100067 2.020756
vt 0.172043 1.955689
vt 0.187759 2.065707
vt -0.396910 0.453716
vt -0.408007 0.388931
vt -0.357617 0.656673
vt -0.362061 0.635380
vt 0.174933 -0.135840
vt -0.417386 0.273565
vt -0.978664 -1.268152
vt -0.918852 -1.331680
vt -0.916139 -1.204769
vt -0.841335 1.247265
vt -0.861945 1.123278
vt -0.787777 1.177931
vt 0.247232 1.099610
vt 0.257428 0.945438
vt 0.267126 1.120433
vt 1.058400 -1.273907
vt 1.096037 -1.148982
vt 1.088540 -1.138389
vt -0.559355 -0.539884
vt -0.643513 -0.487517
vt -0.835949 -0.000000
vt -0.199610 1.406706
vt -0.223147 1.257510
vt -0.222909 1.242027
vt 0.318167 0.943763
vt 0.332131 0.941638
vt -0.019619 0.840322
vt 0.936788 -1.647446
vt 1.012644 -1.627993
vt 1.018879 -1.593899
vt -0.323658 -0.993807
vt -0.311648 -0.982428
vt -0.337184 -0.848066
vt -0.079110 1.852715
vt -0.103598 1.699868
vt -0.019328 1.797393
vt 1.098532 -1.133270
vt 1.117858 -1.008437
vt 0.251644 2.112117
vt 0.195473 2.119042
vt 0.979721 -1.525953
vt 1.034228 -1.511882
vt 1.046409 -1.443386
vt 1.068202 1.416870
vt 1.091111 1.247919
vt 1.096859 1.257510
vt -0.404491 0.042669
vt -0.417339 -0.061308
vt -0.616210 -0.510158
vt 1.058877 0.716023
vt 1.085871 0.567705
vt 1.127743 0.635380
vt -0.339659 -0.740235
vt -0.385371 -0.699980
vt -0.410918 -0.671710
vt 0.357962 1.514389
vt 0.324713 1.409069
vt 0.361042 1.366244
vt 1.138681 -0.601542
vt 1.195827 -0.539880
vt 1.192500 -0.498528
vt 1.126777 0.656673
vt 1.124292 0.711566
vt 0.590065 1.663365
vt 0.507736 1.770297
vt -0.115298 1.622357
vt -0.093554 0.771050
vt -0.058031 0.805889
vt 0.594557 1.777881
vt 0.503474 1.777392
vt 0.701450 -0.593965
vt 0.000000 -1.570073
vt -0.108580 -1.620288
vt -0.108338 -1.621167
vt 0.682383 1.632687
vt 0.423690 1.678282
vt 0.395272 1.612860
vt 0.436475 1.561485
vt 0.273935 1.950326
vt 0.254904 1.956893
vt 0.214323 1.956400
vt 0.256704 1.971299
vt 0.503378 1.775917
vt 0.502135 1.777251
vt 0.418355 1.862942
vt 0.421460 1.901193
vt 0.380152 1.891793
vt 0.343685 2.004635
vt 0.335584 1.924252
vt 0.270803 2.086804
vt 0.687466 1.623764
vt 0.682064 1.623309
vt 0.510173 1.907604
vt -0.084678 1.684851
vt -0.012781 1.808203
vt -0.014805 1.805245
vt 0.296690 1.309913
vt 0.350017 1.201241
vt 0.318167 2.102043
vt 0.273468 2.109197
vt 1.106734 0.805886
vt 0.610694 1.634727
vt -0.345598 0.711566
vt 0.703442 1.632089
vt 0.682966 1.663457
vt -0.478272 -0.612399
vt 0.606794 1.777735
vt 0.595006 1.794361
vt -0.195223 -0.888402
vt -0.213486 -0.869932
vt 0.256967 -0.931586
vt 0.511526 1.907633
vt 0.510242 1.909274
vt -0.851429 -0.101508
vt -0.843605 -0.040871
vt -0.690252 -0.458324
vt -0.104037 -0.984099
vt -0.115986 -0.972456
vt -0.834844 0.031834
vt -0.484861 -0.606620
vt -0.189405 -0.894436
vt -0.729077 -0.432881
vt 0.000000 -1.663815
vt 0.432200 1.681833
vt 0.363990 1.519033
vt -0.109532 -1.615476
vt -0.110245 -1.513648
vt 0.256967 -1.772361
vt 0.701450 -1.772361
vt 0.894436 -1.772361
vt 0.972456 -1.772361
vt 0.986746 -1.741051
vt -0.802681 -0.354823
vt -0.857029 -0.155967
vt -0.488736 -0.604095
vt -0.754888 -0.414884
vt -0.830993 -0.311941
vt -0.851306 -0.237065
vt 0.134472 2.124766
vt 1.132840 0.523400
vt -0.085957 -0.696552
vt -0.079815 -0.505769
vt -0.081570 -0.507430
vt 1.118847 0.829163
vt 1.120421 0.795203
vt 1.017575 0.636595
vt 0.099466 2.127123
vt 0.032554 2.080545
vt 1.108132 1.055296
vt 1.071817 0.967648
vt 1.113724 0.938146
vt 1.027844 0.869262
vt 0.989156 0.782469
vt -0.444339 0.782469
vt -0.502812 0.705616
vt -0.458320 0.636595
vt -0.421240 -0.117766
vt -0.423649 -0.240165
vt -0.269614 -0.811411
vt -0.287094 -0.795163
vt 1.097894 1.242027
vt -0.229364 1.247919
vt -0.236154 1.181188
vt 1.027603 1.131992
vt 1.106778 1.083071
vt 0.991570 1.026172
vt 0.957086 0.932664
vt -0.428689 0.932664
vt -0.489203 0.850236
vt -0.547709 0.776205
vt 1.084072 1.466542
vt 1.087523 1.406706
vt 1.020101 1.296574
vt 0.944765 1.185001
vt 0.919803 1.085924
vt -0.410681 1.085924
vt -0.473731 0.998819
vt -0.534619 0.920901
vt -0.593797 0.849631
vt 1.078973 1.550560
vt 0.978710 1.459099
vt 0.942489 1.343761
vt -0.338164 1.343761
vt -0.397029 1.240538
vt -0.343705 1.185001
vt 0.891873 1.240538
vt 0.855502 1.149911
vt -0.454717 1.149911
vt -0.519140 1.069180
vt -0.581601 0.996325
vt -0.643696 0.930227
vt 0.160564 1.951506
vt 0.082856 1.910862
vt 0.066982 1.896675
vt 0.010052 1.949169
vt 0.979372 1.852715
vt 0.956722 1.738526
vt 0.927694 1.617469
vt 0.897127 1.500415
vt 0.869102 1.394476
vt -0.385835 1.394476
vt -0.450911 1.301456
vt -0.504777 1.219040
vt -0.565466 1.146309
vt -0.631561 1.079651
vt -0.695118 1.014773
vt 0.117220 2.126219
vt -0.054919 1.993928
vt 0.910752 1.993928
vt 0.895092 1.886874
vt 0.872821 1.769357
vt 0.847919 1.652656
vt 0.824296 1.545356
vt -0.364647 1.545356
vt -0.432499 1.450853
vt -0.499143 1.367729
vt -0.564513 1.296690
vt -0.622122 1.230794
vt -0.680082 1.165754
vt -0.745257 1.099391
vt 1.181933 -0.663965
vt 1.198120 -0.567042
vt 0.985785 1.409069
vt 0.487078 1.828428
vt 1.028878 1.278800
vt -0.753306 -0.507323
vt -0.501594 1.919568
vt -0.510242 1.909274
vt 0.284870 1.948555
vt 0.041608 2.130023
vt -0.019619 2.131005
vt -0.031392 2.120600
vt -0.115153 2.022977
vt 0.830512 2.022977
vt 0.814507 1.911561
vt 0.795085 1.797400
vt 0.775742 1.690152
vt -0.341874 1.690152
vt -0.410701 1.594919
vt -0.478730 1.512534
vt -0.547986 1.443609
vt -0.617355 1.379714
vt -0.685342 1.315893
vt -0.740592 1.249188
vt -0.576078 -0.592759
vt 0.849369 -1.677499
vt 0.811411 -1.772361
vt 0.869932 -1.772361
vt -0.327815 0.795203
vt -0.293522 0.938146
vt -0.319984 0.829163
vt -0.351152 2.084554
vt -0.417759 2.017781
vt 0.162214 2.070022
vt 1.206321 0.420133
vt 1.187367 0.535898
vt -0.707232 1.625900
vt -0.029227 2.131131
vt -0.058031 2.130566
vt -0.111931 -0.858226
vt -0.092976 -0.877653
vt 0.771050 2.129666
vt 0.760606 2.111660
vt 0.753229 2.039912
vt 0.738908 1.930581
vt 0.723644 1.825023
vt -0.317619 1.825023
vt -0.386893 1.729885
vt -0.455727 1.649206
vt -0.525930 1.582648
vt -0.596708 1.521686
vt -0.666474 1.460218
vt -0.733462 1.394917
vt -0.795539 1.323627
vt 1.044114 0.488857
vt -0.517785 0.562433
vt -0.564266 0.636493
vt -0.611722 0.712244
vt -0.663428 0.794186
vt -0.717481 0.880381
vt -0.770980 0.967240
vt -0.819906 1.049268
vt 1.136012 0.453716
vt 1.113844 0.414450
vt 1.139003 0.388931
vt -0.381722 0.149267
vt 1.163510 -0.061308
vt 1.146346 -0.091006
vt 1.166696 -0.117766
vt 1.174118 -0.240165
vt 1.069599 0.332539
vt -0.424350 0.414450
vt -0.484196 0.332539
vt 1.049695 0.168020
vt 1.130340 0.252723
vt 1.123422 0.083485
vt 1.080678 -0.003310
vt -0.491427 -0.003310
vt -0.437920 -0.091006
vt 1.095833 -0.178410
vt -0.499415 -0.178410
vt -0.442065 -0.266830
vt 1.099158 -0.352550
vt -0.501879 -0.352550
vt -0.441360 -0.438793
vt 1.090412 -0.520169
vt -0.498660 -0.520169
vt -0.435876 -0.601542
vt 1.070486 -0.676267
vt -0.471470 0.488857
vt -0.532634 0.410817
vt 1.005089 0.410817
vt 1.019833 0.250781
vt -0.542435 0.250781
vt -0.476134 0.168020
vt -0.542906 0.082958
vt -0.555638 -0.090618
vt -0.562124 -0.266051
vt -0.562256 -0.438002
vt -0.556045 -0.600943
vt -0.490141 -0.676267
vt -0.544312 -0.750603
vt -0.580860 0.488590
vt -0.597279 0.332420
vt 0.968025 0.332420
vt 0.954009 0.168097
vt 1.017289 0.082958
vt -0.591081 0.168097
vt -0.610582 -0.003310
vt -0.621783 -0.179009
vt -0.626284 -0.354366
vt -0.623691 -0.523785
vt -0.614391 -0.682177
vt -0.591454 -0.826120
vt -0.629631 0.566877
vt -0.647650 0.413651
vt -0.660942 0.252458
vt -0.663764 0.083576
vt -0.680328 -0.091364
vt -0.689930 -0.268840
vt -0.691968 -0.443625
vt -0.686204 -0.610086
vt -0.673442 -0.763693
vt -0.639496 -0.901923
vt -0.682754 0.649884
vt -0.702037 0.497830
vt -0.721318 0.338152
vt -0.717272 0.170830
vt -0.739578 -0.003310
vt -0.753652 -0.181815
vt -0.760268 -0.360395
vt -0.758717 -0.533648
vt -0.749149 -0.696413
vt -0.721895 -0.845005
vt -0.705077 -0.977736
vt -0.738805 0.736925
vt -0.759505 0.585223
vt -0.779894 0.425908
vt -0.796498 0.259255
vt -0.799059 0.085683
vt -0.817963 -0.093368
vt -0.829402 -0.274766
vt -0.832781 -0.453803
vt -0.827560 -0.625188
vt -0.812356 -0.784344
vt -0.779541 -0.928332
vt -0.775869 -1.056062
vt -0.794586 0.824914
vt -0.816915 0.673708
vt -0.838515 0.514710
vt -0.859618 0.348556
vt -0.857147 0.175616
vt -0.880430 -0.003310
vt -0.896508 -0.186148
vt -0.904931 -0.369177
vt -0.904724 -0.547501
vt -0.895660 -0.716142
vt -0.864800 -0.871159
vt -0.855744 -1.010265
vt -0.847180 -1.132825
vt -0.846362 0.909506
vt -0.870811 0.760055
vt -0.893999 0.602311
vt -0.916432 0.437289
vt -0.936068 0.265548
vt -0.938169 0.087622
vt -0.959108 -0.095203
vt -0.972417 -0.280210
vt -0.977467 -0.463238
vt -0.973420 -0.639400
vt -0.954745 -0.804162
vt -0.931146 -0.954217
vt -0.927861 -1.087843
vt -0.891824 0.987498
vt -0.918678 0.841276
vt -0.943721 0.686131
vt -0.967615 0.523355
vt -0.990682 0.353783
vt 0.711866 0.353783
vt 0.703625 0.177949
vt 0.763386 0.265548
vt 0.757758 0.087622
vt -0.989758 0.177949
vt -1.014284 -0.003310
vt -1.032069 -0.188124
vt -1.042109 -0.373212
vt -1.043319 -0.554184
vt -1.035188 -0.726387
vt -1.003277 -0.885846
vt -1.000558 -1.029893
vt -0.993488 -1.157316
vt -0.423059 -0.754605
vt -0.469532 -0.824273
vt -0.515859 -0.894559
vt -0.576617 -0.967254
vt -0.641903 -1.040561
vt -0.709274 -1.114739
vt -0.780680 -1.191343
vt -0.851826 -1.264968
vt 1.020863 -1.402106
vt 1.055630 -1.391993
vt 1.072254 -1.294785
vt 1.076929 -1.267016
vt 1.153802 -0.807089
vt 1.142660 -0.840913
vt 1.147896 -0.837827
vt 1.024541 -0.824273
vt 1.115184 -0.754605
vt -0.391669 -0.904763
vt 1.043034 -0.904763
vt 1.106706 -0.993807
vt 0.945246 -0.894559
vt 0.980276 -0.967672
vt -0.449554 -0.967672
vt -0.381978 -1.048322
vt 1.029065 -1.048322
vt -0.509973 -1.033334
vt -0.440008 -1.104120
vt -0.367316 -1.183748
vt 1.002684 -1.183748
vt -0.573323 -1.102626
vt -0.500831 -1.165557
vt -0.426151 -1.233574
vt -0.349618 -1.312053
vt 0.968806 -1.312053
vt -0.638918 -1.173246
vt -0.564769 -1.231348
vt -0.488034 -1.291322
vt -0.409996 -1.357904
vt -0.330195 -1.435863
vt 0.930834 -1.435863
vt -0.707303 -1.245381
vt -0.630975 -1.298996
vt -0.552524 -1.353623
vt -0.472781 -1.411934
vt -0.392459 -1.478974
vt -0.309875 -1.557590
vt 0.891048 -1.557590
vt 0.994263 -1.722615
vt 0.990859 -1.739983
vt -0.778799 -1.319058
vt -0.699563 -1.368093
vt -0.618546 -1.417226
vt -0.537272 -1.469786
vt -0.455716 -1.528243
vt -0.373703 -1.597167
vt -0.288614 -1.677499
vt 0.891295 -1.765938
vt -0.848390 -1.387813
vt -0.769689 -1.436999
vt -0.686011 -1.481412
vt -0.601875 -1.527132
vt -0.519167 -1.579299
vt -0.436663 -1.639408
vt -0.353221 -1.710798
vt 0.888402 -1.772361
vt 1.175616 -0.700503
vt -0.146167 1.550560
vt -0.343361 -0.840913
vt 1.184935 -0.398765
vt -0.651200 -0.508884
vt 1.184607 -1.401095
vt 0.891371 -1.745416
vt 0.976273 -1.692640
vt 1.140536 -1.502215
vt 1.060576 -1.615476
vt 0.038347 -0.003311
vt 0.049278 0.197424
vt 0.044374 0.192288
vt 1.144793 0.273565
vt -0.093752 2.129670
vt -0.114995 2.111660
vt -0.093554 2.129666
vt -0.104475 -0.711445
vt -0.701450 -1.772361
vt 1.247189 -0.858226
vt 1.280771 -0.491016
vt -0.132926 -1.081488
vt -0.140569 -1.198865
vt -0.106047 -1.226802
vt 0.428814 2.006325
vt 0.417759 2.017781
vt 0.707232 1.625900
vt 0.805889 2.130566
vt 0.351152 2.084554
vt 0.332131 2.099792
vt 0.099466 0.915229
vt 0.117220 0.924419
vt 0.134472 0.929866
vt 0.041608 0.884992
vt 0.195473 0.945553
vt 0.251644 0.949945
vt 0.273468 0.950260
vt -1.016285 -0.000000
vt -0.976273 0.082202
vt -0.950532 0.073394
vt 0.501594 1.919568
vt 0.662804 1.925614
vt 0.654427 1.852994
vt 0.671021 1.939759
vt -0.639829 1.798208
vt -0.701357 1.748399
vt -0.644388 1.704905
vt -0.566504 1.764947
vt -0.488328 1.823821
vt -0.492516 1.827405
vt 0.433254 1.696980
vt 0.508139 1.671864
vt -0.383777 -0.663965
vt -0.381350 -0.700503
vt -0.348577 -0.807089
vt -0.100714 -1.056692
vt -0.230307 -1.443386
vt -0.209464 -1.511882
vt 0.459093 1.739213
vt 0.513013 1.748399
vt 0.166933 0.771639
vt 0.163212 0.677226
vt 0.254233 0.774063
vt 0.191385 0.875268
vt 0.147075 0.299414
vt 0.155464 0.492475
vt 0.087037 0.420133
vt 0.139062 0.651417
vt -0.079206 -0.491016
vt 0.018780 -0.411733
vt 0.027988 -0.207788
vt -0.047877 -0.283449
vt 1.238978 -1.081488
vt 1.240048 -1.030616
vt 0.834844 -1.772361
vt 1.264632 -0.146762
vt 1.254068 -0.047336
vt -0.891371 0.052412
vt 1.244316 0.028730
vt 0.703939 2.003617
vt -0.479584 1.831207
vt -0.435919 1.772505
vt -0.179259 -1.593899
vt 0.622666 1.616485
vt -0.612894 1.804439
vt 1.128315 -1.523677
vt -0.420683 1.844666
vt -0.363385 1.852994
vt -0.384396 -0.567042
vt -0.142333 -1.252723
vt -0.142238 -1.358876
vt -0.109044 -1.381076
vt 0.363933 1.531478
vt 1.101302 1.181188
vt -0.478272 -1.772361
vt -0.417905 -1.744271
vt -0.504946 -1.679420
vt 0.272695 1.209062
vt -0.271526 -1.294785
vt -0.246508 -1.391993
vt 0.050998 0.228172
vt -0.117286 -1.746328
vt -0.128226 -1.722615
vt -0.856824 -0.206169
vt -0.177364 1.466542
vt -0.252490 1.083071
vt -0.260733 1.055296
vt -0.114075 -0.894696
vt -0.128109 -1.030616
vt -0.312120 -1.008437
vt -0.302045 -1.133270
vt -0.004540 -0.047336
vt -0.115986 -1.772361
vt -0.104037 -1.772361
vt -0.421649 -0.297811
vt 0.938436 1.514389
vt 0.929216 1.531478
vt 0.554735 1.813424
vt -0.383871 0.523400
vt 0.479584 1.831207
vt 0.420683 1.844666
vt -0.920539 -0.000000
vt -0.341074 -0.837827
vt 0.228541 2.003617
vt 0.309779 1.925614
vt 0.293266 1.939759
vt -0.595006 1.794361
vt 0.737461 2.070022
vt -0.167704 -1.627993
vt 0.725063 2.046753
vt -0.120774 -1.739983
vt 0.675360 1.948555
vt -0.278169 -1.267016
vt -0.299893 -1.148982
vt 0.638940 1.881168
vt 0.709929 1.729885
vt -0.140581 -1.401095
vt -0.131814 -1.502215
vt 1.198090 -1.358876
vt -0.356654 1.881168
vt -0.382518 1.867311
vt 1.221998 -1.252723
vt 1.229740 -1.198865
vt 1.272312 -0.711445
vt 1.274776 -0.679401
vt 1.242150 -0.894696
vt -0.487078 1.828428
vt -0.509876 1.706502
vt 1.281130 -0.507430
vt 1.277308 -0.325423
vt 1.281152 -0.504225
vt 1.275074 -0.283449
vt -0.554735 1.813424
vt -0.584717 1.646383
vt 0.950532 -1.711106
vt 1.056375 -1.621167
vt 1.057165 -1.620288
vt 1.223918 0.192288
vt -0.606794 1.777735
vt -0.682966 1.663457
vt -0.703442 1.632089
vt -0.511526 1.907633
vt 0.356654 1.881168
vt -0.428814 2.006325
vt -0.624405 1.802066
vt -0.658706 1.584842
vt -0.332131 2.099792
vt 0.093554 2.129666
vt 0.114995 2.111660
vt 0.093752 2.129670
vt 0.187146 2.046753
vt 1.221311 0.228172
vt 1.213576 0.374136
vt 1.223450 0.201164
vt 1.167251 0.651417
vt 1.159991 0.691698
vt -0.692797 0.490373
vt -0.701357 0.513013
vt -0.639829 0.514340
vt -0.719715 1.638306
vt -0.729900 1.518031
vt 1.130942 0.840486
vt 1.123453 0.875268
vt 1.144517 0.771639
vt 1.059836 1.133110
vt 1.045157 1.209062
vt 1.068745 1.099610
vt 1.021195 1.309913
vt 0.877675 1.612860
vt 0.727451 1.758594
vt 0.692797 1.777387
vt 0.612894 1.804439
vt 0.809754 1.696980
vt 0.758660 1.739213
vt 0.827691 1.678282
vt 0.492516 1.827405
vt -0.385371 -1.772361
vt -0.339659 -1.772361
vt -0.727451 0.474077
vt 0.474077 1.758594
vt -0.775116 1.671864
vt -0.789471 1.561213
vt -0.795706 1.443010
vt 1.098042 0.987547
vt 0.382518 1.867311
vt 0.934376 1.522653
vt 0.639829 1.798208
vt 0.624405 1.802066
vt 0.820396 1.686832
vt -0.488736 -1.772361
vt -0.484861 -1.772361
vt 0.427696 1.686832
vt 0.499853 1.584006
vt 0.570177 1.561213
vt 0.559751 1.475135
vt -0.852119 1.475135
vt -0.854868 1.361128
vt -0.895221 1.232968
vt 0.550113 1.205671
vt 0.614360 1.100108
vt 0.604018 1.232968
vt 0.487996 1.163152
vt 0.561340 1.063757
vt 0.419012 1.104540
vt 0.497763 1.012398
vt 0.341261 1.030921
vt 0.424123 0.945638
vt 0.342094 0.865037
vt 0.183028 0.840486
vt 0.148274 0.691698
vt -0.826467 -0.413674
vt -0.932941 -0.204463
vt -0.921586 1.100108
vt 0.627028 0.954699
vt -0.953498 0.954699
vt 0.571204 0.908887
vt 0.637135 0.798384
vt -0.982416 0.798384
vt 0.504342 0.848718
vt 0.578804 0.742925
vt 0.645461 0.632854
vt -1.009461 0.632854
vt 0.427065 0.774300
vt 0.508996 0.674072
vt 0.584791 0.567608
vt 0.652548 0.459426
vt -1.035272 0.459426
vt 0.341271 0.687598
vt 0.428431 0.592425
vt 0.512247 0.490097
vt 0.589603 0.384177
vt 0.658649 0.278926
vt -1.059945 0.278926
vt 0.249779 0.592233
vt 0.339206 0.500292
vt 0.428617 0.401438
vt 0.514388 0.297915
vt 0.583917 0.193490
vt 0.651515 0.092087
vt -1.061983 0.092087
vt 0.112857 0.535898
vt 0.244396 0.401323
vt 0.336192 0.304297
vt 0.422484 0.202389
vt 0.506925 0.098551
vt 0.586758 -0.003310
vt 0.657003 -0.099654
vt -1.085390 -0.099654
vt -0.287094 -1.772361
vt -0.269614 -1.772361
vt 0.076891 0.374136
vt 0.235857 0.202341
vt 0.327549 0.100737
vt 0.420170 -0.003310
vt 0.508155 -0.106168
vt 0.588142 -0.203901
vt 0.658112 -0.293464
vt -1.100243 -0.293464
vt 0.045939 0.201164
vt 0.136845 0.099064
vt 0.229075 -0.003311
vt 0.323818 -0.108370
vt 0.417508 -0.212926
vt 0.505986 -0.312824
vt 0.585770 -0.404321
vt 0.654860 -0.485045
vt 0.717521 -0.373212
vt -1.105886 -0.485045
vt 0.010945 0.028730
vt 0.128316 -0.106675
vt 0.222361 -0.212861
vt 0.318307 -0.319311
vt 0.412454 -0.421936
vt 0.500624 -0.516377
vt 0.579423 -0.599352
vt 0.646982 -0.669323
vt 0.712783 -0.554184
vt -1.101315 -0.669323
vt -0.023684 -0.146762
vt 0.119824 -0.314241
vt 0.215065 -0.421734
vt 0.311382 -0.526700
vt 0.405052 -0.624530
vt 0.492024 -0.711022
vt 0.568178 -0.783569
vt 0.628090 -0.841523
vt 0.702980 -0.726387
vt -1.075266 -0.841523
vt -0.054787 -0.325423
vt 0.111868 -0.518453
vt 0.207482 -0.624087
vt 0.303219 -0.724449
vt 0.393025 -0.814827
vt 0.474686 -0.891453
vt 0.552017 -0.952472
vt 0.619664 -0.998055
vt -1.064794 -0.998055
vt -0.081147 -0.504225
vt 0.011241 -0.609673
vt 0.104799 -0.713444
vt 0.198751 -0.814058
vt 0.290874 -0.907110
vt 0.385095 -0.988105
vt 0.472925 -1.053842
vt 0.550618 -1.103170
vt 0.616143 -1.136921
vt -1.060662 -1.136921
vt -0.101457 -0.679401
vt 0.005681 -0.796064
vt 0.097896 -0.893942
vt 0.193111 -0.986980
vt 0.289476 -1.070859
vt 0.382827 -1.141480
vt 0.468993 -1.196218
vt 0.544639 -1.234502
vt 0.608009 -1.257631
vt -1.047005 -1.257631
vt -1.000577 -1.367464
vt -1.014590 -1.463732
vt -0.935718 -1.432869
vt -1.017060 -1.552461
vt -0.944209 -1.530127
vt -1.004799 -0.400180
vt -0.940591 -0.496284
vt -1.017060 -0.484207
vt -0.976325 -0.305591
vt -0.921716 -0.408857
vt -0.886441 -0.310718
vt -0.878840 -0.101402
vt -0.859158 -1.489533
vt -0.940591 -1.618304
vt -0.861415 -1.586595
vt -0.773405 -1.537564
vt -0.851483 -0.503817
vt -0.851483 -1.673208
vt -0.769069 -1.633301
vt -0.682910 -1.580457
vt -0.769069 -0.585350
vt -0.672263 -0.588229
vt -0.672263 -1.674531
vt -0.592238 -1.624598
vt -0.576078 -1.718005
vt -0.410918 -1.772361
vt 0.671710 -1.772361
vt 0.699980 -1.772361
vt 0.690265 -1.744271
vt 0.740235 -1.772361
vt 0.795163 -1.772361
vt 0.769790 -1.710798
vt 0.989504 -1.746328
vt -0.128786 -1.523677
vt 0.561456 1.346195
vt 0.611295 1.361128
vt 0.503048 1.457498
vt -0.910299 1.346195
vt 0.501789 1.315518
vt 0.436554 1.421540
vt 0.430045 1.267154
vt 0.360689 1.522653
vt 0.289210 1.278800
vt 0.255755 1.133110
vt 0.218691 0.987547
vt -0.029227 0.833138
vt 0.553357 -1.357362
vt 0.480246 -1.332339
vt 0.394975 -1.290125
vt 0.300354 -1.230357
vt 0.200599 -1.155046
vt 0.100137 -1.068203
vt 0.002006 -0.974507
vt -1.069390 -1.357362
vt 0.485435 -1.451850
vt 0.555372 -1.463732
vt 0.484207 -1.552461
vt 0.402380 -1.422975
vt 0.404111 -1.536467
vt 0.400180 -1.628921
vt 0.308448 -1.375787
vt 0.312141 -1.502415
vt 0.311089 -1.607210
vt -1.059645 -0.311089
vt 0.207434 -1.311508
vt 0.211582 -1.450681
vt 0.212414 -1.568290
vt 0.209893 -1.662144
vt -1.024268 -0.209893
vt 0.103542 -1.233793
vt 0.106438 -1.384390
vt 0.107691 -1.514637
vt 0.107156 -1.621006
vt -1.064613 -0.107156
vt -0.976049 -0.104940
vt 0.000196 -1.147489
vt -0.000000 -1.308325
vt 0.000000 -1.450765
vt -1.056375 0.108338
vt -0.123925 -1.741051
vt -0.413357 -0.398765
vt -0.399091 -0.498528
vt -0.391249 -0.539880
vt 1.158049 0.042669
vt 1.121624 -0.982428
vt 1.145737 -0.848066
vt -0.962002 0.569213
vt -0.878937 0.552163
vt -0.880746 0.501438
vt -0.673382 0.000000
vt -0.709708 -0.155937
vt -0.608354 -0.094780
vt -0.223402 -1.453670
vt -0.219033 -1.307516
vt -0.757317 0.000000
vt -0.768275 0.160753
vt -0.792854 0.106152
vt -0.638322 1.721112
vt -0.632503 1.767544
vt -0.736052 1.625837
vt -0.595968 0.094121
vt -0.200923 -0.963037
vt -0.133596 -1.081430
vt -0.129329 -1.030510
vt 0.929232 -1.603706
vt 1.013228 -1.500704
vt 0.987434 -1.501282
vt 1.042036 -1.448053
vt 1.084872 -1.391998
vt 1.097725 -1.367769
vt 0.169504 1.467133
vt 0.170040 1.302669
vt 0.188260 1.319273
vt -0.782386 -1.181051
vt -0.859099 -1.213081
vt -0.863953 -1.255374
vt 0.680056 1.543502
vt 0.649594 1.637416
vt -1.004593 1.721112
vt 0.792939 1.641069
vt 0.814953 1.643262
vt 0.727661 1.787470
vt -0.478059 -0.607156
vt -0.488619 -0.575276
vt -0.478073 -0.337990
vt -0.631231 0.315952
vt -0.650384 0.366740
vt -0.597267 0.390272
vt 0.721092 1.399268
vt 0.730835 1.334790
vt 0.721880 1.395561
vt -0.870243 0.592538
vt 0.414098 2.104218
vt 0.396034 2.107553
vt 0.394891 2.095560
vt 0.580157 2.137520
vt 0.610016 2.081023
vt 0.633049 2.122671
vt -0.850465 0.660810
vt -0.810685 0.721386
vt 0.724425 1.673890
vt 0.748328 1.636241
vt 1.063083 1.591700
vt -0.417284 1.936629
vt -0.444314 1.839189
vt -0.436802 1.841973
vt -0.379396 -0.000000
vt -0.315252 -0.000000
vt -0.330421 -0.055402
vt -0.736365 1.625993
vt -0.495761 -0.386445
vt -0.310425 0.074718
vt -0.306605 0.146981
vt -0.241845 0.351675
vt -0.508229 -0.489378
vt -1.025369 1.141783
vt -0.377817 1.855453
vt -0.673957 1.608584
vt -0.733822 1.624546
vt -0.678861 1.591700
vt -0.280686 0.264377
vt -0.265812 0.313087
vt 0.851742 0.528007
vt -0.312455 0.021156
vt 0.085143 1.216328
vt 0.084725 1.037681
vt 0.148374 1.108144
vt -0.335742 -0.072686
vt -0.573005 -0.648037
vt -0.500637 -0.621947
vt -0.500730 -0.628930
vt -0.199426 0.434618
vt -0.177821 0.475752
vt -0.153110 0.511144
vt -0.049988 0.643340
vt 0.375884 0.814102
vt 0.414098 0.805728
vt 0.477306 0.785933
vt 0.523455 0.767568
vt -0.057612 0.634798
vt -0.103178 0.580157
vt -0.187444 -0.401297
vt -0.096211 -0.502924
vt -0.094780 -0.489672
vt 0.710975 -1.580291
vt 0.710660 -1.580627
vt 0.824054 -1.599366
vt 0.896059 1.780992
vt 0.901517 1.642847
vt 0.906721 1.642066
vt 0.559788 0.751300
vt 0.639062 0.709358
vt 0.697179 0.672996
vt -1.203816 0.232574
vt -1.207112 0.196517
vt 0.396034 0.811042
vt -0.092886 -0.101232
vt -0.054661 -0.144088
vt -0.040578 -0.044225
vt -0.790444 -0.134354
vt -0.512068 1.824160
vt -0.889134 1.541565
vt -0.898552 1.524425
vt -0.947215 1.418775
vt -0.983997 1.319273
vt -0.992136 1.288046
vt -0.509197 -0.462661
vt -0.810122 0.847271
vt -0.732680 0.843856
vt -0.810165 0.867481
vt 0.764369 1.292568
vt 0.803926 1.391253
vt 0.722120 1.397279
vt 0.816957 -1.570028
vt 0.857444 -1.562633
vt 0.918134 -1.540054
vt -0.211246 -1.141719
vt -0.187569 -0.595842
vt -0.096511 -0.506140
vt 0.544861 1.930456
vt 0.473405 2.030892
vt 0.472402 2.017294
vt 0.461377 2.028757
vt 0.155284 1.141783
vt -0.908873 1.902793
vt -0.971751 1.786717
vt 0.478059 1.993019
vt -0.836711 1.623168
vt 0.744599 1.642445
vt 0.649210 1.788409
vt 0.637541 1.805065
vt 0.641505 1.920366
vt 0.554736 1.918506
vt 0.558871 2.037777
vt 0.553460 1.920149
vt 0.168685 1.218041
vt 0.182108 1.288046
vt 0.166784 1.614770
vt 0.241702 1.524425
vt 0.244148 1.532713
vt 0.247095 1.541565
vt 0.242453 1.663385
vt -0.094287 -0.304445
vt -0.077302 -0.323479
vt -1.185091 0.425476
vt -1.163870 0.541811
vt -0.685179 1.769231
vt -0.716540 1.749812
vt -0.767990 1.707490
vt 0.816322 1.781383
vt 0.816683 1.643304
vt 0.727750 1.915654
vt 0.642592 2.035640
vt 0.275862 1.623168
vt 1.158292 0.284830
vt 1.157933 0.328539
vt 1.153669 0.348611
vt 0.648696 1.781010
vt 0.573005 1.881192
vt 0.574293 1.823190
vt -0.090701 0.100310
vt -0.029104 0.032187
vt 0.000000 0.584752
vt 0.025152 0.425476
vt 0.044364 0.541811
vt -0.449758 1.838165
vt 0.714891 0.661432
vt 0.783284 0.603998
vt 0.711015 0.663981
vt -0.501636 -0.542216
vt -0.337550 -0.076734
vt 0.799645 0.590140
vt -0.863235 0.102970
vt -0.313579 1.892008
vt -0.339520 1.878131
vt -0.266485 1.936508
vt 0.000000 0.397037
vt -0.556520 0.943565
vt -0.543576 0.933459
vt -0.550851 0.894897
vt 0.212282 1.418775
vt -0.417663 -0.220828
vt -0.415168 -0.216799
vt -0.964237 0.106930
vt 1.170941 -0.878540
vt 1.180554 -0.849707
vt 1.231490 -0.507501
vt 1.231870 -0.442690
vt 1.228852 -0.331331
vt 0.662794 -1.577409
vt -0.371488 -0.144732
vt -0.532556 -0.304024
vt -0.459699 -0.288545
vt 0.543576 -1.740766
vt 0.590863 -1.684587
vt 0.620052 -1.643391
vt 0.516241 -1.772361
vt -1.009476 1.218041
vt 1.214082 -0.134354
vt 1.193578 0.000000
vt -0.812343 -0.673074
vt -0.806712 -0.687822
vt -0.778183 -0.502663
vt 0.721620 1.397232
vt -0.072298 -0.281341
vt -0.089804 0.296793
vt 0.000000 0.232574
vt 0.017630 0.379251
vt 0.314612 1.778684
vt 0.311515 1.707490
vt 0.336317 1.749812
vt 0.000000 0.763897
vt 0.064019 0.657895
vt 0.070969 0.698371
vt -0.579606 1.823156
vt -0.597267 1.808918
vt -0.581815 1.812783
vt 0.083878 0.860040
vt 0.085189 0.778695
vt 0.097527 0.847867
vt -0.498164 1.879896
vt -0.570288 1.815160
vt -0.579606 0.390343
vt -0.305638 0.155268
vt -1.034831 1.108144
vt -1.066049 0.995597
vt 1.009906 -1.484612
vt -0.991184 -1.772361
vt -1.063083 1.591700
vt -0.804476 -1.344164
vt -1.193246 0.379251
vt 1.220820 -0.689510
vt 1.222485 -0.673074
vt -0.339617 -0.072705
vt -0.368190 1.899707
vt -0.292236 1.979395
vt 1.139566 -1.255374
vt -0.004617 0.196517
vt -0.749427 -1.001253
vt -0.847019 -1.070439
vt -0.728970 0.664159
vt -0.800675 0.704438
vt 0.789247 1.254862
vt 0.615755 1.730293
vt 0.590540 1.790202
vt -0.295739 0.232257
vt -0.306511 0.152228
vt 0.543369 1.886259
vt -0.384604 0.153175
vt -0.341596 0.074864
vt -0.224386 0.394251
vt -0.458282 -0.291172
vt -0.456926 -0.288485
vt -0.493292 -0.373691
vt -0.375747 -0.151843
vt -0.623540 1.764300
vt 0.992204 1.625993
vt 1.155429 0.162468
vt 0.799493 1.234262
vt 0.708856 -1.580240
vt 1.149229 -1.213081
vt 0.710562 -1.580263
vt -0.615049 1.786717
vt -0.609423 1.914278
vt -0.569800 1.902793
vt -0.712706 1.780992
vt -0.686950 1.921117
vt 0.801447 1.921117
vt 1.219200 -0.182184
vt 0.539176 1.962212
vt 0.536604 1.936508
vt 0.544642 1.950669
vt 0.714891 2.039481
vt 1.167687 -1.070439
vt 1.171296 -0.981722
vt 1.168471 -1.050268
vt 0.905548 1.053950
vt 0.860288 1.137308
vt -0.590140 2.016194
vt -0.530033 1.994259
vt -0.528007 1.998864
vt -0.603998 2.020705
vt -0.661432 2.039481
vt 0.548876 1.959474
vt 0.697179 2.043798
vt 0.711015 2.040428
vt 1.055035 0.704438
vt 1.002582 0.847271
vt 1.061605 0.683055
vt 1.114920 0.502849
vt 1.107683 0.531281
vt 0.930267 1.009056
vt 0.994602 0.867793
vt 0.550160 2.069288
vt 0.576905 2.014583
vt 0.597730 2.057745
vt 0.556255 2.136177
vt 0.639062 2.057703
vt 0.622495 2.061626
vt 0.995886 0.864823
vt 0.463973 1.979395
vt -0.003547 0.205435
vt 1.170202 0.106152
vt -0.646527 0.848817
vt -0.857003 0.318005
vt 0.104014 0.882810
vt 0.125433 0.995597
vt 0.235133 1.774160
vt 0.302438 1.688750
vt 0.306220 1.697319
vt -0.110426 -0.678626
vt -0.194842 -0.778797
vt 0.634798 2.140314
vt 0.643340 2.140682
vt -0.709252 0.314612
vt 0.523455 2.083037
vt -1.230577 0.032187
vt 0.477306 2.092348
vt 1.217409 -0.162065
vt 0.350856 1.769231
vt 0.375884 2.110802
vt 0.559788 2.075409
vt -0.140591 -1.198863
vt -1.056804 0.109495
vt 0.511144 2.132954
vt -0.896086 0.672786
vt -0.851742 1.998864
vt -0.854507 1.994259
vt 0.434618 2.126658
vt 0.471706 2.078477
vt 0.475752 2.130491
vt -0.821404 0.763329
vt 0.351675 2.118774
vt 0.391756 2.079381
vt 0.394251 2.123409
vt -0.303400 0.312186
vt -0.260148 0.391756
vt 0.312186 2.079091
vt 0.388893 2.001035
vt 0.459745 1.899707
vt -0.344909 0.232284
vt -0.383319 0.312058
vt -0.338048 0.388893
vt -0.417284 0.388367
vt -0.338048 2.001035
vt -0.426737 0.233589
vt -0.465315 0.313372
vt -0.498164 0.389294
vt -0.423329 0.075744
vt -0.468127 0.154810
vt -0.510927 0.235573
vt -0.548790 0.315150
vt -0.379326 -0.144827
vt -0.418084 -0.073385
vt -0.461389 -0.000000
vt -0.507223 0.076679
vt -0.552854 0.156311
vt -0.595167 0.237036
vt -0.419703 -0.216882
vt -0.457679 -0.146122
vt -0.499422 -0.074284
vt -0.544647 -0.000000
vt -0.590986 0.077345
vt -0.635867 0.157009
vt -0.676181 0.237017
vt -0.497544 -0.218492
vt -0.537607 -0.147484
vt -0.581307 -0.075015
vt -0.626510 -0.000000
vt -0.671652 0.077496
vt -0.714174 0.156518
vt 0.156518 1.837254
vt 0.237017 1.854883
vt -0.084740 0.667941
vt -0.170613 0.573139
vt -0.087330 0.486343
vt -0.257972 0.478815
vt -0.175615 0.389060
vt -0.346532 0.383814
vt -0.265169 0.292138
vt -0.435101 0.287569
vt -0.350567 0.194793
vt -0.514149 0.190556
vt -0.438926 0.097071
vt -0.526025 -0.000001
vt -0.177827 0.197543
vt -0.267706 0.098685
vt -0.182076 -0.000001
vt -0.358793 -0.000001
vt -0.273882 -0.099527
vt -0.185544 -0.200974
vt -0.448575 -0.097823
vt -0.365286 -0.197896
vt -0.277808 -0.299171
vt -0.535061 -0.193307
vt -0.454666 -0.293889
vt -0.368812 -0.394993
vt -0.279295 -0.495685
vt -0.841897 -0.981722
vt -0.821543 -0.874275
vt -0.886764 -1.391998
vt -0.813067 -1.484667
vt -0.516241 0.912421
vt 0.991184 -0.373888
vt -0.733657 0.794643
vt -0.845866 -1.050268
vt 0.513378 1.892008
vt 0.995349 1.624546
vt 0.991184 -1.772361
vt 0.992594 1.625837
vt -0.831247 0.205920
vt -0.824034 0.101147
vt -0.830785 0.161754
vt -0.834722 0.035354
vt -0.855369 0.309050
vt -0.874593 0.434455
vt -0.858016 0.321467
vt -0.788655 0.753156
vt -0.698059 0.824218
vt -0.591184 0.880440
vt -0.112476 -0.710754
vt -0.685179 0.350856
vt -0.117511 -0.894399
vt -0.116137 -0.857863
vt -0.550886 -0.558995
vt -0.523302 -0.467013
vt -0.567829 -0.395312
vt -0.902317 -1.448053
vt -0.903045 -1.500704
vt 0.556520 -1.727807
vt 0.642051 -1.740180
vt 0.612703 -1.656089
vt -0.983605 1.764300
vt -0.881761 -1.367769
vt -0.488966 -0.617533
vt -0.494078 -0.376286
vt -0.223765 -1.575055
vt -0.109495 -1.620712
vt 0.636680 1.676225
vt -0.122220 0.556255
vt 0.500730 1.959495
vt -1.055903 1.608584
vt 0.162367 1.739204
vt 0.077496 1.882832
vt 0.080857 1.798982
vt -0.707789 -0.000000
vt -0.662229 -0.078994
vt -0.617120 -0.155750
vt -0.573480 -0.230448
vt 0.083577 1.687369
vt 0.085448 1.549106
vt 0.086396 1.389489
vt -0.000000 1.845913
vt -0.000000 1.748770
vt -0.000000 1.622820
vt -0.000000 1.471464
vt 0.000000 1.301843
vt 0.000000 1.122570
vt 0.000000 0.941413
vt -0.745009 -0.082619
vt -0.082619 1.802488
vt -0.085568 1.690676
vt -0.087605 1.550401
vt -0.088640 1.387259
vt -0.087333 1.209688
vt -0.086975 1.026408
vt -0.086049 0.844369
vt -0.700385 -0.163668
vt -0.163668 1.851365
vt -0.170557 1.754241
vt -0.175811 1.627080
vt -0.179065 1.473152
vt -0.179758 1.299827
vt -0.177115 1.116156
vt -0.175905 0.930348
vt -0.173560 0.748248
vt -0.655479 -0.242778
vt -0.740390 -0.254317
vt -0.254317 1.812484
vt -0.263857 1.699413
vt -0.270612 1.557076
vt -0.274243 1.390875
vt -0.270607 1.209305
vt -0.269752 1.021314
vt -0.266966 0.834155
vt -0.262860 0.652517
vt -0.611427 -0.320082
vt -0.694640 -0.335777
vt -0.335777 1.862184
vt -0.350222 1.762415
vt -0.361567 1.633217
vt -0.368946 1.477067
vt -0.371160 1.300921
vt -0.366369 1.113596
vt -0.364342 0.923309
vt -0.359740 0.736125
vt -0.353632 0.555687
vt -0.648595 -0.414907
vt -0.414907 1.907303
vt -0.433219 1.813169
vt -0.449076 1.694347
vt -0.461240 1.550474
vt -0.468431 1.383325
vt -0.462793 1.200578
vt -0.463141 1.010582
vt -0.459254 0.820383
vt -0.452775 0.634826
vt -0.444569 0.456732
vt -0.600583 -0.489785
vt -0.489785 1.940546
vt -0.511844 1.852322
vt -0.531584 1.740934
vt -0.547553 1.605138
vt -0.559273 1.448722
vt -0.562107 1.274614
vt -0.559013 1.089250
vt -0.557539 0.899914
vt -0.552044 0.712304
vt -0.543835 0.530198
vt -0.533622 0.355843
vt -0.628145 -0.583734
vt -0.681727 -0.511844
vt -0.583734 1.874587
vt -0.606868 1.770076
vt -0.626726 1.643518
vt -0.641938 1.495406
vt -0.651960 1.329756
vt -0.646831 1.153118
vt -0.649766 0.969044
vt -0.646861 0.783388
vt -0.640140 0.600589
vt -0.630517 0.423611
vt -0.616062 0.254361
vt -0.648037 1.881192
vt -0.673283 1.781010
vt -0.696119 1.662385
vt -0.714995 1.524415
vt -0.728796 1.368853
vt -0.724571 1.199877
vt -0.731569 1.023485
vt -0.721466 0.487825
vt -0.710817 0.317271
vt -0.685302 0.154232
vt 0.623819 -1.658104
vt -0.291787 -0.678644
vt -0.386908 -0.576150
vt -0.478399 -0.471207
vt -0.563935 -0.364844
vt -0.641474 -0.259003
vt -0.220113 -1.669195
vt -1.011716 0.220113
vt -0.911839 0.213081
vt -0.299796 -0.866295
vt -0.315014 -1.052163
vt -0.329328 -1.228701
vt -0.338978 -1.388353
vt -0.342675 -1.524763
vt -0.339947 -1.633933
vt -1.061540 0.339947
vt -0.964657 0.331351
vt -0.859609 0.318384
vt -0.402924 -0.765025
vt -0.415322 -0.955846
vt -0.437636 -1.141254
vt -0.454471 -1.313254
vt -0.463849 -1.464471
vt -0.464503 -1.589488
vt -0.456545 -1.685980
vt -1.016856 0.456545
vt -0.913395 0.441519
vt -0.500263 -0.658597
vt -0.514644 -0.851235
vt -0.539887 -1.042385
vt -0.565016 -1.224104
vt -0.581958 -1.388421
vt -0.588454 -1.528761
vt -0.583812 -1.641270
vt -1.060716 0.583812
vt -0.591304 -0.547972
vt -0.615405 -0.738902
vt -0.630864 -0.931845
vt -0.664854 -1.119412
vt -0.690100 -1.293581
vt -0.704178 -1.447071
vt -0.705359 -1.574779
vt -0.694069 -1.674871
vt -0.997787 0.694069
vt -0.673468 -0.435505
vt -0.702598 -0.621476
vt -0.723057 -0.812212
vt -0.807577 -1.599404
vt -1.015334 0.807577
vt -0.921443 0.789806
vt -0.745154 -0.324155
vt -0.891138 -1.603706
vt -0.929232 0.891138
vt -0.836835 0.868553
vt -0.742220 0.839410
vt 0.496722 1.966672
vt 0.488966 1.978243
vt -1.140536 -1.502215
vt -1.128315 -1.523677
vt -1.060576 -1.615476
vt -1.184607 -1.401095
vt -1.057165 -1.620288
vt -1.056375 -1.621167
vt -1.221998 -1.252723
vt -1.198090 -1.358876
vt -0.891371 -1.745416
vt -0.834844 -1.772361
vt -1.229733 -1.198863
vt -1.238749 -1.081430
vt -1.240971 -0.894399
vt -1.239630 -1.030510
vt -1.271699 -0.678626
vt -1.269567 -0.710754
vt -1.245746 -0.857863
vt -1.276005 -0.506140
vt -1.275428 -0.489672
vt -1.275984 -0.502924
vt -1.266696 -0.281341
vt -1.269584 -0.323479
vt -1.254006 -0.144088
vt -1.241705 -0.044225
vt -0.976273 -1.692640
vt -0.241479 1.959474
vt -0.249911 1.950669
vt -0.118493 2.081023
vt -0.184961 2.014583
vt -0.143463 2.057745
vt -0.049988 2.140682
vt -0.071236 2.122671
vt -0.950532 -1.711106
vt -0.806228 1.048984
vt -0.824741 1.009056
vt -0.650384 1.788059
vt -0.778722 1.697319
vt -0.786094 1.688750
vt -0.894396 1.532713
vt -1.093479 0.882810
vt -1.101611 0.847867
vt -1.141507 0.657895
vt -1.133471 0.698371
vt -1.206474 0.205435
vt -1.116474 0.778695
vt 0.728110 1.542452
vt 0.651055 1.676310
vt 0.864682 1.225289
vt 0.931843 1.048984
vt -0.786871 0.348611
vt -0.792546 0.531281
vt -0.791061 -0.182184
vt -0.790692 -0.162065
vt -0.799037 -0.442690
vt -0.788362 0.284830
vt -0.833094 -0.849707
vt -0.496722 -0.624989
vt -0.543369 -0.670618
vt -0.642051 0.898827
vt 0.725877 1.662385
vt -0.778674 1.542452
vt -0.797036 1.391253
vt -0.798985 1.225289
vt -0.811614 0.867793
vt -0.811359 0.864823
vt -0.799651 0.683055
vt -0.791638 0.502849
vt -0.786487 0.328539
vt -0.794785 0.162468
vt -0.790573 0.000000
vt -0.794899 -0.331331
vt -0.802094 -0.507501
vt -0.813595 -0.689510
vt -0.837322 -0.878540
vt 0.836835 -1.684705
vt 0.732469 -1.676735
vt -0.732469 0.929645
vt 0.622495 0.719478
vt 0.426574 1.794835
vt 0.391540 1.777097
vt 1.167438 1.238725
vt 0.434045 1.899862
vt 0.363565 1.981106
vt 0.360229 1.903774
vt 1.212322 1.007445
vt 1.182908 1.091391
vt -0.180999 1.137924
vt 0.139648 1.622722
vt 0.100153 1.639566
vt -0.213138 1.512167
vt -0.325823 1.078190
vt 0.493440 1.463767
vt 0.410292 1.497205
vt 1.044265 -0.335085
vt 1.029966 -0.344430
vt 0.977467 -0.256840
vt 0.116592 1.775645
vt 0.047563 1.895161
vt 0.030813 1.774690
vt 0.679980 -1.274781
vt 0.615146 -1.244276
vt 0.616531 -1.344569
vt 0.983023 -0.229714
vt 1.088442 -0.236803
vt 1.071437 -0.317180
vt 0.585276 1.550068
vt 0.664331 1.404704
vt 0.619256 1.549324
vt 0.134188 1.912668
vt 0.134608 1.915745
vt 0.132946 1.915311
vt 1.230444 -0.777584
vt 1.188420 -0.701614
vt 1.174834 -0.706291
vt -0.752486 -0.859685
vt -0.760965 -0.853037
vt -0.814230 -0.926947
vt -0.450693 1.740771
vt -0.523099 1.793045
vt -0.532138 1.770590
vt 1.118042 -0.286783
vt -0.115253 -1.138033
vt -0.136398 -0.986215
vt -0.125364 -1.131955
vt -0.117336 -1.527103
vt -0.196463 -1.517036
vt -0.235982 -1.604244
vt 0.582334 -1.178285
vt 0.543814 -1.208211
vt 1.185772 -0.242750
vt -0.109580 -0.964248
vt -0.138522 -0.942531
vt -0.111352 -0.871452
vt -0.118217 -1.292252
vt -0.134887 -1.285098
vt -0.137801 -1.306598
vt -0.125236 -1.145823
vt -0.118807 -1.422156
vt -0.160510 -1.410962
vt 1.104765 -0.114462
vt 1.196397 -0.235982
vt 1.192342 -0.238542
vt -0.175222 -1.460838
vt -0.472583 1.566416
vt -0.569865 1.582358
vt -0.511922 1.519922
vt -0.368855 1.499868
vt -0.481367 1.481438
vt -0.445335 1.422732
vt -0.246093 1.206546
vt -0.377897 1.300493
vt -0.370349 1.091123
vt -0.330588 1.773371
vt -0.401859 1.833474
vt -0.423941 1.671516
vt -0.405608 1.318478
vt -0.408611 1.255049
vt -0.279204 0.982899
vt -0.270960 1.000970
vt 0.465962 -1.165928
vt 0.497333 -1.142069
vt 0.469453 -1.123349
vt -0.159083 1.724587
vt -0.139747 1.859019
vt -0.229927 1.846454
vt -0.263880 1.013249
vt -0.480384 -0.329463
vt -0.488706 -0.288366
vt -0.493160 -0.311999
vt -0.479572 -0.275771
vt -0.474863 -0.188805
vt -0.814566 -1.088419
vt -0.878957 -1.090215
vt -0.876916 -1.150499
vt 0.104139 -0.872565
vt 0.000000 -0.862419
vt 0.100573 -0.936579
vt 0.126168 1.913662
vt 0.062256 1.898462
vt 0.895314 -1.150499
vt 0.830064 -1.160572
vt 0.826286 -1.201421
vt 0.753953 -1.242775
vt 0.806737 -1.177884
vt 0.761378 -1.190640
vt 0.551713 1.441719
vt 0.499247 1.539255
vt 1.134106 -0.860792
vt -0.499956 -0.501109
vt -0.474901 -0.532936
vt -0.478358 -0.471875
vt -0.460657 0.059348
vt -0.460939 -0.022111
vt -0.452220 0.046361
vt -0.570734 -0.572791
vt -0.570741 -0.595753
vt -0.455931 0.148656
vt -0.441049 0.170198
vt -0.444514 0.189697
vt 1.044265 -1.758175
vt 1.071437 -1.732594
vt -0.809882 -0.942199
vt 1.059723 -0.939890
vt 1.049814 -0.833980
vt 1.021847 -0.859685
vt 1.026238 -0.843009
vt -0.380354 1.164118
vt -0.426280 1.301487
vt -0.435831 1.238725
vt -0.354793 1.575582
vt -0.422249 1.436662
vt -0.375166 1.370018
vt 1.103460 -0.808722
vt 0.427499 1.492294
vt 0.412522 1.521529
vt 1.417823 -0.942531
vt 1.488703 -0.817253
vt 1.428319 0.921344
vt 1.374401 -1.285098
vt 1.414471 -0.986215
vt 1.322957 -1.410962
vt 1.196397 -1.604244
vt 1.260697 -1.517036
vt 1.185772 -1.616430
vt 1.118042 -1.685789
vt 0.309244 1.538950
vt 0.341366 1.656743
vt 0.259763 1.640916
vt 0.191974 1.597094
vt 0.179373 1.624749
vt 1.140361 1.590129
vt 1.125094 1.597639
vt 1.153156 1.582358
vt 1.359609 1.091123
vt 1.257710 1.481438
vt 1.222012 1.519922
vt 1.327511 1.255049
vt 1.298308 1.422732
vt 0.534356 0.973736
vt 0.550769 0.950004
vt 0.477348 1.040306
vt -0.566453 1.608993
vt -0.548055 1.727324
vt -0.587103 1.614562
vt -0.429093 1.488337
vt -0.341755 1.022750
vt -0.397464 0.963296
vt -0.365299 0.996651
vt 0.668978 0.311205
vt -0.380314 0.988727
vt 1.418728 0.949943
vt 0.613135 0.852461
vt 0.661214 0.717385
vt -0.113498 1.144636
vt 0.292190 1.174831
vt 0.323666 1.158458
vt 0.254783 1.185602
vt 0.001135 1.187688
vt 0.065894 1.201637
vt -0.269500 1.056389
vt -0.211273 1.092686
vt 0.674155 0.420005
vt -0.164530 1.118323
vt 0.660626 1.358785
vt 0.676058 1.340035
vt 0.665231 1.400986
vt -0.407546 -0.708269
vt -0.420405 -0.712935
vt -0.409378 -0.702726
vt 0.678950 0.205827
vt -0.457159 0.940898
vt 0.669613 0.300568
vt -0.410186 1.999299
vt -0.434449 2.000837
vt -0.475483 1.909283
vt -0.258202 1.662809
vt -0.280987 1.462682
vt -0.296373 1.258149
vt -0.260417 1.428623
vt -0.368751 0.920166
vt -0.408515 0.804559
vt 0.391007 1.117552
vt 0.430197 1.085367
vt 0.674751 0.644488
vt 0.680038 0.531514
vt -0.051448 1.170937
vt -0.432338 -0.724097
vt -0.428263 -0.720250
vt -0.375359 -0.761427
vt -0.372968 -0.975423
vt 0.322101 -1.621790
vt 0.408903 -1.593500
vt -0.592572 1.597639
vt -0.580291 1.590129
vt 0.622402 1.398655
vt 0.664921 1.402662
vt -0.430387 2.004889
vt -0.432374 2.005446
vt -0.427919 1.895411
vt 0.055792 1.922599
vt -0.004513 1.862458
vt 0.093817 1.881022
vt -0.233229 1.846042
vt -0.397943 0.784362
vt -0.403235 0.759632
vt -0.405257 0.748496
vt 0.292881 -1.062941
vt 0.320999 -0.937101
vt 0.291458 -0.916241
vt 0.672216 -1.197411
vt 0.623705 -1.190063
vt 0.549063 -1.165569
vt 0.382078 -1.117378
vt 0.416982 -1.090173
vt 0.384586 -1.054497
vt 0.293131 -0.906903
vt 0.276737 -0.903249
vt 0.299909 -0.909622
vt 0.202543 -0.931063
vt 0.198953 -1.002867
vt 0.160528 -0.883140
vt 0.285354 1.902519
vt 0.214612 1.936903
vt 0.210097 1.897722
vt 0.602201 -1.573686
vt -0.531077 -0.458100
vt 0.508790 1.799001
vt 0.524400 1.796536
vt 0.507616 1.829576
vt -0.112770 1.829052
vt -0.142203 1.947118
vt -0.214440 1.919630
vt 0.182538 1.894742
vt 0.182276 1.909567
vt 0.167612 1.911036
vt 0.517036 1.864490
vt 0.517241 1.867354
vt 0.513707 1.867846
vt -0.297854 1.039915
vt 0.669646 0.322415
vt 0.429963 1.844741
vt 0.431964 1.878812
vt -0.320796 1.838018
vt -0.377233 1.834648
vt -0.499480 -0.337396
vt -0.061633 1.760249
vt -0.479380 0.931085
vt 0.775466 -0.000000
vt 0.820935 -0.059497
vt 0.860951 -0.106431
vt 0.959279 -0.228177
vt 0.896245 -0.151103
vt 0.000000 -0.815364
vt -0.059141 -0.818408
vt -0.098074 -0.817253
vt 0.718292 -1.200539
vt 0.693549 -1.200108
vt 0.753310 0.032402
vt 0.713105 0.102640
vt 0.697648 0.142573
vt -0.292129 1.261748
vt -0.191647 1.549457
vt -0.406629 0.775248
vt -0.434045 -0.796516
vt -0.368121 -0.771972
vt 0.374379 1.512885
vt 0.329518 1.528398
vt -0.298210 1.233617
vt 0.251777 1.563459
vt -0.292995 1.252792
vt 0.177095 1.604271
vt 0.087705 1.643915
vt 0.016065 1.659335
vt -0.108365 1.627492
vt -0.014006 1.658973
vt -0.076514 1.645634
vt -0.178860 1.566168
vt 0.578840 1.426211
vt 0.501576 -1.576564
vt 0.579480 -1.575361
vt 0.446989 -1.588105
vt -0.376918 -0.941621
vt -0.464968 -0.646970
vt -0.451446 -0.737059
vt -0.429993 -0.800975
vt -0.398023 -0.899498
vt 0.310564 -1.626343
vt -0.368432 -1.150866
vt 0.345993 -1.615693
vt 0.187763 -1.669767
vt 0.233591 -1.652638
vt -0.332828 -1.337228
vt 0.137495 -1.684585
vt -0.303683 -1.427887
vt 0.058549 -1.700325
vt -0.252811 -1.531766
vt 0.029976 -1.702338
vt -0.161026 -1.634726
vt -0.060640 -1.689665
vt -0.092560 -1.678345
vt -0.231244 -1.565033
vt -0.243839 -1.548609
vt -0.346902 -1.287358
vt -0.371389 -1.125367
vt -0.001126 1.928818
vt 0.256480 1.948100
vt -0.114895 1.863122
vt 0.529928 1.849187
vt 0.555383 1.862608
vt 0.525926 1.866255
vt 0.506730 1.681958
vt 0.586505 1.643457
vt -0.497133 -0.689339
vt -0.420503 1.833103
vt -0.473718 1.832770
vt -0.486259 1.753115
vt 0.344104 1.827499
vt 0.389431 1.884611
vt -0.483316 1.743883
vt 0.267340 1.802123
vt 0.263527 1.900542
vt 0.230550 1.904145
vt -0.134611 1.509627
vt -0.123896 1.673429
vt -0.244306 1.600291
vt -0.314282 1.976996
vt -0.323346 1.979067
vt -0.016979 1.610118
vt -0.011472 1.722297
vt -0.291394 1.972626
vt -0.331958 1.846152
vt 0.088395 1.662920
vt 0.090992 1.754491
vt 1.014418 1.743883
vt 1.010229 1.750603
vt 1.008232 1.753115
vt 1.078733 1.630340
vt 0.933875 1.833350
vt 0.344079 -1.020173
vt 0.572733 1.682348
vt 0.194373 1.931275
vt -0.614784 -0.860792
vt -0.686941 -0.792956
vt -0.699721 -0.808722
vt -0.019179 1.880875
vt -0.044922 1.875739
vt -0.239530 1.845440
vt -0.216157 1.370463
vt -0.258818 1.410218
vt -0.154152 1.483567
vt 0.094472 1.918650
vt 0.183197 1.695585
vt 0.183500 1.778846
vt -0.078565 1.938119
vt -0.103885 1.941367
vt 1.118760 1.543736
vt -0.671984 -0.939890
vt 1.273349 0.775248
vt 1.266712 0.804559
vt 0.148216 1.686472
vt 0.051728 1.648695
vt 0.876223 -1.127049
vt 0.897397 -1.090215
vt 0.269139 1.724451
vt -0.363565 -0.776676
vt 0.044922 -1.075291
vt 0.420503 -1.021826
vt 0.377233 -1.048297
vt 0.515304 1.842741
vt 0.460583 1.811556
vt 1.140577 1.488337
vt 1.232547 0.935903
vt 1.275986 0.763521
vt 1.278871 0.748496
vt 0.347629 1.756081
vt 1.283280 0.148656
vt 1.294552 0.189697
vt 0.318931 1.745227
vt 0.238017 1.715744
vt 1.302636 -0.022111
vt 1.289885 0.059348
vt 1.310380 -0.188805
vt -0.304009 0.921344
vt 1.308044 -0.288366
vt 1.301307 -0.337396
vt 1.243820 -0.572791
vt 1.278358 -0.458100
vt 1.305886 -0.311999
vt 1.226324 -0.620677
vt 1.239555 -0.588663
vt 1.119181 -0.792956
vt 1.020637 -0.853037
vt 0.946384 -0.930888
vt 0.957068 -0.926947
vt -0.046278 1.589655
vt -0.188578 1.261024
vt -0.141101 1.501982
vt 0.026520 -0.837910
vt 0.922408 -1.044270
vt 0.931722 -0.970922
vt 0.518123 -1.638942
vt 0.540043 -1.725424
vt 0.550705 1.736522
vt 0.984830 0.078565
vt 0.959126 0.001126
vt 0.920468 0.432374
vt 0.996040 0.142203
vt 0.991722 0.103885
vt 0.935719 -0.055792
vt 0.884930 -0.167612
vt 0.877930 -0.182276
vt 0.917782 -0.094472
vt 1.002139 0.209986
vt 0.990015 0.291394
vt 0.985742 0.314282
vt 0.981564 0.323346
vt 0.922135 0.430387
vt 0.938606 0.410186
vt -0.290193 -0.854285
vt -0.316265 -0.831441
vt 0.859132 -0.230550
vt 0.845555 -0.263527
vt 0.842219 -0.274140
vt -0.214612 -0.920656
vt -0.256480 -0.887631
vt -0.194373 -0.937919
vt 0.525057 -0.933875
vt -0.134608 -0.982284
vt -0.047563 -1.034569
vt -0.062256 -1.026795
vt -0.126168 -0.987883
vt -0.132946 -0.983534
vt 0.473718 -0.979830
vt 0.019179 -1.065594
vt 0.114895 -1.093537
vt 0.139747 -1.097734
vt 0.320796 -1.074649
vt 0.233229 -1.098686
vt 0.229927 -1.098931
vt 0.239530 -1.097103
vt 0.401859 -1.035009
vt 0.780925 -0.517241
vt 0.778433 -0.525926
vt 0.781609 -0.513707
vt 0.769415 -0.555383
vt 0.809579 -0.389431
vt 0.800456 -0.431964
vt 0.820078 -0.347074
vt 0.715709 0.202356
vt 0.768059 0.100519
vt 0.830527 -0.000000
vt 0.410824 -1.726191
vt 0.310488 -1.767581
vt 0.322415 -1.772361
vt 0.300568 -1.772361
vt 0.202356 -1.735892
vt 0.531760 -1.772304
vt 0.629199 -1.721696
vt 0.509627 -1.683870
vt 0.531269 -1.772317
vt 0.861938 -1.763278
vt 0.749143 -1.750578
vt 0.756631 -1.772361
vt 0.717385 -1.772361
vt -0.437570 1.543736
vt -0.405886 0.763521
vt 0.274140 1.899241
vt -0.438941 1.091391
vt -0.426959 1.007445
vt -0.619256 1.549324
vt 1.069463 1.727324
vt -0.586505 1.643457
vt 1.118321 1.614562
vt 0.976655 1.909283
vt 0.923198 2.000837
vt -0.409378 1.999596
vt 1.037832 1.793045
vt -0.475794 1.892731
vt -0.507616 1.829576
vt -0.420405 1.984809
vt -0.428263 1.973227
vt -0.432338 1.966044
vt -0.516241 -1.772361
vt -0.662794 -1.577409
vt -0.550705 1.736522
vt -0.590863 -1.684587
vt -0.556520 -1.727807
vt -0.543576 -1.740766
vt -0.664331 1.404704
vt -0.676058 1.340035
vt -0.572733 1.682348
vt -0.620052 -1.643391
vt 0.345945 -1.706187
vt 0.417187 -1.624140
vt 0.149629 -1.726406
vt 0.252122 -1.716660
vt -0.564587 -0.777584
vt -0.589682 -0.620677
vt -0.206544 -1.681416
vt -0.082983 -1.716205
vt 0.037410 -1.728954
vt -0.390406 -0.959133
vt -0.383187 -1.138748
vt -0.369568 -1.311146
vt -0.350390 -1.473203
vt 1.067348 -1.727077
vt 0.965346 -1.751556
vt 0.973736 -1.772361
vt -0.474663 -0.868386
vt -0.065894 -1.772361
vt -0.001135 -1.772361
vt -0.411699 -1.684371
vt -0.391007 -1.772361
vt -0.323666 -1.772361
vt 0.164530 -1.772361
vt 0.920468 2.005446
vt 1.049291 1.770590
vt -0.664921 1.402662
vt -0.665231 1.400986
vt -0.524400 1.796536
vt -0.612703 -1.656089
vt 0.316265 1.965578
vt 0.290193 1.958231
vt -0.837744 -0.970922
vt -0.326061 -1.622396
vt -0.489756 -1.727077
vt -0.430197 -1.772361
vt -0.182261 -1.772361
vt -0.141141 -1.772361
vt -0.296991 -1.755902
vt -0.254783 -1.772361
vt 0.051448 -1.772361
vt 0.113498 -1.772361
vt -0.441633 1.007232
vt 0.902963 -0.107708
vt 0.365299 -1.772361
vt 0.380314 -1.772361
vt 0.269500 -1.772361
vt -0.485253 1.750603
vt -0.209986 1.957500
vt 1.173059 1.301487
vt -0.313666 0.949943
vt 0.347074 1.890191
vt -0.350818 1.683175
vt -0.229366 1.771093
vt 1.338645 1.318478
vt 1.192342 -1.609108
vt -0.525057 1.833350
vt 0.182261 1.203566
vt 0.141141 1.205646
vt 0.475794 1.892731
vt -0.475794 -0.764648
vt -0.855354 -1.044270
vt 0.850835 0.098170
vt 0.919505 0.000001
vt 0.876782 0.192155
vt 0.938944 0.100951
vt 0.907622 0.284087
vt 0.963162 0.197372
vt 0.940023 0.374381
vt 0.990793 0.290876
vt 0.969544 0.461585
vt 1.018064 0.381384
vt 0.543151 -1.407212
vt 0.467184 -1.377115
vt 0.461585 -1.462174
vt 0.545826 -1.314074
vt 1.001048 -0.111011
vt 1.016091 0.000002
vt 1.032543 0.103930
vt 1.115575 0.000002
vt 1.206920 -0.117336
vt 1.052089 0.202443
vt 1.125625 0.106502
vt 1.209711 0.000003
vt 0.000003 -1.441461
vt 1.073128 0.296641
vt 0.296641 -1.406821
vt 0.206165 -1.381550
vt 0.202443 -1.468436
vt 1.136793 0.206165
vt 0.107971 -1.357020
vt 0.106502 -1.454464
vt 0.000004 -1.329401
vt 0.381384 -1.433913
vt 0.386129 -1.344827
vt 0.299747 -1.310931
vt 0.207347 -1.275583
vt 0.107756 -1.237521
vt 0.000004 -1.193370
vt 0.469221 -1.279155
vt 0.386814 -1.239799
vt 0.298800 -1.196318
vt 0.205140 -1.148766
vt 0.105525 -1.096114
vt 0.000004 -1.035796
vt 0.865289 -1.772361
vt 0.205827 -1.772361
vt 0.142573 -1.772361
vt 0.795952 0.196537
vt 0.311205 -1.772361
vt 0.299376 -1.688057
vt 0.751693 0.299376
vt 0.829786 0.290860
vt 0.420005 -1.772361
vt 0.396021 -1.646318
vt 0.791197 0.396021
vt 0.866389 0.384316
vt 0.644488 -1.772361
vt 0.531514 -1.772361
vt 0.490885 -1.603245
vt 0.829627 0.490885
vt 0.475423 -1.530636
vt 0.384316 -1.575861
vt 0.901053 0.475423
vt 0.374381 -1.510875
vt 0.368121 1.982507
vt 0.603449 -1.634202
vt 0.580771 -1.553137
vt 0.561257 -1.478597
vt 0.717592 -1.660017
vt 0.688528 -1.574138
vt 0.662233 -1.493345
vt 0.638781 -1.417710
vt 0.852461 -1.772361
vt 0.827819 -1.674865
vt 0.793881 -1.587415
vt 0.762163 -1.503747
vt 0.732805 -1.424037
vt 0.705865 -1.348350
vt -0.454334 1.630340
vt -0.419820 0.935903
vt 1.296569 -1.460838
vt 1.408489 -1.131955
vt 1.159074 1.436662
vt 0.195578 1.770370
vt -0.540043 0.952184
vt 0.273856 1.782324
vt 0.352619 1.792423
vt 0.431379 1.799236
vt 0.424056 1.671636
vt 1.406706 -1.145823
vt 1.367540 -1.306598
vt 1.029966 -1.772361
vt 0.606837 0.865289
vt 0.652466 0.756631
vt 1.463594 -0.871452
vt 0.441633 -1.714064
vt -0.821852 -0.930888
vt 0.951958 -0.942199
vt -0.755720 -0.843009
vt -0.575991 -0.588663
vt -0.898615 -1.127049
vt -0.744801 -1.016434
vt 1.011414 -1.016434
vt -0.636865 -0.706291
vt -0.627225 -0.701614
vt -0.292190 -1.772361
vt -0.477348 -1.772361
vt 0.950004 -1.772361
vt -0.435118 -1.542790
vt -0.513627 -1.596361
vt 1.119373 -1.596361
vt 1.024617 -1.634668
vt 0.927138 -1.661215
vt -0.452633 -1.387460
vt -0.530718 -1.450417
vt -0.602518 -1.501059
vt 1.070243 -1.501059
vt 0.980460 -1.541378
vt 0.889467 -1.572273
vt -0.464143 -1.221284
vt -0.541176 -1.292526
vt -0.613620 -1.353845
vt -0.681201 -1.406595
vt 1.021148 -1.406595
vt -0.744560 -1.452944
vt -0.667720 -1.541378
vt 0.939965 -1.452944
vt 0.852753 -1.485255
vt -0.469428 -1.047102
vt -0.545078 -1.125592
vt -0.617488 -1.195998
vt -0.686755 -1.259593
vt 1.101992 -1.353845
vt 1.048795 -1.259593
vt -0.754014 -1.318698
vt 0.977698 -1.318698
vt 0.900773 -1.366775
vt 0.817848 -1.401222
vt 1.250470 -0.868386
vt 1.179837 -0.952713
vt 1.249763 -1.047102
vt -0.541370 -0.952713
vt -0.614078 -1.030515
vt -0.684361 -1.102955
vt -0.754130 -1.172117
vt -0.819362 -1.233592
vt 0.936056 -1.233592
vt 0.862914 -1.282946
vt 0.784903 -1.320372
vt 1.123688 -1.030515
vt 1.040306 -1.772361
vt 0.211273 -1.772361
vt 0.297854 -1.772361
vt 0.457159 -1.772361
s 0
f 310/1/1 70/2/1 309/3/1
f 307/4/2 64/5/2 306/6/2
f 259/7/3 50/8/3 258/9/3
f 267/10/4 52/11/4 266/12/4
f 58/13/5 59/14/5 64/5/5
f 43/15/6 21/16/6 11/17/6
f 59/14/7 63/18/7 64/5/7
f 4/19/8 147/20/8 191/21/8
f 5/22/9 162/23/9 202/24/9
f 239/25/10 109/26/10 577/27/10
f 408/28/11 212/29/11 403/30/11
f 631/31/12 629/32/12 637/33/12
f 48/34/13 31/35/13 45/36/13
f 27/37/14 82/38/14 29/39/14
f 429/40/15 224/41/15 215/42/15
f 399/43/16 219/44/16 210/45/16
f 269/46/17 258/47/17 34/48/17
f 403/30/18 220/49/18 211/50/18
f 30/51/19 37/52/19 266/12/19
f 421/53/20 223/54/20 214/55/20
f 252/56/21 247/57/21 31/58/21
f 66/59/22 67/60/22 11/17/22
f 631/31/12 630/61/12 629/32/12
f 243/62/23 194/63/23 21/64/23
f 636/65/12 635/66/12 634/67/12
f 208/68/24 235/69/24 575/70/24
f 183/71/25 1/72/25 611/73/25
f 243/62/26 43/74/26 36/75/26
f 20/76/27 10/77/27 50/78/27
f 82/38/28 2/79/28 42/80/28
f 233/81/29 229/82/29 10/77/29
f 62/83/12 636/65/12 634/67/12
f 603/84/30 278/85/30 279/86/30
f 232/87/31 233/81/31 20/76/31
f 203/88/32 204/89/32 571/90/32
f 9/91/33 8/92/33 33/93/33
f 9/91/34 205/94/34 8/92/34
f 10/77/35 229/82/35 14/95/35
f 14/95/36 229/82/36 15/96/36
f 16/97/37 230/98/37 17/99/37
f 231/100/38 9/91/38 18/101/38
f 231/100/39 206/102/39 205/94/39
f 25/103/40 232/87/40 85/104/40
f 233/81/41 10/77/41 20/76/41
f 233/81/42 234/105/42 229/82/42
f 229/82/43 234/105/43 230/98/43
f 34/48/44 49/106/44 15/96/44
f 56/107/45 57/108/45 34/48/45
f 236/109/46 576/110/46 575/70/46
f 27/111/47 26/112/47 206/102/47
f 243/62/48 36/75/48 242/113/48
f 232/87/49 20/76/49 19/114/49
f 36/115/50 43/15/50 11/17/50
f 81/116/51 76/117/51 232/87/51
f 621/118/12 62/83/12 634/67/12
f 77/119/52 78/120/52 233/81/52
f 618/121/12 617/122/12 84/123/12
f 79/124/53 80/125/53 234/105/53
f 628/126/12 612/127/12 620/128/12
f 183/71/54 611/73/54 310/1/54
f 58/13/5 64/5/5 11/17/5
f 84/123/12 228/129/12 615/130/12
f 451/131/12 62/83/12 633/132/12
f 84/123/12 614/133/12 618/121/12
f 614/133/12 84/123/12 615/130/12
f 627/134/12 628/126/12 620/128/12
f 603/84/55 279/86/55 604/135/55
f 203/88/56 571/90/56 105/136/56
f 208/68/24 575/70/24 574/137/24
f 241/138/57 603/84/57 610/139/57
f 84/140/58 62/141/58 11/17/58
f 206/102/59 266/12/59 205/94/59
f 26/112/60 30/51/60 206/102/60
f 614/142/61 615/143/61 430/144/61
f 627/134/12 625/145/12 619/146/12
f 633/132/12 631/31/12 451/131/12
f 633/132/12 632/147/12 631/31/12
f 629/32/12 620/128/12 612/127/12
f 627/134/12 626/148/12 625/145/12
f 625/145/12 624/149/12 623/150/12
f 15/96/62 16/97/62 34/48/62
f 10/77/63 14/95/63 15/96/63
f 38/151/64 267/10/64 266/12/64
f 21/64/65 194/63/65 7/152/65
f 94/153/66 540/154/66 181/155/66
f 84/140/67 11/17/67 219/44/67
f 22/156/68 242/113/68 35/157/68
f 35/157/69 242/113/69 36/75/69
f 243/62/70 21/64/70 43/74/70
f 243/62/71 195/158/71 194/63/71
f 28/159/72 280/160/72 267/10/72
f 23/161/73 244/162/73 44/163/73
f 244/162/74 22/156/74 44/163/74
f 244/162/75 245/164/75 242/113/75
f 242/113/76 245/164/76 243/62/76
f 245/164/77 246/165/77 243/62/77
f 243/62/78 246/165/78 195/158/78
f 246/166/79 196/167/79 195/168/79
f 68/169/80 69/170/80 11/17/80
f 84/123/12 616/171/12 613/172/12
f 625/145/12 623/150/12 619/146/12
f 31/58/81 247/57/81 45/173/81
f 45/36/82 247/174/82 46/175/82
f 248/176/83 23/161/83 47/177/83
f 248/176/84 249/178/84 244/162/84
f 244/162/85 249/178/85 245/164/85
f 249/178/86 250/179/86 245/164/86
f 245/164/87 250/179/87 246/165/87
f 250/180/88 251/181/88 246/166/88
f 246/166/89 251/181/89 196/167/89
f 251/181/90 197/182/90 196/167/90
f 32/183/91 252/56/91 48/184/91
f 252/56/92 31/58/92 48/184/92
f 252/56/93 253/185/93 247/57/93
f 247/57/94 253/185/94 248/176/94
f 253/185/95 254/186/95 248/176/95
f 248/176/96 254/186/96 249/178/96
f 254/186/97 255/187/97 249/178/97
f 249/178/98 255/187/98 250/179/98
f 255/188/99 256/189/99 250/180/99
f 250/180/100 256/189/100 251/181/100
f 256/189/101 257/190/101 251/181/101
f 251/181/102 257/190/102 197/182/102
f 257/190/103 198/191/103 197/182/103
f 34/48/104 258/47/104 49/106/104
f 49/106/105 258/47/105 50/78/105
f 259/7/106 32/183/106 51/192/106
f 259/7/107 260/193/107 252/56/107
f 252/56/108 260/193/108 253/185/108
f 260/193/109 261/194/109 253/185/109
f 253/185/110 261/194/110 254/186/110
f 261/195/111 262/196/111 254/197/111
f 254/197/112 262/196/112 255/188/112
f 262/198/113 263/199/113 255/187/113
f 255/188/114 263/200/114 256/189/114
f 263/200/115 264/201/115 256/189/115
f 256/189/116 264/201/116 257/190/116
f 264/201/117 265/202/117 257/190/117
f 257/190/118 265/202/118 198/191/118
f 265/202/119 199/203/119 198/191/119
f 53/204/120 267/10/120 54/205/120
f 55/206/121 268/207/121 56/107/121
f 269/46/122 34/48/122 57/108/122
f 269/208/123 270/209/123 258/9/123
f 258/9/124 270/209/124 259/7/124
f 270/209/125 271/210/125 259/7/125
f 259/7/126 271/210/126 260/193/126
f 271/210/127 272/211/127 260/193/127
f 260/193/128 272/211/128 261/194/128
f 272/211/129 273/212/129 261/194/129
f 261/194/130 273/212/130 262/198/130
f 273/213/131 274/214/131 262/196/131
f 262/196/132 274/214/132 263/200/132
f 274/214/133 275/215/133 263/200/133
f 263/200/134 275/215/134 264/201/134
f 275/215/135 276/216/135 264/201/135
f 264/201/136 276/216/136 265/202/136
f 276/216/137 277/217/137 265/202/137
f 265/202/138 277/217/138 199/203/138
f 277/217/139 200/218/139 199/203/139
f 37/52/140 38/151/140 266/12/140
f 28/159/141 267/10/141 39/219/141
f 267/10/142 280/160/142 268/207/142
f 280/160/143 281/220/143 268/207/143
f 268/207/144 281/220/144 269/46/144
f 281/221/145 282/222/145 269/208/145
f 269/208/146 282/222/146 270/209/146
f 282/222/147 283/223/147 270/209/147
f 270/209/148 283/223/148 271/210/148
f 283/223/149 284/224/149 271/210/149
f 271/210/150 284/224/150 272/211/150
f 284/224/151 285/225/151 272/211/151
f 272/211/152 285/225/152 273/212/152
f 285/226/153 286/227/153 273/213/153
f 273/213/154 286/227/154 274/214/154
f 286/227/155 287/228/155 274/214/155
f 274/214/156 287/228/156 275/215/156
f 287/228/157 288/229/157 275/215/157
f 275/215/158 288/229/158 276/216/158
f 288/229/159 289/230/159 276/216/159
f 276/216/160 289/230/160 277/217/160
f 289/230/161 290/231/161 277/217/161
f 277/217/162 290/231/162 200/218/162
f 290/231/163 201/232/163 200/218/163
f 183/71/164 209/233/164 13/234/164
f 235/235/165 116/236/165 237/237/165
f 626/148/166 627/134/166 561/238/166
f 72/239/167 80/240/167 122/241/167
f 28/159/168 40/242/168 280/160/168
f 29/243/169 280/160/169 40/242/169
f 280/160/170 294/244/170 281/220/170
f 294/244/171 295/245/171 281/220/171
f 281/221/172 295/246/172 282/222/172
f 295/246/173 296/247/173 282/222/173
f 282/222/174 296/247/174 283/223/174
f 296/247/175 297/248/175 283/223/175
f 283/223/176 297/248/176 284/224/176
f 297/248/177 298/249/177 284/224/177
f 284/224/178 298/249/178 285/225/178
f 298/250/179 299/251/179 285/226/179
f 285/226/180 299/251/180 286/227/180
f 299/251/181 300/252/181 286/227/181
f 286/227/182 300/252/182 287/228/182
f 300/252/183 301/253/183 287/228/183
f 287/228/184 301/253/184 288/229/184
f 301/253/185 302/254/185 288/229/185
f 288/229/186 302/254/186 289/230/186
f 302/254/187 303/255/187 289/230/187
f 289/230/188 303/255/188 290/231/188
f 303/255/189 304/256/189 290/231/189
f 290/231/190 304/256/190 201/232/190
f 304/256/191 202/24/191 201/232/191
f 630/61/192 631/31/192 565/257/192
f 438/258/193 616/259/193 617/260/193
f 35/261/194 36/115/194 11/17/194
f 44/262/195 22/263/195 11/17/195
f 6/264/196 75/265/196 83/266/196
f 175/267/197 133/268/197 73/269/197
f 29/243/198 41/270/198 294/244/198
f 41/270/199 42/271/199 294/244/199
f 94/153/200 441/272/200 606/273/200
f 2/274/201 3/275/201 295/246/201
f 295/246/202 172/276/202 296/247/202
f 172/276/203 171/277/203 296/247/203
f 296/247/204 171/277/204 297/248/204
f 171/277/205 170/278/205 297/248/205
f 297/248/206 170/278/206 298/249/206
f 170/279/207 169/280/207 298/250/207
f 298/250/208 169/280/208 299/251/208
f 169/280/209 168/281/209 299/251/209
f 299/251/210 168/281/210 300/252/210
f 168/281/211 167/282/211 300/252/211
f 300/252/212 167/282/212 301/253/212
f 167/282/213 166/283/213 301/253/213
f 301/253/214 166/283/214 302/254/214
f 166/283/215 165/284/215 302/254/215
f 302/254/216 165/284/216 303/255/216
f 165/284/217 164/285/217 303/255/217
f 303/255/218 164/285/218 304/256/218
f 164/285/219 163/286/219 304/256/219
f 304/256/220 163/286/220 202/24/220
f 163/286/221 5/22/221 202/24/221
f 195/158/222 311/287/222 194/63/222
f 196/167/223 318/288/223 195/168/223
f 197/182/224 326/289/224 196/167/224
f 198/191/225 335/290/225 197/182/225
f 199/203/226 345/291/226 198/191/226
f 200/218/227 356/292/227 199/203/227
f 201/232/228 368/293/228 200/218/228
f 202/24/229 381/294/229 201/232/229
f 58/295/230 305/296/230 59/297/230
f 63/18/231 306/6/231 64/5/231
f 65/298/232 307/4/232 66/59/232
f 67/299/233 308/300/233 68/301/233
f 69/302/234 309/3/234 70/2/234
f 194/63/235 311/287/235 305/296/235
f 311/287/236 312/303/236 305/296/236
f 305/304/237 312/305/237 306/6/237
f 312/303/238 313/306/238 306/307/238
f 306/307/239 313/306/239 307/308/239
f 313/306/240 314/309/240 307/308/240
f 307/4/241 314/310/241 308/311/241
f 314/309/242 315/312/242 308/300/242
f 308/311/243 315/313/243 309/314/243
f 315/312/244 316/315/244 309/3/244
f 309/314/245 316/316/245 310/317/245
f 316/315/246 317/318/246 310/1/246
f 310/317/247 317/319/247 183/320/247
f 317/318/248 184/321/248 183/71/248
f 195/168/249 318/288/249 311/322/249
f 318/288/250 319/323/250 311/322/250
f 311/322/251 319/323/251 312/305/251
f 319/324/252 320/325/252 312/303/252
f 312/305/253 320/326/253 313/327/253
f 320/326/254 321/328/254 313/327/254
f 313/327/255 321/328/255 314/310/255
f 321/328/256 322/329/256 314/310/256
f 314/310/257 322/329/257 315/313/257
f 322/329/258 323/330/258 315/313/258
f 315/313/259 323/330/259 316/316/259
f 323/330/260 324/331/260 316/316/260
f 316/316/261 324/331/261 317/319/261
f 324/331/262 325/332/262 317/319/262
f 317/319/263 325/332/263 184/333/263
f 325/332/264 185/334/264 184/333/264
f 196/167/265 326/289/265 318/288/265
f 326/289/266 327/335/266 318/288/266
f 318/288/267 327/335/267 319/323/267
f 327/335/268 328/336/268 319/323/268
f 319/323/269 328/336/269 320/326/269
f 328/337/270 329/338/270 320/325/270
f 320/325/271 329/338/271 321/339/271
f 329/340/272 330/341/272 321/328/272
f 321/328/273 330/341/273 322/329/273
f 330/341/274 331/342/274 322/329/274
f 322/329/275 331/342/275 323/330/275
f 331/342/276 332/343/276 323/330/276
f 323/330/277 332/343/277 324/331/277
f 332/343/278 333/344/278 324/331/278
f 324/331/279 333/344/279 325/332/279
f 333/344/280 334/345/280 325/332/280
f 325/332/281 334/345/281 185/334/281
f 334/345/282 186/346/282 185/334/282
f 197/182/283 335/290/283 326/289/283
f 335/290/284 336/347/284 326/289/284
f 326/289/285 336/347/285 327/335/285
f 336/347/286 337/348/286 327/335/286
f 327/335/287 337/348/287 328/336/287
f 337/348/288 338/349/288 328/336/288
f 328/336/289 338/349/289 329/340/289
f 338/349/290 339/350/290 329/340/290
f 329/340/291 339/350/291 330/341/291
f 339/350/292 340/351/292 330/341/292
f 330/341/293 340/351/293 331/342/293
f 340/351/294 341/352/294 331/342/294
f 331/342/295 341/352/295 332/343/295
f 341/352/296 342/353/296 332/343/296
f 332/343/297 342/353/297 333/344/297
f 342/353/298 343/354/298 333/344/298
f 333/344/299 343/354/299 334/345/299
f 343/354/300 344/355/300 334/345/300
f 334/345/301 344/355/301 186/346/301
f 344/355/302 187/356/302 186/346/302
f 198/191/303 345/291/303 335/290/303
f 345/291/304 346/357/304 335/290/304
f 335/290/305 346/357/305 336/347/305
f 346/357/306 347/358/306 336/347/306
f 336/347/307 347/358/307 337/348/307
f 347/358/308 348/359/308 337/348/308
f 337/348/309 348/359/309 338/349/309
f 348/359/310 349/360/310 338/349/310
f 338/349/311 349/360/311 339/350/311
f 349/360/312 350/361/312 339/350/312
f 339/350/313 350/361/313 340/351/313
f 350/361/314 351/362/314 340/351/314
f 340/351/315 351/362/315 341/352/315
f 351/362/316 352/363/316 341/352/316
f 341/352/317 352/363/317 342/353/317
f 352/363/318 353/364/318 342/353/318
f 342/353/319 353/364/319 343/354/319
f 353/364/320 354/365/320 343/354/320
f 343/354/321 354/365/321 344/355/321
f 354/365/322 355/366/322 344/355/322
f 344/355/323 355/366/323 187/356/323
f 355/366/324 188/367/324 187/356/324
f 199/203/325 356/292/325 345/291/325
f 356/292/326 357/368/326 345/291/326
f 345/291/327 357/368/327 346/357/327
f 357/368/328 358/369/328 346/357/328
f 346/357/329 358/369/329 347/358/329
f 358/369/330 359/370/330 347/358/330
f 347/358/331 359/370/331 348/359/331
f 359/370/332 360/371/332 348/359/332
f 348/359/333 360/371/333 349/360/333
f 360/371/334 361/372/334 349/360/334
f 349/360/335 361/372/335 350/361/335
f 361/372/336 362/373/336 350/361/336
f 350/361/337 362/373/337 351/362/337
f 362/373/338 363/374/338 351/362/338
f 351/362/339 363/374/339 352/363/339
f 363/374/340 364/375/340 352/363/340
f 352/363/341 364/375/341 353/364/341
f 364/375/342 365/376/342 353/364/342
f 353/364/343 365/376/343 354/365/343
f 365/376/344 366/377/344 354/365/344
f 354/365/345 366/377/345 355/366/345
f 366/377/346 367/378/346 355/366/346
f 355/366/347 367/378/347 188/367/347
f 367/378/348 189/379/348 188/367/348
f 200/218/349 368/293/349 356/292/349
f 368/293/350 369/380/350 356/292/350
f 356/292/351 369/380/351 357/368/351
f 369/380/352 370/381/352 357/368/352
f 357/368/353 370/381/353 358/369/353
f 370/381/354 371/382/354 358/369/354
f 358/369/355 371/382/355 359/370/355
f 371/382/356 372/383/356 359/370/356
f 359/370/357 372/383/357 360/371/357
f 372/383/358 373/384/358 360/371/358
f 360/371/359 373/384/359 361/372/359
f 373/384/360 374/385/360 361/372/360
f 361/372/361 374/385/361 362/373/361
f 374/385/362 375/386/362 362/373/362
f 362/373/363 375/386/363 363/374/363
f 375/386/364 376/387/364 363/374/364
f 363/374/365 376/387/365 364/375/365
f 376/387/366 377/388/366 364/375/366
f 364/375/367 377/388/367 365/376/367
f 377/388/368 378/389/368 365/376/368
f 365/376/369 378/389/369 366/377/369
f 378/389/370 379/390/370 366/377/370
f 366/377/371 379/390/371 367/378/371
f 379/390/372 380/391/372 367/378/372
f 367/378/373 380/391/373 189/379/373
f 380/391/374 190/392/374 189/379/374
f 201/232/375 381/294/375 368/293/375
f 381/294/376 382/393/376 368/293/376
f 368/293/377 382/393/377 369/380/377
f 382/393/378 383/394/378 369/380/378
f 369/380/379 383/394/379 370/381/379
f 383/394/380 384/395/380 370/381/380
f 370/381/381 384/395/381 371/382/381
f 384/395/382 385/396/382 371/382/382
f 371/382/383 385/396/383 372/383/383
f 385/396/384 386/397/384 372/383/384
f 372/383/385 386/397/385 373/384/385
f 386/397/386 387/398/386 373/384/386
f 373/384/387 387/398/387 374/385/387
f 387/398/388 388/399/388 374/385/388
f 374/385/389 388/399/389 375/386/389
f 388/399/390 389/400/390 375/386/390
f 375/386/391 389/400/391 376/387/391
f 389/400/392 390/401/392 376/387/392
f 376/387/393 390/401/393 377/388/393
f 390/401/394 391/402/394 377/388/394
f 377/388/395 391/402/395 378/389/395
f 391/402/396 392/403/396 378/389/396
f 378/389/397 392/403/397 379/390/397
f 392/403/398 393/404/398 379/390/398
f 379/390/399 393/404/399 380/391/399
f 393/404/400 394/405/400 380/391/400
f 380/391/401 394/405/401 190/392/401
f 394/405/402 191/21/402 190/392/402
f 202/24/403 162/23/403 381/294/403
f 162/23/404 161/406/404 381/294/404
f 381/294/405 161/406/405 382/393/405
f 161/406/406 160/407/406 382/393/406
f 382/393/407 160/407/407 383/394/407
f 160/407/408 159/408/408 383/394/408
f 383/394/409 159/408/409 384/395/409
f 159/408/410 158/409/410 384/395/410
f 384/395/411 158/409/411 385/396/411
f 158/409/412 157/410/412 385/396/412
f 385/396/413 157/410/413 386/397/413
f 157/411/414 156/412/414 386/413/414
f 386/413/415 156/412/415 387/414/415
f 156/415/416 155/416/416 387/398/416
f 387/398/417 155/416/417 388/399/417
f 155/416/418 154/417/418 388/399/418
f 388/399/419 154/417/419 389/400/419
f 154/417/420 153/418/420 389/400/420
f 389/400/421 153/418/421 390/401/421
f 153/418/422 152/419/422 390/401/422
f 390/401/423 152/419/423 391/402/423
f 152/419/424 151/420/424 391/402/424
f 391/402/425 151/420/425 392/403/425
f 151/420/426 150/421/426 392/403/426
f 392/403/427 150/421/427 393/404/427
f 150/421/428 149/422/428 393/404/428
f 393/404/429 149/422/429 394/405/429
f 149/422/430 148/423/430 394/405/430
f 394/405/431 148/423/431 191/21/431
f 148/423/432 4/19/432 191/21/432
f 184/333/433 395/424/433 183/320/433
f 185/334/434 397/425/434 184/333/434
f 186/346/435 400/426/435 185/334/435
f 187/356/436 404/427/436 186/346/436
f 188/367/437 409/428/437 187/356/437
f 189/379/438 415/429/438 188/367/438
f 190/392/439 422/430/439 189/379/439
f 191/21/440 431/431/440 190/392/440
f 421/53/20 214/55/20 414/432/20
f 414/432/441 214/55/441 222/433/441
f 408/28/442 213/434/442 221/435/442
f 414/432/443 213/434/443 408/28/443
f 403/30/444 212/29/444 220/49/444
f 217/436/445 396/437/445 218/438/445
f 184/321/446 397/439/446 395/440/446
f 397/425/447 398/441/447 395/424/447
f 395/440/448 398/442/448 396/437/448
f 398/442/449 399/443/449 396/437/449
f 185/334/450 400/426/450 397/425/450
f 400/444/451 401/445/451 397/439/451
f 397/425/452 401/446/452 398/441/452
f 401/446/453 402/447/453 398/441/453
f 398/442/454 402/448/454 399/443/454
f 402/448/455 403/30/455 399/443/455
f 186/346/456 404/427/456 400/426/456
f 404/427/457 405/449/457 400/426/457
f 400/426/458 405/449/458 401/446/458
f 405/449/459 406/450/459 401/446/459
f 401/446/460 406/450/460 402/447/460
f 406/450/461 407/451/461 402/447/461
f 402/448/462 407/452/462 403/30/462
f 407/452/463 408/28/463 403/30/463
f 187/356/464 409/428/464 404/427/464
f 409/428/465 410/453/465 404/427/465
f 404/427/466 410/453/466 405/449/466
f 410/453/467 411/454/467 405/449/467
f 405/449/468 411/454/468 406/450/468
f 411/454/469 412/455/469 406/450/469
f 406/450/470 412/455/470 407/451/470
f 412/455/471 413/456/471 407/451/471
f 407/452/472 413/457/472 408/28/472
f 413/457/473 414/432/473 408/28/473
f 188/367/474 415/429/474 409/428/474
f 415/429/475 416/458/475 409/428/475
f 409/428/476 416/458/476 410/453/476
f 416/458/477 417/459/477 410/453/477
f 410/453/478 417/459/478 411/454/478
f 417/459/479 418/460/479 411/454/479
f 411/454/480 418/460/480 412/455/480
f 418/460/481 419/461/481 412/455/481
f 412/455/482 419/461/482 413/456/482
f 419/461/483 420/462/483 413/456/483
f 413/457/484 420/463/484 414/432/484
f 420/463/485 421/53/485 414/432/485
f 189/379/486 422/430/486 415/429/486
f 422/430/487 423/464/487 415/429/487
f 415/429/488 423/464/488 416/458/488
f 423/464/489 424/465/489 416/458/489
f 416/458/490 424/465/490 417/459/490
f 424/465/491 425/466/491 417/459/491
f 417/459/492 425/466/492 418/460/492
f 425/466/493 426/467/493 418/460/493
f 418/460/494 426/467/494 419/461/494
f 426/467/495 427/468/495 419/461/495
f 419/461/496 427/468/496 420/462/496
f 427/468/497 428/469/497 420/462/497
f 420/463/498 428/470/498 421/53/498
f 428/470/499 429/40/499 421/53/499
f 225/471/500 430/144/500 226/472/500
f 190/392/501 431/431/501 422/430/501
f 431/431/502 432/473/502 422/430/502
f 422/430/503 432/473/503 423/464/503
f 432/473/504 433/474/504 423/464/504
f 423/464/505 433/474/505 424/465/505
f 433/474/506 434/475/506 424/465/506
f 424/465/507 434/475/507 425/466/507
f 434/475/508 435/476/508 425/466/508
f 425/466/509 435/476/509 426/467/509
f 435/476/510 436/477/510 426/467/510
f 426/467/511 436/477/511 427/468/511
f 436/477/512 437/478/512 427/468/512
f 427/468/513 437/478/513 428/469/513
f 437/478/514 438/479/514 428/469/514
f 428/470/515 438/258/515 429/40/515
f 438/258/516 439/480/516 429/40/516
f 429/40/517 439/480/517 430/144/517
f 191/21/518 147/20/518 431/431/518
f 147/20/519 146/481/519 431/431/519
f 431/431/520 146/481/520 432/473/520
f 146/481/521 145/482/521 432/473/521
f 432/473/522 145/482/522 433/474/522
f 145/482/523 144/483/523 433/474/523
f 433/474/524 144/483/524 434/475/524
f 144/483/525 143/484/525 434/475/525
f 434/475/526 143/484/526 435/476/526
f 143/484/527 142/485/527 435/476/527
f 435/476/528 142/485/528 436/477/528
f 142/485/529 141/486/529 436/477/529
f 436/477/530 141/486/530 437/478/530
f 141/486/531 140/487/531 437/478/531
f 437/478/532 140/487/532 438/479/532
f 617/260/533 618/488/533 439/480/533
f 183/71/534 216/489/534 209/233/534
f 19/114/535 20/76/535 51/490/535
f 399/43/536 210/45/536 396/491/536
f 71/492/537 310/1/537 611/73/537
f 403/30/538 211/50/538 399/443/538
f 421/53/539 215/42/539 223/54/539
f 620/128/540 564/493/540 561/238/540
f 448/494/541 293/495/541 291/496/541
f 449/497/541 448/494/541 241/498/541
f 516/499/542 508/500/542 177/501/542
f 269/46/543 56/107/543 268/207/543
f 429/40/15 215/42/15 421/53/15
f 305/296/544 63/502/544 59/297/544
f 65/298/545 66/59/545 11/17/545
f 248/176/546 244/162/546 23/161/546
f 259/7/547 252/56/547 32/183/547
f 244/162/548 242/113/548 22/156/548
f 182/503/549 3/504/549 2/505/549
f 94/153/550 440/506/550 441/272/550
f 414/432/443 222/433/443 213/434/443
f 183/71/551 395/440/551 216/489/551
f 269/46/552 57/108/552 56/107/552
f 62/507/553 441/508/553 180/509/553
f 3/275/554 172/276/554 295/246/554
f 78/120/555 79/124/555 234/105/555
f 444/510/556 445/511/556 608/512/556
f 76/117/557 77/119/557 233/81/557
f 74/513/558 75/514/558 231/100/558
f 25/103/559 73/515/559 81/116/559
f 42/516/560 2/274/560 295/246/560
f 206/102/561 231/100/561 6/517/561
f 6/517/562 82/518/562 27/111/562
f 28/519/563 39/520/563 38/521/563
f 40/522/14 28/519/14 27/37/14
f 37/523/28 30/524/28 28/519/28
f 37/523/28 28/519/28 38/521/28
f 82/38/28 42/80/28 29/39/28
f 30/524/564 26/525/564 27/37/564
f 604/526/565 291/527/565 292/528/565
f 72/529/566 74/513/566 230/98/566
f 123/530/567 452/531/567 170/278/567
f 107/532/568 170/278/568 171/277/568
f 128/533/569 460/534/569 458/535/569
f 456/536/570 454/537/570 126/538/570
f 130/539/571 105/136/571 463/540/571
f 209/541/572 216/542/572 217/543/572
f 444/510/556 608/512/556 607/544/556
f 214/545/573 223/546/573 84/140/573
f 120/547/574 463/540/574 460/548/574
f 173/549/575 487/550/575 481/551/575
f 481/551/576 109/26/576 61/552/576
f 501/553/577 494/554/577 175/555/577
f 494/554/578 487/550/578 174/556/578
f 180/557/579 540/154/579 532/558/579
f 532/558/580 524/559/580 179/560/580
f 444/561/581 443/562/581 451/563/581
f 137/564/582 178/565/582 62/507/582
f 293/566/583 451/131/583 637/33/583
f 178/565/584 136/567/584 62/507/584
f 106/568/585 171/277/585 172/276/585
f 309/3/586 69/302/586 68/301/586
f 125/569/587 454/537/587 453/570/587
f 223/546/573 215/571/573 84/140/573
f 44/262/588 11/17/588 12/572/588
f 458/535/589 456/536/589 127/573/589
f 450/574/541 449/497/541 241/498/541
f 115/575/590 453/570/590 452/576/590
f 11/17/591 13/577/591 209/541/591
f 446/578/592 447/579/592 609/580/592
f 192/581/593 574/137/593 571/90/593
f 248/176/594 47/177/594 46/582/594
f 395/424/595 396/491/595 217/543/595
f 621/583/596 567/584/596 566/585/596
f 268/207/597 55/206/597 54/205/597
f 193/586/598 577/27/598 576/110/598
f 209/541/599 217/543/599 11/17/599
f 213/587/573 222/588/573 84/140/573
f 176/589/600 508/500/600 501/553/600
f 227/590/573 84/140/573 225/591/573
f 78/120/601 234/105/601 233/81/601
f 623/150/12 622/592/12 619/146/12
f 62/83/12 84/123/12 636/65/12
f 617/122/12 616/171/12 84/123/12
f 74/513/602 231/100/602 230/98/602
f 76/117/603 233/81/603 232/87/603
f 234/105/604 80/125/604 72/529/604
f 45/36/605 12/572/605 32/593/605
f 47/594/606 23/595/606 12/572/606
f 442/596/607 443/597/607 607/544/607
f 211/598/608 220/599/608 219/44/608
f 524/559/609 516/499/609 178/600/609
f 42/271/610 295/245/610 294/244/610
f 25/103/559 81/116/559 232/87/559
f 30/51/611 266/12/611 206/102/611
f 429/40/612 430/144/612 225/471/612
f 615/601/613 228/602/613 227/590/613
f 25/103/614 85/104/614 11/17/614
f 62/141/615 73/515/615 11/17/615
f 69/170/616 70/603/616 11/17/616
f 23/595/617 44/262/617 12/572/617
f 208/604/618 192/605/618 117/606/618
f 7/607/5 58/13/5 11/17/5
f 55/206/619 56/107/619 17/99/619
f 6/517/620 27/111/620 206/102/620
f 27/37/621 28/519/621 30/524/621
f 45/36/622 46/175/622 12/572/622
f 116/236/623 125/608/623 115/609/623
f 619/146/12 628/126/12 627/134/12
f 54/205/624 55/206/624 33/93/624
f 75/514/625 6/517/625 231/100/625
f 293/566/583 637/33/583 605/610/583
f 72/529/626 230/98/626 234/105/626
f 229/82/627 230/98/627 16/97/627
f 266/12/628 52/11/628 33/93/628
f 217/543/629 218/611/629 210/45/629
f 219/44/630 11/17/630 210/45/630
f 106/612/631 72/239/631 122/241/631
f 123/613/632 107/614/632 78/615/632
f 307/4/2 65/298/2 64/5/2
f 29/39/28 40/522/28 27/37/28
f 612/127/12 637/33/12 629/32/12
f 62/83/12 621/118/12 633/132/12
f 67/60/633 68/169/633 11/17/633
f 230/98/634 231/100/634 18/101/634
f 446/578/592 609/580/592 608/512/592
f 227/590/573 228/602/573 84/140/573
f 604/526/565 292/528/565 605/610/565
f 83/616/635 172/276/635 3/275/635
f 225/591/573 84/140/573 224/617/573
f 83/616/636 121/618/636 172/276/636
f 106/568/637 172/276/637 121/618/637
f 215/571/573 224/617/573 84/140/573
f 225/591/638 226/619/638 227/590/638
f 222/588/573 214/545/573 84/140/573
f 106/568/639 122/620/639 171/277/639
f 107/532/640 171/277/640 122/620/640
f 221/621/573 213/587/573 84/140/573
f 212/622/641 221/621/641 84/140/641
f 219/44/642 220/599/642 84/140/642
f 220/599/643 212/622/643 84/140/643
f 108/623/644 452/531/644 123/530/644
f 123/530/645 170/278/645 107/532/645
f 452/531/646 169/624/646 170/278/646
f 194/63/647 305/296/647 58/295/647
f 232/87/648 19/114/648 12/572/648
f 307/308/649 308/300/649 67/299/649
f 609/580/650 448/625/650 449/626/650
f 448/494/541 447/627/541 293/495/541
f 108/628/651 124/629/651 452/576/651
f 115/575/652 452/576/652 124/629/652
f 452/576/653 453/570/653 169/280/653
f 453/570/654 168/281/654 169/280/654
f 293/495/541 446/630/541 451/563/541
f 447/627/541 446/630/541 293/495/541
f 445/631/655 444/561/655 451/563/655
f 446/630/656 445/631/656 451/563/656
f 441/508/657 440/632/657 24/633/657
f 443/562/658 442/634/658 451/563/658
f 116/635/659 454/537/659 125/569/659
f 125/569/660 453/570/660 115/575/660
f 454/537/661 455/636/661 453/570/661
f 453/570/662 455/636/662 168/281/662
f 455/636/663 167/282/663 168/281/663
f 442/634/664 441/508/664 62/507/664
f 441/508/665 24/633/665 181/637/665
f 441/508/666 181/637/666 180/509/666
f 180/509/667 138/638/667 62/507/667
f 181/637/668 139/639/668 180/509/668
f 179/640/669 137/564/669 62/507/669
f 138/638/670 179/640/670 62/507/670
f 451/563/671 442/634/671 62/507/671
f 116/635/672 126/538/672 454/537/672
f 456/536/673 126/538/673 117/641/673
f 454/537/674 456/536/674 455/636/674
f 456/536/675 457/642/675 455/636/675
f 455/636/676 457/642/676 167/282/676
f 457/642/677 166/283/677 167/282/677
f 292/643/541 291/496/541 293/495/541
f 279/644/678 278/645/678 241/498/678
f 291/496/541 279/644/541 241/498/541
f 177/646/679 62/507/679 136/567/679
f 73/269/680 62/507/680 177/646/680
f 78/615/681 77/647/681 123/613/681
f 76/648/682 81/649/682 73/269/682
f 80/240/683 79/650/683 107/614/683
f 77/647/684 76/648/684 108/651/684
f 74/652/685 72/239/685 106/612/685
f 79/650/686 78/615/686 107/614/686
f 75/265/687 74/652/687 106/612/687
f 117/641/688 127/573/688 456/536/688
f 458/535/689 127/573/689 118/653/689
f 456/536/690 458/535/690 457/642/690
f 458/535/691 459/654/691 457/642/691
f 457/642/692 459/654/692 166/283/692
f 459/654/693 165/284/693 166/283/693
f 82/655/694 6/264/694 83/266/694
f 2/656/695 82/655/695 3/657/695
f 3/657/696 182/658/696 2/656/696
f 3/657/697 82/655/697 83/266/697
f 107/614/698 122/241/698 80/240/698
f 121/659/699 83/266/699 75/265/699
f 77/647/700 108/651/700 123/613/700
f 106/612/701 121/659/701 75/265/701
f 291/496/541 241/498/541 448/494/541
f 108/651/702 76/648/702 73/269/702
f 176/660/703 134/661/703 175/267/703
f 177/646/704 135/662/704 176/660/704
f 174/663/705 132/664/705 73/269/705
f 133/268/706 174/663/706 73/269/706
f 119/665/707 460/666/707 128/667/707
f 128/533/708 458/535/708 118/653/708
f 460/534/709 461/668/709 458/535/709
f 458/535/710 461/668/710 459/654/710
f 461/668/711 462/669/711 459/654/711
f 459/654/712 462/669/712 165/284/712
f 462/669/713 164/285/713 165/284/713
f 131/670/714 61/671/714 73/269/714
f 173/672/715 131/670/715 73/269/715
f 238/673/716 193/674/716 116/236/716
f 73/269/717 239/675/717 115/609/717
f 176/660/718 175/267/718 73/269/718
f 239/675/719 238/673/719 115/609/719
f 235/235/720 208/604/720 117/606/720
f 237/237/721 236/676/721 235/235/721
f 117/606/722 204/677/722 129/678/722
f 192/605/723 204/677/723 117/606/723
f 129/678/724 119/679/724 127/680/724
f 130/681/725 120/682/725 129/678/725
f 130/681/726 129/678/726 203/683/726
f 117/606/727 126/684/727 235/235/727
f 635/685/728 636/686/728 140/487/728
f 119/665/729 129/687/729 460/666/729
f 120/547/730 460/548/730 129/688/730
f 460/534/731 463/689/731 461/668/731
f 463/689/732 464/690/732 461/668/732
f 461/668/733 464/690/733 462/669/733
f 464/690/734 465/691/734 462/669/734
f 462/669/735 465/691/735 164/285/735
f 465/691/736 163/286/736 164/285/736
f 241/138/57 278/85/57 603/84/57
f 61/671/737 240/692/737 73/269/737
f 132/664/738 173/672/738 73/269/738
f 193/674/739 237/237/739 116/236/739
f 240/692/740 239/675/740 73/269/740
f 73/269/741 115/609/741 124/693/741
f 238/673/742 116/236/742 115/609/742
f 116/236/743 235/235/743 126/684/743
f 177/646/744 176/660/744 73/269/744
f 204/677/745 203/683/745 129/678/745
f 208/604/746 207/694/746 192/605/746
f 119/679/747 128/695/747 118/696/747
f 203/683/748 60/697/748 130/681/748
f 127/680/749 117/606/749 129/678/749
f 127/680/750 119/679/750 118/696/750
f 632/698/751 633/699/751 566/585/751
f 60/700/752 105/136/752 130/539/752
f 130/539/753 463/540/753 120/547/753
f 105/136/754 104/701/754 463/540/754
f 463/540/755 104/701/755 464/702/755
f 104/701/756 103/703/756 464/702/756
f 464/690/757 103/704/757 465/691/757
f 103/704/758 102/705/758 465/691/758
f 465/691/759 102/705/759 163/286/759
f 102/705/760 5/22/760 163/286/760
f 114/706/761 162/23/761 5/22/761
f 113/707/762 466/708/762 114/709/762
f 112/710/763 467/711/763 113/707/763
f 111/712/764 469/713/764 112/710/764
f 110/714/765 472/715/765 111/712/765
f 109/26/766 476/716/766 110/714/766
f 481/551/767 61/552/767 131/717/767
f 132/718/768 487/550/768 173/549/768
f 624/149/769 625/145/769 560/719/769
f 619/146/770 622/592/770 96/720/770
f 114/706/771 466/721/771 162/23/771
f 466/721/772 161/406/772 162/23/772
f 113/707/773 467/711/773 466/708/773
f 467/711/774 468/722/774 466/708/774
f 466/721/775 468/723/775 161/406/775
f 468/723/776 160/407/776 161/406/776
f 112/710/777 469/713/777 467/711/777
f 469/713/778 470/724/778 467/711/778
f 467/711/779 470/724/779 468/722/779
f 470/724/780 471/725/780 468/722/780
f 468/723/781 471/726/781 160/407/781
f 471/726/782 159/408/782 160/407/782
f 111/712/783 472/715/783 469/713/783
f 472/715/784 473/727/784 469/713/784
f 469/713/785 473/727/785 470/724/785
f 473/727/786 474/728/786 470/724/786
f 470/724/787 474/728/787 471/725/787
f 474/728/788 475/729/788 471/725/788
f 471/726/789 475/730/789 159/408/789
f 475/730/790 158/409/790 159/408/790
f 110/714/791 476/716/791 472/715/791
f 476/716/792 477/731/792 472/715/792
f 472/715/793 477/731/793 473/727/793
f 477/731/794 478/732/794 473/727/794
f 473/727/795 478/732/795 474/728/795
f 478/732/796 479/733/796 474/728/796
f 474/728/797 479/733/797 475/729/797
f 479/733/798 480/734/798 475/729/798
f 475/730/799 480/735/799 158/409/799
f 480/735/800 157/410/800 158/409/800
f 109/26/801 481/551/801 476/716/801
f 481/551/802 482/736/802 476/716/802
f 476/716/803 482/736/803 477/731/803
f 482/736/804 483/737/804 477/731/804
f 477/731/805 483/737/805 478/732/805
f 483/737/806 484/738/806 478/732/806
f 478/732/807 484/738/807 479/733/807
f 484/738/808 485/739/808 479/733/808
f 479/733/809 485/739/809 480/734/809
f 485/739/810 486/740/810 480/734/810
f 480/735/811 486/741/811 157/410/811
f 486/741/812 156/415/812 157/410/812
f 173/549/813 481/551/813 131/717/813
f 487/550/814 488/742/814 481/551/814
f 481/551/815 488/742/815 482/736/815
f 488/742/816 489/743/816 482/736/816
f 482/736/817 489/743/817 483/737/817
f 489/743/818 490/744/818 483/737/818
f 483/737/819 490/744/819 484/738/819
f 490/744/820 491/745/820 484/738/820
f 484/738/821 491/745/821 485/739/821
f 491/745/822 492/746/822 485/739/822
f 485/739/823 492/746/823 486/740/823
f 492/746/824 493/747/824 486/740/824
f 486/741/825 493/748/825 156/415/825
f 493/748/826 155/416/826 156/415/826
f 132/718/827 174/556/827 487/550/827
f 494/554/828 174/556/828 133/749/828
f 487/550/829 494/554/829 488/742/829
f 494/554/830 495/750/830 488/742/830
f 488/742/831 495/750/831 489/743/831
f 495/750/832 496/751/832 489/743/832
f 489/743/833 496/751/833 490/744/833
f 496/751/834 497/752/834 490/744/834
f 490/744/835 497/752/835 491/745/835
f 497/752/836 498/753/836 491/745/836
f 491/745/837 498/753/837 492/746/837
f 498/753/838 499/754/838 492/746/838
f 492/746/839 499/754/839 493/747/839
f 499/754/840 500/755/840 493/747/840
f 493/748/841 500/756/841 155/416/841
f 500/756/842 154/417/842 155/416/842
f 96/720/843 622/592/843 623/150/843
f 613/757/844 616/758/844 438/479/844
f 133/749/845 175/555/845 494/554/845
f 501/553/577 175/555/577 134/759/577
f 494/554/846 501/553/846 495/750/846
f 501/553/847 502/760/847 495/750/847
f 495/750/848 502/760/848 496/751/848
f 502/760/849 503/761/849 496/751/849
f 496/751/850 503/761/850 497/752/850
f 503/761/851 504/762/851 497/752/851
f 497/752/852 504/762/852 498/753/852
f 504/762/853 505/763/853 498/753/853
f 498/753/854 505/763/854 499/754/854
f 505/763/855 506/764/855 499/754/855
f 499/754/856 506/764/856 500/755/856
f 506/764/857 507/765/857 500/755/857
f 500/756/858 507/766/858 154/417/858
f 507/766/859 153/418/859 154/417/859
f 605/610/860 637/33/860 612/127/860
f 135/767/861 508/500/861 176/589/861
f 176/589/862 501/553/862 134/759/862
f 508/500/863 509/768/863 501/553/863
f 501/553/864 509/768/864 502/760/864
f 509/768/865 510/769/865 502/760/865
f 502/760/866 510/769/866 503/761/866
f 510/769/867 511/770/867 503/761/867
f 503/761/868 511/770/868 504/762/868
f 511/770/869 512/771/869 504/762/869
f 504/762/870 512/771/870 505/763/870
f 512/771/871 513/772/871 505/763/871
f 505/763/872 513/772/872 506/764/872
f 513/772/873 514/773/873 506/764/873
f 506/764/874 514/773/874 507/765/874
f 514/773/875 515/774/875 507/765/875
f 507/765/876 515/774/876 153/775/876
f 515/776/877 152/419/877 153/418/877
f 135/767/878 177/501/878 508/500/878
f 516/499/542 177/501/542 136/777/542
f 508/500/879 516/499/879 509/768/879
f 516/499/880 517/778/880 509/768/880
f 509/768/881 517/778/881 510/769/881
f 517/778/882 518/779/882 510/769/882
f 510/769/883 518/779/883 511/770/883
f 518/779/884 519/780/884 511/770/884
f 511/770/885 519/780/885 512/771/885
f 519/780/886 520/781/886 512/771/886
f 512/771/887 520/781/887 513/772/887
f 520/781/888 521/782/888 513/772/888
f 513/772/889 521/782/889 514/773/889
f 521/782/890 522/783/890 514/773/890
f 514/773/891 522/783/891 515/774/891
f 522/783/892 523/784/892 515/774/892
f 515/774/893 523/784/893 152/785/893
f 523/786/894 151/420/894 152/419/894
f 136/777/895 178/600/895 516/499/895
f 524/559/896 178/600/896 137/787/896
f 516/499/897 524/559/897 517/778/897
f 524/559/898 525/788/898 517/778/898
f 517/778/899 525/788/899 518/779/899
f 525/788/900 526/789/900 518/779/900
f 518/779/901 526/789/901 519/780/901
f 526/789/902 527/790/902 519/780/902
f 519/780/903 527/790/903 520/781/903
f 527/790/904 528/791/904 520/781/904
f 520/781/905 528/791/905 521/782/905
f 528/791/906 529/792/906 521/782/906
f 521/782/907 529/792/907 522/783/907
f 529/792/908 530/793/908 522/783/908
f 522/783/909 530/793/909 523/784/909
f 530/793/910 531/794/910 523/784/910
f 523/784/911 531/794/911 151/795/911
f 531/796/912 150/421/912 151/420/912
f 137/787/913 179/560/913 524/559/913
f 532/558/580 179/560/580 138/797/580
f 524/559/914 532/558/914 525/788/914
f 532/558/915 533/798/915 525/788/915
f 525/788/916 533/798/916 526/789/916
f 533/798/917 534/799/917 526/789/917
f 526/789/918 534/799/918 527/790/918
f 534/799/919 535/800/919 527/790/919
f 527/790/920 535/800/920 528/791/920
f 535/800/921 536/801/921 528/791/921
f 528/791/922 536/801/922 529/792/922
f 536/801/923 537/802/923 529/792/923
f 529/792/924 537/802/924 530/793/924
f 537/802/925 538/803/925 530/793/925
f 530/793/926 538/803/926 531/794/926
f 538/803/927 539/804/927 531/794/927
f 531/796/928 539/805/928 150/421/928
f 539/805/929 149/422/929 150/421/929
f 139/806/930 540/154/930 180/557/930
f 180/557/931 532/558/931 138/797/931
f 540/154/932 541/807/932 532/558/932
f 532/558/933 541/807/933 533/798/933
f 541/807/934 542/808/934 533/798/934
f 533/798/935 542/808/935 534/799/935
f 542/808/936 543/809/936 534/799/936
f 534/799/937 543/809/937 535/800/937
f 543/809/938 544/810/938 535/800/938
f 535/800/939 544/810/939 536/801/939
f 544/810/940 545/811/940 536/801/940
f 536/801/941 545/811/941 537/802/941
f 545/811/942 546/812/942 537/802/942
f 537/802/943 546/812/943 538/803/943
f 546/812/944 547/813/944 538/803/944
f 538/803/945 547/813/945 539/804/945
f 547/813/946 548/814/946 539/804/946
f 539/805/947 548/815/947 149/422/947
f 548/815/948 148/423/948 149/422/948
f 139/806/949 181/155/949 540/154/949
f 94/153/950 181/155/950 24/816/950
f 540/154/951 94/153/951 541/807/951
f 94/153/952 93/817/952 541/807/952
f 541/807/953 93/817/953 542/808/953
f 93/817/954 92/818/954 542/808/954
f 542/808/955 92/818/955 543/809/955
f 92/818/956 91/819/956 543/809/956
f 543/809/957 91/819/957 544/810/957
f 91/819/958 90/820/958 544/810/958
f 544/810/959 90/820/959 545/811/959
f 90/820/960 89/821/960 545/811/960
f 545/811/961 89/821/961 546/812/961
f 89/821/962 88/822/962 546/812/962
f 546/812/963 88/822/963 547/813/963
f 88/822/964 87/823/964 547/813/964
f 547/813/965 87/823/965 548/814/965
f 87/823/966 86/824/966 548/814/966
f 548/815/967 86/825/967 148/423/967
f 86/825/968 4/19/968 148/423/968
f 101/826/969 147/20/969 4/19/969
f 100/827/970 549/828/970 101/826/970
f 99/829/971 550/830/971 100/827/971
f 98/831/972 552/832/972 99/833/972
f 97/834/973 555/835/973 98/831/973
f 96/720/974 559/836/974 97/834/974
f 612/127/975 628/126/975 95/837/975
f 101/826/976 549/828/976 147/20/976
f 549/828/977 146/481/977 147/20/977
f 100/827/978 550/830/978 549/828/978
f 550/830/979 551/838/979 549/828/979
f 549/828/980 551/838/980 146/481/980
f 551/838/981 145/482/981 146/481/981
f 99/829/982 552/839/982 550/830/982
f 552/839/983 553/840/983 550/830/983
f 550/830/984 553/840/984 551/838/984
f 553/840/985 554/841/985 551/838/985
f 551/838/986 554/841/986 145/482/986
f 554/841/987 144/483/987 145/482/987
f 98/831/988 555/835/988 552/832/988
f 555/835/989 556/842/989 552/832/989
f 552/839/990 556/843/990 553/840/990
f 556/843/991 557/844/991 553/840/991
f 553/840/992 557/844/992 554/841/992
f 557/844/993 558/845/993 554/841/993
f 554/841/994 558/845/994 144/483/994
f 558/845/995 143/484/995 144/483/995
f 97/834/996 559/836/996 555/835/996
f 559/836/997 560/719/997 555/835/997
f 555/835/998 560/719/998 556/842/998
f 560/719/999 561/238/999 556/842/999
f 556/842/1000 561/238/1000 557/846/1000
f 561/238/1001 562/847/1001 557/846/1001
f 557/844/1002 562/848/1002 558/845/1002
f 562/848/1003 563/849/1003 558/845/1003
f 558/845/1004 563/849/1004 143/484/1004
f 563/849/1005 142/485/1005 143/484/1005
f 623/150/1006 624/149/1006 559/836/1006
f 625/145/1007 626/148/1007 560/719/1007
f 620/128/540 561/238/540 627/134/540
f 561/238/1008 564/493/1008 562/847/1008
f 564/493/1009 565/257/1009 562/847/1009
f 562/848/1010 565/850/1010 563/849/1010
f 565/850/1011 566/585/1011 563/849/1011
f 563/849/1012 566/585/1012 142/485/1012
f 566/585/1013 141/486/1013 142/485/1013
f 620/128/1014 629/32/1014 564/493/1014
f 629/32/1015 630/61/1015 564/493/1015
f 631/31/1016 632/147/1016 565/257/1016
f 621/583/596 566/585/596 633/699/596
f 566/585/1017 567/584/1017 141/486/1017
f 567/584/1018 140/487/1018 141/486/1018
f 621/583/1019 634/851/1019 567/584/1019
f 634/852/1020 635/853/1020 567/854/1020
f 636/855/1021 613/856/1021 140/857/1021
f 430/144/1022 227/858/1022 226/472/1022
f 395/424/1023 217/543/1023 216/542/1023
f 38/151/1024 39/219/1024 267/10/1024
f 610/139/1025 450/859/1025 241/138/1025
f 442/596/1026 607/544/1026 606/273/1026
f 102/705/1027 114/706/1027 5/22/1027
f 103/703/1028 568/860/1028 102/861/1028
f 104/701/1029 569/862/1029 103/703/1029
f 105/136/1030 571/90/1030 104/701/1030
f 60/700/1031 203/88/1031 105/136/1031
f 305/296/1032 306/307/1032 63/502/1032
f 102/705/1033 568/863/1033 114/706/1033
f 568/860/1034 113/707/1034 114/709/1034
f 103/703/1035 569/862/1035 568/860/1035
f 569/862/1036 570/864/1036 568/860/1036
f 568/860/1037 570/864/1037 113/707/1037
f 570/864/1038 112/710/1038 113/707/1038
f 104/701/1039 571/90/1039 569/862/1039
f 571/90/1040 572/865/1040 569/862/1040
f 569/862/1041 572/865/1041 570/864/1041
f 572/865/1042 573/866/1042 570/864/1042
f 570/864/1043 573/866/1043 112/710/1043
f 573/866/1044 111/712/1044 112/710/1044
f 192/581/1045 571/90/1045 204/89/1045
f 571/90/1046 574/137/1046 572/865/1046
f 574/137/1047 575/70/1047 572/865/1047
f 572/865/1048 575/70/1048 573/866/1048
f 575/70/1049 576/110/1049 573/866/1049
f 573/866/1050 576/110/1050 111/712/1050
f 576/110/1051 110/714/1051 111/712/1051
f 192/581/1052 207/867/1052 574/137/1052
f 207/867/1053 208/68/1053 574/137/1053
f 235/69/1054 236/109/1054 575/70/1054
f 193/586/1055 576/110/1055 237/868/1055
f 576/110/1056 577/27/1056 110/714/1056
f 577/27/1057 109/26/1057 110/714/1057
f 193/586/1058 238/869/1058 577/27/1058
f 238/869/1059 239/25/1059 577/27/1059
f 240/870/1060 61/552/1060 109/26/1060
f 42/80/1061 41/871/1061 29/39/1061
f 22/263/1062 35/261/1062 11/17/1062
f 86/825/1063 101/826/1063 4/19/1063
f 87/823/1064 578/872/1064 86/824/1064
f 88/822/1065 579/873/1065 87/823/1065
f 89/821/1066 581/874/1066 88/822/1066
f 90/820/1067 584/875/1067 89/821/1067
f 91/819/1068 588/876/1068 90/820/1068
f 92/818/1069 593/877/1069 91/819/1069
f 93/817/1070 599/878/1070 92/818/1070
f 94/153/1071 606/273/1071 93/817/1071
f 24/816/1072 440/506/1072 94/153/1072
f 86/825/1073 578/879/1073 101/826/1073
f 578/879/1074 100/827/1074 101/826/1074
f 87/823/1075 579/873/1075 578/872/1075
f 579/873/1076 580/880/1076 578/872/1076
f 578/872/1077 580/880/1077 100/881/1077
f 580/880/1078 99/882/1078 100/881/1078
f 88/822/1079 581/874/1079 579/873/1079
f 581/874/1080 582/883/1080 579/873/1080
f 579/873/1081 582/883/1081 580/880/1081
f 582/883/1082 583/884/1082 580/880/1082
f 580/880/1083 583/884/1083 99/882/1083
f 583/884/1084 98/885/1084 99/882/1084
f 89/821/1085 584/875/1085 581/874/1085
f 584/875/1086 585/886/1086 581/874/1086
f 581/874/1087 585/886/1087 582/883/1087
f 585/886/1088 586/887/1088 582/883/1088
f 582/883/1089 586/887/1089 583/884/1089
f 586/887/1090 587/888/1090 583/884/1090
f 583/884/1091 587/888/1091 98/885/1091
f 587/889/1092 97/834/1092 98/831/1092
f 90/820/1093 588/876/1093 584/875/1093
f 588/876/1094 589/890/1094 584/875/1094
f 584/875/1095 589/890/1095 585/886/1095
f 589/890/1096 590/891/1096 585/886/1096
f 585/886/1097 590/891/1097 586/887/1097
f 590/891/1098 591/892/1098 586/887/1098
f 586/887/1099 591/892/1099 587/888/1099
f 591/892/1100 592/893/1100 587/888/1100
f 587/889/1101 592/894/1101 97/834/1101
f 592/894/1102 96/720/1102 97/834/1102
f 91/819/1103 593/877/1103 588/876/1103
f 593/877/1104 594/895/1104 588/876/1104
f 588/876/1105 594/895/1105 589/890/1105
f 594/895/1106 595/896/1106 589/890/1106
f 589/890/1107 595/896/1107 590/891/1107
f 595/896/1108 596/897/1108 590/891/1108
f 590/891/1109 596/897/1109 591/892/1109
f 596/897/1110 597/898/1110 591/892/1110
f 591/892/1111 597/898/1111 592/893/1111
f 597/899/1112 598/900/1112 592/894/1112
f 592/894/1113 598/900/1113 96/720/1113
f 598/900/1114 95/837/1114 96/720/1114
f 92/818/1115 599/878/1115 593/877/1115
f 599/878/1116 600/901/1116 593/877/1116
f 593/877/1117 600/901/1117 594/895/1117
f 600/901/1118 601/902/1118 594/895/1118
f 594/895/1119 601/902/1119 595/896/1119
f 601/902/1120 602/903/1120 595/896/1120
f 595/896/1121 602/903/1121 596/897/1121
f 602/903/1122 603/84/1122 596/897/1122
f 596/897/1123 603/84/1123 597/898/1123
f 603/84/1124 604/135/1124 597/898/1124
f 597/899/1125 604/526/1125 598/900/1125
f 604/526/1126 605/610/1126 598/900/1126
f 598/900/1127 605/610/1127 95/837/1127
f 93/817/1128 606/273/1128 599/878/1128
f 606/273/1129 607/544/1129 599/878/1129
f 599/878/1130 607/544/1130 600/901/1130
f 607/544/1131 608/512/1131 600/901/1131
f 600/901/1132 608/512/1132 601/902/1132
f 608/512/1133 609/580/1133 601/902/1133
f 601/902/1134 609/580/1134 602/903/1134
f 609/580/1135 610/139/1135 602/903/1135
f 602/903/1136 610/139/1136 603/84/1136
f 279/904/1137 291/527/1137 604/526/1137
f 292/528/1138 293/566/1138 605/610/1138
f 441/272/1139 442/596/1139 606/273/1139
f 443/597/1140 444/510/1140 607/544/1140
f 445/511/1141 446/578/1141 608/512/1141
f 447/579/1142 448/625/1142 609/580/1142
f 449/626/1143 450/859/1143 610/139/1143
f 268/207/1144 54/205/1144 267/10/1144
f 21/16/1145 7/607/1145 11/17/1145
f 615/601/613 227/590/613 430/905/613
f 429/40/612 225/471/612 224/41/612
f 248/176/1146 46/582/1146 247/57/1146
f 239/25/1147 240/870/1147 109/26/1147
f 73/515/1148 25/103/1148 11/17/1148
f 266/12/1149 33/93/1149 205/94/1149
f 408/28/1150 221/435/1150 212/29/1150
f 230/98/1151 18/101/1151 17/99/1151
f 229/82/1152 16/97/1152 15/96/1152
f 217/543/1153 210/45/1153 11/17/1153
f 232/87/1154 12/572/1154 85/104/1154
f 205/94/1155 33/93/1155 8/92/1155
f 194/63/1156 58/295/1156 7/152/1156
f 85/104/1148 12/572/1148 11/17/1148
f 46/175/1157 47/594/1157 12/572/1157
f 609/580/650 449/626/650 610/139/650
f 310/1/1158 71/492/1158 70/2/1158
f 64/5/1159 65/298/1159 11/17/1159
f 70/603/1160 71/906/1160 11/17/1160
f 611/907/1161 1/908/1161 11/17/1161
f 71/906/1162 611/907/1162 11/17/1162
f 12/572/1163 19/114/1163 51/490/1163
f 1/908/1164 13/577/1164 11/17/1164
f 267/10/1165 53/204/1165 52/11/1165
f 259/7/1166 51/192/1166 50/8/1166
f 17/99/1167 18/101/1167 55/206/1167
f 18/101/1168 9/91/1168 33/93/1168
f 53/204/1169 54/205/1169 33/93/1169
f 33/93/33 52/11/33 53/204/33
f 56/107/1170 34/48/1170 17/99/1170
f 49/106/1171 50/78/1171 10/77/1171
f 10/77/1172 15/96/1172 49/106/1172
f 18/101/1173 33/93/1173 55/206/1173
f 50/78/1174 51/490/1174 20/76/1174
f 32/593/1175 12/572/1175 51/490/1175
f 16/97/1176 17/99/1176 34/48/1176
f 637/33/12 451/131/12 631/31/12
f 32/593/1177 48/34/1177 45/36/1177
f 307/308/1178 67/299/1178 66/909/1178
f 636/65/12 84/123/12 613/172/12
f 231/100/1179 205/94/1179 9/91/1179
f 236/109/46 237/868/46 576/110/46
f 309/3/1180 68/301/1180 308/300/1180
f 29/243/1181 294/244/1181 280/160/1181
f 124/693/1182 108/651/1182 73/269/1182
f 635/685/728 140/487/728 567/584/728
f 632/698/751 566/585/751 565/850/751
f 630/61/192 565/257/192 564/493/192
f 626/148/166 561/238/166 560/719/166
f 624/149/769 560/719/769 559/836/769
f 96/720/843 623/150/843 559/836/843
f 619/146/770 96/720/770 95/837/770
f 95/837/1183 628/126/1183 619/146/1183
f 399/443/1184 211/50/1184 219/910/1184
f 396/437/1185 210/911/1185 218/438/1185
f 183/71/1186 13/234/1186 1/72/1186
f 438/258/193 617/260/193 439/480/193
f 439/480/1187 618/488/1187 614/142/1187
f 614/142/61 430/144/61 439/480/61
f 613/757/844 438/479/844 140/487/844
f 605/610/860 612/127/860 95/837/860
f 1100/912/1188 1140/913/1188 1147/914/1188
f 639/915/1189 696/916/1189 744/917/1189
f 1070/918/1142 907/579/1142 1069/919/1142
f 684/920/1190 1129/921/1190 846/922/1190
f 654/923/1191 893/924/1191 793/925/1191
f 639/915/1192 744/917/1192 756/926/1192
f 1067/927/1193 904/928/1193 903/929/1193
f 690/930/1194 691/931/1194 863/932/1194
f 686/933/1195 735/934/1195 734/935/1195
f 975/936/1196 976/937/1196 869/938/1196
f 1116/939/1197 727/940/1197 728/941/1197
f 662/942/1198 675/943/1198 654/944/1198
f 736/945/1199 685/946/1199 866/947/1199
f 657/948/1200 897/949/1200 891/950/1200
f 941/951/1201 769/952/1201 781/953/1201
f 676/954/1198 662/942/1198 651/955/1198
f 651/955/1202 647/956/1202 676/954/1202
f 1147/914/12 1140/913/12 1148/957/12
f 669/958/1203 671/959/1203 643/960/1203
f 775/961/1204 724/962/1204 640/963/1204
f 1148/957/12 1141/964/12 1149/965/12
f 866/947/1199 717/966/1199 736/945/1199
f 714/967/1205 699/141/1205 642/968/1205
f 922/969/1206 766/970/1206 778/971/1206
f 929/972/1207 884/973/1207 883/974/1207
f 736/945/1205 714/967/1205 642/968/1205
f 893/924/1208 794/975/1208 793/925/1208
f 897/949/1200 895/976/1200 891/950/1200
f 834/977/1200 835/978/1200 818/979/1200
f 897/949/1200 896/980/1200 895/976/1200
f 766/970/1209 871/981/1209 765/982/1209
f 650/983/1210 738/984/1210 642/985/1210
f 738/984/1191 654/923/1191 793/925/1191
f 819/986/1200 832/987/1200 818/979/1200
f 834/977/28 656/988/28 821/989/28
f 981/990/1211 982/991/1211 872/992/1211
f 883/974/28 656/988/28 882/993/28
f 711/994/1212 712/995/1212 665/996/1212
f 777/997/1213 830/998/1213 776/999/1213
f 815/1000/1200 723/1001/1200 669/1002/1200
f 673/1003/1200 670/1004/1200 666/1005/1200
f 670/1004/1200 775/1006/1200 666/1005/1200
f 971/1007/1214 792/1008/1214 804/1009/1214
f 865/1010/1215 1131/1011/1215 1130/1012/1215
f 894/1013/1216 646/1014/1216 795/1015/1216
f 670/1004/1200 674/1016/1200 775/1006/1200
f 733/1017/1200 683/1018/1200 777/997/1200
f 800/1019/1209 801/1020/1209 714/967/1209
f 723/1001/1217 671/1021/1217 669/1002/1217
f 669/1002/1200 673/1003/1200 815/1000/1200
f 666/1005/1218 815/1000/1218 673/1003/1218
f 961/1022/1219 790/1023/1219 802/1024/1219
f 855/1025/1220 696/916/1220 684/920/1220
f 767/1026/1221 816/1027/1221 827/1028/1221
f 859/1029/1221 869/1030/1221 870/1031/1221
f 896/980/14 889/1032/14 895/976/14
f 841/1033/1222 704/1034/1222 1128/1035/1222
f 836/1036/1223 1125/1037/1223 1124/1038/1223
f 853/1039/1224 864/1040/1224 852/1041/1224
f 1067/927/1193 1068/1042/1193 904/928/1193
f 971/1007/1225 739/1043/1225 814/1044/1225
f 713/1045/1226 858/1046/1226 715/1047/1226
f 715/1047/1227 858/1046/1227 716/1048/1227
f 981/990/1211 872/992/1211 871/1049/1211
f 653/1050/1198 655/1051/1198 657/1052/1198
f 825/1053/1209 816/1027/1209 767/1026/1209
f 714/967/1228 736/945/1228 722/1054/1228
f 717/966/1229 866/947/1229 718/1055/1229
f 719/1056/1230 867/1057/1230 720/1058/1230
f 868/1059/1231 713/1045/1231 721/1060/1231
f 976/937/1232 817/1061/1232 870/1062/1232
f 974/1063/1233 827/1064/1233 826/1065/1233
f 971/1007/1234 814/1044/1234 792/1008/1234
f 974/1063/1235 816/1066/1235 972/1067/1235
f 966/1068/1236 804/1009/1236 791/1069/1236
f 799/1070/1209 800/1019/1209 714/967/1209
f 786/1071/1209 799/1070/1209 714/967/1209
f 782/1072/1209 770/1073/1209 783/1074/1209
f 646/1014/1237 807/1075/1237 737/1076/1237
f 807/1075/1238 685/946/1238 737/1076/1238
f 807/1075/1239 806/1077/1239 866/947/1239
f 866/947/1240 806/1077/1240 867/1057/1240
f 806/1077/1241 805/1078/1241 867/1057/1241
f 867/1057/1242 805/1078/1242 868/1059/1242
f 972/1067/1243 816/1066/1243 825/1079/1243
f 981/990/1244 817/1061/1244 976/937/1244
f 971/1007/1214 804/1009/1214 966/1068/1214
f 845/1080/1224 812/1081/1224 844/1082/1224
f 710/1083/1245 711/1084/1245 668/1085/1245
f 957/1086/1246 802/1024/1246 789/1087/1246
f 807/1075/1247 866/947/1247 685/946/1247
f 950/1088/1248 799/1089/1248 786/1090/1248
f 766/970/1209 779/1091/1209 859/1029/1209
f 731/1092/1249 730/1093/1249 732/1094/1249
f 656/988/1200 883/974/1200 884/973/1200
f 897/949/1200 890/1095/1200 896/980/1200
f 656/988/1200 657/948/1200 822/1096/1200
f 729/1097/1250 656/988/1250 730/1093/1250
f 1065/1098/1138 879/566/1138 878/528/1138
f 755/1099/1209 774/1100/1209 714/967/1209
f 773/1101/1209 755/1099/1209 718/1055/1209
f 950/1088/1248 952/1102/1248 799/1089/1248
f 774/1100/1221 765/982/1221 714/967/1221
f 957/1086/1246 961/1022/1246 802/1024/1246
f 680/1103/1251 681/1104/1251 1152/1105/1251
f 975/936/1196 869/938/1196 859/1106/1196
f 828/1107/1252 886/1108/1252 657/948/1252
f 1065/1098/1138 878/528/1138 1064/1109/1138
f 862/1110/1224 850/1111/1224 860/1112/1224
f 848/1113/1224 857/1114/1224 649/1115/1224
f 822/1096/1200 657/948/1200 885/1116/1200
f 891/950/1253 1017/1117/1253 752/1118/1253
f 681/1119/1254 679/1120/1254 677/1121/1254
f 682/1122/1198 681/1119/1198 649/1115/1198
f 817/1123/1209 871/981/1209 766/970/1209
f 855/1124/1224 645/1125/1224 649/1115/1224
f 836/1036/1255 1124/1038/1255 647/956/1255
f 849/1126/1256 693/1127/1256 694/1128/1256
f 974/1063/1233 975/936/1233 827/1064/1233
f 647/956/1257 663/1129/1257 676/954/1257
f 683/1018/563 732/1094/563 730/1093/563
f 821/989/1200 656/988/1200 884/973/1200
f 961/1022/1258 803/1130/1258 790/1023/1258
f 954/1131/1259 800/1132/1259 952/1102/1259
f 952/1102/1260 800/1132/1260 787/1133/1260
f 949/1134/1261 783/1135/1261 770/1136/1261
f 763/1137/1262 798/1138/1262 785/1139/1262
f 934/1140/1263 781/1141/1263 768/1142/1263
f 950/1088/1264 786/1090/1264 798/1138/1264
f 952/1102/1265 787/1133/1265 799/1089/1265
f 764/1143/1266 797/1144/1266 784/1145/1266
f 763/1137/1267 797/1144/1267 764/1143/1267
f 927/1146/1268 780/1147/1268 767/1026/1268
f 941/951/1201 781/953/1201 934/1148/1201
f 835/978/1269 820/1149/1269 818/979/1269
f 872/1150/1209 873/1151/1209 714/967/1209
f 863/932/1195 851/1152/1195 686/933/1195
f 638/1153/1198 651/955/1198 642/1154/1198
f 981/990/1244 871/1049/1244 817/1061/1244
f 1116/939/1197 728/941/1197 1117/1155/1197
f 799/1070/1209 787/1156/1209 800/1019/1209
f 850/1111/1195 861/1157/1195 849/1158/1195
f 929/972/1207 883/974/1207 928/1159/1207
f 919/1160/1270 755/1099/1270 916/1161/1270
f 853/1039/1224 852/1041/1224 728/1162/1224
f 957/1086/1271 789/1087/1271 801/1163/1271
f 1115/1164/1272 726/1165/1272 1116/939/1272
f 703/1166/1273 704/1034/1273 842/1167/1273
f 836/1036/1223 837/1168/1223 1125/1037/1223
f 779/1091/1209 767/1026/1209 859/1029/1209
f 656/988/1200 818/979/1200 777/997/1200
f 882/993/1200 656/988/1200 822/1096/1200
f 672/1169/1198 660/1170/1198 668/1085/1198
f 674/1016/1200 776/999/1200 775/1006/1200
f 777/997/1200 776/999/1200 733/1017/1200
f 730/1093/1200 656/988/1200 777/997/1200
f 820/1149/1200 833/1171/1200 819/986/1200
f 835/978/1218 881/1172/1218 820/1149/1218
f 683/1018/1200 730/1093/1200 777/997/1200
f 668/1085/1254 659/1173/1254 657/1052/1254
f 924/1174/1274 835/978/1274 923/1175/1274
f 818/979/1200 831/1176/1200 777/997/1200
f 891/950/1275 644/1177/1275 887/1178/1275
f 895/976/1276 892/1179/1276 891/950/1276
f 887/1178/1200 828/1107/1200 657/948/1200
f 891/950/1200 887/1178/1200 657/948/1200
f 823/1180/1276 885/1116/1276 657/948/1276
f 886/1108/1200 823/1180/1200 657/948/1200
f 652/1181/1277 893/924/1277 654/923/1277
f 794/1182/1278 894/1013/1278 795/1015/1278
f 651/955/1224 649/1115/1224 813/1183/1224
f 836/1036/1224 651/955/1224 796/1184/1224
f 649/1115/1224 880/1185/1224 727/1186/1224
f 796/1184/1224 651/955/1224 813/1183/1224
f 854/1187/1279 865/1010/1279 853/1039/1279
f 880/1185/1280 854/1187/1280 727/1186/1280
f 734/935/1224 728/1162/1224 852/1041/1224
f 652/1181/1281 655/1188/1281 893/924/1281
f 898/1189/1282 655/1188/1282 653/1190/1282
f 893/924/1283 898/1189/1283 894/1191/1283
f 898/1189/1284 899/1192/1284 894/1191/1284
f 894/1013/1285 899/1193/1285 807/1075/1285
f 899/1193/1286 806/1077/1286 807/1075/1286
f 649/1115/1224 847/1194/1224 855/1124/1224
f 914/1195/1287 773/1196/1287 754/1197/1287
f 731/1198/1288 806/1077/1288 899/1193/1288
f 727/1186/1224 726/1199/1224 649/1115/1224
f 728/1162/1224 727/1186/1224 853/1039/1224
f 687/1200/1224 862/1110/1224 649/1115/1224
f 725/1201/1224 687/1200/1224 649/1115/1224
f 808/1202/1224 838/1203/1224 796/1184/1224
f 837/1168/1224 836/1036/1224 796/1184/1224
f 922/969/1206 778/971/1206 919/1160/1206
f 927/1146/1289 767/1026/1289 779/1091/1289
f 852/1041/1224 863/932/1224 686/933/1224
f 922/969/1290 779/1091/1290 766/970/1290
f 729/1204/1291 641/1205/1291 656/1206/1291
f 919/1160/1292 778/971/1292 765/982/1292
f 730/1207/1293 731/1208/1293 899/1192/1293
f 914/1195/1294 754/1197/1294 772/1209/1294
f 683/1210/1295 806/1077/1295 732/1211/1295
f 729/1204/1296 899/1192/1296 898/1189/1296
f 919/1160/1297 765/982/1297 774/1100/1297
f 653/1190/1298 641/1205/1298 898/1189/1298
f 857/1114/1224 847/1194/1224 649/1115/1224
f 852/1041/1224 686/933/1224 734/935/1224
f 842/1212/1195 841/1213/1195 810/1214/1195
f 811/1215/1195 843/1216/1195 813/1183/1195
f 839/1217/1224 808/1202/1224 809/1218/1224
f 796/1184/1224 813/1183/1224 808/1202/1224
f 843/1216/1224 810/1214/1224 813/1183/1224
f 808/1202/1224 841/1213/1224 809/1218/1224
f 912/1219/1299 753/1220/1299 771/1221/1299
f 914/1195/1300 753/1220/1300 912/1219/1300
f 726/1199/1224 725/1201/1224 649/1115/1224
f 724/962/1301 829/1222/1301 771/1221/1301
f 867/1057/1302 721/1060/1302 720/1058/1302
f 717/966/1303 722/1054/1303 736/945/1303
f 866/947/1304 719/1056/1304 718/1055/1304
f 683/1210/1305 733/1223/1305 805/1078/1305
f 733/1223/1306 667/1224/1306 805/1078/1306
f 840/1225/1307 809/1218/1307 841/1213/1307
f 916/1226/1308 773/1196/1308 914/1195/1308
f 854/1187/1224 853/1039/1224 727/1186/1224
f 954/1131/1309 801/1163/1309 788/1227/1309
f 844/1082/1224 811/1215/1224 845/1080/1224
f 813/1183/1224 810/1214/1224 841/1213/1224
f 846/1228/1224 813/1183/1224 649/1115/1224
f 645/1125/1224 846/1228/1224 649/1115/1224
f 737/1076/1310 736/945/1310 642/968/1310
f 1151/1229/12 1152/1105/12 1138/1230/12
f 764/1143/1311 784/1145/1311 698/1231/1311
f 982/991/1312 698/1231/1312 873/1232/1312
f 745/1233/1313 824/1234/1313 697/1235/1313
f 745/1233/1314 783/1135/1314 949/1134/1314
f 739/1043/1315 664/1236/1315 814/1044/1315
f 1066/1237/1316 664/1236/1316 739/1043/1316
f 669/958/1203 643/960/1203 716/1048/1203
f 666/1238/1317 640/963/1317 815/1239/1317
f 775/961/1204 640/963/1204 666/1238/1204
f 949/1240/1318 769/952/1318 941/951/1318
f 670/1241/1319 858/1046/1319 868/1059/1319
f 801/1020/1209 789/1242/1209 699/141/1209
f 858/1046/1320 673/1243/1320 669/958/1320
f 649/1115/1224 862/1110/1224 848/1113/1224
f 841/1213/1224 808/1202/1224 813/1183/1224
f 961/1022/1258 966/1068/1258 803/1130/1258
f 847/1194/1224 856/1244/1224 855/1124/1224
f 934/1140/1321 768/1142/1321 780/1147/1321
f 949/1134/1322 770/1136/1322 782/1245/1322
f 643/960/1323 671/959/1323 723/1246/1323
f 891/950/1253 892/1179/1253 1017/1117/1253
f 649/1115/1198 638/1153/1198 682/1122/1198
f 868/1059/1324 674/1247/1324 670/1241/1324
f 667/1224/1325 868/1059/1325 805/1078/1325
f 868/1059/1231 858/1046/1231 713/1045/1231
f 850/1111/1224 849/1158/1224 860/1112/1224
f 1068/1042/1326 906/578/1326 905/1248/1326
f 860/1112/1224 848/1113/1224 862/1110/1224
f 1064/1109/1137 876/904/1137 1063/1249/1137
f 776/1250/1327 912/1219/1327 829/1222/1327
f 1100/912/1328 1110/1251/1328 1148/957/1328
f 656/1252/1198 641/1253/1198 657/1052/1198
f 777/1254/1329 913/1255/1329 830/1256/1329
f 830/1256/1330 912/1219/1330 776/1250/1330
f 913/1255/1331 914/1195/1331 912/1219/1331
f 1110/1251/1332 1121/1257/1332 1149/965/1332
f 818/1258/1333 915/1259/1333 831/1260/1333
f 831/1260/1334 913/1255/1334 777/1254/1334
f 915/1259/1335 916/1226/1335 913/1255/1335
f 913/1255/1336 916/1226/1336 914/1195/1336
f 819/986/1337 917/1261/1337 832/987/1337
f 832/987/1338 915/1262/1338 818/979/1338
f 917/1263/1339 918/1264/1339 915/1259/1339
f 915/1259/1340 918/1264/1340 916/1226/1340
f 918/1264/1341 919/1265/1341 916/1226/1341
f 820/1149/1342 920/1266/1342 833/1171/1342
f 833/1171/1343 917/1261/1343 819/986/1343
f 920/1266/1344 921/1267/1344 917/1261/1344
f 917/1261/1345 921/1267/1345 918/1268/1345
f 921/1267/1346 922/1269/1346 918/1268/1346
f 918/1270/1347 922/969/1347 919/1160/1347
f 821/989/1348 923/1175/1348 834/977/1348
f 834/977/1349 923/1175/1349 835/978/1349
f 924/1174/1350 820/1149/1350 881/1172/1350
f 924/1174/1351 925/1271/1351 920/1266/1351
f 920/1266/1352 925/1271/1352 921/1267/1352
f 925/1271/1353 926/1272/1353 921/1267/1353
f 921/1267/1354 926/1272/1354 922/1269/1354
f 926/1272/1355 927/1273/1355 922/1269/1355
f 822/1096/1356 928/1159/1356 882/993/1356
f 882/993/1357 928/1159/1357 883/974/1357
f 929/972/1358 821/989/1358 884/973/1358
f 929/972/1359 930/1274/1359 923/1175/1359
f 923/1175/1360 930/1274/1360 924/1174/1360
f 930/1274/1361 931/1275/1361 924/1174/1361
f 924/1174/1362 931/1275/1362 925/1271/1362
f 931/1275/1363 932/1276/1363 925/1271/1363
f 925/1271/1364 932/1276/1364 926/1272/1364
f 932/1276/1365 933/1277/1365 926/1272/1365
f 926/1272/1366 933/1277/1366 927/1273/1366
f 933/1277/1367 934/1148/1367 927/1273/1367
f 823/1180/1368 935/1278/1368 885/1116/1368
f 885/1116/1369 928/1159/1369 822/1096/1369
f 935/1278/1370 936/1279/1370 928/1159/1370
f 928/1159/1371 936/1279/1371 929/972/1371
f 936/1279/1372 937/1280/1372 929/972/1372
f 929/972/1373 937/1280/1373 930/1274/1373
f 937/1280/1374 938/1281/1374 930/1274/1374
f 930/1274/1375 938/1281/1375 931/1275/1375
f 938/1281/1376 939/1282/1376 931/1275/1376
f 931/1275/1377 939/1282/1377 932/1276/1377
f 939/1282/1378 940/1283/1378 932/1276/1378
f 932/1276/1379 940/1283/1379 933/1277/1379
f 940/1283/1380 941/951/1380 933/1277/1380
f 933/1277/1381 941/951/1381 934/1148/1381
f 828/1107/1382 942/1284/1382 886/1108/1382
f 886/1108/1383 935/1278/1383 823/1180/1383
f 942/1284/1384 943/1285/1384 935/1278/1384
f 935/1278/1385 943/1285/1385 936/1279/1385
f 943/1285/1386 944/1286/1386 936/1279/1386
f 936/1279/1387 944/1286/1387 937/1280/1387
f 944/1286/1388 945/1287/1388 937/1280/1388
f 937/1280/1389 945/1287/1389 938/1281/1389
f 945/1287/1390 946/1288/1390 938/1281/1390
f 938/1281/1391 946/1288/1391 939/1282/1391
f 946/1288/1392 947/1289/1392 939/1282/1392
f 939/1282/1393 947/1289/1393 940/1283/1393
f 947/1289/1394 948/1290/1394 940/1283/1394
f 940/1283/1395 948/1290/1395 941/951/1395
f 948/1290/1396 949/1240/1396 941/951/1396
f 644/1177/1397 752/1118/1397 887/1178/1397
f 887/1178/1398 942/1284/1398 828/1107/1398
f 752/1118/1399 751/1291/1399 942/1284/1399
f 942/1284/1400 751/1291/1400 943/1285/1400
f 751/1291/1401 750/1292/1401 943/1285/1401
f 943/1285/1402 750/1292/1402 944/1286/1402
f 750/1292/1403 749/1293/1403 944/1286/1403
f 944/1286/1404 749/1293/1404 945/1287/1404
f 749/1293/1405 748/1294/1405 945/1287/1405
f 945/1287/1406 748/1294/1406 946/1288/1406
f 748/1294/1407 747/1295/1407 946/1288/1407
f 946/1288/1408 747/1295/1408 947/1289/1408
f 747/1295/1409 746/1296/1409 947/1289/1409
f 947/1289/1410 746/1296/1410 948/1290/1410
f 746/1297/1411 745/1233/1411 948/1298/1411
f 948/1298/1412 745/1233/1412 949/1134/1412
f 762/1299/1413 950/1088/1413 763/1137/1413
f 761/1300/1414 951/1301/1414 762/1299/1414
f 760/1302/1415 953/1303/1415 761/1300/1415
f 759/1304/1416 955/1305/1416 760/1302/1416
f 758/1306/1417 958/1307/1417 759/1304/1417
f 757/1308/1418 962/1309/1418 758/1306/1418
f 756/926/1419 967/1310/1419 757/1308/1419
f 762/1299/1420 951/1301/1420 950/1088/1420
f 951/1301/1421 952/1102/1421 950/1088/1421
f 761/1300/1422 953/1303/1422 951/1301/1422
f 953/1303/1423 954/1131/1423 951/1301/1423
f 951/1301/1424 954/1131/1424 952/1102/1424
f 760/1302/1425 955/1305/1425 953/1303/1425
f 955/1305/1426 956/1311/1426 953/1303/1426
f 953/1303/1427 956/1311/1427 954/1131/1427
f 956/1311/1428 957/1086/1428 954/1131/1428
f 759/1304/1429 958/1307/1429 955/1305/1429
f 958/1307/1430 959/1312/1430 955/1305/1430
f 955/1305/1431 959/1312/1431 956/1311/1431
f 959/1312/1432 960/1313/1432 956/1311/1432
f 956/1311/1433 960/1313/1433 957/1086/1433
f 960/1313/1433 961/1022/1433 957/1086/1433
f 758/1306/1434 962/1309/1434 958/1307/1434
f 962/1309/1435 963/1314/1435 958/1307/1435
f 958/1307/1436 963/1314/1436 959/1312/1436
f 963/1314/1437 964/1315/1437 959/1312/1437
f 959/1312/1438 964/1315/1438 960/1313/1438
f 964/1315/1439 965/1316/1439 960/1313/1439
f 960/1313/1440 965/1316/1440 961/1022/1440
f 965/1316/1441 966/1068/1441 961/1022/1441
f 757/1308/1442 967/1310/1442 962/1309/1442
f 967/1310/1443 968/1317/1443 962/1309/1443
f 962/1309/1444 968/1317/1444 963/1314/1444
f 968/1317/1445 969/1318/1445 963/1314/1445
f 963/1314/1446 969/1318/1446 964/1315/1446
f 969/1318/1447 970/1319/1447 964/1315/1447
f 964/1315/1448 970/1319/1448 965/1316/1448
f 970/1319/1449 971/1007/1449 965/1316/1449
f 965/1316/1450 971/1007/1450 966/1068/1450
f 756/926/1451 744/917/1451 967/1310/1451
f 744/917/1452 743/1320/1452 967/1310/1452
f 967/1310/1453 743/1320/1453 968/1317/1453
f 743/1320/1454 742/1321/1454 968/1317/1454
f 968/1317/1455 742/1321/1455 969/1318/1455
f 742/1321/1456 741/1322/1456 969/1318/1456
f 969/1318/1457 741/1322/1457 970/1319/1457
f 741/1322/1458 740/1323/1458 970/1319/1458
f 970/1319/1459 740/1323/1459 971/1007/1459
f 740/1323/1460 739/1043/1460 971/1007/1460
f 687/1324/1461 1115/1164/1461 692/1325/1461
f 1117/1155/1462 735/1326/1462 1118/1327/1462
f 763/1137/1262 950/1088/1262 798/1138/1262
f 924/1174/1463 881/1172/1463 835/978/1463
f 729/1204/1296 730/1207/1296 899/1192/1296
f 954/1131/1309 957/1086/1309 801/1163/1309
f 682/1328/12 638/1329/12 699/83/12
f 1149/965/12 1150/1330/12 1148/957/12
f 1068/1042/1326 1069/919/1326 906/578/1326
f 954/1131/1259 788/1227/1259 800/1132/1259
f 927/1146/1268 934/1140/1268 780/1147/1268
f 763/1137/1267 785/1139/1267 797/1144/1267
f 919/1160/1270 774/1100/1270 755/1099/1270
f 1115/1164/1272 725/1331/1272 726/1165/1272
f 731/1198/1464 732/1211/1464 806/1077/1464
f 898/1189/1465 893/924/1465 655/1188/1465
f 729/1204/1466 898/1189/1466 641/1205/1466
f 922/969/1467 927/1146/1467 779/1091/1467
f 683/1210/1468 805/1078/1468 806/1077/1468
f 775/961/1301 829/1222/1301 724/962/1301
f 914/1195/1300 772/1209/1300 753/1220/1300
f 867/1057/1469 868/1059/1469 721/1060/1469
f 829/1222/1301 912/1219/1301 771/1221/1301
f 866/947/1304 867/1057/1304 719/1056/1304
f 916/1226/1308 755/1332/1308 773/1196/1308
f 642/968/1205 738/1333/1205 795/1015/1205
f 699/141/1205 638/1334/1205 642/968/1205
f 795/1015/1470 738/1333/1470 794/1182/1470
f 738/1333/1471 793/1335/1471 794/1182/1471
f 737/1076/1472 685/946/1472 736/945/1472
f 795/1015/1473 646/1014/1473 737/1076/1473
f 737/1076/1310 642/968/1310 795/1015/1310
f 1152/1105/12 682/1328/12 1137/1336/12
f 699/83/12 911/131/12 1136/1337/12
f 1137/1336/12 682/1328/12 1136/1337/12
f 1136/1337/12 1144/1338/12 1137/1336/12
f 911/131/12 1143/1339/12 1136/1337/12
f 1145/1340/12 1138/1230/12 1152/1105/12
f 1137/1336/12 1145/1340/12 1152/1105/12
f 1139/1341/12 1147/914/12 1150/1330/12
f 1138/1230/12 1146/1342/12 1139/1341/12
f 1149/965/12 1142/1343/12 1150/1330/12
f 1150/1330/12 1135/1344/12 1151/1229/12
f 1138/1230/12 1139/1341/12 1151/1229/12
f 1148/957/12 1150/1330/12 1147/914/12
f 699/83/12 1136/1337/12 682/1328/12
f 1151/1229/12 1139/1341/12 1150/1330/12
f 982/991/1312 764/1143/1312 698/1231/1312
f 1153/1345/12 1152/1105/12 1151/1229/12
f 745/1233/1314 697/1235/1314 783/1135/1314
f 745/1233/1313 972/1067/1313 824/1234/1313
f 716/1048/1203 858/1046/1203 669/958/1203
f 1066/1237/1474 900/1346/1474 664/1236/1474
f 949/1240/1318 782/1347/1318 769/952/1318
f 667/1224/1325 674/1247/1325 868/1059/1325
f 833/1171/1343 920/1266/1343 917/1261/1343
f 831/1260/1334 915/1259/1334 913/1255/1334
f 885/1116/1475 935/1278/1475 928/1159/1475
f 929/972/1358 923/1175/1358 821/989/1358
f 1067/927/1476 902/1348/1476 901/1349/1476
f 687/1324/1461 725/1331/1461 1115/1164/1461
f 1051/1350/1477 1039/1351/1477 896/980/1477
f 895/976/1478 1039/1351/1478 1028/1352/1478
f 686/1353/1479 691/1354/1479 1118/1327/1479
f 679/1120/1480 680/1355/1480 1134/1356/1480
f 677/1121/1198 649/1115/1198 681/1119/1198
f 679/1120/1481 678/1357/1481 677/1121/1481
f 654/944/1481 655/1051/1481 652/1358/1481
f 1064/1109/1137 877/527/1137 876/904/1137
f 670/1241/1319 673/1243/1319 858/1046/1319
f 832/987/1482 917/1261/1482 915/1262/1482
f 830/1256/1330 913/1255/1330 912/1219/1330
f 886/1108/1483 942/1284/1483 935/1278/1483
f 924/1174/1484 920/1266/1484 820/1149/1484
f 1117/1155/1462 734/1359/1462 735/1326/1462
f 887/1178/1398 752/1118/1398 942/1284/1398
f 648/1360/1485 712/995/1485 897/949/1485
f 888/1361/1486 1028/1352/1486 1017/1117/1486
f 1071/1362/1487 1063/1363/1487 874/138/1487
f 897/949/1488 712/995/1488 1051/1350/1488
f 649/1115/1198 651/955/1198 638/1153/1198
f 681/1119/1198 680/1355/1198 679/1120/1198
f 675/943/1481 661/1364/1481 672/1169/1481
f 1067/927/1476 901/1349/1476 1066/1237/1476
f 672/1169/1198 668/1085/1198 655/1051/1198
f 829/1365/1489 775/1006/1489 776/999/1489
f 659/1173/1198 665/1366/1198 657/1052/1198
f 650/1367/1198 642/1154/1198 662/942/1198
f 654/944/1198 650/1367/1198 662/942/1198
f 675/943/1198 655/1051/1198 654/944/1198
f 746/1297/1490 973/1368/1490 745/1233/1490
f 747/1369/1491 977/1370/1491 746/1297/1491
f 748/1294/1492 983/1371/1492 747/1295/1492
f 749/1293/1493 990/1372/1493 748/1294/1493
f 750/1292/1494 998/1373/1494 749/1293/1494
f 751/1291/1495 1007/1374/1495 750/1292/1495
f 752/1118/1496 1017/1117/1496 751/1291/1496
f 644/1177/1497 891/950/1497 752/1118/1497
f 824/1234/1498 972/1067/1498 825/1079/1498
f 745/1233/1499 973/1368/1499 972/1067/1499
f 973/1368/1500 974/1063/1500 972/1067/1500
f 827/1064/1501 975/936/1501 859/1106/1501
f 869/938/1502 976/937/1502 870/1062/1502
f 746/1297/1503 977/1370/1503 973/1368/1503
f 977/1370/1504 978/1375/1504 973/1368/1504
f 973/1368/1505 978/1375/1505 974/1063/1505
f 978/1375/1506 979/1376/1506 974/1063/1506
f 974/1063/1507 979/1376/1507 975/936/1507
f 979/1376/1508 980/1377/1508 975/936/1508
f 975/936/1509 980/1377/1509 976/937/1509
f 980/1377/1510 981/990/1510 976/937/1510
f 872/992/1511 982/991/1511 873/1232/1511
f 747/1369/1512 983/1378/1512 977/1370/1512
f 983/1378/1513 984/1379/1513 977/1370/1513
f 977/1370/1514 984/1379/1514 978/1375/1514
f 984/1379/1515 985/1380/1515 978/1375/1515
f 978/1375/1516 985/1380/1516 979/1376/1516
f 985/1380/1517 986/1381/1517 979/1376/1517
f 979/1376/1518 986/1381/1518 980/1377/1518
f 986/1381/1519 987/1382/1519 980/1377/1519
f 980/1377/1520 987/1382/1520 981/990/1520
f 987/1382/1521 988/1383/1521 981/990/1521
f 981/990/1522 988/1383/1522 982/991/1522
f 988/1383/1523 989/1384/1523 982/991/1523
f 982/991/1524 989/1384/1524 764/1143/1524
f 989/1384/1525 763/1137/1525 764/1143/1525
f 748/1294/1526 990/1372/1526 983/1371/1526
f 990/1372/1527 991/1385/1527 983/1371/1527
f 983/1378/1528 991/1386/1528 984/1379/1528
f 991/1386/1529 992/1387/1529 984/1379/1529
f 984/1379/1530 992/1387/1530 985/1380/1530
f 992/1387/1531 993/1388/1531 985/1380/1531
f 985/1380/1532 993/1388/1532 986/1381/1532
f 993/1388/1533 994/1389/1533 986/1381/1533
f 986/1381/1534 994/1389/1534 987/1382/1534
f 994/1389/1535 995/1390/1535 987/1382/1535
f 987/1382/1536 995/1390/1536 988/1383/1536
f 995/1390/1537 996/1391/1537 988/1383/1537
f 988/1383/1538 996/1391/1538 989/1384/1538
f 996/1391/1539 997/1392/1539 989/1384/1539
f 989/1384/1540 997/1392/1540 763/1137/1540
f 997/1392/1541 762/1299/1541 763/1137/1541
f 749/1293/1542 998/1373/1542 990/1372/1542
f 998/1373/1543 999/1393/1543 990/1372/1543
f 990/1372/1544 999/1393/1544 991/1385/1544
f 999/1394/1545 1000/1395/1545 991/1386/1545
f 991/1386/1546 1000/1395/1546 992/1387/1546
f 1000/1395/1547 1001/1396/1547 992/1387/1547
f 992/1387/1548 1001/1396/1548 993/1388/1548
f 1001/1396/1549 1002/1397/1549 993/1388/1549
f 993/1388/1550 1002/1397/1550 994/1389/1550
f 1002/1397/1551 1003/1398/1551 994/1389/1551
f 994/1389/1552 1003/1398/1552 995/1390/1552
f 1003/1398/1553 1004/1399/1553 995/1390/1553
f 995/1390/1554 1004/1399/1554 996/1391/1554
f 1004/1399/1555 1005/1400/1555 996/1391/1555
f 996/1391/1556 1005/1400/1556 997/1392/1556
f 1005/1400/1557 1006/1401/1557 997/1392/1557
f 997/1392/1558 1006/1401/1558 762/1299/1558
f 1006/1401/1559 761/1300/1559 762/1299/1559
f 750/1292/1560 1007/1374/1560 998/1373/1560
f 1007/1374/1561 1008/1402/1561 998/1373/1561
f 998/1373/1562 1008/1402/1562 999/1393/1562
f 1008/1402/1563 1009/1403/1563 999/1393/1563
f 999/1394/1564 1009/1404/1564 1000/1395/1564
f 1009/1404/1565 1010/1405/1565 1000/1395/1565
f 1000/1395/1566 1010/1405/1566 1001/1396/1566
f 1010/1405/1567 1011/1406/1567 1001/1396/1567
f 1001/1396/1568 1011/1406/1568 1002/1397/1568
f 1011/1406/1569 1012/1407/1569 1002/1397/1569
f 1002/1397/1570 1012/1407/1570 1003/1398/1570
f 1012/1407/1571 1013/1408/1571 1003/1398/1571
f 1003/1398/1572 1013/1408/1572 1004/1399/1572
f 1013/1408/1573 1014/1409/1573 1004/1399/1573
f 1004/1399/1574 1014/1409/1574 1005/1400/1574
f 1014/1409/1575 1015/1410/1575 1005/1400/1575
f 1005/1400/1576 1015/1410/1576 1006/1401/1576
f 1015/1410/1577 1016/1411/1577 1006/1401/1577
f 1006/1401/1578 1016/1411/1578 761/1300/1578
f 1016/1411/1579 760/1302/1579 761/1300/1579
f 751/1291/1580 1017/1117/1580 1007/1374/1580
f 1017/1117/1581 1018/1412/1581 1007/1374/1581
f 1007/1374/1582 1018/1412/1582 1008/1402/1582
f 1018/1412/1583 1019/1413/1583 1008/1402/1583
f 1008/1402/1584 1019/1413/1584 1009/1403/1584
f 1019/1414/1585 1020/1415/1585 1009/1404/1585
f 1009/1404/1586 1020/1415/1586 1010/1405/1586
f 1020/1415/1587 1021/1416/1587 1010/1405/1587
f 1010/1405/1588 1021/1416/1588 1011/1406/1588
f 1021/1416/1589 1022/1417/1589 1011/1406/1589
f 1011/1406/1590 1022/1417/1590 1012/1407/1590
f 1022/1417/1591 1023/1418/1591 1012/1407/1591
f 1012/1407/1592 1023/1418/1592 1013/1408/1592
f 1023/1418/1593 1024/1419/1593 1013/1408/1593
f 1013/1408/1594 1024/1419/1594 1014/1409/1594
f 1024/1419/1595 1025/1420/1595 1014/1409/1595
f 1014/1409/1596 1025/1420/1596 1015/1410/1596
f 1025/1420/1597 1026/1421/1597 1015/1410/1597
f 1015/1410/1598 1026/1421/1598 1016/1411/1598
f 1026/1421/1599 1027/1422/1599 1016/1411/1599
f 1016/1411/1600 1027/1422/1600 760/1302/1600
f 1027/1422/1601 759/1304/1601 760/1302/1601
f 888/1361/1602 1017/1117/1602 892/1179/1602
f 1017/1117/1603 1028/1352/1603 1018/1412/1603
f 1028/1352/1604 1029/1423/1604 1018/1412/1604
f 1018/1412/1605 1029/1423/1605 1019/1413/1605
f 1029/1424/1606 1030/1425/1606 1019/1414/1606
f 1019/1414/1607 1030/1425/1607 1020/1415/1607
f 1030/1425/1608 1031/1426/1608 1020/1415/1608
f 1020/1415/1609 1031/1426/1609 1021/1416/1609
f 1031/1426/1610 1032/1427/1610 1021/1416/1610
f 1021/1416/1611 1032/1427/1611 1022/1417/1611
f 1032/1427/1612 1033/1428/1612 1022/1417/1612
f 1022/1417/1613 1033/1428/1613 1023/1418/1613
f 1033/1428/1614 1034/1429/1614 1023/1418/1614
f 1023/1418/1615 1034/1429/1615 1024/1419/1615
f 1034/1429/1616 1035/1430/1616 1024/1419/1616
f 1024/1419/1617 1035/1430/1617 1025/1420/1617
f 1035/1430/1618 1036/1431/1618 1025/1420/1618
f 1025/1420/1619 1036/1431/1619 1026/1421/1619
f 1036/1431/1620 1037/1432/1620 1026/1421/1620
f 1026/1421/1621 1037/1432/1621 1027/1422/1621
f 1037/1432/1622 1038/1433/1622 1027/1422/1622
f 1027/1422/1623 1038/1433/1623 759/1304/1623
f 1038/1433/1624 758/1306/1624 759/1304/1624
f 889/1032/1625 1039/1351/1625 895/976/1625
f 895/976/1626 1028/1352/1626 888/1361/1626
f 1039/1351/1627 1040/1434/1627 1028/1352/1627
f 1028/1352/1628 1040/1434/1628 1029/1423/1628
f 1040/1435/1629 1041/1436/1629 1029/1424/1629
f 1029/1424/1630 1041/1436/1630 1030/1425/1630
f 1041/1436/1631 1042/1437/1631 1030/1425/1631
f 1030/1425/1632 1042/1437/1632 1031/1426/1632
f 1042/1437/1633 1043/1438/1633 1031/1426/1633
f 1031/1426/1634 1043/1438/1634 1032/1427/1634
f 1043/1438/1635 1044/1439/1635 1032/1427/1635
f 1032/1427/1636 1044/1439/1636 1033/1428/1636
f 1044/1439/1637 1045/1440/1637 1033/1428/1637
f 1033/1428/1638 1045/1440/1638 1034/1429/1638
f 1045/1440/1639 1046/1441/1639 1034/1429/1639
f 1034/1429/1640 1046/1441/1640 1035/1430/1640
f 1046/1441/1641 1047/1442/1641 1035/1430/1641
f 1035/1430/1642 1047/1442/1642 1036/1431/1642
f 1047/1442/1643 1048/1443/1643 1036/1431/1643
f 1036/1431/1644 1048/1443/1644 1037/1432/1644
f 1048/1443/1645 1049/1444/1645 1037/1432/1645
f 1037/1432/1646 1049/1444/1646 1038/1433/1646
f 1049/1444/1647 1050/1445/1647 1038/1433/1647
f 1038/1433/1648 1050/1445/1648 758/1306/1648
f 1050/1445/1649 757/1308/1649 758/1306/1649
f 889/1032/1650 896/980/1650 1039/1351/1650
f 1051/1350/1477 896/980/1477 890/1095/1477
f 1039/1351/1651 1051/1350/1651 1040/1434/1651
f 1051/1350/1652 1052/1446/1652 1040/1434/1652
f 1040/1434/1653 1052/1446/1653 1041/1447/1653
f 1052/1448/1654 1053/1449/1654 1041/1436/1654
f 1041/1436/1655 1053/1449/1655 1042/1437/1655
f 1053/1449/1656 1054/1450/1656 1042/1437/1656
f 1042/1437/1657 1054/1450/1657 1043/1438/1657
f 1054/1450/1658 1055/1451/1658 1043/1438/1658
f 1043/1438/1659 1055/1451/1659 1044/1439/1659
f 1055/1451/1660 1056/1452/1660 1044/1439/1660
f 1044/1439/1661 1056/1452/1661 1045/1440/1661
f 1056/1452/1662 1057/1453/1662 1045/1440/1662
f 1045/1440/1663 1057/1453/1663 1046/1441/1663
f 1057/1453/1664 1058/1454/1664 1046/1441/1664
f 1046/1441/1665 1058/1454/1665 1047/1442/1665
f 1058/1454/1666 1059/1455/1666 1047/1442/1666
f 1047/1442/1667 1059/1455/1667 1048/1443/1667
f 1059/1455/1668 1060/1456/1668 1048/1443/1668
f 1048/1443/1669 1060/1456/1669 1049/1444/1669
f 1060/1456/1670 1061/1457/1670 1049/1444/1670
f 1049/1444/1671 1061/1457/1671 1050/1445/1671
f 1061/1457/1672 1062/1458/1672 1050/1445/1672
f 1050/1445/1673 1062/1458/1673 757/1308/1673
f 1062/1458/1674 756/926/1674 757/1308/1674
f 648/1360/1675 897/949/1675 657/948/1675
f 897/949/1488 1051/1350/1488 890/1095/1488
f 712/995/1676 711/994/1676 1051/1350/1676
f 1051/1350/1677 711/994/1677 1052/1446/1677
f 711/1459/1678 710/1460/1678 1052/1448/1678
f 1052/1448/1679 710/1460/1679 1053/1449/1679
f 710/1460/1680 709/1461/1680 1053/1449/1680
f 1053/1449/1681 709/1461/1681 1054/1450/1681
f 709/1461/1682 708/1462/1682 1054/1450/1682
f 1054/1450/1683 708/1462/1683 1055/1451/1683
f 708/1462/1684 707/1463/1684 1055/1451/1684
f 1055/1451/1685 707/1463/1685 1056/1452/1685
f 707/1463/1686 706/1464/1686 1056/1452/1686
f 1056/1452/1687 706/1464/1687 1057/1453/1687
f 706/1464/1688 705/1465/1688 1057/1453/1688
f 1057/1453/1689 705/1465/1689 1058/1454/1689
f 705/1465/1690 704/1034/1690 1058/1454/1690
f 1058/1454/1691 704/1034/1691 1059/1455/1691
f 704/1034/1692 703/1166/1692 1059/1455/1692
f 1059/1455/1693 703/1166/1693 1060/1456/1693
f 703/1166/1694 702/1466/1694 1060/1456/1694
f 1060/1456/1695 702/1466/1695 1061/1457/1695
f 702/1466/1696 701/1467/1696 1061/1457/1696
f 1061/1457/1697 701/1467/1697 1062/1458/1697
f 701/1467/1698 700/1468/1698 1062/1458/1698
f 1062/1458/1699 700/1468/1699 756/926/1699
f 700/1468/1700 639/915/1700 756/926/1700
f 679/1120/1480 1134/1356/1480 1133/1469/1480
f 740/1323/1701 1074/1470/1701 739/1043/1701
f 741/1322/1702 1083/1471/1702 740/1323/1702
f 742/1321/1703 1092/1472/1703 741/1322/1703
f 743/1320/1704 1101/1473/1704 742/1321/1704
f 744/917/1705 1111/1474/1705 743/1320/1705
f 874/138/57 1063/1363/57 875/85/57
f 875/85/1706 1063/1363/1706 876/86/1706
f 877/527/565 1064/1109/565 878/528/565
f 900/1346/1707 1066/1237/1707 901/1349/1707
f 902/1348/1708 1067/927/1708 903/929/1708
f 904/928/1709 1068/1042/1709 905/1248/1709
f 906/578/592 1069/919/592 907/579/592
f 908/625/650 1070/918/650 909/626/650
f 1071/1362/1487 874/138/1487 910/859/1487
f 1071/1362/1710 1072/1475/1710 1063/1363/1710
f 1063/1249/1711 1072/1476/1711 1064/1109/1711
f 1072/1476/1712 1073/1477/1712 1064/1109/1712
f 1064/1109/1713 1073/1477/1713 1065/1098/1713
f 739/1043/1714 1074/1470/1714 1066/1237/1714
f 1074/1470/1715 1075/1478/1715 1066/1237/1715
f 1066/1237/1716 1075/1478/1716 1067/927/1716
f 1075/1478/1717 1076/1479/1717 1067/927/1717
f 1067/927/1718 1076/1479/1718 1068/1042/1718
f 1076/1479/1719 1077/1480/1719 1068/1042/1719
f 1068/1042/1720 1077/1480/1720 1069/919/1720
f 1077/1480/1721 1078/1481/1721 1069/919/1721
f 1069/919/1722 1078/1481/1722 1070/918/1722
f 1078/1481/1723 1079/1482/1723 1070/918/1723
f 1070/918/1724 1079/1482/1724 1071/1362/1724
f 1079/1482/1725 1080/1483/1725 1071/1362/1725
f 1071/1362/1726 1080/1483/1726 1072/1475/1726
f 1080/1484/1727 1081/1485/1727 1072/1476/1727
f 1072/1476/1728 1081/1485/1728 1073/1477/1728
f 1081/1485/1729 1082/1486/1729 1073/1477/1729
f 740/1323/1730 1083/1471/1730 1074/1470/1730
f 1083/1471/1731 1084/1487/1731 1074/1470/1731
f 1074/1470/1732 1084/1487/1732 1075/1478/1732
f 1084/1487/1733 1085/1488/1733 1075/1478/1733
f 1075/1478/1734 1085/1488/1734 1076/1479/1734
f 1085/1488/1735 1086/1489/1735 1076/1479/1735
f 1076/1479/1736 1086/1489/1736 1077/1480/1736
f 1086/1489/1737 1087/1490/1737 1077/1480/1737
f 1077/1480/1738 1087/1490/1738 1078/1481/1738
f 1087/1490/1739 1088/1491/1739 1078/1481/1739
f 1078/1481/1740 1088/1491/1740 1079/1482/1740
f 1088/1491/1741 1089/1492/1741 1079/1482/1741
f 1079/1482/1742 1089/1492/1742 1080/1483/1742
f 1089/1492/1743 1090/1493/1743 1080/1483/1743
f 1080/1484/1744 1090/1494/1744 1081/1485/1744
f 1090/1494/1745 1091/1495/1745 1081/1485/1745
f 1081/1485/1746 1091/1495/1746 1082/1486/1746
f 741/1322/1747 1092/1472/1747 1083/1471/1747
f 1092/1472/1748 1093/1496/1748 1083/1471/1748
f 1083/1471/1749 1093/1496/1749 1084/1487/1749
f 1093/1496/1750 1094/1497/1750 1084/1487/1750
f 1084/1487/1751 1094/1497/1751 1085/1488/1751
f 1094/1497/1752 1095/1498/1752 1085/1488/1752
f 1085/1488/1753 1095/1498/1753 1086/1489/1753
f 1095/1498/1754 1096/1499/1754 1086/1489/1754
f 1086/1489/1755 1096/1499/1755 1087/1490/1755
f 1096/1499/1756 1097/1500/1756 1087/1490/1756
f 1087/1490/1757 1097/1500/1757 1088/1491/1757
f 1097/1500/1758 1098/1501/1758 1088/1491/1758
f 1088/1491/1759 1098/1501/1759 1089/1492/1759
f 1098/1501/1760 1099/1502/1760 1089/1492/1760
f 1089/1492/1761 1099/1502/1761 1090/1493/1761
f 1099/1503/1762 1100/912/1762 1090/1494/1762
f 1090/1494/1763 1100/912/1763 1091/1495/1763
f 742/1321/1764 1101/1473/1764 1092/1472/1764
f 1101/1473/1765 1102/1504/1765 1092/1472/1765
f 1092/1472/1766 1102/1504/1766 1093/1496/1766
f 1102/1504/1767 1103/1505/1767 1093/1496/1767
f 1093/1496/1768 1103/1505/1768 1094/1497/1768
f 1103/1505/1769 1104/1506/1769 1094/1497/1769
f 1094/1497/1770 1104/1506/1770 1095/1498/1770
f 1104/1506/1771 1105/1507/1771 1095/1498/1771
f 1095/1498/1772 1105/1507/1772 1096/1499/1772
f 1105/1507/1773 1106/1508/1773 1096/1499/1773
f 1096/1499/1774 1106/1508/1774 1097/1500/1774
f 1106/1508/1775 1107/1509/1775 1097/1500/1775
f 1097/1500/1776 1107/1509/1776 1098/1501/1776
f 1107/1509/1777 1108/1510/1777 1098/1501/1777
f 1098/1501/1778 1108/1510/1778 1099/1502/1778
f 1108/1510/1779 1109/1511/1779 1099/1502/1779
f 1099/1503/1780 1109/1512/1780 1100/912/1780
f 1109/1512/1781 1110/1251/1781 1100/912/1781
f 743/1320/1782 1111/1474/1782 1101/1473/1782
f 1111/1474/1783 1112/1513/1783 1101/1473/1783
f 1101/1473/1784 1112/1513/1784 1102/1504/1784
f 1112/1513/1785 1113/1514/1785 1102/1504/1785
f 1102/1504/1786 1113/1514/1786 1103/1505/1786
f 1113/1514/1787 1114/1515/1787 1103/1505/1787
f 1103/1505/1788 1114/1515/1788 1104/1506/1788
f 1114/1515/1789 1115/1164/1789 1104/1506/1789
f 1104/1506/1790 1115/1164/1790 1105/1507/1790
f 1115/1164/1791 1116/939/1791 1105/1507/1791
f 1105/1507/1792 1116/939/1792 1106/1508/1792
f 1116/939/1793 1117/1155/1793 1106/1508/1793
f 1106/1508/1794 1117/1155/1794 1107/1509/1794
f 1117/1155/1795 1118/1327/1795 1107/1509/1795
f 1107/1509/1796 1118/1327/1796 1108/1510/1796
f 1118/1327/1797 1119/1516/1797 1108/1510/1797
f 1108/1510/1798 1119/1516/1798 1109/1511/1798
f 1119/1517/1799 1120/1518/1799 1109/1512/1799
f 1109/1512/1800 1120/1518/1800 1110/1251/1800
f 1120/1518/1801 1121/1257/1801 1110/1251/1801
f 744/917/1802 696/916/1802 1111/1474/1802
f 696/916/1803 695/1519/1803 1111/1474/1803
f 1111/1474/1804 695/1519/1804 1112/1513/1804
f 695/1519/1805 694/1128/1805 1112/1513/1805
f 1112/1513/1806 694/1128/1806 1113/1514/1806
f 694/1128/1807 693/1127/1807 1113/1514/1807
f 1113/1514/1808 693/1127/1808 1114/1515/1808
f 693/1127/1809 692/1325/1809 1114/1515/1809
f 1114/1515/1810 692/1325/1810 1115/1164/1810
f 726/1165/1811 727/940/1811 1116/939/1811
f 728/941/1812 734/1359/1812 1117/1155/1812
f 686/1353/1479 1118/1327/1479 735/1326/1479
f 1118/1327/1813 691/1354/1813 1119/1516/1813
f 691/1354/1814 690/1520/1814 1119/1516/1814
f 1119/1517/1815 690/1521/1815 1120/1518/1815
f 690/1521/1816 689/1522/1816 1120/1518/1816
f 1120/1518/1817 689/1522/1817 1121/1257/1817
f 689/1522/1818 688/1523/1818 1121/1257/1818
f 641/1253/1198 653/1050/1198 657/1052/1198
f 665/1366/1819 658/1524/1819 648/1525/1819
f 648/1525/1481 657/1052/1481 665/1366/1481
f 655/1051/1198 675/943/1198 672/1169/1198
f 1071/1362/1143 910/859/1143 909/626/1143
f 642/1154/1198 651/955/1198 662/942/1198
f 909/1526/1209 910/1527/1209 874/1528/1209
f 908/1529/1209 909/1526/1209 874/1528/1209
f 874/1528/1820 875/1530/1820 876/1531/1820
f 906/1532/1209 907/1533/1209 879/1534/1209
f 906/1532/1209 879/1534/1209 911/1535/1209
f 907/1533/1209 908/1529/1209 879/1534/1209
f 905/1536/1209 906/1532/1209 911/1535/1209
f 904/1537/1209 905/1536/1209 911/1535/1209
f 902/1538/1209 903/1539/1209 911/1535/1209
f 664/1540/1209 900/1541/1209 901/1542/1209
f 903/1539/1209 904/1537/1209 911/1535/1209
f 814/1543/1209 901/1542/1209 804/1544/1209
f 814/1543/1209 664/1540/1209 901/1542/1209
f 804/1544/1821 792/1545/1821 814/1543/1821
f 901/1542/1209 902/1538/1209 699/141/1209
f 803/1546/1209 791/1547/1209 699/141/1209
f 791/1547/1209 804/1544/1209 699/141/1209
f 790/1548/1209 803/1546/1209 699/141/1209
f 802/1549/1209 790/1548/1209 699/141/1209
f 699/141/1209 804/1544/1209 901/1542/1209
f 789/1242/1209 802/1549/1209 699/141/1209
f 874/1528/1209 876/1531/1209 877/1550/1209
f 908/1529/1209 874/1528/1209 877/1550/1209
f 908/1529/1209 877/1550/1209 879/1534/1209
f 714/967/1209 722/1054/1209 717/966/1209
f 699/141/1209 714/967/1209 801/1020/1209
f 721/1060/1221 713/1045/1221 772/1551/1221
f 719/1056/1209 720/1058/1209 754/1552/1209
f 716/1048/1209 643/960/1209 724/1553/1209
f 715/1047/1221 716/1048/1221 753/1554/1221
f 724/1553/1209 771/1555/1209 716/1048/1209
f 723/1246/1209 815/1556/1209 640/1557/1209
f 772/1551/1209 754/1552/1209 721/1060/1209
f 877/1550/1209 878/1558/1209 879/1534/1209
f 717/966/1209 718/1055/1209 755/1099/1209
f 911/1535/1209 699/141/1209 902/1538/1209
f 720/1058/1820 721/1060/1820 754/1552/1820
f 718/1055/1209 719/1056/1209 754/1552/1209
f 753/1554/1209 716/1048/1209 771/1555/1209
f 713/1045/1209 715/1047/1209 753/1554/1209
f 640/1557/1221 724/1553/1221 723/1246/1221
f 643/960/1209 723/1246/1209 724/1553/1209
f 753/1554/1209 772/1551/1209 713/1045/1209
f 894/1013/1216 807/1075/1216 646/1014/1216
f 765/982/1822 778/971/1822 766/970/1822
f 1128/1035/1823 1127/1559/1823 839/1560/1823
f 754/1552/1209 773/1101/1209 718/1055/1209
f 966/1068/1824 791/1069/1824 803/1130/1824
f 780/1147/1221 768/1142/1221 769/1561/1221
f 767/1026/1209 780/1147/1209 782/1072/1209
f 769/1561/1209 782/1072/1209 780/1147/1209
f 768/1142/1825 781/1141/1825 769/1561/1825
f 783/1074/1209 697/1562/1209 824/1563/1209
f 816/1027/1825 826/1564/1825 827/1028/1825
f 827/1028/1209 859/1029/1209 767/1026/1209
f 871/981/1209 872/1150/1209 765/982/1209
f 893/924/1826 894/1191/1826 794/975/1826
f 767/1026/1209 782/1072/1209 825/1053/1209
f 698/1565/1209 784/1566/1209 714/967/1209
f 873/1151/1209 698/1565/1209 714/967/1209
f 798/1567/1209 786/1071/1209 714/967/1209
f 785/1568/1209 798/1567/1209 714/967/1209
f 859/1029/1209 870/1031/1209 766/970/1209
f 800/1019/1827 788/1569/1827 801/1020/1827
f 650/983/1191 654/923/1191 738/984/1191
f 870/1031/1209 817/1123/1209 766/970/1209
f 784/1566/1209 797/1570/1209 714/967/1209
f 765/982/1209 872/1150/1209 714/967/1209
f 797/1570/1209 785/1568/1209 714/967/1209
f 1123/1571/1828 1122/1572/1828 675/943/1828
f 820/1149/1200 819/986/1200 818/979/1200
f 676/954/1829 1124/1038/1829 1123/1571/1829
f 824/1563/1209 825/1053/1209 782/1072/1209
f 668/1085/1198 657/1052/1198 655/1051/1198
f 813/1183/1224 845/1080/1224 811/1215/1224
f 672/1169/1830 1122/1572/1830 710/1083/1830
f 1126/1573/1831 1125/1037/1831 837/1168/1831
f 1127/1574/1832 1126/1573/1832 838/1203/1832
f 701/1467/1833 702/1466/1833 844/1575/1833
f 702/1466/1834 703/1166/1834 843/1576/1834
f 847/1577/1835 695/1519/1835 696/916/1835
f 864/1040/1836 1130/1012/1836 690/930/1836
f 855/1025/1220 856/1578/1220 696/916/1220
f 848/1579/1837 694/1128/1837 695/1519/1837
f 845/1580/1838 1129/921/1838 701/1467/1838
f 649/1115/1839 677/1121/1839 880/1185/1839
f 850/1581/1840 692/1325/1840 693/1127/1840
f 1071/1362/1143 909/626/1143 1070/918/1143
f 714/967/1209 717/966/1209 755/1099/1209
f 1073/1477/1841 1137/1336/1841 1144/1338/1841
f 841/1033/1842 842/1167/1842 704/1034/1842
f 658/1582/1843 712/995/1843 648/1360/1843
f 677/1121/1839 1133/1469/1839 880/1185/1839
f 1152/1105/1251 1153/1345/1251 680/1103/1251
f 658/1582/1844 665/996/1844 712/995/1844
f 711/994/1212 665/996/1212 659/1583/1212
f 1091/1495/1845 1139/1341/1845 1146/1342/1845
f 879/566/583 1065/1098/583 1143/1339/583
f 1073/1477/1846 1082/1486/1846 1145/1340/1846
f 1134/1584/1847 1151/1229/1847 1135/1344/1847
f 659/1173/1848 668/1085/1848 711/1084/1848
f 710/1083/1849 668/1085/1849 660/1170/1849
f 661/1364/1850 1122/1572/1850 672/1169/1850
f 672/1169/1830 710/1083/1830 660/1170/1830
f 1122/1572/1851 709/1585/1851 710/1083/1851
f 661/1364/1852 675/943/1852 1122/1572/1852
f 1123/1571/1828 675/943/1828 662/942/1828
f 1122/1572/1853 1123/1571/1853 709/1585/1853
f 1123/1586/1854 708/1462/1854 709/1461/1854
f 663/1129/1855 1124/1038/1855 676/954/1855
f 676/954/1856 1123/1571/1856 662/942/1856
f 1124/1038/1857 1125/1037/1857 1123/1571/1857
f 1123/1586/1858 1125/1587/1858 708/1462/1858
f 1125/1587/1859 707/1463/1859 708/1462/1859
f 663/1129/1860 647/956/1860 1124/1038/1860
f 836/1036/1861 647/956/1861 651/955/1861
f 1126/1573/1862 837/1168/1862 796/1184/1862
f 1125/1587/1863 1126/1588/1863 707/1463/1863
f 1126/1588/1864 706/1464/1864 707/1463/1864
f 796/1184/1865 838/1203/1865 1126/1573/1865
f 1127/1574/1832 838/1203/1832 808/1202/1832
f 1126/1588/1866 1127/1559/1866 706/1464/1866
f 1127/1559/1867 705/1465/1867 706/1464/1867
f 808/1202/1868 839/1217/1868 1127/1574/1868
f 1128/1035/1823 839/1560/1823 809/1589/1823
f 1127/1559/1869 1128/1035/1869 705/1465/1869
f 1128/1035/1870 704/1034/1870 705/1465/1870
f 809/1589/1871 840/1590/1871 1128/1035/1871
f 840/1590/1872 841/1033/1872 1128/1035/1872
f 703/1166/1273 842/1167/1273 810/1591/1273
f 810/1591/1873 843/1576/1873 703/1166/1873
f 702/1466/1834 843/1576/1834 811/1592/1834
f 811/1592/1874 844/1575/1874 702/1466/1874
f 701/1467/1833 844/1575/1833 812/1593/1833
f 813/1594/1875 1129/921/1875 845/1580/1875
f 845/1580/1838 701/1467/1838 812/1593/1838
f 1129/921/1876 700/1468/1876 701/1467/1876
f 813/1594/1877 846/922/1877 1129/921/1877
f 684/920/1190 846/922/1190 645/1595/1190
f 1129/921/1878 684/920/1878 700/1468/1878
f 684/920/1879 639/915/1879 700/1468/1879
f 684/920/1880 696/916/1880 639/915/1880
f 645/1595/1881 855/1025/1881 684/920/1881
f 847/1577/1835 696/916/1835 856/1578/1835
f 847/1577/1882 857/1596/1882 695/1519/1882
f 848/1579/1837 695/1519/1837 857/1596/1837
f 848/1579/1883 860/1597/1883 694/1128/1883
f 849/1126/1256 694/1128/1256 860/1597/1256
f 849/1126/1884 861/1598/1884 693/1127/1884
f 850/1581/1840 693/1127/1840 861/1598/1840
f 850/1581/1885 862/1599/1885 692/1325/1885
f 862/1599/1886 687/1324/1886 692/1325/1886
f 851/1152/1887 691/931/1887 686/933/1887
f 851/1152/1888 863/932/1888 691/931/1888
f 690/930/1194 863/932/1194 852/1041/1194
f 853/1039/1889 1130/1012/1889 864/1040/1889
f 864/1040/1836 690/930/1836 852/1041/1836
f 1130/1012/1890 689/1600/1890 690/930/1890
f 854/1187/1891 1131/1011/1891 865/1010/1891
f 865/1010/1892 1130/1012/1892 853/1039/1892
f 1131/1011/1893 1132/1601/1893 1130/1012/1893
f 1130/1012/1894 1132/1601/1894 689/1600/1894
f 1132/1602/1895 688/1523/1895 689/1522/1895
f 854/1187/1896 880/1185/1896 1131/1011/1896
f 1133/1469/1839 1131/1011/1839 880/1185/1839
f 1131/1011/1897 1133/1469/1897 1132/1601/1897
f 1133/1469/1898 1134/1356/1898 1132/1601/1898
f 1132/1602/1899 1134/1584/1899 688/1523/1899
f 677/1121/1900 678/1357/1900 1133/1469/1900
f 678/1357/1901 679/1120/1901 1133/1469/1901
f 688/1523/1902 1150/1330/1902 1142/1343/1902
f 667/1603/1200 733/1017/1200 776/999/1200
f 818/979/1200 656/988/1200 834/977/1200
f 674/1016/1200 667/1603/1200 776/999/1200
f 783/1074/1209 824/1563/1209 782/1072/1209
f 895/976/1903 888/1361/1903 892/1179/1903
f 1070/918/1142 908/625/1142 907/579/1142
f 1153/1345/1251 1134/1584/1251 680/1103/1251
f 681/1104/1904 682/1328/1904 1152/1105/1904
f 1134/1584/1905 1153/1345/1905 1151/1229/1905
f 688/1523/1902 1142/1343/1902 1121/1257/1902
f 1121/1257/1906 1142/1343/1906 1149/965/1906
f 1110/1251/1907 1141/964/1907 1148/957/1907
f 1110/1251/1332 1149/965/1332 1141/964/1332
f 1100/912/1328 1148/957/1328 1140/913/1328
f 1100/912/1188 1147/914/1188 1091/1495/1188
f 1091/1495/1908 1147/914/1908 1139/1341/1908
f 1091/1495/1909 1146/1342/1909 1082/1486/1909
f 1082/1486/1910 1146/1342/1910 1138/1230/1910
f 1082/1486/1911 1138/1230/1911 1145/1340/1911
f 1073/1477/1841 1144/1338/1841 1065/1098/1841
f 1073/1477/1846 1145/1340/1846 1137/1336/1846
f 1065/1098/1912 1144/1338/1912 1136/1337/1912
f 1065/1098/1913 1136/1337/1913 1143/1339/1913
f 879/566/583 1143/1339/583 911/131/583
f 974/1063/1235 826/1065/1235 816/1066/1235
f 1134/1584/1847 1135/1344/1847 688/1523/1847
f 688/1523/1914 1135/1344/1914 1150/1330/1914
f 1323/1604/1915 1182/1605/1915 1373/1606/1915
f 1559/1607/1916 1515/1608/1916 1558/1609/1916
f 1371/1610/1917 1372/1611/1917 1252/1612/1917
f 1294/1613/1918 1241/1614/1918 1285/1615/1918
f 1281/1616/1919 1314/1617/1919 1312/1618/1919
f 1292/1619/1920 1343/1620/1920 1629/1621/1920
f 1555/1622/1921 1453/1623/1921 1554/1624/1921
f 1154/1625/1922 1223/1626/1922 1244/1627/1922
f 1471/1628/1923 1474/1629/1923 1329/1630/1923
f 1570/1631/1924 1270/1632/1924 1264/1633/1924
f 1556/1634/1925 1454/1635/1925 1467/1636/1925
f 1164/1637/1926 1551/1638/1926 1550/1639/1926
f 1576/1640/1927 1382/1641/1927 1381/1642/1927
f 1439/1643/1928 1201/1644/1928 1198/1645/1928
f 1474/1629/1929 1342/1646/1929 1329/1630/1929
f 1499/1647/1930 1335/1648/1930 1327/1649/1930
f 1481/1650/1931 1300/1651/1931 1331/1652/1931
f 1223/1626/1932 1362/1653/1932 1222/1654/1932
f 1474/1629/1933 1330/1655/1933 1342/1646/1933
f 1507/1656/1934 1328/1657/1934 1335/1648/1934
f 1507/1656/1935 1336/1658/1935 1328/1657/1935
f 1492/1659/1936 1326/1660/1936 1333/1661/1936
f 1499/1647/1937 1327/1649/1937 1334/1662/1937
f 1492/1659/1938 1334/1662/1938 1326/1660/1938
f 1486/1663/1939 1333/1661/1939 1301/1664/1939
f 1477/1665/1940 1331/1666/1940 1293/1667/1940
f 1481/1650/1941 1332/1668/1941 1300/1651/1941
f 1292/1619/1920 1629/1621/1920 1471/1628/1920
f 1477/1665/1942 1330/1655/1942 1474/1629/1942
f 1471/1628/1923 1329/1630/1923 1292/1619/1923
f 1486/1663/1943 1301/1664/1943 1332/1668/1943
f 1435/1669/1944 1290/1670/1944 1263/1671/1944
f 1434/1672/1945 1262/1673/1945 1261/1674/1945
f 1427/1675/1946 1428/1676/1946 1258/1677/1946
f 1544/1678/1947 1445/1679/1947 1539/1680/1947
f 1481/1650/1941 1486/1663/1941 1332/1668/1941
f 1434/1672/1948 1254/1681/1948 1428/1676/1948
f 1428/1676/1949 1254/1681/1949 1260/1682/1949
f 1258/1677/1950 1308/1683/1950 1237/1684/1950
f 1221/1685/1951 1361/1686/1951 1348/1687/1951
f 1552/1688/1952 1448/1689/1952 1460/1690/1952
f 1309/1691/1953 1258/1677/1953 1237/1684/1953
f 1402/1692/1954 1214/1693/1954 1233/1694/1954
f 1214/1693/1955 1399/1695/1955 1234/1696/1955
f 1168/1697/1956 1393/1698/1956 1169/1699/1956
f 1339/1700/1957 1216/1701/1957 1217/1702/1957
f 1555/1622/1958 1466/1703/1958 1465/1704/1958
f 1169/1705/1959 1391/1706/1959 1170/1707/1959
f 1171/1708/1960 1390/1709/1960 1389/1710/1960
f 1344/1711/1961 1570/1631/1961 1569/1712/1961
f 1164/1637/1926 1550/1639/1926 1165/1713/1926
f 1578/1714/1962 1403/1715/1962 1400/1716/1962
f 1238/1717/1963 1184/1718/1963 1401/1719/1963
f 1578/1714/1964 1385/1720/1964 1577/1721/1964
f 1213/1722/1965 1398/1723/1965 1235/1724/1965
f 1401/1719/1966 1213/1722/1966 1238/1717/1966
f 1292/1725/1205 1329/1726/1205 1180/1334/1205
f 1576/1640/1927 1381/1642/1927 1575/1727/1927
f 1166/1728/1967 1378/1729/1967 1576/1730/1967
f 1576/1730/1968 1378/1729/1968 1383/1731/1968
f 1541/1732/1969 1374/1733/1969 1373/1734/1969
f 1543/1735/1970 1375/1736/1970 1542/1737/1970
f 1166/1728/1967 1545/1738/1967 1378/1729/1967
f 1313/1739/1971 1569/1712/1971 1568/1740/1971
f 1328/1741/1972 1183/1742/1972 1185/1743/1972
f 1326/1744/1205 1335/1745/1205 1301/1746/1205
f 1335/1745/1205 1328/1741/1205 1180/1334/1205
f 1331/1747/1973 1300/1748/1973 1330/1749/1973
f 1329/1726/1205 1342/1750/1205 1180/1334/1205
f 1310/1751/1974 1565/1752/1974 1564/1753/1974
f 1297/1754/1975 1564/1753/1975 1195/1755/1975
f 1291/1756/1976 1159/1757/1976 1290/1758/1976
f 1159/1757/1977 1180/1334/1977 1258/1759/1977
f 1262/1760/1978 1263/1761/1978 1260/1762/1978
f 1261/1763/1978 1262/1760/1978 1260/1762/1978
f 1664/1764/12 1665/1765/12 1663/1766/12
f 1258/1759/1979 1260/1762/1979 1159/1757/1979
f 1436/1767/1980 1200/1768/1980 1196/1769/1980
f 1439/1643/1981 1200/1768/1981 1436/1767/1981
f 1543/1735/1982 1376/1770/1982 1375/1736/1982
f 1280/1771/1983 1541/1732/1983 1540/1772/1983
f 1623/1773/12 1633/1774/12 1647/1775/12
f 1263/1761/1984 1290/1758/1984 1159/1757/1984
f 1185/1743/1985 1257/1776/1985 1258/1759/1985
f 1644/1777/12 1643/1778/12 1665/1765/12
f 1665/1765/12 1650/1779/12 1663/1766/12
f 1660/1780/12 1653/1781/12 1659/1782/12
f 1659/1782/12 1651/1783/12 1657/1784/12
f 1654/1785/12 1649/1786/12 1634/1787/12
f 1655/1788/12 1650/1779/12 1665/1765/12
f 1346/1789/1986 1197/1790/1986 1190/1791/1986
f 1160/1792/1987 1191/1793/1987 1203/1794/1987
f 1263/1761/1978 1159/1757/1978 1260/1762/1978
f 1632/1795/12 1645/1796/12 1640/1797/12
f 1224/1798/1988 1156/1799/1988 1199/1800/1988
f 1285/1615/1989 1549/1801/1989 1548/1802/1989
f 1547/1803/1990 1284/1804/1990 1548/1802/1990
f 1279/1805/1991 1540/1772/1991 1366/1806/1991
f 1171/1708/1960 1170/1707/1960 1390/1709/1960
f 1661/1807/12 1662/1808/12 1653/1781/12
f 1636/1809/12 1635/1810/12 1665/1765/12
f 1659/1782/12 1653/1781/12 1662/1808/12
f 1662/1808/12 1663/1766/12 1656/1811/12
f 1650/1779/12 1656/1811/12 1663/1766/12
f 1266/1812/1992 1204/1813/1992 1511/1814/1992
f 1511/1814/1993 1191/1793/1993 1160/1792/1993
f 1424/1815/1224 1155/1816/1224 1356/1817/1224
f 1436/1767/1994 1159/1818/1994 1291/1819/1994
f 1296/1820/1995 1190/1791/1995 1265/1821/1995
f 1225/1822/1996 1202/1823/1996 1156/1799/1996
f 1444/1824/1997 1199/1800/1997 1201/1644/1997
f 1209/1825/1998 1457/1826/1998 1463/1827/1998
f 1552/1688/1999 1447/1828/1999 1549/1801/1999
f 1243/1829/2000 1242/1830/2000 1239/1831/2000
f 1313/1739/2001 1314/1617/2001 1569/1712/2001
f 1219/1832/2002 1358/1833/2002 1538/1834/2002
f 1223/1626/2003 1363/1835/2003 1350/1836/2003
f 1222/1654/2004 1362/1653/2004 1349/1837/2004
f 1222/1654/2005 1361/1686/2005 1221/1685/2005
f 1348/1687/2006 1220/1838/2006 1221/1685/2006
f 1220/1838/2007 1360/1839/2007 1347/1840/2007
f 1347/1840/2008 1219/1832/2008 1220/1838/2008
f 1538/1834/2009 1341/1841/2009 1354/1842/2009
f 1538/1834/2010 1359/1843/2010 1341/1841/2010
f 1340/1844/2011 1217/1702/2011 1218/1845/2011
f 1218/1845/2012 1354/1842/2012 1340/1844/2012
f 1217/1702/2013 1352/1846/2013 1339/1700/2013
f 1557/1847/2014 1157/1848/2014 1193/1849/2014
f 1235/1724/2015 1398/1723/2015 1197/1790/2015
f 1353/1850/1839 1271/1121/1839 1192/1115/1839
f 1578/1714/2016 1386/1851/2016 1385/1720/2016
f 1563/1852/2017 1206/1853/2017 1267/1854/2017
f 1450/1855/2018 1227/1856/2018 1451/1857/2018
f 1469/1858/2019 1278/1859/2019 1210/1860/2019
f 1510/1861/2020 1426/1862/2020 1432/1863/2020
f 1623/1773/12 1648/1864/12 1641/1865/12
f 1649/1786/12 1655/1788/12 1635/1810/12
f 1648/1864/12 1654/1785/12 1634/1787/12
f 1645/1796/12 1647/1775/12 1633/1774/12
f 1508/1866/2021 1432/1863/2021 1425/1867/2021
f 1544/1678/2022 1446/1868/2022 1458/1869/2022
f 1402/1692/2023 1233/1694/2023 1387/1870/2023
f 1553/1871/2024 1448/1689/2024 1552/1688/2024
f 1276/1328/12 1646/1872/12 1645/1796/12
f 1645/1796/12 1633/1774/12 1640/1797/12
f 1180/1329/12 1276/1328/12 1630/1873/12
f 1343/1620/12 1180/1329/12 1629/1621/12
f 1625/1874/12 1626/1875/12 1180/1329/12
f 1628/1876/12 1629/1621/12 1180/1329/12
f 1626/1875/12 1627/1877/12 1180/1329/12
f 1193/1849/2025 1454/1635/2025 1556/1634/2025
f 1216/1701/2026 1338/1878/2026 1181/1879/2026
f 1181/1879/2027 1183/1880/2027 1336/1658/2027
f 1154/1625/2028 1388/1881/2028 1178/1882/2028
f 1154/1625/2029 1363/1835/2029 1223/1626/2029
f 1180/1329/12 1630/1873/12 1625/1874/12
f 1627/1877/12 1628/1876/12 1180/1329/12
f 1276/1328/12 1645/1796/12 1632/1795/12
f 1638/1883/12 1276/1328/12 1631/1884/12
f 1276/1328/12 1639/1885/12 1631/1884/12
f 1651/1783/12 1659/1782/12 1662/1808/12
f 1639/1885/12 1276/1328/12 1632/1795/12
f 1199/1800/2030 1444/1824/2030 1224/1798/2030
f 1665/1765/12 1635/1810/12 1655/1788/12
f 1224/1798/2031 1225/1822/2031 1156/1799/2031
f 1547/1803/2032 1283/1886/2032 1284/1804/2032
f 1285/1615/2033 1286/1887/2033 1549/1801/2033
f 1243/1829/2034 1279/1805/2034 1366/1806/2034
f 1366/1806/2035 1179/1888/2035 1243/1829/2035
f 1559/1889/2036 1266/1812/2036 1511/1814/2036
f 1511/1814/2037 1516/1890/2037 1559/1889/2037
f 1312/1618/2038 1295/1891/2038 1281/1616/2038
f 1511/1814/2039 1204/1813/2039 1191/1793/2039
f 1311/1892/2040 1310/1751/2040 1230/1893/2040
f 1295/1891/2041 1311/1892/2041 1281/1616/2041
f 1230/1893/2042 1298/1894/2042 1282/1895/2042
f 1310/1751/2043 1298/1894/2043 1230/1893/2043
f 1298/1894/2044 1297/1754/2044 1283/1886/2044
f 1298/1894/2045 1283/1886/2045 1282/1895/2045
f 1297/1754/2046 1215/1896/2046 1283/1886/2046
f 1215/1896/2047 1294/1613/2047 1285/1615/2047
f 1289/1897/2048 1240/1898/2048 1287/1899/2048
f 1241/1614/2049 1289/1897/2049 1285/1615/2049
f 1288/1900/2050 1232/1901/2050 1287/1899/2050
f 1240/1898/2051 1288/1900/2051 1287/1899/2051
f 1289/1897/2052 1231/1902/2052 1285/1615/2052
f 1287/1899/2053 1231/1902/2053 1289/1897/2053
f 1285/1615/2054 1284/1804/2054 1215/1896/2054
f 1231/1902/2055 1286/1887/2055 1285/1615/2055
f 1230/1893/2056 1281/1616/2056 1311/1892/2056
f 1284/1804/2057 1283/1886/2057 1215/1896/2057
f 1280/1771/2058 1279/1805/2058 1197/1790/2058
f 1281/1616/2059 1280/1771/2059 1314/1617/2059
f 1314/1617/2060 1280/1771/2060 1197/1790/2060
f 1239/1831/2061 1197/1790/2061 1243/1829/2061
f 1345/1903/2062 1344/1711/2062 1314/1617/2062
f 1192/1115/2063 1197/1790/2063 1401/1719/2063
f 1355/1904/2064 1395/1905/2064 1353/1850/2064
f 1401/1719/2065 1197/1790/2065 1398/1723/2065
f 1345/1903/2066 1314/1617/2066 1197/1790/2066
f 1353/1850/2067 1192/1115/2067 1234/1696/2067
f 1356/1817/1224 1396/1906/1224 1413/1907/1224
f 1192/1115/2068 1401/1719/2068 1184/1718/2068
f 1355/1904/1224 1353/1850/1224 1413/1907/1224
f 1396/1906/1224 1355/1904/1224 1413/1907/1224
f 1234/1696/2069 1399/1695/2069 1353/1850/2069
f 1184/1718/2070 1234/1696/2070 1192/1115/2070
f 1402/1692/2071 1400/1716/2071 1353/1850/2071
f 1399/1695/2072 1402/1692/2072 1353/1850/2072
f 1353/1850/2073 1403/1715/2073 1413/1907/2073
f 1400/1716/2074 1403/1715/2074 1353/1850/2074
f 1158/1908/1224 1430/1909/1224 1414/1910/1224
f 1403/1715/2075 1158/1908/2075 1414/1910/2075
f 1414/1910/1224 1429/1911/1224 1413/1907/1224
f 1314/1617/2076 1313/1739/2076 1312/1618/2076
f 1404/1912/1224 1155/1816/1224 1423/1913/1224
f 1155/1816/2077 1397/1914/2077 1356/1817/2077
f 1405/1915/1224 1415/1916/1224 1422/1917/1224
f 1416/1918/1224 1405/1915/1224 1410/1919/1224
f 1406/1920/1224 1416/1918/1224 1421/1921/1224
f 1417/1922/1195 1406/1920/1195 1408/1923/1195
f 1407/1924/1224 1417/1922/1224 1408/1923/1224
f 1418/1925/1195 1407/1924/1195 1408/1923/1195
f 1421/1921/1224 1408/1923/1224 1406/1920/1224
f 1419/1926/1195 1408/1923/1195 1421/1921/1195
f 1422/1917/1224 1410/1919/1224 1405/1915/1224
f 1421/1921/1224 1409/1927/1224 1419/1926/1224
f 1423/1913/1224 1411/1928/1224 1415/1916/1224
f 1410/1919/1224 1421/1921/1224 1416/1918/1224
f 1424/1815/1224 1412/1929/1224 1155/1816/1224
f 1411/1928/1224 1422/1917/1224 1415/1916/1224
f 1403/1715/2078 1414/1910/2078 1413/1907/2078
f 1412/1929/1195 1423/1913/1195 1155/1816/1195
f 1436/1767/2079 1196/1769/2079 1159/1818/2079
f 1356/1817/1224 1413/1907/1224 1424/1815/1224
f 1209/1825/2080 1229/1930/2080 1457/1826/2080
f 1296/1820/2081 1346/1789/2081 1190/1791/2081
f 1552/1688/2082 1460/1690/2082 1447/1828/2082
f 1415/1916/1224 1404/1912/1224 1423/1913/1224
f 1348/1687/2006 1360/1839/2006 1220/1838/2006
f 1222/1654/2005 1349/1837/2005 1361/1686/2005
f 1557/1847/2083 1512/1931/2083 1157/1848/2083
f 1218/1845/2012 1538/1834/2012 1354/1842/2012
f 1553/1871/2084 1461/1932/2084 1448/1689/2084
f 1387/1870/2085 1578/1714/2085 1400/1716/2085
f 1216/1701/2027 1181/1879/2027 1336/1658/2027
f 1507/1656/2027 1216/1701/2027 1336/1658/2027
f 1337/1933/2086 1188/1934/2086 1186/1935/2086
f 1567/1936/2087 1570/1631/2087 1269/1937/2087
f 1163/1938/2088 1158/1908/2088 1403/1715/2088
f 1455/1939/2089 1440/1940/2089 1364/1941/2089
f 1277/1942/2090 1508/1866/2090 1431/1943/2090
f 1445/1679/2091 1455/1939/2091 1368/1944/2091
f 1468/1945/2092 1255/1946/2092 1256/1947/2092
f 1317/1948/2093 1441/1949/2093 1437/1950/2093
f 1211/1951/2094 1212/1952/2094 1444/1824/2094
f 1318/1953/2095 1449/1954/2095 1441/1949/2095
f 1189/1955/2096 1211/1951/2096 1443/1956/2096
f 1319/1957/2097 1456/1958/2097 1449/1954/2097
f 1368/1959/2098 1369/1960/2098 1364/1961/2098
f 1367/1962/2099 1368/1959/2099 1188/1934/2099
f 1187/1963/2100 1188/1934/2100 1368/1959/2100
f 1347/1840/2008 1357/1964/2008 1219/1832/2008
f 1219/1832/2002 1357/1964/2002 1358/1833/2002
f 1567/1936/2101 1269/1937/2101 1207/1965/2101
f 1340/1844/2011 1352/1846/2011 1217/1702/2011
f 1400/1716/2102 1402/1692/2102 1387/1870/2102
f 1508/1866/2103 1510/1861/2103 1432/1863/2103
f 1154/1625/2028 1171/1708/2028 1388/1881/2028
f 1193/1849/2104 1509/1966/2104 1454/1635/2104
f 1165/1967/2105 1546/1968/2105 1545/1969/2105
f 1154/1625/2106 1178/1882/2106 1363/1835/2106
f 1554/1624/2107 1464/1970/2107 1452/1971/2107
f 1549/1801/2108 1447/1828/2108 1459/1972/2108
f 1299/1973/2109 1433/1974/2109 1427/1675/2109
f 1368/1944/2110 1539/1680/2110 1445/1679/2110
f 1345/1903/2111 1296/1820/2111 1270/1632/2111
f 1437/1950/2112 1433/1974/2112 1316/1975/2112
f 1210/1860/2113 1253/1976/2113 1463/1827/2113
f 1296/1820/2114 1265/1821/2114 1270/1632/2114
f 1320/1977/2115 1462/1978/2115 1456/1958/2115
f 1208/1979/2116 1226/1980/2116 1450/1855/2116
f 1337/1933/2117 1367/1962/2117 1188/1934/2117
f 1365/1981/2118 1367/1962/2118 1337/1933/2118
f 1364/1961/2119 1187/1963/2119 1368/1959/2119
f 1401/1719/2120 1398/1723/2120 1213/1722/2120
f 1165/1967/2105 1545/1969/2105 1166/1982/2105
f 1179/1983/2121 1366/1984/2121 1252/1612/2121
f 1320/1977/2122 1305/1985/2122 1252/1612/2122
f 1319/1957/2123 1304/1986/2123 1252/1612/2123
f 1392/1987/2124 1393/1988/2124 1391/1706/2124
f 1321/1989/2125 1468/1945/2125 1462/1978/2125
f 1516/1890/2126 1511/1814/2126 1515/1990/2126
f 1452/1991/2127 1455/1992/2127 1458/1993/2127
f 1294/1613/2128 1195/1755/2128 1555/1622/2128
f 1337/1933/2129 1324/1994/2129 1325/1995/2129
f 1376/1996/2130 1365/1981/2130 1373/1606/2130
f 1370/1997/2131 1371/1610/2131 1252/1612/2131
f 1366/1984/2132 1370/1997/2132 1252/1612/2132
f 1373/1606/2133 1365/1981/2133 1325/1995/2133
f 1365/1981/2134 1337/1933/2134 1325/1995/2134
f 1236/1998/2135 1179/1983/2135 1239/1999/2135
f 1373/1606/2136 1182/1605/2136 1322/2000/2136
f 1213/2001/2137 1239/1999/2137 1252/1612/2137
f 1235/2002/2138 1239/1999/2138 1213/2001/2138
f 1322/2000/2139 1307/2003/2139 1372/1611/2139
f 1252/1612/2121 1239/1999/2121 1179/1983/2121
f 1372/1611/2140 1321/1989/2140 1252/1612/2140
f 1307/2003/2139 1321/1989/2139 1372/1611/2139
f 1306/2004/2141 1320/1977/2141 1252/1612/2141
f 1321/1989/2142 1306/2004/2142 1252/1612/2142
f 1184/2005/2143 1238/2006/2143 1359/1843/2143
f 1234/2007/2144 1184/2005/2144 1359/1843/2144
f 1359/1843/2145 1238/2006/2145 1341/1841/2145
f 1238/2006/2146 1213/2001/2146 1341/1841/2146
f 1213/2001/2147 1252/1612/2147 1185/2008/2147
f 1305/1985/2148 1319/1957/2148 1252/1612/2148
f 1383/1731/2149 1234/2007/2149 1359/1843/2149
f 1214/2009/2150 1234/2007/2150 1387/2010/2150
f 1385/2011/2151 1386/2012/2151 1383/1731/2151
f 1387/2010/2152 1233/2013/2152 1214/2009/2152
f 1379/2014/2153 1384/2015/2153 1385/2011/2153
f 1386/2012/2154 1387/2010/2154 1383/1731/2154
f 1545/1738/2124 1546/2016/2124 1378/1729/2124
f 1550/1639/2124 1551/1638/2124 1379/2014/2124
f 1383/1731/2124 1378/1729/2124 1550/1639/2124
f 1546/2016/2124 1550/1639/2124 1378/1729/2124
f 1382/2017/2124 1383/1731/2124 1380/2018/2124
f 1381/2019/2124 1382/2017/2124 1380/2018/2124
f 1550/1639/2155 1379/2014/2155 1385/2011/2155
f 1383/1731/2156 1387/2010/2156 1234/2007/2156
f 1318/1953/2157 1303/2020/2157 1315/2021/2157
f 1304/1986/2158 1318/1953/2158 1315/2021/2158
f 1303/2020/2159 1317/1948/2159 1315/2021/2159
f 1304/1986/2160 1315/2021/2160 1252/1612/2160
f 1315/2021/2161 1317/1948/2161 1316/1975/2161
f 1317/1948/2162 1302/2022/2162 1316/1975/2162
f 1213/2001/2163 1185/2008/2163 1354/1842/2163
f 1316/1975/2164 1299/1973/2164 1315/2021/2164
f 1252/1612/2165 1309/1691/2165 1185/2008/2165
f 1550/1639/2166 1385/2011/2166 1383/1731/2166
f 1185/2008/2167 1309/1691/2167 1308/1683/2167
f 1309/1691/2168 1237/1684/2168 1308/1683/2168
f 1183/1880/2124 1181/1879/2124 1338/1878/2124
f 1185/2008/2169 1183/1880/2169 1338/1878/2169
f 1380/2018/2124 1383/1731/2124 1359/1843/2124
f 1338/1878/2124 1351/2023/2124 1339/1700/2124
f 1393/1988/2124 1394/2024/2124 1377/2025/2124
f 1341/1841/2170 1213/2001/2170 1354/1842/2170
f 1377/2025/2124 1380/2018/2124 1358/1833/2124
f 1393/1988/2124 1377/2025/2124 1391/1706/2124
f 1338/1878/2124 1339/1700/2124 1352/1846/2124
f 1185/2008/2171 1338/1878/2171 1354/1842/2171
f 1338/1878/2124 1352/1846/2124 1354/1842/2124
f 1352/1846/2124 1340/1844/2124 1354/1842/2124
f 1178/1882/2124 1388/1881/2124 1389/1710/2124
f 1389/1710/2124 1390/1709/2124 1391/1706/2124
f 1363/1835/2124 1178/1882/2124 1389/1710/2124
f 1350/1836/2124 1363/1835/2124 1377/2025/2124
f 1362/1653/2124 1350/1836/2124 1377/2025/2124
f 1349/1837/2124 1362/1653/2124 1377/2025/2124
f 1347/1840/2124 1360/1839/2124 1348/1687/2124
f 1348/1687/2124 1361/1686/2124 1349/1837/2124
f 1358/1833/2124 1347/1840/2124 1348/1687/2124
f 1358/1833/2124 1357/1964/2124 1347/1840/2124
f 1363/1835/2124 1389/1710/2124 1377/2025/2124
f 1348/1687/2124 1349/1837/2124 1377/2025/2124
f 1389/1710/2124 1391/1706/2124 1377/2025/2124
f 1358/1833/2124 1348/1687/2124 1377/2025/2124
f 1353/1850/1900 1395/1905/1900 1271/1121/1900
f 1322/2000/2172 1277/1942/2172 1468/1945/2172
f 1571/2026/1901 1572/2027/1901 1273/1120/1901
f 1395/1905/1900 1571/2026/1900 1271/1121/1900
f 1567/1936/2173 1207/1965/2173 1268/2028/2173
f 1559/1607/2174 1563/1852/2174 1267/1854/2174
f 1324/1994/2175 1510/1861/2175 1508/1866/2175
f 1323/1604/2176 1508/1866/2176 1277/1942/2176
f 1208/2029/2177 1229/2030/2177 1202/2031/2177
f 1227/2032/2178 1226/2033/2178 1208/2029/2178
f 1208/2029/2179 1202/2031/2179 1227/2032/2179
f 1229/2030/2177 1209/2034/2177 1202/2031/2177
f 1210/2035/2178 1278/2036/2178 1202/2031/2178
f 1253/2037/2179 1210/2035/2179 1202/2031/2179
f 1228/2038/2178 1227/2032/2178 1189/2039/2178
f 1209/2034/2178 1253/2037/2178 1202/2031/2178
f 1211/2040/2178 1189/2039/2178 1212/2041/2178
f 1189/2039/2180 1202/2031/2180 1225/2042/2180
f 1224/2043/2181 1212/2041/2181 1225/2042/2181
f 1189/2039/2182 1225/2042/2182 1212/2041/2182
f 1160/1792/2183 1203/1794/2183 1511/1814/2183
f 1203/1794/2184 1202/2031/2184 1278/2036/2184
f 1513/2044/2185 1514/2045/2185 1515/1990/2185
f 1515/1990/2186 1511/1814/2186 1203/1794/2186
f 1202/2031/2179 1189/2039/2179 1227/2032/2179
f 1203/1794/2187 1278/2036/2187 1256/2046/2187
f 1203/1794/2188 1255/2047/2188 1161/2048/2188
f 1256/2046/2187 1255/2047/2187 1203/1794/2187
f 1157/2049/2189 1512/2050/2189 1513/2044/2189
f 1513/2044/2189 1515/1990/2189 1203/1794/2189
f 1509/2051/2185 1157/2049/2185 1187/2052/2185
f 1454/2053/2190 1509/2051/2190 1187/2052/2190
f 1453/2054/2191 1465/2055/2191 1187/2052/2191
f 1466/2056/2192 1467/2057/2192 1454/2053/2192
f 1453/2054/2193 1187/2052/2193 1440/2058/2193
f 1465/2055/2194 1466/2056/2194 1187/2052/2194
f 1464/2059/2191 1453/2054/2191 1440/2058/2191
f 1452/1991/2195 1464/2059/2195 1440/2058/2195
f 1461/2060/2191 1452/1991/2191 1458/1993/2191
f 1448/2061/2196 1461/2060/2196 1446/2062/2196
f 1447/2063/2197 1460/2064/2197 1459/2065/2197
f 1446/2062/2127 1461/2060/2127 1458/1993/2127
f 1446/2062/2127 1459/2065/2127 1448/2061/2127
f 1460/2064/2198 1448/2061/2198 1459/2065/2198
f 1445/2066/2199 1458/1993/2199 1455/1992/2199
f 1440/2058/2127 1455/1992/2127 1452/1991/2127
f 1426/2067/2200 1186/2068/2200 1432/2069/2200
f 1188/2070/2193 1187/2052/2193 1157/2049/2193
f 1431/2071/2201 1425/2072/2201 1203/1794/2201
f 1186/2068/2202 1188/2070/2202 1432/2069/2202
f 1513/2044/2203 1188/2070/2203 1157/2049/2203
f 1425/2072/2201 1432/2069/2201 1513/2044/2201
f 1203/1794/2204 1425/2072/2204 1513/2044/2204
f 1187/2052/2194 1466/2056/2194 1454/2053/2194
f 1203/1794/2202 1161/2048/2202 1420/2073/2202
f 1188/2070/2201 1513/2044/2201 1432/2069/2201
f 1639/1885/2205 1518/2074/2205 1517/2075/2205
f 1638/1883/2206 1517/2075/2206 1251/2076/2206
f 1523/2077/2207 1520/2078/2207 1641/2079/2207
f 1640/2080/2208 1520/2078/2208 1518/2081/2208
f 1259/2082/2209 1529/2083/2209 1526/2084/2209
f 1526/2084/2210 1523/2077/2210 1642/2085/2210
f 1177/2086/2211 1533/2087/2211 1637/2088/2211
f 1643/2089/2212 1533/2087/2212 1529/2083/2212
f 1230/1893/2213 1547/1803/2213 1541/1732/2213
f 1543/1735/2214 1539/1680/2214 1365/2090/2214
f 1231/1902/2215 1552/1688/2215 1549/1801/2215
f 1243/1829/2216 1179/1888/2216 1236/2091/2216
f 1161/2092/2217 1255/1946/2217 1468/1945/2217
f 1541/1732/2218 1372/2093/2218 1371/2094/2218
f 1232/1901/2219 1553/1871/2219 1552/1688/2219
f 1555/1622/2220 1554/1624/2220 1289/1897/2220
f 1264/2095/2221 1200/2096/2221 1269/2097/2221
f 1159/1757/2222 1196/2098/2222 1264/2095/2222
f 1199/2099/2223 1156/2100/2223 1203/2101/2223
f 1201/2102/2224 1199/2099/2224 1203/2101/2224
f 1205/2103/2225 1267/2104/2225 1203/2101/2225
f 1191/2105/2226 1204/2106/2226 1266/2107/2226
f 1276/2108/2227 1180/1334/2227 1192/2109/2227
f 1267/2104/2228 1201/2102/2228 1203/2101/2228
f 1201/2102/2229 1267/2104/2229 1268/2110/2229
f 1273/2111/2230 1274/2112/2230 1275/2113/2230
f 1264/2095/2231 1270/2114/2231 1197/2115/2231
f 1268/2110/2232 1207/2116/2232 1269/2097/2232
f 1192/2109/2227 1271/2117/2227 1275/2113/2227
f 1197/2115/2233 1192/2109/2233 1180/1334/2233
f 1162/2118/2234 1573/2119/2234 1397/1914/2234
f 1396/1906/2235 1573/2119/2235 1571/2026/2235
f 1405/1915/2236 1580/2120/2236 1579/2121/2236
f 1164/2122/2237 1577/1721/2237 1379/2123/2237
f 1583/2124/2238 1582/2125/2238 1418/1925/2238
f 1407/1924/2239 1582/2125/2239 1581/2126/2239
f 1607/2127/2240 1600/2128/2240 1412/1929/2240
f 1422/1917/2241 1594/2129/2241 1589/2130/2241
f 1587/2131/2242 1588/2132/2242 1664/2133/2242
f 1430/1909/2243 1163/1938/2243 1615/2134/2243
f 1582/2125/2244 1657/2135/2244 1651/2136/2244
f 1586/2137/2245 1661/2138/2245 1653/2139/2245
f 1579/2121/2246 1580/2120/2246 1655/2140/2246
f 1646/1872/1904 1276/1328/1904 1275/1104/1904
f 1554/1624/2247 1553/1871/2247 1288/1900/2247
f 1196/2098/2248 1200/2096/2248 1264/2095/2248
f 1295/1891/2249 1568/1740/2249 1565/1752/2249
f 1156/2100/2250 1202/2141/2250 1203/2101/2250
f 1200/2096/2251 1198/2142/2251 1201/2102/2251
f 1266/2107/2252 1205/2103/2252 1203/2101/2252
f 1203/2101/2253 1191/2105/2253 1266/2107/2253
f 1180/1334/2254 1159/1757/2254 1197/2115/2254
f 1200/2096/2255 1201/2102/2255 1269/2097/2255
f 1275/2113/2230 1271/2117/2230 1273/2111/2230
f 1276/2108/2227 1192/2109/2227 1275/2113/2227
f 1270/2114/2256 1265/2143/2256 1190/2144/2256
f 1267/2104/2257 1206/2145/2257 1268/2110/2257
f 1271/2117/2258 1272/2146/2258 1273/2111/2258
f 1190/2144/2259 1197/2115/2259 1270/2114/2259
f 1558/1609/2260 1514/2147/2260 1513/2148/2260
f 1264/2095/2261 1197/2115/2261 1159/1757/2261
f 1404/1912/2262 1579/2121/2262 1162/2118/2262
f 1168/1697/2263 1575/1727/2263 1377/2149/2263
f 1585/2150/2264 1583/2124/2264 1419/1926/2264
f 1406/1920/2265 1581/2126/2265 1580/2120/2265
f 1423/1913/2266 1600/2128/2266 1594/2129/2266
f 1421/1921/2267 1589/2130/2267 1585/2150/2267
f 1586/2137/2268 1587/2151/2268 1662/2152/2268
f 1615/2134/2269 1607/2127/2269 1429/1911/2269
f 1583/2124/2270 1658/2153/2270 1652/2154/2270
f 1583/2124/2271 1584/2155/2271 1659/2156/2271
f 1581/2126/2272 1656/2157/2272 1650/2158/2272
f 1344/1711/2273 1345/1903/2273 1570/1631/2273
f 1574/2159/2274 1645/1796/2274 1646/1872/2274
f 1470/2160/2275 1626/1875/2275 1625/1874/2275
f 1162/2118/2276 1623/2161/2276 1647/2162/2276
f 1337/1933/2277 1186/1935/2277 1510/1861/2277
f 1162/2118/2278 1579/2121/2278 1654/2163/2278
f 1216/1701/2279 1351/2023/2279 1338/1878/2279
f 1549/1801/2280 1459/1972/2280 1544/1678/2280
f 1455/1939/2281 1364/1941/2281 1369/2164/2281
f 1451/1857/2282 1228/2165/2282 1189/1955/2282
f 1197/1790/2283 1346/1789/2283 1345/1903/2283
f 1373/1606/2284 1374/2166/2284 1376/1996/2284
f 1163/1938/2285 1403/1715/2285 1578/1714/2285
f 1554/1624/2286 1452/1971/2286 1553/1871/2286
f 1185/2008/2287 1308/1683/2287 1257/2167/2287
f 1455/1939/2288 1369/2164/2288 1368/1944/2288
f 1252/1612/2289 1427/1675/2289 1309/1691/2289
f 1258/1677/2290 1428/1676/2290 1260/1682/2290
f 1508/1866/2291 1425/1867/2291 1431/1943/2291
f 1252/1612/2292 1315/2021/2292 1427/1675/2292
f 1299/1973/2293 1427/1675/2293 1315/2021/2293
f 1427/1675/2294 1433/1974/2294 1428/1676/2294
f 1433/1974/2295 1434/1672/2295 1428/1676/2295
f 1262/1673/2296 1435/1669/2296 1263/1671/2296
f 1290/1670/2297 1436/1767/2297 1291/1819/2297
f 1277/1942/2298 1431/1943/2298 1420/2168/2298
f 1299/1973/2299 1316/1975/2299 1433/1974/2299
f 1437/1950/2300 1316/1975/2300 1302/2022/2300
f 1433/1974/2301 1437/1950/2301 1434/1672/2301
f 1437/1950/2302 1438/2169/2302 1434/1672/2302
f 1434/1672/2303 1438/2169/2303 1435/1669/2303
f 1438/2169/2304 1439/1643/2304 1435/1669/2304
f 1435/1669/2305 1439/1643/2305 1436/1767/2305
f 1303/2020/2306 1441/1949/2306 1317/1948/2306
f 1317/1948/2307 1437/1950/2307 1302/2022/2307
f 1441/1949/2308 1442/2170/2308 1437/1950/2308
f 1437/1950/2309 1442/2170/2309 1438/2169/2309
f 1442/2170/2310 1443/1956/2310 1438/2169/2310
f 1438/2169/2311 1443/1956/2311 1439/1643/2311
f 1443/1956/2312 1444/1824/2312 1439/1643/2312
f 1468/1945/2313 1256/1947/2313 1469/1858/2313
f 1270/1632/2314 1570/1631/2314 1345/1903/2314
f 1304/1986/2315 1449/1954/2315 1318/1953/2315
f 1318/1953/2316 1441/1949/2316 1303/2020/2316
f 1449/1954/2317 1450/1855/2317 1441/1949/2317
f 1441/1949/2318 1450/1855/2318 1442/2170/2318
f 1450/1855/2319 1451/1857/2319 1442/2170/2319
f 1442/2170/2320 1451/1857/2320 1443/1956/2320
f 1212/1952/2321 1224/1798/2321 1444/1824/2321
f 1169/1705/1959 1392/1987/1959 1391/1706/1959
f 1210/1860/2322 1463/1827/2322 1469/1858/2322
f 1211/1951/2323 1444/1824/2323 1443/1956/2323
f 1208/1979/2324 1450/1855/2324 1457/1826/2324
f 1463/1827/2325 1253/1976/2325 1209/1825/2325
f 1305/1985/2326 1456/1958/2326 1319/1957/2326
f 1319/1957/2327 1449/1954/2327 1304/1986/2327
f 1456/1958/2328 1457/1826/2328 1449/1954/2328
f 1449/1954/2329 1457/1826/2329 1450/1855/2329
f 1227/1856/2330 1228/2165/2330 1451/1857/2330
f 1339/1700/1957 1351/2023/1957 1216/1701/1957
f 1555/1622/2331 1556/1634/2331 1466/1703/2331
f 1457/1826/2332 1229/1930/2332 1208/1979/2332
f 1189/1955/2333 1443/1956/2333 1451/1857/2333
f 1450/1855/2334 1226/1980/2334 1227/1856/2334
f 1239/1831/2335 1235/1724/2335 1197/1790/2335
f 1306/2004/2336 1462/1978/2336 1320/1977/2336
f 1320/1977/2337 1456/1958/2337 1305/1985/2337
f 1462/1978/2338 1463/1827/2338 1456/1958/2338
f 1456/1958/2339 1463/1827/2339 1457/1826/2339
f 1656/1811/12 1651/1783/12 1662/1808/12
f 1380/2018/2124 1359/1843/2124 1358/1833/2124
f 1260/1762/2340 1254/2171/2340 1261/1763/2340
f 1328/1741/2341 1258/1759/2341 1180/1334/2341
f 1563/1852/2342 1268/2028/2342 1206/1853/2342
f 1307/2003/2343 1468/1945/2343 1321/1989/2343
f 1321/1989/2344 1462/1978/2344 1306/2004/2344
f 1468/1945/2345 1469/1858/2345 1462/1978/2345
f 1462/1978/2346 1469/1858/2346 1463/1827/2346
f 1330/1749/2347 1293/2172/2347 1331/1747/2347
f 1364/1941/2348 1440/1940/2348 1187/2173/2348
f 1510/1861/2349 1186/1935/2349 1426/1862/2349
f 1658/2174/12 1659/1782/12 1652/2175/12
f 1657/1784/12 1652/2175/12 1659/1782/12
f 1182/1605/2350 1277/1942/2350 1322/2000/2350
f 1322/2000/2351 1468/1945/2351 1307/2003/2351
f 1571/2026/1900 1272/1357/1900 1271/1121/1900
f 1571/2026/1901 1273/1120/1901 1272/1357/1901
f 1256/1947/2352 1278/1859/2352 1469/1858/2352
f 1559/1607/2353 1267/1854/2353 1205/2176/2353
f 1559/1889/2354 1205/2177/2354 1266/1812/2354
f 1168/1697/1956 1394/2178/1956 1393/1698/1956
f 1402/1692/2355 1399/1695/2355 1214/1693/2355
f 1309/1691/2356 1427/1675/2356 1258/1677/2356
f 1258/1677/1950 1257/2167/1950 1308/1683/1950
f 1434/1672/2357 1261/1674/2357 1254/1681/2357
f 1250/2179/2358 1472/2180/2358 1251/2076/2358
f 1249/2181/2359 1475/2182/2359 1250/2179/2359
f 1248/2183/2360 1478/2184/2360 1249/2181/2360
f 1247/2185/2361 1482/2186/2361 1248/2183/2361
f 1246/2187/2362 1487/2188/2362 1247/2185/2362
f 1245/2189/2363 1493/2190/2363 1246/2191/2363
f 1244/1627/2364 1500/2192/2364 1245/2189/2364
f 1626/1875/2365 1470/2160/2365 1627/1877/2365
f 1628/1876/2366 1471/1628/2366 1629/1621/2366
f 1251/2076/2367 1472/2180/2367 1470/2160/2367
f 1472/2180/2368 1473/2193/2368 1470/2160/2368
f 1470/2160/2369 1473/2193/2369 1471/1628/2369
f 1473/2193/2370 1474/1629/2370 1471/1628/2370
f 1250/2179/2371 1475/2182/2371 1472/2180/2371
f 1475/2182/2372 1476/2194/2372 1472/2180/2372
f 1472/2180/2373 1476/2194/2373 1473/2193/2373
f 1476/2194/2374 1477/1665/2374 1473/2193/2374
f 1473/2193/2375 1477/1665/2375 1474/1629/2375
f 1249/2181/2376 1478/2184/2376 1475/2182/2376
f 1478/2184/2377 1479/2195/2377 1475/2182/2377
f 1475/2182/2378 1479/2195/2378 1476/2194/2378
f 1479/2195/2379 1480/2196/2379 1476/2194/2379
f 1476/2194/2380 1480/2196/2380 1477/1665/2380
f 1480/2196/2381 1481/2197/2381 1477/1665/2381
f 1248/2183/2382 1482/2186/2382 1478/2184/2382
f 1482/2186/2383 1483/2198/2383 1478/2184/2383
f 1478/2184/2384 1483/2198/2384 1479/2195/2384
f 1483/2198/2385 1484/2199/2385 1479/2195/2385
f 1479/2195/2386 1484/2199/2386 1480/2196/2386
f 1484/2199/2387 1485/2200/2387 1480/2196/2387
f 1480/2196/2388 1485/2200/2388 1481/2197/2388
f 1485/2201/2389 1486/1663/2389 1481/1650/2389
f 1247/2185/2390 1487/2188/2390 1482/2186/2390
f 1487/2188/2391 1488/2202/2391 1482/2186/2391
f 1482/2186/2392 1488/2202/2392 1483/2198/2392
f 1488/2203/2393 1489/2204/2393 1483/2205/2393
f 1483/2198/2394 1489/2206/2394 1484/2199/2394
f 1489/2204/2395 1490/2207/2395 1484/2208/2395
f 1484/2208/2396 1490/2207/2396 1485/2201/2396
f 1490/2207/2397 1491/2209/2397 1485/2201/2397
f 1485/2201/2398 1491/2209/2398 1486/1663/2398
f 1491/2209/2399 1492/1659/2399 1486/1663/2399
f 1246/2191/2400 1493/2190/2400 1487/2210/2400
f 1493/2190/2401 1494/2211/2401 1487/2210/2401
f 1487/2210/2402 1494/2211/2402 1488/2203/2402
f 1494/2211/2403 1495/2212/2403 1488/2203/2403
f 1488/2203/2404 1495/2212/2404 1489/2204/2404
f 1495/2212/2405 1496/2213/2405 1489/2204/2405
f 1489/2204/2406 1496/2213/2406 1490/2207/2406
f 1496/2213/2407 1497/2214/2407 1490/2207/2407
f 1490/2207/2408 1497/2214/2408 1491/2209/2408
f 1497/2214/2409 1498/2215/2409 1491/2209/2409
f 1491/2209/2410 1498/2215/2410 1492/1659/2410
f 1498/2215/2411 1499/1647/2411 1492/1659/2411
f 1245/2189/2412 1500/2192/2412 1493/2190/2412
f 1500/2192/2413 1501/2216/2413 1493/2190/2413
f 1493/2190/2414 1501/2216/2414 1494/2211/2414
f 1501/2216/2415 1502/2217/2415 1494/2211/2415
f 1494/2211/2416 1502/2217/2416 1495/2212/2416
f 1502/2217/2417 1503/2218/2417 1495/2212/2417
f 1495/2212/2418 1503/2218/2418 1496/2213/2418
f 1503/2218/2419 1504/2219/2419 1496/2213/2419
f 1496/2213/2420 1504/2219/2420 1497/2214/2420
f 1504/2219/2421 1505/2220/2421 1497/2214/2421
f 1497/2214/2422 1505/2220/2422 1498/2215/2422
f 1505/2220/2423 1506/2221/2423 1498/2215/2423
f 1498/2215/2424 1506/2221/2424 1499/1647/2424
f 1506/2221/2425 1507/1656/2425 1499/1647/2425
f 1244/1627/2426 1223/1626/2426 1500/2192/2426
f 1223/1626/2427 1222/1654/2427 1500/2192/2427
f 1500/2192/2428 1222/1654/2428 1501/2216/2428
f 1222/1654/2429 1221/1685/2429 1501/2216/2429
f 1501/2216/2430 1221/1685/2430 1502/2217/2430
f 1221/1685/2431 1220/1838/2431 1502/2217/2431
f 1502/2217/2432 1220/1838/2432 1503/2218/2432
f 1220/1838/2433 1219/1832/2433 1503/2218/2433
f 1503/2218/2434 1219/1832/2434 1504/2219/2434
f 1219/1832/2435 1218/1845/2435 1504/2219/2435
f 1504/2219/2436 1218/1845/2436 1505/2220/2436
f 1218/1845/2437 1217/1702/2437 1505/2220/2437
f 1505/2220/2438 1217/1702/2438 1506/2221/2438
f 1217/1702/2439 1216/1701/2439 1506/2221/2439
f 1506/2221/2440 1216/1701/2440 1507/1656/2440
f 1588/2132/2441 1177/2086/2441 1624/2222/2441
f 1567/1936/2442 1268/2028/2442 1563/1852/2442
f 1323/1604/2443 1277/1942/2443 1182/1605/2443
f 1277/1942/2444 1420/2168/2444 1161/2092/2444
f 1323/1604/2445 1325/1995/2445 1508/1866/2445
f 1324/1994/2446 1508/1866/2446 1325/1995/2446
f 1324/1994/2447 1337/1933/2447 1510/1861/2447
f 1420/2073/2201 1431/2071/2201 1203/1794/2201
f 1193/1849/2448 1157/1848/2448 1509/1966/2448
f 1570/1631/2449 1264/1633/2449 1269/1937/2449
f 1434/1672/2450 1435/1669/2450 1262/1673/2450
f 1435/1669/2451 1436/1767/2451 1290/1670/2451
f 1477/1665/1942 1293/1667/1942 1330/1655/1942
f 1346/1789/2452 1296/1820/2452 1345/1903/2452
f 1630/1873/2453 1251/2076/2453 1625/1874/2453
f 1631/1884/2454 1517/2075/2454 1638/1883/2454
f 1638/1883/2206 1251/2076/2206 1630/1873/2206
f 1517/2075/2455 1250/2179/2455 1251/2076/2455
f 1632/2223/2456 1518/2081/2456 1639/2224/2456
f 1639/1885/2205 1517/2075/2205 1631/1884/2205
f 1518/2074/2457 1519/2225/2457 1517/2075/2457
f 1517/2075/2458 1519/2225/2458 1250/2179/2458
f 1519/2225/2459 1249/2181/2459 1250/2179/2459
f 1633/2226/2460 1520/2078/2460 1640/2080/2460
f 1640/2080/2208 1518/2081/2208 1632/2223/2208
f 1520/2078/2461 1521/2227/2461 1518/2081/2461
f 1518/2074/2462 1521/2228/2462 1519/2225/2462
f 1521/2228/2463 1522/2229/2463 1519/2225/2463
f 1519/2225/2464 1522/2229/2464 1249/2181/2464
f 1522/2229/2465 1248/2183/2465 1249/2181/2465
f 1633/2226/2466 1641/2079/2466 1520/2078/2466
f 1523/2077/2207 1641/2079/2207 1634/2230/2207
f 1520/2078/2467 1523/2077/2467 1521/2227/2467
f 1523/2077/2468 1524/2231/2468 1521/2227/2468
f 1521/2228/2469 1524/2232/2469 1522/2229/2469
f 1524/2232/2470 1525/2233/2470 1522/2229/2470
f 1522/2229/2471 1525/2233/2471 1248/2183/2471
f 1525/2233/2472 1247/2185/2472 1248/2183/2472
f 1636/2234/2473 1529/2083/2473 1259/2082/2473
f 1555/1622/2474 1465/1704/2474 1453/1623/2474
f 1526/2084/2475 1642/2085/2475 1635/2235/2475
f 1523/2077/2476 1526/2084/2476 1524/2231/2476
f 1526/2084/2477 1527/2236/2477 1524/2231/2477
f 1524/2232/2478 1527/2237/2478 1525/2233/2478
f 1527/2236/2479 1528/2238/2479 1525/2239/2479
f 1525/2233/2480 1528/2240/2480 1247/2185/2480
f 1528/2238/2481 1246/2191/2481 1247/2241/2481
f 1634/2230/2482 1642/2085/2482 1523/2077/2482
f 1559/1607/2483 1516/2242/2483 1515/1608/2483
f 1259/2082/2484 1526/2084/2484 1635/2235/2484
f 1529/2083/2485 1530/2243/2485 1526/2084/2485
f 1526/2084/2486 1530/2243/2486 1527/2236/2486
f 1530/2243/2487 1531/2244/2487 1527/2236/2487
f 1527/2236/2488 1531/2244/2488 1528/2238/2488
f 1531/2244/2489 1532/2245/2489 1528/2238/2489
f 1528/2238/2490 1532/2245/2490 1246/2191/2490
f 1532/2245/2491 1245/2189/2491 1246/2191/2491
f 1637/2088/2492 1533/2087/2492 1643/2089/2492
f 1643/2089/2212 1529/2083/2212 1636/2234/2212
f 1533/2087/2493 1534/2246/2493 1529/2083/2493
f 1529/2083/2494 1534/2246/2494 1530/2243/2494
f 1534/2246/2495 1535/2247/2495 1530/2243/2495
f 1530/2243/2496 1535/2247/2496 1531/2244/2496
f 1535/2247/2497 1536/2248/2497 1531/2244/2497
f 1531/2244/2498 1536/2248/2498 1532/2245/2498
f 1536/2248/2499 1537/2249/2499 1532/2245/2499
f 1532/2245/2500 1537/2249/2500 1245/2189/2500
f 1537/2249/2501 1244/1627/2501 1245/2189/2501
f 1624/2222/2502 1177/2086/2502 1644/2250/2502
f 1177/2086/2211 1637/2088/2211 1644/2250/2211
f 1177/2086/2503 1176/2251/2503 1533/2087/2503
f 1533/2087/2504 1176/2251/2504 1534/2246/2504
f 1176/2251/2505 1175/2252/2505 1534/2246/2505
f 1534/2246/2506 1175/2252/2506 1535/2247/2506
f 1175/2252/2507 1174/2253/2507 1535/2247/2507
f 1535/2247/2508 1174/2253/2508 1536/2248/2508
f 1174/2253/2509 1173/2254/2509 1536/2248/2509
f 1536/2248/2510 1173/2254/2510 1537/2249/2510
f 1173/2254/2511 1172/2255/2511 1537/2249/2511
f 1537/2249/2512 1172/2255/2512 1244/1627/2512
f 1172/2255/2513 1154/1625/2513 1244/1627/2513
f 1219/1832/2514 1538/1834/2514 1218/1845/2514
f 1554/1624/2515 1453/1623/2515 1464/1970/2515
f 1358/1833/2516 1359/1843/2516 1538/1834/2516
f 1630/1873/12 1276/1328/12 1638/1883/12
f 1365/2090/2517 1539/1680/2517 1367/2256/2517
f 1367/2256/2518 1539/1680/2518 1368/1944/2518
f 1366/1806/2519 1540/1772/2519 1370/2257/2519
f 1370/2257/2520 1540/1772/2520 1371/2094/2520
f 1372/2093/2521 1541/1732/2521 1373/1734/2521
f 1374/1733/2522 1542/1737/2522 1375/1736/2522
f 1543/1735/2523 1365/2090/2523 1376/1770/2523
f 1543/1735/2524 1544/1678/2524 1539/1680/2524
f 1239/1831/2525 1242/1830/2525 1236/2091/2525
f 1544/1678/2526 1458/1869/2526 1445/1679/2526
f 1279/1805/2527 1280/1771/2527 1540/1772/2527
f 1230/1893/2528 1541/1732/2528 1281/1616/2528
f 1541/1732/2529 1547/1803/2529 1542/1737/2529
f 1547/1803/2530 1548/1802/2530 1542/1737/2530
f 1542/1737/2531 1548/1802/2531 1543/1735/2531
f 1548/1802/2532 1549/1801/2532 1543/1735/2532
f 1543/1735/2533 1549/1801/2533 1544/1678/2533
f 1279/1805/2534 1243/1829/2534 1197/1790/2534
f 1243/1829/2216 1236/2091/2216 1242/1830/2216
f 1544/1678/2535 1459/1972/2535 1446/1868/2535
f 1230/1893/2536 1282/1895/2536 1547/1803/2536
f 1282/1895/2537 1283/1886/2537 1547/1803/2537
f 1284/1804/2538 1285/1615/2538 1548/1802/2538
f 1330/1749/1205 1300/1748/1205 1335/1745/1205
f 1231/1902/2539 1549/1801/2539 1286/1887/2539
f 1301/1746/1205 1300/1748/1205 1332/2258/1205
f 1335/1745/1205 1326/1744/1205 1327/2259/1205
f 1328/1741/2540 1185/1743/2540 1258/1759/2540
f 1553/1871/2541 1452/1971/2541 1461/1932/2541
f 1541/1732/2542 1371/2094/2542 1540/1772/2542
f 1541/1732/2543 1542/1737/2543 1374/1733/2543
f 1375/2260/2544 1376/1996/2544 1374/2166/2544
f 1161/2092/2545 1468/1945/2545 1277/1942/2545
f 1231/1902/2546 1287/1899/2546 1552/1688/2546
f 1232/1901/2547 1552/1688/2547 1287/1899/2547
f 1232/1901/2548 1288/1900/2548 1553/1871/2548
f 1554/1624/2549 1288/1900/2549 1240/1898/2549
f 1240/1898/2550 1289/1897/2550 1554/1624/2550
f 1555/1622/2551 1289/1897/2551 1241/1614/2551
f 1466/1703/2552 1556/1634/2552 1467/1636/2552
f 1215/1896/2553 1195/1755/2553 1294/1613/2553
f 1294/1613/2554 1555/1622/2554 1241/1614/2554
f 1195/1755/2555 1194/2261/2555 1555/1622/2555
f 1555/1622/2556 1194/2261/2556 1556/1634/2556
f 1194/2261/2557 1193/1849/2557 1556/1634/2557
f 1572/2262/1251 1275/1104/1251 1274/1103/1251
f 1646/1872/1904 1275/1104/1904 1572/2262/1904
f 1194/2261/2558 1560/2263/2558 1193/1849/2558
f 1195/1755/2559 1564/1753/2559 1194/2261/2559
f 1215/1896/2560 1297/1754/2560 1195/1755/2560
f 1486/1663/1939 1492/1659/1939 1333/1661/1939
f 1512/1931/2561 1557/1847/2561 1513/2148/2561
f 1514/2147/2562 1558/1609/2562 1515/1608/2562
f 1492/1659/1938 1499/1647/1938 1334/1662/1938
f 1477/1665/1940 1481/2197/1940 1331/1666/1940
f 1193/1849/2563 1560/2263/2563 1557/1847/2563
f 1560/2263/2564 1561/2264/2564 1557/1847/2564
f 1557/1847/2565 1561/2264/2565 1558/1609/2565
f 1561/2264/2566 1562/2265/2566 1558/1609/2566
f 1558/1609/2567 1562/2265/2567 1559/1607/2567
f 1562/2265/2568 1563/1852/2568 1559/1607/2568
f 1499/1647/1930 1507/1656/1930 1335/1648/1930
f 1223/1626/1932 1350/1836/1932 1362/1653/1932
f 1194/2261/2569 1564/1753/2569 1560/2263/2569
f 1564/1753/2570 1565/1752/2570 1560/2263/2570
f 1560/2263/2571 1565/1752/2571 1561/2264/2571
f 1565/1752/2572 1566/2266/2572 1561/2264/2572
f 1561/2264/2573 1566/2266/2573 1562/2265/2573
f 1566/2266/2574 1567/1936/2574 1562/2265/2574
f 1562/2265/2575 1567/1936/2575 1563/1852/2575
f 1298/1894/2576 1310/1751/2576 1564/1753/2576
f 1295/1891/2577 1565/1752/2577 1311/1892/2577
f 1565/1752/2578 1568/1740/2578 1566/2266/2578
f 1568/1740/2579 1569/1712/2579 1566/2266/2579
f 1566/2266/2580 1569/1712/2580 1567/1936/2580
f 1569/1712/2581 1570/1631/2581 1567/1936/2581
f 1295/1891/2582 1312/1618/2582 1568/1740/2582
f 1312/1618/2583 1313/1739/2583 1568/1740/2583
f 1314/1617/2584 1344/1711/2584 1569/1712/2584
f 1297/1754/2585 1298/1894/2585 1564/1753/2585
f 1280/1771/2586 1281/1616/2586 1541/1732/2586
f 1439/1643/2587 1198/1645/2587 1200/1768/2587
f 1326/1744/1205 1334/2267/1205 1327/2259/1205
f 1333/2268/1205 1326/1744/1205 1301/1746/1205
f 1439/1643/2588 1444/1824/2588 1201/1644/2588
f 1268/2110/2589 1269/2097/2589 1201/2102/2589
f 1342/1750/1205 1330/1749/1205 1180/1334/1205
f 1180/1334/1205 1343/2269/1205 1292/1725/1205
f 1330/1749/1205 1335/1745/1205 1180/1334/1205
f 1335/1745/1205 1300/1748/1205 1301/1746/1205
f 1636/1809/12 1665/1765/12 1643/1778/12
f 1665/1765/12 1624/2270/12 1644/1777/12
f 1636/2234/2590 1259/2082/2590 1635/2235/2590
f 1644/1777/12 1637/2271/12 1643/1778/12
f 1634/1787/12 1641/1865/12 1648/1864/12
f 1635/2235/2591 1642/2085/2591 1634/2230/2591
f 1328/1741/1205 1336/2272/1205 1183/1742/1205
f 1634/1787/12 1649/1786/12 1635/1810/12
f 1641/1865/12 1633/1774/12 1623/1773/12
f 1355/1904/2592 1571/2026/2592 1395/1905/2592
f 1273/1120/1480 1572/2027/1480 1274/1355/1480
f 1356/1817/2593 1573/2119/2593 1396/1906/2593
f 1396/1906/2235 1571/2026/2235 1355/1904/2235
f 1573/2119/2594 1574/2273/2594 1571/2026/2594
f 1571/2026/2595 1574/2273/2595 1572/2027/2595
f 1356/1817/2596 1397/1914/2596 1573/2119/2596
f 1162/2118/2234 1397/1914/2234 1155/1816/2234
f 1573/2119/2597 1162/2118/2597 1574/2273/2597
f 1558/1609/2598 1513/2148/2598 1557/1847/2598
f 1372/1611/2599 1373/1606/2599 1322/2000/2599
f 1377/2149/2600 1575/1727/2600 1380/2274/2600
f 1380/2018/2601 1575/2275/2601 1381/2019/2601
f 1382/1641/2602 1576/1640/2602 1383/2276/2602
f 1379/2123/2603 1577/1721/2603 1384/2277/2603
f 1384/2277/2604 1577/1721/2604 1385/1720/2604
f 1386/1851/2605 1578/1714/2605 1387/1870/2605
f 1388/1881/2606 1171/1708/2606 1389/1710/2606
f 1390/1709/2607 1170/1707/2607 1391/1706/2607
f 1392/2278/2608 1169/1699/2608 1393/1698/2608
f 1168/1697/2263 1377/2149/2263 1394/2178/2263
f 1168/1697/2609 1167/2279/2609 1575/1727/2609
f 1575/2275/2610 1167/2280/2610 1576/1730/2610
f 1167/2279/2611 1166/1982/2611 1576/1640/2611
f 1546/1968/2612 1165/1967/2612 1550/2281/2612
f 1164/2122/2237 1379/2123/2237 1551/2282/2237
f 1164/2122/2613 1163/1938/2613 1577/1721/2613
f 1577/1721/2614 1163/1938/2614 1578/1714/2614
f 1325/1995/2615 1323/1604/2615 1373/1606/2615
f 1404/1912/2262 1162/2118/2262 1155/1816/2262
f 1404/1912/2616 1415/1916/2616 1579/2121/2616
f 1405/1915/2236 1579/2121/2236 1415/1916/2236
f 1405/1915/2617 1416/1918/2617 1580/2120/2617
f 1406/1920/2265 1580/2120/2265 1416/1918/2265
f 1406/1920/2618 1417/1922/2618 1581/2126/2618
f 1407/1924/2239 1581/2126/2239 1417/1922/2239
f 1407/1924/2619 1418/1925/2619 1582/2125/2619
f 1583/2124/2238 1418/1925/2238 1408/1923/2238
f 1659/2156/2620 1584/2155/2620 1660/2283/2620
f 1408/1923/2621 1419/1926/2621 1583/2124/2621
f 1585/2150/2264 1419/1926/2264 1409/1927/2264
f 1583/2124/2622 1585/2150/2622 1584/2155/2622
f 1585/2150/2623 1586/2137/2623 1584/2155/2623
f 1662/2152/2624 1587/2151/2624 1663/2284/2624
f 1664/2133/2625 1588/2132/2625 1665/2285/2625
f 1410/1919/2626 1589/2130/2626 1421/1921/2626
f 1421/1921/2267 1585/2150/2267 1409/1927/2267
f 1589/2130/2627 1590/2286/2627 1585/2150/2627
f 1585/2150/2628 1590/2286/2628 1586/2137/2628
f 1590/2286/2629 1591/2287/2629 1586/2137/2629
f 1586/2137/2630 1591/2287/2630 1587/2151/2630
f 1591/2288/2631 1592/2289/2631 1587/2131/2631
f 1587/2131/2632 1592/2289/2632 1588/2132/2632
f 1592/2289/2633 1593/2290/2633 1588/2132/2633
f 1588/2132/2634 1593/2290/2634 1177/2086/2634
f 1593/2290/2635 1176/2251/2635 1177/2086/2635
f 1411/1928/2636 1594/2129/2636 1422/1917/2636
f 1422/1917/2241 1589/2130/2241 1410/1919/2241
f 1594/2129/2637 1595/2291/2637 1589/2130/2637
f 1589/2130/2638 1595/2291/2638 1590/2286/2638
f 1595/2291/2639 1596/2292/2639 1590/2286/2639
f 1590/2286/2640 1596/2292/2640 1591/2287/2640
f 1596/2292/2641 1597/2293/2641 1591/2287/2641
f 1591/2288/2642 1597/2294/2642 1592/2289/2642
f 1597/2294/2643 1598/2295/2643 1592/2289/2643
f 1592/2289/2644 1598/2295/2644 1593/2290/2644
f 1598/2295/2645 1599/2296/2645 1593/2290/2645
f 1593/2290/2646 1599/2296/2646 1176/2251/2646
f 1599/2296/2647 1175/2252/2647 1176/2251/2647
f 1412/1929/2648 1600/2128/2648 1423/1913/2648
f 1423/1913/2266 1594/2129/2266 1411/1928/2266
f 1600/2128/2649 1601/2297/2649 1594/2129/2649
f 1594/2129/2650 1601/2297/2650 1595/2291/2650
f 1601/2297/2651 1602/2298/2651 1595/2291/2651
f 1595/2291/2652 1602/2298/2652 1596/2292/2652
f 1602/2298/2653 1603/2299/2653 1596/2292/2653
f 1596/2292/2654 1603/2299/2654 1597/2293/2654
f 1603/2299/2655 1604/2300/2655 1597/2293/2655
f 1597/2294/2656 1604/2301/2656 1598/2295/2656
f 1604/2300/2657 1605/2302/2657 1598/2303/2657
f 1598/2295/2658 1605/2304/2658 1599/2296/2658
f 1605/2304/2659 1606/2305/2659 1599/2296/2659
f 1599/2296/2660 1606/2305/2660 1175/2252/2660
f 1606/2305/2661 1174/2253/2661 1175/2252/2661
f 1413/1907/2662 1607/2127/2662 1424/1815/2662
f 1607/2127/2240 1412/1929/2240 1424/1815/2240
f 1607/2127/2663 1608/2306/2663 1600/2128/2663
f 1600/2128/2664 1608/2306/2664 1601/2297/2664
f 1608/2306/2665 1609/2307/2665 1601/2297/2665
f 1601/2297/2666 1609/2307/2666 1602/2298/2666
f 1609/2307/2667 1610/2308/2667 1602/2298/2667
f 1602/2298/2668 1610/2308/2668 1603/2299/2668
f 1610/2308/2669 1611/2309/2669 1603/2299/2669
f 1603/2310/2670 1611/2311/2670 1604/2301/2670
f 1611/2309/2671 1612/2312/2671 1604/2300/2671
f 1604/2301/2672 1612/2313/2672 1605/2304/2672
f 1612/2313/2673 1613/2314/2673 1605/2304/2673
f 1605/2304/2674 1613/2314/2674 1606/2305/2674
f 1613/2314/2675 1614/2315/2675 1606/2305/2675
f 1606/2305/2676 1614/2315/2676 1174/2253/2676
f 1614/2315/2677 1173/2254/2677 1174/2253/2677
f 1413/1907/2678 1429/1911/2678 1607/2127/2678
f 1615/2134/2269 1429/1911/2269 1414/1910/2269
f 1607/2127/2679 1615/2134/2679 1608/2306/2679
f 1615/2316/2680 1616/2317/2680 1608/2318/2680
f 1608/2306/2681 1616/2319/2681 1609/2307/2681
f 1616/2319/2682 1617/2320/2682 1609/2307/2682
f 1609/2307/2683 1617/2320/2683 1610/2308/2683
f 1617/2320/2684 1618/2321/2684 1610/2308/2684
f 1610/2308/2685 1618/2321/2685 1611/2309/2685
f 1618/2321/2686 1619/2322/2686 1611/2309/2686
f 1611/2309/2687 1619/2322/2687 1612/2312/2687
f 1619/2322/2688 1620/2323/2688 1612/2312/2688
f 1612/2313/2689 1620/2324/2689 1613/2314/2689
f 1620/2324/2690 1621/2325/2690 1613/2314/2690
f 1613/2314/2691 1621/2325/2691 1614/2315/2691
f 1621/2325/2692 1622/2326/2692 1614/2315/2692
f 1614/2315/2693 1622/2326/2693 1173/2254/2693
f 1622/2326/2694 1172/2255/2694 1173/2254/2694
f 1158/1908/2695 1163/1938/2695 1430/1909/2695
f 1430/1909/2243 1615/2134/2243 1414/1910/2243
f 1163/1938/2696 1164/2122/2696 1615/2134/2696
f 1615/2134/2697 1164/2122/2697 1616/2319/2697
f 1164/1637/2698 1165/1713/2698 1616/2317/2698
f 1616/2319/2699 1165/1967/2699 1617/2320/2699
f 1165/1713/2700 1166/1728/2700 1617/2327/2700
f 1617/2320/2701 1166/1982/2701 1618/2321/2701
f 1166/1982/2702 1167/2279/2702 1618/2321/2702
f 1618/2321/2703 1167/2279/2703 1619/2322/2703
f 1167/2279/2704 1168/1697/2704 1619/2322/2704
f 1619/2322/2705 1168/1697/2705 1620/2323/2705
f 1168/1697/2706 1169/1699/2706 1620/2323/2706
f 1620/2324/2707 1169/1705/2707 1621/2325/2707
f 1169/1705/2708 1170/1707/2708 1621/2325/2708
f 1621/2325/2709 1170/1707/2709 1622/2326/2709
f 1170/1707/2710 1171/1708/2710 1622/2326/2710
f 1622/2326/2711 1171/1708/2711 1172/2255/2711
f 1171/1708/2712 1154/1625/2712 1172/2255/2712
f 1587/2131/2242 1664/2133/2242 1663/2328/2242
f 1586/2137/2268 1662/2152/2268 1661/2138/2268
f 1583/2124/2271 1659/2156/2271 1658/2153/2271
f 1584/2155/2713 1653/2139/2713 1660/2283/2713
f 1586/2137/2245 1653/2139/2245 1584/2155/2245
f 1582/2125/2714 1652/2154/2714 1657/2135/2714
f 1583/2124/2270 1652/2154/2270 1582/2125/2270
f 1582/2125/2244 1651/2136/2244 1581/2126/2244
f 1581/2126/2715 1651/2136/2715 1656/2157/2715
f 1580/2120/2716 1650/2158/2716 1655/2140/2716
f 1581/2126/2272 1650/2158/2272 1580/2120/2272
f 1579/2121/2246 1655/2140/2246 1649/2329/2246
f 1579/2121/2717 1649/2329/2717 1654/2163/2717
f 1162/2118/2278 1654/2163/2278 1648/2330/2278
f 1574/2159/2274 1646/1872/2274 1572/2262/2274
f 1574/2273/2718 1647/2162/2718 1645/2331/2718
f 1471/1628/2719 1627/1877/2719 1470/2160/2719
f 1471/1628/2719 1628/1876/2719 1627/1877/2719
f 1310/1751/2720 1311/1892/2720 1565/1752/2720
f 1470/2160/2275 1625/1874/2275 1251/2076/2275
f 1588/2132/2441 1624/2222/2441 1665/2285/2441
f 1162/2118/2721 1648/2330/2721 1623/2161/2721
f 1162/2118/2276 1647/2162/2276 1574/2273/2276
