# Blender 5.0.1
# www.blender.org
o rock_stack_a
v 0.008955 1.504578 -0.665598
v 1.009664 1.432847 -0.280383
v -0.610944 0.830247 -1.118359
v -1.140486 0.258569 0.149552
v -0.711920 1.583826 0.338927
v -0.002525 0.113945 -0.921607
v 0.124687 0.206631 -0.983144
v 0.266441 0.284597 -1.017958
v 0.121867 0.923015 1.071252
v 0.122079 1.023149 1.040794
v 0.150321 1.524591 0.790330
v 1.069202 0.079570 -0.320453
v 0.985555 0.039580 -0.356451
v 0.887482 0.000051 -0.386982
v -0.750114 0.148789 -0.926314
v 0.466310 0.244837 0.905209
v 0.487573 0.187507 0.838665
v 0.514092 0.147152 0.772490
v 0.144450 1.195483 0.976604
v -1.258751 0.487890 -0.224778
v -1.240136 0.838982 -0.250498
v -1.263940 0.768916 -0.217657
v 0.448754 0.382803 1.009112
v -0.525367 0.827655 -1.155301
v -0.422835 0.827655 -1.187343
v -0.313878 0.827655 -1.207307
v -0.201813 0.827655 -1.213643
v -0.090700 0.827655 -1.208928
v 0.044419 0.828643 -1.191007
v 0.177327 1.338870 0.915623
v -0.601279 0.023288 -0.865505
v -0.680093 0.084122 -0.900016
v -0.089786 1.419619 -0.770814
v 0.072103 1.277117 -0.894730
v 0.177439 1.168174 -0.975914
v 0.154640 0.759499 1.103353
v 0.192891 0.680745 1.106838
v 1.208412 1.336073 0.253114
v -0.820603 1.146336 -0.829193
v -0.692001 1.304597 -0.784685
v -0.614046 1.380720 -0.762742
v -0.552598 1.433091 -0.743471
v -0.487986 1.480574 -0.719894
v -0.424130 1.538992 -0.674524
v 0.245487 0.605129 1.101727
v 0.255904 1.516761 0.819770
v 1.303741 1.363276 0.108319
v -0.262578 1.553544 0.602933
v 0.048192 1.531837 0.748494
v -0.167803 1.546857 0.643755
v 1.077617 1.276055 0.439532
v 1.120763 1.292773 0.376356
v -0.338509 1.558941 0.571147
v -0.529462 1.572494 0.491242
v 1.286468 1.417854 0.054124
v -0.654142 1.580675 0.407988
v 1.236573 1.176548 -0.205636
v 1.253948 1.354873 0.186927
v 0.383797 0.483440 1.064886
v 1.294240 1.364056 0.124638
v 1.062341 1.273497 0.463706
v 0.545044 0.121856 0.707036
v 0.728471 0.120104 0.399201
v 0.951282 1.452258 0.405480
v 0.872469 0.043958 0.117098
v 0.741693 0.036748 0.191961
v 0.663851 0.032703 0.235874
v 0.591120 0.026756 0.278546
v 0.522906 0.018537 0.320568
v 0.479745 0.016858 0.382534
v -1.161812 0.281702 0.089050
v -1.187412 0.321379 0.010991
v -1.205622 0.368081 -0.108819
v -1.219508 0.399523 -0.179230
v -1.238293 0.430628 -0.252986
v 0.231783 1.233826 -0.913569
v 0.600677 0.106039 0.605419
v 1.252053 1.421888 0.111273
v -0.897906 0.032318 -0.149120
v -0.944820 0.072549 -0.094028
v -0.991183 0.110304 -0.041101
v -1.060884 0.168080 0.050487
v -1.111539 0.220668 0.105653
v -0.980707 1.327910 0.069045
v -0.873095 1.424056 -0.045685
v -0.813672 1.479393 -0.084555
v -0.773299 1.514221 -0.132121
v -0.736457 1.547291 -0.192922
v -1.134830 1.028610 -0.296642
v -1.029488 1.165308 -0.156381
v -1.021563 1.190568 -0.097158
v -1.053966 1.187685 0.011062
v -0.750493 1.581474 0.089002
v 0.478169 0.081984 0.672529
v 0.406983 0.047485 0.632218
v 0.337681 0.022284 0.589226
v 0.256764 0.000138 0.524733
v -0.111363 0.000101 0.447560
v -0.202895 0.000086 0.432724
v -0.344874 0.000040 0.420325
v 0.311880 0.535306 1.087456
v -0.607191 0.000144 0.366049
v -0.720550 0.022836 0.351211
v -0.818419 0.048640 0.321655
v -0.905607 0.082949 0.288547
v -0.980811 0.123459 0.253455
v -1.044241 0.167609 0.217880
v -1.096996 0.213187 0.182990
v -1.179542 0.312848 0.155456
v -1.215299 0.373164 0.160860
v -1.245784 0.439514 0.165468
v -1.268698 0.511491 0.168931
v -1.281779 0.588112 0.170908
v -1.283381 0.667763 0.171150
v -1.273108 0.748342 0.169598
v -1.252175 0.827655 0.166434
v -1.223217 0.903892 0.162057
v -1.189566 0.975979 0.156971
v -1.136799 1.075986 0.150090
v -1.072032 1.192292 0.138442
v -1.008816 1.301892 0.130841
v -0.969909 1.371785 0.159201
v -0.938535 1.421722 0.193619
v -0.896285 1.471971 0.229791
v -0.841045 1.520033 0.266528
v -0.771734 1.562939 0.302205
v -0.708872 1.573809 -0.111495
v -0.747050 1.585058 0.265114
v -0.759988 1.584289 0.181906
v -0.717703 1.576248 -0.034560
v -0.706593 1.572173 -0.182516
v -0.268283 0.709706 0.975173
v -0.210420 0.643388 0.990126
v -0.150679 0.573626 0.996510
v -0.104413 0.503099 0.988164
v -0.064600 0.433379 0.968192
v -0.026710 0.365662 0.939590
v 0.010819 0.300812 0.904631
v 0.126503 0.058689 0.664320
v 0.158239 0.029213 0.610642
v 0.233840 0.017211 0.591567
v -0.706971 1.566340 -0.455345
v -0.634660 1.557894 -0.579321
v -0.579559 1.552459 -0.622447
v -0.503783 1.545737 -0.656039
v -0.719585 1.569112 -0.372559
v 0.132383 0.834942 1.092244
v 0.010124 0.827655 1.065435
v -0.100924 0.828351 1.029889
v -0.306825 0.827267 0.953205
v -0.337319 0.779044 0.948171
v -0.402701 0.747830 0.927365
v -0.562211 0.735706 0.874655
v -0.583345 0.675534 0.864368
v -0.656537 0.631618 0.831514
v -0.729414 0.586517 0.791080
v -0.799386 0.541441 0.742289
v -0.867047 0.496571 0.687900
v -0.931072 0.452701 0.628501
v -0.989011 0.411129 0.564222
v -1.038991 0.373002 0.496043
v -1.079482 0.339358 0.425310
v -1.109497 0.310992 0.353622
v -1.128913 0.288278 0.282713
v -1.138642 0.271037 0.214244
v -0.472388 0.874785 0.887210
v -0.608857 0.990360 0.807054
v -0.700732 1.010980 0.762885
v -0.742852 1.130156 0.692006
v -0.802499 1.176923 0.635072
v -0.880724 1.143157 0.594145
v -0.902470 1.260020 0.506854
v -0.939710 1.291230 0.439030
v -0.981807 1.272305 0.385073
v -1.006196 1.276486 0.321611
v -1.011196 1.297026 0.254238
v -1.017502 1.293566 0.189400
v -0.347507 0.869297 0.930418
v -0.309904 0.931079 0.927165
v -0.290759 0.988448 0.914784
v -0.265982 1.063303 0.894030
v -0.054536 1.200477 0.914250
v -0.071691 1.299089 0.857979
v 0.045600 1.400251 0.844842
v -0.008224 1.443025 0.796894
v 0.045108 1.509348 0.767823
v -0.076882 0.889553 1.026497
v -0.081956 0.977480 0.998836
v 0.050681 0.892417 1.063978
v 0.016635 0.985965 1.028646
v -0.095395 1.102822 0.943776
v 0.093164 0.960225 1.055896
v -0.004693 1.114620 0.971600
v -0.680907 1.562805 -0.523280
v 0.089738 1.118407 0.997430
v 0.885980 1.459530 0.501319
v 0.074365 1.260925 0.928762
v 0.012178 1.312371 0.882527
v 1.210749 0.291323 -0.533912
v 0.138756 1.363439 0.894265
v 0.204970 1.425711 0.874422
v 0.116032 1.477966 0.816743
v 0.238461 1.493659 0.835931
v -0.442489 0.938703 0.879532
v -0.390881 1.024831 0.865833
v -0.575903 1.083655 0.782020
v -0.270330 1.184573 0.836400
v -0.393309 1.148306 0.811301
v -0.522030 1.242862 0.727019
v -0.651349 1.155042 0.722455
v -0.231972 1.284980 0.800672
v -0.340316 1.289692 0.759913
v -0.199078 1.356731 0.774511
v -0.589168 1.306569 0.672434
v -0.685606 1.282158 0.645828
v -0.236004 1.400366 0.734034
v -0.393767 1.359824 0.705635
v -0.747245 1.328144 0.588044
v -0.830770 1.296849 0.549462
v -0.201210 1.465902 0.702871
v -0.339964 1.431923 0.678467
v -0.533934 1.402969 0.636225
v -0.636505 1.381238 0.610950
v -0.075890 1.540475 0.689555
v -0.245097 1.508618 0.652149
v -0.478866 1.475890 0.603875
v -0.597707 1.450714 0.580064
v -0.697800 1.425641 0.550864
v -0.788650 1.393898 0.515294
v -0.866766 1.356356 0.474368
v -0.448525 1.531322 0.565906
v -0.553713 1.515019 0.544043
v -0.656283 1.492940 0.517248
v -0.751126 1.463343 0.484339
v -0.833950 1.426464 0.445828
v -0.902561 1.384170 0.403523
v -0.957029 1.339034 0.359698
v -0.608271 1.552814 0.478374
v -0.706204 1.526714 0.448452
v -0.793534 1.492122 0.412964
v -0.867099 1.450420 0.373296
v -0.926051 1.404186 0.331536
v -0.971493 1.356214 0.289749
v -0.744974 1.550155 0.375782
v -0.823451 1.510910 0.339361
v -0.887532 1.465349 0.300389
v -0.937501 1.416408 0.260838
v -0.975140 1.366828 0.222360
v -0.440764 0.827655 0.906772
v -0.552854 0.809355 0.872681
v -0.621051 0.919402 0.825617
v -0.652535 0.866628 0.826397
v -0.659995 0.788245 0.835935
v -0.661521 0.709158 0.837886
v -0.724607 0.907514 0.785799
v -0.735914 0.827655 0.798221
v -0.741090 0.746012 0.803908
v -0.738973 0.664827 0.801582
v -0.786161 0.977812 0.732652
v -0.809382 0.869046 0.751726
v -0.818801 0.785791 0.760618
v -0.820613 0.701788 0.762328
v -0.814004 0.619539 0.756089
v -0.849720 1.019658 0.676314
v -0.877244 0.911385 0.696157
v -0.890996 0.827655 0.707291
v -0.897469 0.742024 0.712532
v -0.895084 0.656841 0.710601
v -0.884568 0.574400 0.702087
v -0.928476 0.982761 0.629092
v -0.954539 0.870352 0.644737
v -0.965806 0.784461 0.652532
v -0.969529 0.697580 0.655109
v -0.965006 0.611862 0.651979
v -0.951823 0.529615 0.642859
v -0.952722 1.106994 0.543454
v -0.996819 0.949376 0.573107
v -1.024053 0.827655 0.584818
v -1.034771 0.740546 0.591117
v -1.036981 0.653070 0.592416
v -1.029602 0.567617 0.588079
v -1.013098 0.486426 0.578379
v -0.988918 1.149810 0.471781
v -1.039037 0.990879 0.497472
v -1.072034 0.870285 0.512400
v -1.088993 0.784359 0.520795
v -1.098121 0.696691 0.525313
v -1.097442 0.609515 0.524977
v -1.086550 0.525253 0.519585
v -1.066453 0.445958 0.509637
v -1.014357 1.187538 0.400721
v -1.073994 1.019732 0.423325
v -1.109478 0.911272 0.437667
v -1.131765 0.827655 0.446848
v -1.147398 0.741214 0.453288
v -1.153646 0.653842 0.455862
v -1.149167 0.567936 0.454017
v -1.134228 0.485814 0.447863
v -1.110316 0.409258 0.438012
v -1.067796 1.127680 0.338567
v -1.128811 0.975209 0.356696
v -1.163160 0.869298 0.371711
v -1.184560 0.785255 0.378924
v -1.197452 0.699085 0.383270
v -1.199659 0.612980 0.384014
v -1.190613 0.529352 0.380965
v -1.171263 0.450287 0.374442
v -1.143496 0.377240 0.365083
v -1.061592 1.190216 0.264585
v -1.103857 1.096239 0.277348
v -1.176189 0.932697 0.290484
v -1.209509 0.827655 0.304415
v -1.228496 0.743883 0.309527
v -1.237312 0.658921 0.311901
v -1.234573 0.575108 0.311164
v -1.220555 0.494709 0.307389
v -1.196813 0.419482 0.300996
v -1.165526 0.350511 0.292572
v -1.077952 1.178226 0.201173
v -1.142127 1.050323 0.215813
v -1.191769 0.944113 0.225270
v -1.222225 0.867456 0.231592
v -1.246616 0.787069 0.236654
v -1.261747 0.704434 0.239795
v -1.265521 0.621678 0.240578
v -1.257468 0.541104 0.238906
v -1.238636 0.464692 0.234998
v -1.211038 0.393813 0.229270
v -1.176992 0.329192 0.222203
v -0.375075 0.682915 0.934873
v -0.433271 0.641430 0.909969
v -0.308081 0.605121 0.945798
v -0.530137 0.597730 0.869027
v -0.329497 0.550221 0.921492
v -0.634354 0.560915 0.822343
v -0.488204 0.529354 0.860815
v -0.301247 0.482575 0.902667
v -0.705640 0.514055 0.777041
v -0.605143 0.489286 0.804930
v -0.437236 0.460126 0.845003
v -0.270564 0.416009 0.876000
v -0.774727 0.467576 0.724711
v -0.717039 0.417073 0.725166
v -0.569370 0.418634 0.779360
v -0.471381 0.386811 0.789716
v -0.360184 0.378167 0.818591
v -0.238993 0.351489 0.842491
v -0.842485 0.421313 0.668013
v -0.697832 0.329422 0.678690
v -0.459805 0.319489 0.742992
v -0.274869 0.306065 0.791395
v -0.031258 0.257956 0.850024
v -0.906002 0.376836 0.606076
v -0.810396 0.346638 0.642030
v -0.655695 0.259309 0.642953
v -0.360221 0.248019 0.711333
v -0.241201 0.246051 0.749185
v 0.003865 0.201700 0.809537
v -0.962785 0.335629 0.539263
v -0.873096 0.302083 0.578111
v -0.771523 0.274123 0.610556
v -0.607861 0.198044 0.607723
v -0.433361 0.198089 0.647995
v -0.209132 0.188306 0.701988
v 0.035926 0.149487 0.764374
v -1.010713 0.299054 0.468658
v -0.928382 0.261935 0.509321
v -0.832955 0.230126 0.545136
v -0.726827 0.205257 0.574366
v -0.390858 0.166200 0.626868
v -0.286539 0.156001 0.641225
v -0.162846 0.131250 0.653307
v 0.068584 0.102792 0.716229
v -1.048205 0.268222 0.395833
v -0.973930 0.227770 0.436905
v -0.886248 0.191881 0.474883
v -0.786280 0.162731 0.507757
v -0.677163 0.141622 0.534154
v -0.563725 0.128153 0.554089
v -0.361239 0.122199 0.588945
v -0.241390 0.105740 0.596685
v -0.144723 0.095089 0.612940
v -0.051692 0.082192 0.630929
v 0.038767 0.068911 0.649075
v -1.074582 0.243762 0.322682
v -1.008309 0.200633 0.362745
v -0.929081 0.161042 0.401327
v -0.836966 0.127416 0.436533
v -0.733771 0.101810 0.466587
v -0.623259 0.085009 0.490509
v -0.510464 0.075838 0.508717
v -0.309970 0.072306 0.539773
v -0.196545 0.062330 0.550045
v -0.102780 0.054328 0.565476
v 0.018505 0.037606 0.580118
v -1.090319 0.225649 0.251167
v -1.031358 0.180779 0.289039
v -0.960436 0.138349 0.326711
v -0.876878 0.100771 0.362617
v -0.781331 0.070510 0.394993
v -0.676284 0.049295 0.422354
v -0.565961 0.037224 0.444116
v -0.455313 0.032358 0.460997
v -0.275224 0.033458 0.488485
v -0.152560 0.027381 0.501490
v -0.062395 0.022135 0.516121
v 0.077261 0.012652 0.540872
v -0.071705 0.765841 1.046821
v -0.038681 0.698285 1.057907
v -0.069474 0.631343 1.039461
v 0.051332 0.761769 1.082889
v -0.029569 0.558577 1.035075
v 0.032674 0.622876 1.069389
v 0.095884 0.690576 1.092662
v 0.012640 0.484811 1.020704
v 0.077135 0.547515 1.062255
v 0.142923 0.615457 1.092474
v 0.056127 0.411868 0.996603
v 0.122881 0.471670 1.044111
v 0.191233 0.538360 1.080851
v 0.099841 0.341329 0.963911
v 0.168696 0.397346 1.015490
v 0.239426 0.461502 1.057502
v 0.076383 0.231371 0.866236
v 0.142830 0.274482 0.924095
v 0.213448 0.326279 0.977740
v 0.286165 0.387016 1.023272
v 0.358223 0.455697 1.057246
v 0.116555 0.174040 0.821020
v 0.184224 0.212546 0.878369
v 0.256131 0.259961 0.932393
v 0.330273 0.316774 0.979664
v 0.403990 0.382357 1.016981
v 0.154690 0.123058 0.771552
v 0.223141 0.156911 0.827486
v 0.295786 0.199847 0.880687
v 0.370700 0.252445 0.928236
v 0.452230 0.315198 0.966705
v 0.415911 1.471336 -0.697088
v 0.189935 0.079980 0.718156
v 0.258649 0.109129 0.772004
v 0.331436 0.147471 0.823559
v 0.406442 0.195628 0.870332
v 0.207505 1.488621 -0.669373
v 0.221495 0.045991 0.661625
v 0.289879 0.070536 0.712771
v 0.362169 0.104240 0.762032
v 0.436581 0.147784 0.807254
v 0.316256 0.041734 0.651211
v 0.387378 0.070968 0.697590
v 0.460504 0.109881 0.740621
v -0.158304 1.517628 -0.680677
v -0.245180 1.524470 -0.685347
v -0.334686 1.531658 -0.683750
v 1.036118 1.339055 0.428785
v 1.062856 1.380340 0.356445
v 0.984471 1.411085 0.414884
v 0.906005 1.457181 0.467890
v 1.169289 1.430432 0.201874
v 1.016625 1.445564 0.337471
v -0.858071 1.188980 -0.777536
v -0.797818 1.559777 0.222254
v -0.812277 1.546710 0.140702
v -0.858667 1.511275 0.187047
v -0.763811 1.555465 0.012698
v -0.816861 1.526218 0.061041
v -0.864640 1.494224 0.107859
v -0.905412 1.459188 0.152297
v -0.767187 1.532881 -0.061752
v -0.815512 1.502239 -0.014278
v -0.861778 1.471714 0.031970
v -0.910603 1.431411 0.075800
v -0.940073 1.406577 0.119261
v -1.049691 1.218665 0.077524
v -1.117537 1.107220 0.086025
v -1.098971 1.104224 -0.027527
v -1.136718 1.062731 0.023566
v -1.152630 1.004644 -0.096909
v -1.200339 0.964164 0.088544
v -1.132912 1.019949 -0.166945
v -1.194531 0.966184 0.013848
v -1.153288 0.992523 -0.236812
v -1.236542 0.885552 0.007584
v -1.245984 0.866659 0.097207
v -1.184366 0.941090 -0.174829
v -1.211913 0.904646 -0.109253
v -1.261669 0.827655 0.028928
v -1.273240 0.787807 0.099849
v 0.289805 1.303082 -0.847315
v -1.185057 0.958006 -0.326474
v -1.207254 0.905097 -0.247127
v -1.225238 0.866757 -0.179948
v -1.248375 0.827655 -0.111765
v -1.270343 0.787517 -0.041652
v -1.285339 0.746826 0.029927
v -1.289953 0.706557 0.101469
v 0.115438 1.082292 -1.050836
v 0.046574 0.894901 -1.166321
v -1.257614 0.787531 -0.184003
v -1.274234 0.746748 -0.113547
v -1.288761 0.705511 -0.041893
v -1.296259 0.664638 0.030387
v -1.294063 0.625188 0.101867
v 0.084287 1.024342 -1.093722
v -1.277783 0.703716 -0.198361
v -1.286228 0.664332 -0.114373
v -1.292923 0.623431 -0.041947
v -1.293343 0.583674 0.030264
v -1.285357 0.546089 0.101023
v 0.059087 0.757318 -1.205385
v -1.282304 0.623205 -0.192147
v -1.283362 0.583211 -0.114175
v -1.282953 0.543924 -0.041816
v -1.277551 0.506278 0.029599
v -1.265282 0.471238 0.099078
v 0.795202 0.102932 0.278273
v 0.449641 0.445242 1.041372
v -1.273510 0.546507 -0.204157
v -1.266965 0.505852 -0.113045
v -1.260914 0.469060 -0.041527
v -1.251288 0.434108 0.028491
v -1.236274 0.401919 0.096267
v 0.835732 0.247059 -0.821174
v 1.006239 0.238994 -0.700459
v 0.290527 0.482883 -1.133697
v 0.466779 0.378955 -1.042351
v -1.250447 0.468573 -0.183104
v -1.239927 0.433897 -0.111181
v -1.226030 0.384304 0.009565
v -1.200996 0.338717 0.092848
v -1.064414 0.173223 0.138054
v -1.005502 0.117313 0.078802
v -1.007547 0.125908 0.171989
v -0.963262 0.086201 0.122765
v -0.939409 0.080729 0.206668
v -0.929235 0.060503 -0.012830
v -0.912229 0.048835 0.070906
v -0.889835 0.041043 0.156254
v -0.858934 0.040364 0.240873
v -0.876612 0.023547 -0.066930
v -0.856076 0.013425 0.017154
v -0.824135 0.000057 0.093358
v -0.799816 0.000059 0.186461
v -0.753097 0.000215 0.264296
v 0.973998 1.370046 0.481537
v 0.400867 0.010116 0.477986
v 0.405392 0.025250 0.555675
v 0.472838 0.034630 0.516181
v 0.477339 0.054737 0.595448
v 0.530809 0.033579 0.394318
v 0.539405 0.049049 0.472322
v 0.546610 0.068076 0.552728
v 0.550543 0.093046 0.632779
v 0.597012 0.047617 0.349925
v 0.605145 0.066754 0.425733
v 0.613838 0.086624 0.505380
v 0.666093 0.060312 0.305258
v 0.671383 0.085228 0.378190
v 0.687714 0.115123 0.464655
v 0.739961 0.070300 0.260535
v 0.763139 0.115527 0.338536
v 0.825951 0.080365 0.214612
v -0.995312 0.071883 -0.588090
v -0.944717 0.051689 -0.657900
v -0.838817 0.072856 -0.803948
v -0.794130 0.103325 -0.865435
v -1.214833 0.375452 -0.285340
v -1.157144 0.263805 -0.364898
v -0.941740 1.316813 -0.075237
v -0.873951 1.401285 -0.104833
v -0.963408 1.264846 -0.135334
v -0.823968 1.456915 -0.147389
v -0.882280 1.379920 -0.167693
v -1.002327 1.202276 -0.205862
v -0.792597 1.491096 -0.208972
v -0.842044 1.432895 -0.223901
v -0.898573 1.357611 -0.240438
v -0.956638 1.274634 -0.255406
v -1.022300 1.181670 -0.270860
v -0.769828 1.523312 -0.326920
v -0.844762 1.442931 -0.343655
v -0.951452 1.304687 -0.378542
v -1.111698 1.088727 -0.427688
v -0.788003 1.505643 -0.405655
v -0.846266 1.442289 -0.422984
v -0.916600 1.355869 -0.440836
v -1.069693 1.151530 -0.485635
v -0.736942 1.542441 -0.465492
v -0.800218 1.481131 -0.485373
v -0.858644 1.415540 -0.502453
v -0.924879 1.333694 -0.519893
v -1.024713 1.202369 -0.547683
v -0.740713 1.511552 -0.542931
v -0.803034 1.447894 -0.562259
v -0.876218 1.363389 -0.582064
v -0.979121 1.231655 -0.610568
v 0.705354 0.279465 -0.904304
v -0.669396 1.531348 -0.592475
v -0.734521 1.471172 -0.614512
v -0.813384 1.387038 -0.637125
v -0.934847 1.236267 -0.671583
v 0.922539 0.239073 -0.761073
v -0.656661 1.484796 -0.657313
v -0.719361 1.423499 -0.678091
v -0.794969 1.341653 -0.698745
v -0.894683 1.219570 -0.727037
v 1.117135 0.258730 -0.613221
v -0.573918 1.489537 -0.690215
v -0.637569 1.433001 -0.713903
v -0.697926 1.371889 -0.733533
v -0.773935 1.289204 -0.754179
v -1.140780 0.257195 0.025970
v -1.097442 0.215213 -0.054590
v -1.162150 0.300005 -0.092618
v -1.054086 0.170042 -0.058483
v -1.178426 0.329471 -0.163944
v -1.129228 0.260803 -0.147468
v -1.073379 0.194339 -0.130147
v -1.011791 0.131100 -0.112255
v -1.199784 0.358355 -0.238816
v -1.151973 0.287249 -0.223008
v -1.096740 0.218103 -0.205815
v -1.035709 0.151623 -0.187635
v -0.969388 0.089092 -0.168678
v -1.185167 0.315550 -0.326214
v -1.126724 0.240462 -0.286948
v -1.089033 0.187919 -0.307575
v -1.019568 0.118271 -0.272626
v -0.927918 0.042489 -0.228540
v -0.961176 0.052913 -0.314798
v -1.066183 0.137736 -0.429231
v -0.994170 0.066687 -0.407482
v -0.913925 0.000026 -0.383060
v -1.022584 0.086934 -0.504664
v -0.923455 0.000079 -0.475201
v -0.964661 0.042074 -0.578476
v -0.882722 0.000069 -0.642648
v -0.795969 0.033856 -0.788844
v -0.698972 0.024799 -0.831936
v 0.745055 0.000019 0.120709
v 0.826301 0.000026 0.066240
v 0.921401 0.016494 0.020410
v 1.050149 0.042950 -0.180705
v 1.021866 0.036805 -0.269935
v 0.961584 0.010697 -0.049944
v 1.004451 0.019523 -0.116898
v 1.094977 0.077350 -0.237116
v 1.139093 0.119187 -0.288325
v 1.247435 0.249815 -0.399028
v -1.100715 0.176172 -0.442719
v -1.044339 0.109896 -0.520452
v -0.888199 0.051413 -0.735831
v -0.644991 0.896860 -1.071405
v -0.584176 0.755773 -1.155272
v -0.565935 0.595632 -1.180407
v -0.573512 0.507703 -1.169784
v -0.592810 0.432063 -1.143327
v -0.623531 0.352857 -1.100932
v -0.660522 0.279797 -1.049900
v -0.703087 0.211210 -0.991181
v 0.287910 1.388563 -0.767401
v 0.223169 1.349848 -0.806367
v 0.104781 1.496967 -0.662627
v 0.163216 1.310490 -0.850096
v 0.091914 1.372748 -0.793780
v -0.248190 1.402521 -0.801659
v -0.396324 1.484859 -0.725684
v -0.077228 1.290150 -0.900898
v -0.320976 1.369698 -0.829078
v -0.407165 1.348074 -0.837590
v -0.469416 1.288026 -0.871173
v -0.140989 1.236928 -0.955248
v -0.308598 1.177348 -0.996252
v -0.540454 1.241180 -0.884174
v -0.616904 1.195934 -0.887168
v -0.010637 1.203331 -0.974165
v -0.208213 1.183010 -1.001881
v -0.690794 1.150155 -0.887207
v -0.057385 1.151619 -1.023390
v -0.379133 1.116625 -1.031344
v -0.775770 1.085766 -0.891030
v -0.047921 1.095620 -1.064665
v -0.154652 1.100464 -1.067495
v -0.262736 1.102917 -1.060763
v -0.447332 1.052923 -1.059120
v -0.536914 1.040948 -1.033390
v -0.636369 1.040087 -0.988165
v -0.005977 1.029698 -1.104418
v -0.112974 1.034108 -1.111874
v -0.222698 1.036898 -1.110238
v -0.331908 1.037622 -1.097613
v -0.693784 0.972281 -1.004113
v 0.059401 0.962032 -1.133517
v -0.069934 0.965541 -1.148894
v -0.180133 0.968029 -1.152742
v -0.291367 0.969207 -1.145641
v -0.399996 0.968871 -1.126455
v -0.502291 0.966964 -1.095276
v -0.596973 0.964016 -1.056662
v -0.026427 0.896190 -1.177058
v -0.135777 0.897699 -1.186036
v -0.247708 0.898638 -1.184998
v -0.358821 0.898864 -1.172021
v -0.464961 0.898253 -1.145643
v -0.563688 0.896978 -1.109179
v -0.484746 0.754136 -1.192020
v -0.567557 0.672435 -1.177916
v -0.374115 0.753518 -1.219183
v -0.434700 0.674578 -1.218976
v -0.493608 0.593007 -1.205402
v -0.258256 0.753802 -1.231897
v -0.316723 0.674319 -1.238946
v -0.375104 0.591408 -1.231883
v -0.431361 0.507743 -1.210078
v -0.483895 0.425875 -1.174844
v -0.531896 0.347662 -1.129080
v -0.575317 0.274049 -1.076298
v -0.614469 0.205357 -1.019494
v -0.649497 0.141844 -0.960490
v -0.141528 0.754907 -1.230858
v -0.195633 0.676027 -1.243162
v -0.251561 0.592813 -1.243027
v -0.307191 0.508049 -1.227644
v -0.360616 0.424615 -1.197316
v -0.410493 0.344822 -1.154448
v -0.456283 0.269952 -1.102727
v -0.498104 0.200321 -1.045898
v -0.536265 0.135824 -0.986696
v -0.570798 0.076589 -0.926463
v -0.027889 0.756592 -1.219564
v -0.076297 0.679216 -1.234917
v -0.127718 0.597081 -1.238873
v -0.180740 0.512448 -1.229535
v -0.233499 0.428304 -1.205279
v -0.284271 0.347395 -1.167163
v -0.331972 0.271439 -1.118451
v -0.376234 0.201005 -1.063119
v -0.436899 0.106382 -0.976740
v -0.496918 0.000071 -0.861564
v 0.085280 0.690159 -1.209421
v -0.008113 0.603135 -1.224517
v -0.056962 0.520066 -1.218416
v -0.107233 0.436651 -1.198912
v -0.157378 0.355504 -1.166293
v -0.205903 0.278975 -1.121981
v -0.251927 0.208005 -1.069650
v -0.312996 0.116569 -0.989502
v -0.386862 0.000205 -0.868012
v 0.139555 0.613564 -1.197338
v 0.060661 0.529297 -1.200054
v 0.013858 0.447778 -1.183284
v -0.034221 0.367973 -1.154082
v -0.082232 0.291774 -1.114307
v -0.128974 0.220790 -1.065848
v -0.173705 0.155291 -1.012088
v -0.239193 0.063830 -0.926576
v 0.211509 0.542279 -1.170161
v 0.167195 0.464779 -1.156268
v 0.101902 0.385633 -1.133946
v 0.048456 0.310476 -1.098205
v -0.010804 0.237714 -1.054077
v -0.056161 0.172712 -1.003542
v -0.117556 0.089822 -0.929299
v -0.184540 0.000022 -0.837619
v 0.102820 0.070068 -0.824191
v 0.161503 0.113228 -0.858445
v 0.184618 0.161283 -0.911292
v 0.234523 0.073095 -0.777591
v 0.318586 0.066277 -0.741930
v 0.315050 0.128711 -0.829834
v 0.318737 0.234080 -0.955743
v 0.354116 0.186191 -0.893382
v 0.570034 0.090306 -0.716294
v 0.567311 0.000032 -0.579245
v 0.327335 0.357008 -1.059726
v 0.622170 0.154047 -0.790199
v 0.684451 0.100163 -0.695789
v 0.378240 0.427705 -1.089415
v 0.443678 0.309485 -0.997116
v 0.618048 0.267108 -0.919259
v 0.582125 0.207305 -0.865052
v 0.763995 0.081609 -0.632705
v 0.813824 0.049712 -0.551511
v 0.572610 0.328778 -0.983217
v 0.710258 0.224606 -0.847396
v 0.773774 0.179642 -0.769051
v 0.830558 0.140252 -0.686599
v 0.880232 0.106581 -0.602383
v 0.922749 0.078538 -0.518389
v 0.957976 0.056133 -0.436062
v 0.895063 0.205630 -0.738826
v 0.945163 0.169559 -0.652560
v 0.987123 0.139266 -0.565889
v 1.021639 0.114267 -0.480882
v 1.049037 0.094340 -0.398807
v 1.048411 0.205705 -0.612064
v 1.082534 0.177838 -0.524989
v 1.109674 0.154642 -0.440825
v 1.130276 0.135894 -0.360470
v 1.138979 0.246486 -0.567384
v 1.166377 0.219872 -0.481840
v 1.209054 0.198625 -0.362523
v -0.594691 0.000028 -0.840554
v -0.025403 0.000008 0.468772
v -0.507176 0.000018 0.396582
v 0.106203 0.000013 0.508171
v -0.846643 0.000005 -0.127848
v -0.833681 0.000000 -0.027513
v -0.685783 0.000019 0.321096
v 0.322662 0.000131 0.494687
v -0.866611 0.000013 -0.206991
v -0.889722 0.000019 -0.283149
v -0.912831 0.000019 -0.561031
v -0.751372 0.000019 -0.771011
v -0.688298 0.000031 -0.805937
v -0.822807 0.000002 -0.715923
v 0.417260 0.000001 0.359941
v 0.459129 0.000005 0.304598
v 0.513753 0.000014 0.257126
v 0.582726 0.000019 0.212723
v 0.943613 0.000019 -0.057053
v 0.971346 0.000089 -0.129600
v 0.661759 0.000019 0.168365
v 0.894821 0.000022 0.007604
v 0.971518 0.000016 -0.214952
v 0.939865 0.000015 -0.308378
v -0.287472 0.000016 -0.858903
v 0.748803 0.000019 -0.502507
v -0.068227 0.000015 -0.799723
v 0.196432 0.000027 -0.685056
v 0.350987 0.000009 -0.635685
v 0.676307 0.000071 -0.540265
v 0.832315 0.000149 -0.443409
v -0.267735 2.544019 -0.802512
v 0.254244 1.548279 -0.960652
v -0.268104 1.595172 0.551427
v 0.645709 2.169288 0.312515
v -0.356794 1.469778 -0.471828
v -0.366895 1.499646 -0.507031
v -0.387463 1.578583 -0.575382
v 0.226060 2.555206 -0.968170
v 0.637749 2.612468 -0.359927
v -0.189207 2.541235 -0.899921
v -0.368830 2.552618 -0.598979
v 0.167079 1.495567 -0.910605
v 0.067244 1.439504 -0.849599
v 0.004459 1.410018 -0.809398
v -0.043540 1.391689 -0.774631
v 0.541244 2.626909 -0.068706
v -0.339782 1.442641 -0.443460
v 0.316155 2.417990 -1.038934
v 0.332809 2.315348 -1.090471
v 0.341144 2.228364 -1.124276
v 0.346293 2.161995 -1.143875
v 0.349452 2.091000 -1.158194
v 0.349961 2.016943 -1.165250
v 0.347354 1.942076 -1.163548
v 0.341503 1.869002 -1.152535
v 0.332679 1.800171 -1.132789
v 0.321476 1.737418 -1.105849
v 0.308652 1.681735 -1.073789
v 0.294970 1.633297 -1.038752
v 0.281075 1.591681 -1.002593
v 0.505016 2.627802 -0.029628
v -0.006814 2.428504 -1.021862
v 0.056991 2.455148 -1.019487
v 0.145582 2.445449 -1.031788
v 0.209302 2.443310 -1.035056
v 0.253900 2.472403 -1.016341
v -0.275201 1.637463 0.575127
v -0.405873 1.490523 -0.403788
v -0.458817 1.533411 -0.386661
v -0.228298 2.541941 -0.862042
v -0.508871 2.560597 -0.378333
v 0.225682 2.557977 0.329021
v -0.331203 2.518746 -0.695911
v 0.624527 2.602639 -0.503975
v 0.636978 2.606240 -0.456443
v 0.294855 2.486686 -0.999627
v -0.118990 1.760265 -1.060394
v 0.756477 1.788664 -0.768927
v 0.691454 1.744980 -0.818760
v 0.640697 1.709922 -0.849436
v 0.557015 1.660742 -0.899023
v 0.480658 1.618948 -0.925789
v 0.425597 1.596335 -0.943013
v 0.370986 1.578530 -0.955281
v 0.317945 1.565335 -0.962930
v 0.341140 2.483751 -0.986704
v 0.386022 2.469487 -0.976589
v -0.663253 1.681717 -0.083186
v -0.568392 1.575956 -0.251010
v -0.628293 1.623652 -0.144629
v 0.843010 1.821450 -0.428390
v 0.764350 2.294363 -0.308709
v 0.814200 2.101798 -0.293158
v 0.791633 2.198214 -0.292280
v 0.323825 1.526556 -0.904301
v 0.413707 1.481526 -0.628800
v 0.384926 1.454933 -0.593128
v 0.374183 1.429747 -0.548579
v 0.433397 1.438659 -0.504138
v 0.416419 1.368144 -0.392822
v -0.328635 1.617123 0.535981
v -0.548134 1.760432 0.380767
v 0.083481 1.782617 0.640365
v -0.214365 1.641196 0.595997
v -0.347258 1.436530 -0.386196
v -0.361027 1.438269 -0.336827
v -0.365425 1.427243 -0.236875
v -0.571733 1.831131 0.373844
v -0.318206 1.515090 0.453677
v -0.294137 1.553634 0.506788
v 0.335221 2.188118 0.543527
v 0.318831 2.105633 0.576165
v 0.252973 1.967268 0.616658
v 0.357991 2.565571 -0.897655
v 0.785186 1.734088 -0.369673
v 0.714058 1.637574 -0.312445
v 0.648959 1.548826 -0.266975
v -0.168002 1.491826 0.495615
v -0.222389 1.550418 0.534199
v 0.652955 2.581581 -0.465747
v 0.594129 2.419858 -0.816292
v 0.599836 2.454050 -0.766509
v 0.669620 2.562148 -0.422205
v 0.607547 2.495635 -0.703201
v 0.620096 2.544986 -0.615712
v 0.629540 2.567246 -0.562598
v 0.685786 2.529610 -0.391480
v -0.230522 2.522224 -0.876493
v -0.258674 2.535700 -0.826296
v 0.673462 2.097124 0.311000
v 0.686045 2.038303 0.309461
v 0.694346 1.975569 0.302082
v 0.697311 1.910277 0.288042
v 0.694281 1.844149 0.267062
v 0.685207 1.778998 0.239568
v 0.670726 1.716368 0.206685
v 0.644916 1.635291 0.154522
v 0.595811 1.525554 0.072516
v 0.559698 1.458097 0.013573
v 0.519316 1.399049 -0.036634
v -0.172535 2.430671 -0.978453
v 0.809173 2.082932 -0.275768
v 0.792318 2.088911 -0.226567
v 0.783359 2.096569 -0.161869
v 0.786488 2.111492 -0.008076
v 0.781718 2.119357 0.064368
v 0.769953 2.126182 0.124544
v 0.750184 2.132951 0.179871
v 0.723499 2.139453 0.228891
v 0.691953 2.145547 0.271326
v 0.618842 2.141899 0.349644
v 0.630129 2.078728 0.358615
v 0.588936 2.044649 0.399149
v 0.538042 2.009224 0.441366
v 0.466552 1.984794 0.492047
v 0.411099 1.944258 0.525439
v 0.350203 1.902134 0.555896
v 0.284381 1.859094 0.582344
v 0.214460 1.815987 0.603649
v 0.141596 1.773790 0.618772
v 0.067237 1.733559 0.626849
v -0.006959 1.696370 0.627231
v -0.082683 1.678748 0.627238
v -0.151550 1.653580 0.613462
v -0.211123 1.612320 0.580784
v 0.478634 2.321514 0.362655
v 0.369492 2.405514 0.378701
v 0.272214 2.477581 0.384086
v 0.640469 2.579584 -0.512619
v 0.821477 1.752109 -0.565593
v 0.660738 2.199909 0.279317
v 0.645637 2.266987 0.249894
v 0.653574 2.318408 0.190767
v 0.632835 2.405031 0.109484
v 0.585463 2.540366 -0.029200
v 0.566698 2.625655 -0.105669
v 0.694190 2.195320 0.240326
v 0.724175 2.189915 0.195039
v 0.692047 2.245402 0.204524
v 0.748330 2.183631 0.143098
v 0.719784 2.240362 0.156497
v 0.685477 2.294733 0.164581
v 0.764809 2.176548 0.085271
v 0.740843 2.233871 0.102048
v 0.710461 2.289644 0.114171
v 0.671336 2.359163 0.104094
v 0.774790 2.166508 0.006129
v 0.753828 2.226023 0.042512
v 0.723991 2.297438 0.042075
v 0.693565 2.349207 0.055195
v 0.754677 2.230910 -0.027357
v 0.735414 2.280745 -0.009422
v 0.617034 2.504295 -0.040819
v 0.772837 2.147923 -0.149972
v 0.757810 2.204165 -0.139869
v 0.668205 2.431580 -0.091625
v 0.644382 2.471617 -0.069514
v 0.732609 2.281128 -0.112349
v 0.700282 2.361429 -0.091082
v 0.779002 2.139737 -0.210489
v 0.757527 2.208494 -0.189000
v 0.713727 2.330104 -0.155182
v 0.682400 2.412038 -0.142521
v 0.588938 2.623701 -0.151276
v 0.794584 2.133620 -0.260523
v 0.767909 2.207064 -0.238873
v 0.724162 2.322352 -0.216234
v 0.633797 2.572116 -0.222328
v 0.606252 2.621232 -0.201182
v 0.751847 2.282306 -0.266178
v 0.726269 2.344529 -0.258870
v 0.668198 2.482819 -0.219983
v 0.687574 2.470685 -0.290051
v 0.668290 2.510437 -0.274126
v -0.285383 2.534360 -0.778380
v 0.732352 2.397655 -0.336046
v 0.648859 2.575943 -0.312617
v -0.370835 2.517475 -0.624864
v -0.423893 2.554576 -0.530514
v 0.706970 2.473758 -0.362680
v 0.627149 2.615965 -0.298239
v 0.614247 2.228204 0.310293
v 0.564421 2.269235 0.328327
v 0.600650 2.356174 0.216010
v 0.566537 2.319799 0.285698
v 0.606377 2.385140 0.175084
v 0.510933 2.361118 0.298652
v 0.591833 2.445452 0.113766
v 0.557676 2.440350 0.162919
v 0.502209 2.410447 0.254620
v 0.423339 2.412724 0.324308
v 0.480673 2.470305 0.202673
v 0.414389 2.460635 0.277385
v 0.514592 2.583245 0.013453
v 0.483977 2.578681 0.051786
v 0.301653 2.499064 0.335167
v 0.548877 2.581013 -0.026065
v 0.446196 2.562615 0.109985
v 0.359724 2.545081 0.218425
v 0.244525 2.577126 0.288503
v 0.407528 2.628971 0.055568
v 0.327701 2.630018 0.126763
v 0.225206 2.632087 0.229540
v 0.807845 1.749522 -0.616996
v 0.533033 2.219122 0.387181
v 0.559003 2.130631 0.403822
v 0.515518 2.170915 0.423728
v 0.518466 2.097811 0.444607
v 0.438030 2.301655 0.411366
v 0.467663 2.213263 0.441454
v 0.472127 2.139067 0.467876
v 0.471782 2.062003 0.485003
v 0.415813 2.257340 0.456853
v 0.421164 2.182827 0.489126
v 0.422274 2.103905 0.512081
v 0.418829 2.023388 0.524218
v 0.310808 2.391128 0.439055
v 0.330419 2.318072 0.480647
v 0.338479 2.243390 0.518734
v 0.367639 2.148758 0.536819
v 0.365591 2.065555 0.554911
v 0.359601 1.982332 0.561026
v 0.714424 1.845340 -0.870789
v 0.688173 1.892765 -0.926906
v 0.288288 2.027606 0.601387
v 0.294386 1.939458 0.593852
v 0.665223 1.939574 -0.969817
v 0.643975 1.995229 -0.999016
v 0.587824 2.268777 -0.967949
v 0.586886 2.347938 -0.903929
v 0.206060 1.901729 0.629949
v 0.606200 2.134329 -1.016677
v 0.593826 2.209225 -0.997388
v 0.653800 2.002454 0.345349
v 0.614442 1.964153 0.379436
v 0.658919 1.936098 0.336051
v 0.543885 1.938657 0.432926
v 0.615753 1.894744 0.367254
v 0.658515 1.867811 0.319366
v 0.491668 1.896913 0.463176
v 0.565484 1.852067 0.395306
v 0.611612 1.824255 0.347141
v 0.652234 1.799491 0.295300
v 0.405137 1.869581 0.513698
v 0.482558 1.823781 0.446609
v 0.557562 1.780290 0.371070
v 0.602041 1.754637 0.319523
v 0.640377 1.732948 0.264661
v 0.340790 1.825770 0.539402
v 0.395438 1.794112 0.492397
v 0.469268 1.751299 0.421508
v 0.544958 1.710295 0.339587
v 0.587685 1.687534 0.285645
v 0.623873 1.669533 0.228931
v 0.272201 1.781715 0.561170
v 0.349003 1.735419 0.493377
v 0.456640 1.680631 0.385913
v 0.523444 1.616725 0.284830
v 0.563007 1.599005 0.230051
v 0.604028 1.609930 0.189915
v 0.200254 1.738269 0.578114
v 0.257783 1.705608 0.530677
v 0.333207 1.663240 0.458076
v 0.446895 1.613927 0.341325
v 0.571781 1.529321 0.130315
v 0.126084 1.696452 0.589256
v 0.184636 1.662676 0.543722
v 0.241657 1.632495 0.492370
v 0.317213 1.594892 0.416061
v 0.437437 1.550439 0.291269
v 0.477856 1.489350 0.194827
v 0.514885 1.479506 0.141808
v 0.051113 1.657420 0.593624
v 0.109950 1.622035 0.551353
v 0.168094 1.590818 0.502023
v 0.239828 1.553250 0.430204
v 0.347002 1.509661 0.317078
v 0.424902 1.480283 0.229051
v 0.535629 1.454498 0.067281
v -0.022986 1.622378 0.590413
v 0.035120 1.585028 0.552389
v 0.093616 1.552147 0.506471
v 0.171057 1.513302 0.434578
v 0.286995 1.468933 0.316407
v 0.507185 1.405850 0.023054
v -0.094391 1.592420 0.579205
v -0.038136 1.553016 0.545894
v 0.019647 1.518062 0.504356
v 0.077474 1.488179 0.456023
v -0.593062 1.780181 0.294841
v -0.161341 1.568330 0.560180
v -0.107951 1.527104 0.531519
v -0.052328 1.484572 0.489513
v -0.626365 1.722066 0.134839
v 0.708318 2.089807 0.271464
v 0.720891 2.029380 0.266436
v 0.739631 2.082373 0.225234
v 0.728316 1.965347 0.255198
v 0.751148 2.020893 0.216076
v 0.764963 2.075080 0.171906
v 0.729499 1.899308 0.237121
v 0.756626 1.956329 0.200567
v 0.774328 2.013303 0.158363
v 0.782374 2.068218 0.112241
v 0.723909 1.833180 0.212233
v 0.755063 1.890490 0.178383
v 0.776933 1.949133 0.138696
v 0.788824 2.006987 0.094656
v 0.791299 2.062020 0.048303
v 0.711797 1.768830 0.181329
v 0.746214 1.825382 0.149942
v 0.772039 1.884480 0.112968
v 0.788204 1.944090 0.071606
v 0.794816 2.002063 0.027631
v 0.793122 2.056419 -0.017585
v 0.694210 1.707675 0.145870
v 0.730767 1.762776 0.116414
v 0.759830 1.821277 0.081980
v 0.781739 1.881749 0.025651
v 0.791524 1.941022 0.002492
v 0.793377 1.995478 -0.077054
v 0.664830 1.630346 0.092740
v 0.702651 1.683822 0.065746
v 0.734077 1.739777 0.034643
v 0.758537 1.797213 0.000958
v 0.788484 1.936991 -0.127903
v 0.789928 2.047018 -0.140449
v 0.764446 1.820990 -0.122626
v 0.779340 1.880381 -0.146497
v 0.792526 1.991620 -0.163553
v 0.793206 2.042153 -0.196153
v 0.610646 1.521580 0.008692
v 0.649031 1.573911 -0.015641
v 0.683678 1.630708 -0.041918
v 0.719583 1.703119 -0.091035
v 0.746068 1.767627 -0.149536
v 0.791035 1.935023 -0.188601
v 0.798817 1.987283 -0.219275
v 0.804715 2.036592 -0.248348
v 0.696995 1.655993 -0.157578
v 0.767511 1.823979 -0.185484
v 0.785609 1.878063 -0.215175
v 0.801299 1.930610 -0.244064
v 0.813373 1.981571 -0.272146
v 0.826760 2.030804 -0.308238
v 0.562006 1.442845 -0.057877
v 0.598176 1.488413 -0.081249
v 0.638759 1.548433 -0.155449
v 0.676545 1.614982 -0.178948
v 0.726565 1.716216 -0.186471
v 0.752472 1.769031 -0.214776
v 0.777547 1.821108 -0.242665
v 0.802133 1.867856 -0.280858
v 0.818500 1.924478 -0.297628
v 0.834935 1.975028 -0.326515
v 0.619356 1.515847 -0.177925
v 0.707240 1.664560 -0.216889
v 0.737401 1.705465 -0.259628
v 0.769733 1.755163 -0.291695
v 0.802763 1.807220 -0.328470
v 0.840937 1.918043 -0.353522
v -0.486748 1.568586 -0.397184
v 0.555471 1.426699 -0.161133
v 0.597971 1.480519 -0.224136
v 0.654999 1.567323 -0.220732
v 0.702141 1.638024 -0.256795
v 0.843736 1.864505 -0.389107
v -0.431808 1.578910 -0.495788
v -0.106147 2.184793 -1.092325
v -0.231355 1.553730 -0.854568
v -0.153121 1.666820 -0.997229
v -0.218246 1.565887 -0.878437
v -0.131981 1.719875 -1.036274
v 0.527144 2.421146 -0.900549
v 0.640879 2.609598 -0.406603
v 0.493553 2.471682 -0.879083
v 0.551195 2.492563 -0.774906
v 0.581317 2.543048 -0.666957
v 0.583107 2.595454 -0.586763
v 0.605190 2.598911 -0.548631
v 0.450187 2.479687 -0.917317
v 0.460563 2.518374 -0.854769
v 0.517631 2.534814 -0.753342
v 0.539123 2.589791 -0.645131
v 0.403961 2.498632 -0.936904
v 0.478872 2.582048 -0.724286
v 0.384541 2.568547 -0.869368
v 0.413429 2.572368 -0.829976
v 0.157275 1.848207 0.636998
v -0.004444 1.720130 0.637004
v -0.545673 1.790127 0.402790
v -0.500622 1.735911 0.444943
v -0.448280 1.692677 0.484717
v -0.391373 1.661746 0.520416
v -0.334061 1.644870 0.549748
v -0.454095 2.538094 0.085501
v -0.242192 1.493645 0.475147
v 0.174141 2.632725 0.274737
v 0.320972 2.562017 -0.927386
v -0.441499 2.585370 -0.038942
v -0.410039 2.594116 0.075573
v -0.471243 2.579006 -0.117458
v -0.313533 1.411084 -0.366659
v 0.562953 1.437353 -0.253343
v 0.528891 1.425233 -0.348591
v 0.578953 1.464646 -0.323902
v 0.618732 1.506264 -0.296204
v 0.527418 1.450596 -0.415142
v 0.511181 1.464758 -0.468808
v 0.609871 1.512611 -0.405979
v 0.651543 1.548065 -0.373661
v 0.686267 1.590402 -0.342241
v 0.600756 1.521633 -0.463440
v 0.553790 1.508831 -0.513000
v 0.695821 1.600503 -0.466185
v 0.735211 1.641297 -0.433565
v 0.764800 1.686549 -0.401063
v 0.547724 1.530036 -0.575396
v 0.611910 1.554093 -0.539924
v 0.665974 1.583023 -0.510125
v 0.495565 1.533585 -0.680306
v 0.543535 1.556894 -0.673392
v 0.601068 1.580104 -0.646855
v 0.665381 1.607715 -0.609646
v 0.711768 1.625972 -0.541978
v 0.756601 1.664831 -0.508607
v 0.791152 1.708854 -0.474030
v 0.839524 1.789182 -0.468532
v 0.386890 1.495512 -0.755706
v 0.705672 1.636673 -0.606655
v 0.756322 1.672612 -0.574157
v 0.797863 1.713909 -0.539202
v 0.833710 1.768097 -0.507509
v 0.435230 1.531271 -0.793444
v 0.560804 1.584982 -0.731332
v 0.636525 1.621744 -0.698499
v 0.693019 1.661745 -0.692914
v 0.747557 1.686068 -0.638976
v 0.794659 1.724805 -0.604800
v 0.375525 1.540318 -0.891502
v 0.403466 1.536293 -0.853085
v 0.479375 1.569478 -0.830332
v 0.600955 1.626680 -0.768252
v 0.732232 1.703723 -0.701584
v 0.792966 1.754038 -0.666436
v 0.442728 1.575007 -0.890689
v 0.520484 1.612498 -0.865796
v 0.606032 1.657141 -0.820001
v 0.659915 1.689537 -0.791654
v 0.712868 1.723807 -0.761489
v 0.774930 1.768677 -0.719328
v 0.276412 2.558491 -0.951428
v -0.464796 2.554842 -0.026202
v -0.355097 1.576931 0.485974
v -0.414815 1.606752 0.455660
v -0.378551 1.540380 0.427164
v -0.471137 1.642817 0.415807
v -0.436607 1.572633 0.391409
v -0.397879 1.509073 0.360216
v -0.522251 1.684103 0.367505
v -0.490467 1.611131 0.347143
v -0.453493 1.543797 0.320011
v -0.411670 1.483516 0.286570
v -0.567197 1.728940 0.312927
v -0.538940 1.654349 0.296217
v -0.504683 1.584210 0.273020
v -0.465234 1.520799 0.243796
v -0.581909 1.700263 0.241238
v -0.551065 1.628356 0.221553
v -0.514223 1.561988 0.196140
v -0.472308 1.503360 0.165585
v -0.593210 1.674145 0.168084
v -0.559581 1.605680 0.146022
v -0.520039 1.543816 0.119083
v -0.602009 1.650205 0.095198
v -0.588402 1.607646 0.046115
v -0.547748 1.549594 0.018965
v -0.643958 1.697038 0.040648
v -0.551592 1.539750 -0.061685
v -0.502350 1.495537 -0.087035
v -0.656512 1.683566 -0.034360
v -0.611144 1.610178 -0.047561
v -0.473534 1.478022 -0.151999
v -0.653185 1.659837 -0.100651
v -0.608301 1.596826 -0.117237
v -0.562336 1.547973 -0.141598
v -0.512715 1.508067 -0.166715
v -0.414109 1.449529 -0.214714
v -0.603154 1.596809 -0.189015
v -0.551008 1.546341 -0.207262
v -0.483294 1.495363 -0.235339
v -0.382916 1.442058 -0.284992
v -0.517808 1.533183 -0.274100
v -0.418727 1.471589 -0.318558
v -0.531686 1.565681 -0.316542
v -0.445883 1.505445 -0.355232
v -0.393576 1.468374 -0.368395
v 0.287009 1.394860 -0.580807
v 0.274732 1.422608 -0.681401
v 0.211114 1.396317 -0.697366
v 0.347667 1.486886 -0.793709
v 0.148278 1.379481 -0.719266
v 0.282600 1.465778 -0.812160
v 0.078407 1.372445 -0.741916
v 0.138842 1.404961 -0.781509
v 0.240115 1.467085 -0.845870
v 0.016409 1.377553 -0.760962
v 0.079426 1.406535 -0.802839
v 0.178083 1.463244 -0.864919
v 0.268861 1.519623 -0.919288
v 0.736104 1.814863 -0.820095
v 0.667746 1.767708 -0.876033
v 0.616452 1.730552 -0.908634
v 0.640089 1.793334 -0.935190
v 0.657418 1.864003 -0.955579
v 0.562674 1.695885 -0.937904
v 0.587293 1.754883 -0.968766
v 0.607042 1.822589 -0.994075
v 0.620131 1.897374 -1.011659
v 0.625444 1.976484 -1.020116
v 0.624189 2.056900 -1.017751
v 0.551593 2.354876 -0.940434
v 0.506601 1.664974 -0.962424
v 0.530830 1.719952 -0.996815
v 0.551592 1.783985 -1.026536
v 0.567122 1.856065 -1.049120
v 0.576040 1.933972 -1.062626
v 0.577744 2.014559 -1.066174
v 0.572583 2.094389 -1.060193
v 0.561707 2.170464 -1.046235
v 0.546676 2.240703 -1.026434
v 0.529051 2.304039 -1.002935
v 0.502334 2.383005 -0.965948
v 0.449017 1.638907 -0.981103
v 0.471608 1.689927 -1.017840
v 0.491953 1.749880 -1.050919
v 0.508487 1.818320 -1.077795
v 0.519798 1.893641 -1.096167
v 0.524984 1.973164 -1.104572
v 0.523918 2.053596 -1.102804
v 0.517263 2.131733 -1.091943
v 0.506228 2.205062 -1.073956
v 0.492201 2.272053 -1.051103
v 0.476437 2.332089 -1.025427
v 0.453384 2.406464 -0.986602
v 0.391260 1.618200 -0.993609
v 0.411296 1.665591 -1.031328
v 0.430037 1.721409 -1.066386
v 0.446220 1.785645 -1.096349
v 0.458574 1.857281 -1.118789
v 0.466108 1.934221 -1.131830
v 0.468374 2.013556 -1.134668
v 0.465599 2.092133 -1.127801
v 0.458582 2.167201 -1.112823
v 0.448432 2.236842 -1.091908
v 0.436269 2.300056 -1.067234
v 0.417837 2.379852 -1.028485
v 0.334845 1.602690 -1.000422
v 0.351848 1.646937 -1.037852
v 0.368219 1.698859 -1.073485
v 0.383020 1.758734 -1.105141
v 0.395225 1.826031 -1.130462
v 0.403910 1.899243 -1.147378
v 0.408485 1.975981 -1.154625
v 0.408858 2.053373 -1.152119
v 0.405448 2.128646 -1.140949
v 0.399037 2.199633 -1.123018
v 0.387712 2.291853 -1.089851
v 0.366049 2.400243 -1.036582
v 0.169389 2.552066 -0.978078
v 0.099375 2.548767 -0.981258
v 0.018358 2.545470 -0.976783
v -0.068104 2.425771 -1.012674
v -0.043250 2.543433 -0.966068
v -0.141353 2.338101 -1.032398
v -0.114786 2.444216 -0.992784
v -0.090160 2.542094 -0.953317
v -0.141301 2.541322 -0.931326
v -0.201588 2.487396 -0.927580
v -0.328227 2.550152 -0.665195
v -0.414005 1.517262 -0.441929
v -0.399044 1.536797 -0.499197
v 0.272389 2.398064 -1.055944
v 0.283971 2.288172 -1.106269
v 0.211088 2.354706 -1.076477
v 0.231345 2.259637 -1.115817
v 0.161724 2.322025 -1.085182
v 0.287380 2.199398 -1.137016
v 0.157636 2.258386 -1.108060
v 0.289877 2.130400 -1.154511
v 0.229706 2.168625 -1.143237
v 0.158584 2.188264 -1.130063
v -0.082696 2.291459 -1.062215
v 0.290520 2.057368 -1.165850
v 0.229733 2.097732 -1.158042
v 0.151198 2.120278 -1.145033
v 0.025085 2.191227 -1.108689
v -0.021936 2.221173 -1.093721
v 0.288831 1.982211 -1.169073
v 0.228204 2.023591 -1.165864
v 0.145205 2.048144 -1.154526
v 0.019001 2.124420 -1.123618
v -0.118424 2.246839 -1.071604
v 0.284565 1.907442 -1.162996
v 0.224853 1.948417 -1.164934
v 0.140814 1.974316 -1.156391
v 0.013714 2.054551 -1.133164
v -0.098448 2.135945 -1.105100
v 0.277811 1.835696 -1.147608
v 0.219650 1.874849 -1.154557
v 0.160085 1.916181 -1.154452
v 0.042811 1.999910 -1.140466
v -0.092072 2.078846 -1.115286
v 0.268969 1.769182 -1.124072
v 0.212823 1.805367 -1.135343
v 0.133854 1.831444 -1.133830
v 0.096124 1.885696 -1.139806
v 0.038178 1.927182 -1.136101
v -0.018542 1.968370 -1.130327
v -0.088312 2.010001 -1.120605
v 0.258634 1.709305 -1.094355
v 0.184129 1.731140 -1.102391
v 0.129747 1.766855 -1.110866
v 0.002957 1.843396 -1.114348
v -0.022864 1.897274 -1.121737
v -0.089506 1.939021 -1.116969
v 0.247447 1.656585 -1.060695
v 0.175978 1.676777 -1.071299
v -0.000119 1.779440 -1.092494
v -0.095974 1.871114 -1.103948
v 0.215192 1.604786 -1.021037
v 0.167676 1.628857 -1.037963
v 0.056739 1.687017 -1.058852
v -0.006309 1.720694 -1.064776
v -0.106657 1.809923 -1.083482
v -0.356692 1.525671 -0.571664
v -0.271057 1.425657 -0.597431
v -0.308218 1.478019 -0.610130
v -0.350410 1.561800 -0.641424
v -0.275020 1.468627 -0.664213
v -0.231163 1.419768 -0.661904
v -0.324131 1.548825 -0.688261
v -0.190742 1.409351 -0.701151
v -0.295331 1.538211 -0.739662
v -0.150348 1.436570 -0.781967
v -0.263931 1.538022 -0.795904
v -0.209822 1.486170 -0.793013
v -0.099908 1.415118 -0.785235
v -0.167462 1.513134 -0.860944
v -0.108254 1.457111 -0.833019
v -0.051375 1.429745 -0.823234
v -0.117516 1.525604 -0.898750
v -0.058537 1.474216 -0.869821
v 0.013498 1.456259 -0.866586
v -0.187204 1.604138 -0.934783
v -0.049104 1.531339 -0.926064
v 0.007302 1.502706 -0.912285
v -0.106352 1.591153 -0.958299
v 0.114945 1.509265 -0.928442
v -0.049866 1.610765 -0.988159
v 0.057714 1.580790 -0.987087
v 0.114083 1.557080 -0.974397
v -0.058873 1.671282 -1.026271
v 0.053961 1.634282 -1.025478
v 0.210247 1.562950 -0.982139
v -0.178639 1.374005 -0.655157
v -0.130192 1.489509 0.496279
v 0.404503 1.428157 0.185548
v 0.484077 1.412992 0.080541
v 0.448937 1.420556 0.135357
v 0.157237 1.462866 0.390997
v 0.331751 1.438986 0.251905
v 0.039573 1.476222 0.457906
v -0.296077 1.493202 0.443055
v -0.329143 1.417225 -0.314946
v 0.520825 1.387488 -0.148268
v 0.512679 1.381542 -0.212739
v 0.499565 1.376648 -0.265541
v 0.450957 1.370236 -0.354082
v 0.478021 1.372872 -0.313600
v -0.381896 1.487975 0.346045
v -0.345707 1.491375 0.398757
v -0.433972 1.476121 0.202624
v -0.445271 1.468458 0.121042
v -0.446477 1.460814 0.046196
v -0.439175 1.452531 -0.030004
v -0.423822 1.444550 -0.099469
v 0.305259 1.364148 -0.491457
v 0.262073 1.362039 -0.535228
v 0.205783 1.358329 -0.601517
v 0.152841 1.355436 -0.658106
v 0.098095 1.354376 -0.697652
v 0.033422 1.355469 -0.721710
v -0.288104 1.399944 -0.461045
v -0.250674 1.388514 -0.554050
v -0.135519 1.368075 -0.690124
v -0.090095 1.363277 -0.712522
v -0.032669 1.358711 -0.725787
v -0.216233 1.380706 -0.610070
v 0.119259 2.533225 -0.921124
v 0.060185 2.630351 -0.001136
v 0.523450 2.471346 -0.374303
v 0.542173 2.491976 -0.363445
v 0.557468 2.516632 -0.344430
v 0.594953 2.564584 -0.333731
v 0.607729 2.620156 -0.276989
v 0.630383 2.690086 -0.253898
v 0.334753 2.502557 -0.194905
v 0.375234 2.448792 -0.277090
v 0.332183 2.926700 -0.013496
v 0.330542 2.873840 0.012845
v 0.326508 2.813062 0.031464
v 0.321182 2.765448 0.035770
v 0.311434 2.700944 0.026177
v 0.290799 2.611395 -0.025802
v 0.629652 2.763858 -0.239190
v 0.615650 2.778467 -0.223668
v 0.597000 2.823760 -0.214907
v 0.529957 2.835543 -0.160331
v 0.500032 2.848558 -0.133742
v 0.472569 2.921176 -0.135371
v 0.401677 2.933442 -0.066410
v 0.383382 2.954914 -0.064134
v 0.345200 2.963020 -0.043633
v 0.776183 2.744584 -0.793702
v 0.786093 2.741719 -0.751959
v 0.787517 2.722189 -0.699219
v 0.777402 2.737429 -0.611931
v 0.757821 2.738266 -0.551142
v 0.707546 2.738690 -0.438795
v 0.678775 2.725971 -0.343162
v 0.611245 2.497788 -0.632527
v 0.681216 2.547406 -0.701942
v 0.706764 2.575549 -0.731983
v 0.727831 2.607277 -0.759253
v 0.743789 2.641519 -0.782903
v 0.755445 2.690724 -0.813752
v 0.682023 3.035898 -0.764068
v 0.635424 2.933805 -0.329985
v 0.639314 2.748260 -0.253634
v 0.763746 2.922018 -0.726682
v 0.747843 2.962727 -0.692144
v 0.123312 2.684463 -1.057166
v 0.150168 2.647805 -1.055434
v 0.189493 2.606404 -1.049706
v 0.232190 2.572942 -1.040899
v 0.277635 2.548065 -1.029091
v 0.409813 3.040490 -0.167821
v 0.373623 3.014117 -0.110273
v 0.312107 3.275708 -0.498943
v 0.164339 2.610700 -0.021213
v 0.228518 2.596361 -0.035238
v 0.299772 2.972060 -0.030344
v 0.200010 2.990999 -0.018292
v 0.164947 2.982017 -0.005410
v 0.039966 2.836057 -1.020766
v 0.073475 2.756853 -1.044097
v 0.246490 2.571410 -0.066503
v 0.255141 2.541250 -0.117680
v 0.182156 2.526801 -0.141857
v 0.229020 2.518546 -0.982059
v 0.275221 2.523305 -1.001588
v 0.142198 2.498637 -0.888630
v -0.045989 3.150495 -0.279699
v 0.320134 3.216908 -0.850619
v 0.421683 3.223157 -0.762721
v 0.428427 3.231392 -0.678094
v 0.516649 3.163747 -0.798603
v 0.616940 3.095495 -0.775559
v -0.291985 2.885340 -0.450672
v -0.245346 2.998806 -0.438669
v 0.055205 3.238100 -0.357074
v 0.126423 3.190961 -0.231858
v 0.142061 3.167077 -0.194369
v 0.243346 3.089508 -0.128857
v 0.256196 3.063933 -0.101861
v 0.363240 3.213768 -0.846079
v 0.439336 3.199463 -0.820168
v 0.720253 2.988767 -0.760056
v 0.235502 3.266135 -0.390303
v 0.188686 3.264586 -0.368574
v 0.087721 3.254570 -0.369285
v 0.106045 2.501241 -0.846337
v 0.114108 2.587211 -0.982620
v 0.163356 3.177474 -0.848193
v 0.129524 3.207444 -0.763071
v 0.036973 3.252312 -0.451912
v 0.050458 3.250398 -0.403618
v 0.021381 3.218238 -0.349321
v -0.292251 2.829834 -0.580881
v -0.291791 2.798975 -0.550511
v -0.284307 2.766965 -0.536573
v -0.234023 2.677792 -0.516530
v -0.203848 2.642107 -0.437888
v -0.150275 2.592257 -0.466935
v -0.087063 2.538894 -0.422732
v 0.654005 3.065460 -0.764822
v 0.705533 3.015008 -0.743778
v 0.497057 3.189881 -0.733683
v -0.294653 2.855849 -0.443982
v -0.299273 2.858239 -0.525438
v -0.287267 2.853310 -0.619623
v -0.269867 2.811810 -0.669180
v -0.237888 2.787866 -0.720917
v -0.213885 2.764499 -0.743564
v -0.185409 2.740731 -0.764657
v -0.174792 2.704278 -0.747713
v -0.137868 2.680909 -0.768038
v -0.077076 2.655861 -0.811892
v -0.034915 2.614289 -0.811975
v 0.020879 2.585950 -0.862557
v 0.077990 2.546576 -0.889177
v -0.282788 2.892625 -0.624583
v -0.269089 2.888348 -0.671095
v -0.254501 2.934553 -0.677786
v -0.230686 2.929445 -0.722958
v -0.138199 2.990012 -0.790443
v 0.046109 3.077638 -0.876100
v 0.110655 3.092344 -0.921741
v 0.137462 3.123217 -0.907415
v -0.289755 2.889522 -0.582545
v -0.287626 2.917669 -0.551920
v -0.279310 2.947539 -0.534367
v -0.266747 2.977253 -0.521785
v -0.241705 3.019880 -0.539297
v -0.224719 3.044450 -0.515548
v -0.077149 3.172674 -0.421896
v -0.031583 3.198574 -0.393482
v -0.002191 3.212417 -0.373787
v -0.296405 2.888404 -0.511407
v -0.285029 2.933440 -0.501930
v -0.285510 2.915745 -0.453806
v -0.273803 2.947717 -0.451842
v -0.256569 2.993978 -0.487965
v -0.216456 3.053434 -0.489699
v 0.732820 2.984019 -0.718694
v -0.205994 3.044735 -0.412457
v -0.191512 3.079579 -0.470965
v 0.585830 2.969937 -0.264187
v -0.164754 3.103340 -0.452260
v -0.152657 3.087394 -0.370588
v -0.129773 3.129213 -0.426112
v 0.617771 2.956401 -0.308842
v 0.638302 2.949053 -0.341977
v 0.676668 2.939422 -0.417306
v 0.745080 2.928386 -0.571807
v 0.755354 2.934563 -0.620541
v 0.755110 2.945195 -0.654224
v -0.034087 3.163032 -0.293415
v -0.269230 2.955975 -0.600800
v -0.264395 2.946703 -0.639447
v -0.241395 3.010684 -0.604168
v -0.232987 3.003285 -0.650322
v -0.220925 2.966721 -0.713204
v -0.206345 3.026249 -0.674675
v -0.192224 2.987432 -0.735429
v -0.198817 3.075365 -0.571185
v -0.196561 3.069249 -0.613545
v -0.174549 3.047716 -0.697333
v -0.146356 3.022011 -0.757109
v -0.171939 3.105677 -0.530918
v -0.166469 3.092853 -0.636429
v -0.138870 3.067245 -0.717757
v -0.151282 3.123874 -0.498470
v -0.147480 3.128323 -0.570609
v -0.131958 3.113999 -0.657434
v -0.097668 3.076866 -0.747893
v -0.059003 3.049686 -0.811020
v -0.120101 3.147551 -0.467398
v -0.116116 3.151086 -0.591810
v -0.090793 3.124559 -0.692925
v -0.076613 3.109076 -0.728432
v -0.092703 3.175059 -0.529073
v -0.080890 3.171172 -0.612210
v -0.068825 3.162045 -0.653795
v 0.003637 3.099992 -0.810379
v -0.063214 3.193142 -0.481409
v -0.060081 3.198481 -0.546040
v -0.028514 3.178153 -0.670390
v 0.002426 3.171126 -0.712179
v 0.058668 3.151033 -0.791565
v -0.015766 3.218848 -0.430843
v -0.022450 3.220481 -0.563359
v -0.013796 3.214739 -0.606146
v 0.076999 3.124935 -0.845767
v 0.000025 3.237079 -0.501569
v 0.029801 3.225011 -0.639250
v 0.047288 3.211660 -0.683932
v 0.093744 3.182774 -0.774318
v 0.034500 3.256854 -0.517210
v 0.044091 3.257748 -0.556358
v 0.058202 3.248323 -0.614754
v 0.136882 3.150511 -0.867242
v -0.271614 2.849827 -0.672370
v -0.238614 2.889082 -0.727431
v -0.242240 2.847742 -0.727546
v -0.248846 2.818581 -0.712573
v -0.185340 2.930290 -0.778385
v -0.194286 2.888059 -0.783187
v -0.198579 2.844684 -0.783343
v -0.197705 2.801595 -0.778538
v -0.151197 2.950644 -0.803012
v -0.134396 2.885151 -0.844785
v -0.140118 2.840293 -0.844436
v -0.140677 2.795758 -0.838379
v -0.135852 2.753163 -0.827281
v -0.125943 2.713783 -0.812539
v -0.071161 2.988638 -0.852975
v -0.086205 2.948656 -0.865128
v -0.098680 2.905641 -0.873000
v -0.018114 3.009216 -0.884924
v -0.093176 2.848099 -0.890267
v -0.095087 2.801347 -0.886035
v -0.074756 2.744582 -0.888833
v -0.065029 2.702352 -0.873221
v -0.053691 2.664669 -0.852289
v 0.008419 3.043824 -0.877519
v -0.017478 2.968133 -0.916741
v -0.031742 2.903596 -0.936861
v -0.040991 2.856734 -0.940346
v -0.047384 2.809486 -0.935782
v -0.051132 2.763463 -0.922554
v -0.009926 2.937456 -0.941878
v -0.002870 2.687463 -0.940559
v 0.004129 2.648496 -0.916939
v 0.012422 2.614604 -0.890419
v 0.077680 3.044374 -0.942872
v 0.056142 3.002443 -0.960381
v 0.041164 2.960048 -0.977187
v 0.033153 2.914003 -0.994339
v 0.033876 2.864710 -1.011408
v 0.004970 2.815399 -0.989835
v 0.022239 2.751792 -0.998824
v 0.021769 2.706402 -0.980514
v -0.088924 3.126847 -0.316857
v -0.285336 2.788320 -0.412412
v 0.056907 2.787078 -1.035617
v 0.061567 2.638140 -0.976943
v 0.066186 2.602669 -0.948533
v 0.071628 2.572432 -0.918776
v 0.075557 2.709599 -1.031838
v 0.098017 2.650665 -1.020507
v -0.278883 2.799802 -0.634349
v -0.272637 2.767410 -0.622659
v -0.257228 2.767277 -0.670101
v -0.269525 2.741173 -0.573537
v -0.225326 2.731991 -0.702604
v -0.247746 2.732858 -0.655002
v -0.244016 2.710592 -0.627642
v -0.255624 2.709858 -0.543473
v -0.212267 2.697650 -0.685458
v -0.233809 2.686519 -0.591405
v -0.194533 2.664884 -0.665572
v -0.200969 2.655872 -0.627226
v -0.213766 2.657792 -0.557402
v -0.153117 2.655440 -0.716486
v -0.176819 2.627489 -0.605941
v -0.186143 2.626045 -0.490424
v -0.093384 2.644831 -0.776816
v -0.134934 2.626198 -0.692953
v -0.137147 2.611809 -0.659618
v -0.146047 2.598725 -0.583639
v -0.150398 2.597415 -0.510435
v -0.062584 2.600609 -0.746465
v -0.117628 2.586200 -0.624844
v -0.089088 2.553219 -0.531011
v -0.082803 2.537288 -0.474149
v -0.011831 2.565014 -0.756468
v -0.024196 2.546249 -0.685465
v -0.056417 2.543011 -0.613299
v -0.055097 2.532790 -0.568551
v 0.053586 2.538570 -0.835593
v 0.017811 2.504132 -0.654774
v -0.002563 2.504788 -0.610096
v -0.025323 2.505096 -0.547920
v -0.044100 2.504567 -0.478263
v -0.047266 2.503641 -0.444193
v 0.060295 2.503361 -0.764340
v -0.298827 2.827118 -0.512717
v -0.293756 2.794965 -0.500127
v -0.270958 2.732650 -0.505764
v -0.283845 2.762777 -0.489938
v -0.292719 2.823816 -0.431593
v -0.249819 2.699689 -0.479733
v -0.265272 2.728341 -0.443126
v -0.277429 2.760396 -0.395375
v -0.226161 2.666947 -0.406358
v -0.263712 2.724008 -0.369129
v -0.244917 2.691786 -0.339137
v -0.176542 2.614904 -0.355682
v -0.147308 2.589082 -0.358655
v -0.066975 2.519055 -0.337444
v -0.174298 2.607128 -0.238221
v -0.041508 2.498591 -0.327446
v -0.124651 2.560282 -0.257380
v 0.222696 3.002163 -0.031253
v 0.175754 3.048719 -0.051616
v 0.136232 3.082278 -0.067683
v 0.234221 3.024282 -0.051740
v 0.191710 3.068345 -0.075257
v 0.169070 3.100688 -0.099561
v 0.114405 3.149332 -0.147325
v 0.045438 3.198786 -0.271079
v 0.018587 3.193186 -0.287372
v 0.304164 2.997803 -0.052686
v 0.277627 3.027982 -0.071060
v 0.178361 3.123163 -0.134941
v 0.154073 3.142454 -0.152022
v 0.102846 3.170893 -0.191575
v 0.087688 3.187510 -0.225468
v 0.070301 3.198639 -0.254229
v 0.121858 3.269223 -0.388566
v 0.098283 3.274574 -0.432566
v 0.166232 3.281212 -0.411696
v 0.093862 3.281819 -0.483377
v 0.139292 3.289759 -0.457431
v 0.102703 3.285579 -0.522072
v 0.211729 3.286926 -0.434228
v 0.181076 3.295685 -0.465796
v 0.149897 3.296334 -0.497928
v 0.080827 3.270804 -0.570686
v 0.304207 3.257957 -0.419619
v 0.254318 3.281629 -0.441096
v 0.224977 3.294790 -0.473513
v 0.193878 3.300000 -0.506988
v 0.166821 3.295868 -0.556294
v 0.136106 3.284096 -0.587539
v 0.106414 3.267406 -0.614830
v 0.301824 3.268814 -0.448148
v 0.271784 3.288542 -0.494146
v 0.243184 3.296472 -0.529424
v 0.212221 3.296669 -0.564836
v 0.769930 2.886485 -0.763980
v 0.193673 3.280260 -0.635801
v 0.172147 3.259686 -0.684073
v 0.115694 3.243377 -0.681773
v 0.333605 2.529660 -1.011795
v 0.481144 2.534273 -0.954164
v 0.307799 3.279902 -0.580202
v 0.275838 3.283041 -0.615743
v 0.246991 3.277722 -0.654257
v 0.352123 3.266375 -0.579964
v 0.222447 3.260154 -0.708865
v 0.190506 3.203919 -0.822836
v 0.731245 2.656141 -0.830863
v 0.342177 3.263985 -0.670233
v 0.311940 3.263050 -0.709619
v 0.280592 3.255323 -0.745898
v 0.250394 3.240652 -0.780619
v 0.221691 3.221074 -0.811243
v 0.550463 2.552607 -0.923495
v 0.649516 2.592609 -0.876531
v 0.386653 3.249557 -0.672616
v 0.703510 2.629155 -0.847598
v 0.779832 2.840959 -0.770580
v 0.376426 3.239791 -0.757810
v 0.346789 3.235114 -0.798830
v 0.303081 3.235404 -0.806312
v 0.277382 3.211371 -0.857944
v 0.240788 3.198617 -0.867438
v 0.197266 3.175309 -0.881332
v -0.199435 2.634493 -0.273221
v 0.152887 3.037185 -0.035744
v 0.116267 3.117838 -0.100067
v 0.099261 3.137053 -0.123895
v 0.076931 3.154355 -0.152824
v 0.054182 3.163015 -0.179668
v 0.033009 3.166534 -0.202503
v 0.000864 3.166119 -0.235891
v -0.134922 2.572321 -0.185887
v -0.044116 2.557152 -0.086283
v 0.082595 2.655575 0.014064
v 0.103663 2.681849 0.027552
v 0.120663 2.706726 0.037264
v 0.136302 2.733548 0.044879
v 0.148486 2.759136 0.049292
v 0.173273 2.885516 0.034453
v 0.170475 2.939763 0.013999
v 0.151780 2.608039 -1.029702
v 0.166163 2.815056 0.049766
v 0.192555 2.576957 -1.028027
v 0.150875 2.572856 -0.997824
v 0.234213 2.548272 -1.018760
v 0.188539 2.529043 -0.975445
v 0.150795 2.529591 -0.947697
v -0.080230 2.525513 -0.223865
v -0.121336 2.556343 -0.226325
v -0.066573 2.521218 -0.192189
v 0.070003 2.496784 -0.174653
v 0.031025 2.499897 -0.166605
v -0.008111 2.506401 -0.163982
v -0.048124 2.520580 -0.160628
v -0.107027 2.549585 -0.184917
v -0.098667 2.555056 -0.142554
v 0.068644 2.517042 -0.131082
v 0.002266 2.533551 -0.104909
v -0.031524 2.534406 -0.116825
v -0.072522 2.552112 -0.114287
v 0.047200 2.539516 -0.093053
v 0.160162 2.538006 -0.114834
v 0.131214 2.551148 -0.088433
v 0.036858 2.561933 -0.063575
v -0.015045 2.569782 -0.060067
v 0.182712 2.552530 -0.092970
v 0.019165 2.592607 -0.031799
v 0.154019 2.574018 -0.060757
v 0.134993 2.594282 -0.036433
v 0.106534 2.617768 -0.013241
v 0.112583 3.251486 -0.345733
v 0.143243 3.253905 -0.341912
v 0.171155 3.244827 -0.326094
v 0.161279 3.188046 -0.235985
v 0.208843 3.241613 -0.330278
v 0.181771 3.163036 -0.207936
v 0.232592 3.220094 -0.308726
v 0.258217 3.237983 -0.348638
v 0.212686 3.151924 -0.210178
v 0.234305 3.170285 -0.247659
v 0.283149 3.207364 -0.317755
v 0.273349 3.094395 -0.158922
v 0.287733 3.123945 -0.222982
v 0.300254 3.157595 -0.268773
v 0.318389 3.236226 -0.387877
v 0.341972 3.168459 -0.300170
v 0.364797 3.176240 -0.321590
v 0.326608 3.115705 -0.233084
v 0.326249 3.072380 -0.157942
v 0.357385 3.115950 -0.244413
v 0.384548 3.151011 -0.294272
v 0.111890 2.705552 -1.057046
v 0.318743 3.033399 -0.096500
v 0.351121 3.041057 -0.126111
v 0.373103 3.075964 -0.191844
v 0.404061 3.126680 -0.269229
v 0.416198 3.080708 -0.218054
v 0.345616 3.004489 -0.079750
v 0.394796 3.058761 -0.179938
v 0.446082 3.076991 -0.224135
v 0.400660 3.210202 -0.832378
v 0.452912 3.213488 -0.734163
v 0.490343 3.185010 -0.780336
v 0.575880 3.132048 -0.764533
v 0.744617 2.949259 -0.759556
v 0.214484 2.492152 -0.936470
v 0.257448 2.487664 -0.946767
v 0.306319 2.500532 -0.973734
v 0.357223 2.510406 -0.982157
v 0.327821 2.479132 -0.936840
v 0.409412 2.524597 -0.983881
v 0.387834 2.492328 -0.942300
v 0.439049 2.507301 -0.940179
v 0.488358 2.502073 -0.891511
v 0.425295 2.464668 -0.851227
v 0.515650 2.492325 -0.839490
v 0.452289 2.459703 -0.802080
v 0.593079 2.541717 -0.863671
v 0.538101 2.485137 -0.788333
v 0.476717 2.454311 -0.733405
v 0.610096 2.529264 -0.817333
v 0.554182 2.479966 -0.739244
v 0.650080 2.572566 -0.846688
v 0.624136 2.520124 -0.769303
v 0.549770 2.470574 -0.680672
v 0.519676 2.459019 -0.650761
v 0.687370 2.595153 -0.828083
v 0.666461 2.560662 -0.798974
v 0.632786 2.514368 -0.721918
v 0.588687 2.485978 -0.673645
v 0.486889 2.447836 -0.593561
v 0.718795 2.618327 -0.806622
v 0.700355 2.583629 -0.780421
v 0.676952 2.552190 -0.750339
v 0.636864 2.512363 -0.675327
v 0.539703 2.464638 -0.580708
v 0.106372 2.499441 -0.177812
v 0.183594 2.488600 -0.239488
v 0.161164 2.511018 -0.171832
v 0.223243 2.486822 -0.246226
v 0.215893 2.498080 -0.220705
v 0.205865 2.512688 -0.180931
v 0.288070 2.487330 -0.223319
v 0.265554 2.513003 -0.179356
v 0.311029 2.499061 -0.199444
v 0.297364 2.535711 -0.133741
v 0.159955 2.643101 0.004551
v 0.161481 2.671867 0.022091
v 0.208663 2.717298 0.041496
v 0.214281 2.767004 0.049752
v 0.226425 2.836167 0.043519
v 0.259262 2.870162 0.031592
v 0.236071 2.639986 0.004021
v 0.238915 2.666746 0.021022
v 0.242216 2.696753 0.034817
v 0.252458 2.781310 0.048762
v 0.270882 2.907114 0.014746
v 0.276013 2.945483 -0.006272
v 0.261996 2.621870 -0.011405
v 0.273734 2.727717 0.041786
v 0.283233 2.795412 0.044634
v 0.287340 2.828628 0.038967
v 0.272335 2.587604 -0.048401
v 0.288575 2.651262 0.007131
v 0.294278 2.679011 0.021776
v 0.304942 2.742010 0.038804
v 0.302187 2.864513 0.025602
v 0.306262 2.920728 -0.000402
v 0.376142 2.986217 -0.084164
v 0.436670 2.954824 -0.117853
v 0.435690 2.999492 -0.149740
v 0.421521 3.018968 -0.154704
v 0.477170 2.965666 -0.161446
v 0.465088 2.989203 -0.163988
v 0.437173 3.044740 -0.187238
v 0.499691 2.937051 -0.168477
v 0.475284 3.047502 -0.209361
v 0.508325 3.020491 -0.213260
v 0.545116 2.969768 -0.218838
v 0.532231 3.002973 -0.222725
v 0.575419 2.891122 -0.218343
v 0.566333 2.980694 -0.245030
v 0.593586 2.901357 -0.241782
v 0.617233 2.838084 -0.243181
v 0.630009 2.817448 -0.253573
v 0.646186 2.859505 -0.305358
v 0.664314 2.891970 -0.371552
v 0.719045 2.930331 -0.505539
v 0.666948 2.855877 -0.356804
v 0.733710 2.868305 -0.505759
v 0.750489 2.882047 -0.551334
v 0.773971 2.902680 -0.693841
v 0.668770 2.818484 -0.334603
v 0.693975 2.830063 -0.412818
v 0.778348 2.856567 -0.625631
v 0.784427 2.861588 -0.674828
v 0.657533 2.789940 -0.295194
v 0.694668 2.800930 -0.407467
v 0.749077 2.831939 -0.527873
v 0.777618 2.819195 -0.602303
v 0.785033 2.848664 -0.734860
v 0.679054 2.772637 -0.343365
v 0.760571 2.801300 -0.549583
v 0.792673 2.789462 -0.675779
v 0.792978 2.792340 -0.723228
v 0.786635 2.812931 -0.757857
v 0.666204 2.748396 -0.307688
v 0.704861 2.762370 -0.428420
v 0.768751 2.769651 -0.571584
v 0.787993 2.753192 -0.650092
v 0.781778 2.779360 -0.783670
v 0.773467 2.709333 -0.779016
v 0.781271 2.706787 -0.735799
v 0.765776 2.673705 -0.761317
v 0.771250 2.671657 -0.716023
v 0.752746 2.638589 -0.739698
v 0.770657 2.688001 -0.630000
v 0.769915 2.671168 -0.667671
v 0.755553 2.637503 -0.692738
v 0.734166 2.605239 -0.714415
v 0.760166 2.706567 -0.574328
v 0.751498 2.638484 -0.643406
v 0.734233 2.605570 -0.666440
v 0.710399 2.574863 -0.686144
v 0.744326 2.676881 -0.556956
v 0.737630 2.643798 -0.577873
v 0.727802 2.608346 -0.617005
v 0.708033 2.576931 -0.638030
v 0.682446 2.548367 -0.655954
v 0.707651 2.710724 -0.449272
v 0.713720 2.614530 -0.560299
v 0.692797 2.573465 -0.587835
v 0.670017 2.544777 -0.605592
v 0.642338 2.519266 -0.620513
v 0.707483 2.682892 -0.466429
v 0.698549 2.652784 -0.472167
v 0.677070 2.589572 -0.510027
v 0.685893 2.625084 -0.472775
v 0.662567 2.568669 -0.514089
v 0.635064 2.531405 -0.537081
v 0.611898 2.508333 -0.553533
v 0.577129 2.482925 -0.573118
v 0.674578 2.688397 -0.352876
v 0.624048 2.537112 -0.475681
v 0.551861 2.469498 -0.529254
v 0.643655 2.610087 -0.366976
v 0.629606 2.580590 -0.384285
v 0.576990 2.491555 -0.479597
v 0.553098 2.472009 -0.493778
v 0.661597 2.664298 -0.338812
v 0.649629 2.639852 -0.336219
v 0.606411 2.554822 -0.374963
v 0.566123 2.494895 -0.417867
v 0.499455 2.441989 -0.476220
v 0.662043 2.701177 -0.311322
v 0.587024 2.526078 -0.390110
v 0.525904 2.461272 -0.417327
v 0.497179 2.441014 -0.442345
v 0.632798 2.717765 -0.246498
v 0.625739 2.665865 -0.262462
v 0.628866 2.610013 -0.330882
v 0.356609 2.912013 -0.017937
v 0.380891 2.896255 -0.026284
v 0.356365 2.856736 0.006854
v 0.405939 2.883170 -0.041692
v 0.381842 2.838882 -0.003785
v 0.447128 2.851745 -0.071056
v 0.353001 2.794270 0.022550
v 0.408913 2.831915 -0.024798
v 0.378710 2.775371 0.008469
v 0.411885 2.798645 -0.020052
v 0.347154 2.745981 0.023901
v 0.414404 2.764561 -0.019878
v 0.454427 2.807153 -0.064324
v 0.353000 2.704423 0.011634
v 0.372038 2.726941 0.006759
v 0.414132 2.731380 -0.023108
v 0.458650 2.774499 -0.063911
v 0.502394 2.791630 -0.118934
v 0.345824 2.674529 0.001828
v 0.410770 2.699611 -0.029640
v 0.451817 2.730227 -0.059097
v 0.479811 2.745274 -0.089285
v 0.530884 2.795802 -0.150288
v 0.325925 2.642435 -0.009979
v 0.404723 2.669857 -0.039352
v 0.445905 2.699877 -0.062295
v 0.515677 2.741726 -0.130927
v 0.532101 2.768228 -0.147297
v 0.589468 2.782921 -0.198504
v 0.357215 2.633661 -0.032872
v 0.396222 2.642475 -0.051531
v 0.437791 2.671457 -0.068717
v 0.495378 2.706821 -0.116044
v 0.547580 2.753000 -0.160478
v 0.311329 2.598943 -0.044979
v 0.352643 2.610247 -0.052047
v 0.421534 2.635224 -0.079385
v 0.486140 2.671615 -0.123041
v 0.524558 2.699197 -0.148629
v 0.545818 2.725324 -0.160904
v 0.602854 2.741837 -0.207909
v 0.388348 2.600863 -0.084429
v 0.517847 2.669212 -0.155535
v 0.583003 2.702685 -0.196277
v 0.494604 2.449491 -0.380187
v 0.478324 2.458524 -0.328379
v 0.501454 2.487239 -0.303803
v 0.475065 2.474784 -0.292368
v 0.437656 2.458662 -0.287057
v 0.402131 2.459212 -0.267916
v 0.451303 2.483445 -0.261456
v 0.421764 2.475115 -0.254892
v 0.549900 2.549016 -0.279239
v 0.506902 2.522726 -0.262254
v 0.469014 2.504988 -0.249662
v 0.357065 2.509101 -0.189991
v 0.493895 2.538486 -0.235280
v 0.402956 2.534050 -0.180115
v 0.378921 2.521778 -0.181787
v 0.588947 2.607440 -0.261460
v 0.564201 2.591723 -0.247573
v 0.537720 2.584640 -0.228771
v 0.460864 2.564415 -0.188494
v 0.422449 2.551431 -0.173947
v 0.605109 2.654585 -0.239889
v 0.575152 2.635477 -0.221127
v 0.492907 2.614452 -0.170672
v 0.443792 2.583819 -0.155858
v 0.507966 2.644444 -0.161634
v 0.359655 2.581891 -0.087139
v 0.342976 2.564276 -0.102277
v 0.611562 2.702777 -0.223670
v 0.581215 2.672578 -0.205669
v 0.471329 2.634584 -0.133827
v 0.290231 2.567804 -0.078813
v -0.037737 2.496546 -0.285264
v -0.029481 2.494282 -0.250207
v -0.012225 2.491457 -0.222156
v 0.076646 2.480885 -0.218985
v 0.016220 2.487467 -0.209320
v 0.175502 2.495833 -0.915905
v 0.393207 2.470009 -0.892525
v 0.156353 2.473505 -0.266463
v 0.191549 2.470017 -0.280898
v 0.227376 2.465936 -0.282286
v 0.345865 2.451915 -0.271323
v 0.307772 2.456250 -0.270821
v 0.497253 2.444428 -0.534865
v 0.486800 2.440486 -0.398382
v 0.444826 2.442507 -0.323405
v 0.420362 2.444433 -0.301115
vn -0.2249 0.3394 0.9134
vn -0.7651 -0.6279 0.1428
vn -0.3438 0.1861 0.9204
vn -0.2995 0.1697 0.9389
vn -0.2205 0.1597 0.9622
vn 0.1232 -0.6692 0.7327
vn 0.3780 -0.8452 0.3778
vn -0.3410 0.1711 0.9244
vn -0.3404 0.2548 0.9051
vn -0.3379 0.2646 0.9032
vn -0.3417 0.3058 0.8887
vn -0.2805 0.1968 0.9395
vn -0.2782 0.2491 0.9277
vn -0.2999 0.2705 0.9148
vn -0.3341 0.3488 0.8756
vn -0.3364 0.3534 0.8729
vn -0.2436 0.2639 0.9333
vn -0.2987 0.3450 0.8898
vn -0.3161 0.3530 0.8806
vn 0.6369 0.5171 0.5718
vn -0.1330 0.2887 0.9481
vn -0.2599 0.3551 0.8980
vn -0.3160 0.3933 0.8634
vn 0.0001 -1.0000 -0.0001
vn -0.1618 0.3628 0.9177
vn -0.2569 0.3969 0.8812
vn -0.2895 0.4097 0.8650
vn -0.2930 0.4184 0.8597
vn -0.3157 0.4283 0.8467
vn -0.3157 0.4728 0.8227
vn 0.4551 0.2592 0.8519
vn -0.2075 0.4228 0.8822
vn -0.2612 0.4512 0.8533
vn -0.2654 0.4635 0.8454
vn -0.1809 0.4680 0.8650
vn -0.2352 0.5131 0.8255
vn -0.2351 0.5118 0.8263
vn -0.2787 0.5398 0.7944
vn -0.2830 0.5667 0.7738
vn -0.1978 0.5551 0.8079
vn 0.4356 0.2715 0.8582
vn -0.2478 0.6508 0.7177
vn 0.4544 0.2585 0.8525
vn 0.4544 0.2583 0.8525
vn 0.4543 0.2584 0.8526
vn 0.4544 0.2577 0.8527
vn -0.3371 0.3989 0.8528
vn -0.3350 0.4223 0.8423
vn -0.3201 0.4774 0.8183
vn -0.5391 0.8384 -0.0805
vn -0.3084 0.2362 0.9214
vn -0.3076 0.2977 0.9038
vn -0.3137 0.2566 0.9142
vn -0.3070 0.3473 0.8861
vn -0.3150 0.3303 0.8898
vn -0.2935 0.3192 0.9011
vn -0.2948 0.3434 0.8917
vn -0.3402 0.3936 0.8540
vn -0.3169 0.3978 0.8610
vn -0.2916 0.3816 0.8771
vn -0.2771 0.3836 0.8809
vn -0.3396 0.3538 0.8715
vn -0.2807 0.3969 0.8739
vn -0.3431 0.3610 0.8672
vn -0.3822 0.3688 0.8473
vn -0.3375 0.4274 0.8387
vn -0.3034 0.4202 0.8552
vn -0.2993 0.4230 0.8553
vn -0.2646 0.4155 0.8703
vn -0.3029 0.4012 0.8645
vn -0.3351 0.4545 0.8253
vn -0.2984 0.4447 0.8445
vn -0.3087 0.4100 0.8582
vn -0.3383 0.4173 0.8435
vn -0.3853 0.3980 0.8325
vn -0.4416 0.4089 0.7986
vn -0.3202 0.4994 0.8050
vn -0.3159 0.4876 0.8139
vn -0.3157 0.4878 0.8139
vn -0.2693 0.4526 0.8501
vn -0.2703 0.4519 0.8501
vn -0.2672 0.4489 0.8527
vn -0.4423 0.4097 0.7978
vn -0.5054 0.4192 0.7542
vn -0.5538 0.3934 0.7339
vn -0.6110 0.3976 0.6845
vn -0.3019 0.5758 0.7598
vn -0.3164 0.5391 0.7805
vn -0.2707 0.5268 0.8057
vn -0.2781 0.5134 0.8118
vn -0.2549 0.5017 0.8266
vn -0.2709 0.4706 0.8397
vn -0.3046 0.4829 0.8210
vn -0.3423 0.4584 0.8202
vn -0.3897 0.4716 0.7910
vn -0.2902 0.6464 0.7057
vn -0.2999 0.6317 0.7149
vn -0.2788 0.6021 0.7482
vn -0.2790 0.6019 0.7483
vn -0.2420 0.5690 0.7859
vn -0.2553 0.5466 0.7975
vn -0.2749 0.5557 0.7846
vn -0.3068 0.5244 0.7943
vn -0.3575 0.5388 0.7628
vn -0.3975 0.4960 0.7720
vn -0.4623 0.5108 0.7248
vn -0.5094 0.4740 0.7183
vn -0.5771 0.4825 0.6589
vn -0.6154 0.4470 0.6492
vn -0.6807 0.4478 0.5798
vn -0.2543 0.6676 0.6997
vn 0.4544 0.2584 0.8525
vn -0.2388 0.6735 0.6996
vn -0.2233 0.6311 0.7429
vn -0.2503 0.6366 0.7294
vn -0.2778 0.6071 0.7445
vn -0.3205 0.6203 0.7159
vn -0.3587 0.5847 0.7276
vn -0.4229 0.6000 0.6791
vn -0.4642 0.5576 0.6882
vn -0.5412 0.5686 0.6195
vn -0.5791 0.5250 0.6237
vn -0.6571 0.5270 0.5389
vn -0.6912 0.4820 0.5385
vn -0.7560 0.4745 0.4509
vn -0.7724 0.4552 0.4429
vn -0.8283 0.4396 0.3473
vn 0.4525 0.2557 0.8543
vn 0.5182 -0.8487 -0.1058
vn 0.1072 -0.4262 0.8982
vn -0.2128 0.4291 0.8779
vn -0.2156 0.7373 0.6403
vn -0.4271 0.7689 0.4759
vn -0.3187 0.6826 0.6577
vn -0.3729 0.6968 0.6127
vn -0.4219 0.6544 0.6274
vn -0.4917 0.6661 0.5608
vn -0.5406 0.6183 0.5705
vn -0.6144 0.6215 0.4861
vn -0.6560 0.5745 0.4895
vn -0.7236 0.5670 0.3937
vn -0.7532 0.5278 0.3925
vn -0.8084 0.5108 0.2926
vn -0.8302 0.4768 0.2888
vn -0.8652 0.4581 0.2039
vn -0.2771 0.7037 0.6542
vn -0.3258 0.0238 -0.9452
vn -0.2859 0.8126 0.5079
vn -0.9255 0.3758 0.0475
vn -0.4861 0.7221 0.4923
vn -0.5530 0.7254 0.4099
vn -0.6082 0.6741 0.4192
vn -0.6712 0.6664 0.3246
vn -0.7157 0.6172 0.3269
vn -0.7674 0.5993 0.2279
vn -0.7978 0.5590 0.2259
vn -0.8356 0.5340 0.1293
vn -0.8570 0.4998 0.1251
vn -0.8755 0.4795 0.0596
vn 0.6546 0.6248 0.4256
vn -0.5343 0.8334 0.1414
vn -0.8857 -0.4480 0.1218
vn -0.5749 0.7899 -0.2135
vn -0.5669 0.8232 -0.0314
vn -0.1869 0.2066 0.9604
vn -0.4135 0.8258 0.3836
vn -0.5404 0.7736 0.3310
vn -0.5973 0.7652 0.2401
vn -0.6570 0.7120 0.2479
vn -0.7045 0.6932 0.1524
vn -0.7507 0.6426 0.1534
vn -0.7851 0.6164 0.0608
vn -0.8163 0.5747 0.0580
vn -0.8381 0.5449 -0.0266
vn -0.8592 0.5108 -0.0311
vn -0.8625 0.5030 -0.0564
vn -0.3710 0.1387 0.9182
vn -0.3150 0.1758 0.9327
vn -0.3052 0.2898 0.9071
vn -0.4293 0.3448 0.8348
vn -0.4846 0.3551 0.7994
vn -0.6520 0.3721 0.6606
vn -0.7230 0.3845 0.5739
vn -0.7873 0.3904 0.4773
vn -0.3056 0.1505 0.9402
vn -0.3372 0.0812 0.9379
vn -0.3128 0.1774 0.9331
vn -0.3043 0.0993 0.9474
vn -0.3176 0.0657 0.9460
vn -0.3046 0.2528 0.9183
vn -0.3251 0.1943 0.9255
vn -0.3149 0.2015 0.9275
vn -0.3465 0.1457 0.9267
vn -0.3356 0.0678 0.9396
vn -0.3541 0.0299 0.9347
vn -0.3369 -0.0425 0.9406
vn -0.3573 -0.0993 0.9287
vn -0.3599 0.2935 0.8856
vn -0.3724 0.2818 0.8843
vn -0.3722 0.2353 0.8978
vn -0.3948 0.1955 0.8977
vn -0.3777 0.1472 0.9142
vn -0.4056 0.0891 0.9097
vn -0.3807 0.0301 0.9242
vn -0.4068 -0.0368 0.9128
vn -0.3749 -0.0998 0.9217
vn -0.3959 -0.1694 0.9025
vn -0.4167 0.2872 0.8625
vn -0.4559 0.2473 0.8550
vn -0.4418 0.1986 0.8749
vn -0.4690 0.1461 0.8711
vn -0.4490 0.0904 0.8890
vn -0.4754 0.0282 0.8793
vn -0.4467 -0.0373 0.8939
vn -0.4689 -0.1042 0.8771
vn -0.4330 -0.1715 0.8849
vn -0.4488 -0.2363 0.8619
vn -0.4810 0.3511 0.8034
vn -0.5264 0.2809 0.8025
vn -0.5133 0.2534 0.8199
vn -0.5442 0.1978 0.8153
vn -0.5301 0.1491 0.8347
vn -0.5563 0.0926 0.8258
vn -0.5329 0.0287 0.8457
vn -0.5561 -0.0344 0.8304
vn -0.5232 -0.1062 0.8456
vn -0.5364 -0.1541 0.8298
vn -0.4887 -0.2397 0.8389
vn -0.4930 -0.2622 0.8296
vn -0.5501 0.3625 0.7523
vn -0.5952 0.3362 0.7299
vn -0.5881 0.2880 0.7558
vn -0.6244 0.2479 0.7408
vn -0.6146 0.2023 0.7624
vn -0.6395 0.1523 0.7536
vn -0.6230 0.0946 0.7765
vn -0.6412 0.0502 0.7658
vn -0.6095 -0.0350 0.7920
vn -0.6178 -0.0612 0.7839
vn -0.5736 -0.1562 0.8041
vn -0.5794 -0.1810 0.7947
vn -0.5311 -0.2662 0.8044
vn -0.5351 -0.2923 0.7926
vn -0.6497 0.3414 0.6792
vn -0.6888 0.3155 0.6527
vn -0.6841 0.2538 0.6838
vn -0.7115 0.2233 0.6663
vn -0.6979 0.1550 0.6992
vn -0.7060 0.1371 0.6948
vn -0.6821 0.0509 0.7295
vn -0.6904 0.0282 0.7228
vn -0.6572 -0.0621 0.7512
vn -0.6664 -0.0951 0.7395
vn -0.6245 -0.1843 0.7589
vn -0.6308 -0.2172 0.7449
vn -0.5840 -0.2985 0.7549
vn -0.5870 -0.3270 0.7406
vn -0.7172 0.3759 0.5868
vn -0.7491 0.3292 0.5749
vn -0.7425 0.3186 0.5893
vn -0.7641 0.2810 0.5807
vn -0.7450 0.2270 0.6272
vn -0.7538 0.2096 0.6228
vn -0.7406 0.1387 0.6575
vn -0.7521 0.1118 0.6495
vn -0.7296 0.0286 0.6833
vn -0.7419 -0.0084 0.6705
vn -0.7092 -0.0967 0.6983
vn -0.7186 -0.1365 0.6819
vn -0.6781 -0.2216 0.7008
vn -0.6833 -0.2588 0.6827
vn -0.6388 -0.3346 0.6928
vn -0.6405 -0.3668 0.6747
vn -0.7846 0.3855 0.4856
vn -0.8070 0.3508 0.4751
vn -0.7964 0.3328 0.5050
vn -0.7988 0.3280 0.5043
vn -0.7863 0.2831 0.5492
vn -0.7927 0.2712 0.5459
vn -0.7871 0.2119 0.5793
vn -0.7989 0.1871 0.5716
vn -0.7860 0.1132 0.6077
vn -0.8009 0.0748 0.5942
vn -0.7785 -0.0085 0.6276
vn -0.7915 -0.0543 0.6088
vn -0.7598 -0.1389 0.6352
vn -0.7682 -0.1857 0.6127
vn -0.7299 -0.2641 0.6304
vn -0.7334 -0.3071 0.6065
vn -0.6923 -0.3754 0.6163
vn -0.6918 -0.4128 0.5924
vn -0.8500 0.3915 0.3525
vn -0.8496 0.3919 0.3530
vn -0.8501 0.3546 0.3894
vn -0.8227 0.3795 0.4232
vn -0.8252 0.3305 0.4580
vn -0.8239 0.3323 0.4591
vn -0.8239 0.2741 0.4961
vn -0.8341 0.2544 0.4895
vn -0.8290 0.1891 0.5263
vn -0.8451 0.1523 0.5125
vn -0.8322 0.0757 0.5493
vn -0.8485 0.0263 0.5285
vn -0.8263 -0.0551 0.5605
vn -0.8384 -0.1102 0.5338
vn -0.8080 -0.1888 0.5581
vn -0.8138 -0.2427 0.5280
vn -0.7784 -0.3131 0.5441
vn -0.7785 -0.3616 0.5130
vn -0.7411 -0.4218 0.5224
vn -0.7371 -0.4634 0.4920
vn -0.8791 0.4339 0.1975
vn -0.8815 0.3945 0.2595
vn -0.8584 0.4251 0.2873
vn -0.8681 0.3847 0.3138
vn -0.8469 0.4025 0.3476
vn -0.8548 0.3336 0.3975
vn -0.8608 0.3250 0.3917
vn -0.8629 0.2571 0.4352
vn -0.8783 0.2248 0.4220
vn -0.8737 0.1540 0.4614
vn -0.8922 0.1049 0.4393
vn -0.8791 0.0266 0.4760
vn -0.8945 -0.0331 0.4459
vn -0.8723 -0.1117 0.4761
vn -0.8807 -0.1742 0.4404
vn -0.8516 -0.2466 0.4626
vn -0.8525 -0.3051 0.4245
vn -0.8195 -0.3678 0.4394
vn -0.8145 -0.4186 0.4017
vn -0.7803 -0.4715 0.4109
vn -0.7715 -0.5134 0.3757
vn -0.8815 0.4682 0.0607
vn -0.8889 0.4337 0.1473
vn -0.8938 0.4224 0.1507
vn -0.8669 0.4576 0.1977
vn -0.8799 0.4086 0.2423
vn -0.8598 0.4268 0.2801
vn -0.8849 0.3744 0.2770
vn -0.8855 0.3249 0.3322
vn -0.9015 0.2936 0.3179
vn -0.9051 0.2271 0.3596
vn -0.9236 0.1819 0.3375
vn -0.9195 0.1060 0.3785
vn -0.9369 0.0460 0.3465
vn -0.9233 -0.0335 0.3827
vn -0.9339 -0.1005 0.3432
vn -0.9114 -0.1764 0.3718
vn -0.9131 -0.2418 0.3283
vn -0.8847 -0.3089 0.3491
vn -0.8787 -0.3668 0.3055
vn -0.8476 -0.4235 0.3197
vn -0.8366 -0.4713 0.2791
vn -0.8046 -0.5191 0.2884
vn -0.7915 -0.5565 0.2526
vn -0.8665 0.4958 -0.0581
vn -0.8847 0.4658 0.0210
vn -0.8722 0.4884 0.0272
vn -0.8838 0.4556 0.1063
vn -0.8756 0.4697 0.1124
vn -0.8865 0.4296 0.1719
vn -0.8882 0.4267 0.1704
vn -0.9026 0.3759 0.2099
vn -0.9120 0.3579 0.2006
vn -0.9236 0.2956 0.2440
vn -0.9403 0.2571 0.2230
vn -0.9459 0.1834 0.2678
vn -0.9635 0.1274 0.2356
vn -0.9596 0.0464 0.2776
vn -0.9714 -0.0203 0.2364
vn -0.9569 -0.1013 0.2721
vn -0.9593 -0.1696 0.2257
vn -0.9362 -0.2437 0.2534
vn -0.9295 -0.3058 0.2063
vn -0.9013 -0.3692 0.2264
vn -0.8886 -0.4209 0.1824
vn -0.8585 -0.4738 0.1965
vn -0.8431 -0.5140 0.1581
vn -0.8123 -0.5586 0.1678
vn -0.7971 -0.5883 0.1361
vn -0.3121 -0.0230 0.9498
vn -0.3020 -0.0566 0.9516
vn -0.3207 -0.1635 0.9330
vn -0.3594 -0.2301 0.9044
vn -0.4075 -0.3008 0.8623
vn -0.4390 -0.3441 0.8300
vn -0.4844 -0.3678 0.7938
vn -0.5387 -0.3976 0.7427
vn -0.5957 -0.4310 0.6777
vn -0.6511 -0.4698 0.5962
vn -0.7001 -0.5134 0.4963
vn -0.7373 -0.5581 0.3807
vn -0.7589 -0.5978 0.2584
vn -0.3230 0.0465 0.9453
vn -0.3444 -0.0381 0.9380
vn -0.3343 -0.0800 0.9391
vn -0.3303 -0.1001 0.9386
vn -0.3082 -0.1331 0.9420
vn -0.3503 -0.1724 0.9206
vn -0.3370 -0.2045 0.9190
vn -0.3206 -0.1634 0.9330
vn -0.2949 -0.2180 0.9303
vn -0.3362 -0.2685 0.9027
vn -0.3433 -0.2650 0.9011
vn -0.3302 -0.3216 0.8874
vn -0.3318 -0.2230 0.9166
vn -0.3022 -0.2942 0.9067
vn -0.3067 -0.2967 0.9044
vn -0.2897 -0.3670 0.8840
vn -0.3349 -0.3798 0.8623
vn -0.3226 -0.4263 0.8451
vn -0.3688 -0.2920 0.8824
vn -0.3293 -0.3477 0.8779
vn -0.3075 -0.3413 0.8882
vn -0.2781 -0.4038 0.8715
vn -0.2964 -0.4147 0.8604
vn -0.2794 -0.4652 0.8399
vn -0.3252 -0.4770 0.8165
vn -0.3142 -0.5132 0.7987
vn -0.4125 -0.3389 0.8456
vn -0.3622 -0.4062 0.8389
vn -0.3366 -0.4131 0.8462
vn -0.3024 -0.4560 0.8370
vn -0.2805 -0.4490 0.8484
vn -0.2514 -0.5054 0.8255
vn -0.2535 -0.5044 0.8254
vn -0.2884 -0.5284 0.7985
vn -0.2762 -0.5460 0.7910
vn -0.3153 -0.5543 0.7703
vn -0.3055 -0.5828 0.7530
vn -0.4410 -0.3611 0.8217
vn -0.3857 -0.4333 0.8145
vn -0.2943 -0.4972 0.8162
vn -0.2587 -0.5350 0.8043
vn -0.2466 -0.5808 0.7758
vn -0.2451 -0.5824 0.7751
vn -0.2805 -0.6111 0.7402
vn -0.2972 -0.6004 0.7424
vn -0.3055 -0.6204 0.7223
vn -0.4870 -0.3917 0.7807
vn -0.4359 -0.4571 0.7753
vn -0.3835 -0.4462 0.8086
vn -0.3365 -0.4976 0.7995
vn -0.2489 -0.5544 0.7942
vn -0.2212 -0.5814 0.7829
vn -0.2363 -0.6494 0.7228
vn -0.2412 -0.6452 0.7249
vn -0.2966 -0.6551 0.6949
vn -0.2895 -0.6716 0.6820
vn -0.5416 -0.4274 0.7239
vn -0.4941 -0.4869 0.7202
vn -0.4374 -0.4776 0.7620
vn -0.3871 -0.5338 0.7518
vn -0.3353 -0.5206 0.7852
vn -0.2884 -0.5667 0.7718
vn -0.2073 -0.6042 0.7694
vn -0.1745 -0.6301 0.7567
vn -0.2154 -0.6305 0.7457
vn -0.2299 -0.6893 0.6871
vn -0.2879 -0.6968 0.6569
vn -0.2761 -0.7201 0.6365
vn -0.5984 -0.4693 0.6493
vn -0.5552 -0.5222 0.6474
vn -0.4956 -0.5154 0.6991
vn -0.4483 -0.5668 0.6912
vn -0.3878 -0.5539 0.7367
vn -0.3400 -0.6009 0.7234
vn -0.2870 -0.5849 0.7586
vn -0.2464 -0.6205 0.7445
vn -0.1550 -0.6809 0.7158
vn -0.1649 -0.6779 0.7164
vn -0.2355 -0.7013 0.6729
vn -0.2094 -0.7274 0.6535
vn -0.2732 -0.7430 0.6110
vn -0.2529 -0.7746 0.5797
vn -0.6523 -0.5166 0.5546
vn -0.6131 -0.5632 0.5541
vn -0.5559 -0.5603 0.6140
vn -0.5118 -0.6068 0.6082
vn -0.4486 -0.5968 0.6652
vn -0.4019 -0.6410 0.6539
vn -0.3400 -0.6251 0.7026
vn -0.2947 -0.6642 0.6871
vn -0.2421 -0.6463 0.7237
vn -0.2048 -0.6740 0.7098
vn -0.1678 -0.6647 0.7280
vn -0.1426 -0.6887 0.7109
vn -0.2025 -0.7140 0.6702
vn -0.1639 -0.7050 0.6900
vn -0.1431 -0.7253 0.6734
vn -0.2111 -0.7476 0.6297
vn -0.1872 -0.7720 0.6075
vn -0.2220 -0.7737 0.5934
vn -0.2460 -0.8042 0.5411
vn -0.2249 -0.8261 0.5167
vn -0.1862 -0.8415 0.5072
vn -0.6976 -0.5650 0.4405
vn -0.6614 -0.6065 0.4413
vn -0.6112 -0.6085 0.5060
vn -0.5697 -0.6506 0.5022
vn -0.5103 -0.6458 0.5679
vn -0.4644 -0.6873 0.5586
vn -0.4006 -0.6749 0.6197
vn -0.3533 -0.7134 0.6051
vn -0.2932 -0.6958 0.6556
vn -0.2489 -0.7288 0.6379
vn -0.2027 -0.7116 0.6727
vn -0.1657 -0.7370 0.6553
vn -0.1375 -0.7251 0.6747
vn -0.1135 -0.7541 0.6469
vn -0.1457 -0.7663 0.6257
vn -0.1241 -0.7830 0.6095
vn -0.1840 -0.8015 0.5690
vn -0.1612 -0.8146 0.5571
vn -0.2151 -0.8267 0.5199
vn -0.1772 -0.8481 0.4994
vn -0.2181 -0.8629 0.4558
vn -0.1801 -0.8747 0.4500
vn -0.1436 -0.9008 0.4098
vn -0.7292 -0.6077 0.3144
vn -0.6948 -0.6459 0.3165
vn -0.6549 -0.6528 0.3807
vn -0.6149 -0.6917 0.3786
vn -0.5646 -0.6932 0.4481
vn -0.5188 -0.7325 0.4408
vn -0.4602 -0.7264 0.5104
vn -0.4106 -0.7643 0.4972
vn -0.3495 -0.7508 0.5604
vn -0.2998 -0.7849 0.5423
vn -0.2449 -0.7673 0.5927
vn -0.1999 -0.7953 0.5723
vn -0.1610 -0.7801 0.6046
vn -0.1246 -0.8009 0.5857
vn -0.1068 -0.7933 0.5994
vn -0.0814 -0.8203 0.5662
vn -0.1223 -0.8293 0.5453
vn -0.0973 -0.8475 0.5218
vn -0.1530 -0.8626 0.4823
vn -0.1267 -0.8751 0.4671
vn -0.1743 -0.8839 0.4340
vn -0.1304 -0.9134 0.3856
vn -0.1373 -0.9160 0.3768
vn -0.0725 -0.9482 0.3092
vn -0.7453 -0.6391 0.1898
vn -0.7115 -0.6756 0.1932
vn -0.6831 -0.6860 0.2506
vn -0.6437 -0.7231 0.2504
vn -0.6052 -0.7303 0.3168
vn -0.5592 -0.7682 0.3117
vn -0.5108 -0.7695 0.3833
vn -0.4588 -0.8069 0.3721
vn -0.4036 -0.8006 0.4429
vn -0.3487 -0.8352 0.4254
vn -0.2932 -0.8221 0.4881
vn -0.2318 -0.8558 0.4625
vn -0.1913 -0.8436 0.5017
vn -0.1473 -0.0278 0.9887
vn -0.0720 -0.8669 0.4932
vn -0.0411 -0.8799 0.4734
vn -0.0896 -0.9015 0.4234
vn -0.0662 -0.9098 0.4096
vn -0.1147 -0.9190 0.3772
vn -0.0871 -0.9527 0.2911
vn -0.0255 -0.9706 0.2392
vn -0.2694 -0.6677 0.6940
vn -0.2424 -0.7155 0.6552
vn -0.2076 -0.7688 0.6048
vn -0.1653 -0.8349 0.5249
vn -0.1077 -0.8969 0.4288
vn -0.3470 0.1223 0.9299
vn -0.3473 0.0194 0.9376
vn -0.3426 0.0931 0.9349
vn -0.3415 -0.0870 0.9358
vn -0.3395 -0.0116 0.9405
vn -0.3022 0.1151 0.9463
vn -0.3389 -0.2062 0.9179
vn -0.3365 -0.1032 0.9360
vn -0.2806 0.0203 0.9596
vn -0.2780 0.0797 0.9573
vn -0.2194 0.1193 0.9683
vn -0.3233 -0.3176 0.8914
vn -0.3212 -0.2315 0.9183
vn -0.2910 -0.2158 0.9321
vn -0.2886 -0.1287 0.9488
vn -0.2540 -0.0938 0.9626
vn -0.2513 -0.0244 0.9676
vn -0.3034 -0.4185 0.8561
vn -0.3011 -0.3454 0.8888
vn -0.2650 -0.3283 0.9067
vn -0.2630 -0.2436 0.9335
vn -0.2140 -0.2164 0.9525
vn -0.2118 -0.1350 0.9679
vn -0.2819 -0.5029 0.8171
vn -0.2796 -0.4474 0.8495
vn -0.2363 -0.4289 0.8719
vn -0.2346 -0.3577 0.9039
vn -0.1776 -0.3290 0.9275
vn -0.1754 -0.2533 0.9513
vn -0.2594 -0.5703 0.7794
vn -0.2574 -0.5330 0.8060
vn -0.2060 -0.5137 0.8329
vn -0.2043 -0.4589 0.8647
vn -0.1400 -0.4298 0.8920
vn -0.1377 -0.3659 0.9204
vn -0.0599 -0.3244 0.9440
vn -0.2674 -0.6472 0.7139
vn -0.2348 -0.6307 0.7396
vn -0.2328 -0.6038 0.7624
vn -0.1739 -0.5841 0.7929
vn -0.1721 -0.5444 0.8210
vn -0.1017 -0.5159 0.8506
vn -0.0992 -0.4662 0.8791
vn -0.0189 -0.4273 0.9039
vn -0.0157 -0.3627 0.9318
vn -0.2402 -0.6993 0.6732
vn -0.1987 -0.6890 0.6970
vn -0.1971 -0.6641 0.7212
vn -0.1378 -0.6462 0.7506
vn -0.1359 -0.6173 0.7749
vn -0.0613 -0.5899 0.8051
vn -0.0587 -0.5529 0.8312
vn 0.0253 -0.5158 0.8564
vn 0.0287 -0.4672 0.8837
vn -0.2058 -0.7564 0.6209
vn -0.1591 -0.7462 0.6464
vn -0.1571 -0.7241 0.6716
vn -0.0951 -0.7072 0.7006
vn -0.0929 -0.6838 0.7237
vn -0.0159 -0.6580 0.7528
vn -0.0131 -0.6294 0.7770
vn 0.0776 -0.5924 0.8019
vn 0.0804 -0.5597 0.8248
vn -0.0000 -1.0000 0.0002
vn -0.1625 -0.8176 0.5524
vn -0.1108 -0.8080 0.5787
vn -0.1080 -0.7864 0.6082
vn -0.0441 -0.7708 0.6356
vn -0.0413 -0.7492 0.6611
vn 0.0367 -0.7251 0.6877
vn 0.0399 -0.7008 0.7123
vn -0.0000 -1.0000 -0.0001
vn -0.0000 -1.0000 0.0001
vn -0.1039 -0.8769 0.4692
vn -0.0556 -0.8691 0.4915
vn -0.0519 -0.8490 0.5258
vn 0.0137 -0.8345 0.5509
vn 0.0175 -0.8140 0.5807
vn 0.0960 -0.7913 0.6039
vn 0.1002 -0.7691 0.6312
vn -0.8097 -0.0020 -0.5869
vn -0.6256 0.7742 -0.0963
vn -0.8096 -0.0001 -0.5870
vn -0.0534 -0.9269 0.3714
vn 0.0002 -0.9250 0.3800
vn 0.0062 -0.9047 0.4259
vn 0.0738 -0.8908 0.4484
vn 0.0788 -0.8729 0.4815
vn 0.1579 -0.8509 0.5011
vn 0.1634 -0.8312 0.5315
vn 0.0804 0.9966 -0.0204
vn 0.0530 -0.9630 0.2642
vn 0.0534 -0.9474 0.3157
vn 0.1297 -0.9324 0.3374
vn 0.1359 -0.9187 0.3708
vn 0.2155 -0.8966 0.3867
vn 0.2224 -0.8806 0.4185
vn -0.8096 -0.0000 -0.5870
vn 0.0796 0.9966 -0.0214
vn 0.6404 0.5828 0.5002
vn -0.2471 0.7100 0.6594
vn 0.4589 0.2605 0.8495
vn -0.3299 0.2696 -0.9047
vn 0.6185 0.5895 0.5195
vn -0.4801 0.8180 0.3167
vn 0.6362 0.5449 0.5461
vn 0.6261 0.5547 0.5480
vn 0.7006 0.6058 0.3771
vn 0.6002 0.5593 0.5718
vn 0.5859 0.5607 0.5851
vn 0.5740 0.5761 0.5819
vn 0.6031 0.6049 0.5199
vn 0.0654 -0.3205 0.9450
vn -0.8096 -0.0003 -0.5870
vn -0.2822 -0.2518 -0.9257
vn -0.2827 0.7109 0.6440
vn 0.6208 0.5945 0.5110
vn -0.3939 0.4568 -0.7976
vn -0.2863 -0.4410 -0.8506
vn 0.2203 -0.9688 0.1136
vn -0.8100 -0.0005 -0.5864
vn -0.8081 0.0001 -0.5891
vn -0.8135 -0.0003 -0.5815
vn -0.3885 0.3899 -0.8349
vn 0.4492 -0.8769 0.1709
vn -0.4209 0.5257 -0.7393
vn -0.4745 0.5571 -0.6815
vn -0.8954 0.4430 0.0449
vn -0.6586 0.7519 0.0295
vn -0.5042 0.7515 -0.4255
vn -0.5698 0.7724 -0.2804
vn -0.7829 -0.6099 0.1229
vn -0.6865 -0.7200 -0.1012
vn -0.7359 -0.6764 0.0302
vn 0.2429 -0.9594 0.1432
vn -0.3203 -0.6333 -0.7045
vn 0.2774 -0.8681 0.4117
vn 0.4864 -0.8426 -0.2312
vn 0.3397 -0.8228 0.4557
vn 0.7029 0.6007 0.3809
vn -0.3773 0.4477 -0.8107
vn -0.5854 -0.7742 -0.2407
vn -0.7592 -0.6395 0.1212
vn 0.2584 -0.9367 0.2362
vn 0.2587 -0.8536 0.4522
vn 0.2692 -0.9038 0.3328
vn 0.4787 -0.8780 0.0017
vn 0.5109 -0.8534 -0.1032
vn 0.7030 0.6008 0.3806
vn 0.1322 -0.6372 0.7593
vn 0.1530 -0.5195 0.8407
vn -0.2786 -0.3519 -0.8936
vn 0.4505 -0.8666 0.2146
vn 0.0308 0.6830 -0.7298
vn 0.5645 0.2725 -0.7791
vn 0.5686 0.2709 -0.7767
vn 0.0804 0.9965 -0.0219
vn -0.8095 -0.0007 -0.5871
vn 0.5922 0.5297 0.6073
vn 0.6868 0.5361 0.4907
vn 0.6962 0.4543 -0.5558
vn 0.5650 0.2723 -0.7788
vn 0.5645 0.2725 -0.7792
vn 0.5646 0.2721 -0.7792
vn 0.5645 0.2724 -0.7792
vn 0.5644 0.2725 -0.7792
vn 0.5646 0.2726 -0.7791
vn 0.5645 0.2726 -0.7792
vn 0.5643 0.2725 -0.7793
vn 0.5645 0.2726 -0.7791
vn 0.5450 0.2604 -0.7970
vn 0.5649 0.2727 -0.7788
vn 0.5648 0.2726 -0.7789
vn 0.5642 0.2724 -0.7794
vn 0.5644 0.2726 -0.7792
vn 0.5658 0.2732 -0.7779
vn 0.0567 0.7022 -0.7097
vn 0.0798 0.9966 -0.0216
vn 0.0795 0.9966 -0.0213
vn 0.0798 0.9966 -0.0214
vn 0.0797 0.9966 -0.0214
vn 0.0793 0.9966 -0.0211
vn 0.0795 0.9966 -0.0224
vn 0.0798 0.9966 -0.0212
vn 0.0796 0.9966 -0.0217
vn 0.0796 0.9966 -0.0216
vn 0.0796 0.9966 -0.0213
vn 0.0796 0.9966 -0.0215
vn 0.0795 0.9966 -0.0214
vn 0.0798 0.9966 -0.0215
vn -0.4412 0.8689 0.2245
vn 0.0794 0.9966 -0.0209
vn 0.0797 0.9966 -0.0213
vn 0.0800 0.9966 -0.0217
vn 0.0805 0.9965 -0.0220
vn 0.0792 0.9966 -0.0211
vn 0.0798 0.9966 -0.0211
vn 0.0809 0.9965 -0.0223
vn -0.4903 0.8689 0.0682
vn -0.5768 0.8017 0.1565
vn 0.0799 0.9966 -0.0212
vn 0.0781 0.9967 -0.0232
vn 0.0816 0.9965 -0.0205
vn 0.0845 0.9963 -0.0176
vn 0.0793 0.9966 -0.0221
vn 0.0795 0.9966 -0.0216
vn -0.6173 0.7865 -0.0166
vn -0.6427 0.7639 0.0583
vn -0.6811 0.7288 0.0707
vn 0.1311 0.4959 -0.8584
vn 0.1305 0.5435 -0.8292
vn -0.8097 -0.0001 -0.5869
vn -0.5523 0.8138 -0.1810
vn -0.5884 0.7912 -0.1670
vn -0.5873 0.7913 -0.1698
vn -0.6496 0.7445 -0.1541
vn -0.6693 0.7352 -0.1078
vn -0.7076 0.6999 -0.0973
vn -0.7356 0.6769 -0.0250
vn -0.7589 0.6510 -0.0180
vn -0.8095 0.0023 -0.5871
vn -0.8097 -0.0003 -0.5868
vn -0.8093 -0.0000 -0.5874
vn -0.8096 0.0004 -0.5870
vn -0.8192 0.0013 -0.5735
vn -0.6534 0.7322 -0.1925
vn -0.6301 0.7366 -0.2458
vn -0.6864 0.6893 -0.2318
vn -0.6871 0.6891 -0.2303
vn -0.7306 0.6466 -0.2193
vn -0.7472 0.6394 -0.1815
vn -0.7700 0.6147 -0.1709
vn -0.7993 0.5919 -0.1040
vn -0.8096 0.5783 -0.1010
vn -0.8097 0.0002 -0.5868
vn -0.8095 -0.0000 -0.5871
vn -0.6318 0.7742 -0.0381
vn -0.6772 0.7357 -0.0102
vn -0.6471 0.7490 -0.1424
vn -0.7243 0.6795 -0.1173
vn -0.6784 0.6933 -0.2431
vn -0.7389 0.6349 -0.2257
vn -0.7116 0.6403 -0.2893
vn -0.7446 0.6118 -0.2669
vn -0.8000 0.5565 -0.2245
vn -0.8322 0.5313 -0.1589
vn -0.8344 0.5282 -0.1571
vn -0.8398 0.5176 -0.1641
vn -0.8646 0.4915 -0.1043
vn -0.8372 0.5143 -0.1859
vn -0.8463 0.5016 -0.1794
vn -0.8537 0.5128 -0.0911
vn -0.8745 0.4843 -0.0268
vn -0.8091 0.5417 -0.2278
vn -0.8282 0.5304 -0.1811
vn -0.8327 0.5387 -0.1280
vn -0.8099 0.5708 -0.1351
vn -0.8024 0.5654 -0.1909
vn -0.8627 0.4977 -0.0896
vn -0.8655 0.5007 -0.0161
vn -0.8813 0.4690 0.0578
vn -0.8143 0.5803 -0.0134
vn -0.8073 0.5816 -0.1002
vn -0.8193 0.5513 -0.1576
vn -0.8544 0.5169 -0.0525
vn -0.9021 0.4260 0.0685
vn -0.8091 0.5842 0.0634
vn -0.8146 0.5724 0.0939
vn -0.8122 0.5834 0.0079
vn -0.8434 0.5190 -0.1389
vn -0.8837 0.4648 -0.0561
vn -0.9059 0.4235 -0.0062
vn -0.9010 0.4281 0.0706
vn -0.9259 0.3585 0.1192
vn -0.8385 0.5440 0.0310
vn -0.8270 0.5508 -0.1125
vn -0.8540 0.5152 -0.0724
vn -0.8441 0.5177 -0.1396
vn -0.8781 0.4660 -0.1089
vn -0.9191 0.3938 -0.0138
vn -0.9444 0.3274 0.0299
vn -0.9393 0.3280 0.1008
vn -0.9548 0.2579 0.1477
vn -0.8307 0.5469 0.1043
vn -0.8278 0.5553 0.0795
vn -0.8518 0.5135 0.1041
vn -0.8513 0.5245 0.0084
vn -0.8767 0.4794 0.0389
vn -0.8694 0.4847 -0.0959
vn -0.9014 0.4288 -0.0599
vn -0.8959 0.4282 -0.1189
vn -0.9284 0.3621 -0.0836
vn -0.9255 0.3667 -0.0948
vn -0.9590 0.2803 -0.0416
vn -0.9597 0.2811 0.0013
vn -0.9780 0.2022 0.0507
vn -0.9724 0.2023 0.1163
vn -0.9782 0.1279 0.1635
vn -0.9199 0.3807 -0.0938
vn -0.9511 0.3050 -0.0478
vn -0.9447 0.3046 -0.1216
vn -0.9732 0.2188 -0.0714
vn -0.9726 0.2187 -0.0795
vn -0.9909 0.1315 -0.0284
vn -0.9912 0.1318 0.0102
vn -0.9970 0.0506 0.0586
vn -0.9913 0.0507 0.1217
vn -0.9862 -0.0203 0.1645
vn 0.1549 0.2257 -0.9618
vn -0.9468 0.3217 -0.0000
vn -0.9728 0.2240 0.0590
vn -0.9653 0.2468 -0.0848
vn -0.9890 0.1443 -0.0318
vn -0.9827 0.1442 -0.1163
vn -0.9967 0.0506 -0.0636
vn -0.9959 0.0505 -0.0747
vn -0.9990 -0.0359 -0.0256
vn -0.9993 -0.0360 0.0108
vn -0.9925 -0.1098 0.0537
vn -0.9871 -0.1099 0.1166
vn -0.9736 -0.1701 0.1522
vn 0.0553 0.6656 -0.7442
vn -0.0003 -1.0000 -0.0003
vn -0.9958 0.0500 -0.0767
vn -0.9989 -0.0354 -0.0317
vn -0.9931 -0.0354 -0.1118
vn -0.9903 -0.1243 -0.0619
vn -0.9895 -0.1242 -0.0741
vn -0.9794 -0.1996 -0.0311
vn -0.9798 -0.2000 0.0044
vn -0.9649 -0.2598 0.0394
vn -0.9601 -0.2602 0.1030
vn -0.9429 -0.3065 0.1305
vn 0.1188 -0.3639 0.9238
vn -0.1917 0.0874 0.9776
vn -0.9924 -0.1034 -0.0665
vn -0.9780 -0.2076 -0.0224
vn -0.9723 -0.2076 -0.1073
vn -0.9573 -0.2821 -0.0641
vn -0.9564 -0.2819 -0.0762
vn -0.9391 -0.3411 -0.0412
vn -0.9397 -0.3419 -0.0065
vn -0.9220 -0.3867 0.0206
vn -0.9180 -0.3876 0.0844
vn -0.9009 -0.4212 0.1050
vn -0.9615 -0.2661 0.0682
vn -0.9519 -0.2993 -0.0652
vn -0.9353 -0.3523 -0.0331
vn -0.9303 -0.3522 -0.1025
vn -0.9083 -0.4131 -0.0651
vn -0.9015 -0.4239 -0.0877
vn -0.8940 -0.4478 -0.0146
vn -0.8733 -0.4872 -0.0042
vn -0.8699 -0.4890 0.0648
vn -0.8542 -0.5136 0.0805
vn -0.9373 -0.3475 0.0257
vn -0.9121 -0.4053 0.0614
vn -0.9093 -0.4111 -0.0652
vn -0.8858 -0.4629 -0.0320
vn -0.8820 -0.4629 -0.0886
vn -0.8492 -0.5228 -0.0747
vn -0.8516 -0.5233 -0.0305
vn -0.8245 -0.5655 -0.0170
vn -0.8218 -0.5679 0.0470
vn -0.8072 -0.5873 0.0600
vn -0.7475 -0.6598 0.0768
vn -0.7136 -0.7004 0.0124
vn -0.6653 -0.7457 -0.0359
vn -0.6280 -0.7782 0.0051
vn -0.6003 -0.7966 0.0705
vn -0.5697 -0.8092 0.1436
vn -0.7318 -0.6777 0.0721
vn -0.6949 -0.7080 0.1258
vn -0.6800 -0.7331 0.0156
vn -0.6578 -0.7512 0.0549
vn -0.6763 -0.7269 0.1198
vn -0.6289 -0.7555 0.1837
vn -0.6302 -0.7743 0.0576
vn -0.5890 -0.7999 0.1153
vn -0.6044 -0.7772 0.1750
vn -0.5464 -0.8002 0.2473
vn -0.6185 -0.7853 -0.0280
vn -0.5914 -0.8064 0.0077
vn -0.5919 -0.8060 -0.0017
vn -0.5445 -0.8361 0.0665
vn -0.5550 -0.8253 0.1040
vn -0.5000 -0.8480 0.1758
vn -0.5136 -0.8254 0.2344
vn -0.4479 -0.8385 0.3105
vn -0.5810 -0.8138 -0.0092
vn -0.5507 -0.8340 0.0341
vn -0.5388 -0.8424 -0.0079
vn -0.4944 -0.8675 0.0550
vn -0.4936 -0.8683 0.0502
vn -0.4435 -0.8887 0.1159
vn -0.4526 -0.8775 0.1582
vn -0.3899 -0.8902 0.2358
vn -0.3947 -0.8727 0.2873
vn -0.3368 -0.8728 0.3533
vn -0.5271 -0.8471 0.0680
vn -0.2301 -0.8850 0.4048
vn -0.8063 -0.0001 -0.5915
vn -0.8170 -0.5562 0.1522
vn -0.3282 -0.0854 -0.9407
vn 0.1899 -0.5793 -0.7927
vn 0.1479 -0.9834 0.1048
vn 0.2726 -0.9480 0.1642
vn 0.2662 -0.9309 0.2501
vn 0.2771 -0.8958 0.3475
vn 0.2855 -0.8580 0.4270
vn 0.3083 -0.8336 0.4583
vn 0.0968 -0.9724 0.2125
vn 0.1622 -0.9703 0.1796
vn 0.1436 -0.9684 0.2041
vn 0.1758 -0.9463 0.2712
vn 0.2517 -0.9576 0.1403
vn 0.2342 -0.9567 0.1727
vn 0.2614 -0.9390 0.2234
vn 0.2357 -0.9346 0.2666
vn 0.2608 -0.9111 0.3192
vn 0.2742 -0.9486 0.1579
vn 0.2974 -0.9443 0.1409
vn 0.3258 -0.9262 0.1900
vn 0.3119 -0.9250 0.2169
vn 0.3375 -0.9032 0.2652
vn 0.3096 -0.8975 0.3139
vn 0.3055 -0.9389 0.1587
vn 0.3285 -0.9235 0.1979
vn 0.3516 -0.9249 0.1447
vn 0.3759 -0.9079 0.1855
vn 0.3780 -0.9080 0.1810
vn 0.3238 -0.9150 0.2407
vn 0.3460 -0.8952 0.2807
vn 0.3859 -0.9034 0.1866
vn 0.4099 -0.8832 0.2279
vn 0.4360 -0.8832 0.1728
vn 0.3254 -0.8821 0.3405
vn 0.3509 -0.8516 0.3895
vn 0.4049 -0.8739 0.2692
vn 0.3246 -0.8463 0.4223
vn 0.4514 -0.8753 0.1736
vn 0.4955 -0.8678 0.0363
vn 0.6129 -0.6773 -0.4070
vn 0.3970 -0.8676 0.2996
vn -0.8074 -0.0002 -0.5899
vn -0.8117 -0.0005 -0.5841
vn 0.5414 -0.7114 -0.4480
vn 0.8272 -0.2671 0.4944
vn -0.8096 -0.0001 -0.5869
vn -0.8095 0.0029 -0.5872
vn 0.1587 0.1208 -0.9799
vn 0.5211 -0.6865 -0.5071
vn 0.3074 -0.7426 -0.5951
vn 0.9678 0.0623 -0.2441
vn 0.8271 -0.2673 0.4944
vn 0.8271 -0.2672 0.4944
vn 0.8273 -0.2667 0.4943
vn 0.8270 -0.2671 0.4947
vn 0.8278 -0.2672 0.4932
vn 0.8275 -0.2664 0.4942
vn 0.8272 -0.2671 0.4943
vn 0.8265 -0.2671 0.4956
vn 0.8269 -0.2677 0.4945
vn 0.8273 -0.2671 0.4943
vn 0.8277 -0.2667 0.4937
vn 0.8255 -0.2735 0.4937
vn 0.8267 -0.2674 0.4951
vn 0.8271 -0.2678 0.4941
vn 0.8272 -0.2666 0.4946
vn 0.8272 -0.2668 0.4945
vn 0.8272 -0.2669 0.4945
vn 0.8272 -0.2672 0.4944
vn 0.3124 -0.8422 -0.4395
vn -0.4886 -0.7760 -0.3988
vn -0.3267 -0.7477 -0.5782
vn -0.4328 -0.7463 -0.5057
vn -0.6129 -0.7866 -0.0753
vn -0.2908 -0.8938 0.3415
vn 0.6606 0.5885 0.4661
vn -0.4590 -0.8877 0.0367
vn -0.2283 -0.7415 -0.6310
vn 0.0017 -1.0000 -0.0002
vn -0.0041 -1.0000 0.0022
vn 0.0024 -1.0000 0.0009
vn -0.0027 -1.0000 -0.0020
vn -0.0009 -1.0000 -0.0003
vn -0.0000 -1.0000 -0.0000
vn 0.0006 -1.0000 0.0014
vn 0.0006 -1.0000 0.0017
vn 0.0001 -1.0000 -0.0000
vn 0.0002 -1.0000 -0.0003
vn -0.8956 0.4447 0.0140
vn -0.0000 -1.0000 0.0008
vn -0.0006 -1.0000 -0.0018
vn 0.0003 -1.0000 -0.0003
vn -0.0018 -1.0000 0.0017
vn 0.0006 -1.0000 -0.0001
vn 0.0110 -0.9998 -0.0165
vn -0.0033 -1.0000 0.0040
vn 0.0002 -1.0000 -0.0001
vn -0.0004 -1.0000 0.0005
vn -0.7399 0.6313 -0.2323
vn -0.7271 0.6755 -0.1225
vn -0.7015 0.7117 -0.0380
vn -0.0007 -1.0000 -0.0005
vn 0.0053 -1.0000 0.0014
vn -0.7924 0.5534 -0.2566
vn -0.8080 0.5292 -0.2589
vn -0.7741 0.5709 -0.2736
vn -0.8050 0.5483 -0.2264
vn -0.7972 0.5672 -0.2068
vn -0.7972 0.5683 -0.2040
vn -0.8172 0.5478 -0.1791
vn -0.8125 0.5676 -0.1334
vn -0.7758 0.6236 -0.0960
vn -0.7789 0.6180 -0.1069
vn -0.8252 0.5591 -0.0807
vn -0.8227 0.5664 -0.0485
vn -0.8288 0.5582 -0.0379
vn -0.7475 0.6642 -0.0121
vn -0.7587 0.6510 -0.0251
vn -0.7970 0.6040 -0.0013
vn -0.7991 0.6012 -0.0054
vn -0.8299 0.5577 0.0149
vn -0.8231 0.5642 0.0650
vn -0.8203 0.5674 0.0722
vn -0.8204 0.5624 0.1027
vn -0.6463 0.7624 0.0319
vn -0.7140 0.6982 0.0529
vn -0.7352 0.6765 0.0428
vn -0.7691 0.6353 0.0707
vn -0.8049 0.5895 0.0677
vn -0.7986 0.5969 0.0770
vn -0.8236 0.5580 0.1015
vn -0.8102 0.5734 0.1220
vn -0.8094 0.5747 0.1208
vn -0.6779 0.7351 -0.0085
vn -0.7331 0.6799 0.0166
vn -0.7372 0.6756 0.0085
vn -0.7765 0.6300 0.0096
vn -0.7967 0.6024 0.0492
vn -0.8063 0.5905 0.0341
vn -0.8049 0.5906 0.0567
vn -0.5946 0.7954 -0.1172
vn -0.6522 0.7522 -0.0940
vn -0.6706 0.7317 -0.1222
vn -0.7183 0.6883 -0.1016
vn -0.7268 0.6772 -0.1148
vn -0.7621 0.6402 -0.0968
vn -0.7631 0.6387 -0.0992
vn -0.7835 0.6148 -0.0904
vn -0.7902 0.6083 -0.0744
vn 0.0004 -1.0000 0.0005
vn -0.0000 -0.9998 -0.0208
vn -0.5496 0.7964 -0.2523
vn -0.6279 0.7329 -0.2618
vn -0.6403 0.7133 -0.2849
vn -0.6836 0.6788 -0.2684
vn -0.6912 0.6649 -0.2830
vn -0.7228 0.6403 -0.2599
vn -0.7293 0.6283 -0.2707
vn -0.7442 0.6189 -0.2513
vn -0.0015 -1.0000 -0.0003
vn 0.0005 -1.0000 0.0004
vn -0.4390 0.7882 -0.4313
vn -0.5169 0.7257 -0.4541
vn -0.5711 0.6928 -0.4402
vn -0.5809 0.6691 -0.4636
vn -0.6264 0.6450 -0.4377
vn -0.6366 0.6182 -0.4610
vn -0.6620 0.6110 -0.4341
vn -0.0001 -1.0000 0.0002
vn -0.0001 -1.0000 -0.0000
vn -0.3614 0.7484 -0.5561
vn -0.3659 0.7205 -0.5891
vn -0.4387 0.6869 -0.5794
vn -0.4469 0.6613 -0.6024
vn -0.5023 0.6300 -0.5922
vn -0.5030 0.6173 -0.6050
vn -0.5543 0.5824 -0.5946
vn -0.5583 0.5910 -0.5823
vn 0.0004 -1.0000 -0.0002
vn -0.2355 0.7024 -0.6717
vn -0.3025 0.6858 -0.6619
vn -0.3139 0.6453 -0.6965
vn -0.3746 0.6176 -0.6916
vn -0.3783 0.6001 -0.7048
vn -0.4289 0.5725 -0.6988
vn -0.4288 0.5693 -0.7014
vn -0.4703 0.5450 -0.6941
vn -0.0008 -1.0000 0.0001
vn -0.1101 0.6819 -0.7231
vn -0.1806 0.6657 -0.7240
vn -0.1926 0.6340 -0.7490
vn -0.2614 0.6083 -0.7494
vn -0.2655 0.5916 -0.7612
vn -0.3239 0.5639 -0.7597
vn -0.3252 0.5540 -0.7664
vn -0.3810 0.5380 -0.7519
vn -0.3819 0.5243 -0.7611
vn -0.7758 -0.6302 0.0325
vn -0.8042 -0.5931 -0.0377
vn -0.8298 -0.5510 -0.0887
vn -0.8551 -0.5148 -0.0613
vn -0.8845 -0.4656 0.0289
vn -0.7706 -0.6373 -0.0094
vn -0.7389 -0.6727 -0.0372
vn -0.7375 -0.6738 -0.0456
vn -0.7989 -0.5972 -0.0716
vn -0.7725 -0.6289 -0.0878
vn -0.7227 -0.6887 -0.0575
vn -0.6795 -0.7316 -0.0556
vn -0.8388 -0.5435 -0.0331
vn -0.8045 -0.5909 -0.0605
vn -0.7874 -0.6156 -0.0327
vn -0.7563 -0.6514 -0.0609
vn -0.7226 -0.6902 -0.0394
vn -0.7088 -0.7038 -0.0478
vn -0.6866 -0.7269 -0.0136
vn -0.6529 -0.7568 -0.0321
vn -0.8665 -0.4960 0.0558
vn -0.8320 -0.5542 0.0235
vn -0.8171 -0.5747 0.0448
vn -0.7834 -0.6212 0.0184
vn -0.7699 -0.6371 0.0376
vn -0.7388 -0.6737 0.0165
vn -0.7215 -0.6912 0.0408
vn -0.6891 -0.7244 0.0214
vn -0.6655 -0.7444 0.0541
vn -0.6273 -0.7781 0.0340
vn -0.8637 -0.4944 0.0977
vn -0.8360 -0.5350 0.1222
vn -0.8102 -0.5771 0.1023
vn -0.7902 -0.5996 0.1268
vn -0.7833 -0.6096 0.1215
vn -0.7481 -0.6496 0.1360
vn -0.7329 -0.6691 0.1234
vn -0.7002 -0.6997 0.1416
vn -0.6650 -0.7381 0.1139
vn -0.6394 -0.7551 0.1449
vn -0.6759 -0.7162 0.1741
vn -0.7824 -0.6110 0.1207
vn -0.7348 -0.6645 0.1361
vn -0.7159 -0.6865 0.1278
vn -0.6914 -0.7086 0.1408
vn -0.6560 -0.7447 0.1229
vn -0.7477 -0.6636 0.0235
vn -0.7104 -0.7011 0.0616
vn -0.6650 -0.7458 0.0391
vn -0.6495 -0.7574 0.0667
vn -0.6809 -0.7275 -0.0847
vn -0.6499 -0.7584 -0.0491
vn -0.6343 -0.7322 -0.2479
vn -0.5332 -0.7538 -0.3840
vn -0.4492 -0.7057 -0.5478
vn -0.3956 -0.6756 -0.6222
vn -0.3465 -0.6907 -0.6348
vn -0.3165 -0.6700 -0.6716
vn -0.2426 -0.6971 -0.6747
vn 0.2048 -0.9665 0.1548
vn 0.2134 -0.9457 0.2453
vn 0.2207 -0.9131 0.3428
vn 0.2345 -0.8778 0.4177
vn 0.3028 -0.8412 0.4479
vn 0.3024 -0.8398 0.4509
vn 0.3385 -0.8538 0.3956
vn 0.4647 -0.8713 -0.1575
vn 0.5001 -0.8330 -0.2366
vn 0.5993 -0.7607 -0.2494
vn 0.3322 -0.8708 0.3624
vn 0.6153 -0.7082 -0.3462
vn 0.4139 -0.8590 0.3013
vn 0.4033 -0.8869 0.2252
vn -0.3668 0.7582 0.5391
vn 0.4532 0.2575 0.8534
vn -0.2156 0.7373 0.6402
vn 0.1586 -0.4550 0.8763
vn 0.3025 -0.8322 0.4647
vn 0.2371 -0.8054 0.5432
vn 0.2517 -0.7782 0.5754
vn 0.1785 -0.7410 0.6473
vn 0.1922 -0.7123 0.6751
vn 0.2907 -0.8566 0.4264
vn 0.4545 0.2585 0.8524
vn 0.5491 -0.8135 -0.1915
vn 0.5621 -0.7880 -0.2512
vn 0.2198 -0.3738 -0.9011
vn -0.2915 -0.6140 -0.7335
vn -0.3700 0.3024 -0.8784
vn -0.3584 0.3716 -0.8564
vn -0.2850 -0.5633 -0.7755
vn -0.2859 -0.5086 -0.8121
vn 0.6772 0.5743 0.4600
vn 0.6856 0.5364 0.4922
vn 0.3953 -0.8691 0.2974
vn 0.4540 0.2598 0.8523
vn -0.1607 0.6443 0.7477
vn -0.2493 0.6096 0.7525
vn -0.1092 -0.2147 0.9706
vn -0.1537 -0.0987 0.9832
vn -0.1940 0.0132 0.9809
vn 0.3726 -0.8910 0.2596
vn -0.2294 0.4023 0.8863
vn 0.4569 -0.8600 0.2270
vn -0.2196 0.3220 0.9209
vn -0.0404 0.6825 -0.7298
vn 0.3454 -0.8422 0.4140
vn -0.0398 0.6819 -0.7304
vn 0.4117 -0.8389 0.3560
vn 0.4545 0.2587 0.8523
vn -0.1996 0.2383 0.9505
vn 0.0085 0.7023 -0.7118
vn 0.0106 0.7041 -0.7100
vn 0.0548 0.7036 -0.7085
vn 0.0598 0.7218 -0.6895
vn 0.0786 0.7199 -0.6896
vn 0.0862 0.6476 -0.7571
vn 0.1012 0.6866 -0.7200
vn 0.0775 0.7162 -0.6936
vn 0.1011 0.7255 -0.6807
vn 0.2169 -0.6212 -0.7531
vn 0.1172 0.6638 -0.7387
vn 0.1179 0.7156 -0.6885
vn 0.0934 0.7086 -0.6994
vn 0.0424 0.6890 -0.7235
vn -0.0063 0.6719 -0.7406
vn -0.0196 0.6814 -0.7316
vn -0.0780 0.6633 -0.7443
vn 0.0955 0.7101 -0.6976
vn 0.0331 0.6894 -0.7236
vn -0.0163 0.6621 -0.7493
vn -0.0782 0.6372 -0.7667
vn -0.0828 0.6331 -0.7696
vn -0.1558 0.6012 -0.7838
vn 0.0962 0.7131 -0.6944
vn 0.0908 0.7102 -0.6981
vn -0.1563 0.6006 -0.7841
vn -0.2324 0.5642 -0.7923
vn 0.0366 0.6922 -0.7208
vn -0.0238 0.6715 -0.7406
vn -0.0886 0.6502 -0.7546
vn -0.1765 0.6135 -0.7697
vn -0.2294 0.5673 -0.7909
vn -0.2874 0.5380 -0.7924
vn -0.3012 0.5358 -0.7888
vn 0.0895 0.6815 -0.7263
vn 0.0665 0.6728 -0.7368
vn -0.0243 0.6711 -0.7409
vn -0.0791 0.6510 -0.7549
vn -0.3228 0.5217 -0.7897
vn -0.3627 0.5134 -0.7777
vn 0.1108 0.6309 -0.7679
vn 0.0610 0.6587 -0.7499
vn 0.0229 0.6375 -0.7701
vn -0.1609 0.6273 -0.7620
vn -0.2474 0.5888 -0.7695
vn -0.3608 0.5220 -0.7729
vn 0.2159 -0.6936 -0.6872
vn 0.1169 0.6036 -0.7887
vn 0.1160 0.6019 -0.7901
vn 0.0483 0.5979 -0.8001
vn 0.0205 0.6302 -0.7761
vn -0.0356 0.6076 -0.7935
vn -0.0788 0.6247 -0.7768
vn -0.1279 0.6034 -0.7871
vn -0.2419 0.5936 -0.7675
vn -0.2965 0.5673 -0.7683
vn -0.3048 0.5656 -0.7663
vn -0.3524 0.5396 -0.7647
vn -0.3351 0.5415 -0.7710
vn -0.3637 0.5256 -0.7691
vn 0.1153 0.5657 -0.8165
vn 0.0806 0.5518 -0.8301
vn 0.0478 0.5759 -0.8162
vn 0.0018 0.5567 -0.8307
vn -0.0372 0.5847 -0.8104
vn -0.0914 0.5611 -0.8227
vn -0.1320 0.5895 -0.7969
vn -0.1945 0.5595 -0.8057
vn -0.3774 0.5025 -0.7779
vn 0.1162 0.4850 -0.8667
vn 0.0807 0.5123 -0.8550
vn 0.0415 0.4947 -0.8681
vn 0.0007 0.5255 -0.8508
vn -0.0498 0.5021 -0.8634
vn -0.0936 0.5343 -0.8401
vn -0.1515 0.5062 -0.8490
vn -0.2006 0.5412 -0.8166
vn -0.2594 0.5106 -0.8197
vn -0.2990 0.5260 -0.7962
vn -0.3394 0.5050 -0.7936
vn -0.3584 0.5153 -0.7784
vn -0.3786 0.5033 -0.7767
vn 0.1397 0.4131 -0.8999
vn 0.1179 0.4362 -0.8921
vn 0.0801 0.4178 -0.9050
vn 0.0413 0.4487 -0.8927
vn -0.0048 0.4254 -0.9050
vn -0.0516 0.4619 -0.8854
vn -0.1036 0.4348 -0.8945
vn -0.1546 0.4735 -0.8671
vn -0.2191 0.4384 -0.8716
vn -0.2650 0.4722 -0.8407
vn -0.3156 0.4435 -0.8389
vn -0.3466 0.4658 -0.8142
vn 0.1427 0.3415 -0.9290
vn 0.1222 0.3220 -0.9388
vn 0.0813 0.3565 -0.9307
vn 0.0400 0.3335 -0.9419
vn -0.0055 0.3712 -0.9286
vn -0.0530 0.3440 -0.9375
vn -0.1062 0.3869 -0.9160
vn -0.1688 0.3500 -0.9214
vn -0.2239 0.3932 -0.8918
vn -0.2783 0.3599 -0.8905
vn -0.3229 0.3940 -0.8605
vn 0.2625 -0.7295 -0.6315
vn -0.2847 0.2978 -0.9112
vn -0.1724 0.2909 -0.9411
vn -0.0542 0.2785 -0.9589
vn 0.0409 0.2621 -0.9642
vn 0.1253 0.2543 -0.9590
vn -0.2294 0.2529 -0.9399
vn -0.2337 0.1769 -0.9561
vn -0.2946 0.1352 -0.9460
vn -0.2956 0.0548 -0.9537
vn -0.1065 0.2410 -0.9647
vn -0.1080 0.1663 -0.9801
vn -0.1653 0.1243 -0.9784
vn -0.1667 0.0334 -0.9854
vn -0.2181 -0.0049 -0.9759
vn -0.2182 -0.1061 -0.9701
vn -0.2698 -0.1448 -0.9520
vn -0.2652 -0.2326 -0.9357
vn -0.2925 -0.3606 -0.8857
vn -0.2924 -0.4437 -0.8471
vn -0.2921 -0.5109 -0.8085
vn -0.2993 -0.5698 -0.7653
vn 0.0064 0.2353 -0.9719
vn 0.0074 0.1492 -0.9888
vn -0.0362 0.1147 -0.9927
vn -0.0351 0.0220 -0.9991
vn -0.0896 -0.0218 -0.9957
vn -0.0878 -0.1218 -0.9887
vn -0.1378 -0.1620 -0.9771
vn -0.1346 -0.2613 -0.9558
vn -0.1744 -0.2927 -0.9402
vn -0.1695 -0.3821 -0.9084
vn -0.1962 -0.4027 -0.8941
vn -0.1905 -0.4764 -0.8583
vn -0.2052 -0.4875 -0.8487
vn -0.1996 -0.5448 -0.8144
vn -0.2073 -0.5506 -0.8086
vn -0.2023 -0.5946 -0.7782
vn -0.2105 -0.6006 -0.7714
vn -0.2059 -0.6361 -0.7436
vn -0.2211 -0.6472 -0.7296
vn -0.2166 -0.6787 -0.7017
vn 0.0930 0.2273 -0.9694
vn 0.0960 0.1356 -0.9861
vn 0.0656 0.1097 -0.9918
vn 0.0688 0.0050 -0.9976
vn 0.0344 -0.0247 -0.9991
vn 0.0378 -0.1330 -0.9904
vn -0.0087 -0.1730 -0.9849
vn -0.0048 -0.2742 -0.9617
vn -0.0503 -0.3126 -0.9486
vn -0.0456 -0.4022 -0.9144
vn -0.0817 -0.4316 -0.8984
vn -0.0764 -0.5038 -0.8604
vn -0.1008 -0.5230 -0.8463
vn -0.0957 -0.5770 -0.8111
vn -0.1099 -0.5880 -0.8014
vn -0.1048 -0.6330 -0.7670
vn -0.1117 -0.6353 -0.7641
vn -0.1254 -0.6705 -0.7313
vn -0.1083 -0.7017 -0.7042
vn -0.1325 -0.7124 -0.6892
vn 0.1483 0.1024 -0.9836
vn 0.1556 0.0044 -0.9878
vn 0.1205 -0.0276 -0.9923
vn 0.1252 -0.1457 -0.9814
vn 0.0985 -0.1699 -0.9805
vn 0.1031 -0.2850 -0.9530
vn 0.0686 -0.3158 -0.9463
vn 0.0730 -0.4105 -0.9090
vn 0.0345 -0.4435 -0.8956
vn 0.0390 -0.5191 -0.8538
vn 0.0090 -0.5438 -0.8392
vn 0.0134 -0.5990 -0.8006
vn -0.0068 -0.6151 -0.7884
vn -0.0025 -0.6582 -0.7528
vn -0.0220 -0.6663 -0.7453
vn -0.0126 -0.7183 -0.6956
vn -0.0395 -0.7239 -0.6888
vn 0.1827 -0.0256 -0.9828
vn 0.1890 -0.1457 -0.9711
vn 0.1649 -0.1684 -0.9718
vn 0.1698 -0.2912 -0.9415
vn 0.1496 -0.3097 -0.9390
vn 0.1540 -0.4201 -0.8943
vn 0.1326 -0.4391 -0.8886
vn 0.1364 -0.5246 -0.8403
vn 0.1082 -0.5486 -0.8290
vn 0.1118 -0.6094 -0.7849
vn 0.0892 -0.6279 -0.7731
vn 0.0923 -0.6687 -0.7378
vn 0.0726 -0.6844 -0.7255
vn 0.0850 -0.7123 -0.6967
vn 0.0495 -0.7362 -0.6750
vn 0.2052 -0.1610 -0.9654
vn 0.2099 -0.2876 -0.9345
vn 0.1980 -0.3053 -0.9315
vn 0.2024 -0.4169 -0.8862
vn 0.1867 -0.4348 -0.8809
vn 0.1909 -0.5290 -0.8269
vn 0.1787 -0.5414 -0.8215
vn 0.1825 -0.6142 -0.7677
vn 0.1657 -0.6281 -0.7603
vn 0.1683 -0.6755 -0.7179
vn 0.1535 -0.6874 -0.7098
vn 0.1559 -0.7206 -0.6756
vn 0.1405 -0.7280 -0.6710
vn 0.1478 -0.7584 -0.6348
vn 0.2132 -0.2892 -0.9332
vn 0.2038 -0.6236 -0.7547
vn 0.2069 -0.6872 -0.6964
vn 0.2074 -0.6865 -0.6969
vn 0.2099 -0.7242 -0.6568
vn 0.1970 -0.7310 -0.6533
vn 0.2016 -0.7674 -0.6086
vn 0.1981 -0.7687 -0.6082
vn 0.0007 -1.0000 0.0006
vn 0.2301 -0.7697 -0.5955
vn 0.2205 -0.7313 -0.6455
vn 0.2024 -0.5342 -0.8208
vn 0.2063 -0.4195 -0.8840
vn 0.2244 -0.7745 -0.5915
vn 0.2434 -0.7906 -0.5618
vn 0.2273 -0.7679 -0.5989
vn 0.2264 -0.7755 -0.5894
vn 0.2131 -0.8076 -0.5499
vn 0.1743 -0.8064 -0.5650
vn -0.3381 0.1834 -0.9231
vn 0.1915 -0.7664 -0.6131
vn 0.1865 -0.8025 -0.5668
vn 0.1789 -0.7987 -0.5745
vn 0.1959 -0.6742 -0.7121
vn 0.1954 -0.7476 -0.6348
vn 0.1770 -0.7295 -0.6607
vn 0.1780 -0.7817 -0.5976
vn 0.1350 -0.8217 -0.5537
vn 0.1417 -0.8280 -0.5426
vn 0.2075 -0.6138 -0.7617
vn 0.1433 -0.7762 -0.6140
vn 0.1408 -0.8045 -0.5770
vn 0.1362 -0.7957 -0.5902
vn 0.1678 -0.8248 -0.5400
vn 0.1879 -0.8304 -0.5246
vn 0.2117 -0.5040 -0.8373
vn 0.1760 -0.5987 -0.7814
vn 0.1792 -0.6846 -0.7065
vn 0.1622 -0.6675 -0.7267
vn 0.1613 -0.7364 -0.6570
vn 0.1511 -0.7122 -0.6855
vn 0.1486 -0.7665 -0.6249
vn 0.1715 -0.8026 -0.5713
vn 0.2197 -0.8256 -0.5198
vn 0.2609 -0.8332 -0.4875
vn 0.1833 -0.4899 -0.8523
vn 0.1724 -0.5771 -0.7983
vn 0.1765 -0.6429 -0.7453
vn 0.1892 -0.7194 -0.6683
vn 0.1886 -0.7497 -0.6343
vn 0.2139 -0.7623 -0.6109
vn 0.2137 -0.7810 -0.5868
vn 0.2526 -0.7938 -0.5532
vn 0.2527 -0.7944 -0.5523
vn 0.3050 -0.8086 -0.5032
vn 0.3051 -0.8077 -0.5046
vn 0.3542 -0.8184 -0.4525
vn 0.3523 -0.8265 -0.4392
vn 0.3931 -0.8307 -0.3943
vn 0.3941 -0.8338 -0.3867
vn 0.4390 -0.8372 -0.3262
vn 0.2645 -0.6828 -0.6810
vn 0.3058 -0.7599 -0.5736
vn 0.3542 -0.7716 -0.5284
vn 0.3533 -0.7781 -0.5194
vn 0.4008 -0.7870 -0.4691
vn 0.4004 -0.7890 -0.4661
vn 0.4441 -0.7946 -0.4140
vn 0.4430 -0.7989 -0.4070
vn 0.4815 -0.8012 -0.3553
vn 0.4777 -0.8124 -0.3344
vn 0.5104 -0.8116 -0.2843
vn 0.3597 -0.7034 -0.6131
vn 0.4101 -0.7142 -0.5672
vn 0.4078 -0.7337 -0.5436
vn 0.4536 -0.7408 -0.4954
vn 0.4517 -0.7512 -0.4813
vn 0.4914 -0.7550 -0.4342
vn 0.4896 -0.7625 -0.4230
vn 0.5227 -0.7636 -0.3790
vn 0.5195 -0.7743 -0.3614
vn 0.5469 -0.7734 -0.3207
vn 0.5403 -0.7906 -0.2881
vn 0.5403 -0.7166 -0.4411
vn 0.5677 -0.7168 -0.4048
vn 0.5640 -0.7314 -0.3834
vn 0.5922 -0.7297 -0.3418
vn 0.5843 -0.7443 -0.3235
vn 0.6148 -0.6381 -0.4635
vn 0.9675 0.0633 -0.2446
vn 0.6361 -0.6717 -0.3797
vn 0.8272 -0.2669 0.4944
vn 0.1786 -0.8095 -0.5594
vn 0.2583 -0.8283 -0.4972
vn 0.5397 -0.8204 -0.1888
vn 0.1302 -0.7660 -0.6295
vn 0.0593 -0.7470 -0.6621
vn 0.4340 -0.8531 -0.2896
vn -0.2294 -0.7500 -0.6203
vn -0.3259 -0.7397 -0.5887
vn -0.3866 -0.7739 -0.5016
vn -0.5719 -0.7926 -0.2115
vn -0.6305 -0.7613 0.1511
vn -0.6308 -0.7608 0.1528
vn -0.6025 -0.7769 0.1828
vn -0.4916 -0.8707 0.0152
vn -0.5481 -0.8347 0.0529
vn -0.0709 -0.9499 0.3044
vn -0.1235 -0.9325 0.3393
vn -0.0705 -0.8653 0.4962
vn -0.1028 -0.1381 0.9851
vn -0.1164 -0.8469 0.5189
vn -0.1500 -0.8600 0.4877
vn -0.0593 -0.2537 0.9655
vn -0.0905 -0.9275 0.3627
vn -0.5940 -0.7951 0.1226
vn -0.1983 0.5895 0.7831
vn -0.1404 -0.7424 -0.6550
vn 0.0945 -0.7214 -0.6861
vn -0.4798 0.4857 -0.7307
vn 0.1742 -0.7378 -0.6521
vn 0.1861 -0.7756 -0.6031
vn -0.2431 -0.5546 0.7958
vn -0.7681 0.4834 -0.4198
vn 0.7165 0.3203 0.6198
vn 0.7854 0.3014 0.5406
vn 0.8588 0.2774 0.4307
vn 0.9210 0.2503 0.2985
vn 0.9608 0.2247 0.1623
vn 0.9794 0.1971 0.0431
vn 0.9770 0.2095 -0.0402
vn 0.9695 0.2198 0.1082
vn 0.9371 0.1797 0.2992
vn 0.7343 0.3348 0.5905
vn 0.7157 0.4093 0.5659
vn 0.8067 0.3217 0.4957
vn 0.7924 0.3768 0.4797
vn 0.7268 0.4198 0.5437
vn 0.7182 0.4744 0.5090
vn 0.8779 0.3018 0.3717
vn 0.8648 0.3502 0.3598
vn 0.8122 0.3972 0.4274
vn 0.7965 0.4410 0.4137
vn 0.7413 0.4792 0.4699
vn 0.9327 0.2761 0.2320
vn 0.9208 0.3197 0.2233
vn 0.8796 0.3727 0.2957
vn 0.8662 0.4096 0.2862
vn 0.8131 0.4601 0.3566
vn 0.7960 0.4979 0.3442
vn 0.7356 0.5424 0.4058
vn 0.7217 0.5576 0.4101
vn 0.9635 0.2521 0.0895
vn 0.9549 0.2848 0.0843
vn 0.9267 0.3415 0.1571
vn 0.9121 0.3820 0.1486
vn 0.8769 0.4318 0.2112
vn 0.8651 0.4548 0.2115
vn 0.8214 0.5016 0.2713
vn 0.9489 0.3138 0.0335
vn 0.9364 0.3491 0.0358
vn 0.9196 0.3847 0.0793
vn 0.7975 0.5488 0.2508
vn 0.7457 0.5894 0.3109
vn 0.7638 0.5726 0.2979
vn 0.9754 0.2172 -0.0381
vn 0.9632 0.2652 -0.0436
vn 0.9595 0.2791 -0.0396
vn 0.8994 0.4330 0.0592
vn 0.8689 0.4804 0.1194
vn 0.8794 0.4636 0.1082
vn 0.8286 0.5266 0.1901
vn 0.9435 0.3274 -0.0515
vn 0.9295 0.3679 -0.0240
vn 0.9252 0.3788 -0.0238
vn 0.9092 0.4159 0.0198
vn 0.9802 0.1834 0.0750
vn 0.9580 0.2806 0.0596
vn 0.9667 0.2553 0.0169
vn 0.9524 0.3042 0.0213
vn 0.9388 0.3439 -0.0207
vn 0.9288 0.3702 0.0139
vn 0.9350 0.3539 0.0232
vn 0.9052 0.4146 0.0933
vn 0.8430 0.4585 0.2812
vn 0.7522 0.5340 0.3860
vn 0.7875 0.4984 0.3626
vn 0.9477 0.1612 0.2754
vn 0.9301 0.2619 0.2576
vn 0.9523 0.2376 0.1914
vn 0.9304 0.3168 0.1846
vn 0.9441 0.3060 0.1225
vn 0.9336 0.3389 0.1165
vn 0.9298 0.3455 0.1267
vn 0.8868 0.4120 0.2095
vn 0.8886 0.4090 0.2075
vn 0.8479 0.4552 0.2717
vn 0.9149 0.2110 0.3442
vn 0.8861 0.3132 0.3417
vn 0.9162 0.2943 0.2719
vn 0.9101 0.3476 0.2258
vn 0.9353 0.3292 0.1293
vn 0.9199 0.3585 0.1590
vn 0.7587 0.6102 -0.2281
vn -0.1404 0.2885 -0.9471
vn 0.8802 0.3208 0.3497
vn 0.9161 0.3353 0.2197
vn 0.9239 0.3269 0.1989
vn 0.9111 0.3665 0.1885
vn 0.9156 0.3575 0.1840
vn 0.6972 0.1716 -0.6961
vn 0.8851 0.3479 0.3092
vn 0.9138 0.3698 0.1681
vn 0.8413 -0.5398 -0.0286
vn 0.7799 -0.5569 -0.2856
vn 0.6207 0.6624 -0.4195
vn 0.8876 0.3847 0.2533
vn 0.9060 0.3369 0.2562
vn 0.8902 0.3962 0.2248
vn -0.7729 0.4043 -0.4890
vn -0.3080 0.3994 -0.8635
vn 0.8900 0.4240 0.1676
vn 0.8789 0.4545 0.1445
vn 0.8903 0.4369 0.1282
vn 0.8402 0.5360 -0.0824
vn 0.7336 -0.1208 -0.6688
vn 0.5711 0.6813 -0.4579
vn 0.6541 0.5573 -0.5115
vn 0.4783 0.0950 0.8731
vn 0.6662 0.4202 0.6161
vn 0.6760 0.5838 0.4497
vn 0.6664 0.6345 0.3916
vn 0.6736 0.5700 0.4705
vn 0.3536 -0.2921 0.8886
vn -0.5081 -0.4605 0.7278
vn 0.6615 0.3777 0.6479
vn 0.6180 0.4752 0.6263
vn 0.6428 0.5332 0.5500
vn 0.6174 0.5317 0.5798
vn 0.6105 0.4954 0.6179
vn 0.5701 0.5155 0.6397
vn 0.6484 0.5757 0.4982
vn 0.5681 0.5820 0.5819
vn 0.5552 0.5522 0.6219
vn 0.6509 0.6127 0.4483
vn 0.6008 0.6365 0.4836
vn 0.5783 0.6255 0.5237
vn 0.5587 0.6274 0.5425
vn 0.5569 0.6058 0.5683
vn 0.5324 0.6141 0.5825
vn 0.5243 0.5800 0.6235
vn 0.5378 0.5823 0.6096
vn 0.5317 0.6561 0.5356
vn 0.5180 0.6593 0.5449
vn 0.5154 0.6468 0.5621
vn 0.5779 0.6667 0.4708
vn 0.5274 0.6849 0.5028
vn 0.5265 0.6850 0.5036
vn 0.5105 0.6484 0.5647
vn 0.5040 0.6369 0.5834
vn 0.5042 0.6370 0.5831
vn 0.7044 0.6054 0.3706
vn 0.5817 0.6660 0.4670
vn 0.4941 0.7009 0.5143
vn 0.4991 0.6997 0.5112
vn 0.4951 0.6896 0.5285
vn 0.5067 0.6894 0.5177
vn 0.5036 0.6840 0.5277
vn 0.7591 -0.1954 -0.6210
vn 0.5944 0.5982 0.5374
vn 0.9278 0.0871 0.3627
vn 0.4808 0.6903 0.5407
vn 0.4895 0.7055 0.5125
vn 0.4761 0.7067 0.5234
vn 0.4806 0.7206 0.4998
vn 0.5024 0.7146 0.4867
vn 0.4998 0.7092 0.4973
vn 0.7603 -0.1953 -0.6196
vn 0.2005 -0.3907 0.8984
vn 0.2816 -0.3404 0.8971
vn 0.0901 -0.3870 0.9177
vn -0.2704 -0.5048 0.8198
vn 0.6410 -0.6866 0.3430
vn -0.9692 0.2122 0.1248
vn 0.7759 -0.2539 -0.5775
vn -0.9692 0.2122 0.1247
vn -0.9693 0.2122 0.1247
vn -0.9691 0.2121 0.1258
vn -0.9693 0.2121 0.1241
vn 0.7013 0.6181 -0.3553
vn -0.7156 -0.6766 -0.1737
vn 0.8168 0.5678 -0.1022
vn 0.7570 -0.6512 0.0539
vn -0.8117 -0.5837 0.0208
vn 0.8636 0.4988 0.0738
vn 0.8236 -0.5339 -0.1915
vn 0.4590 -0.0441 0.8873
vn 0.6222 -0.7514 -0.2199
vn 0.9393 0.2219 -0.2617
vn 0.9394 0.2222 -0.2610
vn 0.9396 0.2221 -0.2603
vn 0.7977 -0.5874 -0.1365
vn 0.6785 0.4668 -0.5672
vn 0.9397 0.2222 -0.2599
vn 0.9397 0.2222 -0.2600
vn 0.9397 0.2222 -0.2601
vn 0.9396 0.2222 -0.2603
vn 0.9398 0.2222 -0.2596
vn 0.6137 0.3544 0.7055
vn 0.5966 0.4255 0.6805
vn 0.5574 0.4615 0.6902
vn 0.5186 0.5485 0.6559
vn 0.6225 0.3519 0.6991
vn 0.6038 0.3149 0.7323
vn 0.6320 0.2185 0.7435
vn 0.6148 0.1722 0.7696
vn 0.6217 0.3171 0.7162
vn 0.5819 0.2450 0.7755
vn 0.6239 0.1758 0.7615
vn 0.5923 0.1016 0.7993
vn 0.5763 0.4669 0.6707
vn 0.5541 0.4287 0.7136
vn 0.5803 0.3475 0.7365
vn 0.5580 0.3080 0.7706
vn 0.5989 0.2422 0.7633
vn 0.5629 0.1769 0.8074
vn 0.6037 0.1045 0.7903
vn 0.5697 0.0363 0.8211
vn 0.5726 0.4296 0.6982
vn 0.5377 0.3673 0.7589
vn 0.5774 0.3045 0.7576
vn 0.5428 0.2416 0.8043
vn 0.5818 0.1740 0.7945
vn 0.5427 0.1025 0.8337
vn 0.5781 0.0352 0.8152
vn 0.5364 -0.0394 0.8430
vn 0.5284 0.5517 0.6453
vn 0.5161 0.5242 0.6774
vn 0.5284 0.4645 0.7106
vn 0.5143 0.4330 0.7403
vn 0.5400 0.3669 0.7575
vn 0.5141 0.3112 0.7993
vn 0.5566 0.2392 0.7956
vn 0.5186 0.1695 0.8381
vn 0.5556 0.1007 0.8254
vn 0.5146 0.0259 0.8570
vn 0.5475 -0.0406 0.8358
vn 0.5064 -0.1140 0.8547
vn 0.4700 0.2425 0.8487
vn 0.5053 0.0270 0.8625
vn 0.4714 -0.0427 0.8809
vn 0.5054 -0.1139 0.8553
vn 0.4668 -0.1820 0.8654
vn 0.8846 0.3105 0.3480
vn 0.9044 0.2208 0.3651
vn 0.9022 0.1366 0.4091
vn 0.4180 -0.1165 0.9010
vn 0.4372 -0.1806 0.8810
vn 0.4108 -0.2303 0.8822
vn 0.2954 -0.2855 0.9117
vn 0.1913 -0.3191 0.9282
vn -0.1479 -0.4739 0.8680
vn -0.2598 -0.4728 0.8420
vn 0.6874 0.2500 0.6819
vn 0.5885 -0.0478 0.8071
vn 0.5685 -0.1056 0.8159
vn 0.5336 -0.1728 0.8279
vn 0.4935 -0.2413 0.8356
vn 0.4428 -0.3008 0.8446
vn 0.3807 -0.3507 0.8556
vn 0.3065 -0.3924 0.8672
vn 0.2195 -0.4289 0.8763
vn 0.1075 -0.4615 0.8806
vn 0.0030 -0.4865 0.8737
vn -0.1066 -0.5181 0.8486
vn 0.6774 0.2207 0.7017
vn 0.7069 0.1331 0.6947
vn 0.6659 0.0776 0.7420
vn 0.6938 0.0911 0.7144
vn 0.7350 0.0175 0.6779
vn 0.6337 0.0114 0.7735
vn 0.6449 0.0172 0.7640
vn 0.6811 -0.0498 0.7305
vn 0.7157 -0.0425 0.6971
vn 0.7476 -0.1070 0.6554
vn 0.6135 -0.0435 0.7885
vn 0.6274 -0.1231 0.7689
vn 0.6539 -0.1188 0.7472
vn 0.6825 -0.1773 0.7091
vn 0.7239 -0.1678 0.6692
vn 0.7515 -0.2306 0.6182
vn 0.5620 -0.1088 0.8200
vn 0.6005 -0.1879 0.7772
vn 0.5965 -0.1900 0.7798
vn 0.6241 -0.2481 0.7409
vn 0.6515 -0.2433 0.7186
vn 0.6764 -0.2992 0.6730
vn 0.7252 -0.2871 0.6258
vn 0.7472 -0.3440 0.5686
vn 0.5367 -0.1727 0.8259
vn 0.5458 -0.2492 0.8000
vn 0.5695 -0.2484 0.7836
vn 0.5749 -0.3180 0.7539
vn 0.5872 -0.3164 0.7451
vn 0.6081 -0.3636 0.7057
vn 0.6450 -0.3568 0.6758
vn 0.6655 -0.4067 0.6258
vn 0.7217 -0.3915 0.5709
vn 0.7380 -0.4395 0.5120
vn 0.4972 -0.2413 0.8334
vn 0.5201 -0.2933 0.8022
vn 0.5211 -0.2932 0.8015
vn 0.5273 -0.3628 0.7683
vn 0.5491 -0.3616 0.7534
vn 0.5502 -0.4229 0.7200
vn 0.5734 -0.4197 0.7036
vn 0.5907 -0.4608 0.6624
vn 0.6377 -0.4515 0.6241
vn 0.6537 -0.4934 0.5737
vn 0.7168 -0.4744 0.5109
vn 0.7299 -0.5188 0.4451
vn 0.4587 -0.3010 0.8361
vn 0.4849 -0.3616 0.7963
vn 0.4771 -0.3641 0.7999
vn 0.5097 -0.3904 0.7667
vn 0.4996 -0.4592 0.7345
vn 0.5287 -0.4553 0.7164
vn 0.5274 -0.5162 0.6749
vn 0.5554 -0.5114 0.6557
vn 0.5888 -0.5411 0.6003
vn 0.6270 -0.5321 0.5690
vn 0.6526 -0.5550 0.5159
vn 0.7181 -0.5324 0.4481
vn 0.4104 -0.3515 0.8414
vn 0.4340 -0.4047 0.8049
vn 0.4562 -0.4041 0.7928
vn 0.4613 -0.4692 0.7530
vn 0.4944 -0.4668 0.7332
vn 0.4814 -0.5346 0.6946
vn 0.5172 -0.5266 0.6747
vn 0.6320 -0.6081 0.4804
vn 0.7081 -0.5805 0.4020
vn 0.7344 -0.5853 0.3435
vn 0.3500 -0.3945 0.8496
vn 0.3741 -0.4470 0.8126
vn 0.4045 -0.4467 0.7981
vn 0.4243 -0.4919 0.7603
vn 0.4453 -0.4906 0.7490
vn 0.4483 -0.5419 0.7109
vn 0.4787 -0.5384 0.6935
vn 0.4666 -0.5894 0.6595
vn 0.4966 -0.5818 0.6441
vn 0.5151 -0.6099 0.6022
vn 0.5386 -0.6062 0.5851
vn 0.5836 -0.6212 0.5230
vn 0.6305 -0.6091 0.4811
vn 0.2754 -0.4329 0.8584
vn 0.2998 -0.4838 0.8222
vn 0.3457 -0.4843 0.8037
vn 0.3659 -0.5287 0.7659
vn 0.3973 -0.5273 0.7511
vn 0.4148 -0.5675 0.7112
vn 0.4317 -0.5629 0.7048
vn 0.4468 -0.6071 0.6572
vn 0.4579 -0.6009 0.6552
vn 0.4626 -0.6331 0.6207
vn 0.4968 -0.6238 0.6034
vn 0.6485 -0.6488 0.3982
vn 0.7068 -0.6233 0.3345
vn 0.7220 -0.6322 0.2812
vn 0.1847 -0.4696 0.8634
vn 0.2093 -0.5185 0.8291
vn 0.2688 -0.5209 0.8102
vn 0.2897 -0.5642 0.7731
vn 0.3375 -0.5632 0.7542
vn 0.3568 -0.6054 0.7115
vn 0.3907 -0.5957 0.7018
vn 0.4135 -0.6411 0.6465
vn 0.4237 -0.6349 0.6460
vn 0.4399 -0.6582 0.6109
vn 0.4414 -0.6579 0.6102
vn 0.4967 -0.6776 0.5423
vn 0.5671 -0.6846 0.4580
vn 0.7031 -0.6575 0.2710
vn 0.7077 -0.6713 0.2203
vn 0.0703 -0.4923 0.8676
vn 0.1022 -0.5530 0.8269
vn 0.1721 -0.5584 0.8115
vn 0.1939 -0.6010 0.7754
vn 0.2557 -0.6018 0.7566
vn 0.2730 -0.6373 0.7207
vn 0.3305 -0.6345 0.6988
vn -0.0525 -0.5249 0.8495
vn -0.0188 -0.5870 0.8094
vn 0.0565 -0.5963 0.8007
vn 0.0823 -0.6438 0.7608
vn 0.1467 -0.6469 0.7484
vn 0.8801 0.3558 0.3143
vn -0.1735 -0.5718 0.8018
vn -0.1393 -0.6316 0.7627
vn -0.0823 -0.6386 0.7651
vn 0.3872 -0.2355 0.8914
vn 0.4885 0.6129 0.6210
vn 0.7133 0.2607 0.6506
vn 0.7553 0.1449 0.6391
vn 0.7798 0.0296 0.6254
vn 0.7967 -0.0923 0.5973
vn 0.8046 -0.2128 0.5544
vn 0.8042 -0.3226 0.4991
vn 0.7986 -0.4140 0.4369
vn 0.7867 -0.4911 0.3740
vn 0.7713 -0.5647 0.2938
vn 0.7695 -0.6009 0.2163
vn 0.7448 -0.6473 0.1622
vn 0.7514 0.2221 0.6213
vn 0.7959 0.2351 0.5579
vn 0.7835 0.1121 0.6113
vn 0.8306 0.1277 0.5420
vn 0.8259 0.1996 0.5273
vn 0.8691 0.2172 0.4443
vn 0.8088 -0.0094 0.5880
vn 0.8578 0.0093 0.5138
vn 0.8603 0.0863 0.5024
vn 0.9037 0.1075 0.4145
vn 0.8985 0.1740 0.4030
vn 0.9309 0.1952 0.3087
vn 0.8240 -0.1358 0.5501
vn 0.8744 -0.1135 0.4718
vn 0.8848 -0.0365 0.4645
vn 0.9274 -0.0111 0.3739
vn 0.9290 0.0608 0.3651
vn 0.9590 0.0862 0.2699
vn 0.9537 0.1489 0.2612
vn 0.9703 0.1718 0.1702
vn 0.8276 -0.2577 0.4987
vn 0.8789 -0.2313 0.4172
vn 0.8959 -0.1608 0.4141
vn 0.9373 -0.1310 0.3229
vn 0.9464 -0.0589 0.3175
vn 0.9740 -0.0293 0.2245
vn 0.9751 0.0402 0.2179
vn 0.9891 0.0664 0.1316
vn 0.9837 0.1294 0.1248
vn 0.9873 0.1514 0.0486
vn 0.8211 -0.3652 0.4387
vn 0.8731 -0.3346 0.3545
vn 0.8933 -0.2763 0.3545
vn 0.9334 -0.2424 0.2645
vn 0.9487 -0.1762 0.2624
vn 0.9742 -0.1432 0.1744
vn 0.9827 -0.0722 0.1705
vn 0.9948 -0.0436 0.0921
vn 0.9958 0.0284 0.0869
vn 0.9984 0.0505 0.0233
vn 0.9930 0.1166 0.0176
vn 0.8090 -0.4512 0.3769
vn 0.8616 -0.4163 0.2906
vn 0.8804 -0.3737 0.2921
vn 0.9193 -0.3363 0.2045
vn 0.9374 -0.2815 0.2048
vn 0.9634 -0.2423 0.1146
vn 0.9760 -0.1854 0.1142
vn 0.9884 -0.1421 0.0538
vn 0.9959 -0.0748 0.0512
vn 0.9987 -0.0495 -0.0106
vn 0.9997 0.0187 -0.0149
vn 0.9916 0.1250 -0.0323
vn 0.8047 -0.5121 0.3004
vn 0.8455 -0.4808 0.2322
vn 0.8630 -0.4520 0.2255
vn 0.8956 -0.4175 0.1537
vn 0.9173 -0.3722 0.1418
vn 0.9340 -0.3462 0.0879
vn 0.9568 -0.2827 0.0687
vn 0.9854 -0.1696 -0.0177
vn 0.9977 -0.0650 -0.0212
vn 0.9991 0.0319 -0.0284
vn 0.9926 0.1166 -0.0347
vn 0.9647 -0.2634 -0.0046
vn 0.9688 -0.2476 -0.0115
vn 0.9878 -0.1554 -0.0125
vn 0.9969 -0.0779 -0.0063
vn 0.9986 0.0519 -0.0121
vn 0.9981 0.0232 0.0567
vn 0.9876 0.1504 0.0450
vn 0.9871 0.1000 0.1249
vn 0.7947 -0.5658 0.2199
vn 0.8298 -0.5353 0.1578
vn 0.8412 -0.5201 0.1482
vn 0.8680 -0.4887 0.0881
vn 0.8859 -0.4586 0.0701
vn 0.9016 -0.4321 0.0221
vn 0.9215 -0.3883 0.0070
vn 0.9245 -0.3811 -0.0017
vn 0.9478 -0.3184 -0.0159
vn 0.9836 -0.1743 0.0470
vn 0.9980 -0.0455 0.0434
vn 0.9899 -0.0782 0.1179
vn 0.9926 0.0561 0.1077
vn 0.9767 0.0096 0.2144
vn 0.9691 0.1472 0.1980
vn 0.9453 0.0939 0.3124
vn 0.8978 -0.4404 0.0071
vn 0.9404 -0.3389 0.0297
vn 0.9727 -0.2292 0.0365
vn 0.9586 -0.2678 0.0965
vn 0.9859 -0.1381 0.0946
vn 0.9642 -0.1819 0.1929
vn 0.9821 -0.0378 0.1848
vn 0.9591 -0.0771 0.2724
vn 0.9645 0.0387 0.2613
vn 0.9384 -0.0018 0.3456
vn 0.9363 0.1077 0.3342
vn 0.7762 -0.6110 0.1555
vn 0.8043 -0.5850 0.1042
vn 0.8229 -0.5606 0.0926
vn 0.8471 -0.5303 0.0344
vn 0.8594 -0.5104 0.0299
vn 0.8712 -0.4908 0.0110
vn 0.8939 -0.4483 0.0049
vn 0.8987 -0.4386 0.0056
vn 0.9305 -0.3658 0.0179
vn 0.9113 -0.4037 0.0808
vn 0.9482 -0.3056 0.0865
vn 0.9205 -0.3474 0.1790
vn 0.9584 -0.2222 0.1794
vn 0.9252 -0.2630 0.2736
vn 0.9547 -0.1410 0.2621
vn 0.9315 -0.1747 0.3191
vn 0.9490 -0.0535 0.3108
vn 0.9226 -0.0850 0.3762
vn 0.9301 0.0161 0.3669
vn 0.8906 0.4233 0.1665
vn 0.8477 -0.5293 0.0355
vn 0.8742 -0.4786 0.0819
vn 0.9112 -0.3996 0.0997
vn 0.8755 -0.4422 0.1947
vn 0.9179 -0.3498 0.1874
vn 0.8774 -0.3975 0.2686
vn 0.9170 -0.3022 0.2603
vn 0.8862 -0.3395 0.3154
vn 0.9222 -0.2328 0.3087
vn 0.9114 -0.1500 0.3831
vn 0.9215 -0.0828 0.3794
vn 0.7329 -0.6756 0.0799
vn 0.7935 -0.6069 0.0447
vn 0.8022 -0.5962 0.0318
vn 0.8379 -0.5450 0.0289
vn 0.8413 -0.5379 0.0536
vn 0.8789 -0.4698 0.0827
vn 0.8545 -0.5023 0.1323
vn 0.8905 -0.4231 0.1676
vn 0.8738 -0.4490 0.1869
vn 0.8966 -0.2677 0.3529
vn 0.9145 -0.1897 0.3573
vn 0.8175 -0.5728 0.0596
vn 0.8533 -0.5129 0.0937
vn 0.8501 -0.5178 0.0961
vn 0.8351 -0.5188 0.1830
vn 0.8732 -0.4485 0.1906
vn 0.8441 -0.4785 0.2421
vn 0.8772 -0.3904 0.2794
vn 0.8878 -0.3686 0.2756
vn 0.8759 -0.3789 0.2988
vn 0.8976 -0.3053 0.3181
vn 0.5211 0.7146 -0.4666
vn 0.6488 0.5536 -0.5221
vn 0.6102 0.5615 -0.5590
vn 0.5372 0.5920 -0.6008
vn 0.4648 0.6002 -0.6509
vn 0.8694 0.4934 0.0280
vn 0.6202 0.6177 -0.4836
vn 0.6179 0.6315 -0.4684
vn 0.5883 0.6335 -0.5025
vn 0.5911 0.6393 -0.4919
vn 0.5658 0.6750 -0.4736
vn 0.5774 0.6729 -0.4624
vn 0.6183 0.6796 -0.3948
vn 0.6815 0.6618 -0.3124
vn 0.7685 0.5907 -0.2460
vn 0.9402 0.2204 -0.2596
vn 0.9383 0.2259 -0.2618
vn 0.5743 0.5934 -0.5640
vn 0.5829 0.6137 -0.5326
vn 0.5939 0.6595 -0.4608
vn 0.5814 0.6855 -0.4382
vn 0.5552 0.6832 -0.4744
vn 0.5387 0.7031 -0.4642
vn 0.9393 0.2234 -0.2603
vn 0.9402 0.2208 -0.2592
vn 0.9401 0.2210 -0.2596
vn 0.5078 0.6037 -0.6146
vn 0.5626 0.6581 -0.5004
vn 0.9397 0.2222 -0.2602
vn 0.9397 0.2220 -0.2603
vn 0.9397 0.2223 -0.2601
vn 0.9397 0.2224 -0.2599
vn 0.9397 0.2221 -0.2602
vn 0.9397 0.2225 -0.2597
vn 0.5053 0.6680 -0.5463
vn 0.5408 0.6723 -0.5055
vn 0.5475 0.6932 -0.4687
vn 0.5705 0.6973 -0.4340
vn 0.9394 0.2236 -0.2598
vn 0.9393 0.2231 -0.2607
vn 0.9397 0.2216 -0.2606
vn 0.9412 0.2177 -0.2582
vn -0.7604 0.6276 0.1669
vn -0.8712 -0.3036 0.3857
vn -0.8685 -0.4302 0.2461
vn -0.8539 -0.5022 0.1369
vn 0.3549 0.6211 -0.6988
vn 0.4110 0.6362 -0.6530
vn 0.4320 0.6582 -0.6166
vn 0.5064 0.6677 -0.5456
vn 0.9397 0.2218 -0.2602
vn 0.9399 0.2211 -0.2604
vn 0.9396 0.2223 -0.2603
vn 0.9396 0.2221 -0.2604
vn 0.9395 0.2223 -0.2605
vn 0.9396 0.2223 -0.2601
vn -0.8871 -0.3361 0.3165
vn -0.8533 -0.4419 0.2768
vn -0.8693 -0.4074 0.2797
vn -0.6845 -0.7004 -0.2021
vn -0.8722 -0.0108 -0.4891
vn -0.8732 -0.0101 -0.4873
vn -0.8718 -0.0066 -0.4898
vn -0.0441 0.9970 -0.0639
vn -0.0428 0.9968 -0.0670
vn -0.0454 0.9969 -0.0636
vn 0.4566 -0.8214 -0.3417
vn 0.0888 -0.8511 -0.5174
vn 0.2340 -0.8593 -0.4548
vn -0.0719 -0.8340 -0.5471
vn 0.6568 0.3863 -0.6476
vn -0.8731 -0.0097 -0.4874
vn -0.8733 -0.0104 -0.4871
vn -0.8718 -0.0137 -0.4896
vn -0.8726 -0.0176 -0.4882
vn -0.8732 -0.0102 -0.4872
vn -0.8735 -0.0101 -0.4867
vn -0.8737 -0.0101 -0.4864
vn -0.8734 -0.0101 -0.4868
vn -0.8727 -0.0104 -0.4882
vn -0.8733 -0.0101 -0.4871
vn -0.8732 -0.0103 -0.4873
vn -0.8731 -0.0103 -0.4874
vn -0.8733 -0.0098 -0.4871
vn -0.8732 -0.0103 -0.4872
vn -0.8733 -0.0102 -0.4871
vn -0.8735 -0.0117 -0.4867
vn -0.8732 -0.0102 -0.4873
vn -0.8733 -0.0107 -0.4871
vn -0.8735 -0.0102 -0.4866
vn -0.8741 -0.0135 -0.4856
vn -0.8775 -0.0212 -0.4792
vn -0.8730 -0.0094 -0.4875
vn -0.8733 -0.0102 -0.4870
vn -0.8733 -0.0103 -0.4871
vn -0.8730 -0.0103 -0.4875
vn 0.5623 0.7160 -0.4138
vn -0.6622 0.5920 -0.4593
vn -0.7130 0.4650 -0.5247
vn -0.6872 0.4559 -0.5657
vn -0.8126 0.3796 -0.4423
vn -0.5897 0.5196 -0.6183
vn -0.5891 0.4723 -0.6556
vn -0.7790 0.5092 -0.3659
vn -0.0441 0.9970 -0.0640
vn -0.0440 0.9970 -0.0639
vn -0.0432 0.9971 -0.0632
vn -0.0443 0.9969 -0.0646
vn -0.0515 0.9951 -0.0848
vn -0.0441 0.9970 -0.0641
vn -0.0437 0.9970 -0.0646
vn -0.0466 0.9970 -0.0613
vn -0.0428 0.9970 -0.0645
vn -0.0461 0.9969 -0.0637
vn -0.0425 0.9971 -0.0633
vn -0.0463 0.9968 -0.0657
vn -0.0450 0.9969 -0.0647
vn -0.0458 0.9968 -0.0652
vn -0.0440 0.9970 -0.0641
vn -0.0423 0.9970 -0.0641
vn -0.0446 0.9970 -0.0639
vn 0.7370 0.0314 -0.6751
vn 0.6454 0.3320 -0.6879
vn 0.5240 0.1686 0.8349
vn 0.9396 0.2222 -0.2602
vn -0.3799 -0.4999 0.7783
vn -0.8182 -0.2972 0.4922
vn 0.5447 0.3163 0.7767
vn -0.1171 0.2340 -0.9652
vn 0.9400 0.2226 -0.2587
vn -0.8798 -0.2543 0.4016
vn -0.8679 -0.2475 0.4307
vn 0.4662 0.7181 0.5166
vn 0.4519 0.7068 0.5442
vn 0.4846 0.6820 0.5477
vn 0.4710 0.6676 0.5766
vn -0.3988 -0.4690 0.7880
vn -0.3089 -0.5997 0.7382
vn -0.3707 -0.6637 0.6497
vn -0.4507 -0.7150 0.5344
vn -0.5507 -0.8254 -0.1245
vn -0.3003 -0.6353 0.7115
vn -0.2132 -0.6676 0.7133
vn 0.4176 -0.8786 -0.2316
vn 0.3284 -0.8493 -0.4133
vn 0.7437 -0.6677 -0.0324
vn 0.6984 -0.7076 -0.1079
vn 0.7362 -0.6765 -0.0184
vn 0.7796 -0.6263 -0.0091
vn 0.6633 -0.7240 -0.1893
vn 0.6985 -0.7063 -0.1148
vn 0.7479 -0.6583 -0.0850
vn 0.7770 -0.6296 -0.0011
vn 0.8078 -0.5890 0.0223
vn 0.4939 -0.7728 -0.3986
vn 0.5633 -0.7678 -0.3051
vn 0.4557 -0.7818 -0.4257
vn 0.5085 -0.7821 -0.3602
vn 0.5947 -0.7467 -0.2977
vn 0.6612 -0.7290 -0.1770
vn 0.7031 -0.6967 -0.1423
vn 0.7384 -0.6725 -0.0501
vn 0.7770 -0.6294 -0.0106
vn 0.7941 -0.6049 0.0595
vn 0.8267 -0.5529 0.1043
vn 0.5152 -0.7773 -0.3610
vn 0.6021 -0.7686 -0.2162
vn 0.4059 -0.8340 -0.3736
vn 0.4424 -0.8082 -0.3888
vn 0.4447 -0.8110 -0.3800
vn 0.5252 -0.7996 -0.2911
vn 0.6196 -0.7544 -0.2167
vn 0.6829 -0.7256 -0.0845
vn 0.7326 -0.6797 -0.0346
vn 0.7569 -0.6521 0.0422
vn 0.7993 -0.5929 0.0979
vn 0.8084 -0.5697 0.1480
vn 0.8422 -0.4979 0.2071
vn 0.4266 -0.8555 -0.2935
vn 0.4249 -0.8437 -0.3280
vn 0.4836 -0.8134 -0.3234
vn 0.5096 -0.8162 -0.2721
vn 0.5611 -0.7882 -0.2527
vn 0.6314 -0.7654 -0.1244
vn 0.4420 -0.8778 -0.1847
vn 0.4122 -0.8803 -0.2347
vn 0.4521 -0.8551 -0.2537
vn 0.4600 -0.8511 -0.2529
vn 0.4592 -0.8513 -0.2537
vn 0.5013 -0.8277 -0.2522
vn 0.5471 -0.8117 -0.2046
vn 0.5943 -0.7798 -0.1970
vn 0.6915 -0.7161 -0.0951
vn 0.7234 -0.6903 -0.0103
vn 0.7771 -0.6289 0.0242
vn 0.7960 -0.5961 0.1053
vn 0.8430 -0.5177 0.1462
vn 0.8492 -0.4915 0.1929
vn 0.8763 -0.4098 0.2533
vn 0.4413 -0.8762 -0.1936
vn 0.5825 -0.7913 -0.1858
vn 0.6445 -0.7423 -0.1836
vn 0.6891 -0.7192 -0.0883
vn 0.7368 -0.6711 -0.0828
vn 0.7744 -0.6319 0.0307
vn 0.8222 -0.5677 0.0406
vn 0.8417 -0.5174 0.1544
vn 0.4377 -0.8619 -0.2561
vn 0.4585 -0.8592 -0.2269
vn 0.4792 -0.8448 -0.2383
vn 0.4519 -0.8481 -0.2764
vn 0.4648 -0.8432 -0.2702
vn 0.5174 -0.8040 -0.2930
vn 0.5158 -0.8045 -0.2945
vn 0.5702 -0.7626 -0.3056
vn 0.5706 -0.7624 -0.3053
vn 0.6208 -0.7237 -0.3014
vn 0.6588 -0.7139 -0.2373
vn 0.7131 -0.6610 -0.2336
vn 0.7557 -0.6391 -0.1431
vn 0.3785 -0.8534 -0.3585
vn 0.3730 -0.8548 -0.3608
vn 0.4318 -0.8501 -0.3016
vn 0.4577 -0.8319 -0.3138
vn 0.4892 -0.8285 -0.2726
vn 0.5305 -0.7878 -0.3129
vn 0.5229 -0.7890 -0.3225
vn 0.5654 -0.7508 -0.3414
vn 0.6476 -0.6771 -0.3495
vn 0.7092 -0.6139 -0.3467
vn 0.7279 -0.6116 -0.3101
vn 0.4252 -0.8145 -0.3946
vn 0.4617 -0.8129 -0.3548
vn 0.4972 -0.7831 -0.3736
vn 0.5339 -0.7798 -0.3271
vn 0.5779 -0.7268 -0.3711
vn 0.6119 -0.7064 -0.3558
vn 0.5916 -0.7023 -0.3960
vn 0.6476 -0.6488 -0.3997
vn 0.6173 -0.6639 -0.4221
vn 0.7015 -0.5758 -0.4198
vn 0.7108 -0.5771 -0.4021
vn 0.2507 -0.7957 -0.5514
vn 0.2755 -0.7888 -0.5494
vn 0.3363 -0.7971 -0.5015
vn 0.3679 -0.7859 -0.4970
vn 0.4125 -0.7884 -0.4564
vn 0.4566 -0.7615 -0.4599
vn 0.4994 -0.7613 -0.4134
vn 0.5449 -0.7147 -0.4386
vn 0.5820 -0.7117 -0.3934
vn 0.6320 -0.6502 -0.4217
vn 0.6210 -0.6512 -0.4363
vn 0.6747 -0.5964 -0.4348
vn 0.6523 -0.5985 -0.4651
vn 0.7106 -0.5308 -0.4619
vn 0.7042 -0.5279 -0.4747
vn -0.3191 0.4030 0.8578
vn -0.3191 0.4029 0.8578
vn -0.3191 0.4028 0.8578
vn -0.0488 -0.9942 0.0957
vn -0.0548 -0.9933 0.1021
vn -0.0547 -0.9933 0.1019
vn 0.3329 0.6226 -0.7083
vn -0.3191 0.4028 0.8579
vn -0.3174 0.4091 0.8555
vn -0.3190 0.4033 0.8577
vn -0.3184 0.4094 0.8550
vn -0.3194 0.4018 0.8582
vn -0.3284 0.4079 0.8519
vn -0.3193 0.4030 0.8577
vn -0.3188 0.4029 0.8579
vn -0.3179 0.4028 0.8583
vn -0.3185 0.4062 0.8565
vn -0.3195 0.4015 0.8583
vn -0.3163 0.4016 0.8595
vn -0.3199 0.4031 0.8574
vn -0.3237 0.4030 0.8560
vn -0.8177 0.4403 -0.3709
vn -0.0551 -0.9932 0.1029
vn -0.0548 -0.9933 0.1016
vn -0.0551 -0.9931 0.1033
vn -0.0547 -0.9934 0.1010
vn -0.0551 -0.9931 0.1031
vn -0.0548 -0.9930 0.1047
vn -0.0553 -0.9935 0.0998
vn -0.0546 -0.9932 0.1025
vn -0.0549 -0.9933 0.1014
vn -0.0548 -0.9933 0.1020
vn -0.0551 -0.9932 0.1023
vn -0.0553 -0.9932 0.1027
vn -0.0544 -0.9934 0.1009
vn -0.0545 -0.9933 0.1015
vn -0.0630 -0.9880 0.1407
vn -0.0549 -0.9932 0.1026
vn -0.0542 -0.9934 0.1010
vn -0.0555 -0.9933 0.1015
vn -0.0514 -0.9934 0.1027
vn 0.0039 -0.9958 0.0913
vn -0.0607 -0.9926 0.1052
vn -0.0534 -0.9934 0.1012
vn -0.0539 -0.9934 0.1016
vn -0.0551 -0.9933 0.1017
vn -0.0567 -0.9927 0.1064
vn -0.0547 -0.9933 0.1020
vn -0.0548 -0.9933 0.1019
vn -0.4226 -0.6246 -0.6568
vn -0.4734 -0.6521 -0.5922
vn -0.1862 -0.4589 -0.8688
vn -0.2299 -0.5158 -0.8253
vn -0.6620 -0.7284 -0.1769
vn -0.6955 -0.6854 0.2157
vn -0.5771 -0.6631 0.4767
vn -0.4635 -0.8801 -0.1025
vn 0.1777 -0.6921 0.6996
vn -0.4729 -0.7544 -0.4553
vn 0.2526 0.5831 -0.7721
vn 0.2221 0.5821 -0.7822
vn -0.6767 -0.6957 0.2411
vn -0.5226 -0.8507 -0.0567
vn -0.3705 -0.6811 0.6315
vn 0.0192 -0.6898 0.7238
vn 0.3732 -0.7152 0.5910
vn 0.6596 0.2258 -0.7168
vn -0.7522 0.6398 0.1578
vn -0.7278 0.6485 0.2231
vn -0.3883 -0.5507 0.7389
vn -0.5278 -0.5035 0.6840
vn -0.6375 -0.4578 0.6196
vn -0.7410 -0.4028 0.5373
vn -0.8110 -0.3557 0.4645
vn -0.4515 -0.5635 0.6918
vn -0.4547 -0.6101 0.6488
vn -0.5778 -0.5069 0.6397
vn -0.5800 -0.5677 0.5842
vn -0.5186 -0.6180 0.5909
vn -0.6899 -0.4582 0.5604
vn -0.6898 -0.5159 0.5079
vn -0.6365 -0.5706 0.5189
vn -0.6319 -0.6159 0.4705
vn -0.7791 -0.3983 0.4841
vn -0.7773 -0.4587 0.4305
vn -0.7331 -0.5151 0.4441
vn -0.7270 -0.5596 0.3979
vn -0.6772 -0.6126 0.4076
vn -0.6657 -0.6576 0.3528
vn -0.8435 -0.3559 0.4022
vn -0.8411 -0.4002 0.3639
vn -0.8050 -0.4564 0.3790
vn -0.7982 -0.5006 0.3349
vn -0.7563 -0.5549 0.3466
vn -0.7442 -0.5991 0.2954
vn -0.6956 -0.6511 0.3036
vn -0.8540 -0.3985 0.3347
vn -0.8474 -0.4434 0.2920
vn -0.8120 -0.4975 0.3051
vn -0.8002 -0.5423 0.2561
vn -0.7587 -0.5946 0.2660
vn -0.7406 -0.6386 0.2094
vn -0.8932 -0.3297 0.3057
vn -0.8485 -0.4432 0.2893
vn -0.8380 -0.4894 0.2414
vn -0.8015 -0.5418 0.2530
vn -0.7846 -0.5876 0.1978
vn -0.7419 -0.6380 0.2064
vn -0.7065 -0.6979 0.1180
vn -0.8302 -0.4922 0.2619
vn -0.8211 -0.5238 0.2266
vn -0.7785 -0.5904 0.2130
vn -0.7657 -0.6186 0.1762
vn -0.7034 -0.6938 0.1546
vn -0.6698 -0.7376 0.0861
vn -0.8364 -0.5071 0.2078
vn -0.6726 -0.7300 0.1212
vn -0.6454 -0.7604 0.0725
vn -0.8328 -0.5036 0.2298
vn -0.8208 -0.5406 0.1847
vn -0.7681 -0.6173 0.1698
vn -0.7469 -0.6548 0.1155
vn -0.8284 -0.5393 0.1515
vn -0.8017 -0.5923 0.0808
vn -0.7507 -0.6538 0.0946
vn -0.7216 -0.6918 0.0258
vn -0.6645 -0.7472 0.0124
vn -0.6378 -0.7692 -0.0380
vn -0.5963 -0.8013 -0.0484
vn -0.4978 -0.8637 -0.0793
vn 0.0180 0.4692 -0.8829
vn -0.7727 -0.6323 -0.0553
vn -0.7403 -0.6702 -0.0529
vn -0.7104 -0.6959 -0.1053
vn -0.6523 -0.7521 -0.0939
vn -0.6299 -0.7660 -0.1282
vn -0.5816 -0.8073 -0.0999
vn -0.5248 -0.8435 -0.1141
vn -0.5175 -0.8442 -0.1400
vn -0.4538 -0.8846 -0.1074
vn -0.6364 -0.7529 -0.1679
vn -0.5868 -0.7752 -0.2339
vn -0.5267 -0.8327 -0.1707
vn -0.5317 -0.8309 -0.1638
vn -0.0440 0.9970 -0.0640
vn -0.6913 -0.6648 -0.2830
vn -0.6373 -0.6982 -0.3262
vn -0.5920 -0.7613 -0.2645
vn -0.6010 -0.7577 -0.2544
vn -0.5391 -0.8131 -0.2196
vn -0.5967 -0.7904 -0.1386
vn -0.6401 -0.6673 -0.3808
vn -0.7075 -0.6469 -0.2845
vn -0.6562 -0.6773 -0.3326
vn -0.6011 -0.7546 -0.2634
vn -0.6125 -0.7481 -0.2554
vn -0.6413 -0.7496 -0.1637
vn 0.4186 -0.7947 -0.4396
vn 0.4282 -0.8059 -0.4089
vn 0.4160 -0.8305 -0.3704
vn 0.4600 -0.8066 -0.3712
vn 0.4570 -0.8170 -0.3517
vn 0.4529 -0.8438 -0.2880
vn 0.4743 -0.8321 -0.2874
vn 0.4591 -0.8488 -0.2623
vn 0.3897 -0.8634 -0.3205
vn 0.4287 -0.8478 -0.3122
vn 0.4204 -0.8779 -0.2294
vn 0.2838 -0.8850 -0.3691
vn 0.3575 -0.8598 -0.3647
vn 0.3472 -0.8824 -0.3177
vn 0.3704 -0.8787 -0.3010
vn 0.1442 -0.8920 -0.4283
vn 0.2187 -0.8910 -0.3979
vn 0.2835 -0.8717 -0.3998
vn 0.2856 -0.8737 -0.3939
vn 0.3096 -0.8515 -0.4232
vn -0.0129 -0.8738 -0.4861
vn 0.0775 -0.8706 -0.4859
vn 0.1497 -0.8639 -0.4809
vn 0.1618 -0.8430 -0.5129
vn 0.2041 -0.8449 -0.4944
vn 0.2092 -0.8322 -0.5136
vn 0.2413 -0.8314 -0.5005
vn -0.6609 -0.7322 -0.1644
vn -0.0736 -0.8367 -0.5427
vn 0.0103 -0.8294 -0.5585
vn 0.0127 -0.8157 -0.5784
vn 0.0904 -0.8027 -0.5895
vn 0.0904 -0.8026 -0.5896
vn 0.1367 -0.7929 -0.5939
vn 0.1361 -0.7912 -0.5962
vn 0.7138 -0.4660 -0.5228
vn 0.6761 -0.5448 -0.4961
vn 0.6376 -0.6080 -0.4730
vn 0.5447 -0.6883 -0.4791
vn 0.4586 -0.7192 -0.5219
vn 0.3677 -0.7365 -0.5678
vn 0.2728 -0.7402 -0.6146
vn 0.7299 -0.4757 -0.4909
vn 0.7298 -0.4014 -0.5534
vn 0.6939 -0.5427 -0.4733
vn 0.6916 -0.4863 -0.5340
vn 0.7440 -0.4118 -0.5262
vn 0.7410 -0.3475 -0.5746
vn 0.6442 -0.6117 -0.4591
vn 0.6439 -0.5480 -0.5340
vn 0.6928 -0.4861 -0.5326
vn 0.6850 -0.4218 -0.5940
vn 0.7329 -0.3483 -0.5844
vn 0.7165 -0.2760 -0.6406
vn 0.7687 -0.0414 -0.6383
vn 0.5754 -0.6467 -0.5007
vn 0.5743 -0.6009 -0.5559
vn 0.6189 -0.5510 -0.5597
vn 0.6113 -0.4876 -0.6234
vn 0.6590 -0.4244 -0.6210
vn 0.6431 -0.3517 -0.6803
vn 0.6894 -0.2780 -0.6690
vn 0.6649 -0.2008 -0.7194
vn 0.7056 -0.1220 -0.6980
vn 0.6743 -0.0467 -0.7370
vn 0.7073 0.0318 -0.7062
vn 0.6738 0.0984 -0.7323
vn 0.6805 0.2862 -0.6745
vn 0.6365 0.4177 -0.6483
vn 0.6419 0.4650 -0.6097
vn 0.6056 0.4963 -0.6221
vn 0.4864 -0.6953 -0.5291
vn 0.4836 -0.6423 -0.5946
vn 0.5207 -0.6058 -0.6016
vn 0.5114 -0.5417 -0.6671
vn 0.5553 -0.4915 -0.6709
vn 0.5381 -0.4175 -0.7322
vn 0.5850 -0.3546 -0.7294
vn 0.5593 -0.2748 -0.7821
vn 0.6047 -0.2027 -0.7702
vn 0.5719 -0.1230 -0.8110
vn 0.6120 -0.0477 -0.7894
vn 0.5750 0.0256 -0.8177
vn 0.6076 0.0983 -0.7881
vn 0.5706 0.1605 -0.8054
vn 0.5954 0.2266 -0.7709
vn 0.5618 0.2758 -0.7800
vn 0.5796 0.3336 -0.7435
vn 0.5516 0.3704 -0.7473
vn 0.5639 0.4206 -0.7107
vn 0.5423 0.4467 -0.7116
vn 0.5518 0.4995 -0.6678
vn 0.5309 0.5156 -0.6725
vn 0.3837 -0.7240 -0.5733
vn 0.3784 -0.6691 -0.6397
vn 0.4052 -0.6455 -0.6473
vn 0.3936 -0.5801 -0.7132
vn 0.4300 -0.5436 -0.7208
vn 0.4108 -0.4684 -0.7822
vn 0.4540 -0.4186 -0.7866
vn 0.4267 -0.3365 -0.8394
vn 0.4727 -0.2752 -0.8371
vn 0.4383 -0.1918 -0.8781
vn 0.4828 -0.1231 -0.8670
vn 0.4439 -0.0447 -0.8950
vn 0.4835 0.0256 -0.8750
vn 0.4438 0.0936 -0.8912
vn 0.4767 0.1607 -0.8643
vn 0.4402 0.2151 -0.8718
vn 0.4661 0.2763 -0.8405
vn 0.4358 0.3166 -0.8426
vn 0.4555 0.3714 -0.8091
vn 0.4328 0.3988 -0.8084
vn 0.4476 0.4484 -0.7737
vn 0.4257 0.4729 -0.7714
vn 0.4604 0.5188 -0.7204
vn 0.4196 0.5617 -0.7130
vn 0.2771 -0.7371 -0.6163
vn 0.2693 -0.6802 -0.6817
vn 0.2850 -0.6678 -0.6876
vn 0.2712 -0.6013 -0.7516
vn 0.2979 -0.5775 -0.7601
vn 0.2771 -0.5017 -0.8194
vn 0.3132 -0.4651 -0.8280
vn 0.2851 -0.3824 -0.8789
vn 0.3274 -0.3334 -0.8841
vn 0.2926 -0.2481 -0.9235
vn 0.3370 -0.1893 -0.9223
vn 0.2975 -0.1073 -0.9487
vn 0.3402 -0.0433 -0.9394
vn 0.2993 0.0294 -0.9537
vn 0.3374 0.0938 -0.9367
vn 0.2989 0.1533 -0.9419
vn 0.3310 0.2143 -0.9190
vn 0.2983 0.2590 -0.9186
vn 0.3243 0.3151 -0.8919
vn 0.2918 0.3552 -0.8881
vn 0.3313 0.3977 -0.8556
vn 0.3054 0.4721 -0.8269
vn 0.3136 0.4686 -0.8259
vn 0.3383 0.5586 -0.7573
vn 0.3468 0.5550 -0.7561
vn 0.1771 -0.7360 -0.6535
vn 0.1677 -0.6779 -0.7158
vn 0.1730 -0.6740 -0.7182
vn 0.1580 -0.6076 -0.7783
vn 0.1748 -0.5940 -0.7852
vn 0.1536 -0.5194 -0.8406
vn 0.1810 -0.4943 -0.8503
vn 0.1533 -0.4128 -0.8978
vn 0.1891 -0.3757 -0.9073
vn 0.1553 -0.2907 -0.9441
vn 0.1961 -0.2428 -0.9500
vn 0.1578 -0.1595 -0.9745
vn 0.1999 -0.1039 -0.9743
vn 0.1596 -0.0280 -0.9868
vn 0.1993 0.0308 -0.9794
vn 0.1605 0.0947 -0.9825
vn 0.1957 0.1526 -0.9687
vn 0.1617 0.2020 -0.9659
vn 0.1915 0.2566 -0.9474
vn 0.1649 0.2911 -0.9424
vn 0.1951 0.3531 -0.9150
vn 0.1691 0.3711 -0.9131
vn 0.2086 0.4646 -0.8606
vn 0.2062 0.4656 -0.8606
vn 0.2331 0.5490 -0.8027
vn 0.2581 0.5389 -0.8019
vn -0.1306 0.3459 -0.9291
vn -0.1913 0.3465 -0.9183
vn 0.5343 0.7021 -0.4707
vn 0.8889 0.4261 0.1683
vn 0.1527 0.5348 -0.8311
vn 0.0550 0.4791 -0.8760
vn 0.1177 0.5286 -0.8407
vn -0.0320 0.4275 -0.9034
vn -0.0835 0.3965 -0.9142
vn -0.0670 0.4140 -0.9078
vn -0.1246 0.3800 -0.9165
vn -0.1540 0.3566 -0.9215
vn -0.1536 0.3840 -0.9105
vn -0.1701 0.3937 -0.9033
vn -0.1813 0.3576 -0.9161
vn -0.2263 0.3899 -0.8926
vn -0.2149 0.4113 -0.8858
vn -0.2509 0.4018 -0.8807
vn -0.3103 0.4216 -0.8520
vn -0.3586 0.4496 -0.8181
vn -0.4542 0.4545 -0.7662
vn 0.5669 0.6324 0.5280
vn 0.6136 0.6131 0.4977
vn 0.6986 0.5459 0.4625
vn -0.0442 0.9970 -0.0640
vn 0.9386 0.1544 -0.3086
vn -0.6825 -0.5826 -0.4413
vn -0.6754 -0.6439 -0.3595
vn -0.6562 -0.6765 -0.3344
vn -0.7443 -0.5482 -0.3814
vn -0.7363 -0.5398 -0.4080
vn -0.7370 -0.5571 -0.3826
vn -0.6993 -0.6315 -0.3351
vn -0.6976 -0.6481 -0.3056
vn -0.6655 -0.6968 -0.2675
vn 0.1572 0.5267 -0.8354
vn 0.1308 0.4617 -0.8773
vn 0.0941 0.3685 -0.9249
vn 0.0714 0.2876 -0.9551
vn 0.0720 0.2003 -0.9771
vn 0.0747 0.0951 -0.9927
vn 0.0767 -0.0253 -0.9967
vn 0.0766 -0.1546 -0.9850
vn 0.0745 -0.2838 -0.9560
vn 0.0719 -0.4043 -0.9118
vn 0.0714 -0.5100 -0.8572
vn 0.0752 -0.5983 -0.7977
vn 0.0744 -0.6681 -0.7404
vn 0.1135 0.4890 -0.8649
vn 0.0543 0.4800 -0.8756
vn 0.0587 0.4208 -0.9053
vn 0.0093 0.4172 -0.9088
vn 0.0038 0.4236 -0.9059
vn -0.0323 0.4227 -0.9057
vn -0.0845 0.3904 -0.9167
vn -0.0356 0.3756 -0.9261
vn -0.0793 0.3667 -0.9270
vn -0.0909 0.3823 -0.9196
vn -0.1175 0.3636 -0.9241
vn 0.0466 0.3285 -0.9433
vn -0.0059 0.3271 -0.9450
vn -0.1041 0.3424 -0.9338
vn 0.0441 0.2470 -0.9680
vn -0.0261 0.2448 -0.9692
vn -0.0511 0.2889 -0.9560
vn -0.0967 0.2887 -0.9525
vn -0.1049 0.2964 -0.9493
vn -0.1303 0.3428 -0.9303
vn 0.0406 0.1537 -0.9873
vn -0.0252 0.1532 -0.9879
vn -0.0535 0.2041 -0.9775
vn -0.1029 0.2033 -0.9737
vn -0.1168 0.2257 -0.9672
vn -0.1447 0.2945 -0.9446
vn -0.1320 0.2695 -0.9539
vn -0.1381 0.3032 -0.9429
vn 0.0386 0.0419 -0.9984
vn -0.0233 0.0434 -0.9988
vn -0.0572 0.1059 -0.9927
vn -0.1036 0.1065 -0.9889
vn -0.1227 0.1395 -0.9826
vn -0.1487 0.2280 -0.9622
vn -0.1490 0.2286 -0.9621
vn -0.1346 0.3061 -0.9424
vn 0.0371 -0.0831 -0.9959
vn -0.0224 -0.0797 -0.9966
vn -0.0595 -0.0097 -0.9982
vn -0.1035 -0.0077 -0.9946
vn -0.1258 0.0325 -0.9915
vn -0.1520 0.1414 -0.9782
vn -0.1538 0.1452 -0.9774
vn -0.1298 0.2275 -0.9651
vn -0.1420 0.2551 -0.9564
vn 0.0357 -0.2128 -0.9764
vn -0.0229 -0.2076 -0.9779
vn -0.0607 -0.1352 -0.9890
vn -0.0937 -0.1326 -0.9867
vn -0.1234 -0.0739 -0.9896
vn -0.1516 0.0340 -0.9879
vn -0.1579 0.0477 -0.9863
vn -0.1327 0.1440 -0.9806
vn -0.1385 0.1589 -0.9775
vn 0.0355 -0.3376 -0.9406
vn -0.0237 -0.3307 -0.9434
vn -0.0603 -0.2605 -0.9636
vn -0.1029 -0.2557 -0.9613
vn -0.1364 -0.1942 -0.9714
vn -0.1288 -0.1967 -0.9720
vn -0.1802 -0.0924 -0.9793
vn -0.1430 -0.1119 -0.9834
vn -0.1724 -0.0481 -0.9838
vn -0.1374 -0.0506 -0.9892
vn -0.1805 0.0352 -0.9829
vn -0.1289 0.0156 -0.9915
vn -0.1511 0.0680 -0.9862
vn 0.0378 -0.4495 -0.8925
vn -0.0321 -0.4399 -0.8975
vn -0.0629 -0.3845 -0.9210
vn -0.0999 -0.3712 -0.9232
vn -0.1254 -0.3253 -0.9373
vn -0.1632 -0.2194 -0.9619
vn -0.1857 -0.1730 -0.9672
vn -0.1323 -0.1966 -0.9715
vn -0.1776 -0.1074 -0.9782
vn -0.1396 -0.1104 -0.9840
vn -0.1657 -0.0477 -0.9850
vn 0.0444 -0.5443 -0.8377
vn -0.0255 -0.5341 -0.8450
vn -0.0498 -0.4902 -0.8702
vn -0.1631 -0.3213 -0.9328
vn -0.1677 -0.3115 -0.9353
vn -0.1600 -0.2090 -0.9647
vn -0.1754 -0.1693 -0.9698
vn 0.0515 -0.6271 -0.7772
vn -0.0192 -0.6002 -0.7996
vn -0.0378 -0.5662 -0.8234
vn -0.1317 -0.4772 -0.8689
vn -0.1505 -0.4393 -0.8856
vn -0.1512 -0.4388 -0.8858
vn -0.1665 -0.4064 -0.8984
vn -0.1682 -0.3115 -0.9352
vn -0.1786 -0.2839 -0.9421
vn 0.0675 -0.6836 -0.7267
vn -0.1169 -0.5534 -0.8247
vn -0.1328 -0.5250 -0.8407
vn -0.1770 -0.4047 -0.8972
vn -0.1845 -0.3763 -0.9079
vn -0.7858 -0.4840 -0.3849
vn -0.6978 -0.6782 -0.2303
vn -0.7441 -0.5707 -0.3473
vn -0.7429 -0.6003 -0.2962
vn -0.7016 -0.6696 -0.2437
vn -0.7822 -0.5253 -0.3350
vn -0.7432 -0.5995 -0.2972
vn -0.8066 -0.4921 -0.3275
vn -0.7826 -0.5213 -0.3404
vn -0.7254 -0.5976 -0.3415
vn -0.6840 -0.6313 -0.3656
vn -0.7997 -0.5168 -0.3055
vn -0.7442 -0.5633 -0.3590
vn -0.7654 -0.5625 -0.3127
vn -0.6746 -0.6242 -0.3941
vn -0.4610 -0.7454 -0.4815
vn -0.3416 -0.7790 -0.5258
vn -0.6852 -0.6210 -0.3805
vn -0.6109 -0.6617 -0.4346
vn -0.5979 -0.6717 -0.4375
vn -0.5024 -0.7118 -0.4909
vn -0.3649 -0.7807 -0.5073
vn -0.2329 -0.8064 -0.5435
vn -0.5864 -0.6397 -0.4969
vn -0.4816 -0.6691 -0.5659
vn -0.4658 -0.6837 -0.5618
vn -0.3831 -0.7033 -0.5988
vn -0.3496 -0.7332 -0.5833
vn -0.2545 -0.7480 -0.6129
vn -0.2173 -0.7852 -0.5798
vn -0.1312 -0.7907 -0.5980
vn -0.3296 -0.6765 -0.6585
vn -0.2654 -0.6860 -0.6774
vn -0.2347 -0.7209 -0.6521
vn -0.1510 -0.7265 -0.6703
vn -0.1124 -0.7639 -0.6355
vn -0.0414 -0.7737 -0.6322
vn -0.3601 -0.6337 -0.6847
vn -0.2288 -0.6635 -0.7123
vn -0.1688 -0.6772 -0.7161
vn -0.1442 -0.7037 -0.6957
vn -0.3120 -0.5800 -0.7525
vn -0.3101 -0.6098 -0.7294
vn -0.2420 -0.6295 -0.7383
vn -0.0632 -0.7042 -0.7072
vn -0.0200 -0.7427 -0.6693
vn 0.0251 -0.7562 -0.6539
vn -0.2305 -0.5540 -0.7999
vn -0.1977 -0.6049 -0.7713
vn -0.1619 -0.6088 -0.7767
vn -0.1382 -0.6372 -0.7582
vn -0.1050 -0.6517 -0.7511
vn -0.0657 -0.6921 -0.7188
vn -0.2237 -0.5430 -0.8094
vn -0.1723 -0.5432 -0.8218
vn -0.1545 -0.5832 -0.7975
vn -0.0157 -0.6930 -0.7208
vn 0.0364 -0.7383 -0.6735
vn 0.0731 -0.7476 -0.6601
vn -0.1965 -0.4640 -0.8638
vn -0.1764 -0.4814 -0.8586
vn -0.1650 -0.5212 -0.8373
vn -0.1161 -0.5845 -0.8031
vn -0.0872 -0.6232 -0.7772
vn -0.0514 -0.6403 -0.7664
vn -0.0176 -0.6797 -0.7333
vn -0.5805 -0.7218 -0.3768
vn -0.5725 -0.7160 -0.3996
vn -0.6424 -0.6895 -0.3345
vn -0.1866 -0.8330 -0.5209
vn -0.5472 -0.8367 -0.0248
vn -0.5463 -0.8374 -0.0166
vn -0.5823 -0.8123 0.0325
vn -0.6702 -0.7245 0.1609
vn -0.5578 -0.7106 0.4288
vn -0.6119 -0.7047 0.3591
vn 0.5604 -0.7617 -0.3251
vn -0.4777 -0.8676 -0.1383
vn 0.2450 -0.6657 0.7048
vn 0.3974 -0.6599 0.6377
vn 0.6352 -0.6615 0.3988
vn 0.5469 -0.6671 0.5058
vn 0.4824 -0.6648 0.5703
vn 0.3319 -0.6672 0.6669
vn 0.2650 -0.7432 0.6144
vn 0.4432 -0.6702 0.5953
vn -0.0539 -0.6657 0.7442
vn -0.5162 -0.6614 0.5441
vn -0.4434 -0.8931 -0.0760
vn -0.5789 -0.8132 -0.0600
vn -0.6453 -0.7031 -0.2988
vn 0.0974 -0.8069 0.5826
vn 0.4709 0.8790 -0.0751
vn 0.3618 0.6102 0.7048
vn 0.3328 0.5851 0.7396
vn -0.5515 -0.7273 -0.4085
vn -0.0062 -0.0065 1.0000
vn -0.9895 0.0646 -0.1295
vn -0.9960 0.0675 0.0585
vn 0.4670 0.8700 -0.1580
vn 0.3500 0.2062 -0.9138
vn -0.9866 0.1357 -0.0901
vn -0.9812 0.1711 -0.0890
vn -0.9677 0.2505 -0.0288
vn -0.9558 0.2909 -0.0421
vn -0.9912 0.1073 0.0775
vn -0.9730 0.2157 0.0817
vn -0.9705 0.2294 0.0747
vn -0.9219 0.3873 0.0058
vn -0.9351 0.3354 0.1140
vn -0.9091 0.4072 0.0877
vn -0.9089 0.4111 0.0702
vn -0.8609 0.5088 0.0075
vn -0.8369 0.5463 0.0333
vn 0.7063 -0.5735 -0.4150
vn -0.8199 0.5570 0.1321
vn -0.8260 0.5593 0.0697
vn 0.6591 0.3346 0.6735
vn -0.7946 0.5820 0.1732
vn -0.7717 0.6119 0.1734
vn 0.1230 0.3278 -0.9367
vn 0.1309 0.3337 -0.9336
vn 0.0622 -0.8136 -0.5781
vn -0.1624 -0.7262 -0.6680
vn 0.1208 0.3278 -0.9370
vn -0.7270 0.6539 0.2095
vn 0.1229 0.3280 -0.9366
vn -0.7128 0.6610 0.2346
vn -0.6857 0.6886 0.2360
vn 0.3182 0.9287 0.1905
vn 0.2640 0.1484 -0.9530
vn 0.6446 0.7568 -0.1084
vn 0.3503 0.2064 -0.9136
vn 0.3498 0.2062 -0.9139
vn -0.1142 -0.9927 -0.0375
vn 0.8507 0.2163 0.4791
vn -0.1148 -0.9927 -0.0371
vn -0.1145 -0.9927 -0.0373
vn -0.1136 -0.9928 -0.0382
vn -0.1139 -0.9928 -0.0379
vn -0.1141 -0.9928 -0.0376
vn -0.1144 -0.9927 -0.0373
vn -0.6576 0.7066 0.2612
vn -0.6283 0.7364 0.2509
vn -0.6068 0.7512 0.2597
vn -0.5934 0.7630 0.2562
vn -0.1302 -0.9913 -0.0198
vn -0.1142 -0.9927 -0.0378
vn -0.1143 -0.9927 -0.0376
vn 0.2614 -0.8203 0.5087
vn -0.4457 -0.7646 -0.4655
vn 0.2246 -0.9725 -0.0614
vn 0.1586 -0.8944 -0.4182
vn -0.0375 -0.8738 -0.4849
vn -0.0056 -0.9415 0.3368
vn -0.5512 0.7905 0.2670
vn -0.3452 -0.7855 -0.5137
vn -0.5072 0.8094 0.2961
vn -0.9834 0.0923 -0.1562
vn -0.9631 0.2282 -0.1428
vn -0.9413 0.3220 -0.1019
vn -0.9045 0.4181 -0.0842
vn -0.8727 0.4828 -0.0726
vn -0.7403 0.6704 0.0501
vn -0.7014 0.7044 0.1085
vn -0.6643 0.7284 0.1679
vn -0.6346 0.7505 0.1847
vn -0.9529 0.2616 -0.1536
vn -0.9450 0.2710 -0.1832
vn -0.9265 0.2342 -0.2944
vn -0.9174 0.2442 -0.3141
vn -0.8898 0.4470 -0.0924
vn -0.8760 0.4326 -0.2134
vn -0.8692 0.4385 -0.2286
vn -0.8469 0.4035 -0.3464
vn -0.8179 0.4152 -0.3983
vn -0.8168 0.3365 -0.4687
vn -0.7815 0.4625 -0.4188
vn -0.7266 0.4898 -0.4818
vn -0.8022 0.5956 -0.0425
vn -0.8115 0.5780 -0.0858
vn -0.7973 0.5899 -0.1276
vn -0.7896 0.5669 -0.2347
vn -0.7622 0.5806 -0.2864
vn -0.7001 0.5167 -0.4928
vn -0.6547 0.5316 -0.5374
vn -0.6409 0.4694 -0.6074
vn -0.7556 0.6549 0.0140
vn -0.7559 0.6546 0.0118
vn -0.7227 0.6144 -0.3166
vn -0.6867 0.6246 -0.3718
vn -0.6204 0.5707 -0.5380
vn -0.7173 0.6935 0.0677
vn -0.7170 0.6956 -0.0450
vn -0.7104 0.6902 -0.1375
vn -0.6882 0.7028 -0.1802
vn -0.6432 0.6535 -0.3990
vn -0.6117 0.6577 -0.4397
vn -0.5605 0.5944 -0.5766
vn -0.5514 0.5887 -0.5912
vn -0.6762 0.7259 0.1254
vn -0.6702 0.7421 0.0104
vn -0.6604 0.7239 -0.1996
vn -0.6169 0.7396 -0.2691
vn -0.5715 0.6790 -0.4608
vn -0.5387 0.6720 -0.5082
vn -0.5359 0.6648 -0.5205
vn -0.6396 0.7665 0.0578
vn -0.6543 0.7561 0.0121
vn -0.6164 0.7844 -0.0697
vn -0.5934 0.7536 -0.2827
vn -0.5597 0.7604 -0.3293
vn -0.5388 0.7386 -0.4051
vn -0.4968 0.6631 -0.5600
vn -0.5050 0.6363 -0.5832
vn -0.5171 0.6510 -0.5556
vn -0.6002 0.7891 0.1309
vn -0.6114 0.7873 0.0796
vn -0.6072 0.7909 -0.0756
vn -0.5575 0.8144 -0.1608
vn -0.4846 0.7514 -0.4478
vn -0.4700 0.7451 -0.4733
vn -0.4671 0.7269 -0.5035
vn -0.4631 0.7239 -0.5113
vn -0.4681 0.7023 -0.5363
vn -0.5823 0.8010 0.1391
vn -0.5688 0.8215 0.0403
vn -0.5529 0.8171 -0.1633
vn -0.5180 0.8277 -0.2159
vn -0.4952 0.8073 -0.3209
vn -0.4690 0.8094 -0.3535
vn -0.4865 0.7115 -0.5071
vn -0.4940 0.6745 -0.5487
vn -0.5222 0.6752 -0.5210
vn -0.5722 0.7976 0.1906
vn -0.5483 0.8312 0.0919
vn -0.5612 0.8266 0.0411
vn -0.5183 0.8542 -0.0410
vn -0.4621 0.8120 -0.3566
vn -0.4291 0.8056 -0.4086
vn -0.4272 0.7852 -0.4483
vn -0.4345 0.7506 -0.4978
vn -0.5107 0.6847 -0.5200
vn -0.5319 0.8181 0.2187
vn -0.5121 0.8578 -0.0442
vn -0.4785 0.8727 -0.0973
vn -0.4610 0.8624 -0.2090
vn -0.4338 0.8671 -0.2448
vn -0.4323 0.8482 -0.3061
vn -0.4153 0.7827 -0.4636
vn -0.4522 0.7565 -0.4725
vn -0.4859 0.7119 -0.5071
vn -0.4854 0.7199 -0.4961
vn -0.4691 0.8469 0.2504
vn -0.4900 0.8456 0.2119
vn -0.4794 0.8614 0.1680
vn -0.5010 0.8585 0.1094
vn -0.4688 0.8798 0.0790
vn -0.4070 0.8812 -0.2406
vn -0.3692 0.8484 -0.3793
vn -0.3757 0.8373 -0.3972
vn -0.3691 0.8252 -0.4275
vn -0.4017 0.7921 -0.4596
vn -0.4101 0.7969 -0.4436
vn -0.4406 0.7648 -0.4701
vn -0.9549 0.0721 -0.2879
vn -0.8524 0.2200 -0.4743
vn -0.7196 0.3598 -0.5939
vn -0.6581 0.4174 -0.6267
vn -0.5589 0.5424 -0.6272
vn -0.5274 0.6126 -0.5887
vn -0.9548 0.0724 -0.2881
vn -0.9577 -0.0675 -0.2797
vn -0.8620 0.2050 -0.4636
vn -0.8773 0.0783 -0.4735
vn -0.8792 0.0732 -0.4708
vn -0.8826 -0.0405 -0.4683
vn -0.8923 -0.0783 -0.4445
vn -0.8720 -0.1883 -0.4518
vn -0.7966 -0.1234 -0.5918
vn -0.7289 0.3455 -0.5910
vn -0.7550 0.2298 -0.6142
vn -0.7621 0.2173 -0.6099
vn -0.7796 0.0794 -0.6212
vn -0.7837 0.0705 -0.6171
vn -0.7870 -0.0841 -0.6112
vn -0.8000 -0.1232 -0.5872
vn -0.7745 -0.2211 -0.5928
vn -0.6799 0.3865 -0.6232
vn -0.7140 -0.2896 -0.6375
vn -0.6645 0.2732 -0.6955
vn -0.6933 0.2247 -0.6847
vn -0.7123 0.0854 -0.6966
vn -0.7179 0.0735 -0.6923
vn -0.7229 -0.0842 -0.6858
vn -0.7253 -0.0908 -0.6824
vn -0.7128 -0.2513 -0.6548
vn -0.7219 -0.2892 -0.6287
vn -0.6779 -0.4012 -0.6161
vn -0.6736 -0.4637 -0.5755
vn -0.6407 -0.5254 -0.5598
vn -0.5803 0.5119 -0.6334
vn -0.6106 0.4316 -0.6640
vn -0.6213 0.4170 -0.6634
vn -0.6507 0.3151 -0.6909
vn -0.6857 0.2582 -0.6805
vn -0.6279 -0.5361 -0.5643
vn -0.5782 0.5372 -0.6141
vn -0.6657 0.1553 -0.7299
vn -0.7032 0.0842 -0.7059
vn -0.6950 -0.0366 -0.7181
vn -0.7149 -0.0854 -0.6940
vn -0.6931 -0.2143 -0.6882
vn -0.7041 -0.2527 -0.6636
vn -0.6809 -0.3868 -0.6219
vn -0.6833 -0.4005 -0.6105
vn -0.6538 -0.5081 -0.5606
vn -0.6578 -0.5606 -0.5030
vn -0.5573 0.5587 -0.6143
vn -0.5812 0.4926 -0.6477
vn -0.6167 0.4321 -0.6581
vn -0.6236 0.3550 -0.6965
vn -0.6501 0.3151 -0.6915
vn -0.6752 0.1863 -0.7137
vn -0.6975 0.1439 -0.7020
vn -0.6943 0.0245 -0.7193
vn -0.7186 -0.0335 -0.6946
vn -0.7025 -0.1432 -0.6971
vn -0.7316 -0.2304 -0.6416
vn -0.6126 -0.6203 -0.4899
vn -0.6892 0.3501 -0.6343
vn -0.7000 -0.2899 -0.6527
vn -0.7200 -0.3804 -0.5805
vn -0.7016 -0.4573 -0.5465
vn -0.7058 -0.4943 -0.5075
vn -0.6885 -0.5439 -0.4797
vn -0.6892 -0.5916 -0.4183
vn -0.6816 -0.6035 -0.4137
vn -0.5388 0.6242 -0.5657
vn -0.5690 0.5642 -0.5982
vn -0.5709 0.5484 -0.6110
vn -0.6020 0.4831 -0.6358
vn -0.6018 0.4689 -0.6465
vn -0.6340 0.3908 -0.6673
vn -0.6331 0.3645 -0.6829
vn -0.6562 0.3216 -0.6826
vn -0.6653 0.2356 -0.7085
vn -0.6866 0.1877 -0.7023
vn -0.6907 0.0910 -0.7174
vn -0.7196 0.0304 -0.6937
vn -0.7100 -0.0941 -0.6979
vn -0.7243 -0.1353 -0.6761
vn -0.7161 -0.2547 -0.6499
vn -0.7305 -0.3211 -0.6027
vn -0.5417 0.6216 -0.5658
vn 0.0239 -0.6459 0.7630
vn -0.6841 -0.0833 -0.7246
vn -0.6687 -0.4219 -0.6123
vn -0.6779 -0.4663 -0.5684
vn -0.6601 -0.5201 -0.5421
vn -0.6645 -0.5545 -0.5009
vn -0.6497 -0.5894 -0.4801
vn -0.6512 -0.6191 -0.4390
vn -0.6397 -0.6417 -0.4231
vn 0.1812 0.5040 0.8445
vn 0.2152 0.6161 0.7577
vn -0.6547 -0.2769 -0.7034
vn -0.6294 -0.3711 -0.6827
vn -0.6396 -0.4070 -0.6521
vn -0.3655 0.8661 0.3411
vn 0.0455 0.8724 0.4866
vn -0.5719 -0.2295 -0.7875
vn -0.5781 -0.3610 -0.7318
vn -0.5742 -0.5221 -0.6306
vn -0.5949 -0.5482 -0.5878
vn -0.5767 -0.6234 -0.5280
vn -0.5577 -0.6464 -0.5207
vn -0.5766 -0.6727 -0.4637
vn -0.9588 -0.0748 -0.2740
vn -0.8716 -0.2385 -0.4283
vn -0.7992 -0.3417 -0.4944
vn -0.7389 -0.4119 -0.5333
vn -0.6075 -0.6320 -0.4812
vn -0.6389 -0.6630 -0.3901
vn -0.9770 -0.1016 -0.1872
vn -0.9748 -0.1638 -0.1517
vn -0.9593 -0.2391 -0.1501
vn -0.9513 -0.2792 -0.1304
vn -0.9122 -0.2522 -0.3231
vn -0.9125 -0.2826 -0.2956
vn -0.9283 -0.3491 -0.1277
vn -0.8281 -0.3338 -0.4504
vn -0.8326 -0.3982 -0.3849
vn -0.8842 -0.3691 -0.2862
vn -0.8781 -0.4227 -0.2243
vn -0.8855 -0.4308 -0.1740
vn -0.8581 -0.4987 -0.1227
vn -0.7947 -0.4847 -0.3655
vn -0.7912 -0.5226 -0.3175
vn -0.8362 -0.5352 -0.1200
vn -0.7981 -0.5982 -0.0720
vn -0.7189 -0.4540 -0.5264
vn -0.7111 -0.5113 -0.4825
vn -0.7592 -0.5846 -0.2861
vn -0.7564 -0.5971 -0.2673
vn -0.7714 -0.6083 -0.1868
vn -0.7433 -0.6584 -0.1181
vn -0.7736 -0.6292 -0.0755
vn -0.7311 -0.6817 -0.0288
vn -0.6425 -0.5944 -0.4837
vn -0.6628 -0.5894 -0.4618
vn -0.6628 -0.6166 -0.4248
vn -0.7139 -0.6913 -0.1118
vn -0.6819 -0.7286 -0.0641
vn -0.7206 -0.6926 -0.0311
vn -0.6056 -0.6277 -0.4892
vn -0.6199 -0.6885 -0.3765
vn -0.6175 -0.7064 -0.3459
vn -0.6370 -0.7197 -0.2761
vn -0.6337 -0.7304 -0.2550
vn -0.6570 -0.7513 -0.0624
vn -0.6418 -0.7651 -0.0518
vn -0.6521 -0.7531 -0.0875
vn -0.5673 -0.6966 -0.4392
vn -0.5675 -0.7008 -0.4322
vn -0.6047 -0.7645 -0.2236
vn -0.6005 -0.7798 -0.1771
vn -0.6156 -0.6233 -0.4822
vn -0.6014 -0.6924 -0.3986
vn -0.5381 -0.7603 -0.3639
vn -0.5950 -0.8022 -0.0497
vn -0.6108 -0.7774 -0.1503
vn -0.6348 -0.7675 -0.0892
vn -0.6332 -0.7735 -0.0283
vn -0.5786 -0.7144 -0.3936
vn -0.5287 -0.7712 -0.3545
vn -0.5292 -0.7973 -0.2901
vn -0.5209 -0.8101 -0.2689
vn -0.5463 -0.8199 -0.1712
vn -0.5653 -0.8124 -0.1429
vn -0.5764 -0.8133 -0.0793
vn -0.6603 -0.6599 -0.3586
vn -0.6635 -0.6748 -0.3231
vn -0.5866 -0.7519 -0.3009
vn -0.5562 -0.7744 -0.3015
vn -0.5850 -0.7697 -0.2555
vn -0.5448 -0.7909 -0.2787
vn -0.5591 -0.8045 -0.2007
vn -0.6110 -0.7754 -0.1591
vn -0.6200 -0.7718 -0.1413
vn -0.6222 -0.7634 -0.1735
vn -0.6480 -0.7490 -0.1382
vn -0.6485 -0.7569 -0.0808
vn -0.6725 -0.7394 -0.0326
vn -0.6398 -0.7113 -0.2912
vn -0.6453 -0.7236 -0.2451
vn -0.5873 -0.7175 -0.3747
vn 0.1068 0.9195 -0.3782
vn -0.8817 -0.4655 -0.0772
vn -0.8232 -0.5676 -0.0156
vn -0.9920 0.0018 -0.1265
vn -0.9886 -0.1131 -0.0999
vn -0.9937 -0.0543 -0.0980
vn -0.9663 -0.2510 -0.0577
vn -0.9831 -0.1755 -0.0523
vn -0.9983 0.0090 0.0569
vn -0.9062 -0.4168 -0.0716
vn -0.9238 -0.3820 -0.0252
vn -0.9540 -0.2993 -0.0174
vn -0.9892 -0.1289 0.0692
vn -0.9968 -0.0317 0.0738
vn -0.8378 -0.5458 -0.0108
vn -0.9594 -0.2728 0.0714
vn -0.9837 -0.1601 0.0823
vn -0.8558 -0.5155 0.0422
vn -0.9076 -0.4165 0.0537
vn -0.9063 -0.4196 0.0509
vn -0.9694 -0.2380 0.0598
vn -0.7510 -0.6602 -0.0114
vn -0.8108 -0.5853 0.0002
vn -0.8847 -0.4661 -0.0086
vn -0.9355 -0.3533 -0.0010
vn -0.8049 -0.5934 -0.0053
vn -0.8646 -0.5025 0.0019
vn -0.6815 -0.7317 -0.0119
vn -0.6892 -0.7245 -0.0108
vn -0.6622 -0.7493 -0.0038
vn -0.6431 -0.7658 -0.0048
vn -0.6818 -0.7314 -0.0155
vn -0.7504 -0.6608 -0.0104
vn -0.6536 -0.7565 -0.0220
vn -0.6637 -0.7471 -0.0368
vn -0.7150 -0.6984 -0.0326
vn -0.6630 -0.7486 0.0003
vn -0.6170 -0.7861 -0.0375
vn -0.6445 -0.7612 -0.0723
vn -0.6953 -0.7171 -0.0484
vn -0.6899 -0.7237 -0.0181
vn -0.1138 -0.9927 -0.0399
vn 0.1974 0.5449 0.8149
vn 0.1933 0.5502 0.8123
vn 0.2608 0.5626 0.7845
vn 0.2052 0.5499 0.8096
vn 0.2240 0.5969 0.7704
vn 0.2467 0.5862 0.7717
vn 0.2703 0.6432 0.7164
vn 0.2606 0.6491 0.7147
vn 0.2653 0.6910 0.6724
vn -0.3782 0.8666 0.3254
vn -0.5020 0.8246 0.2608
vn -0.4992 0.8109 0.3054
vn 0.2419 0.6121 0.7529
vn 0.2587 0.6580 0.7072
vn 0.2659 0.6409 0.7201
vn 0.2958 0.6975 0.6527
vn 0.2500 0.7862 0.5651
vn 0.2428 0.7963 0.5540
vn 0.2055 0.8181 0.5371
vn 0.0588 0.9034 0.4248
vn -0.0641 0.9326 0.3552
vn -0.0337 0.8913 0.4521
vn -0.2106 0.9177 0.3367
vn -0.1562 0.8857 0.4372
vn -0.2488 0.8931 0.3749
vn 0.3197 0.7191 0.6170
vn 0.3347 0.7585 0.5592
vn 0.3366 0.7523 0.5663
vn 0.2040 0.8703 0.4482
vn 0.1172 0.9045 0.4101
vn 0.1190 0.8591 0.4977
vn -0.0069 0.8967 0.4427
vn -0.3883 0.8540 0.3463
vn -0.4230 0.8465 0.3233
vn -0.1177 0.9262 0.3581
vn -0.0063 0.9319 0.3626
vn 0.3106 0.8433 0.4386
vn 0.7209 0.6797 -0.1354
vn -0.4405 0.8559 0.2711
vn -0.3514 0.8957 0.2725
vn -0.2046 0.9192 0.3363
vn -0.2582 0.9327 0.2518
vn -0.3206 0.9172 0.2364
vn -0.0749 0.9368 0.3419
vn -0.3651 0.9167 0.1625
vn -0.3911 0.9088 0.1452
vn -0.4243 0.9021 0.0788
vn -0.1267 0.9589 0.2539
vn -0.2126 0.9498 0.2294
vn -0.2570 0.9533 0.1583
vn -0.3881 0.9216 0.0009
vn -0.3916 0.9171 -0.0750
vn 0.1375 0.9220 0.3620
vn 0.0488 0.9402 0.3371
vn 0.0077 0.9655 0.2604
vn -0.0904 0.9680 0.2341
vn -0.1136 0.9850 0.1302
vn -0.2255 0.9693 0.0983
vn -0.2410 0.9697 0.0392
vn -0.3715 0.9215 -0.1129
vn 0.2839 0.8592 0.4257
vn 0.2637 0.8910 0.3695
vn 0.1704 0.9231 0.3447
vn 0.1585 0.9565 0.2449
vn 0.0576 0.9750 0.2146
vn 0.0407 0.9923 0.1166
vn -0.0656 0.9943 0.0837
vn -0.0900 0.9954 -0.0340
vn -0.1909 0.9796 -0.0632
vn -0.2285 0.9636 -0.1384
vn -0.2774 0.9468 -0.1630
vn -0.2961 0.9238 -0.2428
vn -0.3543 0.8940 -0.2742
vn 0.2907 0.9021 0.3190
vn 0.2840 0.9343 0.2153
vn 0.2138 0.9572 0.1951
vn 0.1683 0.9821 0.0843
vn 0.0994 0.9931 0.0622
vn 0.0529 0.9978 -0.0407
vn -0.0302 0.9973 -0.0670
vn -0.3440 0.8676 -0.3591
vn 0.5415 0.8219 -0.1768
vn -0.0569 0.9759 -0.2108
vn -0.1316 0.9634 -0.2336
vn -0.1969 0.9305 -0.3088
vn -0.2261 0.9210 -0.3173
vn -0.2726 0.8929 -0.3583
vn -0.7044 0.2180 0.6755
vn -0.7045 0.2177 0.6755
vn -0.7086 0.2182 0.6710
vn -0.7041 0.2179 0.6758
vn -0.7075 0.2181 0.6722
vn 0.2557 0.9667 0.0100
vn 0.1869 0.9790 -0.0816
vn 0.1269 0.9863 -0.1055
vn 0.0636 0.9810 -0.1831
vn -0.0290 0.9755 -0.2180
vn 0.9013 0.3783 -0.2110
vn 0.2916 0.9560 0.0339
vn -0.0528 0.9573 -0.2842
vn -0.1676 0.9317 -0.3224
vn -0.2702 0.8805 -0.3896
vn -0.3713 0.8243 -0.4275
vn 0.4674 0.8329 -0.2964
vn 0.3357 0.9027 -0.2692
vn 0.2917 0.9548 -0.0574
vn 0.2017 0.9748 -0.0953
vn 0.1603 0.9762 -0.1462
vn 0.0648 0.9808 -0.1839
vn 0.0249 0.9732 -0.2288
vn -0.0908 0.9592 -0.2678
vn -0.1133 0.9467 -0.3015
vn -0.1655 0.9335 -0.3182
vn -0.2285 0.9032 -0.3633
vn -0.3286 0.8605 -0.3893
vn -0.3827 0.8132 -0.4384
vn 0.7506 -0.5136 -0.4157
vn 0.5824 0.7493 -0.3153
vn -0.7047 0.2173 0.6754
vn 0.3966 0.9178 -0.0188
vn 0.3052 0.9505 -0.0588
vn 0.9534 0.2348 -0.1895
vn 0.3501 0.2057 -0.9139
vn 0.2984 0.9435 -0.1440
vn 0.2093 0.9605 -0.1835
vn 0.1712 0.9573 -0.2329
vn 0.0766 0.9596 -0.2706
vn 0.0566 0.9543 -0.2936
vn -0.0702 0.9393 -0.3358
vn -0.0943 0.9197 -0.3812
vn -0.1817 0.8969 -0.4031
vn -0.1991 0.8848 -0.4213
vn -0.3015 0.8457 -0.4404
vn -0.3075 0.8403 -0.4465
vn -0.3796 0.8130 -0.4415
vn 0.8060 0.5639 -0.1802
vn 0.3504 0.2066 -0.9135
vn 0.3827 0.9161 -0.1196
vn 0.3272 0.9335 -0.1463
vn 0.0681 0.9297 -0.3619
vn -0.0498 0.9147 -0.4010
vn 0.1226 0.3293 -0.9362
vn -0.5967 0.7787 0.1939
vn -0.7876 -0.6161 0.0079
vn -0.1144 -0.9927 -0.0372
vn -0.7045 0.2180 0.6754
vn -0.7002 0.2168 0.6803
vn 0.1236 0.3277 -0.9367
vn 0.4878 0.4927 0.7207
vn -0.1139 -0.9928 -0.0364
vn -0.5270 0.8034 0.2771
vn -0.4215 -0.5046 -0.7535
vn -0.5327 -0.5294 -0.6604
vn -0.6617 -0.0015 -0.7497
vn -0.3035 -0.5852 -0.7520
vn -0.4298 -0.6002 -0.6746
vn -0.4942 -0.5767 -0.6505
vn -0.6209 -0.7525 0.2197
vn 0.1709 0.8230 0.5417
vn -0.7045 0.2183 0.6753
vn -0.1758 -0.6654 -0.7255
vn -0.3276 -0.6858 -0.6499
vn -0.3949 -0.6639 -0.6351
vn -0.4412 -0.6790 -0.5868
vn -0.4924 -0.6585 -0.5691
vn -0.5271 -0.6600 -0.5353
vn -0.1741 -0.7977 0.5773
vn -0.6336 -0.2203 -0.7416
vn 0.2284 0.7225 0.6526
vn -0.5659 -0.3021 -0.7671
vn -0.7044 0.2181 0.6754
vn -0.7044 0.2179 0.6755
vn -0.0365 -0.7411 -0.6704
vn -0.1908 -0.7494 -0.6340
vn -0.2899 -0.7232 -0.6268
vn -0.5335 -0.7395 -0.4105
vn -0.6471 -0.1447 -0.7485
vn -0.6885 0.0887 -0.7198
vn -0.4258 0.7456 -0.5127
vn -0.2070 -0.8236 0.5280
vn -0.4266 0.7625 -0.4864
vn -0.7042 0.2184 0.6755
vn -0.7042 0.2191 0.6754
vn 0.0984 -0.9320 0.3490
vn 0.0210 -0.8848 0.4654
vn -0.6165 -0.7864 -0.0392
vn -0.4996 -0.8640 0.0619
vn -0.5541 -0.8324 0.0092
vn -0.5993 -0.8003 -0.0160
vn -0.6141 -0.7885 -0.0344
vn -0.4054 -0.9002 0.1587
vn -0.4868 -0.8687 0.0921
vn -0.0563 -0.9532 0.2969
vn -0.3036 -0.9175 0.2571
vn -0.3810 -0.9017 0.2045
vn -0.5540 -0.8227 0.1273
vn -0.6012 -0.7953 0.0779
vn -0.6310 -0.7703 0.0923
vn -0.4779 -0.8383 0.2624
vn -0.5354 -0.8177 0.2112
vn 0.1025 -0.9008 0.4220
vn 0.0147 -0.9065 0.4219
vn -0.0364 -0.8843 0.4654
vn -0.1196 -0.8940 0.4319
vn -0.1762 -0.8823 0.4365
vn -0.2797 -0.8801 0.3838
vn -0.3428 -0.8508 0.3984
vn -0.4491 -0.8308 0.3288
vn 0.1523 -0.9145 0.3749
vn 0.1179 -0.8942 0.4320
vn -0.0175 -0.8651 0.5014
vn 0.1194 -0.8790 0.4616
vn 0.0993 -0.8431 0.5285
vn 0.0859 -0.8358 0.5423
vn -0.0499 -0.8034 0.5934
vn -0.0784 -0.7900 0.6080
vn 0.1190 -0.8792 0.4614
vn 0.0674 -0.8617 0.5029
vn 0.0778 -0.7991 0.5962
vn 0.0659 -0.7830 0.6185
vn -0.0657 -0.7360 0.6738
vn 0.0741 -0.7979 0.5983
vn 0.0606 -0.7431 0.6665
vn 0.0384 -0.7082 0.7050
vn 0.0413 -0.8577 0.5125
vn 0.0116 -0.8270 0.5620
vn 0.0392 -0.6777 0.7343
vn 0.0172 -0.7766 0.6297
vn -0.0143 -0.7312 0.6820
vn 0.0671 -0.7402 0.6691
vn 0.0145 -0.6936 0.7202
vn -0.1504 0.8880 0.4346
vn 0.1304 0.8599 0.4935
vn 0.2376 0.8675 0.4370
vn 0.3274 0.8231 0.4640
vn 0.3637 0.7912 0.4916
vn 0.2960 0.7171 0.6310
vn 0.3197 0.6818 0.6580
vn -0.3072 0.8782 0.3666
vn -0.2593 0.8834 0.3904
vn -0.2598 0.8834 0.3899
vn -0.1260 0.8832 0.4518
vn 0.0047 0.8677 0.4970
vn 0.0009 0.8680 0.4966
vn 0.0449 0.8986 0.4365
vn 0.1334 0.8318 0.5388
vn 0.1308 0.8323 0.5388
vn 0.1260 0.8786 0.4607
vn 0.1739 0.8822 0.4376
vn 0.2626 0.8075 0.5282
vn 0.2112 0.8011 0.5600
vn 0.2141 0.7990 0.5619
vn 0.2557 0.8103 0.5273
vn 0.2322 0.8600 0.4545
vn 0.3291 0.8216 0.4655
vn 0.3162 0.7671 0.5582
vn 0.3434 0.7325 0.5878
vn 0.2945 0.7446 0.5991
vn 0.2949 0.7869 0.5420
vn 0.3626 0.8033 0.4725
vn 0.3704 0.7317 0.5721
vn 0.3339 0.7170 0.6119
vn 0.3502 0.7911 0.5016
vn 0.3781 0.8054 0.4564
vn 0.3344 0.7135 0.6157
vn 0.2876 0.7202 0.6314
vn 0.3098 0.7388 0.5985
vn 0.3295 0.8033 0.4962
vn 0.3499 0.2054 -0.9140
vn 0.3538 0.2493 -0.9015
vn 0.3133 0.7223 0.6165
vn 0.2881 0.7196 0.6318
vn 0.3499 0.7575 0.5511
vn 0.3327 0.8202 0.4654
vn 0.3348 0.8248 0.4556
vn 0.2992 0.8260 0.4777
vn 0.2273 0.7395 0.6336
vn 0.2149 0.7399 0.6374
vn 0.2489 0.7946 0.5538
vn 0.3502 0.2061 -0.9137
vn 0.3501 0.2061 -0.9138
vn 0.3262 0.7655 0.5547
vn 0.3236 0.7885 0.5230
vn 0.2838 0.8301 0.4800
vn 0.1553 0.7663 0.6235
vn 0.3521 0.2056 -0.9131
vn 0.3511 0.2059 -0.9134
vn 0.3470 0.2081 -0.9145
vn 0.3200 0.7882 0.5256
vn 0.2309 0.8175 0.5276
vn 0.2086 0.7847 0.5837
vn 0.1656 0.7528 0.6370
vn 0.3525 0.2052 -0.9131
vn 0.3524 0.2052 -0.9131
vn 0.3424 0.2092 -0.9160
vn 0.3192 0.6795 0.6606
vn 0.3823 0.7029 0.5998
vn 0.3317 0.7827 0.5266
vn 0.2763 0.7576 0.5913
vn 0.2201 0.7510 0.6225
vn 0.3504 0.2067 -0.9135
vn 0.3501 0.2061 -0.9137
vn 0.3511 0.2057 -0.9135
vn 0.8359 0.5130 -0.1951
vn 0.2119 0.9162 -0.3401
vn 0.7590 0.5928 -0.2692
vn 0.6201 0.5740 -0.5348
vn 0.4099 0.6918 0.5944
vn 0.4212 0.6946 0.5832
vn 0.4103 0.7137 0.5677
vn 0.3395 0.6975 0.6310
vn 0.3420 0.7184 0.6057
vn 0.2245 0.7062 0.6715
vn 0.3504 0.2068 -0.9135
vn 0.9491 0.0939 -0.3007
vn 0.2497 0.9251 -0.2859
vn 0.3921 0.9121 -0.1200
vn 0.8867 0.1707 0.4298
vn 0.3076 0.9145 -0.2629
vn 0.4407 0.8785 -0.1845
vn -0.6988 0.2151 0.6822
vn -0.7044 0.2189 0.6752
vn 0.1228 0.3280 -0.9367
vn 0.1271 0.3278 -0.9362
vn 0.0936 0.3270 -0.9404
vn 0.5410 0.8249 -0.1640
vn -0.7045 0.2171 0.6757
vn -0.7045 0.2164 0.6759
vn -0.7041 0.2191 0.6754
vn 0.1230 0.3279 -0.9367
vn -0.7052 0.2149 0.6757
vn 0.1226 0.3291 -0.9363
vn 0.1100 0.3709 -0.9221
vn 0.1199 0.3282 -0.9370
vn 0.1228 0.3282 -0.9366
vn -0.7044 0.2185 0.6753
vn -0.8795 0.4496 0.1562
vn -0.7043 0.2180 0.6756
vn 0.9017 0.2584 0.3467
vn -0.6970 -0.7155 0.0485
vn -0.5053 -0.4831 -0.7150
vn -0.5214 -0.4172 -0.7444
vn -0.2932 -0.6518 -0.6995
vn -0.4044 -0.5691 -0.7159
vn -0.7036 0.2202 0.6756
vn -0.7068 0.2115 0.6750
vn -0.7024 0.2234 0.6758
vn -0.6705 0.3173 0.6707
vn -0.7044 0.2171 0.6758
vn -0.3238 -0.8179 0.4756
vn -0.0224 -0.7861 -0.6177
vn -0.7049 0.2181 0.6750
vn -0.2472 -0.9341 0.2574
vn 0.9720 0.1564 -0.1753
vn 0.8804 0.4552 -0.1331
vn 0.8796 0.4567 -0.1333
vn -0.4753 -0.7490 -0.4617
vn -0.2927 -0.7841 -0.5473
vn -0.1599 -0.8031 -0.5740
vn -0.7062 0.2179 0.6737
vn 0.3502 0.2085 -0.9132
vn -0.2144 -0.8141 -0.5397
vn -0.0953 -0.8202 -0.5641
vn 0.0753 -0.8429 -0.5328
vn 0.1833 -0.7512 -0.6341
vn 0.2060 -0.8220 -0.5310
vn 0.1428 -0.8555 -0.4977
vn 0.3253 -0.7828 -0.5304
vn 0.2616 -0.8235 -0.5033
vn 0.2708 -0.8671 -0.4181
vn -0.6935 0.2185 0.6865
vn 0.3665 -0.8097 -0.4583
vn 0.2972 -0.8695 -0.3945
vn 0.3025 -0.8867 -0.3497
vn -0.7044 0.2184 0.6754
vn 0.4100 -0.7912 -0.4538
vn 0.3153 -0.8890 -0.3320
vn 0.3135 -0.9120 -0.2643
vn 0.4180 -0.7936 -0.4422
vn 0.4135 -0.8307 -0.3726
vn 0.3128 -0.9120 -0.2654
vn 0.3061 -0.9344 -0.1823
vn 0.3067 0.9512 0.0328
vn 0.5168 -0.6983 -0.4953
vn 0.4126 -0.8303 -0.3747
vn 0.4077 -0.8624 -0.3001
vn 0.2950 -0.9353 -0.1952
vn 0.5255 -0.7533 -0.3954
vn 0.4146 -0.8640 -0.2856
vn 0.4096 -0.8835 -0.2272
vn 0.3030 -0.9443 -0.1286
vn 0.2778 -0.9564 -0.0899
vn 0.4270 0.8746 -0.2295
vn 0.6534 -0.5855 -0.4798
vn 0.6108 -0.6932 -0.3826
vn 0.5413 -0.7532 -0.3737
vn 0.5375 -0.7856 -0.3066
vn 0.4280 -0.8845 -0.1856
vn 0.4228 -0.8953 -0.1403
vn 0.3838 -0.9159 -0.1179
vn 0.6978 -0.6293 -0.3422
vn 0.6481 -0.6808 -0.3412
vn 0.6358 -0.7255 -0.2635
vn 0.5675 -0.7817 -0.2586
vn 0.5599 -0.8041 -0.1999
vn 0.4767 -0.8755 -0.0794
vn 0.3707 -0.9286 -0.0178
vn 0.3396 -0.9403 -0.0216
vn 0.3056 -0.9521 -0.0110
vn 0.3259 -0.9387 -0.1121
vn 0.8404 -0.4165 -0.3468
vn 0.7946 -0.4908 -0.3574
vn 0.7820 -0.5572 -0.2792
vn 0.7416 -0.6081 -0.2833
vn 0.7246 -0.6578 -0.2056
vn 0.6793 -0.7040 -0.2073
vn 0.6602 -0.7395 -0.1313
vn 0.5950 -0.7930 -0.1308
vn 0.5854 -0.8062 -0.0859
vn 0.4800 -0.8772 -0.0114
vn 0.4330 -0.9011 0.0213
vn 0.4349 -0.9002 0.0245
vn -0.7043 0.2217 0.6744
vn 0.1149 -0.9341 0.3380
vn 0.0833 -0.9031 0.4213
vn 0.1557 -0.9211 0.3568
vn -0.0796 -0.8665 0.4928
vn 0.0296 -0.9098 0.4139
vn 0.0289 -0.9114 0.4104
vn 0.0649 -0.9313 0.3584
vn 0.1049 -0.9331 0.3440
vn 0.1151 -0.9099 0.3985
vn -0.1727 -0.8555 0.4881
vn -0.1630 -0.8617 0.4804
vn -0.1488 -0.8852 0.4407
vn -0.0495 -0.9190 0.3911
vn -0.0041 -0.9390 0.3438
vn 0.0604 -0.9265 0.3713
vn -0.0062 -0.9096 0.4155
vn -0.0899 -0.8501 0.5189
vn -0.0971 -0.8532 0.5126
vn -0.0549 -0.8742 0.4824
vn -0.0581 -0.8769 0.4771
vn 0.0416 -0.9057 0.4218
vn 0.0204 -0.8320 0.5543
vn 0.0166 -0.8323 0.5540
vn 0.0340 -0.8698 0.4922
vn 0.0820 -0.8558 0.5107
vn 0.0747 -0.8535 0.5156
vn -0.1145 -0.9926 -0.0414
vn 0.0651 -0.5568 0.8281
vn 0.0325 -0.6194 0.7844
vn 0.0059 -0.5830 0.8124
vn 0.0209 -0.5213 0.8531
vn 0.0045 -0.4595 0.8881
vn 0.0224 -0.3768 0.9260
vn 0.9400 0.3271 0.0965
vn 0.0034 -0.3958 0.9183
vn -0.0145 -0.2652 0.9641
vn 0.0071 -0.1733 0.9848
vn 0.0279 0.2096 0.9774
vn 0.0787 0.2615 0.9620
vn 0.0944 0.3555 0.9299
vn -0.0201 -0.6239 0.7812
vn -0.0160 -0.5350 0.8447
vn -0.0226 -0.5196 0.8541
vn -0.0150 -0.4163 0.9091
vn -0.0356 -0.3611 0.9319
vn 0.0129 -0.1653 0.9862
vn 0.0189 0.0187 0.9996
vn 0.0596 0.1230 0.9906
vn 0.1171 0.3812 0.9170
vn 0.1325 0.4280 0.8940
vn 0.1575 0.4582 0.8748
vn 0.1761 0.5155 0.8386
vn 0.0055 -0.6865 0.7271
vn -0.0020 -0.6499 0.7600
vn 0.0365 -0.2546 0.9664
vn 0.0222 -0.1663 0.9858
vn 0.0646 -0.1035 0.9925
vn 0.0734 0.1293 0.9889
vn 0.0928 0.1563 0.9833
vn 0.1019 0.2403 0.9653
vn 0.0371 -0.7706 0.6363
vn 0.0619 -0.7236 0.6875
vn 0.0767 -0.5805 0.8106
vn 0.0663 -0.5401 0.8390
vn 0.0944 -0.4798 0.8723
vn 0.0816 -0.4237 0.9021
vn 0.1206 -0.3333 0.9351
vn 0.1298 -0.0771 0.9885
vn 0.1532 -0.0455 0.9871
vn 0.1689 0.2819 0.9445
vn 0.1754 0.3622 0.9155
vn 0.2290 0.3950 0.8897
vn 0.1995 0.4501 0.8704
vn 0.2590 0.5109 0.8197
vn 0.0830 -0.7195 0.6896
vn 0.1559 -0.6239 0.7658
vn 0.1632 -0.3153 0.9349
vn 0.2080 -0.2573 0.9437
vn 0.2120 -0.0205 0.9770
vn 0.2694 0.0568 0.9614
vn 0.2378 0.1347 0.9619
vn 0.2721 0.2350 0.9331
vn 0.3248 0.2572 0.9101
vn 0.2688 0.3883 0.8815
vn 0.3334 0.4122 0.8479
vn 0.2917 0.5092 0.8097
vn 0.3335 0.5283 0.7808
vn 0.4829 0.5485 0.6826
vn 0.6747 0.3953 0.6233
vn 0.4478 0.5847 0.6765
vn 0.4655 0.6268 0.6249
vn 0.6275 0.4688 0.6217
vn 0.6308 0.4600 0.6249
vn 0.5703 0.5322 0.6257
vn 0.5538 0.5600 0.6162
vn 0.5021 0.6146 0.6084
vn 0.4915 0.6323 0.5988
vn 0.6476 0.3344 0.6848
vn 0.6230 0.3928 0.6765
vn 0.5131 0.5061 0.6932
vn 0.5070 0.5401 0.6717
vn 0.3855 0.6240 0.6797
vn 0.6427 0.3368 0.6881
vn 0.3754 0.5841 0.7197
vn 0.3373 0.6669 0.6644
vn 0.7022 0.2625 0.6618
vn 0.6767 0.2713 0.6845
vn 0.5684 0.3710 0.7344
vn 0.5120 0.4473 0.7333
vn 0.5238 -0.7026 -0.4818
vn 0.6159 -0.6485 -0.4472
vn 0.6338 0.2478 0.7327
vn 0.6060 0.2955 0.7386
vn 0.6003 0.3188 0.7335
vn 0.5651 0.3739 0.7354
vn 0.1562 -0.9208 0.3575
vn 0.6325 0.2483 0.7336
vn 0.9091 -0.2179 -0.3549
vn 0.6321 0.7406 0.2279
vn 0.6327 0.7403 0.2272
vn 0.6378 0.2416 0.7313
vn 0.6900 0.2701 0.6716
vn 0.6572 0.7242 0.2089
vn 0.6321 0.7407 0.2275
vn 0.6330 0.7401 0.2269
vn 0.7051 0.2596 0.6599
vn 0.6889 0.2943 0.6624
vn 0.7459 0.2586 0.6139
vn 0.6323 0.7406 0.2274
vn 0.6322 0.7407 0.2274
vn 0.6323 0.7406 0.2273
vn 0.6982 0.1522 0.6995
vn 0.7516 0.1871 0.6326
vn 0.7205 0.2550 0.6448
vn 0.7702 0.2751 0.5755
vn 0.6321 0.7408 0.2274
vn 0.6329 0.7401 0.2273
vn 0.8003 0.1504 0.5804
vn 0.7771 0.1770 0.6039
vn 0.8327 0.2729 0.4818
vn 0.8369 0.2627 0.4802
vn 0.8195 0.2753 0.5027
vn 0.6322 0.7408 0.2271
vn 0.6276 0.7441 0.2290
vn 0.6331 0.7395 0.2285
vn 0.6322 0.7407 0.2273
vn 0.8723 0.0966 0.4793
vn 0.8636 0.1253 0.4883
vn 0.8609 0.2680 0.4324
vn 0.6325 0.7405 0.2273
vn 0.6322 0.7407 0.2271
vn 0.6300 0.7419 0.2296
vn 0.6324 0.7407 0.2268
vn -0.1135 -0.9929 -0.0362
vn 0.8940 0.0528 0.4449
vn 0.6323 0.7406 0.2275
vn 0.6323 0.7405 0.2278
vn 0.6322 0.7404 0.2283
vn 0.6325 0.7405 0.2270
vn 0.6325 0.7405 0.2274
vn 0.9170 0.3988 0.0086
vn 0.6324 0.7403 0.2280
vn -0.1137 -0.9928 -0.0369
vn -0.1143 -0.9927 -0.0375
vn -0.1153 -0.9926 -0.0391
vn -0.1123 -0.9931 -0.0340
vn -0.1126 -0.9930 -0.0362
vn -0.1135 -0.9928 -0.0370
vn -0.1141 -0.9928 -0.0377
vn -0.1142 -0.9928 -0.0373
vn -0.1142 -0.9927 -0.0381
vn -0.1138 -0.9928 -0.0369
vn -0.1120 -0.9931 -0.0346
vn 0.8842 0.1839 0.4294
vn -0.1207 -0.9916 -0.0468
vn 0.9047 0.2463 0.3477
vn 0.8916 0.2255 0.3927
vn 0.8863 0.1805 0.4265
vn 0.8898 0.2089 0.4058
vn 0.8952 0.2102 0.3930
vn -0.1143 -0.9928 -0.0366
vn -0.1143 -0.9927 -0.0373
vn 0.9153 0.3997 -0.0496
vn 0.9039 0.2501 0.3471
vn 0.9150 0.2080 0.3456
vn 0.8896 0.1355 0.4361
vn 0.9346 0.2292 0.2718
vn 0.9373 0.2613 0.2307
vn 0.9515 0.2710 0.1452
vn 0.9491 0.2939 0.1132
vn 0.9481 0.2935 -0.1224
vn 0.8734 0.2069 0.4409
vn 0.8923 0.2043 0.4025
vn 0.9357 0.2126 0.2814
vn 0.9130 0.0946 0.3969
vn 0.8950 0.1164 0.4305
vn 0.9115 0.1531 0.3817
vn 0.9330 0.1307 0.3354
vn 0.9407 0.1662 0.2957
vn 0.9726 0.2292 -0.0395
vn 0.9504 0.2864 -0.1209
vn 0.9218 0.1375 0.3624
vn 0.9421 0.1544 0.2976
vn 0.8967 0.1005 0.4311
vn 0.9064 0.0421 0.4204
vn 0.9342 0.1100 0.3394
vn 0.9823 0.0850 0.1669
vn 0.9849 0.1108 0.1330
vn 0.9935 0.1134 0.0133
vn 0.9906 0.1358 -0.0192
vn 0.9869 0.1162 -0.1117
vn 0.9203 0.0767 0.3836
vn 0.9553 0.1017 0.2776
vn 0.9071 0.0112 0.4207
vn 0.9131 -0.0457 0.4052
vn 0.9486 0.0258 0.3155
vn 0.9699 -0.0232 0.2426
vn 0.9805 0.0123 0.1959
vn 0.9834 -0.0026 -0.1817
vn 0.9417 -0.0041 0.3364
vn 0.9578 -0.0045 0.2875
vn 0.9561 -0.0197 0.2925
vn 0.9101 -0.0753 0.4075
vn 0.9129 -0.0543 0.4046
vn 0.9433 -0.1294 0.3056
vn 0.9675 -0.0504 0.2477
vn 0.9944 -0.0934 0.0493
vn 0.9970 -0.0770 0.0017
vn 0.9931 -0.0990 -0.0635
vn 0.9840 -0.0345 -0.1749
vn 0.9678 -0.0877 -0.2358
vn 0.9555 -0.1731 -0.2388
vn 0.9797 -0.1780 -0.0923
vn 0.9624 -0.1989 0.1849
vn 0.9399 -0.1535 0.3049
vn 0.9025 -0.1481 0.4044
vn 0.9564 -0.0993 0.2745
vn 0.8920 -0.0868 0.4435
vn 0.9580 -0.2182 -0.1859
vn 0.9371 -0.2950 -0.1866
vn 0.8976 -0.3357 -0.2858
vn 0.8694 -0.3934 -0.2990
vn 0.9549 -0.2944 -0.0391
vn 0.9324 -0.3380 -0.1280
vn 0.9017 -0.4132 -0.1277
vn 0.8672 -0.4513 -0.2104
vn 0.8244 -0.5269 -0.2067
vn 0.9675 -0.2178 0.1281
vn 0.9581 -0.2681 0.1009
vn 0.9494 -0.3133 0.0231
vn 0.9138 -0.4056 0.0211
vn 0.8896 -0.4523 -0.0636
vn 0.8508 -0.5217 -0.0629
vn 0.8157 -0.5611 -0.1408
vn 0.7670 -0.6269 -0.1368
vn 0.9425 -0.2204 0.2511
vn 0.9058 -0.3932 0.1578
vn 0.8931 -0.4422 0.0822
vn 0.8584 -0.5067 0.0806
vn 0.8327 -0.5537 0.0027
vn 0.7890 -0.6144 0.0032
vn 0.7532 -0.6541 -0.0695
vn 0.7025 -0.7086 -0.0663
vn 0.9056 -0.3207 0.2776
vn 0.8964 -0.3519 0.2696
vn 0.8881 -0.4033 0.2206
vn 0.8510 -0.4774 0.2188
vn 0.8339 -0.5343 0.1385
vn 0.7947 -0.5915 0.1366
vn 0.7676 -0.6376 0.0652
vn 0.7226 -0.6882 0.0651
vn 0.6861 -0.7275 -0.0032
vn 0.6199 -0.7847 -0.0002
vn 0.8980 -0.2146 0.3842
vn 0.8894 -0.2511 0.3819
vn 0.8184 -0.5129 0.2592
vn 0.7810 -0.5696 0.2561
vn 0.7681 -0.6112 0.1909
vn 0.7173 -0.6754 0.1711
vn 0.6998 -0.7037 0.1225
vn 0.6429 -0.7587 0.1046
vn 0.6091 -0.7921 0.0389
vn 0.5547 -0.8306 0.0492
vn 0.8936 -0.2394 0.3796
vn 0.8670 -0.3286 0.3747
vn 0.8514 -0.3924 0.3481
vn 0.8179 -0.4630 0.3417
vn 0.7695 -0.5764 0.2749
vn 0.8587 -0.3994 0.3212
vn 0.7899 -0.5263 0.3146
vn 0.7640 -0.5836 0.2752
vn 0.7021 -0.6689 0.2443
vn 0.6932 -0.6864 0.2197
vn 0.6302 -0.7567 0.1738
vn 0.6220 -0.7670 0.1575
vn 0.5445 -0.8313 0.1118
vn 0.5390 -0.8363 0.1003
vn 0.9425 -0.1794 0.2818
vn 0.9052 -0.3215 0.2779
vn 0.7293 -0.6567 0.1919
vn 0.5620 -0.8241 0.0715
vn 0.4421 -0.8967 -0.0198
vn 0.9427 -0.1783 0.2821
vn 0.8340 -0.4844 0.2643
vn 0.8014 -0.5367 0.2642
vn 0.7722 -0.5843 0.2497
vn 0.7494 -0.6144 0.2467
vn 0.6751 -0.7135 0.1874
vn 0.6488 -0.7487 0.1364
vn 0.5941 -0.7983 0.0993
vn 0.5539 -0.8316 0.0396
vn 0.9040 -0.3244 0.2785
vn 0.8743 -0.3987 0.2767
vn 0.8721 -0.4045 0.2753
vn 0.8480 -0.4536 0.2742
vn 0.7631 -0.6004 0.2392
vn 0.6799 -0.7159 0.1584
vn 0.4988 -0.8656 0.0439
vn 0.4477 -0.8939 -0.0213
vn 0.9127 -0.1107 0.3934
vn 0.9222 -0.1901 0.3367
vn 0.8939 -0.2748 0.3542
vn 0.7415 -0.6266 0.2400
vn 0.7084 -0.6706 0.2200
vn 0.6351 -0.7572 0.1528
vn 0.5941 -0.7982 0.0992
vn 0.5328 -0.8433 0.0711
vn 0.4903 -0.8715 0.0078
vn 0.8947 -0.1121 0.4323
vn 0.8566 -0.3150 0.4087
vn 0.8387 -0.3680 0.4014
vn 0.8020 -0.4995 0.3276
vn 0.7717 -0.5524 0.3151
vn 0.7586 -0.5662 0.3225
vn 0.8743 -0.1951 0.4444
vn 0.8566 -0.3100 0.4124
vn 0.7792 -0.4676 0.4173
vn 0.7256 -0.5662 0.3911
vn 0.7424 -0.5757 0.3426
vn 0.7014 -0.6248 0.3429
vn 0.6988 -0.6398 0.3198
vn 0.6849 -0.6611 0.3064
vn 0.6779 -0.6871 0.2615
vn 0.6492 -0.7193 0.2471
vn 0.6286 -0.7485 0.2111
vn 0.5074 -0.8547 0.1095
vn 0.3915 0.4006 0.8284
vn 0.3724 0.2491 0.8940
vn 0.3476 0.0458 0.9365
vn 0.3403 -0.1150 0.9333
vn 0.3385 -0.2272 0.9131
vn 0.2987 -0.4069 0.8633
vn 0.2638 -0.4921 0.8296
vn 0.2026 -0.6169 0.7605
vn 0.1586 -0.7419 0.6515
vn 0.4284 0.4811 0.7649
vn 0.4922 0.4769 0.7282
vn 0.5345 0.4421 0.7203
vn 0.5827 0.4230 0.6939
vn 0.4340 0.3671 0.8227
vn 0.5005 0.3524 0.7907
vn 0.6214 0.3875 0.6810
vn 0.6801 0.3691 0.6335
vn 0.5447 0.3140 0.7776
vn 0.6083 0.2985 0.7354
vn 0.7015 0.3287 0.6323
vn 0.4354 0.1972 0.8783
vn 0.4877 0.1879 0.8525
vn 0.6327 0.2753 0.7238
vn 0.6852 0.2636 0.6790
vn 0.7380 0.2928 0.6080
vn 0.5491 0.1321 0.8252
vn 0.5955 0.1238 0.7937
vn 0.6309 0.1645 0.7582
vn 0.4013 -0.0230 0.9157
vn 0.4624 -0.0312 0.8861
vn 0.6304 0.0505 0.7746
vn 0.6958 0.1620 0.6997
vn 0.7047 0.2173 0.6754
vn 0.7514 0.2171 0.6231
vn 0.3431 -0.2212 0.9129
vn 0.4518 -0.1935 0.8709
vn 0.5111 -0.1005 0.8536
vn 0.5828 -0.1087 0.8053
vn 0.6044 -0.0821 0.7924
vn 0.6981 0.0552 0.7139
vn 0.7077 0.1004 0.6993
vn 0.7619 0.1066 0.6389
vn 0.7638 0.1920 0.6163
vn 0.6986 0.2071 0.6849
vn 0.3345 -0.3653 0.8687
vn 0.5411 -0.2863 0.7907
vn 0.5797 -0.2225 0.7839
vn 0.6874 -0.0759 0.7223
vn 0.7087 -0.0327 0.7047
vn 0.7429 -0.0420 0.6680
vn 0.7145 0.1870 0.6742
vn 0.6394 0.2024 0.7418
vn 0.2801 -0.4796 0.8316
vn 0.5107 -0.3762 0.7731
vn 0.5227 -0.3587 0.7734
vn 0.6654 -0.2173 0.7142
vn 0.6725 -0.2059 0.7108
vn 0.7567 -0.0193 0.6534
vn 0.7734 0.0541 0.6317
vn 0.6956 0.0126 0.7183
vn 0.7289 0.1055 0.6764
vn 0.6459 0.1104 0.7554
vn 0.6484 0.1778 0.7403
vn 0.4017 -0.5251 0.7503
vn 0.4634 -0.4949 0.7350
vn 0.4780 -0.4766 0.7378
vn 0.6306 -0.3537 0.6908
vn 0.6419 -0.3387 0.6879
vn 0.7326 -0.2109 0.6471
vn 0.7593 -0.1356 0.6365
vn 0.7422 -0.1535 0.6523
vn 0.6710 0.0414 0.7403
vn 0.6622 0.0248 0.7489
vn 0.2620 -0.6569 0.7070
vn 0.2982 -0.6572 0.6922
vn 0.3318 -0.6356 0.6971
vn 0.5866 -0.4742 0.6565
vn 0.6013 -0.4618 0.6520
vn 0.7025 -0.3416 0.6243
vn 0.7188 -0.3121 0.6213
vn 0.7230 -0.1313 0.6782
vn 0.6447 -0.1751 0.7441
vn 0.6889 -0.0550 0.7228
vn 0.6441 -0.0527 0.7631
vn 0.6554 0.0409 0.7542
vn 0.6972 0.0637 0.7141
vn 0.3031 -0.7107 0.6349
vn 0.4310 -0.6206 0.6551
vn 0.4508 -0.6045 0.6568
vn 0.5156 -0.5893 0.6220
vn 0.6494 -0.4679 0.5995
vn 0.6708 -0.4418 0.5957
vn 0.6689 -0.3098 0.6757
vn 0.6726 -0.3057 0.6739
vn 0.6298 -0.1549 0.7612
vn 0.6505 -0.1064 0.7520
vn 0.7520 0.0208 0.6588
vn 0.1724 -0.7760 0.6067
vn 0.2094 -0.7811 0.5883
vn 0.2560 -0.7580 0.6000
vn 0.3887 -0.6771 0.6248
vn 0.6154 -0.4372 0.6558
vn 0.6360 -0.4141 0.6512
vn 0.6009 -0.3047 0.7390
vn 0.6184 -0.2673 0.7390
vn 0.6861 -0.1355 0.7148
vn 0.7583 -0.0914 0.6454
vn 0.7747 -0.0471 0.6305
vn 0.8117 -0.0370 0.5829
vn 0.5291 -0.8285 0.1831
vn 0.8031 -0.4430 0.3984
vn 0.5605 -0.7987 0.2190
vn 0.5347 -0.7879 0.3054
vn 0.6294 -0.6802 0.3757
vn 0.5952 -0.7239 0.3489
vn 0.5643 -0.7499 0.3451
vn 0.5257 -0.7565 0.3892
vn 0.4429 -0.8014 0.4020
vn 0.4076 -0.8019 0.4368
vn 0.1710 -0.8618 0.4776
vn 0.3994 -0.7559 0.5188
vn 0.3377 -0.7598 0.5555
vn 0.2805 -0.7913 0.5433
vn 0.6825 -0.6199 0.3872
vn 0.6366 -0.6587 0.4011
vn 0.5878 -0.6516 0.4795
vn 0.5376 -0.6747 0.5058
vn 0.4971 -0.6736 0.5469
vn 0.4689 -0.6884 0.5533
vn 0.2123 -0.7626 0.6110
vn 0.1137 -0.8056 0.5815
vn 0.1086 -0.8066 0.5811
vn 0.4937 -0.6259 0.6038
vn 0.3823 -0.6654 0.6412
vn 0.3372 -0.6963 0.6336
vn 0.3158 -0.7050 0.6351
vn 0.2127 -0.7623 0.6113
vn 0.7169 -0.5719 0.3987
vn 0.6970 -0.5899 0.4077
vn 0.6465 -0.5821 0.4931
vn 0.5619 -0.6058 0.5632
vn 0.5821 -0.5915 0.5580
vn 0.5340 -0.5922 0.6035
vn 0.4457 -0.6117 0.6536
vn 0.4525 -0.6087 0.6517
vn 0.3861 -0.6613 0.6431
vn 0.7599 -0.4488 0.4702
vn 0.7290 -0.4753 0.4926
vn 0.6651 -0.4870 0.5660
vn 0.6437 -0.5074 0.5729
vn 0.5821 -0.5223 0.6231
vn 0.4913 -0.5606 0.6666
vn 0.5011 -0.5568 0.6624
vn 0.4516 -0.6430 0.6186
vn 0.1283 -0.8369 0.5321
vn 0.7727 -0.3381 0.5372
vn 0.5368 -0.4977 0.6813
vn 0.5559 -0.4830 0.6766
vn 0.5411 -0.5675 0.6205
vn 0.4425 -0.6967 0.5646
vn 0.3484 -0.7575 0.5520
vn 0.3125 -0.7718 0.5538
vn 0.2589 -0.7983 0.5438
vn 0.7825 -0.2236 0.5811
vn 0.7485 -0.2994 0.5917
vn 0.6945 -0.3113 0.6486
vn 0.6528 -0.3798 0.6555
vn 0.5836 -0.3917 0.7113
vn 0.5754 -0.4046 0.7108
vn 0.5402 -0.5641 0.6245
vn 0.5165 -0.6510 0.5562
vn 0.4212 -0.7165 0.5561
vn 0.1875 -0.8176 0.5444
vn 0.1019 -0.8531 0.5117
vn 0.6694 -0.2572 0.6970
vn 0.6064 -0.4926 0.6242
vn 0.6032 -0.5695 0.5584
vn 0.5472 -0.6122 0.5708
vn 0.3324 -0.8358 0.4370
vn 0.4136 -0.8740 0.2551
vn 0.4475 -0.8465 0.2882
vn -0.3878 -0.7663 -0.5123
vn -0.1345 -0.9380 0.3196
vn -0.7029 0.2158 0.6778
vn -0.7016 0.2163 0.6789
vn -0.5925 -0.7430 -0.3114
vn 0.3823 -0.9225 -0.0527
vt 0.102907 0.889679
vt 0.074784 0.972511
vt 0.011216 0.857344
vt 0.189353 0.224826
vt 0.218429 0.185364
vt 0.245606 0.235668
vt -0.091009 0.720289
vt -0.070103 0.773508
vt -0.270054 0.719346
vt 0.005555 0.719684
vt 0.111866 0.726020
vt 0.040822 0.775998
vt 0.402238 0.212885
vt 0.319099 0.219501
vt 0.350179 0.170095
vt 0.640195 -0.285859
vt 0.688231 -0.301283
vt 0.660350 -0.353686
vt -0.305429 0.755894
vt -0.272731 0.809617
vt -0.074515 0.849966
vt -0.256083 0.859504
vt -0.086201 0.958959
vt -0.234538 0.924594
vt 0.077763 0.834961
vt -0.007330 0.969218
vt -0.432164 1.164379
vt -0.441509 1.109596
vt -0.386573 1.124134
vt 0.102722 0.802605
vt -0.050672 1.043876
vt 0.167561 0.536393
vt 0.443492 -0.282895
vt 0.395993 -0.324175
vt 0.122359 1.039533
vt 0.061416 1.096440
vt 0.007340 1.141175
vt -0.065589 1.129626
vt 0.036403 1.217593
vt 0.164482 0.591935
vt 0.330488 0.420366
vt 0.150948 1.164218
vt 0.117408 1.185582
vt 0.174986 1.239732
vt 0.097648 1.285171
vt -0.010401 1.254788
vt 0.035975 1.312460
vt 0.204108 1.298817
vt 0.219276 1.318906
vt 0.127465 1.325715
vt 0.038657 1.332016
vt 0.843706 1.191328
vt 0.767168 1.269140
vt 0.920526 1.107372
vt 0.387743 0.387150
vt -0.238319 1.030047
vt -0.176361 1.179749
vt -0.709577 0.181657
vt -0.664108 0.217487
vt -0.655852 0.136700
vt -0.414022 0.760666
vt -0.388022 0.816247
vt -0.343146 0.891141
vt -0.532690 0.861166
vt -0.504034 0.942292
vt -0.345257 0.998510
vt -0.612581 0.879096
vt -0.457188 1.080732
vt -0.569639 1.004368
vt -0.649208 0.982728
vt -0.204964 1.117357
vt -0.299176 1.121455
vt -0.515570 1.136131
vt -0.599429 1.114903
vt -0.701074 1.023394
vt -0.208470 1.217693
vt -0.345656 1.182439
vt -0.653027 1.154891
vt -0.725658 1.127678
vt -0.769096 0.994032
vt -0.788006 1.095652
vt -0.178215 1.274681
vt -0.298870 1.245134
vt -0.467539 1.219957
vt -0.556732 1.201060
vt -0.069240 1.339527
vt -0.216377 1.311825
vt -0.419654 1.283366
vt -0.522995 1.261474
vt -0.610031 1.239671
vt -0.689032 1.212069
vt -0.756959 1.179424
vt 0.471801 1.179424
vt 0.441072 1.122792
vt 0.500050 1.095652
vt -0.149164 1.345076
vt -0.231578 1.350891
vt -0.393271 1.331568
vt -0.484739 1.317391
vt -0.573930 1.298192
vt -0.656402 1.272455
vt -0.728423 1.240387
vt 0.446984 1.240387
vt 0.410197 1.203610
vt 0.372088 1.164361
vt 0.394153 1.106335
vt 0.338969 1.109971
vt 0.267951 0.465467
vt 0.210217 0.526182
vt 0.885330 0.175419
vt 0.948904 0.146881
vt 0.909924 0.097827
vt 0.308249 0.396241
vt 0.348046 0.332467
vt -0.297605 0.555957
vt -0.463651 0.486474
vt -0.393271 0.551400
vt -0.572068 0.414080
vt -0.651053 0.386074
vt -0.617339 0.449265
vt -0.484739 0.532388
vt -0.532181 0.475284
vt -0.573930 0.509088
vt -0.656402 0.480472
vt -0.693279 0.418407
vt -0.728423 0.446984
vt -0.757248 0.383912
vt 0.383912 1.261218
vt 0.347599 1.221015
vt 0.311263 1.179299
vt 0.280384 1.127832
vt -0.069240 0.658920
vt -0.149164 0.619094
vt -0.216377 0.626393
vt 0.432473 0.515642
vt 0.495367 0.517925
vt 0.496777 0.584709
vt -0.158517 0.729533
vt -0.100695 0.684793
vt -0.097169 0.753685
vt -0.719293 0.354403
vt 0.354403 1.313818
vt 0.320515 1.274200
vt 0.286123 1.231643
vt 0.252664 1.188529
vt 0.224002 1.124823
vt -0.420076 1.227014
vt -0.411898 1.262817
vt -0.466168 1.267097
vt -0.652858 0.289841
vt -0.697004 0.252571
vt -0.674322 0.322094
vt -0.160681 0.374442
vt -0.188815 0.326463
vt -0.148359 0.311596
vt -0.670368 0.005610
vt -0.667433 0.070349
vt -0.627338 0.029255
vt -0.622310 0.354027
vt -0.734592 0.291070
vt -0.775016 0.320515
vt 0.291070 1.321752
vt 0.259126 1.279958
vt 0.227671 1.236263
vt 0.197743 1.192840
vt 0.173082 1.132063
vt -0.296570 0.677413
vt -0.386522 0.719684
vt -0.543293 0.799463
vt -0.686868 0.850255
vt -0.742136 0.886642
vt -0.831703 0.962587
vt 0.469551 0.999818
vt 0.407760 1.032625
vt -0.353424 0.650271
vt -0.483991 0.703770
vt -0.492129 0.639728
vt -0.570671 0.753573
vt -0.577158 0.685414
vt -0.578485 0.616642
vt -0.510506 0.587404
vt -0.574151 0.549216
vt -0.633343 0.789126
vt -0.643175 0.719684
vt -0.647676 0.648689
vt -0.645835 0.578094
vt -0.637523 0.509998
vt -0.707059 0.755675
vt -0.715250 0.683280
vt -0.716826 0.610234
vt -0.711078 0.538713
vt -0.698367 0.470802
vt -0.766070 0.792492
vt -0.778028 0.719684
vt -0.783657 0.645221
vt -0.781583 0.571149
vt -0.772439 0.499461
vt -0.757203 0.431784
vt -0.810619 0.854558
vt -0.833283 0.756811
vt -0.843080 0.682124
vt -0.846318 0.606575
vt -0.842385 0.532037
vt -0.830922 0.460519
vt -0.812877 0.393636
vt 0.531876 0.962587
vt 0.557661 0.825527
vt 0.606344 0.854558
vt 0.619948 0.756811
vt 0.567844 0.719684
vt -0.893730 0.719684
vt 0.573322 0.643937
vt 0.626727 0.682124
vt -0.903050 0.643937
vt -0.904972 0.567870
vt -0.898555 0.493564
vt -0.884204 0.422962
vt -0.863259 0.357486
vt 0.491891 0.861617
vt 0.504872 0.756753
vt 0.512172 0.682035
vt 0.516101 0.605802
vt 0.574451 0.567870
vt 0.515809 0.529996
vt 0.570680 0.493564
vt 0.511120 0.456725
vt -0.948075 0.456725
vt 0.502469 0.387773
vt 0.562245 0.422962
vt -0.930599 0.387773
vt -0.906720 0.324333
vt 0.427415 0.886707
vt 0.439887 0.792394
vt 0.447871 0.719684
vt 0.453471 0.644517
vt 0.455709 0.568542
vt 0.454104 0.493841
vt 0.448753 0.422430
vt 0.440187 0.355860
vt 0.490649 0.324333
vt 0.429142 0.295077
vt 0.353713 0.980575
vt 0.369478 0.847991
vt 0.382534 0.755895
vt 0.388807 0.682814
vt 0.392586 0.607883
vt 0.393232 0.533010
vt 0.390581 0.460289
vt 0.384909 0.391537
vt 0.376770 0.328018
vt 0.366804 0.270411
vt 0.289381 1.034953
vt 0.300479 0.953235
vt 0.311902 0.811024
vt 0.324016 0.719684
vt 0.328461 0.646838
vt 0.330526 0.572958
vt 0.329884 0.500078
vt 0.326602 0.430165
vt 0.321043 0.364750
vt 0.313717 0.304776
vt 0.305144 0.250660
vt 0.234240 1.024527
vt 0.246970 0.913308
vt 0.255194 0.820952
vt 0.260691 0.754293
vt 0.265093 0.684391
vt 0.267824 0.612534
vt 0.268505 0.540573
vt 0.267052 0.470508
vt 0.263653 0.404063
vt 0.258672 0.342430
vt 0.252528 0.286237
vt 0.179691 1.036759
vt 0.189820 0.935624
vt 0.195803 0.848661
vt 0.200226 0.785976
vt 0.204032 0.719684
vt 0.206783 0.650716
vt 0.208134 0.580646
vt 0.207923 0.511385
vt 0.206204 0.444758
vt 0.203192 0.382169
vt 0.199185 0.324474
vt 0.194486 0.272025
vt -0.329402 0.593823
vt -0.380007 0.557749
vt -0.464238 0.519749
vt -0.554861 0.487736
vt -0.616849 0.446987
vt -0.676925 0.406571
vt -0.735845 0.366342
vt -0.791077 0.327667
vt -0.840454 0.291835
vt 0.466835 0.260031
vt 0.403509 0.233219
vt 0.339900 0.211951
vt 0.277713 0.196200
vt -0.236539 0.617119
vt -0.186223 0.559451
vt -0.271146 0.526175
vt -0.134275 0.498789
vt -0.289768 0.478436
vt -0.094043 0.437461
vt -0.427774 0.460291
vt -0.265203 0.419614
vt -0.059423 0.376835
vt -0.529461 0.425449
vt -0.383455 0.400093
vt -0.238522 0.361730
vt -0.026475 0.317951
vt -0.626761 0.362655
vt -0.498354 0.364013
vt -0.413145 0.336341
vt -0.316452 0.328825
vt -0.211069 0.305626
vt 0.006159 0.261559
vt -0.610060 0.286437
vt -0.403080 0.277800
vt -0.242266 0.266127
vt -0.030430 0.224293
vt -0.707941 0.301408
vt -0.573419 0.225470
vt -0.316484 0.215652
vt -0.212989 0.213941
vt 0.000112 0.175375
vt -0.762463 0.262664
vt -0.674139 0.238351
vt -0.531824 0.172195
vt -0.380085 0.172234
vt -0.316484 -0.677858
vt -0.185103 -0.669731
vt -0.212989 -0.710772
vt 0.000112 -0.763253
vt 0.027990 -0.723980
vt -0.882130 0.260031
vt -0.810538 0.227753
vt -0.727558 0.200093
vt -0.635272 0.178468
vt -0.343126 0.144505
vt -0.252413 0.135636
vt -0.252413 -0.616894
vt -0.144854 -0.627400
vt 0.056389 -0.682115
vt 0.439225 0.198044
vt -0.850145 0.198044
vt -0.773899 0.166836
vt -0.686971 0.141488
vt -0.592087 0.123133
vt -0.493445 0.111421
vt -0.317370 0.106243
vt -0.380085 -0.622781
vt -0.317370 -0.571433
vt -0.343126 -0.604410
vt -0.213154 -0.578164
vt -0.129095 -0.592298
vt -0.048198 -0.607941
vt 0.030461 -0.623720
vt 0.106754 -0.636976
vt 0.374738 0.174447
vt -0.880039 -0.374738
vt -0.811146 -0.408287
vt -0.850145 -0.439225
vt -0.773899 -0.472248
vt -0.731046 -0.438901
vt -0.686971 -0.500835
vt -0.641311 -0.465035
vt -0.592087 -0.523789
vt -0.545213 -0.485836
vt -0.493445 -0.541123
vt -0.447131 -0.501670
vt -0.272788 -0.528675
vt -0.174158 -0.537607
vt -0.092623 -0.551026
vt 0.012842 -0.563757
vt 0.134350 -0.590300
vt 0.310646 0.157183
vt -0.900082 -0.310646
vt -0.838410 -0.343404
vt -0.765751 -0.374626
vt -0.682667 -0.402779
vt -0.591322 -0.426572
vt -0.495389 -0.445495
vt -0.399173 -0.460174
vt -0.242574 -0.484076
vt -0.135910 -0.495386
vt -0.057506 -0.508108
vt 0.063935 -0.529631
vt 0.200090 -0.573713
vt 0.248768 0.145730
vt -0.951353 -0.277713
vt -0.911285 -0.248768
vt -0.856128 -0.279703
vt -0.790734 -0.310218
vt -0.714918 -0.339007
vt -0.629814 -0.364708
vt -0.531241 -0.377611
vt 0.080128 0.600484
vt 0.131220 0.660417
vt -0.444272 -0.404161
vt -0.303140 -0.424807
vt -0.179680 -0.435589
vt -0.100086 -0.448489
vt -0.025339 -0.466935
vt 0.089101 -0.501195
vt 0.220024 -0.515596
vt 0.063171 0.201175
vt 0.098103 -0.773237
vt 0.131264 -0.730222
vt 0.161911 -0.683791
vt 0.189355 -0.634633
vt -0.065601 0.665932
vt -0.036885 0.607188
vt -0.063661 0.548978
vt 0.041387 0.662391
vt -0.028962 0.485703
vt 0.025163 0.541614
vt 0.007742 0.421558
vt 0.063825 0.476083
vt 0.121032 0.535163
vt 0.045557 0.358129
vt 0.103604 0.410131
vt 0.163040 0.468122
vt 0.083569 0.296791
vt 0.143443 0.345501
vt 0.204947 0.401289
vt 0.120951 0.238664
vt 0.182358 0.283705
vt 0.245590 0.336519
vt 0.063171 -0.812556
vt 0.098103 0.151322
vt 0.156945 0.184806
vt 0.219473 0.226037
vt 0.283945 0.275439
vt 0.190787 -0.778860
vt 0.156945 -0.823106
vt 0.253956 -0.825122
vt 0.253956 0.173763
vt 0.389994 0.274068
vt -0.520372 0.671610
vt -0.806254 0.353911
vt -0.601769 0.641508
vt 0.221663 -0.730615
vt 0.284956 -0.775445
vt 0.350179 -0.816118
vt -0.776920 0.186909
vt -0.797967 0.273789
vt -0.062577 0.636104
vt -0.163719 0.669057
vt -0.253225 0.687565
vt 0.248820 -0.679108
vt 0.311680 -0.721943
vt 0.376386 -0.761267
vt -0.746183 0.129365
vt -0.693245 0.089831
vt -0.325666 0.153176
vt -0.619660 -0.037645
vt -0.813834 0.845445
vt -0.872349 0.779862
vt -0.898025 0.306815
vt 0.271756 -0.625578
vt 0.333601 -0.665907
vt 0.397189 -0.703325
vt 0.004538 -0.519474
vt -0.617678 -0.099403
vt 0.290386 -0.571677
vt 0.350649 -0.609062
vt 0.412550 -0.644115
vt -0.802589 0.183645
vt -0.216449 -0.536647
vt -0.294281 -0.535258
vt -0.628975 -0.264657
vt -0.156066 1.236407
vt -0.221853 1.178134
vt -0.167688 1.186119
vt 0.424767 0.655754
vt 0.511228 0.657177
vt 0.460090 0.719684
vt -0.369259 1.200279
vt -0.352760 1.256995
vt -0.478035 1.191328
vt -0.495236 1.269140
vt -0.234849 1.243838
vt -0.279406 1.161786
vt 1.013523 1.243838
vt 0.880773 1.256995
vt 0.920973 1.200279
vt 0.880773 0.352760
vt 0.823953 0.411898
vt 0.852813 0.420076
vt -0.616811 1.033879
vt -0.661730 0.996798
vt -0.362984 1.001314
vt 0.424028 0.370309
vt 0.518736 0.375690
vt 0.501955 0.441464
vt 0.522356 0.838258
vt 0.564111 0.779862
vt 0.606540 0.845445
vt 0.465767 0.302298
vt 0.503525 0.238286
vt 0.545450 0.306815
vt 0.413920 -0.391945
vt 0.345331 -0.474947
vt 0.359585 -0.372299
vt -0.913179 0.721937
vt -0.945277 0.657177
vt -0.957896 0.441464
vt -0.934890 0.375690
vt -0.136152 0.424235
vt -0.118221 0.475207
vt -0.129960 0.668606
vt 0.493412 0.779964
vt 0.534505 0.721937
vt 0.817284 -0.009696
vt 0.841400 0.053389
vt 0.870186 0.042343
vt 0.676237 1.121030
vt 0.716817 0.996798
vt 0.749398 1.033879
vt 0.781235 1.060479
vt -0.224584 0.833032
vt -0.155586 0.787024
vt -0.672665 -0.224971
vt -0.643647 -0.108451
vt -0.595342 -0.395719
vt -0.585333 -0.455889
vt -0.647348 -0.412807
vt -0.644069 -0.345469
vt -0.257996 0.229379
vt -0.208149 0.163391
vt -0.190213 0.209081
vt -0.842085 0.443715
vt -0.892453 0.379531
vt -0.911370 0.393260
vt -0.393260 0.095545
vt -0.379531 0.075578
vt -0.313938 0.119754
vt 0.451452 -0.338062
vt 0.594634 0.073133
vt 0.693797 0.089831
vt 0.655522 0.129365
vt 0.641702 -0.226229
vt 0.574013 -0.264415
vt 0.572193 -0.205711
vt 0.853755 0.250650
vt 0.814024 0.208848
vt 0.714969 -0.245926
vt -0.106372 1.232900
vt -0.153498 1.185440
vt -0.770834 0.499517
vt -0.824742 0.512780
vt 0.510768 -0.301521
vt 0.644624 -0.164271
vt 0.503469 -0.244283
vt 0.841549 0.127607
vt 0.386972 0.332855
vt 0.580562 -0.388168
vt 0.630204 -0.406438
vt 0.594763 -0.463355
vt -0.190811 1.173764
vt -0.247108 1.207430
vt -0.248755 1.133098
vt -1.072031 1.023068
vt -0.610102 0.242997
vt -0.035376 0.720543
vt -0.037250 0.778158
vt -0.048404 0.836533
vt 0.874720 -0.184504
vt 1.085493 0.156066
vt 1.115418 0.106372
vt -0.639778 0.063337
vt -0.580546 0.044690
vt -0.512780 0.044930
vt 0.971327 1.124134
vt 1.047544 1.161786
vt -0.462529 1.107372
vt 0.119507 1.023068
vt 0.184504 1.245937
vt -1.049576 0.253307
vt -0.968172 0.224966
vt -0.874720 1.245937
vt -0.358413 1.279406
vt -0.871741 0.207804
vt -0.798959 0.207873
vt -0.723475 0.214817
vt -0.198301 1.072875
vt -0.494673 0.285877
vt -0.402645 0.329509
vt -0.325655 0.371901
vt -0.151046 1.015787
vt -0.118103 0.533517
vt -0.070907 0.600121
vt -0.048131 0.658521
vt -0.070044 0.890715
vt -0.097131 0.941107
vt -0.249383 0.419882
vt -0.180672 0.471530
vt -0.138678 1.139540
vt 0.358413 -0.546857
vt 0.177190 -0.522756
vt 1.013523 0.234849
vt 0.784581 0.466168
vt 0.087865 -0.516890
vt 0.767168 0.495236
vt 0.219276 0.772150
vt 0.127465 0.746550
vt 0.038657 0.710171
vt -0.231578 0.583597
vt -0.618007 -0.336645
vt -0.372058 -0.527236
vt -0.507213 -0.481952
vt -0.441322 -0.511162
vt -0.555128 -0.444450
vt -0.140905 -0.532586
vt -0.749916 0.221957
vt -0.782627 0.259126
vt 0.008447 0.895372
vt -0.853649 0.243285
vt -0.713563 0.112386
vt -0.755110 0.153097
vt 0.153097 1.299309
vt 0.191739 1.268842
vt 0.221957 1.314135
vt -0.452076 0.062491
vt -0.224357 0.274374
vt -0.964967 0.584709
vt -0.967133 0.517925
vt -0.712390 0.046892
vt -0.752622 0.087107
vt 0.087107 1.279735
vt 0.125220 1.244688
vt 0.163012 1.223094
vt -0.715501 0.944128
vt -0.675683 -0.055581
vt -0.055581 1.316697
vt -0.014219 1.286412
vt 0.005610 1.332923
vt -0.710790 -0.014219
vt 0.019581 1.238293
vt 0.046892 1.306278
vt 0.119346 1.154687
vt 0.126719 1.059692
vt 0.068926 1.032753
vt 0.134111 0.962784
vt -0.025178 1.035260
vt 0.035370 0.960178
vt 0.079800 0.924097
vt -0.076676 1.013294
vt -0.024962 0.873587
vt 0.136302 0.838387
vt -0.119704 1.045441
vt -0.085863 0.886896
vt 0.071349 0.840144
vt -0.176224 1.027522
vt -0.198642 0.894426
vt -0.146617 0.863047
vt 0.065902 0.770028
vt 0.143835 0.753600
vt -0.092718 0.818322
vt -0.035695 0.786632
vt 0.084462 0.719684
vt 0.146132 0.685033
vt -0.312595 0.946702
vt -0.037880 0.719684
vt 0.023088 0.684780
vt 0.085330 0.649397
vt 0.147541 0.614381
vt -0.039429 0.649329
vt 0.022879 0.613471
vt 0.085731 0.577929
vt 0.147887 0.543625
vt 0.027501 0.657889
vt -0.113181 0.611910
vt -0.040148 0.577664
vt 0.022831 0.542097
vt 0.085624 0.507526
vt 0.147154 0.474844
vt -0.435352 0.689879
vt -0.107778 0.541901
vt -0.039976 0.507124
vt 0.022945 0.472960
vt 0.085045 0.440225
vt 0.145462 0.409756
vt -0.038993 0.439854
vt 0.023197 0.407862
vt 0.084082 0.377468
vt 0.143017 0.349478
vt -0.099914 0.407438
vt -0.037372 0.377285
vt 0.067625 0.334160
vt 0.140044 0.294520
vt -0.096545 0.347395
vt -0.035318 0.320054
vt 0.068865 0.279443
vt 0.136742 0.244942
vt 0.151180 0.191868
vt 0.103209 0.146140
vt 0.179354 0.150612
vt -0.865147 -0.023567
vt -0.877599 -0.127831
vt -0.925757 -0.103209
vt -0.824832 0.022456
vt -0.811279 -0.048150
vt -0.784037 0.070362
vt -0.765521 -0.001108
vt -0.756824 0.120686
vt -0.739460 0.051865
vt -0.928827 -0.179354
vt -0.957159 -0.218429
vt -0.879377 -0.208863
vt -0.840869 -0.166059
vt -0.820126 -0.239019
vt -0.796492 -0.120964
vt -0.777019 -0.195180
vt -0.750149 -0.268762
vt -0.747663 -0.074223
vt -0.719889 -0.140488
vt -0.698741 -0.221447
vt -0.658116 -0.289130
vt -0.728189 -0.035383
vt -0.599582 -0.338521
vt -0.382558 0.269101
vt -0.281390 0.310425
vt 0.277327 -0.489470
vt 0.458324 -0.402193
vt 0.515891 -0.363590
vt 0.575962 -0.324749
vt 0.755419 -0.161131
vt 0.349265 -0.542503
vt 0.407914 -0.508160
vt 0.411828 -0.577088
vt 0.465799 -0.470022
vt 0.472063 -0.539941
vt 0.475484 -0.609550
vt 0.522964 -0.429509
vt 0.530523 -0.498768
vt 0.832911 -0.015877
vt 0.987167 0.434071
vt 1.049576 0.404964
vt 1.010992 0.359684
vt 0.774856 -0.065919
vt -0.416939 1.045521
vt -0.572899 1.060479
vt 0.968172 0.473928
vt 0.908413 0.472922
vt 0.287674 0.217214
vt -0.471622 1.070987
vt -0.524678 1.074998
vt 0.871741 0.549788
vt 0.723475 0.654757
vt 0.775066 0.583151
vt 0.669598 0.609433
vt 0.404964 0.253307
vt -0.674121 0.105945
vt -0.585759 0.092191
vt -0.731037 0.127942
vt -0.788581 0.163033
vt -0.463355 0.100090
vt -0.899920 0.274068
vt -0.406438 0.104422
vt -0.353686 0.100442
vt -0.846445 0.212885
vt -0.964848 0.387150
vt -0.936796 0.332855
vt -0.301283 0.089490
vt -0.245926 0.069866
vt 0.255931 0.172700
vt -0.161131 0.038207
vt 0.191410 0.103624
vt 0.146881 0.067245
vt 0.097827 0.037331
vt -0.015877 0.009285
vt 0.042343 0.016960
vt -0.077055 0.014326
vt 0.704424 0.420268
vt 0.720503 0.326266
vt 0.647884 0.377655
vt -0.718733 0.563235
vt -0.775596 0.580546
vt -0.695396 0.626644
vt -0.611051 0.664116
vt -0.797015 0.428546
vt -0.526100 0.693306
vt 0.715273 -0.116907
vt 0.768474 0.277199
vt 0.301957 0.493463
vt 0.490065 0.444384
vt -0.031852 1.218492
vt -0.068857 1.266866
vt -0.692464 -0.122408
vt -0.006117 1.145038
vt -0.058375 1.099849
vt -0.086513 1.199913
vt -0.122408 1.296589
vt -0.135389 1.245979
vt -0.149769 1.180515
vt -0.162785 1.108361
vt -0.269860 1.134494
vt -0.108451 1.345454
vt -0.224971 1.324602
vt -0.239524 1.254706
vt -0.688470 -0.293436
vt -0.293436 1.309238
vt -0.308505 1.254147
vt -0.324029 1.178999
vt -0.699091 -0.362756
vt -0.362756 1.287923
vt -0.377609 1.230888
vt -0.392773 1.159717
vt -0.656616 0.611137
vt -0.339651 0.695486
vt -0.701540 -0.429614
vt -0.429614 1.259022
vt -0.446836 1.185539
vt -0.641963 -0.475051
vt -0.710540 -0.494715
vt -0.765178 -0.446836
vt -0.494715 1.206104
vt -0.574259 -0.512269
vt -0.628780 -0.530338
vt -0.694526 -0.548297
vt 0.710540 1.206104
vt 0.694526 1.166638
vt 0.816160 1.074998
vt -0.781235 -0.572899
vt -0.816160 -0.524678
vt 0.584844 0.410488
vt -0.502308 -0.540880
vt 0.502308 1.295233
vt 0.557657 1.246071
vt 0.574259 1.291110
vt 0.628780 1.237809
vt 0.610142 1.192930
vt 0.372058 1.338237
vt 0.427585 1.287439
vt 0.441322 1.344102
vt 0.483769 1.246149
vt 0.537202 1.200610
vt 0.604989 1.134416
vt 0.081889 0.223631
vt -0.021230 0.260858
vt -0.083253 0.286480
vt 0.011838 0.187125
vt 0.008452 0.147846
vt -0.919846 -0.008452
vt -0.068926 0.226768
vt -0.053864 0.168973
vt -0.038306 0.113983
vt -0.883067 0.038306
vt -0.134613 0.249765
vt -0.119663 0.189638
vt -0.103854 0.131830
vt -0.903866 0.103854
vt -0.846196 0.087370
vt -0.177759 0.102827
vt -0.087370 0.077455
vt -0.889830 0.177759
vt -0.810134 0.139424
vt -0.839055 0.214430
vt -0.295025 0.057972
vt -0.867745 0.295025
vt -0.868738 0.452076
vt -0.732655 0.639778
vt -0.693797 0.693245
vt 0.611051 0.021548
vt -0.594634 0.723316
vt 0.797969 -0.077055
vt 0.926492 0.219347
vt 0.979600 0.254145
vt 1.048102 0.255931
vt 0.987267 0.191410
vt 0.470702 -0.674121
vt 1.081477 0.287674
vt 0.519079 -0.585759
vt 0.443788 -0.731037
vt 0.420727 -0.788581
vt 0.402238 -0.846445
vt -0.142137 0.404139
vt 0.568029 0.123326
vt 0.614630 0.183645
vt 0.537570 0.178555
vt 0.577616 0.243285
vt -0.177190 1.294437
vt -0.087865 1.301694
vt -0.076676 1.193678
vt 0.190811 -0.641882
vt 0.076676 -0.630937
vt -0.059449 1.110520
vt 0.059449 -0.718719
vt 0.138678 -0.679907
vt -0.081324 -0.610966
vt -0.534184 0.232251
vt 0.012498 1.046358
vt 0.216449 1.325609
vt 0.219066 1.219567
vt 0.294281 1.331860
vt 0.347879 1.291165
vt -0.070404 -0.724083
vt 0.070404 1.121853
vt 0.282359 1.191025
vt 0.357306 1.172222
vt 0.411437 1.120006
vt 0.125848 1.075573
vt 0.271595 1.023764
vt 0.473210 1.079270
vt 0.539688 1.039926
vt 0.184304 1.028688
vt 0.603940 1.000118
vt 0.053149 1.001391
vt 0.332930 0.970962
vt 0.677832 0.944128
vt 0.610102 0.727044
vt 0.614367 0.677559
vt 0.534184 0.740049
vt 0.044920 0.952697
vt 0.137729 0.956908
vt 0.231715 0.959041
vt 0.392233 0.915568
vt 0.470131 0.905155
vt 0.556613 0.904407
vt 0.101488 0.899207
vt 0.196900 0.901633
vt 0.291865 0.902263
vt 0.064061 0.839584
vt 0.159887 0.841747
vt 0.256612 0.842772
vt 0.351072 0.842480
vt 0.440024 0.840822
vt 0.026229 0.779279
vt 0.121316 0.780591
vt 0.218648 0.781408
vt 0.315267 0.781604
vt 0.407563 0.781073
vt 0.082119 0.719684
vt 0.178739 0.719684
vt 0.276186 0.719684
vt 0.370932 0.719684
vt 0.328567 0.655217
vt 0.227819 0.655463
vt 0.126317 0.656425
vt 0.381249 0.586573
vt 0.278660 0.586347
vt 0.329426 0.514251
vt 0.378345 0.441499
vt 0.173365 0.587833
vt 0.221997 0.515472
vt 0.270372 0.441765
vt 0.316828 0.369214
vt 0.360199 0.299829
vt 0.400017 0.234724
vt 0.436383 0.174175
vt 0.469567 0.118091
vt 0.499596 0.066582
vt 0.526100 0.020234
vt 0.069595 0.590606
vt 0.114308 0.519184
vt 0.160415 0.445590
vt 0.206292 0.372422
vt 0.250442 0.302066
vt 0.291920 0.236017
vt 0.330409 0.174770
vt 0.383161 0.092490
vt 0.435352 0.000045
vt -0.499596 0.746313
vt 0.010304 0.524448
vt 0.052781 0.452215
vt 0.096495 0.379680
vt 0.140100 0.309118
vt 0.182296 0.242570
vt 0.222316 0.180857
vt 0.275420 0.101347
vt -0.275420 0.801130
vt -0.383161 0.790032
vt -0.049499 0.460242
vt -0.008801 0.389355
vt 0.033007 0.319960
vt 0.074755 0.253700
vt 0.115401 0.191975
vt 0.154297 0.135019
vt -0.154297 0.820770
vt -0.211243 0.746412
vt -0.085361 0.335316
vt -0.038886 0.269963
vt 0.012644 0.206691
vt 0.052084 0.150167
vt -0.052084 0.813338
vt -0.105472 0.748779
vt -0.228438 0.247459
vt -0.105174 0.179662
vt 0.105174 0.795601
vt -0.005445 0.742090
vt 0.086159 0.657381
vt 0.157288 0.733121
vt 0.137188 0.687167
vt 0.200684 0.616859
vt 0.273783 0.585849
vt 0.270707 0.662288
vt -0.273914 0.203531
vt 0.273914 0.771774
vt 0.304678 0.717547
vt 0.492433 0.563557
vt 0.537769 0.627823
vt 0.591926 0.545726
vt 0.502946 0.692912
vt 0.661094 0.490871
vt 0.718975 0.537735
vt 0.762170 0.464504
vt 0.799141 0.391466
vt 0.829773 0.319877
vt 0.818632 0.508136
vt 0.855118 0.432770
vt 0.885133 0.358851
vt 0.908956 0.287482
vt 0.798959 0.602496
vt 0.938084 0.397205
vt 0.961685 0.324019
vt 0.217832 0.776043
vt 0.179575 0.794727
vt 0.241164 0.812513
vt 0.178543 2.162936
vt 0.167777 2.209753
vt 0.126119 2.209829
vt 0.273225 0.778024
vt 0.230543 0.740074
vt -0.236383 1.387089
vt -0.196631 1.348173
vt -0.186834 1.402001
vt -0.545833 2.190197
vt -0.484053 2.189092
vt -0.519123 2.217506
vt -0.295242 1.865677
vt -0.302191 1.912948
vt -0.331060 1.886320
vt -0.258343 1.860377
vt -0.268286 1.908957
vt -0.215717 1.854723
vt -0.228907 1.904258
vt -0.167606 1.848837
vt -0.183740 1.898793
vt -0.115280 1.842903
vt -0.133456 1.892634
vt -0.052284 1.836064
vt -0.064637 1.883903
vt 0.081449 1.823087
vt 0.071104 1.867742
vt 0.137707 1.816428
vt 0.123727 1.860624
vt 0.180491 1.811228
vt 0.167234 1.855305
vt -0.276606 1.971276
vt -0.237154 1.952507
vt -0.225191 2.015990
vt -0.195391 1.948124
vt -0.202421 1.995403
vt -0.148044 1.942480
vt -0.158586 1.990978
vt -0.149824 2.051429
vt -0.154511 2.091315
vt -0.096274 1.935656
vt -0.095894 1.997756
vt -0.107303 2.042772
vt -0.035518 1.939905
vt -0.051114 1.983240
vt -0.023812 2.177631
vt -0.033916 2.208997
vt 0.062318 1.916648
vt 0.020367 2.114400
vt 0.001139 2.149215
vt 0.038388 1.983573
vt 0.019895 2.053400
vt 0.105041 1.920413
vt 0.075634 2.026160
vt 0.064625 2.097408
vt 0.072237 2.281462
vt 0.032579 2.283161
vt 0.148408 1.919169
vt 0.128722 2.019419
vt 0.134021 2.236606
vt 0.115634 2.279315
vt 0.195613 1.827634
vt 0.194849 1.911473
vt 0.172152 1.984597
vt 0.165797 2.038704
vt 0.131983 2.158956
vt 0.345690 2.244836
vt 0.386449 2.243100
vt 0.378932 2.263148
vt 0.022324 1.931438
vt 0.095551 1.899803
vt 0.106227 1.953756
vt 0.209136 1.995082
vt 0.192911 2.148405
vt 0.179063 2.182972
vt 0.862600 1.821191
vt 0.824760 1.855922
vt 0.825693 1.788592
vt 0.232907 2.084901
vt 0.212534 2.239934
vt 0.409564 1.490339
vt 0.432513 1.523557
vt 0.382005 1.537459
vt 0.520203 1.525234
vt 0.477211 1.521307
vt 0.466606 1.499814
vt 0.503800 -0.450922
vt 0.523003 -0.417763
vt 0.544177 -0.429908
vt 0.256067 2.151077
vt -0.461544 2.219651
vt 0.153279 2.113611
vt 0.103063 2.125389
vt 0.126165 2.033114
vt 0.281110 2.199644
vt 0.253673 2.271694
vt 0.200031 2.274735
vt 0.294261 2.269199
vt 0.307828 2.227938
vt 0.820397 1.649874
vt 0.827751 1.718665
vt 0.784012 1.686569
vt 0.502244 -0.520655
vt 0.535964 -0.476095
vt 0.723779 2.105328
vt 0.650512 2.104208
vt 0.726718 2.041668
vt 0.273995 1.830969
vt 0.247436 1.763119
vt 0.314656 1.796118
vt -0.329127 1.937552
vt -0.211554 2.074018
vt -0.158234 2.126463
vt -0.036642 2.244342
vt 0.133512 1.607120
vt 0.119878 1.542410
vt 0.183238 1.579102
vt -0.289019 1.406177
vt -0.293737 1.430305
vt -0.343573 1.444980
vt 0.558174 1.971276
vt 0.487552 1.973231
vt 0.530879 1.937552
vt -0.247142 2.048830
vt -0.307740 2.017200
vt 0.489392 2.017200
vt 0.412955 2.018691
vt 0.519055 0.247142
vt 0.441041 0.319004
vt 0.489392 0.307740
vt 0.441041 2.053129
vt 0.511388 0.158234
vt 0.481687 0.200975
vt 0.524035 0.211554
vt 0.433454 0.280716
vt 0.364872 0.341314
vt 0.364872 2.098004
vt 0.318048 2.091734
vt 0.414727 0.235544
vt 0.357089 0.300511
vt 0.444222 0.071006
vt 0.417601 0.104339
vt 0.259057 0.350757
vt 0.318048 0.388612
vt 0.233459 0.393295
vt 0.474035 0.036642
vt 0.384748 0.154946
vt 0.309554 0.249241
vt 0.209381 0.310180
vt 0.771631 1.620855
vt 0.467398 -0.000438
vt 0.435895 0.033544
vt 0.208726 1.765900
vt 0.351123 0.107627
vt 0.281708 0.169536
vt 0.192582 0.258907
vt 0.746698 1.645866
vt -0.009300 1.475088
vt 0.055218 1.507426
vt -0.007114 1.495748
vt 0.069343 1.550085
vt -0.075147 1.459764
vt -0.242555 1.423864
vt 0.417687 -0.129343
vt 0.437781 -0.079354
vt 0.462515 -0.117812
vt -0.269678 2.226589
vt -0.013028 1.462345
vt -0.042831 2.242597
vt 0.697901 1.604627
vt 0.176558 1.497432
vt 0.315690 1.547966
vt 0.133656 2.207021
vt 0.384389 1.592271
vt 0.036522 2.221585
vt 0.029429 1.463954
vt 0.094653 1.475668
vt 0.417763 2.259906
vt -0.105054 1.388513
vt -0.158963 1.370380
vt -0.120920 1.344628
vt 0.337600 2.266279
vt 0.080808 1.240592
vt -0.008980 1.254631
vt 0.069622 1.206494
vt -0.028216 1.443320
vt -0.066457 1.411855
vt -0.042638 1.388528
vt 0.216727 1.710651
vt 0.252738 1.686468
vt 0.456656 0.243816
vt 0.431155 0.171598
vt 0.412421 0.213389
vt 0.809403 1.734965
vt 0.782388 1.972833
vt 0.607222 2.133939
vt 0.609325 1.555343
vt 0.758461 2.047702
vt 0.807987 1.921049
vt 0.653819 1.578125
vt 0.566196 1.537964
vt 0.534874 1.862504
vt 0.558237 1.886320
vt 0.460258 1.929654
vt 0.377646 2.001422
vt 0.482840 1.852706
vt 0.544689 1.807573
vt 0.508869 1.777939
vt 0.445027 1.887735
vt 0.447591 1.824166
vt 0.464614 1.747135
vt 0.403414 1.924560
vt 0.407296 1.860041
vt 0.406996 1.793030
vt 0.402448 1.725891
vt 0.358327 1.962887
vt 0.362980 1.898094
vt 0.363946 1.829466
vt 0.360950 1.759451
vt 0.354228 1.690642
vt 0.267019 2.079225
vt 0.284071 2.015698
vt 0.291080 1.950757
vt 0.316437 1.868469
vt 0.309447 1.723750
vt 0.301275 1.654013
vt 0.288247 1.902694
vt 0.244039 1.616587
vt 0.175934 1.653661
vt -0.135032 1.437879
vt -0.189654 1.427111
vt -0.363345 1.862504
vt -0.329742 1.823570
vt 0.469694 1.685772
vt 0.424289 1.649473
vt 0.349044 1.625706
vt 0.293090 1.587610
vt 0.233448 1.549301
vt 0.170884 1.511522
vt 0.106389 1.475159
vt 0.041197 1.441218
vt -0.023237 1.410746
vt -0.085328 1.384696
vt -0.143546 1.363748
vt 0.582370 1.823570
vt -0.371146 1.807573
vt -0.328404 1.772421
vt 0.565273 1.741247
vt 0.593312 1.772421
vt -0.359611 1.741247
vt -0.321988 1.717870
vt 0.531048 1.707942
vt 0.569724 1.683547
vt -0.351525 1.683547
vt -0.309779 1.661094
vt 0.532188 1.647586
vt 0.569372 1.624167
vt -0.337016 1.624167
vt -0.291535 1.603591
vt 0.488476 1.610476
vt 0.528588 1.586292
vt -0.361169 1.586292
vt -0.316090 1.564758
vt -0.267627 1.546938
vt 0.416366 1.585880
vt 0.481587 1.548062
vt 0.520265 1.525754
vt 0.563911 1.564758
vt -0.337153 1.525754
vt -0.289447 1.506895
vt -0.239033 1.492477
vt 0.340610 1.560081
vt 0.404810 1.522852
vt 0.470628 1.487197
vt 0.507781 1.467404
vt -0.307694 1.467404
vt -0.258377 1.451751
vt -0.193674 1.421975
vt 0.300232 1.509043
vt 0.393829 1.461401
vt 0.451919 1.405831
vt 0.486322 1.390423
vt -0.259352 1.390423
vt -0.224451 1.399923
vt 0.220910 1.483121
vt 0.286496 1.446279
vt 0.385355 1.403398
vt -0.172624 1.329828
vt -0.122365 1.326552
vt 0.157304 1.445789
vt 0.206887 1.419544
vt 0.272588 1.386846
vt 0.377131 1.348191
vt 0.377131 -0.312585
vt 0.412278 -0.228721
vt 0.451919 -0.306985
vt 0.486322 -0.259352
vt 0.444477 -0.182619
vt -0.182619 1.286510
vt 0.092359 1.410449
vt 0.142919 1.383304
vt 0.205297 1.350636
vt 0.298492 1.312732
vt 0.298492 -0.335027
vt 0.366231 -0.258482
vt 0.493952 -0.172624
vt -0.117812 1.264764
vt -0.071110 1.267893
vt 0.027290 1.378268
vt 0.078156 1.349676
vt 0.145496 1.315898
vt 0.246312 1.277316
vt 0.246312 -0.334444
vt 0.285230 -0.278355
vt 0.348493 -0.220653
vt 0.387131 -0.177009
vt -0.079354 1.222462
vt -0.027451 1.216547
vt -0.036411 1.350432
vt 0.013835 1.320037
vt 0.064120 1.294052
vt -0.097120 1.327900
vt -0.048752 1.290915
vt -0.149338 1.297223
vt 0.233459 2.154402
vt -0.295363 1.817207
vt -0.290990 1.764661
vt -0.281218 1.708981
vt -0.265500 1.651556
vt -0.243857 1.594053
vt -0.216984 1.538097
vt -0.186151 1.484918
vt -0.139951 1.417676
vt -0.066866 1.323097
vt -0.255163 1.810742
vt -0.247199 1.757281
vt -0.208791 1.804400
vt -0.233713 1.701139
vt -0.197014 1.750682
vt -0.156908 1.798433
vt -0.214423 1.643887
vt -0.179912 1.694882
vt -0.141617 1.745189
vt -0.101310 1.793044
vt -0.189691 1.587272
vt -0.157540 1.638661
vt -0.121573 1.690496
vt -0.083334 1.740907
vt -0.044016 1.788174
vt -0.160537 1.532832
vt -0.130594 1.583703
vt -0.081612 1.636287
vt -0.061474 1.687829
vt 0.007697 1.735181
vt -0.116478 1.464177
vt -0.089431 1.512833
vt -0.060140 1.562777
vt 0.051913 1.684324
vt 0.062822 1.779999
vt 0.047324 1.583453
vt 0.068081 1.635098
vt 0.082913 1.731827
vt 0.111261 1.775768
vt -0.045706 1.368601
vt -0.022857 1.417991
vt 0.019854 1.480956
vt 0.070724 1.537050
vt 0.104694 1.682612
vt 0.131367 1.728055
vt 0.156647 1.770933
vt 0.077717 1.439977
vt 0.101983 1.586052
vt 0.127802 1.633081
vt 0.152922 1.678775
vt 0.177342 1.723089
vt 0.011344 1.294256
vt 0.075866 1.346447
vt 0.096300 1.404315
vt 0.102842 1.492345
vt 0.127455 1.538271
vt 0.151706 1.583556
vt 0.184917 1.624206
vt 0.199500 1.673443
vt 0.224619 1.717399
vt 0.095410 1.318111
vt 0.129292 1.447427
vt 0.166456 1.482996
vt 0.194341 1.526212
vt 0.226319 1.571479
vt 0.248103 1.667847
vt 0.135594 1.287391
vt 0.132634 1.362873
vt 0.163993 1.424352
vt 0.279047 1.621292
vt 0.172845 1.346788
vt 0.212385 1.423961
vt 0.262148 1.507886
vt 0.313206 1.583853
vt 0.446865 -0.595773
vt 0.413162 -0.570506
vt 0.465554 -0.501677
vt 0.780647 2.072162
vt -0.390998 2.092561
vt -0.388218 2.156233
vt -0.433563 2.072162
vt -0.332422 2.147363
vt -0.348021 2.172707
vt 0.705113 2.149271
vt 0.425927 -0.705113
vt 0.476051 -0.614524
vt 0.513385 -0.650512
vt 0.518348 -0.607222
vt 0.525052 -0.552172
vt 0.429908 2.232371
vt 0.433563 -0.780647
vt 0.388218 -0.738360
vt 0.455137 -0.723779
vt 0.397241 -0.683971
vt 0.348112 1.555794
vt 0.552172 2.170100
vt 0.476095 2.213015
vt 0.348021 -0.755392
vt 0.331134 -0.696665
vt 0.356254 -0.662411
vt 0.125023 2.255736
vt 0.331417 1.503410
vt 0.390409 1.530793
vt 0.142088 1.434945
vt 0.205467 1.455761
vt -0.293394 2.159766
vt -0.275857 2.227824
vt 0.275857 -0.747116
vt 0.308047 -0.721263
vt 0.269079 1.478473
vt -0.497503 0.158963
vt -0.453517 0.179041
vt -0.482386 0.120920
vt -0.882851 1.573830
vt -0.862775 1.530649
vt -0.915132 1.747810
vt -0.838430 2.033114
vt -0.872522 1.953756
vt -0.236062 -0.638530
vt -0.288664 -0.519123
vt 0.237109 -0.768021
vt 0.193325 -0.782580
vt 0.554037 -0.294261
vt 0.550645 -0.337600
vt 0.539818 -0.378932
vt 0.246324 0.445743
vt 0.224641 0.406108
vt 0.175693 0.463751
vt 0.011019 0.602399
vt 0.064931 0.585837
vt 0.025814 0.568267
vt 0.082050 0.547347
vt 0.125689 0.566141
vt -0.041110 0.614285
vt -0.031657 0.571812
vt 0.833245 1.948420
vt -0.683796 1.351053
vt -0.632783 1.337394
vt -0.583878 1.337558
vt -0.539181 1.346788
vt -0.704551 1.361624
vt -0.753548 1.394886
vt -0.807848 1.449392
vt -0.901650 1.857326
vt -0.890541 1.899803
vt -0.841801 1.495527
vt -0.900648 1.627039
vt -0.910506 1.807676
vt -0.498453 1.358071
vt -0.791522 2.113611
vt -0.617545 2.203774
vt -0.911970 1.686089
vt -0.747284 2.162936
vt -0.702861 2.193222
vt -0.659211 2.204940
vt -0.441025 1.372664
vt -0.371813 1.372948
vt -0.215947 1.361445
vt -0.286071 1.363971
vt -0.402010 2.221354
vt -0.638530 2.212173
vt -0.690295 2.210367
vt 0.201769 2.210367
vt 0.203703 2.193222
vt 0.012714 -0.790069
vt -0.201769 -0.690295
vt -0.040858 -0.780752
vt -0.167777 -0.723233
vt -0.126119 -0.750541
vt -0.081649 -0.769664
vt 0.083164 -0.793961
vt 0.144046 -0.791195
vt 0.542098 -0.200031
vt 0.551315 -0.253673
vt 0.523926 -0.115634
vt 0.489532 -0.032579
vt 0.508870 -0.072237
vt -0.323971 -0.461544
vt -0.387161 0.025444
vt -0.413026 -0.042831
vt -0.472122 1.948420
vt -0.513121 1.921049
vt -0.485191 1.887343
vt 0.446214 1.509471
vt 0.409559 1.556616
vt 0.148178 0.298208
vt -0.359805 0.125023
vt 0.088856 1.857326
vt 0.192996 0.345412
vt -0.259020 1.350969
vt -0.279950 -0.453808
vt -0.213851 -0.472479
vt -0.259020 -0.499992
vt -0.303864 -0.406052
vt -0.260707 -0.444572
vt -0.305212 0.276515
vt -0.275887 0.259527
vt -0.317186 0.233586
vt -0.213851 1.298805
vt 0.299070 0.630874
vt 0.333177 0.597828
vt 0.235648 0.533215
vt 0.278338 0.727041
vt 0.323294 0.715912
vt 0.242490 0.646919
vt 0.125684 1.201324
vt 0.486275 0.160991
vt 0.442559 0.125684
vt 0.160991 1.249855
vt 0.500188 0.222347
vt 0.222347 1.273588
vt 0.198261 1.309778
vt 0.358854 0.282277
vt 0.455375 0.301686
vt 0.388887 0.248591
vt 0.373618 0.379074
vt 0.441256 0.348352
vt 0.527073 0.293718
vt 0.293718 1.315297
vt 0.265615 1.346127
vt 0.238294 1.382942
vt 0.519147 0.343684
vt 0.322127 0.417718
vt 0.331469 0.456456
vt 0.478307 0.386780
vt 0.601812 0.346071
vt 0.563310 0.265615
vt 0.346071 1.391725
vt 0.317706 1.427198
vt 0.289443 1.466548
vt 0.356496 0.487476
vt 0.473032 0.441038
vt 0.528847 0.410192
vt 0.575859 0.384280
vt 0.427677 0.532264
vt 0.469390 0.526251
vt 0.519419 0.503175
vt 0.575343 0.470820
vt 0.615680 0.411978
vt 0.654665 0.382960
vt 0.382960 1.447663
vt 0.352893 1.485943
vt 0.610379 0.468219
vt 0.654422 0.439960
vt 0.439960 1.454428
vt 0.375212 0.630644
vt 0.484407 0.576634
vt 0.550251 0.548083
vt 0.599376 0.543227
vt 0.646801 0.496324
vt 0.496324 1.466130
vt 0.347591 0.682506
vt 0.413599 0.662721
vt 0.519321 0.608739
vt 0.633474 0.550766
vt 0.550766 1.481482
vt 0.381732 0.715205
vt 0.449345 0.693559
vt 0.523735 0.653737
vt 0.570590 0.629088
vt 0.616636 0.602857
vt 0.602857 1.498946
vt 0.319347 0.771372
vt 0.366835 0.760704
vt 0.414715 0.745726
vt 0.481112 0.722452
vt 0.553879 0.679333
vt 0.679333 1.486872
vt 0.652658 1.517357
vt 0.629088 1.469146
vt -0.398115 2.207021
vt -0.500408 1.592271
vt -0.438573 1.509471
vt -0.393058 1.471876
vt 0.449642 0.069622
vt 0.448330 -0.027451
vt -0.289460 0.214559
vt -0.335332 -0.360216
vt -0.361223 -0.308498
vt 0.031163 -0.457487
vt -0.237109 2.224758
vt -0.359805 2.255736
vt 0.148178 2.289309
vt -0.477748 1.556616
vt 0.192996 2.224311
vt 0.129656 0.512959
vt -0.081593 0.560277
vt -0.121092 0.540800
vt -0.158588 0.510395
vt -0.221227 0.422476
vt -0.191278 0.471189
vt -0.253775 0.341601
vt 0.262193 0.368047
vt -0.371790 0.027188
vt -0.321010 0.146671
vt 0.133479 -0.399305
vt -0.385140 -0.033217
vt -0.390442 -0.164561
vt -0.391490 -0.099477
vt -0.380616 -0.235502
vt -0.116460 -0.490854
vt -0.149338 -0.490276
vt -0.048752 -0.484970
vt 0.193028 1.361624
vt 0.166035 1.394886
vt 0.148868 1.315752
vt -0.148868 0.689340
vt -0.204428 0.683796
vt -0.193028 0.704551
vt 0.118015 1.495527
vt 0.106719 1.530649
vt 0.054443 1.453272
vt 0.136397 1.449392
vt -0.298712 0.326310
vt 0.271304 1.322417
vt 0.203294 1.307253
vt 0.235502 1.283567
vt -0.332424 -0.430754
vt -0.349231 -0.372539
vt -0.336220 0.188512
vt 0.031163 1.283655
vt -0.169112 0.550389
vt -0.253146 2.162319
vt -0.193325 2.221901
vt -0.407801 -0.271304
vt -0.116460 1.295208
vt -0.523881 1.855922
vt -0.494649 1.821191
vt 0.025444 2.248131
vt -0.312029 1.371228
vt 0.480800 1.471876
vt 0.455533 1.397159
vt 0.511842 1.444980
vt 0.420878 1.428520
vt 0.378876 1.464420
vt -0.279950 1.317453
vt -0.363958 1.397159
vt -0.332424 1.339445
vt -0.312029 -0.481894
vt 0.399663 1.367490
vt 0.430754 1.339445
vt 0.372539 1.312221
vt 0.361171 1.400967
vt 0.337577 1.342415
vt 0.308498 1.289997
vt 0.316887 1.438548
vt 0.296716 1.377558
vt 0.251962 1.415945
vt 0.229864 1.358233
vt 0.186283 1.396227
vt 0.162857 1.342432
vt 0.164561 1.276903
vt 0.099407 1.397937
vt 0.075798 1.347456
vt -0.479552 -0.075798
vt -0.482895 -0.005668
vt -0.440075 0.016376
vt 0.017949 1.400138
vt 0.005668 1.338896
vt -0.063821 1.346047
vt -0.492237 0.063821
vt -0.449088 0.085662
vt -0.415018 0.072866
vt -0.363344 0.127401
vt -0.178752 2.124601
vt -0.083164 2.216303
vt -0.144046 2.219171
vt -0.423505 0.145336
vt -0.367360 0.217700
vt -0.445746 -0.269678
vt -0.371852 -0.402010
vt -0.179041 1.333186
vt -0.465585 0.215947
vt -0.390974 0.249591
vt -0.345489 0.261037
vt -0.426509 0.286071
vt -0.276920 1.333384
vt -0.249591 1.309066
vt -0.402221 0.276920
vt -0.356182 0.291813
vt 0.180328 0.547098
vt 0.117483 0.620266
vt 0.205547 0.676232
vt 0.065817 0.638814
vt 0.151605 0.692796
vt 0.000628 0.644517
vt 0.055224 0.679475
vt 0.142037 0.732524
vt 0.702461 1.537121
vt 0.722452 1.444107
vt 0.730810 1.504812
vt 0.437273 0.777583
vt 0.387201 0.793826
vt 0.336977 0.804701
vt 0.287920 0.810625
vt 0.753901 1.559404
vt 0.756262 1.474666
vt 0.783098 1.525968
vt 0.805106 1.584843
vt 0.486033 0.756262
vt 0.458342 0.807489
vt 0.807489 1.495594
vt -0.458342 1.495594
vt -0.476396 1.551274
vt -0.507441 1.525968
vt 0.833333 1.551274
vt -0.489900 1.613953
vt -0.524613 1.584843
vt 0.852971 1.613953
vt -0.497655 1.681698
vt -0.535996 1.649874
vt 0.864716 1.681698
vt -0.499137 1.751773
vt -0.540615 1.718665
vt 0.867800 1.751773
vt -0.539524 1.788592
vt 0.850463 1.887343
vt -0.456795 2.003495
vt -0.507902 1.972833
vt 0.812810 2.003495
vt -0.476397 2.047702
vt 0.406844 0.825771
vt -0.406844 1.469485
vt -0.424536 1.521618
vt -0.438913 1.581131
vt -0.448749 1.646628
vt -0.453258 1.715778
vt -0.452332 1.785719
vt -0.446545 1.853664
vt -0.436949 1.917428
vt -0.424751 1.975682
vt -0.411044 2.027886
vt 0.354400 0.837499
vt -0.387201 1.425120
vt -0.354400 1.448324
vt -0.370696 1.496861
vt -0.384768 1.552718
vt -0.395511 1.615010
vt -0.402062 1.681915
vt -0.404032 1.750901
vt -0.401619 1.819229
vt -0.395518 1.884506
vt -0.386692 1.945063
vt -0.376115 2.000032
vt -0.360088 2.069419
vt -0.287920 1.393627
vt -0.302705 1.432102
vt -0.336977 1.407114
vt -0.316941 1.477252
vt -0.329812 1.529317
vt -0.340425 1.587836
vt -0.347977 1.651499
vt -0.351955 1.718228
vt -0.352280 1.785525
vt -0.349315 1.850980
vt -0.343740 1.912708
vt -0.333892 1.992899
vt -0.315054 2.087151
vt -0.241164 1.384054
vt -0.253247 1.420242
vt -0.265144 1.462361
vt -0.276295 1.510782
vt -0.286037 1.565349
vt -0.293710 1.625203
vt -0.298798 1.688745
vt -0.301065 1.753847
vt -0.300622 1.818244
vt -0.297875 1.879979
vt -0.293397 1.937691
vt -0.286150 2.013330
vt -0.271668 2.102583
vt 0.075159 1.992556
vt 0.009175 2.111725
vt -0.137381 2.019135
vt -0.217533 2.149899
vt -0.123343 2.126461
vt -0.046308 2.134895
vt -0.012714 2.213435
vt 0.062470 2.109349
vt 0.040858 2.211664
vt 0.081649 2.210499
vt -0.033544 2.285028
vt -0.071006 2.246284
vt 0.000438 2.284252
vt -0.324979 1.319342
vt -0.363254 0.324979
vt -0.374778 1.336329
vt -0.381589 1.304023
vt -0.350978 1.278051
vt -0.291813 1.296090
vt -0.313505 0.350978
vt -0.233611 2.085257
vt -0.243683 1.989698
vt -0.246647 1.912503
vt -0.248817 1.852505
vt -0.249377 1.788999
vt -0.247908 1.723645
vt -0.244199 1.658628
vt -0.238326 1.596241
vt -0.230637 1.538403
vt -0.221650 1.486336
vt -0.211922 1.440492
vt -0.183874 1.395449
vt -0.180306 2.047554
vt -0.197920 1.964885
vt -0.133826 1.963797
vt -0.196496 1.885744
vt -0.134650 1.902822
vt -0.196519 1.824098
vt -0.128227 1.843703
vt -0.018564 1.905398
vt -0.195189 1.759628
vt -0.123016 1.780978
vt -0.013273 1.847305
vt -0.192276 1.694259
vt -0.119198 1.716779
vt -0.008676 1.786550
vt -0.187751 1.630287
vt -0.135955 1.666228
vt -0.033977 1.739035
vt 0.083312 1.807676
vt -0.181814 1.569867
vt -0.113145 1.592544
vt -0.080337 1.639719
vt -0.029949 1.675794
vt 0.019372 1.711609
vt 0.080043 1.747810
vt -0.156863 1.505323
vt -0.109574 1.536379
vt 0.000678 1.602936
vt 0.023131 1.649787
vt 0.081081 1.686089
vt -0.149775 1.458051
vt 0.003352 1.547322
vt 0.086705 1.627039
vt -0.142556 1.416381
vt -0.046089 1.466955
vt 0.008735 1.496239
vt 0.095995 1.573830
vt -0.179575 1.359070
vt -0.043673 1.421098
vt -0.437792 1.326654
vt -0.422476 1.207387
vt -0.326310 1.254454
vt -0.460198 1.239685
vt -0.471241 1.285217
vt -0.518270 1.277050
vt -0.516262 1.234565
vt -0.133986 0.620664
vt -0.232754 0.632783
vt -0.185703 0.630270
vt -0.204260 0.516262
vt -0.090126 0.623506
vt -0.097383 0.665057
vt -0.047923 0.656549
vt -0.105437 0.722215
vt -0.054151 0.697059
vt 0.008488 0.694246
vt 0.105437 1.326596
vt 0.045948 1.331582
vt 0.054151 1.281910
vt -0.003100 1.306684
vt 0.003100 0.733984
vt 0.095729 1.383594
vt -0.096703 1.312387
vt -0.008488 1.266296
vt 0.096703 0.748034
vt 0.046611 1.400648
vt -0.046937 1.374583
vt -0.095954 1.353966
vt -0.238951 0.460198
vt -0.413952 -0.203294
vt 0.145496 -0.437201
vt 0.064120 -0.455849
vt 0.249125 0.009226
vt 0.233564 -0.017219
vt 0.211090 -0.001478
vt 0.369296 -0.530340
vt 0.428974 -0.578678
vt 0.390587 -0.579095
vt 0.296925 2.576522
vt 0.297286 2.612583
vt 0.261241 2.606769
vt 0.257422 2.584383
vt 0.100454 0.741670
vt 0.088964 0.676638
vt 0.064568 0.713891
vt 0.183082 2.406074
vt 0.141241 2.447858
vt 0.125869 2.399232
vt -0.397596 2.485408
vt -0.447253 2.512611
vt -0.479495 2.481122
vt -0.326764 2.483330
vt -0.385394 2.511639
vt 0.423136 -0.619246
vt -0.561548 2.254426
vt -0.475414 2.219641
vt -0.589814 2.639894
vt -0.420623 2.537086
vt -0.377154 2.550801
vt -0.405360 2.563060
vt -0.332581 2.508974
vt -0.335307 2.535413
vt -0.394419 2.588899
vt -0.333599 2.563215
vt -0.365011 2.603442
vt -0.409647 2.625966
vt -0.388995 2.647331
vt 0.642103 2.276789
vt 0.660765 2.256638
vt 0.677735 2.286205
vt -0.322144 2.607641
vt -0.366518 2.655143
vt 0.470765 2.582390
vt 0.489215 2.591891
vt 0.459561 2.611264
vt -0.299351 2.647579
vt -0.350228 2.677878
vt -0.312611 2.794564
vt -0.116283 2.715824
vt -0.168287 2.761121
vt -0.094047 2.352637
vt -0.060642 2.397247
vt -0.046235 2.423529
vt 0.286842 0.820514
vt 0.307380 0.794743
vt 0.263115 0.787418
vt 0.236074 0.811639
vt 0.200414 0.826572
vt 0.238172 0.835555
vt -0.045570 2.610803
vt -0.333963 2.698540
vt -0.064299 2.647265
vt -0.262943 2.684674
vt -0.135995 -0.262943
vt -0.116095 -0.311226
vt -0.146513 -0.333963
vt 0.268149 -0.374557
vt 0.233085 -0.370385
vt 0.259207 -0.330387
vt -0.127332 2.302422
vt -0.103978 2.334299
vt 0.565451 -0.605755
vt 0.533220 -0.615092
vt 0.497516 -0.605504
vt -0.415137 2.203699
vt -0.161528 2.266422
vt -0.533220 2.691718
vt 0.012239 0.510061
vt 0.420133 0.456833
vt -0.005478 0.471211
vt 0.227636 2.551118
vt 0.238064 2.564377
vt 0.209251 2.570767
vt 0.429145 0.405793
vt 0.194469 0.186159
vt -0.025270 0.417145
vt 0.163315 0.184952
vt -0.041597 0.356574
vt 0.132710 0.172400
vt -0.044350 0.326948
vt -0.039343 0.225429
vt -0.080574 -0.216221
vt -0.070336 -0.307559
vt -0.032890 -0.195837
vt -0.030713 -0.282851
vt -0.036064 0.188749
vt 0.063399 0.131114
vt 0.010855 0.122710
vt -0.013879 0.133872
vt -0.028885 0.158265
vt 0.377322 0.190308
vt 0.346430 0.173664
vt 0.362283 0.202532
vt 0.127877 0.764778
vt 0.149361 0.737132
vt 0.120401 0.713414
vt 0.448643 0.506572
vt 0.411287 0.578436
vt 0.333997 0.760084
vt 0.338670 0.716802
vt 0.281812 0.755336
vt 0.220618 0.763969
vt 0.057623 0.092565
vt 0.023729 0.085567
vt -0.005155 -0.265725
vt 0.160698 0.788906
vt 0.183259 0.755015
vt 0.015343 -0.244451
vt -0.483808 2.515309
vt -0.463128 2.570396
vt -0.466057 2.617970
vt -0.402360 2.700572
vt -0.134799 -0.374145
vt -0.169782 -0.350228
vt -0.107685 -0.347126
vt -0.496734 2.562333
vt -0.524254 2.511590
vt -0.530072 2.551769
vt -0.506191 2.611536
vt -0.560870 2.579740
vt -0.569352 2.547327
vt -0.527367 2.631504
vt -0.580197 2.597750
vt -0.437375 2.674214
vt -0.474211 2.668895
vt -0.547069 2.650171
vt -0.599049 2.627819
vt -0.628034 2.599994
vt -0.494110 2.689420
vt -0.564829 2.667153
vt -0.374145 2.716396
vt -0.436874 2.720264
vt -0.131492 -0.436874
vt -0.148005 -0.494110
vt -0.174172 -0.474211
vt -0.117995 -0.512374
vt -0.155031 -0.547069
vt -0.124006 -0.564829
vt -0.088178 -0.591035
vt -0.130515 -0.599049
vt 0.088178 2.675519
vt 0.054556 2.651885
vt 0.130515 2.627819
vt -0.152762 -0.402360
vt -0.104220 -0.455310
vt -0.082199 -0.543237
vt -0.069869 -0.574112
vt -0.083860 -0.400757
vt -0.073588 -0.473049
vt -0.063097 -0.509210
vt -0.000086 -0.645370
vt -0.054556 -0.645928
vt 0.036845 -0.702519
vt -0.058218 -0.359310
vt -0.055494 -0.415510
vt -0.028044 -0.523640
vt -0.001140 -0.559979
vt 0.047766 -0.629010
vt -0.016959 -0.315339
vt -0.022771 -0.430570
vt -0.015245 -0.467776
vt 0.063707 -0.676142
vt 0.092972 -0.742207
vt -0.003228 -0.376840
vt 0.022665 -0.496563
vt 0.037870 -0.535416
vt 0.078267 -0.614013
vt 0.116283 -0.729749
vt 0.026750 -0.390441
vt 0.035091 -0.424482
vt 0.047361 -0.475261
vt 0.115779 -0.694817
vt 0.040628 -0.291665
vt 0.028901 -0.333660
vt 0.067035 -0.436942
vt 0.097354 -0.533539
vt 0.109381 -0.604233
vt 0.138800 -0.678252
vt -0.525363 2.478093
vt -0.573242 2.512228
vt -0.617549 2.548062
vt -0.638964 2.565761
vt 0.065128 2.598799
vt 0.004072 -0.703753
vt -0.522588 2.445036
vt -0.573342 2.476281
vt -0.560322 2.450923
vt -0.567577 2.424215
vt -0.621725 2.511339
vt -0.621861 2.473622
vt -0.617682 2.436152
vt -0.587270 2.403896
vt -0.605612 2.383228
vt 0.134725 2.565761
vt 0.120115 2.508810
vt 0.164415 2.548062
vt -0.675288 2.508810
vt -0.674985 2.469803
vt -0.669719 2.431077
vt -0.660068 2.394038
vt -0.647249 2.359794
vt -0.590878 2.351530
vt -0.608552 2.331208
vt 0.123422 2.599994
vt 0.078210 2.564032
vt 0.089058 2.526628
vt -0.699823 2.526628
vt -0.646686 2.309428
vt 0.019000 2.616693
vt 0.084272 2.476591
vt 0.125091 2.469803
vt 0.085933 2.435937
vt -0.711158 2.435937
vt -0.713591 2.386576
vt -0.700015 2.349854
vt -0.681814 2.317086
vt -0.004072 2.646786
vt 0.018447 2.580968
vt 0.030851 2.524849
vt 0.038893 2.484100
vt 0.044453 2.443014
vt -0.714838 2.476591
vt -0.754416 2.443014
vt -0.742913 2.402995
vt -0.049937 0.681814
vt -0.033610 0.646758
vt -0.070271 0.646686
vt -0.737859 2.580968
vt -0.759717 2.554293
vt -0.755354 2.524849
vt -0.758570 2.336908
vt -0.738031 2.303023
vt -0.714970 2.273551
vt -0.646758 2.273278
vt -0.690742 2.248636
vt 0.064299 -0.760582
vt -0.032546 2.573938
vt 0.011880 2.554293
vt -0.025580 2.533899
vt -0.026208 2.491035
vt -0.001072 2.448156
vt -0.758385 2.484100
vt -0.801419 2.448156
vt -0.809235 2.392846
vt -0.793314 2.353376
vt 0.089389 2.276303
vt 0.049085 2.287245
vt 0.013416 2.254424
vt -0.016089 2.392846
vt -0.790209 2.294018
vt -0.765504 2.263173
vt -0.739629 2.236881
vt 0.059036 0.739629
vt 0.014907 0.690742
vt 0.170673 2.600852
vt 0.129696 2.641014
vt 0.140183 2.593042
vt 0.149581 2.651043
vt 0.115214 2.680225
vt -0.062452 2.356156
vt -0.015681 2.353376
vt -0.081983 2.304909
vt -0.050287 2.294018
vt 0.036262 -0.176414
vt -0.002498 -0.145816
vt 0.025454 -0.116783
vt 0.063647 -0.073584
vt 0.083065 -0.048427
vt 0.096233 -0.068802
vt -0.095975 2.249732
vt -0.795145 2.249732
vt 0.054303 0.765504
vt 0.095975 0.795145
vt -0.492300 2.434594
vt -0.523389 2.406312
vt -0.551652 2.375627
vt -0.084453 0.616185
vt -0.123135 0.608552
vt 0.043347 0.667296
vt -0.445807 2.460708
vt -0.419399 2.433875
vt -0.482135 2.406426
vt -0.407278 2.406039
vt -0.439421 2.383612
vt -0.510260 2.376382
vt -0.486469 2.357020
vt -0.413279 2.356381
vt -0.536744 2.345766
vt -0.454958 2.336087
vt -0.389850 2.328498
vt -0.519451 2.317274
vt -0.486107 2.309437
vt -0.425390 2.311106
vt -0.321465 2.297467
vt -0.563724 2.309061
vt -0.467598 2.284756
vt -0.157005 0.467598
vt -0.165113 0.367148
vt -0.189133 0.425390
vt -0.367148 2.283501
vt -0.136394 0.563724
vt -0.120583 0.543260
vt -0.172408 0.519451
vt -0.122507 0.514273
vt -0.178005 0.486107
vt -0.130247 0.448205
vt -0.134030 0.384549
vt -0.133923 0.346724
vt -0.057670 0.589793
vt -0.105534 0.484035
vt -0.080717 0.402442
vt -0.075251 0.352996
vt -0.078956 0.308286
vt -0.013537 0.598491
vt -0.024289 0.536750
vt -0.052308 0.473996
vt -0.051159 0.435085
vt -0.667296 2.207435
vt 0.049182 0.605337
vt 0.298306 -0.635328
vt 0.312611 -0.676414
vt 0.275128 -0.680362
vt -0.380488 2.376201
vt -0.357852 2.347538
vt -0.386534 2.458347
vt -0.375586 2.430388
vt -0.366726 2.402398
vt -0.315991 2.455475
vt -0.299312 2.424609
vt -0.326020 2.372453
vt -0.284497 2.400327
vt -0.294048 2.319068
vt -0.261674 2.368685
vt -0.235594 2.340667
vt -0.156764 0.249981
vt -0.180508 0.321465
vt -0.131343 0.252567
vt -0.176671 0.178276
vt -0.178276 2.290846
vt -0.061488 0.234122
vt -0.154813 0.147842
vt -0.249981 2.273813
vt -0.147842 2.267051
vt -0.111642 0.164502
vt -0.108759 0.137497
vt 0.366573 0.680890
vt 0.236762 2.561273
vt 0.190400 2.610559
vt 0.200422 2.629793
vt 0.163455 2.668109
vt 0.163455 -0.006134
vt 0.143768 -0.027268
vt 0.115214 0.000452
vt 0.012914 -0.190581
vt 0.238165 2.633011
vt 0.238165 -0.002485
vt 0.151847 -0.058033
vt 0.097853 -0.027707
vt 0.130727 -0.072886
vt 0.086182 -0.107280
vt 0.043865 -0.096926
vt 0.073001 -0.136752
vt 0.057882 -0.161761
vt 0.219530 -0.029267
vt 0.208356 -0.052742
vt 0.120282 -0.109709
vt 0.106684 -0.142308
vt 0.044755 -0.251192
vt 0.121310 -0.238008
vt 0.102714 -0.278577
vt 0.094649 -0.241330
vt 0.160826 -0.261192
vt 0.141301 -0.298689
vt 0.273611 -0.277977
vt 0.261279 -0.305579
vt 0.221287 -0.243857
vt 0.587456 2.621729
vt 0.605100 2.639894
vt 0.605755 2.665601
vt 0.073030 -0.261810
vt 0.082214 -0.316837
vt 0.078370 -0.361021
vt 0.117874 -0.338459
vt 0.086058 -0.394668
vt 0.201535 -0.280087
vt 0.180863 -0.318282
vt 0.154208 -0.345733
vt 0.127096 -0.373674
vt 0.217897 -0.324254
vt 0.192383 -0.352444
vt 0.165341 -0.381552
vt 0.141813 -0.424427
vt 0.115104 -0.451596
vt 0.089285 -0.475327
vt 0.208215 -0.401062
vt 0.181291 -0.431855
vt 0.446011 -0.635130
vt 0.165163 -0.493563
vt 0.146444 -0.535539
vt 0.054602 2.593042
vt -0.216221 2.718980
vt -0.183910 2.739544
vt 0.264402 -0.445216
vt 0.236610 -0.476121
vt 0.211526 -0.509612
vt 0.572590 2.540868
vt 0.605023 2.509970
vt 0.601177 2.564556
vt 0.302945 -0.445010
vt 0.190183 -0.557098
vt 0.162408 -0.656203
vt 0.378782 -0.653882
vt 0.363432 -0.603928
vt 0.345150 -0.664500
vt 0.294296 -0.523505
vt 0.268003 -0.557753
vt 0.240744 -0.589300
vt 0.214484 -0.619492
vt 0.189525 -0.646122
vt 0.663183 2.309671
vt 0.028226 2.641014
vt 0.332971 -0.525576
vt 0.579701 2.477082
vt 0.610762 2.470382
vt -0.286842 2.199687
vt -0.238172 2.215692
vt -0.198655 2.237324
vt -0.446011 2.751068
vt 0.324078 -0.599658
vt 0.260299 -0.641834
vt 0.237953 -0.686731
vt 0.206131 -0.694986
vt 0.168287 -0.707069
vt 0.565644 2.594782
vt 0.601611 2.598911
vt -0.206131 2.781389
vt -0.043240 -0.183910
vt 0.410042 2.649985
vt 0.375612 2.608237
vt 0.438772 2.626498
vt -0.128733 2.267843
vt -0.031504 2.466120
vt -0.164190 2.240815
vt -0.127946 2.237250
vt -0.089047 0.064653
vt -0.120572 0.102334
vt -0.096316 0.101490
vt 0.089267 2.509128
vt 0.071480 2.556299
vt -0.200414 2.215872
vt 0.164190 0.834629
vt 0.127946 0.808366
vt -0.001279 0.031918
vt -0.016332 -0.007075
vt -0.041611 0.015721
vt 0.091711 2.353658
vt 0.071537 2.309179
vt 0.195899 0.794657
vt -0.030661 0.042280
vt 0.000452 2.680225
vt -0.102334 2.236784
vt -0.015721 2.223593
vt 0.031655 2.254424
vt 0.089248 0.095312
vt 0.218613 0.043024
vt 0.155631 0.021536
vt 0.155147 0.064047
vt -0.073014 0.135358
vt -0.061139 0.107814
vt -0.010302 0.083286
vt -0.045096 0.080369
vt 0.056442 0.054677
vt -0.066312 0.040073
vt 0.136893 0.090112
vt 0.037794 0.021608
vt 0.136022 0.040548
vt 0.110850 0.017591
vt 0.028801 -0.004024
vt 0.130680 -0.006475
vt 0.013416 -0.031655
vt 0.114136 -0.027626
vt 0.114136 2.255880
vt 0.195462 -0.028665
vt 0.139655 -0.040861
vt 0.139655 2.270157
vt 0.136993 -0.145897
vt 0.154813 -0.121507
vt 0.181695 -0.123457
vt 0.234446 -0.078886
vt 0.273918 -0.024606
vt 0.261241 0.013493
vt 0.297286 -0.010041
vt 0.145581 -0.224253
vt 0.178353 -0.227891
vt 0.199005 -0.209150
vt 0.200494 -0.156048
vt 0.242967 -0.217001
vt 0.246954 -0.134590
vt 0.257841 -0.174409
vt 0.294118 -0.201710
vt 0.313965 -0.220336
vt -0.378782 2.782125
vt -0.345150 2.791464
vt 0.280758 -0.143375
vt 0.280446 -0.078034
vt 0.307520 -0.153226
vt 0.331140 -0.196581
vt 0.302074 -0.050355
vt 0.321188 -0.107514
vt 0.348108 -0.174805
vt -0.623057 2.598911
vt -0.644243 2.564556
vt -0.666255 2.509970
vt -0.674865 2.470382
vt 0.358662 -0.130305
vt -0.676558 2.416818
vt -0.653659 2.339743
vt -0.632616 2.309671
vt -0.671692 2.386578
vt 0.340052 -0.097161
vt 0.384649 -0.135593
vt -0.608499 2.286205
vt 0.615092 2.691718
vt 0.321640 -0.036583
vt 0.353110 -0.086624
vt 0.376901 -0.103509
vt 0.599699 2.446010
vt 0.622145 2.416818
vt 0.303568 2.556002
vt 0.102170 2.399232
vt 0.102582 2.447858
vt 0.098332 2.376981
vt 0.058319 2.287245
vt 0.007075 2.234576
vt -0.092972 2.688978
vt -0.064653 2.221771
vt -0.275128 2.797294
vt -0.237953 2.792480
vt 0.420114 2.506111
vt 0.437917 2.546406
vt 0.380292 2.548098
vt -0.027707 2.711146
vt -0.048427 2.727856
vt -0.116783 2.753491
vt -0.073584 2.742901
vt 0.063647 2.742901
vt 0.043865 2.750431
vt 0.025454 2.753491
vt 0.542557 2.576268
vt -0.352761 2.195285
vt 0.352761 0.796242
vt 0.378533 0.758240
vt 0.415137 0.770401
vt 0.421410 0.715920
vt -0.145816 2.753130
vt 0.475414 0.743732
vt 0.445142 0.670684
vt 0.390045 0.638154
vt 0.512472 0.691711
vt 0.464665 0.626200
vt 0.561548 0.702894
vt 0.527269 0.651417
vt 0.478649 0.583514
vt 0.562037 0.676944
vt 0.539478 0.609652
vt 0.474812 0.532582
vt 0.702894 2.254426
vt 0.594464 0.660765
vt 0.576282 0.635453
vt 0.546999 0.568448
vt 0.508653 0.526471
vt 0.619320 2.246618
vt 0.605755 0.619320
vt 0.585404 0.593161
vt 0.550546 0.527934
vt 0.466058 0.445656
vt 0.648303 2.339743
vt 0.621478 2.296957
vt 0.600913 2.267180
vt 0.577200 2.239591
vt 0.611328 0.577200
vt 0.589112 0.551077
vt 0.528268 0.490716
vt 0.498602 0.439057
vt -0.040073 2.219211
vt 0.156398 0.148943
vt 0.190875 0.154803
vt 0.184484 0.132610
vt 0.175764 0.098024
vt 0.264378 0.176189
vt 0.247247 0.134883
vt 0.227668 0.096654
vt 0.297503 0.176626
vt 0.267211 0.114123
vt 0.255328 0.056989
vt 0.323041 0.181641
vt 0.287840 0.110176
vt 0.068572 2.309179
vt 0.135842 2.298332
vt 0.137169 2.323346
vt 0.086893 2.332026
vt 0.101675 2.353658
vt 0.544033 2.524053
vt 0.509583 2.561022
vt 0.480294 2.551777
vt 0.178197 2.362851
vt 0.115274 2.376981
vt 0.193642 2.466215
vt 0.147423 2.509128
vt 0.222196 2.495777
vt 0.144990 2.556299
vt 0.202030 2.295623
vt 0.204503 2.318893
vt 0.207373 2.344985
vt 0.216280 2.418514
vt 0.232300 2.527908
vt 0.195462 2.257689
vt 0.224573 2.279870
vt 0.234781 2.371911
vt 0.243040 2.430776
vt 0.246612 2.459660
vt 0.224573 -0.049390
vt 0.247685 2.305428
vt 0.252645 2.329558
vt 0.261918 2.384339
vt 0.259523 2.490864
vt 0.263066 2.539747
vt 0.249620 -0.036871
vt 0.249620 2.270761
vt 0.267563 2.348630
vt 0.276039 2.404721
vt 0.280670 2.446124
vt 0.284178 2.498975
vt 0.285606 2.544940
vt 0.330126 2.569474
vt 0.323831 2.596694
vt 0.058407 2.540136
vt 0.043174 2.569396
vt -0.001559 2.550803
vt 0.323831 -0.013879
vt -0.003538 2.569474
vt 0.070902 2.608237
vt 0.363291 2.625173
vt 0.363291 -0.075218
vt 0.407680 2.540136
vt 0.411681 2.578823
vt 0.376464 2.569396
vt 0.401175 2.599290
vt 0.376901 2.647583
vt 0.353110 2.643888
vt 0.431265 2.553941
vt 0.410042 -0.122746
vt 0.080111 2.465673
vt 0.087195 2.553941
vt 0.056990 2.476990
vt 0.431561 2.476990
vt 0.457583 2.465673
vt 0.497115 2.514003
vt 0.618098 2.355925
vt 0.630869 2.386578
vt 0.653581 -0.480294
vt 0.610258 -0.587456
vt 0.644646 -0.437917
vt 0.515881 2.455426
vt 0.130556 2.514003
vt 0.153762 2.591891
vt 0.130987 2.582390
vt 0.653368 -0.509583
vt 0.647049 -0.542557
vt 0.633985 -0.565644
vt 0.622007 -0.380292
vt 0.127568 2.455426
vt 0.150938 2.522902
vt 0.170421 2.582537
vt 0.585158 -0.303568
vt 0.509332 2.419915
vt 0.532098 2.416041
vt 0.135187 2.416041
vt 0.152155 2.467883
vt 0.148684 2.403338
vt 0.161191 2.449938
vt 0.206221 2.486510
vt 0.551796 -0.238064
vt 0.161244 2.389775
vt 0.197384 2.426018
vt 0.506168 -0.170421
vt 0.383556 0.221915
vt 0.208247 2.389893
vt 0.533943 -0.209251
vt 0.438772 -0.126137
vt 0.459561 -0.134367
vt 0.489215 -0.153762
vt 0.420055 0.287112
vt 0.429080 0.325341
vt 0.431059 0.354798
vt 0.263781 2.514740
vt 0.250957 2.483355
vt 0.380484 2.494162
vt 0.231652 2.450839
vt 0.299665 2.460907
vt 0.484719 2.483955
vt 0.527500 2.488321
vt 0.295012 2.435574
vt 0.399713 2.462539
vt 0.464435 2.451457
vt 0.239271 2.410972
vt 0.418591 2.435896
vt 0.528327 2.425603
vt 0.569587 2.428105
vt 0.313232 2.402044
vt 0.437723 2.408375
vt 0.505990 2.394063
vt 0.239095 2.370393
vt 0.322254 2.381453
vt 0.419947 2.381084
vt 0.472806 2.380356
vt 0.548709 2.367104
vt 0.594570 2.384086
vt 0.580518 2.353711
vt 0.488519 2.337375
vt 0.440109 2.353520
vt 0.331364 2.357134
vt 0.155039 2.363257
vt 0.602708 2.324944
vt 0.563322 2.323164
vt 0.583909 2.294408
vt 0.521276 2.322738
vt 0.543074 2.293464
vt 0.561923 2.265408
vt 0.500176 2.294317
vt 0.520206 2.265697
vt 0.537340 2.238994
vt 0.614489 0.537340
vt 0.425002 2.327706
vt 0.443191 2.298938
vt 0.477219 2.268110
vt 0.495501 2.240793
vt 0.511087 2.215955
vt 0.590182 0.511087
vt 0.427910 2.273488
vt 0.451854 2.237779
vt 0.467294 2.212833
vt 0.612431 0.495501
vt 0.579375 0.467294
vt 0.555305 0.480269
vt 0.346283 2.332933
vt 0.351273 2.306751
vt 0.384195 2.251785
vt 0.351801 2.282665
vt 0.387727 2.233608
vt 0.407720 2.201205
vt 0.548980 0.407720
vt 0.528836 0.422026
vt 0.247542 2.337720
vt 0.354329 2.206168
vt 0.476630 0.400914
vt 0.259802 2.269624
vt 0.274854 2.243974
vt 0.539401 0.354329
vt 0.498482 0.357733
vt 0.477705 0.370065
vt 0.235312 2.316764
vt 0.233057 2.295507
vt 0.266748 2.221568
vt 0.489032 0.304056
vt 0.211408 2.348832
vt 0.279919 2.196573
vt 0.304056 2.169457
vt 0.454059 0.303586
vt 0.168920 2.318127
vt 0.228417 2.269560
vt 0.161474 2.339188
vt 0.181553 2.278380
vt 0.230894 2.230056
vt 0.240197 2.188359
vt 0.256732 2.166919
vt 0.507207 0.279919
vt 0.468205 0.256732
vt 0.451925 0.266174
vt 0.306845 2.532168
vt 0.306634 2.484101
vt 0.303708 2.429783
vt 0.298624 2.387793
vt 0.303707 2.351655
vt 0.297467 2.325660
vt 0.280164 2.297753
vt 0.267472 -0.020195
vt 0.327960 2.518466
vt 0.346036 2.550803
vt 0.349741 2.507088
vt -0.023053 2.507088
vt 0.328787 2.468576
vt 0.002481 2.479761
vt 0.352328 2.462518
vt -0.037743 2.462518
vt 0.326064 2.413349
vt 0.354912 2.433587
vt 0.357102 2.403950
vt 0.391904 2.440986
vt -0.003373 2.440986
vt 0.320262 2.371236
vt 0.356866 2.375097
vt 0.395577 2.412591
vt -0.041871 2.433587
vt -0.003732 2.412591
vt 0.044114 2.427487
vt 0.353942 2.347471
vt 0.389636 2.374094
vt -0.042022 2.403950
vt -0.007918 2.374094
vt 0.018332 2.387178
vt 0.071378 2.431115
vt 0.458389 2.431115
vt 0.348684 2.321598
vt 0.384494 2.347703
vt 0.054542 2.384093
vt 0.445166 2.384093
vt 0.459448 2.407138
vt 0.433615 2.427487
vt 0.068777 2.407138
vt 0.307372 2.290123
vt 0.341292 2.297788
vt 0.377438 2.322989
vt -0.005137 2.347703
vt 0.041601 2.353740
vt 0.472908 2.393897
vt 0.267472 2.259933
vt 0.303397 2.269763
vt 0.363302 2.291482
vt 0.000446 2.322989
vt 0.047685 2.323127
vt 0.069936 2.347111
vt 0.452888 2.347111
vt 0.471375 2.369831
vt 0.520971 2.384190
vt 0.309494 0.016466
vt 0.303397 -0.014049
vt 0.334445 2.261603
vt 0.009723 2.291482
vt 0.057064 2.290926
vt 0.419481 2.323127
vt 0.447053 2.321037
vt 0.427514 2.353740
vt 0.503710 2.350144
vt 0.121483 2.384190
vt 0.294991 0.029629
vt 0.334445 0.014109
vt 0.406602 2.290926
vt 0.438460 2.299500
vt 0.502155 2.323964
vt 0.528544 2.350224
vt 0.135189 2.350224
vt 0.426841 0.271290
vt 0.412685 0.226240
vt 0.481506 0.240197
vt 0.432798 0.204869
vt 0.409850 0.194926
vt 0.389188 0.168046
vt 0.363502 0.162338
vt 0.183510 2.216519
vt 0.474925 0.183510
vt 0.437535 0.168739
vt 0.404589 0.157790
vt 0.307242 0.105902
vt 0.426225 0.145284
vt 0.347147 0.097314
vt 0.326248 0.098769
vt 0.168049 2.267322
vt 0.155974 2.253655
vt 0.487361 0.155974
vt 0.464333 0.139624
vt 0.464333 2.247496
vt 0.426225 2.207363
vt 0.437535 2.193658
vt 0.397502 2.229909
vt 0.404589 2.178234
vt 0.364098 2.218619
vt 0.364098 0.091951
vt 0.149292 2.308318
vt 0.132977 2.291703
vt 0.487361 2.253655
vt 0.496883 2.291703
vt 0.425366 2.273420
vt 0.397502 0.104600
vt 0.382657 0.076222
vt 0.382657 2.246783
vt 0.119536 2.323964
vt 0.522932 2.308318
vt 0.076222 2.246783
vt 0.363302 0.009723
vt 0.083265 2.332026
s 0
f 10/1/1 195/2/1 190/3/1
f 4/4/2 108/5/2 165/6/2
f 149/7/3 187/8/3 150/9/3
f 148/10/4 187/8/4 149/7/4
f 147/11/5 189/12/5 148/10/5
f 16/13/6 437/14/6 443/15/6
f 560/16/7 516/17/7 561/18/7
f 150/9/8 187/8/8 178/19/8
f 187/8/9 179/20/9 178/19/9
f 187/8/10 188/21/10 179/20/10
f 188/21/11 180/22/11 179/20/11
f 148/10/12 189/12/12 187/8/12
f 189/12/13 190/3/13 187/8/13
f 187/8/14 190/3/14 188/21/14
f 188/21/15 191/23/15 180/22/15
f 180/22/16 191/23/16 181/24/16
f 189/12/17 192/25/17 190/3/17
f 190/3/18 193/26/18 188/21/18
f 188/21/19 193/26/19 191/23/19
f 455/27/20 51/28/20 52/29/20
f 9/30/21 10/1/21 192/25/21
f 190/3/22 195/2/22 193/26/22
f 193/26/23 182/31/23 191/23/23
f 830/32/24 819/33/24 818/34/24
f 10/1/25 19/35/25 195/2/25
f 195/2/26 197/36/26 193/26/26
f 193/26/27 197/36/27 182/31/27
f 197/36/28 198/37/28 182/31/28
f 182/31/29 198/37/29 183/38/29
f 198/37/30 184/39/30 183/38/30
f 37/40/31 59/41/31 147/11/31
f 19/35/32 30/42/32 197/36/32
f 197/36/33 200/43/33 198/37/33
f 200/43/34 184/39/34 198/37/34
f 201/44/35 200/43/35 30/42/35
f 200/43/36 201/44/36 184/39/36
f 201/44/37 202/45/37 184/39/37
f 184/39/38 202/45/38 185/46/38
f 202/45/39 186/47/39 185/46/39
f 201/44/40 203/48/40 202/45/40
f 203/48/41 201/44/41 46/49/41
f 11/50/42 49/51/42 186/47/42
f 30/42/43 545/52/43 196/53/43
f 545/52/44 19/35/44 61/54/44
f 10/1/45 9/30/45 517/55/45
f 19/35/43 10/1/43 61/54/43
f 196/53/46 46/49/46 201/44/46
f 182/31/47 207/56/47 191/23/47
f 183/38/48 207/56/48 182/31/48
f 184/39/49 213/57/49 183/38/49
f 463/58/50 129/59/50 93/60/50
f 179/20/51 166/61/51 178/19/51
f 180/22/52 204/62/52 179/20/52
f 179/20/53 204/62/53 166/61/53
f 181/24/54 205/63/54 180/22/54
f 180/22/55 205/63/55 204/62/55
f 205/63/56 167/64/56 204/62/56
f 205/63/57 206/65/57 167/64/57
f 191/23/58 207/56/58 181/24/58
f 181/24/59 207/56/59 205/63/59
f 207/56/60 208/66/60 205/63/60
f 208/66/61 206/65/61 205/63/61
f 206/65/62 168/67/62 167/64/62
f 208/66/63 209/68/63 206/65/63
f 206/65/64 210/69/64 168/67/64
f 210/69/65 169/70/65 168/67/65
f 183/38/66 211/71/66 207/56/66
f 211/71/67 212/72/67 207/56/67
f 207/56/68 212/72/68 208/66/68
f 208/66/69 212/72/69 209/68/69
f 209/68/70 210/69/70 206/65/70
f 183/38/71 213/57/71 211/71/71
f 213/57/72 212/72/72 211/71/72
f 209/68/73 214/73/73 210/69/73
f 214/73/74 215/74/74 210/69/74
f 210/69/75 215/74/75 169/70/75
f 215/74/76 170/75/76 169/70/76
f 184/39/77 185/46/77 213/57/77
f 185/46/78 216/76/78 213/57/78
f 213/57/79 216/76/79 212/72/79
f 216/76/80 217/77/80 212/72/80
f 212/72/81 217/77/81 209/68/81
f 217/77/82 214/73/82 209/68/82
f 215/74/83 218/78/83 170/75/83
f 218/78/84 219/79/84 170/75/84
f 170/75/85 219/79/85 171/80/85
f 219/79/86 172/81/86 171/80/86
f 186/47/87 220/82/87 185/46/87
f 185/46/88 220/82/88 216/76/88
f 220/82/89 221/83/89 216/76/89
f 216/76/90 221/83/90 217/77/90
f 221/83/91 222/84/91 217/77/91
f 217/77/92 222/84/92 214/73/92
f 222/84/93 223/85/93 214/73/93
f 214/73/94 223/85/94 215/74/94
f 223/85/95 218/78/95 215/74/95
f 224/86/96 186/47/96 49/51/96
f 186/47/97 224/86/97 220/82/97
f 224/86/98 225/87/98 220/82/98
f 220/82/99 225/87/99 221/83/99
f 225/87/100 226/88/100 221/83/100
f 221/83/101 226/88/101 222/84/101
f 226/88/102 227/89/102 222/84/102
f 222/84/103 227/89/103 223/85/103
f 227/89/104 228/90/104 223/85/104
f 223/85/105 228/90/105 218/78/105
f 228/90/106 229/91/106 218/78/106
f 218/78/107 229/91/107 219/79/107
f 229/91/108 230/92/108 219/79/108
f 219/79/109 230/92/109 172/81/109
f 230/93/110 173/94/110 172/95/110
f 50/96/111 48/97/111 225/87/111
f 517/55/112 61/54/112 10/1/112
f 225/87/113 48/97/113 226/88/113
f 48/97/114 231/98/114 226/88/114
f 231/98/115 232/99/115 226/88/115
f 226/88/116 232/99/116 227/89/116
f 232/99/117 233/100/117 227/89/117
f 227/89/118 233/100/118 228/90/118
f 233/100/119 234/101/119 228/90/119
f 228/90/120 234/101/120 229/91/120
f 234/101/121 235/102/121 229/91/121
f 229/91/122 235/102/122 230/92/122
f 235/103/123 236/104/123 230/93/123
f 230/93/124 236/104/124 173/94/124
f 236/104/125 237/105/125 173/94/125
f 173/94/126 237/105/126 174/106/126
f 237/105/127 175/107/127 174/106/127
f 101/108/128 59/41/128 45/109/128
f 644/110/129 647/111/129 643/112/129
f 428/113/130 433/114/130 517/55/130
f 30/42/131 200/43/131 197/36/131
f 53/115/132 54/116/132 231/117/132
f 56/118/133 244/119/133 239/120/133
f 232/121/134 238/122/134 233/123/134
f 238/122/135 239/120/135 233/123/135
f 233/123/136 239/120/136 234/124/136
f 239/120/137 240/125/137 234/124/137
f 234/124/138 240/125/138 235/126/138
f 240/125/139 241/127/139 235/126/139
f 235/103/140 241/128/140 236/104/140
f 241/128/141 242/129/141 236/104/141
f 236/104/142 242/129/142 237/105/142
f 242/129/143 243/130/143 237/105/143
f 237/105/144 243/130/144 175/107/144
f 243/130/145 176/131/145 175/107/145
f 224/132/146 50/133/146 225/134/146
f 710/135/147 655/136/147 707/137/147
f 54/116/148 56/118/148 238/122/148
f 21/138/149 499/139/149 492/140/149
f 239/120/150 244/119/150 240/125/150
f 244/119/151 245/141/151 240/125/151
f 240/125/152 245/141/152 241/127/152
f 245/142/153 246/143/153 241/128/153
f 241/128/154 246/143/154 242/129/154
f 246/143/155 247/144/155 242/129/155
f 242/129/156 247/144/156 243/130/156
f 247/144/157 248/145/157 243/130/157
f 243/130/158 248/145/158 176/131/158
f 248/145/159 177/146/159 176/131/159
f 457/147/160 64/148/160 458/149/160
f 128/150/161 462/151/161 126/152/161
f 75/153/162 567/154/162 620/155/162
f 469/156/163 465/157/163 130/158/163
f 463/58/164 462/151/164 129/59/164
f 147/11/165 9/30/165 189/12/165
f 56/118/166 5/159/166 244/119/166
f 244/119/167 126/152/167 245/141/167
f 126/152/168 125/160/168 245/141/168
f 245/141/169 125/160/169 246/161/169
f 125/162/170 124/163/170 246/143/170
f 246/143/171 124/163/171 247/144/171
f 124/163/172 123/164/172 247/144/172
f 247/144/173 123/164/173 248/145/173
f 123/164/174 122/165/174 248/145/174
f 248/145/175 122/165/175 177/146/175
f 122/165/176 121/166/176 177/146/176
f 178/19/177 151/167/177 150/9/177
f 166/61/178 249/168/178 178/19/178
f 167/64/179 251/169/179 204/62/179
f 169/70/180 259/170/180 168/67/180
f 170/75/181 264/171/181 169/70/181
f 172/81/182 276/172/182 171/80/182
f 173/94/183 283/173/183 172/95/183
f 174/106/184 291/174/184 173/94/184
f 178/19/185 249/168/185 151/167/185
f 249/168/186 152/175/186 151/167/186
f 166/61/187 250/176/187 249/168/187
f 249/168/188 250/176/188 152/175/188
f 250/176/189 153/177/189 152/175/189
f 204/62/190 251/169/190 166/61/190
f 251/169/191 250/176/191 166/61/191
f 251/169/192 252/178/192 250/176/192
f 252/178/193 253/179/193 250/176/193
f 250/176/194 253/179/194 153/177/194
f 253/179/195 254/180/195 153/177/195
f 153/177/196 254/180/196 154/181/196
f 254/180/197 155/182/197 154/181/197
f 167/64/198 168/67/198 251/169/198
f 168/67/199 255/183/199 251/169/199
f 251/169/200 255/183/200 252/178/200
f 255/183/201 256/184/201 252/178/201
f 252/178/202 256/184/202 253/179/202
f 256/184/203 257/185/203 253/179/203
f 253/179/204 257/185/204 254/180/204
f 257/185/205 258/186/205 254/180/205
f 254/180/206 258/186/206 155/182/206
f 258/186/207 156/187/207 155/182/207
f 168/67/208 259/170/208 255/183/208
f 259/170/209 260/188/209 255/183/209
f 255/183/210 260/188/210 256/184/210
f 260/188/211 261/189/211 256/184/211
f 256/184/212 261/189/212 257/185/212
f 261/189/213 262/190/213 257/185/213
f 257/185/214 262/190/214 258/186/214
f 262/190/215 263/191/215 258/186/215
f 258/186/216 263/191/216 156/187/216
f 263/191/217 157/192/217 156/187/217
f 169/70/218 264/171/218 259/170/218
f 264/171/219 265/193/219 259/170/219
f 259/170/220 265/193/220 260/188/220
f 265/193/221 266/194/221 260/188/221
f 260/188/222 266/194/222 261/189/222
f 266/194/223 267/195/223 261/189/223
f 261/189/224 267/195/224 262/190/224
f 267/195/225 268/196/225 262/190/225
f 262/190/226 268/196/226 263/191/226
f 268/196/227 269/197/227 263/191/227
f 263/191/228 269/197/228 157/192/228
f 269/197/229 158/198/229 157/192/229
f 170/75/230 171/80/230 264/171/230
f 171/80/231 270/199/231 264/171/231
f 264/171/232 270/199/232 265/193/232
f 270/199/233 271/200/233 265/193/233
f 265/193/234 271/200/234 266/194/234
f 271/200/235 272/201/235 266/194/235
f 266/194/236 272/201/236 267/195/236
f 272/201/237 273/202/237 267/195/237
f 267/195/238 273/202/238 268/196/238
f 273/202/239 274/203/239 268/196/239
f 268/196/240 274/203/240 269/197/240
f 274/203/241 275/204/241 269/197/241
f 269/197/242 275/204/242 158/198/242
f 275/204/243 159/205/243 158/198/243
f 171/80/244 276/172/244 270/199/244
f 276/206/245 277/207/245 270/208/245
f 270/208/246 277/207/246 271/209/246
f 277/207/247 278/210/247 271/209/247
f 271/200/248 278/211/248 272/201/248
f 278/210/249 279/212/249 272/213/249
f 272/201/250 279/214/250 273/202/250
f 279/214/251 280/215/251 273/202/251
f 273/202/252 280/215/252 274/203/252
f 280/215/253 281/216/253 274/203/253
f 274/203/254 281/216/254 275/204/254
f 281/216/255 282/217/255 275/204/255
f 275/204/256 282/217/256 159/205/256
f 282/217/257 160/218/257 159/205/257
f 172/95/258 283/173/258 276/206/258
f 283/173/259 284/219/259 276/206/259
f 276/206/260 284/219/260 277/207/260
f 284/219/261 285/220/261 277/207/261
f 277/207/262 285/220/262 278/210/262
f 285/220/263 286/221/263 278/210/263
f 278/210/264 286/221/264 279/212/264
f 286/221/265 287/222/265 279/212/265
f 279/212/266 287/222/266 280/223/266
f 287/222/267 288/224/267 280/223/267
f 280/223/268 288/224/268 281/225/268
f 288/224/269 289/226/269 281/225/269
f 281/216/270 289/227/270 282/217/270
f 289/226/271 290/228/271 282/229/271
f 282/217/272 290/230/272 160/218/272
f 290/230/273 161/231/273 160/218/273
f 173/94/274 291/174/274 283/173/274
f 291/174/275 292/232/275 283/173/275
f 283/173/276 292/232/276 284/219/276
f 292/232/277 293/233/277 284/219/277
f 284/219/278 293/233/278 285/220/278
f 293/233/279 294/234/279 285/220/279
f 285/220/280 294/234/280 286/221/280
f 294/234/281 295/235/281 286/221/281
f 286/221/282 295/235/282 287/222/282
f 295/235/283 296/236/283 287/222/283
f 287/222/284 296/236/284 288/224/284
f 296/236/285 297/237/285 288/224/285
f 288/224/286 297/237/286 289/226/286
f 297/237/287 298/238/287 289/226/287
f 289/226/288 298/238/288 290/228/288
f 298/238/289 299/239/289 290/228/289
f 290/228/290 299/239/290 161/240/290
f 299/239/291 162/241/291 161/240/291
f 174/106/292 175/107/292 291/174/292
f 175/107/293 300/242/293 291/174/293
f 291/174/294 300/242/294 292/232/294
f 300/242/295 301/243/295 292/232/295
f 292/232/296 301/243/296 293/233/296
f 301/243/297 302/244/297 293/233/297
f 293/233/298 302/244/298 294/234/298
f 302/244/299 303/245/299 294/234/299
f 294/234/300 303/245/300 295/235/300
f 303/245/301 304/246/301 295/235/301
f 295/235/302 304/246/302 296/236/302
f 304/246/303 305/247/303 296/236/303
f 296/236/304 305/247/304 297/237/304
f 305/247/305 306/248/305 297/237/305
f 297/237/306 306/248/306 298/238/306
f 306/248/307 307/249/307 298/238/307
f 298/238/308 307/249/308 299/239/308
f 307/249/309 308/250/309 299/239/309
f 299/239/310 308/250/310 162/241/310
f 308/250/311 163/251/311 162/241/311
f 176/131/312 309/252/312 175/107/312
f 175/107/313 309/252/313 300/242/313
f 309/252/314 310/253/314 300/242/314
f 300/242/315 310/253/315 301/243/315
f 310/253/316 311/254/316 301/243/316
f 301/243/317 311/254/317 302/244/317
f 311/254/318 312/255/318 302/244/318
f 302/244/319 312/255/319 303/245/319
f 312/255/320 313/256/320 303/245/320
f 303/245/321 313/256/321 304/246/321
f 313/256/322 314/257/322 304/246/322
f 304/246/323 314/257/323 305/247/323
f 314/257/324 315/258/324 305/247/324
f 305/247/325 315/258/325 306/248/325
f 315/258/326 316/259/326 306/248/326
f 306/248/327 316/259/327 307/249/327
f 316/259/328 317/260/328 307/249/328
f 307/249/329 317/260/329 308/250/329
f 317/260/330 318/261/330 308/250/330
f 308/250/331 318/261/331 163/251/331
f 318/261/332 164/262/332 163/251/332
f 177/146/333 319/263/333 176/131/333
f 176/131/334 319/263/334 309/252/334
f 309/252/335 319/263/335 310/253/335
f 319/263/336 320/264/336 310/253/336
f 310/253/337 320/264/337 311/254/337
f 320/264/338 321/265/338 311/254/338
f 321/265/339 322/266/339 311/254/339
f 311/254/340 322/266/340 312/255/340
f 322/266/341 323/267/341 312/255/341
f 312/255/342 323/267/342 313/256/342
f 323/267/343 324/268/343 313/256/343
f 313/256/344 324/268/344 314/257/344
f 324/268/345 325/269/345 314/257/345
f 314/257/346 325/269/346 315/258/346
f 325/269/347 326/270/347 315/258/347
f 315/258/348 326/270/348 316/259/348
f 326/270/349 327/271/349 316/259/349
f 316/259/350 327/271/350 317/260/350
f 327/271/351 328/272/351 317/260/351
f 317/260/352 328/272/352 318/261/352
f 328/272/353 329/273/353 318/261/353
f 318/261/354 329/273/354 164/262/354
f 329/273/355 165/6/355 164/262/355
f 121/166/356 120/274/356 177/146/356
f 177/146/357 120/274/357 319/263/357
f 120/274/358 119/275/358 319/263/358
f 319/263/359 119/275/359 320/264/359
f 119/275/360 118/276/360 320/264/360
f 320/264/361 118/276/361 321/265/361
f 118/276/362 117/277/362 321/265/362
f 321/265/363 117/277/363 322/266/363
f 117/277/364 116/278/364 322/266/364
f 322/266/365 116/278/365 323/267/365
f 116/278/366 115/279/366 323/267/366
f 323/267/367 115/279/367 324/268/367
f 115/279/368 114/280/368 324/268/368
f 324/268/369 114/280/369 325/269/369
f 114/280/370 113/281/370 325/269/370
f 325/269/371 113/281/371 326/270/371
f 113/281/372 112/282/372 326/270/372
f 326/270/373 112/282/373 327/271/373
f 112/282/374 111/283/374 327/271/374
f 327/271/375 111/283/375 328/272/375
f 111/283/376 110/284/376 328/272/376
f 328/272/377 110/284/377 329/273/377
f 110/284/378 109/285/378 329/273/378
f 329/273/379 109/285/379 165/6/379
f 109/285/380 4/4/380 165/6/380
f 153/177/381 330/286/381 152/175/381
f 154/181/382 331/287/382 153/177/382
f 155/182/383 333/288/383 154/181/383
f 156/187/384 335/289/384 155/182/384
f 157/192/385 338/290/385 156/187/385
f 158/198/386 342/291/386 157/192/386
f 159/205/387 348/292/387 158/198/387
f 160/218/388 353/293/388 159/205/388
f 161/231/389 359/294/389 160/218/389
f 162/241/390 366/295/390 161/240/390
f 163/251/391 374/296/391 162/241/391
f 164/262/392 385/297/392 163/251/392
f 165/6/393 396/298/393 164/262/393
f 152/175/394 132/299/394 151/167/394
f 152/175/395 330/286/395 132/299/395
f 330/286/396 133/300/396 132/299/396
f 153/177/397 331/287/397 330/286/397
f 331/287/398 332/301/398 330/286/398
f 330/286/399 332/301/399 133/300/399
f 332/301/400 134/302/400 133/300/400
f 154/181/401 333/288/401 331/287/401
f 333/288/402 334/303/402 331/287/402
f 331/287/403 334/303/403 332/301/403
f 332/301/404 334/303/404 134/302/404
f 334/303/405 135/304/405 134/302/405
f 155/182/406 335/289/406 333/288/406
f 335/289/407 336/305/407 333/288/407
f 333/288/408 336/305/408 334/303/408
f 336/305/409 337/306/409 334/303/409
f 334/303/410 337/306/410 135/304/410
f 337/306/411 136/307/411 135/304/411
f 156/187/412 338/290/412 335/289/412
f 338/290/413 339/308/413 335/289/413
f 335/289/414 339/308/414 336/305/414
f 339/308/415 340/309/415 336/305/415
f 336/305/416 340/309/416 337/306/416
f 340/309/417 341/310/417 337/306/417
f 337/306/418 341/310/418 136/307/418
f 341/310/419 137/311/419 136/307/419
f 157/192/420 342/291/420 338/290/420
f 342/291/421 343/312/421 338/290/421
f 338/290/422 343/312/422 339/308/422
f 343/312/423 344/313/423 339/308/423
f 339/308/424 344/313/424 340/309/424
f 344/313/425 345/314/425 340/309/425
f 345/314/426 346/315/426 340/309/426
f 340/309/427 346/315/427 341/310/427
f 346/315/428 347/316/428 341/310/428
f 341/310/429 347/316/429 137/311/429
f 347/316/430 138/317/430 137/311/430
f 158/198/431 348/292/431 342/291/431
f 348/292/432 343/312/432 342/291/432
f 343/312/433 349/318/433 344/313/433
f 349/318/434 345/314/434 344/313/434
f 345/314/435 350/319/435 346/315/435
f 350/319/436 351/320/436 346/315/436
f 346/315/437 351/320/437 347/316/437
f 351/320/438 352/321/438 347/316/438
f 347/316/439 352/321/439 138/317/439
f 159/205/440 353/293/440 348/292/440
f 353/293/441 354/322/441 348/292/441
f 348/292/442 354/322/442 343/312/442
f 354/322/443 349/318/443 343/312/443
f 349/318/444 355/323/444 345/314/444
f 355/323/445 350/319/445 345/314/445
f 350/319/446 356/324/446 351/320/446
f 356/324/447 357/325/447 351/320/447
f 351/320/448 357/325/448 352/321/448
f 357/325/449 358/326/449 352/321/449
f 160/218/450 359/294/450 353/293/450
f 359/294/451 360/327/451 353/293/451
f 353/293/452 360/327/452 354/322/452
f 360/327/453 361/328/453 354/322/453
f 354/322/454 361/328/454 349/318/454
f 361/328/455 355/323/455 349/318/455
f 355/323/456 362/329/456 350/319/456
f 362/329/457 363/330/457 350/319/457
f 350/319/458 363/330/458 356/324/458
f 356/331/459 364/332/459 357/333/459
f 357/333/460 364/332/460 358/334/460
f 364/332/461 365/335/461 358/334/461
f 161/231/462 366/336/462 359/294/462
f 366/336/463 367/337/463 359/294/463
f 359/294/464 367/337/464 360/327/464
f 367/337/465 368/338/465 360/327/465
f 360/327/466 368/338/466 361/328/466
f 368/338/467 369/339/467 361/328/467
f 361/328/468 369/339/468 355/323/468
f 369/339/469 362/329/469 355/323/469
f 363/330/470 370/340/470 356/324/470
f 370/340/471 371/341/471 356/324/471
f 356/331/472 371/342/472 364/332/472
f 371/342/473 372/343/473 364/332/473
f 364/332/474 372/343/474 365/335/474
f 372/343/475 373/344/475 365/335/475
f 162/241/476 374/296/476 366/295/476
f 374/296/477 375/345/477 366/295/477
f 366/336/478 375/346/478 367/337/478
f 375/346/479 376/347/479 367/337/479
f 367/337/480 376/347/480 368/338/480
f 376/347/481 377/348/481 368/338/481
f 368/338/482 377/348/482 369/339/482
f 377/348/483 378/349/483 369/339/483
f 369/339/484 378/349/484 362/329/484
f 378/349/485 379/350/485 362/329/485
f 362/329/486 379/350/486 363/330/486
f 379/350/487 380/351/487 363/330/487
f 363/352/488 380/353/488 370/354/488
f 370/354/489 380/353/489 371/342/489
f 380/353/490 381/355/490 371/342/490
f 371/342/491 381/355/491 372/343/491
f 381/355/492 382/356/492 372/343/492
f 382/356/493 383/357/493 372/343/493
f 372/343/494 383/357/494 373/344/494
f 383/357/495 384/358/495 373/344/495
f 384/358/496 139/359/496 373/344/496
f 163/251/497 385/297/497 374/296/497
f 385/297/498 386/360/498 374/296/498
f 374/296/499 386/360/499 375/345/499
f 386/361/500 387/362/500 375/363/500
f 375/363/501 387/362/501 376/364/501
f 387/362/502 388/365/502 376/364/502
f 376/364/503 388/365/503 377/366/503
f 388/365/504 389/367/504 377/366/504
f 377/366/505 389/367/505 378/368/505
f 389/367/506 390/369/506 378/368/506
f 378/368/507 390/369/507 379/370/507
f 390/369/508 391/371/508 379/370/508
f 379/370/509 391/371/509 380/353/509
f 391/371/510 392/372/510 380/353/510
f 380/353/511 392/372/511 381/355/511
f 392/372/512 393/373/512 381/355/512
f 381/355/513 393/373/513 382/356/513
f 393/373/514 394/374/514 382/356/514
f 382/356/515 394/374/515 383/357/515
f 394/374/516 395/375/516 383/357/516
f 383/357/517 395/375/517 384/358/517
f 384/358/518 395/375/518 139/359/518
f 395/375/519 140/376/519 139/359/519
f 164/262/520 396/298/520 385/297/520
f 396/298/521 397/377/521 385/297/521
f 385/297/522 397/377/522 386/360/522
f 397/378/523 398/379/523 386/361/523
f 386/361/524 398/379/524 387/362/524
f 398/379/525 399/380/525 387/362/525
f 387/362/526 399/380/526 388/365/526
f 399/380/527 400/381/527 388/365/527
f 388/365/528 400/381/528 389/367/528
f 400/381/529 401/382/529 389/367/529
f 389/367/530 401/382/530 390/369/530
f 401/382/531 402/383/531 390/369/531
f 390/369/532 402/383/532 391/371/532
f 402/383/533 403/384/533 391/371/533
f 391/371/534 403/384/534 392/372/534
f 403/384/535 404/385/535 392/372/535
f 392/372/536 404/385/536 393/373/536
f 404/385/537 405/386/537 393/373/537
f 393/373/538 405/386/538 394/374/538
f 405/386/539 406/387/539 394/374/539
f 394/374/540 406/387/540 395/375/540
f 406/387/541 407/388/541 395/375/541
f 395/375/542 407/388/542 140/376/542
f 407/388/543 141/389/543 140/376/543
f 165/6/544 108/5/544 396/298/544
f 108/5/545 107/390/545 396/298/545
f 396/391/546 107/392/546 397/378/546
f 107/392/547 106/393/547 397/378/547
f 397/378/548 106/393/548 398/379/548
f 106/393/549 105/394/549 398/379/549
f 398/379/550 105/394/550 399/380/550
f 105/394/551 104/395/551 399/380/551
f 399/380/552 104/395/552 400/381/552
f 104/395/553 103/396/553 400/381/553
f 400/381/554 103/396/554 401/382/554
f 103/396/555 102/397/555 401/382/555
f 401/382/556 102/397/556 402/383/556
f 414/398/557 37/40/557 36/399/557
f 805/400/558 100/401/558 403/384/558
f 100/401/559 99/402/559 404/385/559
f 404/385/560 99/402/560 405/386/560
f 99/402/561 98/403/561 405/386/561
f 405/386/562 98/403/562 406/387/562
f 804/404/563 806/405/563 407/388/563
f 806/405/564 97/406/564 141/389/564
f 358/326/565 424/407/565 352/321/565
f 365/335/566 429/408/566 358/334/566
f 373/344/567 434/409/567 365/335/567
f 139/359/568 440/410/568 373/344/568
f 140/376/569 445/411/569 139/359/569
f 151/167/570 149/7/570 150/9/570
f 132/299/571 408/412/571 151/167/571
f 151/167/572 408/412/572 149/7/572
f 133/300/573 409/413/573 132/299/573
f 132/299/574 409/413/574 408/412/574
f 408/412/575 148/10/575 149/7/575
f 134/302/576 410/414/576 133/300/576
f 133/300/577 410/414/577 409/413/577
f 409/413/578 411/415/578 408/412/578
f 408/412/579 411/415/579 148/10/579
f 411/415/580 147/11/580 148/10/580
f 135/304/581 412/416/581 134/302/581
f 134/302/582 412/416/582 410/414/582
f 412/416/583 413/417/583 410/414/583
f 410/414/584 413/417/584 409/413/584
f 413/417/585 414/398/585 409/413/585
f 409/413/586 414/398/586 411/415/586
f 136/307/587 415/418/587 135/304/587
f 135/304/588 415/418/588 412/416/588
f 415/418/589 416/419/589 412/416/589
f 412/416/590 416/419/590 413/417/590
f 416/419/591 417/420/591 413/417/591
f 413/417/592 417/420/592 414/398/592
f 137/311/593 418/421/593 136/307/593
f 136/307/594 418/421/594 415/418/594
f 418/421/595 419/422/595 415/418/595
f 415/418/596 419/422/596 416/419/596
f 419/422/597 420/423/597 416/419/597
f 416/419/598 420/423/598 417/420/598
f 138/317/599 421/424/599 137/311/599
f 137/311/600 421/424/600 418/421/600
f 421/424/601 422/425/601 418/421/601
f 418/421/602 422/425/602 419/422/602
f 422/425/603 423/426/603 419/422/603
f 419/422/604 423/426/604 420/423/604
f 423/426/605 101/108/605 420/423/605
f 352/321/606 424/407/606 138/317/606
f 424/407/607 425/427/607 138/317/607
f 138/317/608 425/427/608 421/424/608
f 425/427/609 426/428/609 421/424/609
f 421/424/610 426/428/610 422/425/610
f 426/428/611 427/429/611 422/425/611
f 422/425/612 427/429/612 423/426/612
f 427/429/613 428/113/613 423/426/613
f 423/426/614 428/113/614 101/108/614
f 358/334/615 429/408/615 424/430/615
f 429/431/616 430/432/616 424/407/616
f 424/407/617 430/432/617 425/427/617
f 430/432/618 431/433/618 425/427/618
f 425/427/619 431/433/619 426/428/619
f 431/433/620 432/434/620 426/428/620
f 426/428/621 432/434/621 427/429/621
f 432/434/622 433/114/622 427/429/622
f 427/429/623 433/114/623 428/113/623
f 365/335/624 434/409/624 429/408/624
f 434/409/625 435/435/625 429/408/625
f 429/408/626 435/435/626 430/436/626
f 435/435/627 436/437/627 430/436/627
f 430/432/628 436/438/628 431/433/628
f 436/438/629 437/14/629 431/433/629
f 431/433/630 437/14/630 432/434/630
f 437/14/631 438/439/631 432/434/631
f 432/434/632 438/439/632 433/114/632
f 803/440/633 635/441/633 815/442/633
f 373/344/634 440/410/634 434/409/634
f 440/410/635 441/443/635 434/409/635
f 434/409/636 441/443/636 435/435/636
f 441/443/637 442/444/637 435/435/637
f 435/435/638 442/444/638 436/437/638
f 442/444/639 443/445/639 436/437/639
f 436/438/640 443/15/640 437/14/640
f 812/446/641 633/447/641 829/448/641
f 764/449/642 633/447/642 827/450/642
f 139/359/643 445/411/643 440/410/643
f 445/411/644 446/451/644 440/410/644
f 440/410/645 446/451/645 441/443/645
f 446/451/646 447/452/646 441/443/646
f 441/443/647 447/452/647 442/444/647
f 447/452/648 448/453/648 442/444/648
f 442/444/649 448/453/649 443/445/649
f 15/454/650 566/455/650 650/456/650
f 469/156/651 130/158/651 127/457/651
f 692/458/652 653/459/652 658/460/652
f 140/376/653 141/389/653 445/411/653
f 141/389/654 449/461/654 445/411/654
f 445/411/655 449/461/655 446/451/655
f 449/461/656 450/462/656 446/451/656
f 446/451/657 450/462/657 447/452/657
f 450/462/658 451/463/658 447/452/658
f 447/452/659 451/463/659 448/453/659
f 127/457/660 1/464/660 131/465/660
f 97/406/661 96/466/661 141/389/661
f 141/389/662 96/466/662 449/461/662
f 96/466/663 95/467/663 449/461/663
f 449/461/664 95/467/664 450/462/664
f 95/467/665 94/468/665 450/462/665
f 450/462/666 94/468/666 451/463/666
f 660/469/667 15/454/667 650/456/667
f 453/470/668 454/471/668 146/472/668
f 78/473/669 58/474/669 60/475/669
f 54/116/670 232/121/670 231/117/670
f 147/11/671 36/399/671 37/40/671
f 706/476/672 654/477/672 24/478/672
f 456/479/673 460/480/673 457/147/673
f 5/159/674 126/152/674 244/119/674
f 52/29/675 456/479/675 455/27/675
f 456/479/676 457/147/676 455/27/676
f 545/481/677 458/149/677 196/482/677
f 58/474/678 459/483/678 38/484/678
f 38/484/679 459/483/679 456/479/679
f 459/485/680 460/486/680 456/487/680
f 460/488/681 64/489/681 457/490/681
f 428/113/682 59/41/682 101/108/682
f 461/491/683 39/492/683 587/493/683
f 715/494/684 657/495/684 656/496/684
f 54/116/685 238/122/685 232/121/685
f 78/473/686 459/483/686 58/474/686
f 699/497/687 653/498/687 692/499/687
f 716/500/688 717/501/688 658/502/688
f 70/503/689 546/504/689 817/505/689
f 3/506/690 654/507/690 656/508/690
f 656/508/691 657/509/691 3/506/691
f 20/510/692 518/511/692 22/512/692
f 705/513/693 3/514/693 653/498/693
f 821/515/694 822/516/694 646/517/694
f 611/518/695 39/519/695 461/520/695
f 611/518/696 461/520/696 606/521/696
f 490/522/697 21/138/697 491/523/697
f 580/524/698 88/525/698 146/472/698
f 194/526/699 598/527/699 593/528/699
f 593/528/700 588/529/700 194/526/700
f 568/530/701 627/531/701 626/532/701
f 636/533/702 634/534/702 651/535/702
f 651/536/703 634/537/703 631/538/703
f 69/539/704 70/503/704 818/34/704
f 32/540/705 566/541/705 15/542/705
f 66/543/706 67/544/706 823/545/706
f 13/546/707 644/110/707 826/547/707
f 562/548/708 516/17/708 560/16/708
f 55/549/709 78/473/709 47/550/709
f 653/498/710 699/497/710 705/513/710
f 637/551/711 636/533/711 564/552/711
f 650/456/712 631/538/712 627/531/712
f 68/553/713 69/539/713 819/33/713
f 823/545/714 640/554/714 66/543/714
f 67/544/715 68/553/715 820/555/715
f 643/112/716 822/516/716 825/556/716
f 825/556/717 644/110/717 643/112/717
f 78/473/718 60/475/718 47/550/718
f 437/14/719 16/13/719 438/439/719
f 438/439/720 23/557/720 433/114/720
f 715/494/721 716/500/721 657/495/721
f 558/558/722 63/559/722 559/560/722
f 662/561/723 661/562/723 489/563/723
f 57/564/724 597/565/724 489/563/724
f 29/566/725 498/567/725 693/568/725
f 2/569/726 78/570/726 55/571/726
f 565/572/727 652/573/727 564/574/727
f 456/487/728 52/575/728 38/576/728
f 51/28/729 455/27/729 61/577/729
f 57/578/730 2/579/730 55/549/730
f 57/564/731 199/580/731 607/581/731
f 2/582/732 57/564/732 439/583/732
f 607/581/733 524/584/733 602/585/733
f 602/585/734 523/586/734 597/565/734
f 76/587/735 597/565/735 784/588/735
f 784/588/736 526/589/736 76/587/736
f 597/565/724 57/564/724 602/585/724
f 597/565/735 76/587/735 489/563/735
f 607/581/737 602/585/737 57/564/737
f 526/589/738 778/590/738 35/591/738
f 76/587/739 526/589/739 35/591/739
f 749/592/740 740/593/740 510/594/740
f 504/595/741 497/596/741 525/597/741
f 497/596/738 35/591/738 778/590/738
f 489/563/739 439/583/739 57/564/739
f 778/590/742 525/597/742 497/596/742
f 504/595/743 525/597/743 693/568/743
f 525/597/744 757/598/744 693/568/744
f 757/598/744 749/592/744 29/566/744
f 29/566/738 693/568/738 757/598/738
f 29/566/745 749/592/745 510/594/745
f 664/599/746 662/561/746 489/563/746
f 439/600/747 444/601/747 2/569/747
f 459/602/748 78/570/748 2/569/748
f 460/488/749 459/602/749 2/569/749
f 64/489/749 460/488/749 2/569/749
f 50/133/750 458/603/750 663/604/750
f 458/603/751 64/489/751 663/604/751
f 196/605/752 458/603/752 224/132/752
f 46/606/753 196/605/753 11/607/753
f 11/607/754 196/605/754 49/608/754
f 224/132/755 49/608/755 196/605/755
f 458/603/753 50/133/753 224/132/753
f 663/604/756 64/489/756 444/601/756
f 50/133/757 663/604/757 127/457/757
f 48/609/758 50/133/758 127/457/758
f 53/115/759 48/609/759 130/158/759
f 54/116/747 53/115/747 93/60/747
f 128/150/760 126/152/760 5/159/760
f 56/118/761 54/116/761 5/159/761
f 54/116/762 128/150/762 5/159/762
f 54/116/763 129/59/763 128/150/763
f 93/60/764 129/59/764 54/116/764
f 130/158/765 93/60/765 53/115/765
f 1/464/766 127/457/766 663/604/766
f 127/457/767 130/158/767 48/609/767
f 2/569/750 444/601/750 64/489/750
f 129/59/768 462/151/768 128/150/768
f 462/151/769 125/160/769 126/152/769
f 146/472/757 131/465/757 453/470/757
f 142/610/770 146/472/770 44/611/770
f 144/612/771 142/610/771 145/613/771
f 194/526/772 142/610/772 144/612/772
f 144/612/773 143/614/773 194/526/773
f 44/611/774 145/613/774 142/610/774
f 454/471/775 44/611/775 146/472/775
f 452/615/757 453/470/757 131/465/757
f 463/58/776 464/616/776 462/151/776
f 462/151/777 464/616/777 125/160/777
f 464/616/778 124/617/778 125/160/778
f 504/595/779 693/568/779 688/618/779
f 688/618/780 497/596/780 504/595/780
f 657/509/781 658/460/781 3/506/781
f 658/460/652 659/619/652 692/458/652
f 659/619/652 660/469/652 692/458/652
f 465/157/782 93/60/782 130/158/782
f 465/157/783 466/620/783 93/60/783
f 93/60/784 466/620/784 463/58/784
f 466/620/785 467/621/785 463/58/785
f 463/58/786 467/621/786 464/616/786
f 467/622/787 468/623/787 464/624/787
f 464/624/788 468/623/788 124/163/788
f 468/623/789 123/164/789 124/163/789
f 566/455/790 565/572/790 651/536/790
f 564/574/791 563/625/791 651/536/791
f 650/456/652 568/530/652 660/469/652
f 625/626/652 21/138/652 490/522/652
f 625/626/792 567/154/792 21/138/792
f 564/574/793 651/536/793 565/572/793
f 692/458/652 625/626/652 490/522/652
f 707/627/794 655/628/794 656/508/794
f 692/458/652 660/469/652 568/530/652
f 469/156/795 470/629/795 465/157/795
f 465/157/796 470/629/796 466/620/796
f 470/629/797 471/630/797 466/620/797
f 466/620/798 471/630/798 467/621/798
f 471/631/799 472/632/799 467/622/799
f 467/622/800 472/632/800 468/623/800
f 472/632/801 473/633/801 468/623/801
f 468/623/802 473/633/802 123/164/802
f 473/633/803 122/165/803 123/164/803
f 568/530/804 625/626/804 692/458/804
f 651/536/805 650/456/805 566/455/805
f 681/634/667 692/458/667 490/522/667
f 88/525/806 127/457/806 131/465/806
f 88/525/807 87/635/807 127/457/807
f 127/457/808 87/635/808 469/156/808
f 87/636/809 86/637/809 469/638/809
f 469/156/810 86/639/810 470/629/810
f 86/637/811 85/640/811 470/641/811
f 470/641/812 85/640/812 471/631/812
f 85/640/813 472/632/813 471/631/813
f 472/632/814 84/642/814 473/633/814
f 473/633/815 84/642/815 122/165/815
f 84/642/816 121/166/816 122/165/816
f 84/642/817 474/643/817 121/166/817
f 474/643/818 120/274/818 121/166/818
f 84/642/819 92/644/819 474/643/819
f 92/644/820 475/645/820 474/643/820
f 474/643/821 475/645/821 120/274/821
f 475/645/822 119/275/822 120/274/822
f 91/646/823 476/647/823 92/644/823
f 476/647/824 477/648/824 92/644/824
f 92/644/825 477/648/825 475/645/825
f 90/649/826 478/650/826 91/646/826
f 91/646/827 478/650/827 476/647/827
f 477/648/828 479/651/828 475/645/828
f 475/645/829 479/651/829 119/275/829
f 479/651/830 118/276/830 119/275/830
f 574/652/831 480/653/831 90/649/831
f 90/649/832 480/653/832 478/650/832
f 478/650/833 477/648/833 476/647/833
f 477/648/834 481/654/834 479/651/834
f 479/651/835 117/277/835 118/276/835
f 579/655/836 89/656/836 574/652/836
f 89/656/837 482/657/837 574/652/837
f 574/652/838 482/657/838 480/653/838
f 478/650/839 481/654/839 477/648/839
f 481/654/840 483/658/840 479/651/840
f 483/658/841 484/659/841 479/651/841
f 479/651/842 484/659/842 117/277/842
f 484/659/843 116/278/843 117/277/843
f 482/657/844 485/660/844 480/653/844
f 480/653/845 485/660/845 478/650/845
f 485/660/846 486/661/846 478/650/846
f 478/650/847 486/661/847 481/654/847
f 486/661/848 483/658/848 481/654/848
f 483/658/849 487/662/849 484/659/849
f 487/662/850 488/663/850 484/659/850
f 484/659/851 488/663/851 116/278/851
f 488/663/852 115/279/852 116/278/852
f 583/664/853 490/522/853 89/656/853
f 89/656/854 490/522/854 482/657/854
f 490/522/855 491/523/855 482/657/855
f 482/657/856 491/523/856 485/660/856
f 491/523/857 492/140/857 485/660/857
f 485/660/858 492/140/858 486/661/858
f 492/140/859 493/665/859 486/661/859
f 486/661/860 493/665/860 483/658/860
f 493/665/861 494/666/861 483/658/861
f 483/658/862 494/666/862 487/662/862
f 494/666/863 495/667/863 487/662/863
f 487/662/864 495/667/864 488/663/864
f 495/667/865 496/668/865 488/663/865
f 488/663/866 496/668/866 115/279/866
f 496/668/867 114/280/867 115/279/867
f 492/140/868 499/139/868 493/665/868
f 499/139/869 500/669/869 493/665/869
f 493/665/870 500/669/870 494/666/870
f 500/669/871 501/670/871 494/666/871
f 494/666/872 501/670/872 495/667/872
f 501/670/873 502/671/873 495/667/873
f 495/667/874 502/671/874 496/668/874
f 502/671/875 503/672/875 496/668/875
f 496/668/876 503/672/876 114/280/876
f 503/672/877 113/281/877 114/280/877
f 510/594/878 730/673/878 29/566/878
f 21/138/879 22/512/879 499/139/879
f 505/674/880 499/139/880 22/512/880
f 499/139/881 505/674/881 500/669/881
f 505/674/882 506/675/882 500/669/882
f 500/669/883 506/675/883 501/670/883
f 506/675/884 507/676/884 501/670/884
f 501/670/885 507/676/885 502/671/885
f 507/676/886 508/677/886 502/671/886
f 502/671/887 508/677/887 503/672/887
f 508/677/888 509/678/888 503/672/888
f 503/672/889 509/678/889 113/281/889
f 509/678/890 112/282/890 113/281/890
f 664/599/891 489/563/891 76/587/891
f 739/679/892 827/450/892 633/447/892
f 505/674/893 511/680/893 506/675/893
f 511/680/894 512/681/894 506/675/894
f 506/675/895 512/681/895 507/676/895
f 512/681/896 513/682/896 507/676/896
f 507/676/897 513/682/897 508/677/897
f 513/682/898 514/683/898 508/677/898
f 508/677/899 514/683/899 509/678/899
f 514/683/900 515/684/900 509/678/900
f 509/678/901 515/684/901 112/282/901
f 515/684/902 111/283/902 112/282/902
f 428/113/903 517/55/903 59/41/903
f 411/415/904 36/399/904 147/11/904
f 511/680/905 518/511/905 512/681/905
f 518/511/906 519/685/906 512/681/906
f 512/681/907 519/685/907 513/682/907
f 519/685/908 520/686/908 513/682/908
f 513/682/909 520/686/909 514/683/909
f 520/686/910 521/687/910 514/683/910
f 514/683/911 521/687/911 515/684/911
f 521/687/912 522/688/912 515/684/912
f 515/684/913 522/688/913 111/283/913
f 522/688/914 110/284/914 111/283/914
f 527/689/915 518/511/915 20/510/915
f 518/511/916 527/689/916 519/685/916
f 527/689/917 528/690/917 519/685/917
f 519/685/918 528/690/918 520/686/918
f 528/690/919 529/691/919 520/686/919
f 520/686/920 529/691/920 521/687/920
f 521/687/921 529/691/921 522/688/921
f 529/691/922 530/692/922 522/688/922
f 522/688/923 530/692/923 110/284/923
f 530/692/924 109/285/924 110/284/924
f 75/153/925 527/689/925 20/510/925
f 75/153/926 74/693/926 527/689/926
f 527/689/927 74/693/927 528/690/927
f 74/693/928 73/694/928 528/690/928
f 528/690/929 73/694/929 529/691/929
f 73/694/930 72/695/930 529/691/930
f 529/691/931 72/695/931 530/692/931
f 72/695/932 71/696/932 530/692/932
f 530/692/933 71/696/933 109/285/933
f 71/696/934 4/4/934 109/285/934
f 83/697/935 108/5/935 4/4/935
f 82/698/936 531/699/936 83/697/936
f 81/700/937 532/701/937 82/702/937
f 80/703/938 536/704/938 81/700/938
f 79/705/939 540/706/939 80/703/939
f 811/707/940 807/708/940 79/705/940
f 83/697/941 531/699/941 108/5/941
f 531/709/942 107/392/942 108/710/942
f 82/702/943 532/701/943 531/709/943
f 532/701/944 533/711/944 531/709/944
f 531/709/945 533/711/945 107/392/945
f 533/711/946 106/393/946 107/392/946
f 532/701/947 534/712/947 533/711/947
f 534/712/948 535/713/948 533/711/948
f 533/711/949 535/713/949 106/393/949
f 535/713/950 105/394/950 106/393/950
f 81/700/951 536/704/951 532/701/951
f 536/704/952 537/714/952 532/701/952
f 532/701/953 537/714/953 534/712/953
f 537/714/954 538/715/954 534/712/954
f 534/712/955 538/715/955 535/713/955
f 538/715/956 539/716/956 535/713/956
f 535/713/957 539/716/957 105/394/957
f 539/716/958 104/395/958 105/394/958
f 80/703/959 540/706/959 536/704/959
f 540/706/960 541/717/960 536/704/960
f 536/704/961 541/717/961 537/714/961
f 541/717/962 542/718/962 537/714/962
f 537/714/963 542/718/963 538/715/963
f 542/718/964 543/719/964 538/715/964
f 538/715/965 543/719/965 539/716/965
f 543/719/966 544/720/966 539/716/966
f 539/716/967 544/720/967 104/395/967
f 544/720/968 103/396/968 104/395/968
f 807/708/969 808/721/969 540/706/969
f 102/397/970 103/396/970 809/722/970
f 654/507/971 707/627/971 656/508/971
f 568/530/972 626/532/972 625/626/972
f 710/135/973 656/496/973 655/136/973
f 526/589/974 779/723/974 775/724/974
f 817/505/975 546/504/975 810/725/975
f 69/539/976 550/726/976 70/503/976
f 68/553/977 554/727/977 69/539/977
f 67/544/978 557/728/978 68/553/978
f 66/543/979 560/16/979 67/544/979
f 65/729/980 562/548/980 66/543/980
f 810/725/981 96/466/981 97/406/981
f 546/504/982 547/730/982 810/725/982
f 810/725/983 547/730/983 96/466/983
f 547/730/984 95/467/984 96/466/984
f 70/503/985 548/731/985 546/504/985
f 546/504/986 548/731/986 547/730/986
f 548/731/987 549/732/987 547/730/987
f 547/730/988 549/732/988 95/467/988
f 549/732/989 94/468/989 95/467/989
f 550/726/990 551/733/990 70/503/990
f 70/503/991 551/733/991 548/731/991
f 551/733/992 552/734/992 548/731/992
f 548/731/993 552/734/993 549/732/993
f 552/734/994 553/735/994 549/732/994
f 549/732/995 553/735/995 94/468/995
f 69/539/996 554/727/996 550/726/996
f 554/727/997 555/736/997 550/726/997
f 550/726/998 555/736/998 551/733/998
f 555/736/999 556/737/999 551/733/999
f 551/733/1000 556/737/1000 552/734/1000
f 68/553/1001 557/728/1001 554/727/1001
f 557/728/1002 558/558/1002 554/727/1002
f 554/727/1003 558/558/1003 555/736/1003
f 558/558/1004 559/560/1004 555/736/1004
f 555/736/1005 559/560/1005 556/737/1005
f 67/544/1006 560/16/1006 557/728/1006
f 560/16/1007 561/18/1007 557/728/1007
f 557/728/1008 561/18/1008 558/558/1008
f 66/543/1009 562/548/1009 560/16/1009
f 646/517/1010 645/738/1010 821/515/1010
f 822/516/1011 643/112/1011 646/517/1011
f 800/739/1012 199/740/1012 801/741/1012
f 824/742/1013 821/515/1013 645/738/1013
f 518/511/1014 511/680/1014 505/674/1014
f 505/674/1015 22/512/1015 518/511/1015
f 587/493/652 592/743/652 606/744/652
f 607/745/1016 800/739/1016 796/746/1016
f 38/484/1017 52/29/1017 649/747/1017
f 22/512/652 21/138/652 20/510/652
f 75/153/1018 21/138/1018 567/154/1018
f 596/748/1019 601/749/1019 606/744/1019
f 583/664/652 587/493/652 39/492/652
f 490/522/652 583/664/652 681/634/652
f 461/491/667 587/493/667 606/744/667
f 592/743/667 596/748/667 606/744/667
f 510/594/1020 740/593/1020 730/673/1020
f 524/750/1021 607/745/1021 796/746/1021
f 523/751/1022 791/752/1022 786/753/1022
f 47/550/1023 649/747/1023 57/578/1023
f 649/747/1023 199/754/1023 57/578/1023
f 62/755/1024 77/756/1024 18/757/1024
f 18/757/1025 77/756/1025 17/758/1025
f 77/756/1026 559/759/1026 438/760/1026
f 559/759/1027 63/761/1027 61/577/1027
f 61/577/1028 63/761/1028 561/762/1028
f 16/763/1029 77/756/1029 438/760/1029
f 16/763/1017 17/758/1017 77/756/1017
f 517/764/1025 23/765/1025 559/759/1025
f 52/29/1030 51/28/1030 516/766/1030
f 61/577/1017 517/764/1017 559/759/1017
f 516/766/1031 51/28/1031 561/762/1031
f 438/760/1032 559/759/1032 23/765/1032
f 562/767/1033 52/29/1033 516/766/1033
f 58/474/1034 38/484/1034 649/747/1034
f 649/747/1017 52/29/1017 562/767/1017
f 60/475/1035 58/474/1035 47/550/1035
f 649/747/1036 47/550/1036 58/474/1036
f 802/768/1037 649/747/1037 65/769/1037
f 648/770/1038 802/768/1038 65/769/1038
f 647/771/1017 648/770/1017 65/769/1017
f 65/769/1017 643/772/1017 647/771/1017
f 645/773/1039 646/774/1039 642/775/1039
f 65/769/1040 642/775/1040 643/772/1040
f 562/767/1041 65/769/1041 649/747/1041
f 61/577/1025 561/762/1025 51/28/1025
f 783/776/1042 833/777/1042 828/778/1042
f 816/779/1043 637/551/1043 652/780/1043
f 638/781/1044 639/782/1044 815/442/1044
f 652/780/1045 638/781/1045 816/779/1045
f 636/533/1046 813/783/1046 635/441/1046
f 544/720/1047 809/722/1047 103/396/1047
f 457/147/1048 458/149/1048 545/481/1048
f 541/717/1049 808/721/1049 542/718/1049
f 639/782/1050 31/784/1050 803/440/1050
f 828/778/1051 833/777/1051 641/785/1051
f 833/777/1052 14/786/1052 826/547/1052
f 825/556/1053 822/516/1053 824/742/1053
f 824/742/1054 822/516/1054 821/515/1054
f 826/547/1055 641/785/1055 833/777/1055
f 640/554/1056 823/545/1056 831/787/1056
f 823/545/1056 820/555/1056 831/787/1056
f 817/505/1057 810/725/1057 806/405/1057
f 810/725/1058 97/406/1058 806/405/1058
f 641/785/1059 640/554/1059 774/788/1059
f 806/405/642 804/404/642 817/505/642
f 100/401/1060 805/400/1060 542/718/1060
f 807/708/641 811/707/641 830/32/641
f 21/138/1061 492/140/1061 491/523/1061
f 98/403/1062 99/402/1062 818/34/1062
f 804/404/1063 98/403/1063 818/34/1063
f 99/402/1064 100/401/1064 808/721/1064
f 805/400/1065 102/397/1065 542/718/1065
f 102/397/1066 543/719/1066 542/718/1066
f 102/397/1067 809/722/1067 544/720/1067
f 544/720/1068 543/719/1068 102/397/1068
f 808/721/1069 807/708/1069 99/402/1069
f 808/721/1070 100/401/1070 542/718/1070
f 811/707/641 812/446/641 829/448/641
f 86/637/1071 570/789/1071 85/640/1071
f 87/636/1072 572/790/1072 86/637/1072
f 88/525/1073 575/791/1073 87/635/1073
f 633/447/1074 635/441/1074 803/440/1074
f 635/441/1075 813/783/1075 637/551/1075
f 807/708/1056 830/32/1056 818/34/1056
f 472/632/1076 569/792/1076 84/642/1076
f 569/792/1077 92/644/1077 84/642/1077
f 472/632/1078 85/640/1078 569/792/1078
f 569/792/1079 91/646/1079 92/644/1079
f 85/640/1080 570/789/1080 569/792/1080
f 570/789/1081 571/793/1081 569/792/1081
f 569/792/1082 571/793/1082 91/646/1082
f 571/793/1083 90/649/1083 91/646/1083
f 86/637/1084 572/790/1084 570/789/1084
f 572/790/1085 573/794/1085 570/789/1085
f 570/789/1086 573/794/1086 571/793/1086
f 573/794/1087 574/652/1087 571/793/1087
f 571/793/1088 574/652/1088 90/649/1088
f 87/636/1089 575/795/1089 572/790/1089
f 575/795/1090 576/796/1090 572/790/1090
f 572/790/1091 576/796/1091 573/794/1091
f 576/796/1092 577/797/1092 573/794/1092
f 573/794/1093 577/797/1093 574/652/1093
f 577/797/1094 578/798/1094 574/652/1094
f 578/798/1095 579/655/1095 574/652/1095
f 578/798/1096 582/799/1096 579/655/1096
f 131/465/1097 146/472/1097 88/525/1097
f 88/800/1098 580/801/1098 575/795/1098
f 580/801/1099 581/802/1099 575/795/1099
f 575/795/1100 581/802/1100 576/796/1100
f 576/796/1101 581/802/1101 577/797/1101
f 581/802/1102 582/799/1102 577/797/1102
f 577/797/1103 582/799/1103 578/798/1103
f 582/799/1104 583/664/1104 579/655/1104
f 579/655/1105 583/664/1105 89/656/1105
f 146/472/1106 584/803/1106 580/524/1106
f 580/801/1107 584/804/1107 581/802/1107
f 584/804/1108 585/805/1108 581/802/1108
f 585/805/1109 586/806/1109 581/802/1109
f 581/802/1110 586/806/1110 582/799/1110
f 582/799/1111 586/806/1111 583/664/1111
f 586/806/1112 587/493/1112 583/664/1112
f 588/529/1113 146/472/1113 142/610/1113
f 146/472/1114 588/529/1114 584/803/1114
f 588/529/1115 589/807/1115 584/803/1115
f 584/804/1116 589/808/1116 585/805/1116
f 589/808/1117 590/809/1117 585/805/1117
f 585/805/1118 590/809/1118 586/806/1118
f 590/809/1119 591/810/1119 586/806/1119
f 591/810/1120 592/743/1120 586/806/1120
f 586/806/1121 592/743/1121 587/493/1121
f 814/811/1122 815/442/1122 635/441/1122
f 739/679/1123 748/812/1123 827/450/1123
f 142/610/1124 194/526/1124 588/529/1124
f 588/529/1125 593/528/1125 589/807/1125
f 593/528/1126 594/813/1126 589/807/1126
f 589/808/1127 594/814/1127 590/809/1127
f 594/814/1128 595/815/1128 590/809/1128
f 590/809/1129 595/815/1129 591/810/1129
f 595/815/1130 596/748/1130 591/810/1130
f 591/810/1131 596/748/1131 592/743/1131
f 829/448/1056 830/32/1056 811/707/1056
f 635/441/1132 637/551/1132 816/779/1132
f 803/440/1133 739/679/1133 633/447/1133
f 143/614/1134 598/527/1134 194/526/1134
f 598/527/1135 599/816/1135 593/528/1135
f 593/528/1136 599/816/1136 594/813/1136
f 599/816/1137 600/817/1137 594/813/1137
f 594/813/1138 600/817/1138 595/818/1138
f 600/819/1139 601/749/1139 595/815/1139
f 595/815/1140 601/749/1140 596/748/1140
f 99/402/1141 807/708/1141 818/34/1141
f 830/32/1142 831/787/1142 820/555/1142
f 144/612/1143 598/527/1143 143/614/1143
f 144/612/1144 603/820/1144 598/527/1144
f 598/527/1145 603/820/1145 599/816/1145
f 603/820/1146 604/821/1146 599/816/1146
f 599/816/1147 604/821/1147 600/817/1147
f 604/821/1148 605/822/1148 600/817/1148
f 600/823/1149 605/824/1149 601/825/1149
f 605/822/1150 606/826/1150 601/827/1150
f 774/788/1151 832/828/1151 641/785/1151
f 826/547/1056 825/556/1056 824/742/1056
f 145/613/1152 608/829/1152 144/612/1152
f 144/612/1153 608/829/1153 603/820/1153
f 608/830/1154 609/831/1154 603/832/1154
f 603/832/1155 609/831/1155 604/833/1155
f 609/831/1156 610/834/1156 604/833/1156
f 604/833/1157 610/834/1157 605/824/1157
f 610/834/1158 611/518/1158 605/824/1158
f 605/824/1159 611/518/1159 606/521/1159
f 831/787/1059 774/788/1059 640/554/1059
f 641/785/1056 826/547/1056 824/742/1056
f 828/778/1160 641/785/1160 832/828/1160
f 44/835/1161 43/836/1161 145/837/1161
f 145/837/1162 43/836/1162 608/830/1162
f 43/836/1163 42/838/1163 608/830/1163
f 608/830/1164 42/838/1164 609/831/1164
f 42/838/1165 41/839/1165 609/831/1165
f 609/831/1166 41/839/1166 610/834/1166
f 41/839/1167 40/840/1167 610/834/1167
f 610/834/1168 40/840/1168 611/518/1168
f 40/840/1169 39/519/1169 611/518/1169
f 71/696/1170 83/697/1170 4/4/1170
f 72/695/1171 612/841/1171 71/696/1171
f 73/694/1172 614/842/1172 72/695/1172
f 74/693/1173 616/843/1173 73/694/1173
f 75/153/1174 620/155/1174 74/693/1174
f 71/696/1175 612/841/1175 83/697/1175
f 612/841/1176 82/698/1176 83/697/1176
f 612/841/1177 613/844/1177 82/698/1177
f 72/695/1178 614/842/1178 612/841/1178
f 614/842/1179 613/844/1179 612/841/1179
f 613/844/1180 615/845/1180 82/698/1180
f 615/846/1181 81/700/1181 82/702/1181
f 73/694/1182 616/843/1182 614/842/1182
f 616/843/1183 617/847/1183 614/842/1183
f 614/842/1184 617/847/1184 613/844/1184
f 617/847/1185 618/848/1185 613/844/1185
f 613/844/1186 618/848/1186 615/845/1186
f 618/848/1187 619/849/1187 615/845/1187
f 615/846/1188 619/850/1188 81/700/1188
f 619/850/1189 80/703/1189 81/700/1189
f 74/693/1190 620/155/1190 616/843/1190
f 620/155/1191 621/851/1191 616/843/1191
f 616/843/1192 621/851/1192 617/847/1192
f 621/851/1193 622/852/1193 617/847/1193
f 617/847/1194 622/852/1194 618/848/1194
f 622/852/1195 623/853/1195 618/848/1195
f 618/848/1196 623/853/1196 619/849/1196
f 623/854/1197 624/855/1197 619/850/1197
f 619/850/1198 624/855/1198 80/703/1198
f 624/855/1199 79/705/1199 80/703/1199
f 625/626/1200 620/155/1200 567/154/1200
f 620/155/1201 625/626/1201 621/851/1201
f 625/626/1202 626/532/1202 621/851/1202
f 621/851/1203 626/532/1203 622/852/1203
f 626/532/1204 627/531/1204 622/852/1204
f 622/852/1205 627/531/1205 623/853/1205
f 627/531/1206 628/856/1206 623/853/1206
f 623/853/1207 628/856/1207 624/857/1207
f 628/858/1208 629/859/1208 624/855/1208
f 624/855/1209 629/859/1209 79/705/1209
f 628/858/1210 630/860/1210 629/859/1210
f 568/530/1211 650/456/1211 627/531/1211
f 627/531/1212 631/538/1212 628/856/1212
f 631/538/1213 632/861/1213 628/856/1213
f 628/858/1214 632/862/1214 630/860/1214
f 632/862/1215 633/447/1215 630/860/1215
f 651/536/1216 631/538/1216 650/456/1216
f 631/538/1217 634/537/1217 632/861/1217
f 634/534/1218 635/441/1218 632/862/1218
f 632/862/1219 635/441/1219 633/447/1219
f 636/533/1220 651/535/1220 563/863/1220
f 634/534/1221 636/533/1221 635/441/1221
f 563/863/1222 564/552/1222 636/533/1222
f 564/552/1223 652/780/1223 637/551/1223
f 565/864/1224 638/781/1224 652/780/1224
f 566/865/1225 638/781/1225 565/864/1225
f 566/865/1226 639/782/1226 638/781/1226
f 566/541/1227 32/540/1227 639/866/1227
f 32/867/1228 31/784/1228 639/782/1228
f 817/505/1229 818/34/1229 70/503/1229
f 818/34/1230 819/33/1230 69/539/1230
f 819/33/1231 820/555/1231 68/553/1231
f 820/555/1232 823/545/1232 67/544/1232
f 640/554/1233 65/729/1233 66/543/1233
f 640/554/1234 641/785/1234 65/729/1234
f 642/868/1235 641/785/1235 824/742/1235
f 826/547/1236 644/110/1236 825/556/1236
f 13/546/1237 12/869/1237 644/110/1237
f 799/870/1238 802/871/1238 648/872/1238
f 62/873/1239 94/468/1239 553/735/1239
f 804/404/641 818/34/641 817/505/641
f 801/741/1240 649/874/1240 802/871/1240
f 63/559/1241 558/558/1241 561/18/1241
f 77/875/1242 552/734/1242 556/737/1242
f 56/118/1243 239/120/1243 238/122/1243
f 147/11/1244 517/55/1244 9/30/1244
f 53/115/1245 231/117/1245 48/609/1245
f 433/114/1246 23/557/1246 517/55/1246
f 451/463/1247 62/873/1247 18/876/1247
f 451/463/1248 18/876/1248 448/453/1248
f 448/453/1249 18/876/1249 17/877/1249
f 17/877/1250 443/445/1250 448/453/1250
f 443/445/1251 17/877/1251 16/878/1251
f 94/468/1252 62/873/1252 451/463/1252
f 37/40/1253 45/109/1253 59/41/1253
f 12/869/1254 648/872/1254 647/111/1254
f 648/872/1255 12/869/1255 799/870/1255
f 525/597/1256 778/590/1256 758/879/1256
f 32/540/1257 15/542/1257 719/880/1257
f 24/478/1258 654/477/1258 3/514/1258
f 3/514/1259 705/513/1259 24/478/1259
f 719/880/1260 660/881/1260 718/882/1260
f 718/882/1261 659/883/1261 717/501/1261
f 39/492/667 681/634/667 583/664/667
f 457/147/1262 545/481/1262 455/27/1262
f 455/27/1263 545/481/1263 61/577/1263
f 645/738/1264 642/868/1264 824/742/1264
f 653/459/652 3/506/652 658/460/652
f 201/44/1265 30/42/1265 196/53/1265
f 203/48/1266 46/49/1266 11/50/1266
f 30/42/112 19/35/112 545/52/112
f 202/45/1267 11/50/1267 186/47/1267
f 420/423/1268 45/109/1268 417/420/1268
f 37/40/1269 414/398/1269 417/420/1269
f 36/399/1270 411/415/1270 414/398/1270
f 552/734/1271 77/875/1271 553/735/1271
f 19/35/1272 197/36/1272 195/2/1272
f 556/737/1273 559/560/1273 77/875/1273
f 10/1/1274 190/3/1274 192/25/1274
f 764/449/641 829/448/641 633/447/641
f 661/562/1275 444/884/1275 439/583/1275
f 641/785/1276 642/868/1276 65/729/1276
f 489/563/1277 661/562/1277 439/583/1277
f 553/735/1278 77/875/1278 62/873/1278
f 59/41/1279 517/55/1279 147/11/1279
f 75/153/652 20/510/652 21/138/652
f 9/30/1280 192/25/1280 189/12/1280
f 662/561/1281 663/885/1281 661/562/1281
f 661/562/1282 663/885/1282 444/884/1282
f 664/599/1283 665/886/1283 662/561/1283
f 662/887/1284 665/888/1284 663/604/1284
f 665/888/1285 1/464/1285 663/604/1285
f 35/591/1286 34/889/1286 76/587/1286
f 76/587/1287 34/889/1287 664/599/1287
f 34/890/1288 665/888/1288 664/891/1288
f 665/888/1289 33/892/1289 1/464/1289
f 784/588/1290 597/565/1290 780/893/1290
f 1/464/750 452/615/750 131/465/750
f 35/591/1291 676/894/1291 34/889/1291
f 1/464/1292 33/892/1292 452/615/1292
f 33/892/1293 453/470/1293 452/615/1293
f 453/895/1294 666/896/1294 454/897/1294
f 666/896/1295 667/898/1295 454/897/1295
f 454/897/1296 667/898/1296 44/835/1296
f 667/898/1297 43/836/1297 44/835/1297
f 33/892/1298 668/899/1298 453/470/1298
f 668/900/1299 666/896/1299 453/895/1299
f 666/896/1300 669/901/1300 667/898/1300
f 669/901/1301 43/836/1301 667/898/1301
f 669/901/1302 670/902/1302 43/836/1302
f 670/902/1303 42/838/1303 43/836/1303
f 665/888/1304 34/890/1304 33/892/1304
f 34/890/1305 668/899/1305 33/892/1305
f 670/902/1306 671/903/1306 42/838/1306
f 671/903/1307 41/839/1307 42/838/1307
f 668/900/1308 672/904/1308 666/896/1308
f 672/904/1309 669/901/1309 666/896/1309
f 669/901/1310 673/905/1310 670/902/1310
f 673/905/1311 671/903/1311 670/902/1311
f 671/903/1312 674/906/1312 41/839/1312
f 674/906/1313 675/907/1313 41/839/1313
f 41/839/1314 675/907/1314 40/840/1314
f 34/889/1315 676/894/1315 668/900/1315
f 676/894/1316 672/904/1316 668/900/1316
f 672/904/1317 677/908/1317 669/901/1317
f 677/908/1318 673/905/1318 669/901/1318
f 675/907/1319 678/909/1319 40/840/1319
f 678/909/1320 39/519/1320 40/840/1320
f 35/591/1321 679/910/1321 676/894/1321
f 676/894/1322 679/910/1322 672/904/1322
f 679/910/1323 677/908/1323 672/904/1323
f 673/905/1324 680/911/1324 671/903/1324
f 680/911/1325 674/906/1325 671/903/1325
f 678/909/1326 681/912/1326 39/519/1326
f 597/913/1327 785/914/1327 780/915/1327
f 35/591/1328 497/596/1328 679/910/1328
f 497/596/1329 682/916/1329 679/910/1329
f 682/916/1330 683/917/1330 679/910/1330
f 679/910/1331 683/917/1331 677/908/1331
f 683/917/1332 684/918/1332 677/908/1332
f 677/908/1333 684/918/1333 673/905/1333
f 684/918/1334 680/911/1334 673/905/1334
f 680/911/1335 685/919/1335 674/906/1335
f 685/919/1336 686/920/1336 674/906/1336
f 674/906/1337 686/920/1337 675/907/1337
f 686/920/1338 687/921/1338 675/907/1338
f 675/907/1339 687/921/1339 678/909/1339
f 687/921/1340 681/912/1340 678/909/1340
f 497/596/1341 688/618/1341 682/916/1341
f 688/618/1342 689/922/1342 682/916/1342
f 682/916/1343 689/922/1343 683/917/1343
f 689/922/1344 690/923/1344 683/917/1344
f 683/917/1345 690/923/1345 684/918/1345
f 690/923/1346 691/924/1346 684/918/1346
f 684/918/1347 691/924/1347 680/911/1347
f 691/924/1348 685/919/1348 680/911/1348
f 687/921/1349 692/499/1349 681/912/1349
f 693/568/1350 694/925/1350 688/618/1350
f 688/618/1351 694/925/1351 689/922/1351
f 694/925/1352 695/926/1352 689/922/1352
f 689/922/1353 695/926/1353 690/923/1353
f 695/926/1354 696/927/1354 690/923/1354
f 690/923/1355 696/927/1355 691/924/1355
f 696/927/1356 697/928/1356 691/924/1356
f 691/924/1357 697/928/1357 685/919/1357
f 697/928/1358 698/929/1358 685/919/1358
f 685/919/1359 698/929/1359 686/920/1359
f 698/929/1360 699/497/1360 686/920/1360
f 686/920/1361 699/497/1361 687/921/1361
f 699/497/1362 692/499/1362 687/921/1362
f 700/930/1363 693/568/1363 498/567/1363
f 693/568/1364 700/930/1364 694/925/1364
f 700/930/1365 701/931/1365 694/925/1365
f 694/925/1366 701/931/1366 695/926/1366
f 701/931/1367 702/932/1367 695/926/1367
f 695/926/1368 702/932/1368 696/927/1368
f 702/932/1369 703/933/1369 696/927/1369
f 696/927/1370 703/933/1370 697/928/1370
f 703/933/1371 704/934/1371 697/928/1371
f 697/928/1372 704/934/1372 698/929/1372
f 704/934/1373 705/513/1373 698/929/1373
f 698/929/1374 705/513/1374 699/497/1374
f 29/566/1375 700/930/1375 498/567/1375
f 29/566/1376 28/935/1376 700/930/1376
f 700/930/1377 28/935/1377 701/931/1377
f 28/935/1378 27/936/1378 701/931/1378
f 701/931/1379 27/936/1379 702/932/1379
f 27/936/1380 26/937/1380 702/932/1380
f 702/932/1381 26/937/1381 703/933/1381
f 26/937/1382 25/938/1382 703/933/1382
f 703/933/1383 25/938/1383 704/934/1383
f 25/938/1384 24/478/1384 704/934/1384
f 704/934/1385 24/478/1385 705/513/1385
f 523/751/1386 786/753/1386 785/914/1386
f 25/938/1387 706/476/1387 24/478/1387
f 26/937/1388 708/939/1388 25/938/1388
f 27/936/1389 711/940/1389 26/937/1389
f 28/935/1390 720/941/1390 27/936/1390
f 29/566/1391 730/673/1391 28/935/1391
f 25/938/1392 708/939/1392 706/476/1392
f 708/939/1393 709/942/1393 706/476/1393
f 706/476/1394 709/942/1394 707/137/1394
f 709/942/1395 710/135/1395 707/137/1395
f 26/937/1396 711/940/1396 708/939/1396
f 711/940/1397 712/943/1397 708/939/1397
f 708/939/1398 712/943/1398 709/942/1398
f 712/943/1399 713/944/1399 709/942/1399
f 709/942/1400 713/944/1400 710/135/1400
f 713/944/1401 714/945/1401 710/135/1401
f 710/135/1402 714/945/1402 656/496/1402
f 714/945/1403 715/494/1403 656/496/1403
f 657/495/1404 716/500/1404 658/502/1404
f 658/502/1405 717/501/1405 659/883/1405
f 659/883/1406 718/882/1406 660/881/1406
f 660/881/1407 719/880/1407 15/542/1407
f 27/936/1408 720/941/1408 711/940/1408
f 720/941/1409 721/946/1409 711/940/1409
f 711/940/1410 721/946/1410 712/943/1410
f 721/946/1411 722/947/1411 712/943/1411
f 712/943/1412 722/947/1412 713/944/1412
f 722/947/1413 723/948/1413 713/944/1413
f 713/944/1414 723/948/1414 714/945/1414
f 723/948/1415 724/949/1415 714/945/1415
f 714/945/1416 724/949/1416 715/494/1416
f 724/949/1417 725/950/1417 715/494/1417
f 715/494/1418 725/950/1418 716/500/1418
f 725/950/1419 726/951/1419 716/500/1419
f 716/500/1420 726/951/1420 717/501/1420
f 726/951/1421 727/952/1421 717/501/1421
f 717/501/1422 727/952/1422 718/882/1422
f 727/952/1423 728/953/1423 718/882/1423
f 718/882/1424 728/953/1424 719/880/1424
f 728/953/1425 729/954/1425 719/880/1425
f 719/880/1426 729/954/1426 32/540/1426
f 729/954/1427 31/955/1427 32/540/1427
f 28/935/1428 730/673/1428 720/941/1428
f 730/673/1429 731/956/1429 720/941/1429
f 720/941/1430 731/956/1430 721/946/1430
f 731/956/1431 732/957/1431 721/946/1431
f 721/946/1432 732/957/1432 722/947/1432
f 732/957/1433 733/958/1433 722/947/1433
f 722/947/1434 733/958/1434 723/948/1434
f 733/958/1435 734/959/1435 723/948/1435
f 723/948/1436 734/959/1436 724/949/1436
f 734/959/1437 735/960/1437 724/949/1437
f 724/949/1438 735/960/1438 725/950/1438
f 735/960/1439 736/961/1439 725/950/1439
f 725/950/1440 736/961/1440 726/951/1440
f 736/961/1441 737/962/1441 726/951/1441
f 726/951/1442 737/962/1442 727/952/1442
f 737/962/1443 738/963/1443 727/952/1443
f 727/952/1444 738/963/1444 728/953/1444
f 728/953/1445 738/963/1445 729/954/1445
f 738/963/1446 739/964/1446 729/954/1446
f 729/965/1447 739/679/1447 31/784/1447
f 730/673/1448 740/593/1448 731/956/1448
f 740/593/1449 741/966/1449 731/956/1449
f 731/956/1450 741/966/1450 732/957/1450
f 741/966/1451 742/967/1451 732/957/1451
f 732/957/1452 742/967/1452 733/958/1452
f 742/967/1453 743/968/1453 733/958/1453
f 733/958/1454 743/968/1454 734/959/1454
f 743/968/1455 744/969/1455 734/959/1455
f 734/959/1456 744/969/1456 735/960/1456
f 744/969/1457 745/970/1457 735/960/1457
f 735/960/1458 745/970/1458 736/961/1458
f 745/970/1459 746/971/1459 736/961/1459
f 736/961/1460 746/971/1460 737/962/1460
f 746/971/1461 747/972/1461 737/962/1461
f 737/962/1462 747/972/1462 738/963/1462
f 747/973/1463 748/812/1463 738/974/1463
f 738/974/1464 748/812/1464 739/679/1464
f 740/593/1465 749/592/1465 741/966/1465
f 749/592/1466 750/975/1466 741/966/1466
f 741/966/1467 750/975/1467 742/967/1467
f 750/975/1468 751/976/1468 742/967/1468
f 742/967/1469 751/976/1469 743/968/1469
f 751/976/1470 752/977/1470 743/968/1470
f 743/968/1471 752/977/1471 744/969/1471
f 752/977/1472 753/978/1472 744/969/1472
f 744/969/1473 753/978/1473 745/970/1473
f 753/978/1474 754/979/1474 745/970/1474
f 745/970/1475 754/979/1475 746/971/1475
f 754/979/1476 755/980/1476 746/971/1476
f 746/971/1477 755/980/1477 747/972/1477
f 755/981/1478 756/982/1478 747/973/1478
f 747/973/1479 756/982/1479 748/812/1479
f 749/592/1480 757/598/1480 750/975/1480
f 757/598/1481 758/879/1481 750/975/1481
f 750/975/1482 758/879/1482 751/976/1482
f 758/879/1483 759/983/1483 751/976/1483
f 751/976/1484 759/983/1484 752/977/1484
f 759/983/1485 760/984/1485 752/977/1485
f 752/977/1486 760/984/1486 753/978/1486
f 760/984/1487 761/985/1487 753/978/1487
f 753/978/1488 761/985/1488 754/979/1488
f 761/985/1489 762/986/1489 754/979/1489
f 754/979/1490 762/986/1490 755/980/1490
f 762/987/1491 763/988/1491 755/981/1491
f 755/981/1492 763/988/1492 756/982/1492
f 763/988/1493 764/449/1493 756/982/1493
f 758/879/1494 757/598/1494 525/597/1494
f 760/984/1495 8/989/1495 761/985/1495
f 8/989/1496 7/990/1496 761/985/1496
f 761/985/1497 7/990/1497 762/986/1497
f 7/991/1498 6/992/1498 762/987/1498
f 762/987/1499 6/992/1499 763/988/1499
f 6/992/1500 829/448/1500 763/988/1500
f 763/988/1501 829/448/1501 764/449/1501
f 816/779/1502 814/811/1502 635/441/1502
f 6/992/1503 765/993/1503 829/448/1503
f 7/991/1504 767/994/1504 6/992/1504
f 759/983/1505 775/724/1505 760/984/1505
f 758/879/1506 778/590/1506 759/983/1506
f 6/992/1507 766/995/1507 765/993/1507
f 765/993/1508 830/32/1508 829/448/1508
f 6/992/1509 767/994/1509 766/995/1509
f 766/995/1510 768/996/1510 765/993/1510
f 765/993/1511 768/996/1511 830/32/1511
f 768/996/1512 769/997/1512 830/32/1512
f 706/476/1513 707/137/1513 654/477/1513
f 767/994/1514 770/998/1514 766/995/1514
f 766/995/1515 770/998/1515 768/996/1515
f 770/998/1516 769/997/1516 768/996/1516
f 8/989/1517 771/999/1517 7/990/1517
f 7/991/1518 771/1000/1518 767/994/1518
f 771/1000/1519 772/1001/1519 767/994/1519
f 767/994/1520 772/1001/1520 770/998/1520
f 769/997/1521 773/1002/1521 831/787/1521
f 773/1002/1522 774/788/1522 831/787/1522
f 760/984/1523 775/724/1523 8/989/1523
f 772/1001/1524 776/1003/1524 770/998/1524
f 770/998/1525 776/1003/1525 769/997/1525
f 776/1003/1526 773/1002/1526 769/997/1526
f 773/1002/1527 777/1004/1527 774/788/1527
f 777/1004/1528 832/828/1528 774/788/1528
f 759/983/1529 778/590/1529 775/724/1529
f 775/724/1530 779/723/1530 8/989/1530
f 8/989/1531 779/723/1531 771/999/1531
f 779/723/1532 780/893/1532 771/999/1532
f 771/1000/1533 780/915/1533 772/1001/1533
f 780/915/1534 781/1005/1534 772/1001/1534
f 772/1001/1535 781/1005/1535 776/1003/1535
f 776/1003/1536 777/1004/1536 773/1002/1536
f 777/1004/1537 782/1006/1537 832/828/1537
f 782/1006/1538 783/776/1538 832/828/1538
f 778/590/1539 526/589/1539 775/724/1539
f 784/588/1540 779/723/1540 526/589/1540
f 779/723/1541 784/588/1541 780/893/1541
f 780/915/1542 785/914/1542 781/1005/1542
f 781/1005/1543 785/914/1543 776/1003/1543
f 785/914/1544 786/753/1544 776/1003/1544
f 776/1003/1545 786/753/1545 777/1004/1545
f 786/753/1546 787/1007/1546 777/1004/1546
f 777/1004/1547 787/1007/1547 782/1006/1547
f 787/1007/1548 788/1008/1548 782/1006/1548
f 782/1006/1549 788/1008/1549 783/776/1549
f 788/1008/1550 789/1009/1550 783/776/1550
f 783/776/1551 789/1009/1551 833/777/1551
f 789/1009/1552 790/1010/1552 833/777/1552
f 833/777/1553 790/1010/1553 14/786/1553
f 790/1010/1554 13/546/1554 14/786/1554
f 597/913/1555 523/751/1555 785/914/1555
f 786/753/1556 791/752/1556 787/1007/1556
f 791/752/1557 792/1011/1557 787/1007/1557
f 787/1007/1558 792/1011/1558 788/1008/1558
f 792/1011/1559 793/1012/1559 788/1008/1559
f 788/1008/1560 793/1012/1560 789/1009/1560
f 793/1012/1561 794/1013/1561 789/1009/1561
f 789/1009/1562 794/1013/1562 790/1010/1562
f 794/1013/1563 795/1014/1563 790/1010/1563
f 790/1010/1564 795/1014/1564 13/546/1564
f 795/1014/1565 12/869/1565 13/546/1565
f 523/751/1566 602/1015/1566 791/752/1566
f 524/750/1567 791/752/1567 602/1015/1567
f 791/752/1568 524/750/1568 792/1011/1568
f 524/750/1569 796/746/1569 792/1011/1569
f 792/1011/1570 796/746/1570 793/1012/1570
f 796/746/1571 797/1016/1571 793/1012/1571
f 793/1012/1572 797/1016/1572 794/1013/1572
f 797/1016/1573 798/1017/1573 794/1013/1573
f 794/1013/1574 798/1017/1574 795/1014/1574
f 798/1017/1575 799/870/1575 795/1014/1575
f 795/1014/1576 799/870/1576 12/869/1576
f 796/746/1577 800/739/1577 797/1016/1577
f 800/739/1578 801/741/1578 797/1016/1578
f 797/1016/1579 801/741/1579 798/1017/1579
f 801/741/1580 802/871/1580 798/1017/1580
f 798/1017/1581 802/871/1581 799/870/1581
f 199/740/1582 800/739/1582 607/745/1582
f 55/549/1583 47/550/1583 57/578/1583
f 199/740/1584 649/874/1584 801/741/1584
f 642/775/1585 646/774/1585 643/772/1585
f 769/997/1586 831/787/1586 830/32/1586
f 783/776/1587 828/778/1587 832/828/1587
f 644/110/1588 12/869/1588 647/111/1588
f 756/982/1589 764/449/1589 827/450/1589
f 756/982/1590 827/450/1590 748/812/1590
f 13/546/1591 826/547/1591 14/786/1591
f 639/782/1592 803/440/1592 815/442/1592
f 638/781/1593 815/442/1593 814/811/1593
f 638/781/1594 814/811/1594 816/779/1594
f 636/533/1595 637/551/1595 813/783/1595
f 630/860/1596 812/446/1596 629/859/1596
f 630/860/1597 633/447/1597 812/446/1597
f 629/859/1598 812/446/1598 811/707/1598
f 540/706/1599 808/721/1599 541/717/1599
f 79/705/1600 807/708/1600 540/706/1600
f 407/388/1601 806/405/1601 141/389/1601
f 406/387/1602 804/404/1602 407/388/1602
f 403/384/1603 100/401/1603 404/385/1603
f 417/420/1604 45/109/1604 37/40/1604
f 402/383/1605 805/400/1605 403/384/1605
f 805/400/1606 402/383/1606 102/397/1606
f 420/423/1607 101/108/1607 45/109/1607
f 804/404/1608 406/387/1608 98/403/1608
f 629/859/1609 811/707/1609 79/705/1609
f 11/50/1610 202/45/1610 203/48/1610
f 739/679/1611 803/440/1611 31/784/1611
f 819/33/1056 830/32/1056 820/555/1056
f 835/1018/1612 1508/1019/1612 863/1020/1612
f 1422/1021/1613 843/1022/1613 1421/1023/1613
f 835/1018/1614 863/1020/1614 888/1024/1614
f 835/1018/1615 888/1024/1615 1353/1025/1615
f 836/1026/1616 922/1027/1616 968/1028/1616
f 876/1029/1617 1021/1030/1617 1423/1031/1617
f 953/1032/1618 974/1033/1618 837/1034/1618
f 952/1035/1619 980/1036/1619 953/1032/1619
f 951/1037/1620 981/1038/1620 952/1035/1620
f 950/1039/1621 983/1040/1621 951/1037/1621
f 949/1041/1622 986/1042/1622 950/1039/1622
f 948/1043/1623 990/1044/1623 949/1041/1623
f 947/1045/1624 997/1046/1624 948/1043/1624
f 946/1047/1625 1003/1048/1625 947/1045/1625
f 945/1049/1626 1008/1050/1626 946/1047/1626
f 953/1032/1627 980/1036/1627 974/1033/1627
f 980/1036/1628 975/1051/1628 974/1033/1628
f 952/1035/1629 981/1038/1629 980/1036/1629
f 981/1038/1630 982/1052/1630 980/1036/1630
f 980/1036/1631 982/1052/1631 975/1051/1631
f 982/1052/1632 976/1053/1632 975/1051/1632
f 951/1037/1633 983/1040/1633 981/1038/1633
f 983/1040/1634 984/1054/1634 981/1038/1634
f 981/1038/1635 984/1054/1635 982/1052/1635
f 984/1054/1636 985/1055/1636 982/1052/1636
f 982/1052/1637 985/1055/1637 976/1053/1637
f 950/1039/1638 986/1042/1638 983/1040/1638
f 986/1042/1639 987/1056/1639 983/1040/1639
f 983/1040/1640 987/1056/1640 984/1054/1640
f 987/1056/1641 988/1057/1641 984/1054/1641
f 984/1054/1642 988/1057/1642 985/1055/1642
f 988/1057/1643 989/1058/1643 985/1055/1643
f 985/1055/1644 989/1058/1644 976/1053/1644
f 989/1058/1645 977/1059/1645 976/1053/1645
f 949/1041/1646 990/1044/1646 986/1042/1646
f 990/1044/1647 991/1060/1647 986/1042/1647
f 986/1042/1648 991/1060/1648 987/1056/1648
f 991/1060/1649 992/1061/1649 987/1056/1649
f 987/1056/1650 992/1061/1650 988/1057/1650
f 992/1061/1651 993/1062/1651 988/1057/1651
f 988/1057/1652 993/1062/1652 989/1058/1652
f 990/1044/1653 994/1063/1653 991/1060/1653
f 994/1063/1654 995/1064/1654 991/1060/1654
f 991/1060/1655 995/1064/1655 992/1061/1655
f 993/1062/1656 996/1065/1656 989/1058/1656
f 989/1058/1657 996/1065/1657 977/1059/1657
f 996/1065/1658 978/1066/1658 977/1059/1658
f 948/1043/1659 997/1046/1659 990/1044/1659
f 997/1046/1660 998/1067/1660 990/1044/1660
f 990/1044/1661 998/1067/1661 994/1063/1661
f 995/1064/1662 999/1068/1662 992/1061/1662
f 992/1061/1663 999/1068/1663 993/1062/1663
f 999/1068/1664 1000/1069/1664 993/1062/1664
f 993/1062/1665 1000/1069/1665 996/1065/1665
f 998/1067/1666 1001/1070/1666 994/1063/1666
f 994/1063/1667 1001/1070/1667 995/1064/1667
f 1001/1070/1668 1002/1071/1668 995/1064/1668
f 995/1064/1669 1002/1071/1669 999/1068/1669
f 947/1045/1670 1003/1048/1670 997/1046/1670
f 1003/1048/1671 1004/1072/1671 997/1046/1671
f 997/1046/1672 1004/1072/1672 998/1067/1672
f 998/1067/1673 1004/1072/1673 1001/1070/1673
f 1004/1072/1674 1005/1073/1674 1001/1070/1674
f 1001/1070/1675 1005/1073/1675 1002/1071/1675
f 1005/1073/1676 1006/1074/1676 1002/1071/1676
f 1002/1071/1677 1006/1074/1677 999/1068/1677
f 1000/1069/1678 1007/1075/1678 996/1065/1678
f 996/1065/1679 1007/1075/1679 978/1066/1679
f 1007/1075/1680 979/1076/1680 978/1066/1680
f 946/1047/1681 1008/1050/1681 1003/1048/1681
f 1008/1050/1682 1009/1077/1682 1003/1048/1682
f 1003/1048/1683 1009/1077/1683 1004/1072/1683
f 1009/1077/1684 1010/1078/1684 1004/1072/1684
f 1004/1072/1685 1010/1078/1685 1005/1073/1685
f 1010/1078/1686 1006/1074/1686 1005/1073/1686
f 1006/1074/1687 1011/1079/1687 999/1068/1687
f 999/1068/1688 1011/1079/1688 1000/1069/1688
f 1011/1079/1689 1012/1080/1689 1000/1069/1689
f 1000/1069/1690 1012/1080/1690 1007/1075/1690
f 896/1081/1691 897/1082/1691 1008/1050/1691
f 897/1082/1692 1013/1083/1692 1009/1077/1692
f 1009/1077/1693 1013/1083/1693 1010/1078/1693
f 1013/1083/1694 1014/1084/1694 1010/1078/1694
f 1010/1078/1695 1015/1085/1695 1006/1074/1695
f 1006/1074/1696 1015/1085/1696 1011/1079/1696
f 923/1086/1697 972/1087/1697 877/1088/1697
f 1441/1089/1698 1212/1090/1698 1446/1091/1698
f 1013/1083/1699 895/1092/1699 1014/1084/1699
f 1014/1084/1700 1016/1093/1700 1010/1078/1700
f 1010/1078/1701 1016/1093/1701 1015/1085/1701
f 1016/1093/1702 1017/1094/1702 1015/1085/1702
f 1015/1085/1703 1017/1094/1703 1011/1079/1703
f 1372/1095/1704 1075/1096/1704 1364/1097/1704
f 1014/1084/1705 1019/1098/1705 1016/1093/1705
f 1017/1094/1706 1020/1099/1706 1011/1079/1706
f 1275/1100/1707 973/1101/1707 1276/1102/1707
f 1288/1103/1708 1047/1104/1708 1282/1105/1708
f 1222/1106/1709 1223/1107/1709 929/1108/1709
f 1019/1098/1710 1023/1109/1710 1016/1093/1710
f 1016/1093/1711 1023/1109/1711 1017/1094/1711
f 1023/1109/1712 1020/1099/1712 1017/1094/1712
f 1021/1030/1713 844/1110/1713 1423/1031/1713
f 944/1111/1714 1419/1112/1714 1418/1113/1714
f 1023/1109/1715 930/1114/1715 1020/1099/1715
f 930/1114/1716 842/1115/1716 1020/1099/1716
f 1020/1099/1717 842/1115/1717 1024/1116/1717
f 1218/1117/1718 926/1118/1718 923/1086/1718
f 1362/1119/1719 1363/1120/1719 1070/1121/1719
f 1221/1122/1720 1222/1106/1720 928/1123/1720
f 1217/1124/1721 924/1125/1721 1073/1126/1721
f 915/1127/1722 1068/1128/1722 1064/1129/1722
f 975/1051/1723 1025/1130/1723 974/1033/1723
f 977/1059/1724 1029/1131/1724 976/1053/1724
f 978/1066/1725 1031/1132/1725 977/1059/1725
f 979/1076/1726 1040/1133/1726 978/1066/1726
f 1232/1134/1727 963/1135/1727 962/1136/1727
f 904/1137/1728 1238/1138/1728 1237/1139/1728
f 974/1033/1729 1025/1130/1729 837/1034/1729
f 975/1140/1730 1026/1141/1730 1025/1142/1730
f 976/1053/1731 1027/1143/1731 975/1051/1731
f 1027/1143/1732 1028/1144/1732 975/1051/1732
f 975/1140/1733 1028/1145/1733 1026/1141/1733
f 1028/1145/1734 969/1146/1734 1026/1141/1734
f 976/1053/1735 1029/1131/1735 1027/1143/1735
f 1027/1147/1736 1030/1148/1736 1028/1149/1736
f 1028/1145/1737 1030/1150/1737 969/1146/1737
f 977/1059/1738 1031/1132/1738 1029/1131/1738
f 1031/1151/1739 1032/1152/1739 1029/1153/1739
f 1029/1153/1740 1032/1152/1740 1027/1147/1740
f 1032/1152/1741 1033/1154/1741 1027/1147/1741
f 1027/1147/1742 1033/1154/1742 1030/1148/1742
f 1033/1154/1743 1034/1155/1743 1030/1148/1743
f 1030/1150/1744 1034/1156/1744 969/1146/1744
f 1034/1156/1745 970/1157/1745 969/1146/1745
f 1032/1152/1746 1035/1158/1746 1033/1154/1746
f 1035/1158/1747 1036/1159/1747 1033/1154/1747
f 1033/1154/1748 1036/1159/1748 1034/1155/1748
f 1031/1151/1749 1037/1160/1749 1032/1152/1749
f 1037/1160/1750 1038/1161/1750 1032/1152/1750
f 1032/1152/1751 1038/1161/1751 1035/1158/1751
f 1036/1159/1752 1039/1162/1752 1034/1155/1752
f 1034/1155/1753 1039/1162/1753 970/1163/1753
f 1039/1162/1754 971/1164/1754 970/1163/1754
f 978/1066/1755 1040/1133/1755 1031/1132/1755
f 1040/1165/1756 1037/1160/1756 1031/1151/1756
f 1038/1161/1757 1041/1166/1757 1035/1158/1757
f 1041/1166/1758 1042/1167/1758 1035/1158/1758
f 1035/1158/1759 1042/1167/1759 1036/1159/1759
f 1042/1167/1760 1043/1168/1760 1036/1159/1760
f 1036/1159/1761 1043/1168/1761 1039/1162/1761
f 1362/1119/1762 1070/1121/1762 1358/1169/1762
f 849/1170/1763 864/1171/1763 1040/1165/1763
f 1188/1172/1764 896/1081/1764 945/1049/1764
f 1044/1173/1765 1038/1161/1765 864/1171/1765
f 1038/1161/1766 1044/1173/1766 1041/1166/1766
f 1044/1173/1767 1045/1174/1767 1041/1166/1767
f 1041/1166/1768 1045/1174/1768 1042/1167/1768
f 1045/1174/1769 1046/1175/1769 1042/1167/1769
f 1042/1167/1770 1046/1175/1770 1043/1168/1770
f 1358/1169/1771 1070/1121/1771 1067/1176/1771
f 965/1177/1772 964/1178/1772 1233/1179/1772
f 906/1180/1773 964/1178/1773 963/1135/1773
f 966/1181/1774 965/1177/1774 1233/1179/1774
f 836/1026/1775 968/1028/1775 870/1182/1775
f 1512/1183/1776 1128/1184/1776 1122/1185/1776
f 874/1186/1777 891/1187/1777 1245/1188/1777
f 1358/1169/1778 1067/1176/1778 1066/1189/1778
f 1137/1190/1779 1133/1191/1779 1239/1192/1779
f 911/1193/1777 1239/1192/1777 1133/1191/1777
f 1239/1192/1780 1296/1194/1780 1137/1190/1780
f 1296/1194/1781 891/1187/1781 1324/1195/1781
f 1296/1194/1782 1324/1195/1782 1321/1196/1782
f 1245/1188/1779 891/1187/1779 1296/1194/1779
f 1223/1197/1783 877/1088/1783 972/1087/1783
f 1332/1198/1784 892/1199/1784 1333/1200/1784
f 923/1086/1785 878/1201/1785 1218/1117/1785
f 1206/1202/1786 1189/1203/1786 1519/1204/1786
f 1327/1205/1787 893/1206/1787 1328/1207/1787
f 926/1118/1788 1218/1117/1788 930/1114/1788
f 1282/1105/1789 1047/1104/1789 973/1101/1789
f 1068/1128/1790 916/1208/1790 1069/1209/1790
f 1248/1210/1791 1521/1211/1791 1523/1212/1791
f 1364/1097/1792 1075/1096/1792 1071/1213/1792
f 1072/1214/1793 1073/1126/1793 1067/1176/1793
f 924/1125/1794 925/1215/1794 881/1216/1794
f 973/1101/1795 1275/1100/1795 1282/1105/1795
f 1365/1217/1796 1073/1126/1796 1072/1214/1796
f 1075/1096/1797 1076/1218/1797 1071/1213/1797
f 1073/1126/1798 924/1125/1798 1354/1219/1798
f 881/1216/1799 925/1215/1799 1294/1220/1799
f 1070/1121/1800 1071/1213/1800 1076/1218/1800
f 1073/1126/1801 1354/1219/1801 1067/1176/1801
f 1025/1142/1802 954/1221/1802 837/1222/1802
f 1026/1141/1803 1048/1223/1803 1025/1142/1803
f 969/1146/1804 1048/1223/1804 1026/1141/1804
f 970/1157/1805 1052/1224/1805 969/1146/1805
f 1025/1142/1806 1048/1223/1806 954/1221/1806
f 1048/1223/1807 1049/1225/1807 954/1221/1807
f 954/1221/1808 1049/1225/1808 955/1226/1808
f 1049/1225/1809 956/1227/1809 955/1226/1809
f 1048/1223/1810 1050/1228/1810 1049/1225/1810
f 1050/1228/1811 1051/1229/1811 1049/1225/1811
f 1049/1225/1812 1051/1229/1812 956/1227/1812
f 1051/1229/1813 957/1230/1813 956/1227/1813
f 969/1146/1814 1052/1224/1814 1048/1223/1814
f 1052/1224/1815 1053/1231/1815 1048/1223/1815
f 1048/1223/1816 1053/1231/1816 1050/1228/1816
f 1053/1231/1817 1054/1232/1817 1050/1228/1817
f 1050/1228/1818 1054/1232/1818 1051/1229/1818
f 1054/1232/1819 1055/1233/1819 1051/1229/1819
f 1051/1229/1820 1055/1233/1820 957/1230/1820
f 1055/1233/1821 958/1234/1821 957/1230/1821
f 1052/1224/1822 1056/1235/1822 1053/1231/1822
f 1056/1235/1823 1057/1236/1823 1053/1231/1823
f 1053/1231/1824 1057/1236/1824 1054/1232/1824
f 1057/1236/1825 1058/1237/1825 1054/1232/1825
f 1054/1232/1826 1058/1237/1826 1055/1233/1826
f 1058/1237/1827 1059/1238/1827 1055/1233/1827
f 1055/1233/1828 1059/1238/1828 958/1234/1828
f 1059/1238/1829 959/1239/1829 958/1234/1829
f 970/1157/1830 1060/1240/1830 1052/1224/1830
f 1060/1240/1831 1061/1241/1831 1052/1224/1831
f 1052/1224/1832 1061/1241/1832 1056/1235/1832
f 1061/1241/1833 1062/1242/1833 1056/1235/1833
f 1056/1235/1834 1062/1242/1834 1057/1236/1834
f 1062/1242/1835 1063/1243/1835 1057/1236/1835
f 1057/1236/1836 1063/1243/1836 1058/1237/1836
f 1063/1243/1837 1064/1129/1837 1058/1237/1837
f 1058/1237/1838 1064/1129/1838 1059/1238/1838
f 1064/1129/1839 1065/1244/1839 1059/1238/1839
f 1059/1238/1840 1065/1244/1840 959/1239/1840
f 1065/1244/1841 960/1245/1841 959/1239/1841
f 914/1246/1842 915/1127/1842 1063/1243/1842
f 1064/1129/1843 1068/1128/1843 1065/1244/1843
f 1068/1128/1844 1069/1209/1844 1065/1244/1844
f 1065/1244/1845 1069/1209/1845 960/1245/1845
f 1069/1209/1846 961/1247/1846 960/1245/1846
f 895/1092/1847 1013/1083/1847 897/1082/1847
f 897/1082/1848 1009/1077/1848 1008/1050/1848
f 896/1081/1849 1008/1050/1849 945/1049/1849
f 1074/1248/1850 1069/1209/1850 916/1208/1850
f 1069/1209/1851 1074/1248/1851 961/1247/1851
f 1074/1248/1852 962/1136/1852 961/1247/1852
f 1232/1134/1853 906/1180/1853 963/1135/1853
f 906/1180/1854 1233/1179/1854 964/1178/1854
f 968/1028/1855 967/1249/1855 907/1250/1855
f 907/1250/1856 870/1182/1856 968/1028/1856
f 954/1251/1857 933/1252/1857 837/1034/1857
f 958/1234/1858 1080/1253/1858 957/1230/1858
f 959/1239/1859 1083/1254/1859 958/1234/1859
f 960/1245/1860 1087/1255/1860 959/1239/1860
f 961/1247/1861 1092/1256/1861 960/1245/1861
f 962/1136/1862 1098/1257/1862 961/1247/1862
f 963/1135/1863 1104/1258/1863 962/1136/1863
f 964/1178/1864 1109/1259/1864 963/1135/1864
f 965/1177/1865 1116/1260/1865 964/1178/1865
f 966/1181/1866 1123/1261/1866 965/1177/1866
f 967/1249/1867 1129/1262/1867 966/1181/1867
f 968/1028/1868 1134/1263/1868 967/1249/1868
f 954/1221/1869 955/1226/1869 933/1264/1869
f 955/1265/1870 934/1266/1870 933/1252/1870
f 956/1227/1871 1077/1267/1871 955/1226/1871
f 955/1226/1872 1077/1267/1872 934/1268/1872
f 1077/1269/1873 935/1270/1873 934/1266/1873
f 957/1230/1874 1078/1271/1874 956/1227/1874
f 956/1227/1875 1078/1271/1875 1077/1267/1875
f 1078/1271/1876 1079/1272/1876 1077/1267/1876
f 1077/1269/1877 1079/1273/1877 935/1270/1877
f 1079/1273/1878 936/1274/1878 935/1270/1878
f 957/1230/1879 1080/1253/1879 1078/1271/1879
f 1080/1253/1880 1081/1275/1880 1078/1271/1880
f 1078/1271/1881 1081/1275/1881 1079/1272/1881
f 1081/1275/1882 1082/1276/1882 1079/1272/1882
f 1079/1273/1883 1082/1277/1883 936/1274/1883
f 1082/1277/1884 937/1278/1884 936/1274/1884
f 958/1234/1885 1083/1254/1885 1080/1253/1885
f 1083/1254/1886 1084/1279/1886 1080/1253/1886
f 1080/1253/1887 1084/1279/1887 1081/1275/1887
f 1084/1279/1888 1085/1280/1888 1081/1275/1888
f 1081/1275/1889 1085/1280/1889 1082/1276/1889
f 1085/1281/1890 1086/1282/1890 1082/1277/1890
f 1082/1277/1891 1086/1282/1891 937/1278/1891
f 1086/1282/1892 938/1283/1892 937/1278/1892
f 959/1239/1893 1087/1255/1893 1083/1254/1893
f 1087/1255/1894 1088/1284/1894 1083/1254/1894
f 1083/1254/1895 1088/1284/1895 1084/1279/1895
f 1088/1284/1896 1089/1285/1896 1084/1279/1896
f 1084/1279/1897 1089/1285/1897 1085/1280/1897
f 1089/1285/1898 1090/1286/1898 1085/1280/1898
f 1085/1280/1899 1090/1286/1899 1086/1287/1899
f 1090/1288/1900 1091/1289/1900 1086/1282/1900
f 1086/1282/1901 1091/1289/1901 938/1283/1901
f 1091/1289/1902 939/1290/1902 938/1283/1902
f 960/1245/1903 1092/1256/1903 1087/1255/1903
f 1092/1256/1904 1093/1291/1904 1087/1255/1904
f 1087/1255/1905 1093/1291/1905 1088/1284/1905
f 1093/1291/1906 1094/1292/1906 1088/1284/1906
f 1088/1284/1907 1094/1292/1907 1089/1285/1907
f 1094/1292/1908 1095/1293/1908 1089/1285/1908
f 1089/1285/1909 1095/1293/1909 1090/1286/1909
f 1095/1293/1910 1096/1294/1910 1090/1286/1910
f 1090/1288/1911 1096/1295/1911 1091/1289/1911
f 1096/1295/1912 1097/1296/1912 1091/1289/1912
f 1091/1289/1913 1097/1296/1913 939/1290/1913
f 1097/1296/1914 940/1297/1914 939/1290/1914
f 961/1247/1915 1098/1257/1915 1092/1256/1915
f 1098/1257/1916 1099/1298/1916 1092/1256/1916
f 1092/1256/1917 1099/1298/1917 1093/1291/1917
f 1093/1291/1918 1099/1298/1918 1094/1292/1918
f 1099/1298/1919 1100/1299/1919 1094/1292/1919
f 1094/1292/1920 1100/1299/1920 1095/1293/1920
f 1100/1299/1921 1101/1300/1921 1095/1293/1921
f 1095/1293/1922 1101/1300/1922 1096/1294/1922
f 1101/1300/1923 1102/1301/1923 1096/1294/1923
f 1096/1295/1924 1102/1302/1924 1097/1296/1924
f 1102/1302/1925 1103/1303/1925 1097/1296/1925
f 1097/1296/1926 1103/1303/1926 940/1297/1926
f 962/1136/1927 1104/1258/1927 1098/1257/1927
f 1104/1258/1928 1105/1304/1928 1098/1257/1928
f 1098/1257/1929 1105/1304/1929 1099/1298/1929
f 1105/1304/1930 1106/1305/1930 1099/1298/1930
f 1099/1298/1931 1106/1305/1931 1100/1299/1931
f 1106/1305/1932 1107/1306/1932 1100/1299/1932
f 1100/1299/1933 1107/1306/1933 1101/1300/1933
f 1102/1302/1934 1108/1307/1934 1103/1303/1934
f 1103/1303/1935 1108/1307/1935 940/1297/1935
f 1108/1307/1936 941/1308/1936 940/1297/1936
f 963/1135/1937 1109/1259/1937 1104/1258/1937
f 1109/1259/1938 1110/1309/1938 1104/1258/1938
f 1104/1258/1939 1110/1309/1939 1105/1304/1939
f 1110/1309/1940 1111/1310/1940 1105/1304/1940
f 1105/1304/1941 1111/1310/1941 1106/1305/1941
f 1111/1310/1942 1112/1311/1942 1106/1305/1942
f 1106/1305/1943 1112/1311/1943 1107/1306/1943
f 1112/1311/1944 1113/1312/1944 1107/1306/1944
f 1107/1306/1945 1113/1312/1945 1101/1300/1945
f 1113/1313/1946 1114/1314/1946 1101/1315/1946
f 1101/1315/1947 1114/1314/1947 1102/1316/1947
f 1114/1314/1948 1115/1317/1948 1102/1316/1948
f 1102/1302/1949 1115/1318/1949 1108/1307/1949
f 964/1178/1950 1116/1260/1950 1109/1259/1950
f 1116/1260/1951 1117/1319/1951 1109/1259/1951
f 1109/1259/1952 1117/1319/1952 1110/1309/1952
f 1117/1319/1953 1118/1320/1953 1110/1309/1953
f 1110/1309/1954 1118/1320/1954 1111/1310/1954
f 1118/1320/1955 1119/1321/1955 1111/1310/1955
f 1111/1310/1956 1119/1321/1956 1112/1311/1956
f 1119/1321/1957 1120/1322/1957 1112/1311/1957
f 1112/1311/1958 1120/1322/1958 1113/1312/1958
f 1120/1323/1959 1121/1324/1959 1113/1313/1959
f 1113/1313/1960 1121/1324/1960 1114/1314/1960
f 1115/1317/1961 1122/1185/1961 1108/1325/1961
f 1108/1307/1962 1122/1326/1962 941/1308/1962
f 1122/1326/1963 942/1327/1963 941/1308/1963
f 965/1177/1964 1123/1261/1964 1116/1260/1964
f 1123/1261/1965 1124/1328/1965 1116/1260/1965
f 1116/1260/1966 1124/1328/1966 1117/1319/1966
f 1124/1328/1967 1125/1329/1967 1117/1319/1967
f 1117/1319/1968 1125/1329/1968 1118/1320/1968
f 1125/1329/1969 1126/1330/1969 1118/1320/1969
f 1118/1320/1970 1126/1330/1970 1119/1321/1970
f 1126/1330/1971 1127/1331/1971 1119/1321/1971
f 1119/1321/1972 1127/1331/1972 1120/1322/1972
f 1127/1332/1973 1515/1333/1973 1120/1323/1973
f 1120/1323/1974 1515/1333/1974 1121/1324/1974
f 1511/1334/1975 1513/1335/1975 1114/1314/1975
f 1513/1335/1976 1512/1183/1976 1115/1317/1976
f 1122/1326/1977 1128/1336/1977 942/1327/1977
f 1128/1336/1978 943/1337/1978 942/1327/1978
f 966/1181/1979 1129/1262/1979 1123/1261/1979
f 1129/1262/1980 1130/1338/1980 1123/1261/1980
f 1123/1261/1981 1130/1338/1981 1124/1328/1981
f 1130/1338/1982 1131/1339/1982 1124/1328/1982
f 1124/1328/1983 1131/1339/1983 1125/1329/1983
f 1131/1339/1984 1132/1340/1984 1125/1329/1984
f 1125/1329/1985 1132/1340/1985 1126/1330/1985
f 967/1249/1986 1134/1263/1986 1129/1262/1986
f 1134/1263/1987 1135/1341/1987 1129/1262/1987
f 1129/1262/1988 1135/1341/1988 1130/1338/1988
f 1135/1341/1989 1136/1342/1989 1130/1338/1989
f 1130/1338/1990 1136/1342/1990 1131/1339/1990
f 1019/1098/1991 1014/1084/1991 895/1092/1991
f 968/1028/1992 922/1027/1992 1134/1263/1992
f 922/1027/1993 921/1343/1993 1134/1263/1993
f 1134/1263/1994 921/1343/1994 1135/1341/1994
f 1232/1134/1995 962/1136/1995 1074/1248/1995
f 1060/1240/1996 970/1157/1996 971/1344/1996
f 933/1252/1997 953/1032/1997 837/1034/1997
f 934/1266/1998 1138/1345/1998 933/1252/1998
f 935/1270/1999 1139/1346/1999 934/1266/1999
f 936/1274/2000 1141/1347/2000 935/1270/2000
f 937/1278/2001 1144/1348/2001 936/1274/2001
f 938/1283/2002 1148/1349/2002 937/1278/2002
f 939/1290/2003 1153/1350/2003 938/1283/2003
f 940/1297/2004 1159/1351/2004 939/1290/2004
f 941/1308/2005 1165/1352/2005 940/1297/2005
f 942/1327/2006 1175/1353/2006 941/1308/2006
f 943/1337/2007 1189/1203/2007 942/1327/2007
f 933/1252/2008 1138/1345/2008 953/1032/2008
f 1138/1345/2009 952/1035/2009 953/1032/2009
f 934/1266/2010 1139/1346/2010 1138/1345/2010
f 1139/1346/2011 1140/1354/2011 1138/1345/2011
f 1138/1345/2012 1140/1354/2012 952/1035/2012
f 1140/1354/2013 951/1037/2013 952/1035/2013
f 935/1270/2014 1141/1347/2014 1139/1346/2014
f 1141/1347/2015 1142/1355/2015 1139/1346/2015
f 1139/1346/2016 1142/1355/2016 1140/1354/2016
f 1142/1355/2017 1143/1356/2017 1140/1354/2017
f 1140/1354/2018 1143/1356/2018 951/1037/2018
f 1143/1356/2019 950/1039/2019 951/1037/2019
f 936/1274/2020 1144/1348/2020 1141/1347/2020
f 1144/1348/2021 1145/1357/2021 1141/1347/2021
f 1141/1347/2022 1145/1357/2022 1142/1355/2022
f 1145/1357/2023 1146/1358/2023 1142/1355/2023
f 1142/1355/2024 1146/1358/2024 1143/1356/2024
f 1146/1358/2025 1147/1359/2025 1143/1356/2025
f 1143/1356/2026 1147/1359/2026 950/1039/2026
f 1147/1359/2027 949/1041/2027 950/1039/2027
f 937/1278/2028 1148/1349/2028 1144/1348/2028
f 1148/1349/2029 1149/1360/2029 1144/1348/2029
f 1144/1348/2030 1149/1360/2030 1145/1357/2030
f 1149/1360/2031 1150/1361/2031 1145/1357/2031
f 1145/1357/2032 1150/1361/2032 1146/1358/2032
f 1150/1361/2033 1151/1362/2033 1146/1358/2033
f 1146/1358/2034 1151/1362/2034 1147/1359/2034
f 1151/1362/2035 1152/1363/2035 1147/1359/2035
f 1147/1359/2036 1152/1363/2036 949/1041/2036
f 1152/1363/2037 948/1043/2037 949/1041/2037
f 938/1283/2038 1153/1350/2038 1148/1349/2038
f 1153/1350/2039 1154/1364/2039 1148/1349/2039
f 1148/1349/2040 1154/1364/2040 1149/1360/2040
f 1154/1364/2041 1155/1365/2041 1149/1360/2041
f 1149/1360/2042 1155/1365/2042 1150/1361/2042
f 1155/1365/2043 1156/1366/2043 1150/1361/2043
f 1150/1361/2044 1156/1366/2044 1151/1362/2044
f 1156/1366/2045 1157/1367/2045 1151/1362/2045
f 1151/1362/2046 1157/1367/2046 1152/1363/2046
f 1157/1367/2047 1158/1368/2047 1152/1363/2047
f 1152/1363/2048 1158/1368/2048 948/1043/2048
f 939/1290/2049 1159/1351/2049 1153/1350/2049
f 1159/1351/2050 1160/1369/2050 1153/1350/2050
f 1153/1350/2051 1160/1369/2051 1154/1364/2051
f 1160/1369/2052 1161/1370/2052 1154/1364/2052
f 1154/1364/2053 1161/1370/2053 1155/1365/2053
f 1161/1370/2054 1162/1371/2054 1155/1365/2054
f 1155/1365/2055 1162/1371/2055 1156/1366/2055
f 1162/1371/2056 1163/1372/2056 1156/1366/2056
f 1156/1366/2057 1163/1372/2057 1157/1367/2057
f 1163/1372/2058 1164/1373/2058 1157/1367/2058
f 1157/1367/2059 1164/1373/2059 1158/1368/2059
f 1158/1368/2060 947/1045/2060 948/1043/2060
f 940/1297/2061 1165/1352/2061 1159/1351/2061
f 1165/1352/2062 1166/1374/2062 1159/1351/2062
f 1159/1351/2063 1166/1374/2063 1160/1369/2063
f 1166/1374/2064 1167/1375/2064 1160/1369/2064
f 1160/1369/2065 1167/1375/2065 1161/1370/2065
f 1167/1375/2066 1168/1376/2066 1161/1370/2066
f 1161/1370/2067 1168/1376/2067 1162/1371/2067
f 1162/1371/2068 1169/1377/2068 1163/1372/2068
f 1163/1372/2069 1169/1377/2069 1164/1373/2069
f 1164/1373/2070 1170/1378/2070 1158/1368/2070
f 1158/1368/2071 1170/1378/2071 947/1045/2071
f 1168/1376/2072 1171/1379/2072 1162/1371/2072
f 1171/1379/2073 1172/1380/2073 1162/1371/2073
f 1162/1371/2074 1172/1380/2074 1169/1377/2074
f 1169/1377/2075 1173/1381/2075 1164/1373/2075
f 1164/1373/2076 1173/1381/2076 1170/1378/2076
f 1173/1381/2077 1174/1382/2077 1170/1378/2077
f 1170/1378/2078 1174/1382/2078 947/1045/2078
f 1174/1382/2079 946/1047/2079 947/1045/2079
f 941/1308/2080 1175/1353/2080 1165/1352/2080
f 1175/1353/2081 1176/1383/2081 1165/1352/2081
f 1165/1352/2082 1176/1383/2082 1166/1374/2082
f 1176/1383/2083 1177/1384/2083 1166/1374/2083
f 1166/1374/2084 1177/1384/2084 1167/1375/2084
f 1177/1384/2085 1178/1385/2085 1167/1375/2085
f 1167/1375/2086 1178/1385/2086 1168/1376/2086
f 1178/1385/2087 1179/1386/2087 1168/1376/2087
f 1168/1376/2088 1179/1386/2088 1171/1379/2088
f 1172/1380/2089 1180/1387/2089 1169/1377/2089
f 1169/1377/2090 1180/1387/2090 1173/1381/2090
f 1180/1387/2091 1181/1388/2091 1173/1381/2091
f 1173/1381/2092 1181/1388/2092 1174/1382/2092
f 1181/1388/2093 1182/1389/2093 1174/1382/2093
f 1174/1382/2094 1182/1389/2094 946/1047/2094
f 1182/1389/2095 945/1049/2095 946/1047/2095
f 1177/1384/2096 1183/1390/2096 1178/1385/2096
f 1179/1386/2097 1184/1391/2097 1171/1379/2097
f 1171/1379/2098 1184/1391/2098 1172/1380/2098
f 1184/1391/2099 1185/1392/2099 1172/1380/2099
f 1172/1380/2100 1185/1392/2100 1180/1387/2100
f 1185/1392/2101 1186/1393/2101 1180/1387/2101
f 1180/1387/2102 1186/1393/2102 1181/1388/2102
f 1186/1393/2103 1187/1394/2103 1181/1388/2103
f 1181/1388/2104 1187/1394/2104 1182/1389/2104
f 1187/1394/2105 1188/1172/2105 1182/1389/2105
f 1182/1389/2106 1188/1172/2106 945/1049/2106
f 942/1327/2107 1189/1203/2107 1175/1353/2107
f 1189/1203/2108 1190/1395/2108 1175/1353/2108
f 1175/1353/2109 1190/1395/2109 1176/1383/2109
f 1190/1395/2110 1191/1396/2110 1176/1383/2110
f 1176/1383/2111 1191/1396/2111 1177/1384/2111
f 1191/1396/2112 1192/1397/2112 1177/1384/2112
f 1177/1384/2113 1192/1397/2113 1183/1390/2113
f 1183/1390/2114 1193/1398/2114 1178/1385/2114
f 1178/1385/2115 1193/1398/2115 1179/1386/2115
f 1193/1398/2116 1194/1399/2116 1179/1386/2116
f 1179/1386/2117 1194/1399/2117 1184/1391/2117
f 1194/1399/2118 1195/1400/2118 1184/1391/2118
f 1184/1391/2119 1195/1400/2119 1185/1392/2119
f 1195/1400/2120 1196/1401/2120 1185/1392/2120
f 1185/1392/2121 1196/1401/2121 1186/1393/2121
f 1196/1401/2122 1197/1402/2122 1186/1393/2122
f 1186/1393/2123 1197/1402/2123 1187/1394/2123
f 1197/1402/2124 1198/1403/2124 1187/1394/2124
f 1187/1394/2125 1198/1403/2125 1188/1172/2125
f 1020/1099/2126 1024/1116/2126 1011/1079/2126
f 1190/1395/2127 1199/1404/2127 1191/1396/2127
f 1192/1397/2128 1200/1405/2128 1183/1390/2128
f 1183/1390/2129 1200/1405/2129 1193/1398/2129
f 1200/1405/2130 1201/1406/2130 1193/1398/2130
f 1193/1398/2131 1201/1406/2131 1194/1399/2131
f 1201/1406/2132 1202/1407/2132 1194/1399/2132
f 1194/1399/2133 1202/1407/2133 1195/1400/2133
f 1202/1407/2134 1203/1408/2134 1195/1400/2134
f 1195/1400/2135 1203/1408/2135 1196/1401/2135
f 1196/1401/2136 1204/1409/2136 1197/1402/2136
f 1197/1402/2137 1204/1409/2137 1198/1403/2137
f 943/1337/2138 1519/1204/2138 1189/1203/2138
f 1189/1203/2139 1206/1202/2139 1190/1395/2139
f 1206/1202/2140 1207/1410/2140 1190/1395/2140
f 1190/1395/2141 1207/1410/2141 1199/1404/2141
f 1199/1404/2142 1208/1411/2142 1191/1396/2142
f 1191/1396/2143 1208/1411/2143 1192/1397/2143
f 1208/1411/2144 1209/1412/2144 1192/1397/2144
f 1192/1397/2145 1209/1412/2145 1200/1405/2145
f 1200/1405/2146 1209/1412/2146 1201/1406/2146
f 1203/1408/2147 1210/1413/2147 1196/1401/2147
f 1196/1401/2148 1210/1413/2148 1204/1409/2148
f 1207/1410/2149 920/1414/2149 1199/1404/2149
f 1199/1404/2150 920/1414/2150 1208/1411/2150
f 1208/1411/2151 920/1414/2151 1209/1412/2151
f 920/1414/2152 919/1415/2152 1209/1412/2152
f 1209/1412/2153 919/1415/2153 1201/1406/2153
f 919/1415/2154 918/1416/2154 1201/1406/2154
f 1201/1406/2155 918/1416/2155 1202/1407/2155
f 1202/1407/2156 918/1416/2156 1203/1408/2156
f 918/1416/2157 894/1417/2157 1203/1408/2157
f 1203/1408/2158 894/1417/2158 1210/1413/2158
f 1226/1418/2159 1229/1419/2159 1227/1420/2159
f 1365/1217/2160 1217/1124/2160 1073/1126/2160
f 1376/1421/2161 1217/1124/2161 1365/1217/2161
f 1388/1422/2162 1224/1423/2162 1376/1424/2162
f 890/1425/2163 1228/1426/2163 1388/1422/2163
f 1218/1117/2164 842/1115/2164 930/1114/2164
f 1217/1124/2165 1219/1427/2165 924/1125/2165
f 1219/1428/2166 1220/1429/2166 924/1430/2166
f 924/1430/2167 1220/1429/2167 925/1431/2167
f 925/1431/2168 1220/1429/2168 927/1432/2168
f 1220/1429/2169 1221/1122/2169 927/1432/2169
f 927/1432/2170 1221/1122/2170 928/1123/2170
f 928/1123/2171 1222/1106/2171 929/1108/2171
f 929/1433/2172 1223/1197/2172 972/1087/2172
f 877/1088/2173 878/1201/2173 923/1086/2173
f 1288/1103/2174 1294/1220/2174 1204/1409/2174
f 1047/1104/2175 1288/1103/2175 1210/1413/2175
f 1376/1434/2176 1224/1435/2176 1217/1436/2176
f 1224/1435/2177 1219/1428/2177 1217/1436/2177
f 1219/1428/2178 1225/1437/2178 1220/1429/2178
f 1225/1437/2179 1226/1418/2179 1220/1429/2179
f 1220/1429/2180 1226/1418/2180 1221/1122/2180
f 1226/1418/2181 1227/1420/2181 1221/1122/2181
f 973/1101/2182 1047/1104/2182 894/1417/2182
f 1271/1438/2183 973/1101/2183 894/1417/2183
f 1210/1413/2184 894/1417/2184 1047/1104/2184
f 1388/1422/2185 1228/1426/2185 1224/1423/2185
f 1224/1435/2186 1225/1437/2186 1219/1428/2186
f 895/1092/2187 897/1082/2187 925/1215/2187
f 895/1092/2188 925/1215/2188 927/1439/2188
f 1019/1098/2189 895/1092/2189 927/1439/2189
f 1023/1109/2190 1019/1098/2190 929/1433/2190
f 928/1440/1799 1019/1098/1799 927/1439/1799
f 929/1433/2191 1019/1098/2191 928/1440/2191
f 930/1114/2192 1023/1109/2192 972/1087/2192
f 1228/1441/2193 1230/1442/2193 1224/1435/2193
f 1224/1435/2194 1230/1442/2194 1225/1437/2194
f 1230/1442/2195 1231/1443/2195 1225/1437/2195
f 1225/1437/2196 1231/1443/2196 1226/1418/2196
f 923/1086/2197 926/1118/2197 972/1087/2197
f 1188/1172/2198 1198/1403/2198 1294/1220/2198
f 896/1081/2199 1188/1172/2199 925/1215/2199
f 1271/1438/2200 1276/1102/2200 973/1101/2200
f 1244/1444/2201 1296/1194/2201 1239/1192/2201
f 1307/1445/2202 905/1446/2202 1133/1191/2202
f 1318/1447/2203 1315/1448/2203 1137/1190/2203
f 891/1187/2204 1327/1205/2204 1324/1195/2204
f 889/1449/2205 1242/1450/2205 890/1425/2205
f 890/1425/2206 1242/1450/2206 1228/1426/2206
f 1242/1451/2207 917/1452/2207 1228/1441/2207
f 1228/1441/2208 917/1452/2208 1230/1442/2208
f 972/1087/2209 1023/1109/2209 929/1433/2209
f 930/1114/2210 972/1087/2210 926/1118/2210
f 1198/1403/2211 1204/1409/2211 1294/1220/2211
f 881/1216/2212 1354/1219/2212 924/1125/2212
f 1204/1409/2213 1210/1413/2213 1288/1103/2213
f 925/1215/2214 897/1082/2214 896/1081/2214
f 1311/1453/2215 1307/1445/2215 1133/1191/2215
f 1137/1190/2216 1321/1196/2216 1318/1447/2216
f 1315/1448/2217 1311/1453/2217 1137/1190/2217
f 892/1454/2218 1336/1455/2218 1333/1456/2218
f 1478/1457/2219 880/1458/2219 1463/1459/2219
f 1418/1460/2220 1446/1461/2220 876/1029/2220
f 1332/1198/2221 893/1206/2221 891/1187/2221
f 834/1462/2222 1423/1463/2222 1229/1419/2222
f 1295/1464/2223 841/1465/2223 1242/1451/2223
f 1218/1466/2224 878/1467/2224 877/1468/2224
f 1341/1469/2225 1532/1470/2225 1533/1471/2225
f 1350/1472/2226 1347/1473/2226 1536/1474/2226
f 1535/1475/2227 1347/1473/2227 1345/1476/2227
f 848/1477/2228 1350/1472/2228 1541/1478/2228
f 1374/1479/2229 1072/1214/2229 1076/1218/2229
f 1213/1480/2230 1489/1481/2230 1487/1482/2230
f 1487/1482/2231 1485/1483/2231 1215/1484/2231
f 1498/1485/2232 1215/1484/2232 1214/1486/2232
f 1215/1484/2233 1213/1480/2233 1487/1482/2233
f 1451/1487/2234 1485/1483/2234 1212/1488/2234
f 1216/1489/2235 1214/1486/2235 1451/1487/2235
f 1473/1490/2236 1478/1457/2236 1463/1459/2236
f 1456/1491/2237 1463/1459/2237 880/1458/2237
f 1451/1487/2238 1456/1491/2238 880/1458/2238
f 1482/1492/2239 1446/1461/2239 1212/1488/2239
f 944/1493/2234 1418/1460/2234 1018/1494/2234
f 1446/1461/2234 1482/1492/2234 876/1029/2234
f 1463/1459/2240 1469/1495/2240 1473/1490/2240
f 1216/1489/2241 1451/1487/2241 880/1458/2241
f 1215/1484/2242 1485/1483/2242 1214/1486/2242
f 1485/1483/2243 1451/1487/2243 1214/1486/2243
f 1418/1460/2231 876/1029/2231 1018/1494/2231
f 1485/1483/2244 1482/1492/2244 1212/1488/2244
f 1422/1496/2243 944/1493/2243 1018/1494/2243
f 931/1497/2245 1422/1496/2245 932/1498/2245
f 1482/1492/2246 840/1499/2246 876/1029/2246
f 1422/1496/2247 1018/1494/2247 932/1498/2247
f 876/1029/2246 840/1499/2246 1021/1030/2246
f 840/1499/2248 1211/1500/2248 1021/1030/2248
f 892/1199/2249 1332/1198/2249 891/1187/2249
f 893/1206/2250 1327/1205/2250 891/1187/2250
f 891/1187/2234 874/1186/2234 1338/1501/2234
f 1338/1501/2251 892/1199/2251 891/1187/2251
f 1205/1502/2252 1338/1501/2252 874/1186/2252
f 1021/1030/2253 1211/1500/2253 1022/1503/2253
f 1205/1502/2254 1022/1503/2254 1211/1500/2254
f 1231/1443/2255 1229/1419/2255 1226/1418/2255
f 834/1504/2256 873/1505/2256 932/1498/2256
f 931/1497/2257 932/1498/2257 873/1505/2257
f 1021/1030/2258 1022/1503/2258 844/1110/2258
f 932/1498/2259 1018/1494/2259 834/1504/2259
f 873/1506/2260 843/1022/2260 931/1507/2260
f 1422/1021/2261 931/1507/2261 843/1022/2261
f 1423/1031/2262 834/1504/2262 1018/1494/2262
f 1415/1508/2263 834/1462/2263 1229/1419/2263
f 873/1509/2264 834/1462/2264 1417/1510/2264
f 843/1511/2265 873/1509/2265 1421/1512/2265
f 1417/1510/2266 1421/1512/2266 873/1509/2266
f 1420/1513/2267 1421/1512/2267 1417/1510/2267
f 834/1462/2268 1415/1508/2268 1417/1510/2268
f 1414/1514/2263 1415/1508/2263 1229/1419/2263
f 1231/1443/2263 1414/1514/2263 1229/1419/2263
f 1413/1515/2263 1414/1514/2263 1231/1443/2263
f 1230/1442/2269 1413/1515/2269 1231/1443/2269
f 1230/1442/2263 841/1465/2263 1413/1515/2263
f 1230/1442/2270 917/1452/2270 1242/1451/2270
f 1227/1420/2263 1229/1419/2263 1423/1463/2263
f 1423/1463/2263 1024/1516/2263 1227/1420/2263
f 1222/1106/2271 1227/1420/2271 842/1517/2271
f 1223/1107/2272 1222/1106/2272 842/1517/2272
f 1012/1518/2273 1024/1516/2273 864/1171/2273
f 864/1171/2274 849/1170/2274 979/1519/2274
f 864/1171/2275 979/1519/2275 1007/1520/2275
f 864/1171/2263 1024/1516/2263 844/1521/2263
f 1012/1518/2276 864/1171/2276 1007/1520/2276
f 1044/1173/2277 864/1171/2277 844/1521/2277
f 1230/1442/2222 1242/1451/2222 841/1465/2222
f 1046/1175/2263 1045/1174/2263 1243/1522/2263
f 1024/1516/2277 842/1517/2277 1227/1420/2277
f 1024/1516/2277 1423/1463/2277 844/1521/2277
f 842/1517/2278 1218/1466/2278 877/1468/2278
f 877/1468/2279 1223/1107/2279 842/1517/2279
f 1044/1173/2263 844/1521/2263 1245/1523/2263
f 1045/1174/2268 1044/1173/2268 1245/1523/2268
f 1363/1120/2280 1364/1097/2280 1071/1213/2280
f 1374/1524/2281 1076/1525/2281 1373/1526/2281
f 915/1127/2282 1064/1129/2282 1063/1243/2282
f 1070/1121/2283 1076/1218/2283 1067/1176/2283
f 836/1026/2284 870/1182/2284 904/1137/2284
f 1235/1527/2285 1234/1528/2285 905/1446/2285
f 1241/1529/2222 1046/1175/2222 1244/1530/2222
f 914/1246/2286 1063/1243/2286 1062/1242/2286
f 1212/1090/2287 1441/1089/2287 1451/1531/2287
f 1072/1214/2288 1067/1176/2288 1076/1218/2288
f 911/1193/2289 1133/1191/2289 905/1446/2289
f 905/1446/2290 1234/1528/2290 911/1193/2290
f 1046/1175/2291 1241/1529/2291 1043/1168/2291
f 1043/1168/2292 1241/1529/2292 875/1532/2292
f 1043/1168/2293 875/1532/2293 1039/1162/2293
f 1039/1162/2294 875/1532/2294 971/1164/2294
f 1243/1522/2263 1244/1530/2263 1046/1175/2263
f 1245/1523/2268 1243/1522/2268 1045/1174/2268
f 1238/1138/2295 904/1137/2295 870/1182/2295
f 913/1533/2296 922/1027/2296 836/1026/2296
f 912/1534/2297 1240/1535/2297 913/1536/2297
f 1525/1537/2298 1517/1538/2298 912/1534/2298
f 908/1539/2299 1246/1540/2299 909/1541/2299
f 913/1533/2300 1240/1542/2300 922/1027/2300
f 1240/1542/2301 921/1343/2301 922/1027/2301
f 1344/1543/2302 1272/1544/2302 1342/1545/2302
f 898/1546/2303 1283/1547/2303 1346/1548/2303
f 1520/1549/2304 1206/1202/2304 1519/1204/2304
f 1521/1211/2305 1247/1550/2305 1520/1551/2305
f 1520/1549/2306 1247/1552/2306 1206/1202/2306
f 1247/1552/2307 1207/1410/2307 1206/1202/2307
f 1248/1210/2308 1249/1553/2308 1521/1211/2308
f 1521/1211/2309 1249/1553/2309 1247/1550/2309
f 1249/1554/2310 1250/1555/2310 1247/1552/2310
f 1247/1552/2311 1250/1555/2311 1207/1410/2311
f 1250/1555/2312 920/1414/2312 1207/1410/2312
f 903/1556/2313 1251/1557/2313 1522/1558/2313
f 1522/1558/2314 1251/1557/2314 1248/1210/2314
f 902/1559/2315 1252/1560/2315 903/1556/2315
f 903/1556/2316 1252/1560/2316 1251/1557/2316
f 1251/1557/2317 1253/1561/2317 1248/1210/2317
f 1248/1210/2318 1253/1561/2318 1249/1553/2318
f 1253/1562/2319 1254/1563/2319 1249/1554/2319
f 1249/1554/2320 1254/1563/2320 1250/1555/2320
f 1254/1563/2321 1255/1564/2321 1250/1555/2321
f 1250/1555/2322 1255/1564/2322 920/1414/2322
f 1255/1564/2323 919/1415/2323 920/1414/2323
f 1252/1560/2324 1256/1565/2324 1251/1557/2324
f 1251/1557/2325 1256/1565/2325 1253/1561/2325
f 901/1566/2326 900/1567/2326 902/1559/2326
f 900/1567/2327 1257/1568/2327 902/1559/2327
f 902/1559/2328 1257/1568/2328 1252/1560/2328
f 1252/1560/2329 1257/1568/2329 1256/1565/2329
f 1256/1565/2330 1258/1569/2330 1253/1561/2330
f 1253/1561/2331 1258/1569/2331 1254/1570/2331
f 1258/1571/2332 1259/1572/2332 1254/1563/2332
f 1254/1563/2333 1259/1572/2333 1255/1564/2333
f 1259/1572/2334 1260/1573/2334 1255/1564/2334
f 1255/1564/2335 1260/1573/2335 919/1415/2335
f 1260/1573/2336 918/1416/2336 919/1415/2336
f 899/1574/2337 1261/1575/2337 900/1567/2337
f 900/1567/2338 1261/1575/2338 1257/1568/2338
f 1261/1575/2339 1262/1576/2339 1257/1568/2339
f 1257/1568/2340 1262/1576/2340 1256/1565/2340
f 1262/1576/2341 1263/1577/2341 1256/1565/2341
f 1256/1565/2342 1263/1577/2342 1258/1569/2342
f 1342/1545/2343 1264/1578/2343 899/1574/2343
f 899/1574/2344 1264/1578/2344 1261/1575/2344
f 1264/1578/2345 1265/1579/2345 1261/1575/2345
f 1265/1579/2346 1266/1580/2346 1261/1575/2346
f 1261/1575/2347 1266/1580/2347 1262/1576/2347
f 1266/1580/2348 1267/1581/2348 1262/1576/2348
f 1262/1576/2349 1267/1581/2349 1263/1577/2349
f 1267/1581/2350 1268/1582/2350 1263/1577/2350
f 1263/1577/2342 1268/1582/2342 1258/1569/2342
f 1268/1582/2351 1269/1583/2351 1258/1569/2351
f 1258/1571/2352 1269/1584/2352 1259/1572/2352
f 1269/1584/2353 1270/1585/2353 1259/1572/2353
f 1259/1572/2354 1270/1585/2354 1260/1573/2354
f 1270/1585/2355 1271/1438/2355 1260/1573/2355
f 1260/1573/2356 1271/1438/2356 918/1416/2356
f 1271/1438/2357 894/1417/2357 918/1416/2357
f 1342/1545/2358 1272/1544/2358 1264/1578/2358
f 1267/1581/2359 1273/1586/2359 1268/1582/2359
f 1273/1586/2360 1274/1587/2360 1268/1582/2360
f 1268/1582/2361 1274/1587/2361 1269/1583/2361
f 1274/1588/2362 1275/1100/2362 1269/1584/2362
f 1269/1584/2363 1275/1100/2363 1270/1585/2363
f 1275/1100/2364 1276/1102/2364 1270/1585/2364
f 1270/1585/2365 1276/1102/2365 1271/1438/2365
f 1344/1543/2366 1277/1589/2366 1272/1544/2366
f 1272/1544/2367 1277/1589/2367 1264/1578/2367
f 1277/1589/2368 1278/1590/2368 1264/1578/2368
f 1264/1578/2369 1278/1590/2369 1265/1579/2369
f 1265/1579/2370 1278/1590/2370 1266/1580/2370
f 1278/1590/2371 1279/1591/2371 1266/1580/2371
f 1266/1580/2372 1279/1591/2372 1267/1581/2372
f 1279/1591/2373 1280/1592/2373 1267/1581/2373
f 1267/1581/2374 1280/1592/2374 1273/1586/2374
f 1280/1592/2375 1281/1593/2375 1273/1586/2375
f 1273/1586/2376 1281/1593/2376 1274/1587/2376
f 1281/1594/2377 1282/1105/2377 1274/1588/2377
f 1274/1588/2378 1282/1105/2378 1275/1100/2378
f 1346/1548/2379 1283/1547/2379 1344/1543/2379
f 1283/1547/2380 1284/1595/2380 1344/1543/2380
f 1344/1543/2381 1284/1595/2381 1277/1589/2381
f 1284/1595/2382 1285/1596/2382 1277/1589/2382
f 1277/1589/2383 1285/1596/2383 1278/1590/2383
f 1285/1596/2384 1286/1597/2384 1278/1590/2384
f 1278/1590/2385 1286/1597/2385 1279/1591/2385
f 1286/1597/2386 1280/1592/2386 1279/1591/2386
f 1280/1592/2387 1287/1598/2387 1281/1593/2387
f 1287/1599/2388 1288/1103/2388 1281/1594/2388
f 1281/1594/2389 1288/1103/2389 1282/1105/2389
f 1283/1547/2390 1289/1600/2390 1284/1595/2390
f 1284/1595/2391 1289/1600/2391 1285/1596/2391
f 1289/1600/2392 1290/1601/2392 1285/1596/2392
f 1285/1596/2393 1290/1601/2393 1286/1597/2393
f 1290/1601/2394 1291/1602/2394 1286/1597/2394
f 1291/1602/2395 1292/1603/2395 1286/1597/2395
f 1286/1597/2396 1292/1603/2396 1280/1592/2396
f 1292/1603/2397 1293/1604/2397 1280/1592/2397
f 1280/1592/2398 1293/1604/2398 1287/1598/2398
f 1293/1605/2399 1294/1220/2399 1287/1599/2399
f 1287/1599/2400 1294/1220/2400 1288/1103/2400
f 1353/1025/2401 888/1024/2401 898/1546/2401
f 888/1024/2402 887/1606/2402 898/1546/2402
f 898/1546/2403 887/1606/2403 1283/1547/2403
f 887/1606/2404 886/1607/2404 1283/1547/2404
f 1283/1547/2405 886/1607/2405 1289/1600/2405
f 886/1607/2406 885/1608/2406 1289/1600/2406
f 1289/1600/2407 885/1608/2407 1290/1601/2407
f 885/1608/2408 884/1609/2408 1290/1601/2408
f 1290/1601/2409 884/1609/2409 1291/1602/2409
f 884/1609/2410 883/1610/2410 1291/1602/2410
f 1291/1602/2411 883/1610/2411 1292/1603/2411
f 883/1611/2412 882/1612/2412 1292/1613/2412
f 1292/1613/2413 882/1612/2413 1293/1605/2413
f 882/1612/2414 881/1216/2414 1293/1605/2414
f 1293/1605/2415 881/1216/2415 1294/1220/2415
f 1294/1220/1799 925/1215/1799 1188/1172/1799
f 971/1344/2416 1239/1614/2416 1060/1240/2416
f 1233/1179/2417 906/1180/2417 911/1615/2417
f 967/1249/2418 1235/1616/2418 1236/1617/2418
f 1240/1535/2419 1517/1538/2419 1525/1537/2419
f 1519/1618/2420 943/1619/2420 1518/1620/2420
f 1524/1621/2421 1306/1622/2421 1516/1623/2421
f 889/1449/2422 1295/1624/2422 1242/1450/2422
f 1244/1625/2417 1239/1614/2417 1241/1626/2417
f 1239/1614/2416 911/1615/2416 1060/1240/2416
f 1234/1627/2423 1233/1179/2423 911/1615/2423
f 1237/1139/2424 1238/1138/2424 870/1182/2424
f 1235/1616/2425 967/1249/2425 966/1181/2425
f 967/1249/2416 1236/1617/2416 1237/1139/2416
f 870/1182/2426 907/1250/2426 967/1249/2426
f 1235/1616/2427 1233/1179/2427 1234/1627/2427
f 906/1180/2416 1232/1134/2416 911/1615/2416
f 1074/1248/2428 916/1208/2428 1068/1128/2428
f 1062/1242/2429 1061/1241/2429 1074/1248/2429
f 1061/1241/2430 1060/1240/2430 1074/1248/2430
f 1074/1248/2431 1060/1240/2431 1232/1134/2431
f 971/1344/2417 875/1628/2417 1239/1614/2417
f 875/1628/2416 1241/1626/2416 1239/1614/2416
f 870/1182/2432 967/1249/2432 1237/1139/2432
f 1233/1179/2433 1235/1616/2433 966/1181/2433
f 1074/1248/2434 1068/1128/2434 915/1127/2434
f 911/1615/2416 1232/1134/2416 1060/1240/2416
f 1074/1248/2435 915/1127/2435 1062/1242/2435
f 914/1246/2436 1062/1242/2436 915/1127/2436
f 1018/1494/2437 876/1029/2437 1423/1031/2437
f 1534/1629/2438 1540/1630/2438 1535/1475/2438
f 1534/1629/2439 1539/1631/2439 1540/1630/2439
f 1540/1630/2440 1541/1478/2440 1536/1474/2440
f 1539/1631/2441 1534/1629/2441 1509/1632/2441
f 1535/1475/2442 1540/1630/2442 1536/1474/2442
f 1538/1633/2443 1542/1634/2443 1533/1471/2443
f 1533/1471/2444 1537/1635/2444 1538/1633/2444
f 1246/1540/2445 1537/1635/2445 1532/1470/2445
f 1518/1620/2446 1246/1540/2446 1531/1636/2446
f 1530/1637/2421 910/1638/2421 1515/1333/2421
f 910/1638/2447 1518/1620/2447 1515/1333/2447
f 1530/1637/2421 1515/1333/2421 1514/1639/2421
f 1529/1640/2447 1530/1637/2447 1514/1639/2447
f 1527/1641/2448 1528/1642/2448 1514/1639/2448
f 1528/1642/2449 1529/1640/2449 1514/1639/2449
f 1526/1643/2450 1527/1641/2450 1514/1639/2450
f 1306/1622/2420 1526/1643/2420 1516/1623/2420
f 1525/1537/2451 1524/1621/2451 1510/1644/2451
f 1510/1644/2452 921/1645/2452 1240/1535/2452
f 1516/1623/2453 1136/1646/2453 1524/1621/2453
f 1136/1646/2454 1510/1644/2454 1524/1621/2454
f 1514/1639/2447 1516/1623/2447 1526/1643/2447
f 1511/1334/2447 1515/1333/2447 1518/1620/2447
f 1512/1183/2455 1513/1335/2455 943/1619/2455
f 1128/1184/2456 1512/1183/2456 943/1619/2456
f 1518/1620/2421 943/1619/2421 1511/1334/2421
f 1521/1211/2457 1520/1551/2457 1519/1618/2457
f 1531/1636/2421 1519/1618/2421 1518/1620/2421
f 1522/1558/2458 1523/1212/2458 1521/1211/2458
f 903/1556/2459 1522/1558/2459 1521/1211/2459
f 1531/1636/2421 903/1556/2421 1519/1618/2421
f 1521/1211/2460 1519/1618/2460 903/1556/2460
f 943/1619/2461 1513/1335/2461 1511/1334/2461
f 1510/1644/2462 1240/1535/2462 1525/1537/2462
f 1532/1470/2463 1537/1635/2463 1533/1471/2463
f 1532/1470/2464 1531/1636/2464 1246/1540/2464
f 1509/1632/2463 1534/1629/2463 1533/1471/2463
f 1215/1647/2465 1498/1648/2465 1492/1649/2465
f 1492/1650/2466 1213/1651/2466 1215/1652/2466
f 1216/1653/2467 880/1654/2467 1506/1655/2467
f 1506/1655/2468 1214/1656/2468 1216/1653/2468
f 850/1657/2469 1538/1633/2469 1537/1635/2469
f 1310/1658/2470 1314/1659/2470 1526/1660/2470
f 1299/1661/2471 1302/1662/2471 1525/1537/2471
f 1335/1663/2472 1518/1620/2472 910/1638/2472
f 1136/1342/2473 1516/1664/2473 1131/1339/2473
f 1486/1665/2474 1539/1631/2474 1509/1632/2474
f 889/1449/2475 879/1666/2475 1295/1624/2475
f 879/1666/2476 841/1667/2476 1295/1624/2476
f 1310/1668/2477 1526/1643/2477 1306/1622/2477
f 909/1541/2478 1246/1540/2478 1518/1620/2478
f 912/1534/2479 1517/1538/2479 1240/1535/2479
f 1135/1341/2480 1510/1669/2480 1136/1342/2480
f 1127/1332/2481 1514/1639/2481 1515/1333/2481
f 1373/1526/2482 1075/1670/2482 1372/1671/2482
f 1243/1672/2483 1296/1194/2483 1244/1444/2483
f 1243/1672/2484 1245/1188/2484 1296/1194/2484
f 904/1137/2485 913/1533/2485 836/1026/2485
f 1237/1139/2486 1297/1673/2486 904/1137/2486
f 1236/1674/2487 1298/1675/2487 1237/1676/2487
f 1235/1527/2488 1300/1677/2488 1236/1674/2488
f 905/1446/2489 1303/1678/2489 1235/1527/2489
f 904/1137/2490 1297/1673/2490 913/1533/2490
f 1297/1673/2491 912/1679/2491 913/1533/2491
f 1237/1139/2492 1298/1680/2492 1297/1673/2492
f 1298/1680/2493 1299/1681/2493 1297/1673/2493
f 1297/1682/2494 1299/1661/2494 912/1534/2494
f 1236/1674/2495 1300/1677/2495 1298/1675/2495
f 1300/1677/2496 1301/1683/2496 1298/1675/2496
f 1298/1675/2497 1301/1683/2497 1299/1684/2497
f 1301/1683/2498 1302/1685/2498 1299/1684/2498
f 1235/1527/2499 1303/1678/2499 1300/1677/2499
f 1303/1678/2500 1304/1686/2500 1300/1677/2500
f 1300/1677/2501 1304/1686/2501 1301/1683/2501
f 1304/1686/2502 1305/1687/2502 1301/1683/2502
f 1301/1683/2503 1305/1687/2503 1302/1685/2503
f 1305/1687/2504 1306/1688/2504 1302/1685/2504
f 905/1446/2505 1307/1445/2505 1303/1678/2505
f 1307/1445/2506 1308/1689/2506 1303/1678/2506
f 1303/1678/2507 1308/1689/2507 1304/1686/2507
f 1308/1689/2508 1309/1690/2508 1304/1686/2508
f 1304/1686/2509 1309/1690/2509 1305/1687/2509
f 1309/1690/2510 1310/1658/2510 1305/1687/2510
f 1305/1687/2511 1310/1658/2511 1306/1688/2511
f 1307/1445/2512 1311/1453/2512 1308/1689/2512
f 1311/1453/2513 1312/1691/2513 1308/1689/2513
f 1308/1689/2514 1312/1691/2514 1309/1690/2514
f 1312/1691/2515 1313/1692/2515 1309/1690/2515
f 1309/1690/2516 1313/1692/2516 1310/1658/2516
f 1313/1692/2517 1314/1659/2517 1310/1658/2517
f 1133/1191/2518 1137/1190/2518 1311/1453/2518
f 1311/1453/2519 1315/1448/2519 1312/1691/2519
f 1315/1448/2520 1316/1693/2520 1312/1691/2520
f 1312/1691/2521 1316/1693/2521 1313/1692/2521
f 1316/1693/2522 1317/1694/2522 1313/1692/2522
f 1313/1692/2523 1317/1694/2523 1314/1659/2523
f 1317/1694/2524 1527/1695/2524 1314/1659/2524
f 1315/1448/2525 1318/1447/2525 1316/1693/2525
f 1318/1447/2526 1319/1696/2526 1316/1693/2526
f 1316/1693/2527 1319/1696/2527 1317/1694/2527
f 1319/1696/2528 1320/1697/2528 1317/1694/2528
f 1317/1694/2529 1320/1697/2529 1527/1695/2529
f 1320/1698/2530 1528/1642/2530 1527/1641/2530
f 1321/1196/2531 1319/1696/2531 1318/1447/2531
f 1320/1698/2532 1322/1699/2532 1528/1642/2532
f 1322/1699/2533 1323/1700/2533 1528/1642/2533
f 1321/1196/2534 1324/1195/2534 1319/1696/2534
f 1324/1195/2535 1325/1701/2535 1319/1696/2535
f 1319/1696/2536 1325/1701/2536 1320/1697/2536
f 1325/1701/2537 1322/1702/2537 1320/1697/2537
f 1324/1195/2538 1327/1205/2538 1325/1701/2538
f 1327/1205/2539 1328/1207/2539 1325/1701/2539
f 1325/1701/2540 1328/1207/2540 1322/1702/2540
f 1328/1207/2541 1329/1703/2541 1322/1702/2541
f 1322/1699/2542 1329/1704/2542 1323/1700/2542
f 1329/1704/2543 1330/1705/2543 1323/1700/2543
f 1323/1700/2544 1330/1705/2544 1326/1706/2544
f 1326/1706/2545 1331/1707/2545 1530/1637/2545
f 868/1708/2546 1414/1709/2546 1413/1710/2546
f 1332/1198/2547 1328/1207/2547 893/1206/2547
f 1328/1207/2548 1332/1198/2548 1329/1703/2548
f 1332/1198/2549 1333/1200/2549 1329/1703/2549
f 1329/1704/2550 1333/1456/2550 1330/1705/2550
f 1333/1456/2551 1334/1711/2551 1330/1705/2551
f 1330/1705/2552 1334/1711/2552 1326/1706/2552
f 1326/1706/2553 1334/1711/2553 1331/1707/2553
f 1334/1711/2554 1335/1663/2554 1331/1707/2554
f 1331/1707/2555 1335/1663/2555 910/1638/2555
f 1333/1456/2556 1336/1455/2556 1334/1711/2556
f 1336/1455/2557 1337/1712/2557 1334/1711/2557
f 1334/1711/2558 1337/1712/2558 1335/1663/2558
f 1337/1712/2559 909/1541/2559 1335/1663/2559
f 874/1713/2560 1245/1523/2560 1022/1714/2560
f 892/1199/2561 1338/1501/2561 1336/1715/2561
f 1338/1716/2562 1339/1717/2562 1336/1455/2562
f 1336/1455/2563 1339/1717/2563 1337/1712/2563
f 1339/1717/2564 1340/1718/2564 1337/1712/2564
f 1337/1712/2565 1340/1718/2565 909/1541/2565
f 1340/1718/2566 908/1539/2566 909/1541/2566
f 1338/1716/2567 1205/1719/2567 1339/1717/2567
f 1205/1502/2568 872/1720/2568 1339/1721/2568
f 872/1722/2569 871/1723/2569 1339/1717/2569
f 1339/1717/2570 871/1723/2570 1340/1718/2570
f 1340/1718/2571 871/1723/2571 908/1539/2571
f 871/1723/2572 850/1657/2572 908/1539/2572
f 902/1559/2573 903/1556/2573 1531/1636/2573
f 1531/1636/2574 901/1566/2574 902/1559/2574
f 1532/1470/2575 1341/1469/2575 1531/1636/2575
f 1531/1636/2576 1341/1469/2576 901/1566/2576
f 1341/1469/2577 900/1567/2577 901/1566/2577
f 1533/1471/2578 1342/1545/2578 1341/1469/2578
f 1341/1469/2579 1342/1545/2579 900/1567/2579
f 900/1567/2580 1342/1545/2580 899/1574/2580
f 1534/1629/2581 1343/1724/2581 1533/1471/2581
f 1533/1471/2582 1343/1724/2582 1342/1545/2582
f 1343/1724/2583 1344/1543/2583 1342/1545/2583
f 1345/1476/2584 1534/1629/2584 1535/1475/2584
f 1534/1629/2585 1345/1476/2585 1343/1724/2585
f 1345/1476/2586 1346/1548/2586 1343/1724/2586
f 1343/1724/2587 1346/1548/2587 1344/1543/2587
f 1536/1474/2588 1347/1473/2588 1535/1475/2588
f 1347/1473/2589 1348/1725/2589 1345/1476/2589
f 1345/1476/2590 1348/1725/2590 1346/1548/2590
f 1348/1725/2591 1349/1726/2591 1346/1548/2591
f 1349/1726/2592 898/1546/2592 1346/1548/2592
f 1541/1478/2593 1350/1472/2593 1536/1474/2593
f 1350/1472/2594 1351/1727/2594 1347/1473/2594
f 1347/1473/2595 1351/1727/2595 1348/1725/2595
f 1351/1727/2596 1352/1728/2596 1348/1725/2596
f 1348/1725/2597 1352/1728/2597 1349/1726/2597
f 1352/1728/2598 1353/1025/2598 1349/1726/2598
f 1349/1726/2599 1353/1025/2599 898/1546/2599
f 908/1539/2600 850/1657/2600 1537/1635/2600
f 848/1477/2601 847/1729/2601 1350/1472/2601
f 1350/1472/2602 847/1729/2602 1351/1727/2602
f 847/1729/2603 846/1730/2603 1351/1727/2603
f 1351/1727/2604 846/1730/2604 1352/1728/2604
f 846/1730/2605 845/1731/2605 1352/1728/2605
f 1352/1728/2606 845/1731/2606 1353/1025/2606
f 845/1731/2607 835/1018/2607 1353/1025/2607
f 882/1612/2608 1354/1219/2608 881/1216/2608
f 883/1611/2609 1355/1732/2609 882/1612/2609
f 884/1733/2610 1356/1734/2610 883/1611/2610
f 885/1608/2611 1366/1735/2611 884/1609/2611
f 886/1607/2612 1377/1736/2612 885/1608/2612
f 887/1606/2613 1389/1737/2613 886/1607/2613
f 888/1024/2614 1401/1738/2614 887/1606/2614
f 882/1612/2615 1355/1732/2615 1354/1219/2615
f 1355/1732/2616 1066/1189/2616 1354/1219/2616
f 883/1611/2617 1356/1734/2617 1355/1732/2617
f 1356/1734/2618 1357/1739/2618 1355/1732/2618
f 1355/1732/2619 1357/1739/2619 1066/1189/2619
f 1357/1739/2620 1358/1169/2620 1066/1189/2620
f 884/1733/2621 1359/1740/2621 1356/1734/2621
f 1359/1740/2622 1360/1741/2622 1356/1734/2622
f 1356/1734/2623 1360/1741/2623 1357/1739/2623
f 1360/1741/2624 1361/1742/2624 1357/1739/2624
f 1357/1739/2625 1361/1742/2625 1358/1169/2625
f 1361/1742/2626 1362/1119/2626 1358/1169/2626
f 1070/1121/2627 1363/1120/2627 1071/1213/2627
f 884/1609/2628 1366/1735/2628 1359/1743/2628
f 1366/1735/2629 1367/1744/2629 1359/1743/2629
f 1359/1740/2630 1367/1745/2630 1360/1741/2630
f 1367/1746/2631 1368/1747/2631 1360/1748/2631
f 1360/1741/2632 1368/1749/2632 1361/1742/2632
f 1368/1747/2633 1369/1750/2633 1361/1751/2633
f 1361/1742/2634 1369/1752/2634 1362/1119/2634
f 1369/1750/2635 1370/1753/2635 1362/1754/2635
f 1362/1119/2636 1370/1755/2636 1363/1120/2636
f 1370/1753/2637 1371/1756/2637 1363/1757/2637
f 1363/1120/2638 1371/1758/2638 1364/1097/2638
f 1371/1756/2639 1372/1671/2639 1364/1759/2639
f 1075/1096/2640 1373/1760/2640 1076/1218/2640
f 1374/1524/2641 1375/1761/2641 1072/1762/2641
f 1072/1214/2642 1375/1763/2642 1365/1217/2642
f 1375/1761/2643 1376/1424/2643 1365/1764/2643
f 885/1608/2644 1377/1736/2644 1366/1735/2644
f 1377/1736/2645 1378/1765/2645 1366/1735/2645
f 1366/1735/2646 1378/1765/2646 1367/1744/2646
f 1378/1766/2647 1379/1767/2647 1367/1746/2647
f 1367/1746/2648 1379/1767/2648 1368/1747/2648
f 1379/1767/2649 1380/1768/2649 1368/1747/2649
f 1368/1747/2650 1380/1768/2650 1369/1750/2650
f 1380/1768/2651 1381/1769/2651 1369/1750/2651
f 1369/1750/2652 1381/1769/2652 1370/1753/2652
f 1381/1769/2653 1382/1770/2653 1370/1753/2653
f 1370/1753/2654 1382/1770/2654 1371/1756/2654
f 1382/1770/2655 1383/1771/2655 1371/1756/2655
f 1371/1756/2656 1383/1771/2656 1372/1671/2656
f 1383/1771/2657 1384/1772/2657 1372/1671/2657
f 1372/1671/2658 1384/1772/2658 1373/1526/2658
f 1384/1772/2659 1385/1773/2659 1373/1526/2659
f 1373/1526/2660 1385/1773/2660 1374/1524/2660
f 1385/1773/2661 1386/1774/2661 1374/1524/2661
f 1374/1524/2662 1386/1774/2662 1375/1761/2662
f 1386/1774/2663 1387/1775/2663 1375/1761/2663
f 1375/1761/2664 1387/1775/2664 1376/1424/2664
f 1387/1775/2665 1388/1422/2665 1376/1424/2665
f 886/1607/2666 1389/1737/2666 1377/1736/2666
f 1389/1737/2667 1390/1776/2667 1377/1736/2667
f 1377/1777/2668 1390/1778/2668 1378/1766/2668
f 1390/1778/2669 1391/1779/2669 1378/1766/2669
f 1378/1766/2670 1391/1779/2670 1379/1767/2670
f 1391/1779/2671 1392/1780/2671 1379/1767/2671
f 1379/1767/2672 1392/1780/2672 1380/1768/2672
f 1392/1780/2673 1393/1781/2673 1380/1768/2673
f 1380/1768/2674 1393/1781/2674 1381/1769/2674
f 1393/1781/2675 1394/1782/2675 1381/1769/2675
f 1381/1769/2676 1394/1782/2676 1382/1770/2676
f 1394/1782/2677 1395/1783/2677 1382/1770/2677
f 1382/1770/2678 1395/1783/2678 1383/1771/2678
f 1395/1783/2679 1396/1784/2679 1383/1771/2679
f 1383/1771/2680 1396/1784/2680 1384/1772/2680
f 1396/1784/2681 1397/1785/2681 1384/1772/2681
f 1384/1772/2682 1397/1785/2682 1385/1773/2682
f 1397/1785/2683 1398/1786/2683 1385/1773/2683
f 1385/1773/2684 1398/1786/2684 1386/1774/2684
f 1398/1786/2685 1399/1787/2685 1386/1774/2685
f 1386/1774/2686 1399/1787/2686 1387/1775/2686
f 1399/1787/2687 1400/1788/2687 1387/1775/2687
f 1387/1775/2688 1400/1788/2688 1388/1422/2688
f 1400/1788/2689 890/1425/2689 1388/1422/2689
f 887/1606/2690 1401/1738/2690 1389/1737/2690
f 1401/1789/2691 1402/1790/2691 1389/1791/2691
f 1389/1791/2692 1402/1790/2692 1390/1778/2692
f 1402/1790/2693 1403/1792/2693 1390/1778/2693
f 1390/1778/2694 1403/1792/2694 1391/1779/2694
f 1403/1792/2695 1404/1793/2695 1391/1779/2695
f 1391/1779/2696 1404/1793/2696 1392/1780/2696
f 1404/1793/2697 1405/1794/2697 1392/1780/2697
f 1392/1780/2698 1405/1794/2698 1393/1781/2698
f 1405/1794/2699 1406/1795/2699 1393/1781/2699
f 1393/1781/2700 1406/1795/2700 1394/1782/2700
f 1406/1795/2701 1407/1796/2701 1394/1782/2701
f 1394/1782/2702 1407/1796/2702 1395/1783/2702
f 1407/1796/2703 1408/1797/2703 1395/1783/2703
f 1395/1783/2704 1408/1797/2704 1396/1784/2704
f 1408/1797/2705 1409/1798/2705 1396/1784/2705
f 1396/1784/2706 1409/1798/2706 1397/1785/2706
f 1409/1798/2707 1410/1799/2707 1397/1785/2707
f 1397/1785/2708 1410/1799/2708 1398/1786/2708
f 1410/1799/2709 1411/1800/2709 1398/1786/2709
f 1398/1786/2710 1411/1800/2710 1399/1787/2710
f 1399/1787/2711 1411/1800/2711 1400/1788/2711
f 1411/1800/2712 1412/1801/2712 1400/1788/2712
f 1400/1788/2713 1412/1801/2713 890/1425/2713
f 1412/1801/2714 889/1449/2714 890/1425/2714
f 888/1024/2715 863/1020/2715 1401/1738/2715
f 863/1802/2716 862/1803/2716 1401/1789/2716
f 1401/1789/2717 862/1803/2717 1402/1790/2717
f 862/1803/2718 861/1804/2718 1402/1790/2718
f 1402/1790/2719 861/1804/2719 1403/1792/2719
f 861/1804/2720 860/1805/2720 1403/1792/2720
f 1403/1792/2721 860/1805/2721 1404/1793/2721
f 860/1805/2722 859/1806/2722 1404/1793/2722
f 1404/1793/2723 859/1806/2723 1405/1794/2723
f 859/1806/2724 858/1807/2724 1405/1794/2724
f 1405/1794/2725 858/1807/2725 1406/1795/2725
f 858/1807/2726 857/1808/2726 1406/1795/2726
f 1406/1795/2727 857/1808/2727 1407/1796/2727
f 857/1808/2728 856/1809/2728 1407/1796/2728
f 1407/1796/2729 856/1809/2729 1408/1797/2729
f 856/1809/2730 855/1810/2730 1408/1797/2730
f 1408/1797/2731 855/1810/2731 1409/1798/2731
f 855/1810/2732 854/1811/2732 1409/1798/2732
f 1409/1798/2733 854/1811/2733 1410/1799/2733
f 854/1811/2734 853/1812/2734 1410/1799/2734
f 1410/1799/2735 853/1812/2735 1411/1800/2735
f 853/1812/2736 852/1813/2736 1411/1800/2736
f 1411/1800/2737 852/1813/2737 1412/1801/2737
f 852/1813/2738 851/1814/2738 1412/1801/2738
f 1412/1801/2739 851/1814/2739 889/1449/2739
f 851/1814/2740 879/1666/2740 889/1449/2740
f 1436/1815/2741 865/1816/2741 1430/1817/2741
f 1418/1113/2742 1436/1815/2742 1446/1091/2742
f 1221/1122/2743 1227/1420/2743 1222/1106/2743
f 1022/1503/2234 1205/1502/2234 874/1186/2234
f 1011/1079/2744 1024/1116/2744 1012/1080/2744
f 869/1818/2745 841/1667/2745 879/1666/2745
f 868/1708/2746 1413/1710/2746 869/1818/2746
f 869/1818/2747 1413/1710/2747 841/1667/2747
f 867/1819/2748 1414/1709/2748 868/1708/2748
f 866/1820/2749 1415/1821/2749 867/1819/2749
f 867/1819/2750 1415/1821/2750 1414/1709/2750
f 865/1816/2751 1415/1821/2751 866/1820/2751
f 1436/1815/2752 1416/1822/2752 865/1816/2752
f 865/1816/2753 1416/1822/2753 1415/1821/2753
f 1416/1822/2754 1417/1823/2754 1415/1821/2754
f 1436/1815/2755 1418/1113/2755 1416/1822/2755
f 1418/1113/2756 1419/1112/2756 1416/1822/2756
f 1419/1112/2757 1420/1824/2757 1416/1822/2757
f 1416/1822/2758 1420/1824/2758 1417/1823/2758
f 1419/1112/2759 944/1111/2759 1420/1824/2759
f 944/1111/2760 1421/1023/2760 1420/1824/2760
f 944/1111/2761 1422/1021/2761 1421/1023/2761
f 1321/1196/1780 1137/1190/1780 1296/1194/1780
f 864/1171/2762 1038/1161/2762 1037/1160/2762
f 864/1825/2763 1037/1826/2763 1040/1133/2763
f 979/1076/2764 849/1827/2764 1040/1133/2764
f 1022/1714/2765 1245/1523/2765 844/1521/2765
f 1354/1219/2766 1066/1189/2766 1067/1176/2766
f 1211/1500/2767 1424/1828/2767 1205/1502/2767
f 1205/1502/2768 1424/1828/2768 872/1720/2768
f 1424/1829/2769 871/1723/2769 872/1722/2769
f 1211/1500/2770 1425/1830/2770 1424/1828/2770
f 840/1499/2771 1425/1830/2771 1211/1500/2771
f 1425/1830/2772 839/1831/2772 1424/1828/2772
f 839/1831/2773 838/1832/2773 1424/1828/2773
f 1424/1828/2774 838/1832/2774 871/1833/2774
f 838/1834/2775 850/1657/2775 871/1723/2775
f 851/1814/2776 869/1818/2776 879/1666/2776
f 852/1813/2777 1426/1835/2777 851/1814/2777
f 853/1812/2778 1427/1836/2778 852/1813/2778
f 854/1811/2779 1431/1837/2779 853/1812/2779
f 855/1810/2780 1433/1838/2780 854/1811/2780
f 856/1809/2781 1437/1839/2781 855/1810/2781
f 857/1808/2782 1442/1840/2782 856/1809/2782
f 858/1807/2783 1447/1841/2783 857/1808/2783
f 859/1806/2784 1452/1842/2784 858/1807/2784
f 860/1805/2785 1457/1843/2785 859/1806/2785
f 861/1804/2786 1464/1844/2786 860/1805/2786
f 862/1803/2787 1470/1845/2787 861/1804/2787
f 863/1802/2788 1474/1846/2788 862/1803/2788
f 851/1814/2789 1426/1835/2789 869/1818/2789
f 1426/1835/2790 868/1708/2790 869/1818/2790
f 852/1813/2791 1427/1836/2791 1426/1835/2791
f 1427/1836/2792 1428/1847/2792 1426/1835/2792
f 1426/1835/2793 1428/1847/2793 868/1708/2793
f 868/1708/2794 1428/1847/2794 867/1819/2794
f 1428/1847/2795 866/1820/2795 867/1819/2795
f 1427/1836/2796 1429/1848/2796 1428/1847/2796
f 1429/1848/2797 1430/1817/2797 1428/1847/2797
f 1428/1847/2798 1430/1817/2798 866/1820/2798
f 1430/1817/2799 865/1816/2799 866/1820/2799
f 853/1812/2800 1431/1837/2800 1427/1836/2800
f 1431/1837/2801 1429/1848/2801 1427/1836/2801
f 1429/1848/2802 1432/1849/2802 1430/1817/2802
f 854/1811/2803 1433/1838/2803 1431/1837/2803
f 1433/1838/2804 1434/1850/2804 1431/1837/2804
f 1431/1837/2805 1434/1850/2805 1429/1848/2805
f 1434/1850/2806 1435/1851/2806 1429/1848/2806
f 1429/1848/2807 1435/1851/2807 1432/1849/2807
f 1432/1849/2808 1436/1815/2808 1430/1817/2808
f 855/1810/2809 1437/1839/2809 1433/1838/2809
f 1437/1839/2810 1438/1852/2810 1433/1838/2810
f 1433/1838/2811 1438/1852/2811 1434/1850/2811
f 1438/1852/2812 1439/1853/2812 1434/1850/2812
f 1434/1850/2813 1439/1853/2813 1435/1851/2813
f 1435/1851/2814 1440/1854/2814 1432/1849/2814
f 1440/1854/2815 1441/1089/2815 1432/1849/2815
f 1432/1849/2816 1441/1089/2816 1436/1815/2816
f 856/1809/2817 1442/1840/2817 1437/1839/2817
f 1442/1840/2818 1443/1855/2818 1437/1839/2818
f 1437/1839/2819 1443/1855/2819 1438/1852/2819
f 1443/1855/2820 1444/1856/2820 1438/1852/2820
f 1438/1852/2821 1444/1856/2821 1439/1853/2821
f 1439/1853/2822 1445/1857/2822 1435/1851/2822
f 1435/1851/2823 1445/1857/2823 1440/1854/2823
f 1441/1089/2824 1446/1091/2824 1436/1815/2824
f 857/1808/2825 1447/1841/2825 1442/1840/2825
f 1447/1841/2826 1448/1858/2826 1442/1840/2826
f 1442/1840/2827 1448/1858/2827 1443/1855/2827
f 1448/1858/2828 1449/1859/2828 1443/1855/2828
f 1443/1855/2829 1449/1859/2829 1444/1856/2829
f 1444/1856/2830 1450/1860/2830 1439/1853/2830
f 1439/1853/2831 1450/1860/2831 1445/1857/2831
f 1445/1857/2832 1451/1531/2832 1440/1854/2832
f 1440/1854/2833 1451/1531/2833 1441/1089/2833
f 858/1807/2834 1452/1842/2834 1447/1841/2834
f 1452/1842/2835 1453/1861/2835 1447/1841/2835
f 1447/1841/2836 1453/1861/2836 1448/1858/2836
f 1453/1861/2837 1454/1862/2837 1448/1858/2837
f 1448/1858/2838 1454/1862/2838 1449/1859/2838
f 1449/1859/2839 1455/1863/2839 1444/1856/2839
f 1444/1856/2840 1455/1863/2840 1450/1860/2840
f 1450/1860/2841 1456/1864/2841 1445/1857/2841
f 1445/1857/2842 1456/1864/2842 1451/1531/2842
f 859/1806/2843 1457/1843/2843 1452/1842/2843
f 1457/1843/2844 1458/1865/2844 1452/1842/2844
f 1452/1842/2845 1458/1865/2845 1453/1861/2845
f 1458/1865/2846 1459/1866/2846 1453/1861/2846
f 1453/1861/2847 1459/1866/2847 1454/1862/2847
f 1459/1866/2848 1460/1867/2848 1454/1862/2848
f 1454/1862/2849 1460/1867/2849 1449/1859/2849
f 1460/1867/2850 1461/1868/2850 1449/1859/2850
f 1449/1859/2851 1461/1868/2851 1455/1863/2851
f 1461/1868/2852 1462/1869/2852 1455/1863/2852
f 1455/1863/2853 1462/1869/2853 1450/1860/2853
f 1462/1869/2854 1463/1870/2854 1450/1860/2854
f 1450/1860/2855 1463/1870/2855 1456/1864/2855
f 860/1805/2856 1464/1844/2856 1457/1843/2856
f 1464/1844/2857 1465/1871/2857 1457/1843/2857
f 1457/1843/2858 1465/1871/2858 1458/1865/2858
f 1465/1871/2859 1466/1872/2859 1458/1865/2859
f 1458/1865/2860 1466/1872/2860 1459/1866/2860
f 1459/1866/2861 1467/1873/2861 1460/1867/2861
f 1460/1867/2862 1467/1873/2862 1461/1868/2862
f 1467/1873/2863 1468/1874/2863 1461/1868/2863
f 1461/1868/2864 1468/1874/2864 1462/1869/2864
f 1468/1874/2865 1469/1875/2865 1462/1869/2865
f 1462/1869/2866 1469/1875/2866 1463/1870/2866
f 861/1804/2867 1470/1845/2867 1464/1844/2867
f 1470/1845/2868 1471/1876/2868 1464/1844/2868
f 1464/1844/2869 1471/1876/2869 1465/1871/2869
f 1466/1872/2870 1472/1877/2870 1459/1866/2870
f 1459/1866/2871 1472/1877/2871 1467/1873/2871
f 1467/1873/2872 1473/1878/2872 1468/1874/2872
f 1468/1874/2873 1473/1878/2873 1469/1875/2873
f 862/1803/2874 1474/1846/2874 1470/1845/2874
f 1474/1846/2875 1475/1879/2875 1470/1845/2875
f 1470/1845/2876 1475/1879/2876 1471/1876/2876
f 1471/1876/2877 1476/1880/2877 1465/1871/2877
f 1465/1871/2878 1476/1880/2878 1466/1872/2878
f 1476/1880/2879 1477/1881/2879 1466/1872/2879
f 1466/1872/2880 1477/1881/2880 1472/1877/2880
f 1472/1877/2881 1478/1882/2881 1467/1873/2881
f 1467/1873/2882 1478/1882/2882 1473/1878/2882
f 863/1802/2883 1508/1883/2883 1474/1846/2883
f 1475/1879/2884 1507/1884/2884 1471/1876/2884
f 1471/1876/2885 1507/1884/2885 1476/1880/2885
f 1477/1881/2886 880/1654/2886 1472/1877/2886
f 1472/1877/2887 880/1654/2887 1478/1882/2887
f 840/1499/2888 1479/1885/2888 1425/1830/2888
f 838/1832/2889 1538/1886/2889 850/1887/2889
f 1425/1830/2890 1479/1885/2890 839/1831/2890
f 839/1831/2891 1480/1888/2891 838/1832/2891
f 838/1832/2892 1480/1888/2892 1538/1886/2892
f 1479/1885/2893 1481/1889/2893 839/1831/2893
f 839/1831/2894 1481/1889/2894 1480/1888/2894
f 840/1499/2895 1482/1492/2895 1479/1885/2895
f 1482/1492/2896 1481/1889/2896 1479/1885/2896
f 1481/1889/2897 1483/1890/2897 1480/1888/2897
f 1483/1890/2898 1484/1891/2898 1480/1888/2898
f 1482/1492/2899 1485/1483/2899 1481/1889/2899
f 1485/1483/2900 1483/1890/2900 1481/1889/2900
f 1533/1471/2463 1542/1634/2463 1509/1632/2463
f 1485/1483/2901 1487/1482/2901 1483/1890/2901
f 1487/1482/2902 1484/1891/2902 1483/1890/2902
f 1486/1665/2903 1488/1892/2903 1539/1631/2903
f 1488/1892/2904 1540/1630/2904 1539/1631/2904
f 1487/1482/2905 1489/1481/2905 1484/1891/2905
f 1489/1893/2906 1490/1894/2906 1484/1895/2906
f 1484/1895/2907 1490/1894/2907 1486/1665/2907
f 1490/1894/2908 1488/1892/2908 1486/1665/2908
f 1488/1892/2909 1491/1896/2909 1540/1630/2909
f 1491/1896/2910 848/1477/2910 1540/1630/2910
f 1489/1893/2911 1213/1651/2911 1490/1894/2911
f 1213/1651/2912 1492/1650/2912 1490/1894/2912
f 1490/1894/2913 1492/1650/2913 1488/1892/2913
f 1492/1650/2914 1493/1897/2914 1488/1892/2914
f 1488/1892/2915 1493/1897/2915 1491/1896/2915
f 1493/1897/2916 1494/1898/2916 1491/1896/2916
f 1491/1896/2917 1494/1898/2917 848/1477/2917
f 1494/1898/2918 847/1729/2918 848/1477/2918
f 1492/1650/2919 1495/1899/2919 1493/1897/2919
f 1495/1899/2920 1496/1900/2920 1493/1897/2920
f 1493/1897/2921 1496/1900/2921 1494/1898/2921
f 1496/1900/2922 1497/1901/2922 1494/1898/2922
f 1494/1898/2923 1497/1901/2923 847/1729/2923
f 1497/1901/2924 846/1730/2924 847/1729/2924
f 1498/1648/2925 1495/1902/2925 1492/1649/2925
f 1495/1902/2926 1499/1903/2926 1496/1904/2926
f 1499/1903/2927 1500/1905/2927 1496/1904/2927
f 1496/1900/2928 1500/1906/2928 1497/1901/2928
f 1501/1907/2929 1498/1648/2929 1214/1656/2929
f 1498/1648/2930 1501/1907/2930 1495/1902/2930
f 1495/1902/2931 1501/1907/2931 1499/1903/2931
f 1500/1905/2932 1502/1908/2932 1497/1909/2932
f 1497/1901/2933 1502/1910/2933 846/1730/2933
f 1502/1910/2934 845/1731/2934 846/1730/2934
f 1214/1656/2935 1503/1911/2935 1501/1907/2935
f 1501/1907/2936 1503/1911/2936 1499/1903/2936
f 1503/1911/2937 1504/1912/2937 1499/1903/2937
f 1499/1903/2938 1504/1912/2938 1500/1905/2938
f 1504/1912/2939 1505/1913/2939 1500/1905/2939
f 1500/1905/2940 1505/1913/2940 1502/1908/2940
f 1214/1656/2941 1506/1655/2941 1503/1911/2941
f 1506/1655/2942 1507/1884/2942 1503/1911/2942
f 1503/1911/2943 1507/1884/2943 1504/1912/2943
f 1505/1913/2944 1508/1883/2944 1502/1908/2944
f 1502/1910/2945 1508/1019/2945 845/1731/2945
f 1508/1019/2946 835/1018/2946 845/1731/2946
f 880/1654/2947 1477/1881/2947 1506/1655/2947
f 1477/1881/2948 1476/1880/2948 1506/1655/2948
f 1506/1655/2949 1476/1880/2949 1507/1884/2949
f 1507/1884/2950 1475/1879/2950 1504/1912/2950
f 1504/1912/2951 1475/1879/2951 1505/1913/2951
f 1475/1879/2952 1474/1846/2952 1505/1913/2952
f 1505/1913/2953 1474/1846/2953 1508/1883/2953
f 1484/1895/2954 1509/1632/2954 1542/1634/2954
f 1486/1665/2955 1509/1632/2955 1484/1895/2955
f 1484/1895/2956 1542/1634/2956 1480/1914/2956
f 848/1477/2957 1541/1478/2957 1540/1630/2957
f 1323/1700/2958 1530/1637/2958 1529/1640/2958
f 1326/1706/2959 1530/1637/2959 1323/1700/2959
f 1323/1700/2960 1529/1640/2960 1528/1642/2960
f 1314/1915/2961 1527/1641/2961 1526/1643/2961
f 1302/1662/2962 1524/1621/2962 1525/1537/2962
f 1302/1662/2963 1306/1622/2963 1524/1621/2963
f 1248/1210/2964 1523/1212/2964 1522/1558/2964
f 909/1541/2965 1518/1620/2965 1335/1663/2965
f 1131/1339/2966 1516/1664/2966 1132/1340/2966
f 1126/1916/2967 1514/1639/2967 1127/1332/2967
f 1512/1183/2968 1122/1185/2968 1115/1317/2968
f 1114/1314/2969 1513/1335/2969 1115/1317/2969
f 1121/1324/2970 1511/1334/2970 1114/1314/2970
f 1514/1639/2971 1126/1916/2971 1132/1917/2971
f 1132/1917/2972 1516/1623/2972 1514/1639/2972
f 1511/1334/2973 1121/1324/2973 1515/1333/2973
f 1510/1669/2974 1135/1341/2974 921/1343/2974
f 1299/1661/2975 1525/1537/2975 912/1534/2975
f 1331/1707/2976 910/1638/2976 1530/1637/2976
f 908/1539/2977 1537/1635/2977 1246/1540/2977
f 1480/1914/2978 1542/1634/2978 1538/1633/2978
f 2217/1918/2979 2044/1919/2979 1601/1920/2979
f 1610/1921/2980 1642/1922/2980 1983/1923/2980
f 1567/1924/2981 1979/1925/2981 1848/1926/2981
f 1567/1924/2982 1848/1926/2982 1596/1927/2982
f 1543/1928/2983 1626/1929/2983 1655/1930/2983
f 2031/1931/2984 1923/1932/2984 1919/1933/2984
f 1644/1934/2985 1664/1935/2985 1645/1936/2985
f 1643/1937/2986 1673/1938/2986 1644/1934/2986
f 1642/1922/2987 1984/1939/2987 1983/1923/2987
f 1895/1940/2988 1894/1941/2988 1581/1942/2988
f 1644/1934/2989 1673/1938/2989 1664/1935/2989
f 1673/1938/2990 1665/1943/2990 1664/1935/2990
f 1673/1938/2991 1674/1944/2991 1665/1943/2991
f 1674/1944/2992 1666/1945/2992 1665/1943/2992
f 1643/1937/2993 1613/1946/2993 1673/1938/2993
f 1613/1946/2994 1675/1947/2994 1673/1938/2994
f 1673/1938/2995 1675/1947/2995 1674/1944/2995
f 1674/1944/2996 1667/1948/2996 1666/1945/2996
f 1675/1947/2997 1676/1949/2997 1674/1944/2997
f 1676/1949/2998 1677/1950/2998 1674/1944/2998
f 1674/1944/2999 1677/1950/2999 1667/1948/2999
f 1667/1948/3000 1677/1950/3000 1668/1951/3000
f 1677/1950/3001 1669/1952/3001 1668/1951/3001
f 2013/1953/3002 2008/1954/3002 1897/1955/3002
f 1614/1956/3003 1678/1957/3003 1677/1950/3003
f 1677/1950/3004 1678/1957/3004 1669/1952/3004
f 2060/1958/3005 2063/1959/3005 2061/1960/3005
f 1614/1956/3006 1680/1961/3006 1678/1957/3006
f 1680/1961/3007 1681/1962/3007 1678/1957/3007
f 1620/1963/3008 1663/1964/3008 1904/1965/3008
f 1973/1966/3009 1600/1967/3009 1780/1968/3009
f 1880/1969/3010 1990/1970/3010 1989/1971/3010
f 1605/1972/3011 1926/1973/3011 1590/1974/3011
f 1780/1968/3012 1771/1975/3012 1973/1966/3012
f 1680/1961/3013 1683/1976/3013 1681/1962/3013
f 1620/1963/3014 1973/1966/3014 1770/1977/3014
f 1680/1961/3015 1684/1978/3015 1683/1976/3015
f 1684/1979/3016 1685/1980/3016 1683/1981/3016
f 1593/1982/3017 1873/1983/3017 1872/1984/3017
f 1587/1985/3018 1586/1986/3018 1973/1966/3018
f 1640/1987/3019 1612/1988/3019 1985/1989/3019
f 1881/1990/3020 1588/1991/3020 1587/1985/3020
f 1894/1941/3021 1881/1990/3021 1612/1992/3021
f 1816/1993/3022 2012/1994/3022 1817/1995/3022
f 1582/1996/3023 1687/1997/3023 1686/1998/3023
f 2230/1999/3022 2227/2000/3022 1817/1995/3022
f 1818/2001/3024 1817/1995/3024 2226/2002/3024
f 1817/1995/3025 2227/2000/3025 2226/2002/3025
f 1818/2001/3026 2226/2002/3026 1819/2003/3026
f 2226/2002/3027 2225/2004/3027 1820/2005/3027
f 1819/2003/3028 2226/2002/3028 1820/2005/3028
f 1837/2006/3029 1820/2005/3029 2225/2004/3029
f 1778/2007/3030 1685/1980/3030 1684/1979/3030
f 1685/1980/3031 1778/2007/3031 1670/2008/3031
f 1778/2007/3032 1692/2009/3032 1670/2008/3032
f 1692/2009/3033 1671/2010/3033 1670/2008/3033
f 2218/2011/3027 1837/2006/3027 2221/2012/3027
f 2222/2013/3034 2220/2014/3034 2219/2015/3034
f 2219/2015/3035 2221/2012/3035 2222/2013/3035
f 2225/2004/3036 2221/2012/3036 1837/2006/3036
f 2191/2016/3037 2192/2017/3037 2233/2018/3037
f 1928/2019/3038 2223/2020/3038 1606/2021/3038
f 2007/2022/3039 2012/1994/3039 2001/2023/3039
f 1993/2024/3040 2224/2025/3040 1991/2026/3040
f 1989/1971/3041 1991/2026/3041 1988/2027/3041
f 1932/2028/3042 1933/2029/3042 2221/2012/3042
f 1692/2009/3043 1672/2030/3043 1671/2010/3043
f 1927/2031/3044 1987/2032/3044 2223/2020/3044
f 1692/2009/3045 1632/2033/3045 1672/2030/3045
f 1664/1935/3046 1656/2034/3046 1645/1936/3046
f 1665/1943/3047 1656/2034/3047 1664/1935/3047
f 1666/1945/3048 1693/2035/3048 1665/1943/3048
f 1667/1948/3049 1693/2035/3049 1666/1945/3049
f 1668/1951/3050 1695/2036/3050 1667/1948/3050
f 1681/1962/3051 1704/2037/3051 1678/1957/3051
f 1683/1981/3052 1707/2038/3052 1681/2039/3052
f 1685/1980/3053 1712/2040/3053 1683/1981/3053
f 1670/2008/3054 1712/2040/3054 1685/1980/3054
f 1665/1943/3055 1693/2035/3055 1656/2034/3055
f 1693/2035/3056 1694/2041/3056 1656/2034/3056
f 1656/2034/3057 1694/2041/3057 1657/2042/3057
f 1694/2041/3058 1658/2043/3058 1657/2042/3058
f 1667/1948/3059 1695/2036/3059 1693/2035/3059
f 1693/2035/3060 1695/2036/3060 1694/2041/3060
f 1695/2036/3061 1696/2044/3061 1694/2041/3061
f 1694/2041/3062 1696/2044/3062 1658/2043/3062
f 1696/2044/3063 1697/2045/3063 1658/2043/3063
f 1658/2043/3064 1697/2045/3064 1659/2046/3064
f 1696/2044/3065 1698/2047/3065 1697/2045/3065
f 1698/2047/3066 1699/2048/3066 1697/2045/3066
f 1669/1952/3067 1700/2049/3067 1668/1951/3067
f 1668/1951/3068 1700/2049/3068 1695/2036/3068
f 1700/2049/3069 1701/2050/3069 1695/2036/3069
f 1695/2036/3070 1701/2050/3070 1696/2044/3070
f 1701/2050/3071 1698/2047/3071 1696/2044/3071
f 1698/2047/3072 1702/2051/3072 1699/2048/3072
f 1702/2051/3073 1703/2052/3073 1699/2048/3073
f 1703/2052/3074 1660/2053/3074 1699/2048/3074
f 1678/1957/3075 1704/2037/3075 1669/1952/3075
f 1704/2037/3076 1700/2049/3076 1669/1952/3076
f 1701/2050/3077 1705/2054/3077 1698/2047/3077
f 1705/2054/3078 1702/2051/3078 1698/2047/3078
f 1702/2051/3079 1706/2055/3079 1703/2052/3079
f 1681/1962/3080 1707/2056/3080 1704/2037/3080
f 1704/2037/3081 1708/2057/3081 1700/2049/3081
f 1700/2049/3082 1708/2057/3082 1701/2050/3082
f 1708/2058/3083 1705/2059/3083 1701/2060/3083
f 1705/2059/3084 1709/2061/3084 1702/2062/3084
f 1709/2061/3085 1706/2063/3085 1702/2062/3085
f 1706/2063/3086 1710/2064/3086 1703/2065/3086
f 1710/2066/3087 1711/2067/3087 1703/2068/3087
f 1683/1981/3088 1712/2040/3088 1707/2038/3088
f 1707/2038/3089 1708/2058/3089 1704/2069/3089
f 1708/2058/3090 1713/2070/3090 1705/2059/3090
f 1713/2070/3091 1709/2061/3091 1705/2059/3091
f 1709/2061/3092 1714/2071/3092 1706/2063/3092
f 1714/2071/3093 1715/2072/3093 1706/2063/3093
f 1706/2063/3094 1715/2072/3094 1710/2064/3094
f 1712/2040/3095 1716/2073/3095 1707/2038/3095
f 1707/2038/3096 1716/2073/3096 1708/2058/3096
f 1716/2073/3097 1713/2070/3097 1708/2058/3097
f 1713/2070/3098 1717/2074/3098 1709/2061/3098
f 1717/2074/3099 1718/2075/3099 1709/2061/3099
f 1709/2061/3100 1718/2075/3100 1714/2071/3100
f 1715/2072/3101 1719/2076/3101 1710/2064/3101
f 1710/2064/3102 1719/2076/3102 1711/2077/3102
f 1719/2076/3103 1661/2078/3103 1711/2077/3103
f 1670/2008/3104 1720/2079/3104 1712/2040/3104
f 1720/2079/3105 1716/2073/3105 1712/2040/3105
f 1716/2073/3106 1721/2080/3106 1713/2070/3106
f 1721/2080/3107 1717/2074/3107 1713/2070/3107
f 1718/2075/3108 1722/2081/3108 1714/2071/3108
f 1722/2081/3109 1723/2082/3109 1714/2071/3109
f 1714/2071/3110 1723/2082/3110 1715/2072/3110
f 1723/2082/3111 1724/2083/3111 1715/2072/3111
f 1715/2072/3112 1724/2083/3112 1719/2076/3112
f 1670/2008/3113 1725/2084/3113 1720/2079/3113
f 1720/2079/3114 1721/2080/3114 1716/2073/3114
f 1721/2080/3115 1726/2085/3115 1717/2074/3115
f 1726/2085/3116 1727/2086/3116 1717/2074/3116
f 1717/2074/3117 1727/2086/3117 1718/2075/3117
f 1727/2086/3118 1722/2081/3118 1718/2075/3118
f 1724/2083/3119 1728/2087/3119 1719/2076/3119
f 1719/2076/3120 1728/2087/3120 1661/2078/3120
f 1728/2087/3121 1662/2088/3121 1661/2078/3121
f 1671/2010/3122 1725/2084/3122 1670/2008/3122
f 1725/2084/3123 1729/2089/3123 1720/2079/3123
f 1720/2079/3124 1729/2089/3124 1721/2080/3124
f 1729/2089/3125 1726/2085/3125 1721/2080/3125
f 1727/2086/3126 1730/2090/3126 1722/2081/3126
f 1730/2090/3127 1731/2091/3127 1722/2081/3127
f 1722/2081/3128 1731/2091/3128 1723/2082/3128
f 1723/2082/3129 1732/2092/3129 1724/2083/3129
f 1728/2087/3130 1663/2093/3130 1662/2088/3130
f 1672/2030/3131 1725/2084/3131 1671/2010/3131
f 1729/2089/3132 1733/2094/3132 1726/2085/3132
f 1733/2094/3133 1734/2095/3133 1726/2085/3133
f 1726/2085/3134 1734/2095/3134 1727/2086/3134
f 1734/2095/3135 1735/2096/3135 1727/2086/3135
f 1727/2086/3136 1735/2096/3136 1730/2090/3136
f 1723/2082/3137 1731/2091/3137 1732/2092/3137
f 1732/2092/3138 1736/2097/3138 1724/2083/3138
f 1724/2083/3139 1736/2097/3139 1728/2087/3139
f 1728/2087/3140 1736/2097/3140 1663/2093/3140
f 1632/2033/3141 1631/2098/3141 1672/2030/3141
f 1672/2030/3142 1631/2098/3142 1725/2084/3142
f 1631/2098/3143 1630/2099/3143 1725/2084/3143
f 1725/2084/3144 1630/2099/3144 1729/2089/3144
f 1630/2099/3145 1733/2094/3145 1729/2089/3145
f 1734/2095/3146 1864/2100/3146 1735/2096/3146
f 1735/2096/3147 1879/2101/3147 1730/2090/3147
f 1730/2090/3148 1879/2101/3148 1731/2091/3148
f 1879/2101/3149 1629/2102/3149 1731/2091/3149
f 1731/2091/3150 1629/2102/3150 1732/2092/3150
f 1629/2102/3151 1628/2103/3151 1732/2092/3151
f 1732/2092/3152 1628/2103/3152 1736/2097/3152
f 1657/2042/3153 1737/2104/3153 1656/2034/3153
f 1659/2046/3154 1738/2105/3154 1658/2043/3154
f 1699/2048/3155 1741/2106/3155 1697/2045/3155
f 1660/2053/3156 1745/2107/3156 1699/2048/3156
f 1711/2067/3157 1751/2108/3157 1703/2068/3157
f 1661/2078/3158 1760/2109/3158 1711/2077/3158
f 1656/2034/3159 1737/2104/3159 1645/1936/3159
f 1737/2104/3160 1646/2110/3160 1645/1936/3160
f 1658/2043/3161 1738/2105/3161 1657/2042/3161
f 1738/2105/3162 1739/2111/3162 1657/2042/3162
f 1657/2042/3163 1739/2111/3163 1737/2104/3163
f 1739/2111/3164 1740/2112/3164 1737/2104/3164
f 1737/2104/3165 1740/2112/3165 1646/2110/3165
f 1740/2112/3166 1647/2113/3166 1646/2110/3166
f 1739/2111/3167 1647/2113/3167 1740/2112/3167
f 1697/2045/3168 1741/2106/3168 1659/2046/3168
f 1741/2106/3169 1742/2114/3169 1659/2046/3169
f 1659/2046/3170 1742/2114/3170 1738/2105/3170
f 1742/2114/3171 1743/2115/3171 1738/2105/3171
f 1738/2105/3172 1743/2115/3172 1739/2111/3172
f 1743/2115/3173 1744/2116/3173 1739/2111/3173
f 1739/2111/3174 1744/2116/3174 1647/2113/3174
f 1744/2116/3175 1648/2117/3175 1647/2113/3175
f 1699/2048/3176 1745/2107/3176 1741/2106/3176
f 1744/2116/3177 1649/2118/3177 1648/2117/3177
f 1745/2119/3178 1746/2120/3178 1741/2121/3178
f 1741/2106/3179 1746/2122/3179 1742/2114/3179
f 1746/2122/3180 1747/2123/3180 1742/2114/3180
f 1742/2114/3181 1747/2123/3181 1743/2115/3181
f 1747/2123/3182 1748/2124/3182 1743/2115/3182
f 1743/2115/3183 1748/2124/3183 1744/2116/3183
f 1748/2124/3184 1749/2125/3184 1744/2116/3184
f 1744/2116/3185 1749/2125/3185 1649/2118/3185
f 1749/2125/3186 1750/2126/3186 1649/2118/3186
f 1649/2118/3187 1750/2126/3187 1650/2127/3187
f 1750/2126/3188 1651/2128/3188 1650/2127/3188
f 1703/2068/3189 1751/2108/3189 1660/2129/3189
f 1751/2108/3190 1752/2130/3190 1660/2129/3190
f 1660/2129/3191 1752/2130/3191 1745/2119/3191
f 1752/2130/3192 1753/2131/3192 1745/2119/3192
f 1745/2107/3193 1753/2132/3193 1746/2122/3193
f 1750/2126/3194 1652/2133/3194 1651/2128/3194
f 1711/2067/3195 1754/2134/3195 1751/2108/3195
f 1753/2131/3196 1755/2135/3196 1746/2120/3196
f 1746/2120/3197 1755/2135/3197 1747/2136/3197
f 1755/2135/3198 1756/2137/3198 1747/2136/3198
f 1747/2123/3199 1756/2138/3199 1748/2124/3199
f 1756/2138/3200 1757/2139/3200 1748/2124/3200
f 1748/2124/3201 1757/2139/3201 1749/2125/3201
f 1757/2139/3202 1758/2140/3202 1749/2125/3202
f 1749/2125/3203 1758/2140/3203 1750/2126/3203
f 1758/2140/3204 1759/2141/3204 1750/2126/3204
f 1750/2126/3205 1759/2141/3205 1652/2133/3205
f 1711/2067/3206 1760/2142/3206 1754/2134/3206
f 1754/2134/3207 1761/2143/3207 1751/2108/3207
f 1751/2108/3208 1761/2143/3208 1752/2130/3208
f 1761/2143/3209 1762/2144/3209 1752/2130/3209
f 1752/2130/3210 1762/2144/3210 1753/2131/3210
f 1762/2144/3211 1763/2145/3211 1753/2131/3211
f 1753/2131/3212 1763/2145/3212 1755/2135/3212
f 1763/2145/3213 1764/2146/3213 1755/2135/3213
f 1755/2147/3214 1764/2148/3214 1756/2138/3214
f 1764/2148/3215 1765/2149/3215 1756/2138/3215
f 1756/2138/3216 1765/2149/3216 1757/2139/3216
f 1759/2150/3217 1653/2151/3217 1652/2152/3217
f 1761/2153/3218 1766/2154/3218 1762/2155/3218
f 1765/2149/3219 1767/2156/3219 1757/2139/3219
f 1757/2139/3220 1767/2156/3220 1758/2140/3220
f 1767/2156/3221 1768/2157/3221 1758/2140/3221
f 1758/2140/3222 1768/2157/3222 1759/2141/3222
f 1768/2157/3223 1769/2158/3223 1759/2141/3223
f 1759/2141/3224 1769/2158/3224 1653/2159/3224
f 1769/2158/3225 1654/2160/3225 1653/2159/3225
f 1661/2078/3226 1770/2161/3226 1760/2109/3226
f 1760/2142/3227 1770/1977/3227 1754/2134/3227
f 1770/1977/3228 1771/1975/3228 1754/2134/3228
f 1754/2134/3229 1771/1975/3229 1761/2143/3229
f 1771/1975/3230 1772/2162/3230 1761/2143/3230
f 1761/2143/3231 1772/2162/3231 1766/2163/3231
f 1772/2162/3232 1773/2164/3232 1766/2163/3232
f 1766/2163/3233 1773/2164/3233 1762/2144/3233
f 1773/2164/3234 1774/2165/3234 1762/2144/3234
f 1762/2144/3235 1774/2165/3235 1763/2145/3235
f 1774/2165/3236 1775/2166/3236 1763/2145/3236
f 1763/2167/3237 1775/2168/3237 1764/2148/3237
f 1775/2168/3238 1776/2169/3238 1764/2148/3238
f 1764/2148/3239 1776/2169/3239 1765/2149/3239
f 1776/2169/3240 1777/2170/3240 1765/2149/3240
f 1765/2149/3241 1777/2170/3241 1767/2156/3241
f 1662/2088/3242 1770/2161/3242 1661/2078/3242
f 1951/2171/3243 1544/2172/3243 1948/2173/3243
f 1775/2166/3244 1780/1968/3244 1776/2174/3244
f 1777/2170/3245 1781/2175/3245 1767/2156/3245
f 1767/2156/3246 1781/2175/3246 1768/2157/3246
f 1781/2175/3247 1782/2176/3247 1768/2157/3247
f 1768/2157/3248 1782/2176/3248 1769/2158/3248
f 1782/2176/3249 1783/2177/3249 1769/2158/3249
f 1769/2158/3250 1783/2177/3250 1654/2160/3250
f 1783/2178/3251 1655/1930/3251 1654/2179/3251
f 1597/2180/3252 1906/2181/3252 1598/2182/3252
f 1840/2183/3253 1841/2184/3253 1906/2181/3253
f 1776/2174/3254 1784/2185/3254 1777/2186/3254
f 1784/2185/3255 1785/2187/3255 1777/2186/3255
f 1777/2186/3256 1785/2187/3256 1781/2188/3256
f 1846/2189/3257 1912/2190/3257 1911/2191/3257
f 1909/2192/3258 1908/2193/3258 1845/2194/3258
f 1600/1967/3259 1973/1966/3259 1784/2185/3259
f 1784/2185/3260 1586/1986/3260 1785/2187/3260
f 1785/2187/3261 1627/2195/3261 1781/2188/3261
f 1781/2175/3262 1627/2196/3262 1782/2176/3262
f 1782/2197/3263 1627/2198/3263 1783/2178/3263
f 1627/2198/3264 1543/1928/3264 1783/2178/3264
f 1783/2178/3265 1543/1928/3265 1655/1930/3265
f 1646/2110/3266 1786/2199/3266 1645/1936/3266
f 1647/2113/3267 1788/2200/3267 1646/2110/3267
f 1648/2117/3268 1790/2201/3268 1647/2113/3268
f 1649/2118/3269 1790/2201/3269 1648/2117/3269
f 1652/2152/3270 1802/2202/3270 1651/2203/3270
f 1655/1930/3271 1815/2204/3271 1654/2179/3271
f 1645/1936/3272 1786/2199/3272 1633/2205/3272
f 1786/2199/3273 1634/2206/3273 1633/2205/3273
f 1786/2199/3274 1787/2207/3274 1634/2206/3274
f 1787/2207/3275 1635/2208/3275 1634/2206/3275
f 1646/2110/3276 1788/2200/3276 1786/2199/3276
f 1788/2200/3277 1787/2207/3277 1786/2199/3277
f 1787/2207/3278 1789/2209/3278 1635/2208/3278
f 1647/2113/3279 1790/2201/3279 1788/2200/3279
f 1790/2201/3280 1791/2210/3280 1788/2200/3280
f 1788/2200/3281 1791/2210/3281 1787/2207/3281
f 1791/2210/3282 1792/2211/3282 1787/2207/3282
f 1787/2207/3283 1792/2211/3283 1789/2209/3283
f 1792/2211/3284 1793/2212/3284 1789/2209/3284
f 1790/2201/3285 1794/2213/3285 1791/2210/3285
f 1794/2213/3286 1792/2211/3286 1791/2210/3286
f 1792/2211/3287 1795/2214/3287 1793/2212/3287
f 1795/2214/3288 1636/2215/3288 1793/2212/3288
f 1649/2118/3289 1650/2127/3289 1790/2201/3289
f 1650/2127/3290 1794/2213/3290 1790/2201/3290
f 1794/2213/3291 1796/2216/3291 1792/2211/3291
f 1796/2216/3292 1797/2217/3292 1792/2211/3292
f 1792/2211/3293 1797/2217/3293 1795/2214/3293
f 1797/2217/3294 1798/2218/3294 1795/2214/3294
f 1795/2214/3295 1798/2218/3295 1636/2215/3295
f 1798/2218/3296 1637/2219/3296 1636/2215/3296
f 1651/2128/3297 1799/2220/3297 1650/2127/3297
f 1650/2127/3298 1799/2220/3298 1794/2213/3298
f 1799/2220/3299 1796/2216/3299 1794/2213/3299
f 1797/2217/3300 1800/2221/3300 1798/2218/3300
f 1800/2222/3301 1801/2223/3301 1798/2224/3301
f 1798/2218/3302 1801/2225/3302 1637/2219/3302
f 1802/2202/3303 1799/2226/3303 1651/2203/3303
f 1799/2226/3304 1803/2227/3304 1796/2228/3304
f 1803/2227/3305 1804/2229/3305 1796/2228/3305
f 1796/2228/3306 1804/2229/3306 1797/2230/3306
f 1804/2229/3307 1800/2222/3307 1797/2230/3307
f 1800/2222/3308 1805/2231/3308 1801/2223/3308
f 1805/2231/3309 1806/2232/3309 1801/2223/3309
f 1806/2232/3310 1638/2233/3310 1801/2223/3310
f 1802/2202/3311 1807/2234/3311 1799/2226/3311
f 1807/2234/3312 1803/2227/3312 1799/2226/3312
f 1804/2229/3313 1808/2235/3313 1800/2222/3313
f 1808/2235/3314 1805/2231/3314 1800/2222/3314
f 1652/2152/3315 1653/2151/3315 1802/2202/3315
f 1653/2151/3316 1807/2234/3316 1802/2202/3316
f 1807/2234/3317 1804/2229/3317 1803/2227/3317
f 1805/2231/3318 1809/2236/3318 1806/2232/3318
f 1809/2236/3319 1810/2237/3319 1806/2232/3319
f 1806/2232/3320 1810/2237/3320 1638/2233/3320
f 1810/2237/3321 1639/2238/3321 1638/2233/3321
f 1653/2151/3322 1811/2239/3322 1807/2234/3322
f 1807/2234/3323 1812/2240/3323 1804/2229/3323
f 1804/2229/3324 1812/2240/3324 1808/2235/3324
f 1812/2240/3325 1813/2241/3325 1808/2235/3325
f 1813/2241/3326 1814/2242/3326 1808/2235/3326
f 1808/2235/3327 1814/2242/3327 1805/2231/3327
f 1814/2242/3328 1809/2236/3328 1805/2231/3328
f 1654/2160/3329 1815/2243/3329 1653/2159/3329
f 1815/2204/3330 1811/2239/3330 1653/2151/3330
f 1811/2239/3331 1812/2240/3331 1807/2234/3331
f 1811/2239/3332 1816/1993/3332 1812/2240/3332
f 1816/1993/3333 1817/1995/3333 1812/2240/3333
f 1812/2240/3334 1817/1995/3334 1813/2241/3334
f 1817/1995/3335 1818/2001/3335 1813/2241/3335
f 1813/2241/3336 1818/2001/3336 1814/2242/3336
f 1814/2242/3337 1818/2001/3337 1809/2236/3337
f 1818/2001/3338 1819/2003/3338 1809/2236/3338
f 1809/2236/3339 1819/2003/3339 1810/2237/3339
f 1819/2003/3340 1820/2005/3340 1810/2237/3340
f 1810/2237/3341 1820/2005/3341 1639/2238/3341
f 1815/2204/3342 1821/2244/3342 1811/2239/3342
f 1811/2239/3343 1821/2244/3343 1816/1993/3343
f 1655/1930/3344 1626/1929/3344 1815/2204/3344
f 1900/2245/3345 1620/2246/3345 1608/2247/3345
f 1793/2212/3346 1824/2248/3346 1789/2209/3346
f 1636/2215/3347 1827/2249/3347 1793/2212/3347
f 1633/2205/3348 1644/1934/3348 1645/1936/3348
f 1634/2206/3349 1822/2250/3349 1633/2205/3349
f 1633/2205/3350 1822/2250/3350 1644/1934/3350
f 1635/2208/3351 1823/2251/3351 1634/2206/3351
f 1634/2206/3352 1823/2251/3352 1822/2250/3352
f 1822/2250/3353 1643/1937/3353 1644/1934/3353
f 1789/2209/3354 1824/2248/3354 1635/2208/3354
f 1824/2248/3355 1825/2252/3355 1635/2208/3355
f 1635/2208/3356 1825/2252/3356 1823/2251/3356
f 1823/2251/3357 1826/2253/3357 1822/2250/3357
f 1822/2250/3358 1826/2253/3358 1643/1937/3358
f 1793/2212/3359 1827/2249/3359 1824/2248/3359
f 1825/2252/3360 1779/2254/3360 1823/2251/3360
f 1823/2251/3361 1779/2254/3361 1826/2253/3361
f 1827/2249/3362 1828/2255/3362 1824/2248/3362
f 1824/2248/3363 1828/2255/3363 1825/2252/3363
f 1828/2255/3364 1829/2256/3364 1825/2252/3364
f 1825/2252/3365 1829/2256/3365 1779/2254/3365
f 1637/2219/3366 1830/2257/3366 1636/2215/3366
f 1636/2215/3367 1830/2257/3367 1827/2249/3367
f 1827/2249/3368 1831/2258/3368 1828/2255/3368
f 1828/2255/3369 1831/2258/3369 1829/2256/3369
f 1830/2257/3370 1832/2259/3370 1827/2249/3370
f 1827/2249/3371 1832/2259/3371 1831/2258/3371
f 1638/2233/3372 1833/2260/3372 1801/2223/3372
f 1801/2223/3373 1833/2260/3373 1637/2261/3373
f 1638/2233/3374 1834/2262/3374 1833/2260/3374
f 1639/2238/3375 1834/2262/3375 1638/2233/3375
f 1833/2260/3376 1905/2263/3376 1637/2261/3376
f 1637/2219/3377 1905/2264/3377 1830/2257/3377
f 1639/2238/3378 1835/2265/3378 1834/2262/3378
f 1834/2262/3379 1836/2266/3379 1833/2260/3379
f 1833/2267/3380 1836/2268/3380 1905/2264/3380
f 1820/2005/3381 1837/2006/3381 1639/2238/3381
f 1837/2006/3382 1835/2265/3382 1639/2238/3382
f 1835/2265/3383 1838/2269/3383 1834/2262/3383
f 1834/2262/3384 1838/2269/3384 1836/2266/3384
f 1838/2269/3385 1930/2270/3385 1836/2266/3385
f 2224/2025/3386 1996/2271/3386 1606/2021/3386
f 2039/2272/3387 1839/2273/3387 1597/2180/3387
f 1839/2273/3388 1840/2183/3388 1597/2180/3388
f 1597/2180/3389 1840/2183/3389 1906/2181/3389
f 2039/2272/3390 1596/1927/3390 1839/2273/3390
f 1596/1927/3391 1842/2274/3391 1839/2273/3391
f 1839/2273/3392 1842/2274/3392 1840/2183/3392
f 1842/2274/3393 1843/2275/3393 1840/2183/3393
f 1840/2183/3394 1843/2275/3394 1841/2184/3394
f 1843/2276/3395 1844/2277/3395 1841/2278/3395
f 1846/2189/3396 1847/2279/3396 1912/2190/3396
f 1912/2190/3397 1847/2279/3397 1692/2009/3397
f 1847/2279/3398 1632/2033/3398 1692/2009/3398
f 1596/1927/3399 1848/1926/3399 1842/2274/3399
f 1848/1926/3400 1849/2280/3400 1842/2274/3400
f 1842/2274/3401 1849/2280/3401 1843/2275/3401
f 1849/2281/3402 1844/2277/3402 1843/2276/3402
f 1844/2277/3403 1850/2282/3403 1907/2283/3403
f 1850/2282/3404 1851/2284/3404 1907/2283/3404
f 1907/2283/3405 1851/2284/3405 1845/2194/3405
f 1845/2194/3406 1852/2285/3406 1909/2192/3406
f 1909/2192/3407 1852/2285/3407 1910/2286/3407
f 1852/2285/3408 1853/2287/3408 1910/2286/3408
f 1910/2286/3409 1853/2287/3409 1911/2191/3409
f 1853/2287/3410 1854/2288/3410 1911/2191/3410
f 1911/2191/3411 1854/2288/3411 1846/2189/3411
f 1849/2281/3412 1619/2289/3412 1844/2277/3412
f 1619/2289/3413 1618/2290/3413 1844/2277/3413
f 1844/2277/3414 1618/2290/3414 1850/2282/3414
f 1851/2284/3415 1617/2291/3415 1845/2194/3415
f 1845/2194/3416 1617/2291/3416 1852/2285/3416
f 1617/2291/3417 1616/2292/3417 1852/2285/3417
f 1852/2285/3418 1616/2292/3418 1853/2287/3418
f 1846/2189/3419 1615/2293/3419 1847/2279/3419
f 1847/2279/3420 1615/2293/3420 1632/2033/3420
f 1953/2294/3421 1855/2295/3421 1952/2296/3421
f 1624/2297/3422 1857/2298/3422 1953/2294/3422
f 1966/2299/3423 1865/2300/3423 1959/2301/3423
f 1641/2302/3424 1581/2303/3424 1640/2304/3424
f 1615/2293/3425 1631/2098/3425 1632/2033/3425
f 1625/2305/3426 1631/2098/3426 1615/2293/3426
f 1952/2296/3427 1855/2295/3427 1625/2305/3427
f 1855/2295/3428 1856/2306/3428 1625/2305/3428
f 1625/2305/3429 1856/2306/3429 1631/2098/3429
f 1953/2294/3430 1857/2298/3430 1855/2295/3430
f 1856/2306/3431 1858/2307/3431 1631/2098/3431
f 1631/2098/3432 1858/2307/3432 1630/2099/3432
f 1858/2307/3433 1733/2094/3433 1630/2099/3433
f 1857/2298/3434 1859/2308/3434 1855/2295/3434
f 1855/2295/3435 1859/2308/3435 1856/2306/3435
f 1859/2308/3436 1858/2307/3436 1856/2306/3436
f 1858/2307/3437 1860/2309/3437 1733/2094/3437
f 1860/2309/3438 1734/2095/3438 1733/2094/3438
f 1623/2310/3439 1861/2311/3439 1624/2297/3439
f 1624/2297/3440 1861/2311/3440 1857/2298/3440
f 1861/2311/3441 1862/2312/3441 1857/2298/3441
f 1857/2298/3442 1862/2312/3442 1859/2308/3442
f 1862/2312/3443 1863/2313/3443 1859/2308/3443
f 1859/2308/3444 1863/2313/3444 1858/2307/3444
f 1863/2313/3445 1860/2309/3445 1858/2307/3445
f 1860/2309/3446 1864/2100/3446 1734/2095/3446
f 1959/2301/3447 1865/2300/3447 1623/2310/3447
f 1865/2300/3448 1866/2314/3448 1623/2310/3448
f 1623/2310/3449 1866/2314/3449 1861/2311/3449
f 1866/2314/3450 1867/2315/3450 1861/2311/3450
f 1861/2311/3451 1867/2315/3451 1862/2312/3451
f 1867/2315/3452 1868/2316/3452 1862/2312/3452
f 1862/2312/3453 1868/2316/3453 1863/2313/3453
f 1868/2316/3454 1869/2317/3454 1863/2313/3454
f 1863/2313/3455 1869/2317/3455 1860/2309/3455
f 1869/2317/3456 1870/2318/3456 1860/2309/3456
f 1860/2309/3457 1870/2318/3457 1864/2100/3457
f 1870/2318/3458 1871/2319/3458 1864/2100/3458
f 1871/2319/3459 1735/2096/3459 1864/2100/3459
f 1865/2300/3460 1872/1984/3460 1866/2314/3460
f 1872/1984/3461 1873/1983/3461 1866/2314/3461
f 1866/2314/3462 1873/1983/3462 1867/2315/3462
f 1873/1983/3463 1874/2320/3463 1867/2315/3463
f 1867/2315/3464 1874/2320/3464 1868/2316/3464
f 1874/2320/3465 1875/2321/3465 1868/2316/3465
f 1868/2316/3466 1875/2321/3466 1869/2317/3466
f 1871/2319/3467 1879/2101/3467 1735/2096/3467
f 1984/1939/3468 1985/1989/3468 1611/2322/3468
f 1875/2321/3469 1877/2323/3469 1869/2317/3469
f 1869/2317/3470 1877/2323/3470 1870/2318/3470
f 1877/2323/3471 1878/2324/3471 1870/2318/3471
f 1870/2318/3472 1878/2324/3472 1871/2319/3472
f 1878/2324/3473 1879/2101/3473 1871/2319/3473
f 1905/2264/3474 1598/2325/3474 1778/2326/3474
f 1607/2327/3475 1778/2326/3475 1598/2325/3475
f 1643/1937/3476 1676/1949/3476 1675/1947/3476
f 1614/1956/3477 1676/1949/3477 1826/2253/3477
f 1831/2258/3478 1680/1961/3478 1829/2256/3478
f 1873/1983/3479 1882/2328/3479 1874/2320/3479
f 1882/2328/3480 1883/2329/3480 1874/2320/3480
f 1874/2320/3481 1883/2329/3481 1875/2321/3481
f 1883/2329/3482 1884/2330/3482 1875/2321/3482
f 1875/2321/3483 1884/2330/3483 1877/2323/3483
f 1584/2331/3484 1876/2332/3484 1986/2333/3484
f 1885/2334/3485 1882/2328/3485 1593/1982/3485
f 1884/2330/3486 1886/2335/3486 1877/2323/3486
f 1877/2323/3487 1886/2335/3487 1878/2324/3487
f 1878/2324/3488 1887/2336/3488 1879/2101/3488
f 1879/2101/3489 1887/2336/3489 1629/2102/3489
f 1984/1939/3490 1611/2322/3490 1621/2337/3490
f 1609/2338/3491 1621/2337/3491 1982/2339/3491
f 1885/2334/3492 1889/2340/3492 1882/2328/3492
f 1882/2328/3493 1889/2340/3493 1883/2329/3493
f 1889/2340/3494 1890/2341/3494 1883/2329/3494
f 1883/2329/3495 1890/2341/3495 1884/2330/3495
f 1890/2341/3496 1891/2342/3496 1884/2330/3496
f 1884/2330/3497 1891/2342/3497 1886/2335/3497
f 1891/2342/3498 1892/2343/3498 1886/2335/3498
f 1886/2335/3499 1892/2343/3499 1878/2324/3499
f 1892/2343/3500 1893/2344/3500 1878/2324/3500
f 1878/2324/3501 1893/2344/3501 1887/2336/3501
f 1887/2336/3502 1628/2103/3502 1629/2102/3502
f 2013/1953/3503 1897/1955/3503 1888/2345/3503
f 1985/1989/3504 1612/1988/3504 1611/2322/3504
f 1598/2325/3505 1906/2346/3505 1607/2327/3505
f 1896/2347/3506 1885/2334/3506 1610/1921/3506
f 1885/2334/3507 1896/2347/3507 1889/2340/3507
f 2082/2348/3508 1898/2349/3508 1876/2332/3508
f 1880/2350/3509 1590/2351/3509 1589/2352/3509
f 1973/1966/2988 1620/1963/2988 1611/2353/2988
f 1896/2347/3510 1899/2354/3510 1889/2340/3510
f 1889/2340/3511 1899/2354/3511 1890/2341/3511
f 1899/2354/3512 1900/2245/3512 1890/2341/3512
f 1890/2341/3513 1900/2245/3513 1891/2342/3513
f 1900/2245/3514 1901/2355/3514 1891/2342/3514
f 1891/2342/3515 1901/2355/3515 1892/2343/3515
f 1901/2355/3516 1902/2356/3516 1892/2343/3516
f 1892/2343/3517 1902/2356/3517 1893/2344/3517
f 1902/2356/3518 1903/2357/3518 1893/2344/3518
f 1893/2344/3519 1903/2357/3519 1887/2336/3519
f 1903/2357/3520 1904/2358/3520 1887/2336/3520
f 1887/2336/3521 1904/2358/3521 1628/2103/3521
f 1679/2359/3522 1622/2360/3522 1641/2302/3522
f 1589/2352/3523 1588/1991/3523 1880/2350/3523
f 1610/1921/3524 1609/2338/3524 1896/2347/3524
f 1896/2347/3525 1609/2338/3525 1899/2354/3525
f 1900/2245/3526 1608/2247/3526 1901/2355/3526
f 1901/2355/3527 1608/2247/3527 1902/2356/3527
f 1903/2361/3528 1620/1963/3528 1904/1965/3528
f 1692/2009/3529 1778/2007/3529 1607/2362/3529
f 1830/2257/3530 1905/2264/3530 1832/2259/3530
f 2221/2012/3531 2219/2015/3531 2218/2011/3531
f 1684/1978/3532 1680/1961/3532 1831/2258/3532
f 1680/1961/3533 1779/2254/3533 1829/2256/3533
f 1772/2162/3534 1771/1975/3534 1780/1968/3534
f 2058/2363/3535 2052/2364/3535 2059/2365/3535
f 1991/2026/3536 2224/2025/3536 2223/2020/3536
f 1692/2009/3537 1607/2362/3537 1912/2190/3537
f 1588/1991/3538 1922/2366/3538 1587/1985/3538
f 1922/2366/3539 1627/2195/3539 1785/2187/3539
f 1599/2367/3540 1780/1968/3540 1775/2166/3540
f 1589/2352/3541 1924/2368/3541 1588/1991/3541
f 1924/2368/3542 1925/2369/3542 1922/2366/3542
f 1922/2366/3543 1925/2369/3543 1627/2195/3543
f 1937/2370/3544 1913/2371/3544 1936/2372/3544
f 1907/2283/3545 1845/2194/3545 1908/2193/3545
f 1920/2373/3546 1921/2374/3546 1905/2264/3546
f 1590/2351/3547 1926/2375/3547 1589/2352/3547
f 1926/1973/3548 1927/2031/3548 1924/2376/3548
f 1924/2376/3549 1927/2031/3549 1925/2377/3549
f 1927/2031/3550 1928/2019/3550 1925/2377/3550
f 1925/2377/3551 1928/2019/3551 1627/2198/3551
f 1928/2019/3552 1543/1928/3552 1627/2198/3552
f 1939/2378/3553 1946/2379/3553 1914/2380/3553
f 1600/1967/3554 1784/2185/3554 1776/2174/3554
f 1844/2277/3555 1907/2283/3555 1841/2278/3555
f 1586/1986/3556 1784/2185/3556 1973/1966/3556
f 1921/2374/3557 1598/2325/3557 1905/2264/3557
f 1917/2381/3558 1920/2373/3558 1915/2382/3558
f 1880/1969/3559 1605/1972/3559 1590/1974/3559
f 1605/1972/3560 1604/2383/3560 1926/1973/3560
f 1926/1973/3561 1604/2383/3561 1927/2031/3561
f 1606/2021/3562 1626/1929/3562 1543/1928/3562
f 1600/1967/3563 1776/2174/3563 1780/1968/3563
f 1599/2367/3564 1775/2166/3564 1774/2165/3564
f 1736/2097/3565 1904/2358/3565 1663/2093/3565
f 1914/2380/3566 1940/2384/3566 1939/2378/3566
f 1628/2103/3567 1904/2358/3567 1736/2097/3567
f 1906/2346/3568 1841/2385/3568 1607/2327/3568
f 1913/2386/3569 1914/2387/3569 1948/2388/3569
f 2018/2389/3570 1932/2028/3570 2221/2012/3570
f 1602/2390/3571 1947/2391/3571 1603/2392/3571
f 1837/2006/3572 1838/2269/3572 1835/2265/3572
f 2219/2015/3573 1929/2393/3573 2218/2011/3573
f 2218/2011/3574 1929/2393/3574 1837/2006/3574
f 1929/2393/3575 1930/2270/3575 1837/2006/3575
f 1837/2006/3576 1930/2270/3576 1838/2269/3576
f 2220/2014/3577 1931/2394/3577 2219/2015/3577
f 2219/2015/3578 1931/2394/3578 1929/2393/3578
f 2221/2012/3579 1933/2029/3579 2222/2013/3579
f 1934/2395/3580 1935/2396/3580 2220/2014/3580
f 2220/2014/3581 1935/2396/3581 1931/2394/3581
f 1931/2394/3582 1936/2372/3582 1929/2393/3582
f 1929/2393/3583 1936/2372/3583 1930/2270/3583
f 1936/2372/3584 1913/2371/3584 1930/2270/3584
f 1935/2396/3585 1937/2370/3585 1931/2394/3585
f 1931/2394/3586 1937/2370/3586 1936/2372/3586
f 2018/2389/3587 1938/2397/3587 1932/2028/3587
f 1932/2028/3588 1938/2397/3588 1933/2029/3588
f 1938/2397/3589 1939/2378/3589 1933/2029/3589
f 1933/2029/3590 1939/2378/3590 1934/2395/3590
f 1939/2378/3591 1940/2384/3591 1934/2395/3591
f 1934/2395/3592 1940/2384/3592 1935/2396/3592
f 1940/2384/3593 1941/2398/3593 1935/2396/3593
f 1935/2396/3594 1941/2398/3594 1937/2370/3594
f 2020/2399/3595 1603/2392/3595 2018/2389/3595
f 1603/2392/3596 1938/2397/3596 2018/2389/3596
f 1938/2397/3597 1942/2400/3597 1939/2378/3597
f 1603/2392/3598 1943/2401/3598 1938/2397/3598
f 1943/2401/3599 1944/2402/3599 1938/2397/3599
f 1944/2402/3600 1942/2400/3600 1938/2397/3600
f 1942/2400/3601 1945/2403/3601 1939/2378/3601
f 1945/2403/3602 1946/2379/3602 1939/2378/3602
f 1603/2392/3603 1947/2391/3603 1943/2401/3603
f 1947/2391/3604 1944/2402/3604 1943/2401/3604
f 1944/2402/3605 1949/2404/3605 1942/2400/3605
f 1949/2404/3606 1945/2403/3606 1942/2400/3606
f 1945/2403/3607 1948/2405/3607 1946/2379/3607
f 1947/2391/3608 1949/2404/3608 1944/2402/3608
f 1949/2404/3609 1950/2406/3609 1945/2403/3609
f 1950/2406/3610 1948/2405/3610 1945/2403/3610
f 1602/2390/3611 1601/1920/3611 1947/2391/3611
f 1601/1920/3612 1949/2404/3612 1947/2391/3612
f 1950/2407/3613 1951/2171/3613 1948/2173/3613
f 1601/1920/3614 1595/2408/3614 1949/2404/3614
f 1595/2408/3615 1594/2409/3615 1949/2404/3615
f 1949/2404/3616 1594/2409/3616 1950/2406/3616
f 1594/2410/3617 1951/2171/3617 1950/2407/3617
f 1853/2287/3618 1953/2294/3618 1854/2288/3618
f 1617/2291/3619 1955/2411/3619 1616/2292/3619
f 1851/2284/3620 1957/2412/3620 1617/2291/3620
f 1850/2282/3621 1960/2413/3621 1851/2284/3621
f 1618/2290/3622 1963/2414/3622 1850/2282/3622
f 1849/2281/3623 1974/2415/3623 1619/2289/3623
f 1848/2416/3624 1979/2417/3624 1849/2281/3624
f 1846/2189/3625 1625/2305/3625 1615/2293/3625
f 1854/2288/3626 1952/2296/3626 1846/2189/3626
f 1846/2189/3627 1952/2296/3627 1625/2305/3627
f 1854/2288/3628 1953/2294/3628 1952/2296/3628
f 1853/2287/3629 1616/2292/3629 1953/2294/3629
f 1616/2292/3630 1954/2418/3630 1953/2294/3630
f 1954/2418/3631 1624/2297/3631 1953/2294/3631
f 1616/2292/3632 1955/2411/3632 1954/2418/3632
f 1955/2411/3633 1956/2419/3633 1954/2418/3633
f 1954/2418/3634 1956/2419/3634 1624/2297/3634
f 1956/2419/3635 1623/2310/3635 1624/2297/3635
f 1617/2291/3636 1957/2412/3636 1955/2411/3636
f 1957/2412/3637 1958/2420/3637 1955/2411/3637
f 1955/2411/3638 1958/2420/3638 1956/2419/3638
f 1958/2420/3639 1959/2301/3639 1956/2419/3639
f 1956/2419/3640 1959/2301/3640 1623/2310/3640
f 1851/2284/3641 1960/2413/3641 1957/2412/3641
f 1960/2413/3642 1961/2421/3642 1957/2412/3642
f 1957/2412/3643 1961/2421/3643 1958/2420/3643
f 1961/2421/3644 1962/2422/3644 1958/2420/3644
f 1958/2420/3645 1962/2422/3645 1959/2301/3645
f 1850/2282/3646 1963/2414/3646 1960/2413/3646
f 1960/2413/3647 1964/2423/3647 1961/2421/3647
f 1961/2421/3648 1965/2424/3648 1962/2422/3648
f 1962/2422/3649 1966/2299/3649 1959/2301/3649
f 1963/2414/3650 1964/2423/3650 1960/2413/3650
f 1964/2423/3651 1965/2424/3651 1961/2421/3651
f 1965/2424/3652 1967/2425/3652 1962/2422/3652
f 1967/2425/3653 1968/2426/3653 1962/2422/3653
f 1962/2422/3654 1968/2426/3654 1966/2299/3654
f 1611/2353/3655 1620/1963/3655 1621/2427/3655
f 1620/1963/3656 1982/2428/3656 1621/2427/3656
f 1964/2423/3657 1969/2429/3657 1965/2424/3657
f 1969/2429/3658 1967/2425/3658 1965/2424/3658
f 1619/2289/3659 1970/2430/3659 1618/2290/3659
f 1618/2290/3660 1970/2430/3660 1963/2414/3660
f 1963/2414/3661 1970/2430/3661 1964/2423/3661
f 1970/2430/3662 1969/2429/3662 1964/2423/3662
f 1969/2429/3663 1971/2431/3663 1967/2425/3663
f 1971/2431/3664 1972/2432/3664 1967/2425/3664
f 1967/2425/3665 1972/2432/3665 1968/2426/3665
f 1973/1966/3666 1611/2353/3666 1612/1992/3666
f 1612/1992/3667 1581/1942/3667 1894/1941/3667
f 1974/2415/3668 1975/2433/3668 1619/2289/3668
f 1619/2289/3669 1975/2433/3669 1970/2430/3669
f 1970/2430/3670 1976/2434/3670 1969/2429/3670
f 1971/2431/3671 1977/2435/3671 1972/2432/3671
f 1622/2436/3672 1986/2437/3672 1895/1940/3672
f 1986/2437/3673 1876/2438/3673 1895/1940/3673
f 1622/2436/2988 1895/1940/2988 1581/1942/2988
f 1876/2438/3674 1898/2439/3674 1895/1940/3674
f 1975/2433/3675 1976/2434/3675 1970/2430/3675
f 1976/2434/3676 1978/2440/3676 1969/2429/3676
f 1969/2429/3677 1978/2440/3677 1971/2431/3677
f 1978/2440/3678 1977/2435/3678 1971/2431/3678
f 1898/2439/3679 2092/2441/3679 1580/2442/3679
f 1898/2439/3680 1580/2442/3680 1888/2443/3680
f 1568/2444/3681 1580/2442/3681 2092/2441/3681
f 1849/2281/3682 1979/2417/3682 1974/2415/3682
f 1979/2417/3683 1975/2433/3683 1974/2415/3683
f 1975/2433/3684 1980/2445/3684 1976/2434/3684
f 1980/2445/3685 1978/2440/3685 1976/2434/3685
f 1978/2440/3686 1981/2446/3686 1977/2435/3686
f 1588/1991/3687 1881/1990/3687 1880/2350/3687
f 1897/2447/3688 1895/1940/3688 1898/2439/3688
f 1888/2443/3689 1897/2447/3689 1898/2439/3689
f 1612/1992/3666 1881/1990/3666 1973/1966/3666
f 1986/2333/3690 1622/2360/3690 1679/2359/3690
f 1900/2245/3691 1982/2339/3691 1620/2246/3691
f 1641/2302/3692 1622/2360/3692 1581/2303/3692
f 1640/2304/3693 1581/2303/3693 1612/2448/3693
f 1979/2417/3694 1592/2449/3694 1975/2433/3694
f 1592/2449/3695 1591/2450/3695 1975/2433/3695
f 1975/2433/3696 1591/2450/3696 1980/2445/3696
f 1591/2450/3697 2056/2451/3697 1980/2445/3697
f 1980/2445/3698 2056/2451/3698 1978/2440/3698
f 2056/2451/3699 1981/2446/3699 1978/2440/3699
f 1587/1985/3700 1973/1966/3700 1881/1990/3700
f 2087/2452/3701 2092/2453/3701 1898/2349/3701
f 1899/2354/3702 1982/2339/3702 1900/2245/3702
f 1610/1921/3703 1983/1923/3703 1609/2338/3703
f 1582/1996/3704 1688/2454/3704 1687/1997/3704
f 1899/2354/3705 1609/2338/3705 1982/2339/3705
f 1915/2382/3558 1920/2373/3558 1905/2264/3558
f 1983/1923/3706 1984/1939/3706 1609/2338/3706
f 1919/2455/3707 1923/2456/3707 1918/2457/3707
f 1544/2458/3708 1915/2382/3708 1836/2268/3708
f 1973/1966/3709 1771/1975/3709 1770/1977/3709
f 1780/1968/3710 1599/2367/3710 1772/2162/3710
f 1774/2165/3711 1773/2164/3711 1599/2367/3711
f 1985/1989/3712 1984/1939/3712 1642/1922/3712
f 1836/2268/3713 1915/2382/3713 1905/2264/3713
f 1948/2388/3714 1544/2458/3714 1913/2386/3714
f 1946/2459/3715 1948/2388/3715 1914/2387/3715
f 1662/2460/3716 1663/1964/3716 1620/1963/3716
f 1913/2386/3717 1937/2461/3717 1914/2387/3717
f 1620/1963/3718 1903/2361/3718 1608/2462/3718
f 1903/2361/3719 1902/2463/3719 1608/2462/3719
f 1773/2164/3720 1772/2162/3720 1599/2367/3720
f 1620/1963/3721 1770/1977/3721 1662/2460/3721
f 1836/2268/3722 1913/2386/3722 1544/2458/3722
f 1676/1949/3723 1614/1956/3723 1677/1950/3723
f 1831/2258/3724 1832/2259/3724 1684/1978/3724
f 1832/2259/3474 1905/2264/3474 1684/1978/3474
f 2072/2464/3725 1689/2465/3725 2069/2466/3725
f 1930/2270/3726 1913/2371/3726 1836/2266/3726
f 1587/1985/3727 1922/2366/3727 1785/2187/3727
f 1785/2187/3728 1586/1986/3728 1587/1985/3728
f 1926/2375/3729 1924/2368/3729 1589/2352/3729
f 1588/1991/3730 1924/2368/3730 1922/2366/3730
f 1841/2385/3731 1907/2467/3731 1607/2327/3731
f 1907/2467/3732 1908/2468/3732 1911/2469/3732
f 1911/2469/3733 1908/2468/3733 1909/2470/3733
f 1909/2471/3734 1910/2472/3734 1911/2473/3734
f 1607/2327/3735 1907/2467/3735 1911/2469/3735
f 1940/2384/3736 1914/2380/3736 1941/2398/3736
f 1989/1971/3737 1605/1972/3737 1880/1969/3737
f 1680/1961/3557 1614/1956/3557 1779/2254/3557
f 1614/1956/3738 1826/2253/3738 1779/2254/3738
f 1934/2395/3739 2220/2014/3739 2222/2013/3739
f 2082/2348/3740 2087/2452/3740 1898/2349/3740
f 1679/2359/3741 1585/2474/3741 1986/2333/3741
f 1585/2474/3742 1584/2331/3742 1986/2333/3742
f 1928/2019/3743 1606/2021/3743 1543/1928/3743
f 1604/2383/3744 1987/2032/3744 1927/2031/3744
f 1605/1972/3745 1988/2027/3745 1604/2383/3745
f 1643/1937/3746 1826/2253/3746 1676/1949/3746
f 1881/1990/3747 1992/2475/3747 1880/2350/3747
f 1604/2383/3748 1988/2027/3748 1987/2032/3748
f 1605/1972/3749 1989/1971/3749 1988/2027/3749
f 1990/1970/3750 1991/2026/3750 1989/1971/3750
f 1992/2476/3751 1990/1970/3751 1880/1969/3751
f 1992/2476/3752 1993/2024/3752 1990/1970/3752
f 1990/1970/3753 1993/2024/3753 1991/2026/3753
f 1994/2477/3754 1992/2476/3754 1881/2478/3754
f 1992/2476/3755 1994/2477/3755 1993/2024/3755
f 1994/2477/3756 2224/2025/3756 1993/2024/3756
f 1675/1947/3757 1613/1946/3757 1643/1937/3757
f 1881/2478/3758 1995/2479/3758 1994/2477/3758
f 1994/2477/3759 1995/2479/3759 2224/2025/3759
f 1995/2479/3760 1996/2271/3760 2224/2025/3760
f 1911/2469/3761 1912/2480/3761 1607/2327/3761
f 1894/2481/3762 1995/2479/3762 1881/2478/3762
f 1995/2479/3763 1997/2482/3763 1996/2271/3763
f 1997/2482/3764 1998/2483/3764 1996/2271/3764
f 1894/2481/3765 1999/2484/3765 1995/2479/3765
f 1999/2484/3766 1997/2482/3766 1995/2479/3766
f 1997/2482/3767 2000/2485/3767 1998/2483/3767
f 2000/2485/3768 2001/2023/3768 1998/2483/3768
f 1882/2328/3769 1873/1983/3769 1593/1982/3769
f 1895/2486/3770 1999/2484/3770 1894/2481/3770
f 1999/2484/3771 2002/2487/3771 1997/2482/3771
f 2002/2487/3772 2000/2485/3772 1997/2482/3772
f 2000/2485/3773 2003/2488/3773 2001/2023/3773
f 2004/2489/3774 2002/2487/3774 1999/2484/3774
f 2002/2487/3775 2005/2490/3775 2000/2485/3775
f 2005/2490/3776 2003/2488/3776 2000/2485/3776
f 2003/2488/3777 2006/2491/3777 2001/2023/3777
f 2006/2491/3778 2007/2022/3778 2001/2023/3778
f 1609/2338/3779 1984/1939/3779 1621/2337/3779
f 1897/1955/3780 2008/1954/3780 1895/2492/3780
f 2008/2493/3781 2009/2494/3781 2004/2489/3781
f 2004/2489/3782 2009/2494/3782 2002/2487/3782
f 2009/2494/3783 2005/2490/3783 2002/2487/3783
f 2005/2490/3784 2010/2495/3784 2003/2488/3784
f 2010/2495/3785 2011/2496/3785 2003/2488/3785
f 2003/2488/3786 2011/2496/3786 2006/2491/3786
f 2013/1953/3787 2014/2497/3787 2008/1954/3787
f 2008/2493/3788 2014/2498/3788 2009/2494/3788
f 2014/2498/3789 2015/2499/3789 2009/2494/3789
f 2009/2494/3790 2015/2499/3790 2005/2490/3790
f 2015/2499/3791 2010/2495/3791 2005/2490/3791
f 2010/2495/3792 2016/2500/3792 2011/2496/3792
f 2011/2496/3793 2017/2501/3793 2006/2491/3793
f 2006/2491/3794 2017/2501/3794 2007/2022/3794
f 2007/2022/3795 2017/2501/3795 2012/1994/3795
f 2017/2501/3796 2230/1999/3796 2012/1994/3796
f 1580/2502/3797 1579/2503/3797 1888/2345/3797
f 1888/2345/3798 1579/2503/3798 2013/1953/3798
f 1579/2503/3799 1578/2504/3799 2013/1953/3799
f 2013/1953/3800 1578/2504/3800 2014/2497/3800
f 1578/2504/3801 1577/2505/3801 2014/2497/3801
f 2014/2498/3802 1577/2506/3802 2015/2499/3802
f 1577/2506/3803 1576/2507/3803 2015/2499/3803
f 2015/2499/3804 1576/2507/3804 2010/2495/3804
f 1576/2507/3805 2016/2500/3805 2010/2495/3805
f 2016/2500/3806 1575/2508/3806 2011/2496/3806
f 2011/2496/3807 1575/2508/3807 2017/2501/3807
f 1575/2508/3808 2123/2509/3808 2017/2501/3808
f 1914/2387/3809 1937/2461/3809 1941/2510/3809
f 2225/2004/3810 2018/2389/3810 2221/2012/3810
f 2226/2002/3811 2019/2511/3811 2225/2004/3811
f 2019/2511/3812 2020/2399/3812 2018/2389/3812
f 2227/2000/3813 2021/2512/3813 2226/2002/3813
f 2226/2002/3814 2021/2512/3814 2019/2511/3814
f 2021/2512/3815 2022/2513/3815 2019/2511/3815
f 2022/2513/3816 2023/2514/3816 2019/2511/3816
f 2019/2511/3817 2023/2514/3817 2020/2399/3817
f 2023/2514/3818 1603/2392/3818 2020/2399/3818
f 2229/2515/3819 2024/2516/3819 2227/2000/3819
f 2227/2000/3820 2024/2516/3820 2021/2512/3820
f 2024/2516/3821 2025/2517/3821 2021/2512/3821
f 2021/2512/3822 2025/2517/3822 2022/2513/3822
f 2022/2513/3823 2025/2517/3823 2023/2514/3823
f 2023/2514/3824 1602/2390/3824 1603/2392/3824
f 2025/2517/3825 1602/2390/3825 2023/2514/3825
f 2229/2515/3826 2228/2518/3826 2024/2516/3826
f 2228/2518/3827 2026/2519/3827 2024/2516/3827
f 2024/2516/3828 2026/2519/3828 2025/2517/3828
f 2026/2519/3829 2027/2520/3829 2025/2517/3829
f 2025/2517/3830 2027/2520/3830 1602/2390/3830
f 1552/2521/3831 1551/2522/3831 2228/2518/3831
f 2228/2518/3832 1551/2522/3832 2026/2519/3832
f 2026/2519/3833 1551/2522/3833 2027/2520/3833
f 2027/2520/3834 2217/1918/3834 1602/2390/3834
f 1602/2390/3835 2217/1918/3835 1601/1920/3835
f 1988/2027/3836 1991/2026/3836 2223/2020/3836
f 1951/2171/3837 1915/2523/3837 1544/2172/3837
f 1594/2410/3838 2028/2524/3838 1951/2171/3838
f 1951/2171/3839 2028/2524/3839 1915/2523/3839
f 2028/2524/3840 2029/2525/3840 1915/2523/3840
f 1915/2523/3841 2029/2525/3841 1916/2526/3841
f 2029/2525/3842 1917/2527/3842 1916/2526/3842
f 2073/2528/3843 1691/2529/3843 1690/2530/3843
f 2029/2525/3844 2030/2531/3844 1917/2527/3844
f 1917/2527/3845 2030/2531/3845 1918/2532/3845
f 2030/2531/3846 1919/1933/3846 1918/2532/3846
f 2032/2533/3847 1920/2534/3847 1923/1932/3847
f 2032/2533/3848 2033/2535/3848 1920/2534/3848
f 2033/2535/3849 1921/2536/3849 1920/2534/3849
f 1594/2410/3850 2034/2537/3850 2028/2524/3850
f 2034/2537/3851 2035/2538/3851 2028/2524/3851
f 2028/2524/3852 2035/2538/3852 2029/2525/3852
f 2035/2538/3853 2036/2539/3853 2029/2525/3853
f 2029/2525/3854 2036/2539/3854 2030/2531/3854
f 2030/2531/3855 2031/1931/3855 1919/1933/3855
f 2031/1931/3856 2037/2540/3856 1923/1932/3856
f 2037/2540/3857 2032/2533/3857 1923/1932/3857
f 2033/2535/3858 2038/2541/3858 1921/2536/3858
f 1921/2536/3859 2038/2541/3859 1598/2182/3859
f 2038/2541/3860 2039/2272/3860 1598/2182/3860
f 1598/2182/3861 2039/2272/3861 1597/2180/3861
f 1595/2542/3862 2040/2543/3862 1594/2410/3862
f 1594/2410/3863 2040/2543/3863 2034/2537/3863
f 2036/2539/3864 2041/2544/3864 2030/2531/3864
f 2030/2531/3865 2041/2544/3865 2031/1931/3865
f 2041/2544/3866 2037/2540/3866 2031/1931/3866
f 2037/2540/3867 2042/2545/3867 2032/2533/3867
f 2042/2545/3868 2043/2546/3868 2032/2533/3868
f 2032/2533/3869 2043/2546/3869 2033/2535/3869
f 1601/1920/3870 2044/1919/3870 1595/2408/3870
f 2044/1919/3871 2040/2547/3871 1595/2408/3871
f 2040/2543/3872 2045/2548/3872 2034/2537/3872
f 2034/2537/3873 2045/2548/3873 2035/2538/3873
f 2045/2548/3874 2046/2549/3874 2035/2538/3874
f 2035/2538/3875 2046/2549/3875 2036/2539/3875
f 2046/2549/3876 2041/2544/3876 2036/2539/3876
f 2041/2544/3877 2047/2550/3877 2037/2540/3877
f 2047/2550/3878 2042/2545/3878 2037/2540/3878
f 2043/2546/3879 2048/2551/3879 2033/2535/3879
f 2033/2535/3880 2048/2551/3880 2038/2541/3880
f 2048/2551/3881 2049/2552/3881 2038/2541/3881
f 2038/2541/3882 2049/2552/3882 2039/2272/3882
f 2049/2552/3883 1596/1927/3883 2039/2272/3883
f 2044/1919/3884 1558/2553/3884 2040/2547/3884
f 1558/2554/3885 2045/2548/3885 2040/2543/3885
f 2046/2549/3886 1557/2555/3886 2041/2544/3886
f 1557/2555/3887 2047/2550/3887 2041/2544/3887
f 2047/2550/3888 1556/2556/3888 2042/2545/3888
f 1556/2556/3889 1555/2557/3889 2042/2545/3889
f 2042/2545/3890 1555/2557/3890 2043/2546/3890
f 2043/2546/3891 1555/2557/3891 2048/2551/3891
f 1555/2557/3892 1554/2558/3892 2048/2551/3892
f 2048/2551/3893 1554/2558/3893 2049/2552/3893
f 1554/2558/3894 1553/2559/3894 2049/2552/3894
f 2049/2552/3895 1553/2559/3895 1596/1927/3895
f 1553/2559/3896 1567/1924/3896 1596/1927/3896
f 1566/2560/3897 2050/2561/3897 1567/1924/3897
f 1564/2562/3898 2051/2563/3898 1565/2564/3898
f 1567/1924/3899 2050/2561/3899 1979/1925/3899
f 2050/2565/3900 1592/2449/3900 1979/2417/3900
f 1565/2564/3901 2051/2563/3901 1566/2566/3901
f 2051/2563/3902 2052/2567/3902 1566/2566/3902
f 1566/2560/3903 2052/2364/3903 2050/2561/3903
f 2052/2364/3904 2053/2568/3904 2050/2561/3904
f 2050/2565/3905 2053/2569/3905 1592/2449/3905
f 2053/2569/3906 1591/2450/3906 1592/2449/3906
f 1564/2570/3907 2054/2571/3907 2051/2572/3907
f 2054/2571/3908 2055/2573/3908 2051/2572/3908
f 2051/2572/3909 2055/2573/3909 2052/2364/3909
f 2052/2364/3910 2056/2574/3910 2053/2568/3910
f 2053/2568/3911 2056/2574/3911 1591/2575/3911
f 1564/2570/3912 2057/2576/3912 2054/2571/3912
f 2052/2364/3913 2058/2363/3913 2056/2574/3913
f 2058/2577/3914 1981/2446/3914 2056/2451/3914
f 1562/2578/3915 2057/2579/3915 1563/2580/3915
f 1563/2581/3916 2057/2576/3916 1564/2570/3916
f 2054/2571/3917 2059/2365/3917 2055/2573/3917
f 2055/2573/3918 2059/2365/3918 2052/2364/3918
f 1895/2486/3919 2004/2489/3919 1999/2484/3919
f 1895/2486/3920 2008/2493/3920 2004/2489/3920
f 1562/2582/3921 2060/1958/3921 2057/2576/3921
f 2057/2576/3922 2060/1958/3922 2054/2571/3922
f 2060/1958/3923 2061/1960/3923 2054/2571/3923
f 2054/2571/3924 2061/1960/3924 2059/2365/3924
f 2019/2511/3925 2018/2389/3925 2225/2004/3925
f 2062/2583/3926 2060/1958/3926 1562/2582/3926
f 2093/2584/3927 1580/2502/3927 1568/2585/3927
f 1640/1987/3928 1690/2586/3928 1641/2587/3928
f 1689/2588/3929 1690/2586/3929 1640/1987/3929
f 1561/2589/3930 2062/2583/3930 1562/2582/3930
f 2062/2590/3931 2063/2591/3931 2060/2592/3931
f 1691/2593/3932 1585/2594/3932 1679/2595/3932
f 1679/2595/3933 1641/2587/3933 1691/2593/3933
f 1689/2588/3934 1640/1987/3934 2069/2596/3934
f 1561/2597/3935 2064/2598/3935 2062/2590/3935
f 2064/2598/3936 1682/2599/3936 2062/2590/3936
f 2062/2590/3937 1682/2599/3937 2063/2591/3937
f 2069/2596/3938 1985/1989/3938 1688/2600/3938
f 1640/1987/3939 1985/1989/3939 2069/2596/3939
f 1985/1989/3940 1642/1922/3940 1688/2600/3940
f 1642/1922/3939 1610/1921/3939 1688/2600/3939
f 2171/2601/3941 1560/2602/3941 1561/2589/3941
f 1560/2603/3942 2065/2604/3942 1561/2597/3942
f 1561/2597/3943 2065/2604/3943 2064/2598/3943
f 2065/2604/3944 1682/2599/3944 2064/2598/3944
f 1610/1921/3945 1885/2334/3945 1968/2426/3945
f 1885/2334/3946 1593/1982/3946 1966/2299/3946
f 1559/2605/3947 2066/2606/3947 1560/2603/3947
f 1560/2603/3948 2066/2606/3948 2065/2604/3948
f 2066/2606/3949 2067/2607/3949 2065/2604/3949
f 2067/2607/3950 1686/1998/3950 2065/2604/3950
f 2065/2604/3951 1686/1998/3951 1682/2599/3951
f 1968/2426/3952 1972/2432/3952 1688/2600/3952
f 1865/2300/3953 1966/2299/3953 1593/1982/3953
f 1872/1984/3954 1865/2300/3954 1593/1982/3954
f 1687/2608/3955 1688/2600/3955 1972/2432/3955
f 1583/2609/3956 2078/2610/3956 1559/2605/3956
f 1559/2605/3957 2078/2610/3957 2066/2606/3957
f 2067/2607/3958 1582/1996/3958 1686/1998/3958
f 1966/2299/3959 1968/2426/3959 1885/2334/3959
f 1972/2432/3960 1977/2435/3960 1687/2608/3960
f 1691/2593/3961 1641/2587/3961 1690/2586/3961
f 1977/2435/3962 1981/2446/3962 1682/2611/3962
f 2228/2518/3963 2229/2515/3963 2232/2612/3963
f 1583/2609/3964 2088/2613/3964 2078/2610/3964
f 1686/2614/3965 1687/2608/3965 1977/2435/3965
f 1610/1921/3939 1968/2426/3939 1688/2600/3939
f 1977/2435/3966 1682/2611/3966 1686/2614/3966
f 2058/2577/3967 2059/2615/3967 1981/2446/3967
f 2059/2615/3968 2061/2616/3968 1981/2446/3968
f 2061/2616/3969 2063/2617/3969 1981/2446/3969
f 2073/2528/3970 1585/2474/3970 1691/2529/3970
f 1682/2611/3971 1981/2446/3971 2063/2617/3971
f 2229/2515/3972 2231/2618/3972 2232/2612/3972
f 2229/2515/3973 2227/2000/3973 2230/1999/3973
f 2229/2515/3974 2139/2619/3974 2231/2618/3974
f 1552/2521/3975 2228/2518/3975 2232/2612/3975
f 2135/2620/3976 2139/2619/3976 2229/2515/3976
f 2135/2620/3977 2229/2515/3977 2230/1999/3977
f 1821/2244/3978 2001/2023/3978 2012/1994/3978
f 2012/1994/3022 2230/1999/3022 1817/1995/3022
f 1821/2244/3979 1998/2483/3979 2001/2023/3979
f 1821/2244/3980 1626/1929/3980 1998/2483/3980
f 1996/2271/3973 1998/2483/3973 1626/1929/3973
f 2223/2020/3981 2224/2025/3981 1606/2021/3981
f 1987/2032/3982 1988/2027/3982 2223/2020/3982
f 1582/1996/3983 2068/2621/3983 1688/2454/3983
f 2232/2612/3984 2233/2018/3984 1552/2521/3984
f 2067/2607/3985 2070/2622/3985 1582/1996/3985
f 1582/1996/3986 2070/2622/3986 2068/2621/3986
f 2068/2621/3987 2071/2623/3987 1688/2454/3987
f 1688/2454/3988 2071/2623/3988 2069/2466/3988
f 2071/2623/3989 2072/2464/3989 2069/2466/3989
f 1626/1929/3990 1606/2021/3990 1996/2271/3990
f 1821/2244/3991 2012/1994/3991 1816/1993/3991
f 2073/2528/3992 1584/2331/3992 1585/2474/3992
f 2067/2607/3993 2074/2624/3993 2070/2622/3993
f 2070/2622/3994 2075/2625/3994 2068/2621/3994
f 2075/2625/3995 2071/2623/3995 2068/2621/3995
f 2072/2464/3996 2076/2626/3996 1689/2465/3996
f 1689/2465/3997 2076/2626/3997 1690/2530/3997
f 2076/2626/3998 2077/2627/3998 1690/2530/3998
f 1690/2530/3999 2077/2627/3999 2073/2528/3999
f 2073/2528/4000 1876/2332/4000 1584/2331/4000
f 2066/2606/4001 2078/2610/4001 2067/2607/4001
f 2078/2610/4002 2074/2624/4002 2067/2607/4002
f 2074/2624/4003 2079/2628/4003 2070/2622/4003
f 2070/2622/4004 2079/2628/4004 2075/2625/4004
f 2075/2625/4005 2080/2629/4005 2071/2623/4005
f 2071/2623/4006 2080/2629/4006 2072/2464/4006
f 2080/2629/4007 2081/2630/4007 2072/2464/4007
f 2072/2464/4008 2081/2630/4008 2076/2626/4008
f 2077/2627/4009 2082/2348/4009 2073/2528/4009
f 2073/2528/4010 2082/2348/4010 1876/2332/4010
f 2078/2610/4011 2083/2631/4011 2074/2624/4011
f 2074/2624/4012 2083/2631/4012 2079/2628/4012
f 2075/2625/4013 2079/2628/4013 2080/2629/4013
f 2079/2628/4014 2084/2632/4014 2080/2629/4014
f 2080/2629/4015 2084/2632/4015 2081/2630/4015
f 2081/2630/4016 2085/2633/4016 2076/2626/4016
f 2076/2626/4017 2085/2633/4017 2077/2627/4017
f 2085/2633/4018 2086/2634/4018 2077/2627/4018
f 2077/2627/4019 2086/2634/4019 2082/2348/4019
f 2086/2634/4020 2087/2452/4020 2082/2348/4020
f 2088/2613/4021 2083/2631/4021 2078/2610/4021
f 2083/2631/4022 2089/2635/4022 2079/2628/4022
f 2079/2628/4023 2089/2635/4023 2084/2632/4023
f 2089/2635/4024 2090/2636/4024 2084/2632/4024
f 2084/2632/4025 2090/2636/4025 2081/2630/4025
f 2090/2636/4026 2091/2637/4026 2081/2630/4026
f 2081/2630/4027 2091/2637/4027 2085/2633/4027
f 2086/2634/4028 2092/2453/4028 2087/2452/4028
f 2088/2613/4029 1574/2638/4029 2083/2631/4029
f 1574/2638/4030 1573/2639/4030 2083/2631/4030
f 2083/2631/4031 1573/2639/4031 2089/2635/4031
f 1573/2639/4032 1572/2640/4032 2089/2635/4032
f 2089/2635/4033 1572/2640/4033 2090/2636/4033
f 1572/2640/4034 1571/2641/4034 2090/2636/4034
f 2090/2636/4035 1571/2641/4035 2091/2637/4035
f 2091/2637/4036 1570/2642/4036 2085/2633/4036
f 2085/2633/4037 1570/2642/4037 2086/2634/4037
f 1570/2642/4038 1569/2643/4038 2086/2634/4038
f 2086/2634/4039 1569/2643/4039 2092/2453/4039
f 1569/2643/4040 1568/2585/4040 2092/2453/4040
f 1569/2643/4041 2093/2584/4041 1568/2585/4041
f 1570/2642/4042 2094/2644/4042 1569/2643/4042
f 1571/2641/4043 2098/2645/4043 2091/2637/4043
f 1572/2640/4044 2102/2646/4044 1571/2641/4044
f 1573/2639/4045 2111/2647/4045 1572/2640/4045
f 1574/2638/4046 2111/2647/4046 1573/2639/4046
f 1583/2609/4047 2140/2648/4047 2088/2613/4047
f 1569/2643/4048 2094/2644/4048 2093/2584/4048
f 2094/2644/4049 2095/2649/4049 2093/2584/4049
f 2093/2584/4050 2095/2649/4050 1580/2502/4050
f 2095/2649/4051 1579/2503/4051 1580/2502/4051
f 1570/2642/4052 2096/2650/4052 2094/2644/4052
f 2094/2644/4053 2096/2650/4053 2095/2649/4053
f 2096/2650/4054 2097/2651/4054 2095/2649/4054
f 2095/2649/4055 2097/2651/4055 1579/2503/4055
f 2097/2651/4056 1578/2504/4056 1579/2503/4056
f 2091/2637/4057 2098/2645/4057 1570/2642/4057
f 2098/2645/4058 2099/2652/4058 1570/2642/4058
f 1570/2642/4059 2099/2652/4059 2096/2650/4059
f 2099/2652/4060 2100/2653/4060 2096/2650/4060
f 2096/2650/4061 2100/2653/4061 2097/2651/4061
f 2100/2653/4062 2101/2654/4062 2097/2651/4062
f 2097/2651/4063 2101/2654/4063 1578/2504/4063
f 2101/2654/4064 1577/2505/4064 1578/2504/4064
f 1571/2641/4065 2102/2646/4065 2098/2645/4065
f 2098/2645/4066 2103/2655/4066 2099/2652/4066
f 2099/2652/4067 2103/2655/4067 2100/2653/4067
f 2103/2655/4068 2104/2656/4068 2100/2653/4068
f 2100/2653/4069 2104/2656/4069 2101/2654/4069
f 2104/2656/4070 2105/2657/4070 2101/2654/4070
f 2101/2654/4071 2105/2657/4071 1577/2505/4071
f 2105/2658/4072 1576/2507/4072 1577/2506/4072
f 2102/2646/4073 2106/2659/4073 2098/2645/4073
f 2106/2659/4074 2107/2660/4074 2098/2645/4074
f 2098/2645/4075 2107/2660/4075 2103/2655/4075
f 2107/2660/4076 2108/2661/4076 2103/2655/4076
f 2103/2655/4077 2108/2661/4077 2104/2656/4077
f 2108/2661/4078 2109/2662/4078 2104/2656/4078
f 2104/2656/4079 2109/2662/4079 2105/2657/4079
f 2109/2662/4080 2110/2663/4080 2105/2657/4080
f 2105/2658/4081 2110/2664/4081 1576/2507/4081
f 2110/2664/4082 2016/2500/4082 1576/2507/4082
f 1572/2640/4083 2111/2647/4083 2102/2646/4083
f 2111/2647/4084 2106/2659/4084 2102/2646/4084
f 2107/2660/4085 2112/2665/4085 2108/2661/4085
f 2112/2665/4086 2113/2666/4086 2108/2661/4086
f 2108/2661/4087 2113/2666/4087 2109/2662/4087
f 2113/2666/4088 2114/2667/4088 2109/2662/4088
f 2109/2668/4089 2114/2669/4089 2110/2664/4089
f 2114/2669/4090 2115/2670/4090 2110/2664/4090
f 2110/2664/4091 2115/2670/4091 2016/2500/4091
f 2115/2670/4092 1575/2508/4092 2016/2500/4092
f 2111/2647/4093 2116/2671/4093 2106/2659/4093
f 2116/2671/4094 2117/2672/4094 2106/2659/4094
f 2106/2659/4095 2117/2672/4095 2107/2660/4095
f 2117/2672/4096 2112/2665/4096 2107/2660/4096
f 2112/2665/4097 2118/2673/4097 2113/2666/4097
f 2117/2672/4098 2119/2674/4098 2112/2665/4098
f 2119/2674/4099 2118/2673/4099 2112/2665/4099
f 2118/2673/4100 2120/2675/4100 2113/2666/4100
f 2120/2675/4101 2121/2676/4101 2113/2666/4101
f 2113/2666/4102 2121/2676/4102 2114/2667/4102
f 2121/2677/4103 2122/2678/4103 2114/2669/4103
f 2114/2669/4104 2122/2678/4104 2115/2670/4104
f 2122/2678/4105 2123/2509/4105 2115/2670/4105
f 2115/2670/4106 2123/2509/4106 1575/2508/4106
f 2111/2647/4107 2124/2679/4107 2116/2671/4107
f 2124/2679/4108 2117/2672/4108 2116/2671/4108
f 2120/2675/4109 2125/2680/4109 2121/2676/4109
f 2122/2678/4110 2126/2681/4110 2123/2509/4110
f 2126/2681/4111 2017/2501/4111 2123/2509/4111
f 1574/2638/4112 2124/2679/4112 2111/2647/4112
f 2119/2674/4113 2127/2682/4113 2118/2673/4113
f 2127/2682/4114 2128/2683/4114 2118/2673/4114
f 2118/2673/4115 2128/2683/4115 2120/2675/4115
f 2128/2683/4116 2125/2680/4116 2120/2675/4116
f 2125/2684/4117 2129/2685/4117 2121/2677/4117
f 2121/2677/4118 2129/2685/4118 2122/2678/4118
f 2129/2685/4119 2130/2686/4119 2122/2678/4119
f 2122/2678/4120 2130/2686/4120 2126/2681/4120
f 2124/2679/4121 2131/2687/4121 2117/2672/4121
f 2131/2687/4122 2132/2688/4122 2117/2672/4122
f 2117/2672/4123 2132/2688/4123 2119/2674/4123
f 2132/2688/4124 2127/2682/4124 2119/2674/4124
f 2128/2683/4125 2133/2689/4125 2125/2680/4125
f 2125/2684/4126 2134/2690/4126 2129/2685/4126
f 2130/2686/4127 2135/2620/4127 2126/2681/4127
f 2126/2681/4128 2135/2620/4128 2017/2501/4128
f 1905/2264/3474 1778/2326/3474 1684/1978/3474
f 2088/2613/4129 2136/2691/4129 1574/2638/4129
f 1574/2638/4130 2136/2691/4130 2124/2679/4130
f 2136/2691/4131 2131/2687/4131 2124/2679/4131
f 2133/2689/4132 2137/2692/4132 2125/2680/4132
f 2137/2692/4133 2134/2693/4133 2125/2680/4133
f 2134/2690/4134 2138/2694/4134 2129/2685/4134
f 2129/2685/4135 2138/2694/4135 2130/2686/4135
f 2138/2694/4136 2139/2619/4136 2130/2686/4136
f 2130/2686/4137 2139/2619/4137 2135/2620/4137
f 2088/2613/4138 2140/2648/4138 2136/2691/4138
f 2136/2691/4139 2141/2695/4139 2131/2687/4139
f 2141/2695/4140 2132/2688/4140 2131/2687/4140
f 2132/2688/4141 2142/2696/4141 2127/2682/4141
f 2127/2682/4142 2142/2696/4142 2128/2683/4142
f 2142/2696/4143 2133/2689/4143 2128/2683/4143
f 2140/2648/4144 1550/2697/4144 2136/2691/4144
f 1550/2697/4145 2141/2695/4145 2136/2691/4145
f 2141/2695/4146 2142/2696/4146 2132/2688/4146
f 1549/2698/4147 1548/2699/4147 2142/2696/4147
f 2142/2696/4148 1548/2699/4148 2133/2689/4148
f 1548/2699/4149 1547/2700/4149 2133/2689/4149
f 2133/2689/4150 1547/2700/4150 2137/2692/4150
f 1547/2700/4151 1546/2701/4151 2137/2692/4151
f 2137/2702/4152 1546/2703/4152 2134/2690/4152
f 1546/2703/4153 1545/2704/4153 2134/2690/4153
f 2134/2690/4154 1545/2704/4154 2138/2694/4154
f 2138/2694/4155 2231/2618/4155 2139/2619/4155
f 1554/2558/4156 2143/2705/4156 1553/2559/4156
f 1555/2557/4157 2145/2706/4157 1554/2558/4157
f 1556/2556/4158 2149/2707/4158 1555/2557/4158
f 2047/2550/4159 2153/2708/4159 1556/2556/4159
f 1557/2555/4160 2156/2709/4160 2047/2550/4160
f 2046/2549/4161 2161/2710/4161 1557/2555/4161
f 2045/2548/4162 2166/2711/4162 2046/2549/4162
f 1558/2554/4163 2166/2711/4163 2045/2548/4163
f 2044/1919/4164 2177/2712/4164 1558/2553/4164
f 1553/2559/4165 2143/2705/4165 1567/1924/4165
f 2143/2705/4166 1566/2560/4166 1567/1924/4166
f 2143/2705/4167 2144/2713/4167 1566/2560/4167
f 2144/2713/4168 1565/2714/4168 1566/2560/4168
f 1554/2558/4169 2145/2706/4169 2143/2705/4169
f 2145/2706/4170 2144/2713/4170 2143/2705/4170
f 2144/2713/4171 2146/2715/4171 1565/2714/4171
f 2146/2716/4172 1564/2562/4172 1565/2564/4172
f 2145/2706/4173 2147/2717/4173 2144/2713/4173
f 2147/2717/4174 2146/2715/4174 2144/2713/4174
f 2146/2716/4175 2148/2718/4175 1564/2562/4175
f 1555/2557/4176 2149/2707/4176 2145/2706/4176
f 2149/2707/4177 2147/2717/4177 2145/2706/4177
f 2147/2717/4178 2150/2719/4178 2146/2715/4178
f 2150/2720/4179 2148/2718/4179 2146/2716/4179
f 2148/2718/4180 1563/2580/4180 1564/2562/4180
f 2149/2707/4181 2151/2721/4181 2147/2717/4181
f 2151/2721/4182 2152/2722/4182 2147/2717/4182
f 2147/2717/4183 2152/2722/4183 2150/2719/4183
f 1556/2556/4184 2153/2708/4184 2149/2707/4184
f 2153/2708/4185 2151/2721/4185 2149/2707/4185
f 2151/2721/4186 2154/2723/4186 2152/2722/4186
f 2152/2722/4187 2155/2724/4187 2150/2719/4187
f 2150/2720/4188 2155/2725/4188 2148/2718/4188
f 2155/2725/4189 1563/2580/4189 2148/2718/4189
f 2047/2550/4190 2156/2709/4190 2153/2708/4190
f 2156/2709/4191 2157/2726/4191 2153/2708/4191
f 2153/2708/4192 2157/2726/4192 2151/2721/4192
f 2157/2726/4193 2158/2727/4193 2151/2721/4193
f 2151/2721/4194 2158/2727/4194 2154/2723/4194
f 2154/2723/4195 2159/2728/4195 2152/2722/4195
f 2152/2729/4196 2159/2730/4196 2155/2725/4196
f 2159/2730/4197 2160/2731/4197 2155/2725/4197
f 2155/2725/4198 2160/2731/4198 1563/2580/4198
f 2160/2731/4199 1562/2578/4199 1563/2580/4199
f 1557/2555/4200 2161/2710/4200 2156/2709/4200
f 2156/2709/4201 2162/2732/4201 2157/2726/4201
f 2157/2726/4202 2162/2732/4202 2158/2727/4202
f 2158/2727/4203 2163/2733/4203 2154/2723/4203
f 2154/2734/4204 2163/2735/4204 2159/2730/4204
f 2163/2735/4205 2164/2736/4205 2159/2730/4205
f 2160/2731/4206 2165/2737/4206 1562/2578/4206
f 2165/2738/4207 1561/2589/4207 1562/2582/4207
f 2046/2549/4208 2166/2711/4208 2161/2710/4208
f 2161/2710/4209 2167/2739/4209 2156/2709/4209
f 2156/2709/4210 2167/2739/4210 2162/2732/4210
f 2162/2732/4211 2168/2740/4211 2158/2727/4211
f 2158/2727/4212 2168/2740/4212 2163/2733/4212
f 2164/2736/4213 2169/2741/4213 2159/2730/4213
f 2159/2730/4214 2169/2741/4214 2160/2731/4214
f 2169/2742/4215 2170/2743/4215 2160/2744/4215
f 2160/2731/4216 2170/2745/4216 2165/2737/4216
f 2170/2743/4217 2171/2601/4217 2165/2738/4217
f 2165/2738/4218 2171/2601/4218 1561/2589/4218
f 2166/2711/4219 2172/2746/4219 2161/2710/4219
f 2172/2746/4220 2173/2747/4220 2161/2710/4220
f 2161/2710/4221 2173/2747/4221 2167/2739/4221
f 2167/2739/4222 2174/2748/4222 2162/2732/4222
f 2162/2732/4223 2174/2748/4223 2168/2740/4223
f 2168/2749/4224 2175/2750/4224 2163/2735/4224
f 2163/2735/4225 2175/2750/4225 2164/2736/4225
f 2164/2736/4226 2175/2750/4226 2169/2741/4226
f 2169/2742/4227 2176/2751/4227 2170/2743/4227
f 2170/2743/4228 2176/2751/4228 2171/2601/4228
f 1558/2554/4229 2177/2752/4229 2166/2711/4229
f 2177/2752/4230 2178/2753/4230 2166/2711/4230
f 2166/2711/4231 2178/2753/4231 2172/2746/4231
f 2173/2747/4232 2179/2754/4232 2167/2739/4232
f 2167/2739/4233 2179/2754/4233 2174/2748/4233
f 2174/2755/4234 2180/2756/4234 2168/2749/4234
f 2168/2749/4235 2180/2756/4235 2175/2750/4235
f 2175/2750/4236 2181/2757/4236 2169/2741/4236
f 2181/2758/4237 2182/2759/4237 2169/2742/4237
f 2169/2742/4238 2182/2759/4238 2176/2751/4238
f 2182/2759/4239 2183/2760/4239 2176/2751/4239
f 2176/2751/4240 2183/2760/4240 2171/2601/4240
f 2183/2760/4241 1560/2602/4241 2171/2601/4241
f 2177/2712/4242 2212/2761/4242 2178/2762/4242
f 2178/2753/4243 2184/2763/4243 2172/2746/4243
f 2172/2746/4244 2184/2763/4244 2173/2747/4244
f 2184/2763/4245 2179/2754/4245 2173/2747/4245
f 2179/2764/4246 2216/2765/4246 2174/2755/4246
f 2174/2755/4247 2216/2765/4247 2180/2756/4247
f 2180/2766/4248 2185/2767/4248 2175/2768/4248
f 2175/2768/4249 2185/2767/4249 2181/2758/4249
f 2181/2758/4250 2186/2769/4250 2182/2759/4250
f 2182/2759/4251 2186/2769/4251 2183/2760/4251
f 2183/2770/4252 1559/2605/4252 1560/2603/4252
f 2044/1919/4253 2217/1918/4253 2177/2712/4253
f 2217/1918/4254 2213/2771/4254 2177/2712/4254
f 2177/2712/4255 2213/2771/4255 2212/2761/4255
f 2212/2761/4256 2184/2772/4256 2178/2762/4256
f 2216/2773/4257 2211/2774/4257 2180/2766/4257
f 2180/2766/4258 2211/2774/4258 2185/2767/4258
f 2185/2767/4259 2215/2775/4259 2181/2758/4259
f 2181/2758/4260 2215/2775/4260 2186/2769/4260
f 2186/2769/4261 2214/2776/4261 2183/2760/4261
f 2214/2777/4262 2140/2648/4262 2183/2770/4262
f 2183/2770/4263 2140/2648/4263 1559/2605/4263
f 2140/2648/4264 1583/2609/4264 1559/2605/4264
f 2138/2694/4265 2187/2778/4265 2231/2618/4265
f 2141/2695/4266 1549/2698/4266 2142/2696/4266
f 2138/2694/4267 1545/2704/4267 2187/2778/4267
f 1545/2704/4268 2188/2779/4268 2187/2778/4268
f 1547/2780/4269 2189/2781/4269 1546/2703/4269
f 1546/2703/4270 2189/2781/4270 1545/2704/4270
f 1545/2704/4271 2189/2781/4271 2188/2779/4271
f 2189/2781/4272 2190/2782/4272 2188/2779/4272
f 2188/2779/4273 2190/2782/4273 2232/2612/4273
f 2190/2782/4274 2191/2016/4274 2232/2612/4274
f 2233/2018/4275 2192/2017/4275 1552/2521/4275
f 2190/2782/4276 2193/2783/4276 2191/2016/4276
f 2193/2783/4277 2194/2784/4277 2191/2016/4277
f 2191/2016/4278 2194/2784/4278 2192/2017/4278
f 1548/2699/4279 2195/2785/4279 1547/2700/4279
f 1547/2780/4280 2195/2786/4280 2189/2781/4280
f 2195/2786/4281 2196/2787/4281 2189/2781/4281
f 2189/2781/4282 2196/2787/4282 2190/2782/4282
f 2196/2787/4283 2197/2788/4283 2190/2782/4283
f 2190/2782/4284 2197/2788/4284 2193/2783/4284
f 2194/2784/4285 2198/2789/4285 2192/2017/4285
f 2192/2017/4286 2198/2789/4286 1552/2521/4286
f 2198/2789/4287 1551/2522/4287 1552/2521/4287
f 2196/2787/4288 2199/2790/4288 2197/2788/4288
f 2197/2788/4289 2200/2791/4289 2193/2783/4289
f 2193/2783/4290 2200/2791/4290 2194/2784/4290
f 2200/2791/4291 2201/2792/4291 2194/2784/4291
f 2194/2784/4292 2201/2792/4292 2198/2789/4292
f 1549/2698/4293 2202/2793/4293 1548/2699/4293
f 1548/2699/4294 2202/2793/4294 2195/2785/4294
f 2202/2793/4295 2203/2794/4295 2195/2785/4295
f 2203/2795/4296 2204/2796/4296 2195/2786/4296
f 2195/2786/4297 2204/2796/4297 2196/2787/4297
f 2204/2797/4298 2199/2798/4298 2196/2799/4298
f 2199/2798/4299 2205/2800/4299 2197/2801/4299
f 2205/2800/4300 2206/2802/4300 2197/2801/4300
f 2197/2788/4301 2206/2803/4301 2200/2791/4301
f 2141/2695/4302 2207/2804/4302 1549/2698/4302
f 1549/2698/4303 2207/2804/4303 2202/2793/4303
f 2207/2804/4304 2208/2805/4304 2202/2793/4304
f 2202/2793/4305 2208/2805/4305 2203/2794/4305
f 2203/2806/4306 2208/2807/4306 2204/2797/4306
f 2204/2797/4307 2209/2808/4307 2199/2798/4307
f 2209/2808/4308 2205/2800/4308 2199/2798/4308
f 2205/2809/4309 2210/2810/4309 2206/2803/4309
f 2198/2789/4310 2027/2520/4310 1551/2522/4310
f 1550/2697/4311 2207/2804/4311 2141/2695/4311
f 2208/2807/4312 2211/2774/4312 2204/2797/4312
f 2211/2774/4313 2209/2808/4313 2204/2797/4313
f 2209/2808/4314 2210/2811/4314 2205/2800/4314
f 2206/2803/4315 2212/2761/4315 2200/2791/4315
f 2200/2791/4316 2212/2761/4316 2201/2792/4316
f 2212/2761/4317 2213/2771/4317 2201/2792/4317
f 2201/2792/4318 2213/2771/4318 2198/2789/4318
f 2140/2648/4319 2214/2777/4319 1550/2697/4319
f 1550/2697/4320 2214/2777/4320 2207/2804/4320
f 2214/2777/4321 2215/2812/4321 2207/2804/4321
f 2207/2813/4322 2215/2775/4322 2208/2807/4322
f 2215/2775/4323 2185/2767/4323 2208/2807/4323
f 2208/2807/4324 2185/2767/4324 2211/2774/4324
f 2209/2808/4325 2216/2773/4325 2210/2811/4325
f 2210/2810/4326 2184/2772/4326 2206/2803/4326
f 2206/2803/4327 2184/2772/4327 2212/2761/4327
f 2213/2771/4328 2217/1918/4328 2198/2789/4328
f 2198/2789/4329 2217/1918/4329 2027/2520/4329
f 2214/2776/4330 2186/2769/4330 2215/2775/4330
f 2211/2774/4331 2216/2773/4331 2209/2808/4331
f 2216/2765/4332 2179/2764/4332 2210/2814/4332
f 2179/2815/4333 2184/2772/4333 2210/2810/4333
f 2191/2016/4334 2233/2018/4334 2232/2612/4334
f 2187/2778/4335 2232/2612/4335 2231/2618/4335
f 2188/2779/4336 2232/2612/4336 2187/2778/4336
f 2223/2020/4337 1928/2019/4337 1927/2031/4337
f 1934/2395/4338 2222/2013/4338 1933/2029/4338
f 1920/2373/3558 1917/2381/3558 1923/2456/3558
f 1915/2382/4339 1916/2816/4339 1917/2381/4339
f 1917/2381/4340 1918/2457/4340 1923/2456/4340
f 1821/2244/4341 1815/2204/4341 1626/1929/4341
f 2135/2620/4342 2230/1999/4342 2017/2501/4342
