# Blender 5.0.1
# www.blender.org
o rock_d
v -0.915616 0.000002 0.849901
v 1.435071 0.498653 0.159183
v 0.683921 0.950000 1.109139
v -0.220604 0.000002 1.225000
v -0.050157 0.935583 1.197775
v -1.133226 0.873890 -0.060800
v -0.712653 0.000002 -1.132552
v 0.326854 0.101179 -1.225000
v -0.844650 0.904826 0.772905
v 0.453164 0.000002 -0.989937
v 0.920448 0.946450 0.798766
v 0.939979 0.784391 -0.574536
v 0.962566 0.819278 -0.539569
v 0.885616 0.370396 -1.031787
v 0.869748 0.324066 -1.029248
v 0.780855 0.242811 -0.969654
v 0.715583 0.168682 -0.966588
v -1.436609 0.000005 -0.672835
v -1.448604 0.032739 -0.718176
v -1.456787 0.058079 -0.750056
v -1.466253 0.091830 -0.788327
v -1.475000 0.135474 -0.827648
v 0.966950 0.944941 0.709931
v 1.022559 0.942565 0.583972
v 1.067130 0.940132 0.464870
v 1.110449 0.937151 0.327919
v 0.977248 0.911786 -0.437896
v -1.443577 0.102815 -0.870866
v -1.286680 0.013953 -1.002558
v 1.471128 0.426070 -0.014581
v 1.470131 0.401665 -0.060551
v 1.462273 0.373471 -0.129477
v 1.447152 0.331363 -0.179546
v 1.439220 0.322367 -0.201503
v 1.420948 0.313563 -0.225195
v 1.397740 0.304972 -0.249345
v 1.378417 0.303242 -0.289749
v 1.220077 0.252234 -0.405868
v 1.193872 0.245866 -0.426041
v 1.178665 0.239791 -0.445158
v 1.165517 0.233998 -0.463917
v 1.149918 0.228477 -0.482466
v 1.118645 0.225869 -0.519794
v 1.072717 0.214378 -0.565979
v 1.030122 0.203041 -0.605238
v 0.964704 0.188473 -0.667561
v 0.796091 0.146657 -0.828796
v 0.718232 0.132778 -0.903450
v 0.964905 0.769568 -0.575156
v 1.006394 0.768870 -0.532498
v 1.050117 0.760959 -0.497689
v 1.074948 0.743336 -0.496483
v 1.109227 0.748632 -0.447728
v 1.170547 0.735523 -0.386480
v 1.228873 0.708900 -0.338704
v 1.265213 0.693854 -0.297002
v 1.297953 0.677784 -0.254399
v 1.326659 0.660783 -0.211324
v 1.346690 0.649301 -0.164138
v 1.368402 0.624827 -0.147718
v 1.383925 0.614484 -0.076070
v 1.403998 0.586270 -0.065818
v 1.413082 0.575996 0.002025
v 1.432398 0.541367 0.021099
v 1.439753 0.518480 0.072313
v 1.442848 0.500044 0.110883
v 0.582871 0.793686 1.122371
v 0.616230 0.770107 1.118567
v 0.757361 0.717796 1.101922
v 0.699834 0.743996 1.108687
v 0.989739 0.516845 1.075342
v 0.952408 0.566399 1.079492
v 0.907893 0.612725 1.084531
v 0.852649 0.658624 1.090864
v 0.799317 0.694152 1.097046
v 0.730458 0.833790 1.104356
v 0.814667 0.875067 1.093909
v 0.759538 0.909199 1.100309
v 0.665676 0.239792 1.116394
v 0.681882 0.081800 -0.825833
v 0.588706 0.000010 -0.704801
v 1.037915 0.405351 1.070328
v 0.703574 0.248685 1.111772
v 0.715772 0.218432 1.110524
v 0.757267 0.260268 1.105217
v 1.011437 0.478959 1.072993
v 0.735892 0.175057 1.108379
v 0.732032 0.196861 1.108690
v 0.725338 0.132723 1.109942
v 0.732870 0.153370 1.108915
v 1.026961 0.442743 1.071382
v 0.599726 0.016215 1.125946
v 0.659999 0.056645 1.118393
v 0.707315 0.103525 1.112346
v 0.938595 0.294555 1.083097
v 1.036939 0.317994 1.071058
v 1.044528 0.342040 1.069910
v 1.043448 0.373072 1.069890
v 0.593919 0.239129 -1.122163
v 0.552153 0.213149 -1.143216
v 0.812173 0.320848 -1.073200
v 0.791745 0.312258 -1.078821
v 0.607961 0.246051 -1.117148
v -1.242123 0.000002 -1.027198
v 1.442647 0.331935 0.226334
v 1.429569 0.314896 0.229205
v 1.269257 0.245925 0.189022
v 1.274947 0.228627 0.200821
v 1.275171 0.197853 0.200507
v 1.210310 0.872566 0.236384
v 1.174802 0.786084 0.169071
v 1.425669 0.529468 0.136962
v 1.407733 0.499094 0.268805
v 1.375830 0.499473 0.365193
v 1.335229 0.499899 0.470394
v 1.285654 0.500353 0.585346
v 1.243583 0.500602 0.674441
v 1.211889 0.500813 0.737430
v 1.177265 0.501030 0.802149
v 0.651285 0.768926 1.094930
v 0.623507 0.792714 1.090399
v 0.685187 0.767649 1.070507
v 0.655270 0.791451 1.061910
v 0.829176 0.694519 1.066193
v 0.768652 0.741598 1.050026
v 0.718208 0.766152 1.045142
v 0.685593 0.789940 1.031873
v 0.667263 0.813723 1.112122
v 1.046149 0.522753 0.995303
v 1.002584 0.544812 1.035868
v 0.972753 0.589057 1.031785
v 0.939338 0.634166 1.021812
v 0.902795 0.662959 1.028797
v 0.831006 0.716190 1.030057
v 0.750286 0.764449 1.018896
v 0.714428 0.788196 1.000488
v 0.735316 0.811277 1.044374
v 1.031790 0.565480 0.976547
v 0.888675 0.690974 1.004313
v 0.829312 0.738011 0.992687
v 0.781367 0.762554 0.991845
v 0.741744 0.786235 0.967959
v 0.769143 0.832232 1.062505
v 1.091907 0.522120 0.927882
v 1.012802 0.598063 0.967623
v 0.991273 0.631492 0.956658
v 0.888247 0.712544 0.969456
v 0.811412 0.760484 0.964074
v 0.767533 0.784073 0.934491
v 0.790585 0.806515 0.973597
v 0.782285 0.854539 1.097943
v 1.077834 0.563981 0.909586
v 0.954933 0.677172 0.941236
v 0.885677 0.733843 0.933055
v 0.840394 0.758256 0.935678
v 0.791804 0.781729 0.900288
v 0.823972 0.827362 0.989100
v 0.820563 0.851758 1.049709
v 0.733450 0.949702 1.059490
v 1.133595 0.521468 0.860931
v 1.049090 0.607202 0.903603
v 0.941063 0.708464 0.907289
v 0.877111 0.755006 0.897755
v 0.827277 0.779222 0.883489
v 0.827542 0.802572 0.918875
v 0.844323 0.872275 1.061720
v 0.810722 0.905421 1.048455
v 1.119797 0.562422 0.843077
v 1.027621 0.650479 0.876567
v 0.989596 0.695160 0.861233
v 0.937707 0.729221 0.871988
v 0.856871 0.776572 0.858696
v 0.850001 0.799779 0.882375
v 0.871245 0.821561 0.913932
v 0.878680 0.844639 0.960068
v 0.870560 0.869167 1.022203
v 0.846456 0.892074 1.026501
v 0.781251 0.949215 1.004669
v 1.092331 0.604688 0.837644
v 0.930681 0.749738 0.836334
v 0.884663 0.773798 0.832249
v 0.870968 0.796842 0.845632
v 0.895062 0.865842 0.982162
v 0.875970 0.888663 0.992995
v 0.845109 0.921877 0.973879
v 1.165268 0.540789 0.786632
v 1.071132 0.646959 0.811784
v 1.034566 0.690584 0.798053
v 1.006413 0.722107 0.781868
v 0.911035 0.770920 0.804862
v 0.890508 0.793781 0.808825
v 0.929651 0.812137 0.803459
v 0.921956 0.837917 0.881612
v 0.917879 0.862329 0.941811
v 0.904222 0.885035 0.959101
v 1.150044 0.581123 0.767386
v 1.121718 0.622597 0.760984
v 0.978740 0.744194 0.775646
v 0.936145 0.767956 0.776876
v 0.908695 0.790618 0.772117
v 0.939074 0.858652 0.901352
v 0.931231 0.881222 0.924948
v 0.902416 0.913079 0.906447
v 0.837658 0.948375 0.930854
v 1.209489 0.542535 0.700936
v 1.089254 0.665160 0.749626
v 0.960092 0.764924 0.748513
v 0.925612 0.787373 0.735656
v 0.974744 0.827370 0.768698
v 0.959248 0.854462 0.859606
v 0.957024 0.877250 0.890661
v 0.882177 0.947458 0.863928
v 1.185128 0.579040 0.703615
v 1.174758 0.608458 0.681965
v 1.092465 0.692559 0.691153
v 1.022534 0.738469 0.715344
v 1.008159 0.758333 0.686719
v 0.941343 0.784064 0.699571
v 0.981637 0.873149 0.856357
v 0.939848 0.915427 0.838080
v 1.252853 0.528520 0.627304
v 1.156061 0.641815 0.664347
v 1.132888 0.669018 0.659859
v 1.087008 0.711520 0.660251
v 0.963602 0.780710 0.671991
v 0.971713 0.802758 0.704784
v 1.014900 0.841491 0.728664
v 1.000047 0.868945 0.816351
v 0.979213 0.890916 0.821480
v 1.231535 0.576080 0.613152
v 1.079621 0.730247 0.629243
v 0.989352 0.777325 0.648856
v 0.985901 0.799136 0.668245
v 1.016435 0.864664 0.776027
v 1.002111 0.886438 0.787716
v 0.972046 0.917741 0.771546
v 1.267745 0.546318 0.573887
v 1.204767 0.624186 0.594074
v 1.052426 0.751254 0.624450
v 1.011972 0.773925 0.623258
v 0.999089 0.795491 0.632371
v 1.030005 0.812056 0.620582
v 1.031579 0.860327 0.736312
v 1.023961 0.881891 0.754186
v 1.236722 0.602917 0.560346
v 1.161563 0.682980 0.571216
v 1.032997 0.770522 0.596944
v 1.011363 0.791838 0.597230
v 1.046745 0.855415 0.694608
v 1.044815 0.877299 0.720971
v 1.016872 0.906888 0.705155
v 1.306534 0.526767 0.509176
v 1.206769 0.650963 0.539604
v 1.155552 0.700940 0.542691
v 1.104805 0.742448 0.543034
v 1.052818 0.767126 0.570382
v 1.022806 0.788189 0.562878
v 1.064834 0.825044 0.580794
v 1.064729 0.872684 0.688141
v 1.286495 0.572018 0.495432
v 1.148154 0.718626 0.514094
v 1.087404 0.760282 0.522262
v 1.033496 0.784554 0.529351
v 1.077375 0.868064 0.649782
v 1.059685 0.888892 0.655500
v 1.047094 0.914325 0.612294
v 1.318227 0.543721 0.459318
v 1.261093 0.617818 0.477757
v 1.050064 0.780944 0.502149
v 1.058909 0.801548 0.527452
v 1.095725 0.837063 0.537834
v 1.089046 0.863454 0.612285
v 1.078306 0.884046 0.623726
v 1.289180 0.597585 0.446331
v 1.217111 0.682715 0.444414
v 1.111640 0.755988 0.483641
v 1.072589 0.777364 0.480650
v 1.068544 0.797712 0.494329
v 1.099876 0.858870 0.575735
v 1.096127 0.879221 0.592458
v 1.351174 0.525100 0.400181
v 1.260987 0.643134 0.427170
v 1.169508 0.729940 0.431617
v 1.091636 0.773819 0.456960
v 1.077564 0.793913 0.462104
v 1.103232 0.808489 0.443743
v 1.114201 0.852947 0.527088
v 1.113198 0.874427 0.561726
v 1.325608 0.577040 0.388954
v 1.206602 0.707485 0.404844
v 1.144342 0.749277 0.430038
v 1.109168 0.770314 0.432813
v 1.086016 0.790155 0.430773
v 1.125441 0.869676 0.528239
v 1.106604 0.889496 0.531267
v 1.093437 0.912679 0.489532
v 1.341555 0.553556 0.385156
v 1.305354 0.617561 0.365703
v 1.125621 0.766850 0.408599
v 1.093939 0.786441 0.400320
v 1.138627 0.815396 0.369888
v 1.134553 0.864973 0.493691
v 1.122663 0.884553 0.501741
v 1.332298 0.592533 0.341821
v 1.266598 0.673231 0.339770
v 1.186686 0.740254 0.354358
v 1.141181 0.763427 0.384490
v 1.101364 0.782771 0.370725
v 1.143032 0.860323 0.460129
v 1.138071 0.879664 0.472783
v 1.382149 0.531774 0.302979
v 1.297651 0.644586 0.325143
v 1.223200 0.718181 0.328518
v 1.159705 0.759057 0.354946
v 1.122000 0.779145 0.351113
v 1.122423 0.798282 0.364701
v 1.154555 0.830130 0.360645
v 1.150917 0.855729 0.427532
v 1.152855 0.874832 0.444395
v 1.368751 0.564521 0.287668
v 1.255075 0.696941 0.304122
v 1.139482 0.775562 0.329877
v 1.129036 0.794459 0.335739
v 1.168793 0.844414 0.348672
v 1.163491 0.870058 0.414111
v 1.145063 0.888878 0.416208
v 1.132263 0.909752 0.374628
v 1.338872 0.614710 0.273618
v 1.188194 0.752149 0.305115
v 1.154990 0.772021 0.307949
v 1.135175 0.790681 0.307587
v 1.170590 0.865342 0.382611
v 1.158998 0.883932 0.389005
v 1.366311 0.587705 0.246051
v 1.296807 0.666295 0.268670
v 1.235950 0.727876 0.256867
v 1.173653 0.766249 0.284252
v 1.140844 0.786944 0.280212
v 1.177141 0.860682 0.352014
v 1.172350 0.879044 0.362345
v 1.409724 0.529876 0.210759
v 1.330543 0.644487 0.220085
v 1.224094 0.742999 0.234264
v 1.146041 0.783245 0.253580
v 1.163283 0.797431 0.245083
v 1.179378 0.811047 0.231307
v 1.185235 0.855092 0.313785
v 1.185126 0.874212 0.336215
v 1.396690 0.560581 0.196030
v 1.271235 0.701839 0.237328
v 1.198239 0.760637 0.237274
v 1.162632 0.779581 0.234293
v 1.189806 0.826850 0.234563
v 1.192999 0.869431 0.307999
v 1.176287 0.887294 0.310185
v 1.361290 0.610015 0.205950
v 1.306302 0.676659 0.201478
v 1.178034 0.775947 0.214801
v 1.167651 0.793717 0.219113
v 1.198226 0.864696 0.279289
v 1.187912 0.883378 0.283800
v 1.384276 0.589539 0.169580
v 1.260255 0.725727 0.179828
v 1.191241 0.772339 0.194632
v 1.171486 0.789889 0.193769
v 1.203545 0.859239 0.248981
v 1.199696 0.877639 0.260221
v 1.138480 0.934486 0.214022
v 0.291691 0.069340 -1.223270
v 0.711432 0.241377 1.071908
v 0.741793 0.219617 1.087038
v 0.737582 0.242739 1.034804
v 0.772722 0.221200 1.056682
v 0.770884 0.244276 1.011301
v 0.828855 0.272560 1.096487
v 1.057385 0.480615 1.009851
v 0.772747 0.155727 1.071498
v 0.792074 0.178354 1.054072
v 0.807078 0.201098 1.034465
v 0.802317 0.222967 1.025345
v 0.803488 0.245972 0.987225
v 1.064512 0.437764 1.022563
v 0.668416 0.040911 1.095388
v 0.724229 0.079289 1.079099
v 0.766276 0.114019 1.061033
v 0.786732 0.135883 1.050634
v 0.830546 0.224900 0.993164
v 0.835354 0.247814 0.962615
v 0.910366 0.271968 1.002750
v 1.072480 0.395585 1.025083
v 1.103129 0.480817 0.941717
v 0.676386 0.013491 1.054871
v 0.703945 0.033122 1.052272
v 0.729109 0.053269 1.049257
v 0.775868 0.095003 1.037806
v 0.834780 0.160477 1.005423
v 0.850499 0.182867 0.989495
v 0.864022 0.205502 0.968845
v 0.857386 0.226985 0.960271
v 0.866449 0.249786 0.937523
v 0.986358 0.287696 0.988136
v 1.089468 0.364058 1.005442
v 1.107412 0.396927 0.972865
v 1.112404 0.439355 0.950333
v 0.784143 0.076648 1.012579
v 0.826816 0.119208 0.996629
v 0.845791 0.141005 0.985674
v 0.882814 0.229202 0.926782
v 0.896746 0.251871 0.911997
v 1.068214 0.319723 1.034705
v 1.092742 0.342797 1.000542
v 1.144793 0.481035 0.874062
v 0.740974 0.018670 0.992932
v 0.767183 0.038766 0.989656
v 0.791118 0.058985 0.985668
v 0.835242 0.100714 0.972676
v 0.889705 0.165844 0.939013
v 0.903826 0.188051 0.922736
v 0.916333 0.210531 0.900383
v 0.906804 0.231536 0.892794
v 0.926223 0.254056 0.886096
v 1.058466 0.301031 0.954223
v 1.104396 0.322217 0.980670
v 1.163491 0.410130 0.878092
v 1.154462 0.440442 0.881284
v 0.842272 0.082882 0.946940
v 0.882198 0.125244 0.930000
v 0.899704 0.146878 0.918759
v 0.929303 0.233968 0.858362
v 0.954867 0.256324 0.859876
v 1.052660 0.281931 0.860285
v 1.158168 0.347328 0.895686
v 1.152958 0.378036 0.902832
v 1.180723 0.471540 0.817508
v 0.802881 0.018000 0.913580
v 0.825319 0.045546 0.924348
v 0.848002 0.065731 0.919659
v 0.889488 0.107259 0.905684
v 0.939665 0.171791 0.871408
v 0.952313 0.193749 0.854813
v 0.964676 0.216082 0.829142
v 0.950199 0.236483 0.823460
v 0.982672 0.258660 0.833398
v 1.110410 0.304276 0.889572
v 1.149478 0.325717 0.907527
v 1.192731 0.441533 0.813371
v 0.895345 0.089928 0.879781
v 0.932606 0.131919 0.862352
v 0.948739 0.153317 0.851001
v 0.969176 0.239064 0.787847
v 1.009634 0.261051 0.806723
v 1.192674 0.380492 0.832784
v 1.231106 0.472257 0.722336
v 0.856121 0.025644 0.847749
v 0.889565 0.063591 0.855902
v 0.941809 0.106565 0.825901
v 1.004681 0.181447 0.772956
v 0.996417 0.199814 0.786473
v 0.992550 0.220155 0.783748
v 0.984786 0.241696 0.750075
v 1.036242 0.263581 0.780042
v 1.159032 0.308164 0.827101
v 1.180154 0.328407 0.853953
v 1.226249 0.402893 0.765258
v 1.227602 0.442643 0.747050
v 0.998002 0.142545 0.764798
v 0.993269 0.160134 0.783409
v 1.003400 0.244365 0.717193
v 1.150601 0.290874 0.744201
v 1.199446 0.330211 0.818766
v 1.233602 0.353687 0.756477
v 1.241061 0.374264 0.741367
v 0.906102 0.034935 0.780931
v 0.937468 0.071807 0.788759
v 1.002829 0.125655 0.741189
v 1.036654 0.206118 0.718260
v 1.030159 0.225681 0.717432
v 1.028741 0.247059 0.692427
v 1.120004 0.272133 0.687890
v 1.191673 0.310948 0.782570
v 1.217839 0.332020 0.784061
v 1.255942 0.424220 0.699066
v 1.274676 0.454124 0.644906
v 0.872841 0.000016 0.766305
v 1.006245 0.109374 0.716359
v 1.051162 0.170669 0.687328
v 1.047548 0.228601 0.684290
v 1.053328 0.249766 0.667586
v 1.213491 0.312987 0.752078
v 1.235389 0.333829 0.749887
v 1.278734 0.396818 0.660430
v 1.290382 0.473113 0.597900
v 0.950849 0.044010 0.715253
v 0.989577 0.074217 0.696063
v 1.008385 0.093704 0.690548
v 1.081002 0.195052 0.639120
v 1.073229 0.212531 0.651078
v 1.063841 0.231528 0.651426
v 1.077173 0.252476 0.642715
v 1.234495 0.315020 0.721852
v 1.252148 0.335631 0.716279
v 1.299320 0.426543 0.606452
v 0.927936 0.017882 0.702774
v 1.074575 0.157541 0.634053
v 1.078975 0.234452 0.618808
v 1.100289 0.255181 0.617861
v 1.238567 0.298604 0.616614
v 1.254718 0.317044 0.691928
v 1.270760 0.337910 0.678368
v 1.300216 0.369612 0.617724
v 0.991944 0.053294 0.650904
v 1.078311 0.141409 0.611739
v 1.106740 0.219017 0.584817
v 1.092763 0.237364 0.586295
v 1.122696 0.257873 0.593063
v 1.182497 0.272916 0.571975
v 1.279517 0.319809 0.653135
v 1.328256 0.455808 0.524239
v 0.967823 0.020791 0.626149
v 1.080754 0.125847 0.588234
v 1.120664 0.185054 0.558120
v 1.104556 0.240259 0.553388
v 1.144406 0.260546 0.568357
v 1.334126 0.401155 0.535933
v 1.340437 0.473911 0.481568
v 1.045856 0.066879 0.562170
v 1.064860 0.091994 0.569531
v 1.082056 0.110857 0.563779
v 1.148103 0.208971 0.505976
v 1.124968 0.223063 0.546385
v 1.112051 0.243130 0.518331
v 1.241102 0.280173 0.495587
v 1.275946 0.305024 0.574055
v 1.312185 0.324026 0.582931
v 1.332219 0.345380 0.542546
v 1.350336 0.429503 0.487072
v 1.023712 0.035917 0.537818
v 1.141049 0.172563 0.508153
v 1.138712 0.226121 0.516343
v 1.133406 0.245973 0.495505
v 1.353085 0.375213 0.495066
v 0.999646 0.012162 0.526515
v 1.144380 0.157094 0.487358
v 1.151675 0.229148 0.486804
v 1.154122 0.248787 0.472765
v 1.310797 0.308915 0.518810
v 1.331732 0.326916 0.538375
v 1.375170 0.451415 0.411191
v 1.146550 0.142173 0.465183
v 1.180672 0.199130 0.435688
v 1.163809 0.232140 0.457723
v 1.174206 0.251569 0.450132
v 1.344367 0.328830 0.508743
v 1.380044 0.405260 0.421556
v 1.381540 0.474663 0.374948
v 1.115147 0.085533 0.439844
v 1.132195 0.109633 0.447470
v 1.147615 0.127779 0.442104
v 1.184907 0.217959 0.425450
v 1.175000 0.235099 0.429019
v 1.193664 0.254320 0.427624
v 1.315755 0.295962 0.425484
v 1.334729 0.311765 0.479789
v 1.356442 0.330723 0.479722
v 1.379956 0.352048 0.425672
v 1.391461 0.423840 0.383717
v 0.978659 0.000001 0.540148
v 1.094409 0.055663 0.416880
v 1.197813 0.186941 0.391888
v 1.184971 0.238024 0.400511
v 1.212503 0.257040 0.405258
v 1.350534 0.313853 0.453901
v 1.367964 0.332597 0.451295
v 1.396220 0.380506 0.383563
v 1.061003 0.024177 0.407812
v 1.200763 0.171985 0.373417
v 1.200255 0.222116 0.389746
v 1.192766 0.240916 0.371607
v 1.230641 0.259654 0.382995
v 1.298190 0.275732 0.333432
v 1.365714 0.315920 0.428361
v 1.378936 0.334452 0.423447
v 1.408958 0.450412 0.316965
v 1.202425 0.157536 0.353631
v 1.215582 0.208510 0.358234
v 1.211270 0.225174 0.363055
v 1.199874 0.243779 0.343328
v 1.380267 0.317968 0.403166
v 1.389357 0.336291 0.396156
v 1.416156 0.414432 0.316922
v 1.413897 0.475411 0.277306
v 1.044972 0.000002 0.363153
v 1.174260 0.102869 0.329927
v 1.189511 0.126118 0.337516
v 1.202856 0.143562 0.333129
v 1.221590 0.228200 0.336827
v 1.217870 0.246614 0.322616
v 1.362568 0.300932 0.338096
v 1.393526 0.319999 0.377935
v 1.406763 0.347813 0.351079
v 1.154531 0.073887 0.309323
v 1.244017 0.200534 0.288011
v 1.237447 0.214965 0.306140
v 1.231142 0.231200 0.311015
v 1.235240 0.249425 0.302015
v 1.408056 0.323029 0.337666
v 1.421769 0.384410 0.307885
v 1.103988 0.027860 0.301437
v 1.133759 0.051703 0.299094
v 1.246624 0.186014 0.272123
v 1.239807 0.234176 0.285548
v 1.251976 0.252214 0.281532
v 1.389376 0.307831 0.308361
v 1.423812 0.351196 0.300052
v 1.430678 0.443584 0.251109
v 1.248147 0.172029 0.253797
v 1.257251 0.221463 0.254475
v 1.247346 0.237134 0.260302
v 1.268069 0.254987 0.261175
v 1.425028 0.326954 0.286574
v 1.441391 0.371311 0.242767
v 1.437510 0.403689 0.250379
v 1.427753 0.491033 0.206398
v 1.104362 0.015217 0.248853
v 1.210347 0.115016 0.258994
v 1.237705 0.142508 0.238067
v 1.249261 0.159480 0.233582
v 1.253113 0.240075 0.234960
v 1.283507 0.257745 0.240948
v 1.338955 0.275492 0.218490
v 1.379167 0.292851 0.228278
v 1.413670 0.311925 0.261807
v 1.436179 0.330619 0.251406
v 1.446364 0.421976 0.206731
v 1.441138 0.452861 0.201039
v 1.192087 0.086983 0.239064
v 1.278939 0.213963 0.196063
v 1.267557 0.225529 0.224363
v 1.254108 0.243004 0.208066
v 1.448878 0.389814 0.211203
v 1.448668 0.469058 0.143887
v 1.425824 0.541659 0.095070
v 1.405297 0.570502 0.124185
v 1.417613 0.565401 0.045421
v 1.408251 0.574739 0.085214
v 1.396982 0.597284 0.050512
v 1.385109 0.605144 0.106403
v 1.362625 0.626472 0.145762
v 1.394470 0.603502 -0.038078
v 1.391301 0.608602 0.007205
v 1.368784 0.632882 0.072638
v 1.345193 0.654822 0.111848
v 1.325202 0.667766 0.156769
v 1.370609 0.635814 -0.035261
v 1.368740 0.638012 0.021596
v 1.333367 0.677621 0.042072
v 1.332908 0.675179 0.068817
v 1.310292 0.694191 0.102250
v 1.287922 0.707900 0.146660
v 1.357137 0.648090 -0.084245
v 1.340825 0.671643 -0.020790
v 1.332078 0.677569 -0.079025
v 1.315625 0.698118 -0.019973
v 1.299671 0.712584 0.024964
v 1.279707 0.727063 0.069347
v 1.255608 0.741695 0.112857
v 1.229523 0.753453 0.163338
v 1.324641 0.675792 -0.155783
v 1.215318 0.762715 0.164596
v 1.310667 0.684667 -0.188739
v 1.299622 0.710279 -0.084227
v 1.286867 0.725075 -0.042409
v 1.269329 0.740493 0.001791
v 1.245220 0.757122 0.045651
v 1.225875 0.764183 0.107196
v 1.207024 0.772569 0.130222
v 1.187927 0.779361 0.148266
v 1.291049 0.708649 -0.166724
v 1.279960 0.722333 -0.137850
v 1.224730 0.768983 0.065809
v 1.208955 0.776031 0.085551
v 1.187760 0.782997 0.102740
v 1.187754 0.789883 0.129562
v 1.187061 0.796691 0.156570
v 1.282400 0.701962 -0.232344
v 1.263012 0.742129 -0.096674
v 1.260942 0.746737 -0.053982
v 1.239842 0.763150 -0.002381
v 1.224771 0.771801 0.020841
v 1.208393 0.779060 0.040290
v 1.197326 0.786229 0.061815
v 1.198379 0.793164 0.088671
v 1.197499 0.810536 0.155929
v 1.262632 0.726733 -0.210455
v 1.235695 0.764279 -0.082697
v 1.234594 0.766501 -0.045332
v 1.222587 0.774081 -0.024385
v 1.202717 0.781807 -0.006076
v 1.203834 0.788971 0.019608
v 1.206012 0.795977 0.046485
v 1.211972 0.818960 0.104942
v 1.203837 0.833650 0.192930
v 1.249822 0.718338 -0.275581
v 1.253535 0.741252 -0.172499
v 1.238272 0.758844 -0.120362
v 1.218088 0.775759 -0.069694
v 1.202405 0.783496 -0.050190
v 1.206881 0.791143 -0.023723
v 1.217017 0.814462 0.033780
v 1.217252 0.843172 0.143939
v 1.239383 0.743703 -0.225131
v 1.225054 0.762121 -0.183107
v 1.226843 0.764162 -0.147556
v 1.211356 0.776805 -0.114854
v 1.200213 0.784773 -0.094144
v 1.206163 0.792672 -0.067938
v 1.213371 0.804354 -0.028157
v 1.221442 0.834204 0.080720
v 1.216804 0.858994 0.179471
v 1.213872 0.865825 0.207852
v 1.227554 0.733711 -0.288791
v 1.203262 0.777417 -0.159450
v 1.194367 0.785412 -0.138450
v 1.201595 0.793524 -0.112707
v 1.214450 0.814138 -0.068947
v 1.221421 0.826084 -0.021970
v 1.226393 0.841062 0.024903
v 1.227987 0.855464 0.077324
v 1.224186 0.862192 0.133559
v 1.222128 0.869231 0.161934
v 1.214807 0.876162 0.188172
v 1.201797 0.884195 0.211528
v 1.193423 0.741169 -0.338710
v 1.201296 0.762736 -0.265260
v 1.178932 0.786174 -0.225626
v 1.195170 0.777968 -0.203070
v 1.188169 0.785965 -0.181992
v 1.194016 0.793822 -0.157460
v 1.208799 0.815537 -0.110581
v 1.228722 0.864834 0.086524
v 1.227763 0.872122 0.114876
v 1.217578 0.879284 0.139465
v 1.203433 0.889463 0.159364
v 1.178588 0.764151 -0.312095
v 1.184181 0.777599 -0.246281
v 1.186963 0.794182 -0.201135
v 1.197510 0.806977 -0.158609
v 1.220744 0.839231 -0.058590
v 1.228496 0.858148 0.004978
v 1.229973 0.866810 0.038493
v 1.228182 0.874389 0.065894
v 1.217798 0.882612 0.091336
v 1.170228 0.776331 -0.288849
v 1.164607 0.785006 -0.268494
v 1.174792 0.793585 -0.244886
v 1.189928 0.811740 -0.203860
v 1.205668 0.839383 -0.137975
v 1.213184 0.839731 -0.104308
v 1.224210 0.859068 -0.043090
v 1.227543 0.868013 -0.010337
v 1.225474 0.875919 0.016318
v 1.215176 0.885593 0.037554
v 1.191733 0.904100 0.077119
v 1.144979 0.764820 -0.368922
v 1.153284 0.774234 -0.330530
v 1.145632 0.783157 -0.311042
v 1.157776 0.791829 -0.289239
v 1.173934 0.805287 -0.252610
v 1.194940 0.836153 -0.186717
v 1.216572 0.859971 -0.087217
v 1.221157 0.868358 -0.059686
v 1.220015 0.876610 -0.033408
v 1.209871 0.887203 -0.014678
v 1.154453 0.931930 0.113443
v 1.115180 0.765268 -0.411352
v 1.128754 0.780507 -0.351774
v 1.136258 0.789600 -0.330658
v 1.168644 0.823746 -0.267077
v 1.184205 0.837033 -0.224246
v 1.204836 0.859150 -0.136117
v 1.210799 0.867812 -0.109170
v 1.211051 0.877120 -0.083934
v 1.205386 0.885455 -0.058924
v 1.110385 0.777187 -0.391212
v 1.111284 0.786407 -0.371727
v 1.125214 0.795656 -0.350329
v 1.145614 0.817272 -0.315057
v 1.197860 0.865901 -0.159862
v 1.200426 0.875289 -0.132356
v 1.195602 0.884584 -0.108503
v 1.159130 0.929770 0.035473
v 1.073018 0.767662 -0.459973
v 1.088837 0.773358 -0.429346
v 1.083709 0.782606 -0.411084
v 1.098441 0.791940 -0.390900
v 1.120364 0.813635 -0.357515
v 1.157009 0.845530 -0.285441
v 1.170881 0.861403 -0.247354
v 1.185053 0.865452 -0.205510
v 1.189001 0.874059 -0.180386
v 1.183468 0.883247 -0.156506
v 1.154812 0.927416 -0.042002
v 1.064954 0.778374 -0.448036
v 1.069571 0.787690 -0.429585
v 1.085652 0.804629 -0.407708
v 1.130187 0.845148 -0.332903
v 1.175080 0.872166 -0.227628
v 1.172647 0.882081 -0.201006
v 1.146155 0.925669 -0.095161
v 1.042795 0.773892 -0.483559
v 1.039625 0.783093 -0.466205
v 1.054472 0.792452 -0.447842
v 1.104945 0.826231 -0.376814
v 1.135857 0.863840 -0.313357
v 1.155212 0.869167 -0.274459
v 1.157478 0.878416 -0.251049
v 1.146364 0.897751 -0.215996
v 1.128420 0.923257 -0.163968
v 1.019371 0.778339 -0.500700
v 1.024038 0.787536 -0.483620
v 1.039875 0.804314 -0.463144
v 1.067796 0.823489 -0.425609
v 1.094487 0.843054 -0.384891
v 1.139066 0.874692 -0.296813
v 1.130479 0.884992 -0.288304
v 1.104411 0.920426 -0.241890
v 0.993965 0.782556 -0.517251
v 1.007940 0.791724 -0.500700
v 1.091657 0.863252 -0.377813
v 1.105838 0.872134 -0.352546
v 1.111099 0.881209 -0.328569
v 0.975366 0.777681 -0.549282
v 0.975619 0.786765 -0.536608
v 1.012804 0.824421 -0.486632
v 1.046053 0.841364 -0.443692
v 1.067789 0.866879 -0.405316
v 1.094872 0.919575 -0.263832
v 0.950980 0.781601 -0.564290
v 0.962109 0.790399 -0.549304
v 1.062429 0.879801 -0.395930
v 1.054042 0.898355 -0.373880
v 1.071519 0.917693 -0.309955
v 1.016081 0.859662 -0.466328
v 1.035922 0.873688 -0.435690
v 1.046069 0.915913 -0.350881
v 0.986818 0.866366 -0.491145
v 0.987588 0.878448 -0.477629
v 1.009857 0.913660 -0.399485
v 1.133834 0.016917 0.149275
v 1.153382 0.041427 0.201669
v 1.143798 0.016803 0.089661
v 1.162727 0.033252 0.113939
v 1.180007 0.050195 0.137533
v 1.186809 0.068536 0.195619
v 1.149461 0.017912 0.036308
v 1.151098 0.020946 -0.035127
v 1.165399 0.029463 -0.009260
v 1.181550 0.041805 0.052511
v 1.203300 0.062592 0.089025
v 1.215624 0.081348 0.135817
v 1.218283 0.098211 0.189993
v 1.151394 0.026011 -0.080113
v 1.235155 0.125020 0.208559
v 1.135331 0.025126 -0.133962
v 1.204749 0.059139 -0.000886
v 1.223321 0.075879 0.039636
v 1.237485 0.094142 0.086901
v 1.241436 0.110383 0.144147
v 1.105019 0.025116 -0.211545
v 1.199572 0.058939 -0.059010
v 1.257770 0.137222 0.162546
v 1.027928 0.018313 -0.327028
v 1.047059 0.015798 -0.293124
v 1.078924 0.021720 -0.257274
v 1.188604 0.055870 -0.096646
v 1.239388 0.090124 -0.010443
v 1.255769 0.107794 0.037147
v 1.262283 0.123343 0.095109
v 1.269277 0.158978 0.169496
v 0.746972 0.039543 -0.625754
v 0.778176 0.040886 -0.599886
v 0.799078 0.030627 -0.562540
v 0.914048 0.035029 -0.477039
v 0.942076 0.026687 -0.437163
v 0.972523 0.018985 -0.392537
v 1.028924 0.033655 -0.361082
v 1.161467 0.044609 -0.139696
v 1.194405 0.067116 -0.130456
v 1.234948 0.089549 -0.059914
v 1.278034 0.150209 0.114054
v 1.279256 0.182181 0.173126
v 0.730751 0.048661 -0.664006
v 1.071192 0.042421 -0.325805
v 1.102176 0.043149 -0.279684
v 1.139956 0.052576 -0.232799
v 1.226669 0.089867 -0.108810
v 1.269814 0.122346 -0.013262
v 1.279415 0.137105 0.045255
v 1.288496 0.172036 0.120939
v 0.720682 0.057869 -0.699213
v 1.015327 0.041290 -0.391667
v 1.198480 0.080829 -0.171357
v 1.265711 0.121407 -0.062192
v 1.294710 0.163941 0.064232
v 1.296728 0.195724 0.125565
v 1.292530 0.211063 0.151441
v 1.000285 0.054984 -0.432502
v 1.111749 0.067883 -0.325011
v 1.142377 0.069624 -0.278912
v 1.172895 0.073996 -0.226322
v 1.203551 0.093504 -0.208658
v 1.233155 0.116803 -0.194575
v 1.257810 0.121128 -0.109753
v 1.292154 0.151681 -0.005185
v 1.303988 0.185769 0.070845
v 1.289449 0.224233 0.159805
v 1.280302 0.235060 0.175067
v 0.697618 0.061832 -0.740560
v 0.867453 0.058530 -0.556408
v 1.056239 0.065006 -0.391022
v 1.086834 0.078204 -0.379284
v 1.289302 0.150418 -0.053454
v 1.306958 0.178473 0.013700
v 1.310389 0.203281 0.065202
v 1.309159 0.214039 0.082753
v 1.301607 0.220135 0.117384
v 1.295058 0.230809 0.134310
v 1.280241 0.241575 0.147178
v 1.292530 0.252200 0.172240
v 0.965779 0.064945 -0.482233
v 1.149073 0.094797 -0.324715
v 1.179022 0.097551 -0.278795
v 1.204717 0.105964 -0.243951
v 1.259137 0.133349 -0.150114
v 1.282686 0.148872 -0.098358
v 1.302963 0.171294 -0.044634
v 1.314778 0.200276 0.019754
v 1.306592 0.226923 0.091822
v 1.297854 0.237500 0.107936
v 1.295271 0.248178 0.126343
v 1.317782 0.259542 0.153670
v 0.818901 0.078002 -0.637097
v 0.837728 0.069902 -0.602530
v 0.876288 0.087146 -0.598508
v 0.916462 0.092607 -0.571118
v 1.028804 0.080774 -0.447898
v 1.125117 0.100194 -0.369111
v 1.236044 0.131782 -0.232765
v 1.262799 0.147184 -0.189460
v 1.297625 0.170252 -0.091965
v 1.314145 0.193915 -0.037240
v 1.318807 0.218397 0.010730
v 1.314707 0.223506 0.047848
v 1.309339 0.233836 0.065712
v 1.296566 0.244305 0.080323
v 1.317321 0.254885 0.108351
v 0.789203 0.079485 -0.672586
v 1.076854 0.103122 -0.432054
v 1.193549 0.121171 -0.302280
v 1.219351 0.129775 -0.268226
v 1.285690 0.167622 -0.148809
v 1.319844 0.215840 -0.033799
v 1.316591 0.230667 0.021777
v 1.307091 0.240871 0.038152
v 1.317669 0.251223 0.061817
v 1.359357 0.270545 0.093283
v 1.397267 0.291499 0.147503
v 1.431285 0.310377 0.182559
v 0.973289 0.097831 -0.527428
v 1.115983 0.119521 -0.411630
v 1.167347 0.126579 -0.354586
v 1.261910 0.163280 -0.234834
v 1.279814 0.169978 -0.188550
v 1.304026 0.184497 -0.100412
v 1.312447 0.204403 -0.098560
v 1.317103 0.214031 -0.079625
v 1.319734 0.228070 -0.023426
v 1.315115 0.237953 -0.005013
v 1.316199 0.248023 0.015142
v 1.337636 0.258249 0.042613
v 1.445684 0.321366 0.207324
v 0.725755 0.084954 -0.769065
v 0.774845 0.091232 -0.718861
v 1.039844 0.111697 -0.483909
v 1.212880 0.148018 -0.315016
v 1.233503 0.153279 -0.284184
v 1.289293 0.186381 -0.190533
v 1.305254 0.204344 -0.144456
v 1.318729 0.226104 -0.069526
v 1.317472 0.235619 -0.049905
v 1.312696 0.245355 -0.031582
v 1.334569 0.254843 -0.004799
v 1.387728 0.279798 0.040671
v 1.430349 0.304466 0.128634
v 1.450906 0.317357 0.160219
v 1.452647 0.327876 0.181476
v 1.451844 0.346944 0.196226
v 0.841391 0.101183 -0.661343
v 0.885873 0.104337 -0.619972
v 1.104272 0.138840 -0.452190
v 1.150210 0.141684 -0.400348
v 1.189949 0.151426 -0.358139
v 1.255218 0.181192 -0.282513
v 1.276402 0.186912 -0.237065
v 1.296658 0.203132 -0.193114
v 1.308258 0.222747 -0.154809
v 1.313732 0.224782 -0.116103
v 1.315204 0.233909 -0.095715
v 1.307012 0.243274 -0.078221
v 1.329931 0.252861 -0.051655
v 1.451049 0.313357 0.111353
v 1.460737 0.323996 0.135780
v 1.458840 0.334424 0.155565
v 0.942105 0.122498 -0.594469
v 1.072730 0.139368 -0.487703
v 1.220414 0.172117 -0.337196
v 1.283923 0.203445 -0.239244
v 1.300577 0.220779 -0.199355
v 1.309377 0.232732 -0.141766
v 1.305252 0.241784 -0.123006
v 1.322711 0.251013 -0.098606
v 1.365412 0.269326 -0.068087
v 1.408376 0.288677 -0.016175
v 1.448885 0.309678 0.062062
v 1.466121 0.320385 0.089132
v 1.465595 0.330686 0.109609
v 1.464706 0.354211 0.134607
v 1.457999 0.374821 0.173160
v 0.798579 0.108555 -0.731668
v 0.858507 0.117892 -0.676723
v 0.912692 0.130833 -0.639020
v 0.992519 0.141137 -0.571728
v 1.136891 0.160772 -0.441096
v 1.176756 0.170352 -0.401053
v 1.238150 0.190672 -0.327934
v 1.271330 0.209926 -0.279882
v 1.287820 0.220900 -0.244862
v 1.303394 0.231602 -0.187012
v 1.302430 0.240451 -0.167446
v 1.313992 0.249583 -0.144998
v 1.341065 0.260600 -0.119553
v 1.445110 0.307049 0.013253
v 1.464137 0.317103 0.040211
v 1.469413 0.327235 0.062744
v 1.470429 0.350708 0.090028
v 0.762630 0.107630 -0.779516
v 0.956226 0.155051 -0.629463
v 1.206040 0.190886 -0.381168
v 1.245875 0.206660 -0.329517
v 1.292403 0.231278 -0.232356
v 1.294964 0.239631 -0.212169
v 1.305040 0.248294 -0.190445
v 1.328269 0.257243 -0.165602
v 1.428315 0.299739 -0.053515
v 1.458257 0.314199 -0.009273
v 1.469961 0.324120 0.015119
v 1.472122 0.336114 0.038920
v 1.468699 0.382432 0.111227
v 1.461327 0.402524 0.148372
v 0.833175 0.127249 -0.730161
v 0.883737 0.132653 -0.675799
v 1.079960 0.164093 -0.509674
v 1.121428 0.179703 -0.479945
v 1.160546 0.189328 -0.441994
v 1.221702 0.209376 -0.372954
v 1.263846 0.222396 -0.305199
v 1.276743 0.231738 -0.277314
v 1.281960 0.239583 -0.256930
v 1.293138 0.247756 -0.235439
v 1.316725 0.255716 -0.210787
v 1.380679 0.282536 -0.163154
v 1.437401 0.308422 -0.107705
v 1.449696 0.311706 -0.058653
v 1.467022 0.321384 -0.033045
v 1.470366 0.331172 -0.011344
v 1.473681 0.352617 -0.005676
v 1.475000 0.374731 0.043423
v 1.452937 0.433670 0.167668
v 0.742849 0.116545 -0.832301
v 0.809453 0.131836 -0.774315
v 0.882171 0.143374 -0.699350
v 0.919324 0.154288 -0.671733
v 0.998490 0.161946 -0.592975
v 1.187738 0.210221 -0.423620
v 1.242891 0.224407 -0.346717
v 1.256910 0.232924 -0.321435
v 1.263969 0.240268 -0.301181
v 1.278396 0.247948 -0.279724
v 1.303374 0.255950 -0.256232
v 1.357904 0.277288 -0.218315
v 1.459740 0.319035 -0.081677
v 1.466186 0.329272 -0.058260
v 1.474097 0.390411 0.051552
v 1.469365 0.410030 0.089276
v 1.461500 0.429453 0.124930
v 1.014374 0.181060 -0.599538
v 1.070230 0.193266 -0.550947
v 1.122333 0.203374 -0.500472
v 1.148695 0.210781 -0.474305
v 1.195324 0.226817 -0.422232
v 1.220758 0.228208 -0.384496
v 1.233526 0.234744 -0.364319
v 1.241076 0.241616 -0.344502
v 1.261051 0.248818 -0.323042
v 1.286667 0.256346 -0.300381
v 1.341799 0.276838 -0.263872
v 1.426795 0.306570 -0.157940
v 1.449331 0.316799 -0.130132
v 1.458658 0.326277 -0.107306
v 1.470950 0.366494 -0.055101
v 1.474392 0.385830 -0.016047
v 0.850789 0.148331 -0.752991
v 0.888178 0.163105 -0.730164
v 0.939011 0.170688 -0.674149
v 0.977968 0.180675 -0.640780
v 1.173950 0.223490 -0.449834
v 1.207272 0.237079 -0.405640
v 1.215286 0.243522 -0.386330
v 1.241277 0.249936 -0.365208
v 1.267497 0.257359 -0.343413
v 1.310008 0.272910 -0.319301
v 1.411134 0.304677 -0.208578
v 1.436830 0.314913 -0.177951
v 1.451129 0.324069 -0.154437
v 1.456805 0.335152 -0.137423
v 1.466097 0.369694 -0.094654
v 1.473203 0.413308 0.019928
v 1.468540 0.437485 0.048676
v 1.461401 0.451281 0.091654
v -1.426308 0.024709 -0.740662
v -1.403207 0.000004 -0.725349
v -1.429407 0.054145 -0.796226
v -1.396463 0.025748 -0.797192
v -1.359022 0.000007 -0.800275
v -1.439596 0.080414 -0.826597
v -1.428221 0.066557 -0.824322
v -1.461126 0.105033 -0.819950
v -1.411257 0.049656 -0.824542
v -1.392214 0.032600 -0.824672
v -1.466398 0.127108 -0.838845
v -1.449347 0.098900 -0.840549
v -1.357687 0.020113 -0.879799
v -1.398442 0.058260 -0.892198
v -1.410583 0.076313 -0.907394
v -1.369941 0.040209 -0.914250
v -1.333493 0.015714 -0.923494
v -1.373431 0.052889 -0.941273
v -1.338693 0.035200 -0.968182
v -1.310809 0.013949 -0.962880
v -1.295707 0.000004 -0.949216
v -1.265559 0.000003 -0.997463
v 0.572214 0.000004 -0.730528
v 0.580581 0.026900 -0.814298
v 0.648833 0.055775 -0.795359
v 0.549713 0.018357 -0.844192
v 0.531972 0.015721 -0.871287
v 0.620204 0.058513 -0.852310
v 0.576816 0.042053 -0.874061
v 0.524295 0.022846 -0.911073
v 0.633307 0.076866 -0.885088
v 0.564767 0.044179 -0.901633
v 0.631313 0.085130 -0.909269
v 0.470535 0.000002 -0.954463
v 0.512039 0.025702 -0.943668
v 0.572000 0.057085 -0.925428
v 0.736841 0.126905 -0.866519
v 1.456788 0.476941 0.066107
v 1.450237 0.500351 0.037330
v 1.463491 0.463055 0.003749
v 1.455763 0.487960 -0.008335
v 1.443270 0.519211 -0.002552
v 1.434831 0.533674 -0.049701
v 1.421311 0.560846 -0.037311
v 1.460465 0.465375 -0.049537
v 1.444576 0.509997 -0.057182
v 1.465260 0.439010 -0.062180
v 1.449813 0.486680 -0.087948
v 1.415315 0.562538 -0.092883
v 1.464631 0.415272 -0.094595
v 1.458162 0.453093 -0.096213
v 1.431222 0.528863 -0.102974
v 1.387329 0.603148 -0.114507
v 1.461815 0.410419 -0.127755
v 1.456234 0.448270 -0.128380
v 1.445771 0.486351 -0.130243
v 1.433075 0.519671 -0.129320
v 1.416417 0.552530 -0.136389
v 1.393855 0.589643 -0.141617
v 1.455472 0.372572 -0.167862
v 1.455491 0.400701 -0.167724
v 1.452918 0.429005 -0.168380
v 1.448099 0.462431 -0.159144
v 1.435789 0.500633 -0.161765
v 1.418867 0.538597 -0.165371
v 1.397684 0.576026 -0.169879
v 1.372629 0.612675 -0.175214
v 1.445078 0.349477 -0.200426
v 1.437307 0.476711 -0.191843
v 1.423259 0.514891 -0.194564
v 1.404662 0.552719 -0.198171
v 1.381902 0.589906 -0.202580
v 1.355394 0.626212 -0.207704
v 1.441291 0.377199 -0.221570
v 1.445438 0.405433 -0.207263
v 1.438849 0.448025 -0.211923
v 1.434641 0.331394 -0.222797
v 1.435189 0.429113 -0.232917
v 1.418385 0.495819 -0.235878
v 1.402051 0.533834 -0.238623
v 1.381310 0.571332 -0.242104
v 1.356585 0.608044 -0.246247
v 1.328306 0.643746 -0.250980
v 1.424704 0.322611 -0.244972
v 1.428024 0.349939 -0.251265
v 1.429433 0.410125 -0.254541
v 1.419799 0.467179 -0.256030
v 1.405397 0.314041 -0.268416
v 1.418318 0.331807 -0.266489
v 1.420965 0.382191 -0.276394
v 1.411934 0.443571 -0.287589
v 1.398453 0.505306 -0.279596
v 1.376037 0.552465 -0.282759
v 1.353313 0.589459 -0.285972
v 1.326834 0.625520 -0.289717
v 1.297017 0.660475 -0.293922
v 1.406439 0.323257 -0.288716
v 1.408458 0.354905 -0.298675
v 1.405585 0.415332 -0.308894
v 1.392314 0.485143 -0.308843
v 1.369744 0.534266 -0.316246
v 1.358642 0.304729 -0.334371
v 1.386765 0.314938 -0.311720
v 1.397580 0.333424 -0.312665
v 1.395265 0.387586 -0.330585
v 1.393311 0.457949 -0.320882
v 1.345515 0.570604 -0.326548
v 1.321033 0.606911 -0.329353
v 1.293047 0.642171 -0.332570
v 1.261965 0.676251 -0.336110
v 1.384647 0.324294 -0.332409
v 1.381048 0.360532 -0.352476
v 1.380802 0.434610 -0.352520
v 1.372801 0.472340 -0.353295
v 1.359774 0.510051 -0.354547
v 1.295211 0.283527 -0.380254
v 1.365261 0.316230 -0.354834
v 1.373424 0.334840 -0.357344
v 1.370850 0.406884 -0.373798
v 1.338275 0.542387 -0.367152
v 1.316927 0.579042 -0.369050
v 1.291770 0.614803 -0.371275
v 1.263287 0.649468 -0.373776
v 1.223781 0.691234 -0.376992
v 1.337739 0.307774 -0.378323
v 1.359723 0.325690 -0.375726
v 1.357157 0.379789 -0.395164
v 1.351971 0.453799 -0.395537
v 1.337599 0.499708 -0.398309
v 1.242379 0.269558 -0.422121
v 1.341243 0.317874 -0.397494
v 1.345899 0.342610 -0.404485
v 1.342680 0.426159 -0.416327
v 1.312516 0.541862 -0.408974
v 1.291468 0.578133 -0.410268
v 1.266687 0.613495 -0.411769
v 1.226922 0.647451 -0.430815
v 1.196264 0.680278 -0.432284
v 1.164633 0.716630 -0.424667
v 1.276198 0.295507 -0.439455
v 1.314517 0.310310 -0.419349
v 1.332227 0.327394 -0.418366
v 1.319797 0.472731 -0.437505
v 1.198740 0.254946 -0.444320
v 1.314987 0.319806 -0.439467
v 1.316526 0.350444 -0.448979
v 1.328760 0.390465 -0.438723
v 1.304760 0.450260 -0.466095
v 1.301141 0.504790 -0.449416
v 1.284653 0.541255 -0.449947
v 1.263968 0.577087 -0.450631
v 1.239619 0.612007 -0.451421
v 1.147689 0.705203 -0.462210
v 1.172462 0.248548 -0.463573
v 1.199686 0.275003 -0.493457
v 1.288272 0.312461 -0.460490
v 1.302858 0.329338 -0.460083
v 1.299935 0.418252 -0.477923
v 1.100133 0.725980 -0.491729
v 1.146398 0.242975 -0.482516
v 1.260923 0.313930 -0.499493
v 1.284986 0.321949 -0.480575
v 1.286220 0.352231 -0.490087
v 1.290990 0.387213 -0.490031
v 1.277889 0.486486 -0.489955
v 1.263949 0.522673 -0.489996
v 1.245707 0.558375 -0.490003
v 1.223604 0.593296 -0.490039
v 1.182194 0.628744 -0.508589
v 1.166602 0.652501 -0.502482
v 1.145075 0.674806 -0.503323
v 1.136474 0.237378 -0.500700
v 1.150005 0.252003 -0.500700
v 1.272410 0.331442 -0.500700
v 1.267491 0.437153 -0.518304
v 1.115117 0.696015 -0.513006
v 1.124269 0.246316 -0.518692
v 1.169005 0.288301 -0.560646
v 1.234357 0.307845 -0.520244
v 1.254331 0.324213 -0.520526
v 1.242402 0.337300 -0.540934
v 1.242698 0.371866 -0.550107
v 1.245927 0.397340 -0.548621
v 1.243992 0.418105 -0.550847
v 1.240370 0.460763 -0.547688
v 1.232817 0.486897 -0.548271
v 1.219531 0.522316 -0.547388
v 1.202119 0.557266 -0.546225
v 1.181087 0.591476 -0.544775
v 1.101297 0.225680 -0.540018
v 1.106118 0.240850 -0.536290
v 1.127103 0.255271 -0.536884
v 1.233274 0.317190 -0.539887
v 1.055023 0.692162 -0.586304
v 1.091065 0.233663 -0.554907
v 1.101936 0.249684 -0.554085
v 1.096512 0.267506 -0.602908
v 1.207312 0.310363 -0.558572
v 1.223839 0.326507 -0.559275
v 1.205017 0.443258 -0.597189
v 1.094729 0.637989 -0.603613
v 1.021639 0.712549 -0.597493
v 0.989886 0.744044 -0.588464
v 1.077338 0.244284 -0.570718
v 1.177392 0.311725 -0.598279
v 1.205890 0.319576 -0.578040
v 1.193961 0.329766 -0.597878
v 1.071376 0.660615 -0.605725
v 1.055493 0.224323 -0.592913
v 1.064210 0.239052 -0.587578
v 1.079927 0.252957 -0.588701
v 1.169281 0.361878 -0.641043
v 1.183914 0.393923 -0.627913
v 1.182800 0.422019 -0.629268
v 1.176091 0.453317 -0.632845
v 1.171975 0.478135 -0.629832
v 1.163608 0.503667 -0.629128
v 1.148546 0.537710 -0.627719
v 1.129701 0.571101 -0.625936
v 1.123326 0.604676 -0.603335
v 0.952469 0.760326 -0.604208
v 1.050124 0.233968 -0.604093
v 1.056020 0.247379 -0.604720
v 1.119346 0.292606 -0.631324
v 1.177106 0.321859 -0.615015
v 1.006905 0.216571 -0.645718
v 1.032951 0.228430 -0.622549
v 1.035034 0.242301 -0.620214
v 1.155544 0.315122 -0.632347
v 1.166194 0.330845 -0.633419
v 1.162730 0.380623 -0.654535
v 1.090786 0.606791 -0.642222
v 1.026651 0.669752 -0.648642
v 0.964025 0.724588 -0.646915
v 0.986824 0.205761 -0.660241
v 1.024665 0.237159 -0.636553
v 1.036033 0.250586 -0.637865
v 1.062458 0.269189 -0.650756
v 1.132267 0.308517 -0.648976
v 1.150025 0.323972 -0.651026
v 1.143370 0.335434 -0.666194
v 1.048905 0.631854 -0.668393
v 0.996018 0.694149 -0.653137
v 0.999823 0.228952 -0.665339
v 1.014062 0.245251 -0.652672
v 1.087745 0.292000 -0.672166
v 1.131781 0.317220 -0.668014
v 1.146134 0.418873 -0.680322
v 1.142406 0.452682 -0.679814
v 1.134061 0.486633 -0.678658
v 1.121377 0.520386 -0.676889
v 1.104760 0.553616 -0.674568
v 1.084699 0.586057 -0.671778
v 1.000752 0.240009 -0.668200
v 1.017117 0.253289 -0.670578
v 1.025622 0.267784 -0.698543
v 1.109512 0.310615 -0.684481
v 1.123105 0.325716 -0.688726
v 1.127555 0.353939 -0.696845
v 1.135636 0.384582 -0.693688
v 1.057625 0.598343 -0.696373
v 0.959285 0.199948 -0.690562
v 0.970932 0.221600 -0.699864
v 0.989184 0.234846 -0.683726
v 0.996273 0.247845 -0.684863
v 1.059433 0.290659 -0.709678
v 1.109819 0.319074 -0.703073
v 1.113723 0.397217 -0.728758
v 1.116253 0.413408 -0.725367
v 1.121490 0.436347 -0.715038
v 1.115529 0.469922 -0.713999
v 1.105128 0.503456 -0.712224
v 1.090645 0.536614 -0.709757
v 1.072526 0.569114 -0.706677
v 1.002555 0.661703 -0.691664
v 0.933007 0.184608 -0.705007
v 0.976692 0.229746 -0.698857
v 0.976783 0.242471 -0.698873
v 1.089190 0.312378 -0.718608
v 1.102404 0.328022 -0.721228
v 1.105090 0.358955 -0.733289
v 1.106780 0.379305 -0.737118
v 1.020612 0.625437 -0.717003
v 0.941957 0.211872 -0.732185
v 0.969280 0.237178 -0.714696
v 0.979915 0.250063 -0.716725
v 1.051887 0.304261 -0.758005
v 1.088820 0.320665 -0.737510
v 1.099198 0.439699 -0.750573
v 1.095627 0.466109 -0.747821
v 1.085176 0.497337 -0.748680
v 1.068901 0.537415 -0.743694
v 1.050339 0.569453 -0.741110
v 1.025697 0.602474 -0.740551
v 0.979962 0.668664 -0.713313
v 0.894902 0.175961 -0.744957
v 0.918010 0.204222 -0.758135
v 0.951291 0.230054 -0.738351
v 0.960584 0.244627 -0.730161
v 0.964270 0.252077 -0.748197
v 0.989714 0.276322 -0.781584
v 1.070227 0.313933 -0.752773
v 1.081624 0.328940 -0.755124
v 0.950249 0.239324 -0.745112
v 0.949837 0.254452 -0.779324
v 1.068659 0.322109 -0.771368
v 1.062518 0.332983 -0.789808
v 1.048604 0.361502 -0.828460
v 1.066805 0.373733 -0.802788
v 1.076825 0.417065 -0.792028
v 1.065859 0.454642 -0.803467
v 1.049279 0.511108 -0.800102
v 1.028491 0.525097 -0.824012
v 0.998271 0.561531 -0.838084
v 0.886471 0.196340 -0.793943
v 0.919839 0.221553 -0.778958
v 0.935027 0.230116 -0.763917
v 0.945448 0.246671 -0.761175
v 1.051877 0.315417 -0.786436
v 1.065528 0.393229 -0.809726
v 1.058103 0.474712 -0.808270
v 1.039206 0.492228 -0.830445
v 0.994106 0.611489 -0.780782
v 0.931236 0.241381 -0.774826
v 0.993080 0.292392 -0.821583
v 1.032180 0.308282 -0.800631
v 1.048997 0.323521 -0.804626
v 1.054969 0.433986 -0.827167
v 1.015320 0.541182 -0.830974
v 0.997726 0.579172 -0.818040
v 0.921935 0.236235 -0.789468
v 0.930521 0.248664 -0.791777
v 0.915480 0.250460 -0.821915
v 1.033759 0.316892 -0.819536
v 1.032338 0.325783 -0.833164
v 1.037172 0.410366 -0.858124
v 0.838487 0.163535 -0.803992
v 0.841620 0.185814 -0.842601
v 0.909206 0.230311 -0.805169
v 0.912364 0.243418 -0.803857
v 0.947603 0.280091 -0.858953
v 1.015205 0.310419 -0.833149
v 1.012087 0.328389 -0.867222
v 1.021565 0.352381 -0.866949
v 1.027786 0.383127 -0.868838
v 1.027826 0.446874 -0.868444
v 1.023093 0.471075 -0.867437
v 0.883481 0.217344 -0.829809
v 0.904092 0.238327 -0.818451
v 0.996075 0.310906 -0.864378
v 1.015531 0.318415 -0.851981
v 1.007323 0.507480 -0.871283
v 0.887035 0.230021 -0.838652
v 0.897610 0.245508 -0.833467
v 1.011093 0.370642 -0.890067
v 1.000257 0.480298 -0.897539
v 0.994115 0.525808 -0.877659
v 0.805027 0.164536 -0.854063
v 0.857608 0.208081 -0.854843
v 0.885606 0.240505 -0.846552
v 0.900290 0.252786 -0.851446
v 0.996532 0.320040 -0.883525
v 1.006654 0.399772 -0.902991
v 1.004360 0.427435 -0.906241
v 1.000628 0.459254 -0.904935
v 0.854785 0.224095 -0.878691
v 0.875368 0.235675 -0.859983
v 0.882356 0.247445 -0.862360
v 0.896205 0.269684 -0.903580
v 0.957918 0.304704 -0.904468
v 0.978467 0.313798 -0.896038
v 0.989536 0.329480 -0.900594
v 0.987195 0.358437 -0.918855
v 0.984959 0.494168 -0.911611
v 0.819511 0.196608 -0.889847
v 0.863788 0.231017 -0.872706
v 0.864796 0.242837 -0.873076
v 0.975756 0.321816 -0.913711
v 0.980462 0.381783 -0.934966
v 0.976229 0.415964 -0.944222
v 0.980181 0.444112 -0.936099
v 0.757717 0.145471 -0.879296
v 0.799714 0.175904 -0.882017
v 0.829298 0.215248 -0.901771
v 0.856592 0.238131 -0.886845
v 0.866720 0.250119 -0.890723
v 0.924421 0.292824 -0.921633
v 0.953842 0.314983 -0.930977
v 0.958945 0.324951 -0.937357
v 0.961238 0.345350 -0.946075
v 0.971303 0.465289 -0.941545
v 0.835856 0.228990 -0.907499
v 0.849084 0.245372 -0.900740
v 0.955096 0.368258 -0.962075
v 0.965280 0.401846 -0.956622
v 0.762247 0.163142 -0.906903
v 0.799887 0.205029 -0.924670
v 0.836436 0.240810 -0.912363
v 0.850259 0.252738 -0.918120
v 0.878398 0.283518 -0.956036
v 0.919560 0.310917 -0.964132
v 0.938625 0.317848 -0.954922
v 0.932101 0.327383 -0.970492
v 0.955736 0.441252 -0.965625
v 0.767989 0.178575 -0.925101
v 0.825537 0.236430 -0.924437
v 0.832633 0.248143 -0.927513
v 0.815448 0.250616 -0.952771
v 0.922975 0.359515 -0.994197
v 0.940021 0.388117 -0.983200
v 0.938922 0.420047 -0.986263
v 0.788399 0.212561 -0.945978
v 0.810697 0.231232 -0.938139
v 0.815183 0.243733 -0.936507
v 0.898362 0.313771 -0.991436
v 0.916859 0.320179 -0.982321
v 0.804650 0.239502 -0.948257
v 0.907061 0.329800 -0.997826
v 0.911898 0.392565 -1.011948
v 0.709986 0.147765 -0.940778
v 0.752316 0.188174 -0.955008
v 0.771627 0.222936 -0.972077
v 0.789826 0.232754 -0.960696
v 0.798025 0.246899 -0.961661
v 0.815681 0.262896 -0.978045
v 0.840331 0.289059 -1.004317
v 0.877181 0.316491 -1.015899
v 0.892788 0.322706 -1.007640
v 0.892277 0.351941 -1.020805
v 0.855007 0.347770 -1.051274
v 0.858079 0.330973 -1.042443
v 0.853919 0.309415 -1.025526
v 0.848827 0.316386 -1.040115
v 0.839375 0.322767 -1.053879
v 0.826768 0.329311 -1.066529
v 0.817668 0.304554 -1.048590
v 0.819994 0.315661 -1.062170
v 0.774594 0.254327 -0.999130
v 0.777356 0.271716 -1.028340
v 0.723109 0.269603 -1.067424
v 0.776675 0.247870 -0.984123
v 0.732767 0.290113 -1.092143
v 0.770667 0.236407 -0.980996
v 0.759044 0.241441 -0.991725
v 0.750884 0.246654 -1.004501
v 0.745493 0.252042 -1.019134
v 0.747475 0.231376 -0.999519
v 0.734811 0.240297 -1.012964
v 0.724243 0.245644 -1.024667
v 0.718264 0.251145 -1.039387
v 0.674832 0.269106 -1.104370
v 0.738580 0.212847 -0.994327
v 0.728262 0.222008 -1.010311
v 0.724491 0.230377 -1.018598
v 0.709308 0.239320 -1.033844
v 0.697098 0.244741 -1.044763
v 0.690975 0.250204 -1.059839
v 0.663314 0.248919 -1.080545
v 0.729105 0.192799 -0.983370
v 0.694479 0.229058 -1.042576
v 0.683636 0.238291 -1.054971
v 0.670279 0.243652 -1.065318
v 0.667841 0.230717 -1.066320
v 0.657815 0.237209 -1.076375
v 0.642658 0.242785 -1.085575
v 0.635177 0.248561 -1.100617
v 0.674368 0.196056 -1.034934
v 0.680152 0.212426 -1.043940
v 0.645182 0.215382 -1.076713
v 0.643239 0.230869 -1.086003
v 0.630549 0.236439 -1.097091
v 0.615432 0.242203 -1.106388
v 0.662853 0.179114 -1.028408
v 0.615970 0.226924 -1.105210
v 0.602167 0.235933 -1.117196
v 0.644465 0.198612 -1.064769
v 0.581058 0.229695 -1.130239
v 0.569090 0.197594 -1.123196
v 0.647485 0.157455 -1.017535
v 0.624059 0.171059 -1.057363
v 0.587954 0.169836 -1.087855
v 0.603423 0.191790 -1.093256
v 0.632170 0.139637 -1.008857
v 0.229019 0.022819 -1.219668
v 0.271481 0.028378 -1.201809
v 0.301371 0.028487 -1.183160
v 0.321137 0.018007 -1.159448
v 0.350980 0.018876 -1.137229
v 0.384252 0.020265 -1.109859
v 0.327274 0.060634 -1.194373
v 0.352302 0.051034 -1.168514
v 0.423290 0.026972 -1.079396
v 0.383053 0.048429 -1.142163
v 0.507198 0.060422 -1.032184
v 0.510457 0.052790 -1.014024
v 0.557166 0.073022 -0.985690
v 0.534373 0.045805 -0.957884
v 0.349853 0.091712 -1.203782
v 0.431330 0.057731 -1.110007
v 0.457213 0.057497 -1.084480
v 0.549082 0.060105 -0.968750
v 0.403506 0.096379 -1.169873
v 0.518430 0.077966 -1.046580
v 0.437551 0.100301 -1.147162
v 0.441765 0.080460 -1.125016
v 0.379294 0.125371 -1.208077
v 0.429964 0.133656 -1.179193
v 0.567162 0.126899 -1.061214
v 0.575634 0.073723 -0.960114
v 0.591226 0.098971 -0.989800
v 0.615323 0.091084 -0.944149
v 0.478469 0.174554 -1.172204
v 0.543269 0.168604 -1.121945
v 0.569973 0.145121 -1.079201
v 0.615444 0.144544 -1.034669
v 0.610469 0.120580 -1.004061
v 0.627699 0.110340 -0.966753
v 0.633142 0.124637 -0.985159
v 0.568121 0.000002 1.129874
v 0.619096 0.000023 1.089648
v 0.653928 0.000001 1.057717
v 0.773192 0.000006 0.922674
v 0.719776 0.000003 0.988921
v 0.836689 0.000002 0.828488
v 0.915727 0.000004 0.682963
v 1.065805 0.000002 -0.202011
v 1.090988 0.000006 0.221984
v 1.108006 0.000002 0.156469
v 1.120878 0.000002 0.069509
v 1.122520 0.000002 0.014444
v 1.118852 0.000002 -0.035630
v 1.109663 0.000002 -0.085891
v 1.091430 0.000004 -0.145216
v 1.046458 0.000003 -0.243903
v 0.607727 0.000003 -0.679294
v 0.636467 0.000001 -0.645645
v 0.680089 0.000002 -0.602271
v 0.722368 0.000001 -0.566140
v 0.850214 0.000004 -0.466940
v 0.913199 0.000002 -0.412137
v 0.956119 0.000002 -0.369517
v 0.988272 0.000002 -0.332473
v 1.026162 0.000002 -0.279895
v -1.348408 0.000012 -0.825213
v -1.327503 0.000002 -0.880709
v 0.546589 0.000000 -0.777641
v 0.501818 0.000005 -0.878712
v 0.486810 0.000005 -0.913705
v 0.403365 0.000009 -1.061431
v 0.190175 0.000002 -1.217149
v 0.226198 0.000002 -1.200814
v 0.273080 0.000002 -1.173892
v 0.311442 0.000002 -1.147611
v 0.347774 0.000002 -1.117830
v 0.385266 0.000002 -1.081575
v 0.428312 0.000002 -1.029102
vn 0.2483 -0.9429 0.2218
vn 0.7407 0.3871 0.5491
vn 0.7670 0.3813 0.5161
vn 0.7883 0.3764 0.4867
vn 0.1884 -0.9641 0.1873
vn 0.2154 -0.9572 0.1934
vn 0.2313 -0.9478 0.2193
vn 0.5397 0.7210 0.4346
vn 0.4321 -0.7727 0.4651
vn 0.5170 -0.7267 0.4522
vn 0.3836 -0.8390 0.3859
vn 0.3223 -0.8774 0.3554
vn 0.3480 -0.8681 0.3540
vn 0.2663 -0.9031 0.3370
vn 0.2565 -0.8996 0.3534
vn 0.3152 0.8485 0.4251
vn 0.4448 0.6389 0.6277
vn 0.4999 0.6078 0.6170
vn 0.4202 0.7252 0.5454
vn 0.5010 0.6856 0.5282
vn 0.4132 0.7903 0.4524
vn 0.3697 0.8389 0.3994
vn 0.3429 0.8518 0.3961
vn 0.3916 0.7952 0.4629
vn 0.4767 0.7592 0.4431
vn 0.2835 -0.8999 0.3314
vn 0.7392 0.3892 0.5497
vn 0.7220 0.4316 0.5407
vn 0.6856 0.4699 0.5560
vn 0.6794 0.5070 0.5305
vn 0.6375 0.5543 0.5351
vn 0.6306 0.5809 0.5147
vn 0.5904 0.6256 0.5099
vn 0.5822 0.6297 0.5143
vn 0.5409 0.6871 0.4850
vn 0.4750 0.7439 0.4702
vn 0.4569 0.7667 0.4511
vn 0.3701 0.8395 0.3979
vn 0.3623 0.8476 0.3878
vn 0.4470 0.8166 0.3653
vn 0.3020 -0.8954 0.3272
vn 0.2998 -0.8939 0.3334
vn 0.5705 0.6905 -0.4447
vn 0.7175 0.4677 0.5162
vn 0.6872 0.5110 0.5164
vn 0.5401 0.6915 0.4797
vn 0.5199 0.7207 0.4586
vn 0.4556 0.7776 0.4334
vn 0.4147 0.8234 0.3872
vn 0.3871 0.8373 0.3862
vn 0.3347 0.8854 0.3226
vn 0.4162 0.8592 0.2977
vn 0.3162 -0.8933 0.3194
vn 0.7661 0.3826 0.5164
vn 0.6814 0.5342 0.5003
vn 0.6520 0.5801 0.4884
vn 0.6451 0.5862 0.4901
vn 0.5181 0.7301 0.4455
vn 0.4946 0.7601 0.4214
vn 0.4147 0.8234 0.3873
vn 0.3101 0.9123 0.2675
vn 0.3869 0.8902 0.2407
vn 0.3329 -0.8891 0.3140
vn 0.3318 -0.8878 0.3189
vn 0.3580 -0.8704 0.3381
vn 0.7352 0.4634 0.4947
vn 0.7347 0.4641 0.4948
vn 0.6119 0.6425 0.4613
vn 0.6013 0.6507 0.4637
vn 0.5728 0.6838 0.4521
vn 0.5584 0.7085 0.4316
vn 0.4935 0.7654 0.4130
vn 0.4566 0.8067 0.3752
vn 0.4307 0.8208 0.3752
vn 0.2886 0.9315 0.2215
vn 0.3604 0.9126 0.1932
vn 0.3452 -0.8873 0.3057
vn 0.3792 -0.8604 0.3403
vn 0.4082 -0.8387 0.3605
vn 0.4090 -0.8330 0.3726
vn 0.4631 0.7592 0.4574
vn 0.7878 0.3771 0.4869
vn 0.7029 0.5327 0.4714
vn 0.6988 0.5368 0.4728
vn 0.6688 0.5823 0.4622
vn 0.5581 0.7112 0.4275
vn 0.5291 0.7482 0.4004
vn 0.4569 0.8074 0.3732
vn 0.3574 0.8942 0.2694
vn 0.2154 0.9237 0.3169
vn 0.1973 -0.8189 0.5389
vn 0.3567 -0.8832 0.3045
vn 0.3881 -0.8627 0.3243
vn 0.4940 0.7542 0.4326
vn 0.8154 0.0288 0.5782
vn 0.7565 0.4583 0.4666
vn 0.6612 0.6051 0.4435
vn 0.6261 0.6457 0.4372
vn 0.6164 0.6678 0.4172
vn 0.5816 0.7026 0.4100
vn 0.5278 0.7532 0.3927
vn 0.4903 0.7949 0.3576
vn 0.3413 0.8865 0.3126
vn 0.5149 -0.5328 0.6716
vn 0.6171 -0.6589 0.4301
vn 0.4079 -0.8564 0.3165
vn 0.4077 -0.8543 0.3223
vn 0.4434 -0.8282 0.3428
vn 0.4477 -0.8205 0.3554
vn 0.4822 -0.7915 0.3755
vn 0.4848 -0.7860 0.3837
vn 0.6690 0.6299 0.3946
vn 0.5380 0.7205 0.4376
vn 0.4950 0.7579 0.4249
vn 0.8021 0.3735 0.4660
vn 0.7240 0.5276 0.4444
vn 0.7146 0.5373 0.4480
vn 0.6790 0.6006 0.4222
vn 0.5614 0.7356 0.3791
vn 0.4907 0.7935 0.3599
vn 0.4221 0.8573 0.2946
vn 0.3690 0.8812 0.2954
vn 0.6887 -0.0117 0.7250
vn 0.8299 -0.2586 0.4943
vn 0.4192 -0.8543 0.3075
vn 0.5044 -0.7786 0.3733
vn 0.7804 0.4437 0.4407
vn 0.6402 0.5789 0.5050
vn 0.5430 0.7366 0.4033
vn 0.5287 0.7443 0.4080
vn 0.5179 0.7535 0.4051
vn 0.7938 0.4136 0.4459
vn 0.7707 0.4544 0.4467
vn 0.6790 0.5996 0.4235
vn 0.6397 0.6601 0.3938
vn 0.6269 0.6700 0.3977
vn 0.5622 0.7395 0.3702
vn 0.5294 0.7762 0.3423
vn 0.4181 0.8528 0.3130
vn 0.6541 0.4870 0.5787
vn 0.8619 0.2590 0.4360
vn 0.4383 -0.8462 0.3031
vn 0.4390 -0.8454 0.3042
vn 0.4685 -0.8242 0.3180
vn 0.4743 -0.8156 0.3315
vn 0.5162 -0.7809 0.3516
vn 0.5180 -0.7758 0.3604
vn 0.8653 0.1584 0.4755
vn 0.7392 0.3434 0.5794
vn 0.5556 0.7374 0.3842
vn 0.8047 0.4103 0.4291
vn 0.7609 0.4901 0.4252
vn 0.7334 0.5311 0.4243
vn 0.7236 0.5571 0.4075
vn 0.6936 0.5957 0.4051
vn 0.5911 0.7173 0.3688
vn 0.5340 0.7684 0.3527
vn 0.4716 0.8300 0.2977
vn 0.4347 0.8491 0.3001
vn 0.5391 0.7382 0.4055
vn 0.7333 0.6045 0.3112
vn 0.4386 -0.8504 0.2906
vn 0.5321 -0.7714 0.3489
vn 0.8623 -0.1907 0.4691
vn 0.7843 -0.0006 0.6203
vn 0.5717 0.7322 0.3703
vn 0.5560 0.7414 0.3758
vn 0.5481 0.7512 0.3678
vn 0.8043 0.4167 0.4235
vn 0.7724 0.4864 0.4085
vn 0.6831 0.6228 0.3815
vn 0.6456 0.6613 0.3819
vn 0.4702 0.8269 0.3086
vn 0.4458 0.8483 0.2857
vn 0.6005 0.7715 0.2100
vn 0.4475 -0.8482 0.2831
vn 0.5122 -0.7994 0.3141
vn 0.5367 -0.7792 0.3237
vn 0.5413 -0.7695 0.3388
vn 0.7618 -0.4950 0.4178
vn 0.7244 -0.3618 0.5868
vn 0.5824 0.7320 0.3534
vn 0.5469 0.7590 0.3534
vn 0.8171 0.4054 0.4098
vn 0.7726 0.4855 0.4092
vn 0.7405 0.5477 0.3895
vn 0.7310 0.5595 0.3906
vn 0.6344 0.6860 0.3563
vn 0.6068 0.7175 0.3419
vn 0.5451 0.7739 0.3224
vn 0.5158 0.8031 0.2983
vn 0.4885 0.8221 0.2923
vn 0.3857 0.8997 0.2041
vn 0.5027 0.8529 0.1410
vn 0.4640 -0.8406 0.2794
vn 0.5959 -0.6265 0.5024
vn 0.5924 0.7315 0.3376
vn 0.5826 0.7363 0.3443
vn 0.5680 0.7509 0.3368
vn 0.8179 0.4099 0.4037
vn 0.7123 0.5955 0.3715
vn 0.6889 0.6239 0.3689
vn 0.6807 0.6390 0.3583
vn 0.6584 0.6670 0.3487
vn 0.6034 0.7228 0.3369
vn 0.5873 0.7414 0.3247
vn 0.3855 0.9004 0.2016
vn 0.4171 -0.7986 0.4338
vn 0.4681 -0.8384 0.2792
vn 0.4996 -0.8161 0.2905
vn 0.5831 -0.7460 0.3217
vn 0.6062 -0.7239 0.3293
vn 0.6278 -0.6894 0.3614
vn 0.7294 0.6287 0.2696
vn 0.5955 0.7318 0.3314
vn 0.8344 0.3864 0.3930
vn 0.7807 0.4928 0.3844
vn 0.7564 0.5392 0.3704
vn 0.5820 0.7500 0.3143
vn 0.5383 0.7945 0.2810
vn 0.3596 0.8934 0.2695
vn 0.5359 -0.5120 0.6713
vn 0.6353 -0.7044 0.3165
vn 0.5261 -0.8017 0.2838
vn 0.6213 -0.7116 0.3280
vn 0.8623 0.4020 0.3078
vn 0.7090 0.5779 0.4042
vn 0.6008 0.7370 0.3097
vn 0.5936 0.7413 0.3131
vn 0.7961 0.4716 0.3791
vn 0.7973 0.4693 0.3796
vn 0.7241 0.5924 0.3532
vn 0.5490 0.7795 0.3016
vn 0.4696 0.8504 0.2372
vn 0.4053 0.8819 0.2410
vn 0.7490 0.1777 0.6383
vn 0.9191 -0.1703 0.3552
vn 0.5338 -0.7988 0.2774
vn 0.5383 -0.7939 0.2829
vn 0.5613 -0.7753 0.2896
vn 0.6408 -0.6976 0.3205
vn 0.9351 0.0383 0.3524
vn 0.8225 0.2732 0.4989
vn 0.6078 0.7368 0.2962
vn 0.7500 0.5570 0.3567
vn 0.7482 0.5601 0.3557
vn 0.6490 0.6908 0.3188
vn 0.6431 0.6981 0.3148
vn 0.4658 0.8450 0.2629
vn 0.6377 0.6414 0.4265
vn 0.8732 0.4108 0.2623
vn 0.5326 -0.8023 0.2695
vn 0.6430 -0.6977 0.3160
vn 0.8652 -0.3528 0.3562
vn 0.8267 -0.1560 0.5406
vn 0.6160 0.7342 0.2853
vn 0.6076 0.7397 0.2893
vn 0.5986 0.7499 0.2816
vn 0.8309 0.4143 0.3714
vn 0.8292 0.4184 0.3706
vn 0.7065 0.6245 0.3330
vn 0.6916 0.6433 0.3283
vn 0.6873 0.6498 0.3247
vn 0.6388 0.7046 0.3090
vn 0.6169 0.7301 0.2940
vn 0.5573 0.7839 0.2737
vn 0.5178 0.8199 0.2444
vn 0.4796 0.8410 0.2504
vn 0.5060 0.8182 0.2730
vn 0.6942 0.7025 0.1566
vn 0.5376 -0.8008 0.2641
vn 0.6048 -0.7429 0.2869
vn 0.6280 -0.7213 0.2923
vn 0.6884 -0.5325 0.4924
vn 0.6218 0.7337 0.2740
vn 0.8496 0.3807 0.3649
vn 0.7920 0.4985 0.3526
vn 0.7766 0.5275 0.3444
vn 0.6160 0.7312 0.2929
vn 0.5995 0.7493 0.2812
vn 0.5223 0.8122 0.2599
vn 0.4234 0.8883 0.1780
vn 0.5573 0.8256 0.0882
vn 0.5472 -0.7953 0.2607
vn 0.7141 -0.6272 0.3110
vn 0.7736 0.6071 0.1819
vn 0.6215 0.7357 0.2693
vn 0.6143 0.7451 0.2596
vn 0.6014 0.7568 0.2563
vn 0.8149 0.4630 0.3486
vn 0.8126 0.4679 0.3475
vn 0.7371 0.5928 0.3245
vn 0.7325 0.5999 0.3218
vn 0.4216 0.8962 0.1378
vn 0.5262 -0.7401 0.4187
vn 0.5501 -0.7935 0.2603
vn 0.5911 -0.7603 0.2693
vn 0.6686 -0.6851 0.2891
vn 0.6970 -0.6539 0.2943
vn 0.7030 -0.6457 0.2982
vn 0.9089 0.3401 0.2411
vn 0.7574 0.5442 0.3609
vn 0.6243 0.7391 0.2531
vn 0.7687 0.5492 0.3280
vn 0.7649 0.5556 0.3260
vn 0.6815 0.6688 0.2971
vn 0.6674 0.6855 0.2909
vn 0.5350 0.8083 0.2458
vn 0.4598 0.8670 0.1922
vn 0.3693 0.8985 0.2373
vn 0.6167 -0.3511 0.7046
vn 0.7074 -0.6486 0.2809
vn 0.6062 -0.7505 0.2632
vn 0.7104 -0.6408 0.2909
vn 0.9547 -0.0631 0.2908
vn 0.8649 0.1938 0.4630
vn 0.6278 0.7392 0.2437
vn 0.8453 0.4122 0.3399
vn 0.8439 0.4157 0.3393
vn 0.7253 0.6162 0.3069
vn 0.7013 0.6498 0.2930
vn 0.6468 0.7121 0.2731
vn 0.5919 0.7636 0.2580
vn 0.5721 0.7829 0.2443
vn 0.4527 0.8600 0.2353
vn 0.7468 0.3840 0.5430
vn 0.9633 0.0111 0.2683
vn 0.6104 -0.7485 0.2591
vn 0.6134 -0.7451 0.2619
vn 0.6495 -0.7116 0.2679
vn 0.7151 -0.6369 0.2881
vn 0.8413 -0.4482 0.3023
vn 0.8269 -0.2582 0.4996
vn 0.6265 0.7441 0.2320
vn 0.8642 0.3782 0.3320
vn 0.8068 0.4968 0.3197
vn 0.8071 0.4963 0.3199
vn 0.7919 0.5228 0.3155
vn 0.6471 0.7116 0.2736
vn 0.6316 0.7291 0.2635
vn 0.5788 0.7742 0.2562
vn 0.5140 0.8318 0.2094
vn 0.4711 0.8547 0.2180
vn 0.5979 0.7314 0.3279
vn 0.8274 0.5388 0.1586
vn 0.6087 -0.7515 0.2543
vn 0.7642 -0.5379 0.3557
vn 0.7271 0.6648 0.1715
vn 0.6267 0.7438 0.2323
vn 0.6185 0.7534 0.2234
vn 0.6148 0.7568 0.2220
vn 0.8324 0.4512 0.3217
vn 0.7540 0.5862 0.2965
vn 0.7499 0.5923 0.2948
vn 0.5128 0.8271 0.2301
vn 0.4766 0.8558 0.2014
vn 0.6451 0.7604 0.0751
vn 0.6110 -0.7510 0.2506
vn 0.6805 -0.6843 0.2621
vn 0.7127 -0.6492 0.2658
vn 0.7872 -0.5483 0.2823
vn 0.8717 0.4606 0.1672
vn 0.7165 0.6377 0.2829
vn 0.6284 0.7471 0.2167
vn 0.7766 0.5574 0.2935
vn 0.7772 0.5564 0.2938
vn 0.7013 0.6590 0.2719
vn 0.5832 0.7780 0.2335
vn 0.5514 0.8067 0.2124
vn 0.5219 0.8242 0.2198
vn 0.3974 0.9087 0.1275
vn 0.5211 0.8532 0.0249
vn 0.6168 -0.7472 0.2474
vn 0.7819 -0.5595 0.2750
vn 0.9681 0.0971 0.2311
vn 0.8490 0.3544 0.3919
vn 0.6311 0.7468 0.2097
vn 0.8588 0.4138 0.3021
vn 0.8446 0.4437 0.2996
vn 0.7357 0.6197 0.2732
vn 0.7184 0.6423 0.2673
vn 0.6733 0.6938 0.2555
vn 0.6235 0.7441 0.2399
vn 0.6202 0.7476 0.2377
vn 0.5594 0.7955 0.2331
vn 0.4524 0.8785 0.1537
vn 0.3650 0.9055 0.2166
vn 0.5536 -0.4902 0.6732
vn 0.6195 -0.7453 0.2466
vn 0.6634 -0.7045 0.2521
vn 0.7330 -0.6270 0.2637
vn 0.7654 -0.5860 0.2659
vn 0.7703 -0.5787 0.2679
vn 0.9072 -0.3264 0.2655
vn 0.8780 -0.0833 0.4714
vn 0.6301 0.7502 0.2005
vn 0.8768 0.3845 0.2887
vn 0.8328 0.4743 0.2857
vn 0.8139 0.5068 0.2841
vn 0.8123 0.5100 0.2830
vn 0.6696 0.6998 0.2490
vn 0.6598 0.7110 0.2431
vn 0.4418 0.8705 0.2168
vn 0.7688 0.2413 0.5922
vn 0.9507 -0.1932 0.2426
vn 0.6659 -0.7047 0.2450
vn 0.7838 -0.5645 0.2587
vn 0.8332 -0.4886 0.2590
vn 0.8420 -0.4025 0.3592
vn 0.7151 0.6842 0.1433
vn 0.6299 0.7505 0.1999
vn 0.6211 0.7603 0.1905
vn 0.6183 0.7627 0.1895
vn 0.7713 0.5796 0.2628
vn 0.7567 0.6012 0.2568
vn 0.5620 0.7999 0.2104
vn 0.5164 0.8374 0.1792
vn 0.4674 0.8631 0.1912
vn 0.6409 0.6872 0.3422
vn 0.8843 0.4477 0.1328
vn 0.6721 -0.7003 0.2406
vn 0.8292 -0.4943 0.2609
vn 0.8604 0.4954 0.1197
vn 0.7067 0.6651 0.2411
vn 0.6294 0.7547 0.1852
vn 0.7989 0.5441 0.2563
vn 0.7962 0.5486 0.2551
vn 0.7169 0.6542 0.2408
vn 0.6110 0.7627 0.2119
vn 0.6002 0.7731 0.2051
vn 0.5155 0.8324 0.2033
vn 0.5062 0.8403 0.1940
vn 0.6845 0.7277 0.0424
vn 0.6842 -0.6901 0.2359
vn 0.8386 -0.4823 0.2530
vn 0.9713 0.1492 0.1852
vn 0.8445 0.4068 0.3484
vn 0.6322 0.7540 0.1784
vn 0.8722 0.4191 0.2522
vn 0.8517 0.4631 0.2451
vn 0.7443 0.6261 0.2324
vn 0.7408 0.6306 0.2313
vn 0.6949 0.6817 0.2288
vn 0.6486 0.7315 0.2106
vn 0.6540 0.7254 0.2145
vn 0.5993 0.7742 0.2037
vn 0.5477 0.8189 0.1717
vn 0.5346 0.8450 -0.0130
vn 0.6833 -0.6931 0.2296
vn 0.6883 -0.6864 0.2348
vn 0.7376 -0.6324 0.2367
vn 0.7300 -0.6418 0.2348
vn 0.7798 -0.5801 0.2353
vn 0.8401 -0.4822 0.2484
vn 0.9323 -0.2731 0.2373
vn 0.8972 -0.0142 0.4413
vn 0.6315 0.7568 0.1688
vn 0.8913 0.3872 0.2359
vn 0.8477 0.4740 0.2381
vn 0.8320 0.5040 0.2320
vn 0.6911 0.6892 0.2177
vn 0.5679 0.7980 0.2019
vn 0.4567 0.8795 0.1340
vn 0.3844 0.9095 0.1579
vn 0.6516 -0.4097 0.6384
vn 0.7890 -0.5686 0.2328
vn 0.8253 -0.5152 0.2313
vn 0.8833 -0.3546 0.3066
vn 0.7327 0.6745 0.0902
vn 0.6307 0.7579 0.1667
vn 0.6279 0.7609 0.1637
vn 0.6225 0.7664 0.1588
vn 0.7878 0.5748 0.2211
vn 0.7709 0.6000 0.2138
vn 0.7215 0.6616 0.2040
vn 0.7002 0.6840 0.2045
vn 0.4484 0.8730 0.1916
vn 0.7719 0.3174 0.5508
vn 0.9718 -0.1470 0.1845
vn 0.7316 -0.6467 0.2156
vn 0.8918 -0.3914 0.2269
vn 0.8808 0.4661 0.0835
vn 0.7253 0.6513 0.2229
vn 0.8968 0.3935 0.2025
vn 0.8177 0.5378 0.2050
vn 0.8109 0.5486 0.2037
vn 0.6475 0.7396 0.1836
vn 0.6284 0.7574 0.1771
vn 0.5689 0.8062 0.1624
vn 0.5293 0.8364 0.1427
vn 0.4782 0.8638 0.1586
vn 0.6300 0.7231 0.2832
vn 0.8680 0.4934 0.0568
vn 0.7356 -0.6445 0.2086
vn 0.8604 -0.4623 0.2145
vn 0.8621 -0.4593 0.2142
vn 0.8919 -0.3912 0.2270
vn 0.9819 0.1125 0.1521
vn 0.8573 0.3929 0.3328
vn 0.6152 0.7770 0.1332
vn 0.8922 0.4096 0.1905
vn 0.8694 0.4580 0.1853
vn 0.7954 0.5799 0.1762
vn 0.7698 0.6111 0.1842
vn 0.7331 0.6561 0.1794
vn 0.6852 0.7074 0.1734
vn 0.6707 0.7216 0.1717
vn 0.6121 0.7742 0.1610
vn 0.5484 0.8171 0.1778
vn 0.5062 0.8522 0.1327
vn 0.6646 0.7468 -0.0258
vn 0.7502 -0.6309 0.1979
vn 0.9063 -0.0654 0.4175
vn 0.6323 0.7637 0.1301
vn 0.6199 0.7742 0.1279
vn 0.6754 -0.2112 0.7065
vn 0.5213 0.0195 -0.8531
vn 0.4300 -0.2421 -0.8698
vn 0.3665 -0.7955 -0.4826
vn 0.7540 0.1518 -0.6390
vn -0.8400 -0.4943 -0.2237
vn 0.1199 0.0069 0.9928
vn 0.4898 0.7264 -0.4820
vn 0.6506 0.3552 -0.6712
vn 0.7214 0.2109 -0.6596
vn 0.4831 0.8247 -0.2941
vn 0.1198 0.0071 0.9928
vn 0.1195 0.0071 0.9928
vn -0.1307 0.7426 -0.6568
vn -0.7028 -0.6107 -0.3648
vn -0.1321 0.7436 -0.6554
vn 0.5077 0.7362 0.4475
vn 0.5454 0.7795 -0.3080
vn -0.9407 0.1027 0.3232
vn -0.9413 0.1012 0.3221
vn -0.0000 -1.0000 -0.0000
vn 0.6325 -0.2146 -0.7443
vn 0.5819 -0.4949 -0.6453
vn 0.5011 0.7629 -0.4087
vn 0.6071 0.7945 0.0144
vn 0.6040 0.7777 0.1741
vn 0.6044 0.7683 0.2105
vn 0.5943 0.7650 0.2480
vn 0.5814 0.7533 0.3075
vn 0.5774 0.7635 0.2893
vn 0.5136 0.7675 0.3837
vn 0.6049 0.3972 0.6902
vn 0.4325 0.8368 0.3356
vn 0.6424 0.3654 0.6736
vn 0.3118 0.8779 0.3635
vn 0.2628 0.8643 0.4289
vn 0.1826 -0.9635 0.1957
vn 0.7666 0.3034 0.5658
vn 0.6957 -0.0419 0.7171
vn 0.6873 0.1114 0.7178
vn 0.6904 0.1539 0.7068
vn 0.6459 0.3594 0.6735
vn 0.6520 0.4084 0.6388
vn 0.3811 0.8302 0.4067
vn 0.3244 0.8054 0.4960
vn 0.1905 -0.9631 0.1901
vn 0.7716 0.2954 0.5634
vn 0.4343 -0.7134 0.5500
vn 0.4939 -0.6229 0.6067
vn 0.5737 -0.4949 0.6526
vn 0.6340 -0.4349 0.6395
vn 0.6503 -0.3457 0.6765
vn 0.6698 -0.3047 0.6771
vn 0.6798 -0.2469 0.6906
vn 0.6754 0.4043 0.6168
vn 0.4784 0.7453 0.4645
vn 0.4132 0.6961 0.5871
vn 0.2004 -0.9616 0.1875
vn 0.2087 -0.9598 0.1876
vn 0.8012 0.1294 0.5842
vn 0.7998 0.1852 0.5710
vn 0.7941 0.2904 0.5340
vn 0.4932 -0.6724 0.5520
vn 0.5194 -0.6568 0.5467
vn 0.5550 -0.6084 0.5673
vn 0.5667 -0.5729 0.5922
vn 0.6379 -0.4455 0.6282
vn 0.7226 -0.1897 0.6648
vn 0.7289 -0.1012 0.6771
vn 0.7424 -0.0456 0.6684
vn 0.7350 0.0941 0.6715
vn 0.7412 0.1534 0.6535
vn 0.6790 0.3994 0.6160
vn 0.6806 0.4431 0.5834
vn 0.6099 0.5849 0.5347
vn 0.5310 0.4833 0.6960
vn 0.2101 -0.9600 0.1850
vn 0.2333 -0.9544 0.1863
vn 0.8165 0.0841 0.5712
vn 0.8143 0.1867 0.5496
vn 0.8157 0.1935 0.5451
vn 0.7950 0.2887 0.5335
vn 0.6131 -0.5431 0.5738
vn 0.6244 -0.5198 0.5830
vn 0.6835 -0.4006 0.6102
vn 0.6956 -0.3534 0.6254
vn 0.7159 -0.3083 0.6265
vn 0.7276 -0.2403 0.6426
vn 0.7007 0.4405 0.5612
vn 0.7528 0.2902 0.5908
vn 0.6363 0.1072 0.7640
vn 0.2175 -0.9594 0.1798
vn 0.2320 -0.9565 0.1770
vn 0.2658 -0.9464 0.1837
vn 0.7467 -0.2055 0.6326
vn 0.8210 -0.0283 0.5703
vn 0.8212 -0.0051 0.5707
vn 0.8259 0.0992 0.5550
vn 0.8153 0.2869 0.5030
vn 0.4965 -0.7264 0.4752
vn 0.5335 -0.6828 0.4992
vn 0.5627 -0.6508 0.5097
vn 0.5711 -0.6356 0.5195
vn 0.5975 -0.6031 0.5284
vn 0.6074 -0.5827 0.5399
vn 0.6692 -0.4790 0.5681
vn 0.6813 -0.4437 0.5822
vn 0.7637 -0.1930 0.6160
vn 0.7709 -0.0930 0.6301
vn 0.7822 -0.0418 0.6216
vn 0.7725 0.1092 0.6256
vn 0.7769 0.1705 0.6061
vn 0.6937 0.4492 0.5630
vn 0.6902 0.5016 0.5216
vn 0.8141 -0.1315 0.5656
vn 0.6346 -0.3410 0.6935
vn 0.2293 -0.9565 0.1802
vn 0.2633 -0.9462 0.1879
vn 0.3269 -0.9285 0.1761
vn 0.8306 -0.0638 0.5532
vn 0.8359 0.1774 0.5194
vn 0.8363 0.1951 0.5124
vn 0.8169 0.2839 0.5020
vn 0.6530 -0.5444 0.5266
vn 0.6647 -0.5167 0.5396
vn 0.7220 -0.4012 0.5637
vn 0.7359 -0.3491 0.5801
vn 0.7538 -0.3085 0.5802
vn 0.7671 -0.2337 0.5975
vn 0.7078 0.5010 0.4979
vn 0.7388 -0.5041 0.4472
vn 0.5391 -0.6525 0.5325
vn 0.2365 -0.9556 0.1757
vn 0.2489 -0.9531 0.1720
vn 0.2589 -0.9495 0.1771
vn 0.8486 -0.0295 0.5282
vn 0.8482 0.0085 0.5296
vn 0.8489 0.0211 0.5281
vn 0.8445 0.0657 0.5315
vn 0.8468 0.1214 0.5179
vn 0.8303 0.2832 0.4800
vn 0.8191 0.3376 0.4637
vn 0.5453 -0.7137 0.4397
vn 0.5600 -0.7002 0.4428
vn 0.5768 -0.6780 0.4557
vn 0.5926 -0.6621 0.4588
vn 0.6116 -0.6296 0.4791
vn 0.6350 -0.6007 0.4858
vn 0.6470 -0.5769 0.4986
vn 0.7048 -0.4783 0.5239
vn 0.7191 -0.4379 0.5395
vn 0.7974 -0.1910 0.5725
vn 0.8050 -0.0811 0.5877
vn 0.8147 -0.0317 0.5789
vn 0.8012 0.1341 0.5832
vn 0.8035 0.1998 0.5608
vn 0.6836 0.5270 0.5049
vn 0.6682 0.5976 0.4431
vn 0.6140 -0.7235 0.3155
vn 0.4365 -0.8124 0.3867
vn 0.2486 -0.9523 0.1770
vn 0.2768 -0.9449 0.1750
vn 0.3111 -0.9284 0.2034
vn 0.3980 -0.8948 0.2025
vn 0.8511 -0.0563 0.5219
vn 0.8517 0.2028 0.4832
vn 0.8371 0.2694 0.4761
vn 0.6859 -0.5425 0.4851
vn 0.7000 -0.5102 0.4997
vn 0.7533 -0.4002 0.5219
vn 0.7693 -0.3422 0.5395
vn 0.7849 -0.3059 0.5389
vn 0.7997 -0.2231 0.5575
vn 0.6864 0.6011 0.4093
vn 0.5069 -0.8361 0.2095
vn 0.3549 -0.8924 0.2788
vn 0.2518 -0.9529 0.1692
vn 0.8690 0.0325 0.4938
vn 0.8644 0.0967 0.4935
vn 0.8483 0.2773 0.4512
vn 0.8336 0.3289 0.4438
vn 0.8340 0.3260 0.4451
vn 0.6159 -0.6661 0.4207
vn 0.6328 -0.6486 0.4230
vn 0.6456 -0.6229 0.4418
vn 0.6802 -0.5686 0.4625
vn 0.7331 -0.4770 0.4849
vn 0.7492 -0.4399 0.4952
vn 0.8290 -0.1783 0.5300
vn 0.8356 -0.0694 0.5450
vn 0.8409 -0.0198 0.5409
vn 0.8207 0.1721 0.5449
vn 0.8209 0.2263 0.5244
vn 0.6113 0.6614 0.4347
vn 0.6302 0.7118 0.3101
vn 0.4319 -0.8944 0.1162
vn 0.2852 -0.9383 0.1955
vn 0.2563 -0.9523 0.1653
vn 0.2836 -0.9452 0.1619
vn 0.3799 -0.8933 0.2401
vn 0.4942 -0.8353 0.2410
vn 0.8668 -0.0788 0.4924
vn 0.8701 0.1296 0.4756
vn 0.8664 0.1647 0.4714
vn 0.8692 0.1811 0.4601
vn 0.8489 0.2759 0.4509
vn 0.5618 -0.7355 0.3788
vn 0.7076 -0.5535 0.4393
vn 0.7793 -0.4048 0.4783
vn 0.7985 -0.3376 0.4985
vn 0.8075 -0.3122 0.5005
vn 0.8291 -0.1852 0.5275
vn 0.5346 0.7625 0.3645
vn 0.3328 -0.9363 0.1124
vn 0.2764 -0.9476 0.1602
vn 0.2851 -0.9437 0.1678
vn 0.5023 -0.8328 0.2327
vn 0.8771 -0.0372 0.4789
vn 0.8794 -0.0172 0.4757
vn 0.8794 -0.0122 0.4760
vn 0.8842 0.0221 0.4665
vn 0.8836 0.0709 0.4629
vn 0.8398 0.3424 0.4214
vn 0.6465 -0.6541 0.3926
vn 0.6584 -0.6431 0.3910
vn 0.7076 -0.5553 0.4369
vn 0.7769 -0.4260 0.4636
vn 0.8607 0.0127 0.5089
vn 0.8297 0.2261 0.5103
vn 0.8209 0.2933 0.4900
vn 0.5309 0.7649 0.3648
vn 0.4720 0.6831 0.5573
vn 0.2558 -0.9537 0.1580
vn 0.2689 -0.9504 0.1562
vn 0.2774 -0.9466 0.1643
vn 0.3047 -0.9381 0.1647
vn 0.5037 -0.8028 0.3190
vn 0.5935 -0.7564 0.2751
vn 0.8835 -0.0499 0.4657
vn 0.8757 0.1761 0.4496
vn 0.8741 0.2285 0.4285
vn 0.8670 0.2548 0.4282
vn 0.6015 -0.7184 0.3495
vn 0.6009 -0.7188 0.3496
vn 0.7328 -0.5374 0.4173
vn 0.7530 -0.4980 0.4301
vn 0.8363 -0.2761 0.4737
vn 0.8468 -0.2147 0.4867
vn 0.8346 0.2968 0.4641
vn 0.7208 0.5465 0.4264
vn 0.6439 0.3579 0.6763
vn 0.2689 -0.9493 0.1627
vn 0.3097 -0.9375 0.1589
vn 0.5725 -0.7364 0.3604
vn 0.6717 -0.6732 0.3093
vn 0.8889 -0.0702 0.4528
vn 0.8924 0.0934 0.4414
vn 0.8903 0.1220 0.4387
vn 0.8583 0.3074 0.4110
vn 0.8558 0.3158 0.4098
vn 0.8529 0.3332 0.4018
vn 0.6689 -0.6468 0.3664
vn 0.6783 -0.6379 0.3647
vn 0.7157 -0.5812 0.3872
vn 0.7263 -0.5592 0.3997
vn 0.8684 -0.1047 0.4846
vn 0.8697 -0.0356 0.4923
vn 0.8743 0.0593 0.4817
vn 0.8179 0.3231 0.4761
vn 0.8098 0.3922 0.4364
vn 0.8862 0.1127 0.4494
vn 0.7198 -0.1792 0.6706
vn 0.2710 -0.9498 0.1563
vn 0.3107 -0.9381 0.1528
vn 0.6503 -0.6403 0.4088
vn 0.7565 -0.5540 0.3475
vn 0.8944 -0.0663 0.4424
vn 0.8942 0.1480 0.4225
vn 0.8843 0.2055 0.4193
vn 0.6116 -0.7200 0.3280
vn 0.6264 -0.7066 0.3292
vn 0.8179 -0.3756 0.4359
vn 0.8291 -0.3357 0.4471
vn 0.8185 0.3969 0.4154
vn 0.8479 -0.3906 0.3584
vn 0.6134 -0.6077 0.5044
vn 0.2749 -0.9493 0.1524
vn 0.3006 -0.9419 0.1502
vn 0.3118 -0.9369 0.1582
vn 0.3270 -0.9317 0.1580
vn 0.7318 -0.5023 0.4606
vn 0.8353 -0.3910 0.3866
vn 0.8977 -0.0521 0.4376
vn 0.9020 -0.0125 0.4316
vn 0.9019 -0.0098 0.4319
vn 0.9020 0.0370 0.4302
vn 0.6772 -0.6534 0.3382
vn 0.7926 -0.4542 0.4069
vn 0.8122 -0.3997 0.4249
vn 0.8861 0.0820 0.4562
vn 0.7827 0.4411 0.4390
vn 0.7536 0.5445 0.3683
vn 0.6840 -0.6929 0.2280
vn 0.4769 -0.8093 0.3430
vn 0.2805 -0.9480 0.1505
vn 0.2907 -0.9449 0.1503
vn 0.3046 -0.9393 0.1579
vn 0.3431 -0.9267 0.1533
vn 0.8130 -0.3012 0.4983
vn 0.8863 0.2386 0.3969
vn 0.8839 0.2491 0.3959
vn 0.6101 -0.7375 0.2896
vn 0.6387 -0.7061 0.3057
vn 0.6383 -0.7065 0.3057
vn 0.7661 -0.5192 0.3788
vn 0.7860 -0.4748 0.3960
vn 0.8661 -0.2383 0.4394
vn 0.8745 -0.1797 0.4504
vn 0.7651 0.5569 0.3232
vn 0.5422 -0.8314 0.1212
vn 0.3718 -0.8995 0.2294
vn 0.2919 -0.9439 0.1543
vn 0.9098 0.0787 0.4075
vn 0.9065 0.1117 0.4072
vn 0.8745 0.3035 0.3784
vn 0.8683 0.3239 0.3758
vn 0.8661 0.3336 0.3722
vn 0.7016 -0.6318 0.3295
vn 0.7036 -0.6292 0.3302
vn 0.7222 -0.5993 0.3455
vn 0.7423 -0.5686 0.3544
vn 0.7595 -0.5358 0.3689
vn 0.8939 -0.0562 0.4446
vn 0.8869 0.0790 0.4552
vn 0.8791 0.1902 0.4370
vn 0.6684 0.6370 0.3841
vn 0.6706 0.7138 0.2018
vn 0.4469 -0.8943 0.0223
vn 0.2939 -0.9457 0.1392
vn 0.3110 -0.9386 0.1494
vn 0.3296 -0.9323 0.1489
vn 0.3392 -0.9273 0.1581
vn 0.4309 -0.8904 0.1470
vn 0.9012 -0.1371 0.4111
vn 0.9096 -0.0837 0.4070
vn 0.9105 -0.0647 0.4084
vn 0.9069 0.1561 0.3914
vn 0.8983 0.2044 0.3889
vn 0.5884 -0.7659 0.2593
vn 0.6492 -0.7030 0.2904
vn 0.6549 -0.6974 0.2911
vn 0.8419 -0.3604 0.4015
vn 0.8623 -0.2802 0.4218
vn 0.8774 0.2240 0.4242
vn 0.5263 0.7874 0.3209
vn 0.4818 0.6924 0.5370
vn 0.2861 -0.9464 0.1498
vn 0.9185 -0.0133 0.3953
vn 0.9167 0.0443 0.3971
vn 0.6045 -0.7536 0.2583
vn 0.6135 -0.7455 0.2605
vn 0.8143 -0.4414 0.3769
vn 0.8422 -0.3591 0.4021
vn 0.8812 0.2342 0.4107
vn 0.7183 0.5859 0.3753
vn 0.6595 0.3810 0.6480
vn 0.2899 -0.9457 0.1471
vn 0.3026 -0.9424 0.1426
vn 0.3352 -0.9308 0.1459
vn 0.4161 -0.8870 0.2000
vn 0.5375 -0.8233 0.1824
vn 0.9126 -0.1129 0.3930
vn 0.8997 0.2409 0.3640
vn 0.8975 0.2510 0.3627
vn 0.7860 -0.5075 0.3530
vn 0.8143 -0.4416 0.3768
vn 0.8887 -0.2001 0.4126
vn 0.8982 -0.0943 0.4294
vn 0.8927 0.2171 0.3948
vn 0.9032 0.1693 0.3943
vn 0.7487 -0.1482 0.6461
vn 0.3003 -0.9419 0.1507
vn 0.5409 -0.8221 0.1776
vn 0.9168 -0.1109 0.3837
vn 0.9235 0.0860 0.3738
vn 0.9201 0.1178 0.3736
vn 0.8910 0.2946 0.3456
vn 0.8820 0.3239 0.3423
vn 0.8794 0.3353 0.3380
vn 0.7131 -0.6298 0.3079
vn 0.7262 -0.6125 0.3121
vn 0.7458 -0.5800 0.3276
vn 0.7645 -0.5505 0.3354
vn 0.7860 -0.5076 0.3529
vn 0.9083 0.0228 0.4177
vn 0.8530 0.3045 0.4239
vn 0.8362 0.4067 0.3679
vn 0.8836 -0.3524 0.3082
vn 0.6447 -0.5908 0.4851
vn 0.3029 -0.9416 0.1468
vn 0.3349 -0.9307 0.1470
vn 0.3499 -0.9252 0.1470
vn 0.5505 -0.7864 0.2802
vn 0.6421 -0.7346 0.2192
vn 0.9213 -0.0942 0.3772
vn 0.9247 -0.0729 0.3735
vn 0.9256 -0.0502 0.3752
vn 0.9199 0.1621 0.3571
vn 0.9160 0.1883 0.3542
vn 0.6658 -0.6932 0.2760
vn 0.6753 -0.6829 0.2784
vn 0.8646 -0.3269 0.3817
vn 0.8880 -0.2140 0.4071
vn 0.8436 0.4173 0.3379
vn 0.7122 -0.6786 0.1795
vn 0.4995 -0.8038 0.3230
vn 0.3067 -0.9409 0.1439
vn 0.3573 -0.9229 0.1437
vn 0.6230 -0.7124 0.3229
vn 0.7259 -0.6400 0.2520
vn 0.9254 -0.0837 0.3696
vn 0.9326 0.0009 0.3608
vn 0.9306 0.0518 0.3625
vn 0.5954 -0.7698 0.2298
vn 0.6203 -0.7451 0.2452
vn 0.6283 -0.7377 0.2469
vn 0.8365 -0.4133 0.3599
vn 0.8678 -0.3093 0.3890
vn 0.9183 0.0086 0.3957
vn 0.7814 0.4852 0.3924
vn 0.7788 0.5677 0.2668
vn 0.5590 -0.8263 0.0681
vn 0.3833 -0.9002 0.2066
vn 0.3103 -0.9399 0.1425
vn 0.3254 -0.9351 0.1402
vn 0.3306 -0.9330 0.1420
vn 0.3604 -0.9223 0.1396
vn 0.7054 -0.6044 0.3703
vn 0.8141 -0.5047 0.2871
vn 0.9280 -0.0992 0.3590
vn 0.9196 0.2170 0.3274
vn 0.9110 0.2554 0.3239
vn 0.5796 -0.7855 0.2171
vn 0.8079 -0.4825 0.3382
vn 0.8393 -0.4030 0.3649
vn 0.9093 -0.1352 0.3935
vn 0.9074 0.0585 0.4161
vn 0.9123 0.1230 0.3906
vn 0.6955 0.6228 0.3584
vn 0.6912 0.6807 0.2427
vn 0.4387 -0.8984 0.0193
vn 0.3610 -0.9230 0.1335
vn 0.7881 -0.4513 0.4186
vn 0.8919 -0.3204 0.3190
vn 0.9319 -0.0982 0.3492
vn 0.9375 0.1023 0.3325
vn 0.9377 0.1009 0.3325
vn 0.9047 0.3005 0.3021
vn 0.8972 0.3243 0.2998
vn 0.8938 0.3383 0.2945
vn 0.7326 -0.6123 0.2974
vn 0.7489 -0.5899 0.3020
vn 0.7670 -0.5583 0.3161
vn 0.7889 -0.5220 0.3243
vn 0.8102 -0.4763 0.3417
vn 0.9177 0.1287 0.3759
vn 0.6136 0.7199 0.3245
vn 0.5816 0.5674 0.5830
vn 0.3075 -0.9415 0.1383
vn 0.3217 -0.9373 0.1344
vn 0.3525 -0.9258 0.1362
vn 0.3633 -0.9208 0.1422
vn 0.3910 -0.9109 0.1321
vn 0.8627 -0.2626 0.4322
vn 0.9357 -0.1281 0.3286
vn 0.9366 -0.0803 0.3411
vn 0.9399 -0.0345 0.3397
vn 0.9299 0.1856 0.3176
vn 0.6833 -0.6796 0.2668
vn 0.6961 -0.6654 0.2694
vn 0.8923 -0.2705 0.3615
vn 0.9106 -0.1485 0.3856
vn 0.9231 -0.0575 0.3803
vn 0.9034 0.1578 0.3987
vn 0.9007 0.2413 0.3613
vn 0.8237 0.4412 0.3561
vn 0.7451 0.1530 0.6491
vn 0.3204 -0.9365 0.1423
vn 0.4359 -0.8955 0.0899
vn 0.9359 -0.1287 0.3280
vn 0.9476 -0.0117 0.3193
vn 0.9432 0.0793 0.3225
vn 0.5889 -0.7802 0.2109
vn 0.6199 -0.7519 0.2244
vn 0.6319 -0.7383 0.2359
vn 0.6503 -0.7202 0.2415
vn 0.8654 -0.3673 0.3409
vn 0.8954 -0.2456 0.3714
vn 0.9071 0.2508 0.3379
vn 0.9472 -0.0571 0.3156
vn 0.7418 -0.3769 0.5547
vn 0.3232 -0.9364 0.1365
vn 0.4309 -0.8835 0.1835
vn 0.9442 -0.1173 0.3077
vn 0.9487 -0.0161 0.3159
vn 0.9385 0.1874 0.2901
vn 0.9250 0.2587 0.2783
vn 0.8378 -0.4428 0.3194
vn 0.8675 -0.3580 0.3453
vn 0.9344 -0.0212 0.3555
vn 0.8799 0.2929 0.3741
vn 0.8522 0.4255 0.3044
vn 0.8331 -0.5202 0.1879
vn 0.5961 -0.7102 0.3745
vn 0.3280 -0.9354 0.1319
vn 0.5202 -0.8472 0.1077
vn 0.9447 -0.1219 0.3045
vn 0.9569 -0.0096 0.2903
vn 0.9590 0.0493 0.2791
vn 0.9524 0.0905 0.2910
vn 0.9474 0.1572 0.2787
vn 0.9262 0.2873 0.2443
vn 0.9113 0.3270 0.2501
vn 0.5778 -0.7926 0.1947
vn 0.7566 -0.5890 0.2840
vn 0.7792 -0.5580 0.2856
vn 0.7930 -0.5321 0.2966
vn 0.8225 -0.4789 0.3068
vn 0.8382 -0.4414 0.3202
vn 0.8579 0.4502 0.2475
vn 0.6501 -0.7575 0.0600
vn 0.4549 -0.8604 0.2299
vn 0.3350 -0.9334 0.1284
vn 0.3481 -0.9290 0.1254
vn 0.3535 -0.9267 0.1273
vn 0.3678 -0.9217 0.1234
vn 0.3742 -0.9190 0.1242
vn 0.3871 -0.9140 0.1216
vn 0.5635 -0.7952 0.2241
vn 0.9504 -0.1133 0.2895
vn 0.9602 -0.0653 0.2717
vn 0.9526 0.1584 0.2596
vn 0.9500 0.2043 0.2363
vn 0.9248 0.2896 0.2468
vn 0.5570 -0.8104 0.1815
vn 0.7059 -0.6612 0.2541
vn 0.7178 -0.6482 0.2542
vn 0.9269 -0.1887 0.3245
vn 0.9359 -0.0290 0.3512
vn 0.9367 0.1032 0.3345
vn 0.7793 0.5276 0.3380
vn 0.7414 0.6636 0.0997
vn 0.5121 -0.8557 -0.0742
vn 0.3350 -0.9346 0.1194
vn 0.3466 -0.9302 0.1206
vn 0.6694 -0.7303 0.1361
vn 0.9640 0.0543 0.2605
vn 0.9643 0.1089 0.2412
vn 0.9319 0.2977 0.2072
vn 0.9256 0.3241 0.1958
vn 0.5995 -0.7772 0.1911
vn 0.6216 -0.7560 0.2049
vn 0.6386 -0.7413 0.2068
vn 0.6590 -0.7189 0.2209
vn 0.6645 -0.7135 0.2222
vn 0.7774 -0.5683 0.2696
vn 0.9007 -0.3060 0.3084
vn 0.9288 -0.1206 0.3503
vn 0.9369 0.1531 0.3142
vn 0.6097 0.7383 0.2885
vn 0.5934 0.5776 0.5606
vn 0.3462 -0.9287 0.1329
vn 0.3966 -0.9113 0.1104
vn 0.6862 -0.6742 0.2732
vn 0.7951 -0.5808 0.1746
vn 0.9645 -0.1026 0.2434
vn 0.9649 -0.0698 0.2533
vn 0.9541 0.2022 0.2211
vn 0.9497 0.2454 0.1947
vn 0.9012 0.4146 0.1259
vn 0.8862 0.4570 0.0770
vn 0.8460 0.5316 -0.0397
vn 0.8043 0.5897 -0.0734
vn 0.4537 0.7814 -0.4285
vn 0.1194 0.0072 0.9928
vn 0.1196 0.0071 0.9928
vn 0.0001 -1.0000 -0.0001
vn -0.0000 -1.0000 -0.0003
vn 0.9072 0.3902 0.1573
vn 0.8998 0.4180 0.1250
vn 0.8684 0.4752 0.1415
vn 0.8607 0.4801 0.1694
vn 0.8819 0.4651 0.0766
vn 0.8682 0.4880 0.0898
vn 0.8617 0.4932 0.1189
vn 0.8388 0.5166 0.1718
vn 0.8653 0.5002 0.0318
vn 0.8426 0.5336 0.0730
vn 0.8290 0.5458 0.1222
vn 0.8197 0.5534 0.1475
vn 0.8069 0.5708 0.1516
vn 0.8419 0.5379 0.0434
vn 0.8232 0.5595 0.0962
vn 0.8463 0.5320 -0.0279
vn 0.8312 0.5559 -0.0045
vn 0.8336 0.5513 0.0347
vn 0.8070 0.5837 0.0894
vn 0.7853 0.6075 0.1194
vn 0.8040 0.5926 0.0494
vn 0.8001 0.5969 0.0593
vn 0.7754 0.6200 0.1197
vn 0.7522 0.6417 0.1498
vn 0.7523 0.6363 0.1705
vn 0.8242 0.5623 -0.0662
vn 0.8040 0.5946 -0.0107
vn 0.7940 0.6079 0.0026
vn 0.8013 0.5961 -0.0501
vn 0.7606 0.6460 0.0643
vn 0.7574 0.6489 0.0722
vn 0.7553 0.6489 0.0914
vn 0.7302 0.6742 0.1105
vn 0.7263 0.6752 0.1286
vn 0.7071 0.6927 0.1424
vn 0.7030 0.6931 0.1593
vn 0.7900 0.6035 -0.1080
vn 0.7878 0.6126 -0.0631
vn 0.7691 0.6391 0.0006
vn 0.7524 0.6582 0.0267
vn 0.7590 0.6495 -0.0460
vn 0.7054 0.7047 0.0764
vn 0.7747 0.6257 -0.0918
vn 0.7512 0.6542 -0.0883
vn 0.7569 0.6518 -0.0474
vn 0.7245 0.6890 0.0204
vn 0.7130 0.7006 0.0276
vn 0.7001 0.7103 0.0728
vn 0.6908 0.7190 0.0762
vn 0.6699 0.7342 0.1108
vn 0.6583 0.7440 0.1144
vn 0.6456 0.7518 0.1344
vn 0.6204 0.7715 0.1409
vn 0.7518 0.6535 -0.0880
vn 0.7232 0.6896 -0.0385
vn 0.7447 0.6484 -0.1584
vn 0.7399 0.6588 -0.1363
vn 0.7140 0.6949 -0.0853
vn 0.7127 0.7000 -0.0450
vn 0.6995 0.7136 -0.0392
vn 0.6813 0.7320 0.0062
vn 0.6731 0.7395 0.0092
vn 0.6556 0.7535 0.0491
vn 0.6339 0.7714 0.0560
vn 0.6220 0.7787 0.0826
vn 0.5893 0.8026 0.0932
vn 0.5851 0.8027 0.1154
vn 0.5278 0.8399 0.1262
vn 0.5496 0.8288 0.1050
vn 0.4497 0.8814 0.1442
vn 0.5024 0.8638 0.0378
vn 0.7136 0.6908 -0.1166
vn 0.7081 0.7035 -0.0615
vn 0.6990 0.7085 -0.0970
vn 0.5574 0.8263 0.0804
vn 0.4947 0.8647 0.0866
vn 0.4220 0.8926 0.1587
vn 0.4393 0.8977 0.0327
vn 0.6601 0.7276 -0.1866
vn 0.6097 0.6932 0.3843
vn 0.9990 0.0428 0.0148
vn 0.7861 -0.2347 0.5718
vn 0.7492 -0.6320 0.1984
vn 0.7183 0.6608 -0.2179
vn 0.7166 0.6684 -0.1994
vn 0.6695 0.7385 -0.0795
vn 0.6666 0.7430 -0.0596
vn 0.6534 0.7554 -0.0498
vn 0.6441 0.7649 -0.0112
vn 0.6095 0.7927 -0.0029
vn 0.6061 0.7947 0.0319
vn 0.5471 0.8359 0.0436
vn 0.4987 0.8612 0.0985
vn 0.5104 0.8599 0.0128
vn 0.5334 0.8458 -0.0075
vn 0.5177 0.8483 0.1108
vn 0.8240 0.5399 -0.1717
vn 0.6585 0.2793 0.6988
vn 0.7826 -0.6029 0.1550
vn 0.7976 -0.5814 0.1606
vn 0.7908 -0.5884 0.1686
vn 0.7877 -0.5849 0.1933
vn 0.7994 -0.5679 0.1960
vn 0.6916 0.7020 -0.1699
vn 0.6897 0.7072 -0.1557
vn 0.6116 0.7893 -0.0555
vn 0.5934 0.8043 -0.0303
vn 0.5978 0.8016 -0.0105
vn 0.5346 0.8451 0.0006
vn 0.4389 0.8930 0.0995
vn 0.4518 0.8913 -0.0388
vn 0.6246 0.7447 -0.2349
vn 0.6091 0.7592 0.2295
vn 0.9748 0.1837 -0.1269
vn 0.8818 -0.0477 0.4692
vn 0.8227 -0.5574 0.1117
vn 0.8457 -0.5203 0.1183
vn 0.8332 -0.5327 0.1485
vn 0.8551 -0.4927 0.1613
vn 0.8248 -0.5321 0.1911
vn 0.6874 0.6724 -0.2746
vn 0.6866 0.6789 -0.2601
vn 0.6617 0.7394 -0.1242
vn 0.6614 0.7436 -0.0984
vn 0.6403 0.7649 -0.0707
vn 0.6277 0.7704 -0.1120
vn 0.6054 0.7926 -0.0730
vn 0.5276 0.8488 -0.0349
vn 0.4642 0.8855 0.0220
vn 0.4720 0.8803 -0.0480
vn 0.6946 0.6513 -0.3056
vn 0.6595 0.5889 0.4672
vn 0.8592 -0.5013 0.1025
vn 0.8741 -0.4826 0.0550
vn 0.8821 -0.4621 0.0917
vn 0.8828 -0.4431 0.1556
vn 0.9099 -0.3755 0.1762
vn 0.6589 0.7179 -0.2246
vn 0.6610 0.7186 -0.2162
vn 0.6388 0.7571 -0.1365
vn 0.6170 0.7762 -0.1298
vn 0.6076 0.7906 -0.0760
vn 0.5960 0.7974 -0.0946
vn 0.5446 0.8361 -0.0654
vn 0.5412 0.8367 -0.0837
vn 0.5124 0.8570 -0.0540
vn 0.5137 0.8559 -0.0600
vn 0.7513 0.5651 -0.3409
vn 0.7626 0.4944 0.4171
vn 0.8993 -0.4359 -0.0350
vn 0.8944 -0.4468 -0.0222
vn 0.8938 -0.4478 -0.0260
vn 0.9094 -0.4157 0.0143
vn 0.9040 -0.4178 0.0905
vn 0.9155 -0.3854 0.1153
vn 0.9130 -0.3682 0.1755
vn 0.9234 -0.3404 0.1773
vn 0.9360 -0.2981 0.1873
vn 0.6538 0.6843 -0.3229
vn 0.6580 0.6858 -0.3111
vn 0.6425 0.7297 -0.2339
vn 0.5171 0.8526 -0.0750
vn 0.5252 0.8452 -0.0993
vn 0.5313 0.8439 -0.0747
vn 0.7780 0.5027 -0.3768
vn 0.8446 0.4573 0.2785
vn 0.9266 -0.3620 -0.1017
vn 0.9265 -0.3624 -0.1011
vn 0.9301 -0.3620 -0.0622
vn 0.9413 -0.3331 -0.0550
vn 0.9376 -0.3478 0.0016
vn 0.9437 -0.3308 0.0056
vn 0.9468 -0.3188 0.0448
vn 0.9568 -0.2866 0.0497
vn 0.9552 -0.2777 0.1027
vn 0.9511 -0.2926 0.0993
vn 0.9524 -0.2726 0.1367
vn 0.9538 -0.2697 0.1321
vn 0.9609 -0.0278 0.2755
vn 0.9937 0.0724 0.0852
vn 0.8248 0.4835 0.2931
vn 0.8329 0.5528 -0.0266
vn 0.6484 0.7503 0.1290
vn 0.6354 0.6980 -0.3302
vn 0.6198 0.7494 -0.2328
vn 0.5686 0.8075 -0.1567
vn 0.5683 0.8071 -0.1599
vn 0.4840 0.8746 -0.0302
vn 0.5347 0.8336 -0.1387
vn 0.5414 0.8396 -0.0441
vn 0.7981 0.4920 -0.3478
vn 0.8650 0.4645 0.1895
vn 0.9390 -0.3078 -0.1535
vn 0.9410 -0.2913 -0.1725
vn 0.9452 -0.2959 -0.1382
vn 0.9865 -0.1474 0.0713
vn 0.9785 -0.1861 0.0884
vn 0.9183 0.2486 0.3079
vn 0.9297 0.3676 -0.0238
vn 0.7148 0.6808 0.1599
vn 0.7326 0.6802 0.0248
vn 0.6430 0.7597 0.0969
vn 0.6284 0.6711 -0.3933
vn 0.6229 0.6843 -0.3792
vn 0.6028 0.7386 -0.3018
vn 0.5972 0.7565 -0.2667
vn 0.4808 0.8463 -0.2292
vn 0.7941 0.4506 -0.4078
vn 0.8908 0.4353 0.1307
vn 0.9562 -0.2423 -0.1642
vn 0.9535 -0.2657 -0.1421
vn 0.9476 -0.2670 -0.1751
vn 0.9726 -0.1869 -0.1383
vn 0.9741 -0.2063 -0.0921
vn 0.9851 -0.1552 -0.0740
vn 0.9831 -0.1768 -0.0478
vn 0.9911 -0.1329 -0.0093
vn 0.9898 -0.1424 0.0090
vn 0.9980 0.0249 0.0583
vn 0.9984 -0.0362 -0.0429
vn 0.8582 0.4740 0.1970
vn 0.8330 0.5419 -0.1111
vn 0.6596 0.7496 0.0549
vn 0.6340 0.7712 0.0562
vn 0.5334 0.8128 -0.2340
vn 0.5208 0.8277 -0.2089
vn 0.5219 0.8334 -0.1820
vn 0.7332 0.4732 -0.4883
vn 0.8626 0.5058 0.0092
vn 0.9463 -0.1762 -0.2712
vn 0.9487 -0.1984 -0.2462
vn 0.9646 -0.1911 -0.1817
vn 0.9752 -0.1326 -0.1773
vn 0.9716 -0.1119 -0.2084
vn 0.9692 -0.1199 -0.2151
vn 0.9773 -0.1349 -0.1631
vn 0.9855 -0.0445 -0.1634
vn 0.9906 -0.1025 -0.0903
vn 0.9951 -0.0429 -0.0896
vn 0.9886 0.1470 0.0332
vn 0.9679 0.2297 -0.1020
vn 0.7795 0.6189 0.0961
vn 0.7829 0.6109 -0.1178
vn 0.6344 0.7729 0.0144
vn 0.6334 0.7738 0.0084
vn 0.6213 0.7774 0.0980
vn 0.5822 0.7267 -0.3647
vn 0.5722 0.7510 -0.3296
vn 0.5376 0.7847 -0.3087
vn 0.4847 0.8516 -0.1996
vn 0.4748 0.8382 -0.2684
vn 0.6504 0.5084 -0.5644
vn 0.7792 0.6247 -0.0511
vn 0.9238 -0.1483 -0.3530
vn 0.9263 -0.1579 -0.3422
vn 0.9475 -0.1248 -0.2944
vn 0.9760 -0.0519 -0.2114
vn 0.9757 0.0208 -0.2181
vn 0.9851 -0.0206 -0.1709
vn 0.9852 0.0198 -0.1701
vn 0.9671 0.2517 -0.0370
vn 0.9286 0.3229 -0.1827
vn 0.7340 0.6790 0.0135
vn 0.7439 0.6542 -0.1363
vn 0.6378 0.7691 -0.0411
vn 0.6225 0.7816 0.0400
vn 0.6250 0.7788 0.0536
vn 0.5791 0.6915 -0.4318
vn 0.5684 0.7091 -0.4173
vn 0.5655 0.7270 -0.3895
vn 0.4753 0.8252 -0.3052
vn 0.5871 0.6466 -0.4871
vn 0.6683 0.7399 -0.0763
vn 0.8854 -0.0964 -0.4548
vn 0.9198 -0.0422 -0.3902
vn 0.9398 0.0014 -0.3419
vn 0.9509 -0.0328 -0.3077
vn 0.9614 -0.0042 -0.2751
vn 0.9739 0.0615 -0.2184
vn 0.9700 0.0629 -0.2349
vn 0.9705 0.0613 -0.2333
vn 0.9363 0.3263 -0.1297
vn 0.9053 0.3402 -0.2544
vn 0.7324 0.6783 -0.0601
vn 0.7191 0.6713 -0.1796
vn 0.6304 0.7705 -0.0944
vn 0.6191 0.7853 -0.0006
vn 0.5059 0.7898 -0.3469
vn 0.5204 0.7623 -0.3847
vn 0.5384 0.8102 -0.2318
vn 0.7646 0.2359 -0.5997
vn 0.8757 0.2443 -0.4164
vn 0.8698 -0.0160 -0.4932
vn 0.8875 -0.0414 -0.4589
vn 0.9019 -0.0072 -0.4319
vn 0.9516 0.1491 -0.2687
vn 0.9608 0.1277 -0.2460
vn 0.9350 0.2997 -0.1895
vn 0.8999 0.3160 -0.3007
vn 0.7341 0.6696 -0.1125
vn 0.7128 0.6557 -0.2490
vn 0.6195 0.7841 -0.0387
vn 0.5295 0.7354 -0.4230
vn 0.5095 0.7596 -0.4044
vn 0.4591 0.8378 -0.2954
vn 0.4448 0.8132 -0.3753
vn 0.5834 0.4861 -0.6506
vn 0.7336 0.6006 -0.3181
vn 0.8323 0.0117 -0.5542
vn 0.8367 0.0068 -0.5476
vn 0.8582 0.0266 -0.5126
vn 0.8912 0.1036 -0.4417
vn 0.9065 0.1523 -0.3937
vn 0.9152 0.1430 -0.3769
vn 0.9240 0.1909 -0.3314
vn 0.9517 0.1486 -0.2685
vn 0.9060 0.3361 -0.2575
vn 0.7607 0.6451 -0.0719
vn 0.7095 0.6440 -0.2860
vn 0.6127 0.7704 -0.1763
vn 0.6089 0.7836 -0.1232
vn 0.6170 0.7814 -0.0934
vn 0.5310 0.7173 -0.4512
vn 0.5299 0.7191 -0.4496
vn 0.4717 0.7905 -0.3907
vn 0.5260 0.6990 -0.4845
vn 0.5826 0.7792 -0.2311
vn 0.7973 0.0221 -0.6032
vn 0.8030 0.0204 -0.5956
vn 0.8159 0.0605 -0.5751
vn 0.8460 0.1385 -0.5150
vn 0.8583 0.1636 -0.4864
vn 0.9082 0.2546 -0.3322
vn 0.7700 0.6177 -0.1597
vn 0.7138 0.6205 -0.3247
vn 0.5943 0.7871 -0.1651
vn 0.6012 0.7800 -0.1737
vn 0.6087 0.7799 -0.1458
vn 0.6081 0.7840 -0.1248
vn 0.4939 0.7536 -0.4338
vn 0.4459 0.8219 -0.3543
vn 0.4444 0.7949 -0.4131
vn 0.5763 0.4386 -0.6895
vn 0.7134 0.5374 -0.4498
vn 0.7775 0.0691 -0.6250
vn 0.8091 0.1044 -0.5783
vn 0.8210 0.1698 -0.5451
vn 0.8433 0.2446 -0.4785
vn 0.8446 0.2771 -0.4582
vn 0.8660 0.2634 -0.4252
vn 0.7809 0.5515 -0.2934
vn 0.7517 0.4984 -0.4319
vn 0.5906 0.7711 -0.2381
vn 0.5926 0.7711 -0.2330
vn 0.5944 0.7870 -0.1652
vn 0.5942 0.7838 -0.1806
vn 0.4768 0.7700 -0.4239
vn 0.4726 0.7582 -0.4491
vn 0.5064 0.6939 -0.5120
vn 0.5607 0.7695 -0.3056
vn 0.7531 0.0852 -0.6524
vn 0.7646 0.1255 -0.6321
vn 0.7648 0.1240 -0.6322
vn 0.7801 0.1660 -0.6032
vn 0.7754 0.1934 -0.6012
vn 0.7982 0.2286 -0.5573
vn 0.7724 0.4519 -0.4462
vn 0.6208 0.7374 -0.2661
vn 0.6339 0.6964 -0.3365
vn 0.5674 0.7765 -0.2741
vn 0.5746 0.7799 -0.2480
vn 0.5800 0.7925 -0.1885
vn 0.4020 0.8197 -0.4081
vn 0.5372 0.4588 -0.7077
vn 0.6642 0.5672 -0.4869
vn 0.7369 0.1170 -0.6658
vn 0.7803 0.3014 -0.5480
vn 0.7800 0.3067 -0.5455
vn 0.7837 0.3193 -0.5328
vn 0.6768 0.6269 -0.3858
vn 0.6820 0.5438 -0.4890
vn 0.5634 0.7521 -0.3418
vn 0.4808 0.7081 -0.5171
vn 0.5087 0.8043 -0.3073
vn 0.7329 0.0983 -0.6732
vn 0.7184 0.1813 -0.6716
vn 0.7181 0.1822 -0.6716
vn 0.7268 0.2173 -0.6516
vn 0.7256 0.2246 -0.6504
vn 0.7382 0.2749 -0.6160
vn 0.7330 0.2965 -0.6123
vn 0.7373 0.3131 -0.5986
vn 0.5654 0.7773 -0.2759
vn 0.3876 0.8232 -0.4149
vn 0.5055 0.5258 -0.6841
vn 0.6119 0.6371 -0.4688
vn 0.6375 0.6081 -0.4731
vn 0.6428 0.5346 -0.5487
vn 0.5409 0.7336 -0.4115
vn 0.5396 0.7413 -0.3990
vn 0.5481 0.7660 -0.3358
vn 0.6938 0.2336 -0.6812
vn 0.6988 0.2185 -0.6811
vn 0.6973 0.2178 -0.6829
vn 0.6868 0.3139 -0.6556
vn 0.6918 0.3558 -0.6284
vn 0.6761 0.3980 -0.6201
vn 0.6085 0.6159 -0.5004
vn 0.5340 0.7511 -0.3882
vn 0.5327 0.7638 -0.3645
vn 0.6708 0.3225 -0.6679
vn 0.1197 0.0071 0.9928
vn 0.6005 0.5789 -0.5517
vn 0.5884 0.5200 -0.6192
vn 0.5049 0.7367 -0.4498
vn 0.5086 0.7443 -0.4328
vn 0.1198 0.0070 0.9928
vn 0.1331 0.0053 0.9911
vn 0.4963 0.7379 -0.4574
vn 0.1199 0.0070 0.9928
vn 0.1200 0.0070 0.9928
vn 0.1197 0.0072 0.9928
vn 0.1181 0.0069 0.9930
vn 0.1189 0.0072 0.9929
vn 0.1199 0.0072 0.9928
vn 0.1200 0.0070 0.9927
vn 0.1194 0.0067 0.9928
vn 0.1184 0.0048 0.9930
vn 0.1205 0.0078 0.9927
vn 0.1199 0.0071 0.9928
vn 0.1185 0.0062 0.9929
vn 0.1205 0.0073 0.9927
vn 0.1197 0.0066 0.9928
vn 0.3241 0.8548 0.4052
vn 0.7605 0.3599 -0.5405
vn 0.4894 -0.6689 0.5595
vn 0.7848 0.2135 0.5818
vn 0.3969 -0.7416 -0.5408
vn 0.6854 -0.3895 -0.6153
vn 0.3626 -0.7901 -0.4942
vn 0.4430 -0.6484 -0.6191
vn 0.7681 0.2485 -0.5901
vn 0.6469 0.6433 -0.4095
vn 0.7454 0.4540 -0.4881
vn -0.5335 -0.7810 -0.3245
vn -0.0006 -1.0000 0.0003
vn 0.0001 -1.0000 -0.0000
vn -0.0001 -1.0000 0.0001
vn 0.0048 -1.0000 -0.0039
vn -0.0000 -1.0000 0.0001
vn -0.0001 -1.0000 -0.0002
vn -0.0000 -1.0000 -0.0001
vn -0.0001 -1.0000 -0.0006
vn 0.0002 -1.0000 0.0009
vn 0.0001 -1.0000 0.0002
vn -0.0001 -1.0000 -0.0003
vn -0.0001 -1.0000 -0.0000
vn 0.0002 -1.0000 -0.0000
vn -0.0002 -1.0000 -0.0000
vn -0.0002 -1.0000 0.0001
vn -0.0001 -1.0000 0.0003
vn 0.4509 0.7766 -0.4401
vn -0.9413 0.1013 0.3220
vn -0.1309 0.7427 -0.6567
vn -0.1306 0.7426 -0.6569
vn 0.5704 -0.8079 0.1482
vn 0.5812 -0.7986 0.1567
vn 0.5818 -0.7971 0.1616
vn 0.5424 -0.8363 0.0803
vn 0.5639 -0.8203 0.0958
vn 0.5780 -0.8101 0.0982
vn 0.6010 -0.7892 0.1266
vn 0.6023 -0.7854 0.1427
vn 0.5658 -0.8234 0.0429
vn 0.6391 -0.7518 0.1625
vn 0.5538 -0.8320 -0.0322
vn 0.5612 -0.8276 -0.0135
vn 0.5819 -0.8120 0.0449
vn 0.5994 -0.7971 0.0727
vn 0.6157 -0.7839 0.0795
vn 0.6229 -0.7758 0.1008
vn 0.6545 -0.7396 0.1569
vn 0.6903 -0.6923 0.2101
vn 0.7263 -0.6440 0.2404
vn 0.5434 -0.8346 -0.0904
vn 0.5957 -0.8032 0.0047
vn 0.6566 -0.7438 0.1252
vn 0.6915 -0.6986 0.1835
vn 0.7389 -0.6302 0.2385
vn 0.5209 -0.8385 -0.1601
vn 0.5378 -0.8302 -0.1468
vn 0.6018 -0.7986 0.0022
vn 0.6368 -0.7706 0.0265
vn 0.6411 -0.7656 0.0539
vn 0.6777 -0.7267 0.1128
vn 0.7097 -0.6818 0.1774
vn 0.7526 -0.6224 0.2148
vn 0.4876 -0.8449 -0.2200
vn 0.5877 -0.8044 -0.0867
vn 0.5954 -0.8008 -0.0655
vn 0.6083 -0.7921 -0.0514
vn 0.6787 -0.7301 0.0787
vn 0.7189 -0.6802 0.1434
vn 0.7629 -0.6104 0.2131
vn 0.8028 -0.5408 0.2511
vn 0.4332 -0.8455 -0.3122
vn 0.4640 -0.8426 -0.2732
vn 0.4607 -0.8487 -0.2598
vn 0.4779 -0.8503 -0.2207
vn 0.4888 -0.8452 -0.2161
vn 0.5245 -0.8263 -0.2054
vn 0.5252 -0.8260 -0.2048
vn 0.5681 -0.8080 -0.1562
vn 0.5762 -0.8028 -0.1532
vn 0.5927 -0.7982 -0.1076
vn 0.6670 -0.7450 0.0021
vn 0.7023 -0.7091 0.0635
vn 0.7356 -0.6633 0.1374
vn 0.7831 -0.5967 0.1752
vn 0.8192 -0.5144 0.2536
vn 0.8285 -0.4947 0.2626
vn 0.3714 -0.8500 -0.3735
vn 0.3619 -0.8455 -0.3927
vn 0.3580 -0.8345 -0.4189
vn 0.3492 -0.8219 -0.4501
vn 0.3786 -0.8160 -0.4368
vn 0.3783 -0.8172 -0.4348
vn 0.3985 -0.8188 -0.4132
vn 0.3964 -0.8267 -0.3992
vn 0.4243 -0.8235 -0.3767
vn 0.4249 -0.8267 -0.3688
vn 0.4314 -0.8272 -0.3600
vn 0.5576 -0.8062 -0.1978
vn 0.5874 -0.7927 -0.1629
vn 0.6525 -0.7557 -0.0555
vn 0.6581 -0.7512 -0.0503
vn 0.7019 -0.7119 0.0227
vn 0.7459 -0.6596 0.0931
vn 0.7912 -0.5863 0.1736
vn 0.8342 -0.5090 0.2123
vn 0.8672 -0.4158 0.2741
vn 0.8754 -0.3876 0.2888
vn 0.9008 -0.3050 0.3090
vn 0.3526 -0.8331 -0.4262
vn 0.4674 -0.8223 -0.3247
vn 0.4822 -0.8190 -0.3111
vn 0.4813 -0.8268 -0.2912
vn 0.5148 -0.8200 -0.2500
vn 0.5110 -0.8282 -0.2301
vn 0.6331 -0.7605 -0.1443
vn 0.6386 -0.7594 -0.1242
vn 0.6483 -0.7527 -0.1147
vn 0.7273 -0.6863 0.0045
vn 0.7637 -0.6398 0.0858
vn 0.8153 -0.5655 0.1241
vn 0.8542 -0.4757 0.2102
vn 0.8787 -0.4149 0.2362
vn 0.3842 -0.8629 -0.3282
vn 0.3711 -0.8554 -0.3613
vn 0.4246 -0.7981 -0.4274
vn 0.4310 -0.8117 -0.3942
vn 0.4631 -0.8131 -0.3528
vn 0.5614 -0.8034 -0.1985
vn 0.6026 -0.7766 -0.1839
vn 0.5906 -0.7810 -0.2030
vn 0.7162 -0.6956 -0.0562
vn 0.7242 -0.6880 -0.0475
vn 0.7734 -0.6330 0.0328
vn 0.8226 -0.5553 0.1223
vn 0.8690 -0.4676 0.1620
vn 0.9045 -0.3592 0.2300
vn 0.9345 -0.2184 0.2811
vn 0.9357 -0.2275 0.2698
vn 0.9448 -0.1391 0.2968
vn 0.3942 -0.8707 -0.2942
vn 0.3800 -0.8625 -0.3342
vn 0.3709 -0.8083 -0.4573
vn 0.3711 -0.8082 -0.4572
vn 0.4231 -0.8006 -0.4243
vn 0.5069 -0.7972 -0.3280
vn 0.5255 -0.7886 -0.3194
vn 0.5334 -0.8021 -0.2685
vn 0.5618 -0.7851 -0.2608
vn 0.6007 -0.7783 -0.1828
vn 0.6456 -0.7411 -0.1842
vn 0.6459 -0.7410 -0.1839
vn 0.7012 -0.7022 -0.1233
vn 0.7106 -0.6943 -0.1140
vn 0.7922 -0.6098 0.0238
vn 0.8477 -0.5269 0.0618
vn 0.8905 -0.4265 0.1585
vn 0.9162 -0.3548 0.1861
vn 0.9566 0.0404 0.2887
vn 0.8980 0.2799 0.3396
vn 0.9530 0.1805 0.2432
vn 0.8321 0.4722 0.2910
vn 0.4113 -0.7902 -0.4544
vn 0.4195 -0.7889 -0.4491
vn 0.4579 -0.7783 -0.4297
vn 0.4637 -0.7890 -0.4031
vn 0.4856 -0.7868 -0.3809
vn 0.4839 -0.7861 -0.3845
vn 0.4977 -0.7811 -0.3770
vn 0.6566 -0.7369 -0.1611
vn 0.6960 -0.6984 -0.1667
vn 0.7826 -0.6202 -0.0537
vn 0.7993 -0.6001 -0.0315
vn 0.8554 -0.5145 0.0594
vn 0.9044 -0.4147 0.1000
vn 0.9414 -0.2870 0.1771
vn 0.9602 -0.2032 0.1919
vn 0.9660 -0.1157 0.2310
vn 0.9669 -0.1174 0.2264
vn 0.9494 0.1274 0.2870
vn 0.9692 0.0785 0.2335
vn 0.7222 0.6146 0.3174
vn 0.8367 0.5337 0.1228
vn 0.7950 -0.5903 -0.1396
vn 0.6095 -0.3149 0.7276
vn 0.4118 -0.8723 -0.2638
vn 0.4080 -0.8731 -0.2668
vn 0.3784 -0.8165 -0.4361
vn 0.3727 -0.8162 -0.4414
vn 0.4621 -0.7718 -0.4369
vn 0.5522 -0.7621 -0.3381
vn 0.5731 -0.7506 -0.3288
vn 0.5833 -0.7643 -0.2750
vn 0.6060 -0.7498 -0.2658
vn 0.6168 -0.7484 -0.2438
vn 0.7263 -0.6642 -0.1772
vn 0.7635 -0.6340 -0.1231
vn 0.7862 -0.6107 -0.0948
vn 0.8431 -0.5366 -0.0358
vn 0.8754 -0.4834 -0.0005
vn 0.9285 -0.3592 0.0941
vn 0.9444 -0.3092 0.1116
vn 0.9776 0.0511 0.2042
vn 0.9021 0.3398 0.2661
vn 0.9383 0.2981 0.1751
vn 0.9925 0.0409 0.1156
vn 0.7364 0.2746 0.6183
vn 0.4284 -0.9033 0.0227
vn 0.3979 -0.8984 0.1858
vn 0.3532 -0.9287 0.1131
vn 0.3934 -0.8681 -0.3027
vn 0.3928 -0.8430 -0.3675
vn 0.3780 -0.8287 -0.4129
vn 0.3860 -0.8291 -0.4045
vn 0.4026 -0.7941 -0.4553
vn 0.4045 -0.7846 -0.4698
vn 0.4062 -0.7840 -0.4694
vn 0.4445 -0.7674 -0.4621
vn 0.4932 -0.7474 -0.4451
vn 0.5344 -0.7508 -0.3881
vn 0.5422 -0.7477 -0.3834
vn 0.6665 -0.7097 -0.2285
vn 0.6668 -0.7095 -0.2279
vn 0.7195 -0.6734 -0.1698
vn 0.7669 -0.6208 -0.1628
vn 0.8296 -0.5488 -0.1033
vn 0.8497 -0.5204 -0.0844
vn 0.8974 -0.4412 -0.0072
vn 0.9384 -0.3443 0.0280
vn 0.9806 -0.1654 0.1056
vn 0.9868 -0.1047 0.1234
vn 0.9866 -0.0991 0.1299
vn 0.9670 0.1611 0.1974
vn 0.9859 0.1040 0.1313
vn 0.7643 0.5990 0.2390
vn 0.8338 0.5439 0.0951
vn 0.6538 -0.7271 -0.2097
vn 0.5833 -0.6644 0.4673
vn 0.3576 -0.9293 0.0919
vn 0.3724 -0.9221 0.1052
vn 0.3999 -0.8522 -0.3373
vn 0.3922 -0.8450 -0.3636
vn 0.4146 -0.7907 -0.4505
vn 0.4491 -0.7563 -0.4757
vn 0.4942 -0.7463 -0.4459
vn 0.6020 -0.7179 -0.3496
vn 0.6418 -0.7019 -0.3089
vn 0.6421 -0.7040 -0.3035
vn 0.6680 -0.6913 -0.2754
vn 0.7175 -0.6652 -0.2067
vn 0.7854 -0.6032 -0.1390
vn 0.7814 -0.5987 -0.1760
vn 0.8309 -0.5359 -0.1497
vn 0.8874 -0.4522 -0.0901
vn 0.9038 -0.4199 -0.0822
vn 0.9670 -0.2542 0.0176
vn 0.9791 -0.2006 0.0343
vn 0.9911 0.0918 0.0968
vn 0.8538 0.4830 0.1944
vn 0.9086 0.4164 0.0322
vn 0.8687 -0.4583 -0.1878
vn 0.6804 -0.1660 0.7138
vn 0.3709 -0.9255 0.0769
vn 0.3714 -0.9255 0.0743
vn 0.3761 -0.9221 0.0909
vn 0.3776 -0.9214 0.0921
vn 0.3778 -0.9205 0.1001
vn 0.3981 -0.9114 0.1045
vn 0.3970 -0.9120 0.1030
vn 0.4074 -0.8147 -0.4128
vn 0.4388 -0.7597 -0.4799
vn 0.4950 -0.7284 -0.4737
vn 0.5330 -0.7217 -0.4416
vn 0.5322 -0.7218 -0.4424
vn 0.5806 -0.7094 -0.3995
vn 0.6055 -0.7015 -0.3759
vn 0.7432 -0.6258 -0.2366
vn 0.7949 -0.5873 -0.1523
vn 0.8620 -0.4814 -0.1587
vn 0.9202 -0.3808 -0.0906
vn 0.9492 -0.3049 -0.0784
vn 0.9685 -0.2442 -0.0483
vn 0.9996 -0.0113 0.0239
vn 0.9599 0.2619 0.1002
vn 0.9833 0.1818 -0.0047
vn 0.9985 0.0017 -0.0545
vn 0.8952 0.1767 0.4092
vn 0.5010 -0.8626 -0.0698
vn 0.4685 -0.8670 0.1699
vn 0.3822 -0.9222 0.0599
vn 0.4867 -0.8676 0.1019
vn 0.7568 -0.5125 0.4058
vn 0.4229 -0.8614 -0.2813
vn 0.4134 -0.8552 -0.3126
vn 0.4006 -0.8507 -0.3403
vn 0.4715 -0.7353 -0.4868
vn 0.5799 -0.6875 -0.4371
vn 0.6482 -0.6527 -0.3922
vn 0.6779 -0.6505 -0.3424
vn 0.6780 -0.6462 -0.3504
vn 0.7134 -0.6333 -0.3000
vn 0.7290 -0.6180 -0.2944
vn 0.7859 -0.5778 -0.2204
vn 0.8471 -0.5083 -0.1554
vn 0.8542 -0.4978 -0.1501
vn 0.9162 -0.3743 -0.1431
vn 0.9946 -0.0870 -0.0561
vn 0.9925 0.1224 0.0042
vn 0.9957 0.0653 -0.0664
vn 0.9202 0.3900 0.0326
vn 0.9219 0.3866 0.0238
vn 0.6346 -0.7276 -0.2605
vn 0.6181 -0.7160 0.3245
vn 0.3916 -0.9190 0.0465
vn 0.3960 -0.9177 0.0326
vn 0.3963 -0.9166 0.0525
vn 0.4064 -0.9118 0.0588
vn 0.4000 -0.9136 0.0734
vn 0.4125 -0.9053 0.1011
vn 0.4167 -0.9052 0.0831
vn 0.6118 -0.7277 0.3100
vn 0.6328 -0.7740 -0.0245
vn 0.9648 -0.1342 0.2261
vn 0.9645 -0.1333 0.2282
vn 0.4224 -0.8626 -0.2785
vn 0.4111 -0.8628 -0.2941
vn 0.4227 -0.8385 -0.3440
vn 0.4239 -0.8180 -0.3889
vn 0.4217 -0.8181 -0.3910
vn 0.4239 -0.7898 -0.4433
vn 0.4139 -0.7917 -0.4493
vn 0.4412 -0.7561 -0.4834
vn 0.4727 -0.7327 -0.4895
vn 0.5271 -0.6937 -0.4909
vn 0.5377 -0.6877 -0.4878
vn 0.5409 -0.6880 -0.4839
vn 0.5856 -0.6787 -0.4433
vn 0.6295 -0.6364 -0.4458
vn 0.6500 -0.6480 -0.3969
vn 0.7569 -0.5697 -0.3202
vn 0.8172 -0.5239 -0.2403
vn 0.8289 -0.5075 -0.2354
vn 0.8953 -0.4176 -0.1551
vn 0.9081 -0.3907 -0.1507
vn 0.9589 -0.2409 -0.1500
vn 0.9765 -0.1727 -0.1290
vn 0.9719 -0.1858 -0.1446
vn 0.9961 0.0271 -0.0841
vn 0.9902 -0.0175 -0.1385
vn 0.8085 0.5849 0.0655
vn 0.8527 0.4893 -0.1827
vn 0.7165 -0.5600 -0.4160
vn 0.7432 -0.4909 0.4546
vn 0.3986 -0.9171 -0.0007
vn 0.4268 -0.9032 0.0465
vn 0.5045 -0.8467 0.1687
vn 0.5423 -0.8401 -0.0101
vn 0.8995 -0.3451 0.2681
vn 0.9124 -0.3917 0.1191
vn 0.9723 -0.1161 0.2030
vn 0.4511 -0.7749 -0.4428
vn 0.4565 -0.7569 -0.4676
vn 0.4901 -0.7121 -0.5028
vn 0.5828 -0.6554 -0.4804
vn 0.6887 -0.5957 -0.4133
vn 0.7204 -0.5780 -0.3833
vn 0.7410 -0.5538 -0.3797
vn 0.7982 -0.5185 -0.3068
vn 0.8697 -0.4280 -0.2458
vn 0.8733 -0.4216 -0.2440
vn 0.9499 -0.2679 -0.1611
vn 0.9576 -0.2431 -0.1544
vn 0.9866 0.0770 -0.1436
vn 0.8973 0.4412 -0.0156
vn 0.9052 0.3596 -0.2263
vn 0.8049 -0.4235 -0.4157
vn 0.8099 -0.2671 0.5223
vn 0.4114 -0.9110 -0.0290
vn 0.4110 -0.9113 -0.0257
vn 0.4197 -0.9076 -0.0032
vn 0.4160 -0.9093 -0.0054
vn 0.4180 -0.9084 0.0099
vn 0.4341 -0.9007 0.0170
vn 0.4246 -0.9041 0.0488
vn 0.4756 -0.8786 0.0447
vn 0.7420 -0.5910 0.3164
vn 0.7646 -0.6441 -0.0227
vn 0.9809 -0.1230 0.1507
vn 0.9797 -0.1226 0.1585
vn 0.9774 -0.0842 0.1941
vn 0.9788 -0.0521 0.1982
vn 0.9727 -0.0237 0.2309
vn 0.9727 0.0025 0.2322
vn 0.4379 -0.8389 -0.3232
vn 0.4336 -0.8383 -0.3304
vn 0.4489 -0.8090 -0.3794
vn 0.4535 -0.8089 -0.3741
vn 0.4584 -0.7758 -0.4337
vn 0.5188 -0.6864 -0.5097
vn 0.5948 -0.6356 -0.4922
vn 0.6344 -0.5994 -0.4881
vn 0.6436 -0.6074 -0.4657
vn 0.6930 -0.5564 -0.4584
vn 0.7547 -0.5251 -0.3932
vn 0.8348 -0.4375 -0.3341
vn 0.8424 -0.4266 -0.3291
vn 0.9224 -0.2885 -0.2566
vn 0.9196 -0.2957 -0.2586
vn 0.9838 -0.0659 -0.1667
vn 0.9616 0.2649 -0.0724
vn 0.9633 0.1669 -0.2104
vn 0.8910 -0.3080 -0.3336
vn 0.9330 -0.1978 0.3006
vn 0.4708 -0.8736 -0.1227
vn 0.4649 -0.8853 0.0022
vn 0.4211 -0.9059 -0.0456
vn 0.4379 -0.8989 0.0145
vn 0.4527 -0.8916 0.0130
vn 0.6347 -0.7494 0.1884
vn 0.6479 -0.7531 -0.1147
vn 0.9860 -0.1426 0.0860
vn 0.9850 -0.1428 0.0971
vn 0.9852 -0.1060 0.1348
vn 0.4458 -0.8451 -0.2950
vn 0.4394 -0.8493 -0.2924
vn 0.4331 -0.8467 -0.3090
vn 0.4867 -0.7288 -0.4816
vn 0.5251 -0.6771 -0.5155
vn 0.5755 -0.6308 -0.5205
vn 0.5912 -0.6159 -0.5206
vn 0.6977 -0.5477 -0.4618
vn 0.7466 -0.4878 -0.4523
vn 0.8113 -0.4311 -0.3949
vn 0.8175 -0.4225 -0.3914
vn 0.8949 -0.3047 -0.3259
vn 0.9581 -0.0991 -0.2688
vn 0.9688 0.1599 -0.1891
vn 0.9526 0.0851 -0.2920
vn 0.9182 -0.1646 -0.3602
vn 0.9931 -0.0804 0.0853
vn 0.5429 -0.8118 -0.2152
vn 0.5407 -0.8389 0.0628
vn 0.4159 -0.9080 -0.0494
vn 0.4456 -0.8932 -0.0594
vn 0.4408 -0.8971 -0.0304
vn 0.4575 -0.8890 -0.0191
vn 0.4571 -0.8893 -0.0154
vn 0.5616 -0.8248 0.0660
vn 0.5685 -0.8170 -0.0966
vn 0.9192 -0.3788 0.1074
vn 0.9202 -0.3893 -0.0404
vn 0.9903 -0.1212 0.0674
vn 0.9910 -0.0327 0.1298
vn 0.9854 0.0018 0.1705
vn 0.9839 0.0381 0.1747
vn 0.9759 0.0681 0.2071
vn 0.9712 0.1056 0.2138
vn 0.4376 -0.8519 -0.2878
vn 0.4599 -0.8245 -0.3296
vn 0.4558 -0.8146 -0.3587
vn 0.4797 -0.7970 -0.3670
vn 0.4717 -0.7806 -0.4100
vn 0.5057 -0.7239 -0.4693
vn 0.5599 -0.6358 -0.5312
vn 0.6041 -0.5948 -0.5303
vn 0.6465 -0.5522 -0.5264
vn 0.6517 -0.5561 -0.5158
vn 0.6984 -0.5026 -0.5095
vn 0.7668 -0.4433 -0.4643
vn 0.7804 -0.4227 -0.4607
vn 0.8486 -0.3301 -0.4135
vn 0.9141 -0.1844 -0.3611
vn 0.9104 -0.1822 -0.3716
vn 0.9513 0.1130 -0.2869
vn 0.9249 0.0463 -0.3774
vn 0.8987 -0.1191 -0.4221
vn 0.9930 -0.0630 -0.0999
vn 0.5779 -0.7553 -0.3091
vn 0.5919 -0.8047 0.0464
vn 0.4316 -0.8985 -0.0799
vn 0.4363 -0.8961 -0.0812
vn 0.4361 -0.8982 -0.0557
vn 0.4484 -0.8929 -0.0418
vn 0.4502 -0.8904 -0.0672
vn 0.4763 -0.8772 -0.0607
vn 0.4883 -0.8727 -0.0006
vn 0.5143 -0.8548 -0.0687
vn 0.8146 -0.5654 0.1295
vn 0.7972 -0.5863 -0.1440
vn 0.9889 -0.1465 -0.0239
vn 0.9896 -0.1424 -0.0181
vn 0.9952 -0.0807 0.0560
vn 0.9956 -0.0082 0.0934
vn 0.9697 0.1351 0.2036
vn 0.4555 -0.8302 -0.3213
vn 0.4525 -0.8359 -0.3107
vn 0.4633 -0.8288 -0.3136
vn 0.4619 -0.8218 -0.3335
vn 0.4984 -0.7761 -0.3864
vn 0.5113 -0.7689 -0.3840
vn 0.5038 -0.7471 -0.4336
vn 0.5091 -0.7450 -0.4310
vn 0.5444 -0.6707 -0.5038
vn 0.5558 -0.6428 -0.5271
vn 0.6089 -0.5730 -0.5485
vn 0.7128 -0.4694 -0.5211
vn 0.7540 -0.4111 -0.5123
vn 0.8181 -0.3233 -0.4755
vn 0.8497 -0.2862 -0.4427
vn 0.8846 -0.1143 -0.4520
vn 0.9333 0.0726 -0.3516
vn 0.8913 0.0936 -0.4436
vn 0.8448 -0.1620 -0.5100
vn 0.9715 -0.1287 -0.1991
vn 0.5740 -0.7356 -0.3597
vn 0.6075 -0.7942 -0.0139
vn 0.4401 -0.8880 -0.1333
vn 0.4404 -0.8876 -0.1347
vn 0.4473 -0.8888 -0.1001
vn 0.4882 -0.8704 -0.0641
vn 0.7244 -0.6822 0.0988
vn 0.7120 -0.6631 -0.2311
vn 0.9844 -0.1558 -0.0814
vn 0.9879 -0.1308 -0.0827
vn 0.9971 -0.0751 0.0070
vn 0.9958 0.0100 0.0914
vn 0.9939 0.0532 0.0970
vn 0.9850 0.0921 0.1457
vn 0.9811 0.1235 0.1491
vn 0.9721 0.1504 0.1799
vn 0.6044 -0.5765 -0.5499
vn 0.6462 -0.5139 -0.5641
vn 0.6616 -0.5055 -0.5538
vn 0.6862 -0.4643 -0.5599
vn 0.7096 -0.4386 -0.5515
vn 0.7860 -0.3148 -0.5321
vn 0.7999 -0.2840 -0.5287
vn 0.8188 -0.2696 -0.5068
vn 0.8548 -0.0945 -0.5103
vn 0.9064 0.1466 -0.3961
vn 0.8408 0.1554 -0.5186
vn 0.7489 -0.2569 -0.6109
vn 0.9360 -0.2671 -0.2294
vn 0.5462 -0.7528 -0.3673
vn 0.5775 -0.8104 -0.0982
vn 0.4446 -0.8777 -0.1788
vn 0.4438 -0.8794 -0.1723
vn 0.4490 -0.8808 -0.1500
vn 0.4691 -0.8762 -0.1103
vn 0.4670 -0.8818 -0.0661
vn 0.4823 -0.8732 -0.0696
vn 0.6416 -0.7651 0.0555
vn 0.6276 -0.7419 -0.2361
vn 0.9438 -0.3056 -0.1262
vn 0.9890 -0.1191 -0.0881
vn 0.9995 -0.0261 -0.0151
vn 0.9585 0.2294 0.1694
vn 0.4601 -0.8242 -0.3303
vn 0.4749 -0.8157 -0.3303
vn 0.4972 -0.7941 -0.3496
vn 0.4876 -0.7959 -0.3588
vn 0.5315 -0.7566 -0.3809
vn 0.5139 -0.7644 -0.3893
vn 0.5362 -0.7108 -0.4553
vn 0.5677 -0.6840 -0.4581
vn 0.5404 -0.6784 -0.4978
vn 0.5737 -0.6485 -0.5004
vn 0.7362 -0.3633 -0.5711
vn 0.7704 -0.3053 -0.5597
vn 0.8286 -0.0656 -0.5560
vn 0.8602 0.2544 -0.4419
vn 0.7924 0.2148 -0.5710
vn 0.6396 -0.3659 -0.6760
vn 0.8729 -0.4556 -0.1746
vn 0.4947 -0.8080 -0.3199
vn 0.5083 -0.8397 -0.1912
vn 0.4441 -0.8677 -0.2233
vn 0.4444 -0.8700 -0.2134
vn 0.4546 -0.8681 -0.1992
vn 0.4746 -0.8657 -0.1592
vn 0.4709 -0.8750 -0.1129
vn 0.4854 -0.8663 -0.1177
vn 0.5873 -0.8082 -0.0424
vn 0.5911 -0.7838 -0.1907
vn 0.9179 -0.3936 -0.0498
vn 0.8834 -0.4319 -0.1816
vn 0.9597 -0.2480 -0.1321
vn 0.9860 -0.1104 -0.1250
vn 0.9848 -0.1150 -0.1301
vn 0.9969 -0.0423 -0.0669
vn 0.9990 0.0455 -0.0017
vn 0.9986 0.0525 0.0098
vn 0.9909 0.1206 0.0593
vn 0.9908 0.1207 0.0615
vn 0.9777 0.1828 0.1037
vn 0.9764 0.1818 0.1164
vn 0.9593 0.2376 0.1530
vn 0.4843 -0.8068 -0.3383
vn 0.4943 -0.8005 -0.3390
vn 0.5552 -0.7262 -0.4055
vn 0.5793 -0.6595 -0.4789
vn 0.6046 -0.5759 -0.5503
vn 0.6542 -0.4883 -0.5775
vn 0.6983 -0.3971 -0.5956
vn 0.7007 -0.3953 -0.5940
vn 0.7360 -0.3248 -0.5939
vn 0.7374 -0.3242 -0.5926
vn 0.7786 -0.1807 -0.6010
vn 0.8277 -0.0801 -0.5554
vn 0.7927 -0.0551 -0.6072
vn 0.7906 -0.0616 -0.6093
vn 0.8248 -0.0498 -0.5632
vn 0.5980 -0.5146 -0.6144
vn 0.7592 -0.6430 -0.1005
vn 0.4353 -0.8571 -0.2754
vn 0.4604 -0.8471 -0.2653
vn 0.4704 -0.8573 -0.2091
vn 0.4804 -0.8555 -0.1931
vn 0.4767 -0.8638 -0.1629
vn 0.4907 -0.8551 -0.1674
vn 0.5502 -0.8267 -0.1171
vn 0.5577 -0.8060 -0.1985
vn 0.8404 -0.5354 -0.0842
vn 0.8006 -0.5295 -0.2806
vn 0.9624 -0.1790 -0.2044
vn 0.9859 -0.1157 -0.1208
vn 0.9957 0.0089 -0.0922
vn 0.9962 0.0819 -0.0296
vn -0.1308 0.7427 -0.6567
vn -0.1305 0.7424 -0.6571
vn -0.1299 0.7418 -0.6579
vn -0.1304 0.7424 -0.6571
vn -0.1339 0.7456 -0.6528
vn -0.1304 0.7425 -0.6570
vn -0.1306 0.7426 -0.6568
vn -0.1307 0.7427 -0.6568
vn -0.1273 0.7435 -0.6565
vn -0.1305 0.7426 -0.6569
vn -0.1301 0.7427 -0.6569
vn -0.1304 0.7426 -0.6569
vn -0.1301 0.7438 -0.6557
vn -0.1285 0.7430 -0.6568
vn -0.1307 0.7426 -0.6569
vn -0.1307 0.7427 -0.6567
vn -0.1306 0.7428 -0.6566
vn -0.1318 0.7428 -0.6564
vn -0.1294 0.7415 -0.6584
vn -0.1240 0.7374 -0.6640
vn 0.5656 -0.5695 0.5964
vn 0.6074 0.7923 -0.0579
vn 0.5591 0.8043 -0.2015
vn 0.6110 0.7879 0.0770
vn 0.5656 0.7598 0.3205
vn 0.3645 0.8180 0.4451
vn 0.3957 0.8084 0.4358
vn 0.6846 -0.0775 0.7248
vn 0.4851 -0.6958 0.5296
vn 0.5758 -0.7231 0.3817
vn 0.5938 -0.7443 0.3057
vn 0.5234 -0.6990 0.4873
vn 0.5447 -0.8377 -0.0399
vn 0.5444 -0.8387 0.0162
vn 0.5361 -0.8384 -0.0980
vn -0.0932 0.0489 -0.9944
vn -0.0932 0.0486 -0.9945
vn -0.0924 0.0474 -0.9946
vn -0.0231 0.9993 -0.0291
vn -0.0231 0.9993 -0.0290
vn -0.0230 0.9993 -0.0291
vn -0.0232 0.9993 -0.0291
vn -0.0233 0.9993 -0.0290
vn -0.0192 0.9994 -0.0304
vn -0.6101 -0.7102 -0.3513
vn -0.8367 -0.4575 -0.3010
vn -0.7556 -0.6093 -0.2404
vn -0.5973 -0.7529 -0.2762
vn -0.4720 0.1114 0.8745
vn 0.4947 -0.8345 -0.2427
vn -0.5536 -0.7661 -0.3265
vn -0.1305 0.7425 -0.6570
vn -0.1310 0.7429 -0.6565
vn 0.4794 -0.8515 -0.2124
vn -0.5615 -0.7464 -0.3571
vn -0.6275 -0.6799 -0.3794
vn -0.5838 -0.7454 -0.3219
vn -0.6501 -0.6859 -0.3271
vn -0.6197 -0.7073 -0.3401
vn -0.7106 -0.6336 -0.3059
vn -0.7116 -0.6310 -0.3088
vn -0.8266 -0.4591 -0.3257
vn -0.7491 -0.5593 -0.3549
vn -0.6700 -0.6682 -0.3235
vn -0.6383 -0.7104 -0.2965
vn -0.6318 -0.7235 -0.2781
vn -0.5751 -0.7684 -0.2806
vn -0.5633 -0.7907 -0.2399
vn -0.8176 -0.4745 -0.3263
vn -0.7607 -0.5957 -0.2577
vn -0.5875 -0.7866 -0.1898
vn -0.7821 -0.5815 -0.2239
vn -0.6902 -0.6899 -0.2185
vn -0.6522 -0.7266 -0.2160
vn -0.7331 -0.6398 -0.2308
vn -0.7077 -0.6685 -0.2288
vn -0.6382 -0.7373 -0.2213
vn -0.6209 -0.7529 -0.2183
vn -0.5454 -0.8086 -0.2206
vn -0.6778 -0.6836 -0.2706
vn -0.6496 -0.7171 -0.2526
vn -0.5828 -0.7749 -0.2447
vn -0.5833 -0.7673 -0.2667
vn -0.5167 -0.8154 -0.2611
vn -0.5476 -0.7884 -0.2801
vn -0.4886 -0.8203 -0.2972
vn -0.4753 -0.8282 -0.2970
vn 0.4338 -0.8696 -0.2359
vn 0.4334 -0.8697 -0.2360
vn 0.4505 -0.8659 -0.2177
vn 0.4613 -0.8565 -0.2315
vn 0.4366 -0.8610 -0.2609
vn 0.4371 -0.8607 -0.2611
vn 0.4816 -0.8448 -0.2332
vn 0.4546 -0.8511 -0.2627
vn 0.4949 -0.8338 -0.2448
vn 0.5186 -0.8255 -0.2225
vn 0.4962 -0.8330 -0.2449
vn 0.4747 -0.8371 -0.2720
vn 0.4667 -0.8425 -0.2689
vn 0.4617 -0.8398 -0.2856
vn 0.5152 -0.8150 -0.2651
vn 0.4984 -0.8165 -0.2914
vn 0.4690 -0.8283 -0.3066
vn 0.4748 -0.8201 -0.3194
vn 0.5544 -0.8023 -0.2213
vn 0.5416 -0.7950 -0.2733
vn 0.4976 -0.8163 -0.2932
vn 0.5568 -0.7846 -0.2727
vn 0.5500 -0.7940 -0.2588
vn 0.4876 -0.8060 -0.3356
vn 0.4769 -0.8037 -0.3558
vn 0.4678 -0.8103 -0.3528
vn 0.4664 -0.8065 -0.3633
vn 0.9257 0.3432 0.1589
vn 0.9457 0.2984 0.1290
vn 0.9644 0.2522 0.0792
vn 0.9688 -0.1314 -0.2102
vn 0.9454 -0.1939 -0.2621
vn 0.7558 -0.5285 -0.3865
vn 0.5579 -0.7896 -0.2553
vn 0.4972 -0.8439 -0.2017
vn 0.4783 -0.8447 -0.2401
vn 0.4575 -0.8506 -0.2592
vn 0.4512 -0.8464 -0.2831
vn 0.4380 -0.8469 -0.3017
vn 0.5929 -0.7729 -0.2260
vn 0.8094 -0.3757 -0.4513
vn 0.7274 0.1744 -0.6637
vn 0.7640 -0.1376 -0.6304
vn 0.6980 -0.3983 -0.5951
vn 0.6586 -0.4864 -0.5741
vn 0.5951 -0.6132 -0.5196
vn 0.5745 -0.6984 -0.4268
vn 0.9401 0.3151 0.1301
vn 0.9257 0.3647 0.1000
vn 0.9262 0.3668 0.0875
vn 0.9073 0.4167 0.0560
vn 0.9626 0.2673 0.0439
vn 0.9499 0.3107 0.0329
vn 0.9515 0.3058 0.0322
vn 0.9114 0.4101 0.0347
vn 0.9835 0.1806 0.0076
vn 0.9797 0.2004 0.0039
vn 0.9293 0.3692 0.0123
vn 0.8894 0.4568 -0.0191
vn 0.8917 0.4522 -0.0185
vn 0.8743 0.4854 -0.0041
vn 0.9736 0.2236 -0.0455
vn 0.9599 0.2772 -0.0424
vn 0.9251 0.3775 -0.0416
vn 0.9188 0.3921 -0.0442
vn 0.9944 0.0831 -0.0657
vn 0.9883 0.1251 -0.0878
vn 0.9760 0.2081 -0.0638
vn 0.9397 0.3336 -0.0756
vn 0.9468 0.3127 -0.0758
vn 0.8773 0.4731 -0.0802
vn 0.8625 0.5001 -0.0778
vn 0.9926 0.0043 -0.1214
vn 0.9886 0.0320 -0.1469
vn 0.9862 0.1238 -0.1098
vn 0.9773 0.1613 -0.1371
vn 0.9678 0.2276 -0.1076
vn 0.9566 0.2667 -0.1174
vn 0.9235 0.3646 -0.1191
vn 0.9090 0.4051 -0.0982
vn 0.8876 0.4495 -0.1007
vn 0.8444 0.5249 -0.1071
vn 0.8267 0.5553 -0.0906
vn 0.9941 0.0173 -0.1073
vn 0.9955 0.0321 -0.0892
vn 0.9841 0.1434 -0.1045
vn 0.9828 0.1645 -0.0836
vn 0.9610 0.2593 -0.0965
vn 0.9605 0.2619 -0.0938
vn 0.9297 0.3568 -0.0916
vn 0.9217 0.3818 -0.0684
vn 0.8960 0.4351 -0.0888
vn 0.8919 0.4452 -0.0798
vn 0.8565 0.5073 -0.0950
vn 0.8380 0.5414 -0.0679
vn 0.8143 0.5735 -0.0897
vn 0.9797 -0.1043 -0.1711
vn 0.9847 0.0002 -0.1745
vn 0.9868 0.0197 -0.1609
vn 0.9807 0.0851 -0.1759
vn 0.9785 0.1418 -0.1494
vn 0.9676 0.1865 -0.1700
vn 0.9571 0.2564 -0.1351
vn 0.9419 0.2921 -0.1659
vn 0.9251 0.3561 -0.1316
vn 0.9079 0.3902 -0.1530
vn 0.8954 0.4261 -0.1292
vn 0.8678 0.4726 -0.1539
vn 0.8555 0.5023 -0.1261
vn 0.8262 0.5431 -0.1497
vn 0.8140 0.5671 -0.1255
vn 0.7863 0.6006 -0.1446
vn 0.9677 -0.1375 -0.2114
vn 0.9531 0.2002 -0.2271
vn 0.9393 0.2901 -0.1833
vn 0.9221 0.3242 -0.2113
vn 0.9050 0.3865 -0.1777
vn 0.8860 0.4161 -0.2046
vn 0.8660 0.4692 -0.1730
vn 0.8463 0.4944 -0.1986
vn 0.8249 0.5393 -0.1692
vn 0.8052 0.5606 -0.1936
vn 0.7811 0.6026 -0.1633
vn 0.7661 0.6185 -0.1747
vn 0.9633 -0.0668 -0.2601
vn 0.9665 -0.0121 -0.2562
vn 0.9692 0.0006 -0.2464
vn 0.9682 0.0825 -0.2363
vn 0.9588 0.1202 -0.2573
vn 0.9541 0.2045 -0.2189
vn 0.9396 -0.1918 -0.2833
vn 0.9549 0.1179 -0.2727
vn 0.9241 0.2513 -0.2880
vn 0.9133 0.3179 -0.2545
vn 0.8909 0.3631 -0.2727
vn 0.8787 0.4084 -0.2474
vn 0.8541 0.4479 -0.2642
vn 0.8403 0.4857 -0.2408
vn 0.8148 0.5198 -0.2565
vn 0.8005 0.5513 -0.2351
vn 0.7749 0.5807 -0.2498
vn 0.7602 0.6078 -0.2296
vn 0.7362 0.6323 -0.2411
vn 0.7951 -0.5943 -0.1209
vn 0.9218 -0.1898 -0.3379
vn 0.9369 -0.1502 -0.3156
vn 0.9417 -0.1131 -0.3169
vn 0.9476 0.0223 -0.3186
vn 0.9470 0.0701 -0.3136
vn 0.9291 0.1792 -0.3235
vn 0.9237 0.2499 -0.2904
vn 0.5585 -0.8134 -0.1626
vn 0.7498 -0.4981 -0.4355
vn 0.9152 -0.1927 -0.3540
vn 0.9332 -0.0703 -0.3524
vn 0.9372 -0.0114 -0.3485
vn 0.9244 0.1288 -0.3591
vn 0.9229 0.1605 -0.3501
vn 0.8936 0.2870 -0.3451
vn 0.8777 0.3537 -0.3234
vn 0.8571 0.3844 -0.3429
vn 0.8433 0.4374 -0.3124
vn 0.8179 0.4741 -0.3261
vn 0.8057 0.5083 -0.3042
vn 0.7799 0.5398 -0.3168
vn 0.7674 0.5685 -0.2966
vn 0.7417 0.5956 -0.3084
vn 0.7287 0.6208 -0.2891
vn 0.7046 0.6438 -0.2986
vn 0.5586 -0.7657 -0.3189
vn 0.8010 -0.5595 -0.2128
vn 0.8946 -0.1851 -0.4068
vn 0.9069 -0.1574 -0.3908
vn 0.9157 -0.1024 -0.3886
vn 0.9164 0.0342 -0.3988
vn 0.9151 0.0906 -0.3928
vn 0.8937 0.2227 -0.3894
vn 0.8889 0.2681 -0.3714
vn 0.8498 0.3794 -0.3659
vn 0.5020 -0.8280 -0.2501
vn 0.5740 -0.7930 -0.2041
vn 0.7494 -0.4627 -0.4736
vn 0.8933 -0.1858 -0.4093
vn 0.8997 -0.0592 -0.4326
vn 0.9035 -0.0010 -0.4286
vn 0.8890 0.2122 -0.4057
vn 0.8519 0.3302 -0.4064
vn 0.8138 0.4326 -0.3880
vn 0.8056 0.4627 -0.3699
vn 0.7801 0.4966 -0.3807
vn 0.7694 0.5275 -0.3603
vn 0.7438 0.5566 -0.3702
vn 0.7328 0.5828 -0.3513
vn 0.7075 0.6078 -0.3605
vn 0.6959 0.6315 -0.3420
vn 0.6717 0.6530 -0.3497
vn 0.5731 -0.7231 -0.3856
vn 0.8148 -0.4924 -0.3060
vn 0.8757 -0.1432 -0.4611
vn 0.8833 -0.0922 -0.4597
vn 0.8860 0.1354 -0.4435
vn 0.8879 0.1245 -0.4429
vn 0.8653 0.2291 -0.4458
vn 0.8451 0.3243 -0.4250
vn 0.4706 -0.8429 -0.2610
vn 0.5953 -0.7673 -0.2387
vn 0.7592 -0.4021 -0.5118
vn 0.8594 -0.1989 -0.4710
vn 0.8651 -0.1671 -0.4730
vn 0.8783 0.0454 -0.4760
vn 0.8778 0.0505 -0.4763
vn 0.8652 0.1738 -0.4703
vn 0.8476 0.2778 -0.4521
vn 0.8158 0.3687 -0.4455
vn 0.8026 0.4132 -0.4302
vn 0.7850 0.4343 -0.4418
vn 0.7672 0.4849 -0.4198
vn 0.7509 0.5015 -0.4297
vn 0.7326 0.5441 -0.4089
vn 0.7163 0.5584 -0.4185
vn 0.6979 0.5951 -0.3986
vn 0.6782 0.6099 -0.4099
vn 0.6635 0.6419 -0.3844
vn 0.4842 -0.8264 -0.2875
vn 0.5016 -0.8133 -0.2949
vn 0.5937 -0.6622 -0.4572
vn 0.8167 -0.4126 -0.4034
vn 0.8627 -0.0459 -0.5036
vn 0.8626 -0.0382 -0.5044
vn 0.8520 0.1705 -0.4950
vn 0.8313 0.2710 -0.4853
vn 0.4488 -0.8475 -0.2835
vn 0.6272 -0.7305 -0.2702
vn 0.7775 -0.3022 -0.5515
vn 0.8308 -0.2025 -0.5185
vn 0.8424 -0.1520 -0.5169
vn 0.8414 -0.1228 -0.5263
vn 0.8491 0.0941 -0.5198
vn 0.8473 0.1066 -0.5203
vn 0.8295 0.2289 -0.5095
vn 0.8025 0.3434 -0.4878
vn 0.7961 0.3485 -0.4947
vn 0.7691 0.4231 -0.4790
vn 0.7652 0.4268 -0.4820
vn 0.7370 0.4895 -0.4660
vn 0.7323 0.4932 -0.4695
vn 0.7043 0.5459 -0.4539
vn 0.6935 0.5532 -0.4617
vn 0.6670 0.5966 -0.4463
vn 0.6631 0.5992 -0.4487
vn 0.6297 0.6401 -0.4402
vn 0.6231 0.6584 -0.4222
vn 0.4694 -0.8239 -0.3175
vn 0.4802 -0.8169 -0.3195
vn 0.4841 -0.8127 -0.3243
vn 0.4978 -0.8015 -0.3313
vn 0.6031 -0.5946 -0.5317
vn 0.8219 -0.2928 -0.4886
vn 0.8384 0.0061 -0.5451
vn 0.8371 0.0167 -0.5469
vn 0.8196 0.2248 -0.5270
vn 0.4378 -0.8462 -0.3037
vn 0.4949 -0.7902 -0.3614
vn 0.6701 -0.6772 -0.3040
vn 0.7927 -0.2167 -0.5697
vn 0.8000 -0.2042 -0.5641
vn 0.8210 -0.1072 -0.5608
vn 0.8205 -0.1077 -0.5613
vn 0.8193 0.1423 -0.5554
vn 0.8168 0.1589 -0.5545
vn 0.7977 0.2625 -0.5429
vn 0.7830 0.3330 -0.5254
vn 0.7745 0.3425 -0.5318
vn 0.7490 0.4162 -0.5155
vn 0.7448 0.4201 -0.5184
vn 0.7182 0.4820 -0.5018
vn 0.7133 0.4859 -0.5051
vn 0.6897 0.5324 -0.4908
vn 0.6147 0.6333 -0.4702
vn 0.5340 -0.6796 -0.5030
vn 0.4488 -0.8274 -0.3375
vn 0.4458 -0.8319 -0.3303
vn 0.4583 -0.8224 -0.3371
vn 0.4964 -0.7926 -0.3539
vn 0.6130 -0.5153 -0.5989
vn 0.7946 -0.2161 -0.5674
vn 0.8184 0.0404 -0.5732
vn 0.8127 0.0902 -0.5756
vn 0.5807 0.6680 -0.4654
vn 0.5799 0.6693 -0.4644
vn 0.5597 0.6840 -0.4678
vn 0.6032 -0.2702 -0.7505
vn 0.4732 -0.8012 -0.3662
vn 0.4801 -0.7969 -0.3667
vn 0.5690 -0.7037 -0.4255
vn 0.6996 -0.5951 -0.3956
vn 0.7731 -0.2186 -0.5954
vn 0.7846 -0.1992 -0.5871
vn 0.7980 -0.1079 -0.5930
vn 0.8045 -0.0957 -0.5862
vn 0.8054 -0.0008 -0.5928
vn 0.7901 0.2058 -0.5774
vn 0.7875 0.2487 -0.5640
vn 0.7656 0.2943 -0.5720
vn 0.7633 0.3371 -0.5510
vn 0.7393 0.3777 -0.5574
vn 0.7347 0.4139 -0.5375
vn 0.7100 0.4488 -0.5426
vn 0.7041 0.4791 -0.5241
vn 0.6761 0.5130 -0.5289
vn 0.6683 0.5381 -0.5137
vn 0.6530 0.5597 -0.5102
vn 0.6436 0.5787 -0.5009
vn 0.6321 0.5911 -0.5010
vn 0.6179 0.6129 -0.4925
vn 0.8327 0.2004 -0.5161
vn 0.7209 -0.6670 -0.1881
vn 0.4230 -0.8422 -0.3342
vn 0.4354 -0.8332 -0.3409
vn 0.6383 -0.4611 -0.6164
vn 0.7787 -0.2167 -0.5888
vn 0.7979 0.0994 -0.5945
vn 0.6024 0.6231 -0.4990
vn 0.5866 0.6430 -0.4924
vn 0.7706 -0.1790 -0.6117
vn 0.5634 -0.5212 -0.6411
vn 0.4346 -0.8252 -0.3608
vn 0.4712 -0.7991 -0.3733
vn 0.4606 -0.8155 -0.3505
vn 0.5447 -0.6733 -0.4999
vn 0.7213 -0.5057 -0.4733
vn 0.7592 -0.2471 -0.6022
vn 0.7704 -0.2034 -0.6042
vn 0.7706 -0.1696 -0.6143
vn 0.7881 -0.1065 -0.6063
vn 0.7857 -0.0637 -0.6153
vn 0.7934 0.0087 -0.6087
vn 0.7934 0.0088 -0.6087
vn 0.7919 0.0611 -0.6076
vn 0.7851 0.1557 -0.5995
vn 0.7825 0.1898 -0.5931
vn 0.7742 0.2104 -0.5969
vn 0.7579 0.2913 -0.5837
vn 0.7541 0.2975 -0.5855
vn 0.7323 0.3741 -0.5691
vn 0.7270 0.3812 -0.5711
vn 0.7036 0.4447 -0.5542
vn 0.6971 0.4521 -0.5565
vn 0.6737 0.5044 -0.5401
vn 0.7569 -0.0812 -0.6485
vn 0.7115 -0.1588 -0.6845
vn 0.5335 -0.7888 -0.3052
vn 0.4321 -0.8340 -0.3432
vn 0.4800 -0.7816 -0.3983
vn 0.5845 -0.7197 -0.3746
vn 0.6948 -0.3481 -0.6294
vn 0.5739 0.6451 -0.5044
vn 0.5192 0.6978 -0.4935
vn 0.7927 -0.1043 -0.6007
vn 0.7595 -0.4937 -0.4236
vn 0.4885 -0.7304 -0.4774
vn 0.4255 -0.8339 -0.3517
vn 0.4374 -0.8260 -0.3557
vn 0.4474 -0.8161 -0.3658
vn 0.4780 -0.7949 -0.3738
vn 0.5645 -0.6025 -0.5642
vn 0.7529 -0.3701 -0.5442
vn 0.7844 0.0827 -0.6148
vn 0.7814 0.1410 -0.6079
vn 0.6379 0.5558 -0.5331
vn 0.6221 0.5805 -0.5254
vn 0.5669 0.6520 -0.5035
vn 0.5542 0.6683 -0.4962
vn 0.5141 0.7175 -0.4699
vn 0.7037 -0.2996 -0.6442
vn 0.5760 -0.3530 -0.7373
vn 0.4214 -0.8358 -0.3519
vn 0.4760 -0.7903 -0.3858
vn 0.4967 -0.7699 -0.4006
vn 0.6424 -0.6735 -0.3657
vn 0.7423 -0.2986 -0.5998
vn 0.7514 -0.2658 -0.6040
vn 0.6163 0.5871 -0.5249
vn 0.5997 0.6114 -0.5163
vn 0.5888 0.6226 -0.5155
vn 0.5383 0.6839 -0.4925
vn 0.4957 0.7303 -0.4701
vn 0.7253 -0.3497 -0.5930
vn 0.7392 -0.2051 -0.6415
vn 0.7763 0.0708 -0.6264
vn 0.6288 -0.7319 -0.2625
vn 0.4404 -0.8318 -0.3378
vn 0.5846 -0.5231 -0.6202
vn 0.7548 -0.2403 -0.6103
vn 0.7760 -0.1680 -0.6080
vn 0.7794 -0.1027 -0.6180
vn 0.7874 -0.0641 -0.6131
vn 0.7877 0.0015 -0.6161
vn 0.7885 0.0076 -0.6149
vn 0.7870 0.0970 -0.6093
vn 0.7873 0.1202 -0.6048
vn 0.7715 0.2096 -0.6007
vn 0.7747 0.2012 -0.5995
vn 0.7590 0.2651 -0.5947
vn 0.7549 0.2977 -0.5844
vn 0.7344 0.3490 -0.5821
vn 0.7277 0.3815 -0.5700
vn 0.7047 0.4279 -0.5659
vn 0.6977 0.4525 -0.5554
vn 0.6710 0.4975 -0.5497
vn 0.6676 0.5083 -0.5440
vn 0.6420 0.5466 -0.5377
vn 0.5089 0.7332 -0.4511
vn 0.6667 -0.4514 -0.5930
vn 0.7735 -0.2463 -0.5839
vn 0.7617 -0.3600 -0.5388
vn 0.5254 -0.6392 -0.5616
vn 0.4293 -0.8321 -0.3510
vn 0.4465 -0.8177 -0.3635
vn 0.4788 -0.7892 -0.3845
vn 0.6835 -0.6191 -0.3866
vn 0.5173 0.6881 0.5088
vn 0.6769 -0.4877 -0.5513
vn 0.7045 -0.3938 -0.5904
vn 0.7427 -0.2876 -0.6047
vn 0.7313 0.0050 -0.6820
vn 0.6124 -0.3033 -0.7301
vn 0.4793 -0.7882 -0.3860
vn 0.5673 -0.7001 -0.4336
vn 0.6370 -0.4730 -0.6087
vn 0.7455 -0.3066 -0.5918
vn 0.8068 -0.1325 -0.5758
vn 0.7862 0.0988 -0.6100
vn 0.6799 0.4940 -0.5420
vn 0.6523 0.5556 -0.5156
vn 0.6052 0.6206 -0.4986
vn 0.5676 0.6579 -0.4949
vn 0.5493 0.6892 -0.4724
vn 0.6245 -0.5824 -0.5204
vn 0.6678 -0.5010 -0.5505
vn 0.8492 -0.0388 -0.5267
vn 0.7246 -0.6388 -0.2588
vn 0.4596 -0.8137 -0.3559
vn 0.4259 -0.8392 -0.3380
vn 0.4312 -0.8372 -0.3363
vn 0.4568 -0.8162 -0.3538
vn 0.4848 -0.7959 -0.3625
vn 0.5415 -0.6865 -0.4852
vn 0.7207 -0.5195 -0.4590
vn 0.7570 -0.3168 -0.5715
vn 0.6671 -0.5164 -0.5369
vn 0.7796 -0.1990 -0.5938
vn 0.6537 0.5546 -0.5149
vn 0.6257 0.5992 -0.4994
vn 0.6067 0.6173 -0.5009
vn 0.5873 0.6481 -0.4847
vn 0.5539 0.6803 -0.4800
vn 0.5106 0.7224 -0.4663
vn 0.6320 -0.6019 -0.4882
vn 0.6971 -0.4655 -0.5453
vn 0.7683 -0.2294 -0.5976
vn 0.7692 -0.2006 -0.6067
vn 0.5578 -0.5344 -0.6351
vn 0.4286 -0.8398 -0.3334
vn 0.4549 -0.8232 -0.3398
vn 0.4844 -0.7960 -0.3629
vn 0.4873 -0.7894 -0.3733
vn 0.5925 -0.7268 -0.3474
vn 0.7011 -0.3862 -0.5994
vn 0.8076 -0.1395 -0.5730
vn 0.8072 -0.0171 -0.5900
vn 0.8121 0.0041 -0.5835
vn 0.8046 0.1057 -0.5844
vn 0.8081 0.0978 -0.5809
vn 0.7947 0.2013 -0.5727
vn 0.7893 0.2136 -0.5757
vn 0.7824 0.2719 -0.5603
vn 0.7629 0.3163 -0.5639
vn 0.7581 0.3580 -0.5450
vn 0.7326 0.4046 -0.5474
vn 0.7261 0.4381 -0.5299
vn 0.6996 0.4783 -0.5308
vn 0.6883 0.5195 -0.5062
vn 0.7761 -0.2183 -0.5916
vn 0.5892 -0.7699 -0.2451
vn 0.4317 -0.8481 -0.3071
vn 0.4319 -0.8477 -0.3080
vn 0.4615 -0.8228 -0.3316
vn 0.4910 -0.8009 -0.3428
vn 0.5664 -0.6517 -0.5046
vn 0.7554 -0.4313 -0.4933
vn 0.7705 -0.2854 -0.5699
vn 0.7927 -0.2463 -0.5577
vn 0.8018 -0.1519 -0.5779
vn 0.8092 -0.1297 -0.5731
vn 0.6924 0.5159 -0.5045
vn 0.6523 0.5786 -0.4897
vn 0.5943 0.6620 -0.4567
vn 0.6364 -0.6198 -0.4592
vn 0.6609 -0.5670 -0.4917
vn 0.7389 -0.4167 -0.5296
vn 0.7511 -0.3635 -0.5511
vn 0.8162 -0.2080 -0.5390
vn 0.7780 -0.4616 -0.4262
vn 0.5121 -0.7160 -0.4744
vn 0.4323 -0.8476 -0.3078
vn 0.4581 -0.8309 -0.3160
vn 0.4913 -0.8009 -0.3422
vn 0.6656 -0.6834 -0.2999
vn 0.8396 -0.0461 -0.5412
vn 0.8341 -0.0148 -0.5515
vn 0.8283 0.0617 -0.5569
vn 0.8344 0.1002 -0.5419
vn 0.8138 0.1618 -0.5582
vn 0.8177 0.2191 -0.5324
vn 0.7921 0.2745 -0.5452
vn 0.7908 0.3244 -0.5191
vn 0.7625 0.3724 -0.5291
vn 0.7578 0.4142 -0.5041
vn 0.7287 0.4548 -0.5120
vn 0.7223 0.4888 -0.4892
vn 0.6900 0.5268 -0.4964
vn 0.6433 0.6152 -0.4557
vn 0.6188 0.6331 -0.4650
vn 0.6215 0.6480 -0.4403
vn 0.5863 -0.6896 -0.4251
vn 0.6226 -0.6317 -0.4618
vn 0.6610 -0.5668 -0.4917
vn 0.7508 -0.4741 -0.4600
vn 0.7722 -0.0063 -0.6354
vn 0.6058 -0.3910 -0.6929
vn 0.4420 -0.8491 -0.2893
vn 0.4888 -0.8065 -0.3327
vn 0.5159 -0.7829 -0.3477
vn 0.5978 -0.5949 -0.5374
vn 0.7561 -0.4094 -0.5106
vn 0.7998 -0.2790 -0.5314
vn 0.8284 -0.1692 -0.5339
vn 0.8307 -0.1643 -0.5320
vn 0.8348 -0.0686 -0.5463
vn 0.6768 0.5676 -0.4688
vn 0.6915 -0.5652 -0.4498
vn 0.7164 -0.4397 -0.5416
vn 0.9045 -0.0069 -0.4265
vn 0.7524 -0.6433 -0.1416
vn 0.4427 -0.8505 -0.2840
vn 0.4996 -0.8104 -0.3061
vn 0.5350 -0.7699 -0.3480
vn 0.7045 -0.6448 -0.2964
vn 0.8016 -0.2763 -0.5302
vn 0.8482 0.0441 -0.5279
vn 0.8424 0.1654 -0.5128
vn 0.8414 0.1673 -0.5139
vn 0.8191 0.2601 -0.5113
vn 0.8212 0.2810 -0.4966
vn 0.7835 0.3789 -0.4924
vn 0.7831 0.3793 -0.4928
vn 0.7511 0.4633 -0.4703
vn 0.7443 0.4695 -0.4750
vn 0.7170 0.5266 -0.4568
vn 0.7074 0.5357 -0.4611
vn 0.6770 0.5946 -0.4337
vn 0.6294 0.6306 -0.4541
vn 0.5647 -0.7326 -0.3800
vn 0.6185 -0.6642 -0.4198
vn 0.6738 -0.5871 -0.4487
vn 0.7881 -0.3786 -0.4854
vn 0.8079 -0.2045 -0.5528
vn 0.5720 -0.5656 -0.5941
vn 0.4291 -0.8624 -0.2685
vn 0.4404 -0.8551 -0.2736
vn 0.4694 -0.8344 -0.2888
vn 0.4844 -0.8195 -0.3063
vn 0.5069 -0.8237 -0.2542
vn 0.6360 -0.5652 -0.5254
vn 0.7894 -0.3646 -0.4938
vn 0.5963 -0.6837 -0.4207
vn 0.7065 -0.5240 -0.4757
vn 0.8350 -0.2599 -0.4850
vn 0.6405 -0.7471 -0.1777
vn 0.4368 -0.8587 -0.2681
vn 0.4491 -0.8480 -0.2814
vn 0.5140 -0.7684 -0.3812
vn 0.7273 -0.6035 -0.3267
vn 0.7962 -0.3666 -0.4813
vn 0.7287 -0.5070 -0.4605
vn 0.8226 -0.2739 -0.4983
vn 0.8259 -0.2656 -0.4973
vn 0.8415 -0.1931 -0.5046
vn 0.8486 -0.1650 -0.5026
vn 0.8597 -0.0275 -0.5100
vn 0.8601 0.0741 -0.5047
vn 0.8547 0.1668 -0.4916
vn 0.8025 0.3828 -0.4577
vn 0.7952 0.3944 -0.4606
vn 0.7584 0.4753 -0.4460
vn 0.6976 0.5824 -0.4173
vn 0.6149 -0.6850 -0.3908
vn 0.7230 -0.5239 -0.4503
vn 0.7384 -0.4827 -0.4709
vn 0.8085 -0.2848 -0.5150
vn 0.7935 -0.4278 -0.4328
vn 0.5309 -0.6994 -0.4786
vn 0.4308 -0.8625 -0.2656
vn 0.5731 -0.7628 -0.2995
vn 0.6779 -0.5119 -0.5276
vn 0.8522 -0.1250 -0.5081
vn 0.8574 -0.0964 -0.5056
vn 0.8596 -0.0285 -0.5102
vn 0.8440 0.2079 -0.4944
vn 0.8354 0.2664 -0.4807
vn 0.8287 0.2819 -0.4835
vn 0.8125 0.3342 -0.4777
vn 0.6685 -0.5994 -0.4402
vn 0.7135 -0.3485 -0.6078
vn 0.5229 -0.8219 -0.2259
vn 0.4819 -0.8264 -0.2914
vn 0.4944 -0.8139 -0.3053
vn 0.5148 -0.7980 -0.3133
vn 0.5571 -0.7222 -0.4100
vn 0.7662 -0.5331 -0.3588
vn 0.8617 0.0690 -0.5027
vn 0.8549 0.1265 -0.5031
vn 0.7749 0.4368 -0.4569
vn 0.7571 0.4792 -0.4441
vn 0.7347 0.5191 -0.4369
vn 0.7221 0.5460 -0.4248
vn 0.7039 0.5690 -0.4252
vn 0.7426 -0.4567 -0.4899
vn 0.8577 -0.1783 -0.4822
vn 0.7642 -0.5802 -0.2815
vn 0.4749 -0.8011 -0.3643
vn 0.4300 -0.8628 -0.2660
vn 0.4489 -0.8477 -0.2827
vn 0.6047 -0.7427 -0.2877
vn 0.6864 -0.5742 -0.4462
vn 0.7920 -0.3627 -0.4911
vn 0.8584 -0.0264 -0.5123
vn 0.8556 0.0323 -0.5166
vn 0.5236 -0.7736 -0.3569
vn 0.5617 -0.7337 -0.3823
vn 0.5925 -0.7025 -0.3942
vn 0.7717 -0.4394 -0.4598
vn 0.7938 -0.1318 -0.5938
vn 0.5731 -0.5144 -0.6379
vn 0.4258 -0.8654 -0.2641
vn 0.4679 -0.8330 -0.2953
vn 0.4965 -0.8098 -0.3124
vn 0.5127 -0.7967 -0.3200
vn 0.5834 -0.6510 -0.4856
vn 0.7987 -0.3341 -0.5005
vn 0.8044 -0.3120 -0.5055
vn 0.8146 -0.2862 -0.5044
vn 0.8397 -0.1605 -0.5189
vn 0.8457 -0.1289 -0.5179
vn 0.8463 -0.0848 -0.5259
vn 0.8468 0.1417 -0.5126
vn 0.8383 0.1853 -0.5128
vn 0.8374 0.2021 -0.5079
vn 0.8258 0.2526 -0.5042
vn 0.7983 0.3554 -0.4862
vn 0.5596 -0.7367 -0.3797
vn 0.6430 -0.6363 -0.4262
vn 0.6769 -0.5939 -0.4348
vn 0.7111 -0.5276 -0.4647
vn 0.8816 -0.1683 -0.4410
vn 0.6986 -0.6992 -0.1521
vn 0.4502 -0.8458 -0.2862
vn 0.4947 -0.8097 -0.3157
vn 0.5145 -0.7924 -0.3275
vn 0.6385 -0.7123 -0.2914
vn 0.7411 -0.4727 -0.4768
vn 0.8430 0.0648 -0.5341
vn 0.7965 0.3554 -0.4891
vn 0.5182 -0.7773 -0.3567
vn 0.7117 -0.5251 -0.4667
vn 0.7813 -0.3537 -0.5143
vn 0.7803 -0.3620 -0.5100
vn 0.5306 -0.6525 -0.5411
vn 0.4828 -0.8156 -0.3190
vn 0.5783 -0.6166 -0.5342
vn 0.8234 -0.2000 -0.5310
vn 0.8238 -0.1985 -0.5310
vn 0.8026 0.2952 -0.5184
vn 0.8037 0.2919 -0.5185
vn 0.7780 0.3890 -0.4934
vn 0.7674 0.4180 -0.4862
vn 0.5511 -0.7413 -0.3831
vn 0.6123 -0.6702 -0.4194
vn 0.6413 -0.6376 -0.4269
vn 0.7555 -0.3254 -0.5686
vn 0.5778 -0.7829 -0.2308
vn 0.4227 -0.8602 -0.2852
vn 0.4423 -0.8472 -0.2942
vn 0.6776 -0.6699 -0.3034
vn 0.8325 -0.0707 -0.5496
vn 0.8266 0.0024 -0.5628
vn 0.8343 0.0586 -0.5482
vn 0.8170 0.1826 -0.5470
vn 0.5202 -0.7730 -0.3631
vn 0.6631 -0.5827 -0.4698
vn 0.6963 -0.5316 -0.4822
vn 0.7255 -0.4541 -0.5172
vn 0.8095 -0.2790 -0.5167
vn 0.7565 -0.5272 -0.3870
vn 0.4890 -0.7572 -0.4330
vn 0.4386 -0.8445 -0.3074
vn 0.4385 -0.8442 -0.3082
vn 0.4796 -0.8127 -0.3308
vn 0.4951 -0.7961 -0.3481
vn 0.5169 -0.7773 -0.3585
vn 0.5898 -0.5796 -0.5623
vn 0.7580 -0.3873 -0.5249
vn 0.7847 -0.3039 -0.5402
vn 0.7836 -0.2848 -0.5521
vn 0.7945 -0.2468 -0.5549
vn 0.8146 -0.1269 -0.5659
vn 0.8150 0.1189 -0.5671
vn 0.8089 0.2076 -0.5501
vn 0.7815 0.3163 -0.5378
vn 0.6012 -0.6706 -0.4346
vn 0.7128 -0.5357 -0.4526
vn 0.7521 -0.0846 -0.6536
vn 0.5469 -0.4652 -0.6961
vn 0.4606 -0.8203 -0.3392
vn 0.5057 -0.7538 -0.4195
vn 0.6994 -0.6044 -0.3815
vn 0.7927 -0.1745 -0.5841
vn 0.8025 -0.1355 -0.5811
vn 0.8040 -0.0032 -0.5946
vn 0.8030 0.1181 -0.5842
vn 0.4909 -0.7959 -0.3544
vn 0.5100 -0.7768 -0.3693
vn 0.5511 -0.7312 -0.4021
vn 0.6210 -0.6270 -0.4704
vn 0.6415 -0.5996 -0.4785
vn 0.7041 -0.4223 -0.5708
vn 0.8688 -0.0893 -0.4871
vn 0.7162 -0.6692 -0.1981
vn 0.4132 -0.8568 -0.3085
vn 0.4257 -0.8484 -0.3147
vn 0.4619 -0.8224 -0.3322
vn 0.4762 -0.7927 -0.3806
vn 0.5326 -0.7583 -0.3759
vn 0.5933 -0.6269 -0.5050
vn 0.7406 -0.3508 -0.5731
vn 0.7450 -0.3312 -0.5791
vn 0.7582 -0.3029 -0.5774
vn 0.7900 -0.0672 -0.6094
vn 0.7927 0.0637 -0.6063
vn 0.7824 0.1742 -0.5980
vn 0.7787 0.2202 -0.5875
vn 0.5677 -0.7041 -0.4265
vn 0.7277 -0.4122 -0.5482
vn 0.7338 -0.3530 -0.5805
vn 0.5067 -0.6214 -0.5976
vn 0.4165 -0.8462 -0.3324
vn 0.7569 -0.2255 -0.6134
vn 0.7635 -0.2029 -0.6131
vn 0.7856 -0.0692 -0.6149
vn 0.5178 -0.7566 -0.3993
vn 0.5239 -0.7496 -0.4044
vn 0.6014 -0.6301 -0.4913
vn 0.6616 -0.5348 -0.5256
vn 0.7019 -0.3002 -0.6460
vn 0.5514 -0.7808 -0.2936
vn 0.4169 -0.8467 -0.3306
vn 0.4392 -0.8207 -0.3655
vn 0.4549 -0.7994 -0.3924
vn 0.4715 -0.7907 -0.3905
vn 0.4769 -0.7843 -0.3969
vn 0.6251 -0.6219 -0.4717
vn 0.6634 -0.4814 -0.5728
vn 0.7183 -0.3401 -0.6069
vn 0.7547 -0.1242 -0.6442
vn 0.7642 0.0774 -0.6403
vn 0.5375 -0.7192 -0.4404
vn 0.5537 -0.7000 -0.4511
vn 0.7610 -0.2784 -0.5859
vn 0.7105 -0.5468 -0.4430
vn 0.4512 -0.7536 -0.4780
vn 0.4108 -0.8370 -0.3615
vn 0.4228 -0.8253 -0.3743
vn 0.4171 -0.8339 -0.3615
vn 0.5124 -0.6199 -0.5943
vn 0.7115 -0.2750 -0.6467
vn 0.7173 -0.2594 -0.6467
vn 0.7501 -0.1219 -0.6499
vn 0.7345 -0.0397 -0.6775
vn 0.7481 0.0027 -0.6636
vn 0.7494 0.0484 -0.6603
vn 0.4813 -0.7951 -0.3690
vn 0.4963 -0.7659 -0.4088
vn 0.5638 -0.6720 -0.4802
vn 0.6175 -0.5755 -0.5363
vn 0.6360 -0.5353 -0.5559
vn 0.6381 -0.5259 -0.5624
vn 0.6933 -0.4013 -0.5986
vn 0.6993 -0.1600 -0.6967
vn 0.4941 -0.4883 -0.7193
vn 0.3959 -0.8480 -0.3524
vn 0.4419 -0.7897 -0.4256
vn 0.4829 -0.7492 -0.4532
vn 0.6343 -0.6467 -0.4235
vn 0.7196 -0.1700 -0.6733
vn 0.2499 -0.9486 0.1942
vn 0.7641 -0.1939 -0.6152
vn 0.6219 -0.7247 -0.2966
vn 0.5150 -0.5437 -0.6628
vn 0.6722 -0.3590 -0.6475
vn 0.6927 -0.2904 -0.6602
vn 0.6961 -0.1444 -0.7033
vn 0.7109 -0.0429 -0.7020
vn 0.4941 -0.7636 -0.4157
vn 0.5105 -0.7285 -0.4568
vn 0.5556 -0.6617 -0.5035
vn 0.5623 -0.6364 -0.5281
vn 0.6269 -0.4966 -0.6003
vn 0.6358 -0.4605 -0.6194
vn 0.6897 -0.3013 -0.6585
vn 0.6865 -0.4376 -0.5808
vn 0.4451 -0.6726 -0.5912
vn 0.3822 -0.8325 -0.4010
vn 0.4092 -0.8222 -0.3957
vn 0.4128 -0.8090 -0.4184
vn 0.4328 -0.7912 -0.4321
vn 0.4323 -0.7752 -0.4605
vn 0.5423 -0.6429 -0.5410
vn 0.6403 -0.5579 -0.5279
vn 0.6677 -0.2730 -0.6926
vn 0.5097 -0.7191 -0.4723
vn 0.5238 -0.6921 -0.4966
vn 0.4616 -0.3239 -0.8259
vn 0.3840 -0.8326 -0.3991
vn 0.5508 -0.5562 -0.6223
vn 0.6391 -0.3155 -0.7014
vn 0.6405 -0.3041 -0.7051
vn 0.6693 -0.1864 -0.7192
vn 0.6768 -0.1592 -0.7187
vn 0.2752 -0.9481 0.1591
vn 0.4745 0.7455 0.4681
vn 0.6336 -0.2955 -0.7150
vn 0.3930 -0.8091 -0.4370
vn 0.3831 -0.8319 -0.4015
vn 0.7305 0.0447 -0.6814
vn 0.5722 -0.5666 -0.5929
vn 0.6274 -0.2693 -0.7306
vn 0.4514 -0.6445 -0.6171
vn 0.5171 -0.6880 -0.5092
vn 0.5363 -0.4537 -0.7117
vn 0.6012 -0.4829 -0.6367
vn 0.5885 -0.2893 -0.7550
vn 0.5962 -0.2949 -0.7467
vn 0.4286 -0.7732 -0.4675
vn 0.4230 -0.7513 -0.5066
vn 0.4212 -0.6772 -0.6033
vn 0.4792 -0.7178 -0.5050
vn 0.4876 -0.4757 -0.7321
vn 0.4100 -0.7749 -0.4811
vn 0.4053 -0.7404 -0.5362
vn 0.3912 -0.8066 -0.4432
vn 0.3980 -0.7832 -0.4778
vn 0.4003 -0.7453 -0.5332
vn 0.3863 -0.7789 -0.4941
vn 0.3828 -0.8281 -0.4095
vn 0.3863 -0.7784 -0.4949
vn 0.7633 -0.5087 -0.3983
vn 0.4875 -0.4583 -0.7432
vn 0.4620 -0.7896 -0.4039
vn 0.3674 -0.7552 -0.5428
vn 0.3651 -0.8220 -0.4372
vn 0.3721 -0.8126 -0.4485
vn 0.6310 -0.3965 -0.6668
vn 0.6233 -0.4003 -0.6717
vn 0.6365 -0.1449 -0.7576
vn 0.7150 -0.3558 -0.6018
vn 0.5429 -0.3674 -0.7552
vn 0.5248 -0.7177 -0.4576
vn 0.3694 -0.6728 -0.6410
vn 0.3640 -0.8071 -0.4649
vn 0.3675 -0.8124 -0.4528
vn 0.3673 -0.8048 -0.4663
vn 0.3866 -0.7783 -0.4947
vn 0.5943 -0.4551 -0.6631
vn 0.5911 -0.4172 -0.6903
vn 0.6274 -0.2303 -0.7438
vn 0.6492 -0.2719 -0.7104
vn 0.5873 -0.2908 -0.7554
vn 0.5756 -0.6614 -0.4809
vn 0.3632 -0.6066 -0.7072
vn 0.3627 -0.8059 -0.4679
vn 0.3821 -0.8082 -0.4481
vn 0.3790 -0.7883 -0.4847
vn 0.5631 -0.5851 -0.5836
vn 0.5861 -0.4794 -0.6532
vn 0.5750 -0.4301 -0.6960
vn 0.6119 -0.2439 -0.7524
vn 0.5992 -0.2079 -0.7732
vn 0.6527 -0.2105 -0.7278
vn 0.6471 -0.5940 -0.4780
vn 0.3707 -0.5378 -0.7572
vn 0.3764 -0.8038 -0.4607
vn 0.3786 -0.8074 -0.4525
vn 0.5564 -0.6174 -0.5561
vn 0.6388 -0.2337 -0.7330
vn 0.5988 -0.0510 -0.7993
vn 0.6825 -0.0723 -0.7273
vn 0.7036 -0.5075 -0.4974
vn 0.3355 -0.4519 -0.8266
vn 0.3553 -0.7998 -0.4838
vn 0.5371 -0.5856 -0.6071
vn 0.5585 -0.5110 -0.6534
vn 0.5723 -0.4361 -0.6945
vn 0.5891 -0.4526 -0.6694
vn 0.5937 -0.4066 -0.6944
vn 0.6056 -0.2399 -0.7588
vn 0.5331 0.0563 -0.8442
vn 0.6715 0.0593 -0.7387
vn 0.7300 -0.4326 -0.5291
vn 0.3713 -0.3873 -0.8439
vn 0.5214 -0.6647 -0.5351
vn 0.5325 -0.5942 -0.6028
vn 0.5455 -0.5437 -0.6378
vn 0.5805 -0.3641 -0.7284
vn 0.5704 -0.3687 -0.7340
vn 0.5826 -0.2266 -0.7806
vn 0.5098 -0.0483 -0.8589
vn 0.6416 -0.0365 -0.7662
vn 0.5702 -0.5414 -0.6179
vn 0.5730 -0.4916 -0.6558
vn 0.5582 -0.2119 -0.8022
vn 0.5425 -0.4214 -0.7267
vn 0.5348 -0.3212 -0.7815
vn 0.5145 -0.6651 -0.5412
vn 0.5154 -0.6475 -0.5614
vn 0.5550 -0.5994 -0.5768
vn 0.5540 -0.5727 -0.6043
vn 0.5422 -0.5680 -0.6192
vn 0.5389 -0.5390 -0.6473
vn 0.5482 -0.5006 -0.6700
vn 0.5389 -0.4582 -0.7068
vn 0.5319 -0.3890 -0.7522
vn 0.5042 -0.6877 -0.5223
vn 0.4951 -0.7244 -0.4797
vn 0.4951 -0.7248 -0.4791
vn 0.5448 -0.6516 -0.5279
vn 0.5399 -0.6417 -0.5448
vn 0.5227 -0.5322 -0.6660
vn 0.5220 -0.4950 -0.6946
vn 0.5363 -0.6945 -0.4796
vn 0.5123 -0.4121 -0.7535
vn 0.4780 -0.7735 -0.4161
vn 0.4811 -0.7797 -0.4008
vn 0.4833 -0.7549 -0.4434
vn 0.5359 -0.6427 -0.5475
vn 0.5311 -0.6353 -0.5606
vn 0.5296 -0.5965 -0.6031
vn 0.3219 -0.6264 -0.7099
vn 0.3722 -0.6181 -0.6924
vn 0.4143 -0.6263 -0.6604
vn 0.4307 -0.6361 -0.6402
vn 0.4313 -0.6462 -0.6296
vn 0.3809 -0.5696 -0.7284
vn 0.4672 -0.6474 -0.6022
vn 0.4706 -0.6700 -0.5741
vn 0.4917 -0.6633 -0.5641
vn 0.4993 -0.6957 -0.5164
vn 0.4304 -0.5862 -0.6864
vn 0.4561 -0.6086 -0.6492
vn 0.5167 -0.6871 -0.5108
vn 0.5274 -0.7053 -0.4736
vn 0.4259 -0.5758 -0.6979
vn 0.4544 -0.5968 -0.6613
vn 0.4786 -0.6218 -0.6200
vn 0.4788 -0.6229 -0.6187
vn 0.5028 -0.6422 -0.5786
vn 0.5419 -0.7289 -0.4183
vn 0.5456 -0.7331 -0.4060
vn 0.5493 -0.7489 -0.3708
vn 0.5482 -0.7606 -0.3479
vn 0.4468 -0.5404 -0.7130
vn 0.5075 -0.6400 -0.5768
vn 0.5241 -0.6607 -0.5375
vn 0.5246 -0.6704 -0.5247
vn 0.5398 -0.7052 -0.4597
vn 0.5527 -0.7685 -0.3223
vn 0.5534 -0.7837 -0.2822
vn 0.4801 -0.5623 -0.6734
vn 0.5375 -0.7133 -0.4499
vn 0.4458 -0.5314 -0.7203
vn 0.4787 -0.5540 -0.6812
vn 0.4971 -0.5806 -0.6448
vn 0.4984 -0.5853 -0.6395
vn 0.5062 -0.5922 -0.6269
vn 0.5128 -0.6245 -0.5892
vn 0.5367 -0.6798 -0.4998
vn 0.4664 -0.5010 -0.7290
vn 0.4864 -0.5155 -0.7054
vn 0.4879 -0.5213 -0.7002
vn 0.5278 -0.6547 -0.5411
vn 0.5210 -0.7870 -0.3305
vn 0.5133 -0.7935 -0.3269
vn 0.5423 -0.7354 -0.4064
vn 0.5418 -0.7659 -0.3462
vn 0.5152 -0.7821 -0.3506
vn 0.4951 -0.4614 -0.7362
vn 0.5070 -0.5298 -0.6799
vn 0.5091 -0.5407 -0.6697
vn 0.5170 -0.5863 -0.6237
vn 0.5191 -0.5931 -0.6155
vn 0.5224 -0.6238 -0.5814
vn 0.5266 -0.6370 -0.5630
vn 0.5313 -0.6661 -0.5235
vn 0.5336 -0.6899 -0.4892
vn 0.5379 -0.7132 -0.4495
vn 0.5403 -0.7425 -0.3959
vn 0.5356 -0.7610 -0.3659
vn 0.5358 -0.6950 -0.4794
vn 0.5364 -0.7212 -0.4384
vn 0.4930 -0.7733 -0.3987
vn 0.4961 -0.7760 -0.3895
vn 0.5143 -0.5546 -0.6541
vn 0.5031 -0.7413 -0.4444
vn 0.5054 -0.7475 -0.4311
vn 0.5085 -0.4811 -0.7141
vn 0.5089 -0.4840 -0.7118
vn 0.5206 -0.7116 -0.4718
vn 0.3841 -0.6364 -0.6689
vn -0.4532 -0.8167 -0.3572
vn -0.5049 -0.8307 -0.2344
vn -0.5469 -0.8115 -0.2059
vn 0.4401 -0.8425 -0.3108
vt 0.750815 -1.367485
vt 0.743982 -1.402149
vt 0.711027 -1.406169
vt -1.313522 -0.009237
vt -1.300872 0.027405
vt -1.368428 -0.010677
vt -1.254276 -0.009062
vt -1.242245 0.026854
vt -1.195445 -0.008872
vt -1.184026 0.026288
vt 0.852922 -1.388858
vt 0.790672 -1.396449
vt 0.773555 -1.335220
vt 0.923801 -1.307348
vt 0.948348 -1.377214
vt 0.837155 1.347091
vt 0.840585 1.386616
vt 0.866372 1.358626
vt 0.866372 -1.358626
vt 0.840585 -1.386616
vt 0.845712 -1.348181
vt 0.812426 -1.390124
vt 0.800998 -1.359309
vt 0.767360 -1.395701
vt 0.771584 -1.343542
vt 0.712407 -1.402454
vt 0.701979 -1.358791
vt 0.674358 -1.383564
vt 0.639023 -1.411366
vt 0.740730 1.399466
vt 0.698513 1.387504
vt 0.668030 1.408058
vt 0.674358 1.383564
vt 0.668030 0.242495
vt 0.674358 0.262154
vt 0.639023 0.262998
vt 0.727993 1.366267
vt 0.701979 1.358791
vt 0.790753 1.393584
vt 0.800571 1.348457
vt 0.756707 1.344210
vt 0.728347 1.332672
vt 0.728347 -1.332672
vt -1.370471 0.022267
vt -1.336145 0.046587
vt -1.374080 0.065358
vt -1.332595 0.085060
vt -1.378462 0.105641
vt -1.323923 0.124285
vt 0.948994 1.323923
vt 0.917217 1.329997
vt 0.921651 1.378462
vt 0.873612 1.383969
vt 0.853201 1.362515
vt 0.854793 1.331093
vt 0.784601 1.321388
vt 0.753420 1.305381
vt 0.753420 -1.305381
vt 0.998281 -0.132554
vt 0.984319 -0.184881
vt 0.970461 -0.127144
vt -1.284562 0.064559
vt 0.904939 1.308707
vt 0.853319 1.298597
vt 0.811628 1.297865
vt 0.777173 1.277095
vt 0.777173 -1.277095
vt -1.276802 0.092892
vt -1.267267 0.121960
vt 0.904567 1.278396
vt 0.837754 1.273716
vt 0.799598 1.247992
vt 0.799598 -1.247992
vt 0.819644 -1.281997
vt -1.226335 0.063255
vt 0.994155 1.267267
vt 0.962555 1.253857
vt 0.902333 1.246743
vt 0.862956 1.249024
vt 0.820703 1.218250
vt 0.820703 -1.218250
vt 0.848676 -1.295478
vt 0.792646 1.392182
vt 0.769961 1.356686
vt 0.726892 1.399860
vt -1.221133 0.100839
vt 0.950494 1.224338
vt 0.894884 1.216048
vt 0.851550 1.203642
vt 0.851550 -1.203642
vt 0.851780 -1.234413
vt -1.309689 -0.110591
vt -1.365730 -0.102753
vt -1.365748 -0.129737
vt -1.168501 0.061900
vt -1.197623 0.138471
vt 1.025762 1.197623
vt 0.992696 1.184289
vt 0.947576 1.193641
vt 0.877283 1.182083
vt 0.877283 0.248117
vt 0.871309 0.268297
vt 0.851550 0.250421
vt 0.871309 -1.202674
vt 0.889783 -1.230114
vt 0.896248 -1.270233
vt 0.889187 -1.324263
vt -1.324263 0.328634
vt -1.328001 0.348554
vt -1.358626 0.331337
vt 0.868227 1.328001
vt 0.811527 1.309016
vt -1.132911 0.008515
vt -1.163777 0.098653
vt 0.941466 1.162638
vt 0.901451 1.159086
vt 0.901451 0.245705
vt 0.889542 0.265743
vt -1.182083 0.248117
vt -1.170723 0.265743
vt -1.202674 0.268297
vt 0.889542 -1.170723
vt 0.910493 -1.289445
vt -1.289445 0.325743
vt -1.298865 0.345587
vt 0.893891 1.298865
vt 0.867056 1.282242
vt -1.119419 0.043088
vt -1.141290 0.135410
vt 1.063598 1.141290
vt 1.031801 1.129350
vt 1.007321 1.115276
vt 0.924383 1.135271
vt -1.135271 0.243202
vt -1.138717 0.263081
vt -1.159086 0.245705
vt 0.906533 -1.138717
vt 0.940570 -1.134051
vt 0.933879 -1.202010
vt 0.930334 -1.254357
vt -1.254357 0.322688
vt -1.269391 0.342433
vt 0.918459 1.269391
vt -1.076635 0.008327
vt -1.102683 0.078161
vt -1.097117 0.114226
vt 0.983256 1.109866
vt 0.946218 1.110936
vt 0.922348 1.106797
vt -1.106797 0.260331
vt 0.922348 -1.106797
vt 0.948765 -1.219175
vt -1.219175 0.319491
vt -1.239694 0.339117
vt 0.941945 1.239694
vt 0.916888 1.223606
vt 0.860577 1.244830
vt -1.044901 0.044607
vt -1.087240 0.151237
vt 1.079356 1.087240
vt 0.967041 1.086271
vt 0.937058 1.075092
vt 0.937058 -1.075092
vt 0.979782 -1.103824
vt 0.966308 -1.182875
vt -1.182875 0.315847
vt -1.209879 0.335663
vt 0.964373 1.209879
vt 0.899289 1.186633
vt -1.021861 0.008143
vt -1.047230 0.076349
vt -1.028404 0.101931
vt 1.082148 1.036394
vt 1.021339 1.057429
vt 1.008839 1.032538
vt 0.950738 1.043714
vt 0.950738 -1.043714
vt 0.985776 -1.180049
vt 0.964373 -1.209879
vt 0.985776 1.180049
vt 0.949437 1.164156
vt -0.980873 0.032419
vt -1.013084 0.130936
vt -1.009181 0.154592
vt 1.117298 1.009181
vt 1.077403 1.009523
vt 0.970094 1.019731
vt 0.970094 -1.019731
vt 0.977146 -1.048246
vt 1.014700 -1.069012
vt 1.001784 -1.145261
vt -1.145261 0.328441
vt -1.149721 0.347546
vt -1.180049 0.332097
vt 0.983668 1.149721
vt -0.944388 0.007926
vt -0.968567 0.073776
vt 1.070979 0.982559
vt 0.992484 0.999613
vt 0.992484 0.248772
vt 0.989484 0.267738
vt 0.970094 0.251715
vt 0.989484 -1.016474
vt 1.016035 -1.110197
vt -1.110197 0.324718
vt -1.120362 0.343652
vt 1.003579 1.120362
vt 0.977436 1.106301
vt -0.934423 0.047896
vt -0.951977 0.115607
vt 1.047332 0.978391
vt 1.012154 0.977354
vt -0.977354 0.245815
vt -0.985278 0.264568
vt -0.999613 0.248772
vt -1.016474 0.267738
vt 1.000951 -0.985278
vt 1.027835 -0.975027
vt 1.029204 -1.075662
vt -1.075662 0.320947
vt -1.091205 0.339698
vt 1.022579 1.091205
vt -0.922648 0.097112
vt 1.142233 0.932101
vt 1.030437 0.954473
vt 1.011625 0.954722
vt -0.954722 0.261391
vt 1.011625 -0.954722
vt 1.042392 -1.039398
vt -1.039398 0.316676
vt -1.062322 0.335705
vt 1.040713 1.062322
vt 1.016415 1.048569
vt 0.973004 1.052723
vt -0.878153 0.030895
vt -0.904612 0.138891
vt -0.932101 0.166733
vt 1.137006 0.907296
vt 1.092878 0.907595
vt 1.047672 0.931376
vt 1.021575 0.924850
vt 1.021575 -0.924850
vt 1.058121 -0.940429
vt -1.033775 0.331692
vt 1.058030 1.033775
vt -0.844429 0.007532
vt -0.866201 0.070244
vt 1.130573 0.882429
vt 1.077747 0.889532
vt 1.030871 0.895696
vt 1.030871 -0.895696
vt -1.000419 0.327675
vt -1.005391 0.345786
vt 1.053644 1.005391
vt 1.042695 0.967820
vt -0.834798 0.045638
vt -0.850832 0.110070
vt 1.045277 0.872042
vt 1.045277 -0.872042
vt 1.052969 -0.894045
vt 1.084983 -0.903072
vt -0.903072 0.300718
vt -0.967813 0.323667
vt -0.977761 0.341573
vt 1.069836 0.977761
vt -0.823505 0.092476
vt -0.821838 0.166502
vt 1.190536 0.821838
vt 1.098822 0.855948
vt 1.064864 0.853347
vt 1.064864 0.248805
vt 1.061348 0.266500
vt 1.045277 0.251918
vt -0.872042 0.251918
vt -0.865242 0.266500
vt -0.894045 0.269835
vt 1.061348 -0.865242
vt -0.936030 0.319680
vt -0.950572 0.337377
vt 1.085333 0.950572
vt -0.783374 0.029446
vt -0.806843 0.132084
vt 1.149141 0.810710
vt 1.081427 0.832748
vt -0.832748 0.245723
vt -0.837220 0.263196
vt -0.853347 0.248805
vt 1.069191 -0.837220
vt 1.091511 -0.821254
vt -0.893729 0.314530
vt -0.923848 0.333208
vt 1.100176 0.923848
vt -0.752950 0.007161
vt -0.770309 0.054190
vt -0.773612 0.074611
vt 1.181397 0.787429
vt 1.127259 0.809337
vt 1.096673 0.811750
vt 1.076540 0.809976
vt -0.809976 0.259928
vt 1.076540 -0.809976
vt -0.894729 0.329076
vt -0.897362 0.346312
vt 1.094443 0.897362
vt 1.082993 0.861071
vt 1.021360 0.943193
vt -0.753394 0.109847
vt 1.110979 0.790695
vt 1.083430 0.783495
vt 1.083430 -0.783495
vt 1.122289 -0.757032
vt -0.757032 0.281877
vt -0.864688 0.324987
vt -0.871687 0.342013
vt 1.108407 0.871687
vt -0.732626 0.088083
vt -0.730843 0.158255
vt 1.164080 0.743529
vt 1.124510 0.769730
vt 1.089887 0.757761
vt 1.089887 -0.757761
vt -0.835503 0.320944
vt -0.846507 0.337762
vt 1.121806 0.846507
vt -0.698851 0.035249
vt -0.718124 0.133346
vt 1.233568 0.730843
vt 1.195831 0.721058
vt 1.140618 0.744039
vt 1.107831 0.740707
vt 1.107831 0.250354
vt 1.108198 0.266995
vt 1.089887 0.253507
vt 1.108198 -0.752523
vt -0.748995 0.294689
vt -0.807158 0.316949
vt -0.821822 0.333560
vt 1.134661 0.821822
vt -0.669134 0.006831
vt -0.685537 0.063725
vt 1.223548 0.699845
vt 1.123032 0.722241
vt -0.722241 0.247239
vt -0.727338 0.263671
vt -0.740707 0.250354
vt -0.752523 0.266995
vt 1.113949 -0.727338
vt -0.738584 0.307110
vt -0.795488 0.329409
vt -0.797311 0.345774
vt 1.127886 0.797311
vt 1.116755 0.761155
vt 1.060117 0.839626
vt -0.673319 0.107367
vt 1.165391 0.700709
vt 1.136518 0.703173
vt 1.119287 0.702858
vt -0.702858 0.260385
vt 1.119287 -0.702858
vt -0.768096 0.325309
vt -0.773656 0.341473
vt 1.140002 0.773656
vt -0.649349 0.083885
vt -0.669017 0.152224
vt 1.206917 0.658753
vt 1.152747 0.682566
vt 1.124216 0.679054
vt 1.124216 -0.679054
vt -0.741490 0.321256
vt -0.750474 0.337223
vt 1.151613 0.750474
vt -0.618660 0.033598
vt -0.626769 0.133260
vt -0.699845 0.178872
vt 1.237601 0.641763
vt 1.196608 0.639099
vt 1.128736 0.655895
vt 1.128736 -0.655895
vt 1.143729 -0.648507
vt -0.679054 0.257136
vt -0.648507 0.266255
vt -0.636527 0.278095
vt -0.708248 0.316395
vt -0.727752 0.333021
vt 1.162723 0.727752
vt -0.614868 -0.000178
vt -0.605852 0.060299
vt -0.641763 0.183132
vt 1.174125 0.641716
vt 1.143163 0.639124
vt -0.639124 0.250734
vt -0.655895 0.253920
vt -0.639359 0.291837
vt -0.703216 0.328864
vt -0.705117 0.344397
vt 1.155036 0.705117
vt 1.165146 0.682173
vt 1.097787 0.720538
vt -0.614478 0.103285
vt -0.610589 0.161236
vt 1.156556 0.622175
vt -0.622175 0.247573
vt -0.625924 0.263025
vt -0.678251 0.324746
vt -0.682173 0.340992
vt -0.573811 0.006448
vt -0.582852 0.085479
vt 1.228052 0.591763
vt 1.201329 0.577424
vt 1.168040 0.604636
vt 1.150862 0.603886
vt -0.603886 0.259697
vt -0.603156 0.297750
vt -0.651896 0.320001
vt -0.661670 0.336001
vt 1.122161 0.621497
vt -0.554488 0.033244
vt -0.562141 0.117595
vt -0.571712 0.153503
vt 1.268093 0.610589
vt 1.252110 0.562922
vt 1.188977 0.578518
vt 1.153746 0.582409
vt -0.582409 0.256388
vt -0.640942 0.331590
vt 1.175392 0.661670
vt 1.177220 0.619328
vt 0.804133 -0.291749
vt 0.769457 -0.293798
vt 0.762907 -0.311752
vt -0.655802 -0.222005
vt -0.637446 -0.227429
vt -0.648630 -0.219225
vt -0.660840 -0.213206
vt 0.684507 0.521668
vt 0.660840 0.536042
vt 0.718989 0.524931
vt 0.378609 -0.040979
vt 0.404283 -0.043466
vt 0.383344 -0.022564
vt -0.321884 -0.337759
vt -0.295521 -0.341163
vt -0.294040 -0.316635
vt 0.948348 -0.171029
vt 1.033864 -0.150647
vt 1.039524 -0.102753
vt 0.981960 0.054612
vt 1.032981 0.056530
vt 0.990950 0.020061
vt -0.969192 0.285253
vt -0.990281 0.326199
vt -1.015727 0.320369
vt 0.055296 0.252490
vt 0.033800 0.285253
vt 0.042265 0.260140
vt 0.949551 -0.064206
vt 0.959117 -0.055296
vt 0.971226 -0.064745
vt 0.873612 0.145553
vt 0.827236 0.176448
vt 0.743982 -0.210916
vt 1.034714 -0.074684
vt 0.740730 0.219790
vt 0.711027 -0.218649
vt 0.548239 -0.583916
vt -0.487520 -0.549437
vt 0.648630 -0.540403
vt -0.256980 -0.380080
vt -0.216832 -0.376659
vt -0.250111 -0.347311
vt 0.875663 -0.478760
vt 0.851107 -0.492025
vt 0.820653 -0.502715
vt 0.963253 -0.404283
vt 0.769367 -0.514299
vt 0.976789 -0.383344
vt 1.115204 0.184692
vt 1.063934 0.165865
vt 1.084241 0.205971
vt -0.284303 -0.309360
vt -0.149683 -0.427159
vt 0.382521 0.332741
vt -0.189110 -0.398694
vt -1.117047 0.149683
vt -0.487520 0.549437
vt 0.644097 0.177480
vt -0.968307 0.431968
vt -0.947929 0.457824
vt -0.908071 -0.121127
vt -0.875663 -0.124755
vt -0.902279 -0.105080
vt -0.845217 -0.152675
vt -0.838416 -0.148165
vt -0.851107 -0.140806
vt 0.706090 -0.377906
vt 0.747235 -0.337142
vt 1.048737 0.110278
vt 1.010315 0.088013
vt 1.041804 0.130277
vt 1.136051 0.534037
vt 1.168468 0.502451
vt 1.140117 0.466237
vt 0.932568 1.129970
vt 0.768728 -0.255980
vt 0.777216 -0.236192
vt 0.754589 -0.237222
vt 0.777216 1.380641
vt 0.773555 1.335220
vt 0.750815 1.367485
vt 0.804111 -0.234815
vt 0.804111 1.354245
vt 0.802513 1.314783
vt 0.802513 -1.314783
vt -1.367027 -0.042170
vt 0.820938 -0.272072
vt 0.772084 -0.274940
vt 0.833985 -0.252295
vt -1.334926 -0.252295
vt -1.326995 -0.233279
vt -1.354245 -0.234815
vt 0.829845 1.326995
vt 0.830864 1.293847
vt 0.830864 -1.293847
vt -1.324576 -0.046499
vt 0.626197 -1.417890
vt 0.670523 -1.382911
vt 0.653679 -1.414475
vt 0.713410 -1.387902
vt 0.706090 -1.407907
vt 0.761943 -0.358216
vt 0.798505 -0.328016
vt 0.816294 -0.309004
vt -1.299012 -0.231598
vt 0.854393 1.299012
vt 0.858573 1.272447
vt 0.858573 -1.272447
vt -1.326767 -0.083176
vt -1.366111 -0.074684
vt 0.720340 -1.352670
vt 0.744304 -1.350410
vt 0.766186 -1.347789
vt 0.713410 -0.391588
vt 0.766186 -0.380843
vt -1.373738 -0.358216
vt -1.337831 -0.344552
vt -1.358028 -0.328016
vt -1.348986 -0.309004
vt -1.309672 -0.287618
vt -1.367128 -0.291749
vt -1.351975 -0.272072
vt -1.295821 -0.268148
vt -1.277865 -0.248466
vt -1.270409 -0.229785
vt -1.272447 -0.211673
vt 0.877731 -0.229785
vt 0.885613 -0.209958
vt 0.858573 -0.211673
vt 0.885613 -1.250628
vt 0.989882 -1.294639
vt -1.281360 -0.082009
vt -1.261767 -0.045115
vt -1.347789 -0.380843
vt -1.315895 -0.360513
vt -1.302025 -0.323504
vt -1.292499 -0.304550
vt -1.241288 -0.227857
vt -1.250628 -0.209958
vt 0.899843 -0.227857
vt 0.911957 -0.208145
vt 0.911957 -1.228432
vt 1.061060 -1.335135
vt 1.033864 -1.366746
vt -1.366746 -0.150647
vt -1.335135 -0.149143
vt -1.305427 -0.129079
vt 0.700811 -1.355145
vt 0.758071 -1.295322
vt 0.776503 -1.298810
vt 0.799294 -1.295961
vt 0.820108 -1.292493
vt -1.292493 -0.375872
vt -1.281196 -0.339586
vt -1.251924 -0.282951
vt -1.237770 -0.263640
vt -1.218333 -0.244092
vt -1.211733 -0.225828
vt -1.228432 -0.208145
vt 0.920703 -0.225828
vt 0.937590 -0.206245
vt 0.937590 -1.205909
vt 1.052584 -1.265150
vt 1.092523 -1.288148
vt -1.288148 -0.146975
vt -1.198949 -0.070528
vt -1.201725 -0.044171
vt -1.258817 -0.355092
vt -1.244087 -0.318255
vt -1.234312 -0.299444
vt -1.181792 -0.223713
vt -1.205909 -0.206245
vt 0.940268 -1.181792
vt 0.962498 -1.183109
vt 1.047535 -1.183465
vt -1.214249 -0.125139
vt -1.220463 -0.098436
vt -1.146267 -0.017128
vt 0.804519 -1.237716
vt 0.830336 -1.229808
vt 0.849847 -1.239172
vt -1.239172 -0.387558
vt -1.235094 -0.370006
vt -1.222942 -0.333894
vt -1.193137 -0.277780
vt -1.178707 -0.258686
vt -1.156384 -0.239266
vt -1.151443 -0.221526
vt 0.958439 -1.151443
vt 0.986676 -1.160085
vt 1.097752 -1.208932
vt 1.131724 -1.224545
vt -1.224545 -0.143931
vt -1.142670 -0.043222
vt -1.200418 -0.348965
vt -1.185262 -0.312451
vt -1.175392 -0.293844
vt -1.120475 -0.219282
vt 0.974941 -1.120475
vt 1.010121 -1.136889
vt -1.159551 -0.096301
vt -1.063509 -0.016505
vt 0.876632 -1.172564
vt 0.905713 -1.179654
vt -1.179654 -0.371867
vt -1.153566 -0.334498
vt -1.107527 -0.269384
vt -1.119281 -0.253412
vt -1.116911 -0.235724
vt 0.971027 1.156384
vt 0.995265 1.116911
vt 0.974941 1.120475
vt 0.988515 1.087630
vt 0.988515 -1.087630
vt 1.033259 -1.113688
vt 1.140032 -1.154609
vt 1.158400 -1.177959
vt -1.177959 -0.141591
vt -1.100833 -0.076821
vt -1.084999 -0.042257
vt 0.859734 -1.155815
vt -1.100433 -0.303211
vt -1.116616 -0.287916
vt 1.004700 1.059037
vt 1.004700 -1.059037
vt 1.132701 -1.082522
vt 1.175175 -1.147362
vt -1.147362 -0.140023
vt -1.093197 -0.119609
vt -1.080058 -0.101717
vt 0.920093 -1.114461
vt -1.114461 -0.396785
vt -1.121269 -0.364723
vt -1.079903 -0.317898
vt -1.059965 -0.247930
vt -1.059245 -0.230919
vt 1.027969 1.059245
vt 1.026736 1.037501
vt 1.026736 -1.037501
vt 1.106095 -1.033556
vt 1.168416 -1.115886
vt 1.191169 -1.117184
vt -1.117184 -0.138450
vt -1.043274 -0.058276
vt -0.996178 -0.032273
vt 0.891170 -1.101743
vt -1.058312 -0.332055
vt -1.033067 -0.278756
vt -1.030425 -0.228380
vt -1.037501 -0.212329
vt 1.043090 -0.228380
vt 1.048116 -0.209975
vt 1.026736 -0.212329
vt 1.048116 -1.015900
vt 1.187388 -1.089372
vt 1.206430 -1.087466
vt -1.087466 -0.136877
vt -1.009678 -0.082104
vt -0.955304 -0.015761
vt -1.057350 -0.388894
vt -1.040663 -0.362627
vt -1.035868 -0.345681
vt -0.991147 -0.257553
vt -1.001546 -0.242354
vt -1.001849 -0.225835
vt -1.015900 -0.209975
vt -0.994274 -0.207619
vt 1.068850 -0.994274
vt 1.205652 -1.063088
vt -1.089372 -0.155001
vt -1.063088 -0.153233
vt -1.058242 -0.135310
vt -0.962740 -0.056256
vt 0.939079 -1.046499
vt 0.959003 -1.057350
vt -0.986742 -0.290171
vt -0.973485 -0.223292
vt -0.972661 -0.205267
vt 1.088952 -0.972661
vt 1.209194 -0.971577
vt 1.223238 -1.037067
vt -1.037067 -0.151472
vt -1.025276 -0.133329
vt -0.972542 -0.105762
vt -1.001394 -0.380820
vt -0.967338 -0.304199
vt -0.943928 -0.236713
vt -0.945212 -0.220759
vt 1.070418 -0.973485
vt 1.082407 -0.945212
vt 1.108436 -0.951098
vt 1.160437 -0.932760
vt 1.244802 -1.003334
vt -1.003334 -0.149069
vt -0.891251 -0.030808
vt 0.928463 -1.029272
vt 0.973764 -0.979868
vt 0.994739 -1.001394
vt -0.946898 -0.317731
vt -0.920713 -0.266247
vt -0.916598 -0.218243
vt 1.092662 -0.916598
vt 1.127314 -0.929615
vt -0.901420 -0.078333
vt -0.854146 -0.015067
vt -0.924234 -0.369007
vt -0.930635 -0.347168
vt -0.925633 -0.330766
vt -0.875370 -0.245449
vt -0.910508 -0.233195
vt 1.110412 0.910508
vt 1.099179 0.886113
vt 1.092662 0.916598
vt 1.099179 -0.886113
vt 1.211397 -0.866336
vt 1.241697 -0.934569
vt 1.273209 -0.942287
vt -0.942287 -0.145401
vt -0.907170 -0.126833
vt -0.858932 -0.053682
vt 0.983186 -0.905085
vt 1.022363 -0.903058
vt 1.041619 -0.924234
vt -0.877263 -0.277108
vt -0.884385 -0.230536
vt 1.122362 0.884385
vt 1.117749 0.866265
vt 1.117749 -0.866265
vt -0.865883 -0.100891
vt 1.001436 -0.893230
vt -0.859181 -0.290560
vt -0.858699 -0.227904
vt -0.866265 -0.213274
vt -0.846491 -0.210827
vt 1.135763 -0.846491
vt 1.272002 -0.886530
vt 1.290206 -0.903543
vt -0.903543 -0.142888
vt -0.792948 -0.034628
vt -0.839898 -0.303534
vt -0.814250 -0.254007
vt -0.833411 -0.225302
vt -0.826810 -0.208408
vt 1.153227 -0.826810
vt 1.301193 -0.877776
vt -0.877776 -0.141224
vt -0.801961 -0.074763
vt -0.761433 -0.014413
vt -0.817864 -0.352787
vt -0.824495 -0.331830
vt -0.819829 -0.316051
vt -0.805348 -0.237634
vt -0.808451 -0.222730
vt -0.807238 -0.206016
vt 1.170148 -0.807238
vt 1.276313 -0.805377
vt 1.292812 -0.852599
vt 1.311693 -0.852541
vt -0.852541 -0.139578
vt -0.805541 -0.121035
vt -0.769057 -0.058607
vt 1.083838 -0.797895
vt 1.101872 -0.817864
vt -0.776163 -0.264605
vt -0.783662 -0.220186
vt 1.162588 -0.783662
vt 1.186529 -0.787790
vt 1.306556 -0.830087
vt -0.830087 -0.154247
vt -0.827822 -0.137949
vt -0.768924 -0.096289
vt 1.054790 -0.790010
vt -0.760101 -0.277611
vt -0.774301 -0.234019
vt -0.758527 -0.217671
vt 1.169366 -0.758527
vt 1.202301 -0.768430
vt 1.261039 -0.725332
vt 1.319755 -0.807879
vt -0.807879 -0.152450
vt -0.803605 -0.136336
vt -0.711012 -0.035500
vt 1.040850 -0.751176
vt -0.742896 -0.290175
vt -0.746899 -0.245850
vt -0.751091 -0.231360
vt -0.733937 -0.215182
vt 1.175547 -0.733937
vt 1.332411 -0.785970
vt -0.785970 -0.150669
vt -0.779874 -0.134737
vt -0.710975 -0.066788
vt -0.676527 -0.013763
vt -0.722284 -0.337712
vt -0.728883 -0.317496
vt -0.725068 -0.302327
vt -0.728284 -0.228728
vt 1.185457 0.751091
vt 1.194430 0.728284
vt 1.175547 0.733937
vt 1.194430 -0.228728
vt 1.191196 -0.212716
vt 1.175547 -0.215182
vt 1.191196 -0.715927
vt 1.317020 -0.729387
vt 1.343940 -0.764030
vt -0.764030 -0.148903
vt -0.740677 -0.124717
vt -0.797895 -0.378760
vt -0.704367 -0.362914
vt -0.685836 -0.252785
vt -0.701600 -0.240237
vt -0.705839 -0.226120
vt -0.715927 -0.212716
vt -0.698012 -0.210272
vt 1.206300 -0.698012
vt 1.356575 -0.729014
vt -0.729014 -0.146269
vt -0.703117 -0.092893
vt 1.092168 -0.697510
vt 1.118056 -0.695473
vt 1.136118 -0.704367
vt -0.672019 -0.265412
vt -0.683694 -0.223532
vt -0.680202 -0.207846
vt 1.220853 -0.680202
vt 1.340332 -0.703531
vt -0.696306 -0.121776
vt -0.653747 -0.041438
vt -0.656084 -0.277573
vt -0.656673 -0.234586
vt -0.661741 -0.220960
vt 1.216827 -0.661741
vt 1.234847 -0.662499
vt 1.371334 -0.684586
vt -0.684586 -0.142856
vt -0.646493 -0.104284
vt -0.653112 -0.076130
vt 1.092493 -0.651785
vt -0.660603 -0.327149
vt -0.642406 -0.303243
vt -0.638506 -0.288485
vt -0.639704 -0.218402
vt 1.221842 -0.639704
vt 1.248271 -0.644911
vt 1.296487 -0.625382
vt 1.331454 -0.633893
vt 1.361456 -0.663049
vt -0.654005 -0.139668
vt -0.615157 -0.060228
vt -0.610207 -0.033371
vt 1.080863 -0.628420
vt -0.643273 -0.351526
vt -0.605880 -0.241108
vt -0.630489 -0.231051
vt -0.616317 -0.215855
vt 1.222707 -0.616317
vt 1.256118 -0.585165
vt 1.381029 -0.654005
vt -0.619046 -0.088194
vt -0.560510 -0.019287
vt 1.135120 -0.610756
vt 1.164186 -0.605495
vt 1.168776 -0.643273
vt -0.616747 -0.318450
vt -0.609745 -0.255117
vt -0.610018 -0.228357
vt 1.234402 0.630489
vt 1.240828 0.610018
vt 1.222707 0.616317
vt -0.599758 -0.213315
vt 1.235880 -0.599758
vt 1.375281 -0.634700
vt -0.663049 -0.155924
vt -0.634700 -0.153341
vt -0.632203 -0.138524
vt -0.606022 -0.125472
vt -0.581189 -0.050059
vt -0.498271 0.023689
vt -0.531811 0.007657
vt -0.453738 0.043591
vt -0.518061 0.043844
vt -0.378158 0.082636
vt -0.402280 0.097621
vt -0.402947 0.060529
vt -0.306940 0.116165
vt -0.362134 0.136394
vt -0.335820 0.097313
vt 0.980323 -0.042246
vt 1.007304 -0.027651
vt 0.653679 -0.413064
vt 1.042142 -0.223301
vt 1.058965 -0.259729
vt 0.963586 -0.114072
vt 0.660637 0.155300
vt -0.543378 0.068926
vt -0.474887 0.064490
vt -0.509490 0.072610
vt -0.437152 0.073703
vt -0.479315 0.092214
vt -0.527915 0.099049
vt -0.441656 0.102056
vt -0.498555 0.123169
vt -0.454170 0.127630
vt -0.532650 0.142247
vt -0.369243 0.107171
vt -0.404729 0.125719
vt -0.471976 0.162073
vt -0.495232 0.159949
vt -0.524304 0.176481
vt -0.562922 0.188402
vt -0.417313 0.156874
vt -0.292662 0.137446
vt -0.366674 0.162028
vt -0.418023 0.179896
vt -0.457099 0.192475
vt 1.291628 0.471976
vt 1.262327 0.457099
vt 1.271563 0.524304
vt 1.244967 0.495693
vt 1.224011 0.533527
vt -0.299928 0.160482
vt -0.251631 0.147431
vt -0.271270 0.168200
vt -0.362150 0.190470
vt 1.262284 0.362150
vt 1.251193 0.398514
vt 1.276201 0.418023
vt 1.235943 0.436948
vt 1.214979 0.475088
vt 1.198157 0.528605
vt 1.181764 0.548628
vt 1.165159 0.564318
vt -0.290414 0.189053
vt -0.315521 0.200953
vt 1.245187 0.315521
vt 1.284040 0.299928
vt 1.197161 0.492616
vt 1.183444 0.509784
vt 1.165013 0.524730
vt 1.165008 0.548054
vt -0.548054 0.259692
vt -0.571538 0.265611
vt -0.564318 0.250542
vt -0.214175 0.162214
vt -0.233352 0.183238
vt 1.230450 0.351327
vt 1.228649 0.388450
vt 1.210302 0.433321
vt 1.197196 0.453513
vt 1.182955 0.470425
vt 1.173332 0.489143
vt -0.489143 0.256514
vt -0.512496 0.262545
vt -0.509784 0.247647
vt 1.183444 0.247647
vt 1.174247 0.262545
vt 1.165013 0.253704
vt -0.524730 0.253704
vt -0.570982 0.277651
vt 1.247309 0.233352
vt 1.230119 0.252387
vt 1.271889 0.271270
vt 1.254830 0.290414
vt 1.206696 0.363481
vt 1.205739 0.395972
vt 1.195298 0.414187
vt 1.178019 0.430108
vt 1.178991 0.452441
vt -0.452441 0.258899
vt -0.475812 0.264991
vt -0.470425 0.250280
vt -0.526645 0.284976
vt -0.177129 0.176188
vt -0.195755 0.197479
vt 1.222209 0.285392
vt 1.208936 0.330729
vt 1.191385 0.374787
vt 1.177748 0.391747
vt -0.391747 0.254137
vt -0.414763 0.260787
vt -0.414187 0.245951
vt -0.430108 0.252669
vt -0.464764 0.281065
vt -0.560555 0.306030
vt 1.218981 0.195755
vt 1.209903 0.239625
vt 1.197443 0.276167
vt 1.198999 0.307081
vt 1.185532 0.335518
vt 1.175842 0.353527
vt -0.353527 0.255248
vt -0.376314 0.262117
vt -0.374787 0.247410
vt -0.410907 0.272275
vt -0.505582 0.298232
vt -0.591453 0.319788
vt -0.616132 0.325728
vt 1.200764 0.140865
vt 1.199617 0.184268
vt 1.232363 0.177129
vt 1.178493 0.296739
vt 1.170758 0.315000
vt -0.315000 0.255804
vt -0.337385 0.262857
vt -0.335518 0.248320
vt -0.375437 0.280782
vt -0.416287 0.291170
vt -0.457045 0.304195
vt -0.502629 0.316719
vt -0.551529 0.322569
vt -0.576203 0.328690
vt -0.599019 0.334716
vt -0.619328 0.341702
vt 1.184621 0.640942
vt 1.169938 0.140861
vt 1.176784 0.204730
vt 1.157336 0.239194
vt 1.171457 0.258809
vt 1.165369 0.277137
vt -0.277137 0.256284
vt -0.298470 0.263117
vt -0.296739 0.248852
vt -0.339233 0.282000
vt -0.510629 0.324867
vt -0.535283 0.331204
vt -0.556665 0.337432
vt -0.573968 0.346283
vt 1.178642 0.573968
vt 1.188532 0.599019
vt 1.196336 0.107571
vt 1.150045 0.099321
vt 1.157038 0.164004
vt 1.161901 0.221233
vt -0.239194 0.256467
vt -0.260491 0.263430
vt -0.258809 0.249331
vt -0.297470 0.274556
vt -0.384443 0.302603
vt -0.439719 0.319052
vt -0.468863 0.326585
vt -0.492690 0.333175
vt -0.514814 0.340326
vt 1.199798 0.535283
vt 1.191134 0.514814
vt 1.190942 0.556665
vt 1.149768 0.184217
vt 1.144881 0.201918
vt -0.201918 0.255451
vt -0.222447 0.262911
vt -0.221233 0.249010
vt -0.258121 0.278697
vt -0.315412 0.302735
vt -0.344689 0.303038
vt -0.397921 0.319853
vt -0.426402 0.327631
vt -0.449581 0.334505
vt -0.468047 0.342917
vt 1.188853 0.468047
vt 1.200163 0.492690
vt 1.127813 0.114589
vt 1.135034 0.147973
vt 1.128380 0.164919
vt -0.164919 0.253843
vt -0.183879 0.261384
vt -0.184217 0.247907
vt -0.215730 0.273087
vt -0.273029 0.299926
vt -0.359550 0.320638
vt -0.383490 0.327931
vt -0.406341 0.335106
vt -0.422627 0.344318
vt 1.184240 0.422627
vt 1.197808 0.449581
vt 1.144903 0.066116
vt 1.096724 0.046062
vt 1.101900 0.077693
vt 1.113704 0.129500
vt 1.120229 0.147863
vt -0.147863 0.259445
vt -0.203150 0.289137
vt -0.240394 0.300692
vt -0.317028 0.319924
vt -0.340460 0.327456
vt -0.362405 0.335550
vt -0.384153 0.342797
vt 1.180340 0.384153
vt 1.193061 0.406341
vt 1.097731 0.095207
vt 1.098513 0.112150
vt -0.112150 0.256669
vt -0.130757 0.264711
vt -0.129500 0.251538
vt -0.161428 0.283508
vt -0.296381 0.325794
vt -0.320299 0.333957
vt -0.341040 0.342040
vt 1.065238 0.035415
vt 1.078994 0.062047
vt 1.074534 0.077927
vt -1.074534 0.253364
vt -1.087345 0.261480
vt -1.097731 0.248651
vt -0.095207 0.248651
vt -0.095478 0.261480
vt -0.124508 0.280345
vt -0.187182 0.308080
vt -0.220301 0.321883
vt -0.256687 0.325404
vt -0.278534 0.332888
vt -0.299299 0.340878
vt 1.176027 0.320299
vt 1.161281 0.299299
vt 1.171832 0.341040
vt 1.185266 0.362405
vt 1.136363 0.398867
vt 1.066916 0.003666
vt 1.045324 0.002618
vt 1.058225 0.045794
vt 1.062241 0.061839
vt -0.061839 0.257784
vt -0.080862 0.272515
vt -0.077927 0.253364
vt -0.145910 0.307748
vt -0.237454 0.331242
vt -0.260603 0.339864
vt 1.166093 0.278534
vt 1.151872 0.260603
vt 1.128835 0.352642
vt 1.038957 0.014905
vt 1.036201 0.029996
vt -1.036201 0.253787
vt -1.049111 0.261925
vt -1.058225 0.249684
vt -0.045794 0.249684
vt -0.045963 0.261925
vt -0.107727 0.291298
vt -0.162907 0.324002
vt -0.196731 0.328634
vt -0.217087 0.336677
vt 1.138681 0.217087
vt 1.129017 0.247568
vt 1.153987 0.237454
vt 1.113413 0.292810
vt 1.018588 0.000000
vt 1.022646 0.014852
vt -0.014852 0.257650
vt -0.032657 0.272240
vt -0.029996 0.253787
vt -0.065296 0.288914
vt -0.100703 0.305927
vt -0.177292 0.333439
vt 1.122671 0.177292
vt 1.136711 0.196731
vt 1.092536 0.225052
vt 0.996496 -0.014393
vt -0.996496 0.253320
vt -1.008648 0.261292
vt -1.018588 0.249653
vt -0.000000 0.249653
vt -0.000000 0.261292
vt -0.106858 0.323491
vt -0.128830 0.331214
vt -0.149678 0.339105
vt 1.098351 0.149678
vt 0.980543 -0.031224
vt 0.014393 0.253320
vt 0.031224 0.256980
vt -0.012232 0.289725
vt -0.049572 0.304458
vt -0.082942 0.326645
vt -0.959117 0.252490
vt -0.968795 0.260140
vt -0.980323 0.249082
vt 0.968795 -0.042265
vt -0.091104 0.337881
vt 1.056030 0.091104
vt 1.093777 0.128830
vt 0.064206 0.254916
vt -0.029888 0.320369
vt -0.056530 0.332566
vt 1.060691 0.082942
vt 0.790753 0.197007
vt 0.921651 0.105641
vt 0.960359 0.065358
vt -0.008308 0.326199
vt -0.020061 0.336705
vt -0.990950 0.336705
vt -1.032981 0.332566
vt 0.992821 0.022267
vt 0.790672 -0.200843
vt 1.011689 -0.010677
vt 0.852922 -0.190155
vt 1.025188 -0.042170
vt 1.040464 -0.129737
vt 0.712407 0.280422
vt 0.726892 0.398924
vt 0.088563 0.386387
vt 0.767360 0.297871
vt 0.792646 0.363444
vt 0.812426 0.315914
vt 0.840585 0.333765
vt 0.626197 -0.427162
vt -0.059651 -0.427162
vt 0.357315 0.002548
vt 0.327791 0.030061
vt 0.322246 0.014124
vt 0.667337 0.526686
vt 0.526686 -0.216552
vt 0.536084 -0.222005
vt 0.536042 -0.213206
vt 0.708973 0.504213
vt 0.845217 0.488235
vt 0.820653 0.502715
vt 0.838416 0.497827
vt 0.345078 -0.009513
vt 0.188090 0.116695
vt 0.243550 0.104566
vt 0.184881 0.154284
vt 0.293377 0.061125
vt 0.287195 0.043430
vt -1.031902 0.406507
vt -0.986674 0.436399
vt -1.007656 0.401896
vt 0.541340 0.394577
vt 0.555491 0.359135
vt 0.504623 0.459480
vt 0.526234 0.425424
vt 0.467193 0.505109
vt 0.482931 0.487592
vt 0.402998 0.562532
vt 0.434591 0.536635
vt 0.297548 0.623000
vt 0.328872 0.608795
vt 0.369639 0.585384
vt -0.994523 0.390015
vt -1.022172 0.330443
vt -1.049580 0.260501
vt -1.040350 0.282186
vt -1.088002 0.195347
vt -0.664009 -1.174435
vt 0.685628 0.126039
vt -0.059651 -1.500608
vt 0.760325 0.056905
vt 0.871495 -0.029356
vt 1.095662 -0.571451
vt 1.106855 -0.495834
vt 1.108283 -0.447951
vt 1.081248 -0.309116
vt 1.105093 -0.404408
vt 0.926265 -0.077011
vt 0.991545 -0.146284
vt 1.097103 -0.360703
vt 0.723560 0.088323
vt 1.024494 -0.192004
vt 0.568542 0.328707
vt 0.607473 0.240819
vt 0.629755 0.199851
vt 0.960412 -0.090007
vt 1.174435 -0.427162
vt 1.107483 0.359642
vt 1.000240 -0.293377
vt 0.996627 -0.327791
vt 0.718989 -0.524931
vt 0.988664 -0.357315
vt 1.118121 -0.565196
vt 1.126786 -0.513357
vt 1.143246 -0.534468
vt 1.158272 -0.554985
vt 1.131710 -0.466963
vt 1.133133 -0.404845
vt 1.145569 -0.427339
vt 1.159613 -0.481053
vt 1.178526 -0.512804
vt 1.189242 -0.553493
vt 1.191555 -0.600602
vt -0.600602 -0.341762
vt 1.133390 -0.365727
vt 1.119423 -0.318903
vt 1.179787 -0.434620
vt 1.195936 -0.469857
vt 1.208252 -0.510957
vt -0.553493 -0.356426
vt -0.560736 -0.331178
vt 1.093065 -0.251439
vt 1.175285 -0.384078
vt -0.510957 -0.345301
vt -0.576735 -0.307840
vt 1.026029 -0.151019
vt 1.042665 -0.180501
vt 1.070374 -0.211675
vt 1.123444 -0.232957
vt 1.142149 -0.313916
vt 1.165747 -0.351351
vt 1.209908 -0.426310
vt 1.224152 -0.467693
vt -0.518094 -0.319908
vt -0.582779 -0.288921
vt 0.781720 0.108743
vt 0.808854 0.086249
vt 0.827029 0.053774
vt 0.927003 -0.020575
vt 0.951375 -0.055249
vt 0.977850 -0.094055
vt 1.026895 -0.121406
vt 1.170792 -0.321951
vt 1.206046 -0.383292
vt -0.467693 -0.333429
vt -0.534568 -0.296547
vt -0.585935 -0.268745
vt 1.063649 -0.152082
vt 1.090593 -0.192187
vt 1.198847 -0.340773
vt -0.426310 -0.348794
vt -0.423859 -0.320776
vt -0.474743 -0.307941
vt -0.540555 -0.277567
vt 0.758859 0.172620
vt 0.767614 0.142005
vt 1.015072 -0.094811
vt 1.152087 -0.238589
vt 1.174335 -0.286385
vt -0.383292 -0.349294
vt -0.381311 -0.321592
vt -0.491245 -0.284606
vt -0.544578 -0.256968
vt -0.567078 -0.243630
vt 0.886485 0.048442
vt 1.001992 -0.059302
vt 1.098917 -0.152772
vt 1.125550 -0.192859
vt 1.178745 -0.253949
vt 1.204487 -0.266195
vt 1.225927 -0.339953
vt -0.339953 -0.321835
vt -0.430882 -0.295267
vt -0.496995 -0.265625
vt -0.574351 -0.232178
vt -0.587623 -0.222764
vt 0.971986 -0.016058
vt 1.050647 -0.095372
vt 1.077252 -0.105579
vt -0.388909 -0.296365
vt -0.447304 -0.271970
vt -0.492088 -0.250397
vt -0.507351 -0.241042
vt -0.537464 -0.235741
vt -0.552182 -0.226460
vt -0.563372 -0.217098
vt -0.585165 -0.207859
vt 1.245484 -0.222764
vt 1.256118 -0.207859
vt 1.235880 -0.213315
vt 0.696381 0.256226
vt 0.738803 0.208575
vt 0.860638 0.088549
vt 1.026790 -0.045914
vt 1.131372 -0.153030
vt 1.157415 -0.192961
vt 1.179758 -0.223260
vt -0.266195 -0.325595
vt -0.304857 -0.311208
vt -0.349862 -0.297709
vt -0.396579 -0.278212
vt -0.452568 -0.253010
vt -0.515236 -0.229839
vt -0.529248 -0.220642
vt -0.545254 -0.211356
vt 1.258501 -0.545254
vt 1.278076 -0.569017
vt 1.245431 -0.563372
vt 0.844267 0.118607
vt 0.894168 0.085051
vt 0.929102 0.061234
vt 1.110541 -0.114425
vt 1.206999 -0.232986
vt -0.270643 -0.299177
vt -0.355421 -0.279118
vt -0.403009 -0.258541
vt -0.444721 -0.237253
vt -0.476998 -0.232810
vt -0.492532 -0.223828
vt -0.505237 -0.214724
vt 1.259627 -0.505237
vt 1.277675 -0.529609
vt 1.260747 -0.529248
vt 0.818442 0.149466
vt 0.978517 0.023242
vt 1.068573 -0.059692
vt 1.170047 -0.172539
vt 1.192484 -0.202151
vt -0.232986 -0.312570
vt -0.305992 -0.281405
vt -0.348076 -0.266731
vt -0.406000 -0.239476
vt -0.454328 -0.226583
vt -0.468566 -0.217710
vt -0.489145 -0.208708
vt 1.270734 -0.223828
vt 1.277978 -0.208708
vt 1.259627 -0.214724
vt 1.277978 -0.489145
vt 1.314228 -0.516507
vt 1.347194 -0.563654
vt 1.376774 -0.594138
vt 1.036390 -0.014600
vt 1.102598 -0.077452
vt 1.147263 -0.127055
vt -0.231188 -0.285180
vt -0.271435 -0.279356
vt -0.349687 -0.249421
vt -0.366152 -0.241049
vt -0.415021 -0.228842
vt -0.431032 -0.220248
vt -0.448558 -0.211491
vt 1.276699 -0.448558
vt 1.295340 -0.472446
vt 1.268779 -0.468566
vt 1.389295 -0.615672
vt -0.615672 -0.147715
vt 0.763270 0.233361
vt 0.805956 0.189705
vt 1.186857 -0.161464
vt -0.161464 -0.298452
vt -0.188275 -0.293878
vt -0.172539 -0.321797
vt -0.202151 -0.314315
vt -0.269710 -0.265092
vt -0.309777 -0.249473
vt -0.374934 -0.230551
vt -0.391995 -0.222277
vt -0.407928 -0.213811
vt 1.273654 -0.407928
vt 1.292673 -0.431218
vt 1.275757 -0.431032
vt 1.338899 -0.470757
vt 1.375961 -0.547247
vt 1.393835 -0.574712
vt 1.395350 -0.593196
vt -0.593196 -0.142053
vt 0.725119 0.282725
vt 0.863823 0.139690
vt 0.902503 0.103715
vt 0.951400 0.081539
vt 1.064987 -0.011302
vt 1.092415 -0.042182
vt 1.132361 -0.087262
vt 1.166917 -0.123966
vt -0.127055 -0.317095
vt -0.123966 -0.295488
vt -0.189727 -0.269605
vt -0.229247 -0.264631
vt -0.267466 -0.250526
vt -0.300775 -0.233470
vt -0.334432 -0.231700
vt -0.352160 -0.223764
vt -0.367372 -0.215620
vt -0.390473 -0.207284
vt 1.288641 -0.390473
vt 1.393960 -0.532220
vt 1.402384 -0.553461
vt -0.553461 -0.145428
vt -0.570665 -0.136360
vt -0.574712 -0.151201
vt 0.925824 0.120279
vt 0.995239 0.061764
vt -0.142177 -0.277497
vt -0.227352 -0.250254
vt -0.262039 -0.235181
vt -0.312117 -0.224788
vt -0.328429 -0.216916
vt -0.349647 -0.208891
vt 1.282362 -0.349647
vt 1.319493 -0.376185
vt 1.268711 -0.367372
vt 1.356853 -0.421325
vt 1.392079 -0.489358
vt 1.407066 -0.512897
vt -0.512897 -0.148568
vt -0.530703 -0.139610
vt -0.532220 -0.154679
vt -0.552441 -0.119154
vt -0.585965 -0.101232
vt 0.826595 0.200842
vt 0.878706 0.153064
vt 1.120779 -0.051829
vt -0.051829 -0.287361
vt -0.086650 -0.279031
vt -0.087262 -0.303959
vt -0.150231 -0.261361
vt -0.192015 -0.244619
vt -0.222467 -0.235077
vt -0.272772 -0.225771
vt -0.289786 -0.218076
vt -0.309306 -0.210135
vt 1.274780 -0.309306
vt 1.298322 -0.331432
vt 1.267181 -0.328429
vt 1.388796 -0.446915
vt 1.405341 -0.470357
vt 1.409929 -0.489951
vt -0.489951 -0.142611
vt -0.513676 -0.122200
vt 0.671487 0.305748
vt 0.682880 0.334251
vt 0.795335 0.242449
vt 0.963680 0.111968
vt 1.000431 0.080240
vt 1.071274 0.007804
vt -0.103941 -0.261175
vt -0.148855 -0.247459
vt -0.233343 -0.226052
vt -0.250896 -0.218789
vt -0.269787 -0.211255
vt 1.266996 -0.269787
vt 1.287195 -0.291389
vt 1.264726 -0.289786
vt 1.374192 -0.388856
vt 1.400228 -0.427327
vt 1.410405 -0.448538
vt -0.448538 -0.145319
vt -0.469235 -0.134890
vt -0.470357 -0.151422
vt -0.532110 -0.094613
vt -0.564410 -0.077142
vt 0.856679 0.199531
vt 0.900645 0.152260
vt 0.007804 -0.284473
vt -0.018047 -0.270899
vt -0.051048 -0.262530
vt -0.111083 -0.245098
vt -0.170000 -0.233775
vt -0.194248 -0.225652
vt -0.211974 -0.218831
vt -0.230661 -0.211723
vt 1.256646 -0.230661
vt 1.277156 -0.252098
vt 1.258234 -0.250896
vt 1.332769 -0.293518
vt 1.382092 -0.341734
vt 1.392784 -0.384388
vt 1.407850 -0.406656
vt -0.406656 -0.147699
vt -0.425526 -0.139188
vt -0.427327 -0.153947
vt -0.430456 -0.120540
vt -0.473150 -0.101310
vt 0.681147 0.355278
vt 0.778134 0.288349
vt 0.836050 0.237926
vt 0.899284 0.172740
vt 0.931591 0.148725
vt 1.014243 0.085946
vt 0.043693 -0.259106
vt -0.067026 -0.244362
vt -0.133898 -0.232027
vt -0.155882 -0.224620
vt -0.173494 -0.218234
vt -0.192153 -0.211556
vt 1.243828 -0.192153
vt 1.265547 -0.212581
vt 1.246927 -0.211974
vt 1.312964 -0.245552
vt 1.401518 -0.364368
vt -0.364368 -0.149741
vt -0.384730 -0.140840
vt -0.384388 -0.156115
vt -0.480218 -0.087676
vt -0.513022 -0.070615
vt -0.544026 -0.053726
vt 0.085946 -0.269720
vt -0.000197 -0.250316
vt -0.022952 -0.243876
vt -0.068233 -0.229931
vt -0.101047 -0.228722
vt -0.118592 -0.223038
vt -0.135824 -0.217063
vt -0.154485 -0.210799
vt 1.228745 -0.154485
vt 1.251019 -0.174190
vt 1.231282 -0.173494
vt 1.298960 -0.205937
vt 1.372870 -0.298052
vt 1.392466 -0.322232
vt 1.400577 -0.342081
vt -0.342081 -0.143444
vt -0.387477 -0.108473
vt -0.421437 -0.091659
vt 0.772910 0.318104
vt 0.871995 0.219384
vt 0.904508 0.199534
vt 0.948710 0.150825
vt 0.982585 0.121809
vt -0.044231 -0.232824
vt -0.082661 -0.221008
vt -0.099452 -0.215405
vt -1.188949 -0.215405
vt -1.211550 -0.209828
vt -1.204810 -0.223038
vt -0.117819 -0.209828
vt 1.211550 -0.117819
vt 1.234350 -0.136771
vt 1.211375 -0.135824
vt 1.271315 -0.157738
vt 1.359252 -0.254019
vt 1.381596 -0.280651
vt 1.394030 -0.301098
vt -0.301098 -0.145364
vt -0.315893 -0.135727
vt -0.322232 -0.151686
vt -0.353083 -0.105690
vt -0.452720 -0.067765
vt -0.477718 -0.046742
vt -0.515090 -0.034745
vt 0.824432 0.285301
vt 0.971051 0.145097
vt 0.090903 -0.250606
vt 0.056765 -0.240747
vt 0.016604 -0.230755
vt -0.015855 -0.228487
vt -0.031985 -0.223686
vt -0.048297 -0.218650
vt -0.064920 -0.213367
vt -1.170328 -0.213367
vt -1.193115 -0.207830
vt -1.181980 -0.221008
vt -0.082462 -0.207830
vt 1.193115 -0.082462
vt 1.188949 -0.099452
vt 1.330802 -0.183435
vt 1.347605 -0.218569
vt 1.367785 -0.239569
vt 1.383674 -0.260171
vt -0.260171 -0.146844
vt -0.279264 -0.139021
vt -0.280651 -0.153326
vt -0.322802 -0.102406
vt -0.382738 -0.077889
vt -0.422711 -0.056668
vt 0.925133 -0.444564
vt 0.902279 -0.461815
vt 0.948632 -0.422229
vt 0.838416 -0.497827
vt 0.999766 -0.275948
vt 0.996619 -0.243550
vt 0.660840 -0.536042
vt 0.969192 -0.033800
vt 0.990281 0.008308
vt -1.150430 -0.284303
vt -0.853235 0.382521
vt -1.142950 -0.294040
vt -1.094416 -0.353647
vt -1.123106 -0.321884
vt -0.947929 -0.457824
vt -0.986674 -0.436399
vt 0.461999 -0.615111
vt 0.416399 -0.629826
vt -1.031902 -0.406507
vt -1.062109 -0.383107
vt 0.612312 -0.558710
vt 0.637446 -0.547425
vt 0.754589 1.401064
vt 0.711027 1.406169
vt 0.487520 -0.427162
vt -0.416399 -0.339182
vt -0.385823 -0.366867
vt -0.297548 -0.427161
vt -0.331326 -0.407321
vt -0.602300 1.107483
vt 0.088563 1.476935
vt -1.108090 0.208663
vt -1.127477 0.189110
vt -0.277609 -0.335830
vt -0.353647 -0.360804
vt -0.283389 -0.357238
vt -1.062109 0.383107
vt -1.059075 0.359609
vt -0.602300 0.359642
vt 0.594763 0.322250
vt 0.610190 0.298689
vt -1.082137 0.257820
vt -1.134593 0.216832
vt -1.110784 0.256980
vt -0.281410 -0.369288
vt -0.281602 -0.383984
vt -1.095001 0.281602
vt -1.078442 0.281715
vt -1.048418 0.329651
vt -0.340433 -0.376502
vt -1.083858 0.340433
vt -1.027381 0.367647
vt -1.094416 0.353647
vt -0.664009 -0.427162
vt 0.637031 0.272694
vt 0.633758 0.324662
vt 0.588087 0.356846
vt 0.623280 0.348638
vt 0.577429 0.385190
vt 0.629570 0.369329
vt 0.596851 0.397552
vt 0.632730 0.399490
vt 0.667242 0.385608
vt 0.756728 0.350217
vt -0.492875 -0.012432
vt -0.261107 -0.123270
vt -0.239569 -0.154500
vt -0.241654 -0.138995
vt 1.371051 -0.222372
vt 1.354262 -0.201986
vt 1.313607 -0.144634
vt 1.258449 -0.104736
vt 1.212508 -0.068329
vt 1.170328 -0.064920
vt 1.157105 -0.048297
vt 1.174562 -0.049026
vt -0.032284 -0.211034
vt -0.015812 -0.215880
vt 0.000000 -0.220747
vt 0.034190 -0.230920
vt 0.990287 0.138731
vt 0.943489 0.177659
vt -0.467852 0.007925
vt -0.438651 -0.024507
vt -0.428143 -0.002850
vt -0.433172 0.024325
vt -0.392173 0.036901
vt -0.392316 -0.022490
vt -0.385668 0.016313
vt -0.381322 -0.045415
vt -0.358914 -0.003963
vt -0.354623 0.062001
vt -0.353134 -0.066058
vt -0.351728 -0.033169
vt -0.345848 0.032717
vt -0.324299 -0.070277
vt -0.323756 -0.037363
vt -0.322136 -0.004249
vt -0.322938 0.024725
vt -0.316792 0.053298
vt -0.312246 0.085570
vt -0.289424 -0.103188
vt -0.289544 -0.078728
vt -0.288974 -0.054115
vt -0.297004 -0.025050
vt -0.294726 0.008169
vt -0.291590 0.041182
vt -0.287670 0.073729
vt -0.283031 0.105597
vt -0.268571 -0.012632
vt -0.266205 0.020568
vt -0.263068 0.053462
vt -0.259234 0.085798
vt -0.254779 0.117369
vt -0.242721 -0.099164
vt -0.255163 -0.074613
vt -0.251110 -0.037576
vt -0.232855 -0.054022
vt -0.230280 0.003984
vt -0.227892 0.037040
vt -0.224866 0.069647
vt -0.221263 0.101571
vt -0.217147 0.132616
vt -0.222372 -0.146632
vt -0.216900 -0.122869
vt -0.214051 -0.070533
vt -0.212757 -0.020920
vt -0.201986 -0.154084
vt -0.203662 -0.138635
vt -0.195048 -0.094823
vt -0.185313 -0.041449
vt -0.192264 0.012233
vt -0.189514 0.053241
vt -0.186720 0.085410
vt -0.183463 0.116767
vt -0.179807 0.147163
vt 1.355169 -0.184333
vt -0.184333 -0.146070
vt -0.175673 -0.118550
vt -0.166788 -0.066005
vt -0.166832 -0.005299
vt -0.160395 0.037416
vt 1.338061 -0.164330
vt -0.164330 -0.153304
vt -0.163508 -0.137229
vt -0.147926 -0.090132
vt -0.156363 -0.028947
vt -0.151436 0.069014
vt -0.148997 0.100586
vt -0.146200 0.131247
vt -0.143121 0.160881
vt -0.140865 0.189272
vt 1.336220 -0.146339
vt -0.146339 -0.145168
vt -0.128890 -0.113657
vt -0.128852 -0.049241
vt -0.128178 -0.016433
vt -0.127089 0.016359
vt 1.319362 -0.126839
vt -0.126839 -0.152180
vt -0.124657 -0.135998
vt -0.110349 -0.073351
vt -0.116128 0.044478
vt -0.114478 0.076351
vt -0.112543 0.107448
vt -0.110369 0.137591
vt -0.107571 0.173910
vt 1.295430 -0.106415
vt 1.314546 -0.108673
vt -0.108673 -0.143955
vt -0.091770 -0.096912
vt -0.091445 -0.032555
vt -0.089036 0.007366
vt 1.298477 -0.089744
vt -0.089744 -0.150751
vt -0.083664 -0.129242
vt -0.073367 -0.056590
vt -0.079761 0.044021
vt -0.078636 0.075561
vt -0.077331 0.106311
vt -0.060769 0.135837
vt -0.059491 0.164383
vt 1.172408 0.059491
vt 1.241916 -0.053256
vt 1.275237 -0.070740
vt -0.070740 -0.157329
vt -0.071594 -0.142473
vt -0.053893 -0.087628
vt -0.054952 -0.016093
vt 1.275646 -0.053245
vt 1.290637 -0.071594
vt -0.053245 -0.149071
vt -0.044975 -0.122429
vt -0.030091 -0.035633
vt -0.044594 0.011785
vt -0.044133 0.043493
vt -0.043538 0.074652
vt -0.042851 0.105017
vt 1.130169 0.033469
vt 1.151711 -0.032284
vt 1.175383 -0.006298
vt 1.252415 -0.034965
vt -0.034965 -0.155458
vt -0.035319 -0.140782
vt -0.019806 -0.063466
vt 1.088816 0.007800
vt -1.145672 -0.223686
vt -1.129046 -0.215880
vt -1.151711 -0.211034
vt 1.228633 -0.001049
vt 1.249557 -0.017500
vt -0.017500 -0.147208
vt -0.009229 -0.120876
vt -0.009277 -0.090456
vt -0.009343 -0.004132
vt -0.009307 0.027335
vt -0.009301 0.058381
vt -0.009270 0.088746
vt 0.006861 0.119571
vt 0.001550 0.140229
vt 0.002281 0.159625
vt -0.033469 0.186057
vt 0.000000 -0.208030
vt 1.129046 -0.015812
vt 1.132183 0.000000
vt -0.001049 -0.154181
vt 0.000000 -0.138953
vt 0.015308 -0.047030
vt 1.127896 -0.002281
vt 1.101845 -0.010702
vt 0.015646 -0.212975
vt -1.120417 -0.220747
vt -1.109804 -0.212975
vt -1.132183 -0.208030
vt 1.109804 0.015646
vt 1.148704 0.052127
vt 1.205532 0.016995
vt 1.222901 0.017240
vt 0.017240 -0.145239
vt 0.034986 -0.133859
vt 0.042963 -0.103801
vt 0.041671 -0.081650
vt 0.043606 -0.063594
vt 0.040859 -0.026500
vt 0.041366 -0.003775
vt 0.040598 0.027025
vt 0.039587 0.057416
vt 0.038327 0.087163
vt 0.030948 -0.217728
vt 1.094020 0.030948
vt 1.112268 0.031465
vt 1.204591 0.034076
vt 0.034076 -0.151346
vt 1.049590 -0.074439
vt 0.047137 -0.223978
vt 0.046423 -0.210046
vt 1.090384 0.046423
vt 1.085667 0.088877
vt 1.182015 0.050324
vt 1.196387 0.050936
vt 0.050936 -0.143244
vt 0.083904 -0.041721
vt 0.089490 0.127610
vt 1.020560 -0.084168
vt 0.992949 -0.076317
vt -1.080930 -0.223978
vt -1.068994 -0.214742
vt -1.090384 -0.210046
vt 1.068994 0.060885
vt 1.155998 0.084852
vt 1.180779 0.067252
vt 0.067252 -0.149271
vt 0.084503 -0.140410
vt 0.091327 0.147285
vt 1.063810 -0.091327
vt 0.080186 -0.232100
vt 0.075547 -0.219292
vt 0.060885 -0.214742
vt 1.057578 0.075547
vt 1.071245 0.076523
vt -1.155998 -0.156098
vt -1.170406 -0.140410
vt -1.180779 -0.149271
vt 0.122037 -0.112486
vt 0.110621 -0.084621
vt 0.111799 -0.060190
vt 0.114909 -0.032975
vt 0.112289 -0.011394
vt 0.111677 0.010808
vt 0.110452 0.040411
vt 0.108902 0.069447
vt 0.089248 0.098642
vt 0.089908 -0.223712
vt 0.090453 -0.212051
vt 1.050456 0.090453
vt 1.105523 0.113587
vt 0.084852 -0.156098
vt 0.099405 -0.147285
vt 0.827236 1.389344
vt 0.126103 -0.238840
vt 0.105956 -0.228529
vt 0.103925 -0.216467
vt -1.045330 -0.223712
vt -1.032208 -0.216467
vt -1.050456 -0.212051
vt 1.136999 0.114476
vt 1.155749 0.099405
vt 0.114476 -0.153144
vt 0.115408 -0.139472
vt 0.133770 -0.096187
vt 0.123063 0.100481
vt 1.024918 -0.128646
vt 0.138731 -0.248241
vt 0.118133 -0.220938
vt 0.119274 -0.209263
vt 1.032208 0.103925
vt 1.033077 0.119274
vt 1.056055 0.130484
vt 1.116759 0.128936
vt 1.132200 0.130719
vt 0.130719 -0.145449
vt 0.143908 -0.135481
vt 0.145820 0.122275
vt 1.044270 -0.145820
vt 0.121809 -0.270054
vt 0.145097 -0.263274
vt 0.143165 -0.228075
vt 0.132150 -0.213902
vt -1.023192 -0.220938
vt -1.013972 -0.213902
vt -1.033077 -0.209263
vt 1.013972 0.132150
vt 1.078044 0.149101
vt 1.116336 0.145491
vt 0.145491 -0.151319
vt 0.167816 -0.092744
vt 0.156193 -0.062926
vt 0.155751 -0.033527
vt 0.154747 -0.004004
vt 0.153208 0.025346
vt 0.151190 0.054242
vt 0.148764 0.082451
vt 0.145653 -0.218460
vt 1.002398 0.145653
vt 1.016628 0.147720
vt 1.024024 0.172038
vt 1.096971 0.159810
vt 1.108792 0.163502
vt 0.163502 -0.143932
vt 0.170562 -0.119390
vt 0.170150 0.093135
vt 1.003966 -0.166056
vt 0.165097 -0.253296
vt 0.173186 -0.234468
vt 0.159153 -0.222949
vt 0.160142 -0.211646
vt 0.998503 0.160142
vt 1.053425 0.181721
vt 1.097239 0.175977
vt 0.198312 -0.081757
vt 0.195363 -0.067678
vt 0.186381 -0.047731
vt 0.185478 -0.018535
vt 0.183935 0.010625
vt 0.181789 0.039458
vt 0.179111 0.067719
vt 0.128646 0.155230
vt 1.019667 -0.188090
vt 0.966339 0.165097
vt 0.172311 -0.227384
vt 0.172325 -0.216319
vt -0.992339 -0.222949
vt -0.981555 -0.216319
vt -0.998503 -0.211646
vt 0.981555 0.172325
vt 1.079300 0.189485
vt 0.189485 -0.155530
vt 0.191764 -0.141927
vt 0.175977 -0.149707
vt 0.202252 -0.115029
vt 0.205581 -0.097333
vt 0.201292 -0.242927
vt 0.186084 -0.220921
vt 0.187848 -0.209717
vt 0.984278 0.187848
vt 1.046863 0.223744
vt 1.078979 0.205922
vt 0.205922 -0.148324
vt 0.217281 -0.044817
vt 0.214888 -0.021851
vt 0.215635 0.005304
vt 0.211299 0.040154
vt 0.209052 0.068013
vt 0.208566 0.096727
vt 0.910354 0.212398
vt 0.930448 0.223857
vt 0.223857 -0.249579
vt 0.206654 -0.227116
vt 0.199531 -0.214444
vt -0.975031 -0.220921
vt -0.967469 -0.214444
vt -0.984278 -0.209717
vt 0.967469 0.199531
vt 0.970675 0.215215
vt 0.992799 0.244247
vt 1.062811 0.219195
vt 0.219195 -0.154178
vt 0.221238 -0.141128
vt 0.212533 -0.219055
vt 0.958482 0.212533
vt 0.958124 0.242282
vt 1.061447 0.235364
vt 0.235364 -0.147068
vt 0.251399 -0.137612
vt 0.285009 -0.112813
vt 0.262686 -0.102178
vt 0.253329 -0.064498
vt 0.263276 -0.031822
vt 0.260350 0.017279
vt 0.281142 0.029443
vt 0.903023 0.254994
vt 0.241964 -0.234508
vt 0.228885 -0.227063
vt 0.226500 -0.212667
vt 0.954307 0.226500
vt 1.046854 0.248466
vt 0.248466 -0.152888
vt 0.268719 -0.085225
vt 0.267453 -0.014370
vt 0.286735 0.000861
vt 0.238371 -0.217267
vt 0.941949 0.238371
vt 0.995726 0.279029
vt 1.029726 0.260810
vt 1.044350 0.264284
vt 0.264284 -0.145840
vt 0.283885 -0.049784
vt 0.275948 0.076465
vt 0.251103 -0.221741
vt 0.253110 -0.210933
vt 0.941327 0.253110
vt 0.928248 0.279317
vt 1.031100 0.277249
vt 0.277249 -0.151605
vt 0.289099 -0.143874
vt 0.310804 -0.070323
vt 0.861297 0.263732
vt 0.864022 0.297305
vt 0.264756 -0.226893
vt 0.263615 -0.215496
vt -0.933861 -0.221741
vt -0.925539 -0.215496
vt -0.941327 -0.210933
vt 0.925539 0.263615
vt 0.956181 0.311525
vt 1.014965 0.289086
vt 1.029864 0.289099
vt 0.318715 -0.141608
vt 0.318478 -0.120745
vt 0.320121 -0.094009
vt 0.319778 -0.038577
vt 0.318902 -0.017533
vt 0.254994 -0.256433
vt 0.286182 -0.238168
vt 0.276306 -0.219922
vt 0.918345 0.276306
vt 0.998330 0.316242
vt 1.015249 0.305462
vt 0.305462 -0.150281
vt 0.293872 -0.227145
vt 0.289363 -0.213678
vt 0.912709 0.289363
vt 1.012254 0.318715
vt 0.338580 -0.104866
vt 0.832202 0.307272
vt 0.877925 0.307950
vt 0.307950 -0.246223
vt 0.300741 -0.218028
vt 0.902271 0.300741
vt 0.915040 0.304997
vt 0.316242 -0.156810
vt 0.332892 -0.148867
vt 0.349819 -0.079535
vt 0.352645 -0.055480
vt 0.351509 -0.027812
vt 0.328688 -0.232298
vt 0.312420 -0.222229
vt 0.314487 -0.211994
vt 0.899444 0.314487
vt 0.911487 0.350331
vt 0.965151 0.351103
vt 0.983019 0.343772
vt 0.998728 0.332892
vt 0.343772 -0.154296
vt 0.347734 -0.140659
vt 0.363614 -0.115479
vt 0.844796 0.338389
vt 0.323484 -0.226279
vt 0.323805 -0.216001
vt -0.893368 -0.222229
vt -0.884175 -0.216001
vt -0.899444 -0.211994
vt 0.980662 0.359141
vt 0.359141 -0.147323
vt 0.377623 -0.095178
vt 0.385672 -0.065455
vt 0.791062 0.329214
vt 0.827582 0.331581
vt 0.853307 0.348758
vt 0.348758 -0.239991
vt 0.335779 -0.220092
vt 0.339150 -0.209669
vt 0.884175 0.323805
vt 0.885848 0.339150
vt 0.936023 0.366029
vt 0.961607 0.374154
vt 0.966043 0.379702
vt 0.379702 -0.144598
vt 0.387283 -0.126859
vt 0.353739 -0.228042
vt 0.347861 -0.213796
vt 0.877042 0.335779
vt 0.870512 0.347861
vt 0.401196 -0.106939
vt 0.396454 -0.077732
vt 0.795002 0.353221
vt 0.827732 0.368670
vt 0.357968 -0.217763
vt 0.859514 0.357968
vt 0.871534 0.362974
vt 0.896002 0.395945
vt 0.931796 0.402985
vt 0.948374 0.394976
vt 0.374154 -0.153265
vt 0.394976 -0.150774
vt 0.408515 -0.142483
vt 0.799995 0.369044
vt 0.368467 -0.221572
vt 0.371142 -0.211387
vt 0.856207 0.371142
vt 0.841264 0.393106
vt 0.942701 0.408515
vt 0.429129 -0.114541
vt 0.419565 -0.089671
vt 0.422229 -0.061905
vt 0.368670 -0.248877
vt 0.387199 -0.242328
vt 0.380382 -0.226092
vt 0.378963 -0.215222
vt -0.850037 -0.221572
vt -0.841034 -0.215222
vt -0.856207 -0.211387
vt 0.841034 0.378963
vt 0.913363 0.426727
vt 0.929447 0.418801
vt 0.389180 -0.218901
vt 0.831874 0.389180
vt -0.913363 -0.154319
vt -0.920927 -0.140381
vt -0.929447 -0.148747
vt 0.418801 -0.148747
vt 0.432284 -0.140381
vt -0.934766 -0.114541
vt -0.925133 -0.085803
vt -0.949588 -0.089671
vt 0.444564 -0.085803
vt 0.749558 0.382677
vt 0.786366 0.395051
vt 0.817742 0.387199
vt 0.409894 -0.233306
vt 0.399997 -0.224768
vt 0.400836 -0.212469
vt 0.826113 0.400836
vt 0.841466 0.415083
vt 0.862901 0.437928
vt 0.894945 0.448000
vt 0.908516 0.440818
vt 0.426727 -0.154319
vt 0.440818 -0.146550
vt 0.754425 0.405120
vt -0.818983 -0.224768
vt -0.811182 -0.216023
vt -0.826113 -0.212469
vt 0.811182 0.407787
vt -0.894945 -0.151954
vt -0.888481 -0.145366
vt -0.908516 -0.146550
vt -0.878334 -0.139361
vt 0.805738 0.433417
vt 0.807548 0.420368
vt 0.417649 -0.221592
vt 0.407787 -0.216023
vt -0.817742 -0.242328
vt -0.774422 -0.242079
vt -0.803159 -0.233306
vt 0.874717 0.456370
vt 0.888481 0.459608
vt 0.870289 0.469057
vt -0.870289 -0.152045
vt -0.862070 -0.146496
vt 0.843194 0.476427
vt 0.862070 0.481025
vt 0.808140 0.458818
vt 0.769367 0.514299
vt 0.760969 0.492804
vt 0.420368 -0.211624
vt -0.802324 -0.221592
vt -0.792216 -0.217215
vt -0.807548 -0.211624
vt 0.792216 0.426978
vt 0.785121 0.438089
vt 0.780433 0.450813
vt -0.782157 -0.225967
vt 0.426978 -0.217215
vt 0.433756 -0.225967
vt 0.438089 -0.212681
vt -0.771144 -0.218209
vt -0.785121 -0.212681
vt 0.771144 0.445447
vt 0.761955 0.455624
vt 0.756755 0.468424
vt -0.765450 -0.234113
vt -0.762171 -0.226835
vt -0.761955 -0.213559
vt -0.748968 -0.219059
vt 0.748968 0.463604
vt -0.738351 -0.214345
vt -0.756755 -0.208777
vt 0.738351 0.473099
vt 0.733027 0.486208
vt 0.766183 0.419713
vt 0.774422 0.429241
vt -0.736074 -0.227982
vt -0.726644 -0.219954
vt 0.473099 -0.214345
vt 0.481975 -0.219954
vt 0.486208 -0.209594
vt -0.715030 -0.215292
vt -0.733027 -0.209594
vt 0.715030 0.490972
vt -0.712910 -0.226540
vt -0.704191 -0.220895
vt 0.490972 -0.215292
vt 0.500587 -0.220895
vt 0.504213 -0.210712
vt -0.691011 -0.216046
vt -0.708973 -0.210712
vt 0.691011 0.508587
vt -0.766183 -0.259512
vt -0.718585 -0.256679
vt -0.723615 -0.242445
vt -0.693206 -0.239874
vt -0.691517 -0.226408
vt -0.680482 -0.221564
vt 0.508587 -0.216046
vt 0.518601 -0.221564
vt 0.521668 -0.211023
vt -0.667337 -0.216552
vt -0.684507 -0.211023
vt -0.708573 -0.271412
vt -0.667805 -0.229838
vt -0.692583 -0.254457
vt -0.627039 -0.255342
vt -0.612312 -0.241817
vt 0.695209 0.449422
vt 0.708573 0.458877
vt 0.674839 0.484055
vt 0.718585 0.464552
vt -0.674839 -0.278416
vt -0.643443 -0.279480
vt -0.656894 -0.260389
vt 0.681891 0.441876
vt 0.682737 0.421269
vt 0.667347 0.464321
vt -0.604586 -0.280551
vt -0.548239 -0.275377
vt 0.678003 0.405264
vt 0.625363 0.487404
vt 0.627807 0.503045
vt -0.627807 -0.300971
vt -0.328872 -0.427162
vt -0.368249 -0.402486
vt -0.394240 -0.402392
vt -0.369639 -0.427162
vt -0.411428 -0.411505
vt 0.411428 0.572825
vt 0.437378 0.553504
vt 0.466310 0.529704
vt -0.416765 -0.374438
vt -0.438528 -0.382786
vt 0.500257 0.503215
vt 0.438528 0.580709
vt 0.465268 0.557794
vt 0.573220 0.462161
vt 0.576054 0.446369
vt 0.616671 0.421730
vt -0.436398 -0.347414
vt 0.507248 0.529833
vt 0.529755 0.507635
vt 0.609641 0.407000
vt -0.483053 -0.343355
vt 0.582987 0.474679
vt -0.512658 -0.339945
vt -0.465268 -0.385051
vt -0.516322 -0.357198
vt 0.516322 0.542884
vt -0.461999 -0.318145
vt -0.506060 -0.310941
vt 0.646288 0.425304
vt 0.663021 0.437705
s 0
f 370/1/1 83/2/1 79/3/1
f 376/4/2 129/5/2 86/6/2
f 391/7/3 144/8/3 376/4/3
f 412/9/4 160/10/4 391/7/4
f 375/11/5 85/12/5 372/13/5
f 389/14/6 95/15/6 375/11/6
f 370/1/7 85/12/7 83/2/7
f 167/16/8 77/17/8 166/18/8
f 166/19/9 77/20/9 158/21/9
f 158/21/10 77/20/10 151/22/10
f 143/23/11 151/22/11 76/24/11
f 137/25/12 76/24/12 128/26/12
f 143/23/13 76/24/13 137/25/13
f 123/27/14 128/26/14 121/28/14
f 128/26/15 67/29/15 121/28/15
f 70/30/16 120/31/16 68/32/16
f 120/31/17 121/33/17 68/32/17
f 68/34/18 121/35/18 67/36/18
f 122/37/19 123/38/19 120/31/19
f 120/31/20 123/38/20 121/33/20
f 69/39/21 125/40/21 70/30/21
f 125/40/22 126/41/22 70/30/22
f 70/30/23 126/41/23 122/37/23
f 126/41/24 127/42/24 122/37/24
f 122/37/25 127/42/25 123/38/25
f 127/43/26 128/26/26 123/27/26
f 86/6/27 129/5/27 71/44/27
f 129/5/28 130/45/28 71/44/28
f 71/44/29 130/45/29 72/46/29
f 130/45/30 131/47/30 72/46/30
f 72/46/31 131/47/31 73/48/31
f 131/47/32 132/49/32 73/48/32
f 132/50/33 133/51/33 73/52/33
f 73/52/34 133/51/34 74/53/34
f 133/51/35 124/54/35 74/53/35
f 124/54/36 134/55/36 69/39/36
f 134/55/37 125/40/37 69/39/37
f 125/40/38 135/56/38 126/41/38
f 135/56/39 136/57/39 126/41/39
f 126/41/40 136/57/40 127/42/40
f 136/58/41 137/25/41 127/43/41
f 127/43/42 137/25/42 128/26/42
f 1372/59/43 1424/60/43 1363/61/43
f 129/5/44 138/62/44 130/45/44
f 138/62/45 131/47/45 130/45/45
f 133/51/46 139/63/46 124/54/46
f 139/63/47 134/55/47 124/54/47
f 134/55/48 140/64/48 125/40/48
f 140/64/49 141/65/49 125/40/49
f 125/40/50 141/65/50 135/56/50
f 141/65/51 142/66/51 135/56/51
f 135/56/52 142/66/52 136/57/52
f 142/67/53 137/25/53 136/58/53
f 376/4/54 144/8/54 129/5/54
f 138/62/55 145/68/55 131/47/55
f 145/68/56 146/69/56 131/47/56
f 131/47/57 146/69/57 132/49/57
f 139/63/58 147/70/58 134/55/58
f 147/70/59 140/64/59 134/55/59
f 140/64/60 148/71/60 141/65/60
f 148/71/61 149/72/61 141/65/61
f 141/65/62 149/72/62 142/66/62
f 149/73/63 150/74/63 142/67/63
f 142/67/64 150/74/64 137/25/64
f 150/74/65 143/23/65 137/25/65
f 144/8/66 152/75/66 129/5/66
f 129/5/67 152/75/67 138/62/67
f 146/76/68 153/77/68 132/50/68
f 132/50/69 153/77/69 133/51/69
f 133/51/70 153/77/70 139/63/70
f 153/77/71 147/70/71 139/63/71
f 147/70/72 154/78/72 140/64/72
f 154/78/73 155/79/73 140/64/73
f 140/64/74 155/79/74 148/71/74
f 155/79/75 156/80/75 148/71/75
f 148/71/76 156/80/76 149/72/76
f 156/81/77 150/74/77 149/73/77
f 150/74/78 157/82/78 143/23/78
f 157/82/79 158/21/79 143/23/79
f 143/23/80 158/21/80 151/22/80
f 78/83/81 159/84/81 3/85/81
f 391/7/82 160/10/82 144/8/82
f 152/75/83 161/86/83 138/62/83
f 138/62/84 161/86/84 145/68/84
f 145/68/85 161/86/85 146/69/85
f 153/77/86 162/87/86 147/70/86
f 162/87/87 154/78/87 147/70/87
f 154/78/88 163/88/88 155/79/88
f 163/88/89 164/89/89 155/79/89
f 155/79/90 164/89/90 156/80/90
f 164/90/91 165/91/91 156/81/91
f 156/81/92 165/91/92 150/74/92
f 165/91/93 157/82/93 150/74/93
f 167/16/94 159/84/94 78/83/94
f 402/92/95 98/93/95 97/94/95
f 160/10/96 168/95/96 144/8/96
f 144/8/96 168/95/96 152/75/96
f 161/86/97 169/96/97 146/69/97
f 146/76/98 169/97/98 153/77/98
f 169/97/99 170/98/99 153/77/99
f 170/98/100 162/87/100 153/77/100
f 162/87/101 171/99/101 154/78/101
f 171/99/102 163/88/102 154/78/102
f 163/88/103 172/100/103 164/89/103
f 172/101/104 173/102/104 164/103/104
f 164/90/105 173/104/105 165/91/105
f 173/104/106 174/105/106 165/91/106
f 165/91/107 174/105/107 157/82/107
f 174/105/108 175/106/108 157/82/108
f 157/82/109 175/106/109 158/21/109
f 175/106/110 176/107/110 158/21/110
f 158/21/111 176/107/111 166/19/111
f 176/108/112 177/109/112 166/110/112
f 166/18/113 177/111/113 167/16/113
f 167/16/114 178/112/114 159/84/114
f 412/9/115 119/113/115 160/10/115
f 168/95/116 179/114/116 152/75/116
f 152/75/117 179/114/117 161/86/117
f 179/114/118 169/96/118 161/86/118
f 170/98/119 171/99/119 162/87/119
f 171/99/120 180/115/120 163/88/120
f 180/115/121 181/116/121 163/88/121
f 163/88/122 181/116/122 172/100/122
f 181/117/123 182/118/123 172/101/123
f 172/119/124 182/120/124 173/121/124
f 182/122/125 174/105/125 173/104/125
f 175/106/126 183/123/126 176/107/126
f 183/124/127 184/125/127 176/108/127
f 176/108/128 184/125/128 177/109/128
f 184/126/129 185/127/129 177/111/129
f 177/111/130 185/127/130 167/16/130
f 167/16/131 185/127/131 178/112/131
f 119/113/132 186/128/132 160/10/132
f 160/10/133 186/128/133 168/95/133
f 179/114/134 187/129/134 169/96/134
f 187/130/135 188/131/135 169/97/135
f 169/97/136 188/131/136 170/98/136
f 170/98/137 189/132/137 171/99/137
f 189/132/138 180/115/138 171/99/138
f 180/115/139 190/133/139 181/116/139
f 190/134/140 191/135/140 181/136/140
f 181/136/141 191/135/141 182/120/141
f 191/137/142 192/138/142 182/122/142
f 182/122/143 192/138/143 174/105/143
f 192/138/144 193/139/144 174/105/144
f 174/105/145 193/139/145 175/106/145
f 193/139/146 194/140/146 175/106/146
f 175/106/147 194/140/147 183/123/147
f 194/141/148 195/142/148 183/124/148
f 183/124/149 195/142/149 184/125/149
f 195/143/150 185/127/150 184/126/150
f 118/144/151 186/128/151 119/113/151
f 186/128/152 196/145/152 168/95/152
f 168/95/153 196/145/153 179/114/153
f 196/145/154 197/146/154 179/114/154
f 197/146/155 187/129/155 179/114/155
f 188/131/156 189/132/156 170/98/156
f 189/132/157 198/147/157 180/115/157
f 198/147/158 199/148/158 180/115/158
f 180/115/159 199/148/159 190/133/159
f 199/148/160 200/149/160 190/133/160
f 190/134/161 200/150/161 191/135/161
f 200/151/162 192/138/162 191/137/162
f 193/139/163 201/152/163 194/140/163
f 201/153/164 202/154/164 194/141/164
f 194/141/165 202/154/165 195/142/165
f 202/155/166 203/156/166 195/143/166
f 195/143/167 203/156/167 185/127/167
f 203/156/168 204/157/168 185/127/168
f 118/144/169 205/158/169 186/128/169
f 205/158/170 196/145/170 186/128/170
f 197/146/171 206/159/171 187/129/171
f 187/130/172 206/160/172 188/131/172
f 198/147/173 207/161/173 199/148/173
f 207/161/174 208/162/174 199/148/174
f 199/148/175 208/162/175 200/149/175
f 208/163/176 192/138/176 200/151/176
f 192/138/177 209/164/177 193/139/177
f 209/164/178 210/165/178 193/139/178
f 193/139/179 210/165/179 201/152/179
f 210/166/180 211/167/180 201/153/180
f 201/153/181 211/167/181 202/154/181
f 211/168/182 203/156/182 202/155/182
f 203/156/183 212/169/183 204/157/183
f 117/170/184 205/158/184 118/144/184
f 205/158/185 213/171/185 196/145/185
f 213/171/186 214/172/186 196/145/186
f 196/145/187 214/172/187 197/146/187
f 206/160/188 215/173/188 188/131/188
f 215/173/189 189/132/189 188/131/189
f 189/132/190 216/174/190 198/147/190
f 216/174/191 217/175/191 198/147/191
f 198/147/192 217/175/192 207/161/192
f 217/175/193 218/176/193 207/161/193
f 207/161/194 218/176/194 208/162/194
f 218/177/195 192/138/195 208/163/195
f 210/165/196 219/178/196 211/179/196
f 219/180/197 220/181/197 211/168/197
f 211/168/198 220/181/198 203/156/198
f 220/181/199 212/169/199 203/156/199
f 117/170/200 221/182/200 205/158/200
f 214/172/201 222/183/201 197/146/201
f 197/146/202 222/183/202 206/159/202
f 222/183/203 223/184/203 206/159/203
f 223/185/204 215/173/204 206/160/204
f 215/173/205 224/186/205 189/132/205
f 224/186/206 216/174/206 189/132/206
f 217/175/207 225/187/207 218/176/207
f 225/188/208 226/189/208 218/177/208
f 218/177/209 226/189/209 192/138/209
f 226/189/210 209/164/210 192/138/210
f 209/164/211 227/190/211 210/165/211
f 227/190/212 228/191/212 210/165/212
f 210/165/213 228/191/213 219/178/213
f 228/192/214 229/193/214 219/194/214
f 219/180/215 229/195/215 220/181/215
f 116/196/216 221/182/216 117/170/216
f 205/158/217 230/197/217 213/171/217
f 230/197/218 214/172/218 213/171/218
f 224/186/219 231/198/219 216/174/219
f 231/198/220 217/175/220 216/174/220
f 217/175/221 232/199/221 225/187/221
f 232/200/222 233/201/222 225/202/222
f 225/188/223 233/203/223 226/189/223
f 233/203/224 209/164/224 226/189/224
f 227/190/225 234/204/225 228/191/225
f 234/205/226 235/206/226 228/192/226
f 228/192/227 235/206/227 229/193/227
f 235/207/228 236/208/228 229/195/228
f 229/195/229 236/208/229 220/181/229
f 221/182/230 237/209/230 205/158/230
f 237/209/231 230/197/231 205/158/231
f 214/172/232 238/210/232 222/183/232
f 231/198/233 239/211/233 217/175/233
f 239/211/234 240/212/234 217/175/234
f 217/175/235 240/212/235 232/199/235
f 240/213/236 241/214/236 232/215/236
f 232/215/237 241/214/237 233/216/237
f 241/217/238 242/218/238 233/203/238
f 233/203/239 242/218/239 209/164/239
f 242/218/240 227/190/240 209/164/240
f 227/190/241 243/219/241 234/204/241
f 243/220/242 244/221/242 234/205/242
f 234/205/243 244/221/243 235/206/243
f 244/222/244 236/208/244 235/207/244
f 230/197/245 245/223/245 214/172/245
f 245/223/246 238/210/246 214/172/246
f 223/185/247 246/224/247 215/173/247
f 246/224/248 224/186/248 215/173/248
f 239/211/249 247/225/249 240/212/249
f 247/225/250 248/226/250 240/212/250
f 240/213/251 248/227/251 241/214/251
f 248/228/252 242/218/252 241/217/252
f 227/190/253 249/229/253 243/219/253
f 249/230/254 250/231/254 243/220/254
f 243/220/255 250/231/255 244/221/255
f 250/232/256 251/233/256 244/222/256
f 244/222/257 251/233/257 236/208/257
f 251/233/258 23/234/258 236/208/258
f 116/196/259 252/235/259 221/182/259
f 252/235/260 237/209/260 221/182/260
f 238/210/261 253/236/261 222/183/261
f 222/183/262 253/236/262 223/184/262
f 253/236/263 246/237/263 223/184/263
f 246/224/264 254/238/264 224/186/264
f 254/238/265 231/198/265 224/186/265
f 231/198/266 255/239/266 239/211/266
f 255/239/267 256/240/267 239/211/267
f 239/211/268 256/240/268 247/225/268
f 256/240/269 257/241/269 247/225/269
f 247/225/270 257/241/270 248/226/270
f 257/242/271 242/218/271 248/228/271
f 242/218/272 258/243/272 227/190/272
f 258/243/273 249/229/273 227/190/273
f 249/230/274 259/244/274 250/231/274
f 259/245/275 251/233/275 250/232/275
f 115/246/276 252/235/276 116/196/276
f 237/209/277 260/247/277 230/197/277
f 260/247/278 245/223/278 230/197/278
f 254/238/279 261/248/279 231/198/279
f 261/248/280 255/239/280 231/198/280
f 255/239/281 262/249/281 256/240/281
f 262/249/282 263/250/282 256/240/282
f 256/240/283 263/250/283 257/241/283
f 263/251/284 242/218/284 257/242/284
f 249/230/285 264/252/285 259/244/285
f 264/252/286 265/253/286 259/244/286
f 259/245/287 265/254/287 251/233/287
f 265/254/288 266/255/288 251/233/288
f 251/233/289 266/255/289 23/234/289
f 252/235/290 267/256/290 237/209/290
f 267/256/291 260/247/291 237/209/291
f 245/223/292 268/257/292 238/210/292
f 268/257/293 253/236/293 238/210/293
f 262/249/294 269/258/294 263/250/294
f 269/259/295 270/260/295 263/251/295
f 263/251/296 270/260/296 242/218/296
f 270/260/297 258/243/297 242/218/297
f 258/243/298 271/261/298 249/229/298
f 271/262/299 272/263/299 249/230/299
f 249/230/300 272/263/300 264/252/300
f 272/263/301 273/264/301 264/252/301
f 264/252/302 273/264/302 265/253/302
f 273/265/303 266/255/303 265/254/303
f 260/247/304 274/266/304 245/223/304
f 274/266/305 268/257/305 245/223/305
f 253/236/306 275/267/306 246/237/306
f 275/268/307 254/238/307 246/224/307
f 255/239/308 276/269/308 262/249/308
f 276/269/309 277/270/309 262/249/309
f 262/249/310 277/270/310 269/258/310
f 277/271/311 278/272/311 269/273/311
f 269/274/312 278/275/312 270/276/312
f 278/277/313 258/243/313 270/260/313
f 271/262/314 279/278/314 272/263/314
f 279/278/315 280/279/315 272/263/315
f 272/263/316 280/279/316 273/264/316
f 280/280/317 266/255/317 273/265/317
f 115/246/318 281/281/318 252/235/318
f 281/281/319 267/256/319 252/235/319
f 268/257/320 282/282/320 253/236/320
f 282/282/321 275/267/321 253/236/321
f 275/268/322 261/248/322 254/238/322
f 261/248/323 283/283/323 255/239/323
f 283/283/324 276/269/324 255/239/324
f 276/269/325 284/284/325 277/270/325
f 284/285/326 285/286/326 277/287/326
f 277/287/327 285/286/327 278/275/327
f 285/288/328 286/289/328 278/277/328
f 278/277/329 286/289/329 258/243/329
f 286/289/330 271/261/330 258/243/330
f 271/262/331 287/290/331 279/278/331
f 287/290/332 288/291/332 279/278/332
f 279/278/333 288/291/333 280/279/333
f 288/292/334 266/255/334 280/280/334
f 114/293/335 281/281/335 115/246/335
f 267/256/336 297/294/336 260/247/336
f 297/294/337 289/295/337 260/247/337
f 289/295/338 274/266/338 260/247/338
f 275/268/339 290/296/339 261/248/339
f 290/296/340 283/283/340 261/248/340
f 283/283/341 291/297/341 276/269/341
f 291/297/342 292/298/342 276/269/342
f 276/269/343 292/298/343 284/284/343
f 292/298/344 293/299/344 284/284/344
f 284/285/345 293/300/345 285/286/345
f 293/301/346 286/289/346 285/288/346
f 287/290/347 294/302/347 288/291/347
f 294/302/348 295/303/348 288/291/348
f 288/292/349 295/304/349 266/255/349
f 295/304/350 296/305/350 266/255/350
f 266/255/351 296/305/351 24/306/351
f 281/281/352 297/294/352 267/256/352
f 274/266/353 298/307/353 268/257/353
f 298/307/354 282/282/354 268/257/354
f 291/297/355 299/308/355 292/298/355
f 299/308/356 300/309/356 292/298/356
f 292/298/357 300/309/357 293/299/357
f 300/310/358 286/289/358 293/301/358
f 286/289/359 301/311/359 271/261/359
f 301/312/360 287/290/360 271/262/360
f 287/290/361 302/313/361 294/302/361
f 302/313/362 303/314/362 294/302/362
f 294/302/363 303/314/363 295/303/363
f 303/315/364 296/305/364 295/304/364
f 289/295/365 304/316/365 274/266/365
f 304/316/366 298/307/366 274/266/366
f 282/282/367 305/317/367 275/267/367
f 283/283/368 306/318/368 291/297/368
f 306/318/369 307/319/369 291/297/369
f 291/297/370 307/319/370 299/308/370
f 307/319/371 308/320/371 299/308/371
f 299/308/372 308/320/372 300/309/372
f 308/321/373 286/289/373 300/310/373
f 287/290/374 309/322/374 302/313/374
f 309/322/375 310/323/375 302/313/375
f 302/313/376 310/323/376 303/314/376
f 310/324/377 296/305/377 303/315/377
f 114/293/378 311/325/378 281/281/378
f 281/281/379 311/325/379 297/294/379
f 298/307/380 312/326/380 282/282/380
f 312/326/381 305/317/381 282/282/381
f 305/327/382 290/296/382 275/268/382
f 290/296/383 313/328/383 283/283/383
f 313/328/384 306/318/384 283/283/384
f 306/318/385 314/329/385 307/319/385
f 314/329/386 315/330/386 307/319/386
f 307/319/387 315/330/387 308/320/387
f 315/331/388 316/332/388 308/333/388
f 308/321/389 316/334/389 286/289/389
f 316/334/390 301/311/390 286/289/390
f 301/312/391 317/335/391 287/290/391
f 317/335/392 318/336/392 287/290/392
f 287/290/393 318/336/393 309/322/393
f 318/336/394 319/337/394 309/322/394
f 309/322/395 319/337/395 310/323/395
f 319/338/396 296/305/396 310/324/396
f 113/339/397 311/325/397 114/293/397
f 311/325/398 320/340/398 297/294/398
f 297/294/399 320/340/399 289/295/399
f 320/340/400 304/316/400 289/295/400
f 305/327/401 321/341/401 290/296/401
f 321/341/402 313/328/402 290/296/402
f 314/329/403 322/342/403 315/330/403
f 322/343/404 323/344/404 315/345/404
f 315/345/405 323/344/405 316/346/405
f 323/347/406 301/311/406 316/334/406
f 317/335/407 324/348/407 318/336/407
f 324/348/408 325/349/408 318/336/408
f 318/336/409 325/349/409 319/337/409
f 325/349/410 326/350/410 319/337/410
f 319/338/411 326/351/411 296/305/411
f 326/351/412 327/352/412 296/305/412
f 296/305/413 327/352/413 25/353/413
f 304/316/414 328/354/414 298/307/414
f 328/354/415 312/326/415 298/307/415
f 306/318/416 329/355/416 314/329/416
f 329/355/417 330/356/417 314/329/417
f 314/329/418 330/356/418 322/342/418
f 330/356/419 331/357/419 322/342/419
f 322/343/420 331/358/420 323/344/420
f 331/359/421 301/311/421 323/347/421
f 324/348/422 332/360/422 325/349/422
f 332/360/423 333/361/423 325/349/423
f 325/349/424 333/361/424 326/350/424
f 333/362/425 327/352/425 326/351/425
f 320/340/426 334/363/426 304/316/426
f 334/363/427 328/354/427 304/316/427
f 312/326/428 335/364/428 305/317/428
f 313/328/429 336/365/429 306/318/429
f 336/365/430 329/355/430 306/318/430
f 329/355/431 337/366/431 330/356/431
f 337/366/432 338/367/432 330/356/432
f 330/356/433 338/367/433 331/357/433
f 338/368/434 301/311/434 331/359/434
f 324/348/435 339/369/435 332/360/435
f 339/369/436 340/370/436 332/360/436
f 332/360/437 340/370/437 333/361/437
f 340/371/438 327/352/438 333/362/438
f 113/339/439 341/372/439 311/325/439
f 341/372/440 320/340/440 311/325/440
f 328/354/441 342/373/441 312/326/441
f 342/373/442 335/364/442 312/326/442
f 335/364/443 321/374/443 305/317/443
f 321/341/444 350/375/444 313/328/444
f 350/375/445 336/365/445 313/328/445
f 336/365/446 343/376/446 329/355/446
f 343/376/447 337/366/447 329/355/447
f 337/366/448 344/377/448 338/367/448
f 344/378/449 345/379/449 338/368/449
f 338/380/450 345/381/450 301/312/450
f 345/381/451 346/382/451 301/312/451
f 301/312/452 346/382/452 317/335/452
f 346/382/453 324/348/453 317/335/453
f 324/348/454 347/383/454 339/369/454
f 347/383/455 348/384/455 339/369/455
f 339/369/456 348/384/456 340/370/456
f 348/385/457 327/352/457 340/371/457
f 623/386/458 341/372/458 113/339/458
f 341/372/459 349/387/459 320/340/459
f 349/387/460 334/363/460 320/340/460
f 335/364/461 350/388/461 321/374/461
f 343/376/462 351/389/462 337/366/462
f 351/389/463 352/390/463 337/366/463
f 337/366/464 352/390/464 344/377/464
f 352/391/465 345/381/465 344/392/465
f 346/382/466 353/393/466 324/348/466
f 353/393/467 347/383/467 324/348/467
f 347/383/468 354/394/468 348/384/468
f 354/394/469 355/395/469 348/384/469
f 348/385/470 355/396/470 327/352/470
f 355/396/471 361/397/471 327/352/471
f 361/397/472 26/398/472 327/352/472
f 334/363/473 356/399/473 328/354/473
f 356/399/474 342/373/474 328/354/474
f 342/373/475 357/400/475 335/364/475
f 357/400/476 350/388/476 335/364/476
f 351/389/477 358/401/477 352/390/477
f 358/402/478 359/403/478 352/391/478
f 352/391/479 359/403/479 345/381/479
f 359/403/480 346/382/480 345/381/480
f 347/383/481 360/404/481 354/394/481
f 360/404/482 361/405/482 354/394/482
f 354/394/483 361/405/483 355/395/483
f 2/406/484 341/372/484 623/386/484
f 349/387/485 362/407/485 334/363/485
f 362/407/486 356/399/486 334/363/486
f 350/375/487 363/408/487 336/365/487
f 363/408/488 343/376/488 336/365/488
f 343/376/489 667/409/489 351/389/489
f 667/409/490 364/410/490 351/389/490
f 351/389/491 364/410/491 358/401/491
f 364/410/492 365/411/492 358/401/492
f 358/402/493 365/412/493 359/403/493
f 365/412/494 346/382/494 359/403/494
f 353/393/495 702/413/495 347/383/495
f 702/413/496 366/414/496 347/383/496
f 347/383/497 366/414/497 360/404/497
f 366/414/498 367/415/498 360/404/498
f 360/404/499 367/415/499 361/405/499
f 361/397/500 368/416/500 26/398/500
f 2/406/501 112/417/501 341/372/501
f 112/417/502 349/387/502 341/372/502
f 362/407/503 648/418/503 356/399/503
f 356/399/504 648/418/504 342/373/504
f 342/373/505 653/419/505 357/400/505
f 357/420/506 659/421/506 350/375/506
f 659/421/507 363/408/507 350/375/507
f 363/408/508 667/409/508 343/376/508
f 667/409/509 669/422/509 364/410/509
f 669/422/510 111/423/510 364/410/510
f 364/410/511 111/423/511 365/411/511
f 111/424/512 346/382/512 365/412/512
f 366/414/513 110/425/513 367/415/513
f 367/426/514 732/427/514 361/397/514
f 732/427/515 368/416/515 361/397/515
f 377/428/516 90/429/516 89/430/516
f 1604/431/517 1606/432/517 99/433/517
f 1604/431/518 99/433/518 103/434/518
f 1595/435/519 103/436/519 1580/437/519
f 1510/438/520 1533/439/520 1520/440/520
f 28/441/521 1141/442/521 1140/443/521
f 95/444/522 96/445/522 98/446/522
f 27/447/523 844/448/523 847/449/523
f 13/450/524 846/451/524 843/452/524
f 838/453/525 13/454/525 839/455/525
f 12/456/526 838/457/526 49/458/526
f 74/459/527 75/460/527 83/461/527
f 98/446/527 82/462/527 95/444/527
f 70/463/528 68/34/528 79/464/528
f 1641/465/529 7/466/529 99/467/529
f 1132/468/530 20/469/530 21/470/530
f 1559/471/531 1564/472/531 102/473/531
f 1533/474/529 1571/475/529 1520/476/529
f 167/16/532 78/83/532 77/17/532
f 825/477/533 842/478/533 837/479/533
f 22/480/534 21/470/534 20/469/534
f 18/481/535 6/482/535 19/483/535
f 18/484/536 7/485/536 81/486/536
f 1151/487/536 104/488/536 7/485/536
f 1558/489/537 1559/490/537 14/491/537
f 1566/492/538 101/493/538 1564/494/538
f 93/495/527 94/496/527 79/464/527
f 841/497/539 848/498/539 845/499/539
f 774/500/540 763/501/540 791/502/540
f 327/352/541 26/398/541 25/353/541
f 296/305/542 25/353/542 24/306/542
f 266/255/543 24/306/543 23/234/543
f 236/208/544 11/503/544 220/181/544
f 236/208/545 23/234/545 11/503/545
f 185/127/546 204/157/546 178/112/546
f 88/504/547 371/505/547 84/506/547
f 371/507/548 372/508/548 370/509/548
f 88/504/549 373/510/549 371/505/549
f 371/507/550 373/511/550 372/508/550
f 373/511/551 374/512/551 372/508/551
f 372/13/552 374/513/552 375/11/552
f 91/514/553 376/4/553 86/6/553
f 377/428/554 378/515/554 87/516/554
f 87/516/555 378/515/555 88/504/555
f 378/515/556 379/517/556 88/504/556
f 88/504/557 379/517/557 373/510/557
f 379/518/558 380/519/558 373/520/558
f 373/511/559 380/521/559 374/512/559
f 380/521/560 381/522/560 374/512/560
f 374/513/561 381/523/561 375/11/561
f 91/514/562 382/524/562 376/4/562
f 1648/525/563 1649/526/563 92/527/563
f 92/527/564 383/528/564 93/529/564
f 93/495/565 384/530/565 94/496/565
f 384/530/566 385/531/566 94/496/566
f 94/496/567 385/531/567 89/430/567
f 385/531/568 386/532/568 89/430/568
f 89/430/569 386/532/569 377/428/569
f 379/518/570 387/533/570 380/519/570
f 380/521/571 387/534/571 381/522/571
f 387/534/572 388/535/572 381/522/572
f 381/523/573 388/536/573 375/11/573
f 388/536/574 389/14/574 375/11/574
f 98/93/575 390/537/575 82/538/575
f 82/538/576 390/537/576 382/524/576
f 382/524/577 391/7/577 376/4/577
f 1649/526/578 392/539/578 383/528/578
f 392/539/579 393/540/579 383/528/579
f 393/540/580 394/541/580 383/528/580
f 383/542/581 394/543/581 384/530/581
f 384/544/582 395/545/582 385/546/582
f 386/547/583 396/548/583 377/549/583
f 377/549/584 396/548/584 378/550/584
f 396/548/585 397/551/585 378/550/585
f 378/550/586 397/551/586 379/518/586
f 397/551/587 398/552/587 379/518/587
f 379/518/588 398/552/588 387/533/588
f 398/552/589 399/553/589 387/533/589
f 387/533/590 399/553/590 388/554/590
f 399/555/591 400/556/591 388/557/591
f 388/536/592 400/558/592 389/14/592
f 389/14/593 401/559/593 95/15/593
f 402/92/594 390/537/594 98/93/594
f 390/537/595 403/560/595 382/524/595
f 403/560/596 404/561/596 382/524/596
f 382/524/597 404/561/597 391/7/597
f 394/562/598 405/563/598 384/544/598
f 384/544/599 405/563/599 395/545/599
f 395/545/600 406/564/600 385/546/600
f 385/546/601 406/564/601 386/547/601
f 406/564/602 407/565/602 386/547/602
f 386/547/603 407/565/603 396/548/603
f 398/552/604 408/566/604 399/553/604
f 399/553/605 408/566/605 400/567/605
f 408/568/606 409/569/606 400/556/606
f 400/558/607 409/570/607 389/14/607
f 409/570/608 401/559/608 389/14/608
f 401/559/609 410/571/609 96/572/609
f 96/573/610 410/574/610 97/94/610
f 410/574/611 411/575/611 97/94/611
f 97/94/612 411/575/612 402/92/612
f 402/92/613 403/560/613 390/537/613
f 404/561/614 412/9/614 391/7/614
f 1650/576/615 1652/577/615 392/539/615
f 392/539/616 413/578/616 393/540/616
f 413/578/617 414/579/617 393/540/617
f 393/540/618 414/579/618 394/541/618
f 414/579/619 415/580/619 394/541/619
f 394/562/620 415/581/620 405/563/620
f 405/563/621 416/582/621 395/545/621
f 395/545/622 416/582/622 406/564/622
f 407/565/623 417/583/623 396/548/623
f 396/548/624 417/583/624 397/551/624
f 417/583/625 418/584/625 397/551/625
f 397/551/626 418/584/626 398/552/626
f 418/584/627 419/585/627 398/552/627
f 398/552/628 419/585/628 408/566/628
f 419/585/629 420/586/629 408/566/629
f 408/566/630 420/586/630 409/587/630
f 420/588/631 421/589/631 409/569/631
f 409/570/632 421/590/632 401/559/632
f 401/559/633 422/591/633 410/571/633
f 422/591/634 423/592/634 410/571/634
f 410/574/635 423/593/635 411/575/635
f 403/560/636 424/594/636 404/561/636
f 424/594/637 425/595/637 404/561/637
f 404/561/638 425/595/638 412/9/638
f 415/581/639 426/596/639 405/563/639
f 405/563/640 426/596/640 416/582/640
f 416/582/641 427/597/641 406/564/641
f 406/564/642 427/597/642 407/565/642
f 427/597/643 428/598/643 407/565/643
f 407/565/644 428/598/644 417/583/644
f 419/585/645 429/599/645 420/586/645
f 420/586/646 429/599/646 421/600/646
f 429/601/647 430/602/647 421/590/647
f 421/590/648 430/602/648 401/559/648
f 430/602/649 431/603/649 401/559/649
f 401/559/650 431/603/650 422/591/650
f 423/593/651 432/604/651 411/575/651
f 411/575/652 432/604/652 402/92/652
f 432/604/653 433/605/653 402/92/653
f 402/92/654 433/605/654 403/560/654
f 403/560/655 433/605/655 424/594/655
f 425/595/656 434/606/656 412/9/656
f 434/606/657 119/113/657 412/9/657
f 1652/577/658 1651/607/658 413/578/658
f 1651/607/659 435/608/659 413/578/659
f 413/578/660 435/608/660 414/579/660
f 435/608/661 436/609/661 414/579/661
f 414/579/662 436/609/662 415/580/662
f 436/610/663 437/611/663 415/581/663
f 415/581/664 437/611/664 426/596/664
f 426/596/665 438/612/665 416/582/665
f 416/582/666 438/612/666 427/597/666
f 428/598/667 439/613/667 417/583/667
f 417/583/668 439/613/668 418/584/668
f 439/613/669 440/614/669 418/584/669
f 418/584/670 440/614/670 419/585/670
f 440/614/671 441/615/671 419/585/671
f 419/585/672 441/615/672 429/599/672
f 441/615/673 442/616/673 429/599/673
f 429/601/674 442/617/674 430/602/674
f 442/617/675 443/618/675 430/602/675
f 430/602/676 443/618/676 431/603/676
f 431/603/677 444/619/677 422/591/677
f 422/591/678 444/619/678 423/592/678
f 444/619/679 445/620/679 423/592/679
f 423/593/680 445/621/680 432/604/680
f 424/594/681 446/622/681 425/595/681
f 425/595/682 446/622/682 434/606/682
f 437/611/683 447/623/683 426/596/683
f 426/596/684 447/623/684 438/612/684
f 438/612/685 448/624/685 427/597/685
f 427/597/686 448/624/686 428/598/686
f 448/624/687 449/625/687 428/598/687
f 428/598/688 449/625/688 439/613/688
f 441/615/689 450/626/689 442/616/689
f 442/617/690 450/627/690 443/618/690
f 450/627/691 451/628/691 443/618/691
f 443/618/692 451/628/692 431/603/692
f 432/604/693 452/629/693 433/605/693
f 433/605/694 452/629/694 424/594/694
f 446/622/695 453/630/695 434/606/695
f 434/606/696 453/630/696 119/113/696
f 453/630/697 118/144/697 119/113/697
f 435/608/698 454/631/698 436/609/698
f 454/631/699 455/632/699 436/609/699
f 436/610/700 455/633/700 437/611/700
f 437/611/701 455/633/701 447/623/701
f 447/623/702 456/634/702 438/612/702
f 438/612/703 456/634/703 448/624/703
f 449/625/704 457/635/704 439/613/704
f 439/613/705 457/635/705 440/614/705
f 457/635/706 458/636/706 440/614/706
f 440/614/707 458/636/707 441/615/707
f 458/636/708 459/637/708 441/615/708
f 441/638/709 459/639/709 450/640/709
f 459/639/710 460/641/710 450/640/710
f 450/627/711 460/642/711 451/628/711
f 460/642/712 461/643/712 451/628/712
f 451/628/713 461/643/713 431/603/713
f 431/603/714 462/644/714 444/619/714
f 444/619/715 462/644/715 445/620/715
f 462/644/716 463/645/716 445/620/716
f 445/621/717 463/646/717 432/604/717
f 452/629/718 464/647/718 424/594/718
f 424/594/719 464/647/719 446/622/719
f 464/647/720 465/648/720 446/622/720
f 446/622/721 465/648/721 453/630/721
f 1651/607/722 1653/649/722 435/608/722
f 455/633/723 456/634/723 447/623/723
f 456/634/724 466/650/724 448/624/724
f 448/624/725 466/650/725 449/625/725
f 466/650/726 467/651/726 449/625/726
f 449/625/727 467/651/727 457/635/727
f 459/639/728 468/652/728 460/641/728
f 460/642/729 468/653/729 461/643/729
f 461/643/730 469/654/730 431/603/730
f 431/603/731 469/654/731 462/644/731
f 462/644/732 470/655/732 463/645/732
f 463/646/733 470/656/733 432/604/733
f 470/656/734 471/657/734 432/604/734
f 432/604/735 471/657/735 452/629/735
f 471/657/736 472/658/736 452/629/736
f 472/658/737 464/647/737 452/629/737
f 453/630/738 117/170/738 118/144/738
f 454/631/739 473/659/739 455/632/739
f 473/660/740 474/661/740 455/633/740
f 455/633/741 474/661/741 456/634/741
f 456/634/742 475/662/742 466/650/742
f 457/635/743 476/663/743 458/636/743
f 458/636/744 476/663/744 459/637/744
f 476/663/745 477/664/745 459/637/745
f 459/639/746 477/665/746 468/652/746
f 477/665/747 478/666/747 468/652/747
f 468/653/748 478/667/748 461/643/748
f 478/667/749 479/668/749 461/643/749
f 461/643/750 479/668/750 469/654/750
f 469/654/751 480/669/751 462/644/751
f 462/644/752 480/669/752 470/655/752
f 480/669/753 481/670/753 470/655/753
f 470/656/754 481/671/754 471/657/754
f 464/647/755 482/672/755 465/648/755
f 482/672/756 483/673/756 465/648/756
f 465/648/757 483/673/757 453/630/757
f 1653/649/758 484/674/758 454/631/758
f 484/674/759 473/659/759 454/631/759
f 474/661/760 485/675/760 456/634/760
f 456/634/761 485/675/761 475/662/761
f 466/650/762 486/676/762 467/651/762
f 467/651/763 486/676/763 457/635/763
f 476/663/764 487/677/764 477/664/764
f 477/664/765 487/677/765 478/678/765
f 487/679/766 488/680/766 478/681/766
f 478/667/767 488/682/767 479/668/767
f 469/654/768 489/683/768 480/669/768
f 480/669/769 489/683/769 481/670/769
f 489/683/770 490/684/770 481/670/770
f 481/671/771 490/685/771 471/657/771
f 472/658/772 491/686/772 464/647/772
f 464/647/773 491/686/773 482/672/773
f 483/673/774 492/687/774 453/630/774
f 453/630/775 492/687/775 117/170/775
f 492/687/776 116/196/776 117/170/776
f 473/660/777 493/688/777 474/661/777
f 493/688/778 494/689/778 474/661/778
f 494/689/779 495/690/779 474/661/779
f 474/661/780 495/690/780 485/675/780
f 486/676/781 496/691/781 457/635/781
f 457/635/782 496/691/782 476/663/782
f 496/691/783 497/692/783 476/663/783
f 476/663/784 497/692/784 487/677/784
f 497/692/785 498/693/785 487/677/785
f 487/677/786 498/693/786 488/694/786
f 498/693/787 499/695/787 488/694/787
f 488/682/788 499/696/788 479/668/788
f 469/654/789 500/697/789 489/683/789
f 489/698/790 500/699/790 490/685/790
f 500/699/791 501/700/791 490/685/791
f 490/685/792 501/700/792 471/657/792
f 491/686/793 502/701/793 482/672/793
f 482/672/794 502/701/794 483/673/794
f 484/674/795 503/702/795 473/659/795
f 503/702/796 493/703/796 473/659/796
f 475/662/797 504/704/797 466/650/797
f 466/650/798 504/704/798 486/676/798
f 497/692/799 505/705/799 498/693/799
f 498/693/800 505/705/800 499/695/800
f 505/705/801 506/706/801 499/695/801
f 499/696/802 506/707/802 479/668/802
f 479/668/803 507/708/803 469/654/803
f 469/654/804 507/708/804 500/697/804
f 507/708/805 508/709/805 500/697/805
f 500/699/806 508/710/806 501/700/806
f 508/710/807 509/711/807 501/700/807
f 501/700/808 509/711/808 471/657/808
f 509/711/809 510/712/809 471/657/809
f 471/657/810 510/712/810 472/658/810
f 472/658/811 510/712/811 491/686/811
f 493/688/812 511/713/812 494/689/812
f 485/675/813 512/714/813 475/662/813
f 475/662/814 512/714/814 504/704/814
f 496/691/815 513/715/815 497/692/815
f 497/692/816 513/715/816 505/705/816
f 513/715/817 514/716/817 505/705/817
f 505/717/818 514/718/818 506/707/818
f 514/718/819 515/719/819 506/707/819
f 506/707/820 515/719/820 479/668/820
f 515/719/821 516/720/821 479/668/821
f 479/668/822 516/720/822 507/708/822
f 507/708/823 517/721/823 508/709/823
f 508/710/824 517/722/824 509/711/824
f 502/701/825 518/723/825 483/673/825
f 483/673/826 518/723/826 492/687/826
f 1654/724/827 519/725/827 503/702/827
f 503/702/828 519/725/828 493/703/828
f 519/725/829 511/726/829 493/703/829
f 495/690/830 520/727/830 485/675/830
f 485/675/831 520/727/831 512/714/831
f 504/704/832 521/728/832 486/676/832
f 486/676/833 521/728/833 496/691/833
f 513/715/834 522/729/834 514/716/834
f 514/718/835 522/730/835 515/719/835
f 522/730/836 523/731/836 515/719/836
f 515/719/837 523/731/837 516/720/837
f 510/712/838 524/732/838 491/686/838
f 491/686/839 524/732/839 502/701/839
f 518/723/840 525/733/840 492/687/840
f 492/687/841 525/733/841 116/196/841
f 525/733/842 115/246/842 116/196/842
f 511/713/843 526/734/843 494/689/843
f 526/734/844 527/735/844 494/689/844
f 494/689/845 527/735/845 495/690/845
f 527/735/846 528/736/846 495/690/846
f 495/690/847 528/736/847 520/727/847
f 521/728/848 529/737/848 496/691/848
f 496/691/849 529/737/849 513/715/849
f 529/737/850 530/738/850 513/715/850
f 513/715/851 530/738/851 522/729/851
f 530/739/852 531/740/852 522/741/852
f 522/730/853 531/742/853 523/731/853
f 531/742/854 516/720/854 523/731/854
f 516/720/855 532/743/855 507/708/855
f 532/743/856 533/744/856 507/708/856
f 507/708/857 533/744/857 517/721/857
f 533/744/858 534/745/858 517/721/858
f 517/722/859 534/746/859 509/711/859
f 534/746/860 535/747/860 509/711/860
f 509/711/861 535/747/861 510/712/861
f 524/732/862 536/748/862 502/701/862
f 502/701/863 536/748/863 518/723/863
f 567/749/864 519/725/864 1654/724/864
f 519/725/865 537/750/865 511/726/865
f 537/750/866 526/751/866 511/726/866
f 512/714/867 538/752/867 504/704/867
f 504/704/868 538/752/868 521/728/868
f 529/737/869 539/753/869 530/738/869
f 530/739/870 539/754/870 531/740/870
f 539/754/871 540/755/871 531/740/871
f 531/742/872 540/756/872 516/720/872
f 535/747/873 541/757/873 510/712/873
f 510/712/874 541/757/874 524/732/874
f 567/749/875 542/758/875 519/725/875
f 542/758/876 537/750/876 519/725/876
f 520/727/877 543/759/877 512/714/877
f 512/714/878 543/759/878 538/752/878
f 529/737/879 544/760/879 539/753/879
f 539/753/880 544/760/880 540/761/880
f 544/760/881 545/762/881 540/761/881
f 540/756/882 545/763/882 516/720/882
f 545/763/883 532/743/883 516/720/883
f 532/743/884 546/764/884 533/744/884
f 533/744/885 546/764/885 534/745/885
f 546/764/886 547/765/886 534/745/886
f 534/746/887 547/766/887 535/747/887
f 536/748/888 548/767/888 518/723/888
f 518/723/889 548/767/889 525/733/889
f 528/736/890 549/768/890 520/727/890
f 520/727/891 549/768/891 543/759/891
f 538/752/892 550/769/892 521/728/892
f 521/728/893 550/769/893 529/737/893
f 529/737/894 551/770/894 544/760/894
f 544/760/895 551/770/895 545/762/895
f 551/770/896 552/771/896 545/762/896
f 545/763/897 552/772/897 532/743/897
f 546/764/898 553/773/898 547/765/898
f 547/766/899 553/774/899 535/747/899
f 541/757/900 554/775/900 524/732/900
f 524/732/901 554/775/901 536/748/901
f 548/767/902 555/776/902 525/733/902
f 525/733/903 555/776/903 115/246/903
f 555/776/904 114/293/904 115/246/904
f 526/734/905 556/777/905 527/735/905
f 556/777/906 557/778/906 527/735/906
f 527/735/907 557/778/907 528/736/907
f 557/778/908 558/779/908 528/736/908
f 528/736/909 558/779/909 549/768/909
f 550/769/910 559/780/910 529/737/910
f 529/737/911 559/780/911 551/770/911
f 559/780/912 560/781/912 551/770/912
f 551/770/913 560/781/913 552/771/913
f 560/781/914 561/782/914 552/771/914
f 552/772/915 561/783/915 532/743/915
f 532/743/916 562/784/916 546/764/916
f 562/784/917 563/785/917 546/764/917
f 546/764/918 563/785/918 553/773/918
f 563/785/919 564/786/919 553/773/919
f 553/774/920 564/787/920 535/747/920
f 564/787/921 565/788/921 535/747/921
f 535/747/922 565/788/922 541/757/922
f 554/775/923 566/789/923 536/748/923
f 566/789/924 548/767/924 536/748/924
f 537/750/925 568/790/925 526/751/925
f 568/790/926 556/791/926 526/751/926
f 543/759/927 569/792/927 538/752/927
f 538/752/928 569/792/928 550/769/928
f 559/780/929 570/793/929 560/781/929
f 560/781/930 570/793/930 561/782/930
f 570/794/931 571/795/931 561/783/931
f 561/783/932 571/795/932 532/743/932
f 562/784/933 572/796/933 563/785/933
f 563/785/934 572/796/934 564/786/934
f 572/797/935 573/798/935 564/787/935
f 564/787/936 573/798/936 565/788/936
f 565/788/937 574/799/937 541/757/937
f 541/757/938 574/799/938 554/775/938
f 567/749/939 575/800/939 542/758/939
f 542/758/940 575/800/940 537/750/940
f 575/800/941 568/790/941 537/750/941
f 549/768/942 576/801/942 543/759/942
f 543/759/943 576/801/943 569/792/943
f 550/769/944 577/802/944 559/780/944
f 559/780/945 577/802/945 570/793/945
f 577/802/946 578/803/946 570/793/946
f 570/794/947 578/804/947 571/795/947
f 578/804/948 579/805/948 571/795/948
f 571/795/949 579/805/949 532/743/949
f 579/805/950 580/806/950 532/743/950
f 532/743/951 580/806/951 562/784/951
f 562/784/952 581/807/952 572/796/952
f 572/797/953 581/808/953 573/798/953
f 581/808/954 582/809/954 573/798/954
f 573/798/955 582/809/955 565/788/955
f 566/789/956 583/810/956 548/767/956
f 548/767/957 583/810/957 555/776/957
f 567/749/958 592/811/958 575/800/958
f 558/779/959 584/812/959 549/768/959
f 549/768/960 584/812/960 576/801/960
f 569/792/961 585/813/961 550/769/961
f 550/769/962 585/813/962 577/802/962
f 585/813/963 586/814/963 577/802/963
f 577/802/964 586/814/964 578/803/964
f 586/814/965 587/815/965 578/803/965
f 578/804/966 587/816/966 579/805/966
f 562/784/967 588/817/967 581/807/967
f 581/808/968 588/818/968 582/809/968
f 588/818/969 589/819/969 582/809/969
f 582/809/970 589/819/970 565/788/970
f 574/799/971 590/820/971 554/775/971
f 554/775/972 590/820/972 566/789/972
f 583/810/973 591/821/973 555/776/973
f 555/776/974 591/821/974 114/293/974
f 591/821/975 113/339/975 114/293/975
f 556/777/976 593/822/976 557/778/976
f 593/822/977 594/823/977 557/778/977
f 557/778/978 594/823/978 558/779/978
f 594/823/979 595/824/979 558/779/979
f 558/779/980 595/824/980 584/812/980
f 585/813/981 596/825/981 586/814/981
f 586/826/982 596/827/982 587/828/982
f 596/829/983 597/830/983 587/831/983
f 587/816/984 597/832/984 579/805/984
f 597/832/985 580/806/985 579/805/985
f 580/806/986 598/833/986 562/784/986
f 562/784/987 598/833/987 588/817/987
f 598/833/988 599/834/988 588/817/988
f 588/818/989 599/835/989 589/819/989
f 599/835/990 600/836/990 589/819/990
f 589/819/991 600/836/991 565/788/991
f 565/788/992 600/836/992 574/799/992
f 566/789/993 590/820/993 583/810/993
f 568/837/994 601/838/994 556/777/994
f 601/838/995 593/822/995 556/777/995
f 576/801/996 602/839/996 569/792/996
f 569/792/997 602/839/997 585/813/997
f 602/839/998 603/840/998 585/813/998
f 585/813/999 603/840/999 596/825/999
f 603/840/1000 604/841/1000 596/825/1000
f 596/825/1001 604/841/1001 597/842/1001
f 604/841/1002 605/843/1002 597/842/1002
f 597/832/1003 605/844/1003 580/806/1003
f 598/833/1004 606/845/1004 599/834/1004
f 599/835/1005 606/846/1005 600/836/1005
f 600/836/1006 607/847/1006 574/799/1006
f 574/799/1007 607/847/1007 590/820/1007
f 592/811/1008 608/848/1008 575/800/1008
f 608/848/1009 609/849/1009 575/800/1009
f 575/800/1010 609/849/1010 568/790/1010
f 609/849/1011 601/850/1011 568/790/1011
f 584/812/1012 610/851/1012 576/801/1012
f 576/801/1013 610/851/1013 602/839/1013
f 603/840/1014 611/852/1014 604/841/1014
f 604/841/1015 611/852/1015 605/843/1015
f 611/852/1016 612/853/1016 605/843/1016
f 605/844/1017 612/854/1017 580/806/1017
f 598/833/1018 613/855/1018 606/845/1018
f 606/846/1019 614/856/1019 600/836/1019
f 600/836/1020 614/856/1020 607/847/1020
f 590/820/1021 615/857/1021 583/810/1021
f 583/810/1022 615/857/1022 591/821/1022
f 595/824/1023 616/858/1023 584/812/1023
f 584/812/1024 616/858/1024 610/851/1024
f 602/839/1025 617/859/1025 603/840/1025
f 603/840/1026 617/859/1026 611/852/1026
f 617/859/1027 618/860/1027 611/852/1027
f 611/852/1028 618/860/1028 612/853/1028
f 618/861/1029 619/862/1029 612/854/1029
f 612/854/1030 619/862/1030 580/806/1030
f 613/855/1031 620/863/1031 606/845/1031
f 606/846/1032 620/864/1032 614/856/1032
f 614/856/1033 621/865/1033 607/847/1033
f 621/865/1034 622/866/1034 607/847/1034
f 607/847/1035 622/866/1035 590/820/1035
f 590/820/1036 622/866/1036 615/857/1036
f 615/857/1037 623/386/1037 591/821/1037
f 591/821/1038 623/386/1038 113/339/1038
f 592/811/1039 624/867/1039 608/848/1039
f 593/822/1040 625/868/1040 594/823/1040
f 625/868/1041 626/869/1041 594/823/1041
f 594/823/1042 626/869/1042 595/824/1042
f 626/869/1043 627/870/1043 595/824/1043
f 595/824/1044 627/870/1044 616/858/1044
f 617/859/1045 628/871/1045 618/860/1045
f 618/861/1046 628/872/1046 619/862/1046
f 628/872/1047 629/873/1047 619/862/1047
f 619/862/1048 629/873/1048 580/806/1048
f 629/873/1049 630/874/1049 580/806/1049
f 580/806/1050 630/874/1050 598/833/1050
f 630/874/1051 631/875/1051 598/833/1051
f 598/833/1052 631/875/1052 613/855/1052
f 631/875/1053 632/876/1053 613/855/1053
f 613/855/1054 632/876/1054 620/863/1054
f 620/864/1055 633/877/1055 614/856/1055
f 633/877/1056 621/865/1056 614/856/1056
f 622/866/1057 634/878/1057 615/857/1057
f 634/878/1058 635/879/1058 615/857/1058
f 615/857/1059 635/879/1059 623/386/1059
f 592/811/1060 1656/880/1060 624/867/1060
f 601/838/1061 636/881/1061 593/822/1061
f 636/881/1062 625/868/1062 593/822/1062
f 610/851/1063 637/882/1063 602/839/1063
f 602/839/1064 637/882/1064 617/859/1064
f 637/882/1065 638/883/1065 617/859/1065
f 617/859/1066 638/883/1066 628/871/1066
f 638/883/1067 639/884/1067 628/871/1067
f 628/872/1068 639/885/1068 629/873/1068
f 639/885/1069 929/886/1069 629/873/1069
f 629/873/1070 929/886/1070 630/874/1070
f 632/876/1071 633/887/1071 620/863/1071
f 621/865/1072 640/888/1072 622/866/1072
f 640/888/1073 634/878/1073 622/866/1073
f 635/879/1074 641/889/1074 623/386/1074
f 641/889/1075 2/406/1075 623/386/1075
f 624/867/1076 850/890/1076 608/848/1076
f 608/848/1077 850/890/1077 609/849/1077
f 850/890/1078 854/891/1078 609/849/1078
f 609/849/1079 854/891/1079 601/850/1079
f 854/891/1080 636/892/1080 601/850/1080
f 625/868/1081 863/893/1081 626/869/1081
f 616/858/1082 109/894/1082 610/851/1082
f 610/851/1083 109/894/1083 637/882/1083
f 637/882/1084 108/895/1084 638/883/1084
f 638/896/1085 108/897/1085 639/898/1085
f 108/895/1086 107/899/1086 639/884/1086
f 639/885/1087 107/900/1087 929/886/1087
f 631/875/1088 106/901/1088 632/876/1088
f 632/902/1089 106/903/1089 633/877/1089
f 106/903/1090 105/904/1090 633/877/1090
f 105/904/1091 997/905/1091 633/877/1091
f 633/877/1092 997/905/1092 621/865/1092
f 634/878/1093 1078/906/1093 635/879/1093
f 1078/906/1094 641/889/1094 635/879/1094
f 65/907/1095 112/417/1095 66/908/1095
f 64/909/1096 642/910/1096 65/907/1096
f 62/911/1097 649/912/1097 1173/913/1097
f 60/914/1098 660/915/1098 1182/916/1098
f 49/458/1099 832/917/1099 50/918/1099
f 83/461/1100 75/460/1100 79/464/1100
f 92/919/1101 93/495/1101 79/464/1101
f 1663/920/1102 1655/921/1102 1670/922/1102
f 1664/923/1103 18/484/1103 81/486/1103
f 66/908/1104 112/417/1104 2/406/1104
f 65/907/1105 642/910/1105 112/417/1105
f 642/910/1106 643/924/1106 112/417/1106
f 112/417/1107 643/924/1107 349/387/1107
f 64/909/1108 644/925/1108 642/910/1108
f 644/925/1109 645/926/1109 642/910/1109
f 645/926/1110 643/924/1110 642/910/1110
f 643/924/1111 362/407/1111 349/387/1111
f 64/909/1112 63/927/1112 644/925/1112
f 644/925/1113 646/928/1113 645/926/1113
f 645/926/1114 647/929/1114 643/924/1114
f 643/924/1115 647/929/1115 362/407/1115
f 647/929/1116 648/418/1116 362/407/1116
f 63/927/1117 646/928/1117 644/925/1117
f 646/928/1118 647/929/1118 645/926/1118
f 1173/913/1119 649/912/1119 63/927/1119
f 649/912/1120 650/930/1120 63/927/1120
f 63/927/1121 650/930/1121 646/928/1121
f 646/928/1122 651/931/1122 647/929/1122
f 651/931/1123 648/418/1123 647/929/1123
f 650/930/1124 655/932/1124 646/928/1124
f 646/928/1125 655/932/1125 651/931/1125
f 651/931/1126 652/933/1126 648/418/1126
f 652/933/1127 653/419/1127 648/418/1127
f 648/418/1128 653/419/1128 342/373/1128
f 62/911/1129 61/934/1129 649/912/1129
f 649/912/1130 654/935/1130 650/930/1130
f 654/935/1131 655/932/1131 650/930/1131
f 61/934/1132 654/935/1132 649/912/1132
f 655/932/1133 656/936/1133 651/931/1133
f 656/936/1134 657/937/1134 651/931/1134
f 651/931/1135 657/937/1135 652/933/1135
f 657/937/1136 658/938/1136 652/933/1136
f 652/933/1137 658/938/1137 653/419/1137
f 658/938/1138 659/939/1138 653/419/1138
f 653/419/1139 659/939/1139 357/400/1139
f 1182/916/1140 660/915/1140 61/934/1140
f 61/934/1141 660/915/1141 654/935/1141
f 654/935/1142 661/940/1142 655/932/1142
f 661/940/1143 656/936/1143 655/932/1143
f 660/915/1144 661/940/1144 654/935/1144
f 656/936/1145 658/938/1145 657/937/1145
f 60/914/1146 59/941/1146 660/915/1146
f 59/941/1147 662/942/1147 660/915/1147
f 660/915/1148 662/942/1148 661/940/1148
f 661/940/1149 663/943/1149 656/936/1149
f 663/943/1150 664/944/1150 656/936/1150
f 656/945/1151 664/946/1151 658/947/1151
f 664/946/1152 665/948/1152 658/947/1152
f 658/947/1153 665/948/1153 659/421/1153
f 665/948/1154 666/949/1154 659/421/1154
f 659/421/1155 666/949/1155 363/408/1155
f 666/949/1156 667/409/1156 363/408/1156
f 668/950/1157 662/942/1157 59/941/1157
f 662/942/1158 663/943/1158 661/940/1158
f 58/951/1159 670/952/1159 59/941/1159
f 59/941/1160 670/952/1160 668/950/1160
f 668/950/1161 671/953/1161 662/942/1161
f 662/942/1162 671/953/1162 663/943/1162
f 671/954/1163 672/955/1163 663/956/1163
f 663/956/1164 672/955/1164 664/946/1164
f 672/955/1165 673/957/1165 664/946/1165
f 664/946/1166 673/957/1166 665/948/1166
f 673/957/1167 674/958/1167 665/948/1167
f 665/948/1168 674/958/1168 666/949/1168
f 674/958/1169 675/959/1169 666/949/1169
f 666/949/1170 675/959/1170 667/409/1170
f 675/959/1171 676/960/1171 667/409/1171
f 667/409/1172 676/960/1172 669/422/1172
f 676/960/1173 677/961/1173 669/422/1173
f 677/961/1174 111/423/1174 669/422/1174
f 670/952/1175 678/962/1175 668/950/1175
f 678/962/1176 679/963/1176 668/950/1176
f 679/964/1177 671/954/1177 668/965/1177
f 674/958/1178 680/966/1178 675/959/1178
f 680/966/1179 681/967/1179 675/959/1179
f 681/967/1180 682/968/1180 675/959/1180
f 675/959/1181 682/968/1181 676/960/1181
f 682/968/1182 683/969/1182 676/960/1182
f 676/960/1183 683/969/1183 677/961/1183
f 683/970/1184 684/971/1184 677/972/1184
f 677/972/1185 684/971/1185 111/424/1185
f 684/971/1186 346/382/1186 111/424/1186
f 57/973/1187 685/974/1187 58/951/1187
f 58/951/1188 685/974/1188 670/952/1188
f 679/964/1189 686/975/1189 671/954/1189
f 671/954/1190 686/975/1190 672/955/1190
f 686/975/1191 687/976/1191 672/955/1191
f 672/955/1192 687/976/1192 673/957/1192
f 687/976/1193 688/977/1193 673/957/1193
f 673/957/1194 688/977/1194 674/958/1194
f 688/977/1195 689/978/1195 674/958/1195
f 689/978/1196 690/979/1196 674/958/1196
f 674/958/1197 690/979/1197 680/966/1197
f 690/979/1198 691/980/1198 680/966/1198
f 680/966/1199 691/980/1199 681/967/1199
f 691/981/1200 692/982/1200 681/983/1200
f 681/984/1201 692/985/1201 682/986/1201
f 682/987/1202 692/982/1202 683/970/1202
f 692/982/1203 693/988/1203 683/970/1203
f 683/970/1204 693/988/1204 684/971/1204
f 684/971/1205 693/988/1205 346/382/1205
f 693/988/1206 353/393/1206 346/382/1206
f 685/989/1207 694/990/1207 670/991/1207
f 670/991/1208 694/990/1208 678/992/1208
f 686/975/1209 695/993/1209 687/976/1209
f 695/993/1210 696/994/1210 687/976/1210
f 687/976/1211 696/994/1211 688/977/1211
f 696/994/1212 697/995/1212 688/977/1212
f 697/995/1213 698/996/1213 688/977/1213
f 688/977/1214 698/996/1214 689/978/1214
f 698/996/1215 699/997/1215 689/978/1215
f 689/978/1216 699/997/1216 690/979/1216
f 699/998/1217 700/999/1217 690/1000/1217
f 690/1000/1218 700/999/1218 691/981/1218
f 691/981/1219 700/999/1219 692/982/1219
f 700/999/1220 701/1001/1220 692/982/1220
f 692/982/1221 701/1001/1221 693/988/1221
f 701/1001/1222 702/413/1222 693/988/1222
f 693/988/1223 702/413/1223 353/393/1223
f 56/1002/1224 703/1003/1224 57/973/1224
f 57/973/1225 703/1003/1225 685/974/1225
f 694/990/1226 704/1004/1226 678/992/1226
f 678/992/1227 704/1004/1227 679/964/1227
f 704/1004/1228 705/1005/1228 679/964/1228
f 679/964/1229 705/1005/1229 686/975/1229
f 705/1005/1230 695/993/1230 686/975/1230
f 695/993/1231 706/1006/1231 696/994/1231
f 706/1006/1232 707/1007/1232 696/994/1232
f 696/994/1233 707/1007/1233 697/995/1233
f 707/1008/1234 708/1009/1234 697/1010/1234
f 697/1010/1235 708/1009/1235 698/1011/1235
f 698/1011/1236 709/1012/1236 699/998/1236
f 699/998/1237 709/1012/1237 700/999/1237
f 709/1012/1238 701/1001/1238 700/999/1238
f 701/1001/1239 710/1013/1239 702/413/1239
f 710/1013/1240 366/414/1240 702/413/1240
f 703/1014/1241 711/1015/1241 685/989/1241
f 685/989/1242 711/1015/1242 694/990/1242
f 694/990/1243 711/1015/1243 704/1004/1243
f 711/1015/1244 712/1016/1244 704/1004/1244
f 712/1016/1245 713/1017/1245 704/1004/1245
f 704/1004/1246 713/1017/1246 705/1005/1246
f 713/1017/1247 714/1018/1247 705/1005/1247
f 705/1005/1248 714/1018/1248 695/993/1248
f 714/1018/1249 715/1019/1249 695/993/1249
f 695/993/1250 715/1019/1250 706/1006/1250
f 715/1020/1251 716/1021/1251 706/1022/1251
f 706/1022/1252 716/1021/1252 707/1008/1252
f 716/1021/1253 717/1023/1253 707/1008/1253
f 707/1008/1254 717/1023/1254 708/1009/1254
f 708/1009/1255 717/1023/1255 698/1011/1255
f 717/1023/1256 709/1012/1256 698/1011/1256
f 709/1012/1257 718/1024/1257 701/1001/1257
f 718/1024/1258 710/1013/1258 701/1001/1258
f 710/1013/1259 719/1025/1259 366/414/1259
f 719/1025/1260 720/1026/1260 366/414/1260
f 720/1026/1261 110/425/1261 366/414/1261
f 55/1027/1262 721/1028/1262 56/1029/1262
f 56/1029/1263 721/1028/1263 703/1014/1263
f 703/1014/1264 721/1028/1264 711/1015/1264
f 712/1016/1265 722/1030/1265 713/1017/1265
f 722/1030/1266 723/1031/1266 713/1017/1266
f 713/1017/1267 723/1031/1267 714/1018/1267
f 723/1032/1268 724/1033/1268 714/1034/1268
f 714/1034/1269 724/1033/1269 715/1020/1269
f 724/1033/1270 725/1035/1270 715/1020/1270
f 715/1020/1271 725/1035/1271 716/1021/1271
f 716/1021/1272 725/1035/1272 717/1023/1272
f 725/1035/1273 726/1036/1273 717/1023/1273
f 717/1023/1274 726/1036/1274 709/1012/1274
f 726/1036/1275 727/1037/1275 709/1012/1275
f 709/1012/1276 727/1037/1276 718/1024/1276
f 727/1037/1277 728/1038/1277 718/1024/1277
f 718/1024/1278 728/1038/1278 710/1013/1278
f 728/1038/1279 729/1039/1279 710/1013/1279
f 729/1039/1280 730/1040/1280 710/1013/1280
f 710/1013/1281 730/1040/1281 719/1025/1281
f 730/1040/1282 731/1041/1282 719/1025/1282
f 719/1025/1283 731/1041/1283 720/1026/1283
f 731/1041/1284 732/1042/1284 720/1026/1284
f 720/1026/1285 732/1042/1285 110/425/1285
f 732/427/1286 367/426/1286 110/1043/1286
f 55/1027/1287 733/1044/1287 721/1028/1287
f 721/1028/1288 734/1045/1288 711/1015/1288
f 734/1045/1289 735/1046/1289 711/1015/1289
f 711/1015/1290 735/1046/1290 712/1016/1290
f 735/1046/1291 736/1047/1291 712/1016/1291
f 736/1047/1292 737/1048/1292 712/1016/1292
f 712/1016/1293 737/1048/1293 722/1030/1293
f 737/1049/1294 738/1050/1294 722/1051/1294
f 722/1051/1295 738/1050/1295 723/1032/1295
f 738/1050/1296 739/1052/1296 723/1032/1296
f 723/1032/1297 739/1052/1297 724/1033/1297
f 724/1033/1298 739/1052/1298 725/1035/1298
f 740/1053/1299 741/1054/1299 728/1038/1299
f 728/1038/1300 741/1054/1300 729/1039/1300
f 741/1054/1301 742/1055/1301 729/1039/1301
f 729/1039/1302 742/1055/1302 730/1040/1302
f 742/1055/1303 743/1056/1303 730/1040/1303
f 730/1040/1304 743/1056/1304 731/1041/1304
f 743/1057/1305 732/427/1305 731/1058/1305
f 1253/1059/1306 54/1060/1306 55/1027/1306
f 54/1060/1307 733/1044/1307 55/1027/1307
f 733/1044/1308 744/1061/1308 721/1028/1308
f 744/1061/1309 734/1045/1309 721/1028/1309
f 734/1045/1310 745/1062/1310 735/1046/1310
f 735/1063/1311 746/1064/1311 736/1065/1311
f 736/1065/1312 746/1064/1312 737/1049/1312
f 746/1064/1313 747/1066/1313 737/1049/1313
f 737/1049/1314 747/1066/1314 738/1050/1314
f 738/1050/1315 747/1066/1315 739/1052/1315
f 739/1052/1316 748/1067/1316 725/1035/1316
f 725/1035/1317 748/1067/1317 726/1036/1317
f 748/1067/1318 749/1068/1318 726/1036/1318
f 726/1036/1319 749/1068/1319 727/1037/1319
f 749/1068/1320 750/1069/1320 727/1037/1320
f 727/1037/1321 750/1069/1321 728/1038/1321
f 750/1069/1322 751/1070/1322 728/1038/1322
f 728/1038/1323 751/1070/1323 740/1053/1323
f 751/1070/1324 752/1071/1324 740/1053/1324
f 740/1053/1325 752/1071/1325 741/1054/1325
f 741/1072/1326 752/1073/1326 742/1074/1326
f 752/1073/1327 743/1057/1327 742/1074/1327
f 744/1061/1328 753/1075/1328 734/1045/1328
f 753/1075/1329 754/1076/1329 734/1045/1329
f 734/1045/1330 754/1076/1330 745/1062/1330
f 754/1077/1331 755/1078/1331 745/1079/1331
f 745/1079/1332 755/1078/1332 735/1063/1332
f 755/1078/1333 756/1080/1333 735/1063/1333
f 735/1063/1334 756/1080/1334 746/1064/1334
f 746/1064/1335 756/1080/1335 747/1066/1335
f 756/1080/1336 757/1081/1336 747/1066/1336
f 747/1066/1337 757/1081/1337 739/1052/1337
f 757/1081/1338 758/1082/1338 739/1052/1338
f 739/1052/1339 758/1082/1339 748/1067/1339
f 758/1082/1340 759/1083/1340 748/1067/1340
f 748/1067/1341 759/1083/1341 749/1068/1341
f 759/1083/1342 760/1084/1342 749/1068/1342
f 760/1084/1343 761/1085/1343 749/1068/1343
f 749/1068/1344 761/1085/1344 750/1069/1344
f 761/1085/1345 762/1086/1345 750/1069/1345
f 750/1069/1346 762/1086/1346 751/1070/1346
f 762/1087/1347 763/501/1347 751/1088/1347
f 751/1088/1348 763/501/1348 752/1073/1348
f 743/1057/1349 368/416/1349 732/427/1349
f 54/1060/1350 764/1089/1350 733/1044/1350
f 733/1044/1351 764/1089/1351 744/1061/1351
f 764/1089/1352 765/1090/1352 744/1061/1352
f 765/1090/1353 766/1091/1353 744/1061/1353
f 744/1061/1354 766/1091/1354 753/1075/1354
f 766/1092/1355 767/1093/1355 753/1094/1355
f 753/1094/1356 767/1093/1356 754/1077/1356
f 767/1093/1357 768/1095/1357 754/1077/1357
f 754/1077/1358 768/1095/1358 755/1078/1358
f 755/1078/1359 768/1095/1359 756/1080/1359
f 756/1080/1360 769/1096/1360 757/1081/1360
f 757/1081/1361 770/1097/1361 758/1082/1361
f 758/1082/1362 770/1097/1362 759/1083/1362
f 770/1097/1363 771/1098/1363 759/1083/1363
f 771/1098/1364 772/1099/1364 759/1083/1364
f 759/1083/1365 772/1099/1365 760/1084/1365
f 772/1099/1366 773/1100/1366 760/1084/1366
f 760/1084/1367 773/1100/1367 761/1085/1367
f 773/1101/1368 762/1087/1368 761/1102/1368
f 763/501/1369 774/500/1369 752/1073/1369
f 752/1073/1370 774/500/1370 743/1057/1370
f 1268/1103/1371 53/1104/1371 54/1060/1371
f 53/1104/1372 775/1105/1372 54/1060/1372
f 775/1105/1373 764/1089/1373 54/1060/1373
f 764/1089/1374 776/1106/1374 765/1090/1374
f 776/1106/1375 777/1107/1375 765/1090/1375
f 765/1090/1376 777/1107/1376 766/1091/1376
f 777/1108/1377 767/1093/1377 766/1092/1377
f 767/1093/1378 778/1109/1378 768/1095/1378
f 778/1109/1379 779/1110/1379 768/1095/1379
f 768/1095/1380 779/1110/1380 756/1080/1380
f 756/1080/1381 779/1110/1381 769/1096/1381
f 769/1096/1382 780/1111/1382 757/1081/1382
f 780/1111/1383 781/1112/1383 757/1081/1383
f 757/1081/1384 781/1112/1384 770/1097/1384
f 781/1112/1385 782/1113/1385 770/1097/1385
f 770/1097/1386 782/1113/1386 771/1098/1386
f 782/1113/1387 783/1114/1387 771/1098/1387
f 771/1098/1388 783/1114/1388 772/1099/1388
f 783/1115/1389 773/1101/1389 772/1116/1389
f 762/1087/1390 791/502/1390 763/501/1390
f 775/1105/1391 784/1117/1391 764/1089/1391
f 784/1117/1392 785/1118/1392 764/1089/1392
f 764/1089/1393 785/1118/1393 776/1106/1393
f 785/1119/1394 786/1120/1394 776/1121/1394
f 776/1121/1395 786/1120/1395 777/1108/1395
f 786/1120/1396 787/1122/1396 777/1108/1396
f 777/1108/1397 787/1122/1397 767/1093/1397
f 787/1122/1398 778/1109/1398 767/1093/1398
f 779/1110/1399 788/1123/1399 769/1096/1399
f 769/1096/1400 788/1123/1400 780/1111/1400
f 788/1123/1401 789/1124/1401 780/1111/1401
f 780/1111/1402 789/1124/1402 781/1112/1402
f 789/1124/1403 790/1125/1403 781/1112/1403
f 781/1112/1404 790/1125/1404 782/1113/1404
f 773/1101/1405 791/502/1405 762/1087/1405
f 53/1104/1406 792/1126/1406 775/1105/1406
f 792/1126/1407 793/1127/1407 775/1105/1407
f 793/1127/1408 794/1128/1408 775/1105/1408
f 775/1105/1409 794/1128/1409 784/1117/1409
f 794/1129/1410 795/1130/1410 784/1131/1410
f 784/1132/1411 795/1133/1411 785/1119/1411
f 795/1133/1412 796/1134/1412 785/1119/1412
f 785/1119/1413 796/1134/1413 786/1120/1413
f 786/1120/1414 796/1134/1414 787/1122/1414
f 787/1122/1415 797/1135/1415 778/1109/1415
f 797/1135/1416 798/1136/1416 778/1109/1416
f 778/1109/1417 798/1136/1417 779/1110/1417
f 798/1136/1418 799/1137/1418 779/1110/1418
f 779/1110/1419 799/1137/1419 788/1123/1419
f 799/1137/1420 800/1138/1420 788/1123/1420
f 800/1138/1421 801/1139/1421 788/1123/1421
f 788/1123/1422 801/1139/1422 789/1124/1422
f 789/1140/1423 801/1141/1423 790/1142/1423
f 782/1143/1424 802/1144/1424 783/1115/1424
f 783/1115/1425 802/1144/1425 773/1101/1425
f 52/1145/1426 51/1146/1426 53/1104/1426
f 51/1146/1427 792/1126/1427 53/1104/1427
f 792/1126/1428 803/1147/1428 793/1127/1428
f 803/1147/1429 804/1148/1429 793/1127/1429
f 793/1127/1430 804/1148/1430 794/1128/1430
f 804/1149/1431 805/1150/1431 794/1151/1431
f 794/1151/1432 805/1150/1432 795/1133/1432
f 795/1133/1433 805/1150/1433 796/1134/1433
f 796/1134/1434 806/1152/1434 787/1122/1434
f 806/1152/1435 797/1135/1435 787/1122/1435
f 798/1136/1436 807/1153/1436 799/1137/1436
f 807/1153/1437 808/1154/1437 799/1137/1437
f 799/1137/1438 808/1154/1438 800/1138/1438
f 800/1155/1439 808/1156/1439 801/1141/1439
f 801/1141/1440 809/1157/1440 790/1142/1440
f 790/1142/1441 809/1157/1441 782/1143/1441
f 782/1143/1442 809/1157/1442 802/1144/1442
f 51/1146/1443 810/1158/1443 792/1126/1443
f 810/1158/1444 811/1159/1444 792/1126/1444
f 792/1126/1445 811/1159/1445 803/1147/1445
f 811/1160/1446 812/1161/1446 803/1162/1446
f 803/1163/1447 812/1164/1447 804/1149/1447
f 812/1164/1448 805/1150/1448 804/1149/1448
f 805/1150/1449 813/1165/1449 796/1134/1449
f 813/1165/1450 806/1152/1450 796/1134/1450
f 806/1152/1451 814/1166/1451 797/1135/1451
f 814/1166/1452 815/1167/1452 797/1135/1452
f 797/1135/1453 815/1167/1453 798/1136/1453
f 815/1167/1454 816/1168/1454 798/1136/1454
f 798/1136/1455 816/1168/1455 807/1153/1455
f 816/1169/1456 817/1170/1456 807/1171/1456
f 807/1171/1457 817/1170/1457 808/1156/1457
f 808/1156/1458 818/1172/1458 801/1141/1458
f 801/1141/1459 818/1172/1459 809/1157/1459
f 50/918/1460 819/1173/1460 51/1146/1460
f 51/1146/1461 819/1173/1461 810/1158/1461
f 819/1173/1462 820/1174/1462 810/1158/1462
f 810/1158/1463 820/1174/1463 811/1159/1463
f 820/1175/1464 821/1176/1464 811/1177/1464
f 811/1177/1464 821/1176/1464 812/1164/1464
f 812/1164/1465 821/1176/1465 805/1150/1465
f 821/1176/1466 822/1178/1466 805/1150/1466
f 805/1150/1467 822/1178/1467 813/1165/1467
f 822/1178/1468 823/1179/1468 813/1165/1468
f 813/1165/1469 823/1179/1469 806/1152/1469
f 814/1166/1470 824/1180/1470 815/1167/1470
f 824/1181/1471 825/477/1471 815/1182/1471
f 815/1182/1472 825/477/1472 816/1169/1472
f 825/477/1473 826/1183/1473 816/1169/1473
f 816/1169/1474 826/1183/1474 817/1170/1474
f 817/1170/1475 818/1172/1475 808/1156/1475
f 50/918/1476 827/1184/1476 819/1173/1476
f 827/1185/1477 828/1186/1477 819/1187/1477
f 819/1188/1478 828/1189/1478 820/1175/1478
f 828/1189/1479 821/1176/1479 820/1175/1479
f 823/1179/1480 829/1190/1480 806/1152/1480
f 829/1190/1481 830/1191/1481 806/1152/1481
f 806/1152/1482 830/1191/1482 814/1166/1482
f 830/1191/1483 831/1192/1483 814/1166/1483
f 814/1166/1484 831/1192/1484 824/1180/1484
f 831/1193/1485 825/477/1485 824/1181/1485
f 832/917/1486 833/1194/1486 50/918/1486
f 50/918/1487 833/1194/1487 827/1184/1487
f 827/1195/1488 833/1196/1488 828/1189/1488
f 828/1189/1489 833/1196/1489 821/1176/1489
f 833/1196/1490 834/1197/1490 821/1176/1490
f 821/1176/1491 834/1197/1491 822/1178/1491
f 834/1197/1492 835/1198/1492 822/1178/1492
f 822/1178/1493 835/1198/1493 823/1179/1493
f 835/1198/1494 836/1199/1494 823/1179/1494
f 836/1199/1495 829/1190/1495 823/1179/1495
f 825/477/1496 837/479/1496 826/1183/1496
f 49/458/1497 838/457/1497 832/917/1497
f 838/1200/1498 839/1201/1498 832/1202/1498
f 832/917/1499 839/1203/1499 833/1194/1499
f 836/1199/1500 840/1204/1500 829/1190/1500
f 829/1190/1501 840/1204/1501 830/1191/1501
f 840/1205/1502 841/497/1502 830/1206/1502
f 830/1206/1503 841/497/1503 831/1193/1503
f 831/1193/1504 842/478/1504 825/477/1504
f 12/1207/1505 13/454/1505 838/453/1505
f 839/455/1506 13/454/1506 833/1196/1506
f 13/454/1507 834/1197/1507 833/1196/1507
f 834/1197/1508 843/1208/1508 835/1198/1508
f 835/1198/1509 843/1208/1509 836/1199/1509
f 843/1208/1510 844/1209/1510 836/1199/1510
f 844/448/1511 840/1205/1511 836/1210/1511
f 841/497/1512 845/499/1512 831/1193/1512
f 831/1193/1513 845/499/1513 842/478/1513
f 75/460/1100 69/1211/1100 79/464/1100
f 13/454/1514 843/1208/1514 834/1197/1514
f 73/1212/1515 74/459/1515 83/461/1515
f 72/1213/527 73/1212/527 83/461/527
f 846/1214/1516 847/1215/1516 843/1208/1516
f 843/452/1517 847/1216/1517 844/1217/1517
f 844/448/1518 848/498/1518 840/1205/1518
f 840/1205/1519 848/498/1519 841/497/1519
f 71/1218/527 72/1213/527 85/1219/527
f 86/1220/1520 71/1218/1520 375/1221/1520
f 91/1222/1515 86/1220/1515 375/1221/1515
f 95/444/1515 91/1222/1515 375/1221/1515
f 82/462/1515 91/1222/1515 95/444/1515
f 97/1223/1521 98/446/1521 96/445/1521
f 844/448/1522 27/447/1522 848/498/1522
f 71/1218/1523 85/1219/1523 375/1221/1523
f 69/1211/1524 70/463/1524 79/464/1524
f 72/1213/1525 83/461/1525 85/1219/1525
f 68/34/1526 67/36/1526 79/464/1526
f 67/36/1527 128/1224/1527 3/1225/1527
f 79/464/1528 67/36/1528 5/1226/1528
f 128/1224/1515 76/1227/1515 78/1228/1515
f 76/1227/1529 151/1229/1529 78/1228/1529
f 151/1229/1530 77/1230/1530 78/1228/1530
f 128/1224/527 78/1228/527 3/1225/527
f 84/506/1531 79/464/1531 88/504/1531
f 90/429/1532 87/516/1532 79/464/1532
f 87/516/1533 88/504/1533 79/464/1533
f 89/430/1534 90/429/1534 79/464/1534
f 94/496/1535 89/430/1535 79/464/1535
f 1648/1231/1515 92/919/1515 79/464/1515
f 4/1232/1515 1648/1231/1515 79/464/1515
f 5/1226/1515 4/1232/1515 79/464/1515
f 3/1225/1536 5/1226/1536 67/36/1536
f 122/37/1537 120/31/1537 70/30/1537
f 1503/1233/1538 1486/1234/1538 1481/1235/1538
f 1649/526/1539 383/528/1539 92/527/1539
f 382/524/1540 91/514/1540 82/538/1540
f 1595/435/1541 1601/1236/1541 103/436/1541
f 1601/1237/1542 1604/1238/1542 103/1239/1542
f 1587/1240/1543 1595/435/1543 1580/437/1543
f 1566/1241/1544 102/1242/1544 101/1243/1544
f 1520/440/1545 1503/1233/1545 1485/1244/1545
f 1412/1245/1546 1452/1246/1546 1424/1247/1546
f 1486/1234/1547 1443/1248/1547 1458/1249/1547
f 1148/1250/1548 29/1251/1548 1149/1252/1548
f 1163/1253/1549 1677/1254/1549 1685/1255/1549
f 1685/1255/1550 10/1256/1550 1163/1253/1550
f 1685/1255/1551 1677/1254/1551 1684/1257/1551
f 1678/1258/1552 1685/1255/1552 1684/1257/1552
f 1682/1259/536 1683/1260/536 1679/1261/536
f 1680/1262/1553 1681/1263/1553 1679/1261/1553
f 7/485/536 1679/1261/536 1677/1254/536
f 1150/1264/536 1151/487/536 7/485/536
f 1674/1265/536 1150/1264/536 7/485/536
f 1134/1266/1554 1673/1267/1554 7/485/1554
f 1131/1268/1555 1134/1266/1555 7/485/1555
f 1/1269/536 18/484/536 1665/1270/536
f 4/1271/536 1/1269/536 1654/724/536
f 1648/525/1556 4/1271/1556 1649/526/1556
f 1650/576/1557 1649/526/1557 4/1271/1557
f 1652/577/536 1650/576/536 4/1271/536
f 1673/1267/1558 1674/1265/1558 7/485/1558
f 1651/607/1555 1652/577/1555 4/1271/1555
f 1653/649/536 1651/607/536 4/1271/536
f 484/674/1559 1653/649/1559 4/1271/1559
f 1654/724/1558 484/674/1558 4/1271/1558
f 567/749/536 1654/724/536 1/1269/536
f 567/749/536 1/1269/536 592/811/536
f 1667/1272/536 592/811/536 1/1269/536
f 1656/880/536 592/811/536 1667/1272/536
f 1668/1273/536 1656/880/536 1667/1272/536
f 1657/1274/1560 1656/880/1560 1668/1273/1560
f 1658/1275/536 1657/1274/536 1655/921/536
f 1659/1276/1560 1662/1277/1560 1660/1278/1560
f 1659/1276/536 1658/1275/536 1655/921/536
f 1655/921/1561 1662/1277/1561 1659/1276/1561
f 1655/921/536 1669/1279/536 1670/922/536
f 1668/1273/536 1669/1279/536 1657/1274/536
f 1670/922/536 1671/1280/536 1663/920/536
f 1660/1278/1562 1662/1277/1562 1661/1281/1562
f 1657/1274/536 1669/1279/536 1655/921/536
f 1/1269/536 1666/1282/536 1667/1272/536
f 1671/1280/1563 1672/1283/1563 1663/920/1563
f 18/484/536 1131/1268/536 7/485/536
f 1666/1282/536 1/1269/536 1665/1270/536
f 1665/1270/536 18/484/536 1664/923/536
f 1679/1261/536 1683/1260/536 1677/1254/536
f 1683/1260/1551 1684/1257/1551 1677/1254/1551
f 1682/1259/536 1679/1261/536 1681/1263/536
f 1677/1254/536 1676/1284/536 7/485/536
f 1676/1284/1555 1675/1285/1555 7/485/1555
f 1675/1285/1553 1152/1286/1553 7/485/1553
f 81/486/1564 7/485/1564 1152/1286/1564
f 1350/1287/1565 12/456/1565 49/458/1565
f 1/1288/535 9/1289/535 6/482/535
f 18/481/535 1/1288/535 6/482/535
f 6/482/1566 22/480/1566 20/469/1566
f 20/469/535 19/483/535 6/482/535
f 1443/1290/1567 1486/1291/1567 1580/1292/1567
f 1486/1291/529 1503/1293/529 1580/1292/529
f 1503/1293/529 1520/476/529 1571/475/529
f 1580/1292/1568 1503/1293/1568 1571/475/1568
f 1657/1274/1569 849/1294/1569 1656/880/1569
f 849/1294/1570 850/890/1570 1656/880/1570
f 1656/880/1571 850/890/1571 624/867/1571
f 851/1295/1572 1657/1274/1572 1658/1275/1572
f 851/1295/1573 849/1294/1573 1657/1274/1573
f 851/1295/1574 852/1296/1574 849/1294/1574
f 852/1296/1575 853/1297/1575 849/1294/1575
f 849/1294/1576 853/1297/1576 850/890/1576
f 1658/1275/1577 855/1298/1577 851/1295/1577
f 853/1297/1578 854/891/1578 850/890/1578
f 856/1299/1579 857/1300/1579 1659/1276/1579
f 1659/1276/1580 857/1300/1580 855/1298/1580
f 855/1298/1581 858/1301/1581 851/1295/1581
f 851/1295/1582 858/1301/1582 852/1296/1582
f 858/1301/1583 859/1302/1583 852/1296/1583
f 852/1296/1584 859/1302/1584 853/1297/1584
f 853/1297/1585 860/1303/1585 854/891/1585
f 854/891/1586 861/1304/1586 636/892/1586
f 861/1305/1587 625/868/1587 636/881/1587
f 862/1306/1588 856/1299/1588 1660/1278/1588
f 857/1300/1589 858/1301/1589 855/1298/1589
f 859/1302/1590 860/1303/1590 853/1297/1590
f 860/1303/1591 861/1304/1591 854/891/1591
f 861/1305/1592 863/893/1592 625/868/1592
f 1662/1277/1593 864/1307/1593 1661/1281/1593
f 864/1307/1594 862/1306/1594 1661/1281/1594
f 857/1300/1595 865/1308/1595 858/1301/1595
f 865/1308/1596 866/1309/1596 858/1301/1596
f 858/1301/1597 866/1309/1597 859/1302/1597
f 859/1302/1598 867/1310/1598 860/1303/1598
f 860/1311/1599 868/1312/1599 861/1305/1599
f 868/1312/1600 863/893/1600 861/1305/1600
f 1655/921/1601 869/1313/1601 1662/1277/1601
f 862/1306/1602 870/1314/1602 856/1299/1602
f 856/1299/1603 870/1314/1603 857/1300/1603
f 870/1314/1604 865/1308/1604 857/1300/1604
f 866/1309/1605 867/1310/1605 859/1302/1605
f 867/1315/1606 868/1312/1606 860/1311/1606
f 868/1312/1607 871/1316/1607 863/893/1607
f 871/1316/1608 626/869/1608 863/893/1608
f 1671/1280/1609 872/1317/1609 1672/1283/1609
f 873/1318/1610 874/1319/1610 1672/1283/1610
f 1672/1283/1611 874/1319/1611 1663/920/1611
f 1663/920/1612 874/1319/1612 1655/921/1612
f 874/1319/1613 869/1313/1613 1655/921/1613
f 869/1313/1614 895/1320/1614 1662/1277/1614
f 1662/1277/1615 895/1320/1615 864/1307/1615
f 864/1307/1616 887/1321/1616 862/1306/1616
f 887/1321/1617 875/1322/1617 862/1306/1617
f 875/1322/1618 870/1314/1618 862/1306/1618
f 865/1308/1619 876/1323/1619 866/1309/1619
f 866/1309/1620 877/1324/1620 867/1310/1620
f 867/1315/1621 878/1325/1621 868/1312/1621
f 878/1325/1622 871/1316/1622 868/1312/1622
f 871/1316/1623 879/1326/1623 626/869/1623
f 879/1326/1624 627/870/1624 626/869/1624
f 1665/1270/1625 880/1327/1625 1666/1282/1625
f 880/1327/1626 881/1328/1626 1666/1282/1626
f 1666/1282/1627 881/1328/1627 1667/1272/1627
f 1667/1272/1628 882/1329/1628 1668/1273/1628
f 883/1330/1629 884/1331/1629 1668/1273/1629
f 1668/1273/1630 884/1331/1630 1669/1279/1630
f 884/1331/1631 885/1332/1631 1669/1279/1631
f 1669/1279/1632 885/1332/1632 1670/922/1632
f 885/1332/1633 886/1333/1633 1670/922/1633
f 1670/922/1634 886/1333/1634 1671/1280/1634
f 886/1333/1635 872/1317/1635 1671/1280/1635
f 895/1320/1636 887/1321/1636 864/1307/1636
f 887/1321/1637 888/1334/1637 875/1322/1637
f 870/1314/1638 889/1335/1638 865/1308/1638
f 889/1335/1639 876/1323/1639 865/1308/1639
f 876/1323/1640 877/1324/1640 866/1309/1640
f 877/1336/1641 878/1325/1641 867/1315/1641
f 878/1325/1642 890/1337/1642 871/1316/1642
f 890/1337/1643 879/1326/1643 871/1316/1643
f 879/1326/1644 891/1338/1644 627/870/1644
f 627/870/1645 891/1338/1645 616/858/1645
f 891/1338/1646 109/894/1646 616/858/1646
f 1667/1272/1647 881/1328/1647 882/1329/1647
f 872/1317/1648 893/1339/1648 873/1318/1648
f 893/1339/1649 894/1340/1649 873/1318/1649
f 873/1318/1650 894/1340/1650 874/1319/1650
f 894/1340/1651 895/1320/1651 874/1319/1651
f 874/1319/1652 895/1320/1652 869/1313/1652
f 888/1334/1653 896/1341/1653 875/1322/1653
f 875/1322/1654 896/1341/1654 870/1314/1654
f 896/1341/1655 889/1335/1655 870/1314/1655
f 876/1342/1656 897/1343/1656 877/1336/1656
f 877/1336/1657 898/1344/1657 878/1325/1657
f 898/1344/1658 890/1337/1658 878/1325/1658
f 890/1337/1659 899/1345/1659 879/1326/1659
f 899/1345/1660 891/1338/1660 879/1326/1660
f 1664/923/1661 900/1346/1661 1665/1270/1661
f 892/1347/1662 880/1327/1662 1665/1270/1662
f 884/1331/1663 901/1348/1663 885/1332/1663
f 885/1332/1664 901/1348/1664 886/1333/1664
f 886/1333/1665 893/1339/1665 872/1317/1665
f 895/1320/1666 910/1349/1666 887/1321/1666
f 910/1349/1667 902/1350/1667 887/1321/1667
f 887/1321/1668 902/1350/1668 888/1334/1668
f 889/1351/1669 903/1352/1669 876/1342/1669
f 903/1352/1670 897/1343/1670 876/1342/1670
f 897/1343/1671 898/1344/1671 877/1336/1671
f 898/1344/1672 904/1353/1672 890/1337/1672
f 904/1353/1673 899/1345/1673 890/1337/1673
f 899/1345/1674 905/1354/1674 891/1338/1674
f 905/1354/1675 906/1355/1675 891/1338/1675
f 891/1338/1676 906/1355/1676 109/894/1676
f 906/1355/1677 637/882/1677 109/894/1677
f 81/486/1678 900/1346/1678 1664/923/1678
f 900/1346/1679 892/1347/1679 1665/1270/1679
f 882/1329/1680 919/1356/1680 1668/1273/1680
f 919/1356/1681 883/1330/1681 1668/1273/1681
f 884/1331/1682 907/1357/1682 901/1348/1682
f 893/1339/1683 908/1358/1683 894/1340/1683
f 908/1358/1684 909/1359/1684 894/1340/1684
f 894/1340/1685 909/1359/1685 895/1320/1685
f 909/1359/1686 910/1349/1686 895/1320/1686
f 910/1349/1687 911/1360/1687 902/1350/1687
f 902/1350/1688 912/1361/1688 888/1334/1688
f 888/1334/1689 912/1361/1689 896/1341/1689
f 896/1341/1690 913/1362/1690 889/1335/1690
f 913/1363/1691 903/1352/1691 889/1351/1691
f 897/1343/1692 914/1364/1692 898/1344/1692
f 914/1364/1693 904/1353/1693 898/1344/1693
f 904/1353/1694 915/1365/1694 899/1345/1694
f 915/1365/1695 905/1354/1695 899/1345/1695
f 906/1355/1696 916/1366/1696 637/882/1696
f 916/1366/1697 917/1367/1697 637/882/1697
f 637/882/1698 917/1367/1698 108/895/1698
f 917/1367/1699 107/899/1699 108/895/1699
f 883/1330/1700 930/1368/1700 884/1331/1700
f 930/1368/1701 907/1357/1701 884/1331/1701
f 907/1357/1702 920/1369/1702 901/1348/1702
f 901/1348/1703 920/1369/1703 886/1333/1703
f 920/1369/1704 921/1370/1704 886/1333/1704
f 886/1333/1705 921/1370/1705 893/1339/1705
f 921/1370/1706 908/1358/1706 893/1339/1706
f 911/1360/1707 912/1361/1707 902/1350/1707
f 912/1361/1708 913/1362/1708 896/1341/1708
f 903/1352/1709 922/1371/1709 897/1343/1709
f 922/1371/1710 914/1364/1710 897/1343/1710
f 914/1364/1711 923/1372/1711 904/1353/1711
f 923/1372/1712 915/1365/1712 904/1353/1712
f 915/1365/1713 924/1373/1713 905/1354/1713
f 924/1373/1714 925/1374/1714 905/1354/1714
f 925/1374/1715 926/1375/1715 905/1354/1715
f 905/1354/1716 926/1375/1716 906/1355/1716
f 926/1375/1717 927/1376/1717 906/1355/1717
f 906/1355/1718 927/1376/1718 916/1366/1718
f 927/1376/1719 928/1377/1719 916/1366/1719
f 916/1366/1720 928/1377/1720 917/1367/1720
f 928/1377/1721 929/1378/1721 917/1367/1721
f 917/1379/1722 929/1380/1722 107/1381/1722
f 1152/1286/1723 1154/1382/1723 81/486/1723
f 1154/1382/1724 918/1383/1724 81/486/1724
f 881/1328/1725 943/1384/1725 882/1329/1725
f 882/1329/1726 943/1384/1726 919/1356/1726
f 907/1357/1727 946/1385/1727 920/1369/1727
f 908/1358/1728 931/1386/1728 909/1359/1728
f 931/1386/1729 932/1387/1729 909/1359/1729
f 909/1359/1730 932/1387/1730 910/1349/1730
f 932/1387/1731 933/1388/1731 910/1349/1731
f 910/1349/1732 933/1388/1732 911/1360/1732
f 912/1389/1733 934/1390/1733 913/1363/1733
f 913/1363/1734 935/1391/1734 903/1352/1734
f 903/1352/1735 935/1391/1735 922/1371/1735
f 922/1371/1736 936/1392/1736 914/1364/1736
f 936/1392/1737 923/1372/1737 914/1364/1737
f 923/1372/1738 937/1393/1738 915/1365/1738
f 937/1393/1739 924/1373/1739 915/1365/1739
f 925/1374/1740 938/1394/1740 926/1375/1740
f 938/1394/1741 939/1395/1741 926/1375/1741
f 926/1375/1742 939/1395/1742 927/1376/1742
f 939/1395/1743 940/1396/1743 927/1376/1743
f 927/1376/1744 940/1396/1744 928/1377/1744
f 940/1397/1745 941/1398/1745 928/1399/1745
f 928/1399/1746 941/1398/1746 929/886/1746
f 941/1398/1747 630/874/1747 929/886/1747
f 81/486/1748 918/1383/1748 900/1346/1748
f 892/1347/1749 942/1400/1749 880/1327/1749
f 880/1327/1750 942/1400/1750 881/1328/1750
f 942/1400/1751 943/1384/1751 881/1328/1751
f 943/1384/1752 944/1401/1752 919/1356/1752
f 919/1356/1753 945/1402/1753 883/1330/1753
f 945/1402/1754 930/1368/1754 883/1330/1754
f 930/1368/1755 946/1385/1755 907/1357/1755
f 946/1385/1756 921/1370/1756 920/1369/1756
f 921/1370/1757 947/1403/1757 908/1358/1757
f 947/1403/1758 931/1386/1758 908/1358/1758
f 933/1388/1759 948/1404/1759 911/1360/1759
f 911/1360/1760 948/1404/1760 912/1361/1760
f 912/1389/1761 949/1405/1761 934/1390/1761
f 934/1390/1762 935/1391/1762 913/1363/1762
f 935/1391/1763 950/1406/1763 922/1371/1763
f 950/1406/1764 936/1392/1764 922/1371/1764
f 936/1392/1765 951/1407/1765 923/1372/1765
f 951/1407/1766 937/1393/1766 923/1372/1766
f 937/1393/1767 952/1408/1767 924/1373/1767
f 952/1408/1768 953/1409/1768 924/1373/1768
f 924/1373/1769 953/1409/1769 925/1374/1769
f 953/1409/1770 954/1410/1770 925/1374/1770
f 925/1374/1771 954/1410/1771 938/1394/1771
f 954/1410/1772 955/1411/1772 938/1394/1772
f 938/1394/1773 955/1411/1773 939/1395/1773
f 955/1412/1774 956/1413/1774 939/1414/1774
f 939/1414/1775 956/1413/1775 940/1397/1775
f 956/1413/1776 941/1398/1776 940/1397/1776
f 941/1398/1777 631/875/1777 630/874/1777
f 900/1346/1778 957/1415/1778 892/1347/1778
f 892/1347/1779 957/1415/1779 942/1400/1779
f 944/1401/1780 945/1402/1780 919/1356/1780
f 969/1416/1781 946/1385/1781 930/1368/1781
f 946/1385/1782 958/1417/1782 921/1370/1782
f 931/1386/1783 959/1418/1783 932/1387/1783
f 959/1418/1784 960/1419/1784 932/1387/1784
f 932/1387/1785 960/1419/1785 933/1388/1785
f 960/1419/1786 948/1404/1786 933/1388/1786
f 948/1420/1787 949/1405/1787 912/1389/1787
f 949/1405/1788 961/1421/1788 934/1390/1788
f 934/1390/1789 961/1421/1789 935/1391/1789
f 961/1421/1790 950/1406/1790 935/1391/1790
f 950/1406/1791 974/1422/1791 936/1392/1791
f 974/1422/1792 951/1407/1792 936/1392/1792
f 951/1407/1793 962/1423/1793 937/1393/1793
f 962/1423/1794 952/1408/1794 937/1393/1794
f 952/1408/1795 963/1424/1795 953/1409/1795
f 963/1424/1796 964/1425/1796 953/1409/1796
f 953/1409/1797 964/1425/1797 954/1410/1797
f 964/1425/1798 965/1426/1798 954/1410/1798
f 954/1427/1799 965/1428/1799 955/1429/1799
f 965/1430/1800 966/1431/1800 955/1412/1800
f 955/1412/1801 966/1431/1801 956/1413/1801
f 956/1413/1802 966/1431/1802 941/1398/1802
f 966/1431/1803 967/1432/1803 941/1398/1803
f 941/1398/1804 967/1432/1804 631/875/1804
f 967/1432/1805 968/1433/1805 631/875/1805
f 968/1433/1806 106/901/1806 631/875/1806
f 942/1400/1807 944/1401/1807 943/1384/1807
f 945/1402/1808 969/1416/1808 930/1368/1808
f 984/1434/1809 958/1417/1809 946/1385/1809
f 958/1417/1810 970/1435/1810 921/1370/1810
f 921/1370/1811 970/1435/1811 947/1403/1811
f 947/1403/1812 971/1436/1812 931/1386/1812
f 931/1386/1813 971/1436/1813 959/1418/1813
f 948/1420/1814 972/1437/1814 949/1405/1814
f 949/1405/1815 973/1438/1815 961/1421/1815
f 961/1421/1816 974/1422/1816 950/1406/1816
f 974/1422/1817 975/1439/1817 951/1407/1817
f 975/1439/1818 976/1440/1818 951/1407/1818
f 976/1440/1819 962/1423/1819 951/1407/1819
f 962/1423/1820 977/1441/1820 952/1408/1820
f 977/1441/1821 978/1442/1821 952/1408/1821
f 952/1408/1822 978/1442/1822 963/1424/1822
f 978/1442/1823 979/1443/1823 963/1424/1823
f 963/1424/1824 979/1443/1824 964/1425/1824
f 979/1444/1825 980/1445/1825 964/1446/1825
f 964/1446/1826 980/1445/1826 965/1430/1826
f 980/1445/1827 966/1431/1827 965/1430/1827
f 968/1433/1828 981/1447/1828 106/901/1828
f 981/1448/1829 105/904/1829 106/903/1829
f 1154/1382/1830 982/1449/1830 918/1383/1830
f 918/1383/1831 983/1450/1831 900/1346/1831
f 900/1346/1832 983/1450/1832 957/1415/1832
f 969/1416/1833 984/1434/1833 946/1385/1833
f 970/1435/1834 971/1436/1834 947/1403/1834
f 971/1436/1835 985/1451/1835 959/1418/1835
f 985/1452/1836 986/1453/1836 959/1454/1836
f 959/1454/1837 986/1453/1837 960/1455/1837
f 960/1455/1838 986/1453/1838 948/1420/1838
f 986/1453/1839 972/1437/1839 948/1420/1839
f 972/1437/1840 973/1438/1840 949/1405/1840
f 973/1438/1841 987/1456/1841 961/1421/1841
f 987/1456/1842 974/1422/1842 961/1421/1842
f 988/1457/1843 975/1439/1843 974/1422/1843
f 976/1440/1844 989/1458/1844 962/1423/1844
f 989/1458/1845 990/1459/1845 962/1423/1845
f 962/1423/1846 990/1459/1846 977/1441/1846
f 990/1459/1847 991/1460/1847 977/1441/1847
f 977/1441/1848 991/1460/1848 978/1442/1848
f 991/1461/1849 992/1462/1849 978/1463/1849
f 978/1463/1850 992/1462/1850 979/1444/1850
f 992/1462/1851 993/1464/1851 979/1444/1851
f 979/1444/1852 993/1464/1852 980/1445/1852
f 980/1445/1853 993/1464/1853 966/1431/1853
f 993/1464/1854 994/1465/1854 966/1431/1854
f 966/1431/1855 994/1465/1855 967/1432/1855
f 994/1465/1856 995/1466/1856 967/1432/1856
f 967/1432/1857 995/1466/1857 968/1433/1857
f 995/1466/1858 996/1467/1858 968/1433/1858
f 968/1433/1859 996/1467/1859 981/1447/1859
f 996/1468/1860 997/905/1860 981/1448/1860
f 981/1448/1861 997/905/1861 105/904/1861
f 1154/1382/1862 80/1469/1862 982/1449/1862
f 982/1449/1863 983/1450/1863 918/1383/1863
f 983/1450/1864 998/1470/1864 957/1415/1864
f 957/1415/1865 998/1470/1865 942/1400/1865
f 998/1470/1866 999/1471/1866 942/1400/1866
f 942/1400/1867 999/1471/1867 944/1401/1867
f 944/1401/1868 999/1471/1868 945/1402/1868
f 945/1402/1869 1014/1472/1869 969/1416/1869
f 1014/1472/1870 984/1434/1870 969/1416/1870
f 984/1434/1871 1015/1473/1871 958/1417/1871
f 1015/1473/1872 1000/1474/1872 958/1417/1872
f 958/1417/1873 1000/1474/1873 970/1435/1873
f 970/1435/1874 1001/1475/1874 971/1436/1874
f 1001/1475/1875 1002/1476/1875 971/1436/1875
f 971/1477/1876 1002/1478/1876 985/1452/1876
f 986/1453/1877 1003/1479/1877 972/1437/1877
f 972/1437/1878 1004/1480/1878 973/1438/1878
f 1004/1480/1879 987/1456/1879 973/1438/1879
f 987/1456/1880 1005/1481/1880 974/1422/1880
f 1005/1481/1881 988/1457/1881 974/1422/1881
f 988/1457/1882 1006/1482/1882 975/1439/1882
f 1006/1482/1883 1007/1483/1883 975/1439/1883
f 975/1439/1884 1007/1483/1884 976/1440/1884
f 1007/1483/1885 1008/1484/1885 976/1440/1885
f 976/1440/1886 1008/1484/1886 989/1458/1886
f 1008/1484/1887 1009/1485/1887 989/1458/1887
f 989/1458/1888 1009/1485/1888 990/1459/1888
f 1009/1485/1889 1010/1486/1889 990/1459/1889
f 990/1459/1890 1010/1486/1890 991/1460/1890
f 1010/1487/1891 992/1462/1891 991/1461/1891
f 993/1464/1892 1011/1488/1892 994/1465/1892
f 1011/1488/1893 1012/1489/1893 994/1465/1893
f 994/1465/1894 1012/1489/1894 995/1466/1894
f 1012/1490/1895 1013/1491/1895 995/1492/1895
f 995/1492/1896 1013/1491/1896 996/1468/1896
f 1013/1491/1897 997/905/1897 996/1468/1897
f 1031/1493/1898 1014/1472/1898 999/1471/1898
f 999/1471/1899 1014/1472/1899 945/1402/1899
f 1014/1472/1900 1032/1494/1900 984/1434/1900
f 1000/1474/1901 1001/1475/1901 970/1435/1901
f 1002/1478/1902 1016/1495/1902 985/1452/1902
f 985/1452/1903 1016/1495/1903 986/1453/1903
f 1016/1495/1904 1003/1479/1904 986/1453/1904
f 1003/1479/1905 1004/1480/1905 972/1437/1905
f 1004/1480/1906 1017/1496/1906 987/1456/1906
f 1017/1496/1907 1005/1481/1907 987/1456/1907
f 1005/1481/1908 1018/1497/1908 988/1457/1908
f 1018/1497/1909 1006/1482/1909 988/1457/1909
f 1006/1482/1910 1019/1498/1910 1007/1483/1910
f 1019/1498/1911 1020/1499/1911 1007/1483/1911
f 1007/1483/1912 1020/1499/1912 1008/1484/1912
f 1020/1499/1913 1021/1500/1913 1008/1484/1913
f 1008/1484/1914 1021/1500/1914 1009/1485/1914
f 1021/1501/1915 1022/1502/1915 1009/1503/1915
f 1009/1503/1916 1022/1502/1916 1010/1487/1916
f 1010/1487/1917 1022/1502/1917 992/1462/1917
f 1022/1502/1918 1023/1504/1918 992/1462/1918
f 992/1462/1919 1023/1504/1919 993/1464/1919
f 1023/1504/1920 1024/1505/1920 993/1464/1920
f 993/1464/1921 1024/1505/1921 1011/1488/1921
f 1024/1505/1922 1025/1506/1922 1011/1488/1922
f 1025/1507/1923 1026/1508/1923 1011/1509/1923
f 1011/1509/1924 1026/1508/1924 1012/1490/1924
f 1026/1508/1925 1027/1510/1925 1012/1490/1925
f 1012/1490/1926 1027/1510/1926 1013/1491/1926
f 1013/1491/1927 1027/1510/1927 997/905/1927
f 1027/1510/1928 1028/1511/1928 997/905/1928
f 997/905/1929 1028/1511/1929 621/865/1929
f 1028/1511/1930 640/888/1930 621/865/1930
f 982/1449/1931 1029/1512/1931 983/1450/1931
f 1029/1512/1932 1030/1513/1932 983/1450/1932
f 983/1450/1933 1030/1513/1933 998/1470/1933
f 1030/1513/1934 1031/1493/1934 998/1470/1934
f 998/1470/1935 1031/1493/1935 999/1471/1935
f 1032/1494/1936 1015/1473/1936 984/1434/1936
f 1000/1474/1937 1033/1514/1937 1001/1475/1937
f 1033/1515/1938 1034/1516/1938 1001/1517/1938
f 1001/1517/1939 1034/1516/1939 1002/1478/1939
f 1034/1516/1940 1016/1495/1940 1002/1478/1940
f 1016/1495/1941 1035/1518/1941 1003/1479/1941
f 1003/1479/1942 1036/1519/1942 1004/1480/1942
f 1036/1519/1943 1017/1496/1943 1004/1480/1943
f 1017/1496/1944 1037/1520/1944 1005/1481/1944
f 1037/1520/1945 1018/1497/1945 1005/1481/1945
f 1018/1497/1946 1038/1521/1946 1006/1482/1946
f 1038/1521/1947 1039/1522/1947 1006/1482/1947
f 1006/1482/1948 1039/1522/1948 1019/1498/1948
f 1039/1522/1949 1040/1523/1949 1019/1498/1949
f 1019/1498/1950 1040/1523/1950 1020/1499/1950
f 1040/1524/1951 1041/1525/1951 1020/1526/1951
f 1020/1526/1952 1041/1525/1952 1021/1501/1952
f 1041/1525/1953 1022/1502/1953 1021/1501/1953
f 1023/1504/1954 1042/1527/1954 1024/1505/1954
f 1042/1527/1955 1043/1528/1955 1024/1505/1955
f 1043/1528/1956 1044/1529/1956 1024/1505/1956
f 1024/1505/1957 1044/1529/1957 1025/1506/1957
f 1044/1530/1958 1045/1531/1958 1025/1507/1958
f 1025/1507/1959 1045/1531/1959 1026/1508/1959
f 1026/1508/1960 1045/1531/1960 1027/1510/1960
f 1157/1532/1961 1160/1533/1961 80/1469/1961
f 80/1469/1962 1046/1534/1962 982/1449/1962
f 982/1449/1963 1046/1534/1963 1029/1512/1963
f 1047/1535/1964 1032/1494/1964 1014/1472/1964
f 1032/1494/1965 1083/1536/1965 1015/1473/1965
f 1015/1473/1966 1062/1537/1966 1000/1474/1966
f 1062/1537/1967 1033/1514/1967 1000/1474/1967
f 1034/1516/1968 1048/1538/1968 1016/1495/1968
f 1048/1538/1969 1035/1518/1969 1016/1495/1969
f 1035/1518/1970 1049/1539/1970 1003/1479/1970
f 1049/1539/1971 1036/1519/1971 1003/1479/1971
f 1036/1519/1972 1037/1520/1972 1017/1496/1972
f 1037/1520/1973 1050/1540/1973 1018/1497/1973
f 1050/1540/1974 1051/1541/1974 1018/1497/1974
f 1018/1497/1975 1051/1541/1975 1038/1521/1975
f 1051/1541/1976 1052/1542/1976 1038/1521/1976
f 1038/1521/1977 1052/1542/1977 1039/1522/1977
f 1052/1543/1978 1053/1544/1978 1039/1545/1978
f 1039/1545/1979 1053/1544/1979 1040/1524/1979
f 1053/1544/1980 1041/1525/1980 1040/1524/1980
f 1041/1525/1981 1054/1546/1981 1022/1502/1981
f 1022/1502/1982 1054/1546/1982 1023/1504/1982
f 1054/1546/1983 1055/1547/1983 1023/1504/1983
f 1023/1504/1984 1055/1547/1984 1042/1527/1984
f 1055/1547/1985 1056/1548/1985 1042/1527/1985
f 1042/1527/1986 1056/1548/1986 1043/1528/1986
f 1056/1549/1987 1057/1550/1987 1043/1551/1987
f 1043/1551/1988 1057/1550/1988 1044/1530/1988
f 1044/1530/1989 1057/1550/1989 1045/1531/1989
f 1045/1531/1990 1058/1552/1990 1027/1510/1990
f 1027/1510/1991 1058/1552/1991 1028/1511/1991
f 1058/1552/1992 1059/1553/1992 1028/1511/1992
f 1028/1511/1993 1059/1553/1993 640/888/1993
f 1059/1553/1994 634/878/1994 640/888/1994
f 1160/1533/1995 1046/1534/1995 80/1469/1995
f 1046/1534/1996 1060/1554/1996 1029/1512/1996
f 1029/1512/1997 1060/1554/1997 1030/1513/1997
f 1060/1554/1998 1061/1555/1998 1030/1513/1998
f 1030/1513/1999 1061/1555/1999 1031/1493/1999
f 1031/1493/2000 1047/1535/2000 1014/1472/2000
f 1083/1536/2001 1062/1537/2001 1015/1473/2001
f 1062/1556/2002 1063/1557/2002 1033/1515/2002
f 1063/1557/2003 1064/1558/2003 1033/1515/2003
f 1033/1515/2004 1064/1558/2004 1034/1516/2004
f 1064/1558/2005 1048/1538/2005 1034/1516/2005
f 1048/1538/2006 1065/1559/2006 1035/1518/2006
f 1065/1559/2007 1049/1539/2007 1035/1518/2007
f 1049/1539/2008 1066/1560/2008 1036/1519/2008
f 1066/1560/2009 1067/1561/2009 1036/1519/2009
f 1036/1519/2010 1067/1561/2010 1037/1520/2010
f 1067/1561/2011 1068/1562/2011 1037/1520/2011
f 1037/1520/2012 1068/1562/2012 1050/1540/2012
f 1068/1562/2013 1069/1563/2013 1050/1540/2013
f 1050/1540/2014 1069/1563/2014 1051/1541/2014
f 1069/1564/2015 1070/1565/2015 1051/1566/2015
f 1051/1566/2016 1070/1565/2016 1052/1543/2016
f 1052/1543/2017 1070/1565/2017 1053/1544/2017
f 1070/1565/2018 1071/1567/2018 1053/1544/2018
f 1053/1544/2019 1071/1567/2019 1041/1525/2019
f 1071/1567/2020 1072/1568/2020 1041/1525/2020
f 1041/1525/2021 1072/1568/2021 1054/1546/2021
f 1072/1568/2022 1073/1569/2022 1054/1546/2022
f 1073/1569/2023 1074/1570/2023 1054/1546/2023
f 1054/1546/2024 1074/1570/2024 1055/1547/2024
f 1074/1571/2025 1075/1572/2025 1055/1573/2025
f 1055/1573/2026 1075/1572/2026 1056/1549/2026
f 1075/1572/2027 1076/1574/2027 1056/1549/2027
f 1056/1549/2028 1076/1574/2028 1057/1550/2028
f 1057/1550/2029 1077/1575/2029 1045/1531/2029
f 1077/1575/2030 1058/1552/2030 1045/1531/2030
f 1059/1553/2031 1078/906/2031 634/878/2031
f 1162/1576/2032 1079/1577/2032 1160/1533/2032
f 1160/1533/2033 1079/1577/2033 1046/1534/2033
f 1079/1577/2034 1080/1578/2034 1046/1534/2034
f 1046/1534/2035 1080/1578/2035 1060/1554/2035
f 1060/1554/2036 1081/1579/2036 1061/1555/2036
f 1081/1579/2037 1082/1580/2037 1061/1555/2037
f 1061/1555/2038 1082/1580/2038 1031/1493/2038
f 1082/1580/2039 1047/1535/2039 1031/1493/2039
f 1047/1535/2040 1083/1536/2040 1032/1494/2040
f 1096/1581/2041 1062/1537/2041 1083/1536/2041
f 1097/1582/2042 1063/1557/2042 1062/1556/2042
f 1064/1558/2043 1084/1583/2043 1048/1538/2043
f 1084/1583/2044 1065/1559/2044 1048/1538/2044
f 1065/1559/2045 1085/1584/2045 1049/1539/2045
f 1049/1539/2046 1085/1584/2046 1066/1560/2046
f 1085/1584/2047 1086/1585/2047 1066/1560/2047
f 1086/1585/2048 1087/1586/2048 1066/1560/2048
f 1066/1560/2049 1087/1586/2049 1067/1561/2049
f 1087/1586/2050 1088/1587/2050 1067/1561/2050
f 1067/1561/2051 1088/1587/2051 1068/1562/2051
f 1088/1588/2052 1089/1589/2052 1068/1590/2052
f 1068/1590/2053 1089/1589/2053 1069/1564/2053
f 1089/1589/2054 1090/1591/2054 1069/1564/2054
f 1069/1564/2055 1090/1591/2055 1070/1565/2055
f 1090/1591/2056 1071/1567/2056 1070/1565/2056
f 1072/1568/2057 1091/1592/2057 1073/1569/2057
f 1091/1593/2058 1092/1594/2058 1073/1595/2058
f 1073/1595/2059 1092/1594/2059 1074/1571/2059
f 1074/1571/2060 1092/1594/2060 1075/1572/2060
f 1092/1594/2061 1076/1574/2061 1075/1572/2061
f 1076/1574/2062 1077/1575/2062 1057/1550/2062
f 1077/1575/2063 1093/1596/2063 1058/1552/2063
f 1093/1596/2064 1094/1597/2064 1058/1552/2064
f 1058/1552/2065 1094/1597/2065 1059/1553/2065
f 1094/1597/2066 1095/1598/2066 1059/1553/2066
f 1059/1553/2067 1095/1598/2067 1078/906/2067
f 1096/1599/2068 1097/1582/2068 1062/1556/2068
f 1097/1582/2069 1098/1600/2069 1063/1557/2069
f 1063/1557/2070 1098/1600/2070 1064/1558/2070
f 1098/1600/2071 1099/1601/2071 1064/1558/2071
f 1099/1601/2072 1084/1583/2072 1064/1558/2072
f 1084/1583/2073 1100/1602/2073 1065/1559/2073
f 1100/1602/2074 1101/1603/2074 1065/1559/2074
f 1065/1559/2075 1101/1603/2075 1085/1584/2075
f 1101/1603/2076 1102/1604/2076 1085/1584/2076
f 1102/1604/2077 1103/1605/2077 1085/1584/2077
f 1085/1584/2078 1103/1605/2078 1086/1585/2078
f 1103/1605/2079 1104/1606/2079 1086/1585/2079
f 1086/1585/2080 1104/1606/2080 1087/1586/2080
f 1104/1607/2081 1105/1608/2081 1087/1609/2081
f 1087/1609/2082 1105/1608/2082 1088/1588/2082
f 1105/1608/2083 1106/1610/2083 1088/1588/2083
f 1088/1588/2084 1106/1610/2084 1089/1589/2084
f 1089/1589/2085 1106/1610/2085 1090/1591/2085
f 1090/1591/2086 1107/1611/2086 1071/1567/2086
f 1071/1567/2087 1107/1611/2087 1072/1568/2087
f 1107/1611/2088 1108/1612/2088 1072/1568/2088
f 1108/1612/2089 1109/1613/2089 1072/1568/2089
f 1072/1568/2090 1109/1613/2090 1091/1592/2090
f 1109/1614/2091 1092/1594/2091 1091/1593/2091
f 1092/1594/2092 1110/1615/2092 1076/1574/2092
f 1076/1574/2093 1111/1616/2093 1077/1575/2093
f 1095/1598/2094 641/889/2094 1078/906/2094
f 1162/1576/2095 1166/1617/2095 1079/1577/2095
f 1166/1617/2096 1080/1578/2096 1079/1577/2096
f 1080/1578/2097 1112/1618/2097 1060/1554/2097
f 1060/1554/2098 1112/1618/2098 1081/1579/2098
f 1112/1618/2099 1113/1619/2099 1081/1579/2099
f 1113/1619/2100 1082/1580/2100 1081/1579/2100
f 1082/1580/2101 1114/1620/2101 1047/1535/2101
f 1114/1620/2102 1115/1621/2102 1047/1535/2102
f 1047/1535/2103 1115/1621/2103 1083/1536/2103
f 1115/1621/2104 1096/1581/2104 1083/1536/2104
f 1099/1601/2105 1116/1622/2105 1084/1583/2105
f 1116/1622/2106 1100/1602/2106 1084/1583/2106
f 1100/1602/2107 1117/1623/2107 1101/1603/2107
f 1117/1623/2108 1118/1624/2108 1101/1603/2108
f 1101/1603/2109 1118/1624/2109 1102/1604/2109
f 1118/1625/2110 1119/1626/2110 1102/1627/2110
f 1102/1604/2111 1119/1628/2111 1103/1605/2111
f 1119/1629/2112 1120/1630/2112 1103/1631/2112
f 1103/1631/2113 1120/1630/2113 1104/1607/2113
f 1120/1630/2114 1121/1632/2114 1104/1607/2114
f 1104/1607/2115 1121/1632/2115 1105/1608/2115
f 1105/1608/2116 1121/1632/2116 1106/1610/2116
f 1106/1610/2117 1122/1633/2117 1090/1591/2117
f 1090/1591/2118 1122/1633/2118 1107/1611/2118
f 1122/1633/2119 1123/1634/2119 1107/1611/2119
f 1123/1634/2120 1124/1635/2120 1107/1611/2120
f 1107/1611/2121 1124/1635/2121 1108/1612/2121
f 1124/1636/2122 1125/1637/2122 1108/1638/2122
f 1108/1638/2123 1125/1637/2123 1109/1614/2123
f 1109/1614/2124 1125/1637/2124 1092/1594/2124
f 1125/1637/2125 1126/1639/2125 1092/1594/2125
f 1126/1639/2126 1110/1615/2126 1092/1594/2126
f 1110/1615/2127 1111/1616/2127 1076/1574/2127
f 1111/1616/2128 1127/1640/2128 1077/1575/2128
f 1077/1575/2129 1127/1640/2129 1093/1596/2129
f 1127/1640/2130 1128/1641/2130 1093/1596/2130
f 1093/1596/2131 1128/1641/2131 1094/1597/2131
f 1128/1641/2132 1129/1642/2132 1094/1597/2132
f 1094/1597/2133 1129/1642/2133 1095/1598/2133
f 1129/1642/2134 641/889/2134 1095/1598/2134
f 1166/1617/2135 47/1643/2135 1080/1578/2135
f 47/1643/2136 1112/1618/2136 1080/1578/2136
f 1113/1619/2137 1114/1620/2137 1082/1580/2137
f 1114/1620/2138 46/1644/2138 1115/1621/2138
f 1096/1599/2139 45/1645/2139 1097/1582/2139
f 1097/1582/2140 44/1646/2140 1098/1600/2140
f 44/1646/2141 43/1647/2141 1098/1600/2141
f 1098/1600/2142 43/1647/2142 1099/1601/2142
f 43/1647/2143 42/1648/2143 1099/1601/2143
f 1099/1601/2144 42/1648/2144 1116/1622/2144
f 42/1648/2145 41/1649/2145 1116/1622/2145
f 41/1649/2146 40/1650/2146 1116/1622/2146
f 1116/1622/2147 40/1650/2147 1100/1602/2147
f 40/1650/2148 39/1651/2148 1100/1602/2148
f 1100/1602/2149 39/1651/2149 1117/1623/2149
f 39/1652/2150 38/1653/2150 1117/1654/2150
f 1117/1623/2151 38/1655/2151 1118/1624/2151
f 38/1656/2152 1119/1629/2152 1118/1657/2152
f 1119/1629/2153 1121/1632/2153 1120/1630/2153
f 1121/1632/2154 37/1658/2154 1106/1610/2154
f 37/1658/2155 36/1659/2155 1106/1610/2155
f 1106/1610/2156 36/1659/2156 1122/1633/2156
f 36/1659/2157 35/1660/2157 1122/1633/2157
f 35/1660/2158 34/1661/2158 1122/1633/2158
f 1122/1633/2159 34/1661/2159 1123/1634/2159
f 34/1662/2160 33/1663/2160 1123/1664/2160
f 1123/1664/2161 33/1663/2161 1124/1636/2161
f 33/1663/2162 1125/1637/2162 1124/1636/2162
f 1125/1637/2163 32/1665/2163 1126/1639/2163
f 1110/1615/2164 31/1666/2164 1111/1616/2164
f 1111/1616/2165 30/1667/2165 1127/1640/2165
f 1548/1668/2166 14/1669/2166 1571/475/2166
f 14/1669/2167 1559/471/2167 1571/475/2167
f 102/473/2168 1571/475/2168 1559/471/2168
f 1548/1668/2169 1571/475/2169 1540/1670/2169
f 101/1671/2170 102/473/2170 1564/472/2170
f 1443/1290/2171 1580/1292/2171 1459/1672/2171
f 1452/1673/2172 1459/1672/2172 103/1674/2172
f 1424/60/2173 1452/1673/2173 103/1674/2173
f 1350/1287/2174 1363/61/2174 12/456/2174
f 1363/61/2172 1424/60/2172 103/1674/2172
f 12/456/2175 1363/61/2175 103/1674/2175
f 13/1675/2176 12/456/2176 27/447/2176
f 846/1676/2177 13/1675/2177 27/447/2177
f 22/1677/529 6/1678/529 7/466/529
f 22/1677/2178 7/466/2178 1140/1679/2178
f 27/447/2179 847/449/2179 846/1676/2179
f 1144/1680/2180 28/1681/2180 7/466/2180
f 104/1682/529 29/1683/529 7/466/529
f 1635/1684/2181 8/1685/2181 7/466/2181
f 1641/465/529 1635/1684/529 7/466/529
f 29/1683/2173 1148/1686/2173 7/466/2173
f 7/466/2173 1147/1687/2173 1144/1680/2173
f 1140/1679/2182 7/466/2182 28/1681/2182
f 12/456/2183 103/1674/2183 99/467/2183
f 6/1678/529 12/456/529 99/467/529
f 100/1688/2184 1641/465/2184 99/467/2184
f 6/1678/529 99/467/529 7/466/529
f 99/467/2185 1606/1689/2185 100/1688/2185
f 383/542/2186 384/530/2186 93/495/2186
f 773/1101/2187 802/1144/2187 791/502/2187
f 826/1183/2188 818/1172/2188 817/1170/2188
f 774/500/2189 368/416/2189 743/1057/2189
f 220/181/2190 11/503/2190 212/169/2190
f 371/507/2191 370/509/2191 84/1690/2191
f 370/509/2192 79/1691/2192 84/1690/2192
f 377/428/2193 87/516/2193 90/429/2193
f 392/539/2194 1649/526/2194 1650/576/2194
f 454/631/2195 435/608/2195 1653/649/2195
f 503/702/2196 484/674/2196 1654/724/2196
f 413/578/2197 392/539/2197 1652/577/2197
f 856/1299/2198 1659/1276/2198 1660/1278/2198
f 855/1298/2199 1658/1275/2199 1659/1276/2199
f 862/1306/2200 1660/1278/2200 1661/1281/2200
f 7/1692/2201 8/1693/2201 369/1694/2201
f 1679/1695/2202 7/1692/2202 369/1694/2202
f 369/1694/2203 1613/1696/2203 1679/1695/2203
f 27/447/2204 6/1678/2204 368/416/2204
f 9/1697/2204 5/1698/2204 23/234/2204
f 6/1678/2204 9/1697/2204 26/398/2204
f 3/85/2204 159/84/2204 5/1698/2204
f 159/84/2205 178/112/2205 5/1698/2205
f 178/112/2204 204/157/2204 5/1698/2204
f 204/157/2204 212/169/2204 5/1698/2204
f 212/169/2205 11/503/2205 5/1698/2205
f 11/503/2204 23/234/2204 5/1698/2204
f 23/234/2204 24/306/2204 9/1697/2204
f 24/306/2204 25/353/2204 9/1697/2204
f 25/353/2204 26/398/2204 9/1697/2204
f 26/398/2204 368/416/2204 6/1678/2204
f 809/1157/2206 818/1172/2206 802/1144/2206
f 802/1144/2204 818/1172/2204 791/502/2204
f 774/500/2204 791/502/2204 818/1172/2204
f 774/500/2207 818/1172/2207 27/447/2207
f 368/416/2207 774/500/2207 27/447/2207
f 848/498/2208 27/447/2208 818/1172/2208
f 837/479/2204 845/499/2204 818/1172/2204
f 826/1183/2209 837/479/2209 818/1172/2209
f 837/479/2204 842/478/2204 845/499/2204
f 1130/1699/2210 18/484/2210 19/1700/2210
f 1140/443/2211 1137/1701/2211 22/480/2211
f 28/441/2212 1144/1702/2212 1135/1703/2212
f 1147/1704/2213 1148/1250/2213 1145/1705/2213
f 4/1232/2214 5/1226/2214 9/1706/2214
f 1676/1284/2215 1156/1707/2215 1155/1708/2215
f 1133/1709/2216 1134/1266/2216 1131/1268/2216
f 1580/1292/2217 103/1674/2217 1459/1672/2217
f 1148/1686/2180 1147/1687/2180 7/466/2180
f 1571/475/2218 1533/474/2218 1540/1670/2218
f 1155/1708/2219 1675/1285/2219 1676/1284/2219
f 6/1678/2173 27/447/2173 12/456/2173
f 818/1172/2204 845/499/2204 848/498/2204
f 1130/1699/2220 1131/1268/2220 18/484/2220
f 20/1710/2221 1130/1699/2221 19/1700/2221
f 1130/1699/2222 1133/1709/2222 1131/1268/2222
f 20/1710/2223 1132/1711/2223 1130/1699/2223
f 1132/1711/2224 1133/1709/2224 1130/1699/2224
f 1135/1703/2225 1136/1712/2225 21/470/2225
f 21/470/2226 1136/1712/2226 1132/468/2226
f 1137/1701/2227 21/470/2227 22/480/2227
f 21/470/2228 1137/1701/2228 1135/1703/2228
f 1136/1712/2229 1138/1713/2229 1132/468/2229
f 1138/1714/2230 1139/1715/2230 1132/1711/2230
f 1132/1711/2231 1139/1715/2231 1133/1709/2231
f 1139/1715/2232 1673/1267/2232 1133/1709/2232
f 1133/1709/2233 1673/1267/2233 1134/1266/2233
f 1140/443/2234 1141/442/2234 1137/1701/2234
f 1137/1701/2235 1141/442/2235 1135/1703/2235
f 1139/1715/2236 1142/1716/2236 1673/1267/2236
f 28/441/2237 1135/1703/2237 1141/442/2237
f 1136/1712/2238 1143/1717/2238 1138/1713/2238
f 1143/1718/2239 1139/1715/2239 1138/1714/2239
f 1135/1703/2240 1144/1702/2240 1136/1712/2240
f 1144/1702/2241 1143/1717/2241 1136/1712/2241
f 1143/1718/2242 1145/1705/2242 1139/1715/2242
f 1139/1715/2243 1145/1705/2243 1142/1716/2243
f 1142/1716/2244 1146/1719/2244 1674/1265/2244
f 1147/1704/2245 1143/1718/2245 1144/1720/2245
f 1143/1718/2246 1147/1704/2246 1145/1705/2246
f 1145/1705/2247 1146/1719/2247 1142/1716/2247
f 1145/1705/2248 1148/1250/2248 1146/1719/2248
f 1146/1719/2249 1149/1252/2249 1150/1264/2249
f 1148/1250/2250 1149/1252/2250 1146/1719/2250
f 1149/1252/2251 29/1251/2251 1150/1264/2251
f 29/1251/2252 1151/487/2252 1150/1264/2252
f 4/1232/2214 9/1706/2214 1/1721/2214
f 1675/1285/2253 1153/1722/2253 1152/1286/2253
f 1153/1722/2254 1154/1382/2254 1152/1286/2254
f 1155/1708/2255 1153/1722/2255 1675/1285/2255
f 1155/1708/2256 1157/1532/2256 1153/1722/2256
f 1153/1722/2257 1157/1532/2257 1154/1382/2257
f 1154/1382/2258 1157/1532/2258 80/1469/2258
f 1156/1707/2259 1158/1723/2259 1155/1708/2259
f 1155/1708/2260 1158/1723/2260 1157/1532/2260
f 1676/1284/2261 1159/1724/2261 1156/1707/2261
f 1676/1284/2262 1677/1254/2262 1159/1724/2262
f 1159/1724/2263 1161/1725/2263 1156/1707/2263
f 1156/1707/2264 1161/1725/2264 1158/1723/2264
f 1161/1725/2265 1160/1533/2265 1158/1723/2265
f 1158/1723/2266 1160/1533/2266 1157/1532/2266
f 1677/1254/2267 1164/1726/2267 1159/1724/2267
f 1159/1724/2268 1165/1727/2268 1161/1725/2268
f 1161/1725/2269 1165/1727/2269 1160/1533/2269
f 1165/1727/2270 1162/1576/2270 1160/1533/2270
f 1163/1253/2271 1164/1726/2271 1677/1254/2271
f 1164/1726/2272 1626/1728/2272 1159/1724/2272
f 1159/1724/2273 1626/1728/2273 1165/1727/2273
f 1163/1253/2274 10/1256/2274 1164/1726/2274
f 10/1256/2275 1626/1728/2275 1164/1726/2275
f 1638/1729/2276 1640/1730/2276 1165/1727/2276
f 1165/1727/2277 1640/1730/2277 1162/1576/2277
f 1640/1730/2278 48/1731/2278 1162/1576/2278
f 1162/1576/2279 48/1731/2279 1166/1617/2279
f 641/889/2280 66/908/2280 2/406/2280
f 1129/1642/2281 1167/1732/2281 641/889/2281
f 1128/1641/2282 1167/1732/2282 1129/1642/2282
f 33/1663/2283 1197/1733/2283 1125/1637/2283
f 34/1662/2284 1197/1733/2284 33/1663/2284
f 35/1734/2285 1206/1735/2285 34/1662/2285
f 36/1659/2286 1213/1736/2286 35/1660/2286
f 37/1658/2287 1217/1737/2287 36/1659/2287
f 1121/1632/2288 1231/1738/2288 37/1658/2288
f 1119/1629/2289 1245/1739/2289 1121/1632/2289
f 38/1656/2290 1259/1740/2290 1119/1629/2290
f 39/1741/2291 1259/1740/2291 38/1656/2291
f 40/1742/2292 1273/1743/2292 39/1741/2292
f 41/1649/2293 1283/1744/2293 40/1650/2293
f 42/1648/2294 1289/1745/2294 41/1649/2294
f 43/1647/2295 1301/1746/2295 42/1648/2295
f 44/1646/2296 1319/1747/2296 43/1647/2296
f 45/1645/2297 44/1646/2297 1097/1582/2297
f 1115/1621/2298 1364/1748/2298 1096/1581/2298
f 1113/1619/2299 1405/1749/2299 1114/1620/2299
f 641/889/2300 1167/1732/2300 66/908/2300
f 1167/1732/2301 65/907/2301 66/908/2301
f 1167/1732/2302 1168/1750/2302 65/907/2302
f 1168/1750/2303 64/909/2303 65/907/2303
f 1128/1641/2304 1169/1751/2304 1167/1732/2304
f 1169/1751/2305 1170/1752/2305 1167/1732/2305
f 1167/1732/2306 1170/1752/2306 1168/1750/2306
f 1168/1750/2307 1171/1753/2307 64/909/2307
f 1127/1640/2308 30/1667/2308 1128/1641/2308
f 30/1667/2309 1169/1751/2309 1128/1641/2309
f 1170/1752/2310 1171/1753/2310 1168/1750/2310
f 1171/1753/2311 1172/1754/2311 64/909/2311
f 1172/1754/2312 1173/913/2312 64/909/2312
f 64/909/2313 1173/913/2313 63/927/2313
f 30/1667/2314 1174/1755/2314 1169/1751/2314
f 1169/1751/2315 1174/1755/2315 1170/1752/2315
f 1170/1752/2316 1175/1756/2316 1171/1753/2316
f 1175/1756/2317 1172/1754/2317 1171/1753/2317
f 1111/1616/2318 31/1666/2318 30/1667/2318
f 31/1666/2319 1176/1757/2319 30/1667/2319
f 30/1667/2320 1176/1757/2320 1174/1755/2320
f 1174/1755/2321 1177/1758/2321 1170/1752/2321
f 1177/1758/2322 1175/1756/2322 1170/1752/2322
f 1172/1754/2323 1178/1759/2323 1173/913/2323
f 1173/913/2324 1178/1759/2324 62/911/2324
f 1110/1615/2325 1126/1639/2325 31/1666/2325
f 1126/1639/2326 1179/1760/2326 31/1666/2326
f 31/1666/2327 1179/1760/2327 1176/1757/2327
f 1179/1760/2328 1180/1761/2328 1176/1757/2328
f 1176/1757/2329 1180/1761/2329 1174/1755/2329
f 1180/1761/2330 1177/1758/2330 1174/1755/2330
f 1177/1758/2331 1181/1762/2331 1175/1756/2331
f 1175/1756/2332 1181/1762/2332 1172/1754/2332
f 1172/1754/2333 1181/1762/2333 1178/1759/2333
f 1178/1759/2334 1182/916/2334 62/911/2334
f 62/911/2335 1182/916/2335 61/934/2335
f 32/1665/2336 1183/1763/2336 1126/1639/2336
f 1126/1639/2337 1183/1763/2337 1179/1760/2337
f 1183/1763/2338 1184/1764/2338 1179/1760/2338
f 1179/1760/2339 1184/1764/2339 1180/1761/2339
f 1184/1764/2340 1185/1765/2340 1180/1761/2340
f 1180/1761/2341 1185/1765/2341 1177/1758/2341
f 1185/1765/2342 1186/1766/2342 1177/1758/2342
f 1177/1758/2343 1186/1766/2343 1181/1762/2343
f 1186/1766/2344 1187/1767/2344 1181/1762/2344
f 1181/1762/2345 1187/1767/2345 1178/1759/2345
f 1187/1767/2346 1188/1768/2346 1178/1759/2346
f 1178/1759/2347 1188/1768/2347 1182/916/2347
f 1188/1768/2348 60/914/2348 1182/916/2348
f 1125/1637/2349 1189/1769/2349 32/1665/2349
f 1189/1769/2350 1190/1770/2350 32/1665/2350
f 32/1665/2351 1190/1770/2351 1183/1763/2351
f 1190/1770/2352 1191/1771/2352 1183/1763/2352
f 1183/1763/2353 1191/1771/2353 1184/1764/2353
f 1191/1771/2354 1192/1772/2354 1184/1764/2354
f 1184/1764/2355 1192/1772/2355 1185/1765/2355
f 1192/1772/2356 1193/1773/2356 1185/1765/2356
f 1185/1765/2357 1193/1773/2357 1186/1766/2357
f 1193/1773/2358 1194/1774/2358 1186/1766/2358
f 1186/1766/2359 1194/1774/2359 1187/1767/2359
f 1194/1774/2360 1195/1775/2360 1187/1767/2360
f 1187/1767/2361 1195/1775/2361 1188/1768/2361
f 1195/1775/2362 1196/1776/2362 1188/1768/2362
f 1188/1768/2363 1196/1776/2363 60/914/2363
f 1196/1776/2364 59/941/2364 60/914/2364
f 1125/1637/2365 1197/1733/2365 1189/1769/2365
f 1191/1771/2366 1198/1777/2366 1192/1772/2366
f 1192/1772/2367 1198/1777/2367 1193/1773/2367
f 1198/1777/2368 1199/1778/2368 1193/1773/2368
f 1193/1773/2369 1199/1778/2369 1194/1774/2369
f 1199/1778/2370 1200/1779/2370 1194/1774/2370
f 1194/1774/2371 1200/1779/2371 1195/1775/2371
f 1200/1779/2372 1201/1780/2372 1195/1775/2372
f 1195/1775/2373 1201/1780/2373 1196/1776/2373
f 1201/1780/2374 1202/1781/2374 1196/1776/2374
f 1196/1776/2375 1202/1781/2375 59/941/2375
f 1202/1781/2376 58/951/2376 59/941/2376
f 1197/1733/2377 1203/1782/2377 1189/1769/2377
f 1203/1782/2378 1204/1783/2378 1189/1769/2378
f 1189/1769/2379 1204/1783/2379 1190/1770/2379
f 1190/1770/2380 1204/1783/2380 1191/1771/2380
f 1204/1783/2381 1205/1784/2381 1191/1771/2381
f 1191/1771/2382 1205/1784/2382 1198/1777/2382
f 34/1662/2383 1206/1735/2383 1197/1733/2383
f 1204/1783/2384 1207/1785/2384 1205/1784/2384
f 1205/1784/2385 1208/1786/2385 1198/1777/2385
f 1198/1777/2386 1208/1786/2386 1199/1778/2386
f 1208/1786/2387 1209/1787/2387 1199/1778/2387
f 1199/1778/2388 1209/1787/2388 1200/1779/2388
f 1209/1787/2389 1210/1788/2389 1200/1779/2389
f 1200/1779/2390 1210/1788/2390 1201/1780/2390
f 1210/1788/2391 1211/1789/2391 1201/1780/2391
f 1201/1780/2392 1211/1789/2392 1202/1781/2392
f 1211/1789/2393 1212/1790/2393 1202/1781/2393
f 1202/1781/2394 1212/1790/2394 58/951/2394
f 1212/1790/2395 57/973/2395 58/951/2395
f 35/1734/2396 1213/1791/2396 1206/1735/2396
f 1213/1791/2397 1214/1792/2397 1206/1735/2397
f 1206/1735/2398 1214/1792/2398 1197/1733/2398
f 1197/1733/2399 1214/1792/2399 1203/1782/2399
f 1203/1782/2400 1215/1793/2400 1204/1783/2400
f 1204/1783/2401 1215/1793/2401 1207/1785/2401
f 1207/1785/2402 1216/1794/2402 1205/1784/2402
f 1205/1784/2403 1216/1794/2403 1208/1786/2403
f 36/1659/2404 1217/1737/2404 1213/1736/2404
f 1217/1795/2405 1218/1796/2405 1213/1791/2405
f 1213/1791/2406 1218/1796/2406 1214/1792/2406
f 1214/1792/2407 1219/1797/2407 1203/1782/2407
f 1203/1782/2408 1219/1797/2408 1215/1793/2408
f 1215/1793/2409 1220/1798/2409 1207/1785/2409
f 1207/1785/2410 1220/1798/2410 1216/1794/2410
f 1216/1794/2411 1221/1799/2411 1208/1786/2411
f 1208/1786/2412 1221/1799/2412 1209/1787/2412
f 1221/1799/2413 1222/1800/2413 1209/1787/2413
f 1209/1787/2414 1222/1800/2414 1210/1788/2414
f 1222/1800/2415 1223/1801/2415 1210/1788/2415
f 1210/1788/2416 1223/1801/2416 1211/1789/2416
f 1223/1801/2417 1224/1802/2417 1211/1789/2417
f 1211/1789/2418 1224/1802/2418 1212/1790/2418
f 1224/1802/2419 1225/1803/2419 1212/1790/2419
f 1212/1790/2420 1225/1803/2420 57/973/2420
f 1225/1803/2421 56/1002/2421 57/973/2421
f 37/1658/2422 1226/1804/2422 1217/1737/2422
f 1217/1795/2423 1226/1805/2423 1218/1796/2423
f 1226/1805/2424 1227/1806/2424 1218/1796/2424
f 1218/1796/2425 1227/1806/2425 1214/1792/2425
f 1214/1792/2426 1227/1806/2426 1219/1797/2426
f 1219/1797/2427 1228/1807/2427 1215/1793/2427
f 1228/1807/2428 1220/1798/2428 1215/1793/2428
f 1220/1798/2429 1229/1808/2429 1216/1794/2429
f 1229/1808/2430 1221/1799/2430 1216/1794/2430
f 1221/1799/2431 1230/1809/2431 1222/1800/2431
f 1231/1738/2432 1232/1810/2432 37/1658/2432
f 37/1658/2433 1232/1810/2433 1226/1804/2433
f 1232/1811/2434 1233/1812/2434 1226/1805/2434
f 1226/1805/2435 1233/1812/2435 1227/1806/2435
f 1227/1806/2436 1234/1813/2436 1219/1797/2436
f 1234/1813/2437 1228/1807/2437 1219/1797/2437
f 1220/1798/2438 1235/1814/2438 1229/1808/2438
f 1229/1808/2439 1230/1809/2439 1221/1799/2439
f 1230/1809/2440 1236/1815/2440 1222/1800/2440
f 1222/1800/2441 1236/1815/2441 1223/1801/2441
f 1236/1815/2442 1237/1816/2442 1223/1801/2442
f 1223/1801/2443 1237/1816/2443 1224/1802/2443
f 1237/1816/2444 1238/1817/2444 1224/1802/2444
f 1224/1802/2445 1238/1817/2445 1225/1803/2445
f 1238/1817/2446 1239/1818/2446 1225/1803/2446
f 1225/1803/2447 1239/1818/2447 56/1002/2447
f 1239/1818/2448 55/1819/2448 56/1002/2448
f 1231/1738/2449 1240/1820/2449 1232/1810/2449
f 1232/1811/2450 1240/1821/2450 1233/1812/2450
f 1233/1812/2451 1241/1822/2451 1227/1806/2451
f 1241/1822/2452 1234/1813/2452 1227/1806/2452
f 1228/1807/2453 1242/1823/2453 1220/1798/2453
f 1242/1823/2454 1235/1814/2454 1220/1798/2454
f 1235/1814/2455 1243/1824/2455 1229/1808/2455
f 1229/1808/2456 1244/1825/2456 1230/1809/2456
f 1121/1632/2457 1245/1739/2457 1231/1738/2457
f 1231/1738/2458 1246/1826/2458 1240/1820/2458
f 1246/1827/2459 1247/1828/2459 1240/1821/2459
f 1240/1821/2460 1247/1828/2460 1233/1812/2460
f 1247/1828/2461 1241/1822/2461 1233/1812/2461
f 1234/1813/2462 1248/1829/2462 1228/1807/2462
f 1248/1829/2463 1242/1823/2463 1228/1807/2463
f 1242/1823/2464 1243/1824/2464 1235/1814/2464
f 1243/1824/2465 1244/1825/2465 1229/1808/2465
f 1244/1825/2466 1249/1830/2466 1230/1809/2466
f 1230/1809/2467 1249/1830/2467 1236/1815/2467
f 1249/1830/2468 1250/1831/2468 1236/1815/2468
f 1236/1815/2469 1250/1831/2469 1237/1816/2469
f 1250/1831/2470 1251/1832/2470 1237/1816/2470
f 1237/1816/2471 1251/1832/2471 1238/1817/2471
f 1251/1832/2472 1252/1833/2472 1238/1817/2472
f 1238/1817/2473 1252/1833/2473 1239/1818/2473
f 1252/1833/2474 1253/1834/2474 1239/1818/2474
f 1239/1818/2475 1253/1834/2475 55/1819/2475
f 1245/1739/2476 1254/1835/2476 1231/1738/2476
f 1231/1738/2477 1254/1835/2477 1246/1826/2477
f 1254/1835/2478 1255/1836/2478 1246/1826/2478
f 1246/1827/2479 1255/1837/2479 1247/1828/2479
f 1241/1822/2480 1256/1838/2480 1234/1813/2480
f 1256/1838/2481 1248/1829/2481 1234/1813/2481
f 1242/1823/2482 1257/1839/2482 1243/1824/2482
f 1243/1824/2483 1258/1840/2483 1244/1825/2483
f 1119/1629/2484 1259/1740/2484 1245/1739/2484
f 1254/1835/2485 1260/1841/2485 1255/1836/2485
f 1260/1842/2486 1261/1843/2486 1255/1837/2486
f 1255/1837/2487 1261/1843/2487 1247/1828/2487
f 1247/1828/2488 1261/1843/2488 1241/1822/2488
f 1261/1843/2489 1256/1838/2489 1241/1822/2489
f 1248/1829/2490 1262/1844/2490 1242/1823/2490
f 1262/1844/2491 1257/1839/2491 1242/1823/2491
f 1257/1839/2492 1258/1840/2492 1243/1824/2492
f 1244/1825/2493 1258/1840/2493 1249/1830/2493
f 1258/1840/2494 1263/1845/2494 1249/1830/2494
f 1249/1830/2495 1263/1845/2495 1250/1831/2495
f 1263/1845/2496 1264/1846/2496 1250/1831/2496
f 1250/1831/2497 1264/1846/2497 1251/1832/2497
f 1264/1846/2498 1265/1847/2498 1251/1832/2498
f 1251/1832/2499 1265/1847/2499 1252/1833/2499
f 1265/1847/2500 1266/1848/2500 1252/1833/2500
f 1252/1833/2501 1266/1848/2501 1253/1834/2501
f 1266/1848/2502 1267/1849/2502 1253/1834/2502
f 1267/1850/2503 1268/1103/2503 1253/1059/2503
f 1253/1059/2504 1268/1103/2504 54/1060/2504
f 1259/1740/2505 1269/1851/2505 1245/1739/2505
f 1245/1739/2506 1269/1851/2506 1254/1835/2506
f 1269/1851/2507 1270/1852/2507 1254/1835/2507
f 1254/1835/2508 1270/1852/2508 1260/1841/2508
f 1270/1853/2509 1271/1854/2509 1260/1842/2509
f 1260/1842/2510 1271/1854/2510 1261/1843/2510
f 1256/1838/2511 1276/1855/2511 1248/1829/2511
f 1276/1855/2512 1262/1844/2512 1248/1829/2512
f 1257/1839/2513 1272/1856/2513 1258/1840/2513
f 39/1741/2514 1273/1743/2514 1259/1740/2514
f 1269/1851/2515 1274/1857/2515 1270/1852/2515
f 1270/1852/2516 1274/1857/2516 1271/1858/2516
f 1274/1859/2517 1275/1860/2517 1271/1854/2517
f 1271/1854/2518 1275/1860/2518 1261/1843/2518
f 1275/1860/2519 1276/1855/2519 1261/1843/2519
f 1261/1843/2520 1276/1855/2520 1256/1838/2520
f 1262/1844/2521 1277/1861/2521 1257/1839/2521
f 1277/1861/2522 1272/1856/2522 1257/1839/2522
f 1272/1856/2523 1278/1862/2523 1258/1840/2523
f 1258/1840/2524 1278/1862/2524 1263/1845/2524
f 1278/1862/2525 1279/1863/2525 1263/1845/2525
f 1263/1845/2526 1279/1863/2526 1264/1846/2526
f 1279/1863/2527 1280/1864/2527 1264/1846/2527
f 1264/1846/2528 1280/1864/2528 1265/1847/2528
f 1280/1864/2529 1281/1865/2529 1265/1847/2529
f 1265/1847/2530 1281/1865/2530 1266/1848/2530
f 1267/1850/2531 1282/1866/2531 1268/1103/2531
f 40/1742/2532 1283/1867/2532 1273/1743/2532
f 1273/1743/2533 1283/1867/2533 1259/1740/2533
f 1283/1867/2534 1284/1868/2534 1259/1740/2534
f 1259/1740/2535 1284/1868/2535 1269/1851/2535
f 1269/1851/2536 1285/1869/2536 1274/1857/2536
f 1285/1870/2537 1286/1871/2537 1274/1859/2537
f 1274/1859/2538 1286/1871/2538 1275/1860/2538
f 1276/1855/2539 1287/1872/2539 1262/1844/2539
f 1287/1872/2540 1277/1861/2540 1262/1844/2540
f 1282/1866/2541 1288/1873/2541 1268/1103/2541
f 1268/1103/2542 1288/1873/2542 53/1104/2542
f 1288/1873/2543 52/1145/2543 53/1104/2543
f 41/1874/2544 1289/1875/2544 1283/1876/2544
f 1284/1868/2545 1290/1877/2545 1269/1851/2545
f 1269/1851/2546 1290/1877/2546 1285/1869/2546
f 1290/1877/2547 1291/1878/2547 1285/1869/2547
f 1285/1870/2548 1291/1879/2548 1286/1871/2548
f 1291/1879/2549 1292/1880/2549 1286/1871/2549
f 1286/1871/2550 1292/1880/2550 1275/1860/2550
f 1292/1880/2551 1293/1881/2551 1275/1860/2551
f 1275/1860/2552 1293/1881/2552 1276/1855/2552
f 1293/1881/2553 1287/1872/2553 1276/1855/2553
f 1277/1861/2554 1294/1882/2554 1272/1856/2554
f 1272/1856/2555 1294/1882/2555 1278/1862/2555
f 1294/1882/2556 1295/1883/2556 1278/1862/2556
f 1278/1862/2557 1295/1883/2557 1279/1863/2557
f 1295/1883/2558 1296/1884/2558 1279/1863/2558
f 1279/1863/2559 1296/1884/2559 1280/1864/2559
f 1296/1884/2560 1297/1885/2560 1280/1864/2560
f 1280/1864/2561 1297/1885/2561 1281/1865/2561
f 1297/1885/2562 1298/1886/2562 1281/1865/2562
f 1281/1865/2563 1298/1886/2563 1266/1848/2563
f 1298/1886/2564 1299/1887/2564 1266/1848/2564
f 1266/1848/2565 1299/1887/2565 1267/1849/2565
f 1299/1887/2566 1300/1888/2566 1267/1849/2566
f 1267/1849/2567 1300/1888/2567 1282/1889/2567
f 42/1648/2568 1301/1746/2568 1289/1745/2568
f 1301/1746/2569 1302/1890/2569 1289/1745/2569
f 1289/1891/2570 1302/1892/2570 1283/1867/2570
f 1302/1892/2571 1284/1868/2571 1283/1867/2571
f 1290/1893/2572 1303/1894/2572 1291/1879/2572
f 1291/1879/2573 1303/1894/2573 1292/1880/2573
f 1287/1872/2574 1304/1895/2574 1277/1861/2574
f 1300/1896/2575 1305/1897/2575 1282/1866/2575
f 1282/1866/2576 1305/1897/2576 1288/1873/2576
f 43/1647/2577 1306/1898/2577 1301/1746/2577
f 1301/1899/2578 1306/1900/2578 1302/1901/2578
f 1306/1902/2579 1284/1868/2579 1302/1892/2579
f 1284/1868/2580 1307/1903/2580 1290/1877/2580
f 1307/1903/2581 1308/1904/2581 1290/1877/2581
f 1308/1904/2582 1309/1905/2582 1290/1877/2582
f 1290/1893/2583 1309/1906/2583 1303/1894/2583
f 1309/1906/2584 1310/1907/2584 1303/1894/2584
f 1303/1894/2585 1310/1907/2585 1292/1880/2585
f 1310/1907/2586 1311/1908/2586 1292/1880/2586
f 1292/1880/2587 1311/1908/2587 1293/1881/2587
f 1311/1908/2588 1312/1909/2588 1293/1881/2588
f 1312/1909/2589 1313/1910/2589 1293/1881/2589
f 1293/1881/2590 1313/1910/2590 1287/1872/2590
f 1313/1910/2591 1304/1895/2591 1287/1872/2591
f 1304/1895/2592 1314/1911/2592 1277/1861/2592
f 1277/1861/2593 1314/1911/2593 1294/1882/2593
f 1314/1911/2594 1315/1912/2594 1294/1882/2594
f 1294/1882/2595 1315/1912/2595 1295/1883/2595
f 1315/1912/2596 1316/1913/2596 1295/1883/2596
f 1295/1883/2597 1316/1913/2597 1296/1884/2597
f 1316/1913/2598 1317/1914/2598 1296/1884/2598
f 1296/1884/2599 1317/1914/2599 1297/1885/2599
f 1317/1914/2600 1318/1915/2600 1297/1885/2600
f 1297/1885/2601 1318/1915/2601 1298/1886/2601
f 1319/1747/2602 1320/1916/2602 43/1647/2602
f 43/1647/2603 1320/1916/2603 1306/1898/2603
f 1320/1917/2604 1321/1918/2604 1306/1902/2604
f 1306/1902/2605 1321/1918/2605 1284/1868/2605
f 1307/1903/2606 1322/1919/2606 1308/1904/2606
f 1308/1904/2607 1322/1919/2607 1309/1905/2607
f 1322/1920/2608 1310/1907/2608 1309/1906/2608
f 1305/1897/2609 1323/1921/2609 1288/1873/2609
f 52/1145/2610 50/918/2610 51/1146/2610
f 1319/1747/2611 1324/1922/2611 1320/1916/2611
f 1324/1922/2612 1325/1923/2612 1320/1916/2612
f 1320/1917/2613 1325/1924/2613 1321/1918/2613
f 1325/1924/2614 1326/1925/2614 1321/1918/2614
f 1321/1918/2615 1326/1925/2615 1284/1868/2615
f 1326/1925/2616 1307/1903/2616 1284/1868/2616
f 1307/1903/2617 1327/1926/2617 1322/1919/2617
f 1327/1926/2618 1328/1927/2618 1322/1919/2618
f 1322/1920/2619 1328/1928/2619 1310/1907/2619
f 1313/1910/2620 1329/1929/2620 1304/1895/2620
f 1304/1895/2621 1329/1929/2621 1314/1911/2621
f 1298/1886/2622 1330/1930/2622 1299/1887/2622
f 1299/1887/2623 1330/1930/2623 1300/1888/2623
f 1323/1921/2624 1331/1931/2624 1288/1873/2624
f 1288/1873/2625 1331/1931/2625 52/1145/2625
f 52/1145/2626 1332/1932/2626 50/918/2626
f 44/1646/2627 1324/1922/2627 1319/1747/2627
f 1324/1933/2628 1333/1934/2628 1325/1935/2628
f 1333/1936/2629 1326/1925/2629 1325/1924/2629
f 1307/1903/2630 1334/1937/2630 1327/1926/2630
f 1334/1937/2631 1335/1938/2631 1327/1926/2631
f 1327/1926/2632 1335/1938/2632 1328/1927/2632
f 1335/1939/2633 1336/1940/2633 1328/1928/2633
f 1328/1928/2634 1336/1940/2634 1310/1907/2634
f 1330/1930/2635 1337/1941/2635 1300/1888/2635
f 1300/1896/2636 1337/1942/2636 1305/1897/2636
f 1337/1942/2637 1323/1921/2637 1305/1897/2637
f 1331/1931/2638 1332/1932/2638 52/1145/2638
f 1332/1932/2639 49/458/2639 50/918/2639
f 44/1646/2640 1338/1943/2640 1324/1922/2640
f 1338/1943/2641 1339/1944/2641 1324/1922/2641
f 1324/1922/2642 1339/1944/2642 1333/1945/2642
f 1339/1946/2643 1340/1947/2643 1333/1936/2643
f 1333/1936/2644 1340/1947/2644 1326/1925/2644
f 1334/1948/2645 1336/1949/2645 1335/1950/2645
f 1336/1940/2646 1341/1951/2646 1310/1907/2646
f 1310/1907/2647 1341/1951/2647 1311/1908/2647
f 1341/1951/2648 1342/1952/2648 1311/1908/2648
f 1311/1908/2649 1342/1952/2649 1312/1909/2649
f 1342/1952/2650 1343/1953/2650 1312/1909/2650
f 1312/1909/2651 1343/1953/2651 1313/1910/2651
f 1313/1910/2652 1343/1953/2652 1329/1929/2652
f 1329/1929/2653 1344/1954/2653 1314/1911/2653
f 1314/1911/2654 1344/1954/2654 1315/1912/2654
f 1344/1954/2655 1345/1955/2655 1315/1912/2655
f 1345/1955/2656 1346/1956/2656 1315/1912/2656
f 1315/1912/2657 1346/1956/2657 1316/1913/2657
f 1346/1956/2658 1347/1957/2658 1316/1913/2658
f 1316/1913/2659 1347/1957/2659 1317/1914/2659
f 1347/1957/2660 1348/1958/2660 1317/1914/2660
f 1317/1914/2661 1348/1958/2661 1318/1915/2661
f 1348/1958/2662 1349/1959/2662 1318/1915/2662
f 1318/1915/2663 1349/1959/2663 1298/1886/2663
f 1349/1959/2664 1330/1930/2664 1298/1886/2664
f 1332/1932/2665 1350/1287/2665 49/458/2665
f 45/1645/2666 1338/1943/2666 44/1646/2666
f 1338/1943/2667 1351/1960/2667 1339/1944/2667
f 1351/1960/2668 1352/1961/2668 1339/1944/2668
f 1339/1946/2669 1352/1962/2669 1340/1947/2669
f 1352/1962/2670 1326/1925/2670 1340/1947/2670
f 1326/1925/2671 1353/1963/2671 1307/1903/2671
f 1307/1903/2672 1353/1963/2672 1334/1937/2672
f 1334/1964/2673 1354/1965/2673 1336/1940/2673
f 74/53/2674 124/54/2674 75/1966/2674
f 45/1645/2675 1355/1967/2675 1338/1943/2675
f 1355/1967/2676 1356/1968/2676 1338/1943/2676
f 1338/1943/2677 1356/1968/2677 1351/1960/2677
f 1356/1968/2678 1357/1969/2678 1351/1960/2678
f 1351/1970/2679 1357/1971/2679 1352/1972/2679
f 1353/1963/2680 1358/1973/2680 1334/1937/2680
f 1334/1937/2681 1358/1973/2681 1354/1974/2681
f 1358/1975/2682 1359/1976/2682 1354/1965/2682
f 1354/1965/2683 1359/1976/2683 1336/1940/2683
f 1341/1951/2684 1360/1977/2684 1342/1952/2684
f 1343/1953/2685 1344/1954/2685 1329/1929/2685
f 1348/1958/2686 1361/1978/2686 1349/1959/2686
f 1349/1959/2687 1361/1978/2687 1330/1930/2687
f 1337/1942/2688 1362/1979/2688 1323/1921/2688
f 1323/1921/2689 1362/1979/2689 1331/1931/2689
f 1331/1931/2690 1363/61/2690 1332/1932/2690
f 1096/1599/2691 1364/1980/2691 45/1645/2691
f 1364/1980/2692 1355/1967/2692 45/1645/2692
f 1356/1968/2693 1365/1981/2693 1357/1969/2693
f 1365/1981/2694 1366/1982/2694 1357/1969/2694
f 1357/1983/2695 1366/1984/2695 1352/1962/2695
f 1366/1984/2696 1367/1985/2696 1352/1962/2696
f 1352/1962/2697 1367/1985/2697 1326/1925/2697
f 1326/1925/2698 1367/1985/2698 1353/1963/2698
f 1353/1963/2699 1368/1986/2699 1358/1973/2699
f 1368/1986/2700 1369/1987/2700 1358/1973/2700
f 1358/1975/2701 1369/1988/2701 1359/1976/2701
f 1369/1988/2702 1370/1989/2702 1359/1976/2702
f 1359/1976/2703 1370/1989/2703 1336/1940/2703
f 1370/1989/2704 1341/1951/2704 1336/1940/2704
f 1361/1978/2705 1371/1990/2705 1330/1930/2705
f 1330/1930/2706 1371/1990/2706 1337/1941/2706
f 1371/1991/2707 1362/1979/2707 1337/1942/2707
f 1362/1979/2708 1372/59/2708 1331/1931/2708
f 1372/59/2709 1363/61/2709 1331/1931/2709
f 1332/1932/2710 1363/61/2710 1350/1287/2710
f 1115/1992/2711 46/1993/2711 1364/1980/2711
f 1355/1967/2712 1373/1994/2712 1356/1968/2712
f 1356/1968/2713 1373/1994/2713 1365/1981/2713
f 1373/1994/2714 1374/1995/2714 1365/1981/2714
f 1365/1996/2715 1374/1997/2715 1366/1998/2715
f 1374/1999/2716 1367/1985/2716 1366/1984/2716
f 1367/1985/2717 1375/2000/2717 1353/1963/2717
f 1353/1963/2718 1375/2000/2718 1368/1986/2718
f 1375/2000/2719 1376/2001/2719 1368/1986/2719
f 1368/1986/2720 1376/2001/2720 1369/1987/2720
f 1376/2002/2721 1370/1989/2721 1369/1988/2721
f 1360/1977/2722 1389/2003/2722 1342/1952/2722
f 1389/2003/2723 1377/2004/2723 1342/1952/2723
f 1342/1952/2724 1377/2004/2724 1343/1953/2724
f 1343/1953/2725 1377/2004/2725 1344/1954/2725
f 1377/2004/2726 1378/2005/2726 1344/1954/2726
f 1344/1954/2727 1378/2005/2727 1345/1955/2727
f 1378/2005/2728 1379/2006/2728 1345/1955/2728
f 1345/1955/2729 1379/2006/2729 1346/1956/2729
f 1379/2006/2730 1380/2007/2730 1346/1956/2730
f 1346/1956/2731 1380/2007/2731 1347/1957/2731
f 1380/2007/2732 1381/2008/2732 1347/1957/2732
f 1347/1957/2733 1381/2008/2733 1348/1958/2733
f 1381/2008/2734 1382/2009/2734 1348/1958/2734
f 1348/1958/2735 1382/2009/2735 1361/1978/2735
f 1373/1994/2736 1383/2010/2736 1374/1995/2736
f 1383/2011/2737 1384/2012/2737 1374/1999/2737
f 1374/1999/2738 1384/2012/2738 1367/1985/2738
f 1384/2012/2739 1385/2013/2739 1367/1985/2739
f 1385/2013/2740 1375/2000/2740 1367/1985/2740
f 1375/2000/2741 1386/2014/2741 1376/2001/2741
f 1386/2014/2742 1387/2015/2742 1376/2001/2742
f 1376/2002/2743 1387/2016/2743 1370/1989/2743
f 1387/2016/2744 1388/2017/2744 1370/1989/2744
f 1370/1989/2745 1388/2017/2745 1341/1951/2745
f 1388/2017/2746 1389/2003/2746 1341/1951/2746
f 1341/1951/2747 1389/2003/2747 1360/1977/2747
f 1382/2009/2748 1390/2018/2748 1361/1978/2748
f 1390/2018/2749 1371/1990/2749 1361/1978/2749
f 1362/1979/2750 1404/2019/2750 1372/59/2750
f 46/1993/2751 1391/2020/2751 1364/1980/2751
f 1364/1980/2752 1392/2021/2752 1355/1967/2752
f 1355/1967/2753 1392/2021/2753 1373/1994/2753
f 1392/2021/2754 1393/2022/2754 1373/1994/2754
f 1373/1994/2755 1393/2022/2755 1383/2010/2755
f 1393/2022/2756 1394/2023/2756 1383/2010/2756
f 1383/2011/2757 1394/2024/2757 1384/2012/2757
f 1394/2024/2758 1385/2013/2758 1384/2012/2758
f 1385/2013/2759 1395/2025/2759 1375/2000/2759
f 1395/2025/2760 1386/2014/2760 1375/2000/2760
f 1386/2014/2761 1396/2026/2761 1387/2015/2761
f 1389/2003/2762 1397/2027/2762 1377/2004/2762
f 1397/2027/2763 1398/2028/2763 1377/2004/2763
f 1398/2028/2764 1399/2029/2764 1377/2004/2764
f 1377/2004/2765 1399/2029/2765 1378/2005/2765
f 1399/2029/2766 1400/2030/2766 1378/2005/2766
f 1378/2005/2767 1400/2030/2767 1379/2006/2767
f 1400/2030/2768 1401/2031/2768 1379/2006/2768
f 1379/2006/2769 1401/2031/2769 1380/2007/2769
f 1401/2031/2770 1402/2032/2770 1380/2007/2770
f 1380/2007/2771 1402/2032/2771 1381/2008/2771
f 1402/2032/2772 1403/2033/2772 1381/2008/2772
f 1381/2008/2773 1403/2033/2773 1382/2009/2773
f 1403/2033/2774 1390/2018/2774 1382/2009/2774
f 1371/1990/2775 1412/1245/2775 1362/2034/2775
f 1412/2035/2776 1404/2019/2776 1362/1979/2776
f 1404/2019/2777 1424/60/2777 1372/59/2777
f 1114/1620/2778 1405/1749/2778 46/1644/2778
f 1405/1749/2779 1391/2036/2779 46/1644/2779
f 1391/2020/2780 1392/2021/2780 1364/1980/2780
f 1392/2021/2781 1406/2037/2781 1393/2022/2781
f 1406/2037/2782 1407/2038/2782 1393/2022/2782
f 1393/2039/2783 1407/2040/2783 1394/2041/2783
f 1407/2042/2784 1385/2013/2784 1394/2024/2784
f 1395/2025/2785 1408/2043/2785 1386/2014/2785
f 1386/2014/2786 1408/2043/2786 1396/2026/2786
f 1408/2044/2787 1409/2045/2787 1396/2046/2787
f 1396/2046/2788 1409/2045/2788 1387/2016/2788
f 1387/2016/2789 1410/2047/2789 1388/2017/2789
f 1410/2047/2790 1411/2048/2790 1388/2017/2790
f 1388/2017/2791 1411/2048/2791 1389/2003/2791
f 1411/2048/2792 1397/2027/2792 1389/2003/2792
f 1390/2018/2793 1412/1245/2793 1371/1990/2793
f 1391/2020/2794 1413/2049/2794 1392/2021/2794
f 1392/2021/2795 1414/2050/2795 1406/2037/2795
f 1406/2037/2796 1414/2050/2796 1407/2038/2796
f 1414/2050/2797 1415/2051/2797 1407/2038/2797
f 1407/2042/2798 1415/2052/2798 1385/2013/2798
f 1395/2025/2799 1416/2053/2799 1408/2043/2799
f 1416/2053/2800 1417/2054/2800 1408/2043/2800
f 1408/2044/2801 1417/2055/2801 1409/2045/2801
f 1409/2045/2802 1410/2047/2802 1387/2016/2802
f 1398/2028/2803 1418/2056/2803 1399/2029/2803
f 1399/2029/2804 1418/2056/2804 1400/2030/2804
f 1418/2056/2805 1419/2057/2805 1400/2030/2805
f 1419/2057/2806 1420/2058/2806 1400/2030/2806
f 1400/2030/2807 1420/2058/2807 1401/2031/2807
f 1401/2031/2808 1420/2058/2808 1402/2032/2808
f 1420/2058/2809 1421/2059/2809 1402/2032/2809
f 1402/2032/2810 1421/2059/2810 1403/2033/2810
f 1421/2059/2811 1422/2060/2811 1403/2033/2811
f 1403/2033/2812 1422/2060/2812 1390/2018/2812
f 1422/2060/2813 1423/2061/2813 1390/2018/2813
f 1423/2061/2814 1412/1245/2814 1390/2018/2814
f 1412/2035/2815 1424/60/2815 1404/2019/2815
f 1113/1619/2816 1425/2062/2816 1405/1749/2816
f 1405/1749/2817 1426/2063/2817 1391/2036/2817
f 1426/2064/2818 1413/2049/2818 1391/2020/2818
f 1392/2021/2819 1427/2065/2819 1414/2050/2819
f 1427/2065/2820 1428/2066/2820 1414/2050/2820
f 1414/2067/2821 1428/2068/2821 1415/2069/2821
f 1428/2070/2822 1429/2071/2822 1415/2052/2822
f 1415/2052/2823 1429/2071/2823 1385/2013/2823
f 1385/2013/2824 1430/2072/2824 1395/2025/2824
f 1430/2072/2825 1416/2053/2825 1395/2025/2825
f 1416/2053/2826 1431/2073/2826 1417/2054/2826
f 1431/2074/2827 1432/2075/2827 1417/2055/2827
f 1417/2055/2828 1432/2075/2828 1409/2045/2828
f 1425/2062/2829 1426/2063/2829 1405/1749/2829
f 1413/2049/2830 1427/2065/2830 1392/2021/2830
f 1427/2065/2831 1433/2076/2831 1428/2066/2831
f 1433/2077/2832 1429/2071/2832 1428/2070/2832
f 1429/2071/2833 1434/2078/2833 1385/2013/2833
f 1434/2078/2834 1430/2072/2834 1385/2013/2834
f 1416/2053/2835 1435/2079/2835 1431/2073/2835
f 1431/2074/2836 1435/2080/2836 1432/2075/2836
f 1435/2080/2837 1436/2081/2837 1432/2075/2837
f 1432/2075/2838 1436/2081/2838 1409/2045/2838
f 1436/2081/2839 1437/2082/2839 1409/2045/2839
f 1409/2045/2840 1437/2082/2840 1410/2047/2840
f 1437/2082/2841 1438/2083/2841 1410/2047/2841
f 1410/2047/2842 1438/2083/2842 1411/2048/2842
f 1397/2027/2843 1439/2084/2843 1398/2028/2843
f 1439/2084/2844 1418/2056/2844 1398/2028/2844
f 1418/2056/2845 1440/2085/2845 1419/2057/2845
f 1420/2058/2846 1441/2086/2846 1421/2059/2846
f 1441/2086/2847 1442/2087/2847 1421/2059/2847
f 1421/2059/2848 1443/1248/2848 1422/2060/2848
f 1423/2061/2849 1452/1246/2849 1412/1245/2849
f 1425/2062/2850 1444/2088/2850 1426/2063/2850
f 1413/2049/2851 1445/2089/2851 1427/2065/2851
f 1445/2089/2852 1446/2090/2852 1427/2065/2852
f 1427/2065/2853 1446/2090/2853 1433/2076/2853
f 1446/2090/2854 1447/2091/2854 1433/2076/2854
f 1433/2077/2855 1447/2092/2855 1429/2071/2855
f 1447/2092/2856 1434/2078/2856 1429/2071/2856
f 1416/2053/2857 1448/2093/2857 1435/2079/2857
f 1448/2094/2858 1436/2081/2858 1435/2080/2858
f 1438/2083/2859 1449/2095/2859 1411/2048/2859
f 1411/2048/2860 1449/2095/2860 1397/2027/2860
f 1449/2095/2861 1439/2084/2861 1397/2027/2861
f 1440/2085/2862 1450/2096/2862 1419/2057/2862
f 1419/2057/2863 1450/2096/2863 1420/2058/2863
f 1450/2096/2864 1451/2097/2864 1420/2058/2864
f 1451/2097/2865 1441/2086/2865 1420/2058/2865
f 1426/2064/2866 1445/2089/2866 1413/2049/2866
f 1446/2090/2867 1453/2098/2867 1447/2091/2867
f 1453/2099/2868 1434/2078/2868 1447/2092/2868
f 1430/2072/2869 1454/2100/2869 1416/2053/2869
f 1454/2100/2870 1455/2101/2870 1416/2053/2870
f 1416/2053/2871 1455/2101/2871 1448/2093/2871
f 1455/2101/2872 1456/2102/2872 1448/2093/2872
f 1448/2094/2873 1456/2103/2873 1436/2081/2873
f 1439/2084/2874 1457/2104/2874 1418/2056/2874
f 1457/2104/2875 1440/2085/2875 1418/2056/2875
f 1442/2087/2876 1458/1249/2876 1421/2059/2876
f 1421/2059/2877 1458/1249/2877 1443/1248/2877
f 1443/1248/2878 1459/2105/2878 1422/2060/2878
f 1422/2060/2879 1459/2105/2879 1423/2061/2879
f 1459/2105/2880 1452/1246/2880 1423/2061/2880
f 1445/2089/2881 1460/2106/2881 1446/2090/2881
f 1446/2090/2882 1460/2106/2882 1453/2098/2882
f 1460/2106/2883 1461/2107/2883 1453/2098/2883
f 1453/2099/2884 1461/2108/2884 1434/2078/2884
f 1461/2108/2885 1462/2109/2885 1434/2078/2885
f 1434/2078/2886 1462/2109/2886 1430/2072/2886
f 1455/2101/2887 1463/2110/2887 1456/2102/2887
f 1463/2111/2888 1464/2112/2888 1456/2103/2888
f 1456/2103/2889 1464/2112/2889 1436/2081/2889
f 1449/2095/2890 1465/2113/2890 1439/2084/2890
f 1465/2113/2891 1457/2104/2891 1439/2084/2891
f 1112/1618/2892 1466/2114/2892 1113/1619/2892
f 1113/1619/2893 1466/2114/2893 1425/2062/2893
f 1425/2062/2894 1467/2115/2894 1444/2088/2894
f 1445/2089/2895 1468/2116/2895 1460/2106/2895
f 1468/2116/2896 1469/2117/2896 1460/2106/2896
f 1460/2118/2897 1469/2119/2897 1461/2120/2897
f 1469/2121/2898 1462/2109/2898 1461/2108/2898
f 1430/2072/2899 1470/2122/2899 1454/2100/2899
f 1454/2100/2900 1471/2123/2900 1455/2101/2900
f 1455/2101/2901 1471/2123/2901 1463/2110/2901
f 1471/2123/2902 1464/2124/2902 1463/2110/2902
f 1464/2112/2903 1472/2125/2903 1436/2081/2903
f 1472/2125/2904 1473/2126/2904 1436/2081/2904
f 1436/2081/2905 1473/2126/2905 1437/2082/2905
f 1437/2082/2906 1474/2127/2906 1438/2083/2906
f 1438/2083/2907 1474/2127/2907 1449/2095/2907
f 1474/2127/2908 1465/2113/2908 1449/2095/2908
f 1457/2104/2909 1475/2128/2909 1440/2085/2909
f 1475/2128/2910 1476/2129/2910 1440/2085/2910
f 1440/2085/2911 1476/2129/2911 1450/2096/2911
f 1476/2129/2912 1451/2097/2912 1450/2096/2912
f 1451/2097/2913 1442/2087/2913 1441/2086/2913
f 1466/2114/2914 1467/2115/2914 1425/2062/2914
f 1444/2130/2915 1477/2131/2915 1426/2064/2915
f 1426/2064/2916 1477/2131/2916 1445/2089/2916
f 1477/2131/2917 1468/2116/2917 1445/2089/2917
f 1468/2116/2918 1478/2132/2918 1469/2117/2918
f 1478/2133/2919 1462/2109/2919 1469/2121/2919
f 1462/2109/2920 1470/2122/2920 1430/2072/2920
f 1454/2100/2921 1479/2134/2921 1471/2123/2921
f 1479/2134/2922 1480/2135/2922 1471/2123/2922
f 1471/2123/2923 1480/2135/2923 1464/2124/2923
f 1480/2136/2924 1472/2125/2924 1464/2112/2924
f 1465/2113/2925 1475/2128/2925 1457/2104/2925
f 1451/2097/2926 1481/1235/2926 1442/2087/2926
f 1112/1618/2927 47/1643/2927 1466/2114/2927
f 1477/2131/2928 1482/2137/2928 1468/2116/2928
f 1468/2116/2929 1482/2137/2929 1478/2132/2929
f 1482/2137/2930 1483/2138/2930 1478/2132/2930
f 1478/2133/2931 1483/2139/2931 1462/2109/2931
f 1470/2122/2932 1479/2134/2932 1454/2100/2932
f 1479/2134/2933 1472/2140/2933 1480/2135/2933
f 1473/2126/2934 1484/2141/2934 1437/2082/2934
f 1437/2082/2935 1484/2141/2935 1474/2127/2935
f 1476/2129/2936 1485/1244/2936 1451/2097/2936
f 1485/1244/2937 1481/1235/2937 1451/2097/2937
f 1481/1235/2938 1486/1234/2938 1442/2087/2938
f 1442/2087/2939 1486/1234/2939 1458/1249/2939
f 1487/2142/2940 1467/2115/2940 1466/2114/2940
f 1467/2115/2941 1488/2143/2941 1444/2088/2941
f 1444/2130/2942 1488/2144/2942 1477/2131/2942
f 1482/2137/2943 1489/2145/2943 1483/2138/2943
f 1489/2146/2944 1490/2147/2944 1483/2139/2944
f 1483/2139/2945 1490/2147/2945 1462/2109/2945
f 1490/2147/2946 1470/2122/2946 1462/2109/2946
f 1479/2148/2947 1491/2149/2947 1472/2125/2947
f 1474/2127/2948 1492/2150/2948 1465/2113/2948
f 1492/2150/2949 1493/2151/2949 1465/2113/2949
f 1465/2113/2950 1493/2151/2950 1475/2128/2950
f 1475/2128/2951 1494/2152/2951 1476/2129/2951
f 47/1643/2952 1487/2142/2952 1466/2114/2952
f 1488/2144/2953 1495/2153/2953 1477/2131/2953
f 1477/2131/2954 1495/2153/2954 1482/2137/2954
f 1495/2153/2955 1496/2154/2955 1482/2137/2955
f 1482/2137/2956 1496/2154/2956 1489/2145/2956
f 1496/2154/2957 1497/2155/2957 1489/2145/2957
f 1489/2146/2958 1497/2156/2958 1490/2147/2958
f 1490/2147/2959 1497/2156/2959 1470/2122/2959
f 1497/2156/2960 1498/2157/2960 1470/2122/2960
f 1470/2122/2961 1499/2158/2961 1479/2134/2961
f 1499/2158/2962 1500/2159/2962 1479/2134/2962
f 1479/2134/2963 1500/2159/2963 1491/2160/2963
f 1500/2161/2964 1501/2162/2964 1491/2149/2964
f 1491/2149/2965 1501/2162/2965 1472/2125/2965
f 1472/2125/2966 1501/2162/2966 1473/2126/2966
f 1501/2162/2967 1502/2163/2967 1473/2126/2967
f 1473/2126/2968 1502/2163/2968 1484/2141/2968
f 1484/2141/2969 1492/2150/2969 1474/2127/2969
f 1493/2151/2970 1494/2152/2970 1475/2128/2970
f 1494/2152/2971 1485/1244/2971 1476/2129/2971
f 1485/1244/2972 1503/1233/2972 1481/1235/2972
f 1467/2115/2973 1504/2164/2973 1488/2143/2973
f 1495/2153/2974 1505/2165/2974 1496/2154/2974
f 1505/2165/2975 1506/2166/2975 1496/2154/2975
f 1496/2167/2976 1506/2168/2976 1497/2169/2976
f 1498/2157/2977 1499/2158/2977 1470/2122/2977
f 1499/2158/2978 1507/2170/2978 1500/2159/2978
f 1500/2161/2979 1507/2171/2979 1501/2162/2979
f 1502/2163/2980 1508/2172/2980 1484/2141/2980
f 1484/2141/2981 1508/2172/2981 1492/2150/2981
f 1492/2150/2982 1509/2173/2982 1493/2151/2982
f 1493/2151/2983 1510/438/2983 1494/2152/2983
f 1166/1617/2984 1511/2174/2984 47/1643/2984
f 1511/2174/2985 1487/2142/2985 47/1643/2985
f 1487/2142/2986 1512/2175/2986 1467/2115/2986
f 1504/2164/2987 1513/2176/2987 1488/2143/2987
f 1488/2144/2988 1513/2177/2988 1495/2153/2988
f 1495/2153/2989 1514/2178/2989 1505/2165/2989
f 1505/2165/2990 1514/2178/2990 1506/2166/2990
f 1514/2178/2991 1515/2179/2991 1506/2166/2991
f 1506/2180/2992 1515/2181/2992 1497/2156/2992
f 1515/2181/2993 1498/2157/2993 1497/2156/2993
f 1498/2157/2994 1516/2182/2994 1499/2158/2994
f 1516/2182/2995 1517/2183/2995 1499/2158/2995
f 1499/2158/2996 1517/2183/2996 1507/2170/2996
f 1517/2183/2997 1518/2184/2997 1507/2170/2997
f 1507/2171/2998 1518/2185/2998 1501/2162/2998
f 1518/2185/2999 1519/2186/2999 1501/2162/2999
f 1501/2162/3000 1519/2186/3000 1502/2163/3000
f 1508/2172/3001 1509/2173/3001 1492/2150/3001
f 1509/2173/3002 1510/438/3002 1493/2151/3002
f 1510/438/3003 1520/440/3003 1494/2152/3003
f 1494/2152/3004 1520/440/3004 1485/1244/3004
f 1512/2175/3005 1504/2164/3005 1467/2115/3005
f 1495/2153/3006 1521/2187/3006 1514/2178/3006
f 1521/2187/3007 1522/2188/3007 1514/2178/3007
f 1514/2189/3008 1522/2190/3008 1515/2181/3008
f 1522/2190/3009 1498/2157/3009 1515/2181/3009
f 1519/2186/3010 1523/2191/3010 1502/2163/3010
f 1502/2163/3011 1523/2191/3011 1508/2172/3011
f 1508/2172/3012 1524/2192/3012 1509/2173/3012
f 1511/2174/3013 1525/2193/3013 1487/2142/3013
f 1487/2142/3014 1525/2193/3014 1512/2175/3014
f 1504/2164/3015 1526/2194/3015 1513/2176/3015
f 1513/2177/3016 1521/2187/3016 1495/2153/3016
f 1521/2187/3017 1527/2195/3017 1522/2188/3017
f 1527/2196/3018 1528/2197/3018 1522/2190/3018
f 1522/2190/3019 1528/2197/3019 1498/2157/3019
f 1498/2157/3020 1529/2198/3020 1516/2182/3020
f 1529/2198/3021 1530/2199/3021 1516/2182/3021
f 1516/2182/3022 1530/2199/3022 1517/2183/3022
f 1530/2199/3023 1531/2200/3023 1517/2183/3023
f 1517/2201/3024 1531/2202/3024 1518/2185/3024
f 1531/2202/3025 1532/2203/3025 1518/2185/3025
f 1518/2185/3026 1532/2203/3026 1519/2186/3026
f 1523/2191/3027 1524/2192/3027 1508/2172/3027
f 1509/2173/3028 1533/439/3028 1510/438/3028
f 1525/2193/3029 1534/2204/3029 1512/2175/3029
f 1512/2175/3030 1534/2204/3030 1504/2164/3030
f 1521/2187/3031 1535/2205/3031 1527/2195/3031
f 1535/2205/3032 1536/2206/3032 1527/2195/3032
f 1527/2196/3033 1536/2207/3033 1528/2197/3033
f 1536/2207/3034 1537/2208/3034 1528/2197/3034
f 1528/2197/3035 1537/2208/3035 1498/2157/3035
f 1537/2208/3036 1529/2198/3036 1498/2157/3036
f 1530/2199/3037 1532/2209/3037 1531/2200/3037
f 1532/2203/3038 1538/2210/3038 1519/2186/3038
f 1519/2186/3039 1538/2210/3039 1523/2191/3039
f 1523/2191/3040 1539/2211/3040 1524/2192/3040
f 1539/2211/3041 1540/2212/3041 1524/2192/3041
f 1524/2192/3042 1540/2212/3042 1509/2173/3042
f 1509/2173/3043 1540/2212/3043 1533/439/3043
f 1166/1617/3044 48/1731/3044 1511/2174/3044
f 48/1731/3045 1525/2193/3045 1511/2174/3045
f 1534/2204/3046 1526/2194/3046 1504/2164/3046
f 1526/2213/3047 1541/2214/3047 1513/2177/3047
f 1513/2177/3048 1541/2214/3048 1521/2187/3048
f 1541/2214/3049 1542/2215/3049 1521/2187/3049
f 1521/2187/3050 1542/2215/3050 1535/2205/3050
f 1542/2215/3051 1543/2216/3051 1535/2205/3051
f 1535/2217/3052 1543/2218/3052 1536/2219/3052
f 1543/2220/3053 1537/2208/3053 1536/2207/3053
f 1529/2198/3054 1544/2221/3054 1530/2199/3054
f 1544/2221/3055 1545/2222/3055 1530/2199/3055
f 1530/2199/3056 1545/2222/3056 1532/2209/3056
f 1538/2210/3057 1539/2211/3057 1523/2191/3057
f 401/559/3058 96/572/3058 95/15/3058
f 1542/2215/3059 1546/2223/3059 1543/2216/3059
f 1546/2224/3060 1537/2208/3060 1543/2220/3060
f 1544/2225/3061 1547/2226/3061 1545/2227/3061
f 1545/2228/3062 1547/2229/3062 1532/2203/3062
f 1532/2203/3063 1547/2229/3063 1538/2210/3063
f 1538/2230/3064 1548/2231/3064 1539/2232/3064
f 1539/2211/3065 1548/2233/3065 1540/2212/3065
f 48/1731/3066 1549/2234/3066 1525/2193/3066
f 1549/2234/3067 1534/2204/3067 1525/2193/3067
f 1534/2204/3068 1550/2235/3068 1526/2194/3068
f 1550/2235/3069 1541/2236/3069 1526/2194/3069
f 1541/2214/3070 1551/2237/3070 1542/2215/3070
f 1551/2237/3071 1552/2238/3071 1542/2215/3071
f 1542/2215/3072 1552/2238/3072 1546/2223/3072
f 1552/2238/3073 1553/2239/3073 1546/2223/3073
f 1546/2224/3074 1553/2240/3074 1537/2208/3074
f 1553/2240/3075 1554/2241/3075 1537/2208/3075
f 1537/2208/3076 1554/2241/3076 1529/2198/3076
f 1554/2241/3077 1555/2242/3077 1529/2198/3077
f 1529/2198/3078 1555/2242/3078 1544/2221/3078
f 1555/2242/3079 1556/2243/3079 1544/2221/3079
f 1556/2243/3080 1557/2244/3080 1544/2221/3080
f 1544/2245/3081 1557/2246/3081 1547/2229/3081
f 1547/2226/3082 1558/489/3082 1538/2230/3082
f 1549/2234/3083 17/2247/3083 1534/2204/3083
f 17/2247/3084 1550/2235/3084 1534/2204/3084
f 1552/2248/3085 16/2249/3085 1553/2250/3085
f 16/2251/3086 1554/2241/3086 1553/2240/3086
f 1556/2252/3087 15/2253/3087 1557/2254/3087
f 1557/2254/3088 15/2253/3088 1547/2226/3088
f 15/2253/3089 1558/489/3089 1547/2226/3089
f 1558/489/3090 14/491/3090 1538/2230/3090
f 1538/2230/3091 14/491/3091 1548/2231/3091
f 370/1/3092 372/13/3092 85/12/3092
f 124/54/3093 69/39/3093 75/1966/3093
f 15/2253/3094 1560/2255/3094 1558/489/3094
f 1554/2241/3095 1567/2256/3095 1555/2242/3095
f 16/2251/3096 1570/2257/3096 1554/2241/3096
f 1552/2238/3097 1572/2258/3097 16/2259/3097
f 1541/2260/3098 1581/2261/3098 1551/2262/3098
f 1558/489/3099 1560/2255/3099 1559/490/3099
f 1556/2243/3100 1561/2263/3100 15/2264/3100
f 1561/2263/3101 1562/2265/3101 15/2264/3101
f 15/2253/3102 1562/2266/3102 1560/2255/3102
f 1562/2266/3103 1563/2267/3103 1560/2255/3103
f 1560/2255/3104 1563/2267/3104 1559/490/3104
f 1563/2267/3105 1564/494/3105 1559/490/3105
f 1556/2243/3106 1555/2242/3106 1561/2263/3106
f 1561/2263/3107 1565/2268/3107 1562/2265/3107
f 1562/2265/3108 1565/2268/3108 1563/2269/3108
f 1565/2268/3109 1566/1241/3109 1563/2269/3109
f 1563/2267/3110 1566/492/3110 1564/494/3110
f 1555/2242/3111 1565/2268/3111 1561/2263/3111
f 1565/2268/3112 102/1242/3112 1566/1241/3112
f 1567/2256/3113 1568/2270/3113 1555/2242/3113
f 1555/2242/3114 1568/2270/3114 1565/2268/3114
f 1565/2268/3115 1571/2271/3115 102/1242/3115
f 1568/2270/3116 1569/2272/3116 1565/2268/3116
f 1554/2241/3117 1570/2257/3117 1567/2256/3117
f 1565/2268/3118 1569/2272/3118 1571/2271/3118
f 16/2259/3119 1572/2258/3119 1570/2273/3119
f 1572/2274/3120 1573/2275/3120 1570/2276/3120
f 1570/2257/3121 1573/2277/3121 1567/2256/3121
f 1573/2277/3122 1574/2278/3122 1567/2256/3122
f 1574/2278/3123 1575/2279/3123 1567/2256/3123
f 1567/2256/3124 1575/2279/3124 1568/2270/3124
f 1552/2248/3125 1551/2262/3125 1572/2274/3125
f 1551/2262/3126 1576/2280/3126 1572/2274/3126
f 1572/2274/3127 1576/2280/3127 1573/2275/3127
f 1573/2281/3128 1576/2282/3128 1574/2283/3128
f 1576/2280/3129 1577/2284/3129 1574/2285/3129
f 1574/2278/3130 1577/2286/3130 1575/2279/3130
f 1577/2286/3131 1578/2287/3131 1575/2279/3131
f 1575/2279/3132 1578/2287/3132 1568/2270/3132
f 1578/2287/3133 1579/2288/3133 1568/2270/3133
f 1579/2288/3134 1569/2272/3134 1568/2270/3134
f 1569/2272/3135 1580/437/3135 1571/2271/3135
f 1551/2262/3136 1582/2289/3136 1576/2280/3136
f 1582/2289/3137 1583/2290/3137 1576/2280/3137
f 1576/2280/3138 1583/2290/3138 1577/2284/3138
f 1577/2284/3139 1583/2290/3139 1578/2291/3139
f 1583/2290/3140 1584/2292/3140 1578/2291/3140
f 1578/2287/3141 1584/2293/3141 1579/2288/3141
f 1584/2292/3142 1585/2294/3142 1579/2295/3142
f 1579/2288/3143 1585/2296/3143 1569/2272/3143
f 1585/2296/3144 1586/2297/3144 1569/2272/3144
f 1569/2272/3145 1587/1240/3145 1580/437/3145
f 1541/2236/3146 1588/2298/3146 1581/2299/3146
f 1551/2262/3147 1581/2261/3147 1582/2289/3147
f 1582/2289/3148 1589/2300/3148 1583/2290/3148
f 1583/2290/3149 1589/2300/3149 1584/2292/3149
f 1584/2292/3150 1589/2300/3150 1585/2294/3150
f 1589/2300/3151 1590/2301/3151 1585/2294/3151
f 1585/2302/3152 1590/2303/3152 1586/2304/3152
f 1590/2301/3153 1591/2305/3153 1586/2306/3153
f 1586/2297/3154 1591/2307/3154 1569/2272/3154
f 1591/2307/3155 1587/1240/3155 1569/2272/3155
f 1541/2236/3156 1550/2235/3156 1588/2298/3156
f 1589/2300/3157 1592/2308/3157 1590/2301/3157
f 1590/2301/3158 1592/2308/3158 1591/2305/3158
f 1592/2308/3159 1593/2309/3159 1591/2305/3159
f 1591/2310/3160 1593/2311/3160 1587/2312/3160
f 1593/2309/3161 1594/2313/3161 1587/2314/3161
f 1594/2315/3162 1595/435/3162 1587/1240/3162
f 1588/2316/3163 1596/2317/3163 1581/2261/3163
f 1581/2261/3164 1597/2318/3164 1582/2289/3164
f 1582/2289/3165 1597/2318/3165 1589/2300/3165
f 1597/2318/3166 1598/2319/3166 1589/2300/3166
f 1589/2300/3167 1598/2319/3167 1592/2308/3167
f 1592/2308/3168 1599/2320/3168 1593/2309/3168
f 1593/2309/3169 1599/2320/3169 1594/2313/3169
f 1599/2320/3170 1600/2321/3170 1594/2313/3170
f 1594/2322/3171 1600/2323/3171 1595/2324/3171
f 1600/2321/3172 1601/2325/3172 1595/2326/3172
f 1550/2235/3173 17/2247/3173 1588/2298/3173
f 1588/2316/3174 1602/2327/3174 1596/2317/3174
f 1581/2261/3175 1596/2317/3175 1597/2318/3175
f 1592/2308/3176 1598/2319/3176 1599/2320/3176
f 1598/2319/3177 1603/2328/3177 1599/2320/3177
f 1599/2320/3178 1603/2328/3178 1600/2321/3178
f 1600/2321/3179 1603/2328/3179 1601/2325/3179
f 1603/2328/3180 1604/431/3180 1601/2325/3180
f 1596/2317/3181 1605/2329/3181 1597/2318/3181
f 1597/2318/3182 1605/2329/3182 1598/2319/3182
f 1603/2328/3183 1606/432/3183 1604/431/3183
f 1598/2319/3184 1607/2330/3184 1603/2328/3184
f 1603/2328/3185 100/2331/3185 1606/432/3185
f 17/2247/3186 1608/2332/3186 1588/2298/3186
f 1588/2298/3187 1608/2332/3187 1602/2333/3187
f 1602/2333/3188 1609/2334/3188 1596/2335/3188
f 1596/2317/3189 1609/2336/3189 1605/2329/3189
f 1609/2336/3190 1610/2337/3190 1605/2329/3190
f 1610/2337/3191 1611/2338/3191 1605/2329/3191
f 1605/2329/3192 1611/2338/3192 1598/2319/3192
f 1598/2319/3193 1611/2338/3193 1607/2330/3193
f 1603/2328/3194 1607/2330/3194 100/2331/3194
f 1612/2339/3195 1608/2332/3195 17/2247/3195
f 1549/2234/3196 1647/2340/3196 17/2247/3196
f 1647/2340/3197 1612/2339/3197 17/2247/3197
f 1608/2332/3198 1644/2341/3198 1602/2333/3198
f 1644/2341/3199 1609/2334/3199 1602/2333/3199
f 1610/2337/3200 1642/2342/3200 1611/2338/3200
f 1611/2338/3201 1642/2342/3201 1607/2330/3201
f 1612/2339/3202 1644/2341/3202 1608/2332/3202
f 1607/2330/3203 1641/2343/3203 100/2331/3203
f 48/1731/3204 1640/1730/3204 1549/2234/3204
f 1640/1730/3205 1646/2344/3205 1549/2234/3205
f 1549/2234/3206 1646/2344/3206 1647/2340/3206
f 1644/2341/3207 1637/2345/3207 1609/2334/3207
f 1637/2345/3208 1643/2346/3208 1609/2334/3208
f 1609/2336/3209 1643/2347/3209 1610/2337/3209
f 1613/1696/3210 1680/2348/3210 1679/1695/3210
f 1613/1696/3211 1614/2349/3211 1680/2348/3211
f 1614/2349/3212 1615/2350/3212 1681/2351/3212
f 1615/2350/3213 1616/2352/3213 1681/2351/3213
f 1681/1263/3214 1616/2353/3214 1682/1259/3214
f 369/1694/3215 1614/2349/3215 1613/1696/3215
f 1616/2353/3216 1617/2354/3216 1682/1259/3216
f 1682/1259/3217 1617/2354/3217 1683/1260/3217
f 1617/2354/3218 1618/2355/3218 1683/1260/3218
f 1683/1260/3219 1618/2355/3219 1684/1257/3219
f 1614/2349/3220 1619/2356/3220 1615/2350/3220
f 1615/2350/3221 1620/2357/3221 1616/2352/3221
f 1618/2355/3222 1621/2358/3222 1684/1257/3222
f 1621/2358/3223 1678/1258/3223 1684/1257/3223
f 369/1694/3224 1619/2356/3224 1614/2349/3224
f 1619/2356/3225 1620/2357/3225 1615/2350/3225
f 1620/2359/3226 1622/2360/3226 1616/2353/3226
f 1616/2353/3227 1622/2360/3227 1617/2354/3227
f 1622/2360/3228 1618/2355/3228 1617/2354/3228
f 1678/1258/3229 1623/2361/3229 1685/1255/3229
f 1623/2361/3230 1624/2362/3230 1685/1255/3230
f 1624/2362/3231 1625/2363/3231 1685/1255/3231
f 1685/1255/3232 1625/2363/3232 10/1256/3232
f 369/1694/3233 1627/2364/3233 1619/2356/3233
f 1622/2360/3234 1628/2365/3234 1618/2355/3234
f 1628/2365/3235 1629/2366/3235 1618/2355/3235
f 1618/2355/3236 1629/2366/3236 1621/2358/3236
f 1621/2358/3237 1623/2361/3237 1678/1258/3237
f 1625/2363/3238 1630/2367/3238 10/1256/3238
f 10/1256/3239 1630/2367/3239 1626/1728/3239
f 1619/2356/3240 1631/2368/3240 1620/2357/3240
f 1621/2358/3241 1632/2369/3241 1623/2361/3241
f 8/1693/3242 1627/2364/3242 369/1694/3242
f 1627/2364/3243 1631/2368/3243 1619/2356/3243
f 1631/2368/3244 1633/2370/3244 1620/2357/3244
f 1620/2357/3245 1633/2370/3245 1622/2371/3245
f 1633/2370/3246 1634/2372/3246 1622/2371/3246
f 1622/2360/3247 1634/2373/3247 1628/2365/3247
f 1629/2366/3248 1632/2369/3248 1621/2358/3248
f 8/1693/3249 1635/2374/3249 1627/2364/3249
f 1635/2374/3250 1636/2375/3250 1627/2364/3250
f 1627/2364/3251 1636/2375/3251 1631/2368/3251
f 1628/2365/3252 1637/2345/3252 1629/2366/3252
f 1630/2367/3253 1165/1727/3253 1626/1728/3253
f 1630/2367/3254 1638/1729/3254 1165/1727/3254
f 1623/2361/3255 1639/2376/3255 1624/2362/3255
f 1624/2362/3256 1639/2376/3256 1625/2363/3256
f 1625/2363/3257 1638/1729/3257 1630/2367/3257
f 1635/2374/3258 1641/2343/3258 1636/2375/3258
f 1636/2375/3259 1642/2342/3259 1631/2368/3259
f 1631/2368/3260 1642/2342/3260 1633/2370/3260
f 1633/2370/3261 1610/2337/3261 1634/2372/3261
f 1610/2337/3262 1643/2347/3262 1634/2372/3262
f 1634/2373/3263 1643/2346/3263 1628/2365/3263
f 1643/2346/3264 1637/2345/3264 1628/2365/3264
f 1637/2345/3265 1644/2341/3265 1629/2366/3265
f 1629/2366/3266 1644/2341/3266 1632/2369/3266
f 1632/2369/3267 1645/2377/3267 1623/2361/3267
f 1623/2361/3268 1645/2377/3268 1639/2376/3268
f 1625/2363/3269 1639/2376/3269 1638/1729/3269
f 1644/2341/3270 1612/2339/3270 1632/2369/3270
f 1632/2369/3271 1612/2339/3271 1645/2377/3271
f 1639/2376/3272 1646/2344/3272 1638/1729/3272
f 1638/1729/3273 1646/2344/3273 1640/1730/3273
f 1642/2342/3274 1610/2337/3274 1633/2370/3274
f 1645/2377/3275 1647/2340/3275 1639/2376/3275
f 1639/2376/3276 1647/2340/3276 1646/2344/3276
f 1641/2343/3277 1607/2330/3277 1636/2375/3277
f 1636/2375/3278 1607/2330/3278 1642/2342/3278
f 1645/2377/3279 1612/2339/3279 1647/2340/3279
f 1614/2349/3280 1681/2351/3280 1680/2348/3280
f 104/488/3281 1151/487/3281 29/1251/3281
f 1146/1719/3282 1150/1264/3282 1674/1265/3282
f 1142/1716/3283 1674/1265/3283 1673/1267/3283
f 873/1318/3284 1672/1283/3284 872/1317/3284
