{"type": "FeatureCollection", "name": "maldives_game_map", "crs": {"type": "name", "properties": {"name": "urn:ogc:def:crs:OGC:1.3:CRS84"}}, "metadata": {"source": "geoBoundaries (OSM-derived coastline) + Natural Earth 10m reefs", "datum": "WGS84", "zones": 32, "islands": 1296}, "features": [{"type": "Feature", "properties": {"id": "Z01", "kind": "atoll_zone", "lat": 7.0118, "lon": 72.92133, "area_km2": 303.7, "islands": 24, "ref_name": "North Thiladhunmathe"}, "geometry": {"type": "MultiPolygon", "coordinates": [[[[73.00614, 7.00074], [73.00622, 6.99718], [73.0009, 6.9886], [72.99894, 6.98672], [72.99692, 6.98401], [72.98958, 6.97038], [72.98833, 6.96522], [72.98738, 6.95606], [72.98741, 6.94965], [72.98669, 6.94684], [72.98189, 6.93277], [72.98036, 6.92916], [72.97741, 6.92536], [72.97619, 6.92114], [72.97495, 6.91909], [72.9727, 6.91772], [72.9699, 6.91511], [72.96689, 6.91346], [72.96441, 6.91119], [72.96114, 6.9096], [72.95652, 6.90958], [72.95193, 6.90892], [72.9477, 6.90879], [72.94135, 6.91073], [72.93803, 6.91127], [72.93547, 6.9121], [72.93212, 6.91381], [72.93066, 6.91525], [72.92945, 6.91703], [72.9233, 6.91832], [72.92133, 6.91917], [72.91888, 6.92091], [72.91643, 6.92374], [72.91537, 6.92974], [72.91394, 6.93487], [72.91299, 6.93678], [72.9104, 6.93923], [72.90915, 6.94236], [72.90794, 6.94427], [72.89887, 6.95111], [72.89548, 6.95741], [72.89414, 6.96145], [72.89238, 6.96496], [72.88685, 6.97048], [72.88314, 6.976], [72.8817, 6.97939], [72.88089, 6.98053], [72.87852, 6.98188], [72.87224, 6.98369], [72.86458, 6.98909], [72.86027, 6.99264], [72.85638, 6.99492], [72.85349, 6.99612], [72.84714, 7.00078], [72.8451, 7.00169], [72.83804, 7.01196], [72.83419, 7.01249], [72.82851, 7.01406], [72.82263, 7.01491], [72.81798, 7.01671], [72.81593, 7.01801], [72.81419, 7.02003], [72.80977, 7.0287], [72.80856, 7.0304], [72.80715, 7.03218], [72.80086, 7.03729], [72.79479, 7.0463], [72.79375, 7.05733], [72.79617, 7.06725], [72.79741, 7.07033], [72.79909, 7.07298], [72.80476, 7.07788], [72.80738, 7.07971], [72.81047, 7.08084], [72.8134, 7.08067], [72.81721, 7.08144], [72.81985, 7.08243], [72.82207, 7.0825], [72.82665, 7.08348], [72.83029, 7.08644], [72.83311, 7.09113], [72.83495, 7.09306], [72.84166, 7.09774], [72.84729, 7.10122], [72.85174, 7.10252], [72.855, 7.10249], [72.8595, 7.10393], [72.86796, 7.10354], [72.87625, 7.10471], [72.87978, 7.1067], [72.88204, 7.10994], [72.88454, 7.11144], [72.88736, 7.11295], [72.89459, 7.11493], [72.89842, 7.11492], [72.90163, 7.11437], [72.90692, 7.11292], [72.91389, 7.10944], [72.91752, 7.10709], [72.92236, 7.1029], [72.92512, 7.09878], [72.92919, 7.09444], [72.93298, 7.08821], [72.93584, 7.085], [72.94002, 7.08183], [72.9466, 7.07271], [72.9501, 7.07061], [72.97417, 7.06107], [72.977, 7.0596], [72.98197, 7.05555], [72.98672, 7.04974], [72.9879, 7.04673], [72.98863, 7.043], [72.98959, 7.04076], [72.99094, 7.03355], [72.99277, 7.0303], [72.99601, 7.02264], [72.99774, 7.02062], [72.99998, 7.01913], [73.00356, 7.01406], [73.00459, 7.01164], [73.00592, 7.00993], [73.00652, 7.00658], [73.00658, 7.00432], [73.00614, 7.00074]]]]}}, {"type": "Feature", "properties": {"id": "Z02", "kind": "atoll_zone", "lat": 6.88779, "lon": 73.16039, "area_km2": 349.0, "islands": 29, "ref_name": "North Thiladhunmathe"}, "geometry": {"type": "MultiPolygon", "coordinates": [[[[73.20014, 6.80494], [72.93143, 6.80377], [72.93034, 6.80562], [72.92944, 6.81083], [72.92929, 6.81692], [72.93072, 6.82246], [72.93324, 6.82863], [72.937, 6.83159], [72.94113, 6.83554], [72.94143, 6.83924], [72.94395, 6.84554], [72.94537, 6.85083], [72.9486, 6.85462], [72.95165, 6.85458], [72.95494, 6.85559], [72.95633, 6.86302], [72.95887, 6.86821], [72.9632, 6.86951], [72.97103, 6.86768], [72.98073, 6.8643], [72.98476, 6.86151], [72.98976, 6.85629], [72.99921, 6.85237], [73.0033, 6.85224], [73.00849, 6.85279], [73.01958, 6.85644], [73.02518, 6.85622], [73.02942, 6.85551], [73.03648, 6.85612], [73.0435, 6.85582], [73.04875, 6.85637], [73.0527, 6.85721], [73.06178, 6.86034], [73.06634, 6.86288], [73.06946, 6.86563], [73.077, 6.87357], [73.08008, 6.87761], [73.08237, 6.88286], [73.09527, 6.90036], [73.10204, 6.91139], [73.1031, 6.9153], [73.10618, 6.91961], [73.11457, 6.92777], [73.11898, 6.93082], [73.12515, 6.93367], [73.13188, 6.9377], [73.13541, 6.9391], [73.14162, 6.94033], [73.14788, 6.94253], [73.15356, 6.94387], [73.16579, 6.95164], [73.17963, 6.95894], [73.18309, 6.96152], [73.18613, 6.96303], [73.19024, 6.96432], [73.19912, 6.96883], [73.20649, 6.97205], [73.21168, 6.97141], [73.21515, 6.96947], [73.21848, 6.96286], [73.22005, 6.96213], [73.22089, 6.95963], [73.21817, 6.95139], [73.21957, 6.94437], [73.22633, 6.93008], [73.22998, 6.92765], [73.23101, 6.92664], [73.23344, 6.92268], [73.23415, 6.91847], [73.2352, 6.8963], [73.23476, 6.88734], [73.2335, 6.88005], [73.23478, 6.87602], [73.23844, 6.86667], [73.24298, 6.85866], [73.24596, 6.85111], [73.24736, 6.84681], [73.24771, 6.843], [73.24638, 6.83875], [73.24238, 6.83494], [73.23762, 6.83278], [73.22465, 6.82908], [73.21944, 6.82684], [73.21735, 6.82451], [73.21742, 6.82141], [73.21417, 6.81574], [73.21183, 6.81333], [73.20679, 6.80974], [73.20361, 6.80926], [73.20195, 6.80798], [73.20014, 6.80494]]]]}}, {"type": "Feature", "properties": {"id": "Z03", "kind": "atoll_zone", "lat": 6.60994, "lon": 72.97259, "area_km2": 872.1, "islands": 39, "ref_name": "South Thiladhunmathe"}, "geometry": {"type": "MultiPolygon", "coordinates": [[[[73.05807, 6.49988], [72.9586, 6.49958], [72.88208, 6.41501], [72.8802, 6.41792], [72.87728, 6.42603], [72.87009, 6.43488], [72.86986, 6.4389], [72.87018, 6.44696], [72.86959, 6.44973], [72.86334, 6.46724], [72.86179, 6.47253], [72.86104, 6.47686], [72.86198, 6.48032], [72.86362, 6.48205], [72.86584, 6.4834], [72.87328, 6.49021], [72.87526, 6.4937], [72.87704, 6.50179], [72.87914, 6.51873], [72.88306, 6.52447], [72.88335, 6.52831], [72.87992, 6.53881], [72.87955, 6.54328], [72.8788, 6.54761], [72.87699, 6.55023], [72.87452, 6.55121], [72.86665, 6.55653], [72.86002, 6.56377], [72.85968, 6.56681], [72.86024, 6.57014], [72.86177, 6.57368], [72.86349, 6.57665], [72.86357, 6.57892], [72.86296, 6.58261], [72.86327, 6.58547], [72.8641, 6.58828], [72.86761, 6.59474], [72.87103, 6.59995], [72.87137, 6.6019], [72.86842, 6.61436], [72.86819, 6.61832], [72.86655, 6.62685], [72.86616, 6.63203], [72.86649, 6.63951], [72.86752, 6.64499], [72.87881, 6.67533], [72.88097, 6.67934], [72.88402, 6.68325], [72.88724, 6.69099], [72.88831, 6.69497], [72.88988, 6.69897], [72.8912, 6.70056], [72.89178, 6.70311], [72.89146, 6.70544], [72.89223, 6.71078], [72.89423, 6.71843], [72.89458, 6.72227], [72.89553, 6.72573], [72.89687, 6.72895], [72.89867, 6.73165], [72.90479, 6.73706], [72.90975, 6.74231], [72.91882, 6.74799], [72.92522, 6.75302], [72.93301, 6.76574], [72.93446, 6.76746], [72.93702, 6.76818], [72.93764, 6.76916], [72.93803, 6.77151], [72.93797, 6.77891], [72.93657, 6.78589], [72.93605, 6.79126], [72.935, 6.79702], [72.93143, 6.80377], [73.20014, 6.80494], [73.1986, 6.80362], [73.19263, 6.79529], [73.18805, 6.78979], [73.18547, 6.7846], [73.18474, 6.78062], [73.18401, 6.77346], [73.18343, 6.77111], [73.17972, 6.76212], [73.17435, 6.7529], [73.17281, 6.74942], [73.16709, 6.73889], [73.16109, 6.73096], [73.15833, 6.7281], [73.15574, 6.72621], [73.1496, 6.72418], [73.14285, 6.72324], [73.14054, 6.72026], [73.1392, 6.71698], [73.13802, 6.71273], [73.13561, 6.70845], [73.12905, 6.70296], [73.1274, 6.70201], [73.12596, 6.70016], [73.12139, 6.68959], [73.1199, 6.68722], [73.11777, 6.68249], [73.11394, 6.67792], [73.10815, 6.67492], [73.10513, 6.67446], [73.1, 6.67615], [73.09763, 6.67544], [73.09109, 6.67171], [73.0894, 6.66939], [73.08883, 6.66652], [73.08932, 6.66219], [73.0889, 6.65886], [73.08756, 6.65552], [73.08578, 6.65216], [73.08533, 6.64943], [73.08519, 6.64449], [73.08297, 6.63801], [73.08186, 6.63071], [73.08126, 6.62394], [73.07985, 6.61877], [73.07575, 6.60984], [73.07258, 6.60529], [73.07104, 6.60181], [73.06981, 6.58964], [73.06901, 6.58552], [73.06223, 6.57809], [73.06089, 6.57533], [73.06067, 6.56344], [73.0603, 6.56038], [73.05907, 6.55782], [73.05731, 6.55583], [73.05577, 6.55312], [73.05521, 6.54967], [73.05557, 6.54559], [73.05675, 6.5401], [73.06079, 6.53046], [73.06213, 6.52569], [73.06244, 6.51849], [73.06186, 6.51107], [73.05985, 6.50589], [73.05875, 6.50411], [73.05866, 6.50203], [73.05807, 6.49988]]]]}}, {"type": "Feature", "properties": {"id": "Z04", "kind": "atoll_zone", "lat": 6.31441, "lon": 72.61676, "area_km2": 287.3, "islands": 4, "ref_name": "South Thiladhunmathe"}, "geometry": {"type": "MultiPolygon", "coordinates": [[[[72.72672, 6.40946], [72.72575, 6.40637], [72.72444, 6.40413], [72.722, 6.39808], [72.72115, 6.39344], [72.71363, 6.37737], [72.70709, 6.37128], [72.70384, 6.36879], [72.69711, 6.3627], [72.69401, 6.35904], [72.69151, 6.3554], [72.68986, 6.35152], [72.68063, 6.33645], [72.67538, 6.32604], [72.67219, 6.32134], [72.66595, 6.31083], [72.65976, 6.30157], [72.65434, 6.28965], [72.6504, 6.28376], [72.64477, 6.27301], [72.64168, 6.25895], [72.64128, 6.25471], [72.64047, 6.25072], [72.64019, 6.24661], [72.63921, 6.24158], [72.63583, 6.22959], [72.6336, 6.22504], [72.62576, 6.21703], [72.61324, 6.20559], [72.60985, 6.20125], [72.60481, 6.1925], [72.60301, 6.19088], [72.60057, 6.18974], [72.5947, 6.18845], [72.59209, 6.18747], [72.58836, 6.18712], [72.57968, 6.1852], [72.575, 6.18554], [72.5718, 6.18637], [72.56877, 6.18792], [72.5655, 6.19089], [72.55442, 6.2042], [72.55129, 6.20951], [72.5477, 6.2134], [72.54625, 6.21837], [72.54461, 6.22164], [72.54358, 6.2261], [72.54508, 6.24319], [72.54485, 6.25183], [72.54552, 6.25855], [72.54679, 6.26496], [72.55144, 6.27314], [72.55502, 6.28312], [72.55634, 6.28778], [72.55785, 6.29699], [72.56222, 6.3066], [72.56441, 6.31231], [72.57109, 6.3253], [72.57347, 6.33122], [72.57989, 6.34192], [72.58366, 6.34943], [72.58746, 6.35552], [72.59024, 6.36125], [72.59556, 6.36932], [72.6049, 6.38238], [72.61241, 6.39396], [72.61467, 6.39688], [72.62833, 6.41141], [72.63306, 6.41719], [72.63619, 6.41942], [72.64382, 6.42592], [72.65345, 6.43099], [72.65843, 6.43177], [72.66346, 6.43124], [72.66965, 6.43284], [72.67478, 6.43323], [72.67755, 6.43408], [72.6835, 6.43794], [72.6882, 6.44229], [72.69102, 6.44406], [72.70258, 6.44702], [72.70538, 6.44683], [72.71379, 6.44334], [72.71732, 6.44024], [72.71941, 6.43952], [72.72455, 6.43464], [72.72558, 6.43298], [72.72628, 6.43085], [72.72626, 6.42675], [72.72738, 6.42359], [72.72672, 6.40946]]]]}}, {"type": "Feature", "properties": {"id": "Z05", "kind": "atoll_zone", "lat": 6.23, "lon": 73.13516, "area_km2": 1622.2, "islands": 60, "ref_name": "North Miladhunmadulu"}, "geometry": {"type": "MultiPolygon", "coordinates": [[[[72.88208, 6.41501], [72.9586, 6.49958], [73.05807, 6.49988], [73.05604, 6.49477], [73.05613, 6.48163], [73.05827, 6.4742], [73.05967, 6.468], [73.06134, 6.46381], [73.06139, 6.46199], [73.06362, 6.45606], [73.06671, 6.44502], [73.06897, 6.44085], [73.07207, 6.43644], [73.07278, 6.43438], [73.07264, 6.4295], [73.07481, 6.42383], [73.07646, 6.42003], [73.08529, 6.40614], [73.08946, 6.40293], [73.09865, 6.39725], [73.10528, 6.39462], [73.1278, 6.38408], [73.14086, 6.37941], [73.15632, 6.37278], [73.16405, 6.37038], [73.17046, 6.36918], [73.18469, 6.3644], [73.20503, 6.35992], [73.20721, 6.35848], [73.2142, 6.35554], [73.21802, 6.35349], [73.22749, 6.34144], [73.23116, 6.33822], [73.23473, 6.33584], [73.23879, 6.33223], [73.24144, 6.32794], [73.24351, 6.32377], [73.24432, 6.31982], [73.25277, 6.29519], [73.25482, 6.28626], [73.25593, 6.27341], [73.25693, 6.27032], [73.26159, 6.25866], [73.26551, 6.25057], [73.2707, 6.24114], [73.27308, 6.23951], [73.27661, 6.23641], [73.27825, 6.23326], [73.28008, 6.22557], [73.28586, 6.2159], [73.28903, 6.21136], [73.29178, 6.2085], [73.29647, 6.2055], [73.30154, 6.2031], [73.30505, 6.20039], [73.30743, 6.19414], [73.30854, 6.18383], [73.30882, 6.17076], [73.30692, 6.15919], [73.30597, 6.15572], [73.3045, 6.14436], [73.29993, 6.13299], [73.29848, 6.12821], [73.29515, 6.1142], [73.2949, 6.10906], [73.29531, 6.09306], [73.29495, 6.07946], [73.29514, 6.07231], [73.29465, 6.06638], [73.29516, 6.05657], [73.29671, 6.04964], [73.30382, 6.02895], [73.3052, 6.02339], [73.30791, 6.0191], [73.30862, 6.0169], [73.31048, 6.01299], [73.31209, 6.01101], [73.31366, 6.00832], [73.21156, 5.95924], [73.11165, 5.95998], [73.11066, 5.96276], [73.10821, 5.96464], [73.10143, 5.97266], [73.0967, 5.98445], [73.09521, 5.98695], [73.0943, 5.99206], [73.09417, 5.99694], [73.09328, 6.00101], [73.08718, 6.00521], [73.0779, 6.01239], [73.06684, 6.01991], [73.06291, 6.02339], [73.05916, 6.02726], [73.04838, 6.03479], [73.0369, 6.04822], [73.03346, 6.05288], [73.02761, 6.07055], [73.02282, 6.08207], [73.01821, 6.10667], [73.0164, 6.12133], [73.01641, 6.13082], [73.01453, 6.13526], [73.00665, 6.14339], [72.99957, 6.14783], [72.99458, 6.15225], [72.99258, 6.15682], [72.98785, 6.16554], [72.98521, 6.16957], [72.98418, 6.17443], [72.98397, 6.17774], [72.98602, 6.191], [72.98748, 6.19513], [72.99013, 6.20541], [72.99075, 6.21148], [72.99235, 6.22037], [72.99238, 6.22661], [72.99101, 6.2312], [72.98801, 6.24686], [72.98622, 6.253], [72.98271, 6.27541], [72.98099, 6.28181], [72.98048, 6.28615], [72.97606, 6.30347], [72.97396, 6.30901], [72.97214, 6.31144], [72.96011, 6.32147], [72.95407, 6.33108], [72.94878, 6.34232], [72.9471, 6.3439], [72.94126, 6.34596], [72.9249, 6.35491], [72.91315, 6.35955], [72.90364, 6.36484], [72.89581, 6.37056], [72.89372, 6.37382], [72.88594, 6.38273], [72.88206, 6.39193], [72.88185, 6.39492], [72.88058, 6.40139], [72.88142, 6.41117], [72.88208, 6.41501]]]]}}, {"type": "Feature", "properties": {"id": "Z06", "kind": "atoll_zone", "lat": 5.97046, "lon": 72.94729, "area_km2": 6.5, "islands": 2, "ref_name": "North Maalhosmadulu"}, "geometry": {"type": "MultiPolygon", "coordinates": [[[[72.96265, 5.96748], [72.9627, 5.96433], [72.9617, 5.96139], [72.95898, 5.95849], [72.95474, 5.957], [72.95078, 5.95648], [72.94658, 5.95656], [72.94334, 5.95756], [72.94128, 5.9591], [72.9379, 5.96318], [72.93352, 5.96934], [72.93258, 5.97112], [72.93196, 5.97269], [72.9319, 5.97614], [72.93256, 5.98058], [72.93372, 5.98278], [72.93578, 5.98462], [72.93778, 5.98472], [72.9416, 5.97968], [72.94492, 5.97718], [72.94757, 5.97595], [72.95796, 5.97341], [72.96046, 5.97203], [72.96215, 5.9698], [72.96265, 5.96748]]]]}}, {"type": "Feature", "properties": {"id": "Z07", "kind": "atoll_zone", "lat": 5.82041, "lon": 73.31565, "area_km2": 1098.3, "islands": 98, "ref_name": "South Miladhunmadulu"}, "geometry": {"type": "MultiPolygon", "coordinates": [[[[73.11165, 5.95998], [73.21156, 5.95924], [73.31366, 6.00832], [73.31605, 6.0004], [73.3208, 5.994], [73.32812, 5.98609], [73.3324, 5.98274], [73.33746, 5.97979], [73.34474, 5.97802], [73.35526, 5.97612], [73.36095, 5.976], [73.37249, 5.97472], [73.38892, 5.97382], [73.39451, 5.97259], [73.39833, 5.97256], [73.40784, 5.9694], [73.41067, 5.96797], [73.4174, 5.95965], [73.42385, 5.95042], [73.42963, 5.94443], [73.4316, 5.9405], [73.4323, 5.9383], [73.43387, 5.9277], [73.43457, 5.92577], [73.43678, 5.92302], [73.44662, 5.91706], [73.45259, 5.91108], [73.45448, 5.90845], [73.45577, 5.90796], [73.46093, 5.90372], [73.46436, 5.89878], [73.46672, 5.89205], [73.46768, 5.89012], [73.47575, 5.88301], [73.47729, 5.88083], [73.47867, 5.87741], [73.48012, 5.87105], [73.48135, 5.86861], [73.48646, 5.8613], [73.4877, 5.858], [73.48917, 5.85125], [73.49121, 5.8451], [73.49226, 5.83926], [73.49252, 5.83476], [73.49194, 5.83162], [73.49044, 5.82734], [73.48836, 5.82246], [73.48644, 5.81955], [73.48017, 5.81476], [73.47781, 5.81359], [73.47457, 5.81143], [73.47303, 5.811], [73.47088, 5.80931], [73.465, 5.8018], [73.45996, 5.79913], [73.45699, 5.79651], [73.45508, 5.79542], [73.4474, 5.78766], [73.44094, 5.78248], [73.43455, 5.77502], [73.43109, 5.76887], [73.42954, 5.76589], [73.42699, 5.75748], [73.42419, 5.75089], [73.42094, 5.73424], [73.42032, 5.72301], [73.42062, 5.71675], [73.42005, 5.71106], [73.41984, 5.70375], [73.41706, 5.69162], [73.4163, 5.68879], [73.41458, 5.68523], [73.41264, 5.68277], [73.4065, 5.6727], [73.40432, 5.66971], [73.40047, 5.66603], [73.39857, 5.66468], [73.39341, 5.66187], [73.38343, 5.65537], [73.3813, 5.65284], [73.37543, 5.64976], [73.37307, 5.64865], [73.36384, 5.64588], [73.36154, 5.64478], [73.35818, 5.64228], [73.35061, 5.64027], [73.34683, 5.63874], [73.32938, 5.6342], [73.31322, 5.63394], [73.30739, 5.6347], [73.29971, 5.6366], [73.29234, 5.6391], [73.28499, 5.64355], [73.27983, 5.64583], [73.27595, 5.64848], [73.27223, 5.64962], [73.26781, 5.65323], [73.26235, 5.65942], [73.25713, 5.66869], [73.2554, 5.67067], [73.25216, 5.67352], [73.24934, 5.67515], [73.24699, 5.676], [73.24454, 5.67862], [73.24292, 5.68099], [73.24026, 5.6866], [73.23914, 5.6899], [73.23744, 5.69286], [73.23495, 5.69443], [73.22922, 5.70075], [73.22331, 5.71175], [73.22212, 5.7129], [73.21941, 5.7204], [73.21669, 5.72555], [73.21369, 5.72913], [73.21021, 5.73094], [73.2064, 5.73573], [73.20344, 5.74258], [73.20019, 5.74856], [73.19851, 5.75093], [73.19611, 5.75394], [73.19206, 5.75795], [73.18599, 5.76295], [73.1829, 5.76496], [73.16352, 5.78451], [73.16102, 5.78895], [73.15491, 5.79754], [73.15332, 5.80148], [73.14753, 5.81301], [73.14334, 5.8223], [73.13745, 5.83305], [73.13532, 5.83776], [73.13391, 5.84223], [73.13419, 5.84634], [73.1358, 5.85447], [73.13712, 5.86553], [73.13541, 5.87423], [73.13457, 5.87636], [73.13261, 5.88714], [73.13079, 5.89016], [73.12798, 5.89368], [73.12677, 5.89586], [73.12514, 5.90117], [73.12411, 5.91093], [73.12428, 5.91981], [73.12337, 5.92938], [73.12239, 5.93235], [73.12199, 5.94284], [73.12141, 5.94518], [73.12009, 5.94886], [73.11888, 5.95072], [73.11761, 5.95454], [73.11674, 5.95608], [73.11473, 5.95858], [73.11165, 5.95998]]]]}}, {"type": "Feature", "properties": {"id": "Z08", "kind": "atoll_zone", "lat": 5.62287, "lon": 72.93847, "area_km2": 1279.2, "islands": 78, "ref_name": "North Maalhosmadulu"}, "geometry": {"type": "MultiPolygon", "coordinates": [[[[73.05505, 5.58302], [73.05475, 5.5768], [73.05548, 5.57143], [73.05569, 5.56268], [73.05484, 5.54574], [73.05371, 5.53718], [73.05305, 5.52788], [73.05129, 5.48682], [73.05217, 5.47876], [73.05223, 5.47023], [73.05148, 5.46123], [73.05063, 5.45328], [73.04919, 5.44523], [73.04707, 5.43754], [73.04522, 5.4282], [73.04015, 5.41908], [73.02991, 5.40848], [73.01044, 5.3941], [73.00029, 5.3888], [72.99178, 5.38356], [72.98338, 5.37921], [72.9741, 5.37499], [72.96219, 5.36845], [72.95203, 5.36376], [72.94261, 5.35878], [72.93764, 5.35498], [72.93246, 5.35012], [72.9262, 5.34741], [72.9201, 5.34432], [72.91314, 5.34234], [72.90314, 5.33675], [72.89505, 5.33271], [72.88818, 5.33005], [72.872, 5.32751], [72.86467, 5.32559], [72.85934, 5.32761], [72.85664, 5.33121], [72.85411, 5.3369], [72.853, 5.34233], [72.85109, 5.34774], [72.85083, 5.35215], [72.85098, 5.35837], [72.85295, 5.36299], [72.85566, 5.371], [72.86051, 5.38258], [72.86198, 5.38988], [72.86127, 5.40079], [72.85828, 5.41305], [72.85801, 5.41806], [72.85477, 5.42516], [72.8528, 5.43281], [72.84991, 5.43834], [72.84264, 5.44593], [72.83913, 5.45234], [72.83736, 5.45731], [72.83614, 5.46199], [72.83555, 5.46766], [72.83041, 5.4795], [72.82786, 5.49282], [72.82496, 5.49851], [72.82026, 5.50496], [72.81485, 5.50983], [72.80875, 5.51266], [72.80171, 5.51359], [72.79302, 5.51559], [72.78687, 5.52074], [72.78482, 5.52465], [72.78438, 5.53085], [72.78936, 5.54348], [72.79272, 5.54904], [72.79598, 5.55586], [72.80651, 5.58519], [72.81192, 5.5926], [72.81868, 5.60558], [72.82326, 5.61619], [72.82911, 5.63266], [72.83221, 5.63986], [72.83421, 5.64635], [72.83536, 5.65424], [72.83299, 5.66577], [72.8327, 5.67759], [72.83313, 5.68449], [72.8369, 5.7039], [72.83594, 5.72468], [72.83641, 5.73614], [72.83834, 5.74226], [72.83997, 5.75158], [72.84553, 5.76513], [72.84821, 5.77396], [72.85475, 5.78372], [72.86292, 5.79704], [72.88416, 5.82734], [72.88925, 5.83548], [72.89553, 5.84374], [72.89793, 5.84605], [72.90128, 5.85542], [72.90394, 5.85916], [72.90758, 5.86585], [72.91225, 5.8787], [72.91685, 5.8887], [72.92576, 5.90205], [72.92859, 5.90818], [72.93214, 5.9124], [72.93527, 5.9151], [72.93813, 5.91698], [72.94212, 5.91866], [72.94604, 5.91952], [72.94984, 5.91962], [72.9633, 5.923], [72.97046, 5.92363], [72.97607, 5.91974], [72.98003, 5.91618], [72.98318, 5.91215], [72.99211, 5.89443], [72.99459, 5.89054], [72.99722, 5.88365], [72.99924, 5.87989], [73.0013, 5.87201], [73.00219, 5.86612], [73.00526, 5.85677], [73.00605, 5.85163], [73.00591, 5.84497], [73.00462, 5.83999], [73.00337, 5.82993], [73.00491, 5.82211], [73.01085, 5.8139], [73.01334, 5.80678], [73.01749, 5.79828], [73.02097, 5.78985], [73.02466, 5.78276], [73.02385, 5.7793], [73.02449, 5.77123], [73.02616, 5.75803], [73.02672, 5.74682], [73.02956, 5.73792], [73.03162, 5.73296], [73.03261, 5.72595], [73.03114, 5.70406], [73.0331, 5.69386], [73.03805, 5.67745], [73.03896, 5.67074], [73.04478, 5.65496], [73.04761, 5.64898], [73.05089, 5.63402], [73.05194, 5.62732], [73.05077, 5.62033], [73.04922, 5.61676], [73.05144, 5.61151], [73.05495, 5.60487], [73.05798, 5.5968], [73.05739, 5.59064], [73.05505, 5.58302]]]]}}, {"type": "Feature", "properties": {"id": "Z09", "kind": "atoll_zone", "lat": 5.40107, "lon": 73.49805, "area_km2": 726.0, "islands": 58, "ref_name": "Faadhippolhu"}, "geometry": {"type": "MultiPolygon", "coordinates": [[[[73.52399, 5.2406], [73.51714, 5.24142], [73.51307, 5.24267], [73.50944, 5.24502], [73.50695, 5.24782], [73.50514, 5.25452], [73.50438, 5.25954], [73.502, 5.26805], [73.49986, 5.2736], [73.49592, 5.2814], [73.49316, 5.28839], [73.49135, 5.2911], [73.48866, 5.29368], [73.48066, 5.30454], [73.47714, 5.3083], [73.47321, 5.31179], [73.46947, 5.31632], [73.46234, 5.32761], [73.45871, 5.33189], [73.45428, 5.33832], [73.45185, 5.34132], [73.44889, 5.344], [73.44325, 5.34667], [73.43787, 5.34981], [73.42527, 5.35356], [73.41827, 5.35635], [73.408, 5.36134], [73.39706, 5.36607], [73.39098, 5.3681], [73.38722, 5.369], [73.37981, 5.36944], [73.37353, 5.36867], [73.36124, 5.36656], [73.35606, 5.36467], [73.34035, 5.36092], [73.33192, 5.36206], [73.32838, 5.36333], [73.32658, 5.36552], [73.32682, 5.36817], [73.32843, 5.37293], [73.33439, 5.38564], [73.33673, 5.39233], [73.33886, 5.39716], [73.3458, 5.42022], [73.35789, 5.45108], [73.35991, 5.45575], [73.36588, 5.46445], [73.36852, 5.46955], [73.37128, 5.47388], [73.37665, 5.47961], [73.38072, 5.48261], [73.38455, 5.48452], [73.38837, 5.48902], [73.39275, 5.49219], [73.39663, 5.4941], [73.39961, 5.49428], [73.40535, 5.49587], [73.40669, 5.49663], [73.41027, 5.50014], [73.415, 5.50591], [73.41925, 5.51385], [73.42369, 5.5206], [73.4275, 5.52531], [73.43134, 5.52898], [73.43332, 5.53137], [73.43782, 5.5377], [73.44438, 5.54357], [73.4527, 5.5487], [73.45969, 5.55406], [73.46377, 5.55675], [73.47268, 5.5594], [73.47808, 5.56156], [73.48286, 5.56146], [73.49322, 5.55652], [73.50073, 5.55048], [73.51096, 5.53925], [73.51707, 5.53073], [73.51798, 5.5279], [73.5181, 5.52338], [73.51637, 5.51732], [73.51652, 5.51193], [73.52096, 5.50497], [73.53052, 5.49866], [73.53435, 5.49507], [73.54074, 5.49123], [73.54656, 5.48597], [73.55143, 5.4823], [73.56338, 5.47511], [73.5675, 5.47215], [73.57155, 5.46794], [73.58188, 5.46076], [73.58686, 5.45891], [73.59432, 5.45473], [73.60474, 5.44792], [73.61284, 5.44349], [73.61985, 5.4405], [73.63293, 5.43385], [73.64404, 5.42716], [73.64777, 5.4232], [73.65302, 5.413], [73.6566, 5.39918], [73.6594, 5.38269], [73.66095, 5.37587], [73.66323, 5.35522], [73.66254, 5.34954], [73.66205, 5.33884], [73.66161, 5.33525], [73.65918, 5.32647], [73.65844, 5.32246], [73.65665, 5.31857], [73.65477, 5.31277], [73.65241, 5.30845], [73.64851, 5.29943], [73.64685, 5.2927], [73.64651, 5.28978], [73.64535, 5.28592], [73.64343, 5.28504], [73.63972, 5.28064], [73.63364, 5.27619], [73.62405, 5.2717], [73.61791, 5.27155], [73.61426, 5.27084], [73.60667, 5.26822], [73.60157, 5.26831], [73.59746, 5.26878], [73.59248, 5.26856], [73.58665, 5.2667], [73.57583, 5.26499], [73.56449, 5.26124], [73.55655, 5.25576], [73.55297, 5.25437], [73.54919, 5.25231], [73.54698, 5.25044], [73.54535, 5.24807], [73.54314, 5.24632], [73.53472, 5.24195], [73.5304, 5.24065], [73.52399, 5.2406]]]]}}, {"type": "Feature", "properties": {"id": "Z10", "kind": "atoll_zone", "lat": 5.33314, "lon": 73.01503, "area_km2": 157.2, "islands": 9, "ref_name": "South Maalhosmadulu"}, "geometry": {"type": "MultiPolygon", "coordinates": [[[[73.09905, 5.3176], [73.09888, 5.31429], [73.09804, 5.31181], [73.09637, 5.30898], [73.0909, 5.30372], [73.0869, 5.30109], [73.08314, 5.29931], [73.07661, 5.29713], [73.07248, 5.29482], [73.06849, 5.2918], [73.06277, 5.29075], [73.0501, 5.28939], [73.04262, 5.28932], [73.02631, 5.29124], [73.01907, 5.29144], [73.01, 5.2881], [73.00385, 5.28859], [73.00015, 5.28953], [72.99226, 5.29037], [72.98617, 5.29144], [72.9733, 5.29228], [72.96192, 5.29082], [72.95816, 5.2891], [72.95349, 5.28756], [72.94552, 5.28644], [72.94106, 5.28672], [72.92868, 5.28899], [72.92208, 5.28954], [72.91515, 5.29052], [72.90565, 5.29119], [72.90065, 5.29249], [72.89391, 5.29354], [72.89209, 5.29414], [72.88939, 5.29615], [72.88804, 5.29825], [72.88747, 5.3007], [72.88977, 5.30899], [72.8915, 5.31162], [72.89407, 5.31461], [72.89723, 5.31728], [72.90169, 5.31953], [72.91325, 5.32657], [72.91714, 5.3281], [72.92067, 5.32896], [72.92799, 5.33032], [72.9323, 5.33075], [72.9353, 5.332], [72.93879, 5.33429], [72.94415, 5.33935], [72.94839, 5.34244], [72.95278, 5.34456], [72.95618, 5.34568], [72.95917, 5.34732], [72.97475, 5.35355], [72.97974, 5.35776], [72.9871, 5.36255], [72.99085, 5.36446], [73.00216, 5.36896], [73.01252, 5.37266], [73.01944, 5.37433], [73.03318, 5.37941], [73.03831, 5.38071], [73.04404, 5.38086], [73.04915, 5.3806], [73.0546, 5.3797], [73.05787, 5.37791], [73.06419, 5.37295], [73.06629, 5.37171], [73.06941, 5.36797], [73.07867, 5.35492], [73.08286, 5.34972], [73.09038, 5.33844], [73.09603, 5.32718], [73.09847, 5.32011], [73.09905, 5.3176]]]]}}, {"type": "Feature", "properties": {"id": "Z11", "kind": "atoll_zone", "lat": 5.14321, "lon": 72.97683, "area_km2": 988.4, "islands": 64, "ref_name": "South Maalhosmadulu"}, "geometry": {"type": "MultiPolygon", "coordinates": [[[[73.19763, 5.22364], [73.19645, 5.2194], [73.19287, 5.21062], [73.18996, 5.20563], [73.18691, 5.20159], [73.17737, 5.19137], [73.17462, 5.19026], [73.17101, 5.18751], [73.17006, 5.18457], [73.16635, 5.18066], [73.16268, 5.17544], [73.15847, 5.17112], [73.15448, 5.16836], [73.14987, 5.16448], [73.14499, 5.15853], [73.14075, 5.15512], [73.13426, 5.14905], [73.13107, 5.14566], [73.1275, 5.14123], [73.12083, 5.13503], [73.11754, 5.13242], [73.10854, 5.12325], [73.10034, 5.11617], [73.09588, 5.11158], [73.09271, 5.1069], [73.08888, 5.10285], [73.08439, 5.0993], [73.07907, 5.09288], [73.07408, 5.08867], [73.06977, 5.0859], [73.05733, 5.07502], [73.05313, 5.07083], [73.04767, 5.06453], [73.0422, 5.05649], [73.03854, 5.05322], [73.03308, 5.05016], [73.02769, 5.04646], [73.01939, 5.03828], [73.01432, 5.03458], [72.99626, 5.0242], [72.98149, 5.0167], [72.97687, 5.01334], [72.9662, 5.00911], [72.9614, 5.00789], [72.94743, 5.00137], [72.93921, 4.99987], [72.93636, 4.99817], [72.92446, 4.99618], [72.91393, 4.99643], [72.91073, 4.99583], [72.89867, 4.99539], [72.89538, 4.99556], [72.8784, 4.99358], [72.87354, 4.99397], [72.86632, 4.99404], [72.86101, 4.99455], [72.85602, 4.99546], [72.85179, 4.99691], [72.8436, 5.00422], [72.84084, 5.00615], [72.83484, 5.01352], [72.83242, 5.01728], [72.82987, 5.02363], [72.82312, 5.04503], [72.8213, 5.04531], [72.81705, 5.0474], [72.81328, 5.05126], [72.81241, 5.05493], [72.81294, 5.05929], [72.81622, 5.06475], [72.81778, 5.06939], [72.8178, 5.07334], [72.81695, 5.07637], [72.81545, 5.07937], [72.81322, 5.08826], [72.81154, 5.09346], [72.8099, 5.09725], [72.80804, 5.10614], [72.80826, 5.11302], [72.81012, 5.12324], [72.81298, 5.12739], [72.82048, 5.1318], [72.82291, 5.13497], [72.82504, 5.1452], [72.82727, 5.14869], [72.83211, 5.1538], [72.84273, 5.15958], [72.84436, 5.16151], [72.843, 5.16419], [72.84174, 5.16772], [72.84151, 5.17167], [72.84287, 5.17896], [72.84305, 5.18227], [72.84164, 5.19682], [72.84441, 5.21179], [72.84483, 5.2155], [72.84707, 5.21873], [72.85121, 5.22344], [72.85056, 5.22634], [72.8492, 5.22837], [72.84686, 5.23408], [72.84618, 5.23814], [72.84572, 5.24578], [72.84616, 5.24884], [72.84728, 5.25295], [72.85018, 5.26028], [72.85214, 5.26688], [72.85387, 5.27496], [72.855, 5.27868], [72.85656, 5.28319], [72.85881, 5.28856], [72.85931, 5.28896], [72.86232, 5.29008], [72.88382, 5.28959], [72.88866, 5.2892], [72.89463, 5.28799], [72.89936, 5.28746], [72.90144, 5.28674], [72.90647, 5.28687], [72.9107, 5.28568], [72.91607, 5.28472], [72.92148, 5.28265], [72.93155, 5.28012], [72.93806, 5.28029], [72.94804, 5.28132], [72.97166, 5.28588], [72.97702, 5.28589], [72.98389, 5.28477], [72.99107, 5.28431], [72.996, 5.28314], [73.01212, 5.28336], [73.0251, 5.28278], [73.03075, 5.28189], [73.03609, 5.28203], [73.04214, 5.28296], [73.04763, 5.28245], [73.06652, 5.2832], [73.075, 5.28458], [73.07826, 5.28577], [73.08253, 5.28769], [73.08987, 5.29352], [73.09367, 5.29362], [73.10107, 5.29491], [73.11461, 5.29499], [73.1213, 5.29342], [73.12601, 5.29082], [73.12857, 5.29153], [73.13313, 5.29217], [73.13784, 5.28976], [73.1392, 5.28707], [73.14278, 5.28632], [73.1454, 5.28444], [73.14229, 5.28015], [73.14418, 5.27664], [73.14741, 5.27432], [73.15253, 5.27342], [73.16987, 5.27153], [73.1855, 5.26571], [73.18888, 5.26262], [73.1908, 5.2582], [73.19418, 5.25498], [73.19652, 5.25141], [73.19821, 5.24614], [73.19972, 5.2375], [73.19763, 5.22364]]]]}}, {"type": "Feature", "properties": {"id": "Z12", "kind": "atoll_zone", "lat": 4.96317, "lon": 73.45817, "area_km2": 9.0, "islands": 1, "ref_name": "Male'"}, "geometry": {"type": "MultiPolygon", "coordinates": [[[[73.47735, 4.96066], [73.47436, 4.95554], [73.47136, 4.95362], [73.46323, 4.95064], [73.45949, 4.9501], [73.45425, 4.94989], [73.45093, 4.95106], [73.44312, 4.9548], [73.44109, 4.95832], [73.44024, 4.96258], [73.44067, 4.96738], [73.44344, 4.97069], [73.44836, 4.97389], [73.4535, 4.97613], [73.45628, 4.97688], [73.4613, 4.97624], [73.46558, 4.9741], [73.46944, 4.97155], [73.47264, 4.96877], [73.47735, 4.96066]]]]}}, {"type": "Feature", "properties": {"id": "Z13", "kind": "atoll_zone", "lat": 4.84898, "lon": 72.92687, "area_km2": 124.9, "islands": 6, "ref_name": "South Maalhosmadulu"}, "geometry": {"type": "MultiPolygon", "coordinates": [[[[73.01472, 4.86968], [73.01423, 4.8661], [73.01207, 4.86002], [73.00779, 4.8533], [73.00333, 4.84845], [72.99831, 4.84359], [72.99004, 4.83865], [72.98265, 4.83516], [72.97368, 4.83246], [72.96638, 4.83066], [72.95422, 4.82393], [72.9474, 4.8211], [72.93883, 4.81822], [72.93283, 4.81522], [72.92592, 4.81303], [72.91956, 4.81196], [72.91476, 4.81054], [72.90302, 4.80797], [72.89948, 4.80788], [72.89144, 4.80897], [72.88148, 4.81215], [72.87506, 4.81348], [72.86477, 4.81988], [72.86104, 4.82154], [72.85731, 4.82416], [72.85438, 4.82714], [72.85151, 4.83114], [72.85026, 4.83468], [72.8492, 4.84042], [72.84922, 4.84463], [72.85123, 4.85719], [72.85269, 4.8628], [72.85437, 4.86757], [72.85638, 4.87235], [72.85898, 4.8765], [72.86233, 4.87937], [72.87009, 4.88366], [72.8825, 4.88514], [72.88611, 4.88776], [72.90022, 4.88877], [72.90699, 4.89102], [72.9149, 4.88966], [72.92001, 4.88915], [72.92621, 4.88905], [72.93914, 4.89042], [72.94806, 4.89026], [72.96227, 4.88926], [72.96776, 4.88927], [72.98292, 4.88681], [73.00128, 4.88205], [73.003, 4.88136], [73.00811, 4.88085], [73.01197, 4.879], [73.01402, 4.87432], [73.01472, 4.86968]]]]}}, {"type": "Feature", "properties": {"id": "Z14", "kind": "atoll_zone", "lat": 4.75101, "lon": 73.43876, "area_km2": 95.2, "islands": 5, "ref_name": "Male'"}, "geometry": {"type": "MultiPolygon", "coordinates": [[[[73.50828, 4.7415], [73.5086, 4.73984], [73.50719, 4.7375], [73.50532, 4.7358], [73.50368, 4.73373], [73.49972, 4.7314], [73.49329, 4.72852], [73.48532, 4.72581], [73.47602, 4.72387], [73.471, 4.72347], [73.46686, 4.72237], [73.46082, 4.72152], [73.43426, 4.71472], [73.42283, 4.7136], [73.40905, 4.71345], [73.40526, 4.71293], [73.39898, 4.71381], [73.3917, 4.71662], [73.38689, 4.71991], [73.38314, 4.72157], [73.37937, 4.72445], [73.37585, 4.72922], [73.37494, 4.73094], [73.37354, 4.73518], [73.37266, 4.74268], [73.37318, 4.74616], [73.37414, 4.74944], [73.3778, 4.75965], [73.38031, 4.76527], [73.38407, 4.77085], [73.38614, 4.77321], [73.38772, 4.7744], [73.39108, 4.77802], [73.39309, 4.77944], [73.39458, 4.78121], [73.40042, 4.78473], [73.40538, 4.7886], [73.41168, 4.79098], [73.4167, 4.79152], [73.42578, 4.7897], [73.42966, 4.78928], [73.43578, 4.78955], [73.44054, 4.7885], [73.44484, 4.78874], [73.45467, 4.78577], [73.46104, 4.78453], [73.4645, 4.78287], [73.46931, 4.78001], [73.47379, 4.77837], [73.47754, 4.7765], [73.48123, 4.77412], [73.48458, 4.77065], [73.49788, 4.75828], [73.50064, 4.75515], [73.50474, 4.74743], [73.50705, 4.74466], [73.50828, 4.7415]]]]}}, {"type": "Feature", "properties": {"id": "Z15", "kind": "atoll_zone", "lat": 4.43713, "lon": 73.53618, "area_km2": 1627.6, "islands": 85, "ref_name": "Male'"}, "geometry": {"type": "MultiPolygon", "coordinates": [[[[73.7241, 4.442], [73.7209, 4.43752], [73.71922, 4.43437], [73.71027, 4.42202], [73.70625, 4.4147], [73.70019, 4.4077], [73.69451, 4.39977], [73.68815, 4.39319], [73.68169, 4.38755], [73.67623, 4.37998], [73.67, 4.37406], [73.66222, 4.36875], [73.65898, 4.36695], [73.65353, 4.36567], [73.64955, 4.36436], [73.64196, 4.36086], [73.63844, 4.35869], [73.62881, 4.35074], [73.62444, 4.34681], [73.61996, 4.34107], [73.61281, 4.33376], [73.60951, 4.33086], [73.60659, 4.32711], [73.60314, 4.3206], [73.59966, 4.31596], [73.59516, 4.31145], [73.58888, 4.30792], [73.57918, 4.29686], [73.57438, 4.29263], [73.55936, 4.27718], [73.55566, 4.2724], [73.55466, 4.26811], [73.55505, 4.26269], [73.55498, 4.25915], [73.55604, 4.25281], [73.55806, 4.24742], [73.55818, 4.24055], [73.55755, 4.23569], [73.55437, 4.22282], [73.55305, 4.21585], [73.55219, 4.20426], [73.55022, 4.1935], [73.54763, 4.18781], [73.54479, 4.18362], [73.53693, 4.17542], [73.53169, 4.1709], [73.52744, 4.16856], [73.52077, 4.16653], [73.51517, 4.16569], [73.51026, 4.1666], [73.50611, 4.16622], [73.49427, 4.16741], [73.48164, 4.16815], [73.47429, 4.1711], [73.47025, 4.17202], [73.46463, 4.17262], [73.45916, 4.17279], [73.45057, 4.17203], [73.4455, 4.17344], [73.43972, 4.17447], [73.43627, 4.17555], [73.42736, 4.17623], [73.422, 4.17792], [73.41086, 4.18043], [73.40668, 4.182], [73.39838, 4.18898], [73.38567, 4.20064], [73.38009, 4.20623], [73.37634, 4.21512], [73.37424, 4.2179], [73.37194, 4.22002], [73.36909, 4.22422], [73.36678, 4.22685], [73.35536, 4.2436], [73.35271, 4.24861], [73.34509, 4.26089], [73.34257, 4.26691], [73.33872, 4.2737], [73.33643, 4.2866], [73.33356, 4.30932], [73.33363, 4.31359], [73.33508, 4.31818], [73.33482, 4.32331], [73.33414, 4.32872], [73.33429, 4.33581], [73.33564, 4.34112], [73.33776, 4.36685], [73.33752, 4.37097], [73.33913, 4.3825], [73.34037, 4.38636], [73.34142, 4.39167], [73.34175, 4.39739], [73.34263, 4.40095], [73.34326, 4.40567], [73.34874, 4.42033], [73.34952, 4.42461], [73.35138, 4.4308], [73.35155, 4.43674], [73.35237, 4.43979], [73.35327, 4.4456], [73.35749, 4.47976], [73.35792, 4.49504], [73.3575, 4.5087], [73.35841, 4.51798], [73.35867, 4.51979], [73.36256, 4.53355], [73.36652, 4.54347], [73.36703, 4.54761], [73.36941, 4.55967], [73.37166, 4.57462], [73.3725, 4.58418], [73.37385, 4.58978], [73.37802, 4.60369], [73.3803, 4.61025], [73.3867, 4.62225], [73.39342, 4.63636], [73.39554, 4.6398], [73.39934, 4.64343], [73.40862, 4.65362], [73.41085, 4.65569], [73.41727, 4.6588], [73.42294, 4.66405], [73.42713, 4.66943], [73.42918, 4.67316], [73.43014, 4.67571], [73.43375, 4.68151], [73.4447, 4.6957], [73.44764, 4.69845], [73.45573, 4.70253], [73.45937, 4.7029], [73.4688, 4.70578], [73.47218, 4.70744], [73.48121, 4.70887], [73.49455, 4.70887], [73.50186, 4.70794], [73.50678, 4.70617], [73.51016, 4.70537], [73.51436, 4.70308], [73.51842, 4.70042], [73.52435, 4.6957], [73.52688, 4.69322], [73.53652, 4.68533], [73.5424, 4.67945], [73.54942, 4.67092], [73.55224, 4.66831], [73.55593, 4.66282], [73.5567, 4.66023], [73.55845, 4.65687], [73.56115, 4.65295], [73.56362, 4.6496], [73.56698, 4.6462], [73.57124, 4.64109], [73.57352, 4.63586], [73.57872, 4.62743], [73.58205, 4.61767], [73.5851, 4.61072], [73.5876, 4.60636], [73.59306, 4.5991], [73.59954, 4.59237], [73.60262, 4.58831], [73.60443, 4.58495], [73.61295, 4.57443], [73.61558, 4.57051], [73.61982, 4.56662], [73.62392, 4.56157], [73.63232, 4.5538], [73.63676, 4.54717], [73.64116, 4.5422], [73.64583, 4.53825], [73.65108, 4.53482], [73.6581, 4.52629], [73.66688, 4.51708], [73.67133, 4.5098], [73.67484, 4.50604], [73.67797, 4.50292], [73.68159, 4.50047], [73.69196, 4.4923], [73.6962, 4.48827], [73.7045, 4.48143], [73.70718, 4.47838], [73.71223, 4.47024], [73.71604, 4.46606], [73.71834, 4.46423], [73.72131, 4.46104], [73.72423, 4.45741], [73.72559, 4.45498], [73.72642, 4.4503], [73.72646, 4.44777], [73.7241, 4.442]]]]}}, {"type": "Feature", "properties": {"id": "Z16", "kind": "atoll_zone", "lat": 4.41877, "lon": 72.91666, "area_km2": 7.9, "islands": 1, "ref_name": "North Ari"}, "geometry": {"type": "MultiPolygon", "coordinates": [[[[72.93136, 4.42691], [72.93228, 4.42235], [72.93098, 4.41727], [72.92771, 4.41141], [72.92497, 4.4079], [72.91936, 4.40542], [72.91152, 4.4049], [72.90538, 4.4062], [72.90264, 4.40868], [72.90108, 4.41363], [72.90094, 4.41519], [72.90238, 4.42027], [72.90538, 4.42509], [72.90865, 4.42782], [72.91452, 4.43056], [72.91936, 4.43186], [72.92628, 4.43134], [72.93032, 4.42847], [72.93136, 4.42691]]]]}}, {"type": "Feature", "properties": {"id": "Z17", "kind": "atoll_zone", "lat": 4.29844, "lon": 72.97911, "area_km2": 66.4, "islands": 5, "ref_name": "North Ari"}, "geometry": {"type": "MultiPolygon", "coordinates": [[[[73.02266, 4.29254], [73.022, 4.28826], [73.02077, 4.28379], [73.01859, 4.27769], [73.01311, 4.26961], [73.00984, 4.26555], [73.00478, 4.26227], [72.99693, 4.25848], [72.99287, 4.257], [72.98397, 4.25766], [72.97479, 4.25887], [72.97049, 4.2603], [72.96366, 4.26273], [72.96066, 4.26435], [72.957, 4.26694], [72.95325, 4.26885], [72.94981, 4.2714], [72.94471, 4.27727], [72.93843, 4.28627], [72.93636, 4.29167], [72.9355, 4.30002], [72.93611, 4.30425], [72.93719, 4.3085], [72.93867, 4.3113], [72.94675, 4.32191], [72.94965, 4.32362], [72.95954, 4.32887], [72.96249, 4.32938], [72.97488, 4.33425], [72.97813, 4.33508], [72.98076, 4.33569], [72.98668, 4.33608], [72.99024, 4.33692], [73.0016, 4.3367], [73.00518, 4.33646], [73.00899, 4.33492], [73.0125, 4.33056], [73.01398, 4.32629], [73.02127, 4.31045], [73.02263, 4.30087], [73.02266, 4.29254]]]]}}, {"type": "Feature", "properties": {"id": "Z18", "kind": "atoll_zone", "lat": 4.17627, "lon": 73.50916, "area_km2": 1.9, "islands": 4, "ref_name": "Male'"}, "geometry": {"type": "MultiPolygon", "coordinates": [[[[73.50428, 4.1703], [73.50204, 4.1708], [73.50308, 4.17201], [73.50261, 4.17403], [73.50225, 4.17358], [73.50152, 4.17357], [73.50045, 4.17608], [73.50215, 4.17872], [73.50496, 4.18044], [73.50967, 4.18243], [73.51212, 4.17988], [73.51373, 4.17919], [73.51505, 4.17871], [73.5176, 4.17927], [73.51806, 4.17834], [73.51807, 4.17747], [73.51715, 4.1734], [73.51658, 4.17216], [73.51434, 4.17081], [73.51187, 4.17032], [73.50428, 4.1703]]]]}}, {"type": "Feature", "properties": {"id": "Z19", "kind": "atoll_zone", "lat": 4.09549, "lon": 72.83144, "area_km2": 1019.1, "islands": 21, "ref_name": "North Ari"}, "geometry": {"type": "MultiPolygon", "coordinates": [[[[72.9662, 3.90051], [72.70585, 3.90642], [72.70606, 3.91074], [72.70582, 3.91673], [72.70631, 3.92058], [72.70624, 3.92571], [72.70389, 3.95122], [72.70395, 3.96855], [72.70338, 3.97639], [72.70365, 3.98111], [72.70336, 3.98351], [72.70373, 3.98991], [72.70264, 4.00204], [72.70296, 4.00377], [72.70284, 4.01377], [72.70217, 4.01679], [72.70164, 4.02658], [72.70218, 4.03109], [72.70412, 4.03526], [72.7065, 4.03798], [72.70741, 4.04182], [72.70698, 4.04904], [72.70586, 4.05414], [72.70526, 4.05974], [72.70558, 4.06592], [72.70714, 4.07595], [72.70605, 4.08363], [72.70589, 4.0886], [72.70643, 4.09128], [72.70837, 4.09441], [72.71089, 4.10199], [72.71697, 4.11086], [72.71906, 4.11917], [72.72201, 4.12488], [72.72522, 4.13248], [72.72585, 4.14155], [72.72651, 4.14403], [72.73102, 4.15165], [72.73144, 4.15318], [72.73289, 4.16321], [72.7326, 4.16881], [72.73203, 4.17031], [72.73183, 4.17319], [72.73563, 4.18955], [72.73331, 4.19683], [72.73167, 4.20042], [72.72917, 4.20984], [72.72984, 4.21494], [72.73112, 4.21732], [72.73128, 4.21858], [72.73037, 4.22113], [72.73082, 4.22679], [72.73311, 4.23479], [72.74039, 4.24896], [72.74458, 4.25491], [72.74982, 4.25972], [72.75501, 4.26684], [72.76038, 4.27244], [72.76096, 4.27397], [72.76599, 4.28129], [72.76995, 4.28498], [72.77307, 4.28708], [72.77931, 4.28804], [72.78445, 4.28939], [72.79337, 4.28972], [72.80177, 4.28868], [72.81182, 4.28678], [72.81795, 4.28506], [72.82249, 4.28342], [72.82881, 4.28051], [72.83511, 4.27644], [72.84797, 4.26689], [72.8513, 4.2624], [72.85503, 4.25546], [72.85716, 4.25261], [72.85936, 4.25104], [72.86201, 4.24983], [72.86552, 4.24958], [72.86758, 4.24899], [72.87253, 4.24631], [72.87463, 4.24463], [72.87597, 4.24182], [72.87486, 4.2373], [72.87484, 4.23484], [72.87511, 4.23285], [72.8764, 4.22853], [72.88668, 4.21648], [72.88862, 4.21311], [72.89141, 4.20615], [72.89542, 4.20015], [72.89894, 4.19608], [72.90494, 4.19201], [72.91396, 4.18815], [72.91605, 4.1863], [72.91696, 4.18396], [72.9176, 4.18047], [72.91912, 4.17709], [72.92338, 4.16969], [72.92561, 4.16711], [72.93462, 4.16048], [72.93819, 4.15677], [72.9455, 4.15042], [72.94865, 4.14221], [72.94876, 4.1386], [72.94807, 4.13592], [72.94482, 4.12789], [72.9449, 4.12543], [72.94751, 4.11773], [72.94846, 4.11446], [72.94839, 4.11346], [72.95126, 4.10681], [72.95406, 4.09645], [72.95484, 4.09169], [72.956, 4.0881], [72.95769, 4.07981], [72.95991, 4.07242], [72.9639, 4.07197], [72.96591, 4.06803], [72.96623, 4.06453], [72.96571, 4.06132], [72.96358, 4.05437], [72.96468, 4.0513], [72.96578, 4.04944], [72.97259, 4.04308], [72.97337, 4.04115], [72.97329, 4.03754], [72.97248, 4.03349], [72.97491, 4.02642], [72.97527, 4.02161], [72.97061, 4.0122], [72.96967, 4.00898], [72.96799, 3.99806], [72.96784, 3.98329], [72.96746, 3.97574], [72.96643, 3.97049], [72.96626, 3.96583], [72.96667, 3.95358], [72.9685, 3.94723], [72.97117, 3.94215], [72.97096, 3.93895], [72.97119, 3.93513], [72.97079, 3.92832], [72.97008, 3.92417], [72.97014, 3.91621], [72.96895, 3.91429], [72.96723, 3.90779], [72.96648, 3.90417], [72.9662, 3.90051]]]]}}, {"type": "Feature", "properties": {"id": "Z20", "kind": "atoll_zone", "lat": 3.96993, "lon": 73.43264, "area_km2": 569.0, "islands": 61, "ref_name": "Male'"}, "geometry": {"type": "MultiPolygon", "coordinates": [[[[73.54454, 4.03752], [73.5416, 4.03302], [73.53575, 4.02196], [73.53519, 4.0189], [73.53432, 4.00587], [73.53031, 3.99903], [73.52753, 3.99286], [73.52484, 3.98786], [73.51595, 3.97424], [73.50758, 3.9531], [73.49833, 3.93566], [73.49739, 3.93271], [73.49641, 3.92602], [73.4947, 3.92112], [73.49374, 3.9196], [73.48836, 3.91367], [73.48329, 3.90718], [73.48173, 3.90483], [73.4775, 3.89613], [73.47369, 3.89148], [73.47185, 3.888], [73.46857, 3.87478], [73.46883, 3.85469], [73.46774, 3.84731], [73.46378, 3.83731], [73.46193, 3.83408], [73.45715, 3.82853], [73.45187, 3.82409], [73.44769, 3.81918], [73.44507, 3.81706], [73.43846, 3.81333], [73.43387, 3.81121], [73.42404, 3.80851], [73.41962, 3.80677], [73.41365, 3.80536], [73.40748, 3.80476], [73.40285, 3.8045], [73.39494, 3.80497], [73.3865, 3.80673], [73.38197, 3.80735], [73.37893, 3.80845], [73.37573, 3.81023], [73.37372, 3.81179], [73.37188, 3.81504], [73.36939, 3.82231], [73.36764, 3.82631], [73.36465, 3.83811], [73.36181, 3.84451], [73.3571, 3.86106], [73.35096, 3.87875], [73.34933, 3.88654], [73.34809, 3.89006], [73.3459, 3.90083], [73.34604, 3.9134], [73.34556, 3.91905], [73.34612, 3.93562], [73.34868, 3.95356], [73.34962, 3.96304], [73.35161, 3.97194], [73.35226, 3.97706], [73.35361, 3.98338], [73.35367, 3.98706], [73.35468, 3.99617], [73.35783, 4.0087], [73.36028, 4.01686], [73.36198, 4.02133], [73.36378, 4.03071], [73.36571, 4.03674], [73.36629, 4.0451], [73.36575, 4.04745], [73.36623, 4.04864], [73.36642, 4.05157], [73.36747, 4.05459], [73.36936, 4.06286], [73.37263, 4.06942], [73.37562, 4.07784], [73.37907, 4.08566], [73.38241, 4.09484], [73.38899, 4.10616], [73.39159, 4.10928], [73.397, 4.11472], [73.40321, 4.11906], [73.41068, 4.12306], [73.41589, 4.12489], [73.41928, 4.1256], [73.42316, 4.12596], [73.42876, 4.12773], [73.43201, 4.12838], [73.43513, 4.13071], [73.44447, 4.1334], [73.44811, 4.13362], [73.45579, 4.13271], [73.46765, 4.13012], [73.4858, 4.12757], [73.49573, 4.12859], [73.50198, 4.12851], [73.51417, 4.12736], [73.51962, 4.12651], [73.52403, 4.12545], [73.52696, 4.12416], [73.53035, 4.12133], [73.53132, 4.11912], [73.53474, 4.10527], [73.53968, 4.08897], [73.54027, 4.08352], [73.53995, 4.08139], [73.54047, 4.07985], [73.54066, 4.07612], [73.54214, 4.06994], [73.54394, 4.0563], [73.54461, 4.05382], [73.54589, 4.05143], [73.54454, 4.03752]]]]}}, {"type": "Feature", "properties": {"id": "Z21", "kind": "atoll_zone", "lat": 3.68554, "lon": 72.84056, "area_km2": 1361.0, "islands": 42, "ref_name": "South Ari"}, "geometry": {"type": "MultiPolygon", "coordinates": [[[[72.70585, 3.90642], [72.9662, 3.90051], [72.96517, 3.89313], [72.96526, 3.88901], [72.96712, 3.87602], [72.96806, 3.87156], [72.9713, 3.86487], [72.97493, 3.8596], [72.97669, 3.85782], [72.97668, 3.85401], [72.9702, 3.83536], [72.96982, 3.83186], [72.96989, 3.82816], [72.97111, 3.81442], [72.9718, 3.81125], [72.97326, 3.80697], [72.97518, 3.8029], [72.9773, 3.79941], [72.97875, 3.79543], [72.97929, 3.79039], [72.97886, 3.78646], [72.97674, 3.78067], [72.97639, 3.77768], [72.97689, 3.77399], [72.97973, 3.76207], [72.98212, 3.75588], [72.98418, 3.75265], [72.98546, 3.7495], [72.98596, 3.74582], [72.98511, 3.74178], [72.98685, 3.72972], [72.98572, 3.72421], [72.98643, 3.72074], [72.98747, 3.71153], [72.9875, 3.70104], [72.98642, 3.69836], [72.98524, 3.69691], [72.98437, 3.69402], [72.98535, 3.68774], [72.98461, 3.68386], [72.98314, 3.68162], [72.9821, 3.67215], [72.98211, 3.66725], [72.98004, 3.65926], [72.97895, 3.65224], [72.97351, 3.63842], [72.97256, 3.63432], [72.97223, 3.6303], [72.97101, 3.62646], [72.96935, 3.61687], [72.9677, 3.61343], [72.96564, 3.60763], [72.96473, 3.60411], [72.96179, 3.59756], [72.95892, 3.58872], [72.957, 3.58538], [72.95557, 3.58127], [72.95517, 3.5763], [72.95549, 3.57156], [72.95628, 3.56679], [72.95531, 3.56134], [72.95112, 3.55892], [72.94902, 3.55683], [72.94574, 3.5522], [72.9453, 3.54802], [72.94682, 3.54362], [72.94656, 3.53897], [72.94334, 3.53539], [72.94009, 3.53347], [72.93704, 3.53213], [72.9337, 3.52948], [72.92851, 3.52094], [72.92602, 3.518], [72.92275, 3.51223], [72.92026, 3.50908], [72.91531, 3.50393], [72.9092, 3.49646], [72.90576, 3.49391], [72.90137, 3.48936], [72.89751, 3.48627], [72.8888, 3.48097], [72.87675, 3.4751], [72.86345, 3.46654], [72.85107, 3.4637], [72.84713, 3.46442], [72.8418, 3.46438], [72.82414, 3.46566], [72.81371, 3.46698], [72.80845, 3.4683], [72.80167, 3.47186], [72.79674, 3.47298], [72.78561, 3.47679], [72.78194, 3.47976], [72.77972, 3.48299], [72.77678, 3.48567], [72.77381, 3.48762], [72.76875, 3.48905], [72.76155, 3.48843], [72.74246, 3.49077], [72.7333, 3.49578], [72.72983, 3.49876], [72.72697, 3.50239], [72.72492, 3.50562], [72.71822, 3.51978], [72.71703, 3.52548], [72.717, 3.53205], [72.71752, 3.53629], [72.71682, 3.53977], [72.71329, 3.54473], [72.71151, 3.55193], [72.71017, 3.55581], [72.70982, 3.56164], [72.7101, 3.56811], [72.71124, 3.57321], [72.7158, 3.5881], [72.71661, 3.59412], [72.71635, 3.59667], [72.71262, 3.60611], [72.70605, 3.61454], [72.70195, 3.61781], [72.69879, 3.62091], [72.69709, 3.62446], [72.69678, 3.63321], [72.6949, 3.63765], [72.6918, 3.64361], [72.6923, 3.6489], [72.69209, 3.65312], [72.68777, 3.65717], [72.68541, 3.66206], [72.68594, 3.67099], [72.69016, 3.67586], [72.69368, 3.68201], [72.69737, 3.68722], [72.70032, 3.69336], [72.70062, 3.69863], [72.69898, 3.70401], [72.69846, 3.70885], [72.69868, 3.71272], [72.69955, 3.71811], [72.70022, 3.73013], [72.69902, 3.7409], [72.69995, 3.74614], [72.69993, 3.75182], [72.70157, 3.76006], [72.70197, 3.76492], [72.70087, 3.77444], [72.69832, 3.78084], [72.69766, 3.78442], [72.69724, 3.78941], [72.69746, 3.79312], [72.70239, 3.8062], [72.70272, 3.81022], [72.70228, 3.81553], [72.70281, 3.81956], [72.70508, 3.82766], [72.70654, 3.83527], [72.7081, 3.84026], [72.70836, 3.84251], [72.70795, 3.84704], [72.70674, 3.84915], [72.70466, 3.85577], [72.70255, 3.86066], [72.70024, 3.86827], [72.69995, 3.87176], [72.69915, 3.87439], [72.69881, 3.87777], [72.69932, 3.88108], [72.70333, 3.89084], [72.70525, 3.90064], [72.70585, 3.90642]]]]}}, {"type": "Feature", "properties": {"id": "Z22", "kind": "atoll_zone", "lat": 3.49443, "lon": 73.40878, "area_km2": 1145.8, "islands": 21, "ref_name": "Felidhoo"}, "geometry": {"type": "MultiPolygon", "coordinates": [[[[73.7709, 3.44527], [73.77031, 3.43611], [73.76965, 3.43255], [73.76695, 3.42585], [73.7646, 3.42272], [73.76303, 3.4196], [73.76284, 3.41021], [73.76205, 3.40142], [73.76127, 3.39633], [73.75832, 3.39086], [73.7542, 3.38187], [73.75146, 3.37776], [73.74813, 3.37366], [73.74244, 3.37092], [73.73635, 3.36925], [73.72856, 3.36797], [73.71486, 3.36848], [73.69188, 3.36789], [73.68407, 3.36733], [73.67704, 3.36641], [73.66981, 3.36477], [73.66509, 3.36262], [73.66116, 3.36141], [73.65711, 3.36052], [73.65392, 3.36042], [73.64725, 3.3581], [73.63351, 3.35597], [73.62232, 3.35582], [73.60785, 3.35628], [73.59299, 3.35509], [73.56241, 3.35057], [73.5466, 3.34641], [73.54055, 3.34513], [73.5338, 3.34181], [73.52686, 3.33772], [73.52121, 3.33226], [73.51228, 3.32022], [73.50678, 3.31095], [73.49824, 3.30594], [73.48809, 3.30197], [73.48142, 3.30284], [73.47581, 3.30532], [73.47092, 3.30696], [73.45343, 3.31168], [73.44135, 3.31934], [73.43639, 3.32386], [73.43212, 3.32992], [73.42852, 3.33585], [73.42124, 3.35014], [73.41645, 3.35782], [73.40767, 3.3676], [73.39235, 3.39078], [73.38154, 3.40512], [73.37681, 3.41248], [73.37292, 3.41703], [73.36865, 3.41961], [73.36159, 3.42684], [73.35636, 3.43086], [73.35033, 3.4342], [73.34073, 3.44075], [73.33066, 3.44494], [73.32375, 3.44684], [73.31155, 3.4515], [73.28547, 3.45964], [73.28028, 3.46246], [73.27698, 3.4653], [73.27367, 3.46922], [73.27169, 3.47334], [73.27167, 3.4814], [73.27335, 3.49217], [73.27461, 3.49722], [73.27649, 3.50201], [73.27772, 3.50771], [73.27972, 3.51185], [73.28131, 3.51675], [73.2838, 3.5226], [73.28603, 3.52642], [73.29052, 3.538], [73.29621, 3.54765], [73.29972, 3.55201], [73.30266, 3.55716], [73.30537, 3.56291], [73.3116, 3.57448], [73.31828, 3.58928], [73.32137, 3.59472], [73.32306, 3.59852], [73.33035, 3.60894], [73.33961, 3.62115], [73.34292, 3.62501], [73.34615, 3.62811], [73.3548, 3.63835], [73.36086, 3.65014], [73.36542, 3.65616], [73.3689, 3.6616], [73.3785, 3.67296], [73.38214, 3.67661], [73.38592, 3.67951], [73.39115, 3.68246], [73.40102, 3.68528], [73.40703, 3.68596], [73.4149, 3.68622], [73.43126, 3.68484], [73.43833, 3.68485], [73.4464, 3.68555], [73.45239, 3.6852], [73.46444, 3.68412], [73.4757, 3.68008], [73.48381, 3.67636], [73.49463, 3.67252], [73.50045, 3.66885], [73.50352, 3.66628], [73.50889, 3.65759], [73.51086, 3.65357], [73.51334, 3.64494], [73.51402, 3.6405], [73.51427, 3.63599], [73.51384, 3.63201], [73.51138, 3.618], [73.50845, 3.60849], [73.5072, 3.60333], [73.50699, 3.59946], [73.50703, 3.5944], [73.50867, 3.58717], [73.51031, 3.57748], [73.51085, 3.57042], [73.51206, 3.56263], [73.51389, 3.55958], [73.51504, 3.55554], [73.51661, 3.54705], [73.5172, 3.54554], [73.52482, 3.53072], [73.52628, 3.52734], [73.52714, 3.52394], [73.53012, 3.51718], [73.53506, 3.51004], [73.53923, 3.50332], [73.54386, 3.49395], [73.54648, 3.48963], [73.55297, 3.48021], [73.55602, 3.47459], [73.55711, 3.4712], [73.55902, 3.46702], [73.56039, 3.46477], [73.56259, 3.46218], [73.56587, 3.45973], [73.57413, 3.45635], [73.57745, 3.4558], [73.58109, 3.45592], [73.5904, 3.45225], [73.59406, 3.45171], [73.59857, 3.45164], [73.60302, 3.45211], [73.60863, 3.4554], [73.61111, 3.45776], [73.62012, 3.46328], [73.62341, 3.46447], [73.62618, 3.46619], [73.64297, 3.47006], [73.64702, 3.46932], [73.64966, 3.46963], [73.65665, 3.47191], [73.66327, 3.47576], [73.6718, 3.47782], [73.67629, 3.48002], [73.68177, 3.48406], [73.69076, 3.48988], [73.69986, 3.49315], [73.70366, 3.4949], [73.71355, 3.49656], [73.71953, 3.49794], [73.73127, 3.50505], [73.73465, 3.50662], [73.73868, 3.50784], [73.74236, 3.50697], [73.74387, 3.50533], [73.74571, 3.50206], [73.74729, 3.49149], [73.74817, 3.48787], [73.75184, 3.47982], [73.75539, 3.47589], [73.75967, 3.46916], [73.76263, 3.46642], [73.76962, 3.46195], [73.77251, 3.45806], [73.7726, 3.45153], [73.7709, 3.44527]]]]}}, {"type": "Feature", "properties": {"id": "Z23", "kind": "atoll_zone", "lat": 3.25445, "lon": 73.43644, "area_km2": 54.4, "islands": 5, "ref_name": "Felidhoo"}, "geometry": {"type": "MultiPolygon", "coordinates": [[[[73.48067, 3.25609], [73.4781, 3.24804], [73.47296, 3.24035], [73.46415, 3.23412], [73.45387, 3.22827], [73.44359, 3.22387], [73.43552, 3.22241], [73.42156, 3.22058], [73.41202, 3.22204], [73.40028, 3.22973], [73.39367, 3.24035], [73.39256, 3.2528], [73.39404, 3.26744], [73.39844, 3.27989], [73.40835, 3.28648], [73.42046, 3.28758], [73.43001, 3.28575], [73.44102, 3.28319], [73.45424, 3.27806], [73.46782, 3.2722], [73.47736, 3.26305], [73.48067, 3.25609]]]]}}, {"type": "Feature", "properties": {"id": "Z24", "kind": "atoll_zone", "lat": 3.18783, "lon": 72.93194, "area_km2": 641.6, "islands": 13, "ref_name": "North Nilandhoo"}, "geometry": {"type": "MultiPolygon", "coordinates": [[[[72.90129, 3.0451], [72.8864, 3.04587], [72.87868, 3.04689], [72.8739, 3.04697], [72.86563, 3.05156], [72.86251, 3.05234], [72.85981, 3.05395], [72.85716, 3.05718], [72.85127, 3.06342], [72.84899, 3.0652], [72.84641, 3.06605], [72.84115, 3.06964], [72.83694, 3.07414], [72.83237, 3.08172], [72.83225, 3.08546], [72.83262, 3.08769], [72.83407, 3.09159], [72.8356, 3.09462], [72.83772, 3.09832], [72.84389, 3.10513], [72.84653, 3.10928], [72.84922, 3.115], [72.85122, 3.12777], [72.85012, 3.13833], [72.84869, 3.14578], [72.84683, 3.15181], [72.84554, 3.15481], [72.84194, 3.16057], [72.8382, 3.16807], [72.83545, 3.17065], [72.8299, 3.17456], [72.82093, 3.18424], [72.81345, 3.19781], [72.81208, 3.20375], [72.80999, 3.22025], [72.80923, 3.22365], [72.80871, 3.23357], [72.80586, 3.24663], [72.80292, 3.25214], [72.80109, 3.2586], [72.80037, 3.2714], [72.80092, 3.27462], [72.80254, 3.27852], [72.80671, 3.28369], [72.80996, 3.28911], [72.82274, 3.30349], [72.8263, 3.30571], [72.85041, 3.31689], [72.86127, 3.32139], [72.86835, 3.32371], [72.87461, 3.32487], [72.88013, 3.32536], [72.88765, 3.32758], [72.8937, 3.3283], [72.89669, 3.32958], [72.90366, 3.33044], [72.90693, 3.32988], [72.91503, 3.32925], [72.93159, 3.32859], [72.93978, 3.32654], [72.94347, 3.32497], [72.94713, 3.32399], [72.95426, 3.32121], [72.96638, 3.31504], [72.97292, 3.31072], [72.97694, 3.30862], [72.97829, 3.30724], [72.97837, 3.30458], [72.97988, 3.303], [72.98556, 3.29963], [72.98884, 3.29718], [72.99024, 3.29586], [72.99072, 3.29446], [72.99163, 3.29318], [72.99352, 3.29188], [72.99587, 3.29097], [73.00008, 3.28637], [73.00105, 3.28471], [73.00134, 3.2826], [73.00249, 3.28025], [73.00748, 3.27485], [73.00869, 3.27304], [73.0172, 3.26411], [73.01979, 3.25957], [73.02268, 3.25542], [73.02419, 3.25226], [73.02491, 3.24989], [73.03242, 3.24212], [73.03428, 3.23648], [73.03567, 3.23386], [73.03696, 3.23221], [73.04001, 3.23024], [73.04298, 3.22886], [73.04488, 3.22516], [73.0462, 3.22124], [73.04573, 3.21889], [73.04644, 3.21342], [73.04788, 3.20728], [73.04818, 3.20131], [73.0479, 3.19821], [73.04443, 3.18567], [73.04408, 3.17626], [73.04337, 3.17098], [73.04164, 3.16218], [73.04095, 3.15652], [73.0413, 3.15256], [73.04076, 3.14869], [73.04127, 3.14648], [73.04093, 3.14332], [73.0395, 3.1372], [73.03773, 3.13296], [73.03532, 3.12844], [73.03527, 3.12648], [73.033, 3.12131], [73.02698, 3.11098], [73.01628, 3.09579], [72.9995, 3.0826], [72.99249, 3.07789], [72.98176, 3.07258], [72.97098, 3.06863], [72.96643, 3.06529], [72.95987, 3.06157], [72.94551, 3.05442], [72.9378, 3.05148], [72.9251, 3.04813], [72.91363, 3.0459], [72.90129, 3.0451]]]]}}, {"type": "Feature", "properties": {"id": "Z25", "kind": "atoll_zone", "lat": 2.96132, "lon": 73.49442, "area_km2": 1089.7, "islands": 42, "ref_name": "Mulaku"}, "geometry": {"type": "MultiPolygon", "coordinates": [[[[73.40015, 2.74014], [73.38574, 2.7412], [73.3771, 2.74601], [73.37228, 2.74983], [73.36897, 2.75419], [73.36689, 2.75777], [73.36469, 2.76405], [73.3619, 2.77536], [73.35679, 2.79382], [73.35571, 2.8015], [73.35519, 2.81087], [73.35538, 2.81781], [73.35772, 2.82878], [73.36082, 2.84004], [73.3639, 2.86258], [73.36439, 2.88136], [73.36382, 2.9038], [73.36473, 2.93181], [73.36447, 2.93901], [73.36535, 2.95477], [73.36747, 2.97663], [73.36755, 2.98363], [73.36672, 3.00286], [73.36651, 3.02368], [73.36654, 3.0335], [73.36743, 3.04302], [73.3673, 3.04941], [73.36477, 3.07754], [73.36253, 3.11572], [73.36467, 3.13064], [73.36538, 3.14449], [73.3668, 3.15212], [73.37199, 3.16241], [73.37774, 3.16886], [73.38364, 3.1732], [73.38747, 3.17482], [73.39614, 3.17696], [73.40222, 3.17811], [73.40674, 3.17791], [73.41294, 3.17851], [73.42081, 3.17982], [73.43185, 3.18082], [73.44097, 3.18227], [73.45071, 3.18319], [73.46519, 3.18294], [73.4751, 3.18056], [73.48294, 3.17779], [73.4894, 3.17412], [73.49615, 3.16883], [73.50254, 3.16478], [73.5071, 3.16072], [73.51514, 3.15623], [73.51961, 3.15315], [73.52556, 3.1499], [73.52992, 3.14682], [73.54517, 3.13379], [73.5578, 3.126], [73.56426, 3.12407], [73.57043, 3.12115], [73.57755, 3.11858], [73.58338, 3.11587], [73.59571, 3.11203], [73.60074, 3.11163], [73.61088, 3.1131], [73.62039, 3.11174], [73.62899, 3.10954], [73.63887, 3.10851], [73.64866, 3.10677], [73.65397, 3.10507], [73.66117, 3.09942], [73.66245, 3.09495], [73.66271, 3.08503], [73.66144, 3.08071], [73.65887, 3.07587], [73.64915, 3.0635], [73.64461, 3.05926], [73.64062, 3.05464], [73.63864, 3.0471], [73.63656, 3.04244], [73.63676, 3.03734], [73.63479, 3.03013], [73.63496, 2.99488], [73.63441, 2.98977], [73.62259, 2.96037], [73.61947, 2.95562], [73.61736, 2.94975], [73.61162, 2.93989], [73.60331, 2.92794], [73.59793, 2.91689], [73.59429, 2.91082], [73.58516, 2.88557], [73.58437, 2.87893], [73.5825, 2.87448], [73.57989, 2.86107], [73.57843, 2.85761], [73.57204, 2.8506], [73.56784, 2.84815], [73.55886, 2.84471], [73.54572, 2.84304], [73.53767, 2.84238], [73.52932, 2.84324], [73.51878, 2.84495], [73.51311, 2.84523], [73.50718, 2.84463], [73.50191, 2.84172], [73.49255, 2.83311], [73.48184, 2.82641], [73.47664, 2.82252], [73.47147, 2.81962], [73.46634, 2.81747], [73.45557, 2.81088], [73.45199, 2.80758], [73.44955, 2.80436], [73.44546, 2.79682], [73.43797, 2.78419], [73.43441, 2.77493], [73.43318, 2.77104], [73.43204, 2.76537], [73.43019, 2.75995], [73.42466, 2.75361], [73.41942, 2.7462], [73.41306, 2.74261], [73.40797, 2.74079], [73.40015, 2.74014]]]]}}, {"type": "Feature", "properties": {"id": "Z26", "kind": "atoll_zone", "lat": 2.83429, "lon": 72.92877, "area_km2": 777.6, "islands": 54, "ref_name": "South Nilandhoo"}, "geometry": {"type": "MultiPolygon", "coordinates": [[[[72.88051, 2.65768], [72.8712, 2.6584], [72.86473, 2.66067], [72.86115, 2.66277], [72.85777, 2.66542], [72.85022, 2.67307], [72.84836, 2.67566], [72.84367, 2.68476], [72.83832, 2.69324], [72.83484, 2.70113], [72.83393, 2.70565], [72.82767, 2.72184], [72.8263, 2.73792], [72.82649, 2.74961], [72.82349, 2.76326], [72.82121, 2.77097], [72.82001, 2.77645], [72.8189, 2.78026], [72.81615, 2.78752], [72.81644, 2.79414], [72.81788, 2.80349], [72.81962, 2.81172], [72.82018, 2.81623], [72.82116, 2.82113], [72.82478, 2.8331], [72.82569, 2.83919], [72.82531, 2.85228], [72.82334, 2.8711], [72.82365, 2.8776], [72.82278, 2.88255], [72.82281, 2.88672], [72.82186, 2.89567], [72.82321, 2.90442], [72.82706, 2.91245], [72.82994, 2.92083], [72.83446, 2.92866], [72.84041, 2.93546], [72.84317, 2.93918], [72.84727, 2.94656], [72.85037, 2.95116], [72.85326, 2.95423], [72.85799, 2.96174], [72.86272, 2.9672], [72.86714, 2.97449], [72.87384, 2.98261], [72.87618, 2.98491], [72.88229, 2.9896], [72.8893, 2.99303], [72.90884, 3.00028], [72.91875, 3.00282], [72.92239, 3.00316], [72.93712, 3.0063], [72.94749, 3.00729], [72.95632, 3.00964], [72.96526, 3.01118], [72.97685, 3.01124], [72.97961, 3.01198], [72.98347, 3.01233], [72.9957, 3.01273], [73.00281, 3.01129], [73.00962, 3.00778], [73.0129, 3.0047], [73.01792, 2.99864], [73.01962, 2.9955], [73.02313, 2.98594], [73.0311, 2.97181], [73.03168, 2.9695], [73.03173, 2.96225], [73.03038, 2.95647], [73.03011, 2.9537], [73.03032, 2.94348], [73.03059, 2.94122], [73.03217, 2.93575], [73.03433, 2.9309], [73.0347, 2.92912], [73.0329, 2.9216], [73.03326, 2.91403], [73.03212, 2.90344], [73.03251, 2.89783], [73.03143, 2.88924], [73.03114, 2.88285], [73.03156, 2.87832], [73.03136, 2.87127], [73.03266, 2.86109], [73.03183, 2.85392], [73.03189, 2.85149], [73.03129, 2.84898], [73.03107, 2.84334], [73.03294, 2.83188], [73.03403, 2.82905], [73.03465, 2.82512], [73.03313, 2.82231], [73.03212, 2.81356], [73.03235, 2.79696], [73.03052, 2.78802], [73.03009, 2.78281], [73.02902, 2.77645], [73.02884, 2.76946], [73.02796, 2.76186], [73.02538, 2.74992], [73.02073, 2.73765], [73.01894, 2.73461], [73.0157, 2.73055], [73.01259, 2.72574], [73.00905, 2.72113], [73.00137, 2.71558], [72.99532, 2.70899], [72.98556, 2.70163], [72.98316, 2.69934], [72.97513, 2.69295], [72.96857, 2.689], [72.96189, 2.6857], [72.95071, 2.67905], [72.9433, 2.67415], [72.93871, 2.67216], [72.93447, 2.66926], [72.93197, 2.66674], [72.92756, 2.66411], [72.92242, 2.66302], [72.91485, 2.6606], [72.906, 2.65906], [72.89486, 2.65891], [72.88547, 2.65784], [72.88051, 2.65768]]]]}}, {"type": "Feature", "properties": {"id": "Z27", "kind": "atoll_zone", "lat": 2.36179, "lon": 73.13404, "area_km2": 1794.1, "islands": 61, "ref_name": "Kolhumadulu"}, "geometry": {"type": "MultiPolygon", "coordinates": [[[[73.0472, 2.15642], [73.0285, 2.15752], [73.00877, 2.16193], [72.99715, 2.16377], [72.99241, 2.16529], [72.98221, 2.17065], [72.97266, 2.17645], [72.96194, 2.18244], [72.95904, 2.18507], [72.9536, 2.19134], [72.94566, 2.19925], [72.94229, 2.2035], [72.93472, 2.21675], [72.93216, 2.22039], [72.9293, 2.22757], [72.92387, 2.23889], [72.91957, 2.2513], [72.9161, 2.25989], [72.91223, 2.27516], [72.91044, 2.28564], [72.90667, 2.3029], [72.90288, 2.31248], [72.89767, 2.32074], [72.89471, 2.32614], [72.89194, 2.3329], [72.89036, 2.34062], [72.88944, 2.34827], [72.8903, 2.35406], [72.89255, 2.35995], [72.89303, 2.36337], [72.89291, 2.36835], [72.89162, 2.37322], [72.88629, 2.38653], [72.88444, 2.39382], [72.8823, 2.39796], [72.88052, 2.40268], [72.87879, 2.40818], [72.87762, 2.41406], [72.87723, 2.41825], [72.87704, 2.43112], [72.87873, 2.4446], [72.87962, 2.4491], [72.88156, 2.45534], [72.88716, 2.46558], [72.89085, 2.47116], [72.89619, 2.48032], [72.89949, 2.48453], [72.90393, 2.48912], [72.91203, 2.5005], [72.91505, 2.50406], [72.92352, 2.50975], [72.9306, 2.51626], [72.93548, 2.51987], [72.949, 2.5264], [72.95889, 2.53013], [72.96834, 2.53442], [72.9803, 2.53892], [72.98553, 2.54126], [72.9964, 2.54366], [73.00066, 2.54406], [73.01073, 2.54609], [73.0164, 2.54865], [73.02399, 2.55133], [73.03415, 2.55578], [73.04083, 2.55794], [73.04961, 2.56001], [73.07072, 2.56361], [73.08039, 2.5647], [73.08762, 2.56517], [73.11526, 2.56544], [73.12296, 2.56435], [73.12823, 2.56449], [73.13486, 2.56309], [73.14346, 2.56024], [73.1503, 2.55928], [73.1535, 2.55815], [73.1593, 2.55517], [73.16549, 2.55084], [73.17634, 2.54571], [73.18432, 2.54477], [73.18819, 2.5433], [73.19298, 2.54022], [73.20816, 2.53236], [73.21392, 2.53065], [73.2205, 2.52818], [73.2307, 2.52545], [73.23647, 2.52325], [73.24599, 2.51873], [73.25408, 2.51388], [73.25735, 2.51339], [73.26173, 2.51436], [73.2735, 2.51295], [73.28058, 2.51341], [73.28612, 2.51426], [73.29278, 2.51429], [73.3077, 2.5168], [73.31213, 2.51634], [73.31642, 2.51545], [73.32035, 2.51192], [73.32275, 2.50878], [73.32596, 2.49905], [73.32761, 2.49098], [73.33053, 2.48195], [73.33623, 2.47128], [73.34003, 2.46704], [73.3441, 2.46323], [73.34917, 2.46015], [73.35214, 2.45738], [73.35625, 2.45215], [73.35944, 2.44932], [73.36534, 2.44206], [73.36605, 2.43718], [73.36838, 2.42784], [73.37417, 2.41398], [73.3772, 2.4031], [73.37724, 2.40146], [73.38042, 2.39329], [73.38021, 2.38432], [73.3796, 2.37983], [73.37962, 2.3735], [73.37767, 2.36755], [73.37468, 2.36021], [73.37212, 2.35567], [73.36752, 2.35178], [73.35785, 2.34492], [73.35212, 2.33959], [73.34848, 2.33743], [73.34493, 2.33444], [73.33908, 2.32581], [73.3324, 2.32074], [73.32663, 2.31753], [73.32041, 2.31176], [73.3083, 2.30406], [73.30441, 2.30047], [73.30108, 2.29797], [73.297, 2.29594], [73.28902, 2.29126], [73.2859, 2.28862], [73.28231, 2.28476], [73.27575, 2.28083], [73.26794, 2.27786], [73.25951, 2.27359], [73.23542, 2.25883], [73.23118, 2.25495], [73.22947, 2.25121], [73.22668, 2.24709], [73.22128, 2.24361], [73.21505, 2.24067], [73.21001, 2.23671], [73.20621, 2.23526], [73.19951, 2.23118], [73.18713, 2.22283], [73.17986, 2.21845], [73.16937, 2.20979], [73.1639, 2.20588], [73.15131, 2.19774], [73.14459, 2.19423], [73.13292, 2.18647], [73.12489, 2.18306], [73.11775, 2.17954], [73.10528, 2.17161], [73.09894, 2.16825], [73.0871, 2.16419], [73.08203, 2.1615], [73.07492, 2.15926], [73.0654, 2.15788], [73.0472, 2.15642]]]]}}, {"type": "Feature", "properties": {"id": "Z28", "kind": "atoll_zone", "lat": 1.95554, "lon": 73.39912, "area_km2": 922.2, "islands": 81, "ref_name": "Hadhdhunmathee"}, "geometry": {"type": "MultiPolygon", "coordinates": [[[[73.35146, 1.77564], [73.34219, 1.7767], [73.33653, 1.77817], [73.32792, 1.78105], [73.31767, 1.78486], [73.30785, 1.7892], [73.29755, 1.79288], [73.29444, 1.79519], [73.29003, 1.79786], [73.28355, 1.80293], [73.27123, 1.81548], [73.26881, 1.81872], [73.26242, 1.82935], [73.26014, 1.8324], [73.25374, 1.83921], [73.24542, 1.84941], [73.24231, 1.85625], [73.24131, 1.85952], [73.23952, 1.87208], [73.23603, 1.87846], [73.23351, 1.88718], [73.23341, 1.89035], [73.23426, 1.89432], [73.23518, 1.90682], [73.23596, 1.91117], [73.23611, 1.91511], [73.23577, 1.92209], [73.23593, 1.9252], [73.2366, 1.92877], [73.23896, 1.93827], [73.24033, 1.94212], [73.24167, 1.9448], [73.24945, 1.95696], [73.25554, 1.96274], [73.26214, 1.9708], [73.26966, 1.97862], [73.27414, 1.98216], [73.27827, 1.98466], [73.28326, 1.98828], [73.28786, 1.99001], [73.29262, 1.99259], [73.30321, 1.99706], [73.30724, 1.99839], [73.31399, 2.00154], [73.32443, 2.00853], [73.33733, 2.01572], [73.33966, 2.01758], [73.34561, 2.02381], [73.351, 2.02693], [73.35989, 2.03006], [73.37002, 2.03666], [73.37733, 2.04286], [73.38194, 2.04614], [73.39097, 2.05122], [73.39561, 2.05554], [73.40626, 2.06241], [73.41702, 2.06754], [73.42728, 2.07426], [73.45316, 2.08333], [73.46455, 2.08938], [73.48991, 2.10082], [73.49406, 2.10209], [73.49888, 2.10299], [73.51575, 2.10485], [73.52126, 2.10609], [73.52452, 2.1072], [73.5273, 2.10921], [73.52924, 2.11127], [73.53139, 2.11287], [73.53532, 2.11757], [73.53677, 2.11883], [73.54318, 2.12216], [73.55566, 2.12642], [73.56027, 2.12745], [73.56459, 2.12769], [73.56812, 2.12868], [73.57469, 2.13137], [73.5769, 2.13311], [73.5828, 2.13643], [73.58518, 2.13649], [73.58624, 2.13587], [73.58691, 2.13505], [73.58788, 2.13274], [73.58823, 2.12959], [73.58755, 2.12207], [73.58611, 2.11835], [73.58462, 2.1165], [73.5814, 2.11415], [73.57451, 2.11113], [73.57015, 2.10798], [73.56606, 2.10419], [73.56057, 2.09804], [73.5581, 2.09442], [73.55474, 2.08748], [73.54918, 2.07738], [73.54446, 2.06647], [73.54354, 2.0625], [73.54269, 2.0564], [73.54056, 2.04768], [73.5396, 2.04507], [73.53868, 2.03716], [73.54002, 2.01838], [73.54399, 1.99987], [73.54505, 1.98606], [73.54877, 1.9632], [73.54981, 1.95411], [73.55122, 1.95008], [73.55301, 1.94663], [73.55481, 1.9448], [73.55714, 1.9404], [73.55808, 1.93674], [73.55831, 1.93332], [73.55672, 1.92397], [73.55529, 1.91986], [73.5514, 1.90961], [73.54396, 1.89487], [73.54077, 1.8827], [73.54063, 1.87875], [73.53944, 1.87543], [73.53921, 1.87018], [73.53836, 1.86622], [73.53729, 1.8629], [73.53445, 1.85629], [73.52386, 1.84335], [73.51698, 1.836], [73.51133, 1.83055], [73.50542, 1.82322], [73.49672, 1.81589], [73.48912, 1.81098], [73.48346, 1.81018], [73.47809, 1.81069], [73.47346, 1.812], [73.45686, 1.81448], [73.45013, 1.81457], [73.4434, 1.8131], [73.4343, 1.80847], [73.42905, 1.80459], [73.4243, 1.80156], [73.40964, 1.79524], [73.40526, 1.79254], [73.40118, 1.78862], [73.39708, 1.7856], [73.39312, 1.78195], [73.38473, 1.7774], [73.37399, 1.77596], [73.36928, 1.77571], [73.35836, 1.77595], [73.35146, 1.77564]]]]}}, {"type": "Feature", "properties": {"id": "Z29", "kind": "atoll_zone", "lat": 0.63411, "lon": 73.28159, "area_km2": 2010.1, "islands": 88, "ref_name": "North Huvadhoo"}, "geometry": {"type": "MultiPolygon", "coordinates": [[[[73.5474, 0.34008], [73.03554, 0.58015], [73.0375, 0.58822], [73.04135, 0.59379], [73.04408, 0.59667], [73.04873, 0.60094], [73.05606, 0.60591], [73.07664, 0.62265], [73.08394, 0.63097], [73.09253, 0.6394], [73.10255, 0.651], [73.10863, 0.65655], [73.11844, 0.66129], [73.12699, 0.66754], [73.13769, 0.6748], [73.15105, 0.67474], [73.16381, 0.67802], [73.17379, 0.68167], [73.17916, 0.68892], [73.18542, 0.69323], [73.19129, 0.69847], [73.19983, 0.70519], [73.20834, 0.70927], [73.21644, 0.71426], [73.22763, 0.71982], [73.23755, 0.72736], [73.24294, 0.73881], [73.24342, 0.748], [73.24216, 0.75427], [73.23894, 0.76273], [73.23456, 0.77178], [73.23099, 0.77781], [73.22479, 0.78455], [73.21691, 0.79504], [73.20644, 0.80328], [73.19468, 0.81529], [73.178, 0.83057], [73.1728, 0.83687], [73.16992, 0.84394], [73.16842, 0.85159], [73.16997, 0.86067], [73.17305, 0.86691], [73.17813, 0.87306], [73.18294, 0.87655], [73.18993, 0.87817], [73.19685, 0.88032], [73.21036, 0.88518], [73.21878, 0.88987], [73.23588, 0.90269], [73.24311, 0.90945], [73.25769, 0.92048], [73.27046, 0.92795], [73.28242, 0.93416], [73.29361, 0.93419], [73.30273, 0.93292], [73.3187, 0.93403], [73.33316, 0.93261], [73.3478, 0.92925], [73.35665, 0.92633], [73.36403, 0.92259], [73.37323, 0.91688], [73.38385, 0.9092], [73.39293, 0.90107], [73.40048, 0.89197], [73.40545, 0.8852], [73.41292, 0.87609], [73.42067, 0.86364], [73.42602, 0.85198], [73.43497, 0.83755], [73.43873, 0.82864], [73.44125, 0.82032], [73.44376, 0.80763], [73.45069, 0.77875], [73.45312, 0.75081], [73.45502, 0.73819], [73.45637, 0.725], [73.45877, 0.70967], [73.45851, 0.69612], [73.4557, 0.67277], [73.45522, 0.66357], [73.45747, 0.65337], [73.4611, 0.64749], [73.47231, 0.63726], [73.50562, 0.60949], [73.51575, 0.6028], [73.52518, 0.5922], [73.53163, 0.58423], [73.54192, 0.56727], [73.54816, 0.55766], [73.55316, 0.5491], [73.5555, 0.53766], [73.5575, 0.53266], [73.5636, 0.52273], [73.57245, 0.50954], [73.57859, 0.49643], [73.58255, 0.48504], [73.58604, 0.46841], [73.5899, 0.45352], [73.58974, 0.44386], [73.59182, 0.41942], [73.58937, 0.40775], [73.58805, 0.39316], [73.5847, 0.38473], [73.57999, 0.37447], [73.57522, 0.36825], [73.56029, 0.3506], [73.5539, 0.3441], [73.5474, 0.34008]]]]}}, {"type": "Feature", "properties": {"id": "Z30", "kind": "atoll_zone", "lat": 0.37437, "lon": 73.24339, "area_km2": 1509.4, "islands": 176, "ref_name": "South Huvadhoo"}, "geometry": {"type": "MultiPolygon", "coordinates": [[[[73.03554, 0.58015], [73.5474, 0.34008], [73.52279, 0.32659], [73.51677, 0.32383], [73.51176, 0.32065], [73.49768, 0.31012], [73.48914, 0.30512], [73.48281, 0.30042], [73.47952, 0.29605], [73.47692, 0.29171], [73.47289, 0.28639], [73.4664, 0.27983], [73.45787, 0.27234], [73.44819, 0.26475], [73.44224, 0.26022], [73.43454, 0.25539], [73.42522, 0.25083], [73.41008, 0.2487], [73.39825, 0.24846], [73.38292, 0.24748], [73.36978, 0.24503], [73.35623, 0.24125], [73.35049, 0.23711], [73.34024, 0.23305], [73.32362, 0.22747], [73.30195, 0.21777], [73.28272, 0.20358], [73.27399, 0.19966], [73.26949, 0.19479], [73.2596, 0.18896], [73.2519, 0.18669], [73.24309, 0.185], [73.23628, 0.18083], [73.22957, 0.17589], [73.22191, 0.17416], [73.21353, 0.17357], [73.20244, 0.17575], [73.19438, 0.17928], [73.18232, 0.18785], [73.17533, 0.19117], [73.16755, 0.19285], [73.15829, 0.19548], [73.14832, 0.20103], [73.13439, 0.20822], [73.12148, 0.21723], [73.11865, 0.22356], [73.1141, 0.2296], [73.1022, 0.23988], [73.09515, 0.2473], [73.08899, 0.25073], [73.08059, 0.25486], [73.0744, 0.25953], [73.0688, 0.26452], [73.04483, 0.27943], [73.03746, 0.28468], [73.03223, 0.28798], [73.02299, 0.29479], [73.01878, 0.30138], [73.01668, 0.30681], [73.0166, 0.31369], [73.01729, 0.32021], [73.0201, 0.334], [73.02074, 0.3423], [73.0203, 0.35034], [73.0211, 0.35856], [73.0196, 0.36648], [73.01537, 0.37153], [73.0096, 0.37722], [73.00657, 0.38098], [73.0011, 0.389], [72.9986, 0.39488], [72.99774, 0.40197], [72.99934, 0.41316], [73.00002, 0.42038], [72.99995, 0.42889], [72.99849, 0.43371], [72.99551, 0.44019], [72.99372, 0.44555], [72.98889, 0.46628], [72.98232, 0.48378], [72.98237, 0.49136], [72.98372, 0.49868], [72.98382, 0.50905], [72.98486, 0.51458], [72.98518, 0.51854], [72.98696, 0.52657], [72.98997, 0.53703], [72.99172, 0.5415], [72.99388, 0.54552], [73.00344, 0.56062], [73.01227, 0.56844], [73.01971, 0.5733], [73.02714, 0.5774], [73.03554, 0.58015]]]]}}, {"type": "Feature", "properties": {"id": "Z31", "kind": "atoll_zone", "lat": -0.2908, "lon": 73.42124, "area_km2": 24.4, "islands": 1, "ref_name": "Foammulah"}, "geometry": {"type": "MultiPolygon", "coordinates": [[[[73.40143, -0.29616], [73.39815, -0.28544], [73.40057, -0.2764], [73.41091, -0.26686], [73.41568, -0.2652], [73.42119, -0.26556], [73.42863, -0.27042], [73.43369, -0.28066], [73.45088, -0.30001], [73.45291, -0.30581], [73.45174, -0.31337], [73.44794, -0.31931], [73.44237, -0.32287], [73.43466, -0.32412], [73.4274, -0.32262], [73.42008, -0.31831], [73.41247, -0.30617], [73.40143, -0.29616]]]]}}, {"type": "Feature", "properties": {"id": "Z32", "kind": "atoll_zone", "lat": -0.64167, "lon": 73.16281, "area_km2": 165.4, "islands": 58, "ref_name": "Addoo"}, "geometry": {"type": "MultiPolygon", "coordinates": [[[[73.15919, -0.70968], [73.1533, -0.70865], [73.14777, -0.70712], [73.14249, -0.70439], [73.13813, -0.70131], [73.13651, -0.69929], [73.12931, -0.69297], [73.12614, -0.68975], [73.12285, -0.68566], [73.12003, -0.68106], [73.11695, -0.67718], [73.11188, -0.66853], [73.10886, -0.66481], [73.10563, -0.65876], [73.10465, -0.65613], [73.1004, -0.64739], [73.09899, -0.64292], [73.09737, -0.6358], [73.09614, -0.63393], [73.09255, -0.63153], [73.09093, -0.62978], [73.08556, -0.61988], [73.08266, -0.61366], [73.07825, -0.60319], [73.07655, -0.59776], [73.0752, -0.59535], [73.07049, -0.59173], [73.0695, -0.58855], [73.07242, -0.58494], [73.07679, -0.58074], [73.08189, -0.57772], [73.08346, -0.57746], [73.08626, -0.57624], [73.0898, -0.57603], [73.09172, -0.57701], [73.09623, -0.58215], [73.10062, -0.58877], [73.1056, -0.59547], [73.10971, -0.60231], [73.11234, -0.60577], [73.11559, -0.6078], [73.12012, -0.60865], [73.12476, -0.60939], [73.13374, -0.60973], [73.13705, -0.60942], [73.14544, -0.60739], [73.15179, -0.60678], [73.15466, -0.60605], [73.15978, -0.60178], [73.16241, -0.60018], [73.16422, -0.5979], [73.16695, -0.59587], [73.17143, -0.59466], [73.1742, -0.59442], [73.17628, -0.5923], [73.17864, -0.59076], [73.18076, -0.59038], [73.19061, -0.58603], [73.19231, -0.58392], [73.19541, -0.57872], [73.19748, -0.57671], [73.20034, -0.57582], [73.20471, -0.57385], [73.20692, -0.57324], [73.21013, -0.57293], [73.214, -0.57337], [73.21991, -0.57527], [73.22755, -0.57674], [73.23066, -0.57697], [73.23782, -0.57601], [73.24048, -0.57594], [73.24288, -0.57642], [73.24406, -0.5779], [73.24475, -0.58], [73.24459, -0.58256], [73.24331, -0.58645], [73.24258, -0.58799], [73.23807, -0.59312], [73.23278, -0.60033], [73.23195, -0.60209], [73.22978, -0.60481], [73.22822, -0.60839], [73.22784, -0.61062], [73.2279, -0.61334], [73.22815, -0.61534], [73.23028, -0.62311], [73.23023, -0.62599], [73.22926, -0.63156], [73.227, -0.64042], [73.22663, -0.64342], [73.22681, -0.64716], [73.22655, -0.64994], [73.22466, -0.65542], [73.22156, -0.6611], [73.21537, -0.66883], [73.21038, -0.66973], [73.20722, -0.6721], [73.20472, -0.67451], [73.20196, -0.67768], [73.19498, -0.68966], [73.18627, -0.69942], [73.18114, -0.70353], [73.17468, -0.70659], [73.17009, -0.70829], [73.16766, -0.7089], [73.15919, -0.70968]]]]}}, {"type": "Feature", "properties": {"id": "Z32-057", "kind": "island", "lat": -0.70424, "lon": 73.16018, "area_km2": 0.0001, "zone": "Z32"}, "geometry": {"type": "Polygon", "coordinates": [[[73.16014, -0.70431], [73.16025, -0.70428], [73.16017, -0.7042], [73.16014, -0.70431]]]}}, {"type": "Feature", "properties": {"id": "Z32-058", "kind": "island", "lat": -0.70447, "lon": 73.15987, "area_km2": 0.0048, "zone": "Z32"}, "geometry": {"type": "Polygon", "coordinates": [[[73.16014, -0.70431], [73.1598, -0.70406], [73.15953, -0.7041], [73.15965, -0.70463], [73.15948, -0.70476], [73.15969, -0.70492], [73.16009, -0.7048], [73.16014, -0.70431]]]}}, {"type": "Feature", "properties": {"id": "Z32-055", "kind": "island", "lat": -0.6922, "lon": 73.18311, "area_km2": 0.0004, "zone": "Z32"}, "geometry": {"type": "Polygon", "coordinates": [[[73.18319, -0.69213], [73.18312, -0.69206], [73.18301, -0.69228], [73.18314, -0.69236], [73.18319, -0.69213]]]}}, {"type": "Feature", "properties": {"id": "Z32-053", "kind": "island", "lat": -0.68753, "lon": 73.18911, "area_km2": 0.0001, "zone": "Z32"}, "geometry": {"type": "Polygon", "coordinates": [[[73.18912, -0.68749], [73.18904, -0.68757], [73.18915, -0.6876], [73.18912, -0.68749]]]}}, {"type": "Feature", "properties": {"id": "Z32-054", "kind": "island", "lat": -0.68851, "lon": 73.18787, "area_km2": 0.0256, "zone": "Z32"}, "geometry": {"type": "Polygon", "coordinates": [[[73.18722, -0.68953], [73.18754, -0.6894], [73.18763, -0.68922], [73.18808, -0.68895], [73.18808, -0.68886], [73.18868, -0.68807], [73.18864, -0.68768], [73.18881, -0.68723], [73.18826, -0.68733], [73.18826, -0.68751], [73.18808, -0.6876], [73.18808, -0.68769], [73.18758, -0.688], [73.18754, -0.68823], [73.18712, -0.68904], [73.18655, -0.6894], [73.18655, -0.68949], [73.18633, -0.68967], [73.18667, -0.68998], [73.18722, -0.68953]]]}}, {"type": "Feature", "properties": {"id": "Z32-056", "kind": "island", "lat": -0.69434, "lon": 73.15658, "area_km2": 3.1568, "zone": "Z32"}, "geometry": {"type": "Polygon", "coordinates": [[[73.15375, -0.6892], [73.15326, -0.68909], [73.15284, -0.68885], [73.15183, -0.68848], [73.1512, -0.68837], [73.15029, -0.68805], [73.14962, -0.68768], [73.14794, -0.68705], [73.14687, -0.68625], [73.14635, -0.6861], [73.14533, -0.68558], [73.14493, -0.68581], [73.14442, -0.68831], [73.14417, -0.68875], [73.14343, -0.68922], [73.14067, -0.68952], [73.13903, -0.68918], [73.13636, -0.68882], [73.13615, -0.68905], [73.13593, -0.69016], [73.13583, -0.69142], [73.13607, -0.69167], [73.1383, -0.69201], [73.13894, -0.69218], [73.13894, -0.69227], [73.14011, -0.69227], [73.14022, -0.6924], [73.14161, -0.69272], [73.14287, -0.69312], [73.14519, -0.69421], [73.14603, -0.6947], [73.14632, -0.69571], [73.1469, -0.69644], [73.14765, -0.69703], [73.14781, -0.69736], [73.14813, -0.69763], [73.14828, -0.69766], [73.14835, -0.69792], [73.14914, -0.69878], [73.1494, -0.69925], [73.14979, -0.69951], [73.15017, -0.69955], [73.15025, -0.69966], [73.15078, -0.69986], [73.15116, -0.69991], [73.15116, -0.7], [73.15208, -0.70042], [73.15241, -0.70045], [73.15377, -0.70104], [73.15412, -0.70144], [73.15412, -0.7026], [73.15421, -0.7026], [73.15421, -0.70278], [73.1543, -0.70278], [73.1543, -0.70287], [73.15448, -0.70287], [73.15448, -0.70296], [73.15457, -0.70296], [73.15457, -0.70305], [73.15472, -0.70313], [73.15512, -0.70308], [73.15505, -0.70248], [73.15461, -0.70193], [73.15448, -0.70162], [73.15455, -0.70146], [73.1545, -0.70073], [73.15465, -0.70041], [73.15599, -0.70033], [73.15664, -0.70051], [73.15762, -0.70045], [73.15762, -0.70054], [73.15862, -0.70067], [73.16157, -0.70076], [73.16371, -0.70047], [73.16641, -0.69885], [73.16732, -0.69755], [73.16723, -0.6973], [73.16744, -0.69726], [73.16732, -0.69721], [73.1674, -0.69657], [73.16792, -0.69517], [73.16783, -0.69446], [73.16765, -0.69393], [73.16729, -0.69368], [73.16682, -0.69358], [73.16661, -0.69344], [73.16661, -0.69335], [73.16607, -0.69308], [73.16607, -0.69299], [73.16598, -0.69299], [73.16579, -0.69277], [73.16482, -0.69222], [73.16382, -0.69191], [73.16365, -0.69171], [73.16255, -0.69112], [73.16189, -0.69097], [73.16075, -0.69026], [73.15927, -0.69038], [73.15767, -0.69016], [73.15614, -0.68975], [73.1547, -0.6896], [73.15375, -0.6892]]]}}, {"type": "Feature", "properties": {"id": "Z32-051", "kind": "island", "lat": -0.68232, "lon": 73.12811, "area_km2": 0.0001, "zone": "Z32"}, "geometry": {"type": "Polygon", "coordinates": [[[73.12813, -0.68228], [73.12805, -0.68236], [73.12816, -0.68239], [73.12813, -0.68228]]]}}, {"type": "Feature", "properties": {"id": "Z32-052", "kind": "island", "lat": -0.68233, "lon": 73.12839, "area_km2": 0.0003, "zone": "Z32"}, "geometry": {"type": "Polygon", "coordinates": [[[73.12851, -0.6822], [73.12821, -0.68226], [73.12843, -0.68239], [73.12851, -0.6822]]]}}, {"type": "Feature", "properties": {"id": "Z32-049", "kind": "island", "lat": -0.6813, "lon": 73.12653, "area_km2": 0.0567, "zone": "Z32"}, "geometry": {"type": "Polygon", "coordinates": [[[73.12628, -0.67951], [73.12537, -0.67925], [73.12532, -0.67916], [73.12488, -0.67931], [73.12471, -0.67956], [73.12492, -0.6797], [73.12587, -0.68087], [73.12666, -0.6821], [73.12699, -0.68311], [73.12749, -0.68342], [73.12793, -0.68306], [73.12802, -0.68263], [73.12723, -0.6821], [73.1271, -0.68157], [73.12694, -0.68146], [73.1269, -0.68113], [73.12698, -0.68069], [73.12722, -0.68028], [73.12685, -0.67984], [73.12677, -0.67956], [73.12664, -0.67946], [73.12628, -0.67951]]]}}, {"type": "Feature", "properties": {"id": "Z32-047", "kind": "island", "lat": -0.67916, "lon": 73.12435, "area_km2": 0.0018, "zone": "Z32"}, "geometry": {"type": "Polygon", "coordinates": [[[73.12448, -0.67943], [73.12453, -0.67902], [73.12428, -0.67894], [73.12408, -0.67936], [73.12448, -0.67943]]]}}, {"type": "Feature", "properties": {"id": "Z32-050", "kind": "island", "lat": -0.68218, "lon": 73.13486, "area_km2": 1.1549, "zone": "Z32"}, "geometry": {"type": "Polygon", "coordinates": [[[73.13797, -0.6812], [73.1352, -0.67972], [73.1353, -0.67891], [73.13399, -0.67829], [73.13101, -0.67666], [73.13016, -0.67669], [73.12997, -0.67829], [73.12975, -0.67934], [73.12963, -0.68046], [73.12969, -0.6805], [73.12946, -0.68129], [73.1297, -0.68149], [73.12955, -0.68181], [73.12919, -0.68189], [73.12891, -0.6829], [73.12895, -0.68338], [73.12863, -0.68369], [73.12847, -0.68414], [73.12866, -0.68538], [73.12883, -0.68558], [73.12966, -0.68609], [73.13004, -0.68653], [73.13049, -0.6867], [73.13083, -0.68718], [73.13202, -0.68733], [73.13231, -0.68763], [73.13268, -0.68782], [73.13395, -0.68774], [73.13447, -0.68756], [73.13528, -0.68745], [73.13626, -0.68693], [73.13706, -0.68695], [73.13758, -0.68673], [73.13867, -0.68679], [73.13959, -0.68674], [73.1401, -0.68655], [73.14029, -0.68634], [73.14064, -0.68634], [73.14073, -0.68616], [73.14105, -0.68608], [73.14145, -0.68563], [73.14201, -0.68526], [73.14233, -0.68477], [73.1423, -0.68382], [73.14212, -0.68332], [73.13891, -0.68094], [73.13852, -0.68082], [73.13797, -0.6812]]]}}, {"type": "Feature", "properties": {"id": "Z32-046", "kind": "island", "lat": -0.6728, "lon": 73.12757, "area_km2": 0.0001, "zone": "Z32"}, "geometry": {"type": "Polygon", "coordinates": [[[73.12759, -0.67276], [73.12751, -0.67284], [73.12762, -0.67287], [73.12759, -0.67276]]]}}, {"type": "Feature", "properties": {"id": "Z32-048", "kind": "island", "lat": -0.67962, "lon": 73.19522, "area_km2": 0.3587, "zone": "Z32"}, "geometry": {"type": "Polygon", "coordinates": [[[73.19423, -0.67389], [73.19413, -0.67305], [73.19416, -0.67281], [73.194, -0.67269], [73.193, -0.67222], [73.19213, -0.67205], [73.19181, -0.67212], [73.1921, -0.67268], [73.19311, -0.67415], [73.19343, -0.67483], [73.1937, -0.67656], [73.19368, -0.6772], [73.19374, -0.67736], [73.19365, -0.67736], [73.19365, -0.6779], [73.19374, -0.6779], [73.19374, -0.67853], [73.19382, -0.67853], [73.19356, -0.67997], [73.19333, -0.68023], [73.19323, -0.68081], [73.19311, -0.68113], [73.19302, -0.68113], [73.19302, -0.68149], [73.19289, -0.68157], [73.19221, -0.6832], [73.19203, -0.68329], [73.19203, -0.68347], [73.19172, -0.6837], [73.1914, -0.68412], [73.19131, -0.68446], [73.19101, -0.68461], [73.19062, -0.68467], [73.19032, -0.68536], [73.18978, -0.68589], [73.18969, -0.68589], [73.18969, -0.68598], [73.18951, -0.68598], [73.18951, -0.68616], [73.18923, -0.68624], [73.18899, -0.68698], [73.1893, -0.68719], [73.18951, -0.68688], [73.18987, -0.68672], [73.19005, -0.68625], [73.19032, -0.68607], [73.19032, -0.68589], [73.1907, -0.68568], [73.19095, -0.68536], [73.19104, -0.68536], [73.19104, -0.68527], [73.19122, -0.68517], [73.1914, -0.68482], [73.19149, -0.68482], [73.19181, -0.68424], [73.19185, -0.68401], [73.19228, -0.68351], [73.19239, -0.68293], [73.19248, -0.68293], [73.19252, -0.68323], [73.1936, -0.682], [73.19378, -0.68163], [73.19441, -0.68091], [73.1945, -0.68077], [73.19414, -0.6806], [73.19382, -0.67997], [73.19374, -0.67997], [73.19394, -0.6796], [73.19445, -0.67952], [73.19468, -0.67965], [73.19484, -0.67982], [73.19465, -0.68034], [73.19474, -0.68046], [73.19611, -0.6794], [73.19693, -0.67795], [73.19745, -0.67559], [73.19755, -0.67476], [73.19715, -0.67383], [73.19644, -0.6732], [73.19608, -0.6731], [73.19538, -0.67328], [73.19499, -0.67386], [73.19455, -0.67396], [73.19423, -0.67389]]]}}, {"type": "Feature", "properties": {"id": "Z32-045", "kind": "island", "lat": -0.67166, "lon": 73.19171, "area_km2": 0.0001, "zone": "Z32"}, "geometry": {"type": "Polygon", "coordinates": [[[73.19172, -0.67159], [73.19164, -0.67174], [73.19176, -0.67179], [73.19172, -0.67159]]]}}, {"type": "Feature", "properties": {"id": "Z32-044", "kind": "island", "lat": -0.66795, "lon": 73.12099, "area_km2": 0.9585, "zone": "Z32"}, "geometry": {"type": "Polygon", "coordinates": [[[73.11638, -0.66078], [73.11624, -0.66048], [73.11538, -0.65961], [73.11526, -0.65915], [73.11505, -0.65874], [73.11442, -0.65863], [73.11417, -0.65902], [73.11382, -0.6603], [73.11405, -0.6613], [73.11555, -0.66371], [73.11552, -0.66461], [73.11574, -0.66523], [73.11629, -0.66594], [73.1176, -0.66797], [73.11772, -0.66806], [73.11823, -0.66779], [73.11863, -0.66793], [73.11927, -0.66842], [73.12005, -0.66944], [73.1203, -0.66995], [73.12122, -0.6714], [73.1226, -0.67303], [73.12403, -0.67395], [73.12522, -0.67503], [73.12561, -0.6757], [73.12629, -0.67653], [73.12697, -0.67693], [73.12805, -0.67731], [73.12898, -0.67707], [73.12986, -0.67649], [73.12956, -0.67592], [73.12927, -0.67478], [73.12871, -0.67405], [73.12751, -0.67306], [73.12695, -0.67237], [73.12748, -0.67233], [73.12684, -0.67196], [73.12606, -0.67112], [73.12594, -0.67046], [73.12558, -0.67013], [73.12523, -0.67031], [73.12505, -0.67031], [73.12298, -0.6675], [73.12201, -0.66582], [73.12164, -0.66536], [73.12164, -0.66486], [73.12135, -0.66465], [73.12078, -0.66485], [73.11994, -0.66428], [73.11883, -0.66299], [73.11938, -0.66215], [73.11865, -0.66204], [73.11782, -0.66205], [73.11638, -0.66078]]]}}, {"type": "Feature", "properties": {"id": "Z32-043", "kind": "island", "lat": -0.659, "lon": 73.217, "area_km2": 0.0323, "zone": "Z32"}, "geometry": {"type": "Polygon", "coordinates": [[[73.21688, -0.66026], [73.21733, -0.66008], [73.21759, -0.65985], [73.21766, -0.65946], [73.21727, -0.65859], [73.21718, -0.65783], [73.21695, -0.65811], [73.21669, -0.65882], [73.21637, -0.6593], [73.21628, -0.6593], [73.21628, -0.65939], [73.21574, -0.65966], [73.21515, -0.6598], [73.21539, -0.66024], [73.21688, -0.66026]]]}}, {"type": "Feature", "properties": {"id": "Z32-042", "kind": "island", "lat": -0.656, "lon": 73.11254, "area_km2": 0.0001, "zone": "Z32"}, "geometry": {"type": "Polygon", "coordinates": [[[73.11257, -0.65596], [73.11241, -0.65603], [73.11262, -0.65607], [73.11257, -0.65596]]]}}, {"type": "Feature", "properties": {"id": "Z32-041", "kind": "island", "lat": -0.65591, "lon": 73.11212, "area_km2": 0.0001, "zone": "Z32"}, "geometry": {"type": "Polygon", "coordinates": [[[73.11214, -0.65587], [73.11206, -0.65595], [73.11217, -0.65598], [73.11214, -0.65587]]]}}, {"type": "Feature", "properties": {"id": "Z32-040", "kind": "island", "lat": -0.65564, "lon": 73.11087, "area_km2": 0.0377, "zone": "Z32"}, "geometry": {"type": "Polygon", "coordinates": [[[73.11192, -0.65609], [73.11203, -0.65581], [73.11164, -0.65547], [73.11087, -0.65503], [73.11031, -0.65457], [73.11002, -0.65459], [73.10983, -0.65545], [73.11033, -0.65659], [73.11061, -0.65682], [73.11127, -0.65688], [73.11192, -0.65609]]]}}, {"type": "Feature", "properties": {"id": "Z32-039", "kind": "island", "lat": -0.65018, "lon": 73.10724, "area_km2": 0.0091, "zone": "Z32"}, "geometry": {"type": "Polygon", "coordinates": [[[73.10826, -0.65135], [73.10793, -0.65107], [73.10737, -0.65], [73.10671, -0.64907], [73.10674, -0.64944], [73.10708, -0.65036], [73.10815, -0.65153], [73.10831, -0.65158], [73.10826, -0.65135]]]}}, {"type": "Feature", "properties": {"id": "Z32-038", "kind": "island", "lat": -0.64348, "lon": 73.2223, "area_km2": 0.0016, "zone": "Z32"}, "geometry": {"type": "Polygon", "coordinates": [[[73.22239, -0.64367], [73.22235, -0.64328], [73.22209, -0.6437], [73.2223, -0.64385], [73.2223, -0.64394], [73.22248, -0.64394], [73.22248, -0.64367], [73.22239, -0.64367]]]}}, {"type": "Feature", "properties": {"id": "Z32-037", "kind": "island", "lat": -0.6411, "lon": 73.22327, "area_km2": 0.0104, "zone": "Z32"}, "geometry": {"type": "Polygon", "coordinates": [[[73.22302, -0.6417], [73.22346, -0.64134], [73.22366, -0.64088], [73.22359, -0.64034], [73.22324, -0.63996], [73.2232, -0.64026], [73.22311, -0.64026], [73.2228, -0.6421], [73.22295, -0.64228], [73.22302, -0.6417]]]}}, {"type": "Feature", "properties": {"id": "Z32-036", "kind": "island", "lat": -0.63808, "lon": 73.22373, "area_km2": 0.0039, "zone": "Z32"}, "geometry": {"type": "Polygon", "coordinates": [[[73.22356, -0.639], [73.22396, -0.63774], [73.22374, -0.63762], [73.22339, -0.63896], [73.22356, -0.639]]]}}, {"type": "Feature", "properties": {"id": "Z32-035", "kind": "island", "lat": -0.63739, "lon": 73.22378, "area_km2": 0.0002, "zone": "Z32"}, "geometry": {"type": "Polygon", "coordinates": [[[73.22379, -0.63727], [73.22371, -0.6375], [73.22383, -0.63757], [73.22379, -0.63727]]]}}, {"type": "Feature", "properties": {"id": "Z32-034", "kind": "island", "lat": -0.6353, "lon": 73.22427, "area_km2": 0.0164, "zone": "Z32"}, "geometry": {"type": "Polygon", "coordinates": [[[73.22426, -0.63717], [73.2245, -0.6369], [73.22437, -0.63595], [73.22451, -0.63483], [73.2245, -0.63395], [73.22446, -0.63415], [73.22427, -0.6342], [73.22401, -0.63595], [73.22394, -0.636], [73.2237, -0.63715], [73.22426, -0.63717]]]}}, {"type": "Feature", "properties": {"id": "Z32-033", "kind": "island", "lat": -0.62963, "lon": 73.22539, "area_km2": 0.0615, "zone": "Z32"}, "geometry": {"type": "Polygon", "coordinates": [[[73.22572, -0.62549], [73.22534, -0.62578], [73.22523, -0.6262], [73.22537, -0.62673], [73.22545, -0.62679], [73.22545, -0.62813], [73.22491, -0.63047], [73.22482, -0.63047], [73.22482, -0.63128], [73.22473, -0.63128], [73.22469, -0.63186], [73.22447, -0.63283], [73.22455, -0.63316], [73.22443, -0.6335], [73.22459, -0.63373], [73.22511, -0.63169], [73.22501, -0.63136], [73.22518, -0.63101], [73.22527, -0.63101], [73.2254, -0.6308], [73.22576, -0.62944], [73.22572, -0.62912], [73.22554, -0.62894], [73.22566, -0.6287], [73.22589, -0.62867], [73.22589, -0.62858], [73.22604, -0.62846], [73.22646, -0.62707], [73.22652, -0.62643], [73.22661, -0.62643], [73.22661, -0.62607], [73.2267, -0.62607], [73.22667, -0.62583], [73.22589, -0.62571], [73.22589, -0.62562], [73.22581, -0.62562], [73.22572, -0.62549]]]}}, {"type": "Feature", "properties": {"id": "Z32-032", "kind": "island", "lat": -0.6203, "lon": 73.22579, "area_km2": 0.1107, "zone": "Z32"}, "geometry": {"type": "Polygon", "coordinates": [[[73.22527, -0.61577], [73.22474, -0.61539], [73.22482, -0.61637], [73.22491, -0.61637], [73.22509, -0.61762], [73.22487, -0.61807], [73.22484, -0.61835], [73.22498, -0.61954], [73.22518, -0.6196], [73.22522, -0.62138], [73.22535, -0.62266], [73.22545, -0.62274], [73.22545, -0.62346], [73.22554, -0.62346], [73.22558, -0.62432], [73.2257, -0.6249], [73.22614, -0.62466], [73.2261, -0.6241], [73.22625, -0.62346], [73.22647, -0.62331], [73.22652, -0.6231], [73.22683, -0.62301], [73.22645, -0.62047], [73.22608, -0.61927], [73.22554, -0.61924], [73.22554, -0.61906], [73.22545, -0.61906], [73.22563, -0.61861], [73.22582, -0.61855], [73.22572, -0.61731], [73.22585, -0.61576], [73.22527, -0.61577]]]}}, {"type": "Feature", "properties": {"id": "Z32-031", "kind": "island", "lat": -0.615, "lon": 73.22463, "area_km2": 0.0009, "zone": "Z32"}, "geometry": {"type": "Polygon", "coordinates": [[[73.2247, -0.61476], [73.22459, -0.61482], [73.22452, -0.61518], [73.22473, -0.61529], [73.2247, -0.61476]]]}}, {"type": "Feature", "properties": {"id": "Z32-029", "kind": "island", "lat": -0.6125, "lon": 73.14888, "area_km2": 0.0004, "zone": "Z32"}, "geometry": {"type": "Polygon", "coordinates": [[[73.14882, -0.61241], [73.14887, -0.61271], [73.14904, -0.61258], [73.14882, -0.61241]]]}}, {"type": "Feature", "properties": {"id": "Z32-028", "kind": "island", "lat": -0.61234, "lon": 73.14877, "area_km2": 0.0001, "zone": "Z32"}, "geometry": {"type": "Polygon", "coordinates": [[[73.14882, -0.61241], [73.14879, -0.6123], [73.14871, -0.61238], [73.14882, -0.61241]]]}}, {"type": "Feature", "properties": {"id": "Z32-027", "kind": "island", "lat": -0.61172, "lon": 73.14855, "area_km2": 0.0026, "zone": "Z32"}, "geometry": {"type": "Polygon", "coordinates": [[[73.14869, -0.61227], [73.14873, -0.61142], [73.14834, -0.61148], [73.14842, -0.61192], [73.14869, -0.61227]]]}}, {"type": "Feature", "properties": {"id": "Z32-025", "kind": "island", "lat": -0.61081, "lon": 73.11841, "area_km2": 0.0003, "zone": "Z32"}, "geometry": {"type": "Polygon", "coordinates": [[[73.11848, -0.61077], [73.11815, -0.61085], [73.11855, -0.61089], [73.11848, -0.61077]]]}}, {"type": "Feature", "properties": {"id": "Z32-024", "kind": "island", "lat": -0.61061, "lon": 73.11736, "area_km2": 0.0006, "zone": "Z32"}, "geometry": {"type": "Polygon", "coordinates": [[[73.11783, -0.61071], [73.11724, -0.61056], [73.11716, -0.61066], [73.11783, -0.61071]]]}}, {"type": "Feature", "properties": {"id": "Z32-026", "kind": "island", "lat": -0.61158, "lon": 73.22491, "area_km2": 0.1202, "zone": "Z32"}, "geometry": {"type": "Polygon", "coordinates": [[[73.22473, -0.61439], [73.22487, -0.61468], [73.22497, -0.6139], [73.22584, -0.61379], [73.22594, -0.6127], [73.226, -0.60939], [73.22584, -0.60894], [73.2243, -0.60897], [73.22406, -0.60922], [73.22374, -0.61113], [73.22423, -0.61336], [73.22452, -0.61432], [73.22473, -0.61439]]]}}, {"type": "Feature", "properties": {"id": "Z32-023", "kind": "island", "lat": -0.59769, "lon": 73.09143, "area_km2": 0.0001, "zone": "Z32"}, "geometry": {"type": "Polygon", "coordinates": [[[73.09146, -0.59766], [73.0913, -0.59773], [73.09151, -0.59777], [73.09146, -0.59766]]]}}, {"type": "Feature", "properties": {"id": "Z32-022", "kind": "island", "lat": -0.59499, "lon": 73.08733, "area_km2": 0.0018, "zone": "Z32"}, "geometry": {"type": "Polygon", "coordinates": [[[73.08749, -0.5948], [73.08741, -0.5945], [73.08716, -0.59471], [73.08726, -0.59518], [73.08737, -0.59525], [73.08749, -0.5948]]]}}, {"type": "Feature", "properties": {"id": "Z32-021", "kind": "island", "lat": -0.59474, "lon": 73.09039, "area_km2": 0.0239, "zone": "Z32"}, "geometry": {"type": "Polygon", "coordinates": [[[73.09029, -0.59381], [73.08978, -0.59297], [73.08972, -0.59314], [73.08979, -0.59373], [73.08958, -0.59408], [73.08968, -0.59426], [73.09009, -0.59421], [73.09029, -0.59437], [73.09007, -0.59488], [73.08943, -0.59587], [73.08964, -0.59637], [73.08989, -0.59651], [73.0901, -0.596], [73.0906, -0.59574], [73.09077, -0.59514], [73.09061, -0.59459], [73.09038, -0.59441], [73.09029, -0.59381]]]}}, {"type": "Feature", "properties": {"id": "Z32-016", "kind": "island", "lat": -0.59035, "lon": 73.08615, "area_km2": 0.0002, "zone": "Z32"}, "geometry": {"type": "Polygon", "coordinates": [[[73.08616, -0.5902], [73.086, -0.59029], [73.08621, -0.5904], [73.08616, -0.5902]]]}}, {"type": "Feature", "properties": {"id": "Z32-015", "kind": "island", "lat": -0.59027, "lon": 73.08637, "area_km2": 0.0003, "zone": "Z32"}, "geometry": {"type": "Polygon", "coordinates": [[[73.0864, -0.59019], [73.08626, -0.59034], [73.08648, -0.59049], [73.0864, -0.59019]]]}}, {"type": "Feature", "properties": {"id": "Z32-014", "kind": "island", "lat": -0.59006, "lon": 73.08607, "area_km2": 0.0003, "zone": "Z32"}, "geometry": {"type": "Polygon", "coordinates": [[[73.08614, -0.59002], [73.08581, -0.59009], [73.08621, -0.59013], [73.08614, -0.59002]]]}}, {"type": "Feature", "properties": {"id": "Z32-019", "kind": "island", "lat": -0.59138, "lon": 73.08532, "area_km2": 0.0739, "zone": "Z32"}, "geometry": {"type": "Polygon", "coordinates": [[[73.08432, -0.58979], [73.08373, -0.58982], [73.08347, -0.59], [73.08286, -0.59023], [73.08266, -0.59059], [73.08292, -0.59098], [73.08319, -0.59101], [73.08334, -0.59083], [73.08365, -0.5908], [73.08454, -0.59142], [73.08446, -0.59171], [73.08419, -0.59169], [73.08417, -0.59194], [73.08436, -0.59225], [73.08503, -0.59295], [73.08522, -0.59301], [73.0853, -0.59273], [73.08583, -0.59243], [73.08637, -0.59233], [73.08617, -0.59134], [73.0859, -0.59111], [73.08598, -0.59107], [73.08647, -0.59125], [73.08656, -0.59111], [73.08623, -0.59087], [73.08584, -0.59091], [73.08571, -0.59054], [73.08574, -0.59011], [73.08533, -0.58995], [73.08478, -0.59026], [73.08454, -0.58999], [73.08445, -0.5901], [73.08432, -0.58979]]]}}, {"type": "Feature", "properties": {"id": "Z32-018", "kind": "island", "lat": -0.59132, "lon": 73.08849, "area_km2": 0.0233, "zone": "Z32"}, "geometry": {"type": "Polygon", "coordinates": [[[73.08884, -0.59039], [73.08867, -0.58945], [73.08846, -0.58947], [73.08829, -0.59001], [73.08833, -0.59052], [73.08821, -0.59074], [73.08758, -0.59069], [73.0878, -0.59122], [73.08848, -0.59142], [73.08858, -0.59243], [73.08876, -0.5929], [73.08899, -0.5931], [73.08906, -0.5928], [73.08901, -0.59218], [73.08883, -0.59152], [73.08884, -0.59039]]]}}, {"type": "Feature", "properties": {"id": "Z32-017", "kind": "island", "lat": -0.59117, "lon": 73.22241, "area_km2": 0.0653, "zone": "Z32"}, "geometry": {"type": "Polygon", "coordinates": [[[73.2232, -0.59274], [73.22313, -0.59186], [73.22278, -0.59036], [73.22304, -0.59013], [73.22256, -0.5897], [73.22204, -0.58878], [73.2216, -0.58866], [73.22125, -0.58885], [73.221, -0.58923], [73.22148, -0.58959], [73.22175, -0.59048], [73.22205, -0.59243], [73.2218, -0.59278], [73.22172, -0.59309], [73.22217, -0.59323], [73.22225, -0.59333], [73.22313, -0.59341], [73.2232, -0.59274]]]}}, {"type": "Feature", "properties": {"id": "Z32-012", "kind": "island", "lat": -0.58786, "lon": 73.07644, "area_km2": 0.0015, "zone": "Z32"}, "geometry": {"type": "Polygon", "coordinates": [[[73.07658, -0.58794], [73.07649, -0.58752], [73.07631, -0.58778], [73.07639, -0.58817], [73.07651, -0.58825], [73.07658, -0.58794]]]}}, {"type": "Feature", "properties": {"id": "Z32-013", "kind": "island", "lat": -0.58791, "lon": 73.08889, "area_km2": 0.0038, "zone": "Z32"}, "geometry": {"type": "Polygon", "coordinates": [[[73.08863, -0.58744], [73.08888, -0.58816], [73.08879, -0.58881], [73.08923, -0.58845], [73.0892, -0.58821], [73.08863, -0.58744]]]}}, {"type": "Feature", "properties": {"id": "Z32-011", "kind": "island", "lat": -0.58739, "lon": 73.08859, "area_km2": 0.0001, "zone": "Z32"}, "geometry": {"type": "Polygon", "coordinates": [[[73.08863, -0.58744], [73.08863, -0.58735], [73.08854, -0.58735], [73.08854, -0.58744], [73.08863, -0.58744]]]}}, {"type": "Feature", "properties": {"id": "Z32-010", "kind": "island", "lat": -0.5873, "lon": 73.0885, "area_km2": 0.0001, "zone": "Z32"}, "geometry": {"type": "Polygon", "coordinates": [[[73.08854, -0.58735], [73.08854, -0.58726], [73.08845, -0.58726], [73.08845, -0.58735], [73.08854, -0.58735]]]}}, {"type": "Feature", "properties": {"id": "Z32-008", "kind": "island", "lat": -0.5858, "lon": 73.22253, "area_km2": 0.0001, "zone": "Z32"}, "geometry": {"type": "Polygon", "coordinates": [[[73.22257, -0.58573], [73.22246, -0.58576], [73.22254, -0.58584], [73.22257, -0.58573]]]}}, {"type": "Feature", "properties": {"id": "Z32-009", "kind": "island", "lat": -0.58583, "lon": 73.08838, "area_km2": 0.0004, "zone": "Z32"}, "geometry": {"type": "Polygon", "coordinates": [[[73.08841, -0.5857], [73.08824, -0.58595], [73.08845, -0.586], [73.08841, -0.5857]]]}}, {"type": "Feature", "properties": {"id": "Z32-006", "kind": "island", "lat": -0.58373, "lon": 73.07896, "area_km2": 0.0007, "zone": "Z32"}, "geometry": {"type": "Polygon", "coordinates": [[[73.07907, -0.58365], [73.07889, -0.58355], [73.07881, -0.58381], [73.07911, -0.58385], [73.07907, -0.58365]]]}}, {"type": "Feature", "properties": {"id": "Z32-007", "kind": "island", "lat": -0.58452, "lon": 73.07692, "area_km2": 0.0179, "zone": "Z32"}, "geometry": {"type": "Polygon", "coordinates": [[[73.07677, -0.58555], [73.07686, -0.58555], [73.07695, -0.58501], [73.07713, -0.58465], [73.07778, -0.58365], [73.07868, -0.5832], [73.07877, -0.58291], [73.0778, -0.58329], [73.07711, -0.58373], [73.07695, -0.58394], [73.07686, -0.58394], [73.07686, -0.58403], [73.07677, -0.58403], [73.0765, -0.58476], [73.07665, -0.58595], [73.07677, -0.58555]]]}}, {"type": "Feature", "properties": {"id": "Z32-005", "kind": "island", "lat": -0.58212, "lon": 73.08803, "area_km2": 0.0032, "zone": "Z32"}, "geometry": {"type": "Polygon", "coordinates": [[[73.08791, -0.58259], [73.08816, -0.58239], [73.08831, -0.58177], [73.08779, -0.58184], [73.08791, -0.58259]]]}}, {"type": "Feature", "properties": {"id": "Z32-004", "kind": "island", "lat": -0.5799, "lon": 73.22211, "area_km2": 0.0018, "zone": "Z32"}, "geometry": {"type": "Polygon", "coordinates": [[[73.22234, -0.57995], [73.22195, -0.57965], [73.22172, -0.5797], [73.22239, -0.58025], [73.22234, -0.57995]]]}}, {"type": "Feature", "properties": {"id": "Z32-020", "kind": "island", "lat": -0.59405, "lon": 73.22946, "area_km2": 2.9674, "zone": "Z32"}, "geometry": {"type": "Polygon", "coordinates": [[[73.22257, -0.58573], [73.22447, -0.5855], [73.22498, -0.58656], [73.22532, -0.58771], [73.2255, -0.58861], [73.22549, -0.58946], [73.22521, -0.58973], [73.22563, -0.59006], [73.2258, -0.59174], [73.22602, -0.5924], [73.22584, -0.59381], [73.22565, -0.59455], [73.22509, -0.59497], [73.22456, -0.59552], [73.2239, -0.59575], [73.22378, -0.59534], [73.2241, -0.59488], [73.22446, -0.59464], [73.22459, -0.59446], [73.22431, -0.59422], [73.22393, -0.59462], [73.22341, -0.59577], [73.22343, -0.59678], [73.22367, -0.59692], [73.22378, -0.5962], [73.22409, -0.59605], [73.22424, -0.59621], [73.22422, -0.59744], [73.2238, -0.59754], [73.22367, -0.597], [73.22342, -0.59701], [73.22314, -0.59787], [73.2227, -0.59844], [73.22262, -0.59905], [73.22313, -0.59969], [73.22348, -0.60077], [73.22368, -0.60179], [73.22383, -0.60576], [73.22407, -0.60731], [73.22406, -0.60887], [73.22561, -0.60884], [73.22586, -0.60858], [73.22584, -0.60771], [73.22549, -0.60725], [73.22524, -0.60586], [73.22563, -0.60568], [73.22573, -0.60588], [73.22595, -0.60579], [73.22598, -0.6055], [73.22612, -0.60542], [73.22616, -0.60505], [73.22607, -0.60505], [73.22607, -0.60496], [73.22616, -0.60496], [73.22621, -0.60473], [73.22631, -0.60353], [73.22629, -0.60317], [73.22616, -0.60307], [73.22631, -0.60254], [73.2263, -0.60077], [73.22601, -0.6002], [73.22541, -0.59941], [73.22577, -0.59907], [73.22836, -0.59881], [73.22883, -0.59862], [73.23066, -0.5967], [73.2316, -0.59593], [73.23327, -0.59388], [73.23406, -0.59312], [73.23485, -0.59221], [73.23497, -0.59184], [73.23526, -0.59167], [73.23658, -0.58924], [73.23784, -0.58717], [73.23793, -0.58717], [73.23793, -0.58699], [73.23811, -0.58663], [73.2382, -0.58663], [73.2382, -0.58645], [73.23829, -0.58645], [73.23923, -0.58398], [73.23928, -0.58331], [73.23939, -0.58321], [73.23946, -0.58133], [73.23946, -0.58124], [73.23937, -0.58124], [73.23937, -0.58106], [73.23945, -0.58099], [73.2394, -0.58029], [73.23831, -0.57941], [73.23703, -0.57935], [73.2328, -0.57977], [73.22972, -0.58021], [73.22922, -0.58043], [73.22922, -0.58034], [73.22841, -0.58034], [73.22841, -0.58043], [73.22832, -0.58043], [73.22823, -0.58033], [73.226, -0.5805], [73.22554, -0.5807], [73.22548, -0.58064], [73.22363, -0.58058], [73.22324, -0.58085], [73.22323, -0.58145], [73.22357, -0.5819], [73.22371, -0.58233], [73.22368, -0.58284], [73.22235, -0.58327], [73.22216, -0.58324], [73.22157, -0.58272], [73.22081, -0.58264], [73.2205, -0.58251], [73.22032, -0.58229], [73.21997, -0.58223], [73.21997, -0.58205], [73.21979, -0.58205], [73.21979, -0.58268], [73.21988, -0.58268], [73.22015, -0.5834], [73.22024, -0.5834], [73.22031, -0.58368], [73.22042, -0.58376], [73.22083, -0.58452], [73.22222, -0.58417], [73.22257, -0.58573]]]}}, {"type": "Feature", "properties": {"id": "Z32-003", "kind": "island", "lat": -0.57943, "lon": 73.2213, "area_km2": 0.0007, "zone": "Z32"}, "geometry": {"type": "Polygon", "coordinates": [[[73.2214, -0.57971], [73.2214, -0.57962], [73.22134, -0.57931], [73.22113, -0.57954], [73.2214, -0.57971]]]}}, {"type": "Feature", "properties": {"id": "Z32-030", "kind": "island", "lat": -0.61292, "lon": 73.09224, "area_km2": 5.06, "zone": "Z32"}, "geometry": {"type": "Polygon", "coordinates": [[[73.08791, -0.58259], [73.08733, -0.58282], [73.08718, -0.58279], [73.08736, -0.58252], [73.08731, -0.5823], [73.08688, -0.58239], [73.08657, -0.58274], [73.08641, -0.58316], [73.08615, -0.58325], [73.08555, -0.58227], [73.0854, -0.58223], [73.08531, -0.58205], [73.08513, -0.58196], [73.08513, -0.58178], [73.08504, -0.58178], [73.08495, -0.58142], [73.08486, -0.58142], [73.0849, -0.58083], [73.08503, -0.58059], [73.086, -0.58048], [73.08686, -0.58005], [73.08751, -0.57952], [73.08841, -0.57971], [73.08867, -0.58012], [73.08881, -0.58021], [73.08909, -0.57935], [73.08958, -0.57904], [73.08966, -0.5788], [73.08861, -0.57868], [73.08679, -0.57922], [73.08616, -0.57932], [73.08416, -0.58016], [73.08123, -0.58204], [73.08112, -0.58227], [73.0802, -0.58257], [73.08002, -0.58349], [73.08009, -0.58386], [73.07986, -0.58416], [73.0792, -0.58448], [73.07891, -0.58435], [73.07856, -0.58457], [73.07841, -0.58533], [73.0785, -0.58577], [73.07857, -0.58582], [73.07857, -0.58645], [73.07848, -0.58645], [73.07848, -0.58672], [73.07794, -0.58906], [73.07785, -0.58906], [73.07763, -0.58964], [73.07727, -0.59022], [73.07722, -0.59049], [73.07647, -0.59069], [73.07686, -0.59139], [73.07686, -0.59157], [73.07695, -0.59157], [73.0772, -0.5924], [73.07767, -0.5931], [73.07785, -0.59319], [73.07785, -0.59337], [73.07794, -0.59337], [73.07901, -0.59565], [73.07938, -0.59703], [73.08057, -0.59989], [73.08188, -0.60175], [73.08242, -0.6034], [73.08294, -0.6043], [73.08392, -0.60635], [73.08414, -0.60714], [73.08447, -0.60782], [73.08559, -0.60983], [73.08588, -0.61086], [73.08691, -0.6126], [73.0876, -0.61417], [73.0882, -0.61521], [73.0893, -0.61792], [73.09007, -0.61897], [73.09007, -0.61906], [73.09016, -0.61906], [73.09025, -0.61942], [73.09034, -0.61942], [73.09034, -0.6196], [73.09043, -0.6196], [73.09063, -0.61997], [73.09088, -0.62014], [73.09088, -0.62023], [73.09097, -0.62023], [73.09097, -0.62041], [73.09115, -0.6205], [73.09142, -0.62095], [73.09151, -0.62095], [73.09196, -0.62158], [73.09201, -0.62192], [73.09298, -0.62351], [73.09312, -0.62355], [73.09312, -0.62373], [73.09321, -0.62373], [73.0933, -0.624], [73.09348, -0.62409], [73.09348, -0.62427], [73.09357, -0.62427], [73.09357, -0.62445], [73.09366, -0.62445], [73.09369, -0.62469], [73.09445, -0.62616], [73.0955, -0.6273], [73.09666, -0.62833], [73.0969, -0.6284], [73.09695, -0.62857], [73.09752, -0.62923], [73.0978, -0.62939], [73.0978, -0.62957], [73.09797, -0.62957], [73.09815, -0.63002], [73.09879, -0.63085], [73.10035, -0.63385], [73.10069, -0.63482], [73.1009, -0.63581], [73.10102, -0.63694], [73.10122, -0.63737], [73.1017, -0.63797], [73.10215, -0.63878], [73.10262, -0.63921], [73.1029, -0.63994], [73.10345, -0.64071], [73.10356, -0.64105], [73.1039, -0.64161], [73.1039, -0.64179], [73.10399, -0.64179], [73.10399, -0.64197], [73.10408, -0.64197], [73.10435, -0.6426], [73.1044, -0.64318], [73.10462, -0.64367], [73.10462, -0.64394], [73.10447, -0.64399], [73.10465, -0.64461], [73.10471, -0.64439], [73.1048, -0.64439], [73.1048, -0.64484], [73.10496, -0.64545], [73.10572, -0.64671], [73.10588, -0.64682], [73.10594, -0.64716], [73.10627, -0.64749], [73.10618, -0.64688], [73.10597, -0.64682], [73.10597, -0.64556], [73.10609, -0.64517], [73.10577, -0.64409], [73.10556, -0.64178], [73.10492, -0.64071], [73.10471, -0.64053], [73.10466, -0.64032], [73.10444, -0.64017], [73.10444, -0.64008], [73.10435, -0.64008], [73.10431, -0.63988], [73.10417, -0.63981], [73.10417, -0.63972], [73.10408, -0.63972], [73.10408, -0.63963], [73.10399, -0.63963], [73.10399, -0.63954], [73.1039, -0.63954], [73.10363, -0.639], [73.10354, -0.639], [73.10267, -0.63728], [73.10243, -0.63653], [73.10188, -0.63546], [73.10122, -0.6338], [73.10082, -0.63253], [73.10053, -0.63104], [73.10054, -0.6308], [73.1031, -0.63065], [73.10289, -0.63005], [73.10256, -0.627], [73.10213, -0.62499], [73.10178, -0.62467], [73.10151, -0.62468], [73.10139, -0.62481], [73.10116, -0.62475], [73.1004, -0.6249], [73.09994, -0.62485], [73.09954, -0.62439], [73.09937, -0.6239], [73.09957, -0.62187], [73.09988, -0.62046], [73.0998, -0.61947], [73.09948, -0.61802], [73.09896, -0.61717], [73.09896, -0.61699], [73.09878, -0.61663], [73.09888, -0.61597], [73.09781, -0.61384], [73.09763, -0.61325], [73.09606, -0.61064], [73.09552, -0.61014], [73.09365, -0.60769], [73.0929, -0.60586], [73.09391, -0.60519], [73.09427, -0.60538], [73.09469, -0.60577], [73.09398, -0.60446], [73.09231, -0.60197], [73.09196, -0.60175], [73.09114, -0.60178], [73.08974, -0.60157], [73.08913, -0.60132], [73.08794, -0.60117], [73.08739, -0.60075], [73.08692, -0.59976], [73.08608, -0.59867], [73.08598, -0.59817], [73.08569, -0.59738], [73.0854, -0.59723], [73.08472, -0.59566], [73.08439, -0.59461], [73.0842, -0.5933], [73.08409, -0.59343], [73.084, -0.5929], [73.08364, -0.59261], [73.08355, -0.59217], [73.0825, -0.59255], [73.08186, -0.59237], [73.08164, -0.592], [73.08172, -0.59136], [73.08155, -0.59062], [73.08159, -0.59032], [73.0821, -0.58996], [73.08309, -0.58969], [73.08321, -0.58894], [73.08387, -0.58815], [73.08365, -0.5875], [73.08397, -0.58731], [73.08437, -0.58758], [73.08436, -0.58776], [73.08418, -0.58793], [73.08419, -0.58812], [73.08446, -0.58811], [73.08445, -0.58784], [73.08464, -0.58757], [73.08463, -0.58706], [73.08524, -0.58691], [73.08535, -0.58667], [73.08504, -0.58636], [73.08497, -0.58619], [73.08513, -0.58596], [73.08527, -0.58604], [73.08525, -0.58617], [73.08581, -0.58606], [73.08603, -0.58645], [73.0859, -0.5867], [73.08628, -0.58728], [73.08678, -0.58758], [73.08713, -0.58766], [73.08723, -0.58703], [73.08743, -0.58677], [73.0875, -0.58627], [73.08702, -0.58564], [73.08674, -0.58476], [73.08695, -0.58426], [73.08745, -0.58537], [73.08787, -0.58679], [73.08845, -0.58726], [73.08841, -0.58643], [73.0881, -0.58591], [73.08824, -0.58567], [73.0882, -0.58533], [73.08805, -0.58552], [73.08796, -0.58541], [73.08759, -0.58533], [73.08751, -0.58514], [73.08792, -0.58409], [73.08764, -0.58304], [73.08787, -0.58288], [73.08791, -0.58259]]]}}, {"type": "Feature", "properties": {"id": "Z32-002", "kind": "island", "lat": -0.57924, "lon": 73.21689, "area_km2": 0.0648, "zone": "Z32"}, "geometry": {"type": "Polygon", "coordinates": [[[73.2152, -0.57783], [73.21422, -0.57765], [73.21299, -0.57701], [73.21242, -0.57709], [73.2126, -0.57739], [73.21305, -0.57747], [73.21413, -0.57792], [73.21457, -0.57832], [73.21594, -0.57907], [73.21669, -0.57958], [73.21826, -0.58079], [73.21893, -0.58165], [73.21922, -0.58173], [73.21962, -0.58109], [73.21998, -0.58025], [73.21982, -0.58012], [73.21963, -0.58054], [73.21937, -0.58074], [73.21858, -0.58002], [73.21756, -0.57946], [73.21761, -0.57908], [73.21714, -0.57863], [73.21682, -0.57855], [73.2166, -0.57835], [73.21649, -0.57903], [73.21563, -0.57864], [73.21552, -0.57809], [73.2152, -0.57792], [73.2152, -0.57783]]]}}, {"type": "Feature", "properties": {"id": "Z32-001", "kind": "island", "lat": -0.57676, "lon": 73.20749, "area_km2": 0.0001, "zone": "Z32"}, "geometry": {"type": "Polygon", "coordinates": [[[73.20752, -0.57672], [73.20736, -0.5768], [73.20757, -0.57684], [73.20752, -0.57672]]]}}, {"type": "Feature", "properties": {"id": "Z30-176", "kind": "island", "lat": 0.19137, "lon": 73.1973, "area_km2": 0.0972, "zone": "Z30"}, "geometry": {"type": "Polygon", "coordinates": [[[73.19708, 0.19332], [73.19654, 0.19342], [73.19613, 0.19296], [73.19591, 0.19224], [73.19594, 0.19169], [73.19616, 0.19149], [73.19642, 0.191], [73.19598, 0.18978], [73.19604, 0.18932], [73.19715, 0.18969], [73.19724, 0.18996], [73.19835, 0.19081], [73.19841, 0.1914], [73.19866, 0.19135], [73.19913, 0.19204], [73.19942, 0.19269], [73.19896, 0.19279], [73.19863, 0.19261], [73.19811, 0.19253], [73.19708, 0.19332]]]}}, {"type": "Feature", "properties": {"id": "Z30-175", "kind": "island", "lat": 0.19141, "lon": 73.20169, "area_km2": 0.134, "zone": "Z30"}, "geometry": {"type": "Polygon", "coordinates": [[[73.20119, 0.19365], [73.20072, 0.19448], [73.2006, 0.1941], [73.20026, 0.19349], [73.20053, 0.19225], [73.20028, 0.19179], [73.19919, 0.19118], [73.19904, 0.19032], [73.19875, 0.18986], [73.19823, 0.18862], [73.19823, 0.18835], [73.19848, 0.1884], [73.19923, 0.18904], [73.19973, 0.18961], [73.2002, 0.18987], [73.20026, 0.18977], [73.20059, 0.18993], [73.20065, 0.19005], [73.20095, 0.19014], [73.20146, 0.19077], [73.20214, 0.19073], [73.20266, 0.19058], [73.20349, 0.19072], [73.20422, 0.19098], [73.20428, 0.19108], [73.20401, 0.19116], [73.20366, 0.19151], [73.2032, 0.1917], [73.202, 0.19248], [73.20164, 0.1932], [73.20155, 0.1932], [73.20149, 0.19344], [73.20119, 0.19365]]]}}, {"type": "Feature", "properties": {"id": "Z30-173", "kind": "island", "lat": 0.19425, "lon": 73.191, "area_km2": 0.0035, "zone": "Z30"}, "geometry": {"type": "Polygon", "coordinates": [[[73.19152, 0.19458], [73.19131, 0.19463], [73.19131, 0.19472], [73.19104, 0.19472], [73.19095, 0.19436], [73.19056, 0.19402], [73.19066, 0.19379], [73.19152, 0.19458]]]}}, {"type": "Feature", "properties": {"id": "Z30-174", "kind": "island", "lat": 0.19373, "lon": 73.19225, "area_km2": 0.0233, "zone": "Z30"}, "geometry": {"type": "Polygon", "coordinates": [[[73.19306, 0.19483], [73.19275, 0.19464], [73.19236, 0.19469], [73.1919, 0.19411], [73.1917, 0.19363], [73.19136, 0.19336], [73.19121, 0.19301], [73.19136, 0.19262], [73.19185, 0.19257], [73.1921, 0.19306], [73.19257, 0.19344], [73.19282, 0.19384], [73.19306, 0.19483]]]}}, {"type": "Feature", "properties": {"id": "Z30-171", "kind": "island", "lat": 0.19497, "lon": 73.19306, "area_km2": 0.0001, "zone": "Z30"}, "geometry": {"type": "Polygon", "coordinates": [[[73.19308, 0.19501], [73.193, 0.19493], [73.19311, 0.1949], [73.19308, 0.19501]]]}}, {"type": "Feature", "properties": {"id": "Z30-172", "kind": "island", "lat": 0.19427, "lon": 73.19403, "area_km2": 0.0414, "zone": "Z30"}, "geometry": {"type": "Polygon", "coordinates": [[[73.19475, 0.19518], [73.19426, 0.19554], [73.19349, 0.19524], [73.19319, 0.19443], [73.19327, 0.19376], [73.19359, 0.19333], [73.19391, 0.19329], [73.19423, 0.19345], [73.19494, 0.19441], [73.19574, 0.19459], [73.19584, 0.19501], [73.19551, 0.19515], [73.19475, 0.19518]]]}}, {"type": "Feature", "properties": {"id": "Z30-169", "kind": "island", "lat": 0.1956, "lon": 73.22621, "area_km2": 0.0001, "zone": "Z30"}, "geometry": {"type": "Polygon", "coordinates": [[[73.22622, 0.19564], [73.22614, 0.19556], [73.22625, 0.19553], [73.22622, 0.19564]]]}}, {"type": "Feature", "properties": {"id": "Z30-170", "kind": "island", "lat": 0.19556, "lon": 73.20104, "area_km2": 0.0013, "zone": "Z30"}, "geometry": {"type": "Polygon", "coordinates": [[[73.20101, 0.19517], [73.20123, 0.19572], [73.201, 0.19584], [73.20088, 0.19529], [73.20101, 0.19517]]]}}, {"type": "Feature", "properties": {"id": "Z30-168", "kind": "island", "lat": 0.19602, "lon": 73.22549, "area_km2": 0.0001, "zone": "Z30"}, "geometry": {"type": "Polygon", "coordinates": [[[73.2255, 0.1961], [73.22542, 0.19594], [73.22554, 0.19589], [73.2255, 0.1961]]]}}, {"type": "Feature", "properties": {"id": "Z30-166", "kind": "island", "lat": 0.20261, "lon": 73.1817, "area_km2": 0.0005, "zone": "Z30"}, "geometry": {"type": "Polygon", "coordinates": [[[73.18185, 0.20268], [73.18168, 0.20276], [73.18157, 0.20254], [73.1817, 0.20245], [73.18185, 0.20268]]]}}, {"type": "Feature", "properties": {"id": "Z30-167", "kind": "island", "lat": 0.19899, "lon": 73.18977, "area_km2": 0.4362, "zone": "Z30"}, "geometry": {"type": "Polygon", "coordinates": [[[73.19, 0.20065], [73.1885, 0.20186], [73.18615, 0.20276], [73.1857, 0.20307], [73.18338, 0.20384], [73.18303, 0.20369], [73.18273, 0.2034], [73.18274, 0.20303], [73.18255, 0.20294], [73.18246, 0.20186], [73.1822, 0.20108], [73.18219, 0.20064], [73.18231, 0.20003], [73.18291, 0.19958], [73.18377, 0.19979], [73.18445, 0.20033], [73.18552, 0.20016], [73.1867, 0.19971], [73.18704, 0.20007], [73.18809, 0.19987], [73.1883, 0.19945], [73.18819, 0.19673], [73.18779, 0.19631], [73.18704, 0.19589], [73.18704, 0.1955], [73.18729, 0.19498], [73.18765, 0.1946], [73.18806, 0.19433], [73.18844, 0.19427], [73.18904, 0.19511], [73.18973, 0.19556], [73.19053, 0.19652], [73.19073, 0.19703], [73.19072, 0.19771], [73.19114, 0.19885], [73.19184, 0.19989], [73.19135, 0.20022], [73.19136, 0.20043], [73.19057, 0.20042], [73.19, 0.20065]]]}}, {"type": "Feature", "properties": {"id": "Z30-165", "kind": "island", "lat": 0.20409, "lon": 73.17953, "area_km2": 0.0116, "zone": "Z30"}, "geometry": {"type": "Polygon", "coordinates": [[[73.17909, 0.20344], [73.17954, 0.20362], [73.17954, 0.20371], [73.18048, 0.20456], [73.17999, 0.20461], [73.17981, 0.20452], [73.17927, 0.20452], [73.17927, 0.20434], [73.17918, 0.20434], [73.17882, 0.20371], [73.17886, 0.20351], [73.17905, 0.20332], [73.17909, 0.20344]]]}}, {"type": "Feature", "properties": {"id": "Z30-164", "kind": "island", "lat": 0.20635, "lon": 73.1619, "area_km2": 0.0029, "zone": "Z30"}, "geometry": {"type": "Polygon", "coordinates": [[[73.16221, 0.20637], [73.16193, 0.20653], [73.16158, 0.20632], [73.16122, 0.20653], [73.16127, 0.20618], [73.16193, 0.20613], [73.16221, 0.20637]]]}}, {"type": "Feature", "properties": {"id": "Z30-163", "kind": "island", "lat": 0.2077, "lon": 73.1754, "area_km2": 0.0308, "zone": "Z30"}, "geometry": {"type": "Polygon", "coordinates": [[[73.17493, 0.206], [73.17554, 0.20674], [73.17559, 0.20739], [73.17662, 0.20861], [73.17524, 0.20895], [73.17473, 0.20699], [73.17465, 0.20612], [73.17493, 0.206]]]}}, {"type": "Feature", "properties": {"id": "Z30-162", "kind": "island", "lat": 0.20788, "lon": 73.16215, "area_km2": 0.0774, "zone": "Z30"}, "geometry": {"type": "Polygon", "coordinates": [[[73.16359, 0.20919], [73.16333, 0.20905], [73.16323, 0.20916], [73.16246, 0.20895], [73.16143, 0.20835], [73.16091, 0.20791], [73.16078, 0.20762], [73.16029, 0.20751], [73.16048, 0.20708], [73.16099, 0.20699], [73.16109, 0.20688], [73.16151, 0.20691], [73.16171, 0.2068], [73.16204, 0.20698], [73.16247, 0.20658], [73.16272, 0.20687], [73.16321, 0.20691], [73.16349, 0.20663], [73.16418, 0.20683], [73.16453, 0.20765], [73.16408, 0.20815], [73.16373, 0.20805], [73.16395, 0.20765], [73.16367, 0.20744], [73.16333, 0.20761], [73.16341, 0.20789], [73.16401, 0.20856], [73.16369, 0.20883], [73.16359, 0.20919]]]}}, {"type": "Feature", "properties": {"id": "Z30-161", "kind": "island", "lat": 0.20878, "lon": 73.17118, "area_km2": 0.0291, "zone": "Z30"}, "geometry": {"type": "Polygon", "coordinates": [[[73.17166, 0.20851], [73.17194, 0.20992], [73.17038, 0.21008], [73.17056, 0.20928], [73.17056, 0.20892], [73.17065, 0.20892], [73.17065, 0.20865], [73.17074, 0.20865], [73.17065, 0.20811], [73.17052, 0.20802], [73.17065, 0.20793], [73.17068, 0.20778], [73.17086, 0.20772], [73.17101, 0.20802], [73.17128, 0.20802], [73.17128, 0.20811], [73.17166, 0.20851]]]}}, {"type": "Feature", "properties": {"id": "Z30-160", "kind": "island", "lat": 0.20952, "lon": 73.16157, "area_km2": 0.1589, "zone": "Z30"}, "geometry": {"type": "Polygon", "coordinates": [[[73.16011, 0.20801], [73.16125, 0.20866], [73.16249, 0.20917], [73.16314, 0.20987], [73.16403, 0.21031], [73.16462, 0.21166], [73.16522, 0.21204], [73.16521, 0.21226], [73.16484, 0.21237], [73.16463, 0.21215], [73.16247, 0.21116], [73.16247, 0.21107], [73.16229, 0.21107], [73.16229, 0.21098], [73.1618, 0.2108], [73.16064, 0.21003], [73.15993, 0.20885], [73.15983, 0.20851], [73.15952, 0.20812], [73.15865, 0.20789], [73.15789, 0.2078], [73.15663, 0.20802], [73.15642, 0.20795], [73.15661, 0.20759], [73.15735, 0.20677], [73.15853, 0.20606], [73.15921, 0.20609], [73.15997, 0.20649], [73.16011, 0.20705], [73.15994, 0.20752], [73.16011, 0.20801]]]}}, {"type": "Feature", "properties": {"id": "Z30-159", "kind": "island", "lat": 0.21411, "lon": 73.14123, "area_km2": 0.0072, "zone": "Z30"}, "geometry": {"type": "Polygon", "coordinates": [[[73.14212, 0.21433], [73.14174, 0.21444], [73.14105, 0.21415], [73.14033, 0.21419], [73.14091, 0.21382], [73.14154, 0.21377], [73.14199, 0.21407], [73.14212, 0.21433]]]}}, {"type": "Feature", "properties": {"id": "Z30-158", "kind": "island", "lat": 0.21856, "lon": 73.15434, "area_km2": 0.0739, "zone": "Z30"}, "geometry": {"type": "Polygon", "coordinates": [[[73.15699, 0.22019], [73.15714, 0.22048], [73.15805, 0.22093], [73.158, 0.22127], [73.15713, 0.22097], [73.15628, 0.22033], [73.15561, 0.22016], [73.1547, 0.22034], [73.15429, 0.22026], [73.15409, 0.22009], [73.15385, 0.21934], [73.15372, 0.21828], [73.15392, 0.21719], [73.15385, 0.217], [73.15388, 0.21581], [73.15412, 0.21601], [73.15432, 0.21641], [73.15421, 0.21646], [73.1543, 0.21664], [73.15412, 0.21691], [73.15416, 0.21741], [73.15421, 0.21772], [73.15457, 0.21835], [73.15466, 0.21835], [73.15475, 0.21853], [73.15493, 0.21853], [73.15493, 0.21862], [73.1552, 0.21871], [73.1553, 0.21859], [73.15547, 0.2188], [73.15556, 0.2188], [73.15574, 0.21934], [73.15611, 0.21947], [73.15636, 0.21894], [73.15681, 0.21943], [73.15699, 0.22019]]]}}, {"type": "Feature", "properties": {"id": "Z30-156", "kind": "island", "lat": 0.22529, "lon": 73.21658, "area_km2": 0.0417, "zone": "Z30"}, "geometry": {"type": "Polygon", "coordinates": [[[73.2179, 0.2248], [73.21818, 0.22513], [73.21745, 0.22554], [73.21736, 0.22566], [73.217, 0.22572], [73.2169, 0.22584], [73.21596, 0.22598], [73.21529, 0.22593], [73.21516, 0.22544], [73.2154, 0.22481], [73.21565, 0.22445], [73.21632, 0.22433], [73.2179, 0.2248]]]}}, {"type": "Feature", "properties": {"id": "Z30-157", "kind": "island", "lat": 0.22198, "lon": 73.13649, "area_km2": 0.7049, "zone": "Z30"}, "geometry": {"type": "Polygon", "coordinates": [[[73.13672, 0.22598], [73.13617, 0.22735], [73.1357, 0.2276], [73.13515, 0.22824], [73.13472, 0.22832], [73.13453, 0.22872], [73.13433, 0.22842], [73.13445, 0.22814], [73.13437, 0.22809], [73.13427, 0.22769], [73.13389, 0.22709], [73.13242, 0.22549], [73.13175, 0.22437], [73.13155, 0.22421], [73.13137, 0.22353], [73.13161, 0.22315], [73.1322, 0.22273], [73.13301, 0.22176], [73.13301, 0.22167], [73.1331, 0.22167], [73.13317, 0.22143], [73.13552, 0.21925], [73.13594, 0.21869], [73.13615, 0.21853], [73.13615, 0.21844], [73.13624, 0.21844], [73.13631, 0.21816], [73.13723, 0.21772], [73.13758, 0.21716], [73.13822, 0.21646], [73.13833, 0.2158], [73.13906, 0.21507], [73.13917, 0.21569], [73.13968, 0.21579], [73.14095, 0.21498], [73.14127, 0.21489], [73.1414, 0.2151], [73.14088, 0.21584], [73.14052, 0.216], [73.14042, 0.21633], [73.14012, 0.21676], [73.13965, 0.21621], [73.13938, 0.21636], [73.13917, 0.21703], [73.1393, 0.21763], [73.13942, 0.21769], [73.13962, 0.21803], [73.13993, 0.21907], [73.14004, 0.21911], [73.13993, 0.21916], [73.14016, 0.21992], [73.14011, 0.22015], [73.14021, 0.22043], [73.14014, 0.2222], [73.13977, 0.22273], [73.13898, 0.22288], [73.13834, 0.22316], [73.13837, 0.22391], [73.13771, 0.22516], [73.13744, 0.22541], [73.13706, 0.22539], [73.13672, 0.22598]]]}}, {"type": "Feature", "properties": {"id": "Z30-155", "kind": "island", "lat": 0.22709, "lon": 73.13111, "area_km2": 0.103, "zone": "Z30"}, "geometry": {"type": "Polygon", "coordinates": [[[73.13084, 0.22523], [73.13217, 0.22628], [73.1325, 0.22666], [73.13283, 0.22718], [73.13319, 0.22868], [73.13283, 0.22886], [73.13214, 0.22845], [73.13027, 0.22799], [73.12978, 0.22761], [73.12924, 0.22665], [73.12929, 0.22607], [73.12969, 0.22572], [73.13054, 0.2252], [73.13084, 0.22523]]]}}, {"type": "Feature", "properties": {"id": "Z30-153", "kind": "island", "lat": 0.2295, "lon": 73.1299, "area_km2": 0.0855, "zone": "Z30"}, "geometry": {"type": "Polygon", "coordinates": [[[73.12843, 0.22769], [73.12946, 0.22845], [73.13035, 0.22924], [73.13144, 0.22944], [73.13164, 0.22955], [73.1316, 0.23024], [73.13126, 0.23074], [73.13068, 0.23125], [73.13043, 0.23124], [73.12986, 0.2306], [73.12869, 0.23004], [73.12835, 0.22957], [73.12762, 0.22884], [73.12768, 0.22779], [73.12843, 0.22769]]]}}, {"type": "Feature", "properties": {"id": "Z30-152", "kind": "island", "lat": 0.2307, "lon": 73.12808, "area_km2": 0.037, "zone": "Z30"}, "geometry": {"type": "Polygon", "coordinates": [[[73.12779, 0.22975], [73.12838, 0.23044], [73.12923, 0.23115], [73.12955, 0.23154], [73.12936, 0.23187], [73.12887, 0.23205], [73.1275, 0.23092], [73.12744, 0.23048], [73.1272, 0.23036], [73.12717, 0.23012], [73.12679, 0.22996], [73.12666, 0.22966], [73.12668, 0.22932], [73.12702, 0.22909], [73.12779, 0.22975]]]}}, {"type": "Feature", "properties": {"id": "Z30-154", "kind": "island", "lat": 0.22714, "lon": 73.27342, "area_km2": 1.8543, "zone": "Z30"}, "geometry": {"type": "Polygon", "coordinates": [[[73.2828, 0.23241], [73.28259, 0.23292], [73.2814, 0.23336], [73.28125, 0.23352], [73.28043, 0.23384], [73.27956, 0.234], [73.27759, 0.23382], [73.27448, 0.23261], [73.27378, 0.23245], [73.27347, 0.23252], [73.27314, 0.23213], [73.27254, 0.23186], [73.27113, 0.23154], [73.27079, 0.23173], [73.27028, 0.23114], [73.2697, 0.23078], [73.26935, 0.23023], [73.26871, 0.22968], [73.26816, 0.22936], [73.26771, 0.22899], [73.2674, 0.22841], [73.26668, 0.22753], [73.26505, 0.22497], [73.2647, 0.22419], [73.26452, 0.22303], [73.26467, 0.2225], [73.2665, 0.22194], [73.2665, 0.22185], [73.26659, 0.22185], [73.26674, 0.22164], [73.2674, 0.22119], [73.26928, 0.22047], [73.27026, 0.22041], [73.27187, 0.22087], [73.27304, 0.22141], [73.27413, 0.22203], [73.27509, 0.2224], [73.27588, 0.22304], [73.27689, 0.22316], [73.27763, 0.2237], [73.27841, 0.22468], [73.27845, 0.22482], [73.27988, 0.22636], [73.28313, 0.23141], [73.28325, 0.23175], [73.2828, 0.23241]]]}}, {"type": "Feature", "properties": {"id": "Z30-151", "kind": "island", "lat": 0.23289, "lon": 73.12644, "area_km2": 0.0934, "zone": "Z30"}, "geometry": {"type": "Polygon", "coordinates": [[[73.1264, 0.23088], [73.12686, 0.23115], [73.12762, 0.23182], [73.12807, 0.23278], [73.12785, 0.23319], [73.12664, 0.23397], [73.12606, 0.23483], [73.12596, 0.23429], [73.12515, 0.2334], [73.12489, 0.23299], [73.12479, 0.23251], [73.12555, 0.2309], [73.1264, 0.23088]]]}}, {"type": "Feature", "properties": {"id": "Z30-150", "kind": "island", "lat": 0.23728, "lon": 73.12244, "area_km2": 0.0262, "zone": "Z30"}, "geometry": {"type": "Polygon", "coordinates": [[[73.12223, 0.23637], [73.12317, 0.23711], [73.12322, 0.23739], [73.12346, 0.23787], [73.12333, 0.23809], [73.12293, 0.23806], [73.12233, 0.23784], [73.12142, 0.23702], [73.12147, 0.23631], [73.12223, 0.23637]]]}}, {"type": "Feature", "properties": {"id": "Z30-147", "kind": "island", "lat": 0.23935, "lon": 73.1186, "area_km2": 0.0011, "zone": "Z30"}, "geometry": {"type": "Polygon", "coordinates": [[[73.11881, 0.23946], [73.11851, 0.23959], [73.11842, 0.23925], [73.11864, 0.23919], [73.11881, 0.23946]]]}}, {"type": "Feature", "properties": {"id": "Z30-149", "kind": "island", "lat": 0.23855, "lon": 73.11977, "area_km2": 0.023, "zone": "Z30"}, "geometry": {"type": "Polygon", "coordinates": [[[73.1198, 0.23781], [73.12024, 0.23822], [73.12056, 0.23951], [73.12041, 0.23986], [73.11972, 0.23967], [73.1195, 0.23945], [73.11931, 0.23899], [73.11916, 0.23812], [73.11943, 0.2378], [73.11953, 0.23793], [73.11971, 0.23793], [73.1198, 0.23781]]]}}, {"type": "Feature", "properties": {"id": "Z30-148", "kind": "island", "lat": 0.23888, "lon": 73.12177, "area_km2": 0.0486, "zone": "Z30"}, "geometry": {"type": "Polygon", "coordinates": [[[73.12124, 0.23766], [73.12133, 0.23766], [73.12133, 0.23775], [73.12205, 0.23838], [73.12214, 0.23838], [73.12214, 0.23847], [73.12259, 0.23874], [73.12259, 0.23883], [73.12268, 0.23883], [73.12268, 0.23892], [73.12306, 0.23921], [73.12313, 0.23946], [73.12343, 0.23969], [73.12249, 0.24057], [73.12217, 0.23993], [73.12148, 0.23961], [73.12091, 0.23913], [73.12074, 0.2384], [73.12046, 0.23788], [73.12049, 0.23741], [73.12088, 0.23726], [73.12124, 0.23766]]]}}, {"type": "Feature", "properties": {"id": "Z30-146", "kind": "island", "lat": 0.24211, "lon": 73.1172, "area_km2": 0.1299, "zone": "Z30"}, "geometry": {"type": "Polygon", "coordinates": [[[73.11764, 0.24305], [73.11738, 0.24323], [73.11697, 0.24378], [73.11661, 0.24392], [73.11641, 0.2439], [73.11608, 0.24336], [73.11559, 0.2428], [73.11528, 0.24217], [73.11536, 0.24146], [73.11575, 0.2408], [73.11626, 0.24059], [73.11637, 0.24045], [73.117, 0.24032], [73.11711, 0.24045], [73.1172, 0.24045], [73.1172, 0.24063], [73.11738, 0.24072], [73.11747, 0.2409], [73.11792, 0.24108], [73.11891, 0.24054], [73.11895, 0.24033], [73.119, 0.24054], [73.11912, 0.2404], [73.11952, 0.24032], [73.12072, 0.24137], [73.12079, 0.24171], [73.11998, 0.2418], [73.11993, 0.24187], [73.11864, 0.24224], [73.11819, 0.24251], [73.11812, 0.24265], [73.11792, 0.24269], [73.11792, 0.24278], [73.11783, 0.24278], [73.11764, 0.24305]]]}}, {"type": "Feature", "properties": {"id": "Z30-145", "kind": "island", "lat": 0.2441, "lon": 73.11397, "area_km2": 0.0649, "zone": "Z30"}, "geometry": {"type": "Polygon", "coordinates": [[[73.11329, 0.24269], [73.11392, 0.24282], [73.1145, 0.24307], [73.11492, 0.24359], [73.11517, 0.24425], [73.1148, 0.24476], [73.11445, 0.24561], [73.11373, 0.24552], [73.1131, 0.24473], [73.11277, 0.24395], [73.11248, 0.24355], [73.1124, 0.2432], [73.11278, 0.24256], [73.11316, 0.24251], [73.11329, 0.24269]]]}}, {"type": "Feature", "properties": {"id": "Z30-143", "kind": "island", "lat": 0.24618, "lon": 73.11428, "area_km2": 0.0001, "zone": "Z30"}, "geometry": {"type": "Polygon", "coordinates": [[[73.11429, 0.24622], [73.11421, 0.24614], [73.11432, 0.24611], [73.11429, 0.24622]]]}}, {"type": "Feature", "properties": {"id": "Z30-144", "kind": "island", "lat": 0.24596, "lon": 73.11214, "area_km2": 0.0605, "zone": "Z30"}, "geometry": {"type": "Polygon", "coordinates": [[[73.11206, 0.24447], [73.11252, 0.24501], [73.11283, 0.24577], [73.11289, 0.2462], [73.11298, 0.2462], [73.11298, 0.24647], [73.11322, 0.24698], [73.11319, 0.24718], [73.11246, 0.24776], [73.11203, 0.24785], [73.11181, 0.24745], [73.11154, 0.24727], [73.11136, 0.24665], [73.11154, 0.2453], [73.11127, 0.24467], [73.11107, 0.24445], [73.11096, 0.24384], [73.11161, 0.24373], [73.11206, 0.24447]]]}}, {"type": "Feature", "properties": {"id": "Z30-142", "kind": "island", "lat": 0.24694, "lon": 73.10991, "area_km2": 0.0238, "zone": "Z30"}, "geometry": {"type": "Polygon", "coordinates": [[[73.10992, 0.24574], [73.11001, 0.24629], [73.1101, 0.24629], [73.11019, 0.24665], [73.11028, 0.24665], [73.1104, 0.24715], [73.11029, 0.24828], [73.10982, 0.24839], [73.10964, 0.24799], [73.10934, 0.24593], [73.10951, 0.24544], [73.10992, 0.24574]]]}}, {"type": "Feature", "properties": {"id": "Z30-141", "kind": "island", "lat": 0.24891, "lon": 73.3304, "area_km2": 0.0042, "zone": "Z30"}, "geometry": {"type": "Polygon", "coordinates": [[[73.33019, 0.24844], [73.33072, 0.2486], [73.33063, 0.24907], [73.33034, 0.2492], [73.33003, 0.24876], [73.33007, 0.24853], [73.33019, 0.24844]]]}}, {"type": "Feature", "properties": {"id": "Z30-140", "kind": "island", "lat": 0.24907, "lon": 73.10823, "area_km2": 0.0017, "zone": "Z30"}, "geometry": {"type": "Polygon", "coordinates": [[[73.10826, 0.24869], [73.10839, 0.24898], [73.10831, 0.24916], [73.10839, 0.24934], [73.10816, 0.24946], [73.1081, 0.24886], [73.10826, 0.24869]]]}}, {"type": "Feature", "properties": {"id": "Z30-139", "kind": "island", "lat": 0.2496, "lon": 73.32827, "area_km2": 0.0104, "zone": "Z30"}, "geometry": {"type": "Polygon", "coordinates": [[[73.32785, 0.24979], [73.32782, 0.24916], [73.32826, 0.24903], [73.32841, 0.24886], [73.32903, 0.24924], [73.32844, 0.24993], [73.32815, 0.25001], [73.32799, 0.24983], [73.32785, 0.24979]]]}}, {"type": "Feature", "properties": {"id": "Z30-138", "kind": "island", "lat": 0.2503, "lon": 73.33582, "area_km2": 0.0022, "zone": "Z30"}, "geometry": {"type": "Polygon", "coordinates": [[[73.33615, 0.25041], [73.33583, 0.25054], [73.3355, 0.25044], [73.33558, 0.25019], [73.33603, 0.25015], [73.33615, 0.25041]]]}}, {"type": "Feature", "properties": {"id": "Z30-137", "kind": "island", "lat": 0.25046, "lon": 73.23394, "area_km2": 0.0006, "zone": "Z30"}, "geometry": {"type": "Polygon", "coordinates": [[[73.23402, 0.25054], [73.23377, 0.25063], [73.23386, 0.25038], [73.23407, 0.25033], [73.23402, 0.25054]]]}}, {"type": "Feature", "properties": {"id": "Z30-134", "kind": "island", "lat": 0.25063, "lon": 73.34154, "area_km2": 0.0019, "zone": "Z30"}, "geometry": {"type": "Polygon", "coordinates": [[[73.34174, 0.25055], [73.34171, 0.2507], [73.3415, 0.25084], [73.34131, 0.2508], [73.3414, 0.25038], [73.3416, 0.25033], [73.34174, 0.25055]]]}}, {"type": "Feature", "properties": {"id": "Z30-136", "kind": "island", "lat": 0.25054, "lon": 73.33444, "area_km2": 0.0042, "zone": "Z30"}, "geometry": {"type": "Polygon", "coordinates": [[[73.33476, 0.2504], [73.33456, 0.25092], [73.33433, 0.251], [73.3341, 0.25069], [73.33444, 0.25011], [73.3345, 0.25006], [73.33476, 0.2504]]]}}, {"type": "Feature", "properties": {"id": "Z30-135", "kind": "island", "lat": 0.25055, "lon": 73.33322, "area_km2": 0.0268, "zone": "Z30"}, "geometry": {"type": "Polygon", "coordinates": [[[73.33221, 0.25162], [73.33204, 0.25115], [73.33301, 0.24996], [73.33324, 0.24951], [73.33351, 0.24943], [73.33398, 0.25059], [73.33349, 0.25079], [73.33375, 0.25101], [73.33346, 0.25109], [73.33357, 0.25127], [73.33337, 0.25148], [73.33292, 0.25142], [73.33221, 0.25162]]]}}, {"type": "Feature", "properties": {"id": "Z30-132", "kind": "island", "lat": 0.25195, "lon": 73.33348, "area_km2": 0.0014, "zone": "Z30"}, "geometry": {"type": "Polygon", "coordinates": [[[73.33373, 0.25211], [73.33328, 0.25208], [73.3333, 0.25182], [73.3336, 0.25177], [73.33373, 0.25211]]]}}, {"type": "Feature", "properties": {"id": "Z30-133", "kind": "island", "lat": 0.25192, "lon": 73.33286, "area_km2": 0.0008, "zone": "Z30"}, "geometry": {"type": "Polygon", "coordinates": [[[73.33294, 0.25215], [73.3327, 0.25204], [73.33282, 0.2518], [73.33297, 0.25177], [73.33294, 0.25215]]]}}, {"type": "Feature", "properties": {"id": "Z30-129", "kind": "island", "lat": 0.25373, "lon": 73.29818, "area_km2": 0.0089, "zone": "Z30"}, "geometry": {"type": "Polygon", "coordinates": [[[73.29839, 0.25293], [73.29861, 0.2534], [73.29807, 0.25463], [73.29781, 0.25406], [73.2981, 0.25299], [73.29839, 0.25293]]]}}, {"type": "Feature", "properties": {"id": "Z30-128", "kind": "island", "lat": 0.25435, "lon": 73.32685, "area_km2": 0.0008, "zone": "Z30"}, "geometry": {"type": "Polygon", "coordinates": [[[73.32698, 0.25444], [73.32682, 0.25467], [73.32674, 0.25426], [73.32687, 0.25419], [73.32698, 0.25444]]]}}, {"type": "Feature", "properties": {"id": "Z30-130", "kind": "island", "lat": 0.25271, "lon": 73.32965, "area_km2": 0.2344, "zone": "Z30"}, "geometry": {"type": "Polygon", "coordinates": [[[73.32785, 0.24979], [73.328, 0.2503], [73.32897, 0.25076], [73.3314, 0.25244], [73.33283, 0.2532], [73.3346, 0.25432], [73.33481, 0.25487], [73.33502, 0.25517], [73.33562, 0.25577], [73.33532, 0.25576], [73.33459, 0.25537], [73.33441, 0.25518], [73.33282, 0.25451], [73.3314, 0.25442], [73.32983, 0.25361], [73.32821, 0.25303], [73.32803, 0.25284], [73.32797, 0.25319], [73.32749, 0.25319], [73.32737, 0.25287], [73.32746, 0.25221], [73.32794, 0.25189], [73.32785, 0.25168], [73.3277, 0.25174], [73.3272, 0.25167], [73.32701, 0.2519], [73.32719, 0.25253], [73.32704, 0.25318], [73.32744, 0.25386], [73.32701, 0.2542], [73.32664, 0.25371], [73.3265, 0.25312], [73.32584, 0.25201], [73.3257, 0.25148], [73.32637, 0.25135], [73.32618, 0.251], [73.32556, 0.25101], [73.32556, 0.25073], [73.32583, 0.25047], [73.32595, 0.25022], [73.32628, 0.2501], [73.32721, 0.24999], [73.32751, 0.24967], [73.32785, 0.24979]]]}}, {"type": "Feature", "properties": {"id": "Z30-131", "kind": "island", "lat": 0.25259, "lon": 73.10506, "area_km2": 0.3623, "zone": "Z30"}, "geometry": {"type": "Polygon", "coordinates": [[[73.10507, 0.24925], [73.1053, 0.24929], [73.10627, 0.24981], [73.10731, 0.24996], [73.10776, 0.25053], [73.10804, 0.25158], [73.10844, 0.2524], [73.10824, 0.25274], [73.10738, 0.25298], [73.10552, 0.2543], [73.10519, 0.25512], [73.10484, 0.25522], [73.10402, 0.25583], [73.10368, 0.25631], [73.10334, 0.25639], [73.1031, 0.25608], [73.10301, 0.25608], [73.10301, 0.25599], [73.10194, 0.25539], [73.1015, 0.2549], [73.10109, 0.2536], [73.1019, 0.25245], [73.10349, 0.25055], [73.10398, 0.24969], [73.10448, 0.24913], [73.10492, 0.24903], [73.10507, 0.24925]]]}}, {"type": "Feature", "properties": {"id": "Z30-124", "kind": "island", "lat": 0.25611, "lon": 73.34144, "area_km2": 0.0032, "zone": "Z30"}, "geometry": {"type": "Polygon", "coordinates": [[[73.34166, 0.25598], [73.34149, 0.25666], [73.3412, 0.25625], [73.34139, 0.25572], [73.34151, 0.25563], [73.34166, 0.25598]]]}}, {"type": "Feature", "properties": {"id": "Z30-126", "kind": "island", "lat": 0.25559, "lon": 73.34063, "area_km2": 0.0316, "zone": "Z30"}, "geometry": {"type": "Polygon", "coordinates": [[[73.34145, 0.25422], [73.34133, 0.25428], [73.34188, 0.25528], [73.34123, 0.25543], [73.34098, 0.25583], [73.34107, 0.25699], [73.34026, 0.25692], [73.33987, 0.25671], [73.33995, 0.25575], [73.34087, 0.25491], [73.34124, 0.2541], [73.34145, 0.25422]]]}}, {"type": "Feature", "properties": {"id": "Z30-125", "kind": "island", "lat": 0.25594, "lon": 73.10065, "area_km2": 0.0206, "zone": "Z30"}, "geometry": {"type": "Polygon", "coordinates": [[[73.10022, 0.25518], [73.10079, 0.2557], [73.10191, 0.25632], [73.10228, 0.2569], [73.10213, 0.25703], [73.10185, 0.25702], [73.10012, 0.25618], [73.1, 0.25538], [73.10022, 0.25518]]]}}, {"type": "Feature", "properties": {"id": "Z30-127", "kind": "island", "lat": 0.25463, "lon": 73.34789, "area_km2": 0.1185, "zone": "Z30"}, "geometry": {"type": "Polygon", "coordinates": [[[73.34771, 0.25284], [73.34942, 0.25634], [73.34937, 0.25767], [73.34852, 0.258], [73.34803, 0.2581], [73.34792, 0.25703], [73.34737, 0.2557], [73.3474, 0.25487], [73.34706, 0.25438], [73.34717, 0.25347], [73.34711, 0.25299], [73.34662, 0.25293], [73.34623, 0.25316], [73.34572, 0.25331], [73.3452, 0.25364], [73.34411, 0.25392], [73.344, 0.25413], [73.3439, 0.25395], [73.34464, 0.25339], [73.3456, 0.25307], [73.34626, 0.25258], [73.34659, 0.25245], [73.34675, 0.25224], [73.34686, 0.25174], [73.3476, 0.25115], [73.34804, 0.2512], [73.3482, 0.25152], [73.34789, 0.25177], [73.34789, 0.25186], [73.3478, 0.25186], [73.34771, 0.25222], [73.3478, 0.25222], [73.3478, 0.25258], [73.34771, 0.25258], [73.34781, 0.25279], [73.34771, 0.25284]]]}}, {"type": "Feature", "properties": {"id": "Z30-123", "kind": "island", "lat": 0.25662, "lon": 73.29602, "area_km2": 0.0867, "zone": "Z30"}, "geometry": {"type": "Polygon", "coordinates": [[[73.2977, 0.25584], [73.29764, 0.25631], [73.29749, 0.25653], [73.29761, 0.25686], [73.29735, 0.25719], [73.29689, 0.25815], [73.29671, 0.25827], [73.29462, 0.25734], [73.29415, 0.25729], [73.29395, 0.25715], [73.29441, 0.25668], [73.29538, 0.2559], [73.29569, 0.25581], [73.29641, 0.25523], [73.2965, 0.25536], [73.29659, 0.25536], [73.29659, 0.25527], [73.29677, 0.25527], [73.29705, 0.2549], [73.29749, 0.25497], [73.29792, 0.25491], [73.29785, 0.25509], [73.29794, 0.25514], [73.2977, 0.25584]]]}}, {"type": "Feature", "properties": {"id": "Z30-122", "kind": "island", "lat": 0.25834, "lon": 73.09964, "area_km2": 0.1148, "zone": "Z30"}, "geometry": {"type": "Polygon", "coordinates": [[[73.09968, 0.25662], [73.10032, 0.25684], [73.10088, 0.25716], [73.10189, 0.25802], [73.10188, 0.25822], [73.10031, 0.25885], [73.09963, 0.25928], [73.09852, 0.26019], [73.09805, 0.26015], [73.09771, 0.25996], [73.09791, 0.25906], [73.09763, 0.25802], [73.09768, 0.2574], [73.09808, 0.25676], [73.09968, 0.25662]]]}}, {"type": "Feature", "properties": {"id": "Z30-121", "kind": "island", "lat": 0.26083, "lon": 73.09621, "area_km2": 0.0255, "zone": "Z30"}, "geometry": {"type": "Polygon", "coordinates": [[[73.09592, 0.25986], [73.09701, 0.26089], [73.09708, 0.26138], [73.09719, 0.26161], [73.09636, 0.26174], [73.096, 0.26165], [73.096, 0.26156], [73.09573, 0.26147], [73.09573, 0.26129], [73.09564, 0.26129], [73.09543, 0.26078], [73.09555, 0.26003], [73.09592, 0.25986]]]}}, {"type": "Feature", "properties": {"id": "Z30-119", "kind": "island", "lat": 0.26214, "lon": 73.0945, "area_km2": 0.0325, "zone": "Z30"}, "geometry": {"type": "Polygon", "coordinates": [[[73.09391, 0.26116], [73.09549, 0.26218], [73.09574, 0.26263], [73.09548, 0.26297], [73.09501, 0.26309], [73.09434, 0.26303], [73.09353, 0.26209], [73.09344, 0.26131], [73.09364, 0.26114], [73.09391, 0.26116]]]}}, {"type": "Feature", "properties": {"id": "Z30-120", "kind": "island", "lat": 0.26122, "lon": 73.34482, "area_km2": 0.0416, "zone": "Z30"}, "geometry": {"type": "Polygon", "coordinates": [[[73.34437, 0.25888], [73.34498, 0.25956], [73.34495, 0.26014], [73.34514, 0.26049], [73.34523, 0.2617], [73.34541, 0.26246], [73.34504, 0.26342], [73.34488, 0.26358], [73.34483, 0.26228], [73.34474, 0.26219], [73.3443, 0.26074], [73.34369, 0.2591], [73.34371, 0.2587], [73.34437, 0.25888]]]}}, {"type": "Feature", "properties": {"id": "Z30-118", "kind": "island", "lat": 0.26393, "lon": 73.0924, "area_km2": 0.062, "zone": "Z30"}, "geometry": {"type": "Polygon", "coordinates": [[[73.09193, 0.26251], [73.09205, 0.26264], [73.09245, 0.26271], [73.09384, 0.26381], [73.09378, 0.26405], [73.09285, 0.26452], [73.09214, 0.26542], [73.09182, 0.26536], [73.09133, 0.26498], [73.09105, 0.26424], [73.09093, 0.26361], [73.09157, 0.26248], [73.09193, 0.26251]]]}}, {"type": "Feature", "properties": {"id": "Z30-116", "kind": "island", "lat": 0.26603, "lon": 73.07896, "area_km2": 0.0005, "zone": "Z30"}, "geometry": {"type": "Polygon", "coordinates": [[[73.07911, 0.26605], [73.0789, 0.26616], [73.07881, 0.26601], [73.07905, 0.26593], [73.07911, 0.26605]]]}}, {"type": "Feature", "properties": {"id": "Z30-115", "kind": "island", "lat": 0.26613, "lon": 73.07922, "area_km2": 0.0002, "zone": "Z30"}, "geometry": {"type": "Polygon", "coordinates": [[[73.07911, 0.26605], [73.07941, 0.26609], [73.07917, 0.26617], [73.07911, 0.26605]]]}}, {"type": "Feature", "properties": {"id": "Z30-117", "kind": "island", "lat": 0.26542, "lon": 73.08965, "area_km2": 0.0482, "zone": "Z30"}, "geometry": {"type": "Polygon", "coordinates": [[[73.08998, 0.26641], [73.08913, 0.26671], [73.08855, 0.26532], [73.0886, 0.26442], [73.08917, 0.26421], [73.08992, 0.26441], [73.09034, 0.26488], [73.09043, 0.26488], [73.09043, 0.26497], [73.09052, 0.26497], [73.09052, 0.26515], [73.09109, 0.26577], [73.09088, 0.26596], [73.09016, 0.26623], [73.09016, 0.26632], [73.08998, 0.26632], [73.08998, 0.26641]]]}}, {"type": "Feature", "properties": {"id": "Z30-113", "kind": "island", "lat": 0.26659, "lon": 73.07863, "area_km2": 0.0016, "zone": "Z30"}, "geometry": {"type": "Polygon", "coordinates": [[[73.07895, 0.26674], [73.07854, 0.26671], [73.07826, 0.26648], [73.07875, 0.26641], [73.07895, 0.26674]]]}}, {"type": "Feature", "properties": {"id": "Z30-114", "kind": "island", "lat": 0.26615, "lon": 73.08772, "area_km2": 0.0376, "zone": "Z30"}, "geometry": {"type": "Polygon", "coordinates": [[[73.08773, 0.26479], [73.08807, 0.26508], [73.0884, 0.26586], [73.08853, 0.26644], [73.08847, 0.26689], [73.08813, 0.26699], [73.08751, 0.26736], [73.08716, 0.26744], [73.08692, 0.26662], [73.08719, 0.26486], [73.08773, 0.26479]]]}}, {"type": "Feature", "properties": {"id": "Z30-112", "kind": "island", "lat": 0.26688, "lon": 73.37672, "area_km2": 0.0301, "zone": "Z30"}, "geometry": {"type": "Polygon", "coordinates": [[[73.37694, 0.26583], [73.37761, 0.26621], [73.37752, 0.26723], [73.3777, 0.2677], [73.3775, 0.2678], [73.37655, 0.26745], [73.376, 0.26714], [73.37578, 0.26661], [73.37667, 0.26582], [73.37694, 0.26583]]]}}, {"type": "Feature", "properties": {"id": "Z30-111", "kind": "island", "lat": 0.26836, "lon": 73.08394, "area_km2": 0.079, "zone": "Z30"}, "geometry": {"type": "Polygon", "coordinates": [[[73.08411, 0.26961], [73.08364, 0.2696], [73.08317, 0.26931], [73.08276, 0.26887], [73.08228, 0.26785], [73.08232, 0.26709], [73.08271, 0.26657], [73.0837, 0.26719], [73.08382, 0.26744], [73.0841, 0.26753], [73.08409, 0.26733], [73.08382, 0.26708], [73.08383, 0.26689], [73.0841, 0.26691], [73.0844, 0.26751], [73.08508, 0.26764], [73.08569, 0.26922], [73.08468, 0.26937], [73.08468, 0.26946], [73.08441, 0.26946], [73.08411, 0.26961]]]}}, {"type": "Feature", "properties": {"id": "Z30-109", "kind": "island", "lat": 0.26913, "lon": 73.08128, "area_km2": 0.0568, "zone": "Z30"}, "geometry": {"type": "Polygon", "coordinates": [[[73.08127, 0.26758], [73.08191, 0.26842], [73.08248, 0.26983], [73.08187, 0.26997], [73.08132, 0.27034], [73.08085, 0.27094], [73.08048, 0.27075], [73.08022, 0.27048], [73.08024, 0.26939], [73.08051, 0.26886], [73.08049, 0.2679], [73.08063, 0.26765], [73.08127, 0.26758]]]}}, {"type": "Feature", "properties": {"id": "Z30-110", "kind": "island", "lat": 0.26892, "lon": 73.07759, "area_km2": 0.4398, "zone": "Z30"}, "geometry": {"type": "Polygon", "coordinates": [[[73.07805, 0.27152], [73.07682, 0.27166], [73.07579, 0.27189], [73.07529, 0.27184], [73.07495, 0.27173], [73.07262, 0.27], [73.07213, 0.26948], [73.07168, 0.26868], [73.07097, 0.26816], [73.07072, 0.26843], [73.07058, 0.26843], [73.07071, 0.2678], [73.07062, 0.26762], [73.07063, 0.26726], [73.07107, 0.26727], [73.07143, 0.26708], [73.07182, 0.26671], [73.07226, 0.26649], [73.07332, 0.26618], [73.07486, 0.26608], [73.07742, 0.26607], [73.07765, 0.26688], [73.07844, 0.26726], [73.07897, 0.26727], [73.07916, 0.26717], [73.07958, 0.26761], [73.07987, 0.26717], [73.08006, 0.26708], [73.08037, 0.26772], [73.08011, 0.26823], [73.08032, 0.26902], [73.07994, 0.2692], [73.07969, 0.26998], [73.07929, 0.27036], [73.0788, 0.26996], [73.07825, 0.26987], [73.07789, 0.26968], [73.07754, 0.26969], [73.07729, 0.26956], [73.0757, 0.26941], [73.07501, 0.26905], [73.07482, 0.26885], [73.07423, 0.2687], [73.07413, 0.26915], [73.0748, 0.26959], [73.07613, 0.26979], [73.07941, 0.27059], [73.07951, 0.27126], [73.07812, 0.27144], [73.07805, 0.27152]]]}}, {"type": "Feature", "properties": {"id": "Z30-108", "kind": "island", "lat": 0.27377, "lon": 73.06699, "area_km2": 0.3733, "zone": "Z30"}, "geometry": {"type": "Polygon", "coordinates": [[[73.06573, 0.27395], [73.06638, 0.27523], [73.06643, 0.27588], [73.06584, 0.27638], [73.06542, 0.27698], [73.06499, 0.27794], [73.06438, 0.27799], [73.06411, 0.27775], [73.06317, 0.2766], [73.06376, 0.27461], [73.0643, 0.27367], [73.06475, 0.27332], [73.06512, 0.27349], [73.06564, 0.27387], [73.06568, 0.27222], [73.06662, 0.2709], [73.06662, 0.27081], [73.06671, 0.27081], [73.06671, 0.27063], [73.0668, 0.27063], [73.06688, 0.27035], [73.06698, 0.27027], [73.06698, 0.27009], [73.06707, 0.27009], [73.0672, 0.26989], [73.06761, 0.2697], [73.06788, 0.26982], [73.06793, 0.26971], [73.06797, 0.26982], [73.06827, 0.26987], [73.06842, 0.27009], [73.06851, 0.27009], [73.06851, 0.27018], [73.0686, 0.27018], [73.0686, 0.27027], [73.06887, 0.27045], [73.06983, 0.27087], [73.07021, 0.27085], [73.07092, 0.27066], [73.07138, 0.27068], [73.07192, 0.27097], [73.07226, 0.27134], [73.07285, 0.27237], [73.07328, 0.27289], [73.07161, 0.27307], [73.06986, 0.27315], [73.06867, 0.27355], [73.06801, 0.27401], [73.06694, 0.27498], [73.06573, 0.27395]]]}}, {"type": "Feature", "properties": {"id": "Z30-106", "kind": "island", "lat": 0.27775, "lon": 73.35681, "area_km2": 0.1115, "zone": "Z30"}, "geometry": {"type": "Polygon", "coordinates": [[[73.35812, 0.27556], [73.35826, 0.27658], [73.35776, 0.2782], [73.35759, 0.27836], [73.35755, 0.27886], [73.35722, 0.27958], [73.35664, 0.27974], [73.35624, 0.28006], [73.35613, 0.28027], [73.35593, 0.28018], [73.35573, 0.27976], [73.3557, 0.27791], [73.35584, 0.27645], [73.35623, 0.27575], [73.35726, 0.27517], [73.35753, 0.27508], [73.35812, 0.27556]]]}}, {"type": "Feature", "properties": {"id": "Z30-104", "kind": "island", "lat": 0.28031, "lon": 73.06071, "area_km2": 0.0002, "zone": "Z30"}, "geometry": {"type": "Polygon", "coordinates": [[[73.06078, 0.28036], [73.06057, 0.28025], [73.06069, 0.28015], [73.06078, 0.28036]]]}}, {"type": "Feature", "properties": {"id": "Z30-105", "kind": "island", "lat": 0.27971, "lon": 73.06268, "area_km2": 0.0772, "zone": "Z30"}, "geometry": {"type": "Polygon", "coordinates": [[[73.06265, 0.27805], [73.06337, 0.2786], [73.06407, 0.27983], [73.06405, 0.27997], [73.06357, 0.28042], [73.06274, 0.28163], [73.06246, 0.28172], [73.06194, 0.28132], [73.06146, 0.28024], [73.06137, 0.27959], [73.06191, 0.27943], [73.06195, 0.27908], [73.06181, 0.279], [73.06177, 0.27845], [73.06164, 0.27807], [73.06194, 0.27786], [73.06265, 0.27805]]]}}, {"type": "Feature", "properties": {"id": "Z30-103", "kind": "island", "lat": 0.28136, "lon": 73.06065, "area_km2": 0.0164, "zone": "Z30"}, "geometry": {"type": "Polygon", "coordinates": [[[73.06052, 0.28078], [73.06101, 0.28102], [73.06144, 0.28134], [73.06154, 0.28179], [73.06112, 0.28196], [73.0604, 0.28179], [73.05985, 0.28139], [73.05994, 0.28083], [73.06052, 0.28078]]]}}, {"type": "Feature", "properties": {"id": "Z30-102", "kind": "island", "lat": 0.28315, "lon": 73.05985, "area_km2": 0.0557, "zone": "Z30"}, "geometry": {"type": "Polygon", "coordinates": [[[73.05948, 0.28191], [73.06011, 0.28205], [73.06097, 0.28288], [73.06118, 0.28335], [73.06039, 0.2843], [73.06006, 0.28442], [73.05937, 0.28399], [73.05894, 0.28386], [73.05853, 0.28295], [73.05859, 0.28222], [73.05877, 0.28191], [73.05948, 0.28191]]]}}, {"type": "Feature", "properties": {"id": "Z30-107", "kind": "island", "lat": 0.27506, "lon": 73.43102, "area_km2": 2.2874, "zone": "Z30"}, "geometry": {"type": "Polygon", "coordinates": [[[73.44648, 0.28497], [73.44648, 0.28532], [73.44627, 0.28552], [73.4448, 0.28549], [73.44242, 0.2849], [73.44131, 0.28478], [73.44086, 0.28479], [73.4391, 0.28508], [73.43858, 0.28526], [73.43551, 0.2852], [73.43381, 0.28496], [73.43283, 0.28474], [73.43115, 0.28404], [73.43005, 0.28324], [73.42904, 0.28234], [73.42821, 0.28122], [73.42725, 0.27959], [73.42621, 0.27747], [73.42587, 0.27474], [73.42493, 0.27122], [73.42483, 0.27048], [73.42521, 0.26914], [73.426, 0.2675], [73.42582, 0.26505], [73.42611, 0.26463], [73.42631, 0.26443], [73.42677, 0.26488], [73.42699, 0.26566], [73.42834, 0.26666], [73.42962, 0.2678], [73.43077, 0.26897], [73.4324, 0.27027], [73.43405, 0.27182], [73.43539, 0.27356], [73.43626, 0.2753], [73.43719, 0.27659], [73.43888, 0.27883], [73.4401, 0.28029], [73.44165, 0.28192], [73.44251, 0.28323], [73.44352, 0.28403], [73.44416, 0.28434], [73.44612, 0.28469], [73.44648, 0.28497]]]}}, {"type": "Feature", "properties": {"id": "Z30-101", "kind": "island", "lat": 0.28559, "lon": 73.05702, "area_km2": 0.0393, "zone": "Z30"}, "geometry": {"type": "Polygon", "coordinates": [[[73.05737, 0.28671], [73.05675, 0.28667], [73.05624, 0.28629], [73.0559, 0.28546], [73.05601, 0.2847], [73.05637, 0.28461], [73.05647, 0.28473], [73.05824, 0.28569], [73.05822, 0.2861], [73.05773, 0.28653], [73.05764, 0.28653], [73.05764, 0.28662], [73.05737, 0.28671]]]}}, {"type": "Feature", "properties": {"id": "Z30-100", "kind": "island", "lat": 0.28662, "lon": 73.0546, "area_km2": 0.0563, "zone": "Z30"}, "geometry": {"type": "Polygon", "coordinates": [[[73.05592, 0.28624], [73.05616, 0.28686], [73.05595, 0.28726], [73.05468, 0.28743], [73.05462, 0.28755], [73.05387, 0.28788], [73.05352, 0.28781], [73.05321, 0.28748], [73.05311, 0.28638], [73.0545, 0.28572], [73.05486, 0.28559], [73.05592, 0.28624]]]}}, {"type": "Feature", "properties": {"id": "Z30-099", "kind": "island", "lat": 0.28795, "lon": 73.05262, "area_km2": 0.0157, "zone": "Z30"}, "geometry": {"type": "Polygon", "coordinates": [[[73.05243, 0.28698], [73.05277, 0.28715], [73.05303, 0.28751], [73.05319, 0.28828], [73.05276, 0.28854], [73.05226, 0.28845], [73.05204, 0.28761], [73.05215, 0.28705], [73.05243, 0.28698]]]}}, {"type": "Feature", "properties": {"id": "Z30-098", "kind": "island", "lat": 0.28846, "lon": 73.33746, "area_km2": 0.0108, "zone": "Z30"}, "geometry": {"type": "Polygon", "coordinates": [[[73.33756, 0.28779], [73.33799, 0.28814], [73.33793, 0.28856], [73.3375, 0.28889], [73.33714, 0.28903], [73.33683, 0.28899], [73.33701, 0.28835], [73.33721, 0.28803], [73.33756, 0.28779]]]}}, {"type": "Feature", "properties": {"id": "Z30-097", "kind": "island", "lat": 0.289, "lon": 73.2007, "area_km2": 0.0024, "zone": "Z30"}, "geometry": {"type": "Polygon", "coordinates": [[[73.20065, 0.28941], [73.20047, 0.28941], [73.20047, 0.28896], [73.20065, 0.28896], [73.20065, 0.28869], [73.20088, 0.28862], [73.20101, 0.28869], [73.20092, 0.28905], [73.20065, 0.28905], [73.20065, 0.28941]]]}}, {"type": "Feature", "properties": {"id": "Z30-096", "kind": "island", "lat": 0.28922, "lon": 73.05042, "area_km2": 0.034, "zone": "Z30"}, "geometry": {"type": "Polygon", "coordinates": [[[73.05054, 0.28807], [73.05084, 0.28872], [73.05147, 0.28944], [73.05043, 0.28966], [73.04927, 0.29053], [73.04958, 0.29007], [73.04969, 0.28967], [73.04951, 0.289], [73.04942, 0.28824], [73.04996, 0.28776], [73.05027, 0.2877], [73.05054, 0.28807]]]}}, {"type": "Feature", "properties": {"id": "Z30-094", "kind": "island", "lat": 0.29053, "lon": 73.04619, "area_km2": 0.0019, "zone": "Z30"}, "geometry": {"type": "Polygon", "coordinates": [[[73.04614, 0.29012], [73.04644, 0.29073], [73.04612, 0.29088], [73.04601, 0.29022], [73.04614, 0.29012]]]}}, {"type": "Feature", "properties": {"id": "Z30-095", "kind": "island", "lat": 0.29002, "lon": 73.45744, "area_km2": 0.5338, "zone": "Z30"}, "geometry": {"type": "Polygon", "coordinates": [[[73.45339, 0.28478], [73.45476, 0.28527], [73.45562, 0.28599], [73.45675, 0.28666], [73.45937, 0.28922], [73.46217, 0.2922], [73.46283, 0.29247], [73.4631, 0.29288], [73.46309, 0.29336], [73.46375, 0.29434], [73.46399, 0.29498], [73.46389, 0.29556], [73.46305, 0.29514], [73.46195, 0.295], [73.46027, 0.29406], [73.4578, 0.29215], [73.4568, 0.29145], [73.45645, 0.29134], [73.45564, 0.29064], [73.45515, 0.29052], [73.45492, 0.29016], [73.45375, 0.28919], [73.45296, 0.28907], [73.45285, 0.28718], [73.45259, 0.28538], [73.45278, 0.28481], [73.45339, 0.28478]]]}}, {"type": "Feature", "properties": {"id": "Z30-093", "kind": "island", "lat": 0.29327, "lon": 73.04085, "area_km2": 0.4135, "zone": "Z30"}, "geometry": {"type": "Polygon", "coordinates": [[[73.03876, 0.29672], [73.03833, 0.29659], [73.03833, 0.2965], [73.03824, 0.2965], [73.03815, 0.29614], [73.03797, 0.29605], [73.03806, 0.29587], [73.03739, 0.29448], [73.03673, 0.29341], [73.03658, 0.2928], [73.03705, 0.29221], [73.03773, 0.29225], [73.038, 0.29195], [73.03874, 0.29161], [73.04015, 0.29067], [73.04217, 0.28979], [73.04253, 0.28981], [73.04337, 0.2904], [73.04376, 0.29107], [73.04428, 0.29147], [73.04462, 0.29186], [73.04417, 0.29226], [73.04493, 0.29313], [73.0452, 0.29363], [73.04412, 0.29376], [73.04377, 0.29389], [73.04336, 0.29435], [73.04319, 0.29465], [73.04146, 0.29538], [73.04048, 0.29569], [73.04032, 0.29602], [73.04003, 0.29605], [73.03887, 0.29659], [73.03876, 0.29672]]]}}, {"type": "Feature", "properties": {"id": "Z30-091", "kind": "island", "lat": 0.29732, "lon": 73.03653, "area_km2": 0.0005, "zone": "Z30"}, "geometry": {"type": "Polygon", "coordinates": [[[73.03669, 0.29737], [73.03634, 0.29743], [73.03642, 0.29726], [73.03662, 0.29722], [73.03669, 0.29737]]]}}, {"type": "Feature", "properties": {"id": "Z30-090", "kind": "island", "lat": 0.29816, "lon": 73.03651, "area_km2": 0.0013, "zone": "Z30"}, "geometry": {"type": "Polygon", "coordinates": [[[73.03672, 0.29823], [73.03645, 0.29842], [73.03631, 0.29809], [73.03653, 0.29794], [73.03672, 0.29823]]]}}, {"type": "Feature", "properties": {"id": "Z30-092", "kind": "island", "lat": 0.29682, "lon": 73.03382, "area_km2": 0.1673, "zone": "Z30"}, "geometry": {"type": "Polygon", "coordinates": [[[73.03473, 0.29969], [73.03357, 0.29938], [73.03295, 0.29836], [73.03276, 0.29731], [73.03201, 0.29636], [73.03195, 0.29569], [73.03204, 0.29542], [73.03225, 0.29536], [73.03231, 0.29516], [73.0324, 0.29516], [73.0325, 0.29478], [73.03285, 0.29435], [73.03285, 0.29426], [73.03294, 0.29426], [73.03294, 0.29417], [73.03312, 0.29417], [73.03354, 0.29396], [73.03419, 0.29408], [73.03424, 0.29396], [73.03486, 0.29461], [73.03507, 0.29508], [73.03542, 0.29538], [73.03667, 0.29611], [73.03666, 0.29631], [73.03589, 0.29625], [73.03536, 0.29668], [73.03536, 0.29677], [73.03527, 0.29677], [73.03527, 0.29686], [73.03518, 0.29686], [73.03504, 0.29708], [73.03491, 0.29731], [73.03488, 0.29801], [73.03473, 0.29794], [73.03464, 0.29857], [73.03476, 0.29861], [73.03464, 0.29866], [73.03437, 0.29947], [73.03473, 0.2991], [73.03513, 0.29945], [73.03473, 0.29969]]]}}, {"type": "Feature", "properties": {"id": "Z30-088", "kind": "island", "lat": 0.30035, "lon": 73.04069, "area_km2": 0.0008, "zone": "Z30"}, "geometry": {"type": "Polygon", "coordinates": [[[73.04086, 0.3004], [73.04061, 0.30053], [73.04054, 0.30029], [73.04075, 0.30019], [73.04086, 0.3004]]]}}, {"type": "Feature", "properties": {"id": "Z30-087", "kind": "island", "lat": 0.30066, "lon": 73.03966, "area_km2": 0.0053, "zone": "Z30"}, "geometry": {"type": "Polygon", "coordinates": [[[73.04006, 0.30056], [73.03998, 0.30095], [73.03928, 0.30103], [73.0391, 0.30076], [73.03994, 0.30028], [73.04006, 0.30056]]]}}, {"type": "Feature", "properties": {"id": "Z30-089", "kind": "island", "lat": 0.29933, "lon": 73.03212, "area_km2": 0.0436, "zone": "Z30"}, "geometry": {"type": "Polygon", "coordinates": [[[73.03186, 0.29739], [73.03229, 0.29813], [73.03258, 0.29929], [73.03268, 0.29936], [73.03294, 0.30002], [73.03285, 0.3001], [73.03316, 0.30068], [73.03374, 0.30134], [73.03366, 0.30148], [73.03267, 0.30063], [73.03233, 0.30044], [73.03159, 0.29929], [73.03134, 0.29911], [73.03105, 0.29857], [73.03109, 0.29807], [73.03135, 0.29737], [73.03149, 0.29718], [73.03186, 0.29739]]]}}, {"type": "Feature", "properties": {"id": "Z30-084", "kind": "island", "lat": 0.30184, "lon": 73.03443, "area_km2": 0.0037, "zone": "Z30"}, "geometry": {"type": "Polygon", "coordinates": [[[73.03483, 0.30202], [73.03411, 0.30218], [73.03415, 0.30165], [73.03455, 0.30153], [73.03483, 0.30202]]]}}, {"type": "Feature", "properties": {"id": "Z30-085", "kind": "island", "lat": 0.3015, "lon": 73.02862, "area_km2": 0.0402, "zone": "Z30"}, "geometry": {"type": "Polygon", "coordinates": [[[73.02798, 0.3005], [73.02961, 0.30135], [73.03015, 0.3022], [73.02992, 0.30238], [73.02943, 0.30243], [73.02898, 0.30243], [73.02898, 0.30234], [73.02851, 0.30228], [73.02714, 0.30117], [73.02742, 0.30049], [73.02798, 0.3005]]]}}, {"type": "Feature", "properties": {"id": "Z30-086", "kind": "island", "lat": 0.30099, "lon": 73.0311, "area_km2": 0.0418, "zone": "Z30"}, "geometry": {"type": "Polygon", "coordinates": [[[73.02952, 0.29934], [73.03051, 0.3001], [73.03096, 0.30017], [73.0316, 0.30064], [73.03208, 0.30143], [73.03213, 0.30171], [73.03224, 0.30176], [73.03213, 0.3018], [73.03234, 0.30243], [73.03177, 0.30256], [73.03147, 0.30227], [73.03137, 0.30166], [73.03114, 0.30135], [73.03055, 0.30113], [73.02933, 0.30031], [73.02912, 0.29957], [73.02952, 0.29934]]]}}, {"type": "Feature", "properties": {"id": "Z30-082", "kind": "island", "lat": 0.30295, "lon": 73.03235, "area_km2": 0.0001, "zone": "Z30"}, "geometry": {"type": "Polygon", "coordinates": [[[73.03237, 0.30299], [73.03229, 0.30291], [73.0324, 0.30288], [73.03237, 0.30299]]]}}, {"type": "Feature", "properties": {"id": "Z30-083", "kind": "island", "lat": 0.30204, "lon": 73.41682, "area_km2": 0.0389, "zone": "Z30"}, "geometry": {"type": "Polygon", "coordinates": [[[73.41619, 0.29993], [73.41672, 0.3003], [73.41731, 0.30158], [73.41745, 0.30251], [73.41733, 0.30261], [73.41733, 0.30288], [73.41741, 0.30295], [73.41706, 0.30371], [73.41651, 0.30363], [73.41643, 0.30315], [73.41628, 0.30308], [73.41625, 0.30135], [73.41632, 0.30116], [73.41625, 0.30019], [73.41613, 0.30012], [73.41619, 0.29993]]]}}, {"type": "Feature", "properties": {"id": "Z30-081", "kind": "island", "lat": 0.30372, "lon": 73.02656, "area_km2": 0.0208, "zone": "Z30"}, "geometry": {"type": "Polygon", "coordinates": [[[73.02652, 0.3032], [73.02764, 0.30392], [73.02791, 0.30423], [73.028, 0.30423], [73.02807, 0.30447], [73.0277, 0.30453], [73.02746, 0.30441], [73.02701, 0.30441], [73.02585, 0.30384], [73.02571, 0.3036], [73.0259, 0.30307], [73.02652, 0.3032]]]}}, {"type": "Feature", "properties": {"id": "Z30-079", "kind": "island", "lat": 0.30644, "lon": 73.47082, "area_km2": 0.0001, "zone": "Z30"}, "geometry": {"type": "Polygon", "coordinates": [[[73.47087, 0.30656], [73.47075, 0.30651], [73.47083, 0.30636], [73.47087, 0.30656]]]}}, {"type": "Feature", "properties": {"id": "Z30-078", "kind": "island", "lat": 0.30675, "lon": 73.47097, "area_km2": 0.0006, "zone": "Z30"}, "geometry": {"type": "Polygon", "coordinates": [[[73.47087, 0.30656], [73.47101, 0.30664], [73.47114, 0.30695], [73.4709, 0.30686], [73.47087, 0.30656]]]}}, {"type": "Feature", "properties": {"id": "Z30-080", "kind": "island", "lat": 0.30597, "lon": 73.02715, "area_km2": 0.0618, "zone": "Z30"}, "geometry": {"type": "Polygon", "coordinates": [[[73.02633, 0.30475], [73.02704, 0.30533], [73.02782, 0.30551], [73.02843, 0.30622], [73.02867, 0.30682], [73.02826, 0.3074], [73.02734, 0.3075], [73.02658, 0.30722], [73.02631, 0.30623], [73.02548, 0.30513], [73.02539, 0.30513], [73.02539, 0.30486], [73.02566, 0.3046], [73.02633, 0.30475]]]}}, {"type": "Feature", "properties": {"id": "Z30-076", "kind": "island", "lat": 0.30906, "lon": 73.47273, "area_km2": 0.0004, "zone": "Z30"}, "geometry": {"type": "Polygon", "coordinates": [[[73.47281, 0.30913], [73.47274, 0.30921], [73.47263, 0.30899], [73.47275, 0.3089], [73.47281, 0.30913]]]}}, {"type": "Feature", "properties": {"id": "Z30-075", "kind": "island", "lat": 0.30951, "lon": 73.47289, "area_km2": 0.0001, "zone": "Z30"}, "geometry": {"type": "Polygon", "coordinates": [[[73.4729, 0.30955], [73.47282, 0.30947], [73.47293, 0.30944], [73.4729, 0.30955]]]}}, {"type": "Feature", "properties": {"id": "Z30-077", "kind": "island", "lat": 0.30866, "lon": 73.4135, "area_km2": 0.0356, "zone": "Z30"}, "geometry": {"type": "Polygon", "coordinates": [[[73.41417, 0.30835], [73.41443, 0.30892], [73.4144, 0.30943], [73.41401, 0.30978], [73.41344, 0.30975], [73.41283, 0.30896], [73.41257, 0.3084], [73.41262, 0.30762], [73.41346, 0.30755], [73.41417, 0.30835]]]}}, {"type": "Feature", "properties": {"id": "Z30-074", "kind": "island", "lat": 0.30974, "lon": 73.02654, "area_km2": 0.0016, "zone": "Z30"}, "geometry": {"type": "Polygon", "coordinates": [[[73.02633, 0.30955], [73.02676, 0.30965], [73.02695, 0.30985], [73.02665, 0.30989], [73.02617, 0.30969], [73.02633, 0.30955]]]}}, {"type": "Feature", "properties": {"id": "Z30-073", "kind": "island", "lat": 0.31032, "lon": 73.02511, "area_km2": 0.0134, "zone": "Z30"}, "geometry": {"type": "Polygon", "coordinates": [[[73.02611, 0.30962], [73.02571, 0.31001], [73.02534, 0.31066], [73.02498, 0.31065], [73.02444, 0.31009], [73.02445, 0.30967], [73.02611, 0.30962]]]}}, {"type": "Feature", "properties": {"id": "Z30-072", "kind": "island", "lat": 0.31084, "lon": 73.47384, "area_km2": 0.016, "zone": "Z30"}, "geometry": {"type": "Polygon", "coordinates": [[[73.47334, 0.30986], [73.47375, 0.31035], [73.47469, 0.31163], [73.47488, 0.31204], [73.47484, 0.31236], [73.47425, 0.31198], [73.47386, 0.31192], [73.47374, 0.31124], [73.47366, 0.31117], [73.47329, 0.31016], [73.47334, 0.30986]]]}}, {"type": "Feature", "properties": {"id": "Z30-071", "kind": "island", "lat": 0.31258, "lon": 73.44877, "area_km2": 0.0021, "zone": "Z30"}, "geometry": {"type": "Polygon", "coordinates": [[[73.44897, 0.31249], [73.44904, 0.31276], [73.44915, 0.31281], [73.44895, 0.31285], [73.44859, 0.31267], [73.4485, 0.3124], [73.44863, 0.31234], [73.44897, 0.31249]]]}}, {"type": "Feature", "properties": {"id": "Z30-070", "kind": "island", "lat": 0.31335, "lon": 73.02479, "area_km2": 0.0143, "zone": "Z30"}, "geometry": {"type": "Polygon", "coordinates": [[[73.02562, 0.31321], [73.02587, 0.31344], [73.02575, 0.31348], [73.02571, 0.31362], [73.02488, 0.31376], [73.02386, 0.31357], [73.02386, 0.3133], [73.02395, 0.3133], [73.02414, 0.31302], [73.02468, 0.31291], [73.02562, 0.31321]]]}}, {"type": "Feature", "properties": {"id": "Z30-069", "kind": "island", "lat": 0.31607, "lon": 73.02481, "area_km2": 0.0001, "zone": "Z30"}, "geometry": {"type": "Polygon", "coordinates": [[[73.02482, 0.31611], [73.02474, 0.31603], [73.02485, 0.316], [73.02482, 0.31611]]]}}, {"type": "Feature", "properties": {"id": "Z30-068", "kind": "island", "lat": 0.31757, "lon": 73.48263, "area_km2": 0.0003, "zone": "Z30"}, "geometry": {"type": "Polygon", "coordinates": [[[73.48266, 0.31765], [73.4825, 0.3175], [73.48272, 0.31743], [73.48266, 0.31765]]]}}, {"type": "Feature", "properties": {"id": "Z30-067", "kind": "island", "lat": 0.31781, "lon": 73.48228, "area_km2": 0.0008, "zone": "Z30"}, "geometry": {"type": "Polygon", "coordinates": [[[73.48244, 0.31794], [73.48223, 0.318], [73.48215, 0.31767], [73.48227, 0.31761], [73.48244, 0.31794]]]}}, {"type": "Feature", "properties": {"id": "Z30-066", "kind": "island", "lat": 0.31941, "lon": 73.3807, "area_km2": 0.0211, "zone": "Z30"}, "geometry": {"type": "Polygon", "coordinates": [[[73.38077, 0.31869], [73.38139, 0.31971], [73.38134, 0.32029], [73.38091, 0.32025], [73.37993, 0.31911], [73.37982, 0.31855], [73.37947, 0.31847], [73.37964, 0.31821], [73.37978, 0.31842], [73.38032, 0.31834], [73.38077, 0.31869]]]}}, {"type": "Feature", "properties": {"id": "Z30-064", "kind": "island", "lat": 0.32167, "lon": 73.48307, "area_km2": 0.0029, "zone": "Z30"}, "geometry": {"type": "Polygon", "coordinates": [[[73.48329, 0.32143], [73.4832, 0.32181], [73.48307, 0.32196], [73.48283, 0.32153], [73.48289, 0.32125], [73.48308, 0.32112], [73.48329, 0.32143]]]}}, {"type": "Feature", "properties": {"id": "Z30-065", "kind": "island", "lat": 0.32089, "lon": 73.48674, "area_km2": 0.126, "zone": "Z30"}, "geometry": {"type": "Polygon", "coordinates": [[[73.48841, 0.32143], [73.48829, 0.32148], [73.48829, 0.32166], [73.48838, 0.32166], [73.48838, 0.32175], [73.48877, 0.32221], [73.48869, 0.3229], [73.48799, 0.32322], [73.48784, 0.32228], [73.48756, 0.32188], [73.48692, 0.32144], [73.48625, 0.32139], [73.48587, 0.32163], [73.48519, 0.32251], [73.48493, 0.32238], [73.48503, 0.32059], [73.4847, 0.31995], [73.48456, 0.31988], [73.48449, 0.31943], [73.48491, 0.31921], [73.48497, 0.31932], [73.48524, 0.31923], [73.48528, 0.31911], [73.48533, 0.31923], [73.48552, 0.31916], [73.4865, 0.31923], [73.48654, 0.31911], [73.48659, 0.31923], [73.4875, 0.31876], [73.48798, 0.31883], [73.48806, 0.31973], [73.48834, 0.32035], [73.48838, 0.32067], [73.48847, 0.32067], [73.48847, 0.32112], [73.48838, 0.32112], [73.48829, 0.32139], [73.48841, 0.32143]]]}}, {"type": "Feature", "properties": {"id": "Z30-063", "kind": "island", "lat": 0.32377, "lon": 73.48911, "area_km2": 0.0018, "zone": "Z30"}, "geometry": {"type": "Polygon", "coordinates": [[[73.48945, 0.3238], [73.48877, 0.32394], [73.4888, 0.32374], [73.48928, 0.32354], [73.48945, 0.3238]]]}}, {"type": "Feature", "properties": {"id": "Z30-061", "kind": "island", "lat": 0.3251, "lon": 73.02584, "area_km2": 0.017, "zone": "Z30"}, "geometry": {"type": "Polygon", "coordinates": [[[73.02679, 0.32467], [73.02653, 0.32558], [73.02591, 0.32556], [73.02584, 0.32534], [73.02557, 0.32534], [73.02557, 0.32525], [73.02473, 0.32503], [73.02483, 0.32462], [73.02503, 0.32471], [73.02513, 0.3246], [73.02679, 0.32467]]]}}, {"type": "Feature", "properties": {"id": "Z30-062", "kind": "island", "lat": 0.32433, "lon": 73.49147, "area_km2": 0.1095, "zone": "Z30"}, "geometry": {"type": "Polygon", "coordinates": [[[73.49317, 0.32601], [73.49219, 0.32576], [73.49102, 0.326], [73.49084, 0.32582], [73.49058, 0.32499], [73.49019, 0.32424], [73.49109, 0.32363], [73.49201, 0.32271], [73.4926, 0.32264], [73.49292, 0.32295], [73.49301, 0.32324], [73.49267, 0.32425], [73.49291, 0.32475], [73.49373, 0.32404], [73.4942, 0.32388], [73.49484, 0.32405], [73.49534, 0.32441], [73.4949, 0.32483], [73.49403, 0.32495], [73.49374, 0.32555], [73.49317, 0.32601]]]}}, {"type": "Feature", "properties": {"id": "Z30-060", "kind": "island", "lat": 0.32706, "lon": 73.49136, "area_km2": 0.0068, "zone": "Z30"}, "geometry": {"type": "Polygon", "coordinates": [[[73.49153, 0.32651], [73.49176, 0.32664], [73.4916, 0.32752], [73.49123, 0.32731], [73.49086, 0.3268], [73.49111, 0.32658], [73.49153, 0.32651]]]}}, {"type": "Feature", "properties": {"id": "Z30-056", "kind": "island", "lat": 0.33006, "lon": 73.49615, "area_km2": 0.0001, "zone": "Z30"}, "geometry": {"type": "Polygon", "coordinates": [[[73.4962, 0.33019], [73.49608, 0.33014], [73.49616, 0.32998], [73.4962, 0.33019]]]}}, {"type": "Feature", "properties": {"id": "Z30-057", "kind": "island", "lat": 0.32869, "lon": 73.02575, "area_km2": 0.0512, "zone": "Z30"}, "geometry": {"type": "Polygon", "coordinates": [[[73.02679, 0.33005], [73.02665, 0.33019], [73.02593, 0.33004], [73.02499, 0.33006], [73.02483, 0.32975], [73.02467, 0.32821], [73.02482, 0.32807], [73.02566, 0.32812], [73.02566, 0.32803], [73.02575, 0.32803], [73.02584, 0.32791], [73.02593, 0.32803], [73.02645, 0.32781], [73.02679, 0.328], [73.02679, 0.33005]]]}}, {"type": "Feature", "properties": {"id": "Z30-058", "kind": "island", "lat": 0.32814, "lon": 73.49742, "area_km2": 0.1118, "zone": "Z30"}, "geometry": {"type": "Polygon", "coordinates": [[[73.49719, 0.32911], [73.49701, 0.32938], [73.49721, 0.32972], [73.49732, 0.33008], [73.49671, 0.33023], [73.4953, 0.32812], [73.49485, 0.32782], [73.49492, 0.32748], [73.4954, 0.32737], [73.49642, 0.32761], [73.49676, 0.3274], [73.49683, 0.32749], [73.49704, 0.32735], [73.49868, 0.32713], [73.49908, 0.32697], [73.49924, 0.32618], [73.49951, 0.32602], [73.49966, 0.32641], [73.49974, 0.32758], [73.49961, 0.32767], [73.49953, 0.32816], [73.49923, 0.32885], [73.49911, 0.3294], [73.49828, 0.32927], [73.49737, 0.32902], [73.49719, 0.32911]]]}}, {"type": "Feature", "properties": {"id": "Z30-055", "kind": "island", "lat": 0.33032, "lon": 73.49625, "area_km2": 0.0001, "zone": "Z30"}, "geometry": {"type": "Polygon", "coordinates": [[[73.4962, 0.33019], [73.49631, 0.33024], [73.49623, 0.3304], [73.4962, 0.33019]]]}}, {"type": "Feature", "properties": {"id": "Z30-059", "kind": "island", "lat": 0.32749, "lon": 73.48608, "area_km2": 0.181, "zone": "Z30"}, "geometry": {"type": "Polygon", "coordinates": [[[73.48623, 0.32731], [73.4884, 0.32766], [73.48984, 0.32807], [73.49021, 0.32825], [73.49076, 0.32878], [73.49041, 0.32959], [73.49022, 0.33048], [73.49047, 0.3314], [73.49012, 0.33131], [73.48803, 0.32975], [73.48585, 0.32836], [73.48459, 0.32715], [73.48287, 0.32517], [73.48268, 0.32441], [73.48279, 0.3238], [73.48317, 0.32361], [73.48367, 0.3243], [73.48388, 0.32485], [73.48567, 0.32704], [73.48614, 0.32731], [73.48618, 0.3272], [73.48623, 0.32731]]]}}, {"type": "Feature", "properties": {"id": "Z30-053", "kind": "island", "lat": 0.33326, "lon": 73.50478, "area_km2": 0.0001, "zone": "Z30"}, "geometry": {"type": "Polygon", "coordinates": [[[73.50482, 0.33333], [73.50471, 0.3333], [73.50479, 0.33322], [73.50482, 0.33333]]]}}, {"type": "Feature", "properties": {"id": "Z30-052", "kind": "island", "lat": 0.33338, "lon": 73.50487, "area_km2": 0.0001, "zone": "Z30"}, "geometry": {"type": "Polygon", "coordinates": [[[73.50482, 0.33333], [73.50491, 0.33333], [73.50491, 0.33342], [73.50482, 0.33342], [73.50482, 0.33333]]]}}, {"type": "Feature", "properties": {"id": "Z30-054", "kind": "island", "lat": 0.33286, "lon": 73.49835, "area_km2": 0.129, "zone": "Z30"}, "geometry": {"type": "Polygon", "coordinates": [[[73.50065, 0.33448], [73.50025, 0.33445], [73.49932, 0.33407], [73.49827, 0.33409], [73.49722, 0.3335], [73.49557, 0.33199], [73.49548, 0.33199], [73.49548, 0.3319], [73.49527, 0.33186], [73.49539, 0.33181], [73.49539, 0.33172], [73.49575, 0.33172], [73.49575, 0.33181], [73.49676, 0.33099], [73.49843, 0.33103], [73.49989, 0.33227], [73.50053, 0.33341], [73.50065, 0.33448]]]}}, {"type": "Feature", "properties": {"id": "Z30-049", "kind": "island", "lat": 0.33516, "lon": 73.50334, "area_km2": 0.0008, "zone": "Z30"}, "geometry": {"type": "Polygon", "coordinates": [[[73.50353, 0.33527], [73.50334, 0.33535], [73.50317, 0.33505], [73.50329, 0.33495], [73.50353, 0.33527]]]}}, {"type": "Feature", "properties": {"id": "Z30-051", "kind": "island", "lat": 0.33468, "lon": 73.50536, "area_km2": 0.018, "zone": "Z30"}, "geometry": {"type": "Polygon", "coordinates": [[[73.50491, 0.33342], [73.50559, 0.33444], [73.50572, 0.33548], [73.50538, 0.33595], [73.50502, 0.33616], [73.5048, 0.3359], [73.50459, 0.33581], [73.50451, 0.33548], [73.50496, 0.33491], [73.50528, 0.33434], [73.50491, 0.33342]]]}}, {"type": "Feature", "properties": {"id": "Z30-048", "kind": "island", "lat": 0.33521, "lon": 73.43672, "area_km2": 0.0567, "zone": "Z30"}, "geometry": {"type": "Polygon", "coordinates": [[[73.43677, 0.33374], [73.43694, 0.33389], [73.4377, 0.33505], [73.43788, 0.33563], [73.43784, 0.33607], [73.43742, 0.33661], [73.43667, 0.3364], [73.4362, 0.33607], [73.4357, 0.33537], [73.43561, 0.33432], [73.43581, 0.33377], [73.43677, 0.33374]]]}}, {"type": "Feature", "properties": {"id": "Z30-047", "kind": "island", "lat": 0.34061, "lon": 73.02694, "area_km2": 0.0008, "zone": "Z30"}, "geometry": {"type": "Polygon", "coordinates": [[[73.02717, 0.34067], [73.0268, 0.34073], [73.02671, 0.34056], [73.0271, 0.34052], [73.02717, 0.34067]]]}}, {"type": "Feature", "properties": {"id": "Z30-050", "kind": "island", "lat": 0.33488, "lon": 73.50797, "area_km2": 0.7718, "zone": "Z30"}, "geometry": {"type": "Polygon", "coordinates": [[[73.51972, 0.34161], [73.51964, 0.34205], [73.51986, 0.34221], [73.51874, 0.34261], [73.51823, 0.34271], [73.51741, 0.34218], [73.51672, 0.3421], [73.51614, 0.34169], [73.51538, 0.34176], [73.51488, 0.34163], [73.51433, 0.34123], [73.51103, 0.33982], [73.51012, 0.33917], [73.50968, 0.33913], [73.50858, 0.33861], [73.50833, 0.33827], [73.5081, 0.33814], [73.50632, 0.33753], [73.50506, 0.33685], [73.50496, 0.33657], [73.50543, 0.33628], [73.50587, 0.33558], [73.50581, 0.33449], [73.5059, 0.33423], [73.50554, 0.33405], [73.50498, 0.33292], [73.50371, 0.33172], [73.50309, 0.33136], [73.50238, 0.33123], [73.5017, 0.33141], [73.50139, 0.33139], [73.50156, 0.33044], [73.50206, 0.3298], [73.50219, 0.32881], [73.50261, 0.32813], [73.50271, 0.32761], [73.50292, 0.32743], [73.5032, 0.32746], [73.50357, 0.32766], [73.50404, 0.32848], [73.50417, 0.32983], [73.50483, 0.33083], [73.50559, 0.33167], [73.50626, 0.33258], [73.50635, 0.33288], [73.50846, 0.33401], [73.50921, 0.3343], [73.51117, 0.33551], [73.51205, 0.3362], [73.51237, 0.33657], [73.51266, 0.33661], [73.51282, 0.33684], [73.51371, 0.33733], [73.51389, 0.33756], [73.51409, 0.3376], [73.51416, 0.33774], [73.51425, 0.33774], [73.51425, 0.33783], [73.51446, 0.33789], [73.51452, 0.338], [73.51501, 0.33815], [73.51533, 0.33836], [73.51537, 0.33829], [73.51581, 0.33851], [73.51587, 0.33863], [73.51612, 0.33871], [73.51722, 0.33971], [73.5174, 0.33971], [73.5177, 0.33986], [73.51776, 0.33998], [73.51835, 0.34004], [73.51909, 0.34098], [73.51972, 0.34161]]]}}, {"type": "Feature", "properties": {"id": "Z30-046", "kind": "island", "lat": 0.34287, "lon": 73.02665, "area_km2": 0.0039, "zone": "Z30"}, "geometry": {"type": "Polygon", "coordinates": [[[73.02692, 0.34277], [73.02713, 0.34294], [73.02695, 0.34308], [73.02647, 0.34313], [73.02622, 0.34299], [73.02625, 0.34281], [73.02686, 0.34255], [73.02692, 0.34277]]]}}, {"type": "Feature", "properties": {"id": "Z30-045", "kind": "island", "lat": 0.34314, "lon": 73.02566, "area_km2": 0.0007, "zone": "Z30"}, "geometry": {"type": "Polygon", "coordinates": [[[73.02582, 0.3432], [73.02545, 0.34334], [73.02554, 0.34308], [73.02575, 0.34304], [73.02582, 0.3432]]]}}, {"type": "Feature", "properties": {"id": "Z30-044", "kind": "island", "lat": 0.35029, "lon": 73.40469, "area_km2": 0.0013, "zone": "Z30"}, "geometry": {"type": "Polygon", "coordinates": [[[73.40514, 0.35014], [73.40444, 0.35043], [73.4048, 0.35008], [73.4052, 0.34995], [73.40514, 0.35014]]]}}, {"type": "Feature", "properties": {"id": "Z29-088", "kind": "island", "lat": 0.35083, "lon": 73.53963, "area_km2": 0.2343, "zone": "Z29"}, "geometry": {"type": "Polygon", "coordinates": [[[73.53893, 0.34725], [73.53964, 0.34753], [73.53986, 0.3478], [73.53995, 0.3478], [73.53995, 0.34789], [73.54004, 0.34789], [73.54004, 0.34798], [73.5405, 0.34856], [73.5407, 0.34952], [73.54105, 0.34999], [73.54127, 0.35077], [73.54142, 0.35196], [73.54091, 0.35218], [73.54062, 0.35288], [73.53973, 0.35384], [73.53963, 0.35442], [73.53945, 0.35439], [73.5386, 0.35328], [73.53838, 0.3525], [73.53829, 0.35161], [73.53807, 0.3509], [73.53764, 0.35055], [73.53723, 0.35004], [73.53704, 0.34917], [73.53726, 0.34782], [73.53761, 0.34734], [73.53855, 0.34721], [73.53893, 0.34725]]]}}, {"type": "Feature", "properties": {"id": "Z29-087", "kind": "island", "lat": 0.35408, "lon": 73.54204, "area_km2": 0.0397, "zone": "Z29"}, "geometry": {"type": "Polygon", "coordinates": [[[73.54153, 0.35239], [73.54192, 0.35262], [73.54237, 0.35341], [73.5429, 0.35468], [73.54285, 0.35553], [73.54235, 0.35565], [73.54165, 0.35537], [73.54156, 0.35507], [73.54125, 0.3548], [73.54123, 0.35433], [73.54162, 0.35383], [73.54153, 0.35239]]]}}, {"type": "Feature", "properties": {"id": "Z30-043", "kind": "island", "lat": 0.35727, "lon": 73.31968, "area_km2": 0.019, "zone": "Z30"}, "geometry": {"type": "Polygon", "coordinates": [[[73.31971, 0.3565], [73.31959, 0.35678], [73.31998, 0.35682], [73.32004, 0.35705], [73.32043, 0.35754], [73.32053, 0.35811], [73.32003, 0.35832], [73.31955, 0.35813], [73.31932, 0.3575], [73.31918, 0.35743], [73.31911, 0.35711], [73.31923, 0.35705], [73.31927, 0.35639], [73.31971, 0.3565]]]}}, {"type": "Feature", "properties": {"id": "Z30-042", "kind": "island", "lat": 0.35991, "lon": 73.02603, "area_km2": 0.0031, "zone": "Z30"}, "geometry": {"type": "Polygon", "coordinates": [[[73.0263, 0.35997], [73.02584, 0.36001], [73.02566, 0.3601], [73.02518, 0.35989], [73.0254, 0.3598], [73.02566, 0.35992], [73.02566, 0.35983], [73.02602, 0.35971], [73.0265, 0.35985], [73.0263, 0.35997]]]}}, {"type": "Feature", "properties": {"id": "Z29-086", "kind": "island", "lat": 0.36331, "lon": 73.54554, "area_km2": 0.0293, "zone": "Z29"}, "geometry": {"type": "Polygon", "coordinates": [[[73.54394, 0.36096], [73.54473, 0.36165], [73.5452, 0.36247], [73.54525, 0.36271], [73.54534, 0.36271], [73.54561, 0.36316], [73.5457, 0.36316], [73.5457, 0.36343], [73.54578, 0.36343], [73.54578, 0.36352], [73.54606, 0.36376], [73.54667, 0.36488], [73.54687, 0.36567], [73.54648, 0.36561], [73.54632, 0.36522], [73.54623, 0.36522], [73.54578, 0.3637], [73.54539, 0.36338], [73.54525, 0.3628], [73.54507, 0.3628], [73.54507, 0.36271], [73.54457, 0.36245], [73.54397, 0.36198], [73.54356, 0.36126], [73.54359, 0.36083], [73.54394, 0.36096]]]}}, {"type": "Feature", "properties": {"id": "Z30-041", "kind": "island", "lat": 0.36779, "lon": 73.39158, "area_km2": 0.0109, "zone": "Z30"}, "geometry": {"type": "Polygon", "coordinates": [[[73.39136, 0.36729], [73.39178, 0.36742], [73.39229, 0.36765], [73.39199, 0.3681], [73.39151, 0.36829], [73.39102, 0.36818], [73.39088, 0.36794], [73.39125, 0.36737], [73.39136, 0.36729]]]}}, {"type": "Feature", "properties": {"id": "Z30-040", "kind": "island", "lat": 0.36797, "lon": 73.02563, "area_km2": 0.0102, "zone": "Z30"}, "geometry": {"type": "Polygon", "coordinates": [[[73.02584, 0.36756], [73.0264, 0.36794], [73.0262, 0.36839], [73.0249, 0.36801], [73.02482, 0.3678], [73.02525, 0.3676], [73.02584, 0.36756]]]}}, {"type": "Feature", "properties": {"id": "Z29-085", "kind": "island", "lat": 0.36821, "lon": 73.55194, "area_km2": 0.0019, "zone": "Z29"}, "geometry": {"type": "Polygon", "coordinates": [[[73.5522, 0.36833], [73.55188, 0.3685], [73.55167, 0.36808], [73.55207, 0.36801], [73.5522, 0.36833]]]}}, {"type": "Feature", "properties": {"id": "Z30-039", "kind": "island", "lat": 0.36819, "lon": 73.39254, "area_km2": 0.0036, "zone": "Z30"}, "geometry": {"type": "Polygon", "coordinates": [[[73.39284, 0.36814], [73.39242, 0.36845], [73.39175, 0.36859], [73.39179, 0.36836], [73.39222, 0.36824], [73.39252, 0.36806], [73.39271, 0.36783], [73.39284, 0.36814]]]}}, {"type": "Feature", "properties": {"id": "Z30-038", "kind": "island", "lat": 0.3702, "lon": 73.02474, "area_km2": 0.0183, "zone": "Z30"}, "geometry": {"type": "Polygon", "coordinates": [[[73.0257, 0.36993], [73.02571, 0.37011], [73.02512, 0.37075], [73.02437, 0.37055], [73.02346, 0.36995], [73.02355, 0.36975], [73.0253, 0.36972], [73.0257, 0.36993]]]}}, {"type": "Feature", "properties": {"id": "Z29-084", "kind": "island", "lat": 0.36852, "lon": 73.55328, "area_km2": 0.0772, "zone": "Z29"}, "geometry": {"type": "Polygon", "coordinates": [[[73.55262, 0.36652], [73.55369, 0.36747], [73.55432, 0.36859], [73.55445, 0.36934], [73.55407, 0.37003], [73.55336, 0.37086], [73.55298, 0.37083], [73.55276, 0.36988], [73.55225, 0.36846], [73.55221, 0.36706], [73.55198, 0.36617], [73.55262, 0.36652]]]}}, {"type": "Feature", "properties": {"id": "Z30-037", "kind": "island", "lat": 0.37194, "lon": 73.02398, "area_km2": 0.0053, "zone": "Z30"}, "geometry": {"type": "Polygon", "coordinates": [[[73.02368, 0.37151], [73.02445, 0.372], [73.02471, 0.37221], [73.02454, 0.37236], [73.02347, 0.37188], [73.02337, 0.37161], [73.02368, 0.37151]]]}}, {"type": "Feature", "properties": {"id": "Z30-036", "kind": "island", "lat": 0.37341, "lon": 73.02249, "area_km2": 0.0042, "zone": "Z30"}, "geometry": {"type": "Polygon", "coordinates": [[[73.02302, 0.37355], [73.02326, 0.37389], [73.02222, 0.37353], [73.02212, 0.37329], [73.02241, 0.37315], [73.02302, 0.37355]]]}}, {"type": "Feature", "properties": {"id": "Z29-083", "kind": "island", "lat": 0.37448, "lon": 73.55523, "area_km2": 0.0135, "zone": "Z29"}, "geometry": {"type": "Polygon", "coordinates": [[[73.55513, 0.3734], [73.55558, 0.37388], [73.5555, 0.37452], [73.5556, 0.37532], [73.55548, 0.3755], [73.5551, 0.37528], [73.55519, 0.37452], [73.5547, 0.37443], [73.55476, 0.37387], [73.55497, 0.37353], [73.55513, 0.3734]]]}}, {"type": "Feature", "properties": {"id": "Z29-082", "kind": "island", "lat": 0.37479, "lon": 73.55158, "area_km2": 0.2019, "zone": "Z29"}, "geometry": {"type": "Polygon", "coordinates": [[[73.55373, 0.37953], [73.55303, 0.37998], [73.55254, 0.38009], [73.55198, 0.37978], [73.55179, 0.37876], [73.5514, 0.37749], [73.55135, 0.37699], [73.55091, 0.3755], [73.54992, 0.37346], [73.54957, 0.37254], [73.54922, 0.37198], [73.54881, 0.37091], [73.54889, 0.36962], [73.55, 0.36949], [73.55028, 0.36981], [73.55037, 0.36981], [73.55046, 0.37001], [73.55082, 0.37007], [73.55099, 0.37001], [73.55166, 0.37048], [73.551, 0.37052], [73.55054, 0.37079], [73.55041, 0.37147], [73.55104, 0.37218], [73.5517, 0.3732], [73.5524, 0.37352], [73.55274, 0.37391], [73.55254, 0.37519], [73.55234, 0.37573], [73.55243, 0.37573], [73.55243, 0.376], [73.55234, 0.376], [73.55234, 0.37618], [73.55255, 0.37632], [73.55243, 0.37636], [73.55274, 0.37701], [73.55227, 0.37856], [73.55239, 0.37918], [73.55261, 0.37924], [73.55275, 0.37905], [73.55321, 0.37939], [73.55356, 0.37937], [73.55373, 0.37953]]]}}, {"type": "Feature", "properties": {"id": "Z29-080", "kind": "island", "lat": 0.38087, "lon": 73.49783, "area_km2": 0.0008, "zone": "Z29"}, "geometry": {"type": "Polygon", "coordinates": [[[73.49801, 0.38097], [73.49778, 0.38107], [73.49769, 0.38076], [73.49781, 0.38067], [73.49801, 0.38097]]]}}, {"type": "Feature", "properties": {"id": "Z29-079", "kind": "island", "lat": 0.3809, "lon": 73.49746, "area_km2": 0.0017, "zone": "Z29"}, "geometry": {"type": "Polygon", "coordinates": [[[73.49764, 0.38103], [73.49724, 0.38109], [73.49735, 0.38067], [73.49749, 0.38055], [73.49755, 0.38076], [73.49764, 0.38076], [73.49764, 0.38103]]]}}, {"type": "Feature", "properties": {"id": "Z29-078", "kind": "island", "lat": 0.38141, "lon": 73.49813, "area_km2": 0.0001, "zone": "Z29"}, "geometry": {"type": "Polygon", "coordinates": [[[73.49817, 0.38148], [73.49806, 0.38145], [73.49814, 0.38137], [73.49817, 0.38148]]]}}, {"type": "Feature", "properties": {"id": "Z29-077", "kind": "island", "lat": 0.38155, "lon": 73.49822, "area_km2": 0.0001, "zone": "Z29"}, "geometry": {"type": "Polygon", "coordinates": [[[73.49817, 0.38148], [73.49828, 0.38151], [73.4982, 0.38159], [73.49817, 0.38148]]]}}, {"type": "Feature", "properties": {"id": "Z30-035", "kind": "island", "lat": 0.38378, "lon": 73.0156, "area_km2": 0.031, "zone": "Z30"}, "geometry": {"type": "Polygon", "coordinates": [[[73.01539, 0.38261], [73.01573, 0.38315], [73.01651, 0.38401], [73.01617, 0.38479], [73.01563, 0.38475], [73.01529, 0.38422], [73.0145, 0.38339], [73.01443, 0.38301], [73.01448, 0.38277], [73.0147, 0.38257], [73.01539, 0.38261]]]}}, {"type": "Feature", "properties": {"id": "Z29-081", "kind": "island", "lat": 0.38037, "lon": 73.55735, "area_km2": 0.1697, "zone": "Z29"}, "geometry": {"type": "Polygon", "coordinates": [[[73.55648, 0.37508], [73.55774, 0.37874], [73.55805, 0.3808], [73.55814, 0.38207], [73.55794, 0.38311], [73.55751, 0.38393], [73.55739, 0.38512], [73.55728, 0.38544], [73.55741, 0.38553], [73.55719, 0.38571], [73.55719, 0.3858], [73.5571, 0.3858], [73.5567, 0.38567], [73.55661, 0.38371], [73.55701, 0.38218], [73.55696, 0.38083], [73.55649, 0.37995], [73.55593, 0.37944], [73.55559, 0.37896], [73.55562, 0.37767], [73.55495, 0.37627], [73.55499, 0.37607], [73.55513, 0.376], [73.55542, 0.37604], [73.55558, 0.37636], [73.55605, 0.37682], [73.55634, 0.37669], [73.55598, 0.37551], [73.55594, 0.37434], [73.55648, 0.37508]]]}}, {"type": "Feature", "properties": {"id": "Z30-034", "kind": "island", "lat": 0.38608, "lon": 73.0125, "area_km2": 0.0405, "zone": "Z30"}, "geometry": {"type": "Polygon", "coordinates": [[[73.01192, 0.38463], [73.01243, 0.38488], [73.01328, 0.38632], [73.0132, 0.3867], [73.0129, 0.38714], [73.01299, 0.38714], [73.01299, 0.38759], [73.01214, 0.38749], [73.01186, 0.38725], [73.0118, 0.38684], [73.01192, 0.38678], [73.01183, 0.38553], [73.01174, 0.38553], [73.01174, 0.38544], [73.01143, 0.38519], [73.01134, 0.3848], [73.01181, 0.3845], [73.01192, 0.38463]]]}}, {"type": "Feature", "properties": {"id": "Z30-032", "kind": "island", "lat": 0.39199, "lon": 73.01044, "area_km2": 0.0031, "zone": "Z30"}, "geometry": {"type": "Polygon", "coordinates": [[[73.01071, 0.39185], [73.01064, 0.3922], [73.01025, 0.39212], [73.01008, 0.39168], [73.01057, 0.39163], [73.01071, 0.39185]]]}}, {"type": "Feature", "properties": {"id": "Z29-076", "kind": "island", "lat": 0.38824, "lon": 73.55572, "area_km2": 0.0857, "zone": "Z29"}, "geometry": {"type": "Polygon", "coordinates": [[[73.55771, 0.39047], [73.55833, 0.39249], [73.55831, 0.39287], [73.55794, 0.39284], [73.55711, 0.39111], [73.55668, 0.39059], [73.5563, 0.39047], [73.55625, 0.39052], [73.55599, 0.3905], [73.55549, 0.38914], [73.5554, 0.3884], [73.55516, 0.38747], [73.55312, 0.38417], [73.5531, 0.38332], [73.55343, 0.38355], [73.55365, 0.38425], [73.55406, 0.38483], [73.55437, 0.38568], [73.55484, 0.38615], [73.55518, 0.38688], [73.55562, 0.38745], [73.55598, 0.38809], [73.55711, 0.38949], [73.55771, 0.39047]]]}}, {"type": "Feature", "properties": {"id": "Z30-031", "kind": "island", "lat": 0.39303, "lon": 73.00879, "area_km2": 0.0163, "zone": "Z30"}, "geometry": {"type": "Polygon", "coordinates": [[[73.00902, 0.39265], [73.00974, 0.39319], [73.00973, 0.39354], [73.00911, 0.39365], [73.00859, 0.39334], [73.00841, 0.39334], [73.00841, 0.39325], [73.00821, 0.39321], [73.00814, 0.39307], [73.00805, 0.39307], [73.00805, 0.39298], [73.00785, 0.39285], [73.00793, 0.39258], [73.00834, 0.39241], [73.00841, 0.39253], [73.00857, 0.39247], [73.00902, 0.39265]]]}}, {"type": "Feature", "properties": {"id": "Z30-033", "kind": "island", "lat": 0.39098, "lon": 73.01404, "area_km2": 0.312, "zone": "Z30"}, "geometry": {"type": "Polygon", "coordinates": [[[73.01698, 0.39181], [73.01632, 0.39226], [73.01574, 0.3933], [73.01514, 0.39398], [73.0147, 0.39406], [73.01463, 0.39347], [73.01396, 0.39269], [73.01273, 0.39171], [73.01184, 0.39116], [73.01122, 0.39115], [73.01073, 0.39104], [73.00989, 0.3906], [73.0094, 0.39026], [73.0087, 0.39015], [73.00747, 0.38927], [73.00756, 0.38851], [73.00788, 0.388], [73.00893, 0.38853], [73.01017, 0.38833], [73.01129, 0.38842], [73.01217, 0.38818], [73.01242, 0.38831], [73.01286, 0.38932], [73.01335, 0.38966], [73.0134, 0.3896], [73.01502, 0.38979], [73.01614, 0.39002], [73.01627, 0.38995], [73.01641, 0.39002], [73.01657, 0.38981], [73.01673, 0.38979], [73.01704, 0.39002], [73.01714, 0.3901], [73.0175, 0.39092], [73.01698, 0.39181]]]}}, {"type": "Feature", "properties": {"id": "Z30-029", "kind": "island", "lat": 0.39662, "lon": 73.00527, "area_km2": 0.0014, "zone": "Z30"}, "geometry": {"type": "Polygon", "coordinates": [[[73.00558, 0.39657], [73.00545, 0.39666], [73.00545, 0.39675], [73.00509, 0.39675], [73.00497, 0.39658], [73.00513, 0.39645], [73.00558, 0.39657]]]}}, {"type": "Feature", "properties": {"id": "Z30-030", "kind": "island", "lat": 0.39518, "lon": 73.00785, "area_km2": 0.1112, "zone": "Z30"}, "geometry": {"type": "Polygon", "coordinates": [[[73.00886, 0.39649], [73.00881, 0.39666], [73.00862, 0.39679], [73.00868, 0.39631], [73.00857, 0.39617], [73.00845, 0.39626], [73.0083, 0.3966], [73.00789, 0.39689], [73.00761, 0.39679], [73.00783, 0.39622], [73.00755, 0.396], [73.00707, 0.39595], [73.00699, 0.39604], [73.00628, 0.39595], [73.00533, 0.39558], [73.00544, 0.39463], [73.00592, 0.39434], [73.00635, 0.39352], [73.00749, 0.39422], [73.00778, 0.3946], [73.00809, 0.39472], [73.00909, 0.39484], [73.00958, 0.39478], [73.01006, 0.39484], [73.0106, 0.39552], [73.01003, 0.39622], [73.01003, 0.39631], [73.00994, 0.39631], [73.00969, 0.39662], [73.00911, 0.39697], [73.00886, 0.39649]]]}}, {"type": "Feature", "properties": {"id": "Z30-028", "kind": "island", "lat": 0.39846, "lon": 73.3698, "area_km2": 0.0103, "zone": "Z30"}, "geometry": {"type": "Polygon", "coordinates": [[[73.36954, 0.39913], [73.3694, 0.39894], [73.36932, 0.39837], [73.36945, 0.39828], [73.36952, 0.39785], [73.36982, 0.39789], [73.36998, 0.3981], [73.3702, 0.39816], [73.37029, 0.39854], [73.36998, 0.39909], [73.36963, 0.399], [73.36954, 0.39913]]]}}, {"type": "Feature", "properties": {"id": "Z30-027", "kind": "island", "lat": 0.39857, "lon": 73.3709, "area_km2": 0.0065, "zone": "Z30"}, "geometry": {"type": "Polygon", "coordinates": [[[73.37107, 0.39837], [73.37101, 0.39891], [73.37047, 0.39928], [73.36965, 0.3994], [73.3695, 0.39923], [73.37011, 0.39913], [73.3707, 0.39878], [73.37087, 0.39818], [73.37097, 0.3981], [73.37107, 0.39837]]]}}, {"type": "Feature", "properties": {"id": "Z30-025", "kind": "island", "lat": 0.40135, "lon": 73.00497, "area_km2": 0.003, "zone": "Z30"}, "geometry": {"type": "Polygon", "coordinates": [[[73.00522, 0.4012], [73.00549, 0.40145], [73.00471, 0.40156], [73.00451, 0.40125], [73.00522, 0.4012]]]}}, {"type": "Feature", "properties": {"id": "Z30-026", "kind": "island", "lat": 0.40049, "lon": 73.00647, "area_km2": 0.0309, "zone": "Z30"}, "geometry": {"type": "Polygon", "coordinates": [[[73.00716, 0.40034], [73.00728, 0.40064], [73.00698, 0.40143], [73.00703, 0.40165], [73.00668, 0.40174], [73.00618, 0.40144], [73.00586, 0.40066], [73.00554, 0.40026], [73.00484, 0.40001], [73.00464, 0.39972], [73.00455, 0.39972], [73.00455, 0.39963], [73.00471, 0.39944], [73.00549, 0.39977], [73.00624, 0.39987], [73.00644, 0.39999], [73.00644, 0.40008], [73.00716, 0.40034]]]}}, {"type": "Feature", "properties": {"id": "Z30-024", "kind": "island", "lat": 0.40232, "lon": 73.00497, "area_km2": 0.0007, "zone": "Z30"}, "geometry": {"type": "Polygon", "coordinates": [[[73.00516, 0.40239], [73.00471, 0.40239], [73.00484, 0.40226], [73.00518, 0.40223], [73.00516, 0.40239]]]}}, {"type": "Feature", "properties": {"id": "Z29-075", "kind": "island", "lat": 0.40695, "lon": 73.56941, "area_km2": 0.0003, "zone": "Z29"}, "geometry": {"type": "Polygon", "coordinates": [[[73.56944, 0.40703], [73.56928, 0.40688], [73.5695, 0.40682], [73.56944, 0.40703]]]}}, {"type": "Feature", "properties": {"id": "Z29-074", "kind": "island", "lat": 0.40796, "lon": 73.56631, "area_km2": 0.0001, "zone": "Z29"}, "geometry": {"type": "Polygon", "coordinates": [[[73.56633, 0.408], [73.56625, 0.40792], [73.56636, 0.40789], [73.56633, 0.408]]]}}, {"type": "Feature", "properties": {"id": "Z29-073", "kind": "island", "lat": 0.40829, "lon": 73.56994, "area_km2": 0.0008, "zone": "Z29"}, "geometry": {"type": "Polygon", "coordinates": [[[73.56997, 0.40853], [73.56978, 0.40865], [73.56996, 0.40805], [73.57004, 0.40798], [73.56997, 0.40853]]]}}, {"type": "Feature", "properties": {"id": "Z29-072", "kind": "island", "lat": 0.40912, "lon": 73.56761, "area_km2": 0.0234, "zone": "Z29"}, "geometry": {"type": "Polygon", "coordinates": [[[73.56724, 0.40778], [73.56745, 0.40865], [73.56808, 0.40923], [73.56838, 0.40975], [73.56824, 0.40987], [73.56835, 0.41011], [73.56826, 0.41042], [73.56787, 0.41053], [73.56767, 0.4103], [73.56721, 0.40902], [73.56653, 0.40784], [73.56672, 0.4075], [73.56724, 0.40778]]]}}, {"type": "Feature", "properties": {"id": "Z29-071", "kind": "island", "lat": 0.41256, "lon": 73.57222, "area_km2": 0.034, "zone": "Z29"}, "geometry": {"type": "Polygon", "coordinates": [[[73.57305, 0.4133], [73.57291, 0.41337], [73.57287, 0.41369], [73.57274, 0.41393], [73.57163, 0.41349], [73.57149, 0.41229], [73.57097, 0.41136], [73.57112, 0.41118], [73.57314, 0.41273], [73.57318, 0.41292], [73.5733, 0.41297], [73.57309, 0.4131], [73.57305, 0.4133]]]}}, {"type": "Feature", "properties": {"id": "Z29-070", "kind": "island", "lat": 0.41512, "lon": 73.57224, "area_km2": 0.0001, "zone": "Z29"}, "geometry": {"type": "Polygon", "coordinates": [[[73.57225, 0.41519], [73.57217, 0.41504], [73.57229, 0.41499], [73.57225, 0.41519]]]}}, {"type": "Feature", "properties": {"id": "Z29-069", "kind": "island", "lat": 0.4158, "lon": 73.57273, "area_km2": 0.0066, "zone": "Z29"}, "geometry": {"type": "Polygon", "coordinates": [[[73.57304, 0.4162], [73.57229, 0.41625], [73.57229, 0.41589], [73.57238, 0.41589], [73.57238, 0.41571], [73.5726, 0.41531], [73.5731, 0.41572], [73.57304, 0.4162]]]}}, {"type": "Feature", "properties": {"id": "Z30-023", "kind": "island", "lat": 0.42138, "lon": 73.0049, "area_km2": 0.0112, "zone": "Z30"}, "geometry": {"type": "Polygon", "coordinates": [[[73.00603, 0.42153], [73.00564, 0.42168], [73.0051, 0.42149], [73.0041, 0.42155], [73.00371, 0.4215], [73.00401, 0.42128], [73.00429, 0.42091], [73.00437, 0.42101], [73.00465, 0.42091], [73.00547, 0.42125], [73.00581, 0.42123], [73.00603, 0.42153]]]}}, {"type": "Feature", "properties": {"id": "Z29-068", "kind": "island", "lat": 0.42101, "lon": 73.57132, "area_km2": 0.3942, "zone": "Z29"}, "geometry": {"type": "Polygon", "coordinates": [[[73.57013, 0.41554], [73.57029, 0.41655], [73.57107, 0.41782], [73.57124, 0.41837], [73.57156, 0.41895], [73.5723, 0.41938], [73.57268, 0.4198], [73.573, 0.42166], [73.57332, 0.42276], [73.57345, 0.42481], [73.5734, 0.42557], [73.57299, 0.42616], [73.57259, 0.42652], [73.57116, 0.42662], [73.57085, 0.42676], [73.57065, 0.42694], [73.57002, 0.42707], [73.56968, 0.42613], [73.56968, 0.42568], [73.56928, 0.42404], [73.56936, 0.42348], [73.56962, 0.42279], [73.56981, 0.42134], [73.56968, 0.41974], [73.5691, 0.41697], [73.56905, 0.41607], [73.5691, 0.41559], [73.56945, 0.41513], [73.56977, 0.41526], [73.56982, 0.4152], [73.57013, 0.41554]]]}}, {"type": "Feature", "properties": {"id": "Z30-022", "kind": "island", "lat": 0.4286, "lon": 73.00369, "area_km2": 0.0298, "zone": "Z30"}, "geometry": {"type": "Polygon", "coordinates": [[[73.00449, 0.42756], [73.0043, 0.42828], [73.00432, 0.42926], [73.00347, 0.42946], [73.00302, 0.4293], [73.00315, 0.42768], [73.00349, 0.42735], [73.00397, 0.4275], [73.00431, 0.4274], [73.00449, 0.42756]]]}}, {"type": "Feature", "properties": {"id": "Z29-067", "kind": "island", "lat": 0.4344, "lon": 73.56956, "area_km2": 0.0232, "zone": "Z29"}, "geometry": {"type": "Polygon", "coordinates": [[[73.57019, 0.43464], [73.57016, 0.43508], [73.56947, 0.43553], [73.56902, 0.43559], [73.56887, 0.43529], [73.56891, 0.43487], [73.56923, 0.43377], [73.56932, 0.43377], [73.56952, 0.43353], [73.56978, 0.43355], [73.57019, 0.43464]]]}}, {"type": "Feature", "properties": {"id": "Z30-020", "kind": "island", "lat": 0.44597, "lon": 73.0086, "area_km2": 0.0001, "zone": "Z30"}, "geometry": {"type": "Polygon", "coordinates": [[[73.00863, 0.44601], [73.00848, 0.44593], [73.00868, 0.44589], [73.00863, 0.44601]]]}}, {"type": "Feature", "properties": {"id": "Z30-019", "kind": "island", "lat": 0.44866, "lon": 73.01031, "area_km2": 0.0001, "zone": "Z30"}, "geometry": {"type": "Polygon", "coordinates": [[[73.01034, 0.4487], [73.01018, 0.44862], [73.01039, 0.44859], [73.01034, 0.4487]]]}}, {"type": "Feature", "properties": {"id": "Z29-066", "kind": "island", "lat": 0.44266, "lon": 73.56877, "area_km2": 0.5045, "zone": "Z29"}, "geometry": {"type": "Polygon", "coordinates": [[[73.56981, 0.44838], [73.56944, 0.44873], [73.5686, 0.44924], [73.56801, 0.44935], [73.56752, 0.44884], [73.56707, 0.44854], [73.56676, 0.4469], [73.56707, 0.4445], [73.56667, 0.4436], [73.56658, 0.44141], [73.56706, 0.44062], [73.56702, 0.43869], [73.56649, 0.43848], [73.56614, 0.4379], [73.56609, 0.43673], [73.56613, 0.43596], [73.56654, 0.43549], [73.5668, 0.43564], [73.56672, 0.43601], [73.56741, 0.43725], [73.56797, 0.43781], [73.56914, 0.43826], [73.56914, 0.43835], [73.56969, 0.43867], [73.57092, 0.43995], [73.57126, 0.44047], [73.57107, 0.44236], [73.57076, 0.44296], [73.57004, 0.44517], [73.57013, 0.44517], [73.57013, 0.44553], [73.57004, 0.44553], [73.57011, 0.44569], [73.56995, 0.44625], [73.56995, 0.44688], [73.56986, 0.44688], [73.56981, 0.44838]]]}}, {"type": "Feature", "properties": {"id": "Z30-018", "kind": "island", "lat": 0.44914, "lon": 72.99874, "area_km2": 0.0446, "zone": "Z30"}, "geometry": {"type": "Polygon", "coordinates": [[[72.99959, 0.4482], [72.99976, 0.44859], [72.99943, 0.44996], [72.99925, 0.45011], [72.99907, 0.45011], [72.99907, 0.45002], [72.9983, 0.44927], [72.99744, 0.44902], [72.99705, 0.4485], [72.99723, 0.448], [72.99908, 0.44792], [72.99959, 0.4482]]]}}, {"type": "Feature", "properties": {"id": "Z30-021", "kind": "island", "lat": 0.44416, "lon": 73.00372, "area_km2": 0.9484, "zone": "Z30"}, "geometry": {"type": "Polygon", "coordinates": [[[73.00522, 0.45052], [73.00513, 0.45087], [73.00468, 0.45114], [73.00421, 0.45159], [73.00398, 0.45167], [73.0038, 0.45149], [73.00316, 0.45141], [73.00239, 0.45093], [73.00203, 0.45056], [73.00107, 0.45041], [73.00064, 0.45005], [73.0006, 0.44967], [73.00038, 0.44918], [73.00055, 0.44863], [73.001, 0.44783], [73.0012, 0.44715], [73.00131, 0.44581], [73.00123, 0.44499], [73.00078, 0.4441], [73.0002, 0.44384], [72.99956, 0.4437], [72.99946, 0.44358], [72.99948, 0.44331], [72.9998, 0.44303], [73.00004, 0.44225], [72.99999, 0.44168], [73.00012, 0.44066], [73.00033, 0.44006], [73.00087, 0.43978], [73.00087, 0.43969], [73.00052, 0.43955], [73.00127, 0.43767], [73.00148, 0.43737], [73.00286, 0.43752], [73.00315, 0.43731], [73.0041, 0.43702], [73.00463, 0.43658], [73.00492, 0.43661], [73.00504, 0.43716], [73.00491, 0.43727], [73.00521, 0.43811], [73.00504, 0.43938], [73.00508, 0.43996], [73.00473, 0.44012], [73.00493, 0.44126], [73.00535, 0.44139], [73.00583, 0.44215], [73.00653, 0.44367], [73.00666, 0.44423], [73.00716, 0.44543], [73.00744, 0.44583], [73.00837, 0.446], [73.00703, 0.4465], [73.00693, 0.44697], [73.00711, 0.44764], [73.00724, 0.44868], [73.00733, 0.44868], [73.00733, 0.44877], [73.0078, 0.44906], [73.00961, 0.44864], [73.00994, 0.44877], [73.00997, 0.44867], [73.01014, 0.44883], [73.00972, 0.44891], [73.0084, 0.44944], [73.00742, 0.44949], [73.00742, 0.44958], [73.00689, 0.44967], [73.00689, 0.44976], [73.00608, 0.44976], [73.00608, 0.44985], [73.00599, 0.44985], [73.00553, 0.45038], [73.00522, 0.45052]]]}}, {"type": "Feature", "properties": {"id": "Z29-065", "kind": "island", "lat": 0.4519, "lon": 73.53518, "area_km2": 0.0218, "zone": "Z29"}, "geometry": {"type": "Polygon", "coordinates": [[[73.53527, 0.45128], [73.53581, 0.45153], [73.53603, 0.4521], [73.53583, 0.45244], [73.53528, 0.45267], [73.53456, 0.45256], [73.53437, 0.4517], [73.53452, 0.45133], [73.53527, 0.45128]]]}}, {"type": "Feature", "properties": {"id": "Z30-017", "kind": "island", "lat": 0.45202, "lon": 72.99964, "area_km2": 0.0215, "zone": "Z30"}, "geometry": {"type": "Polygon", "coordinates": [[[72.99929, 0.45135], [73.00057, 0.45208], [73.00097, 0.45274], [73.00087, 0.4529], [73.0006, 0.4529], [73.0006, 0.45281], [73.00027, 0.45275], [72.99997, 0.45236], [72.99953, 0.45231], [72.99943, 0.45218], [72.99904, 0.45213], [72.99851, 0.45182], [72.99836, 0.45163], [72.99841, 0.45125], [72.99929, 0.45135]]]}}, {"type": "Feature", "properties": {"id": "Z30-016", "kind": "island", "lat": 0.45425, "lon": 72.99694, "area_km2": 0.0004, "zone": "Z30"}, "geometry": {"type": "Polygon", "coordinates": [[[72.99708, 0.4543], [72.99689, 0.45437], [72.99679, 0.4542], [72.997, 0.45416], [72.99708, 0.4543]]]}}, {"type": "Feature", "properties": {"id": "Z30-015", "kind": "island", "lat": 0.45522, "lon": 72.99968, "area_km2": 0.0186, "zone": "Z30"}, "geometry": {"type": "Polygon", "coordinates": [[[72.99916, 0.45559], [72.9988, 0.45541], [72.99915, 0.45459], [72.99998, 0.45467], [73.00049, 0.45504], [73.0004, 0.45593], [73.00015, 0.45608], [72.99988, 0.45575], [72.99942, 0.45543], [72.99916, 0.45559]]]}}, {"type": "Feature", "properties": {"id": "Z30-014", "kind": "island", "lat": 0.45892, "lon": 72.99843, "area_km2": 0.3685, "zone": "Z30"}, "geometry": {"type": "Polygon", "coordinates": [[[72.99916, 0.45559], [72.9993, 0.4561], [72.99955, 0.45633], [73.00038, 0.45645], [73.00056, 0.45664], [73.00054, 0.45699], [73.00081, 0.45708], [73.00091, 0.45627], [73.00121, 0.4555], [73.00256, 0.45611], [73.00233, 0.45666], [73.00197, 0.457], [73.00217, 0.45781], [73.00141, 0.4578], [73.00069, 0.45965], [73.00097, 0.45991], [73.0005, 0.46022], [73.00036, 0.46052], [72.99984, 0.461], [72.99966, 0.46139], [72.99941, 0.46166], [72.99894, 0.4613], [72.99859, 0.46121], [72.99798, 0.46171], [72.99773, 0.46251], [72.99757, 0.46266], [72.99722, 0.46264], [72.99682, 0.46229], [72.99669, 0.46279], [72.99696, 0.46319], [72.99668, 0.46327], [72.99619, 0.46204], [72.99629, 0.46107], [72.99611, 0.46062], [72.9958, 0.45844], [72.99601, 0.45647], [72.99717, 0.45602], [72.99831, 0.45589], [72.99875, 0.45554], [72.99916, 0.45559]]]}}, {"type": "Feature", "properties": {"id": "Z29-064", "kind": "island", "lat": 0.46132, "lon": 73.56416, "area_km2": 0.1262, "zone": "Z29"}, "geometry": {"type": "Polygon", "coordinates": [[[73.56558, 0.45942], [73.56586, 0.46071], [73.56523, 0.46161], [73.5649, 0.46247], [73.56429, 0.46345], [73.56397, 0.46372], [73.56247, 0.46381], [73.56236, 0.46338], [73.56264, 0.462], [73.56327, 0.46013], [73.56364, 0.45966], [73.56528, 0.45901], [73.56558, 0.45942]]]}}, {"type": "Feature", "properties": {"id": "Z30-013", "kind": "island", "lat": 0.46249, "lon": 73.15488, "area_km2": 0.0552, "zone": "Z30"}, "geometry": {"type": "Polygon", "coordinates": [[[73.15511, 0.46152], [73.15561, 0.46156], [73.15619, 0.46199], [73.1561, 0.46206], [73.15606, 0.46274], [73.15583, 0.46325], [73.15556, 0.46332], [73.15503, 0.46375], [73.1544, 0.46399], [73.15385, 0.46379], [73.15354, 0.46287], [73.15377, 0.46223], [73.15502, 0.46152], [73.15506, 0.46141], [73.15511, 0.46152]]]}}, {"type": "Feature", "properties": {"id": "Z29-063", "kind": "island", "lat": 0.46676, "lon": 73.56206, "area_km2": 0.0047, "zone": "Z29"}, "geometry": {"type": "Polygon", "coordinates": [[[73.56234, 0.46595], [73.56222, 0.46601], [73.56235, 0.46638], [73.56209, 0.46714], [73.56184, 0.46713], [73.56198, 0.46613], [73.56214, 0.46583], [73.56234, 0.46595]]]}}, {"type": "Feature", "properties": {"id": "Z29-062", "kind": "island", "lat": 0.47764, "lon": 73.55853, "area_km2": 0.3834, "zone": "Z29"}, "geometry": {"type": "Polygon", "coordinates": [[[73.5588, 0.4805], [73.55849, 0.48143], [73.55821, 0.4817], [73.55701, 0.48209], [73.55652, 0.4826], [73.5535, 0.48254], [73.55314, 0.48211], [73.55274, 0.4818], [73.55203, 0.48164], [73.55414, 0.48048], [73.55414, 0.48039], [73.55423, 0.48039], [73.55452, 0.48001], [73.55477, 0.47994], [73.55477, 0.47985], [73.55486, 0.47985], [73.55501, 0.47963], [73.55522, 0.47958], [73.55522, 0.4794], [73.55584, 0.47906], [73.55648, 0.47839], [73.5576, 0.47688], [73.55824, 0.47575], [73.55879, 0.47451], [73.56021, 0.47172], [73.56043, 0.47172], [73.56057, 0.47352], [73.56055, 0.47498], [73.56015, 0.47715], [73.5599, 0.47813], [73.5588, 0.4805]]]}}, {"type": "Feature", "properties": {"id": "Z30-011", "kind": "island", "lat": 0.49475, "lon": 73.17239, "area_km2": 0.0119, "zone": "Z30"}, "geometry": {"type": "Polygon", "coordinates": [[[73.17222, 0.49393], [73.17287, 0.49483], [73.17284, 0.49521], [73.17262, 0.49561], [73.17206, 0.4954], [73.17195, 0.49467], [73.17222, 0.49393]]]}}, {"type": "Feature", "properties": {"id": "Z30-012", "kind": "island", "lat": 0.48731, "lon": 72.99364, "area_km2": 1.6764, "zone": "Z30"}, "geometry": {"type": "Polygon", "coordinates": [[[72.99611, 0.49674], [72.99548, 0.49683], [72.99518, 0.49674], [72.99507, 0.49648], [72.9947, 0.4962], [72.99404, 0.49593], [72.99341, 0.49593], [72.99341, 0.49584], [72.99235, 0.49614], [72.99163, 0.49582], [72.99152, 0.49539], [72.99115, 0.49513], [72.98952, 0.49261], [72.98961, 0.4912], [72.98942, 0.48959], [72.98929, 0.48911], [72.98847, 0.48851], [72.98852, 0.48765], [72.98946, 0.48423], [72.98987, 0.48331], [72.99033, 0.48191], [72.9913, 0.48053], [72.99161, 0.47994], [72.99175, 0.4794], [72.9922, 0.47884], [72.99288, 0.47834], [72.99356, 0.47824], [72.99377, 0.47832], [72.99432, 0.4782], [72.9944, 0.4785], [72.99449, 0.4785], [72.99486, 0.47942], [72.99587, 0.48043], [72.99727, 0.48048], [72.99751, 0.48038], [72.99822, 0.48056], [72.9988, 0.48124], [72.99899, 0.48191], [72.99889, 0.48272], [72.99883, 0.48453], [72.99871, 0.48488], [72.99883, 0.48492], [72.99871, 0.48497], [72.99866, 0.4851], [72.99853, 0.48614], [72.99867, 0.48697], [72.9986, 0.48875], [72.99887, 0.48968], [72.99864, 0.48977], [72.99826, 0.48964], [72.99772, 0.49018], [72.9979, 0.4908], [72.99714, 0.4915], [72.99678, 0.49245], [72.99667, 0.49304], [72.99655, 0.49314], [72.99665, 0.49339], [72.99653, 0.49485], [72.9966, 0.49581], [72.99633, 0.49605], [72.99624, 0.49661], [72.99611, 0.49665], [72.99611, 0.49674]]]}}, {"type": "Feature", "properties": {"id": "Z30-010", "kind": "island", "lat": 0.4965, "lon": 72.98939, "area_km2": 0.0307, "zone": "Z30"}, "geometry": {"type": "Polygon", "coordinates": [[[72.99129, 0.49709], [72.99081, 0.49701], [72.99054, 0.49706], [72.9898, 0.49691], [72.9882, 0.49701], [72.98784, 0.49695], [72.98793, 0.49656], [72.98815, 0.49627], [72.98918, 0.49592], [72.99045, 0.49624], [72.99077, 0.49644], [72.99099, 0.49683], [72.99129, 0.49709]]]}}, {"type": "Feature", "properties": {"id": "Z30-009", "kind": "island", "lat": 0.50067, "lon": 72.9895, "area_km2": 0.0001, "zone": "Z30"}, "geometry": {"type": "Polygon", "coordinates": [[[72.98952, 0.50071], [72.98944, 0.50063], [72.98955, 0.5006], [72.98952, 0.50071]]]}}, {"type": "Feature", "properties": {"id": "Z29-058", "kind": "island", "lat": 0.50611, "lon": 73.49946, "area_km2": 0.0024, "zone": "Z29"}, "geometry": {"type": "Polygon", "coordinates": [[[73.49972, 0.50609], [73.49929, 0.50635], [73.49876, 0.50645], [73.49961, 0.50581], [73.49972, 0.50609]]]}}, {"type": "Feature", "properties": {"id": "Z29-059", "kind": "island", "lat": 0.50582, "lon": 73.49793, "area_km2": 0.0371, "zone": "Z29"}, "geometry": {"type": "Polygon", "coordinates": [[[73.4976, 0.50658], [73.4975, 0.50666], [73.49746, 0.50626], [73.49719, 0.50626], [73.4971, 0.50608], [73.49664, 0.50595], [73.49652, 0.50569], [73.49701, 0.50563], [73.498, 0.50489], [73.49936, 0.50497], [73.49947, 0.50557], [73.499, 0.50615], [73.49791, 0.50648], [73.49755, 0.50635], [73.4976, 0.50658]]]}}, {"type": "Feature", "properties": {"id": "Z29-057", "kind": "island", "lat": 0.50662, "lon": 73.49804, "area_km2": 0.0007, "zone": "Z29"}, "geometry": {"type": "Polygon", "coordinates": [[[73.49819, 0.50667], [73.4978, 0.50674], [73.49789, 0.50656], [73.49826, 0.50653], [73.49819, 0.50667]]]}}, {"type": "Feature", "properties": {"id": "Z29-060", "kind": "island", "lat": 0.50562, "lon": 73.45415, "area_km2": 0.0633, "zone": "Z29"}, "geometry": {"type": "Polygon", "coordinates": [[[73.45526, 0.50463], [73.45562, 0.50505], [73.45536, 0.50574], [73.4548, 0.50642], [73.45429, 0.50667], [73.45326, 0.50693], [73.4525, 0.50673], [73.45259, 0.506], [73.45272, 0.5059], [73.45277, 0.50569], [73.45299, 0.50554], [73.45308, 0.50519], [73.45335, 0.505], [73.4534, 0.5048], [73.4538, 0.50473], [73.45397, 0.50454], [73.45461, 0.50439], [73.45526, 0.50463]]]}}, {"type": "Feature", "properties": {"id": "Z29-061", "kind": "island", "lat": 0.49959, "lon": 73.5483, "area_km2": 1.0668, "zone": "Z29"}, "geometry": {"type": "Polygon", "coordinates": [[[73.55344, 0.49621], [73.55313, 0.49719], [73.55285, 0.49772], [73.55269, 0.49822], [73.55189, 0.49925], [73.55113, 0.50065], [73.5503, 0.50182], [73.54934, 0.50299], [73.54828, 0.50452], [73.5476, 0.50509], [73.54678, 0.50557], [73.54525, 0.50733], [73.54466, 0.50771], [73.54404, 0.50783], [73.54393, 0.50557], [73.54405, 0.5035], [73.54484, 0.50047], [73.54493, 0.49939], [73.54523, 0.4985], [73.54565, 0.49777], [73.54597, 0.49748], [73.54673, 0.49651], [73.5474, 0.49611], [73.5475, 0.49572], [73.54876, 0.49343], [73.54947, 0.49241], [73.55114, 0.49162], [73.55257, 0.49148], [73.55361, 0.49119], [73.5543, 0.49143], [73.55491, 0.49176], [73.55542, 0.49266], [73.55457, 0.49383], [73.55431, 0.49451], [73.55344, 0.49621]]]}}, {"type": "Feature", "properties": {"id": "Z30-008", "kind": "island", "lat": 0.50637, "lon": 72.9902, "area_km2": 0.0388, "zone": "Z30"}, "geometry": {"type": "Polygon", "coordinates": [[[72.99084, 0.50575], [72.99063, 0.50599], [72.99063, 0.50671], [72.99075, 0.5068], [72.99063, 0.50689], [72.99122, 0.50783], [72.99118, 0.50807], [72.99049, 0.50819], [72.98996, 0.50724], [72.9896, 0.50567], [72.98971, 0.50508], [72.99045, 0.50527], [72.99045, 0.50518], [72.99072, 0.50509], [72.99125, 0.50469], [72.99138, 0.50509], [72.99117, 0.50527], [72.99099, 0.50572], [72.99084, 0.50575]]]}}, {"type": "Feature", "properties": {"id": "Z30-007", "kind": "island", "lat": 0.51082, "lon": 73.14756, "area_km2": 0.0154, "zone": "Z30"}, "geometry": {"type": "Polygon", "coordinates": [[[73.14783, 0.51096], [73.14729, 0.51138], [73.14726, 0.51153], [73.14698, 0.51159], [73.1469, 0.51131], [73.1472, 0.5112], [73.14726, 0.51065], [73.14766, 0.51008], [73.14783, 0.51003], [73.14803, 0.50981], [73.14876, 0.51001], [73.14889, 0.51043], [73.14859, 0.51069], [73.14801, 0.51021], [73.14797, 0.51062], [73.14783, 0.51096]]]}}, {"type": "Feature", "properties": {"id": "Z29-056", "kind": "island", "lat": 0.51362, "lon": 73.54232, "area_km2": 0.0233, "zone": "Z29"}, "geometry": {"type": "Polygon", "coordinates": [[[73.54304, 0.51222], [73.54282, 0.51237], [73.54282, 0.51255], [73.54294, 0.51265], [73.54264, 0.51402], [73.54245, 0.51452], [73.54213, 0.51466], [73.54188, 0.51443], [73.54179, 0.514], [73.54226, 0.51226], [73.5428, 0.51184], [73.54304, 0.51222]]]}}, {"type": "Feature", "properties": {"id": "Z30-006", "kind": "island", "lat": 0.51644, "lon": 72.99448, "area_km2": 0.0014, "zone": "Z30"}, "geometry": {"type": "Polygon", "coordinates": [[[72.99431, 0.51623], [72.9947, 0.51634], [72.9946, 0.51655], [72.99431, 0.51659], [72.99431, 0.51623]]]}}, {"type": "Feature", "properties": {"id": "Z30-004", "kind": "island", "lat": 0.5177, "lon": 72.99436, "area_km2": 0.0016, "zone": "Z30"}, "geometry": {"type": "Polygon", "coordinates": [[[72.99454, 0.51783], [72.99427, 0.51804], [72.99418, 0.51757], [72.99449, 0.51749], [72.99454, 0.51783]]]}}, {"type": "Feature", "properties": {"id": "Z30-005", "kind": "island", "lat": 0.51693, "lon": 72.99196, "area_km2": 0.0164, "zone": "Z30"}, "geometry": {"type": "Polygon", "coordinates": [[[72.99223, 0.51704], [72.99251, 0.51749], [72.99271, 0.5176], [72.99281, 0.51787], [72.99269, 0.51794], [72.99277, 0.51809], [72.99218, 0.51809], [72.99177, 0.51794], [72.99166, 0.51683], [72.99194, 0.51617], [72.99232, 0.51592], [72.99223, 0.51704]]]}}, {"type": "Feature", "properties": {"id": "Z29-055", "kind": "island", "lat": 0.51887, "lon": 73.21637, "area_km2": 0.016, "zone": "Z29"}, "geometry": {"type": "Polygon", "coordinates": [[[73.21665, 0.51954], [73.21601, 0.51978], [73.21579, 0.51949], [73.2161, 0.51928], [73.21591, 0.51911], [73.21631, 0.51826], [73.21682, 0.51821], [73.21698, 0.51791], [73.21723, 0.5181], [73.21728, 0.51842], [73.21704, 0.51832], [73.21655, 0.51911], [73.21699, 0.51895], [73.21722, 0.51903], [73.21665, 0.51954]]]}}, {"type": "Feature", "properties": {"id": "Z29-054", "kind": "island", "lat": 0.52135, "lon": 73.54003, "area_km2": 0.0249, "zone": "Z29"}, "geometry": {"type": "Polygon", "coordinates": [[[73.54074, 0.51988], [73.5407, 0.52044], [73.54017, 0.52209], [73.53958, 0.5228], [73.53923, 0.52301], [73.53929, 0.52217], [73.53941, 0.52207], [73.54011, 0.52016], [73.54047, 0.51985], [73.54074, 0.51988]]]}}, {"type": "Feature", "properties": {"id": "Z30-003", "kind": "island", "lat": 0.523, "lon": 73.07442, "area_km2": 0.0439, "zone": "Z30"}, "geometry": {"type": "Polygon", "coordinates": [[[73.07508, 0.52218], [73.07524, 0.5227], [73.07516, 0.52369], [73.07482, 0.5245], [73.07415, 0.52444], [73.07361, 0.5233], [73.07369, 0.52229], [73.07427, 0.52161], [73.07453, 0.52153], [73.07508, 0.52218]]]}}, {"type": "Feature", "properties": {"id": "Z29-053", "kind": "island", "lat": 0.53004, "lon": 73.53723, "area_km2": 0.0114, "zone": "Z29"}, "geometry": {"type": "Polygon", "coordinates": [[[73.53718, 0.53089], [73.53689, 0.53105], [73.53676, 0.53079], [73.53732, 0.529], [73.5377, 0.52904], [73.53763, 0.52967], [73.53743, 0.52997], [73.53755, 0.53002], [73.53743, 0.53006], [73.53743, 0.53033], [73.53734, 0.53033], [73.53718, 0.53089]]]}}, {"type": "Feature", "properties": {"id": "Z29-052", "kind": "island", "lat": 0.53367, "lon": 73.19026, "area_km2": 0.067, "zone": "Z29"}, "geometry": {"type": "Polygon", "coordinates": [[[73.19005, 0.53519], [73.1892, 0.53544], [73.18907, 0.53529], [73.18915, 0.53429], [73.18931, 0.53359], [73.19014, 0.53226], [73.19142, 0.53191], [73.19184, 0.53221], [73.1918, 0.53278], [73.19158, 0.53336], [73.19113, 0.53375], [73.19107, 0.53399], [73.19077, 0.5342], [73.19073, 0.5344], [73.19059, 0.53447], [73.1905, 0.53465], [73.1902, 0.5348], [73.19005, 0.53519]]]}}, {"type": "Feature", "properties": {"id": "Z29-051", "kind": "island", "lat": 0.54035, "lon": 73.34765, "area_km2": 0.0027, "zone": "Z29"}, "geometry": {"type": "Polygon", "coordinates": [[[73.34788, 0.54021], [73.34782, 0.54048], [73.34748, 0.54061], [73.3474, 0.54002], [73.34771, 0.53995], [73.34788, 0.54021]]]}}, {"type": "Feature", "properties": {"id": "Z29-050", "kind": "island", "lat": 0.54054, "lon": 73.34631, "area_km2": 0.0162, "zone": "Z29"}, "geometry": {"type": "Polygon", "coordinates": [[[73.34672, 0.54093], [73.34591, 0.54102], [73.34591, 0.54093], [73.34561, 0.54089], [73.34555, 0.54066], [73.34543, 0.54057], [73.34577, 0.54022], [73.34657, 0.54], [73.34734, 0.54009], [73.34722, 0.5405], [73.34693, 0.54079], [73.34672, 0.54084], [73.34672, 0.54093]]]}}, {"type": "Feature", "properties": {"id": "Z29-049", "kind": "island", "lat": 0.54112, "lon": 73.12411, "area_km2": 0.0127, "zone": "Z29"}, "geometry": {"type": "Polygon", "coordinates": [[[73.12452, 0.5408], [73.12471, 0.54092], [73.12477, 0.54132], [73.12448, 0.54159], [73.12354, 0.54168], [73.12346, 0.54085], [73.12375, 0.54068], [73.12452, 0.5408]]]}}, {"type": "Feature", "properties": {"id": "Z30-002", "kind": "island", "lat": 0.53215, "lon": 72.99712, "area_km2": 1.7865, "zone": "Z30"}, "geometry": {"type": "Polygon", "coordinates": [[[72.99871, 0.52298], [72.99966, 0.52429], [72.99965, 0.52447], [72.99909, 0.52482], [72.99925, 0.52566], [72.99966, 0.52696], [72.99964, 0.52709], [72.99923, 0.52747], [73.0, 0.52999], [73.00053, 0.53015], [73.00102, 0.53071], [73.00183, 0.53305], [73.0018, 0.53358], [73.00239, 0.53563], [73.00348, 0.5369], [73.00492, 0.53751], [73.00504, 0.53804], [73.00483, 0.53842], [73.00361, 0.53919], [73.00174, 0.54012], [73.00124, 0.54069], [73.00053, 0.54082], [72.99898, 0.54145], [72.99872, 0.54175], [72.99799, 0.54217], [72.99739, 0.54214], [72.99603, 0.54019], [72.99498, 0.53829], [72.99476, 0.5377], [72.99403, 0.53709], [72.99364, 0.53544], [72.9933, 0.53466], [72.99302, 0.53371], [72.99264, 0.53182], [72.99241, 0.53003], [72.99251, 0.52841], [72.99218, 0.52698], [72.99222, 0.52634], [72.99214, 0.52499], [72.9924, 0.52349], [72.99286, 0.52332], [72.99377, 0.52342], [72.99384, 0.52334], [72.9953, 0.52315], [72.99793, 0.52266], [72.99871, 0.52298]]]}}, {"type": "Feature", "properties": {"id": "Z30-001", "kind": "island", "lat": 0.54029, "lon": 73.09534, "area_km2": 0.0666, "zone": "Z30"}, "geometry": {"type": "Polygon", "coordinates": [[[73.09555, 0.53878], [73.09591, 0.53896], [73.09622, 0.54006], [73.09605, 0.54134], [73.09577, 0.54256], [73.09551, 0.54268], [73.09481, 0.54159], [73.09452, 0.54052], [73.09452, 0.53872], [73.09465, 0.5386], [73.09465, 0.53851], [73.09453, 0.53843], [73.09463, 0.53806], [73.09484, 0.53784], [73.09499, 0.53808], [73.09492, 0.53824], [73.0951, 0.53833], [73.09525, 0.53863], [73.09537, 0.53869], [73.09543, 0.53857], [73.09555, 0.53878]]]}}, {"type": "Feature", "properties": {"id": "Z29-048", "kind": "island", "lat": 0.54244, "lon": 73.53479, "area_km2": 0.0732, "zone": "Z29"}, "geometry": {"type": "Polygon", "coordinates": [[[73.53405, 0.54635], [73.53393, 0.54641], [73.53388, 0.54656], [73.53362, 0.54654], [73.53374, 0.54461], [73.53384, 0.54453], [73.53393, 0.5439], [73.53429, 0.54282], [73.53483, 0.53986], [73.53496, 0.53864], [73.53507, 0.53812], [73.53523, 0.53784], [73.53531, 0.53948], [73.53518, 0.53959], [73.53531, 0.54169], [73.53508, 0.54356], [73.53492, 0.54399], [73.53503, 0.54403], [73.53492, 0.54408], [73.53465, 0.54498], [73.53476, 0.54502], [73.53465, 0.54507], [73.53438, 0.54587], [73.53429, 0.54587], [73.53405, 0.54635]]]}}, {"type": "Feature", "properties": {"id": "Z29-047", "kind": "island", "lat": 0.55685, "lon": 73.24265, "area_km2": 0.2103, "zone": "Z29"}, "geometry": {"type": "Polygon", "coordinates": [[[73.24206, 0.5545], [73.24224, 0.5545], [73.24237, 0.55473], [73.24391, 0.55572], [73.24435, 0.55593], [73.24503, 0.55666], [73.24516, 0.55726], [73.24495, 0.55766], [73.24407, 0.5584], [73.24339, 0.5588], [73.24224, 0.55917], [73.24107, 0.55912], [73.24019, 0.55894], [73.23961, 0.55863], [73.23951, 0.55839], [73.24002, 0.55791], [73.24016, 0.55705], [73.24035, 0.5565], [73.24019, 0.55619], [73.24104, 0.55536], [73.24155, 0.55438], [73.24162, 0.5545], [73.24188, 0.55441], [73.24206, 0.55441], [73.24206, 0.5545]]]}}, {"type": "Feature", "properties": {"id": "Z29-046", "kind": "island", "lat": 0.56267, "lon": 73.5259, "area_km2": 0.1938, "zone": "Z29"}, "geometry": {"type": "Polygon", "coordinates": [[[73.52767, 0.5594], [73.52858, 0.56022], [73.52812, 0.5613], [73.528, 0.56142], [73.52791, 0.56189], [73.52725, 0.5631], [73.52649, 0.56408], [73.5256, 0.56496], [73.52539, 0.56501], [73.52532, 0.56515], [73.52512, 0.56519], [73.52509, 0.56533], [73.52445, 0.56569], [73.5235, 0.56577], [73.52357, 0.5649], [73.52402, 0.56341], [73.52455, 0.56219], [73.52516, 0.56167], [73.52619, 0.55992], [73.52699, 0.55937], [73.52767, 0.5594]]]}}, {"type": "Feature", "properties": {"id": "Z29-045", "kind": "island", "lat": 0.56962, "lon": 73.52008, "area_km2": 0.0336, "zone": "Z29"}, "geometry": {"type": "Polygon", "coordinates": [[[73.5191, 0.5695], [73.51884, 0.56981], [73.51878, 0.56954], [73.51915, 0.56909], [73.51928, 0.56914], [73.5196, 0.56887], [73.5203, 0.56874], [73.52073, 0.56906], [73.52112, 0.5697], [73.52092, 0.57023], [73.52022, 0.57043], [73.5195, 0.57034], [73.51903, 0.57006], [73.5191, 0.5695]]]}}, {"type": "Feature", "properties": {"id": "Z29-044", "kind": "island", "lat": 0.57026, "lon": 73.19314, "area_km2": 0.0007, "zone": "Z29"}, "geometry": {"type": "Polygon", "coordinates": [[[73.19331, 0.57035], [73.19307, 0.57043], [73.19299, 0.57017], [73.1932, 0.57013], [73.19331, 0.57035]]]}}, {"type": "Feature", "properties": {"id": "Z29-043", "kind": "island", "lat": 0.57071, "lon": 73.52054, "area_km2": 0.0003, "zone": "Z29"}, "geometry": {"type": "Polygon", "coordinates": [[[73.52063, 0.57079], [73.52033, 0.57064], [73.52054, 0.57058], [73.52063, 0.57079]]]}}, {"type": "Feature", "properties": {"id": "Z29-042", "kind": "island", "lat": 0.57134, "lon": 73.19178, "area_km2": 0.0455, "zone": "Z29"}, "geometry": {"type": "Polygon", "coordinates": [[[73.19275, 0.57013], [73.19288, 0.57108], [73.1926, 0.57172], [73.19201, 0.57239], [73.19136, 0.5725], [73.19087, 0.57211], [73.19073, 0.5716], [73.19096, 0.57081], [73.19122, 0.57039], [73.19275, 0.57013]]]}}, {"type": "Feature", "properties": {"id": "Z29-041", "kind": "island", "lat": 0.58416, "lon": 73.51305, "area_km2": 0.1014, "zone": "Z29"}, "geometry": {"type": "Polygon", "coordinates": [[[73.5165, 0.58144], [73.51615, 0.58189], [73.51529, 0.58203], [73.51482, 0.58222], [73.51329, 0.58449], [73.51301, 0.58539], [73.51254, 0.58615], [73.51177, 0.58718], [73.51134, 0.58758], [73.51067, 0.58796], [73.51053, 0.58774], [73.51111, 0.58702], [73.51138, 0.5863], [73.5121, 0.58531], [73.51215, 0.58505], [73.51407, 0.58116], [73.51525, 0.58095], [73.51607, 0.58098], [73.51671, 0.58085], [73.5165, 0.58144]]]}}, {"type": "Feature", "properties": {"id": "Z29-040", "kind": "island", "lat": 0.58675, "lon": 73.09352, "area_km2": 0.0402, "zone": "Z29"}, "geometry": {"type": "Polygon", "coordinates": [[[73.09364, 0.58563], [73.09393, 0.58621], [73.09407, 0.58628], [73.09411, 0.58648], [73.09438, 0.58666], [73.09449, 0.58714], [73.0943, 0.58747], [73.09328, 0.58806], [73.09292, 0.58803], [73.09272, 0.5876], [73.09263, 0.58637], [73.09282, 0.5857], [73.09322, 0.58552], [73.09364, 0.58563]]]}}, {"type": "Feature", "properties": {"id": "Z29-039", "kind": "island", "lat": 0.59572, "lon": 73.5006, "area_km2": 0.0445, "zone": "Z29"}, "geometry": {"type": "Polygon", "coordinates": [[[73.50078, 0.59456], [73.5016, 0.59532], [73.50172, 0.59591], [73.50153, 0.59643], [73.5009, 0.59682], [73.50001, 0.59663], [73.4996, 0.59615], [73.49948, 0.59553], [73.49986, 0.59484], [73.50078, 0.59456]]]}}, {"type": "Feature", "properties": {"id": "Z29-037", "kind": "island", "lat": 0.60443, "lon": 73.30949, "area_km2": 0.0315, "zone": "Z29"}, "geometry": {"type": "Polygon", "coordinates": [[[73.30953, 0.60364], [73.30985, 0.60377], [73.31018, 0.60401], [73.31038, 0.60466], [73.31007, 0.60518], [73.30969, 0.60548], [73.30897, 0.60556], [73.30859, 0.60504], [73.30869, 0.60421], [73.30899, 0.6037], [73.30953, 0.60364]]]}}, {"type": "Feature", "properties": {"id": "Z29-038", "kind": "island", "lat": 0.60394, "lon": 73.48674, "area_km2": 0.1523, "zone": "Z29"}, "geometry": {"type": "Polygon", "coordinates": [[[73.48492, 0.60515], [73.484, 0.6057], [73.4829, 0.60615], [73.48244, 0.60623], [73.48232, 0.60614], [73.48254, 0.60597], [73.48263, 0.60579], [73.48281, 0.6057], [73.48355, 0.60461], [73.48402, 0.60422], [73.4855, 0.60336], [73.48635, 0.60268], [73.48733, 0.60216], [73.48775, 0.60211], [73.48861, 0.60167], [73.4892, 0.60153], [73.48928, 0.60184], [73.48937, 0.60184], [73.48937, 0.60193], [73.48946, 0.60193], [73.48956, 0.6021], [73.48964, 0.60256], [73.49002, 0.60303], [73.49009, 0.60346], [73.49, 0.60346], [73.49, 0.60355], [73.48965, 0.60359], [73.48809, 0.6043], [73.48802, 0.60409], [73.48764, 0.60415], [73.48633, 0.60467], [73.48587, 0.60471], [73.48587, 0.6048], [73.48492, 0.60515]]]}}, {"type": "Feature", "properties": {"id": "Z29-036", "kind": "island", "lat": 0.62083, "lon": 73.46197, "area_km2": 0.2818, "zone": "Z29"}, "geometry": {"type": "Polygon", "coordinates": [[[73.4627, 0.62218], [73.46114, 0.6233], [73.46041, 0.62361], [73.45948, 0.62375], [73.45893, 0.62333], [73.45755, 0.62267], [73.45728, 0.62217], [73.45713, 0.62115], [73.45753, 0.62072], [73.45837, 0.62014], [73.45918, 0.62135], [73.46013, 0.62049], [73.46012, 0.62012], [73.46047, 0.62013], [73.46153, 0.61953], [73.46194, 0.61904], [73.46191, 0.61851], [73.46226, 0.61839], [73.46268, 0.61868], [73.46341, 0.61846], [73.46397, 0.61798], [73.46444, 0.61824], [73.46497, 0.61834], [73.46499, 0.61886], [73.46489, 0.61895], [73.46493, 0.61988], [73.46452, 0.62052], [73.46369, 0.62134], [73.4627, 0.62218]]]}}, {"type": "Feature", "properties": {"id": "Z29-035", "kind": "island", "lat": 0.63004, "lon": 73.34481, "area_km2": 0.011, "zone": "Z29"}, "geometry": {"type": "Polygon", "coordinates": [[[73.34465, 0.63041], [73.34456, 0.63059], [73.34402, 0.63086], [73.34371, 0.63093], [73.34363, 0.63075], [73.34399, 0.63065], [73.34411, 0.63041], [73.34429, 0.63032], [73.34429, 0.63023], [73.34438, 0.63023], [73.34459, 0.62985], [73.34492, 0.6296], [73.34492, 0.62951], [73.34501, 0.62951], [73.34523, 0.62922], [73.34553, 0.6294], [73.3454, 0.62984], [73.34465, 0.63041]]]}}, {"type": "Feature", "properties": {"id": "Z29-034", "kind": "island", "lat": 0.63646, "lon": 73.4467, "area_km2": 0.5192, "zone": "Z29"}, "geometry": {"type": "Polygon", "coordinates": [[[73.44234, 0.64207], [73.44199, 0.64202], [73.44172, 0.64136], [73.44163, 0.64082], [73.44216, 0.63993], [73.44392, 0.63813], [73.44434, 0.6375], [73.44473, 0.63665], [73.44507, 0.63536], [73.44535, 0.63466], [73.44517, 0.63432], [73.44571, 0.63419], [73.44648, 0.6327], [73.4463, 0.63253], [73.44628, 0.63214], [73.4476, 0.63121], [73.4476, 0.63113], [73.44769, 0.63113], [73.44786, 0.63088], [73.44881, 0.63069], [73.44928, 0.63079], [73.4494, 0.63095], [73.44956, 0.63088], [73.45029, 0.6313], [73.45101, 0.63196], [73.45086, 0.63276], [73.45065, 0.63292], [73.45065, 0.63355], [73.45056, 0.63355], [73.45069, 0.63412], [73.45035, 0.63465], [73.44979, 0.63511], [73.4497, 0.63533], [73.44885, 0.63615], [73.44764, 0.63764], [73.44605, 0.63936], [73.44532, 0.64053], [73.44445, 0.64137], [73.44427, 0.64163], [73.44392, 0.64173], [73.44392, 0.64182], [73.44356, 0.64199], [73.44266, 0.64199], [73.44234, 0.64207]]]}}, {"type": "Feature", "properties": {"id": "Z29-033", "kind": "island", "lat": 0.65434, "lon": 73.44115, "area_km2": 0.0041, "zone": "Z29"}, "geometry": {"type": "Polygon", "coordinates": [[[73.44144, 0.6545], [73.44122, 0.65485], [73.44084, 0.65497], [73.44098, 0.65417], [73.44122, 0.65403], [73.44144, 0.6545]]]}}, {"type": "Feature", "properties": {"id": "Z29-032", "kind": "island", "lat": 0.65912, "lon": 73.43864, "area_km2": 0.0874, "zone": "Z29"}, "geometry": {"type": "Polygon", "coordinates": [[[73.43974, 0.6589], [73.43954, 0.65941], [73.43919, 0.65955], [73.4388, 0.65987], [73.43835, 0.66041], [73.43817, 0.66077], [73.43792, 0.66168], [73.43772, 0.6618], [73.43772, 0.66073], [73.4379, 0.65987], [73.43763, 0.65933], [73.43763, 0.65888], [73.43772, 0.65888], [73.43772, 0.6587], [73.43786, 0.65867], [73.43794, 0.65815], [73.43821, 0.65737], [73.43874, 0.65667], [73.43897, 0.65654], [73.4396, 0.65646], [73.44003, 0.6563], [73.44034, 0.65668], [73.44025, 0.65736], [73.43982, 0.65829], [73.43974, 0.6589]]]}}, {"type": "Feature", "properties": {"id": "Z29-031", "kind": "island", "lat": 0.66952, "lon": 73.3683, "area_km2": 0.0016, "zone": "Z29"}, "geometry": {"type": "Polygon", "coordinates": [[[73.36839, 0.66969], [73.3681, 0.66979], [73.36816, 0.66935], [73.36855, 0.6693], [73.36839, 0.66969]]]}}, {"type": "Feature", "properties": {"id": "Z29-030", "kind": "island", "lat": 0.67177, "lon": 73.43852, "area_km2": 0.0345, "zone": "Z29"}, "geometry": {"type": "Polygon", "coordinates": [[[73.43871, 0.66992], [73.43892, 0.67119], [73.4388, 0.67128], [73.43907, 0.67302], [73.43898, 0.67326], [73.4391, 0.67335], [73.43901, 0.67395], [73.43879, 0.67392], [73.43871, 0.67362], [73.43846, 0.67345], [73.43824, 0.67271], [73.43809, 0.67113], [73.43817, 0.67092], [73.4382, 0.6697], [73.43837, 0.66945], [73.43871, 0.66992]]]}}, {"type": "Feature", "properties": {"id": "Z29-029", "kind": "island", "lat": 0.68415, "lon": 73.20173, "area_km2": 0.0019, "zone": "Z29"}, "geometry": {"type": "Polygon", "coordinates": [[[73.20173, 0.68431], [73.20145, 0.68427], [73.20134, 0.68408], [73.20209, 0.68404], [73.20209, 0.68422], [73.20173, 0.68431]]]}}, {"type": "Feature", "properties": {"id": "Z29-027", "kind": "island", "lat": 0.68862, "lon": 73.26746, "area_km2": 0.0006, "zone": "Z29"}, "geometry": {"type": "Polygon", "coordinates": [[[73.26765, 0.68867], [73.26737, 0.68874], [73.26728, 0.68857], [73.26758, 0.68853], [73.26765, 0.68867]]]}}, {"type": "Feature", "properties": {"id": "Z29-028", "kind": "island", "lat": 0.68853, "lon": 73.26676, "area_km2": 0.0049, "zone": "Z29"}, "geometry": {"type": "Polygon", "coordinates": [[[73.26658, 0.68884], [73.26628, 0.68864], [73.26659, 0.68835], [73.26659, 0.68826], [73.26696, 0.68807], [73.26721, 0.68827], [73.26713, 0.68862], [73.26704, 0.68862], [73.26704, 0.68871], [73.26658, 0.68884]]]}}, {"type": "Feature", "properties": {"id": "Z29-026", "kind": "island", "lat": 0.69046, "lon": 73.44143, "area_km2": 0.1701, "zone": "Z29"}, "geometry": {"type": "Polygon", "coordinates": [[[73.44155, 0.69544], [73.44116, 0.69717], [73.44092, 0.69728], [73.44113, 0.69517], [73.44113, 0.69374], [73.441, 0.69322], [73.44113, 0.69293], [73.44099, 0.69235], [73.44086, 0.6905], [73.44077, 0.69042], [73.44059, 0.68986], [73.44068, 0.68848], [73.44042, 0.68539], [73.4405, 0.68502], [73.4403, 0.68416], [73.44045, 0.68372], [73.44133, 0.68447], [73.44181, 0.68542], [73.44203, 0.68625], [73.44221, 0.68751], [73.44213, 0.68817], [73.44224, 0.68906], [73.44212, 0.68916], [73.44218, 0.68929], [73.44203, 0.68961], [73.44215, 0.69035], [73.44203, 0.69041], [73.4421, 0.6906], [73.442, 0.69213], [73.44185, 0.6933], [73.44176, 0.69338], [73.44183, 0.69352], [73.44176, 0.69356], [73.44181, 0.69369], [73.44158, 0.69491], [73.44158, 0.69526], [73.44149, 0.69526], [73.44155, 0.69544]]]}}, {"type": "Feature", "properties": {"id": "Z29-025", "kind": "island", "lat": 0.69776, "lon": 73.44091, "area_km2": 0.0001, "zone": "Z29"}, "geometry": {"type": "Polygon", "coordinates": [[[73.44092, 0.6978], [73.44084, 0.69772], [73.44095, 0.69769], [73.44092, 0.6978]]]}}, {"type": "Feature", "properties": {"id": "Z29-024", "kind": "island", "lat": 0.7032, "lon": 73.44032, "area_km2": 0.0298, "zone": "Z29"}, "geometry": {"type": "Polygon", "coordinates": [[[73.44087, 0.70224], [73.44069, 0.70289], [73.44074, 0.70351], [73.44063, 0.70435], [73.43984, 0.70502], [73.43959, 0.705], [73.43967, 0.70403], [73.44021, 0.70188], [73.44068, 0.70182], [73.44087, 0.70224]]]}}, {"type": "Feature", "properties": {"id": "Z29-023", "kind": "island", "lat": 0.71375, "lon": 73.28555, "area_km2": 0.0124, "zone": "Z29"}, "geometry": {"type": "Polygon", "coordinates": [[[73.28656, 0.71337], [73.28644, 0.71341], [73.28652, 0.71359], [73.28617, 0.71368], [73.28611, 0.7138], [73.28587, 0.71392], [73.28581, 0.71422], [73.28493, 0.71416], [73.28497, 0.71369], [73.28555, 0.71329], [73.28614, 0.7132], [73.28644, 0.71332], [73.28648, 0.71321], [73.28656, 0.71337]]]}}, {"type": "Feature", "properties": {"id": "Z29-022", "kind": "island", "lat": 0.71376, "lon": 73.43955, "area_km2": 0.4687, "zone": "Z29"}, "geometry": {"type": "Polygon", "coordinates": [[[73.43998, 0.70794], [73.44005, 0.7082], [73.44034, 0.70829], [73.44087, 0.70946], [73.44077, 0.70955], [73.44111, 0.71018], [73.44145, 0.71157], [73.44163, 0.71273], [73.44152, 0.71571], [73.44109, 0.71674], [73.44055, 0.71751], [73.44024, 0.71833], [73.43974, 0.71912], [73.43896, 0.71994], [73.43798, 0.71969], [73.43735, 0.71935], [73.437, 0.71896], [73.43683, 0.71788], [73.43687, 0.7172], [73.43721, 0.71658], [73.43743, 0.71486], [73.43731, 0.71453], [73.43744, 0.71379], [73.43788, 0.71314], [73.43853, 0.71], [73.43889, 0.70865], [73.43907, 0.70838], [73.43925, 0.70775], [73.43942, 0.70753], [73.43998, 0.70794]]]}}, {"type": "Feature", "properties": {"id": "Z29-021", "kind": "island", "lat": 0.72698, "lon": 73.28513, "area_km2": 0.0155, "zone": "Z29"}, "geometry": {"type": "Polygon", "coordinates": [[[73.28576, 0.72643], [73.28563, 0.7268], [73.28576, 0.72689], [73.28554, 0.72707], [73.28565, 0.72732], [73.28539, 0.72765], [73.28477, 0.72773], [73.28455, 0.72742], [73.28464, 0.7267], [73.2852, 0.7263], [73.28576, 0.72643]]]}}, {"type": "Feature", "properties": {"id": "Z29-020", "kind": "island", "lat": 0.73396, "lon": 73.43329, "area_km2": 0.7055, "zone": "Z29"}, "geometry": {"type": "Polygon", "coordinates": [[[73.43433, 0.74172], [73.43416, 0.74251], [73.43372, 0.74265], [73.43356, 0.74282], [73.43345, 0.74247], [73.43359, 0.74135], [73.43327, 0.74047], [73.433, 0.74023], [73.43248, 0.73952], [73.43202, 0.73932], [73.43084, 0.73917], [73.43086, 0.73878], [73.43058, 0.7388], [73.4309, 0.73803], [73.4306, 0.73736], [73.42995, 0.73715], [73.43005, 0.73695], [73.43061, 0.73645], [73.43094, 0.73538], [73.43116, 0.73515], [73.43125, 0.7349], [73.43114, 0.73302], [73.43183, 0.73097], [73.43231, 0.72977], [73.43242, 0.72967], [73.43246, 0.72935], [73.4332, 0.72747], [73.43412, 0.72626], [73.43421, 0.72588], [73.43409, 0.72518], [73.43419, 0.72461], [73.43452, 0.72451], [73.43514, 0.72476], [73.43524, 0.72514], [73.43489, 0.72583], [73.4352, 0.72635], [73.4357, 0.72639], [73.43628, 0.7267], [73.43723, 0.72755], [73.43803, 0.72765], [73.43834, 0.72786], [73.43808, 0.72835], [73.43737, 0.72845], [73.43681, 0.72826], [73.43639, 0.72828], [73.4358, 0.72894], [73.43547, 0.72967], [73.43529, 0.7312], [73.43538, 0.7312], [73.43538, 0.73219], [73.43529, 0.73219], [73.4354, 0.73241], [73.43529, 0.73263], [73.43541, 0.73275], [73.43532, 0.73738], [73.43511, 0.73847], [73.43523, 0.73852], [73.43511, 0.73856], [73.43501, 0.73903], [73.43448, 0.73964], [73.43461, 0.73999], [73.43417, 0.74048], [73.4341, 0.74094], [73.43426, 0.74076], [73.43438, 0.74077], [73.43433, 0.74172]]]}}, {"type": "Feature", "properties": {"id": "Z29-019", "kind": "island", "lat": 0.75564, "lon": 73.43571, "area_km2": 1.0406, "zone": "Z29"}, "geometry": {"type": "Polygon", "coordinates": [[[73.43834, 0.76322], [73.43673, 0.76327], [73.4365, 0.76347], [73.43577, 0.76376], [73.43538, 0.76381], [73.43534, 0.76404], [73.43513, 0.76432], [73.43464, 0.76447], [73.43425, 0.7637], [73.43423, 0.76308], [73.43407, 0.76296], [73.43394, 0.76262], [73.43341, 0.76237], [73.43251, 0.76273], [73.43173, 0.7632], [73.43141, 0.76331], [73.43103, 0.76243], [73.43154, 0.76041], [73.43231, 0.75866], [73.43227, 0.75804], [73.4324, 0.75755], [73.43233, 0.75734], [73.43224, 0.75734], [73.43215, 0.75649], [73.43272, 0.7565], [73.4329, 0.75615], [73.43309, 0.75487], [73.43273, 0.75434], [73.43291, 0.75388], [73.43323, 0.75378], [73.43338, 0.75349], [73.43372, 0.75187], [73.43362, 0.75077], [73.43301, 0.75032], [73.43379, 0.74933], [73.4349, 0.74904], [73.43666, 0.74883], [73.43704, 0.74831], [73.43727, 0.74818], [73.43731, 0.74763], [73.43768, 0.74769], [73.43828, 0.74833], [73.43866, 0.74896], [73.43893, 0.7501], [73.43866, 0.75073], [73.43835, 0.75204], [73.43847, 0.7527], [73.43835, 0.75276], [73.43835, 0.75294], [73.43844, 0.75294], [73.43844, 0.75653], [73.43835, 0.75653], [73.43852, 0.75721], [73.43829, 0.75849], [73.43817, 0.7586], [73.43808, 0.75933], [73.43813, 0.7616], [73.43834, 0.76322]]]}}, {"type": "Feature", "properties": {"id": "Z29-018", "kind": "island", "lat": 0.76783, "lon": 73.42922, "area_km2": 0.0253, "zone": "Z29"}, "geometry": {"type": "Polygon", "coordinates": [[[73.43003, 0.76712], [73.42934, 0.76841], [73.42896, 0.76889], [73.42875, 0.76906], [73.42829, 0.76911], [73.42838, 0.7687], [73.42906, 0.76736], [73.42918, 0.76687], [73.42945, 0.76668], [73.42945, 0.76659], [73.42954, 0.76659], [73.42954, 0.7665], [73.42963, 0.7665], [73.42963, 0.76632], [73.42981, 0.76632], [73.42995, 0.76644], [73.43003, 0.76712]]]}}, {"type": "Feature", "properties": {"id": "Z29-017", "kind": "island", "lat": 0.79468, "lon": 73.22508, "area_km2": 0.009, "zone": "Z29"}, "geometry": {"type": "Polygon", "coordinates": [[[73.22562, 0.79441], [73.2251, 0.79525], [73.2247, 0.79538], [73.2246, 0.79495], [73.22487, 0.79429], [73.22554, 0.79417], [73.22562, 0.79441]]]}}, {"type": "Feature", "properties": {"id": "Z29-016", "kind": "island", "lat": 0.81202, "lon": 73.20725, "area_km2": 0.0016, "zone": "Z29"}, "geometry": {"type": "Polygon", "coordinates": [[[73.20727, 0.81174], [73.20748, 0.81223], [73.20718, 0.81217], [73.207, 0.81191], [73.20727, 0.81174]]]}}, {"type": "Feature", "properties": {"id": "Z29-015", "kind": "island", "lat": 0.81981, "lon": 73.20222, "area_km2": 0.0805, "zone": "Z29"}, "geometry": {"type": "Polygon", "coordinates": [[[73.20393, 0.81839], [73.20394, 0.8189], [73.20384, 0.81929], [73.20349, 0.81962], [73.20256, 0.82028], [73.20191, 0.82095], [73.20128, 0.82137], [73.20008, 0.82188], [73.19998, 0.82119], [73.20281, 0.81806], [73.20281, 0.81797], [73.2029, 0.81797], [73.2029, 0.81788], [73.20409, 0.81775], [73.20393, 0.81839]]]}}, {"type": "Feature", "properties": {"id": "Z29-014", "kind": "island", "lat": 0.83697, "lon": 73.1843, "area_km2": 0.3388, "zone": "Z29"}, "geometry": {"type": "Polygon", "coordinates": [[[73.18609, 0.83802], [73.18588, 0.83822], [73.18516, 0.83999], [73.18578, 0.8402], [73.18552, 0.84075], [73.18433, 0.84183], [73.18364, 0.84218], [73.18178, 0.84022], [73.18111, 0.83935], [73.18123, 0.83845], [73.18237, 0.83651], [73.18315, 0.83574], [73.18383, 0.83528], [73.18435, 0.83545], [73.18476, 0.83576], [73.18622, 0.83631], [73.18705, 0.835], [73.18745, 0.8338], [73.1873, 0.83304], [73.18695, 0.83253], [73.18713, 0.8323], [73.18745, 0.83226], [73.18771, 0.83265], [73.18828, 0.83283], [73.18901, 0.83331], [73.18873, 0.83428], [73.1883, 0.83482], [73.18691, 0.83593], [73.18609, 0.83802]]]}}, {"type": "Feature", "properties": {"id": "Z29-013", "kind": "island", "lat": 0.84544, "lon": 73.17948, "area_km2": 0.0149, "zone": "Z29"}, "geometry": {"type": "Polygon", "coordinates": [[[73.17873, 0.84492], [73.17894, 0.84512], [73.18016, 0.84529], [73.18093, 0.8459], [73.17948, 0.84587], [73.17865, 0.84558], [73.17851, 0.84514], [73.17873, 0.84492]]]}}, {"type": "Feature", "properties": {"id": "Z29-012", "kind": "island", "lat": 0.84626, "lon": 73.20791, "area_km2": 0.0002, "zone": "Z29"}, "geometry": {"type": "Polygon", "coordinates": [[[73.20796, 0.8463], [73.20772, 0.84622], [73.20802, 0.84618], [73.20796, 0.8463]]]}}, {"type": "Feature", "properties": {"id": "Z29-010", "kind": "island", "lat": 0.84652, "lon": 73.20786, "area_km2": 0.0002, "zone": "Z29"}, "geometry": {"type": "Polygon", "coordinates": [[[73.20792, 0.84657], [73.20771, 0.84646], [73.20784, 0.84636], [73.20792, 0.84657]]]}}, {"type": "Feature", "properties": {"id": "Z29-011", "kind": "island", "lat": 0.84633, "lon": 73.40871, "area_km2": 0.1477, "zone": "Z29"}, "geometry": {"type": "Polygon", "coordinates": [[[73.40937, 0.8469], [73.40908, 0.84743], [73.40846, 0.84801], [73.40763, 0.84914], [73.40686, 0.84964], [73.40609, 0.85027], [73.40596, 0.84998], [73.4069, 0.84746], [73.40709, 0.84717], [73.407, 0.84717], [73.407, 0.84708], [73.40731, 0.8461], [73.40771, 0.84654], [73.40792, 0.84641], [73.40809, 0.84591], [73.40793, 0.84545], [73.40775, 0.84534], [73.40776, 0.84488], [73.40829, 0.84299], [73.40861, 0.84239], [73.40956, 0.84346], [73.41, 0.84431], [73.4096, 0.84528], [73.4096, 0.84555], [73.40951, 0.84555], [73.40959, 0.84572], [73.40942, 0.84609], [73.40948, 0.84626], [73.40937, 0.8469]]]}}, {"type": "Feature", "properties": {"id": "Z29-009", "kind": "island", "lat": 0.84882, "lon": 73.24256, "area_km2": 0.065, "zone": "Z29"}, "geometry": {"type": "Polygon", "coordinates": [[[73.2435, 0.84785], [73.24382, 0.84844], [73.24353, 0.8497], [73.24307, 0.85047], [73.24254, 0.85063], [73.24144, 0.84948], [73.2413, 0.84917], [73.24148, 0.84846], [73.24162, 0.84834], [73.24185, 0.84782], [73.24214, 0.84757], [73.2435, 0.84785]]]}}, {"type": "Feature", "properties": {"id": "Z29-008", "kind": "island", "lat": 0.85372, "lon": 73.20937, "area_km2": 0.0276, "zone": "Z29"}, "geometry": {"type": "Polygon", "coordinates": [[[73.21047, 0.85347], [73.21057, 0.85392], [73.21021, 0.8542], [73.20976, 0.85438], [73.20899, 0.85427], [73.20892, 0.85418], [73.20829, 0.85412], [73.2082, 0.85382], [73.20824, 0.85362], [73.20872, 0.85332], [73.20979, 0.85297], [73.21047, 0.85347]]]}}, {"type": "Feature", "properties": {"id": "Z29-007", "kind": "island", "lat": 0.85751, "lon": 73.17947, "area_km2": 0.0015, "zone": "Z29"}, "geometry": {"type": "Polygon", "coordinates": [[[73.17975, 0.85763], [73.17933, 0.85772], [73.17924, 0.8574], [73.17954, 0.85732], [73.17975, 0.85763]]]}}, {"type": "Feature", "properties": {"id": "Z29-006", "kind": "island", "lat": 0.8661, "lon": 73.19044, "area_km2": 0.0201, "zone": "Z29"}, "geometry": {"type": "Polygon", "coordinates": [[[73.19117, 0.86586], [73.19096, 0.86665], [73.19028, 0.86697], [73.1896, 0.86684], [73.1896, 0.86675], [73.18951, 0.86675], [73.18961, 0.86634], [73.18998, 0.86582], [73.19094, 0.86548], [73.19117, 0.86586]]]}}, {"type": "Feature", "properties": {"id": "Z29-005", "kind": "island", "lat": 0.87308, "lon": 73.24447, "area_km2": 0.0427, "zone": "Z29"}, "geometry": {"type": "Polygon", "coordinates": [[[73.2453, 0.87062], [73.24557, 0.87086], [73.2457, 0.8713], [73.24532, 0.87232], [73.24461, 0.87383], [73.24415, 0.87416], [73.24382, 0.87405], [73.2441, 0.87228], [73.24435, 0.87161], [73.24486, 0.8707], [73.2453, 0.87062]]]}}, {"type": "Feature", "properties": {"id": "Z29-004", "kind": "island", "lat": 0.8743, "lon": 73.25549, "area_km2": 0.0146, "zone": "Z29"}, "geometry": {"type": "Polygon", "coordinates": [[[73.2563, 0.87454], [73.25594, 0.8747], [73.25583, 0.87482], [73.25503, 0.87453], [73.25491, 0.87439], [73.25473, 0.87439], [73.25473, 0.87412], [73.25482, 0.87412], [73.25482, 0.87394], [73.255, 0.87394], [73.255, 0.87385], [73.25558, 0.8737], [73.2558, 0.87372], [73.25616, 0.87392], [73.2563, 0.87454]]]}}, {"type": "Feature", "properties": {"id": "Z29-003", "kind": "island", "lat": 0.88523, "lon": 73.33648, "area_km2": 0.029, "zone": "Z29"}, "geometry": {"type": "Polygon", "coordinates": [[[73.33693, 0.88557], [73.33629, 0.88584], [73.33553, 0.88595], [73.33493, 0.88585], [73.33507, 0.88556], [73.33522, 0.88553], [73.33522, 0.88544], [73.33531, 0.88544], [73.33585, 0.88499], [73.336, 0.88476], [73.33639, 0.88472], [73.33675, 0.88454], [73.33682, 0.8844], [73.33732, 0.88433], [73.33738, 0.88445], [73.33771, 0.88464], [73.33766, 0.88501], [73.33693, 0.88557]]]}}, {"type": "Feature", "properties": {"id": "Z29-002", "kind": "island", "lat": 0.89662, "lon": 73.34976, "area_km2": 0.0031, "zone": "Z29"}, "geometry": {"type": "Polygon", "coordinates": [[[73.35009, 0.8967], [73.34923, 0.89676], [73.34904, 0.89673], [73.3492, 0.89656], [73.34923, 0.89667], [73.34981, 0.8964], [73.35035, 0.89646], [73.35009, 0.8967]]]}}, {"type": "Feature", "properties": {"id": "Z29-001", "kind": "island", "lat": 0.8971, "lon": 73.34919, "area_km2": 0.0001, "zone": "Z29"}, "geometry": {"type": "Polygon", "coordinates": [[[73.3492, 0.89714], [73.34912, 0.89706], [73.34923, 0.89703], [73.3492, 0.89714]]]}}, {"type": "Feature", "properties": {"id": "Z28-081", "kind": "island", "lat": 1.78056, "lon": 73.35215, "area_km2": 0.0001, "zone": "Z28"}, "geometry": {"type": "Polygon", "coordinates": [[[73.35216, 1.78063], [73.35208, 1.78048], [73.3522, 1.78043], [73.35216, 1.78063]]]}}, {"type": "Feature", "properties": {"id": "Z28-080", "kind": "island", "lat": 1.78061, "lon": 73.35453, "area_km2": 0.0139, "zone": "Z28"}, "geometry": {"type": "Polygon", "coordinates": [[[73.35519, 1.78043], [73.35507, 1.78052], [73.35537, 1.78117], [73.3552, 1.78127], [73.35507, 1.78106], [73.35492, 1.78104], [73.35469, 1.78081], [73.35366, 1.78055], [73.35312, 1.78021], [73.3525, 1.78032], [73.35252, 1.78018], [73.35305, 1.78003], [73.35349, 1.78021], [73.35441, 1.78029], [73.35487, 1.78], [73.35519, 1.78043]]]}}, {"type": "Feature", "properties": {"id": "Z28-078", "kind": "island", "lat": 1.78511, "lon": 73.38774, "area_km2": 0.0073, "zone": "Z28"}, "geometry": {"type": "Polygon", "coordinates": [[[73.38802, 1.78462], [73.38829, 1.78508], [73.38763, 1.78549], [73.38729, 1.78559], [73.38719, 1.78513], [73.38771, 1.78468], [73.38802, 1.78462]]]}}, {"type": "Feature", "properties": {"id": "Z28-077", "kind": "island", "lat": 1.78612, "lon": 73.37621, "area_km2": 0.0031, "zone": "Z28"}, "geometry": {"type": "Polygon", "coordinates": [[[73.37654, 1.786], [73.37642, 1.78624], [73.37602, 1.7863], [73.37579, 1.78585], [73.37645, 1.78582], [73.37654, 1.786]]]}}, {"type": "Feature", "properties": {"id": "Z28-079", "kind": "island", "lat": 1.78264, "lon": 73.36631, "area_km2": 0.8248, "zone": "Z28"}, "geometry": {"type": "Polygon", "coordinates": [[[73.37092, 1.78622], [73.36968, 1.7865], [73.36927, 1.78654], [73.36895, 1.78644], [73.3691, 1.78607], [73.36952, 1.78578], [73.37, 1.78604], [73.37039, 1.78596], [73.37079, 1.78573], [73.37052, 1.78519], [73.37021, 1.78506], [73.3699, 1.78474], [73.36852, 1.7849], [73.36795, 1.78443], [73.36679, 1.78434], [73.36534, 1.78398], [73.36352, 1.78402], [73.36181, 1.7843], [73.36037, 1.78404], [73.35999, 1.78328], [73.35961, 1.7828], [73.36036, 1.78012], [73.36067, 1.7801], [73.36095, 1.7803], [73.36297, 1.78048], [73.36384, 1.78049], [73.36476, 1.78032], [73.365, 1.78021], [73.36529, 1.77988], [73.36562, 1.77975], [73.36734, 1.77957], [73.36747, 1.77962], [73.36755, 1.77952], [73.36947, 1.77928], [73.37002, 1.77912], [73.37115, 1.77904], [73.37167, 1.78033], [73.37196, 1.78205], [73.37232, 1.78223], [73.37241, 1.78241], [73.37271, 1.78249], [73.37336, 1.78287], [73.37349, 1.78303], [73.37598, 1.78382], [73.37683, 1.7846], [73.37694, 1.78501], [73.37642, 1.78548], [73.37543, 1.78561], [73.37515, 1.78605], [73.37497, 1.78613], [73.37394, 1.78566], [73.37319, 1.78543], [73.37223, 1.78537], [73.37183, 1.78544], [73.37124, 1.78573], [73.37097, 1.78591], [73.37092, 1.78622]]]}}, {"type": "Feature", "properties": {"id": "Z28-075", "kind": "island", "lat": 1.78772, "lon": 73.37569, "area_km2": 0.0049, "zone": "Z28"}, "geometry": {"type": "Polygon", "coordinates": [[[73.37564, 1.78699], [73.37617, 1.78737], [73.3756, 1.78807], [73.37535, 1.7882], [73.3756, 1.7873], [73.37557, 1.78704], [73.37564, 1.78699]]]}}, {"type": "Feature", "properties": {"id": "Z28-074", "kind": "island", "lat": 1.78797, "lon": 73.35208, "area_km2": 0.0484, "zone": "Z28"}, "geometry": {"type": "Polygon", "coordinates": [[[73.35334, 1.78731], [73.35346, 1.78744], [73.35367, 1.78749], [73.35401, 1.78788], [73.35413, 1.78837], [73.35168, 1.78854], [73.3498, 1.78847], [73.34964, 1.78828], [73.34987, 1.78806], [73.35223, 1.78727], [73.35334, 1.78731]]]}}, {"type": "Feature", "properties": {"id": "Z28-072", "kind": "island", "lat": 1.78882, "lon": 73.33925, "area_km2": 0.0166, "zone": "Z28"}, "geometry": {"type": "Polygon", "coordinates": [[[73.3398, 1.78942], [73.33913, 1.78934], [73.33885, 1.78899], [73.33884, 1.78829], [73.33943, 1.78872], [73.33989, 1.78891], [73.34079, 1.78914], [73.34099, 1.78907], [73.34182, 1.78912], [73.34218, 1.78942], [73.34061, 1.78932], [73.3398, 1.78942]]]}}, {"type": "Feature", "properties": {"id": "Z28-071", "kind": "island", "lat": 1.78973, "lon": 73.3791, "area_km2": 0.0001, "zone": "Z28"}, "geometry": {"type": "Polygon", "coordinates": [[[73.37915, 1.78986], [73.37903, 1.78981], [73.37911, 1.78966], [73.37915, 1.78986]]]}}, {"type": "Feature", "properties": {"id": "Z28-073", "kind": "island", "lat": 1.78844, "lon": 73.33184, "area_km2": 0.0944, "zone": "Z28"}, "geometry": {"type": "Polygon", "coordinates": [[[73.33382, 1.78837], [73.3343, 1.78951], [73.33412, 1.78984], [73.33369, 1.78999], [73.33338, 1.78945], [73.33297, 1.78896], [73.33217, 1.78874], [73.33181, 1.78896], [73.33109, 1.78961], [73.33064, 1.78972], [73.32951, 1.78928], [73.32947, 1.78905], [73.32947, 1.78896], [73.32965, 1.78887], [73.32976, 1.78851], [73.33053, 1.78783], [73.33142, 1.78762], [73.33245, 1.78685], [73.33347, 1.78754], [73.33384, 1.78804], [73.33382, 1.78837]]]}}, {"type": "Feature", "properties": {"id": "Z28-070", "kind": "island", "lat": 1.79004, "lon": 73.37919, "area_km2": 0.0004, "zone": "Z28"}, "geometry": {"type": "Polygon", "coordinates": [[[73.37915, 1.78986], [73.37924, 1.78986], [73.37924, 1.79022], [73.37915, 1.79022], [73.37915, 1.78986]]]}}, {"type": "Feature", "properties": {"id": "Z28-069", "kind": "island", "lat": 1.79055, "lon": 73.37929, "area_km2": 0.0004, "zone": "Z28"}, "geometry": {"type": "Polygon", "coordinates": [[[73.37924, 1.79022], [73.37935, 1.7903], [73.37928, 1.7908], [73.37924, 1.79022]]]}}, {"type": "Feature", "properties": {"id": "Z28-068", "kind": "island", "lat": 1.79171, "lon": 73.33419, "area_km2": 0.0054, "zone": "Z28"}, "geometry": {"type": "Polygon", "coordinates": [[[73.33481, 1.79186], [73.33387, 1.79193], [73.33356, 1.79187], [73.33375, 1.79151], [73.33414, 1.79157], [73.33455, 1.79135], [73.33481, 1.79186]]]}}, {"type": "Feature", "properties": {"id": "Z28-076", "kind": "island", "lat": 1.7863, "lon": 73.38289, "area_km2": 0.5781, "zone": "Z28"}, "geometry": {"type": "Polygon", "coordinates": [[[73.38305, 1.79017], [73.38207, 1.79108], [73.38029, 1.79248], [73.37952, 1.7926], [73.37931, 1.79167], [73.37963, 1.79046], [73.37905, 1.78913], [73.37893, 1.78811], [73.37951, 1.7878], [73.37973, 1.78706], [73.37978, 1.786], [73.37956, 1.78489], [73.37904, 1.78382], [73.37809, 1.78311], [73.37785, 1.78264], [73.3778, 1.78124], [73.37752, 1.78015], [73.37763, 1.77967], [73.37799, 1.78011], [73.37811, 1.78104], [73.37798, 1.78115], [73.37811, 1.78137], [73.37878, 1.78175], [73.38183, 1.78307], [73.38383, 1.78447], [73.38571, 1.78598], [73.38622, 1.78652], [73.38616, 1.78715], [73.38569, 1.78779], [73.38488, 1.78844], [73.38456, 1.78919], [73.38418, 1.7895], [73.38418, 1.78959], [73.38409, 1.78959], [73.38409, 1.78968], [73.38305, 1.79017]]]}}, {"type": "Feature", "properties": {"id": "Z28-067", "kind": "island", "lat": 1.79262, "lon": 73.38558, "area_km2": 0.0451, "zone": "Z28"}, "geometry": {"type": "Polygon", "coordinates": [[[73.38624, 1.79241], [73.38608, 1.79277], [73.3857, 1.79288], [73.38557, 1.79312], [73.38602, 1.79383], [73.38536, 1.79415], [73.38503, 1.79403], [73.38486, 1.79371], [73.38505, 1.79301], [73.38499, 1.79231], [73.38514, 1.79203], [73.38509, 1.79131], [73.38521, 1.79108], [73.38588, 1.79103], [73.38626, 1.79129], [73.38713, 1.792], [73.38727, 1.79255], [73.38706, 1.79269], [73.38653, 1.79207], [73.38624, 1.79241]]]}}, {"type": "Feature", "properties": {"id": "Z28-065", "kind": "island", "lat": 1.79698, "lon": 73.30064, "area_km2": 0.0026, "zone": "Z28"}, "geometry": {"type": "Polygon", "coordinates": [[[73.30084, 1.79714], [73.30063, 1.7973], [73.30026, 1.79724], [73.30051, 1.79683], [73.3009, 1.79678], [73.30084, 1.79714]]]}}, {"type": "Feature", "properties": {"id": "Z28-064", "kind": "island", "lat": 1.80044, "lon": 73.29859, "area_km2": 0.0002, "zone": "Z28"}, "geometry": {"type": "Polygon", "coordinates": [[[73.29865, 1.80049], [73.29844, 1.80038], [73.29857, 1.80028], [73.29865, 1.80049]]]}}, {"type": "Feature", "properties": {"id": "Z28-066", "kind": "island", "lat": 1.7968, "lon": 73.38879, "area_km2": 0.968, "zone": "Z28"}, "geometry": {"type": "Polygon", "coordinates": [[[73.39081, 1.8011], [73.38921, 1.80091], [73.388, 1.80097], [73.38787, 1.8007], [73.38754, 1.8006], [73.38678, 1.80001], [73.38588, 1.79996], [73.38548, 1.7997], [73.38521, 1.79929], [73.38472, 1.79906], [73.38417, 1.79821], [73.38296, 1.79718], [73.38225, 1.79642], [73.38, 1.79462], [73.37999, 1.79419], [73.38097, 1.79362], [73.38187, 1.79325], [73.38382, 1.79337], [73.38406, 1.79325], [73.38421, 1.79277], [73.38448, 1.79261], [73.3846, 1.79296], [73.38445, 1.79363], [73.38456, 1.79368], [73.38445, 1.79372], [73.38451, 1.79424], [73.38509, 1.79473], [73.38553, 1.7948], [73.38589, 1.79416], [73.38633, 1.79408], [73.38647, 1.79379], [73.38651, 1.7939], [73.38699, 1.79405], [73.38723, 1.79442], [73.38759, 1.79462], [73.38764, 1.79451], [73.38768, 1.79462], [73.38808, 1.79455], [73.38809, 1.79423], [73.38758, 1.7936], [73.38737, 1.79299], [73.38753, 1.79245], [73.38764, 1.79233], [73.38865, 1.79312], [73.39024, 1.79413], [73.39406, 1.79624], [73.3943, 1.79631], [73.39637, 1.79774], [73.39671, 1.7982], [73.3965, 1.7988], [73.39568, 1.79974], [73.39339, 1.80049], [73.39127, 1.80064], [73.39081, 1.8011]]]}}, {"type": "Feature", "properties": {"id": "Z28-063", "kind": "island", "lat": 1.80068, "lon": 73.29474, "area_km2": 0.2537, "zone": "Z28"}, "geometry": {"type": "Polygon", "coordinates": [[[73.29524, 1.8014], [73.2934, 1.80217], [73.29182, 1.80305], [73.29133, 1.80358], [73.29084, 1.80445], [73.29046, 1.8038], [73.29035, 1.80309], [73.29055, 1.80251], [73.29146, 1.80167], [73.2929, 1.8008], [73.2934, 1.8006], [73.29503, 1.79973], [73.29613, 1.79888], [73.29715, 1.79832], [73.29727, 1.79786], [73.2974, 1.79777], [73.2977, 1.79717], [73.29806, 1.79688], [73.29861, 1.79703], [73.29916, 1.79747], [73.3003, 1.79744], [73.30085, 1.79764], [73.30113, 1.79853], [73.30123, 1.79919], [73.30181, 1.79954], [73.30257, 1.79987], [73.303, 1.80021], [73.30281, 1.80055], [73.30206, 1.80071], [73.30138, 1.80064], [73.29949, 1.80085], [73.29916, 1.80053], [73.29994, 1.80024], [73.30037, 1.79972], [73.30052, 1.79904], [73.30054, 1.79816], [73.29971, 1.79829], [73.2989, 1.79811], [73.29822, 1.79818], [73.29812, 1.79831], [73.29774, 1.79977], [73.2964, 1.80055], [73.29616, 1.80081], [73.29587, 1.80143], [73.29524, 1.8014]]]}}, {"type": "Feature", "properties": {"id": "Z28-062", "kind": "island", "lat": 1.80548, "lon": 73.29104, "area_km2": 0.0012, "zone": "Z28"}, "geometry": {"type": "Polygon", "coordinates": [[[73.29117, 1.80535], [73.29111, 1.80561], [73.29098, 1.80571], [73.2909, 1.80522], [73.29102, 1.80513], [73.29117, 1.80535]]]}}, {"type": "Feature", "properties": {"id": "Z28-061", "kind": "island", "lat": 1.8104, "lon": 73.28592, "area_km2": 0.0098, "zone": "Z28"}, "geometry": {"type": "Polygon", "coordinates": [[[73.28599, 1.8098], [73.28639, 1.81015], [73.28648, 1.81038], [73.28608, 1.81051], [73.28544, 1.81109], [73.28528, 1.81083], [73.28551, 1.81008], [73.28563, 1.80998], [73.28571, 1.80969], [73.28599, 1.8098]]]}}, {"type": "Feature", "properties": {"id": "Z28-060", "kind": "island", "lat": 1.81517, "lon": 73.36587, "area_km2": 0.0002, "zone": "Z28"}, "geometry": {"type": "Polygon", "coordinates": [[[73.36594, 1.81523], [73.36572, 1.81511], [73.36585, 1.81501], [73.36594, 1.81523]]]}}, {"type": "Feature", "properties": {"id": "Z28-059", "kind": "island", "lat": 1.81683, "lon": 73.27897, "area_km2": 0.0303, "zone": "Z28"}, "geometry": {"type": "Polygon", "coordinates": [[[73.2798, 1.81758], [73.27952, 1.81762], [73.27925, 1.81784], [73.27908, 1.81744], [73.27899, 1.81744], [73.27899, 1.81762], [73.27833, 1.81774], [73.27813, 1.81752], [73.27791, 1.81607], [73.27805, 1.81597], [73.27859, 1.81619], [73.27872, 1.81636], [73.27939, 1.8164], [73.27997, 1.8169], [73.28006, 1.8169], [73.28003, 1.81722], [73.2798, 1.81758]]]}}, {"type": "Feature", "properties": {"id": "Z28-058", "kind": "island", "lat": 1.81694, "lon": 73.40503, "area_km2": 0.1448, "zone": "Z28"}, "geometry": {"type": "Polygon", "coordinates": [[[73.40289, 1.81957], [73.40259, 1.81953], [73.40241, 1.81933], [73.40214, 1.81924], [73.40205, 1.81897], [73.40196, 1.8189], [73.40202, 1.81864], [73.40241, 1.81843], [73.40282, 1.81782], [73.40499, 1.81535], [73.4053, 1.81465], [73.40636, 1.81425], [73.40677, 1.81449], [73.40719, 1.81497], [73.40731, 1.81556], [73.40652, 1.81661], [73.40638, 1.81707], [73.4058, 1.81811], [73.40502, 1.81825], [73.40438, 1.81866], [73.40358, 1.81879], [73.40289, 1.81957]]]}}, {"type": "Feature", "properties": {"id": "Z28-057", "kind": "island", "lat": 1.81789, "lon": 73.38915, "area_km2": 0.2056, "zone": "Z28"}, "geometry": {"type": "Polygon", "coordinates": [[[73.38872, 1.8211], [73.38901, 1.82139], [73.3888, 1.82189], [73.38842, 1.82215], [73.38812, 1.82149], [73.38773, 1.81731], [73.38807, 1.81607], [73.3888, 1.81545], [73.3908, 1.81427], [73.39136, 1.81402], [73.39199, 1.81394], [73.39233, 1.81424], [73.3923, 1.81465], [73.39087, 1.817], [73.39007, 1.8192], [73.38995, 1.8194], [73.38942, 1.81936], [73.38872, 1.8211]]]}}, {"type": "Feature", "properties": {"id": "Z28-055", "kind": "island", "lat": 1.82148, "lon": 73.27409, "area_km2": 0.0197, "zone": "Z28"}, "geometry": {"type": "Polygon", "coordinates": [[[73.27381, 1.82073], [73.27471, 1.82153], [73.27516, 1.82167], [73.27551, 1.822], [73.27525, 1.82215], [73.27456, 1.82221], [73.27366, 1.82181], [73.27335, 1.82111], [73.27338, 1.82069], [73.27381, 1.82073]]]}}, {"type": "Feature", "properties": {"id": "Z28-054", "kind": "island", "lat": 1.82282, "lon": 73.39424, "area_km2": 0.05, "zone": "Z28"}, "geometry": {"type": "Polygon", "coordinates": [[[73.39469, 1.82193], [73.39521, 1.82258], [73.3955, 1.82327], [73.39544, 1.82374], [73.39511, 1.824], [73.39457, 1.82394], [73.39326, 1.82302], [73.3931, 1.82263], [73.39313, 1.82236], [73.39307, 1.8222], [73.39295, 1.82213], [73.39327, 1.82175], [73.39401, 1.82139], [73.39469, 1.82193]]]}}, {"type": "Feature", "properties": {"id": "Z28-053", "kind": "island", "lat": 1.8243, "lon": 73.28168, "area_km2": 0.0115, "zone": "Z28"}, "geometry": {"type": "Polygon", "coordinates": [[[73.28289, 1.82355], [73.28267, 1.82373], [73.28261, 1.82404], [73.28167, 1.82458], [73.28109, 1.82476], [73.28098, 1.82492], [73.28084, 1.8248], [73.28096, 1.82472], [73.28103, 1.8245], [73.28135, 1.82411], [73.28249, 1.82364], [73.28267, 1.82342], [73.28289, 1.82355]]]}}, {"type": "Feature", "properties": {"id": "Z28-056", "kind": "island", "lat": 1.82133, "lon": 73.45186, "area_km2": 0.6267, "zone": "Z28"}, "geometry": {"type": "Polygon", "coordinates": [[[73.45337, 1.82068], [73.45369, 1.82122], [73.45402, 1.82207], [73.45457, 1.82278], [73.45541, 1.82325], [73.45766, 1.82406], [73.45905, 1.8249], [73.45964, 1.82554], [73.45986, 1.82604], [73.45951, 1.82636], [73.45846, 1.82647], [73.45583, 1.82577], [73.45445, 1.8253], [73.45358, 1.82442], [73.45317, 1.8238], [73.45128, 1.82215], [73.4511, 1.82184], [73.45074, 1.82157], [73.45016, 1.82144], [73.44956, 1.82103], [73.44846, 1.8206], [73.44731, 1.82032], [73.44633, 1.82036], [73.44495, 1.8209], [73.44433, 1.82099], [73.44423, 1.82043], [73.44483, 1.81955], [73.44542, 1.819], [73.44538, 1.81784], [73.4455, 1.81726], [73.44578, 1.81673], [73.44809, 1.81638], [73.45076, 1.81654], [73.45241, 1.81647], [73.45278, 1.81688], [73.45276, 1.81733], [73.45233, 1.81773], [73.45202, 1.81816], [73.45205, 1.81894], [73.45337, 1.82068]]]}}, {"type": "Feature", "properties": {"id": "Z28-052", "kind": "island", "lat": 1.82665, "lon": 73.27826, "area_km2": 0.0089, "zone": "Z28"}, "geometry": {"type": "Polygon", "coordinates": [[[73.27807, 1.82711], [73.27754, 1.82727], [73.27746, 1.82705], [73.27755, 1.82705], [73.27757, 1.82689], [73.27802, 1.82645], [73.27818, 1.82642], [73.27831, 1.82622], [73.27836, 1.82633], [73.27854, 1.82624], [73.27859, 1.82613], [73.27883, 1.82628], [73.27872, 1.82633], [73.27877, 1.82647], [73.27862, 1.82682], [73.27807, 1.82711]]]}}, {"type": "Feature", "properties": {"id": "Z28-051", "kind": "island", "lat": 1.82729, "lon": 73.27138, "area_km2": 0.0155, "zone": "Z28"}, "geometry": {"type": "Polygon", "coordinates": [[[73.27096, 1.82648], [73.27169, 1.82694], [73.27211, 1.82749], [73.27198, 1.82759], [73.27195, 1.82774], [73.27171, 1.82786], [73.27138, 1.8278], [73.27059, 1.82709], [73.2705, 1.82641], [73.27096, 1.82648]]]}}, {"type": "Feature", "properties": {"id": "Z28-050", "kind": "island", "lat": 1.83288, "lon": 73.27145, "area_km2": 0.008, "zone": "Z28"}, "geometry": {"type": "Polygon", "coordinates": [[[73.27221, 1.83258], [73.27151, 1.83316], [73.27098, 1.83338], [73.27086, 1.83313], [73.27124, 1.83264], [73.27164, 1.83246], [73.27225, 1.83235], [73.27221, 1.83258]]]}}, {"type": "Feature", "properties": {"id": "Z28-048", "kind": "island", "lat": 1.84195, "lon": 73.25846, "area_km2": 0.0039, "zone": "Z28"}, "geometry": {"type": "Polygon", "coordinates": [[[73.25832, 1.8416], [73.25868, 1.84183], [73.2589, 1.84207], [73.25858, 1.84226], [73.25817, 1.84207], [73.25802, 1.84165], [73.25832, 1.8416]]]}}, {"type": "Feature", "properties": {"id": "Z28-047", "kind": "island", "lat": 1.84429, "lon": 73.25681, "area_km2": 0.0087, "zone": "Z28"}, "geometry": {"type": "Polygon", "coordinates": [[[73.25642, 1.84375], [73.25719, 1.8442], [73.25729, 1.84448], [73.25707, 1.84466], [73.25703, 1.8448], [73.25685, 1.84488], [73.25653, 1.84439], [73.25603, 1.84399], [73.25595, 1.84369], [73.25642, 1.84375]]]}}, {"type": "Feature", "properties": {"id": "Z28-049", "kind": "island", "lat": 1.83497, "lon": 73.50321, "area_km2": 1.5677, "zone": "Z28"}, "geometry": {"type": "Polygon", "coordinates": [[[73.50572, 1.83505], [73.50592, 1.83518], [73.50581, 1.83523], [73.50634, 1.83583], [73.50714, 1.83707], [73.50848, 1.83878], [73.5101, 1.84112], [73.51039, 1.84223], [73.51144, 1.84462], [73.51142, 1.84574], [73.51077, 1.8471], [73.5108, 1.84848], [73.51051, 1.84857], [73.50978, 1.84771], [73.50814, 1.84462], [73.50765, 1.84389], [73.50545, 1.84098], [73.50486, 1.84049], [73.50438, 1.83992], [73.50366, 1.83877], [73.50356, 1.83846], [73.50258, 1.8375], [73.50179, 1.83706], [73.50181, 1.83658], [73.50118, 1.83548], [73.50057, 1.83475], [73.50006, 1.83493], [73.49986, 1.83545], [73.49973, 1.83501], [73.49995, 1.83461], [73.49991, 1.83407], [73.49944, 1.83323], [73.49907, 1.833], [73.4988, 1.83262], [73.49875, 1.83216], [73.49808, 1.83118], [73.4969, 1.83012], [73.4967, 1.82979], [73.49564, 1.82865], [73.49455, 1.82787], [73.49316, 1.82725], [73.49245, 1.82662], [73.49027, 1.82545], [73.48908, 1.82469], [73.48812, 1.82426], [73.48731, 1.82411], [73.48721, 1.824], [73.48693, 1.82396], [73.48686, 1.82382], [73.48668, 1.82382], [73.48668, 1.82346], [73.48677, 1.82346], [73.48682, 1.82299], [73.48738, 1.82226], [73.48775, 1.8222], [73.48781, 1.82208], [73.48815, 1.82188], [73.48838, 1.82184], [73.48838, 1.82175], [73.48856, 1.82175], [73.48893, 1.82159], [73.48928, 1.82166], [73.4894, 1.82153], [73.49071, 1.8214], [73.49165, 1.82175], [73.49189, 1.82202], [73.49341, 1.82283], [73.49354, 1.8227], [73.49474, 1.82347], [73.49674, 1.82502], [73.50076, 1.82883], [73.50168, 1.82984], [73.50187, 1.82989], [73.50231, 1.83047], [73.5024, 1.83047], [73.5024, 1.83056], [73.50285, 1.83095], [73.50298, 1.83123], [73.50422, 1.83256], [73.50434, 1.83321], [73.50572, 1.83505]]]}}, {"type": "Feature", "properties": {"id": "Z28-046", "kind": "island", "lat": 1.8492, "lon": 73.25554, "area_km2": 0.0277, "zone": "Z28"}, "geometry": {"type": "Polygon", "coordinates": [[[73.25665, 1.84891], [73.25582, 1.8499], [73.25545, 1.85005], [73.25499, 1.84978], [73.25491, 1.84951], [73.25427, 1.84849], [73.25485, 1.8484], [73.25518, 1.84861], [73.25524, 1.84853], [73.25575, 1.84873], [73.25669, 1.84858], [73.25665, 1.84891]]]}}, {"type": "Feature", "properties": {"id": "Z28-045", "kind": "island", "lat": 1.86098, "lon": 73.52184, "area_km2": 1.0138, "zone": "Z28"}, "geometry": {"type": "Polygon", "coordinates": [[[73.52421, 1.86983], [73.52331, 1.86976], [73.52297, 1.86954], [73.52268, 1.8696], [73.52193, 1.86779], [73.5213, 1.86573], [73.5211, 1.86476], [73.5206, 1.86338], [73.52049, 1.8626], [73.519, 1.85939], [73.51832, 1.8586], [73.5178, 1.85757], [73.5169, 1.85442], [73.51637, 1.85355], [73.51657, 1.85281], [73.51732, 1.85259], [73.51834, 1.8527], [73.51903, 1.85288], [73.52042, 1.85277], [73.52112, 1.85248], [73.52135, 1.85256], [73.52173, 1.85248], [73.52227, 1.85263], [73.52238, 1.85326], [73.52274, 1.85357], [73.52313, 1.85426], [73.52346, 1.85499], [73.52355, 1.85562], [73.52392, 1.85661], [73.5245, 1.85759], [73.52481, 1.85847], [73.52467, 1.85858], [73.52476, 1.85919], [73.5241, 1.85999], [73.52387, 1.86056], [73.52394, 1.86139], [73.52463, 1.86321], [73.52485, 1.86406], [73.52494, 1.86406], [73.52502, 1.86459], [73.52544, 1.8653], [73.52585, 1.86664], [73.52548, 1.86739], [73.52543, 1.86841], [73.52476, 1.86891], [73.52454, 1.86941], [73.52421, 1.86983]]]}}, {"type": "Feature", "properties": {"id": "Z28-044", "kind": "island", "lat": 1.88535, "lon": 73.24339, "area_km2": 0.3563, "zone": "Z28"}, "geometry": {"type": "Polygon", "coordinates": [[[73.24643, 1.88699], [73.24617, 1.88864], [73.24579, 1.88898], [73.24502, 1.8887], [73.24284, 1.88682], [73.24172, 1.88681], [73.24098, 1.88701], [73.24013, 1.8871], [73.23964, 1.88724], [73.23964, 1.88733], [73.2391, 1.88733], [73.23858, 1.88745], [73.23816, 1.88718], [73.23794, 1.88638], [73.23815, 1.88559], [73.23845, 1.88541], [73.23929, 1.88555], [73.23996, 1.88526], [73.24029, 1.8852], [73.24045, 1.88526], [73.24069, 1.88512], [73.24226, 1.88512], [73.24287, 1.88474], [73.24423, 1.88274], [73.2449, 1.88192], [73.24565, 1.88172], [73.246, 1.88211], [73.24634, 1.88379], [73.24704, 1.8853], [73.24714, 1.88636], [73.24643, 1.88699]]]}}, {"type": "Feature", "properties": {"id": "Z28-042", "kind": "island", "lat": 1.90831, "lon": 73.25488, "area_km2": 0.0433, "zone": "Z28"}, "geometry": {"type": "Polygon", "coordinates": [[[73.25524, 1.90642], [73.25509, 1.90664], [73.25516, 1.90668], [73.25493, 1.90764], [73.25482, 1.90772], [73.25499, 1.90841], [73.25538, 1.90902], [73.25549, 1.90934], [73.25536, 1.90943], [73.25543, 1.90956], [73.25536, 1.9097], [73.25547, 1.90974], [73.25536, 1.90979], [73.25536, 1.90997], [73.25551, 1.91126], [73.25545, 1.9114], [73.25557, 1.91149], [73.25545, 1.91158], [73.25552, 1.91172], [73.25545, 1.91185], [73.25556, 1.91195], [73.25504, 1.91189], [73.255, 1.91015], [73.25491, 1.90997], [73.25478, 1.90821], [73.25455, 1.90691], [73.25455, 1.90619], [73.25464, 1.90619], [73.25469, 1.90497], [73.25505, 1.90476], [73.25547, 1.90482], [73.25558, 1.9054], [73.25527, 1.90601], [73.25533, 1.90605], [73.25524, 1.90642]]]}}, {"type": "Feature", "properties": {"id": "Z28-041", "kind": "island", "lat": 1.91921, "lon": 73.25361, "area_km2": 0.0107, "zone": "Z28"}, "geometry": {"type": "Polygon", "coordinates": [[[73.25405, 1.91863], [73.25392, 1.91895], [73.25386, 1.91959], [73.25347, 1.92013], [73.2531, 1.91997], [73.25343, 1.91875], [73.25369, 1.91837], [73.25405, 1.91863]]]}}, {"type": "Feature", "properties": {"id": "Z28-043", "kind": "island", "lat": 1.90499, "lon": 73.53927, "area_km2": 6.6389, "zone": "Z28"}, "geometry": {"type": "Polygon", "coordinates": [[[73.53842, 1.89847], [73.53852, 1.89855], [73.5386, 1.89901], [73.53869, 1.89901], [73.53869, 1.89919], [73.53878, 1.89919], [73.53887, 1.89955], [73.53921, 1.89991], [73.53986, 1.90161], [73.54072, 1.90309], [73.54066, 1.90323], [73.54088, 1.9034], [73.54151, 1.90423], [73.54174, 1.90521], [73.54201, 1.90542], [73.54237, 1.90626], [73.54363, 1.90835], [73.54372, 1.90835], [73.54372, 1.90853], [73.54406, 1.90883], [73.54481, 1.90987], [73.54498, 1.91042], [73.54521, 1.91071], [73.54552, 1.9114], [73.54562, 1.91148], [73.5457, 1.91176], [73.54596, 1.91214], [73.54737, 1.91494], [73.54821, 1.91724], [73.54852, 1.91762], [73.5488, 1.91826], [73.54888, 1.91873], [73.54941, 1.92004], [73.54973, 1.92047], [73.55037, 1.922], [73.55046, 1.922], [73.55046, 1.92218], [73.55055, 1.92218], [73.55055, 1.92236], [73.55111, 1.92338], [73.55126, 1.92398], [73.55135, 1.92398], [73.55135, 1.92416], [73.55165, 1.92452], [73.55235, 1.92741], [73.55225, 1.92748], [73.55237, 1.92805], [73.55216, 1.92847], [73.55238, 1.92913], [73.55216, 1.92928], [73.55228, 1.93012], [73.55216, 1.93018], [73.55227, 1.93044], [73.55209, 1.93118], [73.55198, 1.93126], [73.55204, 1.93139], [73.55198, 1.93162], [73.55207, 1.93169], [73.55184, 1.93304], [73.55171, 1.93314], [73.55162, 1.93359], [73.55174, 1.93364], [73.55162, 1.93368], [73.55135, 1.93422], [73.55135, 1.9344], [73.55126, 1.9344], [73.55137, 1.93467], [73.55118, 1.9355], [73.55064, 1.9362], [73.5507, 1.93633], [73.5506, 1.93665], [73.55046, 1.93674], [73.54994, 1.93809], [73.54935, 1.93909], [73.54854, 1.94018], [73.54812, 1.94051], [73.54812, 1.9406], [73.54785, 1.94069], [73.54769, 1.9409], [73.54695, 1.94114], [73.54695, 1.94123], [73.54596, 1.94141], [73.54556, 1.94188], [73.54544, 1.94232], [73.5448, 1.94249], [73.5448, 1.94258], [73.54277, 1.9427], [73.54214, 1.94244], [73.54115, 1.9424], [73.54062, 1.94262], [73.54009, 1.9424], [73.53997, 1.94064], [73.54, 1.93981], [73.53981, 1.93838], [73.53979, 1.93771], [73.53951, 1.93717], [73.53903, 1.93672], [73.53923, 1.93576], [73.53918, 1.93446], [73.53936, 1.93317], [73.53918, 1.93283], [73.53909, 1.93244], [73.5394, 1.93157], [73.53954, 1.93062], [73.53932, 1.92917], [73.53941, 1.92748], [73.53932, 1.92712], [73.53937, 1.92627], [73.53914, 1.92245], [73.53901, 1.9221], [73.53896, 1.92075], [73.53859, 1.91757], [73.53851, 1.91518], [73.53841, 1.91509], [73.53824, 1.9132], [73.53792, 1.91137], [73.53788, 1.9106], [73.53776, 1.91049], [73.53748, 1.90839], [73.5361, 1.90135], [73.53555, 1.89948], [73.53521, 1.89893], [73.53468, 1.89869], [73.53471, 1.89823], [73.53441, 1.8975], [73.5344, 1.89639], [73.53398, 1.89482], [73.53377, 1.89365], [73.5333, 1.89209], [73.53321, 1.89209], [73.53321, 1.89182], [73.53312, 1.89182], [73.53312, 1.89137], [73.53303, 1.89137], [73.53282, 1.89041], [73.53228, 1.88898], [73.53189, 1.8882], [73.53186, 1.88778], [73.53148, 1.88737], [73.53109, 1.8865], [73.53096, 1.88589], [73.52997, 1.88399], [73.52988, 1.88347], [73.52979, 1.88347], [73.52953, 1.88302], [73.52914, 1.88297], [73.52899, 1.88275], [73.5287, 1.88267], [73.52863, 1.88257], [73.52843, 1.88253], [73.52836, 1.88239], [73.52805, 1.88225], [73.52724, 1.88214], [73.52669, 1.88128], [73.5259, 1.88057], [73.52444, 1.88009], [73.52369, 1.87924], [73.52351, 1.87915], [73.52329, 1.87874], [73.52301, 1.87855], [73.52273, 1.87813], [73.5227, 1.87772], [73.52259, 1.87766], [73.52279, 1.87726], [73.52308, 1.87749], [73.52297, 1.87772], [73.52325, 1.87779], [73.52377, 1.87813], [73.52432, 1.87817], [73.52588, 1.87752], [73.52591, 1.87711], [73.52557, 1.87594], [73.52522, 1.87552], [73.52369, 1.87565], [73.52218, 1.87609], [73.52158, 1.87722], [73.52099, 1.87727], [73.52099, 1.87691], [73.52119, 1.87629], [73.52171, 1.87533], [73.52342, 1.87329], [73.5236, 1.87251], [73.52369, 1.87251], [73.5239, 1.87218], [73.52422, 1.8721], [73.52446, 1.87176], [73.5253, 1.87098], [73.52539, 1.8708], [73.52611, 1.87107], [73.52618, 1.87093], [73.52642, 1.87084], [73.52703, 1.86975], [73.52715, 1.86874], [73.52746, 1.86816], [73.52894, 1.86806], [73.52924, 1.86796], [73.52939, 1.86779], [73.53011, 1.86759], [73.53062, 1.86723], [73.53092, 1.86745], [73.53004, 1.86826], [73.52993, 1.86909], [73.53011, 1.86986], [73.53071, 1.87155], [73.53108, 1.87341], [73.53092, 1.87417], [73.5307, 1.87731], [73.53055, 1.87789], [73.5301, 1.87853], [73.52993, 1.87898], [73.53015, 1.87978], [73.53125, 1.88058], [73.53177, 1.88111], [73.53218, 1.88163], [73.53361, 1.88397], [73.53415, 1.88549], [73.53448, 1.8861], [73.53552, 1.88888], [73.53644, 1.89031], [73.53669, 1.89085], [73.53698, 1.89208], [73.53744, 1.89318], [73.53756, 1.89382], [73.53698, 1.89434], [73.53688, 1.89475], [73.53828, 1.89834], [73.53833, 1.89838], [73.53838, 1.89826], [73.53842, 1.89847]]]}}, {"type": "Feature", "properties": {"id": "Z28-039", "kind": "island", "lat": 1.94606, "lon": 73.54035, "area_km2": 0.0001, "zone": "Z28"}, "geometry": {"type": "Polygon", "coordinates": [[[73.54036, 1.9461], [73.54029, 1.94602], [73.54039, 1.94599], [73.54036, 1.9461]]]}}, {"type": "Feature", "properties": {"id": "Z28-040", "kind": "island", "lat": 1.9444, "lon": 73.54067, "area_km2": 0.0235, "zone": "Z28"}, "geometry": {"type": "Polygon", "coordinates": [[[73.5405, 1.9432], [73.54057, 1.94364], [73.54096, 1.9441], [73.54117, 1.94495], [73.54089, 1.94628], [73.54058, 1.94639], [73.54034, 1.94541], [73.54031, 1.94419], [73.54018, 1.94331], [73.54056, 1.94281], [73.5405, 1.9432]]]}}, {"type": "Feature", "properties": {"id": "Z28-038", "kind": "island", "lat": 1.95117, "lon": 73.26158, "area_km2": 0.0002, "zone": "Z28"}, "geometry": {"type": "Polygon", "coordinates": [[[73.26164, 1.95123], [73.26143, 1.95112], [73.26156, 1.95102], [73.26164, 1.95123]]]}}, {"type": "Feature", "properties": {"id": "Z28-037", "kind": "island", "lat": 1.95185, "lon": 73.54032, "area_km2": 0.0099, "zone": "Z28"}, "geometry": {"type": "Polygon", "coordinates": [[[73.54048, 1.9512], [73.54061, 1.95139], [73.54052, 1.95231], [73.5403, 1.9529], [73.54, 1.95304], [73.53991, 1.95227], [73.54035, 1.95108], [73.54058, 1.95099], [73.54048, 1.9512]]]}}, {"type": "Feature", "properties": {"id": "Z28-036", "kind": "island", "lat": 1.95881, "lon": 73.54044, "area_km2": 0.0414, "zone": "Z28"}, "geometry": {"type": "Polygon", "coordinates": [[[73.54072, 1.95871], [73.5421, 1.95898], [73.54241, 1.95956], [73.54129, 1.95996], [73.53972, 1.95969], [73.5395, 1.95928], [73.53941, 1.95928], [73.53941, 1.95866], [73.53959, 1.95866], [73.53959, 1.95883], [73.53963, 1.95879], [73.53994, 1.95771], [73.5401, 1.95771], [73.54045, 1.95846], [73.54072, 1.95871]]]}}, {"type": "Feature", "properties": {"id": "Z28-035", "kind": "island", "lat": 1.96831, "lon": 73.54052, "area_km2": 0.6219, "zone": "Z28"}, "geometry": {"type": "Polygon", "coordinates": [[[73.54231, 1.96112], [73.54358, 1.96196], [73.54348, 1.96236], [73.54216, 1.96265], [73.54179, 1.96283], [73.54176, 1.96424], [73.54242, 1.96708], [73.54284, 1.96927], [73.54338, 1.96981], [73.54375, 1.97052], [73.54314, 1.97083], [73.54208, 1.97118], [73.54112, 1.97159], [73.54031, 1.97175], [73.53995, 1.97227], [73.5397, 1.97305], [73.53885, 1.97466], [73.53819, 1.97545], [73.53758, 1.97577], [73.53676, 1.97567], [73.53686, 1.97487], [73.53851, 1.96786], [73.53864, 1.96562], [73.53882, 1.96427], [73.53892, 1.9609], [73.53947, 1.96119], [73.54041, 1.96135], [73.54156, 1.9609], [73.54231, 1.96112]]]}}, {"type": "Feature", "properties": {"id": "Z28-034", "kind": "island", "lat": 1.97873, "lon": 73.53753, "area_km2": 0.0313, "zone": "Z28"}, "geometry": {"type": "Polygon", "coordinates": [[[73.53765, 1.97757], [73.5381, 1.97796], [73.53801, 1.97939], [73.53765, 1.98006], [73.53678, 1.98044], [73.5371, 1.97806], [73.53723, 1.97757], [73.53765, 1.97757]]]}}, {"type": "Feature", "properties": {"id": "Z28-033", "kind": "island", "lat": 1.98688, "lon": 73.53772, "area_km2": 0.1801, "zone": "Z28"}, "geometry": {"type": "Polygon", "coordinates": [[[73.53821, 1.98923], [73.53806, 1.98942], [73.53753, 1.98922], [73.53653, 1.98902], [73.53612, 1.98906], [73.53568, 1.98924], [73.53563, 1.98893], [73.53554, 1.98893], [73.53554, 1.98857], [73.53524, 1.98743], [73.53536, 1.98659], [73.53527, 1.98651], [73.53542, 1.98581], [73.5354, 1.98557], [73.5359, 1.98453], [73.53603, 1.9843], [73.53618, 1.98422], [73.53681, 1.98461], [73.5375, 1.98571], [73.53803, 1.98617], [73.53836, 1.98628], [73.539, 1.98601], [73.53945, 1.98601], [73.53984, 1.98611], [73.54007, 1.98638], [73.54017, 1.98703], [73.53987, 1.98729], [73.53936, 1.98744], [73.53885, 1.98786], [73.53837, 1.98869], [73.53821, 1.98923]]]}}, {"type": "Feature", "properties": {"id": "Z28-032", "kind": "island", "lat": 1.99175, "lon": 73.53578, "area_km2": 0.0252, "zone": "Z28"}, "geometry": {"type": "Polygon", "coordinates": [[[73.5358, 1.99025], [73.5359, 1.99064], [73.53621, 1.99114], [73.53608, 1.99126], [73.5362, 1.99155], [73.53612, 1.99194], [73.53614, 1.99239], [73.53608, 1.99243], [73.53613, 1.9933], [73.53536, 1.99328], [73.53541, 1.99076], [73.53554, 1.99064], [73.53565, 1.99021], [73.5358, 1.99025]]]}}, {"type": "Feature", "properties": {"id": "Z28-031", "kind": "island", "lat": 1.99867, "lon": 73.53499, "area_km2": 0.0495, "zone": "Z28"}, "geometry": {"type": "Polygon", "coordinates": [[[73.53546, 1.99952], [73.53539, 2.00038], [73.53522, 2.00085], [73.53467, 2.00101], [73.5344, 1.99981], [73.53447, 1.99962], [73.53438, 1.99962], [73.53438, 1.99935], [73.53447, 1.99935], [73.5344, 1.99905], [73.53444, 1.99861], [73.53491, 1.99634], [73.53528, 1.99655], [73.53565, 1.99739], [73.53554, 1.99873], [73.53545, 1.99881], [73.53545, 1.9989], [73.53558, 1.99899], [73.53545, 1.99908], [73.53545, 1.99917], [73.53536, 1.99917], [73.53546, 1.99952]]]}}, {"type": "Feature", "properties": {"id": "Z28-030", "kind": "island", "lat": 2.01121, "lon": 73.53448, "area_km2": 0.1969, "zone": "Z28"}, "geometry": {"type": "Polygon", "coordinates": [[[73.53489, 2.0068], [73.53483, 2.00716], [73.53492, 2.00724], [73.53505, 2.0084], [73.53492, 2.00851], [73.53503, 2.00883], [73.53514, 2.01014], [73.53523, 2.0144], [73.53488, 2.01636], [73.53459, 2.01702], [73.53332, 2.0176], [73.53265, 2.01736], [73.53276, 2.01561], [73.53372, 2.01226], [73.53388, 2.01017], [73.53411, 2.00887], [73.53417, 2.00768], [73.5347, 2.00655], [73.53489, 2.0068]]]}}, {"type": "Feature", "properties": {"id": "Z28-029", "kind": "island", "lat": 2.01765, "lon": 73.3589, "area_km2": 0.0431, "zone": "Z28"}, "geometry": {"type": "Polygon", "coordinates": [[[73.3605, 2.01758], [73.36006, 2.01819], [73.35982, 2.01839], [73.35903, 2.01831], [73.35822, 2.01796], [73.35813, 2.01785], [73.35739, 2.01772], [73.35716, 2.01736], [73.35726, 2.0172], [73.35732, 2.01732], [73.35762, 2.01717], [73.35804, 2.01714], [73.35821, 2.01693], [73.35933, 2.01681], [73.36002, 2.01688], [73.36032, 2.0171], [73.3605, 2.01758]]]}}, {"type": "Feature", "properties": {"id": "Z28-027", "kind": "island", "lat": 2.02928, "lon": 73.53187, "area_km2": 0.0022, "zone": "Z28"}, "geometry": {"type": "Polygon", "coordinates": [[[73.53217, 2.02949], [73.53184, 2.02966], [73.53164, 2.02906], [73.53186, 2.02899], [73.53217, 2.02949]]]}}, {"type": "Feature", "properties": {"id": "Z28-026", "kind": "island", "lat": 2.02955, "lon": 73.53048, "area_km2": 0.0048, "zone": "Z28"}, "geometry": {"type": "Polygon", "coordinates": [[[73.53051, 2.02908], [73.5306, 2.02908], [73.53076, 2.02949], [73.53069, 2.02962], [73.5308, 2.0297], [73.53088, 2.03002], [73.53043, 2.02992], [73.53021, 2.02969], [73.53045, 2.02896], [73.53051, 2.02908]]]}}, {"type": "Feature", "properties": {"id": "Z28-028", "kind": "island", "lat": 2.02796, "lon": 73.53301, "area_km2": 0.3205, "zone": "Z28"}, "geometry": {"type": "Polygon", "coordinates": [[[73.53328, 2.03141], [73.53214, 2.03303], [73.53176, 2.03317], [73.53152, 2.03263], [73.53137, 2.032], [73.53102, 2.0319], [73.53109, 2.03128], [73.53119, 2.0312], [73.5313, 2.03084], [73.53168, 2.03128], [73.53193, 2.03057], [73.5324, 2.03052], [73.5324, 2.03061], [73.53303, 2.03034], [73.53303, 2.03025], [73.53321, 2.03025], [73.53321, 2.03007], [73.53339, 2.03007], [73.53357, 2.02989], [73.53321, 2.0298], [73.53321, 2.02998], [73.53303, 2.02998], [73.53303, 2.02962], [73.53318, 2.02957], [73.53298, 2.02892], [73.53271, 2.02868], [73.53263, 2.0285], [73.53236, 2.02851], [73.53188, 2.02797], [73.53141, 2.02794], [73.53097, 2.02815], [73.53059, 2.02857], [73.53029, 2.02873], [73.53038, 2.02794], [73.53068, 2.02684], [73.531, 2.02655], [73.53113, 2.02558], [73.53109, 2.02486], [73.53177, 2.02352], [73.53214, 2.02311], [73.53298, 2.02276], [73.53354, 2.02353], [73.53438, 2.02378], [73.53474, 2.02369], [73.53479, 2.02359], [73.53509, 2.02369], [73.53509, 2.02378], [73.53521, 2.02383], [73.53509, 2.02387], [73.53576, 2.02555], [73.53505, 2.02634], [73.53474, 2.02657], [73.53459, 2.02714], [73.53438, 2.02747], [73.53446, 2.02752], [73.5342, 2.02836], [73.53426, 2.0285], [73.5342, 2.02863], [73.53426, 2.02866], [73.53432, 2.02938], [73.53395, 2.03012], [73.53375, 2.03016], [73.53328, 2.03141]]]}}, {"type": "Feature", "properties": {"id": "Z28-025", "kind": "island", "lat": 2.03392, "lon": 73.53097, "area_km2": 0.0728, "zone": "Z28"}, "geometry": {"type": "Polygon", "coordinates": [[[73.53334, 2.03486], [73.534, 2.03501], [73.53424, 2.03517], [73.53401, 2.03559], [73.5333, 2.03609], [73.53251, 2.03605], [73.53134, 2.03554], [73.53123, 2.03519], [73.53109, 2.03512], [73.53105, 2.03492], [73.53078, 2.03474], [73.53071, 2.034], [73.53033, 2.0334], [73.53012, 2.03321], [73.5301, 2.03191], [73.53027, 2.03178], [73.53087, 2.03222], [73.53111, 2.03281], [73.53105, 2.03295], [73.5312, 2.03311], [73.53114, 2.03348], [73.53123, 2.03348], [73.53123, 2.03375], [73.53135, 2.0338], [73.53123, 2.03384], [73.53141, 2.03411], [73.5315, 2.03411], [73.5315, 2.03429], [73.53186, 2.03445], [73.53274, 2.0344], [73.53334, 2.03486]]]}}, {"type": "Feature", "properties": {"id": "Z28-024", "kind": "island", "lat": 2.04317, "lon": 73.53244, "area_km2": 0.0001, "zone": "Z28"}, "geometry": {"type": "Polygon", "coordinates": [[[73.53246, 2.04321], [73.53238, 2.04313], [73.53249, 2.0431], [73.53246, 2.04321]]]}}, {"type": "Feature", "properties": {"id": "Z28-023", "kind": "island", "lat": 2.04602, "lon": 73.53252, "area_km2": 0.0046, "zone": "Z28"}, "geometry": {"type": "Polygon", "coordinates": [[[73.53284, 2.04577], [73.5327, 2.04636], [73.53218, 2.04627], [73.53241, 2.04559], [73.53276, 2.04552], [73.53284, 2.04577]]]}}, {"type": "Feature", "properties": {"id": "Z28-022", "kind": "island", "lat": 2.0487, "lon": 73.53136, "area_km2": 0.0001, "zone": "Z28"}, "geometry": {"type": "Polygon", "coordinates": [[[73.53138, 2.04878], [73.5313, 2.04863], [73.53141, 2.04858], [73.53138, 2.04878]]]}}, {"type": "Feature", "properties": {"id": "Z28-021", "kind": "island", "lat": 2.04965, "lon": 73.5324, "area_km2": 0.0223, "zone": "Z28"}, "geometry": {"type": "Polygon", "coordinates": [[[73.53236, 2.04852], [73.53266, 2.04875], [73.53276, 2.04912], [73.53298, 2.04947], [73.53285, 2.04983], [73.5329, 2.04997], [73.5328, 2.05015], [73.53194, 2.0506], [73.53186, 2.04921], [73.53175, 2.04912], [73.53168, 2.04858], [73.5318, 2.04841], [73.53236, 2.04852]]]}}, {"type": "Feature", "properties": {"id": "Z28-020", "kind": "island", "lat": 2.05466, "lon": 73.53436, "area_km2": 0.0528, "zone": "Z28"}, "geometry": {"type": "Polygon", "coordinates": [[[73.53397, 2.05294], [73.53465, 2.0532], [73.53568, 2.0545], [73.53487, 2.05482], [73.5344, 2.0552], [73.53353, 2.05644], [73.53342, 2.05417], [73.53324, 2.05334], [73.53326, 2.05295], [73.53397, 2.05294]]]}}, {"type": "Feature", "properties": {"id": "Z28-019", "kind": "island", "lat": 2.05652, "lon": 73.53609, "area_km2": 0.0263, "zone": "Z28"}, "geometry": {"type": "Polygon", "coordinates": [[[73.53668, 2.05519], [73.53704, 2.05566], [73.53701, 2.05588], [73.53677, 2.05628], [73.53636, 2.05659], [73.53595, 2.05725], [73.53525, 2.05804], [73.53496, 2.05809], [73.53577, 2.05689], [73.53581, 2.05666], [73.53567, 2.05644], [73.53559, 2.0559], [73.53622, 2.05501], [73.53668, 2.05519]]]}}, {"type": "Feature", "properties": {"id": "Z28-017", "kind": "island", "lat": 2.05829, "lon": 73.53663, "area_km2": 0.0167, "zone": "Z28"}, "geometry": {"type": "Polygon", "coordinates": [[[73.53689, 2.05774], [73.53763, 2.05811], [73.53732, 2.05835], [73.53699, 2.05876], [73.5368, 2.05882], [73.53671, 2.05894], [73.53644, 2.05864], [73.53579, 2.05823], [73.53598, 2.05771], [73.53678, 2.05761], [73.53689, 2.05774]]]}}, {"type": "Feature", "properties": {"id": "Z28-018", "kind": "island", "lat": 2.05812, "lon": 73.5338, "area_km2": 0.0104, "zone": "Z28"}, "geometry": {"type": "Polygon", "coordinates": [[[73.53424, 2.05783], [73.53363, 2.05897], [73.53348, 2.059], [73.53348, 2.05855], [73.53357, 2.05855], [73.53347, 2.05737], [73.53362, 2.05709], [73.53415, 2.05747], [73.53424, 2.05783]]]}}, {"type": "Feature", "properties": {"id": "Z28-016", "kind": "island", "lat": 2.06089, "lon": 73.53528, "area_km2": 0.0006, "zone": "Z28"}, "geometry": {"type": "Polygon", "coordinates": [[[73.53538, 2.06111], [73.53509, 2.06067], [73.53527, 2.06061], [73.53538, 2.06111]]]}}, {"type": "Feature", "properties": {"id": "Z28-015", "kind": "island", "lat": 2.06101, "lon": 73.53642, "area_km2": 0.0242, "zone": "Z28"}, "geometry": {"type": "Polygon", "coordinates": [[[73.53761, 2.06025], [73.53765, 2.06079], [73.5364, 2.06147], [73.53593, 2.06156], [73.53562, 2.06122], [73.5355, 2.0605], [73.53633, 2.0603], [73.53761, 2.06025]]]}}, {"type": "Feature", "properties": {"id": "Z28-014", "kind": "island", "lat": 2.06156, "lon": 73.53558, "area_km2": 0.0003, "zone": "Z28"}, "geometry": {"type": "Polygon", "coordinates": [[[73.53559, 2.06172], [73.53551, 2.06141], [73.53563, 2.06133], [73.53559, 2.06172]]]}}, {"type": "Feature", "properties": {"id": "Z28-013", "kind": "island", "lat": 2.06489, "lon": 73.53669, "area_km2": 0.0086, "zone": "Z28"}, "geometry": {"type": "Polygon", "coordinates": [[[73.53717, 2.06468], [73.53696, 2.0652], [73.53635, 2.0655], [73.53623, 2.06511], [73.53644, 2.06443], [73.53698, 2.06439], [73.53717, 2.06468]]]}}, {"type": "Feature", "properties": {"id": "Z28-011", "kind": "island", "lat": 2.06887, "lon": 73.53823, "area_km2": 0.0006, "zone": "Z28"}, "geometry": {"type": "Polygon", "coordinates": [[[73.53836, 2.06897], [73.5382, 2.06909], [73.53811, 2.06878], [73.53824, 2.0687], [73.53836, 2.06897]]]}}, {"type": "Feature", "properties": {"id": "Z28-012", "kind": "island", "lat": 2.06846, "lon": 73.53911, "area_km2": 0.0124, "zone": "Z28"}, "geometry": {"type": "Polygon", "coordinates": [[[73.5397, 2.06868], [73.53912, 2.06914], [73.53857, 2.06899], [73.53847, 2.06823], [73.53878, 2.06798], [73.53927, 2.06823], [73.53976, 2.06817], [73.5397, 2.06868]]]}}, {"type": "Feature", "properties": {"id": "Z28-010", "kind": "island", "lat": 2.074, "lon": 73.53855, "area_km2": 0.0002, "zone": "Z28"}, "geometry": {"type": "Polygon", "coordinates": [[[73.53856, 2.07412], [73.53848, 2.07388], [73.5386, 2.07382], [73.53856, 2.07412]]]}}, {"type": "Feature", "properties": {"id": "Z28-008", "kind": "island", "lat": 2.07649, "lon": 73.53972, "area_km2": 0.0001, "zone": "Z28"}, "geometry": {"type": "Polygon", "coordinates": [[[73.53974, 2.07653], [73.53966, 2.07646], [73.53977, 2.07642], [73.53974, 2.07653]]]}}, {"type": "Feature", "properties": {"id": "Z28-007", "kind": "island", "lat": 2.07706, "lon": 73.53846, "area_km2": 0.0003, "zone": "Z28"}, "geometry": {"type": "Polygon", "coordinates": [[[73.53847, 2.07726], [73.53838, 2.07686], [73.53851, 2.07678], [73.53847, 2.07726]]]}}, {"type": "Feature", "properties": {"id": "Z28-009", "kind": "island", "lat": 2.07495, "lon": 73.5405, "area_km2": 0.1523, "zone": "Z28"}, "geometry": {"type": "Polygon", "coordinates": [[[73.54209, 2.07706], [73.54173, 2.07797], [73.54128, 2.07809], [73.54116, 2.07718], [73.54097, 2.07682], [73.54043, 2.07646], [73.53958, 2.07626], [73.53894, 2.07642], [73.53882, 2.07592], [73.53963, 2.07408], [73.53949, 2.0736], [73.53899, 2.07394], [73.53873, 2.0734], [73.53873, 2.07305], [73.53893, 2.07267], [73.53938, 2.07224], [73.54066, 2.07184], [73.54108, 2.07299], [73.54146, 2.07355], [73.54197, 2.07371], [73.54233, 2.07396], [73.54233, 2.07442], [73.5418, 2.07492], [73.54161, 2.07546], [73.54209, 2.07706]]]}}, {"type": "Feature", "properties": {"id": "Z28-006", "kind": "island", "lat": 2.0784, "lon": 73.53948, "area_km2": 0.0006, "zone": "Z28"}, "geometry": {"type": "Polygon", "coordinates": [[[73.53968, 2.07813], [73.53946, 2.07852], [73.53938, 2.07828], [73.53968, 2.07813]]]}}, {"type": "Feature", "properties": {"id": "Z28-005", "kind": "island", "lat": 2.08089, "lon": 73.54215, "area_km2": 0.1826, "zone": "Z28"}, "geometry": {"type": "Polygon", "coordinates": [[[73.54116, 2.07818], [73.54177, 2.07874], [73.54224, 2.07889], [73.54277, 2.0794], [73.54429, 2.07975], [73.54476, 2.08027], [73.54475, 2.08063], [73.54409, 2.08115], [73.54235, 2.08179], [73.54129, 2.08239], [73.54012, 2.08365], [73.53974, 2.08374], [73.53963, 2.08325], [73.53981, 2.08222], [73.53993, 2.08014], [73.53991, 2.07839], [73.54071, 2.07817], [73.54116, 2.07818]]]}}, {"type": "Feature", "properties": {"id": "Z28-004", "kind": "island", "lat": 2.08647, "lon": 73.54161, "area_km2": 0.0001, "zone": "Z28"}, "geometry": {"type": "Polygon", "coordinates": [[[73.54162, 2.08651], [73.54154, 2.08643], [73.54165, 2.0864], [73.54162, 2.08651]]]}}, {"type": "Feature", "properties": {"id": "Z28-003", "kind": "island", "lat": 2.09357, "lon": 73.54536, "area_km2": 0.4744, "zone": "Z28"}, "geometry": {"type": "Polygon", "coordinates": [[[73.54227, 2.08483], [73.54299, 2.08539], [73.54359, 2.08671], [73.54354, 2.08684], [73.54363, 2.08684], [73.54381, 2.08729], [73.54392, 2.08734], [73.54381, 2.08738], [73.54402, 2.08766], [73.54408, 2.08801], [73.5442, 2.0881], [73.54435, 2.08873], [73.54448, 2.08885], [73.54581, 2.09177], [73.5457, 2.09188], [73.546, 2.0923], [73.54716, 2.09471], [73.54763, 2.09596], [73.54776, 2.09653], [73.54789, 2.09745], [73.54761, 2.09884], [73.54764, 2.09934], [73.5471, 2.10083], [73.54663, 2.1016], [73.54514, 2.10243], [73.54439, 2.10244], [73.54427, 2.10216], [73.54458, 2.10063], [73.54448, 2.09998], [73.54455, 2.09824], [73.54432, 2.0978], [73.54452, 2.09743], [73.54448, 2.09642], [73.54466, 2.09607], [73.54454, 2.09457], [73.5441, 2.09386], [73.54414, 2.09244], [73.54391, 2.09106], [73.54354, 2.0899], [73.54313, 2.08905], [73.54253, 2.08717], [73.54129, 2.08551], [73.54116, 2.08487], [73.54147, 2.08478], [73.54156, 2.08465], [73.54165, 2.08478], [73.54179, 2.08473], [73.54227, 2.08483]]]}}, {"type": "Feature", "properties": {"id": "Z28-002", "kind": "island", "lat": 2.11533, "lon": 73.54169, "area_km2": 0.0583, "zone": "Z28"}, "geometry": {"type": "Polygon", "coordinates": [[[73.54283, 2.11591], [73.54165, 2.11628], [73.54125, 2.11626], [73.54047, 2.11558], [73.54026, 2.11521], [73.54107, 2.11458], [73.54246, 2.11451], [73.54278, 2.1152], [73.54322, 2.11541], [73.54468, 2.11525], [73.54493, 2.11556], [73.54473, 2.11594], [73.544, 2.11611], [73.54283, 2.11591]]]}}, {"type": "Feature", "properties": {"id": "Z28-001", "kind": "island", "lat": 2.11893, "lon": 73.56467, "area_km2": 3.4095, "zone": "Z28"}, "geometry": {"type": "Polygon", "coordinates": [[[73.58569, 2.12692], [73.5858, 2.12849], [73.58567, 2.12862], [73.58579, 2.1299], [73.58567, 2.13014], [73.5858, 2.13044], [73.58558, 2.13178], [73.58549, 2.13185], [73.58529, 2.13251], [73.58468, 2.13257], [73.58413, 2.13251], [73.58358, 2.13187], [73.58297, 2.13134], [73.58244, 2.13068], [73.58203, 2.13036], [73.58164, 2.12967], [73.58131, 2.12941], [73.58091, 2.12838], [73.58056, 2.12791], [73.5798, 2.1273], [73.57952, 2.12695], [73.57932, 2.12679], [73.57884, 2.12673], [73.57863, 2.12686], [73.57722, 2.12609], [73.57714, 2.12574], [73.57546, 2.12477], [73.57475, 2.12445], [73.57297, 2.12335], [73.57291, 2.12323], [73.57267, 2.1232], [73.57166, 2.12269], [73.56877, 2.12202], [73.566, 2.12153], [73.56558, 2.12138], [73.56446, 2.12136], [73.55986, 2.1205], [73.5569, 2.12027], [73.5562, 2.12009], [73.55474, 2.11944], [73.55169, 2.11766], [73.55137, 2.1171], [73.5514, 2.1165], [73.55191, 2.11605], [73.55284, 2.11587], [73.55343, 2.11521], [73.5541, 2.1142], [73.55477, 2.11281], [73.55467, 2.11228], [73.55436, 2.11167], [73.55425, 2.11075], [73.55392, 2.11044], [73.5549, 2.11002], [73.55499, 2.10845], [73.55513, 2.10787], [73.55496, 2.10646], [73.55446, 2.10584], [73.55456, 2.10549], [73.55495, 2.10544], [73.55512, 2.10522], [73.55603, 2.10553], [73.55644, 2.10558], [73.55737, 2.1061], [73.55832, 2.10651], [73.55934, 2.10648], [73.56006, 2.10752], [73.56016, 2.10787], [73.56046, 2.10811], [73.56101, 2.1088], [73.56124, 2.10921], [73.56148, 2.10933], [73.56191, 2.10989], [73.56271, 2.11061], [73.56384, 2.11227], [73.56459, 2.11289], [73.56906, 2.11598], [73.57326, 2.11789], [73.57402, 2.11835], [73.57474, 2.11861], [73.5748, 2.11874], [73.57493, 2.11868], [73.57609, 2.11912], [73.57678, 2.1195], [73.57687, 2.11972], [73.57699, 2.11965], [73.57761, 2.11996], [73.57798, 2.12032], [73.57871, 2.12048], [73.58024, 2.12111], [73.58136, 2.1217], [73.5832, 2.12233], [73.58424, 2.12323], [73.58432, 2.1235], [73.58463, 2.12373], [73.58468, 2.12404], [73.58477, 2.12411], [73.58539, 2.12585], [73.58569, 2.12692]]]}}, {"type": "Feature", "properties": {"id": "Z27-061", "kind": "island", "lat": 2.16429, "lon": 73.06306, "area_km2": 0.0055, "zone": "Z27"}, "geometry": {"type": "Polygon", "coordinates": [[[73.06303, 2.16383], [73.06352, 2.1646], [73.0633, 2.16486], [73.06274, 2.16445], [73.06282, 2.16389], [73.06303, 2.16383]]]}}, {"type": "Feature", "properties": {"id": "Z27-059", "kind": "island", "lat": 2.16749, "lon": 73.0337, "area_km2": 0.05, "zone": "Z27"}, "geometry": {"type": "Polygon", "coordinates": [[[73.03395, 2.16801], [73.03316, 2.16827], [73.03218, 2.1688], [73.03209, 2.16825], [73.03231, 2.16785], [73.03258, 2.1676], [73.03283, 2.1666], [73.03354, 2.16613], [73.03366, 2.16626], [73.03401, 2.16636], [73.03496, 2.16775], [73.03548, 2.16823], [73.03395, 2.16801]]]}}, {"type": "Feature", "properties": {"id": "Z27-057", "kind": "island", "lat": 2.16858, "lon": 73.05365, "area_km2": 0.0428, "zone": "Z27"}, "geometry": {"type": "Polygon", "coordinates": [[[73.05481, 2.16882], [73.05526, 2.16955], [73.05493, 2.16953], [73.05304, 2.16867], [73.05249, 2.1685], [73.05108, 2.16823], [73.05034, 2.16834], [73.05023, 2.16808], [73.05114, 2.16774], [73.05126, 2.16787], [73.05157, 2.16774], [73.05229, 2.16764], [73.0528, 2.16767], [73.05383, 2.16795], [73.05481, 2.16882]]]}}, {"type": "Feature", "properties": {"id": "Z27-060", "kind": "island", "lat": 2.16731, "lon": 73.02375, "area_km2": 0.3206, "zone": "Z27"}, "geometry": {"type": "Polygon", "coordinates": [[[73.02737, 2.16967], [73.02588, 2.16989], [73.02587, 2.17009], [73.02604, 2.17017], [73.02598, 2.17051], [73.02578, 2.1704], [73.02575, 2.17003], [73.02546, 2.16972], [73.02301, 2.169], [73.02238, 2.16858], [73.02126, 2.16841], [73.02052, 2.16873], [73.01897, 2.16978], [73.0191, 2.16931], [73.01928, 2.16922], [73.0195, 2.16881], [73.01998, 2.16827], [73.02036, 2.16805], [73.02041, 2.16772], [73.02036, 2.16679], [73.02001, 2.16589], [73.02007, 2.16526], [73.02054, 2.16425], [73.02115, 2.16415], [73.02135, 2.16428], [73.02135, 2.16437], [73.02171, 2.16455], [73.02189, 2.16482], [73.02204, 2.16484], [73.0224, 2.1652], [73.02243, 2.16545], [73.02261, 2.16554], [73.02261, 2.16572], [73.02311, 2.16613], [73.02373, 2.16639], [73.02436, 2.16649], [73.02537, 2.16692], [73.02652, 2.16705], [73.02728, 2.16742], [73.02733, 2.16734], [73.02773, 2.1676], [73.0278, 2.16748], [73.0283, 2.16793], [73.02855, 2.16801], [73.02871, 2.16832], [73.0288, 2.16832], [73.0288, 2.16859], [73.02871, 2.16859], [73.02868, 2.16882], [73.02839, 2.16893], [73.0281, 2.16997], [73.0275, 2.16985], [73.02737, 2.16967]]]}}, {"type": "Feature", "properties": {"id": "Z27-056", "kind": "island", "lat": 2.16866, "lon": 73.01267, "area_km2": 0.0672, "zone": "Z27"}, "geometry": {"type": "Polygon", "coordinates": [[[73.01312, 2.16945], [73.01261, 2.16984], [73.01228, 2.16994], [73.01216, 2.17009], [73.01149, 2.17037], [73.01088, 2.1709], [73.0108, 2.17054], [73.01096, 2.17006], [73.0112, 2.16958], [73.01187, 2.16874], [73.01169, 2.16792], [73.01165, 2.16733], [73.01184, 2.16668], [73.01235, 2.16648], [73.01246, 2.16662], [73.01281, 2.16671], [73.01286, 2.16664], [73.01308, 2.16679], [73.01321, 2.16725], [73.01308, 2.16733], [73.01357, 2.16858], [73.01335, 2.16877], [73.01261, 2.16881], [73.01237, 2.16913], [73.01251, 2.16932], [73.01315, 2.16923], [73.01312, 2.16945]]]}}, {"type": "Feature", "properties": {"id": "Z27-055", "kind": "island", "lat": 2.17016, "lon": 73.01581, "area_km2": 0.0359, "zone": "Z27"}, "geometry": {"type": "Polygon", "coordinates": [[[73.01698, 2.17105], [73.01542, 2.17066], [73.01464, 2.17079], [73.01452, 2.17066], [73.01466, 2.17009], [73.01494, 2.16966], [73.01545, 2.16932], [73.01551, 2.1694], [73.01582, 2.16928], [73.01642, 2.1695], [73.01705, 2.17024], [73.01698, 2.17105]]]}}, {"type": "Feature", "properties": {"id": "Z27-058", "kind": "island", "lat": 2.16832, "lon": 73.06517, "area_km2": 0.3466, "zone": "Z27"}, "geometry": {"type": "Polygon", "coordinates": [[[73.06959, 2.17218], [73.06971, 2.17227], [73.06919, 2.17249], [73.06896, 2.17218], [73.06887, 2.17218], [73.06887, 2.1721], [73.06849, 2.17193], [73.0677, 2.17214], [73.06754, 2.17147], [73.06712, 2.17106], [73.06626, 2.17075], [73.066, 2.17103], [73.06494, 2.16951], [73.06393, 2.16895], [73.06307, 2.16884], [73.06247, 2.16859], [73.06227, 2.16807], [73.06251, 2.16707], [73.06297, 2.1665], [73.06355, 2.16627], [73.06375, 2.16635], [73.06381, 2.16627], [73.06537, 2.16599], [73.06587, 2.16519], [73.06637, 2.1647], [73.06665, 2.16407], [73.06691, 2.16379], [73.0673, 2.16406], [73.06734, 2.16527], [73.06757, 2.16576], [73.06766, 2.16705], [73.06804, 2.16856], [73.0686, 2.16923], [73.06914, 2.17021], [73.06985, 2.171], [73.07001, 2.17139], [73.06986, 2.17174], [73.06998, 2.1718], [73.06977, 2.17192], [73.06959, 2.17218]]]}}, {"type": "Feature", "properties": {"id": "Z27-054", "kind": "island", "lat": 2.17181, "lon": 73.08004, "area_km2": 0.2701, "zone": "Z27"}, "geometry": {"type": "Polygon", "coordinates": [[[73.07983, 2.16787], [73.08074, 2.16833], [73.08127, 2.16884], [73.08183, 2.16961], [73.08205, 2.17127], [73.08182, 2.17214], [73.08136, 2.17284], [73.08152, 2.17364], [73.08197, 2.17429], [73.08223, 2.17511], [73.08221, 2.17577], [73.08199, 2.17591], [73.08125, 2.17488], [73.08026, 2.17378], [73.07917, 2.17318], [73.07891, 2.17262], [73.07787, 2.17149], [73.07727, 2.1711], [73.07609, 2.17094], [73.0761, 2.17059], [73.07644, 2.17028], [73.07746, 2.17007], [73.07849, 2.16857], [73.07882, 2.16826], [73.07924, 2.16806], [73.07983, 2.16787]]]}}, {"type": "Feature", "properties": {"id": "Z27-053", "kind": "island", "lat": 2.18703, "lon": 72.97558, "area_km2": 0.0194, "zone": "Z27"}, "geometry": {"type": "Polygon", "coordinates": [[[72.97552, 2.18739], [72.97469, 2.1881], [72.97433, 2.18822], [72.97424, 2.18766], [72.9755, 2.18672], [72.97589, 2.18665], [72.97589, 2.18656], [72.97608, 2.18644], [72.97663, 2.18634], [72.97692, 2.18654], [72.97552, 2.18739]]]}}, {"type": "Feature", "properties": {"id": "Z27-052", "kind": "island", "lat": 2.1871, "lon": 73.09551, "area_km2": 0.4085, "zone": "Z27"}, "geometry": {"type": "Polygon", "coordinates": [[[73.0962, 2.19024], [73.09576, 2.18999], [73.09282, 2.19019], [73.093, 2.18935], [73.09298, 2.18904], [73.0927, 2.18836], [73.09271, 2.18749], [73.09223, 2.18629], [73.09173, 2.18589], [73.09128, 2.1853], [73.09124, 2.18449], [73.09133, 2.18449], [73.09133, 2.18431], [73.09337, 2.18445], [73.09375, 2.18458], [73.09549, 2.18441], [73.09675, 2.18451], [73.09681, 2.18458], [73.09771, 2.18413], [73.09816, 2.18361], [73.09838, 2.18373], [73.09842, 2.18458], [73.09869, 2.18512], [73.09882, 2.18523], [73.09872, 2.18618], [73.09851, 2.18665], [73.09858, 2.18671], [73.09835, 2.1875], [73.09732, 2.18925], [73.09643, 2.18988], [73.0962, 2.19024]]]}}, {"type": "Feature", "properties": {"id": "Z27-051", "kind": "island", "lat": 2.19336, "lon": 72.96842, "area_km2": 0.0317, "zone": "Z27"}, "geometry": {"type": "Polygon", "coordinates": [[[72.97019, 2.19209], [72.97048, 2.19234], [72.96935, 2.19312], [72.96814, 2.19412], [72.96773, 2.19423], [72.96759, 2.19361], [72.96823, 2.19279], [72.96931, 2.19211], [72.97019, 2.19209]]]}}, {"type": "Feature", "properties": {"id": "Z27-050", "kind": "island", "lat": 2.1955, "lon": 73.11134, "area_km2": 0.584, "zone": "Z27"}, "geometry": {"type": "Polygon", "coordinates": [[[73.1163, 2.19006], [73.11736, 2.19067], [73.11754, 2.19141], [73.11844, 2.19227], [73.11827, 2.19278], [73.11732, 2.19294], [73.11655, 2.19333], [73.1158, 2.19434], [73.11483, 2.19532], [73.11381, 2.19581], [73.11282, 2.19644], [73.11061, 2.19853], [73.10907, 2.19864], [73.108, 2.19904], [73.10707, 2.19946], [73.10566, 2.20053], [73.10496, 2.20088], [73.10485, 2.20051], [73.10512, 2.19942], [73.10585, 2.19801], [73.10885, 2.19491], [73.10992, 2.19403], [73.11176, 2.19293], [73.11257, 2.19235], [73.11419, 2.19145], [73.11456, 2.19117], [73.11488, 2.19051], [73.11547, 2.19012], [73.1163, 2.19006]]]}}, {"type": "Feature", "properties": {"id": "Z27-049", "kind": "island", "lat": 2.19844, "lon": 73.12876, "area_km2": 0.2289, "zone": "Z27"}, "geometry": {"type": "Polygon", "coordinates": [[[73.12846, 2.20057], [73.12767, 2.2009], [73.12729, 2.20097], [73.12703, 2.20053], [73.12681, 2.19985], [73.12659, 2.19945], [73.12643, 2.19872], [73.12664, 2.19816], [73.12744, 2.19747], [73.12793, 2.19673], [73.12804, 2.19597], [73.12825, 2.19561], [73.12932, 2.19537], [73.13063, 2.19576], [73.13129, 2.19606], [73.13169, 2.1967], [73.13157, 2.1968], [73.13153, 2.19718], [73.1313, 2.19734], [73.13136, 2.19751], [73.13124, 2.19808], [73.13062, 2.19894], [73.1304, 2.19913], [73.13035, 2.19954], [73.12957, 2.20018], [73.12942, 2.20048], [73.12924, 2.20057], [73.1292, 2.20072], [73.12908, 2.20079], [73.12859, 2.20036], [73.12846, 2.20057]]]}}, {"type": "Feature", "properties": {"id": "Z27-048", "kind": "island", "lat": 2.20787, "lon": 73.14177, "area_km2": 0.0001, "zone": "Z27"}, "geometry": {"type": "Polygon", "coordinates": [[[73.14181, 2.20794], [73.1417, 2.20791], [73.14178, 2.20783], [73.14181, 2.20794]]]}}, {"type": "Feature", "properties": {"id": "Z27-047", "kind": "island", "lat": 2.20801, "lon": 73.14186, "area_km2": 0.0001, "zone": "Z27"}, "geometry": {"type": "Polygon", "coordinates": [[[73.14181, 2.20794], [73.14192, 2.20797], [73.14184, 2.20805], [73.14181, 2.20794]]]}}, {"type": "Feature", "properties": {"id": "Z27-045", "kind": "island", "lat": 2.21149, "lon": 73.14958, "area_km2": 0.0231, "zone": "Z27"}, "geometry": {"type": "Polygon", "coordinates": [[[73.15062, 2.2118], [73.15086, 2.2122], [73.15064, 2.21236], [73.15014, 2.21225], [73.15008, 2.21216], [73.14984, 2.21213], [73.14936, 2.21189], [73.14929, 2.21201], [73.14918, 2.21171], [73.14909, 2.21171], [73.14891, 2.21144], [73.14866, 2.21138], [73.14834, 2.211], [73.14844, 2.21062], [73.14875, 2.21071], [73.14882, 2.21081], [73.14976, 2.21102], [73.1501, 2.21124], [73.15026, 2.21153], [73.15044, 2.21162], [73.15053, 2.2118], [73.15062, 2.2118]]]}}, {"type": "Feature", "properties": {"id": "Z27-046", "kind": "island", "lat": 2.20914, "lon": 73.15107, "area_km2": 0.6415, "zone": "Z27"}, "geometry": {"type": "Polygon", "coordinates": [[[73.15154, 2.20821], [73.15185, 2.20874], [73.15232, 2.2092], [73.15259, 2.20929], [73.15259, 2.20938], [73.15394, 2.2109], [73.15421, 2.21108], [73.15421, 2.21117], [73.1543, 2.21117], [73.1543, 2.21126], [73.15446, 2.21131], [73.15713, 2.21385], [73.15758, 2.21418], [73.15823, 2.21493], [73.1582, 2.2156], [73.15724, 2.21571], [73.15631, 2.2149], [73.15533, 2.21436], [73.15529, 2.21414], [73.15511, 2.21414], [73.15511, 2.21405], [73.15484, 2.21387], [73.15299, 2.21364], [73.15129, 2.21284], [73.15115, 2.21268], [73.15127, 2.21066], [73.14828, 2.20749], [73.14819, 2.20749], [73.14819, 2.2074], [73.14795, 2.20747], [73.14657, 2.2083], [73.14642, 2.20851], [73.14621, 2.20857], [73.14524, 2.20935], [73.1449, 2.20929], [73.14442, 2.20893], [73.1432, 2.20843], [73.14322, 2.20791], [73.14227, 2.20687], [73.14192, 2.20673], [73.14142, 2.20726], [73.14132, 2.20663], [73.14122, 2.20644], [73.14123, 2.2061], [73.14087, 2.20529], [73.14078, 2.20458], [73.14121, 2.20318], [73.14162, 2.20264], [73.14278, 2.20251], [73.14317, 2.20272], [73.14329, 2.2036], [73.14349, 2.20397], [73.14693, 2.20632], [73.14733, 2.20646], [73.14761, 2.20645], [73.1486, 2.20554], [73.14893, 2.20556], [73.14933, 2.20584], [73.14968, 2.20674], [73.15052, 2.20707], [73.15154, 2.20821]]]}}, {"type": "Feature", "properties": {"id": "Z27-044", "kind": "island", "lat": 2.25279, "lon": 73.21335, "area_km2": 0.1235, "zone": "Z27"}, "geometry": {"type": "Polygon", "coordinates": [[[73.21509, 2.25206], [73.21506, 2.25286], [73.21454, 2.25371], [73.21426, 2.2538], [73.21416, 2.25459], [73.21368, 2.25469], [73.21298, 2.25432], [73.21221, 2.25366], [73.2116, 2.25273], [73.21045, 2.25131], [73.21004, 2.25092], [73.21134, 2.25088], [73.21312, 2.25148], [73.21327, 2.25164], [73.2135, 2.25173], [73.21459, 2.25135], [73.21482, 2.25147], [73.21509, 2.25206]]]}}, {"type": "Feature", "properties": {"id": "Z27-043", "kind": "island", "lat": 2.25857, "lon": 73.21834, "area_km2": 0.0035, "zone": "Z27"}, "geometry": {"type": "Polygon", "coordinates": [[[73.21817, 2.25806], [73.21877, 2.25893], [73.21875, 2.25909], [73.21806, 2.25849], [73.21795, 2.25812], [73.21817, 2.25806]]]}}, {"type": "Feature", "properties": {"id": "Z27-042", "kind": "island", "lat": 2.26586, "lon": 73.22662, "area_km2": 0.0066, "zone": "Z27"}, "geometry": {"type": "Polygon", "coordinates": [[[73.22688, 2.26525], [73.22697, 2.26613], [73.22646, 2.26609], [73.22612, 2.26563], [73.22646, 2.26533], [73.22688, 2.26525]]]}}, {"type": "Feature", "properties": {"id": "Z27-041", "kind": "island", "lat": 2.26708, "lon": 72.93416, "area_km2": 0.0228, "zone": "Z27"}, "geometry": {"type": "Polygon", "coordinates": [[[72.93583, 2.26624], [72.93511, 2.26642], [72.93484, 2.2666], [72.93349, 2.2678], [72.93305, 2.26831], [72.93286, 2.26875], [72.93273, 2.26864], [72.93302, 2.26787], [72.93351, 2.26737], [72.93423, 2.26688], [72.93449, 2.26647], [72.93475, 2.26642], [72.93518, 2.26591], [72.93644, 2.26521], [72.93677, 2.26574], [72.93618, 2.26609], [72.93583, 2.26615], [72.93583, 2.26624]]]}}, {"type": "Feature", "properties": {"id": "Z27-040", "kind": "island", "lat": 2.27023, "lon": 73.23343, "area_km2": 0.0004, "zone": "Z27"}, "geometry": {"type": "Polygon", "coordinates": [[[73.23353, 2.27031], [73.23322, 2.27014], [73.23335, 2.27001], [73.23353, 2.27031]]]}}, {"type": "Feature", "properties": {"id": "Z27-039", "kind": "island", "lat": 2.27102, "lon": 72.93077, "area_km2": 0.2165, "zone": "Z27"}, "geometry": {"type": "Polygon", "coordinates": [[[72.93103, 2.27389], [72.92988, 2.27382], [72.92927, 2.27387], [72.92879, 2.27293], [72.92854, 2.2716], [72.92861, 2.27051], [72.93097, 2.27014], [72.93129, 2.26978], [72.93226, 2.26948], [72.93237, 2.26925], [72.93269, 2.26907], [72.93255, 2.26988], [72.93268, 2.27038], [72.93319, 2.27154], [72.93339, 2.27191], [72.93417, 2.27203], [72.93453, 2.27231], [72.93452, 2.27255], [72.93361, 2.27336], [72.93273, 2.27347], [72.93103, 2.27389]]]}}, {"type": "Feature", "properties": {"id": "Z27-038", "kind": "island", "lat": 2.28167, "lon": 73.25473, "area_km2": 0.0175, "zone": "Z27"}, "geometry": {"type": "Polygon", "coordinates": [[[73.25519, 2.28084], [73.25536, 2.2816], [73.25547, 2.28164], [73.25536, 2.28169], [73.25546, 2.2822], [73.25529, 2.28248], [73.25489, 2.28243], [73.25404, 2.28175], [73.25406, 2.28156], [73.25446, 2.28133], [73.25493, 2.28092], [73.25519, 2.28084]]]}}, {"type": "Feature", "properties": {"id": "Z27-037", "kind": "island", "lat": 2.29142, "lon": 72.94193, "area_km2": 0.2304, "zone": "Z27"}, "geometry": {"type": "Polygon", "coordinates": [[[72.94375, 2.29422], [72.94348, 2.2944], [72.94324, 2.29412], [72.94271, 2.29395], [72.94221, 2.29427], [72.9414, 2.29418], [72.94085, 2.2943], [72.94054, 2.29374], [72.9405, 2.29328], [72.93996, 2.29236], [72.93983, 2.29156], [72.94003, 2.2906], [72.94048, 2.28977], [72.94122, 2.28912], [72.94186, 2.28875], [72.94305, 2.28865], [72.94374, 2.28924], [72.94405, 2.2909], [72.94406, 2.29128], [72.9437, 2.29227], [72.9436, 2.29337], [72.94378, 2.29386], [72.94375, 2.29422]]]}}, {"type": "Feature", "properties": {"id": "Z27-036", "kind": "island", "lat": 2.29519, "lon": 73.27678, "area_km2": 0.0267, "zone": "Z27"}, "geometry": {"type": "Polygon", "coordinates": [[[73.27683, 2.294], [73.2773, 2.2947], [73.27741, 2.29587], [73.27701, 2.29602], [73.27584, 2.29487], [73.27562, 2.29426], [73.27607, 2.29405], [73.27683, 2.294]]]}}, {"type": "Feature", "properties": {"id": "Z27-035", "kind": "island", "lat": 2.30056, "lon": 73.28501, "area_km2": 0.0051, "zone": "Z27"}, "geometry": {"type": "Polygon", "coordinates": [[[73.28491, 2.30019], [73.28528, 2.30039], [73.2854, 2.30075], [73.28516, 2.30104], [73.28472, 2.30073], [73.2846, 2.30029], [73.28491, 2.30019]]]}}, {"type": "Feature", "properties": {"id": "Z27-034", "kind": "island", "lat": 2.30565, "lon": 73.29171, "area_km2": 0.0126, "zone": "Z27"}, "geometry": {"type": "Polygon", "coordinates": [[[73.29161, 2.30515], [73.29218, 2.30557], [73.29239, 2.30633], [73.29211, 2.30643], [73.29176, 2.30598], [73.29093, 2.30543], [73.29063, 2.30511], [73.29092, 2.30495], [73.29161, 2.30515]]]}}, {"type": "Feature", "properties": {"id": "Z27-032", "kind": "island", "lat": 2.31145, "lon": 73.29826, "area_km2": 0.0013, "zone": "Z27"}, "geometry": {"type": "Polygon", "coordinates": [[[73.29839, 2.31133], [73.29848, 2.31169], [73.29822, 2.31165], [73.29799, 2.31125], [73.29839, 2.31133]]]}}, {"type": "Feature", "properties": {"id": "Z27-033", "kind": "island", "lat": 2.31079, "lon": 73.29847, "area_km2": 0.0667, "zone": "Z27"}, "geometry": {"type": "Polygon", "coordinates": [[[73.29839, 2.31133], [73.29839, 2.31124], [73.29782, 2.31093], [73.29731, 2.31035], [73.29722, 2.31035], [73.29709, 2.3101], [73.29641, 2.30954], [73.29632, 2.30954], [73.29632, 2.30945], [73.2962, 2.30936], [73.29638, 2.30923], [73.29629, 2.30873], [73.29668, 2.30891], [73.29686, 2.30891], [73.29686, 2.309], [73.29716, 2.30889], [73.29864, 2.30982], [73.29933, 2.31093], [73.29947, 2.31097], [73.2995, 2.31112], [73.2997, 2.31122], [73.29974, 2.31142], [73.29983, 2.31142], [73.29983, 2.31151], [73.29992, 2.31151], [73.29992, 2.3116], [73.30027, 2.31187], [73.30037, 2.31223], [73.30045, 2.31223], [73.30067, 2.31261], [73.3001, 2.31249], [73.29944, 2.31262], [73.29884, 2.31187], [73.29855, 2.3118], [73.29848, 2.31169], [73.29866, 2.31169], [73.29866, 2.31142], [73.29857, 2.31142], [73.29857, 2.31133], [73.29839, 2.31133]]]}}, {"type": "Feature", "properties": {"id": "Z27-031", "kind": "island", "lat": 2.31515, "lon": 72.94388, "area_km2": 0.1244, "zone": "Z27"}, "geometry": {"type": "Polygon", "coordinates": [[[72.94351, 2.313], [72.94411, 2.31337], [72.94467, 2.314], [72.94583, 2.31624], [72.94604, 2.31737], [72.94602, 2.3178], [72.94515, 2.31775], [72.94393, 2.31699], [72.94264, 2.31585], [72.94248, 2.3155], [72.94289, 2.31301], [72.94351, 2.313]]]}}, {"type": "Feature", "properties": {"id": "Z27-028", "kind": "island", "lat": 2.32648, "lon": 72.96207, "area_km2": 0.0086, "zone": "Z27"}, "geometry": {"type": "Polygon", "coordinates": [[[72.96188, 2.32598], [72.96235, 2.32629], [72.96266, 2.32668], [72.96262, 2.32691], [72.9622, 2.327], [72.96167, 2.32668], [72.96157, 2.32606], [72.96188, 2.32598]]]}}, {"type": "Feature", "properties": {"id": "Z27-029", "kind": "island", "lat": 2.32492, "lon": 73.31966, "area_km2": 0.3128, "zone": "Z27"}, "geometry": {"type": "Polygon", "coordinates": [[[73.32107, 2.3271], [73.32036, 2.32731], [73.31868, 2.32746], [73.31773, 2.32709], [73.31726, 2.32712], [73.31746, 2.32656], [73.31613, 2.32506], [73.31555, 2.32499], [73.31555, 2.32481], [73.31501, 2.32337], [73.31501, 2.3231], [73.3151, 2.3231], [73.31525, 2.32272], [73.31519, 2.32238], [73.31568, 2.32243], [73.31618, 2.3226], [73.31725, 2.3228], [73.31856, 2.3234], [73.32093, 2.32473], [73.32168, 2.32485], [73.32227, 2.32401], [73.3228, 2.32377], [73.32303, 2.32378], [73.32378, 2.32463], [73.32376, 2.32534], [73.32326, 2.32621], [73.32231, 2.32701], [73.32107, 2.3271]]]}}, {"type": "Feature", "properties": {"id": "Z27-030", "kind": "island", "lat": 2.32126, "lon": 72.91705, "area_km2": 0.7175, "zone": "Z27"}, "geometry": {"type": "Polygon", "coordinates": [[[72.91814, 2.32603], [72.91758, 2.32707], [72.91669, 2.32804], [72.91657, 2.32828], [72.91634, 2.3284], [72.91617, 2.32875], [72.91513, 2.32861], [72.91522, 2.32755], [72.91509, 2.3272], [72.91457, 2.32636], [72.91454, 2.32589], [72.91433, 2.32596], [72.91408, 2.32557], [72.91442, 2.3218], [72.91468, 2.32144], [72.91492, 2.32064], [72.91528, 2.31767], [72.91476, 2.31704], [72.91468, 2.31558], [72.91495, 2.31516], [72.91526, 2.3143], [72.91535, 2.3143], [72.91535, 2.31421], [72.91544, 2.31421], [72.91557, 2.31401], [72.91607, 2.3139], [72.91616, 2.31403], [72.91663, 2.31409], [72.91669, 2.3143], [72.91759, 2.3143], [72.91799, 2.31404], [72.91863, 2.3139], [72.91898, 2.31435], [72.91912, 2.31493], [72.91924, 2.31497], [72.91912, 2.31502], [72.9193, 2.31601], [72.91943, 2.31609], [72.9193, 2.31618], [72.9193, 2.31636], [72.9194, 2.31643], [72.91921, 2.31672], [72.91903, 2.31726], [72.91922, 2.31769], [72.91912, 2.31888], [72.91927, 2.31895], [72.91933, 2.32026], [72.91921, 2.32032], [72.91935, 2.32063], [72.91943, 2.32198], [72.9189, 2.32335], [72.9187, 2.32465], [72.91814, 2.32603]]]}}, {"type": "Feature", "properties": {"id": "Z27-027", "kind": "island", "lat": 2.33997, "lon": 73.33782, "area_km2": 0.2594, "zone": "Z27"}, "geometry": {"type": "Polygon", "coordinates": [[[73.33975, 2.34194], [73.33962, 2.34206], [73.33971, 2.3426], [73.33998, 2.34288], [73.33992, 2.34398], [73.33962, 2.34365], [73.33917, 2.34242], [73.33862, 2.34196], [73.33737, 2.34142], [73.33715, 2.34165], [73.33695, 2.34174], [73.33654, 2.34152], [73.33634, 2.34127], [73.33661, 2.34075], [73.33551, 2.33959], [73.33476, 2.33985], [73.33389, 2.3372], [73.33401, 2.3365], [73.33426, 2.33603], [73.33483, 2.33577], [73.33574, 2.33593], [73.33679, 2.3372], [73.33755, 2.3379], [73.33787, 2.33806], [73.33832, 2.3386], [73.33856, 2.33871], [73.33941, 2.33958], [73.33987, 2.34008], [73.34002, 2.341], [73.33975, 2.34194]]]}}, {"type": "Feature", "properties": {"id": "Z27-026", "kind": "island", "lat": 2.3437, "lon": 73.34097, "area_km2": 0.0327, "zone": "Z27"}, "geometry": {"type": "Polygon", "coordinates": [[[73.34185, 2.34213], [73.34201, 2.34249], [73.34199, 2.34269], [73.34169, 2.34295], [73.34165, 2.34327], [73.34129, 2.34412], [73.34057, 2.34479], [73.34041, 2.34311], [73.34058, 2.34252], [73.34135, 2.34186], [73.34185, 2.34213]]]}}, {"type": "Feature", "properties": {"id": "Z27-025", "kind": "island", "lat": 2.3467, "lon": 73.3429, "area_km2": 0.0432, "zone": "Z27"}, "geometry": {"type": "Polygon", "coordinates": [[[73.34404, 2.34471], [73.34388, 2.34516], [73.34375, 2.34529], [73.34354, 2.34605], [73.34333, 2.34776], [73.34181, 2.34618], [73.34182, 2.34569], [73.34331, 2.34469], [73.34404, 2.34471]]]}}, {"type": "Feature", "properties": {"id": "Z27-024", "kind": "island", "lat": 2.35677, "lon": 73.35432, "area_km2": 0.207, "zone": "Z27"}, "geometry": {"type": "Polygon", "coordinates": [[[73.35593, 2.35719], [73.35622, 2.358], [73.3569, 2.35924], [73.357, 2.36035], [73.35727, 2.36061], [73.35656, 2.36078], [73.35464, 2.35915], [73.35411, 2.35841], [73.35408, 2.35778], [73.3539, 2.35769], [73.35356, 2.35696], [73.35305, 2.35714], [73.35252, 2.35536], [73.35249, 2.3548], [73.35273, 2.35453], [73.3538, 2.3541], [73.35408, 2.35385], [73.35435, 2.35338], [73.35435, 2.3532], [73.35444, 2.3532], [73.35449, 2.35281], [73.35492, 2.35248], [73.35498, 2.35257], [73.35537, 2.35268], [73.35548, 2.35318], [73.35569, 2.35357], [73.35548, 2.35435], [73.35539, 2.3558], [73.3556, 2.35658], [73.35593, 2.35719]]]}}, {"type": "Feature", "properties": {"id": "Z27-023", "kind": "island", "lat": 2.36184, "lon": 73.36202, "area_km2": 0.05, "zone": "Z27"}, "geometry": {"type": "Polygon", "coordinates": [[[73.3606, 2.35979], [73.36242, 2.36001], [73.36288, 2.36018], [73.36311, 2.36057], [73.36206, 2.36235], [73.36248, 2.36352], [73.3622, 2.36382], [73.36203, 2.36372], [73.36194, 2.36245], [73.36146, 2.36132], [73.3611, 2.36076], [73.36065, 2.36028], [73.36019, 2.36002], [73.35987, 2.35999], [73.3598, 2.35984], [73.36035, 2.35965], [73.36046, 2.35984], [73.3606, 2.35979]]]}}, {"type": "Feature", "properties": {"id": "Z27-022", "kind": "island", "lat": 2.36487, "lon": 73.36302, "area_km2": 0.0153, "zone": "Z27"}, "geometry": {"type": "Polygon", "coordinates": [[[73.36406, 2.36469], [73.36328, 2.36502], [73.36285, 2.36558], [73.36252, 2.36553], [73.36244, 2.36523], [73.36244, 2.36469], [73.36253, 2.36469], [73.36253, 2.3646], [73.36298, 2.3646], [73.36298, 2.36451], [73.3636, 2.36436], [73.364, 2.36445], [73.36478, 2.36421], [73.36471, 2.36453], [73.36406, 2.36469]]]}}, {"type": "Feature", "properties": {"id": "Z27-021", "kind": "island", "lat": 2.3795, "lon": 73.36105, "area_km2": 0.0001, "zone": "Z27"}, "geometry": {"type": "Polygon", "coordinates": [[[73.36106, 2.37954], [73.36098, 2.37946], [73.36109, 2.37943], [73.36106, 2.37954]]]}}, {"type": "Feature", "properties": {"id": "Z27-020", "kind": "island", "lat": 2.38018, "lon": 73.36095, "area_km2": 0.0001, "zone": "Z27"}, "geometry": {"type": "Polygon", "coordinates": [[[73.36097, 2.38026], [73.36088, 2.3801], [73.361, 2.38005], [73.36097, 2.38026]]]}}, {"type": "Feature", "properties": {"id": "Z27-019", "kind": "island", "lat": 2.3809, "lon": 73.36104, "area_km2": 0.0001, "zone": "Z27"}, "geometry": {"type": "Polygon", "coordinates": [[[73.36106, 2.38098], [73.36097, 2.38082], [73.36109, 2.38077], [73.36106, 2.38098]]]}}, {"type": "Feature", "properties": {"id": "Z27-018", "kind": "island", "lat": 2.38144, "lon": 73.36104, "area_km2": 0.0001, "zone": "Z27"}, "geometry": {"type": "Polygon", "coordinates": [[[73.36106, 2.38152], [73.36097, 2.38136], [73.36109, 2.38131], [73.36106, 2.38152]]]}}, {"type": "Feature", "properties": {"id": "Z27-017", "kind": "island", "lat": 2.40206, "lon": 73.36132, "area_km2": 0.5623, "zone": "Z27"}, "geometry": {"type": "Polygon", "coordinates": [[[73.36139, 2.38199], [73.36127, 2.38203], [73.36127, 2.38212], [73.36136, 2.38212], [73.36159, 2.38279], [73.36167, 2.38391], [73.36154, 2.38401], [73.36145, 2.38437], [73.36159, 2.3846], [73.36159, 2.38546], [73.36209, 2.38845], [73.36234, 2.3892], [73.36271, 2.39374], [73.36312, 2.39495], [73.36417, 2.39578], [73.36428, 2.39754], [73.36392, 2.39888], [73.36311, 2.39915], [73.3627, 2.39976], [73.3616, 2.40298], [73.36072, 2.41038], [73.35954, 2.4173], [73.35894, 2.41977], [73.35784, 2.42288], [73.35772, 2.4228], [73.35804, 2.42079], [73.35889, 2.41639], [73.36014, 2.40907], [73.36028, 2.40637], [73.36087, 2.40085], [73.36105, 2.39848], [73.36114, 2.39407], [73.36125, 2.38491], [73.36113, 2.38208], [73.36122, 2.38192], [73.36139, 2.38199]]]}}, {"type": "Feature", "properties": {"id": "Z27-016", "kind": "island", "lat": 2.43337, "lon": 73.3538, "area_km2": 0.011, "zone": "Z27"}, "geometry": {"type": "Polygon", "coordinates": [[[73.35448, 2.43238], [73.35357, 2.4342], [73.35357, 2.43468], [73.35315, 2.43498], [73.35329, 2.4343], [73.35355, 2.43395], [73.35338, 2.43383], [73.35376, 2.43309], [73.35403, 2.43283], [73.35416, 2.43226], [73.35448, 2.43184], [73.35463, 2.43176], [73.35448, 2.43238]]]}}, {"type": "Feature", "properties": {"id": "Z27-015", "kind": "island", "lat": 2.44253, "lon": 73.34938, "area_km2": 0.0073, "zone": "Z27"}, "geometry": {"type": "Polygon", "coordinates": [[[73.34991, 2.44199], [73.34979, 2.44231], [73.34902, 2.44325], [73.3486, 2.44343], [73.34898, 2.44275], [73.34961, 2.44193], [73.34986, 2.44186], [73.34991, 2.44199]]]}}, {"type": "Feature", "properties": {"id": "Z27-012", "kind": "island", "lat": 2.50645, "lon": 73.25343, "area_km2": 0.0006, "zone": "Z27"}, "geometry": {"type": "Polygon", "coordinates": [[[73.25356, 2.50636], [73.25356, 2.50654], [73.25329, 2.50654], [73.25329, 2.50636], [73.25356, 2.50636]]]}}, {"type": "Feature", "properties": {"id": "Z27-013", "kind": "island", "lat": 2.50567, "lon": 73.25615, "area_km2": 0.0586, "zone": "Z27"}, "geometry": {"type": "Polygon", "coordinates": [[[73.25769, 2.50618], [73.25709, 2.50656], [73.25567, 2.50647], [73.25473, 2.50627], [73.25383, 2.50627], [73.25383, 2.50609], [73.25392, 2.50609], [73.25392, 2.506], [73.25401, 2.506], [73.25408, 2.50586], [73.25428, 2.50582], [73.25428, 2.50573], [73.25448, 2.5056], [73.25629, 2.50465], [73.25732, 2.50511], [73.25791, 2.50557], [73.25769, 2.50618]]]}}, {"type": "Feature", "properties": {"id": "Z27-014", "kind": "island", "lat": 2.50307, "lon": 73.30895, "area_km2": 0.555, "zone": "Z27"}, "geometry": {"type": "Polygon", "coordinates": [[[73.30706, 2.50768], [73.30701, 2.50762], [73.3062, 2.50756], [73.30593, 2.50726], [73.30576, 2.50726], [73.30576, 2.50717], [73.30556, 2.50713], [73.30549, 2.50699], [73.3054, 2.50699], [73.3054, 2.50681], [73.30526, 2.50676], [73.30501, 2.5065], [73.30472, 2.5064], [73.30457, 2.50608], [73.3052, 2.50355], [73.3058, 2.50371], [73.30614, 2.50338], [73.30733, 2.50127], [73.30732, 2.50108], [73.30688, 2.50063], [73.30749, 2.50018], [73.30827, 2.49908], [73.30936, 2.49796], [73.31134, 2.49787], [73.3111, 2.49823], [73.31171, 2.4999], [73.31183, 2.50169], [73.31171, 2.5027], [73.31123, 2.50385], [73.31096, 2.5051], [73.31046, 2.50607], [73.30991, 2.50678], [73.3093, 2.50718], [73.3089, 2.50726], [73.3082, 2.50757], [73.30706, 2.50768]]]}}, {"type": "Feature", "properties": {"id": "Z27-011", "kind": "island", "lat": 2.5146, "lon": 73.23255, "area_km2": 0.0172, "zone": "Z27"}, "geometry": {"type": "Polygon", "coordinates": [[[73.23278, 2.5136], [73.23272, 2.51408], [73.23294, 2.51425], [73.23281, 2.51435], [73.23306, 2.51524], [73.23293, 2.5157], [73.23249, 2.51565], [73.23217, 2.51453], [73.23196, 2.51408], [73.23217, 2.51374], [73.23256, 2.51357], [73.23278, 2.5136]]]}}, {"type": "Feature", "properties": {"id": "Z27-010", "kind": "island", "lat": 2.5206, "lon": 73.22661, "area_km2": 0.0132, "zone": "Z27"}, "geometry": {"type": "Polygon", "coordinates": [[[73.22755, 2.52035], [73.22676, 2.52091], [73.22599, 2.52085], [73.22604, 2.52019], [73.22634, 2.5201], [73.22643, 2.51998], [73.22652, 2.5201], [73.22729, 2.5199], [73.22755, 2.52035]]]}}, {"type": "Feature", "properties": {"id": "Z27-009", "kind": "island", "lat": 2.53122, "lon": 72.98766, "area_km2": 0.0099, "zone": "Z27"}, "geometry": {"type": "Polygon", "coordinates": [[[72.98811, 2.53088], [72.9882, 2.53088], [72.98832, 2.53128], [72.98779, 2.5316], [72.98696, 2.53148], [72.98709, 2.53094], [72.9873, 2.53088], [72.98735, 2.53077], [72.98739, 2.53088], [72.98757, 2.53088], [72.98762, 2.53077], [72.98766, 2.53088], [72.98784, 2.53079], [72.98802, 2.53088], [72.98807, 2.53077], [72.98811, 2.53088]]]}}, {"type": "Feature", "properties": {"id": "Z27-008", "kind": "island", "lat": 2.53848, "lon": 73.17963, "area_km2": 0.0205, "zone": "Z27"}, "geometry": {"type": "Polygon", "coordinates": [[[73.18007, 2.53908], [73.17923, 2.539], [73.17883, 2.53871], [73.17888, 2.5382], [73.17928, 2.53769], [73.17999, 2.53776], [73.18008, 2.53807], [73.18034, 2.53825], [73.18048, 2.53873], [73.18007, 2.53908]]]}}, {"type": "Feature", "properties": {"id": "Z27-007", "kind": "island", "lat": 2.5393, "lon": 73.17608, "area_km2": 0.0151, "zone": "Z27"}, "geometry": {"type": "Polygon", "coordinates": [[[73.17604, 2.53852], [73.17671, 2.53915], [73.1765, 2.53994], [73.17597, 2.53991], [73.17555, 2.53944], [73.17537, 2.53898], [73.1758, 2.53859], [73.17604, 2.53852]]]}}, {"type": "Feature", "properties": {"id": "Z27-006", "kind": "island", "lat": 2.54706, "lon": 73.15448, "area_km2": 0.0427, "zone": "Z27"}, "geometry": {"type": "Polygon", "coordinates": [[[73.15464, 2.5459], [73.15457, 2.54606], [73.15511, 2.54678], [73.15537, 2.54738], [73.15516, 2.54854], [73.15499, 2.54868], [73.15378, 2.54841], [73.15359, 2.54799], [73.15364, 2.54734], [73.15391, 2.54642], [73.15412, 2.54624], [73.15449, 2.54569], [73.15464, 2.5459]]]}}, {"type": "Feature", "properties": {"id": "Z27-005", "kind": "island", "lat": 2.55756, "lon": 73.09986, "area_km2": 0.0124, "zone": "Z27"}, "geometry": {"type": "Polygon", "coordinates": [[[73.1007, 2.55798], [73.09919, 2.55797], [73.09903, 2.55734], [73.1004, 2.55729], [73.10081, 2.55779], [73.1007, 2.55798]]]}}, {"type": "Feature", "properties": {"id": "Z27-004", "kind": "island", "lat": 2.5587, "lon": 73.106, "area_km2": 0.3181, "zone": "Z27"}, "geometry": {"type": "Polygon", "coordinates": [[[73.1033, 2.56015], [73.10256, 2.56012], [73.09984, 2.55909], [73.09973, 2.55889], [73.1001, 2.5583], [73.10273, 2.55841], [73.10323, 2.55823], [73.10399, 2.55809], [73.10408, 2.55819], [73.10496, 2.55793], [73.10539, 2.5576], [73.10547, 2.55779], [73.10641, 2.55769], [73.10692, 2.55751], [73.1086, 2.55747], [73.10983, 2.55733], [73.11044, 2.55735], [73.11124, 2.55752], [73.11136, 2.55765], [73.11194, 2.55786], [73.11225, 2.55809], [73.11207, 2.55903], [73.11199, 2.55909], [73.11204, 2.55963], [73.11143, 2.55993], [73.10793, 2.56015], [73.10336, 2.56008], [73.1033, 2.56015]]]}}, {"type": "Feature", "properties": {"id": "Z27-001", "kind": "island", "lat": 2.56275, "lon": 73.07457, "area_km2": 0.0001, "zone": "Z27"}, "geometry": {"type": "Polygon", "coordinates": [[[73.07459, 2.56279], [73.07451, 2.56271], [73.07462, 2.56268], [73.07459, 2.56279]]]}}, {"type": "Feature", "properties": {"id": "Z27-002", "kind": "island", "lat": 2.56275, "lon": 73.0752, "area_km2": 0.0001, "zone": "Z27"}, "geometry": {"type": "Polygon", "coordinates": [[[73.07522, 2.56279], [73.07514, 2.56271], [73.07525, 2.56268], [73.07522, 2.56279]]]}}, {"type": "Feature", "properties": {"id": "Z27-003", "kind": "island", "lat": 2.56257, "lon": 73.07901, "area_km2": 0.0281, "zone": "Z27"}, "geometry": {"type": "Polygon", "coordinates": [[[73.08143, 2.56301], [73.07948, 2.56289], [73.07679, 2.56286], [73.07655, 2.56265], [73.07923, 2.56249], [73.07897, 2.56237], [73.07889, 2.5622], [73.07929, 2.56214], [73.07955, 2.56252], [73.08104, 2.56266], [73.08297, 2.56264], [73.08311, 2.56288], [73.08143, 2.56301]]]}}, {"type": "Feature", "properties": {"id": "Z26-054", "kind": "island", "lat": 2.67022, "lon": 72.89071, "area_km2": 1.4743, "zone": "Z26"}, "geometry": {"type": "Polygon", "coordinates": [[[72.89303, 2.6762], [72.89249, 2.67573], [72.89207, 2.67553], [72.89123, 2.67429], [72.89048, 2.67347], [72.88975, 2.673], [72.88905, 2.67286], [72.88826, 2.67259], [72.88559, 2.67249], [72.88372, 2.6725], [72.88359, 2.67187], [72.88323, 2.67096], [72.8835, 2.66991], [72.88359, 2.66864], [72.8837, 2.66831], [72.88525, 2.66797], [72.88632, 2.66757], [72.88851, 2.66722], [72.8891, 2.66743], [72.88943, 2.66714], [72.88931, 2.66649], [72.88798, 2.66647], [72.88314, 2.66684], [72.8827, 2.66693], [72.88071, 2.66702], [72.87892, 2.66739], [72.87858, 2.66737], [72.87759, 2.66778], [72.87678, 2.66773], [72.87661, 2.66686], [72.87681, 2.66649], [72.87857, 2.66635], [72.88041, 2.66605], [72.88651, 2.66563], [72.88656, 2.66551], [72.8866, 2.66563], [72.88723, 2.66554], [72.88723, 2.66545], [72.8875, 2.66545], [72.8875, 2.66554], [72.88813, 2.66545], [72.88822, 2.66532], [72.88831, 2.66545], [72.89071, 2.66514], [72.89082, 2.66527], [72.89115, 2.66512], [72.89223, 2.66501], [72.89244, 2.66509], [72.89255, 2.66497], [72.89486, 2.6648], [72.89496, 2.66491], [72.89524, 2.66495], [72.89544, 2.66543], [72.89531, 2.66554], [72.89545, 2.66576], [72.89565, 2.66664], [72.89642, 2.66736], [72.89783, 2.66719], [72.89836, 2.66722], [72.89831, 2.66833], [72.89809, 2.66896], [72.89779, 2.67232], [72.89767, 2.67302], [72.89751, 2.67331], [72.8977, 2.67366], [72.89769, 2.67384], [72.89682, 2.67365], [72.89496, 2.67513], [72.89456, 2.67557], [72.89446, 2.67546], [72.89431, 2.67547], [72.89448, 2.67596], [72.89398, 2.6762], [72.89303, 2.6762]]]}}, {"type": "Feature", "properties": {"id": "Z26-053", "kind": "island", "lat": 2.67684, "lon": 72.92776, "area_km2": 0.1096, "zone": "Z26"}, "geometry": {"type": "Polygon", "coordinates": [[[72.92945, 2.6791], [72.9289, 2.67932], [72.92882, 2.67919], [72.92858, 2.67922], [72.9281, 2.67946], [72.92784, 2.67969], [72.92736, 2.67977], [72.9271, 2.67906], [72.92659, 2.67897], [72.92672, 2.67853], [72.9269, 2.6765], [72.92703, 2.67641], [72.92707, 2.67474], [72.92726, 2.67447], [72.92746, 2.67448], [72.92911, 2.67765], [72.92977, 2.67843], [72.92997, 2.67888], [72.92927, 2.67901], [72.92945, 2.67901], [72.92945, 2.6791]]]}}, {"type": "Feature", "properties": {"id": "Z26-052", "kind": "island", "lat": 2.67933, "lon": 72.93002, "area_km2": 0.0033, "zone": "Z26"}, "geometry": {"type": "Polygon", "coordinates": [[[72.92945, 2.6791], [72.92954, 2.6791], [72.92962, 2.67898], [72.9299, 2.6791], [72.93062, 2.67965], [72.93049, 2.67977], [72.93003, 2.67943], [72.92955, 2.67923], [72.92945, 2.6791]]]}}, {"type": "Feature", "properties": {"id": "Z26-051", "kind": "island", "lat": 2.68229, "lon": 72.9346, "area_km2": 0.0579, "zone": "Z26"}, "geometry": {"type": "Polygon", "coordinates": [[[72.93628, 2.68396], [72.93569, 2.68374], [72.93556, 2.68351], [72.93481, 2.6832], [72.9343, 2.68225], [72.93418, 2.68216], [72.9343, 2.68207], [72.93419, 2.68194], [72.93272, 2.68114], [72.93259, 2.68099], [72.93242, 2.68099], [72.93242, 2.6809], [72.93194, 2.68077], [72.93206, 2.68072], [72.93197, 2.68054], [72.93176, 2.6805], [72.93277, 2.68009], [72.93282, 2.67998], [72.93286, 2.68009], [72.93322, 2.67996], [72.93406, 2.68065], [72.93418, 2.68129], [72.93491, 2.68232], [72.93587, 2.683], [72.93655, 2.68369], [72.93673, 2.68378], [72.93677, 2.68372], [72.93718, 2.68404], [72.93736, 2.68404], [72.93745, 2.68422], [72.93763, 2.68422], [72.93763, 2.68431], [72.93781, 2.68443], [72.93761, 2.68462], [72.93719, 2.68449], [72.93709, 2.68431], [72.93688, 2.68428], [72.937, 2.68422], [72.93682, 2.68404], [72.93655, 2.68404], [72.93664, 2.68425], [72.93639, 2.68415], [72.93628, 2.68396]]]}}, {"type": "Feature", "properties": {"id": "Z26-050", "kind": "island", "lat": 2.688, "lon": 72.85955, "area_km2": 0.0824, "zone": "Z26"}, "geometry": {"type": "Polygon", "coordinates": [[[72.85991, 2.6887], [72.85848, 2.68943], [72.85824, 2.68975], [72.85777, 2.68979], [72.85769, 2.68994], [72.85681, 2.69], [72.85642, 2.69015], [72.85613, 2.69011], [72.85602, 2.68987], [72.85633, 2.68979], [72.85642, 2.68961], [72.85678, 2.68943], [72.85691, 2.68912], [72.85741, 2.68872], [72.85759, 2.68845], [72.85794, 2.68836], [72.8581, 2.68818], [72.85885, 2.68776], [72.85902, 2.68782], [72.86004, 2.6874], [72.86227, 2.68588], [72.86253, 2.68589], [72.86235, 2.68638], [72.86217, 2.68647], [72.86211, 2.68668], [72.85991, 2.6887]]]}}, {"type": "Feature", "properties": {"id": "Z26-049", "kind": "island", "lat": 2.69566, "lon": 72.96455, "area_km2": 0.2123, "zone": "Z26"}, "geometry": {"type": "Polygon", "coordinates": [[[72.96548, 2.69754], [72.96467, 2.69774], [72.96457, 2.69761], [72.96419, 2.69744], [72.96227, 2.69745], [72.96205, 2.69652], [72.96163, 2.69572], [72.9612, 2.69559], [72.96081, 2.69532], [72.96008, 2.69503], [72.95931, 2.69404], [72.95932, 2.69373], [72.96078, 2.69361], [72.96245, 2.69423], [72.96268, 2.69446], [72.96711, 2.69537], [72.96727, 2.69554], [72.96752, 2.69544], [72.96788, 2.6959], [72.96775, 2.69624], [72.96722, 2.69639], [72.967, 2.69653], [72.9667, 2.69693], [72.96637, 2.69698], [72.96548, 2.69754]]]}}, {"type": "Feature", "properties": {"id": "Z26-048", "kind": "island", "lat": 2.69664, "lon": 72.85104, "area_km2": 0.0213, "zone": "Z26"}, "geometry": {"type": "Polygon", "coordinates": [[[72.85208, 2.69561], [72.85186, 2.69584], [72.85184, 2.69599], [72.85195, 2.69604], [72.85184, 2.69608], [72.85179, 2.69622], [72.85081, 2.69737], [72.85012, 2.69792], [72.85038, 2.69705], [72.85098, 2.69603], [72.85155, 2.69539], [72.85193, 2.69527], [72.85211, 2.69509], [72.85229, 2.69509], [72.85229, 2.69527], [72.85211, 2.69527], [72.85208, 2.69561]]]}}, {"type": "Feature", "properties": {"id": "Z26-047", "kind": "island", "lat": 2.70436, "lon": 72.88278, "area_km2": 0.0051, "zone": "Z26"}, "geometry": {"type": "Polygon", "coordinates": [[[72.8827, 2.70457], [72.88235, 2.70493], [72.88216, 2.70478], [72.88279, 2.70394], [72.88292, 2.70408], [72.8831, 2.70408], [72.8831, 2.70417], [72.88322, 2.70423], [72.88303, 2.70448], [72.8827, 2.70457]]]}}, {"type": "Feature", "properties": {"id": "Z26-046", "kind": "island", "lat": 2.70564, "lon": 72.98267, "area_km2": 0.0012, "zone": "Z26"}, "geometry": {"type": "Polygon", "coordinates": [[[72.98285, 2.70578], [72.98264, 2.70592], [72.9825, 2.70549], [72.98272, 2.70542], [72.98285, 2.70578]]]}}, {"type": "Feature", "properties": {"id": "Z26-045", "kind": "island", "lat": 2.71153, "lon": 72.9874, "area_km2": 0.0356, "zone": "Z26"}, "geometry": {"type": "Polygon", "coordinates": [[[72.98631, 2.70965], [72.98668, 2.70984], [72.98738, 2.71114], [72.98844, 2.71192], [72.98919, 2.71272], [72.98898, 2.71283], [72.98741, 2.71209], [72.98627, 2.71085], [72.98582, 2.71012], [72.98603, 2.70974], [72.98631, 2.70965]]]}}, {"type": "Feature", "properties": {"id": "Z26-044", "kind": "island", "lat": 2.72573, "lon": 73.00333, "area_km2": 0.0907, "zone": "Z26"}, "geometry": {"type": "Polygon", "coordinates": [[[73.0019, 2.72353], [73.00329, 2.7242], [73.00329, 2.72429], [73.00354, 2.72435], [73.00374, 2.72465], [73.00419, 2.72491], [73.00459, 2.72547], [73.00463, 2.72599], [73.00407, 2.72664], [73.00332, 2.72717], [73.00213, 2.72756], [73.00205, 2.7273], [73.00218, 2.72633], [73.00191, 2.72512], [73.00137, 2.72349], [73.0019, 2.72353]]]}}, {"type": "Feature", "properties": {"id": "Z26-043", "kind": "island", "lat": 2.73037, "lon": 72.88818, "area_km2": 0.0098, "zone": "Z26"}, "geometry": {"type": "Polygon", "coordinates": [[[72.8887, 2.73019], [72.88841, 2.73085], [72.88777, 2.73098], [72.88764, 2.73055], [72.88801, 2.72992], [72.88849, 2.72986], [72.8887, 2.73019]]]}}, {"type": "Feature", "properties": {"id": "Z26-042", "kind": "island", "lat": 2.73495, "lon": 73.01427, "area_km2": 0.0002, "zone": "Z26"}, "geometry": {"type": "Polygon", "coordinates": [[[73.01433, 2.73501], [73.01412, 2.7349], [73.01425, 2.7348], [73.01433, 2.73501]]]}}, {"type": "Feature", "properties": {"id": "Z26-041", "kind": "island", "lat": 2.73518, "lon": 73.01448, "area_km2": 0.0001, "zone": "Z26"}, "geometry": {"type": "Polygon", "coordinates": [[[73.01452, 2.73525], [73.01441, 2.73522], [73.01449, 2.73514], [73.01452, 2.73525]]]}}, {"type": "Feature", "properties": {"id": "Z26-040", "kind": "island", "lat": 2.73807, "lon": 73.01638, "area_km2": 0.2429, "zone": "Z26"}, "geometry": {"type": "Polygon", "coordinates": [[[73.01452, 2.73525], [73.0147, 2.73525], [73.01428, 2.73462], [73.01386, 2.7342], [73.01362, 2.73408], [73.01356, 2.73428], [73.01308, 2.73372], [73.01294, 2.73369], [73.01254, 2.73335], [73.01194, 2.73315], [73.01138, 2.73336], [73.01126, 2.73354], [73.01083, 2.73367], [73.01075, 2.73354], [73.00995, 2.73337], [73.00976, 2.73309], [73.00925, 2.73288], [73.00909, 2.73267], [73.00927, 2.73251], [73.00944, 2.73219], [73.00909, 2.7315], [73.01051, 2.73089], [73.01167, 2.73081], [73.01241, 2.73142], [73.01308, 2.73255], [73.01345, 2.73295], [73.01388, 2.73387], [73.01538, 2.73556], [73.01572, 2.73604], [73.01578, 2.73651], [73.01619, 2.73684], [73.017, 2.73825], [73.01729, 2.73924], [73.01805, 2.74067], [73.01859, 2.74112], [73.0188, 2.74188], [73.01965, 2.74327], [73.01977, 2.74388], [73.0193, 2.74478], [73.01901, 2.74504], [73.01901, 2.74522], [73.01874, 2.74522], [73.01874, 2.74504], [73.01845, 2.74488], [73.01833, 2.74409], [73.01753, 2.74185], [73.01722, 2.74074], [73.01645, 2.73934], [73.01641, 2.73902], [73.01601, 2.73859], [73.01583, 2.73789], [73.01561, 2.73752], [73.01507, 2.73623], [73.01457, 2.73556], [73.01452, 2.73525]]]}}, {"type": "Feature", "properties": {"id": "Z26-039", "kind": "island", "lat": 2.74795, "lon": 73.02033, "area_km2": 0.0684, "zone": "Z26"}, "geometry": {"type": "Polygon", "coordinates": [[[73.02118, 2.74811], [73.0213, 2.74877], [73.02157, 2.7494], [73.0212, 2.75022], [73.02036, 2.75047], [73.02004, 2.74941], [73.01987, 2.74841], [73.01969, 2.74819], [73.01955, 2.74778], [73.01982, 2.74774], [73.02001, 2.74744], [73.01968, 2.74635], [73.01955, 2.7463], [73.01961, 2.74551], [73.01999, 2.74536], [73.02038, 2.74557], [73.02078, 2.74663], [73.02074, 2.7472], [73.02063, 2.74729], [73.02118, 2.74811]]]}}, {"type": "Feature", "properties": {"id": "Z26-038", "kind": "island", "lat": 2.75012, "lon": 72.8877, "area_km2": 0.023, "zone": "Z26"}, "geometry": {"type": "Polygon", "coordinates": [[[72.8875, 2.74917], [72.88815, 2.7496], [72.88853, 2.75029], [72.88822, 2.7508], [72.88755, 2.75092], [72.88707, 2.75063], [72.88692, 2.74995], [72.88711, 2.74947], [72.8875, 2.74917]]]}}, {"type": "Feature", "properties": {"id": "Z26-037", "kind": "island", "lat": 2.75502, "lon": 73.02251, "area_km2": 0.0246, "zone": "Z26"}, "geometry": {"type": "Polygon", "coordinates": [[[73.02256, 2.75416], [73.02292, 2.75439], [73.02323, 2.75475], [73.02318, 2.7553], [73.02289, 2.75581], [73.02203, 2.75574], [73.02172, 2.75474], [73.02177, 2.75419], [73.02256, 2.75416]]]}}, {"type": "Feature", "properties": {"id": "Z26-036", "kind": "island", "lat": 2.75658, "lon": 73.02321, "area_km2": 0.001, "zone": "Z26"}, "geometry": {"type": "Polygon", "coordinates": [[[73.02314, 2.75642], [73.02344, 2.75667], [73.02332, 2.75672], [73.02332, 2.75681], [73.02306, 2.75681], [73.02314, 2.75642]]]}}, {"type": "Feature", "properties": {"id": "Z25-042", "kind": "island", "lat": 2.7657, "lon": 73.42153, "area_km2": 0.0643, "zone": "Z25"}, "geometry": {"type": "Polygon", "coordinates": [[[73.42074, 2.76364], [73.42092, 2.76381], [73.42169, 2.76395], [73.422, 2.76412], [73.42243, 2.76462], [73.42238, 2.76527], [73.42209, 2.76622], [73.42139, 2.7677], [73.42113, 2.76781], [73.42094, 2.76613], [73.42067, 2.76523], [73.42004, 2.76422], [73.42008, 2.76372], [73.42074, 2.76364]]]}}, {"type": "Feature", "properties": {"id": "Z26-035", "kind": "island", "lat": 2.76678, "lon": 73.02414, "area_km2": 0.0323, "zone": "Z26"}, "geometry": {"type": "Polygon", "coordinates": [[[73.02431, 2.76579], [73.02471, 2.76601], [73.02481, 2.76756], [73.02462, 2.76791], [73.02386, 2.76815], [73.02348, 2.76795], [73.02356, 2.76596], [73.02431, 2.76579]]]}}, {"type": "Feature", "properties": {"id": "Z25-041", "kind": "island", "lat": 2.7712, "lon": 73.4204, "area_km2": 0.002, "zone": "Z25"}, "geometry": {"type": "Polygon", "coordinates": [[[73.42064, 2.77136], [73.42054, 2.77157], [73.42017, 2.77139], [73.4203, 2.77104], [73.42047, 2.771], [73.42064, 2.77136]]]}}, {"type": "Feature", "properties": {"id": "Z26-034", "kind": "island", "lat": 2.7779, "lon": 73.02518, "area_km2": 0.0083, "zone": "Z26"}, "geometry": {"type": "Polygon", "coordinates": [[[73.02503, 2.77837], [73.02503, 2.77846], [73.02476, 2.77846], [73.02476, 2.77783], [73.025, 2.77743], [73.02539, 2.77756], [73.02549, 2.77737], [73.02577, 2.7776], [73.02557, 2.77801], [73.02539, 2.7781], [73.0253, 2.77828], [73.02503, 2.77837]]]}}, {"type": "Feature", "properties": {"id": "Z26-031", "kind": "island", "lat": 2.78172, "lon": 73.02651, "area_km2": 0.0018, "zone": "Z26"}, "geometry": {"type": "Polygon", "coordinates": [[[73.02681, 2.78162], [73.02647, 2.78182], [73.02616, 2.78147], [73.02674, 2.78142], [73.02681, 2.78162]]]}}, {"type": "Feature", "properties": {"id": "Z26-032", "kind": "island", "lat": 2.78161, "lon": 73.02755, "area_km2": 0.0046, "zone": "Z26"}, "geometry": {"type": "Polygon", "coordinates": [[[73.02823, 2.78156], [73.02741, 2.78189], [73.02704, 2.78166], [73.02688, 2.78146], [73.02827, 2.78142], [73.02823, 2.78156]]]}}, {"type": "Feature", "properties": {"id": "Z25-039", "kind": "island", "lat": 2.78036, "lon": 73.37344, "area_km2": 0.0816, "zone": "Z25"}, "geometry": {"type": "Polygon", "coordinates": [[[73.37241, 2.78124], [73.37109, 2.78252], [73.37053, 2.78263], [73.37043, 2.7825], [73.37013, 2.78246], [73.3702, 2.78216], [73.37034, 2.78223], [73.3704, 2.78211], [73.37049, 2.7813], [73.37115, 2.78106], [73.37142, 2.78041], [73.37214, 2.78088], [73.37286, 2.78063], [73.37322, 2.78007], [73.37322, 2.77981], [73.37277, 2.77954], [73.3725, 2.77972], [73.3725, 2.77981], [73.37232, 2.77981], [73.37232, 2.7799], [73.37166, 2.78002], [73.3709, 2.77949], [73.37097, 2.77918], [73.37102, 2.77906], [73.37106, 2.77945], [73.37133, 2.77945], [73.37155, 2.77916], [73.37195, 2.779], [73.37272, 2.77807], [73.37381, 2.77871], [73.37385, 2.77891], [73.37394, 2.77891], [73.37397, 2.77933], [73.37414, 2.77949], [73.37403, 2.77954], [73.37409, 2.78009], [73.37397, 2.78031], [73.37241, 2.78124]]]}}, {"type": "Feature", "properties": {"id": "Z26-033", "kind": "island", "lat": 2.78131, "lon": 73.02497, "area_km2": 0.0442, "zone": "Z26"}, "geometry": {"type": "Polygon", "coordinates": [[[73.02624, 2.7797], [73.02608, 2.78068], [73.02517, 2.7812], [73.02513, 2.78226], [73.02624, 2.78248], [73.02606, 2.78281], [73.02567, 2.78325], [73.02481, 2.7833], [73.02474, 2.78202], [73.0249, 2.77942], [73.02539, 2.77954], [73.02539, 2.77963], [73.0259, 2.77922], [73.02624, 2.7797]]]}}, {"type": "Feature", "properties": {"id": "Z25-038", "kind": "island", "lat": 2.78338, "lon": 73.42731, "area_km2": 0.0028, "zone": "Z25"}, "geometry": {"type": "Polygon", "coordinates": [[[73.42776, 2.7837], [73.42702, 2.78355], [73.42709, 2.78321], [73.42739, 2.78313], [73.42776, 2.7837]]]}}, {"type": "Feature", "properties": {"id": "Z25-040", "kind": "island", "lat": 2.77724, "lon": 73.42494, "area_km2": 0.5808, "zone": "Z25"}, "geometry": {"type": "Polygon", "coordinates": [[[73.42676, 2.78295], [73.42663, 2.78314], [73.42577, 2.7834], [73.42568, 2.78376], [73.42541, 2.78376], [73.42541, 2.78367], [73.42511, 2.78352], [73.42446, 2.78282], [73.42425, 2.78248], [73.42428, 2.7816], [73.424, 2.78112], [73.42405, 2.78064], [73.42389, 2.78022], [73.42348, 2.7796], [73.42379, 2.77918], [73.42364, 2.77822], [73.42345, 2.77773], [73.423, 2.7776], [73.42321, 2.77687], [73.42312, 2.77599], [73.42258, 2.77505], [73.422, 2.77447], [73.42214, 2.77411], [73.42218, 2.7737], [73.42209, 2.7737], [73.42209, 2.77343], [73.42189, 2.77312], [73.42182, 2.77271], [73.42158, 2.77251], [73.42071, 2.7712], [73.42063, 2.77057], [73.42126, 2.77006], [73.42205, 2.77014], [73.42227, 2.77028], [73.4229, 2.77037], [73.42314, 2.77025], [73.4234, 2.77045], [73.42343, 2.77073], [73.42382, 2.77107], [73.42397, 2.77145], [73.42426, 2.77152], [73.42433, 2.77163], [73.42456, 2.77152], [73.42496, 2.77172], [73.42523, 2.77172], [73.42523, 2.7719], [73.42541, 2.7719], [73.42541, 2.77226], [73.42532, 2.77226], [73.42556, 2.77278], [73.42608, 2.77441], [73.42649, 2.77639], [73.42667, 2.77681], [73.42709, 2.77837], [73.42734, 2.77884], [73.42755, 2.77982], [73.42748, 2.7799], [73.42769, 2.78022], [73.42757, 2.78052], [73.42793, 2.78084], [73.42818, 2.7819], [73.42811, 2.78196], [73.42833, 2.78232], [73.42811, 2.78314], [73.42796, 2.78326], [73.42737, 2.78286], [73.42676, 2.78295]]]}}, {"type": "Feature", "properties": {"id": "Z25-037", "kind": "island", "lat": 2.785, "lon": 73.42519, "area_km2": 0.0001, "zone": "Z25"}, "geometry": {"type": "Polygon", "coordinates": [[[73.4252, 2.78504], [73.42512, 2.78496], [73.42523, 2.78493], [73.4252, 2.78504]]]}}, {"type": "Feature", "properties": {"id": "Z25-035", "kind": "island", "lat": 2.78544, "lon": 73.42528, "area_km2": 0.0001, "zone": "Z25"}, "geometry": {"type": "Polygon", "coordinates": [[[73.42529, 2.78548], [73.42521, 2.78541], [73.42532, 2.78537], [73.42529, 2.78548]]]}}, {"type": "Feature", "properties": {"id": "Z25-036", "kind": "island", "lat": 2.78523, "lon": 73.42743, "area_km2": 0.0028, "zone": "Z25"}, "geometry": {"type": "Polygon", "coordinates": [[[73.42739, 2.78484], [73.42768, 2.78505], [73.42755, 2.7855], [73.42725, 2.78541], [73.42717, 2.78489], [73.42739, 2.78484]]]}}, {"type": "Feature", "properties": {"id": "Z26-030", "kind": "island", "lat": 2.78733, "lon": 73.02587, "area_km2": 0.0477, "zone": "Z26"}, "geometry": {"type": "Polygon", "coordinates": [[[73.02571, 2.78866], [73.02526, 2.78883], [73.02509, 2.78748], [73.02521, 2.78717], [73.02512, 2.7869], [73.02501, 2.78682], [73.02491, 2.78636], [73.02504, 2.78579], [73.0258, 2.78586], [73.02611, 2.786], [73.02615, 2.78589], [73.0262, 2.786], [73.02651, 2.7861], [73.02661, 2.78749], [73.02656, 2.78753], [73.02665, 2.78771], [73.02674, 2.78771], [73.02674, 2.78798], [73.02665, 2.78798], [73.02656, 2.78816], [73.0262, 2.78825], [73.0262, 2.78834], [73.02571, 2.78866]]]}}, {"type": "Feature", "properties": {"id": "Z26-029", "kind": "island", "lat": 2.79056, "lon": 73.02617, "area_km2": 0.006, "zone": "Z26"}, "geometry": {"type": "Polygon", "coordinates": [[[73.02677, 2.7906], [73.02638, 2.79082], [73.02593, 2.79085], [73.02566, 2.79085], [73.02566, 2.79076], [73.02544, 2.7907], [73.0256, 2.79053], [73.02664, 2.79028], [73.02677, 2.7906]]]}}, {"type": "Feature", "properties": {"id": "Z25-034", "kind": "island", "lat": 2.7879, "lon": 73.42732, "area_km2": 0.1566, "zone": "Z25"}, "geometry": {"type": "Polygon", "coordinates": [[[73.42786, 2.78534], [73.42866, 2.78889], [73.42859, 2.78978], [73.42832, 2.79], [73.42839, 2.79032], [73.42825, 2.79093], [73.42811, 2.79103], [73.42804, 2.79124], [73.42767, 2.79135], [73.427, 2.79099], [73.42636, 2.79087], [73.42604, 2.78636], [73.42555, 2.78537], [73.42546, 2.78483], [73.42593, 2.78461], [73.4264, 2.78528], [73.42748, 2.78582], [73.42786, 2.78534]]]}}, {"type": "Feature", "properties": {"id": "Z25-032", "kind": "island", "lat": 2.79383, "lon": 73.42723, "area_km2": 0.0008, "zone": "Z25"}, "geometry": {"type": "Polygon", "coordinates": [[[73.42739, 2.79392], [73.42732, 2.79413], [73.42708, 2.79374], [73.42721, 2.79364], [73.42739, 2.79392]]]}}, {"type": "Feature", "properties": {"id": "Z25-033", "kind": "island", "lat": 2.79357, "lon": 73.4283, "area_km2": 0.0294, "zone": "Z25"}, "geometry": {"type": "Polygon", "coordinates": [[[73.42876, 2.79412], [73.42801, 2.79449], [73.42755, 2.79386], [73.4274, 2.79339], [73.42755, 2.7931], [73.42811, 2.79282], [73.42907, 2.79261], [73.42948, 2.79283], [73.42909, 2.79375], [73.42876, 2.79412]]]}}, {"type": "Feature", "properties": {"id": "Z26-028", "kind": "island", "lat": 2.79396, "lon": 73.02601, "area_km2": 0.033, "zone": "Z26"}, "geometry": {"type": "Polygon", "coordinates": [[[73.02656, 2.7931], [73.02703, 2.79319], [73.02714, 2.79374], [73.02657, 2.79425], [73.02566, 2.79463], [73.02508, 2.79472], [73.02503, 2.79454], [73.02521, 2.79319], [73.02551, 2.7928], [73.02647, 2.7931], [73.02651, 2.79299], [73.02656, 2.7931]]]}}, {"type": "Feature", "properties": {"id": "Z26-027", "kind": "island", "lat": 2.79787, "lon": 73.02556, "area_km2": 0.0341, "zone": "Z26"}, "geometry": {"type": "Polygon", "coordinates": [[[73.02563, 2.79658], [73.02575, 2.79696], [73.02589, 2.79704], [73.02602, 2.79759], [73.0264, 2.79811], [73.02632, 2.79846], [73.02582, 2.79881], [73.02516, 2.79907], [73.02491, 2.79881], [73.02485, 2.79714], [73.02504, 2.79653], [73.02523, 2.79629], [73.02563, 2.79658]]]}}, {"type": "Feature", "properties": {"id": "Z25-031", "kind": "island", "lat": 2.79811, "lon": 73.43251, "area_km2": 0.0721, "zone": "Z25"}, "geometry": {"type": "Polygon", "coordinates": [[[73.43156, 2.79611], [73.43294, 2.79703], [73.43335, 2.7979], [73.43327, 2.79994], [73.43296, 2.80039], [73.43248, 2.80051], [73.43179, 2.79833], [73.43085, 2.79649], [73.43076, 2.79612], [73.43156, 2.79611]]]}}, {"type": "Feature", "properties": {"id": "Z26-026", "kind": "island", "lat": 2.80133, "lon": 73.02592, "area_km2": 0.018, "zone": "Z26"}, "geometry": {"type": "Polygon", "coordinates": [[[73.02615, 2.80042], [73.02666, 2.80066], [73.02705, 2.80099], [73.02583, 2.80167], [73.02536, 2.80177], [73.02544, 2.80043], [73.02615, 2.80042]]]}}, {"type": "Feature", "properties": {"id": "Z26-025", "kind": "island", "lat": 2.80365, "lon": 73.02645, "area_km2": 0.0116, "zone": "Z26"}, "geometry": {"type": "Polygon", "coordinates": [[[73.02692, 2.80334], [73.02707, 2.80337], [73.02731, 2.80359], [73.0271, 2.8037], [73.02706, 2.80384], [73.02566, 2.8041], [73.02572, 2.80339], [73.02629, 2.80334], [73.02638, 2.80322], [73.02647, 2.80334], [73.02665, 2.80325], [73.02683, 2.80334], [73.02687, 2.80323], [73.02692, 2.80334]]]}}, {"type": "Feature", "properties": {"id": "Z25-030", "kind": "island", "lat": 2.80416, "lon": 73.43414, "area_km2": 0.0764, "zone": "Z25"}, "geometry": {"type": "Polygon", "coordinates": [[[73.43305, 2.80167], [73.43341, 2.8019], [73.43372, 2.802], [73.434, 2.80232], [73.43462, 2.80349], [73.43502, 2.80458], [73.43469, 2.80669], [73.43439, 2.8068], [73.43394, 2.80579], [73.43367, 2.80459], [73.43274, 2.80291], [73.43269, 2.80262], [73.43247, 2.80247], [73.43242, 2.80226], [73.4323, 2.80218], [73.4322, 2.80167], [73.43305, 2.80167]]]}}, {"type": "Feature", "properties": {"id": "Z25-029", "kind": "island", "lat": 2.81862, "lon": 73.44385, "area_km2": 0.0354, "zone": "Z25"}, "geometry": {"type": "Polygon", "coordinates": [[[73.4431, 2.81616], [73.44324, 2.81651], [73.44347, 2.81682], [73.44356, 2.81682], [73.44365, 2.81709], [73.44376, 2.81713], [73.44365, 2.81718], [73.44376, 2.8174], [73.44365, 2.81762], [73.44376, 2.81767], [73.44365, 2.81771], [73.44365, 2.81789], [73.44374, 2.81789], [73.44403, 2.81855], [73.44493, 2.81985], [73.44546, 2.82095], [73.44528, 2.82108], [73.44442, 2.82063], [73.44429, 2.8199], [73.44346, 2.8183], [73.4432, 2.81744], [73.44285, 2.81702], [73.44275, 2.81646], [73.44266, 2.81646], [73.44266, 2.81619], [73.44277, 2.81604], [73.4431, 2.81616]]]}}, {"type": "Feature", "properties": {"id": "Z25-028", "kind": "island", "lat": 2.82516, "lon": 73.45193, "area_km2": 0.0178, "zone": "Z25"}, "geometry": {"type": "Polygon", "coordinates": [[[73.45142, 2.82414], [73.45185, 2.82456], [73.4525, 2.82576], [73.45368, 2.82704], [73.45384, 2.82738], [73.45328, 2.82737], [73.45293, 2.82648], [73.45106, 2.82449], [73.45088, 2.82415], [73.45142, 2.82414]]]}}, {"type": "Feature", "properties": {"id": "Z25-027", "kind": "island", "lat": 2.85247, "lon": 73.53498, "area_km2": 0.0106, "zone": "Z25"}, "geometry": {"type": "Polygon", "coordinates": [[[73.53524, 2.85295], [73.53499, 2.85315], [73.53461, 2.85305], [73.53452, 2.85209], [73.53467, 2.85172], [73.53515, 2.85192], [73.53518, 2.8523], [73.53545, 2.85237], [73.53536, 2.85266], [73.53527, 2.85266], [73.53524, 2.85295]]]}}, {"type": "Feature", "properties": {"id": "Z25-026", "kind": "island", "lat": 2.85407, "lon": 73.53866, "area_km2": 0.0531, "zone": "Z25"}, "geometry": {"type": "Polygon", "coordinates": [[[73.54034, 2.85464], [73.53997, 2.8548], [73.53932, 2.85476], [73.53863, 2.85452], [73.53692, 2.85462], [73.53676, 2.85437], [73.53708, 2.85378], [73.53761, 2.85356], [73.53761, 2.85347], [73.53788, 2.85347], [73.53788, 2.85365], [73.53821, 2.85362], [73.53833, 2.85356], [73.53833, 2.85338], [73.53851, 2.85338], [73.53851, 2.85329], [73.53929, 2.85311], [73.54, 2.85319], [73.54043, 2.85371], [73.54034, 2.85464]]]}}, {"type": "Feature", "properties": {"id": "Z26-024", "kind": "island", "lat": 2.85621, "lon": 73.02537, "area_km2": 0.0215, "zone": "Z26"}, "geometry": {"type": "Polygon", "coordinates": [[[73.02557, 2.85568], [73.02593, 2.85598], [73.02605, 2.85634], [73.02588, 2.85682], [73.02566, 2.85697], [73.02547, 2.85725], [73.02516, 2.85718], [73.02503, 2.8567], [73.02439, 2.85569], [73.02386, 2.85557], [73.02425, 2.85526], [73.02467, 2.85542], [73.02512, 2.85571], [73.02517, 2.8556], [73.02521, 2.85571], [73.02548, 2.8558], [73.02557, 2.85568]]]}}, {"type": "Feature", "properties": {"id": "Z26-023", "kind": "island", "lat": 2.85846, "lon": 72.84683, "area_km2": 0.1964, "zone": "Z26"}, "geometry": {"type": "Polygon", "coordinates": [[[72.84809, 2.85979], [72.84682, 2.86019], [72.84614, 2.85991], [72.8451, 2.8597], [72.84354, 2.85886], [72.84285, 2.85805], [72.84276, 2.85805], [72.84281, 2.85767], [72.8431, 2.85711], [72.84348, 2.85688], [72.84357, 2.8567], [72.84384, 2.8567], [72.84384, 2.85679], [72.84432, 2.85672], [72.84482, 2.85687], [72.84554, 2.85727], [72.84811, 2.85777], [72.84943, 2.85792], [72.85017, 2.85825], [72.85076, 2.85868], [72.85092, 2.85871], [72.85079, 2.85897], [72.85062, 2.85908], [72.84997, 2.85927], [72.84955, 2.85925], [72.84938, 2.85944], [72.84862, 2.85963], [72.84846, 2.85981], [72.84809, 2.85979]]]}}, {"type": "Feature", "properties": {"id": "Z25-025", "kind": "island", "lat": 2.86005, "lon": 73.55423, "area_km2": 0.001, "zone": "Z25"}, "geometry": {"type": "Polygon", "coordinates": [[[73.55413, 2.8599], [73.55454, 2.86015], [73.55423, 2.8602], [73.55401, 2.86007], [73.55413, 2.8599]]]}}, {"type": "Feature", "properties": {"id": "Z25-024", "kind": "island", "lat": 2.86052, "lon": 73.55428, "area_km2": 0.0012, "zone": "Z25"}, "geometry": {"type": "Polygon", "coordinates": [[[73.5545, 2.86061], [73.55406, 2.86072], [73.55412, 2.86043], [73.55441, 2.86038], [73.5545, 2.86061]]]}}, {"type": "Feature", "properties": {"id": "Z26-022", "kind": "island", "lat": 2.87796, "lon": 72.93451, "area_km2": 0.0017, "zone": "Z26"}, "geometry": {"type": "Polygon", "coordinates": [[[72.93476, 2.87811], [72.93411, 2.87824], [72.93399, 2.8782], [72.93457, 2.87781], [72.93476, 2.87811]]]}}, {"type": "Feature", "properties": {"id": "Z26-021", "kind": "island", "lat": 2.87957, "lon": 72.93265, "area_km2": 0.0116, "zone": "Z26"}, "geometry": {"type": "Polygon", "coordinates": [[[72.93349, 2.8788], [72.93284, 2.87976], [72.93214, 2.88027], [72.93112, 2.88035], [72.93142, 2.88007], [72.93206, 2.87978], [72.93325, 2.87887], [72.93349, 2.8788]]]}}, {"type": "Feature", "properties": {"id": "Z26-020", "kind": "island", "lat": 2.88182, "lon": 73.02577, "area_km2": 0.003, "zone": "Z26"}, "geometry": {"type": "Polygon", "coordinates": [[[73.02584, 2.88155], [73.02605, 2.88192], [73.02586, 2.88217], [73.02545, 2.88216], [73.02556, 2.88172], [73.02575, 2.88167], [73.02584, 2.88155]]]}}, {"type": "Feature", "properties": {"id": "Z26-019", "kind": "island", "lat": 2.88398, "lon": 72.83754, "area_km2": 0.1855, "zone": "Z26"}, "geometry": {"type": "Polygon", "coordinates": [[[72.838, 2.88661], [72.83775, 2.88686], [72.83709, 2.88706], [72.83626, 2.88701], [72.83616, 2.8864], [72.83657, 2.88441], [72.83625, 2.88352], [72.83609, 2.8818], [72.83627, 2.88113], [72.83809, 2.881], [72.83869, 2.88146], [72.83903, 2.88313], [72.83865, 2.88367], [72.83869, 2.88429], [72.83924, 2.88565], [72.83917, 2.88572], [72.83929, 2.8863], [72.83875, 2.88663], [72.83832, 2.88656], [72.838, 2.88661]]]}}, {"type": "Feature", "properties": {"id": "Z25-023", "kind": "island", "lat": 2.88649, "lon": 73.57598, "area_km2": 0.0698, "zone": "Z25"}, "geometry": {"type": "Polygon", "coordinates": [[[73.57579, 2.88347], [73.57592, 2.88408], [73.57579, 2.88419], [73.57593, 2.88441], [73.57597, 2.885], [73.57629, 2.88611], [73.57624, 2.88626], [73.57636, 2.88636], [73.57646, 2.88767], [73.57636, 2.88935], [73.57618, 2.89003], [73.57572, 2.89016], [73.57542, 2.88983], [73.57561, 2.88661], [73.57543, 2.88545], [73.57526, 2.88532], [73.5751, 2.88437], [73.57516, 2.8841], [73.57487, 2.88295], [73.57501, 2.8828], [73.57579, 2.88347]]]}}, {"type": "Feature", "properties": {"id": "Z26-018", "kind": "island", "lat": 2.89524, "lon": 72.9059, "area_km2": 0.0122, "zone": "Z26"}, "geometry": {"type": "Polygon", "coordinates": [[[72.90681, 2.89425], [72.90686, 2.89455], [72.90609, 2.89547], [72.90452, 2.89608], [72.90511, 2.89552], [72.90587, 2.89502], [72.90656, 2.8943], [72.90681, 2.89425]]]}}, {"type": "Feature", "properties": {"id": "Z25-022", "kind": "island", "lat": 2.89559, "lon": 73.57747, "area_km2": 0.1195, "zone": "Z25"}, "geometry": {"type": "Polygon", "coordinates": [[[73.57745, 2.8916], [73.57813, 2.89209], [73.57848, 2.89318], [73.57841, 2.89479], [73.5779, 2.89591], [73.57781, 2.89744], [73.5777, 2.89799], [73.57773, 2.89876], [73.57759, 2.89943], [73.57713, 2.89941], [73.57698, 2.89909], [73.57703, 2.89782], [73.57691, 2.89726], [73.57681, 2.89586], [73.577, 2.89531], [73.57673, 2.89493], [73.57653, 2.89264], [73.57655, 2.89203], [73.57678, 2.89161], [73.57745, 2.8916]]]}}, {"type": "Feature", "properties": {"id": "Z25-021", "kind": "island", "lat": 2.89814, "lon": 73.37931, "area_km2": 0.101, "zone": "Z25"}, "geometry": {"type": "Polygon", "coordinates": [[[73.38087, 2.89662], [73.38099, 2.8973], [73.38044, 2.8986], [73.38023, 2.89929], [73.38014, 2.89937], [73.38023, 2.8996], [73.37969, 2.9004], [73.37923, 2.90049], [73.37915, 2.90018], [73.37901, 2.90011], [73.37897, 2.89991], [73.37859, 2.89962], [73.37852, 2.89937], [73.37838, 2.8993], [73.37834, 2.8991], [73.37794, 2.89853], [73.37804, 2.89774], [73.37843, 2.89739], [73.37877, 2.89669], [73.37944, 2.89639], [73.38057, 2.89628], [73.38087, 2.89662]]]}}, {"type": "Feature", "properties": {"id": "Z26-017", "kind": "island", "lat": 2.91115, "lon": 72.86615, "area_km2": 0.0747, "zone": "Z26"}, "geometry": {"type": "Polygon", "coordinates": [[[72.86765, 2.91013], [72.86811, 2.91131], [72.86669, 2.91223], [72.86583, 2.9124], [72.86466, 2.91222], [72.86453, 2.91153], [72.86419, 2.91137], [72.8641, 2.91122], [72.86483, 2.91093], [72.86489, 2.91081], [72.8654, 2.9106], [72.86561, 2.9104], [72.86656, 2.91019], [72.86728, 2.90994], [72.86765, 2.91013]]]}}, {"type": "Feature", "properties": {"id": "Z25-020", "kind": "island", "lat": 2.91505, "lon": 73.5805, "area_km2": 0.0003, "zone": "Z25"}, "geometry": {"type": "Polygon", "coordinates": [[[73.58046, 2.91491], [73.58055, 2.91491], [73.58055, 2.91518], [73.58046, 2.91518], [73.58046, 2.91491]]]}}, {"type": "Feature", "properties": {"id": "Z26-016", "kind": "island", "lat": 2.91727, "lon": 72.88428, "area_km2": 0.0499, "zone": "Z26"}, "geometry": {"type": "Polygon", "coordinates": [[[72.88251, 2.91836], [72.88238, 2.91854], [72.88186, 2.91845], [72.8819, 2.91827], [72.88247, 2.91788], [72.88247, 2.91779], [72.88265, 2.91779], [72.88265, 2.9177], [72.88308, 2.91747], [72.88344, 2.91687], [72.88419, 2.91646], [72.88483, 2.91631], [72.88537, 2.91652], [72.88547, 2.91707], [72.88519, 2.91755], [72.88432, 2.91815], [72.88382, 2.91824], [72.88367, 2.91845], [72.88337, 2.91833], [72.88328, 2.91833], [72.88328, 2.91842], [72.88251, 2.91836]]]}}, {"type": "Feature", "properties": {"id": "Z26-015", "kind": "island", "lat": 2.92388, "lon": 73.02731, "area_km2": 0.0036, "zone": "Z26"}, "geometry": {"type": "Polygon", "coordinates": [[[73.02783, 2.92386], [73.02773, 2.9239], [73.02767, 2.92411], [73.02679, 2.92396], [73.02701, 2.92363], [73.02764, 2.92381], [73.02767, 2.92371], [73.02783, 2.92386]]]}}, {"type": "Feature", "properties": {"id": "Z25-019", "kind": "island", "lat": 2.9187, "lon": 73.58099, "area_km2": 0.3971, "zone": "Z25"}, "geometry": {"type": "Polygon", "coordinates": [[[73.58055, 2.91518], [73.58063, 2.91525], [73.58086, 2.91604], [73.58117, 2.91653], [73.58136, 2.91743], [73.58145, 2.91743], [73.58154, 2.91797], [73.58163, 2.91797], [73.58163, 2.91815], [73.58197, 2.919], [73.58223, 2.92], [73.58271, 2.92021], [73.58274, 2.9217], [73.58315, 2.92225], [73.5836, 2.92264], [73.58369, 2.92264], [73.58369, 2.92273], [73.58378, 2.92273], [73.58378, 2.92291], [73.58387, 2.92291], [73.58387, 2.92318], [73.58378, 2.92318], [73.58426, 2.92384], [73.58459, 2.92459], [73.58454, 2.92527], [73.58248, 2.92538], [73.5816, 2.92557], [73.58116, 2.92587], [73.58092, 2.92561], [73.58057, 2.92485], [73.58013, 2.92429], [73.57961, 2.92397], [73.57996, 2.92346], [73.57986, 2.92087], [73.58018, 2.91964], [73.58013, 2.9184], [73.57985, 2.91789], [73.57988, 2.91729], [73.57956, 2.9164], [73.57929, 2.91518], [73.5792, 2.91518], [73.5792, 2.915], [73.57853, 2.91398], [73.57805, 2.9134], [73.57762, 2.9124], [73.57765, 2.91201], [73.57819, 2.91177], [73.57886, 2.91182], [73.57991, 2.91317], [73.5804, 2.91444], [73.58046, 2.91491], [73.58021, 2.91453], [73.58002, 2.91378], [73.57974, 2.91365], [73.58046, 2.91545], [73.58055, 2.91545], [73.58055, 2.91518]]]}}, {"type": "Feature", "properties": {"id": "Z26-014", "kind": "island", "lat": 2.92451, "lon": 72.8956, "area_km2": 0.1549, "zone": "Z26"}, "geometry": {"type": "Polygon", "coordinates": [[[72.89825, 2.92364], [72.89794, 2.92442], [72.89659, 2.92549], [72.89485, 2.92609], [72.89296, 2.92617], [72.89276, 2.92542], [72.89334, 2.92461], [72.89359, 2.92395], [72.89383, 2.92358], [72.89419, 2.9234], [72.89459, 2.92341], [72.89534, 2.92306], [72.89574, 2.92278], [72.89631, 2.92276], [72.89675, 2.923], [72.89683, 2.92285], [72.89729, 2.92282], [72.89741, 2.92268], [72.89795, 2.92285], [72.89823, 2.92325], [72.89825, 2.92364]]]}}, {"type": "Feature", "properties": {"id": "Z25-018", "kind": "island", "lat": 2.92585, "lon": 73.5858, "area_km2": 0.0103, "zone": "Z25"}, "geometry": {"type": "Polygon", "coordinates": [[[73.58585, 2.92533], [73.58638, 2.92617], [73.58632, 2.92654], [73.58565, 2.92644], [73.58536, 2.92607], [73.58546, 2.9254], [73.58585, 2.92533]]]}}, {"type": "Feature", "properties": {"id": "Z26-013", "kind": "island", "lat": 2.93137, "lon": 72.96013, "area_km2": 0.0001, "zone": "Z26"}, "geometry": {"type": "Polygon", "coordinates": [[[72.96017, 2.93144], [72.96006, 2.93141], [72.96014, 2.93133], [72.96017, 2.93144]]]}}, {"type": "Feature", "properties": {"id": "Z26-011", "kind": "island", "lat": 2.93457, "lon": 72.96094, "area_km2": 0.0001, "zone": "Z26"}, "geometry": {"type": "Polygon", "coordinates": [[[72.96095, 2.9346], [72.96087, 2.93453], [72.96098, 2.9345], [72.96095, 2.9346]]]}}, {"type": "Feature", "properties": {"id": "Z26-012", "kind": "island", "lat": 2.93305, "lon": 72.96092, "area_km2": 0.0159, "zone": "Z26"}, "geometry": {"type": "Polygon", "coordinates": [[[72.96017, 2.93144], [72.96046, 2.93148], [72.96053, 2.93162], [72.96094, 2.93186], [72.9608, 2.93225], [72.96098, 2.93279], [72.96107, 2.93279], [72.96107, 2.93297], [72.96128, 2.93314], [72.96116, 2.93324], [72.96131, 2.93373], [72.96124, 2.93405], [72.96135, 2.93454], [72.96105, 2.93462], [72.96114, 2.93421], [72.96107, 2.93405], [72.96089, 2.93405], [72.96089, 2.93333], [72.9608, 2.93315], [72.96053, 2.93296], [72.96035, 2.93216], [72.96026, 2.93216], [72.96026, 2.9318], [72.96017, 2.9318], [72.96017, 2.93144]]]}}, {"type": "Feature", "properties": {"id": "Z26-010", "kind": "island", "lat": 2.93504, "lon": 72.96101, "area_km2": 0.0007, "zone": "Z26"}, "geometry": {"type": "Polygon", "coordinates": [[[72.96117, 2.93515], [72.96101, 2.93525], [72.96086, 2.93494], [72.96098, 2.93485], [72.96117, 2.93515]]]}}, {"type": "Feature", "properties": {"id": "Z26-009", "kind": "island", "lat": 2.93648, "lon": 72.9905, "area_km2": 0.2231, "zone": "Z26"}, "geometry": {"type": "Polygon", "coordinates": [[[72.99109, 2.93857], [72.99004, 2.93867], [72.98939, 2.93886], [72.98916, 2.93912], [72.98897, 2.93918], [72.98921, 2.93849], [72.98865, 2.9377], [72.98833, 2.93742], [72.98792, 2.93677], [72.98777, 2.93579], [72.98853, 2.93478], [72.98911, 2.93452], [72.9899, 2.93433], [72.99051, 2.93437], [72.99188, 2.93468], [72.99284, 2.93552], [72.99315, 2.93618], [72.99309, 2.93709], [72.99274, 2.93773], [72.99215, 2.93818], [72.99208, 2.93845], [72.99152, 2.93857], [72.99143, 2.93845], [72.99109, 2.93857]]]}}, {"type": "Feature", "properties": {"id": "Z26-008", "kind": "island", "lat": 2.94768, "lon": 72.91479, "area_km2": 0.0481, "zone": "Z26"}, "geometry": {"type": "Polygon", "coordinates": [[[72.91609, 2.94686], [72.91616, 2.94734], [72.91625, 2.94734], [72.91621, 2.94784], [72.91553, 2.94833], [72.91553, 2.94842], [72.91382, 2.94842], [72.91382, 2.94833], [72.9133, 2.94812], [72.91337, 2.94752], [72.91364, 2.94717], [72.91481, 2.94676], [72.91609, 2.94686]]]}}, {"type": "Feature", "properties": {"id": "Z25-016", "kind": "island", "lat": 2.95019, "lon": 73.56997, "area_km2": 0.0009, "zone": "Z25"}, "geometry": {"type": "Polygon", "coordinates": [[[73.57007, 2.95027], [73.56979, 2.95043], [73.56986, 2.95011], [73.57013, 2.95004], [73.57007, 2.95027]]]}}, {"type": "Feature", "properties": {"id": "Z25-015", "kind": "island", "lat": 2.95045, "lon": 73.56962, "area_km2": 0.0002, "zone": "Z25"}, "geometry": {"type": "Polygon", "coordinates": [[[73.56964, 2.9506], [73.56947, 2.95051], [73.56968, 2.9504], [73.56964, 2.9506]]]}}, {"type": "Feature", "properties": {"id": "Z25-017", "kind": "island", "lat": 2.94641, "lon": 73.58515, "area_km2": 0.6295, "zone": "Z25"}, "geometry": {"type": "Polygon", "coordinates": [[[73.58877, 2.94595], [73.58828, 2.94706], [73.58682, 2.94811], [73.58566, 2.94874], [73.58507, 2.94942], [73.58443, 2.95037], [73.58387, 2.95084], [73.58383, 2.95098], [73.58308, 2.95182], [73.58257, 2.95205], [73.58193, 2.95178], [73.58128, 2.95102], [73.581, 2.95049], [73.58063, 2.95002], [73.58059, 2.94973], [73.5799, 2.94909], [73.57953, 2.94852], [73.57947, 2.9477], [73.57982, 2.94727], [73.58103, 2.94688], [73.58158, 2.94648], [73.5819, 2.94635], [73.58231, 2.94586], [73.58228, 2.94563], [73.5828, 2.94572], [73.58287, 2.94558], [73.58315, 2.94554], [73.58409, 2.94487], [73.58429, 2.94459], [73.58425, 2.94402], [73.58531, 2.94348], [73.58581, 2.94285], [73.58636, 2.94189], [73.58702, 2.94114], [73.58792, 2.94083], [73.58845, 2.94103], [73.58922, 2.94238], [73.58932, 2.94355], [73.58877, 2.94595]]]}}, {"type": "Feature", "properties": {"id": "Z26-007", "kind": "island", "lat": 2.95671, "lon": 72.98553, "area_km2": 0.0375, "zone": "Z26"}, "geometry": {"type": "Polygon", "coordinates": [[[72.98595, 2.95605], [72.98667, 2.9565], [72.9868, 2.95705], [72.98641, 2.95758], [72.98602, 2.95774], [72.98555, 2.95767], [72.98441, 2.95723], [72.98421, 2.95691], [72.98449, 2.95645], [72.98511, 2.95619], [72.98595, 2.95605]]]}}, {"type": "Feature", "properties": {"id": "Z25-014", "kind": "island", "lat": 2.95646, "lon": 73.60022, "area_km2": 0.3864, "zone": "Z25"}, "geometry": {"type": "Polygon", "coordinates": [[[73.5983, 2.95027], [73.60008, 2.95224], [73.60105, 2.9543], [73.60118, 2.95521], [73.60162, 2.95628], [73.60173, 2.95662], [73.60166, 2.95668], [73.6018, 2.9569], [73.60184, 2.95713], [73.60193, 2.95713], [73.60193, 2.9574], [73.60229, 2.95803], [73.60243, 2.95865], [73.60262, 2.959], [73.60278, 2.95989], [73.60265, 2.96001], [73.60294, 2.9608], [73.60305, 2.96181], [73.60284, 2.96237], [73.60244, 2.96256], [73.60157, 2.96189], [73.60133, 2.96183], [73.60103, 2.96144], [73.60083, 2.9614], [73.60043, 2.9607], [73.59932, 2.95942], [73.59954, 2.95901], [73.59835, 2.9553], [73.59856, 2.95511], [73.59845, 2.95466], [73.59804, 2.95407], [73.59717, 2.95241], [73.59704, 2.95191], [73.5974, 2.95101], [73.59798, 2.9501], [73.5983, 2.95027]]]}}, {"type": "Feature", "properties": {"id": "Z26-006", "kind": "island", "lat": 2.96275, "lon": 72.9469, "area_km2": 0.0256, "zone": "Z26"}, "geometry": {"type": "Polygon", "coordinates": [[[72.94764, 2.96253], [72.94744, 2.96307], [72.94635, 2.96354], [72.94616, 2.96342], [72.94616, 2.96306], [72.94625, 2.96288], [72.94625, 2.96261], [72.94613, 2.96255], [72.9462, 2.96197], [72.94645, 2.96178], [72.9467, 2.96189], [72.94685, 2.96171], [72.94754, 2.96178], [72.94764, 2.96253]]]}}, {"type": "Feature", "properties": {"id": "Z26-005", "kind": "island", "lat": 2.96352, "lon": 72.94715, "area_km2": 0.0031, "zone": "Z26"}, "geometry": {"type": "Polygon", "coordinates": [[[72.94757, 2.96341], [72.94707, 2.96371], [72.94603, 2.96384], [72.94594, 2.96374], [72.94663, 2.96364], [72.94751, 2.96324], [72.94757, 2.96341]]]}}, {"type": "Feature", "properties": {"id": "Z26-004", "kind": "island", "lat": 2.9705, "lon": 72.99086, "area_km2": 0.0577, "zone": "Z26"}, "geometry": {"type": "Polygon", "coordinates": [[[72.99224, 2.97204], [72.99197, 2.97204], [72.99099, 2.97133], [72.99063, 2.97124], [72.99063, 2.97115], [72.99021, 2.97094], [72.98968, 2.97044], [72.98955, 2.96998], [72.9896, 2.96934], [72.99002, 2.96904], [72.99156, 2.96974], [72.9924, 2.97124], [72.99233, 2.97187], [72.99224, 2.97187], [72.99224, 2.97204]]]}}, {"type": "Feature", "properties": {"id": "Z26-003", "kind": "island", "lat": 2.97968, "lon": 73.01593, "area_km2": 0.049, "zone": "Z26"}, "geometry": {"type": "Polygon", "coordinates": [[[73.01686, 2.98096], [73.01655, 2.98125], [73.01576, 2.98115], [73.01569, 2.98058], [73.01515, 2.97986], [73.01506, 2.97986], [73.01497, 2.97959], [73.01485, 2.9795], [73.0147, 2.97887], [73.01442, 2.97844], [73.01458, 2.97821], [73.01479, 2.97851], [73.01493, 2.97845], [73.01612, 2.97894], [73.01677, 2.97941], [73.01704, 2.98031], [73.01715, 2.98035], [73.01704, 2.9804], [73.01704, 2.98067], [73.01695, 2.98067], [73.01686, 2.98096]]]}}, {"type": "Feature", "properties": {"id": "Z26-002", "kind": "island", "lat": 2.9985, "lon": 73.00695, "area_km2": 0.1291, "zone": "Z26"}, "geometry": {"type": "Polygon", "coordinates": [[[73.00527, 2.99631], [73.00603, 2.99643], [73.00681, 2.99673], [73.00829, 2.9978], [73.00854, 2.99832], [73.00864, 2.9991], [73.00833, 2.99984], [73.00708, 3.00054], [73.0055, 2.99908], [73.00491, 2.99739], [73.00442, 2.99669], [73.00463, 2.99628], [73.00518, 2.99621], [73.00527, 2.99631]]]}}, {"type": "Feature", "properties": {"id": "Z26-001", "kind": "island", "lat": 3.00321, "lon": 73.00056, "area_km2": 0.0428, "zone": "Z26"}, "geometry": {"type": "Polygon", "coordinates": [[[73.00015, 3.00205], [73.00024, 3.00205], [73.00024, 3.00214], [73.00037, 3.00209], [73.00088, 3.00238], [73.00128, 3.00299], [73.00164, 3.00424], [73.00172, 3.00484], [73.00121, 3.00477], [73.00057, 3.0044], [73.00047, 3.00415], [72.99995, 3.00356], [72.99974, 3.00306], [72.9997, 3.00214], [72.99957, 3.00201], [72.99967, 3.00156], [73.00015, 3.00205]]]}}, {"type": "Feature", "properties": {"id": "Z25-013", "kind": "island", "lat": 3.02607, "lon": 73.61867, "area_km2": 0.0015, "zone": "Z25"}, "geometry": {"type": "Polygon", "coordinates": [[[73.61883, 3.02592], [73.61871, 3.02634], [73.61851, 3.02623], [73.61866, 3.02572], [73.61873, 3.02567], [73.61883, 3.02592]]]}}, {"type": "Feature", "properties": {"id": "Z24-012", "kind": "island", "lat": 3.05719, "lon": 72.88413, "area_km2": 0.0001, "zone": "Z24"}, "geometry": {"type": "Polygon", "coordinates": [[[72.88414, 3.05722], [72.88407, 3.05715], [72.88418, 3.05712], [72.88414, 3.05722]]]}}, {"type": "Feature", "properties": {"id": "Z24-013", "kind": "island", "lat": 3.05612, "lon": 72.88936, "area_km2": 0.5367, "zone": "Z24"}, "geometry": {"type": "Polygon", "coordinates": [[[72.88915, 3.05975], [72.88891, 3.05987], [72.88858, 3.0599], [72.88865, 3.05941], [72.88831, 3.05918], [72.88808, 3.05914], [72.88705, 3.05864], [72.88687, 3.05864], [72.88687, 3.05855], [72.88665, 3.05879], [72.88631, 3.05895], [72.88606, 3.0581], [72.8857, 3.05792], [72.8857, 3.05783], [72.88534, 3.05774], [72.88534, 3.05765], [72.88511, 3.05762], [72.88447, 3.05731], [72.88423, 3.05698], [72.88454, 3.05694], [72.88473, 3.05657], [72.88498, 3.0564], [72.88498, 3.05631], [72.88588, 3.05595], [72.88588, 3.05586], [72.88633, 3.05558], [72.88664, 3.05518], [72.88687, 3.05505], [72.88694, 3.05479], [72.88741, 3.05442], [72.88817, 3.05351], [72.88858, 3.05343], [72.88873, 3.05322], [72.88894, 3.05316], [72.88898, 3.05305], [72.88903, 3.05316], [72.88927, 3.053], [72.89032, 3.05266], [72.8917, 3.05237], [72.8923, 3.05242], [72.8932, 3.05316], [72.89348, 3.05374], [72.89356, 3.05432], [72.89334, 3.05451], [72.89347, 3.05543], [72.89324, 3.05683], [72.89256, 3.05877], [72.89203, 3.05886], [72.89143, 3.05914], [72.89068, 3.05922], [72.89027, 3.05947], [72.88957, 3.05972], [72.88915, 3.05975]]]}}, {"type": "Feature", "properties": {"id": "Z24-011", "kind": "island", "lat": 3.06293, "lon": 72.9266, "area_km2": 0.342, "zone": "Z24"}, "geometry": {"type": "Polygon", "coordinates": [[[72.93082, 3.06393], [72.92953, 3.06465], [72.92904, 3.06479], [72.92762, 3.06488], [72.92563, 3.06462], [72.92539, 3.06449], [72.92464, 3.06435], [72.92397, 3.06397], [72.92372, 3.06399], [72.92307, 3.06375], [72.92253, 3.06313], [72.92253, 3.06304], [72.92244, 3.06304], [72.92244, 3.06295], [72.92214, 3.0629], [72.92127, 3.06231], [72.9211, 3.06206], [72.92082, 3.06197], [72.92056, 3.06152], [72.92017, 3.06148], [72.92026, 3.0612], [72.92075, 3.06112], [72.92083, 3.06125], [72.9218, 3.06109], [72.92235, 3.06125], [72.92251, 3.06108], [72.92532, 3.06097], [72.92637, 3.06111], [72.92797, 3.06156], [72.92819, 3.0617], [72.92827, 3.06158], [72.92918, 3.06188], [72.92922, 3.06183], [72.92983, 3.06196], [72.93062, 3.0624], [72.93105, 3.06322], [72.93102, 3.06358], [72.93082, 3.06393]]]}}, {"type": "Feature", "properties": {"id": "Z25-012", "kind": "island", "lat": 3.06987, "lon": 73.64212, "area_km2": 0.0019, "zone": "Z25"}, "geometry": {"type": "Polygon", "coordinates": [[[73.64217, 3.06969], [73.64226, 3.06969], [73.64248, 3.07018], [73.64196, 3.06996], [73.64187, 3.06975], [73.64208, 3.06969], [73.64213, 3.06958], [73.64217, 3.06969]]]}}, {"type": "Feature", "properties": {"id": "Z25-011", "kind": "island", "lat": 3.07034, "lon": 73.64211, "area_km2": 0.0006, "zone": "Z25"}, "geometry": {"type": "Polygon", "coordinates": [[[73.64226, 3.0704], [73.64204, 3.07053], [73.64196, 3.07027], [73.64217, 3.07023], [73.64226, 3.0704]]]}}, {"type": "Feature", "properties": {"id": "Z24-010", "kind": "island", "lat": 3.07877, "lon": 72.96446, "area_km2": 0.194, "zone": "Z24"}, "geometry": {"type": "Polygon", "coordinates": [[[72.96575, 3.08071], [72.96515, 3.08103], [72.96407, 3.0804], [72.96297, 3.07896], [72.96238, 3.07858], [72.96158, 3.07821], [72.96046, 3.07745], [72.9602, 3.07715], [72.96008, 3.07679], [72.95988, 3.07664], [72.95996, 3.0763], [72.96074, 3.07644], [72.9608, 3.07652], [72.96163, 3.07656], [72.96436, 3.077], [72.9646, 3.07728], [72.96512, 3.07752], [72.96573, 3.07803], [72.96605, 3.07854], [72.96731, 3.07996], [72.9674, 3.08036], [72.96719, 3.08075], [72.96575, 3.08071]]]}}, {"type": "Feature", "properties": {"id": "Z25-010", "kind": "island", "lat": 3.08118, "lon": 73.63864, "area_km2": 0.1372, "zone": "Z25"}, "geometry": {"type": "Polygon", "coordinates": [[[73.63878, 3.0788], [73.63919, 3.07893], [73.63979, 3.08036], [73.63997, 3.082], [73.63962, 3.08218], [73.63989, 3.08231], [73.63988, 3.08251], [73.63932, 3.08317], [73.63908, 3.08402], [73.6386, 3.08411], [73.63811, 3.08358], [73.63746, 3.08258], [73.63735, 3.08002], [73.63747, 3.07958], [73.63745, 3.07882], [73.63755, 3.07828], [73.63786, 3.0782], [73.63813, 3.07832], [73.63829, 3.07827], [73.63878, 3.0788]]]}}, {"type": "Feature", "properties": {"id": "Z25-009", "kind": "island", "lat": 3.08921, "lon": 73.63952, "area_km2": 0.2351, "zone": "Z25"}, "geometry": {"type": "Polygon", "coordinates": [[[73.63892, 3.08577], [73.63913, 3.08622], [73.63996, 3.08719], [73.64098, 3.08878], [73.64144, 3.08974], [73.64141, 3.09041], [73.64128, 3.09053], [73.64101, 3.09116], [73.64072, 3.09159], [73.63944, 3.09249], [73.6388, 3.09264], [73.63814, 3.09291], [73.6373, 3.0924], [73.63699, 3.09208], [73.63701, 3.09129], [73.63732, 3.0908], [73.63737, 3.09036], [73.63779, 3.08964], [73.63796, 3.08849], [73.63826, 3.08788], [73.63831, 3.08677], [73.63809, 3.08544], [73.6385, 3.08519], [73.63892, 3.08577]]]}}, {"type": "Feature", "properties": {"id": "Z25-008", "kind": "island", "lat": 3.10486, "lon": 73.5731, "area_km2": 0.0747, "zone": "Z25"}, "geometry": {"type": "Polygon", "coordinates": [[[73.57439, 3.10706], [73.57368, 3.107], [73.57305, 3.10705], [73.57292, 3.1066], [73.57216, 3.10541], [73.57242, 3.10477], [73.5722, 3.10401], [73.57184, 3.10338], [73.57186, 3.10304], [73.57213, 3.10277], [73.57229, 3.10275], [73.5724, 3.10254], [73.57314, 3.10359], [73.57385, 3.10495], [73.57425, 3.10546], [73.57443, 3.10661], [73.57439, 3.10706]]]}}, {"type": "Feature", "properties": {"id": "Z25-007", "kind": "island", "lat": 3.11126, "lon": 73.56407, "area_km2": 0.0001, "zone": "Z25"}, "geometry": {"type": "Polygon", "coordinates": [[[73.56411, 3.11119], [73.56408, 3.1113], [73.564, 3.11122], [73.56411, 3.11119]]]}}, {"type": "Feature", "properties": {"id": "Z25-006", "kind": "island", "lat": 3.11203, "lon": 73.56562, "area_km2": 0.1039, "zone": "Z25"}, "geometry": {"type": "Polygon", "coordinates": [[[73.56411, 3.11119], [73.56533, 3.11005], [73.56626, 3.11006], [73.56669, 3.11036], [73.56732, 3.11108], [73.56725, 3.11186], [73.56687, 3.11219], [73.56657, 3.11261], [73.56515, 3.11365], [73.56467, 3.11384], [73.56424, 3.11334], [73.5639, 3.11319], [73.5638, 3.1129], [73.56433, 3.11165], [73.56442, 3.11125], [73.56411, 3.11119]]]}}, {"type": "Feature", "properties": {"id": "Z24-009", "kind": "island", "lat": 3.11857, "lon": 72.984, "area_km2": 0.2918, "zone": "Z24"}, "geometry": {"type": "Polygon", "coordinates": [[[72.98744, 3.11543], [72.98689, 3.11748], [72.98604, 3.11917], [72.985, 3.12078], [72.98418, 3.1216], [72.98337, 3.12144], [72.98243, 3.12105], [72.982, 3.12063], [72.9818, 3.12059], [72.98133, 3.11977], [72.98124, 3.11927], [72.98156, 3.11881], [72.98207, 3.11774], [72.98178, 3.11724], [72.98251, 3.11695], [72.98334, 3.11643], [72.9851, 3.1156], [72.98685, 3.11511], [72.98744, 3.11543]]]}}, {"type": "Feature", "properties": {"id": "Z24-008", "kind": "island", "lat": 3.13406, "lon": 73.01819, "area_km2": 0.0005, "zone": "Z24"}, "geometry": {"type": "Polygon", "coordinates": [[[73.01831, 3.13413], [73.01817, 3.13422], [73.01808, 3.13398], [73.0182, 3.13392], [73.01831, 3.13413]]]}}, {"type": "Feature", "properties": {"id": "Z25-005", "kind": "island", "lat": 3.17562, "lon": 73.43497, "area_km2": 0.001, "zone": "Z25"}, "geometry": {"type": "Polygon", "coordinates": [[[73.43529, 3.17542], [73.43497, 3.17573], [73.43471, 3.17548], [73.43529, 3.17542]]]}}, {"type": "Feature", "properties": {"id": "Z25-003", "kind": "island", "lat": 3.17615, "lon": 73.4446, "area_km2": 0.0011, "zone": "Z25"}, "geometry": {"type": "Polygon", "coordinates": [[[73.44463, 3.17605], [73.44511, 3.17619], [73.44429, 3.17627], [73.44433, 3.1761], [73.44463, 3.17605]]]}}, {"type": "Feature", "properties": {"id": "Z25-004", "kind": "island", "lat": 3.17614, "lon": 73.44257, "area_km2": 0.0158, "zone": "Z25"}, "geometry": {"type": "Polygon", "coordinates": [[[73.44146, 3.17656], [73.44136, 3.17583], [73.44203, 3.17578], [73.4421, 3.17586], [73.44362, 3.17601], [73.44387, 3.17627], [73.44289, 3.17638], [73.44242, 3.17656], [73.44146, 3.17656]]]}}, {"type": "Feature", "properties": {"id": "Z25-002", "kind": "island", "lat": 3.17679, "lon": 73.45321, "area_km2": 0.0251, "zone": "Z25"}, "geometry": {"type": "Polygon", "coordinates": [[[73.4517, 3.17715], [73.45125, 3.17663], [73.4498, 3.17647], [73.45038, 3.17632], [73.45277, 3.17645], [73.45367, 3.17667], [73.45441, 3.17665], [73.45582, 3.17702], [73.45248, 3.17698], [73.4517, 3.17715]]]}}, {"type": "Feature", "properties": {"id": "Z25-001", "kind": "island", "lat": 3.17707, "lon": 73.45692, "area_km2": 0.001, "zone": "Z25"}, "geometry": {"type": "Polygon", "coordinates": [[[73.45707, 3.17716], [73.45637, 3.17699], [73.45721, 3.17695], [73.45707, 3.17716]]]}}, {"type": "Feature", "properties": {"id": "Z24-007", "kind": "island", "lat": 3.21312, "lon": 73.03691, "area_km2": 0.1615, "zone": "Z24"}, "geometry": {"type": "Polygon", "coordinates": [[[73.03894, 3.21142], [73.03979, 3.21171], [73.03989, 3.21225], [73.03976, 3.21234], [73.03972, 3.21302], [73.03945, 3.21392], [73.03896, 3.21452], [73.03809, 3.21489], [73.03729, 3.21455], [73.03648, 3.21445], [73.03503, 3.21396], [73.03452, 3.21367], [73.03415, 3.21322], [73.03406, 3.21254], [73.03595, 3.2123], [73.03653, 3.21216], [73.03768, 3.21155], [73.03894, 3.21142]]]}}, {"type": "Feature", "properties": {"id": "Z23-005", "kind": "island", "lat": 3.2211, "lon": 73.42651, "area_km2": 0.0014, "zone": "Z23"}, "geometry": {"type": "Polygon", "coordinates": [[[73.4267, 3.22114], [73.42636, 3.22127], [73.42631, 3.22097], [73.4264, 3.22097], [73.4264, 3.22088], [73.42674, 3.22094], [73.4267, 3.22114]]]}}, {"type": "Feature", "properties": {"id": "Z24-006", "kind": "island", "lat": 3.24286, "lon": 72.83577, "area_km2": 0.0138, "zone": "Z24"}, "geometry": {"type": "Polygon", "coordinates": [[[72.83612, 3.24226], [72.83634, 3.24243], [72.83645, 3.24275], [72.83622, 3.24323], [72.83577, 3.24346], [72.83533, 3.24334], [72.8351, 3.24297], [72.83528, 3.24255], [72.83575, 3.2423], [72.83612, 3.24226]]]}}, {"type": "Feature", "properties": {"id": "Z24-005", "kind": "island", "lat": 3.24327, "lon": 72.97909, "area_km2": 0.0049, "zone": "Z24"}, "geometry": {"type": "Polygon", "coordinates": [[[72.9796, 3.24329], [72.97943, 3.24355], [72.9789, 3.24346], [72.97855, 3.24325], [72.97887, 3.24302], [72.9794, 3.24298], [72.9796, 3.24329]]]}}, {"type": "Feature", "properties": {"id": "Z24-004", "kind": "island", "lat": 3.24373, "lon": 72.83569, "area_km2": 0.0013, "zone": "Z24"}, "geometry": {"type": "Polygon", "coordinates": [[[72.83617, 3.24366], [72.83561, 3.2438], [72.83536, 3.24365], [72.83621, 3.24352], [72.83617, 3.24366]]]}}, {"type": "Feature", "properties": {"id": "Z24-003", "kind": "island", "lat": 3.25438, "lon": 72.81894, "area_km2": 0.0867, "zone": "Z24"}, "geometry": {"type": "Polygon", "coordinates": [[[72.81966, 3.25729], [72.81926, 3.25773], [72.81923, 3.25735], [72.81932, 3.25708], [72.81932, 3.25663], [72.81941, 3.25663], [72.81931, 3.25611], [72.81887, 3.25505], [72.81823, 3.25428], [72.81759, 3.25409], [72.81703, 3.25331], [72.81695, 3.25184], [72.81735, 3.25113], [72.81776, 3.25161], [72.81823, 3.25236], [72.81833, 3.25268], [72.81842, 3.25268], [72.81842, 3.25277], [72.81898, 3.25343], [72.81941, 3.25421], [72.81955, 3.25428], [72.81959, 3.25448], [72.81995, 3.25492], [72.82042, 3.2553], [72.81966, 3.25729]]]}}, {"type": "Feature", "properties": {"id": "Z24-002", "kind": "island", "lat": 3.25843, "lon": 72.92893, "area_km2": 0.001, "zone": "Z24"}, "geometry": {"type": "Polygon", "coordinates": [[[72.92913, 3.25834], [72.92891, 3.25852], [72.92898, 3.25866], [72.92886, 3.25873], [72.92887, 3.25812], [72.92913, 3.25834]]]}}, {"type": "Feature", "properties": {"id": "Z24-001", "kind": "island", "lat": 3.26991, "lon": 73.0023, "area_km2": 0.1498, "zone": "Z24"}, "geometry": {"type": "Polygon", "coordinates": [[[73.00367, 3.26813], [73.00423, 3.26904], [73.00441, 3.26976], [73.00426, 3.27047], [73.00386, 3.27109], [73.00318, 3.27177], [73.00159, 3.27168], [73.00091, 3.27126], [72.99993, 3.27088], [73.0001, 3.26997], [73.00035, 3.26985], [73.00047, 3.26922], [73.00108, 3.2688], [73.00181, 3.26863], [73.00191, 3.26801], [73.00303, 3.26801], [73.0032, 3.26795], [73.00367, 3.26813]]]}}, {"type": "Feature", "properties": {"id": "Z23-004", "kind": "island", "lat": 3.27346, "lon": 73.45091, "area_km2": 0.0037, "zone": "Z23"}, "geometry": {"type": "Polygon", "coordinates": [[[73.45137, 3.27316], [73.4511, 3.27361], [73.45048, 3.27377], [73.45017, 3.27368], [73.45095, 3.27327], [73.45137, 3.27316]]]}}, {"type": "Feature", "properties": {"id": "Z23-003", "kind": "island", "lat": 3.27391, "lon": 73.44976, "area_km2": 0.0031, "zone": "Z23"}, "geometry": {"type": "Polygon", "coordinates": [[[73.45016, 3.27384], [73.44993, 3.27404], [73.44905, 3.27424], [73.4492, 3.27397], [73.45011, 3.2737], [73.45016, 3.27384]]]}}, {"type": "Feature", "properties": {"id": "Z23-002", "kind": "island", "lat": 3.27637, "lon": 73.44406, "area_km2": 0.0651, "zone": "Z23"}, "geometry": {"type": "Polygon", "coordinates": [[[73.44872, 3.27465], [73.44844, 3.27492], [73.44585, 3.27581], [73.4454, 3.27599], [73.44522, 3.27617], [73.44426, 3.27649], [73.44388, 3.27689], [73.44333, 3.27698], [73.44249, 3.27726], [73.44177, 3.27762], [73.44019, 3.27814], [73.43983, 3.27833], [73.4383, 3.2785], [73.43858, 3.27823], [73.44077, 3.27744], [73.44236, 3.27673], [73.44322, 3.27649], [73.44854, 3.27428], [73.44886, 3.27424], [73.44872, 3.27465]]]}}, {"type": "Feature", "properties": {"id": "Z23-001", "kind": "island", "lat": 3.27909, "lon": 73.43663, "area_km2": 0.0005, "zone": "Z23"}, "geometry": {"type": "Polygon", "coordinates": [[[73.43679, 3.27915], [73.43634, 3.27915], [73.43682, 3.279], [73.43679, 3.27915]]]}}, {"type": "Feature", "properties": {"id": "Z22-021", "kind": "island", "lat": 3.31498, "lon": 73.47004, "area_km2": 0.054, "zone": "Z22"}, "geometry": {"type": "Polygon", "coordinates": [[[73.46993, 3.31615], [73.46978, 3.31623], [73.4693, 3.31605], [73.46871, 3.31595], [73.46877, 3.31532], [73.46911, 3.31453], [73.46993, 3.31363], [73.4706, 3.31358], [73.47107, 3.31399], [73.47126, 3.31464], [73.47099, 3.31553], [73.47053, 3.31548], [73.47007, 3.31581], [73.46993, 3.31615]]]}}, {"type": "Feature", "properties": {"id": "Z22-020", "kind": "island", "lat": 3.34298, "lon": 73.52166, "area_km2": 0.0194, "zone": "Z22"}, "geometry": {"type": "Polygon", "coordinates": [[[73.52182, 3.34238], [73.52274, 3.34319], [73.52292, 3.34352], [73.52063, 3.34341], [73.5205, 3.34322], [73.52108, 3.34278], [73.52146, 3.34236], [73.52182, 3.34238]]]}}, {"type": "Feature", "properties": {"id": "Z22-019", "kind": "island", "lat": 3.35976, "lon": 73.64086, "area_km2": 0.0018, "zone": "Z22"}, "geometry": {"type": "Polygon", "coordinates": [[[73.64112, 3.35987], [73.64073, 3.36003], [73.64061, 3.35965], [73.64101, 3.35958], [73.64112, 3.35987]]]}}, {"type": "Feature", "properties": {"id": "Z22-018", "kind": "island", "lat": 3.45404, "lon": 73.75885, "area_km2": 0.0631, "zone": "Z22"}, "geometry": {"type": "Polygon", "coordinates": [[[73.75931, 3.44991], [73.75945, 3.45058], [73.75931, 3.45148], [73.75937, 3.45151], [73.75943, 3.452], [73.75922, 3.4521], [73.7594, 3.45363], [73.75892, 3.45582], [73.75806, 3.45869], [73.75792, 3.45848], [73.75813, 3.45707], [73.75828, 3.45493], [73.75906, 3.4499], [73.75931, 3.44991]]]}}, {"type": "Feature", "properties": {"id": "Z22-017", "kind": "island", "lat": 3.46207, "lon": 73.54999, "area_km2": 0.1171, "zone": "Z22"}, "geometry": {"type": "Polygon", "coordinates": [[[73.55256, 3.46314], [73.55201, 3.46354], [73.55104, 3.46365], [73.55095, 3.46402], [73.55081, 3.4633], [73.54932, 3.46302], [73.54915, 3.46338], [73.54805, 3.46257], [73.54818, 3.46038], [73.54839, 3.46019], [73.55014, 3.46095], [73.55103, 3.46116], [73.55258, 3.46277], [73.55256, 3.46314]]]}}, {"type": "Feature", "properties": {"id": "Z22-016", "kind": "island", "lat": 3.47209, "lon": 73.54746, "area_km2": 0.1386, "zone": "Z22"}, "geometry": {"type": "Polygon", "coordinates": [[[73.54717, 3.4703], [73.54877, 3.47089], [73.5495, 3.47154], [73.54941, 3.4724], [73.54883, 3.47328], [73.54825, 3.47353], [73.54744, 3.4737], [73.54639, 3.47339], [73.54563, 3.47265], [73.54537, 3.47177], [73.54516, 3.47141], [73.54475, 3.47129], [73.54467, 3.47112], [73.54524, 3.47065], [73.54606, 3.47029], [73.54717, 3.4703]]]}}, {"type": "Feature", "properties": {"id": "Z21-041", "kind": "island", "lat": 3.4754, "lon": 72.82253, "area_km2": 0.1407, "zone": "Z21"}, "geometry": {"type": "Polygon", "coordinates": [[[72.8287, 3.47657], [72.82747, 3.47641], [72.8261, 3.47604], [72.82493, 3.47596], [72.82393, 3.47569], [72.82062, 3.4755], [72.82155, 3.47454], [72.82236, 3.47426], [72.82316, 3.47422], [72.82336, 3.47429], [72.82336, 3.4742], [72.82426, 3.4742], [72.82426, 3.47429], [72.82757, 3.47455], [72.82786, 3.47439], [72.82879, 3.47543], [72.8287, 3.47657]]]}}, {"type": "Feature", "properties": {"id": "Z21-042", "kind": "island", "lat": 3.47488, "lon": 72.85507, "area_km2": 0.2244, "zone": "Z21"}, "geometry": {"type": "Polygon", "coordinates": [[[72.85595, 3.47808], [72.85544, 3.47872], [72.85487, 3.47892], [72.85436, 3.47877], [72.85359, 3.47832], [72.85351, 3.47619], [72.85377, 3.47452], [72.85388, 3.47292], [72.85428, 3.47231], [72.85531, 3.47146], [72.85579, 3.47169], [72.85588, 3.47156], [72.85597, 3.47169], [72.85628, 3.47157], [72.8567, 3.47187], [72.8569, 3.47254], [72.85681, 3.47366], [72.8561, 3.47615], [72.85602, 3.47758], [72.85597, 3.47789], [72.85588, 3.47789], [72.85595, 3.47808]]]}}, {"type": "Feature", "properties": {"id": "Z21-040", "kind": "island", "lat": 3.47586, "lon": 72.83666, "area_km2": 1.7045, "zone": "Z21"}, "geometry": {"type": "Polygon", "coordinates": [[[72.84267, 3.48103], [72.84126, 3.48197], [72.84032, 3.48224], [72.83956, 3.48079], [72.83871, 3.48052], [72.83597, 3.48], [72.8354, 3.47971], [72.83445, 3.47948], [72.83376, 3.47895], [72.83327, 3.47847], [72.83179, 3.47766], [72.8309, 3.4769], [72.83082, 3.47663], [72.83055, 3.47645], [72.83055, 3.47663], [72.83046, 3.47663], [72.83041, 3.47683], [72.83033, 3.47652], [72.83046, 3.47645], [72.83066, 3.4735], [72.83046, 3.47304], [72.83029, 3.47298], [72.82966, 3.4723], [72.82574, 3.47205], [72.82571, 3.47124], [72.82586, 3.46966], [72.8264, 3.46947], [72.83392, 3.46997], [72.83495, 3.47016], [72.83495, 3.47007], [72.83531, 3.47007], [72.83531, 3.47016], [72.83638, 3.47001], [72.83809, 3.47034], [72.83815, 3.47022], [72.83881, 3.47034], [72.83881, 3.47025], [72.8398, 3.47025], [72.8398, 3.47034], [72.84013, 3.47021], [72.84098, 3.47036], [72.84133, 3.47052], [72.84139, 3.47045], [72.84267, 3.47043], [72.84275, 3.47032], [72.84313, 3.47041], [72.84415, 3.47108], [72.84461, 3.47148], [72.84465, 3.47196], [72.84483, 3.47205], [72.84483, 3.47214], [72.84521, 3.47254], [72.84562, 3.47392], [72.84558, 3.47433], [72.84529, 3.47539], [72.84508, 3.4755], [72.84496, 3.4751], [72.84451, 3.47477], [72.84326, 3.4746], [72.84136, 3.47977], [72.84138, 3.47997], [72.84291, 3.48034], [72.84314, 3.48052], [72.84285, 3.48067], [72.84276, 3.48094], [72.84267, 3.48094], [72.84267, 3.48103]]]}}, {"type": "Feature", "properties": {"id": "Z21-037", "kind": "island", "lat": 3.48478, "lon": 72.79013, "area_km2": 0.0029, "zone": "Z21"}, "geometry": {"type": "Polygon", "coordinates": [[[72.79022, 3.48495], [72.78967, 3.48498], [72.78956, 3.48494], [72.78984, 3.48467], [72.79023, 3.48454], [72.79052, 3.48476], [72.79022, 3.48495]]]}}, {"type": "Feature", "properties": {"id": "Z21-039", "kind": "island", "lat": 3.4833, "lon": 72.80146, "area_km2": 0.4777, "zone": "Z21"}, "geometry": {"type": "Polygon", "coordinates": [[[72.79993, 3.48476], [72.79539, 3.48513], [72.79414, 3.48495], [72.79429, 3.48314], [72.79447, 3.48269], [72.79474, 3.48248], [72.79514, 3.48234], [72.79524, 3.48247], [72.79554, 3.48232], [72.79596, 3.48229], [72.79604, 3.48219], [72.7967, 3.48207], [72.79686, 3.48229], [72.79709, 3.4822], [72.7978, 3.48251], [72.79845, 3.48263], [72.79933, 3.48252], [72.80045, 3.48229], [72.80059, 3.48208], [72.80063, 3.4822], [72.80115, 3.48189], [72.80153, 3.48202], [72.80288, 3.48166], [72.80292, 3.48154], [72.80297, 3.48166], [72.80306, 3.48166], [72.80316, 3.48154], [72.80416, 3.48124], [72.80558, 3.4818], [72.80566, 3.48193], [72.806, 3.4818], [72.80656, 3.48202], [72.80656, 3.48193], [72.80683, 3.48193], [72.80683, 3.48202], [72.80704, 3.48192], [72.80758, 3.4821], [72.80764, 3.4822], [72.80809, 3.4822], [72.80809, 3.48229], [72.80841, 3.48224], [72.80854, 3.48229], [72.80854, 3.4822], [72.8089, 3.4822], [72.8089, 3.48229], [72.80927, 3.48214], [72.81036, 3.48198], [72.81055, 3.48211], [72.80961, 3.48245], [72.80876, 3.483], [72.80857, 3.48346], [72.80819, 3.48369], [72.80714, 3.48397], [72.80696, 3.48394], [72.80612, 3.48425], [72.80593, 3.48417], [72.80557, 3.48426], [72.80553, 3.48447], [72.8053, 3.48457], [72.80503, 3.48444], [72.80503, 3.48453], [72.80471, 3.48456], [72.80441, 3.48471], [72.80258, 3.4851], [72.8011, 3.48501], [72.79993, 3.48476]]]}}, {"type": "Feature", "properties": {"id": "Z21-038", "kind": "island", "lat": 3.48418, "lon": 72.87762, "area_km2": 0.158, "zone": "Z21"}, "geometry": {"type": "Polygon", "coordinates": [[[72.88238, 3.48714], [72.88209, 3.48707], [72.88202, 3.48696], [72.88121, 3.48651], [72.88018, 3.48556], [72.87975, 3.48538], [72.87909, 3.48538], [72.87753, 3.48458], [72.87699, 3.48546], [72.87618, 3.48504], [72.87541, 3.48476], [72.87558, 3.48432], [72.87577, 3.4834], [72.87514, 3.4827], [72.8751, 3.48238], [72.87473, 3.48206], [72.87451, 3.48155], [72.87453, 3.4812], [72.87477, 3.48108], [72.87612, 3.48157], [72.87627, 3.48175], [72.87736, 3.48228], [72.87923, 3.48399], [72.87946, 3.48404], [72.88005, 3.48454], [72.88065, 3.48548], [72.88159, 3.48616], [72.88202, 3.48678], [72.88238, 3.48714]]]}}, {"type": "Feature", "properties": {"id": "Z21-036", "kind": "island", "lat": 3.48721, "lon": 72.88242, "area_km2": 0.0001, "zone": "Z21"}, "geometry": {"type": "Polygon", "coordinates": [[[72.88238, 3.48714], [72.88249, 3.48717], [72.88241, 3.48725], [72.88238, 3.48714]]]}}, {"type": "Feature", "properties": {"id": "Z22-015", "kind": "island", "lat": 3.48772, "lon": 73.53882, "area_km2": 0.0999, "zone": "Z22"}, "geometry": {"type": "Polygon", "coordinates": [[[73.54026, 3.48782], [73.54092, 3.48877], [73.54046, 3.4896], [73.54032, 3.48972], [73.53993, 3.48969], [73.53929, 3.48933], [73.53818, 3.48838], [73.53788, 3.48804], [73.53729, 3.48764], [73.53568, 3.48626], [73.53581, 3.48586], [73.53645, 3.48578], [73.53725, 3.48601], [73.5382, 3.48664], [73.53864, 3.48668], [73.53906, 3.48717], [73.5396, 3.48748], [73.5399, 3.48727], [73.54002, 3.48728], [73.54026, 3.48782]]]}}, {"type": "Feature", "properties": {"id": "Z21-035", "kind": "island", "lat": 3.48914, "lon": 72.78457, "area_km2": 0.192, "zone": "Z21"}, "geometry": {"type": "Polygon", "coordinates": [[[72.7846, 3.49089], [72.78415, 3.49078], [72.7832, 3.49077], [72.78159, 3.49037], [72.78057, 3.49044], [72.78051, 3.49037], [72.77992, 3.4906], [72.7798, 3.49086], [72.77912, 3.49089], [72.77948, 3.49078], [72.77961, 3.49046], [72.7797, 3.49046], [72.77979, 3.49028], [72.77997, 3.49037], [72.78006, 3.49019], [72.78024, 3.4901], [72.78024, 3.49001], [72.78033, 3.49001], [72.7809, 3.48954], [72.78229, 3.48883], [72.78377, 3.48791], [72.78497, 3.48737], [72.78542, 3.48734], [72.78615, 3.48757], [72.78761, 3.48849], [72.78779, 3.48836], [72.78764, 3.48894], [72.78656, 3.48998], [72.7846, 3.49089]]]}}, {"type": "Feature", "properties": {"id": "Z21-034", "kind": "island", "lat": 3.49099, "lon": 72.77899, "area_km2": 0.0001, "zone": "Z21"}, "geometry": {"type": "Polygon", "coordinates": [[[72.77902, 3.49103], [72.77887, 3.49095], [72.77907, 3.49091], [72.77902, 3.49103]]]}}, {"type": "Feature", "properties": {"id": "Z22-014", "kind": "island", "lat": 3.49332, "lon": 73.53289, "area_km2": 0.009, "zone": "Z22"}, "geometry": {"type": "Polygon", "coordinates": [[[73.53348, 3.49324], [73.5337, 3.49362], [73.53348, 3.4937], [73.53226, 3.4934], [73.53227, 3.49309], [73.53296, 3.49284], [73.53348, 3.49324]]]}}, {"type": "Feature", "properties": {"id": "Z21-033", "kind": "island", "lat": 3.49432, "lon": 72.76143, "area_km2": 0.0024, "zone": "Z21"}, "geometry": {"type": "Polygon", "coordinates": [[[72.76156, 3.49415], [72.76174, 3.49415], [72.76169, 3.49441], [72.7611, 3.49454], [72.76117, 3.49422], [72.76147, 3.49402], [72.76156, 3.49415]]]}}, {"type": "Feature", "properties": {"id": "Z22-013", "kind": "island", "lat": 3.4988, "lon": 73.52993, "area_km2": 0.0251, "zone": "Z22"}, "geometry": {"type": "Polygon", "coordinates": [[[73.52979, 3.49972], [73.52987, 3.49925], [73.53012, 3.49906], [73.5301, 3.49893], [73.52986, 3.49897], [73.52973, 3.49928], [73.52898, 3.4994], [73.52886, 3.4989], [73.52949, 3.49806], [73.52997, 3.49777], [73.53045, 3.49775], [73.53073, 3.498], [73.53038, 3.49836], [73.52999, 3.49833], [73.53003, 3.49861], [73.53036, 3.49856], [73.53095, 3.4987], [73.53091, 3.49899], [73.53017, 3.49926], [73.52979, 3.49972]]]}}, {"type": "Feature", "properties": {"id": "Z22-012", "kind": "island", "lat": 3.49979, "lon": 73.52975, "area_km2": 0.0001, "zone": "Z22"}, "geometry": {"type": "Polygon", "coordinates": [[[73.52979, 3.49972], [73.52976, 3.49982], [73.52969, 3.49975], [73.52979, 3.49972]]]}}, {"type": "Feature", "properties": {"id": "Z22-011", "kind": "island", "lat": 3.49989, "lon": 73.52936, "area_km2": 0.001, "zone": "Z22"}, "geometry": {"type": "Polygon", "coordinates": [[[73.52954, 3.49995], [73.52914, 3.50011], [73.52923, 3.49984], [73.52944, 3.49972], [73.52954, 3.49995]]]}}, {"type": "Feature", "properties": {"id": "Z21-032", "kind": "island", "lat": 3.49813, "lon": 72.89546, "area_km2": 0.1096, "zone": "Z21"}, "geometry": {"type": "Polygon", "coordinates": [[[72.89262, 3.49468], [72.89289, 3.49513], [72.89319, 3.49519], [72.89488, 3.49675], [72.89531, 3.49729], [72.89558, 3.49747], [72.89558, 3.49756], [72.89582, 3.4976], [72.89668, 3.4984], [72.89679, 3.49869], [72.89705, 3.49887], [72.8972, 3.49909], [72.89729, 3.49909], [72.89729, 3.49918], [72.89747, 3.49927], [72.89765, 3.49954], [72.89774, 3.49954], [72.89774, 3.49963], [72.89792, 3.49963], [72.89792, 3.49972], [72.8981, 3.49981], [72.89878, 3.50065], [72.89882, 3.50079], [72.89933, 3.50119], [72.90003, 3.50213], [72.89981, 3.50227], [72.89792, 3.50075], [72.89698, 3.50021], [72.89585, 3.49927], [72.89551, 3.4992], [72.89473, 3.4985], [72.89362, 3.49659], [72.89296, 3.49581], [72.89289, 3.49558], [72.89254, 3.49512], [72.89222, 3.49484], [72.89219, 3.49437], [72.89262, 3.49468]]]}}, {"type": "Feature", "properties": {"id": "Z21-031", "kind": "island", "lat": 3.53075, "lon": 72.9265, "area_km2": 0.3874, "zone": "Z21"}, "geometry": {"type": "Polygon", "coordinates": [[[72.92024, 3.52078], [72.92133, 3.5224], [72.92216, 3.52332], [72.92259, 3.52401], [72.92321, 3.52473], [72.92384, 3.52563], [72.92406, 3.52613], [72.92497, 3.52713], [72.92643, 3.5294], [72.92698, 3.53012], [72.92866, 3.53288], [72.92923, 3.53355], [72.9304, 3.53551], [72.93194, 3.53835], [72.93174, 3.53873], [72.93163, 3.53941], [72.93167, 3.54035], [72.93155, 3.54047], [72.93099, 3.54044], [72.93062, 3.54025], [72.93053, 3.53978], [72.93018, 3.53946], [72.92884, 3.53781], [72.92791, 3.53612], [72.92624, 3.53226], [72.92604, 3.53152], [72.92576, 3.53107], [72.92556, 3.53043], [72.92367, 3.52721], [72.92361, 3.52675], [72.92298, 3.5255], [72.92241, 3.52498], [72.92197, 3.52404], [72.92132, 3.52311], [72.92072, 3.522], [72.9199, 3.52094], [72.91985, 3.52051], [72.92024, 3.52078]]]}}, {"type": "Feature", "properties": {"id": "Z21-030", "kind": "island", "lat": 3.54424, "lon": 72.71996, "area_km2": 0.0592, "zone": "Z21"}, "geometry": {"type": "Polygon", "coordinates": [[[72.72015, 3.54226], [72.72061, 3.54255], [72.72068, 3.54301], [72.72077, 3.54301], [72.72077, 3.54319], [72.72086, 3.54319], [72.72086, 3.54346], [72.72082, 3.54399], [72.72047, 3.54502], [72.71994, 3.54566], [72.7196, 3.54571], [72.71927, 3.54613], [72.71878, 3.54629], [72.71858, 3.54615], [72.7188, 3.54598], [72.7187, 3.54554], [72.71964, 3.54281], [72.72015, 3.54226]]]}}, {"type": "Feature", "properties": {"id": "Z22-010", "kind": "island", "lat": 3.56306, "lon": 73.3842, "area_km2": 0.0036, "zone": "Z22"}, "geometry": {"type": "Polygon", "coordinates": [[[73.38481, 3.5626], [73.38409, 3.56335], [73.38378, 3.56338], [73.38427, 3.56277], [73.3849, 3.56233], [73.38481, 3.5626]]]}}, {"type": "Feature", "properties": {"id": "Z21-029", "kind": "island", "lat": 3.57021, "lon": 72.71879, "area_km2": 0.1064, "zone": "Z21"}, "geometry": {"type": "Polygon", "coordinates": [[[72.72028, 3.56912], [72.72092, 3.57013], [72.72089, 3.57037], [72.7206, 3.57076], [72.719, 3.57163], [72.71757, 3.57171], [72.71679, 3.57141], [72.71651, 3.57106], [72.71661, 3.57029], [72.71699, 3.56969], [72.71792, 3.56956], [72.71842, 3.56936], [72.71948, 3.56876], [72.72028, 3.56912]]]}}, {"type": "Feature", "properties": {"id": "Z21-028", "kind": "island", "lat": 3.57389, "lon": 72.91078, "area_km2": 0.0243, "zone": "Z21"}, "geometry": {"type": "Polygon", "coordinates": [[[72.9119, 3.57325], [72.91187, 3.57352], [72.91139, 3.57413], [72.91126, 3.57441], [72.91081, 3.57474], [72.91055, 3.57459], [72.90993, 3.57445], [72.91001, 3.57365], [72.91175, 3.57302], [72.9119, 3.57325]]]}}, {"type": "Feature", "properties": {"id": "Z21-027", "kind": "island", "lat": 3.57869, "lon": 72.90207, "area_km2": 0.0326, "zone": "Z21"}, "geometry": {"type": "Polygon", "coordinates": [[[72.90326, 3.57808], [72.90281, 3.57863], [72.90233, 3.57949], [72.90205, 3.57958], [72.90198, 3.57972], [72.90116, 3.57971], [72.90134, 3.57876], [72.90151, 3.57832], [72.90151, 3.57805], [72.90169, 3.57805], [72.90185, 3.57782], [72.90252, 3.57761], [72.90277, 3.57778], [72.90282, 3.57766], [72.90286, 3.57778], [72.90326, 3.57808]]]}}, {"type": "Feature", "properties": {"id": "Z22-009", "kind": "island", "lat": 3.58709, "lon": 73.38746, "area_km2": 0.016, "zone": "Z22"}, "geometry": {"type": "Polygon", "coordinates": [[[73.3884, 3.58595], [73.38802, 3.58678], [73.38731, 3.58764], [73.38698, 3.58817], [73.38635, 3.58842], [73.38639, 3.588], [73.38683, 3.58762], [73.38756, 3.58651], [73.38815, 3.586], [73.3884, 3.58595]]]}}, {"type": "Feature", "properties": {"id": "Z22-008", "kind": "island", "lat": 3.58878, "lon": 73.38606, "area_km2": 0.0005, "zone": "Z22"}, "geometry": {"type": "Polygon", "coordinates": [[[73.38604, 3.58903], [73.38584, 3.58892], [73.38615, 3.58865], [73.38604, 3.58903]]]}}, {"type": "Feature", "properties": {"id": "Z22-007", "kind": "island", "lat": 3.59251, "lon": 73.40969, "area_km2": 0.0024, "zone": "Z22"}, "geometry": {"type": "Polygon", "coordinates": [[[73.41019, 3.59247], [73.40925, 3.59273], [73.40911, 3.59257], [73.41023, 3.59233], [73.41019, 3.59247]]]}}, {"type": "Feature", "properties": {"id": "Z21-026", "kind": "island", "lat": 3.59373, "lon": 72.88358, "area_km2": 0.0283, "zone": "Z21"}, "geometry": {"type": "Polygon", "coordinates": [[[72.88395, 3.59462], [72.8831, 3.59467], [72.8831, 3.59458], [72.88289, 3.59439], [72.88292, 3.59377], [72.88279, 3.59369], [72.88289, 3.59337], [72.8831, 3.59323], [72.8831, 3.59314], [72.88362, 3.59283], [72.88414, 3.59301], [72.88433, 3.5934], [72.88431, 3.59381], [72.88449, 3.59436], [72.88395, 3.59462]]]}}, {"type": "Feature", "properties": {"id": "Z22-006", "kind": "island", "lat": 3.59365, "lon": 73.49812, "area_km2": 0.0662, "zone": "Z22"}, "geometry": {"type": "Polygon", "coordinates": [[[73.49832, 3.59211], [73.49943, 3.59343], [73.49923, 3.59452], [73.49878, 3.59512], [73.49808, 3.59504], [73.49763, 3.59487], [73.49751, 3.59471], [73.49707, 3.59444], [73.49683, 3.59387], [73.4969, 3.59325], [73.49732, 3.59273], [73.49781, 3.59242], [73.49787, 3.59224], [73.49832, 3.59211]]]}}, {"type": "Feature", "properties": {"id": "Z21-024", "kind": "island", "lat": 3.6077, "lon": 72.90046, "area_km2": 0.0203, "zone": "Z21"}, "geometry": {"type": "Polygon", "coordinates": [[[72.90111, 3.60814], [72.90083, 3.60868], [72.89967, 3.60856], [72.89963, 3.60823], [72.89972, 3.60823], [72.90038, 3.60675], [72.90101, 3.60776], [72.90111, 3.60814]]]}}, {"type": "Feature", "properties": {"id": "Z21-025", "kind": "island", "lat": 3.60704, "lon": 72.9558, "area_km2": 0.2505, "zone": "Z21"}, "geometry": {"type": "Polygon", "coordinates": [[[72.95604, 3.60365], [72.95646, 3.60458], [72.95702, 3.60665], [72.95754, 3.60688], [72.95784, 3.60838], [72.95779, 3.60902], [72.95741, 3.6094], [72.95681, 3.6108], [72.9563, 3.61109], [72.95577, 3.61105], [72.95412, 3.60989], [72.95384, 3.60944], [72.95375, 3.60821], [72.95397, 3.6072], [72.95493, 3.60407], [72.95537, 3.60345], [72.95559, 3.60338], [72.9557, 3.60325], [72.95604, 3.60365]]]}}, {"type": "Feature", "properties": {"id": "Z21-023", "kind": "island", "lat": 3.61067, "lon": 72.72752, "area_km2": 0.0307, "zone": "Z21"}, "geometry": {"type": "Polygon", "coordinates": [[[72.72819, 3.61025], [72.72827, 3.61133], [72.72846, 3.6115], [72.72844, 3.61176], [72.72752, 3.61187], [72.72693, 3.61154], [72.72683, 3.6113], [72.72679, 3.61032], [72.72696, 3.61002], [72.72796, 3.60994], [72.72819, 3.61025]]]}}, {"type": "Feature", "properties": {"id": "Z21-022", "kind": "island", "lat": 3.61514, "lon": 72.71817, "area_km2": 0.0157, "zone": "Z21"}, "geometry": {"type": "Polygon", "coordinates": [[[72.71814, 3.61583], [72.71697, 3.61595], [72.71687, 3.61581], [72.71745, 3.61542], [72.71849, 3.61436], [72.71877, 3.61439], [72.71867, 3.61516], [72.71814, 3.61583]]]}}, {"type": "Feature", "properties": {"id": "Z21-020", "kind": "island", "lat": 3.61901, "lon": 72.95623, "area_km2": 0.0044, "zone": "Z21"}, "geometry": {"type": "Polygon", "coordinates": [[[72.95642, 3.61924], [72.95613, 3.61928], [72.95519, 3.61914], [72.95555, 3.61897], [72.95568, 3.6191], [72.95624, 3.61878], [72.95638, 3.61879], [72.9567, 3.61906], [72.95642, 3.61924]]]}}, {"type": "Feature", "properties": {"id": "Z21-019", "kind": "island", "lat": 3.6193, "lon": 72.77998, "area_km2": 0.0086, "zone": "Z21"}, "geometry": {"type": "Polygon", "coordinates": [[[72.77997, 3.61901], [72.78088, 3.61954], [72.78135, 3.62001], [72.78012, 3.61949], [72.7795, 3.61933], [72.77939, 3.61898], [72.77966, 3.61861], [72.77997, 3.61901]]]}}, {"type": "Feature", "properties": {"id": "Z21-021", "kind": "island", "lat": 3.61792, "lon": 72.72339, "area_km2": 0.0871, "zone": "Z21"}, "geometry": {"type": "Polygon", "coordinates": [[[72.72378, 3.6161], [72.72412, 3.61625], [72.72456, 3.61659], [72.72468, 3.61767], [72.72447, 3.61822], [72.72325, 3.61996], [72.72249, 3.62004], [72.72212, 3.61983], [72.72219, 3.61892], [72.72213, 3.61817], [72.72228, 3.61764], [72.72271, 3.6167], [72.72339, 3.61611], [72.72378, 3.6161]]]}}, {"type": "Feature", "properties": {"id": "Z22-005", "kind": "island", "lat": 3.63053, "lon": 73.37746, "area_km2": 0.0005, "zone": "Z22"}, "geometry": {"type": "Polygon", "coordinates": [[[73.37756, 3.6306], [73.37723, 3.63046], [73.37744, 3.63033], [73.37756, 3.6306]]]}}, {"type": "Feature", "properties": {"id": "Z21-018", "kind": "island", "lat": 3.63386, "lon": 72.95835, "area_km2": 0.0815, "zone": "Z21"}, "geometry": {"type": "Polygon", "coordinates": [[[72.96042, 3.63412], [72.95887, 3.63462], [72.95721, 3.63441], [72.95694, 3.63446], [72.95684, 3.63458], [72.95561, 3.63448], [72.95565, 3.63407], [72.95636, 3.63338], [72.95688, 3.63318], [72.9588, 3.63294], [72.95972, 3.63311], [72.95977, 3.633], [72.95981, 3.63311], [72.9607, 3.63319], [72.96138, 3.6335], [72.96042, 3.63412]]]}}, {"type": "Feature", "properties": {"id": "Z22-004", "kind": "island", "lat": 3.63643, "lon": 73.36529, "area_km2": 0.0139, "zone": "Z22"}, "geometry": {"type": "Polygon", "coordinates": [[[73.36497, 3.63728], [73.36486, 3.63716], [73.36438, 3.63711], [73.36452, 3.63661], [73.36507, 3.6362], [73.36522, 3.63626], [73.36556, 3.63598], [73.36602, 3.63586], [73.36625, 3.63612], [73.36558, 3.63662], [73.36551, 3.63676], [73.36531, 3.6368], [73.36531, 3.63698], [73.36522, 3.63698], [73.36497, 3.63728]]]}}, {"type": "Feature", "properties": {"id": "Z22-003", "kind": "island", "lat": 3.64465, "lon": 73.4869, "area_km2": 0.0001, "zone": "Z22"}, "geometry": {"type": "Polygon", "coordinates": [[[73.48691, 3.64473], [73.48683, 3.64457], [73.48695, 3.64452], [73.48691, 3.64473]]]}}, {"type": "Feature", "properties": {"id": "Z22-002", "kind": "island", "lat": 3.64513, "lon": 73.48784, "area_km2": 0.0075, "zone": "Z22"}, "geometry": {"type": "Polygon", "coordinates": [[[73.48841, 3.64519], [73.48824, 3.64554], [73.48789, 3.64571], [73.48766, 3.6456], [73.48775, 3.64542], [73.48728, 3.64506], [73.48718, 3.64489], [73.4873, 3.64479], [73.4872, 3.64448], [73.48748, 3.64479], [73.48811, 3.64506], [73.48815, 3.64499], [73.48841, 3.64519]]]}}, {"type": "Feature", "properties": {"id": "Z21-017", "kind": "island", "lat": 3.65218, "lon": 72.82212, "area_km2": 0.0302, "zone": "Z21"}, "geometry": {"type": "Polygon", "coordinates": [[[72.82223, 3.65312], [72.82131, 3.65302], [72.821, 3.65265], [72.82129, 3.65216], [72.82138, 3.65216], [72.82138, 3.65207], [72.82147, 3.65207], [72.82154, 3.65193], [72.82174, 3.65189], [72.82219, 3.65136], [72.82255, 3.65126], [72.82292, 3.6513], [72.82313, 3.65157], [72.82302, 3.652], [72.82291, 3.65207], [72.82296, 3.6522], [72.82264, 3.65293], [72.8225, 3.65292], [72.82223, 3.65312]]]}}, {"type": "Feature", "properties": {"id": "Z21-016", "kind": "island", "lat": 3.65364, "lon": 72.95408, "area_km2": 0.0167, "zone": "Z21"}, "geometry": {"type": "Polygon", "coordinates": [[[72.95372, 3.65317], [72.95488, 3.65377], [72.95536, 3.65425], [72.95495, 3.65436], [72.95426, 3.65417], [72.95415, 3.65405], [72.95397, 3.65405], [72.95385, 3.65381], [72.95353, 3.65369], [72.95353, 3.6536], [72.95259, 3.65297], [72.95281, 3.65284], [72.95372, 3.65317]]]}}, {"type": "Feature", "properties": {"id": "Z21-015", "kind": "island", "lat": 3.6669, "lon": 72.77475, "area_km2": 0.0087, "zone": "Z21"}, "geometry": {"type": "Polygon", "coordinates": [[[72.77489, 3.6664], [72.77527, 3.66678], [72.77525, 3.66705], [72.77498, 3.66728], [72.77423, 3.66701], [72.77428, 3.66641], [72.77489, 3.6664]]]}}, {"type": "Feature", "properties": {"id": "Z21-014", "kind": "island", "lat": 3.66981, "lon": 72.90262, "area_km2": 0.0007, "zone": "Z21"}, "geometry": {"type": "Polygon", "coordinates": [[[72.90279, 3.6699], [72.90255, 3.66998], [72.90247, 3.66972], [72.90268, 3.66968], [72.90279, 3.6699]]]}}, {"type": "Feature", "properties": {"id": "Z22-001", "kind": "island", "lat": 3.68023, "lon": 73.41574, "area_km2": 0.0973, "zone": "Z22"}, "geometry": {"type": "Polygon", "coordinates": [[[73.41518, 3.67938], [73.41621, 3.67951], [73.41767, 3.67999], [73.41846, 3.68042], [73.41872, 3.68081], [73.41819, 3.68128], [73.41756, 3.6814], [73.41368, 3.68115], [73.4132, 3.68103], [73.41306, 3.6806], [73.41353, 3.68003], [73.41472, 3.67956], [73.41478, 3.67947], [73.41518, 3.67938]]]}}, {"type": "Feature", "properties": {"id": "Z21-013", "kind": "island", "lat": 3.69822, "lon": 72.70972, "area_km2": 0.3386, "zone": "Z21"}, "geometry": {"type": "Polygon", "coordinates": [[[72.70913, 3.70355], [72.70884, 3.70383], [72.70856, 3.7039], [72.70793, 3.7039], [72.70778, 3.70383], [72.70775, 3.70345], [72.70775, 3.70318], [72.70784, 3.70318], [72.70793, 3.70282], [72.70802, 3.70211], [72.70811, 3.70211], [72.70811, 3.70175], [72.7082, 3.70157], [72.70842, 3.69991], [72.70833, 3.69922], [72.70797, 3.69859], [72.70806, 3.69732], [72.70818, 3.69641], [72.70836, 3.69609], [72.70847, 3.69429], [72.70856, 3.69429], [72.7086, 3.69336], [72.70864, 3.69384], [72.70878, 3.69299], [72.70895, 3.69297], [72.70936, 3.69321], [72.70936, 3.6933], [72.7101, 3.69388], [72.71086, 3.69436], [72.71134, 3.69492], [72.71157, 3.69496], [72.71281, 3.69594], [72.71259, 3.69708], [72.7122, 3.69757], [72.71162, 3.69798], [72.71077, 3.69922], [72.71049, 3.7], [72.71014, 3.70059], [72.70991, 3.7014], [72.70937, 3.70225], [72.70942, 3.70263], [72.70913, 3.70355]]]}}, {"type": "Feature", "properties": {"id": "Z21-012", "kind": "island", "lat": 3.73887, "lon": 72.73192, "area_km2": 0.0129, "zone": "Z21"}, "geometry": {"type": "Polygon", "coordinates": [[[72.7323, 3.73915], [72.7317, 3.73944], [72.73146, 3.73948], [72.73123, 3.73944], [72.73115, 3.73897], [72.73161, 3.73854], [72.73196, 3.73838], [72.73218, 3.73849], [72.73225, 3.73838], [72.73255, 3.73847], [72.73266, 3.7388], [72.73245, 3.73894], [72.73245, 3.73903], [72.73236, 3.73903], [72.7323, 3.73915]]]}}, {"type": "Feature", "properties": {"id": "Z21-011", "kind": "island", "lat": 3.75724, "lon": 72.96893, "area_km2": 0.2157, "zone": "Z21"}, "geometry": {"type": "Polygon", "coordinates": [[[72.97022, 3.75864], [72.96991, 3.75883], [72.96968, 3.75859], [72.96716, 3.75869], [72.96638, 3.75837], [72.96563, 3.75779], [72.96494, 3.75757], [72.96484, 3.75726], [72.96475, 3.75726], [72.96475, 3.75699], [72.96583, 3.75657], [72.96638, 3.75619], [72.96665, 3.75645], [72.9687, 3.7558], [72.96963, 3.75567], [72.97044, 3.7557], [72.97115, 3.75589], [72.97207, 3.75627], [72.9724, 3.75644], [72.97312, 3.75721], [72.97295, 3.75752], [72.97245, 3.75799], [72.97235, 3.75821], [72.97206, 3.75805], [72.97051, 3.75832], [72.97022, 3.75864]]]}}, {"type": "Feature", "properties": {"id": "Z21-010", "kind": "island", "lat": 3.77541, "lon": 72.92547, "area_km2": 0.0484, "zone": "Z21"}, "geometry": {"type": "Polygon", "coordinates": [[[72.9268, 3.77614], [72.92571, 3.77626], [72.92471, 3.77616], [72.92333, 3.7758], [72.92294, 3.77579], [72.92404, 3.77523], [72.92572, 3.77491], [72.92667, 3.77487], [72.9271, 3.77512], [72.92734, 3.77569], [72.9268, 3.77614]]]}}, {"type": "Feature", "properties": {"id": "Z21-009", "kind": "island", "lat": 3.78628, "lon": 72.7308, "area_km2": 0.0195, "zone": "Z21"}, "geometry": {"type": "Polygon", "coordinates": [[[72.73088, 3.78547], [72.73154, 3.78572], [72.73168, 3.78604], [72.73146, 3.78619], [72.73153, 3.78637], [72.73119, 3.78664], [72.72977, 3.78695], [72.72981, 3.78663], [72.73063, 3.78563], [72.73088, 3.78547]]]}}, {"type": "Feature", "properties": {"id": "Z21-008", "kind": "island", "lat": 3.79155, "lon": 72.96276, "area_km2": 0.2036, "zone": "Z21"}, "geometry": {"type": "Polygon", "coordinates": [[[72.96159, 3.79289], [72.96119, 3.79317], [72.9607, 3.79314], [72.96002, 3.79272], [72.95874, 3.7923], [72.95837, 3.79203], [72.96102, 3.7905], [72.96219, 3.79005], [72.96335, 3.7899], [72.96404, 3.78994], [72.96544, 3.79031], [72.96592, 3.79057], [72.96619, 3.79104], [72.96633, 3.79111], [72.9664, 3.79143], [72.96628, 3.79149], [72.96632, 3.79179], [72.96582, 3.7919], [72.96495, 3.79238], [72.96347, 3.79301], [72.9629, 3.79281], [72.96159, 3.79289]]]}}, {"type": "Feature", "properties": {"id": "Z21-007", "kind": "island", "lat": 3.79451, "lon": 72.88968, "area_km2": 0.0093, "zone": "Z21"}, "geometry": {"type": "Polygon", "coordinates": [[[72.8907, 3.79407], [72.8897, 3.79484], [72.88896, 3.79504], [72.88836, 3.79504], [72.88942, 3.79443], [72.89064, 3.79391], [72.8907, 3.79407]]]}}, {"type": "Feature", "properties": {"id": "Z21-006", "kind": "island", "lat": 3.79733, "lon": 72.73209, "area_km2": 0.0005, "zone": "Z21"}, "geometry": {"type": "Polygon", "coordinates": [[[72.73225, 3.79738], [72.73211, 3.79745], [72.73188, 3.79727], [72.73218, 3.79724], [72.73225, 3.79738]]]}}, {"type": "Feature", "properties": {"id": "Z20-060", "kind": "island", "lat": 3.81261, "lon": 73.41176, "area_km2": 0.0018, "zone": "Z20"}, "geometry": {"type": "Polygon", "coordinates": [[[73.41193, 3.8125], [73.41187, 3.81278], [73.41163, 3.81272], [73.41154, 3.81229], [73.41176, 3.81224], [73.41193, 3.8125]]]}}, {"type": "Feature", "properties": {"id": "Z20-059", "kind": "island", "lat": 3.81348, "lon": 73.41186, "area_km2": 0.0001, "zone": "Z20"}, "geometry": {"type": "Polygon", "coordinates": [[[73.41189, 3.81352], [73.41173, 3.81344], [73.41194, 3.81341], [73.41189, 3.81352]]]}}, {"type": "Feature", "properties": {"id": "Z20-061", "kind": "island", "lat": 3.81208, "lon": 73.41091, "area_km2": 0.0154, "zone": "Z20"}, "geometry": {"type": "Polygon", "coordinates": [[[73.41113, 3.81197], [73.41131, 3.81226], [73.41144, 3.81309], [73.41171, 3.8136], [73.41135, 3.81336], [73.41099, 3.81264], [73.41066, 3.8122], [73.4105, 3.81148], [73.41077, 3.81152], [73.41081, 3.81132], [73.41095, 3.81125], [73.411, 3.81105], [73.41134, 3.81077], [73.41152, 3.81102], [73.41131, 3.81143], [73.41142, 3.81189], [73.41113, 3.81197]]]}}, {"type": "Feature", "properties": {"id": "Z20-058", "kind": "island", "lat": 3.81366, "lon": 73.41144, "area_km2": 0.0001, "zone": "Z20"}, "geometry": {"type": "Polygon", "coordinates": [[[73.41146, 3.8137], [73.41138, 3.81362], [73.41149, 3.81359], [73.41146, 3.8137]]]}}, {"type": "Feature", "properties": {"id": "Z21-005", "kind": "island", "lat": 3.81923, "lon": 72.82876, "area_km2": 0.0001, "zone": "Z21"}, "geometry": {"type": "Polygon", "coordinates": [[[72.82879, 3.81927], [72.82863, 3.81919], [72.82884, 3.81916], [72.82879, 3.81927]]]}}, {"type": "Feature", "properties": {"id": "Z20-057", "kind": "island", "lat": 3.84742, "lon": 73.45465, "area_km2": 0.0008, "zone": "Z20"}, "geometry": {"type": "Polygon", "coordinates": [[[73.45485, 3.8475], [73.45458, 3.84758], [73.45448, 3.84733], [73.4547, 3.84727], [73.45485, 3.8475]]]}}, {"type": "Feature", "properties": {"id": "Z20-056", "kind": "island", "lat": 3.84789, "lon": 73.45489, "area_km2": 0.0001, "zone": "Z20"}, "geometry": {"type": "Polygon", "coordinates": [[[73.45492, 3.84793], [73.45476, 3.84785], [73.45497, 3.84781], [73.45492, 3.84793]]]}}, {"type": "Feature", "properties": {"id": "Z20-055", "kind": "island", "lat": 3.84846, "lon": 73.45982, "area_km2": 0.0245, "zone": "Z20"}, "geometry": {"type": "Polygon", "coordinates": [[[73.46025, 3.84968], [73.45951, 3.84983], [73.45936, 3.84723], [73.46018, 3.84718], [73.46025, 3.84968]]]}}, {"type": "Feature", "properties": {"id": "Z21-004", "kind": "island", "lat": 3.84923, "lon": 72.9554, "area_km2": 0.1744, "zone": "Z21"}, "geometry": {"type": "Polygon", "coordinates": [[[72.95223, 3.85049], [72.95155, 3.85043], [72.95137, 3.85033], [72.9513, 3.8502], [72.95137, 3.85006], [72.95131, 3.85001], [72.95133, 3.84973], [72.95194, 3.84911], [72.9525, 3.84903], [72.95317, 3.84873], [72.95334, 3.84818], [72.95357, 3.84831], [72.95564, 3.84795], [72.95716, 3.84786], [72.9586, 3.84805], [72.95969, 3.84831], [72.95987, 3.8485], [72.95986, 3.84877], [72.95945, 3.84889], [72.95936, 3.84907], [72.95743, 3.84999], [72.95696, 3.8497], [72.95617, 3.84982], [72.95608, 3.85006], [72.95559, 3.84999], [72.95489, 3.85009], [72.95418, 3.85037], [72.95358, 3.85046], [72.95326, 3.85033], [72.95326, 3.85042], [72.95223, 3.85049]]]}}, {"type": "Feature", "properties": {"id": "Z20-053", "kind": "island", "lat": 3.8518, "lon": 73.46017, "area_km2": 0.0261, "zone": "Z20"}, "geometry": {"type": "Polygon", "coordinates": [[[73.46045, 3.85324], [73.46009, 3.85311], [73.46009, 3.8532], [73.45969, 3.85314], [73.45982, 3.85257], [73.45982, 3.85194], [73.45955, 3.85123], [73.45923, 3.85094], [73.45946, 3.85087], [73.4595, 3.8507], [73.45976, 3.85047], [73.46003, 3.85065], [73.46012, 3.8511], [73.46025, 3.85129], [73.46018, 3.85159], [73.46054, 3.85165], [73.46062, 3.85194], [73.46082, 3.85198], [73.46092, 3.85216], [73.4608, 3.85221], [73.4608, 3.85275], [73.46071, 3.85275], [73.46045, 3.85324]]]}}, {"type": "Feature", "properties": {"id": "Z20-054", "kind": "island", "lat": 3.8512, "lon": 73.45545, "area_km2": 0.1072, "zone": "Z20"}, "geometry": {"type": "Polygon", "coordinates": [[[73.45546, 3.85341], [73.45524, 3.85373], [73.45461, 3.85359], [73.45462, 3.85222], [73.45483, 3.85078], [73.45463, 3.85004], [73.45463, 3.84911], [73.45475, 3.84844], [73.45506, 3.84817], [73.45511, 3.84847], [73.45577, 3.84956], [73.45593, 3.85075], [73.45636, 3.85187], [73.45707, 3.8525], [73.45841, 3.85281], [73.45851, 3.85339], [73.45819, 3.85354], [73.45658, 3.85344], [73.45603, 3.85329], [73.4559, 3.85344], [73.45546, 3.85341]]]}}, {"type": "Feature", "properties": {"id": "Z20-052", "kind": "island", "lat": 3.85711, "lon": 73.45665, "area_km2": 0.1108, "zone": "Z20"}, "geometry": {"type": "Polygon", "coordinates": [[[73.45769, 3.85483], [73.45788, 3.8552], [73.45733, 3.85679], [73.45738, 3.85935], [73.45708, 3.8598], [73.45694, 3.86048], [73.45624, 3.86042], [73.45601, 3.85849], [73.4559, 3.85582], [73.45564, 3.85504], [73.4551, 3.85469], [73.45501, 3.85447], [73.45538, 3.8546], [73.45574, 3.85459], [73.45606, 3.85426], [73.45618, 3.85451], [73.45655, 3.85459], [73.45708, 3.85432], [73.45782, 3.85433], [73.45769, 3.85483]]]}}, {"type": "Feature", "properties": {"id": "Z20-051", "kind": "island", "lat": 3.8698, "lon": 73.45869, "area_km2": 0.0001, "zone": "Z20"}, "geometry": {"type": "Polygon", "coordinates": [[[73.45871, 3.86984], [73.45863, 3.86976], [73.45874, 3.86973], [73.45871, 3.86984]]]}}, {"type": "Feature", "properties": {"id": "Z20-050", "kind": "island", "lat": 3.87091, "lon": 73.45904, "area_km2": 0.0226, "zone": "Z20"}, "geometry": {"type": "Polygon", "coordinates": [[[73.45859, 3.87326], [73.45859, 3.87244], [73.45874, 3.87252], [73.45868, 3.87228], [73.45881, 3.87072], [73.45875, 3.86916], [73.45892, 3.86901], [73.45896, 3.86871], [73.45901, 3.8691], [73.45915, 3.86917], [73.45922, 3.86958], [73.4591, 3.86964], [73.45922, 3.8703], [73.4591, 3.87036], [73.4591, 3.87063], [73.45924, 3.87048], [73.45932, 3.8711], [73.45907, 3.87284], [73.45885, 3.87322], [73.45865, 3.87314], [73.45859, 3.87326]]]}}, {"type": "Feature", "properties": {"id": "Z20-049", "kind": "island", "lat": 3.8749, "lon": 73.45892, "area_km2": 0.0069, "zone": "Z20"}, "geometry": {"type": "Polygon", "coordinates": [[[73.4592, 3.87459], [73.4591, 3.87485], [73.45919, 3.87485], [73.45929, 3.8752], [73.45894, 3.87561], [73.45862, 3.87529], [73.45873, 3.87422], [73.4592, 3.87459]]]}}, {"type": "Feature", "properties": {"id": "Z21-003", "kind": "island", "lat": 3.87598, "lon": 72.95469, "area_km2": 0.005, "zone": "Z21"}, "geometry": {"type": "Polygon", "coordinates": [[[72.95447, 3.87659], [72.9543, 3.87647], [72.95465, 3.87566], [72.95503, 3.87515], [72.95524, 3.87518], [72.95487, 3.87584], [72.95484, 3.87613], [72.95469, 3.8762], [72.95469, 3.87638], [72.9546, 3.87638], [72.95447, 3.87659]]]}}, {"type": "Feature", "properties": {"id": "Z20-048", "kind": "island", "lat": 3.87705, "lon": 73.36706, "area_km2": 0.0545, "zone": "Z20"}, "geometry": {"type": "Polygon", "coordinates": [[[73.3678, 3.87617], [73.36821, 3.8767], [73.36851, 3.8774], [73.36858, 3.87787], [73.36825, 3.87815], [73.36801, 3.87827], [73.3672, 3.87809], [73.3664, 3.87781], [73.36582, 3.87734], [73.36576, 3.87701], [73.36597, 3.87663], [73.36678, 3.87597], [73.36716, 3.87589], [73.3678, 3.87617]]]}}, {"type": "Feature", "properties": {"id": "Z20-047", "kind": "island", "lat": 3.87836, "lon": 73.36826, "area_km2": 0.0012, "zone": "Z20"}, "geometry": {"type": "Polygon", "coordinates": [[[73.36855, 3.87832], [73.368, 3.87857], [73.36788, 3.87841], [73.36864, 3.87818], [73.36855, 3.87832]]]}}, {"type": "Feature", "properties": {"id": "Z21-002", "kind": "island", "lat": 3.88468, "lon": 72.72742, "area_km2": 0.0342, "zone": "Z21"}, "geometry": {"type": "Polygon", "coordinates": [[[72.72729, 3.88385], [72.7283, 3.88435], [72.72864, 3.88477], [72.72876, 3.88519], [72.72906, 3.88538], [72.72897, 3.88559], [72.72823, 3.88563], [72.72787, 3.88552], [72.72671, 3.88478], [72.7259, 3.88459], [72.72576, 3.88438], [72.72647, 3.88416], [72.72697, 3.8841], [72.72703, 3.88398], [72.72729, 3.88385]]]}}, {"type": "Feature", "properties": {"id": "Z21-001", "kind": "island", "lat": 3.88719, "lon": 72.81626, "area_km2": 0.018, "zone": "Z21"}, "geometry": {"type": "Polygon", "coordinates": [[[72.81682, 3.88689], [72.81702, 3.88741], [72.8164, 3.88792], [72.81576, 3.88755], [72.81545, 3.88698], [72.81532, 3.88687], [72.81547, 3.88649], [72.81581, 3.88662], [72.8159, 3.88649], [72.81599, 3.88662], [72.8163, 3.88659], [72.81682, 3.88689]]]}}, {"type": "Feature", "properties": {"id": "Z20-046", "kind": "island", "lat": 3.90086, "lon": 73.46758, "area_km2": 0.2216, "zone": "Z20"}, "geometry": {"type": "Polygon", "coordinates": [[[73.4689, 3.89792], [73.46929, 3.89838], [73.46961, 3.89908], [73.46913, 3.89968], [73.46903, 3.90014], [73.46952, 3.90121], [73.47009, 3.90203], [73.47037, 3.90211], [73.47058, 3.90244], [73.47046, 3.90265], [73.47024, 3.90356], [73.46983, 3.90382], [73.46907, 3.90387], [73.46907, 3.90378], [73.4679, 3.90315], [73.4679, 3.90306], [73.46772, 3.90306], [73.46772, 3.90297], [73.46754, 3.90297], [73.46754, 3.90288], [73.46736, 3.90288], [73.46736, 3.90279], [73.46664, 3.90243], [73.46664, 3.90234], [73.46633, 3.90224], [73.46589, 3.90164], [73.46578, 3.9005], [73.46595, 3.90032], [73.4662, 3.90021], [73.46653, 3.89964], [73.46668, 3.89816], [73.46725, 3.89781], [73.46835, 3.89772], [73.4689, 3.89792]]]}}, {"type": "Feature", "properties": {"id": "Z20-045", "kind": "island", "lat": 3.90336, "lon": 73.35779, "area_km2": 0.0259, "zone": "Z20"}, "geometry": {"type": "Polygon", "coordinates": [[[73.35695, 3.90273], [73.35865, 3.90304], [73.35911, 3.90342], [73.35933, 3.90347], [73.35908, 3.90365], [73.35835, 3.90373], [73.35772, 3.90391], [73.35709, 3.9038], [73.35647, 3.9033], [73.35642, 3.90288], [73.35695, 3.90273]]]}}, {"type": "Feature", "properties": {"id": "Z20-044", "kind": "island", "lat": 3.90348, "lon": 73.47383, "area_km2": 0.1293, "zone": "Z20"}, "geometry": {"type": "Polygon", "coordinates": [[[73.47432, 3.90158], [73.47524, 3.90223], [73.4756, 3.90278], [73.47558, 3.90338], [73.47518, 3.90357], [73.4749, 3.90445], [73.47505, 3.90472], [73.47493, 3.90504], [73.47376, 3.90543], [73.47311, 3.90509], [73.47295, 3.90475], [73.47235, 3.90447], [73.47223, 3.90287], [73.47199, 3.90192], [73.47221, 3.9015], [73.47419, 3.90135], [73.47432, 3.90158]]]}}, {"type": "Feature", "properties": {"id": "Z20-043", "kind": "island", "lat": 3.90612, "lon": 73.47273, "area_km2": 0.0006, "zone": "Z20"}, "geometry": {"type": "Polygon", "coordinates": [[[73.47291, 3.90617], [73.47264, 3.90623], [73.47254, 3.90606], [73.47284, 3.90602], [73.47291, 3.90617]]]}}, {"type": "Feature", "properties": {"id": "Z20-042", "kind": "island", "lat": 3.91457, "lon": 73.45586, "area_km2": 0.045, "zone": "Z20"}, "geometry": {"type": "Polygon", "coordinates": [[[73.45633, 3.91363], [73.45672, 3.91413], [73.4568, 3.9145], [73.45649, 3.91474], [73.45655, 3.91489], [73.45613, 3.91574], [73.45504, 3.91586], [73.45512, 3.91507], [73.45506, 3.91465], [73.4547, 3.91375], [73.4547, 3.91339], [73.45543, 3.91327], [73.45633, 3.91363]]]}}, {"type": "Feature", "properties": {"id": "Z20-041", "kind": "island", "lat": 3.91769, "lon": 73.46969, "area_km2": 0.0157, "zone": "Z20"}, "geometry": {"type": "Polygon", "coordinates": [[[73.47087, 3.9177], [73.47056, 3.91763], [73.47042, 3.91779], [73.47049, 3.91812], [73.47024, 3.91815], [73.47024, 3.91806], [73.46866, 3.91802], [73.46849, 3.91786], [73.46935, 3.91748], [73.47002, 3.91739], [73.47064, 3.91721], [73.47117, 3.91767], [73.47093, 3.91792], [73.47087, 3.9177]]]}}, {"type": "Feature", "properties": {"id": "Z20-040", "kind": "island", "lat": 3.91823, "lon": 73.4701, "area_km2": 0.0003, "zone": "Z20"}, "geometry": {"type": "Polygon", "coordinates": [[[73.47024, 3.91815], [73.47017, 3.91827], [73.46984, 3.91819], [73.47024, 3.91815]]]}}, {"type": "Feature", "properties": {"id": "Z20-039", "kind": "island", "lat": 3.9184, "lon": 73.4716, "area_km2": 0.0002, "zone": "Z20"}, "geometry": {"type": "Polygon", "coordinates": [[[73.47167, 3.91845], [73.47146, 3.91834], [73.47158, 3.91824], [73.47167, 3.91845]]]}}, {"type": "Feature", "properties": {"id": "Z19-021", "kind": "island", "lat": 3.92081, "lon": 72.74499, "area_km2": 0.1617, "zone": "Z19"}, "geometry": {"type": "Polygon", "coordinates": [[[72.74645, 3.91924], [72.74794, 3.92055], [72.74802, 3.92078], [72.7479, 3.92085], [72.74784, 3.92104], [72.74479, 3.92167], [72.74347, 3.92217], [72.74292, 3.92251], [72.74261, 3.9226], [72.74211, 3.92205], [72.74202, 3.92068], [72.74238, 3.9198], [72.74304, 3.91938], [72.74523, 3.91908], [72.74645, 3.91924]]]}}, {"type": "Feature", "properties": {"id": "Z20-038", "kind": "island", "lat": 3.92209, "lon": 73.45645, "area_km2": 0.0734, "zone": "Z20"}, "geometry": {"type": "Polygon", "coordinates": [[[73.45658, 3.92058], [73.45704, 3.92066], [73.45768, 3.92178], [73.45757, 3.92183], [73.45769, 3.92253], [73.45714, 3.92347], [73.45679, 3.92375], [73.45592, 3.9235], [73.45577, 3.923], [73.45531, 3.9223], [73.45515, 3.92156], [73.4552, 3.92109], [73.45576, 3.9207], [73.45648, 3.92045], [73.45658, 3.92058]]]}}, {"type": "Feature", "properties": {"id": "Z19-020", "kind": "island", "lat": 3.94377, "lon": 72.8799, "area_km2": 0.0017, "zone": "Z19"}, "geometry": {"type": "Polygon", "coordinates": [[[72.88004, 3.94366], [72.88034, 3.94382], [72.87966, 3.94397], [72.87956, 3.94371], [72.88004, 3.94366]]]}}, {"type": "Feature", "properties": {"id": "Z20-037", "kind": "island", "lat": 3.94081, "lon": 73.48988, "area_km2": 0.3859, "zone": "Z20"}, "geometry": {"type": "Polygon", "coordinates": [[[73.49104, 3.9394], [73.49126, 3.94049], [73.49282, 3.94349], [73.49336, 3.94385], [73.49357, 3.94448], [73.49382, 3.94461], [73.4941, 3.94489], [73.49409, 3.94544], [73.49345, 3.94594], [73.4916, 3.94571], [73.49121, 3.94541], [73.4907, 3.94521], [73.49033, 3.94445], [73.48959, 3.94362], [73.48959, 3.94313], [73.48887, 3.94172], [73.48852, 3.94155], [73.48824, 3.94054], [73.48756, 3.93942], [73.48726, 3.93913], [73.48698, 3.93867], [73.48637, 3.93868], [73.48609, 3.93858], [73.48553, 3.93764], [73.48519, 3.93678], [73.4854, 3.93618], [73.48686, 3.93612], [73.48771, 3.93629], [73.488, 3.93644], [73.48981, 3.93808], [73.49046, 3.93923], [73.49088, 3.93908], [73.49104, 3.9394]]]}}, {"type": "Feature", "properties": {"id": "Z19-019", "kind": "island", "lat": 3.95915, "lon": 72.91351, "area_km2": 0.0076, "zone": "Z19"}, "geometry": {"type": "Polygon", "coordinates": [[[72.91355, 3.95866], [72.91385, 3.95888], [72.91397, 3.95924], [72.91391, 3.95943], [72.91348, 3.95951], [72.91297, 3.95905], [72.91289, 3.9587], [72.91355, 3.95866]]]}}, {"type": "Feature", "properties": {"id": "Z20-036", "kind": "island", "lat": 3.96724, "lon": 73.50556, "area_km2": 0.0326, "zone": "Z20"}, "geometry": {"type": "Polygon", "coordinates": [[[73.50609, 3.96814], [73.50599, 3.96801], [73.50527, 3.9681], [73.50496, 3.96792], [73.50487, 3.9676], [73.50442, 3.96692], [73.50516, 3.96635], [73.50592, 3.96645], [73.50638, 3.96672], [73.50652, 3.96723], [73.50646, 3.96771], [73.50609, 3.96814]]]}}, {"type": "Feature", "properties": {"id": "Z20-035", "kind": "island", "lat": 3.9716, "lon": 73.50653, "area_km2": 0.0131, "zone": "Z20"}, "geometry": {"type": "Polygon", "coordinates": [[[73.50684, 3.97112], [73.50689, 3.97142], [73.50698, 3.97142], [73.50698, 3.97187], [73.50689, 3.97205], [73.50701, 3.97214], [73.50626, 3.97232], [73.50626, 3.97178], [73.50608, 3.97178], [73.50608, 3.97133], [73.50595, 3.97124], [73.50608, 3.97115], [73.50608, 3.97097], [73.5066, 3.97077], [73.50684, 3.97112]]]}}, {"type": "Feature", "properties": {"id": "Z20-034", "kind": "island", "lat": 3.9719, "lon": 73.50305, "area_km2": 0.0011, "zone": "Z20"}, "geometry": {"type": "Polygon", "coordinates": [[[73.50309, 3.97206], [73.50284, 3.97236], [73.503, 3.97175], [73.5032, 3.97169], [73.50309, 3.97206]]]}}, {"type": "Feature", "properties": {"id": "Z20-033", "kind": "island", "lat": 3.97202, "lon": 73.50223, "area_km2": 0.0295, "zone": "Z20"}, "geometry": {"type": "Polygon", "coordinates": [[[73.50177, 3.97241], [73.50165, 3.97234], [73.50175, 3.97207], [73.50195, 3.97196], [73.50222, 3.97133], [73.5021, 3.97127], [73.50231, 3.97115], [73.5024, 3.97052], [73.50262, 3.97022], [73.50297, 3.97035], [73.50267, 3.97052], [73.50291, 3.971], [73.50276, 3.97133], [73.50272, 3.97174], [73.50249, 3.97241], [73.50255, 3.97244], [73.50261, 3.97293], [73.5024, 3.97304], [73.5024, 3.97322], [73.50231, 3.97322], [73.50231, 3.97331], [73.50242, 3.97335], [73.50231, 3.9734], [73.50231, 3.97349], [73.50242, 3.97353], [73.50231, 3.97358], [73.50231, 3.97376], [73.50213, 3.97376], [73.50213, 3.97385], [73.50199, 3.97392], [73.50178, 3.97387], [73.50151, 3.97302], [73.50157, 3.97276], [73.50173, 3.97264], [73.50177, 3.97241]]]}}, {"type": "Feature", "properties": {"id": "Z20-032", "kind": "island", "lat": 3.97452, "lon": 73.50199, "area_km2": 0.0011, "zone": "Z20"}, "geometry": {"type": "Polygon", "coordinates": [[[73.50225, 3.97462], [73.50174, 3.97463], [73.50184, 3.97442], [73.50213, 3.97438], [73.50225, 3.97462]]]}}, {"type": "Feature", "properties": {"id": "Z20-031", "kind": "island", "lat": 3.97668, "lon": 73.50687, "area_km2": 0.0161, "zone": "Z20"}, "geometry": {"type": "Polygon", "coordinates": [[[73.5068, 3.97591], [73.50736, 3.97651], [73.50726, 3.9772], [73.50627, 3.97754], [73.50613, 3.97743], [73.50647, 3.97686], [73.50626, 3.97631], [73.50631, 3.97596], [73.5068, 3.97591]]]}}, {"type": "Feature", "properties": {"id": "Z19-018", "kind": "island", "lat": 3.98617, "lon": 72.71911, "area_km2": 0.2797, "zone": "Z19"}, "geometry": {"type": "Polygon", "coordinates": [[[72.71818, 3.98773], [72.71804, 3.98791], [72.71765, 3.98799], [72.717, 3.98741], [72.71609, 3.98692], [72.71489, 3.98681], [72.71481, 3.98627], [72.71511, 3.98606], [72.71511, 3.98597], [72.71547, 3.98556], [72.71641, 3.98504], [72.71712, 3.98484], [72.71727, 3.9849], [72.71739, 3.98476], [72.72072, 3.98449], [72.72167, 3.98465], [72.72215, 3.98482], [72.7223, 3.98498], [72.72266, 3.98507], [72.72275, 3.98525], [72.72302, 3.98534], [72.72308, 3.98577], [72.72343, 3.98656], [72.7236, 3.98767], [72.72308, 3.98783], [72.72203, 3.98777], [72.72119, 3.98787], [72.7203, 3.98771], [72.71906, 3.98784], [72.71876, 3.98767], [72.71818, 3.98773]]]}}, {"type": "Feature", "properties": {"id": "Z20-029", "kind": "island", "lat": 3.99271, "lon": 73.50765, "area_km2": 0.003, "zone": "Z20"}, "geometry": {"type": "Polygon", "coordinates": [[[73.508, 3.99273], [73.50784, 3.99302], [73.50739, 3.9929], [73.5073, 3.99268], [73.50788, 3.99244], [73.508, 3.99273]]]}}, {"type": "Feature", "properties": {"id": "Z20-030", "kind": "island", "lat": 3.99084, "lon": 73.50929, "area_km2": 0.0891, "zone": "Z20"}, "geometry": {"type": "Polygon", "coordinates": [[[73.50904, 3.9884], [73.50953, 3.98854], [73.51016, 3.98937], [73.51038, 3.99022], [73.50995, 3.99158], [73.50956, 3.99169], [73.50943, 3.99259], [73.50911, 3.99312], [73.50879, 3.99338], [73.50884, 3.99296], [73.50854, 3.99258], [73.50845, 3.99204], [73.508, 3.99177], [73.50843, 3.99132], [73.50834, 3.99058], [73.50796, 3.98993], [73.50825, 3.98893], [73.50841, 3.98866], [73.50904, 3.9884]]]}}, {"type": "Feature", "properties": {"id": "Z19-017", "kind": "island", "lat": 4.00247, "lon": 72.88186, "area_km2": 0.0064, "zone": "Z19"}, "geometry": {"type": "Polygon", "coordinates": [[[72.88184, 4.00187], [72.88211, 4.0022], [72.88224, 4.00264], [72.88175, 4.00295], [72.88161, 4.00285], [72.8815, 4.0023], [72.8816, 4.00199], [72.88184, 4.00187]]]}}, {"type": "Feature", "properties": {"id": "Z19-016", "kind": "island", "lat": 4.00615, "lon": 72.94924, "area_km2": 0.0399, "zone": "Z19"}, "geometry": {"type": "Polygon", "coordinates": [[[72.94966, 4.00529], [72.9502, 4.00574], [72.95067, 4.00632], [72.95032, 4.00659], [72.94961, 4.00685], [72.94889, 4.00694], [72.94801, 4.00661], [72.94792, 4.00597], [72.94821, 4.00548], [72.94966, 4.00529]]]}}, {"type": "Feature", "properties": {"id": "Z19-015", "kind": "island", "lat": 4.00679, "lon": 72.8112, "area_km2": 0.0319, "zone": "Z19"}, "geometry": {"type": "Polygon", "coordinates": [[[72.81131, 4.00615], [72.81223, 4.00691], [72.81235, 4.00729], [72.81152, 4.00766], [72.8107, 4.00775], [72.81045, 4.00735], [72.81006, 4.0061], [72.81011, 4.00598], [72.81015, 4.0061], [72.81049, 4.00597], [72.81131, 4.00615]]]}}, {"type": "Feature", "properties": {"id": "Z20-028", "kind": "island", "lat": 4.00848, "lon": 73.40345, "area_km2": 0.0115, "zone": "Z20"}, "geometry": {"type": "Polygon", "coordinates": [[[73.40331, 4.00807], [73.40349, 4.00807], [73.40349, 4.00816], [73.40374, 4.00822], [73.40398, 4.0087], [73.40385, 4.00879], [73.40385, 4.00888], [73.40406, 4.00901], [73.40385, 4.00915], [73.40382, 4.0093], [73.40358, 4.00942], [73.40331, 4.00935], [73.40308, 4.00884], [73.40301, 4.00825], [73.40327, 4.00796], [73.40331, 4.00807]]]}}, {"type": "Feature", "properties": {"id": "Z20-027", "kind": "island", "lat": 4.01078, "lon": 73.38422, "area_km2": 0.0005, "zone": "Z20"}, "geometry": {"type": "Polygon", "coordinates": [[[73.38435, 4.01089], [73.38396, 4.01093], [73.38427, 4.01068], [73.38435, 4.01089]]]}}, {"type": "Feature", "properties": {"id": "Z20-025", "kind": "island", "lat": 4.0142, "lon": 73.39582, "area_km2": 0.0339, "zone": "Z20"}, "geometry": {"type": "Polygon", "coordinates": [[[73.39615, 4.01457], [73.39534, 4.01479], [73.39384, 4.01467], [73.39199, 4.01427], [73.39204, 4.0137], [73.39236, 4.01361], [73.39244, 4.01373], [73.39258, 4.01367], [73.39302, 4.01396], [73.39379, 4.01427], [73.39406, 4.01427], [73.39431, 4.01415], [73.39442, 4.01436], [73.39478, 4.01427], [73.39494, 4.01409], [73.39652, 4.01381], [73.39686, 4.014], [73.39675, 4.01409], [73.39683, 4.01429], [73.39615, 4.01457]]]}}, {"type": "Feature", "properties": {"id": "Z20-026", "kind": "island", "lat": 4.01326, "lon": 73.38276, "area_km2": 0.0887, "zone": "Z20"}, "geometry": {"type": "Polygon", "coordinates": [[[73.38242, 4.01504], [73.38244, 4.01536], [73.38186, 4.01557], [73.38151, 4.01518], [73.38154, 4.01468], [73.38126, 4.01432], [73.38117, 4.014], [73.382, 4.01368], [73.38197, 4.01317], [73.38208, 4.01246], [73.38326, 4.01097], [73.38366, 4.01078], [73.38395, 4.01093], [73.38339, 4.01158], [73.38309, 4.01231], [73.38324, 4.0127], [73.38325, 4.01303], [73.38366, 4.01334], [73.38377, 4.01387], [73.38412, 4.01427], [73.38418, 4.01463], [73.38467, 4.01487], [73.38485, 4.01516], [73.38436, 4.01508], [73.38432, 4.01522], [73.384, 4.01517], [73.38346, 4.01532], [73.38302, 4.01529], [73.3827, 4.01494], [73.38242, 4.01504]]]}}, {"type": "Feature", "properties": {"id": "Z19-014", "kind": "island", "lat": 4.03834, "lon": 72.91963, "area_km2": 0.0356, "zone": "Z19"}, "geometry": {"type": "Polygon", "coordinates": [[[72.91917, 4.0371], [72.91939, 4.03736], [72.91957, 4.03736], [72.91957, 4.03745], [72.91993, 4.03763], [72.92035, 4.03848], [72.92029, 4.03852], [72.92041, 4.03884], [72.91993, 4.03978], [72.91965, 4.03971], [72.91923, 4.03925], [72.91876, 4.03754], [72.91837, 4.03717], [72.91875, 4.03687], [72.91917, 4.0371]]]}}, {"type": "Feature", "properties": {"id": "Z19-013", "kind": "island", "lat": 4.05117, "lon": 72.72574, "area_km2": 0.3836, "zone": "Z19"}, "geometry": {"type": "Polygon", "coordinates": [[[72.72691, 4.05307], [72.72693, 4.05322], [72.72647, 4.0533], [72.72567, 4.05358], [72.72476, 4.05366], [72.72446, 4.05326], [72.72374, 4.05285], [72.72302, 4.05253], [72.72165, 4.05211], [72.72109, 4.05171], [72.72082, 4.05101], [72.72204, 4.05025], [72.72299, 4.04907], [72.72375, 4.0486], [72.72433, 4.04843], [72.7248, 4.04846], [72.7249, 4.04859], [72.72586, 4.04892], [72.72643, 4.04939], [72.72648, 4.04934], [72.7281, 4.04944], [72.72832, 4.04957], [72.72843, 4.04944], [72.72895, 4.04935], [72.73023, 4.05026], [72.73065, 4.05075], [72.7306, 4.05138], [72.73022, 4.05171], [72.72909, 4.05208], [72.72782, 4.0529], [72.72744, 4.05275], [72.72691, 4.05307]]]}}, {"type": "Feature", "properties": {"id": "Z20-024", "kind": "island", "lat": 4.05566, "lon": 73.41127, "area_km2": 0.0025, "zone": "Z20"}, "geometry": {"type": "Polygon", "coordinates": [[[73.41145, 4.05554], [73.41153, 4.05579], [73.41101, 4.0559], [73.4111, 4.05533], [73.41122, 4.05523], [73.41145, 4.05554]]]}}, {"type": "Feature", "properties": {"id": "Z19-012", "kind": "island", "lat": 4.07026, "lon": 72.94566, "area_km2": 0.0153, "zone": "Z19"}, "geometry": {"type": "Polygon", "coordinates": [[[72.94674, 4.07043], [72.946, 4.07064], [72.94481, 4.07068], [72.94481, 4.0705], [72.94454, 4.0705], [72.94454, 4.07032], [72.94472, 4.07032], [72.94485, 4.07009], [72.94512, 4.06991], [72.94544, 4.06997], [72.94559, 4.06975], [72.94589, 4.06988], [72.94595, 4.0698], [72.9462, 4.07011], [72.94648, 4.07019], [72.94674, 4.07043]]]}}, {"type": "Feature", "properties": {"id": "Z19-011", "kind": "island", "lat": 4.07381, "lon": 72.88778, "area_km2": 0.0138, "zone": "Z19"}, "geometry": {"type": "Polygon", "coordinates": [[[72.8875, 4.07284], [72.88795, 4.07311], [72.88808, 4.07365], [72.88795, 4.07374], [72.88798, 4.07389], [72.88804, 4.07401], [72.88813, 4.07401], [72.88813, 4.07419], [72.88825, 4.07425], [72.8884, 4.07454], [72.88828, 4.07478], [72.88804, 4.07491], [72.88795, 4.07491], [72.88768, 4.07401], [72.88701, 4.07271], [72.88744, 4.07262], [72.8875, 4.07284]]]}}, {"type": "Feature", "properties": {"id": "Z20-023", "kind": "island", "lat": 4.08374, "lon": 73.51252, "area_km2": 0.025, "zone": "Z20"}, "geometry": {"type": "Polygon", "coordinates": [[[73.51201, 4.0847], [73.51133, 4.08466], [73.51125, 4.0845], [73.51183, 4.0838], [73.51192, 4.08344], [73.51219, 4.08326], [73.51224, 4.08304], [73.51267, 4.08286], [73.51314, 4.08317], [73.5133, 4.08356], [73.51282, 4.08425], [73.51264, 4.08434], [73.51264, 4.08443], [73.51201, 4.0847]]]}}, {"type": "Feature", "properties": {"id": "Z20-022", "kind": "island", "lat": 4.09155, "lon": 73.52323, "area_km2": 0.0034, "zone": "Z20"}, "geometry": {"type": "Polygon", "coordinates": [[[73.52338, 4.09167], [73.52294, 4.09183], [73.52308, 4.0912], [73.52354, 4.09113], [73.5236, 4.09144], [73.52351, 4.09144], [73.52338, 4.09167]]]}}, {"type": "Feature", "properties": {"id": "Z19-010", "kind": "island", "lat": 4.09605, "lon": 72.75305, "area_km2": 0.0322, "zone": "Z19"}, "geometry": {"type": "Polygon", "coordinates": [[[72.75285, 4.09683], [72.75185, 4.09692], [72.75185, 4.09665], [72.75194, 4.09665], [72.75201, 4.09626], [72.7522, 4.09593], [72.75291, 4.09532], [72.75347, 4.09508], [72.75407, 4.0953], [72.75423, 4.09558], [72.75389, 4.09618], [72.75344, 4.09657], [72.75285, 4.09683]]]}}, {"type": "Feature", "properties": {"id": "Z20-021", "kind": "island", "lat": 4.09744, "lon": 73.39959, "area_km2": 0.0689, "zone": "Z20"}, "geometry": {"type": "Polygon", "coordinates": [[[73.39961, 4.09823], [73.39939, 4.09872], [73.39888, 4.09912], [73.39744, 4.0992], [73.39734, 4.09859], [73.39774, 4.09807], [73.39879, 4.09742], [73.3994, 4.09728], [73.40089, 4.09598], [73.40107, 4.09593], [73.40111, 4.09581], [73.40116, 4.09593], [73.40173, 4.09565], [73.40206, 4.09572], [73.40178, 4.09656], [73.40186, 4.09659], [73.40178, 4.09683], [73.40125, 4.09683], [73.4004, 4.09745], [73.40035, 4.09772], [73.40017, 4.09781], [73.40017, 4.0979], [73.39961, 4.09823]]]}}, {"type": "Feature", "properties": {"id": "Z20-020", "kind": "island", "lat": 4.10236, "lon": 73.52584, "area_km2": 0.0029, "zone": "Z20"}, "geometry": {"type": "Polygon", "coordinates": [[[73.52624, 4.10185], [73.52611, 4.10195], [73.52607, 4.10229], [73.52588, 4.10243], [73.52562, 4.1029], [73.52553, 4.10281], [73.52582, 4.10209], [73.526, 4.10179], [73.52624, 4.10185]]]}}, {"type": "Feature", "properties": {"id": "Z20-019", "kind": "island", "lat": 4.10305, "lon": 73.52541, "area_km2": 0.0002, "zone": "Z20"}, "geometry": {"type": "Polygon", "coordinates": [[[73.52539, 4.1032], [73.52527, 4.10311], [73.52548, 4.10298], [73.52539, 4.1032]]]}}, {"type": "Feature", "properties": {"id": "Z20-018", "kind": "island", "lat": 4.10327, "lon": 73.52544, "area_km2": 0.0001, "zone": "Z20"}, "geometry": {"type": "Polygon", "coordinates": [[[73.52539, 4.1032], [73.5255, 4.10323], [73.52542, 4.10331], [73.52539, 4.1032]]]}}, {"type": "Feature", "properties": {"id": "Z20-017", "kind": "island", "lat": 4.10352, "lon": 73.52521, "area_km2": 0.0003, "zone": "Z20"}, "geometry": {"type": "Polygon", "coordinates": [[[73.52524, 4.1036], [73.52508, 4.10345], [73.5253, 4.10338], [73.52524, 4.1036]]]}}, {"type": "Feature", "properties": {"id": "Z20-016", "kind": "island", "lat": 4.10464, "lon": 73.52485, "area_km2": 0.0102, "zone": "Z20"}, "geometry": {"type": "Polygon", "coordinates": [[[73.52521, 4.10539], [73.52469, 4.10567], [73.52458, 4.10527], [73.52458, 4.10455], [73.52467, 4.10455], [73.52472, 4.10422], [73.52507, 4.1037], [73.52512, 4.10392], [73.52522, 4.10399], [73.52509, 4.10473], [73.52521, 4.10539]]]}}, {"type": "Feature", "properties": {"id": "Z19-009", "kind": "island", "lat": 4.11887, "lon": 72.93791, "area_km2": 0.0041, "zone": "Z19"}, "geometry": {"type": "Polygon", "coordinates": [[[72.93763, 4.11838], [72.93786, 4.11842], [72.93816, 4.11865], [72.93811, 4.11909], [72.93772, 4.11923], [72.93763, 4.11847], [72.93752, 4.11843], [72.93758, 4.11827], [72.93763, 4.11838]]]}}, {"type": "Feature", "properties": {"id": "Z20-014", "kind": "island", "lat": 4.12032, "lon": 73.46845, "area_km2": 0.0472, "zone": "Z20"}, "geometry": {"type": "Polygon", "coordinates": [[[73.47015, 4.12036], [73.46916, 4.12084], [73.46727, 4.12108], [73.4669, 4.12102], [73.46669, 4.12047], [73.467, 4.11971], [73.46757, 4.11957], [73.46916, 4.11982], [73.46916, 4.11973], [73.46943, 4.11973], [73.46953, 4.11961], [73.46997, 4.11982], [73.46997, 4.12], [73.47023, 4.12007], [73.47015, 4.12036]]]}}, {"type": "Feature", "properties": {"id": "Z20-013", "kind": "island", "lat": 4.12112, "lon": 73.49696, "area_km2": 0.0007, "zone": "Z20"}, "geometry": {"type": "Polygon", "coordinates": [[[73.49711, 4.12121], [73.49694, 4.12129], [73.4968, 4.12103], [73.49701, 4.12099], [73.49711, 4.12121]]]}}, {"type": "Feature", "properties": {"id": "Z20-015", "kind": "island", "lat": 4.12026, "lon": 73.51795, "area_km2": 0.0235, "zone": "Z20"}, "geometry": {"type": "Polygon", "coordinates": [[[73.51874, 4.11908], [73.51852, 4.12033], [73.51871, 4.12088], [73.51919, 4.12134], [73.51825, 4.12175], [73.51827, 4.12088], [73.51807, 4.12049], [73.51718, 4.1202], [73.5178, 4.11973], [73.51847, 4.11889], [73.51866, 4.11883], [73.51874, 4.11908]]]}}, {"type": "Feature", "properties": {"id": "Z20-012", "kind": "island", "lat": 4.12113, "lon": 73.51472, "area_km2": 0.0206, "zone": "Z20"}, "geometry": {"type": "Polygon", "coordinates": [[[73.51499, 4.12125], [73.51504, 4.12193], [73.51474, 4.12185], [73.51459, 4.12132], [73.51414, 4.12101], [73.51304, 4.12076], [73.51329, 4.12024], [73.51459, 4.12063], [73.51551, 4.12027], [73.51573, 4.12061], [73.51499, 4.12125]]]}}, {"type": "Feature", "properties": {"id": "Z20-011", "kind": "island", "lat": 4.12137, "lon": 73.50317, "area_km2": 0.0265, "zone": "Z20"}, "geometry": {"type": "Polygon", "coordinates": [[[73.50456, 4.12236], [73.50346, 4.12219], [73.50298, 4.12223], [73.50289, 4.12141], [73.50244, 4.12113], [73.50235, 4.12098], [73.50329, 4.12036], [73.50344, 4.12059], [73.50346, 4.12134], [73.50407, 4.12172], [73.50498, 4.12165], [73.50513, 4.12186], [73.50456, 4.12236]]]}}, {"type": "Feature", "properties": {"id": "Z19-008", "kind": "island", "lat": 4.12188, "lon": 72.74643, "area_km2": 0.0062, "zone": "Z19"}, "geometry": {"type": "Polygon", "coordinates": [[[72.74697, 4.12176], [72.74664, 4.12198], [72.74656, 4.12228], [72.7459, 4.12238], [72.74611, 4.12178], [72.74642, 4.12166], [72.74655, 4.12171], [72.74655, 4.12162], [72.74682, 4.12162], [72.74677, 4.12148], [72.74692, 4.12131], [72.74697, 4.12176]]]}}, {"type": "Feature", "properties": {"id": "Z20-010", "kind": "island", "lat": 4.12148, "lon": 73.43687, "area_km2": 0.0606, "zone": "Z20"}, "geometry": {"type": "Polygon", "coordinates": [[[73.43854, 4.12286], [73.43834, 4.1231], [73.43732, 4.12238], [73.43583, 4.12157], [73.4357, 4.12139], [73.43527, 4.12114], [73.43517, 4.12082], [73.43556, 4.12072], [73.43556, 4.12063], [73.43574, 4.12063], [73.43592, 4.12036], [73.43606, 4.12032], [73.43629, 4.11992], [73.43677, 4.11982], [73.43727, 4.12009], [73.43727, 4.12027], [73.43785, 4.12131], [73.43835, 4.12198], [73.43848, 4.12204], [73.43856, 4.12228], [73.43844, 4.12234], [73.43844, 4.12243], [73.43835, 4.12243], [73.43854, 4.12286]]]}}, {"type": "Feature", "properties": {"id": "Z20-008", "kind": "island", "lat": 4.12234, "lon": 73.49007, "area_km2": 0.0435, "zone": "Z20"}, "geometry": {"type": "Polygon", "coordinates": [[[73.48941, 4.12122], [73.48987, 4.12148], [73.49109, 4.12262], [73.49175, 4.12292], [73.49211, 4.12317], [73.49244, 4.12355], [73.49172, 4.12364], [73.49124, 4.12337], [73.49059, 4.12327], [73.49005, 4.12285], [73.48959, 4.12275], [73.4892, 4.12206], [73.48827, 4.12178], [73.48816, 4.12168], [73.48852, 4.12122], [73.48941, 4.12122]]]}}, {"type": "Feature", "properties": {"id": "Z20-006", "kind": "island", "lat": 4.12325, "lon": 73.51604, "area_km2": 0.0142, "zone": "Z20"}, "geometry": {"type": "Polygon", "coordinates": [[[73.51744, 4.12296], [73.51707, 4.12316], [73.51615, 4.12333], [73.51552, 4.12373], [73.51542, 4.12357], [73.51558, 4.1227], [73.51635, 4.12277], [73.51722, 4.12261], [73.51744, 4.12296]]]}}, {"type": "Feature", "properties": {"id": "Z20-007", "kind": "island", "lat": 4.12291, "lon": 73.49484, "area_km2": 0.0249, "zone": "Z20"}, "geometry": {"type": "Polygon", "coordinates": [[[73.49613, 4.12269], [73.49547, 4.12284], [73.49513, 4.12324], [73.49496, 4.12363], [73.49368, 4.12376], [73.49308, 4.12371], [73.49292, 4.12338], [73.49422, 4.12297], [73.4943, 4.12286], [73.49521, 4.1227], [73.49521, 4.12261], [73.4953, 4.12261], [73.49593, 4.12208], [73.49634, 4.12212], [73.49633, 4.12233], [73.49613, 4.12269]]]}}, {"type": "Feature", "properties": {"id": "Z20-004", "kind": "island", "lat": 4.1236, "lon": 73.48135, "area_km2": 0.009, "zone": "Z20"}, "geometry": {"type": "Polygon", "coordinates": [[[73.48147, 4.12315], [73.48218, 4.12382], [73.48075, 4.12391], [73.4808, 4.1232], [73.48147, 4.12315]]]}}, {"type": "Feature", "properties": {"id": "Z20-009", "kind": "island", "lat": 4.12231, "lon": 73.46612, "area_km2": 0.043, "zone": "Z20"}, "geometry": {"type": "Polygon", "coordinates": [[[73.4656, 4.12366], [73.46535, 4.12388], [73.46495, 4.124], [73.4648, 4.12356], [73.46542, 4.12283], [73.46552, 4.12191], [73.46508, 4.12109], [73.46615, 4.12076], [73.46668, 4.12119], [73.46679, 4.12201], [73.46673, 4.12216], [73.46685, 4.1222], [73.46673, 4.12225], [73.46679, 4.12238], [73.46667, 4.12275], [73.46646, 4.12288], [73.46646, 4.12297], [73.46637, 4.12297], [73.46637, 4.12306], [73.46628, 4.12306], [73.46609, 4.12334], [73.46583, 4.12324], [73.4656, 4.12366]]]}}, {"type": "Feature", "properties": {"id": "Z20-005", "kind": "island", "lat": 4.12356, "lon": 73.48412, "area_km2": 0.0112, "zone": "Z20"}, "geometry": {"type": "Polygon", "coordinates": [[[73.48465, 4.12389], [73.48375, 4.124], [73.48286, 4.12425], [73.48278, 4.12382], [73.48317, 4.12377], [73.48454, 4.12319], [73.48465, 4.12389]]]}}, {"type": "Feature", "properties": {"id": "Z20-001", "kind": "island", "lat": 4.12418, "lon": 73.4574, "area_km2": 0.0072, "zone": "Z20"}, "geometry": {"type": "Polygon", "coordinates": [[[73.45779, 4.12396], [73.45747, 4.12444], [73.4573, 4.12449], [73.45747, 4.12476], [73.45705, 4.12508], [73.4569, 4.12488], [73.45712, 4.1244], [73.45725, 4.12346], [73.45779, 4.12396]]]}}, {"type": "Feature", "properties": {"id": "Z20-003", "kind": "island", "lat": 4.12384, "lon": 73.47287, "area_km2": 0.0553, "zone": "Z20"}, "geometry": {"type": "Polygon", "coordinates": [[[73.47375, 4.12494], [73.47318, 4.12529], [73.47248, 4.1252], [73.47208, 4.1244], [73.47199, 4.12372], [73.47184, 4.12323], [73.47106, 4.12282], [73.47083, 4.12243], [73.47105, 4.12252], [73.47142, 4.12227], [73.47286, 4.12259], [73.47293, 4.12288], [73.47347, 4.12342], [73.47356, 4.12342], [73.47356, 4.12351], [73.47365, 4.12351], [73.47374, 4.12395], [73.47374, 4.12413], [73.47365, 4.12413], [73.47375, 4.12494]]]}}, {"type": "Feature", "properties": {"id": "Z20-002", "kind": "island", "lat": 4.12414, "lon": 73.46313, "area_km2": 0.1097, "zone": "Z20"}, "geometry": {"type": "Polygon", "coordinates": [[[73.46327, 4.12257], [73.46338, 4.12287], [73.46439, 4.1235], [73.46434, 4.12406], [73.46404, 4.12461], [73.46417, 4.12627], [73.46391, 4.12649], [73.46348, 4.12662], [73.46236, 4.12651], [73.46211, 4.12596], [73.46202, 4.12531], [73.46267, 4.12506], [73.46264, 4.1247], [73.4621, 4.12454], [73.46206, 4.12422], [73.46185, 4.12404], [73.46169, 4.12287], [73.46186, 4.12227], [73.46234, 4.12167], [73.46247, 4.12166], [73.46278, 4.12189], [73.46317, 4.12176], [73.46327, 4.12257]]]}}, {"type": "Feature", "properties": {"id": "Z15-085", "kind": "island", "lat": 4.17338, "lon": 73.48491, "area_km2": 0.3162, "zone": "Z15"}, "geometry": {"type": "Polygon", "coordinates": [[[73.48587, 4.17623], [73.48497, 4.1766], [73.48425, 4.17645], [73.48406, 4.17581], [73.48312, 4.17503], [73.483, 4.17448], [73.48241, 4.17359], [73.48228, 4.17316], [73.48233, 4.17256], [73.48263, 4.172], [73.48412, 4.17134], [73.4845, 4.17104], [73.48478, 4.17042], [73.48548, 4.17021], [73.48757, 4.16986], [73.48789, 4.17014], [73.48797, 4.17075], [73.48778, 4.17109], [73.48744, 4.17125], [73.48735, 4.17168], [73.48757, 4.17266], [73.48743, 4.17395], [73.4877, 4.17468], [73.48744, 4.17466], [73.48726, 4.17496], [73.48747, 4.17513], [73.48771, 4.17511], [73.4878, 4.17529], [73.48708, 4.1759], [73.48662, 4.17564], [73.48587, 4.17623]]]}}, {"type": "Feature", "properties": {"id": "Z18-003", "kind": "island", "lat": 4.1808, "lon": 73.50756, "area_km2": 0.0001, "zone": "Z18"}, "geometry": {"type": "Polygon", "coordinates": [[[73.50758, 4.18084], [73.5075, 4.18076], [73.50761, 4.18073], [73.50758, 4.18084]]]}}, {"type": "Feature", "properties": {"id": "Z18-004", "kind": "island", "lat": 4.17456, "lon": 73.51002, "area_km2": 2.0541, "zone": "Z18"}, "geometry": {"type": "Polygon", "coordinates": [[[73.50931, 4.18073], [73.50968, 4.18053], [73.50954, 4.18023], [73.50891, 4.18014], [73.50752, 4.17963], [73.50718, 4.18077], [73.50692, 4.18063], [73.50694, 4.17997], [73.50661, 4.17996], [73.50639, 4.18059], [73.5064, 4.18086], [73.50545, 4.18073], [73.5046, 4.17979], [73.50449, 4.17862], [73.50397, 4.17861], [73.50349, 4.17886], [73.50269, 4.17791], [73.50194, 4.17673], [73.50181, 4.17637], [73.50167, 4.1749], [73.50144, 4.17454], [73.50101, 4.17413], [73.50089, 4.17333], [73.50112, 4.17116], [73.50128, 4.17176], [73.50298, 4.17157], [73.50282, 4.17116], [73.50217, 4.17106], [73.50235, 4.1708], [73.50283, 4.17068], [73.50271, 4.16972], [73.50154, 4.16981], [73.50108, 4.17062], [73.50065, 4.1704], [73.50062, 4.16925], [73.50082, 4.16865], [73.50134, 4.16829], [73.50403, 4.16824], [73.50551, 4.16839], [73.5058, 4.16869], [73.50647, 4.16891], [73.50559, 4.16901], [73.50568, 4.16929], [73.5106, 4.16917], [73.51382, 4.16968], [73.51471, 4.16949], [73.51649, 4.16993], [73.51749, 4.17058], [73.51753, 4.17046], [73.51758, 4.17058], [73.51788, 4.17066], [73.51776, 4.17076], [73.51781, 4.17089], [73.51767, 4.17152], [73.51783, 4.17224], [73.51801, 4.17276], [73.51877, 4.17343], [73.51888, 4.1737], [73.51852, 4.17402], [73.51843, 4.17424], [73.51862, 4.17458], [73.51886, 4.17457], [73.51899, 4.17513], [73.51915, 4.17666], [73.51859, 4.17756], [73.51804, 4.17792], [73.51716, 4.17808], [73.51691, 4.1778], [73.5159, 4.17808], [73.51592, 4.17836], [73.51628, 4.17834], [73.51627, 4.17847], [73.51561, 4.17861], [73.51538, 4.17825], [73.51521, 4.17826], [73.5116, 4.17924], [73.5106, 4.1796], [73.51007, 4.17997], [73.51008, 4.18017], [73.51035, 4.18041], [73.51043, 4.1806], [73.50979, 4.1808], [73.50931, 4.18073]]]}}, {"type": "Feature", "properties": {"id": "Z18-002", "kind": "island", "lat": 4.18083, "lon": 73.50922, "area_km2": 0.0003, "zone": "Z18"}, "geometry": {"type": "Polygon", "coordinates": [[[73.50931, 4.18073], [73.50928, 4.18089], [73.50902, 4.18076], [73.50931, 4.18073]]]}}, {"type": "Feature", "properties": {"id": "Z18-001", "kind": "island", "lat": 4.18089, "lon": 73.5083, "area_km2": 0.0002, "zone": "Z18"}, "geometry": {"type": "Polygon", "coordinates": [[[73.50835, 4.18093], [73.50811, 4.18086], [73.50841, 4.18082], [73.50835, 4.18093]]]}}, {"type": "Feature", "properties": {"id": "Z19-007", "kind": "island", "lat": 4.18099, "lon": 72.76696, "area_km2": 0.0327, "zone": "Z19"}, "geometry": {"type": "Polygon", "coordinates": [[[72.76753, 4.18051], [72.76795, 4.18081], [72.76818, 4.18117], [72.76833, 4.18165], [72.76667, 4.1818], [72.76583, 4.18165], [72.76565, 4.18137], [72.76596, 4.18081], [72.76664, 4.1805], [72.76753, 4.18051]]]}}, {"type": "Feature", "properties": {"id": "Z15-082", "kind": "island", "lat": 4.18376, "lon": 73.51802, "area_km2": 0.0439, "zone": "Z15"}, "geometry": {"type": "Polygon", "coordinates": [[[73.51898, 4.18464], [73.51873, 4.1849], [73.51838, 4.18499], [73.51804, 4.18457], [73.51729, 4.18444], [73.51685, 4.18449], [73.51673, 4.18412], [73.51693, 4.18361], [73.51768, 4.18315], [73.51782, 4.18267], [73.51819, 4.18257], [73.51883, 4.18307], [73.51897, 4.1836], [73.51924, 4.18382], [73.51932, 4.18404], [73.51914, 4.18418], [73.51898, 4.18464]]]}}, {"type": "Feature", "properties": {"id": "Z15-084", "kind": "island", "lat": 4.18099, "lon": 73.45509, "area_km2": 0.2074, "zone": "Z15"}, "geometry": {"type": "Polygon", "coordinates": [[[73.45964, 4.18477], [73.46022, 4.18484], [73.46044, 4.18513], [73.46066, 4.18518], [73.4608, 4.1856], [73.46053, 4.18567], [73.46044, 4.18577], [73.45833, 4.18533], [73.45733, 4.18499], [73.45671, 4.18468], [73.45547, 4.18367], [73.45537, 4.18248], [73.45483, 4.1812], [73.45474, 4.17994], [73.45506, 4.17902], [73.45519, 4.17779], [73.45557, 4.17705], [73.45676, 4.17618], [73.45742, 4.17583], [73.45874, 4.17642], [73.45901, 4.17624], [73.46028, 4.17648], [73.45993, 4.17696], [73.45878, 4.17736], [73.45631, 4.17947], [73.45535, 4.18078], [73.45538, 4.18153], [73.45559, 4.18215], [73.45594, 4.1828], [73.45696, 4.18375], [73.45837, 4.18441], [73.45955, 4.18477], [73.45959, 4.18466], [73.45964, 4.18477]]]}}, {"type": "Feature", "properties": {"id": "Z15-083", "kind": "island", "lat": 4.18266, "lon": 73.4357, "area_km2": 1.0741, "zone": "Z15"}, "geometry": {"type": "Polygon", "coordinates": [[[73.43917, 4.18746], [73.43802, 4.18741], [73.43781, 4.18676], [73.43767, 4.18592], [73.4383, 4.18572], [73.43849, 4.18551], [73.4392, 4.18554], [73.43929, 4.18535], [73.43975, 4.18527], [73.44003, 4.18553], [73.44038, 4.18534], [73.44082, 4.18536], [73.44101, 4.18515], [73.44298, 4.185], [73.44318, 4.1852], [73.44408, 4.18509], [73.44602, 4.18451], [73.44666, 4.18419], [73.44682, 4.18401], [73.44753, 4.18368], [73.44776, 4.18343], [73.44759, 4.1831], [73.44792, 4.18311], [73.44813, 4.18288], [73.44854, 4.18141], [73.44872, 4.18049], [73.44805, 4.18052], [73.44785, 4.18104], [73.44772, 4.18065], [73.44623, 4.1811], [73.44612, 4.18158], [73.44586, 4.1817], [73.44393, 4.18208], [73.44314, 4.1825], [73.43995, 4.1833], [73.43817, 4.18319], [73.4365, 4.18338], [73.43553, 4.18359], [73.4338, 4.18352], [73.43178, 4.18391], [73.43017, 4.1836], [73.42924, 4.18354], [73.42907, 4.18282], [73.42852, 4.18246], [73.42849, 4.18208], [73.42891, 4.18217], [73.42902, 4.18204], [73.43162, 4.18183], [73.43471, 4.18113], [73.4361, 4.18089], [73.43619, 4.181], [73.43652, 4.18079], [73.43844, 4.18046], [73.43853, 4.18033], [73.43862, 4.18046], [73.43889, 4.18037], [73.43893, 4.18025], [73.43898, 4.18037], [73.43924, 4.18028], [73.43929, 4.18016], [73.43933, 4.18028], [73.43947, 4.18021], [73.4396, 4.18028], [73.43976, 4.18011], [73.44205, 4.17956], [73.44285, 4.17928], [73.44396, 4.17916], [73.44425, 4.17906], [73.44459, 4.17943], [73.4448, 4.17942], [73.44576, 4.17908], [73.44576, 4.17847], [73.44657, 4.17808], [73.44676, 4.17818], [73.44703, 4.17863], [73.4474, 4.17861], [73.44799, 4.17841], [73.44869, 4.17901], [73.44955, 4.17856], [73.45005, 4.17873], [73.451, 4.1787], [73.45162, 4.17844], [73.45216, 4.17872], [73.45232, 4.1789], [73.4523, 4.17946], [73.45195, 4.17978], [73.45196, 4.18049], [73.4517, 4.18149], [73.4515, 4.18158], [73.45146, 4.18122], [73.4513, 4.18156], [73.45159, 4.18186], [73.45124, 4.18185], [73.45098, 4.18213], [73.45159, 4.18232], [73.45125, 4.18296], [73.45077, 4.18311], [73.45037, 4.18289], [73.45024, 4.18303], [73.45025, 4.18334], [73.45071, 4.18311], [73.4507, 4.18374], [73.45034, 4.18373], [73.44989, 4.18413], [73.45025, 4.18436], [73.45034, 4.18452], [73.44998, 4.18463], [73.44872, 4.18541], [73.44789, 4.18553], [73.44692, 4.18452], [73.44693, 4.18473], [73.44665, 4.18473], [73.44645, 4.18455], [73.44679, 4.18597], [73.44624, 4.18623], [73.44527, 4.18646], [73.44505, 4.1867], [73.44461, 4.1868], [73.44318, 4.18682], [73.4423, 4.18706], [73.44113, 4.18725], [73.44073, 4.18724], [73.44064, 4.18733], [73.4393, 4.18732], [73.43917, 4.18746]]]}}, {"type": "Feature", "properties": {"id": "Z15-081", "kind": "island", "lat": 4.18693, "lon": 73.43624, "area_km2": 0.0271, "zone": "Z15"}, "geometry": {"type": "Polygon", "coordinates": [[[73.43668, 4.1859], [73.43703, 4.18621], [73.43695, 4.18756], [73.43598, 4.1875], [73.43559, 4.18723], [73.43541, 4.18663], [73.43543, 4.18621], [73.43641, 4.18589], [73.43668, 4.1859]]]}}, {"type": "Feature", "properties": {"id": "Z19-006", "kind": "island", "lat": 4.18577, "lon": 72.77363, "area_km2": 0.1144, "zone": "Z19"}, "geometry": {"type": "Polygon", "coordinates": [[[72.77381, 4.18718], [72.77383, 4.18768], [72.77319, 4.18742], [72.77247, 4.18733], [72.77213, 4.18721], [72.77202, 4.18648], [72.77221, 4.18557], [72.77209, 4.18509], [72.77211, 4.18444], [72.77248, 4.18391], [72.77287, 4.18378], [72.77292, 4.18392], [72.77313, 4.18402], [72.77367, 4.18391], [72.77406, 4.18392], [72.77476, 4.18441], [72.77519, 4.18513], [72.77506, 4.18597], [72.7751, 4.1868], [72.77473, 4.18678], [72.77381, 4.18718]]]}}, {"type": "Feature", "properties": {"id": "Z19-005", "kind": "island", "lat": 4.19161, "lon": 72.7458, "area_km2": 0.1875, "zone": "Z19"}, "geometry": {"type": "Polygon", "coordinates": [[[72.74877, 4.18982], [72.74846, 4.19193], [72.7485, 4.19245], [72.74816, 4.19255], [72.74756, 4.19369], [72.74768, 4.19379], [72.74772, 4.19406], [72.74651, 4.19397], [72.74584, 4.19378], [72.74533, 4.19312], [72.74466, 4.19273], [72.74377, 4.19262], [72.74306, 4.19186], [72.7431, 4.19136], [72.7436, 4.19113], [72.74452, 4.19088], [72.74639, 4.19014], [72.74732, 4.18994], [72.74853, 4.18944], [72.74877, 4.18982]]]}}, {"type": "Feature", "properties": {"id": "Z19-004", "kind": "island", "lat": 4.19467, "lon": 72.8191, "area_km2": 0.0686, "zone": "Z19"}, "geometry": {"type": "Polygon", "coordinates": [[[72.82004, 4.1942], [72.82022, 4.1942], [72.82026, 4.19434], [72.82072, 4.19474], [72.82066, 4.19548], [72.81972, 4.19559], [72.81851, 4.19588], [72.81761, 4.19581], [72.81739, 4.19527], [72.81757, 4.19461], [72.81761, 4.19411], [72.8177, 4.19411], [72.8177, 4.19384], [72.81779, 4.19384], [72.81779, 4.19375], [72.81788, 4.19375], [72.81807, 4.19353], [72.81842, 4.19366], [72.81892, 4.1937], [72.81966, 4.19395], [72.82004, 4.1942]]]}}, {"type": "Feature", "properties": {"id": "Z15-080", "kind": "island", "lat": 4.19697, "lon": 73.51416, "area_km2": 0.0385, "zone": "Z15"}, "geometry": {"type": "Polygon", "coordinates": [[[73.51461, 4.19744], [73.5141, 4.19797], [73.51348, 4.19792], [73.51331, 4.19811], [73.51299, 4.1982], [73.51284, 4.19754], [73.51287, 4.19715], [73.51341, 4.19668], [73.51403, 4.19596], [73.51451, 4.19578], [73.51479, 4.19609], [73.51492, 4.19686], [73.51528, 4.19701], [73.51492, 4.19712], [73.51475, 4.1974], [73.51461, 4.19744]]]}}, {"type": "Feature", "properties": {"id": "Z15-078", "kind": "island", "lat": 4.20038, "lon": 73.41292, "area_km2": 0.0241, "zone": "Z15"}, "geometry": {"type": "Polygon", "coordinates": [[[73.41283, 4.1995], [73.41338, 4.19999], [73.41359, 4.20072], [73.41377, 4.20087], [73.41342, 4.20161], [73.4125, 4.2012], [73.41229, 4.20004], [73.41244, 4.19962], [73.41283, 4.1995]]]}}, {"type": "Feature", "properties": {"id": "Z15-077", "kind": "island", "lat": 4.21306, "lon": 73.48478, "area_km2": 0.0641, "zone": "Z15"}, "geometry": {"type": "Polygon", "coordinates": [[[73.48475, 4.21219], [73.48498, 4.21279], [73.48541, 4.21332], [73.48524, 4.21415], [73.4859, 4.21473], [73.48515, 4.21535], [73.48506, 4.21522], [73.4846, 4.21498], [73.48439, 4.21472], [73.48411, 4.21455], [73.48403, 4.21438], [73.48446, 4.21379], [73.48433, 4.2127], [73.48389, 4.2121], [73.48339, 4.2117], [73.4827, 4.21158], [73.48259, 4.21129], [73.48318, 4.21104], [73.48389, 4.21096], [73.48402, 4.21141], [73.48429, 4.21143], [73.48409, 4.2109], [73.48424, 4.21064], [73.48485, 4.21027], [73.48514, 4.21045], [73.48483, 4.21113], [73.48475, 4.21219]]]}}, {"type": "Feature", "properties": {"id": "Z19-003", "kind": "island", "lat": 4.21494, "lon": 72.86459, "area_km2": 0.206, "zone": "Z19"}, "geometry": {"type": "Polygon", "coordinates": [[[72.86446, 4.21643], [72.86364, 4.21751], [72.86383, 4.21792], [72.86156, 4.21841], [72.86103, 4.21813], [72.86105, 4.21774], [72.86191, 4.21637], [72.86348, 4.2144], [72.86568, 4.21194], [72.86638, 4.21143], [72.86679, 4.21131], [72.86718, 4.21142], [72.86751, 4.21193], [72.86729, 4.21199], [72.86713, 4.21266], [72.86635, 4.21378], [72.86598, 4.21546], [72.86553, 4.21545], [72.86522, 4.21578], [72.86506, 4.21648], [72.86463, 4.21661], [72.86446, 4.21643]]]}}, {"type": "Feature", "properties": {"id": "Z15-079", "kind": "island", "lat": 4.19723, "lon": 73.52993, "area_km2": 3.0763, "zone": "Z15"}, "geometry": {"type": "Polygon", "coordinates": [[[73.54004, 4.196], [73.53959, 4.19501], [73.53941, 4.19501], [73.53941, 4.19465], [73.53932, 4.19447], [73.53878, 4.19384], [73.53757, 4.19047], [73.53719, 4.18961], [73.5368, 4.18897], [73.53601, 4.18886], [73.53532, 4.18885], [73.53519, 4.19094], [73.53532, 4.19119], [73.53522, 4.19157], [73.53417, 4.19155], [73.53406, 4.19011], [73.53396, 4.1897], [73.53339, 4.18942], [73.53282, 4.18931], [73.53272, 4.18985], [73.5319, 4.19058], [73.53191, 4.19164], [73.53163, 4.19192], [73.53164, 4.19211], [73.53244, 4.19243], [73.53254, 4.19527], [73.53342, 4.19556], [73.53352, 4.19716], [73.53257, 4.19747], [73.5324, 4.19957], [73.53255, 4.20075], [73.53256, 4.20276], [73.53244, 4.20341], [73.53254, 4.2035], [73.53231, 4.20785], [73.53222, 4.20813], [73.53236, 4.20827], [73.53244, 4.21276], [73.53166, 4.21548], [73.53132, 4.21603], [73.53148, 4.21672], [73.53216, 4.21809], [73.53245, 4.2185], [73.53244, 4.21866], [73.53176, 4.21877], [73.53119, 4.21679], [73.53067, 4.21584], [73.53037, 4.21506], [73.53002, 4.21356], [73.52957, 4.21256], [73.52953, 4.21217], [73.52875, 4.20976], [73.52854, 4.2092], [73.52845, 4.2092], [73.52842, 4.20897], [73.52818, 4.20849], [73.52818, 4.20831], [73.52769, 4.20712], [73.52755, 4.20638], [73.52758, 4.2046], [73.52704, 4.20393], [73.52643, 4.20173], [73.52634, 4.20017], [73.52624, 4.19991], [73.52601, 4.19778], [73.52657, 4.19751], [73.52651, 4.196], [73.5258, 4.19578], [73.52571, 4.19433], [73.52533, 4.19398], [73.52535, 4.19346], [73.52677, 4.1933], [73.52687, 4.19083], [73.527, 4.19012], [73.52684, 4.18918], [73.52631, 4.18856], [73.52628, 4.18611], [73.52603, 4.18565], [73.52535, 4.18547], [73.52564, 4.18446], [73.52581, 4.18305], [73.52623, 4.18204], [73.52639, 4.18119], [73.52749, 4.1772], [73.5277, 4.1767], [73.52873, 4.17575], [73.52985, 4.17621], [73.53028, 4.17676], [73.53033, 4.17695], [73.53069, 4.17731], [73.53099, 4.17737], [73.53141, 4.1779], [73.53238, 4.17865], [73.5328, 4.17925], [73.5332, 4.17956], [73.5333, 4.17992], [73.53371, 4.18049], [73.53378, 4.18087], [73.53402, 4.18127], [73.53495, 4.1825], [73.53599, 4.1843], [73.53701, 4.18639], [73.53825, 4.18921], [73.53921, 4.19182], [73.53977, 4.19411], [73.54054, 4.1964], [73.54065, 4.19684], [73.54054, 4.19693], [73.54031, 4.19663], [73.5402, 4.19675], [73.54004, 4.19618], [73.53991, 4.19609], [73.54004, 4.196]]]}}, {"type": "Feature", "properties": {"id": "Z19-002", "kind": "island", "lat": 4.21996, "lon": 72.75603, "area_km2": 0.0001, "zone": "Z19"}, "geometry": {"type": "Polygon", "coordinates": [[[72.75605, 4.22], [72.75597, 4.21993], [72.75608, 4.21989], [72.75605, 4.22]]]}}, {"type": "Feature", "properties": {"id": "Z19-001", "kind": "island", "lat": 4.22004, "lon": 72.75539, "area_km2": 0.0086, "zone": "Z19"}, "geometry": {"type": "Polygon", "coordinates": [[[72.75581, 4.21991], [72.75599, 4.22016], [72.7561, 4.22021], [72.75599, 4.22025], [72.75596, 4.22049], [72.7551, 4.22055], [72.75492, 4.22028], [72.75482, 4.21963], [72.75518, 4.21989], [72.75525, 4.21979], [72.75581, 4.21991]]]}}, {"type": "Feature", "properties": {"id": "Z15-075", "kind": "island", "lat": 4.2207, "lon": 73.53271, "area_km2": 0.0002, "zone": "Z15"}, "geometry": {"type": "Polygon", "coordinates": [[[73.53272, 4.22082], [73.53264, 4.22059], [73.53276, 4.22052], [73.53272, 4.22082]]]}}, {"type": "Feature", "properties": {"id": "Z15-074", "kind": "island", "lat": 4.2248, "lon": 73.53433, "area_km2": 0.0001, "zone": "Z15"}, "geometry": {"type": "Polygon", "coordinates": [[[73.53438, 4.22492], [73.53426, 4.22488], [73.53434, 4.22472], [73.53438, 4.22492]]]}}, {"type": "Feature", "properties": {"id": "Z15-073", "kind": "island", "lat": 4.2252, "lon": 73.53451, "area_km2": 0.001, "zone": "Z15"}, "geometry": {"type": "Polygon", "coordinates": [[[73.53438, 4.22492], [73.53468, 4.22538], [73.53447, 4.2255], [73.53438, 4.22492]]]}}, {"type": "Feature", "properties": {"id": "Z15-072", "kind": "island", "lat": 4.22696, "lon": 73.52007, "area_km2": 0.1029, "zone": "Z15"}, "geometry": {"type": "Polygon", "coordinates": [[[73.52037, 4.22526], [73.52113, 4.22582], [73.52147, 4.22635], [73.52159, 4.22728], [73.52148, 4.22813], [73.52116, 4.22842], [73.52039, 4.22837], [73.51935, 4.2278], [73.51831, 4.22664], [73.51816, 4.2261], [73.5183, 4.22573], [73.51882, 4.22508], [73.52018, 4.22487], [73.52037, 4.22526]]]}}, {"type": "Feature", "properties": {"id": "Z15-071", "kind": "island", "lat": 4.23012, "lon": 73.49451, "area_km2": 0.0353, "zone": "Z15"}, "geometry": {"type": "Polygon", "coordinates": [[[73.49617, 4.23048], [73.49614, 4.23078], [73.49571, 4.23114], [73.49453, 4.2309], [73.49356, 4.23005], [73.49344, 4.22966], [73.49346, 4.22924], [73.49384, 4.22901], [73.49429, 4.22926], [73.49479, 4.22975], [73.49488, 4.22993], [73.49503, 4.22996], [73.49514, 4.22983], [73.49543, 4.23018], [73.49567, 4.23029], [73.49598, 4.23026], [73.49617, 4.23048]]]}}, {"type": "Feature", "properties": {"id": "Z15-070", "kind": "island", "lat": 4.23155, "lon": 73.53741, "area_km2": 0.0251, "zone": "Z15"}, "geometry": {"type": "Polygon", "coordinates": [[[73.53667, 4.22937], [73.53801, 4.2327], [73.5387, 4.23372], [73.53918, 4.23463], [73.5389, 4.23476], [73.53602, 4.22906], [73.53581, 4.22816], [73.5359, 4.22807], [73.53667, 4.22937]]]}}, {"type": "Feature", "properties": {"id": "Z15-069", "kind": "island", "lat": 4.23533, "lon": 73.47498, "area_km2": 0.0012, "zone": "Z15"}, "geometry": {"type": "Polygon", "coordinates": [[[73.47519, 4.23545], [73.47497, 4.23565], [73.47481, 4.23521], [73.475, 4.23517], [73.47519, 4.23545]]]}}, {"type": "Feature", "properties": {"id": "Z15-076", "kind": "island", "lat": 4.22036, "lon": 73.5425, "area_km2": 3.9429, "zone": "Z15"}, "geometry": {"type": "Polygon", "coordinates": [[[73.54659, 4.2216], [73.54701, 4.22166], [73.54761, 4.22328], [73.54848, 4.22672], [73.54889, 4.22775], [73.54889, 4.22809], [73.5497, 4.23027], [73.54974, 4.23058], [73.55104, 4.2335], [73.5515, 4.23566], [73.55169, 4.23699], [73.55162, 4.23705], [73.55173, 4.23862], [73.55155, 4.23949], [73.55114, 4.24008], [73.55065, 4.24054], [73.54998, 4.24086], [73.54723, 4.24101], [73.54571, 4.24078], [73.54242, 4.23997], [73.54154, 4.23958], [73.54073, 4.23911], [73.54005, 4.23821], [73.53936, 4.23672], [73.53948, 4.23616], [73.54007, 4.23561], [73.54007, 4.23513], [73.54025, 4.23494], [73.54036, 4.23513], [73.54034, 4.23548], [73.54112, 4.23575], [73.54143, 4.23563], [73.5417, 4.23521], [73.54188, 4.23512], [73.54258, 4.23422], [73.54261, 4.23353], [73.54242, 4.23316], [73.54349, 4.23197], [73.54338, 4.2313], [73.54314, 4.23117], [73.54259, 4.23108], [73.5425, 4.22986], [73.54169, 4.22882], [73.54171, 4.2283], [73.54063, 4.22831], [73.54048, 4.22825], [73.54032, 4.22786], [73.53992, 4.22755], [73.5398, 4.227], [73.53986, 4.22659], [73.53973, 4.22575], [73.53986, 4.22501], [73.53977, 4.22466], [73.53986, 4.22466], [73.53986, 4.22448], [73.53974, 4.22436], [73.53963, 4.22374], [73.54333, 4.22247], [73.54323, 4.22237], [73.5408, 4.22308], [73.53936, 4.22344], [73.53904, 4.22344], [73.5386, 4.22146], [73.53799, 4.21952], [73.53762, 4.21803], [73.53713, 4.21721], [73.53676, 4.21572], [73.53658, 4.21526], [73.53639, 4.21508], [73.53612, 4.21426], [73.53591, 4.21386], [73.53562, 4.21371], [73.53545, 4.21233], [73.53573, 4.21164], [73.5355, 4.21058], [73.53512, 4.21002], [73.53464, 4.20835], [73.53478, 4.20753], [73.53602, 4.20631], [73.53941, 4.20197], [73.54036, 4.20088], [73.54035, 4.20025], [73.53998, 4.1999], [73.53999, 4.19945], [73.5402, 4.19946], [73.54044, 4.20018], [73.54071, 4.20044], [73.54081, 4.20117], [73.54133, 4.20236], [73.54178, 4.204], [73.54243, 4.20551], [73.5427, 4.20659], [73.5434, 4.20835], [73.54441, 4.21146], [73.54529, 4.21455], [73.54661, 4.2197], [73.54687, 4.22102], [73.54659, 4.2216]]]}}, {"type": "Feature", "properties": {"id": "Z15-068", "kind": "island", "lat": 4.24961, "lon": 73.53712, "area_km2": 0.0001, "zone": "Z15"}, "geometry": {"type": "Polygon", "coordinates": [[[73.53713, 4.24965], [73.53705, 4.24957], [73.53716, 4.24954], [73.53713, 4.24965]]]}}, {"type": "Feature", "properties": {"id": "Z15-066", "kind": "island", "lat": 4.24996, "lon": 73.36659, "area_km2": 0.0239, "zone": "Z15"}, "geometry": {"type": "Polygon", "coordinates": [[[73.36729, 4.25026], [73.36716, 4.25094], [73.36648, 4.25092], [73.36594, 4.25026], [73.36549, 4.25007], [73.36543, 4.24968], [73.36554, 4.24976], [73.36565, 4.25002], [73.36588, 4.25005], [73.36666, 4.24963], [73.36666, 4.24954], [73.36702, 4.24954], [73.36702, 4.24963], [73.36718, 4.24975], [73.36712, 4.25011], [73.36749, 4.24964], [73.36796, 4.24928], [73.36769, 4.24918], [73.36724, 4.24965], [73.3672, 4.24945], [73.36767, 4.24887], [73.36814, 4.24941], [73.36729, 4.25026]]]}}, {"type": "Feature", "properties": {"id": "Z15-067", "kind": "island", "lat": 4.24967, "lon": 73.5456, "area_km2": 0.0943, "zone": "Z15"}, "geometry": {"type": "Polygon", "coordinates": [[[73.5479, 4.25102], [73.54626, 4.25116], [73.54552, 4.25017], [73.54471, 4.25008], [73.54448, 4.24997], [73.54426, 4.25008], [73.54354, 4.25017], [73.54303, 4.2501], [73.54252, 4.24987], [73.54355, 4.24923], [73.54471, 4.24963], [73.54614, 4.24945], [73.54665, 4.24868], [73.54661, 4.24825], [73.54679, 4.2481], [73.54784, 4.24853], [73.54841, 4.24933], [73.54817, 4.25076], [73.54807, 4.25075], [73.5479, 4.25102]]]}}, {"type": "Feature", "properties": {"id": "Z15-065", "kind": "island", "lat": 4.25779, "lon": 73.54068, "area_km2": 0.0298, "zone": "Z15"}, "geometry": {"type": "Polygon", "coordinates": [[[73.54107, 4.25704], [73.54133, 4.25727], [73.54147, 4.25759], [73.54142, 4.25842], [73.5412, 4.25882], [73.54042, 4.25892], [73.53982, 4.25798], [73.54021, 4.25705], [73.54107, 4.25704]]]}}, {"type": "Feature", "properties": {"id": "Z15-064", "kind": "island", "lat": 4.25944, "lon": 73.37992, "area_km2": 0.0291, "zone": "Z15"}, "geometry": {"type": "Polygon", "coordinates": [[[73.38067, 4.26041], [73.38049, 4.26059], [73.37918, 4.26037], [73.37911, 4.26017], [73.37929, 4.25965], [73.37937, 4.25905], [73.37953, 4.25863], [73.37969, 4.25852], [73.37979, 4.25832], [73.3799, 4.25846], [73.37978, 4.25852], [73.3801, 4.25901], [73.38022, 4.25934], [73.38082, 4.25955], [73.38105, 4.25988], [73.38096, 4.26027], [73.38067, 4.26041]]]}}, {"type": "Feature", "properties": {"id": "Z17-005", "kind": "island", "lat": 4.25945, "lon": 72.98293, "area_km2": 0.2145, "zone": "Z17"}, "geometry": {"type": "Polygon", "coordinates": [[[72.97196, 4.26073], [72.97149, 4.26091], [72.97081, 4.26091], [72.97084, 4.26078], [72.97145, 4.26062], [72.97149, 4.26068], [72.97167, 4.26059], [72.97167, 4.2605], [72.97194, 4.2605], [72.97199, 4.26033], [72.97257, 4.26005], [72.9734, 4.25948], [72.97428, 4.25921], [72.97598, 4.25888], [72.97711, 4.25846], [72.97784, 4.25835], [72.97805, 4.25843], [72.97805, 4.25834], [72.97819, 4.25827], [72.97895, 4.25804], [72.97904, 4.25816], [72.97928, 4.25804], [72.98012, 4.25816], [72.98018, 4.25804], [72.98083, 4.25816], [72.98089, 4.25806], [72.9811, 4.25816], [72.98121, 4.25805], [72.9831, 4.25794], [72.98479, 4.25814], [72.98518, 4.25834], [72.98538, 4.25975], [72.98556, 4.25992], [72.98579, 4.26041], [72.98545, 4.26091], [72.98467, 4.26091], [72.98409, 4.26079], [72.98237, 4.25981], [72.98133, 4.25955], [72.97924, 4.25923], [72.97853, 4.25938], [72.9767, 4.25933], [72.97571, 4.25942], [72.97571, 4.25951], [72.97526, 4.25951], [72.97477, 4.25965], [72.97433, 4.25992], [72.97342, 4.26], [72.97297, 4.26031], [72.97212, 4.2605], [72.97196, 4.26073]]]}}, {"type": "Feature", "properties": {"id": "Z17-004", "kind": "island", "lat": 4.26121, "lon": 72.97014, "area_km2": 0.0009, "zone": "Z17"}, "geometry": {"type": "Polygon", "coordinates": [[[72.97055, 4.26109], [72.96992, 4.26133], [72.97021, 4.26107], [72.97059, 4.26095], [72.97055, 4.26109]]]}}, {"type": "Feature", "properties": {"id": "Z17-003", "kind": "island", "lat": 4.26138, "lon": 72.96983, "area_km2": 0.0001, "zone": "Z17"}, "geometry": {"type": "Polygon", "coordinates": [[[72.96984, 4.26142], [72.96977, 4.26134], [72.96987, 4.26131], [72.96984, 4.26142]]]}}, {"type": "Feature", "properties": {"id": "Z15-063", "kind": "island", "lat": 4.26353, "lon": 73.50003, "area_km2": 0.0237, "zone": "Z15"}, "geometry": {"type": "Polygon", "coordinates": [[[73.50019, 4.26297], [73.50064, 4.26336], [73.50091, 4.26376], [73.50061, 4.26449], [73.4994, 4.26439], [73.49921, 4.26371], [73.49961, 4.26299], [73.50019, 4.26297]]]}}, {"type": "Feature", "properties": {"id": "Z17-002", "kind": "island", "lat": 4.26309, "lon": 72.9919, "area_km2": 0.1969, "zone": "Z17"}, "geometry": {"type": "Polygon", "coordinates": [[[72.99197, 4.26032], [72.99338, 4.26066], [72.99391, 4.26133], [72.99386, 4.26176], [72.99395, 4.26247], [72.99389, 4.26294], [72.99351, 4.26381], [72.99327, 4.26413], [72.99312, 4.26499], [72.99268, 4.26534], [72.99231, 4.2658], [72.99176, 4.26593], [72.99127, 4.26564], [72.99018, 4.26421], [72.98996, 4.26283], [72.99056, 4.26139], [72.9911, 4.26071], [72.99135, 4.26051], [72.99197, 4.26032]]]}}, {"type": "Feature", "properties": {"id": "Z15-062", "kind": "island", "lat": 4.26935, "lon": 73.49149, "area_km2": 0.1579, "zone": "Z15"}, "geometry": {"type": "Polygon", "coordinates": [[[73.49141, 4.26738], [73.49231, 4.26778], [73.49336, 4.26857], [73.49362, 4.27005], [73.49336, 4.27074], [73.49284, 4.27121], [73.49132, 4.27132], [73.49034, 4.27103], [73.4899, 4.27079], [73.48963, 4.2702], [73.48947, 4.26921], [73.48951, 4.26857], [73.49035, 4.26751], [73.491, 4.26736], [73.49141, 4.26738]]]}}, {"type": "Feature", "properties": {"id": "Z15-061", "kind": "island", "lat": 4.28208, "lon": 73.55436, "area_km2": 0.0001, "zone": "Z15"}, "geometry": {"type": "Polygon", "coordinates": [[[73.55441, 4.28215], [73.5543, 4.28212], [73.55438, 4.28204], [73.55441, 4.28215]]]}}, {"type": "Feature", "properties": {"id": "Z15-060", "kind": "island", "lat": 4.28244, "lon": 73.55625, "area_km2": 0.0001, "zone": "Z15"}, "geometry": {"type": "Polygon", "coordinates": [[[73.5563, 4.28251], [73.55619, 4.28248], [73.55626, 4.2824], [73.5563, 4.28251]]]}}, {"type": "Feature", "properties": {"id": "Z15-059", "kind": "island", "lat": 4.28265, "lon": 73.55646, "area_km2": 0.0003, "zone": "Z15"}, "geometry": {"type": "Polygon", "coordinates": [[[73.5563, 4.28251], [73.5566, 4.28259], [73.55644, 4.28272], [73.5563, 4.28251]]]}}, {"type": "Feature", "properties": {"id": "Z15-058", "kind": "island", "lat": 4.2844, "lon": 73.42736, "area_km2": 0.0305, "zone": "Z15"}, "geometry": {"type": "Polygon", "coordinates": [[[73.42727, 4.28358], [73.42766, 4.28376], [73.42766, 4.28385], [73.42789, 4.28404], [73.42824, 4.28463], [73.42811, 4.28504], [73.42776, 4.28541], [73.42697, 4.28551], [73.42627, 4.28541], [73.42637, 4.28472], [73.42698, 4.28389], [73.42727, 4.28358]]]}}, {"type": "Feature", "properties": {"id": "Z15-056", "kind": "island", "lat": 4.28862, "lon": 73.55526, "area_km2": 0.0002, "zone": "Z15"}, "geometry": {"type": "Polygon", "coordinates": [[[73.55527, 4.28873], [73.55519, 4.2885], [73.55531, 4.28844], [73.55527, 4.28873]]]}}, {"type": "Feature", "properties": {"id": "Z15-057", "kind": "island", "lat": 4.28565, "lon": 73.55395, "area_km2": 0.1523, "zone": "Z15"}, "geometry": {"type": "Polygon", "coordinates": [[[73.55441, 4.28215], [73.55489, 4.28258], [73.55499, 4.28365], [73.55489, 4.28525], [73.55494, 4.28606], [73.55517, 4.28735], [73.55487, 4.28836], [73.55492, 4.28915], [73.55484, 4.28947], [73.55441, 4.28915], [73.55419, 4.2891], [73.55401, 4.28857], [73.5538, 4.28827], [73.55338, 4.28704], [73.55311, 4.28657], [73.5529, 4.2851], [73.55251, 4.28423], [73.55292, 4.28326], [73.55266, 4.28217], [73.55292, 4.28193], [73.55368, 4.28204], [73.554, 4.2826], [73.5541, 4.28316], [73.55446, 4.283], [73.55455, 4.28255], [73.55441, 4.28215]]]}}, {"type": "Feature", "properties": {"id": "Z15-055", "kind": "island", "lat": 4.28946, "lon": 73.55518, "area_km2": 0.0008, "zone": "Z15"}, "geometry": {"type": "Polygon", "coordinates": [[[73.55525, 4.28971], [73.555, 4.28953], [73.55531, 4.28924], [73.55525, 4.28971]]]}}, {"type": "Feature", "properties": {"id": "Z15-054", "kind": "island", "lat": 4.2942, "lon": 73.55792, "area_km2": 0.0518, "zone": "Z15"}, "geometry": {"type": "Polygon", "coordinates": [[[73.55751, 4.29237], [73.55807, 4.2932], [73.55818, 4.29365], [73.55835, 4.2937], [73.55921, 4.29554], [73.55892, 4.29596], [73.55856, 4.29611], [73.55808, 4.29567], [73.558, 4.29535], [73.55751, 4.29471], [73.55662, 4.29296], [73.5572, 4.2923], [73.55751, 4.29237]]]}}, {"type": "Feature", "properties": {"id": "Z17-001", "kind": "island", "lat": 4.29902, "lon": 73.01166, "area_km2": 0.0278, "zone": "Z17"}, "geometry": {"type": "Polygon", "coordinates": [[[73.01183, 4.29756], [73.0121, 4.29787], [73.01229, 4.29791], [73.01249, 4.29816], [73.01237, 4.29823], [73.01214, 4.29881], [73.01169, 4.30052], [73.01158, 4.3006], [73.01134, 4.30033], [73.01122, 4.29886], [73.01126, 4.29786], [73.01144, 4.29753], [73.01183, 4.29756]]]}}, {"type": "Feature", "properties": {"id": "Z15-053", "kind": "island", "lat": 4.30616, "lon": 73.50689, "area_km2": 0.0047, "zone": "Z15"}, "geometry": {"type": "Polygon", "coordinates": [[[73.50702, 4.30602], [73.50718, 4.30654], [73.50702, 4.30685], [73.50644, 4.30558], [73.50659, 4.30538], [73.50702, 4.30602]]]}}, {"type": "Feature", "properties": {"id": "Z15-052", "kind": "island", "lat": 4.30672, "lon": 73.41629, "area_km2": 0.0175, "zone": "Z15"}, "geometry": {"type": "Polygon", "coordinates": [[[73.41634, 4.30604], [73.4169, 4.30631], [73.41701, 4.30679], [73.41673, 4.30725], [73.41568, 4.30734], [73.41558, 4.30664], [73.41588, 4.30612], [73.41634, 4.30604]]]}}, {"type": "Feature", "properties": {"id": "Z15-050", "kind": "island", "lat": 4.30962, "lon": 73.42412, "area_km2": 0.0325, "zone": "Z15"}, "geometry": {"type": "Polygon", "coordinates": [[[73.42428, 4.30853], [73.42468, 4.30881], [73.42485, 4.30922], [73.42478, 4.30928], [73.42491, 4.30994], [73.4247, 4.31047], [73.42419, 4.31057], [73.4234, 4.31034], [73.42331, 4.30978], [73.42343, 4.30946], [73.42331, 4.30935], [73.42352, 4.30879], [73.42388, 4.30849], [73.42428, 4.30853]]]}}, {"type": "Feature", "properties": {"id": "Z15-051", "kind": "island", "lat": 4.30846, "lon": 73.57149, "area_km2": 0.6252, "zone": "Z15"}, "geometry": {"type": "Polygon", "coordinates": [[[73.57056, 4.31222], [73.56908, 4.31167], [73.56829, 4.31149], [73.56838, 4.31128], [73.56882, 4.31088], [73.5686, 4.30991], [73.5682, 4.30947], [73.56697, 4.30985], [73.56649, 4.30823], [73.56766, 4.30783], [73.5675, 4.30744], [73.56714, 4.30759], [73.56688, 4.30788], [73.56617, 4.30746], [73.566, 4.30684], [73.56699, 4.30566], [73.56731, 4.30549], [73.56897, 4.3052], [73.56932, 4.30532], [73.56944, 4.30518], [73.56983, 4.30501], [73.57242, 4.30474], [73.57297, 4.30479], [73.57396, 4.30507], [73.57479, 4.30573], [73.57513, 4.30613], [73.57561, 4.30703], [73.57645, 4.30798], [73.57648, 4.3084], [73.57525, 4.30966], [73.57418, 4.31013], [73.5738, 4.30999], [73.57366, 4.30983], [73.57335, 4.30997], [73.57245, 4.31136], [73.57176, 4.31171], [73.57154, 4.31218], [73.57056, 4.31222]]]}}, {"type": "Feature", "properties": {"id": "Z15-049", "kind": "island", "lat": 4.31174, "lon": 73.48744, "area_km2": 0.0207, "zone": "Z15"}, "geometry": {"type": "Polygon", "coordinates": [[[73.48822, 4.3113], [73.4881, 4.31207], [73.48763, 4.31237], [73.4873, 4.31224], [73.48669, 4.31218], [73.48675, 4.31142], [73.48731, 4.31098], [73.48787, 4.31085], [73.48822, 4.3113]]]}}, {"type": "Feature", "properties": {"id": "Z15-048", "kind": "island", "lat": 4.31473, "lon": 73.58453, "area_km2": 0.0129, "zone": "Z15"}, "geometry": {"type": "Polygon", "coordinates": [[[73.58466, 4.31364], [73.58461, 4.31411], [73.58491, 4.31507], [73.58482, 4.31535], [73.58438, 4.31602], [73.58419, 4.31568], [73.58411, 4.31511], [73.58423, 4.31503], [73.58427, 4.31435], [73.58448, 4.31362], [73.58466, 4.31364]]]}}, {"type": "Feature", "properties": {"id": "Z15-047", "kind": "island", "lat": 4.31797, "lon": 73.57945, "area_km2": 0.041, "zone": "Z15"}, "geometry": {"type": "Polygon", "coordinates": [[[73.57972, 4.31902], [73.57657, 4.31903], [73.57651, 4.3188], [73.57654, 4.31865], [73.57681, 4.31851], [73.57687, 4.31862], [73.57714, 4.3185], [73.57741, 4.31862], [73.57822, 4.31832], [73.5796, 4.31735], [73.58012, 4.31762], [73.58026, 4.31834], [73.57972, 4.31902]]]}}, {"type": "Feature", "properties": {"id": "Z15-046", "kind": "island", "lat": 4.31823, "lon": 73.59166, "area_km2": 0.0325, "zone": "Z15"}, "geometry": {"type": "Polygon", "coordinates": [[[73.59227, 4.31651], [73.59278, 4.31676], [73.59326, 4.31721], [73.59263, 4.31733], [73.59206, 4.31779], [73.59163, 4.31934], [73.59091, 4.31974], [73.59093, 4.31902], [73.59129, 4.31849], [73.59142, 4.31806], [73.59155, 4.31687], [73.59167, 4.31652], [73.59227, 4.31651]]]}}, {"type": "Feature", "properties": {"id": "Z15-045", "kind": "island", "lat": 4.32055, "lon": 73.59197, "area_km2": 0.0032, "zone": "Z15"}, "geometry": {"type": "Polygon", "coordinates": [[[73.59166, 4.3202], [73.59214, 4.32042], [73.59234, 4.32083], [73.59193, 4.3209], [73.59175, 4.32069], [73.59166, 4.3202]]]}}, {"type": "Feature", "properties": {"id": "Z15-044", "kind": "island", "lat": 4.32845, "lon": 73.5979, "area_km2": 0.0414, "zone": "Z15"}, "geometry": {"type": "Polygon", "coordinates": [[[73.59693, 4.3265], [73.59734, 4.32689], [73.59807, 4.32814], [73.59837, 4.32841], [73.59847, 4.32882], [73.5987, 4.32915], [73.59883, 4.32976], [73.59862, 4.33033], [73.59776, 4.33043], [73.59766, 4.3292], [73.59722, 4.32773], [73.59651, 4.32695], [73.5966, 4.32644], [73.59693, 4.3265]]]}}, {"type": "Feature", "properties": {"id": "Z15-043", "kind": "island", "lat": 4.3338, "lon": 73.60352, "area_km2": 0.4165, "zone": "Z15"}, "geometry": {"type": "Polygon", "coordinates": [[[73.60294, 4.3367], [73.60265, 4.33724], [73.60167, 4.33738], [73.60066, 4.33655], [73.60017, 4.3363], [73.6, 4.33589], [73.60083, 4.33537], [73.60115, 4.33465], [73.60175, 4.33454], [73.60197, 4.33415], [73.60175, 4.33358], [73.60146, 4.33356], [73.60129, 4.33371], [73.60074, 4.33472], [73.60014, 4.33519], [73.59964, 4.33511], [73.59937, 4.33465], [73.59877, 4.33397], [73.59858, 4.33334], [73.59822, 4.33292], [73.59773, 4.33296], [73.59754, 4.33262], [73.59772, 4.33163], [73.59863, 4.33101], [73.59983, 4.33062], [73.60006, 4.33035], [73.60058, 4.3303], [73.60097, 4.33006], [73.60204, 4.33058], [73.60342, 4.33088], [73.60454, 4.33224], [73.60523, 4.33389], [73.60519, 4.33492], [73.60464, 4.33568], [73.60424, 4.33609], [73.6036, 4.3365], [73.60324, 4.33631], [73.60301, 4.33569], [73.60294, 4.3367]]]}}, {"type": "Feature", "properties": {"id": "Z15-042", "kind": "island", "lat": 4.34061, "lon": 73.60566, "area_km2": 0.0001, "zone": "Z15"}, "geometry": {"type": "Polygon", "coordinates": [[[73.60567, 4.34065], [73.60559, 4.34057], [73.6057, 4.34054], [73.60567, 4.34065]]]}}, {"type": "Feature", "properties": {"id": "Z15-041", "kind": "island", "lat": 4.34337, "lon": 73.61152, "area_km2": 0.0017, "zone": "Z15"}, "geometry": {"type": "Polygon", "coordinates": [[[73.61154, 4.34314], [73.61185, 4.34344], [73.61137, 4.34355], [73.61123, 4.34331], [73.61154, 4.34314]]]}}, {"type": "Feature", "properties": {"id": "Z15-040", "kind": "island", "lat": 4.34378, "lon": 73.60858, "area_km2": 0.0941, "zone": "Z15"}, "geometry": {"type": "Polygon", "coordinates": [[[73.60585, 4.34053], [73.60624, 4.34072], [73.60617, 4.34086], [73.60639, 4.34093], [73.60649, 4.34113], [73.60642, 4.34117], [73.60642, 4.34135], [73.60665, 4.34142], [73.60678, 4.34171], [73.60707, 4.34178], [73.60908, 4.34312], [73.61005, 4.34425], [73.61016, 4.34542], [73.61013, 4.34583], [73.61001, 4.34593], [73.60992, 4.3462], [73.61005, 4.34629], [73.60984, 4.34642], [73.60974, 4.34629], [73.60937, 4.34617], [73.60907, 4.3457], [73.60712, 4.3433], [73.60689, 4.34261], [73.6066, 4.34246], [73.60618, 4.34186], [73.606, 4.34132], [73.60597, 4.34081], [73.60585, 4.34053]]]}}, {"type": "Feature", "properties": {"id": "Z15-039", "kind": "island", "lat": 4.35057, "lon": 73.61814, "area_km2": 0.153, "zone": "Z15"}, "geometry": {"type": "Polygon", "coordinates": [[[73.61984, 4.34975], [73.61936, 4.35042], [73.61931, 4.35072], [73.61891, 4.35159], [73.61862, 4.35336], [73.61828, 4.35365], [73.61828, 4.35374], [73.6176, 4.35367], [73.61733, 4.35323], [73.6172, 4.35087], [73.61698, 4.35081], [73.61689, 4.3501], [73.61655, 4.34969], [73.61617, 4.34977], [73.61612, 4.3497], [73.61621, 4.34925], [73.6163, 4.34925], [73.61633, 4.3491], [73.61651, 4.34901], [73.61666, 4.3488], [73.61666, 4.34853], [73.61675, 4.34853], [73.6169, 4.34832], [73.6185, 4.34761], [73.61891, 4.34781], [73.61941, 4.34866], [73.61984, 4.34975]]]}}, {"type": "Feature", "properties": {"id": "Z15-038", "kind": "island", "lat": 4.36142, "lon": 73.62649, "area_km2": 0.0379, "zone": "Z15"}, "geometry": {"type": "Polygon", "coordinates": [[[73.62524, 4.35971], [73.62631, 4.36047], [73.6269, 4.36147], [73.62699, 4.36147], [73.62699, 4.36165], [73.62708, 4.36165], [73.62735, 4.3621], [73.62761, 4.36229], [73.62811, 4.36294], [73.62744, 4.36312], [73.62721, 4.36278], [73.62681, 4.36255], [73.62681, 4.36246], [73.62649, 4.36233], [73.62636, 4.36201], [73.62627, 4.36201], [73.62627, 4.36174], [73.62617, 4.36167], [73.626, 4.36111], [73.62582, 4.36111], [73.62582, 4.36084], [73.62538, 4.36079], [73.62465, 4.36021], [73.62493, 4.35974], [73.62502, 4.35985], [73.62524, 4.35971]]]}}, {"type": "Feature", "properties": {"id": "Z15-036", "kind": "island", "lat": 4.36628, "lon": 73.41341, "area_km2": 0.0005, "zone": "Z15"}, "geometry": {"type": "Polygon", "coordinates": [[[73.41352, 4.36637], [73.41346, 4.36645], [73.41325, 4.3662], [73.41346, 4.36614], [73.41352, 4.36637]]]}}, {"type": "Feature", "properties": {"id": "Z15-037", "kind": "island", "lat": 4.36599, "lon": 73.41519, "area_km2": 0.0326, "zone": "Z15"}, "geometry": {"type": "Polygon", "coordinates": [[[73.41606, 4.36645], [73.41511, 4.36659], [73.41486, 4.36645], [73.41429, 4.36635], [73.41391, 4.3664], [73.41365, 4.36625], [73.4137, 4.36584], [73.41405, 4.36574], [73.41435, 4.36537], [73.41535, 4.36533], [73.41561, 4.36558], [73.41585, 4.36555], [73.4165, 4.36574], [73.41682, 4.36614], [73.41606, 4.36645]]]}}, {"type": "Feature", "properties": {"id": "Z15-035", "kind": "island", "lat": 4.36826, "lon": 73.3701, "area_km2": 0.0219, "zone": "Z15"}, "geometry": {"type": "Polygon", "coordinates": [[[73.37136, 4.36871], [73.37028, 4.36872], [73.36989, 4.36848], [73.36909, 4.36848], [73.36862, 4.36859], [73.36851, 4.36842], [73.36882, 4.36821], [73.36882, 4.36812], [73.369, 4.36812], [73.369, 4.36803], [73.36918, 4.36803], [73.36949, 4.36783], [73.36972, 4.36794], [73.37019, 4.36781], [73.37121, 4.36806], [73.37153, 4.36832], [73.37136, 4.36871]]]}}, {"type": "Feature", "properties": {"id": "Z15-034", "kind": "island", "lat": 4.37436, "lon": 73.65083, "area_km2": 0.3662, "zone": "Z15"}, "geometry": {"type": "Polygon", "coordinates": [[[73.65454, 4.37252], [73.6545, 4.37317], [73.65468, 4.37418], [73.6543, 4.37528], [73.65369, 4.37572], [73.65341, 4.37604], [73.65323, 4.37642], [73.65128, 4.37696], [73.6511, 4.37639], [73.65051, 4.37545], [73.64813, 4.37523], [73.64765, 4.37506], [73.64715, 4.37471], [73.64716, 4.37454], [73.64682, 4.37404], [73.64668, 4.37318], [73.64628, 4.37266], [73.646, 4.37253], [73.64622, 4.37234], [73.64622, 4.37225], [73.6464, 4.37225], [73.6464, 4.37216], [73.64662, 4.37212], [73.64719, 4.37181], [73.64801, 4.37162], [73.64956, 4.37165], [73.65073, 4.37179], [73.65222, 4.37222], [73.65344, 4.37245], [73.65408, 4.3721], [73.65436, 4.37212], [73.65454, 4.37252]]]}}, {"type": "Feature", "properties": {"id": "Z15-033", "kind": "island", "lat": 4.37696, "lon": 73.66248, "area_km2": 0.0703, "zone": "Z15"}, "geometry": {"type": "Polygon", "coordinates": [[[73.66306, 4.37454], [73.66336, 4.37517], [73.66331, 4.37572], [73.66295, 4.37634], [73.66296, 4.37686], [73.66307, 4.37705], [73.66291, 4.37733], [73.66342, 4.37811], [73.6635, 4.37841], [73.66394, 4.37896], [73.66427, 4.37979], [73.66436, 4.37979], [73.66433, 4.37994], [73.66386, 4.38001], [73.66373, 4.37952], [73.66355, 4.37952], [73.66355, 4.37935], [73.66334, 4.3792], [73.66285, 4.37861], [73.66266, 4.37854], [73.66266, 4.37845], [73.66226, 4.37813], [73.66162, 4.37778], [73.66202, 4.37676], [73.66216, 4.37573], [73.66181, 4.37512], [73.66202, 4.37475], [73.66296, 4.37409], [73.66306, 4.37454]]]}}, {"type": "Feature", "properties": {"id": "Z15-032", "kind": "island", "lat": 4.39766, "lon": 73.40117, "area_km2": 0.0001, "zone": "Z15"}, "geometry": {"type": "Polygon", "coordinates": [[[73.4012, 4.3977], [73.40104, 4.39762], [73.40125, 4.39758], [73.4012, 4.3977]]]}}, {"type": "Feature", "properties": {"id": "Z15-031", "kind": "island", "lat": 4.43095, "lon": 73.38428, "area_km2": 0.0441, "zone": "Z15"}, "geometry": {"type": "Polygon", "coordinates": [[[73.38447, 4.43177], [73.38391, 4.43199], [73.38379, 4.4325], [73.38362, 4.43256], [73.38373, 4.43235], [73.38364, 4.43235], [73.38364, 4.4319], [73.38382, 4.4319], [73.3839, 4.43015], [73.38428, 4.42928], [73.38467, 4.42906], [73.38481, 4.42911], [73.38494, 4.42891], [73.38499, 4.42902], [73.38512, 4.42896], [73.38587, 4.42921], [73.38628, 4.42973], [73.38553, 4.43001], [73.38445, 4.43127], [73.38445, 4.43145], [73.38464, 4.43148], [73.38452, 4.4316], [73.38436, 4.43163], [73.38436, 4.43172], [73.38447, 4.43177]]]}}, {"type": "Feature", "properties": {"id": "Z16-001", "kind": "island", "lat": 4.43708, "lon": 72.95908, "area_km2": 1.497, "zone": "Z16"}, "geometry": {"type": "Polygon", "coordinates": [[[72.96281, 4.44197], [72.96076, 4.44353], [72.96008, 4.44395], [72.95954, 4.4441], [72.95856, 4.44393], [72.95815, 4.44371], [72.95741, 4.4435], [72.95644, 4.44308], [72.9546, 4.44142], [72.95451, 4.44142], [72.95451, 4.44133], [72.95435, 4.44122], [72.95406, 4.44079], [72.95397, 4.44079], [72.95397, 4.44061], [72.95376, 4.44044], [72.95321, 4.43954], [72.95299, 4.43901], [72.95278, 4.43805], [72.95287, 4.43732], [72.95306, 4.43684], [72.95375, 4.4358], [72.95426, 4.43515], [72.95469, 4.43477], [72.95469, 4.43468], [72.95487, 4.43468], [72.95496, 4.4345], [72.95523, 4.43441], [72.95581, 4.43391], [72.95712, 4.43333], [72.95744, 4.43309], [72.95829, 4.4328], [72.95919, 4.43208], [72.95919, 4.43199], [72.95939, 4.43193], [72.95945, 4.43172], [72.95972, 4.43154], [72.96023, 4.43083], [72.96138, 4.43014], [72.96161, 4.4301], [72.96161, 4.43001], [72.96179, 4.43001], [72.9624, 4.42967], [72.9626, 4.42974], [72.96268, 4.42962], [72.96322, 4.42985], [72.96332, 4.43001], [72.96382, 4.43023], [72.96456, 4.43071], [72.96498, 4.43124], [72.96528, 4.43195], [72.96542, 4.43296], [72.96529, 4.43306], [72.96551, 4.43341], [72.96529, 4.43504], [72.96538, 4.43504], [72.96538, 4.43549], [72.96529, 4.43549], [72.96529, 4.43567], [72.9652, 4.43567], [72.9653, 4.43658], [72.96509, 4.43754], [72.9654, 4.43827], [72.96524, 4.43842], [72.96487, 4.43839], [72.96416, 4.43993], [72.96427, 4.44012], [72.96401, 4.4406], [72.9635, 4.44106], [72.96281, 4.44197]]]}}, {"type": "Feature", "properties": {"id": "Z15-030", "kind": "island", "lat": 4.442, "lon": 73.71409, "area_km2": 0.1889, "zone": "Z15"}, "geometry": {"type": "Polygon", "coordinates": [[[73.71213, 4.43806], [73.71283, 4.43824], [73.71375, 4.43906], [73.71499, 4.44106], [73.71498, 4.44131], [73.71549, 4.44269], [73.7157, 4.4429], [73.71552, 4.44317], [73.71503, 4.44578], [73.71489, 4.44606], [73.71407, 4.44604], [73.71375, 4.4457], [73.71354, 4.44483], [73.71342, 4.44303], [73.71245, 4.44097], [73.71189, 4.43939], [73.71179, 4.4389], [73.7117, 4.4389], [73.71174, 4.43815], [73.71213, 4.43806]]]}}, {"type": "Feature", "properties": {"id": "Z15-029", "kind": "island", "lat": 4.45427, "lon": 73.717, "area_km2": 0.3186, "zone": "Z15"}, "geometry": {"type": "Polygon", "coordinates": [[[73.71736, 4.45867], [73.71777, 4.4588], [73.71785, 4.45948], [73.71737, 4.45961], [73.7168, 4.4593], [73.71673, 4.45822], [73.71648, 4.45754], [73.7159, 4.45648], [73.71561, 4.45566], [73.71534, 4.45485], [73.71495, 4.45306], [73.71527, 4.4525], [73.71512, 4.45013], [73.71499, 4.44955], [73.71526, 4.44902], [73.71554, 4.44893], [73.71575, 4.44932], [73.71595, 4.44936], [73.71602, 4.4495], [73.71698, 4.44997], [73.71709, 4.45013], [73.71718, 4.45013], [73.71718, 4.45022], [73.71763, 4.45076], [73.71785, 4.45082], [73.71872, 4.45259], [73.71887, 4.45336], [73.71857, 4.45529], [73.71843, 4.4569], [73.71829, 4.45708], [73.71817, 4.45795], [73.71829, 4.458], [73.71808, 4.45804], [73.718, 4.45835], [73.71745, 4.45858], [73.71745, 4.45867], [73.71736, 4.45867]]]}}, {"type": "Feature", "properties": {"id": "Z15-028", "kind": "island", "lat": 4.46616, "lon": 73.66157, "area_km2": 0.0111, "zone": "Z15"}, "geometry": {"type": "Polygon", "coordinates": [[[73.6618, 4.46582], [73.66185, 4.46603], [73.66221, 4.46621], [73.66221, 4.46639], [73.66232, 4.46644], [73.66221, 4.46648], [73.66231, 4.4667], [73.66214, 4.46683], [73.66169, 4.46678], [73.66131, 4.4663], [73.66114, 4.4662], [73.66093, 4.46586], [73.66103, 4.46557], [73.6618, 4.46582]]]}}, {"type": "Feature", "properties": {"id": "Z15-027", "kind": "island", "lat": 4.47375, "lon": 73.44954, "area_km2": 0.0218, "zone": "Z15"}, "geometry": {"type": "Polygon", "coordinates": [[[73.45063, 4.47323], [73.45043, 4.47359], [73.44954, 4.47431], [73.44846, 4.47445], [73.44772, 4.47439], [73.44756, 4.47412], [73.44861, 4.47388], [73.44908, 4.47362], [73.45056, 4.47304], [73.45063, 4.47323]]]}}, {"type": "Feature", "properties": {"id": "Z15-026", "kind": "island", "lat": 4.48163, "lon": 73.39326, "area_km2": 0.0191, "zone": "Z15"}, "geometry": {"type": "Polygon", "coordinates": [[[73.3936, 4.48092], [73.39397, 4.48152], [73.39406, 4.48184], [73.39418, 4.48193], [73.39406, 4.48202], [73.394, 4.48224], [73.39303, 4.48212], [73.39251, 4.48174], [73.39259, 4.48114], [73.39328, 4.48088], [73.3936, 4.48092]]]}}, {"type": "Feature", "properties": {"id": "Z15-025", "kind": "island", "lat": 4.50064, "lon": 73.36854, "area_km2": 0.0646, "zone": "Z15"}, "geometry": {"type": "Polygon", "coordinates": [[[73.36887, 4.50264], [73.36853, 4.50273], [73.36801, 4.50236], [73.36766, 4.50236], [73.36752, 4.50196], [73.36784, 4.5011], [73.36777, 4.5003], [73.36733, 4.49977], [73.36725, 4.49944], [73.36765, 4.49909], [73.36794, 4.49871], [73.36823, 4.49908], [73.3681, 4.49918], [73.36819, 4.49936], [73.3683, 4.49941], [73.36819, 4.49945], [73.36841, 4.49977], [73.3689, 4.50036], [73.36966, 4.50091], [73.36976, 4.50203], [73.3694, 4.50219], [73.36887, 4.50264]]]}}, {"type": "Feature", "properties": {"id": "Z15-024", "kind": "island", "lat": 4.51439, "lon": 73.37042, "area_km2": 0.36, "zone": "Z15"}, "geometry": {"type": "Polygon", "coordinates": [[[73.3679, 4.51912], [73.36774, 4.52083], [73.36774, 4.52092], [73.36785, 4.52096], [73.36774, 4.52101], [73.36769, 4.52119], [73.36718, 4.5215], [73.36699, 4.52032], [73.36676, 4.51953], [73.36684, 4.51948], [73.36689, 4.51923], [73.36751, 4.51869], [73.36756, 4.51796], [73.36725, 4.51707], [73.36751, 4.51683], [73.36838, 4.51697], [73.36909, 4.51688], [73.36927, 4.5167], [73.36958, 4.51578], [73.36972, 4.51571], [73.36976, 4.51539], [73.36988, 4.51517], [73.36976, 4.51495], [73.36966, 4.51397], [73.36913, 4.51338], [73.36866, 4.51313], [73.36807, 4.51316], [73.36787, 4.51279], [73.36763, 4.51184], [73.36829, 4.51158], [73.3685, 4.5112], [73.36853, 4.51058], [73.36839, 4.50851], [73.36781, 4.50799], [73.36792, 4.50789], [73.36786, 4.50776], [73.36807, 4.50732], [73.36854, 4.50772], [73.36873, 4.50807], [73.36924, 4.50959], [73.3692, 4.5101], [73.36989, 4.51018], [73.36983, 4.50947], [73.37004, 4.50769], [73.37087, 4.50758], [73.37123, 4.50778], [73.37116, 4.50857], [73.37125, 4.5096], [73.3719, 4.51074], [73.37146, 4.51126], [73.37115, 4.51185], [73.37113, 4.51279], [73.37121, 4.51378], [73.37115, 4.51382], [73.37124, 4.514], [73.37101, 4.51494], [73.37109, 4.51629], [73.37091, 4.51609], [73.37095, 4.5155], [73.37088, 4.51544], [73.37061, 4.51562], [73.37053, 4.51596], [73.37068, 4.51632], [73.37062, 4.51661], [73.37076, 4.51682], [73.37083, 4.51756], [73.37101, 4.51801], [73.37139, 4.51882], [73.37192, 4.51912], [73.372, 4.51951], [73.37178, 4.51966], [73.37174, 4.51987], [73.37151, 4.51975], [73.37014, 4.51829], [73.3698, 4.51822], [73.36976, 4.51838], [73.36948, 4.51834], [73.36894, 4.51855], [73.36825, 4.51916], [73.36819, 4.51894], [73.3679, 4.51912]]]}}, {"type": "Feature", "properties": {"id": "Z15-023", "kind": "island", "lat": 4.52212, "lon": 73.367, "area_km2": 0.0056, "zone": "Z15"}, "geometry": {"type": "Polygon", "coordinates": [[[73.36736, 4.52252], [73.36714, 4.52266], [73.36664, 4.52245], [73.36675, 4.52198], [73.36702, 4.52191], [73.36702, 4.52164], [73.36729, 4.52164], [73.36729, 4.52227], [73.3672, 4.52227], [73.36736, 4.52252]]]}}, {"type": "Feature", "properties": {"id": "Z15-022", "kind": "island", "lat": 4.53327, "lon": 73.37254, "area_km2": 0.0226, "zone": "Z15"}, "geometry": {"type": "Polygon", "coordinates": [[[73.37264, 4.53175], [73.37299, 4.53266], [73.37281, 4.53319], [73.37268, 4.53332], [73.37304, 4.53388], [73.37299, 4.5346], [73.3725, 4.53489], [73.3721, 4.53443], [73.37201, 4.53378], [73.37223, 4.53338], [73.37241, 4.53323], [73.37246, 4.53174], [73.37264, 4.53175]]]}}, {"type": "Feature", "properties": {"id": "Z15-021", "kind": "island", "lat": 4.54103, "lon": 73.62113, "area_km2": 0.0353, "zone": "Z15"}, "geometry": {"type": "Polygon", "coordinates": [[[73.62277, 4.54166], [73.62083, 4.5416], [73.62084, 4.54141], [73.61922, 4.54116], [73.61914, 4.54056], [73.61999, 4.5405], [73.62058, 4.54068], [73.62274, 4.54095], [73.62335, 4.54112], [73.6229, 4.54144], [73.62291, 4.54154], [73.62277, 4.54166]]]}}, {"type": "Feature", "properties": {"id": "Z15-020", "kind": "island", "lat": 4.54265, "lon": 73.40566, "area_km2": 0.0148, "zone": "Z15"}, "geometry": {"type": "Polygon", "coordinates": [[[73.40678, 4.54253], [73.40602, 4.54294], [73.40556, 4.54302], [73.40547, 4.54314], [73.40493, 4.54305], [73.40472, 4.54277], [73.40497, 4.54227], [73.40511, 4.54248], [73.40524, 4.54241], [73.40538, 4.54248], [73.40545, 4.54239], [73.40606, 4.54237], [73.40646, 4.54221], [73.40664, 4.54199], [73.40682, 4.54221], [73.40678, 4.54253]]]}}, {"type": "Feature", "properties": {"id": "Z15-019", "kind": "island", "lat": 4.54645, "lon": 73.46314, "area_km2": 0.0004, "zone": "Z15"}, "geometry": {"type": "Polygon", "coordinates": [[[73.46316, 4.54662], [73.46292, 4.54655], [73.46323, 4.54634], [73.46316, 4.54662]]]}}, {"type": "Feature", "properties": {"id": "Z15-018", "kind": "island", "lat": 4.54677, "lon": 73.46103, "area_km2": 0.0001, "zone": "Z15"}, "geometry": {"type": "Polygon", "coordinates": [[[73.46104, 4.54681], [73.46096, 4.54673], [73.46107, 4.5467], [73.46104, 4.54681]]]}}, {"type": "Feature", "properties": {"id": "Z15-017", "kind": "island", "lat": 4.54703, "lon": 73.46026, "area_km2": 0.0028, "zone": "Z15"}, "geometry": {"type": "Polygon", "coordinates": [[[73.46095, 4.54694], [73.46037, 4.54711], [73.4596, 4.54713], [73.46021, 4.54688], [73.46089, 4.54679], [73.46095, 4.54694]]]}}, {"type": "Feature", "properties": {"id": "Z15-016", "kind": "island", "lat": 4.58091, "lon": 73.5814, "area_km2": 0.0001, "zone": "Z15"}, "geometry": {"type": "Polygon", "coordinates": [[[73.58142, 4.58095], [73.58134, 4.58087], [73.58145, 4.58084], [73.58142, 4.58095]]]}}, {"type": "Feature", "properties": {"id": "Z15-014", "kind": "island", "lat": 4.58118, "lon": 73.58203, "area_km2": 0.0001, "zone": "Z15"}, "geometry": {"type": "Polygon", "coordinates": [[[73.58205, 4.58122], [73.58197, 4.58114], [73.58208, 4.58111], [73.58205, 4.58122]]]}}, {"type": "Feature", "properties": {"id": "Z15-015", "kind": "island", "lat": 4.58115, "lon": 73.57918, "area_km2": 0.0242, "zone": "Z15"}, "geometry": {"type": "Polygon", "coordinates": [[[73.58013, 4.57994], [73.58023, 4.5801], [73.57943, 4.58086], [73.57938, 4.58111], [73.57944, 4.5812], [73.58002, 4.58148], [73.57983, 4.58205], [73.57938, 4.58218], [73.57968, 4.58227], [73.57951, 4.58241], [73.57962, 4.58259], [73.57943, 4.58285], [73.57911, 4.58129], [73.57889, 4.58111], [73.5788, 4.58049], [73.57905, 4.58029], [73.57954, 4.57947], [73.58013, 4.57994]]]}}, {"type": "Feature", "properties": {"id": "Z15-013", "kind": "island", "lat": 4.58993, "lon": 73.41459, "area_km2": 0.011, "zone": "Z15"}, "geometry": {"type": "Polygon", "coordinates": [[[73.41499, 4.58955], [73.41521, 4.59009], [73.41477, 4.59036], [73.41398, 4.59049], [73.41387, 4.59017], [73.41418, 4.58962], [73.41499, 4.58955]]]}}, {"type": "Feature", "properties": {"id": "Z15-012", "kind": "island", "lat": 4.59004, "lon": 73.59165, "area_km2": 0.0537, "zone": "Z15"}, "geometry": {"type": "Polygon", "coordinates": [[[73.59262, 4.59056], [73.59188, 4.59101], [73.59119, 4.59121], [73.59094, 4.59135], [73.59022, 4.59093], [73.58982, 4.59043], [73.58952, 4.59019], [73.58939, 4.58971], [73.58908, 4.58958], [73.58874, 4.58963], [73.58808, 4.58914], [73.58834, 4.5887], [73.58863, 4.58865], [73.58921, 4.58906], [73.58972, 4.58928], [73.58984, 4.58989], [73.5901, 4.5901], [73.59124, 4.58986], [73.5916, 4.58965], [73.59196, 4.58986], [73.59249, 4.58998], [73.59297, 4.58997], [73.59262, 4.59056]]]}}, {"type": "Feature", "properties": {"id": "Z15-011", "kind": "island", "lat": 4.59923, "lon": 73.47596, "area_km2": 0.0004, "zone": "Z15"}, "geometry": {"type": "Polygon", "coordinates": [[[73.47601, 4.59929], [73.47576, 4.59917], [73.47608, 4.59907], [73.47601, 4.59929]]]}}, {"type": "Feature", "properties": {"id": "Z15-010", "kind": "island", "lat": 4.5993, "lon": 73.4605, "area_km2": 0.0014, "zone": "Z15"}, "geometry": {"type": "Polygon", "coordinates": [[[73.46074, 4.59939], [73.45996, 4.59941], [73.46047, 4.5992], [73.4608, 4.59916], [73.46074, 4.59939]]]}}, {"type": "Feature", "properties": {"id": "Z15-009", "kind": "island", "lat": 4.60229, "lon": 73.58239, "area_km2": 0.0001, "zone": "Z15"}, "geometry": {"type": "Polygon", "coordinates": [[[73.58241, 4.60233], [73.58233, 4.60225], [73.58244, 4.60222], [73.58241, 4.60233]]]}}, {"type": "Feature", "properties": {"id": "Z15-008", "kind": "island", "lat": 4.60559, "lon": 73.49171, "area_km2": 0.0331, "zone": "Z15"}, "geometry": {"type": "Polygon", "coordinates": [[[73.4918, 4.6041], [73.49202, 4.60431], [73.49211, 4.60478], [73.49283, 4.60528], [73.49242, 4.60593], [73.49114, 4.60614], [73.49104, 4.60649], [73.49077, 4.60657], [73.49068, 4.6059], [73.49101, 4.60498], [73.49123, 4.60459], [73.4918, 4.6041]]]}}, {"type": "Feature", "properties": {"id": "Z15-007", "kind": "island", "lat": 4.63271, "lon": 73.56181, "area_km2": 0.0119, "zone": "Z15"}, "geometry": {"type": "Polygon", "coordinates": [[[73.56164, 4.63202], [73.56209, 4.63247], [73.56241, 4.63299], [73.56249, 4.6333], [73.5628, 4.63368], [73.5624, 4.63359], [73.56181, 4.6332], [73.56148, 4.63288], [73.5613, 4.63254], [73.56142, 4.63231], [73.56129, 4.63222], [73.5616, 4.63213], [73.56164, 4.63202]]]}}, {"type": "Feature", "properties": {"id": "Z15-006", "kind": "island", "lat": 4.63528, "lon": 73.4054, "area_km2": 0.0004, "zone": "Z15"}, "geometry": {"type": "Polygon", "coordinates": [[[73.40554, 4.63533], [73.40535, 4.6354], [73.40526, 4.63523], [73.40547, 4.63519], [73.40554, 4.63533]]]}}, {"type": "Feature", "properties": {"id": "Z15-005", "kind": "island", "lat": 4.6365, "lon": 73.56567, "area_km2": 0.0184, "zone": "Z15"}, "geometry": {"type": "Polygon", "coordinates": [[[73.56514, 4.63541], [73.56571, 4.63566], [73.56603, 4.63617], [73.56622, 4.6367], [73.56598, 4.63714], [73.56555, 4.63729], [73.56496, 4.63604], [73.56482, 4.63542], [73.56514, 4.63541]]]}}, {"type": "Feature", "properties": {"id": "Z15-004", "kind": "island", "lat": 4.63765, "lon": 73.40156, "area_km2": 0.0427, "zone": "Z15"}, "geometry": {"type": "Polygon", "coordinates": [[[73.40355, 4.63846], [73.40322, 4.63833], [73.40283, 4.63841], [73.40164, 4.6382], [73.40015, 4.63807], [73.40008, 4.6373], [73.40029, 4.63685], [73.40046, 4.63684], [73.40147, 4.63702], [73.40269, 4.63742], [73.40369, 4.63817], [73.40355, 4.63846]]]}}, {"type": "Feature", "properties": {"id": "Z15-003", "kind": "island", "lat": 4.67695, "lon": 73.50127, "area_km2": 0.0286, "zone": "Z15"}, "geometry": {"type": "Polygon", "coordinates": [[[73.50211, 4.67741], [73.50197, 4.67773], [73.50177, 4.67777], [73.50029, 4.67783], [73.50024, 4.67768], [73.50011, 4.67759], [73.50024, 4.6775], [73.50028, 4.6773], [73.50042, 4.67723], [73.50042, 4.67705], [73.50051, 4.67705], [73.50057, 4.67672], [73.50112, 4.67608], [73.50155, 4.67613], [73.50198, 4.67685], [73.50211, 4.67741]]]}}, {"type": "Feature", "properties": {"id": "Z15-001", "kind": "island", "lat": 4.69014, "lon": 73.4516, "area_km2": 0.0001, "zone": "Z15"}, "geometry": {"type": "Polygon", "coordinates": [[[73.45161, 4.69018], [73.45153, 4.6901], [73.45164, 4.69007], [73.45161, 4.69018]]]}}, {"type": "Feature", "properties": {"id": "Z15-002", "kind": "island", "lat": 4.6901, "lon": 73.45113, "area_km2": 0.0345, "zone": "Z15"}, "geometry": {"type": "Polygon", "coordinates": [[[73.45013, 4.69234], [73.44975, 4.69225], [73.44993, 4.69152], [73.4502, 4.69133], [73.4503, 4.691], [73.45061, 4.69057], [73.45092, 4.6898], [73.45101, 4.6898], [73.45105, 4.68952], [73.45119, 4.68944], [73.45125, 4.68912], [73.45164, 4.6882], [73.45181, 4.68796], [73.45173, 4.6889], [73.45185, 4.68895], [73.45173, 4.68899], [73.45173, 4.68917], [73.45164, 4.68917], [73.45159, 4.68987], [73.45146, 4.68998], [73.45146, 4.69025], [73.45158, 4.69032], [73.45137, 4.69043], [73.45144, 4.69056], [73.45128, 4.69079], [73.45125, 4.69108], [73.4511, 4.69115], [73.45119, 4.69133], [73.45101, 4.69142], [73.45097, 4.69179], [73.45078, 4.69209], [73.45047, 4.69214], [73.45047, 4.69223], [73.45013, 4.69234]]]}}, {"type": "Feature", "properties": {"id": "Z14-005", "kind": "island", "lat": 4.73036, "lon": 73.48622, "area_km2": 0.0007, "zone": "Z14"}, "geometry": {"type": "Polygon", "coordinates": [[[73.48623, 4.73023], [73.48651, 4.7305], [73.486, 4.73044], [73.48623, 4.73023]]]}}, {"type": "Feature", "properties": {"id": "Z14-004", "kind": "island", "lat": 4.73599, "lon": 73.49994, "area_km2": 0.1672, "zone": "Z14"}, "geometry": {"type": "Polygon", "coordinates": [[[73.49907, 4.73795], [73.49924, 4.73768], [73.49814, 4.73619], [73.49772, 4.73641], [73.49745, 4.73616], [73.49715, 4.73573], [73.4971, 4.73526], [73.49783, 4.7352], [73.49896, 4.73432], [73.49948, 4.73423], [73.50015, 4.73395], [73.50052, 4.73397], [73.50137, 4.73457], [73.50257, 4.73581], [73.50253, 4.73652], [73.50151, 4.73768], [73.50033, 4.73764], [73.49934, 4.73795], [73.49907, 4.73795]]]}}, {"type": "Feature", "properties": {"id": "Z14-003", "kind": "island", "lat": 4.73804, "lon": 73.49894, "area_km2": 0.0003, "zone": "Z14"}, "geometry": {"type": "Polygon", "coordinates": [[[73.49907, 4.73795], [73.499, 4.73809], [73.4988, 4.73813], [73.49887, 4.73799], [73.49907, 4.73795]]]}}, {"type": "Feature", "properties": {"id": "Z14-002", "kind": "island", "lat": 4.7382, "lon": 73.49876, "area_km2": 0.0001, "zone": "Z14"}, "geometry": {"type": "Polygon", "coordinates": [[[73.4988, 4.73813], [73.49877, 4.73824], [73.49869, 4.73816], [73.4988, 4.73813]]]}}, {"type": "Feature", "properties": {"id": "Z14-001", "kind": "island", "lat": 4.78613, "lon": 73.42772, "area_km2": 0.0297, "zone": "Z14"}, "geometry": {"type": "Polygon", "coordinates": [[[73.42755, 4.78638], [73.42743, 4.78651], [73.42687, 4.78659], [73.42635, 4.78632], [73.42545, 4.78635], [73.42546, 4.78612], [73.42894, 4.78575], [73.43098, 4.78565], [73.43112, 4.78579], [73.43111, 4.78596], [73.42995, 4.78615], [73.42755, 4.78638]]]}}, {"type": "Feature", "properties": {"id": "Z13-005", "kind": "island", "lat": 4.87968, "lon": 73.00227, "area_km2": 0.0003, "zone": "Z13"}, "geometry": {"type": "Polygon", "coordinates": [[[73.00239, 4.87981], [73.00209, 4.87975], [73.0023, 4.87962], [73.00239, 4.87981]]]}}, {"type": "Feature", "properties": {"id": "Z13-006", "kind": "island", "lat": 4.87099, "lon": 72.9977, "area_km2": 1.4708, "zone": "Z13"}, "geometry": {"type": "Polygon", "coordinates": [[[72.999, 4.87944], [72.99957, 4.87957], [73.00001, 4.87996], [72.99932, 4.8802], [72.99885, 4.87984], [72.99848, 4.87975], [72.99806, 4.87953], [72.99734, 4.87936], [72.99704, 4.87872], [72.99592, 4.87877], [72.99568, 4.87912], [72.99523, 4.87863], [72.99422, 4.87876], [72.99342, 4.87848], [72.99286, 4.87809], [72.99274, 4.87725], [72.99342, 4.87642], [72.99438, 4.87459], [72.9947, 4.87324], [72.99482, 4.87048], [72.99503, 4.86902], [72.99521, 4.86902], [72.99521, 4.86866], [72.99508, 4.86815], [72.9953, 4.86749], [72.99536, 4.8668], [72.99572, 4.86518], [72.99535, 4.86225], [72.9959, 4.8618], [72.99637, 4.8617], [72.99717, 4.86228], [72.99754, 4.86273], [72.99853, 4.86364], [72.99971, 4.86528], [73.00027, 4.86683], [73.00044, 4.86754], [73.00037, 4.86916], [73.00024, 4.86929], [73.00045, 4.86976], [73.00055, 4.87086], [73.00076, 4.87174], [73.00117, 4.87257], [73.00131, 4.87332], [73.00177, 4.87423], [73.0019, 4.8743], [73.00194, 4.8745], [73.00264, 4.87498], [73.00318, 4.87508], [73.00369, 4.8749], [73.00485, 4.87481], [73.0066, 4.87517], [73.00754, 4.8749], [73.00783, 4.87528], [73.00738, 4.87657], [73.00664, 4.87778], [73.00558, 4.87876], [73.005, 4.87881], [73.005, 4.87872], [73.00469, 4.87851], [73.00441, 4.87869], [73.00437, 4.87908], [73.00448, 4.87929], [73.00437, 4.87935], [73.00437, 4.87944], [73.00329, 4.87935], [73.00329, 4.87944], [73.00252, 4.87947], [73.00221, 4.87953], [73.00172, 4.87976], [73.00109, 4.87981], [73.00149, 4.87925], [73.00096, 4.87863], [72.99926, 4.87811], [72.99834, 4.87814], [72.99822, 4.87871], [72.999, 4.87944]]]}}, {"type": "Feature", "properties": {"id": "Z13-004", "kind": "island", "lat": 4.88125, "lon": 72.97208, "area_km2": 0.1737, "zone": "Z13"}, "geometry": {"type": "Polygon", "coordinates": [[[72.96772, 4.88222], [72.96745, 4.88252], [72.96705, 4.88263], [72.9643, 4.88322], [72.9631, 4.8833], [72.96325, 4.88305], [72.96493, 4.88253], [72.96583, 4.88204], [72.96669, 4.88181], [72.96772, 4.88213], [72.96826, 4.88195], [72.96835, 4.88183], [72.96871, 4.88177], [72.9692, 4.88145], [72.97101, 4.88062], [72.97178, 4.88018], [72.97194, 4.88025], [72.97221, 4.87999], [72.97405, 4.8793], [72.97554, 4.87886], [72.97621, 4.87927], [72.97699, 4.87963], [72.97728, 4.8799], [72.97662, 4.88049], [72.97572, 4.8807], [72.9754, 4.88092], [72.97398, 4.88144], [72.97077, 4.88159], [72.96925, 4.88195], [72.96862, 4.88195], [72.96772, 4.88222]]]}}, {"type": "Feature", "properties": {"id": "Z13-003", "kind": "island", "lat": 4.88355, "lon": 72.96282, "area_km2": 0.0001, "zone": "Z13"}, "geometry": {"type": "Polygon", "coordinates": [[[72.96284, 4.88359], [72.96276, 4.88351], [72.96287, 4.88348], [72.96284, 4.88359]]]}}, {"type": "Feature", "properties": {"id": "Z13-002", "kind": "island", "lat": 4.88402, "lon": 72.96083, "area_km2": 0.0207, "zone": "Z13"}, "geometry": {"type": "Polygon", "coordinates": [[[72.95933, 4.8847], [72.95835, 4.8847], [72.95851, 4.88453], [72.95856, 4.88465], [72.95865, 4.88465], [72.95902, 4.88439], [72.9612, 4.8835], [72.96179, 4.88366], [72.96179, 4.88357], [72.96206, 4.88357], [72.96219, 4.88384], [72.96127, 4.88419], [72.95933, 4.8847]]]}}, {"type": "Feature", "properties": {"id": "Z13-001", "kind": "island", "lat": 4.8846, "lon": 72.93526, "area_km2": 0.2046, "zone": "Z13"}, "geometry": {"type": "Polygon", "coordinates": [[[72.9365, 4.88575], [72.93552, 4.88596], [72.93421, 4.886], [72.93188, 4.88582], [72.92994, 4.88578], [72.9294, 4.88567], [72.92909, 4.88579], [72.92764, 4.88595], [72.92685, 4.8853], [72.92668, 4.88504], [72.92741, 4.88498], [72.92747, 4.8851], [72.92798, 4.88513], [72.92828, 4.88528], [72.9284, 4.88515], [72.9313, 4.88491], [72.93224, 4.88474], [72.93242, 4.88465], [72.93242, 4.88456], [72.93268, 4.88456], [72.93268, 4.88447], [72.93295, 4.88447], [72.93408, 4.88414], [72.93412, 4.8842], [72.9352, 4.88382], [72.93781, 4.88348], [72.93781, 4.88339], [72.93807, 4.88339], [72.93807, 4.88348], [72.93834, 4.88326], [72.93843, 4.88339], [72.93888, 4.8833], [72.93888, 4.88321], [72.9396, 4.88321], [72.9396, 4.8833], [72.9399, 4.88335], [72.94023, 4.88393], [72.94044, 4.88397], [72.94023, 4.88402], [72.94023, 4.88411], [72.93981, 4.88432], [72.93933, 4.88438], [72.93933, 4.88447], [72.93869, 4.88437], [72.93725, 4.88494], [72.93679, 4.88552], [72.9365, 4.88575]]]}}, {"type": "Feature", "properties": {"id": "Z12-001", "kind": "island", "lat": 4.95686, "lon": 73.46415, "area_km2": 2.677, "zone": "Z12"}, "geometry": {"type": "Polygon", "coordinates": [[[73.46714, 4.96585], [73.46668, 4.96613], [73.46626, 4.96627], [73.46551, 4.96627], [73.46512, 4.96612], [73.46503, 4.96595], [73.46424, 4.96552], [73.46403, 4.96505], [73.46423, 4.96469], [73.46413, 4.96406], [73.46368, 4.96316], [73.4635, 4.96307], [73.46289, 4.9621], [73.46241, 4.96189], [73.46223, 4.96128], [73.46174, 4.96067], [73.4611, 4.96001], [73.4608, 4.95993], [73.4607, 4.96006], [73.46031, 4.95952], [73.45914, 4.95827], [73.45869, 4.95756], [73.45775, 4.95678], [73.45568, 4.95606], [73.4555, 4.95606], [73.4555, 4.95597], [73.45389, 4.95517], [73.45251, 4.95475], [73.45119, 4.95454], [73.45044, 4.95435], [73.45038, 4.95427], [73.44967, 4.95422], [73.44946, 4.95423], [73.44901, 4.95454], [73.44795, 4.95448], [73.44787, 4.95391], [73.44769, 4.95391], [73.44769, 4.95364], [73.44786, 4.95358], [73.44823, 4.95238], [73.44823, 4.95193], [73.44832, 4.95193], [73.44832, 4.95166], [73.44841, 4.95166], [73.44841, 4.95148], [73.4485, 4.95148], [73.44857, 4.95122], [73.44877, 4.9513], [73.44951, 4.95011], [73.44975, 4.95004], [73.44975, 4.94996], [73.45002, 4.94987], [73.45002, 4.94978], [73.4502, 4.94978], [73.45044, 4.94961], [73.45056, 4.94969], [73.45062, 4.94957], [73.45092, 4.94942], [73.45092, 4.94933], [73.45185, 4.94888], [73.45191, 4.94897], [73.4523, 4.94872], [73.45398, 4.94825], [73.45398, 4.94816], [73.45416, 4.94816], [73.45416, 4.94807], [73.45434, 4.94807], [73.45434, 4.94798], [73.45443, 4.94798], [73.45443, 4.94789], [73.45452, 4.94789], [73.45452, 4.9478], [73.45461, 4.9478], [73.45495, 4.94744], [73.45539, 4.9473], [73.45615, 4.94732], [73.45788, 4.9477], [73.45974, 4.94826], [73.46056, 4.94859], [73.46191, 4.94921], [73.4637, 4.95017], [73.46568, 4.95152], [73.46797, 4.9537], [73.46874, 4.95475], [73.46992, 4.95602], [73.47027, 4.95649], [73.47128, 4.95829], [73.47162, 4.95932], [73.47172, 4.96089], [73.47152, 4.96203], [73.47099, 4.96323], [73.47047, 4.96409], [73.47016, 4.9645], [73.46947, 4.96491], [73.46884, 4.96546], [73.46831, 4.96571], [73.46714, 4.96585]]]}}, {"type": "Feature", "properties": {"id": "Z11-064", "kind": "island", "lat": 5.00134, "lon": 72.90597, "area_km2": 0.1757, "zone": "Z11"}, "geometry": {"type": "Polygon", "coordinates": [[[72.90571, 4.99943], [72.90713, 4.99971], [72.90799, 5.00006], [72.90836, 5.00047], [72.90847, 5.00118], [72.90815, 5.00197], [72.90744, 5.00317], [72.90611, 5.00327], [72.90518, 5.00276], [72.90426, 5.00192], [72.90379, 5.00174], [72.90357, 5.0015], [72.9034, 5.00061], [72.9041, 4.99965], [72.90462, 4.99941], [72.90565, 4.99936], [72.90571, 4.99943]]]}}, {"type": "Feature", "properties": {"id": "Z11-062", "kind": "island", "lat": 5.00794, "lon": 72.85727, "area_km2": 0.0391, "zone": "Z11"}, "geometry": {"type": "Polygon", "coordinates": [[[72.85759, 5.00817], [72.85592, 5.00974], [72.85559, 5.00992], [72.85585, 5.0093], [72.85597, 5.00924], [72.85678, 5.0079], [72.85696, 5.00781], [72.85727, 5.00722], [72.85778, 5.00682], [72.85865, 5.00643], [72.85875, 5.00655], [72.85893, 5.00646], [72.85908, 5.00616], [72.8592, 5.0061], [72.85975, 5.00601], [72.85996, 5.0062], [72.85947, 5.00658], [72.8592, 5.00628], [72.85913, 5.00668], [72.85884, 5.00691], [72.85864, 5.00721], [72.85839, 5.00727], [72.8583, 5.00745], [72.85812, 5.00754], [72.85812, 5.00763], [72.85803, 5.00763], [72.85786, 5.0079], [72.85777, 5.0079], [72.85777, 5.00808], [72.85768, 5.00808], [72.85768, 5.00817], [72.85759, 5.00817]]]}}, {"type": "Feature", "properties": {"id": "Z11-063", "kind": "island", "lat": 5.00766, "lon": 72.92329, "area_km2": 0.3009, "zone": "Z11"}, "geometry": {"type": "Polygon", "coordinates": [[[72.92223, 5.01043], [72.92205, 5.01073], [72.92184, 5.00916], [72.92023, 5.00566], [72.92024, 5.00506], [72.92049, 5.00458], [72.92105, 5.00431], [72.9219, 5.00421], [72.922, 5.00431], [72.92367, 5.00444], [72.92423, 5.00473], [72.92467, 5.00518], [72.92536, 5.00686], [72.92554, 5.00846], [72.92536, 5.00984], [72.92509, 5.01011], [72.92418, 5.01064], [72.92377, 5.01021], [72.92223, 5.01043]]]}}, {"type": "Feature", "properties": {"id": "Z11-061", "kind": "island", "lat": 5.00912, "lon": 72.94223, "area_km2": 0.2902, "zone": "Z11"}, "geometry": {"type": "Polygon", "coordinates": [[[72.94582, 5.00948], [72.94567, 5.00983], [72.94539, 5.00991], [72.94509, 5.01013], [72.94492, 5.01053], [72.94472, 5.01059], [72.94467, 5.01091], [72.94415, 5.01191], [72.9438, 5.01197], [72.94299, 5.01167], [72.94191, 5.01057], [72.94121, 5.00963], [72.94056, 5.00929], [72.93994, 5.00928], [72.93956, 5.00946], [72.9393, 5.00973], [72.93851, 5.01007], [72.9382, 5.00931], [72.93821, 5.00848], [72.93794, 5.00782], [72.93793, 5.00714], [72.9387, 5.00652], [72.93927, 5.00633], [72.93975, 5.00642], [72.94026, 5.00695], [72.94324, 5.00776], [72.94528, 5.00823], [72.94562, 5.00844], [72.94596, 5.00832], [72.94647, 5.00896], [72.94582, 5.00948]]]}}, {"type": "Feature", "properties": {"id": "Z11-059", "kind": "island", "lat": 5.01237, "lon": 72.94413, "area_km2": 0.001, "zone": "Z11"}, "geometry": {"type": "Polygon", "coordinates": [[[72.94424, 5.01259], [72.94405, 5.0125], [72.94397, 5.01225], [72.94427, 5.01221], [72.94424, 5.01259]]]}}, {"type": "Feature", "properties": {"id": "Z11-060", "kind": "island", "lat": 5.01156, "lon": 72.95175, "area_km2": 0.0711, "zone": "Z11"}, "geometry": {"type": "Polygon", "coordinates": [[[72.95339, 5.01144], [72.95322, 5.01163], [72.95249, 5.01186], [72.9515, 5.01233], [72.95026, 5.01315], [72.94989, 5.01292], [72.95, 5.01192], [72.95047, 5.01113], [72.95157, 5.01041], [72.95176, 5.01002], [72.95206, 5.00986], [72.95254, 5.0103], [72.95279, 5.01069], [72.95317, 5.01095], [72.95321, 5.01084], [72.95335, 5.01104], [72.95362, 5.01093], [72.95401, 5.01144], [72.95339, 5.01144]]]}}, {"type": "Feature", "properties": {"id": "Z11-058", "kind": "island", "lat": 5.01444, "lon": 72.96366, "area_km2": 0.0002, "zone": "Z11"}, "geometry": {"type": "Polygon", "coordinates": [[[72.96371, 5.01448], [72.96347, 5.0144], [72.96377, 5.01436], [72.96371, 5.01448]]]}}, {"type": "Feature", "properties": {"id": "Z11-057", "kind": "island", "lat": 5.01576, "lon": 72.96622, "area_km2": 0.0018, "zone": "Z11"}, "geometry": {"type": "Polygon", "coordinates": [[[72.96632, 5.01568], [72.96658, 5.01585], [72.96609, 5.01593], [72.96589, 5.01557], [72.96628, 5.01553], [72.96632, 5.01568]]]}}, {"type": "Feature", "properties": {"id": "Z11-056", "kind": "island", "lat": 5.02269, "lon": 72.84039, "area_km2": 0.2355, "zone": "Z11"}, "geometry": {"type": "Polygon", "coordinates": [[[72.83908, 5.02522], [72.8385, 5.02537], [72.83728, 5.02547], [72.83715, 5.02519], [72.83742, 5.02373], [72.8378, 5.02235], [72.83846, 5.02139], [72.83921, 5.02073], [72.84003, 5.02025], [72.84097, 5.0202], [72.8412, 5.02043], [72.84116, 5.02112], [72.84169, 5.02176], [72.84256, 5.02223], [72.84316, 5.0222], [72.84325, 5.02253], [72.84064, 5.02503], [72.84024, 5.02521], [72.83908, 5.02522]]]}}, {"type": "Feature", "properties": {"id": "Z11-055", "kind": "island", "lat": 5.0395, "lon": 72.88166, "area_km2": 0.1011, "zone": "Z11"}, "geometry": {"type": "Polygon", "coordinates": [[[72.88265, 5.04051], [72.88276, 5.04055], [72.88265, 5.0406], [72.88258, 5.04083], [72.88191, 5.04161], [72.88118, 5.04183], [72.88074, 5.04179], [72.88064, 5.04072], [72.88049, 5.04033], [72.88037, 5.04022], [72.88071, 5.03834], [72.88059, 5.03694], [72.88094, 5.03696], [72.88112, 5.03736], [72.88143, 5.03741], [72.88208, 5.03789], [72.88258, 5.03855], [72.88278, 5.03904], [72.88287, 5.03996], [72.88274, 5.04006], [72.88274, 5.04015], [72.88285, 5.04019], [72.88265, 5.04033], [72.88265, 5.04051]]]}}, {"type": "Feature", "properties": {"id": "Z11-054", "kind": "island", "lat": 5.06201, "lon": 72.83724, "area_km2": 0.0061, "zone": "Z11"}, "geometry": {"type": "Polygon", "coordinates": [[[72.83794, 5.06191], [72.83694, 5.06237], [72.83662, 5.06224], [72.8368, 5.06185], [72.83706, 5.06173], [72.83719, 5.0618], [72.83751, 5.06167], [72.83794, 5.06191]]]}}, {"type": "Feature", "properties": {"id": "Z11-053", "kind": "island", "lat": 5.06318, "lon": 73.03138, "area_km2": 0.0518, "zone": "Z11"}, "geometry": {"type": "Polygon", "coordinates": [[[73.03304, 5.06268], [73.03312, 5.06323], [73.03333, 5.0634], [73.03315, 5.06355], [73.03152, 5.06364], [73.0311, 5.06387], [73.03018, 5.06408], [73.02983, 5.0639], [73.02965, 5.06352], [73.02966, 5.06314], [73.02995, 5.063], [73.0302, 5.06274], [73.031, 5.06247], [73.03203, 5.06222], [73.03304, 5.06268]]]}}, {"type": "Feature", "properties": {"id": "Z11-052", "kind": "island", "lat": 5.06378, "lon": 72.85616, "area_km2": 0.0101, "zone": "Z11"}, "geometry": {"type": "Polygon", "coordinates": [[[72.85615, 5.06341], [72.85686, 5.06357], [72.857, 5.06399], [72.85537, 5.06408], [72.85539, 5.06356], [72.85615, 5.06341]]]}}, {"type": "Feature", "properties": {"id": "Z11-051", "kind": "island", "lat": 5.0641, "lon": 72.85742, "area_km2": 0.0003, "zone": "Z11"}, "geometry": {"type": "Polygon", "coordinates": [[[72.85744, 5.06417], [72.85728, 5.06403], [72.85759, 5.06395], [72.85744, 5.06417]]]}}, {"type": "Feature", "properties": {"id": "Z11-050", "kind": "island", "lat": 5.07116, "lon": 73.03205, "area_km2": 0.0093, "zone": "Z11"}, "geometry": {"type": "Polygon", "coordinates": [[[73.03231, 5.07078], [73.03249, 5.07087], [73.03258, 5.07114], [73.03269, 5.07118], [73.03258, 5.07123], [73.03253, 5.07141], [73.03186, 5.07162], [73.03139, 5.07152], [73.03149, 5.07106], [73.03184, 5.07082], [73.03222, 5.07078], [73.03226, 5.07066], [73.03231, 5.07078]]]}}, {"type": "Feature", "properties": {"id": "Z11-049", "kind": "island", "lat": 5.0784, "lon": 72.87819, "area_km2": 0.0076, "zone": "Z11"}, "geometry": {"type": "Polygon", "coordinates": [[[72.87735, 5.07759], [72.87744, 5.07788], [72.8778, 5.07788], [72.87789, 5.07805], [72.87891, 5.0787], [72.87866, 5.07882], [72.87725, 5.07805], [72.87717, 5.07779], [72.87687, 5.07754], [72.87735, 5.07759]]]}}, {"type": "Feature", "properties": {"id": "Z11-048", "kind": "island", "lat": 5.09255, "lon": 73.06344, "area_km2": 0.1896, "zone": "Z11"}, "geometry": {"type": "Polygon", "coordinates": [[[73.06593, 5.09288], [73.06534, 5.0932], [73.06288, 5.09382], [73.06159, 5.0945], [73.06081, 5.09471], [73.0597, 5.09475], [73.05939, 5.09447], [73.05948, 5.09397], [73.06009, 5.09294], [73.06056, 5.09262], [73.06078, 5.0927], [73.06096, 5.09252], [73.06102, 5.09234], [73.0618, 5.09171], [73.06407, 5.09098], [73.06483, 5.09063], [73.06513, 5.09032], [73.06527, 5.09031], [73.06621, 5.09139], [73.06593, 5.09288]]]}}, {"type": "Feature", "properties": {"id": "Z11-047", "kind": "island", "lat": 5.10281, "lon": 73.07022, "area_km2": 0.4893, "zone": "Z11"}, "geometry": {"type": "Polygon", "coordinates": [[[73.07293, 5.10327], [73.07169, 5.10454], [73.0717, 5.10487], [73.07155, 5.10545], [73.07079, 5.10575], [73.06782, 5.10586], [73.06696, 5.10564], [73.06671, 5.10518], [73.06627, 5.10463], [73.06599, 5.10313], [73.06618, 5.10259], [73.06695, 5.1019], [73.07116, 5.10007], [73.0747, 5.09934], [73.07545, 5.0995], [73.07604, 5.10016], [73.07619, 5.10068], [73.07599, 5.10123], [73.07514, 5.10232], [73.07453, 5.10258], [73.07393, 5.10325], [73.07329, 5.10303], [73.07293, 5.10327]]]}}, {"type": "Feature", "properties": {"id": "Z11-046", "kind": "island", "lat": 5.11265, "lon": 73.07711, "area_km2": 0.3558, "zone": "Z11"}, "geometry": {"type": "Polygon", "coordinates": [[[73.08261, 5.10901], [73.08294, 5.10919], [73.08292, 5.10957], [73.08176, 5.11091], [73.08019, 5.11234], [73.07908, 5.11297], [73.0781, 5.11368], [73.07728, 5.11406], [73.07612, 5.11493], [73.07597, 5.11498], [73.07562, 5.11532], [73.07425, 5.11582], [73.07317, 5.1161], [73.07278, 5.11561], [73.0731, 5.11469], [73.07376, 5.11358], [73.07535, 5.11177], [73.07836, 5.10984], [73.07953, 5.10932], [73.08114, 5.1089], [73.08261, 5.10901]]]}}, {"type": "Feature", "properties": {"id": "Z11-044", "kind": "island", "lat": 5.13449, "lon": 72.90749, "area_km2": 0.0001, "zone": "Z11"}, "geometry": {"type": "Polygon", "coordinates": [[[72.90753, 5.13456], [72.90742, 5.13453], [72.9075, 5.13445], [72.90753, 5.13456]]]}}, {"type": "Feature", "properties": {"id": "Z11-045", "kind": "island", "lat": 5.13357, "lon": 72.91038, "area_km2": 0.1009, "zone": "Z11"}, "geometry": {"type": "Polygon", "coordinates": [[[72.91297, 5.13344], [72.91314, 5.13393], [72.91274, 5.13427], [72.91168, 5.13452], [72.90852, 5.13456], [72.9074, 5.13423], [72.90753, 5.13411], [72.90757, 5.13368], [72.90793, 5.13347], [72.90841, 5.13322], [72.90897, 5.13312], [72.90929, 5.13297], [72.90942, 5.13303], [72.90948, 5.13294], [72.91041, 5.13267], [72.91049, 5.13255], [72.91096, 5.13265], [72.91104, 5.13276], [72.9116, 5.13261], [72.91224, 5.13284], [72.91297, 5.13344]]]}}, {"type": "Feature", "properties": {"id": "Z11-043", "kind": "island", "lat": 5.13464, "lon": 72.90767, "area_km2": 0.0003, "zone": "Z11"}, "geometry": {"type": "Polygon", "coordinates": [[[72.90753, 5.13456], [72.90792, 5.1346], [72.90761, 5.13468], [72.90753, 5.13456]]]}}, {"type": "Feature", "properties": {"id": "Z11-042", "kind": "island", "lat": 5.13473, "lon": 72.90832, "area_km2": 0.0002, "zone": "Z11"}, "geometry": {"type": "Polygon", "coordinates": [[[72.90837, 5.13476], [72.90813, 5.13469], [72.90843, 5.13465], [72.90837, 5.13476]]]}}, {"type": "Feature", "properties": {"id": "Z11-041", "kind": "island", "lat": 5.13481, "lon": 72.91015, "area_km2": 0.0001, "zone": "Z11"}, "geometry": {"type": "Polygon", "coordinates": [[[72.91018, 5.13485], [72.91002, 5.13478], [72.91023, 5.13474], [72.91018, 5.13485]]]}}, {"type": "Feature", "properties": {"id": "Z11-040", "kind": "island", "lat": 5.13482, "lon": 72.90895, "area_km2": 0.0002, "zone": "Z11"}, "geometry": {"type": "Polygon", "coordinates": [[[72.909, 5.13485], [72.90876, 5.13478], [72.90906, 5.13474], [72.909, 5.13485]]]}}, {"type": "Feature", "properties": {"id": "Z11-039", "kind": "island", "lat": 5.13491, "lon": 73.10762, "area_km2": 0.2309, "zone": "Z11"}, "geometry": {"type": "Polygon", "coordinates": [[[73.11077, 5.13307], [73.11005, 5.13456], [73.10974, 5.13483], [73.10978, 5.13537], [73.10882, 5.13676], [73.10838, 5.13718], [73.10768, 5.1373], [73.10656, 5.1371], [73.1058, 5.13646], [73.10545, 5.13564], [73.1052, 5.13541], [73.10512, 5.13518], [73.10541, 5.13504], [73.10565, 5.1345], [73.1053, 5.13417], [73.10586, 5.13345], [73.10669, 5.13312], [73.10669, 5.13303], [73.1069, 5.1329], [73.10766, 5.13258], [73.11044, 5.13236], [73.11096, 5.13273], [73.11095, 5.13291], [73.11077, 5.13307]]]}}, {"type": "Feature", "properties": {"id": "Z11-038", "kind": "island", "lat": 5.14122, "lon": 73.11495, "area_km2": 0.1547, "zone": "Z11"}, "geometry": {"type": "Polygon", "coordinates": [[[73.11572, 5.14224], [73.11497, 5.14289], [73.1142, 5.14327], [73.11279, 5.14354], [73.11238, 5.1434], [73.11214, 5.14315], [73.11256, 5.14209], [73.11347, 5.14107], [73.11414, 5.14018], [73.1152, 5.13944], [73.11658, 5.13883], [73.11726, 5.13938], [73.1176, 5.1402], [73.1164, 5.14136], [73.11603, 5.14193], [73.11585, 5.14201], [73.11572, 5.14224]]]}}, {"type": "Feature", "properties": {"id": "Z11-037", "kind": "island", "lat": 5.15657, "lon": 73.13209, "area_km2": 0.6058, "zone": "Z11"}, "geometry": {"type": "Polygon", "coordinates": [[[73.12982, 5.16003], [73.12828, 5.16011], [73.12816, 5.15998], [73.12587, 5.16011], [73.12517, 5.15991], [73.12489, 5.15956], [73.12425, 5.15917], [73.12437, 5.15838], [73.12464, 5.1581], [73.12662, 5.15709], [73.12748, 5.15679], [73.12762, 5.15684], [73.12769, 5.15669], [73.12798, 5.15666], [73.12838, 5.15634], [73.12973, 5.15579], [73.13063, 5.15526], [73.13161, 5.15483], [73.13202, 5.15477], [73.13422, 5.15356], [73.13491, 5.15329], [73.13563, 5.15319], [73.13608, 5.15322], [73.13651, 5.1537], [73.13642, 5.15378], [73.13663, 5.15407], [73.13674, 5.15462], [73.13612, 5.15562], [73.13602, 5.15628], [73.13637, 5.15729], [73.13607, 5.15815], [73.13513, 5.15874], [73.13477, 5.15855], [73.13319, 5.15916], [73.13334, 5.15974], [73.13263, 5.15987], [73.13158, 5.15974], [73.13099, 5.15976], [73.12982, 5.16003]]]}}, {"type": "Feature", "properties": {"id": "Z11-036", "kind": "island", "lat": 5.16259, "lon": 73.05324, "area_km2": 0.1148, "zone": "Z11"}, "geometry": {"type": "Polygon", "coordinates": [[[73.05099, 5.16406], [73.05033, 5.16396], [73.05005, 5.16379], [73.05, 5.16339], [73.04979, 5.16349], [73.04988, 5.16308], [73.05018, 5.16304], [73.05026, 5.16293], [73.05149, 5.16246], [73.05301, 5.16162], [73.05468, 5.16115], [73.05476, 5.16103], [73.0553, 5.16093], [73.05579, 5.16128], [73.05557, 5.16182], [73.05539, 5.16196], [73.05553, 5.16233], [73.05508, 5.16298], [73.05326, 5.16345], [73.05288, 5.16383], [73.05234, 5.16375], [73.05162, 5.16384], [73.05162, 5.16393], [73.05108, 5.16393], [73.05099, 5.16406]]]}}, {"type": "Feature", "properties": {"id": "Z11-035", "kind": "island", "lat": 5.17488, "lon": 72.99563, "area_km2": 0.1099, "zone": "Z11"}, "geometry": {"type": "Polygon", "coordinates": [[[72.99728, 5.17336], [72.99743, 5.17385], [72.9973, 5.1746], [72.997, 5.17543], [72.99675, 5.17578], [72.99565, 5.17658], [72.99481, 5.17691], [72.99402, 5.17642], [72.99391, 5.17517], [72.9943, 5.17444], [72.99646, 5.17297], [72.997, 5.17292], [72.99728, 5.17336]]]}}, {"type": "Feature", "properties": {"id": "Z11-034", "kind": "island", "lat": 5.18148, "lon": 73.03156, "area_km2": 0.0005, "zone": "Z11"}, "geometry": {"type": "Polygon", "coordinates": [[[73.03166, 5.18141], [73.03158, 5.18156], [73.03138, 5.18138], [73.03159, 5.18127], [73.03166, 5.18141]]]}}, {"type": "Feature", "properties": {"id": "Z11-033", "kind": "island", "lat": 5.18314, "lon": 73.13278, "area_km2": 0.0001, "zone": "Z11"}, "geometry": {"type": "Polygon", "coordinates": [[[73.1328, 5.18318], [73.13272, 5.1831], [73.13283, 5.18307], [73.1328, 5.18318]]]}}, {"type": "Feature", "properties": {"id": "Z11-032", "kind": "island", "lat": 5.1835, "lon": 73.13296, "area_km2": 0.0001, "zone": "Z11"}, "geometry": {"type": "Polygon", "coordinates": [[[73.13298, 5.18354], [73.1329, 5.18346], [73.13301, 5.18343], [73.13298, 5.18354]]]}}, {"type": "Feature", "properties": {"id": "Z11-031", "kind": "island", "lat": 5.18716, "lon": 73.16368, "area_km2": 0.0216, "zone": "Z11"}, "geometry": {"type": "Polygon", "coordinates": [[[73.16476, 5.18674], [73.16456, 5.1873], [73.16375, 5.18753], [73.16364, 5.18765], [73.16385, 5.18769], [73.16353, 5.18777], [73.16346, 5.18765], [73.1627, 5.18761], [73.16261, 5.1874], [73.16282, 5.18702], [73.16356, 5.18659], [73.1643, 5.18636], [73.16476, 5.18674]]]}}, {"type": "Feature", "properties": {"id": "Z11-030", "kind": "island", "lat": 5.18796, "lon": 73.12275, "area_km2": 0.1536, "zone": "Z11"}, "geometry": {"type": "Polygon", "coordinates": [[[73.12231, 5.18916], [73.12205, 5.18945], [73.12198, 5.18967], [73.12187, 5.18954], [73.1209, 5.18945], [73.12042, 5.18919], [73.12012, 5.18864], [73.12032, 5.18787], [73.12084, 5.18724], [73.12279, 5.18635], [73.12361, 5.18619], [73.12486, 5.18627], [73.12565, 5.1867], [73.12578, 5.187], [73.12541, 5.18767], [73.12493, 5.18839], [73.12445, 5.18882], [73.124, 5.18913], [73.12346, 5.18871], [73.12231, 5.18916]]]}}, {"type": "Feature", "properties": {"id": "Z11-029", "kind": "island", "lat": 5.19114, "lon": 73.13212, "area_km2": 0.1201, "zone": "Z11"}, "geometry": {"type": "Polygon", "coordinates": [[[73.13481, 5.19007], [73.13501, 5.19018], [73.13488, 5.19049], [73.13421, 5.19089], [73.13279, 5.19201], [73.13265, 5.19205], [73.13251, 5.19226], [73.1318, 5.19264], [73.13138, 5.1928], [73.13083, 5.19268], [73.13073, 5.19254], [73.13154, 5.19246], [73.13166, 5.19241], [73.13166, 5.19232], [73.13076, 5.19232], [73.13076, 5.19223], [73.13011, 5.19208], [73.13019, 5.19151], [73.13061, 5.19044], [73.13147, 5.18975], [73.13192, 5.18959], [73.13202, 5.18972], [73.13251, 5.1895], [73.13415, 5.1894], [73.13453, 5.18961], [73.13481, 5.19007]]]}}, {"type": "Feature", "properties": {"id": "Z11-027", "kind": "island", "lat": 5.19431, "lon": 73.09238, "area_km2": 0.001, "zone": "Z11"}, "geometry": {"type": "Polygon", "coordinates": [[[73.09232, 5.19412], [73.09262, 5.19439], [73.09239, 5.19452], [73.09218, 5.19423], [73.09232, 5.19412]]]}}, {"type": "Feature", "properties": {"id": "Z11-028", "kind": "island", "lat": 5.19395, "lon": 73.09058, "area_km2": 0.021, "zone": "Z11"}, "geometry": {"type": "Polygon", "coordinates": [[[73.09191, 5.19408], [73.09218, 5.19433], [73.09168, 5.19452], [73.09101, 5.19407], [73.09081, 5.19428], [73.09015, 5.19401], [73.0886, 5.19375], [73.0885, 5.19347], [73.09043, 5.1934], [73.0912, 5.19371], [73.09154, 5.19407], [73.09191, 5.19408]]]}}, {"type": "Feature", "properties": {"id": "Z11-026", "kind": "island", "lat": 5.20646, "lon": 73.08497, "area_km2": 0.1374, "zone": "Z11"}, "geometry": {"type": "Polygon", "coordinates": [[[73.08719, 5.20544], [73.08757, 5.20573], [73.08749, 5.20631], [73.08647, 5.20724], [73.08589, 5.20745], [73.08545, 5.20773], [73.08522, 5.20777], [73.08503, 5.20799], [73.08408, 5.20808], [73.08249, 5.20799], [73.08238, 5.20719], [73.08241, 5.20675], [73.08295, 5.20609], [73.08337, 5.20584], [73.08461, 5.20524], [73.08486, 5.20535], [73.08504, 5.20517], [73.08566, 5.20495], [73.08603, 5.20508], [73.08615, 5.20491], [73.08712, 5.20515], [73.08719, 5.20544]]]}}, {"type": "Feature", "properties": {"id": "Z11-025", "kind": "island", "lat": 5.2151, "lon": 73.12493, "area_km2": 0.2625, "zone": "Z11"}, "geometry": {"type": "Polygon", "coordinates": [[[73.12781, 5.2127], [73.12843, 5.21307], [73.12856, 5.21346], [73.12815, 5.21458], [73.12738, 5.21553], [73.12562, 5.21722], [73.12486, 5.21756], [73.12403, 5.21751], [73.12289, 5.21704], [73.12255, 5.2168], [73.12211, 5.21666], [73.12201, 5.21514], [73.12232, 5.21505], [73.12238, 5.21484], [73.1229, 5.21419], [73.12373, 5.21352], [73.1247, 5.21304], [73.12575, 5.21277], [73.12685, 5.21258], [73.12781, 5.2127]]]}}, {"type": "Feature", "properties": {"id": "Z11-023", "kind": "island", "lat": 5.21754, "lon": 73.15215, "area_km2": 0.0005, "zone": "Z11"}, "geometry": {"type": "Polygon", "coordinates": [[[73.15221, 5.21767], [73.15194, 5.21741], [73.15223, 5.21738], [73.15221, 5.21767]]]}}, {"type": "Feature", "properties": {"id": "Z11-024", "kind": "island", "lat": 5.21715, "lon": 73.15359, "area_km2": 0.0338, "zone": "Z11"}, "geometry": {"type": "Polygon", "coordinates": [[[73.15523, 5.21682], [73.15369, 5.21777], [73.1534, 5.21781], [73.15257, 5.21763], [73.15241, 5.21737], [73.15259, 5.21696], [73.15317, 5.21662], [73.15385, 5.21638], [73.15412, 5.21649], [73.15428, 5.2163], [73.15477, 5.21616], [73.15527, 5.21637], [73.15523, 5.21682]]]}}, {"type": "Feature", "properties": {"id": "Z11-022", "kind": "island", "lat": 5.23236, "lon": 72.87713, "area_km2": 0.0905, "zone": "Z11"}, "geometry": {"type": "Polygon", "coordinates": [[[72.8778, 5.23328], [72.87659, 5.23369], [72.87582, 5.23377], [72.8751, 5.23319], [72.87501, 5.23319], [72.87501, 5.23283], [72.8751, 5.23283], [72.87533, 5.23242], [72.87573, 5.23212], [72.8765, 5.23181], [72.87765, 5.23111], [72.87771, 5.23122], [72.8779, 5.23114], [72.87819, 5.23132], [72.87873, 5.23093], [72.87943, 5.23082], [72.87968, 5.23114], [72.87962, 5.23151], [72.87923, 5.23203], [72.8793, 5.23207], [72.87834, 5.23266], [72.87798, 5.23319], [72.8778, 5.23319], [72.8778, 5.23328]]]}}, {"type": "Feature", "properties": {"id": "Z11-020", "kind": "island", "lat": 5.23523, "lon": 73.13862, "area_km2": 0.0101, "zone": "Z11"}, "geometry": {"type": "Polygon", "coordinates": [[[73.13948, 5.23472], [73.13941, 5.23507], [73.13896, 5.23546], [73.13788, 5.23557], [73.13773, 5.23539], [73.13881, 5.23477], [73.13948, 5.23472]]]}}, {"type": "Feature", "properties": {"id": "Z11-019", "kind": "island", "lat": 5.23563, "lon": 73.16852, "area_km2": 0.0023, "zone": "Z11"}, "geometry": {"type": "Polygon", "coordinates": [[[73.16878, 5.23571], [73.16838, 5.23593], [73.16827, 5.23555], [73.16858, 5.23526], [73.16878, 5.23571]]]}}, {"type": "Feature", "properties": {"id": "Z11-018", "kind": "island", "lat": 5.23616, "lon": 73.16799, "area_km2": 0.0002, "zone": "Z11"}, "geometry": {"type": "Polygon", "coordinates": [[[73.168, 5.23627], [73.16792, 5.23604], [73.16804, 5.23598], [73.168, 5.23627]]]}}, {"type": "Feature", "properties": {"id": "Z11-017", "kind": "island", "lat": 5.23632, "lon": 73.1114, "area_km2": 0.0001, "zone": "Z11"}, "geometry": {"type": "Polygon", "coordinates": [[[73.11142, 5.23636], [73.11134, 5.23628], [73.11145, 5.23625], [73.11142, 5.23636]]]}}, {"type": "Feature", "properties": {"id": "Z11-021", "kind": "island", "lat": 5.23374, "lon": 73.1139, "area_km2": 0.1901, "zone": "Z11"}, "geometry": {"type": "Polygon", "coordinates": [[[73.11613, 5.23365], [73.11462, 5.23468], [73.11355, 5.23504], [73.11311, 5.2355], [73.11121, 5.23619], [73.11109, 5.23634], [73.11127, 5.23638], [73.11097, 5.23648], [73.11034, 5.23653], [73.11046, 5.23625], [73.11029, 5.23592], [73.11037, 5.23544], [73.11064, 5.2349], [73.11082, 5.23481], [73.11114, 5.23444], [73.11141, 5.23432], [73.11156, 5.23381], [73.11204, 5.23366], [73.11325, 5.23292], [73.11468, 5.23185], [73.11486, 5.23153], [73.11527, 5.23126], [73.11562, 5.23127], [73.11602, 5.231], [73.1168, 5.23127], [73.11716, 5.23181], [73.11715, 5.23217], [73.11613, 5.23365]]]}}, {"type": "Feature", "properties": {"id": "Z09-058", "kind": "island", "lat": 5.24417, "lon": 73.5167, "area_km2": 0.0016, "zone": "Z09"}, "geometry": {"type": "Polygon", "coordinates": [[[73.51708, 5.24406], [73.51676, 5.24437], [73.51646, 5.24418], [73.51668, 5.24394], [73.51708, 5.24406]]]}}, {"type": "Feature", "properties": {"id": "Z09-057", "kind": "island", "lat": 5.24449, "lon": 73.51706, "area_km2": 0.0004, "zone": "Z09"}, "geometry": {"type": "Polygon", "coordinates": [[[73.51718, 5.24456], [73.51673, 5.24458], [73.51713, 5.24442], [73.51718, 5.24456]]]}}, {"type": "Feature", "properties": {"id": "Z11-016", "kind": "island", "lat": 5.24845, "lon": 72.89353, "area_km2": 0.0275, "zone": "Z11"}, "geometry": {"type": "Polygon", "coordinates": [[[72.895, 5.24852], [72.8944, 5.24891], [72.89279, 5.24881], [72.89212, 5.24865], [72.89208, 5.24829], [72.89217, 5.24829], [72.89217, 5.2482], [72.89278, 5.24803], [72.89423, 5.24788], [72.89488, 5.24812], [72.895, 5.24852]]]}}, {"type": "Feature", "properties": {"id": "Z11-015", "kind": "island", "lat": 5.25204, "lon": 73.1422, "area_km2": 0.0136, "zone": "Z11"}, "geometry": {"type": "Polygon", "coordinates": [[[73.14413, 5.25251], [73.14338, 5.25245], [73.14279, 5.2525], [73.14224, 5.25235], [73.14106, 5.25178], [73.14096, 5.25158], [73.14154, 5.25152], [73.14232, 5.25195], [73.14429, 5.25237], [73.14413, 5.25251]]]}}, {"type": "Feature", "properties": {"id": "Z11-014", "kind": "island", "lat": 5.25521, "lon": 73.1636, "area_km2": 0.0779, "zone": "Z11"}, "geometry": {"type": "Polygon", "coordinates": [[[73.16355, 5.25278], [73.16373, 5.25278], [73.16373, 5.25287], [73.16382, 5.25287], [73.16412, 5.25341], [73.164, 5.2535], [73.16427, 5.25392], [73.16441, 5.25486], [73.16461, 5.25661], [73.16457, 5.2569], [73.16445, 5.257], [73.1644, 5.25721], [73.16413, 5.25734], [73.1638, 5.2573], [73.16322, 5.25647], [73.16282, 5.25555], [73.16262, 5.2544], [73.16271, 5.25346], [73.16291, 5.25294], [73.16347, 5.25265], [73.16355, 5.25278]]]}}, {"type": "Feature", "properties": {"id": "Z11-013", "kind": "island", "lat": 5.26223, "lon": 73.15526, "area_km2": 0.0348, "zone": "Z11"}, "geometry": {"type": "Polygon", "coordinates": [[[73.1562, 5.26206], [73.15613, 5.26292], [73.15577, 5.26323], [73.15502, 5.26311], [73.15455, 5.26286], [73.15429, 5.26239], [73.15448, 5.26194], [73.15453, 5.2614], [73.15484, 5.26131], [73.15549, 5.26123], [73.1562, 5.26206]]]}}, {"type": "Feature", "properties": {"id": "Z11-012", "kind": "island", "lat": 5.26401, "lon": 72.8761, "area_km2": 0.017, "zone": "Z11"}, "geometry": {"type": "Polygon", "coordinates": [[[72.87697, 5.26431], [72.87757, 5.26449], [72.87696, 5.2646], [72.87522, 5.26453], [72.87497, 5.26442], [72.87596, 5.26429], [72.87622, 5.26413], [72.87532, 5.26412], [72.87533, 5.26385], [72.87555, 5.26343], [72.87618, 5.26338], [72.87588, 5.26389], [72.87683, 5.26388], [72.87697, 5.26431]]]}}, {"type": "Feature", "properties": {"id": "Z11-011", "kind": "island", "lat": 5.26729, "lon": 73.12853, "area_km2": 0.0353, "zone": "Z11"}, "geometry": {"type": "Polygon", "coordinates": [[[73.12923, 5.26642], [73.12945, 5.26695], [73.12913, 5.26779], [73.12864, 5.26818], [73.1278, 5.26827], [73.12767, 5.26763], [73.12793, 5.26649], [73.12847, 5.26605], [73.12888, 5.26598], [73.12923, 5.26642]]]}}, {"type": "Feature", "properties": {"id": "Z11-009", "kind": "island", "lat": 5.26935, "lon": 73.16234, "area_km2": 0.0007, "zone": "Z11"}, "geometry": {"type": "Polygon", "coordinates": [[[73.1622, 5.26922], [73.1624, 5.26925], [73.1625, 5.26944], [73.16224, 5.26952], [73.1622, 5.26922]]]}}, {"type": "Feature", "properties": {"id": "Z11-010", "kind": "island", "lat": 5.26878, "lon": 73.16113, "area_km2": 0.0253, "zone": "Z11"}, "geometry": {"type": "Polygon", "coordinates": [[[73.1622, 5.26922], [73.16184, 5.26922], [73.16168, 5.26941], [73.16087, 5.26953], [73.16019, 5.2691], [73.16032, 5.2685], [73.16002, 5.26862], [73.16033, 5.26821], [73.16041, 5.26832], [73.16118, 5.2681], [73.16173, 5.26833], [73.16202, 5.26886], [73.16228, 5.26903], [73.1622, 5.26922]]]}}, {"type": "Feature", "properties": {"id": "Z09-056", "kind": "island", "lat": 5.27013, "lon": 73.57098, "area_km2": 0.0001, "zone": "Z09"}, "geometry": {"type": "Polygon", "coordinates": [[[73.57103, 5.2702], [73.57092, 5.27017], [73.571, 5.2701], [73.57103, 5.2702]]]}}, {"type": "Feature", "properties": {"id": "Z09-055", "kind": "island", "lat": 5.27025, "lon": 73.57107, "area_km2": 0.0001, "zone": "Z09"}, "geometry": {"type": "Polygon", "coordinates": [[[73.57103, 5.2702], [73.57112, 5.2702], [73.57112, 5.27029], [73.57103, 5.27029], [73.57103, 5.2702]]]}}, {"type": "Feature", "properties": {"id": "Z09-054", "kind": "island", "lat": 5.27036, "lon": 73.57116, "area_km2": 0.0001, "zone": "Z09"}, "geometry": {"type": "Polygon", "coordinates": [[[73.57112, 5.27029], [73.57123, 5.27033], [73.57115, 5.2704], [73.57112, 5.27029]]]}}, {"type": "Feature", "properties": {"id": "Z09-053", "kind": "island", "lat": 5.27324, "lon": 73.58719, "area_km2": 0.0593, "zone": "Z09"}, "geometry": {"type": "Polygon", "coordinates": [[[73.58851, 5.2746], [73.5881, 5.27414], [73.58775, 5.27392], [73.58675, 5.27368], [73.58414, 5.27227], [73.58348, 5.27223], [73.58359, 5.27193], [73.58423, 5.27209], [73.58423, 5.27218], [73.58445, 5.27209], [73.58483, 5.27222], [73.58508, 5.27242], [73.58599, 5.27258], [73.5866, 5.27284], [73.58886, 5.2733], [73.58928, 5.27346], [73.59004, 5.27395], [73.58998, 5.27434], [73.59023, 5.27425], [73.59074, 5.27445], [73.59031, 5.27458], [73.58963, 5.27446], [73.58851, 5.2746]]]}}, {"type": "Feature", "properties": {"id": "Z11-006", "kind": "island", "lat": 5.2747, "lon": 73.02531, "area_km2": 0.0194, "zone": "Z11"}, "geometry": {"type": "Polygon", "coordinates": [[[73.02561, 5.2742], [73.02597, 5.27452], [73.02606, 5.27488], [73.02558, 5.2755], [73.02487, 5.27546], [73.02458, 5.27513], [73.02463, 5.27422], [73.02561, 5.2742]]]}}, {"type": "Feature", "properties": {"id": "Z11-004", "kind": "island", "lat": 5.27561, "lon": 73.02, "area_km2": 0.0039, "zone": "Z11"}, "geometry": {"type": "Polygon", "coordinates": [[[73.02036, 5.27543], [73.02011, 5.27585], [73.01972, 5.27579], [73.01981, 5.27521], [73.02018, 5.27515], [73.02036, 5.27543]]]}}, {"type": "Feature", "properties": {"id": "Z11-008", "kind": "island", "lat": 5.27443, "lon": 73.03325, "area_km2": 0.0924, "zone": "Z11"}, "geometry": {"type": "Polygon", "coordinates": [[[73.03406, 5.27322], [73.03439, 5.27337], [73.03479, 5.27368], [73.03504, 5.27418], [73.03485, 5.27507], [73.03465, 5.27544], [73.03435, 5.27569], [73.03368, 5.27595], [73.03307, 5.2759], [73.03199, 5.2755], [73.03153, 5.27518], [73.03137, 5.27467], [73.03178, 5.27392], [73.03268, 5.27336], [73.03317, 5.27321], [73.03406, 5.27322]]]}}, {"type": "Feature", "properties": {"id": "Z11-007", "kind": "island", "lat": 5.27449, "lon": 73.04259, "area_km2": 0.0981, "zone": "Z11"}, "geometry": {"type": "Polygon", "coordinates": [[[73.04313, 5.27313], [73.04352, 5.27325], [73.0442, 5.27383], [73.0441, 5.27502], [73.04372, 5.27571], [73.04319, 5.27616], [73.0425, 5.27626], [73.04137, 5.27575], [73.04098, 5.27523], [73.04108, 5.27395], [73.04155, 5.27336], [73.04233, 5.27313], [73.04313, 5.27313]]]}}, {"type": "Feature", "properties": {"id": "Z11-003", "kind": "island", "lat": 5.27643, "lon": 72.99626, "area_km2": 0.0135, "zone": "Z11"}, "geometry": {"type": "Polygon", "coordinates": [[[72.99678, 5.27626], [72.99687, 5.27666], [72.99665, 5.27704], [72.99594, 5.27716], [72.99562, 5.27659], [72.99594, 5.27602], [72.99655, 5.27595], [72.99678, 5.27626]]]}}, {"type": "Feature", "properties": {"id": "Z11-005", "kind": "island", "lat": 5.27537, "lon": 73.0103, "area_km2": 0.1679, "zone": "Z11"}, "geometry": {"type": "Polygon", "coordinates": [[[73.00981, 5.27692], [73.00934, 5.27724], [73.00916, 5.27687], [73.00768, 5.2769], [73.00753, 5.27645], [73.00765, 5.27563], [73.00916, 5.27418], [73.01058, 5.27342], [73.01165, 5.27335], [73.01242, 5.27385], [73.01262, 5.27406], [73.01278, 5.27468], [73.01277, 5.27512], [73.01257, 5.27571], [73.01213, 5.27628], [73.01132, 5.27668], [73.00981, 5.27692]]]}}, {"type": "Feature", "properties": {"id": "Z09-052", "kind": "island", "lat": 5.27838, "lon": 73.60708, "area_km2": 0.2267, "zone": "Z09"}, "geometry": {"type": "Polygon", "coordinates": [[[73.60283, 5.27506], [73.60361, 5.27522], [73.60454, 5.27586], [73.60477, 5.27611], [73.60574, 5.27638], [73.60886, 5.27811], [73.60988, 5.2795], [73.61123, 5.28111], [73.61122, 5.28156], [73.61007, 5.28122], [73.60934, 5.28112], [73.60894, 5.28085], [73.60726, 5.28011], [73.60664, 5.27958], [73.60546, 5.27921], [73.60529, 5.27865], [73.60447, 5.27745], [73.60397, 5.2773], [73.60283, 5.27612], [73.60243, 5.27586], [73.60238, 5.27568], [73.60224, 5.27558], [73.60216, 5.27504], [73.60273, 5.27493], [73.60283, 5.27506]]]}}, {"type": "Feature", "properties": {"id": "Z09-051", "kind": "island", "lat": 5.28171, "lon": 73.62304, "area_km2": 0.0606, "zone": "Z09"}, "geometry": {"type": "Polygon", "coordinates": [[[73.62111, 5.27997], [73.6212, 5.28029], [73.6216, 5.28054], [73.62167, 5.28071], [73.62241, 5.28098], [73.62303, 5.28104], [73.62354, 5.28131], [73.62488, 5.28251], [73.62506, 5.28329], [73.62484, 5.2835], [73.62407, 5.28337], [73.62355, 5.28318], [73.62268, 5.28256], [73.62216, 5.28189], [73.62205, 5.28152], [73.62093, 5.28049], [73.62097, 5.28036], [73.62077, 5.28022], [73.62088, 5.28018], [73.62092, 5.27988], [73.62111, 5.27997]]]}}, {"type": "Feature", "properties": {"id": "Z11-002", "kind": "island", "lat": 5.28217, "lon": 73.13716, "area_km2": 0.1665, "zone": "Z11"}, "geometry": {"type": "Polygon", "coordinates": [[[73.13677, 5.27969], [73.13779, 5.28024], [73.13869, 5.28111], [73.13905, 5.28169], [73.13928, 5.28332], [73.13884, 5.28352], [73.13817, 5.28408], [73.13815, 5.28453], [73.13764, 5.28417], [73.13682, 5.28382], [73.13586, 5.28316], [73.13563, 5.28263], [73.1357, 5.28242], [73.13548, 5.28238], [73.13496, 5.28196], [73.13485, 5.28108], [73.13507, 5.28047], [73.13579, 5.27983], [73.13618, 5.27965], [73.13677, 5.27969]]]}}, {"type": "Feature", "properties": {"id": "Z09-050", "kind": "island", "lat": 5.28498, "lon": 73.50236, "area_km2": 0.1783, "zone": "Z09"}, "geometry": {"type": "Polygon", "coordinates": [[[73.5032, 5.2868], [73.50237, 5.28695], [73.50148, 5.28666], [73.50141, 5.28655], [73.50084, 5.28632], [73.50078, 5.28619], [73.50038, 5.28597], [73.50033, 5.28557], [73.50024, 5.2855], [73.50002, 5.28486], [73.50022, 5.28382], [73.5007, 5.28322], [73.50132, 5.28301], [73.5015, 5.28323], [73.50291, 5.28289], [73.50377, 5.28302], [73.50433, 5.28385], [73.50469, 5.2851], [73.50449, 5.28586], [73.50383, 5.28646], [73.50383, 5.28655], [73.5032, 5.2868]]]}}, {"type": "Feature", "properties": {"id": "Z09-049", "kind": "island", "lat": 5.28704, "lon": 73.50325, "area_km2": 0.0049, "zone": "Z09"}, "geometry": {"type": "Polygon", "coordinates": [[[73.50401, 5.28664], [73.50359, 5.28712], [73.50287, 5.28733], [73.50267, 5.28731], [73.50254, 5.28712], [73.50401, 5.28664]]]}}, {"type": "Feature", "properties": {"id": "Z11-001", "kind": "island", "lat": 5.28608, "lon": 73.11209, "area_km2": 0.1477, "zone": "Z11"}, "geometry": {"type": "Polygon", "coordinates": [[[73.11615, 5.28635], [73.11469, 5.28754], [73.11385, 5.28747], [73.11341, 5.28723], [73.11284, 5.28714], [73.11206, 5.28691], [73.11199, 5.28682], [73.1096, 5.2867], [73.10873, 5.28647], [73.10866, 5.28637], [73.10827, 5.28632], [73.10764, 5.28582], [73.10755, 5.28558], [73.10815, 5.28575], [73.10874, 5.28571], [73.10884, 5.28584], [73.1092, 5.28575], [73.10925, 5.28563], [73.10929, 5.28575], [73.10938, 5.28575], [73.11017, 5.28537], [73.11097, 5.28526], [73.11237, 5.2854], [73.11244, 5.28548], [73.1128, 5.28535], [73.11374, 5.28538], [73.11486, 5.2853], [73.11493, 5.28516], [73.11516, 5.28509], [73.11522, 5.28521], [73.11632, 5.28576], [73.11615, 5.28635]]]}}, {"type": "Feature", "properties": {"id": "Z10-008", "kind": "island", "lat": 5.29701, "lon": 72.96882, "area_km2": 0.0388, "zone": "Z10"}, "geometry": {"type": "Polygon", "coordinates": [[[72.96938, 5.2963], [72.96985, 5.29677], [72.96982, 5.29751], [72.96932, 5.29797], [72.96868, 5.29817], [72.96794, 5.29791], [72.96768, 5.29725], [72.96805, 5.29655], [72.9683, 5.29631], [72.96938, 5.2963]]]}}, {"type": "Feature", "properties": {"id": "Z10-009", "kind": "island", "lat": 5.29627, "lon": 73.05713, "area_km2": 0.1148, "zone": "Z10"}, "geometry": {"type": "Polygon", "coordinates": [[[73.05753, 5.29724], [73.05516, 5.29821], [73.05492, 5.29791], [73.05539, 5.29715], [73.05553, 5.29606], [73.05594, 5.29526], [73.05676, 5.2947], [73.05783, 5.29445], [73.05791, 5.29455], [73.05889, 5.2946], [73.05917, 5.29491], [73.05946, 5.29498], [73.05938, 5.29531], [73.05945, 5.29562], [73.05914, 5.29601], [73.0589, 5.29608], [73.0589, 5.29617], [73.05881, 5.29617], [73.05839, 5.29664], [73.05753, 5.29724]]]}}, {"type": "Feature", "properties": {"id": "Z10-007", "kind": "island", "lat": 5.30057, "lon": 73.07111, "area_km2": 0.1613, "zone": "Z10"}, "geometry": {"type": "Polygon", "coordinates": [[[73.07203, 5.29865], [73.07258, 5.29895], [73.07282, 5.29922], [73.07316, 5.29928], [73.07331, 5.29961], [73.07318, 5.29994], [73.07322, 5.30068], [73.07224, 5.30139], [73.07205, 5.30182], [73.07175, 5.30208], [73.0713, 5.30228], [73.07057, 5.30241], [73.06894, 5.30191], [73.06878, 5.30172], [73.06865, 5.30138], [73.06892, 5.30088], [73.06907, 5.30024], [73.06889, 5.29973], [73.06909, 5.29955], [73.06921, 5.29907], [73.07052, 5.29856], [73.07203, 5.29865]]]}}, {"type": "Feature", "properties": {"id": "Z09-048", "kind": "island", "lat": 5.3034, "lon": 73.48834, "area_km2": 0.003, "zone": "Z09"}, "geometry": {"type": "Polygon", "coordinates": [[[73.48825, 5.30366], [73.48789, 5.30356], [73.48802, 5.30335], [73.48811, 5.30335], [73.48818, 5.30321], [73.48838, 5.30317], [73.48847, 5.30305], [73.48876, 5.30334], [73.48825, 5.30366]]]}}, {"type": "Feature", "properties": {"id": "Z09-047", "kind": "island", "lat": 5.30748, "lon": 73.48277, "area_km2": 0.2199, "zone": "Z09"}, "geometry": {"type": "Polygon", "coordinates": [[[73.48091, 5.30881], [73.47977, 5.30923], [73.47921, 5.30909], [73.479, 5.30889], [73.47902, 5.30769], [73.47884, 5.30701], [73.4792, 5.30645], [73.4801, 5.30717], [73.48106, 5.30708], [73.48319, 5.30667], [73.48643, 5.30575], [73.48704, 5.30569], [73.48726, 5.30605], [73.48698, 5.30663], [73.487, 5.30706], [73.48536, 5.30875], [73.48441, 5.30914], [73.48265, 5.30888], [73.48091, 5.30881]]]}}, {"type": "Feature", "properties": {"id": "Z10-006", "kind": "island", "lat": 5.31661, "lon": 73.07766, "area_km2": 0.0029, "zone": "Z10"}, "geometry": {"type": "Polygon", "coordinates": [[[73.07775, 5.31704], [73.07767, 5.31692], [73.07746, 5.31699], [73.07756, 5.31607], [73.07786, 5.31639], [73.07776, 5.31683], [73.07788, 5.3169], [73.07775, 5.31704]]]}}, {"type": "Feature", "properties": {"id": "Z09-045", "kind": "island", "lat": 5.32283, "lon": 73.64716, "area_km2": 0.0001, "zone": "Z09"}, "geometry": {"type": "Polygon", "coordinates": [[[73.64717, 5.32287], [73.6471, 5.32279], [73.6472, 5.32276], [73.64717, 5.32287]]]}}, {"type": "Feature", "properties": {"id": "Z09-046", "kind": "island", "lat": 5.32155, "lon": 73.47297, "area_km2": 0.0798, "zone": "Z09"}, "geometry": {"type": "Polygon", "coordinates": [[[73.47353, 5.3204], [73.47374, 5.32078], [73.47416, 5.32122], [73.47434, 5.32179], [73.47423, 5.32257], [73.47369, 5.32306], [73.47239, 5.32312], [73.47239, 5.32303], [73.47195, 5.32267], [73.47185, 5.32213], [73.47176, 5.32213], [73.47176, 5.32186], [73.47167, 5.32186], [73.47167, 5.32132], [73.47205, 5.32033], [73.47221, 5.32015], [73.47229, 5.31986], [73.47281, 5.31975], [73.47353, 5.3204]]]}}, {"type": "Feature", "properties": {"id": "Z09-044", "kind": "island", "lat": 5.32446, "lon": 73.64725, "area_km2": 0.0236, "zone": "Z09"}, "geometry": {"type": "Polygon", "coordinates": [[[73.64783, 5.32539], [73.64774, 5.32563], [73.64803, 5.32571], [73.64814, 5.32612], [73.6475, 5.32601], [73.64716, 5.32576], [73.64711, 5.32536], [73.6469, 5.3249], [73.64685, 5.32455], [73.64685, 5.32437], [73.64694, 5.32437], [73.64698, 5.32298], [73.64722, 5.32298], [73.64711, 5.32329], [73.64755, 5.32384], [73.64783, 5.32539]]]}}, {"type": "Feature", "properties": {"id": "Z09-043", "kind": "island", "lat": 5.33136, "lon": 73.65021, "area_km2": 0.0001, "zone": "Z09"}, "geometry": {"type": "Polygon", "coordinates": [[[73.65023, 5.3314], [73.65015, 5.33132], [73.65026, 5.33129], [73.65023, 5.3314]]]}}, {"type": "Feature", "properties": {"id": "Z09-042", "kind": "island", "lat": 5.33343, "lon": 73.46413, "area_km2": 0.1947, "zone": "Z09"}, "geometry": {"type": "Polygon", "coordinates": [[[73.46471, 5.33134], [73.46526, 5.3315], [73.46575, 5.33178], [73.46616, 5.33225], [73.46613, 5.33375], [73.46584, 5.33428], [73.46484, 5.33533], [73.46364, 5.33607], [73.46287, 5.33618], [73.46171, 5.33609], [73.46125, 5.33583], [73.46112, 5.33555], [73.46228, 5.33312], [73.46303, 5.3323], [73.46361, 5.33213], [73.46381, 5.3316], [73.464, 5.33134], [73.46471, 5.33134]]]}}, {"type": "Feature", "properties": {"id": "Z10-005", "kind": "island", "lat": 5.33491, "lon": 72.95257, "area_km2": 0.2155, "zone": "Z10"}, "geometry": {"type": "Polygon", "coordinates": [[[72.95393, 5.33313], [72.95492, 5.3336], [72.95539, 5.33396], [72.95574, 5.33451], [72.95572, 5.33513], [72.95549, 5.33557], [72.95475, 5.33626], [72.95401, 5.33669], [72.95302, 5.33693], [72.95232, 5.3369], [72.95144, 5.33652], [72.95, 5.33565], [72.9495, 5.33526], [72.94935, 5.33468], [72.94976, 5.33414], [72.9514, 5.33337], [72.95267, 5.33313], [72.95393, 5.33313]]]}}, {"type": "Feature", "properties": {"id": "Z09-041", "kind": "island", "lat": 5.33728, "lon": 73.65256, "area_km2": 0.3288, "zone": "Z09"}, "geometry": {"type": "Polygon", "coordinates": [[[73.65116, 5.33237], [73.65125, 5.33237], [73.65125, 5.33246], [73.65134, 5.33246], [73.65134, 5.33255], [73.65152, 5.33264], [73.65161, 5.33282], [73.6523, 5.33314], [73.65303, 5.33408], [73.65339, 5.33484], [73.6536, 5.33549], [73.65384, 5.33677], [73.65411, 5.33902], [73.65397, 5.34073], [73.65358, 5.34135], [73.65351, 5.34164], [73.6534, 5.34171], [73.65309, 5.34311], [73.65292, 5.34319], [73.65222, 5.34289], [73.65196, 5.34147], [73.65167, 5.34068], [73.65149, 5.33857], [73.65114, 5.33685], [73.65083, 5.33602], [73.65071, 5.33542], [73.65062, 5.33542], [73.65017, 5.33428], [73.65008, 5.33381], [73.64896, 5.33242], [73.64917, 5.33191], [73.64942, 5.33177], [73.64981, 5.33183], [73.65002, 5.33144], [73.65031, 5.33153], [73.65044, 5.33174], [73.65068, 5.33181], [73.65116, 5.33237]]]}}, {"type": "Feature", "properties": {"id": "Z10-003", "kind": "island", "lat": 5.34344, "lon": 72.97082, "area_km2": 0.0001, "zone": "Z10"}, "geometry": {"type": "Polygon", "coordinates": [[[72.97077, 5.34351], [72.9708, 5.3434], [72.97088, 5.34348], [72.97077, 5.34351]]]}}, {"type": "Feature", "properties": {"id": "Z10-002", "kind": "island", "lat": 5.34358, "lon": 72.97073, "area_km2": 0.0001, "zone": "Z10"}, "geometry": {"type": "Polygon", "coordinates": [[[72.97077, 5.34351], [72.97074, 5.34362], [72.97066, 5.34354], [72.97077, 5.34351]]]}}, {"type": "Feature", "properties": {"id": "Z10-004", "kind": "island", "lat": 5.34206, "lon": 72.96887, "area_km2": 0.1462, "zone": "Z10"}, "geometry": {"type": "Polygon", "coordinates": [[[72.97091, 5.34133], [72.9714, 5.3419], [72.97135, 5.34257], [72.97077, 5.34326], [72.97043, 5.34348], [72.96958, 5.34364], [72.96873, 5.34345], [72.96725, 5.34291], [72.96652, 5.34246], [72.96619, 5.34162], [72.96619, 5.34117], [72.96628, 5.34117], [72.96636, 5.34089], [72.96676, 5.34075], [72.96727, 5.34072], [72.96731, 5.34061], [72.96736, 5.34072], [72.9677, 5.3406], [72.96872, 5.3405], [72.97023, 5.34096], [72.97091, 5.34133]]]}}, {"type": "Feature", "properties": {"id": "Z09-040", "kind": "island", "lat": 5.34387, "lon": 73.65752, "area_km2": 0.0097, "zone": "Z09"}, "geometry": {"type": "Polygon", "coordinates": [[[73.65813, 5.34445], [73.65797, 5.34463], [73.65764, 5.34407], [73.65738, 5.3441], [73.65723, 5.34446], [73.65709, 5.34444], [73.65696, 5.34355], [73.65727, 5.34338], [73.65745, 5.3436], [73.6576, 5.34352], [73.65801, 5.34368], [73.65813, 5.34445]]]}}, {"type": "Feature", "properties": {"id": "Z10-001", "kind": "island", "lat": 5.35202, "lon": 72.99, "area_km2": 0.0265, "zone": "Z10"}, "geometry": {"type": "Polygon", "coordinates": [[[72.99052, 5.35278], [72.98964, 5.35267], [72.98928, 5.35222], [72.98919, 5.35222], [72.98919, 5.35195], [72.98861, 5.3519], [72.9887, 5.35131], [72.98919, 5.3515], [72.99044, 5.35177], [72.99092, 5.35208], [72.99108, 5.35231], [72.99143, 5.35238], [72.99166, 5.35277], [72.99081, 5.35267], [72.99052, 5.35278]]]}}, {"type": "Feature", "properties": {"id": "Z09-039", "kind": "island", "lat": 5.35011, "lon": 73.654, "area_km2": 0.0924, "zone": "Z09"}, "geometry": {"type": "Polygon", "coordinates": [[[73.6541, 5.34751], [73.65444, 5.34786], [73.65492, 5.34886], [73.65508, 5.34956], [73.65495, 5.35227], [73.65442, 5.35289], [73.65417, 5.35262], [73.65379, 5.35244], [73.65358, 5.35195], [73.65349, 5.35195], [73.65309, 5.35037], [73.65295, 5.35033], [73.65295, 5.34989], [73.65315, 5.34958], [73.65389, 5.34777], [73.65403, 5.34773], [73.6541, 5.34751]]]}}, {"type": "Feature", "properties": {"id": "Z09-038", "kind": "island", "lat": 5.35565, "lon": 73.427, "area_km2": 0.0069, "zone": "Z09"}, "geometry": {"type": "Polygon", "coordinates": [[[73.42741, 5.35541], [73.42731, 5.35586], [73.42675, 5.35603], [73.4266, 5.35545], [73.42673, 5.35514], [73.42721, 5.3551], [73.42741, 5.35541]]]}}, {"type": "Feature", "properties": {"id": "Z09-037", "kind": "island", "lat": 5.35755, "lon": 73.43113, "area_km2": 0.1937, "zone": "Z09"}, "geometry": {"type": "Polygon", "coordinates": [[[73.43233, 5.35761], [73.43197, 5.35878], [73.43205, 5.35883], [73.43184, 5.35943], [73.43134, 5.35968], [73.43042, 5.35985], [73.42956, 5.35962], [73.429, 5.35923], [73.42864, 5.35885], [73.42838, 5.35819], [73.43014, 5.35826], [73.43012, 5.35791], [73.42972, 5.35732], [73.42913, 5.35748], [73.42805, 5.35747], [73.42788, 5.3571], [73.42808, 5.35672], [73.42898, 5.35566], [73.42969, 5.35532], [73.42981, 5.35545], [73.42999, 5.35545], [73.42999, 5.35536], [73.43026, 5.35536], [73.43026, 5.35545], [73.43142, 5.35524], [73.43255, 5.35533], [73.43305, 5.35572], [73.43318, 5.35636], [73.43279, 5.35705], [73.43233, 5.35761]]]}}, {"type": "Feature", "properties": {"id": "Z08-078", "kind": "island", "lat": 5.36005, "lon": 72.91935, "area_km2": 0.0567, "zone": "Z08"}, "geometry": {"type": "Polygon", "coordinates": [[[72.91981, 5.35785], [72.91972, 5.35847], [72.91957, 5.35851], [72.91957, 5.3586], [72.91993, 5.35923], [72.91984, 5.35941], [72.92014, 5.35987], [72.91995, 5.36091], [72.9197, 5.36124], [72.91961, 5.36166], [72.91926, 5.36194], [72.91851, 5.36209], [72.91823, 5.36172], [72.91809, 5.36124], [72.91847, 5.36023], [72.91896, 5.35924], [72.91927, 5.35893], [72.91939, 5.35842], [72.91928, 5.35833], [72.91937, 5.35772], [72.91981, 5.35785]]]}}, {"type": "Feature", "properties": {"id": "Z08-077", "kind": "island", "lat": 5.36641, "lon": 72.90483, "area_km2": 0.0497, "zone": "Z08"}, "geometry": {"type": "Polygon", "coordinates": [[[72.90623, 5.36639], [72.9058, 5.36688], [72.9065, 5.36703], [72.90623, 5.36726], [72.90551, 5.36699], [72.90479, 5.36691], [72.90465, 5.36647], [72.90433, 5.36644], [72.90435, 5.36673], [72.90386, 5.36664], [72.90273, 5.36608], [72.90298, 5.36585], [72.90414, 5.36571], [72.90535, 5.3658], [72.9078, 5.36561], [72.90794, 5.36583], [72.90745, 5.36613], [72.90704, 5.36628], [72.90623, 5.36639]]]}}, {"type": "Feature", "properties": {"id": "Z09-034", "kind": "island", "lat": 5.36585, "lon": 73.33229, "area_km2": 0.2375, "zone": "Z09"}, "geometry": {"type": "Polygon", "coordinates": [[[73.3407, 5.3665], [73.3405, 5.36646], [73.34043, 5.36632], [73.34034, 5.36632], [73.34034, 5.36623], [73.33993, 5.36618], [73.33841, 5.36547], [73.33738, 5.36507], [73.33711, 5.36507], [73.33711, 5.36498], [73.33593, 5.36511], [73.33563, 5.3653], [73.33512, 5.36548], [73.33414, 5.36552], [73.33347, 5.36566], [73.33297, 5.36605], [73.33288, 5.36623], [73.33212, 5.36619], [73.33142, 5.366], [73.33102, 5.36494], [73.33103, 5.36423], [73.33114, 5.36384], [73.33194, 5.36316], [73.33244, 5.36309], [73.33255, 5.36297], [73.333, 5.36295], [73.33387, 5.36318], [73.33463, 5.36324], [73.3353, 5.36351], [73.33638, 5.36378], [73.33657, 5.36399], [73.33672, 5.36401], [73.33686, 5.36415], [73.33758, 5.36423], [73.33791, 5.36462], [73.33825, 5.36472], [73.34052, 5.36588], [73.34056, 5.36582], [73.34108, 5.36597], [73.34233, 5.3665], [73.34241, 5.36659], [73.34374, 5.36706], [73.34444, 5.36719], [73.34543, 5.36761], [73.34603, 5.36794], [73.34582, 5.36812], [73.34587, 5.36819], [73.34654, 5.3683], [73.34658, 5.36824], [73.34702, 5.36839], [73.3469, 5.36848], [73.34683, 5.3687], [73.34591, 5.36847], [73.34519, 5.36803], [73.34461, 5.3678], [73.34375, 5.36772], [73.34217, 5.36722], [73.34124, 5.36659], [73.34116, 5.36672], [73.34077, 5.36661], [73.3407, 5.3665]]]}}, {"type": "Feature", "properties": {"id": "Z09-033", "kind": "island", "lat": 5.36897, "lon": 73.34775, "area_km2": 0.0005, "zone": "Z09"}, "geometry": {"type": "Polygon", "coordinates": [[[73.34782, 5.36906], [73.34749, 5.36889], [73.34789, 5.36884], [73.34782, 5.36906]]]}}, {"type": "Feature", "properties": {"id": "Z09-035", "kind": "island", "lat": 5.36294, "lon": 73.41529, "area_km2": 0.4526, "zone": "Z09"}, "geometry": {"type": "Polygon", "coordinates": [[[73.41161, 5.36923], [73.4114, 5.36938], [73.4114, 5.36947], [73.41044, 5.36944], [73.40978, 5.36921], [73.40961, 5.36902], [73.40965, 5.36805], [73.40992, 5.36728], [73.41081, 5.36628], [73.41126, 5.36565], [73.41187, 5.36503], [73.41203, 5.36498], [73.41283, 5.36399], [73.41337, 5.36363], [73.41341, 5.36343], [73.41373, 5.36318], [73.41406, 5.36277], [73.41553, 5.36174], [73.41605, 5.3612], [73.41705, 5.36065], [73.41863, 5.35918], [73.41951, 5.35848], [73.41997, 5.35791], [73.41989, 5.35747], [73.41962, 5.35695], [73.42006, 5.35658], [73.42042, 5.35639], [73.42056, 5.35644], [73.42067, 5.35631], [73.42116, 5.35666], [73.42154, 5.35669], [73.42283, 5.35653], [73.42308, 5.35662], [73.42321, 5.35642], [73.42325, 5.35653], [73.4237, 5.35644], [73.42379, 5.35632], [73.42475, 5.35639], [73.42496, 5.35653], [73.42503, 5.35646], [73.42572, 5.35676], [73.42645, 5.35694], [73.42644, 5.35717], [73.42491, 5.35749], [73.42436, 5.35746], [73.42359, 5.35758], [73.42182, 5.35824], [73.42041, 5.35904], [73.41972, 5.35983], [73.41903, 5.36031], [73.41903, 5.3604], [73.41894, 5.3604], [73.41866, 5.36082], [73.41849, 5.36093], [73.41842, 5.3612], [73.4179, 5.36151], [73.41786, 5.36165], [73.41777, 5.36165], [73.41762, 5.36195], [73.41748, 5.36207], [73.41721, 5.36215], [73.41653, 5.3631], [73.4161, 5.36352], [73.41615, 5.36394], [73.41544, 5.36426], [73.41535, 5.36461], [73.41508, 5.3648], [73.41508, 5.36489], [73.41499, 5.36489], [73.41493, 5.36513], [73.41463, 5.36534], [73.41458, 5.36555], [73.41436, 5.36561], [73.41354, 5.36692], [73.41337, 5.36704], [73.41337, 5.36722], [73.41328, 5.36722], [73.41323, 5.36772], [73.41255, 5.36849], [73.4123, 5.36857], [73.41235, 5.36871], [73.41205, 5.36908], [73.41167, 5.36902], [73.41161, 5.36923]]]}}, {"type": "Feature", "properties": {"id": "Z09-036", "kind": "island", "lat": 5.36216, "lon": 73.65652, "area_km2": 0.4458, "zone": "Z09"}, "geometry": {"type": "Polygon", "coordinates": [[[73.65189, 5.36912], [73.65156, 5.36961], [73.65123, 5.3696], [73.65065, 5.3684], [73.6503, 5.36718], [73.65003, 5.36589], [73.65004, 5.36527], [73.65105, 5.36391], [73.65206, 5.36165], [73.65206, 5.36129], [73.65215, 5.36129], [73.65268, 5.35941], [73.65291, 5.3583], [73.65301, 5.35473], [73.65339, 5.35454], [73.65367, 5.35483], [73.65403, 5.35486], [73.65433, 5.35504], [73.65407, 5.35513], [73.65407, 5.35533], [73.65452, 5.3556], [73.6551, 5.35572], [73.65601, 5.35698], [73.6561, 5.35698], [73.6561, 5.35707], [73.65654, 5.35752], [73.65688, 5.35842], [73.65682, 5.36066], [73.65691, 5.36066], [73.65691, 5.36093], [73.65682, 5.36093], [73.65691, 5.36111], [73.657, 5.36111], [73.65729, 5.36179], [73.65718, 5.36201], [73.65731, 5.36232], [73.6574, 5.36422], [73.65758, 5.36551], [73.65738, 5.36585], [73.65709, 5.36582], [73.65715, 5.3664], [73.65701, 5.36714], [73.6561, 5.36754], [73.65521, 5.36762], [73.65507, 5.36721], [73.65541, 5.36631], [73.65551, 5.36574], [73.65572, 5.36538], [73.65567, 5.36489], [73.65588, 5.36386], [73.65592, 5.36237], [73.65567, 5.36189], [73.65549, 5.36012], [73.65553, 5.3596], [73.65528, 5.35779], [73.65497, 5.35736], [73.65493, 5.35653], [73.65458, 5.35632], [73.654, 5.35673], [73.65394, 5.35752], [73.65409, 5.35783], [73.65394, 5.35824], [73.65399, 5.35837], [73.65394, 5.3589], [73.65378, 5.35975], [73.65335, 5.36111], [73.65271, 5.36248], [73.65237, 5.36341], [73.65197, 5.36417], [73.65157, 5.36533], [73.65179, 5.36547], [73.65241, 5.36463], [73.65273, 5.3645], [73.65202, 5.36672], [73.65189, 5.36912]]]}}, {"type": "Feature", "properties": {"id": "Z09-031", "kind": "island", "lat": 5.36939, "lon": 73.34942, "area_km2": 0.0039, "zone": "Z09"}, "geometry": {"type": "Polygon", "coordinates": [[[73.34986, 5.36938], [73.35016, 5.36961], [73.34991, 5.36967], [73.34986, 5.36956], [73.34894, 5.36941], [73.34883, 5.36911], [73.34949, 5.36917], [73.34959, 5.36929], [73.34977, 5.3692], [73.34986, 5.36938]]]}}, {"type": "Feature", "properties": {"id": "Z09-032", "kind": "island", "lat": 5.36911, "lon": 73.40776, "area_km2": 0.0089, "zone": "Z09"}, "geometry": {"type": "Polygon", "coordinates": [[[73.40771, 5.36866], [73.40792, 5.36885], [73.40821, 5.36931], [73.40829, 5.36976], [73.40752, 5.36987], [73.4074, 5.36892], [73.40771, 5.36866]]]}}, {"type": "Feature", "properties": {"id": "Z09-030", "kind": "island", "lat": 5.37547, "lon": 73.37847, "area_km2": 0.0001, "zone": "Z09"}, "geometry": {"type": "Polygon", "coordinates": [[[73.37849, 5.37551], [73.37841, 5.37543], [73.37852, 5.3754], [73.37849, 5.37551]]]}}, {"type": "Feature", "properties": {"id": "Z09-029", "kind": "island", "lat": 5.37615, "lon": 73.38307, "area_km2": 0.0571, "zone": "Z09"}, "geometry": {"type": "Polygon", "coordinates": [[[73.38579, 5.3763], [73.38606, 5.3763], [73.38606, 5.37648], [73.38653, 5.37651], [73.3866, 5.37665], [73.38645, 5.37686], [73.3849, 5.37701], [73.38472, 5.37692], [73.384, 5.37683], [73.38317, 5.37653], [73.38112, 5.37622], [73.38048, 5.37595], [73.38032, 5.37576], [73.38008, 5.37572], [73.37947, 5.37534], [73.3801, 5.37535], [73.38032, 5.37549], [73.38041, 5.37537], [73.38386, 5.37598], [73.38504, 5.37612], [73.38571, 5.3763], [73.38575, 5.37618], [73.38579, 5.3763]]]}}, {"type": "Feature", "properties": {"id": "Z08-076", "kind": "island", "lat": 5.37672, "lon": 72.95463, "area_km2": 0.0135, "zone": "Z08"}, "geometry": {"type": "Polygon", "coordinates": [[[72.95501, 5.3766], [72.95475, 5.37709], [72.95492, 5.37724], [72.95461, 5.37777], [72.95466, 5.37718], [72.95414, 5.37651], [72.95421, 5.37567], [72.95451, 5.37558], [72.95487, 5.37614], [72.95511, 5.37625], [72.95529, 5.37665], [72.95524, 5.37688], [72.95501, 5.3766]]]}}, {"type": "Feature", "properties": {"id": "Z08-075", "kind": "island", "lat": 5.38194, "lon": 72.90232, "area_km2": 0.0147, "zone": "Z08"}, "geometry": {"type": "Polygon", "coordinates": [[[72.90292, 5.38175], [72.9029, 5.38213], [72.90266, 5.38256], [72.90226, 5.38253], [72.90138, 5.38157], [72.9016, 5.38151], [72.90171, 5.38139], [72.90236, 5.38128], [72.90292, 5.38175]]]}}, {"type": "Feature", "properties": {"id": "Z08-074", "kind": "island", "lat": 5.39222, "lon": 72.97898, "area_km2": 0.0415, "zone": "Z08"}, "geometry": {"type": "Polygon", "coordinates": [[[72.97895, 5.39327], [72.97876, 5.39358], [72.97813, 5.39346], [72.97803, 5.39289], [72.97832, 5.393], [72.97837, 5.39287], [72.97832, 5.39247], [72.97821, 5.39239], [72.97829, 5.39202], [72.97877, 5.39139], [72.97886, 5.39112], [72.97895, 5.39112], [72.9794, 5.39059], [72.97993, 5.39063], [72.97985, 5.39168], [72.97967, 5.39184], [72.97976, 5.39205], [72.97954, 5.39297], [72.97934, 5.39331], [72.97913, 5.39336], [72.97895, 5.39327]]]}}, {"type": "Feature", "properties": {"id": "Z08-073", "kind": "island", "lat": 5.4007, "lon": 72.99145, "area_km2": 0.0733, "zone": "Z08"}, "geometry": {"type": "Polygon", "coordinates": [[[72.9924, 5.39982], [72.9929, 5.4001], [72.99316, 5.4004], [72.99309, 5.40129], [72.99258, 5.40172], [72.99051, 5.40157], [72.98978, 5.401], [72.98974, 5.40002], [72.99006, 5.39952], [72.99087, 5.39961], [72.99125, 5.39974], [72.99133, 5.39966], [72.9924, 5.39982]]]}}, {"type": "Feature", "properties": {"id": "Z08-072", "kind": "island", "lat": 5.40754, "lon": 72.89868, "area_km2": 0.0046, "zone": "Z08"}, "geometry": {"type": "Polygon", "coordinates": [[[72.89864, 5.4072], [72.89909, 5.4074], [72.89921, 5.40763], [72.89869, 5.40777], [72.89825, 5.40766], [72.89815, 5.40745], [72.89864, 5.4072]]]}}, {"type": "Feature", "properties": {"id": "Z09-027", "kind": "island", "lat": 5.41665, "lon": 73.64514, "area_km2": 0.0008, "zone": "Z09"}, "geometry": {"type": "Polygon", "coordinates": [[[73.6453, 5.41655], [73.64512, 5.41676], [73.64501, 5.41643], [73.64523, 5.41636], [73.6453, 5.41655]]]}}, {"type": "Feature", "properties": {"id": "Z09-026", "kind": "island", "lat": 5.41753, "lon": 73.35471, "area_km2": 0.0014, "zone": "Z09"}, "geometry": {"type": "Polygon", "coordinates": [[[73.35462, 5.41735], [73.35501, 5.41761], [73.35474, 5.41783], [73.35449, 5.41745], [73.35462, 5.41735]]]}}, {"type": "Feature", "properties": {"id": "Z09-028", "kind": "island", "lat": 5.40108, "lon": 73.64841, "area_km2": 0.4217, "zone": "Z09"}, "geometry": {"type": "Polygon", "coordinates": [[[73.65012, 5.39021], [73.6499, 5.3904], [73.64994, 5.39111], [73.64891, 5.39679], [73.64914, 5.39747], [73.64971, 5.3984], [73.6492, 5.40049], [73.64922, 5.40177], [73.64842, 5.40258], [73.64774, 5.40291], [73.64748, 5.40357], [73.64686, 5.40549], [73.64595, 5.40969], [73.64539, 5.41162], [73.64527, 5.41173], [73.64505, 5.41229], [73.64418, 5.41482], [73.6442, 5.41601], [73.64357, 5.41695], [73.64234, 5.41836], [73.64162, 5.41947], [73.64024, 5.41998], [73.64089, 5.41874], [73.64167, 5.41744], [73.64305, 5.41538], [73.64401, 5.41297], [73.64432, 5.41188], [73.64543, 5.40896], [73.64613, 5.40675], [73.64634, 5.40566], [73.64645, 5.40439], [73.64737, 5.40212], [73.64834, 5.39781], [73.6494, 5.39078], [73.64905, 5.38901], [73.64897, 5.38272], [73.64932, 5.38309], [73.64987, 5.3849], [73.65028, 5.38572], [73.65042, 5.38672], [73.65039, 5.38848], [73.65026, 5.3886], [73.65035, 5.38882], [73.65017, 5.3897], [73.65008, 5.38986], [73.64999, 5.38986], [73.65012, 5.39021]]]}}, {"type": "Feature", "properties": {"id": "Z09-025", "kind": "island", "lat": 5.42341, "lon": 73.6397, "area_km2": 0.0711, "zone": "Z09"}, "geometry": {"type": "Polygon", "coordinates": [[[73.64123, 5.42151], [73.64073, 5.42212], [73.6406, 5.42332], [73.64033, 5.4235], [73.63998, 5.42433], [73.64011, 5.42471], [73.64041, 5.4248], [73.64029, 5.42489], [73.6402, 5.42515], [73.63933, 5.42557], [73.63877, 5.42528], [73.63836, 5.42468], [73.63903, 5.42321], [73.63949, 5.4218], [73.64006, 5.42171], [73.64099, 5.42129], [73.64123, 5.42151]]]}}, {"type": "Feature", "properties": {"id": "Z09-024", "kind": "island", "lat": 5.42542, "lon": 73.36127, "area_km2": 0.004, "zone": "Z09"}, "geometry": {"type": "Polygon", "coordinates": [[[73.36149, 5.42504], [73.36161, 5.4253], [73.36157, 5.42553], [73.36092, 5.42565], [73.36102, 5.42505], [73.36127, 5.42498], [73.36149, 5.42504]]]}}, {"type": "Feature", "properties": {"id": "Z09-023", "kind": "island", "lat": 5.43158, "lon": 73.63042, "area_km2": 0.0721, "zone": "Z09"}, "geometry": {"type": "Polygon", "coordinates": [[[73.62898, 5.43282], [73.62808, 5.43302], [73.62785, 5.43288], [73.62978, 5.43136], [73.63009, 5.43078], [73.63051, 5.43026], [73.63236, 5.43014], [73.63277, 5.43059], [73.63255, 5.43119], [73.6322, 5.43127], [73.63211, 5.43109], [73.63187, 5.43114], [73.63136, 5.43153], [73.63144, 5.43189], [73.63157, 5.43199], [73.63166, 5.43187], [73.63175, 5.43199], [73.63161, 5.43219], [73.63005, 5.43262], [73.62969, 5.43244], [73.62898, 5.43282]]]}}, {"type": "Feature", "properties": {"id": "Z09-022", "kind": "island", "lat": 5.44036, "lon": 73.61053, "area_km2": 0.0014, "zone": "Z09"}, "geometry": {"type": "Polygon", "coordinates": [[[73.61073, 5.44043], [73.61041, 5.4406], [73.61025, 5.44029], [73.61082, 5.44026], [73.61073, 5.44043]]]}}, {"type": "Feature", "properties": {"id": "Z09-021", "kind": "island", "lat": 5.44135, "lon": 73.60826, "area_km2": 0.0265, "zone": "Z09"}, "geometry": {"type": "Polygon", "coordinates": [[[73.61006, 5.44062], [73.60958, 5.44103], [73.60867, 5.44143], [73.60763, 5.44208], [73.60705, 5.44232], [73.60679, 5.44226], [73.60683, 5.44199], [73.60778, 5.44128], [73.60821, 5.4411], [73.60879, 5.44037], [73.60885, 5.44044], [73.60968, 5.44027], [73.61006, 5.44062]]]}}, {"type": "Feature", "properties": {"id": "Z08-071", "kind": "island", "lat": 5.44072, "lon": 72.90828, "area_km2": 0.2046, "zone": "Z08"}, "geometry": {"type": "Polygon", "coordinates": [[[72.91139, 5.44028], [72.91134, 5.44143], [72.91087, 5.44204], [72.91003, 5.44244], [72.90792, 5.44203], [72.90617, 5.44141], [72.90591, 5.44116], [72.90524, 5.44084], [72.90513, 5.44061], [72.90546, 5.43976], [72.90574, 5.43972], [72.90605, 5.43931], [72.90664, 5.43896], [72.90957, 5.43884], [72.91054, 5.43925], [72.91094, 5.43952], [72.91139, 5.44028]]]}}, {"type": "Feature", "properties": {"id": "Z08-070", "kind": "island", "lat": 5.4467, "lon": 73.03864, "area_km2": 0.0079, "zone": "Z08"}, "geometry": {"type": "Polygon", "coordinates": [[[73.0384, 5.44633], [73.03949, 5.4468], [73.03931, 5.4471], [73.03881, 5.44703], [73.03785, 5.44667], [73.03816, 5.44641], [73.0384, 5.44633]]]}}, {"type": "Feature", "properties": {"id": "Z08-069", "kind": "island", "lat": 5.44745, "lon": 72.94092, "area_km2": 0.0883, "zone": "Z08"}, "geometry": {"type": "Polygon", "coordinates": [[[72.94202, 5.44628], [72.94229, 5.44706], [72.9428, 5.44757], [72.94306, 5.44795], [72.94307, 5.4489], [72.94275, 5.44906], [72.94248, 5.44906], [72.94248, 5.44897], [72.94176, 5.44883], [72.93902, 5.44735], [72.93914, 5.4469], [72.93955, 5.44662], [72.94053, 5.44623], [72.9416, 5.44596], [72.94202, 5.44628]]]}}, {"type": "Feature", "properties": {"id": "Z09-020", "kind": "island", "lat": 5.44499, "lon": 73.36509, "area_km2": 0.5557, "zone": "Z09"}, "geometry": {"type": "Polygon", "coordinates": [[[73.36719, 5.43985], [73.36747, 5.4407], [73.36768, 5.44085], [73.36875, 5.44209], [73.36886, 5.44278], [73.36828, 5.44305], [73.36756, 5.44484], [73.36788, 5.44514], [73.36785, 5.44587], [73.3676, 5.44623], [73.36698, 5.44803], [73.36685, 5.44814], [73.36668, 5.44887], [73.36643, 5.44946], [73.36646, 5.45018], [73.36624, 5.45036], [73.36512, 5.44991], [73.36463, 5.44954], [73.36425, 5.44879], [73.36362, 5.44796], [73.36283, 5.44649], [73.36251, 5.44534], [73.36218, 5.44345], [73.36222, 5.44249], [73.36242, 5.44131], [73.36303, 5.44047], [73.3641, 5.44051], [73.36482, 5.4403], [73.36609, 5.44021], [73.36698, 5.43985], [73.36719, 5.43985]]]}}, {"type": "Feature", "properties": {"id": "Z08-068", "kind": "island", "lat": 5.4487, "lon": 73.02888, "area_km2": 0.457, "zone": "Z08"}, "geometry": {"type": "Polygon", "coordinates": [[[73.02696, 5.45008], [73.02575, 5.4505], [73.02548, 5.4505], [73.0254, 5.45027], [73.02424, 5.44995], [73.02397, 5.44955], [73.02248, 5.44904], [73.02238, 5.44818], [73.02259, 5.4478], [73.02319, 5.44733], [73.02458, 5.44707], [73.02637, 5.44686], [73.02788, 5.44695], [73.028, 5.44708], [73.02893, 5.44686], [73.02966, 5.44704], [73.03213, 5.44714], [73.03249, 5.44735], [73.0326, 5.44723], [73.0335, 5.44713], [73.03587, 5.44722], [73.03599, 5.44735], [73.03651, 5.44738], [73.03671, 5.44758], [73.03624, 5.44805], [73.03608, 5.44807], [73.0359, 5.44834], [73.03572, 5.44834], [73.03554, 5.44861], [73.03518, 5.44879], [73.03501, 5.44911], [73.03467, 5.44935], [73.03377, 5.44953], [73.03344, 5.44974], [73.03263, 5.4499], [73.0319, 5.44976], [73.03149, 5.44984], [73.03137, 5.45001], [73.02926, 5.45035], [73.02916, 5.45023], [73.02696, 5.45008]]]}}, {"type": "Feature", "properties": {"id": "Z08-067", "kind": "island", "lat": 5.45576, "lon": 72.97997, "area_km2": 0.1303, "zone": "Z08"}, "geometry": {"type": "Polygon", "coordinates": [[[72.98056, 5.45696], [72.9805, 5.45684], [72.97976, 5.45696], [72.97832, 5.45687], [72.97832, 5.45678], [72.97814, 5.45678], [72.97814, 5.45669], [72.97769, 5.45669], [72.97769, 5.4566], [72.97715, 5.45643], [72.97697, 5.45625], [72.97671, 5.45637], [72.97658, 5.45623], [72.97682, 5.45609], [72.97692, 5.45592], [72.97706, 5.45589], [72.97719, 5.45566], [72.97807, 5.45515], [72.98007, 5.45445], [72.98117, 5.45476], [72.98128, 5.4549], [72.98163, 5.45477], [72.98217, 5.45515], [72.98262, 5.45535], [72.98287, 5.45586], [72.98285, 5.45615], [72.98266, 5.4565], [72.98173, 5.45678], [72.98056, 5.45696]]]}}, {"type": "Feature", "properties": {"id": "Z08-066", "kind": "island", "lat": 5.45703, "lon": 72.98052, "area_km2": 0.0001, "zone": "Z08"}, "geometry": {"type": "Polygon", "coordinates": [[[72.98056, 5.45696], [72.98053, 5.45707], [72.98046, 5.45699], [72.98056, 5.45696]]]}}, {"type": "Feature", "properties": {"id": "Z08-064", "kind": "island", "lat": 5.45918, "lon": 72.87112, "area_km2": 0.0071, "zone": "Z08"}, "geometry": {"type": "Polygon", "coordinates": [[[72.87097, 5.45867], [72.87152, 5.45914], [72.87164, 5.45948], [72.8712, 5.45961], [72.87073, 5.45923], [72.87048, 5.45875], [72.87097, 5.45867]]]}}, {"type": "Feature", "properties": {"id": "Z08-065", "kind": "island", "lat": 5.45814, "lon": 72.95514, "area_km2": 0.331, "zone": "Z08"}, "geometry": {"type": "Polygon", "coordinates": [[[72.95488, 5.46061], [72.95437, 5.46058], [72.95353, 5.46028], [72.95235, 5.45923], [72.9519, 5.45873], [72.95178, 5.45685], [72.95243, 5.45608], [72.95341, 5.45551], [72.9546, 5.45544], [72.95548, 5.45577], [72.95667, 5.45642], [72.9568, 5.45656], [72.9574, 5.45679], [72.95806, 5.45692], [72.95815, 5.45704], [72.95788, 5.45728], [72.9581, 5.45768], [72.95874, 5.4586], [72.95933, 5.45874], [72.95931, 5.45907], [72.95876, 5.45973], [72.95817, 5.45969], [72.95628, 5.46056], [72.95539, 5.46051], [72.95488, 5.46061]]]}}, {"type": "Feature", "properties": {"id": "Z08-063", "kind": "island", "lat": 5.46138, "lon": 72.88537, "area_km2": 0.0223, "zone": "Z08"}, "geometry": {"type": "Polygon", "coordinates": [[[72.88529, 5.46079], [72.88578, 5.46093], [72.88632, 5.46136], [72.88628, 5.46168], [72.88567, 5.46203], [72.88484, 5.46193], [72.88442, 5.4614], [72.8845, 5.46078], [72.88529, 5.46079]]]}}, {"type": "Feature", "properties": {"id": "Z08-062", "kind": "island", "lat": 5.46317, "lon": 73.03441, "area_km2": 0.523, "zone": "Z08"}, "geometry": {"type": "Polygon", "coordinates": [[[73.03294, 5.46586], [73.031, 5.46592], [73.0301, 5.46578], [73.02915, 5.46504], [73.02903, 5.46389], [73.02961, 5.46307], [73.03304, 5.46137], [73.03488, 5.46097], [73.0387, 5.46054], [73.04012, 5.46092], [73.04035, 5.46127], [73.03984, 5.46159], [73.03972, 5.46249], [73.03922, 5.46327], [73.03905, 5.46343], [73.03913, 5.46365], [73.03876, 5.46506], [73.03685, 5.4654], [73.03626, 5.46568], [73.03583, 5.46553], [73.03428, 5.46559], [73.03422, 5.46566], [73.03294, 5.46586]]]}}, {"type": "Feature", "properties": {"id": "Z08-060", "kind": "island", "lat": 5.46604, "lon": 73.03222, "area_km2": 0.0013, "zone": "Z08"}, "geometry": {"type": "Polygon", "coordinates": [[[73.03256, 5.4661], [73.03185, 5.46616], [73.03193, 5.46598], [73.03249, 5.46595], [73.03256, 5.4661]]]}}, {"type": "Feature", "properties": {"id": "Z09-019", "kind": "island", "lat": 5.45858, "lon": 73.36965, "area_km2": 0.2987, "zone": "Z09"}, "geometry": {"type": "Polygon", "coordinates": [[[73.37095, 5.45874], [73.37124, 5.46173], [73.37138, 5.46194], [73.37153, 5.46299], [73.37177, 5.46382], [73.37169, 5.46388], [73.37193, 5.46464], [73.37187, 5.46478], [73.37222, 5.46526], [73.37205, 5.46586], [73.37205, 5.46622], [73.37187, 5.46622], [73.37187, 5.46604], [73.37151, 5.46586], [73.37079, 5.46461], [73.37014, 5.46416], [73.36994, 5.46383], [73.36986, 5.46318], [73.36998, 5.46262], [73.36989, 5.46262], [73.36989, 5.4619], [73.3697, 5.46174], [73.36936, 5.45999], [73.36909, 5.45935], [73.36876, 5.45953], [73.36854, 5.45952], [73.36842, 5.45867], [73.36855, 5.45831], [73.36842, 5.45727], [73.3685, 5.4562], [73.36948, 5.45596], [73.36954, 5.45544], [73.36965, 5.45521], [73.36954, 5.45499], [73.36959, 5.45193], [73.37004, 5.45107], [73.37045, 5.45108], [73.37081, 5.45162], [73.37094, 5.45275], [73.37093, 5.45363], [73.3707, 5.454], [73.37084, 5.4541], [73.37096, 5.45456], [73.37085, 5.4553], [73.37093, 5.45584], [73.37088, 5.45598], [73.37102, 5.4561], [73.37093, 5.45837], [73.37079, 5.45849], [73.37095, 5.45874]]]}}, {"type": "Feature", "properties": {"id": "Z08-061", "kind": "island", "lat": 5.46431, "lon": 72.91342, "area_km2": 0.2398, "zone": "Z08"}, "geometry": {"type": "Polygon", "coordinates": [[[72.91467, 5.46231], [72.9153, 5.46267], [72.91664, 5.46363], [72.91674, 5.4644], [72.91642, 5.465], [72.91546, 5.46589], [72.91493, 5.46624], [72.91338, 5.46644], [72.91268, 5.46626], [72.91222, 5.46576], [72.91169, 5.46563], [72.91124, 5.46539], [72.91021, 5.46469], [72.91009, 5.46421], [72.91048, 5.46334], [72.91087, 5.46308], [72.91261, 5.46258], [72.91327, 5.46231], [72.91467, 5.46231]]]}}, {"type": "Feature", "properties": {"id": "Z09-018", "kind": "island", "lat": 5.46962, "lon": 73.55982, "area_km2": 0.1419, "zone": "Z09"}, "geometry": {"type": "Polygon", "coordinates": [[[73.55503, 5.47296], [73.55495, 5.47277], [73.5554, 5.47251], [73.5554, 5.47242], [73.55567, 5.47242], [73.55571, 5.47222], [73.55674, 5.47152], [73.55692, 5.47125], [73.55701, 5.47125], [73.55726, 5.47097], [73.55796, 5.47052], [73.55903, 5.46958], [73.55966, 5.46886], [73.56007, 5.46855], [73.56009, 5.46839], [73.56099, 5.4675], [73.56115, 5.46747], [73.56167, 5.46687], [73.56204, 5.46676], [73.56249, 5.46637], [73.56287, 5.4662], [73.56343, 5.46645], [73.56449, 5.46672], [73.56478, 5.4669], [73.56419, 5.46737], [73.56384, 5.46747], [73.56346, 5.46779], [73.5633, 5.46783], [73.56325, 5.46802], [73.56248, 5.46863], [73.56177, 5.46891], [73.56177, 5.469], [73.5616, 5.469], [73.56145, 5.46917], [73.55998, 5.46999], [73.55998, 5.47008], [73.5598, 5.47008], [73.5598, 5.47017], [73.55962, 5.47017], [73.55962, 5.47026], [73.55944, 5.47026], [73.55926, 5.47053], [73.55896, 5.47068], [73.55886, 5.47085], [73.55844, 5.47118], [73.55791, 5.47143], [73.55778, 5.4716], [73.55704, 5.47191], [73.55598, 5.47254], [73.55544, 5.47263], [73.55503, 5.47296]]]}}, {"type": "Feature", "properties": {"id": "Z09-017", "kind": "island", "lat": 5.47293, "lon": 73.55481, "area_km2": 0.0001, "zone": "Z09"}, "geometry": {"type": "Polygon", "coordinates": [[[73.55483, 5.47297], [73.55475, 5.4729], [73.55486, 5.47286], [73.55483, 5.47297]]]}}, {"type": "Feature", "properties": {"id": "Z09-016", "kind": "island", "lat": 5.47337, "lon": 73.5543, "area_km2": 0.0005, "zone": "Z09"}, "geometry": {"type": "Polygon", "coordinates": [[[73.55435, 5.47352], [73.55401, 5.47343], [73.55441, 5.47331], [73.55435, 5.47352]]]}}, {"type": "Feature", "properties": {"id": "Z08-059", "kind": "island", "lat": 5.4755, "lon": 72.95483, "area_km2": 0.1731, "zone": "Z08"}, "geometry": {"type": "Polygon", "coordinates": [[[72.95797, 5.47486], [72.95833, 5.47528], [72.95784, 5.47573], [72.95722, 5.47613], [72.95491, 5.47661], [72.95393, 5.47657], [72.95312, 5.47632], [72.95264, 5.47609], [72.95094, 5.47515], [72.95065, 5.47484], [72.95002, 5.47448], [72.94966, 5.47457], [72.94963, 5.47434], [72.94945, 5.47421], [72.94955, 5.47401], [72.94978, 5.47396], [72.95002, 5.47412], [72.95097, 5.47408], [72.95186, 5.47411], [72.95285, 5.47426], [72.95511, 5.47436], [72.95731, 5.47436], [72.95797, 5.47486]]]}}, {"type": "Feature", "properties": {"id": "Z08-057", "kind": "island", "lat": 5.47823, "lon": 73.02984, "area_km2": 0.0001, "zone": "Z08"}, "geometry": {"type": "Polygon", "coordinates": [[[73.02985, 5.47827], [73.02977, 5.4782], [73.02988, 5.47816], [73.02985, 5.47827]]]}}, {"type": "Feature", "properties": {"id": "Z08-058", "kind": "island", "lat": 5.47675, "lon": 73.0374, "area_km2": 0.4396, "zone": "Z08"}, "geometry": {"type": "Polygon", "coordinates": [[[73.04011, 5.47774], [73.03901, 5.47824], [73.03567, 5.47892], [73.0339, 5.47903], [73.0323, 5.47892], [73.03014, 5.47861], [73.03002, 5.47784], [73.03021, 5.47747], [73.03049, 5.4772], [73.0312, 5.47685], [73.03434, 5.47618], [73.03611, 5.47568], [73.0387, 5.47507], [73.04056, 5.47471], [73.04201, 5.47466], [73.04298, 5.47499], [73.04342, 5.47545], [73.04373, 5.47608], [73.04304, 5.47687], [73.04282, 5.47732], [73.04241, 5.47731], [73.042, 5.47742], [73.04188, 5.47767], [73.04147, 5.47736], [73.04011, 5.47774]]]}}, {"type": "Feature", "properties": {"id": "Z09-015", "kind": "island", "lat": 5.47722, "lon": 73.38602, "area_km2": 0.3975, "zone": "Z09"}, "geometry": {"type": "Polygon", "coordinates": [[[73.38426, 5.47277], [73.38483, 5.47325], [73.38564, 5.4736], [73.38614, 5.47402], [73.38608, 5.47477], [73.38632, 5.47587], [73.38648, 5.47615], [73.38646, 5.47644], [73.38781, 5.47763], [73.38792, 5.47801], [73.38846, 5.47839], [73.38989, 5.47898], [73.39052, 5.47948], [73.39134, 5.48078], [73.39149, 5.48132], [73.39136, 5.4814], [73.39151, 5.48163], [73.39154, 5.48248], [73.39118, 5.48248], [73.39118, 5.48239], [73.39081, 5.48234], [73.3893, 5.48122], [73.38881, 5.48107], [73.38809, 5.48057], [73.38765, 5.48009], [73.38683, 5.47956], [73.38523, 5.4781], [73.38454, 5.477], [73.38348, 5.47647], [73.38294, 5.47605], [73.38216, 5.4756], [73.38174, 5.47507], [73.38162, 5.47452], [73.38136, 5.47407], [73.38146, 5.47313], [73.38143, 5.47256], [73.38166, 5.47193], [73.38254, 5.47203], [73.38364, 5.47268], [73.3837, 5.47262], [73.38426, 5.47277]]]}}, {"type": "Feature", "properties": {"id": "Z09-014", "kind": "island", "lat": 5.48515, "lon": 73.40369, "area_km2": 0.0028, "zone": "Z09"}, "geometry": {"type": "Polygon", "coordinates": [[[73.40383, 5.48463], [73.40375, 5.48566], [73.40354, 5.48575], [73.40364, 5.48456], [73.40376, 5.48445], [73.40383, 5.48463]]]}}, {"type": "Feature", "properties": {"id": "Z08-056", "kind": "island", "lat": 5.48524, "lon": 72.97541, "area_km2": 0.0474, "zone": "Z08"}, "geometry": {"type": "Polygon", "coordinates": [[[72.97616, 5.48599], [72.97464, 5.48611], [72.97334, 5.48573], [72.97345, 5.48552], [72.97423, 5.48521], [72.97437, 5.48526], [72.97437, 5.48517], [72.97464, 5.48499], [72.975, 5.48454], [72.97592, 5.48432], [72.97649, 5.48454], [72.97682, 5.48495], [72.97643, 5.48517], [72.97649, 5.4853], [72.97643, 5.48562], [72.97701, 5.48551], [72.97703, 5.4858], [72.97616, 5.48599]]]}}, {"type": "Feature", "properties": {"id": "Z09-013", "kind": "island", "lat": 5.48622, "lon": 73.40333, "area_km2": 0.0002, "zone": "Z09"}, "geometry": {"type": "Polygon", "coordinates": [[[73.40339, 5.48628], [73.40318, 5.48617], [73.40331, 5.48607], [73.40339, 5.48628]]]}}, {"type": "Feature", "properties": {"id": "Z08-055", "kind": "island", "lat": 5.48662, "lon": 72.89601, "area_km2": 0.2121, "zone": "Z08"}, "geometry": {"type": "Polygon", "coordinates": [[[72.89572, 5.48782], [72.89573, 5.48831], [72.89542, 5.48846], [72.89469, 5.48845], [72.89419, 5.48782], [72.89351, 5.48744], [72.89327, 5.48706], [72.89329, 5.48566], [72.89377, 5.48496], [72.89589, 5.48441], [72.89675, 5.48436], [72.8986, 5.48468], [72.89901, 5.48489], [72.89913, 5.48618], [72.89814, 5.48728], [72.89798, 5.48762], [72.89751, 5.48773], [72.89731, 5.48732], [72.89572, 5.48782]]]}}, {"type": "Feature", "properties": {"id": "Z09-012", "kind": "island", "lat": 5.49117, "lon": 73.51524, "area_km2": 0.0261, "zone": "Z09"}, "geometry": {"type": "Polygon", "coordinates": [[[73.51539, 5.49036], [73.51581, 5.49053], [73.51602, 5.49087], [73.51542, 5.492], [73.51552, 5.49219], [73.51535, 5.49241], [73.51503, 5.49248], [73.51497, 5.49236], [73.51471, 5.49232], [73.51447, 5.49197], [73.51443, 5.49146], [73.51488, 5.49064], [73.51539, 5.49036]]]}}, {"type": "Feature", "properties": {"id": "Z09-010", "kind": "island", "lat": 5.4927, "lon": 73.42466, "area_km2": 0.0016, "zone": "Z09"}, "geometry": {"type": "Polygon", "coordinates": [[[73.42482, 5.49294], [73.42452, 5.49312], [73.42442, 5.49299], [73.42469, 5.4925], [73.42482, 5.49294]]]}}, {"type": "Feature", "properties": {"id": "Z08-054", "kind": "island", "lat": 5.49165, "lon": 72.9384, "area_km2": 0.144, "zone": "Z08"}, "geometry": {"type": "Polygon", "coordinates": [[[72.93944, 5.49028], [72.94014, 5.49077], [72.94076, 5.49145], [72.94099, 5.49209], [72.94077, 5.4929], [72.93922, 5.49311], [72.9388, 5.49326], [72.93783, 5.4932], [72.93772, 5.49308], [72.93722, 5.49295], [72.93684, 5.49273], [72.93597, 5.49193], [72.93589, 5.4917], [72.93607, 5.49161], [72.93638, 5.49093], [72.93655, 5.49073], [72.937, 5.49056], [72.93726, 5.49027], [72.9383, 5.49008], [72.93944, 5.49028]]]}}, {"type": "Feature", "properties": {"id": "Z08-053", "kind": "island", "lat": 5.49239, "lon": 73.03896, "area_km2": 0.0514, "zone": "Z08"}, "geometry": {"type": "Polygon", "coordinates": [[[73.04056, 5.49191], [73.04052, 5.49244], [73.04032, 5.49281], [73.03954, 5.49316], [73.03822, 5.4933], [73.03749, 5.4931], [73.03739, 5.49234], [73.03789, 5.49191], [73.03947, 5.49162], [73.0403, 5.49155], [73.04056, 5.49191]]]}}, {"type": "Feature", "properties": {"id": "Z08-050", "kind": "island", "lat": 5.49435, "lon": 72.9966, "area_km2": 0.0001, "zone": "Z08"}, "geometry": {"type": "Polygon", "coordinates": [[[72.99655, 5.49442], [72.99659, 5.49431], [72.99666, 5.49439], [72.99655, 5.49442]]]}}, {"type": "Feature", "properties": {"id": "Z09-009", "kind": "island", "lat": 5.4936, "lon": 73.4242, "area_km2": 0.0114, "zone": "Z09"}, "geometry": {"type": "Polygon", "coordinates": [[[73.42415, 5.49308], [73.42455, 5.49328], [73.42464, 5.49392], [73.42399, 5.49454], [73.42377, 5.49464], [73.42366, 5.49393], [73.42397, 5.49322], [73.42415, 5.49308]]]}}, {"type": "Feature", "properties": {"id": "Z08-049", "kind": "island", "lat": 5.49464, "lon": 72.99639, "area_km2": 0.002, "zone": "Z08"}, "geometry": {"type": "Polygon", "coordinates": [[[72.99655, 5.49442], [72.99675, 5.49482], [72.99617, 5.49472], [72.99607, 5.49447], [72.99655, 5.49442]]]}}, {"type": "Feature", "properties": {"id": "Z08-052", "kind": "island", "lat": 5.49415, "lon": 72.99784, "area_km2": 0.0124, "zone": "Z08"}, "geometry": {"type": "Polygon", "coordinates": [[[72.99827, 5.4944], [72.9981, 5.49469], [72.99761, 5.49488], [72.99691, 5.49472], [72.99682, 5.49442], [72.99669, 5.49431], [72.99691, 5.49424], [72.99697, 5.49414], [72.99718, 5.49424], [72.99718, 5.49415], [72.99745, 5.49415], [72.99745, 5.49406], [72.99807, 5.49401], [72.99802, 5.49369], [72.99825, 5.4934], [72.99818, 5.49384], [72.99827, 5.4944]]]}}, {"type": "Feature", "properties": {"id": "Z08-051", "kind": "island", "lat": 5.4943, "lon": 72.88161, "area_km2": 0.1621, "zone": "Z08"}, "geometry": {"type": "Polygon", "coordinates": [[[72.88364, 5.49327], [72.88434, 5.49406], [72.8843, 5.4947], [72.88384, 5.4953], [72.88311, 5.49564], [72.88192, 5.49572], [72.88094, 5.49551], [72.87997, 5.49517], [72.87895, 5.49453], [72.87883, 5.49403], [72.87918, 5.49321], [72.8795, 5.49317], [72.88007, 5.49247], [72.88104, 5.49248], [72.88138, 5.4926], [72.88197, 5.49256], [72.88364, 5.49327]]]}}, {"type": "Feature", "properties": {"id": "Z09-011", "kind": "island", "lat": 5.49227, "lon": 73.41195, "area_km2": 0.4881, "zone": "Z09"}, "geometry": {"type": "Polygon", "coordinates": [[[73.41337, 5.49658], [73.41254, 5.49709], [73.41191, 5.49715], [73.41143, 5.49691], [73.4111, 5.49664], [73.41026, 5.49488], [73.40877, 5.49209], [73.40819, 5.4908], [73.40816, 5.4902], [73.40804, 5.49009], [73.40812, 5.4887], [73.40851, 5.48815], [73.40922, 5.48787], [73.4098, 5.48747], [73.41016, 5.48736], [73.41042, 5.4875], [73.41057, 5.48815], [73.41097, 5.4884], [73.41204, 5.48952], [73.41254, 5.48975], [73.41233, 5.49025], [73.41319, 5.49102], [73.41449, 5.49214], [73.41511, 5.49205], [73.4148, 5.49319], [73.41488, 5.49448], [73.41475, 5.49497], [73.41479, 5.49559], [73.41472, 5.49577], [73.41484, 5.49582], [73.41463, 5.49586], [73.41468, 5.496], [73.41404, 5.49614], [73.41337, 5.49649], [73.41337, 5.49658]]]}}, {"type": "Feature", "properties": {"id": "Z09-008", "kind": "island", "lat": 5.50253, "lon": 73.43322, "area_km2": 0.0002, "zone": "Z09"}, "geometry": {"type": "Polygon", "coordinates": [[[73.43332, 5.5026], [73.43311, 5.50268], [73.43322, 5.50247], [73.43332, 5.5026]]]}}, {"type": "Feature", "properties": {"id": "Z09-007", "kind": "island", "lat": 5.50269, "lon": 73.43357, "area_km2": 0.0036, "zone": "Z09"}, "geometry": {"type": "Polygon", "coordinates": [[[73.43332, 5.5026], [73.4335, 5.50251], [73.43366, 5.5023], [73.43385, 5.50278], [73.43379, 5.50316], [73.43336, 5.503], [73.43332, 5.5026]]]}}, {"type": "Feature", "properties": {"id": "Z08-048", "kind": "island", "lat": 5.50786, "lon": 73.04214, "area_km2": 0.0012, "zone": "Z08"}, "geometry": {"type": "Polygon", "coordinates": [[[73.04252, 5.50778], [73.042, 5.50793], [73.04207, 5.50767], [73.04246, 5.50763], [73.04252, 5.50778]]]}}, {"type": "Feature", "properties": {"id": "Z08-047", "kind": "island", "lat": 5.50791, "lon": 72.96892, "area_km2": 0.0959, "zone": "Z08"}, "geometry": {"type": "Polygon", "coordinates": [[[72.96925, 5.50889], [72.96839, 5.50903], [72.96817, 5.50898], [72.96708, 5.50835], [72.96687, 5.50738], [72.9672, 5.50697], [72.96727, 5.50709], [72.96758, 5.5069], [72.9684, 5.50659], [72.96859, 5.5066], [72.96924, 5.50637], [72.97002, 5.50643], [72.97083, 5.50706], [72.97099, 5.50757], [72.9707, 5.50826], [72.96925, 5.5088], [72.96925, 5.50889]]]}}, {"type": "Feature", "properties": {"id": "Z08-045", "kind": "island", "lat": 5.51048, "lon": 72.98038, "area_km2": 0.0737, "zone": "Z08"}, "geometry": {"type": "Polygon", "coordinates": [[[72.98207, 5.51144], [72.98048, 5.51149], [72.97899, 5.51109], [72.97874, 5.51095], [72.9785, 5.51067], [72.97828, 5.51012], [72.97857, 5.50972], [72.97906, 5.50949], [72.98071, 5.50975], [72.98179, 5.51004], [72.98226, 5.5103], [72.98245, 5.51077], [72.98266, 5.51089], [72.98252, 5.51117], [72.98236, 5.51095], [72.98207, 5.51144]]]}}, {"type": "Feature", "properties": {"id": "Z08-046", "kind": "island", "lat": 5.50956, "lon": 73.04189, "area_km2": 0.0953, "zone": "Z08"}, "geometry": {"type": "Polygon", "coordinates": [[[73.04039, 5.51159], [73.04011, 5.51076], [73.04053, 5.50983], [73.04075, 5.5088], [73.04084, 5.5088], [73.04088, 5.50861], [73.04142, 5.5081], [73.04156, 5.50817], [73.04165, 5.50806], [73.04266, 5.50791], [73.04324, 5.50985], [73.04303, 5.51085], [73.04256, 5.51104], [73.04123, 5.51125], [73.04039, 5.51159]]]}}, {"type": "Feature", "properties": {"id": "Z08-044", "kind": "island", "lat": 5.51354, "lon": 72.82674, "area_km2": 0.0762, "zone": "Z08"}, "geometry": {"type": "Polygon", "coordinates": [[[72.82552, 5.51203], [72.82704, 5.51283], [72.82844, 5.51416], [72.82907, 5.51497], [72.82906, 5.51515], [72.82857, 5.51537], [72.82771, 5.5153], [72.82632, 5.51465], [72.82596, 5.51423], [72.82546, 5.51292], [72.82502, 5.51235], [72.82494, 5.51208], [72.82552, 5.51203]]]}}, {"type": "Feature", "properties": {"id": "Z09-006", "kind": "island", "lat": 5.52123, "lon": 73.44172, "area_km2": 0.0664, "zone": "Z09"}, "geometry": {"type": "Polygon", "coordinates": [[[73.44294, 5.52083], [73.44276, 5.52163], [73.442, 5.52228], [73.4414, 5.52255], [73.44069, 5.52267], [73.44032, 5.52246], [73.44038, 5.52173], [73.44086, 5.52057], [73.44118, 5.52016], [73.44131, 5.51985], [73.4418, 5.51959], [73.44235, 5.5198], [73.44284, 5.52012], [73.44284, 5.5203], [73.44293, 5.5203], [73.44293, 5.52056], [73.44284, 5.52056], [73.44294, 5.52083]]]}}, {"type": "Feature", "properties": {"id": "Z08-043", "kind": "island", "lat": 5.52465, "lon": 72.84225, "area_km2": 0.0639, "zone": "Z08"}, "geometry": {"type": "Polygon", "coordinates": [[[72.84142, 5.52362], [72.84239, 5.52413], [72.84385, 5.52508], [72.84465, 5.52542], [72.84505, 5.52547], [72.84559, 5.52607], [72.84533, 5.52618], [72.84416, 5.52627], [72.84274, 5.52596], [72.84158, 5.52534], [72.84115, 5.52422], [72.84124, 5.52398], [72.84115, 5.52362], [72.84124, 5.52362], [72.84129, 5.52341], [72.84142, 5.52362]]]}}, {"type": "Feature", "properties": {"id": "Z08-042", "kind": "island", "lat": 5.5287, "lon": 72.80705, "area_km2": 0.0094, "zone": "Z08"}, "geometry": {"type": "Polygon", "coordinates": [[[72.80778, 5.52825], [72.80728, 5.52888], [72.80643, 5.52921], [72.80618, 5.5295], [72.8058, 5.52939], [72.80655, 5.52885], [72.80711, 5.5283], [72.80773, 5.52811], [72.80778, 5.52825]]]}}, {"type": "Feature", "properties": {"id": "Z08-041", "kind": "island", "lat": 5.53135, "lon": 73.04249, "area_km2": 0.3187, "zone": "Z08"}, "geometry": {"type": "Polygon", "coordinates": [[[73.04345, 5.53287], [73.03986, 5.53315], [73.03784, 5.53354], [73.03685, 5.53325], [73.03649, 5.5327], [73.03667, 5.53218], [73.03698, 5.53189], [73.03802, 5.5314], [73.03861, 5.53129], [73.04147, 5.53039], [73.04381, 5.52982], [73.0447, 5.52923], [73.04539, 5.52915], [73.0465, 5.5294], [73.04714, 5.52991], [73.04726, 5.53027], [73.04685, 5.53066], [73.04673, 5.53121], [73.04633, 5.53217], [73.0459, 5.53227], [73.04562, 5.53257], [73.04507, 5.53277], [73.04479, 5.53272], [73.04402, 5.53287], [73.04385, 5.53311], [73.04296, 5.53327], [73.04278, 5.53313], [73.04345, 5.53296], [73.04345, 5.53287]]]}}, {"type": "Feature", "properties": {"id": "Z09-005", "kind": "island", "lat": 5.53298, "lon": 73.50633, "area_km2": 0.1169, "zone": "Z09"}, "geometry": {"type": "Polygon", "coordinates": [[[73.50464, 5.53539], [73.50441, 5.53596], [73.50415, 5.53584], [73.50478, 5.53465], [73.50582, 5.53196], [73.50737, 5.5297], [73.50787, 5.52948], [73.50806, 5.52955], [73.50837, 5.52943], [73.50845, 5.5298], [73.50824, 5.52991], [73.50837, 5.53029], [73.50765, 5.53248], [73.50684, 5.53348], [73.50639, 5.53427], [73.50581, 5.53494], [73.50581, 5.53503], [73.50572, 5.53503], [73.50572, 5.53521], [73.50563, 5.53521], [73.50519, 5.5358], [73.50477, 5.53587], [73.50464, 5.53539]]]}}, {"type": "Feature", "properties": {"id": "Z09-004", "kind": "island", "lat": 5.54062, "lon": 73.50307, "area_km2": 0.0001, "zone": "Z09"}, "geometry": {"type": "Polygon", "coordinates": [[[73.50303, 5.54069], [73.50306, 5.54058], [73.50313, 5.54066], [73.50303, 5.54069]]]}}, {"type": "Feature", "properties": {"id": "Z09-003", "kind": "island", "lat": 5.54094, "lon": 73.50304, "area_km2": 0.0017, "zone": "Z09"}, "geometry": {"type": "Polygon", "coordinates": [[[73.50303, 5.54069], [73.50303, 5.54078], [73.50329, 5.54069], [73.50341, 5.54092], [73.50311, 5.54096], [73.50264, 5.54117], [73.50294, 5.54069], [73.50303, 5.54069]]]}}, {"type": "Feature", "properties": {"id": "Z09-002", "kind": "island", "lat": 5.5413, "lon": 73.50253, "area_km2": 0.0001, "zone": "Z09"}, "geometry": {"type": "Polygon", "coordinates": [[[73.50255, 5.54134], [73.50247, 5.54126], [73.50258, 5.54123], [73.50255, 5.54134]]]}}, {"type": "Feature", "properties": {"id": "Z08-040", "kind": "island", "lat": 5.54928, "lon": 73.04399, "area_km2": 0.3199, "zone": "Z08"}, "geometry": {"type": "Polygon", "coordinates": [[[73.04783, 5.54777], [73.04776, 5.54796], [73.04785, 5.54796], [73.04785, 5.54841], [73.04797, 5.54869], [73.04776, 5.54913], [73.04788, 5.54922], [73.04776, 5.54931], [73.04783, 5.54964], [73.04743, 5.55091], [73.04618, 5.55148], [73.04538, 5.55163], [73.04397, 5.55155], [73.04385, 5.55142], [73.04227, 5.55108], [73.0409, 5.55064], [73.04029, 5.55031], [73.04017, 5.54924], [73.0404, 5.54882], [73.04103, 5.54852], [73.04242, 5.54815], [73.04272, 5.54767], [73.04315, 5.54747], [73.04344, 5.54776], [73.04435, 5.54762], [73.04484, 5.54729], [73.04573, 5.54692], [73.04665, 5.54697], [73.04735, 5.54775], [73.04769, 5.54762], [73.04783, 5.54777]]]}}, {"type": "Feature", "properties": {"id": "Z09-001", "kind": "island", "lat": 5.5497, "lon": 73.46632, "area_km2": 0.3133, "zone": "Z09"}, "geometry": {"type": "Polygon", "coordinates": [[[73.46916, 5.55284], [73.46768, 5.55232], [73.46645, 5.55206], [73.46633, 5.55187], [73.46548, 5.55168], [73.4652, 5.55076], [73.46467, 5.55012], [73.46412, 5.54977], [73.46282, 5.54927], [73.46139, 5.54836], [73.46098, 5.54818], [73.46071, 5.54787], [73.46036, 5.54769], [73.46024, 5.54783], [73.46018, 5.5476], [73.45923, 5.54721], [73.45892, 5.54698], [73.45881, 5.5471], [73.45843, 5.54712], [73.45825, 5.54644], [73.45904, 5.54672], [73.4591, 5.5468], [73.46071, 5.54716], [73.46076, 5.54704], [73.4608, 5.54716], [73.46104, 5.54719], [73.46125, 5.54733], [73.46133, 5.54725], [73.46247, 5.54759], [73.46383, 5.54783], [73.46552, 5.54773], [73.46595, 5.54796], [73.46682, 5.54863], [73.46912, 5.54989], [73.4697, 5.55039], [73.47042, 5.55084], [73.47042, 5.55093], [73.47069, 5.55111], [73.47069, 5.5512], [73.47088, 5.55124], [73.47108, 5.55149], [73.47096, 5.55156], [73.47093, 5.5518], [73.47069, 5.55201], [73.47082, 5.55213], [73.47031, 5.55277], [73.47024, 5.55254], [73.46971, 5.5528], [73.46952, 5.55274], [73.46916, 5.55284]]]}}, {"type": "Feature", "properties": {"id": "Z08-039", "kind": "island", "lat": 5.5566, "lon": 72.94557, "area_km2": 0.0023, "zone": "Z08"}, "geometry": {"type": "Polygon", "coordinates": [[[72.9462, 5.55687], [72.94543, 5.55699], [72.9455, 5.5565], [72.94562, 5.55641], [72.94568, 5.55677], [72.94611, 5.5567], [72.9462, 5.55687]]]}}, {"type": "Feature", "properties": {"id": "Z08-038", "kind": "island", "lat": 5.56287, "lon": 73.04377, "area_km2": 0.2513, "zone": "Z08"}, "geometry": {"type": "Polygon", "coordinates": [[[73.04372, 5.56489], [73.0407, 5.56428], [73.0406, 5.56338], [73.04029, 5.56254], [73.04051, 5.56229], [73.04125, 5.56203], [73.04183, 5.5617], [73.04471, 5.561], [73.04531, 5.56105], [73.04578, 5.56099], [73.04659, 5.56133], [73.04716, 5.56222], [73.04718, 5.5625], [73.04705, 5.56321], [73.04678, 5.56383], [73.0464, 5.56426], [73.0458, 5.56469], [73.04541, 5.56483], [73.04493, 5.5648], [73.04372, 5.56489]]]}}, {"type": "Feature", "properties": {"id": "Z08-037", "kind": "island", "lat": 5.56476, "lon": 72.92845, "area_km2": 0.0089, "zone": "Z08"}, "geometry": {"type": "Polygon", "coordinates": [[[72.92811, 5.56509], [72.92795, 5.5653], [72.92736, 5.56543], [72.92772, 5.56494], [72.92859, 5.56435], [72.92883, 5.56428], [72.92898, 5.56488], [72.92864, 5.56494], [72.92864, 5.56503], [72.92811, 5.56509]]]}}, {"type": "Feature", "properties": {"id": "Z08-036", "kind": "island", "lat": 5.57672, "lon": 72.95711, "area_km2": 0.0194, "zone": "Z08"}, "geometry": {"type": "Polygon", "coordinates": [[[72.95736, 5.57626], [72.95841, 5.57656], [72.9582, 5.57662], [72.95813, 5.57689], [72.95775, 5.57703], [72.9573, 5.57707], [72.9572, 5.5772], [72.95618, 5.57711], [72.956, 5.57681], [72.95623, 5.57636], [72.95681, 5.57627], [72.9573, 5.57635], [72.95736, 5.57626]]]}}, {"type": "Feature", "properties": {"id": "Z08-035", "kind": "island", "lat": 5.58374, "lon": 73.04435, "area_km2": 0.3207, "zone": "Z08"}, "geometry": {"type": "Polygon", "coordinates": [[[73.04664, 5.58357], [73.04677, 5.58573], [73.04672, 5.58684], [73.04659, 5.58722], [73.04672, 5.58732], [73.04689, 5.58775], [73.04612, 5.58763], [73.04605, 5.5874], [73.04534, 5.58703], [73.04409, 5.58678], [73.04288, 5.58634], [73.04258, 5.58598], [73.04209, 5.58489], [73.04197, 5.58391], [73.04223, 5.58344], [73.04237, 5.58264], [73.04246, 5.58264], [73.04246, 5.58255], [73.04255, 5.58255], [73.04276, 5.5823], [73.04371, 5.58162], [73.04427, 5.58083], [73.04459, 5.57997], [73.04502, 5.57971], [73.04551, 5.58003], [73.04558, 5.57989], [73.04578, 5.57985], [73.04636, 5.57945], [73.04647, 5.57945], [73.04666, 5.57987], [73.04614, 5.58066], [73.04621, 5.58072], [73.04664, 5.58357]]]}}, {"type": "Feature", "properties": {"id": "Z08-033", "kind": "island", "lat": 5.60793, "lon": 72.95265, "area_km2": 0.0729, "zone": "Z08"}, "geometry": {"type": "Polygon", "coordinates": [[[72.95326, 5.60662], [72.95397, 5.60746], [72.95412, 5.60813], [72.95397, 5.6088], [72.95364, 5.60898], [72.95294, 5.60904], [72.95248, 5.60883], [72.95182, 5.60842], [72.95034, 5.60727], [72.9505, 5.60697], [72.95162, 5.60675], [72.95326, 5.60662]]]}}, {"type": "Feature", "properties": {"id": "Z08-034", "kind": "island", "lat": 5.60628, "lon": 73.04348, "area_km2": 0.4563, "zone": "Z08"}, "geometry": {"type": "Polygon", "coordinates": [[[73.04683, 5.60344], [73.04677, 5.60348], [73.04702, 5.6046], [73.04695, 5.60465], [73.04705, 5.60493], [73.04719, 5.60665], [73.0471, 5.60936], [73.04685, 5.60963], [73.0465, 5.60977], [73.04465, 5.60935], [73.04226, 5.60853], [73.04038, 5.60763], [73.04021, 5.60734], [73.04007, 5.60727], [73.04003, 5.60698], [73.03991, 5.60689], [73.03975, 5.60603], [73.04066, 5.60509], [73.04158, 5.60447], [73.04264, 5.60393], [73.04383, 5.60305], [73.04475, 5.60269], [73.04488, 5.60276], [73.04504, 5.60256], [73.0456, 5.60249], [73.04565, 5.60238], [73.04569, 5.60249], [73.04637, 5.60253], [73.04665, 5.60274], [73.04683, 5.60344]]]}}, {"type": "Feature", "properties": {"id": "Z08-032", "kind": "island", "lat": 5.61081, "lon": 72.9694, "area_km2": 0.0011, "zone": "Z08"}, "geometry": {"type": "Polygon", "coordinates": [[[72.96939, 5.61106], [72.9693, 5.61055], [72.96961, 5.61031], [72.96939, 5.61106]]]}}, {"type": "Feature", "properties": {"id": "Z08-031", "kind": "island", "lat": 5.6126, "lon": 72.91896, "area_km2": 0.0069, "zone": "Z08"}, "geometry": {"type": "Polygon", "coordinates": [[[72.9193, 5.61228], [72.91965, 5.61247], [72.9195, 5.61279], [72.91891, 5.61285], [72.91885, 5.61273], [72.91828, 5.61269], [72.91838, 5.6125], [72.91876, 5.61237], [72.91883, 5.61223], [72.91924, 5.61216], [72.9193, 5.61228]]]}}, {"type": "Feature", "properties": {"id": "Z08-030", "kind": "island", "lat": 5.6188, "lon": 72.8552, "area_km2": 0.091, "zone": "Z08"}, "geometry": {"type": "Polygon", "coordinates": [[[72.85593, 5.6168], [72.85645, 5.61731], [72.85633, 5.61758], [72.85646, 5.61788], [72.85605, 5.62014], [72.85546, 5.62075], [72.85479, 5.62067], [72.85439, 5.62024], [72.85425, 5.61955], [72.85408, 5.6192], [72.85411, 5.61797], [72.85423, 5.61773], [72.85435, 5.61767], [72.85444, 5.61732], [72.85507, 5.61686], [72.85507, 5.61677], [72.85549, 5.61667], [72.85593, 5.6168]]]}}, {"type": "Feature", "properties": {"id": "Z08-029", "kind": "island", "lat": 5.62243, "lon": 72.85227, "area_km2": 0.0008, "zone": "Z08"}, "geometry": {"type": "Polygon", "coordinates": [[[72.85238, 5.62234], [72.85229, 5.62252], [72.85249, 5.62265], [72.85224, 5.62274], [72.85223, 5.62227], [72.85238, 5.62234]]]}}, {"type": "Feature", "properties": {"id": "Z08-028", "kind": "island", "lat": 5.62254, "lon": 72.8527, "area_km2": 0.0023, "zone": "Z08"}, "geometry": {"type": "Polygon", "coordinates": [[[72.85247, 5.62207], [72.85277, 5.62235], [72.85295, 5.62273], [72.85266, 5.62283], [72.85238, 5.62214], [72.85247, 5.62207]]]}}, {"type": "Feature", "properties": {"id": "Z08-025", "kind": "island", "lat": 5.62996, "lon": 72.92429, "area_km2": 0.0001, "zone": "Z08"}, "geometry": {"type": "Polygon", "coordinates": [[[72.9243, 5.63], [72.92422, 5.62992], [72.92433, 5.62989], [72.9243, 5.63]]]}}, {"type": "Feature", "properties": {"id": "Z08-027", "kind": "island", "lat": 5.62966, "lon": 72.92362, "area_km2": 0.0061, "zone": "Z08"}, "geometry": {"type": "Polygon", "coordinates": [[[72.9237, 5.6298], [72.92378, 5.63004], [72.92324, 5.63002], [72.92316, 5.6297], [72.92349, 5.62922], [72.92379, 5.62935], [72.92388, 5.62925], [72.9241, 5.62962], [72.92388, 5.6298], [72.9237, 5.6298]]]}}, {"type": "Feature", "properties": {"id": "Z08-026", "kind": "island", "lat": 5.62971, "lon": 73.04113, "area_km2": 0.4761, "zone": "Z08"}, "geometry": {"type": "Polygon", "coordinates": [[[73.0421, 5.63555], [73.04219, 5.63691], [73.04204, 5.63675], [73.04187, 5.63621], [73.04133, 5.63551], [73.04028, 5.63369], [73.03953, 5.6321], [73.03918, 5.63015], [73.03941, 5.62794], [73.0404, 5.62607], [73.04228, 5.62359], [73.04343, 5.62275], [73.04381, 5.62288], [73.04387, 5.62276], [73.04419, 5.623], [73.04408, 5.62306], [73.04437, 5.62353], [73.0445, 5.6241], [73.04446, 5.62478], [73.04405, 5.6266], [73.04329, 5.62792], [73.04304, 5.62899], [73.04296, 5.63057], [73.0424, 5.63491], [73.0421, 5.63555]]]}}, {"type": "Feature", "properties": {"id": "Z08-024", "kind": "island", "lat": 5.64059, "lon": 72.89448, "area_km2": 0.0068, "zone": "Z08"}, "geometry": {"type": "Polygon", "coordinates": [[[72.89508, 5.64026], [72.8947, 5.64077], [72.89394, 5.64107], [72.89419, 5.64041], [72.89433, 5.64031], [72.89483, 5.63998], [72.89508, 5.64026]]]}}, {"type": "Feature", "properties": {"id": "Z08-023", "kind": "island", "lat": 5.64277, "lon": 72.83998, "area_km2": 0.0012, "zone": "Z08"}, "geometry": {"type": "Polygon", "coordinates": [[[72.84019, 5.64282], [72.83986, 5.64295], [72.83977, 5.64271], [72.84007, 5.64256], [72.84019, 5.64282]]]}}, {"type": "Feature", "properties": {"id": "Z08-022", "kind": "island", "lat": 5.64352, "lon": 72.987, "area_km2": 0.0329, "zone": "Z08"}, "geometry": {"type": "Polygon", "coordinates": [[[72.98657, 5.64415], [72.98613, 5.64426], [72.98586, 5.64461], [72.98529, 5.64458], [72.98566, 5.64412], [72.98604, 5.6439], [72.98632, 5.64358], [72.98685, 5.64327], [72.98699, 5.64307], [72.98703, 5.64318], [72.9873, 5.6431], [72.9873, 5.64301], [72.98793, 5.64262], [72.9882, 5.64274], [72.98847, 5.64252], [72.98856, 5.64265], [72.98887, 5.64257], [72.98942, 5.6429], [72.98959, 5.64317], [72.9883, 5.64358], [72.98802, 5.64336], [72.98773, 5.64341], [72.9873, 5.64363], [72.9873, 5.64372], [72.98712, 5.64372], [72.98703, 5.6439], [72.98657, 5.64415]]]}}, {"type": "Feature", "properties": {"id": "Z07-098", "kind": "island", "lat": 5.64653, "lon": 73.32968, "area_km2": 0.1785, "zone": "Z07"}, "geometry": {"type": "Polygon", "coordinates": [[[73.32902, 5.64417], [73.33051, 5.64475], [73.33129, 5.64525], [73.33163, 5.64564], [73.33189, 5.64619], [73.33185, 5.64687], [73.33135, 5.64778], [73.33112, 5.64799], [73.33007, 5.64856], [73.32947, 5.64852], [73.32892, 5.64833], [73.32803, 5.64778], [73.32759, 5.64701], [73.32736, 5.64578], [73.32757, 5.64482], [73.32816, 5.64444], [73.32902, 5.64417]]]}}, {"type": "Feature", "properties": {"id": "Z07-097", "kind": "island", "lat": 5.64727, "lon": 73.29916, "area_km2": 0.1234, "zone": "Z07"}, "geometry": {"type": "Polygon", "coordinates": [[[73.29889, 5.64951], [73.29801, 5.6494], [73.29749, 5.6492], [73.29744, 5.64931], [73.29713, 5.64911], [73.29688, 5.64907], [73.29673, 5.64888], [73.29769, 5.64767], [73.29801, 5.64687], [73.29834, 5.64558], [73.29839, 5.6457], [73.29857, 5.6457], [73.29864, 5.64539], [73.29875, 5.64552], [73.29893, 5.64552], [73.29893, 5.64543], [73.29974, 5.64543], [73.2998, 5.64532], [73.30013, 5.64539], [73.29992, 5.64543], [73.30028, 5.64588], [73.3005, 5.64595], [73.30037, 5.64606], [73.30037, 5.64624], [73.30058, 5.6466], [73.30039, 5.64784], [73.30007, 5.64866], [73.29972, 5.64914], [73.29889, 5.64951]]]}}, {"type": "Feature", "properties": {"id": "Z08-021", "kind": "island", "lat": 5.65105, "lon": 72.88466, "area_km2": 0.0466, "zone": "Z08"}, "geometry": {"type": "Polygon", "coordinates": [[[72.88436, 5.65172], [72.88292, 5.65248], [72.88279, 5.65226], [72.88319, 5.65208], [72.88326, 5.65179], [72.88369, 5.65132], [72.88387, 5.65088], [72.88409, 5.65082], [72.88474, 5.64993], [72.88559, 5.64949], [72.88632, 5.64963], [72.88652, 5.65011], [72.88633, 5.65028], [72.88596, 5.65088], [72.88489, 5.65127], [72.88489, 5.65136], [72.88471, 5.65136], [72.88436, 5.65172]]]}}, {"type": "Feature", "properties": {"id": "Z08-020", "kind": "island", "lat": 5.65994, "lon": 72.95797, "area_km2": 0.0119, "zone": "Z08"}, "geometry": {"type": "Polygon", "coordinates": [[[72.95797, 5.66065], [72.9573, 5.6607], [72.9573, 5.66043], [72.95739, 5.66043], [72.95744, 5.66013], [72.9578, 5.65951], [72.95838, 5.65931], [72.95851, 5.65975], [72.95797, 5.66065]]]}}, {"type": "Feature", "properties": {"id": "Z08-019", "kind": "island", "lat": 5.66057, "lon": 72.95706, "area_km2": 0.0015, "zone": "Z08"}, "geometry": {"type": "Polygon", "coordinates": [[[72.95712, 5.66025], [72.95719, 5.66092], [72.9569, 5.66075], [72.95701, 5.66032], [72.95712, 5.66025]]]}}, {"type": "Feature", "properties": {"id": "Z07-095", "kind": "island", "lat": 5.66563, "lon": 73.38292, "area_km2": 0.0012, "zone": "Z07"}, "geometry": {"type": "Polygon", "coordinates": [[[73.38316, 5.66578], [73.38295, 5.66586], [73.3827, 5.66548], [73.38283, 5.66537], [73.38316, 5.66578]]]}}, {"type": "Feature", "properties": {"id": "Z07-096", "kind": "island", "lat": 5.66373, "lon": 73.27452, "area_km2": 0.4479, "zone": "Z07"}, "geometry": {"type": "Polygon", "coordinates": [[[73.27665, 5.66003], [73.27716, 5.66031], [73.27742, 5.66083], [73.2775, 5.66131], [73.27771, 5.66169], [73.27786, 5.66242], [73.27743, 5.66322], [73.27714, 5.66401], [73.27714, 5.66428], [73.27685, 5.66484], [73.27689, 5.66568], [73.27673, 5.66582], [73.27596, 5.66617], [73.2744, 5.66719], [73.27317, 5.66775], [73.27186, 5.66784], [73.27077, 5.66745], [73.27072, 5.66618], [73.27076, 5.66542], [73.2709, 5.66503], [73.27152, 5.66407], [73.27203, 5.66344], [73.27256, 5.66245], [73.27351, 5.66102], [73.27397, 5.66061], [73.2749, 5.66021], [73.27665, 5.66003]]]}}, {"type": "Feature", "properties": {"id": "Z07-093", "kind": "island", "lat": 5.67033, "lon": 73.39087, "area_km2": 0.0001, "zone": "Z07"}, "geometry": {"type": "Polygon", "coordinates": [[[73.39092, 5.6704], [73.39081, 5.67037], [73.39088, 5.67029], [73.39092, 5.6704]]]}}, {"type": "Feature", "properties": {"id": "Z07-092", "kind": "island", "lat": 5.67047, "lon": 73.39096, "area_km2": 0.0001, "zone": "Z07"}, "geometry": {"type": "Polygon", "coordinates": [[[73.39092, 5.6704], [73.39102, 5.67043], [73.39095, 5.67051], [73.39092, 5.6704]]]}}, {"type": "Feature", "properties": {"id": "Z08-017", "kind": "island", "lat": 5.66991, "lon": 72.84577, "area_km2": 0.0386, "zone": "Z08"}, "geometry": {"type": "Polygon", "coordinates": [[[72.84654, 5.66933], [72.84631, 5.6709], [72.84591, 5.67112], [72.8457, 5.67138], [72.84534, 5.67133], [72.84528, 5.67085], [72.84505, 5.6707], [72.84501, 5.67022], [72.8451, 5.67004], [72.8451, 5.66978], [72.84519, 5.66978], [72.84537, 5.66933], [72.84542, 5.66854], [72.84566, 5.66833], [72.84591, 5.66861], [72.84621, 5.66866], [72.84654, 5.66906], [72.8466, 5.66894], [72.84675, 5.6692], [72.84654, 5.66933]]]}}, {"type": "Feature", "properties": {"id": "Z08-018", "kind": "island", "lat": 5.66856, "lon": 73.03006, "area_km2": 0.3235, "zone": "Z08"}, "geometry": {"type": "Polygon", "coordinates": [[[73.03154, 5.6647], [73.03223, 5.665], [73.03256, 5.66586], [73.03211, 5.6702], [73.03167, 5.67083], [73.0308, 5.67137], [73.03047, 5.67189], [73.03016, 5.67197], [73.02896, 5.67154], [73.02839, 5.67076], [73.02766, 5.66916], [73.02777, 5.66883], [73.0279, 5.66772], [73.02786, 5.66694], [73.02821, 5.66684], [73.02849, 5.66622], [73.02894, 5.66599], [73.02976, 5.66491], [73.03087, 5.6647], [73.03154, 5.6647]]]}}, {"type": "Feature", "properties": {"id": "Z07-091", "kind": "island", "lat": 5.6712, "lon": 73.39166, "area_km2": 0.0142, "zone": "Z07"}, "geometry": {"type": "Polygon", "coordinates": [[[73.39225, 5.6713], [73.39211, 5.67194], [73.39188, 5.67206], [73.39138, 5.67168], [73.39111, 5.67109], [73.39115, 5.67046], [73.39145, 5.6704], [73.39225, 5.6713]]]}}, {"type": "Feature", "properties": {"id": "Z07-094", "kind": "island", "lat": 5.67027, "lon": 73.38726, "area_km2": 0.2818, "zone": "Z07"}, "geometry": {"type": "Polygon", "coordinates": [[[73.38852, 5.67292], [73.3879, 5.67314], [73.38741, 5.67346], [73.38733, 5.67377], [73.38693, 5.67412], [73.38642, 5.67402], [73.38619, 5.67371], [73.38611, 5.67287], [73.38566, 5.67116], [73.38512, 5.66982], [73.38333, 5.66625], [73.38341, 5.66613], [73.3844, 5.66633], [73.38493, 5.66657], [73.38624, 5.66769], [73.38671, 5.66822], [73.38777, 5.66861], [73.38854, 5.66914], [73.38861, 5.66947], [73.38912, 5.67003], [73.38933, 5.6705], [73.38921, 5.67058], [73.38939, 5.67094], [73.38989, 5.67111], [73.39021, 5.67158], [73.39003, 5.67259], [73.38966, 5.67278], [73.38957, 5.67265], [73.38876, 5.67274], [73.38876, 5.67283], [73.38858, 5.67283], [73.38852, 5.67292]]]}}, {"type": "Feature", "properties": {"id": "Z07-089", "kind": "island", "lat": 5.6866, "lon": 73.40467, "area_km2": 0.0044, "zone": "Z07"}, "geometry": {"type": "Polygon", "coordinates": [[[73.40504, 5.68653], [73.40486, 5.6869], [73.40435, 5.68696], [73.40427, 5.68667], [73.40456, 5.68634], [73.40493, 5.6863], [73.40504, 5.68653]]]}}, {"type": "Feature", "properties": {"id": "Z07-090", "kind": "island", "lat": 5.68465, "lon": 73.25782, "area_km2": 0.2247, "zone": "Z07"}, "geometry": {"type": "Polygon", "coordinates": [[[73.25877, 5.68523], [73.25881, 5.68576], [73.25782, 5.68798], [73.257, 5.68852], [73.25619, 5.68878], [73.25584, 5.68877], [73.25549, 5.68859], [73.25513, 5.68749], [73.25514, 5.68715], [73.25589, 5.68569], [73.25666, 5.68437], [73.25731, 5.68362], [73.25806, 5.68242], [73.25882, 5.68168], [73.25927, 5.68105], [73.2594, 5.681], [73.2594, 5.68091], [73.25967, 5.68091], [73.25976, 5.68109], [73.25985, 5.68109], [73.25989, 5.68085], [73.26023, 5.68108], [73.26043, 5.68144], [73.26003, 5.68136], [73.26021, 5.68187], [73.26006, 5.68281], [73.25978, 5.68353], [73.2596, 5.68367], [73.25886, 5.68523], [73.25877, 5.68523]]]}}, {"type": "Feature", "properties": {"id": "Z08-016", "kind": "island", "lat": 5.69053, "lon": 73.02658, "area_km2": 0.1034, "zone": "Z08"}, "geometry": {"type": "Polygon", "coordinates": [[[73.02705, 5.68905], [73.02746, 5.68931], [73.0281, 5.69003], [73.02822, 5.6907], [73.02785, 5.69195], [73.0273, 5.69228], [73.02573, 5.69218], [73.025, 5.69167], [73.02481, 5.6914], [73.025, 5.69036], [73.02541, 5.68976], [73.02626, 5.68905], [73.02705, 5.68905]]]}}, {"type": "Feature", "properties": {"id": "Z07-088", "kind": "island", "lat": 5.6918, "lon": 73.34107, "area_km2": 0.0611, "zone": "Z07"}, "geometry": {"type": "Polygon", "coordinates": [[[73.34261, 5.69235], [73.3411, 5.69254], [73.34006, 5.69276], [73.33964, 5.69292], [73.33942, 5.69289], [73.33928, 5.69255], [73.33943, 5.69181], [73.34045, 5.69104], [73.3407, 5.69098], [73.3407, 5.69089], [73.34088, 5.69076], [73.34138, 5.69069], [73.34209, 5.69098], [73.34238, 5.69136], [73.34279, 5.69163], [73.34268, 5.69169], [73.34268, 5.69178], [73.34282, 5.69185], [73.34286, 5.69214], [73.34277, 5.69214], [73.34261, 5.69235]]]}}, {"type": "Feature", "properties": {"id": "Z07-087", "kind": "island", "lat": 5.69461, "lon": 73.4086, "area_km2": 0.0668, "zone": "Z07"}, "geometry": {"type": "Polygon", "coordinates": [[[73.40816, 5.69168], [73.40843, 5.69277], [73.40852, 5.69277], [73.40887, 5.6935], [73.40924, 5.69493], [73.40933, 5.69493], [73.40933, 5.69511], [73.40942, 5.69511], [73.40991, 5.69594], [73.40932, 5.69612], [73.40897, 5.69631], [73.40803, 5.69748], [73.40794, 5.69564], [73.40807, 5.6943], [73.40798, 5.6943], [73.40798, 5.6934], [73.40775, 5.69238], [73.40768, 5.69148], [73.40816, 5.69168]]]}}, {"type": "Feature", "properties": {"id": "Z07-086", "kind": "island", "lat": 5.69622, "lon": 73.3121, "area_km2": 0.2137, "zone": "Z07"}, "geometry": {"type": "Polygon", "coordinates": [[[73.31257, 5.69367], [73.31338, 5.69457], [73.31378, 5.69564], [73.31388, 5.6967], [73.31375, 5.69681], [73.31396, 5.69715], [73.31387, 5.698], [73.31366, 5.69834], [73.31361, 5.69874], [73.31319, 5.69927], [73.31192, 5.69939], [73.31146, 5.69935], [73.31097, 5.69908], [73.31077, 5.69885], [73.3107, 5.69843], [73.31058, 5.69834], [73.3103, 5.69714], [73.31035, 5.6952], [73.31049, 5.69446], [73.31092, 5.6939], [73.31194, 5.69345], [73.31257, 5.69367]]]}}, {"type": "Feature", "properties": {"id": "Z07-085", "kind": "island", "lat": 5.70033, "lon": 73.4084, "area_km2": 0.0065, "zone": "Z07"}, "geometry": {"type": "Polygon", "coordinates": [[[73.40883, 5.70051], [73.40845, 5.70099], [73.40817, 5.70073], [73.40807, 5.70014], [73.40817, 5.69965], [73.40883, 5.70051]]]}}, {"type": "Feature", "properties": {"id": "Z07-084", "kind": "island", "lat": 5.70609, "lon": 73.41252, "area_km2": 0.0001, "zone": "Z07"}, "geometry": {"type": "Polygon", "coordinates": [[[73.41256, 5.70616], [73.41246, 5.70613], [73.41253, 5.70605], [73.41256, 5.70616]]]}}, {"type": "Feature", "properties": {"id": "Z07-083", "kind": "island", "lat": 5.70634, "lon": 73.41262, "area_km2": 0.0002, "zone": "Z07"}, "geometry": {"type": "Polygon", "coordinates": [[[73.41256, 5.70616], [73.41268, 5.70622], [73.4126, 5.70646], [73.41256, 5.70616]]]}}, {"type": "Feature", "properties": {"id": "Z08-015", "kind": "island", "lat": 5.70812, "lon": 73.02394, "area_km2": 0.469, "zone": "Z08"}, "geometry": {"type": "Polygon", "coordinates": [[[73.02458, 5.71455], [73.02434, 5.71457], [73.02438, 5.71419], [73.02418, 5.71421], [73.02426, 5.71356], [73.02476, 5.71352], [73.02476, 5.7128], [73.02485, 5.71236], [73.02474, 5.71223], [73.02461, 5.71311], [73.02413, 5.71315], [73.02384, 5.7129], [73.02368, 5.71262], [73.02339, 5.71258], [73.02275, 5.71194], [73.0223, 5.71122], [73.022, 5.71045], [73.02181, 5.70941], [73.02194, 5.70725], [73.0223, 5.70518], [73.02273, 5.7048], [73.02308, 5.7039], [73.02332, 5.70382], [73.02424, 5.70232], [73.02507, 5.70179], [73.02577, 5.70165], [73.02611, 5.70176], [73.02627, 5.70208], [73.0262, 5.70211], [73.02635, 5.70259], [73.02641, 5.70358], [73.02629, 5.70364], [73.02615, 5.70431], [73.02617, 5.70463], [73.02597, 5.70548], [73.02597, 5.70576], [73.02602, 5.70589], [73.02611, 5.70589], [73.02611, 5.70625], [73.02602, 5.70625], [73.02593, 5.70688], [73.02602, 5.70688], [73.02602, 5.70715], [73.02593, 5.70715], [73.02606, 5.70746], [73.02593, 5.70777], [73.026, 5.70784], [73.02598, 5.70906], [73.02577, 5.71087], [73.02562, 5.71151], [73.02548, 5.71173], [73.02556, 5.71179], [73.02541, 5.71311], [73.02514, 5.71374], [73.02458, 5.71455]]]}}, {"type": "Feature", "properties": {"id": "Z07-081", "kind": "island", "lat": 5.71659, "lon": 73.23473, "area_km2": 0.0238, "zone": "Z07"}, "geometry": {"type": "Polygon", "coordinates": [[[73.23587, 5.7164], [73.23564, 5.71698], [73.23373, 5.71697], [73.23358, 5.71678], [73.23412, 5.71593], [73.23492, 5.71609], [73.23606, 5.71611], [73.23587, 5.7164]]]}}, {"type": "Feature", "properties": {"id": "Z07-082", "kind": "island", "lat": 5.71347, "lon": 73.41499, "area_km2": 0.3956, "zone": "Z07"}, "geometry": {"type": "Polygon", "coordinates": [[[73.41577, 5.70951], [73.41613, 5.71116], [73.4158, 5.71146], [73.4158, 5.71164], [73.41621, 5.71198], [73.41646, 5.71264], [73.41636, 5.71309], [73.41625, 5.71316], [73.41637, 5.71409], [73.41625, 5.71415], [73.41639, 5.71446], [73.41662, 5.71566], [73.41649, 5.71653], [73.41643, 5.71658], [73.41654, 5.71772], [73.41612, 5.7188], [73.4159, 5.71986], [73.41555, 5.72043], [73.41508, 5.72062], [73.41498, 5.72079], [73.41469, 5.72076], [73.41481, 5.7204], [73.4149, 5.72035], [73.41477, 5.72015], [73.4149, 5.71981], [73.41468, 5.71961], [73.41463, 5.71882], [73.41449, 5.71875], [73.41442, 5.71844], [73.41454, 5.71819], [73.41413, 5.7169], [73.41405, 5.71624], [73.41369, 5.71551], [73.41382, 5.71433], [73.41346, 5.71245], [73.41337, 5.71245], [73.41337, 5.71209], [73.41301, 5.71146], [73.41283, 5.71056], [73.4127, 5.71047], [73.41259, 5.71003], [73.41265, 5.70975], [73.41253, 5.70965], [73.41247, 5.70921], [73.41255, 5.70893], [73.41265, 5.70885], [73.41269, 5.70857], [73.41283, 5.70849], [73.41314, 5.70801], [73.41305, 5.70724], [73.41278, 5.70711], [73.41267, 5.70679], [73.41274, 5.70658], [73.41289, 5.70644], [73.41315, 5.70648], [73.41382, 5.7075], [73.41505, 5.70762], [73.41536, 5.70772], [73.41565, 5.70806], [73.41553, 5.70831], [73.41575, 5.70861], [73.41554, 5.70913], [73.41577, 5.70951]]]}}, {"type": "Feature", "properties": {"id": "Z07-080", "kind": "island", "lat": 5.72162, "lon": 73.41463, "area_km2": 0.0012, "zone": "Z07"}, "geometry": {"type": "Polygon", "coordinates": [[[73.41479, 5.72141], [73.4146, 5.72183], [73.4145, 5.72128], [73.41463, 5.72116], [73.41479, 5.72141]]]}}, {"type": "Feature", "properties": {"id": "Z08-014", "kind": "island", "lat": 5.72407, "lon": 72.85533, "area_km2": 0.0152, "zone": "Z08"}, "geometry": {"type": "Polygon", "coordinates": [[[72.8566, 5.72421], [72.85629, 5.72435], [72.85555, 5.72443], [72.85435, 5.72421], [72.85435, 5.72412], [72.85396, 5.72402], [72.85387, 5.72391], [72.85512, 5.72366], [72.85644, 5.72399], [72.8566, 5.72421]]]}}, {"type": "Feature", "properties": {"id": "Z08-013", "kind": "island", "lat": 5.72432, "lon": 72.85688, "area_km2": 0.0021, "zone": "Z08"}, "geometry": {"type": "Polygon", "coordinates": [[[72.8566, 5.72421], [72.85707, 5.72418], [72.85718, 5.72444], [72.85671, 5.72461], [72.8566, 5.72421]]]}}, {"type": "Feature", "properties": {"id": "Z08-012", "kind": "island", "lat": 5.73058, "lon": 72.9344, "area_km2": 0.1442, "zone": "Z08"}, "geometry": {"type": "Polygon", "coordinates": [[[72.93542, 5.72875], [72.9357, 5.72884], [72.93625, 5.7293], [72.93645, 5.72973], [72.93641, 5.73075], [72.93606, 5.73141], [72.93497, 5.73233], [72.93342, 5.73243], [72.93285, 5.73223], [72.93233, 5.73167], [72.93238, 5.73042], [72.93295, 5.7296], [72.93445, 5.72879], [72.93542, 5.72875]]]}}, {"type": "Feature", "properties": {"id": "Z07-078", "kind": "island", "lat": 5.73255, "lon": 73.41391, "area_km2": 0.0003, "zone": "Z07"}, "geometry": {"type": "Polygon", "coordinates": [[[73.41396, 5.73262], [73.4136, 5.73264], [73.414, 5.73248], [73.41396, 5.73262]]]}}, {"type": "Feature", "properties": {"id": "Z07-077", "kind": "island", "lat": 5.73305, "lon": 73.41354, "area_km2": 0.0021, "zone": "Z07"}, "geometry": {"type": "Polygon", "coordinates": [[[73.41355, 5.73275], [73.41383, 5.73295], [73.41374, 5.73321], [73.41325, 5.73315], [73.41335, 5.73287], [73.41355, 5.73275]]]}}, {"type": "Feature", "properties": {"id": "Z07-076", "kind": "island", "lat": 5.73708, "lon": 73.35514, "area_km2": 0.0067, "zone": "Z07"}, "geometry": {"type": "Polygon", "coordinates": [[[73.35553, 5.73719], [73.35594, 5.73731], [73.35591, 5.73746], [73.3549, 5.73736], [73.35476, 5.73697], [73.35497, 5.7366], [73.35525, 5.73652], [73.35553, 5.73719]]]}}, {"type": "Feature", "properties": {"id": "Z07-079", "kind": "island", "lat": 5.73166, "lon": 73.35976, "area_km2": 0.4576, "zone": "Z07"}, "geometry": {"type": "Polygon", "coordinates": [[[73.35788, 5.73745], [73.35701, 5.7375], [73.3575, 5.73724], [73.3575, 5.73715], [73.35656, 5.73724], [73.35597, 5.73717], [73.35588, 5.73706], [73.35558, 5.737], [73.35552, 5.73643], [73.3554, 5.73634], [73.3556, 5.73569], [73.3557, 5.73562], [73.3557, 5.73544], [73.35579, 5.73544], [73.35608, 5.7346], [73.35666, 5.73336], [73.35755, 5.7319], [73.35777, 5.7314], [73.35786, 5.7314], [73.35798, 5.73101], [73.35957, 5.72921], [73.3599, 5.72906], [73.36069, 5.72839], [73.36109, 5.7279], [73.36109, 5.72781], [73.36127, 5.72781], [73.36127, 5.72763], [73.36136, 5.72763], [73.36143, 5.72737], [73.3619, 5.727], [73.36199, 5.72682], [73.36235, 5.72663], [73.36258, 5.72616], [73.36297, 5.72589], [73.36313, 5.72631], [73.36341, 5.72641], [73.36334, 5.72676], [73.36303, 5.72697], [73.36289, 5.72691], [73.36275, 5.72726], [73.36262, 5.72736], [73.36273, 5.72765], [73.36244, 5.72844], [73.36264, 5.72857], [73.36253, 5.72861], [73.36261, 5.72881], [73.36226, 5.73005], [73.36244, 5.73068], [73.36208, 5.73114], [73.36177, 5.73182], [73.36157, 5.73302], [73.36104, 5.73387], [73.36072, 5.73472], [73.36033, 5.73489], [73.35947, 5.73589], [73.35947, 5.73607], [73.35938, 5.73607], [73.35938, 5.73616], [73.35929, 5.73616], [73.35876, 5.73661], [73.35867, 5.73687], [73.35788, 5.73745]]]}}, {"type": "Feature", "properties": {"id": "Z08-011", "kind": "island", "lat": 5.73839, "lon": 73.01908, "area_km2": 0.0054, "zone": "Z08"}, "geometry": {"type": "Polygon", "coordinates": [[[73.0195, 5.73856], [73.01931, 5.73892], [73.01877, 5.7389], [73.0188, 5.73821], [73.01919, 5.73814], [73.0195, 5.73856]]]}}, {"type": "Feature", "properties": {"id": "Z07-075", "kind": "island", "lat": 5.74408, "lon": 73.21616, "area_km2": 0.2165, "zone": "Z07"}, "geometry": {"type": "Polygon", "coordinates": [[[73.21665, 5.74111], [73.21655, 5.74119], [73.21673, 5.74155], [73.2171, 5.74184], [73.217, 5.74209], [73.21741, 5.74275], [73.21751, 5.74302], [73.21745, 5.74317], [73.21768, 5.74341], [73.21817, 5.74478], [73.21836, 5.74601], [73.218, 5.74687], [73.21672, 5.74679], [73.21596, 5.74621], [73.21495, 5.74508], [73.21471, 5.74456], [73.2141, 5.74359], [73.21392, 5.74295], [73.21402, 5.7418], [73.21454, 5.74096], [73.2153, 5.74094], [73.21589, 5.74069], [73.21614, 5.74071], [73.21665, 5.74111]]]}}, {"type": "Feature", "properties": {"id": "Z07-074", "kind": "island", "lat": 5.74457, "lon": 73.32417, "area_km2": 0.1707, "zone": "Z07"}, "geometry": {"type": "Polygon", "coordinates": [[[73.32359, 5.74681], [73.32237, 5.74747], [73.32165, 5.74743], [73.32183, 5.74675], [73.32192, 5.74667], [73.32219, 5.7455], [73.32228, 5.7455], [73.32228, 5.74532], [73.32237, 5.74532], [73.3224, 5.74508], [73.32264, 5.74469], [73.32282, 5.74389], [73.32309, 5.74371], [73.32309, 5.74362], [73.32318, 5.74362], [73.32318, 5.74353], [73.32327, 5.74353], [73.3239, 5.74272], [73.3239, 5.74263], [73.32399, 5.74263], [73.32414, 5.74196], [73.32435, 5.74191], [73.32442, 5.74177], [73.32471, 5.74173], [73.32471, 5.74164], [73.32534, 5.74155], [73.32534, 5.74146], [73.32561, 5.74146], [73.32588, 5.74191], [73.32597, 5.74191], [73.32597, 5.742], [73.32609, 5.74206], [73.32588, 5.74218], [73.32578, 5.74257], [73.3257, 5.74263], [73.32579, 5.7429], [73.32595, 5.74305], [73.32552, 5.74514], [73.32561, 5.7454], [73.32504, 5.74592], [73.32435, 5.74631], [73.32416, 5.74658], [73.32359, 5.74681]]]}}, {"type": "Feature", "properties": {"id": "Z08-010", "kind": "island", "lat": 5.74954, "lon": 73.01575, "area_km2": 0.131, "zone": "Z08"}, "geometry": {"type": "Polygon", "coordinates": [[[73.01695, 5.74757], [73.01757, 5.7482], [73.01773, 5.74857], [73.01767, 5.74927], [73.01731, 5.75058], [73.01684, 5.75099], [73.01521, 5.75086], [73.01477, 5.75073], [73.01426, 5.75045], [73.01386, 5.74981], [73.01396, 5.74858], [73.01472, 5.74792], [73.01575, 5.74761], [73.01695, 5.74757]]]}}, {"type": "Feature", "properties": {"id": "Z08-009", "kind": "island", "lat": 5.75099, "lon": 72.96131, "area_km2": 0.1605, "zone": "Z08"}, "geometry": {"type": "Polygon", "coordinates": [[[72.96269, 5.74901], [72.96387, 5.75006], [72.96354, 5.75049], [72.96307, 5.75164], [72.9625, 5.75213], [72.96172, 5.75262], [72.96115, 5.75287], [72.96053, 5.753], [72.95994, 5.75278], [72.95938, 5.75235], [72.95918, 5.75189], [72.95925, 5.75103], [72.95968, 5.75007], [72.96027, 5.74935], [72.96095, 5.74905], [72.96269, 5.74901]]]}}, {"type": "Feature", "properties": {"id": "Z07-073", "kind": "island", "lat": 5.75118, "lon": 73.2496, "area_km2": 0.2329, "zone": "Z07"}, "geometry": {"type": "Polygon", "coordinates": [[[73.25172, 5.74923], [73.25227, 5.74949], [73.25256, 5.74981], [73.25274, 5.7502], [73.2527, 5.75088], [73.252, 5.75178], [73.25093, 5.75274], [73.25011, 5.75315], [73.24902, 5.75336], [73.24793, 5.75316], [73.24708, 5.75264], [73.24654, 5.75204], [73.24679, 5.75078], [73.2471, 5.75033], [73.24778, 5.74984], [73.2488, 5.7494], [73.25004, 5.74923], [73.25172, 5.74923]]]}}, {"type": "Feature", "properties": {"id": "Z07-072", "kind": "island", "lat": 5.75373, "lon": 73.20863, "area_km2": 0.0003, "zone": "Z07"}, "geometry": {"type": "Polygon", "coordinates": [[[73.20866, 5.7538], [73.20852, 5.75365], [73.20874, 5.7535], [73.20866, 5.7538]]]}}, {"type": "Feature", "properties": {"id": "Z07-071", "kind": "island", "lat": 5.75485, "lon": 73.26314, "area_km2": 0.1842, "zone": "Z07"}, "geometry": {"type": "Polygon", "coordinates": [[[73.26241, 5.75229], [73.26353, 5.75285], [73.26425, 5.75356], [73.2649, 5.75473], [73.2651, 5.75561], [73.26531, 5.756], [73.26527, 5.75686], [73.26464, 5.75758], [73.26423, 5.75715], [73.26396, 5.75701], [73.26199, 5.75665], [73.26163, 5.75604], [73.26103, 5.75354], [73.26107, 5.75263], [73.26142, 5.7523], [73.26241, 5.75229]]]}}, {"type": "Feature", "properties": {"id": "Z08-006", "kind": "island", "lat": 5.76834, "lon": 72.96422, "area_km2": 0.0003, "zone": "Z08"}, "geometry": {"type": "Polygon", "coordinates": [[[72.96431, 5.76832], [72.96426, 5.76836], [72.96411, 5.76853], [72.96419, 5.76819], [72.96431, 5.76832]]]}}, {"type": "Feature", "properties": {"id": "Z08-007", "kind": "island", "lat": 5.76771, "lon": 72.96558, "area_km2": 0.0379, "zone": "Z08"}, "geometry": {"type": "Polygon", "coordinates": [[[72.96431, 5.76832], [72.9644, 5.76832], [72.9644, 5.76814], [72.96449, 5.76814], [72.96453, 5.76792], [72.96598, 5.76657], [72.96648, 5.7671], [72.96637, 5.76742], [72.9665, 5.76751], [72.96637, 5.7676], [72.96646, 5.76805], [72.96666, 5.76815], [72.96638, 5.76847], [72.9652, 5.76868], [72.9652, 5.76877], [72.96472, 5.76887], [72.96435, 5.76878], [72.96431, 5.76832]]]}}, {"type": "Feature", "properties": {"id": "Z07-068", "kind": "island", "lat": 5.77082, "lon": 73.4048, "area_km2": 0.0003, "zone": "Z07"}, "geometry": {"type": "Polygon", "coordinates": [[[73.40479, 5.77093], [73.40472, 5.7707], [73.40493, 5.77066], [73.40479, 5.77093]]]}}, {"type": "Feature", "properties": {"id": "Z07-070", "kind": "island", "lat": 5.76605, "lon": 73.41128, "area_km2": 1.0013, "zone": "Z07"}, "geometry": {"type": "Polygon", "coordinates": [[[73.41398, 5.76797], [73.4122, 5.76868], [73.412, 5.76891], [73.4108, 5.76912], [73.41011, 5.7695], [73.40969, 5.76958], [73.40678, 5.7716], [73.40529, 5.7714], [73.40501, 5.77108], [73.40516, 5.77051], [73.40514, 5.77012], [73.40559, 5.76869], [73.40609, 5.76662], [73.40679, 5.76426], [73.40768, 5.76253], [73.40835, 5.76176], [73.40946, 5.76102], [73.41084, 5.76074], [73.41224, 5.76064], [73.41315, 5.76091], [73.4143, 5.76101], [73.41494, 5.76146], [73.41592, 5.76196], [73.41607, 5.76212], [73.41638, 5.762], [73.41689, 5.7622], [73.41697, 5.76266], [73.41708, 5.76271], [73.41631, 5.7633], [73.41612, 5.76365], [73.41624, 5.76589], [73.41649, 5.76706], [73.417, 5.76804], [73.41661, 5.76814], [73.41622, 5.7684], [73.41573, 5.76854], [73.41549, 5.76791], [73.41526, 5.76759], [73.41398, 5.76797]]]}}, {"type": "Feature", "properties": {"id": "Z07-067", "kind": "island", "lat": 5.77172, "lon": 73.40602, "area_km2": 0.0001, "zone": "Z07"}, "geometry": {"type": "Polygon", "coordinates": [[[73.40605, 5.77176], [73.40589, 5.77168], [73.4061, 5.77164], [73.40605, 5.77176]]]}}, {"type": "Feature", "properties": {"id": "Z07-069", "kind": "island", "lat": 5.76867, "lon": 73.34363, "area_km2": 0.3605, "zone": "Z07"}, "geometry": {"type": "Polygon", "coordinates": [[[73.34402, 5.76473], [73.3448, 5.76501], [73.34621, 5.76562], [73.34668, 5.76613], [73.34688, 5.76694], [73.34685, 5.76761], [73.34628, 5.76831], [73.34545, 5.76956], [73.34448, 5.7707], [73.34297, 5.77198], [73.34237, 5.77237], [73.34153, 5.7725], [73.34115, 5.77229], [73.34097, 5.77137], [73.34104, 5.76961], [73.34123, 5.76853], [73.34158, 5.76718], [73.34178, 5.76661], [73.34282, 5.76545], [73.34328, 5.76502], [73.34368, 5.76484], [73.34402, 5.76473]]]}}, {"type": "Feature", "properties": {"id": "Z08-008", "kind": "island", "lat": 5.76558, "lon": 73.01194, "area_km2": 0.5316, "zone": "Z08"}, "geometry": {"type": "Polygon", "coordinates": [[[73.01501, 5.75896], [73.01488, 5.75907], [73.0151, 5.75935], [73.01519, 5.76022], [73.01481, 5.76237], [73.01457, 5.76325], [73.01443, 5.76347], [73.01456, 5.76368], [73.01387, 5.76492], [73.01395, 5.766], [73.01363, 5.76674], [73.01349, 5.76837], [73.01314, 5.76954], [73.01299, 5.76967], [73.01307, 5.76985], [73.01201, 5.77227], [73.01214, 5.7724], [73.01182, 5.77259], [73.01139, 5.77229], [73.01099, 5.77099], [73.01075, 5.76997], [73.01057, 5.76842], [73.00986, 5.76595], [73.01007, 5.7652], [73.00996, 5.76346], [73.01045, 5.76287], [73.01101, 5.76128], [73.01122, 5.76089], [73.0124, 5.75938], [73.01304, 5.75895], [73.01335, 5.75889], [73.01369, 5.75847], [73.01418, 5.75831], [73.01443, 5.75862], [73.01461, 5.75871], [73.01471, 5.75858], [73.01501, 5.75896]]]}}, {"type": "Feature", "properties": {"id": "Z08-005", "kind": "island", "lat": 5.77292, "lon": 73.01173, "area_km2": 0.0033, "zone": "Z08"}, "geometry": {"type": "Polygon", "coordinates": [[[73.01174, 5.77272], [73.01183, 5.77272], [73.01183, 5.77281], [73.0121, 5.77303], [73.01191, 5.7733], [73.0116, 5.77312], [73.01138, 5.77272], [73.01127, 5.77266], [73.01134, 5.77242], [73.01147, 5.77263], [73.01165, 5.77272], [73.01169, 5.77261], [73.01174, 5.77272]]]}}, {"type": "Feature", "properties": {"id": "Z07-066", "kind": "island", "lat": 5.77641, "lon": 73.36248, "area_km2": 0.3253, "zone": "Z07"}, "geometry": {"type": "Polygon", "coordinates": [[[73.361, 5.77904], [73.36023, 5.77893], [73.35936, 5.77806], [73.35925, 5.77659], [73.35949, 5.77594], [73.36001, 5.77518], [73.36159, 5.77435], [73.36222, 5.77421], [73.3626, 5.77394], [73.3636, 5.77371], [73.36455, 5.77376], [73.36515, 5.77426], [73.3656, 5.77503], [73.3658, 5.77603], [73.36558, 5.77623], [73.36571, 5.77658], [73.36536, 5.77755], [73.36507, 5.7781], [73.36416, 5.77835], [73.36399, 5.77854], [73.36249, 5.77894], [73.36154, 5.77883], [73.36154, 5.77892], [73.36109, 5.77892], [73.361, 5.77904]]]}}, {"type": "Feature", "properties": {"id": "Z08-004", "kind": "island", "lat": 5.78078, "lon": 72.87601, "area_km2": 0.0121, "zone": "Z08"}, "geometry": {"type": "Polygon", "coordinates": [[[72.87582, 5.78027], [72.87656, 5.78064], [72.87703, 5.7811], [72.87641, 5.78121], [72.87562, 5.78111], [72.87529, 5.78091], [72.87535, 5.78046], [72.87582, 5.78027]]]}}, {"type": "Feature", "properties": {"id": "Z07-064", "kind": "island", "lat": 5.78708, "lon": 73.27643, "area_km2": 0.0001, "zone": "Z07"}, "geometry": {"type": "Polygon", "coordinates": [[[73.27638, 5.78701], [73.27649, 5.78704], [73.27641, 5.78711], [73.27638, 5.78701]]]}}, {"type": "Feature", "properties": {"id": "Z07-063", "kind": "island", "lat": 5.78725, "lon": 73.27614, "area_km2": 0.0001, "zone": "Z07"}, "geometry": {"type": "Polygon", "coordinates": [[[73.27611, 5.78718], [73.27623, 5.78723], [73.27611, 5.78727], [73.27611, 5.78718]]]}}, {"type": "Feature", "properties": {"id": "Z07-065", "kind": "island", "lat": 5.78557, "lon": 73.2764, "area_km2": 0.0756, "zone": "Z07"}, "geometry": {"type": "Polygon", "coordinates": [[[73.27611, 5.78718], [73.27578, 5.78722], [73.27554, 5.78733], [73.27503, 5.78736], [73.27509, 5.78585], [73.27559, 5.78465], [73.27611, 5.78431], [73.27611, 5.78413], [73.27656, 5.78413], [73.27656, 5.78422], [73.27679, 5.78426], [73.27687, 5.78436], [73.27744, 5.7846], [73.27775, 5.785], [73.27764, 5.7853], [73.27755, 5.78602], [73.27719, 5.78647], [73.27767, 5.78651], [73.27686, 5.78686], [73.27638, 5.78692], [73.27638, 5.78701], [73.27611, 5.78718]]]}}, {"type": "Feature", "properties": {"id": "Z07-062", "kind": "island", "lat": 5.78734, "lon": 73.27607, "area_km2": 0.0001, "zone": "Z07"}, "geometry": {"type": "Polygon", "coordinates": [[[73.27611, 5.78727], [73.27608, 5.78738], [73.276, 5.78731], [73.27611, 5.78727]]]}}, {"type": "Feature", "properties": {"id": "Z07-061", "kind": "island", "lat": 5.78782, "lon": 73.27509, "area_km2": 0.0014, "zone": "Z07"}, "geometry": {"type": "Polygon", "coordinates": [[[73.27534, 5.78784], [73.27492, 5.78803], [73.27482, 5.7878], [73.27548, 5.78763], [73.27534, 5.78784]]]}}, {"type": "Feature", "properties": {"id": "Z07-060", "kind": "island", "lat": 5.79054, "lon": 73.3625, "area_km2": 0.2116, "zone": "Z07"}, "geometry": {"type": "Polygon", "coordinates": [[[73.36459, 5.78844], [73.36533, 5.7886], [73.36569, 5.78879], [73.36602, 5.78926], [73.36616, 5.78976], [73.36563, 5.79], [73.36525, 5.79069], [73.36459, 5.79126], [73.36444, 5.79161], [73.36241, 5.79241], [73.3616, 5.79234], [73.36058, 5.79195], [73.36002, 5.7915], [73.35973, 5.79086], [73.35961, 5.79013], [73.35991, 5.78971], [73.36231, 5.7889], [73.36359, 5.78858], [73.36459, 5.78844]]]}}, {"type": "Feature", "properties": {"id": "Z08-003", "kind": "island", "lat": 5.79289, "lon": 73.00648, "area_km2": 0.3558, "zone": "Z08"}, "geometry": {"type": "Polygon", "coordinates": [[[73.00787, 5.79608], [73.00678, 5.79653], [73.00607, 5.79669], [73.00579, 5.797], [73.00545, 5.79681], [73.00501, 5.79605], [73.00415, 5.79394], [73.00433, 5.79176], [73.00451, 5.79127], [73.0052, 5.79025], [73.00575, 5.78978], [73.00687, 5.78926], [73.00805, 5.7889], [73.00864, 5.78895], [73.0092, 5.78941], [73.00935, 5.79012], [73.00901, 5.79194], [73.00844, 5.79383], [73.00823, 5.79401], [73.00836, 5.79437], [73.00801, 5.79522], [73.00787, 5.79608]]]}}, {"type": "Feature", "properties": {"id": "Z07-059", "kind": "island", "lat": 5.79631, "lon": 73.22755, "area_km2": 0.146, "zone": "Z07"}, "geometry": {"type": "Polygon", "coordinates": [[[73.22703, 5.79452], [73.22877, 5.79522], [73.22904, 5.79554], [73.22931, 5.79559], [73.2294, 5.79608], [73.22952, 5.79614], [73.22967, 5.79662], [73.22978, 5.79672], [73.22982, 5.79716], [73.22957, 5.79771], [73.22898, 5.79808], [73.228, 5.79826], [73.22719, 5.79801], [73.22604, 5.79714], [73.22552, 5.79637], [73.22526, 5.79567], [73.22567, 5.79505], [73.22595, 5.79443], [73.22626, 5.7944], [73.22703, 5.79452]]]}}, {"type": "Feature", "properties": {"id": "Z07-058", "kind": "island", "lat": 5.79711, "lon": 73.34486, "area_km2": 0.0987, "zone": "Z07"}, "geometry": {"type": "Polygon", "coordinates": [[[73.34586, 5.79568], [73.3462, 5.79583], [73.34662, 5.79615], [73.34676, 5.79671], [73.34655, 5.79729], [73.34605, 5.79774], [73.34496, 5.79842], [73.34409, 5.79864], [73.34304, 5.79841], [73.34289, 5.79806], [73.34293, 5.79751], [73.34317, 5.79693], [73.34381, 5.7962], [73.34493, 5.7957], [73.34586, 5.79568]]]}}, {"type": "Feature", "properties": {"id": "Z07-056", "kind": "island", "lat": 5.80217, "lon": 73.29565, "area_km2": 0.0001, "zone": "Z07"}, "geometry": {"type": "Polygon", "coordinates": [[[73.29566, 5.80221], [73.29558, 5.80213], [73.29569, 5.8021], [73.29566, 5.80221]]]}}, {"type": "Feature", "properties": {"id": "Z07-057", "kind": "island", "lat": 5.80208, "lon": 73.29777, "area_km2": 0.1058, "zone": "Z07"}, "geometry": {"type": "Polygon", "coordinates": [[[73.29757, 5.80339], [73.29634, 5.80312], [73.29623, 5.80273], [73.29609, 5.80266], [73.29605, 5.80246], [73.29587, 5.80237], [73.29578, 5.80219], [73.29578, 5.80192], [73.296, 5.80159], [73.29731, 5.80084], [73.29763, 5.80073], [73.29871, 5.80058], [73.29935, 5.80062], [73.29968, 5.80132], [73.2998, 5.80198], [73.2994, 5.80328], [73.29884, 5.80335], [73.29839, 5.80325], [73.29757, 5.80339]]]}}, {"type": "Feature", "properties": {"id": "Z07-055", "kind": "island", "lat": 5.80513, "lon": 73.17235, "area_km2": 0.3764, "zone": "Z07"}, "geometry": {"type": "Polygon", "coordinates": [[[73.16971, 5.80871], [73.16816, 5.80871], [73.1681, 5.8084], [73.16831, 5.8083], [73.16925, 5.806], [73.17038, 5.80398], [73.17047, 5.80362], [73.17056, 5.80362], [73.17056, 5.80344], [73.17074, 5.80344], [73.17109, 5.80224], [73.17137, 5.80171], [73.17316, 5.80143], [73.17367, 5.8017], [73.17365, 5.80196], [73.17433, 5.80264], [73.17491, 5.80405], [73.175, 5.80541], [73.1746, 5.80635], [73.17408, 5.80702], [73.17266, 5.80788], [73.17209, 5.80803], [73.17182, 5.80832], [73.16971, 5.80871]]]}}, {"type": "Feature", "properties": {"id": "Z07-054", "kind": "island", "lat": 5.80798, "lon": 73.45707, "area_km2": 0.0189, "zone": "Z07"}, "geometry": {"type": "Polygon", "coordinates": [[[73.45857, 5.80858], [73.45849, 5.80878], [73.45758, 5.80843], [73.45607, 5.80836], [73.45602, 5.80818], [73.45642, 5.80778], [73.45658, 5.80776], [73.45658, 5.80767], [73.45685, 5.80767], [73.45685, 5.80758], [73.45722, 5.80745], [73.4573, 5.80758], [73.45756, 5.80765], [73.45857, 5.80858]]]}}, {"type": "Feature", "properties": {"id": "Z08-002", "kind": "island", "lat": 5.80769, "lon": 73.00294, "area_km2": 0.3577, "zone": "Z08"}, "geometry": {"type": "Polygon", "coordinates": [[[73.00491, 5.80785], [73.00497, 5.80802], [73.00473, 5.80856], [73.00478, 5.8087], [73.00413, 5.81085], [73.00361, 5.81143], [73.00319, 5.81166], [73.00244, 5.8117], [73.00076, 5.81075], [73.00049, 5.80974], [73.00038, 5.80834], [73.0002, 5.80784], [73.00071, 5.80782], [73.00097, 5.80759], [73.00125, 5.80627], [73.00084, 5.80574], [73.00154, 5.80496], [73.00235, 5.80466], [73.00316, 5.80422], [73.0039, 5.80399], [73.0041, 5.80407], [73.00427, 5.80386], [73.00437, 5.80398], [73.00459, 5.80384], [73.00495, 5.80376], [73.00553, 5.80425], [73.00571, 5.80467], [73.00561, 5.80545], [73.00543, 5.80626], [73.00509, 5.80704], [73.00521, 5.80731], [73.00491, 5.80785]]]}}, {"type": "Feature", "properties": {"id": "Z07-052", "kind": "island", "lat": 5.81499, "lon": 73.31888, "area_km2": 0.0568, "zone": "Z07"}, "geometry": {"type": "Polygon", "coordinates": [[[73.31909, 5.81391], [73.31993, 5.8142], [73.32032, 5.81482], [73.31982, 5.81553], [73.31937, 5.81594], [73.31868, 5.8161], [73.31808, 5.81606], [73.31771, 5.81586], [73.31755, 5.81516], [73.31758, 5.81465], [73.31817, 5.81393], [73.31909, 5.81391]]]}}, {"type": "Feature", "properties": {"id": "Z07-053", "kind": "island", "lat": 5.81481, "lon": 73.32642, "area_km2": 0.1001, "zone": "Z07"}, "geometry": {"type": "Polygon", "coordinates": [[[73.32709, 5.81625], [73.32589, 5.81615], [73.3253, 5.81594], [73.32451, 5.81549], [73.3244, 5.81496], [73.32458, 5.81444], [73.32514, 5.81408], [73.32583, 5.81391], [73.32669, 5.81356], [73.32785, 5.81351], [73.32833, 5.81409], [73.32844, 5.81465], [73.32815, 5.81546], [73.32709, 5.81625]]]}}, {"type": "Feature", "properties": {"id": "Z07-051", "kind": "island", "lat": 5.81593, "lon": 73.378, "area_km2": 0.3621, "zone": "Z07"}, "geometry": {"type": "Polygon", "coordinates": [[[73.3769, 5.81908], [73.37563, 5.81921], [73.3749, 5.81901], [73.37448, 5.81877], [73.37402, 5.81804], [73.37408, 5.81725], [73.37469, 5.81639], [73.37502, 5.8162], [73.37561, 5.81547], [73.37632, 5.81508], [73.3765, 5.81446], [73.37712, 5.81399], [73.37807, 5.81351], [73.37916, 5.81269], [73.37976, 5.81242], [73.38102, 5.81322], [73.38132, 5.81389], [73.38115, 5.81451], [73.38076, 5.81512], [73.38098, 5.81537], [73.38053, 5.81654], [73.38013, 5.8165], [73.37986, 5.81711], [73.37946, 5.81768], [73.37937, 5.8182], [73.37881, 5.81859], [73.37789, 5.8191], [73.37701, 5.81921], [73.3769, 5.81908]]]}}, {"type": "Feature", "properties": {"id": "Z07-050", "kind": "island", "lat": 5.82274, "lon": 73.38755, "area_km2": 0.1139, "zone": "Z07"}, "geometry": {"type": "Polygon", "coordinates": [[[73.38817, 5.82056], [73.38862, 5.82096], [73.38896, 5.82169], [73.38889, 5.82289], [73.38861, 5.82394], [73.38839, 5.82433], [73.38793, 5.82475], [73.38689, 5.82469], [73.38636, 5.82432], [73.38615, 5.82363], [73.38621, 5.82258], [73.38667, 5.82133], [73.38725, 5.82057], [73.38817, 5.82056]]]}}, {"type": "Feature", "properties": {"id": "Z07-048", "kind": "island", "lat": 5.83101, "lon": 73.20953, "area_km2": 0.1589, "zone": "Z07"}, "geometry": {"type": "Polygon", "coordinates": [[[73.21033, 5.83296], [73.20978, 5.83301], [73.2099, 5.83273], [73.20901, 5.83266], [73.20838, 5.83249], [73.2082, 5.83228], [73.20775, 5.83211], [73.20743, 5.83098], [73.20735, 5.83034], [73.20772, 5.82971], [73.20817, 5.82917], [73.20918, 5.82901], [73.21029, 5.82932], [73.21041, 5.82948], [73.21132, 5.82994], [73.21169, 5.8304], [73.21161, 5.83104], [73.21152, 5.83111], [73.21159, 5.83125], [73.21149, 5.83171], [73.21134, 5.83201], [73.21147, 5.83226], [73.21107, 5.83271], [73.21033, 5.83296]]]}}, {"type": "Feature", "properties": {"id": "Z07-046", "kind": "island", "lat": 5.83667, "lon": 73.3055, "area_km2": 0.0001, "zone": "Z07"}, "geometry": {"type": "Polygon", "coordinates": [[[73.30558, 5.83659], [73.30553, 5.83671], [73.30537, 5.83663], [73.30558, 5.83659]]]}}, {"type": "Feature", "properties": {"id": "Z07-044", "kind": "island", "lat": 5.83676, "lon": 73.30523, "area_km2": 0.0001, "zone": "Z07"}, "geometry": {"type": "Polygon", "coordinates": [[[73.30526, 5.8368], [73.3051, 5.83672], [73.30531, 5.83668], [73.30526, 5.8368]]]}}, {"type": "Feature", "properties": {"id": "Z07-045", "kind": "island", "lat": 5.83672, "lon": 73.30466, "area_km2": 0.0004, "zone": "Z07"}, "geometry": {"type": "Polygon", "coordinates": [[[73.30477, 5.8368], [73.30445, 5.83663], [73.30459, 5.8365], [73.30477, 5.8368]]]}}, {"type": "Feature", "properties": {"id": "Z07-043", "kind": "island", "lat": 5.83684, "lon": 73.30499, "area_km2": 0.0001, "zone": "Z07"}, "geometry": {"type": "Polygon", "coordinates": [[[73.30501, 5.83688], [73.30493, 5.8368], [73.30504, 5.83677], [73.30501, 5.83688]]]}}, {"type": "Feature", "properties": {"id": "Z07-047", "kind": "island", "lat": 5.8359, "lon": 73.30672, "area_km2": 0.0783, "zone": "Z07"}, "geometry": {"type": "Polygon", "coordinates": [[[73.30558, 5.83659], [73.30558, 5.8365], [73.30473, 5.83646], [73.30459, 5.83576], [73.30482, 5.83533], [73.30537, 5.83483], [73.30598, 5.83463], [73.30684, 5.83467], [73.30873, 5.83561], [73.30885, 5.83605], [73.30836, 5.83686], [73.30776, 5.83699], [73.30719, 5.83637], [73.30611, 5.83632], [73.30611, 5.83641], [73.30593, 5.83641], [73.30593, 5.8365], [73.30576, 5.8365], [73.30576, 5.83659], [73.30558, 5.83659]]]}}, {"type": "Feature", "properties": {"id": "Z07-049", "kind": "island", "lat": 5.82492, "lon": 73.47721, "area_km2": 1.1014, "zone": "Z07"}, "geometry": {"type": "Polygon", "coordinates": [[[73.45982, 5.80955], [73.46054, 5.8101], [73.46125, 5.81117], [73.46143, 5.81126], [73.46143, 5.81135], [73.46179, 5.81153], [73.46197, 5.8118], [73.46217, 5.81184], [73.46233, 5.81216], [73.46251, 5.81216], [73.46251, 5.81234], [73.46275, 5.81246], [73.46341, 5.81324], [73.4635, 5.81324], [73.4635, 5.81333], [73.46445, 5.81408], [73.4653, 5.81494], [73.46645, 5.81535], [73.46684, 5.8159], [73.46745, 5.81647], [73.46771, 5.81655], [73.4688, 5.81737], [73.46889, 5.81737], [73.46889, 5.81746], [73.47047, 5.81839], [73.47246, 5.81975], [73.47374, 5.82051], [73.47374, 5.8206], [73.47392, 5.8206], [73.47406, 5.82083], [73.47464, 5.82113], [73.47484, 5.82136], [73.47561, 5.82187], [73.47663, 5.82247], [73.47756, 5.82325], [73.47884, 5.82414], [73.47922, 5.82455], [73.47922, 5.82464], [73.47958, 5.825], [73.47967, 5.825], [73.47989, 5.82541], [73.48127, 5.82708], [73.48149, 5.82782], [73.48129, 5.82815], [73.4815, 5.8283], [73.48129, 5.82878], [73.48142, 5.8289], [73.48152, 5.82933], [73.48145, 5.83049], [73.48128, 5.83127], [73.48216, 5.83582], [73.4821, 5.83686], [73.482, 5.83695], [73.48213, 5.83747], [73.482, 5.83909], [73.48145, 5.83976], [73.48058, 5.8403], [73.47989, 5.84041], [73.4795, 5.84056], [73.47927, 5.84022], [73.4795, 5.83957], [73.47958, 5.83893], [73.4797, 5.83869], [73.47964, 5.83716], [73.47958, 5.83677], [73.47917, 5.83564], [73.47863, 5.83529], [73.47846, 5.835], [73.47869, 5.83434], [73.47807, 5.83273], [73.47764, 5.83233], [73.47787, 5.83169], [73.47782, 5.83055], [73.47669, 5.82757], [73.47616, 5.82658], [73.47541, 5.82603], [73.47485, 5.82484], [73.47464, 5.82402], [73.47388, 5.82311], [73.4735, 5.82294], [73.47329, 5.82258], [73.47303, 5.82237], [73.47267, 5.82173], [73.47167, 5.8206], [73.47025, 5.81952], [73.46853, 5.81836], [73.46835, 5.81836], [73.46835, 5.81827], [73.46727, 5.81782], [73.46722, 5.81769], [73.46462, 5.81616], [73.46442, 5.81591], [73.46357, 5.81523], [73.46326, 5.81484], [73.46267, 5.81451], [73.46236, 5.81413], [73.4617, 5.81372], [73.46068, 5.81259], [73.46039, 5.81177], [73.46036, 5.81126], [73.45975, 5.8103], [73.45964, 5.80991], [73.45924, 5.8096], [73.45935, 5.80934], [73.45982, 5.80955]]]}}, {"type": "Feature", "properties": {"id": "Z07-042", "kind": "island", "lat": 5.84499, "lon": 73.44515, "area_km2": 0.0764, "zone": "Z07"}, "geometry": {"type": "Polygon", "coordinates": [[[73.44656, 5.84392], [73.44625, 5.84525], [73.44576, 5.84596], [73.44478, 5.84676], [73.44373, 5.84669], [73.4436, 5.8456], [73.44414, 5.84472], [73.44497, 5.8438], [73.44567, 5.84348], [73.44625, 5.84342], [73.44656, 5.84392]]]}}, {"type": "Feature", "properties": {"id": "Z07-041", "kind": "island", "lat": 5.84673, "lon": 73.4435, "area_km2": 0.0024, "zone": "Z07"}, "geometry": {"type": "Polygon", "coordinates": [[[73.44356, 5.84638], [73.44377, 5.84694], [73.44325, 5.84705], [73.44336, 5.84653], [73.44356, 5.84638]]]}}, {"type": "Feature", "properties": {"id": "Z07-040", "kind": "island", "lat": 5.85216, "lon": 73.3365, "area_km2": 0.1255, "zone": "Z07"}, "geometry": {"type": "Polygon", "coordinates": [[[73.33649, 5.85423], [73.33639, 5.85411], [73.33617, 5.85419], [73.33562, 5.85414], [73.33535, 5.85285], [73.33473, 5.8518], [73.33464, 5.85108], [73.3359, 5.85015], [73.33657, 5.84999], [73.33703, 5.85003], [73.33764, 5.85037], [73.33814, 5.85133], [73.33804, 5.85251], [73.33777, 5.853], [73.33649, 5.85423]]]}}, {"type": "Feature", "properties": {"id": "Z08-001", "kind": "island", "lat": 5.85592, "lon": 72.99212, "area_km2": 0.3043, "zone": "Z08"}, "geometry": {"type": "Polygon", "coordinates": [[[72.98941, 5.86166], [72.98883, 5.86159], [72.98854, 5.86122], [72.98861, 5.86062], [72.9891, 5.85932], [72.98917, 5.85865], [72.98969, 5.85747], [72.99087, 5.85572], [72.99134, 5.85439], [72.99179, 5.85382], [72.99226, 5.85258], [72.9926, 5.85213], [72.99286, 5.85067], [72.9931, 5.8502], [72.99354, 5.85053], [72.99363, 5.85236], [72.9935, 5.85249], [72.99364, 5.85361], [72.99361, 5.85393], [72.9935, 5.85402], [72.99367, 5.85465], [72.99332, 5.85801], [72.99282, 5.8581], [72.9922, 5.85865], [72.99165, 5.859], [72.99148, 5.85955], [72.99119, 5.85998], [72.99108, 5.86004], [72.99103, 5.86043], [72.99054, 5.86126], [72.99027, 5.86148], [72.99027, 5.86157], [72.98941, 5.86166]]]}}, {"type": "Feature", "properties": {"id": "Z07-038", "kind": "island", "lat": 5.86221, "lon": 73.20681, "area_km2": 0.0001, "zone": "Z07"}, "geometry": {"type": "Polygon", "coordinates": [[[73.20676, 5.86228], [73.20679, 5.86217], [73.20687, 5.86225], [73.20676, 5.86228]]]}}, {"type": "Feature", "properties": {"id": "Z07-037", "kind": "island", "lat": 5.86235, "lon": 73.2077, "area_km2": 0.0001, "zone": "Z07"}, "geometry": {"type": "Polygon", "coordinates": [[[73.20772, 5.86239], [73.20764, 5.86231], [73.20775, 5.86228], [73.20772, 5.86239]]]}}, {"type": "Feature", "properties": {"id": "Z07-036", "kind": "island", "lat": 5.86236, "lon": 73.20668, "area_km2": 0.0001, "zone": "Z07"}, "geometry": {"type": "Polygon", "coordinates": [[[73.20676, 5.86228], [73.20671, 5.8624], [73.20655, 5.86232], [73.20676, 5.86228]]]}}, {"type": "Feature", "properties": {"id": "Z07-035", "kind": "island", "lat": 5.86242, "lon": 73.20705, "area_km2": 0.0031, "zone": "Z07"}, "geometry": {"type": "Polygon", "coordinates": [[[73.20742, 5.86227], [73.20721, 5.86237], [73.2073, 5.8626], [73.207, 5.86283], [73.20685, 5.86246], [73.207, 5.86216], [73.20734, 5.86199], [73.20742, 5.86227]]]}}, {"type": "Feature", "properties": {"id": "Z07-039", "kind": "island", "lat": 5.8611, "lon": 73.36631, "area_km2": 0.1874, "zone": "Z07"}, "geometry": {"type": "Polygon", "coordinates": [[[73.36864, 5.85893], [73.36917, 5.85931], [73.36943, 5.85988], [73.36939, 5.86031], [73.36909, 5.86058], [73.3686, 5.86135], [73.36782, 5.86177], [73.36718, 5.86228], [73.36648, 5.86246], [73.36531, 5.86294], [73.36429, 5.86317], [73.3636, 5.86312], [73.36331, 5.86278], [73.36321, 5.86199], [73.36359, 5.86131], [73.36597, 5.8597], [73.36801, 5.85888], [73.36864, 5.85893]]]}}, {"type": "Feature", "properties": {"id": "Z07-034", "kind": "island", "lat": 5.86413, "lon": 73.20755, "area_km2": 0.0015, "zone": "Z07"}, "geometry": {"type": "Polygon", "coordinates": [[[73.2077, 5.86429], [73.20726, 5.86435], [73.20748, 5.86398], [73.20775, 5.8639], [73.2077, 5.86429]]]}}, {"type": "Feature", "properties": {"id": "Z07-033", "kind": "island", "lat": 5.87334, "lon": 73.14403, "area_km2": 0.1426, "zone": "Z07"}, "geometry": {"type": "Polygon", "coordinates": [[[73.14343, 5.87127], [73.14427, 5.8715], [73.14513, 5.87181], [73.14585, 5.87243], [73.14608, 5.87299], [73.14588, 5.8737], [73.14549, 5.87426], [73.14461, 5.87459], [73.14396, 5.87505], [73.14345, 5.87521], [73.14299, 5.87517], [73.14224, 5.87464], [73.14195, 5.87401], [73.14233, 5.87204], [73.1427, 5.87145], [73.14343, 5.87127]]]}}, {"type": "Feature", "properties": {"id": "Z07-032", "kind": "island", "lat": 5.87519, "lon": 73.34344, "area_km2": 0.0688, "zone": "Z07"}, "geometry": {"type": "Polygon", "coordinates": [[[73.34429, 5.87567], [73.34366, 5.87612], [73.34313, 5.87674], [73.34259, 5.87697], [73.34245, 5.87662], [73.34205, 5.87658], [73.34183, 5.87594], [73.34221, 5.87505], [73.34322, 5.87468], [73.34432, 5.87366], [73.3449, 5.87356], [73.34514, 5.87396], [73.34501, 5.87432], [73.34512, 5.8744], [73.34504, 5.87477], [73.34465, 5.87537], [73.34447, 5.87549], [73.34447, 5.87567], [73.34429, 5.87567]]]}}, {"type": "Feature", "properties": {"id": "Z07-030", "kind": "island", "lat": 5.88261, "lon": 73.40034, "area_km2": 0.2465, "zone": "Z07"}, "geometry": {"type": "Polygon", "coordinates": [[[73.40057, 5.88066], [73.4015, 5.88088], [73.40218, 5.88124], [73.40333, 5.88249], [73.40345, 5.88274], [73.40344, 5.88315], [73.40313, 5.88401], [73.4013, 5.88472], [73.39942, 5.88465], [73.39835, 5.88451], [73.39733, 5.88406], [73.39713, 5.88365], [73.39716, 5.88291], [73.39761, 5.8818], [73.39805, 5.88139], [73.3988, 5.88091], [73.39951, 5.88068], [73.40057, 5.88066]]]}}, {"type": "Feature", "properties": {"id": "Z07-028", "kind": "island", "lat": 5.88502, "lon": 73.37863, "area_km2": 0.0067, "zone": "Z07"}, "geometry": {"type": "Polygon", "coordinates": [[[73.37909, 5.8844], [73.37855, 5.88528], [73.3783, 5.88587], [73.37814, 5.88604], [73.37823, 5.88535], [73.37848, 5.88515], [73.37866, 5.88461], [73.37868, 5.8842], [73.37892, 5.88397], [73.37915, 5.88393], [73.37909, 5.8844]]]}}, {"type": "Feature", "properties": {"id": "Z07-029", "kind": "island", "lat": 5.88432, "lon": 73.37778, "area_km2": 0.0569, "zone": "Z07"}, "geometry": {"type": "Polygon", "coordinates": [[[73.37937, 5.88252], [73.37874, 5.88326], [73.37825, 5.88402], [73.3783, 5.88416], [73.37811, 5.88467], [73.37804, 5.88639], [73.37784, 5.88679], [73.37723, 5.88676], [73.37669, 5.88634], [73.37659, 5.88565], [73.37689, 5.8848], [73.37726, 5.88447], [73.3775, 5.88399], [73.37757, 5.88364], [73.37798, 5.8833], [73.37872, 5.88237], [73.37923, 5.8821], [73.37937, 5.88252]]]}}, {"type": "Feature", "properties": {"id": "Z07-031", "kind": "island", "lat": 5.88199, "lon": 73.46653, "area_km2": 0.7875, "zone": "Z07"}, "geometry": {"type": "Polygon", "coordinates": [[[73.46728, 5.8771], [73.46776, 5.87748], [73.46781, 5.87765], [73.46824, 5.87785], [73.46862, 5.87845], [73.46944, 5.8791], [73.46979, 5.87962], [73.47038, 5.88022], [73.47065, 5.88077], [73.47085, 5.88158], [73.47015, 5.88376], [73.46973, 5.88473], [73.46917, 5.88555], [73.46814, 5.88649], [73.46756, 5.88687], [73.46645, 5.88712], [73.46531, 5.88635], [73.46471, 5.88559], [73.46323, 5.88402], [73.4629, 5.88383], [73.46236, 5.88322], [73.4624, 5.88263], [73.4623, 5.88106], [73.46216, 5.88051], [73.46239, 5.87973], [73.46256, 5.87949], [73.46271, 5.87885], [73.46302, 5.87815], [73.46347, 5.87762], [73.46426, 5.87697], [73.46449, 5.87693], [73.46449, 5.87675], [73.46467, 5.87675], [73.46474, 5.8766], [73.46503, 5.87657], [73.4651, 5.87646], [73.46539, 5.87639], [73.46543, 5.87627], [73.46548, 5.87639], [73.46609, 5.87627], [73.46679, 5.87647], [73.46728, 5.8771]]]}}, {"type": "Feature", "properties": {"id": "Z07-027", "kind": "island", "lat": 5.88717, "lon": 73.37753, "area_km2": 0.0005, "zone": "Z07"}, "geometry": {"type": "Polygon", "coordinates": [[[73.37753, 5.8873], [73.3774, 5.88705], [73.37771, 5.88699], [73.37753, 5.8873]]]}}, {"type": "Feature", "properties": {"id": "Z07-026", "kind": "island", "lat": 5.88762, "lon": 73.31794, "area_km2": 0.0016, "zone": "Z07"}, "geometry": {"type": "Polygon", "coordinates": [[[73.31818, 5.88787], [73.31785, 5.88782], [73.31775, 5.88741], [73.31797, 5.88735], [73.31818, 5.88787]]]}}, {"type": "Feature", "properties": {"id": "Z07-025", "kind": "island", "lat": 5.88765, "lon": 73.3187, "area_km2": 0.0053, "zone": "Z07"}, "geometry": {"type": "Polygon", "coordinates": [[[73.31869, 5.88717], [73.31908, 5.88746], [73.319, 5.88784], [73.31854, 5.88792], [73.31823, 5.88746], [73.31839, 5.88722], [73.31869, 5.88717]]]}}, {"type": "Feature", "properties": {"id": "Z07-023", "kind": "island", "lat": 5.9026, "lon": 73.45824, "area_km2": 0.0001, "zone": "Z07"}, "geometry": {"type": "Polygon", "coordinates": [[[73.45826, 5.90264], [73.45818, 5.90256], [73.45829, 5.90253], [73.45826, 5.90264]]]}}, {"type": "Feature", "properties": {"id": "Z07-024", "kind": "island", "lat": 5.90076, "lon": 73.45658, "area_km2": 0.2953, "zone": "Z07"}, "geometry": {"type": "Polygon", "coordinates": [[[73.45559, 5.90515], [73.4547, 5.90495], [73.45416, 5.90504], [73.45406, 5.90497], [73.45425, 5.90468], [73.45474, 5.90284], [73.45491, 5.90252], [73.45521, 5.90116], [73.45518, 5.90052], [73.45553, 5.89994], [73.45639, 5.89738], [73.45694, 5.89642], [73.45749, 5.89621], [73.45789, 5.8963], [73.45829, 5.8966], [73.45917, 5.89806], [73.45936, 5.89857], [73.45928, 5.89876], [73.45941, 5.89886], [73.45928, 5.8992], [73.45941, 5.89977], [73.45897, 5.90095], [73.45805, 5.90056], [73.45769, 5.90156], [73.45772, 5.90205], [73.4569, 5.90383], [73.45618, 5.90488], [73.45559, 5.90515]]]}}, {"type": "Feature", "properties": {"id": "Z07-021", "kind": "island", "lat": 5.91516, "lon": 73.31507, "area_km2": 0.0011, "zone": "Z07"}, "geometry": {"type": "Polygon", "coordinates": [[[73.31501, 5.91502], [73.31544, 5.91524], [73.31507, 5.91533], [73.31479, 5.91508], [73.31501, 5.91502]]]}}, {"type": "Feature", "properties": {"id": "Z07-022", "kind": "island", "lat": 5.91285, "lon": 73.31518, "area_km2": 0.1225, "zone": "Z07"}, "geometry": {"type": "Polygon", "coordinates": [[[73.31775, 5.91506], [73.31783, 5.91536], [73.31753, 5.91563], [73.31704, 5.91585], [73.31646, 5.91596], [73.31564, 5.91502], [73.31483, 5.91484], [73.31451, 5.91496], [73.31434, 5.91483], [73.31456, 5.91394], [73.31456, 5.9134], [73.31447, 5.9134], [73.31447, 5.91313], [73.31433, 5.91278], [73.3142, 5.91142], [73.31428, 5.91082], [73.31463, 5.90997], [73.31497, 5.9098], [73.3156, 5.91113], [73.31573, 5.91205], [73.31591, 5.9125], [73.31603, 5.91259], [73.31591, 5.91268], [73.31645, 5.91358], [73.31694, 5.91392], [73.31775, 5.91506]]]}}, {"type": "Feature", "properties": {"id": "Z07-020", "kind": "island", "lat": 5.91994, "lon": 73.15695, "area_km2": 0.0001, "zone": "Z07"}, "geometry": {"type": "Polygon", "coordinates": [[[73.15696, 5.91998], [73.15688, 5.9199], [73.15699, 5.91987], [73.15696, 5.91998]]]}}, {"type": "Feature", "properties": {"id": "Z07-019", "kind": "island", "lat": 5.92056, "lon": 73.43686, "area_km2": 0.1224, "zone": "Z07"}, "geometry": {"type": "Polygon", "coordinates": [[[73.43668, 5.91883], [73.43679, 5.91894], [73.43785, 5.91919], [73.43832, 5.91957], [73.43874, 5.92022], [73.43852, 5.92085], [73.43727, 5.92202], [73.43656, 5.92235], [73.4355, 5.92251], [73.43502, 5.92226], [73.43472, 5.92163], [73.43545, 5.91964], [73.43603, 5.91884], [73.43668, 5.91883]]]}}, {"type": "Feature", "properties": {"id": "Z07-018", "kind": "island", "lat": 5.94984, "lon": 73.30694, "area_km2": 0.1516, "zone": "Z07"}, "geometry": {"type": "Polygon", "coordinates": [[[73.30661, 5.94812], [73.30728, 5.94825], [73.30742, 5.94839], [73.3088, 5.94903], [73.30924, 5.94979], [73.30948, 5.95056], [73.30927, 5.95119], [73.30863, 5.95139], [73.30775, 5.95153], [73.30666, 5.95134], [73.30576, 5.95088], [73.30487, 5.95028], [73.30462, 5.94989], [73.30463, 5.94909], [73.30513, 5.94813], [73.30661, 5.94812]]]}}, {"type": "Feature", "properties": {"id": "Z07-016", "kind": "island", "lat": 5.95233, "lon": 73.13225, "area_km2": 0.0439, "zone": "Z07"}, "geometry": {"type": "Polygon", "coordinates": [[[73.13211, 5.9514], [73.13241, 5.95145], [73.13283, 5.95212], [73.1338, 5.95298], [73.13467, 5.95349], [73.13381, 5.9536], [73.13235, 5.9533], [73.13201, 5.95312], [73.13149, 5.95254], [73.1313, 5.95194], [73.13117, 5.95182], [73.13169, 5.95121], [73.13202, 5.95109], [73.13211, 5.9514]]]}}, {"type": "Feature", "properties": {"id": "Z07-015", "kind": "island", "lat": 5.96225, "lon": 73.38636, "area_km2": 0.0557, "zone": "Z07"}, "geometry": {"type": "Polygon", "coordinates": [[[73.387, 5.96088], [73.3875, 5.9613], [73.38772, 5.96176], [73.38745, 5.96241], [73.38658, 5.96337], [73.38608, 5.96348], [73.38516, 5.9629], [73.38522, 5.9621], [73.38541, 5.96194], [73.38562, 5.96147], [73.3863, 5.96088], [73.387, 5.96088]]]}}, {"type": "Feature", "properties": {"id": "Z07-013", "kind": "island", "lat": 5.96726, "lon": 73.36585, "area_km2": 0.0003, "zone": "Z07"}, "geometry": {"type": "Polygon", "coordinates": [[[73.36588, 5.96733], [73.36572, 5.96718], [73.36594, 5.96712], [73.36588, 5.96733]]]}}, {"type": "Feature", "properties": {"id": "Z07-014", "kind": "island", "lat": 5.96515, "lon": 73.36849, "area_km2": 0.2728, "zone": "Z07"}, "geometry": {"type": "Polygon", "coordinates": [[[73.3697, 5.96676], [73.36925, 5.9674], [73.36798, 5.96756], [73.36771, 5.96725], [73.36729, 5.96721], [73.36688, 5.96688], [73.36586, 5.96655], [73.36534, 5.96682], [73.36508, 5.96734], [73.36486, 5.96711], [73.36455, 5.96625], [73.36492, 5.96541], [73.36554, 5.96465], [73.36702, 5.96363], [73.36853, 5.96304], [73.36971, 5.96294], [73.37069, 5.96315], [73.37115, 5.96343], [73.37123, 5.96335], [73.37156, 5.96354], [73.37186, 5.96389], [73.37204, 5.9643], [73.372, 5.96489], [73.37171, 5.96541], [73.37018, 5.96661], [73.36994, 5.96664], [73.3703, 5.96618], [73.37023, 5.966], [73.36922, 5.96622], [73.36904, 5.96647], [73.3697, 5.96676]]]}}, {"type": "Feature", "properties": {"id": "Z07-011", "kind": "island", "lat": 5.96766, "lon": 73.36619, "area_km2": 0.0006, "zone": "Z07"}, "geometry": {"type": "Polygon", "coordinates": [[[73.36637, 5.96771], [73.36609, 5.96778], [73.366, 5.9676], [73.3663, 5.96757], [73.36637, 5.96771]]]}}, {"type": "Feature", "properties": {"id": "Z07-010", "kind": "island", "lat": 5.9688, "lon": 73.40733, "area_km2": 0.0016, "zone": "Z07"}, "geometry": {"type": "Polygon", "coordinates": [[[73.40753, 5.96855], [73.40761, 5.96877], [73.40718, 5.96905], [73.40704, 5.96884], [73.40753, 5.96855]]]}}, {"type": "Feature", "properties": {"id": "Z07-009", "kind": "island", "lat": 5.96915, "lon": 73.34559, "area_km2": 0.0001, "zone": "Z07"}, "geometry": {"type": "Polygon", "coordinates": [[[73.34564, 5.96927], [73.34553, 5.96922], [73.3456, 5.96907], [73.34564, 5.96927]]]}}, {"type": "Feature", "properties": {"id": "Z07-008", "kind": "island", "lat": 5.96932, "lon": 73.34569, "area_km2": 0.0001, "zone": "Z07"}, "geometry": {"type": "Polygon", "coordinates": [[[73.34564, 5.96927], [73.34573, 5.96927], [73.34573, 5.96936], [73.34564, 5.96936], [73.34564, 5.96927]]]}}, {"type": "Feature", "properties": {"id": "Z07-007", "kind": "island", "lat": 5.96945, "lon": 73.34577, "area_km2": 0.0002, "zone": "Z07"}, "geometry": {"type": "Polygon", "coordinates": [[[73.34573, 5.96936], [73.34582, 5.96936], [73.34582, 5.96954], [73.34573, 5.96954], [73.34573, 5.96936]]]}}, {"type": "Feature", "properties": {"id": "Z07-017", "kind": "island", "lat": 5.95144, "lon": 73.4156, "area_km2": 1.4984, "zone": "Z07"}, "geometry": {"type": "Polygon", "coordinates": [[[73.40753, 5.96855], [73.40735, 5.96834], [73.40668, 5.96858], [73.40631, 5.96799], [73.40565, 5.96776], [73.40524, 5.96797], [73.4048, 5.96833], [73.40447, 5.96843], [73.40375, 5.96913], [73.40344, 5.96923], [73.40298, 5.96958], [73.40247, 5.96907], [73.40243, 5.96854], [73.40275, 5.96831], [73.40335, 5.96813], [73.40337, 5.96789], [73.40309, 5.96739], [73.4035, 5.96684], [73.40394, 5.96676], [73.40412, 5.96632], [73.40444, 5.96618], [73.40519, 5.96552], [73.40599, 5.96451], [73.40739, 5.96249], [73.40767, 5.96222], [73.40807, 5.96154], [73.40915, 5.96038], [73.40955, 5.95952], [73.41097, 5.95748], [73.41162, 5.95674], [73.41213, 5.9555], [73.41313, 5.95395], [73.41359, 5.9526], [73.4136, 5.95225], [73.41346, 5.95212], [73.4136, 5.95198], [73.414, 5.95185], [73.41475, 5.95077], [73.41494, 5.95009], [73.41562, 5.95005], [73.41589, 5.94987], [73.41589, 5.94978], [73.41598, 5.94978], [73.41633, 5.94929], [73.41817, 5.94636], [73.41862, 5.94544], [73.41993, 5.94354], [73.42088, 5.94174], [73.42173, 5.94089], [73.42199, 5.94002], [73.42285, 5.93869], [73.42398, 5.93742], [73.42414, 5.9371], [73.42619, 5.93487], [73.42756, 5.93393], [73.42834, 5.9342], [73.42873, 5.93481], [73.42868, 5.93613], [73.42832, 5.93751], [73.42768, 5.93891], [73.42717, 5.93938], [73.42703, 5.93981], [73.42694, 5.9399], [73.42702, 5.94009], [73.42681, 5.94049], [73.42608, 5.94147], [73.42533, 5.94278], [73.42472, 5.94296], [73.42429, 5.94346], [73.42419, 5.94423], [73.42363, 5.94503], [73.42345, 5.94515], [73.42299, 5.94493], [73.42299, 5.94502], [73.42281, 5.94502], [73.42273, 5.94538], [73.4232, 5.94558], [73.42292, 5.94608], [73.42146, 5.94773], [73.42106, 5.94811], [73.42061, 5.94775], [73.42033, 5.94776], [73.41967, 5.94833], [73.41779, 5.9506], [73.41714, 5.95103], [73.41614, 5.95271], [73.41594, 5.95332], [73.41476, 5.95467], [73.41374, 5.95647], [73.41275, 5.95871], [73.41126, 5.96086], [73.41055, 5.96231], [73.41032, 5.96263], [73.41045, 5.96274], [73.40987, 5.96325], [73.40987, 5.96334], [73.40974, 5.96339], [73.40941, 5.9645], [73.40922, 5.96557], [73.40954, 5.96611], [73.40899, 5.96705], [73.40879, 5.96721], [73.40871, 5.96749], [73.4082, 5.96818], [73.40753, 5.96855]]]}}, {"type": "Feature", "properties": {"id": "Z07-012", "kind": "island", "lat": 5.96747, "lon": 73.39305, "area_km2": 0.1273, "zone": "Z07"}, "geometry": {"type": "Polygon", "coordinates": [[[73.3941, 5.96555], [73.39434, 5.96566], [73.39467, 5.96603], [73.39482, 5.96721], [73.39451, 5.96838], [73.39371, 5.96926], [73.39284, 5.96962], [73.39216, 5.96958], [73.39204, 5.96932], [73.39139, 5.96849], [73.39103, 5.96832], [73.39106, 5.96774], [73.39176, 5.96711], [73.39253, 5.96613], [73.39341, 5.96557], [73.3941, 5.96555]]]}}, {"type": "Feature", "properties": {"id": "Z07-005", "kind": "island", "lat": 5.96967, "lon": 73.34587, "area_km2": 0.0001, "zone": "Z07"}, "geometry": {"type": "Polygon", "coordinates": [[[73.34582, 5.96954], [73.34593, 5.96959], [73.34586, 5.96975], [73.34582, 5.96954]]]}}, {"type": "Feature", "properties": {"id": "Z07-006", "kind": "island", "lat": 5.96967, "lon": 73.40474, "area_km2": 0.0258, "zone": "Z07"}, "geometry": {"type": "Polygon", "coordinates": [[[73.4046, 5.97039], [73.40416, 5.97031], [73.40405, 5.96995], [73.40346, 5.97021], [73.40357, 5.96942], [73.40425, 5.96942], [73.40439, 5.96927], [73.40601, 5.96918], [73.40609, 5.96943], [73.40579, 5.96991], [73.4046, 5.97039]]]}}, {"type": "Feature", "properties": {"id": "Z06-002", "kind": "island", "lat": 5.96701, "lon": 72.95339, "area_km2": 0.5671, "zone": "Z06"}, "geometry": {"type": "Polygon", "coordinates": [[[72.9558, 5.97032], [72.95513, 5.97065], [72.95317, 5.97071], [72.95257, 5.97031], [72.95216, 5.97052], [72.95176, 5.97003], [72.95034, 5.96947], [72.94997, 5.96959], [72.94953, 5.96913], [72.94884, 5.96914], [72.94836, 5.96781], [72.94892, 5.96714], [72.94998, 5.96635], [72.95102, 5.96534], [72.95114, 5.96483], [72.95133, 5.96455], [72.95193, 5.96416], [72.95292, 5.96368], [72.95476, 5.96337], [72.9555, 5.96358], [72.95636, 5.96448], [72.9569, 5.96474], [72.9569, 5.96523], [72.9578, 5.96643], [72.95779, 5.96688], [72.95723, 5.96757], [72.9566, 5.96955], [72.9558, 5.97032]]]}}, {"type": "Feature", "properties": {"id": "Z05-060", "kind": "island", "lat": 5.96881, "lon": 73.12468, "area_km2": 0.0968, "zone": "Z05"}, "geometry": {"type": "Polygon", "coordinates": [[[73.12501, 5.96685], [73.12535, 5.96708], [73.12573, 5.9675], [73.12586, 5.96823], [73.12567, 5.96968], [73.12538, 5.97049], [73.12495, 5.97104], [73.12437, 5.97122], [73.12395, 5.9712], [73.12368, 5.97047], [73.12353, 5.96939], [73.12363, 5.96784], [73.12428, 5.96704], [73.12501, 5.96685]]]}}, {"type": "Feature", "properties": {"id": "Z07-004", "kind": "island", "lat": 5.9721, "lon": 73.34514, "area_km2": 0.2119, "zone": "Z07"}, "geometry": {"type": "Polygon", "coordinates": [[[73.34609, 5.97044], [73.34618, 5.97044], [73.34618, 5.9708], [73.34627, 5.9708], [73.34645, 5.97125], [73.34636, 5.97143], [73.34702, 5.97277], [73.34708, 5.97314], [73.34717, 5.97314], [73.34717, 5.97323], [73.34856, 5.97432], [73.34766, 5.97485], [73.34697, 5.97501], [73.34555, 5.97516], [73.34444, 5.97467], [73.34406, 5.97415], [73.34389, 5.97343], [73.34356, 5.97281], [73.34362, 5.97117], [73.3439, 5.97064], [73.34447, 5.97035], [73.34435, 5.96987], [73.34447, 5.96909], [73.3444, 5.96864], [73.34446, 5.96823], [73.34465, 5.96792], [73.34509, 5.96798], [73.34538, 5.96859], [73.3451, 5.96873], [73.34512, 5.96912], [73.34554, 5.9696], [73.34572, 5.97007], [73.34609, 5.97026], [73.34609, 5.97044]]]}}, {"type": "Feature", "properties": {"id": "Z06-001", "kind": "island", "lat": 5.97866, "lon": 72.9382, "area_km2": 0.0845, "zone": "Z06"}, "geometry": {"type": "Polygon", "coordinates": [[[72.93992, 5.97819], [72.93977, 5.97899], [72.93902, 5.97947], [72.93812, 5.98028], [72.93694, 5.98035], [72.93661, 5.98004], [72.93636, 5.97914], [72.93673, 5.97833], [72.93715, 5.97804], [72.93811, 5.97804], [72.93859, 5.97771], [72.94005, 5.97745], [72.94019, 5.97768], [72.93992, 5.97819]]]}}, {"type": "Feature", "properties": {"id": "Z07-003", "kind": "island", "lat": 5.98322, "lon": 73.32374, "area_km2": 0.2666, "zone": "Z07"}, "geometry": {"type": "Polygon", "coordinates": [[[73.32615, 5.98068], [73.32665, 5.98147], [73.32664, 5.98205], [73.326, 5.98357], [73.32519, 5.98469], [73.32428, 5.98542], [73.32335, 5.98597], [73.32187, 5.9863], [73.32151, 5.98611], [73.32124, 5.98583], [73.32104, 5.98543], [73.32108, 5.98385], [73.32181, 5.98221], [73.32278, 5.98127], [73.32406, 5.98073], [73.32615, 5.98068]]]}}, {"type": "Feature", "properties": {"id": "Z05-059", "kind": "island", "lat": 5.99359, "lon": 73.21126, "area_km2": 0.0887, "zone": "Z05"}, "geometry": {"type": "Polygon", "coordinates": [[[73.20996, 5.99009], [73.21002, 5.99053], [73.21035, 5.9911], [73.21067, 5.99206], [73.21125, 5.9929], [73.21156, 5.99319], [73.21213, 5.99397], [73.21234, 5.99442], [73.21328, 5.99571], [73.21449, 5.99647], [73.21549, 5.99679], [73.21777, 5.99689], [73.21785, 5.99696], [73.21658, 5.99743], [73.21455, 5.997], [73.21287, 5.99618], [73.21179, 5.99525], [73.21139, 5.99482], [73.21043, 5.99321], [73.21, 5.99204], [73.20985, 5.99143], [73.20981, 5.99083], [73.20985, 5.99004], [73.20996, 5.99009]]]}}, {"type": "Feature", "properties": {"id": "Z07-002", "kind": "island", "lat": 5.99756, "lon": 73.30415, "area_km2": 0.0001, "zone": "Z07"}, "geometry": {"type": "Polygon", "coordinates": [[[73.30418, 5.99759], [73.30402, 5.99752], [73.30423, 5.99748], [73.30418, 5.99759]]]}}, {"type": "Feature", "properties": {"id": "Z07-001", "kind": "island", "lat": 6.00012, "lon": 73.3007, "area_km2": 0.1136, "zone": "Z07"}, "geometry": {"type": "Polygon", "coordinates": [[[73.30569, 6.00179], [73.30535, 6.00211], [73.30507, 6.00257], [73.30484, 6.00279], [73.30358, 6.00291], [73.30207, 6.00222], [73.30013, 6.00093], [73.30001, 6.00044], [73.30028, 6.00044], [73.30039, 6.00016], [73.29987, 6.00005], [73.29962, 5.9999], [73.29997, 5.99882], [73.30038, 5.99819], [73.30121, 5.99746], [73.30176, 5.99734], [73.30189, 5.99739], [73.30196, 5.99729], [73.30229, 5.99738], [73.30219, 5.9977], [73.30081, 5.99886], [73.30037, 5.99908], [73.30042, 5.9997], [73.30112, 6.00005], [73.30155, 6.00074], [73.30216, 6.00134], [73.3036, 6.0017], [73.30435, 6.00154], [73.3049, 6.00112], [73.30546, 6.00093], [73.30573, 6.00094], [73.30569, 6.00179]]]}}, {"type": "Feature", "properties": {"id": "Z05-058", "kind": "island", "lat": 6.00735, "lon": 73.1122, "area_km2": 0.2791, "zone": "Z05"}, "geometry": {"type": "Polygon", "coordinates": [[[73.11579, 6.00743], [73.11459, 6.00781], [73.11238, 6.00946], [73.11138, 6.00956], [73.10978, 6.009], [73.10867, 6.0082], [73.10849, 6.00754], [73.10857, 6.00718], [73.10866, 6.00718], [73.10874, 6.0065], [73.10902, 6.0061], [73.11195, 6.00543], [73.11281, 6.00515], [73.11349, 6.00519], [73.11345, 6.00586], [73.11396, 6.00597], [73.1145, 6.00501], [73.11464, 6.00516], [73.11513, 6.00526], [73.11577, 6.0056], [73.11616, 6.00682], [73.11579, 6.00743]]]}}, {"type": "Feature", "properties": {"id": "Z05-057", "kind": "island", "lat": 6.01491, "lon": 73.29716, "area_km2": 0.0696, "zone": "Z05"}, "geometry": {"type": "Polygon", "coordinates": [[[73.29611, 6.01675], [73.29553, 6.01677], [73.2935, 6.01588], [73.29349, 6.01567], [73.29449, 6.01577], [73.29529, 6.01562], [73.29586, 6.01535], [73.29662, 6.01479], [73.29717, 6.01393], [73.29713, 6.01293], [73.29722, 6.01293], [73.29722, 6.01284], [73.2974, 6.01284], [73.29762, 6.01304], [73.29762, 6.01343], [73.29772, 6.01351], [73.29768, 6.01441], [73.29789, 6.01502], [73.2977, 6.01568], [73.29705, 6.01638], [73.29645, 6.01638], [73.29611, 6.01675]]]}}, {"type": "Feature", "properties": {"id": "Z05-056", "kind": "island", "lat": 6.01926, "lon": 73.08811, "area_km2": 0.0256, "zone": "Z05"}, "geometry": {"type": "Polygon", "coordinates": [[[73.08966, 6.01857], [73.08811, 6.01988], [73.08758, 6.02005], [73.08643, 6.0199], [73.08634, 6.01979], [73.08792, 6.01897], [73.08929, 6.01846], [73.08966, 6.01857]]]}}, {"type": "Feature", "properties": {"id": "Z05-055", "kind": "island", "lat": 6.02027, "lon": 73.08555, "area_km2": 0.0004, "zone": "Z05"}, "geometry": {"type": "Polygon", "coordinates": [[[73.0856, 6.02033], [73.08536, 6.02021], [73.08567, 6.02012], [73.0856, 6.02033]]]}}, {"type": "Feature", "properties": {"id": "Z05-054", "kind": "island", "lat": 6.02288, "lon": 73.0796, "area_km2": 0.0001, "zone": "Z05"}, "geometry": {"type": "Polygon", "coordinates": [[[73.07962, 6.02292], [73.07954, 6.02284], [73.07965, 6.02281], [73.07962, 6.02292]]]}}, {"type": "Feature", "properties": {"id": "Z05-053", "kind": "island", "lat": 6.03669, "lon": 73.28383, "area_km2": 0.258, "zone": "Z05"}, "geometry": {"type": "Polygon", "coordinates": [[[73.28563, 6.03452], [73.28605, 6.03466], [73.28654, 6.03533], [73.2868, 6.036], [73.28675, 6.03717], [73.28644, 6.03776], [73.28588, 6.03827], [73.28521, 6.03877], [73.28444, 6.03895], [73.28339, 6.03882], [73.2833, 6.03871], [73.28271, 6.03868], [73.28209, 6.03852], [73.28179, 6.03838], [73.2815, 6.03799], [73.28132, 6.03794], [73.28096, 6.03732], [73.28083, 6.0362], [73.28156, 6.03533], [73.28287, 6.03482], [73.28339, 6.03443], [73.28563, 6.03452]]]}}, {"type": "Feature", "properties": {"id": "Z05-052", "kind": "island", "lat": 6.0528, "lon": 73.05178, "area_km2": 0.0002, "zone": "Z05"}, "geometry": {"type": "Polygon", "coordinates": [[[73.05183, 6.05284], [73.05159, 6.05277], [73.05189, 6.05273], [73.05183, 6.05284]]]}}, {"type": "Feature", "properties": {"id": "Z05-051", "kind": "island", "lat": 6.05379, "lon": 73.05158, "area_km2": 0.0001, "zone": "Z05"}, "geometry": {"type": "Polygon", "coordinates": [[[73.05159, 6.05382], [73.05151, 6.05375], [73.05162, 6.05372], [73.05159, 6.05382]]]}}, {"type": "Feature", "properties": {"id": "Z05-049", "kind": "island", "lat": 6.05441, "lon": 73.05185, "area_km2": 0.0001, "zone": "Z05"}, "geometry": {"type": "Polygon", "coordinates": [[[73.05186, 6.05445], [73.05178, 6.05437], [73.05189, 6.05434], [73.05186, 6.05445]]]}}, {"type": "Feature", "properties": {"id": "Z05-050", "kind": "island", "lat": 6.05396, "lon": 73.05402, "area_km2": 0.1077, "zone": "Z05"}, "geometry": {"type": "Polygon", "coordinates": [[[73.05505, 6.05562], [73.05432, 6.05567], [73.05365, 6.05537], [73.05301, 6.05526], [73.05236, 6.05476], [73.05227, 6.05357], [73.0527, 6.05372], [73.05344, 6.05324], [73.05419, 6.05291], [73.05416, 6.05245], [73.05433, 6.05225], [73.05477, 6.0525], [73.05526, 6.05259], [73.05588, 6.05287], [73.05643, 6.05296], [73.05669, 6.05317], [73.05593, 6.05318], [73.05584, 6.05343], [73.05569, 6.0542], [73.05602, 6.05425], [73.05637, 6.05344], [73.05662, 6.05322], [73.0566, 6.05351], [73.05643, 6.05367], [73.05611, 6.05454], [73.05602, 6.0547], [73.05593, 6.0547], [73.05593, 6.05488], [73.05575, 6.05488], [73.05575, 6.05497], [73.05566, 6.05497], [73.05566, 6.05506], [73.05557, 6.05506], [73.05539, 6.05533], [73.0553, 6.05533], [73.0553, 6.05542], [73.05521, 6.05542], [73.05505, 6.05562]]]}}, {"type": "Feature", "properties": {"id": "Z05-048", "kind": "island", "lat": 6.05697, "lon": 73.04619, "area_km2": 0.0513, "zone": "Z05"}, "geometry": {"type": "Polygon", "coordinates": [[[73.04541, 6.05811], [73.04533, 6.05722], [73.04524, 6.05716], [73.04512, 6.05679], [73.04563, 6.05599], [73.04606, 6.0555], [73.04632, 6.0556], [73.04639, 6.05548], [73.04669, 6.05559], [73.04703, 6.05588], [73.04695, 6.05605], [73.0471, 6.05612], [73.04713, 6.0565], [73.04725, 6.05654], [73.04713, 6.05659], [73.04722, 6.05729], [73.04699, 6.05809], [73.04632, 6.05804], [73.04541, 6.05811]]]}}, {"type": "Feature", "properties": {"id": "Z05-047", "kind": "island", "lat": 6.06444, "lon": 73.04441, "area_km2": 0.0015, "zone": "Z05"}, "geometry": {"type": "Polygon", "coordinates": [[[73.04452, 6.06414], [73.0445, 6.06498], [73.0444, 6.06508], [73.0443, 6.0642], [73.04452, 6.06414]]]}}, {"type": "Feature", "properties": {"id": "Z05-046", "kind": "island", "lat": 6.07072, "lon": 73.28279, "area_km2": 0.4497, "zone": "Z05"}, "geometry": {"type": "Polygon", "coordinates": [[[73.2851, 6.07735], [73.28488, 6.07754], [73.28432, 6.07842], [73.28383, 6.07873], [73.28258, 6.07863], [73.28231, 6.07832], [73.28237, 6.07762], [73.28195, 6.07663], [73.28146, 6.07356], [73.28159, 6.07321], [73.28149, 6.07294], [73.28163, 6.07181], [73.28173, 6.07173], [73.28177, 6.07132], [73.28186, 6.07132], [73.28186, 6.07096], [73.28223, 6.06881], [73.28252, 6.06814], [73.28285, 6.06701], [73.28294, 6.06701], [73.28303, 6.06652], [73.28348, 6.06548], [73.28357, 6.06548], [73.2837, 6.06519], [73.28384, 6.06512], [73.28393, 6.06476], [73.28402, 6.06476], [73.28406, 6.06457], [73.2842, 6.06449], [73.28424, 6.06426], [73.28464, 6.06369], [73.28464, 6.06351], [73.28473, 6.06351], [73.28473, 6.06342], [73.28482, 6.06342], [73.28501, 6.06318], [73.2856, 6.06277], [73.28613, 6.06284], [73.28685, 6.06348], [73.28732, 6.06432], [73.28757, 6.0652], [73.28761, 6.06683], [73.2877, 6.06683], [73.2877, 6.06746], [73.28761, 6.06746], [73.28752, 6.06764], [73.28761, 6.06764], [73.28761, 6.06854], [73.28752, 6.06854], [73.28747, 6.06897], [73.2873, 6.06912], [73.28671, 6.06826], [73.28558, 6.06796], [73.28516, 6.06761], [73.28524, 6.06722], [73.28581, 6.06692], [73.28581, 6.06683], [73.28617, 6.06683], [73.28617, 6.06692], [73.28635, 6.06683], [73.28635, 6.06674], [73.28653, 6.06674], [73.28662, 6.06656], [73.28698, 6.06647], [73.28698, 6.06638], [73.28707, 6.06638], [73.28707, 6.0662], [73.28716, 6.0662], [73.28689, 6.06521], [73.2868, 6.06521], [73.28671, 6.06503], [73.28626, 6.06483], [73.28561, 6.06501], [73.28494, 6.06555], [73.28447, 6.06633], [73.28416, 6.06741], [73.28402, 6.06818], [73.28415, 6.06886], [73.28392, 6.06985], [73.2837, 6.07037], [73.28354, 6.07147], [73.28334, 6.07199], [73.28321, 6.07321], [73.28335, 6.0736], [73.2837, 6.07532], [73.28381, 6.07564], [73.28406, 6.07586], [73.28405, 6.07601], [73.28453, 6.07616], [73.28501, 6.07598], [73.28532, 6.0755], [73.28545, 6.07541], [73.28585, 6.07565], [73.2851, 6.07735]]]}}, {"type": "Feature", "properties": {"id": "Z05-045", "kind": "island", "lat": 6.08955, "lon": 73.2038, "area_km2": 0.0674, "zone": "Z05"}, "geometry": {"type": "Polygon", "coordinates": [[[73.20348, 6.08733], [73.20374, 6.08746], [73.20389, 6.08776], [73.20398, 6.08776], [73.20416, 6.08812], [73.20443, 6.08821], [73.20456, 6.08919], [73.20457, 6.09048], [73.20445, 6.09071], [73.20269, 6.09185], [73.20232, 6.09191], [73.20308, 6.0894], [73.20321, 6.08816], [73.20344, 6.08767], [73.20332, 6.08743], [73.20348, 6.08733]]]}}, {"type": "Feature", "properties": {"id": "Z05-044", "kind": "island", "lat": 6.10346, "lon": 73.28939, "area_km2": 0.4727, "zone": "Z05"}, "geometry": {"type": "Polygon", "coordinates": [[[73.28914, 6.10771], [73.2883, 6.10817], [73.28477, 6.10891], [73.28343, 6.10883], [73.28253, 6.10811], [73.2823, 6.10589], [73.28258, 6.10529], [73.28285, 6.10498], [73.28347, 6.10476], [73.28475, 6.10456], [73.28491, 6.10485], [73.28395, 6.10498], [73.28334, 6.10571], [73.28346, 6.10669], [73.28383, 6.1071], [73.28463, 6.10739], [73.28549, 6.10724], [73.28606, 6.10698], [73.28706, 6.10628], [73.28769, 6.10554], [73.28809, 6.10442], [73.28818, 6.10298], [73.28779, 6.1012], [73.28718, 6.10008], [73.28653, 6.09958], [73.28621, 6.09966], [73.2846, 6.10043], [73.28398, 6.10007], [73.28394, 6.09944], [73.28425, 6.09908], [73.28518, 6.09854], [73.28594, 6.09822], [73.28666, 6.09804], [73.28752, 6.098], [73.28789, 6.09826], [73.28872, 6.09852], [73.28957, 6.09952], [73.28936, 6.09991], [73.29024, 6.10141], [73.29047, 6.10316], [73.2908, 6.10376], [73.29039, 6.10439], [73.29057, 6.10489], [73.29035, 6.1053], [73.29018, 6.10619], [73.28914, 6.10771]]]}}, {"type": "Feature", "properties": {"id": "Z05-043", "kind": "island", "lat": 6.11467, "lon": 73.22776, "area_km2": 0.1304, "zone": "Z05"}, "geometry": {"type": "Polygon", "coordinates": [[[73.22818, 6.11224], [73.22871, 6.1127], [73.22922, 6.11329], [73.22941, 6.11412], [73.22934, 6.11501], [73.22883, 6.11581], [73.22817, 6.11629], [73.22768, 6.11646], [73.22682, 6.11622], [73.22622, 6.11538], [73.22612, 6.11432], [73.22633, 6.11338], [73.22668, 6.11274], [73.22738, 6.11224], [73.22818, 6.11224]]]}}, {"type": "Feature", "properties": {"id": "Z05-042", "kind": "island", "lat": 6.12421, "lon": 73.25467, "area_km2": 0.178, "zone": "Z05"}, "geometry": {"type": "Polygon", "coordinates": [[[73.25341, 6.12712], [73.25311, 6.1272], [73.25259, 6.12777], [73.25235, 6.12765], [73.25271, 6.12706], [73.25275, 6.12684], [73.25284, 6.12684], [73.25324, 6.12564], [73.25358, 6.12391], [73.25364, 6.12306], [73.25351, 6.12206], [73.25325, 6.1211], [73.2534, 6.12068], [73.25365, 6.12046], [73.25365, 6.12028], [73.25383, 6.12028], [73.25383, 6.1201], [73.25437, 6.1201], [73.25437, 6.12019], [73.25476, 6.12016], [73.25514, 6.12043], [73.25602, 6.12194], [73.25612, 6.12283], [73.25575, 6.12451], [73.25493, 6.12587], [73.2544, 6.12654], [73.25401, 6.12666], [73.25341, 6.12712]]]}}, {"type": "Feature", "properties": {"id": "Z05-041", "kind": "island", "lat": 6.14011, "lon": 73.03647, "area_km2": 0.0051, "zone": "Z05"}, "geometry": {"type": "Polygon", "coordinates": [[[73.03644, 6.14022], [73.03632, 6.14035], [73.03564, 6.14027], [73.0358, 6.13991], [73.03617, 6.14004], [73.03627, 6.13993], [73.03717, 6.14002], [73.03729, 6.14022], [73.03679, 6.14017], [73.03644, 6.14022]]]}}, {"type": "Feature", "properties": {"id": "Z05-040", "kind": "island", "lat": 6.14568, "lon": 73.29376, "area_km2": 0.0001, "zone": "Z05"}, "geometry": {"type": "Polygon", "coordinates": [[[73.29378, 6.14572], [73.2937, 6.14564], [73.29381, 6.14561], [73.29378, 6.14572]]]}}, {"type": "Feature", "properties": {"id": "Z05-039", "kind": "island", "lat": 6.1463, "lon": 73.29352, "area_km2": 0.0043, "zone": "Z05"}, "geometry": {"type": "Polygon", "coordinates": [[[73.29366, 6.14696], [73.29343, 6.14709], [73.29325, 6.14654], [73.29342, 6.14607], [73.29372, 6.14597], [73.29366, 6.14696]]]}}, {"type": "Feature", "properties": {"id": "Z05-038", "kind": "island", "lat": 6.15098, "lon": 73.29238, "area_km2": 0.0186, "zone": "Z05"}, "geometry": {"type": "Polygon", "coordinates": [[[73.29269, 6.14954], [73.29269, 6.15203], [73.29237, 6.15235], [73.29196, 6.15221], [73.29198, 6.15119], [73.29244, 6.1503], [73.29215, 6.14945], [73.29264, 6.14939], [73.29269, 6.14954]]]}}, {"type": "Feature", "properties": {"id": "Z05-036", "kind": "island", "lat": 6.15868, "lon": 73.28927, "area_km2": 0.0001, "zone": "Z05"}, "geometry": {"type": "Polygon", "coordinates": [[[73.28923, 6.15864], [73.28932, 6.15864], [73.28932, 6.15873], [73.28923, 6.15873], [73.28923, 6.15864]]]}}, {"type": "Feature", "properties": {"id": "Z05-035", "kind": "island", "lat": 6.16399, "lon": 73.25125, "area_km2": 0.3909, "zone": "Z05"}, "geometry": {"type": "Polygon", "coordinates": [[[73.25315, 6.16676], [73.25288, 6.16721], [73.25248, 6.16752], [73.25168, 6.16762], [73.25112, 6.16747], [73.25079, 6.16728], [73.25007, 6.16707], [73.24915, 6.16642], [73.24854, 6.16544], [73.2484, 6.16448], [73.24853, 6.16412], [73.24857, 6.16348], [73.2488, 6.16295], [73.24921, 6.1623], [73.24943, 6.16223], [73.24958, 6.16193], [73.25043, 6.16097], [73.25153, 6.16028], [73.25213, 6.16012], [73.25288, 6.1604], [73.2534, 6.16101], [73.25388, 6.16218], [73.25392, 6.16277], [73.25414, 6.16292], [73.25419, 6.16313], [73.25431, 6.16317], [73.25419, 6.16322], [73.25415, 6.16338], [73.25396, 6.16353], [73.25388, 6.16387], [73.25419, 6.1644], [73.25405, 6.16524], [73.25432, 6.16546], [73.25344, 6.16668], [73.25315, 6.16676]]]}}, {"type": "Feature", "properties": {"id": "Z05-037", "kind": "island", "lat": 6.15393, "lon": 73.28911, "area_km2": 0.9779, "zone": "Z05"}, "geometry": {"type": "Polygon", "coordinates": [[[73.28932, 6.15873], [73.28941, 6.15873], [73.28953, 6.15939], [73.28941, 6.15945], [73.28954, 6.16006], [73.28945, 6.1616], [73.28923, 6.16223], [73.28934, 6.16335], [73.28924, 6.16409], [73.28908, 6.16434], [73.2892, 6.16485], [73.28914, 6.16502], [73.28926, 6.16511], [73.28914, 6.1652], [73.28923, 6.16538], [73.28934, 6.16542], [73.28923, 6.16547], [73.28944, 6.16596], [73.28954, 6.16685], [73.28915, 6.16772], [73.28918, 6.16886], [73.28895, 6.16905], [73.28845, 6.16901], [73.28815, 6.16834], [73.28822, 6.1682], [73.28808, 6.16812], [73.28815, 6.16798], [73.288, 6.16795], [73.28806, 6.16775], [73.28773, 6.16678], [73.2877, 6.16573], [73.28746, 6.16499], [73.2871, 6.16322], [73.2869, 6.16103], [73.28642, 6.15745], [73.28613, 6.15704], [73.2863, 6.15619], [73.28635, 6.1563], [73.28653, 6.15621], [73.28658, 6.1561], [73.28662, 6.15621], [73.28671, 6.15621], [73.28678, 6.15607], [73.28707, 6.15603], [73.28779, 6.15519], [73.28801, 6.15412], [73.28766, 6.15272], [73.28764, 6.15181], [73.2881, 6.1488], [73.28792, 6.14845], [73.28837, 6.14781], [73.28953, 6.14579], [73.28999, 6.14359], [73.29017, 6.14307], [73.29006, 6.14151], [73.28968, 6.14058], [73.2895, 6.14058], [73.2895, 6.14031], [73.28965, 6.13993], [73.29043, 6.13911], [73.29099, 6.13907], [73.2912, 6.13914], [73.29135, 6.13893], [73.29192, 6.13914], [73.29201, 6.13932], [73.2923, 6.13949], [73.29273, 6.13997], [73.29376, 6.14086], [73.29429, 6.14184], [73.29419, 6.14341], [73.29394, 6.14512], [73.29381, 6.14557], [73.29363, 6.14525], [73.29363, 6.14498], [73.2939, 6.14319], [73.29379, 6.14276], [73.29359, 6.14242], [73.29318, 6.14225], [73.29282, 6.14238], [73.29214, 6.1435], [73.29228, 6.14525], [73.29207, 6.14645], [73.29187, 6.14691], [73.29159, 6.14904], [73.29124, 6.14988], [73.29101, 6.1509], [73.29107, 6.15202], [73.29087, 6.1527], [73.2905, 6.15323], [73.29027, 6.15373], [73.29017, 6.15482], [73.2899, 6.15545], [73.28946, 6.15693], [73.28936, 6.15842], [73.28923, 6.15846], [73.28923, 6.15864], [73.28887, 6.15855], [73.28859, 6.15874], [73.28848, 6.15925], [73.28923, 6.15945], [73.28914, 6.1593], [73.28932, 6.15891], [73.28932, 6.15873]]]}}, {"type": "Feature", "properties": {"id": "Z05-033", "kind": "island", "lat": 6.18031, "lon": 73.2934, "area_km2": 0.0001, "zone": "Z05"}, "geometry": {"type": "Polygon", "coordinates": [[[73.29345, 6.18038], [73.29334, 6.18035], [73.29342, 6.18027], [73.29345, 6.18038]]]}}, {"type": "Feature", "properties": {"id": "Z05-034", "kind": "island", "lat": 6.1794, "lon": 73.29254, "area_km2": 0.0086, "zone": "Z05"}, "geometry": {"type": "Polygon", "coordinates": [[[73.29327, 6.18047], [73.29309, 6.18038], [73.29294, 6.18008], [73.29259, 6.17984], [73.29182, 6.17884], [73.29188, 6.17845], [73.29227, 6.17895], [73.29288, 6.17946], [73.29322, 6.18007], [73.29327, 6.18047]]]}}, {"type": "Feature", "properties": {"id": "Z05-032", "kind": "island", "lat": 6.18337, "lon": 73.29873, "area_km2": 0.0101, "zone": "Z05"}, "geometry": {"type": "Polygon", "coordinates": [[[73.29875, 6.18289], [73.29884, 6.18298], [73.29905, 6.18366], [73.29918, 6.18435], [73.29903, 6.18455], [73.29849, 6.18417], [73.29848, 6.18307], [73.29855, 6.18263], [73.29868, 6.18249], [73.29875, 6.18289]]]}}, {"type": "Feature", "properties": {"id": "Z05-031", "kind": "island", "lat": 6.18607, "lon": 73.29941, "area_km2": 0.0013, "zone": "Z05"}, "geometry": {"type": "Polygon", "coordinates": [[[73.2996, 6.18622], [73.29935, 6.18635], [73.29924, 6.18593], [73.29947, 6.18586], [73.2996, 6.18622]]]}}, {"type": "Feature", "properties": {"id": "Z05-028", "kind": "island", "lat": 6.18844, "lon": 73.29969, "area_km2": 0.0001, "zone": "Z05"}, "geometry": {"type": "Polygon", "coordinates": [[[73.29971, 6.18848], [73.29963, 6.1884], [73.29974, 6.18837], [73.29971, 6.18848]]]}}, {"type": "Feature", "properties": {"id": "Z05-029", "kind": "island", "lat": 6.18815, "lon": 73.30001, "area_km2": 0.0041, "zone": "Z05"}, "geometry": {"type": "Polygon", "coordinates": [[[73.30028, 6.1884], [73.30022, 6.18871], [73.29972, 6.18886], [73.29991, 6.1879], [73.30001, 6.18783], [73.30028, 6.1884]]]}}, {"type": "Feature", "properties": {"id": "Z05-030", "kind": "island", "lat": 6.18795, "lon": 73.2455, "area_km2": 0.0984, "zone": "Z05"}, "geometry": {"type": "Polygon", "coordinates": [[[73.24702, 6.18687], [73.24716, 6.18779], [73.24702, 6.18843], [73.24621, 6.18914], [73.24535, 6.18955], [73.24453, 6.18948], [73.24393, 6.18879], [73.24382, 6.1881], [73.24402, 6.18755], [73.24457, 6.18678], [73.24572, 6.18635], [73.24656, 6.18631], [73.24702, 6.18687]]]}}, {"type": "Feature", "properties": {"id": "Z05-026", "kind": "island", "lat": 6.19701, "lon": 73.03025, "area_km2": 0.372, "zone": "Z05"}, "geometry": {"type": "Polygon", "coordinates": [[[73.03212, 6.19931], [73.03114, 6.19942], [73.02991, 6.1993], [73.0286, 6.19877], [73.02781, 6.19831], [73.02646, 6.19716], [73.02583, 6.19635], [73.02562, 6.19557], [73.02586, 6.19499], [73.02744, 6.19461], [73.02916, 6.19447], [73.03023, 6.19463], [73.03176, 6.19507], [73.03204, 6.19538], [73.03275, 6.19547], [73.03366, 6.19601], [73.03391, 6.19619], [73.03384, 6.19637], [73.03398, 6.19659], [73.03392, 6.19673], [73.03412, 6.19686], [73.03423, 6.19735], [73.03401, 6.19807], [73.03375, 6.19825], [73.03375, 6.19834], [73.03366, 6.19834], [73.03366, 6.19843], [73.03357, 6.19843], [73.03336, 6.19885], [73.03312, 6.19888], [73.03312, 6.19897], [73.03276, 6.19897], [73.03276, 6.19906], [73.03212, 6.19931]]]}}, {"type": "Feature", "properties": {"id": "Z05-025", "kind": "island", "lat": 6.20091, "lon": 73.29517, "area_km2": 0.0121, "zone": "Z05"}, "geometry": {"type": "Polygon", "coordinates": [[[73.29577, 6.20044], [73.29555, 6.20125], [73.29477, 6.20142], [73.29466, 6.20058], [73.29503, 6.20028], [73.29569, 6.20023], [73.29577, 6.20044]]]}}, {"type": "Feature", "properties": {"id": "Z05-027", "kind": "island", "lat": 6.19163, "lon": 73.29915, "area_km2": 0.4975, "zone": "Z05"}, "geometry": {"type": "Polygon", "coordinates": [[[73.29345, 6.18038], [73.29517, 6.18157], [73.29547, 6.18205], [73.29619, 6.18267], [73.29649, 6.18281], [73.29744, 6.18366], [73.29736, 6.18394], [73.29683, 6.18418], [73.29646, 6.18486], [73.29654, 6.18546], [73.29683, 6.18611], [73.2968, 6.18663], [73.29704, 6.18685], [73.29704, 6.18676], [73.2974, 6.18676], [73.29771, 6.18656], [73.2982, 6.18688], [73.29899, 6.18891], [73.29933, 6.1894], [73.29945, 6.19048], [73.29983, 6.19035], [73.29992, 6.1899], [73.29961, 6.18937], [73.29994, 6.18942], [73.30001, 6.18981], [73.30013, 6.18991], [73.30036, 6.19044], [73.30094, 6.1908], [73.30106, 6.19115], [73.30096, 6.19194], [73.30059, 6.19237], [73.30048, 6.1927], [73.30056, 6.19403], [73.30044, 6.19607], [73.30061, 6.19683], [73.30048, 6.19717], [73.30019, 6.19727], [73.30001, 6.19745], [73.29949, 6.19901], [73.29914, 6.19984], [73.29861, 6.20079], [73.29839, 6.20086], [73.29833, 6.20107], [73.29812, 6.20122], [73.29818, 6.20138], [73.2974, 6.2025], [73.29689, 6.20286], [73.29605, 6.20293], [73.29587, 6.20266], [73.29604, 6.20236], [73.29668, 6.20185], [73.29656, 6.20155], [73.29677, 6.2014], [73.297, 6.20109], [73.29825, 6.19901], [73.29878, 6.19828], [73.29891, 6.19661], [73.29867, 6.19504], [73.29718, 6.19133], [73.29578, 6.1851], [73.29538, 6.18419], [73.29462, 6.1828], [73.29336, 6.18056], [73.29327, 6.18056], [73.29327, 6.18047], [73.29345, 6.18047], [73.29345, 6.18038]]]}}, {"type": "Feature", "properties": {"id": "Z05-024", "kind": "island", "lat": 6.20316, "lon": 72.99858, "area_km2": 0.0424, "zone": "Z05"}, "geometry": {"type": "Polygon", "coordinates": [[[72.99799, 6.20445], [72.9976, 6.20479], [72.99741, 6.20465], [72.99767, 6.20404], [72.99778, 6.20356], [72.99766, 6.20276], [72.99769, 6.20231], [72.99793, 6.20211], [72.99914, 6.20247], [72.99963, 6.20274], [72.99923, 6.20365], [72.99866, 6.20434], [72.99804, 6.20472], [72.99799, 6.20445]]]}}, {"type": "Feature", "properties": {"id": "Z05-023", "kind": "island", "lat": 6.20958, "lon": 73.0606, "area_km2": 0.2567, "zone": "Z05"}, "geometry": {"type": "Polygon", "coordinates": [[[73.06393, 6.21173], [73.06378, 6.21207], [73.0626, 6.21239], [73.06208, 6.21251], [73.06161, 6.21248], [73.06109, 6.21135], [73.06047, 6.2108], [73.05951, 6.21036], [73.05862, 6.21014], [73.05829, 6.20996], [73.058, 6.20934], [73.05805, 6.20851], [73.0589, 6.20731], [73.05914, 6.20708], [73.06078, 6.20737], [73.06113, 6.20681], [73.06182, 6.20701], [73.06297, 6.20752], [73.0631, 6.20858], [73.06303, 6.20876], [73.06315, 6.20906], [73.06303, 6.2093], [73.06316, 6.20941], [73.06303, 6.20975], [73.06321, 6.21029], [73.06364, 6.21089], [73.06407, 6.21114], [73.0645, 6.21152], [73.0642, 6.21173], [73.06393, 6.21173]]]}}, {"type": "Feature", "properties": {"id": "Z05-022", "kind": "island", "lat": 6.22903, "lon": 73.24149, "area_km2": 0.0644, "zone": "Z05"}, "geometry": {"type": "Polygon", "coordinates": [[[73.24175, 6.22732], [73.24251, 6.22818], [73.2427, 6.2286], [73.24254, 6.22946], [73.24225, 6.22998], [73.24143, 6.2301], [73.24085, 6.22988], [73.24045, 6.22941], [73.24027, 6.22865], [73.24034, 6.22784], [73.24095, 6.22732], [73.24175, 6.22732]]]}}, {"type": "Feature", "properties": {"id": "Z05-021", "kind": "island", "lat": 6.23488, "lon": 73.26502, "area_km2": 0.6839, "zone": "Z05"}, "geometry": {"type": "Polygon", "coordinates": [[[73.26999, 6.23895], [73.26852, 6.2398], [73.26785, 6.23996], [73.26676, 6.23967], [73.26632, 6.23904], [73.26576, 6.23879], [73.26551, 6.2385], [73.26506, 6.23836], [73.26419, 6.23718], [73.26402, 6.23661], [73.26356, 6.23564], [73.26342, 6.23373], [73.26362, 6.23243], [73.26387, 6.23144], [73.26407, 6.23099], [73.26461, 6.23036], [73.26554, 6.22984], [73.26657, 6.22976], [73.26759, 6.22999], [73.26794, 6.23014], [73.26813, 6.23001], [73.26909, 6.23078], [73.26937, 6.23113], [73.26955, 6.23113], [73.26964, 6.23131], [73.26985, 6.23137], [73.27046, 6.232], [73.27076, 6.23253], [73.27123, 6.2331], [73.27141, 6.23405], [73.27195, 6.2348], [73.27184, 6.23682], [73.27103, 6.23798], [73.26999, 6.23895]]]}}, {"type": "Feature", "properties": {"id": "Z05-020", "kind": "island", "lat": 6.26426, "lon": 73.21828, "area_km2": 0.3718, "zone": "Z05"}, "geometry": {"type": "Polygon", "coordinates": [[[73.21933, 6.26084], [73.2204, 6.26168], [73.22088, 6.26252], [73.22118, 6.26391], [73.22095, 6.2641], [73.22108, 6.26441], [73.22091, 6.26493], [73.22077, 6.265], [73.22083, 6.26513], [73.22071, 6.2655], [73.2205, 6.26563], [73.22046, 6.26598], [73.2201, 6.26621], [73.21991, 6.26651], [73.21955, 6.26682], [73.21974, 6.26716], [73.21906, 6.26769], [73.21808, 6.26783], [73.21763, 6.26769], [73.21763, 6.2676], [73.21684, 6.26755], [73.21628, 6.26733], [73.21628, 6.26724], [73.21619, 6.26724], [73.21619, 6.26715], [73.21582, 6.26683], [73.21549, 6.26592], [73.21556, 6.26395], [73.21579, 6.26306], [73.21649, 6.26188], [73.21754, 6.26113], [73.21837, 6.26076], [73.21933, 6.26084]]]}}, {"type": "Feature", "properties": {"id": "Z05-019", "kind": "island", "lat": 6.27933, "lon": 73.19595, "area_km2": 0.2463, "zone": "Z05"}, "geometry": {"type": "Polygon", "coordinates": [[[73.19575, 6.2769], [73.19699, 6.27722], [73.19781, 6.27757], [73.19861, 6.27836], [73.19872, 6.27896], [73.1984, 6.28003], [73.1979, 6.28084], [73.19708, 6.28124], [73.19614, 6.28152], [73.19515, 6.28166], [73.19425, 6.28146], [73.19345, 6.28053], [73.19325, 6.27969], [73.19334, 6.27864], [73.19356, 6.27803], [73.1942, 6.27729], [73.19501, 6.27693], [73.19575, 6.2769]]]}}, {"type": "Feature", "properties": {"id": "Z05-018", "kind": "island", "lat": 6.28424, "lon": 73.15107, "area_km2": 0.377, "zone": "Z05"}, "geometry": {"type": "Polygon", "coordinates": [[[73.15177, 6.28105], [73.15293, 6.28169], [73.15385, 6.28272], [73.15398, 6.2833], [73.15385, 6.28341], [73.15396, 6.28364], [73.15385, 6.28386], [73.154, 6.28398], [73.15421, 6.28449], [73.15407, 6.28526], [73.15379, 6.2859], [73.15288, 6.2869], [73.1521, 6.28737], [73.15102, 6.28768], [73.15015, 6.28757], [73.14999, 6.28737], [73.14972, 6.28722], [73.14936, 6.28674], [73.14883, 6.28639], [73.14851, 6.28576], [73.1487, 6.28561], [73.14855, 6.28503], [73.14826, 6.28499], [73.14804, 6.28455], [73.14801, 6.28368], [73.1481, 6.28301], [73.14856, 6.2822], [73.14921, 6.28174], [73.14963, 6.28162], [73.15029, 6.28117], [73.15113, 6.28102], [73.15177, 6.28105]]]}}, {"type": "Feature", "properties": {"id": "Z05-017", "kind": "island", "lat": 6.28631, "lon": 73.01247, "area_km2": 0.1582, "zone": "Z05"}, "geometry": {"type": "Polygon", "coordinates": [[[73.01302, 6.28309], [73.0134, 6.28406], [73.01366, 6.28504], [73.01354, 6.28704], [73.01378, 6.28724], [73.01375, 6.28776], [73.01323, 6.28809], [73.01304, 6.28849], [73.01246, 6.28916], [73.01257, 6.28922], [73.01247, 6.2894], [73.01228, 6.28943], [73.01183, 6.2897], [73.01188, 6.28984], [73.01158, 6.2903], [73.0113, 6.29046], [73.01138, 6.28968], [73.01165, 6.28961], [73.01165, 6.28898], [73.01174, 6.2888], [73.01165, 6.2888], [73.0116, 6.28858], [73.01126, 6.28559], [73.01135, 6.28411], [73.01178, 6.28332], [73.01187, 6.28272], [73.01247, 6.28247], [73.01302, 6.28309]]]}}, {"type": "Feature", "properties": {"id": "Z05-015", "kind": "island", "lat": 6.29076, "lon": 73.01115, "area_km2": 0.0001, "zone": "Z05"}, "geometry": {"type": "Polygon", "coordinates": [[[73.01117, 6.2908], [73.01109, 6.29072], [73.0112, 6.29069], [73.01117, 6.2908]]]}}, {"type": "Feature", "properties": {"id": "Z05-016", "kind": "island", "lat": 6.28678, "lon": 73.2454, "area_km2": 1.2043, "zone": "Z05"}, "geometry": {"type": "Polygon", "coordinates": [[[73.24314, 6.29482], [73.24296, 6.29491], [73.24291, 6.2951], [73.24224, 6.29592], [73.24084, 6.29661], [73.24034, 6.29653], [73.24008, 6.29629], [73.23942, 6.29533], [73.23937, 6.29419], [73.2395, 6.293], [73.23969, 6.29254], [73.24, 6.29231], [73.24018, 6.29162], [73.24072, 6.29089], [73.24099, 6.29069], [73.24124, 6.29008], [73.24197, 6.28952], [73.24221, 6.28904], [73.24305, 6.28644], [73.24329, 6.28542], [73.24343, 6.28357], [73.24326, 6.28243], [73.24266, 6.28192], [73.24278, 6.28162], [73.24269, 6.28154], [73.24285, 6.28009], [73.24203, 6.27959], [73.24193, 6.27912], [73.24215, 6.27892], [73.24194, 6.27887], [73.24215, 6.27874], [73.24221, 6.27835], [73.24233, 6.27829], [73.24273, 6.2777], [73.24325, 6.27727], [73.24482, 6.27718], [73.24593, 6.27758], [73.24611, 6.27758], [73.24611, 6.27767], [73.24653, 6.2777], [73.24733, 6.27803], [73.24818, 6.27841], [73.24903, 6.27905], [73.2495, 6.27968], [73.24943, 6.27973], [73.24966, 6.28004], [73.2497, 6.28036], [73.24984, 6.2804], [73.25006, 6.28113], [73.24979, 6.28235], [73.24932, 6.28311], [73.24907, 6.28332], [73.24903, 6.28355], [73.24874, 6.28398], [73.24871, 6.28413], [73.24883, 6.28418], [73.24871, 6.28422], [73.24864, 6.28478], [73.24844, 6.28494], [73.2485, 6.28507], [73.24836, 6.28551], [73.24817, 6.28575], [73.24772, 6.28734], [73.24714, 6.28804], [73.24677, 6.28862], [73.24656, 6.2888], [73.24632, 6.28968], [73.2462, 6.28979], [73.24519, 6.29202], [73.24371, 6.29408], [73.24341, 6.29437], [73.24341, 6.29455], [73.24332, 6.29455], [73.24332, 6.29464], [73.24323, 6.29464], [73.24314, 6.29482]]]}}, {"type": "Feature", "properties": {"id": "Z05-014", "kind": "island", "lat": 6.30241, "lon": 73.10896, "area_km2": 0.9448, "zone": "Z05"}, "geometry": {"type": "Polygon", "coordinates": [[[73.10846, 6.29613], [73.10943, 6.29679], [73.11009, 6.29751], [73.11041, 6.29801], [73.11114, 6.29883], [73.11186, 6.30018], [73.11218, 6.30048], [73.11208, 6.30075], [73.11229, 6.30092], [73.11217, 6.30102], [73.11299, 6.30214], [73.1136, 6.30421], [73.11383, 6.30464], [73.11392, 6.30531], [73.11373, 6.30586], [73.11311, 6.30682], [73.11263, 6.30739], [73.11145, 6.30806], [73.10947, 6.30823], [73.10833, 6.30793], [73.10739, 6.30721], [73.10587, 6.30496], [73.10526, 6.30367], [73.1047, 6.30198], [73.10453, 6.30096], [73.10458, 6.29966], [73.10487, 6.29885], [73.10596, 6.29743], [73.10629, 6.29712], [73.10755, 6.29625], [73.10846, 6.29613]]]}}, {"type": "Feature", "properties": {"id": "Z04-004", "kind": "island", "lat": 6.31708, "lon": 72.63961, "area_km2": 0.0001, "zone": "Z04"}, "geometry": {"type": "Polygon", "coordinates": [[[72.63962, 6.31712], [72.63954, 6.31704], [72.63965, 6.31701], [72.63962, 6.31712]]]}}, {"type": "Feature", "properties": {"id": "Z05-013", "kind": "island", "lat": 6.32306, "lon": 73.22592, "area_km2": 0.007, "zone": "Z05"}, "geometry": {"type": "Polygon", "coordinates": [[[73.22638, 6.32335], [73.22673, 6.32377], [73.22559, 6.32326], [73.2254, 6.32274], [73.22572, 6.32285], [73.22579, 6.32275], [73.22627, 6.32282], [73.22638, 6.32335]]]}}, {"type": "Feature", "properties": {"id": "Z05-012", "kind": "island", "lat": 6.32469, "lon": 73.22465, "area_km2": 0.0548, "zone": "Z05"}, "geometry": {"type": "Polygon", "coordinates": [[[73.22506, 6.3269], [73.22491, 6.3268], [73.22476, 6.3265], [73.22382, 6.32369], [73.22367, 6.32227], [73.22464, 6.32267], [73.22437, 6.32366], [73.22455, 6.32375], [73.22455, 6.32393], [73.22527, 6.32483], [73.22541, 6.3249], [73.22545, 6.32519], [73.22598, 6.32608], [73.22615, 6.32619], [73.22635, 6.32676], [73.22608, 6.32684], [73.22581, 6.32671], [73.22506, 6.3269]]]}}, {"type": "Feature", "properties": {"id": "Z05-010", "kind": "island", "lat": 6.32695, "lon": 73.14949, "area_km2": 0.6054, "zone": "Z05"}, "geometry": {"type": "Polygon", "coordinates": [[[73.1517, 6.32402], [73.15196, 6.32465], [73.15214, 6.32465], [73.15214, 6.32483], [73.15264, 6.32577], [73.15291, 6.32646], [73.15299, 6.32757], [73.15325, 6.32819], [73.15335, 6.32879], [73.15311, 6.32992], [73.15245, 6.33087], [73.15169, 6.33122], [73.1508, 6.33129], [73.15039, 6.33126], [73.15031, 6.33115], [73.14974, 6.33106], [73.14908, 6.33077], [73.149, 6.33067], [73.14868, 6.33058], [73.1485, 6.33036], [73.14839, 6.32971], [73.14741, 6.32893], [73.14711, 6.32821], [73.14667, 6.32751], [73.14612, 6.32728], [73.14594, 6.32662], [73.14582, 6.32652], [73.14577, 6.32608], [73.14577, 6.32501], [73.14565, 6.32495], [73.14577, 6.32474], [73.14569, 6.32459], [73.14577, 6.32456], [73.14577, 6.32393], [73.14585, 6.32393], [73.146, 6.32347], [73.14636, 6.3233], [73.14635, 6.32307], [73.14647, 6.32283], [73.14696, 6.32238], [73.14769, 6.32215], [73.14859, 6.32219], [73.14964, 6.32246], [73.15042, 6.32288], [73.1517, 6.32402]]]}}, {"type": "Feature", "properties": {"id": "Z05-011", "kind": "island", "lat": 6.32545, "lon": 73.2319, "area_km2": 0.2882, "zone": "Z05"}, "geometry": {"type": "Polygon", "coordinates": [[[73.22887, 6.33184], [73.22823, 6.33192], [73.2275, 6.33185], [73.22639, 6.33094], [73.22689, 6.33116], [73.2278, 6.33104], [73.22878, 6.33048], [73.2295, 6.32961], [73.2301, 6.32831], [73.2305, 6.32813], [73.23095, 6.3275], [73.23106, 6.32685], [73.23146, 6.32581], [73.23155, 6.32492], [73.23145, 6.32486], [73.23164, 6.32438], [73.23137, 6.32357], [73.23122, 6.32238], [73.23088, 6.32226], [73.23039, 6.32249], [73.22935, 6.32415], [73.22931, 6.32438], [73.2294, 6.32438], [73.2294, 6.32474], [73.22989, 6.32512], [73.22949, 6.32528], [73.22905, 6.32562], [73.22871, 6.32577], [73.22877, 6.32456], [73.22894, 6.32364], [73.22868, 6.3233], [73.22814, 6.32321], [73.2276, 6.32276], [73.22721, 6.32272], [73.22769, 6.32267], [73.2275, 6.32238], [73.22778, 6.32219], [73.22828, 6.3223], [73.22841, 6.32249], [73.22886, 6.32235], [73.22936, 6.3211], [73.22928, 6.32053], [73.22993, 6.32043], [73.2303, 6.32051], [73.23071, 6.3203], [73.23111, 6.3198], [73.23111, 6.31935], [73.23119, 6.31935], [73.23127, 6.31886], [73.2318, 6.31913], [73.23235, 6.31989], [73.23209, 6.32078], [73.23223, 6.321], [73.23241, 6.32163], [73.23259, 6.32253], [73.23267, 6.32311], [73.23254, 6.32321], [73.23269, 6.32363], [73.23267, 6.32451], [73.2316, 6.32757], [73.23128, 6.32824], [73.23106, 6.32906], [73.23093, 6.32914], [73.23089, 6.32934], [73.23075, 6.32941], [73.23035, 6.33071], [73.22994, 6.33126], [73.22956, 6.33156], [73.22887, 6.33184]]]}}, {"type": "Feature", "properties": {"id": "Z05-009", "kind": "island", "lat": 6.33796, "lon": 72.97585, "area_km2": 0.5277, "zone": "Z05"}, "geometry": {"type": "Polygon", "coordinates": [[[72.97908, 6.33707], [72.97921, 6.33903], [72.97914, 6.3402], [72.97897, 6.34118], [72.97879, 6.34184], [72.97839, 6.34258], [72.97774, 6.34316], [72.97745, 6.34328], [72.97714, 6.3426], [72.97651, 6.34188], [72.9758, 6.34146], [72.97504, 6.34122], [72.97423, 6.34107], [72.97384, 6.34063], [72.97351, 6.33977], [72.97282, 6.33893], [72.97275, 6.3383], [72.97262, 6.33821], [72.97249, 6.33772], [72.97266, 6.33767], [72.97216, 6.33718], [72.97218, 6.33702], [72.9718, 6.33664], [72.97182, 6.33645], [72.9714, 6.33579], [72.97099, 6.33547], [72.96982, 6.33426], [72.96926, 6.33354], [72.96898, 6.33327], [72.96889, 6.33327], [72.96889, 6.33318], [72.96848, 6.3327], [72.9691, 6.3326], [72.97196, 6.33386], [72.97294, 6.33438], [72.97421, 6.33554], [72.97561, 6.33629], [72.97606, 6.3368], [72.9767, 6.33686], [72.97694, 6.33674], [72.9776, 6.33686], [72.97771, 6.33645], [72.97823, 6.33633], [72.97832, 6.3357], [72.97758, 6.33626], [72.97766, 6.33591], [72.97837, 6.33546], [72.97872, 6.33557], [72.97877, 6.33588], [72.97915, 6.33649], [72.97895, 6.33695], [72.97908, 6.33707]]]}}, {"type": "Feature", "properties": {"id": "Z05-008", "kind": "island", "lat": 6.34877, "lon": 73.21002, "area_km2": 0.7653, "zone": "Z05"}, "geometry": {"type": "Polygon", "coordinates": [[[73.21018, 6.34456], [73.21165, 6.34512], [73.21391, 6.34692], [73.21452, 6.3477], [73.21467, 6.34864], [73.21462, 6.34995], [73.21441, 6.35034], [73.2133, 6.35095], [73.21235, 6.35132], [73.21127, 6.35202], [73.21004, 6.35236], [73.2093, 6.35268], [73.2079, 6.35312], [73.20713, 6.35331], [73.2058, 6.35326], [73.20559, 6.35303], [73.20502, 6.35296], [73.20491, 6.35272], [73.20477, 6.35174], [73.20455, 6.35165], [73.20447, 6.3514], [73.20487, 6.35133], [73.20511, 6.35085], [73.20514, 6.35007], [73.20534, 6.34962], [73.20547, 6.3489], [73.20517, 6.34847], [73.20549, 6.34764], [73.20575, 6.3474], [73.20673, 6.34595], [73.2075, 6.34527], [73.20762, 6.34486], [73.20828, 6.34442], [73.20847, 6.3445], [73.20878, 6.34435], [73.20892, 6.34441], [73.20901, 6.34431], [73.21018, 6.34456]]]}}, {"type": "Feature", "properties": {"id": "Z05-007", "kind": "island", "lat": 6.36037, "lon": 73.04865, "area_km2": 0.8174, "zone": "Z05"}, "geometry": {"type": "Polygon", "coordinates": [[[73.05279, 6.35995], [73.05315, 6.36058], [73.05333, 6.36067], [73.05342, 6.3613], [73.05351, 6.3613], [73.05377, 6.36204], [73.05372, 6.36269], [73.05353, 6.3634], [73.05291, 6.36393], [73.05253, 6.36437], [73.05212, 6.36462], [73.0517, 6.36512], [73.05106, 6.3652], [73.05023, 6.36502], [73.04933, 6.36494], [73.04864, 6.36479], [73.04756, 6.36439], [73.04625, 6.36381], [73.04565, 6.36331], [73.04533, 6.36256], [73.04512, 6.36241], [73.04497, 6.36202], [73.04488, 6.36202], [73.04448, 6.36122], [73.04444, 6.36085], [73.04429, 6.36063], [73.04405, 6.3588], [73.04426, 6.35869], [73.04431, 6.35819], [73.04461, 6.35744], [73.0447, 6.35744], [73.04526, 6.3567], [73.04605, 6.35636], [73.04617, 6.35622], [73.04681, 6.35586], [73.04713, 6.35582], [73.04721, 6.35572], [73.04791, 6.35543], [73.04863, 6.35554], [73.04928, 6.35573], [73.04956, 6.35609], [73.04978, 6.35616], [73.05157, 6.35775], [73.05198, 6.35833], [73.05223, 6.35823], [73.05256, 6.35864], [73.05234, 6.35869], [73.05234, 6.35905], [73.0527, 6.35959], [73.05288, 6.35968], [73.05288, 6.35995], [73.05279, 6.35995]]]}}, {"type": "Feature", "properties": {"id": "Z05-006", "kind": "island", "lat": 6.39573, "lon": 72.92608, "area_km2": 0.0133, "zone": "Z05"}, "geometry": {"type": "Polygon", "coordinates": [[[72.92647, 6.395], [72.92644, 6.39567], [72.92631, 6.39579], [72.92624, 6.39637], [72.92574, 6.39682], [72.92542, 6.39691], [72.92612, 6.39471], [72.92627, 6.39458], [72.92647, 6.395]]]}}, {"type": "Feature", "properties": {"id": "Z04-003", "kind": "island", "lat": 6.39611, "lon": 72.69446, "area_km2": 0.0321, "zone": "Z04"}, "geometry": {"type": "Polygon", "coordinates": [[[72.6939, 6.39494], [72.69531, 6.39576], [72.6953, 6.39595], [72.69464, 6.39702], [72.69429, 6.39727], [72.69382, 6.39626], [72.69337, 6.39561], [72.6931, 6.39561], [72.6931, 6.39525], [72.69328, 6.39525], [72.69362, 6.39493], [72.6939, 6.39494]]]}}, {"type": "Feature", "properties": {"id": "Z04-002", "kind": "island", "lat": 6.40893, "lon": 72.64548, "area_km2": 0.0102, "zone": "Z04"}, "geometry": {"type": "Polygon", "coordinates": [[[72.64625, 6.40903], [72.64598, 6.4094], [72.64549, 6.40945], [72.64504, 6.40918], [72.64486, 6.40918], [72.64486, 6.40882], [72.64548, 6.40851], [72.64625, 6.40903]]]}}, {"type": "Feature", "properties": {"id": "Z04-001", "kind": "island", "lat": 6.40921, "lon": 72.70546, "area_km2": 0.6971, "zone": "Z04"}, "geometry": {"type": "Polygon", "coordinates": [[[72.71034, 6.41551], [72.70989, 6.4156], [72.70867, 6.41518], [72.70736, 6.41555], [72.70656, 6.4155], [72.70601, 6.4153], [72.70535, 6.41441], [72.70476, 6.41325], [72.70424, 6.41278], [72.70399, 6.41202], [72.70301, 6.41032], [72.70258, 6.41021], [72.70249, 6.40938], [72.70216, 6.40872], [72.70209, 6.40819], [72.70142, 6.40747], [72.70101, 6.40666], [72.70029, 6.40478], [72.70007, 6.40462], [72.69983, 6.40341], [72.69993, 6.40334], [72.69997, 6.4029], [72.70071, 6.40322], [72.70128, 6.40397], [72.70173, 6.40424], [72.70179, 6.40445], [72.70236, 6.40478], [72.70264, 6.40481], [72.70272, 6.40496], [72.70383, 6.40526], [72.70466, 6.40503], [72.70608, 6.40609], [72.7064, 6.40648], [72.70691, 6.40672], [72.70846, 6.40847], [72.70893, 6.413], [72.70909, 6.41376], [72.70918, 6.41376], [72.70918, 6.41403], [72.70967, 6.41449], [72.71034, 6.41551]]]}}, {"type": "Feature", "properties": {"id": "Z05-005", "kind": "island", "lat": 6.42999, "lon": 72.93002, "area_km2": 0.8787, "zone": "Z05"}, "geometry": {"type": "Polygon", "coordinates": [[[72.93745, 6.43074], [72.93807, 6.43189], [72.93761, 6.43247], [72.93663, 6.43277], [72.93467, 6.43371], [72.93353, 6.43408], [72.93197, 6.43401], [72.93026, 6.43344], [72.93, 6.43316], [72.92704, 6.43176], [72.92475, 6.43023], [72.92397, 6.42948], [72.92388, 6.42948], [72.92388, 6.42939], [72.92191, 6.42825], [72.92177, 6.42807], [72.92215, 6.42753], [72.92288, 6.42719], [72.92334, 6.42714], [72.92334, 6.42705], [72.9237, 6.42705], [72.92382, 6.42692], [72.92648, 6.42597], [72.92694, 6.42607], [72.92698, 6.42595], [72.92708, 6.42611], [72.92795, 6.42622], [72.92893, 6.4265], [72.92981, 6.42688], [72.93067, 6.42692], [72.93124, 6.42716], [72.93263, 6.42789], [72.93314, 6.4284], [72.93381, 6.42872], [72.93467, 6.42929], [72.93484, 6.42957], [72.93584, 6.4302], [72.93637, 6.43013], [72.93662, 6.42989], [72.93682, 6.43002], [72.93704, 6.42988], [72.93737, 6.43011], [72.93745, 6.43074]]]}}, {"type": "Feature", "properties": {"id": "Z05-003", "kind": "island", "lat": 6.43611, "lon": 72.90758, "area_km2": 0.0197, "zone": "Z05"}, "geometry": {"type": "Polygon", "coordinates": [[[72.90771, 6.43496], [72.90801, 6.43522], [72.9082, 6.43651], [72.90765, 6.43675], [72.90696, 6.4366], [72.90705, 6.43571], [72.90743, 6.43504], [72.90771, 6.43496]]]}}, {"type": "Feature", "properties": {"id": "Z05-004", "kind": "island", "lat": 6.43411, "lon": 73.06928, "area_km2": 0.3483, "zone": "Z05"}, "geometry": {"type": "Polygon", "coordinates": [[[73.0674, 6.43107], [73.06968, 6.4317], [73.06986, 6.43191], [73.0702, 6.43207], [73.07037, 6.43246], [73.07074, 6.43276], [73.07148, 6.43286], [73.07156, 6.43316], [73.07205, 6.43358], [73.07277, 6.43469], [73.07286, 6.43562], [73.07255, 6.43646], [73.07198, 6.43695], [73.07071, 6.43707], [73.06965, 6.43678], [73.06923, 6.43649], [73.06828, 6.43622], [73.06705, 6.43535], [73.06653, 6.43475], [73.06626, 6.43415], [73.06617, 6.43415], [73.06579, 6.43355], [73.06573, 6.43316], [73.06564, 6.43316], [73.06569, 6.43204], [73.06599, 6.43173], [73.06636, 6.4315], [73.0674, 6.43107]]]}}, {"type": "Feature", "properties": {"id": "Z05-002", "kind": "island", "lat": 6.44066, "lon": 72.91708, "area_km2": 0.7982, "zone": "Z05"}, "geometry": {"type": "Polygon", "coordinates": [[[72.9184, 6.4443], [72.91777, 6.4443], [72.91777, 6.44394], [72.91754, 6.44368], [72.91589, 6.44346], [72.9155, 6.4439], [72.91497, 6.44374], [72.91469, 6.44348], [72.9144, 6.44287], [72.91383, 6.44223], [72.91241, 6.44149], [72.91229, 6.44134], [72.91192, 6.44113], [72.91166, 6.4408], [72.91157, 6.4408], [72.91148, 6.44053], [72.91122, 6.44035], [72.91122, 6.44026], [72.91014, 6.43891], [72.90996, 6.43882], [72.90987, 6.43855], [72.90958, 6.43828], [72.90893, 6.43716], [72.91108, 6.43717], [72.91193, 6.43712], [72.91198, 6.437], [72.91202, 6.43712], [72.9131, 6.43721], [72.91546, 6.43708], [72.91716, 6.43736], [72.91732, 6.43757], [72.91756, 6.43747], [72.91822, 6.43765], [72.91842, 6.43758], [72.91893, 6.43773], [72.92015, 6.43841], [72.92119, 6.43873], [72.92123, 6.43862], [72.92128, 6.43873], [72.92184, 6.43914], [72.92173, 6.43918], [72.92182, 6.43936], [72.9221, 6.43956], [72.92199, 6.43963], [72.92209, 6.43981], [72.92226, 6.4399], [72.9224, 6.43954], [72.92287, 6.43973], [72.92324, 6.44028], [72.92338, 6.44089], [72.92313, 6.44111], [72.92304, 6.44075], [72.92284, 6.44049], [72.92253, 6.44044], [72.92293, 6.44144], [72.92227, 6.44247], [72.92176, 6.44291], [72.92037, 6.44354], [72.91954, 6.44422], [72.91867, 6.44415], [72.9184, 6.44421], [72.9184, 6.4443]]]}}, {"type": "Feature", "properties": {"id": "Z05-001", "kind": "island", "lat": 6.45007, "lon": 73.05982, "area_km2": 0.1794, "zone": "Z05"}, "geometry": {"type": "Polygon", "coordinates": [[[73.05944, 6.44818], [73.06077, 6.44833], [73.0614, 6.44868], [73.06198, 6.44949], [73.06211, 6.45045], [73.06208, 6.45079], [73.06168, 6.45169], [73.06109, 6.45221], [73.06036, 6.45243], [73.0602, 6.45225], [73.05955, 6.45205], [73.05868, 6.45151], [73.0577, 6.45034], [73.05745, 6.44979], [73.05751, 6.44905], [73.05799, 6.44844], [73.05868, 6.44813], [73.05935, 6.44808], [73.05944, 6.44818]]]}}, {"type": "Feature", "properties": {"id": "Z03-039", "kind": "island", "lat": 6.47795, "lon": 72.90253, "area_km2": 0.1204, "zone": "Z03"}, "geometry": {"type": "Polygon", "coordinates": [[[72.90209, 6.47963], [72.90122, 6.47974], [72.90045, 6.47931], [72.9003, 6.47907], [72.90065, 6.47813], [72.90141, 6.47711], [72.90174, 6.47696], [72.90226, 6.47653], [72.90291, 6.47624], [72.90358, 6.47619], [72.9044, 6.47673], [72.90454, 6.47721], [72.90418, 6.47819], [72.90388, 6.47873], [72.90339, 6.47915], [72.90209, 6.47963]]]}}, {"type": "Feature", "properties": {"id": "Z03-038", "kind": "island", "lat": 6.51539, "lon": 73.05415, "area_km2": 0.3685, "zone": "Z03"}, "geometry": {"type": "Polygon", "coordinates": [[[73.05624, 6.51328], [73.05714, 6.51398], [73.05766, 6.51469], [73.05795, 6.516], [73.0575, 6.51665], [73.05658, 6.51724], [73.05543, 6.51777], [73.05422, 6.51799], [73.05292, 6.51792], [73.05142, 6.51738], [73.05055, 6.51691], [73.05038, 6.51672], [73.05019, 6.51631], [73.05023, 6.51565], [73.05045, 6.51545], [73.05061, 6.51495], [73.05106, 6.51432], [73.05197, 6.5135], [73.05347, 6.51281], [73.05496, 6.51271], [73.05624, 6.51328]]]}}, {"type": "Feature", "properties": {"id": "Z03-037", "kind": "island", "lat": 6.54062, "lon": 72.8867, "area_km2": 0.0005, "zone": "Z03"}, "geometry": {"type": "Polygon", "coordinates": [[[72.88674, 6.5408], [72.88647, 6.54072], [72.88678, 6.54051], [72.88674, 6.5408]]]}}, {"type": "Feature", "properties": {"id": "Z03-036", "kind": "island", "lat": 6.54132, "lon": 72.90107, "area_km2": 0.5293, "zone": "Z03"}, "geometry": {"type": "Polygon", "coordinates": [[[72.90461, 6.54355], [72.90438, 6.54421], [72.90391, 6.54469], [72.90266, 6.54356], [72.90189, 6.54334], [72.90095, 6.54359], [72.90088, 6.54375], [72.90109, 6.54394], [72.9003, 6.54422], [72.90044, 6.54375], [72.89967, 6.54371], [72.89936, 6.54312], [72.89819, 6.54186], [72.8963, 6.54078], [72.89618, 6.54091], [72.89612, 6.54051], [72.89603, 6.54051], [72.89603, 6.54042], [72.89542, 6.5402], [72.89531, 6.54006], [72.89491, 6.54002], [72.89361, 6.53966], [72.89271, 6.53952], [72.89133, 6.53945], [72.88921, 6.5397], [72.88903, 6.53979], [72.88849, 6.53979], [72.88696, 6.54015], [72.88678, 6.54015], [72.88678, 6.53997], [72.88665, 6.53985], [72.88681, 6.53914], [72.88724, 6.53867], [72.88799, 6.53844], [72.88926, 6.53786], [72.89035, 6.53839], [72.89273, 6.53851], [72.8941, 6.53903], [72.89501, 6.53951], [72.8963, 6.53988], [72.89636, 6.53978], [72.89657, 6.53988], [72.89662, 6.53977], [72.89666, 6.53988], [72.89735, 6.53993], [72.89747, 6.54006], [72.89813, 6.54001], [72.89923, 6.53969], [72.90089, 6.53956], [72.9017, 6.53913], [72.90254, 6.5384], [72.90379, 6.53759], [72.9043, 6.53828], [72.90479, 6.53966], [72.90488, 6.54212], [72.90461, 6.54355]]]}}, {"type": "Feature", "properties": {"id": "Z03-035", "kind": "island", "lat": 6.5429, "lon": 72.98, "area_km2": 1.5959, "zone": "Z03"}, "geometry": {"type": "Polygon", "coordinates": [[[72.98283, 6.5483], [72.98192, 6.54875], [72.98058, 6.54892], [72.97942, 6.54885], [72.97843, 6.54858], [72.97771, 6.54827], [72.9771, 6.5483], [72.97553, 6.54716], [72.97544, 6.54689], [72.97503, 6.54661], [72.97505, 6.54648], [72.97436, 6.54599], [72.97357, 6.54499], [72.97347, 6.54464], [72.97316, 6.54441], [72.97311, 6.54411], [72.97286, 6.54375], [72.97247, 6.54151], [72.97253, 6.54077], [72.97276, 6.54016], [72.97337, 6.53945], [72.97466, 6.53836], [72.97553, 6.53782], [72.97629, 6.53745], [72.97685, 6.53732], [72.97828, 6.53724], [72.97907, 6.537], [72.97983, 6.53721], [72.98223, 6.53813], [72.98317, 6.53872], [72.98335, 6.53872], [72.98335, 6.53881], [72.98439, 6.5392], [72.98527, 6.53967], [72.98574, 6.54028], [72.98625, 6.54067], [72.98667, 6.54123], [72.98676, 6.54123], [72.98676, 6.54132], [72.98698, 6.54149], [72.98685, 6.54159], [72.98723, 6.54237], [72.98735, 6.54325], [72.9873, 6.54366], [72.98751, 6.54391], [72.98732, 6.54468], [72.98712, 6.54473], [72.98667, 6.54571], [72.9864, 6.54611], [72.98602, 6.54646], [72.98551, 6.54653], [72.98528, 6.54666], [72.98368, 6.54808], [72.98283, 6.5483]]]}}, {"type": "Feature", "properties": {"id": "Z03-034", "kind": "island", "lat": 6.5495, "lon": 72.95307, "area_km2": 0.9756, "zone": "Z03"}, "geometry": {"type": "Polygon", "coordinates": [[[72.95879, 6.55236], [72.95676, 6.55273], [72.9562, 6.55302], [72.95428, 6.55321], [72.95255, 6.55303], [72.95217, 6.55259], [72.95125, 6.55238], [72.94994, 6.55221], [72.9495, 6.55237], [72.9491, 6.55209], [72.94859, 6.55186], [72.94841, 6.55165], [72.94755, 6.5516], [72.94621, 6.55044], [72.94593, 6.55035], [72.94544, 6.54994], [72.94538, 6.55006], [72.94523, 6.54982], [72.94535, 6.54976], [72.94516, 6.54923], [72.94532, 6.54888], [72.94611, 6.548], [72.94656, 6.54768], [72.94811, 6.54698], [72.94989, 6.54649], [72.95134, 6.5464], [72.95146, 6.54653], [72.95168, 6.54642], [72.95191, 6.54653], [72.9521, 6.54631], [72.95436, 6.54659], [72.95469, 6.54671], [72.95477, 6.54661], [72.9555, 6.5468], [72.95653, 6.54685], [72.95795, 6.54722], [72.95905, 6.54768], [72.95995, 6.54832], [72.96065, 6.54908], [72.96109, 6.54984], [72.9612, 6.55051], [72.9607, 6.55117], [72.95987, 6.55184], [72.95879, 6.55236]]]}}, {"type": "Feature", "properties": {"id": "Z03-033", "kind": "island", "lat": 6.56653, "lon": 72.98315, "area_km2": 0.0192, "zone": "Z03"}, "geometry": {"type": "Polygon", "coordinates": [[[72.98367, 6.56602], [72.98398, 6.56641], [72.98389, 6.56665], [72.984, 6.5667], [72.98331, 6.56705], [72.98243, 6.56694], [72.98232, 6.56629], [72.98255, 6.56591], [72.9831, 6.5658], [72.98367, 6.56602]]]}}, {"type": "Feature", "properties": {"id": "Z03-032", "kind": "island", "lat": 6.57113, "lon": 73.0528, "area_km2": 1.7445, "zone": "Z03"}, "geometry": {"type": "Polygon", "coordinates": [[[73.05175, 6.58068], [73.05122, 6.58093], [73.05021, 6.58107], [73.0495, 6.58089], [73.04849, 6.58012], [73.04794, 6.57941], [73.0478, 6.57937], [73.04719, 6.57852], [73.04704, 6.57815], [73.04675, 6.5779], [73.04646, 6.57692], [73.04641, 6.57564], [73.0465, 6.57564], [73.04637, 6.5753], [73.0465, 6.57449], [73.04689, 6.57342], [73.04713, 6.57303], [73.04734, 6.57224], [73.04749, 6.57231], [73.04757, 6.57201], [73.04817, 6.5712], [73.04837, 6.57034], [73.04848, 6.57025], [73.04848, 6.56998], [73.04857, 6.56998], [73.04849, 6.56945], [73.04921, 6.56951], [73.04978, 6.56872], [73.04983, 6.56836], [73.04973, 6.56798], [73.05067, 6.56687], [73.05116, 6.566], [73.05174, 6.56463], [73.05262, 6.56324], [73.05355, 6.56221], [73.0539, 6.56144], [73.05448, 6.56116], [73.05503, 6.56135], [73.05616, 6.56238], [73.05703, 6.56436], [73.05733, 6.56709], [73.05741, 6.57173], [73.05714, 6.57382], [73.05691, 6.57425], [73.05643, 6.57613], [73.05605, 6.57715], [73.05568, 6.5777], [73.05499, 6.5781], [73.05405, 6.57893], [73.05333, 6.57932], [73.05315, 6.57968], [73.05306, 6.57968], [73.05175, 6.58068]]]}}, {"type": "Feature", "properties": {"id": "Z03-031", "kind": "island", "lat": 6.60291, "lon": 73.00918, "area_km2": 0.8195, "zone": "Z03"}, "geometry": {"type": "Polygon", "coordinates": [[[73.01169, 6.59697], [73.01256, 6.59753], [73.01309, 6.59821], [73.01354, 6.59938], [73.01367, 6.60045], [73.01315, 6.60236], [73.01261, 6.60387], [73.01211, 6.60484], [73.01172, 6.60519], [73.01075, 6.6064], [73.00959, 6.60758], [73.00863, 6.60836], [73.00777, 6.60863], [73.00669, 6.60844], [73.00606, 6.608], [73.0056, 6.60748], [73.0052, 6.60662], [73.00496, 6.60559], [73.00506, 6.60396], [73.00549, 6.60275], [73.00637, 6.6009], [73.00768, 6.59924], [73.00884, 6.5982], [73.0102, 6.59725], [73.0108, 6.59698], [73.01169, 6.59697]]]}}, {"type": "Feature", "properties": {"id": "Z03-030", "kind": "island", "lat": 6.62312, "lon": 73.06963, "area_km2": 2.1971, "zone": "Z03"}, "geometry": {"type": "Polygon", "coordinates": [[[73.06788, 6.63144], [73.06698, 6.63178], [73.06677, 6.63203], [73.06549, 6.63277], [73.06494, 6.63293], [73.06438, 6.6334], [73.06438, 6.63376], [73.06411, 6.63394], [73.06302, 6.63411], [73.0624, 6.63367], [73.06216, 6.63265], [73.06219, 6.6323], [73.06258, 6.63223], [73.06321, 6.63179], [73.0633, 6.63142], [73.06339, 6.63142], [73.06348, 6.63061], [73.06343, 6.62851], [73.06371, 6.62813], [73.06415, 6.62726], [73.06411, 6.62666], [73.06362, 6.62639], [73.06406, 6.6241], [73.06421, 6.62383], [73.06326, 6.62371], [73.06335, 6.62323], [73.06394, 6.623], [73.0645, 6.62243], [73.06467, 6.62195], [73.06541, 6.61824], [73.0653, 6.61803], [73.06496, 6.61772], [73.06434, 6.61753], [73.06447, 6.61711], [73.06479, 6.617], [73.06595, 6.61717], [73.06604, 6.61728], [73.06626, 6.61732], [73.06626, 6.61723], [73.06635, 6.61723], [73.06684, 6.61665], [73.06687, 6.61623], [73.06635, 6.61516], [73.06583, 6.61447], [73.06588, 6.61425], [73.06631, 6.61402], [73.06644, 6.61408], [73.06653, 6.6139], [73.06671, 6.6139], [73.06671, 6.61381], [73.06689, 6.61381], [73.06689, 6.61372], [73.06707, 6.61372], [73.06804, 6.61327], [73.06852, 6.61361], [73.06915, 6.6136], [73.06963, 6.61347], [73.07063, 6.61245], [73.07112, 6.61222], [73.07168, 6.61225], [73.07259, 6.61275], [73.07381, 6.61424], [73.07403, 6.61503], [73.07467, 6.61638], [73.07466, 6.61656], [73.07539, 6.61915], [73.07534, 6.61929], [73.07547, 6.61936], [73.07555, 6.61959], [73.07543, 6.61965], [73.07564, 6.62037], [73.07552, 6.62046], [73.07582, 6.62188], [73.07561, 6.62244], [73.07574, 6.62263], [73.07535, 6.62441], [73.07525, 6.6245], [73.07508, 6.62539], [73.0748, 6.62576], [73.07461, 6.62657], [73.07435, 6.62675], [73.07429, 6.62699], [73.07403, 6.62733], [73.07392, 6.6276], [73.07372, 6.62774], [73.07368, 6.62797], [73.07354, 6.62819], [73.07366, 6.62827], [73.07357, 6.62862], [73.0733, 6.62894], [73.07309, 6.629], [73.07286, 6.62923], [73.07209, 6.62948], [73.06982, 6.63156], [73.06962, 6.63164], [73.0686, 6.63241], [73.06681, 6.63351], [73.06622, 6.63365], [73.06653, 6.63312], [73.0668, 6.63304], [73.06685, 6.63292], [73.06689, 6.63304], [73.06712, 6.63291], [73.06752, 6.63259], [73.06752, 6.6325], [73.06761, 6.6325], [73.06802, 6.63201], [73.06806, 6.63151], [73.06788, 6.63144]]]}}, {"type": "Feature", "properties": {"id": "Z03-028", "kind": "island", "lat": 6.64357, "lon": 72.9162, "area_km2": 0.0001, "zone": "Z03"}, "geometry": {"type": "Polygon", "coordinates": [[[72.91625, 6.64364], [72.91614, 6.64361], [72.91621, 6.64353], [72.91625, 6.64364]]]}}, {"type": "Feature", "properties": {"id": "Z03-027", "kind": "island", "lat": 6.64368, "lon": 72.91634, "area_km2": 0.0002, "zone": "Z03"}, "geometry": {"type": "Polygon", "coordinates": [[[72.91625, 6.64364], [72.91643, 6.64364], [72.91643, 6.64373], [72.91625, 6.64373], [72.91625, 6.64364]]]}}, {"type": "Feature", "properties": {"id": "Z03-026", "kind": "island", "lat": 6.64377, "lon": 72.91652, "area_km2": 0.0002, "zone": "Z03"}, "geometry": {"type": "Polygon", "coordinates": [[[72.91643, 6.64373], [72.9166, 6.64373], [72.9166, 6.64382], [72.91643, 6.64382], [72.91643, 6.64373]]]}}, {"type": "Feature", "properties": {"id": "Z03-025", "kind": "island", "lat": 6.64386, "lon": 72.91669, "area_km2": 0.0002, "zone": "Z03"}, "geometry": {"type": "Polygon", "coordinates": [[[72.9166, 6.64382], [72.91678, 6.64382], [72.91678, 6.64391], [72.9166, 6.64391], [72.9166, 6.64382]]]}}, {"type": "Feature", "properties": {"id": "Z03-024", "kind": "island", "lat": 6.64398, "lon": 72.91683, "area_km2": 0.0001, "zone": "Z03"}, "geometry": {"type": "Polygon", "coordinates": [[[72.91678, 6.64391], [72.91689, 6.64394], [72.91682, 6.64402], [72.91678, 6.64391]]]}}, {"type": "Feature", "properties": {"id": "Z03-023", "kind": "island", "lat": 6.64425, "lon": 72.91913, "area_km2": 0.0001, "zone": "Z03"}, "geometry": {"type": "Polygon", "coordinates": [[[72.91916, 6.64429], [72.919, 6.64421], [72.91921, 6.64418], [72.91916, 6.64429]]]}}, {"type": "Feature", "properties": {"id": "Z03-029", "kind": "island", "lat": 6.64256, "lon": 72.92082, "area_km2": 0.2219, "zone": "Z03"}, "geometry": {"type": "Polygon", "coordinates": [[[72.92244, 6.64346], [72.92178, 6.64405], [72.92124, 6.64423], [72.92013, 6.64437], [72.91935, 6.64413], [72.91751, 6.64405], [72.91613, 6.64343], [72.91526, 6.64328], [72.91526, 6.64319], [72.91486, 6.64325], [72.91497, 6.64284], [72.91517, 6.64292], [72.91526, 6.64279], [72.91535, 6.64292], [72.91557, 6.64278], [72.91609, 6.64266], [72.91766, 6.64246], [72.91842, 6.64214], [72.92037, 6.64194], [72.92098, 6.64141], [72.92217, 6.64114], [72.92286, 6.64085], [72.92354, 6.64091], [72.92417, 6.6414], [72.92472, 6.64228], [72.92482, 6.64298], [72.92423, 6.64316], [72.9231, 6.64316], [72.92262, 6.64337], [72.92262, 6.64346], [72.92244, 6.64346]]]}}, {"type": "Feature", "properties": {"id": "Z03-022", "kind": "island", "lat": 6.65786, "lon": 72.93656, "area_km2": 0.4334, "zone": "Z03"}, "geometry": {"type": "Polygon", "coordinates": [[[72.93785, 6.65492], [72.93887, 6.65532], [72.9395, 6.65584], [72.9399, 6.65648], [72.94002, 6.65752], [72.93978, 6.65897], [72.93939, 6.65962], [72.93865, 6.66028], [72.9377, 6.66071], [72.93651, 6.66104], [72.935, 6.66124], [72.93405, 6.66119], [72.93325, 6.66008], [72.93291, 6.65947], [72.9332, 6.65757], [72.93336, 6.65743], [72.9335, 6.65699], [72.9341, 6.65595], [72.93486, 6.65523], [72.93561, 6.655], [72.93785, 6.65492]]]}}, {"type": "Feature", "properties": {"id": "Z03-021", "kind": "island", "lat": 6.65817, "lon": 73.02762, "area_km2": 0.4407, "zone": "Z03"}, "geometry": {"type": "Polygon", "coordinates": [[[73.0274, 6.65458], [73.0287, 6.65464], [73.02933, 6.65487], [73.03026, 6.65566], [73.03073, 6.65651], [73.03082, 6.65768], [73.03052, 6.65871], [73.03016, 6.65957], [73.0296, 6.66048], [73.02885, 6.66115], [73.02827, 6.66152], [73.02705, 6.66199], [73.02584, 6.66191], [73.02526, 6.6616], [73.02466, 6.66093], [73.02443, 6.65994], [73.02446, 6.65866], [73.02468, 6.65762], [73.02503, 6.6568], [73.02567, 6.65577], [73.02659, 6.65495], [73.0274, 6.65458]]]}}, {"type": "Feature", "properties": {"id": "Z03-019", "kind": "island", "lat": 6.66544, "lon": 72.99696, "area_km2": 0.3578, "zone": "Z03"}, "geometry": {"type": "Polygon", "coordinates": [[[72.99828, 6.6622], [72.9989, 6.66243], [72.99964, 6.66328], [72.9997, 6.66403], [72.99986, 6.66429], [72.99976, 6.66601], [72.9993, 6.66622], [72.99899, 6.66675], [72.99929, 6.66711], [72.9988, 6.66717], [72.99837, 6.66764], [72.99796, 6.66792], [72.99772, 6.66798], [72.99755, 6.66818], [72.99682, 6.66864], [72.99556, 6.66874], [72.99468, 6.66843], [72.99403, 6.66808], [72.99395, 6.6678], [72.99386, 6.6678], [72.99386, 6.66762], [72.99377, 6.66762], [72.99358, 6.66696], [72.99375, 6.66599], [72.99395, 6.66583], [72.99403, 6.66551], [72.99422, 6.66538], [72.99459, 6.6644], [72.99521, 6.66361], [72.9963, 6.6627], [72.99678, 6.66255], [72.99705, 6.66237], [72.9978, 6.66216], [72.99828, 6.6622]]]}}, {"type": "Feature", "properties": {"id": "Z03-020", "kind": "island", "lat": 6.66238, "lon": 73.08243, "area_km2": 1.8347, "zone": "Z03"}, "geometry": {"type": "Polygon", "coordinates": [[[73.08689, 6.66493], [73.08723, 6.66519], [73.08711, 6.66529], [73.08719, 6.66552], [73.08714, 6.66614], [73.08685, 6.6672], [73.08649, 6.6677], [73.08618, 6.66841], [73.0857, 6.66875], [73.08522, 6.66971], [73.08499, 6.66991], [73.08477, 6.67026], [73.08415, 6.67047], [73.08419, 6.67095], [73.08373, 6.67135], [73.08282, 6.67186], [73.08187, 6.672], [73.08125, 6.67195], [73.08002, 6.67138], [73.07906, 6.67064], [73.0787, 6.67017], [73.07815, 6.66916], [73.07817, 6.66892], [73.07807, 6.66884], [73.07803, 6.66805], [73.07789, 6.66776], [73.07771, 6.66623], [73.0776, 6.66362], [73.07772, 6.66363], [73.07776, 6.66349], [73.07756, 6.66345], [73.07767, 6.6634], [73.07776, 6.66322], [73.07767, 6.66304], [73.07758, 6.66304], [73.07747, 6.66259], [73.07767, 6.66196], [73.07789, 6.66038], [73.07803, 6.66008], [73.07783, 6.66], [73.07773, 6.65951], [73.07794, 6.65936], [73.07794, 6.65927], [73.07803, 6.65927], [73.07796, 6.65898], [73.07809, 6.65877], [73.07791, 6.65864], [73.07808, 6.65842], [73.07819, 6.65705], [73.07835, 6.65662], [73.07857, 6.6555], [73.07846, 6.65544], [73.07922, 6.65415], [73.08022, 6.65338], [73.08046, 6.65334], [73.08046, 6.65307], [73.08091, 6.65307], [73.08091, 6.65316], [73.08151, 6.65295], [73.08282, 6.65322], [73.08422, 6.65399], [73.08513, 6.65465], [73.08558, 6.65464], [73.08607, 6.65498], [73.08652, 6.65546], [73.08728, 6.65675], [73.08772, 6.65768], [73.08787, 6.65835], [73.08746, 6.65981], [73.08758, 6.6602], [73.08746, 6.66044], [73.08763, 6.66144], [73.08719, 6.66196], [73.08743, 6.66264], [73.08729, 6.663], [73.08715, 6.66412], [73.08739, 6.66452], [73.08717, 6.6649], [73.08702, 6.66484], [73.08689, 6.66493]]]}}, {"type": "Feature", "properties": {"id": "Z03-018", "kind": "island", "lat": 6.67043, "lon": 72.89617, "area_km2": 0.5567, "zone": "Z03"}, "geometry": {"type": "Polygon", "coordinates": [[[72.91344, 6.67145], [72.91445, 6.6722], [72.91492, 6.673], [72.9153, 6.67392], [72.91498, 6.67407], [72.91422, 6.67404], [72.91288, 6.67353], [72.91163, 6.6729], [72.91037, 6.6721], [72.90941, 6.67164], [72.90838, 6.6714], [72.90698, 6.67146], [72.90543, 6.67073], [72.90304, 6.66987], [72.90097, 6.66987], [72.90036, 6.67], [72.89963, 6.67005], [72.89684, 6.67095], [72.89684, 6.67104], [72.89651, 6.67101], [72.89612, 6.67086], [72.89546, 6.6709], [72.89496, 6.67113], [72.8949, 6.67122], [72.89441, 6.67139], [72.894, 6.67106], [72.89376, 6.6695], [72.89366, 6.66786], [72.89361, 6.66771], [72.89343, 6.66767], [72.89322, 6.66704], [72.89352, 6.66699], [72.89361, 6.6669], [72.89479, 6.66731], [72.89593, 6.66753], [72.8987, 6.66776], [72.89981, 6.66772], [72.90125, 6.66805], [72.90268, 6.66799], [72.90477, 6.66804], [72.90552, 6.66823], [72.90717, 6.67002], [72.90815, 6.67066], [72.90919, 6.67106], [72.91083, 6.67134], [72.91344, 6.67145]]]}}, {"type": "Feature", "properties": {"id": "Z03-017", "kind": "island", "lat": 6.67798, "lon": 73.1123, "area_km2": 0.0019, "zone": "Z03"}, "geometry": {"type": "Polygon", "coordinates": [[[73.11268, 6.67809], [73.11248, 6.67823], [73.11206, 6.67805], [73.11195, 6.67791], [73.11253, 6.67786], [73.11268, 6.67809]]]}}, {"type": "Feature", "properties": {"id": "Z03-015", "kind": "island", "lat": 6.70167, "lon": 72.9484, "area_km2": 0.0466, "zone": "Z03"}, "geometry": {"type": "Polygon", "coordinates": [[[72.94881, 6.70046], [72.94914, 6.70067], [72.94949, 6.70108], [72.94943, 6.70188], [72.94876, 6.70266], [72.94812, 6.70279], [72.94736, 6.70258], [72.9472, 6.70212], [72.94744, 6.70146], [72.94824, 6.70048], [72.94881, 6.70046]]]}}, {"type": "Feature", "properties": {"id": "Z03-014", "kind": "island", "lat": 6.7052, "lon": 72.90015, "area_km2": 0.0039, "zone": "Z03"}, "geometry": {"type": "Polygon", "coordinates": [[[72.90065, 6.70534], [72.89964, 6.70548], [72.89979, 6.70506], [72.90044, 6.70499], [72.90065, 6.70534]]]}}, {"type": "Feature", "properties": {"id": "Z03-013", "kind": "island", "lat": 6.70528, "lon": 72.89906, "area_km2": 0.0043, "zone": "Z03"}, "geometry": {"type": "Polygon", "coordinates": [[[72.89975, 6.705], [72.89945, 6.70508], [72.89938, 6.70533], [72.89853, 6.70566], [72.89876, 6.70524], [72.89921, 6.7049], [72.89945, 6.70499], [72.89956, 6.70483], [72.89975, 6.705]]]}}, {"type": "Feature", "properties": {"id": "Z03-016", "kind": "island", "lat": 6.69339, "lon": 73.12083, "area_km2": 1.5262, "zone": "Z03"}, "geometry": {"type": "Polygon", "coordinates": [[[73.12392, 6.70867], [73.12358, 6.70883], [73.12135, 6.70856], [73.1207, 6.70787], [73.12064, 6.70796], [73.12034, 6.70789], [73.12043, 6.70751], [73.12025, 6.70724], [73.12016, 6.70724], [73.12016, 6.70715], [73.11911, 6.70649], [73.11855, 6.70638], [73.11864, 6.70616], [73.11842, 6.70611], [73.11837, 6.70589], [73.11759, 6.70531], [73.11644, 6.70483], [73.1154, 6.70329], [73.1151, 6.70306], [73.11528, 6.70263], [73.11555, 6.70235], [73.11633, 6.70216], [73.11682, 6.70183], [73.11697, 6.70162], [73.11711, 6.70158], [73.11711, 6.7014], [73.1172, 6.7014], [73.11764, 6.70078], [73.11833, 6.69936], [73.11864, 6.69682], [73.11852, 6.69651], [73.11864, 6.69556], [73.11859, 6.69417], [73.11796, 6.68842], [73.11772, 6.6869], [73.11752, 6.68617], [73.11639, 6.68307], [73.11623, 6.68296], [73.11612, 6.68254], [73.11603, 6.68254], [73.11603, 6.68236], [73.11594, 6.68236], [73.11594, 6.68218], [73.11583, 6.6821], [73.11576, 6.68182], [73.11567, 6.68182], [73.11567, 6.68164], [73.11522, 6.68074], [73.11514, 6.68039], [73.11531, 6.68002], [73.11515, 6.67995], [73.11486, 6.68002], [73.11451, 6.67995], [73.11392, 6.67908], [73.11374, 6.67863], [73.1134, 6.67818], [73.11501, 6.679], [73.11658, 6.6812], [73.11847, 6.68515], [73.11913, 6.68634], [73.1211, 6.68936], [73.12177, 6.69055], [73.12308, 6.69314], [73.12406, 6.69549], [73.12435, 6.69702], [73.12433, 6.6981], [73.1245, 6.69858], [73.12461, 6.69977], [73.12394, 6.70077], [73.12403, 6.70098], [73.1239, 6.70136], [73.124, 6.70163], [73.12394, 6.70176], [73.12423, 6.70386], [73.12434, 6.70635], [73.12415, 6.7078], [73.12392, 6.70867]]]}}, {"type": "Feature", "properties": {"id": "Z03-012", "kind": "island", "lat": 6.71474, "lon": 72.94701, "area_km2": 0.2874, "zone": "Z03"}, "geometry": {"type": "Polygon", "coordinates": [[[72.94806, 6.71152], [72.94871, 6.71202], [72.94881, 6.71309], [72.94899, 6.71393], [72.94908, 6.7151], [72.94926, 6.71537], [72.94925, 6.71561], [72.9489, 6.71663], [72.94796, 6.71765], [72.94742, 6.718], [72.9467, 6.71829], [72.9453, 6.71807], [72.94488, 6.71774], [72.94468, 6.71613], [72.94503, 6.71437], [72.94544, 6.71301], [72.94578, 6.71245], [72.94658, 6.71175], [72.94729, 6.71147], [72.94806, 6.71152]]]}}, {"type": "Feature", "properties": {"id": "Z03-010", "kind": "island", "lat": 6.72629, "lon": 73.14937, "area_km2": 0.0118, "zone": "Z03"}, "geometry": {"type": "Polygon", "coordinates": [[[73.15018, 6.7262], [73.14882, 6.72664], [73.14852, 6.72687], [73.14819, 6.72691], [73.1481, 6.72704], [73.14801, 6.72691], [73.14813, 6.72667], [73.1485, 6.72641], [73.14945, 6.7261], [73.14949, 6.72599], [73.14954, 6.7261], [73.1502, 6.72578], [73.15073, 6.72565], [73.15101, 6.72576], [73.15026, 6.7261], [73.15018, 6.7262]]]}}, {"type": "Feature", "properties": {"id": "Z03-011", "kind": "island", "lat": 6.72458, "lon": 73.02396, "area_km2": 0.4091, "zone": "Z03"}, "geometry": {"type": "Polygon", "coordinates": [[[73.02683, 6.721], [73.02719, 6.72156], [73.02754, 6.72249], [73.02749, 6.72311], [73.02728, 6.72359], [73.02728, 6.72386], [73.02719, 6.72404], [73.02672, 6.72421], [73.02625, 6.7249], [73.02635, 6.7255], [73.02604, 6.7265], [73.02487, 6.72789], [73.02392, 6.72858], [73.02328, 6.72888], [73.02223, 6.72884], [73.02162, 6.72797], [73.02139, 6.72749], [73.02135, 6.72521], [73.02149, 6.72427], [73.02204, 6.7233], [73.02288, 6.72233], [73.02388, 6.72175], [73.02502, 6.72095], [73.02586, 6.7208], [73.02611, 6.72089], [73.02622, 6.72077], [73.02683, 6.721]]]}}, {"type": "Feature", "properties": {"id": "Z03-009", "kind": "island", "lat": 6.73987, "lon": 73.03399, "area_km2": 0.4792, "zone": "Z03"}, "geometry": {"type": "Polygon", "coordinates": [[[73.03657, 6.73959], [73.03584, 6.7406], [73.03563, 6.74075], [73.03527, 6.74138], [73.03518, 6.74173], [73.03491, 6.74191], [73.03486, 6.74219], [73.0337, 6.74416], [73.0331, 6.7449], [73.0326, 6.7453], [73.03152, 6.74546], [73.03083, 6.74522], [73.03052, 6.74488], [73.03031, 6.744], [73.03051, 6.74249], [73.03077, 6.74158], [73.03244, 6.73819], [73.03263, 6.73765], [73.03287, 6.73615], [73.03366, 6.73551], [73.03379, 6.73522], [73.03448, 6.73474], [73.03559, 6.73487], [73.0362, 6.73538], [73.03633, 6.73603], [73.03626, 6.73617], [73.03657, 6.73719], [73.03644, 6.73751], [73.03653, 6.73759], [73.0363, 6.73791], [73.03618, 6.73898], [73.03624, 6.73955], [73.03657, 6.73959]]]}}, {"type": "Feature", "properties": {"id": "Z03-007", "kind": "island", "lat": 6.74697, "lon": 72.93509, "area_km2": 0.2574, "zone": "Z03"}, "geometry": {"type": "Polygon", "coordinates": [[[72.9353, 6.74356], [72.93625, 6.74526], [72.93653, 6.74598], [72.93646, 6.74605], [72.93675, 6.74666], [72.93709, 6.74777], [72.93743, 6.74804], [72.93717, 6.7484], [72.93723, 6.74894], [72.93761, 6.7491], [72.93682, 6.75036], [72.93693, 6.7504], [72.93682, 6.75045], [72.93675, 6.75084], [72.93655, 6.7509], [72.93633, 6.7513], [72.93322, 6.74676], [72.93313, 6.7465], [72.93287, 6.74634], [72.93238, 6.74579], [72.93228, 6.74524], [72.93281, 6.74477], [72.9334, 6.74388], [72.93383, 6.74375], [72.93477, 6.74298], [72.9353, 6.74356]]]}}, {"type": "Feature", "properties": {"id": "Z03-008", "kind": "island", "lat": 6.74593, "lon": 73.05325, "area_km2": 1.0637, "zone": "Z03"}, "geometry": {"type": "Polygon", "coordinates": [[[73.05672, 6.74712], [73.05632, 6.7488], [73.05565, 6.75044], [73.05429, 6.75192], [73.05258, 6.75286], [73.05145, 6.75281], [73.05081, 6.75248], [73.05004, 6.75164], [73.04981, 6.75094], [73.04969, 6.75004], [73.04965, 6.74991], [73.04956, 6.74991], [73.04956, 6.74937], [73.04938, 6.74874], [73.04938, 6.74838], [73.04926, 6.74829], [73.0492, 6.74748], [73.04903, 6.74717], [73.04925, 6.74496], [73.04944, 6.74424], [73.04975, 6.74366], [73.05034, 6.74292], [73.05081, 6.74194], [73.05152, 6.74111], [73.05242, 6.74041], [73.05398, 6.7395], [73.05547, 6.73907], [73.05582, 6.73909], [73.05731, 6.74053], [73.05784, 6.74134], [73.05809, 6.742], [73.0583, 6.74353], [73.05764, 6.74374], [73.05737, 6.74434], [73.05763, 6.74488], [73.05728, 6.74542], [73.05728, 6.74578], [73.0574, 6.74603], [73.05697, 6.74634], [73.05674, 6.74694], [73.05665, 6.74694], [73.05672, 6.74712]]]}}, {"type": "Feature", "properties": {"id": "Z03-005", "kind": "island", "lat": 6.76972, "lon": 73.08768, "area_km2": 0.1455, "zone": "Z03"}, "geometry": {"type": "Polygon", "coordinates": [[[73.08881, 6.76734], [73.08918, 6.76759], [73.0895, 6.76804], [73.08966, 6.76853], [73.08946, 6.76945], [73.08885, 6.77069], [73.08838, 6.77134], [73.08773, 6.77181], [73.08707, 6.77201], [73.08639, 6.77196], [73.08604, 6.77155], [73.08587, 6.77097], [73.08595, 6.76998], [73.08614, 6.76946], [73.08672, 6.76853], [73.08752, 6.76784], [73.088, 6.76754], [73.08881, 6.76734]]]}}, {"type": "Feature", "properties": {"id": "Z03-004", "kind": "island", "lat": 6.77405, "lon": 73.18082, "area_km2": 0.0002, "zone": "Z03"}, "geometry": {"type": "Polygon", "coordinates": [[[73.1808, 6.77389], [73.18088, 6.7741], [73.18067, 6.77399], [73.1808, 6.77389]]]}}, {"type": "Feature", "properties": {"id": "Z03-006", "kind": "island", "lat": 6.7549, "lon": 73.17304, "area_km2": 2.7176, "zone": "Z03"}, "geometry": {"type": "Polygon", "coordinates": [[[73.1808, 6.77389], [73.18069, 6.77376], [73.17994, 6.7735], [73.17976, 6.77327], [73.17898, 6.7729], [73.17877, 6.77224], [73.17839, 6.77212], [73.17748, 6.77093], [73.17739, 6.77093], [73.17721, 6.77066], [73.17683, 6.77044], [73.1749, 6.76765], [73.17423, 6.76735], [73.17381, 6.76667], [73.17385, 6.76645], [73.17353, 6.76623], [73.17358, 6.76603], [73.17347, 6.76595], [73.17351, 6.76576], [73.17343, 6.76545], [73.17335, 6.76538], [73.17303, 6.76433], [73.17283, 6.76324], [73.17208, 6.76161], [73.17171, 6.76049], [73.17156, 6.75918], [73.17136, 6.75862], [73.17146, 6.75835], [73.17139, 6.75819], [73.17146, 6.7579], [73.17128, 6.75737], [73.1707, 6.75618], [73.17065, 6.75575], [73.17036, 6.75529], [73.17013, 6.75439], [73.16989, 6.75381], [73.16975, 6.75298], [73.16948, 6.75242], [73.1689, 6.75074], [73.16851, 6.74929], [73.16793, 6.74793], [73.16731, 6.74671], [73.16723, 6.74623], [73.1655, 6.74309], [73.16513, 6.74256], [73.16438, 6.74107], [73.16409, 6.7403], [73.16397, 6.74021], [73.16391, 6.73985], [73.16359, 6.73952], [73.1628, 6.73804], [73.16162, 6.73614], [73.16073, 6.73452], [73.16046, 6.7339], [73.16019, 6.73293], [73.16009, 6.73218], [73.16481, 6.73638], [73.16526, 6.73697], [73.16594, 6.73763], [73.16677, 6.73868], [73.16851, 6.74127], [73.17057, 6.7452], [73.17159, 6.7469], [73.17348, 6.74956], [73.17447, 6.75135], [73.17565, 6.7545], [73.17648, 6.75641], [73.17821, 6.75965], [73.1789, 6.76116], [73.17882, 6.76123], [73.17911, 6.76166], [73.17918, 6.76195], [73.17937, 6.76211], [73.17985, 6.76317], [73.1799, 6.76347], [73.18209, 6.76688], [73.18354, 6.76954], [73.18398, 6.77058], [73.18448, 6.77277], [73.18465, 6.77454], [73.18462, 6.77611], [73.18421, 6.77649], [73.18363, 6.77672], [73.18307, 6.77706], [73.18227, 6.7769], [73.18229, 6.77576], [73.18209, 6.77518], [73.1815, 6.7744], [73.18107, 6.77398], [73.18098, 6.77398], [73.18098, 6.77389], [73.1808, 6.77389]]]}}, {"type": "Feature", "properties": {"id": "Z03-003", "kind": "island", "lat": 6.77899, "lon": 73.12103, "area_km2": 0.4875, "zone": "Z03"}, "geometry": {"type": "Polygon", "coordinates": [[[73.11987, 6.78482], [73.11971, 6.78494], [73.11965, 6.78519], [73.1193, 6.78543], [73.11888, 6.78552], [73.11872, 6.78509], [73.11878, 6.78481], [73.11873, 6.78414], [73.11882, 6.78414], [73.11882, 6.78369], [73.11898, 6.78267], [73.11893, 6.78218], [73.11906, 6.78149], [73.11917, 6.77991], [73.11888, 6.77966], [73.11877, 6.77859], [73.11896, 6.77835], [73.11908, 6.77739], [73.11917, 6.77731], [73.11935, 6.77673], [73.11973, 6.77607], [73.12053, 6.77508], [73.1219, 6.7739], [73.12277, 6.77354], [73.12281, 6.77342], [73.12286, 6.77354], [73.12304, 6.77345], [73.12304, 6.77336], [73.12322, 6.77336], [73.12524, 6.77241], [73.1264, 6.77205], [73.12658, 6.77222], [73.12621, 6.77308], [73.1255, 6.77405], [73.12511, 6.77441], [73.12403, 6.77614], [73.1241, 6.77618], [73.12379, 6.7768], [73.12371, 6.77788], [73.12349, 6.77865], [73.12233, 6.78029], [73.12199, 6.78048], [73.12187, 6.78072], [73.12151, 6.78099], [73.12147, 6.78113], [73.12052, 6.78225], [73.12052, 6.78252], [73.12043, 6.78252], [73.12034, 6.7827], [73.12047, 6.78331], [73.11987, 6.78482]]]}}, {"type": "Feature", "properties": {"id": "Z03-001", "kind": "island", "lat": 6.78604, "lon": 73.11897, "area_km2": 0.0058, "zone": "Z03"}, "geometry": {"type": "Polygon", "coordinates": [[[73.11857, 6.7857], [73.11936, 6.7858], [73.1193, 6.78628], [73.11869, 6.78651], [73.11857, 6.7857]]]}}, {"type": "Feature", "properties": {"id": "Z03-002", "kind": "island", "lat": 6.78475, "lon": 73.05414, "area_km2": 0.2166, "zone": "Z03"}, "geometry": {"type": "Polygon", "coordinates": [[[73.05499, 6.78239], [73.05538, 6.7825], [73.05604, 6.78307], [73.05641, 6.78391], [73.05633, 6.78491], [73.05587, 6.78639], [73.05552, 6.78688], [73.05453, 6.78732], [73.05315, 6.78741], [73.05256, 6.78719], [73.05227, 6.78673], [73.05177, 6.78552], [73.05197, 6.78458], [73.05212, 6.78445], [73.05247, 6.78376], [73.05286, 6.78321], [73.05356, 6.78268], [73.05413, 6.78242], [73.05499, 6.78239]]]}}, {"type": "Feature", "properties": {"id": "Z02-029", "kind": "island", "lat": 6.80761, "lon": 73.20626, "area_km2": 0.0012, "zone": "Z02"}, "geometry": {"type": "Polygon", "coordinates": [[[73.20637, 6.80788], [73.20617, 6.80778], [73.2061, 6.80744], [73.2064, 6.8074], [73.20637, 6.80788]]]}}, {"type": "Feature", "properties": {"id": "Z02-028", "kind": "island", "lat": 6.80783, "lon": 73.20861, "area_km2": 0.0008, "zone": "Z02"}, "geometry": {"type": "Polygon", "coordinates": [[[73.20874, 6.80767], [73.20874, 6.80776], [73.20885, 6.80781], [73.20865, 6.80785], [73.20856, 6.80798], [73.20847, 6.80785], [73.20847, 6.80767], [73.20874, 6.80767]]]}}, {"type": "Feature", "properties": {"id": "Z02-027", "kind": "island", "lat": 6.81078, "lon": 73.21222, "area_km2": 0.0002, "zone": "Z02"}, "geometry": {"type": "Polygon", "coordinates": [[[73.21233, 6.8109], [73.21213, 6.81086], [73.21221, 6.81069], [73.21233, 6.8109]]]}}, {"type": "Feature", "properties": {"id": "Z02-026", "kind": "island", "lat": 6.81098, "lon": 73.21238, "area_km2": 0.0001, "zone": "Z02"}, "geometry": {"type": "Polygon", "coordinates": [[[73.21233, 6.8109], [73.21244, 6.81094], [73.21236, 6.81101], [73.21233, 6.8109]]]}}, {"type": "Feature", "properties": {"id": "Z02-025", "kind": "island", "lat": 6.81567, "lon": 73.20456, "area_km2": 0.0017, "zone": "Z02"}, "geometry": {"type": "Polygon", "coordinates": [[[73.20469, 6.81539], [73.2046, 6.81558], [73.20469, 6.81606], [73.20434, 6.81549], [73.20444, 6.81528], [73.20469, 6.81539]]]}}, {"type": "Feature", "properties": {"id": "Z02-023", "kind": "island", "lat": 6.81843, "lon": 73.21738, "area_km2": 0.0002, "zone": "Z02"}, "geometry": {"type": "Polygon", "coordinates": [[[73.21744, 6.81848], [73.21723, 6.81837], [73.21736, 6.81827], [73.21744, 6.81848]]]}}, {"type": "Feature", "properties": {"id": "Z02-024", "kind": "island", "lat": 6.81721, "lon": 73.21287, "area_km2": 2.0783, "zone": "Z02"}, "geometry": {"type": "Polygon", "coordinates": [[[73.21341, 6.82528], [73.21346, 6.82541], [73.21341, 6.82572], [73.21296, 6.82591], [73.21253, 6.82595], [73.21149, 6.82642], [73.20996, 6.82636], [73.20935, 6.8262], [73.20911, 6.82568], [73.2073, 6.82403], [73.20649, 6.82303], [73.206, 6.82294], [73.20598, 6.82238], [73.20656, 6.82191], [73.20706, 6.82164], [73.20733, 6.82163], [73.20761, 6.82178], [73.20946, 6.82151], [73.20976, 6.82127], [73.20999, 6.82124], [73.20995, 6.82101], [73.21018, 6.81945], [73.20956, 6.81758], [73.20902, 6.81636], [73.20848, 6.81551], [73.20721, 6.81414], [73.20647, 6.81386], [73.20631, 6.81369], [73.20471, 6.81347], [73.20436, 6.81302], [73.20398, 6.81297], [73.2034, 6.8132], [73.20173, 6.81342], [73.20167, 6.81354], [73.20137, 6.81369], [73.20137, 6.81378], [73.20088, 6.81385], [73.20061, 6.81419], [73.20056, 6.81459], [73.20068, 6.81469], [73.20096, 6.81535], [73.20118, 6.81633], [73.20141, 6.81635], [73.20178, 6.81589], [73.20189, 6.81518], [73.20263, 6.81513], [73.20335, 6.81477], [73.20358, 6.81446], [73.20366, 6.81391], [73.20399, 6.81356], [73.20428, 6.81374], [73.20389, 6.81477], [73.20385, 6.81554], [73.20354, 6.81677], [73.20358, 6.81709], [73.20396, 6.8174], [73.20429, 6.81793], [73.2041, 6.81841], [73.20333, 6.81884], [73.2026, 6.81875], [73.202, 6.81827], [73.20152, 6.81767], [73.20101, 6.81719], [73.20077, 6.81715], [73.20008, 6.8168], [73.19898, 6.81586], [73.19895, 6.81531], [73.19883, 6.81525], [73.19877, 6.81504], [73.19897, 6.81498], [73.19904, 6.81486], [73.19879, 6.81472], [73.19852, 6.81407], [73.19816, 6.81363], [73.19793, 6.81303], [73.19788, 6.81264], [73.19823, 6.8122], [73.19942, 6.81129], [73.20004, 6.81052], [73.20032, 6.81049], [73.20047, 6.81055], [73.20051, 6.81047], [73.20077, 6.81059], [73.20065, 6.81064], [73.20082, 6.81082], [73.20145, 6.81032], [73.20163, 6.81054], [73.20145, 6.81085], [73.20191, 6.81064], [73.20191, 6.81055], [73.20209, 6.81055], [73.20209, 6.81046], [73.20236, 6.81037], [73.20236, 6.81028], [73.20245, 6.81028], [73.20318, 6.80952], [73.20443, 6.80875], [73.20447, 6.80845], [73.20516, 6.80799], [73.20538, 6.80807], [73.2055, 6.80839], [73.20733, 6.80814], [73.20739, 6.80821], [73.20766, 6.80821], [73.2077, 6.80809], [73.20775, 6.80821], [73.20784, 6.80821], [73.20788, 6.80809], [73.20793, 6.80821], [73.20877, 6.80844], [73.20892, 6.80866], [73.21058, 6.80966], [73.21206, 6.81144], [73.21266, 6.81185], [73.21278, 6.81171], [73.21283, 6.81114], [73.21296, 6.81135], [73.21305, 6.81135], [73.21314, 6.81162], [73.21336, 6.8118], [73.21305, 6.81198], [73.21305, 6.81207], [73.21296, 6.81207], [73.21303, 6.81246], [73.2138, 6.81335], [73.21404, 6.81342], [73.21422, 6.81314], [73.21375, 6.81235], [73.21388, 6.81221], [73.21476, 6.8136], [73.21579, 6.81475], [73.21713, 6.81699], [73.2169, 6.81723], [73.21673, 6.81701], [73.21633, 6.81714], [73.21653, 6.81866], [73.21678, 6.81975], [73.21687, 6.82088], [73.21669, 6.82238], [73.21726, 6.82236], [73.21747, 6.81968], [73.21761, 6.81958], [73.21776, 6.82018], [73.21758, 6.82177], [73.21723, 6.82281], [73.21674, 6.82373], [73.21621, 6.82443], [73.21562, 6.82478], [73.2155, 6.82405], [73.21496, 6.82407], [73.21422, 6.82456], [73.21437, 6.8251], [73.21425, 6.82546], [73.2139, 6.82558], [73.21386, 6.82519], [73.21367, 6.82511], [73.21341, 6.82528]]]}}, {"type": "Feature", "properties": {"id": "Z02-022", "kind": "island", "lat": 6.8291, "lon": 73.15497, "area_km2": 0.8824, "zone": "Z02"}, "geometry": {"type": "Polygon", "coordinates": [[[73.15619, 6.83264], [73.1556, 6.8335], [73.15464, 6.83455], [73.15413, 6.83475], [73.1528, 6.83421], [73.15175, 6.83304], [73.1514, 6.83215], [73.15129, 6.83005], [73.15147, 6.82937], [73.15142, 6.82905], [73.15151, 6.82905], [73.15161, 6.82842], [73.15196, 6.82815], [73.15196, 6.82806], [73.15205, 6.82806], [73.15246, 6.82757], [73.15295, 6.82656], [73.15369, 6.8256], [73.15425, 6.82541], [73.15561, 6.82519], [73.1563, 6.82498], [73.15649, 6.82481], [73.15681, 6.82406], [73.15736, 6.82384], [73.15784, 6.82344], [73.15816, 6.82357], [73.15831, 6.82342], [73.15932, 6.82344], [73.16024, 6.82363], [73.16209, 6.82416], [73.16278, 6.82463], [73.1634, 6.82542], [73.1635, 6.82687], [73.16323, 6.8274], [73.16147, 6.82828], [73.16058, 6.82792], [73.16024, 6.82793], [73.15919, 6.82829], [73.1582, 6.82945], [73.15784, 6.83004], [73.15762, 6.83022], [73.15754, 6.8305], [73.15663, 6.83184], [73.1567, 6.83197], [73.15646, 6.83246], [73.15619, 6.83264]]]}}, {"type": "Feature", "properties": {"id": "Z02-021", "kind": "island", "lat": 6.8349, "lon": 73.11285, "area_km2": 0.4263, "zone": "Z02"}, "geometry": {"type": "Polygon", "coordinates": [[[73.11496, 6.83739], [73.11386, 6.83823], [73.11336, 6.83837], [73.11301, 6.83833], [73.11237, 6.83808], [73.11208, 6.83758], [73.11166, 6.83753], [73.11091, 6.83705], [73.11062, 6.83701], [73.11055, 6.83687], [73.11017, 6.83676], [73.10936, 6.83623], [73.10925, 6.83546], [73.10952, 6.83476], [73.10961, 6.83323], [73.11156, 6.8319], [73.11207, 6.83207], [73.11273, 6.83205], [73.11341, 6.83187], [73.11375, 6.83151], [73.11442, 6.83154], [73.11549, 6.83218], [73.11558, 6.83246], [73.11594, 6.83275], [73.11611, 6.83406], [73.11603, 6.83426], [73.11615, 6.83436], [73.11625, 6.83504], [73.11612, 6.8357], [73.11603, 6.8357], [73.11603, 6.83597], [73.11594, 6.83597], [73.11594, 6.83615], [73.11585, 6.83615], [73.11567, 6.83651], [73.11567, 6.83669], [73.11558, 6.83669], [73.11558, 6.83678], [73.11549, 6.83678], [73.11549, 6.83687], [73.1154, 6.83687], [73.1154, 6.83696], [73.11531, 6.83696], [73.11496, 6.83739]]]}}, {"type": "Feature", "properties": {"id": "Z02-018", "kind": "island", "lat": 6.83832, "lon": 73.05463, "area_km2": 0.0001, "zone": "Z02"}, "geometry": {"type": "Polygon", "coordinates": [[[73.05459, 6.83839], [73.05462, 6.83828], [73.0547, 6.83836], [73.05459, 6.83839]]]}}, {"type": "Feature", "properties": {"id": "Z02-020", "kind": "island", "lat": 6.83519, "lon": 73.01161, "area_km2": 0.5981, "zone": "Z02"}, "geometry": {"type": "Polygon", "coordinates": [[[73.00943, 6.84056], [73.0085, 6.84006], [73.00777, 6.83903], [73.00765, 6.83787], [73.00785, 6.83712], [73.00833, 6.83584], [73.00902, 6.83454], [73.00927, 6.83431], [73.00996, 6.83319], [73.01121, 6.83183], [73.01256, 6.83108], [73.01371, 6.83103], [73.014, 6.83119], [73.01449, 6.83172], [73.01465, 6.83425], [73.0143, 6.83799], [73.01418, 6.83843], [73.0138, 6.83914], [73.0127, 6.8401], [73.01194, 6.84028], [73.01148, 6.84052], [73.00943, 6.84056]]]}}, {"type": "Feature", "properties": {"id": "Z02-019", "kind": "island", "lat": 6.83777, "lon": 73.16755, "area_km2": 0.4152, "zone": "Z02"}, "geometry": {"type": "Polygon", "coordinates": [[[73.16993, 6.83651], [73.17007, 6.83662], [73.1703, 6.83776], [73.16991, 6.83792], [73.16979, 6.83886], [73.16921, 6.83938], [73.16911, 6.83996], [73.16868, 6.84072], [73.16802, 6.84148], [73.16707, 6.84184], [73.16629, 6.84194], [73.16528, 6.84166], [73.1647, 6.84086], [73.16443, 6.84015], [73.16451, 6.83922], [73.16481, 6.83812], [73.16472, 6.83812], [73.16472, 6.83803], [73.16518, 6.83656], [73.16526, 6.83642], [73.16535, 6.83642], [73.16535, 6.83624], [73.16544, 6.83624], [73.16544, 6.83615], [73.16553, 6.83615], [73.16562, 6.83597], [73.16571, 6.83597], [73.1658, 6.83579], [73.16598, 6.8357], [73.16598, 6.83561], [73.16616, 6.83552], [73.16616, 6.83543], [73.16625, 6.83543], [73.16641, 6.83511], [73.16661, 6.83507], [73.16685, 6.83456], [73.16747, 6.83399], [73.16786, 6.83375], [73.16848, 6.83359], [73.16858, 6.83372], [73.16886, 6.83362], [73.16975, 6.83409], [73.1701, 6.83434], [73.17024, 6.8351], [73.16984, 6.8357], [73.17005, 6.83627], [73.16993, 6.83651]]]}}, {"type": "Feature", "properties": {"id": "Z02-016", "kind": "island", "lat": 6.84434, "lon": 72.99542, "area_km2": 0.3483, "zone": "Z02"}, "geometry": {"type": "Polygon", "coordinates": [[[72.99416, 6.84725], [72.99248, 6.84795], [72.99238, 6.84706], [72.99251, 6.84648], [72.99245, 6.84526], [72.99299, 6.84477], [72.9931, 6.84409], [72.99335, 6.84385], [72.99385, 6.84273], [72.99431, 6.84223], [72.99494, 6.8419], [72.99521, 6.84136], [72.9953, 6.84136], [72.99566, 6.84082], [72.99575, 6.84082], [72.99616, 6.84034], [72.99695, 6.84024], [72.99776, 6.8406], [72.9986, 6.84079], [72.9992, 6.84162], [72.99929, 6.84208], [72.99907, 6.84267], [72.99839, 6.84347], [72.99758, 6.84459], [72.9967, 6.84549], [72.99602, 6.84585], [72.99593, 6.84603], [72.99575, 6.84612], [72.99522, 6.84716], [72.99472, 6.84757], [72.99416, 6.84725]]]}}, {"type": "Feature", "properties": {"id": "Z02-015", "kind": "island", "lat": 6.84808, "lon": 72.993, "area_km2": 0.003, "zone": "Z02"}, "geometry": {"type": "Polygon", "coordinates": [[[72.99305, 6.84792], [72.99354, 6.84817], [72.99331, 6.84836], [72.99275, 6.8483], [72.99265, 6.84799], [72.99305, 6.84792]]]}}, {"type": "Feature", "properties": {"id": "Z02-017", "kind": "island", "lat": 6.84348, "lon": 73.05067, "area_km2": 0.2664, "zone": "Z02"}, "geometry": {"type": "Polygon", "coordinates": [[[73.05459, 6.83839], [73.05433, 6.83868], [73.05405, 6.83875], [73.05297, 6.84028], [73.05289, 6.84071], [73.05233, 6.84211], [73.05187, 6.84388], [73.05172, 6.84416], [73.05186, 6.84468], [73.05184, 6.84497], [73.05202, 6.84635], [73.05256, 6.84858], [73.05208, 6.84877], [73.05149, 6.84844], [73.05046, 6.84768], [73.05014, 6.84723], [73.04938, 6.84524], [73.0492, 6.84445], [73.04926, 6.84374], [73.04946, 6.84321], [73.05006, 6.84225], [73.05041, 6.8414], [73.05086, 6.84087], [73.05099, 6.84046], [73.05108, 6.84046], [73.05179, 6.83927], [73.05266, 6.83855], [73.05353, 6.83836], [73.05387, 6.83848], [73.05424, 6.83832], [73.05459, 6.83839]]]}}, {"type": "Feature", "properties": {"id": "Z02-014", "kind": "island", "lat": 6.84895, "lon": 73.05287, "area_km2": 0.0006, "zone": "Z02"}, "geometry": {"type": "Polygon", "coordinates": [[[73.05297, 6.84909], [73.05288, 6.84921], [73.05275, 6.84881], [73.05288, 6.84872], [73.05297, 6.84909]]]}}, {"type": "Feature", "properties": {"id": "Z02-013", "kind": "island", "lat": 6.84901, "lon": 73.15239, "area_km2": 0.1187, "zone": "Z02"}, "geometry": {"type": "Polygon", "coordinates": [[[73.15317, 6.84733], [73.15397, 6.84784], [73.15407, 6.84859], [73.15427, 6.84887], [73.15425, 6.84932], [73.15363, 6.85009], [73.15307, 6.85045], [73.15224, 6.85058], [73.15171, 6.85056], [73.15116, 6.85037], [73.15074, 6.84991], [73.15049, 6.84914], [73.15067, 6.8483], [73.15106, 6.84772], [73.15202, 6.84735], [73.15317, 6.84733]]]}}, {"type": "Feature", "properties": {"id": "Z02-012", "kind": "island", "lat": 6.85201, "lon": 72.98411, "area_km2": 0.3798, "zone": "Z02"}, "geometry": {"type": "Polygon", "coordinates": [[[72.98605, 6.85124], [72.98595, 6.85133], [72.9861, 6.85157], [72.98705, 6.85426], [72.98643, 6.85586], [72.98505, 6.85678], [72.98353, 6.85672], [72.9833, 6.85598], [72.98278, 6.85509], [72.98272, 6.85474], [72.98263, 6.85456], [72.98254, 6.85456], [72.98217, 6.85373], [72.98193, 6.85246], [72.98199, 6.85142], [72.98194, 6.85062], [72.98211, 6.84983], [72.98241, 6.84884], [72.98325, 6.84765], [72.98384, 6.84806], [72.98429, 6.84826], [72.98485, 6.84889], [72.98537, 6.84978], [72.98504, 6.85007], [72.98529, 6.85066], [72.98577, 6.85063], [72.98605, 6.85124]]]}}, {"type": "Feature", "properties": {"id": "Z02-009", "kind": "island", "lat": 6.89461, "lon": 73.1256, "area_km2": 0.0001, "zone": "Z02"}, "geometry": {"type": "Polygon", "coordinates": [[[73.12561, 6.89465], [73.12553, 6.89457], [73.12564, 6.89454], [73.12561, 6.89465]]]}}, {"type": "Feature", "properties": {"id": "Z02-011", "kind": "island", "lat": 6.88741, "lon": 73.11415, "area_km2": 0.8673, "zone": "Z02"}, "geometry": {"type": "Polygon", "coordinates": [[[73.10615, 6.89481], [73.1056, 6.89469], [73.10529, 6.89423], [73.10406, 6.89161], [73.10395, 6.89051], [73.10435, 6.88955], [73.10488, 6.88908], [73.10555, 6.88877], [73.10707, 6.88866], [73.10745, 6.88894], [73.10732, 6.88906], [73.10747, 6.88936], [73.1075, 6.88987], [73.10759, 6.88987], [73.10759, 6.89005], [73.10777, 6.89023], [73.10893, 6.89064], [73.10963, 6.89061], [73.1113, 6.88988], [73.11185, 6.88928], [73.11207, 6.88918], [73.11249, 6.88861], [73.11277, 6.88789], [73.11366, 6.88196], [73.11385, 6.8814], [73.11497, 6.88055], [73.11559, 6.88018], [73.11683, 6.87974], [73.1174, 6.87977], [73.11756, 6.88026], [73.11751, 6.88144], [73.11726, 6.88285], [73.11642, 6.88537], [73.11653, 6.8858], [73.11652, 6.8861], [73.11589, 6.88625], [73.11472, 6.88929], [73.11507, 6.88961], [73.11466, 6.89038], [73.11391, 6.89227], [73.11351, 6.89278], [73.11176, 6.89314], [73.10838, 6.89409], [73.10745, 6.89449], [73.1066, 6.89472], [73.10615, 6.89472], [73.10615, 6.89481]]]}}, {"type": "Feature", "properties": {"id": "Z02-007", "kind": "island", "lat": 6.89539, "lon": 73.12571, "area_km2": 0.0012, "zone": "Z02"}, "geometry": {"type": "Polygon", "coordinates": [[[73.12594, 6.89562], [73.12565, 6.89555], [73.12552, 6.89522], [73.12573, 6.89517], [73.12594, 6.89562]]]}}, {"type": "Feature", "properties": {"id": "Z02-008", "kind": "island", "lat": 6.89528, "lon": 73.12742, "area_km2": 0.0934, "zone": "Z02"}, "geometry": {"type": "Polygon", "coordinates": [[[73.12859, 6.89444], [73.12878, 6.89486], [73.12873, 6.89569], [73.12779, 6.89661], [73.12691, 6.89655], [73.1262, 6.89581], [73.12581, 6.89419], [73.12548, 6.89396], [73.12507, 6.89441], [73.12486, 6.8944], [73.12488, 6.89393], [73.12517, 6.89367], [73.12672, 6.89337], [73.12798, 6.89375], [73.12859, 6.89444]]]}}, {"type": "Feature", "properties": {"id": "Z02-006", "kind": "island", "lat": 6.8978, "lon": 73.16256, "area_km2": 0.2662, "zone": "Z02"}, "geometry": {"type": "Polygon", "coordinates": [[[73.16706, 6.90051], [73.16675, 6.90059], [73.16643, 6.90038], [73.16613, 6.9005], [73.16378, 6.89943], [73.16327, 6.89909], [73.16135, 6.89819], [73.15836, 6.89703], [73.15517, 6.89665], [73.15372, 6.89637], [73.15406, 6.89605], [73.15518, 6.89566], [73.15575, 6.89565], [73.15637, 6.8958], [73.15717, 6.89571], [73.15724, 6.89563], [73.1593, 6.89545], [73.16091, 6.89575], [73.16102, 6.89588], [73.16181, 6.89581], [73.16207, 6.89611], [73.16237, 6.8963], [73.16303, 6.89647], [73.16342, 6.89619], [73.16368, 6.89638], [73.1642, 6.89732], [73.16512, 6.89806], [73.16576, 6.8988], [73.1658, 6.89903], [73.16598, 6.89912], [73.16622, 6.8996], [73.16625, 6.89984], [73.16646, 6.89995], [73.16634, 6.90002], [73.16634, 6.90011], [73.16681, 6.90015], [73.16706, 6.90051]]]}}, {"type": "Feature", "properties": {"id": "Z02-005", "kind": "island", "lat": 6.90063, "lon": 73.16572, "area_km2": 0.0001, "zone": "Z02"}, "geometry": {"type": "Polygon", "coordinates": [[[73.16575, 6.90067], [73.16559, 6.90059], [73.1658, 6.90056], [73.16575, 6.90067]]]}}, {"type": "Feature", "properties": {"id": "Z02-010", "kind": "island", "lat": 6.88769, "lon": 73.23433, "area_km2": 1.7712, "zone": "Z02"}, "geometry": {"type": "Polygon", "coordinates": [[[73.2356, 6.90172], [73.23572, 6.90283], [73.2356, 6.90307], [73.2357, 6.90315], [73.23548, 6.90488], [73.23533, 6.90469], [73.23524, 6.90469], [73.23524, 6.90199], [73.23501, 6.89986], [73.2351, 6.89808], [73.23519, 6.89773], [73.2351, 6.89566], [73.23488, 6.894], [73.23481, 6.89393], [73.2344, 6.89191], [73.23398, 6.88942], [73.23308, 6.88666], [73.23191, 6.88383], [73.23106, 6.88231], [73.2303, 6.88115], [73.23004, 6.88107], [73.22868, 6.87992], [73.2276, 6.87933], [73.22607, 6.87871], [73.22545, 6.87855], [73.22437, 6.87855], [73.22372, 6.87902], [73.22347, 6.87961], [73.22354, 6.88007], [73.22331, 6.88065], [73.22266, 6.88079], [73.22137, 6.88048], [73.22149, 6.88013], [73.22167, 6.8799], [73.22152, 6.87872], [73.22109, 6.87836], [73.22145, 6.8776], [73.22158, 6.87765], [73.22164, 6.87743], [73.22189, 6.87768], [73.22158, 6.87783], [73.22164, 6.87795], [73.22185, 6.87801], [73.22185, 6.8781], [73.22228, 6.87795], [73.22225, 6.87735], [73.22183, 6.8768], [73.22236, 6.87523], [73.22226, 6.87426], [73.22288, 6.87365], [73.22298, 6.87365], [73.2244, 6.87175], [73.2253, 6.87108], [73.22624, 6.87064], [73.22785, 6.8701], [73.22931, 6.87016], [73.2314, 6.87076], [73.23247, 6.87129], [73.23307, 6.87179], [73.23363, 6.87256], [73.23427, 6.87442], [73.23447, 6.87606], [73.23481, 6.8772], [73.23515, 6.88062], [73.23509, 6.88299], [73.23528, 6.88613], [73.23527, 6.88656], [73.23515, 6.8869], [73.23524, 6.8869], [73.23524, 6.88726], [73.23515, 6.88726], [73.23527, 6.8881], [73.23515, 6.88816], [73.23534, 6.88931], [73.23524, 6.88978], [73.23542, 6.89026], [73.23566, 6.89723], [73.2356, 6.89741], [73.23569, 6.89741], [73.23569, 6.89903], [73.2356, 6.89903], [73.23569, 6.89921], [73.2356, 6.89939], [73.2357, 6.89947], [73.23582, 6.90019], [73.23569, 6.90029], [73.23569, 6.90092], [73.2358, 6.90096], [73.23569, 6.90101], [73.23569, 6.90172], [73.2356, 6.90172]]]}}, {"type": "Feature", "properties": {"id": "Z02-004", "kind": "island", "lat": 6.9161, "lon": 73.23435, "area_km2": 0.5145, "zone": "Z02"}, "geometry": {"type": "Polygon", "coordinates": [[[73.234, 6.922], [73.23354, 6.92276], [73.23289, 6.92338], [73.23011, 6.92381], [73.22888, 6.9235], [73.22767, 6.92296], [73.22628, 6.92247], [73.22342, 6.92127], [73.223, 6.92103], [73.22293, 6.92086], [73.22302, 6.92086], [73.22305, 6.92071], [73.22332, 6.92057], [73.22338, 6.92068], [73.22371, 6.92071], [73.22419, 6.92095], [73.22493, 6.92074], [73.22551, 6.92049], [73.2269, 6.91923], [73.22766, 6.91902], [73.22778, 6.91915], [73.22846, 6.91921], [73.23026, 6.92007], [73.23103, 6.92027], [73.23154, 6.92013], [73.23224, 6.91947], [73.23306, 6.91834], [73.23362, 6.91711], [73.23408, 6.9151], [73.23416, 6.91502], [73.23437, 6.9132], [73.23449, 6.91084], [73.23489, 6.90842], [73.23504, 6.90842], [73.23479, 6.91747], [73.23435, 6.92039], [73.234, 6.922]]]}}, {"type": "Feature", "properties": {"id": "Z02-003", "kind": "island", "lat": 6.92566, "lon": 73.13018, "area_km2": 0.0097, "zone": "Z02"}, "geometry": {"type": "Polygon", "coordinates": [[[73.12888, 6.92418], [73.12931, 6.92448], [73.13087, 6.92629], [73.13135, 6.92674], [73.13133, 6.92683], [73.13092, 6.92662], [73.13031, 6.92598], [73.12877, 6.92429], [73.12888, 6.92418]]]}}, {"type": "Feature", "properties": {"id": "Z02-002", "kind": "island", "lat": 6.93916, "lon": 73.21217, "area_km2": 0.0017, "zone": "Z02"}, "geometry": {"type": "Polygon", "coordinates": [[[73.21228, 6.93897], [73.21233, 6.93918], [73.21254, 6.93931], [73.21219, 6.9394], [73.21198, 6.93914], [73.21201, 6.93888], [73.21228, 6.93897]]]}}, {"type": "Feature", "properties": {"id": "Z01-024", "kind": "island", "lat": 6.94671, "lon": 72.98324, "area_km2": 0.0722, "zone": "Z01"}, "geometry": {"type": "Polygon", "coordinates": [[[72.98484, 6.9448], [72.98492, 6.94515], [72.98455, 6.94598], [72.98343, 6.94781], [72.98263, 6.94878], [72.9822, 6.94875], [72.98205, 6.94731], [72.98324, 6.94535], [72.98369, 6.94477], [72.98415, 6.94457], [72.98461, 6.94448], [72.98484, 6.9448]]]}}, {"type": "Feature", "properties": {"id": "Z01-022", "kind": "island", "lat": 6.95665, "lon": 72.90839, "area_km2": 0.0006, "zone": "Z01"}, "geometry": {"type": "Polygon", "coordinates": [[[72.90847, 6.95673], [72.90822, 6.95682], [72.90831, 6.95657], [72.90852, 6.95652], [72.90847, 6.95673]]]}}, {"type": "Feature", "properties": {"id": "Z01-023", "kind": "island", "lat": 6.95338, "lon": 72.92599, "area_km2": 0.5704, "zone": "Z01"}, "geometry": {"type": "Polygon", "coordinates": [[[72.92811, 6.95735], [72.92751, 6.95746], [72.92566, 6.95755], [72.92519, 6.95734], [72.92532, 6.95697], [72.92525, 6.95686], [72.92492, 6.95664], [72.92449, 6.95601], [72.92415, 6.95577], [72.92362, 6.95488], [72.92302, 6.95459], [72.9226, 6.95415], [72.92244, 6.95221], [72.92249, 6.95131], [72.92288, 6.95066], [72.92316, 6.9505], [72.9232, 6.95031], [72.92355, 6.94999], [72.92376, 6.94993], [72.92388, 6.9497], [72.92463, 6.94944], [72.92495, 6.94948], [72.92487, 6.94969], [72.9251, 6.95003], [72.92777, 6.94949], [72.92835, 6.94969], [72.92891, 6.94935], [72.92924, 6.94958], [72.93006, 6.95086], [72.93003, 6.95178], [72.92949, 6.95297], [72.92923, 6.95468], [72.92909, 6.9549], [72.92915, 6.95494], [72.92891, 6.95553], [72.92886, 6.95594], [72.92837, 6.95697], [72.92811, 6.95735]]]}}, {"type": "Feature", "properties": {"id": "Z02-001", "kind": "island", "lat": 6.95183, "lon": 73.21718, "area_km2": 1.87, "zone": "Z02"}, "geometry": {"type": "Polygon", "coordinates": [[[73.21871, 6.96336], [73.21768, 6.96415], [73.21588, 6.96524], [73.21487, 6.96537], [73.21451, 6.96425], [73.21378, 6.96336], [73.21296, 6.96281], [73.21274, 6.96292], [73.21266, 6.96275], [73.21242, 6.96272], [73.21242, 6.96263], [73.21158, 6.96269], [73.21152, 6.96236], [73.21094, 6.96186], [73.21071, 6.96146], [73.20982, 6.96081], [73.20964, 6.96012], [73.20967, 6.9597], [73.20994, 6.95925], [73.21209, 6.95651], [73.21341, 6.95392], [73.21398, 6.9522], [73.21431, 6.9505], [73.2144, 6.9505], [73.2144, 6.94996], [73.21449, 6.94996], [73.21449, 6.94987], [73.2144, 6.94987], [73.2144, 6.94951], [73.21487, 6.94646], [73.21498, 6.94418], [73.21479, 6.94221], [73.21457, 6.94116], [73.21424, 6.94034], [73.21371, 6.93948], [73.21273, 6.93876], [73.21274, 6.9385], [73.21313, 6.93832], [73.21361, 6.93834], [73.21435, 6.93896], [73.21462, 6.93909], [73.21536, 6.9401], [73.21682, 6.94255], [73.21753, 6.94416], [73.21822, 6.94543], [73.21858, 6.94632], [73.22004, 6.95088], [73.21997, 6.95095], [73.22018, 6.95122], [73.22006, 6.95131], [73.22045, 6.95212], [73.22082, 6.95316], [73.22127, 6.95495], [73.22146, 6.95585], [73.22143, 6.95619], [73.22113, 6.95634], [73.22162, 6.95693], [73.22172, 6.95808], [73.22128, 6.9593], [73.22018, 6.9613], [73.21947, 6.96245], [73.21871, 6.96336]]]}}, {"type": "Feature", "properties": {"id": "Z01-021", "kind": "island", "lat": 6.96018, "lon": 72.905, "area_km2": 0.3742, "zone": "Z01"}, "geometry": {"type": "Polygon", "coordinates": [[[72.90766, 6.95728], [72.90689, 6.95892], [72.90636, 6.9597], [72.90586, 6.96109], [72.90475, 6.96341], [72.90375, 6.96622], [72.90298, 6.96709], [72.90267, 6.96707], [72.90331, 6.96425], [72.90362, 6.96225], [72.90373, 6.96066], [72.90401, 6.95901], [72.90396, 6.95769], [72.90409, 6.95681], [72.90474, 6.95534], [72.90571, 6.95403], [72.9065, 6.95351], [72.90731, 6.95315], [72.9075, 6.95325], [72.90821, 6.95435], [72.90822, 6.95616], [72.90816, 6.95634], [72.90829, 6.95643], [72.90807, 6.9567], [72.90819, 6.95675], [72.90798, 6.95688], [72.90798, 6.95697], [72.90789, 6.95697], [72.90766, 6.95728]]]}}, {"type": "Feature", "properties": {"id": "Z01-020", "kind": "island", "lat": 6.97084, "lon": 72.90144, "area_km2": 0.0047, "zone": "Z01"}, "geometry": {"type": "Polygon", "coordinates": [[[72.90167, 6.97068], [72.90163, 6.971], [72.90143, 6.97135], [72.90105, 6.97147], [72.90128, 6.97067], [72.9014, 6.97035], [72.90151, 6.97027], [72.90167, 6.97068]]]}}, {"type": "Feature", "properties": {"id": "Z01-019", "kind": "island", "lat": 6.97169, "lon": 72.90072, "area_km2": 0.0004, "zone": "Z01"}, "geometry": {"type": "Polygon", "coordinates": [[[72.90076, 6.97182], [72.90058, 6.97189], [72.90079, 6.97152], [72.90076, 6.97182]]]}}, {"type": "Feature", "properties": {"id": "Z01-018", "kind": "island", "lat": 6.98219, "lon": 72.89614, "area_km2": 0.6678, "zone": "Z01"}, "geometry": {"type": "Polygon", "coordinates": [[[72.88696, 6.9877], [72.88606, 6.98798], [72.88593, 6.98781], [72.88804, 6.98667], [72.88931, 6.98582], [72.88992, 6.9854], [72.89068, 6.98461], [72.8922, 6.98361], [72.89258, 6.98352], [72.89327, 6.98311], [72.89383, 6.98252], [72.89422, 6.98186], [72.89512, 6.97886], [72.89583, 6.97786], [72.89618, 6.97804], [72.89647, 6.97803], [72.89744, 6.97703], [72.89839, 6.97687], [72.89907, 6.97734], [72.89937, 6.9781], [72.89998, 6.97915], [72.90021, 6.97976], [72.89991, 6.98003], [72.8992, 6.98001], [72.89876, 6.98077], [72.89793, 6.98297], [72.89868, 6.98333], [72.89774, 6.98545], [72.8975, 6.98576], [72.89711, 6.98581], [72.89681, 6.98604], [72.89514, 6.98653], [72.89275, 6.98702], [72.89225, 6.98719], [72.8899, 6.98738], [72.88903, 6.98736], [72.88822, 6.98751], [72.88822, 6.9876], [72.88777, 6.9876], [72.88777, 6.98751], [72.88705, 6.9876], [72.88696, 6.9877]]]}}, {"type": "Feature", "properties": {"id": "Z01-017", "kind": "island", "lat": 6.99397, "lon": 72.87503, "area_km2": 0.0146, "zone": "Z01"}, "geometry": {"type": "Polygon", "coordinates": [[[72.87477, 6.9944], [72.87368, 6.99474], [72.87353, 6.99453], [72.87385, 6.99443], [72.87385, 6.99434], [72.87403, 6.99423], [72.87488, 6.99385], [72.87622, 6.99304], [72.87649, 6.99328], [72.87477, 6.9944]]]}}, {"type": "Feature", "properties": {"id": "Z01-016", "kind": "island", "lat": 6.9971, "lon": 72.94031, "area_km2": 0.1061, "zone": "Z01"}, "geometry": {"type": "Polygon", "coordinates": [[[72.94085, 6.99884], [72.94001, 6.999], [72.94023, 6.99856], [72.94005, 6.99856], [72.93999, 6.99866], [72.93961, 6.99878], [72.93889, 6.99862], [72.93867, 6.99837], [72.93861, 6.99793], [72.93864, 6.99743], [72.93888, 6.99686], [72.93897, 6.99686], [72.93945, 6.99594], [72.94026, 6.99521], [72.94098, 6.99502], [72.94136, 6.99564], [72.94146, 6.9961], [72.9414, 6.99659], [72.94153, 6.99648], [72.94167, 6.99615], [72.94189, 6.99629], [72.94179, 6.99725], [72.94162, 6.99772], [72.94085, 6.99884]]]}}, {"type": "Feature", "properties": {"id": "Z01-015", "kind": "island", "lat": 7.00225, "lon": 72.86267, "area_km2": 0.1038, "zone": "Z01"}, "geometry": {"type": "Polygon", "coordinates": [[[72.86094, 7.00395], [72.85977, 7.00426], [72.85952, 7.00373], [72.85917, 7.00359], [72.85936, 7.00328], [72.85956, 7.0035], [72.85969, 7.00337], [72.86006, 7.00325], [72.86191, 7.0018], [72.86326, 7.00094], [72.86433, 7.00069], [72.86553, 7.00025], [72.86571, 7.00053], [72.86544, 7.00103], [72.86424, 7.00201], [72.86358, 7.00271], [72.86094, 7.00395]]]}}, {"type": "Feature", "properties": {"id": "Z01-014", "kind": "island", "lat": 7.01078, "lon": 72.93523, "area_km2": 0.0704, "zone": "Z01"}, "geometry": {"type": "Polygon", "coordinates": [[[72.93686, 7.01203], [72.93666, 7.01238], [72.93617, 7.01234], [72.93564, 7.01205], [72.93457, 7.01176], [72.93466, 7.0115], [72.93439, 7.01132], [72.93412, 7.01132], [72.93412, 7.01114], [72.93403, 7.01114], [72.93403, 7.01105], [72.93385, 7.01105], [72.93385, 7.01042], [72.93373, 7.01033], [72.93385, 7.01024], [72.93388, 7.00982], [72.934, 7.00976], [72.93411, 7.00956], [72.93448, 7.00952], [72.93454, 7.00945], [72.93495, 7.00949], [72.93584, 7.00979], [72.93641, 7.01045], [72.93671, 7.01096], [72.93686, 7.01203]]]}}, {"type": "Feature", "properties": {"id": "Z01-013", "kind": "island", "lat": 7.0126, "lon": 72.91926, "area_km2": 0.0065, "zone": "Z01"}, "geometry": {"type": "Polygon", "coordinates": [[[72.91948, 7.01231], [72.91957, 7.01267], [72.91966, 7.01267], [72.91977, 7.01321], [72.91908, 7.01304], [72.91895, 7.01254], [72.91926, 7.01227], [72.91934, 7.01207], [72.91955, 7.012], [72.91948, 7.01231]]]}}, {"type": "Feature", "properties": {"id": "Z01-011", "kind": "island", "lat": 7.02002, "lon": 72.83071, "area_km2": 0.024, "zone": "Z01"}, "geometry": {"type": "Polygon", "coordinates": [[[72.83109, 7.02048], [72.83026, 7.02065], [72.82978, 7.02055], [72.82964, 7.02034], [72.8298, 7.0196], [72.83025, 7.01927], [72.83095, 7.01936], [72.83176, 7.0201], [72.83109, 7.02048]]]}}, {"type": "Feature", "properties": {"id": "Z01-012", "kind": "island", "lat": 7.0146, "lon": 72.99757, "area_km2": 1.0445, "zone": "Z01"}, "geometry": {"type": "Polygon", "coordinates": [[[72.99269, 7.02354], [72.99251, 7.02363], [72.99247, 7.02386], [72.99215, 7.0243], [72.99185, 7.02438], [72.99221, 7.02379], [72.99242, 7.02363], [72.9926, 7.02309], [72.99269, 7.02309], [72.99278, 7.02264], [72.99287, 7.02264], [72.99405, 7.01955], [72.99413, 7.01949], [72.99471, 7.01725], [72.9949, 7.01613], [72.99494, 7.01545], [72.99472, 7.01488], [72.9948, 7.01432], [72.9949, 7.01424], [72.99508, 7.0137], [72.99516, 7.0128], [72.9954, 7.01238], [72.99591, 7.00927], [72.99689, 7.00637], [72.99721, 7.00574], [72.99769, 7.00515], [72.99834, 7.00472], [72.99908, 7.0046], [73.00046, 7.00463], [73.00263, 7.00672], [73.00305, 7.008], [73.00323, 7.01059], [73.00297, 7.01186], [73.00252, 7.01263], [73.00232, 7.01325], [73.00205, 7.01365], [73.00107, 7.01389], [72.99933, 7.0157], [72.99873, 7.01676], [72.99793, 7.01739], [72.99713, 7.01818], [72.997, 7.01855], [72.99682, 7.0186], [72.99627, 7.01911], [72.99582, 7.01964], [72.99511, 7.02076], [72.99332, 7.02273], [72.99314, 7.02309], [72.99296, 7.02318], [72.99296, 7.02327], [72.99287, 7.02327], [72.99287, 7.02336], [72.99278, 7.02336], [72.99269, 7.02354]]]}}, {"type": "Feature", "properties": {"id": "Z01-010", "kind": "island", "lat": 7.02735, "lon": 72.81931, "area_km2": 0.0316, "zone": "Z01"}, "geometry": {"type": "Polygon", "coordinates": [[[72.82052, 7.02712], [72.81995, 7.02784], [72.81907, 7.02824], [72.8187, 7.02834], [72.81791, 7.0279], [72.81793, 7.02759], [72.81906, 7.02681], [72.82031, 7.02677], [72.82052, 7.02712]]]}}, {"type": "Feature", "properties": {"id": "Z01-009", "kind": "island", "lat": 7.039, "lon": 72.98503, "area_km2": 0.0701, "zone": "Z01"}, "geometry": {"type": "Polygon", "coordinates": [[[72.98254, 7.04159], [72.98189, 7.04209], [72.98093, 7.04269], [72.98037, 7.0428], [72.97989, 7.04241], [72.98012, 7.04201], [72.98097, 7.04191], [72.98133, 7.04148], [72.98137, 7.04159], [72.98155, 7.0415], [72.98355, 7.04016], [72.98447, 7.03912], [72.98483, 7.03889], [72.98549, 7.03815], [72.98598, 7.03793], [72.98645, 7.0374], [72.98699, 7.03715], [72.98757, 7.03665], [72.98798, 7.03598], [72.98836, 7.03504], [72.98869, 7.03509], [72.98899, 7.03559], [72.98895, 7.03584], [72.98757, 7.03683], [72.98735, 7.03722], [72.98694, 7.03755], [72.98694, 7.03764], [72.98685, 7.03764], [72.98511, 7.03927], [72.98465, 7.03957], [72.98272, 7.04132], [72.98254, 7.04159]]]}}, {"type": "Feature", "properties": {"id": "Z01-008", "kind": "island", "lat": 7.0447, "lon": 72.97244, "area_km2": 0.0024, "zone": "Z01"}, "geometry": {"type": "Polygon", "coordinates": [[[72.97221, 7.04492], [72.97229, 7.04447], [72.97266, 7.04453], [72.97261, 7.04487], [72.9724, 7.04513], [72.97221, 7.04492]]]}}, {"type": "Feature", "properties": {"id": "Z01-007", "kind": "island", "lat": 7.04721, "lon": 72.97179, "area_km2": 0.0983, "zone": "Z01"}, "geometry": {"type": "Polygon", "coordinates": [[[72.97221, 7.04492], [72.97225, 7.04568], [72.97259, 7.0465], [72.97297, 7.04781], [72.97285, 7.04847], [72.97241, 7.04895], [72.97166, 7.04953], [72.97109, 7.04976], [72.9701, 7.04952], [72.97067, 7.04804], [72.97084, 7.04661], [72.97164, 7.04511], [72.97194, 7.04482], [72.97221, 7.04492]]]}}, {"type": "Feature", "properties": {"id": "Z01-006", "kind": "island", "lat": 7.05449, "lon": 72.95382, "area_km2": 0.1156, "zone": "Z01"}, "geometry": {"type": "Polygon", "coordinates": [[[72.95469, 7.05246], [72.95487, 7.05255], [72.95492, 7.05278], [72.95563, 7.0541], [72.95493, 7.05493], [72.95384, 7.05574], [72.95188, 7.05695], [72.95092, 7.05744], [72.95079, 7.05719], [72.95203, 7.05584], [72.95218, 7.05489], [72.95253, 7.05403], [72.95317, 7.0532], [72.95422, 7.05243], [72.95451, 7.05237], [72.95477, 7.05216], [72.95469, 7.05246]]]}}, {"type": "Feature", "properties": {"id": "Z01-005", "kind": "island", "lat": 7.07302, "lon": 72.81093, "area_km2": 0.0886, "zone": "Z01"}, "geometry": {"type": "Polygon", "coordinates": [[[72.81128, 7.07155], [72.81174, 7.07239], [72.81231, 7.07525], [72.81173, 7.07523], [72.8107, 7.07411], [72.80984, 7.07278], [72.80923, 7.07094], [72.80949, 7.0708], [72.80953, 7.07088], [72.81, 7.07059], [72.81096, 7.07075], [72.81128, 7.07155]]]}}, {"type": "Feature", "properties": {"id": "Z01-004", "kind": "island", "lat": 7.08215, "lon": 72.92816, "area_km2": 0.9213, "zone": "Z01"}, "geometry": {"type": "Polygon", "coordinates": [[[72.9326, 7.07903], [72.93283, 7.07939], [72.93282, 7.07977], [72.93203, 7.08118], [72.93066, 7.08313], [72.92987, 7.08407], [72.92911, 7.08479], [72.92887, 7.0853], [72.92812, 7.08634], [72.92608, 7.08817], [72.92536, 7.08869], [72.92514, 7.08875], [72.92508, 7.08896], [72.92476, 7.08919], [72.92456, 7.08952], [72.92355, 7.0906], [72.9233, 7.09061], [72.92361, 7.08965], [72.92356, 7.08941], [72.92366, 7.08682], [72.92383, 7.08595], [72.92382, 7.08487], [72.92402, 7.08449], [72.92411, 7.08356], [72.92472, 7.08268], [72.92496, 7.08247], [72.925, 7.08196], [72.92514, 7.08175], [72.92604, 7.07896], [72.92604, 7.07878], [72.92613, 7.07878], [72.92616, 7.07845], [72.92649, 7.07761], [72.92688, 7.07525], [72.92708, 7.07459], [72.92767, 7.07421], [72.9286, 7.07403], [72.92984, 7.07447], [72.93047, 7.07515], [72.93059, 7.07588], [72.93104, 7.07609], [72.93152, 7.07694], [72.93179, 7.07828], [72.9326, 7.07903]]]}}, {"type": "Feature", "properties": {"id": "Z01-003", "kind": "island", "lat": 7.09319, "lon": 72.92107, "area_km2": 0.0071, "zone": "Z01"}, "geometry": {"type": "Polygon", "coordinates": [[[72.92177, 7.09275], [72.92164, 7.09299], [72.9206, 7.09372], [72.92033, 7.09362], [72.92156, 7.09249], [72.92182, 7.09244], [72.92177, 7.09275]]]}}, {"type": "Feature", "properties": {"id": "Z01-002", "kind": "island", "lat": 7.09322, "lon": 72.87829, "area_km2": 0.1733, "zone": "Z01"}, "geometry": {"type": "Polygon", "coordinates": [[[72.87999, 7.09121], [72.87977, 7.09136], [72.87982, 7.09159], [72.88022, 7.09211], [72.88, 7.09374], [72.87914, 7.0953], [72.87878, 7.09571], [72.8783, 7.09573], [72.87764, 7.09558], [72.87693, 7.09495], [72.87674, 7.0946], [72.8765, 7.09369], [72.8766, 7.09209], [72.87727, 7.09089], [72.87757, 7.09072], [72.87858, 7.09106], [72.87933, 7.09102], [72.87959, 7.09118], [72.87971, 7.09094], [72.87995, 7.09082], [72.88013, 7.09091], [72.87999, 7.09121]]]}}, {"type": "Feature", "properties": {"id": "Z01-001", "kind": "island", "lat": 7.10399, "lon": 72.89889, "area_km2": 0.2239, "zone": "Z01"}, "geometry": {"type": "Polygon", "coordinates": [[[72.90053, 7.10599], [72.89966, 7.10588], [72.89854, 7.1055], [72.89802, 7.1052], [72.89643, 7.10461], [72.89594, 7.10492], [72.89576, 7.10514], [72.89523, 7.10483], [72.89502, 7.10425], [72.89536, 7.10384], [72.89606, 7.10355], [72.89654, 7.1035], [72.89675, 7.10358], [72.89789, 7.1031], [72.89896, 7.10219], [72.89954, 7.10214], [72.89976, 7.102], [72.9002, 7.10206], [72.9006, 7.10244], [72.9011, 7.10258], [72.90097, 7.10268], [72.90103, 7.10281], [72.90091, 7.10313], [72.90103, 7.10344], [72.90169, 7.10382], [72.90235, 7.10367], [72.90307, 7.1049], [72.90317, 7.10527], [72.90304, 7.10537], [72.90306, 7.10574], [72.90191, 7.10598], [72.90124, 7.1059], [72.90053, 7.10599]]]}}, {"type": "Feature", "properties": {"id": "Z31-001", "kind": "island", "lat": -0.29484, "lon": 73.42407, "area_km2": 4.9572, "zone": "Z31"}, "geometry": {"type": "Polygon", "coordinates": [[[73.41141, -0.28919], [73.41225, -0.29099], [73.41354, -0.2922], [73.41487, -0.29326], [73.41721, -0.29437], [73.41879, -0.29546], [73.42195, -0.29874], [73.42356, -0.30121], [73.42402, -0.30207], [73.42418, -0.30286], [73.42437, -0.30336], [73.42582, -0.30595], [73.42725, -0.30824], [73.4285, -0.30976], [73.43017, -0.31083], [73.43166, -0.3114], [73.43366, -0.31197], [73.43503, -0.31213], [73.43658, -0.31204], [73.4383, -0.31158], [73.43923, -0.31106], [73.43994, -0.31013], [73.44045, -0.3093], [73.44049, -0.30835], [73.44042, -0.30729], [73.44048, -0.30704], [73.44057, -0.30694], [73.44094, -0.30685], [73.4409, -0.30668], [73.44024, -0.30657], [73.43559, -0.30094], [73.43251, -0.29695], [73.42891, -0.29362], [73.42677, -0.29121], [73.42394, -0.28768], [73.42161, -0.28406], [73.42085, -0.28234], [73.42013, -0.28038], [73.41975, -0.27853], [73.41928, -0.27794], [73.41874, -0.27746], [73.41769, -0.27703], [73.41694, -0.27723], [73.41567, -0.27817], [73.41478, -0.27897], [73.41404, -0.2798], [73.41231, -0.28111], [73.41081, -0.28265], [73.41042, -0.28344], [73.41015, -0.28434], [73.41015, -0.28544], [73.41034, -0.2876], [73.41067, -0.28852], [73.41141, -0.28919]]]}}]}